family,n,d,classes,merges,algorithm,trial,parlay_threads,dnc_cutoff,wallclock_ms
cube,5,2,508,5,nelson_simple,0,1,16,0.0356
cube,5,2,508,5,nelson_simple,1,1,16,0.0326
cube,5,2,508,5,nelson_simple,2,1,16,0.0325
cube,5,2,508,5,nelson_simple,3,1,16,0.0324
cube,5,2,508,5,nelson_simple,4,1,16,0.0325
cube,5,2,508,5,par_close,0,1,16,0.2921
cube,5,2,508,5,par_close,1,1,16,0.2889
cube,5,2,508,5,par_close,2,1,16,0.2801
cube,5,2,508,5,par_close,3,1,16,0.2762
cube,5,2,508,5,par_close,4,1,16,0.2752
cube,5,2,508,5,par_async,0,1,16,0.0900
cube,5,2,508,5,par_async,1,1,16,0.0822
cube,5,2,508,5,par_async,2,1,16,0.0808
cube,5,2,508,5,par_async,3,1,16,0.0791
cube,5,2,508,5,par_async,4,1,16,0.0812
cube,5,2,508,5,par_close,0,2,16,0.3682
cube,5,2,508,5,par_close,1,2,16,0.2977
cube,5,2,508,5,par_close,2,2,16,0.4332
cube,5,2,508,5,par_close,3,2,16,0.2926
cube,5,2,508,5,par_close,4,2,16,0.3634
cube,5,2,508,5,par_async,0,2,16,0.0861
cube,5,2,508,5,par_async,1,2,16,0.0855
cube,5,2,508,5,par_async,2,2,16,0.0846
cube,5,2,508,5,par_async,3,2,16,0.0842
cube,5,2,508,5,par_async,4,2,16,0.0850
cube,5,2,508,5,par_close,0,4,16,0.4328
cube,5,2,508,5,par_close,1,4,16,0.3000
cube,5,2,508,5,par_close,2,4,16,0.3213
cube,5,2,508,5,par_close,3,4,16,0.3605
cube,5,2,508,5,par_close,4,4,16,0.2942
cube,5,2,508,5,par_async,0,4,16,0.0892
cube,5,2,508,5,par_async,1,4,16,0.0869
cube,5,2,508,5,par_async,2,4,16,0.0868
cube,5,2,508,5,par_async,3,4,16,0.0859
cube,5,2,508,5,par_async,4,4,16,0.0858
cube,5,2,508,5,par_close,0,8,16,0.3262
cube,5,2,508,5,par_close,1,8,16,0.3063
cube,5,2,508,5,par_close,2,8,16,0.3834
cube,5,2,508,5,par_close,3,8,16,0.2960
cube,5,2,508,5,par_close,4,8,16,0.3120
cube,5,2,508,5,par_async,0,8,16,0.0833
cube,5,2,508,5,par_async,1,8,16,0.0848
cube,5,2,508,5,par_async,2,8,16,0.0827
cube,5,2,508,5,par_async,3,8,16,0.0826
cube,5,2,508,5,par_async,4,8,16,0.0812
cube,5,2,508,5,par_close,0,16,16,0.3916
cube,5,2,508,5,par_close,1,16,16,0.3196
cube,5,2,508,5,par_close,2,16,16,0.4377
cube,5,2,508,5,par_close,3,16,16,0.3016
cube,5,2,508,5,par_close,4,16,16,0.3090
cube,5,2,508,5,par_async,0,16,16,0.0905
cube,5,2,508,5,par_async,1,16,16,0.0888
cube,5,2,508,5,par_async,2,16,16,0.0863
cube,5,2,508,5,par_async,3,16,16,0.0888
cube,5,2,508,5,par_async,4,16,16,0.0871
cube,5,2,508,5,par_close,0,32,16,0.5710
cube,5,2,508,5,par_close,1,32,16,0.7359
cube,5,2,508,5,par_close,2,32,16,0.4024
cube,5,2,508,5,par_close,3,32,16,0.3169
cube,5,2,508,5,par_close,4,32,16,0.3088
cube,5,2,508,5,par_async,0,32,16,0.0857
cube,5,2,508,5,par_async,1,32,16,0.0834
cube,5,2,508,5,par_async,2,32,16,0.0824
cube,5,2,508,5,par_async,3,32,16,0.0831
cube,5,2,508,5,par_async,4,32,16,0.0796
cube,5,2,508,5,par_close,0,64,16,0.6276
cube,5,2,508,5,par_close,1,64,16,0.4908
cube,5,2,508,5,par_close,2,64,16,0.3593
cube,5,2,508,5,par_close,3,64,16,0.3720
cube,5,2,508,5,par_close,4,64,16,0.3709
cube,5,2,508,5,par_async,0,64,16,0.1049
cube,5,2,508,5,par_async,1,64,16,0.1036
cube,5,2,508,5,par_async,2,64,16,0.1024
cube,5,2,508,5,par_async,3,64,16,0.1015
cube,5,2,508,5,par_async,4,64,16,0.1019
cube,5,2,508,5,par_close,0,96,16,0.9442
cube,5,2,508,5,par_close,1,96,16,0.8022
cube,5,2,508,5,par_close,2,96,16,0.4872
cube,5,2,508,5,par_close,3,96,16,0.3700
cube,5,2,508,5,par_close,4,96,16,0.3664
cube,5,2,508,5,par_async,0,96,16,0.1172
cube,5,2,508,5,par_async,1,96,16,0.1022
cube,5,2,508,5,par_async,2,96,16,0.0920
cube,5,2,508,5,par_async,3,96,16,0.1101
cube,5,2,508,5,par_async,4,96,16,0.1056
cube,5,2,508,5,par_close,0,128,16,1.5479
cube,5,2,508,5,par_close,1,128,16,0.8130
cube,5,2,508,5,par_close,2,128,16,0.8750
cube,5,2,508,5,par_close,3,128,16,0.5767
cube,5,2,508,5,par_close,4,128,16,0.5643
cube,5,2,508,5,par_async,0,128,16,0.1175
cube,5,2,508,5,par_async,1,128,16,0.1055
cube,5,2,508,5,par_async,2,128,16,0.0989
cube,5,2,508,5,par_async,3,128,16,0.1165
cube,5,2,508,5,par_async,4,128,16,0.1027
cube,5,2,508,5,par_close,0,192,16,1.6071
cube,5,2,508,5,par_close,1,192,16,1.3327
cube,5,2,508,5,par_close,2,192,16,0.8197
cube,5,2,508,5,par_close,3,192,16,0.7736
cube,5,2,508,5,par_close,4,192,16,0.6438
cube,5,2,508,5,par_async,0,192,16,0.0998
cube,5,2,508,5,par_async,1,192,16,0.1236
cube,5,2,508,5,par_async,2,192,16,0.1073
cube,5,2,508,5,par_async,3,192,16,0.1114
cube,5,2,508,5,par_async,4,192,16,0.1080
cube,30,2,108058,30,nelson_simple,0,1,16,16.9278
cube,30,2,108058,30,nelson_simple,1,1,16,16.3750
cube,30,2,108058,30,nelson_simple,2,1,16,17.6911
cube,30,2,108058,30,nelson_simple,3,1,16,16.9928
cube,30,2,108058,30,nelson_simple,4,1,16,16.4951
cube,30,2,108058,30,par_close,0,1,16,68.9783
cube,30,2,108058,30,par_close,1,1,16,70.2628
cube,30,2,108058,30,par_close,2,1,16,70.6665
cube,30,2,108058,30,par_close,3,1,16,71.3797
cube,30,2,108058,30,par_close,4,1,16,71.9586
cube,30,2,108058,30,par_async,0,1,16,25.4674
cube,30,2,108058,30,par_async,1,1,16,25.5340
cube,30,2,108058,30,par_async,2,1,16,25.5427
cube,30,2,108058,30,par_async,3,1,16,25.5429
cube,30,2,108058,30,par_async,4,1,16,25.4905
cube,30,2,108058,30,par_close,0,2,16,55.1852
cube,30,2,108058,30,par_close,1,2,16,53.9719
cube,30,2,108058,30,par_close,2,2,16,55.8585
cube,30,2,108058,30,par_close,3,2,16,56.2379
cube,30,2,108058,30,par_close,4,2,16,56.3932
cube,30,2,108058,30,par_async,0,2,16,17.7553
cube,30,2,108058,30,par_async,1,2,16,17.8355
cube,30,2,108058,30,par_async,2,2,16,18.1280
cube,30,2,108058,30,par_async,3,2,16,17.9051
cube,30,2,108058,30,par_async,4,2,16,18.3086
cube,30,2,108058,30,par_close,0,4,16,37.3503
cube,30,2,108058,30,par_close,1,4,16,38.2234
cube,30,2,108058,30,par_close,2,4,16,38.2982
cube,30,2,108058,30,par_close,3,4,16,38.0927
cube,30,2,108058,30,par_close,4,4,16,37.7030
cube,30,2,108058,30,par_async,0,4,16,14.0659
cube,30,2,108058,30,par_async,1,4,16,13.9732
cube,30,2,108058,30,par_async,2,4,16,14.5181
cube,30,2,108058,30,par_async,3,4,16,14.0208
cube,30,2,108058,30,par_async,4,4,16,13.9597
cube,30,2,108058,30,par_close,0,8,16,23.9189
cube,30,2,108058,30,par_close,1,8,16,24.8741
cube,30,2,108058,30,par_close,2,8,16,24.8602
cube,30,2,108058,30,par_close,3,8,16,24.8300
cube,30,2,108058,30,par_close,4,8,16,24.3018
cube,30,2,108058,30,par_async,0,8,16,10.7034
cube,30,2,108058,30,par_async,1,8,16,10.4275
cube,30,2,108058,30,par_async,2,8,16,10.5813
cube,30,2,108058,30,par_async,3,8,16,10.6321
cube,30,2,108058,30,par_async,4,8,16,10.5573
cube,30,2,108058,30,par_close,0,16,16,15.4804
cube,30,2,108058,30,par_close,1,16,16,15.8091
cube,30,2,108058,30,par_close,2,16,16,15.9662
cube,30,2,108058,30,par_close,3,16,16,15.5775
cube,30,2,108058,30,par_close,4,16,16,15.3878
cube,30,2,108058,30,par_async,0,16,16,7.6911
cube,30,2,108058,30,par_async,1,16,16,7.5224
cube,30,2,108058,30,par_async,2,16,16,7.4589
cube,30,2,108058,30,par_async,3,16,16,7.4708
cube,30,2,108058,30,par_async,4,16,16,7.5567
cube,30,2,108058,30,par_close,0,32,16,11.4103
cube,30,2,108058,30,par_close,1,32,16,10.9774
cube,30,2,108058,30,par_close,2,32,16,11.0247
cube,30,2,108058,30,par_close,3,32,16,11.1086
cube,30,2,108058,30,par_close,4,32,16,11.0276
cube,30,2,108058,30,par_async,0,32,16,6.1200
cube,30,2,108058,30,par_async,1,32,16,6.1178
cube,30,2,108058,30,par_async,2,32,16,6.1542
cube,30,2,108058,30,par_async,3,32,16,6.1340
cube,30,2,108058,30,par_async,4,32,16,6.1529
cube,30,2,108058,30,par_close,0,64,16,11.1349
cube,30,2,108058,30,par_close,1,64,16,10.5158
cube,30,2,108058,30,par_close,2,64,16,10.4938
cube,30,2,108058,30,par_close,3,64,16,10.0068
cube,30,2,108058,30,par_close,4,64,16,10.0702
cube,30,2,108058,30,par_async,0,64,16,5.9927
cube,30,2,108058,30,par_async,1,64,16,5.9500
cube,30,2,108058,30,par_async,2,64,16,6.0485
cube,30,2,108058,30,par_async,3,64,16,6.0707
cube,30,2,108058,30,par_async,4,64,16,6.0111
cube,30,2,108058,30,par_close,0,96,16,11.2254
cube,30,2,108058,30,par_close,1,96,16,10.9579
cube,30,2,108058,30,par_close,2,96,16,10.7231
cube,30,2,108058,30,par_close,3,96,16,10.4157
cube,30,2,108058,30,par_close,4,96,16,10.3965
cube,30,2,108058,30,par_async,0,96,16,6.2088
cube,30,2,108058,30,par_async,1,96,16,6.1933
cube,30,2,108058,30,par_async,2,96,16,6.2030
cube,30,2,108058,30,par_async,3,96,16,6.1352
cube,30,2,108058,30,par_async,4,96,16,6.2371
cube,30,2,108058,30,par_close,0,128,16,11.8424
cube,30,2,108058,30,par_close,1,128,16,11.3389
cube,30,2,108058,30,par_close,2,128,16,11.1848
cube,30,2,108058,30,par_close,3,128,16,10.7063
cube,30,2,108058,30,par_close,4,128,16,10.7550
cube,30,2,108058,30,par_async,0,128,16,6.4653
cube,30,2,108058,30,par_async,1,128,16,6.4162
cube,30,2,108058,30,par_async,2,128,16,6.3156
cube,30,2,108058,30,par_async,3,128,16,6.3777
cube,30,2,108058,30,par_async,4,128,16,6.2727
cube,30,2,108058,30,par_close,0,192,16,12.2705
cube,30,2,108058,30,par_close,1,192,16,12.0348
cube,30,2,108058,30,par_close,2,192,16,11.5552
cube,30,2,108058,30,par_close,3,192,16,11.3824
cube,30,2,108058,30,par_close,4,192,16,11.0145
cube,30,2,108058,30,par_async,0,192,16,6.8438
cube,30,2,108058,30,par_async,1,192,16,6.9208
cube,30,2,108058,30,par_async,2,192,16,6.9070
cube,30,2,108058,30,par_async,3,192,16,6.7640
cube,30,2,108058,30,par_async,4,192,16,6.8762
cube,55,2,665608,55,nelson_simple,0,1,16,127.2140
cube,55,2,665608,55,nelson_simple,1,1,16,129.8183
cube,55,2,665608,55,nelson_simple,2,1,16,129.4930
cube,55,2,665608,55,nelson_simple,3,1,16,128.6713
cube,55,2,665608,55,nelson_simple,4,1,16,130.0483
cube,55,2,665608,55,par_close,0,1,16,451.1893
cube,55,2,665608,55,par_close,1,1,16,451.4479
cube,55,2,665608,55,par_close,2,1,16,450.7667
cube,55,2,665608,55,par_close,3,1,16,448.4107
cube,55,2,665608,55,par_close,4,1,16,452.0396
cube,55,2,665608,55,par_async,0,1,16,180.4003
cube,55,2,665608,55,par_async,1,1,16,180.1006
cube,55,2,665608,55,par_async,2,1,16,179.5916
cube,55,2,665608,55,par_async,3,1,16,180.0433
cube,55,2,665608,55,par_async,4,1,16,180.4245
cube,55,2,665608,55,par_close,0,2,16,271.6829
cube,55,2,665608,55,par_close,1,2,16,271.0066
cube,55,2,665608,55,par_close,2,2,16,269.7695
cube,55,2,665608,55,par_close,3,2,16,272.0538
cube,55,2,665608,55,par_close,4,2,16,269.7804
cube,55,2,665608,55,par_async,0,2,16,101.3223
cube,55,2,665608,55,par_async,1,2,16,101.8113
cube,55,2,665608,55,par_async,2,2,16,100.0124
cube,55,2,665608,55,par_async,3,2,16,100.7971
cube,55,2,665608,55,par_async,4,2,16,101.0084
cube,55,2,665608,55,par_close,0,4,16,166.1200
cube,55,2,665608,55,par_close,1,4,16,164.9864
cube,55,2,665608,55,par_close,2,4,16,163.9337
cube,55,2,665608,55,par_close,3,4,16,163.8953
cube,55,2,665608,55,par_close,4,4,16,161.8383
cube,55,2,665608,55,par_async,0,4,16,60.6076
cube,55,2,665608,55,par_async,1,4,16,59.8539
cube,55,2,665608,55,par_async,2,4,16,58.9690
cube,55,2,665608,55,par_async,3,4,16,60.4636
cube,55,2,665608,55,par_async,4,4,16,60.9371
cube,55,2,665608,55,par_close,0,8,16,96.9447
cube,55,2,665608,55,par_close,1,8,16,95.3990
cube,55,2,665608,55,par_close,2,8,16,95.4605
cube,55,2,665608,55,par_close,3,8,16,95.3114
cube,55,2,665608,55,par_close,4,8,16,96.0277
cube,55,2,665608,55,par_async,0,8,16,37.6980
cube,55,2,665608,55,par_async,1,8,16,37.0295
cube,55,2,665608,55,par_async,2,8,16,37.2086
cube,55,2,665608,55,par_async,3,8,16,37.4822
cube,55,2,665608,55,par_async,4,8,16,37.5545
cube,55,2,665608,55,par_close,0,16,16,55.5775
cube,55,2,665608,55,par_close,1,16,16,55.8239
cube,55,2,665608,55,par_close,2,16,16,55.9908
cube,55,2,665608,55,par_close,3,16,16,54.7816
cube,55,2,665608,55,par_close,4,16,16,54.9757
cube,55,2,665608,55,par_async,0,16,16,22.1296
cube,55,2,665608,55,par_async,1,16,16,22.2876
cube,55,2,665608,55,par_async,2,16,16,22.0998
cube,55,2,665608,55,par_async,3,16,16,21.9272
cube,55,2,665608,55,par_async,4,16,16,22.0236
cube,55,2,665608,55,par_close,0,32,16,36.8239
cube,55,2,665608,55,par_close,1,32,16,36.5312
cube,55,2,665608,55,par_close,2,32,16,35.9546
cube,55,2,665608,55,par_close,3,32,16,35.5030
cube,55,2,665608,55,par_close,4,32,16,35.2486
cube,55,2,665608,55,par_async,0,32,16,15.9062
cube,55,2,665608,55,par_async,1,32,16,15.8210
cube,55,2,665608,55,par_async,2,32,16,15.4819
cube,55,2,665608,55,par_async,3,32,16,15.1962
cube,55,2,665608,55,par_async,4,32,16,15.1890
cube,55,2,665608,55,par_close,0,64,16,29.3563
cube,55,2,665608,55,par_close,1,64,16,29.0613
cube,55,2,665608,55,par_close,2,64,16,28.1468
cube,55,2,665608,55,par_close,3,64,16,28.1722
cube,55,2,665608,55,par_close,4,64,16,28.6791
cube,55,2,665608,55,par_async,0,64,16,13.6944
cube,55,2,665608,55,par_async,1,64,16,13.5723
cube,55,2,665608,55,par_async,2,64,16,13.7302
cube,55,2,665608,55,par_async,3,64,16,13.6081
cube,55,2,665608,55,par_async,4,64,16,13.6035
cube,55,2,665608,55,par_close,0,96,16,25.2480
cube,55,2,665608,55,par_close,1,96,16,24.9183
cube,55,2,665608,55,par_close,2,96,16,25.1306
cube,55,2,665608,55,par_close,3,96,16,24.9376
cube,55,2,665608,55,par_close,4,96,16,25.4686
cube,55,2,665608,55,par_async,0,96,16,12.7605
cube,55,2,665608,55,par_async,1,96,16,12.5396
cube,55,2,665608,55,par_async,2,96,16,12.8266
cube,55,2,665608,55,par_async,3,96,16,12.6105
cube,55,2,665608,55,par_async,4,96,16,12.8011
cube,55,2,665608,55,par_close,0,128,16,26.5401
cube,55,2,665608,55,par_close,1,128,16,25.4699
cube,55,2,665608,55,par_close,2,128,16,25.9595
cube,55,2,665608,55,par_close,3,128,16,26.1987
cube,55,2,665608,55,par_close,4,128,16,25.4178
cube,55,2,665608,55,par_async,0,128,16,12.6915
cube,55,2,665608,55,par_async,1,128,16,12.3791
cube,55,2,665608,55,par_async,2,128,16,12.2945
cube,55,2,665608,55,par_async,3,128,16,12.7837
cube,55,2,665608,55,par_async,4,128,16,12.6122
cube,55,2,665608,55,par_close,0,192,16,26.1111
cube,55,2,665608,55,par_close,1,192,16,24.3410
cube,55,2,665608,55,par_close,2,192,16,24.3688
cube,55,2,665608,55,par_close,3,192,16,24.9231
cube,55,2,665608,55,par_close,4,192,16,24.6565
cube,55,2,665608,55,par_async,0,192,16,12.6050
cube,55,2,665608,55,par_async,1,192,16,12.6052
cube,55,2,665608,55,par_async,2,192,16,12.7189
cube,55,2,665608,55,par_async,3,192,16,12.6992
cube,55,2,665608,55,par_async,4,192,16,12.7429
cube,80,2,2048158,80,nelson_simple,0,1,16,428.9685
cube,80,2,2048158,80,nelson_simple,1,1,16,433.6052
cube,80,2,2048158,80,nelson_simple,2,1,16,428.4859
cube,80,2,2048158,80,nelson_simple,3,1,16,426.7894
cube,80,2,2048158,80,nelson_simple,4,1,16,429.7874
cube,80,2,2048158,80,par_close,0,1,16,1342.9166
cube,80,2,2048158,80,par_close,1,1,16,1337.4326
cube,80,2,2048158,80,par_close,2,1,16,1337.7519
cube,80,2,2048158,80,par_close,3,1,16,1333.9865
cube,80,2,2048158,80,par_close,4,1,16,1342.5657
cube,80,2,2048158,80,par_async,0,1,16,527.0188
cube,80,2,2048158,80,par_async,1,1,16,526.7585
cube,80,2,2048158,80,par_async,2,1,16,526.3986
cube,80,2,2048158,80,par_async,3,1,16,526.7978
cube,80,2,2048158,80,par_async,4,1,16,525.6520
cube,80,2,2048158,80,par_close,0,2,16,747.7524
cube,80,2,2048158,80,par_close,1,2,16,742.6464
cube,80,2,2048158,80,par_close,2,2,16,739.2419
cube,80,2,2048158,80,par_close,3,2,16,738.8352
cube,80,2,2048158,80,par_close,4,2,16,737.8631
cube,80,2,2048158,80,par_async,0,2,16,289.9184
cube,80,2,2048158,80,par_async,1,2,16,288.8389
cube,80,2,2048158,80,par_async,2,2,16,289.3218
cube,80,2,2048158,80,par_async,3,2,16,289.0330
cube,80,2,2048158,80,par_async,4,2,16,288.9245
cube,80,2,2048158,80,par_close,0,4,16,418.7270
cube,80,2,2048158,80,par_close,1,4,16,413.9867
cube,80,2,2048158,80,par_close,2,4,16,408.3333
cube,80,2,2048158,80,par_close,3,4,16,409.8690
cube,80,2,2048158,80,par_close,4,4,16,410.3215
cube,80,2,2048158,80,par_async,0,4,16,159.7158
cube,80,2,2048158,80,par_async,1,4,16,158.1704
cube,80,2,2048158,80,par_async,2,4,16,159.1652
cube,80,2,2048158,80,par_async,3,4,16,159.0983
cube,80,2,2048158,80,par_async,4,4,16,159.3152
cube,80,2,2048158,80,par_close,0,8,16,232.4773
cube,80,2,2048158,80,par_close,1,8,16,228.0014
cube,80,2,2048158,80,par_close,2,8,16,227.6544
cube,80,2,2048158,80,par_close,3,8,16,230.2014
cube,80,2,2048158,80,par_close,4,8,16,230.6058
cube,80,2,2048158,80,par_async,0,8,16,90.1400
cube,80,2,2048158,80,par_async,1,8,16,90.3048
cube,80,2,2048158,80,par_async,2,8,16,88.9228
cube,80,2,2048158,80,par_async,3,8,16,89.4546
cube,80,2,2048158,80,par_async,4,8,16,89.8058
cube,80,2,2048158,80,par_close,0,16,16,141.5623
cube,80,2,2048158,80,par_close,1,16,16,138.3294
cube,80,2,2048158,80,par_close,2,16,16,136.9661
cube,80,2,2048158,80,par_close,3,16,16,139.0608
cube,80,2,2048158,80,par_close,4,16,16,136.4570
cube,80,2,2048158,80,par_async,0,16,16,52.8050
cube,80,2,2048158,80,par_async,1,16,16,52.7084
cube,80,2,2048158,80,par_async,2,16,16,52.8820
cube,80,2,2048158,80,par_async,3,16,16,52.6219
cube,80,2,2048158,80,par_async,4,16,16,52.3740
cube,80,2,2048158,80,par_close,0,32,16,83.9541
cube,80,2,2048158,80,par_close,1,32,16,86.0985
cube,80,2,2048158,80,par_close,2,32,16,83.5657
cube,80,2,2048158,80,par_close,3,32,16,85.9172
cube,80,2,2048158,80,par_close,4,32,16,85.0401
cube,80,2,2048158,80,par_async,0,32,16,32.5064
cube,80,2,2048158,80,par_async,1,32,16,32.0144
cube,80,2,2048158,80,par_async,2,32,16,32.9972
cube,80,2,2048158,80,par_async,3,32,16,32.2780
cube,80,2,2048158,80,par_async,4,32,16,32.2088
cube,80,2,2048158,80,par_close,0,64,16,62.7935
cube,80,2,2048158,80,par_close,1,64,16,63.2822
cube,80,2,2048158,80,par_close,2,64,16,67.0484
cube,80,2,2048158,80,par_close,3,64,16,67.7138
cube,80,2,2048158,80,par_close,4,64,16,64.7420
cube,80,2,2048158,80,par_async,0,64,16,28.5569
cube,80,2,2048158,80,par_async,1,64,16,28.2182
cube,80,2,2048158,80,par_async,2,64,16,28.5505
cube,80,2,2048158,80,par_async,3,64,16,28.2425
cube,80,2,2048158,80,par_async,4,64,16,28.3891
cube,80,2,2048158,80,par_close,0,96,16,53.2712
cube,80,2,2048158,80,par_close,1,96,16,55.0209
cube,80,2,2048158,80,par_close,2,96,16,56.0085
cube,80,2,2048158,80,par_close,3,96,16,57.2027
cube,80,2,2048158,80,par_close,4,96,16,58.8213
cube,80,2,2048158,80,par_async,0,96,16,24.3720
cube,80,2,2048158,80,par_async,1,96,16,24.4027
cube,80,2,2048158,80,par_async,2,96,16,24.5849
cube,80,2,2048158,80,par_async,3,96,16,24.6428
cube,80,2,2048158,80,par_async,4,96,16,24.2955
cube,80,2,2048158,80,par_close,0,128,16,51.9607
cube,80,2,2048158,80,par_close,1,128,16,51.5082
cube,80,2,2048158,80,par_close,2,128,16,52.3962
cube,80,2,2048158,80,par_close,3,128,16,52.4647
cube,80,2,2048158,80,par_close,4,128,16,53.2671
cube,80,2,2048158,80,par_async,0,128,16,22.0726
cube,80,2,2048158,80,par_async,1,128,16,22.4064
cube,80,2,2048158,80,par_async,2,128,16,22.7707
cube,80,2,2048158,80,par_async,3,128,16,22.7011
cube,80,2,2048158,80,par_async,4,128,16,22.5108
cube,80,2,2048158,80,par_close,0,192,16,47.2306
cube,80,2,2048158,80,par_close,1,192,16,48.6265
cube,80,2,2048158,80,par_close,2,192,16,47.3619
cube,80,2,2048158,80,par_close,3,192,16,48.5890
cube,80,2,2048158,80,par_close,4,192,16,49.1896
cube,80,2,2048158,80,par_async,0,192,16,22.4485
cube,80,2,2048158,80,par_async,1,192,16,22.5638
cube,80,2,2048158,80,par_async,2,192,16,23.5380
cube,80,2,2048158,80,par_async,3,192,16,22.5217
cube,80,2,2048158,80,par_async,4,192,16,22.4796
cube,105,2,4630708,105,nelson_simple,0,1,16,1069.6300
cube,105,2,4630708,105,nelson_simple,1,1,16,1054.1230
cube,105,2,4630708,105,nelson_simple,2,1,16,1039.6146
cube,105,2,4630708,105,nelson_simple,3,1,16,1036.4866
cube,105,2,4630708,105,nelson_simple,4,1,16,1034.4659
cube,105,2,4630708,105,par_close,0,1,16,3248.9930
cube,105,2,4630708,105,par_close,1,1,16,3250.2313
cube,105,2,4630708,105,par_close,2,1,16,3269.7947
cube,105,2,4630708,105,par_close,3,1,16,3259.9604
cube,105,2,4630708,105,par_close,4,1,16,3262.9753
cube,105,2,4630708,105,par_async,0,1,16,1564.5263
cube,105,2,4630708,105,par_async,1,1,16,1559.0830
cube,105,2,4630708,105,par_async,2,1,16,1555.9514
cube,105,2,4630708,105,par_async,3,1,16,1559.1822
cube,105,2,4630708,105,par_async,4,1,16,1557.0754
cube,105,2,4630708,105,par_close,0,2,16,1792.3431
cube,105,2,4630708,105,par_close,1,2,16,1784.8202
cube,105,2,4630708,105,par_close,2,2,16,1786.6313
cube,105,2,4630708,105,par_close,3,2,16,1788.0217
cube,105,2,4630708,105,par_close,4,2,16,1788.1228
cube,105,2,4630708,105,par_async,0,2,16,841.0607
cube,105,2,4630708,105,par_async,1,2,16,839.4459
cube,105,2,4630708,105,par_async,2,2,16,840.6405
cube,105,2,4630708,105,par_async,3,2,16,841.3356
cube,105,2,4630708,105,par_async,4,2,16,839.8341
cube,105,2,4630708,105,par_close,0,4,16,977.4553
cube,105,2,4630708,105,par_close,1,4,16,985.0499
cube,105,2,4630708,105,par_close,2,4,16,1027.6702
cube,105,2,4630708,105,par_close,3,4,16,1023.0099
cube,105,2,4630708,105,par_close,4,4,16,973.0561
cube,105,2,4630708,105,par_async,0,4,16,444.3062
cube,105,2,4630708,105,par_async,1,4,16,445.5257
cube,105,2,4630708,105,par_async,2,4,16,447.6597
cube,105,2,4630708,105,par_async,3,4,16,446.6950
cube,105,2,4630708,105,par_async,4,4,16,445.4833
cube,105,2,4630708,105,par_close,0,8,16,532.1239
cube,105,2,4630708,105,par_close,1,8,16,523.0611
cube,105,2,4630708,105,par_close,2,8,16,521.8992
cube,105,2,4630708,105,par_close,3,8,16,519.3426
cube,105,2,4630708,105,par_close,4,8,16,521.3006
cube,105,2,4630708,105,par_async,0,8,16,242.9328
cube,105,2,4630708,105,par_async,1,8,16,244.4310
cube,105,2,4630708,105,par_async,2,8,16,242.8208
cube,105,2,4630708,105,par_async,3,8,16,244.9218
cube,105,2,4630708,105,par_async,4,8,16,242.5326
cube,105,2,4630708,105,par_close,0,16,16,306.0848
cube,105,2,4630708,105,par_close,1,16,16,300.8154
cube,105,2,4630708,105,par_close,2,16,16,297.8472
cube,105,2,4630708,105,par_close,3,16,16,298.6048
cube,105,2,4630708,105,par_close,4,16,16,296.5307
cube,105,2,4630708,105,par_async,0,16,16,131.9896
cube,105,2,4630708,105,par_async,1,16,16,132.3709
cube,105,2,4630708,105,par_async,2,16,16,133.0342
cube,105,2,4630708,105,par_async,3,16,16,131.9927
cube,105,2,4630708,105,par_async,4,16,16,132.3270
cube,105,2,4630708,105,par_close,0,32,16,189.5562
cube,105,2,4630708,105,par_close,1,32,16,186.8689
cube,105,2,4630708,105,par_close,2,32,16,188.1488
cube,105,2,4630708,105,par_close,3,32,16,189.2955
cube,105,2,4630708,105,par_close,4,32,16,186.3691
cube,105,2,4630708,105,par_async,0,32,16,77.0528
cube,105,2,4630708,105,par_async,1,32,16,75.7116
cube,105,2,4630708,105,par_async,2,32,16,76.1089
cube,105,2,4630708,105,par_async,3,32,16,76.3698
cube,105,2,4630708,105,par_async,4,32,16,76.2060
cube,105,2,4630708,105,par_close,0,64,16,137.9416
cube,105,2,4630708,105,par_close,1,64,16,136.1281
cube,105,2,4630708,105,par_close,2,64,16,137.0395
cube,105,2,4630708,105,par_close,3,64,16,135.0865
cube,105,2,4630708,105,par_close,4,64,16,135.7264
cube,105,2,4630708,105,par_async,0,64,16,56.7936
cube,105,2,4630708,105,par_async,1,64,16,57.2897
cube,105,2,4630708,105,par_async,2,64,16,56.8141
cube,105,2,4630708,105,par_async,3,64,16,56.6615
cube,105,2,4630708,105,par_async,4,64,16,56.6721
cube,105,2,4630708,105,par_close,0,96,16,116.9472
cube,105,2,4630708,105,par_close,1,96,16,111.8212
cube,105,2,4630708,105,par_close,2,96,16,109.3281
cube,105,2,4630708,105,par_close,3,96,16,112.7269
cube,105,2,4630708,105,par_close,4,96,16,111.5320
cube,105,2,4630708,105,par_async,0,96,16,45.0934
cube,105,2,4630708,105,par_async,1,96,16,44.7206
cube,105,2,4630708,105,par_async,2,96,16,44.2318
cube,105,2,4630708,105,par_async,3,96,16,44.5211
cube,105,2,4630708,105,par_async,4,96,16,44.6740
cube,105,2,4630708,105,par_close,0,128,16,98.6554
cube,105,2,4630708,105,par_close,1,128,16,97.8085
cube,105,2,4630708,105,par_close,2,128,16,99.2540
cube,105,2,4630708,105,par_close,3,128,16,100.4718
cube,105,2,4630708,105,par_close,4,128,16,100.0069
cube,105,2,4630708,105,par_async,0,128,16,42.5040
cube,105,2,4630708,105,par_async,1,128,16,41.8441
cube,105,2,4630708,105,par_async,2,128,16,41.8554
cube,105,2,4630708,105,par_async,3,128,16,41.1652
cube,105,2,4630708,105,par_async,4,128,16,41.9908
cube,105,2,4630708,105,par_close,0,192,16,92.9158
cube,105,2,4630708,105,par_close,1,192,16,98.1325
cube,105,2,4630708,105,par_close,2,192,16,94.7974
cube,105,2,4630708,105,par_close,3,192,16,92.7694
cube,105,2,4630708,105,par_close,4,192,16,93.9204
cube,105,2,4630708,105,par_async,0,192,16,42.3843
cube,105,2,4630708,105,par_async,1,192,16,42.2447
cube,105,2,4630708,105,par_async,2,192,16,41.9201
cube,105,2,4630708,105,par_async,3,192,16,41.5771
cube,105,2,4630708,105,par_async,4,192,16,41.6871
cube,130,2,8788258,130,nelson_simple,0,1,16,2129.9072
cube,130,2,8788258,130,nelson_simple,1,1,16,2115.6534
cube,130,2,8788258,130,nelson_simple,2,1,16,2107.8831
cube,130,2,8788258,130,nelson_simple,3,1,16,2101.6729
cube,130,2,8788258,130,nelson_simple,4,1,16,2115.3920
cube,130,2,8788258,130,par_close,0,1,16,6638.8975
cube,130,2,8788258,130,par_close,1,1,16,6686.6511
cube,130,2,8788258,130,par_close,2,1,16,6753.5194
cube,130,2,8788258,130,par_close,3,1,16,6787.0662
cube,130,2,8788258,130,par_close,4,1,16,6856.2716
cube,130,2,8788258,130,par_async,0,1,16,3664.3411
cube,130,2,8788258,130,par_async,1,1,16,3637.5517
cube,130,2,8788258,130,par_async,2,1,16,3657.5770
cube,130,2,8788258,130,par_async,3,1,16,3642.4088
cube,130,2,8788258,130,par_async,4,1,16,3671.4837
cube,130,2,8788258,130,par_close,0,2,16,3660.1632
cube,130,2,8788258,130,par_close,1,2,16,3684.8869
cube,130,2,8788258,130,par_close,2,2,16,3715.7297
cube,130,2,8788258,130,par_close,3,2,16,3749.1385
cube,130,2,8788258,130,par_close,4,2,16,3751.5000
cube,130,2,8788258,130,par_async,0,2,16,1915.7164
cube,130,2,8788258,130,par_async,1,2,16,1912.1968
cube,130,2,8788258,130,par_async,2,2,16,1919.0525
cube,130,2,8788258,130,par_async,3,2,16,1910.3003
cube,130,2,8788258,130,par_async,4,2,16,1915.7390
cube,130,2,8788258,130,par_close,0,4,16,1930.4759
cube,130,2,8788258,130,par_close,1,4,16,1927.9540
cube,130,2,8788258,130,par_close,2,4,16,1931.5327
cube,130,2,8788258,130,par_close,3,4,16,1932.5463
cube,130,2,8788258,130,par_close,4,4,16,1941.1197
cube,130,2,8788258,130,par_async,0,4,16,978.2845
cube,130,2,8788258,130,par_async,1,4,16,979.5969
cube,130,2,8788258,130,par_async,2,4,16,971.7637
cube,130,2,8788258,130,par_async,3,4,16,963.6832
cube,130,2,8788258,130,par_async,4,4,16,973.4269
cube,130,2,8788258,130,par_close,0,8,16,1027.1576
cube,130,2,8788258,130,par_close,1,8,16,1027.4814
cube,130,2,8788258,130,par_close,2,8,16,1027.7672
cube,130,2,8788258,130,par_close,3,8,16,1023.6917
cube,130,2,8788258,130,par_close,4,8,16,1024.8148
cube,130,2,8788258,130,par_async,0,8,16,509.7449
cube,130,2,8788258,130,par_async,1,8,16,510.6360
cube,130,2,8788258,130,par_async,2,8,16,512.7703
cube,130,2,8788258,130,par_async,3,8,16,509.6024
cube,130,2,8788258,130,par_async,4,8,16,508.9590
cube,130,2,8788258,130,par_close,0,16,16,577.1485
cube,130,2,8788258,130,par_close,1,16,16,571.6481
cube,130,2,8788258,130,par_close,2,16,16,565.5456
cube,130,2,8788258,130,par_close,3,16,16,561.8048
cube,130,2,8788258,130,par_close,4,16,16,564.3339
cube,130,2,8788258,130,par_async,0,16,16,281.0212
cube,130,2,8788258,130,par_async,1,16,16,280.7744
cube,130,2,8788258,130,par_async,2,16,16,280.2191
cube,130,2,8788258,130,par_async,3,16,16,280.1429
cube,130,2,8788258,130,par_async,4,16,16,280.9417
cube,130,2,8788258,130,par_close,0,32,16,342.1216
cube,130,2,8788258,130,par_close,1,32,16,344.2151
cube,130,2,8788258,130,par_close,2,32,16,337.8699
cube,130,2,8788258,130,par_close,3,32,16,338.3824
cube,130,2,8788258,130,par_close,4,32,16,339.4575
cube,130,2,8788258,130,par_async,0,32,16,159.5297
cube,130,2,8788258,130,par_async,1,32,16,159.2881
cube,130,2,8788258,130,par_async,2,32,16,159.3958
cube,130,2,8788258,130,par_async,3,32,16,158.2943
cube,130,2,8788258,130,par_async,4,32,16,159.3414
cube,130,2,8788258,130,par_close,0,64,16,236.3632
cube,130,2,8788258,130,par_close,1,64,16,226.3985
cube,130,2,8788258,130,par_close,2,64,16,233.9948
cube,130,2,8788258,130,par_close,3,64,16,229.0138
cube,130,2,8788258,130,par_close,4,64,16,228.0808
cube,130,2,8788258,130,par_async,0,64,16,110.6509
cube,130,2,8788258,130,par_async,1,64,16,110.1985
cube,130,2,8788258,130,par_async,2,64,16,109.6496
cube,130,2,8788258,130,par_async,3,64,16,109.5510
cube,130,2,8788258,130,par_async,4,64,16,109.6654
cube,130,2,8788258,130,par_close,0,96,16,173.5821
cube,130,2,8788258,130,par_close,1,96,16,173.1071
cube,130,2,8788258,130,par_close,2,96,16,177.5579
cube,130,2,8788258,130,par_close,3,96,16,182.5940
cube,130,2,8788258,130,par_close,4,96,16,176.1654
cube,130,2,8788258,130,par_async,0,96,16,81.7310
cube,130,2,8788258,130,par_async,1,96,16,80.2107
cube,130,2,8788258,130,par_async,2,96,16,81.2859
cube,130,2,8788258,130,par_async,3,96,16,79.9552
cube,130,2,8788258,130,par_async,4,96,16,79.1761
cube,130,2,8788258,130,par_close,0,128,16,164.4835
cube,130,2,8788258,130,par_close,1,128,16,162.3591
cube,130,2,8788258,130,par_close,2,128,16,156.5785
cube,130,2,8788258,130,par_close,3,128,16,161.4847
cube,130,2,8788258,130,par_close,4,128,16,156.8909
cube,130,2,8788258,130,par_async,0,128,16,74.4957
cube,130,2,8788258,130,par_async,1,128,16,74.4291
cube,130,2,8788258,130,par_async,2,128,16,74.7206
cube,130,2,8788258,130,par_async,3,128,16,75.6405
cube,130,2,8788258,130,par_async,4,128,16,75.2402
cube,130,2,8788258,130,par_close,0,192,16,149.0994
cube,130,2,8788258,130,par_close,1,192,16,149.0489
cube,130,2,8788258,130,par_close,2,192,16,145.9544
cube,130,2,8788258,130,par_close,3,192,16,148.3633
cube,130,2,8788258,130,par_close,4,192,16,147.8397
cube,130,2,8788258,130,par_async,0,192,16,73.9614
cube,130,2,8788258,130,par_async,1,192,16,75.1464
cube,130,2,8788258,130,par_async,2,192,16,77.0130
cube,130,2,8788258,130,par_async,3,192,16,73.7824
cube,130,2,8788258,130,par_async,4,192,16,73.7203
cube,155,2,14895808,155,nelson_simple,0,1,16,3859.3376
cube,155,2,14895808,155,nelson_simple,1,1,16,4155.7172
cube,155,2,14895808,155,nelson_simple,2,1,16,4182.1912
cube,155,2,14895808,155,nelson_simple,3,1,16,4196.4320
cube,155,2,14895808,155,nelson_simple,4,1,16,4187.8455
cube,155,2,14895808,155,par_close,0,1,16,11282.1511
cube,155,2,14895808,155,par_close,1,1,16,11429.2978
cube,155,2,14895808,155,par_close,2,1,16,11594.8809
cube,155,2,14895808,155,par_close,3,1,16,11699.6625
cube,155,2,14895808,155,par_close,4,1,16,11948.4434
cube,155,2,14895808,155,par_async,0,1,16,6589.5180
cube,155,2,14895808,155,par_async,1,1,16,6567.9797
cube,155,2,14895808,155,par_async,2,1,16,6564.5919
cube,155,2,14895808,155,par_async,3,1,16,6561.3536
cube,155,2,14895808,155,par_async,4,1,16,6565.1802
cube,155,2,14895808,155,par_close,0,2,16,6181.6561
cube,155,2,14895808,155,par_close,1,2,16,6307.6105
cube,155,2,14895808,155,par_close,2,2,16,6411.9935
cube,155,2,14895808,155,par_close,3,2,16,6458.6175
cube,155,2,14895808,155,par_close,4,2,16,6496.9416
cube,155,2,14895808,155,par_async,0,2,16,3309.4412
cube,155,2,14895808,155,par_async,1,2,16,3305.9339
cube,155,2,14895808,155,par_async,2,2,16,3301.9981
cube,155,2,14895808,155,par_async,3,2,16,3307.4123
cube,155,2,14895808,155,par_async,4,2,16,3303.0710
cube,155,2,14895808,155,par_close,0,4,16,3383.2929
cube,155,2,14895808,155,par_close,1,4,16,3451.9051
cube,155,2,14895808,155,par_close,2,4,16,3485.2700
cube,155,2,14895808,155,par_close,3,4,16,3510.3476
cube,155,2,14895808,155,par_close,4,4,16,3490.9654
cube,155,2,14895808,155,par_async,0,4,16,1707.9309
cube,155,2,14895808,155,par_async,1,4,16,1711.7519
cube,155,2,14895808,155,par_async,2,4,16,1705.5956
cube,155,2,14895808,155,par_async,3,4,16,1705.2881
cube,155,2,14895808,155,par_async,4,4,16,1711.6652
cube,155,2,14895808,155,par_close,0,8,16,1826.3659
cube,155,2,14895808,155,par_close,1,8,16,1847.1250
cube,155,2,14895808,155,par_close,2,8,16,1866.2561
cube,155,2,14895808,155,par_close,3,8,16,1870.4734
cube,155,2,14895808,155,par_close,4,8,16,1870.8564
cube,155,2,14895808,155,par_async,0,8,16,900.2729
cube,155,2,14895808,155,par_async,1,8,16,895.9465
cube,155,2,14895808,155,par_async,2,8,16,901.9862
cube,155,2,14895808,155,par_async,3,8,16,889.5808
cube,155,2,14895808,155,par_async,4,8,16,905.3558
cube,155,2,14895808,155,par_close,0,16,16,984.5782
cube,155,2,14895808,155,par_close,1,16,16,992.6053
cube,155,2,14895808,155,par_close,2,16,16,999.7027
cube,155,2,14895808,155,par_close,3,16,16,1007.2680
cube,155,2,14895808,155,par_close,4,16,16,1007.1018
cube,155,2,14895808,155,par_async,0,16,16,488.8407
cube,155,2,14895808,155,par_async,1,16,16,487.3492
cube,155,2,14895808,155,par_async,2,16,16,486.9174
cube,155,2,14895808,155,par_async,3,16,16,485.6606
cube,155,2,14895808,155,par_async,4,16,16,486.4360
cube,155,2,14895808,155,par_close,0,32,16,527.2306
cube,155,2,14895808,155,par_close,1,32,16,537.4643
cube,155,2,14895808,155,par_close,2,32,16,533.6830
cube,155,2,14895808,155,par_close,3,32,16,541.9745
cube,155,2,14895808,155,par_close,4,32,16,542.3780
cube,155,2,14895808,155,par_async,0,32,16,266.4233
cube,155,2,14895808,155,par_async,1,32,16,264.2350
cube,155,2,14895808,155,par_async,2,32,16,264.6700
cube,155,2,14895808,155,par_async,3,32,16,263.9834
cube,155,2,14895808,155,par_async,4,32,16,264.9997
cube,155,2,14895808,155,par_close,0,64,16,402.4391
cube,155,2,14895808,155,par_close,1,64,16,401.5045
cube,155,2,14895808,155,par_close,2,64,16,387.1659
cube,155,2,14895808,155,par_close,3,64,16,401.0608
cube,155,2,14895808,155,par_close,4,64,16,403.4338
cube,155,2,14895808,155,par_async,0,64,16,208.3481
cube,155,2,14895808,155,par_async,1,64,16,205.1651
cube,155,2,14895808,155,par_async,2,64,16,206.6108
cube,155,2,14895808,155,par_async,3,64,16,207.3275
cube,155,2,14895808,155,par_async,4,64,16,207.2287
cube,155,2,14895808,155,par_close,0,96,16,299.3009
cube,155,2,14895808,155,par_close,1,96,16,303.5003
cube,155,2,14895808,155,par_close,2,96,16,308.7261
cube,155,2,14895808,155,par_close,3,96,16,300.3337
cube,155,2,14895808,155,par_close,4,96,16,299.1659
cube,155,2,14895808,155,par_async,0,96,16,150.7325
cube,155,2,14895808,155,par_async,1,96,16,148.0742
cube,155,2,14895808,155,par_async,2,96,16,146.6243
cube,155,2,14895808,155,par_async,3,96,16,146.9051
cube,155,2,14895808,155,par_async,4,96,16,146.7485
cube,155,2,14895808,155,par_close,0,128,16,262.0696
cube,155,2,14895808,155,par_close,1,128,16,262.5918
cube,155,2,14895808,155,par_close,2,128,16,259.6484
cube,155,2,14895808,155,par_close,3,128,16,257.5580
cube,155,2,14895808,155,par_close,4,128,16,261.3150
cube,155,2,14895808,155,par_async,0,128,16,131.6429
cube,155,2,14895808,155,par_async,1,128,16,131.5150
cube,155,2,14895808,155,par_async,2,128,16,133.4875
cube,155,2,14895808,155,par_async,3,128,16,130.4900
cube,155,2,14895808,155,par_async,4,128,16,132.5372
cube,155,2,14895808,155,par_close,0,192,16,225.9600
cube,155,2,14895808,155,par_close,1,192,16,230.1574
cube,155,2,14895808,155,par_close,2,192,16,228.6785
cube,155,2,14895808,155,par_close,3,192,16,226.1028
cube,155,2,14895808,155,par_close,4,192,16,236.5186
cube,155,2,14895808,155,par_async,0,192,16,124.5833
cube,155,2,14895808,155,par_async,1,192,16,126.3446
cube,155,2,14895808,155,par_async,2,192,16,121.6136
cube,155,2,14895808,155,par_async,3,192,16,122.7598
cube,155,2,14895808,155,par_async,4,192,16,121.8046
cube,180,2,23328358,180,nelson_simple,0,1,16,6029.9563
cube,180,2,23328358,180,nelson_simple,1,1,16,6031.4413
cube,180,2,23328358,180,nelson_simple,2,1,16,6056.0661
cube,180,2,23328358,180,nelson_simple,3,1,16,6056.2497
cube,180,2,23328358,180,nelson_simple,4,1,16,6056.2370
cube,180,2,23328358,180,par_close,0,1,16,20033.8149
cube,180,2,23328358,180,par_close,1,1,16,20245.8014
cube,180,2,23328358,180,par_close,2,1,16,20564.9917
cube,180,2,23328358,180,par_close,3,1,16,20734.2379
cube,180,2,23328358,180,par_close,4,1,16,21498.8992
cube,180,2,23328358,180,par_async,0,1,16,11054.5516
cube,180,2,23328358,180,par_async,1,1,16,11060.1072
cube,180,2,23328358,180,par_async,2,1,16,11032.7597
cube,180,2,23328358,180,par_async,3,1,16,11031.1995
cube,180,2,23328358,180,par_async,4,1,16,11047.2252
cube,180,2,23328358,180,par_close,0,2,16,10863.8083
cube,180,2,23328358,180,par_close,1,2,16,11130.4539
cube,180,2,23328358,180,par_close,2,2,16,11414.6244
cube,180,2,23328358,180,par_close,3,2,16,11536.8152
cube,180,2,23328358,180,par_close,4,2,16,11653.5560
cube,180,2,23328358,180,par_async,0,2,16,5606.9455
cube,180,2,23328358,180,par_async,1,2,16,5606.1953
cube,180,2,23328358,180,par_async,2,2,16,5598.5771
cube,180,2,23328358,180,par_async,3,2,16,5601.1624
cube,180,2,23328358,180,par_async,4,2,16,5592.9475
cube,180,2,23328358,180,par_close,0,4,16,5791.8770
cube,180,2,23328358,180,par_close,1,4,16,6057.6343
cube,180,2,23328358,180,par_close,2,4,16,6191.0123
cube,180,2,23328358,180,par_close,3,4,16,6278.5553
cube,180,2,23328358,180,par_close,4,4,16,6196.0461
cube,180,2,23328358,180,par_async,0,4,16,2855.6507
cube,180,2,23328358,180,par_async,1,4,16,2852.6581
cube,180,2,23328358,180,par_async,2,4,16,2847.0427
cube,180,2,23328358,180,par_async,3,4,16,2856.9462
cube,180,2,23328358,180,par_async,4,4,16,2853.1610
cube,180,2,23328358,180,par_close,0,8,16,3123.7328
cube,180,2,23328358,180,par_close,1,8,16,3199.0144
cube,180,2,23328358,180,par_close,2,8,16,3282.7196
cube,180,2,23328358,180,par_close,3,8,16,3290.4764
cube,180,2,23328358,180,par_close,4,8,16,3309.2969
cube,180,2,23328358,180,par_async,0,8,16,1512.8033
cube,180,2,23328358,180,par_async,1,8,16,1515.5512
cube,180,2,23328358,180,par_async,2,8,16,1510.9301
cube,180,2,23328358,180,par_async,3,8,16,1516.7518
cube,180,2,23328358,180,par_async,4,8,16,1516.1355
cube,180,2,23328358,180,par_close,0,16,16,1674.7150
cube,180,2,23328358,180,par_close,1,16,16,1707.1737
cube,180,2,23328358,180,par_close,2,16,16,1735.2102
cube,180,2,23328358,180,par_close,3,16,16,1730.5784
cube,180,2,23328358,180,par_close,4,16,16,1745.3972
cube,180,2,23328358,180,par_async,0,16,16,809.2719
cube,180,2,23328358,180,par_async,1,16,16,812.4791
cube,180,2,23328358,180,par_async,2,16,16,813.7050
cube,180,2,23328358,180,par_async,3,16,16,812.0045
cube,180,2,23328358,180,par_async,4,16,16,811.8651
cube,180,2,23328358,180,par_close,0,32,16,894.5198
cube,180,2,23328358,180,par_close,1,32,16,909.6978
cube,180,2,23328358,180,par_close,2,32,16,928.6285
cube,180,2,23328358,180,par_close,3,32,16,924.2928
cube,180,2,23328358,180,par_close,4,32,16,940.8214
cube,180,2,23328358,180,par_async,0,32,16,448.2041
cube,180,2,23328358,180,par_async,1,32,16,446.3637
cube,180,2,23328358,180,par_async,2,32,16,453.1621
cube,180,2,23328358,180,par_async,3,32,16,451.9512
cube,180,2,23328358,180,par_async,4,32,16,450.8631
cube,180,2,23328358,180,par_close,0,64,16,547.5886
cube,180,2,23328358,180,par_close,1,64,16,562.3314
cube,180,2,23328358,180,par_close,2,64,16,559.0603
cube,180,2,23328358,180,par_close,3,64,16,574.2426
cube,180,2,23328358,180,par_close,4,64,16,560.7822
cube,180,2,23328358,180,par_async,0,64,16,274.3910
cube,180,2,23328358,180,par_async,1,64,16,278.1036
cube,180,2,23328358,180,par_async,2,64,16,273.5321
cube,180,2,23328358,180,par_async,3,64,16,275.0643
cube,180,2,23328358,180,par_async,4,64,16,274.3168
cube,180,2,23328358,180,par_close,0,96,16,464.3189
cube,180,2,23328358,180,par_close,1,96,16,492.2283
cube,180,2,23328358,180,par_close,2,96,16,480.4072
cube,180,2,23328358,180,par_close,3,96,16,484.1425
cube,180,2,23328358,180,par_close,4,96,16,485.9103
cube,180,2,23328358,180,par_async,0,96,16,240.7868
cube,180,2,23328358,180,par_async,1,96,16,242.3913
cube,180,2,23328358,180,par_async,2,96,16,242.6879
cube,180,2,23328358,180,par_async,3,96,16,240.2716
cube,180,2,23328358,180,par_async,4,96,16,246.5198
cube,180,2,23328358,180,par_close,0,128,16,406.2749
cube,180,2,23328358,180,par_close,1,128,16,408.9112
cube,180,2,23328358,180,par_close,2,128,16,413.2790
cube,180,2,23328358,180,par_close,3,128,16,422.5241
cube,180,2,23328358,180,par_close,4,128,16,408.3004
cube,180,2,23328358,180,par_async,0,128,16,217.2693
cube,180,2,23328358,180,par_async,1,128,16,220.2146
cube,180,2,23328358,180,par_async,2,128,16,219.9741
cube,180,2,23328358,180,par_async,3,128,16,220.2019
cube,180,2,23328358,180,par_async,4,128,16,217.8739
cube,180,2,23328358,180,par_close,0,192,16,378.9532
cube,180,2,23328358,180,par_close,1,192,16,386.5355
cube,180,2,23328358,180,par_close,2,192,16,379.4452
cube,180,2,23328358,180,par_close,3,192,16,395.6378
cube,180,2,23328358,180,par_close,4,192,16,387.0978
cube,180,2,23328358,180,par_async,0,192,16,212.4613
cube,180,2,23328358,180,par_async,1,192,16,219.3883
cube,180,2,23328358,180,par_async,2,192,16,209.1001
cube,180,2,23328358,180,par_async,3,192,16,215.0166
cube,180,2,23328358,180,par_async,4,192,16,207.5785
cube,205,2,34460908,205,nelson_simple,0,1,16,9851.9623
cube,205,2,34460908,205,nelson_simple,1,1,16,9902.7363
cube,205,2,34460908,205,nelson_simple,2,1,16,9937.9915
cube,205,2,34460908,205,nelson_simple,3,1,16,9891.8664
cube,205,2,34460908,205,nelson_simple,4,1,16,10133.2710
cube,205,2,34460908,205,par_close,0,1,16,32296.0995
cube,205,2,34460908,205,par_close,1,1,16,32751.7893
cube,205,2,34460908,205,par_close,2,1,16,32956.7605
cube,205,2,34460908,205,par_close,3,1,16,33576.5212
cube,205,2,34460908,205,par_close,4,1,16,34676.4332
cube,205,2,34460908,205,par_async,0,1,16,17153.0145
cube,205,2,34460908,205,par_async,1,1,16,17023.4613
cube,205,2,34460908,205,par_async,2,1,16,17139.9708
cube,205,2,34460908,205,par_async,3,1,16,16990.5107
cube,205,2,34460908,205,par_async,4,1,16,17160.1994
cube,205,2,34460908,205,par_close,0,2,16,17093.8166
cube,205,2,34460908,205,par_close,1,2,16,17472.0623
cube,205,2,34460908,205,par_close,2,2,16,18042.3490
cube,205,2,34460908,205,par_close,3,2,16,18238.1564
cube,205,2,34460908,205,par_close,4,2,16,18420.3646
cube,205,2,34460908,205,par_async,0,2,16,8668.2153
cube,205,2,34460908,205,par_async,1,2,16,8649.1920
cube,205,2,34460908,205,par_async,2,2,16,8656.1748
cube,205,2,34460908,205,par_async,3,2,16,8658.9966
cube,205,2,34460908,205,par_async,4,2,16,8644.4046
cube,205,2,34460908,205,par_close,0,4,16,8943.7971
cube,205,2,34460908,205,par_close,1,4,16,9248.9045
cube,205,2,34460908,205,par_close,2,4,16,9689.2884
cube,205,2,34460908,205,par_close,3,4,16,9747.4495
cube,205,2,34460908,205,par_close,4,4,16,9776.1359
cube,205,2,34460908,205,par_async,0,4,16,4495.1280
cube,205,2,34460908,205,par_async,1,4,16,4489.6171
cube,205,2,34460908,205,par_async,2,4,16,4491.4424
cube,205,2,34460908,205,par_async,3,4,16,4503.4477
cube,205,2,34460908,205,par_async,4,4,16,4493.9770
cube,205,2,34460908,205,par_close,0,8,16,4684.4857
cube,205,2,34460908,205,par_close,1,8,16,4929.2679
cube,205,2,34460908,205,par_close,2,8,16,5027.2891
cube,205,2,34460908,205,par_close,3,8,16,5095.9392
cube,205,2,34460908,205,par_close,4,8,16,5127.7228
cube,205,2,34460908,205,par_async,0,8,16,2356.8544
cube,205,2,34460908,205,par_async,1,8,16,2355.8519
cube,205,2,34460908,205,par_async,2,8,16,2352.2464
cube,205,2,34460908,205,par_async,3,8,16,2361.1421
cube,205,2,34460908,205,par_async,4,8,16,2358.4664
cube,205,2,34460908,205,par_close,0,16,16,2467.9536
cube,205,2,34460908,205,par_close,1,16,16,2595.9370
cube,205,2,34460908,205,par_close,2,16,16,2635.0958
cube,205,2,34460908,205,par_close,3,16,16,2642.1748
cube,205,2,34460908,205,par_close,4,16,16,2645.3261
cube,205,2,34460908,205,par_async,0,16,16,1223.1457
cube,205,2,34460908,205,par_async,1,16,16,1230.0148
cube,205,2,34460908,205,par_async,2,16,16,1225.9088
cube,205,2,34460908,205,par_async,3,16,16,1227.6825
cube,205,2,34460908,205,par_async,4,16,16,1224.8652
cube,205,2,34460908,205,par_close,0,32,16,1347.8823
cube,205,2,34460908,205,par_close,1,32,16,1381.8673
cube,205,2,34460908,205,par_close,2,32,16,1417.7795
cube,205,2,34460908,205,par_close,3,32,16,1410.5257
cube,205,2,34460908,205,par_close,4,32,16,1394.7440
cube,205,2,34460908,205,par_async,0,32,16,688.1669
cube,205,2,34460908,205,par_async,1,32,16,683.7886
cube,205,2,34460908,205,par_async,2,32,16,681.9083
cube,205,2,34460908,205,par_async,3,32,16,679.9924
cube,205,2,34460908,205,par_async,4,32,16,683.4312
cube,205,2,34460908,205,par_close,0,64,16,878.2100
cube,205,2,34460908,205,par_close,1,64,16,882.2696
cube,205,2,34460908,205,par_close,2,64,16,899.6717
cube,205,2,34460908,205,par_close,3,64,16,900.3249
cube,205,2,34460908,205,par_close,4,64,16,903.1213
cube,205,2,34460908,205,par_async,0,64,16,475.4040
cube,205,2,34460908,205,par_async,1,64,16,475.7604
cube,205,2,34460908,205,par_async,2,64,16,476.0622
cube,205,2,34460908,205,par_async,3,64,16,468.7851
cube,205,2,34460908,205,par_async,4,64,16,468.5492
cube,205,2,34460908,205,par_close,0,96,16,656.7437
cube,205,2,34460908,205,par_close,1,96,16,664.0944
cube,205,2,34460908,205,par_close,2,96,16,679.1954
cube,205,2,34460908,205,par_close,3,96,16,667.5310
cube,205,2,34460908,205,par_close,4,96,16,655.4245
cube,205,2,34460908,205,par_async,0,96,16,371.2611
cube,205,2,34460908,205,par_async,1,96,16,367.5954
cube,205,2,34460908,205,par_async,2,96,16,365.8369
cube,205,2,34460908,205,par_async,3,96,16,369.0103
cube,205,2,34460908,205,par_async,4,96,16,365.7254
cube,205,2,34460908,205,par_close,0,128,16,542.7097
cube,205,2,34460908,205,par_close,1,128,16,549.4699
cube,205,2,34460908,205,par_close,2,128,16,547.4647
cube,205,2,34460908,205,par_close,3,128,16,562.1404
cube,205,2,34460908,205,par_close,4,128,16,565.1390
cube,205,2,34460908,205,par_async,0,128,16,335.9748
cube,205,2,34460908,205,par_async,1,128,16,333.4673
cube,205,2,34460908,205,par_async,2,128,16,340.3585
cube,205,2,34460908,205,par_async,3,128,16,334.4204
cube,205,2,34460908,205,par_async,4,128,16,334.7018
cube,205,2,34460908,205,par_close,0,192,16,485.7120
cube,205,2,34460908,205,par_close,1,192,16,481.2363
cube,205,2,34460908,205,par_close,2,192,16,510.4173
cube,205,2,34460908,205,par_close,3,192,16,505.4559
cube,205,2,34460908,205,par_close,4,192,16,487.5568
cube,205,2,34460908,205,par_async,0,192,16,319.9777
cube,205,2,34460908,205,par_async,1,192,16,326.1031
cube,205,2,34460908,205,par_async,2,192,16,332.0402
cube,205,2,34460908,205,par_async,3,192,16,321.0305
cube,205,2,34460908,205,par_async,4,192,16,320.6255
cube,5,3,444,5,nelson_simple,0,1,16,0.0311
cube,5,3,444,5,nelson_simple,1,1,16,0.0282
cube,5,3,444,5,nelson_simple,2,1,16,0.0279
cube,5,3,444,5,nelson_simple,3,1,16,0.0274
cube,5,3,444,5,nelson_simple,4,1,16,0.0276
cube,5,3,444,5,par_close,0,1,16,0.2516
cube,5,3,444,5,par_close,1,1,16,0.2524
cube,5,3,444,5,par_close,2,1,16,0.2470
cube,5,3,444,5,par_close,3,1,16,0.2420
cube,5,3,444,5,par_close,4,1,16,0.2402
cube,5,3,444,5,par_async,0,1,16,0.0718
cube,5,3,444,5,par_async,1,1,16,0.0664
cube,5,3,444,5,par_async,2,1,16,0.0668
cube,5,3,444,5,par_async,3,1,16,0.0677
cube,5,3,444,5,par_async,4,1,16,0.0665
cube,5,3,444,5,par_close,0,2,16,0.2880
cube,5,3,444,5,par_close,1,2,16,0.2741
cube,5,3,444,5,par_close,2,2,16,0.3195
cube,5,3,444,5,par_close,3,2,16,0.2465
cube,5,3,444,5,par_close,4,2,16,0.3128
cube,5,3,444,5,par_async,0,2,16,0.0684
cube,5,3,444,5,par_async,1,2,16,0.0645
cube,5,3,444,5,par_async,2,2,16,0.0656
cube,5,3,444,5,par_async,3,2,16,0.0678
cube,5,3,444,5,par_async,4,2,16,0.0647
cube,5,3,444,5,par_close,0,4,16,0.3265
cube,5,3,444,5,par_close,1,4,16,0.2825
cube,5,3,444,5,par_close,2,4,16,0.3298
cube,5,3,444,5,par_close,3,4,16,0.3185
cube,5,3,444,5,par_close,4,4,16,0.2471
cube,5,3,444,5,par_async,0,4,16,0.0692
cube,5,3,444,5,par_async,1,4,16,0.0712
cube,5,3,444,5,par_async,2,4,16,0.0658
cube,5,3,444,5,par_async,3,4,16,0.0675
cube,5,3,444,5,par_async,4,4,16,0.0644
cube,5,3,444,5,par_close,0,8,16,0.2612
cube,5,3,444,5,par_close,1,8,16,0.3297
cube,5,3,444,5,par_close,2,8,16,0.2849
cube,5,3,444,5,par_close,3,8,16,0.3494
cube,5,3,444,5,par_close,4,8,16,0.2804
cube,5,3,444,5,par_async,0,8,16,0.0710
cube,5,3,444,5,par_async,1,8,16,0.0668
cube,5,3,444,5,par_async,2,8,16,0.0655
cube,5,3,444,5,par_async,3,8,16,0.0663
cube,5,3,444,5,par_async,4,8,16,0.0668
cube,5,3,444,5,par_close,0,16,16,0.2889
cube,5,3,444,5,par_close,1,16,16,0.2732
cube,5,3,444,5,par_close,2,16,16,0.3442
cube,5,3,444,5,par_close,3,16,16,0.2748
cube,5,3,444,5,par_close,4,16,16,0.2391
cube,5,3,444,5,par_async,0,16,16,0.0682
cube,5,3,444,5,par_async,1,16,16,0.0691
cube,5,3,444,5,par_async,2,16,16,0.0655
cube,5,3,444,5,par_async,3,16,16,0.0656
cube,5,3,444,5,par_async,4,16,16,0.0653
cube,5,3,444,5,par_close,0,32,16,0.6102
cube,5,3,444,5,par_close,1,32,16,0.3520
cube,5,3,444,5,par_close,2,32,16,0.2786
cube,5,3,444,5,par_close,3,32,16,0.2591
cube,5,3,444,5,par_close,4,32,16,0.3501
cube,5,3,444,5,par_async,0,32,16,0.0699
cube,5,3,444,5,par_async,1,32,16,0.0661
cube,5,3,444,5,par_async,2,32,16,0.0666
cube,5,3,444,5,par_async,3,32,16,0.0654
cube,5,3,444,5,par_async,4,32,16,0.0777
cube,5,3,444,5,par_close,0,64,16,0.6811
cube,5,3,444,5,par_close,1,64,16,0.2849
cube,5,3,444,5,par_close,2,64,16,0.4114
cube,5,3,444,5,par_close,3,64,16,0.2800
cube,5,3,444,5,par_close,4,64,16,0.2661
cube,5,3,444,5,par_async,0,64,16,0.0686
cube,5,3,444,5,par_async,1,64,16,0.0615
cube,5,3,444,5,par_async,2,64,16,0.0608
cube,5,3,444,5,par_async,3,64,16,0.0678
cube,5,3,444,5,par_async,4,64,16,0.0590
cube,5,3,444,5,par_close,0,96,16,0.6930
cube,5,3,444,5,par_close,1,96,16,0.5672
cube,5,3,444,5,par_close,2,96,16,0.5003
cube,5,3,444,5,par_close,3,96,16,0.3622
cube,5,3,444,5,par_close,4,96,16,0.4070
cube,5,3,444,5,par_async,0,96,16,0.0951
cube,5,3,444,5,par_async,1,96,16,0.0862
cube,5,3,444,5,par_async,2,96,16,0.0753
cube,5,3,444,5,par_async,3,96,16,0.0915
cube,5,3,444,5,par_async,4,96,16,0.0776
cube,5,3,444,5,par_close,0,128,16,1.6269
cube,5,3,444,5,par_close,1,128,16,0.5738
cube,5,3,444,5,par_close,2,128,16,0.6789
cube,5,3,444,5,par_close,3,128,16,0.3622
cube,5,3,444,5,par_close,4,128,16,0.4286
cube,5,3,444,5,par_async,0,128,16,0.0887
cube,5,3,444,5,par_async,1,128,16,0.1042
cube,5,3,444,5,par_async,2,128,16,0.0920
cube,5,3,444,5,par_async,3,128,16,0.0946
cube,5,3,444,5,par_async,4,128,16,0.0947
cube,5,3,444,5,par_close,0,192,16,1.6851
cube,5,3,444,5,par_close,1,192,16,0.6539
cube,5,3,444,5,par_close,2,192,16,0.7009
cube,5,3,444,5,par_close,3,192,16,0.6300
cube,5,3,444,5,par_close,4,192,16,0.4969
cube,5,3,444,5,par_async,0,192,16,0.0955
cube,5,3,444,5,par_async,1,192,16,0.0973
cube,5,3,444,5,par_async,2,192,16,0.0983
cube,5,3,444,5,par_async,3,192,16,0.0815
cube,5,3,444,5,par_async,4,192,16,0.1024
cube,30,3,94370,30,nelson_simple,0,1,16,12.4315
cube,30,3,94370,30,nelson_simple,1,1,16,11.7414
cube,30,3,94370,30,nelson_simple,2,1,16,11.8359
cube,30,3,94370,30,nelson_simple,3,1,16,11.9384
cube,30,3,94370,30,nelson_simple,4,1,16,14.5813
cube,30,3,94370,30,par_close,0,1,16,61.2298
cube,30,3,94370,30,par_close,1,1,16,61.0852
cube,30,3,94370,30,par_close,2,1,16,62.2518
cube,30,3,94370,30,par_close,3,1,16,62.4728
cube,30,3,94370,30,par_close,4,1,16,62.5784
cube,30,3,94370,30,par_async,0,1,16,18.4132
cube,30,3,94370,30,par_async,1,1,16,18.4941
cube,30,3,94370,30,par_async,2,1,16,18.2447
cube,30,3,94370,30,par_async,3,1,16,18.4093
cube,30,3,94370,30,par_async,4,1,16,18.2554
cube,30,3,94370,30,par_close,0,2,16,49.9039
cube,30,3,94370,30,par_close,1,2,16,49.5184
cube,30,3,94370,30,par_close,2,2,16,49.6173
cube,30,3,94370,30,par_close,3,2,16,48.5955
cube,30,3,94370,30,par_close,4,2,16,48.7126
cube,30,3,94370,30,par_async,0,2,16,13.6498
cube,30,3,94370,30,par_async,1,2,16,13.5338
cube,30,3,94370,30,par_async,2,2,16,13.4018
cube,30,3,94370,30,par_async,3,2,16,13.2303
cube,30,3,94370,30,par_async,4,2,16,13.2571
cube,30,3,94370,30,par_close,0,4,16,33.4486
cube,30,3,94370,30,par_close,1,4,16,31.9012
cube,30,3,94370,30,par_close,2,4,16,32.7621
cube,30,3,94370,30,par_close,3,4,16,32.3454
cube,30,3,94370,30,par_close,4,4,16,31.6756
cube,30,3,94370,30,par_async,0,4,16,11.0166
cube,30,3,94370,30,par_async,1,4,16,11.1204
cube,30,3,94370,30,par_async,2,4,16,10.9940
cube,30,3,94370,30,par_async,3,4,16,10.3286
cube,30,3,94370,30,par_async,4,4,16,10.7818
cube,30,3,94370,30,par_close,0,8,16,20.3918
cube,30,3,94370,30,par_close,1,8,16,20.4488
cube,30,3,94370,30,par_close,2,8,16,20.4011
cube,30,3,94370,30,par_close,3,8,16,20.5530
cube,30,3,94370,30,par_close,4,8,16,20.9481
cube,30,3,94370,30,par_async,0,8,16,7.7307
cube,30,3,94370,30,par_async,1,8,16,8.4309
cube,30,3,94370,30,par_async,2,8,16,8.3213
cube,30,3,94370,30,par_async,3,8,16,7.9577
cube,30,3,94370,30,par_async,4,8,16,8.2512
cube,30,3,94370,30,par_close,0,16,16,12.8195
cube,30,3,94370,30,par_close,1,16,16,13.0163
cube,30,3,94370,30,par_close,2,16,16,12.6564
cube,30,3,94370,30,par_close,3,16,16,12.7592
cube,30,3,94370,30,par_close,4,16,16,12.8332
cube,30,3,94370,30,par_async,0,16,16,5.8320
cube,30,3,94370,30,par_async,1,16,16,5.9252
cube,30,3,94370,30,par_async,2,16,16,5.9990
cube,30,3,94370,30,par_async,3,16,16,5.9021
cube,30,3,94370,30,par_async,4,16,16,5.6342
cube,30,3,94370,30,par_close,0,32,16,10.1238
cube,30,3,94370,30,par_close,1,32,16,10.2717
cube,30,3,94370,30,par_close,2,32,16,9.7566
cube,30,3,94370,30,par_close,3,32,16,10.0142
cube,30,3,94370,30,par_close,4,32,16,9.6548
cube,30,3,94370,30,par_async,0,32,16,5.5050
cube,30,3,94370,30,par_async,1,32,16,5.3762
cube,30,3,94370,30,par_async,2,32,16,5.4260
cube,30,3,94370,30,par_async,3,32,16,5.4776
cube,30,3,94370,30,par_async,4,32,16,5.3693
cube,30,3,94370,30,par_close,0,64,16,9.8482
cube,30,3,94370,30,par_close,1,64,16,9.6410
cube,30,3,94370,30,par_close,2,64,16,9.0554
cube,30,3,94370,30,par_close,3,64,16,9.1195
cube,30,3,94370,30,par_close,4,64,16,9.3662
cube,30,3,94370,30,par_async,0,64,16,5.4023
cube,30,3,94370,30,par_async,1,64,16,5.4513
cube,30,3,94370,30,par_async,2,64,16,5.4183
cube,30,3,94370,30,par_async,3,64,16,5.4966
cube,30,3,94370,30,par_async,4,64,16,5.4003
cube,30,3,94370,30,par_close,0,96,16,10.1269
cube,30,3,94370,30,par_close,1,96,16,9.4736
cube,30,3,94370,30,par_close,2,96,16,9.5832
cube,30,3,94370,30,par_close,3,96,16,9.3390
cube,30,3,94370,30,par_close,4,96,16,9.2379
cube,30,3,94370,30,par_async,0,96,16,5.4822
cube,30,3,94370,30,par_async,1,96,16,5.3959
cube,30,3,94370,30,par_async,2,96,16,5.4612
cube,30,3,94370,30,par_async,3,96,16,5.5033
cube,30,3,94370,30,par_async,4,96,16,5.5194
cube,30,3,94370,30,par_close,0,128,16,9.5378
cube,30,3,94370,30,par_close,1,128,16,9.1021
cube,30,3,94370,30,par_close,2,128,16,9.1311
cube,30,3,94370,30,par_close,3,128,16,8.7237
cube,30,3,94370,30,par_close,4,128,16,8.8057
cube,30,3,94370,30,par_async,0,128,16,5.1644
cube,30,3,94370,30,par_async,1,128,16,5.2844
cube,30,3,94370,30,par_async,2,128,16,5.1104
cube,30,3,94370,30,par_async,3,128,16,5.1747
cube,30,3,94370,30,par_async,4,128,16,5.1791
cube,30,3,94370,30,par_close,0,192,16,10.5634
cube,30,3,94370,30,par_close,1,192,16,9.9284
cube,30,3,94370,30,par_close,2,192,16,9.6102
cube,30,3,94370,30,par_close,3,192,16,9.3790
cube,30,3,94370,30,par_close,4,192,16,9.3659
cube,30,3,94370,30,par_async,0,192,16,5.8007
cube,30,3,94370,30,par_async,1,192,16,5.6193
cube,30,3,94370,30,par_async,2,192,16,5.3580
cube,30,3,94370,30,par_async,3,192,16,5.5912
cube,30,3,94370,30,par_async,4,192,16,5.5312
cube,55,3,505288,55,nelson_simple,0,1,16,91.5148
cube,55,3,505288,55,nelson_simple,1,1,16,93.6241
cube,55,3,505288,55,nelson_simple,2,1,16,91.3435
cube,55,3,505288,55,nelson_simple,3,1,16,93.5633
cube,55,3,505288,55,nelson_simple,4,1,16,92.1306
cube,55,3,505288,55,par_close,0,1,16,340.1087
cube,55,3,505288,55,par_close,1,1,16,338.4132
cube,55,3,505288,55,par_close,2,1,16,339.8166
cube,55,3,505288,55,par_close,3,1,16,340.0926
cube,55,3,505288,55,par_close,4,1,16,340.1013
cube,55,3,505288,55,par_async,0,1,16,106.4638
cube,55,3,505288,55,par_async,1,1,16,106.2008
cube,55,3,505288,55,par_async,2,1,16,106.3932
cube,55,3,505288,55,par_async,3,1,16,106.5581
cube,55,3,505288,55,par_async,4,1,16,106.4655
cube,55,3,505288,55,par_close,0,2,16,189.8670
cube,55,3,505288,55,par_close,1,2,16,186.5309
cube,55,3,505288,55,par_close,2,2,16,186.3468
cube,55,3,505288,55,par_close,3,2,16,186.4766
cube,55,3,505288,55,par_close,4,2,16,185.4718
cube,55,3,505288,55,par_async,0,2,16,58.9708
cube,55,3,505288,55,par_async,1,2,16,59.1087
cube,55,3,505288,55,par_async,2,2,16,59.0239
cube,55,3,505288,55,par_async,3,2,16,58.8554
cube,55,3,505288,55,par_async,4,2,16,58.8367
cube,55,3,505288,55,par_close,0,4,16,113.0335
cube,55,3,505288,55,par_close,1,4,16,111.1788
cube,55,3,505288,55,par_close,2,4,16,111.6614
cube,55,3,505288,55,par_close,3,4,16,111.3281
cube,55,3,505288,55,par_close,4,4,16,110.5531
cube,55,3,505288,55,par_async,0,4,16,36.0617
cube,55,3,505288,55,par_async,1,4,16,35.2961
cube,55,3,505288,55,par_async,2,4,16,35.8049
cube,55,3,505288,55,par_async,3,4,16,35.4689
cube,55,3,505288,55,par_async,4,4,16,35.3315
cube,55,3,505288,55,par_close,0,8,16,69.0483
cube,55,3,505288,55,par_close,1,8,16,67.3105
cube,55,3,505288,55,par_close,2,8,16,68.0576
cube,55,3,505288,55,par_close,3,8,16,67.3854
cube,55,3,505288,55,par_close,4,8,16,67.1859
cube,55,3,505288,55,par_async,0,8,16,24.7292
cube,55,3,505288,55,par_async,1,8,16,24.5445
cube,55,3,505288,55,par_async,2,8,16,24.7098
cube,55,3,505288,55,par_async,3,8,16,24.7917
cube,55,3,505288,55,par_async,4,8,16,24.4581
cube,55,3,505288,55,par_close,0,16,16,39.3596
cube,55,3,505288,55,par_close,1,16,16,38.9851
cube,55,3,505288,55,par_close,2,16,16,38.5670
cube,55,3,505288,55,par_close,3,16,16,38.8706
cube,55,3,505288,55,par_close,4,16,16,38.3078
cube,55,3,505288,55,par_async,0,16,16,15.3591
cube,55,3,505288,55,par_async,1,16,16,16.0980
cube,55,3,505288,55,par_async,2,16,16,15.5602
cube,55,3,505288,55,par_async,3,16,16,16.1664
cube,55,3,505288,55,par_async,4,16,16,16.1105
cube,55,3,505288,55,par_close,0,32,16,24.5785
cube,55,3,505288,55,par_close,1,32,16,23.7063
cube,55,3,505288,55,par_close,2,32,16,24.0240
cube,55,3,505288,55,par_close,3,32,16,23.8162
cube,55,3,505288,55,par_close,4,32,16,23.9887
cube,55,3,505288,55,par_async,0,32,16,11.3844
cube,55,3,505288,55,par_async,1,32,16,11.4172
cube,55,3,505288,55,par_async,2,32,16,11.3918
cube,55,3,505288,55,par_async,3,32,16,11.3243
cube,55,3,505288,55,par_async,4,32,16,11.2017
cube,55,3,505288,55,par_close,0,64,16,17.8013
cube,55,3,505288,55,par_close,1,64,16,17.7638
cube,55,3,505288,55,par_close,2,64,16,17.7706
cube,55,3,505288,55,par_close,3,64,16,17.7998
cube,55,3,505288,55,par_close,4,64,16,18.3547
cube,55,3,505288,55,par_async,0,64,16,10.3276
cube,55,3,505288,55,par_async,1,64,16,10.2459
cube,55,3,505288,55,par_async,2,64,16,9.9857
cube,55,3,505288,55,par_async,3,64,16,10.4331
cube,55,3,505288,55,par_async,4,64,16,10.2863
cube,55,3,505288,55,par_close,0,96,16,17.4371
cube,55,3,505288,55,par_close,1,96,16,16.4885
cube,55,3,505288,55,par_close,2,96,16,16.4345
cube,55,3,505288,55,par_close,3,96,16,17.0452
cube,55,3,505288,55,par_close,4,96,16,16.5229
cube,55,3,505288,55,par_async,0,96,16,9.9442
cube,55,3,505288,55,par_async,1,96,16,10.2241
cube,55,3,505288,55,par_async,2,96,16,10.1772
cube,55,3,505288,55,par_async,3,96,16,10.2279
cube,55,3,505288,55,par_async,4,96,16,9.8694
cube,55,3,505288,55,par_close,0,128,16,17.1038
cube,55,3,505288,55,par_close,1,128,16,16.2264
cube,55,3,505288,55,par_close,2,128,16,16.4093
cube,55,3,505288,55,par_close,3,128,16,16.3686
cube,55,3,505288,55,par_close,4,128,16,16.3653
cube,55,3,505288,55,par_async,0,128,16,10.4150
cube,55,3,505288,55,par_async,1,128,16,10.5639
cube,55,3,505288,55,par_async,2,128,16,10.5620
cube,55,3,505288,55,par_async,3,128,16,10.6199
cube,55,3,505288,55,par_async,4,128,16,10.1271
cube,55,3,505288,55,par_close,0,192,16,16.6392
cube,55,3,505288,55,par_close,1,192,16,16.0342
cube,55,3,505288,55,par_close,2,192,16,16.0001
cube,55,3,505288,55,par_close,3,192,16,16.2189
cube,55,3,505288,55,par_close,4,192,16,16.0795
cube,55,3,505288,55,par_async,0,192,16,12.5246
cube,55,3,505288,55,par_async,1,192,16,12.6841
cube,55,3,505288,55,par_async,2,192,16,10.5377
cube,55,3,505288,55,par_async,3,192,16,11.2683
cube,55,3,505288,55,par_async,4,192,16,10.6841
cube,80,3,1548340,80,nelson_simple,0,1,16,297.2042
cube,80,3,1548340,80,nelson_simple,1,1,16,299.4254
cube,80,3,1548340,80,nelson_simple,2,1,16,301.9447
cube,80,3,1548340,80,nelson_simple,3,1,16,290.7156
cube,80,3,1548340,80,nelson_simple,4,1,16,291.3869
cube,80,3,1548340,80,par_close,0,1,16,1068.8525
cube,80,3,1548340,80,par_close,1,1,16,1071.0002
cube,80,3,1548340,80,par_close,2,1,16,1067.3966
cube,80,3,1548340,80,par_close,3,1,16,1069.3572
cube,80,3,1548340,80,par_close,4,1,16,1067.6419
cube,80,3,1548340,80,par_async,0,1,16,339.7712
cube,80,3,1548340,80,par_async,1,1,16,338.8888
cube,80,3,1548340,80,par_async,2,1,16,339.4413
cube,80,3,1548340,80,par_async,3,1,16,339.4498
cube,80,3,1548340,80,par_async,4,1,16,338.9577
cube,80,3,1548340,80,par_close,0,2,16,590.4223
cube,80,3,1548340,80,par_close,1,2,16,583.6875
cube,80,3,1548340,80,par_close,2,2,16,581.7496
cube,80,3,1548340,80,par_close,3,2,16,580.7325
cube,80,3,1548340,80,par_close,4,2,16,581.7009
cube,80,3,1548340,80,par_async,0,2,16,184.2863
cube,80,3,1548340,80,par_async,1,2,16,182.5340
cube,80,3,1548340,80,par_async,2,2,16,182.8435
cube,80,3,1548340,80,par_async,3,2,16,184.1192
cube,80,3,1548340,80,par_async,4,2,16,184.1548
cube,80,3,1548340,80,par_close,0,4,16,330.7473
cube,80,3,1548340,80,par_close,1,4,16,324.8596
cube,80,3,1548340,80,par_close,2,4,16,319.4677
cube,80,3,1548340,80,par_close,3,4,16,314.8172
cube,80,3,1548340,80,par_close,4,4,16,316.0508
cube,80,3,1548340,80,par_async,0,4,16,102.7356
cube,80,3,1548340,80,par_async,1,4,16,102.7445
cube,80,3,1548340,80,par_async,2,4,16,103.2401
cube,80,3,1548340,80,par_async,3,4,16,104.8370
cube,80,3,1548340,80,par_async,4,4,16,102.3790
cube,80,3,1548340,80,par_close,0,8,16,189.0049
cube,80,3,1548340,80,par_close,1,8,16,184.4043
cube,80,3,1548340,80,par_close,2,8,16,185.3610
cube,80,3,1548340,80,par_close,3,8,16,185.8149
cube,80,3,1548340,80,par_close,4,8,16,182.6307
cube,80,3,1548340,80,par_async,0,8,16,64.5098
cube,80,3,1548340,80,par_async,1,8,16,63.6902
cube,80,3,1548340,80,par_async,2,8,16,63.8703
cube,80,3,1548340,80,par_async,3,8,16,63.1859
cube,80,3,1548340,80,par_async,4,8,16,63.4840
cube,80,3,1548340,80,par_close,0,16,16,115.9643
cube,80,3,1548340,80,par_close,1,16,16,112.3762
cube,80,3,1548340,80,par_close,2,16,16,115.3065
cube,80,3,1548340,80,par_close,3,16,16,107.1849
cube,80,3,1548340,80,par_close,4,16,16,108.8146
cube,80,3,1548340,80,par_async,0,16,16,36.5714
cube,80,3,1548340,80,par_async,1,16,16,35.3638
cube,80,3,1548340,80,par_async,2,16,16,35.2285
cube,80,3,1548340,80,par_async,3,16,16,34.6656
cube,80,3,1548340,80,par_async,4,16,16,35.3354
cube,80,3,1548340,80,par_close,0,32,16,63.0666
cube,80,3,1548340,80,par_close,1,32,16,64.8081
cube,80,3,1548340,80,par_close,2,32,16,64.7954
cube,80,3,1548340,80,par_close,3,32,16,64.1542
cube,80,3,1548340,80,par_close,4,32,16,65.8807
cube,80,3,1548340,80,par_async,0,32,16,22.2414
cube,80,3,1548340,80,par_async,1,32,16,22.0171
cube,80,3,1548340,80,par_async,2,32,16,21.5775
cube,80,3,1548340,80,par_async,3,32,16,21.6597
cube,80,3,1548340,80,par_async,4,32,16,21.7368
cube,80,3,1548340,80,par_close,0,64,16,49.1928
cube,80,3,1548340,80,par_close,1,64,16,50.3463
cube,80,3,1548340,80,par_close,2,64,16,50.7336
cube,80,3,1548340,80,par_close,3,64,16,49.5847
cube,80,3,1548340,80,par_close,4,64,16,49.0487
cube,80,3,1548340,80,par_async,0,64,16,18.8616
cube,80,3,1548340,80,par_async,1,64,16,18.7998
cube,80,3,1548340,80,par_async,2,64,16,18.3376
cube,80,3,1548340,80,par_async,3,64,16,18.6897
cube,80,3,1548340,80,par_async,4,64,16,18.7510
cube,80,3,1548340,80,par_close,0,96,16,42.3607
cube,80,3,1548340,80,par_close,1,96,16,43.4388
cube,80,3,1548340,80,par_close,2,96,16,43.8079
cube,80,3,1548340,80,par_close,3,96,16,43.5362
cube,80,3,1548340,80,par_close,4,96,16,44.3030
cube,80,3,1548340,80,par_async,0,96,16,16.4536
cube,80,3,1548340,80,par_async,1,96,16,16.3569
cube,80,3,1548340,80,par_async,2,96,16,16.3086
cube,80,3,1548340,80,par_async,3,96,16,16.0040
cube,80,3,1548340,80,par_async,4,96,16,16.2045
cube,80,3,1548340,80,par_close,0,128,16,41.7388
cube,80,3,1548340,80,par_close,1,128,16,42.5137
cube,80,3,1548340,80,par_close,2,128,16,41.5542
cube,80,3,1548340,80,par_close,3,128,16,42.5769
cube,80,3,1548340,80,par_close,4,128,16,41.6639
cube,80,3,1548340,80,par_async,0,128,16,16.1684
cube,80,3,1548340,80,par_async,1,128,16,16.0633
cube,80,3,1548340,80,par_async,2,128,16,15.9898
cube,80,3,1548340,80,par_async,3,128,16,16.1737
cube,80,3,1548340,80,par_async,4,128,16,16.1959
cube,80,3,1548340,80,par_close,0,192,16,39.6540
cube,80,3,1548340,80,par_close,1,192,16,40.0251
cube,80,3,1548340,80,par_close,2,192,16,44.1843
cube,80,3,1548340,80,par_close,3,192,16,40.1792
cube,80,3,1548340,80,par_close,4,192,16,40.2315
cube,80,3,1548340,80,par_async,0,192,16,16.3831
cube,80,3,1548340,80,par_async,1,192,16,16.5985
cube,80,3,1548340,80,par_async,2,192,16,16.3348
cube,80,3,1548340,80,par_async,3,192,16,17.2252
cube,80,3,1548340,80,par_async,4,192,16,17.0031
cube,105,3,3654956,105,nelson_simple,0,1,16,798.6612
cube,105,3,3654956,105,nelson_simple,1,1,16,805.3421
cube,105,3,3654956,105,nelson_simple,2,1,16,801.6338
cube,105,3,3654956,105,nelson_simple,3,1,16,792.2758
cube,105,3,3654956,105,nelson_simple,4,1,16,795.6971
cube,105,3,3654956,105,par_close,0,1,16,2537.8992
cube,105,3,3654956,105,par_close,1,1,16,2532.5493
cube,105,3,3654956,105,par_close,2,1,16,2532.1211
cube,105,3,3654956,105,par_close,3,1,16,2529.8093
cube,105,3,3654956,105,par_close,4,1,16,2534.0387
cube,105,3,3654956,105,par_async,0,1,16,929.0665
cube,105,3,3654956,105,par_async,1,1,16,922.7582
cube,105,3,3654956,105,par_async,2,1,16,923.8066
cube,105,3,3654956,105,par_async,3,1,16,923.9834
cube,105,3,3654956,105,par_async,4,1,16,921.5749
cube,105,3,3654956,105,par_close,0,2,16,1388.8764
cube,105,3,3654956,105,par_close,1,2,16,1383.2684
cube,105,3,3654956,105,par_close,2,2,16,1376.9577
cube,105,3,3654956,105,par_close,3,2,16,1376.3410
cube,105,3,3654956,105,par_close,4,2,16,1374.8503
cube,105,3,3654956,105,par_async,0,2,16,488.3224
cube,105,3,3654956,105,par_async,1,2,16,486.9721
cube,105,3,3654956,105,par_async,2,2,16,488.1343
cube,105,3,3654956,105,par_async,3,2,16,486.7748
cube,105,3,3654956,105,par_async,4,2,16,487.6810
cube,105,3,3654956,105,par_close,0,4,16,748.4033
cube,105,3,3654956,105,par_close,1,4,16,751.4718
cube,105,3,3654956,105,par_close,2,4,16,739.4956
cube,105,3,3654956,105,par_close,3,4,16,738.4441
cube,105,3,3654956,105,par_close,4,4,16,742.8578
cube,105,3,3654956,105,par_async,0,4,16,269.7822
cube,105,3,3654956,105,par_async,1,4,16,269.3012
cube,105,3,3654956,105,par_async,2,4,16,273.4416
cube,105,3,3654956,105,par_async,3,4,16,268.7235
cube,105,3,3654956,105,par_async,4,4,16,268.1609
cube,105,3,3654956,105,par_close,0,8,16,405.1225
cube,105,3,3654956,105,par_close,1,8,16,405.6739
cube,105,3,3654956,105,par_close,2,8,16,400.3619
cube,105,3,3654956,105,par_close,3,8,16,402.4264
cube,105,3,3654956,105,par_close,4,8,16,403.1888
cube,105,3,3654956,105,par_async,0,8,16,151.4721
cube,105,3,3654956,105,par_async,1,8,16,149.5386
cube,105,3,3654956,105,par_async,2,8,16,149.6735
cube,105,3,3654956,105,par_async,3,8,16,151.1503
cube,105,3,3654956,105,par_async,4,8,16,150.1291
cube,105,3,3654956,105,par_close,0,16,16,234.7555
cube,105,3,3654956,105,par_close,1,16,16,232.3047
cube,105,3,3654956,105,par_close,2,16,16,228.9745
cube,105,3,3654956,105,par_close,3,16,16,232.0394
cube,105,3,3654956,105,par_close,4,16,16,231.0901
cube,105,3,3654956,105,par_async,0,16,16,85.0970
cube,105,3,3654956,105,par_async,1,16,16,84.3402
cube,105,3,3654956,105,par_async,2,16,16,85.0731
cube,105,3,3654956,105,par_async,3,16,16,84.8608
cube,105,3,3654956,105,par_async,4,16,16,84.5966
cube,105,3,3654956,105,par_close,0,32,16,138.2371
cube,105,3,3654956,105,par_close,1,32,16,140.7711
cube,105,3,3654956,105,par_close,2,32,16,139.6824
cube,105,3,3654956,105,par_close,3,32,16,136.9420
cube,105,3,3654956,105,par_close,4,32,16,137.5462
cube,105,3,3654956,105,par_async,0,32,16,48.8196
cube,105,3,3654956,105,par_async,1,32,16,50.2612
cube,105,3,3654956,105,par_async,2,32,16,49.3147
cube,105,3,3654956,105,par_async,3,32,16,49.7520
cube,105,3,3654956,105,par_async,4,32,16,49.9207
cube,105,3,3654956,105,par_close,0,64,16,100.8705
cube,105,3,3654956,105,par_close,1,64,16,100.0543
cube,105,3,3654956,105,par_close,2,64,16,99.9795
cube,105,3,3654956,105,par_close,3,64,16,98.7559
cube,105,3,3654956,105,par_close,4,64,16,98.8676
cube,105,3,3654956,105,par_async,0,64,16,39.9045
cube,105,3,3654956,105,par_async,1,64,16,39.5457
cube,105,3,3654956,105,par_async,2,64,16,40.3429
cube,105,3,3654956,105,par_async,3,64,16,39.4281
cube,105,3,3654956,105,par_async,4,64,16,39.6575
cube,105,3,3654956,105,par_close,0,96,16,79.2809
cube,105,3,3654956,105,par_close,1,96,16,78.8380
cube,105,3,3654956,105,par_close,2,96,16,81.0400
cube,105,3,3654956,105,par_close,3,96,16,78.1997
cube,105,3,3654956,105,par_close,4,96,16,79.8975
cube,105,3,3654956,105,par_async,0,96,16,34.4743
cube,105,3,3654956,105,par_async,1,96,16,33.7383
cube,105,3,3654956,105,par_async,2,96,16,33.6076
cube,105,3,3654956,105,par_async,3,96,16,34.5616
cube,105,3,3654956,105,par_async,4,96,16,33.4226
cube,105,3,3654956,105,par_close,0,128,16,70.3273
cube,105,3,3654956,105,par_close,1,128,16,68.5764
cube,105,3,3654956,105,par_close,2,128,16,74.2222
cube,105,3,3654956,105,par_close,3,128,16,70.9584
cube,105,3,3654956,105,par_close,4,128,16,70.8535
cube,105,3,3654956,105,par_async,0,128,16,27.9601
cube,105,3,3654956,105,par_async,1,128,16,29.2039
cube,105,3,3654956,105,par_async,2,128,16,28.1695
cube,105,3,3654956,105,par_async,3,128,16,27.9032
cube,105,3,3654956,105,par_async,4,128,16,27.9261
cube,105,3,3654956,105,par_close,0,192,16,67.0068
cube,105,3,3654956,105,par_close,1,192,16,65.7459
cube,105,3,3654956,105,par_close,2,192,16,72.0663
cube,105,3,3654956,105,par_close,3,192,16,68.7946
cube,105,3,3654956,105,par_close,4,192,16,73.1580
cube,105,3,3654956,105,par_async,0,192,16,28.2429
cube,105,3,3654956,105,par_async,1,192,16,28.3215
cube,105,3,3654956,105,par_async,2,192,16,28.8116
cube,105,3,3654956,105,par_async,3,192,16,28.6028
cube,105,3,3654956,105,par_async,4,192,16,28.6064
cube,130,3,7674298,130,nelson_simple,0,1,16,1729.1217
cube,130,3,7674298,130,nelson_simple,1,1,16,1704.2641
cube,130,3,7674298,130,nelson_simple,2,1,16,1722.8987
cube,130,3,7674298,130,nelson_simple,3,1,16,1722.0855
cube,130,3,7674298,130,nelson_simple,4,1,16,1733.8257
cube,130,3,7674298,130,par_close,0,1,16,5365.3505
cube,130,3,7674298,130,par_close,1,1,16,5469.5898
cube,130,3,7674298,130,par_close,2,1,16,5588.1013
cube,130,3,7674298,130,par_close,3,1,16,5613.2254
cube,130,3,7674298,130,par_close,4,1,16,5620.2784
cube,130,3,7674298,130,par_async,0,1,16,2351.5698
cube,130,3,7674298,130,par_async,1,1,16,2344.2968
cube,130,3,7674298,130,par_async,2,1,16,2342.7736
cube,130,3,7674298,130,par_async,3,1,16,2343.3096
cube,130,3,7674298,130,par_async,4,1,16,2343.8636
cube,130,3,7674298,130,par_close,0,2,16,2952.7857
cube,130,3,7674298,130,par_close,1,2,16,2963.0683
cube,130,3,7674298,130,par_close,2,2,16,2982.7077
cube,130,3,7674298,130,par_close,3,2,16,2989.8911
cube,130,3,7674298,130,par_close,4,2,16,2992.8949
cube,130,3,7674298,130,par_async,0,2,16,1237.0904
cube,130,3,7674298,130,par_async,1,2,16,1237.9510
cube,130,3,7674298,130,par_async,2,2,16,1233.6773
cube,130,3,7674298,130,par_async,3,2,16,1234.7545
cube,130,3,7674298,130,par_async,4,2,16,1239.6395
cube,130,3,7674298,130,par_close,0,4,16,1614.0136
cube,130,3,7674298,130,par_close,1,4,16,1637.6534
cube,130,3,7674298,130,par_close,2,4,16,1638.3590
cube,130,3,7674298,130,par_close,3,4,16,1633.2831
cube,130,3,7674298,130,par_close,4,4,16,1630.5492
cube,130,3,7674298,130,par_async,0,4,16,668.9180
cube,130,3,7674298,130,par_async,1,4,16,665.7157
cube,130,3,7674298,130,par_async,2,4,16,663.3463
cube,130,3,7674298,130,par_async,3,4,16,662.6843
cube,130,3,7674298,130,par_async,4,4,16,657.5865
cube,130,3,7674298,130,par_close,0,8,16,898.2115
cube,130,3,7674298,130,par_close,1,8,16,900.9560
cube,130,3,7674298,130,par_close,2,8,16,900.5667
cube,130,3,7674298,130,par_close,3,8,16,894.9601
cube,130,3,7674298,130,par_close,4,8,16,890.6304
cube,130,3,7674298,130,par_async,0,8,16,360.0104
cube,130,3,7674298,130,par_async,1,8,16,364.4113
cube,130,3,7674298,130,par_async,2,8,16,357.6570
cube,130,3,7674298,130,par_async,3,8,16,361.1141
cube,130,3,7674298,130,par_async,4,8,16,357.7162
cube,130,3,7674298,130,par_close,0,16,16,496.7326
cube,130,3,7674298,130,par_close,1,16,16,489.8535
cube,130,3,7674298,130,par_close,2,16,16,488.5035
cube,130,3,7674298,130,par_close,3,16,16,482.0601
cube,130,3,7674298,130,par_close,4,16,16,482.1900
cube,130,3,7674298,130,par_async,0,16,16,199.5565
cube,130,3,7674298,130,par_async,1,16,16,199.0271
cube,130,3,7674298,130,par_async,2,16,16,198.1196
cube,130,3,7674298,130,par_async,3,16,16,198.9294
cube,130,3,7674298,130,par_async,4,16,16,200.0528
cube,130,3,7674298,130,par_close,0,32,16,289.1048
cube,130,3,7674298,130,par_close,1,32,16,291.3793
cube,130,3,7674298,130,par_close,2,32,16,284.2702
cube,130,3,7674298,130,par_close,3,32,16,289.5915
cube,130,3,7674298,130,par_close,4,32,16,287.9936
cube,130,3,7674298,130,par_async,0,32,16,114.7949
cube,130,3,7674298,130,par_async,1,32,16,115.3662
cube,130,3,7674298,130,par_async,2,32,16,112.7530
cube,130,3,7674298,130,par_async,3,32,16,115.0752
cube,130,3,7674298,130,par_async,4,32,16,114.8413
cube,130,3,7674298,130,par_close,0,64,16,196.5015
cube,130,3,7674298,130,par_close,1,64,16,194.9547
cube,130,3,7674298,130,par_close,2,64,16,195.1912
cube,130,3,7674298,130,par_close,3,64,16,197.4041
cube,130,3,7674298,130,par_close,4,64,16,196.4860
cube,130,3,7674298,130,par_async,0,64,16,81.7485
cube,130,3,7674298,130,par_async,1,64,16,82.1614
cube,130,3,7674298,130,par_async,2,64,16,81.1587
cube,130,3,7674298,130,par_async,3,64,16,81.4923
cube,130,3,7674298,130,par_async,4,64,16,81.2956
cube,130,3,7674298,130,par_close,0,96,16,152.9932
cube,130,3,7674298,130,par_close,1,96,16,154.1685
cube,130,3,7674298,130,par_close,2,96,16,153.6819
cube,130,3,7674298,130,par_close,3,96,16,152.3653
cube,130,3,7674298,130,par_close,4,96,16,155.2117
cube,130,3,7674298,130,par_async,0,96,16,64.5580
cube,130,3,7674298,130,par_async,1,96,16,65.8970
cube,130,3,7674298,130,par_async,2,96,16,64.6475
cube,130,3,7674298,130,par_async,3,96,16,62.3129
cube,130,3,7674298,130,par_async,4,96,16,64.0215
cube,130,3,7674298,130,par_close,0,128,16,131.4233
cube,130,3,7674298,130,par_close,1,128,16,132.0110
cube,130,3,7674298,130,par_close,2,128,16,133.5176
cube,130,3,7674298,130,par_close,3,128,16,132.7591
cube,130,3,7674298,130,par_close,4,128,16,134.4320
cube,130,3,7674298,130,par_async,0,128,16,54.9358
cube,130,3,7674298,130,par_async,1,128,16,54.9165
cube,130,3,7674298,130,par_async,2,128,16,54.8265
cube,130,3,7674298,130,par_async,3,128,16,55.6015
cube,130,3,7674298,130,par_async,4,128,16,56.0082
cube,130,3,7674298,130,par_close,0,192,16,120.0808
cube,130,3,7674298,130,par_close,1,192,16,126.2362
cube,130,3,7674298,130,par_close,2,192,16,121.2912
cube,130,3,7674298,130,par_close,3,192,16,122.4735
cube,130,3,7674298,130,par_close,4,192,16,122.1849
cube,130,3,7674298,130,par_async,0,192,16,53.9453
cube,130,3,7674298,130,par_async,1,192,16,52.7193
cube,130,3,7674298,130,par_async,2,192,16,52.7928
cube,130,3,7674298,130,par_async,3,192,16,52.3285
cube,130,3,7674298,130,par_async,4,192,16,51.6087
cube,155,3,11421434,155,nelson_simple,0,1,16,2411.4047
cube,155,3,11421434,155,nelson_simple,1,1,16,2500.2705
cube,155,3,11421434,155,nelson_simple,2,1,16,2488.1056
cube,155,3,11421434,155,nelson_simple,3,1,16,2491.3867
cube,155,3,11421434,155,nelson_simple,4,1,16,2514.1934
cube,155,3,11421434,155,par_close,0,1,16,8512.1171
cube,155,3,11421434,155,par_close,1,1,16,8740.3818
cube,155,3,11421434,155,par_close,2,1,16,8937.4250
cube,155,3,11421434,155,par_close,3,1,16,9070.0120
cube,155,3,11421434,155,par_close,4,1,16,9120.5213
cube,155,3,11421434,155,par_async,0,1,16,3850.4003
cube,155,3,11421434,155,par_async,1,1,16,3830.9018
cube,155,3,11421434,155,par_async,2,1,16,3826.7862
cube,155,3,11421434,155,par_async,3,1,16,3817.0675
cube,155,3,11421434,155,par_async,4,1,16,3826.5290
cube,155,3,11421434,155,par_close,0,2,16,4612.0290
cube,155,3,11421434,155,par_close,1,2,16,4686.6887
cube,155,3,11421434,155,par_close,2,2,16,4746.1854
cube,155,3,11421434,155,par_close,3,2,16,4778.0886
cube,155,3,11421434,155,par_close,4,2,16,4794.5724
cube,155,3,11421434,155,par_async,0,2,16,2001.2601
cube,155,3,11421434,155,par_async,1,2,16,2002.3650
cube,155,3,11421434,155,par_async,2,2,16,1998.3806
cube,155,3,11421434,155,par_async,3,2,16,1996.2192
cube,155,3,11421434,155,par_async,4,2,16,2001.8109
cube,155,3,11421434,155,par_close,0,4,16,2525.5707
cube,155,3,11421434,155,par_close,1,4,16,2578.3465
cube,155,3,11421434,155,par_close,2,4,16,2591.0662
cube,155,3,11421434,155,par_close,3,4,16,2588.1045
cube,155,3,11421434,155,par_close,4,4,16,2598.8226
cube,155,3,11421434,155,par_async,0,4,16,1058.8491
cube,155,3,11421434,155,par_async,1,4,16,1059.3016
cube,155,3,11421434,155,par_async,2,4,16,1052.9209
cube,155,3,11421434,155,par_async,3,4,16,1056.2485
cube,155,3,11421434,155,par_async,4,4,16,1059.0502
cube,155,3,11421434,155,par_close,0,8,16,1391.9576
cube,155,3,11421434,155,par_close,1,8,16,1398.1262
cube,155,3,11421434,155,par_close,2,8,16,1407.5284
cube,155,3,11421434,155,par_close,3,8,16,1408.3770
cube,155,3,11421434,155,par_close,4,8,16,1409.8990
cube,155,3,11421434,155,par_async,0,8,16,561.5225
cube,155,3,11421434,155,par_async,1,8,16,558.0388
cube,155,3,11421434,155,par_async,2,8,16,558.0083
cube,155,3,11421434,155,par_async,3,8,16,558.2811
cube,155,3,11421434,155,par_async,4,8,16,558.2533
cube,155,3,11421434,155,par_close,0,16,16,749.3544
cube,155,3,11421434,155,par_close,1,16,16,750.0149
cube,155,3,11421434,155,par_close,2,16,16,748.8005
cube,155,3,11421434,155,par_close,3,16,16,743.4017
cube,155,3,11421434,155,par_close,4,16,16,743.3143
cube,155,3,11421434,155,par_async,0,16,16,299.5489
cube,155,3,11421434,155,par_async,1,16,16,300.7248
cube,155,3,11421434,155,par_async,2,16,16,302.2298
cube,155,3,11421434,155,par_async,3,16,16,299.2226
cube,155,3,11421434,155,par_async,4,16,16,301.2153
cube,155,3,11421434,155,par_close,0,32,16,434.1321
cube,155,3,11421434,155,par_close,1,32,16,426.2030
cube,155,3,11421434,155,par_close,2,32,16,429.5880
cube,155,3,11421434,155,par_close,3,32,16,429.6115
cube,155,3,11421434,155,par_close,4,32,16,428.6980
cube,155,3,11421434,155,par_async,0,32,16,172.0091
cube,155,3,11421434,155,par_async,1,32,16,175.0625
cube,155,3,11421434,155,par_async,2,32,16,172.1888
cube,155,3,11421434,155,par_async,3,32,16,172.9962
cube,155,3,11421434,155,par_async,4,32,16,172.5695
cube,155,3,11421434,155,par_close,0,64,16,291.9769
cube,155,3,11421434,155,par_close,1,64,16,293.6453
cube,155,3,11421434,155,par_close,2,64,16,291.6048
cube,155,3,11421434,155,par_close,3,64,16,286.2600
cube,155,3,11421434,155,par_close,4,64,16,290.4924
cube,155,3,11421434,155,par_async,0,64,16,120.7280
cube,155,3,11421434,155,par_async,1,64,16,117.8547
cube,155,3,11421434,155,par_async,2,64,16,116.6815
cube,155,3,11421434,155,par_async,3,64,16,117.6111
cube,155,3,11421434,155,par_async,4,64,16,117.0347
cube,155,3,11421434,155,par_close,0,96,16,218.7480
cube,155,3,11421434,155,par_close,1,96,16,214.8029
cube,155,3,11421434,155,par_close,2,96,16,214.5056
cube,155,3,11421434,155,par_close,3,96,16,219.4655
cube,155,3,11421434,155,par_close,4,96,16,212.6919
cube,155,3,11421434,155,par_async,0,96,16,88.8692
cube,155,3,11421434,155,par_async,1,96,16,89.2688
cube,155,3,11421434,155,par_async,2,96,16,89.1284
cube,155,3,11421434,155,par_async,3,96,16,87.7703
cube,155,3,11421434,155,par_async,4,96,16,87.1163
cube,155,3,11421434,155,par_close,0,128,16,190.1365
cube,155,3,11421434,155,par_close,1,128,16,186.3152
cube,155,3,11421434,155,par_close,2,128,16,189.1763
cube,155,3,11421434,155,par_close,3,128,16,189.2682
cube,155,3,11421434,155,par_close,4,128,16,186.4639
cube,155,3,11421434,155,par_async,0,128,16,81.4026
cube,155,3,11421434,155,par_async,1,128,16,80.5134
cube,155,3,11421434,155,par_async,2,128,16,79.6753
cube,155,3,11421434,155,par_async,3,128,16,79.2468
cube,155,3,11421434,155,par_async,4,128,16,80.4301
cube,155,3,11421434,155,par_close,0,192,16,176.7595
cube,155,3,11421434,155,par_close,1,192,16,179.4312
cube,155,3,11421434,155,par_close,2,192,16,180.2729
cube,155,3,11421434,155,par_close,3,192,16,183.4867
cube,155,3,11421434,155,par_close,4,192,16,174.9566
cube,155,3,11421434,155,par_async,0,192,16,75.8364
cube,155,3,11421434,155,par_async,1,192,16,79.4617
cube,155,3,11421434,155,par_async,2,192,16,77.1394
cube,155,3,11421434,155,par_async,3,192,16,77.1791
cube,155,3,11421434,155,par_async,4,192,16,75.7695
cube,180,3,20652200,180,nelson_simple,0,1,16,4954.4014
cube,180,3,20652200,180,nelson_simple,1,1,16,4971.1210
cube,180,3,20652200,180,nelson_simple,2,1,16,4996.7054
cube,180,3,20652200,180,nelson_simple,3,1,16,4990.0218
cube,180,3,20652200,180,nelson_simple,4,1,16,4960.1253
cube,180,3,20652200,180,par_close,0,1,16,17459.2762
cube,180,3,20652200,180,par_close,1,1,16,17672.6143
cube,180,3,20652200,180,par_close,2,1,16,18245.1789
cube,180,3,20652200,180,par_close,3,1,16,18563.8020
cube,180,3,20652200,180,par_close,4,1,16,18941.1287
cube,180,3,20652200,180,par_async,0,1,16,7795.7222
cube,180,3,20652200,180,par_async,1,1,16,7787.2490
cube,180,3,20652200,180,par_async,2,1,16,7791.3377
cube,180,3,20652200,180,par_async,3,1,16,7787.6922
cube,180,3,20652200,180,par_async,4,1,16,7794.2323
cube,180,3,20652200,180,par_close,0,2,16,9144.9313
cube,180,3,20652200,180,par_close,1,2,16,9340.9155
cube,180,3,20652200,180,par_close,2,2,16,9501.5767
cube,180,3,20652200,180,par_close,3,2,16,9613.6101
cube,180,3,20652200,180,par_close,4,2,16,9681.5246
cube,180,3,20652200,180,par_async,0,2,16,3889.6499
cube,180,3,20652200,180,par_async,1,2,16,3882.4958
cube,180,3,20652200,180,par_async,2,2,16,3884.4886
cube,180,3,20652200,180,par_async,3,2,16,3886.0256
cube,180,3,20652200,180,par_async,4,2,16,3882.3355
cube,180,3,20652200,180,par_close,0,4,16,5004.8468
cube,180,3,20652200,180,par_close,1,4,16,5179.0905
cube,180,3,20652200,180,par_close,2,4,16,5289.7510
cube,180,3,20652200,180,par_close,3,4,16,5333.5809
cube,180,3,20652200,180,par_close,4,4,16,5284.7651
cube,180,3,20652200,180,par_async,0,4,16,2027.5362
cube,180,3,20652200,180,par_async,1,4,16,2028.4156
cube,180,3,20652200,180,par_async,2,4,16,2018.0064
cube,180,3,20652200,180,par_async,3,4,16,2033.3605
cube,180,3,20652200,180,par_async,4,4,16,2028.4859
cube,180,3,20652200,180,par_close,0,8,16,2605.6561
cube,180,3,20652200,180,par_close,1,8,16,2703.9003
cube,180,3,20652200,180,par_close,2,8,16,2746.2603
cube,180,3,20652200,180,par_close,3,8,16,2748.7004
cube,180,3,20652200,180,par_close,4,8,16,2770.4049
cube,180,3,20652200,180,par_async,0,8,16,1051.4980
cube,180,3,20652200,180,par_async,1,8,16,1051.3330
cube,180,3,20652200,180,par_async,2,8,16,1054.2308
cube,180,3,20652200,180,par_async,3,8,16,1055.9749
cube,180,3,20652200,180,par_async,4,8,16,1052.2893
cube,180,3,20652200,180,par_close,0,16,16,1375.9706
cube,180,3,20652200,180,par_close,1,16,16,1401.8236
cube,180,3,20652200,180,par_close,2,16,16,1432.6826
cube,180,3,20652200,180,par_close,3,16,16,1439.0416
cube,180,3,20652200,180,par_close,4,16,16,1449.1749
cube,180,3,20652200,180,par_async,0,16,16,561.5238
cube,180,3,20652200,180,par_async,1,16,16,561.4450
cube,180,3,20652200,180,par_async,2,16,16,559.3877
cube,180,3,20652200,180,par_async,3,16,16,560.3692
cube,180,3,20652200,180,par_async,4,16,16,558.9818
cube,180,3,20652200,180,par_close,0,32,16,741.5858
cube,180,3,20652200,180,par_close,1,32,16,768.6525
cube,180,3,20652200,180,par_close,2,32,16,774.3768
cube,180,3,20652200,180,par_close,3,32,16,780.7089
cube,180,3,20652200,180,par_close,4,32,16,775.7998
cube,180,3,20652200,180,par_async,0,32,16,315.0805
cube,180,3,20652200,180,par_async,1,32,16,314.2506
cube,180,3,20652200,180,par_async,2,32,16,315.4383
cube,180,3,20652200,180,par_async,3,32,16,315.2251
cube,180,3,20652200,180,par_async,4,32,16,315.4818
cube,180,3,20652200,180,par_close,0,64,16,504.5997
cube,180,3,20652200,180,par_close,1,64,16,516.9980
cube,180,3,20652200,180,par_close,2,64,16,533.6281
cube,180,3,20652200,180,par_close,3,64,16,529.5972
cube,180,3,20652200,180,par_close,4,64,16,528.1156
cube,180,3,20652200,180,par_async,0,64,16,230.0037
cube,180,3,20652200,180,par_async,1,64,16,229.1025
cube,180,3,20652200,180,par_async,2,64,16,223.5187
cube,180,3,20652200,180,par_async,3,64,16,225.1230
cube,180,3,20652200,180,par_async,4,64,16,222.7728
cube,180,3,20652200,180,par_close,0,96,16,384.5075
cube,180,3,20652200,180,par_close,1,96,16,391.1487
cube,180,3,20652200,180,par_close,2,96,16,394.9489
cube,180,3,20652200,180,par_close,3,96,16,390.6561
cube,180,3,20652200,180,par_close,4,96,16,394.4455
cube,180,3,20652200,180,par_async,0,96,16,174.8350
cube,180,3,20652200,180,par_async,1,96,16,170.2427
cube,180,3,20652200,180,par_async,2,96,16,170.9336
cube,180,3,20652200,180,par_async,3,96,16,170.9140
cube,180,3,20652200,180,par_async,4,96,16,171.1474
cube,180,3,20652200,180,par_close,0,128,16,310.0235
cube,180,3,20652200,180,par_close,1,128,16,325.1590
cube,180,3,20652200,180,par_close,2,128,16,313.9423
cube,180,3,20652200,180,par_close,3,128,16,328.4849
cube,180,3,20652200,180,par_close,4,128,16,326.2273
cube,180,3,20652200,180,par_async,0,128,16,153.8358
cube,180,3,20652200,180,par_async,1,128,16,152.0747
cube,180,3,20652200,180,par_async,2,128,16,154.0986
cube,180,3,20652200,180,par_async,3,128,16,155.8408
cube,180,3,20652200,180,par_async,4,128,16,156.6234
cube,180,3,20652200,180,par_close,0,192,16,282.5966
cube,180,3,20652200,180,par_close,1,192,16,274.4667
cube,180,3,20652200,180,par_close,2,192,16,280.6772
cube,180,3,20652200,180,par_close,3,192,16,295.7534
cube,180,3,20652200,180,par_close,4,192,16,285.7530
cube,180,3,20652200,180,par_async,0,192,16,143.9965
cube,180,3,20652200,180,par_async,1,192,16,141.8510
cube,180,3,20652200,180,par_async,2,192,16,153.1026
cube,180,3,20652200,180,par_async,3,192,16,144.0348
cube,180,3,20652200,180,par_async,4,192,16,147.2465
cube,205,3,30048912,205,nelson_simple,0,1,16,7773.9685
cube,205,3,30048912,205,nelson_simple,1,1,16,7797.8354
cube,205,3,30048912,205,nelson_simple,2,1,16,7793.3043
cube,205,3,30048912,205,nelson_simple,3,1,16,7848.3171
cube,205,3,30048912,205,nelson_simple,4,1,16,7803.7146
cube,205,3,30048912,205,par_close,0,1,16,27199.2708
cube,205,3,30048912,205,par_close,1,1,16,28180.0893
cube,205,3,30048912,205,par_close,2,1,16,29200.3179
cube,205,3,30048912,205,par_close,3,1,16,29704.1166
cube,205,3,30048912,205,par_close,4,1,16,30265.4020
cube,205,3,30048912,205,par_async,0,1,16,11243.0269
cube,205,3,30048912,205,par_async,1,1,16,11253.2244
cube,205,3,30048912,205,par_async,2,1,16,11255.2213
cube,205,3,30048912,205,par_async,3,1,16,11255.3593
cube,205,3,30048912,205,par_async,4,1,16,11256.1201
cube,205,3,30048912,205,par_close,0,2,16,14637.8945
cube,205,3,30048912,205,par_close,1,2,16,14970.7374
cube,205,3,30048912,205,par_close,2,2,16,15302.1061
cube,205,3,30048912,205,par_close,3,2,16,15503.4355
cube,205,3,30048912,205,par_close,4,2,16,15651.8270
cube,205,3,30048912,205,par_async,0,2,16,5779.8755
cube,205,3,30048912,205,par_async,1,2,16,5785.1815
cube,205,3,30048912,205,par_async,2,2,16,5784.1333
cube,205,3,30048912,205,par_async,3,2,16,5780.5508
cube,205,3,30048912,205,par_async,4,2,16,5779.1259
cube,205,3,30048912,205,par_close,0,4,16,7781.2436
cube,205,3,30048912,205,par_close,1,4,16,8065.6162
cube,205,3,30048912,205,par_close,2,4,16,8265.3406
cube,205,3,30048912,205,par_close,3,4,16,8437.2659
cube,205,3,30048912,205,par_close,4,4,16,8424.9803
cube,205,3,30048912,205,par_async,0,4,16,3046.2269
cube,205,3,30048912,205,par_async,1,4,16,3053.0542
cube,205,3,30048912,205,par_async,2,4,16,3061.8955
cube,205,3,30048912,205,par_async,3,4,16,3058.7416
cube,205,3,30048912,205,par_async,4,4,16,3065.9591
cube,205,3,30048912,205,par_close,0,8,16,4056.6078
cube,205,3,30048912,205,par_close,1,8,16,4220.8557
cube,205,3,30048912,205,par_close,2,8,16,4388.4500
cube,205,3,30048912,205,par_close,3,8,16,4397.0431
cube,205,3,30048912,205,par_close,4,8,16,4394.5132
cube,205,3,30048912,205,par_async,0,8,16,1577.5254
cube,205,3,30048912,205,par_async,1,8,16,1574.1756
cube,205,3,30048912,205,par_async,2,8,16,1575.6267
cube,205,3,30048912,205,par_async,3,8,16,1573.7768
cube,205,3,30048912,205,par_async,4,8,16,1575.3613
cube,205,3,30048912,205,par_close,0,16,16,2110.9443
cube,205,3,30048912,205,par_close,1,16,16,2189.4139
cube,205,3,30048912,205,par_close,2,16,16,2207.5920
cube,205,3,30048912,205,par_close,3,16,16,2219.1195
cube,205,3,30048912,205,par_close,4,16,16,2239.8384
cube,205,3,30048912,205,par_async,0,16,16,827.0198
cube,205,3,30048912,205,par_async,1,16,16,834.8137
cube,205,3,30048912,205,par_async,2,16,16,828.8753
cube,205,3,30048912,205,par_async,3,16,16,827.7468
cube,205,3,30048912,205,par_async,4,16,16,826.6346
cube,205,3,30048912,205,par_close,0,32,16,1130.3122
cube,205,3,30048912,205,par_close,1,32,16,1177.3872
cube,205,3,30048912,205,par_close,2,32,16,1198.2769
cube,205,3,30048912,205,par_close,3,32,16,1196.8111
cube,205,3,30048912,205,par_close,4,32,16,1199.4328
cube,205,3,30048912,205,par_async,0,32,16,467.4232
cube,205,3,30048912,205,par_async,1,32,16,465.9340
cube,205,3,30048912,205,par_async,2,32,16,465.5586
cube,205,3,30048912,205,par_async,3,32,16,464.9161
cube,205,3,30048912,205,par_async,4,32,16,467.1149
cube,205,3,30048912,205,par_close,0,64,16,722.5579
cube,205,3,30048912,205,par_close,1,64,16,736.0150
cube,205,3,30048912,205,par_close,2,64,16,745.2411
cube,205,3,30048912,205,par_close,3,64,16,746.2228
cube,205,3,30048912,205,par_close,4,64,16,732.2327
cube,205,3,30048912,205,par_async,0,64,16,305.4265
cube,205,3,30048912,205,par_async,1,64,16,307.9603
cube,205,3,30048912,205,par_async,2,64,16,304.2010
cube,205,3,30048912,205,par_async,3,64,16,300.1077
cube,205,3,30048912,205,par_async,4,64,16,305.2726
cube,205,3,30048912,205,par_close,0,96,16,522.9210
cube,205,3,30048912,205,par_close,1,96,16,536.7038
cube,205,3,30048912,205,par_close,2,96,16,547.9868
cube,205,3,30048912,205,par_close,3,96,16,540.7232
cube,205,3,30048912,205,par_close,4,96,16,558.5743
cube,205,3,30048912,205,par_async,0,96,16,247.4045
cube,205,3,30048912,205,par_async,1,96,16,246.9169
cube,205,3,30048912,205,par_async,2,96,16,247.7806
cube,205,3,30048912,205,par_async,3,96,16,245.1402
cube,205,3,30048912,205,par_async,4,96,16,237.6244
cube,205,3,30048912,205,par_close,0,128,16,440.8501
cube,205,3,30048912,205,par_close,1,128,16,457.7661
cube,205,3,30048912,205,par_close,2,128,16,457.5482
cube,205,3,30048912,205,par_close,3,128,16,453.5368
cube,205,3,30048912,205,par_close,4,128,16,457.4714
cube,205,3,30048912,205,par_async,0,128,16,227.8433
cube,205,3,30048912,205,par_async,1,128,16,227.6650
cube,205,3,30048912,205,par_async,2,128,16,222.0060
cube,205,3,30048912,205,par_async,3,128,16,222.6642
cube,205,3,30048912,205,par_async,4,128,16,220.2309
cube,205,3,30048912,205,par_close,0,192,16,390.0462
cube,205,3,30048912,205,par_close,1,192,16,411.4622
cube,205,3,30048912,205,par_close,2,192,16,417.6440
cube,205,3,30048912,205,par_close,3,192,16,405.6200
cube,205,3,30048912,205,par_close,4,192,16,419.6952
cube,205,3,30048912,205,par_async,0,192,16,215.0140
cube,205,3,30048912,205,par_async,1,192,16,215.2048
cube,205,3,30048912,205,par_async,2,192,16,215.7162
cube,205,3,30048912,205,par_async,3,192,16,214.2737
cube,205,3,30048912,205,par_async,4,192,16,213.4660
cube,5,4,426,5,nelson_simple,0,1,16,0.0310
cube,5,4,426,5,nelson_simple,1,1,16,0.0320
cube,5,4,426,5,nelson_simple,2,1,16,0.0271
cube,5,4,426,5,nelson_simple,3,1,16,0.0267
cube,5,4,426,5,nelson_simple,4,1,16,0.0270
cube,5,4,426,5,par_close,0,1,16,0.2397
cube,5,4,426,5,par_close,1,1,16,0.2356
cube,5,4,426,5,par_close,2,1,16,0.2319
cube,5,4,426,5,par_close,3,1,16,0.2308
cube,5,4,426,5,par_close,4,1,16,0.2276
cube,5,4,426,5,par_async,0,1,16,0.0596
cube,5,4,426,5,par_async,1,1,16,0.0587
cube,5,4,426,5,par_async,2,1,16,0.0581
cube,5,4,426,5,par_async,3,1,16,0.0584
cube,5,4,426,5,par_async,4,1,16,0.0564
cube,5,4,426,5,par_close,0,2,16,0.2472
cube,5,4,426,5,par_close,1,2,16,0.3021
cube,5,4,426,5,par_close,2,2,16,0.3661
cube,5,4,426,5,par_close,3,2,16,0.4423
cube,5,4,426,5,par_close,4,2,16,0.3860
cube,5,4,426,5,par_async,0,2,16,0.0608
cube,5,4,426,5,par_async,1,2,16,0.0589
cube,5,4,426,5,par_async,2,2,16,0.0569
cube,5,4,426,5,par_async,3,2,16,0.0622
cube,5,4,426,5,par_async,4,2,16,0.0576
cube,5,4,426,5,par_close,0,4,16,0.3402
cube,5,4,426,5,par_close,1,4,16,0.2637
cube,5,4,426,5,par_close,2,4,16,0.2425
cube,5,4,426,5,par_close,3,4,16,0.2444
cube,5,4,426,5,par_close,4,4,16,0.3686
cube,5,4,426,5,par_async,0,4,16,0.0601
cube,5,4,426,5,par_async,1,4,16,0.0588
cube,5,4,426,5,par_async,2,4,16,0.0600
cube,5,4,426,5,par_async,3,4,16,0.0593
cube,5,4,426,5,par_async,4,4,16,0.0589
cube,5,4,426,5,par_close,0,8,16,0.2819
cube,5,4,426,5,par_close,1,8,16,0.2534
cube,5,4,426,5,par_close,2,8,16,0.2389
cube,5,4,426,5,par_close,3,8,16,0.2443
cube,5,4,426,5,par_close,4,8,16,0.2389
cube,5,4,426,5,par_async,0,8,16,0.0542
cube,5,4,426,5,par_async,1,8,16,0.0547
cube,5,4,426,5,par_async,2,8,16,0.0539
cube,5,4,426,5,par_async,3,8,16,0.0531
cube,5,4,426,5,par_async,4,8,16,0.0535
cube,5,4,426,5,par_close,0,16,16,0.2823
cube,5,4,426,5,par_close,1,16,16,0.2657
cube,5,4,426,5,par_close,2,16,16,0.2770
cube,5,4,426,5,par_close,3,16,16,0.2615
cube,5,4,426,5,par_close,4,16,16,0.2497
cube,5,4,426,5,par_async,0,16,16,0.0648
cube,5,4,426,5,par_async,1,16,16,0.0661
cube,5,4,426,5,par_async,2,16,16,0.0586
cube,5,4,426,5,par_async,3,16,16,0.0643
cube,5,4,426,5,par_async,4,16,16,0.0590
cube,5,4,426,5,par_close,0,32,16,0.4206
cube,5,4,426,5,par_close,1,32,16,0.4870
cube,5,4,426,5,par_close,2,32,16,0.2505
cube,5,4,426,5,par_close,3,32,16,0.2514
cube,5,4,426,5,par_close,4,32,16,0.2572
cube,5,4,426,5,par_async,0,32,16,0.0610
cube,5,4,426,5,par_async,1,32,16,0.0587
cube,5,4,426,5,par_async,2,32,16,0.0588
cube,5,4,426,5,par_async,3,32,16,0.0573
cube,5,4,426,5,par_async,4,32,16,0.0566
cube,5,4,426,5,par_close,0,64,16,0.5222
cube,5,4,426,5,par_close,1,64,16,0.2522
cube,5,4,426,5,par_close,2,64,16,0.2767
cube,5,4,426,5,par_close,3,64,16,0.2661
cube,5,4,426,5,par_close,4,64,16,0.2684
cube,5,4,426,5,par_async,0,64,16,0.0797
cube,5,4,426,5,par_async,1,64,16,0.0737
cube,5,4,426,5,par_async,2,64,16,0.0676
cube,5,4,426,5,par_async,3,64,16,0.0711
cube,5,4,426,5,par_async,4,64,16,0.0715
cube,5,4,426,5,par_close,0,96,16,0.9935
cube,5,4,426,5,par_close,1,96,16,0.4280
cube,5,4,426,5,par_close,2,96,16,0.5222
cube,5,4,426,5,par_close,3,96,16,0.5607
cube,5,4,426,5,par_close,4,96,16,0.3478
cube,5,4,426,5,par_async,0,96,16,0.0788
cube,5,4,426,5,par_async,1,96,16,0.0668
cube,5,4,426,5,par_async,2,96,16,0.0808
cube,5,4,426,5,par_async,3,96,16,0.0601
cube,5,4,426,5,par_async,4,96,16,0.0759
cube,5,4,426,5,par_close,0,128,16,1.2274
cube,5,4,426,5,par_close,1,128,16,0.6490
cube,5,4,426,5,par_close,2,128,16,0.5988
cube,5,4,426,5,par_close,3,128,16,0.3908
cube,5,4,426,5,par_close,4,128,16,0.3015
cube,5,4,426,5,par_async,0,128,16,0.0720
cube,5,4,426,5,par_async,1,128,16,0.0714
cube,5,4,426,5,par_async,2,128,16,0.0693
cube,5,4,426,5,par_async,3,128,16,0.0653
cube,5,4,426,5,par_async,4,128,16,0.0716
cube,5,4,426,5,par_close,0,192,16,2.1095
cube,5,4,426,5,par_close,1,192,16,1.0020
cube,5,4,426,5,par_close,2,192,16,0.5291
cube,5,4,426,5,par_close,3,192,16,0.4960
cube,5,4,426,5,par_close,4,192,16,0.4601
cube,5,4,426,5,par_async,0,192,16,0.0735
cube,5,4,426,5,par_async,1,192,16,0.0725
cube,5,4,426,5,par_async,2,192,16,0.0805
cube,5,4,426,5,par_async,3,192,16,0.0636
cube,5,4,426,5,par_async,4,192,16,0.0782
cube,30,4,87998,30,nelson_simple,0,1,16,10.5691
cube,30,4,87998,30,nelson_simple,1,1,16,12.4427
cube,30,4,87998,30,nelson_simple,2,1,16,11.6457
cube,30,4,87998,30,nelson_simple,3,1,16,10.5136
cube,30,4,87998,30,nelson_simple,4,1,16,10.2337
cube,30,4,87998,30,par_close,0,1,16,56.0480
cube,30,4,87998,30,par_close,1,1,16,56.4062
cube,30,4,87998,30,par_close,2,1,16,57.1729
cube,30,4,87998,30,par_close,3,1,16,57.5993
cube,30,4,87998,30,par_close,4,1,16,57.8885
cube,30,4,87998,30,par_async,0,1,16,15.4960
cube,30,4,87998,30,par_async,1,1,16,15.3679
cube,30,4,87998,30,par_async,2,1,16,15.3178
cube,30,4,87998,30,par_async,3,1,16,15.3955
cube,30,4,87998,30,par_async,4,1,16,15.2747
cube,30,4,87998,30,par_close,0,2,16,46.3014
cube,30,4,87998,30,par_close,1,2,16,44.8339
cube,30,4,87998,30,par_close,2,2,16,45.6386
cube,30,4,87998,30,par_close,3,2,16,45.8903
cube,30,4,87998,30,par_close,4,2,16,45.9917
cube,30,4,87998,30,par_async,0,2,16,12.0276
cube,30,4,87998,30,par_async,1,2,16,12.0164
cube,30,4,87998,30,par_async,2,2,16,12.0339
cube,30,4,87998,30,par_async,3,2,16,12.0214
cube,30,4,87998,30,par_async,4,2,16,12.1857
cube,30,4,87998,30,par_close,0,4,16,30.6340
cube,30,4,87998,30,par_close,1,4,16,29.8899
cube,30,4,87998,30,par_close,2,4,16,30.4453
cube,30,4,87998,30,par_close,3,4,16,30.4836
cube,30,4,87998,30,par_close,4,4,16,30.3889
cube,30,4,87998,30,par_async,0,4,16,9.3789
cube,30,4,87998,30,par_async,1,4,16,9.4529
cube,30,4,87998,30,par_async,2,4,16,9.5304
cube,30,4,87998,30,par_async,3,4,16,9.7015
cube,30,4,87998,30,par_async,4,4,16,9.4577
cube,30,4,87998,30,par_close,0,8,16,18.3985
cube,30,4,87998,30,par_close,1,8,16,19.0349
cube,30,4,87998,30,par_close,2,8,16,19.6414
cube,30,4,87998,30,par_close,3,8,16,19.3881
cube,30,4,87998,30,par_close,4,8,16,20.0445
cube,30,4,87998,30,par_async,0,8,16,7.4409
cube,30,4,87998,30,par_async,1,8,16,7.5630
cube,30,4,87998,30,par_async,2,8,16,7.4611
cube,30,4,87998,30,par_async,3,8,16,7.6971
cube,30,4,87998,30,par_async,4,8,16,7.7486
cube,30,4,87998,30,par_close,0,16,16,12.0189
cube,30,4,87998,30,par_close,1,16,16,12.0412
cube,30,4,87998,30,par_close,2,16,16,12.0803
cube,30,4,87998,30,par_close,3,16,16,11.5450
cube,30,4,87998,30,par_close,4,16,16,11.9478
cube,30,4,87998,30,par_async,0,16,16,5.4025
cube,30,4,87998,30,par_async,1,16,16,5.7760
cube,30,4,87998,30,par_async,2,16,16,5.5599
cube,30,4,87998,30,par_async,3,16,16,5.4484
cube,30,4,87998,30,par_async,4,16,16,5.5262
cube,30,4,87998,30,par_close,0,32,16,8.8238
cube,30,4,87998,30,par_close,1,32,16,8.5934
cube,30,4,87998,30,par_close,2,32,16,8.5334
cube,30,4,87998,30,par_close,3,32,16,8.6609
cube,30,4,87998,30,par_close,4,32,16,8.5926
cube,30,4,87998,30,par_async,0,32,16,4.7920
cube,30,4,87998,30,par_async,1,32,16,4.7625
cube,30,4,87998,30,par_async,2,32,16,4.7948
cube,30,4,87998,30,par_async,3,32,16,4.8055
cube,30,4,87998,30,par_async,4,32,16,4.6907
cube,30,4,87998,30,par_close,0,64,16,7.9221
cube,30,4,87998,30,par_close,1,64,16,7.8457
cube,30,4,87998,30,par_close,2,64,16,7.7102
cube,30,4,87998,30,par_close,3,64,16,7.7467
cube,30,4,87998,30,par_close,4,64,16,7.4634
cube,30,4,87998,30,par_async,0,64,16,4.4652
cube,30,4,87998,30,par_async,1,64,16,4.5433
cube,30,4,87998,30,par_async,2,64,16,4.4946
cube,30,4,87998,30,par_async,3,64,16,4.5771
cube,30,4,87998,30,par_async,4,64,16,4.5631
cube,30,4,87998,30,par_close,0,96,16,9.0155
cube,30,4,87998,30,par_close,1,96,16,8.8506
cube,30,4,87998,30,par_close,2,96,16,8.1339
cube,30,4,87998,30,par_close,3,96,16,7.9680
cube,30,4,87998,30,par_close,4,96,16,7.9622
cube,30,4,87998,30,par_async,0,96,16,4.8808
cube,30,4,87998,30,par_async,1,96,16,4.8965
cube,30,4,87998,30,par_async,2,96,16,4.9323
cube,30,4,87998,30,par_async,3,96,16,4.9248
cube,30,4,87998,30,par_async,4,96,16,4.7661
cube,30,4,87998,30,par_close,0,128,16,8.3883
cube,30,4,87998,30,par_close,1,128,16,7.6631
cube,30,4,87998,30,par_close,2,128,16,7.4277
cube,30,4,87998,30,par_close,3,128,16,7.6908
cube,30,4,87998,30,par_close,4,128,16,7.2889
cube,30,4,87998,30,par_async,0,128,16,4.5303
cube,30,4,87998,30,par_async,1,128,16,4.6002
cube,30,4,87998,30,par_async,2,128,16,4.5492
cube,30,4,87998,30,par_async,3,128,16,4.4659
cube,30,4,87998,30,par_async,4,128,16,4.5387
cube,30,4,87998,30,par_close,0,192,16,9.1559
cube,30,4,87998,30,par_close,1,192,16,8.8173
cube,30,4,87998,30,par_close,2,192,16,8.9268
cube,30,4,87998,30,par_close,3,192,16,8.4148
cube,30,4,87998,30,par_close,4,192,16,8.2375
cube,30,4,87998,30,par_async,0,192,16,5.1150
cube,30,4,87998,30,par_async,1,192,16,5.0984
cube,30,4,87998,30,par_async,2,192,16,5.1271
cube,30,4,87998,30,par_async,3,192,16,5.0202
cube,30,4,87998,30,par_async,4,192,16,5.0828
cube,55,4,499526,55,nelson_simple,0,1,16,84.6214
cube,55,4,499526,55,nelson_simple,1,1,16,88.4009
cube,55,4,499526,55,nelson_simple,2,1,16,89.7606
cube,55,4,499526,55,nelson_simple,3,1,16,88.6456
cube,55,4,499526,55,nelson_simple,4,1,16,84.4785
cube,55,4,499526,55,par_close,0,1,16,326.4477
cube,55,4,499526,55,par_close,1,1,16,325.5442
cube,55,4,499526,55,par_close,2,1,16,326.6793
cube,55,4,499526,55,par_close,3,1,16,330.5821
cube,55,4,499526,55,par_close,4,1,16,327.0703
cube,55,4,499526,55,par_async,0,1,16,93.6190
cube,55,4,499526,55,par_async,1,1,16,92.9511
cube,55,4,499526,55,par_async,2,1,16,93.4505
cube,55,4,499526,55,par_async,3,1,16,93.1879
cube,55,4,499526,55,par_async,4,1,16,93.7140
cube,55,4,499526,55,par_close,0,2,16,197.4313
cube,55,4,499526,55,par_close,1,2,16,195.4094
cube,55,4,499526,55,par_close,2,2,16,194.2045
cube,55,4,499526,55,par_close,3,2,16,193.5286
cube,55,4,499526,55,par_close,4,2,16,193.0096
cube,55,4,499526,55,par_async,0,2,16,56.6288
cube,55,4,499526,55,par_async,1,2,16,56.4316
cube,55,4,499526,55,par_async,2,2,16,56.5489
cube,55,4,499526,55,par_async,3,2,16,55.8699
cube,55,4,499526,55,par_async,4,2,16,56.8910
cube,55,4,499526,55,par_close,0,4,16,115.0234
cube,55,4,499526,55,par_close,1,4,16,112.6687
cube,55,4,499526,55,par_close,2,4,16,112.6375
cube,55,4,499526,55,par_close,3,4,16,112.6438
cube,55,4,499526,55,par_close,4,4,16,112.3990
cube,55,4,499526,55,par_async,0,4,16,35.9958
cube,55,4,499526,55,par_async,1,4,16,35.3635
cube,55,4,499526,55,par_async,2,4,16,35.2460
cube,55,4,499526,55,par_async,3,4,16,35.8753
cube,55,4,499526,55,par_async,4,4,16,35.0719
cube,55,4,499526,55,par_close,0,8,16,67.9610
cube,55,4,499526,55,par_close,1,8,16,67.5433
cube,55,4,499526,55,par_close,2,8,16,67.1266
cube,55,4,499526,55,par_close,3,8,16,67.0897
cube,55,4,499526,55,par_close,4,8,16,66.9470
cube,55,4,499526,55,par_async,0,8,16,23.4086
cube,55,4,499526,55,par_async,1,8,16,22.7566
cube,55,4,499526,55,par_async,2,8,16,23.6058
cube,55,4,499526,55,par_async,3,8,16,23.2692
cube,55,4,499526,55,par_async,4,8,16,23.3992
cube,55,4,499526,55,par_close,0,16,16,39.0694
cube,55,4,499526,55,par_close,1,16,16,39.1480
cube,55,4,499526,55,par_close,2,16,16,38.4922
cube,55,4,499526,55,par_close,3,16,16,38.9285
cube,55,4,499526,55,par_close,4,16,16,37.8720
cube,55,4,499526,55,par_async,0,16,16,15.8385
cube,55,4,499526,55,par_async,1,16,16,16.1874
cube,55,4,499526,55,par_async,2,16,16,16.5973
cube,55,4,499526,55,par_async,3,16,16,15.8322
cube,55,4,499526,55,par_async,4,16,16,16.7380
cube,55,4,499526,55,par_close,0,32,16,25.5563
cube,55,4,499526,55,par_close,1,32,16,25.1967
cube,55,4,499526,55,par_close,2,32,16,25.9190
cube,55,4,499526,55,par_close,3,32,16,25.0828
cube,55,4,499526,55,par_close,4,32,16,24.9069
cube,55,4,499526,55,par_async,0,32,16,11.8236
cube,55,4,499526,55,par_async,1,32,16,12.0267
cube,55,4,499526,55,par_async,2,32,16,11.7474
cube,55,4,499526,55,par_async,3,32,16,11.8419
cube,55,4,499526,55,par_async,4,32,16,11.3967
cube,55,4,499526,55,par_close,0,64,16,19.5373
cube,55,4,499526,55,par_close,1,64,16,19.8889
cube,55,4,499526,55,par_close,2,64,16,19.3486
cube,55,4,499526,55,par_close,3,64,16,20.0357
cube,55,4,499526,55,par_close,4,64,16,20.4525
cube,55,4,499526,55,par_async,0,64,16,10.9082
cube,55,4,499526,55,par_async,1,64,16,11.1767
cube,55,4,499526,55,par_async,2,64,16,11.3464
cube,55,4,499526,55,par_async,3,64,16,11.1635
cube,55,4,499526,55,par_async,4,64,16,11.3486
cube,55,4,499526,55,par_close,0,96,16,16.2445
cube,55,4,499526,55,par_close,1,96,16,16.0491
cube,55,4,499526,55,par_close,2,96,16,16.1196
cube,55,4,499526,55,par_close,3,96,16,16.1079
cube,55,4,499526,55,par_close,4,96,16,16.4089
cube,55,4,499526,55,par_async,0,96,16,9.2949
cube,55,4,499526,55,par_async,1,96,16,9.3472
cube,55,4,499526,55,par_async,2,96,16,9.0315
cube,55,4,499526,55,par_async,3,96,16,9.4117
cube,55,4,499526,55,par_async,4,96,16,9.3161
cube,55,4,499526,55,par_close,0,128,16,15.6312
cube,55,4,499526,55,par_close,1,128,16,15.0152
cube,55,4,499526,55,par_close,2,128,16,14.9664
cube,55,4,499526,55,par_close,3,128,16,15.2462
cube,55,4,499526,55,par_close,4,128,16,15.5483
cube,55,4,499526,55,par_async,0,128,16,9.5852
cube,55,4,499526,55,par_async,1,128,16,9.7133
cube,55,4,499526,55,par_async,2,128,16,9.6346
cube,55,4,499526,55,par_async,3,128,16,9.6540
cube,55,4,499526,55,par_async,4,128,16,9.7403
cube,55,4,499526,55,par_close,0,192,16,15.8669
cube,55,4,499526,55,par_close,1,192,16,15.5359
cube,55,4,499526,55,par_close,2,192,16,15.8623
cube,55,4,499526,55,par_close,3,192,16,15.6504
cube,55,4,499526,55,par_close,4,192,16,15.5553
cube,55,4,499526,55,par_async,0,192,16,10.4837
cube,55,4,499526,55,par_async,1,192,16,10.5190
cube,55,4,499526,55,par_async,2,192,16,10.5455
cube,55,4,499526,55,par_async,3,192,16,10.5180
cube,55,4,499526,55,par_async,4,192,16,10.4641
cube,80,4,1706826,80,nelson_simple,0,1,16,321.5323
cube,80,4,1706826,80,nelson_simple,1,1,16,328.9696
cube,80,4,1706826,80,nelson_simple,2,1,16,338.2791
cube,80,4,1706826,80,nelson_simple,3,1,16,333.8770
cube,80,4,1706826,80,nelson_simple,4,1,16,332.1881
cube,80,4,1706826,80,par_close,0,1,16,1100.4198
cube,80,4,1706826,80,par_close,1,1,16,1102.6958
cube,80,4,1706826,80,par_close,2,1,16,1101.4059
cube,80,4,1706826,80,par_close,3,1,16,1103.3804
cube,80,4,1706826,80,par_close,4,1,16,1103.4608
cube,80,4,1706826,80,par_async,0,1,16,325.0305
cube,80,4,1706826,80,par_async,1,1,16,324.4748
cube,80,4,1706826,80,par_async,2,1,16,324.2508
cube,80,4,1706826,80,par_async,3,1,16,323.9048
cube,80,4,1706826,80,par_async,4,1,16,323.9605
cube,80,4,1706826,80,par_close,0,2,16,605.9792
cube,80,4,1706826,80,par_close,1,2,16,604.4372
cube,80,4,1706826,80,par_close,2,2,16,599.5428
cube,80,4,1706826,80,par_close,3,2,16,599.4193
cube,80,4,1706826,80,par_close,4,2,16,600.9348
cube,80,4,1706826,80,par_async,0,2,16,181.1460
cube,80,4,1706826,80,par_async,1,2,16,179.2056
cube,80,4,1706826,80,par_async,2,2,16,180.5932
cube,80,4,1706826,80,par_async,3,2,16,178.9858
cube,80,4,1706826,80,par_async,4,2,16,178.7855
cube,80,4,1706826,80,par_close,0,4,16,348.6411
cube,80,4,1706826,80,par_close,1,4,16,338.1927
cube,80,4,1706826,80,par_close,2,4,16,339.0602
cube,80,4,1706826,80,par_close,3,4,16,337.2737
cube,80,4,1706826,80,par_close,4,4,16,340.7478
cube,80,4,1706826,80,par_async,0,4,16,104.0530
cube,80,4,1706826,80,par_async,1,4,16,102.6296
cube,80,4,1706826,80,par_async,2,4,16,102.4687
cube,80,4,1706826,80,par_async,3,4,16,104.6465
cube,80,4,1706826,80,par_async,4,4,16,104.6163
cube,80,4,1706826,80,par_close,0,8,16,198.1425
cube,80,4,1706826,80,par_close,1,8,16,195.0639
cube,80,4,1706826,80,par_close,2,8,16,192.7402
cube,80,4,1706826,80,par_close,3,8,16,192.9545
cube,80,4,1706826,80,par_close,4,8,16,190.6544
cube,80,4,1706826,80,par_async,0,8,16,59.3114
cube,80,4,1706826,80,par_async,1,8,16,59.0414
cube,80,4,1706826,80,par_async,2,8,16,63.4453
cube,80,4,1706826,80,par_async,3,8,16,62.9622
cube,80,4,1706826,80,par_async,4,8,16,59.3702
cube,80,4,1706826,80,par_close,0,16,16,114.7676
cube,80,4,1706826,80,par_close,1,16,16,112.7093
cube,80,4,1706826,80,par_close,2,16,16,111.9572
cube,80,4,1706826,80,par_close,3,16,16,111.9276
cube,80,4,1706826,80,par_close,4,16,16,109.9016
cube,80,4,1706826,80,par_async,0,16,16,31.7282
cube,80,4,1706826,80,par_async,1,16,16,31.6027
cube,80,4,1706826,80,par_async,2,16,16,31.5198
cube,80,4,1706826,80,par_async,3,16,16,31.2086
cube,80,4,1706826,80,par_async,4,16,16,31.5889
cube,80,4,1706826,80,par_close,0,32,16,70.3394
cube,80,4,1706826,80,par_close,1,32,16,70.8691
cube,80,4,1706826,80,par_close,2,32,16,73.9218
cube,80,4,1706826,80,par_close,3,32,16,72.4261
cube,80,4,1706826,80,par_close,4,32,16,73.7454
cube,80,4,1706826,80,par_async,0,32,16,19.6830
cube,80,4,1706826,80,par_async,1,32,16,19.8411
cube,80,4,1706826,80,par_async,2,32,16,19.3556
cube,80,4,1706826,80,par_async,3,32,16,19.2764
cube,80,4,1706826,80,par_async,4,32,16,19.0586
cube,80,4,1706826,80,par_close,0,64,16,49.8903
cube,80,4,1706826,80,par_close,1,64,16,50.4234
cube,80,4,1706826,80,par_close,2,64,16,50.8598
cube,80,4,1706826,80,par_close,3,64,16,50.8533
cube,80,4,1706826,80,par_close,4,64,16,53.5962
cube,80,4,1706826,80,par_async,0,64,16,16.3340
cube,80,4,1706826,80,par_async,1,64,16,15.8454
cube,80,4,1706826,80,par_async,2,64,16,15.9864
cube,80,4,1706826,80,par_async,3,64,16,15.8437
cube,80,4,1706826,80,par_async,4,64,16,15.9690
cube,80,4,1706826,80,par_close,0,96,16,40.7131
cube,80,4,1706826,80,par_close,1,96,16,40.6398
cube,80,4,1706826,80,par_close,2,96,16,41.5682
cube,80,4,1706826,80,par_close,3,96,16,43.4471
cube,80,4,1706826,80,par_close,4,96,16,41.3414
cube,80,4,1706826,80,par_async,0,96,16,12.5097
cube,80,4,1706826,80,par_async,1,96,16,12.3680
cube,80,4,1706826,80,par_async,2,96,16,12.5885
cube,80,4,1706826,80,par_async,3,96,16,12.6747
cube,80,4,1706826,80,par_async,4,96,16,12.5756
cube,80,4,1706826,80,par_close,0,128,16,39.6450
cube,80,4,1706826,80,par_close,1,128,16,39.0920
cube,80,4,1706826,80,par_close,2,128,16,39.9520
cube,80,4,1706826,80,par_close,3,128,16,40.2888
cube,80,4,1706826,80,par_close,4,128,16,40.6201
cube,80,4,1706826,80,par_async,0,128,16,11.5916
cube,80,4,1706826,80,par_async,1,128,16,11.3506
cube,80,4,1706826,80,par_async,2,128,16,11.6189
cube,80,4,1706826,80,par_async,3,128,16,11.3525
cube,80,4,1706826,80,par_async,4,128,16,11.2409
cube,80,4,1706826,80,par_close,0,192,16,37.0091
cube,80,4,1706826,80,par_close,1,192,16,37.3812
cube,80,4,1706826,80,par_close,2,192,16,37.6911
cube,80,4,1706826,80,par_close,3,192,16,38.1547
cube,80,4,1706826,80,par_close,4,192,16,37.9368
cube,80,4,1706826,80,par_async,0,192,16,11.6684
cube,80,4,1706826,80,par_async,1,192,16,12.3229
cube,80,4,1706826,80,par_async,2,192,16,11.6363
cube,80,4,1706826,80,par_async,3,192,16,11.8021
cube,80,4,1706826,80,par_async,4,192,16,11.6793
cube,105,4,3742826,105,nelson_simple,0,1,16,786.0309
cube,105,4,3742826,105,nelson_simple,1,1,16,780.9849
cube,105,4,3742826,105,nelson_simple,2,1,16,780.5307
cube,105,4,3742826,105,nelson_simple,3,1,16,776.4428
cube,105,4,3742826,105,nelson_simple,4,1,16,786.0015
cube,105,4,3742826,105,par_close,0,1,16,2456.6682
cube,105,4,3742826,105,par_close,1,1,16,2449.7054
cube,105,4,3742826,105,par_close,2,1,16,2457.2664
cube,105,4,3742826,105,par_close,3,1,16,2464.8885
cube,105,4,3742826,105,par_close,4,1,16,2471.7763
cube,105,4,3742826,105,par_async,0,1,16,833.5620
cube,105,4,3742826,105,par_async,1,1,16,829.7922
cube,105,4,3742826,105,par_async,2,1,16,827.8704
cube,105,4,3742826,105,par_async,3,1,16,827.8739
cube,105,4,3742826,105,par_async,4,1,16,827.6441
cube,105,4,3742826,105,par_close,0,2,16,1327.4021
cube,105,4,3742826,105,par_close,1,2,16,1323.7496
cube,105,4,3742826,105,par_close,2,2,16,1322.3100
cube,105,4,3742826,105,par_close,3,2,16,1322.5141
cube,105,4,3742826,105,par_close,4,2,16,1321.4132
cube,105,4,3742826,105,par_async,0,2,16,432.9403
cube,105,4,3742826,105,par_async,1,2,16,431.6027
cube,105,4,3742826,105,par_async,2,2,16,432.1766
cube,105,4,3742826,105,par_async,3,2,16,432.3390
cube,105,4,3742826,105,par_async,4,2,16,432.2057
cube,105,4,3742826,105,par_close,0,4,16,767.0034
cube,105,4,3742826,105,par_close,1,4,16,761.1217
cube,105,4,3742826,105,par_close,2,4,16,762.7971
cube,105,4,3742826,105,par_close,3,4,16,751.3683
cube,105,4,3742826,105,par_close,4,4,16,759.6757
cube,105,4,3742826,105,par_async,0,4,16,255.7550
cube,105,4,3742826,105,par_async,1,4,16,253.1938
cube,105,4,3742826,105,par_async,2,4,16,253.2603
cube,105,4,3742826,105,par_async,3,4,16,255.5986
cube,105,4,3742826,105,par_async,4,4,16,254.0240
cube,105,4,3742826,105,par_close,0,8,16,426.6725
cube,105,4,3742826,105,par_close,1,8,16,420.6686
cube,105,4,3742826,105,par_close,2,8,16,419.7550
cube,105,4,3742826,105,par_close,3,8,16,420.9035
cube,105,4,3742826,105,par_close,4,8,16,416.2925
cube,105,4,3742826,105,par_async,0,8,16,142.2212
cube,105,4,3742826,105,par_async,1,8,16,140.4952
cube,105,4,3742826,105,par_async,2,8,16,141.7541
cube,105,4,3742826,105,par_async,3,8,16,142.2427
cube,105,4,3742826,105,par_async,4,8,16,142.3321
cube,105,4,3742826,105,par_close,0,16,16,245.3885
cube,105,4,3742826,105,par_close,1,16,16,241.1458
cube,105,4,3742826,105,par_close,2,16,16,236.6337
cube,105,4,3742826,105,par_close,3,16,16,236.8608
cube,105,4,3742826,105,par_close,4,16,16,237.2792
cube,105,4,3742826,105,par_async,0,16,16,77.1819
cube,105,4,3742826,105,par_async,1,16,16,77.5435
cube,105,4,3742826,105,par_async,2,16,16,77.5429
cube,105,4,3742826,105,par_async,3,16,16,77.1127
cube,105,4,3742826,105,par_async,4,16,16,77.2811
cube,105,4,3742826,105,par_close,0,32,16,143.4503
cube,105,4,3742826,105,par_close,1,32,16,142.5010
cube,105,4,3742826,105,par_close,2,32,16,142.6900
cube,105,4,3742826,105,par_close,3,32,16,143.3291
cube,105,4,3742826,105,par_close,4,32,16,139.7165
cube,105,4,3742826,105,par_async,0,32,16,44.8712
cube,105,4,3742826,105,par_async,1,32,16,44.7278
cube,105,4,3742826,105,par_async,2,32,16,43.9169
cube,105,4,3742826,105,par_async,3,32,16,43.8504
cube,105,4,3742826,105,par_async,4,32,16,45.5901
cube,105,4,3742826,105,par_close,0,64,16,102.5620
cube,105,4,3742826,105,par_close,1,64,16,100.8167
cube,105,4,3742826,105,par_close,2,64,16,101.9898
cube,105,4,3742826,105,par_close,3,64,16,100.5391
cube,105,4,3742826,105,par_close,4,64,16,102.1365
cube,105,4,3742826,105,par_async,0,64,16,33.8951
cube,105,4,3742826,105,par_async,1,64,16,33.4108
cube,105,4,3742826,105,par_async,2,64,16,33.4989
cube,105,4,3742826,105,par_async,3,64,16,33.8591
cube,105,4,3742826,105,par_async,4,64,16,33.9080
cube,105,4,3742826,105,par_close,0,96,16,77.7680
cube,105,4,3742826,105,par_close,1,96,16,76.8231
cube,105,4,3742826,105,par_close,2,96,16,79.1700
cube,105,4,3742826,105,par_close,3,96,16,81.6027
cube,105,4,3742826,105,par_close,4,96,16,79.0996
cube,105,4,3742826,105,par_async,0,96,16,25.3102
cube,105,4,3742826,105,par_async,1,96,16,25.4012
cube,105,4,3742826,105,par_async,2,96,16,24.6553
cube,105,4,3742826,105,par_async,3,96,16,25.1383
cube,105,4,3742826,105,par_async,4,96,16,24.6611
cube,105,4,3742826,105,par_close,0,128,16,69.4023
cube,105,4,3742826,105,par_close,1,128,16,68.7057
cube,105,4,3742826,105,par_close,2,128,16,70.0064
cube,105,4,3742826,105,par_close,3,128,16,70.4089
cube,105,4,3742826,105,par_close,4,128,16,70.7769
cube,105,4,3742826,105,par_async,0,128,16,23.5173
cube,105,4,3742826,105,par_async,1,128,16,23.0095
cube,105,4,3742826,105,par_async,2,128,16,23.4013
cube,105,4,3742826,105,par_async,3,128,16,23.1572
cube,105,4,3742826,105,par_async,4,128,16,23.2925
cube,105,4,3742826,105,par_close,0,192,16,68.2777
cube,105,4,3742826,105,par_close,1,192,16,66.6374
cube,105,4,3742826,105,par_close,2,192,16,67.0132
cube,105,4,3742826,105,par_close,3,192,16,70.4731
cube,105,4,3742826,105,par_close,4,192,16,70.4033
cube,105,4,3742826,105,par_async,0,192,16,24.2221
cube,105,4,3742826,105,par_async,1,192,16,23.7407
cube,105,4,3742826,105,par_async,2,192,16,23.8555
cube,105,4,3742826,105,par_async,3,192,16,23.2756
cube,105,4,3742826,105,par_async,4,192,16,23.8306
cube,130,4,6704886,130,nelson_simple,0,1,16,1329.7235
cube,130,4,6704886,130,nelson_simple,1,1,16,1322.5576
cube,130,4,6704886,130,nelson_simple,2,1,16,1330.5846
cube,130,4,6704886,130,nelson_simple,3,1,16,1307.1977
cube,130,4,6704886,130,nelson_simple,4,1,16,1324.0988
cube,130,4,6704886,130,par_close,0,1,16,4607.1846
cube,130,4,6704886,130,par_close,1,1,16,4684.2560
cube,130,4,6704886,130,par_close,2,1,16,4733.3235
cube,130,4,6704886,130,par_close,3,1,16,4762.8563
cube,130,4,6704886,130,par_close,4,1,16,4780.0243
cube,130,4,6704886,130,par_async,0,1,16,1801.9451
cube,130,4,6704886,130,par_async,1,1,16,1793.1007
cube,130,4,6704886,130,par_async,2,1,16,1791.8911
cube,130,4,6704886,130,par_async,3,1,16,1792.2796
cube,130,4,6704886,130,par_async,4,1,16,1791.1979
cube,130,4,6704886,130,par_close,0,2,16,2562.5267
cube,130,4,6704886,130,par_close,1,2,16,2576.6372
cube,130,4,6704886,130,par_close,2,2,16,2581.7374
cube,130,4,6704886,130,par_close,3,2,16,2587.2463
cube,130,4,6704886,130,par_close,4,2,16,2588.0080
cube,130,4,6704886,130,par_async,0,2,16,945.4554
cube,130,4,6704886,130,par_async,1,2,16,944.7901
cube,130,4,6704886,130,par_async,2,2,16,941.3658
cube,130,4,6704886,130,par_async,3,2,16,942.9173
cube,130,4,6704886,130,par_async,4,2,16,942.1084
cube,130,4,6704886,130,par_close,0,4,16,1440.0869
cube,130,4,6704886,130,par_close,1,4,16,1433.0238
cube,130,4,6704886,130,par_close,2,4,16,1423.8085
cube,130,4,6704886,130,par_close,3,4,16,1442.3140
cube,130,4,6704886,130,par_close,4,4,16,1439.3092
cube,130,4,6704886,130,par_async,0,4,16,518.6570
cube,130,4,6704886,130,par_async,1,4,16,512.5890
cube,130,4,6704886,130,par_async,2,4,16,510.7885
cube,130,4,6704886,130,par_async,3,4,16,519.9663
cube,130,4,6704886,130,par_async,4,4,16,518.1001
cube,130,4,6704886,130,par_close,0,8,16,778.7267
cube,130,4,6704886,130,par_close,1,8,16,769.3310
cube,130,4,6704886,130,par_close,2,8,16,769.4666
cube,130,4,6704886,130,par_close,3,8,16,769.8084
cube,130,4,6704886,130,par_close,4,8,16,766.9582
cube,130,4,6704886,130,par_async,0,8,16,273.4082
cube,130,4,6704886,130,par_async,1,8,16,274.2015
cube,130,4,6704886,130,par_async,2,8,16,276.5699
cube,130,4,6704886,130,par_async,3,8,16,275.9225
cube,130,4,6704886,130,par_async,4,8,16,272.4596
cube,130,4,6704886,130,par_close,0,16,16,433.1529
cube,130,4,6704886,130,par_close,1,16,16,427.6938
cube,130,4,6704886,130,par_close,2,16,16,421.4058
cube,130,4,6704886,130,par_close,3,16,16,426.6275
cube,130,4,6704886,130,par_close,4,16,16,423.9811
cube,130,4,6704886,130,par_async,0,16,16,149.0749
cube,130,4,6704886,130,par_async,1,16,16,150.4049
cube,130,4,6704886,130,par_async,2,16,16,149.3582
cube,130,4,6704886,130,par_async,3,16,16,150.7708
cube,130,4,6704886,130,par_async,4,16,16,150.5645
cube,130,4,6704886,130,par_close,0,32,16,243.2299
cube,130,4,6704886,130,par_close,1,32,16,239.8324
cube,130,4,6704886,130,par_close,2,32,16,238.0576
cube,130,4,6704886,130,par_close,3,32,16,241.1047
cube,130,4,6704886,130,par_close,4,32,16,237.8344
cube,130,4,6704886,130,par_async,0,32,16,81.2829
cube,130,4,6704886,130,par_async,1,32,16,81.7780
cube,130,4,6704886,130,par_async,2,32,16,81.8273
cube,130,4,6704886,130,par_async,3,32,16,81.5726
cube,130,4,6704886,130,par_async,4,32,16,82.0313
cube,130,4,6704886,130,par_close,0,64,16,172.9589
cube,130,4,6704886,130,par_close,1,64,16,173.2000
cube,130,4,6704886,130,par_close,2,64,16,170.9235
cube,130,4,6704886,130,par_close,3,64,16,172.2890
cube,130,4,6704886,130,par_close,4,64,16,173.9061
cube,130,4,6704886,130,par_async,0,64,16,57.6255
cube,130,4,6704886,130,par_async,1,64,16,57.3730
cube,130,4,6704886,130,par_async,2,64,16,57.4572
cube,130,4,6704886,130,par_async,3,64,16,57.9266
cube,130,4,6704886,130,par_async,4,64,16,57.4288
cube,130,4,6704886,130,par_close,0,96,16,141.6366
cube,130,4,6704886,130,par_close,1,96,16,142.4958
cube,130,4,6704886,130,par_close,2,96,16,139.6845
cube,130,4,6704886,130,par_close,3,96,16,145.4556
cube,130,4,6704886,130,par_close,4,96,16,148.5080
cube,130,4,6704886,130,par_async,0,96,16,46.1412
cube,130,4,6704886,130,par_async,1,96,16,45.8067
cube,130,4,6704886,130,par_async,2,96,16,46.5861
cube,130,4,6704886,130,par_async,3,96,16,46.1146
cube,130,4,6704886,130,par_async,4,96,16,44.9373
cube,130,4,6704886,130,par_close,0,128,16,122.7929
cube,130,4,6704886,130,par_close,1,128,16,118.7135
cube,130,4,6704886,130,par_close,2,128,16,120.3022
cube,130,4,6704886,130,par_close,3,128,16,125.2049
cube,130,4,6704886,130,par_close,4,128,16,125.0571
cube,130,4,6704886,130,par_async,0,128,16,38.0908
cube,130,4,6704886,130,par_async,1,128,16,38.1338
cube,130,4,6704886,130,par_async,2,128,16,36.9514
cube,130,4,6704886,130,par_async,3,128,16,37.2612
cube,130,4,6704886,130,par_async,4,128,16,37.1647
cube,130,4,6704886,130,par_close,0,192,16,108.6404
cube,130,4,6704886,130,par_close,1,192,16,108.9336
cube,130,4,6704886,130,par_close,2,192,16,113.8381
cube,130,4,6704886,130,par_close,3,192,16,111.9237
cube,130,4,6704886,130,par_close,4,192,16,110.1524
cube,130,4,6704886,130,par_async,0,192,16,37.1041
cube,130,4,6704886,130,par_async,1,192,16,35.9001
cube,130,4,6704886,130,par_async,2,192,16,35.8384
cube,130,4,6704886,130,par_async,3,192,16,35.7841
cube,130,4,6704886,130,par_async,4,192,16,35.8348
cube,155,4,10238544,155,nelson_simple,0,1,16,2207.3969
cube,155,4,10238544,155,nelson_simple,1,1,16,2238.0943
cube,155,4,10238544,155,nelson_simple,2,1,16,2218.3423
cube,155,4,10238544,155,nelson_simple,3,1,16,2256.2303
cube,155,4,10238544,155,nelson_simple,4,1,16,2260.7272
cube,155,4,10238544,155,par_close,0,1,16,7793.0277
cube,155,4,10238544,155,par_close,1,1,16,7994.9418
cube,155,4,10238544,155,par_close,2,1,16,8123.9931
cube,155,4,10238544,155,par_close,3,1,16,8244.4547
cube,155,4,10238544,155,par_close,4,1,16,8333.9715
cube,155,4,10238544,155,par_async,0,1,16,3139.6223
cube,155,4,10238544,155,par_async,1,1,16,3128.0119
cube,155,4,10238544,155,par_async,2,1,16,3127.1706
cube,155,4,10238544,155,par_async,3,1,16,3125.0053
cube,155,4,10238544,155,par_async,4,1,16,3132.2051
cube,155,4,10238544,155,par_close,0,2,16,4043.5097
cube,155,4,10238544,155,par_close,1,2,16,4103.8158
cube,155,4,10238544,155,par_close,2,2,16,4159.3867
cube,155,4,10238544,155,par_close,3,2,16,4186.0398
cube,155,4,10238544,155,par_close,4,2,16,4200.3292
cube,155,4,10238544,155,par_async,0,2,16,1585.5727
cube,155,4,10238544,155,par_async,1,2,16,1584.7613
cube,155,4,10238544,155,par_async,2,2,16,1585.6388
cube,155,4,10238544,155,par_async,3,2,16,1581.6861
cube,155,4,10238544,155,par_async,4,2,16,1585.7881
cube,155,4,10238544,155,par_close,0,4,16,2204.6424
cube,155,4,10238544,155,par_close,1,4,16,2231.3317
cube,155,4,10238544,155,par_close,2,4,16,2271.9102
cube,155,4,10238544,155,par_close,3,4,16,2271.3509
cube,155,4,10238544,155,par_close,4,4,16,2282.0031
cube,155,4,10238544,155,par_async,0,4,16,830.5072
cube,155,4,10238544,155,par_async,1,4,16,817.9245
cube,155,4,10238544,155,par_async,2,4,16,834.2118
cube,155,4,10238544,155,par_async,3,4,16,824.9123
cube,155,4,10238544,155,par_async,4,4,16,825.6952
cube,155,4,10238544,155,par_close,0,8,16,1198.5604
cube,155,4,10238544,155,par_close,1,8,16,1198.3147
cube,155,4,10238544,155,par_close,2,8,16,1213.3314
cube,155,4,10238544,155,par_close,3,8,16,1202.3837
cube,155,4,10238544,155,par_close,4,8,16,1214.5640
cube,155,4,10238544,155,par_async,0,8,16,434.8040
cube,155,4,10238544,155,par_async,1,8,16,431.9461
cube,155,4,10238544,155,par_async,2,8,16,435.9546
cube,155,4,10238544,155,par_async,3,8,16,434.4928
cube,155,4,10238544,155,par_async,4,8,16,435.6373
cube,155,4,10238544,155,par_close,0,16,16,643.0084
cube,155,4,10238544,155,par_close,1,16,16,646.8397
cube,155,4,10238544,155,par_close,2,16,16,641.6176
cube,155,4,10238544,155,par_close,3,16,16,646.9912
cube,155,4,10238544,155,par_close,4,16,16,644.9348
cube,155,4,10238544,155,par_async,0,16,16,234.2851
cube,155,4,10238544,155,par_async,1,16,16,236.8943
cube,155,4,10238544,155,par_async,2,16,16,233.8795
cube,155,4,10238544,155,par_async,3,16,16,234.7723
cube,155,4,10238544,155,par_async,4,16,16,234.2135
cube,155,4,10238544,155,par_close,0,32,16,342.4875
cube,155,4,10238544,155,par_close,1,32,16,342.1093
cube,155,4,10238544,155,par_close,2,32,16,345.4464
cube,155,4,10238544,155,par_close,3,32,16,347.3030
cube,155,4,10238544,155,par_close,4,32,16,346.4662
cube,155,4,10238544,155,par_async,0,32,16,126.8037
cube,155,4,10238544,155,par_async,1,32,16,127.6928
cube,155,4,10238544,155,par_async,2,32,16,128.4556
cube,155,4,10238544,155,par_async,3,32,16,127.0730
cube,155,4,10238544,155,par_async,4,32,16,128.1899
cube,155,4,10238544,155,par_close,0,64,16,220.4850
cube,155,4,10238544,155,par_close,1,64,16,219.8248
cube,155,4,10238544,155,par_close,2,64,16,219.2022
cube,155,4,10238544,155,par_close,3,64,16,218.8549
cube,155,4,10238544,155,par_close,4,64,16,221.9763
cube,155,4,10238544,155,par_async,0,64,16,81.2664
cube,155,4,10238544,155,par_async,1,64,16,81.9994
cube,155,4,10238544,155,par_async,2,64,16,80.4469
cube,155,4,10238544,155,par_async,3,64,16,79.6294
cube,155,4,10238544,155,par_async,4,64,16,79.6296
cube,155,4,10238544,155,par_close,0,96,16,177.3719
cube,155,4,10238544,155,par_close,1,96,16,177.3004
cube,155,4,10238544,155,par_close,2,96,16,175.9777
cube,155,4,10238544,155,par_close,3,96,16,175.0256
cube,155,4,10238544,155,par_close,4,96,16,177.7530
cube,155,4,10238544,155,par_async,0,96,16,66.4431
cube,155,4,10238544,155,par_async,1,96,16,68.3177
cube,155,4,10238544,155,par_async,2,96,16,66.9044
cube,155,4,10238544,155,par_async,3,96,16,67.4883
cube,155,4,10238544,155,par_async,4,96,16,67.1037
cube,155,4,10238544,155,par_close,0,128,16,149.5947
cube,155,4,10238544,155,par_close,1,128,16,156.1812
cube,155,4,10238544,155,par_close,2,128,16,153.3133
cube,155,4,10238544,155,par_close,3,128,16,148.7643
cube,155,4,10238544,155,par_close,4,128,16,151.2574
cube,155,4,10238544,155,par_async,0,128,16,59.3271
cube,155,4,10238544,155,par_async,1,128,16,61.4818
cube,155,4,10238544,155,par_async,2,128,16,58.9400
cube,155,4,10238544,155,par_async,3,128,16,59.9258
cube,155,4,10238544,155,par_async,4,128,16,59.6500
cube,155,4,10238544,155,par_close,0,192,16,136.1140
cube,155,4,10238544,155,par_close,1,192,16,135.0177
cube,155,4,10238544,155,par_close,2,192,16,139.5822
cube,155,4,10238544,155,par_close,3,192,16,135.5434
cube,155,4,10238544,155,par_close,4,192,16,143.0188
cube,155,4,10238544,155,par_async,0,192,16,54.6531
cube,155,4,10238544,155,par_async,1,192,16,54.8597
cube,155,4,10238544,155,par_async,2,192,16,54.4746
cube,155,4,10238544,155,par_async,3,192,16,54.4322
cube,155,4,10238544,155,par_async,4,192,16,56.6949
cube,180,4,19830034,180,nelson_simple,0,1,16,4912.7688
cube,180,4,19830034,180,nelson_simple,1,1,16,4785.0808
cube,180,4,19830034,180,nelson_simple,2,1,16,4806.9632
cube,180,4,19830034,180,nelson_simple,3,1,16,4847.3846
cube,180,4,19830034,180,nelson_simple,4,1,16,4812.8187
cube,180,4,19830034,180,par_close,0,1,16,17326.8504
cube,180,4,19830034,180,par_close,1,1,16,17774.5818
cube,180,4,19830034,180,par_close,2,1,16,18444.1396
cube,180,4,19830034,180,par_close,3,1,16,18728.0794
cube,180,4,19830034,180,par_close,4,1,16,19083.8943
cube,180,4,19830034,180,par_async,0,1,16,6844.3418
cube,180,4,19830034,180,par_async,1,1,16,6845.2452
cube,180,4,19830034,180,par_async,2,1,16,6849.4266
cube,180,4,19830034,180,par_async,3,1,16,6851.8166
cube,180,4,19830034,180,par_async,4,1,16,6843.4011
cube,180,4,19830034,180,par_close,0,2,16,9265.0280
cube,180,4,19830034,180,par_close,1,2,16,9490.0819
cube,180,4,19830034,180,par_close,2,2,16,9623.8501
cube,180,4,19830034,180,par_close,3,2,16,9736.7062
cube,180,4,19830034,180,par_close,4,2,16,9773.3128
cube,180,4,19830034,180,par_async,0,2,16,3447.9277
cube,180,4,19830034,180,par_async,1,2,16,3455.2460
cube,180,4,19830034,180,par_async,2,2,16,3453.9575
cube,180,4,19830034,180,par_async,3,2,16,3456.4132
cube,180,4,19830034,180,par_async,4,2,16,3458.6189
cube,180,4,19830034,180,par_close,0,4,16,4892.0179
cube,180,4,19830034,180,par_close,1,4,16,4944.3853
cube,180,4,19830034,180,par_close,2,4,16,5098.0054
cube,180,4,19830034,180,par_close,3,4,16,5124.3576
cube,180,4,19830034,180,par_close,4,4,16,5215.9838
cube,180,4,19830034,180,par_async,0,4,16,1771.8054
cube,180,4,19830034,180,par_async,1,4,16,1767.6610
cube,180,4,19830034,180,par_async,2,4,16,1770.1377
cube,180,4,19830034,180,par_async,3,4,16,1767.9710
cube,180,4,19830034,180,par_async,4,4,16,1776.7586
cube,180,4,19830034,180,par_close,0,8,16,2495.1866
cube,180,4,19830034,180,par_close,1,8,16,2570.2897
cube,180,4,19830034,180,par_close,2,8,16,2616.8380
cube,180,4,19830034,180,par_close,3,8,16,2636.2309
cube,180,4,19830034,180,par_close,4,8,16,2653.1148
cube,180,4,19830034,180,par_async,0,8,16,910.3578
cube,180,4,19830034,180,par_async,1,8,16,911.3663
cube,180,4,19830034,180,par_async,2,8,16,906.9713
cube,180,4,19830034,180,par_async,3,8,16,906.6502
cube,180,4,19830034,180,par_async,4,8,16,907.9666
cube,180,4,19830034,180,par_close,0,16,16,1294.9036
cube,180,4,19830034,180,par_close,1,16,16,1335.3766
cube,180,4,19830034,180,par_close,2,16,16,1365.8678
cube,180,4,19830034,180,par_close,3,16,16,1375.1724
cube,180,4,19830034,180,par_close,4,16,16,1384.2566
cube,180,4,19830034,180,par_async,0,16,16,482.3345
cube,180,4,19830034,180,par_async,1,16,16,480.7273
cube,180,4,19830034,180,par_async,2,16,16,478.0087
cube,180,4,19830034,180,par_async,3,16,16,480.4531
cube,180,4,19830034,180,par_async,4,16,16,479.2769
cube,180,4,19830034,180,par_close,0,32,16,687.7990
cube,180,4,19830034,180,par_close,1,32,16,706.0096
cube,180,4,19830034,180,par_close,2,32,16,719.0827
cube,180,4,19830034,180,par_close,3,32,16,721.9009
cube,180,4,19830034,180,par_close,4,32,16,728.2059
cube,180,4,19830034,180,par_async,0,32,16,261.8197
cube,180,4,19830034,180,par_async,1,32,16,266.1234
cube,180,4,19830034,180,par_async,2,32,16,263.9259
cube,180,4,19830034,180,par_async,3,32,16,267.1697
cube,180,4,19830034,180,par_async,4,32,16,264.1566
cube,180,4,19830034,180,par_close,0,64,16,466.0015
cube,180,4,19830034,180,par_close,1,64,16,469.2420
cube,180,4,19830034,180,par_close,2,64,16,476.4107
cube,180,4,19830034,180,par_close,3,64,16,474.8119
cube,180,4,19830034,180,par_close,4,64,16,467.9222
cube,180,4,19830034,180,par_async,0,64,16,174.3158
cube,180,4,19830034,180,par_async,1,64,16,173.8332
cube,180,4,19830034,180,par_async,2,64,16,175.4303
cube,180,4,19830034,180,par_async,3,64,16,174.5012
cube,180,4,19830034,180,par_async,4,64,16,175.4160
cube,180,4,19830034,180,par_close,0,96,16,349.1401
cube,180,4,19830034,180,par_close,1,96,16,353.5364
cube,180,4,19830034,180,par_close,2,96,16,367.5274
cube,180,4,19830034,180,par_close,3,96,16,356.0905
cube,180,4,19830034,180,par_close,4,96,16,364.6799
cube,180,4,19830034,180,par_async,0,96,16,143.5933
cube,180,4,19830034,180,par_async,1,96,16,140.8030
cube,180,4,19830034,180,par_async,2,96,16,139.0932
cube,180,4,19830034,180,par_async,3,96,16,140.7064
cube,180,4,19830034,180,par_async,4,96,16,141.7101
cube,180,4,19830034,180,par_close,0,128,16,298.7490
cube,180,4,19830034,180,par_close,1,128,16,304.8937
cube,180,4,19830034,180,par_close,2,128,16,310.4892
cube,180,4,19830034,180,par_close,3,128,16,311.0870
cube,180,4,19830034,180,par_close,4,128,16,308.7065
cube,180,4,19830034,180,par_async,0,128,16,130.1036
cube,180,4,19830034,180,par_async,1,128,16,128.3750
cube,180,4,19830034,180,par_async,2,128,16,130.4200
cube,180,4,19830034,180,par_async,3,128,16,127.9357
cube,180,4,19830034,180,par_async,4,128,16,127.3387
cube,180,4,19830034,180,par_close,0,192,16,263.9331
cube,180,4,19830034,180,par_close,1,192,16,269.5900
cube,180,4,19830034,180,par_close,2,192,16,265.7088
cube,180,4,19830034,180,par_close,3,192,16,266.7344
cube,180,4,19830034,180,par_close,4,192,16,276.0456
cube,180,4,19830034,180,par_async,0,192,16,126.5643
cube,180,4,19830034,180,par_async,1,192,16,121.1470
cube,180,4,19830034,180,par_async,2,192,16,119.3959
cube,180,4,19830034,180,par_async,3,192,16,125.0876
cube,180,4,19830034,180,par_async,4,192,16,122.4096
cube,205,4,26442812,205,nelson_simple,0,1,16,5817.7122
cube,205,4,26442812,205,nelson_simple,1,1,16,5828.9977
cube,205,4,26442812,205,nelson_simple,2,1,16,5752.4674
cube,205,4,26442812,205,nelson_simple,3,1,16,5881.4393
cube,205,4,26442812,205,nelson_simple,4,1,16,5872.6812
cube,205,4,26442812,205,par_close,0,1,16,23634.0104
cube,205,4,26442812,205,par_close,1,1,16,24411.1762
cube,205,4,26442812,205,par_close,2,1,16,25400.0455
cube,205,4,26442812,205,par_close,3,1,16,25838.1962
cube,205,4,26442812,205,par_close,4,1,16,26121.1161
cube,205,4,26442812,205,par_async,0,1,16,8932.5423
cube,205,4,26442812,205,par_async,1,1,16,8938.3231
cube,205,4,26442812,205,par_async,2,1,16,8936.5380
cube,205,4,26442812,205,par_async,3,1,16,8941.9495
cube,205,4,26442812,205,par_async,4,1,16,8946.5510
cube,205,4,26442812,205,par_close,0,2,16,12728.7660
cube,205,4,26442812,205,par_close,1,2,16,13072.4484
cube,205,4,26442812,205,par_close,2,2,16,13347.7129
cube,205,4,26442812,205,par_close,3,2,16,13448.6425
cube,205,4,26442812,205,par_close,4,2,16,13566.6957
cube,205,4,26442812,205,par_async,0,2,16,4560.1622
cube,205,4,26442812,205,par_async,1,2,16,4542.1240
cube,205,4,26442812,205,par_async,2,2,16,4554.7883
cube,205,4,26442812,205,par_async,3,2,16,4538.7983
cube,205,4,26442812,205,par_async,4,2,16,4561.3745
cube,205,4,26442812,205,par_close,0,4,16,6777.0106
cube,205,4,26442812,205,par_close,1,4,16,6966.7229
cube,205,4,26442812,205,par_close,2,4,16,7197.8823
cube,205,4,26442812,205,par_close,3,4,16,7203.7076
cube,205,4,26442812,205,par_close,4,4,16,7269.9959
cube,205,4,26442812,205,par_async,0,4,16,2396.5815
cube,205,4,26442812,205,par_async,1,4,16,2392.0827
cube,205,4,26442812,205,par_async,2,4,16,2405.6231
cube,205,4,26442812,205,par_async,3,4,16,2398.9015
cube,205,4,26442812,205,par_async,4,4,16,2398.1676
cube,205,4,26442812,205,par_close,0,8,16,3438.2894
cube,205,4,26442812,205,par_close,1,8,16,3585.2354
cube,205,4,26442812,205,par_close,2,8,16,3659.3402
cube,205,4,26442812,205,par_close,3,8,16,3713.9962
cube,205,4,26442812,205,par_close,4,8,16,3692.3941
cube,205,4,26442812,205,par_async,0,8,16,1240.6551
cube,205,4,26442812,205,par_async,1,8,16,1236.4682
cube,205,4,26442812,205,par_async,2,8,16,1240.0538
cube,205,4,26442812,205,par_async,3,8,16,1236.1373
cube,205,4,26442812,205,par_async,4,8,16,1235.4181
cube,205,4,26442812,205,par_close,0,16,16,1807.3076
cube,205,4,26442812,205,par_close,1,16,16,1882.2592
cube,205,4,26442812,205,par_close,2,16,16,1893.8812
cube,205,4,26442812,205,par_close,3,16,16,1918.6093
cube,205,4,26442812,205,par_close,4,16,16,1923.1356
cube,205,4,26442812,205,par_async,0,16,16,649.3215
cube,205,4,26442812,205,par_async,1,16,16,649.6431
cube,205,4,26442812,205,par_async,2,16,16,655.6295
cube,205,4,26442812,205,par_async,3,16,16,649.1207
cube,205,4,26442812,205,par_async,4,16,16,648.3848
cube,205,4,26442812,205,par_close,0,32,16,935.8066
cube,205,4,26442812,205,par_close,1,32,16,984.1220
cube,205,4,26442812,205,par_close,2,32,16,999.6530
cube,205,4,26442812,205,par_close,3,32,16,1022.9195
cube,205,4,26442812,205,par_close,4,32,16,1016.9675
cube,205,4,26442812,205,par_async,0,32,16,361.3862
cube,205,4,26442812,205,par_async,1,32,16,363.7825
cube,205,4,26442812,205,par_async,2,32,16,366.3016
cube,205,4,26442812,205,par_async,3,32,16,367.0971
cube,205,4,26442812,205,par_async,4,32,16,367.3377
cube,205,4,26442812,205,par_close,0,64,16,613.9671
cube,205,4,26442812,205,par_close,1,64,16,625.0129
cube,205,4,26442812,205,par_close,2,64,16,634.3416
cube,205,4,26442812,205,par_close,3,64,16,629.2391
cube,205,4,26442812,205,par_close,4,64,16,630.6442
cube,205,4,26442812,205,par_async,0,64,16,236.5094
cube,205,4,26442812,205,par_async,1,64,16,240.3144
cube,205,4,26442812,205,par_async,2,64,16,242.4188
cube,205,4,26442812,205,par_async,3,64,16,234.1252
cube,205,4,26442812,205,par_async,4,64,16,235.6480
cube,205,4,26442812,205,par_close,0,96,16,456.5616
cube,205,4,26442812,205,par_close,1,96,16,460.6416
cube,205,4,26442812,205,par_close,2,96,16,472.6027
cube,205,4,26442812,205,par_close,3,96,16,459.9776
cube,205,4,26442812,205,par_close,4,96,16,471.1342
cube,205,4,26442812,205,par_async,0,96,16,194.5253
cube,205,4,26442812,205,par_async,1,96,16,197.1437
cube,205,4,26442812,205,par_async,2,96,16,192.7097
cube,205,4,26442812,205,par_async,3,96,16,187.8840
cube,205,4,26442812,205,par_async,4,96,16,189.0253
cube,205,4,26442812,205,par_close,0,128,16,396.0523
cube,205,4,26442812,205,par_close,1,128,16,409.0361
cube,205,4,26442812,205,par_close,2,128,16,408.1950
cube,205,4,26442812,205,par_close,3,128,16,424.2650
cube,205,4,26442812,205,par_close,4,128,16,410.6667
cube,205,4,26442812,205,par_async,0,128,16,180.1072
cube,205,4,26442812,205,par_async,1,128,16,176.2468
cube,205,4,26442812,205,par_async,2,128,16,177.1719
cube,205,4,26442812,205,par_async,3,128,16,178.4790
cube,205,4,26442812,205,par_async,4,128,16,180.4572
cube,205,4,26442812,205,par_close,0,192,16,336.1472
cube,205,4,26442812,205,par_close,1,192,16,342.7226
cube,205,4,26442812,205,par_close,2,192,16,357.9284
cube,205,4,26442812,205,par_close,3,192,16,349.0889
cube,205,4,26442812,205,par_close,4,192,16,357.3816
cube,205,4,26442812,205,par_async,0,192,16,166.0432
cube,205,4,26442812,205,par_async,1,192,16,163.0251
cube,205,4,26442812,205,par_async,2,192,16,164.4206
cube,205,4,26442812,205,par_async,3,192,16,162.4874
cube,205,4,26442812,205,par_async,4,192,16,164.4308
cube,5,5,322,5,nelson_simple,0,1,16,0.0222
cube,5,5,322,5,nelson_simple,1,1,16,0.0202
cube,5,5,322,5,nelson_simple,2,1,16,0.0199
cube,5,5,322,5,nelson_simple,3,1,16,0.0197
cube,5,5,322,5,nelson_simple,4,1,16,0.0196
cube,5,5,322,5,par_close,0,1,16,0.1904
cube,5,5,322,5,par_close,1,1,16,0.1791
cube,5,5,322,5,par_close,2,1,16,0.1749
cube,5,5,322,5,par_close,3,1,16,0.1746
cube,5,5,322,5,par_close,4,1,16,0.1737
cube,5,5,322,5,par_async,0,1,16,0.0412
cube,5,5,322,5,par_async,1,1,16,0.0383
cube,5,5,322,5,par_async,2,1,16,0.0382
cube,5,5,322,5,par_async,3,1,16,0.0389
cube,5,5,322,5,par_async,4,1,16,0.0376
cube,5,5,322,5,par_close,0,2,16,0.2676
cube,5,5,322,5,par_close,1,2,16,0.2514
cube,5,5,322,5,par_close,2,2,16,0.1956
cube,5,5,322,5,par_close,3,2,16,0.2458
cube,5,5,322,5,par_close,4,2,16,0.1917
cube,5,5,322,5,par_async,0,2,16,0.0429
cube,5,5,322,5,par_async,1,2,16,0.0411
cube,5,5,322,5,par_async,2,2,16,0.0405
cube,5,5,322,5,par_async,3,2,16,0.0421
cube,5,5,322,5,par_async,4,2,16,0.0403
cube,5,5,322,5,par_close,0,4,16,0.3447
cube,5,5,322,5,par_close,1,4,16,0.3342
cube,5,5,322,5,par_close,2,4,16,0.1888
cube,5,5,322,5,par_close,3,4,16,0.2540
cube,5,5,322,5,par_close,4,4,16,0.1871
cube,5,5,322,5,par_async,0,4,16,0.0427
cube,5,5,322,5,par_async,1,4,16,0.0417
cube,5,5,322,5,par_async,2,4,16,0.0411
cube,5,5,322,5,par_async,3,4,16,0.0449
cube,5,5,322,5,par_async,4,4,16,0.0436
cube,5,5,322,5,par_close,0,8,16,0.3364
cube,5,5,322,5,par_close,1,8,16,0.3297
cube,5,5,322,5,par_close,2,8,16,0.3010
cube,5,5,322,5,par_close,3,8,16,0.2044
cube,5,5,322,5,par_close,4,8,16,0.1794
cube,5,5,322,5,par_async,0,8,16,0.0429
cube,5,5,322,5,par_async,1,8,16,0.0430
cube,5,5,322,5,par_async,2,8,16,0.0429
cube,5,5,322,5,par_async,3,8,16,0.0411
cube,5,5,322,5,par_async,4,8,16,0.0429
cube,5,5,322,5,par_close,0,16,16,0.6701
cube,5,5,322,5,par_close,1,16,16,0.1979
cube,5,5,322,5,par_close,2,16,16,0.3290
cube,5,5,322,5,par_close,3,16,16,0.1838
cube,5,5,322,5,par_close,4,16,16,0.1932
cube,5,5,322,5,par_async,0,16,16,0.0437
cube,5,5,322,5,par_async,1,16,16,0.0448
cube,5,5,322,5,par_async,2,16,16,0.0428
cube,5,5,322,5,par_async,3,16,16,0.0409
cube,5,5,322,5,par_async,4,16,16,0.0419
cube,5,5,322,5,par_close,0,32,16,0.6116
cube,5,5,322,5,par_close,1,32,16,0.2157
cube,5,5,322,5,par_close,2,32,16,0.1985
cube,5,5,322,5,par_close,3,32,16,0.1974
cube,5,5,322,5,par_close,4,32,16,0.2034
cube,5,5,322,5,par_async,0,32,16,0.0492
cube,5,5,322,5,par_async,1,32,16,0.0507
cube,5,5,322,5,par_async,2,32,16,0.0540
cube,5,5,322,5,par_async,3,32,16,0.0443
cube,5,5,322,5,par_async,4,32,16,0.0492
cube,5,5,322,5,par_close,0,64,16,0.5124
cube,5,5,322,5,par_close,1,64,16,0.4334
cube,5,5,322,5,par_close,2,64,16,0.3398
cube,5,5,322,5,par_close,3,64,16,0.3890
cube,5,5,322,5,par_close,4,64,16,0.2061
cube,5,5,322,5,par_async,0,64,16,0.0545
cube,5,5,322,5,par_async,1,64,16,0.0554
cube,5,5,322,5,par_async,2,64,16,0.0556
cube,5,5,322,5,par_async,3,64,16,0.0769
cube,5,5,322,5,par_async,4,64,16,0.0553
cube,5,5,322,5,par_close,0,96,16,0.8702
cube,5,5,322,5,par_close,1,96,16,0.2964
cube,5,5,322,5,par_close,2,96,16,0.3190
cube,5,5,322,5,par_close,3,96,16,0.2311
cube,5,5,322,5,par_close,4,96,16,0.3970
cube,5,5,322,5,par_async,0,96,16,0.0602
cube,5,5,322,5,par_async,1,96,16,0.0557
cube,5,5,322,5,par_async,2,96,16,0.0573
cube,5,5,322,5,par_async,3,96,16,0.0597
cube,5,5,322,5,par_async,4,96,16,0.0488
cube,5,5,322,5,par_close,0,128,16,1.7737
cube,5,5,322,5,par_close,1,128,16,1.1123
cube,5,5,322,5,par_close,2,128,16,0.5767
cube,5,5,322,5,par_close,3,128,16,0.9274
cube,5,5,322,5,par_close,4,128,16,0.3050
cube,5,5,322,5,par_async,0,128,16,0.0577
cube,5,5,322,5,par_async,1,128,16,0.0558
cube,5,5,322,5,par_async,2,128,16,0.0518
cube,5,5,322,5,par_async,3,128,16,0.0555
cube,5,5,322,5,par_async,4,128,16,0.0556
cube,5,5,322,5,par_close,0,192,16,8.7965
cube,5,5,322,5,par_close,1,192,16,3.2752
cube,5,5,322,5,par_close,2,192,16,2.6889
cube,5,5,322,5,par_close,3,192,16,0.8547
cube,5,5,322,5,par_close,4,192,16,0.8126
cube,5,5,322,5,par_async,0,192,16,0.0616
cube,5,5,322,5,par_async,1,192,16,0.0698
cube,5,5,322,5,par_async,2,192,16,0.0643
cube,5,5,322,5,par_async,3,192,16,0.0625
cube,5,5,322,5,par_async,4,192,16,0.0600
cube,30,5,86872,30,nelson_simple,0,1,16,10.0211
cube,30,5,86872,30,nelson_simple,1,1,16,11.0438
cube,30,5,86872,30,nelson_simple,2,1,16,11.2823
cube,30,5,86872,30,nelson_simple,3,1,16,10.4225
cube,30,5,86872,30,nelson_simple,4,1,16,10.9856
cube,30,5,86872,30,par_close,0,1,16,53.2708
cube,30,5,86872,30,par_close,1,1,16,53.4234
cube,30,5,86872,30,par_close,2,1,16,54.1867
cube,30,5,86872,30,par_close,3,1,16,54.9928
cube,30,5,86872,30,par_close,4,1,16,54.3992
cube,30,5,86872,30,par_async,0,1,16,13.9709
cube,30,5,86872,30,par_async,1,1,16,13.9686
cube,30,5,86872,30,par_async,2,1,16,13.8508
cube,30,5,86872,30,par_async,3,1,16,13.9164
cube,30,5,86872,30,par_async,4,1,16,13.9255
cube,30,5,86872,30,par_close,0,2,16,41.4519
cube,30,5,86872,30,par_close,1,2,16,41.9255
cube,30,5,86872,30,par_close,2,2,16,39.9108
cube,30,5,86872,30,par_close,3,2,16,41.3054
cube,30,5,86872,30,par_close,4,2,16,41.4722
cube,30,5,86872,30,par_async,0,2,16,10.0094
cube,30,5,86872,30,par_async,1,2,16,10.1482
cube,30,5,86872,30,par_async,2,2,16,10.6601
cube,30,5,86872,30,par_async,3,2,16,10.5590
cube,30,5,86872,30,par_async,4,2,16,10.5989
cube,30,5,86872,30,par_close,0,4,16,27.0757
cube,30,5,86872,30,par_close,1,4,16,26.9023
cube,30,5,86872,30,par_close,2,4,16,26.6998
cube,30,5,86872,30,par_close,3,4,16,27.6097
cube,30,5,86872,30,par_close,4,4,16,26.8410
cube,30,5,86872,30,par_async,0,4,16,8.2825
cube,30,5,86872,30,par_async,1,4,16,8.1500
cube,30,5,86872,30,par_async,2,4,16,8.3071
cube,30,5,86872,30,par_async,3,4,16,8.3251
cube,30,5,86872,30,par_async,4,4,16,8.3698
cube,30,5,86872,30,par_close,0,8,16,16.5655
cube,30,5,86872,30,par_close,1,8,16,16.7067
cube,30,5,86872,30,par_close,2,8,16,16.6774
cube,30,5,86872,30,par_close,3,8,16,16.8591
cube,30,5,86872,30,par_close,4,8,16,16.7305
cube,30,5,86872,30,par_async,0,8,16,6.6399
cube,30,5,86872,30,par_async,1,8,16,6.6204
cube,30,5,86872,30,par_async,2,8,16,6.3169
cube,30,5,86872,30,par_async,3,8,16,6.5457
cube,30,5,86872,30,par_async,4,8,16,6.8194
cube,30,5,86872,30,par_close,0,16,16,10.0972
cube,30,5,86872,30,par_close,1,16,16,10.1532
cube,30,5,86872,30,par_close,2,16,16,10.3738
cube,30,5,86872,30,par_close,3,16,16,10.5784
cube,30,5,86872,30,par_close,4,16,16,10.0503
cube,30,5,86872,30,par_async,0,16,16,4.8116
cube,30,5,86872,30,par_async,1,16,16,4.8792
cube,30,5,86872,30,par_async,2,16,16,4.9816
cube,30,5,86872,30,par_async,3,16,16,5.0152
cube,30,5,86872,30,par_async,4,16,16,4.7012
cube,30,5,86872,30,par_close,0,32,16,7.8034
cube,30,5,86872,30,par_close,1,32,16,7.4774
cube,30,5,86872,30,par_close,2,32,16,7.2374
cube,30,5,86872,30,par_close,3,32,16,7.5904
cube,30,5,86872,30,par_close,4,32,16,7.5616
cube,30,5,86872,30,par_async,0,32,16,4.2363
cube,30,5,86872,30,par_async,1,32,16,4.1949
cube,30,5,86872,30,par_async,2,32,16,4.3002
cube,30,5,86872,30,par_async,3,32,16,4.2677
cube,30,5,86872,30,par_async,4,32,16,4.1704
cube,30,5,86872,30,par_close,0,64,16,7.4501
cube,30,5,86872,30,par_close,1,64,16,6.8161
cube,30,5,86872,30,par_close,2,64,16,6.4383
cube,30,5,86872,30,par_close,3,64,16,6.6022
cube,30,5,86872,30,par_close,4,64,16,6.4318
cube,30,5,86872,30,par_async,0,64,16,4.0332
cube,30,5,86872,30,par_async,1,64,16,3.9971
cube,30,5,86872,30,par_async,2,64,16,4.0011
cube,30,5,86872,30,par_async,3,64,16,3.9733
cube,30,5,86872,30,par_async,4,64,16,3.9293
cube,30,5,86872,30,par_close,0,96,16,9.5043
cube,30,5,86872,30,par_close,1,96,16,7.9169
cube,30,5,86872,30,par_close,2,96,16,6.9398
cube,30,5,86872,30,par_close,3,96,16,6.8990
cube,30,5,86872,30,par_close,4,96,16,6.3969
cube,30,5,86872,30,par_async,0,96,16,4.1224
cube,30,5,86872,30,par_async,1,96,16,4.1078
cube,30,5,86872,30,par_async,2,96,16,4.1366
cube,30,5,86872,30,par_async,3,96,16,4.0816
cube,30,5,86872,30,par_async,4,96,16,4.0622
cube,30,5,86872,30,par_close,0,128,16,12.0970
cube,30,5,86872,30,par_close,1,128,16,8.6923
cube,30,5,86872,30,par_close,2,128,16,7.9053
cube,30,5,86872,30,par_close,3,128,16,7.6913
cube,30,5,86872,30,par_close,4,128,16,7.3354
cube,30,5,86872,30,par_async,0,128,16,4.7643
cube,30,5,86872,30,par_async,1,128,16,4.7885
cube,30,5,86872,30,par_async,2,128,16,4.7137
cube,30,5,86872,30,par_async,3,128,16,4.7912
cube,30,5,86872,30,par_async,4,128,16,4.6343
cube,30,5,86872,30,par_close,0,192,16,16.9669
cube,30,5,86872,30,par_close,1,192,16,13.3469
cube,30,5,86872,30,par_close,2,192,16,13.8061
cube,30,5,86872,30,par_close,3,192,16,12.1765
cube,30,5,86872,30,par_close,4,192,16,10.0753
cube,30,5,86872,30,par_async,0,192,16,5.7517
cube,30,5,86872,30,par_async,1,192,16,6.7373
cube,30,5,86872,30,par_async,2,192,16,7.5362
cube,30,5,86872,30,par_async,3,192,16,6.5936
cube,30,5,86872,30,par_async,4,192,16,6.2083
cube,55,5,499672,55,nelson_simple,0,1,16,78.2698
cube,55,5,499672,55,nelson_simple,1,1,16,78.6545
cube,55,5,499672,55,nelson_simple,2,1,16,78.7468
cube,55,5,499672,55,nelson_simple,3,1,16,81.1723
cube,55,5,499672,55,nelson_simple,4,1,16,82.0924
cube,55,5,499672,55,par_close,0,1,16,294.4789
cube,55,5,499672,55,par_close,1,1,16,293.8856
cube,55,5,499672,55,par_close,2,1,16,294.6171
cube,55,5,499672,55,par_close,3,1,16,295.4369
cube,55,5,499672,55,par_close,4,1,16,295.3064
cube,55,5,499672,55,par_async,0,1,16,82.1275
cube,55,5,499672,55,par_async,1,1,16,82.2442
cube,55,5,499672,55,par_async,2,1,16,82.2572
cube,55,5,499672,55,par_async,3,1,16,82.0834
cube,55,5,499672,55,par_async,4,1,16,82.0255
cube,55,5,499672,55,par_close,0,2,16,191.3539
cube,55,5,499672,55,par_close,1,2,16,186.9684
cube,55,5,499672,55,par_close,2,2,16,181.2603
cube,55,5,499672,55,par_close,3,2,16,182.3510
cube,55,5,499672,55,par_close,4,2,16,181.7555
cube,55,5,499672,55,par_async,0,2,16,50.5542
cube,55,5,499672,55,par_async,1,2,16,50.7427
cube,55,5,499672,55,par_async,2,2,16,50.9479
cube,55,5,499672,55,par_async,3,2,16,51.4514
cube,55,5,499672,55,par_async,4,2,16,51.1455
cube,55,5,499672,55,par_close,0,4,16,108.4106
cube,55,5,499672,55,par_close,1,4,16,106.9489
cube,55,5,499672,55,par_close,2,4,16,108.3532
cube,55,5,499672,55,par_close,3,4,16,113.7451
cube,55,5,499672,55,par_close,4,4,16,112.9582
cube,55,5,499672,55,par_async,0,4,16,33.6288
cube,55,5,499672,55,par_async,1,4,16,34.1562
cube,55,5,499672,55,par_async,2,4,16,33.7030
cube,55,5,499672,55,par_async,3,4,16,34.6007
cube,55,5,499672,55,par_async,4,4,16,33.7333
cube,55,5,499672,55,par_close,0,8,16,62.9669
cube,55,5,499672,55,par_close,1,8,16,62.8129
cube,55,5,499672,55,par_close,2,8,16,63.3755
cube,55,5,499672,55,par_close,3,8,16,62.2069
cube,55,5,499672,55,par_close,4,8,16,63.0500
cube,55,5,499672,55,par_async,0,8,16,22.0710
cube,55,5,499672,55,par_async,1,8,16,21.6831
cube,55,5,499672,55,par_async,2,8,16,21.8117
cube,55,5,499672,55,par_async,3,8,16,21.9255
cube,55,5,499672,55,par_async,4,8,16,21.4864
cube,55,5,499672,55,par_close,0,16,16,35.1589
cube,55,5,499672,55,par_close,1,16,16,35.3253
cube,55,5,499672,55,par_close,2,16,16,35.8716
cube,55,5,499672,55,par_close,3,16,16,36.2812
cube,55,5,499672,55,par_close,4,16,16,35.8486
cube,55,5,499672,55,par_async,0,16,16,14.4195
cube,55,5,499672,55,par_async,1,16,16,14.9090
cube,55,5,499672,55,par_async,2,16,16,14.8229
cube,55,5,499672,55,par_async,3,16,16,14.3999
cube,55,5,499672,55,par_async,4,16,16,15.1867
cube,55,5,499672,55,par_close,0,32,16,22.4789
cube,55,5,499672,55,par_close,1,32,16,22.5664
cube,55,5,499672,55,par_close,2,32,16,22.7944
cube,55,5,499672,55,par_close,3,32,16,23.5083
cube,55,5,499672,55,par_close,4,32,16,22.5474
cube,55,5,499672,55,par_async,0,32,16,10.7622
cube,55,5,499672,55,par_async,1,32,16,10.7119
cube,55,5,499672,55,par_async,2,32,16,10.7607
cube,55,5,499672,55,par_async,3,32,16,10.7207
cube,55,5,499672,55,par_async,4,32,16,10.8064
cube,55,5,499672,55,par_close,0,64,16,17.0435
cube,55,5,499672,55,par_close,1,64,16,18.0669
cube,55,5,499672,55,par_close,2,64,16,17.6605
cube,55,5,499672,55,par_close,3,64,16,17.3696
cube,55,5,499672,55,par_close,4,64,16,17.3910
cube,55,5,499672,55,par_async,0,64,16,9.9659
cube,55,5,499672,55,par_async,1,64,16,9.3821
cube,55,5,499672,55,par_async,2,64,16,9.7361
cube,55,5,499672,55,par_async,3,64,16,9.6175
cube,55,5,499672,55,par_async,4,64,16,9.6735
cube,55,5,499672,55,par_close,0,96,16,15.8288
cube,55,5,499672,55,par_close,1,96,16,15.5143
cube,55,5,499672,55,par_close,2,96,16,15.0878
cube,55,5,499672,55,par_close,3,96,16,15.7285
cube,55,5,499672,55,par_close,4,96,16,14.9557
cube,55,5,499672,55,par_async,0,96,16,9.4184
cube,55,5,499672,55,par_async,1,96,16,9.1715
cube,55,5,499672,55,par_async,2,96,16,9.1135
cube,55,5,499672,55,par_async,3,96,16,9.1209
cube,55,5,499672,55,par_async,4,96,16,9.1693
cube,55,5,499672,55,par_close,0,128,16,16.0399
cube,55,5,499672,55,par_close,1,128,16,15.8272
cube,55,5,499672,55,par_close,2,128,16,15.9934
cube,55,5,499672,55,par_close,3,128,16,15.9625
cube,55,5,499672,55,par_close,4,128,16,15.8505
cube,55,5,499672,55,par_async,0,128,16,9.4644
cube,55,5,499672,55,par_async,1,128,16,9.5725
cube,55,5,499672,55,par_async,2,128,16,9.6553
cube,55,5,499672,55,par_async,3,128,16,9.7656
cube,55,5,499672,55,par_async,4,128,16,9.7793
cube,55,5,499672,55,par_close,0,192,16,22.6883
cube,55,5,499672,55,par_close,1,192,16,22.4304
cube,55,5,499672,55,par_close,2,192,16,19.6011
cube,55,5,499672,55,par_close,3,192,16,16.4341
cube,55,5,499672,55,par_close,4,192,16,15.7207
cube,55,5,499672,55,par_async,0,192,16,10.0897
cube,55,5,499672,55,par_async,1,192,16,10.1484
cube,55,5,499672,55,par_async,2,192,16,10.2007
cube,55,5,499672,55,par_async,3,192,16,10.0861
cube,55,5,499672,55,par_async,4,192,16,10.1210
cube,80,5,1594472,80,nelson_simple,0,1,16,278.4973
cube,80,5,1594472,80,nelson_simple,1,1,16,273.4130
cube,80,5,1594472,80,nelson_simple,2,1,16,274.1397
cube,80,5,1594472,80,nelson_simple,3,1,16,266.7317
cube,80,5,1594472,80,nelson_simple,4,1,16,272.6122
cube,80,5,1594472,80,par_close,0,1,16,1029.2978
cube,80,5,1594472,80,par_close,1,1,16,1023.6950
cube,80,5,1594472,80,par_close,2,1,16,1026.3076
cube,80,5,1594472,80,par_close,3,1,16,1027.8197
cube,80,5,1594472,80,par_close,4,1,16,1027.3296
cube,80,5,1594472,80,par_async,0,1,16,290.6180
cube,80,5,1594472,80,par_async,1,1,16,290.5659
cube,80,5,1594472,80,par_async,2,1,16,290.0762
cube,80,5,1594472,80,par_async,3,1,16,289.6980
cube,80,5,1594472,80,par_async,4,1,16,290.0546
cube,80,5,1594472,80,par_close,0,2,16,558.3974
cube,80,5,1594472,80,par_close,1,2,16,557.1789
cube,80,5,1594472,80,par_close,2,2,16,552.7005
cube,80,5,1594472,80,par_close,3,2,16,553.4269
cube,80,5,1594472,80,par_close,4,2,16,552.6852
cube,80,5,1594472,80,par_async,0,2,16,156.9195
cube,80,5,1594472,80,par_async,1,2,16,156.2905
cube,80,5,1594472,80,par_async,2,2,16,157.1826
cube,80,5,1594472,80,par_async,3,2,16,156.1584
cube,80,5,1594472,80,par_async,4,2,16,156.2317
cube,80,5,1594472,80,par_close,0,4,16,323.2942
cube,80,5,1594472,80,par_close,1,4,16,325.9607
cube,80,5,1594472,80,par_close,2,4,16,324.9746
cube,80,5,1594472,80,par_close,3,4,16,324.5274
cube,80,5,1594472,80,par_close,4,4,16,324.5741
cube,80,5,1594472,80,par_async,0,4,16,96.0377
cube,80,5,1594472,80,par_async,1,4,16,93.0044
cube,80,5,1594472,80,par_async,2,4,16,95.8015
cube,80,5,1594472,80,par_async,3,4,16,93.1256
cube,80,5,1594472,80,par_async,4,4,16,92.6592
cube,80,5,1594472,80,par_close,0,8,16,176.8078
cube,80,5,1594472,80,par_close,1,8,16,182.5380
cube,80,5,1594472,80,par_close,2,8,16,178.6723
cube,80,5,1594472,80,par_close,3,8,16,180.4850
cube,80,5,1594472,80,par_close,4,8,16,180.7447
cube,80,5,1594472,80,par_async,0,8,16,53.4805
cube,80,5,1594472,80,par_async,1,8,16,53.8067
cube,80,5,1594472,80,par_async,2,8,16,53.3996
cube,80,5,1594472,80,par_async,3,8,16,55.4583
cube,80,5,1594472,80,par_async,4,8,16,53.1628
cube,80,5,1594472,80,par_close,0,16,16,106.6893
cube,80,5,1594472,80,par_close,1,16,16,106.6889
cube,80,5,1594472,80,par_close,2,16,16,102.6188
cube,80,5,1594472,80,par_close,3,16,16,102.2363
cube,80,5,1594472,80,par_close,4,16,16,103.9600
cube,80,5,1594472,80,par_async,0,16,16,29.1556
cube,80,5,1594472,80,par_async,1,16,16,29.4304
cube,80,5,1594472,80,par_async,2,16,16,28.7296
cube,80,5,1594472,80,par_async,3,16,16,28.5954
cube,80,5,1594472,80,par_async,4,16,16,29.2033
cube,80,5,1594472,80,par_close,0,32,16,62.8132
cube,80,5,1594472,80,par_close,1,32,16,61.4969
cube,80,5,1594472,80,par_close,2,32,16,61.2386
cube,80,5,1594472,80,par_close,3,32,16,60.6302
cube,80,5,1594472,80,par_close,4,32,16,61.3545
cube,80,5,1594472,80,par_async,0,32,16,17.0151
cube,80,5,1594472,80,par_async,1,32,16,17.3526
cube,80,5,1594472,80,par_async,2,32,16,16.9653
cube,80,5,1594472,80,par_async,3,32,16,16.7300
cube,80,5,1594472,80,par_async,4,32,16,17.0250
cube,80,5,1594472,80,par_close,0,64,16,45.0929
cube,80,5,1594472,80,par_close,1,64,16,45.8469
cube,80,5,1594472,80,par_close,2,64,16,47.4461
cube,80,5,1594472,80,par_close,3,64,16,49.8431
cube,80,5,1594472,80,par_close,4,64,16,46.2194
cube,80,5,1594472,80,par_async,0,64,16,14.6541
cube,80,5,1594472,80,par_async,1,64,16,14.7677
cube,80,5,1594472,80,par_async,2,64,16,14.7526
cube,80,5,1594472,80,par_async,3,64,16,14.9028
cube,80,5,1594472,80,par_async,4,64,16,14.5124
cube,80,5,1594472,80,par_close,0,96,16,38.7614
cube,80,5,1594472,80,par_close,1,96,16,39.3577
cube,80,5,1594472,80,par_close,2,96,16,41.9570
cube,80,5,1594472,80,par_close,3,96,16,39.6857
cube,80,5,1594472,80,par_close,4,96,16,39.8127
cube,80,5,1594472,80,par_async,0,96,16,11.1503
cube,80,5,1594472,80,par_async,1,96,16,11.3244
cube,80,5,1594472,80,par_async,2,96,16,11.3934
cube,80,5,1594472,80,par_async,3,96,16,11.1532
cube,80,5,1594472,80,par_async,4,96,16,11.6541
cube,80,5,1594472,80,par_close,0,128,16,35.8985
cube,80,5,1594472,80,par_close,1,128,16,38.5485
cube,80,5,1594472,80,par_close,2,128,16,39.6990
cube,80,5,1594472,80,par_close,3,128,16,40.6115
cube,80,5,1594472,80,par_close,4,128,16,38.3660
cube,80,5,1594472,80,par_async,0,128,16,12.1666
cube,80,5,1594472,80,par_async,1,128,16,12.2061
cube,80,5,1594472,80,par_async,2,128,16,12.3242
cube,80,5,1594472,80,par_async,3,128,16,12.4210
cube,80,5,1594472,80,par_async,4,128,16,12.6277
cube,80,5,1594472,80,par_close,0,192,16,33.8615
cube,80,5,1594472,80,par_close,1,192,16,34.0182
cube,80,5,1594472,80,par_close,2,192,16,35.3302
cube,80,5,1594472,80,par_close,3,192,16,35.7681
cube,80,5,1594472,80,par_close,4,192,16,37.4715
cube,80,5,1594472,80,par_async,0,192,16,10.3643
cube,80,5,1594472,80,par_async,1,192,16,10.6606
cube,80,5,1594472,80,par_async,2,192,16,10.5622
cube,80,5,1594472,80,par_async,3,192,16,10.5530
cube,80,5,1594472,80,par_async,4,192,16,10.7647
cube,105,5,3286772,105,nelson_simple,0,1,16,651.8517
cube,105,5,3286772,105,nelson_simple,1,1,16,644.3264
cube,105,5,3286772,105,nelson_simple,2,1,16,650.4407
cube,105,5,3286772,105,nelson_simple,3,1,16,645.5460
cube,105,5,3286772,105,nelson_simple,4,1,16,645.9790
cube,105,5,3286772,105,par_close,0,1,16,2148.8358
cube,105,5,3286772,105,par_close,1,1,16,2156.2108
cube,105,5,3286772,105,par_close,2,1,16,2140.1765
cube,105,5,3286772,105,par_close,3,1,16,2155.1819
cube,105,5,3286772,105,par_close,4,1,16,2156.7354
cube,105,5,3286772,105,par_async,0,1,16,677.1046
cube,105,5,3286772,105,par_async,1,1,16,673.4644
cube,105,5,3286772,105,par_async,2,1,16,673.0216
cube,105,5,3286772,105,par_async,3,1,16,672.2991
cube,105,5,3286772,105,par_async,4,1,16,671.8646
cube,105,5,3286772,105,par_close,0,2,16,1159.0793
cube,105,5,3286772,105,par_close,1,2,16,1153.5596
cube,105,5,3286772,105,par_close,2,2,16,1149.1362
cube,105,5,3286772,105,par_close,3,2,16,1156.2542
cube,105,5,3286772,105,par_close,4,2,16,1154.4247
cube,105,5,3286772,105,par_async,0,2,16,344.1346
cube,105,5,3286772,105,par_async,1,2,16,343.9477
cube,105,5,3286772,105,par_async,2,2,16,342.1179
cube,105,5,3286772,105,par_async,3,2,16,342.7621
cube,105,5,3286772,105,par_async,4,2,16,342.5981
cube,105,5,3286772,105,par_close,0,4,16,653.0435
cube,105,5,3286772,105,par_close,1,4,16,650.2398
cube,105,5,3286772,105,par_close,2,4,16,636.0916
cube,105,5,3286772,105,par_close,3,4,16,640.0564
cube,105,5,3286772,105,par_close,4,4,16,642.1464
cube,105,5,3286772,105,par_async,0,4,16,198.7162
cube,105,5,3286772,105,par_async,1,4,16,198.8622
cube,105,5,3286772,105,par_async,2,4,16,199.7069
cube,105,5,3286772,105,par_async,3,4,16,197.9205
cube,105,5,3286772,105,par_async,4,4,16,197.8485
cube,105,5,3286772,105,par_close,0,8,16,345.0692
cube,105,5,3286772,105,par_close,1,8,16,349.9693
cube,105,5,3286772,105,par_close,2,8,16,349.0484
cube,105,5,3286772,105,par_close,3,8,16,353.4634
cube,105,5,3286772,105,par_close,4,8,16,355.5875
cube,105,5,3286772,105,par_async,0,8,16,112.5874
cube,105,5,3286772,105,par_async,1,8,16,112.9038
cube,105,5,3286772,105,par_async,2,8,16,111.5575
cube,105,5,3286772,105,par_async,3,8,16,111.1120
cube,105,5,3286772,105,par_async,4,8,16,111.3652
cube,105,5,3286772,105,par_close,0,16,16,194.5681
cube,105,5,3286772,105,par_close,1,16,16,192.9515
cube,105,5,3286772,105,par_close,2,16,16,192.3654
cube,105,5,3286772,105,par_close,3,16,16,195.0022
cube,105,5,3286772,105,par_close,4,16,16,190.2087
cube,105,5,3286772,105,par_async,0,16,16,59.4200
cube,105,5,3286772,105,par_async,1,16,16,59.3603
cube,105,5,3286772,105,par_async,2,16,16,58.9929
cube,105,5,3286772,105,par_async,3,16,16,59.1347
cube,105,5,3286772,105,par_async,4,16,16,58.8492
cube,105,5,3286772,105,par_close,0,32,16,114.1417
cube,105,5,3286772,105,par_close,1,32,16,111.2395
cube,105,5,3286772,105,par_close,2,32,16,110.9643
cube,105,5,3286772,105,par_close,3,32,16,113.0859
cube,105,5,3286772,105,par_close,4,32,16,113.0062
cube,105,5,3286772,105,par_async,0,32,16,32.4678
cube,105,5,3286772,105,par_async,1,32,16,33.0809
cube,105,5,3286772,105,par_async,2,32,16,32.8608
cube,105,5,3286772,105,par_async,3,32,16,33.6306
cube,105,5,3286772,105,par_async,4,32,16,32.5666
cube,105,5,3286772,105,par_close,0,64,16,84.6057
cube,105,5,3286772,105,par_close,1,64,16,86.7014
cube,105,5,3286772,105,par_close,2,64,16,86.2815
cube,105,5,3286772,105,par_close,3,64,16,85.0272
cube,105,5,3286772,105,par_close,4,64,16,81.2589
cube,105,5,3286772,105,par_async,0,64,16,25.4328
cube,105,5,3286772,105,par_async,1,64,16,25.6429
cube,105,5,3286772,105,par_async,2,64,16,25.8689
cube,105,5,3286772,105,par_async,3,64,16,26.3116
cube,105,5,3286772,105,par_async,4,64,16,26.1355
cube,105,5,3286772,105,par_close,0,96,16,65.9656
cube,105,5,3286772,105,par_close,1,96,16,65.6520
cube,105,5,3286772,105,par_close,2,96,16,66.2165
cube,105,5,3286772,105,par_close,3,96,16,69.3555
cube,105,5,3286772,105,par_close,4,96,16,70.6194
cube,105,5,3286772,105,par_async,0,96,16,21.8008
cube,105,5,3286772,105,par_async,1,96,16,22.0760
cube,105,5,3286772,105,par_async,2,96,16,21.5515
cube,105,5,3286772,105,par_async,3,96,16,21.6782
cube,105,5,3286772,105,par_async,4,96,16,21.3298
cube,105,5,3286772,105,par_close,0,128,16,61.6911
cube,105,5,3286772,105,par_close,1,128,16,60.5226
cube,105,5,3286772,105,par_close,2,128,16,62.7647
cube,105,5,3286772,105,par_close,3,128,16,62.4789
cube,105,5,3286772,105,par_close,4,128,16,62.2011
cube,105,5,3286772,105,par_async,0,128,16,19.0813
cube,105,5,3286772,105,par_async,1,128,16,19.3863
cube,105,5,3286772,105,par_async,2,128,16,19.1660
cube,105,5,3286772,105,par_async,3,128,16,19.1919
cube,105,5,3286772,105,par_async,4,128,16,19.1982
cube,105,5,3286772,105,par_close,0,192,16,58.7481
cube,105,5,3286772,105,par_close,1,192,16,59.2113
cube,105,5,3286772,105,par_close,2,192,16,57.4253
cube,105,5,3286772,105,par_close,3,192,16,56.7550
cube,105,5,3286772,105,par_close,4,192,16,57.5215
cube,105,5,3286772,105,par_async,0,192,16,17.5293
cube,105,5,3286772,105,par_async,1,192,16,18.0153
cube,105,5,3286772,105,par_async,2,192,16,18.5571
cube,105,5,3286772,105,par_async,3,192,16,18.1462
cube,105,5,3286772,105,par_async,4,192,16,18.5142
cube,130,5,7005822,130,nelson_simple,0,1,16,1525.0882
cube,130,5,7005822,130,nelson_simple,1,1,16,1515.5122
cube,130,5,7005822,130,nelson_simple,2,1,16,1517.5962
cube,130,5,7005822,130,nelson_simple,3,1,16,1497.6723
cube,130,5,7005822,130,nelson_simple,4,1,16,1493.3536
cube,130,5,7005822,130,par_close,0,1,16,4844.0536
cube,130,5,7005822,130,par_close,1,1,16,4937.8555
cube,130,5,7005822,130,par_close,2,1,16,5015.1454
cube,130,5,7005822,130,par_close,3,1,16,5033.6717
cube,130,5,7005822,130,par_close,4,1,16,5051.2241
cube,130,5,7005822,130,par_async,0,1,16,1843.0843
cube,130,5,7005822,130,par_async,1,1,16,1837.2837
cube,130,5,7005822,130,par_async,2,1,16,1836.4094
cube,130,5,7005822,130,par_async,3,1,16,1833.7659
cube,130,5,7005822,130,par_async,4,1,16,1836.0478
cube,130,5,7005822,130,par_close,0,2,16,2639.3709
cube,130,5,7005822,130,par_close,1,2,16,2653.8979
cube,130,5,7005822,130,par_close,2,2,16,2668.0912
cube,130,5,7005822,130,par_close,3,2,16,2671.0628
cube,130,5,7005822,130,par_close,4,2,16,2664.2689
cube,130,5,7005822,130,par_async,0,2,16,962.4523
cube,130,5,7005822,130,par_async,1,2,16,960.8883
cube,130,5,7005822,130,par_async,2,2,16,960.8081
cube,130,5,7005822,130,par_async,3,2,16,958.9693
cube,130,5,7005822,130,par_async,4,2,16,958.4309
cube,130,5,7005822,130,par_close,0,4,16,1459.3464
cube,130,5,7005822,130,par_close,1,4,16,1472.0629
cube,130,5,7005822,130,par_close,2,4,16,1488.4714
cube,130,5,7005822,130,par_close,3,4,16,1484.2722
cube,130,5,7005822,130,par_close,4,4,16,1479.7082
cube,130,5,7005822,130,par_async,0,4,16,515.6512
cube,130,5,7005822,130,par_async,1,4,16,510.3886
cube,130,5,7005822,130,par_async,2,4,16,520.8019
cube,130,5,7005822,130,par_async,3,4,16,512.2244
cube,130,5,7005822,130,par_async,4,4,16,514.4734
cube,130,5,7005822,130,par_close,0,8,16,795.2744
cube,130,5,7005822,130,par_close,1,8,16,791.3411
cube,130,5,7005822,130,par_close,2,8,16,788.9721
cube,130,5,7005822,130,par_close,3,8,16,787.9272
cube,130,5,7005822,130,par_close,4,8,16,796.6169
cube,130,5,7005822,130,par_async,0,8,16,275.1016
cube,130,5,7005822,130,par_async,1,8,16,277.4288
cube,130,5,7005822,130,par_async,2,8,16,277.9791
cube,130,5,7005822,130,par_async,3,8,16,278.7096
cube,130,5,7005822,130,par_async,4,8,16,275.6887
cube,130,5,7005822,130,par_close,0,16,16,423.1808
cube,130,5,7005822,130,par_close,1,16,16,419.5800
cube,130,5,7005822,130,par_close,2,16,16,417.1758
cube,130,5,7005822,130,par_close,3,16,16,424.0009
cube,130,5,7005822,130,par_close,4,16,16,424.9959
cube,130,5,7005822,130,par_async,0,16,16,151.3117
cube,130,5,7005822,130,par_async,1,16,16,151.8770
cube,130,5,7005822,130,par_async,2,16,16,151.9092
cube,130,5,7005822,130,par_async,3,16,16,152.3016
cube,130,5,7005822,130,par_async,4,16,16,153.3552
cube,130,5,7005822,130,par_close,0,32,16,238.3796
cube,130,5,7005822,130,par_close,1,32,16,233.7980
cube,130,5,7005822,130,par_close,2,32,16,233.2003
cube,130,5,7005822,130,par_close,3,32,16,233.2011
cube,130,5,7005822,130,par_close,4,32,16,233.2015
cube,130,5,7005822,130,par_async,0,32,16,81.1339
cube,130,5,7005822,130,par_async,1,32,16,80.7512
cube,130,5,7005822,130,par_async,2,32,16,81.5115
cube,130,5,7005822,130,par_async,3,32,16,81.6463
cube,130,5,7005822,130,par_async,4,32,16,82.0164
cube,130,5,7005822,130,par_close,0,64,16,166.0415
cube,130,5,7005822,130,par_close,1,64,16,169.1460
cube,130,5,7005822,130,par_close,2,64,16,162.9182
cube,130,5,7005822,130,par_close,3,64,16,167.0382
cube,130,5,7005822,130,par_close,4,64,16,162.9606
cube,130,5,7005822,130,par_async,0,64,16,56.7475
cube,130,5,7005822,130,par_async,1,64,16,54.6908
cube,130,5,7005822,130,par_async,2,64,16,55.2616
cube,130,5,7005822,130,par_async,3,64,16,55.4289
cube,130,5,7005822,130,par_async,4,64,16,54.6954
cube,130,5,7005822,130,par_close,0,96,16,133.7676
cube,130,5,7005822,130,par_close,1,96,16,133.8530
cube,130,5,7005822,130,par_close,2,96,16,130.8624
cube,130,5,7005822,130,par_close,3,96,16,132.5162
cube,130,5,7005822,130,par_close,4,96,16,135.7792
cube,130,5,7005822,130,par_async,0,96,16,42.6626
cube,130,5,7005822,130,par_async,1,96,16,44.1681
cube,130,5,7005822,130,par_async,2,96,16,42.9857
cube,130,5,7005822,130,par_async,3,96,16,42.0090
cube,130,5,7005822,130,par_async,4,96,16,42.6408
cube,130,5,7005822,130,par_close,0,128,16,121.5446
cube,130,5,7005822,130,par_close,1,128,16,117.3763
cube,130,5,7005822,130,par_close,2,128,16,116.8524
cube,130,5,7005822,130,par_close,3,128,16,116.8160
cube,130,5,7005822,130,par_close,4,128,16,116.5842
cube,130,5,7005822,130,par_async,0,128,16,38.7493
cube,130,5,7005822,130,par_async,1,128,16,40.1029
cube,130,5,7005822,130,par_async,2,128,16,39.2536
cube,130,5,7005822,130,par_async,3,128,16,39.0066
cube,130,5,7005822,130,par_async,4,128,16,39.4570
cube,130,5,7005822,130,par_close,0,192,16,103.4191
cube,130,5,7005822,130,par_close,1,192,16,100.4212
cube,130,5,7005822,130,par_close,2,192,16,109.0432
cube,130,5,7005822,130,par_close,3,192,16,106.0394
cube,130,5,7005822,130,par_close,4,192,16,102.1708
cube,130,5,7005822,130,par_async,0,192,16,36.1170
cube,130,5,7005822,130,par_async,1,192,16,36.2373
cube,130,5,7005822,130,par_async,2,192,16,37.9616
cube,130,5,7005822,130,par_async,3,192,16,37.7612
cube,130,5,7005822,130,par_async,4,192,16,36.1037
cube,155,5,12122372,155,nelson_simple,0,1,16,2536.8363
cube,155,5,12122372,155,nelson_simple,1,1,16,2549.8439
cube,155,5,12122372,155,nelson_simple,2,1,16,2572.6284
cube,155,5,12122372,155,nelson_simple,3,1,16,2578.6072
cube,155,5,12122372,155,nelson_simple,4,1,16,2564.8174
cube,155,5,12122372,155,par_close,0,1,16,8678.9851
cube,155,5,12122372,155,par_close,1,1,16,8968.2522
cube,155,5,12122372,155,par_close,2,1,16,9205.0916
cube,155,5,12122372,155,par_close,3,1,16,9331.6032
cube,155,5,12122372,155,par_close,4,1,16,9410.3582
cube,155,5,12122372,155,par_async,0,1,16,3443.4330
cube,155,5,12122372,155,par_async,1,1,16,3434.7661
cube,155,5,12122372,155,par_async,2,1,16,3432.4945
cube,155,5,12122372,155,par_async,3,1,16,3434.7067
cube,155,5,12122372,155,par_async,4,1,16,3422.4407
cube,155,5,12122372,155,par_close,0,2,16,4769.9837
cube,155,5,12122372,155,par_close,1,2,16,4849.5912
cube,155,5,12122372,155,par_close,2,2,16,4906.0362
cube,155,5,12122372,155,par_close,3,2,16,4953.3837
cube,155,5,12122372,155,par_close,4,2,16,4961.6398
cube,155,5,12122372,155,par_async,0,2,16,1810.4132
cube,155,5,12122372,155,par_async,1,2,16,1805.9426
cube,155,5,12122372,155,par_async,2,2,16,1808.7392
cube,155,5,12122372,155,par_async,3,2,16,1804.0014
cube,155,5,12122372,155,par_async,4,2,16,1809.6962
cube,155,5,12122372,155,par_close,0,4,16,2623.0179
cube,155,5,12122372,155,par_close,1,4,16,2648.7245
cube,155,5,12122372,155,par_close,2,4,16,2701.4095
cube,155,5,12122372,155,par_close,3,4,16,2721.7456
cube,155,5,12122372,155,par_close,4,4,16,2721.2338
cube,155,5,12122372,155,par_async,0,4,16,935.3005
cube,155,5,12122372,155,par_async,1,4,16,931.3579
cube,155,5,12122372,155,par_async,2,4,16,931.8075
cube,155,5,12122372,155,par_async,3,4,16,938.7660
cube,155,5,12122372,155,par_async,4,4,16,929.8846
cube,155,5,12122372,155,par_close,0,8,16,1408.7587
cube,155,5,12122372,155,par_close,1,8,16,1419.5371
cube,155,5,12122372,155,par_close,2,8,16,1431.5925
cube,155,5,12122372,155,par_close,3,8,16,1438.2820
cube,155,5,12122372,155,par_close,4,8,16,1439.0835
cube,155,5,12122372,155,par_async,0,8,16,498.8033
cube,155,5,12122372,155,par_async,1,8,16,492.7987
cube,155,5,12122372,155,par_async,2,8,16,496.1121
cube,155,5,12122372,155,par_async,3,8,16,494.3412
cube,155,5,12122372,155,par_async,4,8,16,494.4066
cube,155,5,12122372,155,par_close,0,16,16,735.5689
cube,155,5,12122372,155,par_close,1,16,16,747.8608
cube,155,5,12122372,155,par_close,2,16,16,753.0711
cube,155,5,12122372,155,par_close,3,16,16,757.6353
cube,155,5,12122372,155,par_close,4,16,16,762.6514
cube,155,5,12122372,155,par_async,0,16,16,270.4088
cube,155,5,12122372,155,par_async,1,16,16,266.8387
cube,155,5,12122372,155,par_async,2,16,16,266.7451
cube,155,5,12122372,155,par_async,3,16,16,266.5894
cube,155,5,12122372,155,par_async,4,16,16,266.2468
cube,155,5,12122372,155,par_close,0,32,16,394.9276
cube,155,5,12122372,155,par_close,1,32,16,398.1110
cube,155,5,12122372,155,par_close,2,32,16,399.9269
cube,155,5,12122372,155,par_close,3,32,16,402.9519
cube,155,5,12122372,155,par_close,4,32,16,406.9360
cube,155,5,12122372,155,par_async,0,32,16,143.3762
cube,155,5,12122372,155,par_async,1,32,16,145.0858
cube,155,5,12122372,155,par_async,2,32,16,145.8606
cube,155,5,12122372,155,par_async,3,32,16,144.2527
cube,155,5,12122372,155,par_async,4,32,16,144.5589
cube,155,5,12122372,155,par_close,0,64,16,265.3197
cube,155,5,12122372,155,par_close,1,64,16,263.1920
cube,155,5,12122372,155,par_close,2,64,16,268.4746
cube,155,5,12122372,155,par_close,3,64,16,267.2937
cube,155,5,12122372,155,par_close,4,64,16,265.8197
cube,155,5,12122372,155,par_async,0,64,16,99.2371
cube,155,5,12122372,155,par_async,1,64,16,99.7642
cube,155,5,12122372,155,par_async,2,64,16,100.9135
cube,155,5,12122372,155,par_async,3,64,16,100.4019
cube,155,5,12122372,155,par_async,4,64,16,97.8623
cube,155,5,12122372,155,par_close,0,96,16,199.6548
cube,155,5,12122372,155,par_close,1,96,16,207.2687
cube,155,5,12122372,155,par_close,2,96,16,206.1647
cube,155,5,12122372,155,par_close,3,96,16,206.1171
cube,155,5,12122372,155,par_close,4,96,16,208.1319
cube,155,5,12122372,155,par_async,0,96,16,77.4363
cube,155,5,12122372,155,par_async,1,96,16,80.8301
cube,155,5,12122372,155,par_async,2,96,16,79.4916
cube,155,5,12122372,155,par_async,3,96,16,78.3147
cube,155,5,12122372,155,par_async,4,96,16,79.6276
cube,155,5,12122372,155,par_close,0,128,16,178.3180
cube,155,5,12122372,155,par_close,1,128,16,173.1258
cube,155,5,12122372,155,par_close,2,128,16,177.8583
cube,155,5,12122372,155,par_close,3,128,16,178.0192
cube,155,5,12122372,155,par_close,4,128,16,175.6577
cube,155,5,12122372,155,par_async,0,128,16,74.1108
cube,155,5,12122372,155,par_async,1,128,16,70.3405
cube,155,5,12122372,155,par_async,2,128,16,70.9178
cube,155,5,12122372,155,par_async,3,128,16,70.2132
cube,155,5,12122372,155,par_async,4,128,16,72.3750
cube,155,5,12122372,155,par_close,0,192,16,157.7747
cube,155,5,12122372,155,par_close,1,192,16,155.4834
cube,155,5,12122372,155,par_close,2,192,16,151.5231
cube,155,5,12122372,155,par_close,3,192,16,160.2620
cube,155,5,12122372,155,par_close,4,192,16,161.6088
cube,155,5,12122372,155,par_async,0,192,16,65.6629
cube,155,5,12122372,155,par_async,1,192,16,64.6068
cube,155,5,12122372,155,par_async,2,192,16,64.5242
cube,155,5,12122372,155,par_async,3,192,16,63.0756
cube,155,5,12122372,155,par_async,4,192,16,67.1417
cube,180,5,16536922,180,nelson_simple,0,1,16,3687.9031
cube,180,5,16536922,180,nelson_simple,1,1,16,3763.6164
cube,180,5,16536922,180,nelson_simple,2,1,16,3784.2478
cube,180,5,16536922,180,nelson_simple,3,1,16,3728.9796
cube,180,5,16536922,180,nelson_simple,4,1,16,3793.0724
cube,180,5,16536922,180,par_close,0,1,16,13003.5379
cube,180,5,16536922,180,par_close,1,1,16,13438.3949
cube,180,5,16536922,180,par_close,2,1,16,13747.3161
cube,180,5,16536922,180,par_close,3,1,16,14026.6174
cube,180,5,16536922,180,par_close,4,1,16,14228.6791
cube,180,5,16536922,180,par_async,0,1,16,4940.4194
cube,180,5,16536922,180,par_async,1,1,16,4950.8658
cube,180,5,16536922,180,par_async,2,1,16,4928.9254
cube,180,5,16536922,180,par_async,3,1,16,4945.0531
cube,180,5,16536922,180,par_async,4,1,16,4937.8225
cube,180,5,16536922,180,par_close,0,2,16,7070.2551
cube,180,5,16536922,180,par_close,1,2,16,7288.7175
cube,180,5,16536922,180,par_close,2,2,16,7451.0933
cube,180,5,16536922,180,par_close,3,2,16,7544.5514
cube,180,5,16536922,180,par_close,4,2,16,7578.2315
cube,180,5,16536922,180,par_async,0,2,16,2554.6042
cube,180,5,16536922,180,par_async,1,2,16,2550.2075
cube,180,5,16536922,180,par_async,2,2,16,2545.4197
cube,180,5,16536922,180,par_async,3,2,16,2540.9923
cube,180,5,16536922,180,par_async,4,2,16,2539.5980
cube,180,5,16536922,180,par_close,0,4,16,3916.3736
cube,180,5,16536922,180,par_close,1,4,16,3978.9059
cube,180,5,16536922,180,par_close,2,4,16,4028.1271
cube,180,5,16536922,180,par_close,3,4,16,4048.6118
cube,180,5,16536922,180,par_close,4,4,16,4075.0615
cube,180,5,16536922,180,par_async,0,4,16,1320.2688
cube,180,5,16536922,180,par_async,1,4,16,1330.5769
cube,180,5,16536922,180,par_async,2,4,16,1326.3810
cube,180,5,16536922,180,par_async,3,4,16,1330.5246
cube,180,5,16536922,180,par_async,4,4,16,1328.7429
cube,180,5,16536922,180,par_close,0,8,16,2046.9833
cube,180,5,16536922,180,par_close,1,8,16,2090.0363
cube,180,5,16536922,180,par_close,2,8,16,2113.6181
cube,180,5,16536922,180,par_close,3,8,16,2124.1793
cube,180,5,16536922,180,par_close,4,8,16,2118.2488
cube,180,5,16536922,180,par_async,0,8,16,693.1397
cube,180,5,16536922,180,par_async,1,8,16,688.8072
cube,180,5,16536922,180,par_async,2,8,16,693.3458
cube,180,5,16536922,180,par_async,3,8,16,693.5306
cube,180,5,16536922,180,par_async,4,8,16,694.4671
cube,180,5,16536922,180,par_close,0,16,16,1055.1357
cube,180,5,16536922,180,par_close,1,16,16,1083.1351
cube,180,5,16536922,180,par_close,2,16,16,1109.5853
cube,180,5,16536922,180,par_close,3,16,16,1118.3148
cube,180,5,16536922,180,par_close,4,16,16,1111.6081
cube,180,5,16536922,180,par_async,0,16,16,370.7314
cube,180,5,16536922,180,par_async,1,16,16,372.2295
cube,180,5,16536922,180,par_async,2,16,16,369.4607
cube,180,5,16536922,180,par_async,3,16,16,368.8342
cube,180,5,16536922,180,par_async,4,16,16,371.4821
cube,180,5,16536922,180,par_close,0,32,16,557.6173
cube,180,5,16536922,180,par_close,1,32,16,568.3907
cube,180,5,16536922,180,par_close,2,32,16,578.9040
cube,180,5,16536922,180,par_close,3,32,16,585.5176
cube,180,5,16536922,180,par_close,4,32,16,584.9465
cube,180,5,16536922,180,par_async,0,32,16,200.2008
cube,180,5,16536922,180,par_async,1,32,16,201.5492
cube,180,5,16536922,180,par_async,2,32,16,201.9704
cube,180,5,16536922,180,par_async,3,32,16,201.1053
cube,180,5,16536922,180,par_async,4,32,16,201.5925
cube,180,5,16536922,180,par_close,0,64,16,369.4740
cube,180,5,16536922,180,par_close,1,64,16,375.0701
cube,180,5,16536922,180,par_close,2,64,16,387.8920
cube,180,5,16536922,180,par_close,3,64,16,386.4397
cube,180,5,16536922,180,par_close,4,64,16,377.1434
cube,180,5,16536922,180,par_async,0,64,16,136.3044
cube,180,5,16536922,180,par_async,1,64,16,136.2039
cube,180,5,16536922,180,par_async,2,64,16,133.9528
cube,180,5,16536922,180,par_async,3,64,16,138.3190
cube,180,5,16536922,180,par_async,4,64,16,134.0045
cube,180,5,16536922,180,par_close,0,96,16,278.0450
cube,180,5,16536922,180,par_close,1,96,16,281.5255
cube,180,5,16536922,180,par_close,2,96,16,295.1816
cube,180,5,16536922,180,par_close,3,96,16,277.3793
cube,180,5,16536922,180,par_close,4,96,16,277.1101
cube,180,5,16536922,180,par_async,0,96,16,109.2403
cube,180,5,16536922,180,par_async,1,96,16,111.5066
cube,180,5,16536922,180,par_async,2,96,16,111.7006
cube,180,5,16536922,180,par_async,3,96,16,109.8117
cube,180,5,16536922,180,par_async,4,96,16,109.0005
cube,180,5,16536922,180,par_close,0,128,16,244.7311
cube,180,5,16536922,180,par_close,1,128,16,247.0085
cube,180,5,16536922,180,par_close,2,128,16,243.6786
cube,180,5,16536922,180,par_close,3,128,16,249.0523
cube,180,5,16536922,180,par_close,4,128,16,249.0507
cube,180,5,16536922,180,par_async,0,128,16,98.8735
cube,180,5,16536922,180,par_async,1,128,16,107.3635
cube,180,5,16536922,180,par_async,2,128,16,100.7681
cube,180,5,16536922,180,par_async,3,128,16,99.0152
cube,180,5,16536922,180,par_async,4,128,16,99.3586
cube,180,5,16536922,180,par_close,0,192,16,211.6165
cube,180,5,16536922,180,par_close,1,192,16,216.6845
cube,180,5,16536922,180,par_close,2,192,16,215.9060
cube,180,5,16536922,180,par_close,3,192,16,223.8381
cube,180,5,16536922,180,par_close,4,192,16,212.7065
cube,180,5,16536922,180,par_async,0,192,16,94.5104
cube,180,5,16536922,180,par_async,1,192,16,92.2144
cube,180,5,16536922,180,par_async,2,192,16,92.9443
cube,180,5,16536922,180,par_async,3,192,16,94.9648
cube,180,5,16536922,180,par_async,4,192,16,90.6894
cube,205,5,22107222,205,nelson_simple,0,1,16,4890.4275
cube,205,5,22107222,205,nelson_simple,1,1,16,4905.7102
cube,205,5,22107222,205,nelson_simple,2,1,16,4908.7136
cube,205,5,22107222,205,nelson_simple,3,1,16,4900.5854
cube,205,5,22107222,205,nelson_simple,4,1,16,4890.4537
cube,205,5,22107222,205,par_close,0,1,16,19670.7257
cube,205,5,22107222,205,par_close,1,1,16,20262.4554
cube,205,5,22107222,205,par_close,2,1,16,20829.4348
cube,205,5,22107222,205,par_close,3,1,16,21497.1574
cube,205,5,22107222,205,par_close,4,1,16,21703.2380
cube,205,5,22107222,205,par_async,0,1,16,7035.4553
cube,205,5,22107222,205,par_async,1,1,16,7044.2700
cube,205,5,22107222,205,par_async,2,1,16,7040.4198
cube,205,5,22107222,205,par_async,3,1,16,7031.7427
cube,205,5,22107222,205,par_async,4,1,16,7036.3712
cube,205,5,22107222,205,par_close,0,2,16,10585.2223
cube,205,5,22107222,205,par_close,1,2,16,10825.2753
cube,205,5,22107222,205,par_close,2,2,16,11199.5567
cube,205,5,22107222,205,par_close,3,2,16,11378.7453
cube,205,5,22107222,205,par_close,4,2,16,11397.4823
cube,205,5,22107222,205,par_async,0,2,16,3603.2256
cube,205,5,22107222,205,par_async,1,2,16,3610.2180
cube,205,5,22107222,205,par_async,2,2,16,3608.0982
cube,205,5,22107222,205,par_async,3,2,16,3603.6469
cube,205,5,22107222,205,par_async,4,2,16,3601.1191
cube,205,5,22107222,205,par_close,0,4,16,5653.6360
cube,205,5,22107222,205,par_close,1,4,16,5821.9372
cube,205,5,22107222,205,par_close,2,4,16,5949.2726
cube,205,5,22107222,205,par_close,3,4,16,5997.9422
cube,205,5,22107222,205,par_close,4,4,16,6012.4681
cube,205,5,22107222,205,par_async,0,4,16,1885.8863
cube,205,5,22107222,205,par_async,1,4,16,1896.2440
cube,205,5,22107222,205,par_async,2,4,16,1892.0055
cube,205,5,22107222,205,par_async,3,4,16,1881.9177
cube,205,5,22107222,205,par_async,4,4,16,1898.1430
cube,205,5,22107222,205,par_close,0,8,16,2924.1510
cube,205,5,22107222,205,par_close,1,8,16,3000.2254
cube,205,5,22107222,205,par_close,2,8,16,3045.9729
cube,205,5,22107222,205,par_close,3,8,16,3061.4013
cube,205,5,22107222,205,par_close,4,8,16,3082.9551
cube,205,5,22107222,205,par_async,0,8,16,965.3464
cube,205,5,22107222,205,par_async,1,8,16,965.5035
cube,205,5,22107222,205,par_async,2,8,16,967.5660
cube,205,5,22107222,205,par_async,3,8,16,965.0504
cube,205,5,22107222,205,par_async,4,8,16,970.4950
cube,205,5,22107222,205,par_close,0,16,16,1501.6579
cube,205,5,22107222,205,par_close,1,16,16,1539.3644
cube,205,5,22107222,205,par_close,2,16,16,1578.4892
cube,205,5,22107222,205,par_close,3,16,16,1584.9036
cube,205,5,22107222,205,par_close,4,16,16,1591.1390
cube,205,5,22107222,205,par_async,0,16,16,507.9995
cube,205,5,22107222,205,par_async,1,16,16,507.6868
cube,205,5,22107222,205,par_async,2,16,16,509.4339
cube,205,5,22107222,205,par_async,3,16,16,510.0606
cube,205,5,22107222,205,par_async,4,16,16,511.5045
cube,205,5,22107222,205,par_close,0,32,16,782.5581
cube,205,5,22107222,205,par_close,1,32,16,801.9560
cube,205,5,22107222,205,par_close,2,32,16,825.0762
cube,205,5,22107222,205,par_close,3,32,16,827.3731
cube,205,5,22107222,205,par_close,4,32,16,830.4191
cube,205,5,22107222,205,par_async,0,32,16,280.7005
cube,205,5,22107222,205,par_async,1,32,16,279.3368
cube,205,5,22107222,205,par_async,2,32,16,286.8226
cube,205,5,22107222,205,par_async,3,32,16,282.2956
cube,205,5,22107222,205,par_async,4,32,16,280.0373
cube,205,5,22107222,205,par_close,0,64,16,515.4619
cube,205,5,22107222,205,par_close,1,64,16,518.6134
cube,205,5,22107222,205,par_close,2,64,16,531.0751
cube,205,5,22107222,205,par_close,3,64,16,529.0029
cube,205,5,22107222,205,par_close,4,64,16,526.3975
cube,205,5,22107222,205,par_async,0,64,16,185.3818
cube,205,5,22107222,205,par_async,1,64,16,185.2449
cube,205,5,22107222,205,par_async,2,64,16,191.6706
cube,205,5,22107222,205,par_async,3,64,16,188.3033
cube,205,5,22107222,205,par_async,4,64,16,187.7025
cube,205,5,22107222,205,par_close,0,96,16,375.4584
cube,205,5,22107222,205,par_close,1,96,16,385.9620
cube,205,5,22107222,205,par_close,2,96,16,391.8829
cube,205,5,22107222,205,par_close,3,96,16,388.9751
cube,205,5,22107222,205,par_close,4,96,16,391.9354
cube,205,5,22107222,205,par_async,0,96,16,149.0514
cube,205,5,22107222,205,par_async,1,96,16,154.7202
cube,205,5,22107222,205,par_async,2,96,16,143.2060
cube,205,5,22107222,205,par_async,3,96,16,150.0560
cube,205,5,22107222,205,par_async,4,96,16,151.8441
cube,205,5,22107222,205,par_close,0,128,16,313.9495
cube,205,5,22107222,205,par_close,1,128,16,334.8487
cube,205,5,22107222,205,par_close,2,128,16,325.9706
cube,205,5,22107222,205,par_close,3,128,16,332.9013
cube,205,5,22107222,205,par_close,4,128,16,325.0897
cube,205,5,22107222,205,par_async,0,128,16,135.6800
cube,205,5,22107222,205,par_async,1,128,16,133.9209
cube,205,5,22107222,205,par_async,2,128,16,133.9815
cube,205,5,22107222,205,par_async,3,128,16,133.3423
cube,205,5,22107222,205,par_async,4,128,16,135.2933
cube,205,5,22107222,205,par_close,0,192,16,273.7318
cube,205,5,22107222,205,par_close,1,192,16,279.0415
cube,205,5,22107222,205,par_close,2,192,16,280.9870
cube,205,5,22107222,205,par_close,3,192,16,288.3148
cube,205,5,22107222,205,par_close,4,192,16,293.4680
cube,205,5,22107222,205,par_async,0,192,16,121.3533
cube,205,5,22107222,205,par_async,1,192,16,124.0683
cube,205,5,22107222,205,par_async,2,192,16,125.8281
cube,205,5,22107222,205,par_async,3,192,16,127.1780
cube,205,5,22107222,205,par_async,4,192,16,125.7862
