file,suite,n_gates,n_literals,n_not_terms,total_classes,algorithm,trial,parlay_threads,read_s,parse_s,build_s,close_ms
h5m-n01-ands.gates,iwls22_with_not,1660156,1083431,499915,3243502,nelson_simple,0,1,0.019924,0.150748,0.290793,350.3479
h5m-n01-ands.gates,iwls22_with_not,1660156,1083431,499915,3243502,nelson_simple,1,1,0.019924,0.150748,0.290793,348.4881
h5m-n01-ands.gates,iwls22_with_not,1660156,1083431,499915,3243502,nelson_simple,2,1,0.019924,0.150748,0.290793,350.4643
h5m-n01-ands.gates,iwls22_with_not,1660156,1083431,499915,3243502,nelson_simple,3,1,0.019924,0.150748,0.290793,348.0270
h5m-n01-ands.gates,iwls22_with_not,1660156,1083431,499915,3243502,nelson_simple,4,1,0.019924,0.150748,0.290793,354.7285
h5m-n01-ands.gates,iwls22_with_not,1660156,1083431,499915,3243502,par_close,0,1,0.019924,0.150748,0.290793,1453.4870
h5m-n01-ands.gates,iwls22_with_not,1660156,1083431,499915,3243502,par_close,1,1,0.019924,0.150748,0.290793,1554.8378
h5m-n01-ands.gates,iwls22_with_not,1660156,1083431,499915,3243502,par_close,2,1,0.019924,0.150748,0.290793,1575.5649
h5m-n01-ands.gates,iwls22_with_not,1660156,1083431,499915,3243502,par_close,3,1,0.019924,0.150748,0.290793,1609.2824
h5m-n01-ands.gates,iwls22_with_not,1660156,1083431,499915,3243502,par_close,4,1,0.019924,0.150748,0.290793,1621.0683
h5m-n01-ands.gates,iwls22_with_not,1660156,1083431,499915,3243502,par_async,0,1,0.019924,0.150748,0.290793,282.7736
h5m-n01-ands.gates,iwls22_with_not,1660156,1083431,499915,3243502,par_async,1,1,0.019924,0.150748,0.290793,283.1984
h5m-n01-ands.gates,iwls22_with_not,1660156,1083431,499915,3243502,par_async,2,1,0.019924,0.150748,0.290793,280.2337
h5m-n01-ands.gates,iwls22_with_not,1660156,1083431,499915,3243502,par_async,3,1,0.019924,0.150748,0.290793,281.0070
h5m-n01-ands.gates,iwls22_with_not,1660156,1083431,499915,3243502,par_async,4,1,0.019924,0.150748,0.290793,280.7539
h5m-n01-xits.gates,iwls22_with_not,1105612,613618,249946,1969176,nelson_simple,0,1,0.012433,0.107148,0.180715,215.4799
h5m-n01-xits.gates,iwls22_with_not,1105612,613618,249946,1969176,nelson_simple,1,1,0.012433,0.107148,0.180715,211.3878
h5m-n01-xits.gates,iwls22_with_not,1105612,613618,249946,1969176,nelson_simple,2,1,0.012433,0.107148,0.180715,208.7955
h5m-n01-xits.gates,iwls22_with_not,1105612,613618,249946,1969176,nelson_simple,3,1,0.012433,0.107148,0.180715,206.2702
h5m-n01-xits.gates,iwls22_with_not,1105612,613618,249946,1969176,nelson_simple,4,1,0.012433,0.107148,0.180715,206.4846
h5m-n01-xits.gates,iwls22_with_not,1105612,613618,249946,1969176,par_close,0,1,0.012433,0.107148,0.180715,858.7075
h5m-n01-xits.gates,iwls22_with_not,1105612,613618,249946,1969176,par_close,1,1,0.012433,0.107148,0.180715,906.2994
h5m-n01-xits.gates,iwls22_with_not,1105612,613618,249946,1969176,par_close,2,1,0.012433,0.107148,0.180715,916.7817
h5m-n01-xits.gates,iwls22_with_not,1105612,613618,249946,1969176,par_close,3,1,0.012433,0.107148,0.180715,935.1011
h5m-n01-xits.gates,iwls22_with_not,1105612,613618,249946,1969176,par_close,4,1,0.012433,0.107148,0.180715,941.3034
h5m-n01-xits.gates,iwls22_with_not,1105612,613618,249946,1969176,par_async,0,1,0.012433,0.107148,0.180715,186.4597
h5m-n01-xits.gates,iwls22_with_not,1105612,613618,249946,1969176,par_async,1,1,0.012433,0.107148,0.180715,186.6825
h5m-n01-xits.gates,iwls22_with_not,1105612,613618,249946,1969176,par_async,2,1,0.012433,0.107148,0.180715,184.8103
h5m-n01-xits.gates,iwls22_with_not,1105612,613618,249946,1969176,par_async,3,1,0.012433,0.107148,0.180715,184.9998
h5m-n01-xits.gates,iwls22_with_not,1105612,613618,249946,1969176,par_async,4,1,0.012433,0.107148,0.180715,185.7844
h5m-n04-ands.gates,iwls22_with_not,1782230,1246980,573992,3603202,nelson_simple,0,1,0.018480,0.165746,0.321135,421.6476
h5m-n04-ands.gates,iwls22_with_not,1782230,1246980,573992,3603202,nelson_simple,1,1,0.018480,0.165746,0.321135,423.3016
h5m-n04-ands.gates,iwls22_with_not,1782230,1246980,573992,3603202,nelson_simple,2,1,0.018480,0.165746,0.321135,424.7910
h5m-n04-ands.gates,iwls22_with_not,1782230,1246980,573992,3603202,nelson_simple,3,1,0.018480,0.165746,0.321135,424.3041
h5m-n04-ands.gates,iwls22_with_not,1782230,1246980,573992,3603202,nelson_simple,4,1,0.018480,0.165746,0.321135,417.9238
h5m-n04-ands.gates,iwls22_with_not,1782230,1246980,573992,3603202,par_close,0,1,0.018480,0.165746,0.321135,1630.6459
h5m-n04-ands.gates,iwls22_with_not,1782230,1246980,573992,3603202,par_close,1,1,0.018480,0.165746,0.321135,1739.5372
h5m-n04-ands.gates,iwls22_with_not,1782230,1246980,573992,3603202,par_close,2,1,0.018480,0.165746,0.321135,1769.5658
h5m-n04-ands.gates,iwls22_with_not,1782230,1246980,573992,3603202,par_close,3,1,0.018480,0.165746,0.321135,1819.7973
h5m-n04-ands.gates,iwls22_with_not,1782230,1246980,573992,3603202,par_close,4,1,0.018480,0.165746,0.321135,1829.1809
h5m-n04-ands.gates,iwls22_with_not,1782230,1246980,573992,3603202,par_async,0,1,0.018480,0.165746,0.321135,237.5816
h5m-n04-ands.gates,iwls22_with_not,1782230,1246980,573992,3603202,par_async,1,1,0.018480,0.165746,0.321135,237.6427
h5m-n04-ands.gates,iwls22_with_not,1782230,1246980,573992,3603202,par_async,2,1,0.018480,0.165746,0.321135,236.4730
h5m-n04-ands.gates,iwls22_with_not,1782230,1246980,573992,3603202,par_async,3,1,0.018480,0.165746,0.321135,236.3231
h5m-n04-ands.gates,iwls22_with_not,1782230,1246980,573992,3603202,par_async,4,1,0.018480,0.165746,0.321135,237.0682
h5m-n04-xits.gates,iwls22_with_not,1268358,707582,308278,2284218,nelson_simple,0,1,0.014555,0.122574,0.206849,245.1213
h5m-n04-xits.gates,iwls22_with_not,1268358,707582,308278,2284218,nelson_simple,1,1,0.014555,0.122574,0.206849,244.3691
h5m-n04-xits.gates,iwls22_with_not,1268358,707582,308278,2284218,nelson_simple,2,1,0.014555,0.122574,0.206849,243.0726
h5m-n04-xits.gates,iwls22_with_not,1268358,707582,308278,2284218,nelson_simple,3,1,0.014555,0.122574,0.206849,240.8721
h5m-n04-xits.gates,iwls22_with_not,1268358,707582,308278,2284218,nelson_simple,4,1,0.014555,0.122574,0.206849,237.9491
h5m-n04-xits.gates,iwls22_with_not,1268358,707582,308278,2284218,par_close,0,1,0.014555,0.122574,0.206849,961.6119
h5m-n04-xits.gates,iwls22_with_not,1268358,707582,308278,2284218,par_close,1,1,0.014555,0.122574,0.206849,1016.5903
h5m-n04-xits.gates,iwls22_with_not,1268358,707582,308278,2284218,par_close,2,1,0.014555,0.122574,0.206849,1030.1178
h5m-n04-xits.gates,iwls22_with_not,1268358,707582,308278,2284218,par_close,3,1,0.014555,0.122574,0.206849,1054.7226
h5m-n04-xits.gates,iwls22_with_not,1268358,707582,308278,2284218,par_close,4,1,0.014555,0.122574,0.206849,1064.9137
h5m-n04-xits.gates,iwls22_with_not,1268358,707582,308278,2284218,par_async,0,1,0.014555,0.122574,0.206849,170.0312
h5m-n04-xits.gates,iwls22_with_not,1268358,707582,308278,2284218,par_async,1,1,0.014555,0.122574,0.206849,170.8179
h5m-n04-xits.gates,iwls22_with_not,1268358,707582,308278,2284218,par_async,2,1,0.014555,0.122574,0.206849,168.5784
h5m-n04-xits.gates,iwls22_with_not,1268358,707582,308278,2284218,par_async,3,1,0.014555,0.122574,0.206849,168.8272
h5m-n04-xits.gates,iwls22_with_not,1268358,707582,308278,2284218,par_async,4,1,0.014555,0.122574,0.206849,168.9061
h5m-n06-ands.gates,iwls22_with_not,4663996,3206860,1500349,9371205,nelson_simple,0,1,0.051542,0.464737,0.902303,1187.3678
h5m-n06-ands.gates,iwls22_with_not,4663996,3206860,1500349,9371205,nelson_simple,1,1,0.051542,0.464737,0.902303,1181.1120
h5m-n06-ands.gates,iwls22_with_not,4663996,3206860,1500349,9371205,nelson_simple,2,1,0.051542,0.464737,0.902303,1232.0969
h5m-n06-ands.gates,iwls22_with_not,4663996,3206860,1500349,9371205,nelson_simple,3,1,0.051542,0.464737,0.902303,1228.6030
h5m-n06-ands.gates,iwls22_with_not,4663996,3206860,1500349,9371205,nelson_simple,4,1,0.051542,0.464737,0.902303,1230.6420
h5m-n06-ands.gates,iwls22_with_not,4663996,3206860,1500349,9371205,par_close,0,1,0.051542,0.464737,0.902303,4671.3669
h5m-n06-ands.gates,iwls22_with_not,4663996,3206860,1500349,9371205,par_close,1,1,0.051542,0.464737,0.902303,5020.1216
h5m-n06-ands.gates,iwls22_with_not,4663996,3206860,1500349,9371205,par_close,2,1,0.051542,0.464737,0.902303,5143.6461
h5m-n06-ands.gates,iwls22_with_not,4663996,3206860,1500349,9371205,par_close,3,1,0.051542,0.464737,0.902303,5297.3104
h5m-n06-ands.gates,iwls22_with_not,4663996,3206860,1500349,9371205,par_close,4,1,0.051542,0.464737,0.902303,5322.4047
h5m-n06-ands.gates,iwls22_with_not,4663996,3206860,1500349,9371205,par_async,0,1,0.051542,0.464737,0.902303,931.5665
h5m-n06-ands.gates,iwls22_with_not,4663996,3206860,1500349,9371205,par_async,1,1,0.051542,0.464737,0.902303,931.3166
h5m-n06-ands.gates,iwls22_with_not,4663996,3206860,1500349,9371205,par_async,2,1,0.051542,0.464737,0.902303,929.8691
h5m-n06-ands.gates,iwls22_with_not,4663996,3206860,1500349,9371205,par_async,3,1,0.051542,0.464737,0.902303,928.9128
h5m-n06-ands.gates,iwls22_with_not,4663996,3206860,1500349,9371205,par_async,4,1,0.051542,0.464737,0.902303,929.8659
h5m-n06-xits.gates,iwls22_with_not,3117439,1735829,729369,5582637,nelson_simple,0,1,0.038459,0.318274,0.567871,721.3924
h5m-n06-xits.gates,iwls22_with_not,3117439,1735829,729369,5582637,nelson_simple,1,1,0.038459,0.318274,0.567871,718.7620
h5m-n06-xits.gates,iwls22_with_not,3117439,1735829,729369,5582637,nelson_simple,2,1,0.038459,0.318274,0.567871,723.0135
h5m-n06-xits.gates,iwls22_with_not,3117439,1735829,729369,5582637,nelson_simple,3,1,0.038459,0.318274,0.567871,722.8726
h5m-n06-xits.gates,iwls22_with_not,3117439,1735829,729369,5582637,nelson_simple,4,1,0.038459,0.318274,0.567871,760.2901
h5m-n06-xits.gates,iwls22_with_not,3117439,1735829,729369,5582637,par_close,0,1,0.038459,0.318274,0.567871,2646.9144
h5m-n06-xits.gates,iwls22_with_not,3117439,1735829,729369,5582637,par_close,1,1,0.038459,0.318274,0.567871,2840.5250
h5m-n06-xits.gates,iwls22_with_not,3117439,1735829,729369,5582637,par_close,2,1,0.038459,0.318274,0.567871,2884.5206
h5m-n06-xits.gates,iwls22_with_not,3117439,1735829,729369,5582637,par_close,3,1,0.038459,0.318274,0.567871,2964.2261
h5m-n06-xits.gates,iwls22_with_not,3117439,1735829,729369,5582637,par_close,4,1,0.038459,0.318274,0.567871,2973.0361
h5m-n06-xits.gates,iwls22_with_not,3117439,1735829,729369,5582637,par_async,0,1,0.038459,0.318274,0.567871,568.1127
h5m-n06-xits.gates,iwls22_with_not,3117439,1735829,729369,5582637,par_async,1,1,0.038459,0.318274,0.567871,568.8577
h5m-n06-xits.gates,iwls22_with_not,3117439,1735829,729369,5582637,par_async,2,1,0.038459,0.318274,0.567871,568.6075
h5m-n06-xits.gates,iwls22_with_not,3117439,1735829,729369,5582637,par_async,3,1,0.038459,0.318274,0.567871,567.1851
h5m-n06-xits.gates,iwls22_with_not,3117439,1735829,729369,5582637,par_async,4,1,0.038459,0.318274,0.567871,566.9426
h5m-test01-ands.gates,iwls22_with_not,1380000,1038141,465435,2883576,nelson_simple,0,1,0.016222,0.131147,0.255146,288.2481
h5m-test01-ands.gates,iwls22_with_not,1380000,1038141,465435,2883576,nelson_simple,1,1,0.016222,0.131147,0.255146,284.1635
h5m-test01-ands.gates,iwls22_with_not,1380000,1038141,465435,2883576,nelson_simple,2,1,0.016222,0.131147,0.255146,284.6604
h5m-test01-ands.gates,iwls22_with_not,1380000,1038141,465435,2883576,nelson_simple,3,1,0.016222,0.131147,0.255146,284.9189
h5m-test01-ands.gates,iwls22_with_not,1380000,1038141,465435,2883576,nelson_simple,4,1,0.016222,0.131147,0.255146,287.0185
h5m-test01-ands.gates,iwls22_with_not,1380000,1038141,465435,2883576,par_close,0,1,0.016222,0.131147,0.255146,1299.3365
h5m-test01-ands.gates,iwls22_with_not,1380000,1038141,465435,2883576,par_close,1,1,0.016222,0.131147,0.255146,1374.9215
h5m-test01-ands.gates,iwls22_with_not,1380000,1038141,465435,2883576,par_close,2,1,0.016222,0.131147,0.255146,1398.2872
h5m-test01-ands.gates,iwls22_with_not,1380000,1038141,465435,2883576,par_close,3,1,0.016222,0.131147,0.255146,1452.1510
h5m-test01-ands.gates,iwls22_with_not,1380000,1038141,465435,2883576,par_close,4,1,0.016222,0.131147,0.255146,1452.1905
h5m-test01-ands.gates,iwls22_with_not,1380000,1038141,465435,2883576,par_async,0,1,0.016222,0.131147,0.255146,225.7831
h5m-test01-ands.gates,iwls22_with_not,1380000,1038141,465435,2883576,par_async,1,1,0.016222,0.131147,0.255146,225.5142
h5m-test01-ands.gates,iwls22_with_not,1380000,1038141,465435,2883576,par_async,2,1,0.016222,0.131147,0.255146,224.6226
h5m-test01-ands.gates,iwls22_with_not,1380000,1038141,465435,2883576,par_async,3,1,0.016222,0.131147,0.255146,224.7444
h5m-test01-ands.gates,iwls22_with_not,1380000,1038141,465435,2883576,par_async,4,1,0.016222,0.131147,0.255146,225.0321
h5m-test01-xits.gates,iwls22_with_not,1112914,589597,270675,1973186,nelson_simple,0,1,0.012873,0.111157,0.187058,213.3283
h5m-test01-xits.gates,iwls22_with_not,1112914,589597,270675,1973186,nelson_simple,1,1,0.012873,0.111157,0.187058,207.0252
h5m-test01-xits.gates,iwls22_with_not,1112914,589597,270675,1973186,nelson_simple,2,1,0.012873,0.111157,0.187058,207.7439
h5m-test01-xits.gates,iwls22_with_not,1112914,589597,270675,1973186,nelson_simple,3,1,0.012873,0.111157,0.187058,205.6694
h5m-test01-xits.gates,iwls22_with_not,1112914,589597,270675,1973186,nelson_simple,4,1,0.012873,0.111157,0.187058,206.0923
h5m-test01-xits.gates,iwls22_with_not,1112914,589597,270675,1973186,par_close,0,1,0.012873,0.111157,0.187058,851.7682
h5m-test01-xits.gates,iwls22_with_not,1112914,589597,270675,1973186,par_close,1,1,0.012873,0.111157,0.187058,896.7033
h5m-test01-xits.gates,iwls22_with_not,1112914,589597,270675,1973186,par_close,2,1,0.012873,0.111157,0.187058,907.6659
h5m-test01-xits.gates,iwls22_with_not,1112914,589597,270675,1973186,par_close,3,1,0.012873,0.111157,0.187058,928.0730
h5m-test01-xits.gates,iwls22_with_not,1112914,589597,270675,1973186,par_close,4,1,0.012873,0.111157,0.187058,932.0674
h5m-test01-xits.gates,iwls22_with_not,1112914,589597,270675,1973186,par_async,0,1,0.012873,0.111157,0.187058,153.6190
h5m-test01-xits.gates,iwls22_with_not,1112914,589597,270675,1973186,par_async,1,1,0.012873,0.111157,0.187058,153.3164
h5m-test01-xits.gates,iwls22_with_not,1112914,589597,270675,1973186,par_async,2,1,0.012873,0.111157,0.187058,152.8869
h5m-test01-xits.gates,iwls22_with_not,1112914,589597,270675,1973186,par_async,3,1,0.012873,0.111157,0.187058,152.9957
h5m-test01-xits.gates,iwls22_with_not,1112914,589597,270675,1973186,par_async,4,1,0.012873,0.111157,0.187058,152.4842
h5m-test02-ands.gates,iwls22_with_not,3476413,2446158,984808,6907379,nelson_simple,0,1,0.039218,0.341326,0.635533,907.7475
h5m-test02-ands.gates,iwls22_with_not,3476413,2446158,984808,6907379,nelson_simple,1,1,0.039218,0.341326,0.635533,905.6441
h5m-test02-ands.gates,iwls22_with_not,3476413,2446158,984808,6907379,nelson_simple,2,1,0.039218,0.341326,0.635533,918.5222
h5m-test02-ands.gates,iwls22_with_not,3476413,2446158,984808,6907379,nelson_simple,3,1,0.039218,0.341326,0.635533,906.0490
h5m-test02-ands.gates,iwls22_with_not,3476413,2446158,984808,6907379,nelson_simple,4,1,0.039218,0.341326,0.635533,919.8190
h5m-test02-ands.gates,iwls22_with_not,3476413,2446158,984808,6907379,par_close,0,1,0.039218,0.341326,0.635533,3273.0342
h5m-test02-ands.gates,iwls22_with_not,3476413,2446158,984808,6907379,par_close,1,1,0.039218,0.341326,0.635533,3437.9922
h5m-test02-ands.gates,iwls22_with_not,3476413,2446158,984808,6907379,par_close,2,1,0.039218,0.341326,0.635533,3493.9754
h5m-test02-ands.gates,iwls22_with_not,3476413,2446158,984808,6907379,par_close,3,1,0.039218,0.341326,0.635533,3575.1697
h5m-test02-ands.gates,iwls22_with_not,3476413,2446158,984808,6907379,par_close,4,1,0.039218,0.341326,0.635533,3586.0093
h5m-test02-ands.gates,iwls22_with_not,3476413,2446158,984808,6907379,par_async,0,1,0.039218,0.341326,0.635533,624.3115
h5m-test02-ands.gates,iwls22_with_not,3476413,2446158,984808,6907379,par_async,1,1,0.039218,0.341326,0.635533,625.0618
h5m-test02-ands.gates,iwls22_with_not,3476413,2446158,984808,6907379,par_async,2,1,0.039218,0.341326,0.635533,626.0845
h5m-test02-ands.gates,iwls22_with_not,3476413,2446158,984808,6907379,par_async,3,1,0.039218,0.341326,0.635533,624.0008
h5m-test02-ands.gates,iwls22_with_not,3476413,2446158,984808,6907379,par_async,4,1,0.039218,0.341326,0.635533,626.1142
h5m-test02-xits.gates,iwls22_with_not,2740997,1336652,613910,4691559,nelson_simple,0,1,0.034390,0.293113,0.482583,608.0242
h5m-test02-xits.gates,iwls22_with_not,2740997,1336652,613910,4691559,nelson_simple,1,1,0.034390,0.293113,0.482583,615.7216
h5m-test02-xits.gates,iwls22_with_not,2740997,1336652,613910,4691559,nelson_simple,2,1,0.034390,0.293113,0.482583,607.8671
h5m-test02-xits.gates,iwls22_with_not,2740997,1336652,613910,4691559,nelson_simple,3,1,0.034390,0.293113,0.482583,608.1263
h5m-test02-xits.gates,iwls22_with_not,2740997,1336652,613910,4691559,nelson_simple,4,1,0.034390,0.293113,0.482583,611.4661
h5m-test02-xits.gates,iwls22_with_not,2740997,1336652,613910,4691559,par_close,0,1,0.034390,0.293113,0.482583,2164.5681
h5m-test02-xits.gates,iwls22_with_not,2740997,1336652,613910,4691559,par_close,1,1,0.034390,0.293113,0.482583,2307.3401
h5m-test02-xits.gates,iwls22_with_not,2740997,1336652,613910,4691559,par_close,2,1,0.034390,0.293113,0.482583,2330.2477
h5m-test02-xits.gates,iwls22_with_not,2740997,1336652,613910,4691559,par_close,3,1,0.034390,0.293113,0.482583,2407.4147
h5m-test02-xits.gates,iwls22_with_not,2740997,1336652,613910,4691559,par_close,4,1,0.034390,0.293113,0.482583,2396.7573
h5m-test02-xits.gates,iwls22_with_not,2740997,1336652,613910,4691559,par_async,0,1,0.034390,0.293113,0.482583,512.1279
h5m-test02-xits.gates,iwls22_with_not,2740997,1336652,613910,4691559,par_async,1,1,0.034390,0.293113,0.482583,511.4544
h5m-test02-xits.gates,iwls22_with_not,2740997,1336652,613910,4691559,par_async,2,1,0.034390,0.293113,0.482583,513.8773
h5m-test02-xits.gates,iwls22_with_not,2740997,1336652,613910,4691559,par_async,3,1,0.034390,0.293113,0.482583,512.5527
h5m-test02-xits.gates,iwls22_with_not,2740997,1336652,613910,4691559,par_async,4,1,0.034390,0.293113,0.482583,512.5859
6s100-ands-opt.gates,hwmcc12_with_not,3442638,3040530,1304136,7787304,nelson_simple,0,1,0.046079,0.357372,0.732595,1107.3291
6s100-ands-opt.gates,hwmcc12_with_not,3442638,3040530,1304136,7787304,nelson_simple,1,1,0.046079,0.357372,0.732595,1099.7833
6s100-ands-opt.gates,hwmcc12_with_not,3442638,3040530,1304136,7787304,nelson_simple,2,1,0.046079,0.357372,0.732595,1108.0985
6s100-ands-opt.gates,hwmcc12_with_not,3442638,3040530,1304136,7787304,nelson_simple,3,1,0.046079,0.357372,0.732595,1105.4095
6s100-ands-opt.gates,hwmcc12_with_not,3442638,3040530,1304136,7787304,nelson_simple,4,1,0.046079,0.357372,0.732595,1127.8525
6s100-ands-opt.gates,hwmcc12_with_not,3442638,3040530,1304136,7787304,par_close,0,1,0.046079,0.357372,0.732595,3938.9372
6s100-ands-opt.gates,hwmcc12_with_not,3442638,3040530,1304136,7787304,par_close,1,1,0.046079,0.357372,0.732595,4148.0251
6s100-ands-opt.gates,hwmcc12_with_not,3442638,3040530,1304136,7787304,par_close,2,1,0.046079,0.357372,0.732595,4176.5207
6s100-ands-opt.gates,hwmcc12_with_not,3442638,3040530,1304136,7787304,par_close,3,1,0.046079,0.357372,0.732595,4204.4072
6s100-ands-opt.gates,hwmcc12_with_not,3442638,3040530,1304136,7787304,par_close,4,1,0.046079,0.357372,0.732595,4228.4201
6s100-ands-opt.gates,hwmcc12_with_not,3442638,3040530,1304136,7787304,par_async,0,1,0.046079,0.357372,0.732595,1432.7673
6s100-ands-opt.gates,hwmcc12_with_not,3442638,3040530,1304136,7787304,par_async,1,1,0.046079,0.357372,0.732595,1433.2653
6s100-ands-opt.gates,hwmcc12_with_not,3442638,3040530,1304136,7787304,par_async,2,1,0.046079,0.357372,0.732595,1435.6114
6s100-ands-opt.gates,hwmcc12_with_not,3442638,3040530,1304136,7787304,par_async,3,1,0.046079,0.357372,0.732595,1432.1093
6s100-ands-opt.gates,hwmcc12_with_not,3442638,3040530,1304136,7787304,par_async,4,1,0.046079,0.357372,0.732595,1434.5490
6s100-xits-opt.gates,hwmcc12_with_not,3435519,2571412,835018,6841949,nelson_simple,0,1,0.041250,0.360060,0.678596,1020.7435
6s100-xits-opt.gates,hwmcc12_with_not,3435519,2571412,835018,6841949,nelson_simple,1,1,0.041250,0.360060,0.678596,1014.8879
6s100-xits-opt.gates,hwmcc12_with_not,3435519,2571412,835018,6841949,nelson_simple,2,1,0.041250,0.360060,0.678596,1029.1700
6s100-xits-opt.gates,hwmcc12_with_not,3435519,2571412,835018,6841949,nelson_simple,3,1,0.041250,0.360060,0.678596,1040.1295
6s100-xits-opt.gates,hwmcc12_with_not,3435519,2571412,835018,6841949,nelson_simple,4,1,0.041250,0.360060,0.678596,1042.8990
6s100-xits-opt.gates,hwmcc12_with_not,3435519,2571412,835018,6841949,par_close,0,1,0.041250,0.360060,0.678596,3557.6513
6s100-xits-opt.gates,hwmcc12_with_not,3435519,2571412,835018,6841949,par_close,1,1,0.041250,0.360060,0.678596,3770.3177
6s100-xits-opt.gates,hwmcc12_with_not,3435519,2571412,835018,6841949,par_close,2,1,0.041250,0.360060,0.678596,3892.5551
6s100-xits-opt.gates,hwmcc12_with_not,3435519,2571412,835018,6841949,par_close,3,1,0.041250,0.360060,0.678596,3941.9564
6s100-xits-opt.gates,hwmcc12_with_not,3435519,2571412,835018,6841949,par_close,4,1,0.041250,0.360060,0.678596,3956.9877
6s100-xits-opt.gates,hwmcc12_with_not,3435519,2571412,835018,6841949,par_async,0,1,0.041250,0.360060,0.678596,1336.4998
6s100-xits-opt.gates,hwmcc12_with_not,3435519,2571412,835018,6841949,par_async,1,1,0.041250,0.360060,0.678596,1337.8993
6s100-xits-opt.gates,hwmcc12_with_not,3435519,2571412,835018,6841949,par_async,2,1,0.041250,0.360060,0.678596,1335.3503
6s100-xits-opt.gates,hwmcc12_with_not,3435519,2571412,835018,6841949,par_async,3,1,0.041250,0.360060,0.678596,1336.3928
6s100-xits-opt.gates,hwmcc12_with_not,3435519,2571412,835018,6841949,par_async,4,1,0.041250,0.360060,0.678596,1336.0669
6s104-ands-opt.gates,hwmcc12_with_not,5408579,4624476,2055360,12088415,nelson_simple,0,1,0.069286,0.568437,1.105905,1521.3363
6s104-ands-opt.gates,hwmcc12_with_not,5408579,4624476,2055360,12088415,nelson_simple,1,1,0.069286,0.568437,1.105905,1577.8419
6s104-ands-opt.gates,hwmcc12_with_not,5408579,4624476,2055360,12088415,nelson_simple,2,1,0.069286,0.568437,1.105905,1570.6209
6s104-ands-opt.gates,hwmcc12_with_not,5408579,4624476,2055360,12088415,nelson_simple,3,1,0.069286,0.568437,1.105905,1566.8553
6s104-ands-opt.gates,hwmcc12_with_not,5408579,4624476,2055360,12088415,nelson_simple,4,1,0.069286,0.568437,1.105905,1592.0434
6s104-ands-opt.gates,hwmcc12_with_not,5408579,4624476,2055360,12088415,par_close,0,1,0.069286,0.568437,1.105905,6356.3196
6s104-ands-opt.gates,hwmcc12_with_not,5408579,4624476,2055360,12088415,par_close,1,1,0.069286,0.568437,1.105905,6706.3628
6s104-ands-opt.gates,hwmcc12_with_not,5408579,4624476,2055360,12088415,par_close,2,1,0.069286,0.568437,1.105905,6881.8548
6s104-ands-opt.gates,hwmcc12_with_not,5408579,4624476,2055360,12088415,par_close,3,1,0.069286,0.568437,1.105905,6933.7630
6s104-ands-opt.gates,hwmcc12_with_not,5408579,4624476,2055360,12088415,par_close,4,1,0.069286,0.568437,1.105905,6949.0387
6s104-ands-opt.gates,hwmcc12_with_not,5408579,4624476,2055360,12088415,par_async,0,1,0.069286,0.568437,1.105905,35344.3756
6s104-ands-opt.gates,hwmcc12_with_not,5408579,4624476,2055360,12088415,par_async,1,1,0.069286,0.568437,1.105905,35328.8969
6s104-ands-opt.gates,hwmcc12_with_not,5408579,4624476,2055360,12088415,par_async,2,1,0.069286,0.568437,1.105905,35330.2426
6s104-ands-opt.gates,hwmcc12_with_not,5408579,4624476,2055360,12088415,par_async,3,1,0.069286,0.568437,1.105905,35334.5583
6s104-ands-opt.gates,hwmcc12_with_not,5408579,4624476,2055360,12088415,par_async,4,1,0.069286,0.568437,1.105905,35320.0760
6s104-xits-opt.gates,hwmcc12_with_not,5454645,3893762,1312166,10660573,nelson_simple,0,1,0.068261,0.584887,1.067746,1454.7775
6s104-xits-opt.gates,hwmcc12_with_not,5454645,3893762,1312166,10660573,nelson_simple,1,1,0.068261,0.584887,1.067746,1485.6880
6s104-xits-opt.gates,hwmcc12_with_not,5454645,3893762,1312166,10660573,nelson_simple,2,1,0.068261,0.584887,1.067746,1468.6639
6s104-xits-opt.gates,hwmcc12_with_not,5454645,3893762,1312166,10660573,nelson_simple,3,1,0.068261,0.584887,1.067746,1487.5117
6s104-xits-opt.gates,hwmcc12_with_not,5454645,3893762,1312166,10660573,nelson_simple,4,1,0.068261,0.584887,1.067746,1487.9316
6s104-xits-opt.gates,hwmcc12_with_not,5454645,3893762,1312166,10660573,par_close,0,1,0.068261,0.584887,1.067746,5519.2741
6s104-xits-opt.gates,hwmcc12_with_not,5454645,3893762,1312166,10660573,par_close,1,1,0.068261,0.584887,1.067746,5902.2317
6s104-xits-opt.gates,hwmcc12_with_not,5454645,3893762,1312166,10660573,par_close,2,1,0.068261,0.584887,1.067746,6203.9098
6s104-xits-opt.gates,hwmcc12_with_not,5454645,3893762,1312166,10660573,par_close,3,1,0.068261,0.584887,1.067746,6263.9317
6s104-xits-opt.gates,hwmcc12_with_not,5454645,3893762,1312166,10660573,par_close,4,1,0.068261,0.584887,1.067746,6280.7529
6s104-xits-opt.gates,hwmcc12_with_not,5454645,3893762,1312166,10660573,par_async,0,1,0.068261,0.584887,1.067746,44247.7483
6s104-xits-opt.gates,hwmcc12_with_not,5454645,3893762,1312166,10660573,par_async,1,1,0.068261,0.584887,1.067746,44295.2388
6s104-xits-opt.gates,hwmcc12_with_not,5454645,3893762,1312166,10660573,par_async,2,1,0.068261,0.584887,1.067746,44272.0540
6s104-xits-opt.gates,hwmcc12_with_not,5454645,3893762,1312166,10660573,par_async,3,1,0.068261,0.584887,1.067746,44315.8074
6s104-xits-opt.gates,hwmcc12_with_not,5454645,3893762,1312166,10660573,par_async,4,1,0.068261,0.584887,1.067746,44242.0620
6s114-ands-opt.gates,hwmcc12_with_not,4017244,3710951,1561263,9289458,nelson_simple,0,1,0.048881,0.420151,0.850123,1224.1822
6s114-ands-opt.gates,hwmcc12_with_not,4017244,3710951,1561263,9289458,nelson_simple,1,1,0.048881,0.420151,0.850123,1222.1227
6s114-ands-opt.gates,hwmcc12_with_not,4017244,3710951,1561263,9289458,nelson_simple,2,1,0.048881,0.420151,0.850123,1235.5476
6s114-ands-opt.gates,hwmcc12_with_not,4017244,3710951,1561263,9289458,nelson_simple,3,1,0.048881,0.420151,0.850123,1233.5483
6s114-ands-opt.gates,hwmcc12_with_not,4017244,3710951,1561263,9289458,nelson_simple,4,1,0.048881,0.420151,0.850123,1223.3418
6s114-ands-opt.gates,hwmcc12_with_not,4017244,3710951,1561263,9289458,par_close,0,1,0.048881,0.420151,0.850123,4700.9635
6s114-ands-opt.gates,hwmcc12_with_not,4017244,3710951,1561263,9289458,par_close,1,1,0.048881,0.420151,0.850123,4883.9515
6s114-ands-opt.gates,hwmcc12_with_not,4017244,3710951,1561263,9289458,par_close,2,1,0.048881,0.420151,0.850123,4929.8127
6s114-ands-opt.gates,hwmcc12_with_not,4017244,3710951,1561263,9289458,par_close,3,1,0.048881,0.420151,0.850123,5010.0698
6s114-ands-opt.gates,hwmcc12_with_not,4017244,3710951,1561263,9289458,par_close,4,1,0.048881,0.420151,0.850123,5024.8668
6s114-ands-opt.gates,hwmcc12_with_not,4017244,3710951,1561263,9289458,par_async,0,1,0.048881,0.420151,0.850123,2637.5588
6s114-ands-opt.gates,hwmcc12_with_not,4017244,3710951,1561263,9289458,par_async,1,1,0.048881,0.420151,0.850123,2629.4510
6s114-ands-opt.gates,hwmcc12_with_not,4017244,3710951,1561263,9289458,par_async,2,1,0.048881,0.420151,0.850123,2629.4817
6s114-ands-opt.gates,hwmcc12_with_not,4017244,3710951,1561263,9289458,par_async,3,1,0.048881,0.420151,0.850123,2626.8461
6s114-ands-opt.gates,hwmcc12_with_not,4017244,3710951,1561263,9289458,par_async,4,1,0.048881,0.420151,0.850123,2628.2791
6s114-xits-opt.gates,hwmcc12_with_not,4390625,3211512,1061874,8664011,nelson_simple,0,1,0.054846,0.462836,0.877192,1256.3051
6s114-xits-opt.gates,hwmcc12_with_not,4390625,3211512,1061874,8664011,nelson_simple,1,1,0.054846,0.462836,0.877192,1248.9404
6s114-xits-opt.gates,hwmcc12_with_not,4390625,3211512,1061874,8664011,nelson_simple,2,1,0.054846,0.462836,0.877192,1284.5028
6s114-xits-opt.gates,hwmcc12_with_not,4390625,3211512,1061874,8664011,nelson_simple,3,1,0.054846,0.462836,0.877192,1250.9991
6s114-xits-opt.gates,hwmcc12_with_not,4390625,3211512,1061874,8664011,nelson_simple,4,1,0.054846,0.462836,0.877192,1263.5949
6s114-xits-opt.gates,hwmcc12_with_not,4390625,3211512,1061874,8664011,par_close,0,1,0.054846,0.462836,0.877192,4595.9886
6s114-xits-opt.gates,hwmcc12_with_not,4390625,3211512,1061874,8664011,par_close,1,1,0.054846,0.462836,0.877192,4865.8423
6s114-xits-opt.gates,hwmcc12_with_not,4390625,3211512,1061874,8664011,par_close,2,1,0.054846,0.462836,0.877192,5006.8291
6s114-xits-opt.gates,hwmcc12_with_not,4390625,3211512,1061874,8664011,par_close,3,1,0.054846,0.462836,0.877192,5053.1317
6s114-xits-opt.gates,hwmcc12_with_not,4390625,3211512,1061874,8664011,par_close,4,1,0.054846,0.462836,0.877192,5098.7884
6s114-xits-opt.gates,hwmcc12_with_not,4390625,3211512,1061874,8664011,par_async,0,1,0.054846,0.462836,0.877192,4889.3648
6s114-xits-opt.gates,hwmcc12_with_not,4390625,3211512,1061874,8664011,par_async,1,1,0.054846,0.462836,0.877192,4882.7683
6s114-xits-opt.gates,hwmcc12_with_not,4390625,3211512,1061874,8664011,par_async,2,1,0.054846,0.462836,0.877192,4880.1385
6s114-xits-opt.gates,hwmcc12_with_not,4390625,3211512,1061874,8664011,par_async,3,1,0.054846,0.462836,0.877192,4878.4299
6s114-xits-opt.gates,hwmcc12_with_not,4390625,3211512,1061874,8664011,par_async,4,1,0.054846,0.462836,0.877192,4875.6390
6s117-ands-opt.gates,hwmcc12_with_not,2213528,1880426,831949,4925903,nelson_simple,0,1,0.025247,0.223033,0.455924,645.7472
6s117-ands-opt.gates,hwmcc12_with_not,2213528,1880426,831949,4925903,nelson_simple,1,1,0.025247,0.223033,0.455924,643.4729
6s117-ands-opt.gates,hwmcc12_with_not,2213528,1880426,831949,4925903,nelson_simple,2,1,0.025247,0.223033,0.455924,646.0534
6s117-ands-opt.gates,hwmcc12_with_not,2213528,1880426,831949,4925903,nelson_simple,3,1,0.025247,0.223033,0.455924,641.7403
6s117-ands-opt.gates,hwmcc12_with_not,2213528,1880426,831949,4925903,nelson_simple,4,1,0.025247,0.223033,0.455924,643.8009
6s117-ands-opt.gates,hwmcc12_with_not,2213528,1880426,831949,4925903,par_close,0,1,0.025247,0.223033,0.455924,2361.6497
6s117-ands-opt.gates,hwmcc12_with_not,2213528,1880426,831949,4925903,par_close,1,1,0.025247,0.223033,0.455924,2462.6038
6s117-ands-opt.gates,hwmcc12_with_not,2213528,1880426,831949,4925903,par_close,2,1,0.025247,0.223033,0.455924,2505.2286
6s117-ands-opt.gates,hwmcc12_with_not,2213528,1880426,831949,4925903,par_close,3,1,0.025247,0.223033,0.455924,2512.6414
6s117-ands-opt.gates,hwmcc12_with_not,2213528,1880426,831949,4925903,par_close,4,1,0.025247,0.223033,0.455924,2518.7355
6s117-ands-opt.gates,hwmcc12_with_not,2213528,1880426,831949,4925903,par_async,0,1,0.025247,0.223033,0.455924,1647.8014
6s117-ands-opt.gates,hwmcc12_with_not,2213528,1880426,831949,4925903,par_async,1,1,0.025247,0.223033,0.455924,1649.4746
6s117-ands-opt.gates,hwmcc12_with_not,2213528,1880426,831949,4925903,par_async,2,1,0.025247,0.223033,0.455924,1648.7061
6s117-ands-opt.gates,hwmcc12_with_not,2213528,1880426,831949,4925903,par_async,3,1,0.025247,0.223033,0.455924,1649.5096
6s117-ands-opt.gates,hwmcc12_with_not,2213528,1880426,831949,4925903,par_async,4,1,0.025247,0.223033,0.455924,1649.3742
6s117-xits-opt.gates,hwmcc12_with_not,2292599,1588740,540263,4421602,nelson_simple,0,1,0.026941,0.238606,0.452699,620.8051
6s117-xits-opt.gates,hwmcc12_with_not,2292599,1588740,540263,4421602,nelson_simple,1,1,0.026941,0.238606,0.452699,620.2893
6s117-xits-opt.gates,hwmcc12_with_not,2292599,1588740,540263,4421602,nelson_simple,2,1,0.026941,0.238606,0.452699,619.6601
6s117-xits-opt.gates,hwmcc12_with_not,2292599,1588740,540263,4421602,nelson_simple,3,1,0.026941,0.238606,0.452699,616.4073
6s117-xits-opt.gates,hwmcc12_with_not,2292599,1588740,540263,4421602,nelson_simple,4,1,0.026941,0.238606,0.452699,619.0204
6s117-xits-opt.gates,hwmcc12_with_not,2292599,1588740,540263,4421602,par_close,0,1,0.026941,0.238606,0.452699,2131.8284
6s117-xits-opt.gates,hwmcc12_with_not,2292599,1588740,540263,4421602,par_close,1,1,0.026941,0.238606,0.452699,2247.5677
6s117-xits-opt.gates,hwmcc12_with_not,2292599,1588740,540263,4421602,par_close,2,1,0.026941,0.238606,0.452699,2315.1215
6s117-xits-opt.gates,hwmcc12_with_not,2292599,1588740,540263,4421602,par_close,3,1,0.026941,0.238606,0.452699,2339.4232
6s117-xits-opt.gates,hwmcc12_with_not,2292599,1588740,540263,4421602,par_close,4,1,0.026941,0.238606,0.452699,2355.4715
6s117-xits-opt.gates,hwmcc12_with_not,2292599,1588740,540263,4421602,par_async,0,1,0.026941,0.238606,0.452699,2646.3008
6s117-xits-opt.gates,hwmcc12_with_not,2292599,1588740,540263,4421602,par_async,1,1,0.026941,0.238606,0.452699,2645.0657
6s117-xits-opt.gates,hwmcc12_with_not,2292599,1588740,540263,4421602,par_async,2,1,0.026941,0.238606,0.452699,2641.1751
6s117-xits-opt.gates,hwmcc12_with_not,2292599,1588740,540263,4421602,par_async,3,1,0.026941,0.238606,0.452699,2642.5134
6s117-xits-opt.gates,hwmcc12_with_not,2292599,1588740,540263,4421602,par_async,4,1,0.026941,0.238606,0.452699,2642.8706
6s125-ands-opt.gates,hwmcc12_with_not,15232733,13211558,5806462,34250753,nelson_simple,0,1,0.280327,1.642425,3.349272,6123.1187
6s125-ands-opt.gates,hwmcc12_with_not,15232733,13211558,5806462,34250753,nelson_simple,1,1,0.280327,1.642425,3.349272,6016.2843
6s125-ands-opt.gates,hwmcc12_with_not,15232733,13211558,5806462,34250753,nelson_simple,2,1,0.280327,1.642425,3.349272,6037.8998
6s125-ands-opt.gates,hwmcc12_with_not,15232733,13211558,5806462,34250753,nelson_simple,3,1,0.280327,1.642425,3.349272,6051.4230
6s125-ands-opt.gates,hwmcc12_with_not,15232733,13211558,5806462,34250753,nelson_simple,4,1,0.280327,1.642425,3.349272,6059.7485
6s125-ands-opt.gates,hwmcc12_with_not,15232733,13211558,5806462,34250753,par_close,0,1,0.280327,1.642425,3.349272,22519.3622
6s125-ands-opt.gates,hwmcc12_with_not,15232733,13211558,5806462,34250753,par_close,1,1,0.280327,1.642425,3.349272,23585.7629
6s125-ands-opt.gates,hwmcc12_with_not,15232733,13211558,5806462,34250753,par_close,2,1,0.280327,1.642425,3.349272,24093.4002
6s125-ands-opt.gates,hwmcc12_with_not,15232733,13211558,5806462,34250753,par_close,3,1,0.280327,1.642425,3.349272,24511.9224
6s125-ands-opt.gates,hwmcc12_with_not,15232733,13211558,5806462,34250753,par_close,4,1,0.280327,1.642425,3.349272,24977.0880
6s125-ands-opt.gates,hwmcc12_with_not,15232733,13211558,5806462,34250753,par_async,0,1,0.280327,1.642425,3.349272,7429.0166
6s125-ands-opt.gates,hwmcc12_with_not,15232733,13211558,5806462,34250753,par_async,1,1,0.280327,1.642425,3.349272,7424.5481
6s125-ands-opt.gates,hwmcc12_with_not,15232733,13211558,5806462,34250753,par_async,2,1,0.280327,1.642425,3.349272,7420.2609
6s125-ands-opt.gates,hwmcc12_with_not,15232733,13211558,5806462,34250753,par_async,3,1,0.280327,1.642425,3.349272,7427.3662
6s125-ands-opt.gates,hwmcc12_with_not,15232733,13211558,5806462,34250753,par_async,4,1,0.280327,1.642425,3.349272,7399.5565
6s125-xits-opt.gates,hwmcc12_with_not,14734601,10526836,3121730,28383167,nelson_simple,0,1,0.294372,1.598708,2.993847,5515.5268
6s125-xits-opt.gates,hwmcc12_with_not,14734601,10526836,3121730,28383167,nelson_simple,1,1,0.294372,1.598708,2.993847,5555.6489
6s125-xits-opt.gates,hwmcc12_with_not,14734601,10526836,3121730,28383167,nelson_simple,2,1,0.294372,1.598708,2.993847,5461.1513
6s125-xits-opt.gates,hwmcc12_with_not,14734601,10526836,3121730,28383167,nelson_simple,3,1,0.294372,1.598708,2.993847,5503.5227
6s125-xits-opt.gates,hwmcc12_with_not,14734601,10526836,3121730,28383167,nelson_simple,4,1,0.294372,1.598708,2.993847,5486.2443
6s125-xits-opt.gates,hwmcc12_with_not,14734601,10526836,3121730,28383167,par_close,0,1,0.294372,1.598708,2.993847,18126.8743
6s125-xits-opt.gates,hwmcc12_with_not,14734601,10526836,3121730,28383167,par_close,1,1,0.294372,1.598708,2.993847,19455.1342
6s125-xits-opt.gates,hwmcc12_with_not,14734601,10526836,3121730,28383167,par_close,2,1,0.294372,1.598708,2.993847,20672.6273
6s125-xits-opt.gates,hwmcc12_with_not,14734601,10526836,3121730,28383167,par_close,3,1,0.294372,1.598708,2.993847,21232.9532
6s125-xits-opt.gates,hwmcc12_with_not,14734601,10526836,3121730,28383167,par_close,4,1,0.294372,1.598708,2.993847,21576.7120
6s125-xits-opt.gates,hwmcc12_with_not,14734601,10526836,3121730,28383167,par_async,0,1,0.294372,1.598708,2.993847,6263.7104
6s125-xits-opt.gates,hwmcc12_with_not,14734601,10526836,3121730,28383167,par_async,1,1,0.294372,1.598708,2.993847,6250.9274
6s125-xits-opt.gates,hwmcc12_with_not,14734601,10526836,3121730,28383167,par_async,2,1,0.294372,1.598708,2.993847,6253.4818
6s125-xits-opt.gates,hwmcc12_with_not,14734601,10526836,3121730,28383167,par_async,3,1,0.294372,1.598708,2.993847,6260.7857
6s125-xits-opt.gates,hwmcc12_with_not,14734601,10526836,3121730,28383167,par_async,4,1,0.294372,1.598708,2.993847,6251.6078
6s163-ands-opt.gates,hwmcc12_with_not,6042399,5133510,2412539,13588448,nelson_simple,0,1,0.074520,0.627702,1.253402,2091.3238
6s163-ands-opt.gates,hwmcc12_with_not,6042399,5133510,2412539,13588448,nelson_simple,1,1,0.074520,0.627702,1.253402,2136.0649
6s163-ands-opt.gates,hwmcc12_with_not,6042399,5133510,2412539,13588448,nelson_simple,2,1,0.074520,0.627702,1.253402,2122.3425
6s163-ands-opt.gates,hwmcc12_with_not,6042399,5133510,2412539,13588448,nelson_simple,3,1,0.074520,0.627702,1.253402,2106.0816
6s163-ands-opt.gates,hwmcc12_with_not,6042399,5133510,2412539,13588448,nelson_simple,4,1,0.074520,0.627702,1.253402,2113.9148
6s163-ands-opt.gates,hwmcc12_with_not,6042399,5133510,2412539,13588448,par_close,0,1,0.074520,0.627702,1.253402,7208.4937
6s163-ands-opt.gates,hwmcc12_with_not,6042399,5133510,2412539,13588448,par_close,1,1,0.074520,0.627702,1.253402,7654.5932
6s163-ands-opt.gates,hwmcc12_with_not,6042399,5133510,2412539,13588448,par_close,2,1,0.074520,0.627702,1.253402,7824.9474
6s163-ands-opt.gates,hwmcc12_with_not,6042399,5133510,2412539,13588448,par_close,3,1,0.074520,0.627702,1.253402,7956.2672
6s163-ands-opt.gates,hwmcc12_with_not,6042399,5133510,2412539,13588448,par_close,4,1,0.074520,0.627702,1.253402,7970.9833
6s163-ands-opt.gates,hwmcc12_with_not,6042399,5133510,2412539,13588448,par_async,0,1,0.074520,0.627702,1.253402,4496.1148
6s163-ands-opt.gates,hwmcc12_with_not,6042399,5133510,2412539,13588448,par_async,1,1,0.074520,0.627702,1.253402,4498.6274
6s163-ands-opt.gates,hwmcc12_with_not,6042399,5133510,2412539,13588448,par_async,2,1,0.074520,0.627702,1.253402,4494.5465
6s163-ands-opt.gates,hwmcc12_with_not,6042399,5133510,2412539,13588448,par_async,3,1,0.074520,0.627702,1.253402,4495.0241
6s163-ands-opt.gates,hwmcc12_with_not,6042399,5133510,2412539,13588448,par_async,4,1,0.074520,0.627702,1.253402,4495.4659
6s163-xits-opt.gates,hwmcc12_with_not,5675417,3836213,1115222,10626852,nelson_simple,0,1,0.072207,0.598592,1.109658,1401.4503
6s163-xits-opt.gates,hwmcc12_with_not,5675417,3836213,1115222,10626852,nelson_simple,1,1,0.072207,0.598592,1.109658,1412.1296
6s163-xits-opt.gates,hwmcc12_with_not,5675417,3836213,1115222,10626852,nelson_simple,2,1,0.072207,0.598592,1.109658,1429.1419
6s163-xits-opt.gates,hwmcc12_with_not,5675417,3836213,1115222,10626852,nelson_simple,3,1,0.072207,0.598592,1.109658,1429.4559
6s163-xits-opt.gates,hwmcc12_with_not,5675417,3836213,1115222,10626852,nelson_simple,4,1,0.072207,0.598592,1.109658,1420.2070
6s163-xits-opt.gates,hwmcc12_with_not,5675417,3836213,1115222,10626852,par_close,0,1,0.072207,0.598592,1.109658,5457.4471
6s163-xits-opt.gates,hwmcc12_with_not,5675417,3836213,1115222,10626852,par_close,1,1,0.072207,0.598592,1.109658,5846.4310
6s163-xits-opt.gates,hwmcc12_with_not,5675417,3836213,1115222,10626852,par_close,2,1,0.072207,0.598592,1.109658,6141.8765
6s163-xits-opt.gates,hwmcc12_with_not,5675417,3836213,1115222,10626852,par_close,3,1,0.072207,0.598592,1.109658,6232.0683
6s163-xits-opt.gates,hwmcc12_with_not,5675417,3836213,1115222,10626852,par_close,4,1,0.072207,0.598592,1.109658,6291.2152
6s163-xits-opt.gates,hwmcc12_with_not,5675417,3836213,1115222,10626852,par_async,0,1,0.072207,0.598592,1.109658,23984.3530
6s163-xits-opt.gates,hwmcc12_with_not,5675417,3836213,1115222,10626852,par_async,1,1,0.072207,0.598592,1.109658,23962.2788
6s163-xits-opt.gates,hwmcc12_with_not,5675417,3836213,1115222,10626852,par_async,2,1,0.072207,0.598592,1.109658,23972.6810
6s163-xits-opt.gates,hwmcc12_with_not,5675417,3836213,1115222,10626852,par_async,3,1,0.072207,0.598592,1.109658,23937.4117
6s163-xits-opt.gates,hwmcc12_with_not,5675417,3836213,1115222,10626852,par_async,4,1,0.072207,0.598592,1.109658,23959.6865
h5m-n01-ands.gates,iwls22_with_not,1660156,1083431,499915,3243502,par_close,0,2,0.018839,0.086850,0.174507,762.9700
h5m-n01-ands.gates,iwls22_with_not,1660156,1083431,499915,3243502,par_close,1,2,0.018839,0.086850,0.174507,820.5092
h5m-n01-ands.gates,iwls22_with_not,1660156,1083431,499915,3243502,par_close,2,2,0.018839,0.086850,0.174507,832.3653
h5m-n01-ands.gates,iwls22_with_not,1660156,1083431,499915,3243502,par_close,3,2,0.018839,0.086850,0.174507,852.3759
h5m-n01-ands.gates,iwls22_with_not,1660156,1083431,499915,3243502,par_close,4,2,0.018839,0.086850,0.174507,852.8373
h5m-n01-ands.gates,iwls22_with_not,1660156,1083431,499915,3243502,par_async,0,2,0.018839,0.086850,0.174507,144.0451
h5m-n01-ands.gates,iwls22_with_not,1660156,1083431,499915,3243502,par_async,1,2,0.018839,0.086850,0.174507,144.3014
h5m-n01-ands.gates,iwls22_with_not,1660156,1083431,499915,3243502,par_async,2,2,0.018839,0.086850,0.174507,143.9847
h5m-n01-ands.gates,iwls22_with_not,1660156,1083431,499915,3243502,par_async,3,2,0.018839,0.086850,0.174507,144.1225
h5m-n01-ands.gates,iwls22_with_not,1660156,1083431,499915,3243502,par_async,4,2,0.018839,0.086850,0.174507,143.9625
h5m-n01-xits.gates,iwls22_with_not,1105612,613618,249946,1969176,par_close,0,2,0.012478,0.057526,0.110332,457.3437
h5m-n01-xits.gates,iwls22_with_not,1105612,613618,249946,1969176,par_close,1,2,0.012478,0.057526,0.110332,487.4973
h5m-n01-xits.gates,iwls22_with_not,1105612,613618,249946,1969176,par_close,2,2,0.012478,0.057526,0.110332,493.7199
h5m-n01-xits.gates,iwls22_with_not,1105612,613618,249946,1969176,par_close,3,2,0.012478,0.057526,0.110332,501.2858
h5m-n01-xits.gates,iwls22_with_not,1105612,613618,249946,1969176,par_close,4,2,0.012478,0.057526,0.110332,505.3590
h5m-n01-xits.gates,iwls22_with_not,1105612,613618,249946,1969176,par_async,0,2,0.012478,0.057526,0.110332,97.3048
h5m-n01-xits.gates,iwls22_with_not,1105612,613618,249946,1969176,par_async,1,2,0.012478,0.057526,0.110332,97.8520
h5m-n01-xits.gates,iwls22_with_not,1105612,613618,249946,1969176,par_async,2,2,0.012478,0.057526,0.110332,96.5256
h5m-n01-xits.gates,iwls22_with_not,1105612,613618,249946,1969176,par_async,3,2,0.012478,0.057526,0.110332,97.4930
h5m-n01-xits.gates,iwls22_with_not,1105612,613618,249946,1969176,par_async,4,2,0.012478,0.057526,0.110332,97.0851
h5m-n04-ands.gates,iwls22_with_not,1782230,1246980,573992,3603202,par_close,0,2,0.018150,0.091559,0.193001,854.2967
h5m-n04-ands.gates,iwls22_with_not,1782230,1246980,573992,3603202,par_close,1,2,0.018150,0.091559,0.193001,922.1989
h5m-n04-ands.gates,iwls22_with_not,1782230,1246980,573992,3603202,par_close,2,2,0.018150,0.091559,0.193001,938.4575
h5m-n04-ands.gates,iwls22_with_not,1782230,1246980,573992,3603202,par_close,3,2,0.018150,0.091559,0.193001,964.0853
h5m-n04-ands.gates,iwls22_with_not,1782230,1246980,573992,3603202,par_close,4,2,0.018150,0.091559,0.193001,963.6662
h5m-n04-ands.gates,iwls22_with_not,1782230,1246980,573992,3603202,par_async,0,2,0.018150,0.091559,0.193001,124.0429
h5m-n04-ands.gates,iwls22_with_not,1782230,1246980,573992,3603202,par_async,1,2,0.018150,0.091559,0.193001,123.9345
h5m-n04-ands.gates,iwls22_with_not,1782230,1246980,573992,3603202,par_async,2,2,0.018150,0.091559,0.193001,123.7793
h5m-n04-ands.gates,iwls22_with_not,1782230,1246980,573992,3603202,par_async,3,2,0.018150,0.091559,0.193001,123.5674
h5m-n04-ands.gates,iwls22_with_not,1782230,1246980,573992,3603202,par_async,4,2,0.018150,0.091559,0.193001,123.1861
h5m-n04-xits.gates,iwls22_with_not,1268358,707582,308278,2284218,par_close,0,2,0.014122,0.063825,0.123105,508.8921
h5m-n04-xits.gates,iwls22_with_not,1268358,707582,308278,2284218,par_close,1,2,0.014122,0.063825,0.123105,543.9411
h5m-n04-xits.gates,iwls22_with_not,1268358,707582,308278,2284218,par_close,2,2,0.014122,0.063825,0.123105,547.1343
h5m-n04-xits.gates,iwls22_with_not,1268358,707582,308278,2284218,par_close,3,2,0.014122,0.063825,0.123105,560.9333
h5m-n04-xits.gates,iwls22_with_not,1268358,707582,308278,2284218,par_close,4,2,0.014122,0.063825,0.123105,562.9192
h5m-n04-xits.gates,iwls22_with_not,1268358,707582,308278,2284218,par_async,0,2,0.014122,0.063825,0.123105,88.1281
h5m-n04-xits.gates,iwls22_with_not,1268358,707582,308278,2284218,par_async,1,2,0.014122,0.063825,0.123105,88.6228
h5m-n04-xits.gates,iwls22_with_not,1268358,707582,308278,2284218,par_async,2,2,0.014122,0.063825,0.123105,87.5551
h5m-n04-xits.gates,iwls22_with_not,1268358,707582,308278,2284218,par_async,3,2,0.014122,0.063825,0.123105,87.5151
h5m-n04-xits.gates,iwls22_with_not,1268358,707582,308278,2284218,par_async,4,2,0.014122,0.063825,0.123105,87.4580
h5m-n06-ands.gates,iwls22_with_not,4663996,3206860,1500349,9371205,par_close,0,2,0.050507,0.249425,0.520838,2455.5778
h5m-n06-ands.gates,iwls22_with_not,4663996,3206860,1500349,9371205,par_close,1,2,0.050507,0.249425,0.520838,2671.4976
h5m-n06-ands.gates,iwls22_with_not,4663996,3206860,1500349,9371205,par_close,2,2,0.050507,0.249425,0.520838,2747.1190
h5m-n06-ands.gates,iwls22_with_not,4663996,3206860,1500349,9371205,par_close,3,2,0.050507,0.249425,0.520838,2822.0291
h5m-n06-ands.gates,iwls22_with_not,4663996,3206860,1500349,9371205,par_close,4,2,0.050507,0.249425,0.520838,2853.7528
h5m-n06-ands.gates,iwls22_with_not,4663996,3206860,1500349,9371205,par_async,0,2,0.050507,0.249425,0.520838,484.3502
h5m-n06-ands.gates,iwls22_with_not,4663996,3206860,1500349,9371205,par_async,1,2,0.050507,0.249425,0.520838,484.5241
h5m-n06-ands.gates,iwls22_with_not,4663996,3206860,1500349,9371205,par_async,2,2,0.050507,0.249425,0.520838,484.9018
h5m-n06-ands.gates,iwls22_with_not,4663996,3206860,1500349,9371205,par_async,3,2,0.050507,0.249425,0.520838,483.8637
h5m-n06-ands.gates,iwls22_with_not,4663996,3206860,1500349,9371205,par_async,4,2,0.050507,0.249425,0.520838,484.2278
h5m-n06-xits.gates,iwls22_with_not,3117439,1735829,729369,5582637,par_close,0,2,0.039624,0.167648,0.324653,1366.5332
h5m-n06-xits.gates,iwls22_with_not,3117439,1735829,729369,5582637,par_close,1,2,0.039624,0.167648,0.324653,1463.9223
h5m-n06-xits.gates,iwls22_with_not,3117439,1735829,729369,5582637,par_close,2,2,0.039624,0.167648,0.324653,1483.2596
h5m-n06-xits.gates,iwls22_with_not,3117439,1735829,729369,5582637,par_close,3,2,0.039624,0.167648,0.324653,1507.8239
h5m-n06-xits.gates,iwls22_with_not,3117439,1735829,729369,5582637,par_close,4,2,0.039624,0.167648,0.324653,1515.0594
h5m-n06-xits.gates,iwls22_with_not,3117439,1735829,729369,5582637,par_async,0,2,0.039624,0.167648,0.324653,288.3155
h5m-n06-xits.gates,iwls22_with_not,3117439,1735829,729369,5582637,par_async,1,2,0.039624,0.167648,0.324653,288.9739
h5m-n06-xits.gates,iwls22_with_not,3117439,1735829,729369,5582637,par_async,2,2,0.039624,0.167648,0.324653,290.4279
h5m-n06-xits.gates,iwls22_with_not,3117439,1735829,729369,5582637,par_async,3,2,0.039624,0.167648,0.324653,290.0078
h5m-n06-xits.gates,iwls22_with_not,3117439,1735829,729369,5582637,par_async,4,2,0.039624,0.167648,0.324653,288.7973
h5m-test01-ands.gates,iwls22_with_not,1380000,1038141,465435,2883576,par_close,0,2,0.015416,0.068618,0.155641,685.6258
h5m-test01-ands.gates,iwls22_with_not,1380000,1038141,465435,2883576,par_close,1,2,0.015416,0.068618,0.155641,730.2003
h5m-test01-ands.gates,iwls22_with_not,1380000,1038141,465435,2883576,par_close,2,2,0.015416,0.068618,0.155641,749.6043
h5m-test01-ands.gates,iwls22_with_not,1380000,1038141,465435,2883576,par_close,3,2,0.015416,0.068618,0.155641,772.8528
h5m-test01-ands.gates,iwls22_with_not,1380000,1038141,465435,2883576,par_close,4,2,0.015416,0.068618,0.155641,774.2686
h5m-test01-ands.gates,iwls22_with_not,1380000,1038141,465435,2883576,par_async,0,2,0.015416,0.068618,0.155641,116.0364
h5m-test01-ands.gates,iwls22_with_not,1380000,1038141,465435,2883576,par_async,1,2,0.015416,0.068618,0.155641,116.2978
h5m-test01-ands.gates,iwls22_with_not,1380000,1038141,465435,2883576,par_async,2,2,0.015416,0.068618,0.155641,116.0069
h5m-test01-ands.gates,iwls22_with_not,1380000,1038141,465435,2883576,par_async,3,2,0.015416,0.068618,0.155641,115.1493
h5m-test01-ands.gates,iwls22_with_not,1380000,1038141,465435,2883576,par_async,4,2,0.015416,0.068618,0.155641,115.5303
h5m-test01-xits.gates,iwls22_with_not,1112914,589597,270675,1973186,par_close,0,2,0.012552,0.059760,0.110853,455.3217
h5m-test01-xits.gates,iwls22_with_not,1112914,589597,270675,1973186,par_close,1,2,0.012552,0.059760,0.110853,489.1562
h5m-test01-xits.gates,iwls22_with_not,1112914,589597,270675,1973186,par_close,2,2,0.012552,0.059760,0.110853,496.2900
h5m-test01-xits.gates,iwls22_with_not,1112914,589597,270675,1973186,par_close,3,2,0.012552,0.059760,0.110853,501.2565
h5m-test01-xits.gates,iwls22_with_not,1112914,589597,270675,1973186,par_close,4,2,0.012552,0.059760,0.110853,503.3589
h5m-test01-xits.gates,iwls22_with_not,1112914,589597,270675,1973186,par_async,0,2,0.012552,0.059760,0.110853,81.7606
h5m-test01-xits.gates,iwls22_with_not,1112914,589597,270675,1973186,par_async,1,2,0.012552,0.059760,0.110853,81.5439
h5m-test01-xits.gates,iwls22_with_not,1112914,589597,270675,1973186,par_async,2,2,0.012552,0.059760,0.110853,80.9030
h5m-test01-xits.gates,iwls22_with_not,1112914,589597,270675,1973186,par_async,3,2,0.012552,0.059760,0.110853,80.9645
h5m-test01-xits.gates,iwls22_with_not,1112914,589597,270675,1973186,par_async,4,2,0.012552,0.059760,0.110853,81.1641
h5m-test02-ands.gates,iwls22_with_not,3476413,2446158,984808,6907379,par_close,0,2,0.042119,0.181437,0.373300,1714.9505
h5m-test02-ands.gates,iwls22_with_not,3476413,2446158,984808,6907379,par_close,1,2,0.042119,0.181437,0.373300,1813.4527
h5m-test02-ands.gates,iwls22_with_not,3476413,2446158,984808,6907379,par_close,2,2,0.042119,0.181437,0.373300,1850.1712
h5m-test02-ands.gates,iwls22_with_not,3476413,2446158,984808,6907379,par_close,3,2,0.042119,0.181437,0.373300,1896.1554
h5m-test02-ands.gates,iwls22_with_not,3476413,2446158,984808,6907379,par_close,4,2,0.042119,0.181437,0.373300,1911.8372
h5m-test02-ands.gates,iwls22_with_not,3476413,2446158,984808,6907379,par_async,0,2,0.042119,0.181437,0.373300,319.8813
h5m-test02-ands.gates,iwls22_with_not,3476413,2446158,984808,6907379,par_async,1,2,0.042119,0.181437,0.373300,320.2699
h5m-test02-ands.gates,iwls22_with_not,3476413,2446158,984808,6907379,par_async,2,2,0.042119,0.181437,0.373300,320.3689
h5m-test02-ands.gates,iwls22_with_not,3476413,2446158,984808,6907379,par_async,3,2,0.042119,0.181437,0.373300,319.3497
h5m-test02-ands.gates,iwls22_with_not,3476413,2446158,984808,6907379,par_async,4,2,0.042119,0.181437,0.373300,320.4178
h5m-test02-xits.gates,iwls22_with_not,2740997,1336652,613910,4691559,par_close,0,2,0.034729,0.152978,0.277082,1128.0922
h5m-test02-xits.gates,iwls22_with_not,2740997,1336652,613910,4691559,par_close,1,2,0.034729,0.152978,0.277082,1217.2040
h5m-test02-xits.gates,iwls22_with_not,2740997,1336652,613910,4691559,par_close,2,2,0.034729,0.152978,0.277082,1227.6672
h5m-test02-xits.gates,iwls22_with_not,2740997,1336652,613910,4691559,par_close,3,2,0.034729,0.152978,0.277082,1254.1871
h5m-test02-xits.gates,iwls22_with_not,2740997,1336652,613910,4691559,par_close,4,2,0.034729,0.152978,0.277082,1257.9947
h5m-test02-xits.gates,iwls22_with_not,2740997,1336652,613910,4691559,par_async,0,2,0.034729,0.152978,0.277082,261.0571
h5m-test02-xits.gates,iwls22_with_not,2740997,1336652,613910,4691559,par_async,1,2,0.034729,0.152978,0.277082,261.6828
h5m-test02-xits.gates,iwls22_with_not,2740997,1336652,613910,4691559,par_async,2,2,0.034729,0.152978,0.277082,261.4845
h5m-test02-xits.gates,iwls22_with_not,2740997,1336652,613910,4691559,par_async,3,2,0.034729,0.152978,0.277082,260.6739
h5m-test02-xits.gates,iwls22_with_not,2740997,1336652,613910,4691559,par_async,4,2,0.034729,0.152978,0.277082,261.3248
6s100-ands-opt.gates,hwmcc12_with_not,3442638,3040530,1304136,7787304,par_close,0,2,0.041360,0.188614,0.426053,2058.2243
6s100-ands-opt.gates,hwmcc12_with_not,3442638,3040530,1304136,7787304,par_close,1,2,0.041360,0.188614,0.426053,2173.0395
6s100-ands-opt.gates,hwmcc12_with_not,3442638,3040530,1304136,7787304,par_close,2,2,0.041360,0.188614,0.426053,2218.6503
6s100-ands-opt.gates,hwmcc12_with_not,3442638,3040530,1304136,7787304,par_close,3,2,0.041360,0.188614,0.426053,2248.3889
6s100-ands-opt.gates,hwmcc12_with_not,3442638,3040530,1304136,7787304,par_close,4,2,0.041360,0.188614,0.426053,2282.5633
6s100-ands-opt.gates,hwmcc12_with_not,3442638,3040530,1304136,7787304,par_async,0,2,0.041360,0.188614,0.426053,747.6731
6s100-ands-opt.gates,hwmcc12_with_not,3442638,3040530,1304136,7787304,par_async,1,2,0.041360,0.188614,0.426053,747.5675
6s100-ands-opt.gates,hwmcc12_with_not,3442638,3040530,1304136,7787304,par_async,2,2,0.041360,0.188614,0.426053,748.0263
6s100-ands-opt.gates,hwmcc12_with_not,3442638,3040530,1304136,7787304,par_async,3,2,0.041360,0.188614,0.426053,748.5723
6s100-ands-opt.gates,hwmcc12_with_not,3442638,3040530,1304136,7787304,par_async,4,2,0.041360,0.188614,0.426053,747.8805
6s100-xits-opt.gates,hwmcc12_with_not,3435519,2571412,835018,6841949,par_close,0,2,0.040556,0.190739,0.390871,1835.2533
6s100-xits-opt.gates,hwmcc12_with_not,3435519,2571412,835018,6841949,par_close,1,2,0.040556,0.190739,0.390871,1960.6164
6s100-xits-opt.gates,hwmcc12_with_not,3435519,2571412,835018,6841949,par_close,2,2,0.040556,0.190739,0.390871,2031.3893
6s100-xits-opt.gates,hwmcc12_with_not,3435519,2571412,835018,6841949,par_close,3,2,0.040556,0.190739,0.390871,2052.9071
6s100-xits-opt.gates,hwmcc12_with_not,3435519,2571412,835018,6841949,par_close,4,2,0.040556,0.190739,0.390871,2068.2741
6s100-xits-opt.gates,hwmcc12_with_not,3435519,2571412,835018,6841949,par_async,0,2,0.040556,0.190739,0.390871,686.9068
6s100-xits-opt.gates,hwmcc12_with_not,3435519,2571412,835018,6841949,par_async,1,2,0.040556,0.190739,0.390871,687.2153
6s100-xits-opt.gates,hwmcc12_with_not,3435519,2571412,835018,6841949,par_async,2,2,0.040556,0.190739,0.390871,687.3694
6s100-xits-opt.gates,hwmcc12_with_not,3435519,2571412,835018,6841949,par_async,3,2,0.040556,0.190739,0.390871,688.0529
6s100-xits-opt.gates,hwmcc12_with_not,3435519,2571412,835018,6841949,par_async,4,2,0.040556,0.190739,0.390871,686.8784
6s104-ands-opt.gates,hwmcc12_with_not,5408579,4624476,2055360,12088415,par_close,0,2,0.065346,0.299198,0.651007,3316.8176
6s104-ands-opt.gates,hwmcc12_with_not,5408579,4624476,2055360,12088415,par_close,1,2,0.065346,0.299198,0.651007,3533.0898
6s104-ands-opt.gates,hwmcc12_with_not,5408579,4624476,2055360,12088415,par_close,2,2,0.065346,0.299198,0.651007,3641.4179
6s104-ands-opt.gates,hwmcc12_with_not,5408579,4624476,2055360,12088415,par_close,3,2,0.065346,0.299198,0.651007,3692.0638
6s104-ands-opt.gates,hwmcc12_with_not,5408579,4624476,2055360,12088415,par_close,4,2,0.065346,0.299198,0.651007,3727.0936
6s104-ands-opt.gates,hwmcc12_with_not,5408579,4624476,2055360,12088415,par_async,0,2,0.065346,0.299198,0.651007,18572.4178
6s104-ands-opt.gates,hwmcc12_with_not,5408579,4624476,2055360,12088415,par_async,1,2,0.065346,0.299198,0.651007,18546.8224
6s104-ands-opt.gates,hwmcc12_with_not,5408579,4624476,2055360,12088415,par_async,2,2,0.065346,0.299198,0.651007,18556.0449
6s104-ands-opt.gates,hwmcc12_with_not,5408579,4624476,2055360,12088415,par_async,3,2,0.065346,0.299198,0.651007,18554.0786
6s104-ands-opt.gates,hwmcc12_with_not,5408579,4624476,2055360,12088415,par_async,4,2,0.065346,0.299198,0.651007,18553.2140
6s104-xits-opt.gates,hwmcc12_with_not,5454645,3893762,1312166,10660573,par_close,0,2,0.067575,0.309432,0.623688,2884.7925
6s104-xits-opt.gates,hwmcc12_with_not,5454645,3893762,1312166,10660573,par_close,1,2,0.067575,0.309432,0.623688,3132.7261
6s104-xits-opt.gates,hwmcc12_with_not,5454645,3893762,1312166,10660573,par_close,2,2,0.067575,0.309432,0.623688,3274.5538
6s104-xits-opt.gates,hwmcc12_with_not,5454645,3893762,1312166,10660573,par_close,3,2,0.067575,0.309432,0.623688,3331.9663
6s104-xits-opt.gates,hwmcc12_with_not,5454645,3893762,1312166,10660573,par_close,4,2,0.067575,0.309432,0.623688,3356.8257
6s104-xits-opt.gates,hwmcc12_with_not,5454645,3893762,1312166,10660573,par_async,0,2,0.067575,0.309432,0.623688,23566.2120
6s104-xits-opt.gates,hwmcc12_with_not,5454645,3893762,1312166,10660573,par_async,1,2,0.067575,0.309432,0.623688,23580.2661
6s104-xits-opt.gates,hwmcc12_with_not,5454645,3893762,1312166,10660573,par_async,2,2,0.067575,0.309432,0.623688,23582.6943
6s104-xits-opt.gates,hwmcc12_with_not,5454645,3893762,1312166,10660573,par_async,3,2,0.067575,0.309432,0.623688,23558.6586
6s104-xits-opt.gates,hwmcc12_with_not,5454645,3893762,1312166,10660573,par_async,4,2,0.067575,0.309432,0.623688,23617.1239
6s114-ands-opt.gates,hwmcc12_with_not,4017244,3710951,1561263,9289458,par_close,0,2,0.052693,0.226781,0.504851,2442.1570
6s114-ands-opt.gates,hwmcc12_with_not,4017244,3710951,1561263,9289458,par_close,1,2,0.052693,0.226781,0.504851,2558.1319
6s114-ands-opt.gates,hwmcc12_with_not,4017244,3710951,1561263,9289458,par_close,2,2,0.052693,0.226781,0.504851,2621.1456
6s114-ands-opt.gates,hwmcc12_with_not,4017244,3710951,1561263,9289458,par_close,3,2,0.052693,0.226781,0.504851,2680.5942
6s114-ands-opt.gates,hwmcc12_with_not,4017244,3710951,1561263,9289458,par_close,4,2,0.052693,0.226781,0.504851,2721.7797
6s114-ands-opt.gates,hwmcc12_with_not,4017244,3710951,1561263,9289458,par_async,0,2,0.052693,0.226781,0.504851,1412.1540
6s114-ands-opt.gates,hwmcc12_with_not,4017244,3710951,1561263,9289458,par_async,1,2,0.052693,0.226781,0.504851,1413.5064
6s114-ands-opt.gates,hwmcc12_with_not,4017244,3710951,1561263,9289458,par_async,2,2,0.052693,0.226781,0.504851,1414.1531
6s114-ands-opt.gates,hwmcc12_with_not,4017244,3710951,1561263,9289458,par_async,3,2,0.052693,0.226781,0.504851,1414.5363
6s114-ands-opt.gates,hwmcc12_with_not,4017244,3710951,1561263,9289458,par_async,4,2,0.052693,0.226781,0.504851,1412.9168
6s114-xits-opt.gates,hwmcc12_with_not,4390625,3211512,1061874,8664011,par_close,0,2,0.051627,0.245769,0.502120,2397.4800
6s114-xits-opt.gates,hwmcc12_with_not,4390625,3211512,1061874,8664011,par_close,1,2,0.051627,0.245769,0.502120,2535.6420
6s114-xits-opt.gates,hwmcc12_with_not,4390625,3211512,1061874,8664011,par_close,2,2,0.051627,0.245769,0.502120,2621.9490
6s114-xits-opt.gates,hwmcc12_with_not,4390625,3211512,1061874,8664011,par_close,3,2,0.051627,0.245769,0.502120,2656.0667
6s114-xits-opt.gates,hwmcc12_with_not,4390625,3211512,1061874,8664011,par_close,4,2,0.051627,0.245769,0.502120,2682.3884
6s114-xits-opt.gates,hwmcc12_with_not,4390625,3211512,1061874,8664011,par_async,0,2,0.051627,0.245769,0.502120,2517.4146
6s114-xits-opt.gates,hwmcc12_with_not,4390625,3211512,1061874,8664011,par_async,1,2,0.051627,0.245769,0.502120,2515.7292
6s114-xits-opt.gates,hwmcc12_with_not,4390625,3211512,1061874,8664011,par_async,2,2,0.051627,0.245769,0.502120,2518.5788
6s114-xits-opt.gates,hwmcc12_with_not,4390625,3211512,1061874,8664011,par_async,3,2,0.051627,0.245769,0.502120,2518.2711
6s114-xits-opt.gates,hwmcc12_with_not,4390625,3211512,1061874,8664011,par_async,4,2,0.051627,0.245769,0.502120,2518.6693
6s117-ands-opt.gates,hwmcc12_with_not,2213528,1880426,831949,4925903,par_close,0,2,0.025066,0.119857,0.263930,1221.5637
6s117-ands-opt.gates,hwmcc12_with_not,2213528,1880426,831949,4925903,par_close,1,2,0.025066,0.119857,0.263930,1284.6301
6s117-ands-opt.gates,hwmcc12_with_not,2213528,1880426,831949,4925903,par_close,2,2,0.025066,0.119857,0.263930,1318.3062
6s117-ands-opt.gates,hwmcc12_with_not,2213528,1880426,831949,4925903,par_close,3,2,0.025066,0.119857,0.263930,1338.9688
6s117-ands-opt.gates,hwmcc12_with_not,2213528,1880426,831949,4925903,par_close,4,2,0.025066,0.119857,0.263930,1353.6217
6s117-ands-opt.gates,hwmcc12_with_not,2213528,1880426,831949,4925903,par_async,0,2,0.025066,0.119857,0.263930,824.4422
6s117-ands-opt.gates,hwmcc12_with_not,2213528,1880426,831949,4925903,par_async,1,2,0.025066,0.119857,0.263930,825.3026
6s117-ands-opt.gates,hwmcc12_with_not,2213528,1880426,831949,4925903,par_async,2,2,0.025066,0.119857,0.263930,825.1943
6s117-ands-opt.gates,hwmcc12_with_not,2213528,1880426,831949,4925903,par_async,3,2,0.025066,0.119857,0.263930,824.1956
6s117-ands-opt.gates,hwmcc12_with_not,2213528,1880426,831949,4925903,par_async,4,2,0.025066,0.119857,0.263930,825.6745
6s117-xits-opt.gates,hwmcc12_with_not,2292599,1588740,540263,4421602,par_close,0,2,0.025960,0.124476,0.259763,1122.0611
6s117-xits-opt.gates,hwmcc12_with_not,2292599,1588740,540263,4421602,par_close,1,2,0.025960,0.124476,0.259763,1193.4752
6s117-xits-opt.gates,hwmcc12_with_not,2292599,1588740,540263,4421602,par_close,2,2,0.025960,0.124476,0.259763,1229.7943
6s117-xits-opt.gates,hwmcc12_with_not,2292599,1588740,540263,4421602,par_close,3,2,0.025960,0.124476,0.259763,1246.5479
6s117-xits-opt.gates,hwmcc12_with_not,2292599,1588740,540263,4421602,par_close,4,2,0.025960,0.124476,0.259763,1250.6008
6s117-xits-opt.gates,hwmcc12_with_not,2292599,1588740,540263,4421602,par_async,0,2,0.025960,0.124476,0.259763,1364.3330
6s117-xits-opt.gates,hwmcc12_with_not,2292599,1588740,540263,4421602,par_async,1,2,0.025960,0.124476,0.259763,1364.3501
6s117-xits-opt.gates,hwmcc12_with_not,2292599,1588740,540263,4421602,par_async,2,2,0.025960,0.124476,0.259763,1365.5001
6s117-xits-opt.gates,hwmcc12_with_not,2292599,1588740,540263,4421602,par_async,3,2,0.025960,0.124476,0.259763,1365.0429
6s117-xits-opt.gates,hwmcc12_with_not,2292599,1588740,540263,4421602,par_async,4,2,0.025960,0.124476,0.259763,1365.1395
6s125-ands-opt.gates,hwmcc12_with_not,15232733,13211558,5806462,34250753,par_close,0,2,0.287813,0.864056,1.937674,11671.4827
6s125-ands-opt.gates,hwmcc12_with_not,15232733,13211558,5806462,34250753,par_close,1,2,0.287813,0.864056,1.937674,12357.8485
6s125-ands-opt.gates,hwmcc12_with_not,15232733,13211558,5806462,34250753,par_close,2,2,0.287813,0.864056,1.937674,12722.7989
6s125-ands-opt.gates,hwmcc12_with_not,15232733,13211558,5806462,34250753,par_close,3,2,0.287813,0.864056,1.937674,13016.7980
6s125-ands-opt.gates,hwmcc12_with_not,15232733,13211558,5806462,34250753,par_close,4,2,0.287813,0.864056,1.937674,13275.8729
6s125-ands-opt.gates,hwmcc12_with_not,15232733,13211558,5806462,34250753,par_async,0,2,0.287813,0.864056,1.937674,3747.9060
6s125-ands-opt.gates,hwmcc12_with_not,15232733,13211558,5806462,34250753,par_async,1,2,0.287813,0.864056,1.937674,3742.8943
6s125-ands-opt.gates,hwmcc12_with_not,15232733,13211558,5806462,34250753,par_async,2,2,0.287813,0.864056,1.937674,3739.7731
6s125-ands-opt.gates,hwmcc12_with_not,15232733,13211558,5806462,34250753,par_async,3,2,0.287813,0.864056,1.937674,3742.6996
6s125-ands-opt.gates,hwmcc12_with_not,15232733,13211558,5806462,34250753,par_async,4,2,0.287813,0.864056,1.937674,3751.1521
6s125-xits-opt.gates,hwmcc12_with_not,14734601,10526836,3121730,28383167,par_close,0,2,0.292366,0.856898,1.709019,9377.8893
6s125-xits-opt.gates,hwmcc12_with_not,14734601,10526836,3121730,28383167,par_close,1,2,0.292366,0.856898,1.709019,10178.2796
6s125-xits-opt.gates,hwmcc12_with_not,14734601,10526836,3121730,28383167,par_close,2,2,0.292366,0.856898,1.709019,10774.1850
6s125-xits-opt.gates,hwmcc12_with_not,14734601,10526836,3121730,28383167,par_close,3,2,0.292366,0.856898,1.709019,11045.6214
6s125-xits-opt.gates,hwmcc12_with_not,14734601,10526836,3121730,28383167,par_close,4,2,0.292366,0.856898,1.709019,11198.8380
6s125-xits-opt.gates,hwmcc12_with_not,14734601,10526836,3121730,28383167,par_async,0,2,0.292366,0.856898,1.709019,3335.9002
6s125-xits-opt.gates,hwmcc12_with_not,14734601,10526836,3121730,28383167,par_async,1,2,0.292366,0.856898,1.709019,3337.7466
6s125-xits-opt.gates,hwmcc12_with_not,14734601,10526836,3121730,28383167,par_async,2,2,0.292366,0.856898,1.709019,3342.7522
6s125-xits-opt.gates,hwmcc12_with_not,14734601,10526836,3121730,28383167,par_async,3,2,0.292366,0.856898,1.709019,3340.0525
6s125-xits-opt.gates,hwmcc12_with_not,14734601,10526836,3121730,28383167,par_async,4,2,0.292366,0.856898,1.709019,3342.9153
6s163-ands-opt.gates,hwmcc12_with_not,6042399,5133510,2412539,13588448,par_close,0,2,0.076258,0.328531,0.723568,3707.3560
6s163-ands-opt.gates,hwmcc12_with_not,6042399,5133510,2412539,13588448,par_close,1,2,0.076258,0.328531,0.723568,3967.0088
6s163-ands-opt.gates,hwmcc12_with_not,6042399,5133510,2412539,13588448,par_close,2,2,0.076258,0.328531,0.723568,4070.6098
6s163-ands-opt.gates,hwmcc12_with_not,6042399,5133510,2412539,13588448,par_close,3,2,0.076258,0.328531,0.723568,4154.4363
6s163-ands-opt.gates,hwmcc12_with_not,6042399,5133510,2412539,13588448,par_close,4,2,0.076258,0.328531,0.723568,4191.8832
6s163-ands-opt.gates,hwmcc12_with_not,6042399,5133510,2412539,13588448,par_async,0,2,0.076258,0.328531,0.723568,2366.9864
6s163-ands-opt.gates,hwmcc12_with_not,6042399,5133510,2412539,13588448,par_async,1,2,0.076258,0.328531,0.723568,2364.8268
6s163-ands-opt.gates,hwmcc12_with_not,6042399,5133510,2412539,13588448,par_async,2,2,0.076258,0.328531,0.723568,2364.8532
6s163-ands-opt.gates,hwmcc12_with_not,6042399,5133510,2412539,13588448,par_async,3,2,0.076258,0.328531,0.723568,2364.3656
6s163-ands-opt.gates,hwmcc12_with_not,6042399,5133510,2412539,13588448,par_async,4,2,0.076258,0.328531,0.723568,2363.7702
6s163-xits-opt.gates,hwmcc12_with_not,5675417,3836213,1115222,10626852,par_close,0,2,0.069202,0.313250,0.641671,2834.9668
6s163-xits-opt.gates,hwmcc12_with_not,5675417,3836213,1115222,10626852,par_close,1,2,0.069202,0.313250,0.641671,3072.2281
6s163-xits-opt.gates,hwmcc12_with_not,5675417,3836213,1115222,10626852,par_close,2,2,0.069202,0.313250,0.641671,3213.8498
6s163-xits-opt.gates,hwmcc12_with_not,5675417,3836213,1115222,10626852,par_close,3,2,0.069202,0.313250,0.641671,3275.8075
6s163-xits-opt.gates,hwmcc12_with_not,5675417,3836213,1115222,10626852,par_close,4,2,0.069202,0.313250,0.641671,3281.2473
6s163-xits-opt.gates,hwmcc12_with_not,5675417,3836213,1115222,10626852,par_async,0,2,0.069202,0.313250,0.641671,12535.8156
6s163-xits-opt.gates,hwmcc12_with_not,5675417,3836213,1115222,10626852,par_async,1,2,0.069202,0.313250,0.641671,12525.2333
6s163-xits-opt.gates,hwmcc12_with_not,5675417,3836213,1115222,10626852,par_async,2,2,0.069202,0.313250,0.641671,12519.0929
6s163-xits-opt.gates,hwmcc12_with_not,5675417,3836213,1115222,10626852,par_async,3,2,0.069202,0.313250,0.641671,12507.2909
6s163-xits-opt.gates,hwmcc12_with_not,5675417,3836213,1115222,10626852,par_async,4,2,0.069202,0.313250,0.641671,12526.7739
h5m-n01-ands.gates,iwls22_with_not,1660156,1083431,499915,3243502,par_close,0,4,0.020173,0.046911,0.108801,418.4377
h5m-n01-ands.gates,iwls22_with_not,1660156,1083431,499915,3243502,par_close,1,4,0.020173,0.046911,0.108801,432.7264
h5m-n01-ands.gates,iwls22_with_not,1660156,1083431,499915,3243502,par_close,2,4,0.020173,0.046911,0.108801,446.9788
h5m-n01-ands.gates,iwls22_with_not,1660156,1083431,499915,3243502,par_close,3,4,0.020173,0.046911,0.108801,448.3044
h5m-n01-ands.gates,iwls22_with_not,1660156,1083431,499915,3243502,par_close,4,4,0.020173,0.046911,0.108801,459.9075
h5m-n01-ands.gates,iwls22_with_not,1660156,1083431,499915,3243502,par_async,0,4,0.020173,0.046911,0.108801,76.8544
h5m-n01-ands.gates,iwls22_with_not,1660156,1083431,499915,3243502,par_async,1,4,0.020173,0.046911,0.108801,77.6958
h5m-n01-ands.gates,iwls22_with_not,1660156,1083431,499915,3243502,par_async,2,4,0.020173,0.046911,0.108801,76.5177
h5m-n01-ands.gates,iwls22_with_not,1660156,1083431,499915,3243502,par_async,3,4,0.020173,0.046911,0.108801,77.9317
h5m-n01-ands.gates,iwls22_with_not,1660156,1083431,499915,3243502,par_async,4,4,0.020173,0.046911,0.108801,76.3397
h5m-n01-xits.gates,iwls22_with_not,1105612,613618,249946,1969176,par_close,0,4,0.012177,0.030375,0.068230,242.9599
h5m-n01-xits.gates,iwls22_with_not,1105612,613618,249946,1969176,par_close,1,4,0.012177,0.030375,0.068230,257.0120
h5m-n01-xits.gates,iwls22_with_not,1105612,613618,249946,1969176,par_close,2,4,0.012177,0.030375,0.068230,267.2473
h5m-n01-xits.gates,iwls22_with_not,1105612,613618,249946,1969176,par_close,3,4,0.012177,0.030375,0.068230,270.1555
h5m-n01-xits.gates,iwls22_with_not,1105612,613618,249946,1969176,par_close,4,4,0.012177,0.030375,0.068230,278.0967
h5m-n01-xits.gates,iwls22_with_not,1105612,613618,249946,1969176,par_async,0,4,0.012177,0.030375,0.068230,53.4321
h5m-n01-xits.gates,iwls22_with_not,1105612,613618,249946,1969176,par_async,1,4,0.012177,0.030375,0.068230,53.4923
h5m-n01-xits.gates,iwls22_with_not,1105612,613618,249946,1969176,par_async,2,4,0.012177,0.030375,0.068230,53.1128
h5m-n01-xits.gates,iwls22_with_not,1105612,613618,249946,1969176,par_async,3,4,0.012177,0.030375,0.068230,53.5192
h5m-n01-xits.gates,iwls22_with_not,1105612,613618,249946,1969176,par_async,4,4,0.012177,0.030375,0.068230,52.5768
h5m-n04-ands.gates,iwls22_with_not,1782230,1246980,573992,3603202,par_close,0,4,0.018656,0.046559,0.113019,462.8856
h5m-n04-ands.gates,iwls22_with_not,1782230,1246980,573992,3603202,par_close,1,4,0.018656,0.046559,0.113019,490.5766
h5m-n04-ands.gates,iwls22_with_not,1782230,1246980,573992,3603202,par_close,2,4,0.018656,0.046559,0.113019,508.1375
h5m-n04-ands.gates,iwls22_with_not,1782230,1246980,573992,3603202,par_close,3,4,0.018656,0.046559,0.113019,519.7000
h5m-n04-ands.gates,iwls22_with_not,1782230,1246980,573992,3603202,par_close,4,4,0.018656,0.046559,0.113019,524.0605
h5m-n04-ands.gates,iwls22_with_not,1782230,1246980,573992,3603202,par_async,0,4,0.018656,0.046559,0.113019,68.5144
h5m-n04-ands.gates,iwls22_with_not,1782230,1246980,573992,3603202,par_async,1,4,0.018656,0.046559,0.113019,66.0880
h5m-n04-ands.gates,iwls22_with_not,1782230,1246980,573992,3603202,par_async,2,4,0.018656,0.046559,0.113019,65.6032
h5m-n04-ands.gates,iwls22_with_not,1782230,1246980,573992,3603202,par_async,3,4,0.018656,0.046559,0.113019,66.9166
h5m-n04-ands.gates,iwls22_with_not,1782230,1246980,573992,3603202,par_async,4,4,0.018656,0.046559,0.113019,66.4260
h5m-n04-xits.gates,iwls22_with_not,1268358,707582,308278,2284218,par_close,0,4,0.015455,0.034330,0.075441,272.6607
h5m-n04-xits.gates,iwls22_with_not,1268358,707582,308278,2284218,par_close,1,4,0.015455,0.034330,0.075441,299.2231
h5m-n04-xits.gates,iwls22_with_not,1268358,707582,308278,2284218,par_close,2,4,0.015455,0.034330,0.075441,307.7867
h5m-n04-xits.gates,iwls22_with_not,1268358,707582,308278,2284218,par_close,3,4,0.015455,0.034330,0.075441,309.1607
h5m-n04-xits.gates,iwls22_with_not,1268358,707582,308278,2284218,par_close,4,4,0.015455,0.034330,0.075441,313.9100
h5m-n04-xits.gates,iwls22_with_not,1268358,707582,308278,2284218,par_async,0,4,0.015455,0.034330,0.075441,49.7079
h5m-n04-xits.gates,iwls22_with_not,1268358,707582,308278,2284218,par_async,1,4,0.015455,0.034330,0.075441,49.1048
h5m-n04-xits.gates,iwls22_with_not,1268358,707582,308278,2284218,par_async,2,4,0.015455,0.034330,0.075441,48.4309
h5m-n04-xits.gates,iwls22_with_not,1268358,707582,308278,2284218,par_async,3,4,0.015455,0.034330,0.075441,48.4994
h5m-n04-xits.gates,iwls22_with_not,1268358,707582,308278,2284218,par_async,4,4,0.015455,0.034330,0.075441,48.5239
h5m-n06-ands.gates,iwls22_with_not,4663996,3206860,1500349,9371205,par_close,0,4,0.048885,0.130309,0.316076,1306.3285
h5m-n06-ands.gates,iwls22_with_not,4663996,3206860,1500349,9371205,par_close,1,4,0.048885,0.130309,0.316076,1380.0623
h5m-n06-ands.gates,iwls22_with_not,4663996,3206860,1500349,9371205,par_close,2,4,0.048885,0.130309,0.316076,1424.6832
h5m-n06-ands.gates,iwls22_with_not,4663996,3206860,1500349,9371205,par_close,3,4,0.048885,0.130309,0.316076,1460.5793
h5m-n06-ands.gates,iwls22_with_not,4663996,3206860,1500349,9371205,par_close,4,4,0.048885,0.130309,0.316076,1480.1330
h5m-n06-ands.gates,iwls22_with_not,4663996,3206860,1500349,9371205,par_async,0,4,0.048885,0.130309,0.316076,251.4961
h5m-n06-ands.gates,iwls22_with_not,4663996,3206860,1500349,9371205,par_async,1,4,0.048885,0.130309,0.316076,255.1483
h5m-n06-ands.gates,iwls22_with_not,4663996,3206860,1500349,9371205,par_async,2,4,0.048885,0.130309,0.316076,250.4627
h5m-n06-ands.gates,iwls22_with_not,4663996,3206860,1500349,9371205,par_async,3,4,0.048885,0.130309,0.316076,252.6851
h5m-n06-ands.gates,iwls22_with_not,4663996,3206860,1500349,9371205,par_async,4,4,0.048885,0.130309,0.316076,251.8758
h5m-n06-xits.gates,iwls22_with_not,3117439,1735829,729369,5582637,par_close,0,4,0.037296,0.089277,0.194862,731.3415
h5m-n06-xits.gates,iwls22_with_not,3117439,1735829,729369,5582637,par_close,1,4,0.037296,0.089277,0.194862,787.3117
h5m-n06-xits.gates,iwls22_with_not,3117439,1735829,729369,5582637,par_close,2,4,0.037296,0.089277,0.194862,794.3426
h5m-n06-xits.gates,iwls22_with_not,3117439,1735829,729369,5582637,par_close,3,4,0.037296,0.089277,0.194862,809.1375
h5m-n06-xits.gates,iwls22_with_not,3117439,1735829,729369,5582637,par_close,4,4,0.037296,0.089277,0.194862,823.9720
h5m-n06-xits.gates,iwls22_with_not,3117439,1735829,729369,5582637,par_async,0,4,0.037296,0.089277,0.194862,159.6712
h5m-n06-xits.gates,iwls22_with_not,3117439,1735829,729369,5582637,par_async,1,4,0.037296,0.089277,0.194862,159.0666
h5m-n06-xits.gates,iwls22_with_not,3117439,1735829,729369,5582637,par_async,2,4,0.037296,0.089277,0.194862,158.7669
h5m-n06-xits.gates,iwls22_with_not,3117439,1735829,729369,5582637,par_async,3,4,0.037296,0.089277,0.194862,157.0815
h5m-n06-xits.gates,iwls22_with_not,3117439,1735829,729369,5582637,par_async,4,4,0.037296,0.089277,0.194862,158.9597
h5m-test01-ands.gates,iwls22_with_not,1380000,1038141,465435,2883576,par_close,0,4,0.017661,0.038026,0.092042,369.6736
h5m-test01-ands.gates,iwls22_with_not,1380000,1038141,465435,2883576,par_close,1,4,0.017661,0.038026,0.092042,392.6186
h5m-test01-ands.gates,iwls22_with_not,1380000,1038141,465435,2883576,par_close,2,4,0.017661,0.038026,0.092042,399.5722
h5m-test01-ands.gates,iwls22_with_not,1380000,1038141,465435,2883576,par_close,3,4,0.017661,0.038026,0.092042,405.3365
h5m-test01-ands.gates,iwls22_with_not,1380000,1038141,465435,2883576,par_close,4,4,0.017661,0.038026,0.092042,415.3226
h5m-test01-ands.gates,iwls22_with_not,1380000,1038141,465435,2883576,par_async,0,4,0.017661,0.038026,0.092042,61.0810
h5m-test01-ands.gates,iwls22_with_not,1380000,1038141,465435,2883576,par_async,1,4,0.017661,0.038026,0.092042,61.6588
h5m-test01-ands.gates,iwls22_with_not,1380000,1038141,465435,2883576,par_async,2,4,0.017661,0.038026,0.092042,60.7999
h5m-test01-ands.gates,iwls22_with_not,1380000,1038141,465435,2883576,par_async,3,4,0.017661,0.038026,0.092042,60.7864
h5m-test01-ands.gates,iwls22_with_not,1380000,1038141,465435,2883576,par_async,4,4,0.017661,0.038026,0.092042,60.0149
h5m-test01-xits.gates,iwls22_with_not,1112914,589597,270675,1973186,par_close,0,4,0.013539,0.031172,0.067024,246.2007
h5m-test01-xits.gates,iwls22_with_not,1112914,589597,270675,1973186,par_close,1,4,0.013539,0.031172,0.067024,266.7131
h5m-test01-xits.gates,iwls22_with_not,1112914,589597,270675,1973186,par_close,2,4,0.013539,0.031172,0.067024,266.1559
h5m-test01-xits.gates,iwls22_with_not,1112914,589597,270675,1973186,par_close,3,4,0.013539,0.031172,0.067024,275.0421
h5m-test01-xits.gates,iwls22_with_not,1112914,589597,270675,1973186,par_close,4,4,0.013539,0.031172,0.067024,276.2956
h5m-test01-xits.gates,iwls22_with_not,1112914,589597,270675,1973186,par_async,0,4,0.013539,0.031172,0.067024,45.7140
h5m-test01-xits.gates,iwls22_with_not,1112914,589597,270675,1973186,par_async,1,4,0.013539,0.031172,0.067024,44.4432
h5m-test01-xits.gates,iwls22_with_not,1112914,589597,270675,1973186,par_async,2,4,0.013539,0.031172,0.067024,45.3550
h5m-test01-xits.gates,iwls22_with_not,1112914,589597,270675,1973186,par_async,3,4,0.013539,0.031172,0.067024,45.0368
h5m-test01-xits.gates,iwls22_with_not,1112914,589597,270675,1973186,par_async,4,4,0.013539,0.031172,0.067024,45.0027
h5m-test02-ands.gates,iwls22_with_not,3476413,2446158,984808,6907379,par_close,0,4,0.039233,0.095251,0.225373,906.2940
h5m-test02-ands.gates,iwls22_with_not,3476413,2446158,984808,6907379,par_close,1,4,0.039233,0.095251,0.225373,960.3169
h5m-test02-ands.gates,iwls22_with_not,3476413,2446158,984808,6907379,par_close,2,4,0.039233,0.095251,0.225373,1000.2193
h5m-test02-ands.gates,iwls22_with_not,3476413,2446158,984808,6907379,par_close,3,4,0.039233,0.095251,0.225373,1002.1062
h5m-test02-ands.gates,iwls22_with_not,3476413,2446158,984808,6907379,par_close,4,4,0.039233,0.095251,0.225373,1013.9012
h5m-test02-ands.gates,iwls22_with_not,3476413,2446158,984808,6907379,par_async,0,4,0.039233,0.095251,0.225373,168.8406
h5m-test02-ands.gates,iwls22_with_not,3476413,2446158,984808,6907379,par_async,1,4,0.039233,0.095251,0.225373,169.0873
h5m-test02-ands.gates,iwls22_with_not,3476413,2446158,984808,6907379,par_async,2,4,0.039233,0.095251,0.225373,167.0310
h5m-test02-ands.gates,iwls22_with_not,3476413,2446158,984808,6907379,par_async,3,4,0.039233,0.095251,0.225373,168.7297
h5m-test02-ands.gates,iwls22_with_not,3476413,2446158,984808,6907379,par_async,4,4,0.039233,0.095251,0.225373,168.0466
h5m-test02-xits.gates,iwls22_with_not,2740997,1336652,613910,4691559,par_close,0,4,0.034386,0.081903,0.163990,623.8305
h5m-test02-xits.gates,iwls22_with_not,2740997,1336652,613910,4691559,par_close,1,4,0.034386,0.081903,0.163990,637.4986
h5m-test02-xits.gates,iwls22_with_not,2740997,1336652,613910,4691559,par_close,2,4,0.034386,0.081903,0.163990,668.1038
h5m-test02-xits.gates,iwls22_with_not,2740997,1336652,613910,4691559,par_close,3,4,0.034386,0.081903,0.163990,673.3430
h5m-test02-xits.gates,iwls22_with_not,2740997,1336652,613910,4691559,par_close,4,4,0.034386,0.081903,0.163990,684.2358
h5m-test02-xits.gates,iwls22_with_not,2740997,1336652,613910,4691559,par_async,0,4,0.034386,0.081903,0.163990,144.0945
h5m-test02-xits.gates,iwls22_with_not,2740997,1336652,613910,4691559,par_async,1,4,0.034386,0.081903,0.163990,144.1296
h5m-test02-xits.gates,iwls22_with_not,2740997,1336652,613910,4691559,par_async,2,4,0.034386,0.081903,0.163990,142.6220
h5m-test02-xits.gates,iwls22_with_not,2740997,1336652,613910,4691559,par_async,3,4,0.034386,0.081903,0.163990,143.8992
h5m-test02-xits.gates,iwls22_with_not,2740997,1336652,613910,4691559,par_async,4,4,0.034386,0.081903,0.163990,143.4879
6s100-ands-opt.gates,hwmcc12_with_not,3442638,3040530,1304136,7787304,par_close,0,4,0.040582,0.099940,0.260045,1105.0072
6s100-ands-opt.gates,hwmcc12_with_not,3442638,3040530,1304136,7787304,par_close,1,4,0.040582,0.099940,0.260045,1174.2958
6s100-ands-opt.gates,hwmcc12_with_not,3442638,3040530,1304136,7787304,par_close,2,4,0.040582,0.099940,0.260045,1203.1418
6s100-ands-opt.gates,hwmcc12_with_not,3442638,3040530,1304136,7787304,par_close,3,4,0.040582,0.099940,0.260045,1222.2009
6s100-ands-opt.gates,hwmcc12_with_not,3442638,3040530,1304136,7787304,par_close,4,4,0.040582,0.099940,0.260045,1241.2795
6s100-ands-opt.gates,hwmcc12_with_not,3442638,3040530,1304136,7787304,par_async,0,4,0.040582,0.099940,0.260045,387.6216
6s100-ands-opt.gates,hwmcc12_with_not,3442638,3040530,1304136,7787304,par_async,1,4,0.040582,0.099940,0.260045,399.1073
6s100-ands-opt.gates,hwmcc12_with_not,3442638,3040530,1304136,7787304,par_async,2,4,0.040582,0.099940,0.260045,391.3535
6s100-ands-opt.gates,hwmcc12_with_not,3442638,3040530,1304136,7787304,par_async,3,4,0.040582,0.099940,0.260045,385.4672
6s100-ands-opt.gates,hwmcc12_with_not,3442638,3040530,1304136,7787304,par_async,4,4,0.040582,0.099940,0.260045,384.8839
6s100-xits-opt.gates,hwmcc12_with_not,3435519,2571412,835018,6841949,par_close,0,4,0.040655,0.103954,0.239138,1009.2851
6s100-xits-opt.gates,hwmcc12_with_not,3435519,2571412,835018,6841949,par_close,1,4,0.040655,0.103954,0.239138,1065.2417
6s100-xits-opt.gates,hwmcc12_with_not,3435519,2571412,835018,6841949,par_close,2,4,0.040655,0.103954,0.239138,1095.2553
6s100-xits-opt.gates,hwmcc12_with_not,3435519,2571412,835018,6841949,par_close,3,4,0.040655,0.103954,0.239138,1118.1374
6s100-xits-opt.gates,hwmcc12_with_not,3435519,2571412,835018,6841949,par_close,4,4,0.040655,0.103954,0.239138,1135.1396
6s100-xits-opt.gates,hwmcc12_with_not,3435519,2571412,835018,6841949,par_async,0,4,0.040655,0.103954,0.239138,378.8954
6s100-xits-opt.gates,hwmcc12_with_not,3435519,2571412,835018,6841949,par_async,1,4,0.040655,0.103954,0.239138,379.2860
6s100-xits-opt.gates,hwmcc12_with_not,3435519,2571412,835018,6841949,par_async,2,4,0.040655,0.103954,0.239138,388.3760
6s100-xits-opt.gates,hwmcc12_with_not,3435519,2571412,835018,6841949,par_async,3,4,0.040655,0.103954,0.239138,380.9572
6s100-xits-opt.gates,hwmcc12_with_not,3435519,2571412,835018,6841949,par_async,4,4,0.040655,0.103954,0.239138,376.2118
6s104-ands-opt.gates,hwmcc12_with_not,5408579,4624476,2055360,12088415,par_close,0,4,0.066876,0.158364,0.399175,1772.1411
6s104-ands-opt.gates,hwmcc12_with_not,5408579,4624476,2055360,12088415,par_close,1,4,0.066876,0.158364,0.399175,1876.2137
6s104-ands-opt.gates,hwmcc12_with_not,5408579,4624476,2055360,12088415,par_close,2,4,0.066876,0.158364,0.399175,1940.1708
6s104-ands-opt.gates,hwmcc12_with_not,5408579,4624476,2055360,12088415,par_close,3,4,0.066876,0.158364,0.399175,1982.9835
6s104-ands-opt.gates,hwmcc12_with_not,5408579,4624476,2055360,12088415,par_close,4,4,0.066876,0.158364,0.399175,2012.7552
6s104-ands-opt.gates,hwmcc12_with_not,5408579,4624476,2055360,12088415,par_async,0,4,0.066876,0.158364,0.399175,9036.3190
6s104-ands-opt.gates,hwmcc12_with_not,5408579,4624476,2055360,12088415,par_async,1,4,0.066876,0.158364,0.399175,9241.1596
6s104-ands-opt.gates,hwmcc12_with_not,5408579,4624476,2055360,12088415,par_async,2,4,0.066876,0.158364,0.399175,9532.7922
6s104-ands-opt.gates,hwmcc12_with_not,5408579,4624476,2055360,12088415,par_async,3,4,0.066876,0.158364,0.399175,9227.3867
6s104-ands-opt.gates,hwmcc12_with_not,5408579,4624476,2055360,12088415,par_async,4,4,0.066876,0.158364,0.399175,9346.4985
6s104-xits-opt.gates,hwmcc12_with_not,5454645,3893762,1312166,10660573,par_close,0,4,0.068506,0.164209,0.378292,1559.8094
6s104-xits-opt.gates,hwmcc12_with_not,5454645,3893762,1312166,10660573,par_close,1,4,0.068506,0.164209,0.378292,1634.2692
6s104-xits-opt.gates,hwmcc12_with_not,5454645,3893762,1312166,10660573,par_close,2,4,0.068506,0.164209,0.378292,1698.7676
6s104-xits-opt.gates,hwmcc12_with_not,5454645,3893762,1312166,10660573,par_close,3,4,0.068506,0.164209,0.378292,1761.7065
6s104-xits-opt.gates,hwmcc12_with_not,5454645,3893762,1312166,10660573,par_close,4,4,0.068506,0.164209,0.378292,1783.6722
6s104-xits-opt.gates,hwmcc12_with_not,5454645,3893762,1312166,10660573,par_async,0,4,0.068506,0.164209,0.378292,12100.9569
6s104-xits-opt.gates,hwmcc12_with_not,5454645,3893762,1312166,10660573,par_async,1,4,0.068506,0.164209,0.378292,12344.8814
6s104-xits-opt.gates,hwmcc12_with_not,5454645,3893762,1312166,10660573,par_async,2,4,0.068506,0.164209,0.378292,12246.6878
6s104-xits-opt.gates,hwmcc12_with_not,5454645,3893762,1312166,10660573,par_async,3,4,0.068506,0.164209,0.378292,12345.6297
6s104-xits-opt.gates,hwmcc12_with_not,5454645,3893762,1312166,10660573,par_async,4,4,0.068506,0.164209,0.378292,12128.3719
6s114-ands-opt.gates,hwmcc12_with_not,4017244,3710951,1561263,9289458,par_close,0,4,0.049506,0.117386,0.313646,1329.4938
6s114-ands-opt.gates,hwmcc12_with_not,4017244,3710951,1561263,9289458,par_close,1,4,0.049506,0.117386,0.313646,1378.6805
6s114-ands-opt.gates,hwmcc12_with_not,4017244,3710951,1561263,9289458,par_close,2,4,0.049506,0.117386,0.313646,1414.8977
6s114-ands-opt.gates,hwmcc12_with_not,4017244,3710951,1561263,9289458,par_close,3,4,0.049506,0.117386,0.313646,1454.7030
6s114-ands-opt.gates,hwmcc12_with_not,4017244,3710951,1561263,9289458,par_close,4,4,0.049506,0.117386,0.313646,1478.6179
6s114-ands-opt.gates,hwmcc12_with_not,4017244,3710951,1561263,9289458,par_async,0,4,0.049506,0.117386,0.313646,743.6790
6s114-ands-opt.gates,hwmcc12_with_not,4017244,3710951,1561263,9289458,par_async,1,4,0.049506,0.117386,0.313646,739.5979
6s114-ands-opt.gates,hwmcc12_with_not,4017244,3710951,1561263,9289458,par_async,2,4,0.049506,0.117386,0.313646,723.0136
6s114-ands-opt.gates,hwmcc12_with_not,4017244,3710951,1561263,9289458,par_async,3,4,0.049506,0.117386,0.313646,736.8068
6s114-ands-opt.gates,hwmcc12_with_not,4017244,3710951,1561263,9289458,par_async,4,4,0.049506,0.117386,0.313646,734.3009
6s114-xits-opt.gates,hwmcc12_with_not,4390625,3211512,1061874,8664011,par_close,0,4,0.053684,0.129788,0.309333,1306.8805
6s114-xits-opt.gates,hwmcc12_with_not,4390625,3211512,1061874,8664011,par_close,1,4,0.053684,0.129788,0.309333,1356.0242
6s114-xits-opt.gates,hwmcc12_with_not,4390625,3211512,1061874,8664011,par_close,2,4,0.053684,0.129788,0.309333,1404.4128
6s114-xits-opt.gates,hwmcc12_with_not,4390625,3211512,1061874,8664011,par_close,3,4,0.053684,0.129788,0.309333,1448.8992
6s114-xits-opt.gates,hwmcc12_with_not,4390625,3211512,1061874,8664011,par_close,4,4,0.053684,0.129788,0.309333,1460.4388
6s114-xits-opt.gates,hwmcc12_with_not,4390625,3211512,1061874,8664011,par_async,0,4,0.053684,0.129788,0.309333,1316.5670
6s114-xits-opt.gates,hwmcc12_with_not,4390625,3211512,1061874,8664011,par_async,1,4,0.053684,0.129788,0.309333,1315.4716
6s114-xits-opt.gates,hwmcc12_with_not,4390625,3211512,1061874,8664011,par_async,2,4,0.053684,0.129788,0.309333,1318.2484
6s114-xits-opt.gates,hwmcc12_with_not,4390625,3211512,1061874,8664011,par_async,3,4,0.053684,0.129788,0.309333,1326.7293
6s114-xits-opt.gates,hwmcc12_with_not,4390625,3211512,1061874,8664011,par_async,4,4,0.053684,0.129788,0.309333,1312.7776
6s117-ands-opt.gates,hwmcc12_with_not,2213528,1880426,831949,4925903,par_close,0,4,0.024888,0.062860,0.164589,684.0135
6s117-ands-opt.gates,hwmcc12_with_not,2213528,1880426,831949,4925903,par_close,1,4,0.024888,0.062860,0.164589,702.5737
6s117-ands-opt.gates,hwmcc12_with_not,2213528,1880426,831949,4925903,par_close,2,4,0.024888,0.062860,0.164589,718.8140
6s117-ands-opt.gates,hwmcc12_with_not,2213528,1880426,831949,4925903,par_close,3,4,0.024888,0.062860,0.164589,734.5299
6s117-ands-opt.gates,hwmcc12_with_not,2213528,1880426,831949,4925903,par_close,4,4,0.024888,0.062860,0.164589,747.1021
6s117-ands-opt.gates,hwmcc12_with_not,2213528,1880426,831949,4925903,par_async,0,4,0.024888,0.062860,0.164589,445.4359
6s117-ands-opt.gates,hwmcc12_with_not,2213528,1880426,831949,4925903,par_async,1,4,0.024888,0.062860,0.164589,433.7382
6s117-ands-opt.gates,hwmcc12_with_not,2213528,1880426,831949,4925903,par_async,2,4,0.024888,0.062860,0.164589,443.1881
6s117-ands-opt.gates,hwmcc12_with_not,2213528,1880426,831949,4925903,par_async,3,4,0.024888,0.062860,0.164589,442.6275
6s117-ands-opt.gates,hwmcc12_with_not,2213528,1880426,831949,4925903,par_async,4,4,0.024888,0.062860,0.164589,437.4161
6s117-xits-opt.gates,hwmcc12_with_not,2292599,1588740,540263,4421602,par_close,0,4,0.029087,0.065819,0.160425,625.2380
6s117-xits-opt.gates,hwmcc12_with_not,2292599,1588740,540263,4421602,par_close,1,4,0.029087,0.065819,0.160425,640.1591
6s117-xits-opt.gates,hwmcc12_with_not,2292599,1588740,540263,4421602,par_close,2,4,0.029087,0.065819,0.160425,669.0671
6s117-xits-opt.gates,hwmcc12_with_not,2292599,1588740,540263,4421602,par_close,3,4,0.029087,0.065819,0.160425,679.4904
6s117-xits-opt.gates,hwmcc12_with_not,2292599,1588740,540263,4421602,par_close,4,4,0.029087,0.065819,0.160425,683.7082
6s117-xits-opt.gates,hwmcc12_with_not,2292599,1588740,540263,4421602,par_async,0,4,0.029087,0.065819,0.160425,746.4226
6s117-xits-opt.gates,hwmcc12_with_not,2292599,1588740,540263,4421602,par_async,1,4,0.029087,0.065819,0.160425,754.8437
6s117-xits-opt.gates,hwmcc12_with_not,2292599,1588740,540263,4421602,par_async,2,4,0.029087,0.065819,0.160425,748.6164
6s117-xits-opt.gates,hwmcc12_with_not,2292599,1588740,540263,4421602,par_async,3,4,0.029087,0.065819,0.160425,762.8576
6s117-xits-opt.gates,hwmcc12_with_not,2292599,1588740,540263,4421602,par_async,4,4,0.029087,0.065819,0.160425,753.3969
6s125-ands-opt.gates,hwmcc12_with_not,15232733,13211558,5806462,34250753,par_close,0,4,0.285987,0.459506,1.226305,6235.6119
6s125-ands-opt.gates,hwmcc12_with_not,15232733,13211558,5806462,34250753,par_close,1,4,0.285987,0.459506,1.226305,6546.9737
6s125-ands-opt.gates,hwmcc12_with_not,15232733,13211558,5806462,34250753,par_close,2,4,0.285987,0.459506,1.226305,6880.6109
6s125-ands-opt.gates,hwmcc12_with_not,15232733,13211558,5806462,34250753,par_close,3,4,0.285987,0.459506,1.226305,7076.8067
6s125-ands-opt.gates,hwmcc12_with_not,15232733,13211558,5806462,34250753,par_close,4,4,0.285987,0.459506,1.226305,7256.7380
6s125-ands-opt.gates,hwmcc12_with_not,15232733,13211558,5806462,34250753,par_async,0,4,0.285987,0.459506,1.226305,1940.9859
6s125-ands-opt.gates,hwmcc12_with_not,15232733,13211558,5806462,34250753,par_async,1,4,0.285987,0.459506,1.226305,1912.2877
6s125-ands-opt.gates,hwmcc12_with_not,15232733,13211558,5806462,34250753,par_async,2,4,0.285987,0.459506,1.226305,1917.3213
6s125-ands-opt.gates,hwmcc12_with_not,15232733,13211558,5806462,34250753,par_async,3,4,0.285987,0.459506,1.226305,1905.7000
6s125-ands-opt.gates,hwmcc12_with_not,15232733,13211558,5806462,34250753,par_async,4,4,0.285987,0.459506,1.226305,1884.2892
6s125-xits-opt.gates,hwmcc12_with_not,14734601,10526836,3121730,28383167,par_close,0,4,0.293857,0.456997,1.065270,4967.6412
6s125-xits-opt.gates,hwmcc12_with_not,14734601,10526836,3121730,28383167,par_close,1,4,0.293857,0.456997,1.065270,5446.5520
6s125-xits-opt.gates,hwmcc12_with_not,14734601,10526836,3121730,28383167,par_close,2,4,0.293857,0.456997,1.065270,5747.8179
6s125-xits-opt.gates,hwmcc12_with_not,14734601,10526836,3121730,28383167,par_close,3,4,0.293857,0.456997,1.065270,5901.7402
6s125-xits-opt.gates,hwmcc12_with_not,14734601,10526836,3121730,28383167,par_close,4,4,0.293857,0.456997,1.065270,6021.1719
6s125-xits-opt.gates,hwmcc12_with_not,14734601,10526836,3121730,28383167,par_async,0,4,0.293857,0.456997,1.065270,1761.4752
6s125-xits-opt.gates,hwmcc12_with_not,14734601,10526836,3121730,28383167,par_async,1,4,0.293857,0.456997,1.065270,1793.2641
6s125-xits-opt.gates,hwmcc12_with_not,14734601,10526836,3121730,28383167,par_async,2,4,0.293857,0.456997,1.065270,1760.9095
6s125-xits-opt.gates,hwmcc12_with_not,14734601,10526836,3121730,28383167,par_async,3,4,0.293857,0.456997,1.065270,1816.1905
6s125-xits-opt.gates,hwmcc12_with_not,14734601,10526836,3121730,28383167,par_async,4,4,0.293857,0.456997,1.065270,1810.0462
6s163-ands-opt.gates,hwmcc12_with_not,6042399,5133510,2412539,13588448,par_close,0,4,0.075059,0.175755,0.446943,1976.6442
6s163-ands-opt.gates,hwmcc12_with_not,6042399,5133510,2412539,13588448,par_close,1,4,0.075059,0.175755,0.446943,2143.0788
6s163-ands-opt.gates,hwmcc12_with_not,6042399,5133510,2412539,13588448,par_close,2,4,0.075059,0.175755,0.446943,2217.1059
6s163-ands-opt.gates,hwmcc12_with_not,6042399,5133510,2412539,13588448,par_close,3,4,0.075059,0.175755,0.446943,2261.1487
6s163-ands-opt.gates,hwmcc12_with_not,6042399,5133510,2412539,13588448,par_close,4,4,0.075059,0.175755,0.446943,2308.3177
6s163-ands-opt.gates,hwmcc12_with_not,6042399,5133510,2412539,13588448,par_async,0,4,0.075059,0.175755,0.446943,1158.5181
6s163-ands-opt.gates,hwmcc12_with_not,6042399,5133510,2412539,13588448,par_async,1,4,0.075059,0.175755,0.446943,1173.5195
6s163-ands-opt.gates,hwmcc12_with_not,6042399,5133510,2412539,13588448,par_async,2,4,0.075059,0.175755,0.446943,1195.2634
6s163-ands-opt.gates,hwmcc12_with_not,6042399,5133510,2412539,13588448,par_async,3,4,0.075059,0.175755,0.446943,1130.5880
6s163-ands-opt.gates,hwmcc12_with_not,6042399,5133510,2412539,13588448,par_async,4,4,0.075059,0.175755,0.446943,1146.2579
6s163-xits-opt.gates,hwmcc12_with_not,5675417,3836213,1115222,10626852,par_close,0,4,0.071242,0.168195,0.393962,1510.8326
6s163-xits-opt.gates,hwmcc12_with_not,5675417,3836213,1115222,10626852,par_close,1,4,0.071242,0.168195,0.393962,1613.3929
6s163-xits-opt.gates,hwmcc12_with_not,5675417,3836213,1115222,10626852,par_close,2,4,0.071242,0.168195,0.393962,1669.6469
6s163-xits-opt.gates,hwmcc12_with_not,5675417,3836213,1115222,10626852,par_close,3,4,0.071242,0.168195,0.393962,1702.2054
6s163-xits-opt.gates,hwmcc12_with_not,5675417,3836213,1115222,10626852,par_close,4,4,0.071242,0.168195,0.393962,1740.6221
6s163-xits-opt.gates,hwmcc12_with_not,5675417,3836213,1115222,10626852,par_async,0,4,0.071242,0.168195,0.393962,6816.2071
6s163-xits-opt.gates,hwmcc12_with_not,5675417,3836213,1115222,10626852,par_async,1,4,0.071242,0.168195,0.393962,7096.2476
6s163-xits-opt.gates,hwmcc12_with_not,5675417,3836213,1115222,10626852,par_async,2,4,0.071242,0.168195,0.393962,6780.8765
6s163-xits-opt.gates,hwmcc12_with_not,5675417,3836213,1115222,10626852,par_async,3,4,0.071242,0.168195,0.393962,6789.7752
6s163-xits-opt.gates,hwmcc12_with_not,5675417,3836213,1115222,10626852,par_async,4,4,0.071242,0.168195,0.393962,6777.8641
h5m-n01-ands.gates,iwls22_with_not,1660156,1083431,499915,3243502,par_close,0,8,0.019652,0.026330,0.071973,211.6431
h5m-n01-ands.gates,iwls22_with_not,1660156,1083431,499915,3243502,par_close,1,8,0.019652,0.026330,0.071973,226.7165
h5m-n01-ands.gates,iwls22_with_not,1660156,1083431,499915,3243502,par_close,2,8,0.019652,0.026330,0.071973,232.9726
h5m-n01-ands.gates,iwls22_with_not,1660156,1083431,499915,3243502,par_close,3,8,0.019652,0.026330,0.071973,241.4064
h5m-n01-ands.gates,iwls22_with_not,1660156,1083431,499915,3243502,par_close,4,8,0.019652,0.026330,0.071973,243.6309
h5m-n01-ands.gates,iwls22_with_not,1660156,1083431,499915,3243502,par_async,0,8,0.019652,0.026330,0.071973,42.2126
h5m-n01-ands.gates,iwls22_with_not,1660156,1083431,499915,3243502,par_async,1,8,0.019652,0.026330,0.071973,41.9348
h5m-n01-ands.gates,iwls22_with_not,1660156,1083431,499915,3243502,par_async,2,8,0.019652,0.026330,0.071973,40.9623
h5m-n01-ands.gates,iwls22_with_not,1660156,1083431,499915,3243502,par_async,3,8,0.019652,0.026330,0.071973,41.1919
h5m-n01-ands.gates,iwls22_with_not,1660156,1083431,499915,3243502,par_async,4,8,0.019652,0.026330,0.071973,41.3176
h5m-n01-xits.gates,iwls22_with_not,1105612,613618,249946,1969176,par_close,0,8,0.013111,0.017643,0.045873,133.0934
h5m-n01-xits.gates,iwls22_with_not,1105612,613618,249946,1969176,par_close,1,8,0.013111,0.017643,0.045873,136.5407
h5m-n01-xits.gates,iwls22_with_not,1105612,613618,249946,1969176,par_close,2,8,0.013111,0.017643,0.045873,150.4414
h5m-n01-xits.gates,iwls22_with_not,1105612,613618,249946,1969176,par_close,3,8,0.013111,0.017643,0.045873,147.8586
h5m-n01-xits.gates,iwls22_with_not,1105612,613618,249946,1969176,par_close,4,8,0.013111,0.017643,0.045873,148.2735
h5m-n01-xits.gates,iwls22_with_not,1105612,613618,249946,1969176,par_async,0,8,0.013111,0.017643,0.045873,28.9841
h5m-n01-xits.gates,iwls22_with_not,1105612,613618,249946,1969176,par_async,1,8,0.013111,0.017643,0.045873,28.7043
h5m-n01-xits.gates,iwls22_with_not,1105612,613618,249946,1969176,par_async,2,8,0.013111,0.017643,0.045873,28.4776
h5m-n01-xits.gates,iwls22_with_not,1105612,613618,249946,1969176,par_async,3,8,0.013111,0.017643,0.045873,28.6241
h5m-n01-xits.gates,iwls22_with_not,1105612,613618,249946,1969176,par_async,4,8,0.013111,0.017643,0.045873,29.0803
h5m-n04-ands.gates,iwls22_with_not,1782230,1246980,573992,3603202,par_close,0,8,0.020589,0.027076,0.076584,254.8586
h5m-n04-ands.gates,iwls22_with_not,1782230,1246980,573992,3603202,par_close,1,8,0.020589,0.027076,0.076584,268.9576
h5m-n04-ands.gates,iwls22_with_not,1782230,1246980,573992,3603202,par_close,2,8,0.020589,0.027076,0.076584,275.0595
h5m-n04-ands.gates,iwls22_with_not,1782230,1246980,573992,3603202,par_close,3,8,0.020589,0.027076,0.076584,280.9959
h5m-n04-ands.gates,iwls22_with_not,1782230,1246980,573992,3603202,par_close,4,8,0.020589,0.027076,0.076584,287.6107
h5m-n04-ands.gates,iwls22_with_not,1782230,1246980,573992,3603202,par_async,0,8,0.020589,0.027076,0.076584,36.2872
h5m-n04-ands.gates,iwls22_with_not,1782230,1246980,573992,3603202,par_async,1,8,0.020589,0.027076,0.076584,35.2767
h5m-n04-ands.gates,iwls22_with_not,1782230,1246980,573992,3603202,par_async,2,8,0.020589,0.027076,0.076584,35.4749
h5m-n04-ands.gates,iwls22_with_not,1782230,1246980,573992,3603202,par_async,3,8,0.020589,0.027076,0.076584,35.0983
h5m-n04-ands.gates,iwls22_with_not,1782230,1246980,573992,3603202,par_async,4,8,0.020589,0.027076,0.076584,35.5983
h5m-n04-xits.gates,iwls22_with_not,1268358,707582,308278,2284218,par_close,0,8,0.015580,0.020170,0.050241,153.3433
h5m-n04-xits.gates,iwls22_with_not,1268358,707582,308278,2284218,par_close,1,8,0.015580,0.020170,0.050241,160.1105
h5m-n04-xits.gates,iwls22_with_not,1268358,707582,308278,2284218,par_close,2,8,0.015580,0.020170,0.050241,164.7234
h5m-n04-xits.gates,iwls22_with_not,1268358,707582,308278,2284218,par_close,3,8,0.015580,0.020170,0.050241,169.5005
h5m-n04-xits.gates,iwls22_with_not,1268358,707582,308278,2284218,par_close,4,8,0.015580,0.020170,0.050241,172.2232
h5m-n04-xits.gates,iwls22_with_not,1268358,707582,308278,2284218,par_async,0,8,0.015580,0.020170,0.050241,26.9853
h5m-n04-xits.gates,iwls22_with_not,1268358,707582,308278,2284218,par_async,1,8,0.015580,0.020170,0.050241,26.3087
h5m-n04-xits.gates,iwls22_with_not,1268358,707582,308278,2284218,par_async,2,8,0.015580,0.020170,0.050241,26.4410
h5m-n04-xits.gates,iwls22_with_not,1268358,707582,308278,2284218,par_async,3,8,0.015580,0.020170,0.050241,26.0373
h5m-n04-xits.gates,iwls22_with_not,1268358,707582,308278,2284218,par_async,4,8,0.015580,0.020170,0.050241,25.9510
h5m-n06-ands.gates,iwls22_with_not,4663996,3206860,1500349,9371205,par_close,0,8,0.051840,0.073669,0.207184,664.2846
h5m-n06-ands.gates,iwls22_with_not,4663996,3206860,1500349,9371205,par_close,1,8,0.051840,0.073669,0.207184,709.0328
h5m-n06-ands.gates,iwls22_with_not,4663996,3206860,1500349,9371205,par_close,2,8,0.051840,0.073669,0.207184,739.5965
h5m-n06-ands.gates,iwls22_with_not,4663996,3206860,1500349,9371205,par_close,3,8,0.051840,0.073669,0.207184,759.1211
h5m-n06-ands.gates,iwls22_with_not,4663996,3206860,1500349,9371205,par_close,4,8,0.051840,0.073669,0.207184,767.3361
h5m-n06-ands.gates,iwls22_with_not,4663996,3206860,1500349,9371205,par_async,0,8,0.051840,0.073669,0.207184,132.1788
h5m-n06-ands.gates,iwls22_with_not,4663996,3206860,1500349,9371205,par_async,1,8,0.051840,0.073669,0.207184,130.8510
h5m-n06-ands.gates,iwls22_with_not,4663996,3206860,1500349,9371205,par_async,2,8,0.051840,0.073669,0.207184,133.0483
h5m-n06-ands.gates,iwls22_with_not,4663996,3206860,1500349,9371205,par_async,3,8,0.051840,0.073669,0.207184,131.4977
h5m-n06-ands.gates,iwls22_with_not,4663996,3206860,1500349,9371205,par_async,4,8,0.051840,0.073669,0.207184,130.7210
h5m-n06-xits.gates,iwls22_with_not,3117439,1735829,729369,5582637,par_close,0,8,0.037781,0.050389,0.125752,376.9188
h5m-n06-xits.gates,iwls22_with_not,3117439,1735829,729369,5582637,par_close,1,8,0.037781,0.050389,0.125752,398.1535
h5m-n06-xits.gates,iwls22_with_not,3117439,1735829,729369,5582637,par_close,2,8,0.037781,0.050389,0.125752,416.8438
h5m-n06-xits.gates,iwls22_with_not,3117439,1735829,729369,5582637,par_close,3,8,0.037781,0.050389,0.125752,423.1949
h5m-n06-xits.gates,iwls22_with_not,3117439,1735829,729369,5582637,par_close,4,8,0.037781,0.050389,0.125752,429.6455
h5m-n06-xits.gates,iwls22_with_not,3117439,1735829,729369,5582637,par_async,0,8,0.037781,0.050389,0.125752,83.2168
h5m-n06-xits.gates,iwls22_with_not,3117439,1735829,729369,5582637,par_async,1,8,0.037781,0.050389,0.125752,81.6472
h5m-n06-xits.gates,iwls22_with_not,3117439,1735829,729369,5582637,par_async,2,8,0.037781,0.050389,0.125752,83.1690
h5m-n06-xits.gates,iwls22_with_not,3117439,1735829,729369,5582637,par_async,3,8,0.037781,0.050389,0.125752,82.8658
h5m-n06-xits.gates,iwls22_with_not,3117439,1735829,729369,5582637,par_async,4,8,0.037781,0.050389,0.125752,82.4458
h5m-test01-ands.gates,iwls22_with_not,1380000,1038141,465435,2883576,par_close,0,8,0.015835,0.022421,0.064961,202.8168
h5m-test01-ands.gates,iwls22_with_not,1380000,1038141,465435,2883576,par_close,1,8,0.015835,0.022421,0.064961,209.0488
h5m-test01-ands.gates,iwls22_with_not,1380000,1038141,465435,2883576,par_close,2,8,0.015835,0.022421,0.064961,212.8531
h5m-test01-ands.gates,iwls22_with_not,1380000,1038141,465435,2883576,par_close,3,8,0.015835,0.022421,0.064961,217.3247
h5m-test01-ands.gates,iwls22_with_not,1380000,1038141,465435,2883576,par_close,4,8,0.015835,0.022421,0.064961,219.3933
h5m-test01-ands.gates,iwls22_with_not,1380000,1038141,465435,2883576,par_async,0,8,0.015835,0.022421,0.064961,32.9808
h5m-test01-ands.gates,iwls22_with_not,1380000,1038141,465435,2883576,par_async,1,8,0.015835,0.022421,0.064961,32.7798
h5m-test01-ands.gates,iwls22_with_not,1380000,1038141,465435,2883576,par_async,2,8,0.015835,0.022421,0.064961,32.4316
h5m-test01-ands.gates,iwls22_with_not,1380000,1038141,465435,2883576,par_async,3,8,0.015835,0.022421,0.064961,32.6464
h5m-test01-ands.gates,iwls22_with_not,1380000,1038141,465435,2883576,par_async,4,8,0.015835,0.022421,0.064961,32.4608
h5m-test01-xits.gates,iwls22_with_not,1112914,589597,270675,1973186,par_close,0,8,0.013341,0.018585,0.044685,133.6597
h5m-test01-xits.gates,iwls22_with_not,1112914,589597,270675,1973186,par_close,1,8,0.013341,0.018585,0.044685,139.4995
h5m-test01-xits.gates,iwls22_with_not,1112914,589597,270675,1973186,par_close,2,8,0.013341,0.018585,0.044685,142.0011
h5m-test01-xits.gates,iwls22_with_not,1112914,589597,270675,1973186,par_close,3,8,0.013341,0.018585,0.044685,145.5452
h5m-test01-xits.gates,iwls22_with_not,1112914,589597,270675,1973186,par_close,4,8,0.013341,0.018585,0.044685,146.9128
h5m-test01-xits.gates,iwls22_with_not,1112914,589597,270675,1973186,par_async,0,8,0.013341,0.018585,0.044685,25.3404
h5m-test01-xits.gates,iwls22_with_not,1112914,589597,270675,1973186,par_async,1,8,0.013341,0.018585,0.044685,24.1966
h5m-test01-xits.gates,iwls22_with_not,1112914,589597,270675,1973186,par_async,2,8,0.013341,0.018585,0.044685,24.2138
h5m-test01-xits.gates,iwls22_with_not,1112914,589597,270675,1973186,par_async,3,8,0.013341,0.018585,0.044685,24.4908
h5m-test01-xits.gates,iwls22_with_not,1112914,589597,270675,1973186,par_async,4,8,0.013341,0.018585,0.044685,24.1960
h5m-test02-ands.gates,iwls22_with_not,3476413,2446158,984808,6907379,par_close,0,8,0.043527,0.055442,0.152054,474.3533
h5m-test02-ands.gates,iwls22_with_not,3476413,2446158,984808,6907379,par_close,1,8,0.043527,0.055442,0.152054,495.6716
h5m-test02-ands.gates,iwls22_with_not,3476413,2446158,984808,6907379,par_close,2,8,0.043527,0.055442,0.152054,510.4855
h5m-test02-ands.gates,iwls22_with_not,3476413,2446158,984808,6907379,par_close,3,8,0.043527,0.055442,0.152054,520.2937
h5m-test02-ands.gates,iwls22_with_not,3476413,2446158,984808,6907379,par_close,4,8,0.043527,0.055442,0.152054,529.4864
h5m-test02-ands.gates,iwls22_with_not,3476413,2446158,984808,6907379,par_async,0,8,0.043527,0.055442,0.152054,86.9850
h5m-test02-ands.gates,iwls22_with_not,3476413,2446158,984808,6907379,par_async,1,8,0.043527,0.055442,0.152054,87.4067
h5m-test02-ands.gates,iwls22_with_not,3476413,2446158,984808,6907379,par_async,2,8,0.043527,0.055442,0.152054,87.2176
h5m-test02-ands.gates,iwls22_with_not,3476413,2446158,984808,6907379,par_async,3,8,0.043527,0.055442,0.152054,88.1020
h5m-test02-ands.gates,iwls22_with_not,3476413,2446158,984808,6907379,par_async,4,8,0.043527,0.055442,0.152054,88.2737
h5m-test02-xits.gates,iwls22_with_not,2740997,1336652,613910,4691559,par_close,0,8,0.033950,0.046077,0.104185,315.7297
h5m-test02-xits.gates,iwls22_with_not,2740997,1336652,613910,4691559,par_close,1,8,0.033950,0.046077,0.104185,328.6126
h5m-test02-xits.gates,iwls22_with_not,2740997,1336652,613910,4691559,par_close,2,8,0.033950,0.046077,0.104185,343.2377
h5m-test02-xits.gates,iwls22_with_not,2740997,1336652,613910,4691559,par_close,3,8,0.033950,0.046077,0.104185,350.7819
h5m-test02-xits.gates,iwls22_with_not,2740997,1336652,613910,4691559,par_close,4,8,0.033950,0.046077,0.104185,357.8870
h5m-test02-xits.gates,iwls22_with_not,2740997,1336652,613910,4691559,par_async,0,8,0.033950,0.046077,0.104185,77.1470
h5m-test02-xits.gates,iwls22_with_not,2740997,1336652,613910,4691559,par_async,1,8,0.033950,0.046077,0.104185,76.4806
h5m-test02-xits.gates,iwls22_with_not,2740997,1336652,613910,4691559,par_async,2,8,0.033950,0.046077,0.104185,76.1466
h5m-test02-xits.gates,iwls22_with_not,2740997,1336652,613910,4691559,par_async,3,8,0.033950,0.046077,0.104185,75.3705
h5m-test02-xits.gates,iwls22_with_not,2740997,1336652,613910,4691559,par_async,4,8,0.033950,0.046077,0.104185,76.3950
6s100-ands-opt.gates,hwmcc12_with_not,3442638,3040530,1304136,7787304,par_close,0,8,0.045922,0.056025,0.176865,590.5848
6s100-ands-opt.gates,hwmcc12_with_not,3442638,3040530,1304136,7787304,par_close,1,8,0.045922,0.056025,0.176865,617.6574
6s100-ands-opt.gates,hwmcc12_with_not,3442638,3040530,1304136,7787304,par_close,2,8,0.045922,0.056025,0.176865,632.5306
6s100-ands-opt.gates,hwmcc12_with_not,3442638,3040530,1304136,7787304,par_close,3,8,0.045922,0.056025,0.176865,647.3786
6s100-ands-opt.gates,hwmcc12_with_not,3442638,3040530,1304136,7787304,par_close,4,8,0.045922,0.056025,0.176865,656.3242
6s100-ands-opt.gates,hwmcc12_with_not,3442638,3040530,1304136,7787304,par_async,0,8,0.045922,0.056025,0.176865,203.9198
6s100-ands-opt.gates,hwmcc12_with_not,3442638,3040530,1304136,7787304,par_async,1,8,0.045922,0.056025,0.176865,203.8143
6s100-ands-opt.gates,hwmcc12_with_not,3442638,3040530,1304136,7787304,par_async,2,8,0.045922,0.056025,0.176865,206.5211
6s100-ands-opt.gates,hwmcc12_with_not,3442638,3040530,1304136,7787304,par_async,3,8,0.045922,0.056025,0.176865,208.2449
6s100-ands-opt.gates,hwmcc12_with_not,3442638,3040530,1304136,7787304,par_async,4,8,0.045922,0.056025,0.176865,205.5955
6s100-xits-opt.gates,hwmcc12_with_not,3435519,2571412,835018,6841949,par_close,0,8,0.044138,0.056403,0.158673,530.1743
6s100-xits-opt.gates,hwmcc12_with_not,3435519,2571412,835018,6841949,par_close,1,8,0.044138,0.056403,0.158673,559.9611
6s100-xits-opt.gates,hwmcc12_with_not,3435519,2571412,835018,6841949,par_close,2,8,0.044138,0.056403,0.158673,577.3271
6s100-xits-opt.gates,hwmcc12_with_not,3435519,2571412,835018,6841949,par_close,3,8,0.044138,0.056403,0.158673,585.9545
6s100-xits-opt.gates,hwmcc12_with_not,3435519,2571412,835018,6841949,par_close,4,8,0.044138,0.056403,0.158673,592.3943
6s100-xits-opt.gates,hwmcc12_with_not,3435519,2571412,835018,6841949,par_async,0,8,0.044138,0.056403,0.158673,202.5913
6s100-xits-opt.gates,hwmcc12_with_not,3435519,2571412,835018,6841949,par_async,1,8,0.044138,0.056403,0.158673,200.0614
6s100-xits-opt.gates,hwmcc12_with_not,3435519,2571412,835018,6841949,par_async,2,8,0.044138,0.056403,0.158673,200.9800
6s100-xits-opt.gates,hwmcc12_with_not,3435519,2571412,835018,6841949,par_async,3,8,0.044138,0.056403,0.158673,202.3491
6s100-xits-opt.gates,hwmcc12_with_not,3435519,2571412,835018,6841949,par_async,4,8,0.044138,0.056403,0.158673,200.6861
6s104-ands-opt.gates,hwmcc12_with_not,5408579,4624476,2055360,12088415,par_close,0,8,0.062522,0.087749,0.267117,940.3765
6s104-ands-opt.gates,hwmcc12_with_not,5408579,4624476,2055360,12088415,par_close,1,8,0.062522,0.087749,0.267117,986.9594
6s104-ands-opt.gates,hwmcc12_with_not,5408579,4624476,2055360,12088415,par_close,2,8,0.062522,0.087749,0.267117,1019.6856
6s104-ands-opt.gates,hwmcc12_with_not,5408579,4624476,2055360,12088415,par_close,3,8,0.062522,0.087749,0.267117,1043.8493
6s104-ands-opt.gates,hwmcc12_with_not,5408579,4624476,2055360,12088415,par_close,4,8,0.062522,0.087749,0.267117,1057.0678
6s104-ands-opt.gates,hwmcc12_with_not,5408579,4624476,2055360,12088415,par_async,0,8,0.062522,0.087749,0.267117,4724.4293
6s104-ands-opt.gates,hwmcc12_with_not,5408579,4624476,2055360,12088415,par_async,1,8,0.062522,0.087749,0.267117,4852.2644
6s104-ands-opt.gates,hwmcc12_with_not,5408579,4624476,2055360,12088415,par_async,2,8,0.062522,0.087749,0.267117,4836.0645
6s104-ands-opt.gates,hwmcc12_with_not,5408579,4624476,2055360,12088415,par_async,3,8,0.062522,0.087749,0.267117,4741.7137
6s104-ands-opt.gates,hwmcc12_with_not,5408579,4624476,2055360,12088415,par_async,4,8,0.062522,0.087749,0.267117,4657.1565
6s104-xits-opt.gates,hwmcc12_with_not,5454645,3893762,1312166,10660573,par_close,0,8,0.071112,0.091448,0.249765,816.3336
6s104-xits-opt.gates,hwmcc12_with_not,5454645,3893762,1312166,10660573,par_close,1,8,0.071112,0.091448,0.249765,863.3826
6s104-xits-opt.gates,hwmcc12_with_not,5454645,3893762,1312166,10660573,par_close,2,8,0.071112,0.091448,0.249765,906.9702
6s104-xits-opt.gates,hwmcc12_with_not,5454645,3893762,1312166,10660573,par_close,3,8,0.071112,0.091448,0.249765,931.2988
6s104-xits-opt.gates,hwmcc12_with_not,5454645,3893762,1312166,10660573,par_close,4,8,0.071112,0.091448,0.249765,942.3873
6s104-xits-opt.gates,hwmcc12_with_not,5454645,3893762,1312166,10660573,par_async,0,8,0.071112,0.091448,0.249765,6128.4615
6s104-xits-opt.gates,hwmcc12_with_not,5454645,3893762,1312166,10660573,par_async,1,8,0.071112,0.091448,0.249765,6106.7900
6s104-xits-opt.gates,hwmcc12_with_not,5454645,3893762,1312166,10660573,par_async,2,8,0.071112,0.091448,0.249765,6156.1366
6s104-xits-opt.gates,hwmcc12_with_not,5454645,3893762,1312166,10660573,par_async,3,8,0.071112,0.091448,0.249765,6141.3846
6s104-xits-opt.gates,hwmcc12_with_not,5454645,3893762,1312166,10660573,par_async,4,8,0.071112,0.091448,0.249765,6200.7175
6s114-ands-opt.gates,hwmcc12_with_not,4017244,3710951,1561263,9289458,par_close,0,8,0.051394,0.065537,0.212372,684.8065
6s114-ands-opt.gates,hwmcc12_with_not,4017244,3710951,1561263,9289458,par_close,1,8,0.051394,0.065537,0.212372,734.6732
6s114-ands-opt.gates,hwmcc12_with_not,4017244,3710951,1561263,9289458,par_close,2,8,0.051394,0.065537,0.212372,754.1199
6s114-ands-opt.gates,hwmcc12_with_not,4017244,3710951,1561263,9289458,par_close,3,8,0.051394,0.065537,0.212372,768.3076
6s114-ands-opt.gates,hwmcc12_with_not,4017244,3710951,1561263,9289458,par_close,4,8,0.051394,0.065537,0.212372,779.3034
6s114-ands-opt.gates,hwmcc12_with_not,4017244,3710951,1561263,9289458,par_async,0,8,0.051394,0.065537,0.212372,371.6875
6s114-ands-opt.gates,hwmcc12_with_not,4017244,3710951,1561263,9289458,par_async,1,8,0.051394,0.065537,0.212372,372.8388
6s114-ands-opt.gates,hwmcc12_with_not,4017244,3710951,1561263,9289458,par_async,2,8,0.051394,0.065537,0.212372,365.8823
6s114-ands-opt.gates,hwmcc12_with_not,4017244,3710951,1561263,9289458,par_async,3,8,0.051394,0.065537,0.212372,372.1949
6s114-ands-opt.gates,hwmcc12_with_not,4017244,3710951,1561263,9289458,par_async,4,8,0.051394,0.065537,0.212372,363.7522
6s114-xits-opt.gates,hwmcc12_with_not,4390625,3211512,1061874,8664011,par_close,0,8,0.057691,0.072752,0.201316,676.6078
6s114-xits-opt.gates,hwmcc12_with_not,4390625,3211512,1061874,8664011,par_close,1,8,0.057691,0.072752,0.201316,715.6503
6s114-xits-opt.gates,hwmcc12_with_not,4390625,3211512,1061874,8664011,par_close,2,8,0.057691,0.072752,0.201316,735.8576
6s114-xits-opt.gates,hwmcc12_with_not,4390625,3211512,1061874,8664011,par_close,3,8,0.057691,0.072752,0.201316,748.2010
6s114-xits-opt.gates,hwmcc12_with_not,4390625,3211512,1061874,8664011,par_close,4,8,0.057691,0.072752,0.201316,760.8612
6s114-xits-opt.gates,hwmcc12_with_not,4390625,3211512,1061874,8664011,par_async,0,8,0.057691,0.072752,0.201316,677.2934
6s114-xits-opt.gates,hwmcc12_with_not,4390625,3211512,1061874,8664011,par_async,1,8,0.057691,0.072752,0.201316,675.3560
6s114-xits-opt.gates,hwmcc12_with_not,4390625,3211512,1061874,8664011,par_async,2,8,0.057691,0.072752,0.201316,676.7422
6s114-xits-opt.gates,hwmcc12_with_not,4390625,3211512,1061874,8664011,par_async,3,8,0.057691,0.072752,0.201316,677.0983
6s114-xits-opt.gates,hwmcc12_with_not,4390625,3211512,1061874,8664011,par_async,4,8,0.057691,0.072752,0.201316,673.7963
6s117-ands-opt.gates,hwmcc12_with_not,2213528,1880426,831949,4925903,par_close,0,8,0.025069,0.035502,0.113747,346.8039
6s117-ands-opt.gates,hwmcc12_with_not,2213528,1880426,831949,4925903,par_close,1,8,0.025069,0.035502,0.113747,366.9405
6s117-ands-opt.gates,hwmcc12_with_not,2213528,1880426,831949,4925903,par_close,2,8,0.025069,0.035502,0.113747,376.8058
6s117-ands-opt.gates,hwmcc12_with_not,2213528,1880426,831949,4925903,par_close,3,8,0.025069,0.035502,0.113747,392.8435
6s117-ands-opt.gates,hwmcc12_with_not,2213528,1880426,831949,4925903,par_close,4,8,0.025069,0.035502,0.113747,397.9974
6s117-ands-opt.gates,hwmcc12_with_not,2213528,1880426,831949,4925903,par_async,0,8,0.025069,0.035502,0.113747,240.9445
6s117-ands-opt.gates,hwmcc12_with_not,2213528,1880426,831949,4925903,par_async,1,8,0.025069,0.035502,0.113747,233.5768
6s117-ands-opt.gates,hwmcc12_with_not,2213528,1880426,831949,4925903,par_async,2,8,0.025069,0.035502,0.113747,234.8957
6s117-ands-opt.gates,hwmcc12_with_not,2213528,1880426,831949,4925903,par_async,3,8,0.025069,0.035502,0.113747,231.8652
6s117-ands-opt.gates,hwmcc12_with_not,2213528,1880426,831949,4925903,par_async,4,8,0.025069,0.035502,0.113747,236.7202
6s117-xits-opt.gates,hwmcc12_with_not,2292599,1588740,540263,4421602,par_close,0,8,0.025958,0.037436,0.104528,325.9360
6s117-xits-opt.gates,hwmcc12_with_not,2292599,1588740,540263,4421602,par_close,1,8,0.025958,0.037436,0.104528,343.5900
6s117-xits-opt.gates,hwmcc12_with_not,2292599,1588740,540263,4421602,par_close,2,8,0.025958,0.037436,0.104528,356.7044
6s117-xits-opt.gates,hwmcc12_with_not,2292599,1588740,540263,4421602,par_close,3,8,0.025958,0.037436,0.104528,360.0567
6s117-xits-opt.gates,hwmcc12_with_not,2292599,1588740,540263,4421602,par_close,4,8,0.025958,0.037436,0.104528,365.8961
6s117-xits-opt.gates,hwmcc12_with_not,2292599,1588740,540263,4421602,par_async,0,8,0.025958,0.037436,0.104528,390.5998
6s117-xits-opt.gates,hwmcc12_with_not,2292599,1588740,540263,4421602,par_async,1,8,0.025958,0.037436,0.104528,389.7397
6s117-xits-opt.gates,hwmcc12_with_not,2292599,1588740,540263,4421602,par_async,2,8,0.025958,0.037436,0.104528,393.6579
6s117-xits-opt.gates,hwmcc12_with_not,2292599,1588740,540263,4421602,par_async,3,8,0.025958,0.037436,0.104528,386.5981
6s117-xits-opt.gates,hwmcc12_with_not,2292599,1588740,540263,4421602,par_async,4,8,0.025958,0.037436,0.104528,391.3327
6s125-ands-opt.gates,hwmcc12_with_not,15232733,13211558,5806462,34250753,par_close,0,8,0.288141,0.254068,0.774827,3196.9485
6s125-ands-opt.gates,hwmcc12_with_not,15232733,13211558,5806462,34250753,par_close,1,8,0.288141,0.254068,0.774827,3358.8012
6s125-ands-opt.gates,hwmcc12_with_not,15232733,13211558,5806462,34250753,par_close,2,8,0.288141,0.254068,0.774827,3484.6035
6s125-ands-opt.gates,hwmcc12_with_not,15232733,13211558,5806462,34250753,par_close,3,8,0.288141,0.254068,0.774827,3610.6603
6s125-ands-opt.gates,hwmcc12_with_not,15232733,13211558,5806462,34250753,par_close,4,8,0.288141,0.254068,0.774827,3680.0311
6s125-ands-opt.gates,hwmcc12_with_not,15232733,13211558,5806462,34250753,par_async,0,8,0.288141,0.254068,0.774827,998.6626
6s125-ands-opt.gates,hwmcc12_with_not,15232733,13211558,5806462,34250753,par_async,1,8,0.288141,0.254068,0.774827,978.5050
6s125-ands-opt.gates,hwmcc12_with_not,15232733,13211558,5806462,34250753,par_async,2,8,0.288141,0.254068,0.774827,950.0348
6s125-ands-opt.gates,hwmcc12_with_not,15232733,13211558,5806462,34250753,par_async,3,8,0.288141,0.254068,0.774827,992.5168
6s125-ands-opt.gates,hwmcc12_with_not,15232733,13211558,5806462,34250753,par_async,4,8,0.288141,0.254068,0.774827,977.7587
6s125-xits-opt.gates,hwmcc12_with_not,14734601,10526836,3121730,28383167,par_close,0,8,0.295430,0.250042,0.657427,2598.5099
6s125-xits-opt.gates,hwmcc12_with_not,14734601,10526836,3121730,28383167,par_close,1,8,0.295430,0.250042,0.657427,2792.6691
6s125-xits-opt.gates,hwmcc12_with_not,14734601,10526836,3121730,28383167,par_close,2,8,0.295430,0.250042,0.657427,2916.6139
6s125-xits-opt.gates,hwmcc12_with_not,14734601,10526836,3121730,28383167,par_close,3,8,0.295430,0.250042,0.657427,3006.3840
6s125-xits-opt.gates,hwmcc12_with_not,14734601,10526836,3121730,28383167,par_close,4,8,0.295430,0.250042,0.657427,3066.4238
6s125-xits-opt.gates,hwmcc12_with_not,14734601,10526836,3121730,28383167,par_async,0,8,0.295430,0.250042,0.657427,892.0313
6s125-xits-opt.gates,hwmcc12_with_not,14734601,10526836,3121730,28383167,par_async,1,8,0.295430,0.250042,0.657427,908.3826
6s125-xits-opt.gates,hwmcc12_with_not,14734601,10526836,3121730,28383167,par_async,2,8,0.295430,0.250042,0.657427,895.5504
6s125-xits-opt.gates,hwmcc12_with_not,14734601,10526836,3121730,28383167,par_async,3,8,0.295430,0.250042,0.657427,884.0056
6s125-xits-opt.gates,hwmcc12_with_not,14734601,10526836,3121730,28383167,par_async,4,8,0.295430,0.250042,0.657427,892.2033
6s163-ands-opt.gates,hwmcc12_with_not,6042399,5133510,2412539,13588448,par_close,0,8,0.078840,0.096781,0.298123,1036.4594
6s163-ands-opt.gates,hwmcc12_with_not,6042399,5133510,2412539,13588448,par_close,1,8,0.078840,0.096781,0.298123,1096.6094
6s163-ands-opt.gates,hwmcc12_with_not,6042399,5133510,2412539,13588448,par_close,2,8,0.078840,0.096781,0.298123,1135.1933
6s163-ands-opt.gates,hwmcc12_with_not,6042399,5133510,2412539,13588448,par_close,3,8,0.078840,0.096781,0.298123,1167.5175
6s163-ands-opt.gates,hwmcc12_with_not,6042399,5133510,2412539,13588448,par_close,4,8,0.078840,0.096781,0.298123,1191.9219
6s163-ands-opt.gates,hwmcc12_with_not,6042399,5133510,2412539,13588448,par_async,0,8,0.078840,0.096781,0.298123,588.4097
6s163-ands-opt.gates,hwmcc12_with_not,6042399,5133510,2412539,13588448,par_async,1,8,0.078840,0.096781,0.298123,625.3152
6s163-ands-opt.gates,hwmcc12_with_not,6042399,5133510,2412539,13588448,par_async,2,8,0.078840,0.096781,0.298123,603.7747
6s163-ands-opt.gates,hwmcc12_with_not,6042399,5133510,2412539,13588448,par_async,3,8,0.078840,0.096781,0.298123,593.8059
6s163-ands-opt.gates,hwmcc12_with_not,6042399,5133510,2412539,13588448,par_async,4,8,0.078840,0.096781,0.298123,597.9230
6s163-xits-opt.gates,hwmcc12_with_not,5675417,3836213,1115222,10626852,par_close,0,8,0.070713,0.092773,0.258046,799.2175
6s163-xits-opt.gates,hwmcc12_with_not,5675417,3836213,1115222,10626852,par_close,1,8,0.070713,0.092773,0.258046,834.4567
6s163-xits-opt.gates,hwmcc12_with_not,5675417,3836213,1115222,10626852,par_close,2,8,0.070713,0.092773,0.258046,872.1742
6s163-xits-opt.gates,hwmcc12_with_not,5675417,3836213,1115222,10626852,par_close,3,8,0.070713,0.092773,0.258046,892.9895
6s163-xits-opt.gates,hwmcc12_with_not,5675417,3836213,1115222,10626852,par_close,4,8,0.070713,0.092773,0.258046,905.9715
6s163-xits-opt.gates,hwmcc12_with_not,5675417,3836213,1115222,10626852,par_async,0,8,0.070713,0.092773,0.258046,3485.4742
6s163-xits-opt.gates,hwmcc12_with_not,5675417,3836213,1115222,10626852,par_async,1,8,0.070713,0.092773,0.258046,3459.4539
6s163-xits-opt.gates,hwmcc12_with_not,5675417,3836213,1115222,10626852,par_async,2,8,0.070713,0.092773,0.258046,3602.9407
6s163-xits-opt.gates,hwmcc12_with_not,5675417,3836213,1115222,10626852,par_async,3,8,0.070713,0.092773,0.258046,3475.4359
6s163-xits-opt.gates,hwmcc12_with_not,5675417,3836213,1115222,10626852,par_async,4,8,0.070713,0.092773,0.258046,3379.8049
h5m-n01-ands.gates,iwls22_with_not,1660156,1083431,499915,3243502,par_close,0,16,0.020287,0.018968,0.055679,116.1331
h5m-n01-ands.gates,iwls22_with_not,1660156,1083431,499915,3243502,par_close,1,16,0.020287,0.018968,0.055679,128.0129
h5m-n01-ands.gates,iwls22_with_not,1660156,1083431,499915,3243502,par_close,2,16,0.020287,0.018968,0.055679,127.8609
h5m-n01-ands.gates,iwls22_with_not,1660156,1083431,499915,3243502,par_close,3,16,0.020287,0.018968,0.055679,129.1980
h5m-n01-ands.gates,iwls22_with_not,1660156,1083431,499915,3243502,par_close,4,16,0.020287,0.018968,0.055679,131.9427
h5m-n01-ands.gates,iwls22_with_not,1660156,1083431,499915,3243502,par_async,0,16,0.020287,0.018968,0.055679,22.2657
h5m-n01-ands.gates,iwls22_with_not,1660156,1083431,499915,3243502,par_async,1,16,0.020287,0.018968,0.055679,22.3461
h5m-n01-ands.gates,iwls22_with_not,1660156,1083431,499915,3243502,par_async,2,16,0.020287,0.018968,0.055679,21.7303
h5m-n01-ands.gates,iwls22_with_not,1660156,1083431,499915,3243502,par_async,3,16,0.020287,0.018968,0.055679,22.5553
h5m-n01-ands.gates,iwls22_with_not,1660156,1083431,499915,3243502,par_async,4,16,0.020287,0.018968,0.055679,22.2210
h5m-n01-xits.gates,iwls22_with_not,1105612,613618,249946,1969176,par_close,0,16,0.013552,0.013336,0.032536,73.7066
h5m-n01-xits.gates,iwls22_with_not,1105612,613618,249946,1969176,par_close,1,16,0.013552,0.013336,0.032536,75.8677
h5m-n01-xits.gates,iwls22_with_not,1105612,613618,249946,1969176,par_close,2,16,0.013552,0.013336,0.032536,77.7148
h5m-n01-xits.gates,iwls22_with_not,1105612,613618,249946,1969176,par_close,3,16,0.013552,0.013336,0.032536,81.1840
h5m-n01-xits.gates,iwls22_with_not,1105612,613618,249946,1969176,par_close,4,16,0.013552,0.013336,0.032536,81.2406
h5m-n01-xits.gates,iwls22_with_not,1105612,613618,249946,1969176,par_async,0,16,0.013552,0.013336,0.032536,15.5776
h5m-n01-xits.gates,iwls22_with_not,1105612,613618,249946,1969176,par_async,1,16,0.013552,0.013336,0.032536,15.9197
h5m-n01-xits.gates,iwls22_with_not,1105612,613618,249946,1969176,par_async,2,16,0.013552,0.013336,0.032536,16.3367
h5m-n01-xits.gates,iwls22_with_not,1105612,613618,249946,1969176,par_async,3,16,0.013552,0.013336,0.032536,15.7597
h5m-n01-xits.gates,iwls22_with_not,1105612,613618,249946,1969176,par_async,4,16,0.013552,0.013336,0.032536,15.8806
h5m-n04-ands.gates,iwls22_with_not,1782230,1246980,573992,3603202,par_close,0,16,0.021241,0.019769,0.056726,142.2507
h5m-n04-ands.gates,iwls22_with_not,1782230,1246980,573992,3603202,par_close,1,16,0.021241,0.019769,0.056726,149.2795
h5m-n04-ands.gates,iwls22_with_not,1782230,1246980,573992,3603202,par_close,2,16,0.021241,0.019769,0.056726,153.1232
h5m-n04-ands.gates,iwls22_with_not,1782230,1246980,573992,3603202,par_close,3,16,0.021241,0.019769,0.056726,157.0789
h5m-n04-ands.gates,iwls22_with_not,1782230,1246980,573992,3603202,par_close,4,16,0.021241,0.019769,0.056726,158.0783
h5m-n04-ands.gates,iwls22_with_not,1782230,1246980,573992,3603202,par_async,0,16,0.021241,0.019769,0.056726,19.5575
h5m-n04-ands.gates,iwls22_with_not,1782230,1246980,573992,3603202,par_async,1,16,0.021241,0.019769,0.056726,18.4733
h5m-n04-ands.gates,iwls22_with_not,1782230,1246980,573992,3603202,par_async,2,16,0.021241,0.019769,0.056726,18.5957
h5m-n04-ands.gates,iwls22_with_not,1782230,1246980,573992,3603202,par_async,3,16,0.021241,0.019769,0.056726,18.4090
h5m-n04-ands.gates,iwls22_with_not,1782230,1246980,573992,3603202,par_async,4,16,0.021241,0.019769,0.056726,18.5669
h5m-n04-xits.gates,iwls22_with_not,1268358,707582,308278,2284218,par_close,0,16,0.015681,0.014473,0.040028,87.4294
h5m-n04-xits.gates,iwls22_with_not,1268358,707582,308278,2284218,par_close,1,16,0.015681,0.014473,0.040028,92.4529
h5m-n04-xits.gates,iwls22_with_not,1268358,707582,308278,2284218,par_close,2,16,0.015681,0.014473,0.040028,94.6809
h5m-n04-xits.gates,iwls22_with_not,1268358,707582,308278,2284218,par_close,3,16,0.015681,0.014473,0.040028,96.7199
h5m-n04-xits.gates,iwls22_with_not,1268358,707582,308278,2284218,par_close,4,16,0.015681,0.014473,0.040028,96.7490
h5m-n04-xits.gates,iwls22_with_not,1268358,707582,308278,2284218,par_async,0,16,0.015681,0.014473,0.040028,13.8993
h5m-n04-xits.gates,iwls22_with_not,1268358,707582,308278,2284218,par_async,1,16,0.015681,0.014473,0.040028,14.1153
h5m-n04-xits.gates,iwls22_with_not,1268358,707582,308278,2284218,par_async,2,16,0.015681,0.014473,0.040028,14.0635
h5m-n04-xits.gates,iwls22_with_not,1268358,707582,308278,2284218,par_async,3,16,0.015681,0.014473,0.040028,13.6725
h5m-n04-xits.gates,iwls22_with_not,1268358,707582,308278,2284218,par_async,4,16,0.015681,0.014473,0.040028,14.2719
h5m-n06-ands.gates,iwls22_with_not,4663996,3206860,1500349,9371205,par_close,0,16,0.055346,0.050930,0.150989,351.7875
h5m-n06-ands.gates,iwls22_with_not,4663996,3206860,1500349,9371205,par_close,1,16,0.055346,0.050930,0.150989,373.4527
h5m-n06-ands.gates,iwls22_with_not,4663996,3206860,1500349,9371205,par_close,2,16,0.055346,0.050930,0.150989,385.4034
h5m-n06-ands.gates,iwls22_with_not,4663996,3206860,1500349,9371205,par_close,3,16,0.055346,0.050930,0.150989,397.6499
h5m-n06-ands.gates,iwls22_with_not,4663996,3206860,1500349,9371205,par_close,4,16,0.055346,0.050930,0.150989,408.9295
h5m-n06-ands.gates,iwls22_with_not,4663996,3206860,1500349,9371205,par_async,0,16,0.055346,0.050930,0.150989,69.4583
h5m-n06-ands.gates,iwls22_with_not,4663996,3206860,1500349,9371205,par_async,1,16,0.055346,0.050930,0.150989,68.6445
h5m-n06-ands.gates,iwls22_with_not,4663996,3206860,1500349,9371205,par_async,2,16,0.055346,0.050930,0.150989,68.1933
h5m-n06-ands.gates,iwls22_with_not,4663996,3206860,1500349,9371205,par_async,3,16,0.055346,0.050930,0.150989,68.1031
h5m-n06-ands.gates,iwls22_with_not,4663996,3206860,1500349,9371205,par_async,4,16,0.055346,0.050930,0.150989,68.8938
h5m-n06-xits.gates,iwls22_with_not,3117439,1735829,729369,5582637,par_close,0,16,0.036676,0.035321,0.092944,203.6779
h5m-n06-xits.gates,iwls22_with_not,3117439,1735829,729369,5582637,par_close,1,16,0.036676,0.035321,0.092944,212.5969
h5m-n06-xits.gates,iwls22_with_not,3117439,1735829,729369,5582637,par_close,2,16,0.036676,0.035321,0.092944,217.5630
h5m-n06-xits.gates,iwls22_with_not,3117439,1735829,729369,5582637,par_close,3,16,0.036676,0.035321,0.092944,220.7751
h5m-n06-xits.gates,iwls22_with_not,3117439,1735829,729369,5582637,par_close,4,16,0.036676,0.035321,0.092944,229.5125
h5m-n06-xits.gates,iwls22_with_not,3117439,1735829,729369,5582637,par_async,0,16,0.036676,0.035321,0.092944,42.9604
h5m-n06-xits.gates,iwls22_with_not,3117439,1735829,729369,5582637,par_async,1,16,0.036676,0.035321,0.092944,44.0001
h5m-n06-xits.gates,iwls22_with_not,3117439,1735829,729369,5582637,par_async,2,16,0.036676,0.035321,0.092944,42.4717
h5m-n06-xits.gates,iwls22_with_not,3117439,1735829,729369,5582637,par_async,3,16,0.036676,0.035321,0.092944,43.0456
h5m-n06-xits.gates,iwls22_with_not,3117439,1735829,729369,5582637,par_async,4,16,0.036676,0.035321,0.092944,43.8349
h5m-test01-ands.gates,iwls22_with_not,1380000,1038141,465435,2883576,par_close,0,16,0.016074,0.015835,0.050313,112.3784
h5m-test01-ands.gates,iwls22_with_not,1380000,1038141,465435,2883576,par_close,1,16,0.016074,0.015835,0.050313,115.8539
h5m-test01-ands.gates,iwls22_with_not,1380000,1038141,465435,2883576,par_close,2,16,0.016074,0.015835,0.050313,120.7826
h5m-test01-ands.gates,iwls22_with_not,1380000,1038141,465435,2883576,par_close,3,16,0.016074,0.015835,0.050313,121.7309
h5m-test01-ands.gates,iwls22_with_not,1380000,1038141,465435,2883576,par_close,4,16,0.016074,0.015835,0.050313,123.7938
h5m-test01-ands.gates,iwls22_with_not,1380000,1038141,465435,2883576,par_async,0,16,0.016074,0.015835,0.050313,18.0082
h5m-test01-ands.gates,iwls22_with_not,1380000,1038141,465435,2883576,par_async,1,16,0.016074,0.015835,0.050313,17.3179
h5m-test01-ands.gates,iwls22_with_not,1380000,1038141,465435,2883576,par_async,2,16,0.016074,0.015835,0.050313,17.2160
h5m-test01-ands.gates,iwls22_with_not,1380000,1038141,465435,2883576,par_async,3,16,0.016074,0.015835,0.050313,17.7017
h5m-test01-ands.gates,iwls22_with_not,1380000,1038141,465435,2883576,par_async,4,16,0.016074,0.015835,0.050313,16.9403
h5m-test01-xits.gates,iwls22_with_not,1112914,589597,270675,1973186,par_close,0,16,0.014066,0.012815,0.032313,73.1260
h5m-test01-xits.gates,iwls22_with_not,1112914,589597,270675,1973186,par_close,1,16,0.014066,0.012815,0.032313,76.4118
h5m-test01-xits.gates,iwls22_with_not,1112914,589597,270675,1973186,par_close,2,16,0.014066,0.012815,0.032313,78.9955
h5m-test01-xits.gates,iwls22_with_not,1112914,589597,270675,1973186,par_close,3,16,0.014066,0.012815,0.032313,80.6780
h5m-test01-xits.gates,iwls22_with_not,1112914,589597,270675,1973186,par_close,4,16,0.014066,0.012815,0.032313,82.3969
h5m-test01-xits.gates,iwls22_with_not,1112914,589597,270675,1973186,par_async,0,16,0.014066,0.012815,0.032313,14.1546
h5m-test01-xits.gates,iwls22_with_not,1112914,589597,270675,1973186,par_async,1,16,0.014066,0.012815,0.032313,13.7824
h5m-test01-xits.gates,iwls22_with_not,1112914,589597,270675,1973186,par_async,2,16,0.014066,0.012815,0.032313,13.8604
h5m-test01-xits.gates,iwls22_with_not,1112914,589597,270675,1973186,par_async,3,16,0.014066,0.012815,0.032313,13.3312
h5m-test01-xits.gates,iwls22_with_not,1112914,589597,270675,1973186,par_async,4,16,0.014066,0.012815,0.032313,13.4236
h5m-test02-ands.gates,iwls22_with_not,3476413,2446158,984808,6907379,par_close,0,16,0.038870,0.038252,0.114247,247.4054
h5m-test02-ands.gates,iwls22_with_not,3476413,2446158,984808,6907379,par_close,1,16,0.038870,0.038252,0.114247,259.7842
h5m-test02-ands.gates,iwls22_with_not,3476413,2446158,984808,6907379,par_close,2,16,0.038870,0.038252,0.114247,268.8728
h5m-test02-ands.gates,iwls22_with_not,3476413,2446158,984808,6907379,par_close,3,16,0.038870,0.038252,0.114247,276.2322
h5m-test02-ands.gates,iwls22_with_not,3476413,2446158,984808,6907379,par_close,4,16,0.038870,0.038252,0.114247,279.9785
h5m-test02-ands.gates,iwls22_with_not,3476413,2446158,984808,6907379,par_async,0,16,0.038870,0.038252,0.114247,47.0360
h5m-test02-ands.gates,iwls22_with_not,3476413,2446158,984808,6907379,par_async,1,16,0.038870,0.038252,0.114247,45.7376
h5m-test02-ands.gates,iwls22_with_not,3476413,2446158,984808,6907379,par_async,2,16,0.038870,0.038252,0.114247,46.1824
h5m-test02-ands.gates,iwls22_with_not,3476413,2446158,984808,6907379,par_async,3,16,0.038870,0.038252,0.114247,46.3638
h5m-test02-ands.gates,iwls22_with_not,3476413,2446158,984808,6907379,par_async,4,16,0.038870,0.038252,0.114247,46.4302
h5m-test02-xits.gates,iwls22_with_not,2740997,1336652,613910,4691559,par_close,0,16,0.037565,0.031964,0.074235,169.0926
h5m-test02-xits.gates,iwls22_with_not,2740997,1336652,613910,4691559,par_close,1,16,0.037565,0.031964,0.074235,176.6630
h5m-test02-xits.gates,iwls22_with_not,2740997,1336652,613910,4691559,par_close,2,16,0.037565,0.031964,0.074235,180.4362
h5m-test02-xits.gates,iwls22_with_not,2740997,1336652,613910,4691559,par_close,3,16,0.037565,0.031964,0.074235,184.0026
h5m-test02-xits.gates,iwls22_with_not,2740997,1336652,613910,4691559,par_close,4,16,0.037565,0.031964,0.074235,188.0967
h5m-test02-xits.gates,iwls22_with_not,2740997,1336652,613910,4691559,par_async,0,16,0.037565,0.031964,0.074235,41.3576
h5m-test02-xits.gates,iwls22_with_not,2740997,1336652,613910,4691559,par_async,1,16,0.037565,0.031964,0.074235,40.6426
h5m-test02-xits.gates,iwls22_with_not,2740997,1336652,613910,4691559,par_async,2,16,0.037565,0.031964,0.074235,41.3162
h5m-test02-xits.gates,iwls22_with_not,2740997,1336652,613910,4691559,par_async,3,16,0.037565,0.031964,0.074235,40.6659
h5m-test02-xits.gates,iwls22_with_not,2740997,1336652,613910,4691559,par_async,4,16,0.037565,0.031964,0.074235,41.3766
6s100-ands-opt.gates,hwmcc12_with_not,3442638,3040530,1304136,7787304,par_close,0,16,0.040992,0.038926,0.132146,310.7353
6s100-ands-opt.gates,hwmcc12_with_not,3442638,3040530,1304136,7787304,par_close,1,16,0.040992,0.038926,0.132146,321.7461
6s100-ands-opt.gates,hwmcc12_with_not,3442638,3040530,1304136,7787304,par_close,2,16,0.040992,0.038926,0.132146,331.0931
6s100-ands-opt.gates,hwmcc12_with_not,3442638,3040530,1304136,7787304,par_close,3,16,0.040992,0.038926,0.132146,341.0088
6s100-ands-opt.gates,hwmcc12_with_not,3442638,3040530,1304136,7787304,par_close,4,16,0.040992,0.038926,0.132146,426.3766
6s100-ands-opt.gates,hwmcc12_with_not,3442638,3040530,1304136,7787304,par_async,0,16,0.040992,0.038926,0.132146,109.6845
6s100-ands-opt.gates,hwmcc12_with_not,3442638,3040530,1304136,7787304,par_async,1,16,0.040992,0.038926,0.132146,107.6871
6s100-ands-opt.gates,hwmcc12_with_not,3442638,3040530,1304136,7787304,par_async,2,16,0.040992,0.038926,0.132146,110.5402
6s100-ands-opt.gates,hwmcc12_with_not,3442638,3040530,1304136,7787304,par_async,3,16,0.040992,0.038926,0.132146,108.5481
6s100-ands-opt.gates,hwmcc12_with_not,3442638,3040530,1304136,7787304,par_async,4,16,0.040992,0.038926,0.132146,108.8423
6s100-xits-opt.gates,hwmcc12_with_not,3435519,2571412,835018,6841949,par_close,0,16,0.041716,0.039571,0.116370,278.6388
6s100-xits-opt.gates,hwmcc12_with_not,3435519,2571412,835018,6841949,par_close,1,16,0.041716,0.039571,0.116370,294.7471
6s100-xits-opt.gates,hwmcc12_with_not,3435519,2571412,835018,6841949,par_close,2,16,0.041716,0.039571,0.116370,304.4207
6s100-xits-opt.gates,hwmcc12_with_not,3435519,2571412,835018,6841949,par_close,3,16,0.041716,0.039571,0.116370,308.9580
6s100-xits-opt.gates,hwmcc12_with_not,3435519,2571412,835018,6841949,par_close,4,16,0.041716,0.039571,0.116370,312.3761
6s100-xits-opt.gates,hwmcc12_with_not,3435519,2571412,835018,6841949,par_async,0,16,0.041716,0.039571,0.116370,104.8773
6s100-xits-opt.gates,hwmcc12_with_not,3435519,2571412,835018,6841949,par_async,1,16,0.041716,0.039571,0.116370,105.9367
6s100-xits-opt.gates,hwmcc12_with_not,3435519,2571412,835018,6841949,par_async,2,16,0.041716,0.039571,0.116370,106.3513
6s100-xits-opt.gates,hwmcc12_with_not,3435519,2571412,835018,6841949,par_async,3,16,0.041716,0.039571,0.116370,106.8481
6s100-xits-opt.gates,hwmcc12_with_not,3435519,2571412,835018,6841949,par_async,4,16,0.041716,0.039571,0.116370,105.9356
6s104-ands-opt.gates,hwmcc12_with_not,5408579,4624476,2055360,12088415,par_close,0,16,0.066525,0.061201,0.205598,492.8952
6s104-ands-opt.gates,hwmcc12_with_not,5408579,4624476,2055360,12088415,par_close,1,16,0.066525,0.061201,0.205598,522.2125
6s104-ands-opt.gates,hwmcc12_with_not,5408579,4624476,2055360,12088415,par_close,2,16,0.066525,0.061201,0.205598,540.7635
6s104-ands-opt.gates,hwmcc12_with_not,5408579,4624476,2055360,12088415,par_close,3,16,0.066525,0.061201,0.205598,554.3199
6s104-ands-opt.gates,hwmcc12_with_not,5408579,4624476,2055360,12088415,par_close,4,16,0.066525,0.061201,0.205598,585.8457
6s104-ands-opt.gates,hwmcc12_with_not,5408579,4624476,2055360,12088415,par_async,0,16,0.066525,0.061201,0.205598,2376.0065
6s104-ands-opt.gates,hwmcc12_with_not,5408579,4624476,2055360,12088415,par_async,1,16,0.066525,0.061201,0.205598,2393.8442
6s104-ands-opt.gates,hwmcc12_with_not,5408579,4624476,2055360,12088415,par_async,2,16,0.066525,0.061201,0.205598,2307.4390
6s104-ands-opt.gates,hwmcc12_with_not,5408579,4624476,2055360,12088415,par_async,3,16,0.066525,0.061201,0.205598,2389.9606
6s104-ands-opt.gates,hwmcc12_with_not,5408579,4624476,2055360,12088415,par_async,4,16,0.066525,0.061201,0.205598,2422.4037
6s104-xits-opt.gates,hwmcc12_with_not,5454645,3893762,1312166,10660573,par_close,0,16,0.069801,0.062966,0.189216,431.2092
6s104-xits-opt.gates,hwmcc12_with_not,5454645,3893762,1312166,10660573,par_close,1,16,0.069801,0.062966,0.189216,455.7842
6s104-xits-opt.gates,hwmcc12_with_not,5454645,3893762,1312166,10660573,par_close,2,16,0.069801,0.062966,0.189216,476.2854
6s104-xits-opt.gates,hwmcc12_with_not,5454645,3893762,1312166,10660573,par_close,3,16,0.069801,0.062966,0.189216,491.1369
6s104-xits-opt.gates,hwmcc12_with_not,5454645,3893762,1312166,10660573,par_close,4,16,0.069801,0.062966,0.189216,496.6781
6s104-xits-opt.gates,hwmcc12_with_not,5454645,3893762,1312166,10660573,par_async,0,16,0.069801,0.062966,0.189216,3133.5993
6s104-xits-opt.gates,hwmcc12_with_not,5454645,3893762,1312166,10660573,par_async,1,16,0.069801,0.062966,0.189216,3151.8859
6s104-xits-opt.gates,hwmcc12_with_not,5454645,3893762,1312166,10660573,par_async,2,16,0.069801,0.062966,0.189216,3136.6966
6s104-xits-opt.gates,hwmcc12_with_not,5454645,3893762,1312166,10660573,par_async,3,16,0.069801,0.062966,0.189216,3172.1422
6s104-xits-opt.gates,hwmcc12_with_not,5454645,3893762,1312166,10660573,par_async,4,16,0.069801,0.062966,0.189216,3152.8106
6s114-ands-opt.gates,hwmcc12_with_not,4017244,3710951,1561263,9289458,par_close,0,16,0.049449,0.045974,0.165916,364.6015
6s114-ands-opt.gates,hwmcc12_with_not,4017244,3710951,1561263,9289458,par_close,1,16,0.049449,0.045974,0.165916,385.8836
6s114-ands-opt.gates,hwmcc12_with_not,4017244,3710951,1561263,9289458,par_close,2,16,0.049449,0.045974,0.165916,399.7302
6s114-ands-opt.gates,hwmcc12_with_not,4017244,3710951,1561263,9289458,par_close,3,16,0.049449,0.045974,0.165916,412.5881
6s114-ands-opt.gates,hwmcc12_with_not,4017244,3710951,1561263,9289458,par_close,4,16,0.049449,0.045974,0.165916,416.6998
6s114-ands-opt.gates,hwmcc12_with_not,4017244,3710951,1561263,9289458,par_async,0,16,0.049449,0.045974,0.165916,200.4485
6s114-ands-opt.gates,hwmcc12_with_not,4017244,3710951,1561263,9289458,par_async,1,16,0.049449,0.045974,0.165916,199.5196
6s114-ands-opt.gates,hwmcc12_with_not,4017244,3710951,1561263,9289458,par_async,2,16,0.049449,0.045974,0.165916,198.0325
6s114-ands-opt.gates,hwmcc12_with_not,4017244,3710951,1561263,9289458,par_async,3,16,0.049449,0.045974,0.165916,201.2129
6s114-ands-opt.gates,hwmcc12_with_not,4017244,3710951,1561263,9289458,par_async,4,16,0.049449,0.045974,0.165916,207.3044
6s114-xits-opt.gates,hwmcc12_with_not,4390625,3211512,1061874,8664011,par_close,0,16,0.052900,0.050716,0.148741,357.7708
6s114-xits-opt.gates,hwmcc12_with_not,4390625,3211512,1061874,8664011,par_close,1,16,0.052900,0.050716,0.148741,380.3675
6s114-xits-opt.gates,hwmcc12_with_not,4390625,3211512,1061874,8664011,par_close,2,16,0.052900,0.050716,0.148741,392.7500
6s114-xits-opt.gates,hwmcc12_with_not,4390625,3211512,1061874,8664011,par_close,3,16,0.052900,0.050716,0.148741,401.7583
6s114-xits-opt.gates,hwmcc12_with_not,4390625,3211512,1061874,8664011,par_close,4,16,0.052900,0.050716,0.148741,408.2827
6s114-xits-opt.gates,hwmcc12_with_not,4390625,3211512,1061874,8664011,par_async,0,16,0.052900,0.050716,0.148741,353.9487
6s114-xits-opt.gates,hwmcc12_with_not,4390625,3211512,1061874,8664011,par_async,1,16,0.052900,0.050716,0.148741,366.8302
6s114-xits-opt.gates,hwmcc12_with_not,4390625,3211512,1061874,8664011,par_async,2,16,0.052900,0.050716,0.148741,357.5988
6s114-xits-opt.gates,hwmcc12_with_not,4390625,3211512,1061874,8664011,par_async,3,16,0.052900,0.050716,0.148741,368.8948
6s114-xits-opt.gates,hwmcc12_with_not,4390625,3211512,1061874,8664011,par_async,4,16,0.052900,0.050716,0.148741,363.4384
6s117-ands-opt.gates,hwmcc12_with_not,2213528,1880426,831949,4925903,par_close,0,16,0.027933,0.025238,0.088404,200.7589
6s117-ands-opt.gates,hwmcc12_with_not,2213528,1880426,831949,4925903,par_close,1,16,0.027933,0.025238,0.088404,201.0289
6s117-ands-opt.gates,hwmcc12_with_not,2213528,1880426,831949,4925903,par_close,2,16,0.027933,0.025238,0.088404,207.9896
6s117-ands-opt.gates,hwmcc12_with_not,2213528,1880426,831949,4925903,par_close,3,16,0.027933,0.025238,0.088404,208.5845
6s117-ands-opt.gates,hwmcc12_with_not,2213528,1880426,831949,4925903,par_close,4,16,0.027933,0.025238,0.088404,212.4314
6s117-ands-opt.gates,hwmcc12_with_not,2213528,1880426,831949,4925903,par_async,0,16,0.027933,0.025238,0.088404,124.1514
6s117-ands-opt.gates,hwmcc12_with_not,2213528,1880426,831949,4925903,par_async,1,16,0.027933,0.025238,0.088404,123.8565
6s117-ands-opt.gates,hwmcc12_with_not,2213528,1880426,831949,4925903,par_async,2,16,0.027933,0.025238,0.088404,122.4939
6s117-ands-opt.gates,hwmcc12_with_not,2213528,1880426,831949,4925903,par_async,3,16,0.027933,0.025238,0.088404,124.2157
6s117-ands-opt.gates,hwmcc12_with_not,2213528,1880426,831949,4925903,par_async,4,16,0.027933,0.025238,0.088404,122.3737
6s117-xits-opt.gates,hwmcc12_with_not,2292599,1588740,540263,4421602,par_close,0,16,0.025688,0.025903,0.074282,174.4735
6s117-xits-opt.gates,hwmcc12_with_not,2292599,1588740,540263,4421602,par_close,1,16,0.025688,0.025903,0.074282,184.3879
6s117-xits-opt.gates,hwmcc12_with_not,2292599,1588740,540263,4421602,par_close,2,16,0.025688,0.025903,0.074282,189.4894
6s117-xits-opt.gates,hwmcc12_with_not,2292599,1588740,540263,4421602,par_close,3,16,0.025688,0.025903,0.074282,193.6886
6s117-xits-opt.gates,hwmcc12_with_not,2292599,1588740,540263,4421602,par_close,4,16,0.025688,0.025903,0.074282,196.6795
6s117-xits-opt.gates,hwmcc12_with_not,2292599,1588740,540263,4421602,par_async,0,16,0.025688,0.025903,0.074282,206.5847
6s117-xits-opt.gates,hwmcc12_with_not,2292599,1588740,540263,4421602,par_async,1,16,0.025688,0.025903,0.074282,207.7375
6s117-xits-opt.gates,hwmcc12_with_not,2292599,1588740,540263,4421602,par_async,2,16,0.025688,0.025903,0.074282,208.0619
6s117-xits-opt.gates,hwmcc12_with_not,2292599,1588740,540263,4421602,par_async,3,16,0.025688,0.025903,0.074282,208.2127
6s117-xits-opt.gates,hwmcc12_with_not,2292599,1588740,540263,4421602,par_async,4,16,0.025688,0.025903,0.074282,210.6315
6s125-ands-opt.gates,hwmcc12_with_not,15232733,13211558,5806462,34250753,par_close,0,16,0.287208,0.175140,0.577237,1623.6207
6s125-ands-opt.gates,hwmcc12_with_not,15232733,13211558,5806462,34250753,par_close,1,16,0.287208,0.175140,0.577237,1737.9806
6s125-ands-opt.gates,hwmcc12_with_not,15232733,13211558,5806462,34250753,par_close,2,16,0.287208,0.175140,0.577237,1821.4166
6s125-ands-opt.gates,hwmcc12_with_not,15232733,13211558,5806462,34250753,par_close,3,16,0.287208,0.175140,0.577237,1882.3895
6s125-ands-opt.gates,hwmcc12_with_not,15232733,13211558,5806462,34250753,par_close,4,16,0.287208,0.175140,0.577237,1919.9899
6s125-ands-opt.gates,hwmcc12_with_not,15232733,13211558,5806462,34250753,par_async,0,16,0.287208,0.175140,0.577237,504.2402
6s125-ands-opt.gates,hwmcc12_with_not,15232733,13211558,5806462,34250753,par_async,1,16,0.287208,0.175140,0.577237,514.5788
6s125-ands-opt.gates,hwmcc12_with_not,15232733,13211558,5806462,34250753,par_async,2,16,0.287208,0.175140,0.577237,504.5728
6s125-ands-opt.gates,hwmcc12_with_not,15232733,13211558,5806462,34250753,par_async,3,16,0.287208,0.175140,0.577237,516.7327
6s125-ands-opt.gates,hwmcc12_with_not,15232733,13211558,5806462,34250753,par_async,4,16,0.287208,0.175140,0.577237,525.9050
6s125-xits-opt.gates,hwmcc12_with_not,14734601,10526836,3121730,28383167,par_close,0,16,0.288235,0.171453,0.480922,1341.3253
6s125-xits-opt.gates,hwmcc12_with_not,14734601,10526836,3121730,28383167,par_close,1,16,0.288235,0.171453,0.480922,1429.4132
6s125-xits-opt.gates,hwmcc12_with_not,14734601,10526836,3121730,28383167,par_close,2,16,0.288235,0.171453,0.480922,1506.8226
6s125-xits-opt.gates,hwmcc12_with_not,14734601,10526836,3121730,28383167,par_close,3,16,0.288235,0.171453,0.480922,1543.7319
6s125-xits-opt.gates,hwmcc12_with_not,14734601,10526836,3121730,28383167,par_close,4,16,0.288235,0.171453,0.480922,1572.1031
6s125-xits-opt.gates,hwmcc12_with_not,14734601,10526836,3121730,28383167,par_async,0,16,0.288235,0.171453,0.480922,465.5508
6s125-xits-opt.gates,hwmcc12_with_not,14734601,10526836,3121730,28383167,par_async,1,16,0.288235,0.171453,0.480922,467.2854
6s125-xits-opt.gates,hwmcc12_with_not,14734601,10526836,3121730,28383167,par_async,2,16,0.288235,0.171453,0.480922,464.9744
6s125-xits-opt.gates,hwmcc12_with_not,14734601,10526836,3121730,28383167,par_async,3,16,0.288235,0.171453,0.480922,465.2358
6s125-xits-opt.gates,hwmcc12_with_not,14734601,10526836,3121730,28383167,par_async,4,16,0.288235,0.171453,0.480922,467.6567
6s163-ands-opt.gates,hwmcc12_with_not,6042399,5133510,2412539,13588448,par_close,0,16,0.078637,0.067041,0.218754,541.7078
6s163-ands-opt.gates,hwmcc12_with_not,6042399,5133510,2412539,13588448,par_close,1,16,0.078637,0.067041,0.218754,574.8091
6s163-ands-opt.gates,hwmcc12_with_not,6042399,5133510,2412539,13588448,par_close,2,16,0.078637,0.067041,0.218754,596.3838
6s163-ands-opt.gates,hwmcc12_with_not,6042399,5133510,2412539,13588448,par_close,3,16,0.078637,0.067041,0.218754,619.2948
6s163-ands-opt.gates,hwmcc12_with_not,6042399,5133510,2412539,13588448,par_close,4,16,0.078637,0.067041,0.218754,626.0630
6s163-ands-opt.gates,hwmcc12_with_not,6042399,5133510,2412539,13588448,par_async,0,16,0.078637,0.067041,0.218754,326.1248
6s163-ands-opt.gates,hwmcc12_with_not,6042399,5133510,2412539,13588448,par_async,1,16,0.078637,0.067041,0.218754,317.4569
6s163-ands-opt.gates,hwmcc12_with_not,6042399,5133510,2412539,13588448,par_async,2,16,0.078637,0.067041,0.218754,322.9163
6s163-ands-opt.gates,hwmcc12_with_not,6042399,5133510,2412539,13588448,par_async,3,16,0.078637,0.067041,0.218754,321.6375
6s163-ands-opt.gates,hwmcc12_with_not,6042399,5133510,2412539,13588448,par_async,4,16,0.078637,0.067041,0.218754,324.6020
6s163-xits-opt.gates,hwmcc12_with_not,5675417,3836213,1115222,10626852,par_close,0,16,0.072566,0.064007,0.188561,419.8221
6s163-xits-opt.gates,hwmcc12_with_not,5675417,3836213,1115222,10626852,par_close,1,16,0.072566,0.064007,0.188561,443.0973
6s163-xits-opt.gates,hwmcc12_with_not,5675417,3836213,1115222,10626852,par_close,2,16,0.072566,0.064007,0.188561,459.3003
6s163-xits-opt.gates,hwmcc12_with_not,5675417,3836213,1115222,10626852,par_close,3,16,0.072566,0.064007,0.188561,467.9336
6s163-xits-opt.gates,hwmcc12_with_not,5675417,3836213,1115222,10626852,par_close,4,16,0.072566,0.064007,0.188561,476.1271
6s163-xits-opt.gates,hwmcc12_with_not,5675417,3836213,1115222,10626852,par_async,0,16,0.072566,0.064007,0.188561,1759.6536
6s163-xits-opt.gates,hwmcc12_with_not,5675417,3836213,1115222,10626852,par_async,1,16,0.072566,0.064007,0.188561,1797.8678
6s163-xits-opt.gates,hwmcc12_with_not,5675417,3836213,1115222,10626852,par_async,2,16,0.072566,0.064007,0.188561,1862.8691
6s163-xits-opt.gates,hwmcc12_with_not,5675417,3836213,1115222,10626852,par_async,3,16,0.072566,0.064007,0.188561,1891.8735
6s163-xits-opt.gates,hwmcc12_with_not,5675417,3836213,1115222,10626852,par_async,4,16,0.072566,0.064007,0.188561,1830.9921
h5m-n01-ands.gates,iwls22_with_not,1660156,1083431,499915,3243502,par_close,0,32,0.018524,0.015822,0.050760,68.6825
h5m-n01-ands.gates,iwls22_with_not,1660156,1083431,499915,3243502,par_close,1,32,0.018524,0.015822,0.050760,75.8437
h5m-n01-ands.gates,iwls22_with_not,1660156,1083431,499915,3243502,par_close,2,32,0.018524,0.015822,0.050760,77.0172
h5m-n01-ands.gates,iwls22_with_not,1660156,1083431,499915,3243502,par_close,3,32,0.018524,0.015822,0.050760,76.3721
h5m-n01-ands.gates,iwls22_with_not,1660156,1083431,499915,3243502,par_close,4,32,0.018524,0.015822,0.050760,75.8812
h5m-n01-ands.gates,iwls22_with_not,1660156,1083431,499915,3243502,par_async,0,32,0.018524,0.015822,0.050760,12.2304
h5m-n01-ands.gates,iwls22_with_not,1660156,1083431,499915,3243502,par_async,1,32,0.018524,0.015822,0.050760,12.3671
h5m-n01-ands.gates,iwls22_with_not,1660156,1083431,499915,3243502,par_async,2,32,0.018524,0.015822,0.050760,12.2999
h5m-n01-ands.gates,iwls22_with_not,1660156,1083431,499915,3243502,par_async,3,32,0.018524,0.015822,0.050760,12.8628
h5m-n01-ands.gates,iwls22_with_not,1660156,1083431,499915,3243502,par_async,4,32,0.018524,0.015822,0.050760,12.4450
h5m-n01-xits.gates,iwls22_with_not,1105612,613618,249946,1969176,par_close,0,32,0.012182,0.011010,0.030981,46.4567
h5m-n01-xits.gates,iwls22_with_not,1105612,613618,249946,1969176,par_close,1,32,0.012182,0.011010,0.030981,47.2446
h5m-n01-xits.gates,iwls22_with_not,1105612,613618,249946,1969176,par_close,2,32,0.012182,0.011010,0.030981,48.8644
h5m-n01-xits.gates,iwls22_with_not,1105612,613618,249946,1969176,par_close,3,32,0.012182,0.011010,0.030981,51.5215
h5m-n01-xits.gates,iwls22_with_not,1105612,613618,249946,1969176,par_close,4,32,0.012182,0.011010,0.030981,51.8149
h5m-n01-xits.gates,iwls22_with_not,1105612,613618,249946,1969176,par_async,0,32,0.012182,0.011010,0.030981,8.9826
h5m-n01-xits.gates,iwls22_with_not,1105612,613618,249946,1969176,par_async,1,32,0.012182,0.011010,0.030981,9.3281
h5m-n01-xits.gates,iwls22_with_not,1105612,613618,249946,1969176,par_async,2,32,0.012182,0.011010,0.030981,8.9009
h5m-n01-xits.gates,iwls22_with_not,1105612,613618,249946,1969176,par_async,3,32,0.012182,0.011010,0.030981,9.0451
h5m-n01-xits.gates,iwls22_with_not,1105612,613618,249946,1969176,par_async,4,32,0.012182,0.011010,0.030981,9.3994
h5m-n04-ands.gates,iwls22_with_not,1782230,1246980,573992,3603202,par_close,0,32,0.020957,0.017081,0.055044,94.3085
h5m-n04-ands.gates,iwls22_with_not,1782230,1246980,573992,3603202,par_close,1,32,0.020957,0.017081,0.055044,91.7958
h5m-n04-ands.gates,iwls22_with_not,1782230,1246980,573992,3603202,par_close,2,32,0.020957,0.017081,0.055044,94.6523
h5m-n04-ands.gates,iwls22_with_not,1782230,1246980,573992,3603202,par_close,3,32,0.020957,0.017081,0.055044,95.1561
h5m-n04-ands.gates,iwls22_with_not,1782230,1246980,573992,3603202,par_close,4,32,0.020957,0.017081,0.055044,100.4562
h5m-n04-ands.gates,iwls22_with_not,1782230,1246980,573992,3603202,par_async,0,32,0.020957,0.017081,0.055044,10.5748
h5m-n04-ands.gates,iwls22_with_not,1782230,1246980,573992,3603202,par_async,1,32,0.020957,0.017081,0.055044,10.8120
h5m-n04-ands.gates,iwls22_with_not,1782230,1246980,573992,3603202,par_async,2,32,0.020957,0.017081,0.055044,10.3080
h5m-n04-ands.gates,iwls22_with_not,1782230,1246980,573992,3603202,par_async,3,32,0.020957,0.017081,0.055044,10.3584
h5m-n04-ands.gates,iwls22_with_not,1782230,1246980,573992,3603202,par_async,4,32,0.020957,0.017081,0.055044,10.0110
h5m-n04-xits.gates,iwls22_with_not,1268358,707582,308278,2284218,par_close,0,32,0.013261,0.012284,0.034904,56.9388
h5m-n04-xits.gates,iwls22_with_not,1268358,707582,308278,2284218,par_close,1,32,0.013261,0.012284,0.034904,59.6786
h5m-n04-xits.gates,iwls22_with_not,1268358,707582,308278,2284218,par_close,2,32,0.013261,0.012284,0.034904,64.0578
h5m-n04-xits.gates,iwls22_with_not,1268358,707582,308278,2284218,par_close,3,32,0.013261,0.012284,0.034904,63.4166
h5m-n04-xits.gates,iwls22_with_not,1268358,707582,308278,2284218,par_close,4,32,0.013261,0.012284,0.034904,61.8397
h5m-n04-xits.gates,iwls22_with_not,1268358,707582,308278,2284218,par_async,0,32,0.013261,0.012284,0.034904,8.1983
h5m-n04-xits.gates,iwls22_with_not,1268358,707582,308278,2284218,par_async,1,32,0.013261,0.012284,0.034904,8.5515
h5m-n04-xits.gates,iwls22_with_not,1268358,707582,308278,2284218,par_async,2,32,0.013261,0.012284,0.034904,8.3263
h5m-n04-xits.gates,iwls22_with_not,1268358,707582,308278,2284218,par_async,3,32,0.013261,0.012284,0.034904,8.5793
h5m-n04-xits.gates,iwls22_with_not,1268358,707582,308278,2284218,par_async,4,32,0.013261,0.012284,0.034904,8.2103
h5m-n06-ands.gates,iwls22_with_not,4663996,3206860,1500349,9371205,par_close,0,32,0.049976,0.043111,0.133175,192.1720
h5m-n06-ands.gates,iwls22_with_not,4663996,3206860,1500349,9371205,par_close,1,32,0.049976,0.043111,0.133175,202.2562
h5m-n06-ands.gates,iwls22_with_not,4663996,3206860,1500349,9371205,par_close,2,32,0.049976,0.043111,0.133175,209.4969
h5m-n06-ands.gates,iwls22_with_not,4663996,3206860,1500349,9371205,par_close,3,32,0.049976,0.043111,0.133175,218.2501
h5m-n06-ands.gates,iwls22_with_not,4663996,3206860,1500349,9371205,par_close,4,32,0.049976,0.043111,0.133175,219.0017
h5m-n06-ands.gates,iwls22_with_not,4663996,3206860,1500349,9371205,par_async,0,32,0.049976,0.043111,0.133175,37.9552
h5m-n06-ands.gates,iwls22_with_not,4663996,3206860,1500349,9371205,par_async,1,32,0.049976,0.043111,0.133175,36.3722
h5m-n06-ands.gates,iwls22_with_not,4663996,3206860,1500349,9371205,par_async,2,32,0.049976,0.043111,0.133175,35.9484
h5m-n06-ands.gates,iwls22_with_not,4663996,3206860,1500349,9371205,par_async,3,32,0.049976,0.043111,0.133175,36.2668
h5m-n06-ands.gates,iwls22_with_not,4663996,3206860,1500349,9371205,par_async,4,32,0.049976,0.043111,0.133175,36.8477
h5m-n06-xits.gates,iwls22_with_not,3117439,1735829,729369,5582637,par_close,0,32,0.037983,0.029445,0.089535,116.0249
h5m-n06-xits.gates,iwls22_with_not,3117439,1735829,729369,5582637,par_close,1,32,0.037983,0.029445,0.089535,119.8345
h5m-n06-xits.gates,iwls22_with_not,3117439,1735829,729369,5582637,par_close,2,32,0.037983,0.029445,0.089535,122.4975
h5m-n06-xits.gates,iwls22_with_not,3117439,1735829,729369,5582637,par_close,3,32,0.037983,0.029445,0.089535,124.9181
h5m-n06-xits.gates,iwls22_with_not,3117439,1735829,729369,5582637,par_close,4,32,0.037983,0.029445,0.089535,127.0791
h5m-n06-xits.gates,iwls22_with_not,3117439,1735829,729369,5582637,par_async,0,32,0.037983,0.029445,0.089535,23.2954
h5m-n06-xits.gates,iwls22_with_not,3117439,1735829,729369,5582637,par_async,1,32,0.037983,0.029445,0.089535,22.7201
h5m-n06-xits.gates,iwls22_with_not,3117439,1735829,729369,5582637,par_async,2,32,0.037983,0.029445,0.089535,23.2432
h5m-n06-xits.gates,iwls22_with_not,3117439,1735829,729369,5582637,par_async,3,32,0.037983,0.029445,0.089535,23.1758
h5m-n06-xits.gates,iwls22_with_not,3117439,1735829,729369,5582637,par_async,4,32,0.037983,0.029445,0.089535,23.3891
h5m-test01-ands.gates,iwls22_with_not,1380000,1038141,465435,2883576,par_close,0,32,0.015998,0.013573,0.048639,69.1824
h5m-test01-ands.gates,iwls22_with_not,1380000,1038141,465435,2883576,par_close,1,32,0.015998,0.013573,0.048639,72.3471
h5m-test01-ands.gates,iwls22_with_not,1380000,1038141,465435,2883576,par_close,2,32,0.015998,0.013573,0.048639,76.1172
h5m-test01-ands.gates,iwls22_with_not,1380000,1038141,465435,2883576,par_close,3,32,0.015998,0.013573,0.048639,78.9544
h5m-test01-ands.gates,iwls22_with_not,1380000,1038141,465435,2883576,par_close,4,32,0.015998,0.013573,0.048639,78.6586
h5m-test01-ands.gates,iwls22_with_not,1380000,1038141,465435,2883576,par_async,0,32,0.015998,0.013573,0.048639,9.9245
h5m-test01-ands.gates,iwls22_with_not,1380000,1038141,465435,2883576,par_async,1,32,0.015998,0.013573,0.048639,10.3701
h5m-test01-ands.gates,iwls22_with_not,1380000,1038141,465435,2883576,par_async,2,32,0.015998,0.013573,0.048639,10.2624
h5m-test01-ands.gates,iwls22_with_not,1380000,1038141,465435,2883576,par_async,3,32,0.015998,0.013573,0.048639,9.8277
h5m-test01-ands.gates,iwls22_with_not,1380000,1038141,465435,2883576,par_async,4,32,0.015998,0.013573,0.048639,10.0535
h5m-test01-xits.gates,iwls22_with_not,1112914,589597,270675,1973186,par_close,0,32,0.014117,0.011282,0.032478,47.4186
h5m-test01-xits.gates,iwls22_with_not,1112914,589597,270675,1973186,par_close,1,32,0.014117,0.011282,0.032478,50.0959
h5m-test01-xits.gates,iwls22_with_not,1112914,589597,270675,1973186,par_close,2,32,0.014117,0.011282,0.032478,51.0018
h5m-test01-xits.gates,iwls22_with_not,1112914,589597,270675,1973186,par_close,3,32,0.014117,0.011282,0.032478,50.7595
h5m-test01-xits.gates,iwls22_with_not,1112914,589597,270675,1973186,par_close,4,32,0.014117,0.011282,0.032478,51.1038
h5m-test01-xits.gates,iwls22_with_not,1112914,589597,270675,1973186,par_async,0,32,0.014117,0.011282,0.032478,8.0927
h5m-test01-xits.gates,iwls22_with_not,1112914,589597,270675,1973186,par_async,1,32,0.014117,0.011282,0.032478,8.2187
h5m-test01-xits.gates,iwls22_with_not,1112914,589597,270675,1973186,par_async,2,32,0.014117,0.011282,0.032478,8.0744
h5m-test01-xits.gates,iwls22_with_not,1112914,589597,270675,1973186,par_async,3,32,0.014117,0.011282,0.032478,7.9411
h5m-test01-xits.gates,iwls22_with_not,1112914,589597,270675,1973186,par_async,4,32,0.014117,0.011282,0.032478,8.0166
h5m-test02-ands.gates,iwls22_with_not,3476413,2446158,984808,6907379,par_close,0,32,0.038410,0.034767,0.108429,138.3983
h5m-test02-ands.gates,iwls22_with_not,3476413,2446158,984808,6907379,par_close,1,32,0.038410,0.034767,0.108429,143.0504
h5m-test02-ands.gates,iwls22_with_not,3476413,2446158,984808,6907379,par_close,2,32,0.038410,0.034767,0.108429,148.1465
h5m-test02-ands.gates,iwls22_with_not,3476413,2446158,984808,6907379,par_close,3,32,0.038410,0.034767,0.108429,149.7982
h5m-test02-ands.gates,iwls22_with_not,3476413,2446158,984808,6907379,par_close,4,32,0.038410,0.034767,0.108429,182.2830
h5m-test02-ands.gates,iwls22_with_not,3476413,2446158,984808,6907379,par_async,0,32,0.038410,0.034767,0.108429,25.9948
h5m-test02-ands.gates,iwls22_with_not,3476413,2446158,984808,6907379,par_async,1,32,0.038410,0.034767,0.108429,24.7214
h5m-test02-ands.gates,iwls22_with_not,3476413,2446158,984808,6907379,par_async,2,32,0.038410,0.034767,0.108429,24.9893
h5m-test02-ands.gates,iwls22_with_not,3476413,2446158,984808,6907379,par_async,3,32,0.038410,0.034767,0.108429,24.6544
h5m-test02-ands.gates,iwls22_with_not,3476413,2446158,984808,6907379,par_async,4,32,0.038410,0.034767,0.108429,24.8400
h5m-test02-xits.gates,iwls22_with_not,2740997,1336652,613910,4691559,par_close,0,32,0.035518,0.027330,0.069616,95.5321
h5m-test02-xits.gates,iwls22_with_not,2740997,1336652,613910,4691559,par_close,1,32,0.035518,0.027330,0.069616,101.1841
h5m-test02-xits.gates,iwls22_with_not,2740997,1336652,613910,4691559,par_close,2,32,0.035518,0.027330,0.069616,102.6765
h5m-test02-xits.gates,iwls22_with_not,2740997,1336652,613910,4691559,par_close,3,32,0.035518,0.027330,0.069616,107.8978
h5m-test02-xits.gates,iwls22_with_not,2740997,1336652,613910,4691559,par_close,4,32,0.035518,0.027330,0.069616,107.4705
h5m-test02-xits.gates,iwls22_with_not,2740997,1336652,613910,4691559,par_async,0,32,0.035518,0.027330,0.069616,22.2875
h5m-test02-xits.gates,iwls22_with_not,2740997,1336652,613910,4691559,par_async,1,32,0.035518,0.027330,0.069616,22.7003
h5m-test02-xits.gates,iwls22_with_not,2740997,1336652,613910,4691559,par_async,2,32,0.035518,0.027330,0.069616,22.2716
h5m-test02-xits.gates,iwls22_with_not,2740997,1336652,613910,4691559,par_async,3,32,0.035518,0.027330,0.069616,22.7299
h5m-test02-xits.gates,iwls22_with_not,2740997,1336652,613910,4691559,par_async,4,32,0.035518,0.027330,0.069616,22.9744
6s100-ands-opt.gates,hwmcc12_with_not,3442638,3040530,1304136,7787304,par_close,0,32,0.040335,0.032901,0.120330,172.7954
6s100-ands-opt.gates,hwmcc12_with_not,3442638,3040530,1304136,7787304,par_close,1,32,0.040335,0.032901,0.120330,180.2064
6s100-ands-opt.gates,hwmcc12_with_not,3442638,3040530,1304136,7787304,par_close,2,32,0.040335,0.032901,0.120330,200.0345
6s100-ands-opt.gates,hwmcc12_with_not,3442638,3040530,1304136,7787304,par_close,3,32,0.040335,0.032901,0.120330,190.7519
6s100-ands-opt.gates,hwmcc12_with_not,3442638,3040530,1304136,7787304,par_close,4,32,0.040335,0.032901,0.120330,190.6771
6s100-ands-opt.gates,hwmcc12_with_not,3442638,3040530,1304136,7787304,par_async,0,32,0.040335,0.032901,0.120330,60.2339
6s100-ands-opt.gates,hwmcc12_with_not,3442638,3040530,1304136,7787304,par_async,1,32,0.040335,0.032901,0.120330,58.0219
6s100-ands-opt.gates,hwmcc12_with_not,3442638,3040530,1304136,7787304,par_async,2,32,0.040335,0.032901,0.120330,59.2800
6s100-ands-opt.gates,hwmcc12_with_not,3442638,3040530,1304136,7787304,par_async,3,32,0.040335,0.032901,0.120330,59.0926
6s100-ands-opt.gates,hwmcc12_with_not,3442638,3040530,1304136,7787304,par_async,4,32,0.040335,0.032901,0.120330,59.1173
6s100-xits-opt.gates,hwmcc12_with_not,3435519,2571412,835018,6841949,par_close,0,32,0.041846,0.033433,0.104088,158.3597
6s100-xits-opt.gates,hwmcc12_with_not,3435519,2571412,835018,6841949,par_close,1,32,0.041846,0.033433,0.104088,165.4846
6s100-xits-opt.gates,hwmcc12_with_not,3435519,2571412,835018,6841949,par_close,2,32,0.041846,0.033433,0.104088,169.3831
6s100-xits-opt.gates,hwmcc12_with_not,3435519,2571412,835018,6841949,par_close,3,32,0.041846,0.033433,0.104088,175.7432
6s100-xits-opt.gates,hwmcc12_with_not,3435519,2571412,835018,6841949,par_close,4,32,0.041846,0.033433,0.104088,175.5617
6s100-xits-opt.gates,hwmcc12_with_not,3435519,2571412,835018,6841949,par_async,0,32,0.041846,0.033433,0.104088,57.0900
6s100-xits-opt.gates,hwmcc12_with_not,3435519,2571412,835018,6841949,par_async,1,32,0.041846,0.033433,0.104088,56.2026
6s100-xits-opt.gates,hwmcc12_with_not,3435519,2571412,835018,6841949,par_async,2,32,0.041846,0.033433,0.104088,57.3681
6s100-xits-opt.gates,hwmcc12_with_not,3435519,2571412,835018,6841949,par_async,3,32,0.041846,0.033433,0.104088,56.9202
6s100-xits-opt.gates,hwmcc12_with_not,3435519,2571412,835018,6841949,par_async,4,32,0.041846,0.033433,0.104088,57.4936
6s104-ands-opt.gates,hwmcc12_with_not,5408579,4624476,2055360,12088415,par_close,0,32,0.066883,0.051842,0.185839,270.3314
6s104-ands-opt.gates,hwmcc12_with_not,5408579,4624476,2055360,12088415,par_close,1,32,0.066883,0.051842,0.185839,290.4113
6s104-ands-opt.gates,hwmcc12_with_not,5408579,4624476,2055360,12088415,par_close,2,32,0.066883,0.051842,0.185839,296.1039
6s104-ands-opt.gates,hwmcc12_with_not,5408579,4624476,2055360,12088415,par_close,3,32,0.066883,0.051842,0.185839,336.5989
6s104-ands-opt.gates,hwmcc12_with_not,5408579,4624476,2055360,12088415,par_close,4,32,0.066883,0.051842,0.185839,310.7961
6s104-ands-opt.gates,hwmcc12_with_not,5408579,4624476,2055360,12088415,par_async,0,32,0.066883,0.051842,0.185839,1161.6702
6s104-ands-opt.gates,hwmcc12_with_not,5408579,4624476,2055360,12088415,par_async,1,32,0.066883,0.051842,0.185839,1193.3078
6s104-ands-opt.gates,hwmcc12_with_not,5408579,4624476,2055360,12088415,par_async,2,32,0.066883,0.051842,0.185839,1174.8299
6s104-ands-opt.gates,hwmcc12_with_not,5408579,4624476,2055360,12088415,par_async,3,32,0.066883,0.051842,0.185839,1178.9466
6s104-ands-opt.gates,hwmcc12_with_not,5408579,4624476,2055360,12088415,par_async,4,32,0.066883,0.051842,0.185839,1199.3630
6s104-xits-opt.gates,hwmcc12_with_not,5454645,3893762,1312166,10660573,par_close,0,32,0.068487,0.053400,0.169445,242.8103
6s104-xits-opt.gates,hwmcc12_with_not,5454645,3893762,1312166,10660573,par_close,1,32,0.068487,0.053400,0.169445,264.6846
6s104-xits-opt.gates,hwmcc12_with_not,5454645,3893762,1312166,10660573,par_close,2,32,0.068487,0.053400,0.169445,264.3338
6s104-xits-opt.gates,hwmcc12_with_not,5454645,3893762,1312166,10660573,par_close,3,32,0.068487,0.053400,0.169445,271.1129
6s104-xits-opt.gates,hwmcc12_with_not,5454645,3893762,1312166,10660573,par_close,4,32,0.068487,0.053400,0.169445,271.6383
6s104-xits-opt.gates,hwmcc12_with_not,5454645,3893762,1312166,10660573,par_async,0,32,0.068487,0.053400,0.169445,1558.5991
6s104-xits-opt.gates,hwmcc12_with_not,5454645,3893762,1312166,10660573,par_async,1,32,0.068487,0.053400,0.169445,1587.5577
6s104-xits-opt.gates,hwmcc12_with_not,5454645,3893762,1312166,10660573,par_async,2,32,0.068487,0.053400,0.169445,1604.8661
6s104-xits-opt.gates,hwmcc12_with_not,5454645,3893762,1312166,10660573,par_async,3,32,0.068487,0.053400,0.169445,1587.8512
6s104-xits-opt.gates,hwmcc12_with_not,5454645,3893762,1312166,10660573,par_async,4,32,0.068487,0.053400,0.169445,1583.5250
6s114-ands-opt.gates,hwmcc12_with_not,4017244,3710951,1561263,9289458,par_close,0,32,0.048799,0.038644,0.153562,203.4061
6s114-ands-opt.gates,hwmcc12_with_not,4017244,3710951,1561263,9289458,par_close,1,32,0.048799,0.038644,0.153562,211.9699
6s114-ands-opt.gates,hwmcc12_with_not,4017244,3710951,1561263,9289458,par_close,2,32,0.048799,0.038644,0.153562,220.1186
6s114-ands-opt.gates,hwmcc12_with_not,4017244,3710951,1561263,9289458,par_close,3,32,0.048799,0.038644,0.153562,221.9691
6s114-ands-opt.gates,hwmcc12_with_not,4017244,3710951,1561263,9289458,par_close,4,32,0.048799,0.038644,0.153562,225.6479
6s114-ands-opt.gates,hwmcc12_with_not,4017244,3710951,1561263,9289458,par_async,0,32,0.048799,0.038644,0.153562,103.0874
6s114-ands-opt.gates,hwmcc12_with_not,4017244,3710951,1561263,9289458,par_async,1,32,0.048799,0.038644,0.153562,102.7178
6s114-ands-opt.gates,hwmcc12_with_not,4017244,3710951,1561263,9289458,par_async,2,32,0.048799,0.038644,0.153562,102.1866
6s114-ands-opt.gates,hwmcc12_with_not,4017244,3710951,1561263,9289458,par_async,3,32,0.048799,0.038644,0.153562,101.6327
6s114-ands-opt.gates,hwmcc12_with_not,4017244,3710951,1561263,9289458,par_async,4,32,0.048799,0.038644,0.153562,101.2758
6s114-xits-opt.gates,hwmcc12_with_not,4390625,3211512,1061874,8664011,par_close,0,32,0.053208,0.042288,0.134760,202.0271
6s114-xits-opt.gates,hwmcc12_with_not,4390625,3211512,1061874,8664011,par_close,1,32,0.053208,0.042288,0.134760,214.1497
6s114-xits-opt.gates,hwmcc12_with_not,4390625,3211512,1061874,8664011,par_close,2,32,0.053208,0.042288,0.134760,218.0250
6s114-xits-opt.gates,hwmcc12_with_not,4390625,3211512,1061874,8664011,par_close,3,32,0.053208,0.042288,0.134760,222.7790
6s114-xits-opt.gates,hwmcc12_with_not,4390625,3211512,1061874,8664011,par_close,4,32,0.053208,0.042288,0.134760,224.6565
6s114-xits-opt.gates,hwmcc12_with_not,4390625,3211512,1061874,8664011,par_async,0,32,0.053208,0.042288,0.134760,182.7696
6s114-xits-opt.gates,hwmcc12_with_not,4390625,3211512,1061874,8664011,par_async,1,32,0.053208,0.042288,0.134760,183.0799
6s114-xits-opt.gates,hwmcc12_with_not,4390625,3211512,1061874,8664011,par_async,2,32,0.053208,0.042288,0.134760,182.4544
6s114-xits-opt.gates,hwmcc12_with_not,4390625,3211512,1061874,8664011,par_async,3,32,0.053208,0.042288,0.134760,184.2536
6s114-xits-opt.gates,hwmcc12_with_not,4390625,3211512,1061874,8664011,par_async,4,32,0.053208,0.042288,0.134760,182.7668
6s117-ands-opt.gates,hwmcc12_with_not,2213528,1880426,831949,4925903,par_close,0,32,0.026884,0.021526,0.084255,114.4720
6s117-ands-opt.gates,hwmcc12_with_not,2213528,1880426,831949,4925903,par_close,1,32,0.026884,0.021526,0.084255,121.2258
6s117-ands-opt.gates,hwmcc12_with_not,2213528,1880426,831949,4925903,par_close,2,32,0.026884,0.021526,0.084255,123.2675
6s117-ands-opt.gates,hwmcc12_with_not,2213528,1880426,831949,4925903,par_close,3,32,0.026884,0.021526,0.084255,122.9566
6s117-ands-opt.gates,hwmcc12_with_not,2213528,1880426,831949,4925903,par_close,4,32,0.026884,0.021526,0.084255,123.9317
6s117-ands-opt.gates,hwmcc12_with_not,2213528,1880426,831949,4925903,par_async,0,32,0.026884,0.021526,0.084255,64.8290
6s117-ands-opt.gates,hwmcc12_with_not,2213528,1880426,831949,4925903,par_async,1,32,0.026884,0.021526,0.084255,66.7094
6s117-ands-opt.gates,hwmcc12_with_not,2213528,1880426,831949,4925903,par_async,2,32,0.026884,0.021526,0.084255,64.9787
6s117-ands-opt.gates,hwmcc12_with_not,2213528,1880426,831949,4925903,par_async,3,32,0.026884,0.021526,0.084255,65.8639
6s117-ands-opt.gates,hwmcc12_with_not,2213528,1880426,831949,4925903,par_async,4,32,0.026884,0.021526,0.084255,65.0637
6s117-xits-opt.gates,hwmcc12_with_not,2292599,1588740,540263,4421602,par_close,0,32,0.028663,0.021996,0.071741,102.5452
6s117-xits-opt.gates,hwmcc12_with_not,2292599,1588740,540263,4421602,par_close,1,32,0.028663,0.021996,0.071741,106.4553
6s117-xits-opt.gates,hwmcc12_with_not,2292599,1588740,540263,4421602,par_close,2,32,0.028663,0.021996,0.071741,113.3208
6s117-xits-opt.gates,hwmcc12_with_not,2292599,1588740,540263,4421602,par_close,3,32,0.028663,0.021996,0.071741,112.1674
6s117-xits-opt.gates,hwmcc12_with_not,2292599,1588740,540263,4421602,par_close,4,32,0.028663,0.021996,0.071741,112.3021
6s117-xits-opt.gates,hwmcc12_with_not,2292599,1588740,540263,4421602,par_async,0,32,0.028663,0.021996,0.071741,108.4047
6s117-xits-opt.gates,hwmcc12_with_not,2292599,1588740,540263,4421602,par_async,1,32,0.028663,0.021996,0.071741,107.2489
6s117-xits-opt.gates,hwmcc12_with_not,2292599,1588740,540263,4421602,par_async,2,32,0.028663,0.021996,0.071741,107.9447
6s117-xits-opt.gates,hwmcc12_with_not,2292599,1588740,540263,4421602,par_async,3,32,0.028663,0.021996,0.071741,108.7816
6s117-xits-opt.gates,hwmcc12_with_not,2292599,1588740,540263,4421602,par_async,4,32,0.028663,0.021996,0.071741,107.0118
6s125-ands-opt.gates,hwmcc12_with_not,15232733,13211558,5806462,34250753,par_close,0,32,0.280773,0.147662,0.520627,842.9363
6s125-ands-opt.gates,hwmcc12_with_not,15232733,13211558,5806462,34250753,par_close,1,32,0.280773,0.147662,0.520627,891.5192
6s125-ands-opt.gates,hwmcc12_with_not,15232733,13211558,5806462,34250753,par_close,2,32,0.280773,0.147662,0.520627,934.3053
6s125-ands-opt.gates,hwmcc12_with_not,15232733,13211558,5806462,34250753,par_close,3,32,0.280773,0.147662,0.520627,966.4513
6s125-ands-opt.gates,hwmcc12_with_not,15232733,13211558,5806462,34250753,par_close,4,32,0.280773,0.147662,0.520627,988.0131
6s125-ands-opt.gates,hwmcc12_with_not,15232733,13211558,5806462,34250753,par_async,0,32,0.280773,0.147662,0.520627,278.1566
6s125-ands-opt.gates,hwmcc12_with_not,15232733,13211558,5806462,34250753,par_async,1,32,0.280773,0.147662,0.520627,279.5468
6s125-ands-opt.gates,hwmcc12_with_not,15232733,13211558,5806462,34250753,par_async,2,32,0.280773,0.147662,0.520627,270.6347
6s125-ands-opt.gates,hwmcc12_with_not,15232733,13211558,5806462,34250753,par_async,3,32,0.280773,0.147662,0.520627,273.3746
6s125-ands-opt.gates,hwmcc12_with_not,15232733,13211558,5806462,34250753,par_async,4,32,0.280773,0.147662,0.520627,269.8945
6s125-xits-opt.gates,hwmcc12_with_not,14734601,10526836,3121730,28383167,par_close,0,32,0.287357,0.143767,0.426768,680.5782
6s125-xits-opt.gates,hwmcc12_with_not,14734601,10526836,3121730,28383167,par_close,1,32,0.287357,0.143767,0.426768,738.9592
6s125-xits-opt.gates,hwmcc12_with_not,14734601,10526836,3121730,28383167,par_close,2,32,0.287357,0.143767,0.426768,765.4363
6s125-xits-opt.gates,hwmcc12_with_not,14734601,10526836,3121730,28383167,par_close,3,32,0.287357,0.143767,0.426768,794.9064
6s125-xits-opt.gates,hwmcc12_with_not,14734601,10526836,3121730,28383167,par_close,4,32,0.287357,0.143767,0.426768,811.8747
6s125-xits-opt.gates,hwmcc12_with_not,14734601,10526836,3121730,28383167,par_async,0,32,0.287357,0.143767,0.426768,250.6983
6s125-xits-opt.gates,hwmcc12_with_not,14734601,10526836,3121730,28383167,par_async,1,32,0.287357,0.143767,0.426768,243.6488
6s125-xits-opt.gates,hwmcc12_with_not,14734601,10526836,3121730,28383167,par_async,2,32,0.287357,0.143767,0.426768,243.6860
6s125-xits-opt.gates,hwmcc12_with_not,14734601,10526836,3121730,28383167,par_async,3,32,0.287357,0.143767,0.426768,247.9344
6s125-xits-opt.gates,hwmcc12_with_not,14734601,10526836,3121730,28383167,par_async,4,32,0.287357,0.143767,0.426768,246.9263
6s163-ands-opt.gates,hwmcc12_with_not,6042399,5133510,2412539,13588448,par_close,0,32,0.075952,0.056850,0.202031,289.1893
6s163-ands-opt.gates,hwmcc12_with_not,6042399,5133510,2412539,13588448,par_close,1,32,0.075952,0.056850,0.202031,305.1984
6s163-ands-opt.gates,hwmcc12_with_not,6042399,5133510,2412539,13588448,par_close,2,32,0.075952,0.056850,0.202031,316.9641
6s163-ands-opt.gates,hwmcc12_with_not,6042399,5133510,2412539,13588448,par_close,3,32,0.075952,0.056850,0.202031,323.5674
6s163-ands-opt.gates,hwmcc12_with_not,6042399,5133510,2412539,13588448,par_close,4,32,0.075952,0.056850,0.202031,328.3148
6s163-ands-opt.gates,hwmcc12_with_not,6042399,5133510,2412539,13588448,par_async,0,32,0.075952,0.056850,0.202031,160.8411
6s163-ands-opt.gates,hwmcc12_with_not,6042399,5133510,2412539,13588448,par_async,1,32,0.075952,0.056850,0.202031,163.9244
6s163-ands-opt.gates,hwmcc12_with_not,6042399,5133510,2412539,13588448,par_async,2,32,0.075952,0.056850,0.202031,163.2583
6s163-ands-opt.gates,hwmcc12_with_not,6042399,5133510,2412539,13588448,par_async,3,32,0.075952,0.056850,0.202031,165.1801
6s163-ands-opt.gates,hwmcc12_with_not,6042399,5133510,2412539,13588448,par_async,4,32,0.075952,0.056850,0.202031,161.5852
6s163-xits-opt.gates,hwmcc12_with_not,5675417,3836213,1115222,10626852,par_close,0,32,0.071850,0.054248,0.169008,227.4856
6s163-xits-opt.gates,hwmcc12_with_not,5675417,3836213,1115222,10626852,par_close,1,32,0.071850,0.054248,0.169008,241.1831
6s163-xits-opt.gates,hwmcc12_with_not,5675417,3836213,1115222,10626852,par_close,2,32,0.071850,0.054248,0.169008,249.9605
6s163-xits-opt.gates,hwmcc12_with_not,5675417,3836213,1115222,10626852,par_close,3,32,0.071850,0.054248,0.169008,253.2234
6s163-xits-opt.gates,hwmcc12_with_not,5675417,3836213,1115222,10626852,par_close,4,32,0.071850,0.054248,0.169008,254.8371
6s163-xits-opt.gates,hwmcc12_with_not,5675417,3836213,1115222,10626852,par_async,0,32,0.071850,0.054248,0.169008,908.0124
6s163-xits-opt.gates,hwmcc12_with_not,5675417,3836213,1115222,10626852,par_async,1,32,0.071850,0.054248,0.169008,916.2200
6s163-xits-opt.gates,hwmcc12_with_not,5675417,3836213,1115222,10626852,par_async,2,32,0.071850,0.054248,0.169008,936.2784
6s163-xits-opt.gates,hwmcc12_with_not,5675417,3836213,1115222,10626852,par_async,3,32,0.071850,0.054248,0.169008,893.8731
6s163-xits-opt.gates,hwmcc12_with_not,5675417,3836213,1115222,10626852,par_async,4,32,0.071850,0.054248,0.169008,922.2230
h5m-n01-ands.gates,iwls22_with_not,1660156,1083431,499915,3243502,par_close,0,64,0.020313,0.017673,0.058137,52.5184
h5m-n01-ands.gates,iwls22_with_not,1660156,1083431,499915,3243502,par_close,1,64,0.020313,0.017673,0.058137,54.3812
h5m-n01-ands.gates,iwls22_with_not,1660156,1083431,499915,3243502,par_close,2,64,0.020313,0.017673,0.058137,57.3694
h5m-n01-ands.gates,iwls22_with_not,1660156,1083431,499915,3243502,par_close,3,64,0.020313,0.017673,0.058137,56.9449
h5m-n01-ands.gates,iwls22_with_not,1660156,1083431,499915,3243502,par_close,4,64,0.020313,0.017673,0.058137,56.3076
h5m-n01-ands.gates,iwls22_with_not,1660156,1083431,499915,3243502,par_async,0,64,0.020313,0.017673,0.058137,9.9797
h5m-n01-ands.gates,iwls22_with_not,1660156,1083431,499915,3243502,par_async,1,64,0.020313,0.017673,0.058137,9.5838
h5m-n01-ands.gates,iwls22_with_not,1660156,1083431,499915,3243502,par_async,2,64,0.020313,0.017673,0.058137,9.9645
h5m-n01-ands.gates,iwls22_with_not,1660156,1083431,499915,3243502,par_async,3,64,0.020313,0.017673,0.058137,10.2601
h5m-n01-ands.gates,iwls22_with_not,1660156,1083431,499915,3243502,par_async,4,64,0.020313,0.017673,0.058137,9.6771
h5m-n01-xits.gates,iwls22_with_not,1105612,613618,249946,1969176,par_close,0,64,0.014198,0.012282,0.038975,35.3967
h5m-n01-xits.gates,iwls22_with_not,1105612,613618,249946,1969176,par_close,1,64,0.014198,0.012282,0.038975,37.2010
h5m-n01-xits.gates,iwls22_with_not,1105612,613618,249946,1969176,par_close,2,64,0.014198,0.012282,0.038975,36.3569
h5m-n01-xits.gates,iwls22_with_not,1105612,613618,249946,1969176,par_close,3,64,0.014198,0.012282,0.038975,36.4393
h5m-n01-xits.gates,iwls22_with_not,1105612,613618,249946,1969176,par_close,4,64,0.014198,0.012282,0.038975,34.8414
h5m-n01-xits.gates,iwls22_with_not,1105612,613618,249946,1969176,par_async,0,64,0.014198,0.012282,0.038975,7.5994
h5m-n01-xits.gates,iwls22_with_not,1105612,613618,249946,1969176,par_async,1,64,0.014198,0.012282,0.038975,7.3797
h5m-n01-xits.gates,iwls22_with_not,1105612,613618,249946,1969176,par_async,2,64,0.014198,0.012282,0.038975,7.1388
h5m-n01-xits.gates,iwls22_with_not,1105612,613618,249946,1969176,par_async,3,64,0.014198,0.012282,0.038975,7.0767
h5m-n01-xits.gates,iwls22_with_not,1105612,613618,249946,1969176,par_async,4,64,0.014198,0.012282,0.038975,7.0945
h5m-n04-ands.gates,iwls22_with_not,1782230,1246980,573992,3603202,par_close,0,64,0.020410,0.018258,0.064468,73.2092
h5m-n04-ands.gates,iwls22_with_not,1782230,1246980,573992,3603202,par_close,1,64,0.020410,0.018258,0.064468,74.3373
h5m-n04-ands.gates,iwls22_with_not,1782230,1246980,573992,3603202,par_close,2,64,0.020410,0.018258,0.064468,74.6953
h5m-n04-ands.gates,iwls22_with_not,1782230,1246980,573992,3603202,par_close,3,64,0.020410,0.018258,0.064468,76.9780
h5m-n04-ands.gates,iwls22_with_not,1782230,1246980,573992,3603202,par_close,4,64,0.020410,0.018258,0.064468,77.5709
h5m-n04-ands.gates,iwls22_with_not,1782230,1246980,573992,3603202,par_async,0,64,0.020410,0.018258,0.064468,8.2173
h5m-n04-ands.gates,iwls22_with_not,1782230,1246980,573992,3603202,par_async,1,64,0.020410,0.018258,0.064468,7.6972
h5m-n04-ands.gates,iwls22_with_not,1782230,1246980,573992,3603202,par_async,2,64,0.020410,0.018258,0.064468,7.3863
h5m-n04-ands.gates,iwls22_with_not,1782230,1246980,573992,3603202,par_async,3,64,0.020410,0.018258,0.064468,7.5034
h5m-n04-ands.gates,iwls22_with_not,1782230,1246980,573992,3603202,par_async,4,64,0.020410,0.018258,0.064468,7.7635
h5m-n04-xits.gates,iwls22_with_not,1268358,707582,308278,2284218,par_close,0,64,0.015043,0.013539,0.043870,45.2743
h5m-n04-xits.gates,iwls22_with_not,1268358,707582,308278,2284218,par_close,1,64,0.015043,0.013539,0.043870,45.8832
h5m-n04-xits.gates,iwls22_with_not,1268358,707582,308278,2284218,par_close,2,64,0.015043,0.013539,0.043870,44.9824
h5m-n04-xits.gates,iwls22_with_not,1268358,707582,308278,2284218,par_close,3,64,0.015043,0.013539,0.043870,45.9111
h5m-n04-xits.gates,iwls22_with_not,1268358,707582,308278,2284218,par_close,4,64,0.015043,0.013539,0.043870,49.0272
h5m-n04-xits.gates,iwls22_with_not,1268358,707582,308278,2284218,par_async,0,64,0.015043,0.013539,0.043870,6.3831
h5m-n04-xits.gates,iwls22_with_not,1268358,707582,308278,2284218,par_async,1,64,0.015043,0.013539,0.043870,6.2302
h5m-n04-xits.gates,iwls22_with_not,1268358,707582,308278,2284218,par_async,2,64,0.015043,0.013539,0.043870,6.2056
h5m-n04-xits.gates,iwls22_with_not,1268358,707582,308278,2284218,par_async,3,64,0.015043,0.013539,0.043870,6.1900
h5m-n04-xits.gates,iwls22_with_not,1268358,707582,308278,2284218,par_async,4,64,0.015043,0.013539,0.043870,6.2775
h5m-n06-ands.gates,iwls22_with_not,4663996,3206860,1500349,9371205,par_close,0,64,0.051734,0.048098,0.147877,137.9670
h5m-n06-ands.gates,iwls22_with_not,4663996,3206860,1500349,9371205,par_close,1,64,0.051734,0.048098,0.147877,146.8009
h5m-n06-ands.gates,iwls22_with_not,4663996,3206860,1500349,9371205,par_close,2,64,0.051734,0.048098,0.147877,152.7820
h5m-n06-ands.gates,iwls22_with_not,4663996,3206860,1500349,9371205,par_close,3,64,0.051734,0.048098,0.147877,156.5359
h5m-n06-ands.gates,iwls22_with_not,4663996,3206860,1500349,9371205,par_close,4,64,0.051734,0.048098,0.147877,151.8723
h5m-n06-ands.gates,iwls22_with_not,4663996,3206860,1500349,9371205,par_async,0,64,0.051734,0.048098,0.147877,28.0706
h5m-n06-ands.gates,iwls22_with_not,4663996,3206860,1500349,9371205,par_async,1,64,0.051734,0.048098,0.147877,26.7370
h5m-n06-ands.gates,iwls22_with_not,4663996,3206860,1500349,9371205,par_async,2,64,0.051734,0.048098,0.147877,27.4875
h5m-n06-ands.gates,iwls22_with_not,4663996,3206860,1500349,9371205,par_async,3,64,0.051734,0.048098,0.147877,27.3574
h5m-n06-ands.gates,iwls22_with_not,4663996,3206860,1500349,9371205,par_async,4,64,0.051734,0.048098,0.147877,26.3970
h5m-n06-xits.gates,iwls22_with_not,3117439,1735829,729369,5582637,par_close,0,64,0.036302,0.032768,0.093310,84.1829
h5m-n06-xits.gates,iwls22_with_not,3117439,1735829,729369,5582637,par_close,1,64,0.036302,0.032768,0.093310,86.3052
h5m-n06-xits.gates,iwls22_with_not,3117439,1735829,729369,5582637,par_close,2,64,0.036302,0.032768,0.093310,87.5323
h5m-n06-xits.gates,iwls22_with_not,3117439,1735829,729369,5582637,par_close,3,64,0.036302,0.032768,0.093310,88.1891
h5m-n06-xits.gates,iwls22_with_not,3117439,1735829,729369,5582637,par_close,4,64,0.036302,0.032768,0.093310,88.7324
h5m-n06-xits.gates,iwls22_with_not,3117439,1735829,729369,5582637,par_async,0,64,0.036302,0.032768,0.093310,18.0353
h5m-n06-xits.gates,iwls22_with_not,3117439,1735829,729369,5582637,par_async,1,64,0.036302,0.032768,0.093310,17.4698
h5m-n06-xits.gates,iwls22_with_not,3117439,1735829,729369,5582637,par_async,2,64,0.036302,0.032768,0.093310,17.5414
h5m-n06-xits.gates,iwls22_with_not,3117439,1735829,729369,5582637,par_async,3,64,0.036302,0.032768,0.093310,18.0042
h5m-n06-xits.gates,iwls22_with_not,3117439,1735829,729369,5582637,par_async,4,64,0.036302,0.032768,0.093310,17.5854
h5m-test01-ands.gates,iwls22_with_not,1380000,1038141,465435,2883576,par_close,0,64,0.015648,0.014667,0.055265,52.3080
h5m-test01-ands.gates,iwls22_with_not,1380000,1038141,465435,2883576,par_close,1,64,0.015648,0.014667,0.055265,55.9538
h5m-test01-ands.gates,iwls22_with_not,1380000,1038141,465435,2883576,par_close,2,64,0.015648,0.014667,0.055265,55.8543
h5m-test01-ands.gates,iwls22_with_not,1380000,1038141,465435,2883576,par_close,3,64,0.015648,0.014667,0.055265,56.3968
h5m-test01-ands.gates,iwls22_with_not,1380000,1038141,465435,2883576,par_close,4,64,0.015648,0.014667,0.055265,56.1595
h5m-test01-ands.gates,iwls22_with_not,1380000,1038141,465435,2883576,par_async,0,64,0.015648,0.014667,0.055265,7.8513
h5m-test01-ands.gates,iwls22_with_not,1380000,1038141,465435,2883576,par_async,1,64,0.015648,0.014667,0.055265,7.7718
h5m-test01-ands.gates,iwls22_with_not,1380000,1038141,465435,2883576,par_async,2,64,0.015648,0.014667,0.055265,7.5787
h5m-test01-ands.gates,iwls22_with_not,1380000,1038141,465435,2883576,par_async,3,64,0.015648,0.014667,0.055265,7.8423
h5m-test01-ands.gates,iwls22_with_not,1380000,1038141,465435,2883576,par_async,4,64,0.015648,0.014667,0.055265,7.6173
h5m-test01-xits.gates,iwls22_with_not,1112914,589597,270675,1973186,par_close,0,64,0.013831,0.012552,0.038902,33.5267
h5m-test01-xits.gates,iwls22_with_not,1112914,589597,270675,1973186,par_close,1,64,0.013831,0.012552,0.038902,34.4512
h5m-test01-xits.gates,iwls22_with_not,1112914,589597,270675,1973186,par_close,2,64,0.013831,0.012552,0.038902,34.7577
h5m-test01-xits.gates,iwls22_with_not,1112914,589597,270675,1973186,par_close,3,64,0.013831,0.012552,0.038902,35.5517
h5m-test01-xits.gates,iwls22_with_not,1112914,589597,270675,1973186,par_close,4,64,0.013831,0.012552,0.038902,38.5507
h5m-test01-xits.gates,iwls22_with_not,1112914,589597,270675,1973186,par_async,0,64,0.013831,0.012552,0.038902,6.4963
h5m-test01-xits.gates,iwls22_with_not,1112914,589597,270675,1973186,par_async,1,64,0.013831,0.012552,0.038902,6.4812
h5m-test01-xits.gates,iwls22_with_not,1112914,589597,270675,1973186,par_async,2,64,0.013831,0.012552,0.038902,6.6346
h5m-test01-xits.gates,iwls22_with_not,1112914,589597,270675,1973186,par_async,3,64,0.013831,0.012552,0.038902,6.4351
h5m-test01-xits.gates,iwls22_with_not,1112914,589597,270675,1973186,par_async,4,64,0.013831,0.012552,0.038902,6.5179
h5m-test02-ands.gates,iwls22_with_not,3476413,2446158,984808,6907379,par_close,0,64,0.037908,0.036469,0.107611,97.7420
h5m-test02-ands.gates,iwls22_with_not,3476413,2446158,984808,6907379,par_close,1,64,0.037908,0.036469,0.107611,99.7580
h5m-test02-ands.gates,iwls22_with_not,3476413,2446158,984808,6907379,par_close,2,64,0.037908,0.036469,0.107611,100.3711
h5m-test02-ands.gates,iwls22_with_not,3476413,2446158,984808,6907379,par_close,3,64,0.037908,0.036469,0.107611,104.1938
h5m-test02-ands.gates,iwls22_with_not,3476413,2446158,984808,6907379,par_close,4,64,0.037908,0.036469,0.107611,102.2720
h5m-test02-ands.gates,iwls22_with_not,3476413,2446158,984808,6907379,par_async,0,64,0.037908,0.036469,0.107611,18.8056
h5m-test02-ands.gates,iwls22_with_not,3476413,2446158,984808,6907379,par_async,1,64,0.037908,0.036469,0.107611,18.7170
h5m-test02-ands.gates,iwls22_with_not,3476413,2446158,984808,6907379,par_async,2,64,0.037908,0.036469,0.107611,18.0465
h5m-test02-ands.gates,iwls22_with_not,3476413,2446158,984808,6907379,par_async,3,64,0.037908,0.036469,0.107611,19.0069
h5m-test02-ands.gates,iwls22_with_not,3476413,2446158,984808,6907379,par_async,4,64,0.037908,0.036469,0.107611,18.2109
h5m-test02-xits.gates,iwls22_with_not,2740997,1336652,613910,4691559,par_close,0,64,0.032582,0.030608,0.074669,70.2138
h5m-test02-xits.gates,iwls22_with_not,2740997,1336652,613910,4691559,par_close,1,64,0.032582,0.030608,0.074669,70.5529
h5m-test02-xits.gates,iwls22_with_not,2740997,1336652,613910,4691559,par_close,2,64,0.032582,0.030608,0.074669,72.0993
h5m-test02-xits.gates,iwls22_with_not,2740997,1336652,613910,4691559,par_close,3,64,0.032582,0.030608,0.074669,72.1787
h5m-test02-xits.gates,iwls22_with_not,2740997,1336652,613910,4691559,par_close,4,64,0.032582,0.030608,0.074669,74.5278
h5m-test02-xits.gates,iwls22_with_not,2740997,1336652,613910,4691559,par_async,0,64,0.032582,0.030608,0.074669,18.3084
h5m-test02-xits.gates,iwls22_with_not,2740997,1336652,613910,4691559,par_async,1,64,0.032582,0.030608,0.074669,17.6135
h5m-test02-xits.gates,iwls22_with_not,2740997,1336652,613910,4691559,par_async,2,64,0.032582,0.030608,0.074669,18.7256
h5m-test02-xits.gates,iwls22_with_not,2740997,1336652,613910,4691559,par_async,3,64,0.032582,0.030608,0.074669,18.1658
h5m-test02-xits.gates,iwls22_with_not,2740997,1336652,613910,4691559,par_async,4,64,0.032582,0.030608,0.074669,18.0417
6s100-ands-opt.gates,hwmcc12_with_not,3442638,3040530,1304136,7787304,par_close,0,64,0.040871,0.035980,0.127707,130.2469
6s100-ands-opt.gates,hwmcc12_with_not,3442638,3040530,1304136,7787304,par_close,1,64,0.040871,0.035980,0.127707,137.5090
6s100-ands-opt.gates,hwmcc12_with_not,3442638,3040530,1304136,7787304,par_close,2,64,0.040871,0.035980,0.127707,139.0791
6s100-ands-opt.gates,hwmcc12_with_not,3442638,3040530,1304136,7787304,par_close,3,64,0.040871,0.035980,0.127707,136.2718
6s100-ands-opt.gates,hwmcc12_with_not,3442638,3040530,1304136,7787304,par_close,4,64,0.040871,0.035980,0.127707,141.9582
6s100-ands-opt.gates,hwmcc12_with_not,3442638,3040530,1304136,7787304,par_async,0,64,0.040871,0.035980,0.127707,46.2666
6s100-ands-opt.gates,hwmcc12_with_not,3442638,3040530,1304136,7787304,par_async,1,64,0.040871,0.035980,0.127707,46.7170
6s100-ands-opt.gates,hwmcc12_with_not,3442638,3040530,1304136,7787304,par_async,2,64,0.040871,0.035980,0.127707,47.6970
6s100-ands-opt.gates,hwmcc12_with_not,3442638,3040530,1304136,7787304,par_async,3,64,0.040871,0.035980,0.127707,46.7581
6s100-ands-opt.gates,hwmcc12_with_not,3442638,3040530,1304136,7787304,par_async,4,64,0.040871,0.035980,0.127707,47.5371
6s100-xits-opt.gates,hwmcc12_with_not,3435519,2571412,835018,6841949,par_close,0,64,0.040832,0.036903,0.111555,119.0901
6s100-xits-opt.gates,hwmcc12_with_not,3435519,2571412,835018,6841949,par_close,1,64,0.040832,0.036903,0.111555,120.2818
6s100-xits-opt.gates,hwmcc12_with_not,3435519,2571412,835018,6841949,par_close,2,64,0.040832,0.036903,0.111555,125.2004
6s100-xits-opt.gates,hwmcc12_with_not,3435519,2571412,835018,6841949,par_close,3,64,0.040832,0.036903,0.111555,128.2416
6s100-xits-opt.gates,hwmcc12_with_not,3435519,2571412,835018,6841949,par_close,4,64,0.040832,0.036903,0.111555,124.1828
6s100-xits-opt.gates,hwmcc12_with_not,3435519,2571412,835018,6841949,par_async,0,64,0.040832,0.036903,0.111555,48.3406
6s100-xits-opt.gates,hwmcc12_with_not,3435519,2571412,835018,6841949,par_async,1,64,0.040832,0.036903,0.111555,47.7353
6s100-xits-opt.gates,hwmcc12_with_not,3435519,2571412,835018,6841949,par_async,2,64,0.040832,0.036903,0.111555,47.3289
6s100-xits-opt.gates,hwmcc12_with_not,3435519,2571412,835018,6841949,par_async,3,64,0.040832,0.036903,0.111555,46.8973
6s100-xits-opt.gates,hwmcc12_with_not,3435519,2571412,835018,6841949,par_async,4,64,0.040832,0.036903,0.111555,46.9614
6s104-ands-opt.gates,hwmcc12_with_not,5408579,4624476,2055360,12088415,par_close,0,64,0.065687,0.057099,0.210626,202.0832
6s104-ands-opt.gates,hwmcc12_with_not,5408579,4624476,2055360,12088415,par_close,1,64,0.065687,0.057099,0.210626,206.5167
6s104-ands-opt.gates,hwmcc12_with_not,5408579,4624476,2055360,12088415,par_close,2,64,0.065687,0.057099,0.210626,211.4237
6s104-ands-opt.gates,hwmcc12_with_not,5408579,4624476,2055360,12088415,par_close,3,64,0.065687,0.057099,0.210626,230.8969
6s104-ands-opt.gates,hwmcc12_with_not,5408579,4624476,2055360,12088415,par_close,4,64,0.065687,0.057099,0.210626,213.6614
6s104-ands-opt.gates,hwmcc12_with_not,5408579,4624476,2055360,12088415,par_async,0,64,0.065687,0.057099,0.210626,841.2031
6s104-ands-opt.gates,hwmcc12_with_not,5408579,4624476,2055360,12088415,par_async,1,64,0.065687,0.057099,0.210626,832.9225
6s104-ands-opt.gates,hwmcc12_with_not,5408579,4624476,2055360,12088415,par_async,2,64,0.065687,0.057099,0.210626,797.1575
6s104-ands-opt.gates,hwmcc12_with_not,5408579,4624476,2055360,12088415,par_async,3,64,0.065687,0.057099,0.210626,766.6266
6s104-ands-opt.gates,hwmcc12_with_not,5408579,4624476,2055360,12088415,par_async,4,64,0.065687,0.057099,0.210626,763.2019
6s104-xits-opt.gates,hwmcc12_with_not,5454645,3893762,1312166,10660573,par_close,0,64,0.069197,0.059578,0.191670,178.3760
6s104-xits-opt.gates,hwmcc12_with_not,5454645,3893762,1312166,10660573,par_close,1,64,0.069197,0.059578,0.191670,181.1591
6s104-xits-opt.gates,hwmcc12_with_not,5454645,3893762,1312166,10660573,par_close,2,64,0.069197,0.059578,0.191670,186.8397
6s104-xits-opt.gates,hwmcc12_with_not,5454645,3893762,1312166,10660573,par_close,3,64,0.069197,0.059578,0.191670,189.1629
6s104-xits-opt.gates,hwmcc12_with_not,5454645,3893762,1312166,10660573,par_close,4,64,0.069197,0.059578,0.191670,189.8281
6s104-xits-opt.gates,hwmcc12_with_not,5454645,3893762,1312166,10660573,par_async,0,64,0.069197,0.059578,0.191670,1185.2077
6s104-xits-opt.gates,hwmcc12_with_not,5454645,3893762,1312166,10660573,par_async,1,64,0.069197,0.059578,0.191670,1149.3866
6s104-xits-opt.gates,hwmcc12_with_not,5454645,3893762,1312166,10660573,par_async,2,64,0.069197,0.059578,0.191670,1081.4824
6s104-xits-opt.gates,hwmcc12_with_not,5454645,3893762,1312166,10660573,par_async,3,64,0.069197,0.059578,0.191670,1039.9767
6s104-xits-opt.gates,hwmcc12_with_not,5454645,3893762,1312166,10660573,par_async,4,64,0.069197,0.059578,0.191670,1002.0699
6s114-ands-opt.gates,hwmcc12_with_not,4017244,3710951,1561263,9289458,par_close,0,64,0.050713,0.043022,0.164422,144.4854
6s114-ands-opt.gates,hwmcc12_with_not,4017244,3710951,1561263,9289458,par_close,1,64,0.050713,0.043022,0.164422,150.5179
6s114-ands-opt.gates,hwmcc12_with_not,4017244,3710951,1561263,9289458,par_close,2,64,0.050713,0.043022,0.164422,161.1447
6s114-ands-opt.gates,hwmcc12_with_not,4017244,3710951,1561263,9289458,par_close,3,64,0.050713,0.043022,0.164422,159.1385
6s114-ands-opt.gates,hwmcc12_with_not,4017244,3710951,1561263,9289458,par_close,4,64,0.050713,0.043022,0.164422,160.0321
6s114-ands-opt.gates,hwmcc12_with_not,4017244,3710951,1561263,9289458,par_async,0,64,0.050713,0.043022,0.164422,80.7351
6s114-ands-opt.gates,hwmcc12_with_not,4017244,3710951,1561263,9289458,par_async,1,64,0.050713,0.043022,0.164422,81.6471
6s114-ands-opt.gates,hwmcc12_with_not,4017244,3710951,1561263,9289458,par_async,2,64,0.050713,0.043022,0.164422,78.0011
6s114-ands-opt.gates,hwmcc12_with_not,4017244,3710951,1561263,9289458,par_async,3,64,0.050713,0.043022,0.164422,79.8256
6s114-ands-opt.gates,hwmcc12_with_not,4017244,3710951,1561263,9289458,par_async,4,64,0.050713,0.043022,0.164422,78.1753
6s114-xits-opt.gates,hwmcc12_with_not,4390625,3211512,1061874,8664011,par_close,0,64,0.055105,0.047190,0.140364,150.4114
6s114-xits-opt.gates,hwmcc12_with_not,4390625,3211512,1061874,8664011,par_close,1,64,0.055105,0.047190,0.140364,157.9485
6s114-xits-opt.gates,hwmcc12_with_not,4390625,3211512,1061874,8664011,par_close,2,64,0.055105,0.047190,0.140364,158.7834
6s114-xits-opt.gates,hwmcc12_with_not,4390625,3211512,1061874,8664011,par_close,3,64,0.055105,0.047190,0.140364,161.7228
6s114-xits-opt.gates,hwmcc12_with_not,4390625,3211512,1061874,8664011,par_close,4,64,0.055105,0.047190,0.140364,162.6233
6s114-xits-opt.gates,hwmcc12_with_not,4390625,3211512,1061874,8664011,par_async,0,64,0.055105,0.047190,0.140364,148.8983
6s114-xits-opt.gates,hwmcc12_with_not,4390625,3211512,1061874,8664011,par_async,1,64,0.055105,0.047190,0.140364,146.4189
6s114-xits-opt.gates,hwmcc12_with_not,4390625,3211512,1061874,8664011,par_async,2,64,0.055105,0.047190,0.140364,146.4086
6s114-xits-opt.gates,hwmcc12_with_not,4390625,3211512,1061874,8664011,par_async,3,64,0.055105,0.047190,0.140364,144.9633
6s114-xits-opt.gates,hwmcc12_with_not,4390625,3211512,1061874,8664011,par_async,4,64,0.055105,0.047190,0.140364,146.5793
6s117-ands-opt.gates,hwmcc12_with_not,2213528,1880426,831949,4925903,par_close,0,64,0.025674,0.023701,0.088847,87.1822
6s117-ands-opt.gates,hwmcc12_with_not,2213528,1880426,831949,4925903,par_close,1,64,0.025674,0.023701,0.088847,90.6404
6s117-ands-opt.gates,hwmcc12_with_not,2213528,1880426,831949,4925903,par_close,2,64,0.025674,0.023701,0.088847,92.2971
6s117-ands-opt.gates,hwmcc12_with_not,2213528,1880426,831949,4925903,par_close,3,64,0.025674,0.023701,0.088847,91.2947
6s117-ands-opt.gates,hwmcc12_with_not,2213528,1880426,831949,4925903,par_close,4,64,0.025674,0.023701,0.088847,94.3216
6s117-ands-opt.gates,hwmcc12_with_not,2213528,1880426,831949,4925903,par_async,0,64,0.025674,0.023701,0.088847,53.4097
6s117-ands-opt.gates,hwmcc12_with_not,2213528,1880426,831949,4925903,par_async,1,64,0.025674,0.023701,0.088847,54.6213
6s117-ands-opt.gates,hwmcc12_with_not,2213528,1880426,831949,4925903,par_async,2,64,0.025674,0.023701,0.088847,53.9517
6s117-ands-opt.gates,hwmcc12_with_not,2213528,1880426,831949,4925903,par_async,3,64,0.025674,0.023701,0.088847,54.5565
6s117-ands-opt.gates,hwmcc12_with_not,2213528,1880426,831949,4925903,par_async,4,64,0.025674,0.023701,0.088847,54.3593
6s117-xits-opt.gates,hwmcc12_with_not,2292599,1588740,540263,4421602,par_close,0,64,0.025630,0.024521,0.076030,82.0670
6s117-xits-opt.gates,hwmcc12_with_not,2292599,1588740,540263,4421602,par_close,1,64,0.025630,0.024521,0.076030,82.7908
6s117-xits-opt.gates,hwmcc12_with_not,2292599,1588740,540263,4421602,par_close,2,64,0.025630,0.024521,0.076030,85.3129
6s117-xits-opt.gates,hwmcc12_with_not,2292599,1588740,540263,4421602,par_close,3,64,0.025630,0.024521,0.076030,88.6469
6s117-xits-opt.gates,hwmcc12_with_not,2292599,1588740,540263,4421602,par_close,4,64,0.025630,0.024521,0.076030,84.9012
6s117-xits-opt.gates,hwmcc12_with_not,2292599,1588740,540263,4421602,par_async,0,64,0.025630,0.024521,0.076030,93.0078
6s117-xits-opt.gates,hwmcc12_with_not,2292599,1588740,540263,4421602,par_async,1,64,0.025630,0.024521,0.076030,93.1832
6s117-xits-opt.gates,hwmcc12_with_not,2292599,1588740,540263,4421602,par_async,2,64,0.025630,0.024521,0.076030,93.3272
6s117-xits-opt.gates,hwmcc12_with_not,2292599,1588740,540263,4421602,par_async,3,64,0.025630,0.024521,0.076030,92.8137
6s117-xits-opt.gates,hwmcc12_with_not,2292599,1588740,540263,4421602,par_async,4,64,0.025630,0.024521,0.076030,92.8240
6s125-ands-opt.gates,hwmcc12_with_not,15232733,13211558,5806462,34250753,par_close,0,64,0.284874,0.164141,0.557227,565.3798
6s125-ands-opt.gates,hwmcc12_with_not,15232733,13211558,5806462,34250753,par_close,1,64,0.284874,0.164141,0.557227,578.7621
6s125-ands-opt.gates,hwmcc12_with_not,15232733,13211558,5806462,34250753,par_close,2,64,0.284874,0.164141,0.557227,595.5737
6s125-ands-opt.gates,hwmcc12_with_not,15232733,13211558,5806462,34250753,par_close,3,64,0.284874,0.164141,0.557227,596.9518
6s125-ands-opt.gates,hwmcc12_with_not,15232733,13211558,5806462,34250753,par_close,4,64,0.284874,0.164141,0.557227,602.6844
6s125-ands-opt.gates,hwmcc12_with_not,15232733,13211558,5806462,34250753,par_async,0,64,0.284874,0.164141,0.557227,187.9493
6s125-ands-opt.gates,hwmcc12_with_not,15232733,13211558,5806462,34250753,par_async,1,64,0.284874,0.164141,0.557227,193.8029
6s125-ands-opt.gates,hwmcc12_with_not,15232733,13211558,5806462,34250753,par_async,2,64,0.284874,0.164141,0.557227,184.6927
6s125-ands-opt.gates,hwmcc12_with_not,15232733,13211558,5806462,34250753,par_async,3,64,0.284874,0.164141,0.557227,186.1410
6s125-ands-opt.gates,hwmcc12_with_not,15232733,13211558,5806462,34250753,par_async,4,64,0.284874,0.164141,0.557227,182.6697
6s125-xits-opt.gates,hwmcc12_with_not,14734601,10526836,3121730,28383167,par_close,0,64,0.287789,0.161359,0.463024,462.5123
6s125-xits-opt.gates,hwmcc12_with_not,14734601,10526836,3121730,28383167,par_close,1,64,0.287789,0.161359,0.463024,486.0541
6s125-xits-opt.gates,hwmcc12_with_not,14734601,10526836,3121730,28383167,par_close,2,64,0.287789,0.161359,0.463024,497.4797
6s125-xits-opt.gates,hwmcc12_with_not,14734601,10526836,3121730,28383167,par_close,3,64,0.287789,0.161359,0.463024,494.0166
6s125-xits-opt.gates,hwmcc12_with_not,14734601,10526836,3121730,28383167,par_close,4,64,0.287789,0.161359,0.463024,497.1876
6s125-xits-opt.gates,hwmcc12_with_not,14734601,10526836,3121730,28383167,par_async,0,64,0.287789,0.161359,0.463024,168.9069
6s125-xits-opt.gates,hwmcc12_with_not,14734601,10526836,3121730,28383167,par_async,1,64,0.287789,0.161359,0.463024,168.4563
6s125-xits-opt.gates,hwmcc12_with_not,14734601,10526836,3121730,28383167,par_async,2,64,0.287789,0.161359,0.463024,170.6133
6s125-xits-opt.gates,hwmcc12_with_not,14734601,10526836,3121730,28383167,par_async,3,64,0.287789,0.161359,0.463024,174.5407
6s125-xits-opt.gates,hwmcc12_with_not,14734601,10526836,3121730,28383167,par_async,4,64,0.287789,0.161359,0.463024,166.8050
6s163-ands-opt.gates,hwmcc12_with_not,6042399,5133510,2412539,13588448,par_close,0,64,0.067529,0.063945,0.236353,201.3891
6s163-ands-opt.gates,hwmcc12_with_not,6042399,5133510,2412539,13588448,par_close,1,64,0.067529,0.063945,0.236353,211.6565
6s163-ands-opt.gates,hwmcc12_with_not,6042399,5133510,2412539,13588448,par_close,2,64,0.067529,0.063945,0.236353,220.3283
6s163-ands-opt.gates,hwmcc12_with_not,6042399,5133510,2412539,13588448,par_close,3,64,0.067529,0.063945,0.236353,215.7683
6s163-ands-opt.gates,hwmcc12_with_not,6042399,5133510,2412539,13588448,par_close,4,64,0.067529,0.063945,0.236353,224.2201
6s163-ands-opt.gates,hwmcc12_with_not,6042399,5133510,2412539,13588448,par_async,0,64,0.067529,0.063945,0.236353,120.3932
6s163-ands-opt.gates,hwmcc12_with_not,6042399,5133510,2412539,13588448,par_async,1,64,0.067529,0.063945,0.236353,121.3300
6s163-ands-opt.gates,hwmcc12_with_not,6042399,5133510,2412539,13588448,par_async,2,64,0.067529,0.063945,0.236353,118.5548
6s163-ands-opt.gates,hwmcc12_with_not,6042399,5133510,2412539,13588448,par_async,3,64,0.067529,0.063945,0.236353,118.0410
6s163-ands-opt.gates,hwmcc12_with_not,6042399,5133510,2412539,13588448,par_async,4,64,0.067529,0.063945,0.236353,116.3898
6s163-xits-opt.gates,hwmcc12_with_not,5675417,3836213,1115222,10626852,par_close,0,64,0.072002,0.060630,0.192710,160.7628
6s163-xits-opt.gates,hwmcc12_with_not,5675417,3836213,1115222,10626852,par_close,1,64,0.072002,0.060630,0.192710,168.8559
6s163-xits-opt.gates,hwmcc12_with_not,5675417,3836213,1115222,10626852,par_close,2,64,0.072002,0.060630,0.192710,170.7538
6s163-xits-opt.gates,hwmcc12_with_not,5675417,3836213,1115222,10626852,par_close,3,64,0.072002,0.060630,0.192710,170.5982
6s163-xits-opt.gates,hwmcc12_with_not,5675417,3836213,1115222,10626852,par_close,4,64,0.072002,0.060630,0.192710,175.9096
6s163-xits-opt.gates,hwmcc12_with_not,5675417,3836213,1115222,10626852,par_async,0,64,0.072002,0.060630,0.192710,714.0411
6s163-xits-opt.gates,hwmcc12_with_not,5675417,3836213,1115222,10626852,par_async,1,64,0.072002,0.060630,0.192710,690.8368
6s163-xits-opt.gates,hwmcc12_with_not,5675417,3836213,1115222,10626852,par_async,2,64,0.072002,0.060630,0.192710,679.6261
6s163-xits-opt.gates,hwmcc12_with_not,5675417,3836213,1115222,10626852,par_async,3,64,0.072002,0.060630,0.192710,656.0613
6s163-xits-opt.gates,hwmcc12_with_not,5675417,3836213,1115222,10626852,par_async,4,64,0.072002,0.060630,0.192710,630.8412
h5m-n01-ands.gates,iwls22_with_not,1660156,1083431,499915,3243502,par_close,0,96,0.020526,0.019304,0.067462,43.1166
h5m-n01-ands.gates,iwls22_with_not,1660156,1083431,499915,3243502,par_close,1,96,0.020526,0.019304,0.067462,44.4098
h5m-n01-ands.gates,iwls22_with_not,1660156,1083431,499915,3243502,par_close,2,96,0.020526,0.019304,0.067462,45.5013
h5m-n01-ands.gates,iwls22_with_not,1660156,1083431,499915,3243502,par_close,3,96,0.020526,0.019304,0.067462,44.8795
h5m-n01-ands.gates,iwls22_with_not,1660156,1083431,499915,3243502,par_close,4,96,0.020526,0.019304,0.067462,45.1262
h5m-n01-ands.gates,iwls22_with_not,1660156,1083431,499915,3243502,par_async,0,96,0.020526,0.019304,0.067462,8.2903
h5m-n01-ands.gates,iwls22_with_not,1660156,1083431,499915,3243502,par_async,1,96,0.020526,0.019304,0.067462,7.9360
h5m-n01-ands.gates,iwls22_with_not,1660156,1083431,499915,3243502,par_async,2,96,0.020526,0.019304,0.067462,8.2936
h5m-n01-ands.gates,iwls22_with_not,1660156,1083431,499915,3243502,par_async,3,96,0.020526,0.019304,0.067462,7.7327
h5m-n01-ands.gates,iwls22_with_not,1660156,1083431,499915,3243502,par_async,4,96,0.020526,0.019304,0.067462,8.3933
h5m-n01-xits.gates,iwls22_with_not,1105612,613618,249946,1969176,par_close,0,96,0.012939,0.012928,0.047369,42.0539
h5m-n01-xits.gates,iwls22_with_not,1105612,613618,249946,1969176,par_close,1,96,0.012939,0.012928,0.047369,41.4076
h5m-n01-xits.gates,iwls22_with_not,1105612,613618,249946,1969176,par_close,2,96,0.012939,0.012928,0.047369,42.1251
h5m-n01-xits.gates,iwls22_with_not,1105612,613618,249946,1969176,par_close,3,96,0.012939,0.012928,0.047369,37.9961
h5m-n01-xits.gates,iwls22_with_not,1105612,613618,249946,1969176,par_close,4,96,0.012939,0.012928,0.047369,41.0743
h5m-n01-xits.gates,iwls22_with_not,1105612,613618,249946,1969176,par_async,0,96,0.012939,0.012928,0.047369,5.8549
h5m-n01-xits.gates,iwls22_with_not,1105612,613618,249946,1969176,par_async,1,96,0.012939,0.012928,0.047369,5.9230
h5m-n01-xits.gates,iwls22_with_not,1105612,613618,249946,1969176,par_async,2,96,0.012939,0.012928,0.047369,5.9503
h5m-n01-xits.gates,iwls22_with_not,1105612,613618,249946,1969176,par_async,3,96,0.012939,0.012928,0.047369,5.6613
h5m-n01-xits.gates,iwls22_with_not,1105612,613618,249946,1969176,par_async,4,96,0.012939,0.012928,0.047369,5.6410
h5m-n04-ands.gates,iwls22_with_not,1782230,1246980,573992,3603202,par_close,0,96,0.021138,0.020622,0.070754,57.6561
h5m-n04-ands.gates,iwls22_with_not,1782230,1246980,573992,3603202,par_close,1,96,0.021138,0.020622,0.070754,60.5017
h5m-n04-ands.gates,iwls22_with_not,1782230,1246980,573992,3603202,par_close,2,96,0.021138,0.020622,0.070754,62.3222
h5m-n04-ands.gates,iwls22_with_not,1782230,1246980,573992,3603202,par_close,3,96,0.021138,0.020622,0.070754,62.6079
h5m-n04-ands.gates,iwls22_with_not,1782230,1246980,573992,3603202,par_close,4,96,0.021138,0.020622,0.070754,62.8090
h5m-n04-ands.gates,iwls22_with_not,1782230,1246980,573992,3603202,par_async,0,96,0.021138,0.020622,0.070754,5.9217
h5m-n04-ands.gates,iwls22_with_not,1782230,1246980,573992,3603202,par_async,1,96,0.021138,0.020622,0.070754,6.3886
h5m-n04-ands.gates,iwls22_with_not,1782230,1246980,573992,3603202,par_async,2,96,0.021138,0.020622,0.070754,6.2860
h5m-n04-ands.gates,iwls22_with_not,1782230,1246980,573992,3603202,par_async,3,96,0.021138,0.020622,0.070754,6.7700
h5m-n04-ands.gates,iwls22_with_not,1782230,1246980,573992,3603202,par_async,4,96,0.021138,0.020622,0.070754,6.4888
h5m-n04-xits.gates,iwls22_with_not,1268358,707582,308278,2284218,par_close,0,96,0.014918,0.015471,0.050828,51.1763
h5m-n04-xits.gates,iwls22_with_not,1268358,707582,308278,2284218,par_close,1,96,0.014918,0.015471,0.050828,41.3595
h5m-n04-xits.gates,iwls22_with_not,1268358,707582,308278,2284218,par_close,2,96,0.014918,0.015471,0.050828,42.7228
h5m-n04-xits.gates,iwls22_with_not,1268358,707582,308278,2284218,par_close,3,96,0.014918,0.015471,0.050828,39.3825
h5m-n04-xits.gates,iwls22_with_not,1268358,707582,308278,2284218,par_close,4,96,0.014918,0.015471,0.050828,43.0864
h5m-n04-xits.gates,iwls22_with_not,1268358,707582,308278,2284218,par_async,0,96,0.014918,0.015471,0.050828,5.0593
h5m-n04-xits.gates,iwls22_with_not,1268358,707582,308278,2284218,par_async,1,96,0.014918,0.015471,0.050828,5.3816
h5m-n04-xits.gates,iwls22_with_not,1268358,707582,308278,2284218,par_async,2,96,0.014918,0.015471,0.050828,5.1160
h5m-n04-xits.gates,iwls22_with_not,1268358,707582,308278,2284218,par_async,3,96,0.014918,0.015471,0.050828,5.2160
h5m-n04-xits.gates,iwls22_with_not,1268358,707582,308278,2284218,par_async,4,96,0.014918,0.015471,0.050828,4.9917
h5m-n06-ands.gates,iwls22_with_not,4663996,3206860,1500349,9371205,par_close,0,96,0.052794,0.050134,0.149763,107.2379
h5m-n06-ands.gates,iwls22_with_not,4663996,3206860,1500349,9371205,par_close,1,96,0.052794,0.050134,0.149763,108.6632
h5m-n06-ands.gates,iwls22_with_not,4663996,3206860,1500349,9371205,par_close,2,96,0.052794,0.050134,0.149763,107.1049
h5m-n06-ands.gates,iwls22_with_not,4663996,3206860,1500349,9371205,par_close,3,96,0.052794,0.050134,0.149763,109.0120
h5m-n06-ands.gates,iwls22_with_not,4663996,3206860,1500349,9371205,par_close,4,96,0.052794,0.050134,0.149763,109.9168
h5m-n06-ands.gates,iwls22_with_not,4663996,3206860,1500349,9371205,par_async,0,96,0.052794,0.050134,0.149763,19.6347
h5m-n06-ands.gates,iwls22_with_not,4663996,3206860,1500349,9371205,par_async,1,96,0.052794,0.050134,0.149763,21.4855
h5m-n06-ands.gates,iwls22_with_not,4663996,3206860,1500349,9371205,par_async,2,96,0.052794,0.050134,0.149763,20.4784
h5m-n06-ands.gates,iwls22_with_not,4663996,3206860,1500349,9371205,par_async,3,96,0.052794,0.050134,0.149763,20.4671
h5m-n06-ands.gates,iwls22_with_not,4663996,3206860,1500349,9371205,par_async,4,96,0.052794,0.050134,0.149763,20.6368
h5m-n06-xits.gates,iwls22_with_not,3117439,1735829,729369,5582637,par_close,0,96,0.036391,0.035259,0.103597,64.7100
h5m-n06-xits.gates,iwls22_with_not,3117439,1735829,729369,5582637,par_close,1,96,0.036391,0.035259,0.103597,65.7369
h5m-n06-xits.gates,iwls22_with_not,3117439,1735829,729369,5582637,par_close,2,96,0.036391,0.035259,0.103597,66.9316
h5m-n06-xits.gates,iwls22_with_not,3117439,1735829,729369,5582637,par_close,3,96,0.036391,0.035259,0.103597,66.0628
h5m-n06-xits.gates,iwls22_with_not,3117439,1735829,729369,5582637,par_close,4,96,0.036391,0.035259,0.103597,68.0922
h5m-n06-xits.gates,iwls22_with_not,3117439,1735829,729369,5582637,par_async,0,96,0.036391,0.035259,0.103597,13.5265
h5m-n06-xits.gates,iwls22_with_not,3117439,1735829,729369,5582637,par_async,1,96,0.036391,0.035259,0.103597,14.2320
h5m-n06-xits.gates,iwls22_with_not,3117439,1735829,729369,5582637,par_async,2,96,0.036391,0.035259,0.103597,13.8948
h5m-n06-xits.gates,iwls22_with_not,3117439,1735829,729369,5582637,par_async,3,96,0.036391,0.035259,0.103597,13.3430
h5m-n06-xits.gates,iwls22_with_not,3117439,1735829,729369,5582637,par_async,4,96,0.036391,0.035259,0.103597,14.1622
h5m-test01-ands.gates,iwls22_with_not,1380000,1038141,465435,2883576,par_close,0,96,0.016465,0.015770,0.062549,43.8578
h5m-test01-ands.gates,iwls22_with_not,1380000,1038141,465435,2883576,par_close,1,96,0.016465,0.015770,0.062549,45.6758
h5m-test01-ands.gates,iwls22_with_not,1380000,1038141,465435,2883576,par_close,2,96,0.016465,0.015770,0.062549,46.8343
h5m-test01-ands.gates,iwls22_with_not,1380000,1038141,465435,2883576,par_close,3,96,0.016465,0.015770,0.062549,45.9561
h5m-test01-ands.gates,iwls22_with_not,1380000,1038141,465435,2883576,par_close,4,96,0.016465,0.015770,0.062549,44.4403
h5m-test01-ands.gates,iwls22_with_not,1380000,1038141,465435,2883576,par_async,0,96,0.016465,0.015770,0.062549,6.4263
h5m-test01-ands.gates,iwls22_with_not,1380000,1038141,465435,2883576,par_async,1,96,0.016465,0.015770,0.062549,6.4677
h5m-test01-ands.gates,iwls22_with_not,1380000,1038141,465435,2883576,par_async,2,96,0.016465,0.015770,0.062549,6.4290
h5m-test01-ands.gates,iwls22_with_not,1380000,1038141,465435,2883576,par_async,3,96,0.016465,0.015770,0.062549,6.2050
h5m-test01-ands.gates,iwls22_with_not,1380000,1038141,465435,2883576,par_async,4,96,0.016465,0.015770,0.062549,6.1283
h5m-test01-xits.gates,iwls22_with_not,1112914,589597,270675,1973186,par_close,0,96,0.014628,0.013558,0.045719,28.6714
h5m-test01-xits.gates,iwls22_with_not,1112914,589597,270675,1973186,par_close,1,96,0.014628,0.013558,0.045719,29.2735
h5m-test01-xits.gates,iwls22_with_not,1112914,589597,270675,1973186,par_close,2,96,0.014628,0.013558,0.045719,27.9132
h5m-test01-xits.gates,iwls22_with_not,1112914,589597,270675,1973186,par_close,3,96,0.014628,0.013558,0.045719,29.2285
h5m-test01-xits.gates,iwls22_with_not,1112914,589597,270675,1973186,par_close,4,96,0.014628,0.013558,0.045719,28.7714
h5m-test01-xits.gates,iwls22_with_not,1112914,589597,270675,1973186,par_async,0,96,0.014628,0.013558,0.045719,5.3756
h5m-test01-xits.gates,iwls22_with_not,1112914,589597,270675,1973186,par_async,1,96,0.014628,0.013558,0.045719,5.3397
h5m-test01-xits.gates,iwls22_with_not,1112914,589597,270675,1973186,par_async,2,96,0.014628,0.013558,0.045719,5.5267
h5m-test01-xits.gates,iwls22_with_not,1112914,589597,270675,1973186,par_async,3,96,0.014628,0.013558,0.045719,5.4173
h5m-test01-xits.gates,iwls22_with_not,1112914,589597,270675,1973186,par_async,4,96,0.014628,0.013558,0.045719,5.5535
h5m-test02-ands.gates,iwls22_with_not,3476413,2446158,984808,6907379,par_close,0,96,0.040814,0.039230,0.120911,74.9179
h5m-test02-ands.gates,iwls22_with_not,3476413,2446158,984808,6907379,par_close,1,96,0.040814,0.039230,0.120911,77.5300
h5m-test02-ands.gates,iwls22_with_not,3476413,2446158,984808,6907379,par_close,2,96,0.040814,0.039230,0.120911,80.0555
h5m-test02-ands.gates,iwls22_with_not,3476413,2446158,984808,6907379,par_close,3,96,0.040814,0.039230,0.120911,83.3336
h5m-test02-ands.gates,iwls22_with_not,3476413,2446158,984808,6907379,par_close,4,96,0.040814,0.039230,0.120911,79.9227
h5m-test02-ands.gates,iwls22_with_not,3476413,2446158,984808,6907379,par_async,0,96,0.040814,0.039230,0.120911,14.6563
h5m-test02-ands.gates,iwls22_with_not,3476413,2446158,984808,6907379,par_async,1,96,0.040814,0.039230,0.120911,14.5794
h5m-test02-ands.gates,iwls22_with_not,3476413,2446158,984808,6907379,par_async,2,96,0.040814,0.039230,0.120911,15.1651
h5m-test02-ands.gates,iwls22_with_not,3476413,2446158,984808,6907379,par_async,3,96,0.040814,0.039230,0.120911,14.9332
h5m-test02-ands.gates,iwls22_with_not,3476413,2446158,984808,6907379,par_async,4,96,0.040814,0.039230,0.120911,14.1289
h5m-test02-xits.gates,iwls22_with_not,2740997,1336652,613910,4691559,par_close,0,96,0.033301,0.031934,0.085201,56.9907
h5m-test02-xits.gates,iwls22_with_not,2740997,1336652,613910,4691559,par_close,1,96,0.033301,0.031934,0.085201,54.9820
h5m-test02-xits.gates,iwls22_with_not,2740997,1336652,613910,4691559,par_close,2,96,0.033301,0.031934,0.085201,57.2394
h5m-test02-xits.gates,iwls22_with_not,2740997,1336652,613910,4691559,par_close,3,96,0.033301,0.031934,0.085201,58.5719
h5m-test02-xits.gates,iwls22_with_not,2740997,1336652,613910,4691559,par_close,4,96,0.033301,0.031934,0.085201,57.3178
h5m-test02-xits.gates,iwls22_with_not,2740997,1336652,613910,4691559,par_async,0,96,0.033301,0.031934,0.085201,13.8076
h5m-test02-xits.gates,iwls22_with_not,2740997,1336652,613910,4691559,par_async,1,96,0.033301,0.031934,0.085201,14.1609
h5m-test02-xits.gates,iwls22_with_not,2740997,1336652,613910,4691559,par_async,2,96,0.033301,0.031934,0.085201,13.9860
h5m-test02-xits.gates,iwls22_with_not,2740997,1336652,613910,4691559,par_async,3,96,0.033301,0.031934,0.085201,13.8175
h5m-test02-xits.gates,iwls22_with_not,2740997,1336652,613910,4691559,par_async,4,96,0.033301,0.031934,0.085201,13.6160
6s100-ands-opt.gates,hwmcc12_with_not,3442638,3040530,1304136,7787304,par_close,0,96,0.040568,0.038171,0.135694,99.4954
6s100-ands-opt.gates,hwmcc12_with_not,3442638,3040530,1304136,7787304,par_close,1,96,0.040568,0.038171,0.135694,101.2146
6s100-ands-opt.gates,hwmcc12_with_not,3442638,3040530,1304136,7787304,par_close,2,96,0.040568,0.038171,0.135694,103.8684
6s100-ands-opt.gates,hwmcc12_with_not,3442638,3040530,1304136,7787304,par_close,3,96,0.040568,0.038171,0.135694,147.0421
6s100-ands-opt.gates,hwmcc12_with_not,3442638,3040530,1304136,7787304,par_close,4,96,0.040568,0.038171,0.135694,104.9427
6s100-ands-opt.gates,hwmcc12_with_not,3442638,3040530,1304136,7787304,par_async,0,96,0.040568,0.038171,0.135694,37.6379
6s100-ands-opt.gates,hwmcc12_with_not,3442638,3040530,1304136,7787304,par_async,1,96,0.040568,0.038171,0.135694,37.9326
6s100-ands-opt.gates,hwmcc12_with_not,3442638,3040530,1304136,7787304,par_async,2,96,0.040568,0.038171,0.135694,38.4984
6s100-ands-opt.gates,hwmcc12_with_not,3442638,3040530,1304136,7787304,par_async,3,96,0.040568,0.038171,0.135694,39.2590
6s100-ands-opt.gates,hwmcc12_with_not,3442638,3040530,1304136,7787304,par_async,4,96,0.040568,0.038171,0.135694,37.3563
6s100-xits-opt.gates,hwmcc12_with_not,3435519,2571412,835018,6841949,par_close,0,96,0.040896,0.038595,0.125418,91.4247
6s100-xits-opt.gates,hwmcc12_with_not,3435519,2571412,835018,6841949,par_close,1,96,0.040896,0.038595,0.125418,94.6327
6s100-xits-opt.gates,hwmcc12_with_not,3435519,2571412,835018,6841949,par_close,2,96,0.040896,0.038595,0.125418,116.7025
6s100-xits-opt.gates,hwmcc12_with_not,3435519,2571412,835018,6841949,par_close,3,96,0.040896,0.038595,0.125418,97.3888
6s100-xits-opt.gates,hwmcc12_with_not,3435519,2571412,835018,6841949,par_close,4,96,0.040896,0.038595,0.125418,100.5414
6s100-xits-opt.gates,hwmcc12_with_not,3435519,2571412,835018,6841949,par_async,0,96,0.040896,0.038595,0.125418,34.5412
6s100-xits-opt.gates,hwmcc12_with_not,3435519,2571412,835018,6841949,par_async,1,96,0.040896,0.038595,0.125418,34.1036
6s100-xits-opt.gates,hwmcc12_with_not,3435519,2571412,835018,6841949,par_async,2,96,0.040896,0.038595,0.125418,35.3626
6s100-xits-opt.gates,hwmcc12_with_not,3435519,2571412,835018,6841949,par_async,3,96,0.040896,0.038595,0.125418,35.2584
6s100-xits-opt.gates,hwmcc12_with_not,3435519,2571412,835018,6841949,par_async,4,96,0.040896,0.038595,0.125418,34.7169
6s104-ands-opt.gates,hwmcc12_with_not,5408579,4624476,2055360,12088415,par_close,0,96,0.064824,0.059308,0.208154,158.4513
6s104-ands-opt.gates,hwmcc12_with_not,5408579,4624476,2055360,12088415,par_close,1,96,0.064824,0.059308,0.208154,164.9958
6s104-ands-opt.gates,hwmcc12_with_not,5408579,4624476,2055360,12088415,par_close,2,96,0.064824,0.059308,0.208154,165.6780
6s104-ands-opt.gates,hwmcc12_with_not,5408579,4624476,2055360,12088415,par_close,3,96,0.064824,0.059308,0.208154,169.7857
6s104-ands-opt.gates,hwmcc12_with_not,5408579,4624476,2055360,12088415,par_close,4,96,0.064824,0.059308,0.208154,173.5074
6s104-ands-opt.gates,hwmcc12_with_not,5408579,4624476,2055360,12088415,par_async,0,96,0.064824,0.059308,0.208154,597.2952
6s104-ands-opt.gates,hwmcc12_with_not,5408579,4624476,2055360,12088415,par_async,1,96,0.064824,0.059308,0.208154,613.3888
6s104-ands-opt.gates,hwmcc12_with_not,5408579,4624476,2055360,12088415,par_async,2,96,0.064824,0.059308,0.208154,584.2908
6s104-ands-opt.gates,hwmcc12_with_not,5408579,4624476,2055360,12088415,par_async,3,96,0.064824,0.059308,0.208154,591.7097
6s104-ands-opt.gates,hwmcc12_with_not,5408579,4624476,2055360,12088415,par_async,4,96,0.064824,0.059308,0.208154,596.4307
6s104-xits-opt.gates,hwmcc12_with_not,5454645,3893762,1312166,10660573,par_close,0,96,0.071878,0.060895,0.193879,137.6580
6s104-xits-opt.gates,hwmcc12_with_not,5454645,3893762,1312166,10660573,par_close,1,96,0.071878,0.060895,0.193879,140.3001
6s104-xits-opt.gates,hwmcc12_with_not,5454645,3893762,1312166,10660573,par_close,2,96,0.071878,0.060895,0.193879,143.9347
6s104-xits-opt.gates,hwmcc12_with_not,5454645,3893762,1312166,10660573,par_close,3,96,0.071878,0.060895,0.193879,150.0775
6s104-xits-opt.gates,hwmcc12_with_not,5454645,3893762,1312166,10660573,par_close,4,96,0.071878,0.060895,0.193879,147.0675
6s104-xits-opt.gates,hwmcc12_with_not,5454645,3893762,1312166,10660573,par_async,0,96,0.071878,0.060895,0.193879,784.5710
6s104-xits-opt.gates,hwmcc12_with_not,5454645,3893762,1312166,10660573,par_async,1,96,0.071878,0.060895,0.193879,769.2840
6s104-xits-opt.gates,hwmcc12_with_not,5454645,3893762,1312166,10660573,par_async,2,96,0.071878,0.060895,0.193879,753.1714
6s104-xits-opt.gates,hwmcc12_with_not,5454645,3893762,1312166,10660573,par_async,3,96,0.071878,0.060895,0.193879,749.0679
6s104-xits-opt.gates,hwmcc12_with_not,5454645,3893762,1312166,10660573,par_async,4,96,0.071878,0.060895,0.193879,740.5947
6s114-ands-opt.gates,hwmcc12_with_not,4017244,3710951,1561263,9289458,par_close,0,96,0.048769,0.045004,0.170898,115.2717
6s114-ands-opt.gates,hwmcc12_with_not,4017244,3710951,1561263,9289458,par_close,1,96,0.048769,0.045004,0.170898,116.7233
6s114-ands-opt.gates,hwmcc12_with_not,4017244,3710951,1561263,9289458,par_close,2,96,0.048769,0.045004,0.170898,118.7450
6s114-ands-opt.gates,hwmcc12_with_not,4017244,3710951,1561263,9289458,par_close,3,96,0.048769,0.045004,0.170898,122.6493
6s114-ands-opt.gates,hwmcc12_with_not,4017244,3710951,1561263,9289458,par_close,4,96,0.048769,0.045004,0.170898,125.8678
6s114-ands-opt.gates,hwmcc12_with_not,4017244,3710951,1561263,9289458,par_async,0,96,0.048769,0.045004,0.170898,57.6450
6s114-ands-opt.gates,hwmcc12_with_not,4017244,3710951,1561263,9289458,par_async,1,96,0.048769,0.045004,0.170898,57.4891
6s114-ands-opt.gates,hwmcc12_with_not,4017244,3710951,1561263,9289458,par_async,2,96,0.048769,0.045004,0.170898,56.6515
6s114-ands-opt.gates,hwmcc12_with_not,4017244,3710951,1561263,9289458,par_async,3,96,0.048769,0.045004,0.170898,59.2752
6s114-ands-opt.gates,hwmcc12_with_not,4017244,3710951,1561263,9289458,par_async,4,96,0.048769,0.045004,0.170898,60.3855
6s114-xits-opt.gates,hwmcc12_with_not,4390625,3211512,1061874,8664011,par_close,0,96,0.053037,0.048940,0.146950,119.0643
6s114-xits-opt.gates,hwmcc12_with_not,4390625,3211512,1061874,8664011,par_close,1,96,0.053037,0.048940,0.146950,128.1686
6s114-xits-opt.gates,hwmcc12_with_not,4390625,3211512,1061874,8664011,par_close,2,96,0.053037,0.048940,0.146950,129.7058
6s114-xits-opt.gates,hwmcc12_with_not,4390625,3211512,1061874,8664011,par_close,3,96,0.053037,0.048940,0.146950,130.8588
6s114-xits-opt.gates,hwmcc12_with_not,4390625,3211512,1061874,8664011,par_close,4,96,0.053037,0.048940,0.146950,131.6743
6s114-xits-opt.gates,hwmcc12_with_not,4390625,3211512,1061874,8664011,par_async,0,96,0.053037,0.048940,0.146950,105.5580
6s114-xits-opt.gates,hwmcc12_with_not,4390625,3211512,1061874,8664011,par_async,1,96,0.053037,0.048940,0.146950,105.8805
6s114-xits-opt.gates,hwmcc12_with_not,4390625,3211512,1061874,8664011,par_async,2,96,0.053037,0.048940,0.146950,104.8933
6s114-xits-opt.gates,hwmcc12_with_not,4390625,3211512,1061874,8664011,par_async,3,96,0.053037,0.048940,0.146950,107.3190
6s114-xits-opt.gates,hwmcc12_with_not,4390625,3211512,1061874,8664011,par_async,4,96,0.053037,0.048940,0.146950,105.9515
6s117-ands-opt.gates,hwmcc12_with_not,2213528,1880426,831949,4925903,par_close,0,96,0.025921,0.026238,0.094873,67.9483
6s117-ands-opt.gates,hwmcc12_with_not,2213528,1880426,831949,4925903,par_close,1,96,0.025921,0.026238,0.094873,68.8641
6s117-ands-opt.gates,hwmcc12_with_not,2213528,1880426,831949,4925903,par_close,2,96,0.025921,0.026238,0.094873,69.3466
6s117-ands-opt.gates,hwmcc12_with_not,2213528,1880426,831949,4925903,par_close,3,96,0.025921,0.026238,0.094873,69.6647
6s117-ands-opt.gates,hwmcc12_with_not,2213528,1880426,831949,4925903,par_close,4,96,0.025921,0.026238,0.094873,71.6762
6s117-ands-opt.gates,hwmcc12_with_not,2213528,1880426,831949,4925903,par_async,0,96,0.025921,0.026238,0.094873,44.4781
6s117-ands-opt.gates,hwmcc12_with_not,2213528,1880426,831949,4925903,par_async,1,96,0.025921,0.026238,0.094873,44.8583
6s117-ands-opt.gates,hwmcc12_with_not,2213528,1880426,831949,4925903,par_async,2,96,0.025921,0.026238,0.094873,45.1804
6s117-ands-opt.gates,hwmcc12_with_not,2213528,1880426,831949,4925903,par_async,3,96,0.025921,0.026238,0.094873,44.7139
6s117-ands-opt.gates,hwmcc12_with_not,2213528,1880426,831949,4925903,par_async,4,96,0.025921,0.026238,0.094873,46.1307
6s117-xits-opt.gates,hwmcc12_with_not,2292599,1588740,540263,4421602,par_close,0,96,0.026865,0.025921,0.081884,64.6965
6s117-xits-opt.gates,hwmcc12_with_not,2292599,1588740,540263,4421602,par_close,1,96,0.026865,0.025921,0.081884,65.6252
6s117-xits-opt.gates,hwmcc12_with_not,2292599,1588740,540263,4421602,par_close,2,96,0.026865,0.025921,0.081884,66.9437
6s117-xits-opt.gates,hwmcc12_with_not,2292599,1588740,540263,4421602,par_close,3,96,0.026865,0.025921,0.081884,70.7599
6s117-xits-opt.gates,hwmcc12_with_not,2292599,1588740,540263,4421602,par_close,4,96,0.026865,0.025921,0.081884,68.3921
6s117-xits-opt.gates,hwmcc12_with_not,2292599,1588740,540263,4421602,par_async,0,96,0.026865,0.025921,0.081884,68.0847
6s117-xits-opt.gates,hwmcc12_with_not,2292599,1588740,540263,4421602,par_async,1,96,0.026865,0.025921,0.081884,66.6463
6s117-xits-opt.gates,hwmcc12_with_not,2292599,1588740,540263,4421602,par_async,2,96,0.026865,0.025921,0.081884,66.5483
6s117-xits-opt.gates,hwmcc12_with_not,2292599,1588740,540263,4421602,par_async,3,96,0.026865,0.025921,0.081884,67.3578
6s117-xits-opt.gates,hwmcc12_with_not,2292599,1588740,540263,4421602,par_async,4,96,0.026865,0.025921,0.081884,66.2432
6s125-ands-opt.gates,hwmcc12_with_not,15232733,13211558,5806462,34250753,par_close,0,96,0.284931,0.167707,0.557270,397.4078
6s125-ands-opt.gates,hwmcc12_with_not,15232733,13211558,5806462,34250753,par_close,1,96,0.284931,0.167707,0.557270,415.7265
6s125-ands-opt.gates,hwmcc12_with_not,15232733,13211558,5806462,34250753,par_close,2,96,0.284931,0.167707,0.557270,426.1671
6s125-ands-opt.gates,hwmcc12_with_not,15232733,13211558,5806462,34250753,par_close,3,96,0.284931,0.167707,0.557270,437.4560
6s125-ands-opt.gates,hwmcc12_with_not,15232733,13211558,5806462,34250753,par_close,4,96,0.284931,0.167707,0.557270,442.0511
6s125-ands-opt.gates,hwmcc12_with_not,15232733,13211558,5806462,34250753,par_async,0,96,0.284931,0.167707,0.557270,147.1000
6s125-ands-opt.gates,hwmcc12_with_not,15232733,13211558,5806462,34250753,par_async,1,96,0.284931,0.167707,0.557270,151.3406
6s125-ands-opt.gates,hwmcc12_with_not,15232733,13211558,5806462,34250753,par_async,2,96,0.284931,0.167707,0.557270,146.7073
6s125-ands-opt.gates,hwmcc12_with_not,15232733,13211558,5806462,34250753,par_async,3,96,0.284931,0.167707,0.557270,147.3496
6s125-ands-opt.gates,hwmcc12_with_not,15232733,13211558,5806462,34250753,par_async,4,96,0.284931,0.167707,0.557270,153.6710
6s125-xits-opt.gates,hwmcc12_with_not,14734601,10526836,3121730,28383167,par_close,0,96,0.286833,0.162192,0.469014,330.8470
6s125-xits-opt.gates,hwmcc12_with_not,14734601,10526836,3121730,28383167,par_close,1,96,0.286833,0.162192,0.469014,334.9638
6s125-xits-opt.gates,hwmcc12_with_not,14734601,10526836,3121730,28383167,par_close,2,96,0.286833,0.162192,0.469014,348.5090
6s125-xits-opt.gates,hwmcc12_with_not,14734601,10526836,3121730,28383167,par_close,3,96,0.286833,0.162192,0.469014,352.6686
6s125-xits-opt.gates,hwmcc12_with_not,14734601,10526836,3121730,28383167,par_close,4,96,0.286833,0.162192,0.469014,357.1938
6s125-xits-opt.gates,hwmcc12_with_not,14734601,10526836,3121730,28383167,par_async,0,96,0.286833,0.162192,0.469014,129.0693
6s125-xits-opt.gates,hwmcc12_with_not,14734601,10526836,3121730,28383167,par_async,1,96,0.286833,0.162192,0.469014,128.5983
6s125-xits-opt.gates,hwmcc12_with_not,14734601,10526836,3121730,28383167,par_async,2,96,0.286833,0.162192,0.469014,128.5683
6s125-xits-opt.gates,hwmcc12_with_not,14734601,10526836,3121730,28383167,par_async,3,96,0.286833,0.162192,0.469014,127.9500
6s125-xits-opt.gates,hwmcc12_with_not,14734601,10526836,3121730,28383167,par_async,4,96,0.286833,0.162192,0.469014,129.9161
6s163-ands-opt.gates,hwmcc12_with_not,6042399,5133510,2412539,13588448,par_close,0,96,0.076635,0.064681,0.232547,148.2975
6s163-ands-opt.gates,hwmcc12_with_not,6042399,5133510,2412539,13588448,par_close,1,96,0.076635,0.064681,0.232547,160.2510
6s163-ands-opt.gates,hwmcc12_with_not,6042399,5133510,2412539,13588448,par_close,2,96,0.076635,0.064681,0.232547,161.9679
6s163-ands-opt.gates,hwmcc12_with_not,6042399,5133510,2412539,13588448,par_close,3,96,0.076635,0.064681,0.232547,165.2690
6s163-ands-opt.gates,hwmcc12_with_not,6042399,5133510,2412539,13588448,par_close,4,96,0.076635,0.064681,0.232547,163.2073
6s163-ands-opt.gates,hwmcc12_with_not,6042399,5133510,2412539,13588448,par_async,0,96,0.076635,0.064681,0.232547,90.8083
6s163-ands-opt.gates,hwmcc12_with_not,6042399,5133510,2412539,13588448,par_async,1,96,0.076635,0.064681,0.232547,88.1619
6s163-ands-opt.gates,hwmcc12_with_not,6042399,5133510,2412539,13588448,par_async,2,96,0.076635,0.064681,0.232547,89.6187
6s163-ands-opt.gates,hwmcc12_with_not,6042399,5133510,2412539,13588448,par_async,3,96,0.076635,0.064681,0.232547,88.4754
6s163-ands-opt.gates,hwmcc12_with_not,6042399,5133510,2412539,13588448,par_async,4,96,0.076635,0.064681,0.232547,88.7085
6s163-xits-opt.gates,hwmcc12_with_not,5675417,3836213,1115222,10626852,par_close,0,96,0.070408,0.062211,0.189082,123.6754
6s163-xits-opt.gates,hwmcc12_with_not,5675417,3836213,1115222,10626852,par_close,1,96,0.070408,0.062211,0.189082,128.4177
6s163-xits-opt.gates,hwmcc12_with_not,5675417,3836213,1115222,10626852,par_close,2,96,0.070408,0.062211,0.189082,131.9295
6s163-xits-opt.gates,hwmcc12_with_not,5675417,3836213,1115222,10626852,par_close,3,96,0.070408,0.062211,0.189082,132.5739
6s163-xits-opt.gates,hwmcc12_with_not,5675417,3836213,1115222,10626852,par_close,4,96,0.070408,0.062211,0.189082,133.8896
6s163-xits-opt.gates,hwmcc12_with_not,5675417,3836213,1115222,10626852,par_async,0,96,0.070408,0.062211,0.189082,467.5806
6s163-xits-opt.gates,hwmcc12_with_not,5675417,3836213,1115222,10626852,par_async,1,96,0.070408,0.062211,0.189082,461.1566
6s163-xits-opt.gates,hwmcc12_with_not,5675417,3836213,1115222,10626852,par_async,2,96,0.070408,0.062211,0.189082,452.5025
6s163-xits-opt.gates,hwmcc12_with_not,5675417,3836213,1115222,10626852,par_async,3,96,0.070408,0.062211,0.189082,461.5215
6s163-xits-opt.gates,hwmcc12_with_not,5675417,3836213,1115222,10626852,par_async,4,96,0.070408,0.062211,0.189082,458.1213
h5m-n01-ands.gates,iwls22_with_not,1660156,1083431,499915,3243502,par_close,0,128,0.019263,0.022278,0.077893,90.1554
h5m-n01-ands.gates,iwls22_with_not,1660156,1083431,499915,3243502,par_close,1,128,0.019263,0.022278,0.077893,76.7515
h5m-n01-ands.gates,iwls22_with_not,1660156,1083431,499915,3243502,par_close,2,128,0.019263,0.022278,0.077893,43.9685
h5m-n01-ands.gates,iwls22_with_not,1660156,1083431,499915,3243502,par_close,3,128,0.019263,0.022278,0.077893,40.5630
h5m-n01-ands.gates,iwls22_with_not,1660156,1083431,499915,3243502,par_close,4,128,0.019263,0.022278,0.077893,40.0181
h5m-n01-ands.gates,iwls22_with_not,1660156,1083431,499915,3243502,par_async,0,128,0.019263,0.022278,0.077893,7.7444
h5m-n01-ands.gates,iwls22_with_not,1660156,1083431,499915,3243502,par_async,1,128,0.019263,0.022278,0.077893,8.3850
h5m-n01-ands.gates,iwls22_with_not,1660156,1083431,499915,3243502,par_async,2,128,0.019263,0.022278,0.077893,7.7479
h5m-n01-ands.gates,iwls22_with_not,1660156,1083431,499915,3243502,par_async,3,128,0.019263,0.022278,0.077893,8.1185
h5m-n01-ands.gates,iwls22_with_not,1660156,1083431,499915,3243502,par_async,4,128,0.019263,0.022278,0.077893,7.9587
h5m-n01-xits.gates,iwls22_with_not,1105612,613618,249946,1969176,par_close,0,128,0.013141,0.014345,0.062052,66.1866
h5m-n01-xits.gates,iwls22_with_not,1105612,613618,249946,1969176,par_close,1,128,0.013141,0.014345,0.062052,53.9790
h5m-n01-xits.gates,iwls22_with_not,1105612,613618,249946,1969176,par_close,2,128,0.013141,0.014345,0.062052,60.7699
h5m-n01-xits.gates,iwls22_with_not,1105612,613618,249946,1969176,par_close,3,128,0.013141,0.014345,0.062052,47.3412
h5m-n01-xits.gates,iwls22_with_not,1105612,613618,249946,1969176,par_close,4,128,0.013141,0.014345,0.062052,42.2059
h5m-n01-xits.gates,iwls22_with_not,1105612,613618,249946,1969176,par_async,0,128,0.013141,0.014345,0.062052,5.3220
h5m-n01-xits.gates,iwls22_with_not,1105612,613618,249946,1969176,par_async,1,128,0.013141,0.014345,0.062052,5.2943
h5m-n01-xits.gates,iwls22_with_not,1105612,613618,249946,1969176,par_async,2,128,0.013141,0.014345,0.062052,5.4515
h5m-n01-xits.gates,iwls22_with_not,1105612,613618,249946,1969176,par_async,3,128,0.013141,0.014345,0.062052,5.2751
h5m-n01-xits.gates,iwls22_with_not,1105612,613618,249946,1969176,par_async,4,128,0.013141,0.014345,0.062052,5.5769
h5m-n04-ands.gates,iwls22_with_not,1782230,1246980,573992,3603202,par_close,0,128,0.020793,0.021871,0.072997,56.6593
h5m-n04-ands.gates,iwls22_with_not,1782230,1246980,573992,3603202,par_close,1,128,0.020793,0.021871,0.072997,55.6472
h5m-n04-ands.gates,iwls22_with_not,1782230,1246980,573992,3603202,par_close,2,128,0.020793,0.021871,0.072997,59.4166
h5m-n04-ands.gates,iwls22_with_not,1782230,1246980,573992,3603202,par_close,3,128,0.020793,0.021871,0.072997,57.0113
h5m-n04-ands.gates,iwls22_with_not,1782230,1246980,573992,3603202,par_close,4,128,0.020793,0.021871,0.072997,57.7118
h5m-n04-ands.gates,iwls22_with_not,1782230,1246980,573992,3603202,par_async,0,128,0.020793,0.021871,0.072997,6.4390
h5m-n04-ands.gates,iwls22_with_not,1782230,1246980,573992,3603202,par_async,1,128,0.020793,0.021871,0.072997,6.5025
h5m-n04-ands.gates,iwls22_with_not,1782230,1246980,573992,3603202,par_async,2,128,0.020793,0.021871,0.072997,5.8985
h5m-n04-ands.gates,iwls22_with_not,1782230,1246980,573992,3603202,par_async,3,128,0.020793,0.021871,0.072997,6.7472
h5m-n04-ands.gates,iwls22_with_not,1782230,1246980,573992,3603202,par_async,4,128,0.020793,0.021871,0.072997,6.5266
h5m-n04-xits.gates,iwls22_with_not,1268358,707582,308278,2284218,par_close,0,128,0.014684,0.016952,0.066344,72.2032
h5m-n04-xits.gates,iwls22_with_not,1268358,707582,308278,2284218,par_close,1,128,0.014684,0.016952,0.066344,64.8667
h5m-n04-xits.gates,iwls22_with_not,1268358,707582,308278,2284218,par_close,2,128,0.014684,0.016952,0.066344,67.4056
h5m-n04-xits.gates,iwls22_with_not,1268358,707582,308278,2284218,par_close,3,128,0.014684,0.016952,0.066344,48.3639
h5m-n04-xits.gates,iwls22_with_not,1268358,707582,308278,2284218,par_close,4,128,0.014684,0.016952,0.066344,35.5026
h5m-n04-xits.gates,iwls22_with_not,1268358,707582,308278,2284218,par_async,0,128,0.014684,0.016952,0.066344,4.2659
h5m-n04-xits.gates,iwls22_with_not,1268358,707582,308278,2284218,par_async,1,128,0.014684,0.016952,0.066344,4.3905
h5m-n04-xits.gates,iwls22_with_not,1268358,707582,308278,2284218,par_async,2,128,0.014684,0.016952,0.066344,4.5093
h5m-n04-xits.gates,iwls22_with_not,1268358,707582,308278,2284218,par_async,3,128,0.014684,0.016952,0.066344,4.4291
h5m-n04-xits.gates,iwls22_with_not,1268358,707582,308278,2284218,par_async,4,128,0.014684,0.016952,0.066344,4.2224
h5m-n06-ands.gates,iwls22_with_not,4663996,3206860,1500349,9371205,par_close,0,128,0.053967,0.053759,0.167695,95.8169
h5m-n06-ands.gates,iwls22_with_not,4663996,3206860,1500349,9371205,par_close,1,128,0.053967,0.053759,0.167695,97.7902
h5m-n06-ands.gates,iwls22_with_not,4663996,3206860,1500349,9371205,par_close,2,128,0.053967,0.053759,0.167695,97.9383
h5m-n06-ands.gates,iwls22_with_not,4663996,3206860,1500349,9371205,par_close,3,128,0.053967,0.053759,0.167695,98.4014
h5m-n06-ands.gates,iwls22_with_not,4663996,3206860,1500349,9371205,par_close,4,128,0.053967,0.053759,0.167695,101.7144
h5m-n06-ands.gates,iwls22_with_not,4663996,3206860,1500349,9371205,par_async,0,128,0.053967,0.053759,0.167695,19.6291
h5m-n06-ands.gates,iwls22_with_not,4663996,3206860,1500349,9371205,par_async,1,128,0.053967,0.053759,0.167695,18.2757
h5m-n06-ands.gates,iwls22_with_not,4663996,3206860,1500349,9371205,par_async,2,128,0.053967,0.053759,0.167695,18.8547
h5m-n06-ands.gates,iwls22_with_not,4663996,3206860,1500349,9371205,par_async,3,128,0.053967,0.053759,0.167695,19.9512
h5m-n06-ands.gates,iwls22_with_not,4663996,3206860,1500349,9371205,par_async,4,128,0.053967,0.053759,0.167695,20.1930
h5m-n06-xits.gates,iwls22_with_not,3117439,1735829,729369,5582637,par_close,0,128,0.036409,0.036347,0.115161,57.9649
h5m-n06-xits.gates,iwls22_with_not,3117439,1735829,729369,5582637,par_close,1,128,0.036409,0.036347,0.115161,58.2170
h5m-n06-xits.gates,iwls22_with_not,3117439,1735829,729369,5582637,par_close,2,128,0.036409,0.036347,0.115161,60.9040
h5m-n06-xits.gates,iwls22_with_not,3117439,1735829,729369,5582637,par_close,3,128,0.036409,0.036347,0.115161,59.8164
h5m-n06-xits.gates,iwls22_with_not,3117439,1735829,729369,5582637,par_close,4,128,0.036409,0.036347,0.115161,60.9106
h5m-n06-xits.gates,iwls22_with_not,3117439,1735829,729369,5582637,par_async,0,128,0.036409,0.036347,0.115161,12.6306
h5m-n06-xits.gates,iwls22_with_not,3117439,1735829,729369,5582637,par_async,1,128,0.036409,0.036347,0.115161,12.5541
h5m-n06-xits.gates,iwls22_with_not,3117439,1735829,729369,5582637,par_async,2,128,0.036409,0.036347,0.115161,12.9672
h5m-n06-xits.gates,iwls22_with_not,3117439,1735829,729369,5582637,par_async,3,128,0.036409,0.036347,0.115161,12.2404
h5m-n06-xits.gates,iwls22_with_not,3117439,1735829,729369,5582637,par_async,4,128,0.036409,0.036347,0.115161,12.2251
h5m-test01-ands.gates,iwls22_with_not,1380000,1038141,465435,2883576,par_close,0,128,0.015383,0.017173,0.065620,42.3759
h5m-test01-ands.gates,iwls22_with_not,1380000,1038141,465435,2883576,par_close,1,128,0.015383,0.017173,0.065620,41.3408
h5m-test01-ands.gates,iwls22_with_not,1380000,1038141,465435,2883576,par_close,2,128,0.015383,0.017173,0.065620,43.3547
h5m-test01-ands.gates,iwls22_with_not,1380000,1038141,465435,2883576,par_close,3,128,0.015383,0.017173,0.065620,41.2629
h5m-test01-ands.gates,iwls22_with_not,1380000,1038141,465435,2883576,par_close,4,128,0.015383,0.017173,0.065620,43.5466
h5m-test01-ands.gates,iwls22_with_not,1380000,1038141,465435,2883576,par_async,0,128,0.015383,0.017173,0.065620,5.8663
h5m-test01-ands.gates,iwls22_with_not,1380000,1038141,465435,2883576,par_async,1,128,0.015383,0.017173,0.065620,6.1055
h5m-test01-ands.gates,iwls22_with_not,1380000,1038141,465435,2883576,par_async,2,128,0.015383,0.017173,0.065620,6.0029
h5m-test01-ands.gates,iwls22_with_not,1380000,1038141,465435,2883576,par_async,3,128,0.015383,0.017173,0.065620,5.8616
h5m-test01-ands.gates,iwls22_with_not,1380000,1038141,465435,2883576,par_async,4,128,0.015383,0.017173,0.065620,5.5956
h5m-test01-xits.gates,iwls22_with_not,1112914,589597,270675,1973186,par_close,0,128,0.012549,0.014927,0.049667,27.5514
h5m-test01-xits.gates,iwls22_with_not,1112914,589597,270675,1973186,par_close,1,128,0.012549,0.014927,0.049667,30.8099
h5m-test01-xits.gates,iwls22_with_not,1112914,589597,270675,1973186,par_close,2,128,0.012549,0.014927,0.049667,27.6136
h5m-test01-xits.gates,iwls22_with_not,1112914,589597,270675,1973186,par_close,3,128,0.012549,0.014927,0.049667,30.8250
h5m-test01-xits.gates,iwls22_with_not,1112914,589597,270675,1973186,par_close,4,128,0.012549,0.014927,0.049667,32.5007
h5m-test01-xits.gates,iwls22_with_not,1112914,589597,270675,1973186,par_async,0,128,0.012549,0.014927,0.049667,5.3002
h5m-test01-xits.gates,iwls22_with_not,1112914,589597,270675,1973186,par_async,1,128,0.012549,0.014927,0.049667,5.4261
h5m-test01-xits.gates,iwls22_with_not,1112914,589597,270675,1973186,par_async,2,128,0.012549,0.014927,0.049667,5.2765
h5m-test01-xits.gates,iwls22_with_not,1112914,589597,270675,1973186,par_async,3,128,0.012549,0.014927,0.049667,5.7418
h5m-test01-xits.gates,iwls22_with_not,1112914,589597,270675,1973186,par_async,4,128,0.012549,0.014927,0.049667,5.2803
h5m-test02-ands.gates,iwls22_with_not,3476413,2446158,984808,6907379,par_close,0,128,0.039601,0.041267,0.130364,65.5100
h5m-test02-ands.gates,iwls22_with_not,3476413,2446158,984808,6907379,par_close,1,128,0.039601,0.041267,0.130364,67.6015
h5m-test02-ands.gates,iwls22_with_not,3476413,2446158,984808,6907379,par_close,2,128,0.039601,0.041267,0.130364,68.4956
h5m-test02-ands.gates,iwls22_with_not,3476413,2446158,984808,6907379,par_close,3,128,0.039601,0.041267,0.130364,69.4677
h5m-test02-ands.gates,iwls22_with_not,3476413,2446158,984808,6907379,par_close,4,128,0.039601,0.041267,0.130364,69.3921
h5m-test02-ands.gates,iwls22_with_not,3476413,2446158,984808,6907379,par_async,0,128,0.039601,0.041267,0.130364,13.1066
h5m-test02-ands.gates,iwls22_with_not,3476413,2446158,984808,6907379,par_async,1,128,0.039601,0.041267,0.130364,13.1698
h5m-test02-ands.gates,iwls22_with_not,3476413,2446158,984808,6907379,par_async,2,128,0.039601,0.041267,0.130364,13.7830
h5m-test02-ands.gates,iwls22_with_not,3476413,2446158,984808,6907379,par_async,3,128,0.039601,0.041267,0.130364,12.6160
h5m-test02-ands.gates,iwls22_with_not,3476413,2446158,984808,6907379,par_async,4,128,0.039601,0.041267,0.130364,13.1545
h5m-test02-xits.gates,iwls22_with_not,2740997,1336652,613910,4691559,par_close,0,128,0.032396,0.033765,0.093886,52.2488
h5m-test02-xits.gates,iwls22_with_not,2740997,1336652,613910,4691559,par_close,1,128,0.032396,0.033765,0.093886,56.6131
h5m-test02-xits.gates,iwls22_with_not,2740997,1336652,613910,4691559,par_close,2,128,0.032396,0.033765,0.093886,54.9357
h5m-test02-xits.gates,iwls22_with_not,2740997,1336652,613910,4691559,par_close,3,128,0.032396,0.033765,0.093886,54.2211
h5m-test02-xits.gates,iwls22_with_not,2740997,1336652,613910,4691559,par_close,4,128,0.032396,0.033765,0.093886,54.6325
h5m-test02-xits.gates,iwls22_with_not,2740997,1336652,613910,4691559,par_async,0,128,0.032396,0.033765,0.093886,14.9805
h5m-test02-xits.gates,iwls22_with_not,2740997,1336652,613910,4691559,par_async,1,128,0.032396,0.033765,0.093886,13.9218
h5m-test02-xits.gates,iwls22_with_not,2740997,1336652,613910,4691559,par_async,2,128,0.032396,0.033765,0.093886,14.1560
h5m-test02-xits.gates,iwls22_with_not,2740997,1336652,613910,4691559,par_async,3,128,0.032396,0.033765,0.093886,13.8567
h5m-test02-xits.gates,iwls22_with_not,2740997,1336652,613910,4691559,par_async,4,128,0.032396,0.033765,0.093886,14.2949
6s100-ands-opt.gates,hwmcc12_with_not,3442638,3040530,1304136,7787304,par_close,0,128,0.040920,0.040060,0.142137,92.2863
6s100-ands-opt.gates,hwmcc12_with_not,3442638,3040530,1304136,7787304,par_close,1,128,0.040920,0.040060,0.142137,91.7661
6s100-ands-opt.gates,hwmcc12_with_not,3442638,3040530,1304136,7787304,par_close,2,128,0.040920,0.040060,0.142137,173.1193
6s100-ands-opt.gates,hwmcc12_with_not,3442638,3040530,1304136,7787304,par_close,3,128,0.040920,0.040060,0.142137,93.7703
6s100-ands-opt.gates,hwmcc12_with_not,3442638,3040530,1304136,7787304,par_close,4,128,0.040920,0.040060,0.142137,93.1899
6s100-ands-opt.gates,hwmcc12_with_not,3442638,3040530,1304136,7787304,par_async,0,128,0.040920,0.040060,0.142137,34.4065
6s100-ands-opt.gates,hwmcc12_with_not,3442638,3040530,1304136,7787304,par_async,1,128,0.040920,0.040060,0.142137,33.8714
6s100-ands-opt.gates,hwmcc12_with_not,3442638,3040530,1304136,7787304,par_async,2,128,0.040920,0.040060,0.142137,34.2240
6s100-ands-opt.gates,hwmcc12_with_not,3442638,3040530,1304136,7787304,par_async,3,128,0.040920,0.040060,0.142137,33.8442
6s100-ands-opt.gates,hwmcc12_with_not,3442638,3040530,1304136,7787304,par_async,4,128,0.040920,0.040060,0.142137,33.5520
6s100-xits-opt.gates,hwmcc12_with_not,3435519,2571412,835018,6841949,par_close,0,128,0.041830,0.041681,0.131434,88.2151
6s100-xits-opt.gates,hwmcc12_with_not,3435519,2571412,835018,6841949,par_close,1,128,0.041830,0.041681,0.131434,90.9794
6s100-xits-opt.gates,hwmcc12_with_not,3435519,2571412,835018,6841949,par_close,2,128,0.041830,0.041681,0.131434,89.8222
6s100-xits-opt.gates,hwmcc12_with_not,3435519,2571412,835018,6841949,par_close,3,128,0.041830,0.041681,0.131434,87.4376
6s100-xits-opt.gates,hwmcc12_with_not,3435519,2571412,835018,6841949,par_close,4,128,0.041830,0.041681,0.131434,106.4072
6s100-xits-opt.gates,hwmcc12_with_not,3435519,2571412,835018,6841949,par_async,0,128,0.041830,0.041681,0.131434,35.0745
6s100-xits-opt.gates,hwmcc12_with_not,3435519,2571412,835018,6841949,par_async,1,128,0.041830,0.041681,0.131434,34.0521
6s100-xits-opt.gates,hwmcc12_with_not,3435519,2571412,835018,6841949,par_async,2,128,0.041830,0.041681,0.131434,33.8114
6s100-xits-opt.gates,hwmcc12_with_not,3435519,2571412,835018,6841949,par_async,3,128,0.041830,0.041681,0.131434,33.8759
6s100-xits-opt.gates,hwmcc12_with_not,3435519,2571412,835018,6841949,par_async,4,128,0.041830,0.041681,0.131434,33.3868
6s104-ands-opt.gates,hwmcc12_with_not,5408579,4624476,2055360,12088415,par_close,0,128,0.064071,0.060895,0.222123,140.5429
6s104-ands-opt.gates,hwmcc12_with_not,5408579,4624476,2055360,12088415,par_close,1,128,0.064071,0.060895,0.222123,145.5440
6s104-ands-opt.gates,hwmcc12_with_not,5408579,4624476,2055360,12088415,par_close,2,128,0.064071,0.060895,0.222123,146.1549
6s104-ands-opt.gates,hwmcc12_with_not,5408579,4624476,2055360,12088415,par_close,3,128,0.064071,0.060895,0.222123,138.4262
6s104-ands-opt.gates,hwmcc12_with_not,5408579,4624476,2055360,12088415,par_close,4,128,0.064071,0.060895,0.222123,144.1060
6s104-ands-opt.gates,hwmcc12_with_not,5408579,4624476,2055360,12088415,par_async,0,128,0.064071,0.060895,0.222123,505.8122
6s104-ands-opt.gates,hwmcc12_with_not,5408579,4624476,2055360,12088415,par_async,1,128,0.064071,0.060895,0.222123,505.7482
6s104-ands-opt.gates,hwmcc12_with_not,5408579,4624476,2055360,12088415,par_async,2,128,0.064071,0.060895,0.222123,508.6574
6s104-ands-opt.gates,hwmcc12_with_not,5408579,4624476,2055360,12088415,par_async,3,128,0.064071,0.060895,0.222123,507.8920
6s104-ands-opt.gates,hwmcc12_with_not,5408579,4624476,2055360,12088415,par_async,4,128,0.064071,0.060895,0.222123,506.9117
6s104-xits-opt.gates,hwmcc12_with_not,5454645,3893762,1312166,10660573,par_close,0,128,0.072208,0.064634,0.209955,127.2766
6s104-xits-opt.gates,hwmcc12_with_not,5454645,3893762,1312166,10660573,par_close,1,128,0.072208,0.064634,0.209955,137.3926
6s104-xits-opt.gates,hwmcc12_with_not,5454645,3893762,1312166,10660573,par_close,2,128,0.072208,0.064634,0.209955,137.1014
6s104-xits-opt.gates,hwmcc12_with_not,5454645,3893762,1312166,10660573,par_close,3,128,0.072208,0.064634,0.209955,134.1455
6s104-xits-opt.gates,hwmcc12_with_not,5454645,3893762,1312166,10660573,par_close,4,128,0.072208,0.064634,0.209955,133.9338
6s104-xits-opt.gates,hwmcc12_with_not,5454645,3893762,1312166,10660573,par_async,0,128,0.072208,0.064634,0.209955,780.2491
6s104-xits-opt.gates,hwmcc12_with_not,5454645,3893762,1312166,10660573,par_async,1,128,0.072208,0.064634,0.209955,781.9540
6s104-xits-opt.gates,hwmcc12_with_not,5454645,3893762,1312166,10660573,par_async,2,128,0.072208,0.064634,0.209955,767.2918
6s104-xits-opt.gates,hwmcc12_with_not,5454645,3893762,1312166,10660573,par_async,3,128,0.072208,0.064634,0.209955,763.1716
6s104-xits-opt.gates,hwmcc12_with_not,5454645,3893762,1312166,10660573,par_async,4,128,0.072208,0.064634,0.209955,763.1023
6s114-ands-opt.gates,hwmcc12_with_not,4017244,3710951,1561263,9289458,par_close,0,128,0.049660,0.050442,0.183702,103.3992
6s114-ands-opt.gates,hwmcc12_with_not,4017244,3710951,1561263,9289458,par_close,1,128,0.049660,0.050442,0.183702,106.2675
6s114-ands-opt.gates,hwmcc12_with_not,4017244,3710951,1561263,9289458,par_close,2,128,0.049660,0.050442,0.183702,107.5216
6s114-ands-opt.gates,hwmcc12_with_not,4017244,3710951,1561263,9289458,par_close,3,128,0.049660,0.050442,0.183702,110.0282
6s114-ands-opt.gates,hwmcc12_with_not,4017244,3710951,1561263,9289458,par_close,4,128,0.049660,0.050442,0.183702,110.0740
6s114-ands-opt.gates,hwmcc12_with_not,4017244,3710951,1561263,9289458,par_async,0,128,0.049660,0.050442,0.183702,51.9532
6s114-ands-opt.gates,hwmcc12_with_not,4017244,3710951,1561263,9289458,par_async,1,128,0.049660,0.050442,0.183702,54.7170
6s114-ands-opt.gates,hwmcc12_with_not,4017244,3710951,1561263,9289458,par_async,2,128,0.049660,0.050442,0.183702,53.9084
6s114-ands-opt.gates,hwmcc12_with_not,4017244,3710951,1561263,9289458,par_async,3,128,0.049660,0.050442,0.183702,53.8879
6s114-ands-opt.gates,hwmcc12_with_not,4017244,3710951,1561263,9289458,par_async,4,128,0.049660,0.050442,0.183702,51.8945
6s114-xits-opt.gates,hwmcc12_with_not,4390625,3211512,1061874,8664011,par_close,0,128,0.053367,0.053041,0.167190,111.3766
6s114-xits-opt.gates,hwmcc12_with_not,4390625,3211512,1061874,8664011,par_close,1,128,0.053367,0.053041,0.167190,113.6535
6s114-xits-opt.gates,hwmcc12_with_not,4390625,3211512,1061874,8664011,par_close,2,128,0.053367,0.053041,0.167190,114.9801
6s114-xits-opt.gates,hwmcc12_with_not,4390625,3211512,1061874,8664011,par_close,3,128,0.053367,0.053041,0.167190,115.0283
6s114-xits-opt.gates,hwmcc12_with_not,4390625,3211512,1061874,8664011,par_close,4,128,0.053367,0.053041,0.167190,115.0092
6s114-xits-opt.gates,hwmcc12_with_not,4390625,3211512,1061874,8664011,par_async,0,128,0.053367,0.053041,0.167190,98.3111
6s114-xits-opt.gates,hwmcc12_with_not,4390625,3211512,1061874,8664011,par_async,1,128,0.053367,0.053041,0.167190,95.3681
6s114-xits-opt.gates,hwmcc12_with_not,4390625,3211512,1061874,8664011,par_async,2,128,0.053367,0.053041,0.167190,97.1326
6s114-xits-opt.gates,hwmcc12_with_not,4390625,3211512,1061874,8664011,par_async,3,128,0.053367,0.053041,0.167190,97.9984
6s114-xits-opt.gates,hwmcc12_with_not,4390625,3211512,1061874,8664011,par_async,4,128,0.053367,0.053041,0.167190,95.1566
6s117-ands-opt.gates,hwmcc12_with_not,2213528,1880426,831949,4925903,par_close,0,128,0.025789,0.028637,0.106644,61.8687
6s117-ands-opt.gates,hwmcc12_with_not,2213528,1880426,831949,4925903,par_close,1,128,0.025789,0.028637,0.106644,66.7497
6s117-ands-opt.gates,hwmcc12_with_not,2213528,1880426,831949,4925903,par_close,2,128,0.025789,0.028637,0.106644,64.4154
6s117-ands-opt.gates,hwmcc12_with_not,2213528,1880426,831949,4925903,par_close,3,128,0.025789,0.028637,0.106644,69.5049
6s117-ands-opt.gates,hwmcc12_with_not,2213528,1880426,831949,4925903,par_close,4,128,0.025789,0.028637,0.106644,65.6911
6s117-ands-opt.gates,hwmcc12_with_not,2213528,1880426,831949,4925903,par_async,0,128,0.025789,0.028637,0.106644,44.1132
6s117-ands-opt.gates,hwmcc12_with_not,2213528,1880426,831949,4925903,par_async,1,128,0.025789,0.028637,0.106644,43.3964
6s117-ands-opt.gates,hwmcc12_with_not,2213528,1880426,831949,4925903,par_async,2,128,0.025789,0.028637,0.106644,44.1550
6s117-ands-opt.gates,hwmcc12_with_not,2213528,1880426,831949,4925903,par_async,3,128,0.025789,0.028637,0.106644,44.0108
6s117-ands-opt.gates,hwmcc12_with_not,2213528,1880426,831949,4925903,par_async,4,128,0.025789,0.028637,0.106644,44.0903
6s117-xits-opt.gates,hwmcc12_with_not,2292599,1588740,540263,4421602,par_close,0,128,0.026445,0.029078,0.098613,62.2043
6s117-xits-opt.gates,hwmcc12_with_not,2292599,1588740,540263,4421602,par_close,1,128,0.026445,0.029078,0.098613,64.8782
6s117-xits-opt.gates,hwmcc12_with_not,2292599,1588740,540263,4421602,par_close,2,128,0.026445,0.029078,0.098613,65.3020
6s117-xits-opt.gates,hwmcc12_with_not,2292599,1588740,540263,4421602,par_close,3,128,0.026445,0.029078,0.098613,59.9965
6s117-xits-opt.gates,hwmcc12_with_not,2292599,1588740,540263,4421602,par_close,4,128,0.026445,0.029078,0.098613,66.4238
6s117-xits-opt.gates,hwmcc12_with_not,2292599,1588740,540263,4421602,par_async,0,128,0.026445,0.029078,0.098613,64.8636
6s117-xits-opt.gates,hwmcc12_with_not,2292599,1588740,540263,4421602,par_async,1,128,0.026445,0.029078,0.098613,65.2838
6s117-xits-opt.gates,hwmcc12_with_not,2292599,1588740,540263,4421602,par_async,2,128,0.026445,0.029078,0.098613,65.0107
6s117-xits-opt.gates,hwmcc12_with_not,2292599,1588740,540263,4421602,par_async,3,128,0.026445,0.029078,0.098613,64.2137
6s117-xits-opt.gates,hwmcc12_with_not,2292599,1588740,540263,4421602,par_async,4,128,0.026445,0.029078,0.098613,64.6303
6s125-ands-opt.gates,hwmcc12_with_not,15232733,13211558,5806462,34250753,par_close,0,128,0.280430,0.173164,0.593115,356.9885
6s125-ands-opt.gates,hwmcc12_with_not,15232733,13211558,5806462,34250753,par_close,1,128,0.280430,0.173164,0.593115,366.6873
6s125-ands-opt.gates,hwmcc12_with_not,15232733,13211558,5806462,34250753,par_close,2,128,0.280430,0.173164,0.593115,374.3215
6s125-ands-opt.gates,hwmcc12_with_not,15232733,13211558,5806462,34250753,par_close,3,128,0.280430,0.173164,0.593115,386.6134
6s125-ands-opt.gates,hwmcc12_with_not,15232733,13211558,5806462,34250753,par_close,4,128,0.280430,0.173164,0.593115,385.7403
6s125-ands-opt.gates,hwmcc12_with_not,15232733,13211558,5806462,34250753,par_async,0,128,0.280430,0.173164,0.593115,142.2332
6s125-ands-opt.gates,hwmcc12_with_not,15232733,13211558,5806462,34250753,par_async,1,128,0.280430,0.173164,0.593115,143.4365
6s125-ands-opt.gates,hwmcc12_with_not,15232733,13211558,5806462,34250753,par_async,2,128,0.280430,0.173164,0.593115,143.0304
6s125-ands-opt.gates,hwmcc12_with_not,15232733,13211558,5806462,34250753,par_async,3,128,0.280430,0.173164,0.593115,146.2898
6s125-ands-opt.gates,hwmcc12_with_not,15232733,13211558,5806462,34250753,par_async,4,128,0.280430,0.173164,0.593115,146.7253
6s125-xits-opt.gates,hwmcc12_with_not,14734601,10526836,3121730,28383167,par_close,0,128,0.287929,0.171021,0.484388,290.8140
6s125-xits-opt.gates,hwmcc12_with_not,14734601,10526836,3121730,28383167,par_close,1,128,0.287929,0.171021,0.484388,305.0129
6s125-xits-opt.gates,hwmcc12_with_not,14734601,10526836,3121730,28383167,par_close,2,128,0.287929,0.171021,0.484388,313.5842
6s125-xits-opt.gates,hwmcc12_with_not,14734601,10526836,3121730,28383167,par_close,3,128,0.287929,0.171021,0.484388,311.5039
6s125-xits-opt.gates,hwmcc12_with_not,14734601,10526836,3121730,28383167,par_close,4,128,0.287929,0.171021,0.484388,315.5413
6s125-xits-opt.gates,hwmcc12_with_not,14734601,10526836,3121730,28383167,par_async,0,128,0.287929,0.171021,0.484388,119.4693
6s125-xits-opt.gates,hwmcc12_with_not,14734601,10526836,3121730,28383167,par_async,1,128,0.287929,0.171021,0.484388,118.1790
6s125-xits-opt.gates,hwmcc12_with_not,14734601,10526836,3121730,28383167,par_async,2,128,0.287929,0.171021,0.484388,120.4948
6s125-xits-opt.gates,hwmcc12_with_not,14734601,10526836,3121730,28383167,par_async,3,128,0.287929,0.171021,0.484388,118.6021
6s125-xits-opt.gates,hwmcc12_with_not,14734601,10526836,3121730,28383167,par_async,4,128,0.287929,0.171021,0.484388,118.3002
6s163-ands-opt.gates,hwmcc12_with_not,6042399,5133510,2412539,13588448,par_close,0,128,0.075861,0.068760,0.234302,129.1783
6s163-ands-opt.gates,hwmcc12_with_not,6042399,5133510,2412539,13588448,par_close,1,128,0.075861,0.068760,0.234302,139.9825
6s163-ands-opt.gates,hwmcc12_with_not,6042399,5133510,2412539,13588448,par_close,2,128,0.075861,0.068760,0.234302,145.0512
6s163-ands-opt.gates,hwmcc12_with_not,6042399,5133510,2412539,13588448,par_close,3,128,0.075861,0.068760,0.234302,144.8671
6s163-ands-opt.gates,hwmcc12_with_not,6042399,5133510,2412539,13588448,par_close,4,128,0.075861,0.068760,0.234302,138.9663
6s163-ands-opt.gates,hwmcc12_with_not,6042399,5133510,2412539,13588448,par_async,0,128,0.075861,0.068760,0.234302,78.4361
6s163-ands-opt.gates,hwmcc12_with_not,6042399,5133510,2412539,13588448,par_async,1,128,0.075861,0.068760,0.234302,79.0603
6s163-ands-opt.gates,hwmcc12_with_not,6042399,5133510,2412539,13588448,par_async,2,128,0.075861,0.068760,0.234302,78.1902
6s163-ands-opt.gates,hwmcc12_with_not,6042399,5133510,2412539,13588448,par_async,3,128,0.075861,0.068760,0.234302,79.0688
6s163-ands-opt.gates,hwmcc12_with_not,6042399,5133510,2412539,13588448,par_async,4,128,0.075861,0.068760,0.234302,78.7414
6s163-xits-opt.gates,hwmcc12_with_not,5675417,3836213,1115222,10626852,par_close,0,128,0.071465,0.064597,0.195533,109.9941
6s163-xits-opt.gates,hwmcc12_with_not,5675417,3836213,1115222,10626852,par_close,1,128,0.071465,0.064597,0.195533,111.9602
6s163-xits-opt.gates,hwmcc12_with_not,5675417,3836213,1115222,10626852,par_close,2,128,0.071465,0.064597,0.195533,114.5660
6s163-xits-opt.gates,hwmcc12_with_not,5675417,3836213,1115222,10626852,par_close,3,128,0.071465,0.064597,0.195533,127.1376
6s163-xits-opt.gates,hwmcc12_with_not,5675417,3836213,1115222,10626852,par_close,4,128,0.071465,0.064597,0.195533,112.9785
6s163-xits-opt.gates,hwmcc12_with_not,5675417,3836213,1115222,10626852,par_async,0,128,0.071465,0.064597,0.195533,389.3377
6s163-xits-opt.gates,hwmcc12_with_not,5675417,3836213,1115222,10626852,par_async,1,128,0.071465,0.064597,0.195533,384.3533
6s163-xits-opt.gates,hwmcc12_with_not,5675417,3836213,1115222,10626852,par_async,2,128,0.071465,0.064597,0.195533,376.1795
6s163-xits-opt.gates,hwmcc12_with_not,5675417,3836213,1115222,10626852,par_async,3,128,0.071465,0.064597,0.195533,385.4386
6s163-xits-opt.gates,hwmcc12_with_not,5675417,3836213,1115222,10626852,par_async,4,128,0.071465,0.064597,0.195533,390.1549
h5m-n01-ands.gates,iwls22_with_not,1660156,1083431,499915,3243502,par_close,0,192,0.019080,0.058195,0.093853,34.5078
h5m-n01-ands.gates,iwls22_with_not,1660156,1083431,499915,3243502,par_close,1,192,0.019080,0.058195,0.093853,33.5921
h5m-n01-ands.gates,iwls22_with_not,1660156,1083431,499915,3243502,par_close,2,192,0.019080,0.058195,0.093853,34.3418
h5m-n01-ands.gates,iwls22_with_not,1660156,1083431,499915,3243502,par_close,3,192,0.019080,0.058195,0.093853,36.4750
h5m-n01-ands.gates,iwls22_with_not,1660156,1083431,499915,3243502,par_close,4,192,0.019080,0.058195,0.093853,38.0682
h5m-n01-ands.gates,iwls22_with_not,1660156,1083431,499915,3243502,par_async,0,192,0.019080,0.058195,0.093853,6.7326
h5m-n01-ands.gates,iwls22_with_not,1660156,1083431,499915,3243502,par_async,1,192,0.019080,0.058195,0.093853,6.8420
h5m-n01-ands.gates,iwls22_with_not,1660156,1083431,499915,3243502,par_async,2,192,0.019080,0.058195,0.093853,6.7743
h5m-n01-ands.gates,iwls22_with_not,1660156,1083431,499915,3243502,par_async,3,192,0.019080,0.058195,0.093853,6.6953
h5m-n01-ands.gates,iwls22_with_not,1660156,1083431,499915,3243502,par_async,4,192,0.019080,0.058195,0.093853,6.6873
h5m-n01-xits.gates,iwls22_with_not,1105612,613618,249946,1969176,par_close,0,192,0.013182,0.041251,0.073157,24.4761
h5m-n01-xits.gates,iwls22_with_not,1105612,613618,249946,1969176,par_close,1,192,0.013182,0.041251,0.073157,24.0119
h5m-n01-xits.gates,iwls22_with_not,1105612,613618,249946,1969176,par_close,2,192,0.013182,0.041251,0.073157,24.1516
h5m-n01-xits.gates,iwls22_with_not,1105612,613618,249946,1969176,par_close,3,192,0.013182,0.041251,0.073157,26.3298
h5m-n01-xits.gates,iwls22_with_not,1105612,613618,249946,1969176,par_close,4,192,0.013182,0.041251,0.073157,24.2006
h5m-n01-xits.gates,iwls22_with_not,1105612,613618,249946,1969176,par_async,0,192,0.013182,0.041251,0.073157,4.9862
h5m-n01-xits.gates,iwls22_with_not,1105612,613618,249946,1969176,par_async,1,192,0.013182,0.041251,0.073157,5.0842
h5m-n01-xits.gates,iwls22_with_not,1105612,613618,249946,1969176,par_async,2,192,0.013182,0.041251,0.073157,4.9405
h5m-n01-xits.gates,iwls22_with_not,1105612,613618,249946,1969176,par_async,3,192,0.013182,0.041251,0.073157,4.9352
h5m-n01-xits.gates,iwls22_with_not,1105612,613618,249946,1969176,par_async,4,192,0.013182,0.041251,0.073157,4.8671
h5m-n04-ands.gates,iwls22_with_not,1782230,1246980,573992,3603202,par_close,0,192,0.020282,0.044685,0.096143,50.8990
h5m-n04-ands.gates,iwls22_with_not,1782230,1246980,573992,3603202,par_close,1,192,0.020282,0.044685,0.096143,52.1739
h5m-n04-ands.gates,iwls22_with_not,1782230,1246980,573992,3603202,par_close,2,192,0.020282,0.044685,0.096143,52.6850
h5m-n04-ands.gates,iwls22_with_not,1782230,1246980,573992,3603202,par_close,3,192,0.020282,0.044685,0.096143,52.6812
h5m-n04-ands.gates,iwls22_with_not,1782230,1246980,573992,3603202,par_close,4,192,0.020282,0.044685,0.096143,53.9900
h5m-n04-ands.gates,iwls22_with_not,1782230,1246980,573992,3603202,par_async,0,192,0.020282,0.044685,0.096143,6.6721
h5m-n04-ands.gates,iwls22_with_not,1782230,1246980,573992,3603202,par_async,1,192,0.020282,0.044685,0.096143,5.8132
h5m-n04-ands.gates,iwls22_with_not,1782230,1246980,573992,3603202,par_async,2,192,0.020282,0.044685,0.096143,5.6809
h5m-n04-ands.gates,iwls22_with_not,1782230,1246980,573992,3603202,par_async,3,192,0.020282,0.044685,0.096143,5.8499
h5m-n04-ands.gates,iwls22_with_not,1782230,1246980,573992,3603202,par_async,4,192,0.020282,0.044685,0.096143,5.1260
h5m-n04-xits.gates,iwls22_with_not,1268358,707582,308278,2284218,par_close,0,192,0.015362,0.050302,0.089008,34.0696
h5m-n04-xits.gates,iwls22_with_not,1268358,707582,308278,2284218,par_close,1,192,0.015362,0.050302,0.089008,33.9750
h5m-n04-xits.gates,iwls22_with_not,1268358,707582,308278,2284218,par_close,2,192,0.015362,0.050302,0.089008,39.0279
h5m-n04-xits.gates,iwls22_with_not,1268358,707582,308278,2284218,par_close,3,192,0.015362,0.050302,0.089008,36.4865
h5m-n04-xits.gates,iwls22_with_not,1268358,707582,308278,2284218,par_close,4,192,0.015362,0.050302,0.089008,39.4077
h5m-n04-xits.gates,iwls22_with_not,1268358,707582,308278,2284218,par_async,0,192,0.015362,0.050302,0.089008,4.3771
h5m-n04-xits.gates,iwls22_with_not,1268358,707582,308278,2284218,par_async,1,192,0.015362,0.050302,0.089008,4.4267
h5m-n04-xits.gates,iwls22_with_not,1268358,707582,308278,2284218,par_async,2,192,0.015362,0.050302,0.089008,4.4726
h5m-n04-xits.gates,iwls22_with_not,1268358,707582,308278,2284218,par_async,3,192,0.015362,0.050302,0.089008,4.6813
h5m-n04-xits.gates,iwls22_with_not,1268358,707582,308278,2284218,par_async,4,192,0.015362,0.050302,0.089008,4.6527
h5m-n06-ands.gates,iwls22_with_not,4663996,3206860,1500349,9371205,par_close,0,192,0.053689,0.068267,0.183308,79.3150
h5m-n06-ands.gates,iwls22_with_not,4663996,3206860,1500349,9371205,par_close,1,192,0.053689,0.068267,0.183308,80.2159
h5m-n06-ands.gates,iwls22_with_not,4663996,3206860,1500349,9371205,par_close,2,192,0.053689,0.068267,0.183308,82.8282
h5m-n06-ands.gates,iwls22_with_not,4663996,3206860,1500349,9371205,par_close,3,192,0.053689,0.068267,0.183308,83.7768
h5m-n06-ands.gates,iwls22_with_not,4663996,3206860,1500349,9371205,par_close,4,192,0.053689,0.068267,0.183308,91.0159
h5m-n06-ands.gates,iwls22_with_not,4663996,3206860,1500349,9371205,par_async,0,192,0.053689,0.068267,0.183308,19.2093
h5m-n06-ands.gates,iwls22_with_not,4663996,3206860,1500349,9371205,par_async,1,192,0.053689,0.068267,0.183308,18.0848
h5m-n06-ands.gates,iwls22_with_not,4663996,3206860,1500349,9371205,par_async,2,192,0.053689,0.068267,0.183308,17.6926
h5m-n06-ands.gates,iwls22_with_not,4663996,3206860,1500349,9371205,par_async,3,192,0.053689,0.068267,0.183308,18.7708
h5m-n06-ands.gates,iwls22_with_not,4663996,3206860,1500349,9371205,par_async,4,192,0.053689,0.068267,0.183308,19.1847
h5m-n06-xits.gates,iwls22_with_not,3117439,1735829,729369,5582637,par_close,0,192,0.037181,0.068770,0.137786,51.5514
h5m-n06-xits.gates,iwls22_with_not,3117439,1735829,729369,5582637,par_close,1,192,0.037181,0.068770,0.137786,50.7470
h5m-n06-xits.gates,iwls22_with_not,3117439,1735829,729369,5582637,par_close,2,192,0.037181,0.068770,0.137786,51.5604
h5m-n06-xits.gates,iwls22_with_not,3117439,1735829,729369,5582637,par_close,3,192,0.037181,0.068770,0.137786,57.5599
h5m-n06-xits.gates,iwls22_with_not,3117439,1735829,729369,5582637,par_close,4,192,0.037181,0.068770,0.137786,51.0490
h5m-n06-xits.gates,iwls22_with_not,3117439,1735829,729369,5582637,par_async,0,192,0.037181,0.068770,0.137786,10.7546
h5m-n06-xits.gates,iwls22_with_not,3117439,1735829,729369,5582637,par_async,1,192,0.037181,0.068770,0.137786,11.1093
h5m-n06-xits.gates,iwls22_with_not,3117439,1735829,729369,5582637,par_async,2,192,0.037181,0.068770,0.137786,10.8926
h5m-n06-xits.gates,iwls22_with_not,3117439,1735829,729369,5582637,par_async,3,192,0.037181,0.068770,0.137786,10.9490
h5m-n06-xits.gates,iwls22_with_not,3117439,1735829,729369,5582637,par_async,4,192,0.037181,0.068770,0.137786,10.2871
h5m-test01-ands.gates,iwls22_with_not,1380000,1038141,465435,2883576,par_close,0,192,0.015574,0.043831,0.121979,62.8395
h5m-test01-ands.gates,iwls22_with_not,1380000,1038141,465435,2883576,par_close,1,192,0.015574,0.043831,0.121979,51.6314
h5m-test01-ands.gates,iwls22_with_not,1380000,1038141,465435,2883576,par_close,2,192,0.015574,0.043831,0.121979,39.5032
h5m-test01-ands.gates,iwls22_with_not,1380000,1038141,465435,2883576,par_close,3,192,0.015574,0.043831,0.121979,39.5817
h5m-test01-ands.gates,iwls22_with_not,1380000,1038141,465435,2883576,par_close,4,192,0.015574,0.043831,0.121979,39.9947
h5m-test01-ands.gates,iwls22_with_not,1380000,1038141,465435,2883576,par_async,0,192,0.015574,0.043831,0.121979,5.7582
h5m-test01-ands.gates,iwls22_with_not,1380000,1038141,465435,2883576,par_async,1,192,0.015574,0.043831,0.121979,5.8913
h5m-test01-ands.gates,iwls22_with_not,1380000,1038141,465435,2883576,par_async,2,192,0.015574,0.043831,0.121979,5.6923
h5m-test01-ands.gates,iwls22_with_not,1380000,1038141,465435,2883576,par_async,3,192,0.015574,0.043831,0.121979,5.8374
h5m-test01-ands.gates,iwls22_with_not,1380000,1038141,465435,2883576,par_async,4,192,0.015574,0.043831,0.121979,5.7769
h5m-test01-xits.gates,iwls22_with_not,1112914,589597,270675,1973186,par_close,0,192,0.013982,0.043362,0.087045,25.4839
h5m-test01-xits.gates,iwls22_with_not,1112914,589597,270675,1973186,par_close,1,192,0.013982,0.043362,0.087045,24.0248
h5m-test01-xits.gates,iwls22_with_not,1112914,589597,270675,1973186,par_close,2,192,0.013982,0.043362,0.087045,23.9118
h5m-test01-xits.gates,iwls22_with_not,1112914,589597,270675,1973186,par_close,3,192,0.013982,0.043362,0.087045,28.3865
h5m-test01-xits.gates,iwls22_with_not,1112914,589597,270675,1973186,par_close,4,192,0.013982,0.043362,0.087045,30.4503
h5m-test01-xits.gates,iwls22_with_not,1112914,589597,270675,1973186,par_async,0,192,0.013982,0.043362,0.087045,4.9336
h5m-test01-xits.gates,iwls22_with_not,1112914,589597,270675,1973186,par_async,1,192,0.013982,0.043362,0.087045,4.8540
h5m-test01-xits.gates,iwls22_with_not,1112914,589597,270675,1973186,par_async,2,192,0.013982,0.043362,0.087045,5.1077
h5m-test01-xits.gates,iwls22_with_not,1112914,589597,270675,1973186,par_async,3,192,0.013982,0.043362,0.087045,4.9114
h5m-test01-xits.gates,iwls22_with_not,1112914,589597,270675,1973186,par_async,4,192,0.013982,0.043362,0.087045,4.9424
h5m-test02-ands.gates,iwls22_with_not,3476413,2446158,984808,6907379,par_close,0,192,0.040021,0.048773,0.154610,66.0078
h5m-test02-ands.gates,iwls22_with_not,3476413,2446158,984808,6907379,par_close,1,192,0.040021,0.048773,0.154610,61.8723
h5m-test02-ands.gates,iwls22_with_not,3476413,2446158,984808,6907379,par_close,2,192,0.040021,0.048773,0.154610,59.5809
h5m-test02-ands.gates,iwls22_with_not,3476413,2446158,984808,6907379,par_close,3,192,0.040021,0.048773,0.154610,71.5626
h5m-test02-ands.gates,iwls22_with_not,3476413,2446158,984808,6907379,par_close,4,192,0.040021,0.048773,0.154610,59.8352
h5m-test02-ands.gates,iwls22_with_not,3476413,2446158,984808,6907379,par_async,0,192,0.040021,0.048773,0.154610,12.4267
h5m-test02-ands.gates,iwls22_with_not,3476413,2446158,984808,6907379,par_async,1,192,0.040021,0.048773,0.154610,12.4381
h5m-test02-ands.gates,iwls22_with_not,3476413,2446158,984808,6907379,par_async,2,192,0.040021,0.048773,0.154610,12.9933
h5m-test02-ands.gates,iwls22_with_not,3476413,2446158,984808,6907379,par_async,3,192,0.040021,0.048773,0.154610,12.9890
h5m-test02-ands.gates,iwls22_with_not,3476413,2446158,984808,6907379,par_async,4,192,0.040021,0.048773,0.154610,12.3461
h5m-test02-xits.gates,iwls22_with_not,2740997,1336652,613910,4691559,par_close,0,192,0.034392,0.062056,0.123605,44.3158
h5m-test02-xits.gates,iwls22_with_not,2740997,1336652,613910,4691559,par_close,1,192,0.034392,0.062056,0.123605,46.2193
h5m-test02-xits.gates,iwls22_with_not,2740997,1336652,613910,4691559,par_close,2,192,0.034392,0.062056,0.123605,48.2047
h5m-test02-xits.gates,iwls22_with_not,2740997,1336652,613910,4691559,par_close,3,192,0.034392,0.062056,0.123605,51.8902
h5m-test02-xits.gates,iwls22_with_not,2740997,1336652,613910,4691559,par_close,4,192,0.034392,0.062056,0.123605,50.0517
h5m-test02-xits.gates,iwls22_with_not,2740997,1336652,613910,4691559,par_async,0,192,0.034392,0.062056,0.123605,12.9784
h5m-test02-xits.gates,iwls22_with_not,2740997,1336652,613910,4691559,par_async,1,192,0.034392,0.062056,0.123605,12.8420
h5m-test02-xits.gates,iwls22_with_not,2740997,1336652,613910,4691559,par_async,2,192,0.034392,0.062056,0.123605,12.6997
h5m-test02-xits.gates,iwls22_with_not,2740997,1336652,613910,4691559,par_async,3,192,0.034392,0.062056,0.123605,12.7208
h5m-test02-xits.gates,iwls22_with_not,2740997,1336652,613910,4691559,par_async,4,192,0.034392,0.062056,0.123605,14.4436
6s100-ands-opt.gates,hwmcc12_with_not,3442638,3040530,1304136,7787304,par_close,0,192,0.042978,0.054485,0.161565,79.3776
6s100-ands-opt.gates,hwmcc12_with_not,3442638,3040530,1304136,7787304,par_close,1,192,0.042978,0.054485,0.161565,81.8898
6s100-ands-opt.gates,hwmcc12_with_not,3442638,3040530,1304136,7787304,par_close,2,192,0.042978,0.054485,0.161565,80.6322
6s100-ands-opt.gates,hwmcc12_with_not,3442638,3040530,1304136,7787304,par_close,3,192,0.042978,0.054485,0.161565,88.8425
6s100-ands-opt.gates,hwmcc12_with_not,3442638,3040530,1304136,7787304,par_close,4,192,0.042978,0.054485,0.161565,85.3475
6s100-ands-opt.gates,hwmcc12_with_not,3442638,3040530,1304136,7787304,par_async,0,192,0.042978,0.054485,0.161565,32.7170
6s100-ands-opt.gates,hwmcc12_with_not,3442638,3040530,1304136,7787304,par_async,1,192,0.042978,0.054485,0.161565,32.5440
6s100-ands-opt.gates,hwmcc12_with_not,3442638,3040530,1304136,7787304,par_async,2,192,0.042978,0.054485,0.161565,32.1708
6s100-ands-opt.gates,hwmcc12_with_not,3442638,3040530,1304136,7787304,par_async,3,192,0.042978,0.054485,0.161565,32.5218
6s100-ands-opt.gates,hwmcc12_with_not,3442638,3040530,1304136,7787304,par_async,4,192,0.042978,0.054485,0.161565,33.3549
6s100-xits-opt.gates,hwmcc12_with_not,3435519,2571412,835018,6841949,par_close,0,192,0.041962,0.050840,0.153198,74.1716
6s100-xits-opt.gates,hwmcc12_with_not,3435519,2571412,835018,6841949,par_close,1,192,0.041962,0.050840,0.153198,77.8459
6s100-xits-opt.gates,hwmcc12_with_not,3435519,2571412,835018,6841949,par_close,2,192,0.041962,0.050840,0.153198,79.6945
6s100-xits-opt.gates,hwmcc12_with_not,3435519,2571412,835018,6841949,par_close,3,192,0.041962,0.050840,0.153198,96.3140
6s100-xits-opt.gates,hwmcc12_with_not,3435519,2571412,835018,6841949,par_close,4,192,0.041962,0.050840,0.153198,76.9291
6s100-xits-opt.gates,hwmcc12_with_not,3435519,2571412,835018,6841949,par_async,0,192,0.041962,0.050840,0.153198,30.1106
6s100-xits-opt.gates,hwmcc12_with_not,3435519,2571412,835018,6841949,par_async,1,192,0.041962,0.050840,0.153198,29.7873
6s100-xits-opt.gates,hwmcc12_with_not,3435519,2571412,835018,6841949,par_async,2,192,0.041962,0.050840,0.153198,30.3431
6s100-xits-opt.gates,hwmcc12_with_not,3435519,2571412,835018,6841949,par_async,3,192,0.041962,0.050840,0.153198,29.7795
6s100-xits-opt.gates,hwmcc12_with_not,3435519,2571412,835018,6841949,par_async,4,192,0.041962,0.050840,0.153198,30.6550
6s104-ands-opt.gates,hwmcc12_with_not,5408579,4624476,2055360,12088415,par_close,0,192,0.065435,0.113046,0.250687,168.0692
6s104-ands-opt.gates,hwmcc12_with_not,5408579,4624476,2055360,12088415,par_close,1,192,0.065435,0.113046,0.250687,136.5775
6s104-ands-opt.gates,hwmcc12_with_not,5408579,4624476,2055360,12088415,par_close,2,192,0.065435,0.113046,0.250687,149.4347
6s104-ands-opt.gates,hwmcc12_with_not,5408579,4624476,2055360,12088415,par_close,3,192,0.065435,0.113046,0.250687,141.0713
6s104-ands-opt.gates,hwmcc12_with_not,5408579,4624476,2055360,12088415,par_close,4,192,0.065435,0.113046,0.250687,155.8435
6s104-ands-opt.gates,hwmcc12_with_not,5408579,4624476,2055360,12088415,par_async,0,192,0.065435,0.113046,0.250687,549.3199
6s104-ands-opt.gates,hwmcc12_with_not,5408579,4624476,2055360,12088415,par_async,1,192,0.065435,0.113046,0.250687,526.5725
6s104-ands-opt.gates,hwmcc12_with_not,5408579,4624476,2055360,12088415,par_async,2,192,0.065435,0.113046,0.250687,531.5103
6s104-ands-opt.gates,hwmcc12_with_not,5408579,4624476,2055360,12088415,par_async,3,192,0.065435,0.113046,0.250687,525.3314
6s104-ands-opt.gates,hwmcc12_with_not,5408579,4624476,2055360,12088415,par_async,4,192,0.065435,0.113046,0.250687,524.5535
6s104-xits-opt.gates,hwmcc12_with_not,5454645,3893762,1312166,10660573,par_close,0,192,0.071806,0.111896,0.256076,177.9048
6s104-xits-opt.gates,hwmcc12_with_not,5454645,3893762,1312166,10660573,par_close,1,192,0.071806,0.111896,0.256076,147.6488
6s104-xits-opt.gates,hwmcc12_with_not,5454645,3893762,1312166,10660573,par_close,2,192,0.071806,0.111896,0.256076,129.8104
6s104-xits-opt.gates,hwmcc12_with_not,5454645,3893762,1312166,10660573,par_close,3,192,0.071806,0.111896,0.256076,138.7507
6s104-xits-opt.gates,hwmcc12_with_not,5454645,3893762,1312166,10660573,par_close,4,192,0.071806,0.111896,0.256076,126.6765
6s104-xits-opt.gates,hwmcc12_with_not,5454645,3893762,1312166,10660573,par_async,0,192,0.071806,0.111896,0.256076,678.9302
6s104-xits-opt.gates,hwmcc12_with_not,5454645,3893762,1312166,10660573,par_async,1,192,0.071806,0.111896,0.256076,647.7376
6s104-xits-opt.gates,hwmcc12_with_not,5454645,3893762,1312166,10660573,par_async,2,192,0.071806,0.111896,0.256076,644.0219
6s104-xits-opt.gates,hwmcc12_with_not,5454645,3893762,1312166,10660573,par_async,3,192,0.071806,0.111896,0.256076,643.7152
6s104-xits-opt.gates,hwmcc12_with_not,5454645,3893762,1312166,10660573,par_async,4,192,0.071806,0.111896,0.256076,648.5897
6s114-ands-opt.gates,hwmcc12_with_not,4017244,3710951,1561263,9289458,par_close,0,192,0.049251,0.085132,0.286864,94.0959
6s114-ands-opt.gates,hwmcc12_with_not,4017244,3710951,1561263,9289458,par_close,1,192,0.049251,0.085132,0.286864,96.0176
6s114-ands-opt.gates,hwmcc12_with_not,4017244,3710951,1561263,9289458,par_close,2,192,0.049251,0.085132,0.286864,96.4314
6s114-ands-opt.gates,hwmcc12_with_not,4017244,3710951,1561263,9289458,par_close,3,192,0.049251,0.085132,0.286864,103.3719
6s114-ands-opt.gates,hwmcc12_with_not,4017244,3710951,1561263,9289458,par_close,4,192,0.049251,0.085132,0.286864,104.6860
6s114-ands-opt.gates,hwmcc12_with_not,4017244,3710951,1561263,9289458,par_async,0,192,0.049251,0.085132,0.286864,55.4373
6s114-ands-opt.gates,hwmcc12_with_not,4017244,3710951,1561263,9289458,par_async,1,192,0.049251,0.085132,0.286864,56.6197
6s114-ands-opt.gates,hwmcc12_with_not,4017244,3710951,1561263,9289458,par_async,2,192,0.049251,0.085132,0.286864,53.9258
6s114-ands-opt.gates,hwmcc12_with_not,4017244,3710951,1561263,9289458,par_async,3,192,0.049251,0.085132,0.286864,54.0992
6s114-ands-opt.gates,hwmcc12_with_not,4017244,3710951,1561263,9289458,par_async,4,192,0.049251,0.085132,0.286864,52.1514
6s114-xits-opt.gates,hwmcc12_with_not,4390625,3211512,1061874,8664011,par_close,0,192,0.053810,0.091986,0.263996,97.9941
6s114-xits-opt.gates,hwmcc12_with_not,4390625,3211512,1061874,8664011,par_close,1,192,0.053810,0.091986,0.263996,101.5074
6s114-xits-opt.gates,hwmcc12_with_not,4390625,3211512,1061874,8664011,par_close,2,192,0.053810,0.091986,0.263996,104.1925
6s114-xits-opt.gates,hwmcc12_with_not,4390625,3211512,1061874,8664011,par_close,3,192,0.053810,0.091986,0.263996,101.7413
6s114-xits-opt.gates,hwmcc12_with_not,4390625,3211512,1061874,8664011,par_close,4,192,0.053810,0.091986,0.263996,103.5373
6s114-xits-opt.gates,hwmcc12_with_not,4390625,3211512,1061874,8664011,par_async,0,192,0.053810,0.091986,0.263996,90.0877
6s114-xits-opt.gates,hwmcc12_with_not,4390625,3211512,1061874,8664011,par_async,1,192,0.053810,0.091986,0.263996,94.6379
6s114-xits-opt.gates,hwmcc12_with_not,4390625,3211512,1061874,8664011,par_async,2,192,0.053810,0.091986,0.263996,83.6343
6s114-xits-opt.gates,hwmcc12_with_not,4390625,3211512,1061874,8664011,par_async,3,192,0.053810,0.091986,0.263996,83.6599
6s114-xits-opt.gates,hwmcc12_with_not,4390625,3211512,1061874,8664011,par_async,4,192,0.053810,0.091986,0.263996,84.3910
6s117-ands-opt.gates,hwmcc12_with_not,2213528,1880426,831949,4925903,par_close,0,192,0.026032,0.052854,0.165323,67.0239
6s117-ands-opt.gates,hwmcc12_with_not,2213528,1880426,831949,4925903,par_close,1,192,0.026032,0.052854,0.165323,73.5615
6s117-ands-opt.gates,hwmcc12_with_not,2213528,1880426,831949,4925903,par_close,2,192,0.026032,0.052854,0.165323,59.4084
6s117-ands-opt.gates,hwmcc12_with_not,2213528,1880426,831949,4925903,par_close,3,192,0.026032,0.052854,0.165323,61.1411
6s117-ands-opt.gates,hwmcc12_with_not,2213528,1880426,831949,4925903,par_close,4,192,0.026032,0.052854,0.165323,61.2198
6s117-ands-opt.gates,hwmcc12_with_not,2213528,1880426,831949,4925903,par_async,0,192,0.026032,0.052854,0.165323,42.1409
6s117-ands-opt.gates,hwmcc12_with_not,2213528,1880426,831949,4925903,par_async,1,192,0.026032,0.052854,0.165323,42.4635
6s117-ands-opt.gates,hwmcc12_with_not,2213528,1880426,831949,4925903,par_async,2,192,0.026032,0.052854,0.165323,46.1304
6s117-ands-opt.gates,hwmcc12_with_not,2213528,1880426,831949,4925903,par_async,3,192,0.026032,0.052854,0.165323,45.2880
6s117-ands-opt.gates,hwmcc12_with_not,2213528,1880426,831949,4925903,par_async,4,192,0.026032,0.052854,0.165323,45.3010
6s117-xits-opt.gates,hwmcc12_with_not,2292599,1588740,540263,4421602,par_close,0,192,0.026645,0.038491,0.116259,58.4712
6s117-xits-opt.gates,hwmcc12_with_not,2292599,1588740,540263,4421602,par_close,1,192,0.026645,0.038491,0.116259,61.3864
6s117-xits-opt.gates,hwmcc12_with_not,2292599,1588740,540263,4421602,par_close,2,192,0.026645,0.038491,0.116259,64.4384
6s117-xits-opt.gates,hwmcc12_with_not,2292599,1588740,540263,4421602,par_close,3,192,0.026645,0.038491,0.116259,62.4509
6s117-xits-opt.gates,hwmcc12_with_not,2292599,1588740,540263,4421602,par_close,4,192,0.026645,0.038491,0.116259,65.2807
6s117-xits-opt.gates,hwmcc12_with_not,2292599,1588740,540263,4421602,par_async,0,192,0.026645,0.038491,0.116259,68.7824
6s117-xits-opt.gates,hwmcc12_with_not,2292599,1588740,540263,4421602,par_async,1,192,0.026645,0.038491,0.116259,67.5585
6s117-xits-opt.gates,hwmcc12_with_not,2292599,1588740,540263,4421602,par_async,2,192,0.026645,0.038491,0.116259,69.4040
6s117-xits-opt.gates,hwmcc12_with_not,2292599,1588740,540263,4421602,par_async,3,192,0.026645,0.038491,0.116259,71.6527
6s117-xits-opt.gates,hwmcc12_with_not,2292599,1588740,540263,4421602,par_async,4,192,0.026645,0.038491,0.116259,69.5058
6s125-ands-opt.gates,hwmcc12_with_not,15232733,13211558,5806462,34250753,par_close,0,192,0.282895,0.221788,0.649750,295.6952
6s125-ands-opt.gates,hwmcc12_with_not,15232733,13211558,5806462,34250753,par_close,1,192,0.282895,0.221788,0.649750,310.1982
6s125-ands-opt.gates,hwmcc12_with_not,15232733,13211558,5806462,34250753,par_close,2,192,0.282895,0.221788,0.649750,315.2218
6s125-ands-opt.gates,hwmcc12_with_not,15232733,13211558,5806462,34250753,par_close,3,192,0.282895,0.221788,0.649750,318.1050
6s125-ands-opt.gates,hwmcc12_with_not,15232733,13211558,5806462,34250753,par_close,4,192,0.282895,0.221788,0.649750,323.0711
6s125-ands-opt.gates,hwmcc12_with_not,15232733,13211558,5806462,34250753,par_async,0,192,0.282895,0.221788,0.649750,144.0165
6s125-ands-opt.gates,hwmcc12_with_not,15232733,13211558,5806462,34250753,par_async,1,192,0.282895,0.221788,0.649750,138.2541
6s125-ands-opt.gates,hwmcc12_with_not,15232733,13211558,5806462,34250753,par_async,2,192,0.282895,0.221788,0.649750,140.1795
6s125-ands-opt.gates,hwmcc12_with_not,15232733,13211558,5806462,34250753,par_async,3,192,0.282895,0.221788,0.649750,143.4667
6s125-ands-opt.gates,hwmcc12_with_not,15232733,13211558,5806462,34250753,par_async,4,192,0.282895,0.221788,0.649750,136.5865
6s125-xits-opt.gates,hwmcc12_with_not,14734601,10526836,3121730,28383167,par_close,0,192,0.292242,0.208250,0.529053,250.5842
6s125-xits-opt.gates,hwmcc12_with_not,14734601,10526836,3121730,28383167,par_close,1,192,0.292242,0.208250,0.529053,261.7111
6s125-xits-opt.gates,hwmcc12_with_not,14734601,10526836,3121730,28383167,par_close,2,192,0.292242,0.208250,0.529053,273.1054
6s125-xits-opt.gates,hwmcc12_with_not,14734601,10526836,3121730,28383167,par_close,3,192,0.292242,0.208250,0.529053,269.9435
6s125-xits-opt.gates,hwmcc12_with_not,14734601,10526836,3121730,28383167,par_close,4,192,0.292242,0.208250,0.529053,274.5849
6s125-xits-opt.gates,hwmcc12_with_not,14734601,10526836,3121730,28383167,par_async,0,192,0.292242,0.208250,0.529053,109.3606
6s125-xits-opt.gates,hwmcc12_with_not,14734601,10526836,3121730,28383167,par_async,1,192,0.292242,0.208250,0.529053,106.4663
6s125-xits-opt.gates,hwmcc12_with_not,14734601,10526836,3121730,28383167,par_async,2,192,0.292242,0.208250,0.529053,108.1047
6s125-xits-opt.gates,hwmcc12_with_not,14734601,10526836,3121730,28383167,par_async,3,192,0.292242,0.208250,0.529053,108.2627
6s125-xits-opt.gates,hwmcc12_with_not,14734601,10526836,3121730,28383167,par_async,4,192,0.292242,0.208250,0.529053,106.6878
6s163-ands-opt.gates,hwmcc12_with_not,6042399,5133510,2412539,13588448,par_close,0,192,0.078042,0.114670,0.321022,129.5416
6s163-ands-opt.gates,hwmcc12_with_not,6042399,5133510,2412539,13588448,par_close,1,192,0.078042,0.114670,0.321022,124.8651
6s163-ands-opt.gates,hwmcc12_with_not,6042399,5133510,2412539,13588448,par_close,2,192,0.078042,0.114670,0.321022,131.6799
6s163-ands-opt.gates,hwmcc12_with_not,6042399,5133510,2412539,13588448,par_close,3,192,0.078042,0.114670,0.321022,126.8715
6s163-ands-opt.gates,hwmcc12_with_not,6042399,5133510,2412539,13588448,par_close,4,192,0.078042,0.114670,0.321022,129.2250
6s163-ands-opt.gates,hwmcc12_with_not,6042399,5133510,2412539,13588448,par_async,0,192,0.078042,0.114670,0.321022,79.0406
6s163-ands-opt.gates,hwmcc12_with_not,6042399,5133510,2412539,13588448,par_async,1,192,0.078042,0.114670,0.321022,79.6757
6s163-ands-opt.gates,hwmcc12_with_not,6042399,5133510,2412539,13588448,par_async,2,192,0.078042,0.114670,0.321022,82.2903
6s163-ands-opt.gates,hwmcc12_with_not,6042399,5133510,2412539,13588448,par_async,3,192,0.078042,0.114670,0.321022,78.6342
6s163-ands-opt.gates,hwmcc12_with_not,6042399,5133510,2412539,13588448,par_async,4,192,0.078042,0.114670,0.321022,80.9082
6s163-xits-opt.gates,hwmcc12_with_not,5675417,3836213,1115222,10626852,par_close,0,192,0.070651,0.096003,0.223215,100.6572
6s163-xits-opt.gates,hwmcc12_with_not,5675417,3836213,1115222,10626852,par_close,1,192,0.070651,0.096003,0.223215,105.6082
6s163-xits-opt.gates,hwmcc12_with_not,5675417,3836213,1115222,10626852,par_close,2,192,0.070651,0.096003,0.223215,105.6560
6s163-xits-opt.gates,hwmcc12_with_not,5675417,3836213,1115222,10626852,par_close,3,192,0.070651,0.096003,0.223215,108.7644
6s163-xits-opt.gates,hwmcc12_with_not,5675417,3836213,1115222,10626852,par_close,4,192,0.070651,0.096003,0.223215,106.7569
6s163-xits-opt.gates,hwmcc12_with_not,5675417,3836213,1115222,10626852,par_async,0,192,0.070651,0.096003,0.223215,377.9879
6s163-xits-opt.gates,hwmcc12_with_not,5675417,3836213,1115222,10626852,par_async,1,192,0.070651,0.096003,0.223215,376.3636
6s163-xits-opt.gates,hwmcc12_with_not,5675417,3836213,1115222,10626852,par_async,2,192,0.070651,0.096003,0.223215,395.6234
6s163-xits-opt.gates,hwmcc12_with_not,5675417,3836213,1115222,10626852,par_async,3,192,0.070651,0.096003,0.223215,386.2647
6s163-xits-opt.gates,hwmcc12_with_not,5675417,3836213,1115222,10626852,par_async,4,192,0.070651,0.096003,0.223215,384.3973
