workload,parlay_threads,round,work,frontier,next,consolidate_ms,frontier_ms,semisort_ms,keyed_ms,group_by_ms,per_group_ms
cube_d2_k5,1,0,10,750,250,0.175,0.005,0.159,0.000,0.069,0.043
cube_d2_k5,1,1,250,250,122,0.091,0.015,0.053,0.000,0.021,0.015
cube_d2_k5,1,2,122,122,64,0.045,0.008,0.029,0.000,0.012,0.008
cube_d2_k5,1,3,64,64,32,0.025,0.005,0.017,0.000,0.007,0.005
cube_d2_k5,1,4,32,32,16,0.013,0.003,0.011,0.000,0.005,0.003
cube_d2_k5,1,5,16,16,8,0.007,0.002,0.007,0.000,0.004,0.002
cube_d2_k5,1,6,8,8,4,0.004,0.001,0.005,0.000,0.003,0.001
cube_d2_k5,1,7,4,4,2,0.003,0.001,0.006,0.000,0.003,0.001
cube_d2_k5,1,8,2,0,0,0.002,0.001,0.000,,,
cube_d2_k5,1,0,10,750,250,0.005,0.002,0.121,0.000,0.046,0.031
cube_d2_k5,1,1,250,250,122,0.090,0.014,0.052,0.000,0.021,0.015
cube_d2_k5,1,2,122,122,64,0.045,0.007,0.029,0.000,0.011,0.008
cube_d2_k5,1,3,64,64,32,0.025,0.005,0.017,0.000,0.007,0.005
cube_d2_k5,1,4,32,32,16,0.013,0.003,0.011,0.000,0.005,0.003
cube_d2_k5,1,5,16,16,8,0.007,0.002,0.007,0.000,0.004,0.002
cube_d2_k5,1,6,8,8,4,0.004,0.001,0.006,0.000,0.003,0.001
cube_d2_k5,1,7,4,4,2,0.003,0.001,0.005,0.000,0.003,0.001
cube_d2_k5,1,8,2,0,0,0.002,0.001,0.000,,,
cube_d2_k5,1,0,10,750,250,0.007,0.002,0.148,0.000,0.057,0.039
cube_d2_k5,1,1,250,250,122,0.088,0.013,0.061,0.000,0.030,0.015
cube_d2_k5,1,2,122,122,64,0.045,0.007,0.029,0.000,0.012,0.008
cube_d2_k5,1,3,64,64,32,0.024,0.004,0.017,0.000,0.007,0.005
cube_d2_k5,1,4,32,32,16,0.013,0.003,0.010,0.000,0.005,0.003
cube_d2_k5,1,5,16,16,8,0.007,0.002,0.007,0.000,0.004,0.002
cube_d2_k5,1,6,8,8,4,0.004,0.001,0.005,0.000,0.003,0.001
cube_d2_k5,1,7,4,4,2,0.003,0.001,0.004,0.000,0.002,0.000
cube_d2_k5,1,8,2,0,0,0.002,0.000,0.000,,,
cube_d2_k5,1,0,10,750,250,0.005,0.002,0.120,0.000,0.045,0.031
cube_d2_k5,1,1,250,250,122,0.095,0.016,0.064,0.000,0.026,0.019
cube_d2_k5,1,2,122,122,64,0.056,0.009,0.035,0.000,0.014,0.010
cube_d2_k5,1,3,64,64,32,0.027,0.004,0.017,0.000,0.007,0.005
cube_d2_k5,1,4,32,32,16,0.013,0.003,0.011,0.000,0.005,0.003
cube_d2_k5,1,5,16,16,8,0.007,0.002,0.007,0.000,0.004,0.002
cube_d2_k5,1,6,8,8,4,0.004,0.001,0.005,0.000,0.003,0.001
cube_d2_k5,1,7,4,4,2,0.003,0.001,0.004,0.000,0.002,0.000
cube_d2_k5,1,8,2,0,0,0.002,0.000,0.000,,,
cube_d2_k5,1,0,10,750,250,0.005,0.002,0.120,0.000,0.045,0.031
cube_d2_k5,1,1,250,250,122,0.088,0.013,0.051,0.000,0.021,0.015
cube_d2_k5,1,2,122,122,64,0.045,0.007,0.028,0.000,0.012,0.008
cube_d2_k5,1,3,64,64,32,0.024,0.004,0.016,0.000,0.007,0.005
cube_d2_k5,1,4,32,32,16,0.013,0.003,0.010,0.000,0.005,0.003
cube_d2_k5,1,5,16,16,8,0.007,0.002,0.007,0.000,0.004,0.002
cube_d2_k5,1,6,8,8,4,0.004,0.001,0.005,0.000,0.003,0.001
cube_d2_k5,1,7,4,4,2,0.003,0.001,0.004,0.000,0.002,0.000
cube_d2_k5,1,8,2,0,0,0.002,0.000,0.000,,,
cube_d2_k5,1,0,10,750,250,0.005,0.002,0.120,0.000,0.046,0.031
cube_d2_k5,1,1,250,250,122,0.089,0.013,0.051,0.000,0.020,0.015
cube_d2_k5,1,2,122,122,64,0.045,0.007,0.028,0.000,0.011,0.008
cube_d2_k5,1,3,64,64,32,0.027,0.004,0.016,0.000,0.007,0.005
cube_d2_k5,1,4,32,32,16,0.013,0.003,0.011,0.000,0.005,0.003
cube_d2_k5,1,5,16,16,8,0.007,0.002,0.007,0.000,0.004,0.002
cube_d2_k5,1,6,8,8,4,0.004,0.001,0.005,0.000,0.003,0.001
cube_d2_k5,1,7,4,4,2,0.003,0.001,0.004,0.000,0.002,0.000
cube_d2_k5,1,8,2,0,0,0.002,0.000,0.000,,,
cube_d2_k5,2,0,10,750,250,0.178,0.005,0.308,0.000,0.193,0.056
cube_d2_k5,2,1,250,250,122,0.124,0.021,0.079,0.000,0.024,0.024
cube_d2_k5,2,2,122,122,64,0.055,0.009,0.034,0.000,0.012,0.009
cube_d2_k5,2,3,64,64,32,0.029,0.007,0.018,0.000,0.008,0.005
cube_d2_k5,2,4,32,32,16,0.017,0.003,0.011,0.000,0.005,0.003
cube_d2_k5,2,5,16,16,8,0.008,0.002,0.007,0.000,0.004,0.002
cube_d2_k5,2,6,8,8,4,0.004,0.001,0.005,0.000,0.003,0.001
cube_d2_k5,2,7,4,4,2,0.003,0.001,0.008,0.000,0.003,0.001
cube_d2_k5,2,8,2,0,0,0.002,0.001,0.000,,,
cube_d2_k5,2,0,10,750,250,0.005,0.002,0.144,0.000,0.049,0.040
cube_d2_k5,2,1,250,250,122,0.102,0.020,0.071,0.000,0.022,0.021
cube_d2_k5,2,2,122,122,64,0.057,0.011,0.034,0.000,0.013,0.009
cube_d2_k5,2,3,64,64,32,0.029,0.006,0.018,0.000,0.007,0.005
cube_d2_k5,2,4,32,32,16,0.015,0.003,0.011,0.000,0.005,0.003
cube_d2_k5,2,5,16,16,8,0.009,0.002,0.007,0.000,0.004,0.002
cube_d2_k5,2,6,8,8,4,0.004,0.001,0.005,0.000,0.003,0.001
cube_d2_k5,2,7,4,4,2,0.003,0.001,0.004,0.000,0.003,0.000
cube_d2_k5,2,8,2,0,0,0.002,0.001,0.000,,,
cube_d2_k5,2,0,10,750,250,0.007,0.003,0.161,0.000,0.059,0.044
cube_d2_k5,2,1,250,250,122,0.105,0.022,0.074,0.000,0.024,0.021
cube_d2_k5,2,2,122,122,64,0.055,0.009,0.034,0.000,0.012,0.009
cube_d2_k5,2,3,64,64,32,0.027,0.006,0.018,0.000,0.007,0.005
cube_d2_k5,2,4,32,32,16,0.016,0.003,0.011,0.000,0.005,0.003
cube_d2_k5,2,5,16,16,8,0.008,0.002,0.007,0.000,0.004,0.002
cube_d2_k5,2,6,8,8,4,0.004,0.001,0.005,0.000,0.003,0.001
cube_d2_k5,2,7,4,4,2,0.003,0.001,0.004,0.000,0.003,0.000
cube_d2_k5,2,8,2,0,0,0.002,0.001,0.000,,,
cube_d2_k5,2,0,10,750,250,0.005,0.002,0.167,0.000,0.058,0.047
cube_d2_k5,2,1,250,250,122,0.114,0.020,0.076,0.000,0.020,0.027
cube_d2_k5,2,2,122,122,64,0.052,0.009,0.034,0.000,0.012,0.009
cube_d2_k5,2,3,64,64,32,0.026,0.007,0.017,0.000,0.008,0.005
cube_d2_k5,2,4,32,32,16,0.016,0.003,0.011,0.000,0.005,0.003
cube_d2_k5,2,5,16,16,8,0.007,0.002,0.007,0.000,0.004,0.002
cube_d2_k5,2,6,8,8,4,0.005,0.001,0.005,0.000,0.003,0.001
cube_d2_k5,2,7,4,4,2,0.003,0.001,0.004,0.000,0.002,0.000
cube_d2_k5,2,8,2,0,0,0.002,0.001,0.000,,,
cube_d2_k5,2,0,10,750,250,0.005,0.002,0.151,0.000,0.050,0.042
cube_d2_k5,2,1,250,250,122,0.095,0.023,0.078,0.000,0.024,0.023
cube_d2_k5,2,2,122,122,64,0.054,0.009,0.034,0.000,0.013,0.008
cube_d2_k5,2,3,64,64,32,0.028,0.007,0.017,0.000,0.007,0.005
cube_d2_k5,2,4,32,32,16,0.017,0.004,0.011,0.000,0.005,0.003
cube_d2_k5,2,5,16,16,8,0.009,0.002,0.007,0.000,0.004,0.002
cube_d2_k5,2,6,8,8,4,0.004,0.001,0.005,0.000,0.003,0.001
cube_d2_k5,2,7,4,4,2,0.003,0.001,0.004,0.000,0.003,0.000
cube_d2_k5,2,8,2,0,0,0.002,0.001,0.000,,,
cube_d2_k5,2,0,10,750,250,0.005,0.002,0.149,0.000,0.047,0.044
cube_d2_k5,2,1,250,250,122,0.105,0.023,0.085,0.000,0.024,0.026
cube_d2_k5,2,2,122,122,64,0.061,0.011,0.042,0.000,0.015,0.011
cube_d2_k5,2,3,64,64,32,0.034,0.006,0.021,0.000,0.009,0.006
cube_d2_k5,2,4,32,32,16,0.016,0.003,0.011,0.000,0.005,0.003
cube_d2_k5,2,5,16,16,8,0.008,0.002,0.007,0.000,0.004,0.002
cube_d2_k5,2,6,8,8,4,0.004,0.001,0.005,0.000,0.003,0.001
cube_d2_k5,2,7,4,4,2,0.003,0.001,0.004,0.000,0.002,0.000
cube_d2_k5,2,8,2,0,0,0.002,0.000,0.000,,,
cube_d2_k5,4,0,10,750,250,0.378,0.006,0.243,0.000,0.076,0.114
cube_d2_k5,4,1,250,250,122,0.229,0.023,0.082,0.000,0.026,0.022
cube_d2_k5,4,2,122,122,64,0.056,0.022,0.034,0.000,0.013,0.011
cube_d2_k5,4,3,64,64,32,0.038,0.014,0.018,0.000,0.007,0.005
cube_d2_k5,4,4,32,32,16,0.031,0.004,0.012,0.000,0.005,0.003
cube_d2_k5,4,5,16,16,8,0.011,0.003,0.009,0.000,0.005,0.002
cube_d2_k5,4,6,8,8,4,0.006,0.001,0.005,0.000,0.003,0.001
cube_d2_k5,4,7,4,4,2,0.004,0.001,0.009,0.000,0.003,0.001
cube_d2_k5,4,8,2,0,0,0.003,0.001,0.000,,,
cube_d2_k5,4,0,10,750,250,0.006,0.003,0.153,0.000,0.052,0.044
cube_d2_k5,4,1,250,250,122,0.086,0.028,0.079,0.000,0.022,0.022
cube_d2_k5,4,2,122,122,64,0.067,0.013,0.033,0.000,0.012,0.009
cube_d2_k5,4,3,64,64,32,0.029,0.013,0.018,0.000,0.008,0.005
cube_d2_k5,4,4,32,32,16,0.026,0.003,0.011,0.000,0.005,0.003
cube_d2_k5,4,5,16,16,8,0.009,0.002,0.007,0.000,0.004,0.002
cube_d2_k5,4,6,8,8,4,0.005,0.001,0.005,0.000,0.003,0.001
cube_d2_k5,4,7,4,4,2,0.003,0.001,0.004,0.000,0.002,0.000
cube_d2_k5,4,8,2,0,0,0.002,0.001,0.000,,,
cube_d2_k5,4,0,10,750,250,0.005,0.003,0.152,0.000,0.057,0.040
cube_d2_k5,4,1,250,250,122,0.081,0.032,0.073,0.000,0.024,0.021
cube_d2_k5,4,2,122,122,64,0.053,0.024,0.047,0.000,0.014,0.015
cube_d2_k5,4,3,64,64,32,0.040,0.012,0.019,0.000,0.007,0.005
cube_d2_k5,4,4,32,32,16,0.024,0.003,0.012,0.000,0.005,0.003
cube_d2_k5,4,5,16,16,8,0.011,0.003,0.008,0.000,0.004,0.002
cube_d2_k5,4,6,8,8,4,0.006,0.001,0.005,0.000,0.003,0.001
cube_d2_k5,4,7,4,4,2,0.003,0.001,0.004,0.000,0.002,0.000
cube_d2_k5,4,8,2,0,0,0.002,0.000,0.000,,,
cube_d2_k5,4,0,10,750,250,0.005,0.003,0.142,0.000,0.056,0.033
cube_d2_k5,4,1,250,250,122,0.091,0.030,0.080,0.000,0.023,0.019
cube_d2_k5,4,2,122,122,64,0.046,0.021,0.036,0.000,0.012,0.010
cube_d2_k5,4,3,64,64,32,0.036,0.014,0.018,0.000,0.007,0.005
cube_d2_k5,4,4,32,32,16,0.023,0.003,0.011,0.000,0.005,0.003
cube_d2_k5,4,5,16,16,8,0.011,0.003,0.007,0.000,0.004,0.002
cube_d2_k5,4,6,8,8,4,0.006,0.001,0.005,0.000,0.003,0.001
cube_d2_k5,4,7,4,4,2,0.003,0.001,0.004,0.000,0.002,0.000
cube_d2_k5,4,8,2,0,0,0.002,0.000,0.000,,,
cube_d2_k5,4,0,10,750,250,0.005,0.002,0.138,0.000,0.050,0.036
cube_d2_k5,4,1,250,250,122,0.081,0.030,0.085,0.000,0.026,0.028
cube_d2_k5,4,2,122,122,64,0.068,0.013,0.042,0.000,0.012,0.011
cube_d2_k5,4,3,64,64,32,0.032,0.016,0.030,0.000,0.008,0.010
cube_d2_k5,4,4,32,32,16,0.031,0.004,0.012,0.000,0.006,0.003
cube_d2_k5,4,5,16,16,8,0.011,0.003,0.008,0.000,0.004,0.002
cube_d2_k5,4,6,8,8,4,0.005,0.001,0.005,0.000,0.003,0.001
cube_d2_k5,4,7,4,4,2,0.003,0.001,0.004,0.000,0.002,0.000
cube_d2_k5,4,8,2,0,0,0.002,0.000,0.000,,,
cube_d2_k5,4,0,10,750,250,0.005,0.003,0.151,0.000,0.059,0.034
cube_d2_k5,4,1,250,250,122,0.092,0.032,0.082,0.000,0.023,0.022
cube_d2_k5,4,2,122,122,64,0.053,0.020,0.037,0.000,0.013,0.011
cube_d2_k5,4,3,64,64,32,0.034,0.012,0.018,0.000,0.007,0.005
cube_d2_k5,4,4,32,32,16,0.029,0.005,0.012,0.000,0.005,0.003
cube_d2_k5,4,5,16,16,8,0.010,0.002,0.007,0.000,0.004,0.002
cube_d2_k5,4,6,8,8,4,0.005,0.001,0.006,0.000,0.003,0.001
cube_d2_k5,4,7,4,4,2,0.003,0.001,0.004,0.000,0.002,0.000
cube_d2_k5,4,8,2,0,0,0.002,0.001,0.000,,,
cube_d2_k5,8,0,10,750,250,0.187,0.005,0.683,0.000,0.555,0.062
cube_d2_k5,8,1,250,250,122,0.150,0.036,0.085,0.000,0.021,0.029
cube_d2_k5,8,2,122,122,64,0.063,0.024,0.049,0.000,0.014,0.015
cube_d2_k5,8,3,64,64,32,0.053,0.016,0.047,0.000,0.008,0.026
cube_d2_k5,8,4,32,32,16,0.027,0.003,0.014,0.000,0.005,0.003
cube_d2_k5,8,5,16,16,8,0.011,0.004,0.008,0.000,0.004,0.002
cube_d2_k5,8,6,8,8,4,0.007,0.002,0.006,0.000,0.003,0.001
cube_d2_k5,8,7,4,4,2,0.003,0.001,0.008,0.000,0.003,0.001
cube_d2_k5,8,8,2,0,0,0.002,0.001,0.000,,,
cube_d2_k5,8,0,10,750,250,0.005,0.003,0.155,0.000,0.061,0.039
cube_d2_k5,8,1,250,250,122,0.078,0.031,0.083,0.000,0.026,0.023
cube_d2_k5,8,2,122,122,64,0.069,0.022,0.049,0.000,0.015,0.014
cube_d2_k5,8,3,64,64,32,0.037,0.014,0.028,0.000,0.008,0.008
cube_d2_k5,8,4,32,32,16,0.028,0.006,0.012,0.000,0.005,0.003
cube_d2_k5,8,5,16,16,8,0.011,0.002,0.008,0.000,0.004,0.002
cube_d2_k5,8,6,8,8,4,0.005,0.001,0.006,0.000,0.003,0.001
cube_d2_k5,8,7,4,4,2,0.003,0.001,0.004,0.000,0.003,0.000
cube_d2_k5,8,8,2,0,0,0.002,0.001,0.000,,,
cube_d2_k5,8,0,10,750,250,0.005,0.003,0.147,0.000,0.058,0.039
cube_d2_k5,8,1,250,250,122,0.073,0.029,0.076,0.000,0.023,0.023
cube_d2_k5,8,2,122,122,64,0.062,0.021,0.049,0.000,0.013,0.016
cube_d2_k5,8,3,64,64,32,0.033,0.015,0.029,0.000,0.007,0.009
cube_d2_k5,8,4,32,32,16,0.022,0.008,0.013,0.000,0.005,0.004
cube_d2_k5,8,5,16,16,8,0.014,0.004,0.008,0.000,0.004,0.002
cube_d2_k5,8,6,8,8,4,0.013,0.002,0.005,0.000,0.003,0.001
cube_d2_k5,8,7,4,4,2,0.003,0.001,0.004,0.000,0.003,0.000
cube_d2_k5,8,8,2,0,0,0.002,0.000,0.000,,,
cube_d2_k5,8,0,10,750,250,0.005,0.003,0.138,0.000,0.058,0.038
cube_d2_k5,8,1,250,250,122,0.074,0.029,0.081,0.000,0.024,0.024
cube_d2_k5,8,2,122,122,64,0.059,0.021,0.047,0.000,0.014,0.015
cube_d2_k5,8,3,64,64,32,0.042,0.011,0.034,0.000,0.008,0.011
cube_d2_k5,8,4,32,32,16,0.022,0.006,0.015,0.000,0.005,0.005
cube_d2_k5,8,5,16,16,8,0.013,0.003,0.008,0.000,0.004,0.002
cube_d2_k5,8,6,8,8,4,0.007,0.002,0.006,0.000,0.003,0.001
cube_d2_k5,8,7,4,4,2,0.003,0.001,0.004,0.000,0.003,0.000
cube_d2_k5,8,8,2,0,0,0.002,0.001,0.000,,,
cube_d2_k5,8,0,10,750,250,0.005,0.003,0.152,0.000,0.057,0.042
cube_d2_k5,8,1,250,250,122,0.081,0.032,0.069,0.000,0.022,0.022
cube_d2_k5,8,2,122,122,64,0.053,0.021,0.048,0.000,0.014,0.016
cube_d2_k5,8,3,64,64,32,0.035,0.013,0.031,0.000,0.008,0.010
cube_d2_k5,8,4,32,32,16,0.019,0.006,0.014,0.000,0.006,0.004
cube_d2_k5,8,5,16,16,8,0.012,0.004,0.008,0.000,0.004,0.002
cube_d2_k5,8,6,8,8,4,0.009,0.003,0.005,0.000,0.003,0.001
cube_d2_k5,8,7,4,4,2,0.003,0.001,0.004,0.000,0.003,0.000
cube_d2_k5,8,8,2,0,0,0.002,0.000,0.000,,,
cube_d2_k5,8,0,10,750,250,0.005,0.003,0.144,0.000,0.059,0.038
cube_d2_k5,8,1,250,250,122,0.092,0.028,0.079,0.000,0.023,0.024
cube_d2_k5,8,2,122,122,64,0.055,0.021,0.049,0.000,0.013,0.016
cube_d2_k5,8,3,64,64,32,0.031,0.015,0.031,0.000,0.007,0.011
cube_d2_k5,8,4,32,32,16,0.020,0.007,0.014,0.000,0.006,0.005
cube_d2_k5,8,5,16,16,8,0.011,0.005,0.009,0.000,0.004,0.002
cube_d2_k5,8,6,8,8,4,0.008,0.002,0.006,0.000,0.003,0.001
cube_d2_k5,8,7,4,4,2,0.004,0.001,0.004,0.000,0.002,0.000
cube_d2_k5,8,8,2,0,0,0.002,0.000,0.000,,,
cube_d2_k5,16,0,10,750,250,0.582,0.015,0.313,0.000,0.178,0.060
cube_d2_k5,16,1,250,250,122,0.491,0.035,0.080,0.000,0.026,0.021
cube_d2_k5,16,2,122,122,64,0.045,0.021,0.047,0.000,0.012,0.014
cube_d2_k5,16,3,64,64,32,0.031,0.015,0.021,0.000,0.008,0.006
cube_d2_k5,16,4,32,32,16,0.017,0.006,0.012,0.000,0.006,0.003
cube_d2_k5,16,5,16,16,8,0.010,0.003,0.008,0.000,0.004,0.002
cube_d2_k5,16,6,8,8,4,0.006,0.001,0.006,0.000,0.003,0.001
cube_d2_k5,16,7,4,4,2,0.003,0.001,0.007,0.000,0.003,0.001
cube_d2_k5,16,8,2,0,0,0.002,0.001,0.000,,,
cube_d2_k5,16,0,10,750,250,0.006,0.003,0.137,0.000,0.051,0.036
cube_d2_k5,16,1,250,250,122,0.067,0.036,0.077,0.000,0.024,0.022
cube_d2_k5,16,2,122,122,64,0.044,0.026,0.049,0.000,0.013,0.015
cube_d2_k5,16,3,64,64,32,0.029,0.009,0.025,0.000,0.008,0.006
cube_d2_k5,16,4,32,32,16,0.017,0.007,0.013,0.000,0.006,0.003
cube_d2_k5,16,5,16,16,8,0.011,0.004,0.008,0.000,0.004,0.002
cube_d2_k5,16,6,8,8,4,0.009,0.002,0.006,0.000,0.003,0.001
cube_d2_k5,16,7,4,4,2,0.003,0.001,0.004,0.000,0.003,0.000
cube_d2_k5,16,8,2,0,0,0.002,0.001,0.000,,,
cube_d2_k5,16,0,10,750,250,0.005,0.003,0.306,0.000,0.218,0.035
cube_d2_k5,16,1,250,250,122,0.080,0.033,0.075,0.000,0.024,0.019
cube_d2_k5,16,2,122,122,64,0.039,0.015,0.049,0.000,0.013,0.014
cube_d2_k5,16,3,64,64,32,0.027,0.008,0.021,0.000,0.007,0.005
cube_d2_k5,16,4,32,32,16,0.018,0.006,0.012,0.000,0.005,0.003
cube_d2_k5,16,5,16,16,8,0.012,0.003,0.008,0.000,0.004,0.002
cube_d2_k5,16,6,8,8,4,0.008,0.003,0.006,0.000,0.003,0.001
cube_d2_k5,16,7,4,4,2,0.003,0.001,0.004,0.000,0.003,0.000
cube_d2_k5,16,8,2,0,0,0.002,0.001,0.000,,,
cube_d2_k5,16,0,10,750,250,0.005,0.003,0.140,0.000,0.044,0.041
cube_d2_k5,16,1,250,250,122,0.097,0.032,0.085,0.000,0.025,0.021
cube_d2_k5,16,2,122,122,64,0.040,0.020,0.048,0.000,0.013,0.014
cube_d2_k5,16,3,64,64,32,0.030,0.009,0.031,0.000,0.008,0.009
cube_d2_k5,16,4,32,32,16,0.017,0.006,0.016,0.000,0.005,0.003
cube_d2_k5,16,5,16,16,8,0.009,0.002,0.008,0.000,0.004,0.002
cube_d2_k5,16,6,8,8,4,0.005,0.001,0.006,0.000,0.003,0.001
cube_d2_k5,16,7,4,4,2,0.003,0.001,0.004,0.000,0.003,0.000
cube_d2_k5,16,8,2,0,0,0.002,0.000,0.000,,,
cube_d2_k5,16,0,10,750,250,0.005,0.002,0.131,0.000,0.044,0.034
cube_d2_k5,16,1,250,250,122,0.073,0.034,0.077,0.000,0.025,0.020
cube_d2_k5,16,2,122,122,64,0.039,0.018,0.045,0.000,0.012,0.014
cube_d2_k5,16,3,64,64,32,0.025,0.015,0.026,0.000,0.008,0.006
cube_d2_k5,16,4,32,32,16,0.016,0.006,0.012,0.000,0.005,0.003
cube_d2_k5,16,5,16,16,8,0.012,0.003,0.008,0.000,0.004,0.002
cube_d2_k5,16,6,8,8,4,0.007,0.001,0.006,0.000,0.003,0.001
cube_d2_k5,16,7,4,4,2,0.003,0.001,0.004,0.000,0.003,0.000
cube_d2_k5,16,8,2,0,0,0.002,0.000,0.000,,,
cube_d2_k5,16,0,10,750,250,0.005,0.003,0.140,0.000,0.044,0.035
cube_d2_k5,16,1,250,250,122,0.078,0.031,0.094,0.000,0.027,0.022
cube_d2_k5,16,2,122,122,64,0.041,0.020,0.044,0.000,0.012,0.013
cube_d2_k5,16,3,64,64,32,0.024,0.014,0.026,0.000,0.008,0.006
cube_d2_k5,16,4,32,32,16,0.017,0.006,0.013,0.000,0.005,0.003
cube_d2_k5,16,5,16,16,8,0.013,0.003,0.008,0.000,0.004,0.002
cube_d2_k5,16,6,8,8,4,0.009,0.002,0.006,0.000,0.003,0.001
cube_d2_k5,16,7,4,4,2,0.003,0.001,0.005,0.000,0.003,0.000
cube_d2_k5,16,8,2,0,0,0.002,0.000,0.000,,,
cube_d2_k5,32,0,10,750,250,0.491,0.006,1.823,0.000,1.695,0.058
cube_d2_k5,32,1,250,250,122,0.052,0.035,0.072,0.000,0.026,0.018
cube_d2_k5,32,2,122,122,64,0.038,0.020,0.045,0.000,0.012,0.014
cube_d2_k5,32,3,64,64,32,0.023,0.010,0.020,0.000,0.008,0.006
cube_d2_k5,32,4,32,32,16,0.018,0.006,0.012,0.000,0.006,0.003
cube_d2_k5,32,5,16,16,8,0.010,0.002,0.008,0.000,0.004,0.002
cube_d2_k5,32,6,8,8,4,0.005,0.001,0.006,0.000,0.003,0.001
cube_d2_k5,32,7,4,4,2,0.003,0.001,0.007,0.000,0.003,0.001
cube_d2_k5,32,8,2,0,0,0.002,0.001,0.000,,,
cube_d2_k5,32,0,10,750,250,0.005,0.003,0.131,0.000,0.044,0.033
cube_d2_k5,32,1,250,250,122,0.057,0.033,0.073,0.000,0.022,0.020
cube_d2_k5,32,2,122,122,64,0.038,0.023,0.044,0.000,0.012,0.014
cube_d2_k5,32,3,64,64,32,0.022,0.013,0.019,0.000,0.007,0.005
cube_d2_k5,32,4,32,32,16,0.016,0.006,0.013,0.000,0.006,0.003
cube_d2_k5,32,5,16,16,8,0.010,0.003,0.008,0.000,0.004,0.002
cube_d2_k5,32,6,8,8,4,0.006,0.002,0.006,0.000,0.003,0.001
cube_d2_k5,32,7,4,4,2,0.003,0.001,0.004,0.000,0.003,0.000
cube_d2_k5,32,8,2,0,0,0.002,0.001,0.000,,,
cube_d2_k5,32,0,10,750,250,0.149,0.003,0.131,0.000,0.046,0.034
cube_d2_k5,32,1,250,250,122,0.060,0.032,0.073,0.000,0.027,0.017
cube_d2_k5,32,2,122,122,64,0.035,0.016,0.046,0.000,0.013,0.013
cube_d2_k5,32,3,64,64,32,0.026,0.017,0.022,0.000,0.008,0.006
cube_d2_k5,32,4,32,32,16,0.016,0.006,0.013,0.000,0.006,0.003
cube_d2_k5,32,5,16,16,8,0.011,0.003,0.009,0.000,0.004,0.002
cube_d2_k5,32,6,8,8,4,0.006,0.002,0.006,0.000,0.003,0.001
cube_d2_k5,32,7,4,4,2,0.004,0.001,0.004,0.000,0.003,0.000
cube_d2_k5,32,8,2,0,0,0.003,0.001,0.000,,,
cube_d2_k5,32,0,10,750,250,0.006,0.003,0.125,0.000,0.045,0.032
cube_d2_k5,32,1,250,250,122,0.054,0.035,0.070,0.000,0.025,0.019
cube_d2_k5,32,2,122,122,64,0.039,0.020,0.040,0.000,0.012,0.012
cube_d2_k5,32,3,64,64,32,0.030,0.009,0.019,0.000,0.008,0.005
cube_d2_k5,32,4,32,32,16,0.015,0.005,0.012,0.000,0.005,0.003
cube_d2_k5,32,5,16,16,8,0.015,0.004,0.008,0.000,0.004,0.002
cube_d2_k5,32,6,8,8,4,0.006,0.002,0.006,0.000,0.003,0.001
cube_d2_k5,32,7,4,4,2,0.003,0.001,0.004,0.000,0.003,0.000
cube_d2_k5,32,8,2,0,0,0.002,0.001,0.000,,,
cube_d2_k5,32,0,10,750,250,0.005,0.003,0.135,0.000,0.044,0.034
cube_d2_k5,32,1,250,250,122,0.059,0.034,0.078,0.000,0.025,0.018
cube_d2_k5,32,2,122,122,64,0.035,0.018,0.048,0.000,0.012,0.016
cube_d2_k5,32,3,64,64,32,0.022,0.009,0.023,0.000,0.007,0.008
cube_d2_k5,32,4,32,32,16,0.018,0.006,0.012,0.000,0.005,0.003
cube_d2_k5,32,5,16,16,8,0.010,0.002,0.009,0.000,0.004,0.002
cube_d2_k5,32,6,8,8,4,0.006,0.001,0.006,0.000,0.003,0.001
cube_d2_k5,32,7,4,4,2,0.003,0.001,0.005,0.000,0.003,0.000
cube_d2_k5,32,8,2,0,0,0.002,0.001,0.000,,,
cube_d2_k5,32,0,10,750,250,0.005,0.002,0.121,0.000,0.043,0.033
cube_d2_k5,32,1,250,250,122,0.054,0.036,0.073,0.000,0.023,0.019
cube_d2_k5,32,2,122,122,64,0.036,0.019,0.051,0.000,0.012,0.016
cube_d2_k5,32,3,64,64,32,0.024,0.009,0.022,0.000,0.007,0.006
cube_d2_k5,32,4,32,32,16,0.014,0.004,0.013,0.000,0.005,0.003
cube_d2_k5,32,5,16,16,8,0.010,0.002,0.008,0.000,0.004,0.002
cube_d2_k5,32,6,8,8,4,0.005,0.001,0.006,0.000,0.003,0.001
cube_d2_k5,32,7,4,4,2,0.004,0.001,0.004,0.000,0.003,0.000
cube_d2_k5,32,8,2,0,0,0.002,0.001,0.000,,,
cube_d2_k5,64,0,10,750,250,0.704,0.006,3.815,0.000,3.495,0.076
cube_d2_k5,64,1,250,250,122,0.782,0.044,0.078,0.000,0.026,0.020
cube_d2_k5,64,2,122,122,64,0.130,0.024,0.049,0.000,0.013,0.014
cube_d2_k5,64,3,64,64,32,0.032,0.019,0.032,0.000,0.008,0.006
cube_d2_k5,64,4,32,32,16,0.021,0.006,0.013,0.000,0.006,0.003
cube_d2_k5,64,5,16,16,8,0.024,0.004,0.009,0.000,0.004,0.002
cube_d2_k5,64,6,8,8,4,0.010,0.002,0.006,0.000,0.003,0.001
cube_d2_k5,64,7,4,4,2,0.003,0.001,0.008,0.000,0.003,0.001
cube_d2_k5,64,8,2,0,0,0.002,0.001,0.000,,,
cube_d2_k5,64,0,10,750,250,0.006,0.003,0.121,0.000,0.043,0.033
cube_d2_k5,64,1,250,250,122,0.055,0.033,0.073,0.000,0.024,0.017
cube_d2_k5,64,2,122,122,64,0.039,0.024,0.048,0.000,0.011,0.013
cube_d2_k5,64,3,64,64,32,0.025,0.010,0.020,0.000,0.008,0.005
cube_d2_k5,64,4,32,32,16,0.035,0.007,0.012,0.000,0.006,0.003
cube_d2_k5,64,5,16,16,8,0.012,0.004,0.008,0.000,0.004,0.002
cube_d2_k5,64,6,8,8,4,0.011,0.002,0.005,0.000,0.003,0.001
cube_d2_k5,64,7,4,4,2,0.003,0.001,0.004,0.000,0.003,0.000
cube_d2_k5,64,8,2,0,0,0.002,0.001,0.000,,,
cube_d2_k5,64,0,10,750,250,0.005,0.003,0.116,0.000,0.044,0.029
cube_d2_k5,64,1,250,250,122,0.047,0.035,0.074,0.000,0.026,0.017
cube_d2_k5,64,2,122,122,64,0.131,0.029,0.044,0.000,0.012,0.013
cube_d2_k5,64,3,64,64,32,0.029,0.010,0.031,0.000,0.008,0.010
cube_d2_k5,64,4,32,32,16,0.014,0.010,0.013,0.000,0.005,0.003
cube_d2_k5,64,5,16,16,8,0.013,0.004,0.031,0.000,0.004,0.002
cube_d2_k5,64,6,8,8,4,0.009,0.002,0.006,0.000,0.003,0.001
cube_d2_k5,64,7,4,4,2,0.003,0.001,0.004,0.000,0.003,0.000
cube_d2_k5,64,8,2,0,0,0.002,0.000,0.000,,,
cube_d2_k5,64,0,10,750,250,0.006,0.003,0.117,0.000,0.046,0.026
cube_d2_k5,64,1,250,250,122,0.050,0.034,0.074,0.000,0.024,0.019
cube_d2_k5,64,2,122,122,64,0.042,0.028,0.044,0.000,0.012,0.012
cube_d2_k5,64,3,64,64,32,0.033,0.016,0.034,0.000,0.007,0.012
cube_d2_k5,64,4,32,32,16,0.017,0.006,0.012,0.000,0.005,0.003
cube_d2_k5,64,5,16,16,8,0.013,0.004,0.008,0.000,0.004,0.002
cube_d2_k5,64,6,8,8,4,0.011,0.003,0.006,0.000,0.003,0.001
cube_d2_k5,64,7,4,4,2,0.003,0.001,0.004,0.000,0.002,0.000
cube_d2_k5,64,8,2,0,0,0.002,0.000,0.000,,,
cube_d2_k5,64,0,10,750,250,0.005,0.003,0.114,0.000,0.043,0.025
cube_d2_k5,64,1,250,250,122,0.060,0.037,0.072,0.000,0.022,0.019
cube_d2_k5,64,2,122,122,64,0.031,0.025,0.043,0.000,0.012,0.012
cube_d2_k5,64,3,64,64,32,0.027,0.010,0.037,0.000,0.008,0.005
cube_d2_k5,64,4,32,32,16,0.021,0.006,0.012,0.000,0.005,0.003
cube_d2_k5,64,5,16,16,8,0.012,0.004,0.008,0.000,0.004,0.002
cube_d2_k5,64,6,8,8,4,0.012,0.003,0.005,0.000,0.003,0.001
cube_d2_k5,64,7,4,4,2,0.004,0.001,0.004,0.000,0.003,0.000
cube_d2_k5,64,8,2,0,0,0.002,0.000,0.000,,,
cube_d2_k5,64,0,10,750,250,0.006,0.003,0.121,0.000,0.046,0.025
cube_d2_k5,64,1,250,250,122,0.056,0.032,0.071,0.000,0.022,0.018
cube_d2_k5,64,2,122,122,64,0.031,0.029,0.050,0.000,0.015,0.014
cube_d2_k5,64,3,64,64,32,0.024,0.019,0.020,0.000,0.007,0.005
cube_d2_k5,64,4,32,32,16,0.018,0.007,0.012,0.000,0.005,0.003
cube_d2_k5,64,5,16,16,8,0.011,0.004,0.008,0.000,0.004,0.002
cube_d2_k5,64,6,8,8,4,0.006,0.001,0.005,0.000,0.003,0.001
cube_d2_k5,64,7,4,4,2,0.003,0.001,0.012,0.000,0.010,0.000
cube_d2_k5,64,8,2,0,0,0.002,0.000,0.000,,,
cube_d2_k5,128,0,10,750,250,2.106,0.006,9.125,0.000,8.837,0.135
cube_d2_k5,128,1,250,250,122,3.921,0.046,2.749,0.000,2.653,0.040
cube_d2_k5,128,2,122,122,64,4.205,0.023,0.174,0.000,0.122,0.028
cube_d2_k5,128,3,64,64,32,1.350,0.020,0.029,0.000,0.008,0.008
cube_d2_k5,128,4,32,32,16,0.120,0.009,0.013,0.000,0.006,0.003
cube_d2_k5,128,5,16,16,8,0.016,0.004,0.008,0.000,0.004,0.002
cube_d2_k5,128,6,8,8,4,0.011,0.003,0.005,0.000,0.003,0.001
cube_d2_k5,128,7,4,4,2,0.003,0.001,0.007,0.000,0.003,0.001
cube_d2_k5,128,8,2,0,0,0.002,0.001,0.000,,,
cube_d2_k5,128,0,10,750,250,0.007,0.004,0.169,0.000,0.049,0.052
cube_d2_k5,128,1,250,250,122,1.308,0.056,0.093,0.000,0.029,0.024
cube_d2_k5,128,2,122,122,64,0.154,0.029,0.056,0.000,0.015,0.018
cube_d2_k5,128,3,64,64,32,0.032,0.011,0.036,0.000,0.008,0.010
cube_d2_k5,128,4,32,32,16,0.022,0.008,0.014,0.000,0.006,0.004
cube_d2_k5,128,5,16,16,8,0.015,0.004,0.008,0.000,0.004,0.002
cube_d2_k5,128,6,8,8,4,0.014,0.003,0.006,0.000,0.003,0.001
cube_d2_k5,128,7,4,4,2,0.003,0.001,0.004,0.000,0.003,0.000
cube_d2_k5,128,8,2,0,0,0.002,0.001,0.000,,,
cube_d2_k5,128,0,10,750,250,0.005,0.003,0.251,0.000,0.155,0.034
cube_d2_k5,128,1,250,250,122,7.518,0.043,0.092,0.000,0.024,0.025
cube_d2_k5,128,2,122,122,64,0.162,0.030,0.060,0.000,0.016,0.019
cube_d2_k5,128,3,64,64,32,0.035,0.017,0.032,0.000,0.008,0.007
cube_d2_k5,128,4,32,32,16,0.021,0.006,0.020,0.000,0.006,0.005
cube_d2_k5,128,5,16,16,8,0.018,0.004,0.009,0.000,0.004,0.002
cube_d2_k5,128,6,8,8,4,0.016,0.002,0.006,0.000,0.003,0.001
cube_d2_k5,128,7,4,4,2,0.003,0.001,0.004,0.000,0.002,0.000
cube_d2_k5,128,8,2,0,0,0.002,0.001,0.000,,,
cube_d2_k5,128,0,10,750,250,0.005,0.003,0.154,0.000,0.053,0.032
cube_d2_k5,128,1,250,250,122,0.077,0.047,0.101,0.000,0.025,0.031
cube_d2_k5,128,2,122,122,64,0.053,0.021,0.056,0.000,0.013,0.018
cube_d2_k5,128,3,64,64,32,0.036,0.014,0.038,0.000,0.008,0.013
cube_d2_k5,128,4,32,32,16,0.026,0.009,0.022,0.000,0.007,0.005
cube_d2_k5,128,5,16,16,8,0.017,0.004,0.008,0.000,0.004,0.002
cube_d2_k5,128,6,8,8,4,0.008,0.001,0.006,0.000,0.003,0.001
cube_d2_k5,128,7,4,4,2,0.003,0.001,0.004,0.000,0.003,0.000
cube_d2_k5,128,8,2,0,0,0.002,0.000,0.000,,,
cube_d2_k5,128,0,10,750,250,0.006,0.003,0.258,0.000,0.164,0.037
cube_d2_k5,128,1,250,250,122,0.083,0.041,0.104,0.000,0.027,0.031
cube_d2_k5,128,2,122,122,64,0.053,0.020,0.063,0.000,0.017,0.021
cube_d2_k5,128,3,64,64,32,0.038,0.019,0.039,0.000,0.007,0.012
cube_d2_k5,128,4,32,32,16,0.025,0.012,0.013,0.000,0.006,0.003
cube_d2_k5,128,5,16,16,8,0.017,0.004,0.009,0.000,0.004,0.002
cube_d2_k5,128,6,8,8,4,0.013,0.002,0.006,0.000,0.003,0.001
cube_d2_k5,128,7,4,4,2,0.003,0.001,0.004,0.000,0.003,0.000
cube_d2_k5,128,8,2,0,0,0.002,0.000,0.000,,,
cube_d2_k5,128,0,10,750,250,0.005,0.003,0.180,0.000,0.058,0.054
cube_d2_k5,128,1,250,250,122,0.159,0.040,0.100,0.000,0.030,0.024
cube_d2_k5,128,2,122,122,64,0.058,0.021,0.056,0.000,0.013,0.018
cube_d2_k5,128,3,64,64,32,0.034,0.017,0.036,0.000,0.008,0.012
cube_d2_k5,128,4,32,32,16,0.039,0.007,0.015,0.000,0.006,0.004
cube_d2_k5,128,5,16,16,8,0.018,0.004,0.009,0.000,0.004,0.002
cube_d2_k5,128,6,8,8,4,0.011,0.003,0.006,0.000,0.003,0.001
cube_d2_k5,128,7,4,4,2,0.004,0.001,0.004,0.000,0.002,0.000
cube_d2_k5,128,8,2,0,0,0.002,0.001,0.000,,,
cube_d2_k55,1,0,110,998250,332750,0.705,0.995,205.701,0.000,70.501,40.247
cube_d2_k55,1,1,332750,332750,131072,157.034,30.888,129.157,0.000,30.250,18.296
cube_d2_k55,1,2,131072,131072,70606,67.437,10.240,62.076,0.000,14.255,12.370
cube_d2_k55,1,3,70606,70606,65536,40.194,4.469,32.170,0.000,7.318,5.962
cube_d2_k55,1,4,65536,65536,32768,38.536,4.166,21.961,0.000,6.024,3.625
cube_d2_k55,1,5,32768,32768,16384,21.628,2.002,10.336,0.000,2.872,1.763
cube_d2_k55,1,6,16384,16384,8192,9.046,0.922,4.700,0.000,1.463,0.927
cube_d2_k55,1,7,8192,8192,4096,4.228,0.423,2.010,0.000,0.644,0.444
cube_d2_k55,1,8,4096,4096,2048,2.054,0.213,1.033,0.000,0.315,0.223
cube_d2_k55,1,9,2048,2048,1024,1.014,0.107,0.514,0.000,0.157,0.113
cube_d2_k55,1,10,1024,1024,512,0.502,0.056,0.256,0.000,0.079,0.057
cube_d2_k55,1,11,512,512,256,0.251,0.026,0.128,0.000,0.040,0.029
cube_d2_k55,1,12,256,256,128,0.129,0.014,0.069,0.000,0.022,0.016
cube_d2_k55,1,13,128,128,64,0.064,0.008,0.036,0.000,0.012,0.009
cube_d2_k55,1,14,64,64,32,0.033,0.005,0.020,0.000,0.007,0.005
cube_d2_k55,1,15,32,32,16,0.018,0.003,0.012,0.000,0.005,0.003
cube_d2_k55,1,16,16,16,8,0.009,0.002,0.008,0.000,0.004,0.002
cube_d2_k55,1,17,8,8,4,0.005,0.001,0.006,0.000,0.003,0.001
cube_d2_k55,1,18,4,4,2,0.003,0.001,0.005,0.000,0.003,0.001
cube_d2_k55,1,19,2,0,0,0.002,0.001,0.000,,,
cube_d2_k55,1,0,110,998250,332750,0.658,0.817,204.286,0.000,71.369,40.551
cube_d2_k55,1,1,332750,332750,131072,168.070,30.464,141.108,0.000,37.726,18.259
cube_d2_k55,1,2,131072,131072,70606,72.813,10.962,70.489,0.000,20.029,11.712
cube_d2_k55,1,3,70606,70606,65536,40.081,4.868,36.202,0.000,7.557,9.752
cube_d2_k55,1,4,65536,65536,32768,37.995,4.406,21.232,0.000,5.576,3.567
cube_d2_k55,1,5,32768,32768,16384,23.189,2.068,10.475,0.000,2.931,1.769
cube_d2_k55,1,6,16384,16384,8192,9.484,0.936,4.588,0.000,1.366,0.935
cube_d2_k55,1,7,8192,8192,4096,4.204,0.422,2.029,0.000,0.664,0.444
cube_d2_k55,1,8,4096,4096,2048,2.003,0.205,1.088,0.000,0.321,0.250
cube_d2_k55,1,9,2048,2048,1024,1.017,0.110,0.506,0.000,0.157,0.115
cube_d2_k55,1,10,1024,1024,512,0.488,0.051,0.249,0.000,0.078,0.057
cube_d2_k55,1,11,512,512,256,0.245,0.026,0.144,0.000,0.044,0.037
cube_d2_k55,1,12,256,256,128,0.151,0.018,0.067,0.000,0.021,0.015
cube_d2_k55,1,13,128,128,64,0.062,0.008,0.034,0.000,0.012,0.008
cube_d2_k55,1,14,64,64,32,0.033,0.005,0.020,0.000,0.007,0.005
cube_d2_k55,1,15,32,32,16,0.017,0.003,0.013,0.000,0.005,0.003
cube_d2_k55,1,16,16,16,8,0.009,0.002,0.008,0.000,0.004,0.002
cube_d2_k55,1,17,8,8,4,0.005,0.001,0.006,0.000,0.003,0.001
cube_d2_k55,1,18,4,4,2,0.003,0.001,0.005,0.000,0.003,0.001
cube_d2_k55,1,19,2,0,0,0.002,0.001,0.000,,,
cube_d2_k55,1,0,110,998250,332750,0.650,0.824,202.286,0.000,69.653,40.058
cube_d2_k55,1,1,332750,332750,131072,172.966,32.353,142.119,0.000,37.449,18.444
cube_d2_k55,1,2,131072,131072,70606,71.907,11.501,70.693,0.000,19.900,11.942
cube_d2_k55,1,3,70606,70606,65536,40.071,4.793,36.277,0.000,7.498,9.690
cube_d2_k55,1,4,65536,65536,32768,37.962,4.431,21.834,0.000,5.935,3.659
cube_d2_k55,1,5,32768,32768,16384,23.066,2.015,10.543,0.000,2.877,1.859
cube_d2_k55,1,6,16384,16384,8192,9.328,0.978,4.714,0.000,1.453,0.936
cube_d2_k55,1,7,8192,8192,4096,4.229,0.432,2.044,0.000,0.644,0.447
cube_d2_k55,1,8,4096,4096,2048,2.022,0.205,1.119,0.000,0.399,0.221
cube_d2_k55,1,9,2048,2048,1024,1.030,0.106,0.513,0.000,0.156,0.112
cube_d2_k55,1,10,1024,1024,512,0.499,0.052,0.293,0.000,0.096,0.071
cube_d2_k55,1,11,512,512,256,0.256,0.025,0.126,0.000,0.039,0.029
cube_d2_k55,1,12,256,256,128,0.128,0.014,0.067,0.000,0.021,0.015
cube_d2_k55,1,13,128,128,64,0.063,0.008,0.035,0.000,0.012,0.009
cube_d2_k55,1,14,64,64,32,0.032,0.005,0.022,0.000,0.007,0.005
cube_d2_k55,1,15,32,32,16,0.020,0.004,0.014,0.000,0.006,0.003
cube_d2_k55,1,16,16,16,8,0.012,0.003,0.010,0.000,0.004,0.002
cube_d2_k55,1,17,8,8,4,0.006,0.002,0.007,0.000,0.004,0.001
cube_d2_k55,1,18,4,4,2,0.004,0.001,0.006,0.000,0.003,0.001
cube_d2_k55,1,19,2,0,0,0.002,0.001,0.000,,,
cube_d2_k55,1,0,110,998250,332750,0.655,0.819,203.786,0.000,71.488,39.880
cube_d2_k55,1,1,332750,332750,131072,178.164,34.244,139.413,0.000,37.515,18.529
cube_d2_k55,1,2,131072,131072,70606,71.419,11.337,68.452,0.000,19.760,11.717
cube_d2_k55,1,3,70606,70606,65536,40.106,4.917,35.779,0.000,7.350,9.770
cube_d2_k55,1,4,65536,65536,32768,37.997,4.601,21.446,0.000,5.678,3.657
cube_d2_k55,1,5,32768,32768,16384,23.381,2.089,10.428,0.000,2.835,1.812
cube_d2_k55,1,6,16384,16384,8192,9.580,0.995,4.517,0.000,1.365,0.883
cube_d2_k55,1,7,8192,8192,4096,4.173,0.484,2.077,0.000,0.729,0.443
cube_d2_k55,1,8,4096,4096,2048,2.107,0.203,1.032,0.000,0.319,0.225
cube_d2_k55,1,9,2048,2048,1024,1.034,0.102,0.540,0.000,0.178,0.112
cube_d2_k55,1,10,1024,1024,512,0.507,0.056,0.249,0.000,0.078,0.057
cube_d2_k55,1,11,512,512,256,0.253,0.026,0.129,0.000,0.040,0.029
cube_d2_k55,1,12,256,256,128,0.126,0.014,0.068,0.000,0.021,0.015
cube_d2_k55,1,13,128,128,64,0.064,0.008,0.036,0.000,0.012,0.008
cube_d2_k55,1,14,64,64,32,0.036,0.005,0.023,0.000,0.009,0.005
cube_d2_k55,1,15,32,32,16,0.019,0.003,0.012,0.000,0.005,0.003
cube_d2_k55,1,16,16,16,8,0.010,0.002,0.008,0.000,0.004,0.002
cube_d2_k55,1,17,8,8,4,0.005,0.001,0.006,0.000,0.003,0.001
cube_d2_k55,1,18,4,4,2,0.003,0.001,0.005,0.000,0.003,0.001
cube_d2_k55,1,19,2,0,0,0.002,0.001,0.000,,,
cube_d2_k55,1,0,110,998250,332750,0.661,0.811,200.721,0.000,68.675,39.831
cube_d2_k55,1,1,332750,332750,131072,175.717,33.947,137.826,0.000,36.195,18.420
cube_d2_k55,1,2,131072,131072,70606,70.910,11.134,67.425,0.000,18.915,11.822
cube_d2_k55,1,3,70606,70606,65536,40.501,4.988,35.434,0.000,7.362,9.284
cube_d2_k55,1,4,65536,65536,32768,38.270,4.548,21.457,0.000,5.635,3.606
cube_d2_k55,1,5,32768,32768,16384,23.206,2.062,10.534,0.000,2.917,1.871
cube_d2_k55,1,6,16384,16384,8192,9.669,0.964,4.517,0.000,1.411,0.893
cube_d2_k55,1,7,8192,8192,4096,4.187,0.429,2.053,0.000,0.683,0.467
cube_d2_k55,1,8,4096,4096,2048,2.044,0.230,1.098,0.000,0.380,0.222
cube_d2_k55,1,9,2048,2048,1024,1.046,0.102,0.506,0.000,0.153,0.111
cube_d2_k55,1,10,1024,1024,512,0.545,0.050,0.256,0.000,0.085,0.057
cube_d2_k55,1,11,512,512,256,0.250,0.026,0.125,0.000,0.040,0.029
cube_d2_k55,1,12,256,256,128,0.124,0.014,0.065,0.000,0.021,0.015
cube_d2_k55,1,13,128,128,64,0.066,0.008,0.035,0.000,0.012,0.008
cube_d2_k55,1,14,64,64,32,0.033,0.005,0.020,0.000,0.007,0.005
cube_d2_k55,1,15,32,32,16,0.017,0.003,0.012,0.000,0.005,0.003
cube_d2_k55,1,16,16,16,8,0.010,0.002,0.008,0.000,0.004,0.002
cube_d2_k55,1,17,8,8,4,0.006,0.001,0.006,0.000,0.003,0.001
cube_d2_k55,1,18,4,4,2,0.004,0.001,0.004,0.000,0.003,0.001
cube_d2_k55,1,19,2,0,0,0.002,0.001,0.000,,,
cube_d2_k55,1,0,110,998250,332750,0.660,0.841,202.685,0.000,70.603,39.868
cube_d2_k55,1,1,332750,332750,131072,175.134,33.629,139.502,0.000,37.202,18.352
cube_d2_k55,1,2,131072,131072,70606,72.469,11.642,68.980,0.000,19.736,11.862
cube_d2_k55,1,3,70606,70606,65536,40.447,4.906,35.744,0.000,7.345,9.723
cube_d2_k55,1,4,65536,65536,32768,38.103,4.599,21.622,0.000,5.910,3.640
cube_d2_k55,1,5,32768,32768,16384,23.317,2.085,10.405,0.000,2.837,1.798
cube_d2_k55,1,6,16384,16384,8192,9.603,0.976,4.457,0.000,1.374,0.881
cube_d2_k55,1,7,8192,8192,4096,4.233,0.421,2.067,0.000,0.650,0.497
cube_d2_k55,1,8,4096,4096,2048,2.018,0.202,1.051,0.000,0.345,0.222
cube_d2_k55,1,9,2048,2048,1024,0.999,0.127,0.520,0.000,0.154,0.112
cube_d2_k55,1,10,1024,1024,512,0.539,0.049,0.251,0.000,0.078,0.057
cube_d2_k55,1,11,512,512,256,0.249,0.025,0.125,0.000,0.040,0.029
cube_d2_k55,1,12,256,256,128,0.125,0.014,0.065,0.000,0.021,0.015
cube_d2_k55,1,13,128,128,64,0.062,0.008,0.035,0.000,0.012,0.009
cube_d2_k55,1,14,64,64,32,0.034,0.005,0.021,0.000,0.007,0.005
cube_d2_k55,1,15,32,32,16,0.016,0.003,0.012,0.000,0.005,0.003
cube_d2_k55,1,16,16,16,8,0.010,0.002,0.008,0.000,0.004,0.002
cube_d2_k55,1,17,8,8,4,0.006,0.001,0.006,0.000,0.003,0.001
cube_d2_k55,1,18,4,4,2,0.003,0.001,0.005,0.000,0.003,0.001
cube_d2_k55,1,19,2,0,0,0.002,0.001,0.000,,,
cube_d2_k55,2,0,110,998250,332750,1.484,1.649,123.360,0.000,39.084,34.014
cube_d2_k55,2,1,332750,332750,131072,117.872,15.737,74.874,0.000,15.537,14.733
cube_d2_k55,2,2,131072,131072,70606,44.638,8.062,38.326,0.000,8.084,9.195
cube_d2_k55,2,3,70606,70606,65536,27.777,3.953,22.036,0.000,5.158,6.170
cube_d2_k55,2,4,65536,65536,32768,26.072,4.226,16.036,0.000,4.558,3.605
cube_d2_k55,2,5,32768,32768,16384,16.182,2.213,7.569,0.000,2.246,1.851
cube_d2_k55,2,6,16384,16384,8192,7.234,1.423,4.039,0.000,1.130,0.965
cube_d2_k55,2,7,8192,8192,4096,3.618,0.649,1.913,0.000,0.589,0.475
cube_d2_k55,2,8,4096,4096,2048,1.714,0.370,1.023,0.000,0.280,0.248
cube_d2_k55,2,9,2048,2048,1024,0.853,0.202,0.598,0.000,0.163,0.124
cube_d2_k55,2,10,1024,1024,512,0.444,0.098,0.300,0.000,0.084,0.065
cube_d2_k55,2,11,512,512,256,0.269,0.047,0.172,0.000,0.045,0.044
cube_d2_k55,2,12,256,256,128,0.129,0.025,0.077,0.000,0.025,0.017
cube_d2_k55,2,13,128,128,64,0.060,0.009,0.040,0.000,0.012,0.009
cube_d2_k55,2,14,64,64,32,0.032,0.008,0.020,0.000,0.007,0.005
cube_d2_k55,2,15,32,32,16,0.017,0.003,0.015,0.000,0.005,0.003
cube_d2_k55,2,16,16,16,8,0.009,0.002,0.009,0.000,0.004,0.002
cube_d2_k55,2,17,8,8,4,0.005,0.002,0.006,0.000,0.003,0.001
cube_d2_k55,2,18,4,4,2,0.003,0.001,0.005,0.000,0.003,0.001
cube_d2_k55,2,19,2,0,0,0.002,0.001,0.000,,,
cube_d2_k55,2,0,110,998250,332750,0.458,0.603,141.605,0.000,35.049,37.812
cube_d2_k55,2,1,332750,332750,131072,143.303,32.336,83.619,0.000,19.828,15.643
cube_d2_k55,2,2,131072,131072,70606,56.098,10.504,44.201,0.000,11.132,9.725
cube_d2_k55,2,3,70606,70606,65536,31.339,4.702,24.168,0.000,5.488,7.592
cube_d2_k55,2,4,65536,65536,32768,28.932,4.468,16.690,0.000,4.895,3.878
cube_d2_k55,2,5,32768,32768,16384,15.689,1.690,8.027,0.000,2.334,2.161
cube_d2_k55,2,6,16384,16384,8192,7.463,1.450,4.403,0.000,1.151,1.040
cube_d2_k55,2,7,8192,8192,4096,3.791,0.674,2.138,0.000,0.666,0.512
cube_d2_k55,2,8,4096,4096,2048,1.861,0.438,1.114,0.000,0.298,0.276
cube_d2_k55,2,9,2048,2048,1024,0.929,0.297,0.634,0.000,0.167,0.137
cube_d2_k55,2,10,1024,1024,512,0.485,0.184,0.307,0.000,0.080,0.070
cube_d2_k55,2,11,512,512,256,0.269,0.051,0.193,0.000,0.046,0.043
cube_d2_k55,2,12,256,256,128,0.140,0.031,0.102,0.000,0.029,0.026
cube_d2_k55,2,13,128,128,64,0.075,0.011,0.046,0.000,0.013,0.010
cube_d2_k55,2,14,64,64,32,0.042,0.005,0.034,0.000,0.008,0.009
cube_d2_k55,2,15,32,32,16,0.020,0.003,0.015,0.000,0.005,0.004
cube_d2_k55,2,16,16,16,8,0.011,0.002,0.009,0.000,0.004,0.002
cube_d2_k55,2,17,8,8,4,0.005,0.001,0.006,0.000,0.003,0.001
cube_d2_k55,2,18,4,4,2,0.003,0.001,0.005,0.000,0.003,0.001
cube_d2_k55,2,19,2,0,0,0.002,0.001,0.000,,,
cube_d2_k55,2,0,110,998250,332750,0.434,0.556,128.541,0.000,35.216,36.936
cube_d2_k55,2,1,332750,332750,131072,143.429,28.830,81.705,0.000,19.355,15.642
cube_d2_k55,2,2,131072,131072,70606,53.441,9.713,43.063,0.000,10.803,9.624
cube_d2_k55,2,3,70606,70606,65536,30.439,4.753,24.024,0.000,5.418,7.577
cube_d2_k55,2,4,65536,65536,32768,28.107,4.580,16.696,0.000,4.874,3.869
cube_d2_k55,2,5,32768,32768,16384,15.544,1.997,7.964,0.000,2.394,2.122
cube_d2_k55,2,6,16384,16384,8192,7.609,1.539,4.464,0.000,1.167,1.121
cube_d2_k55,2,7,8192,8192,4096,3.730,0.763,2.037,0.000,0.568,0.544
cube_d2_k55,2,8,4096,4096,2048,1.948,0.403,1.084,0.000,0.284,0.262
cube_d2_k55,2,9,2048,2048,1024,0.936,0.379,0.650,0.000,0.161,0.146
cube_d2_k55,2,10,1024,1024,512,0.528,0.111,0.321,0.000,0.081,0.071
cube_d2_k55,2,11,512,512,256,0.266,0.114,0.181,0.000,0.046,0.043
cube_d2_k55,2,12,256,256,128,0.144,0.027,0.097,0.000,0.025,0.025
cube_d2_k55,2,13,128,128,64,0.078,0.012,0.045,0.000,0.014,0.011
cube_d2_k55,2,14,64,64,32,0.042,0.005,0.030,0.000,0.008,0.009
cube_d2_k55,2,15,32,32,16,0.020,0.003,0.014,0.000,0.005,0.003
cube_d2_k55,2,16,16,16,8,0.012,0.002,0.009,0.000,0.004,0.002
cube_d2_k55,2,17,8,8,4,0.005,0.001,0.006,0.000,0.003,0.001
cube_d2_k55,2,18,4,4,2,0.003,0.001,0.005,0.000,0.003,0.001
cube_d2_k55,2,19,2,0,0,0.002,0.001,0.000,,,
cube_d2_k55,2,0,110,998250,332750,0.406,0.526,127.604,0.000,34.288,37.195
cube_d2_k55,2,1,332750,332750,131072,146.191,30.177,83.193,0.000,20.047,15.484
cube_d2_k55,2,2,131072,131072,70606,52.364,10.296,43.035,0.000,10.925,9.604
cube_d2_k55,2,3,70606,70606,65536,29.978,4.594,22.938,0.000,5.098,7.015
cube_d2_k55,2,4,65536,65536,32768,27.632,4.011,16.532,0.000,4.428,3.988
cube_d2_k55,2,5,32768,32768,16384,15.473,1.988,7.994,0.000,2.400,2.012
cube_d2_k55,2,6,16384,16384,8192,7.696,1.483,4.563,0.000,1.310,1.013
cube_d2_k55,2,7,8192,8192,4096,3.751,0.800,2.038,0.000,0.598,0.507
cube_d2_k55,2,8,4096,4096,2048,1.922,0.328,1.142,0.000,0.340,0.277
cube_d2_k55,2,9,2048,2048,1024,0.949,0.197,0.626,0.000,0.164,0.139
cube_d2_k55,2,10,1024,1024,512,0.495,0.177,0.308,0.000,0.085,0.076
cube_d2_k55,2,11,512,512,256,0.260,0.053,0.183,0.000,0.045,0.045
cube_d2_k55,2,12,256,256,128,0.144,0.028,0.097,0.000,0.024,0.026
cube_d2_k55,2,13,128,128,64,0.082,0.013,0.041,0.000,0.012,0.009
cube_d2_k55,2,14,64,64,32,0.044,0.005,0.032,0.000,0.008,0.009
cube_d2_k55,2,15,32,32,16,0.022,0.003,0.014,0.000,0.005,0.003
cube_d2_k55,2,16,16,16,8,0.012,0.002,0.010,0.000,0.004,0.002
cube_d2_k55,2,17,8,8,4,0.006,0.002,0.006,0.000,0.003,0.001
cube_d2_k55,2,18,4,4,2,0.004,0.001,0.004,0.000,0.003,0.001
cube_d2_k55,2,19,2,0,0,0.002,0.001,0.000,,,
cube_d2_k55,2,0,110,998250,332750,0.422,0.560,135.430,0.000,35.994,36.931
cube_d2_k55,2,1,332750,332750,131072,143.459,31.102,83.010,0.000,20.066,15.632
cube_d2_k55,2,2,131072,131072,70606,51.794,10.498,43.464,0.000,11.187,9.653
cube_d2_k55,2,3,70606,70606,65536,29.573,4.436,22.857,0.000,5.412,6.877
cube_d2_k55,2,4,65536,65536,32768,27.636,4.146,16.720,0.000,4.781,3.938
cube_d2_k55,2,5,32768,32768,16384,15.363,2.090,7.949,0.000,2.431,2.061
cube_d2_k55,2,6,16384,16384,8192,7.468,1.510,4.380,0.000,1.137,1.046
cube_d2_k55,2,7,8192,8192,4096,3.683,0.770,2.011,0.000,0.576,0.517
cube_d2_k55,2,8,4096,4096,2048,1.991,0.370,1.057,0.000,0.278,0.267
cube_d2_k55,2,9,2048,2048,1024,0.917,0.283,0.626,0.000,0.162,0.139
cube_d2_k55,2,10,1024,1024,512,0.484,0.171,0.310,0.000,0.091,0.069
cube_d2_k55,2,11,512,512,256,0.257,0.121,0.188,0.000,0.055,0.040
cube_d2_k55,2,12,256,256,128,0.127,0.026,0.095,0.000,0.024,0.023
cube_d2_k55,2,13,128,128,64,0.078,0.013,0.043,0.000,0.013,0.009
cube_d2_k55,2,14,64,64,32,0.044,0.005,0.034,0.000,0.008,0.009
cube_d2_k55,2,15,32,32,16,0.021,0.003,0.014,0.000,0.005,0.003
cube_d2_k55,2,16,16,16,8,0.012,0.002,0.009,0.000,0.004,0.002
cube_d2_k55,2,17,8,8,4,0.006,0.002,0.006,0.000,0.003,0.001
cube_d2_k55,2,18,4,4,2,0.003,0.001,0.004,0.000,0.003,0.001
cube_d2_k55,2,19,2,0,0,0.002,0.001,0.000,,,
cube_d2_k55,2,0,110,998250,332750,0.479,0.613,136.326,0.000,34.418,37.356
cube_d2_k55,2,1,332750,332750,131072,144.835,31.562,83.027,0.000,20.205,15.500
cube_d2_k55,2,2,131072,131072,70606,52.312,9.927,42.842,0.000,11.164,9.477
cube_d2_k55,2,3,70606,70606,65536,29.823,4.449,22.697,0.000,5.109,6.732
cube_d2_k55,2,4,65536,65536,32768,27.442,4.127,16.552,0.000,4.749,3.965
cube_d2_k55,2,5,32768,32768,16384,15.710,1.830,7.931,0.000,2.292,2.023
cube_d2_k55,2,6,16384,16384,8192,7.526,1.449,4.391,0.000,1.229,1.021
cube_d2_k55,2,7,8192,8192,4096,3.873,0.782,1.973,0.000,0.539,0.507
cube_d2_k55,2,8,4096,4096,2048,1.956,0.442,1.070,0.000,0.282,0.263
cube_d2_k55,2,9,2048,2048,1024,0.959,0.374,0.602,0.000,0.159,0.131
cube_d2_k55,2,10,1024,1024,512,0.493,0.173,0.327,0.000,0.081,0.098
cube_d2_k55,2,11,512,512,256,0.265,0.052,0.176,0.000,0.045,0.044
cube_d2_k55,2,12,256,256,128,0.146,0.027,0.096,0.000,0.024,0.024
cube_d2_k55,2,13,128,128,64,0.076,0.011,0.041,0.000,0.013,0.009
cube_d2_k55,2,14,64,64,32,0.043,0.005,0.024,0.000,0.008,0.006
cube_d2_k55,2,15,32,32,16,0.021,0.006,0.016,0.000,0.005,0.003
cube_d2_k55,2,16,16,16,8,0.011,0.002,0.010,0.000,0.004,0.002
cube_d2_k55,2,17,8,8,4,0.006,0.002,0.007,0.000,0.004,0.001
cube_d2_k55,2,18,4,4,2,0.003,0.001,0.004,0.000,0.003,0.001
cube_d2_k55,2,19,2,0,0,0.002,0.001,0.000,,,
cube_d2_k55,4,0,110,998250,332750,1.206,1.526,66.915,0.000,20.273,20.458
cube_d2_k55,4,1,332750,332750,131072,76.690,13.070,40.971,0.000,9.866,8.580
cube_d2_k55,4,2,131072,131072,70606,29.525,5.704,20.629,0.000,4.780,5.120
cube_d2_k55,4,3,70606,70606,65536,17.570,3.717,14.660,0.000,4.204,4.327
cube_d2_k55,4,4,65536,65536,32768,17.634,3.840,10.430,0.000,3.960,2.091
cube_d2_k55,4,5,32768,32768,16384,9.148,1.767,5.026,0.000,2.100,1.120
cube_d2_k55,4,6,16384,16384,8192,4.994,1.054,3.068,0.000,1.077,0.608
cube_d2_k55,4,7,8192,8192,4096,2.426,0.505,1.599,0.000,0.608,0.325
cube_d2_k55,4,8,4096,4096,2048,1.195,0.329,0.827,0.000,0.262,0.172
cube_d2_k55,4,9,2048,2048,1024,0.613,0.194,0.486,0.000,0.159,0.095
cube_d2_k55,4,10,1024,1024,512,0.330,0.102,0.262,0.000,0.078,0.056
cube_d2_k55,4,11,512,512,256,0.196,0.061,0.148,0.000,0.048,0.041
cube_d2_k55,4,12,256,256,128,0.091,0.034,0.100,0.000,0.024,0.030
cube_d2_k55,4,13,128,128,64,0.071,0.011,0.038,0.000,0.013,0.009
cube_d2_k55,4,14,64,64,32,0.027,0.020,0.031,0.000,0.008,0.011
cube_d2_k55,4,15,32,32,16,0.026,0.003,0.014,0.000,0.005,0.004
cube_d2_k55,4,16,16,16,8,0.010,0.002,0.009,0.000,0.004,0.002
cube_d2_k55,4,17,8,8,4,0.005,0.002,0.006,0.000,0.003,0.001
cube_d2_k55,4,18,4,4,2,0.003,0.001,0.005,0.000,0.003,0.001
cube_d2_k55,4,19,2,0,0,0.002,0.001,0.000,,,
cube_d2_k55,4,0,110,998250,332750,0.288,0.545,70.084,0.000,18.769,19.497
cube_d2_k55,4,1,332750,332750,131072,86.797,17.958,41.753,0.000,10.210,8.444
cube_d2_k55,4,2,131072,131072,70606,32.548,7.768,22.713,0.000,5.555,5.248
cube_d2_k55,4,3,70606,70606,65536,18.287,3.947,13.668,0.000,4.072,3.893
cube_d2_k55,4,4,65536,65536,32768,16.693,3.418,10.034,0.000,3.889,1.961
cube_d2_k55,4,5,32768,32768,16384,8.479,1.700,5.022,0.000,2.071,1.061
cube_d2_k55,4,6,16384,16384,8192,4.701,0.997,2.783,0.000,0.926,0.565
cube_d2_k55,4,7,8192,8192,4096,2.465,0.577,1.547,0.000,0.557,0.314
cube_d2_k55,4,8,4096,4096,2048,1.378,0.310,0.846,0.000,0.268,0.178
cube_d2_k55,4,9,2048,2048,1024,0.595,0.191,0.482,0.000,0.159,0.095
cube_d2_k55,4,10,1024,1024,512,0.378,0.109,0.249,0.000,0.082,0.051
cube_d2_k55,4,11,512,512,256,0.205,0.066,0.158,0.000,0.048,0.038
cube_d2_k55,4,12,256,256,128,0.100,0.034,0.098,0.000,0.025,0.030
cube_d2_k55,4,13,128,128,64,0.077,0.017,0.051,0.000,0.014,0.014
cube_d2_k55,4,14,64,64,32,0.048,0.005,0.033,0.000,0.008,0.010
cube_d2_k55,4,15,32,32,16,0.025,0.003,0.014,0.000,0.005,0.004
cube_d2_k55,4,16,16,16,8,0.010,0.002,0.009,0.000,0.004,0.002
cube_d2_k55,4,17,8,8,4,0.007,0.001,0.006,0.000,0.003,0.001
cube_d2_k55,4,18,4,4,2,0.003,0.001,0.005,0.000,0.003,0.001
cube_d2_k55,4,19,2,0,0,0.002,0.001,0.000,,,
cube_d2_k55,4,0,110,998250,332750,0.279,0.497,66.799,0.000,17.916,20.485
cube_d2_k55,4,1,332750,332750,131072,87.236,18.716,41.029,0.000,10.302,8.200
cube_d2_k55,4,2,131072,131072,70606,31.125,6.662,20.697,0.000,5.070,4.933
cube_d2_k55,4,3,70606,70606,65536,17.115,4.083,14.397,0.000,4.361,3.962
cube_d2_k55,4,4,65536,65536,32768,16.816,3.598,9.956,0.000,3.694,1.988
cube_d2_k55,4,5,32768,32768,16384,8.690,1.508,4.850,0.000,2.012,1.014
cube_d2_k55,4,6,16384,16384,8192,4.915,1.005,2.709,0.000,0.979,0.544
cube_d2_k55,4,7,8192,8192,4096,2.272,0.586,1.437,0.000,0.472,0.319
cube_d2_k55,4,8,4096,4096,2048,1.216,0.294,0.856,0.000,0.253,0.176
cube_d2_k55,4,9,2048,2048,1024,0.662,0.250,0.457,0.000,0.139,0.092
cube_d2_k55,4,10,1024,1024,512,0.343,0.138,0.253,0.000,0.082,0.052
cube_d2_k55,4,11,512,512,256,0.216,0.066,0.160,0.000,0.053,0.036
cube_d2_k55,4,12,256,256,128,0.095,0.036,0.095,0.000,0.029,0.028
cube_d2_k55,4,13,128,128,64,0.075,0.016,0.047,0.000,0.014,0.013
cube_d2_k55,4,14,64,64,32,0.050,0.005,0.031,0.000,0.008,0.011
cube_d2_k55,4,15,32,32,16,0.023,0.003,0.015,0.000,0.005,0.004
cube_d2_k55,4,16,16,16,8,0.012,0.003,0.009,0.000,0.004,0.002
cube_d2_k55,4,17,8,8,4,0.006,0.001,0.006,0.000,0.003,0.001
cube_d2_k55,4,18,4,4,2,0.003,0.001,0.005,0.000,0.003,0.001
cube_d2_k55,4,19,2,0,0,0.002,0.001,0.000,,,
cube_d2_k55,4,0,110,998250,332750,0.415,0.865,69.495,0.000,18.399,19.259
cube_d2_k55,4,1,332750,332750,131072,84.661,18.577,41.718,0.000,10.397,8.371
cube_d2_k55,4,2,131072,131072,70606,30.076,6.493,21.272,0.000,5.224,5.209
cube_d2_k55,4,3,70606,70606,65536,16.379,3.820,13.881,0.000,4.362,3.724
cube_d2_k55,4,4,65536,65536,32768,16.487,3.403,10.187,0.000,3.986,2.033
cube_d2_k55,4,5,32768,32768,16384,8.310,1.436,5.005,0.000,2.020,1.014
cube_d2_k55,4,6,16384,16384,8192,4.610,0.999,2.855,0.000,1.078,0.549
cube_d2_k55,4,7,8192,8192,4096,2.267,0.583,1.486,0.000,0.519,0.336
cube_d2_k55,4,8,4096,4096,2048,1.150,0.318,0.827,0.000,0.277,0.165
cube_d2_k55,4,9,2048,2048,1024,0.576,0.192,0.457,0.000,0.137,0.096
cube_d2_k55,4,10,1024,1024,512,0.366,0.120,0.259,0.000,0.076,0.051
cube_d2_k55,4,11,512,512,256,0.212,0.070,0.152,0.000,0.048,0.039
cube_d2_k55,4,12,256,256,128,0.100,0.032,0.089,0.000,0.024,0.025
cube_d2_k55,4,13,128,128,64,0.049,0.018,0.042,0.000,0.013,0.010
cube_d2_k55,4,14,64,64,32,0.035,0.010,0.033,0.000,0.008,0.009
cube_d2_k55,4,15,32,32,16,0.027,0.003,0.014,0.000,0.005,0.004
cube_d2_k55,4,16,16,16,8,0.012,0.003,0.014,0.000,0.004,0.007
cube_d2_k55,4,17,8,8,4,0.008,0.002,0.006,0.000,0.003,0.001
cube_d2_k55,4,18,4,4,2,0.003,0.001,0.004,0.000,0.003,0.001
cube_d2_k55,4,19,2,0,0,0.002,0.001,0.000,,,
cube_d2_k55,4,0,110,998250,332750,0.304,0.834,67.595,0.000,18.295,19.291
cube_d2_k55,4,1,332750,332750,131072,87.948,18.228,41.921,0.000,10.454,8.459
cube_d2_k55,4,2,131072,131072,70606,32.556,7.617,22.019,0.000,4.976,5.330
cube_d2_k55,4,3,70606,70606,65536,18.016,3.939,13.667,0.000,4.412,3.722
cube_d2_k55,4,4,65536,65536,32768,17.078,3.595,9.901,0.000,3.791,1.966
cube_d2_k55,4,5,32768,32768,16384,8.440,1.637,5.109,0.000,2.116,1.070
cube_d2_k55,4,6,16384,16384,8192,4.886,0.953,2.687,0.000,0.899,0.557
cube_d2_k55,4,7,8192,8192,4096,2.393,0.606,1.446,0.000,0.485,0.306
cube_d2_k55,4,8,4096,4096,2048,1.197,0.403,0.827,0.000,0.255,0.165
cube_d2_k55,4,9,2048,2048,1024,0.645,0.255,0.485,0.000,0.159,0.096
cube_d2_k55,4,10,1024,1024,512,0.370,0.164,0.259,0.000,0.079,0.052
cube_d2_k55,4,11,512,512,256,0.195,0.069,0.165,0.000,0.047,0.037
cube_d2_k55,4,12,256,256,128,0.103,0.033,0.088,0.000,0.027,0.020
cube_d2_k55,4,13,128,128,64,0.069,0.016,0.044,0.000,0.013,0.012
cube_d2_k55,4,14,64,64,32,0.044,0.005,0.025,0.000,0.008,0.008
cube_d2_k55,4,15,32,32,16,0.022,0.003,0.013,0.000,0.005,0.003
cube_d2_k55,4,16,16,16,8,0.011,0.004,0.009,0.000,0.004,0.002
cube_d2_k55,4,17,8,8,4,0.008,0.001,0.006,0.000,0.003,0.001
cube_d2_k55,4,18,4,4,2,0.004,0.001,0.005,0.000,0.003,0.001
cube_d2_k55,4,19,2,0,0,0.002,0.001,0.000,,,
cube_d2_k55,4,0,110,998250,332750,0.286,0.717,70.433,0.000,18.653,21.246
cube_d2_k55,4,1,332750,332750,131072,88.447,18.236,41.943,0.000,10.650,8.405
cube_d2_k55,4,2,131072,131072,70606,30.370,6.524,21.572,0.000,5.139,5.238
cube_d2_k55,4,3,70606,70606,65536,17.196,3.874,13.973,0.000,4.300,3.699
cube_d2_k55,4,4,65536,65536,32768,16.156,3.495,10.278,0.000,3.868,2.169
cube_d2_k55,4,5,32768,32768,16384,8.336,1.648,5.007,0.000,1.969,1.019
cube_d2_k55,4,6,16384,16384,8192,4.674,1.042,2.804,0.000,0.963,0.569
cube_d2_k55,4,7,8192,8192,4096,2.363,0.562,1.431,0.000,0.464,0.322
cube_d2_k55,4,8,4096,4096,2048,1.205,0.361,0.802,0.000,0.266,0.165
cube_d2_k55,4,9,2048,2048,1024,0.706,0.210,0.472,0.000,0.168,0.095
cube_d2_k55,4,10,1024,1024,512,0.327,0.100,0.255,0.000,0.079,0.053
cube_d2_k55,4,11,512,512,256,0.206,0.067,0.167,0.000,0.047,0.039
cube_d2_k55,4,12,256,256,128,0.094,0.033,0.090,0.000,0.026,0.023
cube_d2_k55,4,13,128,128,64,0.067,0.019,0.056,0.000,0.014,0.020
cube_d2_k55,4,14,64,64,32,0.056,0.007,0.033,0.000,0.010,0.009
cube_d2_k55,4,15,32,32,16,0.025,0.005,0.023,0.000,0.006,0.006
cube_d2_k55,4,16,16,16,8,0.014,0.003,0.011,0.000,0.004,0.003
cube_d2_k55,4,17,8,8,4,0.008,0.002,0.008,0.000,0.004,0.001
cube_d2_k55,4,18,4,4,2,0.004,0.001,0.005,0.000,0.003,0.001
cube_d2_k55,4,19,2,0,0,0.002,0.001,0.000,,,
cube_d2_k55,8,0,110,998250,332750,1.380,1.230,38.711,0.000,12.278,11.749
cube_d2_k55,8,1,332750,332750,131072,41.927,9.037,22.924,0.000,5.836,4.453
cube_d2_k55,8,2,131072,131072,70606,17.147,3.778,11.235,0.000,2.742,2.682
cube_d2_k55,8,3,70606,70606,65536,10.009,2.104,8.606,0.000,3.601,2.191
cube_d2_k55,8,4,65536,65536,32768,9.357,1.985,6.774,0.000,3.471,1.110
cube_d2_k55,8,5,32768,32768,16384,4.809,0.980,3.465,0.000,1.726,0.625
cube_d2_k55,8,6,16384,16384,8192,3.406,0.609,2.170,0.000,1.039,0.384
cube_d2_k55,8,7,8192,8192,4096,1.785,0.464,1.308,0.000,0.594,0.222
cube_d2_k55,8,8,4096,4096,2048,1.028,0.262,0.854,0.000,0.397,0.129
cube_d2_k55,8,9,2048,2048,1024,0.520,0.148,0.580,0.000,0.324,0.077
cube_d2_k55,8,10,1024,1024,512,0.277,0.093,0.254,0.000,0.088,0.049
cube_d2_k55,8,11,512,512,256,0.205,0.060,0.153,0.000,0.044,0.045
cube_d2_k55,8,12,256,256,128,0.085,0.030,0.084,0.000,0.027,0.023
cube_d2_k55,8,13,128,128,64,0.059,0.022,0.055,0.000,0.014,0.016
cube_d2_k55,8,14,64,64,32,0.033,0.015,0.042,0.000,0.010,0.013
cube_d2_k55,8,15,32,32,16,0.024,0.010,0.023,0.000,0.007,0.005
cube_d2_k55,8,16,16,16,8,0.022,0.005,0.011,0.000,0.005,0.002
cube_d2_k55,8,17,8,8,4,0.009,0.003,0.008,0.000,0.004,0.001
cube_d2_k55,8,18,4,4,2,0.004,0.001,0.006,0.000,0.004,0.001
cube_d2_k55,8,19,2,0,0,0.003,0.001,0.000,,,
cube_d2_k55,8,0,110,998250,332750,0.213,0.401,39.169,0.000,10.449,10.943
cube_d2_k55,8,1,332750,332750,131072,46.031,10.679,22.857,0.000,5.622,4.418
cube_d2_k55,8,2,131072,131072,70606,17.746,3.854,11.102,0.000,2.725,2.787
cube_d2_k55,8,3,70606,70606,65536,10.063,2.188,8.573,0.000,3.590,2.170
cube_d2_k55,8,4,65536,65536,32768,9.363,2.067,7.019,0.000,3.673,1.122
cube_d2_k55,8,5,32768,32768,16384,4.670,1.047,3.485,0.000,1.754,0.616
cube_d2_k55,8,6,16384,16384,8192,3.574,0.632,2.188,0.000,1.072,0.380
cube_d2_k55,8,7,8192,8192,4096,1.919,0.484,1.218,0.000,0.477,0.216
cube_d2_k55,8,8,4096,4096,2048,1.051,0.262,0.712,0.000,0.256,0.126
cube_d2_k55,8,9,2048,2048,1024,0.488,0.146,0.391,0.000,0.137,0.079
cube_d2_k55,8,10,1024,1024,512,0.271,0.104,0.252,0.000,0.086,0.050
cube_d2_k55,8,11,512,512,256,0.139,0.055,0.151,0.000,0.041,0.036
cube_d2_k55,8,12,256,256,128,0.094,0.031,0.086,0.000,0.024,0.025
cube_d2_k55,8,13,128,128,64,0.070,0.022,0.058,0.000,0.016,0.017
cube_d2_k55,8,14,64,64,32,0.046,0.010,0.037,0.000,0.009,0.012
cube_d2_k55,8,15,32,32,16,0.023,0.007,0.025,0.000,0.006,0.008
cube_d2_k55,8,16,16,16,8,0.015,0.004,0.010,0.000,0.004,0.003
cube_d2_k55,8,17,8,8,4,0.008,0.001,0.007,0.000,0.003,0.001
cube_d2_k55,8,18,4,4,2,0.004,0.001,0.004,0.000,0.003,0.001
cube_d2_k55,8,19,2,0,0,0.002,0.001,0.000,,,
cube_d2_k55,8,0,110,998250,332750,0.211,0.363,37.553,0.000,9.895,10.687
cube_d2_k55,8,1,332750,332750,131072,47.307,10.499,22.949,0.000,5.680,4.538
cube_d2_k55,8,2,131072,131072,70606,17.204,3.930,10.988,0.000,2.571,2.776
cube_d2_k55,8,3,70606,70606,65536,9.631,2.299,8.760,0.000,3.803,2.147
cube_d2_k55,8,4,65536,65536,32768,9.117,1.987,6.691,0.000,3.411,1.118
cube_d2_k55,8,5,32768,32768,16384,4.602,1.021,3.442,0.000,1.679,0.622
cube_d2_k55,8,6,16384,16384,8192,3.504,0.656,2.043,0.000,0.911,0.402
cube_d2_k55,8,7,8192,8192,4096,1.896,0.491,1.181,0.000,0.459,0.229
cube_d2_k55,8,8,4096,4096,2048,1.126,0.350,0.680,0.000,0.256,0.122
cube_d2_k55,8,9,2048,2048,1024,0.496,0.151,0.412,0.000,0.153,0.075
cube_d2_k55,8,10,1024,1024,512,0.273,0.110,0.248,0.000,0.085,0.047
cube_d2_k55,8,11,512,512,256,0.131,0.061,0.137,0.000,0.042,0.030
cube_d2_k55,8,12,256,256,128,0.091,0.035,0.085,0.000,0.026,0.024
cube_d2_k55,8,13,128,128,64,0.059,0.022,0.059,0.000,0.015,0.017
cube_d2_k55,8,14,64,64,32,0.034,0.013,0.040,0.000,0.011,0.012
cube_d2_k55,8,15,32,32,16,0.029,0.005,0.021,0.000,0.006,0.005
cube_d2_k55,8,16,16,16,8,0.015,0.005,0.010,0.000,0.004,0.003
cube_d2_k55,8,17,8,8,4,0.008,0.001,0.006,0.000,0.003,0.001
cube_d2_k55,8,18,4,4,2,0.004,0.001,0.005,0.000,0.003,0.001
cube_d2_k55,8,19,2,0,0,0.002,0.001,0.000,,,
cube_d2_k55,8,0,110,998250,332750,0.203,0.362,38.997,0.000,9.947,10.910
cube_d2_k55,8,1,332750,332750,131072,47.859,10.783,22.864,0.000,5.610,4.481
cube_d2_k55,8,2,131072,131072,70606,17.380,3.846,10.947,0.000,2.474,2.765
cube_d2_k55,8,3,70606,70606,65536,9.878,2.177,8.436,0.000,3.484,2.143
cube_d2_k55,8,4,65536,65536,32768,9.107,1.924,6.782,0.000,3.471,1.096
cube_d2_k55,8,5,32768,32768,16384,4.633,0.976,3.392,0.000,1.673,0.606
cube_d2_k55,8,6,16384,16384,8192,3.353,0.636,2.015,0.000,0.874,0.383
cube_d2_k55,8,7,8192,8192,4096,1.673,0.471,1.190,0.000,0.464,0.217
cube_d2_k55,8,8,4096,4096,2048,0.932,0.250,0.688,0.000,0.255,0.121
cube_d2_k55,8,9,2048,2048,1024,0.500,0.142,0.546,0.000,0.304,0.072
cube_d2_k55,8,10,1024,1024,512,0.278,0.107,0.255,0.000,0.087,0.044
cube_d2_k55,8,11,512,512,256,0.143,0.064,0.145,0.000,0.040,0.045
cube_d2_k55,8,12,256,256,128,0.090,0.035,0.096,0.000,0.028,0.025
cube_d2_k55,8,13,128,128,64,0.063,0.021,0.059,0.000,0.016,0.018
cube_d2_k55,8,14,64,64,32,0.038,0.013,0.036,0.000,0.009,0.012
cube_d2_k55,8,15,32,32,16,0.032,0.003,0.016,0.000,0.006,0.004
cube_d2_k55,8,16,16,16,8,0.014,0.004,0.011,0.000,0.004,0.004
cube_d2_k55,8,17,8,8,4,0.008,0.001,0.006,0.000,0.003,0.001
cube_d2_k55,8,18,4,4,2,0.003,0.001,0.005,0.000,0.003,0.001
cube_d2_k55,8,19,2,0,0,0.002,0.001,0.000,,,
cube_d2_k55,8,0,110,998250,332750,0.206,0.380,39.122,0.000,10.216,10.861
cube_d2_k55,8,1,332750,332750,131072,47.091,10.771,22.858,0.000,5.657,4.456
cube_d2_k55,8,2,131072,131072,70606,17.351,3.889,10.983,0.000,2.473,2.822
cube_d2_k55,8,3,70606,70606,65536,9.593,2.094,8.361,0.000,3.490,2.119
cube_d2_k55,8,4,65536,65536,32768,9.145,2.006,6.578,0.000,3.225,1.135
cube_d2_k55,8,5,32768,32768,16384,4.527,0.994,3.612,0.000,1.843,0.641
cube_d2_k55,8,6,16384,16384,8192,3.284,0.619,2.238,0.000,1.098,0.389
cube_d2_k55,8,7,8192,8192,4096,1.709,0.495,1.190,0.000,0.485,0.218
cube_d2_k55,8,8,4096,4096,2048,1.086,0.245,0.676,0.000,0.247,0.122
cube_d2_k55,8,9,2048,2048,1024,0.524,0.139,0.370,0.000,0.129,0.074
cube_d2_k55,8,10,1024,1024,512,0.261,0.103,0.251,0.000,0.090,0.043
cube_d2_k55,8,11,512,512,256,0.129,0.060,0.149,0.000,0.041,0.045
cube_d2_k55,8,12,256,256,128,0.085,0.036,0.088,0.000,0.028,0.023
cube_d2_k55,8,13,128,128,64,0.061,0.024,0.055,0.000,0.017,0.015
cube_d2_k55,8,14,64,64,32,0.042,0.010,0.037,0.000,0.008,0.011
cube_d2_k55,8,15,32,32,16,0.022,0.006,0.021,0.000,0.006,0.005
cube_d2_k55,8,16,16,16,8,0.011,0.004,0.011,0.000,0.004,0.003
cube_d2_k55,8,17,8,8,4,0.008,0.001,0.006,0.000,0.003,0.001
cube_d2_k55,8,18,4,4,2,0.003,0.001,0.005,0.000,0.003,0.001
cube_d2_k55,8,19,2,0,0,0.002,0.001,0.000,,,
cube_d2_k55,8,0,110,998250,332750,0.200,0.434,39.717,0.000,10.265,10.921
cube_d2_k55,8,1,332750,332750,131072,47.087,11.165,22.975,0.000,5.630,4.446
cube_d2_k55,8,2,131072,131072,70606,17.402,3.953,10.925,0.000,2.490,2.770
cube_d2_k55,8,3,70606,70606,65536,9.648,2.220,8.493,0.000,3.633,2.136
cube_d2_k55,8,4,65536,65536,32768,9.146,1.994,6.649,0.000,3.314,1.126
cube_d2_k55,8,5,32768,32768,16384,4.576,1.000,3.348,0.000,1.627,0.609
cube_d2_k55,8,6,16384,16384,8192,3.312,0.636,2.133,0.000,1.033,0.379
cube_d2_k55,8,7,8192,8192,4096,1.741,0.492,1.196,0.000,0.455,0.226
cube_d2_k55,8,8,4096,4096,2048,0.924,0.287,0.693,0.000,0.265,0.124
cube_d2_k55,8,9,2048,2048,1024,0.545,0.187,0.429,0.000,0.168,0.082
cube_d2_k55,8,10,1024,1024,512,0.257,0.106,0.252,0.000,0.086,0.046
cube_d2_k55,8,11,512,512,256,0.140,0.068,0.151,0.000,0.044,0.045
cube_d2_k55,8,12,256,256,128,0.086,0.036,0.087,0.000,0.024,0.025
cube_d2_k55,8,13,128,128,64,0.056,0.024,0.055,0.000,0.015,0.016
cube_d2_k55,8,14,64,64,32,0.040,0.012,0.040,0.000,0.009,0.012
cube_d2_k55,8,15,32,32,16,0.026,0.005,0.022,0.000,0.006,0.005
cube_d2_k55,8,16,16,16,8,0.014,0.004,0.010,0.000,0.004,0.003
cube_d2_k55,8,17,8,8,4,0.008,0.001,0.007,0.000,0.003,0.001
cube_d2_k55,8,18,4,4,2,0.004,0.001,0.005,0.000,0.003,0.001
cube_d2_k55,8,19,2,0,0,0.002,0.001,0.000,,,
cube_d2_k55,16,0,110,998250,332750,1.622,1.258,24.311,0.000,8.620,6.284
cube_d2_k55,16,1,332750,332750,131072,23.449,5.728,14.118,0.000,3.960,2.430
cube_d2_k55,16,2,131072,131072,70606,9.318,2.375,6.224,0.000,1.731,1.560
cube_d2_k55,16,3,70606,70606,65536,5.595,1.256,6.196,0.000,3.341,1.274
cube_d2_k55,16,4,65536,65536,32768,5.184,1.144,5.186,0.000,3.230,0.673
cube_d2_k55,16,5,32768,32768,16384,2.646,0.635,2.872,0.000,1.744,0.392
cube_d2_k55,16,6,16384,16384,8192,2.867,0.393,1.571,0.000,0.904,0.237
cube_d2_k55,16,7,8192,8192,4096,1.492,0.350,1.036,0.000,0.537,0.133
cube_d2_k55,16,8,4096,4096,2048,0.947,0.189,0.531,0.000,0.228,0.083
cube_d2_k55,16,9,2048,2048,1024,0.404,0.151,0.305,0.000,0.120,0.056
cube_d2_k55,16,10,1024,1024,512,0.253,0.087,0.208,0.000,0.069,0.047
cube_d2_k55,16,11,512,512,256,0.114,0.052,0.124,0.000,0.038,0.031
cube_d2_k55,16,12,256,256,128,0.077,0.031,0.079,0.000,0.024,0.020
cube_d2_k55,16,13,128,128,64,0.047,0.027,0.054,0.000,0.015,0.015
cube_d2_k55,16,14,64,64,32,0.034,0.014,0.040,0.000,0.009,0.011
cube_d2_k55,16,15,32,32,16,0.022,0.007,0.019,0.000,0.006,0.004
cube_d2_k55,16,16,16,16,8,0.015,0.005,0.009,0.000,0.004,0.002
cube_d2_k55,16,17,8,8,4,0.010,0.003,0.007,0.000,0.004,0.001
cube_d2_k55,16,18,4,4,2,0.003,0.001,0.005,0.000,0.003,0.001
cube_d2_k55,16,19,2,0,0,0.002,0.001,0.000,,,
cube_d2_k55,16,0,110,998250,332750,0.207,0.285,24.242,0.000,6.808,5.786
cube_d2_k55,16,1,332750,332750,131072,25.166,5.590,12.375,0.000,3.050,2.421
cube_d2_k55,16,2,131072,131072,70606,9.696,2.305,6.529,0.000,1.631,1.931
cube_d2_k55,16,3,70606,70606,65536,6.002,1.387,6.576,0.000,3.470,1.363
cube_d2_k55,16,4,65536,65536,32768,5.543,1.697,5.432,0.000,3.364,0.716
cube_d2_k55,16,5,32768,32768,16384,2.964,0.724,2.963,0.000,1.760,0.425
cube_d2_k55,16,6,16384,16384,8192,2.830,0.434,1.654,0.000,0.917,0.275
cube_d2_k55,16,7,8192,8192,4096,1.559,0.372,1.013,0.000,0.484,0.142
cube_d2_k55,16,8,4096,4096,2048,1.020,0.217,0.587,0.000,0.255,0.097
cube_d2_k55,16,9,2048,2048,1024,0.474,0.142,0.336,0.000,0.125,0.061
cube_d2_k55,16,10,1024,1024,512,0.252,0.091,0.226,0.000,0.070,0.053
cube_d2_k55,16,11,512,512,256,0.114,0.058,0.133,0.000,0.041,0.035
cube_d2_k55,16,12,256,256,128,0.081,0.040,0.092,0.000,0.027,0.026
cube_d2_k55,16,13,128,128,64,0.052,0.029,0.059,0.000,0.016,0.017
cube_d2_k55,16,14,64,64,32,0.038,0.018,0.044,0.000,0.008,0.016
cube_d2_k55,16,15,32,32,16,0.023,0.010,0.022,0.000,0.005,0.005
cube_d2_k55,16,16,16,16,8,0.015,0.005,0.009,0.000,0.004,0.002
cube_d2_k55,16,17,8,8,4,0.011,0.003,0.006,0.000,0.003,0.001
cube_d2_k55,16,18,4,4,2,0.004,0.001,0.005,0.000,0.003,0.001
cube_d2_k55,16,19,2,0,0,0.002,0.001,0.000,,,
cube_d2_k55,16,0,110,998250,332750,0.227,0.290,24.269,0.000,6.299,5.829
cube_d2_k55,16,1,332750,332750,131072,25.231,5.463,12.216,0.000,3.007,2.489
cube_d2_k55,16,2,131072,131072,70606,9.566,2.215,6.547,0.000,1.614,1.725
cube_d2_k55,16,3,70606,70606,65536,5.822,1.385,6.632,0.000,3.608,1.334
cube_d2_k55,16,4,65536,65536,32768,5.713,1.489,5.427,0.000,3.358,0.705
cube_d2_k55,16,5,32768,32768,16384,2.809,0.681,3.085,0.000,1.861,0.429
cube_d2_k55,16,6,16384,16384,8192,2.833,0.438,1.691,0.000,0.960,0.258
cube_d2_k55,16,7,8192,8192,4096,1.747,0.374,0.989,0.000,0.444,0.151
cube_d2_k55,16,8,4096,4096,2048,0.878,0.193,0.567,0.000,0.230,0.101
cube_d2_k55,16,9,2048,2048,1024,0.420,0.157,0.327,0.000,0.121,0.069
cube_d2_k55,16,10,1024,1024,512,0.253,0.078,0.242,0.000,0.102,0.047
cube_d2_k55,16,11,512,512,256,0.140,0.057,0.143,0.000,0.047,0.031
cube_d2_k55,16,12,256,256,128,0.078,0.039,0.093,0.000,0.027,0.025
cube_d2_k55,16,13,128,128,64,0.052,0.028,0.060,0.000,0.016,0.016
cube_d2_k55,16,14,64,64,32,0.037,0.019,0.041,0.000,0.008,0.015
cube_d2_k55,16,15,32,32,16,0.022,0.011,0.022,0.000,0.006,0.005
cube_d2_k55,16,16,16,16,8,0.021,0.005,0.009,0.000,0.004,0.002
cube_d2_k55,16,17,8,8,4,0.012,0.003,0.006,0.000,0.003,0.001
cube_d2_k55,16,18,4,4,2,0.003,0.001,0.005,0.000,0.003,0.001
cube_d2_k55,16,19,2,0,0,0.002,0.001,0.000,,,
cube_d2_k55,16,0,110,998250,332750,0.206,0.404,24.816,0.000,6.571,5.837
cube_d2_k55,16,1,332750,332750,131072,25.510,5.890,11.989,0.000,3.056,2.479
cube_d2_k55,16,2,131072,131072,70606,9.649,2.377,6.525,0.000,1.543,1.742
cube_d2_k55,16,3,70606,70606,65536,5.798,1.400,6.822,0.000,3.576,1.342
cube_d2_k55,16,4,65536,65536,32768,5.644,1.278,5.489,0.000,3.396,0.716
cube_d2_k55,16,5,32768,32768,16384,2.808,0.696,3.006,0.000,1.795,0.427
cube_d2_k55,16,6,16384,16384,8192,2.994,0.440,1.583,0.000,0.826,0.256
cube_d2_k55,16,7,8192,8192,4096,1.530,0.373,1.009,0.000,0.454,0.152
cube_d2_k55,16,8,4096,4096,2048,0.829,0.203,0.559,0.000,0.231,0.095
cube_d2_k55,16,9,2048,2048,1024,0.481,0.149,0.340,0.000,0.122,0.063
cube_d2_k55,16,10,1024,1024,512,0.241,0.094,0.212,0.000,0.071,0.052
cube_d2_k55,16,11,512,512,256,0.119,0.057,0.129,0.000,0.041,0.028
cube_d2_k55,16,12,256,256,128,0.084,0.038,0.102,0.000,0.027,0.027
cube_d2_k55,16,13,128,128,64,0.057,0.028,0.064,0.000,0.020,0.017
cube_d2_k55,16,14,64,64,32,0.037,0.018,0.043,0.000,0.009,0.015
cube_d2_k55,16,15,32,32,16,0.022,0.010,0.016,0.000,0.005,0.004
cube_d2_k55,16,16,16,16,8,0.016,0.005,0.009,0.000,0.004,0.002
cube_d2_k55,16,17,8,8,4,0.013,0.003,0.006,0.000,0.003,0.001
cube_d2_k55,16,18,4,4,2,0.004,0.001,0.005,0.000,0.003,0.001
cube_d2_k55,16,19,2,0,0,0.002,0.001,0.000,,,
cube_d2_k55,16,0,110,998250,332750,0.212,0.281,24.496,0.000,6.478,5.789
cube_d2_k55,16,1,332750,332750,131072,23.989,5.537,12.553,0.000,2.905,2.497
cube_d2_k55,16,2,131072,131072,70606,9.537,2.340,6.499,0.000,1.532,1.741
cube_d2_k55,16,3,70606,70606,65536,5.868,1.357,6.522,0.000,3.476,1.327
cube_d2_k55,16,4,65536,65536,32768,5.704,1.490,5.388,0.000,3.288,0.721
cube_d2_k55,16,5,32768,32768,16384,2.860,0.696,2.895,0.000,1.667,0.432
cube_d2_k55,16,6,16384,16384,8192,2.916,0.418,1.795,0.000,1.058,0.259
cube_d2_k55,16,7,8192,8192,4096,1.854,0.372,1.006,0.000,0.455,0.151
cube_d2_k55,16,8,4096,4096,2048,0.823,0.184,0.569,0.000,0.237,0.096
cube_d2_k55,16,9,2048,2048,1024,0.500,0.158,0.339,0.000,0.125,0.064
cube_d2_k55,16,10,1024,1024,512,0.309,0.094,0.217,0.000,0.070,0.054
cube_d2_k55,16,11,512,512,256,0.118,0.058,0.131,0.000,0.038,0.034
cube_d2_k55,16,12,256,256,128,0.082,0.037,0.095,0.000,0.032,0.023
cube_d2_k55,16,13,128,128,64,0.053,0.029,0.060,0.000,0.016,0.016
cube_d2_k55,16,14,64,64,32,0.039,0.017,0.040,0.000,0.009,0.012
cube_d2_k55,16,15,32,32,16,0.021,0.011,0.021,0.000,0.006,0.004
cube_d2_k55,16,16,16,16,8,0.017,0.005,0.009,0.000,0.004,0.002
cube_d2_k55,16,17,8,8,4,0.011,0.003,0.006,0.000,0.003,0.001
cube_d2_k55,16,18,4,4,2,0.004,0.001,0.004,0.000,0.003,0.001
cube_d2_k55,16,19,2,0,0,0.002,0.001,0.000,,,
cube_d2_k55,16,0,110,998250,332750,0.222,0.285,25.088,0.000,6.721,5.837
cube_d2_k55,16,1,332750,332750,131072,23.590,5.458,12.466,0.000,3.064,2.498
cube_d2_k55,16,2,131072,131072,70606,9.553,2.401,6.311,0.000,1.425,1.874
cube_d2_k55,16,3,70606,70606,65536,5.863,1.413,6.798,0.000,3.516,1.580
cube_d2_k55,16,4,65536,65536,32768,5.357,1.699,5.662,0.000,3.570,0.721
cube_d2_k55,16,5,32768,32768,16384,2.799,0.701,2.952,0.000,1.738,0.439
cube_d2_k55,16,6,16384,16384,8192,2.957,0.436,1.615,0.000,0.885,0.254
cube_d2_k55,16,7,8192,8192,4096,1.642,0.370,1.013,0.000,0.450,0.157
cube_d2_k55,16,8,4096,4096,2048,0.819,0.198,0.576,0.000,0.227,0.101
cube_d2_k55,16,9,2048,2048,1024,0.472,0.164,0.333,0.000,0.120,0.065
cube_d2_k55,16,10,1024,1024,512,0.247,0.081,0.239,0.000,0.108,0.041
cube_d2_k55,16,11,512,512,256,0.144,0.057,0.148,0.000,0.041,0.040
cube_d2_k55,16,12,256,256,128,0.083,0.038,0.097,0.000,0.027,0.024
cube_d2_k55,16,13,128,128,64,0.051,0.030,0.059,0.000,0.017,0.016
cube_d2_k55,16,14,64,64,32,0.038,0.018,0.045,0.000,0.009,0.017
cube_d2_k55,16,15,32,32,16,0.024,0.010,0.026,0.000,0.006,0.009
cube_d2_k55,16,16,16,16,8,0.018,0.005,0.009,0.000,0.004,0.002
cube_d2_k55,16,17,8,8,4,0.007,0.002,0.006,0.000,0.004,0.001
cube_d2_k55,16,18,4,4,2,0.004,0.001,0.004,0.000,0.003,0.001
cube_d2_k55,16,19,2,0,0,0.002,0.001,0.000,,,
cube_d2_k55,32,0,110,998250,332750,2.978,1.234,19.356,0.000,8.072,5.110
cube_d2_k55,32,1,332750,332750,131072,11.322,3.223,12.407,0.000,6.898,1.477
cube_d2_k55,32,2,131072,131072,70606,5.078,1.490,3.758,0.000,1.212,0.796
cube_d2_k55,32,3,70606,70606,65536,3.001,0.766,4.895,0.000,3.256,0.649
cube_d2_k55,32,4,65536,65536,32768,2.835,0.711,4.490,0.000,3.322,0.386
cube_d2_k55,32,5,32768,32768,16384,1.482,0.411,2.413,0.000,1.694,0.231
cube_d2_k55,32,6,16384,16384,8192,2.447,0.254,1.856,0.000,1.322,0.220
cube_d2_k55,32,7,8192,8192,4096,1.293,0.310,0.870,0.000,0.430,0.123
cube_d2_k55,32,8,4096,4096,2048,0.793,0.209,0.582,0.000,0.330,0.064
cube_d2_k55,32,9,2048,2048,1024,0.340,0.103,0.317,0.000,0.153,0.045
cube_d2_k55,32,10,1024,1024,512,0.225,0.073,0.180,0.000,0.065,0.036
cube_d2_k55,32,11,512,512,256,0.114,0.051,0.116,0.000,0.037,0.028
cube_d2_k55,32,12,256,256,128,0.059,0.036,0.087,0.000,0.026,0.028
cube_d2_k55,32,13,128,128,64,0.046,0.025,0.050,0.000,0.014,0.014
cube_d2_k55,32,14,64,64,32,0.029,0.014,0.034,0.000,0.009,0.010
cube_d2_k55,32,15,32,32,16,0.019,0.007,0.015,0.000,0.005,0.004
cube_d2_k55,32,16,16,16,8,0.013,0.004,0.009,0.000,0.004,0.002
cube_d2_k55,32,17,8,8,4,0.009,0.002,0.006,0.000,0.003,0.001
cube_d2_k55,32,18,4,4,2,0.003,0.001,0.005,0.000,0.003,0.001
cube_d2_k55,32,19,2,0,0,0.002,0.001,0.000,,,
cube_d2_k55,32,0,110,998250,332750,0.359,0.411,13.845,0.000,4.347,2.847
cube_d2_k55,32,1,332750,332750,131072,12.106,3.384,7.185,0.000,2.036,1.372
cube_d2_k55,32,2,131072,131072,70606,5.376,1.362,3.558,0.000,1.131,0.821
cube_d2_k55,32,3,70606,70606,65536,3.006,0.796,4.887,0.000,3.261,0.652
cube_d2_k55,32,4,65536,65536,32768,2.791,0.739,4.247,0.000,3.058,0.393
cube_d2_k55,32,5,32768,32768,16384,1.450,0.429,2.315,0.000,1.629,0.229
cube_d2_k55,32,6,16384,16384,8192,2.555,0.275,1.407,0.000,0.974,0.147
cube_d2_k55,32,7,8192,8192,4096,1.382,0.306,0.791,0.000,0.412,0.086
cube_d2_k55,32,8,4096,4096,2048,0.693,0.206,0.602,0.000,0.371,0.059
cube_d2_k55,32,9,2048,2048,1024,0.417,0.121,0.301,0.000,0.147,0.046
cube_d2_k55,32,10,1024,1024,512,0.193,0.063,0.171,0.000,0.062,0.037
cube_d2_k55,32,11,512,512,256,0.108,0.048,0.105,0.000,0.037,0.022
cube_d2_k55,32,12,256,256,128,0.057,0.036,0.078,0.000,0.026,0.018
cube_d2_k55,32,13,128,128,64,0.037,0.022,0.049,0.000,0.012,0.016
cube_d2_k55,32,14,64,64,32,0.031,0.013,0.028,0.000,0.009,0.007
cube_d2_k55,32,15,32,32,16,0.016,0.006,0.016,0.000,0.005,0.003
cube_d2_k55,32,16,16,16,8,0.011,0.004,0.009,0.000,0.004,0.002
cube_d2_k55,32,17,8,8,4,0.009,0.002,0.006,0.000,0.003,0.001
cube_d2_k55,32,18,4,4,2,0.004,0.001,0.005,0.000,0.003,0.001
cube_d2_k55,32,19,2,0,0,0.002,0.001,0.000,,,
cube_d2_k55,32,0,110,998250,332750,0.287,0.397,14.157,0.000,4.211,3.078
cube_d2_k55,32,1,332750,332750,131072,12.578,3.353,7.528,0.000,2.027,1.488
cube_d2_k55,32,2,131072,131072,70606,5.291,1.358,3.645,0.000,1.097,0.906
cube_d2_k55,32,3,70606,70606,65536,2.982,0.785,5.196,0.000,3.526,0.704
cube_d2_k55,32,4,65536,65536,32768,2.858,0.743,4.397,0.000,3.188,0.418
cube_d2_k55,32,5,32768,32768,16384,1.491,0.434,2.267,0.000,1.555,0.244
cube_d2_k55,32,6,16384,16384,8192,2.507,0.268,1.415,0.000,0.952,0.160
cube_d2_k55,32,7,8192,8192,4096,1.487,0.298,0.968,0.000,0.565,0.090
cube_d2_k55,32,8,4096,4096,2048,0.778,0.176,0.480,0.000,0.232,0.064
cube_d2_k55,32,9,2048,2048,1024,0.410,0.120,0.300,0.000,0.149,0.043
cube_d2_k55,32,10,1024,1024,512,0.200,0.069,0.167,0.000,0.060,0.034
cube_d2_k55,32,11,512,512,256,0.103,0.050,0.108,0.000,0.035,0.025
cube_d2_k55,32,12,256,256,128,0.053,0.032,0.077,0.000,0.025,0.018
cube_d2_k55,32,13,128,128,64,0.038,0.024,0.048,0.000,0.015,0.014
cube_d2_k55,32,14,64,64,32,0.024,0.016,0.037,0.000,0.009,0.012
cube_d2_k55,32,15,32,32,16,0.023,0.007,0.020,0.000,0.005,0.005
cube_d2_k55,32,16,16,16,8,0.011,0.004,0.009,0.000,0.004,0.002
cube_d2_k55,32,17,8,8,4,0.008,0.002,0.007,0.000,0.003,0.001
cube_d2_k55,32,18,4,4,2,0.004,0.001,0.005,0.000,0.003,0.001
cube_d2_k55,32,19,2,0,0,0.002,0.001,0.000,,,
cube_d2_k55,32,0,110,998250,332750,0.285,0.411,14.451,0.000,4.297,3.130
cube_d2_k55,32,1,332750,332750,131072,12.483,3.257,7.288,0.000,2.064,1.524
cube_d2_k55,32,2,131072,131072,70606,5.293,1.360,3.669,0.000,1.093,0.916
cube_d2_k55,32,3,70606,70606,65536,2.935,0.797,5.216,0.000,3.461,0.723
cube_d2_k55,32,4,65536,65536,32768,2.843,0.749,4.506,0.000,3.273,0.425
cube_d2_k55,32,5,32768,32768,16384,1.472,0.413,2.328,0.000,1.614,0.250
cube_d2_k55,32,6,16384,16384,8192,2.514,0.275,1.433,0.000,0.975,0.155
cube_d2_k55,32,7,8192,8192,4096,1.624,0.311,0.989,0.000,0.583,0.103
cube_d2_k55,32,8,4096,4096,2048,0.778,0.198,0.606,0.000,0.366,0.064
cube_d2_k55,32,9,2048,2048,1024,0.415,0.103,0.281,0.000,0.135,0.041
cube_d2_k55,32,10,1024,1024,512,0.215,0.066,0.168,0.000,0.061,0.034
cube_d2_k55,32,11,512,512,256,0.116,0.051,0.103,0.000,0.035,0.023
cube_d2_k55,32,12,256,256,128,0.056,0.034,0.073,0.000,0.025,0.016
cube_d2_k55,32,13,128,128,64,0.039,0.024,0.058,0.000,0.015,0.018
cube_d2_k55,32,14,64,64,32,0.023,0.013,0.029,0.000,0.012,0.006
cube_d2_k55,32,15,32,32,16,0.017,0.007,0.014,0.000,0.005,0.004
cube_d2_k55,32,16,16,16,8,0.013,0.004,0.009,0.000,0.004,0.002
cube_d2_k55,32,17,8,8,4,0.007,0.001,0.006,0.000,0.003,0.001
cube_d2_k55,32,18,4,4,2,0.004,0.001,0.004,0.000,0.003,0.001
cube_d2_k55,32,19,2,0,0,0.002,0.001,0.000,,,
cube_d2_k55,32,0,110,998250,332750,0.310,0.405,14.466,0.000,4.251,3.180
cube_d2_k55,32,1,332750,332750,131072,12.449,3.148,7.230,0.000,2.056,1.507
cube_d2_k55,32,2,131072,131072,70606,5.246,1.319,3.641,0.000,1.068,0.927
cube_d2_k55,32,3,70606,70606,65536,2.928,0.781,5.047,0.000,3.334,0.715
cube_d2_k55,32,4,65536,65536,32768,2.800,0.719,4.606,0.000,3.374,0.430
cube_d2_k55,32,5,32768,32768,16384,1.442,0.416,2.221,0.000,1.501,0.257
cube_d2_k55,32,6,16384,16384,8192,2.474,0.264,1.364,0.000,0.908,0.163
cube_d2_k55,32,7,8192,8192,4096,1.326,0.301,0.963,0.000,0.564,0.097
cube_d2_k55,32,8,4096,4096,2048,0.748,0.198,0.464,0.000,0.221,0.062
cube_d2_k55,32,9,2048,2048,1024,0.412,0.102,0.305,0.000,0.148,0.045
cube_d2_k55,32,10,1024,1024,512,0.207,0.066,0.163,0.000,0.061,0.033
cube_d2_k55,32,11,512,512,256,0.113,0.049,0.110,0.000,0.037,0.026
cube_d2_k55,32,12,256,256,128,0.059,0.031,0.077,0.000,0.025,0.019
cube_d2_k55,32,13,128,128,64,0.038,0.022,0.054,0.000,0.014,0.014
cube_d2_k55,32,14,64,64,32,0.027,0.014,0.036,0.000,0.009,0.010
cube_d2_k55,32,15,32,32,16,0.017,0.006,0.020,0.000,0.005,0.004
cube_d2_k55,32,16,16,16,8,0.012,0.004,0.008,0.000,0.004,0.002
cube_d2_k55,32,17,8,8,4,0.008,0.002,0.006,0.000,0.003,0.001
cube_d2_k55,32,18,4,4,2,0.004,0.001,0.004,0.000,0.003,0.001
cube_d2_k55,32,19,2,0,0,0.002,0.001,0.000,,,
cube_d2_k55,32,0,110,998250,332750,0.273,0.419,14.699,0.000,4.356,3.057
cube_d2_k55,32,1,332750,332750,131072,12.838,3.376,7.615,0.000,2.028,1.523
cube_d2_k55,32,2,131072,131072,70606,5.262,1.357,3.586,0.000,1.057,0.862
cube_d2_k55,32,3,70606,70606,65536,2.933,0.814,5.418,0.000,3.731,0.671
cube_d2_k55,32,4,65536,65536,32768,2.717,0.744,4.342,0.000,3.083,0.427
cube_d2_k55,32,5,32768,32768,16384,1.429,0.430,2.345,0.000,1.569,0.275
cube_d2_k55,32,6,16384,16384,8192,2.222,0.285,1.404,0.000,0.925,0.165
cube_d2_k55,32,7,8192,8192,4096,1.497,0.317,0.925,0.000,0.517,0.096
cube_d2_k55,32,8,4096,4096,2048,0.893,0.208,0.462,0.000,0.219,0.064
cube_d2_k55,32,9,2048,2048,1024,0.414,0.122,0.444,0.000,0.286,0.046
cube_d2_k55,32,10,1024,1024,512,0.193,0.068,0.172,0.000,0.066,0.036
cube_d2_k55,32,11,512,512,256,0.108,0.049,0.119,0.000,0.039,0.026
cube_d2_k55,32,12,256,256,128,0.061,0.040,0.079,0.000,0.026,0.018
cube_d2_k55,32,13,128,128,64,0.041,0.027,0.054,0.000,0.013,0.016
cube_d2_k55,32,14,64,64,32,0.028,0.024,0.036,0.000,0.011,0.010
cube_d2_k55,32,15,32,32,16,0.019,0.007,0.024,0.000,0.006,0.005
cube_d2_k55,32,16,16,16,8,0.014,0.004,0.010,0.000,0.004,0.003
cube_d2_k55,32,17,8,8,4,0.011,0.002,0.007,0.000,0.003,0.001
cube_d2_k55,32,18,4,4,2,0.004,0.001,0.005,0.000,0.003,0.001
cube_d2_k55,32,19,2,0,0,0.002,0.001,0.000,,,
cube_d2_k55,64,0,110,998250,332750,4.807,1.452,21.762,0.000,12.467,3.441
cube_d2_k55,64,1,332750,332750,131072,7.446,2.315,10.823,0.000,6.575,1.064
cube_d2_k55,64,2,131072,131072,70606,3.565,1.099,2.916,0.000,0.797,0.618
cube_d2_k55,64,3,70606,70606,65536,1.991,0.635,4.614,0.000,3.406,0.456
cube_d2_k55,64,4,65536,65536,32768,1.859,0.558,4.409,0.000,3.439,0.307
cube_d2_k55,64,5,32768,32768,16384,1.039,0.361,2.217,0.000,1.622,0.201
cube_d2_k55,64,6,16384,16384,8192,1.870,0.254,1.344,0.000,0.863,0.187
cube_d2_k55,64,7,8192,8192,4096,0.688,0.320,0.870,0.000,0.499,0.087
cube_d2_k55,64,8,4096,4096,2048,0.491,0.150,0.553,0.000,0.309,0.061
cube_d2_k55,64,9,2048,2048,1024,0.185,0.105,0.282,0.000,0.114,0.050
cube_d2_k55,64,10,1024,1024,512,0.124,0.072,0.171,0.000,0.064,0.032
cube_d2_k55,64,11,512,512,256,0.079,0.050,0.121,0.000,0.038,0.028
cube_d2_k55,64,12,256,256,128,0.056,0.037,0.084,0.000,0.024,0.023
cube_d2_k55,64,13,128,128,64,0.051,0.029,0.056,0.000,0.015,0.016
cube_d2_k55,64,14,64,64,32,0.027,0.020,0.031,0.000,0.008,0.010
cube_d2_k55,64,15,32,32,16,0.021,0.007,0.016,0.000,0.005,0.004
cube_d2_k55,64,16,16,16,8,0.011,0.004,0.009,0.000,0.004,0.002
cube_d2_k55,64,17,8,8,4,0.008,0.002,0.006,0.000,0.003,0.001
cube_d2_k55,64,18,4,4,2,0.003,0.001,0.004,0.000,0.003,0.001
cube_d2_k55,64,19,2,0,0,0.002,0.001,0.000,,,
cube_d2_k55,64,0,110,998250,332750,0.320,0.338,11.284,0.000,4.093,1.807
cube_d2_k55,64,1,332750,332750,131072,7.257,2.096,5.404,0.000,1.502,0.900
cube_d2_k55,64,2,131072,131072,70606,3.370,0.998,2.608,0.000,0.783,0.646
cube_d2_k55,64,3,70606,70606,65536,1.983,0.612,4.592,0.000,3.457,0.426
cube_d2_k55,64,4,65536,65536,32768,1.848,0.556,4.243,0.000,3.104,0.543
cube_d2_k55,64,5,32768,32768,16384,1.024,0.379,2.129,0.000,1.556,0.204
cube_d2_k55,64,6,16384,16384,8192,2.216,0.245,1.355,0.000,0.893,0.217
cube_d2_k55,64,7,8192,8192,4096,0.812,0.316,0.779,0.000,0.424,0.076
cube_d2_k55,64,8,4096,4096,2048,0.493,0.173,0.463,0.000,0.234,0.055
cube_d2_k55,64,9,2048,2048,1024,0.211,0.097,0.401,0.000,0.240,0.045
cube_d2_k55,64,10,1024,1024,512,0.111,0.071,0.181,0.000,0.064,0.040
cube_d2_k55,64,11,512,512,256,0.083,0.052,0.121,0.000,0.038,0.036
cube_d2_k55,64,12,256,256,128,0.061,0.033,0.078,0.000,0.027,0.018
cube_d2_k55,64,13,128,128,64,0.041,0.022,0.055,0.000,0.013,0.017
cube_d2_k55,64,14,64,64,32,0.033,0.019,0.037,0.000,0.008,0.011
cube_d2_k55,64,15,32,32,16,0.022,0.007,0.016,0.000,0.005,0.004
cube_d2_k55,64,16,16,16,8,0.012,0.004,0.011,0.000,0.004,0.003
cube_d2_k55,64,17,8,8,4,0.007,0.002,0.007,0.000,0.003,0.001
cube_d2_k55,64,18,4,4,2,0.004,0.001,0.005,0.000,0.003,0.001
cube_d2_k55,64,19,2,0,0,0.002,0.001,0.000,,,
cube_d2_k55,64,0,110,998250,332750,0.287,0.322,10.885,0.000,3.739,1.645
cube_d2_k55,64,1,332750,332750,131072,7.823,2.070,4.882,0.000,1.529,0.876
cube_d2_k55,64,2,131072,131072,70606,3.385,0.964,2.499,0.000,0.749,0.604
cube_d2_k55,64,3,70606,70606,65536,1.944,0.657,4.479,0.000,3.327,0.440
cube_d2_k55,64,4,65536,65536,32768,1.828,0.561,4.044,0.000,3.138,0.304
cube_d2_k55,64,5,32768,32768,16384,0.992,0.355,2.297,0.000,1.708,0.200
cube_d2_k55,64,6,16384,16384,8192,1.968,0.259,1.304,0.000,0.923,0.129
cube_d2_k55,64,7,8192,8192,4096,0.841,0.293,0.868,0.000,0.506,0.077
cube_d2_k55,64,8,4096,4096,2048,0.376,0.158,0.472,0.000,0.236,0.059
cube_d2_k55,64,9,2048,2048,1024,0.203,0.105,0.270,0.000,0.114,0.044
cube_d2_k55,64,10,1024,1024,512,0.127,0.065,0.183,0.000,0.071,0.038
cube_d2_k55,64,11,512,512,256,0.072,0.053,0.111,0.000,0.038,0.029
cube_d2_k55,64,12,256,256,128,0.056,0.035,0.075,0.000,0.022,0.020
cube_d2_k55,64,13,128,128,64,0.044,0.019,0.057,0.000,0.014,0.018
cube_d2_k55,64,14,64,64,32,0.030,0.011,0.035,0.000,0.008,0.010
cube_d2_k55,64,15,32,32,16,0.019,0.007,0.021,0.000,0.005,0.005
cube_d2_k55,64,16,16,16,8,0.014,0.004,0.010,0.000,0.004,0.002
cube_d2_k55,64,17,8,8,4,0.007,0.002,0.006,0.000,0.003,0.001
cube_d2_k55,64,18,4,4,2,0.003,0.001,0.004,0.000,0.003,0.001
cube_d2_k55,64,19,2,0,0,0.002,0.001,0.000,,,
cube_d2_k55,64,0,110,998250,332750,0.322,0.345,10.582,0.000,3.564,1.637
cube_d2_k55,64,1,332750,332750,131072,7.877,1.921,4.915,0.000,1.541,0.902
cube_d2_k55,64,2,131072,131072,70606,3.353,0.966,2.515,0.000,0.726,0.626
cube_d2_k55,64,3,70606,70606,65536,1.891,0.599,4.790,0.000,3.637,0.438
cube_d2_k55,64,4,65536,65536,32768,1.792,0.537,4.105,0.000,3.191,0.315
cube_d2_k55,64,5,32768,32768,16384,0.987,0.340,2.044,0.000,1.472,0.191
cube_d2_k55,64,6,16384,16384,8192,1.916,0.248,1.160,0.000,0.794,0.122
cube_d2_k55,64,7,8192,8192,4096,0.719,0.319,0.934,0.000,0.582,0.078
cube_d2_k55,64,8,4096,4096,2048,0.395,0.153,0.539,0.000,0.314,0.059
cube_d2_k55,64,9,2048,2048,1024,0.178,0.103,0.431,0.000,0.275,0.043
cube_d2_k55,64,10,1024,1024,512,0.105,0.075,0.170,0.000,0.060,0.038
cube_d2_k55,64,11,512,512,256,0.085,0.052,0.111,0.000,0.041,0.028
cube_d2_k55,64,12,256,256,128,0.060,0.040,0.085,0.000,0.028,0.024
cube_d2_k55,64,13,128,128,64,0.047,0.024,0.049,0.000,0.013,0.014
cube_d2_k55,64,14,64,64,32,0.032,0.010,0.032,0.000,0.009,0.007
cube_d2_k55,64,15,32,32,16,0.019,0.006,0.015,0.000,0.005,0.004
cube_d2_k55,64,16,16,16,8,0.012,0.004,0.009,0.000,0.004,0.002
cube_d2_k55,64,17,8,8,4,0.006,0.002,0.006,0.000,0.003,0.001
cube_d2_k55,64,18,4,4,2,0.003,0.001,0.005,0.000,0.003,0.001
cube_d2_k55,64,19,2,0,0,0.002,0.001,0.000,,,
cube_d2_k55,64,0,110,998250,332750,0.354,0.295,11.793,0.000,3.860,1.657
cube_d2_k55,64,1,332750,332750,131072,8.018,1.962,4.867,0.000,1.563,0.882
cube_d2_k55,64,2,131072,131072,70606,3.287,1.080,2.489,0.000,0.725,0.608
cube_d2_k55,64,3,70606,70606,65536,1.963,0.616,4.647,0.000,3.471,0.437
cube_d2_k55,64,4,65536,65536,32768,1.825,0.556,4.151,0.000,3.253,0.298
cube_d2_k55,64,5,32768,32768,16384,0.968,0.361,2.169,0.000,1.600,0.196
cube_d2_k55,64,6,16384,16384,8192,2.150,0.240,1.315,0.000,0.941,0.126
cube_d2_k55,64,7,8192,8192,4096,0.697,0.336,0.875,0.000,0.518,0.079
cube_d2_k55,64,8,4096,4096,2048,0.529,0.153,0.461,0.000,0.242,0.057
cube_d2_k55,64,9,2048,2048,1024,0.164,0.099,0.387,0.000,0.236,0.045
cube_d2_k55,64,10,1024,1024,512,0.106,0.072,0.176,0.000,0.065,0.041
cube_d2_k55,64,11,512,512,256,0.070,0.055,0.115,0.000,0.039,0.027
cube_d2_k55,64,12,256,256,128,0.051,0.038,0.080,0.000,0.025,0.019
cube_d2_k55,64,13,128,128,64,0.036,0.022,0.055,0.000,0.015,0.016
cube_d2_k55,64,14,64,64,32,0.031,0.021,0.028,0.000,0.009,0.007
cube_d2_k55,64,15,32,32,16,0.018,0.007,0.025,0.000,0.005,0.005
cube_d2_k55,64,16,16,16,8,0.013,0.004,0.009,0.000,0.004,0.002
cube_d2_k55,64,17,8,8,4,0.012,0.002,0.006,0.000,0.003,0.001
cube_d2_k55,64,18,4,4,2,0.004,0.001,0.005,0.000,0.003,0.001
cube_d2_k55,64,19,2,0,0,0.002,0.001,0.000,,,
cube_d2_k55,64,0,110,998250,332750,0.371,0.289,11.170,0.000,4.091,1.717
cube_d2_k55,64,1,332750,332750,131072,8.099,1.964,4.915,0.000,1.562,0.916
cube_d2_k55,64,2,131072,131072,70606,3.380,0.992,2.543,0.000,0.758,0.616
cube_d2_k55,64,3,70606,70606,65536,1.856,0.614,4.523,0.000,3.360,0.448
cube_d2_k55,64,4,65536,65536,32768,1.798,0.576,4.020,0.000,3.139,0.285
cube_d2_k55,64,5,32768,32768,16384,0.988,0.347,2.067,0.000,1.498,0.196
cube_d2_k55,64,6,16384,16384,8192,2.197,0.234,1.303,0.000,0.938,0.130
cube_d2_k55,64,7,8192,8192,4096,0.584,0.320,0.931,0.000,0.579,0.079
cube_d2_k55,64,8,4096,4096,2048,0.709,0.152,0.468,0.000,0.234,0.060
cube_d2_k55,64,9,2048,2048,1024,0.364,0.100,0.272,0.000,0.121,0.046
cube_d2_k55,64,10,1024,1024,512,0.187,0.071,0.169,0.000,0.061,0.037
cube_d2_k55,64,11,512,512,256,0.100,0.050,0.115,0.000,0.038,0.026
cube_d2_k55,64,12,256,256,128,0.056,0.039,0.084,0.000,0.027,0.025
cube_d2_k55,64,13,128,128,64,0.045,0.026,0.053,0.000,0.013,0.016
cube_d2_k55,64,14,64,64,32,0.028,0.018,0.048,0.000,0.009,0.011
cube_d2_k55,64,15,32,32,16,0.020,0.006,0.026,0.000,0.005,0.006
cube_d2_k55,64,16,16,16,8,0.012,0.004,0.009,0.000,0.004,0.002
cube_d2_k55,64,17,8,8,4,0.009,0.002,0.006,0.000,0.003,0.001
cube_d2_k55,64,18,4,4,2,0.004,0.001,0.005,0.000,0.003,0.001
cube_d2_k55,64,19,2,0,0,0.002,0.001,0.000,,,
cube_d2_k55,128,0,110,998250,332750,13.962,3.095,45.623,0.000,23.018,10.340
cube_d2_k55,128,1,332750,332750,131072,6.563,4.523,13.906,0.000,9.924,1.127
cube_d2_k55,128,2,131072,131072,70606,2.992,1.445,2.804,0.000,0.956,0.464
cube_d2_k55,128,3,70606,70606,65536,1.667,1.041,4.892,0.000,3.725,0.368
cube_d2_k55,128,4,65536,65536,32768,1.571,0.590,4.317,0.000,3.465,0.273
cube_d2_k55,128,5,32768,32768,16384,1.342,0.372,2.262,0.000,1.710,0.191
cube_d2_k55,128,6,16384,16384,8192,1.202,0.562,1.524,0.000,0.934,0.325
cube_d2_k55,128,7,8192,8192,4096,0.669,0.297,0.854,0.000,0.440,0.114
cube_d2_k55,128,8,4096,4096,2048,0.407,0.170,0.627,0.000,0.365,0.071
cube_d2_k55,128,9,2048,2048,1024,0.225,0.118,0.341,0.000,0.139,0.071
cube_d2_k55,128,10,1024,1024,512,0.144,0.080,0.215,0.000,0.079,0.048
cube_d2_k55,128,11,512,512,256,0.090,0.067,0.169,0.000,0.045,0.043
cube_d2_k55,128,12,256,256,128,0.091,0.045,0.105,0.000,0.029,0.025
cube_d2_k55,128,13,128,128,64,0.056,0.030,0.063,0.000,0.013,0.019
cube_d2_k55,128,14,64,64,32,0.035,0.019,0.053,0.000,0.009,0.018
cube_d2_k55,128,15,32,32,16,0.030,0.007,0.024,0.000,0.006,0.004
cube_d2_k55,128,16,16,16,8,0.016,0.004,0.009,0.000,0.004,0.002
cube_d2_k55,128,17,8,8,4,0.006,0.002,0.006,0.000,0.003,0.001
cube_d2_k55,128,18,4,4,2,0.003,0.001,0.004,0.000,0.003,0.001
cube_d2_k55,128,19,2,0,0,0.002,0.001,0.000,,,
cube_d2_k55,128,0,110,998250,332750,0.257,0.348,15.523,0.000,9.238,1.139
cube_d2_k55,128,1,332750,332750,131072,5.914,2.905,4.794,0.000,1.353,0.752
cube_d2_k55,128,2,131072,131072,70606,3.575,0.844,2.320,0.000,0.767,0.448
cube_d2_k55,128,3,70606,70606,65536,1.626,0.546,4.767,0.000,3.714,0.342
cube_d2_k55,128,4,65536,65536,32768,1.610,0.531,4.096,0.000,3.330,0.252
cube_d2_k55,128,5,32768,32768,16384,1.261,0.358,2.131,0.000,1.604,0.174
cube_d2_k55,128,6,16384,16384,8192,1.342,0.267,1.453,0.000,0.948,0.243
cube_d2_k55,128,7,8192,8192,4096,0.896,0.308,0.911,0.000,0.511,0.092
cube_d2_k55,128,8,4096,4096,2048,0.383,0.175,0.626,0.000,0.368,0.070
cube_d2_k55,128,9,2048,2048,1024,0.248,0.122,0.437,0.000,0.249,0.059
cube_d2_k55,128,10,1024,1024,512,0.146,0.076,0.223,0.000,0.072,0.055
cube_d2_k55,128,11,512,512,256,0.098,0.057,0.172,0.000,0.055,0.042
cube_d2_k55,128,12,256,256,128,0.070,0.050,0.115,0.000,0.037,0.029
cube_d2_k55,128,13,128,128,64,0.063,0.034,0.060,0.000,0.013,0.021
cube_d2_k55,128,14,64,64,32,0.044,0.024,0.043,0.000,0.009,0.012
cube_d2_k55,128,15,32,32,16,0.035,0.013,0.029,0.000,0.005,0.006
cube_d2_k55,128,16,16,16,8,0.017,0.005,0.010,0.000,0.004,0.002
cube_d2_k55,128,17,8,8,4,0.014,0.002,0.007,0.000,0.003,0.001
cube_d2_k55,128,18,4,4,2,0.003,0.001,0.005,0.000,0.003,0.001
cube_d2_k55,128,19,2,0,0,0.002,0.001,0.000,,,
cube_d2_k55,128,0,110,998250,332750,0.221,0.408,9.083,0.000,3.113,1.246
cube_d2_k55,128,1,332750,332750,131072,5.802,1.693,4.604,0.000,1.318,0.753
cube_d2_k55,128,2,131072,131072,70606,2.737,0.827,2.222,0.000,0.818,0.433
cube_d2_k55,128,3,70606,70606,65536,1.540,0.587,4.694,0.000,3.709,0.347
cube_d2_k55,128,4,65536,65536,32768,1.471,0.548,4.038,0.000,3.238,0.275
cube_d2_k55,128,5,32768,32768,16384,0.839,0.350,2.321,0.000,1.799,0.184
cube_d2_k55,128,6,16384,16384,8192,1.589,0.528,1.603,0.000,0.947,0.406
cube_d2_k55,128,7,8192,8192,4096,0.833,0.311,0.814,0.000,0.423,0.096
cube_d2_k55,128,8,4096,4096,2048,0.435,0.175,0.608,0.000,0.349,0.076
cube_d2_k55,128,9,2048,2048,1024,0.242,0.136,0.436,0.000,0.257,0.050
cube_d2_k55,128,10,1024,1024,512,0.132,0.092,0.207,0.000,0.067,0.052
cube_d2_k55,128,11,512,512,256,0.094,0.081,0.175,0.000,0.041,0.067
cube_d2_k55,128,12,256,256,128,0.075,0.047,0.107,0.000,0.030,0.031
cube_d2_k55,128,13,128,128,64,0.049,0.033,0.061,0.000,0.013,0.020
cube_d2_k55,128,14,64,64,32,0.040,0.020,0.045,0.000,0.009,0.017
cube_d2_k55,128,15,32,32,16,0.023,0.011,0.026,0.000,0.006,0.005
cube_d2_k55,128,16,16,16,8,0.014,0.004,0.010,0.000,0.004,0.003
cube_d2_k55,128,17,8,8,4,0.015,0.002,0.007,0.000,0.003,0.001
cube_d2_k55,128,18,4,4,2,0.004,0.001,0.005,0.000,0.003,0.001
cube_d2_k55,128,19,2,0,0,0.002,0.001,0.000,,,
cube_d2_k55,128,0,110,998250,332750,0.242,0.407,9.065,0.000,3.173,1.255
cube_d2_k55,128,1,332750,332750,131072,5.713,1.839,4.394,0.000,1.315,0.756
cube_d2_k55,128,2,131072,131072,70606,2.824,0.959,2.191,0.000,0.810,0.445
cube_d2_k55,128,3,70606,70606,65536,1.638,0.523,4.961,0.000,3.948,0.366
cube_d2_k55,128,4,65536,65536,32768,1.504,0.518,4.235,0.000,3.464,0.259
cube_d2_k55,128,5,32768,32768,16384,0.869,0.362,2.208,0.000,1.684,0.182
cube_d2_k55,128,6,16384,16384,8192,1.452,0.539,1.634,0.000,0.943,0.427
cube_d2_k55,128,7,8192,8192,4096,0.702,0.301,0.804,0.000,0.413,0.084
cube_d2_k55,128,8,4096,4096,2048,0.365,0.169,0.613,0.000,0.341,0.075
cube_d2_k55,128,9,2048,2048,1024,0.216,0.127,0.328,0.000,0.135,0.070
cube_d2_k55,128,10,1024,1024,512,0.136,0.110,0.215,0.000,0.064,0.055
cube_d2_k55,128,11,512,512,256,0.094,0.071,0.146,0.000,0.043,0.035
cube_d2_k55,128,12,256,256,128,0.071,0.044,0.115,0.000,0.029,0.029
cube_d2_k55,128,13,128,128,64,0.056,0.034,0.066,0.000,0.017,0.018
cube_d2_k55,128,14,64,64,32,0.048,0.023,0.044,0.000,0.009,0.011
cube_d2_k55,128,15,32,32,16,0.033,0.012,0.023,0.000,0.006,0.005
cube_d2_k55,128,16,16,16,8,0.019,0.004,0.010,0.000,0.004,0.002
cube_d2_k55,128,17,8,8,4,0.015,0.002,0.006,0.000,0.003,0.001
cube_d2_k55,128,18,4,4,2,0.004,0.001,0.005,0.000,0.003,0.001
cube_d2_k55,128,19,2,0,0,0.002,0.001,0.000,,,
cube_d2_k55,128,0,110,998250,332750,0.266,0.426,10.304,0.000,3.178,1.309
cube_d2_k55,128,1,332750,332750,131072,5.860,1.677,4.301,0.000,1.289,0.774
cube_d2_k55,128,2,131072,131072,70606,2.790,0.847,2.153,0.000,0.762,0.441
cube_d2_k55,128,3,70606,70606,65536,1.488,0.523,4.785,0.000,3.768,0.377
cube_d2_k55,128,4,65536,65536,32768,1.468,0.546,4.171,0.000,3.350,0.255
cube_d2_k55,128,5,32768,32768,16384,0.821,0.367,2.231,0.000,1.672,0.204
cube_d2_k55,128,6,16384,16384,8192,1.469,0.282,1.387,0.000,0.986,0.139
cube_d2_k55,128,7,8192,8192,4096,0.810,0.317,0.937,0.000,0.554,0.100
cube_d2_k55,128,8,4096,4096,2048,0.261,0.156,0.654,0.000,0.408,0.072
cube_d2_k55,128,9,2048,2048,1024,0.216,0.124,0.431,0.000,0.243,0.053
cube_d2_k55,128,10,1024,1024,512,0.150,0.090,0.218,0.000,0.069,0.054
cube_d2_k55,128,11,512,512,256,0.107,0.079,0.156,0.000,0.046,0.033
cube_d2_k55,128,12,256,256,128,0.080,0.040,0.113,0.000,0.031,0.034
cube_d2_k55,128,13,128,128,64,0.062,0.034,0.063,0.000,0.016,0.021
cube_d2_k55,128,14,64,64,32,0.040,0.022,0.038,0.000,0.009,0.010
cube_d2_k55,128,15,32,32,16,0.033,0.013,0.030,0.000,0.006,0.011
cube_d2_k55,128,16,16,16,8,0.016,0.004,0.010,0.000,0.004,0.002
cube_d2_k55,128,17,8,8,4,0.013,0.002,0.007,0.000,0.003,0.001
cube_d2_k55,128,18,4,4,2,0.004,0.001,0.005,0.000,0.003,0.001
cube_d2_k55,128,19,2,0,0,0.002,0.001,0.000,,,
cube_d2_k55,128,0,110,998250,332750,0.232,0.378,9.361,0.000,3.388,1.268
cube_d2_k55,128,1,332750,332750,131072,5.950,1.711,4.560,0.000,1.307,0.725
cube_d2_k55,128,2,131072,131072,70606,2.762,0.809,2.174,0.000,0.803,0.450
cube_d2_k55,128,3,70606,70606,65536,1.517,0.538,4.648,0.000,3.596,0.356
cube_d2_k55,128,4,65536,65536,32768,1.422,0.527,4.093,0.000,3.287,0.280
cube_d2_k55,128,5,32768,32768,16384,0.872,0.345,2.366,0.000,1.799,0.198
cube_d2_k55,128,6,16384,16384,8192,1.666,0.277,1.228,0.000,0.840,0.128
cube_d2_k55,128,7,8192,8192,4096,0.579,0.312,0.886,0.000,0.514,0.089
cube_d2_k55,128,8,4096,4096,2048,0.342,0.157,0.527,0.000,0.258,0.064
cube_d2_k55,128,9,2048,2048,1024,0.235,0.147,0.416,0.000,0.231,0.049
cube_d2_k55,128,10,1024,1024,512,0.140,0.091,0.217,0.000,0.075,0.045
cube_d2_k55,128,11,512,512,256,0.110,0.068,0.136,0.000,0.046,0.039
cube_d2_k55,128,12,256,256,128,0.099,0.038,0.105,0.000,0.031,0.035
cube_d2_k55,128,13,128,128,64,0.063,0.035,0.069,0.000,0.013,0.021
cube_d2_k55,128,14,64,64,32,0.047,0.023,0.042,0.000,0.008,0.012
cube_d2_k55,128,15,32,32,16,0.033,0.007,0.023,0.000,0.006,0.005
cube_d2_k55,128,16,16,16,8,0.018,0.004,0.010,0.000,0.004,0.002
cube_d2_k55,128,17,8,8,4,0.011,0.002,0.007,0.000,0.003,0.001
cube_d2_k55,128,18,4,4,2,0.004,0.001,0.005,0.000,0.003,0.001
cube_d2_k55,128,19,2,0,0,0.002,0.001,0.000,,,
cube_d2_k105,1,0,210,6945750,2315250,4.235,8.324,1511.036,0.000,533.523,339.580
cube_d2_k105,1,1,2315250,2315250,1048576,1622.284,341.117,1117.007,0.000,204.662,155.198
cube_d2_k105,1,2,1048576,1048576,524288,760.943,163.992,488.593,0.000,100.621,87.956
cube_d2_k105,1,3,524288,524288,262144,383.888,81.336,262.392,0.000,53.098,59.198
cube_d2_k105,1,4,262144,262144,218098,193.211,40.328,135.024,0.000,28.444,35.194
cube_d2_k105,1,5,218098,218098,131072,171.233,37.288,100.239,0.000,19.980,22.911
cube_d2_k105,1,6,131072,131072,65536,105.044,21.164,51.428,0.000,11.968,12.349
cube_d2_k105,1,7,65536,65536,32768,49.045,7.664,23.418,0.000,5.770,4.802
cube_d2_k105,1,8,32768,32768,16384,24.734,2.482,11.041,0.000,2.815,1.821
cube_d2_k105,1,9,16384,16384,8192,11.165,1.036,4.751,0.000,1.399,0.912
cube_d2_k105,1,10,8192,8192,4096,4.583,0.470,2.139,0.000,0.682,0.501
cube_d2_k105,1,11,4096,4096,2048,2.241,0.223,1.027,0.000,0.320,0.231
cube_d2_k105,1,12,2048,2048,1024,1.104,0.105,0.508,0.000,0.155,0.114
cube_d2_k105,1,13,1024,1024,512,0.595,0.049,0.255,0.000,0.077,0.057
cube_d2_k105,1,14,512,512,256,0.282,0.031,0.158,0.000,0.052,0.036
cube_d2_k105,1,15,256,256,128,0.139,0.013,0.064,0.000,0.021,0.015
cube_d2_k105,1,16,128,128,64,0.070,0.008,0.034,0.000,0.012,0.008
cube_d2_k105,1,17,64,64,32,0.036,0.005,0.019,0.000,0.007,0.005
cube_d2_k105,1,18,32,32,16,0.018,0.003,0.012,0.000,0.005,0.003
cube_d2_k105,1,19,16,16,8,0.010,0.002,0.008,0.000,0.004,0.002
cube_d2_k105,1,20,8,8,4,0.006,0.001,0.006,0.000,0.003,0.001
cube_d2_k105,1,21,4,4,2,0.003,0.001,0.005,0.000,0.003,0.001
cube_d2_k105,1,22,2,0,0,0.002,0.001,0.000,,,
cube_d2_k105,1,0,210,6945750,2315250,4.280,8.052,1472.813,0.000,508.452,327.318
cube_d2_k105,1,1,2315250,2315250,1048576,2033.165,498.851,1177.627,0.000,235.621,154.075
cube_d2_k105,1,2,1048576,1048576,524288,941.279,228.009,567.952,0.000,129.072,105.999
cube_d2_k105,1,3,524288,524288,262144,470.018,112.787,312.191,0.000,82.150,62.709
cube_d2_k105,1,4,262144,262144,218098,235.586,56.901,161.365,0.000,34.116,45.761
cube_d2_k105,1,5,218098,218098,131072,197.067,46.792,103.181,0.000,20.240,25.281
cube_d2_k105,1,6,131072,131072,65536,119.078,24.035,51.187,0.000,11.573,12.380
cube_d2_k105,1,7,65536,65536,32768,57.043,8.946,23.437,0.000,5.868,4.796
cube_d2_k105,1,8,32768,32768,16384,26.619,2.606,11.134,0.000,2.833,1.831
cube_d2_k105,1,9,16384,16384,8192,11.678,1.172,4.825,0.000,1.388,0.916
cube_d2_k105,1,10,8192,8192,4096,4.641,0.527,2.127,0.000,0.649,0.511
cube_d2_k105,1,11,4096,4096,2048,2.202,0.273,1.065,0.000,0.325,0.268
cube_d2_k105,1,12,2048,2048,1024,1.126,0.112,0.512,0.000,0.156,0.115
cube_d2_k105,1,13,1024,1024,512,0.549,0.052,0.258,0.000,0.079,0.060
cube_d2_k105,1,14,512,512,256,0.269,0.025,0.130,0.000,0.040,0.029
cube_d2_k105,1,15,256,256,128,0.137,0.014,0.064,0.000,0.021,0.015
cube_d2_k105,1,16,128,128,64,0.067,0.008,0.034,0.000,0.012,0.008
cube_d2_k105,1,17,64,64,32,0.034,0.005,0.020,0.000,0.007,0.005
cube_d2_k105,1,18,32,32,16,0.018,0.003,0.012,0.000,0.005,0.003
cube_d2_k105,1,19,16,16,8,0.009,0.002,0.008,0.000,0.004,0.002
cube_d2_k105,1,20,8,8,4,0.006,0.001,0.006,0.000,0.003,0.001
cube_d2_k105,1,21,4,4,2,0.003,0.001,0.004,0.000,0.003,0.001
cube_d2_k105,1,22,2,0,0,0.002,0.001,0.000,,,
cube_d2_k105,1,0,210,6945750,2315250,4.235,8.007,1471.126,0.000,509.674,327.240
cube_d2_k105,1,1,2315250,2315250,1048576,2051.850,499.405,1172.739,0.000,236.019,154.004
cube_d2_k105,1,2,1048576,1048576,524288,934.150,229.849,566.246,0.000,127.609,105.697
cube_d2_k105,1,3,524288,524288,262144,469.343,114.855,308.962,0.000,78.904,62.740
cube_d2_k105,1,4,262144,262144,218098,235.597,57.534,160.881,0.000,33.779,45.917
cube_d2_k105,1,5,218098,218098,131072,197.156,47.016,103.166,0.000,19.974,25.274
cube_d2_k105,1,6,131072,131072,65536,118.648,24.292,51.420,0.000,11.677,12.445
cube_d2_k105,1,7,65536,65536,32768,56.641,9.117,23.496,0.000,5.891,4.760
cube_d2_k105,1,8,32768,32768,16384,26.623,2.647,11.137,0.000,2.747,1.869
cube_d2_k105,1,9,16384,16384,8192,11.683,1.131,4.809,0.000,1.391,0.926
cube_d2_k105,1,10,8192,8192,4096,4.741,0.506,2.077,0.000,0.672,0.460
cube_d2_k105,1,11,4096,4096,2048,2.292,0.237,1.034,0.000,0.329,0.228
cube_d2_k105,1,12,2048,2048,1024,1.149,0.118,0.512,0.000,0.157,0.116
cube_d2_k105,1,13,1024,1024,512,0.560,0.050,0.255,0.000,0.077,0.057
cube_d2_k105,1,14,512,512,256,0.274,0.025,0.129,0.000,0.040,0.029
cube_d2_k105,1,15,256,256,128,0.140,0.013,0.064,0.000,0.021,0.015
cube_d2_k105,1,16,128,128,64,0.069,0.008,0.035,0.000,0.012,0.009
cube_d2_k105,1,17,64,64,32,0.036,0.005,0.021,0.000,0.007,0.005
cube_d2_k105,1,18,32,32,16,0.019,0.003,0.013,0.000,0.005,0.003
cube_d2_k105,1,19,16,16,8,0.010,0.002,0.008,0.000,0.004,0.002
cube_d2_k105,1,20,8,8,4,0.006,0.001,0.006,0.000,0.003,0.001
cube_d2_k105,1,21,4,4,2,0.003,0.001,0.005,0.000,0.003,0.001
cube_d2_k105,1,22,2,0,0,0.002,0.001,0.000,,,
cube_d2_k105,1,0,210,6945750,2315250,4.279,8.066,1471.854,0.000,507.782,326.629
cube_d2_k105,1,1,2315250,2315250,1048576,2041.973,496.054,1166.430,0.000,236.280,153.249
cube_d2_k105,1,2,1048576,1048576,524288,937.799,223.612,566.177,0.000,129.129,105.101
cube_d2_k105,1,3,524288,524288,262144,467.368,114.636,310.647,0.000,79.013,62.982
cube_d2_k105,1,4,262144,262144,218098,234.394,57.130,160.366,0.000,33.776,45.754
cube_d2_k105,1,5,218098,218098,131072,196.617,46.640,102.929,0.000,20.127,25.501
cube_d2_k105,1,6,131072,131072,65536,118.601,23.877,51.293,0.000,11.757,12.420
cube_d2_k105,1,7,65536,65536,32768,56.368,8.985,23.322,0.000,5.844,4.734
cube_d2_k105,1,8,32768,32768,16384,26.463,2.676,11.012,0.000,2.750,1.841
cube_d2_k105,1,9,16384,16384,8192,11.560,1.133,4.813,0.000,1.419,0.948
cube_d2_k105,1,10,8192,8192,4096,4.669,0.538,2.067,0.000,0.676,0.457
cube_d2_k105,1,11,4096,4096,2048,2.249,0.239,1.017,0.000,0.310,0.231
cube_d2_k105,1,12,2048,2048,1024,1.122,0.112,0.505,0.000,0.157,0.115
cube_d2_k105,1,13,1024,1024,512,0.583,0.050,0.259,0.000,0.078,0.057
cube_d2_k105,1,14,512,512,256,0.280,0.025,0.129,0.000,0.040,0.029
cube_d2_k105,1,15,256,256,128,0.136,0.014,0.064,0.000,0.021,0.015
cube_d2_k105,1,16,128,128,64,0.069,0.008,0.037,0.000,0.014,0.008
cube_d2_k105,1,17,64,64,32,0.036,0.005,0.020,0.000,0.007,0.005
cube_d2_k105,1,18,32,32,16,0.019,0.003,0.012,0.000,0.005,0.003
cube_d2_k105,1,19,16,16,8,0.010,0.002,0.008,0.000,0.004,0.002
cube_d2_k105,1,20,8,8,4,0.006,0.002,0.006,0.000,0.003,0.001
cube_d2_k105,1,21,4,4,2,0.003,0.001,0.005,0.000,0.003,0.001
cube_d2_k105,1,22,2,0,0,0.002,0.001,0.000,,,
cube_d2_k105,1,0,210,6945750,2315250,4.490,8.049,1470.305,0.000,507.208,327.124
cube_d2_k105,1,1,2315250,2315250,1048576,2006.353,475.281,1167.657,0.000,233.627,153.395
cube_d2_k105,1,2,1048576,1048576,524288,920.532,217.524,561.098,0.000,127.083,105.423
cube_d2_k105,1,3,524288,524288,262144,462.843,110.228,302.447,0.000,75.044,62.602
cube_d2_k105,1,4,262144,262144,218098,234.839,55.662,159.290,0.000,33.974,45.345
cube_d2_k105,1,5,218098,218098,131072,196.223,46.141,102.659,0.000,20.057,25.178
cube_d2_k105,1,6,131072,131072,65536,118.172,24.182,51.305,0.000,11.724,12.384
cube_d2_k105,1,7,65536,65536,32768,56.537,9.031,23.312,0.000,5.643,4.778
cube_d2_k105,1,8,32768,32768,16384,26.549,2.630,11.175,0.000,2.836,1.882
cube_d2_k105,1,9,16384,16384,8192,11.605,1.128,4.789,0.000,1.381,0.943
cube_d2_k105,1,10,8192,8192,4096,4.696,0.553,2.054,0.000,0.664,0.456
cube_d2_k105,1,11,4096,4096,2048,2.321,0.240,1.059,0.000,0.316,0.255
cube_d2_k105,1,12,2048,2048,1024,1.142,0.106,0.507,0.000,0.156,0.114
cube_d2_k105,1,13,1024,1024,512,0.557,0.051,0.259,0.000,0.081,0.058
cube_d2_k105,1,14,512,512,256,0.285,0.027,0.130,0.000,0.040,0.029
cube_d2_k105,1,15,256,256,128,0.140,0.014,0.064,0.000,0.021,0.015
cube_d2_k105,1,16,128,128,64,0.070,0.008,0.035,0.000,0.012,0.008
cube_d2_k105,1,17,64,64,32,0.036,0.005,0.020,0.000,0.007,0.005
cube_d2_k105,1,18,32,32,16,0.021,0.003,0.012,0.000,0.005,0.003
cube_d2_k105,1,19,16,16,8,0.010,0.002,0.008,0.000,0.004,0.002
cube_d2_k105,1,20,8,8,4,0.006,0.001,0.006,0.000,0.003,0.001
cube_d2_k105,1,21,4,4,2,0.004,0.001,0.005,0.000,0.003,0.001
cube_d2_k105,1,22,2,0,0,0.002,0.001,0.000,,,
cube_d2_k105,1,0,210,6945750,2315250,4.283,8.003,1472.182,0.000,508.537,327.140
cube_d2_k105,1,1,2315250,2315250,1048576,2036.897,494.123,1168.714,0.000,235.195,152.839
cube_d2_k105,1,2,1048576,1048576,524288,940.424,227.810,563.653,0.000,127.402,105.277
cube_d2_k105,1,3,524288,524288,262144,470.258,115.038,309.576,0.000,78.388,62.568
cube_d2_k105,1,4,262144,262144,218098,234.997,56.930,160.863,0.000,34.145,45.820
cube_d2_k105,1,5,218098,218098,131072,197.311,46.640,103.184,0.000,20.230,25.485
cube_d2_k105,1,6,131072,131072,65536,118.668,24.023,51.100,0.001,11.625,12.339
cube_d2_k105,1,7,65536,65536,32768,57.107,9.137,23.514,0.000,5.799,4.858
cube_d2_k105,1,8,32768,32768,16384,26.619,2.690,11.138,0.000,2.807,1.867
cube_d2_k105,1,9,16384,16384,8192,11.765,1.171,4.821,0.000,1.415,0.949
cube_d2_k105,1,10,8192,8192,4096,4.753,0.506,2.054,0.000,0.646,0.461
cube_d2_k105,1,11,4096,4096,2048,2.282,0.274,1.028,0.000,0.309,0.229
cube_d2_k105,1,12,2048,2048,1024,1.130,0.108,0.507,0.000,0.156,0.115
cube_d2_k105,1,13,1024,1024,512,0.558,0.049,0.253,0.000,0.077,0.057
cube_d2_k105,1,14,512,512,256,0.313,0.030,0.128,0.000,0.040,0.029
cube_d2_k105,1,15,256,256,128,0.140,0.013,0.065,0.000,0.021,0.015
cube_d2_k105,1,16,128,128,64,0.070,0.008,0.035,0.000,0.012,0.008
cube_d2_k105,1,17,64,64,32,0.036,0.005,0.020,0.000,0.007,0.005
cube_d2_k105,1,18,32,32,16,0.018,0.003,0.013,0.000,0.005,0.003
cube_d2_k105,1,19,16,16,8,0.011,0.002,0.008,0.000,0.004,0.002
cube_d2_k105,1,20,8,8,4,0.006,0.002,0.006,0.000,0.003,0.001
cube_d2_k105,1,21,4,4,2,0.004,0.001,0.004,0.000,0.003,0.001
cube_d2_k105,1,22,2,0,0,0.002,0.001,0.000,,,
cube_d2_k105,2,0,210,6945750,2315250,7.409,9.778,845.585,0.000,263.126,269.413
cube_d2_k105,2,1,2315250,2315250,1048576,945.874,184.180,601.701,0.000,103.422,111.714
cube_d2_k105,2,2,1048576,1048576,524288,437.287,101.522,281.775,0.000,56.284,62.740
cube_d2_k105,2,3,524288,524288,262144,238.779,53.712,155.150,0.000,36.754,36.199
cube_d2_k105,2,4,262144,262144,218098,120.460,27.325,84.557,0.000,16.074,26.368
cube_d2_k105,2,5,218098,218098,131072,103.002,22.335,55.675,0.000,10.330,16.458
cube_d2_k105,2,6,131072,131072,65536,61.184,11.542,28.285,0.000,6.025,7.793
cube_d2_k105,2,7,65536,65536,32768,30.392,4.212,15.800,0.000,4.654,3.970
cube_d2_k105,2,8,32768,32768,16384,15.373,1.943,8.583,0.000,2.374,2.259
cube_d2_k105,2,9,16384,16384,8192,7.447,1.304,4.002,0.000,1.133,0.931
cube_d2_k105,2,10,8192,8192,4096,3.477,0.719,2.100,0.000,0.561,0.469
cube_d2_k105,2,11,4096,4096,2048,1.758,0.382,0.925,0.000,0.279,0.242
cube_d2_k105,2,12,2048,2048,1024,0.878,0.208,0.535,0.000,0.160,0.122
cube_d2_k105,2,13,1024,1024,512,0.451,0.116,0.296,0.000,0.080,0.065
cube_d2_k105,2,14,512,512,256,0.229,0.047,0.180,0.000,0.049,0.047
cube_d2_k105,2,15,256,256,128,0.165,0.025,0.072,0.000,0.024,0.017
cube_d2_k105,2,16,128,128,64,0.051,0.014,0.037,0.000,0.013,0.009
cube_d2_k105,2,17,64,64,32,0.033,0.005,0.021,0.000,0.007,0.005
cube_d2_k105,2,18,32,32,16,0.015,0.003,0.013,0.000,0.005,0.003
cube_d2_k105,2,19,16,16,8,0.009,0.002,0.009,0.000,0.004,0.003
cube_d2_k105,2,20,8,8,4,0.005,0.002,0.006,0.000,0.003,0.001
cube_d2_k105,2,21,4,4,2,0.003,0.001,0.005,0.000,0.003,0.001
cube_d2_k105,2,22,2,0,0,0.002,0.001,0.000,,,
cube_d2_k105,2,0,210,6945750,2315250,2.411,4.231,934.787,0.000,248.087,267.110
cube_d2_k105,2,1,2315250,2315250,1048576,1153.343,258.843,625.371,0.000,115.565,111.616
cube_d2_k105,2,2,1048576,1048576,524288,522.526,119.154,300.689,0.000,64.442,67.760
cube_d2_k105,2,3,524288,524288,262144,265.251,59.125,162.100,0.000,41.081,36.539
cube_d2_k105,2,4,262144,262144,218098,128.664,27.516,85.186,0.000,17.301,27.228
cube_d2_k105,2,5,218098,218098,131072,107.535,21.350,55.359,0.000,10.302,16.238
cube_d2_k105,2,6,131072,131072,65536,60.814,11.112,28.749,0.000,6.174,7.786
cube_d2_k105,2,7,65536,65536,32768,30.282,3.578,15.950,0.000,4.782,3.947
cube_d2_k105,2,8,32768,32768,16384,14.852,1.603,8.533,0.000,2.381,2.191
cube_d2_k105,2,9,16384,16384,8192,7.490,1.315,4.345,0.000,1.153,0.990
cube_d2_k105,2,10,8192,8192,4096,3.805,0.606,2.210,0.000,0.543,0.519
cube_d2_k105,2,11,4096,4096,2048,1.869,0.350,0.978,0.000,0.277,0.252
cube_d2_k105,2,12,2048,2048,1024,1.000,0.192,0.546,0.000,0.158,0.126
cube_d2_k105,2,13,1024,1024,512,0.480,0.115,0.305,0.000,0.082,0.069
cube_d2_k105,2,14,512,512,256,0.256,0.049,0.149,0.000,0.041,0.037
cube_d2_k105,2,15,256,256,128,0.125,0.027,0.077,0.000,0.025,0.018
cube_d2_k105,2,16,128,128,64,0.078,0.011,0.039,0.000,0.013,0.010
cube_d2_k105,2,17,64,64,32,0.039,0.005,0.022,0.000,0.008,0.005
cube_d2_k105,2,18,32,32,16,0.020,0.003,0.013,0.000,0.005,0.003
cube_d2_k105,2,19,16,16,8,0.011,0.003,0.009,0.000,0.004,0.002
cube_d2_k105,2,20,8,8,4,0.006,0.001,0.006,0.000,0.003,0.001
cube_d2_k105,2,21,4,4,2,0.004,0.001,0.005,0.000,0.003,0.001
cube_d2_k105,2,22,2,0,0,0.002,0.001,0.000,,,
cube_d2_k105,2,0,210,6945750,2315250,2.208,4.243,880.370,0.000,245.688,267.592
cube_d2_k105,2,1,2315250,2315250,1048576,1150.245,258.641,621.635,0.000,115.767,111.700
cube_d2_k105,2,2,1048576,1048576,524288,517.000,122.325,299.375,0.000,64.365,66.515
cube_d2_k105,2,3,524288,524288,262144,263.917,60.433,162.122,0.000,40.570,36.551
cube_d2_k105,2,4,262144,262144,218098,129.072,27.502,85.422,0.000,17.357,27.334
cube_d2_k105,2,5,218098,218098,131072,107.103,21.337,55.325,0.000,10.436,16.181
cube_d2_k105,2,6,131072,131072,65536,60.769,11.033,28.458,0.000,5.998,7.882
cube_d2_k105,2,7,65536,65536,32768,30.572,3.923,15.639,0.000,4.658,3.866
cube_d2_k105,2,8,32768,32768,16384,14.921,1.735,8.316,0.000,2.146,2.182
cube_d2_k105,2,9,16384,16384,8192,7.518,1.261,4.078,0.000,1.110,0.944
cube_d2_k105,2,10,8192,8192,4096,3.771,0.604,2.157,0.000,0.578,0.496
cube_d2_k105,2,11,4096,4096,2048,1.899,0.409,0.970,0.000,0.313,0.245
cube_d2_k105,2,12,2048,2048,1024,0.982,0.256,0.540,0.000,0.165,0.123
cube_d2_k105,2,13,1024,1024,512,0.471,0.148,0.316,0.000,0.082,0.070
cube_d2_k105,2,14,512,512,256,0.257,0.049,0.170,0.000,0.043,0.045
cube_d2_k105,2,15,256,256,128,0.130,0.030,0.092,0.000,0.030,0.024
cube_d2_k105,2,16,128,128,64,0.075,0.012,0.039,0.000,0.012,0.010
cube_d2_k105,2,17,64,64,32,0.041,0.005,0.021,0.000,0.008,0.005
cube_d2_k105,2,18,32,32,16,0.020,0.003,0.013,0.000,0.005,0.003
cube_d2_k105,2,19,16,16,8,0.010,0.003,0.010,0.000,0.004,0.002
cube_d2_k105,2,20,8,8,4,0.007,0.001,0.006,0.000,0.003,0.001
cube_d2_k105,2,21,4,4,2,0.004,0.001,0.005,0.000,0.003,0.001
cube_d2_k105,2,22,2,0,0,0.002,0.001,0.000,,,
cube_d2_k105,2,0,210,6945750,2315250,2.416,4.253,891.694,0.000,248.799,267.736
cube_d2_k105,2,1,2315250,2315250,1048576,1159.379,270.089,626.656,0.000,117.011,112.210
cube_d2_k105,2,2,1048576,1048576,524288,527.522,125.142,298.606,0.000,65.065,66.157
cube_d2_k105,2,3,524288,524288,262144,266.588,61.455,163.106,0.000,41.381,36.772
cube_d2_k105,2,4,262144,262144,218098,130.192,27.202,85.407,0.000,17.367,27.428
cube_d2_k105,2,5,218098,218098,131072,107.272,21.511,55.231,0.000,10.432,16.304
cube_d2_k105,2,6,131072,131072,65536,60.798,11.359,28.491,0.000,6.122,7.886
cube_d2_k105,2,7,65536,65536,32768,30.229,3.900,15.727,0.000,4.568,3.858
cube_d2_k105,2,8,32768,32768,16384,14.709,1.922,8.835,0.000,2.305,2.371
cube_d2_k105,2,9,16384,16384,8192,7.636,1.228,4.189,0.000,1.111,1.016
cube_d2_k105,2,10,8192,8192,4096,3.700,0.603,2.108,0.000,0.549,0.493
cube_d2_k105,2,11,4096,4096,2048,1.803,0.354,0.948,0.000,0.268,0.241
cube_d2_k105,2,12,2048,2048,1024,0.965,0.256,0.509,0.000,0.162,0.127
cube_d2_k105,2,13,1024,1024,512,0.497,0.156,0.292,0.000,0.082,0.065
cube_d2_k105,2,14,512,512,256,0.265,0.050,0.183,0.000,0.055,0.041
cube_d2_k105,2,15,256,256,128,0.133,0.027,0.076,0.000,0.024,0.018
cube_d2_k105,2,16,128,128,64,0.081,0.011,0.039,0.000,0.013,0.010
cube_d2_k105,2,17,64,64,32,0.040,0.005,0.021,0.000,0.008,0.005
cube_d2_k105,2,18,32,32,16,0.020,0.003,0.014,0.000,0.005,0.003
cube_d2_k105,2,19,16,16,8,0.011,0.003,0.009,0.000,0.004,0.002
cube_d2_k105,2,20,8,8,4,0.006,0.002,0.006,0.000,0.003,0.001
cube_d2_k105,2,21,4,4,2,0.004,0.001,0.005,0.000,0.003,0.001
cube_d2_k105,2,22,2,0,0,0.002,0.001,0.000,,,
cube_d2_k105,2,0,210,6945750,2315250,2.221,4.245,902.230,0.000,246.062,265.338
cube_d2_k105,2,1,2315250,2315250,1048576,1166.083,271.553,626.122,0.000,116.759,111.472
cube_d2_k105,2,2,1048576,1048576,524288,525.262,127.434,300.508,0.000,65.539,66.651
cube_d2_k105,2,3,524288,524288,262144,267.550,62.206,164.163,0.000,41.907,36.570
cube_d2_k105,2,4,262144,262144,218098,131.185,27.246,85.810,0.000,17.272,27.353
cube_d2_k105,2,5,218098,218098,131072,107.655,21.497,55.565,0.000,10.319,16.348
cube_d2_k105,2,6,131072,131072,65536,61.396,11.718,28.753,0.000,6.324,7.821
cube_d2_k105,2,7,65536,65536,32768,30.370,3.754,15.577,0.000,4.577,3.849
cube_d2_k105,2,8,32768,32768,16384,14.905,1.811,8.616,0.000,2.308,2.246
cube_d2_k105,2,9,16384,16384,8192,7.530,1.354,4.342,0.000,1.132,1.012
cube_d2_k105,2,10,8192,8192,4096,3.674,0.604,2.110,0.000,0.557,0.491
cube_d2_k105,2,11,4096,4096,2048,1.857,0.442,0.999,0.000,0.337,0.240
cube_d2_k105,2,12,2048,2048,1024,0.982,0.269,0.543,0.000,0.167,0.123
cube_d2_k105,2,13,1024,1024,512,0.474,0.116,0.297,0.000,0.076,0.067
cube_d2_k105,2,14,512,512,256,0.255,0.050,0.161,0.000,0.045,0.043
cube_d2_k105,2,15,256,256,128,0.133,0.030,0.090,0.000,0.029,0.024
cube_d2_k105,2,16,128,128,64,0.079,0.012,0.048,0.000,0.019,0.012
cube_d2_k105,2,17,64,64,32,0.044,0.005,0.022,0.000,0.008,0.005
cube_d2_k105,2,18,32,32,16,0.021,0.003,0.013,0.000,0.005,0.003
cube_d2_k105,2,19,16,16,8,0.012,0.002,0.009,0.000,0.004,0.002
cube_d2_k105,2,20,8,8,4,0.006,0.002,0.006,0.000,0.003,0.001
cube_d2_k105,2,21,4,4,2,0.004,0.001,0.005,0.000,0.003,0.001
cube_d2_k105,2,22,2,0,0,0.002,0.001,0.000,,,
cube_d2_k105,2,0,210,6945750,2315250,2.221,4.250,904.659,0.000,248.420,268.689
cube_d2_k105,2,1,2315250,2315250,1048576,1168.602,274.649,628.313,0.000,117.430,111.697
cube_d2_k105,2,2,1048576,1048576,524288,527.917,128.104,301.072,0.000,65.449,66.691
cube_d2_k105,2,3,524288,524288,262144,268.270,62.643,164.708,0.000,42.084,36.595
cube_d2_k105,2,4,262144,262144,218098,130.786,27.246,86.097,0.000,17.381,27.440
cube_d2_k105,2,5,218098,218098,131072,106.918,21.232,54.946,0.000,10.206,16.093
cube_d2_k105,2,6,131072,131072,65536,61.005,11.326,28.678,0.000,6.202,7.780
cube_d2_k105,2,7,65536,65536,32768,30.069,3.599,15.602,0.000,4.606,3.952
cube_d2_k105,2,8,32768,32768,16384,14.808,1.871,8.478,0.000,2.245,2.187
cube_d2_k105,2,9,16384,16384,8192,7.717,1.240,4.129,0.000,1.089,1.004
cube_d2_k105,2,10,8192,8192,4096,3.617,0.718,2.165,0.000,0.552,0.525
cube_d2_k105,2,11,4096,4096,2048,1.881,0.380,0.956,0.000,0.274,0.254
cube_d2_k105,2,12,2048,2048,1024,0.960,0.185,0.524,0.000,0.158,0.123
cube_d2_k105,2,13,1024,1024,512,0.491,0.170,0.273,0.000,0.080,0.066
cube_d2_k105,2,14,512,512,256,0.244,0.112,0.152,0.000,0.046,0.040
cube_d2_k105,2,15,256,256,128,0.126,0.027,0.071,0.000,0.024,0.017
cube_d2_k105,2,16,128,128,64,0.081,0.012,0.038,0.000,0.012,0.010
cube_d2_k105,2,17,64,64,32,0.041,0.005,0.022,0.000,0.007,0.006
cube_d2_k105,2,18,32,32,16,0.025,0.003,0.013,0.000,0.005,0.003
cube_d2_k105,2,19,16,16,8,0.011,0.002,0.009,0.000,0.004,0.002
cube_d2_k105,2,20,8,8,4,0.006,0.001,0.006,0.000,0.003,0.001
cube_d2_k105,2,21,4,4,2,0.004,0.001,0.005,0.000,0.003,0.001
cube_d2_k105,2,22,2,0,0,0.002,0.001,0.000,,,
cube_d2_k105,4,0,210,6945750,2315250,5.714,6.587,449.795,0.000,136.399,149.730
cube_d2_k105,4,1,2315250,2315250,1048576,506.976,101.662,323.989,0.000,54.803,61.973
cube_d2_k105,4,2,1048576,1048576,524288,250.205,57.212,155.988,0.000,31.188,36.001
cube_d2_k105,4,3,524288,524288,262144,144.241,30.253,85.515,0.000,21.304,20.637
cube_d2_k105,4,4,262144,262144,218098,65.751,15.231,48.813,0.000,9.483,16.781
cube_d2_k105,4,5,218098,218098,131072,54.432,12.443,32.444,0.000,5.450,10.086
cube_d2_k105,4,6,131072,131072,65536,32.922,6.754,16.141,0.000,3.433,4.579
cube_d2_k105,4,7,65536,65536,32768,17.686,3.407,11.231,0.000,4.019,2.274
cube_d2_k105,4,8,32768,32768,16384,9.161,1.747,5.635,0.000,1.927,1.108
cube_d2_k105,4,9,16384,16384,8192,4.898,0.887,2.926,0.000,0.952,0.578
cube_d2_k105,4,10,8192,8192,4096,2.350,0.565,1.563,0.000,0.476,0.312
cube_d2_k105,4,11,4096,4096,2048,1.216,0.318,0.844,0.000,0.258,0.175
cube_d2_k105,4,12,2048,2048,1024,0.690,0.208,0.463,0.000,0.159,0.100
cube_d2_k105,4,13,1024,1024,512,0.353,0.166,0.267,0.000,0.080,0.050
cube_d2_k105,4,14,512,512,256,0.218,0.066,0.159,0.000,0.048,0.039
cube_d2_k105,4,15,256,256,128,0.088,0.034,0.078,0.000,0.025,0.017
cube_d2_k105,4,16,128,128,64,0.048,0.020,0.040,0.000,0.013,0.009
cube_d2_k105,4,17,64,64,32,0.032,0.011,0.031,0.000,0.008,0.009
cube_d2_k105,4,18,32,32,16,0.021,0.003,0.013,0.000,0.005,0.003
cube_d2_k105,4,19,16,16,8,0.011,0.003,0.010,0.000,0.004,0.003
cube_d2_k105,4,20,8,8,4,0.005,0.002,0.006,0.000,0.003,0.001
cube_d2_k105,4,21,4,4,2,0.003,0.001,0.005,0.000,0.003,0.001
cube_d2_k105,4,22,2,0,0,0.002,0.001,0.000,,,
cube_d2_k105,4,0,210,6945750,2315250,1.572,2.702,491.817,0.000,125.783,147.755
cube_d2_k105,4,1,2315250,2315250,1048576,607.009,138.239,336.280,0.000,59.802,61.961
cube_d2_k105,4,2,1048576,1048576,524288,283.658,64.394,159.730,0.000,34.649,36.778
cube_d2_k105,4,3,524288,524288,262144,143.721,32.092,88.316,0.000,21.624,20.660
cube_d2_k105,4,4,262144,262144,218098,67.413,15.158,48.185,0.000,9.214,16.457
cube_d2_k105,4,5,218098,218098,131072,52.554,12.442,31.707,0.000,5.616,9.881
cube_d2_k105,4,6,131072,131072,65536,32.790,6.801,16.224,0.000,3.447,4.541
cube_d2_k105,4,7,65536,65536,32768,17.731,3.137,10.541,0.000,3.881,2.294
cube_d2_k105,4,8,32768,32768,16384,8.344,1.213,5.489,0.000,1.890,1.118
cube_d2_k105,4,9,16384,16384,8192,4.467,0.995,2.952,0.000,0.953,0.568
cube_d2_k105,4,10,8192,8192,4096,2.350,0.528,1.608,0.000,0.475,0.317
cube_d2_k105,4,11,4096,4096,2048,1.175,0.329,0.838,0.000,0.261,0.171
cube_d2_k105,4,12,2048,2048,1024,0.612,0.159,0.438,0.000,0.145,0.095
cube_d2_k105,4,13,1024,1024,512,0.360,0.108,0.273,0.000,0.079,0.061
cube_d2_k105,4,14,512,512,256,0.207,0.062,0.172,0.000,0.049,0.042
cube_d2_k105,4,15,256,256,128,0.100,0.033,0.090,0.000,0.027,0.023
cube_d2_k105,4,16,128,128,64,0.079,0.015,0.043,0.000,0.013,0.010
cube_d2_k105,4,17,64,64,32,0.043,0.005,0.022,0.000,0.008,0.005
cube_d2_k105,4,18,32,32,16,0.024,0.006,0.015,0.000,0.005,0.004
cube_d2_k105,4,19,16,16,8,0.012,0.002,0.009,0.000,0.004,0.003
cube_d2_k105,4,20,8,8,4,0.006,0.001,0.006,0.000,0.003,0.001
cube_d2_k105,4,21,4,4,2,0.004,0.001,0.005,0.000,0.003,0.001
cube_d2_k105,4,22,2,0,0,0.002,0.001,0.000,,,
cube_d2_k105,4,0,210,6945750,2315250,1.298,2.642,469.722,0.000,126.450,146.463
cube_d2_k105,4,1,2315250,2315250,1048576,605.076,143.463,334.374,0.000,59.538,61.990
cube_d2_k105,4,2,1048576,1048576,524288,296.825,65.887,162.245,0.000,34.524,36.086
cube_d2_k105,4,3,524288,524288,262144,144.393,31.606,90.189,0.000,22.404,20.887
cube_d2_k105,4,4,262144,262144,218098,66.252,14.985,47.603,0.000,9.224,16.526
cube_d2_k105,4,5,218098,218098,131072,53.257,12.036,32.101,0.000,5.659,9.956
cube_d2_k105,4,6,131072,131072,65536,32.047,6.612,15.887,0.000,3.551,4.514
cube_d2_k105,4,7,65536,65536,32768,17.464,3.259,10.873,0.000,4.281,2.300
cube_d2_k105,4,8,32768,32768,16384,8.797,1.572,5.719,0.000,2.080,1.109
cube_d2_k105,4,9,16384,16384,8192,4.814,1.050,2.892,0.000,0.949,0.567
cube_d2_k105,4,10,8192,8192,4096,2.449,0.567,1.569,0.000,0.476,0.308
cube_d2_k105,4,11,4096,4096,2048,1.162,0.318,0.816,0.000,0.262,0.169
cube_d2_k105,4,12,2048,2048,1024,0.739,0.177,0.472,0.000,0.159,0.097
cube_d2_k105,4,13,1024,1024,512,0.333,0.156,0.260,0.000,0.080,0.058
cube_d2_k105,4,14,512,512,256,0.207,0.066,0.163,0.000,0.047,0.039
cube_d2_k105,4,15,256,256,128,0.101,0.036,0.085,0.000,0.024,0.025
cube_d2_k105,4,16,128,128,64,0.047,0.020,0.052,0.000,0.014,0.014
cube_d2_k105,4,17,64,64,32,0.051,0.006,0.029,0.000,0.008,0.007
cube_d2_k105,4,18,32,32,16,0.022,0.003,0.015,0.000,0.005,0.004
cube_d2_k105,4,19,16,16,8,0.012,0.003,0.009,0.000,0.004,0.002
cube_d2_k105,4,20,8,8,4,0.006,0.001,0.006,0.000,0.003,0.001
cube_d2_k105,4,21,4,4,2,0.004,0.001,0.005,0.000,0.003,0.001
cube_d2_k105,4,22,2,0,0,0.002,0.001,0.000,,,
cube_d2_k105,4,0,210,6945750,2315250,1.598,2.701,485.788,0.000,126.541,145.959
cube_d2_k105,4,1,2315250,2315250,1048576,610.582,145.263,332.503,0.000,59.001,62.067
cube_d2_k105,4,2,1048576,1048576,524288,289.140,66.711,162.399,0.000,34.693,36.246
cube_d2_k105,4,3,524288,524288,262144,140.636,31.213,89.437,0.000,22.257,20.867
cube_d2_k105,4,4,262144,262144,218098,65.552,13.779,50.058,0.000,9.448,16.523
cube_d2_k105,4,5,218098,218098,131072,53.374,11.737,31.022,0.000,5.547,9.752
cube_d2_k105,4,6,131072,131072,65536,32.257,7.114,16.161,0.000,3.508,4.520
cube_d2_k105,4,7,65536,65536,32768,17.264,2.913,10.657,0.000,3.718,2.313
cube_d2_k105,4,8,32768,32768,16384,8.758,1.892,5.707,0.000,1.982,1.156
cube_d2_k105,4,9,16384,16384,8192,4.751,0.974,3.049,0.000,0.957,0.606
cube_d2_k105,4,10,8192,8192,4096,2.496,0.579,1.628,0.000,0.484,0.318
cube_d2_k105,4,11,4096,4096,2048,1.244,0.347,0.884,0.000,0.267,0.184
cube_d2_k105,4,12,2048,2048,1024,0.704,0.246,0.462,0.000,0.160,0.097
cube_d2_k105,4,13,1024,1024,512,0.375,0.170,0.277,0.000,0.078,0.059
cube_d2_k105,4,14,512,512,256,0.215,0.064,0.168,0.000,0.052,0.043
cube_d2_k105,4,15,256,256,128,0.094,0.036,0.079,0.000,0.026,0.018
cube_d2_k105,4,16,128,128,64,0.047,0.021,0.056,0.000,0.014,0.016
cube_d2_k105,4,17,64,64,32,0.053,0.006,0.034,0.000,0.008,0.010
cube_d2_k105,4,18,32,32,16,0.025,0.005,0.021,0.000,0.006,0.005
cube_d2_k105,4,19,16,16,8,0.013,0.004,0.010,0.000,0.004,0.003
cube_d2_k105,4,20,8,8,4,0.008,0.002,0.006,0.000,0.003,0.001
cube_d2_k105,4,21,4,4,2,0.004,0.001,0.005,0.000,0.003,0.001
cube_d2_k105,4,22,2,0,0,0.002,0.001,0.000,,,
cube_d2_k105,4,0,210,6945750,2315250,1.708,2.529,495.764,0.000,126.610,152.486
cube_d2_k105,4,1,2315250,2315250,1048576,664.213,159.751,363.144,0.000,61.563,65.483
cube_d2_k105,4,2,1048576,1048576,524288,311.502,73.505,167.607,0.000,35.358,32.325
cube_d2_k105,4,3,524288,524288,262144,154.792,31.466,89.646,0.000,22.888,17.931
cube_d2_k105,4,4,262144,262144,218098,71.818,14.599,51.383,0.000,9.793,17.289
cube_d2_k105,4,5,218098,218098,131072,58.534,11.543,33.746,0.000,5.817,10.757
cube_d2_k105,4,6,131072,131072,65536,35.386,6.746,17.633,0.000,3.574,5.202
cube_d2_k105,4,7,65536,65536,32768,18.838,2.778,11.702,0.000,4.098,2.512
cube_d2_k105,4,8,32768,32768,16384,9.238,1.730,6.097,0.000,2.095,1.204
cube_d2_k105,4,9,16384,16384,8192,4.813,1.195,3.159,0.000,1.028,0.629
cube_d2_k105,4,10,8192,8192,4096,2.472,0.681,1.765,0.000,0.532,0.340
cube_d2_k105,4,11,4096,4096,2048,1.356,0.402,0.923,0.000,0.262,0.187
cube_d2_k105,4,12,2048,2048,1024,0.669,0.228,0.494,0.000,0.159,0.100
cube_d2_k105,4,13,1024,1024,512,0.352,0.126,0.302,0.000,0.081,0.060
cube_d2_k105,4,14,512,512,256,0.212,0.078,0.174,0.000,0.058,0.037
cube_d2_k105,4,15,256,256,128,0.107,0.039,0.094,0.000,0.026,0.029
cube_d2_k105,4,16,128,128,64,0.083,0.015,0.049,0.000,0.013,0.010
cube_d2_k105,4,17,64,64,32,0.048,0.005,0.036,0.000,0.008,0.012
cube_d2_k105,4,18,32,32,16,0.023,0.003,0.016,0.000,0.005,0.005
cube_d2_k105,4,19,16,16,8,0.013,0.002,0.010,0.000,0.004,0.003
cube_d2_k105,4,20,8,8,4,0.006,0.002,0.007,0.000,0.003,0.001
cube_d2_k105,4,21,4,4,2,0.004,0.001,0.005,0.000,0.003,0.001
cube_d2_k105,4,22,2,0,0,0.002,0.001,0.000,,,
cube_d2_k105,4,0,210,6945750,2315250,1.496,2.702,541.870,0.000,125.703,155.779
cube_d2_k105,4,1,2315250,2315250,1048576,684.467,159.638,358.103,0.000,61.338,65.923
cube_d2_k105,4,2,1048576,1048576,524288,316.157,73.510,166.439,0.000,35.173,32.708
cube_d2_k105,4,3,524288,524288,262144,152.472,32.586,91.225,0.000,23.003,18.198
cube_d2_k105,4,4,262144,262144,218098,67.594,14.745,51.605,0.000,9.904,16.939
cube_d2_k105,4,5,218098,218098,131072,58.858,12.269,34.296,0.000,5.975,10.750
cube_d2_k105,4,6,131072,131072,65536,35.004,7.073,17.910,0.000,3.924,5.113
cube_d2_k105,4,7,65536,65536,32768,18.853,3.370,11.427,0.000,4.020,2.482
cube_d2_k105,4,8,32768,32768,16384,9.127,1.705,6.150,0.000,2.107,1.196
cube_d2_k105,4,9,16384,16384,8192,5.158,1.099,3.175,0.000,1.000,0.630
cube_d2_k105,4,10,8192,8192,4096,2.534,0.529,1.777,0.000,0.501,0.344
cube_d2_k105,4,11,4096,4096,2048,1.271,0.462,0.940,0.000,0.266,0.199
cube_d2_k105,4,12,2048,2048,1024,0.734,0.269,0.516,0.000,0.166,0.106
cube_d2_k105,4,13,1024,1024,512,0.366,0.124,0.285,0.000,0.082,0.058
cube_d2_k105,4,14,512,512,256,0.220,0.071,0.186,0.000,0.049,0.046
cube_d2_k105,4,15,256,256,128,0.111,0.043,0.106,0.000,0.031,0.034
cube_d2_k105,4,16,128,128,64,0.076,0.021,0.057,0.000,0.013,0.015
cube_d2_k105,4,17,64,64,32,0.044,0.014,0.033,0.000,0.008,0.009
cube_d2_k105,4,18,32,32,16,0.025,0.006,0.021,0.000,0.005,0.005
cube_d2_k105,4,19,16,16,8,0.015,0.002,0.010,0.000,0.004,0.002
cube_d2_k105,4,20,8,8,4,0.008,0.002,0.006,0.000,0.003,0.001
cube_d2_k105,4,21,4,4,2,0.004,0.001,0.005,0.000,0.003,0.001
cube_d2_k105,4,22,2,0,0,0.002,0.001,0.000,,,
cube_d2_k105,8,0,210,6945750,2315250,5.855,6.707,246.989,0.000,75.683,77.343
cube_d2_k105,8,1,2315250,2315250,1048576,261.648,52.879,164.449,0.000,29.320,32.733
cube_d2_k105,8,2,1048576,1048576,524288,134.981,31.701,79.807,0.000,16.688,19.292
cube_d2_k105,8,3,524288,524288,262144,71.646,15.631,45.397,0.000,11.485,11.461
cube_d2_k105,8,4,262144,262144,218098,32.792,7.679,25.308,0.000,4.669,8.793
cube_d2_k105,8,5,218098,218098,131072,30.004,6.654,16.968,0.000,3.605,4.683
cube_d2_k105,8,6,131072,131072,65536,16.968,3.780,8.556,0.000,2.011,2.281
cube_d2_k105,8,7,65536,65536,32768,9.332,1.880,6.951,0.000,3.422,1.169
cube_d2_k105,8,8,32768,32768,16384,4.569,0.982,3.649,0.000,1.707,0.611
cube_d2_k105,8,9,16384,16384,8192,2.833,0.570,1.885,0.000,0.814,0.338
cube_d2_k105,8,10,8192,8192,4096,1.459,0.466,1.133,0.000,0.419,0.182
cube_d2_k105,8,11,4096,4096,2048,0.905,0.231,0.640,0.000,0.230,0.110
cube_d2_k105,8,12,2048,2048,1024,0.489,0.134,0.359,0.000,0.129,0.074
cube_d2_k105,8,13,1024,1024,512,0.232,0.117,0.236,0.000,0.084,0.040
cube_d2_k105,8,14,512,512,256,0.133,0.078,0.133,0.000,0.053,0.027
cube_d2_k105,8,15,256,256,128,0.091,0.030,0.087,0.000,0.023,0.022
cube_d2_k105,8,16,128,128,64,0.054,0.021,0.051,0.000,0.014,0.014
cube_d2_k105,8,17,64,64,32,0.037,0.009,0.032,0.000,0.008,0.009
cube_d2_k105,8,18,32,32,16,0.020,0.005,0.018,0.000,0.006,0.004
cube_d2_k105,8,19,16,16,8,0.012,0.004,0.009,0.000,0.004,0.002
cube_d2_k105,8,20,8,8,4,0.006,0.002,0.007,0.000,0.003,0.001
cube_d2_k105,8,21,4,4,2,0.004,0.001,0.005,0.000,0.003,0.001
cube_d2_k105,8,22,2,0,0,0.002,0.001,0.000,,,
cube_d2_k105,8,0,210,6945750,2315250,0.906,1.790,256.408,0.000,66.800,75.067
cube_d2_k105,8,1,2315250,2315250,1048576,310.058,68.319,166.689,0.000,30.916,32.440
cube_d2_k105,8,2,1048576,1048576,524288,147.173,33.033,81.048,0.000,17.778,19.736
cube_d2_k105,8,3,524288,524288,262144,72.540,16.013,45.802,0.000,11.489,11.412
cube_d2_k105,8,4,262144,262144,218098,32.742,7.505,25.226,0.000,4.688,8.634
cube_d2_k105,8,5,218098,218098,131072,29.326,6.808,16.897,0.000,3.645,4.778
cube_d2_k105,8,6,131072,131072,65536,16.999,3.686,8.606,0.000,1.998,2.319
cube_d2_k105,8,7,65536,65536,32768,8.776,1.823,7.176,0.000,3.615,1.187
cube_d2_k105,8,8,32768,32768,16384,4.414,1.045,3.701,0.000,1.708,0.624
cube_d2_k105,8,9,16384,16384,8192,2.921,0.571,1.915,0.000,0.809,0.346
cube_d2_k105,8,10,8192,8192,4096,1.542,0.463,1.173,0.000,0.449,0.193
cube_d2_k105,8,11,4096,4096,2048,0.747,0.291,0.634,0.000,0.235,0.110
cube_d2_k105,8,12,2048,2048,1024,0.483,0.138,0.378,0.000,0.152,0.070
cube_d2_k105,8,13,1024,1024,512,0.248,0.099,0.240,0.000,0.084,0.040
cube_d2_k105,8,14,512,512,256,0.139,0.060,0.134,0.000,0.044,0.029
cube_d2_k105,8,15,256,256,128,0.077,0.032,0.078,0.000,0.023,0.021
cube_d2_k105,8,16,128,128,64,0.049,0.020,0.052,0.000,0.013,0.013
cube_d2_k105,8,17,64,64,32,0.029,0.012,0.032,0.000,0.009,0.009
cube_d2_k105,8,18,32,32,16,0.020,0.005,0.020,0.000,0.006,0.005
cube_d2_k105,8,19,16,16,8,0.012,0.004,0.009,0.000,0.004,0.002
cube_d2_k105,8,20,8,8,4,0.006,0.002,0.006,0.000,0.003,0.001
cube_d2_k105,8,21,4,4,2,0.004,0.001,0.005,0.000,0.003,0.001
cube_d2_k105,8,22,2,0,0,0.002,0.001,0.000,,,
cube_d2_k105,8,0,210,6945750,2315250,0.880,1.993,253.123,0.000,66.131,74.557
cube_d2_k105,8,1,2315250,2315250,1048576,312.780,70.547,165.722,0.000,30.510,32.557
cube_d2_k105,8,2,1048576,1048576,524288,148.847,34.331,81.763,0.000,17.940,19.149
cube_d2_k105,8,3,524288,524288,262144,73.099,16.704,46.127,0.000,11.665,11.439
cube_d2_k105,8,4,262144,262144,218098,31.991,7.902,24.879,0.000,4.651,8.459
cube_d2_k105,8,5,218098,218098,131072,28.684,6.760,17.556,0.000,4.018,4.745
cube_d2_k105,8,6,131072,131072,65536,16.631,3.630,8.729,0.000,2.032,2.338
cube_d2_k105,8,7,65536,65536,32768,8.658,1.892,6.965,0.000,3.398,1.202
cube_d2_k105,8,8,32768,32768,16384,4.331,0.974,3.713,0.000,1.761,0.611
cube_d2_k105,8,9,16384,16384,8192,2.751,0.562,1.961,0.000,0.827,0.343
cube_d2_k105,8,10,8192,8192,4096,1.363,0.454,1.148,0.000,0.433,0.194
cube_d2_k105,8,11,4096,4096,2048,0.892,0.232,0.636,0.000,0.236,0.115
cube_d2_k105,8,12,2048,2048,1024,0.451,0.136,0.348,0.000,0.129,0.068
cube_d2_k105,8,13,1024,1024,512,0.235,0.115,0.241,0.000,0.085,0.042
cube_d2_k105,8,14,512,512,256,0.130,0.059,0.149,0.000,0.059,0.035
cube_d2_k105,8,15,256,256,128,0.078,0.032,0.078,0.000,0.023,0.021
cube_d2_k105,8,16,128,128,64,0.055,0.020,0.051,0.000,0.015,0.013
cube_d2_k105,8,17,64,64,32,0.032,0.012,0.032,0.000,0.008,0.009
cube_d2_k105,8,18,32,32,16,0.023,0.006,0.014,0.000,0.006,0.004
cube_d2_k105,8,19,16,16,8,0.012,0.004,0.010,0.000,0.004,0.003
cube_d2_k105,8,20,8,8,4,0.007,0.002,0.006,0.000,0.003,0.001
cube_d2_k105,8,21,4,4,2,0.004,0.001,0.005,0.000,0.003,0.001
cube_d2_k105,8,22,2,0,0,0.002,0.001,0.000,,,
cube_d2_k105,8,0,210,6945750,2315250,0.920,1.987,263.402,0.000,66.108,75.162
cube_d2_k105,8,1,2315250,2315250,1048576,314.217,71.938,167.097,0.000,30.456,32.470
cube_d2_k105,8,2,1048576,1048576,524288,148.105,33.063,84.876,0.000,18.492,18.743
cube_d2_k105,8,3,524288,524288,262144,69.374,15.820,47.141,0.000,12.380,11.480
cube_d2_k105,8,4,262144,262144,218098,33.360,7.392,25.566,0.000,4.546,8.760
cube_d2_k105,8,5,218098,218098,131072,31.235,6.423,18.167,0.000,3.407,5.261
cube_d2_k105,8,6,131072,131072,65536,18.086,3.792,9.400,0.000,2.172,2.421
cube_d2_k105,8,7,65536,65536,32768,8.952,1.872,7.268,0.000,3.518,1.245
cube_d2_k105,8,8,32768,32768,16384,4.503,1.000,3.835,0.000,1.719,0.659
cube_d2_k105,8,9,16384,16384,8192,2.748,0.618,2.016,0.000,0.835,0.362
cube_d2_k105,8,10,8192,8192,4096,1.587,0.452,1.256,0.000,0.452,0.234
cube_d2_k105,8,11,4096,4096,2048,0.826,0.308,0.679,0.000,0.248,0.127
cube_d2_k105,8,12,2048,2048,1024,0.448,0.143,0.381,0.000,0.149,0.071
cube_d2_k105,8,13,1024,1024,512,0.253,0.100,0.253,0.000,0.085,0.043
cube_d2_k105,8,14,512,512,256,0.130,0.063,0.138,0.000,0.037,0.038
cube_d2_k105,8,15,256,256,128,0.089,0.034,0.084,0.000,0.024,0.019
cube_d2_k105,8,16,128,128,64,0.067,0.020,0.055,0.000,0.015,0.014
cube_d2_k105,8,17,64,64,32,0.030,0.015,0.037,0.000,0.008,0.011
cube_d2_k105,8,18,32,32,16,0.021,0.008,0.021,0.000,0.006,0.004
cube_d2_k105,8,19,16,16,8,0.012,0.004,0.010,0.000,0.004,0.003
cube_d2_k105,8,20,8,8,4,0.007,0.002,0.006,0.000,0.003,0.001
cube_d2_k105,8,21,4,4,2,0.004,0.001,0.005,0.000,0.003,0.001
cube_d2_k105,8,22,2,0,0,0.002,0.001,0.000,,,
cube_d2_k105,8,0,210,6945750,2315250,0.954,2.218,277.768,0.000,66.796,77.628
cube_d2_k105,8,1,2315250,2315250,1048576,323.698,73.713,177.922,0.000,31.128,33.817
cube_d2_k105,8,2,1048576,1048576,524288,147.679,33.775,83.404,0.000,18.312,17.859
cube_d2_k105,8,3,524288,524288,262144,68.424,15.742,47.321,0.000,12.228,11.638
cube_d2_k105,8,4,262144,262144,218098,32.996,7.223,25.058,0.000,4.512,8.362
cube_d2_k105,8,5,218098,218098,131072,31.193,6.660,17.791,0.000,3.374,5.183
cube_d2_k105,8,6,131072,131072,65536,18.024,3.822,9.090,0.000,2.079,2.425
cube_d2_k105,8,7,65536,65536,32768,8.857,1.909,7.104,0.000,3.381,1.228
cube_d2_k105,8,8,32768,32768,16384,4.630,1.154,3.879,0.000,1.780,0.649
cube_d2_k105,8,9,16384,16384,8192,2.795,0.610,1.982,0.000,0.809,0.363
cube_d2_k105,8,10,8192,8192,4096,1.400,0.455,1.206,0.000,0.433,0.204
cube_d2_k105,8,11,4096,4096,2048,0.894,0.262,0.671,0.000,0.237,0.114
cube_d2_k105,8,12,2048,2048,1024,0.506,0.154,0.405,0.000,0.169,0.067
cube_d2_k105,8,13,1024,1024,512,0.248,0.099,0.254,0.000,0.083,0.043
cube_d2_k105,8,14,512,512,256,0.138,0.056,0.139,0.000,0.043,0.039
cube_d2_k105,8,15,256,256,128,0.086,0.030,0.076,0.000,0.024,0.022
cube_d2_k105,8,16,128,128,64,0.054,0.021,0.053,0.000,0.014,0.013
cube_d2_k105,8,17,64,64,32,0.031,0.015,0.034,0.000,0.009,0.010
cube_d2_k105,8,18,32,32,16,0.025,0.005,0.033,0.000,0.006,0.010
cube_d2_k105,8,19,16,16,8,0.013,0.004,0.010,0.000,0.004,0.002
cube_d2_k105,8,20,8,8,4,0.007,0.002,0.007,0.000,0.004,0.001
cube_d2_k105,8,21,4,4,2,0.005,0.001,0.006,0.000,0.003,0.001
cube_d2_k105,8,22,2,0,0,0.002,0.001,0.000,,,
cube_d2_k105,8,0,210,6945750,2315250,0.954,2.157,290.770,0.000,67.468,80.299
cube_d2_k105,8,1,2315250,2315250,1048576,327.609,73.506,177.619,0.000,31.236,33.387
cube_d2_k105,8,2,1048576,1048576,524288,147.704,31.975,83.157,0.000,18.462,17.405
cube_d2_k105,8,3,524288,524288,262144,69.408,15.238,46.875,0.000,12.191,11.366
cube_d2_k105,8,4,262144,262144,218098,33.343,7.606,25.661,0.000,4.577,8.535
cube_d2_k105,8,5,218098,218098,131072,30.236,6.593,18.136,0.000,3.652,5.185
cube_d2_k105,8,6,131072,131072,65536,17.851,3.463,9.230,0.000,2.233,2.415
cube_d2_k105,8,7,65536,65536,32768,8.955,1.976,7.214,0.000,3.482,1.232
cube_d2_k105,8,8,32768,32768,16384,4.570,1.053,3.899,0.000,1.805,0.643
cube_d2_k105,8,9,16384,16384,8192,2.663,0.591,2.055,0.000,0.893,0.361
cube_d2_k105,8,10,8192,8192,4096,1.547,0.451,1.233,0.000,0.456,0.201
cube_d2_k105,8,11,4096,4096,2048,0.876,0.334,0.688,0.000,0.247,0.111
cube_d2_k105,8,12,2048,2048,1024,0.451,0.142,0.368,0.000,0.129,0.067
cube_d2_k105,8,13,1024,1024,512,0.241,0.100,0.246,0.000,0.084,0.043
cube_d2_k105,8,14,512,512,256,0.132,0.056,0.147,0.000,0.040,0.040
cube_d2_k105,8,15,256,256,128,0.078,0.032,0.077,0.000,0.024,0.020
cube_d2_k105,8,16,128,128,64,0.051,0.022,0.050,0.000,0.014,0.013
cube_d2_k105,8,17,64,64,32,0.037,0.012,0.033,0.000,0.009,0.010
cube_d2_k105,8,18,32,32,16,0.024,0.005,0.019,0.000,0.006,0.005
cube_d2_k105,8,19,16,16,8,0.013,0.004,0.010,0.000,0.004,0.003
cube_d2_k105,8,20,8,8,4,0.007,0.002,0.006,0.000,0.003,0.001
cube_d2_k105,8,21,4,4,2,0.004,0.001,0.004,0.000,0.003,0.001
cube_d2_k105,8,22,2,0,0,0.002,0.001,0.000,,,
cube_d2_k105,16,0,210,6945750,2315250,6.856,7.227,143.337,0.000,48.748,41.558
cube_d2_k105,16,1,2315250,2315250,1048576,152.158,30.684,88.453,0.000,17.508,18.810
cube_d2_k105,16,2,1048576,1048576,524288,77.447,20.696,45.831,0.000,10.238,11.096
cube_d2_k105,16,3,524288,524288,262144,40.172,9.107,25.142,0.000,6.873,6.060
cube_d2_k105,16,4,262144,262144,218098,17.833,4.563,13.812,0.000,2.824,4.454
cube_d2_k105,16,5,218098,218098,131072,16.694,3.737,9.458,0.000,2.134,2.610
cube_d2_k105,16,6,131072,131072,65536,9.466,2.338,5.296,0.000,1.375,1.336
cube_d2_k105,16,7,65536,65536,32768,4.938,1.102,5.358,0.000,3.268,0.722
cube_d2_k105,16,8,32768,32768,16384,2.533,0.893,3.111,0.000,1.765,0.449
cube_d2_k105,16,9,16384,16384,8192,2.727,0.453,1.912,0.000,0.891,0.453
cube_d2_k105,16,10,8192,8192,4096,1.405,0.378,1.049,0.000,0.449,0.155
cube_d2_k105,16,11,4096,4096,2048,0.662,0.227,0.575,0.000,0.233,0.099
cube_d2_k105,16,12,2048,2048,1024,0.443,0.127,0.338,0.000,0.136,0.059
cube_d2_k105,16,13,1024,1024,512,0.234,0.094,0.228,0.000,0.072,0.053
cube_d2_k105,16,14,512,512,256,0.107,0.056,0.136,0.000,0.042,0.034
cube_d2_k105,16,15,256,256,128,0.084,0.035,0.093,0.000,0.029,0.025
cube_d2_k105,16,16,128,128,64,0.053,0.026,0.061,0.000,0.016,0.017
cube_d2_k105,16,17,64,64,32,0.034,0.021,0.041,0.000,0.009,0.012
cube_d2_k105,16,18,32,32,16,0.022,0.011,0.030,0.000,0.006,0.012
cube_d2_k105,16,19,16,16,8,0.017,0.004,0.011,0.000,0.004,0.003
cube_d2_k105,16,20,8,8,4,0.011,0.003,0.007,0.000,0.003,0.001
cube_d2_k105,16,21,4,4,2,0.004,0.001,0.005,0.000,0.003,0.001
cube_d2_k105,16,22,2,0,0,0.002,0.001,0.000,,,
cube_d2_k105,16,0,210,6945750,2315250,0.738,2.251,143.781,0.000,37.015,41.678
cube_d2_k105,16,1,2315250,2315250,1048576,167.987,36.705,88.797,0.000,16.924,18.794
cube_d2_k105,16,2,1048576,1048576,524288,82.975,19.951,44.776,0.000,9.895,11.003
cube_d2_k105,16,3,524288,524288,262144,37.603,8.742,24.791,0.000,6.295,6.078
cube_d2_k105,16,4,262144,262144,218098,18.924,4.583,13.754,0.000,2.739,4.412
cube_d2_k105,16,5,218098,218098,131072,17.053,3.427,9.475,0.000,2.097,2.617
cube_d2_k105,16,6,131072,131072,65536,9.674,2.318,6.084,0.000,1.407,1.670
cube_d2_k105,16,7,65536,65536,32768,4.826,1.129,5.461,0.000,3.378,0.717
cube_d2_k105,16,8,32768,32768,16384,2.421,0.630,2.853,0.000,1.617,0.400
cube_d2_k105,16,9,16384,16384,8192,2.245,0.385,1.543,0.000,0.797,0.245
cube_d2_k105,16,10,8192,8192,4096,1.070,0.362,0.997,0.000,0.438,0.140
cube_d2_k105,16,11,4096,4096,2048,0.662,0.194,0.549,0.000,0.233,0.085
cube_d2_k105,16,12,2048,2048,1024,0.430,0.149,0.311,0.000,0.116,0.058
cube_d2_k105,16,13,1024,1024,512,0.224,0.074,0.237,0.000,0.105,0.042
cube_d2_k105,16,14,512,512,256,0.132,0.053,0.119,0.000,0.037,0.030
cube_d2_k105,16,15,256,256,128,0.080,0.033,0.084,0.000,0.028,0.020
cube_d2_k105,16,16,128,128,64,0.046,0.025,0.056,0.000,0.016,0.016
cube_d2_k105,16,17,64,64,32,0.031,0.014,0.038,0.000,0.009,0.012
cube_d2_k105,16,18,32,32,16,0.020,0.010,0.021,0.000,0.006,0.004
cube_d2_k105,16,19,16,16,8,0.014,0.004,0.010,0.000,0.004,0.003
cube_d2_k105,16,20,8,8,4,0.009,0.003,0.007,0.000,0.003,0.001
cube_d2_k105,16,21,4,4,2,0.004,0.001,0.005,0.000,0.003,0.001
cube_d2_k105,16,22,2,0,0,0.002,0.001,0.000,,,
cube_d2_k105,16,0,210,6945750,2315250,0.959,2.366,144.933,0.000,37.427,41.636
cube_d2_k105,16,1,2315250,2315250,1048576,163.093,37.604,95.432,0.000,17.454,18.550
cube_d2_k105,16,2,1048576,1048576,524288,81.179,21.019,45.343,0.000,10.403,10.048
cube_d2_k105,16,3,524288,524288,262144,39.178,9.042,24.940,0.000,5.454,6.013
cube_d2_k105,16,4,262144,262144,218098,19.752,4.411,13.788,0.000,2.761,4.361
cube_d2_k105,16,5,218098,218098,131072,15.852,3.801,9.774,0.000,2.153,2.836
cube_d2_k105,16,6,131072,131072,65536,9.980,2.532,6.021,0.000,1.660,1.424
cube_d2_k105,16,7,65536,65536,32768,4.879,1.130,5.592,0.000,3.429,0.745
cube_d2_k105,16,8,32768,32768,16384,2.564,0.666,2.892,0.000,1.626,0.404
cube_d2_k105,16,9,16384,16384,8192,2.257,0.418,1.690,0.000,0.891,0.260
cube_d2_k105,16,10,8192,8192,4096,1.110,0.376,1.016,0.000,0.448,0.141
cube_d2_k105,16,11,4096,4096,2048,0.637,0.209,0.567,0.000,0.244,0.090
cube_d2_k105,16,12,2048,2048,1024,0.345,0.163,0.320,0.000,0.122,0.057
cube_d2_k105,16,13,1024,1024,512,0.227,0.070,0.219,0.000,0.087,0.045
cube_d2_k105,16,14,512,512,256,0.125,0.056,0.125,0.000,0.038,0.030
cube_d2_k105,16,15,256,256,128,0.081,0.037,0.088,0.000,0.029,0.022
cube_d2_k105,16,16,128,128,64,0.049,0.027,0.060,0.000,0.015,0.016
cube_d2_k105,16,17,64,64,32,0.029,0.017,0.038,0.000,0.008,0.011
cube_d2_k105,16,18,32,32,16,0.018,0.010,0.021,0.000,0.006,0.005
cube_d2_k105,16,19,16,16,8,0.015,0.004,0.010,0.000,0.004,0.003
cube_d2_k105,16,20,8,8,4,0.010,0.003,0.006,0.000,0.003,0.001
cube_d2_k105,16,21,4,4,2,0.004,0.001,0.005,0.000,0.003,0.001
cube_d2_k105,16,22,2,0,0,0.002,0.001,0.000,,,
cube_d2_k105,16,0,210,6945750,2315250,0.950,2.320,152.687,0.000,37.516,42.177
cube_d2_k105,16,1,2315250,2315250,1048576,163.225,36.670,92.360,0.000,17.366,18.984
cube_d2_k105,16,2,1048576,1048576,524288,79.677,18.879,45.549,0.000,10.490,10.069
cube_d2_k105,16,3,524288,524288,262144,39.899,9.456,24.243,0.000,5.429,5.962
cube_d2_k105,16,4,262144,262144,218098,19.723,4.460,13.761,0.000,2.743,4.361
cube_d2_k105,16,5,218098,218098,131072,16.507,3.728,9.874,0.000,2.254,2.844
cube_d2_k105,16,6,131072,131072,65536,10.222,2.465,5.893,0.000,1.637,1.628
cube_d2_k105,16,7,65536,65536,32768,4.901,1.167,5.627,0.000,3.429,0.753
cube_d2_k105,16,8,32768,32768,16384,2.488,0.650,2.899,0.000,1.607,0.418
cube_d2_k105,16,9,16384,16384,8192,1.800,0.405,1.644,0.000,0.877,0.247
cube_d2_k105,16,10,8192,8192,4096,0.999,0.368,1.011,0.000,0.445,0.143
cube_d2_k105,16,11,4096,4096,2048,0.634,0.214,0.571,0.000,0.242,0.093
cube_d2_k105,16,12,2048,2048,1024,0.376,0.156,0.348,0.000,0.143,0.065
cube_d2_k105,16,13,1024,1024,512,0.223,0.089,0.225,0.000,0.075,0.054
cube_d2_k105,16,14,512,512,256,0.111,0.052,0.121,0.000,0.038,0.029
cube_d2_k105,16,15,256,256,128,0.083,0.033,0.086,0.000,0.027,0.022
cube_d2_k105,16,16,128,128,64,0.050,0.026,0.056,0.000,0.016,0.017
cube_d2_k105,16,17,64,64,32,0.033,0.016,0.040,0.000,0.008,0.014
cube_d2_k105,16,18,32,32,16,0.023,0.011,0.025,0.000,0.006,0.006
cube_d2_k105,16,19,16,16,8,0.014,0.004,0.015,0.000,0.004,0.003
cube_d2_k105,16,20,8,8,4,0.010,0.003,0.006,0.000,0.003,0.001
cube_d2_k105,16,21,4,4,2,0.004,0.001,0.005,0.000,0.003,0.001
cube_d2_k105,16,22,2,0,0,0.002,0.001,0.000,,,
cube_d2_k105,16,0,210,6945750,2315250,0.968,2.307,151.889,0.000,37.861,42.514
cube_d2_k105,16,1,2315250,2315250,1048576,164.092,37.171,91.543,0.000,17.373,18.940
cube_d2_k105,16,2,1048576,1048576,524288,80.846,19.516,44.489,0.000,10.415,10.143
cube_d2_k105,16,3,524288,524288,262144,35.563,8.810,24.478,0.000,5.446,6.061
cube_d2_k105,16,4,262144,262144,218098,19.408,4.663,14.032,0.000,2.800,4.475
cube_d2_k105,16,5,218098,218098,131072,16.649,4.146,9.767,0.000,2.144,2.857
cube_d2_k105,16,6,131072,131072,65536,10.167,2.442,6.103,0.000,1.648,1.613
cube_d2_k105,16,7,65536,65536,32768,4.841,1.112,5.523,0.000,3.346,0.747
cube_d2_k105,16,8,32768,32768,16384,2.610,0.655,3.014,0.000,1.727,0.416
cube_d2_k105,16,9,16384,16384,8192,2.140,0.402,1.585,0.000,0.809,0.246
cube_d2_k105,16,10,8192,8192,4096,0.958,0.366,1.013,0.000,0.449,0.146
cube_d2_k105,16,11,4096,4096,2048,0.643,0.209,0.593,0.000,0.261,0.087
cube_d2_k105,16,12,2048,2048,1024,0.371,0.144,0.320,0.000,0.118,0.056
cube_d2_k105,16,13,1024,1024,512,0.216,0.075,0.234,0.000,0.102,0.042
cube_d2_k105,16,14,512,512,256,0.114,0.056,0.123,0.000,0.038,0.031
cube_d2_k105,16,15,256,256,128,0.081,0.034,0.084,0.000,0.027,0.023
cube_d2_k105,16,16,128,128,64,0.054,0.025,0.054,0.000,0.014,0.017
cube_d2_k105,16,17,64,64,32,0.035,0.017,0.039,0.000,0.009,0.013
cube_d2_k105,16,18,32,32,16,0.020,0.011,0.029,0.000,0.006,0.010
cube_d2_k105,16,19,16,16,8,0.014,0.004,0.009,0.000,0.004,0.002
cube_d2_k105,16,20,8,8,4,0.009,0.003,0.006,0.000,0.003,0.001
cube_d2_k105,16,21,4,4,2,0.004,0.001,0.005,0.000,0.003,0.001
cube_d2_k105,16,22,2,0,0,0.003,0.001,0.000,,,
cube_d2_k105,16,0,210,6945750,2315250,0.983,2.286,154.652,0.000,37.975,41.770
cube_d2_k105,16,1,2315250,2315250,1048576,165.932,37.607,92.497,0.000,17.373,18.851
cube_d2_k105,16,2,1048576,1048576,524288,80.719,19.298,46.843,0.000,10.485,10.005
cube_d2_k105,16,3,524288,524288,262144,39.461,9.792,24.551,0.000,5.504,6.001
cube_d2_k105,16,4,262144,262144,218098,19.746,4.486,13.746,0.000,2.714,4.487
cube_d2_k105,16,5,218098,218098,131072,16.888,3.787,9.891,0.000,2.198,2.840
cube_d2_k105,16,6,131072,131072,65536,9.998,2.554,5.909,0.000,1.607,1.402
cube_d2_k105,16,7,65536,65536,32768,4.793,1.133,5.449,0.000,3.275,0.750
cube_d2_k105,16,8,32768,32768,16384,2.504,0.643,2.957,0.000,1.652,0.435
cube_d2_k105,16,9,16384,16384,8192,2.241,0.408,1.623,0.000,0.847,0.258
cube_d2_k105,16,10,8192,8192,4096,1.208,0.363,1.024,0.000,0.444,0.139
cube_d2_k105,16,11,4096,4096,2048,0.638,0.193,0.557,0.000,0.224,0.092
cube_d2_k105,16,12,2048,2048,1024,0.343,0.148,0.332,0.000,0.119,0.059
cube_d2_k105,16,13,1024,1024,512,0.211,0.084,0.239,0.000,0.103,0.044
cube_d2_k105,16,14,512,512,256,0.103,0.052,0.127,0.000,0.038,0.033
cube_d2_k105,16,15,256,256,128,0.076,0.032,0.090,0.000,0.029,0.026
cube_d2_k105,16,16,128,128,64,0.047,0.027,0.057,0.000,0.015,0.016
cube_d2_k105,16,17,64,64,32,0.029,0.014,0.044,0.000,0.009,0.014
cube_d2_k105,16,18,32,32,16,0.019,0.007,0.022,0.000,0.006,0.005
cube_d2_k105,16,19,16,16,8,0.014,0.004,0.011,0.000,0.004,0.003
cube_d2_k105,16,20,8,8,4,0.011,0.003,0.006,0.000,0.003,0.001
cube_d2_k105,16,21,4,4,2,0.005,0.001,0.005,0.000,0.003,0.001
cube_d2_k105,16,22,2,0,0,0.003,0.001,0.000,,,
cube_d2_k105,32,0,210,6945750,2315250,7.844,8.259,96.256,0.000,40.066,22.043
cube_d2_k105,32,1,2315250,2315250,1048576,80.831,18.960,54.519,0.000,13.747,10.659
cube_d2_k105,32,2,1048576,1048576,524288,40.100,12.944,26.858,0.000,6.213,5.982
cube_d2_k105,32,3,524288,524288,262144,22.543,4.936,13.840,0.000,3.674,3.445
cube_d2_k105,32,4,262144,262144,218098,10.411,2.974,7.839,0.000,1.866,2.383
cube_d2_k105,32,5,218098,218098,131072,8.833,2.402,5.693,0.000,1.501,1.534
cube_d2_k105,32,6,131072,131072,65536,5.467,1.344,3.424,0.000,1.032,0.794
cube_d2_k105,32,7,65536,65536,32768,2.746,0.775,4.555,0.000,3.216,0.451
cube_d2_k105,32,8,32768,32768,16384,1.459,0.459,2.347,0.000,1.546,0.258
cube_d2_k105,32,9,16384,16384,8192,1.972,0.304,1.311,0.000,0.796,0.171
cube_d2_k105,32,10,8192,8192,4096,1.004,0.335,0.848,0.000,0.408,0.102
cube_d2_k105,32,11,4096,4096,2048,0.640,0.209,0.511,0.000,0.231,0.093
cube_d2_k105,32,12,2048,2048,1024,0.355,0.120,0.321,0.000,0.149,0.045
cube_d2_k105,32,13,1024,1024,512,0.149,0.068,0.182,0.000,0.065,0.040
cube_d2_k105,32,14,512,512,256,0.104,0.051,0.114,0.000,0.038,0.027
cube_d2_k105,32,15,256,256,128,0.060,0.031,0.086,0.000,0.029,0.020
cube_d2_k105,32,16,128,128,64,0.037,0.031,0.051,0.000,0.013,0.015
cube_d2_k105,32,17,64,64,32,0.030,0.017,0.035,0.000,0.009,0.007
cube_d2_k105,32,18,32,32,16,0.017,0.009,0.016,0.000,0.005,0.004
cube_d2_k105,32,19,16,16,8,0.012,0.004,0.010,0.000,0.004,0.002
cube_d2_k105,32,20,8,8,4,0.008,0.003,0.006,0.000,0.003,0.001
cube_d2_k105,32,21,4,4,2,0.004,0.001,0.005,0.000,0.003,0.001
cube_d2_k105,32,22,2,0,0,0.002,0.001,0.000,,,
cube_d2_k105,32,0,210,6945750,2315250,0.738,2.143,86.857,0.000,23.936,21.315
cube_d2_k105,32,1,2315250,2315250,1048576,81.756,19.997,51.351,0.000,10.675,9.812
cube_d2_k105,32,2,1048576,1048576,524288,41.006,10.724,25.099,0.000,6.287,5.432
cube_d2_k105,32,3,524288,524288,262144,21.845,4.954,13.980,0.000,3.674,3.444
cube_d2_k105,32,4,262144,262144,218098,10.625,2.973,7.961,0.000,1.879,2.370
cube_d2_k105,32,5,218098,218098,131072,8.867,2.389,5.845,0.000,1.570,1.549
cube_d2_k105,32,6,131072,131072,65536,5.476,1.332,3.384,0.000,0.979,0.818
cube_d2_k105,32,7,65536,65536,32768,2.707,0.740,4.549,0.000,3.211,0.441
cube_d2_k105,32,8,32768,32768,16384,1.439,0.456,2.513,0.000,1.679,0.259
cube_d2_k105,32,9,16384,16384,8192,2.102,0.326,1.487,0.000,0.927,0.179
cube_d2_k105,32,10,8192,8192,4096,1.222,0.335,0.904,0.000,0.446,0.106
cube_d2_k105,32,11,4096,4096,2048,0.691,0.205,0.540,0.000,0.262,0.076
cube_d2_k105,32,12,2048,2048,1024,0.426,0.124,0.339,0.000,0.155,0.053
cube_d2_k105,32,13,1024,1024,512,0.175,0.065,0.194,0.000,0.067,0.040
cube_d2_k105,32,14,512,512,256,0.123,0.057,0.124,0.000,0.043,0.028
cube_d2_k105,32,15,256,256,128,0.070,0.042,0.096,0.000,0.026,0.022
cube_d2_k105,32,16,128,128,64,0.045,0.036,0.059,0.000,0.014,0.020
cube_d2_k105,32,17,64,64,32,0.028,0.019,0.045,0.000,0.009,0.014
cube_d2_k105,32,18,32,32,16,0.022,0.006,0.025,0.000,0.006,0.005
cube_d2_k105,32,19,16,16,8,0.014,0.004,0.011,0.000,0.004,0.002
cube_d2_k105,32,20,8,8,4,0.009,0.002,0.007,0.000,0.004,0.001
cube_d2_k105,32,21,4,4,2,0.004,0.001,0.005,0.000,0.003,0.001
cube_d2_k105,32,22,2,0,0,0.002,0.001,0.000,,,
cube_d2_k105,32,0,210,6945750,2315250,0.796,2.224,83.902,0.000,24.193,20.626
cube_d2_k105,32,1,2315250,2315250,1048576,86.858,20.703,50.999,0.000,10.415,9.984
cube_d2_k105,32,2,1048576,1048576,524288,41.759,10.243,24.877,0.000,6.321,5.403
cube_d2_k105,32,3,524288,524288,262144,20.992,5.155,13.986,0.000,3.352,3.399
cube_d2_k105,32,4,262144,262144,218098,10.530,2.888,8.198,0.000,1.885,2.386
cube_d2_k105,32,5,218098,218098,131072,8.936,2.151,6.114,0.000,1.536,1.567
cube_d2_k105,32,6,131072,131072,65536,5.406,1.602,3.384,0.000,0.967,0.826
cube_d2_k105,32,7,65536,65536,32768,2.739,0.744,4.486,0.000,3.151,0.456
cube_d2_k105,32,8,32768,32768,16384,1.454,0.463,2.475,0.000,1.636,0.275
cube_d2_k105,32,9,16384,16384,8192,2.091,0.326,1.373,0.000,0.797,0.182
cube_d2_k105,32,10,8192,8192,4096,1.221,0.343,0.948,0.000,0.466,0.114
cube_d2_k105,32,11,4096,4096,2048,0.688,0.216,0.535,0.000,0.255,0.074
cube_d2_k105,32,12,2048,2048,1024,0.442,0.113,0.338,0.000,0.152,0.051
cube_d2_k105,32,13,1024,1024,512,0.201,0.072,0.198,0.000,0.070,0.047
cube_d2_k105,32,14,512,512,256,0.133,0.055,0.120,0.000,0.043,0.028
cube_d2_k105,32,15,256,256,128,0.064,0.041,0.093,0.000,0.029,0.022
cube_d2_k105,32,16,128,128,64,0.046,0.024,0.056,0.000,0.014,0.017
cube_d2_k105,32,17,64,64,32,0.031,0.018,0.041,0.000,0.009,0.012
cube_d2_k105,32,18,32,32,16,0.019,0.006,0.022,0.000,0.006,0.005
cube_d2_k105,32,19,16,16,8,0.016,0.004,0.010,0.000,0.004,0.002
cube_d2_k105,32,20,8,8,4,0.008,0.002,0.007,0.000,0.004,0.001
cube_d2_k105,32,21,4,4,2,0.005,0.001,0.006,0.000,0.003,0.001
cube_d2_k105,32,22,2,0,0,0.002,0.001,0.000,,,
cube_d2_k105,32,0,210,6945750,2315250,0.753,2.189,88.473,0.000,24.627,20.838
cube_d2_k105,32,1,2315250,2315250,1048576,88.259,21.139,51.182,0.000,10.924,10.061
cube_d2_k105,32,2,1048576,1048576,524288,42.440,10.383,25.197,0.000,6.415,5.426
cube_d2_k105,32,3,524288,524288,262144,21.053,5.163,13.672,0.000,3.306,3.417
cube_d2_k105,32,4,262144,262144,218098,10.582,2.909,8.213,0.000,1.791,2.434
cube_d2_k105,32,5,218098,218098,131072,9.346,2.218,6.058,0.000,1.513,1.576
cube_d2_k105,32,6,131072,131072,65536,5.402,1.395,3.471,0.000,1.015,0.833
cube_d2_k105,32,7,65536,65536,32768,2.716,0.746,4.655,0.000,3.293,0.465
cube_d2_k105,32,8,32768,32768,16384,1.471,0.477,2.446,0.000,1.607,0.274
cube_d2_k105,32,9,16384,16384,8192,1.827,0.305,1.360,0.000,0.827,0.162
cube_d2_k105,32,10,8192,8192,4096,1.251,0.337,1.133,0.000,0.446,0.116
cube_d2_k105,32,11,4096,4096,2048,0.750,0.216,0.517,0.000,0.236,0.076
cube_d2_k105,32,12,2048,2048,1024,0.436,0.104,0.338,0.000,0.150,0.055
cube_d2_k105,32,13,1024,1024,512,0.200,0.079,0.199,0.000,0.070,0.043
cube_d2_k105,32,14,512,512,256,0.132,0.059,0.129,0.000,0.040,0.033
cube_d2_k105,32,15,256,256,128,0.062,0.041,0.105,0.000,0.029,0.029
cube_d2_k105,32,16,128,128,64,0.045,0.030,0.057,0.000,0.015,0.020
cube_d2_k105,32,17,64,64,32,0.031,0.021,0.042,0.000,0.009,0.014
cube_d2_k105,32,18,32,32,16,0.020,0.007,0.035,0.000,0.006,0.006
cube_d2_k105,32,19,16,16,8,0.013,0.004,0.010,0.000,0.004,0.002
cube_d2_k105,32,20,8,8,4,0.009,0.003,0.007,0.000,0.004,0.001
cube_d2_k105,32,21,4,4,2,0.004,0.001,0.005,0.000,0.003,0.001
cube_d2_k105,32,22,2,0,0,0.003,0.001,0.000,,,
cube_d2_k105,32,0,210,6945750,2315250,0.854,2.159,87.020,0.000,24.779,20.737
cube_d2_k105,32,1,2315250,2315250,1048576,85.889,21.341,52.382,0.000,11.164,10.073
cube_d2_k105,32,2,1048576,1048576,524288,50.762,10.179,25.090,0.000,6.435,5.313
cube_d2_k105,32,3,524288,524288,262144,21.419,5.132,14.223,0.000,3.350,3.405
cube_d2_k105,32,4,262144,262144,218098,10.645,2.589,8.371,0.000,1.831,2.433
cube_d2_k105,32,5,218098,218098,131072,9.050,2.157,6.031,0.000,1.438,1.569
cube_d2_k105,32,6,131072,131072,65536,5.538,1.409,3.464,0.000,1.009,0.823
cube_d2_k105,32,7,65536,65536,32768,2.736,0.732,4.725,0.000,3.331,0.488
cube_d2_k105,32,8,32768,32768,16384,1.476,0.477,2.638,0.000,1.775,0.284
cube_d2_k105,32,9,16384,16384,8192,1.953,0.308,1.333,0.000,0.797,0.170
cube_d2_k105,32,10,8192,8192,4096,0.990,0.346,0.897,0.000,0.444,0.109
cube_d2_k105,32,11,4096,4096,2048,0.875,0.207,0.565,0.000,0.273,0.080
cube_d2_k105,32,12,2048,2048,1024,0.428,0.123,0.362,0.000,0.162,0.057
cube_d2_k105,32,13,1024,1024,512,0.158,0.074,0.202,0.000,0.069,0.044
cube_d2_k105,32,14,512,512,256,0.122,0.056,0.139,0.000,0.041,0.031
cube_d2_k105,32,15,256,256,128,0.072,0.038,0.088,0.000,0.028,0.025
cube_d2_k105,32,16,128,128,64,0.043,0.026,0.057,0.000,0.013,0.015
cube_d2_k105,32,17,64,64,32,0.031,0.021,0.044,0.000,0.009,0.015
cube_d2_k105,32,18,32,32,16,0.020,0.011,0.024,0.000,0.006,0.005
cube_d2_k105,32,19,16,16,8,0.013,0.004,0.010,0.000,0.004,0.002
cube_d2_k105,32,20,8,8,4,0.009,0.002,0.007,0.000,0.003,0.001
cube_d2_k105,32,21,4,4,2,0.005,0.001,0.005,0.000,0.003,0.001
cube_d2_k105,32,22,2,0,0,0.002,0.001,0.000,,,
cube_d2_k105,32,0,210,6945750,2315250,0.801,2.239,90.898,0.000,25.397,21.129
cube_d2_k105,32,1,2315250,2315250,1048576,89.555,21.083,51.776,0.000,11.170,10.084
cube_d2_k105,32,2,1048576,1048576,524288,50.228,10.311,25.390,0.000,6.401,5.509
cube_d2_k105,32,3,524288,524288,262144,21.495,5.104,13.671,0.000,3.283,3.429
cube_d2_k105,32,4,262144,262144,218098,10.699,3.008,8.421,0.000,1.887,2.484
cube_d2_k105,32,5,218098,218098,131072,9.113,2.507,5.890,0.000,1.556,1.614
cube_d2_k105,32,6,131072,131072,65536,6.088,1.559,3.416,0.000,0.953,0.841
cube_d2_k105,32,7,65536,65536,32768,2.786,0.749,4.898,0.000,3.509,0.472
cube_d2_k105,32,8,32768,32768,16384,1.466,0.452,2.452,0.000,1.600,0.286
cube_d2_k105,32,9,16384,16384,8192,1.720,0.301,1.386,0.000,0.852,0.181
cube_d2_k105,32,10,8192,8192,4096,1.132,0.323,1.099,0.000,0.426,0.106
cube_d2_k105,32,11,4096,4096,2048,0.715,0.206,0.540,0.000,0.254,0.070
cube_d2_k105,32,12,2048,2048,1024,0.615,0.105,0.344,0.000,0.155,0.057
cube_d2_k105,32,13,1024,1024,512,0.216,0.074,0.211,0.000,0.071,0.047
cube_d2_k105,32,14,512,512,256,0.104,0.059,0.139,0.000,0.044,0.037
cube_d2_k105,32,15,256,256,128,0.068,0.034,0.098,0.000,0.033,0.026
cube_d2_k105,32,16,128,128,64,0.049,0.029,0.059,0.000,0.013,0.020
cube_d2_k105,32,17,64,64,32,0.031,0.022,0.042,0.000,0.010,0.016
cube_d2_k105,32,18,32,32,16,0.021,0.006,0.024,0.000,0.006,0.005
cube_d2_k105,32,19,16,16,8,0.021,0.004,0.011,0.000,0.004,0.002
cube_d2_k105,32,20,8,8,4,0.009,0.002,0.007,0.000,0.003,0.001
cube_d2_k105,32,21,4,4,2,0.004,0.001,0.005,0.000,0.003,0.001
cube_d2_k105,32,22,2,0,0,0.003,0.001,0.000,,,
cube_d2_k105,64,0,210,6945750,2315250,9.721,8.474,99.908,0.000,45.988,17.092
cube_d2_k105,64,1,2315250,2315250,1048576,51.339,13.247,48.317,0.000,19.038,8.429
cube_d2_k105,64,2,1048576,1048576,524288,26.787,11.480,21.706,0.000,4.645,4.441
cube_d2_k105,64,3,524288,524288,262144,15.347,3.449,10.813,0.000,2.922,2.993
cube_d2_k105,64,4,262144,262144,218098,6.820,2.263,5.864,0.000,1.611,1.366
cube_d2_k105,64,5,218098,218098,131072,5.786,1.596,4.063,0.000,1.086,0.948
cube_d2_k105,64,6,131072,131072,65536,3.424,0.953,2.542,0.000,0.689,0.543
cube_d2_k105,64,7,65536,65536,32768,1.678,0.531,4.314,0.000,3.346,0.310
cube_d2_k105,64,8,32768,32768,16384,0.945,0.360,2.231,0.000,1.627,0.194
cube_d2_k105,64,9,16384,16384,8192,2.101,0.242,1.225,0.000,0.780,0.176
cube_d2_k105,64,10,8192,8192,4096,1.175,0.303,0.990,0.000,0.606,0.089
cube_d2_k105,64,11,4096,4096,2048,0.707,0.169,0.485,0.000,0.242,0.064
cube_d2_k105,64,12,2048,2048,1024,0.370,0.104,0.301,0.000,0.131,0.050
cube_d2_k105,64,13,1024,1024,512,0.225,0.074,0.191,0.000,0.067,0.041
cube_d2_k105,64,14,512,512,256,0.127,0.054,0.143,0.000,0.047,0.032
cube_d2_k105,64,15,256,256,128,0.076,0.044,0.100,0.000,0.030,0.028
cube_d2_k105,64,16,128,128,64,0.049,0.029,0.059,0.000,0.019,0.016
cube_d2_k105,64,17,64,64,32,0.039,0.016,0.035,0.000,0.009,0.008
cube_d2_k105,64,18,32,32,16,0.025,0.012,0.017,0.000,0.005,0.003
cube_d2_k105,64,19,16,16,8,0.013,0.005,0.009,0.000,0.004,0.002
cube_d2_k105,64,20,8,8,4,0.010,0.002,0.007,0.000,0.003,0.001
cube_d2_k105,64,21,4,4,2,0.004,0.001,0.005,0.000,0.003,0.001
cube_d2_k105,64,22,2,0,0,0.003,0.001,0.000,,,
cube_d2_k105,64,0,210,6945750,2315250,0.890,2.087,64.321,0.000,19.343,12.663
cube_d2_k105,64,1,2315250,2315250,1048576,45.006,11.478,31.178,0.000,7.573,5.709
cube_d2_k105,64,2,1048576,1048576,524288,26.458,6.797,16.743,0.000,4.481,3.463
cube_d2_k105,64,3,524288,524288,262144,17.450,3.554,11.342,0.000,2.631,2.193
cube_d2_k105,64,4,262144,262144,218098,6.937,1.833,6.068,0.000,1.364,1.534
cube_d2_k105,64,5,218098,218098,131072,5.822,1.487,4.226,0.000,1.244,0.965
cube_d2_k105,64,6,131072,131072,65536,3.469,0.937,2.710,0.000,0.877,0.539
cube_d2_k105,64,7,65536,65536,32768,1.748,0.541,4.346,0.000,3.369,0.304
cube_d2_k105,64,8,32768,32768,16384,0.959,0.358,2.238,0.000,1.637,0.198
cube_d2_k105,64,9,16384,16384,8192,2.189,0.253,1.174,0.000,0.793,0.124
cube_d2_k105,64,10,8192,8192,4096,1.262,0.312,1.070,0.000,0.478,0.089
cube_d2_k105,64,11,4096,4096,2048,0.696,0.191,0.486,0.000,0.240,0.065
cube_d2_k105,64,12,2048,2048,1024,0.346,0.280,0.366,0.000,0.134,0.054
cube_d2_k105,64,13,1024,1024,512,0.221,0.071,0.208,0.000,0.070,0.045
cube_d2_k105,64,14,512,512,256,0.112,0.058,0.138,0.000,0.039,0.032
cube_d2_k105,64,15,256,256,128,0.075,0.044,0.093,0.000,0.026,0.027
cube_d2_k105,64,16,128,128,64,0.047,0.027,0.067,0.000,0.013,0.020
cube_d2_k105,64,17,64,64,32,0.032,0.023,0.049,0.000,0.009,0.018
cube_d2_k105,64,18,32,32,16,0.022,0.012,0.025,0.000,0.006,0.006
cube_d2_k105,64,19,16,16,8,0.012,0.004,0.011,0.000,0.004,0.002
cube_d2_k105,64,20,8,8,4,0.010,0.002,0.007,0.000,0.003,0.001
cube_d2_k105,64,21,4,4,2,0.004,0.001,0.005,0.000,0.003,0.001
cube_d2_k105,64,22,2,0,0,0.002,0.001,0.000,,,
cube_d2_k105,64,0,210,6945750,2315250,0.800,2.220,71.894,0.000,19.936,11.679
cube_d2_k105,64,1,2315250,2315250,1048576,46.270,12.020,31.179,0.000,7.716,5.764
cube_d2_k105,64,2,1048576,1048576,524288,26.154,6.797,17.175,0.000,4.597,3.312
cube_d2_k105,64,3,524288,524288,262144,13.656,3.258,10.084,0.000,2.280,1.910
cube_d2_k105,64,4,262144,262144,218098,6.962,2.184,6.115,0.000,1.414,1.474
cube_d2_k105,64,5,218098,218098,131072,5.935,1.461,4.624,0.000,1.299,0.976
cube_d2_k105,64,6,131072,131072,65536,3.437,0.936,2.974,0.000,0.855,0.566
cube_d2_k105,64,7,65536,65536,32768,1.716,0.545,4.145,0.000,3.174,0.319
cube_d2_k105,64,8,32768,32768,16384,0.979,0.357,2.253,0.000,1.645,0.211
cube_d2_k105,64,9,16384,16384,8192,2.208,0.265,1.200,0.000,0.778,0.133
cube_d2_k105,64,10,8192,8192,4096,1.249,0.520,0.861,0.000,0.478,0.080
cube_d2_k105,64,11,4096,4096,2048,0.735,0.183,0.500,0.000,0.246,0.063
cube_d2_k105,64,12,2048,2048,1024,0.340,0.293,0.315,0.000,0.137,0.052
cube_d2_k105,64,13,1024,1024,512,0.230,0.076,0.198,0.000,0.069,0.041
cube_d2_k105,64,14,512,512,256,0.120,0.060,0.145,0.000,0.043,0.044
cube_d2_k105,64,15,256,256,128,0.079,0.039,0.083,0.000,0.024,0.023
cube_d2_k105,64,16,128,128,64,0.046,0.029,0.067,0.000,0.013,0.017
cube_d2_k105,64,17,64,64,32,0.035,0.018,0.045,0.000,0.009,0.015
cube_d2_k105,64,18,32,32,16,0.026,0.006,0.028,0.000,0.007,0.005
cube_d2_k105,64,19,16,16,8,0.014,0.004,0.011,0.000,0.004,0.002
cube_d2_k105,64,20,8,8,4,0.010,0.002,0.007,0.000,0.003,0.001
cube_d2_k105,64,21,4,4,2,0.004,0.001,0.004,0.000,0.003,0.001
cube_d2_k105,64,22,2,0,0,0.002,0.001,0.000,,,
cube_d2_k105,64,0,210,6945750,2315250,0.818,2.180,66.377,0.000,20.369,11.642
cube_d2_k105,64,1,2315250,2315250,1048576,48.585,12.195,32.496,0.000,8.056,6.018
cube_d2_k105,64,2,1048576,1048576,524288,26.734,6.856,17.735,0.000,4.510,3.500
cube_d2_k105,64,3,524288,524288,262144,13.756,3.473,10.928,0.000,2.761,2.226
cube_d2_k105,64,4,262144,262144,218098,6.866,1.743,5.984,0.000,1.293,1.554
cube_d2_k105,64,5,218098,218098,131072,5.773,1.550,4.480,0.000,1.167,0.993
cube_d2_k105,64,6,131072,131072,65536,3.483,0.949,2.543,0.000,0.783,0.567
cube_d2_k105,64,7,65536,65536,32768,1.773,0.541,4.115,0.000,3.128,0.317
cube_d2_k105,64,8,32768,32768,16384,1.017,0.369,2.273,0.000,1.651,0.203
cube_d2_k105,64,9,16384,16384,8192,2.370,0.255,1.228,0.000,0.830,0.135
cube_d2_k105,64,10,8192,8192,4096,1.386,0.318,0.990,0.000,0.421,0.089
cube_d2_k105,64,11,4096,4096,2048,0.768,0.186,0.500,0.000,0.246,0.070
cube_d2_k105,64,12,2048,2048,1024,0.571,0.111,0.304,0.000,0.129,0.047
cube_d2_k105,64,13,1024,1024,512,0.205,0.082,0.197,0.000,0.072,0.037
cube_d2_k105,64,14,512,512,256,0.131,0.068,0.132,0.000,0.039,0.034
cube_d2_k105,64,15,256,256,128,0.081,0.040,0.102,0.000,0.031,0.025
cube_d2_k105,64,16,128,128,64,0.048,0.031,0.057,0.000,0.013,0.016
cube_d2_k105,64,17,64,64,32,0.031,0.024,0.036,0.000,0.009,0.009
cube_d2_k105,64,18,32,32,16,0.023,0.012,0.022,0.000,0.005,0.005
cube_d2_k105,64,19,16,16,8,0.015,0.005,0.011,0.000,0.004,0.003
cube_d2_k105,64,20,8,8,4,0.006,0.002,0.006,0.000,0.003,0.001
cube_d2_k105,64,21,4,4,2,0.005,0.001,0.005,0.000,0.003,0.001
cube_d2_k105,64,22,2,0,0,0.002,0.001,0.000,,,
cube_d2_k105,64,0,210,6945750,2315250,0.828,2.121,67.376,0.000,20.285,11.762
cube_d2_k105,64,1,2315250,2315250,1048576,47.495,13.708,32.896,0.000,8.072,5.387
cube_d2_k105,64,2,1048576,1048576,524288,26.846,7.584,17.131,0.000,4.499,3.013
cube_d2_k105,64,3,524288,524288,262144,14.061,3.545,11.275,0.000,2.381,2.254
cube_d2_k105,64,4,262144,262144,218098,6.910,1.805,5.885,0.000,1.416,1.391
cube_d2_k105,64,5,218098,218098,131072,7.369,1.439,4.289,0.000,1.031,0.992
cube_d2_k105,64,6,131072,131072,65536,3.581,0.946,2.537,0.000,0.692,0.549
cube_d2_k105,64,7,65536,65536,32768,1.749,0.555,4.331,0.000,3.369,0.312
cube_d2_k105,64,8,32768,32768,16384,1.002,0.379,2.176,0.000,1.567,0.209
cube_d2_k105,64,9,16384,16384,8192,2.209,0.257,1.216,0.000,0.803,0.141
cube_d2_k105,64,10,8192,8192,4096,1.361,0.317,0.805,0.000,0.427,0.082
cube_d2_k105,64,11,4096,4096,2048,0.955,0.195,0.484,0.000,0.242,0.061
cube_d2_k105,64,12,2048,2048,1024,0.326,0.119,0.494,0.000,0.327,0.049
cube_d2_k105,64,13,1024,1024,512,0.217,0.074,0.212,0.000,0.066,0.052
cube_d2_k105,64,14,512,512,256,0.115,0.066,0.128,0.000,0.041,0.033
cube_d2_k105,64,15,256,256,128,0.069,0.042,0.111,0.000,0.031,0.030
cube_d2_k105,64,16,128,128,64,0.050,0.035,0.055,0.000,0.014,0.020
cube_d2_k105,64,17,64,64,32,0.037,0.015,0.041,0.000,0.009,0.012
cube_d2_k105,64,18,32,32,16,0.023,0.007,0.022,0.000,0.006,0.005
cube_d2_k105,64,19,16,16,8,0.018,0.013,0.010,0.000,0.004,0.003
cube_d2_k105,64,20,8,8,4,0.006,0.002,0.007,0.000,0.003,0.001
cube_d2_k105,64,21,4,4,2,0.005,0.001,0.005,0.000,0.003,0.001
cube_d2_k105,64,22,2,0,0,0.002,0.001,0.000,,,
cube_d2_k105,64,0,210,6945750,2315250,0.828,2.164,67.914,0.000,20.244,11.868
cube_d2_k105,64,1,2315250,2315250,1048576,54.562,13.545,32.867,0.000,8.171,5.890
cube_d2_k105,64,2,1048576,1048576,524288,26.683,6.821,18.474,0.000,4.620,3.477
cube_d2_k105,64,3,524288,524288,262144,13.889,3.493,10.407,0.000,2.430,2.140
cube_d2_k105,64,4,262144,262144,218098,6.961,1.813,6.192,0.000,1.303,1.470
cube_d2_k105,64,5,218098,218098,131072,5.929,1.564,4.199,0.000,1.242,0.987
cube_d2_k105,64,6,131072,131072,65536,3.479,0.956,2.691,0.000,0.871,0.550
cube_d2_k105,64,7,65536,65536,32768,1.753,0.548,4.378,0.000,3.382,0.323
cube_d2_k105,64,8,32768,32768,16384,0.984,0.375,2.138,0.000,1.548,0.195
cube_d2_k105,64,9,16384,16384,8192,2.171,0.266,1.204,0.000,0.801,0.135
cube_d2_k105,64,10,8192,8192,4096,1.378,0.319,0.806,0.000,0.408,0.091
cube_d2_k105,64,11,4096,4096,2048,0.949,0.166,0.493,0.000,0.241,0.066
cube_d2_k105,64,12,2048,2048,1024,0.372,0.110,0.305,0.000,0.132,0.054
cube_d2_k105,64,13,1024,1024,512,0.224,0.083,0.193,0.000,0.069,0.046
cube_d2_k105,64,14,512,512,256,0.120,0.059,0.144,0.000,0.042,0.037
cube_d2_k105,64,15,256,256,128,0.078,0.042,0.309,0.000,0.226,0.026
cube_d2_k105,64,16,128,128,64,0.046,0.034,0.066,0.000,0.017,0.019
cube_d2_k105,64,17,64,64,32,0.030,0.022,0.039,0.000,0.009,0.011
cube_d2_k105,64,18,32,32,16,0.025,0.007,0.017,0.000,0.005,0.003
cube_d2_k105,64,19,16,16,8,0.016,0.004,0.010,0.000,0.004,0.002
cube_d2_k105,64,20,8,8,4,0.013,0.003,0.007,0.000,0.003,0.001
cube_d2_k105,64,21,4,4,2,0.004,0.001,0.005,0.000,0.003,0.001
cube_d2_k105,64,22,2,0,0,0.003,0.001,0.000,,,
cube_d2_k105,128,0,210,6945750,2315250,16.377,13.088,131.216,0.000,68.803,20.086
cube_d2_k105,128,1,2315250,2315250,1048576,44.365,16.572,62.831,0.000,25.628,14.434
cube_d2_k105,128,2,1048576,1048576,524288,21.360,18.641,29.314,0.000,6.984,8.855
cube_d2_k105,128,3,524288,524288,262144,10.433,2.898,11.595,0.000,2.260,4.142
cube_d2_k105,128,4,262144,262144,218098,5.246,1.834,5.288,0.000,1.561,1.032
cube_d2_k105,128,5,218098,218098,131072,4.176,1.439,3.537,0.000,0.988,0.711
cube_d2_k105,128,6,131072,131072,65536,2.765,0.888,2.207,0.000,0.686,0.434
cube_d2_k105,128,7,65536,65536,32768,1.478,0.563,4.383,0.000,3.357,0.268
cube_d2_k105,128,8,32768,32768,16384,0.853,0.370,2.254,0.000,1.688,0.199
cube_d2_k105,128,9,16384,16384,8192,1.197,0.293,1.286,0.000,0.870,0.133
cube_d2_k105,128,10,8192,8192,4096,0.424,0.307,0.809,0.000,0.418,0.094
cube_d2_k105,128,11,4096,4096,2048,0.267,0.173,0.528,0.000,0.249,0.088
cube_d2_k105,128,12,2048,2048,1024,0.237,0.130,0.336,0.000,0.149,0.053
cube_d2_k105,128,13,1024,1024,512,0.147,0.092,0.198,0.000,0.069,0.044
cube_d2_k105,128,14,512,512,256,0.100,0.084,0.172,0.000,0.045,0.044
cube_d2_k105,128,15,256,256,128,0.079,0.055,0.125,0.000,0.032,0.033
cube_d2_k105,128,16,128,128,64,0.050,0.032,0.071,0.000,0.016,0.018
cube_d2_k105,128,17,64,64,32,0.040,0.024,0.044,0.000,0.009,0.010
cube_d2_k105,128,18,32,32,16,0.031,0.007,0.022,0.000,0.006,0.004
cube_d2_k105,128,19,16,16,8,0.016,0.004,0.009,0.000,0.004,0.002
cube_d2_k105,128,20,8,8,4,0.011,0.002,0.007,0.000,0.004,0.001
cube_d2_k105,128,21,4,4,2,0.004,0.001,0.005,0.000,0.003,0.001
cube_d2_k105,128,22,2,0,0,0.003,0.001,0.000,,,
cube_d2_k105,128,0,210,6945750,2315250,1.014,2.314,61.584,0.000,18.766,12.012
cube_d2_k105,128,1,2315250,2315250,1048576,27.300,9.330,26.314,0.000,6.189,4.224
cube_d2_k105,128,2,1048576,1048576,524288,18.541,5.511,14.436,0.000,3.759,2.333
cube_d2_k105,128,3,524288,524288,262144,12.626,2.732,8.095,0.000,2.103,1.450
cube_d2_k105,128,4,262144,262144,218098,5.186,1.467,4.804,0.000,1.281,1.046
cube_d2_k105,128,5,218098,218098,131072,4.400,1.332,3.473,0.000,0.988,0.719
cube_d2_k105,128,6,131072,131072,65536,2.748,0.854,2.296,0.000,0.681,0.441
cube_d2_k105,128,7,65536,65536,32768,1.369,0.527,4.311,0.000,3.413,0.285
cube_d2_k105,128,8,32768,32768,16384,0.848,0.365,2.199,0.000,1.609,0.188
cube_d2_k105,128,9,16384,16384,8192,2.581,0.281,1.237,0.000,0.849,0.123
cube_d2_k105,128,10,8192,8192,4096,1.407,0.305,0.816,0.000,0.416,0.090
cube_d2_k105,128,11,4096,4096,2048,0.661,0.163,0.538,0.000,0.263,0.066
cube_d2_k105,128,12,2048,2048,1024,0.414,0.121,0.321,0.000,0.139,0.054
cube_d2_k105,128,13,1024,1024,512,0.251,0.077,0.210,0.000,0.071,0.056
cube_d2_k105,128,14,512,512,256,0.129,0.068,0.160,0.000,0.046,0.044
cube_d2_k105,128,15,256,256,128,0.076,0.051,0.127,0.000,0.037,0.032
cube_d2_k105,128,16,128,128,64,0.056,0.038,0.068,0.000,0.017,0.017
cube_d2_k105,128,17,64,64,32,0.038,0.022,0.057,0.000,0.009,0.020
cube_d2_k105,128,18,32,32,16,0.031,0.012,0.031,0.000,0.012,0.006
cube_d2_k105,128,19,16,16,8,0.020,0.004,0.011,0.000,0.004,0.003
cube_d2_k105,128,20,8,8,4,0.009,0.002,0.007,0.000,0.003,0.001
cube_d2_k105,128,21,4,4,2,0.004,0.001,0.005,0.000,0.003,0.001
cube_d2_k105,128,22,2,0,0,0.003,0.001,0.000,,,
cube_d2_k105,128,0,210,6945750,2315250,1.025,2.268,56.177,0.000,18.625,7.011
cube_d2_k105,128,1,2315250,2315250,1048576,33.817,9.600,26.095,0.000,6.345,4.311
cube_d2_k105,128,2,1048576,1048576,524288,19.560,5.501,14.508,0.000,3.581,2.364
cube_d2_k105,128,3,524288,524288,262144,10.126,2.805,8.073,0.000,2.038,1.459
cube_d2_k105,128,4,262144,262144,218098,5.180,1.505,5.164,0.000,1.420,1.027
cube_d2_k105,128,5,218098,218098,131072,4.484,1.250,3.484,0.000,1.041,0.741
cube_d2_k105,128,6,131072,131072,65536,2.681,0.793,2.155,0.000,0.635,0.447
cube_d2_k105,128,7,65536,65536,32768,1.358,0.495,4.319,0.000,3.416,0.290
cube_d2_k105,128,8,32768,32768,16384,0.837,0.368,2.209,0.000,1.624,0.184
cube_d2_k105,128,9,16384,16384,8192,2.598,0.291,1.483,0.000,0.842,0.370
cube_d2_k105,128,10,8192,8192,4096,1.362,0.299,0.807,0.000,0.420,0.088
cube_d2_k105,128,11,4096,4096,2048,0.432,0.172,0.513,0.000,0.257,0.070
cube_d2_k105,128,12,2048,2048,1024,0.372,0.125,0.321,0.000,0.136,0.052
cube_d2_k105,128,13,1024,1024,512,0.214,0.094,0.225,0.000,0.072,0.051
cube_d2_k105,128,14,512,512,256,0.130,0.070,0.161,0.000,0.041,0.044
cube_d2_k105,128,15,256,256,128,0.087,0.045,0.109,0.000,0.031,0.033
cube_d2_k105,128,16,128,128,64,0.047,0.035,0.066,0.000,0.013,0.023
cube_d2_k105,128,17,64,64,32,0.041,0.024,0.041,0.000,0.009,0.013
cube_d2_k105,128,18,32,32,16,0.025,0.012,0.017,0.000,0.006,0.004
cube_d2_k105,128,19,16,16,8,0.016,0.004,0.011,0.000,0.004,0.003
cube_d2_k105,128,20,8,8,4,0.010,0.002,0.006,0.000,0.003,0.001
cube_d2_k105,128,21,4,4,2,0.004,0.001,0.005,0.000,0.003,0.001
cube_d2_k105,128,22,2,0,0,0.003,0.001,0.000,,,
cube_d2_k105,128,0,210,6945750,2315250,0.901,2.165,56.257,0.000,19.711,7.097
cube_d2_k105,128,1,2315250,2315250,1048576,30.768,10.858,26.458,0.000,6.926,3.895
cube_d2_k105,128,2,1048576,1048576,524288,19.825,5.577,15.603,0.000,3.703,2.320
cube_d2_k105,128,3,524288,524288,262144,10.132,2.711,8.054,0.000,2.012,1.482
cube_d2_k105,128,4,262144,262144,218098,5.091,1.466,4.743,0.000,1.270,1.031
cube_d2_k105,128,5,218098,218098,131072,4.389,1.601,3.480,0.000,1.007,0.747
cube_d2_k105,128,6,131072,131072,65536,2.707,0.806,2.202,0.000,0.670,0.432
cube_d2_k105,128,7,65536,65536,32768,1.371,0.491,4.110,0.000,3.242,0.269
cube_d2_k105,128,8,32768,32768,16384,0.826,0.363,2.188,0.000,1.624,0.194
cube_d2_k105,128,9,16384,16384,8192,2.649,0.293,1.264,0.000,0.862,0.141
cube_d2_k105,128,10,8192,8192,4096,1.402,0.313,0.945,0.000,0.423,0.094
cube_d2_k105,128,11,4096,4096,2048,0.711,0.196,0.527,0.000,0.246,0.077
cube_d2_k105,128,12,2048,2048,1024,0.388,0.110,0.306,0.000,0.136,0.052
cube_d2_k105,128,13,1024,1024,512,0.249,0.085,0.217,0.000,0.073,0.049
cube_d2_k105,128,14,512,512,256,0.134,0.081,0.146,0.000,0.041,0.036
cube_d2_k105,128,15,256,256,128,0.078,0.048,0.107,0.000,0.031,0.029
cube_d2_k105,128,16,128,128,64,0.063,0.032,0.065,0.000,0.013,0.019
cube_d2_k105,128,17,64,64,32,0.033,0.024,0.044,0.000,0.009,0.013
cube_d2_k105,128,18,32,32,16,0.025,0.012,0.024,0.000,0.006,0.006
cube_d2_k105,128,19,16,16,8,0.029,0.005,0.010,0.000,0.004,0.003
cube_d2_k105,128,20,8,8,4,0.015,0.003,0.006,0.000,0.003,0.001
cube_d2_k105,128,21,4,4,2,0.005,0.001,0.005,0.000,0.003,0.001
cube_d2_k105,128,22,2,0,0,0.003,0.001,0.000,,,
cube_d2_k105,128,0,210,6945750,2315250,0.994,2.251,57.140,0.000,19.825,7.297
cube_d2_k105,128,1,2315250,2315250,1048576,31.144,9.886,26.311,0.000,6.599,4.026
cube_d2_k105,128,2,1048576,1048576,524288,19.879,5.627,14.918,0.000,4.011,2.359
cube_d2_k105,128,3,524288,524288,262144,10.177,2.706,8.272,0.000,2.188,1.529
cube_d2_k105,128,4,262144,262144,218098,5.227,1.456,4.797,0.000,1.297,1.060
cube_d2_k105,128,5,218098,218098,131072,4.403,1.294,3.501,0.000,1.024,0.765
cube_d2_k105,128,6,131072,131072,65536,2.785,0.853,2.181,0.000,0.666,0.451
cube_d2_k105,128,7,65536,65536,32768,1.458,0.501,4.107,0.000,3.213,0.278
cube_d2_k105,128,8,32768,32768,16384,0.824,0.379,2.188,0.000,1.638,0.189
cube_d2_k105,128,9,16384,16384,8192,2.712,0.278,1.398,0.000,0.826,0.307
cube_d2_k105,128,10,8192,8192,4096,1.382,0.298,0.834,0.000,0.430,0.088
cube_d2_k105,128,11,4096,4096,2048,0.721,0.159,0.520,0.000,0.246,0.073
cube_d2_k105,128,12,2048,2048,1024,0.397,0.122,0.347,0.000,0.147,0.063
cube_d2_k105,128,13,1024,1024,512,0.229,0.087,0.218,0.000,0.072,0.051
cube_d2_k105,128,14,512,512,256,0.128,0.061,0.151,0.000,0.039,0.039
cube_d2_k105,128,15,256,256,128,0.093,0.047,0.110,0.000,0.032,0.032
cube_d2_k105,128,16,128,128,64,0.056,0.032,0.061,0.000,0.017,0.016
cube_d2_k105,128,17,64,64,32,0.038,0.023,0.042,0.000,0.009,0.008
cube_d2_k105,128,18,32,32,16,0.024,0.011,0.028,0.000,0.006,0.006
cube_d2_k105,128,19,16,16,8,0.019,0.005,0.011,0.000,0.004,0.003
cube_d2_k105,128,20,8,8,4,0.011,0.002,0.007,0.000,0.003,0.001
cube_d2_k105,128,21,4,4,2,0.004,0.001,0.005,0.000,0.003,0.001
cube_d2_k105,128,22,2,0,0,0.003,0.001,0.000,,,
cube_d2_k105,128,0,210,6945750,2315250,1.018,2.172,57.378,0.000,20.176,7.412
cube_d2_k105,128,1,2315250,2315250,1048576,39.768,9.659,26.052,0.000,6.484,4.023
cube_d2_k105,128,2,1048576,1048576,524288,19.572,5.525,14.619,0.000,3.800,2.401
cube_d2_k105,128,3,524288,524288,262144,10.137,2.692,8.851,0.000,2.138,1.502
cube_d2_k105,128,4,262144,262144,218098,7.309,1.424,4.701,0.000,1.257,1.028
cube_d2_k105,128,5,218098,218098,131072,4.481,1.361,3.661,0.000,1.024,0.812
cube_d2_k105,128,6,131072,131072,65536,2.786,0.786,2.126,0.000,0.622,0.437
cube_d2_k105,128,7,65536,65536,32768,1.358,0.500,4.342,0.000,3.448,0.300
cube_d2_k105,128,8,32768,32768,16384,0.840,0.369,2.266,0.000,1.681,0.212
cube_d2_k105,128,9,16384,16384,8192,2.679,0.294,1.258,0.000,0.850,0.134
cube_d2_k105,128,10,8192,8192,4096,1.384,0.305,0.846,0.000,0.438,0.092
cube_d2_k105,128,11,4096,4096,2048,0.704,0.179,0.537,0.000,0.253,0.067
cube_d2_k105,128,12,2048,2048,1024,0.405,0.119,0.338,0.000,0.144,0.062
cube_d2_k105,128,13,1024,1024,512,0.236,0.098,0.235,0.000,0.076,0.052
cube_d2_k105,128,14,512,512,256,0.128,0.065,0.161,0.000,0.043,0.039
cube_d2_k105,128,15,256,256,128,0.095,0.052,0.114,0.000,0.031,0.037
cube_d2_k105,128,16,128,128,64,0.061,0.029,0.063,0.000,0.013,0.018
cube_d2_k105,128,17,64,64,32,0.041,0.229,0.052,0.000,0.010,0.016
cube_d2_k105,128,18,32,32,16,0.039,0.013,0.036,0.000,0.006,0.010
cube_d2_k105,128,19,16,16,8,0.017,0.005,0.010,0.000,0.004,0.003
cube_d2_k105,128,20,8,8,4,0.011,0.002,0.007,0.000,0.003,0.001
cube_d2_k105,128,21,4,4,2,0.004,0.001,0.005,0.000,0.003,0.001
cube_d2_k105,128,22,2,0,0,0.003,0.001,0.000,,,
cube_d2_k155,1,0,310,22343250,7447750,12.731,26.017,5869.940,0.000,1782.487,1433.854
cube_d2_k155,1,1,7447750,7447750,3253446,5620.917,1134.672,3846.761,0.000,678.825,653.161
cube_d2_k155,1,2,3253446,3253446,2097152,2582.429,523.690,1669.945,0.000,303.447,384.226
cube_d2_k155,1,3,2097152,2097152,1048576,1655.477,340.369,936.601,0.000,186.870,196.872
cube_d2_k155,1,4,1048576,1048576,524288,838.999,171.252,468.148,0.000,90.987,103.583
cube_d2_k155,1,5,524288,524288,262144,416.520,84.482,239.392,0.000,45.661,52.882
cube_d2_k155,1,6,262144,262144,131072,210.520,41.227,119.695,0.000,23.357,26.625
cube_d2_k155,1,7,131072,131072,65536,105.233,19.770,57.755,0.000,11.822,13.188
cube_d2_k155,1,8,65536,65536,32768,51.988,8.399,26.379,0.000,5.897,5.201
cube_d2_k155,1,9,32768,32768,16384,25.829,2.565,12.329,0.000,3.020,1.940
cube_d2_k155,1,10,16384,16384,8192,11.964,1.091,5.050,0.000,1.415,0.921
cube_d2_k155,1,11,8192,8192,4096,4.781,0.487,2.157,0.000,0.648,0.525
cube_d2_k155,1,12,4096,4096,2048,2.337,0.235,1.096,0.000,0.328,0.288
cube_d2_k155,1,13,2048,2048,1024,1.159,0.110,0.549,0.000,0.158,0.133
cube_d2_k155,1,14,1024,1024,512,0.576,0.053,0.265,0.000,0.082,0.061
cube_d2_k155,1,15,512,512,256,0.280,0.027,0.129,0.000,0.040,0.029
cube_d2_k155,1,16,256,256,128,0.140,0.015,0.066,0.000,0.021,0.015
cube_d2_k155,1,17,128,128,64,0.070,0.008,0.035,0.000,0.012,0.008
cube_d2_k155,1,18,64,64,32,0.035,0.005,0.022,0.000,0.010,0.005
cube_d2_k155,1,19,32,32,16,0.019,0.003,0.012,0.000,0.005,0.003
cube_d2_k155,1,20,16,16,8,0.010,0.002,0.009,0.000,0.004,0.002
cube_d2_k155,1,21,8,8,4,0.006,0.001,0.006,0.000,0.003,0.001
cube_d2_k155,1,22,4,4,2,0.003,0.001,0.005,0.000,0.003,0.001
cube_d2_k155,1,23,2,0,0,0.002,0.001,0.000,,,
cube_d2_k155,1,0,310,22343250,7447750,12.730,25.975,5791.578,0.000,1709.818,1425.999
cube_d2_k155,1,1,7447750,7447750,3253446,7199.735,1679.956,4091.016,0.000,815.623,640.721
cube_d2_k155,1,2,3253446,3253446,2097152,3204.433,753.694,1768.129,0.000,309.295,442.856
cube_d2_k155,1,3,2097152,2097152,1048576,2051.079,486.381,935.554,0.000,184.768,196.890
cube_d2_k155,1,4,1048576,1048576,524288,1036.770,240.419,470.300,0.000,91.828,101.400
cube_d2_k155,1,5,524288,524288,262144,514.605,120.537,236.127,0.000,45.462,52.254
cube_d2_k155,1,6,262144,262144,131072,261.615,60.064,119.581,0.000,23.181,26.503
cube_d2_k155,1,7,131072,131072,65536,128.835,25.152,57.686,0.000,11.904,13.141
cube_d2_k155,1,8,65536,65536,32768,59.523,9.625,26.485,0.000,5.895,5.216
cube_d2_k155,1,9,32768,32768,16384,27.745,2.814,12.455,0.000,2.990,1.969
cube_d2_k155,1,10,16384,16384,8192,12.584,1.219,5.152,0.000,1.440,0.969
cube_d2_k155,1,11,8192,8192,4096,4.897,0.540,2.205,0.000,0.714,0.464
cube_d2_k155,1,12,4096,4096,2048,2.365,0.256,1.064,0.000,0.335,0.232
cube_d2_k155,1,13,2048,2048,1024,1.186,0.116,0.522,0.000,0.159,0.117
cube_d2_k155,1,14,1024,1024,512,0.568,0.051,0.263,0.000,0.080,0.058
cube_d2_k155,1,15,512,512,256,0.280,0.027,0.154,0.000,0.050,0.037
cube_d2_k155,1,16,256,256,128,0.160,0.014,0.065,0.000,0.021,0.015
cube_d2_k155,1,17,128,128,64,0.070,0.008,0.038,0.000,0.012,0.008
cube_d2_k155,1,18,64,64,32,0.036,0.005,0.020,0.000,0.007,0.005
cube_d2_k155,1,19,32,32,16,0.019,0.003,0.012,0.000,0.005,0.003
cube_d2_k155,1,20,16,16,8,0.011,0.002,0.008,0.000,0.004,0.002
cube_d2_k155,1,21,8,8,4,0.006,0.001,0.006,0.000,0.003,0.001
cube_d2_k155,1,22,4,4,2,0.003,0.001,0.005,0.000,0.003,0.001
cube_d2_k155,1,23,2,0,0,0.002,0.001,0.000,,,
cube_d2_k155,1,0,310,22343250,7447750,12.710,25.974,5782.309,0.000,1706.427,1424.538
cube_d2_k155,1,1,7447750,7447750,3253446,7187.240,1669.963,4098.604,0.000,814.026,642.432
cube_d2_k155,1,2,3253446,3253446,2097152,3203.142,757.621,1778.706,0.000,307.423,445.139
cube_d2_k155,1,3,2097152,2097152,1048576,2055.327,488.137,935.779,0.000,186.363,196.760
cube_d2_k155,1,4,1048576,1048576,524288,1037.942,242.437,473.523,0.000,90.798,101.745
cube_d2_k155,1,5,524288,524288,262144,515.930,121.045,237.687,0.000,45.612,52.295
cube_d2_k155,1,6,262144,262144,131072,261.979,60.770,120.664,0.000,22.995,26.715
cube_d2_k155,1,7,131072,131072,65536,128.944,25.376,57.824,0.000,11.639,13.154
cube_d2_k155,1,8,65536,65536,32768,59.389,9.738,26.512,0.000,5.846,5.164
cube_d2_k155,1,9,32768,32768,16384,27.699,2.846,12.535,0.000,3.045,1.897
cube_d2_k155,1,10,16384,16384,8192,12.398,1.243,5.117,0.000,1.340,0.986
cube_d2_k155,1,11,8192,8192,4096,4.946,0.540,2.162,0.000,0.688,0.466
cube_d2_k155,1,12,4096,4096,2048,2.393,0.250,1.050,0.000,0.325,0.233
cube_d2_k155,1,13,2048,2048,1024,1.142,0.114,0.527,0.000,0.159,0.118
cube_d2_k155,1,14,1024,1024,512,0.567,0.050,0.260,0.000,0.080,0.058
cube_d2_k155,1,15,512,512,256,0.280,0.026,0.130,0.000,0.040,0.029
cube_d2_k155,1,16,256,256,128,0.141,0.015,0.073,0.000,0.024,0.018
cube_d2_k155,1,17,128,128,64,0.071,0.008,0.034,0.000,0.012,0.008
cube_d2_k155,1,18,64,64,32,0.039,0.005,0.021,0.000,0.007,0.005
cube_d2_k155,1,19,32,32,16,0.019,0.003,0.013,0.000,0.005,0.004
cube_d2_k155,1,20,16,16,8,0.010,0.002,0.008,0.000,0.004,0.002
cube_d2_k155,1,21,8,8,4,0.006,0.002,0.006,0.000,0.003,0.001
cube_d2_k155,1,22,4,4,2,0.003,0.001,0.005,0.000,0.003,0.001
cube_d2_k155,1,23,2,0,0,0.002,0.001,0.000,,,
cube_d2_k155,1,0,310,22343250,7447750,12.753,26.038,5798.257,0.000,1706.610,1428.972
cube_d2_k155,1,1,7447750,7447750,3253446,7205.473,1680.959,4080.690,0.000,817.526,641.153
cube_d2_k155,1,2,3253446,3253446,2097152,3201.789,758.663,1774.826,0.000,308.302,440.641
cube_d2_k155,1,3,2097152,2097152,1048576,2048.641,484.607,932.439,0.000,185.312,196.886
cube_d2_k155,1,4,1048576,1048576,524288,1034.757,240.441,472.178,0.000,93.407,102.233
cube_d2_k155,1,5,524288,524288,262144,513.152,119.877,236.382,0.000,45.438,52.440
cube_d2_k155,1,6,262144,262144,131072,260.945,59.924,119.690,0.000,23.096,26.604
cube_d2_k155,1,7,131072,131072,65536,128.191,25.262,56.518,0.000,12.033,12.784
cube_d2_k155,1,8,65536,65536,32768,58.006,9.657,26.264,0.000,5.885,5.135
cube_d2_k155,1,9,32768,32768,16384,27.679,2.832,12.168,0.000,2.807,1.912
cube_d2_k155,1,10,16384,16384,8192,12.404,1.220,5.076,0.000,1.418,0.938
cube_d2_k155,1,11,8192,8192,4096,4.888,0.568,2.121,0.000,0.661,0.472
cube_d2_k155,1,12,4096,4096,2048,2.429,0.257,1.085,0.000,0.319,0.287
cube_d2_k155,1,13,2048,2048,1024,1.143,0.114,0.520,0.000,0.154,0.119
cube_d2_k155,1,14,1024,1024,512,0.566,0.051,0.303,0.000,0.097,0.076
cube_d2_k155,1,15,512,512,256,0.292,0.026,0.128,0.000,0.040,0.029
cube_d2_k155,1,16,256,256,128,0.141,0.014,0.065,0.000,0.021,0.015
cube_d2_k155,1,17,128,128,64,0.070,0.008,0.035,0.000,0.012,0.009
cube_d2_k155,1,18,64,64,32,0.038,0.006,0.024,0.000,0.009,0.006
cube_d2_k155,1,19,32,32,16,0.022,0.004,0.015,0.000,0.006,0.003
cube_d2_k155,1,20,16,16,8,0.013,0.003,0.010,0.000,0.004,0.002
cube_d2_k155,1,21,8,8,4,0.007,0.002,0.007,0.000,0.004,0.001
cube_d2_k155,1,22,4,4,2,0.004,0.001,0.006,0.000,0.003,0.001
cube_d2_k155,1,23,2,0,0,0.002,0.001,0.000,,,
cube_d2_k155,1,0,310,22343250,7447750,12.762,26.019,5791.607,0.000,1703.757,1426.559
cube_d2_k155,1,1,7447750,7447750,3253446,7149.465,1644.355,4077.016,0.000,812.678,640.954
cube_d2_k155,1,2,3253446,3253446,2097152,3195.402,747.221,1770.505,0.000,308.692,443.324
cube_d2_k155,1,3,2097152,2097152,1048576,2035.520,478.164,934.043,0.000,185.700,197.476
cube_d2_k155,1,4,1048576,1048576,524288,1031.542,238.839,475.180,0.000,93.048,101.730
cube_d2_k155,1,5,524288,524288,262144,514.137,120.000,237.524,0.000,45.411,52.403
cube_d2_k155,1,6,262144,262144,131072,260.747,59.869,120.220,0.000,23.144,26.623
cube_d2_k155,1,7,131072,131072,65536,128.689,25.330,58.003,0.000,11.876,13.137
cube_d2_k155,1,8,65536,65536,32768,59.366,9.639,26.527,0.000,5.934,5.230
cube_d2_k155,1,9,32768,32768,16384,27.801,2.833,12.333,0.000,2.858,1.940
cube_d2_k155,1,10,16384,16384,8192,12.361,1.235,5.029,0.000,1.386,0.933
cube_d2_k155,1,11,8192,8192,4096,5.034,0.560,2.139,0.000,0.662,0.471
cube_d2_k155,1,12,4096,4096,2048,2.390,0.257,1.062,0.000,0.317,0.239
cube_d2_k155,1,13,2048,2048,1024,1.160,0.113,0.515,0.000,0.154,0.116
cube_d2_k155,1,14,1024,1024,512,0.577,0.051,0.261,0.000,0.078,0.057
cube_d2_k155,1,15,512,512,256,0.287,0.027,0.128,0.000,0.040,0.029
cube_d2_k155,1,16,256,256,128,0.141,0.015,0.065,0.000,0.021,0.015
cube_d2_k155,1,17,128,128,64,0.071,0.008,0.035,0.000,0.012,0.008
cube_d2_k155,1,18,64,64,32,0.036,0.005,0.019,0.000,0.007,0.005
cube_d2_k155,1,19,32,32,16,0.019,0.003,0.013,0.000,0.005,0.003
cube_d2_k155,1,20,16,16,8,0.010,0.002,0.008,0.000,0.004,0.002
cube_d2_k155,1,21,8,8,4,0.006,0.001,0.006,0.000,0.003,0.001
cube_d2_k155,1,22,4,4,2,0.003,0.001,0.005,0.000,0.003,0.001
cube_d2_k155,1,23,2,0,0,0.002,0.001,0.000,,,
cube_d2_k155,1,0,310,22343250,7447750,12.731,25.993,5795.468,0.000,1706.511,1427.551
cube_d2_k155,1,1,7447750,7447750,3253446,7203.156,1682.190,4078.177,0.000,819.070,641.851
cube_d2_k155,1,2,3253446,3253446,2097152,3204.461,753.034,1778.962,0.000,309.183,443.142
cube_d2_k155,1,3,2097152,2097152,1048576,2054.753,487.807,934.929,0.000,185.873,197.080
cube_d2_k155,1,4,1048576,1048576,524288,1037.453,241.455,470.651,0.000,90.396,102.439
cube_d2_k155,1,5,524288,524288,262144,516.147,122.114,238.970,0.000,45.232,52.692
cube_d2_k155,1,6,262144,262144,131072,261.108,58.272,118.692,0.000,22.757,26.788
cube_d2_k155,1,7,131072,131072,65536,128.777,25.321,57.663,0.000,11.775,13.151
cube_d2_k155,1,8,65536,65536,32768,59.355,9.701,26.217,0.000,5.786,5.167
cube_d2_k155,1,9,32768,32768,16384,27.730,2.879,12.219,0.000,2.862,1.939
cube_d2_k155,1,10,16384,16384,8192,12.412,1.235,5.088,0.000,1.473,0.972
cube_d2_k155,1,11,8192,8192,4096,4.950,0.569,2.104,0.000,0.656,0.467
cube_d2_k155,1,12,4096,4096,2048,2.442,0.255,1.026,0.000,0.316,0.236
cube_d2_k155,1,13,2048,2048,1024,1.181,0.121,0.533,0.000,0.158,0.116
cube_d2_k155,1,14,1024,1024,512,0.576,0.051,0.256,0.000,0.078,0.058
cube_d2_k155,1,15,512,512,256,0.286,0.027,0.129,0.000,0.040,0.029
cube_d2_k155,1,16,256,256,128,0.144,0.015,0.065,0.000,0.021,0.015
cube_d2_k155,1,17,128,128,64,0.072,0.008,0.035,0.000,0.012,0.008
cube_d2_k155,1,18,64,64,32,0.037,0.005,0.019,0.000,0.007,0.005
cube_d2_k155,1,19,32,32,16,0.019,0.003,0.012,0.000,0.005,0.003
cube_d2_k155,1,20,16,16,8,0.010,0.002,0.008,0.000,0.004,0.002
cube_d2_k155,1,21,8,8,4,0.006,0.001,0.006,0.000,0.003,0.001
cube_d2_k155,1,22,4,4,2,0.003,0.001,0.005,0.000,0.003,0.001
cube_d2_k155,1,23,2,0,0,0.002,0.001,0.000,,,
cube_d2_k155,2,0,310,22343250,7447750,22.241,31.058,3053.740,0.000,883.656,798.422
cube_d2_k155,2,1,7447750,7447750,3253446,3049.744,636.432,2005.884,0.000,350.328,369.905
cube_d2_k155,2,2,3253446,3253446,2097152,1511.529,328.772,908.189,0.000,148.437,242.406
cube_d2_k155,2,3,2097152,2097152,1048576,1031.649,228.368,486.753,0.000,89.422,114.050
cube_d2_k155,2,4,1048576,1048576,524288,516.067,114.807,245.963,0.000,44.368,59.424
cube_d2_k155,2,5,524288,524288,262144,260.488,57.492,125.070,0.000,22.265,30.080
cube_d2_k155,2,6,262144,262144,131072,131.627,28.673,62.077,0.000,11.203,14.658
cube_d2_k155,2,7,131072,131072,65536,62.692,12.913,30.515,0.000,5.892,7.883
cube_d2_k155,2,8,65536,65536,32768,29.428,4.380,17.621,0.000,4.635,4.007
cube_d2_k155,2,9,32768,32768,16384,15.585,1.961,8.512,0.000,2.162,2.135
cube_d2_k155,2,10,16384,16384,8192,7.492,1.337,4.177,0.000,1.093,1.066
cube_d2_k155,2,11,8192,8192,4096,3.611,0.691,1.976,0.000,0.617,0.519
cube_d2_k155,2,12,4096,4096,2048,1.869,0.429,0.999,0.000,0.279,0.261
cube_d2_k155,2,13,2048,2048,1024,0.877,0.261,0.550,0.000,0.165,0.137
cube_d2_k155,2,14,1024,1024,512,0.466,0.119,0.302,0.000,0.082,0.070
cube_d2_k155,2,15,512,512,256,0.238,0.049,0.174,0.000,0.046,0.045
cube_d2_k155,2,16,256,256,128,0.113,0.026,0.081,0.000,0.024,0.022
cube_d2_k155,2,17,128,128,64,0.072,0.011,0.038,0.000,0.012,0.009
cube_d2_k155,2,18,64,64,32,0.029,0.008,0.022,0.000,0.008,0.005
cube_d2_k155,2,19,32,32,16,0.018,0.003,0.015,0.000,0.005,0.003
cube_d2_k155,2,20,16,16,8,0.009,0.002,0.009,0.000,0.004,0.002
cube_d2_k155,2,21,8,8,4,0.005,0.002,0.007,0.000,0.003,0.002
cube_d2_k155,2,22,4,4,2,0.003,0.001,0.005,0.000,0.003,0.001
cube_d2_k155,2,23,2,0,0,0.002,0.001,0.000,,,
cube_d2_k155,2,0,310,22343250,7447750,8.345,17.175,3369.088,0.000,832.764,795.085
cube_d2_k155,2,1,7447750,7447750,3253446,3819.365,832.181,2094.213,0.000,403.040,364.593
cube_d2_k155,2,2,3253446,3253446,2097152,1730.247,388.139,924.139,0.000,149.497,255.317
cube_d2_k155,2,3,2097152,2097152,1048576,1116.143,258.795,483.369,0.000,89.852,113.780
cube_d2_k155,2,4,1048576,1048576,524288,552.878,127.233,245.605,0.000,43.617,58.791
cube_d2_k155,2,5,524288,524288,262144,275.771,62.257,124.932,0.000,22.431,29.804
cube_d2_k155,2,6,262144,262144,131072,136.589,28.218,61.904,0.000,11.007,14.798
cube_d2_k155,2,7,131072,131072,65536,64.936,11.510,30.697,0.000,5.868,7.857
cube_d2_k155,2,8,65536,65536,32768,29.823,3.714,17.536,0.000,4.718,4.058
cube_d2_k155,2,9,32768,32768,16384,15.155,1.680,8.644,0.000,2.440,1.990
cube_d2_k155,2,10,16384,16384,8192,7.669,1.261,4.377,0.000,1.075,1.179
cube_d2_k155,2,11,8192,8192,4096,3.700,0.793,1.959,0.000,0.554,0.525
cube_d2_k155,2,12,4096,4096,2048,1.941,0.499,1.027,0.000,0.286,0.265
cube_d2_k155,2,13,2048,2048,1024,0.947,0.192,0.571,0.000,0.164,0.134
cube_d2_k155,2,14,1024,1024,512,0.482,0.168,0.314,0.000,0.084,0.075
cube_d2_k155,2,15,512,512,256,0.257,0.050,0.180,0.000,0.045,0.041
cube_d2_k155,2,16,256,256,128,0.125,0.026,0.082,0.000,0.025,0.021
cube_d2_k155,2,17,128,128,64,0.079,0.012,0.036,0.000,0.012,0.009
cube_d2_k155,2,18,64,64,32,0.033,0.008,0.021,0.000,0.008,0.005
cube_d2_k155,2,19,32,32,16,0.022,0.003,0.014,0.000,0.005,0.004
cube_d2_k155,2,20,16,16,8,0.012,0.002,0.008,0.000,0.004,0.002
cube_d2_k155,2,21,8,8,4,0.006,0.002,0.006,0.000,0.003,0.001
cube_d2_k155,2,22,4,4,2,0.003,0.001,0.005,0.000,0.003,0.001
cube_d2_k155,2,23,2,0,0,0.002,0.001,0.000,,,
cube_d2_k155,2,0,310,22343250,7447750,8.388,17.244,3349.788,0.000,833.758,796.589
cube_d2_k155,2,1,7447750,7447750,3253446,3885.335,888.085,2092.894,0.000,402.828,364.574
cube_d2_k155,2,2,3253446,3253446,2097152,1738.704,393.949,931.480,0.000,149.107,255.583
cube_d2_k155,2,3,2097152,2097152,1048576,1115.291,260.768,484.447,0.000,89.999,113.267
cube_d2_k155,2,4,1048576,1048576,524288,557.977,130.393,245.982,0.000,44.734,58.126
cube_d2_k155,2,5,524288,524288,262144,277.783,64.265,124.737,0.000,21.857,29.352
cube_d2_k155,2,6,262144,262144,131072,138.288,27.452,61.898,0.000,11.048,14.740
cube_d2_k155,2,7,131072,131072,65536,64.871,11.683,30.997,0.000,5.897,7.873
cube_d2_k155,2,8,65536,65536,32768,29.965,3.807,17.496,0.000,4.674,3.851
cube_d2_k155,2,9,32768,32768,16384,15.294,1.661,8.659,0.000,2.256,2.099
cube_d2_k155,2,10,16384,16384,8192,7.678,1.322,4.192,0.000,1.098,1.062
cube_d2_k155,2,11,8192,8192,4096,3.711,0.630,2.091,0.000,0.544,0.525
cube_d2_k155,2,12,4096,4096,2048,1.943,0.376,1.032,0.000,0.283,0.271
cube_d2_k155,2,13,2048,2048,1024,0.998,0.266,0.582,0.000,0.167,0.139
cube_d2_k155,2,14,1024,1024,512,0.568,0.237,0.305,0.000,0.081,0.071
cube_d2_k155,2,15,512,512,256,0.257,0.052,0.174,0.000,0.045,0.044
cube_d2_k155,2,16,256,256,128,0.131,0.028,0.089,0.000,0.024,0.023
cube_d2_k155,2,17,128,128,64,0.076,0.011,0.039,0.000,0.012,0.009
cube_d2_k155,2,18,64,64,32,0.042,0.005,0.022,0.000,0.008,0.005
cube_d2_k155,2,19,32,32,16,0.021,0.003,0.015,0.000,0.005,0.004
cube_d2_k155,2,20,16,16,8,0.012,0.004,0.009,0.000,0.005,0.002
cube_d2_k155,2,21,8,8,4,0.006,0.002,0.007,0.000,0.003,0.001
cube_d2_k155,2,22,4,4,2,0.003,0.001,0.005,0.000,0.003,0.001
cube_d2_k155,2,23,2,0,0,0.002,0.001,0.000,,,
cube_d2_k155,2,0,310,22343250,7447750,8.417,17.270,3395.858,0.000,831.929,795.115
cube_d2_k155,2,1,7447750,7447750,3253446,3905.142,899.261,2093.735,0.000,404.671,365.201
cube_d2_k155,2,2,3253446,3253446,2097152,1746.645,400.746,931.850,0.000,151.083,254.602
cube_d2_k155,2,3,2097152,2097152,1048576,1121.206,263.631,485.069,0.000,90.478,113.189
cube_d2_k155,2,4,1048576,1048576,524288,559.339,130.598,247.425,0.000,44.949,58.150
cube_d2_k155,2,5,524288,524288,262144,279.927,64.496,124.852,0.000,22.157,29.285
cube_d2_k155,2,6,262144,262144,131072,138.581,27.663,62.121,0.000,11.153,14.782
cube_d2_k155,2,7,131072,131072,65536,65.067,11.299,30.980,0.000,5.893,7.914
cube_d2_k155,2,8,65536,65536,32768,30.068,3.737,17.453,0.000,4.658,3.995
cube_d2_k155,2,9,32768,32768,16384,15.084,1.854,8.624,0.000,2.293,2.061
cube_d2_k155,2,10,16384,16384,8192,7.558,1.267,4.169,0.000,1.109,1.061
cube_d2_k155,2,11,8192,8192,4096,3.817,0.609,2.007,0.000,0.560,0.529
cube_d2_k155,2,12,4096,4096,2048,1.834,0.361,1.032,0.000,0.283,0.268
cube_d2_k155,2,13,2048,2048,1024,0.978,0.189,0.574,0.000,0.159,0.149
cube_d2_k155,2,14,1024,1024,512,0.488,0.167,0.327,0.000,0.088,0.074
cube_d2_k155,2,15,512,512,256,0.254,0.050,0.169,0.000,0.045,0.045
cube_d2_k155,2,16,256,256,128,0.139,0.027,0.087,0.000,0.025,0.023
cube_d2_k155,2,17,128,128,64,0.083,0.012,0.040,0.000,0.013,0.009
cube_d2_k155,2,18,64,64,32,0.042,0.005,0.022,0.000,0.008,0.005
cube_d2_k155,2,19,32,32,16,0.022,0.003,0.013,0.000,0.005,0.003
cube_d2_k155,2,20,16,16,8,0.012,0.003,0.009,0.000,0.004,0.002
cube_d2_k155,2,21,8,8,4,0.006,0.001,0.007,0.000,0.003,0.002
cube_d2_k155,2,22,4,4,2,0.004,0.001,0.005,0.000,0.003,0.001
cube_d2_k155,2,23,2,0,0,0.002,0.001,0.000,,,
cube_d2_k155,2,0,310,22343250,7447750,8.377,17.131,3417.724,0.000,834.115,794.984
cube_d2_k155,2,1,7447750,7447750,3253446,3905.276,899.366,2093.779,0.000,402.112,364.881
cube_d2_k155,2,2,3253446,3253446,2097152,1742.781,400.163,931.406,0.000,149.295,255.647
cube_d2_k155,2,3,2097152,2097152,1048576,1121.159,263.067,484.396,0.000,89.884,113.644
cube_d2_k155,2,4,1048576,1048576,524288,559.613,131.188,246.184,0.000,44.361,58.177
cube_d2_k155,2,5,524288,524288,262144,280.035,64.627,125.210,0.000,22.259,29.512
cube_d2_k155,2,6,262144,262144,131072,137.993,28.330,62.573,0.000,11.330,14.891
cube_d2_k155,2,7,131072,131072,65536,64.875,11.286,31.095,0.000,5.868,7.923
cube_d2_k155,2,8,65536,65536,32768,30.004,3.770,18.184,0.000,4.956,4.065
cube_d2_k155,2,9,32768,32768,16384,15.364,1.824,8.564,0.000,2.275,2.021
cube_d2_k155,2,10,16384,16384,8192,7.442,1.334,4.394,0.000,1.116,1.165
cube_d2_k155,2,11,8192,8192,4096,3.711,0.673,2.001,0.000,0.553,0.530
cube_d2_k155,2,12,4096,4096,2048,1.840,0.409,1.032,0.000,0.276,0.268
cube_d2_k155,2,13,2048,2048,1024,1.003,0.205,0.582,0.000,0.161,0.132
cube_d2_k155,2,14,1024,1024,512,0.486,0.176,0.307,0.000,0.081,0.073
cube_d2_k155,2,15,512,512,256,0.284,0.050,0.175,0.000,0.045,0.045
cube_d2_k155,2,16,256,256,128,0.124,0.027,0.087,0.000,0.025,0.023
cube_d2_k155,2,17,128,128,64,0.075,0.011,0.040,0.000,0.013,0.009
cube_d2_k155,2,18,64,64,32,0.041,0.005,0.024,0.000,0.008,0.005
cube_d2_k155,2,19,32,32,16,0.022,0.003,0.014,0.000,0.005,0.004
cube_d2_k155,2,20,16,16,8,0.012,0.002,0.009,0.000,0.004,0.002
cube_d2_k155,2,21,8,8,4,0.006,0.001,0.007,0.000,0.003,0.002
cube_d2_k155,2,22,4,4,2,0.003,0.001,0.005,0.000,0.003,0.001
cube_d2_k155,2,23,2,0,0,0.002,0.001,0.000,,,
cube_d2_k155,2,0,310,22343250,7447750,8.374,17.141,3533.544,0.000,832.190,793.698
cube_d2_k155,2,1,7447750,7447750,3253446,3918.301,899.019,2085.231,0.000,402.478,364.913
cube_d2_k155,2,2,3253446,3253446,2097152,1742.360,400.699,926.583,0.000,149.707,255.350
cube_d2_k155,2,3,2097152,2097152,1048576,1119.814,263.136,484.194,0.000,89.828,113.715
cube_d2_k155,2,4,1048576,1048576,524288,559.374,130.279,243.651,0.000,44.197,57.134
cube_d2_k155,2,5,524288,524288,262144,277.490,64.857,125.202,0.000,21.902,29.359
cube_d2_k155,2,6,262144,262144,131072,138.694,27.852,62.492,0.000,11.246,14.848
cube_d2_k155,2,7,131072,131072,65536,65.152,11.582,30.983,0.000,5.859,7.893
cube_d2_k155,2,8,65536,65536,32768,29.905,3.634,17.849,0.000,4.895,3.977
cube_d2_k155,2,9,32768,32768,16384,15.359,1.695,8.746,0.000,2.335,2.133
cube_d2_k155,2,10,16384,16384,8192,7.552,1.276,4.587,0.000,1.204,1.168
cube_d2_k155,2,11,8192,8192,4096,3.703,0.726,1.975,0.000,0.542,0.521
cube_d2_k155,2,12,4096,4096,2048,1.915,0.362,1.031,0.000,0.278,0.272
cube_d2_k155,2,13,2048,2048,1024,0.992,0.279,0.566,0.000,0.157,0.135
cube_d2_k155,2,14,1024,1024,512,0.479,0.156,0.313,0.000,0.084,0.072
cube_d2_k155,2,15,512,512,256,0.257,0.051,0.178,0.000,0.045,0.045
cube_d2_k155,2,16,256,256,128,0.143,0.032,0.080,0.000,0.024,0.018
cube_d2_k155,2,17,128,128,64,0.060,0.015,0.041,0.000,0.013,0.009
cube_d2_k155,2,18,64,64,32,0.042,0.005,0.029,0.000,0.007,0.008
cube_d2_k155,2,19,32,32,16,0.023,0.003,0.014,0.000,0.005,0.004
cube_d2_k155,2,20,16,16,8,0.012,0.002,0.010,0.000,0.004,0.002
cube_d2_k155,2,21,8,8,4,0.006,0.001,0.006,0.000,0.003,0.002
cube_d2_k155,2,22,4,4,2,0.003,0.001,0.005,0.000,0.003,0.001
cube_d2_k155,2,23,2,0,0,0.002,0.001,0.000,,,
cube_d2_k155,4,0,310,22343250,7447750,17.484,21.999,1597.721,0.000,449.384,473.512
cube_d2_k155,4,1,7447750,7447750,3253446,1612.361,336.264,1057.825,0.000,181.495,211.116
cube_d2_k155,4,2,3253446,3253446,2097152,820.034,186.117,489.967,0.000,76.897,142.401
cube_d2_k155,4,3,2097152,2097152,1048576,570.749,130.427,265.994,0.000,46.578,63.287
cube_d2_k155,4,4,1048576,1048576,524288,289.095,66.166,135.297,0.000,23.196,32.203
cube_d2_k155,4,5,524288,524288,262144,144.256,32.128,68.055,0.000,11.859,16.289
cube_d2_k155,4,6,262144,262144,131072,68.304,14.232,35.584,0.000,6.501,8.941
cube_d2_k155,4,7,131072,131072,65536,33.795,6.529,18.114,0.000,3.513,4.932
cube_d2_k155,4,8,65536,65536,32768,17.523,3.318,12.302,0.000,4.346,2.554
cube_d2_k155,4,9,32768,32768,16384,9.690,1.632,5.850,0.000,1.953,1.234
cube_d2_k155,4,10,16384,16384,8192,4.877,1.001,3.052,0.000,0.960,0.637
cube_d2_k155,4,11,8192,8192,4096,2.524,0.628,1.621,0.000,0.505,0.339
cube_d2_k155,4,12,4096,4096,2048,1.343,0.339,0.845,0.000,0.262,0.176
cube_d2_k155,4,13,2048,2048,1024,0.645,0.188,0.490,0.000,0.157,0.098
cube_d2_k155,4,14,1024,1024,512,0.375,0.120,0.266,0.000,0.080,0.056
cube_d2_k155,4,15,512,512,256,0.207,0.080,0.175,0.000,0.047,0.042
cube_d2_k155,4,16,256,256,128,0.102,0.036,0.091,0.000,0.025,0.026
cube_d2_k155,4,17,128,128,64,0.053,0.021,0.039,0.000,0.013,0.009
cube_d2_k155,4,18,64,64,32,0.038,0.012,0.033,0.000,0.008,0.010
cube_d2_k155,4,19,32,32,16,0.022,0.003,0.015,0.000,0.005,0.004
cube_d2_k155,4,20,16,16,8,0.009,0.002,0.009,0.000,0.004,0.002
cube_d2_k155,4,21,8,8,4,0.005,0.002,0.007,0.000,0.003,0.001
cube_d2_k155,4,22,4,4,2,0.003,0.001,0.005,0.000,0.003,0.001
cube_d2_k155,4,23,2,0,0,0.002,0.001,0.000,,,
cube_d2_k155,4,0,310,22343250,7447750,3.883,7.923,1816.423,0.000,419.771,471.481
cube_d2_k155,4,1,7447750,7447750,3253446,2069.482,454.096,1109.751,0.000,208.313,210.426
cube_d2_k155,4,2,3253446,3253446,2097152,996.973,214.847,486.902,0.000,76.370,127.306
cube_d2_k155,4,3,2097152,2097152,1048576,648.827,140.749,257.193,0.000,45.964,56.662
cube_d2_k155,4,4,1048576,1048576,524288,320.865,72.140,134.107,0.000,23.596,30.560
cube_d2_k155,4,5,524288,524288,262144,156.363,30.202,67.235,0.000,12.069,15.598
cube_d2_k155,4,6,262144,262144,131072,73.254,12.365,37.012,0.000,6.779,9.029
cube_d2_k155,4,7,131072,131072,65536,34.149,6.585,18.453,0.000,3.635,4.640
cube_d2_k155,4,8,65536,65536,32768,17.924,3.010,12.159,0.000,4.243,2.575
cube_d2_k155,4,9,32768,32768,16384,8.765,1.823,6.101,0.000,2.058,1.255
cube_d2_k155,4,10,16384,16384,8192,4.818,1.215,3.150,0.000,0.950,0.638
cube_d2_k155,4,11,8192,8192,4096,2.407,0.693,1.694,0.000,0.484,0.348
cube_d2_k155,4,12,4096,4096,2048,1.268,0.347,0.904,0.000,0.265,0.197
cube_d2_k155,4,13,2048,2048,1024,0.735,0.233,0.517,0.000,0.163,0.100
cube_d2_k155,4,14,1024,1024,512,0.349,0.113,0.277,0.000,0.080,0.054
cube_d2_k155,4,15,512,512,256,0.219,0.069,0.184,0.000,0.047,0.041
cube_d2_k155,4,16,256,256,128,0.106,0.042,0.100,0.000,0.023,0.028
cube_d2_k155,4,17,128,128,64,0.069,0.023,0.061,0.000,0.015,0.015
cube_d2_k155,4,18,64,64,32,0.056,0.006,0.026,0.000,0.008,0.006
cube_d2_k155,4,19,32,32,16,0.024,0.003,0.029,0.000,0.005,0.009
cube_d2_k155,4,20,16,16,8,0.012,0.002,0.010,0.000,0.004,0.002
cube_d2_k155,4,21,8,8,4,0.006,0.002,0.007,0.000,0.003,0.001
cube_d2_k155,4,22,4,4,2,0.003,0.001,0.005,0.000,0.003,0.001
cube_d2_k155,4,23,2,0,0,0.002,0.001,0.000,,,
cube_d2_k155,4,0,310,22343250,7447750,4.010,8.174,1777.701,0.000,417.992,449.250
cube_d2_k155,4,1,7447750,7447750,3253446,2325.926,513.571,1159.845,0.000,210.064,199.597
cube_d2_k155,4,2,3253446,3253446,2097152,1017.735,225.811,500.367,0.000,77.203,131.937
cube_d2_k155,4,3,2097152,2097152,1048576,655.468,146.615,257.087,0.000,46.805,57.187
cube_d2_k155,4,4,1048576,1048576,524288,324.524,71.022,135.071,0.000,23.436,30.117
cube_d2_k155,4,5,524288,524288,262144,154.697,31.149,67.404,0.000,12.249,15.775
cube_d2_k155,4,6,262144,262144,131072,71.539,13.333,36.058,0.000,6.188,9.100
cube_d2_k155,4,7,131072,131072,65536,33.943,4.751,18.567,0.000,3.407,4.696
cube_d2_k155,4,8,65536,65536,32768,17.997,3.941,11.773,0.000,4.296,2.494
cube_d2_k155,4,9,32768,32768,16384,8.845,1.597,6.267,0.000,2.041,1.253
cube_d2_k155,4,10,16384,16384,8192,4.858,1.084,3.351,0.000,1.026,0.650
cube_d2_k155,4,11,8192,8192,4096,2.477,0.598,1.736,0.000,0.510,0.349
cube_d2_k155,4,12,4096,4096,2048,1.286,0.400,0.954,0.000,0.271,0.190
cube_d2_k155,4,13,2048,2048,1024,0.648,0.251,0.513,0.000,0.164,0.106
cube_d2_k155,4,14,1024,1024,512,0.377,0.196,0.292,0.000,0.083,0.061
cube_d2_k155,4,15,512,512,256,0.210,0.072,0.185,0.000,0.050,0.041
cube_d2_k155,4,16,256,256,128,0.098,0.037,0.102,0.000,0.026,0.030
cube_d2_k155,4,17,128,128,64,0.057,0.021,0.059,0.000,0.013,0.016
cube_d2_k155,4,18,64,64,32,0.048,0.007,0.027,0.000,0.008,0.006
cube_d2_k155,4,19,32,32,16,0.022,0.003,0.028,0.000,0.005,0.009
cube_d2_k155,4,20,16,16,8,0.013,0.002,0.010,0.000,0.004,0.002
cube_d2_k155,4,21,8,8,4,0.006,0.002,0.007,0.000,0.003,0.001
cube_d2_k155,4,22,4,4,2,0.003,0.001,0.005,0.000,0.003,0.001
cube_d2_k155,4,23,2,0,0,0.002,0.001,0.000,,,
cube_d2_k155,4,0,310,22343250,7447750,4.017,8.153,1861.212,0.000,416.947,455.120
cube_d2_k155,4,1,7447750,7447750,3253446,2343.470,517.242,1137.861,0.000,207.514,198.549
cube_d2_k155,4,2,3253446,3253446,2097152,1020.111,225.822,493.301,0.000,76.493,134.838
cube_d2_k155,4,3,2097152,2097152,1048576,657.933,149.601,258.484,0.000,46.684,58.348
cube_d2_k155,4,4,1048576,1048576,524288,326.051,73.018,135.395,0.000,23.439,30.059
cube_d2_k155,4,5,524288,524288,262144,156.372,32.721,69.530,0.000,11.973,15.589
cube_d2_k155,4,6,262144,262144,131072,71.936,13.707,36.797,0.000,6.297,9.360
cube_d2_k155,4,7,131072,131072,65536,34.059,5.604,19.108,0.000,3.622,4.749
cube_d2_k155,4,8,65536,65536,32768,17.750,2.605,12.221,0.000,4.312,2.570
cube_d2_k155,4,9,32768,32768,16384,8.885,1.597,6.248,0.000,2.016,1.238
cube_d2_k155,4,10,16384,16384,8192,4.936,1.180,3.197,0.000,0.938,0.641
cube_d2_k155,4,11,8192,8192,4096,2.399,0.609,1.725,0.000,0.514,0.349
cube_d2_k155,4,12,4096,4096,2048,1.253,0.342,0.883,0.000,0.258,0.193
cube_d2_k155,4,13,2048,2048,1024,0.679,0.285,0.544,0.000,0.163,0.105
cube_d2_k155,4,14,1024,1024,512,0.335,0.167,0.324,0.000,0.080,0.067
cube_d2_k155,4,15,512,512,256,0.206,0.068,0.176,0.000,0.047,0.042
cube_d2_k155,4,16,256,256,128,0.102,0.038,0.097,0.000,0.025,0.030
cube_d2_k155,4,17,128,128,64,0.078,0.013,0.047,0.000,0.013,0.010
cube_d2_k155,4,18,64,64,32,0.046,0.005,0.041,0.000,0.008,0.016
cube_d2_k155,4,19,32,32,16,0.024,0.003,0.015,0.000,0.005,0.004
cube_d2_k155,4,20,16,16,8,0.014,0.004,0.010,0.000,0.004,0.002
cube_d2_k155,4,21,8,8,4,0.007,0.002,0.007,0.000,0.003,0.001
cube_d2_k155,4,22,4,4,2,0.003,0.001,0.005,0.000,0.003,0.001
cube_d2_k155,4,23,2,0,0,0.002,0.001,0.000,,,
cube_d2_k155,4,0,310,22343250,7447750,4.013,8.150,1853.425,0.000,418.407,449.270
cube_d2_k155,4,1,7447750,7447750,3253446,2341.870,518.959,1157.353,0.000,207.745,200.135
cube_d2_k155,4,2,3253446,3253446,2097152,1025.295,227.073,493.560,0.000,76.070,134.801
cube_d2_k155,4,3,2097152,2097152,1048576,657.647,149.352,261.921,0.000,46.052,57.779
cube_d2_k155,4,4,1048576,1048576,524288,327.350,73.839,133.319,0.000,23.252,30.184
cube_d2_k155,4,5,524288,524288,262144,155.793,34.483,68.217,0.000,11.680,15.598
cube_d2_k155,4,6,262144,262144,131072,70.603,14.231,36.528,0.000,6.546,9.103
cube_d2_k155,4,7,131072,131072,65536,33.756,5.685,19.171,0.000,3.602,4.890
cube_d2_k155,4,8,65536,65536,32768,17.694,3.448,11.836,0.000,4.224,2.479
cube_d2_k155,4,9,32768,32768,16384,8.612,1.849,6.322,0.000,2.047,1.249
cube_d2_k155,4,10,16384,16384,8192,4.803,1.270,3.250,0.000,1.023,0.637
cube_d2_k155,4,11,8192,8192,4096,2.349,0.611,1.732,0.000,0.576,0.357
cube_d2_k155,4,12,4096,4096,2048,1.188,0.391,0.908,0.000,0.265,0.189
cube_d2_k155,4,13,2048,2048,1024,0.664,0.341,0.530,0.000,0.153,0.108
cube_d2_k155,4,14,1024,1024,512,0.357,0.170,0.288,0.000,0.079,0.066
cube_d2_k155,4,15,512,512,256,0.205,0.081,0.193,0.000,0.048,0.046
cube_d2_k155,4,16,256,256,128,0.098,0.037,0.105,0.000,0.025,0.034
cube_d2_k155,4,17,128,128,64,0.075,0.014,0.060,0.000,0.020,0.014
cube_d2_k155,4,18,64,64,32,0.043,0.012,0.031,0.000,0.008,0.009
cube_d2_k155,4,19,32,32,16,0.026,0.005,0.015,0.000,0.005,0.004
cube_d2_k155,4,20,16,16,8,0.012,0.002,0.010,0.000,0.004,0.002
cube_d2_k155,4,21,8,8,4,0.007,0.002,0.007,0.000,0.003,0.001
cube_d2_k155,4,22,4,4,2,0.003,0.001,0.005,0.000,0.003,0.001
cube_d2_k155,4,23,2,0,0,0.002,0.001,0.000,,,
cube_d2_k155,4,0,310,22343250,7447750,3.981,8.134,1901.635,0.000,417.881,455.061
cube_d2_k155,4,1,7447750,7447750,3253446,2342.092,519.842,1154.640,0.000,207.873,200.149
cube_d2_k155,4,2,3253446,3253446,2097152,1024.942,228.040,499.035,0.000,76.484,133.050
cube_d2_k155,4,3,2097152,2097152,1048576,654.523,148.454,258.424,0.000,46.849,57.401
cube_d2_k155,4,4,1048576,1048576,524288,325.243,72.728,134.245,0.000,22.970,30.060
cube_d2_k155,4,5,524288,524288,262144,154.711,31.687,68.129,0.000,11.957,15.564
cube_d2_k155,4,6,262144,262144,131072,71.257,14.426,36.253,0.000,6.355,9.096
cube_d2_k155,4,7,131072,131072,65536,33.452,6.139,18.349,0.000,3.385,4.879
cube_d2_k155,4,8,65536,65536,32768,18.082,4.026,11.483,0.000,4.094,2.496
cube_d2_k155,4,9,32768,32768,16384,8.472,2.019,6.415,0.000,2.046,1.234
cube_d2_k155,4,10,16384,16384,8192,4.699,1.032,3.159,0.000,1.001,0.642
cube_d2_k155,4,11,8192,8192,4096,2.408,0.593,1.752,0.000,0.562,0.340
cube_d2_k155,4,12,4096,4096,2048,1.284,0.399,0.898,0.000,0.261,0.194
cube_d2_k155,4,13,2048,2048,1024,0.725,0.263,0.528,0.000,0.158,0.103
cube_d2_k155,4,14,1024,1024,512,0.368,0.177,0.290,0.000,0.078,0.064
cube_d2_k155,4,15,512,512,256,0.228,0.074,0.167,0.000,0.046,0.041
cube_d2_k155,4,16,256,256,128,0.107,0.037,0.109,0.000,0.027,0.030
cube_d2_k155,4,17,128,128,64,0.088,0.015,0.048,0.000,0.013,0.009
cube_d2_k155,4,18,64,64,32,0.048,0.005,0.034,0.000,0.008,0.011
cube_d2_k155,4,19,32,32,16,0.024,0.003,0.015,0.000,0.005,0.003
cube_d2_k155,4,20,16,16,8,0.012,0.002,0.011,0.000,0.004,0.003
cube_d2_k155,4,21,8,8,4,0.006,0.002,0.007,0.000,0.003,0.001
cube_d2_k155,4,22,4,4,2,0.003,0.001,0.005,0.000,0.003,0.001
cube_d2_k155,4,23,2,0,0,0.002,0.001,0.000,,,
cube_d2_k155,8,0,310,22343250,7447750,17.558,19.265,851.448,0.000,251.604,254.172
cube_d2_k155,8,1,7447750,7447750,3253446,812.919,172.536,531.593,0.000,97.336,109.376
cube_d2_k155,8,2,3253446,3253446,2097152,428.130,93.875,251.810,0.000,41.460,76.099
cube_d2_k155,8,3,2097152,2097152,1048576,292.172,64.876,135.042,0.000,24.564,33.270
cube_d2_k155,8,4,1048576,1048576,524288,145.178,35.573,69.730,0.000,12.528,17.825
cube_d2_k155,8,5,524288,524288,262144,72.361,16.287,36.878,0.000,6.557,9.989
cube_d2_k155,8,6,262144,262144,131072,34.953,7.494,18.445,0.000,3.639,5.019
cube_d2_k155,8,7,131072,131072,65536,17.636,4.021,10.126,0.000,2.264,2.507
cube_d2_k155,8,8,65536,65536,32768,8.942,1.903,7.081,0.000,3.353,1.284
cube_d2_k155,8,9,32768,32768,16384,4.545,0.985,3.853,0.000,1.723,0.673
cube_d2_k155,8,10,16384,16384,8192,2.986,0.601,2.011,0.000,0.878,0.366
cube_d2_k155,8,11,8192,8192,4096,1.620,0.467,1.176,0.000,0.424,0.212
cube_d2_k155,8,12,4096,4096,2048,0.893,0.233,0.645,0.000,0.253,0.111
cube_d2_k155,8,13,2048,2048,1024,0.491,0.143,0.367,0.000,0.137,0.069
cube_d2_k155,8,14,1024,1024,512,0.239,0.115,0.237,0.000,0.082,0.043
cube_d2_k155,8,15,512,512,256,0.134,0.057,0.133,0.000,0.039,0.040
cube_d2_k155,8,16,256,256,128,0.086,0.034,0.074,0.000,0.022,0.021
cube_d2_k155,8,17,128,128,64,0.051,0.020,0.048,0.000,0.014,0.013
cube_d2_k155,8,18,64,64,32,0.036,0.011,0.033,0.000,0.008,0.010
cube_d2_k155,8,19,32,32,16,0.022,0.005,0.019,0.000,0.006,0.005
cube_d2_k155,8,20,16,16,8,0.011,0.004,0.009,0.000,0.004,0.002
cube_d2_k155,8,21,8,8,4,0.007,0.002,0.007,0.000,0.004,0.001
cube_d2_k155,8,22,4,4,2,0.003,0.001,0.005,0.000,0.003,0.001
cube_d2_k155,8,23,2,0,0,0.002,0.001,0.000,,,
cube_d2_k155,8,0,310,22343250,7447750,2.459,4.863,930.220,0.000,217.720,254.525
cube_d2_k155,8,1,7447750,7447750,3253446,1037.742,223.285,547.821,0.000,107.249,109.583
cube_d2_k155,8,2,3253446,3253446,2097152,464.158,102.344,248.912,0.000,40.374,75.266
cube_d2_k155,8,3,2097152,2097152,1048576,298.331,68.040,135.214,0.000,24.479,34.189
cube_d2_k155,8,4,1048576,1048576,524288,146.881,34.255,68.434,0.000,12.571,17.743
cube_d2_k155,8,5,524288,524288,262144,77.015,16.982,35.636,0.000,6.672,9.162
cube_d2_k155,8,6,262144,262144,131072,35.495,7.233,18.364,0.000,3.407,5.088
cube_d2_k155,8,7,131072,131072,65536,18.189,3.898,10.091,0.000,2.269,2.456
cube_d2_k155,8,8,65536,65536,32768,8.898,1.886,7.085,0.000,3.346,1.309
cube_d2_k155,8,9,32768,32768,16384,4.293,1.118,3.859,0.000,1.731,0.670
cube_d2_k155,8,10,16384,16384,8192,2.950,0.570,2.036,0.000,0.878,0.369
cube_d2_k155,8,11,8192,8192,4096,1.425,0.454,1.173,0.000,0.441,0.198
cube_d2_k155,8,12,4096,4096,2048,0.849,0.223,0.647,0.000,0.244,0.118
cube_d2_k155,8,13,2048,2048,1024,0.440,0.159,0.368,0.000,0.126,0.069
cube_d2_k155,8,14,1024,1024,512,0.241,0.102,0.244,0.000,0.087,0.043
cube_d2_k155,8,15,512,512,256,0.122,0.063,0.140,0.000,0.040,0.040
cube_d2_k155,8,16,256,256,128,0.080,0.033,0.073,0.000,0.024,0.018
cube_d2_k155,8,17,128,128,64,0.052,0.021,0.054,0.000,0.019,0.013
cube_d2_k155,8,18,64,64,32,0.042,0.010,0.031,0.000,0.009,0.009
cube_d2_k155,8,19,32,32,16,0.021,0.005,0.020,0.000,0.005,0.006
cube_d2_k155,8,20,16,16,8,0.012,0.004,0.010,0.000,0.004,0.003
cube_d2_k155,8,21,8,8,4,0.007,0.002,0.007,0.000,0.004,0.001
cube_d2_k155,8,22,4,4,2,0.003,0.001,0.005,0.000,0.003,0.001
cube_d2_k155,8,23,2,0,0,0.002,0.001,0.000,,,
cube_d2_k155,8,0,310,22343250,7447750,2.461,4.909,906.122,0.000,218.428,257.232
cube_d2_k155,8,1,7447750,7447750,3253446,1055.515,230.122,551.777,0.000,107.821,108.771
cube_d2_k155,8,2,3253446,3253446,2097152,465.656,110.160,256.417,0.000,40.771,68.974
cube_d2_k155,8,3,2097152,2097152,1048576,330.550,71.448,135.755,0.000,24.695,30.190
cube_d2_k155,8,4,1048576,1048576,524288,158.091,35.147,70.921,0.000,12.940,17.179
cube_d2_k155,8,5,524288,524288,262144,75.188,15.226,38.038,0.000,6.900,9.743
cube_d2_k155,8,6,262144,262144,131072,36.757,7.573,19.718,0.000,3.718,5.295
cube_d2_k155,8,7,131072,131072,65536,19.623,4.024,10.633,0.000,2.302,2.730
cube_d2_k155,8,8,65536,65536,32768,9.488,1.990,8.014,0.000,3.685,1.411
cube_d2_k155,8,9,32768,32768,16384,4.939,1.162,4.285,0.000,1.860,0.738
cube_d2_k155,8,10,16384,16384,8192,2.894,0.785,2.208,0.000,0.867,0.396
cube_d2_k155,8,11,8192,8192,4096,1.486,0.496,1.368,0.000,0.521,0.227
cube_d2_k155,8,12,4096,4096,2048,0.917,0.273,0.715,0.000,0.249,0.134
cube_d2_k155,8,13,2048,2048,1024,0.471,0.151,0.430,0.000,0.162,0.077
cube_d2_k155,8,14,1024,1024,512,0.276,0.126,0.274,0.000,0.085,0.049
cube_d2_k155,8,15,512,512,256,0.137,0.068,0.172,0.000,0.049,0.050
cube_d2_k155,8,16,256,256,128,0.091,0.041,0.093,0.000,0.028,0.024
cube_d2_k155,8,17,128,128,64,0.060,0.024,0.056,0.000,0.014,0.016
cube_d2_k155,8,18,64,64,32,0.046,0.009,0.035,0.000,0.009,0.011
cube_d2_k155,8,19,32,32,16,0.022,0.005,0.022,0.000,0.006,0.006
cube_d2_k155,8,20,16,16,8,0.013,0.004,0.016,0.000,0.004,0.003
cube_d2_k155,8,21,8,8,4,0.007,0.002,0.007,0.000,0.003,0.001
cube_d2_k155,8,22,4,4,2,0.004,0.001,0.005,0.000,0.003,0.001
cube_d2_k155,8,23,2,0,0,0.002,0.001,0.000,,,
cube_d2_k155,8,0,310,22343250,7447750,2.281,5.061,1006.936,0.000,216.861,256.397
cube_d2_k155,8,1,7447750,7447750,3253446,1161.344,260.041,594.324,0.000,109.347,110.802
cube_d2_k155,8,2,3253446,3253446,2097152,511.271,116.215,263.725,0.000,41.115,73.085
cube_d2_k155,8,3,2097152,2097152,1048576,327.190,70.601,138.182,0.000,25.126,30.411
cube_d2_k155,8,4,1048576,1048576,524288,157.303,34.137,71.175,0.000,12.932,17.390
cube_d2_k155,8,5,524288,524288,262144,75.139,16.256,37.601,0.000,6.933,10.008
cube_d2_k155,8,6,262144,262144,131072,36.854,7.515,19.480,0.000,3.706,5.194
cube_d2_k155,8,7,131072,131072,65536,19.032,4.263,11.198,0.000,2.491,2.625
cube_d2_k155,8,8,65536,65536,32768,9.820,2.223,8.119,0.000,3.790,1.392
cube_d2_k155,8,9,32768,32768,16384,4.762,1.031,4.198,0.000,1.775,0.722
cube_d2_k155,8,10,16384,16384,8192,3.069,0.719,2.215,0.000,0.869,0.407
cube_d2_k155,8,11,8192,8192,4096,1.473,0.470,1.327,0.000,0.465,0.223
cube_d2_k155,8,12,4096,4096,2048,0.768,0.296,0.727,0.000,0.251,0.134
cube_d2_k155,8,13,2048,2048,1024,0.469,0.148,0.440,0.000,0.168,0.081
cube_d2_k155,8,14,1024,1024,512,0.247,0.117,0.266,0.000,0.084,0.052
cube_d2_k155,8,15,512,512,256,0.126,0.066,0.155,0.000,0.043,0.048
cube_d2_k155,8,16,256,256,128,0.087,0.038,0.084,0.000,0.024,0.020
cube_d2_k155,8,17,128,128,64,0.069,0.022,0.059,0.000,0.015,0.016
cube_d2_k155,8,18,64,64,32,0.034,0.015,0.038,0.000,0.009,0.011
cube_d2_k155,8,19,32,32,16,0.027,0.006,0.023,0.000,0.006,0.006
cube_d2_k155,8,20,16,16,8,0.013,0.004,0.021,0.000,0.004,0.003
cube_d2_k155,8,21,8,8,4,0.009,0.002,0.008,0.000,0.004,0.001
cube_d2_k155,8,22,4,4,2,0.004,0.001,0.005,0.000,0.003,0.001
cube_d2_k155,8,23,2,0,0,0.002,0.001,0.000,,,
cube_d2_k155,8,0,310,22343250,7447750,2.279,5.449,974.211,0.000,215.178,262.134
cube_d2_k155,8,1,7447750,7447750,3253446,1170.131,262.014,602.685,0.000,109.822,111.018
cube_d2_k155,8,2,3253446,3253446,2097152,515.240,117.211,261.148,0.000,40.838,71.473
cube_d2_k155,8,3,2097152,2097152,1048576,329.622,72.132,140.622,0.000,24.996,30.366
cube_d2_k155,8,4,1048576,1048576,524288,157.384,35.199,71.673,0.000,12.808,17.434
cube_d2_k155,8,5,524288,524288,262144,75.992,16.319,39.243,0.000,6.824,9.799
cube_d2_k155,8,6,262144,262144,131072,36.588,8.120,19.615,0.000,3.572,5.171
cube_d2_k155,8,7,131072,131072,65536,19.450,4.345,10.822,0.000,2.291,2.681
cube_d2_k155,8,8,65536,65536,32768,9.521,2.221,7.707,0.000,3.532,1.397
cube_d2_k155,8,9,32768,32768,16384,4.700,1.268,4.279,0.000,1.844,0.726
cube_d2_k155,8,10,16384,16384,8192,2.914,0.676,2.264,0.000,0.927,0.402
cube_d2_k155,8,11,8192,8192,4096,1.482,0.497,1.307,0.000,0.456,0.220
cube_d2_k155,8,12,4096,4096,2048,0.850,0.392,0.733,0.000,0.269,0.134
cube_d2_k155,8,13,2048,2048,1024,0.474,0.148,0.424,0.000,0.140,0.083
cube_d2_k155,8,14,1024,1024,512,0.266,0.108,0.257,0.000,0.082,0.051
cube_d2_k155,8,15,512,512,256,0.126,0.055,0.196,0.000,0.060,0.045
cube_d2_k155,8,16,256,256,128,0.089,0.033,0.087,0.000,0.025,0.024
cube_d2_k155,8,17,128,128,64,0.056,0.023,0.059,0.000,0.015,0.016
cube_d2_k155,8,18,64,64,32,0.036,0.012,0.036,0.000,0.009,0.012
cube_d2_k155,8,19,32,32,16,0.024,0.006,0.021,0.000,0.005,0.005
cube_d2_k155,8,20,16,16,8,0.012,0.004,0.015,0.000,0.004,0.003
cube_d2_k155,8,21,8,8,4,0.008,0.002,0.008,0.000,0.003,0.001
cube_d2_k155,8,22,4,4,2,0.004,0.001,0.005,0.000,0.003,0.001
cube_d2_k155,8,23,2,0,0,0.002,0.001,0.000,,,
cube_d2_k155,8,0,310,22343250,7447750,2.248,5.202,1016.742,0.000,215.684,261.320
cube_d2_k155,8,1,7447750,7447750,3253446,1173.816,263.158,597.693,0.000,109.406,110.902
cube_d2_k155,8,2,3253446,3253446,2097152,515.321,117.041,258.564,0.000,41.695,69.322
cube_d2_k155,8,3,2097152,2097152,1048576,329.758,71.902,138.741,0.000,25.162,30.205
cube_d2_k155,8,4,1048576,1048576,524288,159.904,33.862,71.914,0.000,12.698,17.521
cube_d2_k155,8,5,524288,524288,262144,74.760,15.960,38.606,0.000,6.761,10.108
cube_d2_k155,8,6,262144,262144,131072,37.540,7.542,19.596,0.000,3.591,5.249
cube_d2_k155,8,7,131072,131072,65536,19.964,4.210,10.816,0.000,2.289,2.664
cube_d2_k155,8,8,65536,65536,32768,9.641,2.131,7.917,0.000,3.809,1.359
cube_d2_k155,8,9,32768,32768,16384,4.737,1.177,4.384,0.000,1.899,0.743
cube_d2_k155,8,10,16384,16384,8192,2.985,0.602,2.198,0.000,0.873,0.405
cube_d2_k155,8,11,8192,8192,4096,1.598,0.483,1.336,0.000,0.473,0.226
cube_d2_k155,8,12,4096,4096,2048,0.770,0.307,0.749,0.000,0.271,0.128
cube_d2_k155,8,13,2048,2048,1024,0.470,0.159,0.409,0.000,0.143,0.078
cube_d2_k155,8,14,1024,1024,512,0.276,0.099,0.266,0.000,0.091,0.047
cube_d2_k155,8,15,512,512,256,0.138,0.063,0.159,0.000,0.056,0.043
cube_d2_k155,8,16,256,256,128,0.087,0.038,0.091,0.000,0.023,0.020
cube_d2_k155,8,17,128,128,64,0.076,0.023,0.054,0.000,0.014,0.015
cube_d2_k155,8,18,64,64,32,0.039,0.011,0.035,0.000,0.009,0.011
cube_d2_k155,8,19,32,32,16,0.024,0.005,0.023,0.000,0.006,0.007
cube_d2_k155,8,20,16,16,8,0.013,0.004,0.016,0.000,0.004,0.004
cube_d2_k155,8,21,8,8,4,0.008,0.003,0.007,0.000,0.003,0.001
cube_d2_k155,8,22,4,4,2,0.004,0.001,0.005,0.000,0.003,0.001
cube_d2_k155,8,23,2,0,0,0.002,0.001,0.000,,,
cube_d2_k155,16,0,310,22343250,7447750,19.293,21.644,469.525,0.000,151.983,131.604
cube_d2_k155,16,1,7447750,7447750,3253446,428.771,96.019,285.925,0.000,56.014,57.430
cube_d2_k155,16,2,3253446,3253446,2097152,230.811,50.878,136.969,0.000,23.243,39.112
cube_d2_k155,16,3,2097152,2097152,1048576,152.309,36.282,75.155,0.000,13.356,18.530
cube_d2_k155,16,4,1048576,1048576,524288,75.056,18.032,40.305,0.000,7.109,11.211
cube_d2_k155,16,5,524288,524288,262144,37.606,9.004,19.821,0.000,4.001,5.548
cube_d2_k155,16,6,262144,262144,131072,18.487,4.457,9.927,0.000,2.079,2.657
cube_d2_k155,16,7,131072,131072,65536,9.342,2.292,5.437,0.000,1.194,1.408
cube_d2_k155,16,8,65536,65536,32768,4.943,1.123,5.762,0.000,3.539,0.737
cube_d2_k155,16,9,32768,32768,16384,2.491,0.628,2.862,0.000,1.591,0.407
cube_d2_k155,16,10,16384,16384,8192,2.189,0.373,1.528,0.000,0.796,0.240
cube_d2_k155,16,11,8192,8192,4096,1.046,0.356,0.977,0.000,0.425,0.138
cube_d2_k155,16,12,4096,4096,2048,0.668,0.191,0.544,0.000,0.240,0.087
cube_d2_k155,16,13,2048,2048,1024,0.316,0.152,0.319,0.000,0.132,0.055
cube_d2_k155,16,14,1024,1024,512,0.227,0.068,0.221,0.000,0.104,0.038
cube_d2_k155,16,15,512,512,256,0.102,0.052,0.145,0.000,0.037,0.054
cube_d2_k155,16,16,256,256,128,0.065,0.032,0.077,0.000,0.023,0.021
cube_d2_k155,16,17,128,128,64,0.047,0.023,0.049,0.000,0.015,0.014
cube_d2_k155,16,18,64,64,32,0.034,0.016,0.032,0.000,0.009,0.010
cube_d2_k155,16,19,32,32,16,0.017,0.009,0.020,0.000,0.005,0.005
cube_d2_k155,16,20,16,16,8,0.014,0.005,0.010,0.000,0.004,0.002
cube_d2_k155,16,21,8,8,4,0.011,0.003,0.007,0.000,0.004,0.001
cube_d2_k155,16,22,4,4,2,0.003,0.001,0.005,0.000,0.003,0.001
cube_d2_k155,16,23,2,0,0,0.002,0.001,0.000,,,
cube_d2_k155,16,0,310,22343250,7447750,1.944,4.013,498.753,0.000,116.817,131.296
cube_d2_k155,16,1,7447750,7447750,3253446,526.430,118.232,289.300,0.000,57.781,58.856
cube_d2_k155,16,2,3253446,3253446,2097152,235.531,53.045,131.307,0.000,22.011,38.478
cube_d2_k155,16,3,2097152,2097152,1048576,151.873,34.387,70.832,0.000,13.333,18.395
cube_d2_k155,16,4,1048576,1048576,524288,82.571,17.038,39.222,0.000,7.070,10.300
cube_d2_k155,16,5,524288,524288,262144,40.774,8.353,20.499,0.000,3.867,5.730
cube_d2_k155,16,6,262144,262144,131072,18.073,4.343,10.419,0.000,2.104,2.704
cube_d2_k155,16,7,131072,131072,65536,9.085,2.269,5.280,0.000,1.208,1.385
cube_d2_k155,16,8,65536,65536,32768,4.695,1.102,5.546,0.000,3.332,0.755
cube_d2_k155,16,9,32768,32768,16384,2.425,0.628,2.918,0.000,1.640,0.412
cube_d2_k155,16,10,16384,16384,8192,2.109,0.375,1.519,0.000,0.781,0.242
cube_d2_k155,16,11,8192,8192,4096,1.058,0.359,0.991,0.000,0.434,0.149
cube_d2_k155,16,12,4096,4096,2048,0.572,0.192,0.538,0.000,0.228,0.084
cube_d2_k155,16,13,2048,2048,1024,0.320,0.145,0.329,0.000,0.115,0.054
cube_d2_k155,16,14,1024,1024,512,0.217,0.071,0.211,0.000,0.094,0.036
cube_d2_k155,16,15,512,512,256,0.100,0.051,0.118,0.000,0.037,0.029
cube_d2_k155,16,16,256,256,128,0.082,0.031,0.075,0.000,0.022,0.020
cube_d2_k155,16,17,128,128,64,0.046,0.024,0.053,0.000,0.016,0.016
cube_d2_k155,16,18,64,64,32,0.032,0.013,0.035,0.000,0.008,0.011
cube_d2_k155,16,19,32,32,16,0.017,0.010,0.021,0.000,0.006,0.006
cube_d2_k155,16,20,16,16,8,0.013,0.005,0.010,0.000,0.004,0.003
cube_d2_k155,16,21,8,8,4,0.008,0.003,0.007,0.000,0.004,0.001
cube_d2_k155,16,22,4,4,2,0.004,0.001,0.004,0.000,0.003,0.001
cube_d2_k155,16,23,2,0,0,0.002,0.001,0.000,,,
cube_d2_k155,16,0,310,22343250,7447750,1.969,3.804,474.330,0.000,116.447,126.700
cube_d2_k155,16,1,7447750,7447750,3253446,535.813,119.483,289.111,0.000,58.431,57.392
cube_d2_k155,16,2,3253446,3253446,2097152,241.338,55.358,133.852,0.000,21.796,37.428
cube_d2_k155,16,3,2097152,2097152,1048576,157.788,35.037,72.385,0.000,13.615,17.927
cube_d2_k155,16,4,1048576,1048576,524288,80.072,18.526,40.038,0.000,7.199,10.528
cube_d2_k155,16,5,524288,524288,262144,41.625,9.838,21.707,0.000,4.077,5.466
cube_d2_k155,16,6,262144,262144,131072,20.961,4.222,10.561,0.000,2.169,2.757
cube_d2_k155,16,7,131072,131072,65536,9.490,2.433,5.525,0.000,1.309,1.393
cube_d2_k155,16,8,65536,65536,32768,4.705,1.118,5.703,0.000,3.370,0.757
cube_d2_k155,16,9,32768,32768,16384,2.517,0.623,3.006,0.000,1.665,0.423
cube_d2_k155,16,10,16384,16384,8192,1.745,0.405,1.664,0.000,0.885,0.249
cube_d2_k155,16,11,8192,8192,4096,1.155,0.367,1.013,0.000,0.444,0.143
cube_d2_k155,16,12,4096,4096,2048,0.617,0.190,0.578,0.000,0.224,0.088
cube_d2_k155,16,13,2048,2048,1024,0.334,0.140,0.566,0.000,0.140,0.068
cube_d2_k155,16,14,1024,1024,512,0.251,0.090,0.253,0.000,0.088,0.041
cube_d2_k155,16,15,512,512,256,0.105,0.058,0.142,0.000,0.039,0.032
cube_d2_k155,16,16,256,256,128,0.082,0.037,0.104,0.000,0.028,0.024
cube_d2_k155,16,17,128,128,64,0.056,0.024,0.060,0.000,0.016,0.018
cube_d2_k155,16,18,64,64,32,0.037,0.017,0.044,0.000,0.010,0.014
cube_d2_k155,16,19,32,32,16,0.023,0.010,0.030,0.000,0.006,0.010
cube_d2_k155,16,20,16,16,8,0.017,0.005,0.018,0.000,0.004,0.003
cube_d2_k155,16,21,8,8,4,0.012,0.003,0.008,0.000,0.004,0.001
cube_d2_k155,16,22,4,4,2,0.004,0.001,0.005,0.000,0.003,0.001
cube_d2_k155,16,23,2,0,0,0.002,0.001,0.000,,,
cube_d2_k155,16,0,310,22343250,7447750,1.805,4.261,522.625,0.000,116.901,132.394
cube_d2_k155,16,1,7447750,7447750,3253446,566.869,128.399,303.834,0.000,59.669,55.367
cube_d2_k155,16,2,3253446,3253446,2097152,245.640,57.047,136.103,0.000,22.117,38.662
cube_d2_k155,16,3,2097152,2097152,1048576,157.519,35.171,72.353,0.000,13.351,17.911
cube_d2_k155,16,4,1048576,1048576,524288,82.898,17.718,39.276,0.000,7.124,10.559
cube_d2_k155,16,5,524288,524288,262144,37.511,8.595,21.490,0.000,3.954,5.964
cube_d2_k155,16,6,262144,262144,131072,19.044,4.454,10.635,0.000,2.221,2.740
cube_d2_k155,16,7,131072,131072,65536,9.378,2.040,5.650,0.000,1.278,1.406
cube_d2_k155,16,8,65536,65536,32768,4.772,1.156,5.741,0.000,3.469,0.751
cube_d2_k155,16,9,32768,32768,16384,2.486,0.634,2.989,0.000,1.664,0.421
cube_d2_k155,16,10,16384,16384,8192,1.767,0.390,1.574,0.000,0.802,0.252
cube_d2_k155,16,11,8192,8192,4096,0.957,0.369,0.996,0.000,0.428,0.143
cube_d2_k155,16,12,4096,4096,2048,0.629,0.197,0.552,0.000,0.234,0.087
cube_d2_k155,16,13,2048,2048,1024,0.299,0.151,0.313,0.000,0.115,0.061
cube_d2_k155,16,14,1024,1024,512,0.221,0.065,0.226,0.000,0.101,0.041
cube_d2_k155,16,15,512,512,256,0.099,0.050,0.119,0.000,0.037,0.028
cube_d2_k155,16,16,256,256,128,0.088,0.030,0.087,0.000,0.027,0.022
cube_d2_k155,16,17,128,128,64,0.046,0.026,0.053,0.000,0.015,0.016
cube_d2_k155,16,18,64,64,32,0.033,0.014,0.038,0.000,0.009,0.012
cube_d2_k155,16,19,32,32,16,0.019,0.007,0.026,0.000,0.005,0.009
cube_d2_k155,16,20,16,16,8,0.013,0.004,0.015,0.000,0.004,0.003
cube_d2_k155,16,21,8,8,4,0.009,0.002,0.007,0.000,0.003,0.002
cube_d2_k155,16,22,4,4,2,0.004,0.001,0.005,0.000,0.003,0.001
cube_d2_k155,16,23,2,0,0,0.002,0.001,0.000,,,
cube_d2_k155,16,0,310,22343250,7447750,1.813,4.150,504.991,0.000,117.134,125.528
cube_d2_k155,16,1,7447750,7447750,3253446,563.642,128.985,309.140,0.000,61.741,54.473
cube_d2_k155,16,2,3253446,3253446,2097152,250.472,57.092,136.291,0.000,22.837,37.098
cube_d2_k155,16,3,2097152,2097152,1048576,161.351,35.313,75.986,0.000,13.756,17.902
cube_d2_k155,16,4,1048576,1048576,524288,85.689,18.614,40.477,0.000,7.298,10.481
cube_d2_k155,16,5,524288,524288,262144,37.882,8.781,21.619,0.000,4.481,5.477
cube_d2_k155,16,6,262144,262144,131072,21.037,4.444,10.661,0.000,2.184,2.756
cube_d2_k155,16,7,131072,131072,65536,9.393,2.125,5.719,0.000,1.250,1.399
cube_d2_k155,16,8,65536,65536,32768,4.772,1.161,5.879,0.000,3.509,0.762
cube_d2_k155,16,9,32768,32768,16384,2.480,0.656,2.960,0.000,1.622,0.424
cube_d2_k155,16,10,16384,16384,8192,2.280,0.392,1.607,0.000,0.815,0.252
cube_d2_k155,16,11,8192,8192,4096,0.970,0.365,1.006,0.000,0.434,0.141
cube_d2_k155,16,12,4096,4096,2048,0.651,0.205,0.545,0.000,0.221,0.093
cube_d2_k155,16,13,2048,2048,1024,0.290,0.155,0.321,0.000,0.118,0.058
cube_d2_k155,16,14,1024,1024,512,0.236,0.083,0.221,0.000,0.089,0.043
cube_d2_k155,16,15,512,512,256,0.098,0.059,0.124,0.000,0.037,0.031
cube_d2_k155,16,16,256,256,128,0.083,0.033,0.087,0.000,0.027,0.022
cube_d2_k155,16,17,128,128,64,0.044,0.026,0.053,0.000,0.015,0.014
cube_d2_k155,16,18,64,64,32,0.030,0.016,0.035,0.000,0.009,0.011
cube_d2_k155,16,19,32,32,16,0.018,0.010,0.027,0.000,0.006,0.009
cube_d2_k155,16,20,16,16,8,0.014,0.004,0.016,0.000,0.004,0.003
cube_d2_k155,16,21,8,8,4,0.009,0.003,0.007,0.000,0.003,0.001
cube_d2_k155,16,22,4,4,2,0.004,0.001,0.005,0.000,0.003,0.001
cube_d2_k155,16,23,2,0,0,0.002,0.001,0.000,,,
cube_d2_k155,16,0,310,22343250,7447750,1.847,4.735,532.620,0.000,120.319,128.374
cube_d2_k155,16,1,7447750,7447750,3253446,564.770,129.187,307.477,0.000,59.719,55.159
cube_d2_k155,16,2,3253446,3253446,2097152,249.930,56.843,139.458,0.000,22.158,38.055
cube_d2_k155,16,3,2097152,2097152,1048576,157.368,35.571,74.461,0.000,13.455,17.987
cube_d2_k155,16,4,1048576,1048576,524288,81.023,18.589,39.178,0.000,7.201,10.548
cube_d2_k155,16,5,524288,524288,262144,37.593,9.989,21.242,0.000,4.007,5.505
cube_d2_k155,16,6,262144,262144,131072,20.864,4.677,10.623,0.000,2.287,2.699
cube_d2_k155,16,7,131072,131072,65536,9.623,2.157,5.584,0.000,1.308,1.414
cube_d2_k155,16,8,65536,65536,32768,4.881,1.141,5.779,0.000,3.449,0.758
cube_d2_k155,16,9,32768,32768,16384,2.463,0.655,3.026,0.000,1.691,0.421
cube_d2_k155,16,10,16384,16384,8192,1.982,0.436,1.746,0.000,0.899,0.263
cube_d2_k155,16,11,8192,8192,4096,1.049,0.387,1.079,0.000,0.446,0.161
cube_d2_k155,16,12,4096,4096,2048,0.566,0.204,0.574,0.000,0.230,0.096
cube_d2_k155,16,13,2048,2048,1024,0.351,0.155,0.354,0.000,0.139,0.059
cube_d2_k155,16,14,1024,1024,512,0.227,0.074,0.228,0.000,0.086,0.048
cube_d2_k155,16,15,512,512,256,0.106,0.057,0.133,0.000,0.037,0.032
cube_d2_k155,16,16,256,256,128,0.072,0.036,0.090,0.000,0.027,0.024
cube_d2_k155,16,17,128,128,64,0.051,0.027,0.059,0.000,0.016,0.017
cube_d2_k155,16,18,64,64,32,0.034,0.017,0.043,0.000,0.008,0.011
cube_d2_k155,16,19,32,32,16,0.021,0.009,0.032,0.000,0.006,0.011
cube_d2_k155,16,20,16,16,8,0.016,0.004,0.016,0.000,0.004,0.003
cube_d2_k155,16,21,8,8,4,0.010,0.003,0.008,0.000,0.003,0.001
cube_d2_k155,16,22,4,4,2,0.004,0.001,0.005,0.000,0.003,0.001
cube_d2_k155,16,23,2,0,0,0.002,0.001,0.000,,,
cube_d2_k155,32,0,310,22343250,7447750,19.244,19.237,292.256,0.000,115.587,68.209
cube_d2_k155,32,1,7447750,7447750,3253446,224.876,57.385,169.520,0.000,38.781,31.812
cube_d2_k155,32,2,3253446,3253446,2097152,126.318,30.340,80.753,0.000,18.279,19.102
cube_d2_k155,32,3,2097152,2097152,1048576,82.408,20.951,42.590,0.000,8.486,9.589
cube_d2_k155,32,4,1048576,1048576,524288,44.280,12.731,25.402,0.000,4.928,7.350
cube_d2_k155,32,5,524288,524288,262144,23.075,5.746,13.481,0.000,2.815,4.290
cube_d2_k155,32,6,262144,262144,131072,11.331,2.578,6.401,0.000,1.524,1.505
cube_d2_k155,32,7,131072,131072,65536,5.443,1.313,3.303,0.000,0.797,0.827
cube_d2_k155,32,8,65536,65536,32768,2.772,0.749,4.762,0.000,3.315,0.458
cube_d2_k155,32,9,32768,32768,16384,1.446,0.443,2.439,0.000,1.587,0.267
cube_d2_k155,32,10,16384,16384,8192,1.416,0.288,1.575,0.000,1.025,0.171
cube_d2_k155,32,11,8192,8192,4096,1.204,0.340,0.956,0.000,0.448,0.137
cube_d2_k155,32,12,4096,4096,2048,0.608,0.227,0.535,0.000,0.254,0.072
cube_d2_k155,32,13,2048,2048,1024,0.370,0.140,0.345,0.000,0.158,0.054
cube_d2_k155,32,14,1024,1024,512,0.156,0.075,0.191,0.000,0.069,0.039
cube_d2_k155,32,15,512,512,256,0.117,0.056,0.137,0.000,0.039,0.033
cube_d2_k155,32,16,256,256,128,0.060,0.037,0.088,0.000,0.029,0.021
cube_d2_k155,32,17,128,128,64,0.045,0.026,0.057,0.000,0.015,0.017
cube_d2_k155,32,18,64,64,32,0.034,0.017,0.037,0.000,0.010,0.011
cube_d2_k155,32,19,32,32,16,0.021,0.009,0.026,0.000,0.007,0.008
cube_d2_k155,32,20,16,16,8,0.013,0.004,0.014,0.000,0.005,0.003
cube_d2_k155,32,21,8,8,4,0.011,0.003,0.008,0.000,0.004,0.001
cube_d2_k155,32,22,4,4,2,0.004,0.001,0.005,0.000,0.003,0.001
cube_d2_k155,32,23,2,0,0,0.002,0.001,0.000,,,
cube_d2_k155,32,0,310,22343250,7447750,1.959,4.782,294.797,0.000,75.750,67.004
cube_d2_k155,32,1,7447750,7447750,3253446,267.612,63.920,168.959,0.000,36.350,29.128
cube_d2_k155,32,2,3253446,3253446,2097152,131.965,29.692,76.691,0.000,13.918,19.161
cube_d2_k155,32,3,2097152,2097152,1048576,84.848,20.122,42.356,0.000,8.801,9.712
cube_d2_k155,32,4,1048576,1048576,524288,53.100,10.150,23.052,0.000,4.981,5.681
cube_d2_k155,32,5,524288,524288,262144,23.812,5.037,12.811,0.000,2.755,3.013
cube_d2_k155,32,6,262144,262144,131072,11.322,2.595,6.592,0.000,1.463,1.543
cube_d2_k155,32,7,131072,131072,65536,5.459,1.551,3.360,0.000,0.811,0.818
cube_d2_k155,32,8,65536,65536,32768,2.764,0.786,5.001,0.000,3.500,0.472
cube_d2_k155,32,9,32768,32768,16384,1.464,0.462,2.607,0.000,1.700,0.290
cube_d2_k155,32,10,16384,16384,8192,1.352,0.328,1.354,0.000,0.809,0.174
cube_d2_k155,32,11,8192,8192,4096,0.836,0.328,0.884,0.000,0.426,0.109
cube_d2_k155,32,12,4096,4096,2048,0.789,0.218,0.536,0.000,0.249,0.081
cube_d2_k155,32,13,2048,2048,1024,0.334,0.132,0.341,0.000,0.164,0.051
cube_d2_k155,32,14,1024,1024,512,0.154,0.075,0.205,0.000,0.075,0.045
cube_d2_k155,32,15,512,512,256,0.102,0.053,0.144,0.000,0.041,0.041
cube_d2_k155,32,16,256,256,128,0.071,0.041,0.094,0.000,0.028,0.026
cube_d2_k155,32,17,128,128,64,0.049,0.030,0.060,0.000,0.017,0.016
cube_d2_k155,32,18,64,64,32,0.232,0.020,0.039,0.000,0.009,0.013
cube_d2_k155,32,19,32,32,16,0.022,0.011,0.032,0.000,0.007,0.010
cube_d2_k155,32,20,16,16,8,0.018,0.005,0.020,0.000,0.005,0.004
cube_d2_k155,32,21,8,8,4,0.013,0.003,0.007,0.000,0.003,0.001
cube_d2_k155,32,22,4,4,2,0.004,0.001,0.005,0.000,0.003,0.001
cube_d2_k155,32,23,2,0,0,0.002,0.001,0.000,,,
cube_d2_k155,32,0,310,22343250,7447750,2.086,5.065,291.200,0.000,79.269,68.162
cube_d2_k155,32,1,7447750,7447750,3253446,276.380,67.152,167.543,0.000,36.824,28.810
cube_d2_k155,32,2,3253446,3253446,2097152,135.637,31.721,78.104,0.000,14.071,20.003
cube_d2_k155,32,3,2097152,2097152,1048576,85.381,20.260,42.281,0.000,8.856,9.773
cube_d2_k155,32,4,1048576,1048576,524288,52.734,10.373,23.282,0.000,5.006,5.714
cube_d2_k155,32,5,524288,524288,262144,24.160,5.161,13.065,0.000,2.833,3.052
cube_d2_k155,32,6,262144,262144,131072,11.495,3.038,6.624,0.000,1.529,1.542
cube_d2_k155,32,7,131072,131072,65536,5.495,1.357,3.418,0.000,0.829,0.831
cube_d2_k155,32,8,65536,65536,32768,2.851,0.783,4.973,0.000,3.468,0.479
cube_d2_k155,32,9,32768,32768,16384,1.484,0.482,2.499,0.000,1.589,0.290
cube_d2_k155,32,10,16384,16384,8192,1.377,0.339,1.358,0.000,0.811,0.174
cube_d2_k155,32,11,8192,8192,4096,0.831,0.338,0.890,0.000,0.433,0.112
cube_d2_k155,32,12,4096,4096,2048,0.569,0.213,0.521,0.000,0.253,0.074
cube_d2_k155,32,13,2048,2048,1024,0.314,0.103,0.307,0.000,0.135,0.051
cube_d2_k155,32,14,1024,1024,512,0.362,0.078,0.200,0.000,0.065,0.044
cube_d2_k155,32,15,512,512,256,0.103,0.056,0.150,0.000,0.042,0.033
cube_d2_k155,32,16,256,256,128,0.074,0.041,0.093,0.000,0.029,0.027
cube_d2_k155,32,17,128,128,64,0.055,0.034,0.063,0.000,0.018,0.017
cube_d2_k155,32,18,64,64,32,0.036,0.022,0.040,0.000,0.009,0.012
cube_d2_k155,32,19,32,32,16,0.023,0.011,0.031,0.000,0.006,0.010
cube_d2_k155,32,20,16,16,8,0.015,0.004,0.015,0.000,0.004,0.003
cube_d2_k155,32,21,8,8,4,0.011,0.003,0.008,0.000,0.003,0.001
cube_d2_k155,32,22,4,4,2,0.004,0.001,0.005,0.000,0.003,0.001
cube_d2_k155,32,23,2,0,0,0.002,0.001,0.000,,,
cube_d2_k155,32,0,310,22343250,7447750,1.988,4.753,302.036,0.000,78.292,67.837
cube_d2_k155,32,1,7447750,7447750,3253446,279.911,67.610,168.472,0.000,37.184,28.926
cube_d2_k155,32,2,3253446,3253446,2097152,136.246,33.006,80.398,0.000,15.401,21.111
cube_d2_k155,32,3,2097152,2097152,1048576,86.903,19.288,43.019,0.000,8.805,9.959
cube_d2_k155,32,4,1048576,1048576,524288,54.108,10.457,23.267,0.000,4.948,5.718
cube_d2_k155,32,5,524288,524288,262144,24.464,5.204,12.917,0.000,2.780,2.990
cube_d2_k155,32,6,262144,262144,131072,11.791,2.869,6.393,0.000,1.571,1.558
cube_d2_k155,32,7,131072,131072,65536,5.708,1.546,3.663,0.000,0.905,0.831
cube_d2_k155,32,8,65536,65536,32768,2.835,0.781,4.857,0.000,3.314,0.491
cube_d2_k155,32,9,32768,32768,16384,1.534,0.492,2.725,0.000,1.803,0.287
cube_d2_k155,32,10,16384,16384,8192,1.843,0.345,1.389,0.000,0.804,0.184
cube_d2_k155,32,11,8192,8192,4096,0.818,0.337,0.909,0.000,0.445,0.113
cube_d2_k155,32,12,4096,4096,2048,0.526,0.216,0.548,0.000,0.269,0.076
cube_d2_k155,32,13,2048,2048,1024,0.318,0.131,0.335,0.000,0.155,0.054
cube_d2_k155,32,14,1024,1024,512,0.346,0.068,0.201,0.000,0.068,0.045
cube_d2_k155,32,15,512,512,256,0.109,0.067,0.140,0.000,0.042,0.035
cube_d2_k155,32,16,256,256,128,0.074,0.044,0.113,0.000,0.031,0.035
cube_d2_k155,32,17,128,128,64,0.058,0.032,0.062,0.000,0.017,0.017
cube_d2_k155,32,18,64,64,32,0.038,0.018,0.039,0.000,0.009,0.010
cube_d2_k155,32,19,32,32,16,0.025,0.010,0.032,0.000,0.006,0.010
cube_d2_k155,32,20,16,16,8,0.017,0.004,0.016,0.000,0.004,0.003
cube_d2_k155,32,21,8,8,4,0.009,0.003,0.008,0.000,0.004,0.001
cube_d2_k155,32,22,4,4,2,0.004,0.001,0.005,0.000,0.003,0.001
cube_d2_k155,32,23,2,0,0,0.002,0.001,0.000,,,
cube_d2_k155,32,0,310,22343250,7447750,1.950,4.872,294.268,0.000,80.933,67.309
cube_d2_k155,32,1,7447750,7447750,3253446,280.248,67.252,167.586,0.000,36.806,28.742
cube_d2_k155,32,2,3253446,3253446,2097152,136.340,32.389,78.189,0.000,13.716,20.554
cube_d2_k155,32,3,2097152,2097152,1048576,88.244,20.941,43.251,0.000,8.840,10.043
cube_d2_k155,32,4,1048576,1048576,524288,53.670,11.949,24.759,0.000,5.020,5.751
cube_d2_k155,32,5,524288,524288,262144,27.254,6.178,13.002,0.000,2.702,3.058
cube_d2_k155,32,6,262144,262144,131072,11.912,2.990,6.742,0.000,1.557,1.564
cube_d2_k155,32,7,131072,131072,65536,5.767,1.584,3.758,0.000,0.929,0.872
cube_d2_k155,32,8,65536,65536,32768,2.891,0.809,4.967,0.000,3.415,0.492
cube_d2_k155,32,9,32768,32768,16384,1.541,0.518,2.594,0.000,1.652,0.292
cube_d2_k155,32,10,16384,16384,8192,1.891,0.358,1.472,0.000,0.885,0.192
cube_d2_k155,32,11,8192,8192,4096,1.072,0.343,0.938,0.000,0.462,0.127
cube_d2_k155,32,12,4096,4096,2048,0.570,0.235,0.628,0.000,0.336,0.083
cube_d2_k155,32,13,2048,2048,1024,0.327,0.126,0.358,0.000,0.158,0.061
cube_d2_k155,32,14,1024,1024,512,0.167,0.072,0.217,0.000,0.071,0.047
cube_d2_k155,32,15,512,512,256,0.317,0.062,0.161,0.000,0.046,0.043
cube_d2_k155,32,16,256,256,128,0.085,0.051,0.136,0.000,0.036,0.033
cube_d2_k155,32,17,128,128,64,0.066,0.039,0.072,0.000,0.018,0.022
cube_d2_k155,32,18,64,64,32,0.045,0.029,0.050,0.000,0.010,0.012
cube_d2_k155,32,19,32,32,16,0.025,0.011,0.035,0.000,0.006,0.011
cube_d2_k155,32,20,16,16,8,0.015,0.004,0.024,0.000,0.005,0.004
cube_d2_k155,32,21,8,8,4,0.017,0.003,0.008,0.000,0.004,0.002
cube_d2_k155,32,22,4,4,2,0.004,0.001,0.005,0.000,0.003,0.001
cube_d2_k155,32,23,2,0,0,0.002,0.001,0.000,,,
cube_d2_k155,32,0,310,22343250,7447750,1.936,4.877,305.321,0.000,81.771,66.975
cube_d2_k155,32,1,7447750,7447750,3253446,280.080,66.653,168.703,0.000,36.438,28.462
cube_d2_k155,32,2,3253446,3253446,2097152,138.281,31.783,79.635,0.000,13.935,21.276
cube_d2_k155,32,3,2097152,2097152,1048576,87.623,20.610,43.494,0.000,8.978,10.282
cube_d2_k155,32,4,1048576,1048576,524288,55.698,11.546,23.665,0.000,5.016,5.784
cube_d2_k155,32,5,524288,524288,262144,22.983,6.064,12.831,0.000,2.751,3.040
cube_d2_k155,32,6,262144,262144,131072,11.898,3.035,6.679,0.000,1.552,1.570
cube_d2_k155,32,7,131072,131072,65536,5.665,1.428,3.560,0.000,0.908,0.862
cube_d2_k155,32,8,65536,65536,32768,2.903,0.820,5.047,0.000,3.461,0.512
cube_d2_k155,32,9,32768,32768,16384,1.558,0.513,2.656,0.000,1.679,0.306
cube_d2_k155,32,10,16384,16384,8192,2.019,0.364,1.404,0.000,0.818,0.194
cube_d2_k155,32,11,8192,8192,4096,0.840,0.356,0.933,0.000,0.454,0.126
cube_d2_k155,32,12,4096,4096,2048,0.564,0.215,0.549,0.000,0.259,0.080
cube_d2_k155,32,13,2048,2048,1024,0.298,0.135,0.353,0.000,0.157,0.059
cube_d2_k155,32,14,1024,1024,512,0.388,0.086,0.224,0.000,0.077,0.050
cube_d2_k155,32,15,512,512,256,0.110,0.058,0.164,0.000,0.048,0.041
cube_d2_k155,32,16,256,256,128,0.278,0.049,0.122,0.000,0.045,0.029
cube_d2_k155,32,17,128,128,64,0.057,0.043,0.076,0.000,0.018,0.023
cube_d2_k155,32,18,64,64,32,0.044,0.025,0.047,0.000,0.010,0.013
cube_d2_k155,32,19,32,32,16,0.027,0.013,0.034,0.000,0.006,0.010
cube_d2_k155,32,20,16,16,8,0.020,0.004,0.024,0.000,0.005,0.004
cube_d2_k155,32,21,8,8,4,0.017,0.002,0.008,0.000,0.004,0.001
cube_d2_k155,32,22,4,4,2,0.004,0.001,0.006,0.000,0.003,0.001
cube_d2_k155,32,23,2,0,0,0.002,0.001,0.000,,,
cube_d2_k155,64,0,310,22343250,7447750,20.655,19.510,246.829,0.000,116.904,40.121
cube_d2_k155,64,1,7447750,7447750,3253446,133.201,35.258,115.204,0.000,33.704,20.182
cube_d2_k155,64,2,3253446,3253446,2097152,71.862,18.805,59.525,0.000,19.534,12.527
cube_d2_k155,64,3,2097152,2097152,1048576,43.658,14.384,29.503,0.000,6.565,5.460
cube_d2_k155,64,4,1048576,1048576,524288,30.557,14.579,23.253,0.000,4.217,6.996
cube_d2_k155,64,5,524288,524288,262144,19.401,7.587,18.048,0.000,2.473,10.117
cube_d2_k155,64,6,262144,262144,131072,7.648,1.933,4.880,0.000,1.437,0.927
cube_d2_k155,64,7,131072,131072,65536,3.389,0.971,2.588,0.000,0.814,0.525
cube_d2_k155,64,8,65536,65536,32768,1.710,0.598,4.290,0.000,3.236,0.310
cube_d2_k155,64,9,32768,32768,16384,0.959,0.353,2.205,0.000,1.597,0.195
cube_d2_k155,64,10,16384,16384,8192,2.018,0.257,1.176,0.000,0.768,0.142
cube_d2_k155,64,11,8192,8192,4096,1.156,0.326,0.933,0.000,0.513,0.123
cube_d2_k155,64,12,4096,4096,2048,0.697,0.181,0.495,0.000,0.248,0.061
cube_d2_k155,64,13,2048,2048,1024,0.363,0.113,0.315,0.000,0.135,0.057
cube_d2_k155,64,14,1024,1024,512,0.196,0.067,0.194,0.000,0.069,0.037
cube_d2_k155,64,15,512,512,256,0.112,0.068,0.140,0.000,0.040,0.039
cube_d2_k155,64,16,256,256,128,0.082,0.044,0.091,0.000,0.029,0.026
cube_d2_k155,64,17,128,128,64,0.052,0.031,0.062,0.000,0.018,0.016
cube_d2_k155,64,18,64,64,32,0.030,0.018,0.038,0.000,0.009,0.011
cube_d2_k155,64,19,32,32,16,0.021,0.007,0.027,0.000,0.006,0.006
cube_d2_k155,64,20,16,16,8,0.013,0.004,0.010,0.000,0.004,0.002
cube_d2_k155,64,21,8,8,4,0.014,0.003,0.007,0.000,0.004,0.001
cube_d2_k155,64,22,4,4,2,0.003,0.001,0.005,0.000,0.003,0.001
cube_d2_k155,64,23,2,0,0,0.002,0.001,0.000,,,
cube_d2_k155,64,0,310,22343250,7447750,1.775,4.247,202.668,0.000,56.962,36.998
cube_d2_k155,64,1,7447750,7447750,3253446,139.182,43.594,117.502,0.000,26.157,17.021
cube_d2_k155,64,2,3253446,3253446,2097152,67.084,22.474,47.831,0.000,10.193,10.377
cube_d2_k155,64,3,2097152,2097152,1048576,51.801,12.321,26.100,0.000,6.448,5.720
cube_d2_k155,64,4,1048576,1048576,524288,27.880,6.992,16.082,0.000,3.986,3.458
cube_d2_k155,64,5,524288,524288,262144,17.471,3.496,9.439,0.000,2.308,1.782
cube_d2_k155,64,6,262144,262144,131072,7.268,1.880,4.607,0.000,1.299,0.954
cube_d2_k155,64,7,131072,131072,65536,3.344,1.154,2.461,0.000,0.766,0.521
cube_d2_k155,64,8,65536,65536,32768,1.667,0.591,4.137,0.000,3.140,0.323
cube_d2_k155,64,9,32768,32768,16384,0.958,0.351,2.239,0.000,1.604,0.207
cube_d2_k155,64,10,16384,16384,8192,1.981,0.267,1.215,0.000,0.830,0.128
cube_d2_k155,64,11,8192,8192,4096,1.272,0.315,0.800,0.000,0.414,0.094
cube_d2_k155,64,12,4096,4096,2048,0.650,0.428,0.495,0.000,0.246,0.067
cube_d2_k155,64,13,2048,2048,1024,0.510,0.113,0.320,0.000,0.153,0.046
cube_d2_k155,64,14,1024,1024,512,0.208,0.081,0.191,0.000,0.068,0.044
cube_d2_k155,64,15,512,512,256,0.104,0.054,0.143,0.000,0.042,0.040
cube_d2_k155,64,16,256,256,128,0.086,0.037,0.104,0.000,0.031,0.031
cube_d2_k155,64,17,128,128,64,0.065,0.034,0.063,0.000,0.018,0.018
cube_d2_k155,64,18,64,64,32,0.042,0.018,0.044,0.000,0.009,0.013
cube_d2_k155,64,19,32,32,16,0.022,0.007,0.032,0.000,0.006,0.010
cube_d2_k155,64,20,16,16,8,0.015,0.004,0.012,0.000,0.004,0.002
cube_d2_k155,64,21,8,8,4,0.010,0.003,0.008,0.000,0.004,0.001
cube_d2_k155,64,22,4,4,2,0.004,0.001,0.005,0.000,0.003,0.001
cube_d2_k155,64,23,2,0,0,0.002,0.001,0.000,,,
cube_d2_k155,64,0,310,22343250,7447750,2.004,4.740,224.224,0.000,61.642,37.495
cube_d2_k155,64,1,7447750,7447750,3253446,143.370,47.740,120.401,0.000,25.959,17.010
cube_d2_k155,64,2,3253446,3253446,2097152,70.739,23.427,50.848,0.000,10.324,10.725
cube_d2_k155,64,3,2097152,2097152,1048576,54.403,14.287,26.597,0.000,6.436,5.706
cube_d2_k155,64,4,1048576,1048576,524288,28.212,7.024,15.935,0.000,3.881,3.530
cube_d2_k155,64,5,524288,524288,262144,17.614,3.488,9.697,0.000,2.359,1.837
cube_d2_k155,64,6,262144,262144,131072,7.335,1.838,4.668,0.000,1.385,0.942
cube_d2_k155,64,7,131072,131072,65536,3.380,0.934,2.536,0.000,0.778,0.527
cube_d2_k155,64,8,65536,65536,32768,1.712,0.532,4.505,0.000,3.456,0.330
cube_d2_k155,64,9,32768,32768,16384,0.958,0.363,2.178,0.000,1.547,0.201
cube_d2_k155,64,10,16384,16384,8192,2.069,0.263,1.262,0.000,0.863,0.129
cube_d2_k155,64,11,8192,8192,4096,1.293,0.317,0.787,0.000,0.413,0.080
cube_d2_k155,64,12,4096,4096,2048,0.874,0.161,0.502,0.000,0.241,0.066
cube_d2_k155,64,13,2048,2048,1024,0.342,0.103,0.307,0.000,0.133,0.051
cube_d2_k155,64,14,1024,1024,512,0.409,0.077,0.190,0.000,0.070,0.040
cube_d2_k155,64,15,512,512,256,0.121,0.064,0.138,0.000,0.040,0.047
cube_d2_k155,64,16,256,256,128,0.086,0.046,0.095,0.000,0.031,0.020
cube_d2_k155,64,17,128,128,64,0.059,0.030,0.058,0.000,0.014,0.019
cube_d2_k155,64,18,64,64,32,0.026,0.020,0.037,0.000,0.009,0.008
cube_d2_k155,64,19,32,32,16,0.020,0.011,0.028,0.000,0.006,0.008
cube_d2_k155,64,20,16,16,8,0.014,0.004,0.013,0.000,0.004,0.003
cube_d2_k155,64,21,8,8,4,0.010,0.002,0.008,0.000,0.004,0.002
cube_d2_k155,64,22,4,4,2,0.004,0.001,0.005,0.000,0.003,0.001
cube_d2_k155,64,23,2,0,0,0.002,0.001,0.000,,,
cube_d2_k155,64,0,310,22343250,7447750,1.873,4.542,221.525,0.000,62.570,37.841
cube_d2_k155,64,1,7447750,7447750,3253446,144.590,46.211,118.656,0.000,25.895,17.011
cube_d2_k155,64,2,3253446,3253446,2097152,70.755,21.651,51.603,0.000,10.255,11.118
cube_d2_k155,64,3,2097152,2097152,1048576,54.770,13.210,28.538,0.000,6.659,5.802
cube_d2_k155,64,4,1048576,1048576,524288,28.499,7.003,15.908,0.000,3.686,3.498
cube_d2_k155,64,5,524288,524288,262144,17.523,3.497,9.659,0.000,2.308,1.790
cube_d2_k155,64,6,262144,262144,131072,9.242,1.800,4.909,0.000,1.241,0.971
cube_d2_k155,64,7,131072,131072,65536,3.393,1.074,2.616,0.000,0.760,0.533
cube_d2_k155,64,8,65536,65536,32768,1.728,0.548,4.346,0.000,3.322,0.328
cube_d2_k155,64,9,32768,32768,16384,0.979,0.376,2.168,0.000,1.548,0.207
cube_d2_k155,64,10,16384,16384,8192,2.096,0.274,1.197,0.000,0.785,0.127
cube_d2_k155,64,11,8192,8192,4096,1.267,0.310,0.780,0.000,0.400,0.081
cube_d2_k155,64,12,4096,4096,2048,0.657,0.421,0.498,0.000,0.249,0.066
cube_d2_k155,64,13,2048,2048,1024,0.359,0.099,0.315,0.000,0.141,0.049
cube_d2_k155,64,14,1024,1024,512,0.216,0.076,0.422,0.000,0.305,0.041
cube_d2_k155,64,15,512,512,256,0.128,0.056,0.136,0.000,0.044,0.031
cube_d2_k155,64,16,256,256,128,0.085,0.049,0.099,0.000,0.031,0.024
cube_d2_k155,64,17,128,128,64,0.055,0.036,0.070,0.000,0.014,0.017
cube_d2_k155,64,18,64,64,32,0.040,0.017,0.034,0.000,0.009,0.008
cube_d2_k155,64,19,32,32,16,0.024,0.011,0.025,0.000,0.006,0.006
cube_d2_k155,64,20,16,16,8,0.017,0.005,0.022,0.000,0.005,0.005
cube_d2_k155,64,21,8,8,4,0.010,0.002,0.008,0.000,0.003,0.002
cube_d2_k155,64,22,4,4,2,0.004,0.001,0.005,0.000,0.003,0.001
cube_d2_k155,64,23,2,0,0,0.002,0.001,0.000,,,
cube_d2_k155,64,0,310,22343250,7447750,1.973,4.598,225.065,0.000,63.201,37.328
cube_d2_k155,64,1,7447750,7447750,3253446,150.061,46.082,119.382,0.000,26.185,17.082
cube_d2_k155,64,2,3253446,3253446,2097152,71.076,20.961,52.590,0.000,10.522,11.012
cube_d2_k155,64,3,2097152,2097152,1048576,46.971,13.102,28.405,0.000,6.858,5.829
cube_d2_k155,64,4,1048576,1048576,524288,28.635,7.081,16.489,0.000,3.851,3.502
cube_d2_k155,64,5,524288,524288,262144,17.815,3.524,9.982,0.000,2.404,1.815
cube_d2_k155,64,6,262144,262144,131072,7.519,2.105,4.761,0.000,1.334,0.978
cube_d2_k155,64,7,131072,131072,65536,3.432,1.114,2.514,0.000,0.751,0.548
cube_d2_k155,64,8,65536,65536,32768,1.779,0.566,4.214,0.000,3.160,0.327
cube_d2_k155,64,9,32768,32768,16384,1.014,0.381,2.214,0.000,1.564,0.228
cube_d2_k155,64,10,16384,16384,8192,1.967,0.270,1.217,0.000,0.795,0.146
cube_d2_k155,64,11,8192,8192,4096,1.252,0.328,0.824,0.000,0.430,0.094
cube_d2_k155,64,12,4096,4096,2048,0.703,0.160,0.501,0.000,0.242,0.072
cube_d2_k155,64,13,2048,2048,1024,0.338,0.108,0.587,0.000,0.134,0.064
cube_d2_k155,64,14,1024,1024,512,0.224,0.078,0.212,0.000,0.073,0.050
cube_d2_k155,64,15,512,512,256,0.119,0.067,0.152,0.000,0.046,0.030
cube_d2_k155,64,16,256,256,128,0.074,0.044,0.102,0.000,0.031,0.022
cube_d2_k155,64,17,128,128,64,0.053,0.031,0.064,0.000,0.014,0.018
cube_d2_k155,64,18,64,64,32,0.031,0.024,0.034,0.000,0.009,0.008
cube_d2_k155,64,19,32,32,16,0.030,0.012,0.030,0.000,0.006,0.010
cube_d2_k155,64,20,16,16,8,0.016,0.004,0.019,0.000,0.004,0.004
cube_d2_k155,64,21,8,8,4,0.016,0.003,0.008,0.000,0.003,0.002
cube_d2_k155,64,22,4,4,2,0.004,0.001,0.005,0.000,0.003,0.001
cube_d2_k155,64,23,2,0,0,0.002,0.001,0.000,,,
cube_d2_k155,64,0,310,22343250,7447750,2.001,4.825,228.130,0.000,66.830,37.470
cube_d2_k155,64,1,7447750,7447750,3253446,147.568,46.007,116.423,0.000,25.884,17.439
cube_d2_k155,64,2,3253446,3253446,2097152,71.635,20.592,52.543,0.000,10.869,11.135
cube_d2_k155,64,3,2097152,2097152,1048576,47.005,13.839,29.670,0.000,6.784,5.923
cube_d2_k155,64,4,1048576,1048576,524288,29.093,7.198,16.554,0.000,3.711,3.490
cube_d2_k155,64,5,524288,524288,262144,15.668,3.502,9.685,0.000,2.149,1.873
cube_d2_k155,64,6,262144,262144,131072,7.498,1.821,4.661,0.000,1.256,0.970
cube_d2_k155,64,7,131072,131072,65536,3.412,0.940,2.488,0.000,0.711,0.544
cube_d2_k155,64,8,65536,65536,32768,1.775,0.566,4.698,0.000,3.539,0.433
cube_d2_k155,64,9,32768,32768,16384,1.022,0.402,2.216,0.000,1.572,0.211
cube_d2_k155,64,10,16384,16384,8192,2.173,0.287,1.260,0.000,0.839,0.135
cube_d2_k155,64,11,8192,8192,4096,1.408,0.329,0.820,0.000,0.423,0.082
cube_d2_k155,64,12,4096,4096,2048,0.706,0.186,0.488,0.000,0.241,0.066
cube_d2_k155,64,13,2048,2048,1024,0.351,0.110,0.308,0.000,0.135,0.051
cube_d2_k155,64,14,1024,1024,512,0.215,0.287,0.223,0.000,0.070,0.051
cube_d2_k155,64,15,512,512,256,0.116,0.056,0.143,0.000,0.041,0.040
cube_d2_k155,64,16,256,256,128,0.079,0.046,0.105,0.000,0.031,0.026
cube_d2_k155,64,17,128,128,64,0.057,0.032,0.061,0.000,0.013,0.020
cube_d2_k155,64,18,64,64,32,0.035,0.030,0.039,0.000,0.009,0.008
cube_d2_k155,64,19,32,32,16,0.022,0.011,0.026,0.000,0.006,0.006
cube_d2_k155,64,20,16,16,8,0.013,0.004,0.013,0.000,0.004,0.003
cube_d2_k155,64,21,8,8,4,0.010,0.002,0.008,0.000,0.004,0.001
cube_d2_k155,64,22,4,4,2,0.004,0.001,0.005,0.000,0.003,0.001
cube_d2_k155,64,23,2,0,0,0.002,0.001,0.000,,,
cube_d2_k155,128,0,310,22343250,7447750,33.348,19.114,305.004,0.000,164.723,28.977
cube_d2_k155,128,1,7447750,7447750,3253446,101.091,30.235,141.689,0.000,46.225,24.932
cube_d2_k155,128,2,3253446,3253446,2097152,57.285,17.429,68.362,0.000,20.225,12.670
cube_d2_k155,128,3,2097152,2097152,1048576,31.932,15.740,28.961,0.000,7.329,4.047
cube_d2_k155,128,4,1048576,1048576,524288,27.700,18.925,29.525,0.000,6.696,13.054
cube_d2_k155,128,5,524288,524288,262144,15.976,9.624,24.311,0.000,2.450,16.799
cube_d2_k155,128,6,262144,262144,131072,6.096,1.984,4.376,0.000,1.198,0.714
cube_d2_k155,128,7,131072,131072,65536,2.782,0.861,2.226,0.000,0.681,0.401
cube_d2_k155,128,8,65536,65536,32768,1.478,0.549,4.562,0.000,3.467,0.313
cube_d2_k155,128,9,32768,32768,16384,0.888,0.386,2.220,0.000,1.650,0.183
cube_d2_k155,128,10,16384,16384,8192,2.463,0.277,1.397,0.000,0.874,0.225
cube_d2_k155,128,11,8192,8192,4096,1.293,0.296,0.877,0.000,0.434,0.140
cube_d2_k155,128,12,4096,4096,2048,0.676,0.187,0.546,0.000,0.269,0.083
cube_d2_k155,128,13,2048,2048,1024,0.381,0.119,0.337,0.000,0.145,0.063
cube_d2_k155,128,14,1024,1024,512,0.218,0.076,0.223,0.000,0.072,0.058
cube_d2_k155,128,15,512,512,256,0.141,0.070,0.157,0.000,0.043,0.046
cube_d2_k155,128,16,256,256,128,0.093,0.049,0.114,0.000,0.033,0.030
cube_d2_k155,128,17,128,128,64,0.061,0.038,0.073,0.000,0.016,0.023
cube_d2_k155,128,18,64,64,32,0.033,0.025,0.236,0.000,0.009,0.007
cube_d2_k155,128,19,32,32,16,0.027,0.007,0.030,0.000,0.006,0.005
cube_d2_k155,128,20,16,16,8,0.017,0.004,0.024,0.000,0.005,0.003
cube_d2_k155,128,21,8,8,4,0.006,0.002,0.007,0.000,0.004,0.002
cube_d2_k155,128,22,4,4,2,0.003,0.001,0.005,0.000,0.003,0.001
cube_d2_k155,128,23,2,0,0,0.002,0.001,0.000,,,
cube_d2_k155,128,0,310,22343250,7447750,1.956,4.748,175.437,0.000,62.339,21.310
cube_d2_k155,128,1,7447750,7447750,3253446,82.357,28.335,89.951,0.000,22.053,11.800
cube_d2_k155,128,2,3253446,3253446,2097152,48.065,15.689,41.777,0.000,9.303,7.061
cube_d2_k155,128,3,2097152,2097152,1048576,31.396,10.142,23.578,0.000,6.013,3.963
cube_d2_k155,128,4,1048576,1048576,524288,21.072,6.011,14.500,0.000,3.717,2.475
cube_d2_k155,128,5,524288,524288,262144,14.252,2.856,10.120,0.000,3.809,1.339
cube_d2_k155,128,6,262144,262144,131072,5.644,1.542,4.083,0.000,1.139,0.744
cube_d2_k155,128,7,131072,131072,65536,2.749,0.827,2.158,0.000,0.685,0.409
cube_d2_k155,128,8,65536,65536,32768,1.416,0.541,4.250,0.000,3.338,0.265
cube_d2_k155,128,9,32768,32768,16384,0.835,0.372,2.228,0.000,1.637,0.189
cube_d2_k155,128,10,16384,16384,8192,2.574,0.279,1.276,0.000,0.862,0.144
cube_d2_k155,128,11,8192,8192,4096,1.379,0.305,0.855,0.000,0.449,0.088
cube_d2_k155,128,12,4096,4096,2048,0.695,0.187,0.567,0.000,0.273,0.077
cube_d2_k155,128,13,2048,2048,1024,0.367,0.122,0.340,0.000,0.147,0.064
cube_d2_k155,128,14,1024,1024,512,0.242,0.083,0.214,0.000,0.070,0.049
cube_d2_k155,128,15,512,512,256,0.143,0.073,0.169,0.000,0.045,0.046
cube_d2_k155,128,16,256,256,128,0.107,0.049,0.105,0.000,0.039,0.027
cube_d2_k155,128,17,128,128,64,0.065,0.035,0.068,0.000,0.014,0.022
cube_d2_k155,128,18,64,64,32,0.033,0.025,0.040,0.000,0.009,0.008
cube_d2_k155,128,19,32,32,16,0.029,0.006,0.029,0.000,0.006,0.006
cube_d2_k155,128,20,16,16,8,0.019,0.004,0.020,0.000,0.005,0.003
cube_d2_k155,128,21,8,8,4,0.007,0.002,0.008,0.000,0.004,0.001
cube_d2_k155,128,22,4,4,2,0.004,0.001,0.005,0.000,0.003,0.001
cube_d2_k155,128,23,2,0,0,0.002,0.001,0.000,,,
cube_d2_k155,128,0,310,22343250,7447750,2.052,4.565,182.302,0.000,63.307,21.508
cube_d2_k155,128,1,7447750,7447750,3253446,85.097,30.630,91.765,0.000,21.642,12.508
cube_d2_k155,128,2,3253446,3253446,2097152,62.697,15.800,41.678,0.000,9.101,7.122
cube_d2_k155,128,3,2097152,2097152,1048576,31.812,10.311,23.994,0.000,6.111,4.086
cube_d2_k155,128,4,1048576,1048576,524288,21.457,6.033,14.783,0.000,4.126,2.415
cube_d2_k155,128,5,524288,524288,262144,14.065,2.865,8.059,0.000,2.117,1.534
cube_d2_k155,128,6,262144,262144,131072,5.342,1.526,4.187,0.000,1.174,0.768
cube_d2_k155,128,7,131072,131072,65536,2.748,0.771,2.167,0.000,0.692,0.434
cube_d2_k155,128,8,65536,65536,32768,1.418,0.520,4.165,0.000,3.280,0.282
cube_d2_k155,128,9,32768,32768,16384,0.833,0.384,2.257,0.000,1.669,0.204
cube_d2_k155,128,10,16384,16384,8192,2.624,0.284,1.299,0.000,0.877,0.144
cube_d2_k155,128,11,8192,8192,4096,1.362,0.300,0.801,0.000,0.422,0.088
cube_d2_k155,128,12,4096,4096,2048,0.681,0.191,0.573,0.000,0.285,0.090
cube_d2_k155,128,13,2048,2048,1024,0.391,0.134,0.342,0.000,0.137,0.076
cube_d2_k155,128,14,1024,1024,512,0.228,0.096,0.216,0.000,0.077,0.048
cube_d2_k155,128,15,512,512,256,0.154,0.065,0.173,0.000,0.040,0.043
cube_d2_k155,128,16,256,256,128,0.102,0.046,0.120,0.000,0.032,0.039
cube_d2_k155,128,17,128,128,64,0.053,0.038,0.057,0.000,0.014,0.012
cube_d2_k155,128,18,64,64,32,0.037,0.018,0.038,0.000,0.010,0.008
cube_d2_k155,128,19,32,32,16,0.028,0.006,0.028,0.000,0.006,0.006
cube_d2_k155,128,20,16,16,8,0.025,0.004,0.012,0.000,0.005,0.002
cube_d2_k155,128,21,8,8,4,0.018,0.003,0.008,0.000,0.004,0.002
cube_d2_k155,128,22,4,4,2,0.004,0.001,0.005,0.000,0.003,0.001
cube_d2_k155,128,23,2,0,0,0.002,0.001,0.000,,,
cube_d2_k155,128,0,310,22343250,7447750,2.106,4.764,178.257,0.000,62.369,21.429
cube_d2_k155,128,1,7447750,7447750,3253446,85.317,30.889,91.883,0.000,22.438,11.989
cube_d2_k155,128,2,3253446,3253446,2097152,48.535,15.897,41.920,0.000,9.137,7.228
cube_d2_k155,128,3,2097152,2097152,1048576,31.654,10.016,23.620,0.000,5.886,4.078
cube_d2_k155,128,4,1048576,1048576,524288,21.101,6.983,14.164,0.000,3.641,2.461
cube_d2_k155,128,5,524288,524288,262144,14.186,2.837,9.600,0.000,3.783,1.394
cube_d2_k155,128,6,262144,262144,131072,5.546,1.452,4.088,0.000,1.215,0.740
cube_d2_k155,128,7,131072,131072,65536,2.679,0.767,2.145,0.000,0.678,0.416
cube_d2_k155,128,8,65536,65536,32768,1.427,0.509,4.362,0.000,3.425,0.292
cube_d2_k155,128,9,32768,32768,16384,0.845,0.367,2.187,0.000,1.619,0.184
cube_d2_k155,128,10,16384,16384,8192,2.529,0.310,1.274,0.000,0.865,0.132
cube_d2_k155,128,11,8192,8192,4096,1.368,0.293,0.896,0.000,0.477,0.089
cube_d2_k155,128,12,4096,4096,2048,0.656,0.181,0.561,0.000,0.276,0.076
cube_d2_k155,128,13,2048,2048,1024,0.379,0.128,0.351,0.000,0.146,0.058
cube_d2_k155,128,14,1024,1024,512,0.220,0.084,0.248,0.000,0.078,0.062
cube_d2_k155,128,15,512,512,256,0.147,0.084,0.157,0.000,0.045,0.031
cube_d2_k155,128,16,256,256,128,0.084,0.045,0.116,0.000,0.032,0.024
cube_d2_k155,128,17,128,128,64,0.052,0.035,0.073,0.000,0.017,0.018
cube_d2_k155,128,18,64,64,32,0.040,0.014,0.038,0.000,0.009,0.008
cube_d2_k155,128,19,32,32,16,0.029,0.007,0.034,0.000,0.006,0.009
cube_d2_k155,128,20,16,16,8,0.019,0.004,0.020,0.000,0.005,0.003
cube_d2_k155,128,21,8,8,4,0.010,0.002,0.008,0.000,0.004,0.002
cube_d2_k155,128,22,4,4,2,0.004,0.001,0.005,0.000,0.003,0.001
cube_d2_k155,128,23,2,0,0,0.002,0.001,0.000,,,
cube_d2_k155,128,0,310,22343250,7447750,2.090,4.828,180.831,0.000,62.140,21.945
cube_d2_k155,128,1,7447750,7447750,3253446,87.741,30.704,91.669,0.000,22.034,12.765
cube_d2_k155,128,2,3253446,3253446,2097152,48.261,16.967,42.156,0.000,8.919,7.392
cube_d2_k155,128,3,2097152,2097152,1048576,31.647,10.233,24.142,0.000,6.082,4.199
cube_d2_k155,128,4,1048576,1048576,524288,21.343,6.059,14.355,0.000,3.669,2.551
cube_d2_k155,128,5,524288,524288,262144,13.827,2.777,8.207,0.000,2.103,1.395
cube_d2_k155,128,6,262144,262144,131072,5.259,1.431,4.130,0.000,1.207,0.769
cube_d2_k155,128,7,131072,131072,65536,2.718,0.923,2.267,0.000,0.737,0.461
cube_d2_k155,128,8,65536,65536,32768,1.452,0.522,4.370,0.000,3.524,0.270
cube_d2_k155,128,9,32768,32768,16384,0.855,0.393,2.254,0.000,1.638,0.215
cube_d2_k155,128,10,16384,16384,8192,2.573,0.273,1.270,0.000,0.858,0.140
cube_d2_k155,128,11,8192,8192,4096,1.322,0.301,0.830,0.000,0.438,0.085
cube_d2_k155,128,12,4096,4096,2048,0.694,0.176,0.542,0.000,0.254,0.084
cube_d2_k155,128,13,2048,2048,1024,0.399,0.130,0.344,0.000,0.142,0.056
cube_d2_k155,128,14,1024,1024,512,0.240,0.083,0.232,0.000,0.074,0.061
cube_d2_k155,128,15,512,512,256,0.152,0.081,0.169,0.000,0.044,0.049
cube_d2_k155,128,16,256,256,128,0.093,0.055,0.118,0.000,0.033,0.031
cube_d2_k155,128,17,128,128,64,0.066,0.032,0.069,0.000,0.014,0.024
cube_d2_k155,128,18,64,64,32,0.053,0.022,0.040,0.000,0.010,0.008
cube_d2_k155,128,19,32,32,16,0.026,0.007,0.024,0.000,0.006,0.005
cube_d2_k155,128,20,16,16,8,0.018,0.004,0.013,0.000,0.005,0.003
cube_d2_k155,128,21,8,8,4,0.016,0.003,0.008,0.000,0.004,0.002
cube_d2_k155,128,22,4,4,2,0.004,0.001,0.005,0.000,0.003,0.001
cube_d2_k155,128,23,2,0,0,0.002,0.001,0.000,,,
cube_d2_k155,128,0,310,22343250,7447750,2.094,4.753,181.530,0.000,63.459,22.198
cube_d2_k155,128,1,7447750,7447750,3253446,85.352,31.217,93.260,0.000,22.465,12.959
cube_d2_k155,128,2,3253446,3253446,2097152,48.575,15.800,42.404,0.000,9.277,7.293
cube_d2_k155,128,3,2097152,2097152,1048576,31.331,10.717,24.081,0.000,5.960,4.217
cube_d2_k155,128,4,1048576,1048576,524288,21.259,5.925,14.325,0.000,3.672,2.489
cube_d2_k155,128,5,524288,524288,262144,11.159,2.867,8.651,0.000,1.948,1.417
cube_d2_k155,128,6,262144,262144,131072,5.277,1.561,4.425,0.000,1.013,0.768
cube_d2_k155,128,7,131072,131072,65536,2.690,0.806,2.238,0.000,0.665,0.449
cube_d2_k155,128,8,65536,65536,32768,1.372,0.551,4.395,0.000,3.507,0.275
cube_d2_k155,128,9,32768,32768,16384,0.846,0.380,2.195,0.000,1.599,0.191
cube_d2_k155,128,10,16384,16384,8192,2.602,0.292,1.281,0.000,0.879,0.129
cube_d2_k155,128,11,8192,8192,4096,1.390,0.293,0.860,0.000,0.431,0.102
cube_d2_k155,128,12,4096,4096,2048,0.674,0.176,0.540,0.000,0.267,0.085
cube_d2_k155,128,13,2048,2048,1024,0.388,0.133,0.343,0.000,0.133,0.060
cube_d2_k155,128,14,1024,1024,512,0.225,0.084,0.236,0.000,0.075,0.058
cube_d2_k155,128,15,512,512,256,0.143,0.071,0.168,0.000,0.046,0.044
cube_d2_k155,128,16,256,256,128,0.088,0.046,0.121,0.000,0.032,0.040
cube_d2_k155,128,17,128,128,64,0.061,0.039,0.076,0.000,0.018,0.019
cube_d2_k155,128,18,64,64,32,0.041,0.020,0.051,0.000,0.009,0.012
cube_d2_k155,128,19,32,32,16,0.028,0.011,0.028,0.000,0.006,0.005
cube_d2_k155,128,20,16,16,8,0.021,0.004,0.013,0.000,0.005,0.003
cube_d2_k155,128,21,8,8,4,0.012,0.002,0.008,0.000,0.003,0.002
cube_d2_k155,128,22,4,4,2,0.004,0.001,0.005,0.000,0.003,0.001
cube_d2_k155,128,23,2,0,0,0.002,0.001,0.000,,,
cube_d3_k5,1,0,10,750,250,0.181,0.005,0.159,0.000,0.070,0.043
cube_d3_k5,1,1,250,250,106,0.091,0.015,0.054,0.000,0.021,0.015
cube_d3_k5,1,2,106,106,52,0.041,0.007,0.025,0.000,0.010,0.007
cube_d3_k5,1,3,52,52,18,0.021,0.004,0.013,0.000,0.006,0.003
cube_d3_k5,1,4,18,18,6,0.008,0.002,0.013,0.000,0.004,0.001
cube_d3_k5,1,5,6,6,2,0.004,0.001,0.007,0.000,0.003,0.001
cube_d3_k5,1,6,2,0,0,0.002,0.001,0.000,,,
cube_d3_k5,1,0,10,750,250,0.005,0.002,0.121,0.000,0.046,0.031
cube_d3_k5,1,1,250,250,106,0.090,0.014,0.052,0.000,0.021,0.014
cube_d3_k5,1,2,106,106,52,0.040,0.007,0.025,0.000,0.010,0.007
cube_d3_k5,1,3,52,52,18,0.020,0.004,0.013,0.000,0.006,0.003
cube_d3_k5,1,4,18,18,6,0.008,0.002,0.007,0.000,0.003,0.001
cube_d3_k5,1,5,6,6,2,0.004,0.001,0.004,0.000,0.003,0.000
cube_d3_k5,1,6,2,0,0,0.002,0.001,0.000,,,
cube_d3_k5,1,0,10,750,250,0.005,0.002,0.120,0.000,0.046,0.031
cube_d3_k5,1,1,250,250,106,0.089,0.013,0.052,0.000,0.021,0.014
cube_d3_k5,1,2,106,106,52,0.040,0.010,0.025,0.000,0.010,0.007
cube_d3_k5,1,3,52,52,18,0.020,0.004,0.013,0.000,0.006,0.003
cube_d3_k5,1,4,18,18,6,0.008,0.002,0.008,0.000,0.004,0.002
cube_d3_k5,1,5,6,6,2,0.004,0.001,0.004,0.000,0.003,0.000
cube_d3_k5,1,6,2,0,0,0.002,0.001,0.000,,,
cube_d3_k5,1,0,10,750,250,0.005,0.002,0.119,0.000,0.046,0.031
cube_d3_k5,1,1,250,250,106,0.088,0.013,0.051,0.000,0.020,0.014
cube_d3_k5,1,2,106,106,52,0.039,0.006,0.025,0.000,0.010,0.007
cube_d3_k5,1,3,52,52,18,0.020,0.004,0.013,0.000,0.005,0.003
cube_d3_k5,1,4,18,18,6,0.008,0.002,0.007,0.000,0.003,0.001
cube_d3_k5,1,5,6,6,2,0.003,0.001,0.004,0.000,0.003,0.000
cube_d3_k5,1,6,2,0,0,0.002,0.000,0.000,,,
cube_d3_k5,1,0,10,750,250,0.005,0.002,0.119,0.000,0.045,0.031
cube_d3_k5,1,1,250,250,106,0.088,0.012,0.057,0.000,0.020,0.020
cube_d3_k5,1,2,106,106,52,0.039,0.006,0.025,0.000,0.010,0.007
cube_d3_k5,1,3,52,52,18,0.020,0.004,0.013,0.000,0.005,0.003
cube_d3_k5,1,4,18,18,6,0.008,0.002,0.007,0.000,0.003,0.001
cube_d3_k5,1,5,6,6,2,0.004,0.001,0.005,0.000,0.003,0.001
cube_d3_k5,1,6,2,0,0,0.002,0.000,0.000,,,
cube_d3_k5,1,0,10,750,250,0.005,0.002,0.120,0.000,0.046,0.031
cube_d3_k5,1,1,250,250,106,0.089,0.012,0.051,0.000,0.020,0.014
cube_d3_k5,1,2,106,106,52,0.039,0.006,0.025,0.000,0.010,0.007
cube_d3_k5,1,3,52,52,18,0.020,0.004,0.013,0.000,0.006,0.003
cube_d3_k5,1,4,18,18,6,0.008,0.002,0.007,0.000,0.003,0.001
cube_d3_k5,1,5,6,6,2,0.003,0.001,0.004,0.000,0.003,0.000
cube_d3_k5,1,6,2,0,0,0.002,0.000,0.000,,,
cube_d3_k5,2,0,10,750,250,0.195,0.005,0.320,0.000,0.195,0.064
cube_d3_k5,2,1,250,250,106,0.110,0.029,0.079,0.000,0.024,0.025
cube_d3_k5,2,2,106,106,52,0.058,0.011,0.029,0.000,0.010,0.007
cube_d3_k5,2,3,52,52,18,0.028,0.007,0.015,0.000,0.006,0.003
cube_d3_k5,2,4,18,18,6,0.010,0.002,0.007,0.000,0.004,0.001
cube_d3_k5,2,5,6,6,2,0.004,0.001,0.007,0.000,0.003,0.001
cube_d3_k5,2,6,2,0,0,0.002,0.001,0.000,,,
cube_d3_k5,2,0,10,750,250,0.006,0.002,0.162,0.000,0.054,0.046
cube_d3_k5,2,1,250,250,106,0.106,0.024,0.080,0.000,0.027,0.022
cube_d3_k5,2,2,106,106,52,0.052,0.008,0.029,0.000,0.010,0.007
cube_d3_k5,2,3,52,52,18,0.027,0.005,0.015,0.000,0.006,0.003
cube_d3_k5,2,4,18,18,6,0.011,0.002,0.007,0.000,0.004,0.001
cube_d3_k5,2,5,6,6,2,0.004,0.001,0.004,0.000,0.003,0.000
cube_d3_k5,2,6,2,0,0,0.002,0.001,0.000,,,
cube_d3_k5,2,0,10,750,250,0.005,0.002,0.147,0.000,0.056,0.044
cube_d3_k5,2,1,250,250,106,0.109,0.023,0.078,0.000,0.026,0.024
cube_d3_k5,2,2,106,106,52,0.059,0.011,0.029,0.000,0.010,0.007
cube_d3_k5,2,3,52,52,18,0.027,0.007,0.015,0.000,0.006,0.003
cube_d3_k5,2,4,18,18,6,0.009,0.002,0.007,0.000,0.003,0.001
cube_d3_k5,2,5,6,6,2,0.004,0.001,0.004,0.000,0.003,0.000
cube_d3_k5,2,6,2,0,0,0.002,0.001,0.000,,,
cube_d3_k5,2,0,10,750,250,0.005,0.002,0.148,0.000,0.050,0.043
cube_d3_k5,2,1,250,250,106,0.114,0.024,0.081,0.000,0.026,0.025
cube_d3_k5,2,2,106,106,52,0.053,0.009,0.028,0.000,0.010,0.007
cube_d3_k5,2,3,52,52,18,0.025,0.005,0.014,0.000,0.005,0.003
cube_d3_k5,2,4,18,18,6,0.010,0.002,0.007,0.000,0.003,0.001
cube_d3_k5,2,5,6,6,2,0.004,0.001,0.004,0.000,0.003,0.000
cube_d3_k5,2,6,2,0,0,0.002,0.000,0.000,,,
cube_d3_k5,2,0,10,750,250,0.005,0.002,0.140,0.000,0.048,0.039
cube_d3_k5,2,1,250,250,106,0.112,0.025,0.075,0.000,0.027,0.023
cube_d3_k5,2,2,106,106,52,0.053,0.009,0.027,0.000,0.010,0.008
cube_d3_k5,2,3,52,52,18,0.027,0.005,0.014,0.000,0.006,0.003
cube_d3_k5,2,4,18,18,6,0.011,0.002,0.007,0.000,0.003,0.001
cube_d3_k5,2,5,6,6,2,0.003,0.001,0.004,0.000,0.003,0.000
cube_d3_k5,2,6,2,0,0,0.002,0.000,0.000,,,
cube_d3_k5,2,0,10,750,250,0.005,0.002,0.152,0.000,0.053,0.045
cube_d3_k5,2,1,250,250,106,0.121,0.024,0.087,0.000,0.026,0.025
cube_d3_k5,2,2,106,106,52,0.050,0.008,0.029,0.000,0.010,0.007
cube_d3_k5,2,3,52,52,18,0.027,0.004,0.013,0.000,0.006,0.003
cube_d3_k5,2,4,18,18,6,0.010,0.002,0.007,0.000,0.003,0.001
cube_d3_k5,2,5,6,6,2,0.004,0.001,0.004,0.000,0.003,0.000
cube_d3_k5,2,6,2,0,0,0.002,0.001,0.000,,,
cube_d3_k5,4,0,10,750,250,0.211,0.005,0.469,0.000,0.348,0.060
cube_d3_k5,4,1,250,250,106,0.098,0.031,0.077,0.000,0.025,0.022
cube_d3_k5,4,2,106,106,52,0.062,0.032,0.036,0.000,0.012,0.010
cube_d3_k5,4,3,52,52,18,0.035,0.007,0.017,0.000,0.006,0.004
cube_d3_k5,4,4,18,18,6,0.013,0.005,0.008,0.000,0.004,0.001
cube_d3_k5,4,5,6,6,2,0.004,0.001,0.008,0.000,0.003,0.001
cube_d3_k5,4,6,2,0,0,0.002,0.001,0.000,,,
cube_d3_k5,4,0,10,750,250,0.008,0.003,0.166,0.000,0.068,0.035
cube_d3_k5,4,1,250,250,106,0.094,0.026,0.077,0.000,0.027,0.019
cube_d3_k5,4,2,106,106,52,0.062,0.011,0.033,0.000,0.012,0.009
cube_d3_k5,4,3,52,52,18,0.026,0.007,0.018,0.000,0.006,0.004
cube_d3_k5,4,4,18,18,6,0.013,0.002,0.007,0.000,0.004,0.001
cube_d3_k5,4,5,6,6,2,0.004,0.001,0.005,0.000,0.003,0.001
cube_d3_k5,4,6,2,0,0,0.002,0.001,0.000,,,
cube_d3_k5,4,0,10,750,250,0.006,0.002,0.154,0.000,0.057,0.039
cube_d3_k5,4,1,250,250,106,0.098,0.040,0.081,0.000,0.034,0.020
cube_d3_k5,4,2,106,106,52,0.072,0.022,0.037,0.000,0.012,0.010
cube_d3_k5,4,3,52,52,18,0.039,0.006,0.016,0.000,0.007,0.004
cube_d3_k5,4,4,18,18,6,0.011,0.002,0.008,0.000,0.004,0.001
cube_d3_k5,4,5,6,6,2,0.004,0.001,0.005,0.000,0.003,0.000
cube_d3_k5,4,6,2,0,0,0.002,0.001,0.000,,,
cube_d3_k5,4,0,10,750,250,0.006,0.002,0.138,0.000,0.051,0.035
cube_d3_k5,4,1,250,250,106,0.092,0.029,0.081,0.000,0.026,0.022
cube_d3_k5,4,2,106,106,52,0.059,0.010,0.033,0.000,0.013,0.008
cube_d3_k5,4,3,52,52,18,0.028,0.007,0.015,0.000,0.006,0.003
cube_d3_k5,4,4,18,18,6,0.012,0.002,0.007,0.000,0.004,0.001
cube_d3_k5,4,5,6,6,2,0.005,0.001,0.004,0.000,0.003,0.000
cube_d3_k5,4,6,2,0,0,0.002,0.001,0.000,,,
cube_d3_k5,4,0,10,750,250,0.006,0.002,0.149,0.000,0.060,0.033
cube_d3_k5,4,1,250,250,106,0.082,0.034,0.082,0.000,0.028,0.020
cube_d3_k5,4,2,106,106,52,0.063,0.011,0.031,0.000,0.011,0.008
cube_d3_k5,4,3,52,52,18,0.026,0.007,0.017,0.000,0.006,0.003
cube_d3_k5,4,4,18,18,6,0.012,0.002,0.007,0.000,0.004,0.001
cube_d3_k5,4,5,6,6,2,0.004,0.001,0.004,0.000,0.003,0.000
cube_d3_k5,4,6,2,0,0,0.002,0.001,0.000,,,
cube_d3_k5,4,0,10,750,250,0.007,0.003,0.157,0.000,0.069,0.031
cube_d3_k5,4,1,250,250,106,0.089,0.037,0.073,0.000,0.026,0.017
cube_d3_k5,4,2,106,106,52,0.041,0.012,0.036,0.000,0.011,0.007
cube_d3_k5,4,3,52,52,18,0.024,0.008,0.017,0.000,0.006,0.003
cube_d3_k5,4,4,18,18,6,0.014,0.002,0.008,0.000,0.004,0.001
cube_d3_k5,4,5,6,6,2,0.004,0.001,0.004,0.000,0.003,0.000
cube_d3_k5,4,6,2,0,0,0.002,0.001,0.000,,,
cube_d3_k5,8,0,10,750,250,0.426,0.006,0.665,0.000,0.456,0.071
cube_d3_k5,8,1,250,250,106,0.162,0.030,0.074,0.000,0.024,0.017
cube_d3_k5,8,2,106,106,52,0.065,0.023,0.041,0.000,0.012,0.013
cube_d3_k5,8,3,52,52,18,0.044,0.004,0.017,0.000,0.006,0.003
cube_d3_k5,8,4,18,18,6,0.012,0.004,0.008,0.000,0.004,0.001
cube_d3_k5,8,5,6,6,2,0.004,0.001,0.008,0.000,0.003,0.001
cube_d3_k5,8,6,2,0,0,0.002,0.001,0.000,,,
cube_d3_k5,8,0,10,750,250,0.006,0.002,0.152,0.000,0.055,0.039
cube_d3_k5,8,1,250,250,106,0.087,0.035,0.076,0.000,0.024,0.019
cube_d3_k5,8,2,106,106,52,0.063,0.023,0.038,0.000,0.013,0.008
cube_d3_k5,8,3,52,52,18,0.039,0.004,0.017,0.000,0.006,0.003
cube_d3_k5,8,4,18,18,6,0.009,0.002,0.008,0.000,0.004,0.001
cube_d3_k5,8,5,6,6,2,0.004,0.001,0.005,0.000,0.003,0.000
cube_d3_k5,8,6,2,0,0,0.002,0.000,0.000,,,
cube_d3_k5,8,0,10,750,250,0.005,0.003,0.164,0.000,0.066,0.036
cube_d3_k5,8,1,250,250,106,0.088,0.032,0.075,0.000,0.023,0.019
cube_d3_k5,8,2,106,106,52,0.056,0.019,0.035,0.000,0.012,0.009
cube_d3_k5,8,3,52,52,18,0.039,0.004,0.016,0.000,0.006,0.003
cube_d3_k5,8,4,18,18,6,0.008,0.002,0.008,0.000,0.004,0.001
cube_d3_k5,8,5,6,6,2,0.004,0.001,0.004,0.000,0.003,0.000
cube_d3_k5,8,6,2,0,0,0.002,0.000,0.000,,,
cube_d3_k5,8,0,10,750,250,0.005,0.003,0.149,0.000,0.057,0.040
cube_d3_k5,8,1,250,250,106,0.083,0.030,0.069,0.000,0.023,0.017
cube_d3_k5,8,2,106,106,52,0.071,0.020,0.040,0.000,0.012,0.012
cube_d3_k5,8,3,52,52,18,0.027,0.009,0.021,0.000,0.008,0.004
cube_d3_k5,8,4,18,18,6,0.013,0.004,0.009,0.000,0.005,0.002
cube_d3_k5,8,5,6,6,2,0.008,0.002,0.006,0.000,0.003,0.001
cube_d3_k5,8,6,2,0,0,0.003,0.001,0.000,,,
cube_d3_k5,8,0,10,750,250,0.005,0.002,0.145,0.000,0.057,0.039
cube_d3_k5,8,1,250,250,106,0.078,0.035,0.075,0.000,0.024,0.018
cube_d3_k5,8,2,106,106,52,0.071,0.018,0.039,0.000,0.012,0.010
cube_d3_k5,8,3,52,52,18,0.033,0.007,0.017,0.000,0.006,0.004
cube_d3_k5,8,4,18,18,6,0.013,0.004,0.007,0.000,0.004,0.001
cube_d3_k5,8,5,6,6,2,0.007,0.002,0.005,0.000,0.003,0.000
cube_d3_k5,8,6,2,0,0,0.002,0.001,0.000,,,
cube_d3_k5,8,0,10,750,250,0.005,0.002,0.142,0.000,0.057,0.038
cube_d3_k5,8,1,250,250,106,0.082,0.031,0.076,0.000,0.023,0.020
cube_d3_k5,8,2,106,106,52,0.065,0.022,0.045,0.000,0.015,0.013
cube_d3_k5,8,3,52,52,18,0.032,0.009,0.021,0.000,0.007,0.006
cube_d3_k5,8,4,18,18,6,0.016,0.002,0.008,0.000,0.004,0.001
cube_d3_k5,8,5,6,6,2,0.005,0.001,0.004,0.000,0.003,0.000
cube_d3_k5,8,6,2,0,0,0.002,0.001,0.000,,,
cube_d3_k5,16,0,10,750,250,0.201,0.005,0.401,0.000,0.179,0.051
cube_d3_k5,16,1,250,250,106,0.987,0.034,0.082,0.000,0.025,0.022
cube_d3_k5,16,2,106,106,52,0.041,0.025,0.049,0.000,0.013,0.014
cube_d3_k5,16,3,52,52,18,0.031,0.006,0.029,0.000,0.006,0.009
cube_d3_k5,16,4,18,18,6,0.015,0.005,0.009,0.000,0.004,0.002
cube_d3_k5,16,5,6,6,2,0.008,0.002,0.009,0.000,0.003,0.001
cube_d3_k5,16,6,2,0,0,0.002,0.001,0.000,,,
cube_d3_k5,16,0,10,750,250,0.006,0.003,0.147,0.000,0.043,0.048
cube_d3_k5,16,1,250,250,106,0.069,0.034,0.080,0.000,0.026,0.020
cube_d3_k5,16,2,106,106,52,0.043,0.024,0.042,0.000,0.013,0.011
cube_d3_k5,16,3,52,52,18,0.026,0.008,0.017,0.000,0.005,0.004
cube_d3_k5,16,4,18,18,6,0.014,0.005,0.009,0.000,0.004,0.002
cube_d3_k5,16,5,6,6,2,0.007,0.002,0.005,0.000,0.003,0.000
cube_d3_k5,16,6,2,0,0,0.002,0.001,0.000,,,
cube_d3_k5,16,0,10,750,250,0.006,0.003,0.244,0.000,0.154,0.031
cube_d3_k5,16,1,250,250,106,0.097,0.036,0.081,0.000,0.025,0.021
cube_d3_k5,16,2,106,106,52,0.044,0.021,0.044,0.000,0.011,0.014
cube_d3_k5,16,3,52,52,18,0.030,0.008,0.018,0.000,0.006,0.004
cube_d3_k5,16,4,18,18,6,0.014,0.005,0.008,0.000,0.004,0.001
cube_d3_k5,16,5,6,6,2,0.007,0.002,0.005,0.000,0.003,0.000
cube_d3_k5,16,6,2,0,0,0.002,0.001,0.000,,,
cube_d3_k5,16,0,10,750,250,0.005,0.003,0.149,0.000,0.050,0.051
cube_d3_k5,16,1,250,250,106,0.090,0.031,0.082,0.000,0.026,0.023
cube_d3_k5,16,2,106,106,52,0.041,0.022,0.046,0.000,0.012,0.014
cube_d3_k5,16,3,52,52,18,0.031,0.013,0.025,0.000,0.006,0.005
cube_d3_k5,16,4,18,18,6,0.016,0.005,0.008,0.000,0.004,0.001
cube_d3_k5,16,5,6,6,2,0.007,0.002,0.005,0.000,0.003,0.000
cube_d3_k5,16,6,2,0,0,0.002,0.001,0.000,,,
cube_d3_k5,16,0,10,750,250,0.006,0.002,0.126,0.000,0.050,0.029
cube_d3_k5,16,1,250,250,106,0.089,0.041,0.083,0.000,0.025,0.021
cube_d3_k5,16,2,106,106,52,0.042,0.023,0.043,0.000,0.011,0.012
cube_d3_k5,16,3,52,52,18,0.025,0.008,0.017,0.000,0.005,0.004
cube_d3_k5,16,4,18,18,6,0.014,0.005,0.007,0.000,0.004,0.001
cube_d3_k5,16,5,6,6,2,0.007,0.002,0.005,0.000,0.003,0.000
cube_d3_k5,16,6,2,0,0,0.002,0.000,0.000,,,
cube_d3_k5,16,0,10,750,250,0.005,0.002,0.229,0.000,0.151,0.030
cube_d3_k5,16,1,250,250,106,0.102,0.037,0.089,0.000,0.034,0.022
cube_d3_k5,16,2,106,106,52,0.039,0.021,0.038,0.000,0.012,0.010
cube_d3_k5,16,3,52,52,18,0.025,0.008,0.025,0.000,0.006,0.006
cube_d3_k5,16,4,18,18,6,0.015,0.004,0.008,0.000,0.004,0.002
cube_d3_k5,16,5,6,6,2,0.007,0.002,0.005,0.000,0.003,0.000
cube_d3_k5,16,6,2,0,0,0.002,0.000,0.000,,,
cube_d3_k5,32,0,10,750,250,0.520,0.007,1.812,0.000,1.634,0.063
cube_d3_k5,32,1,250,250,106,0.120,0.041,0.085,0.000,0.026,0.025
cube_d3_k5,32,2,106,106,52,0.039,0.029,0.048,0.000,0.012,0.014
cube_d3_k5,32,3,52,52,18,0.030,0.008,0.027,0.000,0.007,0.005
cube_d3_k5,32,4,18,18,6,0.029,0.004,0.008,0.000,0.004,0.001
cube_d3_k5,32,5,6,6,2,0.009,0.002,0.008,0.000,0.003,0.001
cube_d3_k5,32,6,2,0,0,0.002,0.001,0.000,,,
cube_d3_k5,32,0,10,750,250,0.006,0.002,0.149,0.000,0.049,0.035
cube_d3_k5,32,1,250,250,106,0.059,0.042,0.088,0.000,0.027,0.024
cube_d3_k5,32,2,106,106,52,0.039,0.024,0.042,0.000,0.012,0.009
cube_d3_k5,32,3,52,52,18,0.025,0.008,0.026,0.000,0.006,0.005
cube_d3_k5,32,4,18,18,6,0.016,0.004,0.008,0.000,0.004,0.002
cube_d3_k5,32,5,6,6,2,0.008,0.002,0.005,0.000,0.003,0.000
cube_d3_k5,32,6,2,0,0,0.002,0.001,0.000,,,
cube_d3_k5,32,0,10,750,250,0.006,0.003,0.126,0.000,0.046,0.032
cube_d3_k5,32,1,250,250,106,0.055,0.037,0.091,0.000,0.026,0.026
cube_d3_k5,32,2,106,106,52,0.041,0.014,0.047,0.000,0.011,0.012
cube_d3_k5,32,3,52,52,18,0.023,0.008,0.017,0.000,0.006,0.004
cube_d3_k5,32,4,18,18,6,0.015,0.004,0.008,0.000,0.004,0.001
cube_d3_k5,32,5,6,6,2,0.009,0.002,0.004,0.000,0.003,0.000
cube_d3_k5,32,6,2,0,0,0.002,0.000,0.000,,,
cube_d3_k5,32,0,10,750,250,0.005,0.002,0.149,0.000,0.049,0.042
cube_d3_k5,32,1,250,250,106,0.060,0.041,0.088,0.000,0.026,0.023
cube_d3_k5,32,2,106,106,52,0.039,0.021,0.045,0.000,0.012,0.014
cube_d3_k5,32,3,52,52,18,0.027,0.018,0.026,0.000,0.006,0.004
cube_d3_k5,32,4,18,18,6,0.018,0.004,0.009,0.000,0.004,0.001
cube_d3_k5,32,5,6,6,2,0.008,0.001,0.005,0.000,0.003,0.000
cube_d3_k5,32,6,2,0,0,0.002,0.001,0.000,,,
cube_d3_k5,32,0,10,750,250,0.005,0.002,0.140,0.000,0.051,0.033
cube_d3_k5,32,1,250,250,106,0.062,0.043,0.087,0.000,0.028,0.026
cube_d3_k5,32,2,106,106,52,0.036,0.023,0.044,0.000,0.011,0.011
cube_d3_k5,32,3,52,52,18,0.027,0.014,0.023,0.000,0.006,0.005
cube_d3_k5,32,4,18,18,6,0.019,0.004,0.008,0.000,0.004,0.001
cube_d3_k5,32,5,6,6,2,0.005,0.001,0.004,0.000,0.003,0.000
cube_d3_k5,32,6,2,0,0,0.002,0.001,0.000,,,
cube_d3_k5,32,0,10,750,250,0.005,0.002,0.138,0.000,0.048,0.034
cube_d3_k5,32,1,250,250,106,0.056,0.044,0.086,0.000,0.028,0.025
cube_d3_k5,32,2,106,106,52,0.042,0.021,0.052,0.000,0.012,0.009
cube_d3_k5,32,3,52,52,18,0.030,0.008,0.027,0.000,0.006,0.004
cube_d3_k5,32,4,18,18,6,0.016,0.004,0.008,0.000,0.004,0.001
cube_d3_k5,32,5,6,6,2,0.004,0.001,0.004,0.000,0.003,0.000
cube_d3_k5,32,6,2,0,0,0.002,0.000,0.000,,,
cube_d3_k5,64,0,10,750,250,0.571,0.006,1.746,0.000,1.606,0.069
cube_d3_k5,64,1,250,250,106,0.447,0.034,0.349,0.000,0.131,0.019
cube_d3_k5,64,2,106,106,52,0.174,0.022,0.039,0.000,0.011,0.010
cube_d3_k5,64,3,52,52,18,0.021,0.008,0.020,0.000,0.006,0.005
cube_d3_k5,64,4,18,18,6,0.016,0.004,0.008,0.000,0.004,0.001
cube_d3_k5,64,5,6,6,2,0.005,0.001,0.008,0.000,0.003,0.001
cube_d3_k5,64,6,2,0,0,0.002,0.001,0.000,,,
cube_d3_k5,64,0,10,750,250,0.005,0.002,0.215,0.000,0.147,0.027
cube_d3_k5,64,1,250,250,106,0.045,0.032,0.090,0.000,0.038,0.019
cube_d3_k5,64,2,106,106,52,0.034,0.019,0.035,0.000,0.012,0.009
cube_d3_k5,64,3,52,52,18,0.022,0.009,0.016,0.000,0.006,0.004
cube_d3_k5,64,4,18,18,6,0.010,0.002,0.007,0.000,0.004,0.001
cube_d3_k5,64,5,6,6,2,0.004,0.001,0.005,0.000,0.003,0.001
cube_d3_k5,64,6,2,0,0,0.002,0.001,0.000,,,
cube_d3_k5,64,0,10,750,250,0.005,0.002,0.465,0.000,0.218,0.199
cube_d3_k5,64,1,250,250,106,0.134,0.029,0.073,0.000,0.023,0.019
cube_d3_k5,64,2,106,106,52,0.033,0.019,0.042,0.000,0.011,0.011
cube_d3_k5,64,3,52,52,18,0.020,0.008,0.016,0.000,0.006,0.004
cube_d3_k5,64,4,18,18,6,0.016,0.004,0.007,0.000,0.004,0.001
cube_d3_k5,64,5,6,6,2,0.008,0.002,0.005,0.000,0.003,0.000
cube_d3_k5,64,6,2,0,0,0.002,0.000,0.000,,,
cube_d3_k5,64,0,10,750,250,0.006,0.002,0.120,0.000,0.046,0.031
cube_d3_k5,64,1,250,250,106,0.044,0.038,0.070,0.000,0.023,0.018
cube_d3_k5,64,2,106,106,52,0.029,0.017,0.042,0.000,0.012,0.013
cube_d3_k5,64,3,52,52,18,0.018,0.008,0.016,0.000,0.006,0.003
cube_d3_k5,64,4,18,18,6,0.013,0.003,0.008,0.000,0.003,0.002
cube_d3_k5,64,5,6,6,2,0.007,0.002,0.005,0.000,0.003,0.000
cube_d3_k5,64,6,2,0,0,0.002,0.001,0.000,,,
cube_d3_k5,64,0,10,750,250,0.006,0.002,0.128,0.000,0.043,0.030
cube_d3_k5,64,1,250,250,106,0.045,0.028,0.072,0.000,0.024,0.020
cube_d3_k5,64,2,106,106,52,0.030,0.019,0.043,0.000,0.011,0.012
cube_d3_k5,64,3,52,52,18,0.023,0.008,0.017,0.000,0.006,0.004
cube_d3_k5,64,4,18,18,6,0.014,0.003,0.007,0.000,0.004,0.001
cube_d3_k5,64,5,6,6,2,0.007,0.002,0.004,0.000,0.003,0.000
cube_d3_k5,64,6,2,0,0,0.002,0.000,0.000,,,
cube_d3_k5,64,0,10,750,250,0.005,0.002,0.117,0.000,0.046,0.026
cube_d3_k5,64,1,250,250,106,0.045,0.031,0.074,0.000,0.025,0.019
cube_d3_k5,64,2,106,106,52,0.031,0.015,0.035,0.000,0.011,0.009
cube_d3_k5,64,3,52,52,18,0.028,0.007,0.016,0.000,0.006,0.003
cube_d3_k5,64,4,18,18,6,0.009,0.002,0.008,0.000,0.004,0.001
cube_d3_k5,64,5,6,6,2,0.004,0.001,0.004,0.000,0.003,0.000
cube_d3_k5,64,6,2,0,0,0.002,0.000,0.000,,,
cube_d3_k5,128,0,10,750,250,0.827,0.794,9.176,0.000,8.913,0.197
cube_d3_k5,128,1,250,250,106,2.784,0.047,1.690,0.000,1.629,0.021
cube_d3_k5,128,2,106,106,52,3.929,0.029,0.049,0.000,0.016,0.010
cube_d3_k5,128,3,52,52,18,0.911,0.015,0.018,0.000,0.006,0.003
cube_d3_k5,128,4,18,18,6,0.111,0.005,0.008,0.000,0.004,0.001
cube_d3_k5,128,5,6,6,2,0.008,0.001,0.008,0.000,0.003,0.001
cube_d3_k5,128,6,2,0,0,0.002,0.001,0.000,,,
cube_d3_k5,128,0,10,750,250,0.007,0.003,0.277,0.000,0.141,0.046
cube_d3_k5,128,1,250,250,106,0.727,0.040,0.098,0.000,0.029,0.025
cube_d3_k5,128,2,106,106,52,0.840,0.028,0.054,0.000,0.020,0.012
cube_d3_k5,128,3,52,52,18,0.033,0.014,0.019,0.000,0.006,0.004
cube_d3_k5,128,4,18,18,6,0.016,0.004,0.008,0.000,0.004,0.002
cube_d3_k5,128,5,6,6,2,0.006,0.001,0.005,0.000,0.003,0.000
cube_d3_k5,128,6,2,0,0,0.002,0.001,0.000,,,
cube_d3_k5,128,0,10,750,250,0.005,0.002,0.180,0.000,0.052,0.043
cube_d3_k5,128,1,250,250,106,0.064,0.040,0.090,0.000,0.028,0.025
cube_d3_k5,128,2,106,106,52,0.052,0.026,0.058,0.000,0.022,0.012
cube_d3_k5,128,3,52,52,18,0.031,0.014,0.018,0.000,0.006,0.004
cube_d3_k5,128,4,18,18,6,0.017,0.005,0.009,0.000,0.005,0.002
cube_d3_k5,128,5,6,6,2,0.010,0.002,0.005,0.000,0.003,0.000
cube_d3_k5,128,6,2,0,0,0.002,0.001,0.000,,,
cube_d3_k5,128,0,10,750,250,0.005,0.002,0.259,0.000,0.143,0.034
cube_d3_k5,128,1,250,250,106,0.074,0.042,0.095,0.000,0.031,0.025
cube_d3_k5,128,2,106,106,52,0.044,0.027,0.054,0.000,0.012,0.013
cube_d3_k5,128,3,52,52,18,0.029,0.009,0.024,0.000,0.006,0.005
cube_d3_k5,128,4,18,18,6,0.016,0.005,0.008,0.000,0.004,0.001
cube_d3_k5,128,5,6,6,2,0.010,0.002,0.005,0.000,0.003,0.000
cube_d3_k5,128,6,2,0,0,0.002,0.000,0.000,,,
cube_d3_k5,128,0,10,750,250,0.005,0.002,0.145,0.000,0.051,0.039
cube_d3_k5,128,1,250,250,106,0.139,0.033,0.087,0.000,0.026,0.022
cube_d3_k5,128,2,106,106,52,0.051,0.020,0.039,0.000,0.011,0.009
cube_d3_k5,128,3,52,52,18,0.041,0.010,0.017,0.000,0.006,0.004
cube_d3_k5,128,4,18,18,6,0.017,0.005,0.008,0.000,0.004,0.002
cube_d3_k5,128,5,6,6,2,0.005,0.001,0.004,0.000,0.003,0.000
cube_d3_k5,128,6,2,0,0,0.003,0.000,0.000,,,
cube_d3_k5,128,0,10,750,250,0.005,0.002,0.150,0.000,0.049,0.041
cube_d3_k5,128,1,250,250,106,0.060,0.042,0.091,0.000,0.027,0.027
cube_d3_k5,128,2,106,106,52,0.121,0.021,0.048,0.000,0.017,0.011
cube_d3_k5,128,3,52,52,18,0.028,0.008,0.017,0.000,0.005,0.004
cube_d3_k5,128,4,18,18,6,0.024,0.004,0.007,0.000,0.004,0.001
cube_d3_k5,128,5,6,6,2,0.007,0.002,0.005,0.000,0.003,0.000
cube_d3_k5,128,6,2,0,0,0.002,0.001,0.000,,,
cube_d3_k55,1,0,110,998250,332750,0.753,0.904,197.238,0.000,72.479,39.999
cube_d3_k55,1,1,332750,332750,113380,151.740,27.935,93.293,0.000,23.579,14.514
cube_d3_k55,1,2,113380,113380,39366,56.884,6.841,33.884,0.000,8.926,5.012
cube_d3_k55,1,3,39366,39366,13122,23.745,2.346,10.289,0.000,2.956,1.508
cube_d3_k55,1,4,13122,13122,4374,7.049,0.718,2.827,0.000,0.872,0.517
cube_d3_k55,1,5,4374,4374,1458,2.148,0.215,0.936,0.000,0.301,0.171
cube_d3_k55,1,6,1458,1458,486,0.706,0.069,0.296,0.000,0.088,0.057
cube_d3_k55,1,7,486,486,162,0.239,0.026,0.108,0.000,0.035,0.020
cube_d3_k55,1,8,162,162,54,0.079,0.009,0.037,0.000,0.012,0.008
cube_d3_k55,1,9,54,54,18,0.027,0.004,0.015,0.000,0.006,0.003
cube_d3_k55,1,10,18,18,6,0.010,0.002,0.008,0.000,0.004,0.001
cube_d3_k55,1,11,6,6,2,0.004,0.001,0.005,0.000,0.003,0.001
cube_d3_k55,1,12,2,0,0,0.002,0.001,0.000,,,
cube_d3_k55,1,0,110,998250,332750,0.640,0.805,195.396,0.000,69.338,40.096
cube_d3_k55,1,1,332750,332750,113380,156.284,22.713,94.035,0.000,24.854,13.797
cube_d3_k55,1,2,113380,113380,39366,57.720,6.686,33.439,0.000,8.594,4.797
cube_d3_k55,1,3,39366,39366,13122,24.301,2.260,10.173,0.000,2.722,1.548
cube_d3_k55,1,4,13122,13122,4374,6.838,0.734,2.770,0.000,0.837,0.506
cube_d3_k55,1,5,4374,4374,1458,2.043,0.209,0.876,0.000,0.265,0.170
cube_d3_k55,1,6,1458,1458,486,0.674,0.084,0.310,0.000,0.089,0.056
cube_d3_k55,1,7,486,486,162,0.216,0.025,0.100,0.000,0.031,0.020
cube_d3_k55,1,8,162,162,54,0.073,0.009,0.035,0.000,0.012,0.007
cube_d3_k55,1,9,54,54,18,0.025,0.004,0.015,0.000,0.006,0.003
cube_d3_k55,1,10,18,18,6,0.010,0.002,0.008,0.000,0.004,0.001
cube_d3_k55,1,11,6,6,2,0.004,0.001,0.006,0.000,0.003,0.001
cube_d3_k55,1,12,2,0,0,0.002,0.001,0.000,,,
cube_d3_k55,1,0,110,998250,332750,0.643,0.821,194.384,0.000,70.068,39.778
cube_d3_k55,1,1,332750,332750,113380,162.275,25.787,93.851,0.000,24.818,13.900
cube_d3_k55,1,2,113380,113380,39366,60.330,6.943,33.195,0.000,8.543,4.827
cube_d3_k55,1,3,39366,39366,13122,25.889,2.307,10.093,0.000,2.689,1.504
cube_d3_k55,1,4,13122,13122,4374,7.256,0.820,2.841,0.000,0.862,0.512
cube_d3_k55,1,5,4374,4374,1458,2.133,0.223,0.931,0.000,0.271,0.203
cube_d3_k55,1,6,1458,1458,486,0.730,0.085,0.296,0.000,0.088,0.057
cube_d3_k55,1,7,486,486,162,0.234,0.026,0.101,0.000,0.031,0.020
cube_d3_k55,1,8,162,162,54,0.074,0.009,0.037,0.000,0.012,0.007
cube_d3_k55,1,9,54,54,18,0.027,0.004,0.015,0.000,0.006,0.003
cube_d3_k55,1,10,18,18,6,0.010,0.002,0.008,0.000,0.004,0.001
cube_d3_k55,1,11,6,6,2,0.004,0.001,0.005,0.000,0.003,0.001
cube_d3_k55,1,12,2,0,0,0.002,0.001,0.000,,,
cube_d3_k55,1,0,110,998250,332750,0.635,0.809,193.226,0.000,68.991,40.004
cube_d3_k55,1,1,332750,332750,113380,165.377,27.267,94.602,0.000,25.025,13.871
cube_d3_k55,1,2,113380,113380,39366,58.564,7.215,33.312,0.000,8.696,4.747
cube_d3_k55,1,3,39366,39366,13122,24.701,2.281,10.228,0.000,2.719,1.531
cube_d3_k55,1,4,13122,13122,4374,7.034,0.759,2.771,0.000,0.817,0.523
cube_d3_k55,1,5,4374,4374,1458,2.111,0.216,0.878,0.000,0.266,0.168
cube_d3_k55,1,6,1458,1458,486,0.702,0.068,0.292,0.000,0.089,0.057
cube_d3_k55,1,7,486,486,162,0.235,0.026,0.102,0.000,0.031,0.020
cube_d3_k55,1,8,162,162,54,0.079,0.009,0.037,0.000,0.012,0.008
cube_d3_k55,1,9,54,54,18,0.025,0.004,0.015,0.000,0.006,0.003
cube_d3_k55,1,10,18,18,6,0.010,0.002,0.008,0.000,0.004,0.001
cube_d3_k55,1,11,6,6,2,0.004,0.001,0.005,0.000,0.003,0.001
cube_d3_k55,1,12,2,0,0,0.002,0.001,0.000,,,
cube_d3_k55,1,0,110,998250,332750,0.730,1.024,192.410,0.000,69.228,39.783
cube_d3_k55,1,1,332750,332750,113380,166.164,29.279,94.586,0.000,25.092,13.943
cube_d3_k55,1,2,113380,113380,39366,61.354,7.314,33.171,0.000,8.721,4.644
cube_d3_k55,1,3,39366,39366,13122,26.002,2.327,10.157,0.000,2.745,1.517
cube_d3_k55,1,4,13122,13122,4374,7.399,0.801,2.813,0.000,0.806,0.519
cube_d3_k55,1,5,4374,4374,1458,2.185,0.224,0.902,0.000,0.297,0.168
cube_d3_k55,1,6,1458,1458,486,0.718,0.089,0.317,0.000,0.098,0.057
cube_d3_k55,1,7,486,486,162,0.238,0.026,0.106,0.000,0.035,0.020
cube_d3_k55,1,8,162,162,54,0.079,0.009,0.036,0.000,0.012,0.008
cube_d3_k55,1,9,54,54,18,0.027,0.004,0.016,0.000,0.006,0.003
cube_d3_k55,1,10,18,18,6,0.010,0.003,0.009,0.000,0.005,0.002
cube_d3_k55,1,11,6,6,2,0.005,0.002,0.006,0.000,0.003,0.001
cube_d3_k55,1,12,2,0,0,0.002,0.001,0.000,,,
cube_d3_k55,1,0,110,998250,332750,0.649,1.039,193.759,0.000,69.822,39.712
cube_d3_k55,1,1,332750,332750,113380,169.065,30.376,93.716,0.000,24.867,13.954
cube_d3_k55,1,2,113380,113380,39366,59.679,7.399,32.847,0.000,8.520,4.644
cube_d3_k55,1,3,39366,39366,13122,25.048,2.382,10.264,0.000,2.764,1.559
cube_d3_k55,1,4,13122,13122,4374,7.134,0.748,2.808,0.000,0.812,0.552
cube_d3_k55,1,5,4374,4374,1458,2.172,0.232,0.886,0.000,0.262,0.166
cube_d3_k55,1,6,1458,1458,486,0.736,0.068,0.290,0.000,0.088,0.057
cube_d3_k55,1,7,486,486,162,0.243,0.026,0.103,0.000,0.031,0.020
cube_d3_k55,1,8,162,162,54,0.079,0.009,0.036,0.000,0.012,0.008
cube_d3_k55,1,9,54,54,18,0.027,0.004,0.016,0.000,0.006,0.003
cube_d3_k55,1,10,18,18,6,0.010,0.002,0.007,0.000,0.004,0.001
cube_d3_k55,1,11,6,6,2,0.004,0.001,0.005,0.000,0.003,0.001
cube_d3_k55,1,12,2,0,0,0.002,0.001,0.000,,,
cube_d3_k55,2,0,110,998250,332750,1.420,1.444,116.834,0.000,36.740,35.913
cube_d3_k55,2,1,332750,332750,113380,119.808,15.471,61.406,0.000,13.142,12.218
cube_d3_k55,2,2,113380,113380,39366,41.635,6.504,26.463,0.000,6.937,4.646
cube_d3_k55,2,3,39366,39366,13122,16.629,3.017,8.412,0.000,2.690,1.540
cube_d3_k55,2,4,13122,13122,4374,6.075,1.175,2.490,0.000,0.681,0.572
cube_d3_k55,2,5,4374,4374,1458,1.900,0.402,0.954,0.000,0.242,0.198
cube_d3_k55,2,6,1458,1458,486,0.685,0.178,0.348,0.000,0.084,0.067
cube_d3_k55,2,7,486,486,162,0.267,0.059,0.150,0.000,0.035,0.034
cube_d3_k55,2,8,162,162,54,0.085,0.020,0.039,0.000,0.012,0.009
cube_d3_k55,2,9,54,54,18,0.028,0.004,0.016,0.000,0.006,0.003
cube_d3_k55,2,10,18,18,6,0.009,0.002,0.009,0.000,0.005,0.001
cube_d3_k55,2,11,6,6,2,0.004,0.001,0.005,0.000,0.003,0.001
cube_d3_k55,2,12,2,0,0,0.002,0.001,0.000,,,
cube_d3_k55,2,0,110,998250,332750,0.478,0.651,126.419,0.000,33.751,35.835
cube_d3_k55,2,1,332750,332750,113380,139.640,29.953,58.902,0.000,12.491,11.851
cube_d3_k55,2,2,113380,113380,39366,46.463,9.270,25.877,0.000,7.038,4.207
cube_d3_k55,2,3,39366,39366,13122,16.565,2.704,7.754,0.000,2.375,1.547
cube_d3_k55,2,4,13122,13122,4374,5.735,1.003,2.456,0.000,0.749,0.520
cube_d3_k55,2,5,4374,4374,1458,1.864,0.384,0.957,0.000,0.278,0.174
cube_d3_k55,2,6,1458,1458,486,0.615,0.169,0.348,0.000,0.083,0.063
cube_d3_k55,2,7,486,486,162,0.232,0.055,0.142,0.000,0.035,0.034
cube_d3_k55,2,8,162,162,54,0.092,0.019,0.041,0.000,0.014,0.009
cube_d3_k55,2,9,54,54,18,0.031,0.004,0.017,0.000,0.006,0.004
cube_d3_k55,2,10,18,18,6,0.011,0.002,0.008,0.000,0.004,0.001
cube_d3_k55,2,11,6,6,2,0.005,0.001,0.005,0.000,0.003,0.001
cube_d3_k55,2,12,2,0,0,0.002,0.001,0.000,,,
cube_d3_k55,2,0,110,998250,332750,0.471,0.592,117.201,0.000,34.165,35.341
cube_d3_k55,2,1,332750,332750,113380,139.802,29.615,58.494,0.000,12.269,11.920
cube_d3_k55,2,2,113380,113380,39366,46.976,9.346,26.577,0.000,7.218,4.175
cube_d3_k55,2,3,39366,39366,13122,16.750,2.959,8.024,0.000,2.392,1.577
cube_d3_k55,2,4,13122,13122,4374,5.876,1.018,2.459,0.000,0.781,0.510
cube_d3_k55,2,5,4374,4374,1458,1.877,0.400,0.924,0.000,0.242,0.177
cube_d3_k55,2,6,1458,1458,486,0.634,0.178,0.331,0.000,0.083,0.064
cube_d3_k55,2,7,486,486,162,0.247,0.060,0.154,0.000,0.036,0.032
cube_d3_k55,2,8,162,162,54,0.086,0.020,0.049,0.000,0.015,0.012
cube_d3_k55,2,9,54,54,18,0.040,0.005,0.025,0.000,0.008,0.005
cube_d3_k55,2,10,18,18,6,0.014,0.003,0.011,0.000,0.005,0.002
cube_d3_k55,2,11,6,6,2,0.006,0.002,0.006,0.000,0.003,0.001
cube_d3_k55,2,12,2,0,0,0.002,0.001,0.000,,,
cube_d3_k55,2,0,110,998250,332750,0.470,0.591,120.167,0.000,34.186,35.450
cube_d3_k55,2,1,332750,332750,113380,143.496,29.852,59.545,0.000,12.321,12.041
cube_d3_k55,2,2,113380,113380,39366,46.396,9.037,26.492,0.000,6.923,4.271
cube_d3_k55,2,3,39366,39366,13122,16.244,2.642,8.085,0.000,2.539,1.549
cube_d3_k55,2,4,13122,13122,4374,5.634,0.939,2.493,0.000,0.710,0.521
cube_d3_k55,2,5,4374,4374,1458,1.823,0.381,0.916,0.000,0.243,0.174
cube_d3_k55,2,6,1458,1458,486,0.624,0.137,0.334,0.000,0.086,0.064
cube_d3_k55,2,7,486,486,162,0.244,0.057,0.151,0.000,0.036,0.033
cube_d3_k55,2,8,162,162,54,0.081,0.019,0.039,0.000,0.012,0.008
cube_d3_k55,2,9,54,54,18,0.035,0.004,0.017,0.000,0.006,0.004
cube_d3_k55,2,10,18,18,6,0.011,0.002,0.008,0.000,0.004,0.001
cube_d3_k55,2,11,6,6,2,0.005,0.001,0.005,0.000,0.003,0.001
cube_d3_k55,2,12,2,0,0,0.002,0.001,0.000,,,
cube_d3_k55,2,0,110,998250,332750,0.472,0.627,120.061,0.000,34.212,35.508
cube_d3_k55,2,1,332750,332750,113380,141.440,29.802,59.903,0.000,12.655,11.879
cube_d3_k55,2,2,113380,113380,39366,46.369,9.273,26.320,0.000,6.895,4.113
cube_d3_k55,2,3,39366,39366,13122,16.801,3.001,8.092,0.000,2.471,1.572
cube_d3_k55,2,4,13122,13122,4374,6.024,1.081,2.422,0.000,0.719,0.534
cube_d3_k55,2,5,4374,4374,1458,1.852,0.400,0.944,0.000,0.251,0.184
cube_d3_k55,2,6,1458,1458,486,0.675,0.172,0.352,0.000,0.087,0.065
cube_d3_k55,2,7,486,486,162,0.245,0.068,0.151,0.000,0.035,0.035
cube_d3_k55,2,8,162,162,54,0.092,0.020,0.042,0.000,0.013,0.010
cube_d3_k55,2,9,54,54,18,0.035,0.004,0.016,0.000,0.006,0.004
cube_d3_k55,2,10,18,18,6,0.011,0.003,0.010,0.000,0.005,0.002
cube_d3_k55,2,11,6,6,2,0.006,0.002,0.006,0.000,0.003,0.001
cube_d3_k55,2,12,2,0,0,0.002,0.001,0.000,,,
cube_d3_k55,2,0,110,998250,332750,0.467,0.591,124.037,0.000,34.196,35.420
cube_d3_k55,2,1,332750,332750,113380,144.013,30.401,59.775,0.000,12.435,12.093
cube_d3_k55,2,2,113380,113380,39366,45.272,9.136,26.609,0.000,7.100,4.224
cube_d3_k55,2,3,39366,39366,13122,16.393,2.734,7.753,0.000,2.288,1.510
cube_d3_k55,2,4,13122,13122,4374,5.680,0.962,2.556,0.000,0.743,0.517
cube_d3_k55,2,5,4374,4374,1458,1.818,0.460,0.949,0.000,0.249,0.183
cube_d3_k55,2,6,1458,1458,486,0.636,0.162,0.355,0.000,0.087,0.066
cube_d3_k55,2,7,486,486,162,0.237,0.056,0.150,0.000,0.036,0.032
cube_d3_k55,2,8,162,162,54,0.097,0.015,0.038,0.000,0.012,0.008
cube_d3_k55,2,9,54,54,18,0.034,0.004,0.016,0.000,0.006,0.004
cube_d3_k55,2,10,18,18,6,0.011,0.002,0.008,0.000,0.004,0.001
cube_d3_k55,2,11,6,6,2,0.004,0.001,0.005,0.000,0.003,0.001
cube_d3_k55,2,12,2,0,0,0.002,0.001,0.000,,,
cube_d3_k55,4,0,110,998250,332750,1.364,1.188,66.378,0.000,20.566,20.376
cube_d3_k55,4,1,332750,332750,113380,75.242,14.684,37.567,0.000,7.522,7.334
cube_d3_k55,4,2,113380,113380,39366,27.412,5.517,17.578,0.000,6.368,2.604
cube_d3_k55,4,3,39366,39366,13122,10.521,2.389,5.778,0.000,2.255,0.856
cube_d3_k55,4,4,13122,13122,4374,4.375,0.945,1.999,0.000,0.718,0.346
cube_d3_k55,4,5,4374,4374,1458,1.374,0.342,0.794,0.000,0.244,0.128
cube_d3_k55,4,6,1458,1458,486,0.445,0.139,0.320,0.000,0.084,0.054
cube_d3_k55,4,7,486,486,162,0.187,0.069,0.157,0.000,0.039,0.036
cube_d3_k55,4,8,162,162,54,0.073,0.025,0.048,0.000,0.013,0.011
cube_d3_k55,4,9,54,54,18,0.030,0.008,0.019,0.000,0.006,0.003
cube_d3_k55,4,10,18,18,6,0.012,0.002,0.008,0.000,0.004,0.002
cube_d3_k55,4,11,6,6,2,0.004,0.001,0.005,0.000,0.003,0.001
cube_d3_k55,4,12,2,0,0,0.002,0.001,0.000,,,
cube_d3_k55,4,0,110,998250,332750,0.268,0.453,70.814,0.000,17.559,20.163
cube_d3_k55,4,1,332750,332750,113380,86.792,19.201,35.632,0.000,6.941,6.957
cube_d3_k55,4,2,113380,113380,39366,28.343,6.200,16.877,0.000,6.014,2.433
cube_d3_k55,4,3,39366,39366,13122,10.338,2.292,5.551,0.000,2.021,0.865
cube_d3_k55,4,4,13122,13122,4374,4.420,0.938,1.908,0.000,0.650,0.341
cube_d3_k55,4,5,4374,4374,1458,1.416,0.389,0.837,0.000,0.251,0.143
cube_d3_k55,4,6,1458,1458,486,0.490,0.148,0.301,0.000,0.086,0.051
cube_d3_k55,4,7,486,486,162,0.212,0.076,0.174,0.000,0.044,0.038
cube_d3_k55,4,8,162,162,54,0.081,0.025,0.048,0.000,0.012,0.012
cube_d3_k55,4,9,54,54,18,0.043,0.004,0.028,0.000,0.006,0.008
cube_d3_k55,4,10,18,18,6,0.014,0.002,0.010,0.000,0.004,0.002
cube_d3_k55,4,11,6,6,2,0.005,0.001,0.005,0.000,0.003,0.001
cube_d3_k55,4,12,2,0,0,0.002,0.001,0.000,,,
cube_d3_k55,4,0,110,998250,332750,0.275,0.471,66.760,0.000,17.348,19.166
cube_d3_k55,4,1,332750,332750,113380,87.661,19.007,36.782,0.000,6.721,6.838
cube_d3_k55,4,2,113380,113380,39366,27.698,6.148,16.616,0.000,5.699,2.440
cube_d3_k55,4,3,39366,39366,13122,10.330,2.136,5.538,0.000,2.242,0.853
cube_d3_k55,4,4,13122,13122,4374,4.230,0.808,1.927,0.000,0.648,0.325
cube_d3_k55,4,5,4374,4374,1458,1.330,0.357,0.792,0.000,0.247,0.123
cube_d3_k55,4,6,1458,1458,486,0.440,0.156,0.305,0.000,0.084,0.055
cube_d3_k55,4,7,486,486,162,0.225,0.072,0.168,0.000,0.042,0.037
cube_d3_k55,4,8,162,162,54,0.079,0.028,0.048,0.000,0.013,0.013
cube_d3_k55,4,9,54,54,18,0.043,0.004,0.031,0.000,0.007,0.008
cube_d3_k55,4,10,18,18,6,0.014,0.002,0.009,0.000,0.004,0.001
cube_d3_k55,4,11,6,6,2,0.005,0.001,0.004,0.000,0.003,0.001
cube_d3_k55,4,12,2,0,0,0.002,0.001,0.000,,,
cube_d3_k55,4,0,110,998250,332750,0.260,0.401,70.130,0.000,17.746,19.413
cube_d3_k55,4,1,332750,332750,113380,86.567,19.022,36.855,0.000,6.667,7.030
cube_d3_k55,4,2,113380,113380,39366,28.542,6.422,17.159,0.000,6.024,2.402
cube_d3_k55,4,3,39366,39366,13122,10.329,2.150,5.719,0.000,2.294,0.848
cube_d3_k55,4,4,13122,13122,4374,4.173,0.847,2.103,0.000,0.665,0.404
cube_d3_k55,4,5,4374,4374,1458,1.335,0.367,0.871,0.000,0.235,0.132
cube_d3_k55,4,6,1458,1458,486,0.453,0.157,0.317,0.000,0.084,0.050
cube_d3_k55,4,7,486,486,162,0.200,0.065,0.149,0.000,0.043,0.037
cube_d3_k55,4,8,162,162,54,0.080,0.034,0.046,0.000,0.012,0.011
cube_d3_k55,4,9,54,54,18,0.025,0.013,0.030,0.000,0.007,0.009
cube_d3_k55,4,10,18,18,6,0.018,0.002,0.009,0.000,0.004,0.002
cube_d3_k55,4,11,6,6,2,0.007,0.002,0.005,0.000,0.003,0.001
cube_d3_k55,4,12,2,0,0,0.002,0.001,0.000,,,
cube_d3_k55,4,0,110,998250,332750,0.256,0.426,70.136,0.000,17.742,19.801
cube_d3_k55,4,1,332750,332750,113380,87.833,19.249,36.783,0.000,6.993,6.987
cube_d3_k55,4,2,113380,113380,39366,28.864,6.213,16.827,0.000,5.836,2.424
cube_d3_k55,4,3,39366,39366,13122,10.107,2.127,5.673,0.000,2.010,0.861
cube_d3_k55,4,4,13122,13122,4374,4.186,0.836,1.944,0.000,0.664,0.326
cube_d3_k55,4,5,4374,4374,1458,1.337,0.368,0.831,0.000,0.248,0.131
cube_d3_k55,4,6,1458,1458,486,0.538,0.147,0.317,0.000,0.084,0.058
cube_d3_k55,4,7,486,486,162,0.178,0.071,0.158,0.000,0.039,0.036
cube_d3_k55,4,8,162,162,54,0.078,0.024,0.040,0.000,0.012,0.008
cube_d3_k55,4,9,54,54,18,0.033,0.008,0.019,0.000,0.006,0.004
cube_d3_k55,4,10,18,18,6,0.015,0.002,0.009,0.000,0.004,0.002
cube_d3_k55,4,11,6,6,2,0.007,0.002,0.005,0.000,0.003,0.001
cube_d3_k55,4,12,2,0,0,0.002,0.001,0.000,,,
cube_d3_k55,4,0,110,998250,332750,0.266,0.423,70.577,0.000,17.967,19.682
cube_d3_k55,4,1,332750,332750,113380,85.241,19.224,36.962,0.000,6.893,7.206
cube_d3_k55,4,2,113380,113380,39366,28.940,6.306,16.916,0.000,5.775,2.602
cube_d3_k55,4,3,39366,39366,13122,10.135,2.367,5.837,0.000,2.363,0.865
cube_d3_k55,4,4,13122,13122,4374,4.116,0.836,2.137,0.000,0.736,0.339
cube_d3_k55,4,5,4374,4374,1458,1.345,0.357,0.827,0.000,0.246,0.131
cube_d3_k55,4,6,1458,1458,486,0.506,0.155,0.323,0.000,0.085,0.050
cube_d3_k55,4,7,486,486,162,0.207,0.062,0.144,0.000,0.042,0.038
cube_d3_k55,4,8,162,162,54,0.078,0.026,0.051,0.000,0.013,0.013
cube_d3_k55,4,9,54,54,18,0.043,0.004,0.030,0.000,0.006,0.008
cube_d3_k55,4,10,18,18,6,0.016,0.003,0.010,0.000,0.005,0.002
cube_d3_k55,4,11,6,6,2,0.006,0.002,0.005,0.000,0.003,0.001
cube_d3_k55,4,12,2,0,0,0.002,0.001,0.000,,,
cube_d3_k55,8,0,110,998250,332750,1.383,1.387,38.605,0.000,11.900,11.578
cube_d3_k55,8,1,332750,332750,113380,43.661,9.603,21.586,0.000,5.097,3.733
cube_d3_k55,8,2,113380,113380,39366,15.242,3.204,11.111,0.000,5.641,1.300
cube_d3_k55,8,3,39366,39366,13122,5.595,1.176,3.851,0.000,1.965,0.491
cube_d3_k55,8,4,13122,13122,4374,3.126,0.439,1.347,0.000,0.594,0.201
cube_d3_k55,8,5,4374,4374,1458,0.874,0.227,0.724,0.000,0.347,0.082
cube_d3_k55,8,6,1458,1458,486,0.326,0.122,0.246,0.000,0.089,0.039
cube_d3_k55,8,7,486,486,162,0.179,0.048,0.133,0.000,0.040,0.042
cube_d3_k55,8,8,162,162,54,0.071,0.023,0.050,0.000,0.015,0.012
cube_d3_k55,8,9,54,54,18,0.032,0.008,0.029,0.000,0.007,0.008
cube_d3_k55,8,10,18,18,6,0.013,0.005,0.008,0.000,0.004,0.002
cube_d3_k55,8,11,6,6,2,0.005,0.001,0.005,0.000,0.003,0.001
cube_d3_k55,8,12,2,0,0,0.002,0.001,0.000,,,
cube_d3_k55,8,0,110,998250,332750,0.205,0.430,38.728,0.000,10.337,10.822
cube_d3_k55,8,1,332750,332750,113380,46.011,10.892,20.338,0.000,4.170,3.559
cube_d3_k55,8,2,113380,113380,39366,15.834,3.461,10.626,0.000,5.351,1.302
cube_d3_k55,8,3,39366,39366,13122,5.824,1.328,3.555,0.000,1.727,0.469
cube_d3_k55,8,4,13122,13122,4374,2.995,0.458,1.321,0.000,0.569,0.215
cube_d3_k55,8,5,4374,4374,1458,0.881,0.266,0.784,0.000,0.396,0.084
cube_d3_k55,8,6,1458,1458,486,0.331,0.125,0.249,0.000,0.088,0.038
cube_d3_k55,8,7,486,486,162,0.121,0.054,0.128,0.000,0.039,0.043
cube_d3_k55,8,8,162,162,54,0.085,0.026,0.053,0.000,0.015,0.012
cube_d3_k55,8,9,54,54,18,0.035,0.008,0.026,0.000,0.006,0.007
cube_d3_k55,8,10,18,18,6,0.013,0.005,0.009,0.000,0.004,0.002
cube_d3_k55,8,11,6,6,2,0.005,0.001,0.005,0.000,0.003,0.001
cube_d3_k55,8,12,2,0,0,0.002,0.001,0.000,,,
cube_d3_k55,8,0,110,998250,332750,0.211,0.455,38.232,0.000,9.713,10.687
cube_d3_k55,8,1,332750,332750,113380,46.604,10.913,20.493,0.000,4.176,3.604
cube_d3_k55,8,2,113380,113380,39366,15.066,3.294,10.815,0.000,5.497,1.314
cube_d3_k55,8,3,39366,39366,13122,5.485,1.189,3.719,0.000,1.805,0.490
cube_d3_k55,8,4,13122,13122,4374,2.812,0.446,1.408,0.000,0.638,0.215
cube_d3_k55,8,5,4374,4374,1458,0.875,0.259,0.623,0.000,0.245,0.082
cube_d3_k55,8,6,1458,1458,486,0.330,0.120,0.251,0.000,0.087,0.037
cube_d3_k55,8,7,486,486,162,0.116,0.066,0.145,0.000,0.037,0.048
cube_d3_k55,8,8,162,162,54,0.074,0.023,0.052,0.000,0.015,0.011
cube_d3_k55,8,9,54,54,18,0.035,0.007,0.027,0.000,0.007,0.007
cube_d3_k55,8,10,18,18,6,0.013,0.004,0.009,0.000,0.004,0.002
cube_d3_k55,8,11,6,6,2,0.006,0.001,0.005,0.000,0.003,0.001
cube_d3_k55,8,12,2,0,0,0.002,0.001,0.000,,,
cube_d3_k55,8,0,110,998250,332750,0.209,0.417,39.602,0.000,9.793,11.020
cube_d3_k55,8,1,332750,332750,113380,48.286,11.002,20.495,0.000,4.079,3.608
cube_d3_k55,8,2,113380,113380,39366,15.777,3.410,10.836,0.000,5.355,1.314
cube_d3_k55,8,3,39366,39366,13122,5.595,1.283,3.731,0.000,1.843,0.475
cube_d3_k55,8,4,13122,13122,4374,2.886,0.452,1.358,0.000,0.604,0.209
cube_d3_k55,8,5,4374,4374,1458,0.871,0.269,0.637,0.000,0.258,0.086
cube_d3_k55,8,6,1458,1458,486,0.333,0.127,0.253,0.000,0.089,0.041
cube_d3_k55,8,7,486,486,162,0.124,0.050,0.119,0.000,0.035,0.026
cube_d3_k55,8,8,162,162,54,0.059,0.025,0.054,0.000,0.014,0.014
cube_d3_k55,8,9,54,54,18,0.043,0.009,0.028,0.000,0.007,0.008
cube_d3_k55,8,10,18,18,6,0.013,0.004,0.008,0.000,0.004,0.002
cube_d3_k55,8,11,6,6,2,0.005,0.001,0.004,0.000,0.003,0.001
cube_d3_k55,8,12,2,0,0,0.002,0.001,0.000,,,
cube_d3_k55,8,0,110,998250,332750,0.209,0.425,39.607,0.000,9.866,10.987
cube_d3_k55,8,1,332750,332750,113380,47.159,11.138,20.501,0.000,4.275,3.609
cube_d3_k55,8,2,113380,113380,39366,15.136,3.237,11.126,0.000,5.587,1.334
cube_d3_k55,8,3,39366,39366,13122,5.356,1.253,3.685,0.000,1.770,0.499
cube_d3_k55,8,4,13122,13122,4374,2.847,0.446,1.337,0.000,0.554,0.224
cube_d3_k55,8,5,4374,4374,1458,0.859,0.247,0.613,0.000,0.217,0.081
cube_d3_k55,8,6,1458,1458,486,0.351,0.120,0.247,0.000,0.087,0.040
cube_d3_k55,8,7,486,486,162,0.113,0.047,0.112,0.000,0.034,0.029
cube_d3_k55,8,8,162,162,54,0.075,0.025,0.052,0.000,0.015,0.013
cube_d3_k55,8,9,54,54,18,0.033,0.008,0.026,0.000,0.006,0.007
cube_d3_k55,8,10,18,18,6,0.014,0.005,0.009,0.000,0.004,0.002
cube_d3_k55,8,11,6,6,2,0.006,0.001,0.005,0.000,0.003,0.001
cube_d3_k55,8,12,2,0,0,0.002,0.001,0.000,,,
cube_d3_k55,8,0,110,998250,332750,0.186,0.417,40.274,0.000,10.094,10.893
cube_d3_k55,8,1,332750,332750,113380,48.267,10.886,21.032,0.000,4.266,3.683
cube_d3_k55,8,2,113380,113380,39366,15.635,3.439,11.139,0.000,5.545,1.331
cube_d3_k55,8,3,39366,39366,13122,5.758,1.347,3.672,0.000,1.771,0.473
cube_d3_k55,8,4,13122,13122,4374,2.844,0.466,1.430,0.000,0.681,0.206
cube_d3_k55,8,5,4374,4374,1458,0.878,0.249,0.637,0.000,0.256,0.082
cube_d3_k55,8,6,1458,1458,486,0.320,0.127,0.250,0.000,0.088,0.040
cube_d3_k55,8,7,486,486,162,0.119,0.050,0.117,0.000,0.035,0.030
cube_d3_k55,8,8,162,162,54,0.056,0.031,0.052,0.000,0.013,0.012
cube_d3_k55,8,9,54,54,18,0.053,0.004,0.028,0.000,0.007,0.008
cube_d3_k55,8,10,18,18,6,0.014,0.004,0.009,0.000,0.004,0.001
cube_d3_k55,8,11,6,6,2,0.006,0.001,0.004,0.000,0.003,0.001
cube_d3_k55,8,12,2,0,0,0.002,0.001,0.000,,,
cube_d3_k55,16,0,110,998250,332750,1.965,1.384,25.152,0.000,8.607,5.938
cube_d3_k55,16,1,332750,332750,113380,24.483,5.782,13.467,0.000,3.738,2.192
cube_d3_k55,16,2,113380,113380,39366,8.073,2.067,8.454,0.000,5.510,0.745
cube_d3_k55,16,3,39366,39366,13122,3.154,0.759,3.183,0.000,2.011,0.303
cube_d3_k55,16,4,13122,13122,4374,2.361,0.321,1.078,0.000,0.569,0.141
cube_d3_k55,16,5,4374,4374,1458,0.772,0.204,0.507,0.000,0.217,0.069
cube_d3_k55,16,6,1458,1458,486,0.281,0.082,0.238,0.000,0.107,0.032
cube_d3_k55,16,7,486,486,162,0.123,0.048,0.096,0.000,0.033,0.019
cube_d3_k55,16,8,162,162,54,0.055,0.024,0.051,0.000,0.016,0.012
cube_d3_k55,16,9,54,54,18,0.027,0.012,0.027,0.000,0.008,0.007
cube_d3_k55,16,10,18,18,6,0.013,0.005,0.008,0.000,0.004,0.001
cube_d3_k55,16,11,6,6,2,0.006,0.002,0.005,0.000,0.003,0.001
cube_d3_k55,16,12,2,0,0,0.002,0.001,0.000,,,
cube_d3_k55,16,0,110,998250,332750,0.209,0.410,23.741,0.000,6.158,5.916
cube_d3_k55,16,1,332750,332750,113380,23.840,5.589,11.174,0.000,2.327,1.989
cube_d3_k55,16,2,113380,113380,39366,8.064,1.924,8.027,0.000,5.133,0.749
cube_d3_k55,16,3,39366,39366,13122,2.943,0.703,2.826,0.000,1.682,0.304
cube_d3_k55,16,4,13122,13122,4374,2.295,0.305,1.161,0.000,0.646,0.150
cube_d3_k55,16,5,4374,4374,1458,1.035,0.213,0.528,0.000,0.219,0.066
cube_d3_k55,16,6,1458,1458,486,0.346,0.108,0.277,0.000,0.109,0.041
cube_d3_k55,16,7,486,486,162,0.112,0.044,0.107,0.000,0.035,0.025
cube_d3_k55,16,8,162,162,54,0.053,0.025,0.054,0.000,0.014,0.014
cube_d3_k55,16,9,54,54,18,0.030,0.013,0.029,0.000,0.007,0.008
cube_d3_k55,16,10,18,18,6,0.016,0.005,0.009,0.000,0.004,0.002
cube_d3_k55,16,11,6,6,2,0.008,0.002,0.005,0.000,0.003,0.001
cube_d3_k55,16,12,2,0,0,0.002,0.001,0.000,,,
cube_d3_k55,16,0,110,998250,332750,0.203,0.431,24.010,0.000,6.426,5.730
cube_d3_k55,16,1,332750,332750,113380,24.151,5.182,11.377,0.000,2.287,2.004
cube_d3_k55,16,2,113380,113380,39366,8.349,2.025,8.732,0.000,5.859,0.756
cube_d3_k55,16,3,39366,39366,13122,3.095,0.750,3.229,0.000,2.011,0.336
cube_d3_k55,16,4,13122,13122,4374,2.828,0.356,1.158,0.000,0.608,0.163
cube_d3_k55,16,5,4374,4374,1458,0.876,0.221,0.526,0.000,0.223,0.065
cube_d3_k55,16,6,1458,1458,486,0.371,0.083,0.244,0.000,0.109,0.036
cube_d3_k55,16,7,486,486,162,0.119,0.047,0.102,0.000,0.034,0.022
cube_d3_k55,16,8,162,162,54,0.060,0.029,0.052,0.000,0.015,0.014
cube_d3_k55,16,9,54,54,18,0.029,0.013,0.029,0.000,0.007,0.008
cube_d3_k55,16,10,18,18,6,0.017,0.005,0.009,0.000,0.004,0.002
cube_d3_k55,16,11,6,6,2,0.008,0.002,0.005,0.000,0.003,0.001
cube_d3_k55,16,12,2,0,0,0.002,0.001,0.000,,,
cube_d3_k55,16,0,110,998250,332750,0.199,0.400,25.014,0.000,6.377,5.800
cube_d3_k55,16,1,332750,332750,113380,24.145,5.478,11.502,0.000,2.422,2.003
cube_d3_k55,16,2,113380,113380,39366,7.927,1.915,8.891,0.000,5.885,0.747
cube_d3_k55,16,3,39366,39366,13122,2.894,0.698,3.420,0.000,1.956,0.335
cube_d3_k55,16,4,13122,13122,4374,2.676,0.342,1.204,0.000,0.654,0.166
cube_d3_k55,16,5,4374,4374,1458,0.857,0.203,0.590,0.000,0.254,0.074
cube_d3_k55,16,6,1458,1458,486,0.282,0.084,0.245,0.000,0.108,0.034
cube_d3_k55,16,7,486,486,162,0.132,0.056,0.107,0.000,0.033,0.022
cube_d3_k55,16,8,162,162,54,0.059,0.024,0.051,0.000,0.014,0.014
cube_d3_k55,16,9,54,54,18,0.028,0.013,0.028,0.000,0.007,0.009
cube_d3_k55,16,10,18,18,6,0.015,0.005,0.009,0.000,0.004,0.002
cube_d3_k55,16,11,6,6,2,0.008,0.002,0.005,0.000,0.003,0.001
cube_d3_k55,16,12,2,0,0,0.002,0.001,0.000,,,
cube_d3_k55,16,0,110,998250,332750,0.205,0.439,24.914,0.000,6.630,5.876
cube_d3_k55,16,1,332750,332750,113380,25.672,5.538,11.573,0.000,2.411,1.996
cube_d3_k55,16,2,113380,113380,39366,8.317,2.028,8.199,0.000,5.305,0.749
cube_d3_k55,16,3,39366,39366,13122,3.071,1.037,3.348,0.000,1.919,0.325
cube_d3_k55,16,4,13122,13122,4374,2.545,0.361,1.143,0.000,0.600,0.154
cube_d3_k55,16,5,4374,4374,1458,0.901,0.217,0.552,0.000,0.230,0.073
cube_d3_k55,16,6,1458,1458,486,0.296,0.091,0.249,0.000,0.110,0.038
cube_d3_k55,16,7,486,486,162,0.128,0.051,0.101,0.000,0.035,0.021
cube_d3_k55,16,8,162,162,54,0.059,0.028,0.051,0.000,0.015,0.013
cube_d3_k55,16,9,54,54,18,0.030,0.013,0.027,0.000,0.006,0.008
cube_d3_k55,16,10,18,18,6,0.014,0.005,0.009,0.000,0.004,0.002
cube_d3_k55,16,11,6,6,2,0.007,0.002,0.005,0.000,0.003,0.001
cube_d3_k55,16,12,2,0,0,0.002,0.001,0.000,,,
cube_d3_k55,16,0,110,998250,332750,0.198,0.407,24.806,0.000,6.462,5.803
cube_d3_k55,16,1,332750,332750,113380,24.838,5.173,11.430,0.000,2.341,2.012
cube_d3_k55,16,2,113380,113380,39366,7.885,1.927,9.259,0.000,6.129,0.759
cube_d3_k55,16,3,39366,39366,13122,2.927,1.008,3.253,0.000,1.984,0.330
cube_d3_k55,16,4,13122,13122,4374,2.549,0.337,1.151,0.000,0.605,0.157
cube_d3_k55,16,5,4374,4374,1458,0.853,0.220,0.535,0.000,0.220,0.072
cube_d3_k55,16,6,1458,1458,486,0.281,0.084,0.249,0.000,0.109,0.038
cube_d3_k55,16,7,486,486,162,0.134,0.051,0.104,0.000,0.033,0.022
cube_d3_k55,16,8,162,162,54,0.058,0.026,0.053,0.000,0.015,0.014
cube_d3_k55,16,9,54,54,18,0.028,0.012,0.029,0.000,0.007,0.008
cube_d3_k55,16,10,18,18,6,0.015,0.004,0.009,0.000,0.004,0.001
cube_d3_k55,16,11,6,6,2,0.007,0.002,0.005,0.000,0.003,0.001
cube_d3_k55,16,12,2,0,0,0.002,0.001,0.000,,,
cube_d3_k55,32,0,110,998250,332750,2.807,1.369,21.430,0.000,8.472,4.381
cube_d3_k55,32,1,332750,332750,113380,11.230,3.134,11.835,0.000,6.174,1.387
cube_d3_k55,32,2,113380,113380,39366,4.563,1.205,7.500,0.000,5.511,0.474
cube_d3_k55,32,3,39366,39366,13122,1.834,0.516,2.791,0.000,2.001,0.215
cube_d3_k55,32,4,13122,13122,4374,1.905,0.248,0.952,0.000,0.575,0.115
cube_d3_k55,32,5,4374,4374,1458,0.645,0.219,0.556,0.000,0.312,0.051
cube_d3_k55,32,6,1458,1458,486,0.289,0.072,0.211,0.000,0.086,0.035
cube_d3_k55,32,7,486,486,162,0.110,0.052,0.103,0.000,0.037,0.023
cube_d3_k55,32,8,162,162,54,0.055,0.036,0.056,0.000,0.017,0.015
cube_d3_k55,32,9,54,54,18,0.044,0.018,0.031,0.000,0.008,0.006
cube_d3_k55,32,10,18,18,6,0.018,0.005,0.009,0.000,0.004,0.002
cube_d3_k55,32,11,6,6,2,0.009,0.002,0.005,0.000,0.003,0.001
cube_d3_k55,32,12,2,0,0,0.002,0.001,0.000,,,
cube_d3_k55,32,0,110,998250,332750,0.267,0.447,15.242,0.000,4.390,3.110
cube_d3_k55,32,1,332750,332750,113380,12.490,3.110,6.582,0.000,1.663,1.109
cube_d3_k55,32,2,113380,113380,39366,4.807,1.219,7.257,0.000,5.513,0.464
cube_d3_k55,32,3,39366,39366,13122,1.785,0.516,2.719,0.000,1.947,0.229
cube_d3_k55,32,4,13122,13122,4374,2.210,0.251,1.019,0.000,0.652,0.108
cube_d3_k55,32,5,4374,4374,1458,0.770,0.228,0.601,0.000,0.358,0.054
cube_d3_k55,32,6,1458,1458,486,0.342,0.093,0.212,0.000,0.087,0.035
cube_d3_k55,32,7,486,486,162,0.102,0.056,0.098,0.000,0.034,0.021
cube_d3_k55,32,8,162,162,54,0.052,0.028,0.056,0.000,0.015,0.016
cube_d3_k55,32,9,54,54,18,0.027,0.015,0.030,0.000,0.007,0.008
cube_d3_k55,32,10,18,18,6,0.014,0.004,0.009,0.000,0.004,0.002
cube_d3_k55,32,11,6,6,2,0.008,0.002,0.005,0.000,0.003,0.001
cube_d3_k55,32,12,2,0,0,0.002,0.001,0.000,,,
cube_d3_k55,32,0,110,998250,332750,0.334,0.431,14.294,0.000,4.628,3.021
cube_d3_k55,32,1,332750,332750,113380,12.536,3.094,7.185,0.000,1.557,1.136
cube_d3_k55,32,2,113380,113380,39366,4.851,1.208,7.145,0.000,5.390,0.456
cube_d3_k55,32,3,39366,39366,13122,1.817,0.502,2.583,0.000,1.823,0.203
cube_d3_k55,32,4,13122,13122,4374,2.144,0.245,0.966,0.000,0.606,0.113
cube_d3_k55,32,5,4374,4374,1458,0.742,0.220,0.600,0.000,0.361,0.052
cube_d3_k55,32,6,1458,1458,486,0.279,0.079,0.195,0.000,0.083,0.030
cube_d3_k55,32,7,486,486,162,0.114,0.057,0.098,0.000,0.035,0.023
cube_d3_k55,32,8,162,162,54,0.044,0.027,0.058,0.000,0.020,0.013
cube_d3_k55,32,9,54,54,18,0.027,0.010,0.028,0.000,0.008,0.005
cube_d3_k55,32,10,18,18,6,0.014,0.004,0.009,0.000,0.004,0.002
cube_d3_k55,32,11,6,6,2,0.009,0.002,0.006,0.000,0.003,0.001
cube_d3_k55,32,12,2,0,0,0.002,0.001,0.000,,,
cube_d3_k55,32,0,110,998250,332750,0.296,0.425,14.999,0.000,4.639,3.043
cube_d3_k55,32,1,332750,332750,113380,12.689,3.081,6.942,0.000,1.606,1.160
cube_d3_k55,32,2,113380,113380,39366,4.596,1.338,7.309,0.000,5.556,0.472
cube_d3_k55,32,3,39366,39366,13122,1.735,0.502,2.722,0.000,1.943,0.220
cube_d3_k55,32,4,13122,13122,4374,2.089,0.245,0.941,0.000,0.566,0.119
cube_d3_k55,32,5,4374,4374,1458,0.774,0.214,0.460,0.000,0.218,0.051
cube_d3_k55,32,6,1458,1458,486,0.283,0.081,0.204,0.000,0.085,0.032
cube_d3_k55,32,7,486,486,162,0.106,0.047,0.106,0.000,0.044,0.024
cube_d3_k55,32,8,162,162,54,0.048,0.025,0.051,0.000,0.014,0.013
cube_d3_k55,32,9,54,54,18,0.026,0.010,0.029,0.000,0.008,0.006
cube_d3_k55,32,10,18,18,6,0.018,0.005,0.010,0.000,0.004,0.002
cube_d3_k55,32,11,6,6,2,0.005,0.001,0.005,0.000,0.003,0.001
cube_d3_k55,32,12,2,0,0,0.002,0.001,0.000,,,
cube_d3_k55,32,0,110,998250,332750,0.312,0.426,14.741,0.000,4.691,3.090
cube_d3_k55,32,1,332750,332750,113380,12.594,3.341,6.573,0.000,1.569,1.157
cube_d3_k55,32,2,113380,113380,39366,4.794,1.211,7.244,0.000,5.488,0.471
cube_d3_k55,32,3,39366,39366,13122,1.815,0.516,2.554,0.000,1.805,0.216
cube_d3_k55,32,4,13122,13122,4374,2.044,0.256,0.968,0.000,0.589,0.122
cube_d3_k55,32,5,4374,4374,1458,0.674,0.231,0.446,0.000,0.214,0.051
cube_d3_k55,32,6,1458,1458,486,0.313,0.087,0.203,0.000,0.083,0.035
cube_d3_k55,32,7,486,486,162,0.108,0.043,0.093,0.000,0.036,0.018
cube_d3_k55,32,8,162,162,54,0.047,0.024,0.051,0.000,0.015,0.012
cube_d3_k55,32,9,54,54,18,0.024,0.010,0.025,0.000,0.007,0.006
cube_d3_k55,32,10,18,18,6,0.014,0.004,0.009,0.000,0.004,0.002
cube_d3_k55,32,11,6,6,2,0.009,0.002,0.005,0.000,0.003,0.001
cube_d3_k55,32,12,2,0,0,0.002,0.001,0.000,,,
cube_d3_k55,32,0,110,998250,332750,0.345,0.423,14.990,0.000,4.635,3.132
cube_d3_k55,32,1,332750,332750,113380,12.648,3.130,7.242,0.000,1.645,1.171
cube_d3_k55,32,2,113380,113380,39366,4.576,1.208,7.167,0.000,5.395,0.457
cube_d3_k55,32,3,39366,39366,13122,1.696,0.489,2.720,0.000,1.924,0.226
cube_d3_k55,32,4,13122,13122,4374,2.076,0.245,0.962,0.000,0.580,0.119
cube_d3_k55,32,5,4374,4374,1458,0.790,0.223,0.479,0.000,0.239,0.052
cube_d3_k55,32,6,1458,1458,486,0.253,0.090,0.206,0.000,0.081,0.034
cube_d3_k55,32,7,486,486,162,0.099,0.050,0.095,0.000,0.035,0.018
cube_d3_k55,32,8,162,162,54,0.046,0.029,0.054,0.000,0.014,0.016
cube_d3_k55,32,9,54,54,18,0.026,0.010,0.029,0.000,0.007,0.005
cube_d3_k55,32,10,18,18,6,0.014,0.004,0.009,0.000,0.004,0.001
cube_d3_k55,32,11,6,6,2,0.005,0.001,0.004,0.000,0.003,0.001
cube_d3_k55,32,12,2,0,0,0.002,0.001,0.000,,,
cube_d3_k55,64,0,110,998250,332750,4.614,1.248,23.760,0.000,9.117,6.576
cube_d3_k55,64,1,332750,332750,113380,7.477,2.372,8.788,0.000,4.873,1.108
cube_d3_k55,64,2,113380,113380,39366,3.030,0.822,7.530,0.000,6.205,0.329
cube_d3_k55,64,3,39366,39366,13122,1.203,0.417,2.562,0.000,1.968,0.167
cube_d3_k55,64,4,13122,13122,4374,1.594,0.210,0.929,0.000,0.577,0.135
cube_d3_k55,64,5,4374,4374,1458,0.415,0.170,0.528,0.000,0.305,0.045
cube_d3_k55,64,6,1458,1458,486,0.163,0.076,0.203,0.000,0.084,0.035
cube_d3_k55,64,7,486,486,162,0.081,0.048,0.096,0.000,0.035,0.019
cube_d3_k55,64,8,162,162,54,0.050,0.025,0.054,0.000,0.013,0.014
cube_d3_k55,64,9,54,54,18,0.028,0.009,0.029,0.000,0.008,0.005
cube_d3_k55,64,10,18,18,6,0.016,0.004,0.009,0.000,0.004,0.001
cube_d3_k55,64,11,6,6,2,0.005,0.001,0.005,0.000,0.003,0.001
cube_d3_k55,64,12,2,0,0,0.002,0.001,0.000,,,
cube_d3_k55,64,0,110,998250,332750,0.266,0.356,10.806,0.000,3.374,1.973
cube_d3_k55,64,1,332750,332750,113380,7.247,2.091,5.036,0.000,1.221,0.749
cube_d3_k55,64,2,113380,113380,39366,3.078,0.927,6.761,0.000,5.512,0.345
cube_d3_k55,64,3,39366,39366,13122,1.204,0.487,2.327,0.000,1.759,0.166
cube_d3_k55,64,4,13122,13122,4374,1.854,0.225,0.955,0.000,0.588,0.147
cube_d3_k55,64,5,4374,4374,1458,0.413,0.174,0.466,0.000,0.241,0.050
cube_d3_k55,64,6,1458,1458,486,0.155,0.084,0.212,0.000,0.095,0.033
cube_d3_k55,64,7,486,486,162,0.079,0.047,0.099,0.000,0.036,0.020
cube_d3_k55,64,8,162,162,54,0.047,0.029,0.053,0.000,0.014,0.015
cube_d3_k55,64,9,54,54,18,0.025,0.009,0.027,0.000,0.007,0.005
cube_d3_k55,64,10,18,18,6,0.015,0.004,0.009,0.000,0.004,0.002
cube_d3_k55,64,11,6,6,2,0.008,0.002,0.005,0.000,0.003,0.001
cube_d3_k55,64,12,2,0,0,0.002,0.001,0.000,,,
cube_d3_k55,64,0,110,998250,332750,0.312,0.322,10.385,0.000,3.297,1.721
cube_d3_k55,64,1,332750,332750,113380,7.654,2.007,4.687,0.000,1.302,0.715
cube_d3_k55,64,2,113380,113380,39366,2.956,0.820,7.176,0.000,5.939,0.310
cube_d3_k55,64,3,39366,39366,13122,1.185,0.366,2.368,0.000,1.785,0.163
cube_d3_k55,64,4,13122,13122,4374,1.937,0.204,0.919,0.000,0.603,0.092
cube_d3_k55,64,5,4374,4374,1458,0.429,0.178,0.456,0.000,0.239,0.050
cube_d3_k55,64,6,1458,1458,486,0.164,0.076,0.199,0.000,0.079,0.032
cube_d3_k55,64,7,486,486,162,0.079,0.047,0.100,0.000,0.036,0.024
cube_d3_k55,64,8,162,162,54,0.050,0.027,0.054,0.000,0.015,0.014
cube_d3_k55,64,9,54,54,18,0.026,0.010,0.024,0.000,0.007,0.005
cube_d3_k55,64,10,18,18,6,0.014,0.005,0.009,0.000,0.004,0.001
cube_d3_k55,64,11,6,6,2,0.008,0.002,0.005,0.000,0.003,0.001
cube_d3_k55,64,12,2,0,0,0.002,0.001,0.000,,,
cube_d3_k55,64,0,110,998250,332750,0.267,0.308,10.500,0.000,3.495,1.804
cube_d3_k55,64,1,332750,332750,113380,8.074,2.160,4.601,0.000,1.221,0.692
cube_d3_k55,64,2,113380,113380,39366,3.028,0.869,7.676,0.000,6.213,0.318
cube_d3_k55,64,3,39366,39366,13122,1.182,0.431,2.405,0.000,1.784,0.194
cube_d3_k55,64,4,13122,13122,4374,1.992,0.221,0.937,0.000,0.580,0.148
cube_d3_k55,64,5,4374,4374,1458,0.413,0.186,0.449,0.000,0.224,0.055
cube_d3_k55,64,6,1458,1458,486,0.163,0.071,0.199,0.000,0.078,0.040
cube_d3_k55,64,7,486,486,162,0.078,0.059,0.099,0.000,0.036,0.022
cube_d3_k55,64,8,162,162,54,0.055,0.027,0.053,0.000,0.013,0.016
cube_d3_k55,64,9,54,54,18,0.028,0.011,0.027,0.000,0.008,0.005
cube_d3_k55,64,10,18,18,6,0.012,0.004,0.009,0.000,0.004,0.002
cube_d3_k55,64,11,6,6,2,0.005,0.001,0.005,0.000,0.003,0.001
cube_d3_k55,64,12,2,0,0,0.002,0.001,0.000,,,
cube_d3_k55,64,0,110,998250,332750,0.264,0.301,10.620,0.000,3.444,1.709
cube_d3_k55,64,1,332750,332750,113380,7.999,2.019,4.646,0.000,1.230,0.764
cube_d3_k55,64,2,113380,113380,39366,2.921,0.894,6.757,0.000,5.496,0.324
cube_d3_k55,64,3,39366,39366,13122,1.128,0.380,2.382,0.000,1.798,0.174
cube_d3_k55,64,4,13122,13122,4374,1.809,0.203,0.916,0.000,0.609,0.094
cube_d3_k55,64,5,4374,4374,1458,0.413,0.172,0.522,0.000,0.307,0.049
cube_d3_k55,64,6,1458,1458,486,0.163,0.083,0.200,0.000,0.090,0.033
cube_d3_k55,64,7,486,486,162,0.077,0.050,0.094,0.000,0.033,0.024
cube_d3_k55,64,8,162,162,54,0.044,0.032,0.050,0.000,0.013,0.012
cube_d3_k55,64,9,54,54,18,0.029,0.010,0.025,0.000,0.007,0.006
cube_d3_k55,64,10,18,18,6,0.015,0.004,0.009,0.000,0.004,0.001
cube_d3_k55,64,11,6,6,2,0.009,0.002,0.005,0.000,0.003,0.001
cube_d3_k55,64,12,2,0,0,0.002,0.001,0.000,,,
cube_d3_k55,64,0,110,998250,332750,0.301,0.304,10.929,0.000,3.711,1.797
cube_d3_k55,64,1,332750,332750,113380,8.137,1.986,5.035,0.000,1.201,0.748
cube_d3_k55,64,2,113380,113380,39366,2.935,0.895,7.190,0.000,5.931,0.333
cube_d3_k55,64,3,39366,39366,13122,1.176,0.404,2.421,0.000,1.839,0.166
cube_d3_k55,64,4,13122,13122,4374,1.905,0.224,0.964,0.000,0.614,0.135
cube_d3_k55,64,5,4374,4374,1458,0.550,0.175,0.527,0.000,0.297,0.052
cube_d3_k55,64,6,1458,1458,486,0.156,0.074,0.182,0.000,0.074,0.031
cube_d3_k55,64,7,486,486,162,0.076,0.045,0.097,0.000,0.036,0.024
cube_d3_k55,64,8,162,162,54,0.048,0.031,0.051,0.000,0.013,0.013
cube_d3_k55,64,9,54,54,18,0.025,0.014,0.029,0.000,0.007,0.005
cube_d3_k55,64,10,18,18,6,0.017,0.004,0.009,0.000,0.004,0.001
cube_d3_k55,64,11,6,6,2,0.006,0.001,0.004,0.000,0.003,0.001
cube_d3_k55,64,12,2,0,0,0.002,0.001,0.000,,,
cube_d3_k55,128,0,110,998250,332750,25.884,4.028,94.370,0.000,50.787,8.214
cube_d3_k55,128,1,332750,332750,113380,17.122,5.236,16.643,0.000,9.553,1.669
cube_d3_k55,128,2,113380,113380,39366,4.475,3.988,8.215,0.000,6.215,0.288
cube_d3_k55,128,3,39366,39366,13122,2.180,0.414,2.450,0.000,1.884,0.182
cube_d3_k55,128,4,13122,13122,4374,1.312,0.274,1.189,0.000,0.666,0.148
cube_d3_k55,128,5,4374,4374,1458,0.387,0.177,0.577,0.000,0.327,0.068
cube_d3_k55,128,6,1458,1458,486,0.166,0.098,0.236,0.000,0.090,0.056
cube_d3_k55,128,7,486,486,162,0.110,0.062,0.125,0.000,0.043,0.028
cube_d3_k55,128,8,162,162,54,0.083,0.036,0.073,0.000,0.014,0.024
cube_d3_k55,128,9,54,54,18,0.036,0.009,0.031,0.000,0.008,0.005
cube_d3_k55,128,10,18,18,6,0.022,0.004,0.010,0.000,0.004,0.001
cube_d3_k55,128,11,6,6,2,0.005,0.001,0.004,0.000,0.003,0.001
cube_d3_k55,128,12,2,0,0,0.002,0.001,0.000,,,
cube_d3_k55,128,0,110,998250,332750,0.246,0.379,10.180,0.000,3.090,1.506
cube_d3_k55,128,1,332750,332750,113380,5.185,2.115,3.902,0.000,1.166,0.539
cube_d3_k55,128,2,113380,113380,39366,3.354,0.769,6.953,0.000,5.836,0.316
cube_d3_k55,128,3,39366,39366,13122,1.017,0.403,2.328,0.000,1.776,0.168
cube_d3_k55,128,4,13122,13122,4374,1.604,0.397,1.227,0.000,0.699,0.148
cube_d3_k55,128,5,4374,4374,1458,0.408,0.196,0.581,0.000,0.329,0.064
cube_d3_k55,128,6,1458,1458,486,0.205,0.090,0.259,0.000,0.101,0.052
cube_d3_k55,128,7,486,486,162,0.093,0.064,0.126,0.000,0.039,0.026
cube_d3_k55,128,8,162,162,54,0.066,0.026,0.084,0.000,0.016,0.036
cube_d3_k55,128,9,54,54,18,0.034,0.015,0.036,0.000,0.007,0.005
cube_d3_k55,128,10,18,18,6,0.018,0.004,0.010,0.000,0.004,0.001
cube_d3_k55,128,11,6,6,2,0.011,0.002,0.005,0.000,0.003,0.001
cube_d3_k55,128,12,2,0,0,0.003,0.001,0.000,,,
cube_d3_k55,128,0,110,998250,332750,0.206,0.420,10.091,0.000,3.363,1.292
cube_d3_k55,128,1,332750,332750,113380,5.699,1.804,4.497,0.000,1.218,0.570
cube_d3_k55,128,2,113380,113380,39366,2.513,0.731,7.154,0.000,6.107,0.318
cube_d3_k55,128,3,39366,39366,13122,1.016,0.402,2.418,0.000,1.875,0.175
cube_d3_k55,128,4,13122,13122,4374,1.378,0.252,1.069,0.000,0.618,0.228
cube_d3_k55,128,5,4374,4374,1458,0.389,0.195,0.575,0.000,0.325,0.063
cube_d3_k55,128,6,1458,1458,486,0.178,0.108,0.265,0.000,0.113,0.052
cube_d3_k55,128,7,486,486,162,0.105,0.069,0.129,0.000,0.048,0.030
cube_d3_k55,128,8,162,162,54,0.075,0.029,0.073,0.000,0.015,0.023
cube_d3_k55,128,9,54,54,18,0.033,0.016,0.034,0.000,0.007,0.005
cube_d3_k55,128,10,18,18,6,0.017,0.005,0.009,0.000,0.004,0.001
cube_d3_k55,128,11,6,6,2,0.010,0.002,0.005,0.000,0.003,0.001
cube_d3_k55,128,12,2,0,0,0.002,0.001,0.000,,,
cube_d3_k55,128,0,110,998250,332750,0.236,0.362,9.022,0.000,3.121,1.369
cube_d3_k55,128,1,332750,332750,113380,5.681,2.159,3.923,0.000,1.201,0.543
cube_d3_k55,128,2,113380,113380,39366,2.407,0.758,7.168,0.000,6.176,0.258
cube_d3_k55,128,3,39366,39366,13122,0.948,0.419,2.716,0.000,1.951,0.298
cube_d3_k55,128,4,13122,13122,4374,1.458,0.367,1.051,0.000,0.627,0.184
cube_d3_k55,128,5,4374,4374,1458,0.394,0.191,0.580,0.000,0.335,0.061
cube_d3_k55,128,6,1458,1458,486,0.192,0.098,0.270,0.000,0.110,0.048
cube_d3_k55,128,7,486,486,162,0.093,0.077,0.148,0.000,0.040,0.047
cube_d3_k55,128,8,162,162,54,0.066,0.045,0.075,0.000,0.019,0.022
cube_d3_k55,128,9,54,54,18,0.032,0.009,0.041,0.000,0.007,0.009
cube_d3_k55,128,10,18,18,6,0.017,0.005,0.009,0.000,0.004,0.001
cube_d3_k55,128,11,6,6,2,0.011,0.002,0.005,0.000,0.003,0.001
cube_d3_k55,128,12,2,0,0,0.002,0.001,0.000,,,
cube_d3_k55,128,0,110,998250,332750,0.241,0.394,9.290,0.000,3.418,1.290
cube_d3_k55,128,1,332750,332750,113380,5.883,1.780,4.334,0.000,1.231,0.581
cube_d3_k55,128,2,113380,113380,39366,2.376,0.741,7.569,0.000,6.156,0.523
cube_d3_k55,128,3,39366,39366,13122,1.413,0.603,2.682,0.000,1.939,0.194
cube_d3_k55,128,4,13122,13122,4374,1.403,0.272,1.134,0.000,0.647,0.237
cube_d3_k55,128,5,4374,4374,1458,0.418,0.187,0.596,0.000,0.341,0.066
cube_d3_k55,128,6,1458,1458,486,0.178,0.115,0.281,0.000,0.103,0.064
cube_d3_k55,128,7,486,486,162,0.117,0.058,0.144,0.000,0.041,0.036
cube_d3_k55,128,8,162,162,54,0.073,0.040,0.075,0.000,0.014,0.020
cube_d3_k55,128,9,54,54,18,0.036,0.015,0.059,0.000,0.007,0.009
cube_d3_k55,128,10,18,18,6,0.026,0.005,0.009,0.000,0.004,0.002
cube_d3_k55,128,11,6,6,2,0.006,0.001,0.005,0.000,0.003,0.001
cube_d3_k55,128,12,2,0,0,0.002,0.001,0.000,,,
cube_d3_k55,128,0,110,998250,332750,0.290,0.378,9.187,0.000,3.273,1.358
cube_d3_k55,128,1,332750,332750,113380,5.840,1.772,3.871,0.000,1.196,0.553
cube_d3_k55,128,2,113380,113380,39366,2.365,0.741,7.323,0.000,6.277,0.288
cube_d3_k55,128,3,39366,39366,13122,1.037,0.408,2.778,0.000,1.998,0.334
cube_d3_k55,128,4,13122,13122,4374,1.327,0.300,1.219,0.000,0.647,0.219
cube_d3_k55,128,5,4374,4374,1458,0.419,0.189,0.499,0.000,0.230,0.074
cube_d3_k55,128,6,1458,1458,486,0.185,0.108,0.265,0.000,0.100,0.049
cube_d3_k55,128,7,486,486,162,0.092,0.060,0.143,0.000,0.054,0.038
cube_d3_k55,128,8,162,162,54,0.074,0.031,0.087,0.000,0.016,0.031
cube_d3_k55,128,9,54,54,18,0.040,0.015,0.039,0.000,0.007,0.010
cube_d3_k55,128,10,18,18,6,0.020,0.005,0.010,0.000,0.004,0.001
cube_d3_k55,128,11,6,6,2,0.009,0.002,0.005,0.000,0.003,0.001
cube_d3_k55,128,12,2,0,0,0.002,0.001,0.000,,,
cube_d3_k105,1,0,210,6945750,2315250,4.528,9.760,1511.365,0.000,533.388,340.804
cube_d3_k105,1,1,2315250,2315250,808056,1604.760,341.119,1129.439,0.000,184.643,118.981
cube_d3_k105,1,2,808056,808056,354294,571.377,120.839,376.251,0.000,64.831,46.657
cube_d3_k105,1,3,354294,354294,118098,251.772,52.712,140.141,0.000,25.422,19.377
cube_d3_k105,1,4,118098,118098,39366,85.884,16.698,40.352,0.000,9.570,6.717
cube_d3_k105,1,5,39366,39366,13122,28.839,3.304,11.198,0.000,2.745,1.658
cube_d3_k105,1,6,13122,13122,4374,9.255,0.917,3.149,0.000,0.878,0.555
cube_d3_k105,1,7,4374,4374,1458,2.519,0.235,0.910,0.000,0.282,0.173
cube_d3_k105,1,8,1458,1458,486,0.831,0.068,0.302,0.000,0.088,0.057
cube_d3_k105,1,9,486,486,162,0.282,0.029,0.114,0.000,0.038,0.020
cube_d3_k105,1,10,162,162,54,0.087,0.010,0.037,0.000,0.012,0.008
cube_d3_k105,1,11,54,54,18,0.029,0.004,0.015,0.000,0.006,0.003
cube_d3_k105,1,12,18,18,6,0.011,0.002,0.008,0.000,0.004,0.001
cube_d3_k105,1,13,6,6,2,0.004,0.001,0.005,0.000,0.003,0.001
cube_d3_k105,1,14,2,0,0,0.002,0.001,0.000,,,
cube_d3_k105,1,0,210,6945750,2315250,4.261,7.964,1471.809,0.000,507.184,328.963
cube_d3_k105,1,1,2315250,2315250,808056,2017.791,488.362,1178.604,0.000,219.294,114.907
cube_d3_k105,1,2,808056,808056,354294,705.364,170.215,377.410,0.000,64.186,45.819
cube_d3_k105,1,3,354294,354294,118098,311.763,76.427,139.146,0.000,25.440,18.620
cube_d3_k105,1,4,118098,118098,39366,104.463,20.120,40.043,0.000,9.406,6.513
cube_d3_k105,1,5,39366,39366,13122,32.555,3.724,11.342,0.000,2.797,1.607
cube_d3_k105,1,6,13122,13122,4374,9.654,0.964,3.092,0.000,0.824,0.517
cube_d3_k105,1,7,4374,4374,1458,2.473,0.255,0.922,0.000,0.280,0.181
cube_d3_k105,1,8,1458,1458,486,0.785,0.079,0.313,0.000,0.097,0.057
cube_d3_k105,1,9,486,486,162,0.246,0.023,0.102,0.000,0.031,0.020
cube_d3_k105,1,10,162,162,54,0.085,0.010,0.041,0.000,0.014,0.009
cube_d3_k105,1,11,54,54,18,0.028,0.004,0.014,0.000,0.005,0.003
cube_d3_k105,1,12,18,18,6,0.010,0.002,0.008,0.000,0.004,0.001
cube_d3_k105,1,13,6,6,2,0.004,0.001,0.005,0.000,0.003,0.001
cube_d3_k105,1,14,2,0,0,0.002,0.001,0.000,,,
cube_d3_k105,1,0,210,6945750,2315250,4.459,7.993,1468.590,0.000,506.531,327.222
cube_d3_k105,1,1,2315250,2315250,808056,2018.657,482.832,1179.855,0.000,217.777,115.245
cube_d3_k105,1,2,808056,808056,354294,709.409,166.637,380.388,0.000,65.182,45.860
cube_d3_k105,1,3,354294,354294,118098,312.962,75.990,139.521,0.000,25.306,18.666
cube_d3_k105,1,4,118098,118098,39366,104.976,20.094,39.567,0.000,8.789,6.643
cube_d3_k105,1,5,39366,39366,13122,32.513,3.713,11.264,0.000,2.711,1.651
cube_d3_k105,1,6,13122,13122,4374,9.677,1.002,3.170,0.000,0.908,0.532
cube_d3_k105,1,7,4374,4374,1458,2.531,0.253,0.971,0.000,0.281,0.216
cube_d3_k105,1,8,1458,1458,486,0.820,0.086,0.297,0.000,0.088,0.057
cube_d3_k105,1,9,486,486,162,0.258,0.024,0.104,0.000,0.030,0.020
cube_d3_k105,1,10,162,162,54,0.088,0.011,0.043,0.000,0.015,0.010
cube_d3_k105,1,11,54,54,18,0.035,0.005,0.019,0.000,0.007,0.004
cube_d3_k105,1,12,18,18,6,0.013,0.003,0.010,0.000,0.005,0.002
cube_d3_k105,1,13,6,6,2,0.006,0.002,0.006,0.000,0.003,0.001
cube_d3_k105,1,14,2,0,0,0.002,0.001,0.000,,,
cube_d3_k105,1,0,210,6945750,2315250,4.550,7.976,1466.534,0.000,507.146,327.288
cube_d3_k105,1,1,2315250,2315250,808056,2042.073,498.366,1185.240,0.000,219.963,114.100
cube_d3_k105,1,2,808056,808056,354294,711.460,173.148,377.922,0.000,64.394,45.481
cube_d3_k105,1,3,354294,354294,118098,313.749,77.570,139.508,0.000,25.395,18.504
cube_d3_k105,1,4,118098,118098,39366,105.036,20.331,39.920,0.000,9.390,6.500
cube_d3_k105,1,5,39366,39366,13122,32.476,3.753,11.359,0.000,2.828,1.567
cube_d3_k105,1,6,13122,13122,4374,9.584,0.970,3.163,0.000,0.853,0.513
cube_d3_k105,1,7,4374,4374,1458,2.525,0.252,0.904,0.000,0.271,0.172
cube_d3_k105,1,8,1458,1458,486,0.801,0.071,0.359,0.000,0.122,0.071
cube_d3_k105,1,9,486,486,162,0.267,0.024,0.101,0.000,0.031,0.020
cube_d3_k105,1,10,162,162,54,0.088,0.009,0.036,0.000,0.012,0.007
cube_d3_k105,1,11,54,54,18,0.030,0.004,0.014,0.000,0.006,0.003
cube_d3_k105,1,12,18,18,6,0.011,0.002,0.008,0.000,0.004,0.001
cube_d3_k105,1,13,6,6,2,0.005,0.001,0.005,0.000,0.003,0.001
cube_d3_k105,1,14,2,0,0,0.002,0.001,0.000,,,
cube_d3_k105,1,0,210,6945750,2315250,4.505,7.954,1469.885,0.000,507.807,327.294
cube_d3_k105,1,1,2315250,2315250,808056,2035.346,495.632,1184.051,0.000,218.750,114.563
cube_d3_k105,1,2,808056,808056,354294,712.974,171.446,377.325,0.000,64.462,45.664
cube_d3_k105,1,3,354294,354294,118098,314.935,76.791,139.497,0.000,25.246,18.664
cube_d3_k105,1,4,118098,118098,39366,105.305,20.177,39.602,0.000,9.194,6.433
cube_d3_k105,1,5,39366,39366,13122,32.422,3.649,11.391,0.000,2.890,1.570
cube_d3_k105,1,6,13122,13122,4374,9.794,1.004,3.093,0.000,0.842,0.517
cube_d3_k105,1,7,4374,4374,1458,2.596,0.258,0.992,0.000,0.355,0.181
cube_d3_k105,1,8,1458,1458,486,0.833,0.070,0.297,0.000,0.089,0.057
cube_d3_k105,1,9,486,486,162,0.262,0.027,0.105,0.000,0.031,0.020
cube_d3_k105,1,10,162,162,54,0.088,0.010,0.037,0.000,0.012,0.008
cube_d3_k105,1,11,54,54,18,0.031,0.004,0.015,0.000,0.006,0.003
cube_d3_k105,1,12,18,18,6,0.011,0.002,0.008,0.000,0.004,0.001
cube_d3_k105,1,13,6,6,2,0.005,0.001,0.005,0.000,0.003,0.001
cube_d3_k105,1,14,2,0,0,0.002,0.001,0.000,,,
cube_d3_k105,1,0,210,6945750,2315250,4.526,7.974,1469.211,0.000,507.142,327.103
cube_d3_k105,1,1,2315250,2315250,808056,2044.927,497.007,1187.129,0.000,219.246,114.572
cube_d3_k105,1,2,808056,808056,354294,715.773,174.328,378.687,0.000,64.484,45.816
cube_d3_k105,1,3,354294,354294,118098,315.928,77.923,140.088,0.000,25.734,18.608
cube_d3_k105,1,4,118098,118098,39366,105.332,20.503,39.635,0.000,9.136,6.510
cube_d3_k105,1,5,39366,39366,13122,32.593,3.832,11.295,0.000,2.739,1.572
cube_d3_k105,1,6,13122,13122,4374,9.797,0.975,3.098,0.000,0.837,0.513
cube_d3_k105,1,7,4374,4374,1458,2.640,0.258,0.916,0.000,0.278,0.173
cube_d3_k105,1,8,1458,1458,486,0.806,0.070,0.310,0.000,0.097,0.057
cube_d3_k105,1,9,486,486,162,0.293,0.023,0.101,0.000,0.031,0.020
cube_d3_k105,1,10,162,162,54,0.088,0.009,0.035,0.000,0.012,0.007
cube_d3_k105,1,11,54,54,18,0.031,0.004,0.014,0.000,0.005,0.003
cube_d3_k105,1,12,18,18,6,0.011,0.002,0.008,0.000,0.004,0.001
cube_d3_k105,1,13,6,6,2,0.004,0.001,0.005,0.000,0.003,0.001
cube_d3_k105,1,14,2,0,0,0.002,0.001,0.000,,,
cube_d3_k105,2,0,210,6945750,2315250,7.616,10.164,853.556,0.000,265.860,273.027
cube_d3_k105,2,1,2315250,2315250,808056,954.890,189.521,636.823,0.000,93.716,92.486
cube_d3_k105,2,2,808056,808056,354294,340.088,73.304,215.580,0.000,31.794,37.706
cube_d3_k105,2,3,354294,354294,118098,161.145,33.667,81.020,0.000,12.220,14.921
cube_d3_k105,2,4,118098,118098,39366,55.586,10.884,28.127,0.000,7.022,5.402
cube_d3_k105,2,5,39366,39366,13122,18.683,2.607,9.160,0.000,2.172,1.694
cube_d3_k105,2,6,13122,13122,4374,6.157,0.996,2.647,0.000,0.693,0.551
cube_d3_k105,2,7,4374,4374,1458,1.949,0.407,0.956,0.000,0.248,0.217
cube_d3_k105,2,8,1458,1458,486,0.612,0.170,0.336,0.000,0.087,0.069
cube_d3_k105,2,9,486,486,162,0.229,0.056,0.147,0.000,0.035,0.032
cube_d3_k105,2,10,162,162,54,0.079,0.017,0.039,0.000,0.012,0.009
cube_d3_k105,2,11,54,54,18,0.028,0.004,0.016,0.000,0.006,0.003
cube_d3_k105,2,12,18,18,6,0.012,0.003,0.008,0.000,0.004,0.001
cube_d3_k105,2,13,6,6,2,0.009,0.001,0.005,0.000,0.003,0.001
cube_d3_k105,2,14,2,0,0,0.002,0.001,0.000,,,
cube_d3_k105,2,0,210,6945750,2315250,2.725,5.268,957.240,0.000,250.374,268.609
cube_d3_k105,2,1,2315250,2315250,808056,1158.086,256.335,657.467,0.000,106.660,91.429
cube_d3_k105,2,2,808056,808056,354294,400.448,90.075,215.208,0.000,31.432,37.967
cube_d3_k105,2,3,354294,354294,118098,177.951,39.434,81.107,0.000,12.239,15.165
cube_d3_k105,2,4,118098,118098,39366,57.445,9.179,28.388,0.000,7.161,5.411
cube_d3_k105,2,5,39366,39366,13122,18.498,2.044,9.310,0.000,2.309,1.703
cube_d3_k105,2,6,13122,13122,4374,6.226,1.022,2.676,0.000,0.676,0.547
cube_d3_k105,2,7,4374,4374,1458,1.944,0.415,0.945,0.000,0.251,0.194
cube_d3_k105,2,8,1458,1458,486,0.653,0.174,0.327,0.000,0.085,0.067
cube_d3_k105,2,9,486,486,162,0.245,0.059,0.149,0.000,0.036,0.032
cube_d3_k105,2,10,162,162,54,0.087,0.018,0.039,0.000,0.012,0.008
cube_d3_k105,2,11,54,54,18,0.035,0.005,0.017,0.000,0.006,0.004
cube_d3_k105,2,12,18,18,6,0.013,0.002,0.008,0.000,0.004,0.001
cube_d3_k105,2,13,6,6,2,0.005,0.001,0.005,0.000,0.003,0.001
cube_d3_k105,2,14,2,0,0,0.002,0.001,0.000,,,
cube_d3_k105,2,0,210,6945750,2315250,2.782,5.271,879.475,0.000,250.740,267.186
cube_d3_k105,2,1,2315250,2315250,808056,1163.333,267.058,661.942,0.000,107.752,91.033
cube_d3_k105,2,2,808056,808056,354294,405.743,92.853,214.787,0.000,31.101,37.860
cube_d3_k105,2,3,354294,354294,118098,178.201,39.393,81.469,0.000,12.393,15.351
cube_d3_k105,2,4,118098,118098,39366,56.430,9.501,27.950,0.000,7.352,5.222
cube_d3_k105,2,5,39366,39366,13122,18.795,2.040,9.505,0.000,2.275,1.732
cube_d3_k105,2,6,13122,13122,4374,6.511,0.986,2.741,0.000,0.749,0.588
cube_d3_k105,2,7,4374,4374,1458,1.950,0.417,0.931,0.000,0.246,0.191
cube_d3_k105,2,8,1458,1458,486,0.675,0.172,0.347,0.000,0.087,0.068
cube_d3_k105,2,9,486,486,162,0.249,0.059,0.151,0.000,0.035,0.033
cube_d3_k105,2,10,162,162,54,0.087,0.019,0.039,0.000,0.012,0.010
cube_d3_k105,2,11,54,54,18,0.036,0.004,0.016,0.000,0.006,0.003
cube_d3_k105,2,12,18,18,6,0.015,0.002,0.008,0.000,0.004,0.001
cube_d3_k105,2,13,6,6,2,0.005,0.002,0.006,0.000,0.003,0.001
cube_d3_k105,2,14,2,0,0,0.002,0.001,0.000,,,
cube_d3_k105,2,0,210,6945750,2315250,2.559,5.257,905.199,0.000,249.640,267.125
cube_d3_k105,2,1,2315250,2315250,808056,1171.050,273.364,660.226,0.000,107.939,90.245
cube_d3_k105,2,2,808056,808056,354294,409.547,94.971,215.230,0.000,31.323,37.810
cube_d3_k105,2,3,354294,354294,118098,179.996,40.178,80.994,0.000,12.284,15.091
cube_d3_k105,2,4,118098,118098,39366,56.265,9.036,27.370,0.000,6.612,5.445
cube_d3_k105,2,5,39366,39366,13122,18.648,2.494,9.412,0.000,2.176,1.748
cube_d3_k105,2,6,13122,13122,4374,6.462,1.014,2.675,0.000,0.688,0.558
cube_d3_k105,2,7,4374,4374,1458,1.968,0.423,0.946,0.000,0.248,0.199
cube_d3_k105,2,8,1458,1458,486,0.677,0.180,0.356,0.000,0.088,0.069
cube_d3_k105,2,9,486,486,162,0.239,0.061,0.135,0.000,0.035,0.030
cube_d3_k105,2,10,162,162,54,0.086,0.019,0.040,0.000,0.013,0.008
cube_d3_k105,2,11,54,54,18,0.036,0.004,0.015,0.000,0.006,0.003
cube_d3_k105,2,12,18,18,6,0.012,0.002,0.008,0.000,0.004,0.001
cube_d3_k105,2,13,6,6,2,0.005,0.001,0.005,0.000,0.003,0.001
cube_d3_k105,2,14,2,0,0,0.002,0.001,0.000,,,
cube_d3_k105,2,0,210,6945750,2315250,2.577,5.277,900.416,0.000,249.892,267.344
cube_d3_k105,2,1,2315250,2315250,808056,1173.935,276.806,663.044,0.000,108.104,92.016
cube_d3_k105,2,2,808056,808056,354294,410.159,96.326,216.044,0.000,31.071,37.740
cube_d3_k105,2,3,354294,354294,118098,180.395,40.687,81.714,0.000,12.259,15.267
cube_d3_k105,2,4,118098,118098,39366,56.731,8.992,27.464,0.000,6.797,5.244
cube_d3_k105,2,5,39366,39366,13122,18.547,2.223,9.662,0.000,2.345,1.681
cube_d3_k105,2,6,13122,13122,4374,6.515,1.084,2.743,0.000,0.729,0.563
cube_d3_k105,2,7,4374,4374,1458,1.976,0.417,0.952,0.000,0.250,0.197
cube_d3_k105,2,8,1458,1458,486,0.676,0.172,0.358,0.000,0.089,0.068
cube_d3_k105,2,9,486,486,162,0.243,0.062,0.136,0.000,0.035,0.030
cube_d3_k105,2,10,162,162,54,0.085,0.019,0.037,0.000,0.012,0.008
cube_d3_k105,2,11,54,54,18,0.035,0.004,0.016,0.000,0.006,0.004
cube_d3_k105,2,12,18,18,6,0.013,0.002,0.009,0.000,0.004,0.001
cube_d3_k105,2,13,6,6,2,0.005,0.001,0.005,0.000,0.003,0.001
cube_d3_k105,2,14,2,0,0,0.002,0.001,0.000,,,
cube_d3_k105,2,0,210,6945750,2315250,2.772,5.281,925.459,0.000,249.675,267.825
cube_d3_k105,2,1,2315250,2315250,808056,1175.351,277.334,661.407,0.000,108.781,90.728
cube_d3_k105,2,2,808056,808056,354294,410.292,96.351,215.809,0.000,31.610,37.865
cube_d3_k105,2,3,354294,354294,118098,180.787,40.575,81.419,0.000,12.454,15.108
cube_d3_k105,2,4,118098,118098,39366,56.619,8.918,27.403,0.000,6.843,5.203
cube_d3_k105,2,5,39366,39366,13122,18.339,2.192,9.500,0.000,2.343,1.688
cube_d3_k105,2,6,13122,13122,4374,6.326,1.081,2.698,0.000,0.689,0.565
cube_d3_k105,2,7,4374,4374,1458,2.097,0.389,0.961,0.000,0.266,0.190
cube_d3_k105,2,8,1458,1458,486,0.706,0.178,0.348,0.000,0.082,0.066
cube_d3_k105,2,9,486,486,162,0.251,0.059,0.148,0.000,0.035,0.033
cube_d3_k105,2,10,162,162,54,0.086,0.019,0.039,0.000,0.012,0.008
cube_d3_k105,2,11,54,54,18,0.035,0.004,0.015,0.000,0.006,0.003
cube_d3_k105,2,12,18,18,6,0.016,0.003,0.008,0.000,0.004,0.001
cube_d3_k105,2,13,6,6,2,0.005,0.001,0.004,0.000,0.003,0.001
cube_d3_k105,2,14,2,0,0,0.002,0.001,0.000,,,
cube_d3_k105,4,0,210,6945750,2315250,5.963,7.079,450.395,0.000,137.100,150.724
cube_d3_k105,4,1,2315250,2315250,808056,488.095,105.938,350.478,0.000,52.372,51.952
cube_d3_k105,4,2,808056,808056,354294,200.115,42.175,122.025,0.000,17.978,22.692
cube_d3_k105,4,3,354294,354294,118098,92.259,20.601,44.508,0.000,7.143,8.577
cube_d3_k105,4,4,118098,118098,39366,31.053,5.396,19.609,0.000,6.046,2.925
cube_d3_k105,4,5,39366,39366,13122,10.861,1.892,6.208,0.000,1.934,0.939
cube_d3_k105,4,6,13122,13122,4374,4.210,0.851,2.118,0.000,0.716,0.358
cube_d3_k105,4,7,4374,4374,1458,1.348,0.378,0.845,0.000,0.246,0.133
cube_d3_k105,4,8,1458,1458,486,0.515,0.155,0.327,0.000,0.089,0.051
cube_d3_k105,4,9,486,486,162,0.190,0.082,0.158,0.000,0.038,0.043
cube_d3_k105,4,10,162,162,54,0.076,0.024,0.048,0.000,0.013,0.013
cube_d3_k105,4,11,54,54,18,0.035,0.005,0.016,0.000,0.006,0.004
cube_d3_k105,4,12,18,18,6,0.011,0.002,0.008,0.000,0.004,0.001
cube_d3_k105,4,13,6,6,2,0.004,0.001,0.005,0.000,0.002,0.001
cube_d3_k105,4,14,2,0,0,0.002,0.001,0.000,,,
cube_d3_k105,4,0,210,6945750,2315250,1.557,2.448,509.826,0.000,126.119,155.796
cube_d3_k105,4,1,2315250,2315250,808056,599.655,136.986,349.436,0.000,56.071,50.115
cube_d3_k105,4,2,808056,808056,354294,213.764,49.563,117.237,0.000,16.786,22.500
cube_d3_k105,4,3,354294,354294,118098,97.777,19.837,44.454,0.000,7.219,8.241
cube_d3_k105,4,4,118098,118098,39366,30.235,5.969,18.854,0.000,5.808,2.783
cube_d3_k105,4,5,39366,39366,13122,10.427,2.078,6.186,0.000,2.025,0.942
cube_d3_k105,4,6,13122,13122,4374,4.051,0.963,2.261,0.000,0.660,0.358
cube_d3_k105,4,7,4374,4374,1458,1.318,0.366,0.827,0.000,0.246,0.132
cube_d3_k105,4,8,1458,1458,486,0.540,0.199,0.328,0.000,0.084,0.060
cube_d3_k105,4,9,486,486,162,0.186,0.081,0.161,0.000,0.038,0.036
cube_d3_k105,4,10,162,162,54,0.081,0.023,0.049,0.000,0.013,0.012
cube_d3_k105,4,11,54,54,18,0.040,0.005,0.029,0.000,0.007,0.008
cube_d3_k105,4,12,18,18,6,0.014,0.002,0.009,0.000,0.004,0.001
cube_d3_k105,4,13,6,6,2,0.004,0.001,0.005,0.000,0.003,0.001
cube_d3_k105,4,14,2,0,0,0.002,0.001,0.000,,,
cube_d3_k105,4,0,210,6945750,2315250,1.529,2.396,495.727,0.000,126.105,157.228
cube_d3_k105,4,1,2315250,2315250,808056,612.236,146.202,355.856,0.000,56.938,49.967
cube_d3_k105,4,2,808056,808056,354294,220.629,50.259,120.347,0.000,17.204,22.269
cube_d3_k105,4,3,354294,354294,118098,94.975,19.109,44.624,0.000,7.008,8.200
cube_d3_k105,4,4,118098,118098,39366,31.123,4.796,19.159,0.000,6.457,2.791
cube_d3_k105,4,5,39366,39366,13122,10.480,2.010,6.142,0.000,2.015,0.948
cube_d3_k105,4,6,13122,13122,4374,4.135,0.964,2.067,0.000,0.649,0.373
cube_d3_k105,4,7,4374,4374,1458,1.284,0.494,0.852,0.000,0.281,0.139
cube_d3_k105,4,8,1458,1458,486,0.458,0.139,0.332,0.000,0.088,0.056
cube_d3_k105,4,9,486,486,162,0.178,0.078,0.155,0.000,0.038,0.034
cube_d3_k105,4,10,162,162,54,0.078,0.024,0.050,0.000,0.015,0.013
cube_d3_k105,4,11,54,54,18,0.041,0.004,0.030,0.000,0.006,0.009
cube_d3_k105,4,12,18,18,6,0.015,0.002,0.009,0.000,0.004,0.002
cube_d3_k105,4,13,6,6,2,0.005,0.001,0.005,0.000,0.003,0.001
cube_d3_k105,4,14,2,0,0,0.002,0.001,0.000,,,
cube_d3_k105,4,0,210,6945750,2315250,1.525,2.371,510.016,0.000,126.334,153.993
cube_d3_k105,4,1,2315250,2315250,808056,618.028,148.162,359.572,0.000,56.294,49.693
cube_d3_k105,4,2,808056,808056,354294,220.013,50.824,120.503,0.000,17.075,22.359
cube_d3_k105,4,3,354294,354294,118098,93.712,22.106,44.831,0.000,7.425,8.132
cube_d3_k105,4,4,118098,118098,39366,30.412,6.223,19.134,0.000,5.969,2.741
cube_d3_k105,4,5,39366,39366,13122,10.660,2.312,6.211,0.000,2.089,0.962
cube_d3_k105,4,6,13122,13122,4374,4.256,0.889,2.068,0.000,0.641,0.352
cube_d3_k105,4,7,4374,4374,1458,1.381,0.428,0.815,0.000,0.244,0.131
cube_d3_k105,4,8,1458,1458,486,0.465,0.136,0.309,0.000,0.085,0.058
cube_d3_k105,4,9,486,486,162,0.186,0.082,0.154,0.000,0.041,0.034
cube_d3_k105,4,10,162,162,54,0.081,0.023,0.046,0.000,0.012,0.013
cube_d3_k105,4,11,54,54,18,0.042,0.005,0.029,0.000,0.006,0.008
cube_d3_k105,4,12,18,18,6,0.015,0.002,0.009,0.000,0.004,0.002
cube_d3_k105,4,13,6,6,2,0.005,0.001,0.005,0.000,0.003,0.001
cube_d3_k105,4,14,2,0,0,0.002,0.001,0.000,,,
cube_d3_k105,4,0,210,6945750,2315250,1.531,2.436,506.532,0.000,126.671,153.302
cube_d3_k105,4,1,2315250,2315250,808056,620.449,143.012,354.317,0.000,56.633,50.345
cube_d3_k105,4,2,808056,808056,354294,220.825,50.021,120.563,0.000,17.822,22.396
cube_d3_k105,4,3,354294,354294,118098,93.027,18.990,44.741,0.000,7.225,8.275
cube_d3_k105,4,4,118098,118098,39366,31.906,5.834,20.011,0.000,6.583,2.972
cube_d3_k105,4,5,39366,39366,13122,10.670,2.269,6.226,0.000,1.999,0.941
cube_d3_k105,4,6,13122,13122,4374,4.383,0.786,2.026,0.000,0.652,0.356
cube_d3_k105,4,7,4374,4374,1458,1.322,0.376,0.824,0.000,0.246,0.130
cube_d3_k105,4,8,1458,1458,486,0.451,0.136,0.305,0.000,0.084,0.051
cube_d3_k105,4,9,486,486,162,0.191,0.076,0.149,0.000,0.038,0.036
cube_d3_k105,4,10,162,162,54,0.080,0.031,0.047,0.000,0.016,0.009
cube_d3_k105,4,11,54,54,18,0.030,0.013,0.029,0.000,0.007,0.009
cube_d3_k105,4,12,18,18,6,0.016,0.002,0.009,0.000,0.004,0.002
cube_d3_k105,4,13,6,6,2,0.005,0.001,0.005,0.000,0.003,0.001
cube_d3_k105,4,14,2,0,0,0.002,0.001,0.000,,,
cube_d3_k105,4,0,210,6945750,2315250,1.527,2.631,526.666,0.000,126.114,160.239
cube_d3_k105,4,1,2315250,2315250,808056,623.953,148.276,354.014,0.000,56.233,50.102
cube_d3_k105,4,2,808056,808056,354294,218.636,51.268,118.106,0.000,16.977,22.347
cube_d3_k105,4,3,354294,354294,118098,94.811,17.789,44.298,0.000,7.227,8.265
cube_d3_k105,4,4,118098,118098,39366,31.703,5.915,18.512,0.000,5.705,2.805
cube_d3_k105,4,5,39366,39366,13122,10.380,2.193,6.251,0.000,2.147,0.951
cube_d3_k105,4,6,13122,13122,4374,4.335,0.978,2.285,0.000,0.754,0.352
cube_d3_k105,4,7,4374,4374,1458,1.444,0.389,0.839,0.000,0.247,0.132
cube_d3_k105,4,8,1458,1458,486,0.568,0.136,0.319,0.000,0.084,0.060
cube_d3_k105,4,9,486,486,162,0.200,0.070,0.171,0.000,0.037,0.038
cube_d3_k105,4,10,162,162,54,0.079,0.024,0.041,0.000,0.014,0.009
cube_d3_k105,4,11,54,54,18,0.039,0.004,0.029,0.000,0.006,0.008
cube_d3_k105,4,12,18,18,6,0.015,0.002,0.008,0.000,0.004,0.001
cube_d3_k105,4,13,6,6,2,0.005,0.001,0.005,0.000,0.003,0.001
cube_d3_k105,4,14,2,0,0,0.002,0.001,0.000,,,
cube_d3_k105,8,0,210,6945750,2315250,5.805,6.407,249.898,0.000,78.753,77.921
cube_d3_k105,8,1,2315250,2315250,808056,274.125,52.287,166.520,0.000,27.869,26.928
cube_d3_k105,8,2,808056,808056,354294,107.542,22.638,58.119,0.000,9.435,12.161
cube_d3_k105,8,3,354294,354294,118098,50.680,11.389,22.904,0.000,3.919,4.042
cube_d3_k105,8,4,118098,118098,39366,15.615,3.366,11.755,0.000,5.452,1.431
cube_d3_k105,8,5,39366,39366,13122,5.421,1.234,4.030,0.000,1.817,0.511
cube_d3_k105,8,6,13122,13122,4374,2.658,0.455,1.510,0.000,0.632,0.206
cube_d3_k105,8,7,4374,4374,1458,0.853,0.283,0.625,0.000,0.236,0.084
cube_d3_k105,8,8,1458,1458,486,0.296,0.122,0.261,0.000,0.088,0.041
cube_d3_k105,8,9,486,486,162,0.118,0.042,0.111,0.000,0.044,0.021
cube_d3_k105,8,10,162,162,54,0.076,0.026,0.047,0.000,0.013,0.012
cube_d3_k105,8,11,54,54,18,0.050,0.004,0.027,0.000,0.007,0.008
cube_d3_k105,8,12,18,18,6,0.014,0.004,0.009,0.000,0.004,0.002
cube_d3_k105,8,13,6,6,2,0.004,0.001,0.005,0.000,0.003,0.001
cube_d3_k105,8,14,2,0,0,0.002,0.001,0.000,,,
cube_d3_k105,8,0,210,6945750,2315250,1.080,2.060,263.892,0.000,67.441,77.291
cube_d3_k105,8,1,2315250,2315250,808056,306.269,67.614,169.469,0.000,29.397,26.821
cube_d3_k105,8,2,808056,808056,354294,113.122,25.047,57.385,0.000,9.070,11.791
cube_d3_k105,8,3,354294,354294,118098,50.854,10.883,23.040,0.000,3.973,3.994
cube_d3_k105,8,4,118098,118098,39366,15.778,3.316,11.829,0.000,5.322,1.496
cube_d3_k105,8,5,39366,39366,13122,5.432,1.120,4.126,0.000,1.870,0.535
cube_d3_k105,8,6,13122,13122,4374,2.572,0.452,1.457,0.000,0.573,0.222
cube_d3_k105,8,7,4374,4374,1458,0.829,0.263,0.616,0.000,0.221,0.082
cube_d3_k105,8,8,1458,1458,486,0.317,0.130,0.258,0.000,0.088,0.041
cube_d3_k105,8,9,486,486,162,0.116,0.050,0.133,0.000,0.042,0.041
cube_d3_k105,8,10,162,162,54,0.076,0.024,0.050,0.000,0.014,0.011
cube_d3_k105,8,11,54,54,18,0.048,0.004,0.028,0.000,0.007,0.007
cube_d3_k105,8,12,18,18,6,0.012,0.003,0.009,0.000,0.004,0.002
cube_d3_k105,8,13,6,6,2,0.006,0.002,0.005,0.000,0.003,0.001
cube_d3_k105,8,14,2,0,0,0.002,0.001,0.000,,,
cube_d3_k105,8,0,210,6945750,2315250,1.093,2.101,261.740,0.000,66.817,80.112
cube_d3_k105,8,1,2315250,2315250,808056,312.783,71.291,169.283,0.000,29.673,26.793
cube_d3_k105,8,2,808056,808056,354294,112.369,25.492,57.648,0.000,9.061,11.577
cube_d3_k105,8,3,354294,354294,118098,50.203,10.679,23.007,0.000,4.014,3.922
cube_d3_k105,8,4,118098,118098,39366,15.746,3.231,12.224,0.000,5.832,1.462
cube_d3_k105,8,5,39366,39366,13122,5.312,1.117,4.051,0.000,1.875,0.518
cube_d3_k105,8,6,13122,13122,4374,2.508,0.469,1.518,0.000,0.650,0.212
cube_d3_k105,8,7,4374,4374,1458,0.860,0.287,0.615,0.000,0.211,0.087
cube_d3_k105,8,8,1458,1458,486,0.323,0.110,0.265,0.000,0.089,0.041
cube_d3_k105,8,9,486,486,162,0.106,0.045,0.130,0.000,0.043,0.041
cube_d3_k105,8,10,162,162,54,0.074,0.025,0.050,0.000,0.013,0.013
cube_d3_k105,8,11,54,54,18,0.043,0.007,0.027,0.000,0.006,0.008
cube_d3_k105,8,12,18,18,6,0.013,0.003,0.009,0.000,0.004,0.002
cube_d3_k105,8,13,6,6,2,0.006,0.001,0.004,0.000,0.003,0.001
cube_d3_k105,8,14,2,0,0,0.002,0.001,0.000,,,
cube_d3_k105,8,0,210,6945750,2315250,1.081,2.018,273.225,0.000,67.079,80.987
cube_d3_k105,8,1,2315250,2315250,808056,313.781,70.589,171.146,0.000,29.389,26.511
cube_d3_k105,8,2,808056,808056,354294,113.035,25.065,57.948,0.000,9.228,11.661
cube_d3_k105,8,3,354294,354294,118098,50.753,11.082,22.756,0.000,3.844,3.919
cube_d3_k105,8,4,118098,118098,39366,15.799,3.268,12.444,0.000,5.927,1.436
cube_d3_k105,8,5,39366,39366,13122,5.192,1.179,4.060,0.000,1.828,0.521
cube_d3_k105,8,6,13122,13122,4374,2.501,0.455,1.487,0.000,0.630,0.210
cube_d3_k105,8,7,4374,4374,1458,0.839,0.289,0.643,0.000,0.255,0.091
cube_d3_k105,8,8,1458,1458,486,0.313,0.121,0.265,0.000,0.088,0.039
cube_d3_k105,8,9,486,486,162,0.106,0.043,0.118,0.000,0.037,0.028
cube_d3_k105,8,10,162,162,54,0.078,0.024,0.046,0.000,0.013,0.012
cube_d3_k105,8,11,54,54,18,0.049,0.005,0.030,0.000,0.006,0.008
cube_d3_k105,8,12,18,18,6,0.014,0.003,0.009,0.000,0.004,0.002
cube_d3_k105,8,13,6,6,2,0.007,0.002,0.005,0.000,0.003,0.001
cube_d3_k105,8,14,2,0,0,0.002,0.001,0.000,,,
cube_d3_k105,8,0,210,6945750,2315250,1.274,1.837,266.297,0.000,67.083,77.497
cube_d3_k105,8,1,2315250,2315250,808056,315.225,70.475,169.296,0.000,29.357,27.138
cube_d3_k105,8,2,808056,808056,354294,113.825,25.210,57.792,0.000,8.915,11.702
cube_d3_k105,8,3,354294,354294,118098,50.804,11.112,22.329,0.000,3.764,3.922
cube_d3_k105,8,4,118098,118098,39366,15.725,3.203,12.105,0.000,5.746,1.463
cube_d3_k105,8,5,39366,39366,13122,5.121,1.191,4.124,0.000,1.920,0.539
cube_d3_k105,8,6,13122,13122,4374,2.520,0.449,1.503,0.000,0.624,0.212
cube_d3_k105,8,7,4374,4374,1458,0.838,0.285,0.612,0.000,0.227,0.090
cube_d3_k105,8,8,1458,1458,486,0.319,0.127,0.249,0.000,0.086,0.039
cube_d3_k105,8,9,486,486,162,0.127,0.070,0.137,0.000,0.038,0.043
cube_d3_k105,8,10,162,162,54,0.075,0.029,0.050,0.000,0.013,0.012
cube_d3_k105,8,11,54,54,18,0.052,0.004,0.026,0.000,0.007,0.006
cube_d3_k105,8,12,18,18,6,0.014,0.002,0.009,0.000,0.004,0.002
cube_d3_k105,8,13,6,6,2,0.005,0.001,0.005,0.000,0.003,0.001
cube_d3_k105,8,14,2,0,0,0.002,0.001,0.000,,,
cube_d3_k105,8,0,210,6945750,2315250,1.058,2.243,274.950,0.000,68.420,81.430
cube_d3_k105,8,1,2315250,2315250,808056,322.389,70.940,169.401,0.000,29.865,26.796
cube_d3_k105,8,2,808056,808056,354294,113.645,25.026,57.720,0.000,9.262,11.800
cube_d3_k105,8,3,354294,354294,118098,49.810,11.167,22.755,0.000,3.810,4.056
cube_d3_k105,8,4,118098,118098,39366,15.641,3.315,12.377,0.000,5.873,1.438
cube_d3_k105,8,5,39366,39366,13122,5.117,1.135,4.057,0.000,1.869,0.513
cube_d3_k105,8,6,13122,13122,4374,2.526,0.461,1.471,0.000,0.604,0.211
cube_d3_k105,8,7,4374,4374,1458,0.847,0.278,0.624,0.000,0.242,0.083
cube_d3_k105,8,8,1458,1458,486,0.327,0.121,0.256,0.000,0.080,0.040
cube_d3_k105,8,9,486,486,162,0.115,0.049,0.135,0.000,0.044,0.040
cube_d3_k105,8,10,162,162,54,0.077,0.025,0.048,0.000,0.013,0.011
cube_d3_k105,8,11,54,54,18,0.050,0.004,0.023,0.000,0.006,0.006
cube_d3_k105,8,12,18,18,6,0.014,0.002,0.009,0.000,0.004,0.001
cube_d3_k105,8,13,6,6,2,0.004,0.001,0.004,0.000,0.003,0.001
cube_d3_k105,8,14,2,0,0,0.002,0.001,0.000,,,
cube_d3_k105,16,0,210,6945750,2315250,6.661,6.713,142.253,0.000,49.167,40.033
cube_d3_k105,16,1,2315250,2315250,808056,150.232,29.767,88.950,0.000,16.653,16.105
cube_d3_k105,16,2,808056,808056,354294,55.016,12.192,33.012,0.000,6.259,6.594
cube_d3_k105,16,3,354294,354294,118098,26.496,5.914,12.718,0.000,2.455,2.162
cube_d3_k105,16,4,118098,118098,39366,8.816,1.897,9.459,0.000,5.828,0.853
cube_d3_k105,16,5,39366,39366,13122,2.952,0.694,3.195,0.000,1.855,0.333
cube_d3_k105,16,6,13122,13122,4374,1.944,0.318,1.253,0.000,0.563,0.218
cube_d3_k105,16,7,4374,4374,1458,0.659,0.227,0.522,0.000,0.219,0.063
cube_d3_k105,16,8,1458,1458,486,0.255,0.077,0.257,0.000,0.107,0.037
cube_d3_k105,16,9,486,486,162,0.106,0.047,0.101,0.000,0.034,0.022
cube_d3_k105,16,10,162,162,54,0.082,0.027,0.050,0.000,0.016,0.012
cube_d3_k105,16,11,54,54,18,0.026,0.009,0.029,0.000,0.007,0.008
cube_d3_k105,16,12,18,18,6,0.019,0.004,0.008,0.000,0.004,0.002
cube_d3_k105,16,13,6,6,2,0.008,0.002,0.005,0.000,0.003,0.001
cube_d3_k105,16,14,2,0,0,0.002,0.001,0.000,,,
cube_d3_k105,16,0,210,6945750,2315250,0.677,1.546,143.342,0.000,36.849,41.466
cube_d3_k105,16,1,2315250,2315250,808056,171.083,36.821,87.073,0.000,15.967,15.380
cube_d3_k105,16,2,808056,808056,354294,62.627,13.782,30.979,0.000,5.519,6.295
cube_d3_k105,16,3,354294,354294,118098,25.711,5.905,12.749,0.000,2.437,2.133
cube_d3_k105,16,4,118098,118098,39366,8.676,1.888,9.144,0.000,5.511,0.840
cube_d3_k105,16,5,39366,39366,13122,2.897,0.701,3.060,0.000,1.719,0.342
cube_d3_k105,16,6,13122,13122,4374,1.912,0.307,1.185,0.000,0.568,0.160
cube_d3_k105,16,7,4374,4374,1458,0.649,0.215,0.534,0.000,0.217,0.071
cube_d3_k105,16,8,1458,1458,486,0.242,0.083,0.249,0.000,0.108,0.036
cube_d3_k105,16,9,486,486,162,0.102,0.052,0.100,0.000,0.034,0.021
cube_d3_k105,16,10,162,162,54,0.076,0.027,0.052,0.000,0.015,0.013
cube_d3_k105,16,11,54,54,18,0.024,0.009,0.029,0.000,0.007,0.008
cube_d3_k105,16,12,18,18,6,0.013,0.005,0.008,0.000,0.004,0.002
cube_d3_k105,16,13,6,6,2,0.008,0.002,0.005,0.000,0.003,0.001
cube_d3_k105,16,14,2,0,0,0.002,0.001,0.000,,,
cube_d3_k105,16,0,210,6945750,2315250,0.658,1.622,139.630,0.000,37.226,41.027
cube_d3_k105,16,1,2315250,2315250,808056,173.096,40.253,87.845,0.000,16.130,15.421
cube_d3_k105,16,2,808056,808056,354294,62.460,13.158,32.086,0.000,5.493,6.183
cube_d3_k105,16,3,354294,354294,118098,25.956,6.048,12.964,0.000,2.505,2.238
cube_d3_k105,16,4,118098,118098,39366,8.517,1.864,9.689,0.000,5.948,0.849
cube_d3_k105,16,5,39366,39366,13122,2.882,0.707,3.097,0.000,1.743,0.340
cube_d3_k105,16,6,13122,13122,4374,1.882,0.312,1.167,0.000,0.572,0.141
cube_d3_k105,16,7,4374,4374,1458,0.618,0.217,0.523,0.000,0.216,0.070
cube_d3_k105,16,8,1458,1458,486,0.245,0.110,0.253,0.000,0.109,0.036
cube_d3_k105,16,9,486,486,162,0.105,0.049,0.111,0.000,0.036,0.022
cube_d3_k105,16,10,162,162,54,0.086,0.030,0.051,0.000,0.016,0.013
cube_d3_k105,16,11,54,54,18,0.232,0.015,0.037,0.000,0.007,0.012
cube_d3_k105,16,12,18,18,6,0.016,0.005,0.008,0.000,0.004,0.002
cube_d3_k105,16,13,6,6,2,0.008,0.002,0.005,0.000,0.003,0.001
cube_d3_k105,16,14,2,0,0,0.002,0.001,0.000,,,
cube_d3_k105,16,0,210,6945750,2315250,0.643,1.620,147.534,0.000,37.986,41.347
cube_d3_k105,16,1,2315250,2315250,808056,179.904,37.208,87.929,0.000,15.969,15.728
cube_d3_k105,16,2,808056,808056,354294,63.408,13.534,31.105,0.000,5.333,6.407
cube_d3_k105,16,3,354294,354294,118098,28.175,5.565,12.563,0.000,2.577,2.180
cube_d3_k105,16,4,118098,118098,39366,8.537,2.065,9.741,0.000,6.018,0.850
cube_d3_k105,16,5,39366,39366,13122,2.888,0.725,3.144,0.000,1.801,0.333
cube_d3_k105,16,6,13122,13122,4374,1.862,0.315,1.191,0.000,0.571,0.155
cube_d3_k105,16,7,4374,4374,1458,0.640,0.205,0.520,0.000,0.220,0.066
cube_d3_k105,16,8,1458,1458,486,0.234,0.083,0.262,0.000,0.111,0.038
cube_d3_k105,16,9,486,486,162,0.103,0.049,0.098,0.000,0.035,0.020
cube_d3_k105,16,10,162,162,54,0.049,0.028,0.052,0.000,0.015,0.013
cube_d3_k105,16,11,54,54,18,0.026,0.012,0.028,0.000,0.006,0.008
cube_d3_k105,16,12,18,18,6,0.016,0.005,0.008,0.000,0.004,0.002
cube_d3_k105,16,13,6,6,2,0.007,0.002,0.005,0.000,0.003,0.001
cube_d3_k105,16,14,2,0,0,0.002,0.001,0.000,,,
cube_d3_k105,16,0,210,6945750,2315250,0.663,1.532,146.595,0.000,37.840,41.787
cube_d3_k105,16,1,2315250,2315250,808056,180.776,38.724,90.248,0.000,16.272,15.680
cube_d3_k105,16,2,808056,808056,354294,62.407,12.626,31.954,0.000,5.165,6.277
cube_d3_k105,16,3,354294,354294,118098,25.787,5.904,12.754,0.000,2.624,2.191
cube_d3_k105,16,4,118098,118098,39366,8.577,1.930,9.318,0.000,5.694,0.862
cube_d3_k105,16,5,39366,39366,13122,2.882,0.700,3.089,0.000,1.764,0.330
cube_d3_k105,16,6,13122,13122,4374,1.893,0.310,1.164,0.000,0.572,0.149
cube_d3_k105,16,7,4374,4374,1458,0.649,0.219,0.534,0.000,0.220,0.064
cube_d3_k105,16,8,1458,1458,486,0.251,0.086,0.244,0.000,0.106,0.037
cube_d3_k105,16,9,486,486,162,0.111,0.052,0.102,0.000,0.034,0.022
cube_d3_k105,16,10,162,162,54,0.077,0.027,0.052,0.000,0.015,0.013
cube_d3_k105,16,11,54,54,18,0.031,0.013,0.028,0.000,0.007,0.007
cube_d3_k105,16,12,18,18,6,0.013,0.005,0.009,0.000,0.004,0.001
cube_d3_k105,16,13,6,6,2,0.008,0.002,0.005,0.000,0.003,0.001
cube_d3_k105,16,14,2,0,0,0.003,0.001,0.000,,,
cube_d3_k105,16,0,210,6945750,2315250,0.651,1.651,150.423,0.000,37.435,41.750
cube_d3_k105,16,1,2315250,2315250,808056,189.127,37.301,90.028,0.000,16.037,15.561
cube_d3_k105,16,2,808056,808056,354294,67.901,13.387,32.565,0.000,5.368,6.510
cube_d3_k105,16,3,354294,354294,118098,28.337,6.022,12.868,0.000,2.449,2.171
cube_d3_k105,16,4,118098,118098,39366,8.492,2.082,9.421,0.000,5.812,0.839
cube_d3_k105,16,5,39366,39366,13122,2.871,0.720,3.715,0.000,1.823,0.368
cube_d3_k105,16,6,13122,13122,4374,2.055,0.353,1.269,0.000,0.603,0.170
cube_d3_k105,16,7,4374,4374,1458,0.681,0.221,0.593,0.000,0.259,0.068
cube_d3_k105,16,8,1458,1458,486,0.261,0.088,0.261,0.000,0.107,0.044
cube_d3_k105,16,9,486,486,162,0.122,0.050,0.114,0.000,0.038,0.024
cube_d3_k105,16,10,162,162,54,0.081,0.031,0.053,0.000,0.015,0.014
cube_d3_k105,16,11,54,54,18,0.031,0.014,0.031,0.000,0.007,0.009
cube_d3_k105,16,12,18,18,6,0.016,0.005,0.009,0.000,0.004,0.001
cube_d3_k105,16,13,6,6,2,0.008,0.002,0.006,0.000,0.003,0.001
cube_d3_k105,16,14,2,0,0,0.002,0.001,0.000,,,
cube_d3_k105,32,0,210,6945750,2315250,7.763,6.402,103.838,0.000,42.219,23.766
cube_d3_k105,32,1,2315250,2315250,808056,78.854,18.825,59.731,0.000,13.194,9.896
cube_d3_k105,32,2,808056,808056,354294,31.372,8.730,21.077,0.000,5.050,4.721
cube_d3_k105,32,3,354294,354294,118098,14.868,3.675,7.774,0.000,1.701,1.232
cube_d3_k105,32,4,118098,118098,39366,4.897,1.319,8.333,0.000,6.065,0.515
cube_d3_k105,32,5,39366,39366,13122,1.720,0.509,2.590,0.000,1.686,0.242
cube_d3_k105,32,6,13122,13122,4374,1.508,0.282,1.119,0.000,0.590,0.200
cube_d3_k105,32,7,4374,4374,1458,0.566,0.227,0.501,0.000,0.238,0.057
cube_d3_k105,32,8,1458,1458,486,0.258,0.080,0.212,0.000,0.083,0.036
cube_d3_k105,32,9,486,486,162,0.100,0.049,0.116,0.000,0.039,0.026
cube_d3_k105,32,10,162,162,54,0.047,0.033,0.053,0.000,0.016,0.016
cube_d3_k105,32,11,54,54,18,0.030,0.010,0.033,0.000,0.007,0.008
cube_d3_k105,32,12,18,18,6,0.026,0.004,0.010,0.000,0.004,0.001
cube_d3_k105,32,13,6,6,2,0.007,0.002,0.006,0.000,0.003,0.001
cube_d3_k105,32,14,2,0,0,0.003,0.001,0.000,,,
cube_d3_k105,32,0,210,6945750,2315250,0.892,1.658,87.216,0.000,23.679,21.799
cube_d3_k105,32,1,2315250,2315250,808056,82.583,19.929,50.494,0.000,10.009,8.218
cube_d3_k105,32,2,808056,808056,354294,31.209,7.594,18.031,0.000,3.569,3.159
cube_d3_k105,32,3,354294,354294,118098,15.042,3.777,7.519,0.000,1.689,1.238
cube_d3_k105,32,4,118098,118098,39366,4.807,1.194,8.265,0.000,5.936,0.531
cube_d3_k105,32,5,39366,39366,13122,1.706,0.503,2.731,0.000,1.814,0.250
cube_d3_k105,32,6,13122,13122,4374,1.597,0.272,1.105,0.000,0.650,0.124
cube_d3_k105,32,7,4374,4374,1458,0.569,0.233,0.524,0.000,0.249,0.062
cube_d3_k105,32,8,1458,1458,486,0.245,0.088,0.233,0.000,0.081,0.039
cube_d3_k105,32,9,486,486,162,0.095,0.051,0.106,0.000,0.037,0.022
cube_d3_k105,32,10,162,162,54,0.047,0.035,0.063,0.000,0.016,0.023
cube_d3_k105,32,11,54,54,18,0.028,0.016,0.032,0.000,0.007,0.009
cube_d3_k105,32,12,18,18,6,0.015,0.005,0.010,0.000,0.004,0.001
cube_d3_k105,32,13,6,6,2,0.008,0.002,0.005,0.000,0.003,0.001
cube_d3_k105,32,14,2,0,0,0.003,0.001,0.000,,,
cube_d3_k105,32,0,210,6945750,2315250,1.018,1.663,85.927,0.000,24.456,20.921
cube_d3_k105,32,1,2315250,2315250,808056,85.768,20.757,50.597,0.000,10.007,7.885
cube_d3_k105,32,2,808056,808056,354294,32.052,7.668,18.150,0.000,3.606,3.129
cube_d3_k105,32,3,354294,354294,118098,15.378,3.562,7.606,0.000,1.710,1.257
cube_d3_k105,32,4,118098,118098,39366,4.797,1.193,8.771,0.000,6.621,0.548
cube_d3_k105,32,5,39366,39366,13122,1.664,0.512,2.928,0.000,1.988,0.255
cube_d3_k105,32,6,13122,13122,4374,1.615,0.292,1.329,0.000,0.813,0.146
cube_d3_k105,32,7,4374,4374,1458,0.635,0.229,0.539,0.000,0.258,0.067
cube_d3_k105,32,8,1458,1458,486,0.272,0.090,0.232,0.000,0.087,0.040
cube_d3_k105,32,9,486,486,162,0.096,0.053,0.121,0.000,0.039,0.026
cube_d3_k105,32,10,162,162,54,0.054,0.036,0.083,0.000,0.034,0.022
cube_d3_k105,32,11,54,54,18,0.037,0.019,0.029,0.000,0.007,0.006
cube_d3_k105,32,12,18,18,6,0.020,0.005,0.011,0.000,0.005,0.002
cube_d3_k105,32,13,6,6,2,0.009,0.002,0.005,0.000,0.003,0.001
cube_d3_k105,32,14,2,0,0,0.003,0.001,0.000,,,
cube_d3_k105,32,0,210,6945750,2315250,1.044,1.774,89.630,0.000,24.873,20.890
cube_d3_k105,32,1,2315250,2315250,808056,84.169,21.048,51.332,0.000,10.325,8.017
cube_d3_k105,32,2,808056,808056,354294,37.438,7.881,18.549,0.000,3.636,3.361
cube_d3_k105,32,3,354294,354294,118098,15.653,3.524,7.627,0.000,1.702,1.269
cube_d3_k105,32,4,118098,118098,39366,4.888,1.228,8.128,0.000,5.941,0.540
cube_d3_k105,32,5,39366,39366,13122,1.672,0.527,2.771,0.000,1.843,0.247
cube_d3_k105,32,6,13122,13122,4374,1.583,0.507,1.102,0.000,0.606,0.134
cube_d3_k105,32,7,4374,4374,1458,0.695,0.240,0.560,0.000,0.274,0.066
cube_d3_k105,32,8,1458,1458,486,0.235,0.083,0.238,0.000,0.093,0.041
cube_d3_k105,32,9,486,486,162,0.305,0.051,0.124,0.000,0.040,0.032
cube_d3_k105,32,10,162,162,54,0.072,0.035,0.061,0.000,0.018,0.019
cube_d3_k105,32,11,54,54,18,0.037,0.019,0.038,0.000,0.008,0.009
cube_d3_k105,32,12,18,18,6,0.020,0.005,0.010,0.000,0.004,0.002
cube_d3_k105,32,13,6,6,2,0.010,0.002,0.006,0.000,0.003,0.001
cube_d3_k105,32,14,2,0,0,0.003,0.001,0.000,,,
cube_d3_k105,32,0,210,6945750,2315250,0.907,1.757,87.445,0.000,24.766,20.730
cube_d3_k105,32,1,2315250,2315250,808056,89.656,21.120,51.675,0.000,10.314,7.974
cube_d3_k105,32,2,808056,808056,354294,32.524,7.809,18.469,0.000,3.780,3.073
cube_d3_k105,32,3,354294,354294,118098,15.496,3.468,7.734,0.000,1.769,1.273
cube_d3_k105,32,4,118098,118098,39366,4.856,1.237,8.172,0.000,5.985,0.560
cube_d3_k105,32,5,39366,39366,13122,1.687,0.537,2.772,0.000,1.856,0.240
cube_d3_k105,32,6,13122,13122,4374,1.626,0.276,1.298,0.000,0.605,0.131
cube_d3_k105,32,7,4374,4374,1458,0.618,0.236,0.555,0.000,0.265,0.069
cube_d3_k105,32,8,1458,1458,486,0.262,0.092,0.238,0.000,0.089,0.045
cube_d3_k105,32,9,486,486,162,0.107,0.051,0.121,0.000,0.041,0.026
cube_d3_k105,32,10,162,162,54,0.054,0.039,0.063,0.000,0.016,0.017
cube_d3_k105,32,11,54,54,18,0.035,0.017,0.036,0.000,0.007,0.009
cube_d3_k105,32,12,18,18,6,0.019,0.005,0.021,0.000,0.005,0.003
cube_d3_k105,32,13,6,6,2,0.010,0.002,0.006,0.000,0.003,0.001
cube_d3_k105,32,14,2,0,0,0.002,0.001,0.000,,,
cube_d3_k105,32,0,210,6945750,2315250,0.968,1.703,90.964,0.000,24.732,21.064
cube_d3_k105,32,1,2315250,2315250,808056,91.359,21.422,51.693,0.000,10.459,8.035
cube_d3_k105,32,2,808056,808056,354294,32.510,7.614,19.584,0.000,3.746,3.170
cube_d3_k105,32,3,354294,354294,118098,15.743,3.462,7.727,0.000,1.739,1.297
cube_d3_k105,32,4,118098,118098,39366,4.910,1.386,8.276,0.000,6.066,0.555
cube_d3_k105,32,5,39366,39366,13122,1.728,0.521,2.795,0.000,1.851,0.255
cube_d3_k105,32,6,13122,13122,4374,1.587,0.275,1.111,0.000,0.620,0.135
cube_d3_k105,32,7,4374,4374,1458,0.826,0.233,0.563,0.000,0.269,0.071
cube_d3_k105,32,8,1458,1458,486,0.258,0.091,0.270,0.000,0.101,0.045
cube_d3_k105,32,9,486,486,162,0.093,0.052,0.117,0.000,0.040,0.028
cube_d3_k105,32,10,162,162,54,0.056,0.033,0.060,0.000,0.016,0.017
cube_d3_k105,32,11,54,54,18,0.030,0.017,0.034,0.000,0.007,0.009
cube_d3_k105,32,12,18,18,6,0.018,0.005,0.010,0.000,0.004,0.002
cube_d3_k105,32,13,6,6,2,0.008,0.002,0.005,0.000,0.003,0.001
cube_d3_k105,32,14,2,0,0,0.003,0.001,0.000,,,
cube_d3_k105,64,0,210,6945750,2315250,9.364,6.929,102.151,0.000,45.696,16.369
cube_d3_k105,64,1,2315250,2315250,808056,49.076,13.205,55.195,0.000,18.728,12.832
cube_d3_k105,64,2,808056,808056,354294,24.414,5.279,15.208,0.000,4.604,3.402
cube_d3_k105,64,3,354294,354294,118098,9.690,2.643,5.630,0.000,1.619,0.786
cube_d3_k105,64,4,118098,118098,39366,3.425,1.094,7.830,0.000,6.417,0.356
cube_d3_k105,64,5,39366,39366,13122,1.114,0.386,2.469,0.000,1.843,0.160
cube_d3_k105,64,6,13122,13122,4374,1.742,0.292,0.991,0.000,0.582,0.159
cube_d3_k105,64,7,4374,4374,1458,0.654,0.176,0.468,0.000,0.246,0.053
cube_d3_k105,64,8,1458,1458,486,0.286,0.344,0.220,0.000,0.092,0.041
cube_d3_k105,64,9,486,486,162,0.084,0.056,0.101,0.000,0.037,0.023
cube_d3_k105,64,10,162,162,54,0.045,0.035,0.060,0.000,0.014,0.016
cube_d3_k105,64,11,54,54,18,0.028,0.018,0.028,0.000,0.007,0.005
cube_d3_k105,64,12,18,18,6,0.020,0.005,0.009,0.000,0.004,0.001
cube_d3_k105,64,13,6,6,2,0.004,0.001,0.005,0.000,0.003,0.001
cube_d3_k105,64,14,2,0,0,0.002,0.001,0.000,,,
cube_d3_k105,64,0,210,6945750,2315250,0.803,1.696,67.592,0.000,19.662,13.273
cube_d3_k105,64,1,2315250,2315250,808056,44.092,11.820,30.389,0.000,7.454,4.667
cube_d3_k105,64,2,808056,808056,354294,19.589,5.158,11.957,0.000,2.759,1.832
cube_d3_k105,64,3,354294,354294,118098,9.770,2.515,5.694,0.000,1.522,0.773
cube_d3_k105,64,4,118098,118098,39366,2.948,0.841,7.290,0.000,5.884,0.354
cube_d3_k105,64,5,39366,39366,13122,1.075,0.379,2.467,0.000,1.802,0.174
cube_d3_k105,64,6,13122,13122,4374,1.745,0.211,0.978,0.000,0.632,0.099
cube_d3_k105,64,7,4374,4374,1458,0.699,0.180,0.489,0.000,0.241,0.053
cube_d3_k105,64,8,1458,1458,486,0.285,0.073,0.214,0.000,0.081,0.040
cube_d3_k105,64,9,486,486,162,0.101,0.053,0.110,0.000,0.039,0.027
cube_d3_k105,64,10,162,162,54,0.046,0.031,0.059,0.000,0.015,0.015
cube_d3_k105,64,11,54,54,18,0.030,0.013,0.028,0.000,0.007,0.006
cube_d3_k105,64,12,18,18,6,0.014,0.005,0.010,0.000,0.005,0.002
cube_d3_k105,64,13,6,6,2,0.005,0.001,0.005,0.000,0.003,0.001
cube_d3_k105,64,14,2,0,0,0.003,0.001,0.000,,,
cube_d3_k105,64,0,210,6945750,2315250,0.792,1.748,65.693,0.000,19.199,11.934
cube_d3_k105,64,1,2315250,2315250,808056,46.961,12.231,30.574,0.000,7.592,4.664
cube_d3_k105,64,2,808056,808056,354294,19.906,5.839,11.969,0.000,2.769,1.860
cube_d3_k105,64,3,354294,354294,118098,9.731,2.304,5.163,0.000,1.445,0.809
cube_d3_k105,64,4,118098,118098,39366,2.929,0.908,7.428,0.000,5.966,0.386
cube_d3_k105,64,5,39366,39366,13122,1.114,0.392,2.504,0.000,1.858,0.177
cube_d3_k105,64,6,13122,13122,4374,1.812,0.245,1.003,0.000,0.636,0.103
cube_d3_k105,64,7,4374,4374,1458,0.703,0.187,0.473,0.000,0.243,0.052
cube_d3_k105,64,8,1458,1458,486,0.290,0.078,0.213,0.000,0.093,0.036
cube_d3_k105,64,9,486,486,162,0.099,0.049,0.100,0.000,0.040,0.022
cube_d3_k105,64,10,162,162,54,0.045,0.028,0.055,0.000,0.014,0.019
cube_d3_k105,64,11,54,54,18,0.027,0.010,0.029,0.000,0.006,0.006
cube_d3_k105,64,12,18,18,6,0.013,0.004,0.009,0.000,0.004,0.001
cube_d3_k105,64,13,6,6,2,0.005,0.001,0.005,0.000,0.003,0.001
cube_d3_k105,64,14,2,0,0,0.002,0.001,0.000,,,
cube_d3_k105,64,0,210,6945750,2315250,0.808,1.666,66.632,0.000,20.035,11.941
cube_d3_k105,64,1,2315250,2315250,808056,46.083,13.316,30.581,0.000,7.612,4.697
cube_d3_k105,64,2,808056,808056,354294,20.167,5.256,12.240,0.000,2.828,1.976
cube_d3_k105,64,3,354294,354294,118098,9.764,2.404,5.196,0.000,1.506,0.804
cube_d3_k105,64,4,118098,118098,39366,2.982,0.859,7.539,0.000,6.108,0.376
cube_d3_k105,64,5,39366,39366,13122,1.078,0.376,2.517,0.000,1.877,0.178
cube_d3_k105,64,6,13122,13122,4374,1.823,0.235,0.963,0.000,0.616,0.098
cube_d3_k105,64,7,4374,4374,1458,0.722,0.182,0.470,0.000,0.241,0.048
cube_d3_k105,64,8,1458,1458,486,0.296,0.090,0.205,0.000,0.082,0.034
cube_d3_k105,64,9,486,486,162,0.081,0.053,0.106,0.000,0.038,0.024
cube_d3_k105,64,10,162,162,54,0.047,0.028,0.061,0.000,0.015,0.015
cube_d3_k105,64,11,54,54,18,0.031,0.014,0.031,0.000,0.007,0.005
cube_d3_k105,64,12,18,18,6,0.014,0.004,0.009,0.000,0.005,0.002
cube_d3_k105,64,13,6,6,2,0.008,0.002,0.005,0.000,0.003,0.001
cube_d3_k105,64,14,2,0,0,0.003,0.001,0.000,,,
cube_d3_k105,64,0,210,6945750,2315250,0.827,1.763,67.286,0.000,20.179,12.208
cube_d3_k105,64,1,2315250,2315250,808056,46.549,12.341,30.890,0.000,7.728,4.702
cube_d3_k105,64,2,808056,808056,354294,20.253,5.131,12.397,0.000,2.843,2.050
cube_d3_k105,64,3,354294,354294,118098,9.987,2.620,5.358,0.000,1.536,0.819
cube_d3_k105,64,4,118098,118098,39366,3.186,0.871,7.417,0.000,6.014,0.360
cube_d3_k105,64,5,39366,39366,13122,1.162,0.375,2.555,0.000,1.910,0.174
cube_d3_k105,64,6,13122,13122,4374,1.803,0.228,1.008,0.000,0.640,0.108
cube_d3_k105,64,7,4374,4374,1458,0.701,0.171,0.470,0.000,0.244,0.050
cube_d3_k105,64,8,1458,1458,486,0.294,0.091,0.204,0.000,0.082,0.035
cube_d3_k105,64,9,486,486,162,0.106,0.054,0.097,0.000,0.036,0.026
cube_d3_k105,64,10,162,162,54,0.045,0.033,0.055,0.000,0.014,0.015
cube_d3_k105,64,11,54,54,18,0.027,0.012,0.034,0.000,0.007,0.006
cube_d3_k105,64,12,18,18,6,0.012,0.004,0.010,0.000,0.004,0.002
cube_d3_k105,64,13,6,6,2,0.005,0.001,0.005,0.000,0.003,0.001
cube_d3_k105,64,14,2,0,0,0.002,0.001,0.000,,,
cube_d3_k105,64,0,210,6945750,2315250,0.812,1.796,68.201,0.000,20.440,12.191
cube_d3_k105,64,1,2315250,2315250,808056,46.865,12.559,30.754,0.000,7.567,4.717
cube_d3_k105,64,2,808056,808056,354294,20.078,5.319,12.132,0.000,2.831,1.863
cube_d3_k105,64,3,354294,354294,118098,9.871,2.355,5.283,0.000,1.586,0.798
cube_d3_k105,64,4,118098,118098,39366,2.943,0.907,7.763,0.000,6.273,0.421
cube_d3_k105,64,5,39366,39366,13122,1.089,0.410,2.523,0.000,1.891,0.178
cube_d3_k105,64,6,13122,13122,4374,1.753,0.235,0.941,0.000,0.581,0.098
cube_d3_k105,64,7,4374,4374,1458,0.716,0.184,0.477,0.000,0.253,0.055
cube_d3_k105,64,8,1458,1458,486,0.293,0.074,0.203,0.000,0.081,0.032
cube_d3_k105,64,9,486,486,162,0.112,0.057,0.099,0.000,0.038,0.022
cube_d3_k105,64,10,162,162,54,0.044,0.029,0.060,0.000,0.016,0.019
cube_d3_k105,64,11,54,54,18,0.031,0.021,0.025,0.000,0.006,0.006
cube_d3_k105,64,12,18,18,6,0.013,0.004,0.010,0.000,0.005,0.001
cube_d3_k105,64,13,6,6,2,0.005,0.002,0.005,0.000,0.003,0.001
cube_d3_k105,64,14,2,0,0,0.003,0.001,0.000,,,
cube_d3_k105,128,0,210,6945750,2315250,13.142,7.438,132.590,0.000,73.448,18.736
cube_d3_k105,128,1,2315250,2315250,808056,42.265,16.253,75.533,0.000,31.626,15.509
cube_d3_k105,128,2,808056,808056,354294,24.506,7.992,27.901,0.000,13.297,8.319
cube_d3_k105,128,3,354294,354294,118098,7.278,2.021,4.430,0.000,1.181,0.611
cube_d3_k105,128,4,118098,118098,39366,2.353,0.791,9.473,0.000,7.846,0.749
cube_d3_k105,128,5,39366,39366,13122,1.061,0.398,2.527,0.000,1.946,0.176
cube_d3_k105,128,6,13122,13122,4374,1.939,0.391,1.031,0.000,0.595,0.178
cube_d3_k105,128,7,4374,4374,1458,0.619,0.207,0.551,0.000,0.273,0.081
cube_d3_k105,128,8,1458,1458,486,0.195,0.106,0.250,0.000,0.090,0.056
cube_d3_k105,128,9,486,486,162,0.095,0.080,0.145,0.000,0.043,0.035
cube_d3_k105,128,10,162,162,54,0.065,0.037,0.065,0.000,0.017,0.017
cube_d3_k105,128,11,54,54,18,0.033,0.015,0.043,0.000,0.008,0.010
cube_d3_k105,128,12,18,18,6,0.016,0.004,0.010,0.000,0.004,0.002
cube_d3_k105,128,13,6,6,2,0.005,0.001,0.005,0.000,0.003,0.001
cube_d3_k105,128,14,2,0,0,0.003,0.001,0.000,,,
cube_d3_k105,128,0,210,6945750,2315250,1.113,2.069,58.897,0.000,19.443,10.166
cube_d3_k105,128,1,2315250,2315250,808056,27.614,9.346,22.981,0.000,6.267,3.102
cube_d3_k105,128,2,808056,808056,354294,14.357,3.799,9.999,0.000,2.580,1.349
cube_d3_k105,128,3,354294,354294,118098,6.929,1.990,4.309,0.000,1.226,0.658
cube_d3_k105,128,4,118098,118098,39366,2.357,0.803,7.378,0.000,6.093,0.351
cube_d3_k105,128,5,39366,39366,13122,0.972,0.416,2.438,0.000,1.840,0.167
cube_d3_k105,128,6,13122,13122,4374,1.768,0.248,1.002,0.000,0.608,0.123
cube_d3_k105,128,7,4374,4374,1458,0.426,0.196,0.546,0.000,0.280,0.069
cube_d3_k105,128,8,1458,1458,486,0.231,0.094,0.244,0.000,0.094,0.047
cube_d3_k105,128,9,486,486,162,0.143,0.076,0.156,0.000,0.044,0.046
cube_d3_k105,128,10,162,162,54,0.067,0.034,0.075,0.000,0.016,0.019
cube_d3_k105,128,11,54,54,18,0.043,0.022,0.028,0.000,0.007,0.006
cube_d3_k105,128,12,18,18,6,0.018,0.005,0.010,0.000,0.004,0.002
cube_d3_k105,128,13,6,6,2,0.005,0.001,0.006,0.000,0.003,0.001
cube_d3_k105,128,14,2,0,0,0.003,0.001,0.000,,,
cube_d3_k105,128,0,210,6945750,2315250,1.046,1.836,56.817,0.000,19.807,6.923
cube_d3_k105,128,1,2315250,2315250,808056,30.716,9.646,22.916,0.000,6.277,3.106
cube_d3_k105,128,2,808056,808056,354294,14.567,3.859,9.968,0.000,2.573,1.367
cube_d3_k105,128,3,354294,354294,118098,7.027,1.970,4.364,0.000,1.310,0.703
cube_d3_k105,128,4,118098,118098,39366,2.374,0.719,7.480,0.000,6.299,0.334
cube_d3_k105,128,5,39366,39366,13122,1.012,0.449,2.689,0.000,2.075,0.183
cube_d3_k105,128,6,13122,13122,4374,1.638,0.235,0.985,0.000,0.617,0.107
cube_d3_k105,128,7,4374,4374,1458,0.755,0.196,0.546,0.000,0.281,0.068
cube_d3_k105,128,8,1458,1458,486,0.300,0.094,0.253,0.000,0.098,0.046
cube_d3_k105,128,9,486,486,162,0.135,0.068,0.157,0.000,0.040,0.053
cube_d3_k105,128,10,162,162,54,0.074,0.033,0.071,0.000,0.015,0.024
cube_d3_k105,128,11,54,54,18,0.040,0.016,0.038,0.000,0.007,0.006
cube_d3_k105,128,12,18,18,6,0.020,0.005,0.010,0.000,0.004,0.002
cube_d3_k105,128,13,6,6,2,0.010,0.001,0.005,0.000,0.003,0.001
cube_d3_k105,128,14,2,0,0,0.003,0.001,0.000,,,
cube_d3_k105,128,0,210,6945750,2315250,1.068,2.018,56.167,0.000,19.699,7.165
cube_d3_k105,128,1,2315250,2315250,808056,31.082,9.836,24.404,0.000,6.175,3.244
cube_d3_k105,128,2,808056,808056,354294,14.676,3.943,10.045,0.000,2.549,1.462
cube_d3_k105,128,3,354294,354294,118098,6.893,1.930,4.179,0.000,1.224,0.675
cube_d3_k105,128,4,118098,118098,39366,2.313,0.713,7.378,0.000,6.201,0.321
cube_d3_k105,128,5,39366,39366,13122,0.932,0.391,2.556,0.000,1.924,0.200
cube_d3_k105,128,6,13122,13122,4374,2.093,0.354,0.989,0.000,0.603,0.119
cube_d3_k105,128,7,4374,4374,1458,0.720,0.186,0.537,0.000,0.280,0.069
cube_d3_k105,128,8,1458,1458,486,0.245,0.088,0.349,0.000,0.095,0.050
cube_d3_k105,128,9,486,486,162,0.117,0.063,0.140,0.000,0.041,0.034
cube_d3_k105,128,10,162,162,54,0.065,0.037,0.076,0.000,0.015,0.019
cube_d3_k105,128,11,54,54,18,0.039,0.010,0.033,0.000,0.007,0.009
cube_d3_k105,128,12,18,18,6,0.017,0.005,0.016,0.000,0.011,0.002
cube_d3_k105,128,13,6,6,2,0.006,0.001,0.005,0.000,0.003,0.001
cube_d3_k105,128,14,2,0,0,0.003,0.001,0.000,,,
cube_d3_k105,128,0,210,6945750,2315250,1.123,1.982,58.097,0.000,20.246,7.767
cube_d3_k105,128,1,2315250,2315250,808056,31.523,10.930,24.472,0.000,6.434,3.165
cube_d3_k105,128,2,808056,808056,354294,15.285,3.867,10.069,0.000,2.617,1.417
cube_d3_k105,128,3,354294,354294,118098,7.008,2.005,4.247,0.000,1.271,0.698
cube_d3_k105,128,4,118098,118098,39366,2.327,0.697,7.195,0.000,5.999,0.334
cube_d3_k105,128,5,39366,39366,13122,0.947,0.396,2.415,0.000,1.836,0.169
cube_d3_k105,128,6,13122,13122,4374,2.103,0.231,1.005,0.000,0.649,0.116
cube_d3_k105,128,7,4374,4374,1458,0.768,0.205,0.558,0.000,0.288,0.070
cube_d3_k105,128,8,1458,1458,486,0.306,0.098,0.264,0.000,0.106,0.061
cube_d3_k105,128,9,486,486,162,0.133,0.069,0.159,0.000,0.041,0.042
cube_d3_k105,128,10,162,162,54,0.064,0.048,0.075,0.000,0.016,0.026
cube_d3_k105,128,11,54,54,18,0.031,0.022,0.033,0.000,0.007,0.006
cube_d3_k105,128,12,18,18,6,0.017,0.005,0.010,0.000,0.004,0.002
cube_d3_k105,128,13,6,6,2,0.006,0.001,0.005,0.000,0.003,0.001
cube_d3_k105,128,14,2,0,0,0.003,0.001,0.000,,,
cube_d3_k105,128,0,210,6945750,2315250,1.092,2.066,56.120,0.000,19.474,7.459
cube_d3_k105,128,1,2315250,2315250,808056,31.298,10.018,23.411,0.000,6.377,3.317
cube_d3_k105,128,2,808056,808056,354294,15.268,3.948,10.011,0.000,2.590,1.429
cube_d3_k105,128,3,354294,354294,118098,7.028,1.938,4.192,0.000,1.221,0.675
cube_d3_k105,128,4,118098,118098,39366,2.321,0.697,7.359,0.000,6.169,0.306
cube_d3_k105,128,5,39366,39366,13122,0.917,0.422,2.528,0.000,1.920,0.175
cube_d3_k105,128,6,13122,13122,4374,2.081,0.275,1.000,0.000,0.639,0.111
cube_d3_k105,128,7,4374,4374,1458,0.748,0.204,0.580,0.000,0.306,0.070
cube_d3_k105,128,8,1458,1458,486,0.305,0.115,0.243,0.000,0.092,0.050
cube_d3_k105,128,9,486,486,162,0.135,0.076,0.143,0.000,0.045,0.034
cube_d3_k105,128,10,162,162,54,0.062,0.038,0.075,0.000,0.015,0.025
cube_d3_k105,128,11,54,54,18,0.030,0.016,0.040,0.000,0.007,0.006
cube_d3_k105,128,12,18,18,6,0.022,0.005,0.010,0.000,0.004,0.001
cube_d3_k105,128,13,6,6,2,0.010,0.002,0.005,0.000,0.003,0.001
cube_d3_k105,128,14,2,0,0,0.003,0.001,0.000,,,
cube_d3_k155,1,0,310,22343250,7447750,13.047,26.744,5969.513,0.000,1801.320,1451.721
cube_d3_k155,1,1,7447750,7447750,2379052,5673.784,1168.581,4004.312,0.000,596.816,438.155
cube_d3_k155,1,2,2379052,2379052,1062882,1820.081,386.066,1231.286,0.000,200.914,177.794
cube_d3_k155,1,3,1062882,1062882,354294,821.502,174.742,488.193,0.000,75.761,64.552
cube_d3_k155,1,4,354294,354294,118098,277.418,57.301,165.757,0.000,26.109,24.300
cube_d3_k155,1,5,118098,118098,39366,93.435,18.212,48.621,0.000,8.735,7.420
cube_d3_k155,1,6,39366,39366,13122,30.286,3.313,12.766,0.000,2.888,1.617
cube_d3_k155,1,7,13122,13122,4374,9.662,0.905,3.301,0.000,0.840,0.530
cube_d3_k155,1,8,4374,4374,1458,2.515,0.245,1.013,0.000,0.305,0.175
cube_d3_k155,1,9,1458,1458,486,0.812,0.077,0.316,0.000,0.094,0.058
cube_d3_k155,1,10,486,486,162,0.273,0.026,0.101,0.000,0.031,0.020
cube_d3_k155,1,11,162,162,54,0.090,0.009,0.038,0.000,0.012,0.007
cube_d3_k155,1,12,54,54,18,0.030,0.004,0.015,0.000,0.006,0.003
cube_d3_k155,1,13,18,18,6,0.011,0.002,0.008,0.000,0.004,0.001
cube_d3_k155,1,14,6,6,2,0.005,0.001,0.005,0.000,0.003,0.001
cube_d3_k155,1,15,2,0,0,0.002,0.001,0.000,,,
cube_d3_k155,1,0,310,22343250,7447750,13.025,26.555,5864.075,0.000,1715.753,1442.781
cube_d3_k155,1,1,7447750,7447750,2379052,7247.743,1688.210,4191.367,0.000,715.745,434.488
cube_d3_k155,1,2,2379052,2379052,1062882,2284.522,557.015,1222.880,0.000,199.367,173.674
cube_d3_k155,1,3,1062882,1062882,354294,1029.682,248.461,491.463,0.000,76.715,63.024
cube_d3_k155,1,4,354294,354294,118098,347.445,82.903,165.904,0.000,25.950,23.772
cube_d3_k155,1,5,118098,118098,39366,115.341,21.922,48.520,0.000,8.906,7.313
cube_d3_k155,1,6,39366,39366,13122,33.053,3.736,12.571,0.000,2.862,1.575
cube_d3_k155,1,7,13122,13122,4374,10.038,0.964,3.312,0.000,0.817,0.539
cube_d3_k155,1,8,4374,4374,1458,2.551,0.293,0.958,0.000,0.275,0.185
cube_d3_k155,1,9,1458,1458,486,0.807,0.079,0.311,0.000,0.089,0.058
cube_d3_k155,1,10,486,486,162,0.267,0.025,0.101,0.000,0.031,0.020
cube_d3_k155,1,11,162,162,54,0.092,0.009,0.038,0.000,0.012,0.007
cube_d3_k155,1,12,54,54,18,0.029,0.004,0.015,0.000,0.006,0.003
cube_d3_k155,1,13,18,18,6,0.012,0.002,0.008,0.000,0.004,0.001
cube_d3_k155,1,14,6,6,2,0.004,0.001,0.005,0.000,0.003,0.001
cube_d3_k155,1,15,2,0,0,0.002,0.001,0.000,,,
cube_d3_k155,1,0,310,22343250,7447750,13.050,26.593,5856.824,0.000,1718.172,1442.957
cube_d3_k155,1,1,7447750,7447750,2379052,7255.501,1695.308,4183.050,0.000,715.776,435.466
cube_d3_k155,1,2,2379052,2379052,1062882,2286.697,555.232,1219.162,0.000,200.902,173.141
cube_d3_k155,1,3,1062882,1062882,354294,1028.172,245.776,487.320,0.000,75.899,63.111
cube_d3_k155,1,4,354294,354294,118098,346.336,82.368,165.001,0.000,26.065,23.744
cube_d3_k155,1,5,118098,118098,39366,115.000,21.800,48.892,0.000,9.187,7.526
cube_d3_k155,1,6,39366,39366,13122,34.028,3.887,12.755,0.000,2.808,1.586
cube_d3_k155,1,7,13122,13122,4374,10.301,0.968,3.379,0.000,0.841,0.559
cube_d3_k155,1,8,4374,4374,1458,2.568,0.269,1.002,0.000,0.276,0.190
cube_d3_k155,1,9,1458,1458,486,0.830,0.098,0.317,0.000,0.088,0.058
cube_d3_k155,1,10,486,486,162,0.273,0.025,0.104,0.000,0.031,0.020
cube_d3_k155,1,11,162,162,54,0.090,0.009,0.036,0.000,0.012,0.007
cube_d3_k155,1,12,54,54,18,0.031,0.004,0.015,0.000,0.006,0.003
cube_d3_k155,1,13,18,18,6,0.012,0.002,0.008,0.000,0.004,0.001
cube_d3_k155,1,14,6,6,2,0.005,0.001,0.006,0.000,0.003,0.001
cube_d3_k155,1,15,2,0,0,0.002,0.001,0.000,,,
cube_d3_k155,1,0,310,22343250,7447750,12.947,26.405,5860.807,0.000,1715.999,1439.344
cube_d3_k155,1,1,7447750,7447750,2379052,7277.146,1709.302,4201.942,0.000,714.930,433.628
cube_d3_k155,1,2,2379052,2379052,1062882,2298.501,563.772,1219.368,0.000,200.143,173.253
cube_d3_k155,1,3,1062882,1062882,354294,1033.517,249.680,489.951,0.000,76.353,63.283
cube_d3_k155,1,4,354294,354294,118098,349.103,83.207,166.518,0.000,26.386,24.159
cube_d3_k155,1,5,118098,118098,39366,115.691,21.901,48.468,0.000,8.797,7.347
cube_d3_k155,1,6,39366,39366,13122,34.097,3.790,12.758,0.000,2.837,1.607
cube_d3_k155,1,7,13122,13122,4374,10.276,0.975,3.528,0.000,1.027,0.534
cube_d3_k155,1,8,4374,4374,1458,2.604,0.279,1.009,0.000,0.312,0.175
cube_d3_k155,1,9,1458,1458,486,0.823,0.080,0.312,0.000,0.090,0.058
cube_d3_k155,1,10,486,486,162,0.277,0.028,0.107,0.000,0.031,0.020
cube_d3_k155,1,11,162,162,54,0.089,0.009,0.037,0.000,0.012,0.007
cube_d3_k155,1,12,54,54,18,0.030,0.004,0.015,0.000,0.006,0.003
cube_d3_k155,1,13,18,18,6,0.012,0.002,0.008,0.000,0.004,0.001
cube_d3_k155,1,14,6,6,2,0.005,0.001,0.005,0.000,0.003,0.001
cube_d3_k155,1,15,2,0,0,0.002,0.001,0.000,,,
cube_d3_k155,1,0,310,22343250,7447750,13.031,26.489,5864.763,0.000,1717.278,1441.556
cube_d3_k155,1,1,7447750,7447750,2379052,7281.863,1714.965,4203.694,0.000,716.116,433.351
cube_d3_k155,1,2,2379052,2379052,1062882,2298.001,563.770,1218.727,0.000,200.221,173.562
cube_d3_k155,1,3,1062882,1062882,354294,1034.684,250.678,490.807,0.000,77.174,63.326
cube_d3_k155,1,4,354294,354294,118098,348.803,83.546,165.249,0.000,25.576,23.782
cube_d3_k155,1,5,118098,118098,39366,115.535,22.026,48.213,0.000,8.406,7.429
cube_d3_k155,1,6,39366,39366,13122,33.896,3.886,12.899,0.000,2.905,1.634
cube_d3_k155,1,7,13122,13122,4374,10.312,1.007,3.374,0.000,0.842,0.525
cube_d3_k155,1,8,4374,4374,1458,2.593,0.273,0.967,0.000,0.277,0.176
cube_d3_k155,1,9,1458,1458,486,0.862,0.082,0.312,0.000,0.088,0.058
cube_d3_k155,1,10,486,486,162,0.273,0.025,0.105,0.000,0.031,0.020
cube_d3_k155,1,11,162,162,54,0.090,0.009,0.037,0.000,0.012,0.007
cube_d3_k155,1,12,54,54,18,0.031,0.004,0.015,0.000,0.006,0.003
cube_d3_k155,1,13,18,18,6,0.012,0.002,0.011,0.000,0.007,0.001
cube_d3_k155,1,14,6,6,2,0.005,0.001,0.005,0.000,0.003,0.001
cube_d3_k155,1,15,2,0,0,0.002,0.001,0.000,,,
cube_d3_k155,1,0,310,22343250,7447750,13.041,26.495,5848.546,0.000,1712.917,1439.921
cube_d3_k155,1,1,7447750,7447750,2379052,7299.423,1722.500,4206.231,0.000,715.707,434.882
cube_d3_k155,1,2,2379052,2379052,1062882,2307.924,564.448,1222.597,0.000,200.427,173.492
cube_d3_k155,1,3,1062882,1062882,354294,1036.859,250.606,488.982,0.000,76.028,63.116
cube_d3_k155,1,4,354294,354294,118098,349.028,83.409,165.453,0.000,25.972,23.931
cube_d3_k155,1,5,118098,118098,39366,115.993,22.067,48.615,0.000,8.846,7.481
cube_d3_k155,1,6,39366,39366,13122,34.230,3.832,12.926,0.000,2.903,1.603
cube_d3_k155,1,7,13122,13122,4374,10.353,0.978,3.366,0.000,0.835,0.534
cube_d3_k155,1,8,4374,4374,1458,2.538,0.273,0.985,0.000,0.299,0.176
cube_d3_k155,1,9,1458,1458,486,0.849,0.099,0.320,0.000,0.089,0.058
cube_d3_k155,1,10,486,486,162,0.274,0.025,0.106,0.000,0.031,0.020
cube_d3_k155,1,11,162,162,54,0.091,0.009,0.039,0.000,0.012,0.008
cube_d3_k155,1,12,54,54,18,0.035,0.005,0.015,0.000,0.006,0.003
cube_d3_k155,1,13,18,18,6,0.011,0.002,0.008,0.000,0.004,0.001
cube_d3_k155,1,14,6,6,2,0.005,0.001,0.005,0.000,0.003,0.001
cube_d3_k155,1,15,2,0,0,0.002,0.001,0.000,,,
cube_d3_k155,2,0,310,22343250,7447750,21.565,30.209,2985.573,0.000,872.064,777.472
cube_d3_k155,2,1,7447750,7447750,2379052,3010.310,633.637,2060.007,0.000,297.185,255.145
cube_d3_k155,2,2,2379052,2379052,1062882,1032.171,225.061,618.761,0.000,95.674,106.871
cube_d3_k155,2,3,1062882,1062882,354294,482.702,109.718,248.488,0.000,36.230,38.440
cube_d3_k155,2,4,354294,354294,118098,169.561,37.340,83.814,0.000,12.268,13.628
cube_d3_k155,2,5,118098,118098,39366,56.134,10.876,28.912,0.000,7.337,5.027
cube_d3_k155,2,6,39366,39366,13122,17.669,2.250,9.891,0.000,2.372,1.613
cube_d3_k155,2,7,13122,13122,4374,6.189,1.084,2.766,0.000,0.714,0.554
cube_d3_k155,2,8,4374,4374,1458,1.886,0.399,0.991,0.000,0.257,0.197
cube_d3_k155,2,9,1458,1458,486,0.629,0.181,0.332,0.000,0.085,0.062
cube_d3_k155,2,10,486,486,162,0.270,0.059,0.141,0.000,0.036,0.031
cube_d3_k155,2,11,162,162,54,0.074,0.017,0.038,0.000,0.012,0.009
cube_d3_k155,2,12,54,54,18,0.032,0.006,0.017,0.000,0.006,0.003
cube_d3_k155,2,13,18,18,6,0.010,0.002,0.008,0.000,0.004,0.001
cube_d3_k155,2,14,6,6,2,0.004,0.001,0.005,0.000,0.003,0.001
cube_d3_k155,2,15,2,0,0,0.002,0.001,0.000,,,
cube_d3_k155,2,0,310,22343250,7447750,6.700,13.552,3303.962,0.000,823.116,773.392
cube_d3_k155,2,1,7447750,7447750,2379052,3785.372,829.237,2132.934,0.000,349.148,253.316
cube_d3_k155,2,2,2379052,2379052,1062882,1209.411,284.341,619.623,0.000,93.803,106.950
cube_d3_k155,2,3,1062882,1062882,354294,539.404,127.371,248.814,0.000,36.978,36.763
cube_d3_k155,2,4,354294,354294,118098,183.238,39.634,83.741,0.000,12.198,13.111
cube_d3_k155,2,5,118098,118098,39366,56.878,9.505,28.219,0.000,6.852,4.857
cube_d3_k155,2,6,39366,39366,13122,18.376,2.272,10.153,0.000,2.603,1.637
cube_d3_k155,2,7,13122,13122,4374,6.294,1.127,2.845,0.000,0.683,0.598
cube_d3_k155,2,8,4374,4374,1458,1.903,0.438,0.995,0.000,0.266,0.197
cube_d3_k155,2,9,1458,1458,486,0.636,0.182,0.338,0.000,0.085,0.065
cube_d3_k155,2,10,486,486,162,0.241,0.061,0.142,0.000,0.037,0.030
cube_d3_k155,2,11,162,162,54,0.084,0.019,0.040,0.000,0.012,0.009
cube_d3_k155,2,12,54,54,18,0.036,0.004,0.016,0.000,0.006,0.004
cube_d3_k155,2,13,18,18,6,0.013,0.002,0.007,0.000,0.004,0.001
cube_d3_k155,2,14,6,6,2,0.005,0.001,0.005,0.000,0.003,0.001
cube_d3_k155,2,15,2,0,0,0.002,0.001,0.000,,,
cube_d3_k155,2,0,310,22343250,7447750,6.712,13.436,3260.566,0.000,823.439,775.613
cube_d3_k155,2,1,7447750,7447750,2379052,3832.523,858.242,2117.239,0.000,348.057,254.677
cube_d3_k155,2,2,2379052,2379052,1062882,1214.450,287.274,620.915,0.000,93.363,107.052
cube_d3_k155,2,3,1062882,1062882,354294,544.533,128.495,248.555,0.000,36.002,36.657
cube_d3_k155,2,4,354294,354294,118098,184.372,40.479,84.506,0.000,12.541,12.981
cube_d3_k155,2,5,118098,118098,39366,57.036,9.520,28.840,0.000,6.698,4.867
cube_d3_k155,2,6,39366,39366,13122,17.848,2.096,9.576,0.000,2.360,1.613
cube_d3_k155,2,7,13122,13122,4374,6.249,1.038,2.851,0.000,0.672,0.552
cube_d3_k155,2,8,4374,4374,1458,1.927,0.414,1.000,0.000,0.260,0.190
cube_d3_k155,2,9,1458,1458,486,0.631,0.186,0.338,0.000,0.083,0.066
cube_d3_k155,2,10,486,486,162,0.237,0.062,0.121,0.000,0.037,0.033
cube_d3_k155,2,11,162,162,54,0.094,0.020,0.053,0.000,0.013,0.012
cube_d3_k155,2,12,54,54,18,0.040,0.004,0.023,0.000,0.006,0.005
cube_d3_k155,2,13,18,18,6,0.012,0.002,0.008,0.000,0.004,0.001
cube_d3_k155,2,14,6,6,2,0.005,0.001,0.005,0.000,0.003,0.001
cube_d3_k155,2,15,2,0,0,0.002,0.001,0.000,,,
cube_d3_k155,2,0,310,22343250,7447750,6.721,13.431,3378.513,0.000,822.890,774.076
cube_d3_k155,2,1,7447750,7447750,2379052,3849.561,870.514,2125.323,0.000,347.427,254.138
cube_d3_k155,2,2,2379052,2379052,1062882,1218.266,288.390,617.602,0.000,93.329,106.543
cube_d3_k155,2,3,1062882,1062882,354294,545.981,129.184,247.765,0.000,36.231,36.748
cube_d3_k155,2,4,354294,354294,118098,184.669,40.713,84.163,0.000,12.924,13.131
cube_d3_k155,2,5,118098,118098,39366,57.307,9.851,28.091,0.000,6.622,5.009
cube_d3_k155,2,6,39366,39366,13122,18.361,2.162,9.924,0.000,2.271,1.626
cube_d3_k155,2,7,13122,13122,4374,6.249,1.104,2.893,0.000,0.685,0.564
cube_d3_k155,2,8,4374,4374,1458,1.917,0.408,1.003,0.000,0.248,0.189
cube_d3_k155,2,9,1458,1458,486,0.649,0.196,0.348,0.000,0.086,0.063
cube_d3_k155,2,10,486,486,162,0.262,0.061,0.145,0.000,0.036,0.031
cube_d3_k155,2,11,162,162,54,0.090,0.020,0.045,0.000,0.012,0.011
cube_d3_k155,2,12,54,54,18,0.037,0.005,0.024,0.000,0.007,0.005
cube_d3_k155,2,13,18,18,6,0.013,0.002,0.009,0.000,0.004,0.001
cube_d3_k155,2,14,6,6,2,0.005,0.001,0.005,0.000,0.003,0.001
cube_d3_k155,2,15,2,0,0,0.002,0.001,0.000,,,
cube_d3_k155,2,0,310,22343250,7447750,6.727,13.522,3344.022,0.000,821.896,775.380
cube_d3_k155,2,1,7447750,7447750,2379052,3856.348,874.939,2119.302,0.000,347.103,253.226
cube_d3_k155,2,2,2379052,2379052,1062882,1218.015,288.731,617.199,0.000,93.474,106.449
cube_d3_k155,2,3,1062882,1062882,354294,547.856,129.677,248.578,0.000,37.205,36.636
cube_d3_k155,2,4,354294,354294,118098,185.168,41.071,83.616,0.000,12.434,13.112
cube_d3_k155,2,5,118098,118098,39366,57.181,9.380,27.923,0.000,6.579,5.001
cube_d3_k155,2,6,39366,39366,13122,18.197,2.133,9.875,0.000,2.162,1.629
cube_d3_k155,2,7,13122,13122,4374,6.290,1.077,2.926,0.000,0.745,0.550
cube_d3_k155,2,8,4374,4374,1458,1.900,0.405,1.112,0.000,0.325,0.192
cube_d3_k155,2,9,1458,1458,486,0.646,0.188,0.358,0.000,0.086,0.063
cube_d3_k155,2,10,486,486,162,0.268,0.060,0.143,0.000,0.036,0.032
cube_d3_k155,2,11,162,162,54,0.084,0.019,0.045,0.000,0.012,0.010
cube_d3_k155,2,12,54,54,18,0.038,0.005,0.024,0.000,0.006,0.006
cube_d3_k155,2,13,18,18,6,0.013,0.002,0.008,0.000,0.004,0.001
cube_d3_k155,2,14,6,6,2,0.005,0.001,0.005,0.000,0.003,0.001
cube_d3_k155,2,15,2,0,0,0.002,0.001,0.000,,,
cube_d3_k155,2,0,310,22343250,7447750,6.714,13.455,3455.756,0.000,821.422,774.866
cube_d3_k155,2,1,7447750,7447750,2379052,3859.475,873.442,2116.353,0.000,346.569,254.686
cube_d3_k155,2,2,2379052,2379052,1062882,1219.333,291.758,620.676,0.000,93.197,106.911
cube_d3_k155,2,3,1062882,1062882,354294,546.528,128.667,245.673,0.000,35.790,36.684
cube_d3_k155,2,4,354294,354294,118098,184.971,40.590,83.854,0.000,12.921,13.037
cube_d3_k155,2,5,118098,118098,39366,56.785,9.472,28.850,0.000,6.647,5.130
cube_d3_k155,2,6,39366,39366,13122,17.779,2.257,9.489,0.000,2.244,1.574
cube_d3_k155,2,7,13122,13122,4374,6.320,1.104,2.888,0.000,0.684,0.556
cube_d3_k155,2,8,4374,4374,1458,1.898,0.404,1.017,0.000,0.246,0.193
cube_d3_k155,2,9,1458,1458,486,0.630,0.185,0.365,0.000,0.088,0.067
cube_d3_k155,2,10,486,486,162,0.268,0.061,0.149,0.000,0.035,0.033
cube_d3_k155,2,11,162,162,54,0.086,0.020,0.047,0.000,0.013,0.011
cube_d3_k155,2,12,54,54,18,0.039,0.004,0.023,0.000,0.006,0.006
cube_d3_k155,2,13,18,18,6,0.014,0.002,0.008,0.000,0.004,0.001
cube_d3_k155,2,14,6,6,2,0.004,0.001,0.005,0.000,0.003,0.001
cube_d3_k155,2,15,2,0,0,0.002,0.001,0.000,,,
cube_d3_k155,4,0,310,22343250,7447750,16.850,21.931,1600.812,0.000,464.111,468.880
cube_d3_k155,4,1,7447750,7447750,2379052,1558.302,324.510,1089.628,0.000,161.624,141.910
cube_d3_k155,4,2,2379052,2379052,1062882,576.299,124.811,322.810,0.000,49.967,59.774
cube_d3_k155,4,3,1062882,1062882,354294,276.051,60.802,129.900,0.000,19.670,20.724
cube_d3_k155,4,4,354294,354294,118098,88.210,21.237,45.251,0.000,7.111,7.733
cube_d3_k155,4,5,118098,118098,39366,29.159,5.762,17.562,0.000,6.040,2.657
cube_d3_k155,4,6,39366,39366,13122,10.024,1.802,6.430,0.000,2.345,0.940
cube_d3_k155,4,7,13122,13122,4374,4.215,0.959,2.123,0.000,0.599,0.360
cube_d3_k155,4,8,4374,4374,1458,1.282,0.365,0.834,0.000,0.288,0.127
cube_d3_k155,4,9,1458,1458,486,0.509,0.143,0.308,0.000,0.083,0.049
cube_d3_k155,4,10,486,486,162,0.210,0.073,0.160,0.000,0.042,0.034
cube_d3_k155,4,11,162,162,54,0.072,0.024,0.049,0.000,0.014,0.012
cube_d3_k155,4,12,54,54,18,0.032,0.008,0.018,0.000,0.006,0.003
cube_d3_k155,4,13,18,18,6,0.013,0.002,0.008,0.000,0.004,0.001
cube_d3_k155,4,14,6,6,2,0.004,0.001,0.005,0.000,0.003,0.001
cube_d3_k155,4,15,2,0,0,0.002,0.001,0.000,,,
cube_d3_k155,4,0,310,22343250,7447750,4.483,9.227,1756.265,0.000,425.792,453.553
cube_d3_k155,4,1,7447750,7447750,2379052,1993.107,436.968,1114.044,0.000,180.112,145.801
cube_d3_k155,4,2,2379052,2379052,1062882,635.492,141.291,320.655,0.000,48.910,58.259
cube_d3_k155,4,3,1062882,1062882,354294,324.149,75.379,148.182,0.000,19.866,20.658
cube_d3_k155,4,4,354294,354294,118098,101.804,22.291,51.088,0.000,7.764,9.229
cube_d3_k155,4,5,118098,118098,39366,33.585,6.617,19.280,0.000,6.016,2.999
cube_d3_k155,4,6,39366,39366,13122,11.150,2.163,7.093,0.000,2.082,0.950
cube_d3_k155,4,7,13122,13122,4374,4.347,1.036,2.441,0.000,0.729,0.364
cube_d3_k155,4,8,4374,4374,1458,1.351,0.419,0.912,0.000,0.256,0.148
cube_d3_k155,4,9,1458,1458,486,0.520,0.152,0.348,0.000,0.090,0.063
cube_d3_k155,4,10,486,486,162,0.183,0.092,0.162,0.000,0.039,0.037
cube_d3_k155,4,11,162,162,54,0.084,0.029,0.053,0.000,0.012,0.011
cube_d3_k155,4,12,54,54,18,0.043,0.013,0.038,0.000,0.006,0.009
cube_d3_k155,4,13,18,18,6,0.017,0.002,0.010,0.000,0.004,0.002
cube_d3_k155,4,14,6,6,2,0.005,0.001,0.006,0.000,0.003,0.001
cube_d3_k155,4,15,2,0,0,0.002,0.001,0.000,,,
cube_d3_k155,4,0,310,22343250,7447750,3.948,8.047,1791.237,0.000,420.131,455.644
cube_d3_k155,4,1,7447750,7447750,2379052,2304.554,516.149,1308.097,0.000,186.096,151.357
cube_d3_k155,4,2,2379052,2379052,1062882,723.966,167.851,365.003,0.000,47.633,59.538
cube_d3_k155,4,3,1062882,1062882,354294,323.477,74.358,144.317,0.000,20.036,20.356
cube_d3_k155,4,4,354294,354294,118098,100.162,19.246,50.107,0.000,7.262,9.276
cube_d3_k155,4,5,118098,118098,39366,33.009,6.317,19.658,0.000,6.267,3.007
cube_d3_k155,4,6,39366,39366,13122,11.061,2.245,7.180,0.000,2.252,0.979
cube_d3_k155,4,7,13122,13122,4374,4.348,0.931,2.566,0.000,0.759,0.376
cube_d3_k155,4,8,4374,4374,1458,1.393,0.461,0.967,0.000,0.267,0.146
cube_d3_k155,4,9,1458,1458,486,0.547,0.152,0.357,0.000,0.092,0.062
cube_d3_k155,4,10,486,486,162,0.197,0.088,0.173,0.000,0.040,0.040
cube_d3_k155,4,11,162,162,54,0.080,0.029,0.054,0.000,0.012,0.012
cube_d3_k155,4,12,54,54,18,0.050,0.005,0.029,0.000,0.006,0.006
cube_d3_k155,4,13,18,18,6,0.014,0.002,0.010,0.000,0.004,0.002
cube_d3_k155,4,14,6,6,2,0.005,0.001,0.005,0.000,0.003,0.001
cube_d3_k155,4,15,2,0,0,0.002,0.001,0.000,,,
cube_d3_k155,4,0,310,22343250,7447750,3.904,8.031,1883.529,0.000,419.806,454.792
cube_d3_k155,4,1,7447750,7447750,2379052,2315.052,524.277,1306.556,0.000,183.350,151.487
cube_d3_k155,4,2,2379052,2379052,1062882,726.311,170.974,365.096,0.000,48.748,60.756
cube_d3_k155,4,3,1062882,1062882,354294,324.066,75.139,143.699,0.000,20.048,20.139
cube_d3_k155,4,4,354294,354294,118098,100.417,20.501,50.543,0.000,6.831,9.229
cube_d3_k155,4,5,118098,118098,39366,32.062,5.324,19.746,0.000,5.954,3.036
cube_d3_k155,4,6,39366,39366,13122,11.501,2.066,7.238,0.000,2.154,0.950
cube_d3_k155,4,7,13122,13122,4374,4.403,1.007,2.559,0.000,0.773,0.352
cube_d3_k155,4,8,4374,4374,1458,1.326,0.424,0.947,0.000,0.250,0.140
cube_d3_k155,4,9,1458,1458,486,0.563,0.208,0.344,0.000,0.092,0.056
cube_d3_k155,4,10,486,486,162,0.194,0.094,0.157,0.000,0.042,0.037
cube_d3_k155,4,11,162,162,54,0.084,0.032,0.054,0.000,0.014,0.011
cube_d3_k155,4,12,54,54,18,0.043,0.012,0.036,0.000,0.007,0.009
cube_d3_k155,4,13,18,18,6,0.017,0.002,0.010,0.000,0.004,0.002
cube_d3_k155,4,14,6,6,2,0.005,0.001,0.005,0.000,0.003,0.001
cube_d3_k155,4,15,2,0,0,0.002,0.001,0.000,,,
cube_d3_k155,4,0,310,22343250,7447750,3.943,8.038,1878.741,0.000,419.961,452.010
cube_d3_k155,4,1,7447750,7447750,2379052,2318.161,523.257,1307.830,0.000,182.442,151.149
cube_d3_k155,4,2,2379052,2379052,1062882,727.957,171.480,366.792,0.000,48.658,60.689
cube_d3_k155,4,3,1062882,1062882,354294,325.431,77.237,146.956,0.000,19.863,20.212
cube_d3_k155,4,4,354294,354294,118098,99.488,22.599,50.362,0.000,7.239,9.241
cube_d3_k155,4,5,118098,118098,39366,32.886,5.898,19.527,0.000,5.902,2.924
cube_d3_k155,4,6,39366,39366,13122,11.328,2.639,7.282,0.000,2.121,0.969
cube_d3_k155,4,7,13122,13122,4374,4.435,0.939,2.479,0.000,0.697,0.367
cube_d3_k155,4,8,4374,4374,1458,1.339,0.426,0.956,0.000,0.251,0.139
cube_d3_k155,4,9,1458,1458,486,0.613,0.160,0.380,0.000,0.117,0.057
cube_d3_k155,4,10,486,486,162,0.199,0.093,0.170,0.000,0.041,0.039
cube_d3_k155,4,11,162,162,54,0.080,0.030,0.053,0.000,0.014,0.011
cube_d3_k155,4,12,54,54,18,0.043,0.012,0.036,0.000,0.006,0.009
cube_d3_k155,4,13,18,18,6,0.018,0.003,0.014,0.000,0.004,0.002
cube_d3_k155,4,14,6,6,2,0.005,0.001,0.005,0.000,0.003,0.001
cube_d3_k155,4,15,2,0,0,0.002,0.001,0.000,,,
cube_d3_k155,4,0,310,22343250,7447750,3.936,8.053,1928.378,0.000,420.162,453.238
cube_d3_k155,4,1,7447750,7447750,2379052,2316.662,521.934,1295.135,0.000,182.845,152.765
cube_d3_k155,4,2,2379052,2379052,1062882,727.470,171.171,368.950,0.000,48.074,60.759
cube_d3_k155,4,3,1062882,1062882,354294,324.013,75.877,144.265,0.000,19.615,20.340
cube_d3_k155,4,4,354294,354294,118098,97.293,22.054,50.673,0.000,7.468,9.114
cube_d3_k155,4,5,118098,118098,39366,32.720,6.164,20.341,0.000,6.001,3.236
cube_d3_k155,4,6,39366,39366,13122,10.954,2.289,7.048,0.000,2.178,0.985
cube_d3_k155,4,7,13122,13122,4374,4.367,1.014,2.557,0.000,0.670,0.362
cube_d3_k155,4,8,4374,4374,1458,1.354,0.440,0.994,0.000,0.300,0.138
cube_d3_k155,4,9,1458,1458,486,0.484,0.148,0.350,0.000,0.092,0.056
cube_d3_k155,4,10,486,486,162,0.184,0.086,0.181,0.000,0.046,0.039
cube_d3_k155,4,11,162,162,54,0.082,0.035,0.070,0.000,0.013,0.015
cube_d3_k155,4,12,54,54,18,0.040,0.014,0.028,0.000,0.006,0.006
cube_d3_k155,4,13,18,18,6,0.017,0.002,0.010,0.000,0.004,0.001
cube_d3_k155,4,14,6,6,2,0.004,0.001,0.006,0.000,0.003,0.001
cube_d3_k155,4,15,2,0,0,0.002,0.001,0.000,,,
cube_d3_k155,8,0,310,22343250,7447750,16.657,18.981,848.299,0.000,248.622,256.054
cube_d3_k155,8,1,7447750,7447750,2379052,817.851,171.939,546.686,0.000,85.665,73.734
cube_d3_k155,8,2,2379052,2379052,1062882,306.193,69.442,174.626,0.000,27.998,32.041
cube_d3_k155,8,3,1062882,1062882,354294,149.734,33.393,70.182,0.000,10.633,12.462
cube_d3_k155,8,4,354294,354294,118098,47.008,10.606,24.216,0.000,3.846,4.287
cube_d3_k155,8,5,118098,118098,39366,15.396,3.270,12.095,0.000,5.748,1.471
cube_d3_k155,8,6,39366,39366,13122,5.533,1.154,4.227,0.000,1.813,0.505
cube_d3_k155,8,7,13122,13122,4374,2.596,0.487,1.673,0.000,0.712,0.278
cube_d3_k155,8,8,4374,4374,1458,0.823,0.293,0.633,0.000,0.222,0.080
cube_d3_k155,8,9,1458,1458,486,0.319,0.130,0.252,0.000,0.086,0.039
cube_d3_k155,8,10,486,486,162,0.122,0.049,0.108,0.000,0.035,0.021
cube_d3_k155,8,11,162,162,54,0.076,0.027,0.050,0.000,0.014,0.012
cube_d3_k155,8,12,54,54,18,0.034,0.016,0.024,0.000,0.007,0.005
cube_d3_k155,8,13,18,18,6,0.015,0.002,0.009,0.000,0.004,0.001
cube_d3_k155,8,14,6,6,2,0.004,0.001,0.005,0.000,0.003,0.001
cube_d3_k155,8,15,2,0,0,0.002,0.001,0.000,,,
cube_d3_k155,8,0,310,22343250,7447750,2.474,5.060,912.614,0.000,218.917,246.659
cube_d3_k155,8,1,7447750,7447750,2379052,1036.077,222.509,565.525,0.000,94.321,78.115
cube_d3_k155,8,2,2379052,2379052,1062882,332.658,74.297,169.984,0.000,25.551,32.329
cube_d3_k155,8,3,1062882,1062882,354294,150.367,34.003,69.237,0.000,10.476,11.828
cube_d3_k155,8,4,354294,354294,118098,47.776,11.354,24.521,0.000,3.830,4.447
cube_d3_k155,8,5,118098,118098,39366,15.897,3.403,11.593,0.000,5.356,1.454
cube_d3_k155,8,6,39366,39366,13122,5.432,1.192,4.307,0.000,1.882,0.529
cube_d3_k155,8,7,13122,13122,4374,2.459,0.473,1.487,0.000,0.562,0.203
cube_d3_k155,8,8,4374,4374,1458,0.810,0.263,0.618,0.000,0.221,0.084
cube_d3_k155,8,9,1458,1458,486,0.293,0.120,0.270,0.000,0.089,0.041
cube_d3_k155,8,10,486,486,162,0.147,0.050,0.140,0.000,0.041,0.047
cube_d3_k155,8,11,162,162,54,0.075,0.027,0.059,0.000,0.018,0.014
cube_d3_k155,8,12,54,54,18,0.034,0.008,0.024,0.000,0.006,0.005
cube_d3_k155,8,13,18,18,6,0.012,0.005,0.008,0.000,0.004,0.001
cube_d3_k155,8,14,6,6,2,0.005,0.001,0.005,0.000,0.003,0.001
cube_d3_k155,8,15,2,0,0,0.002,0.001,0.000,,,
cube_d3_k155,8,0,310,22343250,7447750,2.501,4.857,906.430,0.000,217.099,257.972
cube_d3_k155,8,1,7447750,7447750,2379052,1041.850,226.139,566.448,0.000,94.268,78.238
cube_d3_k155,8,2,2379052,2379052,1062882,333.690,75.716,169.791,0.000,25.725,31.680
cube_d3_k155,8,3,1062882,1062882,354294,151.319,34.159,68.882,0.000,10.575,11.662
cube_d3_k155,8,4,354294,354294,118098,47.873,11.043,24.235,0.000,3.837,4.286
cube_d3_k155,8,5,118098,118098,39366,16.140,3.314,12.129,0.000,5.956,1.435
cube_d3_k155,8,6,39366,39366,13122,5.247,1.210,4.445,0.000,1.990,0.514
cube_d3_k155,8,7,13122,13122,4374,2.457,0.481,1.566,0.000,0.634,0.215
cube_d3_k155,8,8,4374,4374,1458,0.885,0.286,0.627,0.000,0.223,0.086
cube_d3_k155,8,9,1458,1458,486,0.292,0.126,0.267,0.000,0.090,0.041
cube_d3_k155,8,10,486,486,162,0.128,0.048,0.106,0.000,0.034,0.021
cube_d3_k155,8,11,162,162,54,0.072,0.024,0.051,0.000,0.014,0.011
cube_d3_k155,8,12,54,54,18,0.033,0.008,0.025,0.000,0.007,0.004
cube_d3_k155,8,13,18,18,6,0.011,0.005,0.008,0.000,0.004,0.001
cube_d3_k155,8,14,6,6,2,0.006,0.001,0.005,0.000,0.003,0.001
cube_d3_k155,8,15,2,0,0,0.002,0.001,0.000,,,
cube_d3_k155,8,0,310,22343250,7447750,2.683,4.888,935.698,0.000,218.845,250.584
cube_d3_k155,8,1,7447750,7447750,2379052,1157.666,259.453,634.862,0.000,97.081,80.033
cube_d3_k155,8,2,2379052,2379052,1062882,361.656,82.258,183.252,0.000,25.810,32.469
cube_d3_k155,8,3,1062882,1062882,354294,158.308,35.793,73.982,0.000,10.580,12.535
cube_d3_k155,8,4,354294,354294,118098,50.616,10.574,25.732,0.000,4.012,4.690
cube_d3_k155,8,5,118098,118098,39366,17.696,4.053,14.289,0.000,6.330,1.906
cube_d3_k155,8,6,39366,39366,13122,5.975,1.549,4.911,0.000,1.892,0.609
cube_d3_k155,8,7,13122,13122,4374,2.929,0.596,1.819,0.000,0.629,0.261
cube_d3_k155,8,8,4374,4374,1458,1.008,0.406,0.765,0.000,0.265,0.106
cube_d3_k155,8,9,1458,1458,486,0.351,0.143,0.299,0.000,0.097,0.043
cube_d3_k155,8,10,486,486,162,0.161,0.089,0.173,0.000,0.042,0.048
cube_d3_k155,8,11,162,162,54,0.084,0.028,0.061,0.000,0.014,0.015
cube_d3_k155,8,12,54,54,18,0.055,0.005,0.027,0.000,0.006,0.006
cube_d3_k155,8,13,18,18,6,0.016,0.002,0.010,0.000,0.005,0.002
cube_d3_k155,8,14,6,6,2,0.005,0.001,0.006,0.000,0.003,0.001
cube_d3_k155,8,15,2,0,0,0.002,0.001,0.000,,,
cube_d3_k155,8,0,310,22343250,7447750,2.256,5.316,980.850,0.000,214.245,254.538
cube_d3_k155,8,1,7447750,7447750,2379052,1156.669,260.192,635.005,0.000,96.030,80.854
cube_d3_k155,8,2,2379052,2379052,1062882,370.150,82.495,187.039,0.000,26.470,32.193
cube_d3_k155,8,3,1062882,1062882,354294,162.882,35.423,74.377,0.000,10.750,12.622
cube_d3_k155,8,4,354294,354294,118098,51.371,11.314,25.322,0.000,3.768,4.657
cube_d3_k155,8,5,118098,118098,39366,17.552,4.261,13.385,0.000,6.162,1.671
cube_d3_k155,8,6,39366,39366,13122,6.023,1.477,5.047,0.000,2.017,0.629
cube_d3_k155,8,7,13122,13122,4374,2.858,0.601,1.814,0.000,0.678,0.253
cube_d3_k155,8,8,4374,4374,1458,1.006,0.322,0.793,0.000,0.266,0.105
cube_d3_k155,8,9,1458,1458,486,0.349,0.143,0.340,0.000,0.104,0.054
cube_d3_k155,8,10,486,486,162,0.156,0.088,0.183,0.000,0.043,0.045
cube_d3_k155,8,11,162,162,54,0.078,0.029,0.063,0.000,0.015,0.016
cube_d3_k155,8,12,54,54,18,0.047,0.016,0.034,0.000,0.007,0.010
cube_d3_k155,8,13,18,18,6,0.019,0.005,0.011,0.000,0.005,0.002
cube_d3_k155,8,14,6,6,2,0.005,0.001,0.006,0.000,0.003,0.001
cube_d3_k155,8,15,2,0,0,0.002,0.001,0.000,,,
cube_d3_k155,8,0,310,22343250,7447750,2.470,5.494,1020.164,0.000,214.857,263.277
cube_d3_k155,8,1,7447750,7447750,2379052,1163.896,259.765,633.938,0.000,95.227,80.437
cube_d3_k155,8,2,2379052,2379052,1062882,366.770,82.586,182.882,0.000,26.129,32.310
cube_d3_k155,8,3,1062882,1062882,354294,161.830,34.462,74.937,0.000,10.693,12.611
cube_d3_k155,8,4,354294,354294,118098,51.262,10.556,25.755,0.000,3.970,4.751
cube_d3_k155,8,5,118098,118098,39366,17.830,4.242,13.788,0.000,6.030,1.688
cube_d3_k155,8,6,39366,39366,13122,5.824,1.302,5.161,0.000,2.108,0.626
cube_d3_k155,8,7,13122,13122,4374,3.010,0.602,1.818,0.000,0.632,0.276
cube_d3_k155,8,8,4374,4374,1458,1.001,0.335,0.773,0.000,0.275,0.105
cube_d3_k155,8,9,1458,1458,486,0.346,0.151,0.297,0.000,0.093,0.049
cube_d3_k155,8,10,486,486,162,0.196,0.088,0.167,0.000,0.044,0.046
cube_d3_k155,8,11,162,162,54,0.084,0.031,0.061,0.000,0.014,0.016
cube_d3_k155,8,12,54,54,18,0.054,0.009,0.033,0.000,0.006,0.010
cube_d3_k155,8,13,18,18,6,0.016,0.004,0.010,0.000,0.004,0.001
cube_d3_k155,8,14,6,6,2,0.005,0.001,0.005,0.000,0.003,0.001
cube_d3_k155,8,15,2,0,0,0.002,0.001,0.000,,,
cube_d3_k155,16,0,310,22343250,7447750,19.990,19.682,471.463,0.000,153.081,130.924
cube_d3_k155,16,1,7447750,7447750,2379052,430.742,96.886,293.383,0.000,51.772,41.158
cube_d3_k155,16,2,2379052,2379052,1062882,165.660,37.944,94.969,0.000,16.581,18.367
cube_d3_k155,16,3,1062882,1062882,354294,87.641,18.928,39.261,0.000,5.948,6.816
cube_d3_k155,16,4,354294,354294,118098,26.957,5.900,13.744,0.000,2.751,2.290
cube_d3_k155,16,5,118098,118098,39366,8.961,2.152,9.725,0.000,5.959,0.844
cube_d3_k155,16,6,39366,39366,13122,3.076,0.750,3.255,0.000,1.746,0.351
cube_d3_k155,16,7,13122,13122,4374,1.940,0.364,1.231,0.000,0.571,0.178
cube_d3_k155,16,8,4374,4374,1458,0.663,0.232,0.544,0.000,0.223,0.068
cube_d3_k155,16,9,1458,1458,486,0.294,0.091,0.256,0.000,0.108,0.039
cube_d3_k155,16,10,486,486,162,0.118,0.049,0.108,0.000,0.036,0.026
cube_d3_k155,16,11,162,162,54,0.059,0.032,0.058,0.000,0.014,0.018
cube_d3_k155,16,12,54,54,18,0.030,0.012,0.026,0.000,0.007,0.005
cube_d3_k155,16,13,18,18,6,0.018,0.005,0.009,0.000,0.004,0.001
cube_d3_k155,16,14,6,6,2,0.008,0.003,0.005,0.000,0.003,0.001
cube_d3_k155,16,15,2,0,0,0.002,0.001,0.000,,,
cube_d3_k155,16,0,310,22343250,7447750,1.836,4.065,495.756,0.000,116.800,131.014
cube_d3_k155,16,1,7447750,7447750,2379052,543.987,121.164,318.235,0.000,52.766,39.033
cube_d3_k155,16,2,2379052,2379052,1062882,171.445,39.354,96.913,0.000,14.348,18.225
cube_d3_k155,16,3,1062882,1062882,354294,77.323,17.504,40.744,0.000,6.432,7.133
cube_d3_k155,16,4,354294,354294,118098,25.937,5.688,14.569,0.000,2.741,2.465
cube_d3_k155,16,5,118098,118098,39366,8.729,2.099,9.522,0.000,5.799,0.871
cube_d3_k155,16,6,39366,39366,13122,2.969,0.776,3.618,0.000,2.004,0.355
cube_d3_k155,16,7,13122,13122,4374,2.025,0.361,1.325,0.000,0.630,0.170
cube_d3_k155,16,8,4374,4374,1458,0.658,0.230,0.553,0.000,0.223,0.070
cube_d3_k155,16,9,1458,1458,486,0.299,0.120,0.278,0.000,0.110,0.043
cube_d3_k155,16,10,486,486,162,0.115,0.047,0.113,0.000,0.037,0.024
cube_d3_k155,16,11,162,162,54,0.057,0.029,0.065,0.000,0.022,0.016
cube_d3_k155,16,12,54,54,18,0.032,0.015,0.028,0.000,0.008,0.006
cube_d3_k155,16,13,18,18,6,0.017,0.005,0.009,0.000,0.004,0.002
cube_d3_k155,16,14,6,6,2,0.008,0.002,0.006,0.000,0.003,0.001
cube_d3_k155,16,15,2,0,0,0.002,0.001,0.000,,,
cube_d3_k155,16,0,310,22343250,7447750,2.066,4.602,508.391,0.000,117.986,128.431
cube_d3_k155,16,1,7447750,7447750,2379052,557.157,125.574,320.602,0.000,52.780,38.887
cube_d3_k155,16,2,2379052,2379052,1062882,180.728,40.266,94.835,0.000,14.258,17.879
cube_d3_k155,16,3,1062882,1062882,354294,86.259,18.478,40.104,0.000,6.199,6.768
cube_d3_k155,16,4,354294,354294,118098,28.182,6.168,14.289,0.000,2.511,2.466
cube_d3_k155,16,5,118098,118098,39366,9.130,2.195,9.862,0.000,6.159,0.905
cube_d3_k155,16,6,39366,39366,13122,2.986,0.775,3.602,0.000,1.988,0.351
cube_d3_k155,16,7,13122,13122,4374,1.981,0.355,1.323,0.000,0.634,0.168
cube_d3_k155,16,8,4374,4374,1458,0.670,0.233,0.558,0.000,0.224,0.073
cube_d3_k155,16,9,1458,1458,486,0.296,0.146,0.251,0.000,0.095,0.042
cube_d3_k155,16,10,486,486,162,0.116,0.051,0.116,0.000,0.038,0.026
cube_d3_k155,16,11,162,162,54,0.057,0.029,0.063,0.000,0.019,0.018
cube_d3_k155,16,12,54,54,18,0.029,0.015,0.028,0.000,0.007,0.006
cube_d3_k155,16,13,18,18,6,0.015,0.005,0.010,0.000,0.005,0.001
cube_d3_k155,16,14,6,6,2,0.008,0.002,0.006,0.000,0.003,0.001
cube_d3_k155,16,15,2,0,0,0.002,0.001,0.000,,,
cube_d3_k155,16,0,310,22343250,7447750,1.873,4.636,526.658,0.000,119.634,127.819
cube_d3_k155,16,1,7447750,7447750,2379052,564.940,127.423,321.463,0.000,53.660,39.260
cube_d3_k155,16,2,2379052,2379052,1062882,178.457,40.166,96.727,0.000,14.384,18.556
cube_d3_k155,16,3,1062882,1062882,354294,87.622,19.810,41.304,0.000,6.107,6.747
cube_d3_k155,16,4,354294,354294,118098,28.837,6.261,14.450,0.000,2.476,2.431
cube_d3_k155,16,5,118098,118098,39366,8.761,2.092,9.461,0.000,5.620,0.891
cube_d3_k155,16,6,39366,39366,13122,2.999,0.775,3.752,0.000,1.896,0.361
cube_d3_k155,16,7,13122,13122,4374,2.111,0.404,2.207,0.000,0.673,0.957
cube_d3_k155,16,8,4374,4374,1458,0.733,0.249,0.611,0.000,0.228,0.080
cube_d3_k155,16,9,1458,1458,486,0.309,0.135,0.289,0.000,0.117,0.049
cube_d3_k155,16,10,486,486,162,0.121,0.059,0.128,0.000,0.042,0.027
cube_d3_k155,16,11,162,162,54,0.061,0.032,0.064,0.000,0.016,0.020
cube_d3_k155,16,12,54,54,18,0.033,0.017,0.033,0.000,0.008,0.009
cube_d3_k155,16,13,18,18,6,0.015,0.005,0.010,0.000,0.004,0.002
cube_d3_k155,16,14,6,6,2,0.009,0.002,0.013,0.000,0.003,0.008
cube_d3_k155,16,15,2,0,0,0.002,0.001,0.000,,,
cube_d3_k155,16,0,310,22343250,7447750,1.980,4.965,525.880,0.000,119.666,128.390
cube_d3_k155,16,1,7447750,7447750,2379052,563.423,127.827,322.771,0.000,53.059,39.347
cube_d3_k155,16,2,2379052,2379052,1062882,181.992,40.182,97.527,0.000,14.459,18.262
cube_d3_k155,16,3,1062882,1062882,354294,90.942,18.437,40.326,0.000,6.241,6.829
cube_d3_k155,16,4,354294,354294,118098,29.018,5.931,14.371,0.000,2.567,2.471
cube_d3_k155,16,5,118098,118098,39366,8.842,2.341,9.926,0.000,6.173,0.895
cube_d3_k155,16,6,39366,39366,13122,2.966,0.825,3.629,0.000,2.003,0.357
cube_d3_k155,16,7,13122,13122,4374,1.963,0.371,1.334,0.000,0.661,0.161
cube_d3_k155,16,8,4374,4374,1458,0.682,0.238,0.567,0.000,0.226,0.072
cube_d3_k155,16,9,1458,1458,486,0.302,0.118,0.265,0.000,0.108,0.040
cube_d3_k155,16,10,486,486,162,0.109,0.073,0.115,0.000,0.040,0.023
cube_d3_k155,16,11,162,162,54,0.059,0.028,0.062,0.000,0.016,0.016
cube_d3_k155,16,12,54,54,18,0.028,0.014,0.028,0.000,0.007,0.006
cube_d3_k155,16,13,18,18,6,0.016,0.005,0.009,0.000,0.004,0.001
cube_d3_k155,16,14,6,6,2,0.006,0.002,0.005,0.000,0.003,0.001
cube_d3_k155,16,15,2,0,0,0.002,0.001,0.000,,,
cube_d3_k155,16,0,310,22343250,7447750,1.959,4.907,535.273,0.000,121.660,128.537
cube_d3_k155,16,1,7447750,7447750,2379052,562.417,128.915,322.711,0.000,53.718,39.049
cube_d3_k155,16,2,2379052,2379052,1062882,175.465,40.831,99.356,0.000,14.360,18.517
cube_d3_k155,16,3,1062882,1062882,354294,86.329,19.488,41.505,0.000,6.196,6.851
cube_d3_k155,16,4,354294,354294,118098,26.248,6.022,14.270,0.000,2.392,2.470
cube_d3_k155,16,5,118098,118098,39366,9.175,2.172,9.937,0.000,6.000,0.901
cube_d3_k155,16,6,39366,39366,13122,2.957,0.803,3.627,0.000,1.997,0.366
cube_d3_k155,16,7,13122,13122,4374,1.979,0.360,1.335,0.000,0.632,0.177
cube_d3_k155,16,8,4374,4374,1458,0.655,0.235,0.582,0.000,0.242,0.072
cube_d3_k155,16,9,1458,1458,486,0.297,0.121,0.273,0.000,0.110,0.039
cube_d3_k155,16,10,486,486,162,0.110,0.050,0.106,0.000,0.036,0.023
cube_d3_k155,16,11,162,162,54,0.059,0.026,0.057,0.000,0.015,0.016
cube_d3_k155,16,12,54,54,18,0.029,0.014,0.030,0.000,0.007,0.007
cube_d3_k155,16,13,18,18,6,0.014,0.005,0.009,0.000,0.004,0.001
cube_d3_k155,16,14,6,6,2,0.006,0.002,0.006,0.000,0.003,0.001
cube_d3_k155,16,15,2,0,0,0.002,0.001,0.000,,,
cube_d3_k155,32,0,310,22343250,7447750,19.067,19.747,302.452,0.000,119.987,67.867
cube_d3_k155,32,1,7447750,7447750,2379052,226.578,57.956,178.197,0.000,37.185,23.184
cube_d3_k155,32,2,2379052,2379052,1062882,91.479,21.214,60.735,0.000,14.807,10.783
cube_d3_k155,32,3,1062882,1062882,354294,45.566,10.967,25.304,0.000,4.133,6.612
cube_d3_k155,32,4,354294,354294,118098,15.610,3.445,8.325,0.000,1.858,1.341
cube_d3_k155,32,5,118098,118098,39366,5.008,1.212,8.270,0.000,6.102,0.523
cube_d3_k155,32,6,39366,39366,13122,1.753,0.520,2.851,0.000,1.917,0.222
cube_d3_k155,32,7,13122,13122,4374,1.526,0.533,1.154,0.000,0.588,0.202
cube_d3_k155,32,8,4374,4374,1458,0.860,0.236,0.537,0.000,0.254,0.058
cube_d3_k155,32,9,1458,1458,486,0.280,0.097,0.225,0.000,0.082,0.040
cube_d3_k155,32,10,486,486,162,0.104,0.056,0.111,0.000,0.041,0.023
cube_d3_k155,32,11,162,162,54,0.058,0.026,0.057,0.000,0.016,0.016
cube_d3_k155,32,12,54,54,18,0.024,0.014,0.027,0.000,0.007,0.005
cube_d3_k155,32,13,18,18,6,0.015,0.004,0.009,0.000,0.004,0.001
cube_d3_k155,32,14,6,6,2,0.005,0.001,0.005,0.000,0.003,0.001
cube_d3_k155,32,15,2,0,0,0.002,0.001,0.000,,,
cube_d3_k155,32,0,310,22343250,7447750,1.965,4.894,292.242,0.000,75.371,67.179
cube_d3_k155,32,1,7447750,7447750,2379052,267.941,63.194,172.078,0.000,34.585,20.545
cube_d3_k155,32,2,2379052,2379052,1062882,92.994,22.942,54.402,0.000,9.576,9.843
cube_d3_k155,32,3,1062882,1062882,354294,44.528,10.247,22.162,0.000,4.289,3.639
cube_d3_k155,32,4,354294,354294,118098,15.687,3.467,8.037,0.000,1.729,1.360
cube_d3_k155,32,5,118098,118098,39366,4.980,1.266,8.044,0.000,5.836,0.525
cube_d3_k155,32,6,39366,39366,13122,1.710,0.534,2.795,0.000,1.800,0.235
cube_d3_k155,32,7,13122,13122,4374,1.550,0.285,1.082,0.000,0.605,0.129
cube_d3_k155,32,8,4374,4374,1458,0.637,0.217,0.575,0.000,0.290,0.061
cube_d3_k155,32,9,1458,1458,486,0.260,0.091,0.225,0.000,0.083,0.039
cube_d3_k155,32,10,486,486,162,0.301,0.057,0.111,0.000,0.038,0.026
cube_d3_k155,32,11,162,162,54,0.049,0.032,0.056,0.000,0.015,0.015
cube_d3_k155,32,12,54,54,18,0.030,0.019,0.030,0.000,0.007,0.006
cube_d3_k155,32,13,18,18,6,0.018,0.005,0.010,0.000,0.004,0.002
cube_d3_k155,32,14,6,6,2,0.005,0.001,0.005,0.000,0.003,0.001
cube_d3_k155,32,15,2,0,0,0.002,0.001,0.000,,,
cube_d3_k155,32,0,310,22343250,7447750,2.153,4.825,293.235,0.000,79.866,68.275
cube_d3_k155,32,1,7447750,7447750,2379052,274.910,66.530,173.538,0.000,34.810,21.501
cube_d3_k155,32,2,2379052,2379052,1062882,97.046,22.691,53.814,0.000,9.590,9.737
cube_d3_k155,32,3,1062882,1062882,354294,45.296,10.505,22.338,0.000,4.257,3.739
cube_d3_k155,32,4,354294,354294,118098,16.379,3.475,8.642,0.000,1.845,1.418
cube_d3_k155,32,5,118098,118098,39366,5.058,1.446,8.834,0.000,6.547,0.556
cube_d3_k155,32,6,39366,39366,13122,1.800,0.556,2.774,0.000,1.751,0.251
cube_d3_k155,32,7,13122,13122,4374,1.553,0.290,1.114,0.000,0.605,0.131
cube_d3_k155,32,8,4374,4374,1458,0.593,0.229,0.546,0.000,0.256,0.062
cube_d3_k155,32,9,1458,1458,486,0.258,0.087,0.442,0.000,0.099,0.046
cube_d3_k155,32,10,486,486,162,0.108,0.057,0.128,0.000,0.043,0.029
cube_d3_k155,32,11,162,162,54,0.056,0.041,0.061,0.000,0.014,0.021
cube_d3_k155,32,12,54,54,18,0.031,0.022,0.038,0.000,0.007,0.009
cube_d3_k155,32,13,18,18,6,0.018,0.005,0.010,0.000,0.004,0.001
cube_d3_k155,32,14,6,6,2,0.009,0.002,0.007,0.000,0.003,0.001
cube_d3_k155,32,15,2,0,0,0.002,0.001,0.000,,,
cube_d3_k155,32,0,310,22343250,7447750,2.092,4.904,301.712,0.000,80.735,67.909
cube_d3_k155,32,1,7447750,7447750,2379052,277.920,67.259,175.693,0.000,34.010,21.188
cube_d3_k155,32,2,2379052,2379052,1062882,97.117,23.803,54.253,0.000,9.386,9.793
cube_d3_k155,32,3,1062882,1062882,354294,45.409,10.517,23.847,0.000,4.258,3.682
cube_d3_k155,32,4,354294,354294,118098,16.439,3.520,8.146,0.000,1.798,1.399
cube_d3_k155,32,5,118098,118098,39366,5.094,1.311,8.340,0.000,6.017,0.600
cube_d3_k155,32,6,39366,39366,13122,1.764,0.552,3.026,0.000,1.972,0.260
cube_d3_k155,32,7,13122,13122,4374,1.624,0.305,1.160,0.000,0.650,0.139
cube_d3_k155,32,8,4374,4374,1458,0.615,0.229,0.553,0.000,0.265,0.065
cube_d3_k155,32,9,1458,1458,486,0.252,0.089,0.472,0.000,0.298,0.060
cube_d3_k155,32,10,486,486,162,0.109,0.057,0.129,0.000,0.045,0.031
cube_d3_k155,32,11,162,162,54,0.055,0.040,0.077,0.000,0.017,0.025
cube_d3_k155,32,12,54,54,18,0.032,0.019,0.031,0.000,0.007,0.006
cube_d3_k155,32,13,18,18,6,0.019,0.004,0.010,0.000,0.004,0.001
cube_d3_k155,32,14,6,6,2,0.009,0.002,0.006,0.000,0.003,0.001
cube_d3_k155,32,15,2,0,0,0.002,0.001,0.000,,,
cube_d3_k155,32,0,310,22343250,7447750,2.062,4.929,295.362,0.000,79.797,68.113
cube_d3_k155,32,1,7447750,7447750,2379052,282.172,67.934,174.606,0.000,33.456,20.742
cube_d3_k155,32,2,2379052,2379052,1062882,98.034,22.964,53.984,0.000,9.380,9.828
cube_d3_k155,32,3,1062882,1062882,354294,45.990,10.536,22.716,0.000,4.353,3.691
cube_d3_k155,32,4,354294,354294,118098,16.789,4.034,8.589,0.000,1.769,1.421
cube_d3_k155,32,5,118098,118098,39366,5.048,1.327,8.491,0.000,6.195,0.562
cube_d3_k155,32,6,39366,39366,13122,1.792,0.580,3.046,0.000,1.970,0.259
cube_d3_k155,32,7,13122,13122,4374,1.612,0.289,1.120,0.000,0.611,0.133
cube_d3_k155,32,8,4374,4374,1458,0.546,0.239,0.569,0.000,0.271,0.076
cube_d3_k155,32,9,1458,1458,486,0.260,0.090,0.242,0.000,0.091,0.046
cube_d3_k155,32,10,486,486,162,0.097,0.053,0.127,0.000,0.040,0.027
cube_d3_k155,32,11,162,162,54,0.060,0.032,0.061,0.000,0.015,0.020
cube_d3_k155,32,12,54,54,18,0.238,0.023,0.049,0.000,0.007,0.020
cube_d3_k155,32,13,18,18,6,0.019,0.005,0.010,0.000,0.004,0.002
cube_d3_k155,32,14,6,6,2,0.010,0.002,0.005,0.000,0.003,0.001
cube_d3_k155,32,15,2,0,0,0.002,0.001,0.000,,,
cube_d3_k155,32,0,310,22343250,7447750,1.978,4.947,302.218,0.000,79.787,67.335
cube_d3_k155,32,1,7447750,7447750,2379052,278.334,67.211,174.620,0.000,32.634,21.120
cube_d3_k155,32,2,2379052,2379052,1062882,97.276,23.074,54.257,0.000,9.274,9.938
cube_d3_k155,32,3,1062882,1062882,354294,46.181,12.633,24.240,0.000,4.395,3.630
cube_d3_k155,32,4,354294,354294,118098,16.735,4.095,8.239,0.000,1.755,1.434
cube_d3_k155,32,5,118098,118098,39366,5.188,1.335,8.761,0.000,6.262,0.566
cube_d3_k155,32,6,39366,39366,13122,1.789,0.596,2.951,0.000,1.886,0.261
cube_d3_k155,32,7,13122,13122,4374,1.560,0.318,1.147,0.000,0.611,0.137
cube_d3_k155,32,8,4374,4374,1458,0.606,0.252,0.560,0.000,0.264,0.065
cube_d3_k155,32,9,1458,1458,486,0.262,0.102,0.259,0.000,0.095,0.043
cube_d3_k155,32,10,486,486,162,0.100,0.058,0.131,0.000,0.043,0.029
cube_d3_k155,32,11,162,162,54,0.055,0.039,0.067,0.000,0.017,0.021
cube_d3_k155,32,12,54,54,18,0.035,0.023,0.038,0.000,0.007,0.007
cube_d3_k155,32,13,18,18,6,0.024,0.005,0.010,0.000,0.004,0.001
cube_d3_k155,32,14,6,6,2,0.010,0.002,0.005,0.000,0.003,0.001
cube_d3_k155,32,15,2,0,0,0.002,0.001,0.000,,,
cube_d3_k155,64,0,310,22343250,7447750,20.353,19.575,256.393,0.000,116.143,40.357
cube_d3_k155,64,1,7447750,7447750,2379052,131.679,36.306,122.460,0.000,38.372,15.019
cube_d3_k155,64,2,2379052,2379052,1062882,55.367,13.525,50.118,0.000,20.800,9.611
cube_d3_k155,64,3,1062882,1062882,354294,30.612,6.658,18.863,0.000,3.242,6.975
cube_d3_k155,64,4,354294,354294,118098,9.931,2.310,12.492,0.000,7.132,0.886
cube_d3_k155,64,5,118098,118098,39366,3.462,0.904,7.508,0.000,5.989,0.360
cube_d3_k155,64,6,39366,39366,13122,1.159,0.410,2.581,0.000,1.896,0.163
cube_d3_k155,64,7,13122,13122,4374,1.723,0.315,0.996,0.000,0.572,0.178
cube_d3_k155,64,8,4374,4374,1458,0.663,0.176,0.482,0.000,0.237,0.053
cube_d3_k155,64,9,1458,1458,486,0.274,0.092,0.208,0.000,0.082,0.036
cube_d3_k155,64,10,486,486,162,0.086,0.051,0.105,0.000,0.038,0.025
cube_d3_k155,64,11,162,162,54,0.048,0.031,0.063,0.000,0.014,0.015
cube_d3_k155,64,12,54,54,18,0.032,0.019,0.026,0.000,0.007,0.005
cube_d3_k155,64,13,18,18,6,0.016,0.005,0.009,0.000,0.004,0.002
cube_d3_k155,64,14,6,6,2,0.005,0.001,0.005,0.000,0.003,0.001
cube_d3_k155,64,15,2,0,0,0.002,0.001,0.000,,,
cube_d3_k155,64,0,310,22343250,7447750,2.023,5.014,223.798,0.000,63.002,37.079
cube_d3_k155,64,1,7447750,7447750,2379052,138.146,42.561,106.781,0.000,26.232,12.405
cube_d3_k155,64,2,2379052,2379052,1062882,48.469,13.367,33.047,0.000,7.109,6.389
cube_d3_k155,64,3,1062882,1062882,354294,27.713,6.764,14.051,0.000,3.190,2.241
cube_d3_k155,64,4,354294,354294,118098,10.254,2.726,7.082,0.000,3.027,0.915
cube_d3_k155,64,5,118098,118098,39366,3.501,0.901,7.475,0.000,5.969,0.383
cube_d3_k155,64,6,39366,39366,13122,1.115,0.404,2.508,0.000,1.821,0.172
cube_d3_k155,64,7,13122,13122,4374,1.714,0.231,0.951,0.000,0.601,0.097
cube_d3_k155,64,8,4374,4374,1458,0.700,0.177,0.478,0.000,0.247,0.052
cube_d3_k155,64,9,1458,1458,486,0.292,0.085,0.211,0.000,0.083,0.038
cube_d3_k155,64,10,486,486,162,0.101,0.053,0.107,0.000,0.039,0.026
cube_d3_k155,64,11,162,162,54,0.046,0.032,0.056,0.000,0.016,0.014
cube_d3_k155,64,12,54,54,18,0.022,0.013,0.030,0.000,0.007,0.006
cube_d3_k155,64,13,18,18,6,0.015,0.004,0.009,0.000,0.004,0.001
cube_d3_k155,64,14,6,6,2,0.008,0.002,0.006,0.000,0.003,0.001
cube_d3_k155,64,15,2,0,0,0.002,0.001,0.000,,,
cube_d3_k155,64,0,310,22343250,7447750,2.170,5.229,230.898,0.000,66.463,37.976
cube_d3_k155,64,1,7447750,7447750,2379052,143.198,45.931,106.326,0.000,25.783,12.881
cube_d3_k155,64,2,2379052,2379052,1062882,50.119,13.503,32.986,0.000,7.082,5.329
cube_d3_k155,64,3,1062882,1062882,354294,27.970,6.776,14.539,0.000,3.178,2.324
cube_d3_k155,64,4,354294,354294,118098,10.685,2.331,5.494,0.000,1.356,0.849
cube_d3_k155,64,5,118098,118098,39366,3.103,0.889,7.765,0.000,6.253,0.372
cube_d3_k155,64,6,39366,39366,13122,1.261,0.422,2.465,0.000,1.753,0.182
cube_d3_k155,64,7,13122,13122,4374,1.626,0.239,0.991,0.000,0.633,0.102
cube_d3_k155,64,8,4374,4374,1458,0.679,0.188,0.483,0.000,0.244,0.049
cube_d3_k155,64,9,1458,1458,486,0.248,0.089,0.216,0.000,0.082,0.044
cube_d3_k155,64,10,486,486,162,0.097,0.056,0.103,0.000,0.036,0.022
cube_d3_k155,64,11,162,162,54,0.050,0.032,0.061,0.000,0.016,0.019
cube_d3_k155,64,12,54,54,18,0.031,0.014,0.033,0.000,0.007,0.005
cube_d3_k155,64,13,18,18,6,0.015,0.004,0.010,0.000,0.005,0.001
cube_d3_k155,64,14,6,6,2,0.006,0.001,0.005,0.000,0.003,0.001
cube_d3_k155,64,15,2,0,0,0.002,0.001,0.000,,,
cube_d3_k155,64,0,310,22343250,7447750,2.108,5.024,229.547,0.000,65.445,37.416
cube_d3_k155,64,1,7447750,7447750,2379052,144.417,45.297,105.898,0.000,25.747,12.741
cube_d3_k155,64,2,2379052,2379052,1062882,51.483,13.771,32.345,0.000,7.122,5.216
cube_d3_k155,64,3,1062882,1062882,354294,28.107,6.787,14.308,0.000,3.245,2.204
cube_d3_k155,64,4,354294,354294,118098,10.599,2.378,5.395,0.000,1.381,0.859
cube_d3_k155,64,5,118098,118098,39366,3.044,0.895,7.932,0.000,6.413,0.377
cube_d3_k155,64,6,39366,39366,13122,1.170,0.399,2.516,0.000,1.797,0.177
cube_d3_k155,64,7,13122,13122,4374,1.610,0.239,0.945,0.000,0.570,0.106
cube_d3_k155,64,8,4374,4374,1458,0.683,0.182,0.499,0.000,0.251,0.059
cube_d3_k155,64,9,1458,1458,486,0.287,0.088,0.224,0.000,0.089,0.043
cube_d3_k155,64,10,486,486,162,0.093,0.058,0.111,0.000,0.037,0.029
cube_d3_k155,64,11,162,162,54,0.054,0.037,0.060,0.000,0.015,0.018
cube_d3_k155,64,12,54,54,18,0.025,0.013,0.029,0.000,0.008,0.005
cube_d3_k155,64,13,18,18,6,0.018,0.004,0.010,0.000,0.004,0.001
cube_d3_k155,64,14,6,6,2,0.009,0.002,0.005,0.000,0.003,0.001
cube_d3_k155,64,15,2,0,0,0.002,0.001,0.000,,,
cube_d3_k155,64,0,310,22343250,7447750,2.076,4.868,229.932,0.000,67.531,37.525
cube_d3_k155,64,1,7447750,7447750,2379052,144.215,46.089,105.623,0.000,24.592,12.617
cube_d3_k155,64,2,2379052,2379052,1062882,50.775,13.731,32.541,0.000,6.911,5.314
cube_d3_k155,64,3,1062882,1062882,354294,28.284,6.753,14.340,0.000,3.305,2.158
cube_d3_k155,64,4,354294,354294,118098,10.666,2.386,5.475,0.000,1.452,0.853
cube_d3_k155,64,5,118098,118098,39366,3.088,0.909,7.567,0.000,6.072,0.375
cube_d3_k155,64,6,39366,39366,13122,1.137,0.418,2.584,0.000,1.883,0.169
cube_d3_k155,64,7,13122,13122,4374,1.707,0.236,0.984,0.000,0.599,0.109
cube_d3_k155,64,8,4374,4374,1458,0.717,0.180,0.499,0.000,0.251,0.051
cube_d3_k155,64,9,1458,1458,486,0.275,0.083,0.225,0.000,0.090,0.044
cube_d3_k155,64,10,486,486,162,0.110,0.064,0.109,0.000,0.039,0.025
cube_d3_k155,64,11,162,162,54,0.057,0.034,0.058,0.000,0.015,0.019
cube_d3_k155,64,12,54,54,18,0.026,0.014,0.029,0.000,0.007,0.006
cube_d3_k155,64,13,18,18,6,0.018,0.004,0.010,0.000,0.004,0.001
cube_d3_k155,64,14,6,6,2,0.008,0.001,0.005,0.000,0.003,0.001
cube_d3_k155,64,15,2,0,0,0.002,0.001,0.000,,,
cube_d3_k155,64,0,310,22343250,7447750,2.081,4.966,225.500,0.000,65.014,37.414
cube_d3_k155,64,1,7447750,7447750,2379052,149.379,43.673,102.130,0.000,23.402,12.647
cube_d3_k155,64,2,2379052,2379052,1062882,51.371,14.500,33.956,0.000,7.019,5.440
cube_d3_k155,64,3,1062882,1062882,354294,28.243,6.750,14.575,0.000,3.377,2.146
cube_d3_k155,64,4,354294,354294,118098,10.717,2.317,5.468,0.000,1.437,0.877
cube_d3_k155,64,5,118098,118098,39366,3.029,0.920,7.946,0.000,6.318,0.368
cube_d3_k155,64,6,39366,39366,13122,1.144,0.436,2.530,0.000,1.781,0.182
cube_d3_k155,64,7,13122,13122,4374,1.706,0.246,1.010,0.000,0.644,0.106
cube_d3_k155,64,8,4374,4374,1458,0.699,0.189,0.489,0.000,0.243,0.055
cube_d3_k155,64,9,1458,1458,486,0.267,0.087,0.230,0.000,0.094,0.040
cube_d3_k155,64,10,486,486,162,0.104,0.050,0.112,0.000,0.041,0.022
cube_d3_k155,64,11,162,162,54,0.054,0.033,0.060,0.000,0.016,0.019
cube_d3_k155,64,12,54,54,18,0.035,0.029,0.034,0.000,0.008,0.005
cube_d3_k155,64,13,18,18,6,0.018,0.004,0.010,0.000,0.005,0.001
cube_d3_k155,64,14,6,6,2,0.005,0.001,0.005,0.000,0.003,0.001
cube_d3_k155,64,15,2,0,0,0.002,0.001,0.000,,,
cube_d3_k155,128,0,310,22343250,7447750,30.590,20.112,312.942,0.000,168.649,34.493
cube_d3_k155,128,1,7447750,7447750,2379052,102.130,31.694,128.975,0.000,50.195,15.907
cube_d3_k155,128,2,2379052,2379052,1062882,42.927,10.345,61.811,0.000,24.510,18.517
cube_d3_k155,128,3,1062882,1062882,354294,27.417,5.656,23.468,0.000,3.321,12.825
cube_d3_k155,128,4,354294,354294,118098,7.931,1.936,10.793,0.000,1.327,0.716
cube_d3_k155,128,5,118098,118098,39366,2.563,0.780,7.527,0.000,6.256,0.312
cube_d3_k155,128,6,39366,39366,13122,0.979,0.407,2.699,0.000,2.111,0.159
cube_d3_k155,128,7,13122,13122,4374,1.923,0.408,1.207,0.000,0.603,0.344
cube_d3_k155,128,8,4374,4374,1458,0.635,0.202,0.540,0.000,0.275,0.070
cube_d3_k155,128,9,1458,1458,486,0.283,0.108,0.252,0.000,0.098,0.055
cube_d3_k155,128,10,486,486,162,0.130,0.061,0.147,0.000,0.046,0.046
cube_d3_k155,128,11,162,162,54,0.073,0.038,0.071,0.000,0.014,0.026
cube_d3_k155,128,12,54,54,18,0.031,0.015,0.029,0.000,0.007,0.005
cube_d3_k155,128,13,18,18,6,0.019,0.005,0.010,0.000,0.004,0.002
cube_d3_k155,128,14,6,6,2,0.006,0.001,0.005,0.000,0.003,0.001
cube_d3_k155,128,15,2,0,0,0.002,0.001,0.000,,,
cube_d3_k155,128,0,310,22343250,7447750,2.297,4.560,173.733,0.000,60.400,21.859
cube_d3_k155,128,1,7447750,7447750,2379052,82.715,28.421,85.077,0.000,25.275,9.011
cube_d3_k155,128,2,2379052,2379052,1062882,33.039,12.572,25.901,0.000,6.038,3.459
cube_d3_k155,128,3,1062882,1062882,354294,20.415,5.635,11.442,0.000,3.206,1.502
cube_d3_k155,128,4,354294,354294,118098,7.316,1.892,4.724,0.000,1.277,0.732
cube_d3_k155,128,5,118098,118098,39366,2.344,0.765,8.076,0.000,6.807,0.320
cube_d3_k155,128,6,39366,39366,13122,1.029,0.404,2.390,0.000,1.807,0.159
cube_d3_k155,128,7,13122,13122,4374,2.009,0.247,1.014,0.000,0.632,0.113
cube_d3_k155,128,8,4374,4374,1458,0.738,0.201,0.525,0.000,0.267,0.065
cube_d3_k155,128,9,1458,1458,486,0.283,0.103,0.274,0.000,0.103,0.059
cube_d3_k155,128,10,486,486,162,0.122,0.071,0.133,0.000,0.040,0.034
cube_d3_k155,128,11,162,162,54,0.067,0.041,0.078,0.000,0.014,0.025
cube_d3_k155,128,12,54,54,18,0.040,0.016,0.040,0.000,0.007,0.006
cube_d3_k155,128,13,18,18,6,0.023,0.005,0.010,0.000,0.004,0.002
cube_d3_k155,128,14,6,6,2,0.005,0.001,0.005,0.000,0.003,0.001
cube_d3_k155,128,15,2,0,0,0.002,0.001,0.000,,,
cube_d3_k155,128,0,310,22343250,7447750,2.085,4.679,181.797,0.000,63.164,22.301
cube_d3_k155,128,1,7447750,7447750,2379052,89.146,31.598,84.081,0.000,24.074,8.711
cube_d3_k155,128,2,2379052,2379052,1062882,42.843,11.364,26.058,0.000,5.900,3.627
cube_d3_k155,128,3,1062882,1062882,354294,20.754,5.698,11.709,0.000,3.287,1.544
cube_d3_k155,128,4,354294,354294,118098,7.406,1.878,4.591,0.000,1.231,0.698
cube_d3_k155,128,5,118098,118098,39366,2.326,0.792,7.672,0.000,6.337,0.314
cube_d3_k155,128,6,39366,39366,13122,1.296,0.406,2.481,0.000,1.833,0.190
cube_d3_k155,128,7,13122,13122,4374,2.106,0.248,1.013,0.000,0.655,0.107
cube_d3_k155,128,8,4374,4374,1458,0.754,0.186,0.571,0.000,0.300,0.071
cube_d3_k155,128,9,1458,1458,486,0.282,0.104,0.255,0.000,0.099,0.059
cube_d3_k155,128,10,486,486,162,0.135,0.071,0.149,0.000,0.044,0.039
cube_d3_k155,128,11,162,162,54,0.074,0.040,0.071,0.000,0.015,0.021
cube_d3_k155,128,12,54,54,18,0.041,0.014,0.041,0.000,0.007,0.008
cube_d3_k155,128,13,18,18,6,0.020,0.005,0.010,0.000,0.005,0.001
cube_d3_k155,128,14,6,6,2,0.007,0.002,0.006,0.000,0.003,0.001
cube_d3_k155,128,15,2,0,0,0.002,0.001,0.000,,,
cube_d3_k155,128,0,310,22343250,7447750,2.156,4.887,181.885,0.000,65.488,21.261
cube_d3_k155,128,1,7447750,7447750,2379052,85.704,29.944,83.238,0.000,24.252,8.681
cube_d3_k155,128,2,2379052,2379052,1062882,33.910,11.781,25.963,0.000,5.974,3.637
cube_d3_k155,128,3,1062882,1062882,354294,20.583,7.164,11.663,0.000,3.310,1.538
cube_d3_k155,128,4,354294,354294,118098,7.420,1.969,4.580,0.000,1.228,0.755
cube_d3_k155,128,5,118098,118098,39366,2.360,0.762,7.873,0.000,6.612,0.325
cube_d3_k155,128,6,39366,39366,13122,0.927,0.459,2.421,0.000,1.807,0.170
cube_d3_k155,128,7,13122,13122,4374,2.089,0.265,0.999,0.000,0.639,0.103
cube_d3_k155,128,8,4374,4374,1458,0.740,0.203,0.511,0.000,0.263,0.059
cube_d3_k155,128,9,1458,1458,486,0.305,0.103,0.251,0.000,0.099,0.054
cube_d3_k155,128,10,486,486,162,0.125,0.077,0.116,0.000,0.041,0.029
cube_d3_k155,128,11,162,162,54,0.066,0.042,0.086,0.000,0.015,0.019
cube_d3_k155,128,12,54,54,18,0.055,0.019,0.036,0.000,0.008,0.006
cube_d3_k155,128,13,18,18,6,0.027,0.005,0.010,0.000,0.005,0.001
cube_d3_k155,128,14,6,6,2,0.005,0.001,0.005,0.000,0.003,0.001
cube_d3_k155,128,15,2,0,0,0.002,0.001,0.000,,,
cube_d3_k155,128,0,310,22343250,7447750,2.060,5.009,181.801,0.000,64.834,21.330
cube_d3_k155,128,1,7447750,7447750,2379052,87.042,30.077,81.654,0.000,21.832,9.502
cube_d3_k155,128,2,2379052,2379052,1062882,34.465,12.914,26.134,0.000,5.971,3.653
cube_d3_k155,128,3,1062882,1062882,354294,20.693,6.824,11.911,0.000,3.435,1.599
cube_d3_k155,128,4,354294,354294,118098,7.176,1.927,4.604,0.000,1.265,0.695
cube_d3_k155,128,5,118098,118098,39366,2.347,0.803,7.609,0.000,6.289,0.331
cube_d3_k155,128,6,39366,39366,13122,0.945,0.414,2.586,0.000,1.953,0.186
cube_d3_k155,128,7,13122,13122,4374,2.056,0.244,0.996,0.000,0.610,0.106
cube_d3_k155,128,8,4374,4374,1458,0.750,0.189,0.582,0.000,0.303,0.071
cube_d3_k155,128,9,1458,1458,486,0.301,0.100,0.260,0.000,0.099,0.052
cube_d3_k155,128,10,486,486,162,0.127,0.071,0.141,0.000,0.042,0.042
cube_d3_k155,128,11,162,162,54,0.071,0.039,0.075,0.000,0.016,0.021
cube_d3_k155,128,12,54,54,18,0.033,0.010,0.060,0.000,0.007,0.026
cube_d3_k155,128,13,18,18,6,0.027,0.005,0.010,0.000,0.004,0.001
cube_d3_k155,128,14,6,6,2,0.010,0.002,0.006,0.000,0.003,0.001
cube_d3_k155,128,15,2,0,0,0.002,0.001,0.000,,,
cube_d3_k155,128,0,310,22343250,7447750,2.144,5.066,176.766,0.000,62.409,21.833
cube_d3_k155,128,1,7447750,7447750,2379052,88.013,30.579,82.837,0.000,22.436,9.457
cube_d3_k155,128,2,2379052,2379052,1062882,42.937,12.126,26.396,0.000,6.184,3.673
cube_d3_k155,128,3,1062882,1062882,354294,20.917,5.714,11.818,0.000,3.409,1.591
cube_d3_k155,128,4,354294,354294,118098,7.392,1.903,4.497,0.000,1.243,0.705
cube_d3_k155,128,5,118098,118098,39366,2.312,0.809,7.763,0.000,6.422,0.374
cube_d3_k155,128,6,39366,39366,13122,0.933,0.418,2.418,0.000,1.792,0.179
cube_d3_k155,128,7,13122,13122,4374,2.041,0.259,1.035,0.000,0.632,0.121
cube_d3_k155,128,8,4374,4374,1458,0.779,0.201,0.546,0.000,0.290,0.062
cube_d3_k155,128,9,1458,1458,486,0.295,0.097,0.239,0.000,0.095,0.049
cube_d3_k155,128,10,486,486,162,0.140,0.071,0.146,0.000,0.046,0.042
cube_d3_k155,128,11,162,162,54,0.083,0.038,0.086,0.000,0.024,0.023
cube_d3_k155,128,12,54,54,18,0.046,0.016,0.035,0.000,0.008,0.005
cube_d3_k155,128,13,18,18,6,0.023,0.005,0.011,0.000,0.005,0.001
cube_d3_k155,128,14,6,6,2,0.009,0.002,0.006,0.000,0.003,0.001
cube_d3_k155,128,15,2,0,0,0.002,0.001,0.000,,,
cube_d4_k5,1,0,10,750,250,0.237,0.005,0.158,0.000,0.070,0.042
cube_d4_k5,1,1,250,250,124,0.091,0.015,0.054,0.000,0.021,0.015
cube_d4_k5,1,2,124,124,32,0.051,0.008,0.026,0.000,0.010,0.006
cube_d4_k5,1,3,32,32,8,0.013,0.003,0.010,0.000,0.004,0.002
cube_d4_k5,1,4,8,8,2,0.004,0.001,0.008,0.000,0.003,0.001
cube_d4_k5,1,5,2,0,0,0.002,0.001,0.000,,,
cube_d4_k5,1,0,10,750,250,0.005,0.002,0.121,0.000,0.046,0.031
cube_d4_k5,1,1,250,250,124,0.089,0.014,0.053,0.000,0.021,0.016
cube_d4_k5,1,2,124,124,32,0.045,0.007,0.025,0.000,0.010,0.006
cube_d4_k5,1,3,32,32,8,0.013,0.003,0.009,0.000,0.004,0.002
cube_d4_k5,1,4,8,8,2,0.004,0.001,0.005,0.000,0.003,0.001
cube_d4_k5,1,5,2,0,0,0.002,0.001,0.000,,,
cube_d4_k5,1,0,10,750,250,0.005,0.002,0.121,0.000,0.046,0.031
cube_d4_k5,1,1,250,250,124,0.089,0.013,0.052,0.000,0.021,0.015
cube_d4_k5,1,2,124,124,32,0.049,0.007,0.025,0.000,0.010,0.006
cube_d4_k5,1,3,32,32,8,0.013,0.003,0.009,0.000,0.004,0.002
cube_d4_k5,1,4,8,8,2,0.004,0.001,0.004,0.000,0.003,0.000
cube_d4_k5,1,5,2,0,0,0.002,0.000,0.000,,,
cube_d4_k5,1,0,10,750,250,0.005,0.002,0.121,0.000,0.046,0.031
cube_d4_k5,1,1,250,250,124,0.091,0.015,0.054,0.000,0.022,0.015
cube_d4_k5,1,2,124,124,32,0.045,0.007,0.024,0.000,0.010,0.006
cube_d4_k5,1,3,32,32,8,0.013,0.003,0.009,0.000,0.004,0.002
cube_d4_k5,1,4,8,8,2,0.004,0.001,0.004,0.000,0.003,0.000
cube_d4_k5,1,5,2,0,0,0.002,0.000,0.000,,,
cube_d4_k5,1,0,10,750,250,0.005,0.002,0.119,0.000,0.046,0.031
cube_d4_k5,1,1,250,250,124,0.088,0.012,0.055,0.000,0.021,0.018
cube_d4_k5,1,2,124,124,32,0.045,0.007,0.024,0.000,0.010,0.006
cube_d4_k5,1,3,32,32,8,0.013,0.003,0.009,0.000,0.004,0.002
cube_d4_k5,1,4,8,8,2,0.004,0.001,0.004,0.000,0.003,0.000
cube_d4_k5,1,5,2,0,0,0.002,0.000,0.000,,,
cube_d4_k5,1,0,10,750,250,0.005,0.002,0.119,0.000,0.045,0.031
cube_d4_k5,1,1,250,250,124,0.088,0.012,0.054,0.000,0.022,0.016
cube_d4_k5,1,2,124,124,32,0.045,0.007,0.025,0.000,0.010,0.006
cube_d4_k5,1,3,32,32,8,0.013,0.003,0.009,0.000,0.004,0.002
cube_d4_k5,1,4,8,8,2,0.004,0.001,0.004,0.000,0.003,0.000
cube_d4_k5,1,5,2,0,0,0.002,0.000,0.000,,,
cube_d4_k5,2,0,10,750,250,0.333,0.005,0.174,0.000,0.077,0.049
cube_d4_k5,2,1,250,250,124,0.097,0.021,0.063,0.000,0.022,0.016
cube_d4_k5,2,2,124,124,32,0.057,0.010,0.029,0.000,0.010,0.006
cube_d4_k5,2,3,32,32,8,0.019,0.006,0.010,0.000,0.005,0.002
cube_d4_k5,2,4,8,8,2,0.006,0.001,0.008,0.000,0.003,0.001
cube_d4_k5,2,5,2,0,0,0.002,0.001,0.000,,,
cube_d4_k5,2,0,10,750,250,0.005,0.002,0.148,0.000,0.050,0.044
cube_d4_k5,2,1,250,250,124,0.102,0.020,0.190,0.000,0.141,0.022
cube_d4_k5,2,2,124,124,32,0.053,0.011,0.028,0.000,0.011,0.006
cube_d4_k5,2,3,32,32,8,0.018,0.004,0.010,0.000,0.005,0.002
cube_d4_k5,2,4,8,8,2,0.005,0.001,0.005,0.000,0.003,0.001
cube_d4_k5,2,5,2,0,0,0.002,0.001,0.000,,,
cube_d4_k5,2,0,10,750,250,0.005,0.002,0.129,0.000,0.048,0.036
cube_d4_k5,2,1,250,250,124,0.105,0.020,0.068,0.000,0.023,0.018
cube_d4_k5,2,2,124,124,32,0.052,0.007,0.027,0.000,0.011,0.006
cube_d4_k5,2,3,32,32,8,0.013,0.003,0.009,0.000,0.004,0.002
cube_d4_k5,2,4,8,8,2,0.004,0.001,0.004,0.000,0.003,0.001
cube_d4_k5,2,5,2,0,0,0.002,0.001,0.000,,,
cube_d4_k5,2,0,10,750,250,0.005,0.003,0.144,0.000,0.050,0.038
cube_d4_k5,2,1,250,250,124,0.108,0.021,0.078,0.000,0.023,0.021
cube_d4_k5,2,2,124,124,32,0.057,0.010,0.028,0.000,0.010,0.006
cube_d4_k5,2,3,32,32,8,0.019,0.004,0.010,0.000,0.005,0.002
cube_d4_k5,2,4,8,8,2,0.005,0.001,0.004,0.000,0.003,0.000
cube_d4_k5,2,5,2,0,0,0.002,0.001,0.000,,,
cube_d4_k5,2,0,10,750,250,0.005,0.002,0.134,0.000,0.049,0.036
cube_d4_k5,2,1,250,250,124,0.100,0.021,0.071,0.000,0.023,0.019
cube_d4_k5,2,2,124,124,32,0.067,0.010,0.028,0.000,0.011,0.006
cube_d4_k5,2,3,32,32,8,0.021,0.005,0.010,0.000,0.005,0.002
cube_d4_k5,2,4,8,8,2,0.005,0.001,0.004,0.000,0.003,0.001
cube_d4_k5,2,5,2,0,0,0.002,0.001,0.000,,,
cube_d4_k5,2,0,10,750,250,0.005,0.002,0.134,0.000,0.052,0.035
cube_d4_k5,2,1,250,250,124,0.102,0.022,0.074,0.000,0.023,0.018
cube_d4_k5,2,2,124,124,32,0.051,0.012,0.030,0.000,0.010,0.006
cube_d4_k5,2,3,32,32,8,0.020,0.004,0.010,0.000,0.005,0.002
cube_d4_k5,2,4,8,8,2,0.005,0.001,0.004,0.000,0.003,0.000
cube_d4_k5,2,5,2,0,0,0.002,0.000,0.000,,,
cube_d4_k5,4,0,10,750,250,0.222,0.005,0.399,0.000,0.277,0.061
cube_d4_k5,4,1,250,250,124,0.150,0.025,0.074,0.000,0.022,0.021
cube_d4_k5,4,2,124,124,32,0.067,0.012,0.031,0.000,0.012,0.006
cube_d4_k5,4,3,32,32,8,0.023,0.009,0.019,0.000,0.005,0.002
cube_d4_k5,4,4,8,8,2,0.009,0.003,0.008,0.000,0.003,0.001
cube_d4_k5,4,5,2,0,0,0.002,0.001,0.000,,,
cube_d4_k5,4,0,10,750,250,0.006,0.002,0.150,0.000,0.058,0.037
cube_d4_k5,4,1,250,250,124,0.093,0.037,0.078,0.000,0.028,0.020
cube_d4_k5,4,2,124,124,32,0.054,0.013,0.166,0.000,0.141,0.008
cube_d4_k5,4,3,32,32,8,0.019,0.009,0.011,0.000,0.005,0.002
cube_d4_k5,4,4,8,8,2,0.008,0.001,0.005,0.000,0.003,0.001
cube_d4_k5,4,5,2,0,0,0.002,0.001,0.000,,,
cube_d4_k5,4,0,10,750,250,0.006,0.003,0.158,0.000,0.060,0.042
cube_d4_k5,4,1,250,250,124,0.082,0.030,0.073,0.000,0.024,0.022
cube_d4_k5,4,2,124,124,32,0.052,0.019,0.033,0.000,0.011,0.006
cube_d4_k5,4,3,32,32,8,0.026,0.005,0.011,0.000,0.005,0.002
cube_d4_k5,4,4,8,8,2,0.006,0.001,0.005,0.000,0.003,0.001
cube_d4_k5,4,5,2,0,0,0.002,0.001,0.000,,,
cube_d4_k5,4,0,10,750,250,0.005,0.003,0.162,0.000,0.057,0.042
cube_d4_k5,4,1,250,250,124,0.084,0.030,0.090,0.000,0.023,0.024
cube_d4_k5,4,2,124,124,32,0.058,0.015,0.031,0.000,0.011,0.006
cube_d4_k5,4,3,32,32,8,0.018,0.006,0.010,0.000,0.004,0.002
cube_d4_k5,4,4,8,8,2,0.007,0.001,0.004,0.000,0.003,0.000
cube_d4_k5,4,5,2,0,0,0.002,0.001,0.000,,,
cube_d4_k5,4,0,10,750,250,0.005,0.002,0.154,0.000,0.052,0.041
cube_d4_k5,4,1,250,250,124,0.083,0.036,0.077,0.000,0.023,0.023
cube_d4_k5,4,2,124,124,32,0.077,0.015,0.030,0.000,0.011,0.006
cube_d4_k5,4,3,32,32,8,0.021,0.008,0.010,0.000,0.005,0.002
cube_d4_k5,4,4,8,8,2,0.008,0.001,0.004,0.000,0.003,0.000
cube_d4_k5,4,5,2,0,0,0.002,0.000,0.000,,,
cube_d4_k5,4,0,10,750,250,0.005,0.003,0.161,0.000,0.058,0.042
cube_d4_k5,4,1,250,250,124,0.073,0.031,0.071,0.000,0.027,0.019
cube_d4_k5,4,2,124,124,32,0.049,0.014,0.031,0.000,0.011,0.006
cube_d4_k5,4,3,32,32,8,0.019,0.008,0.010,0.000,0.005,0.002
cube_d4_k5,4,4,8,8,2,0.007,0.001,0.004,0.000,0.003,0.000
cube_d4_k5,4,5,2,0,0,0.002,0.001,0.000,,,
cube_d4_k5,8,0,10,750,250,0.352,0.006,0.221,0.000,0.084,0.073
cube_d4_k5,8,1,250,250,124,0.076,0.037,0.081,0.000,0.024,0.024
cube_d4_k5,8,2,124,124,32,0.069,0.023,0.037,0.000,0.012,0.007
cube_d4_k5,8,3,32,32,8,0.027,0.009,0.011,0.000,0.005,0.002
cube_d4_k5,8,4,8,8,2,0.008,0.002,0.008,0.000,0.003,0.001
cube_d4_k5,8,5,2,0,0,0.002,0.001,0.000,,,
cube_d4_k5,8,0,10,750,250,0.005,0.003,0.166,0.000,0.060,0.046
cube_d4_k5,8,1,250,250,124,0.089,0.034,0.081,0.000,0.024,0.025
cube_d4_k5,8,2,124,124,32,0.056,0.022,0.196,0.000,0.163,0.012
cube_d4_k5,8,3,32,32,8,0.022,0.010,0.013,0.000,0.006,0.003
cube_d4_k5,8,4,8,8,2,0.007,0.001,0.005,0.000,0.003,0.001
cube_d4_k5,8,5,2,0,0,0.002,0.001,0.000,,,
cube_d4_k5,8,0,10,750,250,0.005,0.002,0.164,0.000,0.063,0.045
cube_d4_k5,8,1,250,250,124,0.075,0.036,0.079,0.000,0.025,0.022
cube_d4_k5,8,2,124,124,32,0.061,0.022,0.194,0.000,0.165,0.012
cube_d4_k5,8,3,32,32,8,0.020,0.006,0.012,0.000,0.005,0.002
cube_d4_k5,8,4,8,8,2,0.007,0.001,0.005,0.000,0.003,0.001
cube_d4_k5,8,5,2,0,0,0.002,0.000,0.000,,,
cube_d4_k5,8,0,10,750,250,0.006,0.003,0.157,0.000,0.058,0.043
cube_d4_k5,8,1,250,250,124,0.071,0.039,0.079,0.000,0.023,0.023
cube_d4_k5,8,2,124,124,32,0.062,0.013,0.189,0.000,0.163,0.009
cube_d4_k5,8,3,32,32,8,0.020,0.006,0.011,0.000,0.005,0.002
cube_d4_k5,8,4,8,8,2,0.008,0.001,0.005,0.000,0.003,0.001
cube_d4_k5,8,5,2,0,0,0.002,0.001,0.000,,,
cube_d4_k5,8,0,10,750,250,0.005,0.003,0.156,0.000,0.062,0.038
cube_d4_k5,8,1,250,250,124,0.067,0.032,0.076,0.000,0.022,0.022
cube_d4_k5,8,2,124,124,32,0.057,0.020,0.042,0.000,0.014,0.011
cube_d4_k5,8,3,32,32,8,0.020,0.006,0.012,0.000,0.006,0.002
cube_d4_k5,8,4,8,8,2,0.008,0.003,0.005,0.000,0.003,0.000
cube_d4_k5,8,5,2,0,0,0.002,0.000,0.000,,,
cube_d4_k5,8,0,10,750,250,0.005,0.003,0.150,0.000,0.063,0.037
cube_d4_k5,8,1,250,250,124,0.080,0.031,0.084,0.000,0.024,0.027
cube_d4_k5,8,2,124,124,32,0.063,0.022,0.041,0.000,0.014,0.010
cube_d4_k5,8,3,32,32,8,0.018,0.009,0.012,0.000,0.006,0.002
cube_d4_k5,8,4,8,8,2,0.008,0.002,0.005,0.000,0.003,0.001
cube_d4_k5,8,5,2,0,0,0.002,0.000,0.000,,,
cube_d4_k5,16,0,10,750,250,0.508,0.007,0.211,0.000,0.074,0.067
cube_d4_k5,16,1,250,250,124,0.091,0.042,0.203,0.000,0.138,0.027
cube_d4_k5,16,2,124,124,32,0.062,0.011,0.171,0.000,0.133,0.016
cube_d4_k5,16,3,32,32,8,0.021,0.007,0.012,0.000,0.006,0.003
cube_d4_k5,16,4,8,8,2,0.006,0.002,0.009,0.000,0.003,0.001
cube_d4_k5,16,5,2,0,0,0.002,0.001,0.000,,,
cube_d4_k5,16,0,10,750,250,0.006,0.003,0.315,0.000,0.209,0.043
cube_d4_k5,16,1,250,250,124,0.101,0.042,0.210,0.000,0.148,0.026
cube_d4_k5,16,2,124,124,32,0.047,0.028,0.055,0.000,0.017,0.016
cube_d4_k5,16,3,32,32,8,0.022,0.012,0.023,0.000,0.006,0.004
cube_d4_k5,16,4,8,8,2,0.011,0.003,0.006,0.000,0.003,0.001
cube_d4_k5,16,5,2,0,0,0.002,0.001,0.000,,,
cube_d4_k5,16,0,10,750,250,0.005,0.003,0.147,0.000,0.047,0.041
cube_d4_k5,16,1,250,250,124,0.087,0.041,0.097,0.000,0.031,0.030
cube_d4_k5,16,2,124,124,32,0.056,0.014,0.171,0.000,0.125,0.016
cube_d4_k5,16,3,32,32,8,0.022,0.010,0.013,0.000,0.006,0.003
cube_d4_k5,16,4,8,8,2,0.011,0.002,0.005,0.000,0.003,0.001
cube_d4_k5,16,5,2,0,0,0.002,0.001,0.000,,,
cube_d4_k5,16,0,10,750,250,0.006,0.003,0.137,0.000,0.046,0.035
cube_d4_k5,16,1,250,250,124,0.101,0.041,0.087,0.000,0.027,0.025
cube_d4_k5,16,2,124,124,32,0.065,0.024,0.163,0.000,0.128,0.013
cube_d4_k5,16,3,32,32,8,0.022,0.007,0.013,0.000,0.006,0.002
cube_d4_k5,16,4,8,8,2,0.022,0.003,0.005,0.000,0.003,0.001
cube_d4_k5,16,5,2,0,0,0.002,0.001,0.000,,,
cube_d4_k5,16,0,10,750,250,0.005,0.003,0.145,0.000,0.046,0.043
cube_d4_k5,16,1,250,250,124,0.105,0.037,0.203,0.000,0.138,0.027
cube_d4_k5,16,2,124,124,32,0.040,0.024,0.172,0.000,0.135,0.015
cube_d4_k5,16,3,32,32,8,0.021,0.007,0.020,0.000,0.006,0.003
cube_d4_k5,16,4,8,8,2,0.011,0.003,0.005,0.000,0.003,0.001
cube_d4_k5,16,5,2,0,0,0.002,0.000,0.000,,,
cube_d4_k5,16,0,10,750,250,0.006,0.003,0.145,0.000,0.046,0.041
cube_d4_k5,16,1,250,250,124,0.095,0.036,0.089,0.000,0.029,0.026
cube_d4_k5,16,2,124,124,32,0.043,0.025,0.161,0.000,0.127,0.013
cube_d4_k5,16,3,32,32,8,0.024,0.006,0.013,0.000,0.006,0.003
cube_d4_k5,16,4,8,8,2,0.006,0.001,0.005,0.000,0.003,0.001
cube_d4_k5,16,5,2,0,0,0.002,0.000,0.000,,,
cube_d4_k5,32,0,10,750,250,0.386,0.006,0.664,0.000,0.530,0.076
cube_d4_k5,32,1,250,250,124,0.061,0.029,0.221,0.000,0.172,0.021
cube_d4_k5,32,2,124,124,32,0.038,0.022,0.178,0.000,0.151,0.009
cube_d4_k5,32,3,32,32,8,0.020,0.007,0.011,0.000,0.005,0.002
cube_d4_k5,32,4,8,8,2,0.005,0.002,0.008,0.000,0.003,0.001
cube_d4_k5,32,5,2,0,0,0.002,0.001,0.000,,,
cube_d4_k5,32,0,10,750,250,0.006,0.003,0.266,0.000,0.184,0.029
cube_d4_k5,32,1,250,250,124,0.060,0.036,0.080,0.000,0.026,0.021
cube_d4_k5,32,2,124,124,32,0.033,0.018,0.176,0.000,0.149,0.009
cube_d4_k5,32,3,32,32,8,0.019,0.006,0.011,0.000,0.005,0.002
cube_d4_k5,32,4,8,8,2,0.008,0.002,0.005,0.000,0.003,0.001
cube_d4_k5,32,5,2,0,0,0.002,0.001,0.000,,,
cube_d4_k5,32,0,10,750,250,0.006,0.003,0.131,0.000,0.048,0.033
cube_d4_k5,32,1,250,250,124,0.056,0.035,0.075,0.000,0.028,0.020
cube_d4_k5,32,2,124,124,32,0.030,0.018,0.043,0.000,0.011,0.013
cube_d4_k5,32,3,32,32,8,0.016,0.005,0.012,0.000,0.005,0.003
cube_d4_k5,32,4,8,8,2,0.006,0.001,0.005,0.000,0.003,0.001
cube_d4_k5,32,5,2,0,0,0.002,0.001,0.000,,,
cube_d4_k5,32,0,10,750,250,0.005,0.003,0.125,0.000,0.044,0.031
cube_d4_k5,32,1,250,250,124,0.054,0.033,0.080,0.000,0.027,0.021
cube_d4_k5,32,2,124,124,32,0.032,0.020,0.040,0.000,0.012,0.010
cube_d4_k5,32,3,32,32,8,0.018,0.006,0.011,0.000,0.005,0.002
cube_d4_k5,32,4,8,8,2,0.007,0.001,0.005,0.000,0.003,0.001
cube_d4_k5,32,5,2,0,0,0.002,0.000,0.000,,,
cube_d4_k5,32,0,10,750,250,0.005,0.002,0.121,0.000,0.045,0.030
cube_d4_k5,32,1,250,250,124,0.053,0.033,0.075,0.000,0.026,0.021
cube_d4_k5,32,2,124,124,32,0.035,0.017,0.190,0.000,0.154,0.012
cube_d4_k5,32,3,32,32,8,0.015,0.005,0.011,0.000,0.005,0.002
cube_d4_k5,32,4,8,8,2,0.005,0.001,0.005,0.000,0.003,0.001
cube_d4_k5,32,5,2,0,0,0.002,0.000,0.000,,,
cube_d4_k5,32,0,10,750,250,0.005,0.003,0.148,0.000,0.060,0.032
cube_d4_k5,32,1,250,250,124,0.050,0.030,0.076,0.000,0.026,0.022
cube_d4_k5,32,2,124,124,32,0.032,0.019,0.043,0.000,0.012,0.011
cube_d4_k5,32,3,32,32,8,0.016,0.006,0.011,0.000,0.005,0.002
cube_d4_k5,32,4,8,8,2,0.006,0.001,0.004,0.000,0.003,0.000
cube_d4_k5,32,5,2,0,0,0.002,0.000,0.000,,,
cube_d4_k5,64,0,10,750,250,0.489,0.189,1.046,0.000,0.860,0.107
cube_d4_k5,64,1,250,250,124,0.311,0.034,0.090,0.000,0.026,0.026
cube_d4_k5,64,2,124,124,32,0.039,0.024,0.153,0.000,0.120,0.012
cube_d4_k5,64,3,32,32,8,0.019,0.008,0.013,0.000,0.006,0.003
cube_d4_k5,64,4,8,8,2,0.009,0.003,0.009,0.000,0.003,0.001
cube_d4_k5,64,5,2,0,0,0.002,0.001,0.000,,,
cube_d4_k5,64,0,10,750,250,0.007,0.003,0.141,0.000,0.050,0.033
cube_d4_k5,64,1,250,250,124,0.053,0.038,0.189,0.000,0.027,0.129
cube_d4_k5,64,2,124,124,32,0.036,0.022,0.152,0.000,0.123,0.010
cube_d4_k5,64,3,32,32,8,0.018,0.011,0.018,0.000,0.006,0.003
cube_d4_k5,64,4,8,8,2,0.012,0.002,0.005,0.000,0.003,0.001
cube_d4_k5,64,5,2,0,0,0.002,0.001,0.000,,,
cube_d4_k5,64,0,10,750,250,0.005,0.003,0.128,0.000,0.046,0.029
cube_d4_k5,64,1,250,250,124,0.046,0.034,0.084,0.000,0.024,0.022
cube_d4_k5,64,2,124,124,32,0.043,0.023,0.169,0.000,0.134,0.014
cube_d4_k5,64,3,32,32,8,0.022,0.010,0.022,0.000,0.006,0.003
cube_d4_k5,64,4,8,8,2,0.012,0.002,0.005,0.000,0.003,0.001
cube_d4_k5,64,5,2,0,0,0.002,0.001,0.000,,,
cube_d4_k5,64,0,10,750,250,0.006,0.003,0.137,0.000,0.047,0.036
cube_d4_k5,64,1,250,250,124,0.057,0.034,0.084,0.000,0.028,0.021
cube_d4_k5,64,2,124,124,32,0.033,0.030,0.165,0.000,0.132,0.013
cube_d4_k5,64,3,32,32,8,0.020,0.010,0.019,0.000,0.006,0.003
cube_d4_k5,64,4,8,8,2,0.010,0.002,0.005,0.000,0.003,0.001
cube_d4_k5,64,5,2,0,0,0.002,0.001,0.000,,,
cube_d4_k5,64,0,10,750,250,0.005,0.003,0.144,0.000,0.052,0.029
cube_d4_k5,64,1,250,250,124,0.053,0.035,0.086,0.000,0.027,0.019
cube_d4_k5,64,2,124,124,32,0.035,0.026,0.158,0.000,0.127,0.010
cube_d4_k5,64,3,32,32,8,0.019,0.010,0.018,0.000,0.006,0.003
cube_d4_k5,64,4,8,8,2,0.010,0.002,0.005,0.000,0.003,0.000
cube_d4_k5,64,5,2,0,0,0.002,0.001,0.000,,,
cube_d4_k5,64,0,10,750,250,0.005,0.003,0.124,0.000,0.046,0.030
cube_d4_k5,64,1,250,250,124,0.050,0.045,0.088,0.000,0.027,0.024
cube_d4_k5,64,2,124,124,32,0.036,0.021,0.149,0.000,0.116,0.012
cube_d4_k5,64,3,32,32,8,0.020,0.006,0.018,0.000,0.006,0.003
cube_d4_k5,64,4,8,8,2,0.010,0.002,0.005,0.000,0.003,0.000
cube_d4_k5,64,5,2,0,0,0.002,0.001,0.000,,,
cube_d4_k5,128,0,10,750,250,1.540,1.357,10.540,0.000,9.060,0.304
cube_d4_k5,128,1,250,250,124,2.555,0.039,1.453,0.000,1.383,0.023
cube_d4_k5,128,2,124,124,32,3.100,0.029,0.166,0.000,0.127,0.014
cube_d4_k5,128,3,32,32,8,0.024,0.007,0.014,0.000,0.006,0.003
cube_d4_k5,128,4,8,8,2,0.009,0.002,0.011,0.000,0.003,0.001
cube_d4_k5,128,5,2,0,0,0.002,0.001,0.000,,,
cube_d4_k5,128,0,10,750,250,0.779,0.004,0.875,0.000,0.727,0.041
cube_d4_k5,128,1,250,250,124,0.859,0.036,0.080,0.000,0.028,0.022
cube_d4_k5,128,2,124,124,32,0.133,0.026,0.147,0.000,0.116,0.010
cube_d4_k5,128,3,32,32,8,0.017,0.008,0.012,0.000,0.005,0.002
cube_d4_k5,128,4,8,8,2,0.009,0.002,0.005,0.000,0.003,0.001
cube_d4_k5,128,5,2,0,0,0.002,0.001,0.000,,,
cube_d4_k5,128,0,10,750,250,0.006,0.003,1.124,0.000,0.704,0.032
cube_d4_k5,128,1,250,250,124,1.141,0.032,0.194,0.000,0.140,0.025
cube_d4_k5,128,2,124,124,32,0.037,0.020,0.163,0.000,0.128,0.014
cube_d4_k5,128,3,32,32,8,0.020,0.006,0.012,0.000,0.006,0.002
cube_d4_k5,128,4,8,8,2,0.008,0.002,0.005,0.000,0.003,0.001
cube_d4_k5,128,5,2,0,0,0.002,0.001,0.000,,,
cube_d4_k5,128,0,10,750,250,0.006,0.003,0.126,0.000,0.046,0.029
cube_d4_k5,128,1,250,250,124,0.144,0.036,0.083,0.000,0.025,0.025
cube_d4_k5,128,2,124,124,32,0.039,0.021,0.155,0.000,0.120,0.012
cube_d4_k5,128,3,32,32,8,0.021,0.007,0.012,0.000,0.005,0.003
cube_d4_k5,128,4,8,8,2,0.009,0.002,0.005,0.000,0.003,0.001
cube_d4_k5,128,5,2,0,0,0.002,0.001,0.000,,,
cube_d4_k5,128,0,10,750,250,0.005,0.003,0.228,0.000,0.151,0.032
cube_d4_k5,128,1,250,250,124,0.048,0.035,0.083,0.000,0.027,0.022
cube_d4_k5,128,2,124,124,32,0.043,0.030,0.163,0.000,0.126,0.013
cube_d4_k5,128,3,32,32,8,0.020,0.007,0.013,0.000,0.006,0.003
cube_d4_k5,128,4,8,8,2,0.011,0.002,0.005,0.000,0.003,0.000
cube_d4_k5,128,5,2,0,0,0.002,0.000,0.000,,,
cube_d4_k5,128,0,10,750,250,0.005,0.003,0.252,0.000,0.165,0.034
cube_d4_k5,128,1,250,250,124,0.153,0.034,0.091,0.000,0.024,0.034
cube_d4_k5,128,2,124,124,32,0.038,0.024,0.154,0.000,0.124,0.011
cube_d4_k5,128,3,32,32,8,0.021,0.006,0.018,0.000,0.005,0.003
cube_d4_k5,128,4,8,8,2,0.006,0.001,0.005,0.000,0.003,0.000
cube_d4_k5,128,5,2,0,0,0.002,0.001,0.000,,,
cube_d4_k55,1,0,110,998250,332750,0.739,1.020,198.866,0.000,72.252,40.267
cube_d4_k55,1,1,332750,332750,122976,153.236,27.658,94.610,0.000,25.032,16.091
cube_d4_k55,1,2,122976,122976,32768,59.417,7.497,36.145,0.000,9.692,5.235
cube_d4_k55,1,3,32768,32768,8192,20.036,1.931,8.385,0.000,2.228,1.242
cube_d4_k55,1,4,8192,8192,2048,4.028,0.413,1.646,0.000,0.488,0.302
cube_d4_k55,1,5,2048,2048,512,0.989,0.099,0.385,0.000,0.125,0.077
cube_d4_k55,1,6,512,512,128,0.249,0.026,0.103,0.000,0.035,0.020
cube_d4_k55,1,7,128,128,32,0.064,0.008,0.034,0.000,0.015,0.006
cube_d4_k55,1,8,32,32,8,0.016,0.003,0.011,0.000,0.004,0.002
cube_d4_k55,1,9,8,8,2,0.005,0.002,0.005,0.000,0.003,0.001
cube_d4_k55,1,10,2,0,0,0.002,0.001,0.000,,,
cube_d4_k55,1,0,110,998250,332750,0.759,1.150,196.066,0.000,71.413,39.798
cube_d4_k55,1,1,332750,332750,122976,157.117,21.986,95.404,0.000,26.370,15.348
cube_d4_k55,1,2,122976,122976,32768,63.196,7.421,36.174,0.000,9.523,5.008
cube_d4_k55,1,3,32768,32768,8192,22.986,2.043,8.523,0.000,2.324,1.232
cube_d4_k55,1,4,8192,8192,2048,4.119,0.450,1.665,0.000,0.489,0.301
cube_d4_k55,1,5,2048,2048,512,0.980,0.098,0.391,0.000,0.123,0.079
cube_d4_k55,1,6,512,512,128,0.254,0.032,0.105,0.000,0.033,0.020
cube_d4_k55,1,7,128,128,32,0.059,0.008,0.028,0.000,0.010,0.006
cube_d4_k55,1,8,32,32,8,0.016,0.003,0.010,0.000,0.004,0.002
cube_d4_k55,1,9,8,8,2,0.005,0.001,0.005,0.000,0.003,0.001
cube_d4_k55,1,10,2,0,0,0.002,0.001,0.000,,,
cube_d4_k55,1,0,110,998250,332750,0.734,1.177,196.070,0.000,71.398,39.732
cube_d4_k55,1,1,332750,332750,122976,163.299,25.888,95.665,0.000,26.746,15.165
cube_d4_k55,1,2,122976,122976,32768,62.498,7.432,35.728,0.000,9.209,4.995
cube_d4_k55,1,3,32768,32768,8192,21.284,1.917,8.467,0.000,2.282,1.197
cube_d4_k55,1,4,8192,8192,2048,4.016,0.423,1.646,0.000,0.482,0.312
cube_d4_k55,1,5,2048,2048,512,0.967,0.098,0.381,0.000,0.124,0.076
cube_d4_k55,1,6,512,512,128,0.239,0.030,0.106,0.000,0.035,0.020
cube_d4_k55,1,7,128,128,32,0.062,0.008,0.029,0.000,0.010,0.006
cube_d4_k55,1,8,32,32,8,0.015,0.003,0.011,0.000,0.004,0.002
cube_d4_k55,1,9,8,8,2,0.005,0.001,0.006,0.000,0.003,0.001
cube_d4_k55,1,10,2,0,0,0.002,0.001,0.000,,,
cube_d4_k55,1,0,110,998250,332750,0.656,0.913,196.321,0.000,70.595,39.640
cube_d4_k55,1,1,332750,332750,122976,164.774,26.266,95.866,0.000,26.434,15.110
cube_d4_k55,1,2,122976,122976,32768,64.286,7.934,35.451,0.000,9.083,4.927
cube_d4_k55,1,3,32768,32768,8192,23.490,1.948,8.558,0.000,2.341,1.189
cube_d4_k55,1,4,8192,8192,2048,4.240,0.470,1.648,0.000,0.494,0.304
cube_d4_k55,1,5,2048,2048,512,0.978,0.102,0.385,0.000,0.124,0.076
cube_d4_k55,1,6,512,512,128,0.238,0.026,0.101,0.000,0.032,0.020
cube_d4_k55,1,7,128,128,32,0.061,0.008,0.029,0.000,0.010,0.006
cube_d4_k55,1,8,32,32,8,0.016,0.003,0.011,0.000,0.004,0.002
cube_d4_k55,1,9,8,8,2,0.005,0.002,0.006,0.000,0.003,0.001
cube_d4_k55,1,10,2,0,0,0.002,0.001,0.000,,,
cube_d4_k55,1,0,110,998250,332750,0.743,1.019,195.870,0.000,71.263,39.669
cube_d4_k55,1,1,332750,332750,122976,166.780,29.460,94.841,0.000,26.485,15.149
cube_d4_k55,1,2,122976,122976,32768,63.303,7.929,35.315,0.000,9.042,4.899
cube_d4_k55,1,3,32768,32768,8192,21.758,1.971,8.381,0.000,2.206,1.200
cube_d4_k55,1,4,8192,8192,2048,4.158,0.436,1.708,0.000,0.509,0.348
cube_d4_k55,1,5,2048,2048,512,1.013,0.099,0.391,0.000,0.123,0.076
cube_d4_k55,1,6,512,512,128,0.282,0.027,0.103,0.000,0.032,0.020
cube_d4_k55,1,7,128,128,32,0.062,0.008,0.029,0.000,0.010,0.006
cube_d4_k55,1,8,32,32,8,0.016,0.003,0.011,0.000,0.004,0.002
cube_d4_k55,1,9,8,8,2,0.005,0.002,0.006,0.000,0.003,0.001
cube_d4_k55,1,10,2,0,0,0.002,0.001,0.000,,,
cube_d4_k55,1,0,110,998250,332750,0.941,0.930,194.995,0.000,70.587,39.622
cube_d4_k55,1,1,332750,332750,122976,168.886,29.508,95.598,0.000,26.363,15.305
cube_d4_k55,1,2,122976,122976,32768,65.340,8.293,35.766,0.000,9.399,4.911
cube_d4_k55,1,3,32768,32768,8192,23.616,1.972,8.548,0.000,2.315,1.228
cube_d4_k55,1,4,8192,8192,2048,4.396,0.429,1.675,0.000,0.501,0.311
cube_d4_k55,1,5,2048,2048,512,0.991,0.098,0.388,0.000,0.124,0.076
cube_d4_k55,1,6,512,512,128,0.249,0.026,0.102,0.000,0.032,0.020
cube_d4_k55,1,7,128,128,32,0.062,0.008,0.028,0.000,0.010,0.006
cube_d4_k55,1,8,32,32,8,0.017,0.003,0.011,0.000,0.004,0.002
cube_d4_k55,1,9,8,8,2,0.005,0.002,0.005,0.000,0.003,0.001
cube_d4_k55,1,10,2,0,0,0.002,0.001,0.000,,,
cube_d4_k55,2,0,110,998250,332750,1.244,1.462,118.228,0.000,36.176,36.788
cube_d4_k55,2,1,332750,332750,122976,121.817,15.464,60.811,0.000,13.118,13.624
cube_d4_k55,2,2,122976,122976,32768,46.723,7.801,29.086,0.000,7.887,4.174
cube_d4_k55,2,3,32768,32768,8192,15.700,2.219,6.835,0.000,2.261,1.126
cube_d4_k55,2,4,8192,8192,2048,3.912,0.626,1.653,0.000,0.521,0.309
cube_d4_k55,2,5,2048,2048,512,0.927,0.251,0.440,0.000,0.142,0.081
cube_d4_k55,2,6,512,512,128,0.242,0.111,0.134,0.000,0.047,0.027
cube_d4_k55,2,7,128,128,32,0.070,0.013,0.034,0.000,0.013,0.007
cube_d4_k55,2,8,32,32,8,0.019,0.006,0.012,0.000,0.005,0.002
cube_d4_k55,2,9,8,8,2,0.007,0.002,0.007,0.000,0.003,0.001
cube_d4_k55,2,10,2,0,0,0.002,0.001,0.000,,,
cube_d4_k55,2,0,110,998250,332750,0.490,0.733,125.102,0.000,34.151,35.066
cube_d4_k55,2,1,332750,332750,122976,141.370,29.129,58.914,0.000,12.874,13.059
cube_d4_k55,2,2,122976,122976,32768,54.353,10.430,28.210,0.000,7.733,4.240
cube_d4_k55,2,3,32768,32768,8192,15.420,2.221,6.762,0.000,2.194,1.331
cube_d4_k55,2,4,8192,8192,2048,3.867,0.657,1.672,0.000,0.503,0.306
cube_d4_k55,2,5,2048,2048,512,0.914,0.184,0.434,0.000,0.139,0.078
cube_d4_k55,2,6,512,512,128,0.246,0.115,0.144,0.000,0.049,0.027
cube_d4_k55,2,7,128,128,32,0.077,0.013,0.034,0.000,0.013,0.007
cube_d4_k55,2,8,32,32,8,0.017,0.005,0.011,0.000,0.005,0.002
cube_d4_k55,2,9,8,8,2,0.006,0.002,0.005,0.000,0.003,0.001
cube_d4_k55,2,10,2,0,0,0.002,0.001,0.000,,,
cube_d4_k55,2,0,110,998250,332750,0.485,0.699,119.666,0.000,34.631,35.918
cube_d4_k55,2,1,332750,332750,122976,141.889,29.242,60.225,0.000,13.079,13.162
cube_d4_k55,2,2,122976,122976,32768,53.068,9.956,28.219,0.000,7.340,4.038
cube_d4_k55,2,3,32768,32768,8192,15.361,2.169,6.494,0.000,2.026,1.101
cube_d4_k55,2,4,8192,8192,2048,3.879,0.611,1.712,0.000,0.533,0.314
cube_d4_k55,2,5,2048,2048,512,0.941,0.275,0.469,0.000,0.162,0.078
cube_d4_k55,2,6,512,512,128,0.266,0.050,0.117,0.000,0.042,0.023
cube_d4_k55,2,7,128,128,32,0.071,0.012,0.031,0.000,0.011,0.006
cube_d4_k55,2,8,32,32,8,0.020,0.005,0.011,0.000,0.005,0.002
cube_d4_k55,2,9,8,8,2,0.007,0.002,0.005,0.000,0.003,0.001
cube_d4_k55,2,10,2,0,0,0.002,0.001,0.000,,,
cube_d4_k55,2,0,110,998250,332750,0.499,0.651,119.972,0.000,34.790,35.210
cube_d4_k55,2,1,332750,332750,122976,142.273,29.185,58.951,0.000,12.978,13.046
cube_d4_k55,2,2,122976,122976,32768,53.931,10.188,28.801,0.000,7.784,4.166
cube_d4_k55,2,3,32768,32768,8192,15.611,2.508,6.494,0.000,1.947,1.108
cube_d4_k55,2,4,8192,8192,2048,3.904,0.616,1.691,0.000,0.575,0.303
cube_d4_k55,2,5,2048,2048,512,0.959,0.182,0.441,0.000,0.130,0.080
cube_d4_k55,2,6,512,512,128,0.246,0.114,0.126,0.000,0.038,0.030
cube_d4_k55,2,7,128,128,32,0.075,0.014,0.036,0.000,0.013,0.007
cube_d4_k55,2,8,32,32,8,0.022,0.003,0.010,0.000,0.004,0.002
cube_d4_k55,2,9,8,8,2,0.006,0.002,0.006,0.000,0.003,0.001
cube_d4_k55,2,10,2,0,0,0.002,0.001,0.000,,,
cube_d4_k55,2,0,110,998250,332750,0.489,0.644,118.257,0.000,34.571,35.214
cube_d4_k55,2,1,332750,332750,122976,144.499,29.880,60.881,0.000,13.257,13.038
cube_d4_k55,2,2,122976,122976,32768,53.122,9.750,28.751,0.000,7.347,4.319
cube_d4_k55,2,3,32768,32768,8192,15.682,2.261,6.722,0.000,2.024,1.136
cube_d4_k55,2,4,8192,8192,2048,3.849,0.716,1.681,0.000,0.522,0.304
cube_d4_k55,2,5,2048,2048,512,0.992,0.276,0.450,0.000,0.142,0.080
cube_d4_k55,2,6,512,512,128,0.250,0.112,0.139,0.000,0.045,0.028
cube_d4_k55,2,7,128,128,32,0.075,0.014,0.033,0.000,0.013,0.007
cube_d4_k55,2,8,32,32,8,0.019,0.005,0.012,0.000,0.005,0.002
cube_d4_k55,2,9,8,8,2,0.007,0.002,0.005,0.000,0.003,0.001
cube_d4_k55,2,10,2,0,0,0.002,0.001,0.000,,,
cube_d4_k55,2,0,110,998250,332750,0.492,0.656,120.162,0.000,34.646,35.336
cube_d4_k55,2,1,332750,332750,122976,144.135,30.031,59.400,0.000,12.895,13.116
cube_d4_k55,2,2,122976,122976,32768,53.698,9.754,28.385,0.000,7.330,4.209
cube_d4_k55,2,3,32768,32768,8192,15.355,2.289,6.867,0.000,2.060,1.151
cube_d4_k55,2,4,8192,8192,2048,3.772,0.607,1.616,0.000,0.477,0.305
cube_d4_k55,2,5,2048,2048,512,0.941,0.221,0.441,0.000,0.139,0.077
cube_d4_k55,2,6,512,512,128,0.252,0.114,0.129,0.000,0.042,0.028
cube_d4_k55,2,7,128,128,32,0.074,0.013,0.037,0.000,0.016,0.007
cube_d4_k55,2,8,32,32,8,0.024,0.004,0.012,0.000,0.005,0.002
cube_d4_k55,2,9,8,8,2,0.007,0.002,0.005,0.000,0.003,0.001
cube_d4_k55,2,10,2,0,0,0.002,0.001,0.000,,,
cube_d4_k55,4,0,110,998250,332750,0.937,1.282,67.452,0.000,20.008,21.183
cube_d4_k55,4,1,332750,332750,122976,78.124,13.480,38.696,0.000,8.464,8.107
cube_d4_k55,4,2,122976,122976,32768,30.983,5.695,19.695,0.000,6.578,2.490
cube_d4_k55,4,3,32768,32768,8192,9.738,1.954,5.079,0.000,1.928,0.642
cube_d4_k55,4,4,8192,8192,2048,2.847,0.606,1.423,0.000,0.473,0.181
cube_d4_k55,4,5,2048,2048,512,0.669,0.170,0.448,0.000,0.165,0.062
cube_d4_k55,4,6,512,512,128,0.221,0.063,0.155,0.000,0.045,0.032
cube_d4_k55,4,7,128,128,32,0.069,0.024,0.052,0.000,0.022,0.011
cube_d4_k55,4,8,32,32,8,0.031,0.004,0.014,0.000,0.006,0.003
cube_d4_k55,4,9,8,8,2,0.007,0.002,0.006,0.000,0.003,0.001
cube_d4_k55,4,10,2,0,0,0.002,0.001,0.000,,,
cube_d4_k55,4,0,110,998250,332750,0.280,0.466,66.291,0.000,17.491,19.641
cube_d4_k55,4,1,332750,332750,122976,88.734,18.213,36.164,0.000,7.111,7.825
cube_d4_k55,4,2,122976,122976,32768,34.300,7.216,18.492,0.000,6.490,2.350
cube_d4_k55,4,3,32768,32768,8192,9.889,1.900,4.876,0.000,1.916,0.662
cube_d4_k55,4,4,8192,8192,2048,2.887,0.564,1.423,0.000,0.477,0.196
cube_d4_k55,4,5,2048,2048,512,0.745,0.289,0.451,0.000,0.156,0.065
cube_d4_k55,4,6,512,512,128,0.209,0.065,0.149,0.000,0.050,0.029
cube_d4_k55,4,7,128,128,32,0.070,0.020,0.039,0.000,0.015,0.007
cube_d4_k55,4,8,32,32,8,0.019,0.008,0.011,0.000,0.004,0.002
cube_d4_k55,4,9,8,8,2,0.007,0.002,0.005,0.000,0.003,0.001
cube_d4_k55,4,10,2,0,0,0.002,0.001,0.000,,,
cube_d4_k55,4,0,110,998250,332750,0.268,0.419,66.268,0.000,17.632,19.874
cube_d4_k55,4,1,332750,332750,122976,87.310,18.141,37.444,0.000,7.243,7.837
cube_d4_k55,4,2,122976,122976,32768,32.722,6.826,19.154,0.000,6.500,2.308
cube_d4_k55,4,3,32768,32768,8192,9.351,2.008,4.926,0.000,1.959,0.651
cube_d4_k55,4,4,8192,8192,2048,2.721,0.625,1.438,0.000,0.475,0.184
cube_d4_k55,4,5,2048,2048,512,0.720,0.165,0.436,0.000,0.155,0.060
cube_d4_k55,4,6,512,512,128,0.204,0.066,0.165,0.000,0.048,0.032
cube_d4_k55,4,7,128,128,32,0.070,0.023,0.040,0.000,0.013,0.007
cube_d4_k55,4,8,32,32,8,0.023,0.007,0.011,0.000,0.004,0.002
cube_d4_k55,4,9,8,8,2,0.007,0.002,0.005,0.000,0.003,0.001
cube_d4_k55,4,10,2,0,0,0.002,0.001,0.000,,,
cube_d4_k55,4,0,110,998250,332750,0.264,0.467,68.169,0.000,17.398,19.650
cube_d4_k55,4,1,332750,332750,122976,87.636,18.498,37.574,0.000,7.268,7.790
cube_d4_k55,4,2,122976,122976,32768,33.610,7.129,18.992,0.000,6.235,2.346
cube_d4_k55,4,3,32768,32768,8192,9.458,1.849,4.905,0.000,1.820,0.642
cube_d4_k55,4,4,8192,8192,2048,2.750,0.614,1.448,0.000,0.474,0.196
cube_d4_k55,4,5,2048,2048,512,0.760,0.232,0.439,0.000,0.153,0.057
cube_d4_k55,4,6,512,512,128,0.219,0.066,0.165,0.000,0.050,0.033
cube_d4_k55,4,7,128,128,32,0.075,0.021,0.038,0.000,0.015,0.007
cube_d4_k55,4,8,32,32,8,0.026,0.005,0.011,0.000,0.005,0.002
cube_d4_k55,4,9,8,8,2,0.007,0.002,0.005,0.000,0.003,0.001
cube_d4_k55,4,10,2,0,0,0.002,0.001,0.000,,,
cube_d4_k55,4,0,110,998250,332750,0.263,0.406,65.810,0.000,17.704,19.487
cube_d4_k55,4,1,332750,332750,122976,86.094,18.273,37.322,0.000,7.146,7.778
cube_d4_k55,4,2,122976,122976,32768,33.876,7.255,19.194,0.000,6.321,2.362
cube_d4_k55,4,3,32768,32768,8192,9.538,2.023,5.172,0.000,1.882,0.648
cube_d4_k55,4,4,8192,8192,2048,2.750,0.571,1.441,0.000,0.474,0.189
cube_d4_k55,4,5,2048,2048,512,0.680,0.285,0.439,0.000,0.145,0.061
cube_d4_k55,4,6,512,512,128,0.218,0.082,0.160,0.000,0.049,0.029
cube_d4_k55,4,7,128,128,32,0.072,0.020,0.048,0.000,0.014,0.011
cube_d4_k55,4,8,32,32,8,0.028,0.003,0.012,0.000,0.005,0.002
cube_d4_k55,4,9,8,8,2,0.007,0.002,0.005,0.000,0.003,0.001
cube_d4_k55,4,10,2,0,0,0.002,0.001,0.000,,,
cube_d4_k55,4,0,110,998250,332750,0.265,0.411,67.287,0.000,17.736,19.208
cube_d4_k55,4,1,332750,332750,122976,86.521,18.811,37.854,0.000,7.353,7.787
cube_d4_k55,4,2,122976,122976,32768,34.429,7.019,19.286,0.000,6.458,2.316
cube_d4_k55,4,3,32768,32768,8192,9.546,1.869,4.952,0.000,1.850,0.644
cube_d4_k55,4,4,8192,8192,2048,2.671,0.594,1.425,0.000,0.472,0.197
cube_d4_k55,4,5,2048,2048,512,0.752,0.303,0.431,0.000,0.155,0.057
cube_d4_k55,4,6,512,512,128,0.220,0.069,0.147,0.000,0.050,0.029
cube_d4_k55,4,7,128,128,32,0.078,0.017,0.039,0.000,0.015,0.008
cube_d4_k55,4,8,32,32,8,0.019,0.008,0.013,0.000,0.006,0.002
cube_d4_k55,4,9,8,8,2,0.009,0.002,0.006,0.000,0.003,0.001
cube_d4_k55,4,10,2,0,0,0.002,0.001,0.000,,,
cube_d4_k55,8,0,110,998250,332750,0.961,1.252,37.328,0.000,11.407,10.736
cube_d4_k55,8,1,332750,332750,122976,40.958,8.206,21.730,0.000,4.967,4.044
cube_d4_k55,8,2,122976,122976,32768,16.933,3.561,12.731,0.000,6.046,1.232
cube_d4_k55,8,3,32768,32768,8192,4.930,1.042,3.473,0.000,1.730,0.377
cube_d4_k55,8,4,8192,8192,2048,1.962,0.448,1.073,0.000,0.417,0.114
cube_d4_k55,8,5,2048,2048,512,0.475,0.143,0.323,0.000,0.124,0.043
cube_d4_k55,8,6,512,512,128,0.182,0.061,0.117,0.000,0.039,0.023
cube_d4_k55,8,7,128,128,32,0.046,0.022,0.051,0.000,0.015,0.011
cube_d4_k55,8,8,32,32,8,0.021,0.006,0.013,0.000,0.006,0.002
cube_d4_k55,8,9,8,8,2,0.006,0.002,0.005,0.000,0.003,0.001
cube_d4_k55,8,10,2,0,0,0.002,0.001,0.000,,,
cube_d4_k55,8,0,110,998250,332750,0.213,0.381,38.132,0.000,9.705,10.816
cube_d4_k55,8,1,332750,332750,122976,45.015,10.441,20.772,0.000,4.062,4.345
cube_d4_k55,8,2,122976,122976,32768,18.358,3.968,13.015,0.000,6.426,1.302
cube_d4_k55,8,3,32768,32768,8192,5.133,1.125,3.490,0.000,1.690,0.386
cube_d4_k55,8,4,8192,8192,2048,1.924,0.475,1.141,0.000,0.449,0.123
cube_d4_k55,8,5,2048,2048,512,0.509,0.132,0.367,0.000,0.140,0.051
cube_d4_k55,8,6,512,512,128,0.177,0.065,0.141,0.000,0.049,0.034
cube_d4_k55,8,7,128,128,32,0.072,0.019,0.065,0.000,0.024,0.014
cube_d4_k55,8,8,32,32,8,0.028,0.003,0.013,0.000,0.006,0.002
cube_d4_k55,8,9,8,8,2,0.007,0.002,0.005,0.000,0.003,0.001
cube_d4_k55,8,10,2,0,0,0.002,0.001,0.000,,,
cube_d4_k55,8,0,110,998250,332750,0.209,0.369,39.218,0.000,10.018,10.515
cube_d4_k55,8,1,332750,332750,122976,44.658,10.778,20.434,0.000,4.040,4.335
cube_d4_k55,8,2,122976,122976,32768,18.148,4.039,12.628,0.000,6.061,1.325
cube_d4_k55,8,3,32768,32768,8192,5.051,1.122,3.561,0.000,1.674,0.392
cube_d4_k55,8,4,8192,8192,2048,1.907,0.488,1.143,0.000,0.446,0.125
cube_d4_k55,8,5,2048,2048,512,0.503,0.143,0.521,0.000,0.288,0.051
cube_d4_k55,8,6,512,512,128,0.165,0.066,0.149,0.000,0.050,0.038
cube_d4_k55,8,7,128,128,32,0.072,0.022,0.052,0.000,0.016,0.012
cube_d4_k55,8,8,32,32,8,0.022,0.009,0.019,0.000,0.012,0.002
cube_d4_k55,8,9,8,8,2,0.010,0.003,0.005,0.000,0.003,0.001
cube_d4_k55,8,10,2,0,0,0.002,0.001,0.000,,,
cube_d4_k55,8,0,110,998250,332750,0.223,0.352,38.237,0.000,9.739,10.597
cube_d4_k55,8,1,332750,332750,122976,45.071,10.791,21.817,0.000,4.075,4.445
cube_d4_k55,8,2,122976,122976,32768,17.862,3.814,12.560,0.000,5.916,1.277
cube_d4_k55,8,3,32768,32768,8192,5.047,1.114,3.630,0.000,1.785,0.393
cube_d4_k55,8,4,8192,8192,2048,1.880,0.477,1.140,0.000,0.449,0.125
cube_d4_k55,8,5,2048,2048,512,0.490,0.139,0.349,0.000,0.128,0.051
cube_d4_k55,8,6,512,512,128,0.175,0.065,0.145,0.000,0.047,0.036
cube_d4_k55,8,7,128,128,32,0.073,0.020,0.052,0.000,0.015,0.011
cube_d4_k55,8,8,32,32,8,0.018,0.009,0.012,0.000,0.005,0.002
cube_d4_k55,8,9,8,8,2,0.008,0.002,0.005,0.000,0.003,0.001
cube_d4_k55,8,10,2,0,0,0.002,0.001,0.000,,,
cube_d4_k55,8,0,110,998250,332750,0.203,0.355,38.553,0.000,9.633,10.794
cube_d4_k55,8,1,332750,332750,122976,45.505,10.735,20.638,0.000,4.116,4.226
cube_d4_k55,8,2,122976,122976,32768,18.521,4.087,12.610,0.000,5.830,1.312
cube_d4_k55,8,3,32768,32768,8192,5.068,1.112,3.756,0.000,1.880,0.394
cube_d4_k55,8,4,8192,8192,2048,1.952,0.496,1.174,0.000,0.438,0.124
cube_d4_k55,8,5,2048,2048,512,0.504,0.142,0.447,0.000,0.217,0.050
cube_d4_k55,8,6,512,512,128,0.181,0.065,0.144,0.000,0.050,0.035
cube_d4_k55,8,7,128,128,32,0.073,0.021,0.052,0.000,0.015,0.013
cube_d4_k55,8,8,32,32,8,0.024,0.008,0.014,0.000,0.006,0.003
cube_d4_k55,8,9,8,8,2,0.008,0.001,0.005,0.000,0.003,0.001
cube_d4_k55,8,10,2,0,0,0.002,0.001,0.000,,,
cube_d4_k55,8,0,110,998250,332750,0.211,0.351,39.636,0.000,9.737,10.890
cube_d4_k55,8,1,332750,332750,122976,46.426,10.712,21.241,0.000,4.204,4.219
cube_d4_k55,8,2,122976,122976,32768,18.034,3.880,12.619,0.000,5.843,1.318
cube_d4_k55,8,3,32768,32768,8192,5.021,1.140,3.736,0.000,1.872,0.395
cube_d4_k55,8,4,8192,8192,2048,1.828,0.460,1.151,0.000,0.436,0.125
cube_d4_k55,8,5,2048,2048,512,0.490,0.137,0.378,0.000,0.155,0.043
cube_d4_k55,8,6,512,512,128,0.160,0.065,0.150,0.000,0.050,0.035
cube_d4_k55,8,7,128,128,32,0.073,0.021,0.056,0.000,0.016,0.014
cube_d4_k55,8,8,32,32,8,0.024,0.008,0.015,0.000,0.006,0.003
cube_d4_k55,8,9,8,8,2,0.010,0.003,0.005,0.000,0.003,0.001
cube_d4_k55,8,10,2,0,0,0.002,0.001,0.000,,,
cube_d4_k55,16,0,110,998250,332750,0.922,1.368,24.404,0.000,8.121,6.024
cube_d4_k55,16,1,332750,332750,122976,21.395,5.601,14.394,0.000,3.851,2.336
cube_d4_k55,16,2,122976,122976,32768,9.027,2.154,9.294,0.000,5.530,0.713
cube_d4_k55,16,3,32768,32768,8192,2.607,0.647,2.828,0.000,1.673,0.249
cube_d4_k55,16,4,8192,8192,2048,1.512,0.343,0.913,0.000,0.414,0.082
cube_d4_k55,16,5,2048,2048,512,0.374,0.146,0.293,0.000,0.121,0.036
cube_d4_k55,16,6,512,512,128,0.127,0.046,0.101,0.000,0.036,0.019
cube_d4_k55,16,7,128,128,32,0.046,0.021,0.047,0.000,0.014,0.010
cube_d4_k55,16,8,32,32,8,0.019,0.008,0.019,0.000,0.006,0.003
cube_d4_k55,16,9,8,8,2,0.006,0.002,0.006,0.000,0.003,0.001
cube_d4_k55,16,10,2,0,0,0.002,0.001,0.000,,,
cube_d4_k55,16,0,110,998250,332750,0.245,0.347,23.270,0.000,6.005,5.964
cube_d4_k55,16,1,332750,332750,122976,24.021,5.076,11.639,0.000,2.413,2.206
cube_d4_k55,16,2,122976,122976,32768,9.343,2.251,9.346,0.000,5.911,0.723
cube_d4_k55,16,3,32768,32768,8192,2.641,0.625,2.771,0.000,1.668,0.238
cube_d4_k55,16,4,8192,8192,2048,1.544,0.343,0.913,0.000,0.416,0.089
cube_d4_k55,16,5,2048,2048,512,0.393,0.149,0.286,0.000,0.110,0.034
cube_d4_k55,16,6,512,512,128,0.117,0.048,0.097,0.000,0.033,0.018
cube_d4_k55,16,7,128,128,32,0.043,0.022,0.048,0.000,0.015,0.011
cube_d4_k55,16,8,32,32,8,0.019,0.008,0.020,0.000,0.006,0.003
cube_d4_k55,16,9,8,8,2,0.008,0.002,0.005,0.000,0.003,0.001
cube_d4_k55,16,10,2,0,0,0.002,0.001,0.000,,,
cube_d4_k55,16,0,110,998250,332750,0.219,0.288,23.941,0.000,6.146,5.812
cube_d4_k55,16,1,332750,332750,122976,23.793,5.120,11.656,0.000,2.400,2.244
cube_d4_k55,16,2,122976,122976,32768,9.293,2.035,9.684,0.000,6.067,0.747
cube_d4_k55,16,3,32768,32768,8192,2.597,0.617,3.063,0.000,1.876,0.279
cube_d4_k55,16,4,8192,8192,2048,1.582,0.378,0.976,0.000,0.437,0.097
cube_d4_k55,16,5,2048,2048,512,0.418,0.153,0.303,0.000,0.121,0.043
cube_d4_k55,16,6,512,512,128,0.135,0.058,0.111,0.000,0.038,0.021
cube_d4_k55,16,7,128,128,32,0.053,0.023,0.052,0.000,0.015,0.012
cube_d4_k55,16,8,32,32,8,0.023,0.008,0.021,0.000,0.006,0.003
cube_d4_k55,16,9,8,8,2,0.008,0.003,0.005,0.000,0.003,0.001
cube_d4_k55,16,10,2,0,0,0.002,0.001,0.000,,,
cube_d4_k55,16,0,110,998250,332750,0.200,0.317,24.762,0.000,6.355,5.866
cube_d4_k55,16,1,332750,332750,122976,24.801,5.504,12.159,0.000,2.402,2.229
cube_d4_k55,16,2,122976,122976,32768,9.297,2.077,9.755,0.000,6.060,0.741
cube_d4_k55,16,3,32768,32768,8192,2.929,0.716,3.245,0.000,1.828,0.270
cube_d4_k55,16,4,8192,8192,2048,1.631,0.379,0.956,0.000,0.435,0.102
cube_d4_k55,16,5,2048,2048,512,0.414,0.158,0.306,0.000,0.114,0.044
cube_d4_k55,16,6,512,512,128,0.116,0.052,0.112,0.000,0.037,0.022
cube_d4_k55,16,7,128,128,32,0.059,0.023,0.051,0.000,0.015,0.012
cube_d4_k55,16,8,32,32,8,0.021,0.008,0.014,0.000,0.006,0.003
cube_d4_k55,16,9,8,8,2,0.008,0.003,0.005,0.000,0.003,0.001
cube_d4_k55,16,10,2,0,0,0.002,0.001,0.000,,,
cube_d4_k55,16,0,110,998250,332750,0.202,0.303,24.887,0.000,6.388,5.854
cube_d4_k55,16,1,332750,332750,122976,23.957,5.482,11.856,0.000,2.472,2.214
cube_d4_k55,16,2,122976,122976,32768,9.267,2.053,9.170,0.000,5.614,0.757
cube_d4_k55,16,3,32768,32768,8192,2.641,0.915,3.066,0.000,1.655,0.272
cube_d4_k55,16,4,8192,8192,2048,1.582,0.370,0.968,0.000,0.440,0.102
cube_d4_k55,16,5,2048,2048,512,0.402,0.156,0.427,0.000,0.233,0.043
cube_d4_k55,16,6,512,512,128,0.142,0.054,0.112,0.000,0.040,0.023
cube_d4_k55,16,7,128,128,32,0.045,0.024,0.050,0.000,0.016,0.012
cube_d4_k55,16,8,32,32,8,0.022,0.010,0.021,0.000,0.006,0.004
cube_d4_k55,16,9,8,8,2,0.010,0.002,0.005,0.000,0.003,0.001
cube_d4_k55,16,10,2,0,0,0.002,0.001,0.000,,,
cube_d4_k55,16,0,110,998250,332750,0.193,0.286,25.126,0.000,6.349,5.865
cube_d4_k55,16,1,332750,332750,122976,23.940,5.481,11.727,0.000,2.464,2.218
cube_d4_k55,16,2,122976,122976,32768,9.234,2.242,9.275,0.000,5.654,0.742
cube_d4_k55,16,3,32768,32768,8192,2.582,0.685,3.377,0.000,1.942,0.288
cube_d4_k55,16,4,8192,8192,2048,1.504,0.365,0.958,0.000,0.435,0.097
cube_d4_k55,16,5,2048,2048,512,0.431,0.136,0.297,0.000,0.116,0.043
cube_d4_k55,16,6,512,512,128,0.130,0.059,0.114,0.000,0.037,0.021
cube_d4_k55,16,7,128,128,32,0.054,0.024,0.054,0.000,0.016,0.012
cube_d4_k55,16,8,32,32,8,0.021,0.009,0.021,0.000,0.006,0.003
cube_d4_k55,16,9,8,8,2,0.009,0.003,0.005,0.000,0.003,0.001
cube_d4_k55,16,10,2,0,0,0.002,0.001,0.000,,,
cube_d4_k55,32,0,110,998250,332750,1.077,1.395,25.503,0.000,10.175,7.007
cube_d4_k55,32,1,332750,332750,122976,12.231,3.243,11.629,0.000,6.363,1.385
cube_d4_k55,32,2,122976,122976,32768,4.775,1.221,8.364,0.000,6.195,0.437
cube_d4_k55,32,3,32768,32768,8192,1.458,0.415,2.516,0.000,1.787,0.161
cube_d4_k55,32,4,8192,8192,2048,1.372,0.300,0.799,0.000,0.418,0.064
cube_d4_k55,32,5,2048,2048,512,0.342,0.091,0.300,0.000,0.153,0.032
cube_d4_k55,32,6,512,512,128,0.095,0.047,0.094,0.000,0.034,0.018
cube_d4_k55,32,7,128,128,32,0.042,0.023,0.043,0.000,0.014,0.011
cube_d4_k55,32,8,32,32,8,0.017,0.008,0.020,0.000,0.007,0.003
cube_d4_k55,32,9,8,8,2,0.007,0.003,0.005,0.000,0.003,0.001
cube_d4_k55,32,10,2,0,0,0.002,0.001,0.000,,,
cube_d4_k55,32,0,110,998250,332750,0.473,0.432,14.834,0.000,4.663,3.048
cube_d4_k55,32,1,332750,332750,122976,12.751,3.040,7.115,0.000,1.657,1.267
cube_d4_k55,32,2,122976,122976,32768,5.307,1.293,7.925,0.000,5.911,0.438
cube_d4_k55,32,3,32768,32768,8192,1.548,0.402,2.319,0.000,1.613,0.169
cube_d4_k55,32,4,8192,8192,2048,1.438,0.308,0.784,0.000,0.409,0.066
cube_d4_k55,32,5,2048,2048,512,0.404,0.114,0.282,0.000,0.147,0.030
cube_d4_k55,32,6,512,512,128,0.094,0.048,0.091,0.000,0.034,0.017
cube_d4_k55,32,7,128,128,32,0.039,0.024,0.046,0.000,0.014,0.011
cube_d4_k55,32,8,32,32,8,0.020,0.007,0.020,0.000,0.006,0.003
cube_d4_k55,32,9,8,8,2,0.009,0.002,0.005,0.000,0.003,0.001
cube_d4_k55,32,10,2,0,0,0.002,0.001,0.000,,,
cube_d4_k55,32,0,110,998250,332750,0.248,0.399,15.927,0.000,4.703,3.080
cube_d4_k55,32,1,332750,332750,122976,12.492,3.436,6.995,0.000,1.701,1.273
cube_d4_k55,32,2,122976,122976,32768,4.989,1.260,8.427,0.000,6.339,0.444
cube_d4_k55,32,3,32768,32768,8192,1.424,0.412,2.431,0.000,1.709,0.165
cube_d4_k55,32,4,8192,8192,2048,1.375,0.296,0.824,0.000,0.449,0.062
cube_d4_k55,32,5,2048,2048,512,0.401,0.100,0.288,0.000,0.151,0.030
cube_d4_k55,32,6,512,512,128,0.091,0.050,0.096,0.000,0.035,0.021
cube_d4_k55,32,7,128,128,32,0.039,0.023,0.045,0.000,0.015,0.010
cube_d4_k55,32,8,32,32,8,0.019,0.007,0.019,0.000,0.006,0.003
cube_d4_k55,32,9,8,8,2,0.007,0.002,0.005,0.000,0.003,0.001
cube_d4_k55,32,10,2,0,0,0.002,0.001,0.000,,,
cube_d4_k55,32,0,110,998250,332750,0.269,0.416,15.167,0.000,4.773,2.874
cube_d4_k55,32,1,332750,332750,122976,12.521,3.039,6.997,0.000,1.706,1.263
cube_d4_k55,32,2,122976,122976,32768,5.212,1.293,8.197,0.000,6.084,0.439
cube_d4_k55,32,3,32768,32768,8192,1.505,0.452,2.481,0.000,1.724,0.182
cube_d4_k55,32,4,8192,8192,2048,1.350,0.294,0.794,0.000,0.412,0.065
cube_d4_k55,32,5,2048,2048,512,0.335,0.094,0.303,0.000,0.153,0.033
cube_d4_k55,32,6,512,512,128,0.106,0.042,0.096,0.000,0.035,0.020
cube_d4_k55,32,7,128,128,32,0.040,0.024,0.045,0.000,0.014,0.010
cube_d4_k55,32,8,32,32,8,0.021,0.007,0.013,0.000,0.005,0.002
cube_d4_k55,32,9,8,8,2,0.010,0.002,0.005,0.000,0.003,0.001
cube_d4_k55,32,10,2,0,0,0.002,0.001,0.000,,,
cube_d4_k55,32,0,110,998250,332750,0.333,0.414,15.155,0.000,4.701,2.927
cube_d4_k55,32,1,332750,332750,122976,12.810,3.479,7.307,0.000,1.668,1.263
cube_d4_k55,32,2,122976,122976,32768,4.824,1.214,8.394,0.000,6.262,0.456
cube_d4_k55,32,3,32768,32768,8192,1.386,0.420,2.467,0.000,1.705,0.183
cube_d4_k55,32,4,8192,8192,2048,1.268,0.308,0.784,0.000,0.408,0.064
cube_d4_k55,32,5,2048,2048,512,0.324,0.098,0.303,0.000,0.148,0.038
cube_d4_k55,32,6,512,512,128,0.091,0.049,0.095,0.000,0.037,0.018
cube_d4_k55,32,7,128,128,32,0.039,0.027,0.046,0.000,0.015,0.011
cube_d4_k55,32,8,32,32,8,0.020,0.008,0.019,0.000,0.006,0.003
cube_d4_k55,32,9,8,8,2,0.009,0.002,0.005,0.000,0.003,0.001
cube_d4_k55,32,10,2,0,0,0.002,0.001,0.000,,,
cube_d4_k55,32,0,110,998250,332750,0.317,0.407,15.489,0.000,4.763,3.017
cube_d4_k55,32,1,332750,332750,122976,12.732,3.064,7.024,0.000,1.693,1.270
cube_d4_k55,32,2,122976,122976,32768,5.144,1.230,8.070,0.000,5.926,0.474
cube_d4_k55,32,3,32768,32768,8192,1.461,0.429,2.460,0.000,1.704,0.182
cube_d4_k55,32,4,8192,8192,2048,1.380,0.303,0.809,0.000,0.422,0.065
cube_d4_k55,32,5,2048,2048,512,0.342,0.115,0.292,0.000,0.154,0.031
cube_d4_k55,32,6,512,512,128,0.099,0.052,0.093,0.000,0.034,0.018
cube_d4_k55,32,7,128,128,32,0.041,0.024,0.046,0.000,0.015,0.011
cube_d4_k55,32,8,32,32,8,0.019,0.009,0.019,0.000,0.006,0.003
cube_d4_k55,32,9,8,8,2,0.010,0.002,0.005,0.000,0.003,0.001
cube_d4_k55,32,10,2,0,0,0.002,0.001,0.000,,,
cube_d4_k55,64,0,110,998250,332750,1.536,1.211,26.457,0.000,13.254,2.604
cube_d4_k55,64,1,332750,332750,122976,7.221,2.796,8.883,0.000,5.139,1.112
cube_d4_k55,64,2,122976,122976,32768,3.128,0.919,7.592,0.000,6.121,0.308
cube_d4_k55,64,3,32768,32768,8192,1.018,0.340,2.275,0.000,1.737,0.138
cube_d4_k55,64,4,8192,8192,2048,1.209,0.314,0.745,0.000,0.399,0.063
cube_d4_k55,64,5,2048,2048,512,0.318,0.094,0.350,0.000,0.209,0.037
cube_d4_k55,64,6,512,512,128,0.074,0.043,0.102,0.000,0.037,0.020
cube_d4_k55,64,7,128,128,32,0.035,0.024,0.043,0.000,0.014,0.010
cube_d4_k55,64,8,32,32,8,0.017,0.006,0.018,0.000,0.006,0.003
cube_d4_k55,64,9,8,8,2,0.007,0.002,0.005,0.000,0.003,0.001
cube_d4_k55,64,10,2,0,0,0.002,0.001,0.000,,,
cube_d4_k55,64,0,110,998250,332750,0.287,0.443,10.435,0.000,3.664,1.639
cube_d4_k55,64,1,332750,332750,122976,7.072,2.170,4.812,0.000,1.152,0.874
cube_d4_k55,64,2,122976,122976,32768,3.286,0.921,7.337,0.000,5.942,0.342
cube_d4_k55,64,3,32768,32768,8192,1.026,0.371,2.246,0.000,1.736,0.134
cube_d4_k55,64,4,8192,8192,2048,1.398,0.316,0.733,0.000,0.412,0.057
cube_d4_k55,64,5,2048,2048,512,0.384,0.086,0.356,0.000,0.229,0.029
cube_d4_k55,64,6,512,512,128,0.078,0.042,0.094,0.000,0.037,0.017
cube_d4_k55,64,7,128,128,32,0.040,0.023,0.048,0.000,0.014,0.010
cube_d4_k55,64,8,32,32,8,0.020,0.006,0.013,0.000,0.006,0.002
cube_d4_k55,64,9,8,8,2,0.009,0.002,0.005,0.000,0.003,0.001
cube_d4_k55,64,10,2,0,0,0.002,0.001,0.000,,,
cube_d4_k55,64,0,110,998250,332750,0.269,0.421,10.587,0.000,3.746,1.646
cube_d4_k55,64,1,332750,332750,122976,7.379,2.517,4.627,0.000,1.276,0.813
cube_d4_k55,64,2,122976,122976,32768,3.084,0.874,7.129,0.000,5.786,0.316
cube_d4_k55,64,3,32768,32768,8192,0.956,0.318,2.188,0.000,1.649,0.133
cube_d4_k55,64,4,8192,8192,2048,1.302,0.302,0.722,0.000,0.412,0.052
cube_d4_k55,64,5,2048,2048,512,0.367,0.097,0.248,0.000,0.116,0.028
cube_d4_k55,64,6,512,512,128,0.095,0.042,0.093,0.000,0.036,0.018
cube_d4_k55,64,7,128,128,32,0.040,0.024,0.043,0.000,0.015,0.009
cube_d4_k55,64,8,32,32,8,0.019,0.007,0.013,0.000,0.006,0.002
cube_d4_k55,64,9,8,8,2,0.010,0.002,0.005,0.000,0.003,0.001
cube_d4_k55,64,10,2,0,0,0.002,0.001,0.000,,,
cube_d4_k55,64,0,110,998250,332750,0.297,0.437,10.916,0.000,3.892,1.675
cube_d4_k55,64,1,332750,332750,122976,7.511,2.200,4.609,0.000,1.190,0.832
cube_d4_k55,64,2,122976,122976,32768,3.127,0.922,7.867,0.000,6.333,0.352
cube_d4_k55,64,3,32768,32768,8192,0.972,0.355,2.157,0.000,1.641,0.136
cube_d4_k55,64,4,8192,8192,2048,1.310,0.309,0.727,0.000,0.411,0.055
cube_d4_k55,64,5,2048,2048,512,0.367,0.083,0.352,0.000,0.229,0.032
cube_d4_k55,64,6,512,512,128,0.108,0.041,0.091,0.000,0.039,0.016
cube_d4_k55,64,7,128,128,32,0.038,0.024,0.042,0.000,0.012,0.010
cube_d4_k55,64,8,32,32,8,0.017,0.008,0.013,0.000,0.005,0.002
cube_d4_k55,64,9,8,8,2,0.007,0.002,0.005,0.000,0.003,0.001
cube_d4_k55,64,10,2,0,0,0.002,0.001,0.000,,,
cube_d4_k55,64,0,110,998250,332750,0.330,0.431,10.770,0.000,3.827,1.807
cube_d4_k55,64,1,332750,332750,122976,7.651,2.247,5.119,0.000,1.257,0.854
cube_d4_k55,64,2,122976,122976,32768,3.003,0.881,7.484,0.000,6.111,0.326
cube_d4_k55,64,3,32768,32768,8192,0.934,0.334,2.165,0.000,1.658,0.132
cube_d4_k55,64,4,8192,8192,2048,1.120,0.295,0.723,0.000,0.404,0.055
cube_d4_k55,64,5,2048,2048,512,0.371,0.089,0.383,0.000,0.254,0.028
cube_d4_k55,64,6,512,512,128,0.096,0.047,0.086,0.000,0.034,0.015
cube_d4_k55,64,7,128,128,32,0.048,0.022,0.043,0.000,0.012,0.010
cube_d4_k55,64,8,32,32,8,0.020,0.007,0.013,0.000,0.006,0.002
cube_d4_k55,64,9,8,8,2,0.009,0.002,0.005,0.000,0.003,0.001
cube_d4_k55,64,10,2,0,0,0.002,0.001,0.000,,,
cube_d4_k55,64,0,110,998250,332750,0.344,0.424,10.944,0.000,3.940,1.790
cube_d4_k55,64,1,332750,332750,122976,7.779,2.212,4.540,0.000,1.202,0.822
cube_d4_k55,64,2,122976,122976,32768,3.085,1.037,7.172,0.000,5.672,0.319
cube_d4_k55,64,3,32768,32768,8192,0.951,0.354,2.148,0.000,1.630,0.126
cube_d4_k55,64,4,8192,8192,2048,1.049,0.317,0.732,0.000,0.407,0.055
cube_d4_k55,64,5,2048,2048,512,0.344,0.088,0.358,0.000,0.233,0.033
cube_d4_k55,64,6,512,512,128,0.104,0.043,0.089,0.000,0.034,0.017
cube_d4_k55,64,7,128,128,32,0.036,0.024,0.044,0.000,0.014,0.011
cube_d4_k55,64,8,32,32,8,0.020,0.008,0.013,0.000,0.006,0.002
cube_d4_k55,64,9,8,8,2,0.008,0.002,0.005,0.000,0.003,0.001
cube_d4_k55,64,10,2,0,0,0.002,0.001,0.000,,,
cube_d4_k55,128,0,110,998250,332750,8.803,2.765,61.948,0.000,24.679,15.148
cube_d4_k55,128,1,332750,332750,122976,9.760,7.914,17.397,0.000,11.696,1.249
cube_d4_k55,128,2,122976,122976,32768,2.646,1.230,9.287,0.000,7.026,0.318
cube_d4_k55,128,3,32768,32768,8192,1.356,0.511,2.834,0.000,1.866,0.307
cube_d4_k55,128,4,8192,8192,2048,1.120,0.376,0.947,0.000,0.470,0.080
cube_d4_k55,128,5,2048,2048,512,0.341,0.104,0.409,0.000,0.239,0.053
cube_d4_k55,128,6,512,512,128,0.114,0.053,0.142,0.000,0.043,0.042
cube_d4_k55,128,7,128,128,32,0.065,0.035,0.062,0.000,0.013,0.016
cube_d4_k55,128,8,32,32,8,0.024,0.011,0.028,0.000,0.005,0.003
cube_d4_k55,128,9,8,8,2,0.006,0.002,0.006,0.000,0.003,0.001
cube_d4_k55,128,10,2,0,0,0.002,0.001,0.000,,,
cube_d4_k55,128,0,110,998250,332750,0.217,0.374,9.471,0.000,3.272,1.483
cube_d4_k55,128,1,332750,332750,122976,5.707,1.796,4.837,0.000,1.220,0.648
cube_d4_k55,128,2,122976,122976,32768,2.646,0.788,7.473,0.000,6.224,0.295
cube_d4_k55,128,3,32768,32768,8192,1.246,0.345,2.278,0.000,1.750,0.137
cube_d4_k55,128,4,8192,8192,2048,0.977,0.307,0.796,0.000,0.426,0.068
cube_d4_k55,128,5,2048,2048,512,0.255,0.116,0.404,0.000,0.234,0.048
cube_d4_k55,128,6,512,512,128,0.110,0.066,0.137,0.000,0.047,0.028
cube_d4_k55,128,7,128,128,32,0.064,0.030,0.070,0.000,0.013,0.013
cube_d4_k55,128,8,32,32,8,0.032,0.013,0.029,0.000,0.006,0.003
cube_d4_k55,128,9,8,8,2,0.017,0.003,0.006,0.000,0.003,0.001
cube_d4_k55,128,10,2,0,0,0.002,0.001,0.000,,,
cube_d4_k55,128,0,110,998250,332750,0.206,0.379,10.229,0.000,3.579,1.361
cube_d4_k55,128,1,332750,332750,122976,6.050,1.915,4.051,0.000,1.249,0.610
cube_d4_k55,128,2,122976,122976,32768,2.752,0.788,8.147,0.000,6.934,0.310
cube_d4_k55,128,3,32768,32768,8192,0.894,0.381,2.679,0.000,1.938,0.318
cube_d4_k55,128,4,8192,8192,2048,1.028,0.309,0.862,0.000,0.455,0.094
cube_d4_k55,128,5,2048,2048,512,0.237,0.124,0.447,0.000,0.254,0.062
cube_d4_k55,128,6,512,512,128,0.105,0.071,0.130,0.000,0.047,0.035
cube_d4_k55,128,7,128,128,32,0.058,0.037,0.065,0.000,0.016,0.019
cube_d4_k55,128,8,32,32,8,0.028,0.013,0.029,0.000,0.006,0.003
cube_d4_k55,128,9,8,8,2,0.009,0.002,0.005,0.000,0.003,0.001
cube_d4_k55,128,10,2,0,0,0.002,0.001,0.000,,,
cube_d4_k55,128,0,110,998250,332750,0.204,0.374,9.893,0.000,3.592,1.404
cube_d4_k55,128,1,332750,332750,122976,5.792,1.784,4.586,0.000,1.257,0.611
cube_d4_k55,128,2,122976,122976,32768,2.599,0.774,7.866,0.000,6.665,0.297
cube_d4_k55,128,3,32768,32768,8192,0.875,0.361,2.625,0.000,1.911,0.271
cube_d4_k55,128,4,8192,8192,2048,0.949,0.305,0.809,0.000,0.415,0.076
cube_d4_k55,128,5,2048,2048,512,0.239,0.126,0.305,0.000,0.127,0.053
cube_d4_k55,128,6,512,512,128,0.109,0.061,0.124,0.000,0.048,0.027
cube_d4_k55,128,7,128,128,32,0.066,0.033,0.063,0.000,0.013,0.015
cube_d4_k55,128,8,32,32,8,0.030,0.012,0.024,0.000,0.006,0.003
cube_d4_k55,128,9,8,8,2,0.015,0.002,0.005,0.000,0.003,0.001
cube_d4_k55,128,10,2,0,0,0.002,0.001,0.000,,,
cube_d4_k55,128,0,110,998250,332750,0.225,0.368,9.479,0.000,3.351,1.312
cube_d4_k55,128,1,332750,332750,122976,6.819,1.838,4.145,0.000,1.363,0.584
cube_d4_k55,128,2,122976,122976,32768,2.702,0.900,7.794,0.000,6.522,0.378
cube_d4_k55,128,3,32768,32768,8192,0.827,0.366,2.348,0.000,1.776,0.162
cube_d4_k55,128,4,8192,8192,2048,1.041,0.289,0.832,0.000,0.447,0.068
cube_d4_k55,128,5,2048,2048,512,0.220,0.115,0.425,0.000,0.246,0.056
cube_d4_k55,128,6,512,512,128,0.100,0.074,0.133,0.000,0.049,0.025
cube_d4_k55,128,7,128,128,32,0.061,0.036,0.066,0.000,0.017,0.017
cube_d4_k55,128,8,32,32,8,0.028,0.012,0.025,0.000,0.006,0.003
cube_d4_k55,128,9,8,8,2,0.010,0.002,0.006,0.000,0.003,0.001
cube_d4_k55,128,10,2,0,0,0.002,0.001,0.000,,,
cube_d4_k55,128,0,110,998250,332750,0.242,0.401,9.598,0.000,3.325,1.428
cube_d4_k55,128,1,332750,332750,122976,6.122,1.854,4.201,0.000,1.373,0.620
cube_d4_k55,128,2,122976,122976,32768,2.527,0.769,7.516,0.000,6.351,0.277
cube_d4_k55,128,3,32768,32768,8192,0.804,0.354,2.286,0.000,1.741,0.143
cube_d4_k55,128,4,8192,8192,2048,1.008,0.316,0.808,0.000,0.431,0.082
cube_d4_k55,128,5,2048,2048,512,0.232,0.113,0.407,0.000,0.250,0.051
cube_d4_k55,128,6,512,512,128,0.101,0.070,0.134,0.000,0.044,0.033
cube_d4_k55,128,7,128,128,32,0.068,0.039,0.070,0.000,0.018,0.016
cube_d4_k55,128,8,32,32,8,0.024,0.007,0.016,0.000,0.006,0.003
cube_d4_k55,128,9,8,8,2,0.013,0.002,0.005,0.000,0.003,0.001
cube_d4_k55,128,10,2,0,0,0.002,0.001,0.000,,,
cube_d4_k105,1,0,210,6945750,2315250,4.224,7.935,1469.675,0.000,532.101,310.207
cube_d4_k105,1,1,2315250,2315250,888446,1598.843,340.611,1094.585,0.000,200.183,126.844
cube_d4_k105,1,2,888446,888446,373844,622.178,132.548,439.562,0.000,78.087,53.330
cube_d4_k105,1,3,373844,373844,121386,265.963,56.639,197.936,0.000,27.308,19.942
cube_d4_k105,1,4,121386,121386,32768,87.120,17.410,42.741,0.000,9.262,6.197
cube_d4_k105,1,5,32768,32768,8192,24.368,2.649,9.501,0.000,2.287,1.236
cube_d4_k105,1,6,8192,8192,2048,5.269,0.456,1.723,0.000,0.512,0.300
cube_d4_k105,1,7,2048,2048,512,1.142,0.106,0.443,0.000,0.153,0.080
cube_d4_k105,1,8,512,512,128,0.272,0.025,0.100,0.000,0.033,0.020
cube_d4_k105,1,9,128,128,32,0.069,0.008,0.029,0.000,0.010,0.006
cube_d4_k105,1,10,32,32,8,0.021,0.003,0.010,0.000,0.004,0.002
cube_d4_k105,1,11,8,8,2,0.005,0.001,0.006,0.000,0.003,0.001
cube_d4_k105,1,12,2,0,0,0.002,0.001,0.000,,,
cube_d4_k105,1,0,210,6945750,2315250,4.003,7.893,1440.458,0.000,512.048,298.906
cube_d4_k105,1,1,2315250,2315250,888446,2000.243,479.117,1173.894,0.000,249.839,124.633
cube_d4_k105,1,2,888446,888446,373844,767.322,184.443,461.375,0.000,92.807,51.909
cube_d4_k105,1,3,373844,373844,121386,327.574,79.262,195.105,0.000,28.198,19.595
cube_d4_k105,1,4,121386,121386,32768,104.591,20.869,42.609,0.000,9.298,6.192
cube_d4_k105,1,5,32768,32768,8192,26.547,2.659,9.633,0.000,2.348,1.187
cube_d4_k105,1,6,8192,8192,2048,5.408,0.555,1.759,0.000,0.527,0.304
cube_d4_k105,1,7,2048,2048,512,1.060,0.109,0.403,0.000,0.125,0.077
cube_d4_k105,1,8,512,512,128,0.261,0.026,0.105,0.000,0.033,0.020
cube_d4_k105,1,9,128,128,32,0.064,0.008,0.028,0.000,0.010,0.006
cube_d4_k105,1,10,32,32,8,0.018,0.003,0.010,0.000,0.004,0.002
cube_d4_k105,1,11,8,8,2,0.005,0.001,0.005,0.000,0.003,0.001
cube_d4_k105,1,12,2,0,0,0.002,0.001,0.000,,,
cube_d4_k105,1,0,210,6945750,2315250,4.193,7.927,1434.952,0.000,509.301,297.734
cube_d4_k105,1,1,2315250,2315250,888446,2013.627,483.109,1179.036,0.000,248.271,124.404
cube_d4_k105,1,2,888446,888446,373844,771.154,184.174,464.727,0.000,92.783,52.272
cube_d4_k105,1,3,373844,373844,121386,328.180,79.131,195.870,0.000,28.216,19.391
cube_d4_k105,1,4,121386,121386,32768,105.630,21.143,42.311,0.000,8.975,6.189
cube_d4_k105,1,5,32768,32768,8192,26.394,2.601,9.469,0.000,2.194,1.202
cube_d4_k105,1,6,8192,8192,2048,5.435,0.511,1.751,0.000,0.551,0.303
cube_d4_k105,1,7,2048,2048,512,1.118,0.114,0.408,0.000,0.125,0.077
cube_d4_k105,1,8,512,512,128,0.278,0.026,0.105,0.000,0.035,0.020
cube_d4_k105,1,9,128,128,32,0.069,0.008,0.028,0.000,0.010,0.006
cube_d4_k105,1,10,32,32,8,0.019,0.003,0.011,0.000,0.004,0.002
cube_d4_k105,1,11,8,8,2,0.006,0.001,0.006,0.000,0.003,0.001
cube_d4_k105,1,12,2,0,0,0.002,0.001,0.000,,,
cube_d4_k105,1,0,210,6945750,2315250,4.038,7.918,1436.923,0.000,510.411,297.809
cube_d4_k105,1,1,2315250,2315250,888446,2029.985,490.816,1180.234,0.000,251.094,125.112
cube_d4_k105,1,2,888446,888446,373844,778.891,189.616,466.011,0.000,93.171,52.046
cube_d4_k105,1,3,373844,373844,121386,330.326,81.020,196.867,0.000,29.161,19.368
cube_d4_k105,1,4,121386,121386,32768,106.169,21.317,42.475,0.000,8.979,6.232
cube_d4_k105,1,5,32768,32768,8192,26.554,2.698,9.625,0.000,2.237,1.279
cube_d4_k105,1,6,8192,8192,2048,5.517,0.515,1.787,0.000,0.580,0.297
cube_d4_k105,1,7,2048,2048,512,1.170,0.122,0.406,0.000,0.127,0.077
cube_d4_k105,1,8,512,512,128,0.278,0.026,0.101,0.000,0.033,0.020
cube_d4_k105,1,9,128,128,32,0.070,0.008,0.028,0.000,0.010,0.006
cube_d4_k105,1,10,32,32,8,0.019,0.003,0.011,0.000,0.004,0.002
cube_d4_k105,1,11,8,8,2,0.006,0.001,0.006,0.000,0.003,0.001
cube_d4_k105,1,12,2,0,0,0.002,0.001,0.000,,,
cube_d4_k105,1,0,210,6945750,2315250,4.192,7.887,1433.651,0.000,508.696,296.913
cube_d4_k105,1,1,2315250,2315250,888446,2029.335,487.380,1181.469,0.000,249.009,124.938
cube_d4_k105,1,2,888446,888446,373844,776.752,187.935,465.311,0.000,93.079,51.923
cube_d4_k105,1,3,373844,373844,121386,329.496,80.242,195.635,0.000,28.429,19.162
cube_d4_k105,1,4,121386,121386,32768,105.698,20.976,41.908,0.000,8.710,6.091
cube_d4_k105,1,5,32768,32768,8192,26.501,2.732,9.659,0.000,2.334,1.194
cube_d4_k105,1,6,8192,8192,2048,5.453,0.512,1.751,0.000,0.503,0.346
cube_d4_k105,1,7,2048,2048,512,1.157,0.109,0.400,0.000,0.124,0.076
cube_d4_k105,1,8,512,512,128,0.275,0.027,0.111,0.000,0.037,0.020
cube_d4_k105,1,9,128,128,32,0.069,0.008,0.028,0.000,0.010,0.006
cube_d4_k105,1,10,32,32,8,0.019,0.003,0.011,0.000,0.005,0.002
cube_d4_k105,1,11,8,8,2,0.006,0.001,0.006,0.000,0.003,0.001
cube_d4_k105,1,12,2,0,0,0.002,0.001,0.000,,,
cube_d4_k105,1,0,210,6945750,2315250,4.261,7.910,1433.982,0.000,509.902,297.536
cube_d4_k105,1,1,2315250,2315250,888446,2023.517,488.999,1182.450,0.000,250.398,123.980
cube_d4_k105,1,2,888446,888446,373844,780.157,189.501,463.139,0.000,92.407,51.492
cube_d4_k105,1,3,373844,373844,121386,330.427,80.774,195.371,0.000,28.308,19.305
cube_d4_k105,1,4,121386,121386,32768,105.712,21.322,42.254,0.000,8.993,6.158
cube_d4_k105,1,5,32768,32768,8192,26.586,2.787,9.473,0.000,2.174,1.185
cube_d4_k105,1,6,8192,8192,2048,5.490,0.511,1.745,0.000,0.527,0.307
cube_d4_k105,1,7,2048,2048,512,1.148,0.108,0.398,0.000,0.124,0.076
cube_d4_k105,1,8,512,512,128,0.276,0.026,0.102,0.000,0.033,0.020
cube_d4_k105,1,9,128,128,32,0.070,0.008,0.028,0.000,0.010,0.006
cube_d4_k105,1,10,32,32,8,0.019,0.003,0.011,0.000,0.005,0.002
cube_d4_k105,1,11,8,8,2,0.006,0.001,0.005,0.000,0.003,0.001
cube_d4_k105,1,12,2,0,0,0.002,0.001,0.000,,,
cube_d4_k105,2,0,210,6945750,2315250,7.840,10.231,850.531,0.000,265.894,270.240
cube_d4_k105,2,1,2315250,2315250,888446,953.901,190.326,623.961,0.000,102.441,100.807
cube_d4_k105,2,2,888446,888446,373844,375.707,81.557,259.305,0.000,42.985,42.576
cube_d4_k105,2,3,373844,373844,121386,172.080,37.282,117.198,0.000,14.103,15.362
cube_d4_k105,2,4,121386,121386,32768,53.990,10.396,32.868,0.000,7.356,5.063
cube_d4_k105,2,5,32768,32768,8192,15.068,2.028,8.005,0.000,2.011,1.169
cube_d4_k105,2,6,8192,8192,2048,3.720,0.715,1.779,0.000,0.514,0.313
cube_d4_k105,2,7,2048,2048,512,0.919,0.338,0.469,0.000,0.140,0.082
cube_d4_k105,2,8,512,512,128,0.253,0.046,0.130,0.000,0.049,0.030
cube_d4_k105,2,9,128,128,32,0.064,0.013,0.041,0.000,0.018,0.007
cube_d4_k105,2,10,32,32,8,0.018,0.003,0.011,0.000,0.004,0.002
cube_d4_k105,2,11,8,8,2,0.004,0.002,0.005,0.000,0.003,0.001
cube_d4_k105,2,12,2,0,0,0.002,0.001,0.000,,,
cube_d4_k105,2,0,210,6945750,2315250,2.951,5.273,947.635,0.000,250.664,268.450
cube_d4_k105,2,1,2315250,2315250,888446,1159.763,257.343,663.766,0.000,123.930,99.429
cube_d4_k105,2,2,888446,888446,373844,440.168,99.556,265.419,0.000,47.236,42.055
cube_d4_k105,2,3,373844,373844,121386,187.956,42.422,116.058,0.000,13.931,15.096
cube_d4_k105,2,4,121386,121386,32768,55.809,10.199,32.817,0.000,7.472,4.897
cube_d4_k105,2,5,32768,32768,8192,14.895,1.640,8.055,0.000,1.972,1.211
cube_d4_k105,2,6,8192,8192,2048,3.905,0.600,1.854,0.000,0.518,0.314
cube_d4_k105,2,7,2048,2048,512,0.923,0.183,0.493,0.000,0.143,0.083
cube_d4_k105,2,8,512,512,128,0.251,0.115,0.134,0.000,0.049,0.030
cube_d4_k105,2,9,128,128,32,0.073,0.013,0.035,0.000,0.013,0.007
cube_d4_k105,2,10,32,32,8,0.018,0.006,0.011,0.000,0.005,0.002
cube_d4_k105,2,11,8,8,2,0.007,0.002,0.006,0.000,0.003,0.001
cube_d4_k105,2,12,2,0,0,0.002,0.001,0.000,,,
cube_d4_k105,2,0,210,6945750,2315250,2.754,5.264,892.858,0.000,251.998,269.313
cube_d4_k105,2,1,2315250,2315250,888446,1153.997,263.997,659.172,0.000,123.621,99.575
cube_d4_k105,2,2,888446,888446,373844,442.012,103.207,263.752,0.000,46.993,41.958
cube_d4_k105,2,3,373844,373844,121386,188.790,42.379,115.698,0.000,13.974,14.898
cube_d4_k105,2,4,121386,121386,32768,56.265,10.596,32.159,0.000,7.175,4.910
cube_d4_k105,2,5,32768,32768,8192,15.150,1.884,8.097,0.000,1.974,1.359
cube_d4_k105,2,6,8192,8192,2048,3.978,0.682,1.790,0.000,0.499,0.329
cube_d4_k105,2,7,2048,2048,512,0.919,0.211,0.481,0.000,0.145,0.083
cube_d4_k105,2,8,512,512,128,0.268,0.049,0.133,0.000,0.047,0.030
cube_d4_k105,2,9,128,128,32,0.071,0.014,0.052,0.000,0.013,0.010
cube_d4_k105,2,10,32,32,8,0.023,0.003,0.013,0.000,0.005,0.002
cube_d4_k105,2,11,8,8,2,0.006,0.001,0.006,0.000,0.003,0.001
cube_d4_k105,2,12,2,0,0,0.002,0.001,0.000,,,
cube_d4_k105,2,0,210,6945750,2315250,2.957,5.268,908.449,0.000,252.896,269.366
cube_d4_k105,2,1,2315250,2315250,888446,1162.840,273.044,663.590,0.000,124.174,100.050
cube_d4_k105,2,2,888446,888446,373844,445.922,105.090,264.721,0.000,47.238,42.059
cube_d4_k105,2,3,373844,373844,121386,189.558,42.647,116.070,0.000,13.906,14.967
cube_d4_k105,2,4,121386,121386,32768,56.203,9.971,33.000,0.000,7.434,4.990
cube_d4_k105,2,5,32768,32768,8192,15.027,1.913,7.855,0.000,1.906,1.187
cube_d4_k105,2,6,8192,8192,2048,3.937,0.736,1.790,0.000,0.518,0.305
cube_d4_k105,2,7,2048,2048,512,0.923,0.209,0.474,0.000,0.144,0.080
cube_d4_k105,2,8,512,512,128,0.262,0.111,0.149,0.000,0.056,0.030
cube_d4_k105,2,9,128,128,32,0.071,0.014,0.035,0.000,0.014,0.007
cube_d4_k105,2,10,32,32,8,0.024,0.003,0.011,0.000,0.004,0.002
cube_d4_k105,2,11,8,8,2,0.007,0.002,0.005,0.000,0.003,0.001
cube_d4_k105,2,12,2,0,0,0.002,0.001,0.000,,,
cube_d4_k105,2,0,210,6945750,2315250,2.568,5.268,909.036,0.000,250.829,269.977
cube_d4_k105,2,1,2315250,2315250,888446,1167.778,276.686,665.903,0.000,124.941,100.237
cube_d4_k105,2,2,888446,888446,373844,448.316,106.697,265.169,0.000,47.491,42.314
cube_d4_k105,2,3,373844,373844,121386,190.551,43.293,116.258,0.000,14.249,14.829
cube_d4_k105,2,4,121386,121386,32768,56.373,10.030,31.985,0.000,6.950,4.823
cube_d4_k105,2,5,32768,32768,8192,14.994,1.672,7.812,0.000,1.927,1.186
cube_d4_k105,2,6,8192,8192,2048,3.809,0.791,1.808,0.000,0.519,0.326
cube_d4_k105,2,7,2048,2048,512,0.978,0.263,0.508,0.000,0.163,0.088
cube_d4_k105,2,8,512,512,128,0.250,0.115,0.130,0.000,0.045,0.030
cube_d4_k105,2,9,128,128,32,0.074,0.014,0.037,0.000,0.013,0.007
cube_d4_k105,2,10,32,32,8,0.023,0.003,0.011,0.000,0.004,0.002
cube_d4_k105,2,11,8,8,2,0.005,0.001,0.005,0.000,0.003,0.001
cube_d4_k105,2,12,2,0,0,0.002,0.001,0.000,,,
cube_d4_k105,2,0,210,6945750,2315250,2.754,5.279,928.804,0.000,252.630,269.922
cube_d4_k105,2,1,2315250,2315250,888446,1168.329,278.703,664.700,0.000,125.132,99.856
cube_d4_k105,2,2,888446,888446,373844,447.126,107.412,266.834,0.000,47.285,42.251
cube_d4_k105,2,3,373844,373844,121386,191.339,43.606,116.255,0.000,14.171,14.846
cube_d4_k105,2,4,121386,121386,32768,56.287,10.524,32.854,0.000,7.320,5.059
cube_d4_k105,2,5,32768,32768,8192,15.029,1.643,8.116,0.000,2.052,1.287
cube_d4_k105,2,6,8192,8192,2048,3.927,0.607,1.789,0.000,0.503,0.315
cube_d4_k105,2,7,2048,2048,512,0.985,0.257,0.466,0.000,0.142,0.084
cube_d4_k105,2,8,512,512,128,0.278,0.051,0.131,0.000,0.047,0.030
cube_d4_k105,2,9,128,128,32,0.073,0.014,0.036,0.000,0.013,0.007
cube_d4_k105,2,10,32,32,8,0.023,0.003,0.011,0.000,0.004,0.002
cube_d4_k105,2,11,8,8,2,0.010,0.002,0.005,0.000,0.003,0.001
cube_d4_k105,2,12,2,0,0,0.002,0.001,0.000,,,
cube_d4_k105,4,0,210,6945750,2315250,6.020,6.987,462.400,0.000,136.440,158.289
cube_d4_k105,4,1,2315250,2315250,888446,490.012,105.391,341.078,0.000,55.397,56.095
cube_d4_k105,4,2,888446,888446,373844,219.301,49.054,144.955,0.000,24.747,24.535
cube_d4_k105,4,3,373844,373844,121386,98.247,21.721,60.956,0.000,7.836,9.090
cube_d4_k105,4,4,121386,121386,32768,32.299,6.870,22.570,0.000,5.896,2.508
cube_d4_k105,4,5,32768,32768,8192,9.090,1.767,5.759,0.000,1.896,0.680
cube_d4_k105,4,6,8192,8192,2048,2.667,0.578,1.577,0.000,0.484,0.191
cube_d4_k105,4,7,2048,2048,512,0.671,0.217,0.443,0.000,0.156,0.059
cube_d4_k105,4,8,512,512,128,0.194,0.081,0.155,0.000,0.056,0.030
cube_d4_k105,4,9,128,128,32,0.072,0.018,0.046,0.000,0.018,0.009
cube_d4_k105,4,10,32,32,8,0.021,0.004,0.013,0.000,0.006,0.002
cube_d4_k105,4,11,8,8,2,0.005,0.002,0.005,0.000,0.003,0.001
cube_d4_k105,4,12,2,0,0,0.002,0.001,0.000,,,
cube_d4_k105,4,0,210,6945750,2315250,1.553,2.632,507.232,0.000,126.744,153.713
cube_d4_k105,4,1,2315250,2315250,888446,600.982,139.595,356.661,0.000,63.364,57.173
cube_d4_k105,4,2,888446,888446,373844,234.091,54.156,146.613,0.000,25.353,24.593
cube_d4_k105,4,3,373844,373844,121386,98.884,20.284,61.185,0.000,7.756,8.834
cube_d4_k105,4,4,121386,121386,32768,32.214,5.619,23.307,0.000,6.268,2.595
cube_d4_k105,4,5,32768,32768,8192,9.088,1.799,5.747,0.000,1.835,0.685
cube_d4_k105,4,6,8192,8192,2048,2.580,0.611,1.616,0.000,0.485,0.190
cube_d4_k105,4,7,2048,2048,512,0.647,0.250,0.452,0.000,0.148,0.061
cube_d4_k105,4,8,512,512,128,0.198,0.065,0.139,0.000,0.049,0.032
cube_d4_k105,4,9,128,128,32,0.072,0.020,0.039,0.000,0.013,0.007
cube_d4_k105,4,10,32,32,8,0.031,0.006,0.013,0.000,0.005,0.002
cube_d4_k105,4,11,8,8,2,0.006,0.002,0.006,0.000,0.003,0.001
cube_d4_k105,4,12,2,0,0,0.002,0.001,0.000,,,
cube_d4_k105,4,0,210,6945750,2315250,1.734,2.607,481.859,0.000,126.401,154.202
cube_d4_k105,4,1,2315250,2315250,888446,614.238,146.177,357.603,0.000,64.718,57.644
cube_d4_k105,4,2,888446,888446,373844,236.547,56.849,146.583,0.000,25.845,24.505
cube_d4_k105,4,3,373844,373844,121386,99.032,21.516,63.541,0.000,8.165,8.967
cube_d4_k105,4,4,121386,121386,32768,31.604,5.910,23.456,0.000,6.173,2.563
cube_d4_k105,4,5,32768,32768,8192,9.087,1.788,5.828,0.000,1.873,0.681
cube_d4_k105,4,6,8192,8192,2048,2.639,0.554,1.576,0.000,0.501,0.197
cube_d4_k105,4,7,2048,2048,512,0.742,0.158,0.443,0.000,0.152,0.063
cube_d4_k105,4,8,512,512,128,0.210,0.088,0.141,0.000,0.046,0.034
cube_d4_k105,4,9,128,128,32,0.069,0.017,0.038,0.000,0.014,0.007
cube_d4_k105,4,10,32,32,8,0.021,0.016,0.019,0.000,0.005,0.003
cube_d4_k105,4,11,8,8,2,0.008,0.002,0.005,0.000,0.003,0.001
cube_d4_k105,4,12,2,0,0,0.002,0.001,0.000,,,
cube_d4_k105,4,0,210,6945750,2315250,1.493,2.550,506.529,0.000,126.985,155.866
cube_d4_k105,4,1,2315250,2315250,888446,620.302,149.342,358.811,0.000,64.561,57.402
cube_d4_k105,4,2,888446,888446,373844,241.183,56.681,147.786,0.000,25.478,24.471
cube_d4_k105,4,3,373844,373844,121386,98.981,23.252,63.248,0.000,7.977,8.796
cube_d4_k105,4,4,121386,121386,32768,31.566,6.801,22.246,0.000,6.181,2.552
cube_d4_k105,4,5,32768,32768,8192,8.816,1.826,5.762,0.000,1.866,0.688
cube_d4_k105,4,6,8192,8192,2048,2.625,0.626,1.565,0.000,0.463,0.188
cube_d4_k105,4,7,2048,2048,512,0.671,0.182,0.480,0.000,0.152,0.067
cube_d4_k105,4,8,512,512,128,0.203,0.125,0.152,0.000,0.050,0.034
cube_d4_k105,4,9,128,128,32,0.075,0.017,0.041,0.000,0.016,0.008
cube_d4_k105,4,10,32,32,8,0.024,0.003,0.011,0.000,0.004,0.002
cube_d4_k105,4,11,8,8,2,0.006,0.001,0.006,0.000,0.003,0.001
cube_d4_k105,4,12,2,0,0,0.002,0.001,0.000,,,
cube_d4_k105,4,0,210,6945750,2315250,1.524,2.562,501.752,0.000,126.681,152.490
cube_d4_k105,4,1,2315250,2315250,888446,667.466,162.752,395.485,0.000,66.722,59.030
cube_d4_k105,4,2,888446,888446,373844,260.947,59.585,158.386,0.000,26.143,22.978
cube_d4_k105,4,3,373844,373844,121386,106.971,23.652,67.315,0.000,8.118,9.249
cube_d4_k105,4,4,121386,121386,32768,33.731,6.221,24.343,0.000,6.413,2.642
cube_d4_k105,4,5,32768,32768,8192,9.868,1.853,6.160,0.000,1.967,0.699
cube_d4_k105,4,6,8192,8192,2048,2.834,0.660,1.710,0.000,0.484,0.207
cube_d4_k105,4,7,2048,2048,512,0.711,0.270,0.490,0.000,0.155,0.068
cube_d4_k105,4,8,512,512,128,0.235,0.126,0.148,0.000,0.045,0.039
cube_d4_k105,4,9,128,128,32,0.076,0.026,0.059,0.000,0.020,0.013
cube_d4_k105,4,10,32,32,8,0.028,0.003,0.014,0.000,0.005,0.003
cube_d4_k105,4,11,8,8,2,0.010,0.003,0.006,0.000,0.003,0.001
cube_d4_k105,4,12,2,0,0,0.002,0.001,0.000,,,
cube_d4_k105,4,0,210,6945750,2315250,1.528,2.530,564.376,0.000,126.552,163.635
cube_d4_k105,4,1,2315250,2315250,888446,686.653,160.602,394.414,0.000,67.141,58.473
cube_d4_k105,4,2,888446,888446,373844,262.186,59.238,159.681,0.000,25.916,23.466
cube_d4_k105,4,3,373844,373844,121386,104.211,24.163,68.422,0.000,8.054,9.123
cube_d4_k105,4,4,121386,121386,32768,34.464,6.833,24.114,0.000,6.018,2.695
cube_d4_k105,4,5,32768,32768,8192,9.795,1.767,6.022,0.000,2.014,0.746
cube_d4_k105,4,6,8192,8192,2048,2.787,0.605,1.725,0.000,0.513,0.205
cube_d4_k105,4,7,2048,2048,512,0.779,0.202,0.519,0.000,0.157,0.065
cube_d4_k105,4,8,512,512,128,0.253,0.072,0.176,0.000,0.063,0.025
cube_d4_k105,4,9,128,128,32,0.084,0.025,0.049,0.000,0.015,0.011
cube_d4_k105,4,10,32,32,8,0.023,0.011,0.023,0.000,0.005,0.003
cube_d4_k105,4,11,8,8,2,0.008,0.002,0.006,0.000,0.003,0.001
cube_d4_k105,4,12,2,0,0,0.002,0.001,0.000,,,
cube_d4_k105,8,0,210,6945750,2315250,5.634,6.444,243.795,0.000,75.496,76.412
cube_d4_k105,8,1,2315250,2315250,888446,268.000,54.826,163.489,0.000,29.690,29.045
cube_d4_k105,8,2,888446,888446,373844,116.833,25.254,69.345,0.000,13.163,12.749
cube_d4_k105,8,3,373844,373844,121386,52.531,11.779,31.666,0.000,4.562,4.085
cube_d4_k105,8,4,121386,121386,32768,15.902,3.410,13.472,0.000,5.325,1.312
cube_d4_k105,8,5,32768,32768,8192,4.641,0.990,3.910,0.000,1.735,0.392
cube_d4_k105,8,6,8192,8192,2048,1.623,0.457,1.192,0.000,0.453,0.122
cube_d4_k105,8,7,2048,2048,512,0.466,0.129,0.354,0.000,0.133,0.054
cube_d4_k105,8,8,512,512,128,0.168,0.058,0.135,0.000,0.051,0.036
cube_d4_k105,8,9,128,128,32,0.067,0.020,0.053,0.000,0.015,0.011
cube_d4_k105,8,10,32,32,8,0.018,0.015,0.012,0.000,0.005,0.002
cube_d4_k105,8,11,8,8,2,0.007,0.002,0.006,0.000,0.003,0.001
cube_d4_k105,8,12,2,0,0,0.002,0.001,0.000,,,
cube_d4_k105,8,0,210,6945750,2315250,1.251,1.838,261.530,0.000,66.530,74.872
cube_d4_k105,8,1,2315250,2315250,888446,313.509,69.201,171.908,0.000,33.396,29.285
cube_d4_k105,8,2,888446,888446,373844,124.298,27.545,69.648,0.000,13.224,12.476
cube_d4_k105,8,3,373844,373844,121386,51.431,11.623,31.535,0.000,4.375,4.242
cube_d4_k105,8,4,121386,121386,32768,15.871,3.379,13.920,0.000,5.875,1.300
cube_d4_k105,8,5,32768,32768,8192,4.394,0.990,3.905,0.000,1.647,0.390
cube_d4_k105,8,6,8192,8192,2048,1.595,0.463,1.256,0.000,0.444,0.198
cube_d4_k105,8,7,2048,2048,512,0.480,0.145,0.355,0.000,0.133,0.055
cube_d4_k105,8,8,512,512,128,0.172,0.056,0.133,0.000,0.045,0.040
cube_d4_k105,8,9,128,128,32,0.070,0.020,0.055,0.000,0.015,0.010
cube_d4_k105,8,10,32,32,8,0.017,0.009,0.027,0.000,0.013,0.003
cube_d4_k105,8,11,8,8,2,0.008,0.002,0.006,0.000,0.003,0.001
cube_d4_k105,8,12,2,0,0,0.002,0.001,0.000,,,
cube_d4_k105,8,0,210,6945750,2315250,1.093,2.181,263.051,0.000,66.191,82.382
cube_d4_k105,8,1,2315250,2315250,888446,314.217,70.796,174.050,0.000,33.821,29.315
cube_d4_k105,8,2,888446,888446,373844,124.608,27.776,70.063,0.000,13.397,12.768
cube_d4_k105,8,3,373844,373844,121386,51.871,12.021,32.377,0.000,4.746,4.100
cube_d4_k105,8,4,121386,121386,32768,15.818,3.501,13.592,0.000,5.444,1.330
cube_d4_k105,8,5,32768,32768,8192,4.349,0.996,4.002,0.000,1.788,0.414
cube_d4_k105,8,6,8192,8192,2048,1.604,0.456,1.181,0.000,0.424,0.122
cube_d4_k105,8,7,2048,2048,512,0.483,0.143,0.330,0.000,0.122,0.043
cube_d4_k105,8,8,512,512,128,0.174,0.068,0.114,0.000,0.041,0.027
cube_d4_k105,8,9,128,128,32,0.074,0.023,0.055,0.000,0.015,0.012
cube_d4_k105,8,10,32,32,8,0.021,0.010,0.020,0.000,0.006,0.003
cube_d4_k105,8,11,8,8,2,0.009,0.003,0.006,0.000,0.003,0.001
cube_d4_k105,8,12,2,0,0,0.002,0.001,0.000,,,
cube_d4_k105,8,0,210,6945750,2315250,1.306,1.813,271.774,0.000,66.669,81.673
cube_d4_k105,8,1,2315250,2315250,888446,315.370,71.139,173.149,0.000,33.457,29.492
cube_d4_k105,8,2,888446,888446,373844,125.330,27.676,69.826,0.000,13.325,12.789
cube_d4_k105,8,3,373844,373844,121386,51.560,11.919,31.781,0.000,4.600,4.098
cube_d4_k105,8,4,121386,121386,32768,15.867,3.411,14.299,0.000,5.780,1.315
cube_d4_k105,8,5,32768,32768,8192,4.496,0.971,3.815,0.000,1.641,0.409
cube_d4_k105,8,6,8192,8192,2048,1.591,0.457,1.195,0.000,0.425,0.121
cube_d4_k105,8,7,2048,2048,512,0.462,0.137,0.336,0.000,0.128,0.046
cube_d4_k105,8,8,512,512,128,0.178,0.082,0.119,0.000,0.042,0.031
cube_d4_k105,8,9,128,128,32,0.073,0.018,0.052,0.000,0.014,0.010
cube_d4_k105,8,10,32,32,8,0.017,0.010,0.017,0.000,0.005,0.003
cube_d4_k105,8,11,8,8,2,0.008,0.002,0.006,0.000,0.003,0.001
cube_d4_k105,8,12,2,0,0,0.002,0.001,0.000,,,
cube_d4_k105,8,0,210,6945750,2315250,1.120,2.172,268.707,0.000,67.017,80.808
cube_d4_k105,8,1,2315250,2315250,888446,315.695,71.411,174.108,0.000,33.752,29.683
cube_d4_k105,8,2,888446,888446,373844,132.596,28.526,71.501,0.000,13.483,12.827
cube_d4_k105,8,3,373844,373844,121386,50.647,11.854,32.262,0.000,4.490,4.235
cube_d4_k105,8,4,121386,121386,32768,15.886,3.418,13.970,0.000,5.803,1.369
cube_d4_k105,8,5,32768,32768,8192,4.368,0.957,3.933,0.000,1.649,0.413
cube_d4_k105,8,6,8192,8192,2048,1.608,0.468,1.153,0.000,0.427,0.126
cube_d4_k105,8,7,2048,2048,512,0.453,0.144,0.339,0.000,0.125,0.046
cube_d4_k105,8,8,512,512,128,0.160,0.069,0.152,0.000,0.048,0.036
cube_d4_k105,8,9,128,128,32,0.072,0.020,0.054,0.000,0.016,0.011
cube_d4_k105,8,10,32,32,8,0.019,0.010,0.021,0.000,0.005,0.003
cube_d4_k105,8,11,8,8,2,0.007,0.002,0.006,0.000,0.003,0.001
cube_d4_k105,8,12,2,0,0,0.002,0.001,0.000,,,
cube_d4_k105,8,0,210,6945750,2315250,1.321,1.924,271.002,0.000,67.590,76.297
cube_d4_k105,8,1,2315250,2315250,888446,317.229,71.402,174.100,0.000,33.647,29.522
cube_d4_k105,8,2,888446,888446,373844,125.349,27.722,70.453,0.000,13.279,12.795
cube_d4_k105,8,3,373844,373844,121386,51.061,11.799,32.199,0.000,4.664,4.198
cube_d4_k105,8,4,121386,121386,32768,15.800,3.417,13.930,0.000,5.633,1.350
cube_d4_k105,8,5,32768,32768,8192,4.256,0.953,3.891,0.000,1.626,0.400
cube_d4_k105,8,6,8192,8192,2048,1.577,0.458,1.176,0.000,0.437,0.126
cube_d4_k105,8,7,2048,2048,512,0.484,0.140,0.358,0.000,0.145,0.046
cube_d4_k105,8,8,512,512,128,0.131,0.059,0.157,0.000,0.051,0.036
cube_d4_k105,8,9,128,128,32,0.068,0.021,0.053,0.000,0.015,0.013
cube_d4_k105,8,10,32,32,8,0.021,0.010,0.022,0.000,0.006,0.003
cube_d4_k105,8,11,8,8,2,0.008,0.002,0.006,0.000,0.003,0.001
cube_d4_k105,8,12,2,0,0,0.002,0.001,0.000,,,
cube_d4_k105,16,0,210,6945750,2315250,5.937,6.698,142.583,0.000,49.368,39.523
cube_d4_k105,16,1,2315250,2315250,888446,151.646,30.019,89.503,0.000,19.059,17.156
cube_d4_k105,16,2,888446,888446,373844,61.711,14.045,40.498,0.000,8.043,8.236
cube_d4_k105,16,3,373844,373844,121386,27.347,6.263,16.270,0.000,2.489,2.258
cube_d4_k105,16,4,121386,121386,32768,9.118,2.100,10.986,0.000,5.676,1.073
cube_d4_k105,16,5,32768,32768,8192,2.741,0.667,3.223,0.000,1.708,0.285
cube_d4_k105,16,6,8192,8192,2048,1.393,0.381,1.021,0.000,0.444,0.097
cube_d4_k105,16,7,2048,2048,512,0.354,0.146,0.319,0.000,0.125,0.047
cube_d4_k105,16,8,512,512,128,0.133,0.054,0.118,0.000,0.042,0.025
cube_d4_k105,16,9,128,128,32,0.050,0.023,0.055,0.000,0.016,0.012
cube_d4_k105,16,10,32,32,8,0.021,0.008,0.020,0.000,0.006,0.003
cube_d4_k105,16,11,8,8,2,0.007,0.002,0.006,0.000,0.003,0.001
cube_d4_k105,16,12,2,0,0,0.002,0.001,0.000,,,
cube_d4_k105,16,0,210,6945750,2315250,0.657,1.598,144.606,0.000,37.141,41.766
cube_d4_k105,16,1,2315250,2315250,888446,168.170,36.711,90.142,0.000,18.566,17.039
cube_d4_k105,16,2,888446,888446,373844,62.848,15.598,38.745,0.000,7.565,7.106
cube_d4_k105,16,3,373844,373844,121386,29.199,5.895,16.583,0.000,2.535,2.214
cube_d4_k105,16,4,121386,121386,32768,8.834,2.036,10.762,0.000,5.826,0.841
cube_d4_k105,16,5,32768,32768,8192,2.853,0.659,3.270,0.000,1.769,0.285
cube_d4_k105,16,6,8192,8192,2048,1.323,0.378,1.011,0.000,0.444,0.096
cube_d4_k105,16,7,2048,2048,512,0.321,0.161,0.311,0.000,0.119,0.041
cube_d4_k105,16,8,512,512,128,0.124,0.050,0.117,0.000,0.040,0.025
cube_d4_k105,16,9,128,128,32,0.054,0.023,0.052,0.000,0.016,0.012
cube_d4_k105,16,10,32,32,8,0.020,0.009,0.021,0.000,0.007,0.003
cube_d4_k105,16,11,8,8,2,0.009,0.003,0.005,0.000,0.003,0.001
cube_d4_k105,16,12,2,0,0,0.002,0.001,0.000,,,
cube_d4_k105,16,0,210,6945750,2315250,0.632,1.539,142.785,0.000,36.873,41.131
cube_d4_k105,16,1,2315250,2315250,888446,172.458,37.521,90.834,0.000,18.813,16.954
cube_d4_k105,16,2,888446,888446,373844,69.522,15.130,38.995,0.000,7.691,7.156
cube_d4_k105,16,3,373844,373844,121386,28.961,6.285,16.413,0.000,2.456,2.237
cube_d4_k105,16,4,121386,121386,32768,8.772,1.970,10.950,0.000,5.503,1.060
cube_d4_k105,16,5,32768,32768,8192,2.664,0.664,3.183,0.000,1.676,0.296
cube_d4_k105,16,6,8192,8192,2048,1.331,0.362,1.017,0.000,0.438,0.107
cube_d4_k105,16,7,2048,2048,512,0.399,0.155,0.314,0.000,0.120,0.043
cube_d4_k105,16,8,512,512,128,0.119,0.054,0.117,0.000,0.037,0.029
cube_d4_k105,16,9,128,128,32,0.050,0.023,0.054,0.000,0.016,0.013
cube_d4_k105,16,10,32,32,8,0.022,0.008,0.020,0.000,0.006,0.003
cube_d4_k105,16,11,8,8,2,0.008,0.002,0.006,0.000,0.003,0.001
cube_d4_k105,16,12,2,0,0,0.002,0.001,0.000,,,
cube_d4_k105,16,0,210,6945750,2315250,0.653,1.618,147.003,0.000,37.331,40.729
cube_d4_k105,16,1,2315250,2315250,888446,171.998,38.691,89.851,0.000,18.673,17.015
cube_d4_k105,16,2,888446,888446,373844,62.603,15.060,38.693,0.000,7.657,7.094
cube_d4_k105,16,3,373844,373844,121386,29.075,6.160,16.628,0.000,2.517,2.271
cube_d4_k105,16,4,121386,121386,32768,8.694,2.118,11.469,0.000,6.187,1.080
cube_d4_k105,16,5,32768,32768,8192,2.868,0.671,3.212,0.000,1.705,0.289
cube_d4_k105,16,6,8192,8192,2048,1.392,0.369,1.017,0.000,0.434,0.102
cube_d4_k105,16,7,2048,2048,512,0.377,0.158,0.322,0.000,0.118,0.042
cube_d4_k105,16,8,512,512,128,0.114,0.054,0.120,0.000,0.043,0.027
cube_d4_k105,16,9,128,128,32,0.050,0.023,0.055,0.000,0.016,0.014
cube_d4_k105,16,10,32,32,8,0.024,0.009,0.021,0.000,0.006,0.003
cube_d4_k105,16,11,8,8,2,0.010,0.002,0.005,0.000,0.003,0.001
cube_d4_k105,16,12,2,0,0,0.002,0.001,0.000,,,
cube_d4_k105,16,0,210,6945750,2315250,0.665,1.635,145.604,0.000,37.655,41.043
cube_d4_k105,16,1,2315250,2315250,888446,174.367,37.322,89.787,0.000,18.860,16.660
cube_d4_k105,16,2,888446,888446,373844,62.234,14.368,38.947,0.000,7.752,7.140
cube_d4_k105,16,3,373844,373844,121386,25.913,6.343,16.659,0.000,2.545,2.267
cube_d4_k105,16,4,121386,121386,32768,8.659,2.114,11.032,0.000,5.597,1.066
cube_d4_k105,16,5,32768,32768,8192,2.672,0.655,3.233,0.000,1.713,0.304
cube_d4_k105,16,6,8192,8192,2048,1.331,0.366,1.010,0.000,0.436,0.093
cube_d4_k105,16,7,2048,2048,512,0.352,0.141,0.307,0.000,0.119,0.041
cube_d4_k105,16,8,512,512,128,0.118,0.052,0.116,0.000,0.041,0.024
cube_d4_k105,16,9,128,128,32,0.056,0.023,0.054,0.000,0.016,0.013
cube_d4_k105,16,10,32,32,8,0.023,0.009,0.021,0.000,0.007,0.004
cube_d4_k105,16,11,8,8,2,0.011,0.002,0.005,0.000,0.003,0.001
cube_d4_k105,16,12,2,0,0,0.002,0.001,0.000,,,
cube_d4_k105,16,0,210,6945750,2315250,0.637,1.522,148.381,0.000,37.784,41.250
cube_d4_k105,16,1,2315250,2315250,888446,173.975,37.411,90.181,0.000,19.088,17.147
cube_d4_k105,16,2,888446,888446,373844,62.729,15.745,38.185,0.000,7.676,7.207
cube_d4_k105,16,3,373844,373844,121386,28.763,6.374,16.589,0.000,2.553,2.230
cube_d4_k105,16,4,121386,121386,32768,8.627,2.010,11.757,0.000,6.344,1.090
cube_d4_k105,16,5,32768,32768,8192,2.664,0.673,3.181,0.000,1.687,0.283
cube_d4_k105,16,6,8192,8192,2048,1.330,0.364,1.022,0.000,0.443,0.095
cube_d4_k105,16,7,2048,2048,512,0.332,0.160,0.308,0.000,0.117,0.041
cube_d4_k105,16,8,512,512,128,0.112,0.052,0.110,0.000,0.040,0.021
cube_d4_k105,16,9,128,128,32,0.070,0.022,0.059,0.000,0.015,0.014
cube_d4_k105,16,10,32,32,8,0.021,0.009,0.020,0.000,0.006,0.003
cube_d4_k105,16,11,8,8,2,0.009,0.002,0.005,0.000,0.003,0.001
cube_d4_k105,16,12,2,0,0,0.002,0.001,0.000,,,
cube_d4_k105,32,0,210,6945750,2315250,5.274,6.925,98.639,0.000,39.579,22.899
cube_d4_k105,32,1,2315250,2315250,888446,80.177,18.799,59.299,0.000,15.928,10.465
cube_d4_k105,32,2,888446,888446,373844,33.865,8.700,25.189,0.000,5.896,5.905
cube_d4_k105,32,3,373844,373844,121386,15.330,3.549,9.912,0.000,1.925,1.303
cube_d4_k105,32,4,121386,121386,32768,5.153,1.220,8.814,0.000,6.092,0.482
cube_d4_k105,32,5,32768,32768,8192,1.472,0.471,2.537,0.000,1.644,0.191
cube_d4_k105,32,6,8192,8192,2048,0.978,0.346,0.824,0.000,0.419,0.071
cube_d4_k105,32,7,2048,2048,512,0.273,0.119,0.309,0.000,0.151,0.034
cube_d4_k105,32,8,512,512,128,0.093,0.048,0.107,0.000,0.039,0.021
cube_d4_k105,32,9,128,128,32,0.040,0.027,0.053,0.000,0.016,0.014
cube_d4_k105,32,10,32,32,8,0.028,0.006,0.019,0.000,0.005,0.003
cube_d4_k105,32,11,8,8,2,0.006,0.002,0.006,0.000,0.003,0.001
cube_d4_k105,32,12,2,0,0,0.002,0.001,0.000,,,
cube_d4_k105,32,0,210,6945750,2315250,0.757,1.655,87.158,0.000,23.725,21.385
cube_d4_k105,32,1,2315250,2315250,888446,81.678,20.094,51.059,0.000,11.233,9.586
cube_d4_k105,32,2,888446,888446,373844,34.020,8.465,22.784,0.000,4.949,3.686
cube_d4_k105,32,3,373844,373844,121386,15.341,3.608,9.787,0.000,1.887,1.329
cube_d4_k105,32,4,121386,121386,32768,4.975,1.267,9.521,0.000,6.538,0.538
cube_d4_k105,32,5,32768,32768,8192,1.704,0.428,2.528,0.000,1.616,0.188
cube_d4_k105,32,6,8192,8192,2048,1.005,0.309,0.864,0.000,0.448,0.069
cube_d4_k105,32,7,2048,2048,512,0.279,0.123,0.293,0.000,0.129,0.038
cube_d4_k105,32,8,512,512,128,0.092,0.053,0.110,0.000,0.038,0.022
cube_d4_k105,32,9,128,128,32,0.045,0.023,0.053,0.000,0.014,0.014
cube_d4_k105,32,10,32,32,8,0.019,0.006,0.021,0.000,0.006,0.003
cube_d4_k105,32,11,8,8,2,0.009,0.003,0.006,0.000,0.003,0.001
cube_d4_k105,32,12,2,0,0,0.002,0.001,0.000,,,
cube_d4_k105,32,0,210,6945750,2315250,0.815,1.761,85.211,0.000,24.762,21.004
cube_d4_k105,32,1,2315250,2315250,888446,83.044,20.812,52.354,0.000,11.505,9.115
cube_d4_k105,32,2,888446,888446,373844,34.758,8.592,22.138,0.000,5.046,3.612
cube_d4_k105,32,3,373844,373844,121386,15.512,3.968,10.240,0.000,1.863,1.321
cube_d4_k105,32,4,121386,121386,32768,4.958,1.225,9.023,0.000,6.202,0.547
cube_d4_k105,32,5,32768,32768,8192,1.658,0.432,2.565,0.000,1.653,0.190
cube_d4_k105,32,6,8192,8192,2048,0.971,0.313,0.877,0.000,0.447,0.074
cube_d4_k105,32,7,2048,2048,512,0.263,0.116,0.313,0.000,0.148,0.038
cube_d4_k105,32,8,512,512,128,0.095,0.049,0.105,0.000,0.037,0.020
cube_d4_k105,32,9,128,128,32,0.043,0.024,0.051,0.000,0.013,0.013
cube_d4_k105,32,10,32,32,8,0.024,0.007,0.020,0.000,0.005,0.003
cube_d4_k105,32,11,8,8,2,0.011,0.003,0.006,0.000,0.003,0.001
cube_d4_k105,32,12,2,0,0,0.002,0.001,0.000,,,
cube_d4_k105,32,0,210,6945750,2315250,0.807,1.800,89.733,0.000,24.886,20.649
cube_d4_k105,32,1,2315250,2315250,888446,87.535,21.068,52.473,0.000,11.456,8.971
cube_d4_k105,32,2,888446,888446,373844,35.205,8.615,22.129,0.000,4.918,3.662
cube_d4_k105,32,3,373844,373844,121386,15.704,3.789,9.871,0.000,1.886,1.310
cube_d4_k105,32,4,121386,121386,32768,5.101,1.407,9.286,0.000,6.218,0.761
cube_d4_k105,32,5,32768,32768,8192,1.469,0.447,2.572,0.000,1.656,0.190
cube_d4_k105,32,6,8192,8192,2048,0.995,0.324,0.860,0.000,0.422,0.076
cube_d4_k105,32,7,2048,2048,512,0.290,0.107,0.313,0.000,0.149,0.039
cube_d4_k105,32,8,512,512,128,0.089,0.057,0.115,0.000,0.042,0.024
cube_d4_k105,32,9,128,128,32,0.042,0.028,0.052,0.000,0.014,0.012
cube_d4_k105,32,10,32,32,8,0.021,0.007,0.024,0.000,0.006,0.003
cube_d4_k105,32,11,8,8,2,0.013,0.002,0.006,0.000,0.003,0.001
cube_d4_k105,32,12,2,0,0,0.002,0.001,0.000,,,
cube_d4_k105,32,0,210,6945750,2315250,0.746,1.741,88.142,0.000,25.047,20.841
cube_d4_k105,32,1,2315250,2315250,888446,86.522,21.249,53.211,0.000,11.758,8.960
cube_d4_k105,32,2,888446,888446,373844,35.224,8.714,22.372,0.000,4.975,3.637
cube_d4_k105,32,3,373844,373844,121386,15.761,3.682,10.015,0.000,1.851,1.386
cube_d4_k105,32,4,121386,121386,32768,5.054,1.475,9.563,0.000,6.541,0.565
cube_d4_k105,32,5,32768,32768,8192,1.707,0.442,2.589,0.000,1.663,0.194
cube_d4_k105,32,6,8192,8192,2048,0.999,0.351,0.882,0.000,0.439,0.075
cube_d4_k105,32,7,2048,2048,512,0.289,0.124,0.319,0.000,0.153,0.040
cube_d4_k105,32,8,512,512,128,0.094,0.057,0.113,0.000,0.037,0.026
cube_d4_k105,32,9,128,128,32,0.049,0.027,0.057,0.000,0.014,0.013
cube_d4_k105,32,10,32,32,8,0.022,0.007,0.020,0.000,0.006,0.003
cube_d4_k105,32,11,8,8,2,0.011,0.002,0.006,0.000,0.003,0.001
cube_d4_k105,32,12,2,0,0,0.002,0.001,0.000,,,
cube_d4_k105,32,0,210,6945750,2315250,0.774,1.831,89.390,0.000,24.833,20.502
cube_d4_k105,32,1,2315250,2315250,888446,89.447,21.412,52.443,0.000,11.714,8.896
cube_d4_k105,32,2,888446,888446,373844,35.410,8.669,22.113,0.000,4.984,3.626
cube_d4_k105,32,3,373844,373844,121386,15.873,3.804,10.055,0.000,1.927,1.324
cube_d4_k105,32,4,121386,121386,32768,5.139,1.266,9.243,0.000,6.228,0.564
cube_d4_k105,32,5,32768,32768,8192,1.459,0.454,2.565,0.000,1.637,0.198
cube_d4_k105,32,6,8192,8192,2048,1.036,0.362,1.123,0.000,0.473,0.079
cube_d4_k105,32,7,2048,2048,512,0.304,0.131,0.326,0.000,0.160,0.040
cube_d4_k105,32,8,512,512,128,0.103,0.059,0.305,0.000,0.042,0.023
cube_d4_k105,32,9,128,128,32,0.050,0.034,0.052,0.000,0.017,0.011
cube_d4_k105,32,10,32,32,8,0.025,0.013,0.022,0.000,0.011,0.003
cube_d4_k105,32,11,8,8,2,0.009,0.002,0.006,0.000,0.003,0.001
cube_d4_k105,32,12,2,0,0,0.002,0.001,0.000,,,
cube_d4_k105,64,0,210,6945750,2315250,5.221,6.004,98.810,0.000,43.861,15.992
cube_d4_k105,64,1,2315250,2315250,888446,50.950,12.775,47.141,0.000,20.527,7.613
cube_d4_k105,64,2,888446,888446,373844,22.523,5.434,18.646,0.000,6.138,4.604
cube_d4_k105,64,3,373844,373844,121386,9.844,2.368,6.204,0.000,1.426,0.812
cube_d4_k105,64,4,121386,121386,32768,3.028,1.029,8.169,0.000,6.505,0.331
cube_d4_k105,64,5,32768,32768,8192,0.992,0.332,2.168,0.000,1.572,0.138
cube_d4_k105,64,6,8192,8192,2048,0.975,0.357,0.763,0.000,0.398,0.058
cube_d4_k105,64,7,2048,2048,512,0.328,0.098,0.484,0.000,0.319,0.047
cube_d4_k105,64,8,512,512,128,0.093,0.049,0.108,0.000,0.040,0.024
cube_d4_k105,64,9,128,128,32,0.045,0.029,0.060,0.000,0.017,0.013
cube_d4_k105,64,10,32,32,8,0.027,0.007,0.026,0.000,0.006,0.003
cube_d4_k105,64,11,8,8,2,0.007,0.002,0.005,0.000,0.003,0.001
cube_d4_k105,64,12,2,0,0,0.002,0.001,0.000,,,
cube_d4_k105,64,0,210,6945750,2315250,0.756,1.548,62.511,0.000,19.351,12.853
cube_d4_k105,64,1,2315250,2315250,888446,44.862,11.632,30.268,0.000,7.799,4.993
cube_d4_k105,64,2,888446,888446,373844,20.655,5.351,13.531,0.000,3.511,2.046
cube_d4_k105,64,3,373844,373844,121386,9.740,2.373,6.209,0.000,1.466,0.822
cube_d4_k105,64,4,121386,121386,32768,3.081,0.873,7.817,0.000,6.087,0.351
cube_d4_k105,64,5,32768,32768,8192,0.991,0.363,2.225,0.000,1.613,0.145
cube_d4_k105,64,6,8192,8192,2048,0.967,0.318,0.774,0.000,0.433,0.055
cube_d4_k105,64,7,2048,2048,512,0.329,0.104,0.268,0.000,0.125,0.038
cube_d4_k105,64,8,512,512,128,0.087,0.056,0.122,0.000,0.042,0.026
cube_d4_k105,64,9,128,128,32,0.047,0.027,0.055,0.000,0.013,0.014
cube_d4_k105,64,10,32,32,8,0.021,0.006,0.021,0.000,0.006,0.003
cube_d4_k105,64,11,8,8,2,0.012,0.002,0.006,0.000,0.003,0.001
cube_d4_k105,64,12,2,0,0,0.002,0.001,0.000,,,
cube_d4_k105,64,0,210,6945750,2315250,0.768,1.670,64.835,0.000,19.499,11.922
cube_d4_k105,64,1,2315250,2315250,888446,48.416,11.971,30.803,0.000,8.014,5.163
cube_d4_k105,64,2,888446,888446,373844,21.115,5.686,14.203,0.000,3.648,2.364
cube_d4_k105,64,3,373844,373844,121386,9.948,2.399,6.089,0.000,1.343,0.856
cube_d4_k105,64,4,121386,121386,32768,3.069,0.938,8.043,0.000,6.311,0.355
cube_d4_k105,64,5,32768,32768,8192,0.964,0.368,2.246,0.000,1.634,0.138
cube_d4_k105,64,6,8192,8192,2048,0.959,0.301,0.761,0.000,0.421,0.061
cube_d4_k105,64,7,2048,2048,512,0.327,0.102,0.290,0.000,0.127,0.050
cube_d4_k105,64,8,512,512,128,0.092,0.057,0.110,0.000,0.042,0.025
cube_d4_k105,64,9,128,128,32,0.050,0.024,0.051,0.000,0.016,0.012
cube_d4_k105,64,10,32,32,8,0.025,0.007,0.015,0.000,0.006,0.002
cube_d4_k105,64,11,8,8,2,0.011,0.002,0.006,0.000,0.003,0.001
cube_d4_k105,64,12,2,0,0,0.002,0.001,0.000,,,
cube_d4_k105,64,0,210,6945750,2315250,0.796,1.738,66.769,0.000,19.878,11.792
cube_d4_k105,64,1,2315250,2315250,888446,46.297,12.148,32.006,0.000,8.110,4.995
cube_d4_k105,64,2,888446,888446,373844,21.271,5.490,14.179,0.000,3.730,2.125
cube_d4_k105,64,3,373844,373844,121386,10.007,2.444,6.233,0.000,1.448,0.828
cube_d4_k105,64,4,121386,121386,32768,3.050,0.877,7.851,0.000,6.005,0.359
cube_d4_k105,64,5,32768,32768,8192,0.964,0.362,2.223,0.000,1.601,0.143
cube_d4_k105,64,6,8192,8192,2048,0.930,0.317,0.814,0.000,0.444,0.066
cube_d4_k105,64,7,2048,2048,512,0.326,0.104,0.279,0.000,0.121,0.043
cube_d4_k105,64,8,512,512,128,0.087,0.053,0.109,0.000,0.037,0.029
cube_d4_k105,64,9,128,128,32,0.054,0.030,0.048,0.000,0.014,0.010
cube_d4_k105,64,10,32,32,8,0.028,0.010,0.021,0.000,0.006,0.003
cube_d4_k105,64,11,8,8,2,0.009,0.002,0.006,0.000,0.003,0.001
cube_d4_k105,64,12,2,0,0,0.002,0.001,0.000,,,
cube_d4_k105,64,0,210,6945750,2315250,0.823,1.710,67.312,0.000,20.046,12.035
cube_d4_k105,64,1,2315250,2315250,888446,51.051,12.243,31.633,0.000,8.298,5.319
cube_d4_k105,64,2,888446,888446,373844,21.462,6.148,13.882,0.000,3.609,2.075
cube_d4_k105,64,3,373844,373844,121386,10.083,2.393,6.244,0.000,1.379,0.947
cube_d4_k105,64,4,121386,121386,32768,3.066,0.926,7.962,0.000,6.227,0.358
cube_d4_k105,64,5,32768,32768,8192,0.987,0.377,2.269,0.000,1.666,0.144
cube_d4_k105,64,6,8192,8192,2048,0.985,0.306,0.792,0.000,0.417,0.066
cube_d4_k105,64,7,2048,2048,512,0.338,0.109,0.267,0.000,0.117,0.040
cube_d4_k105,64,8,512,512,128,0.080,0.051,0.105,0.000,0.040,0.021
cube_d4_k105,64,9,128,128,32,0.046,0.035,0.061,0.000,0.017,0.011
cube_d4_k105,64,10,32,32,8,0.028,0.011,0.022,0.000,0.006,0.003
cube_d4_k105,64,11,8,8,2,0.010,0.002,0.005,0.000,0.003,0.001
cube_d4_k105,64,12,2,0,0,0.002,0.001,0.000,,,
cube_d4_k105,64,0,210,6945750,2315250,0.851,1.691,66.935,0.000,20.170,12.176
cube_d4_k105,64,1,2315250,2315250,888446,46.864,12.361,31.594,0.000,8.441,5.186
cube_d4_k105,64,2,888446,888446,373844,21.347,5.842,14.723,0.000,3.735,2.551
cube_d4_k105,64,3,373844,373844,121386,10.070,2.772,6.414,0.000,1.468,0.838
cube_d4_k105,64,4,121386,121386,32768,3.079,0.907,8.233,0.000,6.349,0.376
cube_d4_k105,64,5,32768,32768,8192,0.964,0.355,2.158,0.000,1.535,0.149
cube_d4_k105,64,6,8192,8192,2048,0.942,0.313,0.842,0.000,0.473,0.063
cube_d4_k105,64,7,2048,2048,512,0.340,0.104,0.268,0.000,0.119,0.035
cube_d4_k105,64,8,512,512,128,0.088,0.058,0.099,0.000,0.039,0.020
cube_d4_k105,64,9,128,128,32,0.048,0.030,0.054,0.000,0.014,0.012
cube_d4_k105,64,10,32,32,8,0.024,0.007,0.024,0.000,0.006,0.003
cube_d4_k105,64,11,8,8,2,0.019,0.002,0.006,0.000,0.003,0.001
cube_d4_k105,64,12,2,0,0,0.002,0.001,0.000,,,
cube_d4_k105,128,0,210,6945750,2315250,5.946,7.252,132.382,0.000,72.176,19.175
cube_d4_k105,128,1,2315250,2315250,888446,42.182,16.982,69.390,0.000,34.661,13.967
cube_d4_k105,128,2,888446,888446,373844,23.875,7.013,27.731,0.000,13.350,7.195
cube_d4_k105,128,3,373844,373844,121386,7.407,2.142,5.401,0.000,1.302,0.855
cube_d4_k105,128,4,121386,121386,32768,2.457,0.782,8.470,0.000,6.787,0.380
cube_d4_k105,128,5,32768,32768,8192,0.949,0.369,2.259,0.000,1.703,0.139
cube_d4_k105,128,6,8192,8192,2048,0.848,0.362,0.806,0.000,0.428,0.081
cube_d4_k105,128,7,2048,2048,512,0.254,0.123,0.317,0.000,0.149,0.056
cube_d4_k105,128,8,512,512,128,0.112,0.072,0.142,0.000,0.049,0.043
cube_d4_k105,128,9,128,128,32,0.061,0.030,0.067,0.000,0.017,0.020
cube_d4_k105,128,10,32,32,8,0.034,0.007,0.014,0.000,0.006,0.002
cube_d4_k105,128,11,8,8,2,0.011,0.002,0.006,0.000,0.003,0.001
cube_d4_k105,128,12,2,0,0,0.002,0.001,0.000,,,
cube_d4_k105,128,0,210,6945750,2315250,1.110,2.182,59.642,0.000,19.411,9.446
cube_d4_k105,128,1,2315250,2315250,888446,27.306,9.195,25.183,0.000,6.367,3.523
cube_d4_k105,128,2,888446,888446,373844,15.756,4.330,14.144,0.000,5.733,1.661
cube_d4_k105,128,3,373844,373844,121386,7.272,2.019,4.719,0.000,1.248,0.640
cube_d4_k105,128,4,121386,121386,32768,2.326,0.734,8.194,0.000,6.751,0.309
cube_d4_k105,128,5,32768,32768,8192,0.816,0.360,2.279,0.000,1.685,0.179
cube_d4_k105,128,6,8192,8192,2048,1.238,0.320,0.781,0.000,0.418,0.073
cube_d4_k105,128,7,2048,2048,512,0.346,0.133,0.301,0.000,0.133,0.047
cube_d4_k105,128,8,512,512,128,0.121,0.070,0.130,0.000,0.047,0.036
cube_d4_k105,128,9,128,128,32,0.066,0.030,0.072,0.000,0.018,0.018
cube_d4_k105,128,10,32,32,8,0.023,0.006,0.021,0.000,0.006,0.003
cube_d4_k105,128,11,8,8,2,0.007,0.002,0.006,0.000,0.003,0.001
cube_d4_k105,128,12,2,0,0,0.002,0.001,0.000,,,
cube_d4_k105,128,0,210,6945750,2315250,1.137,1.942,57.537,0.000,19.821,7.112
cube_d4_k105,128,1,2315250,2315250,888446,30.370,10.992,24.857,0.000,6.787,3.635
cube_d4_k105,128,2,888446,888446,373844,15.680,4.441,11.803,0.000,3.128,1.775
cube_d4_k105,128,3,373844,373844,121386,7.357,1.999,4.809,0.000,1.296,0.705
cube_d4_k105,128,4,121386,121386,32768,2.292,0.751,8.037,0.000,6.622,0.331
cube_d4_k105,128,5,32768,32768,8192,0.853,0.399,2.197,0.000,1.646,0.142
cube_d4_k105,128,6,8192,8192,2048,1.266,0.289,0.819,0.000,0.439,0.077
cube_d4_k105,128,7,2048,2048,512,0.383,0.119,0.305,0.000,0.133,0.049
cube_d4_k105,128,8,512,512,128,0.149,0.071,0.142,0.000,0.046,0.041
cube_d4_k105,128,9,128,128,32,0.071,0.040,0.068,0.000,0.014,0.017
cube_d4_k105,128,10,32,32,8,0.030,0.012,0.021,0.000,0.006,0.003
cube_d4_k105,128,11,8,8,2,0.010,0.002,0.006,0.000,0.003,0.001
cube_d4_k105,128,12,2,0,0,0.002,0.001,0.000,,,
cube_d4_k105,128,0,210,6945750,2315250,1.075,1.917,56.313,0.000,19.771,7.086
cube_d4_k105,128,1,2315250,2315250,888446,38.660,9.897,25.056,0.000,6.869,3.661
cube_d4_k105,128,2,888446,888446,373844,15.931,4.269,11.677,0.000,3.105,1.786
cube_d4_k105,128,3,373844,373844,121386,7.286,2.069,4.701,0.000,1.294,0.645
cube_d4_k105,128,4,121386,121386,32768,2.378,0.736,8.153,0.000,6.809,0.296
cube_d4_k105,128,5,32768,32768,8192,0.855,0.347,2.184,0.000,1.648,0.148
cube_d4_k105,128,6,8192,8192,2048,1.232,0.318,0.799,0.000,0.419,0.075
cube_d4_k105,128,7,2048,2048,512,0.353,0.124,0.328,0.000,0.145,0.051
cube_d4_k105,128,8,512,512,128,0.122,0.057,0.148,0.000,0.043,0.042
cube_d4_k105,128,9,128,128,32,0.070,0.037,0.069,0.000,0.015,0.016
cube_d4_k105,128,10,32,32,8,0.026,0.007,0.021,0.000,0.006,0.003
cube_d4_k105,128,11,8,8,2,0.010,0.002,0.006,0.000,0.003,0.001
cube_d4_k105,128,12,2,0,0,0.002,0.001,0.000,,,
cube_d4_k105,128,0,210,6945750,2315250,1.131,1.925,57.421,0.000,19.888,7.222
cube_d4_k105,128,1,2315250,2315250,888446,31.140,9.578,25.066,0.000,6.835,3.672
cube_d4_k105,128,2,888446,888446,373844,16.044,4.373,11.894,0.000,3.186,1.792
cube_d4_k105,128,3,373844,373844,121386,7.337,2.025,4.635,0.000,1.292,0.664
cube_d4_k105,128,4,121386,121386,32768,2.304,0.745,7.606,0.000,6.259,0.290
cube_d4_k105,128,5,32768,32768,8192,0.778,0.360,2.236,0.000,1.688,0.141
cube_d4_k105,128,6,8192,8192,2048,1.265,0.298,0.806,0.000,0.423,0.084
cube_d4_k105,128,7,2048,2048,512,0.371,0.117,0.346,0.000,0.161,0.060
cube_d4_k105,128,8,512,512,128,0.139,0.074,0.130,0.000,0.048,0.030
cube_d4_k105,128,9,128,128,32,0.069,0.034,0.075,0.000,0.018,0.018
cube_d4_k105,128,10,32,32,8,0.027,0.013,0.024,0.000,0.006,0.003
cube_d4_k105,128,11,8,8,2,0.010,0.002,0.006,0.000,0.003,0.001
cube_d4_k105,128,12,2,0,0,0.002,0.001,0.000,,,
cube_d4_k105,128,0,210,6945750,2315250,1.188,1.987,57.589,0.000,20.873,7.459
cube_d4_k105,128,1,2315250,2315250,888446,31.029,11.028,25.304,0.000,6.959,3.768
cube_d4_k105,128,2,888446,888446,373844,16.107,4.492,12.018,0.000,3.375,1.790
cube_d4_k105,128,3,373844,373844,121386,7.364,2.037,4.673,0.000,1.288,0.692
cube_d4_k105,128,4,121386,121386,32768,2.358,0.753,7.904,0.000,6.555,0.301
cube_d4_k105,128,5,32768,32768,8192,0.811,0.366,2.259,0.000,1.688,0.153
cube_d4_k105,128,6,8192,8192,2048,1.264,0.314,0.844,0.000,0.463,0.087
cube_d4_k105,128,7,2048,2048,512,0.330,0.127,0.339,0.000,0.150,0.063
cube_d4_k105,128,8,512,512,128,0.126,0.081,0.135,0.000,0.046,0.026
cube_d4_k105,128,9,128,128,32,0.066,0.034,0.081,0.000,0.018,0.026
cube_d4_k105,128,10,32,32,8,0.042,0.006,0.027,0.000,0.007,0.003
cube_d4_k105,128,11,8,8,2,0.011,0.003,0.005,0.000,0.003,0.001
cube_d4_k105,128,12,2,0,0,0.002,0.001,0.000,,,
cube_d4_k155,1,0,310,22343250,7447750,12.926,27.390,5884.196,0.000,1727.721,1445.412
cube_d4_k155,1,1,7447750,7447750,2091434,5657.989,1159.527,4771.704,0.000,587.338,395.598
cube_d4_k155,1,2,2091434,2091434,524288,1549.079,334.915,1260.436,0.000,156.538,111.272
cube_d4_k155,1,3,524288,524288,131072,393.151,84.064,299.704,0.000,36.542,31.158
cube_d4_k155,1,4,131072,131072,32768,100.078,19.939,65.129,0.000,9.918,7.278
cube_d4_k155,1,5,32768,32768,8192,24.952,2.738,10.145,0.000,2.319,1.288
cube_d4_k155,1,6,8192,8192,2048,5.349,0.519,1.894,0.000,0.513,0.311
cube_d4_k155,1,7,2048,2048,512,1.177,0.111,0.425,0.000,0.130,0.077
cube_d4_k155,1,8,512,512,128,0.286,0.027,0.103,0.000,0.033,0.020
cube_d4_k155,1,9,128,128,32,0.071,0.008,0.029,0.000,0.010,0.006
cube_d4_k155,1,10,32,32,8,0.020,0.003,0.011,0.000,0.004,0.002
cube_d4_k155,1,11,8,8,2,0.006,0.002,0.006,0.000,0.003,0.001
cube_d4_k155,1,12,2,0,0,0.002,0.001,0.000,,,
cube_d4_k155,1,0,310,22343250,7447750,12.956,26.328,5847.122,0.000,1715.998,1435.660
cube_d4_k155,1,1,7447750,7447750,2091434,7219.122,1691.078,4751.967,0.000,570.165,388.486
cube_d4_k155,1,2,2091434,2091434,524288,1935.235,482.052,1255.103,0.000,154.445,109.024
cube_d4_k155,1,3,524288,524288,131072,491.728,120.339,301.247,0.000,37.544,31.164
cube_d4_k155,1,4,131072,131072,32768,124.090,25.247,65.691,0.000,10.204,7.292
cube_d4_k155,1,5,32768,32768,8192,27.658,2.879,10.422,0.000,2.449,1.274
cube_d4_k155,1,6,8192,8192,2048,5.608,0.527,1.944,0.000,0.505,0.330
cube_d4_k155,1,7,2048,2048,512,1.168,0.116,0.433,0.000,0.131,0.083
cube_d4_k155,1,8,512,512,128,0.284,0.027,0.108,0.000,0.033,0.020
cube_d4_k155,1,9,128,128,32,0.071,0.008,0.029,0.000,0.010,0.006
cube_d4_k155,1,10,32,32,8,0.019,0.003,0.012,0.000,0.004,0.002
cube_d4_k155,1,11,8,8,2,0.006,0.002,0.006,0.000,0.003,0.001
cube_d4_k155,1,12,2,0,0,0.002,0.001,0.000,,,
cube_d4_k155,1,0,310,22343250,7447750,12.916,26.294,5839.886,0.000,1717.241,1435.267
cube_d4_k155,1,1,7447750,7447750,2091434,7223.422,1678.352,4738.703,0.000,570.877,385.403
cube_d4_k155,1,2,2091434,2091434,524288,1951.650,484.854,1256.406,0.000,157.299,108.389
cube_d4_k155,1,3,524288,524288,131072,496.985,121.391,300.368,0.000,36.801,31.203
cube_d4_k155,1,4,131072,131072,32768,124.682,25.433,65.916,0.000,10.557,7.297
cube_d4_k155,1,5,32768,32768,8192,27.753,2.880,10.494,0.000,2.512,1.278
cube_d4_k155,1,6,8192,8192,2048,5.699,0.536,1.837,0.000,0.503,0.310
cube_d4_k155,1,7,2048,2048,512,1.168,0.116,0.419,0.000,0.124,0.078
cube_d4_k155,1,8,512,512,128,0.286,0.026,0.108,0.000,0.032,0.023
cube_d4_k155,1,9,128,128,32,0.079,0.008,0.028,0.000,0.010,0.006
cube_d4_k155,1,10,32,32,8,0.020,0.003,0.011,0.000,0.004,0.002
cube_d4_k155,1,11,8,8,2,0.006,0.002,0.005,0.000,0.003,0.001
cube_d4_k155,1,12,2,0,0,0.002,0.001,0.000,,,
cube_d4_k155,1,0,310,22343250,7447750,13.083,26.220,5844.912,0.000,1716.522,1433.638
cube_d4_k155,1,1,7447750,7447750,2091434,7227.800,1676.914,4733.554,0.000,569.056,388.727
cube_d4_k155,1,2,2091434,2091434,524288,1953.410,484.166,1254.163,0.000,153.512,108.728
cube_d4_k155,1,3,524288,524288,131072,496.306,122.658,302.257,0.000,36.884,30.980
cube_d4_k155,1,4,131072,131072,32768,124.951,25.424,65.667,0.000,10.296,7.375
cube_d4_k155,1,5,32768,32768,8192,27.725,2.942,10.212,0.000,2.289,1.233
cube_d4_k155,1,6,8192,8192,2048,5.793,0.541,1.871,0.000,0.526,0.315
cube_d4_k155,1,7,2048,2048,512,1.167,0.118,0.423,0.000,0.125,0.078
cube_d4_k155,1,8,512,512,128,0.290,0.027,0.130,0.000,0.041,0.025
cube_d4_k155,1,9,128,128,32,0.084,0.010,0.033,0.000,0.013,0.007
cube_d4_k155,1,10,32,32,8,0.022,0.003,0.011,0.000,0.004,0.002
cube_d4_k155,1,11,8,8,2,0.006,0.002,0.005,0.000,0.003,0.001
cube_d4_k155,1,12,2,0,0,0.002,0.001,0.000,,,
cube_d4_k155,1,0,310,22343250,7447750,13.315,26.221,5845.900,0.000,1718.947,1433.659
cube_d4_k155,1,1,7447750,7447750,2091434,7262.599,1706.722,4742.276,0.000,570.380,386.578
cube_d4_k155,1,2,2091434,2091434,524288,1965.132,490.645,1260.106,0.000,153.688,108.671
cube_d4_k155,1,3,524288,524288,131072,497.563,122.609,301.403,0.000,37.387,30.940
cube_d4_k155,1,4,131072,131072,32768,125.178,25.790,65.381,0.000,9.635,7.333
cube_d4_k155,1,5,32768,32768,8192,27.827,2.872,10.326,0.000,2.313,1.279
cube_d4_k155,1,6,8192,8192,2048,5.681,0.576,1.857,0.000,0.507,0.312
cube_d4_k155,1,7,2048,2048,512,1.170,0.119,0.418,0.000,0.124,0.077
cube_d4_k155,1,8,512,512,128,0.293,0.027,0.105,0.000,0.033,0.020
cube_d4_k155,1,9,128,128,32,0.071,0.008,0.032,0.000,0.010,0.006
cube_d4_k155,1,10,32,32,8,0.020,0.003,0.010,0.000,0.004,0.002
cube_d4_k155,1,11,8,8,2,0.006,0.002,0.006,0.000,0.003,0.001
cube_d4_k155,1,12,2,0,0,0.002,0.001,0.000,,,
cube_d4_k155,1,0,310,22343250,7447750,13.035,26.096,5834.780,0.000,1715.341,1437.970
cube_d4_k155,1,1,7447750,7447750,2091434,7270.766,1710.398,4723.978,0.000,569.376,388.717
cube_d4_k155,1,2,2091434,2091434,524288,1969.674,490.124,1247.620,0.000,154.270,108.211
cube_d4_k155,1,3,524288,524288,131072,498.066,122.018,298.229,0.000,37.238,30.970
cube_d4_k155,1,4,131072,131072,32768,124.696,25.436,65.539,0.000,10.469,7.277
cube_d4_k155,1,5,32768,32768,8192,27.827,2.870,10.121,0.000,2.295,1.231
cube_d4_k155,1,6,8192,8192,2048,5.704,0.539,1.854,0.000,0.519,0.313
cube_d4_k155,1,7,2048,2048,512,1.168,0.118,0.416,0.000,0.124,0.077
cube_d4_k155,1,8,512,512,128,0.290,0.027,0.102,0.000,0.032,0.020
cube_d4_k155,1,9,128,128,32,0.071,0.008,0.030,0.000,0.010,0.006
cube_d4_k155,1,10,32,32,8,0.019,0.003,0.011,0.000,0.004,0.002
cube_d4_k155,1,11,8,8,2,0.006,0.002,0.006,0.000,0.003,0.001
cube_d4_k155,1,12,2,0,0,0.002,0.001,0.000,,,
cube_d4_k155,2,0,310,22343250,7447750,23.142,32.191,2989.431,0.000,855.120,788.150
cube_d4_k155,2,1,7447750,7447750,2091434,3024.487,621.708,2480.936,0.000,285.150,250.283
cube_d4_k155,2,2,2091434,2091434,524288,912.340,200.385,639.727,0.000,75.177,64.708
cube_d4_k155,2,3,524288,524288,131072,237.673,54.054,153.039,0.000,17.707,17.118
cube_d4_k155,2,4,131072,131072,32768,61.530,12.882,35.570,0.000,4.977,4.796
cube_d4_k155,2,5,32768,32768,8192,14.710,1.848,7.697,0.000,1.994,1.147
cube_d4_k155,2,6,8192,8192,2048,3.843,0.665,1.701,0.000,0.496,0.299
cube_d4_k155,2,7,2048,2048,512,0.889,0.183,0.453,0.000,0.141,0.078
cube_d4_k155,2,8,512,512,128,0.224,0.051,0.108,0.000,0.039,0.023
cube_d4_k155,2,9,128,128,32,0.065,0.013,0.034,0.000,0.012,0.006
cube_d4_k155,2,10,32,32,8,0.019,0.010,0.010,0.000,0.004,0.002
cube_d4_k155,2,11,8,8,2,0.006,0.002,0.006,0.000,0.003,0.001
cube_d4_k155,2,12,2,0,0,0.002,0.001,0.000,,,
cube_d4_k155,2,0,310,22343250,7447750,8.186,16.865,3369.696,0.000,833.637,786.079
cube_d4_k155,2,1,7447750,7447750,2091434,3798.119,831.281,2479.317,0.000,274.889,245.166
cube_d4_k155,2,2,2091434,2091434,524288,1063.053,251.693,645.560,0.000,73.923,65.031
cube_d4_k155,2,3,524288,524288,131072,270.908,65.421,151.361,0.000,17.775,16.810
cube_d4_k155,2,4,131072,131072,32768,65.007,11.217,35.433,0.000,4.863,4.851
cube_d4_k155,2,5,32768,32768,8192,14.940,1.753,7.858,0.000,2.011,1.174
cube_d4_k155,2,6,8192,8192,2048,3.831,0.700,1.765,0.000,0.495,0.303
cube_d4_k155,2,7,2048,2048,512,0.948,0.257,0.464,0.000,0.150,0.079
cube_d4_k155,2,8,512,512,128,0.259,0.062,0.142,0.000,0.050,0.025
cube_d4_k155,2,9,128,128,32,0.074,0.014,0.034,0.000,0.012,0.006
cube_d4_k155,2,10,32,32,8,0.021,0.006,0.012,0.000,0.005,0.003
cube_d4_k155,2,11,8,8,2,0.007,0.002,0.005,0.000,0.003,0.001
cube_d4_k155,2,12,2,0,0,0.002,0.001,0.000,,,
cube_d4_k155,2,0,310,22343250,7447750,8.196,16.925,3245.062,0.000,835.582,784.843
cube_d4_k155,2,1,7447750,7447750,2091434,3841.813,866.234,2483.159,0.000,272.644,246.953
cube_d4_k155,2,2,2091434,2091434,524288,1066.987,252.554,643.726,0.000,74.096,64.384
cube_d4_k155,2,3,524288,524288,131072,268.703,62.992,152.024,0.000,17.796,17.201
cube_d4_k155,2,4,131072,131072,32768,63.427,11.127,35.228,0.000,4.761,4.862
cube_d4_k155,2,5,32768,32768,8192,15.146,1.766,7.987,0.000,2.072,1.225
cube_d4_k155,2,6,8192,8192,2048,4.005,0.586,1.854,0.000,0.504,0.329
cube_d4_k155,2,7,2048,2048,512,0.983,0.300,0.468,0.000,0.142,0.080
cube_d4_k155,2,8,512,512,128,0.236,0.114,0.153,0.000,0.051,0.032
cube_d4_k155,2,9,128,128,32,0.073,0.014,0.034,0.000,0.013,0.006
cube_d4_k155,2,10,32,32,8,0.019,0.006,0.013,0.000,0.005,0.002
cube_d4_k155,2,11,8,8,2,0.006,0.002,0.005,0.000,0.003,0.001
cube_d4_k155,2,12,2,0,0,0.002,0.001,0.000,,,
cube_d4_k155,2,0,310,22343250,7447750,8.200,16.911,3431.585,0.000,837.470,785.677
cube_d4_k155,2,1,7447750,7447750,2091434,3872.904,880.497,2480.489,0.000,273.778,246.981
cube_d4_k155,2,2,2091434,2091434,524288,1072.962,254.038,641.467,0.000,73.587,63.976
cube_d4_k155,2,3,524288,524288,131072,269.882,64.689,152.160,0.000,17.893,16.919
cube_d4_k155,2,4,131072,131072,32768,64.222,11.383,35.427,0.000,4.975,4.898
cube_d4_k155,2,5,32768,32768,8192,15.410,1.784,8.152,0.000,2.192,1.147
cube_d4_k155,2,6,8192,8192,2048,3.964,0.781,1.869,0.000,0.529,0.304
cube_d4_k155,2,7,2048,2048,512,0.978,0.262,0.488,0.000,0.155,0.080
cube_d4_k155,2,8,512,512,128,0.245,0.054,0.132,0.000,0.041,0.027
cube_d4_k155,2,9,128,128,32,0.078,0.014,0.033,0.000,0.013,0.006
cube_d4_k155,2,10,32,32,8,0.018,0.005,0.012,0.000,0.005,0.002
cube_d4_k155,2,11,8,8,2,0.006,0.002,0.006,0.000,0.003,0.001
cube_d4_k155,2,12,2,0,0,0.002,0.001,0.000,,,
cube_d4_k155,2,0,310,22343250,7447750,8.234,16.909,3389.509,0.000,835.195,785.538
cube_d4_k155,2,1,7447750,7447750,2091434,3875.471,884.445,2485.941,0.000,270.750,246.452
cube_d4_k155,2,2,2091434,2091434,524288,1073.333,257.102,643.125,0.000,74.917,64.297
cube_d4_k155,2,3,524288,524288,131072,270.277,63.667,152.309,0.000,17.954,17.020
cube_d4_k155,2,4,131072,131072,32768,63.461,10.683,35.444,0.000,5.063,4.909
cube_d4_k155,2,5,32768,32768,8192,15.218,1.995,7.883,0.000,1.989,1.180
cube_d4_k155,2,6,8192,8192,2048,4.001,0.605,1.869,0.000,0.518,0.315
cube_d4_k155,2,7,2048,2048,512,0.942,0.250,0.489,0.000,0.144,0.082
cube_d4_k155,2,8,512,512,128,0.245,0.051,0.149,0.000,0.046,0.027
cube_d4_k155,2,9,128,128,32,0.078,0.014,0.033,0.000,0.013,0.006
cube_d4_k155,2,10,32,32,8,0.022,0.006,0.013,0.000,0.005,0.002
cube_d4_k155,2,11,8,8,2,0.007,0.002,0.005,0.000,0.003,0.001
cube_d4_k155,2,12,2,0,0,0.002,0.001,0.000,,,
cube_d4_k155,2,0,310,22343250,7447750,8.204,16.871,3502.169,0.000,834.791,786.500
cube_d4_k155,2,1,7447750,7447750,2091434,3867.209,883.739,2482.412,0.000,273.804,247.733
cube_d4_k155,2,2,2091434,2091434,524288,1076.515,257.484,642.475,0.000,73.729,64.204
cube_d4_k155,2,3,524288,524288,131072,270.795,64.522,152.858,0.000,17.855,17.088
cube_d4_k155,2,4,131072,131072,32768,64.028,11.248,35.214,0.000,5.039,4.753
cube_d4_k155,2,5,32768,32768,8192,15.345,1.901,7.861,0.000,1.922,1.145
cube_d4_k155,2,6,8192,8192,2048,3.975,0.674,1.871,0.000,0.505,0.317
cube_d4_k155,2,7,2048,2048,512,0.970,0.427,0.506,0.000,0.151,0.089
cube_d4_k155,2,8,512,512,128,0.268,0.050,0.134,0.000,0.043,0.024
cube_d4_k155,2,9,128,128,32,0.073,0.014,0.033,0.000,0.013,0.006
cube_d4_k155,2,10,32,32,8,0.019,0.005,0.012,0.000,0.005,0.002
cube_d4_k155,2,11,8,8,2,0.007,0.002,0.006,0.000,0.003,0.001
cube_d4_k155,2,12,2,0,0,0.002,0.001,0.000,,,
cube_d4_k155,4,0,310,22343250,7447750,16.420,21.183,1576.942,0.000,435.850,466.685
cube_d4_k155,4,1,7447750,7447750,2091434,1569.847,331.868,1320.391,0.000,146.359,142.379
cube_d4_k155,4,2,2091434,2091434,524288,542.306,126.797,387.116,0.000,39.344,36.608
cube_d4_k155,4,3,524288,524288,131072,154.135,32.195,90.133,0.000,10.152,11.432
cube_d4_k155,4,4,131072,131072,32768,35.997,6.336,21.745,0.000,3.155,2.727
cube_d4_k155,4,5,32768,32768,8192,9.775,1.816,6.220,0.000,2.115,0.701
cube_d4_k155,4,6,8192,8192,2048,3.197,0.686,1.712,0.000,0.514,0.207
cube_d4_k155,4,7,2048,2048,512,0.696,0.218,0.497,0.000,0.164,0.076
cube_d4_k155,4,8,512,512,128,0.246,0.072,0.179,0.000,0.053,0.029
cube_d4_k155,4,9,128,128,32,0.078,0.024,0.054,0.000,0.017,0.012
cube_d4_k155,4,10,32,32,8,0.027,0.003,0.012,0.000,0.005,0.002
cube_d4_k155,4,11,8,8,2,0.008,0.003,0.006,0.000,0.003,0.001
cube_d4_k155,4,12,2,0,0,0.002,0.001,0.000,,,
cube_d4_k155,4,0,310,22343250,7447750,3.824,7.798,1865.169,0.000,417.650,450.708
cube_d4_k155,4,1,7447750,7447750,2091434,2281.367,493.770,1558.529,0.000,137.358,149.243
cube_d4_k155,4,2,2091434,2091434,524288,619.742,143.498,384.665,0.000,39.189,36.264
cube_d4_k155,4,3,524288,524288,131072,153.609,32.488,92.150,0.000,10.686,11.441
cube_d4_k155,4,4,131072,131072,32768,36.065,7.027,22.739,0.000,3.038,2.682
cube_d4_k155,4,5,32768,32768,8192,9.339,1.824,6.543,0.000,2.085,0.686
cube_d4_k155,4,6,8192,8192,2048,2.864,0.646,1.761,0.000,0.522,0.209
cube_d4_k155,4,7,2048,2048,512,0.714,0.243,0.515,0.000,0.177,0.073
cube_d4_k155,4,8,512,512,128,0.238,0.073,0.170,0.000,0.050,0.030
cube_d4_k155,4,9,128,128,32,0.079,0.023,0.052,0.000,0.016,0.011
cube_d4_k155,4,10,32,32,8,0.027,0.007,0.027,0.000,0.006,0.004
cube_d4_k155,4,11,8,8,2,0.008,0.002,0.006,0.000,0.003,0.001
cube_d4_k155,4,12,2,0,0,0.002,0.001,0.000,,,
cube_d4_k155,4,0,310,22343250,7447750,3.812,7.827,1834.828,0.000,418.737,460.366
cube_d4_k155,4,1,7447750,7447750,2091434,2302.018,520.590,1551.145,0.000,139.009,148.683
cube_d4_k155,4,2,2091434,2091434,524288,620.147,148.329,384.453,0.000,39.472,36.004
cube_d4_k155,4,3,524288,524288,131072,155.064,33.608,91.951,0.000,10.769,11.540
cube_d4_k155,4,4,131072,131072,32768,36.497,5.595,22.746,0.000,3.117,2.814
cube_d4_k155,4,5,32768,32768,8192,9.645,1.898,6.520,0.000,2.067,0.707
cube_d4_k155,4,6,8192,8192,2048,2.844,0.625,1.819,0.000,0.559,0.217
cube_d4_k155,4,7,2048,2048,512,0.728,0.251,0.511,0.000,0.163,0.075
cube_d4_k155,4,8,512,512,128,0.244,0.064,0.175,0.000,0.052,0.031
cube_d4_k155,4,9,128,128,32,0.080,0.024,0.057,0.000,0.019,0.013
cube_d4_k155,4,10,32,32,8,0.033,0.004,0.020,0.000,0.005,0.003
cube_d4_k155,4,11,8,8,2,0.010,0.003,0.006,0.000,0.003,0.001
cube_d4_k155,4,12,2,0,0,0.002,0.001,0.000,,,
cube_d4_k155,4,0,310,22343250,7447750,3.845,7.843,1905.099,0.000,419.643,449.639
cube_d4_k155,4,1,7447750,7447750,2091434,2321.699,530.281,1564.132,0.000,138.600,149.073
cube_d4_k155,4,2,2091434,2091434,524288,633.697,150.668,384.239,0.000,38.657,35.865
cube_d4_k155,4,3,524288,524288,131072,155.197,31.032,91.175,0.000,10.476,11.163
cube_d4_k155,4,4,131072,131072,32768,36.777,7.854,22.386,0.000,3.058,2.742
cube_d4_k155,4,5,32768,32768,8192,9.659,1.905,6.771,0.000,2.148,0.707
cube_d4_k155,4,6,8192,8192,2048,3.023,0.709,1.791,0.000,0.520,0.224
cube_d4_k155,4,7,2048,2048,512,0.755,0.285,0.536,0.000,0.161,0.075
cube_d4_k155,4,8,512,512,128,0.250,0.096,0.183,0.000,0.051,0.030
cube_d4_k155,4,9,128,128,32,0.073,0.024,0.059,0.000,0.019,0.013
cube_d4_k155,4,10,32,32,8,0.032,0.004,0.021,0.000,0.006,0.003
cube_d4_k155,4,11,8,8,2,0.009,0.003,0.006,0.000,0.003,0.001
cube_d4_k155,4,12,2,0,0,0.002,0.001,0.000,,,
cube_d4_k155,4,0,310,22343250,7447750,3.812,7.836,1893.215,0.000,418.463,460.036
cube_d4_k155,4,1,7447750,7447750,2091434,2320.115,525.750,1563.410,0.000,138.974,148.967
cube_d4_k155,4,2,2091434,2091434,524288,635.719,151.056,384.224,0.000,38.657,36.454
cube_d4_k155,4,3,524288,524288,131072,156.940,33.535,92.758,0.000,10.780,11.334
cube_d4_k155,4,4,131072,131072,32768,35.864,7.143,23.238,0.000,3.168,2.836
cube_d4_k155,4,5,32768,32768,8192,9.568,2.097,6.509,0.000,2.105,0.717
cube_d4_k155,4,6,8192,8192,2048,2.957,0.636,1.789,0.000,0.512,0.217
cube_d4_k155,4,7,2048,2048,512,0.762,0.286,0.498,0.000,0.164,0.069
cube_d4_k155,4,8,512,512,128,0.223,0.073,0.185,0.000,0.049,0.032
cube_d4_k155,4,9,128,128,32,0.080,0.020,0.052,0.000,0.015,0.012
cube_d4_k155,4,10,32,32,8,0.028,0.004,0.013,0.000,0.005,0.002
cube_d4_k155,4,11,8,8,2,0.011,0.003,0.005,0.000,0.003,0.001
cube_d4_k155,4,12,2,0,0,0.002,0.001,0.000,,,
cube_d4_k155,4,0,310,22343250,7447750,3.830,7.800,1963.692,0.000,419.689,458.523
cube_d4_k155,4,1,7447750,7447750,2091434,2323.263,524.536,1523.631,0.000,139.625,149.113
cube_d4_k155,4,2,2091434,2091434,524288,640.080,151.691,379.804,0.000,39.073,36.241
cube_d4_k155,4,3,524288,524288,131072,154.647,35.255,90.599,0.000,10.593,11.223
cube_d4_k155,4,4,131072,131072,32768,36.469,7.227,22.846,0.000,3.088,2.767
cube_d4_k155,4,5,32768,32768,8192,9.041,2.248,6.516,0.000,2.114,0.697
cube_d4_k155,4,6,8192,8192,2048,2.882,0.615,1.775,0.000,0.513,0.214
cube_d4_k155,4,7,2048,2048,512,0.761,0.231,0.487,0.000,0.160,0.065
cube_d4_k155,4,8,512,512,128,0.251,0.095,0.182,0.000,0.064,0.025
cube_d4_k155,4,9,128,128,32,0.080,0.023,0.056,0.000,0.018,0.012
cube_d4_k155,4,10,32,32,8,0.029,0.004,0.014,0.000,0.006,0.002
cube_d4_k155,4,11,8,8,2,0.009,0.003,0.006,0.000,0.003,0.001
cube_d4_k155,4,12,2,0,0,0.002,0.001,0.000,,,
cube_d4_k155,8,0,310,22343250,7447750,17.249,20.046,837.228,0.000,235.841,255.154
cube_d4_k155,8,1,7447750,7447750,2091434,817.432,175.771,705.538,0.000,81.112,78.186
cube_d4_k155,8,2,2091434,2091434,524288,268.117,61.052,177.745,0.000,21.675,20.228
cube_d4_k155,8,3,524288,524288,131072,80.854,17.528,42.533,0.000,5.421,5.545
cube_d4_k155,8,4,131072,131072,32768,18.659,3.754,11.051,0.000,1.736,1.354
cube_d4_k155,8,5,32768,32768,8192,4.974,0.968,4.063,0.000,1.775,0.388
cube_d4_k155,8,6,8192,8192,2048,1.784,0.431,1.144,0.000,0.407,0.122
cube_d4_k155,8,7,2048,2048,512,0.496,0.142,0.326,0.000,0.127,0.044
cube_d4_k155,8,8,512,512,128,0.182,0.063,0.125,0.000,0.043,0.028
cube_d4_k155,8,9,128,128,32,0.070,0.021,0.048,0.000,0.014,0.011
cube_d4_k155,8,10,32,32,8,0.023,0.006,0.013,0.000,0.006,0.002
cube_d4_k155,8,11,8,8,2,0.007,0.002,0.006,0.000,0.003,0.001
cube_d4_k155,8,12,2,0,0,0.002,0.001,0.000,,,
cube_d4_k155,8,0,310,22343250,7447750,2.622,4.957,929.237,0.000,216.402,251.911
cube_d4_k155,8,1,7447750,7447750,2091434,1037.414,225.306,683.835,0.000,71.539,76.646
cube_d4_k155,8,2,2091434,2091434,524288,287.796,66.182,174.840,0.000,20.631,19.959
cube_d4_k155,8,3,524288,524288,131072,74.047,15.664,43.512,0.000,5.506,5.661
cube_d4_k155,8,4,131072,131072,32768,17.824,3.948,11.148,0.000,1.657,1.383
cube_d4_k155,8,5,32768,32768,8192,4.420,0.996,3.922,0.000,1.562,0.406
cube_d4_k155,8,6,8192,8192,2048,1.571,0.463,1.161,0.000,0.411,0.119
cube_d4_k155,8,7,2048,2048,512,0.463,0.140,0.338,0.000,0.127,0.045
cube_d4_k155,8,8,512,512,128,0.175,0.068,0.160,0.000,0.049,0.034
cube_d4_k155,8,9,128,128,32,0.069,0.023,0.052,0.000,0.015,0.013
cube_d4_k155,8,10,32,32,8,0.023,0.010,0.021,0.000,0.006,0.003
cube_d4_k155,8,11,8,8,2,0.009,0.003,0.006,0.000,0.003,0.001
cube_d4_k155,8,12,2,0,0,0.002,0.001,0.000,,,
cube_d4_k155,8,0,310,22343250,7447750,2.616,4.918,900.962,0.000,215.485,258.662
cube_d4_k155,8,1,7447750,7447750,2091434,1047.944,227.982,686.336,0.000,73.304,77.060
cube_d4_k155,8,2,2091434,2091434,524288,310.045,69.716,188.775,0.000,21.454,19.551
cube_d4_k155,8,3,524288,524288,131072,75.112,16.221,46.776,0.000,5.939,5.831
cube_d4_k155,8,4,131072,131072,32768,18.143,3.740,11.975,0.000,1.829,1.419
cube_d4_k155,8,5,32768,32768,8192,4.572,1.089,4.194,0.000,1.721,0.396
cube_d4_k155,8,6,8192,8192,2048,1.738,0.457,1.260,0.000,0.440,0.126
cube_d4_k155,8,7,2048,2048,512,0.473,0.153,0.376,0.000,0.141,0.056
cube_d4_k155,8,8,512,512,128,0.179,0.067,0.148,0.000,0.047,0.039
cube_d4_k155,8,9,128,128,32,0.071,0.026,0.059,0.000,0.018,0.013
cube_d4_k155,8,10,32,32,8,0.035,0.004,0.017,0.000,0.007,0.003
cube_d4_k155,8,11,8,8,2,0.010,0.003,0.005,0.000,0.003,0.001
cube_d4_k155,8,12,2,0,0,0.002,0.001,0.000,,,
cube_d4_k155,8,0,310,22343250,7447750,2.472,5.317,981.056,0.000,216.769,251.283
cube_d4_k155,8,1,7447750,7447750,2091434,1144.651,257.332,753.330,0.000,72.486,76.667
cube_d4_k155,8,2,2091434,2091434,524288,312.972,70.545,187.591,0.000,20.970,19.647
cube_d4_k155,8,3,524288,524288,131072,75.379,17.411,46.754,0.000,5.764,5.762
cube_d4_k155,8,4,131072,131072,32768,18.294,3.863,12.241,0.000,1.718,1.400
cube_d4_k155,8,5,32768,32768,8192,4.708,1.056,4.187,0.000,1.702,0.399
cube_d4_k155,8,6,8192,8192,2048,1.685,0.470,1.290,0.000,0.452,0.131
cube_d4_k155,8,7,2048,2048,512,0.468,0.154,0.377,0.000,0.139,0.048
cube_d4_k155,8,8,512,512,128,0.187,0.069,0.143,0.000,0.048,0.036
cube_d4_k155,8,9,128,128,32,0.071,0.021,0.060,0.000,0.016,0.012
cube_d4_k155,8,10,32,32,8,0.022,0.009,0.021,0.000,0.006,0.003
cube_d4_k155,8,11,8,8,2,0.012,0.003,0.006,0.000,0.003,0.001
cube_d4_k155,8,12,2,0,0,0.002,0.001,0.000,,,
cube_d4_k155,8,0,310,22343250,7447750,2.508,5.212,962.648,0.000,217.347,250.754
cube_d4_k155,8,1,7447750,7447750,2091434,1149.659,257.805,754.546,0.000,73.048,78.572
cube_d4_k155,8,2,2091434,2091434,524288,313.713,70.589,191.077,0.000,21.184,19.675
cube_d4_k155,8,3,524288,524288,131072,75.011,16.502,47.161,0.000,5.960,5.913
cube_d4_k155,8,4,131072,131072,32768,18.424,3.426,11.991,0.000,1.796,1.406
cube_d4_k155,8,5,32768,32768,8192,4.460,1.062,4.262,0.000,1.686,0.402
cube_d4_k155,8,6,8192,8192,2048,1.733,0.487,1.275,0.000,0.448,0.126
cube_d4_k155,8,7,2048,2048,512,0.455,0.145,0.366,0.000,0.138,0.051
cube_d4_k155,8,8,512,512,128,0.170,0.070,0.154,0.000,0.052,0.038
cube_d4_k155,8,9,128,128,32,0.070,0.023,0.056,0.000,0.018,0.012
cube_d4_k155,8,10,32,32,8,0.023,0.009,0.023,0.000,0.006,0.003
cube_d4_k155,8,11,8,8,2,0.010,0.003,0.006,0.000,0.003,0.001
cube_d4_k155,8,12,2,0,0,0.002,0.001,0.000,,,
cube_d4_k155,8,0,310,22343250,7447750,2.513,5.297,992.714,0.000,216.480,253.005
cube_d4_k155,8,1,7447750,7447750,2091434,1151.856,259.224,746.480,0.000,72.049,79.297
cube_d4_k155,8,2,2091434,2091434,524288,315.229,71.881,193.744,0.000,20.920,21.478
cube_d4_k155,8,3,524288,524288,131072,76.367,17.664,47.229,0.000,6.207,5.780
cube_d4_k155,8,4,131072,131072,32768,18.325,3.828,12.471,0.000,1.887,1.424
cube_d4_k155,8,5,32768,32768,8192,4.650,1.076,4.336,0.000,1.742,0.400
cube_d4_k155,8,6,8192,8192,2048,1.765,0.480,1.316,0.000,0.459,0.137
cube_d4_k155,8,7,2048,2048,512,0.473,0.150,0.391,0.000,0.146,0.056
cube_d4_k155,8,8,512,512,128,0.180,0.067,0.156,0.000,0.057,0.034
cube_d4_k155,8,9,128,128,32,0.070,0.024,0.059,0.000,0.018,0.012
cube_d4_k155,8,10,32,32,8,0.022,0.012,0.030,0.000,0.011,0.005
cube_d4_k155,8,11,8,8,2,0.010,0.003,0.006,0.000,0.003,0.001
cube_d4_k155,8,12,2,0,0,0.002,0.001,0.000,,,
cube_d4_k155,16,0,310,22343250,7447750,17.892,21.373,458.543,0.000,143.771,128.780
cube_d4_k155,16,1,7447750,7447750,2091434,433.727,97.001,332.902,0.000,48.758,39.495
cube_d4_k155,16,2,2091434,2091434,524288,146.578,32.850,89.550,0.000,12.261,12.639
cube_d4_k155,16,3,524288,524288,131072,40.199,9.384,21.885,0.000,3.055,2.888
cube_d4_k155,16,4,131072,131072,32768,9.373,2.281,6.559,0.000,1.328,0.791
cube_d4_k155,16,5,32768,32768,8192,2.948,0.622,2.944,0.000,1.565,0.250
cube_d4_k155,16,6,8192,8192,2048,1.232,0.349,0.975,0.000,0.432,0.091
cube_d4_k155,16,7,2048,2048,512,0.321,0.154,0.298,0.000,0.119,0.040
cube_d4_k155,16,8,512,512,128,0.121,0.053,0.115,0.000,0.038,0.027
cube_d4_k155,16,9,128,128,32,0.054,0.024,0.050,0.000,0.016,0.012
cube_d4_k155,16,10,32,32,8,0.020,0.010,0.014,0.000,0.006,0.002
cube_d4_k155,16,11,8,8,2,0.014,0.003,0.006,0.000,0.003,0.001
cube_d4_k155,16,12,2,0,0,0.003,0.001,0.000,,,
cube_d4_k155,16,0,310,22343250,7447750,1.835,4.025,488.701,0.000,116.666,125.471
cube_d4_k155,16,1,7447750,7447750,2091434,524.204,116.403,325.391,0.000,40.440,39.817
cube_d4_k155,16,2,2091434,2091434,524288,150.876,34.757,85.909,0.000,11.564,11.556
cube_d4_k155,16,3,524288,524288,131072,43.667,8.770,22.141,0.000,3.152,2.820
cube_d4_k155,16,4,131072,131072,32768,9.775,2.333,7.082,0.000,1.288,0.794
cube_d4_k155,16,5,32768,32768,8192,2.511,0.608,2.947,0.000,1.533,0.281
cube_d4_k155,16,6,8192,8192,2048,1.218,0.355,0.974,0.000,0.437,0.095
cube_d4_k155,16,7,2048,2048,512,0.328,0.154,0.302,0.000,0.117,0.042
cube_d4_k155,16,8,512,512,128,0.114,0.053,0.111,0.000,0.037,0.021
cube_d4_k155,16,9,128,128,32,0.057,0.026,0.052,0.000,0.018,0.013
cube_d4_k155,16,10,32,32,8,0.021,0.012,0.013,0.000,0.006,0.002
cube_d4_k155,16,11,8,8,2,0.010,0.003,0.006,0.000,0.003,0.001
cube_d4_k155,16,12,2,0,0,0.002,0.001,0.000,,,
cube_d4_k155,16,0,310,22343250,7447750,2.051,3.976,483.002,0.000,117.438,132.740
cube_d4_k155,16,1,7447750,7447750,2091434,534.578,118.384,327.780,0.000,40.849,40.203
cube_d4_k155,16,2,2091434,2091434,524288,153.087,34.649,87.175,0.000,11.667,10.972
cube_d4_k155,16,3,524288,524288,131072,43.252,8.864,22.038,0.000,3.242,2.906
cube_d4_k155,16,4,131072,131072,32768,9.622,2.252,6.658,0.000,1.394,1.034
cube_d4_k155,16,5,32768,32768,8192,2.640,0.684,3.184,0.000,1.691,0.282
cube_d4_k155,16,6,8192,8192,2048,1.256,0.372,1.025,0.000,0.440,0.102
cube_d4_k155,16,7,2048,2048,512,0.322,0.157,0.323,0.000,0.123,0.047
cube_d4_k155,16,8,512,512,128,0.138,0.058,0.122,0.000,0.040,0.026
cube_d4_k155,16,9,128,128,32,0.060,0.027,0.056,0.000,0.018,0.014
cube_d4_k155,16,10,32,32,8,0.022,0.010,0.023,0.000,0.006,0.003
cube_d4_k155,16,11,8,8,2,0.012,0.002,0.006,0.000,0.003,0.001
cube_d4_k155,16,12,2,0,0,0.002,0.001,0.000,,,
cube_d4_k155,16,0,310,22343250,7447750,2.104,3.818,498.425,0.000,117.174,133.069
cube_d4_k155,16,1,7447750,7447750,2091434,536.218,118.878,330.860,0.000,41.029,40.802
cube_d4_k155,16,2,2091434,2091434,524288,150.995,35.136,91.671,0.000,11.867,10.854
cube_d4_k155,16,3,524288,524288,131072,46.190,9.931,25.199,0.000,3.350,3.069
cube_d4_k155,16,4,131072,131072,32768,10.015,2.289,6.544,0.000,1.233,0.825
cube_d4_k155,16,5,32768,32768,8192,2.512,0.638,3.102,0.000,1.582,0.267
cube_d4_k155,16,6,8192,8192,2048,1.221,0.362,1.011,0.000,0.434,0.098
cube_d4_k155,16,7,2048,2048,512,0.328,0.157,0.311,0.000,0.119,0.045
cube_d4_k155,16,8,512,512,128,0.125,0.049,0.126,0.000,0.050,0.025
cube_d4_k155,16,9,128,128,32,0.048,0.024,0.050,0.000,0.015,0.012
cube_d4_k155,16,10,32,32,8,0.022,0.011,0.032,0.000,0.013,0.004
cube_d4_k155,16,11,8,8,2,0.011,0.003,0.006,0.000,0.003,0.001
cube_d4_k155,16,12,2,0,0,0.002,0.001,0.000,,,
cube_d4_k155,16,0,310,22343250,7447750,2.066,4.546,505.676,0.000,117.724,126.807
cube_d4_k155,16,1,7447750,7447750,2091434,561.741,125.617,353.914,0.000,41.160,38.322
cube_d4_k155,16,2,2091434,2091434,524288,153.311,34.003,89.664,0.000,11.403,11.186
cube_d4_k155,16,3,524288,524288,131072,45.247,9.497,24.607,0.000,3.350,3.070
cube_d4_k155,16,4,131072,131072,32768,10.079,2.222,6.527,0.000,1.303,0.823
cube_d4_k155,16,5,32768,32768,8192,2.544,0.626,3.093,0.000,1.588,0.265
cube_d4_k155,16,6,8192,8192,2048,1.220,0.362,1.025,0.000,0.445,0.098
cube_d4_k155,16,7,2048,2048,512,0.319,0.157,0.304,0.000,0.117,0.043
cube_d4_k155,16,8,512,512,128,0.124,0.054,0.123,0.000,0.040,0.030
cube_d4_k155,16,9,128,128,32,0.055,0.024,0.051,0.000,0.016,0.012
cube_d4_k155,16,10,32,32,8,0.021,0.010,0.023,0.000,0.007,0.003
cube_d4_k155,16,11,8,8,2,0.011,0.003,0.006,0.000,0.003,0.001
cube_d4_k155,16,12,2,0,0,0.002,0.001,0.000,,,
cube_d4_k155,16,0,310,22343250,7447750,1.880,4.311,523.121,0.000,119.790,125.365
cube_d4_k155,16,1,7447750,7447750,2091434,565.437,126.048,355.286,0.000,41.248,39.085
cube_d4_k155,16,2,2091434,2091434,524288,153.985,34.235,90.278,0.000,11.589,11.192
cube_d4_k155,16,3,524288,524288,131072,40.590,9.628,24.569,0.000,3.259,2.994
cube_d4_k155,16,4,131072,131072,32768,9.988,2.064,6.760,0.000,1.320,0.830
cube_d4_k155,16,5,32768,32768,8192,2.457,0.640,3.067,0.000,1.549,0.293
cube_d4_k155,16,6,8192,8192,2048,1.207,0.366,1.016,0.000,0.444,0.100
cube_d4_k155,16,7,2048,2048,512,0.327,0.150,0.313,0.000,0.118,0.044
cube_d4_k155,16,8,512,512,128,0.128,0.053,0.120,0.000,0.037,0.027
cube_d4_k155,16,9,128,128,32,0.060,0.024,0.053,0.000,0.015,0.013
cube_d4_k155,16,10,32,32,8,0.021,0.010,0.021,0.000,0.006,0.003
cube_d4_k155,16,11,8,8,2,0.010,0.003,0.007,0.000,0.004,0.001
cube_d4_k155,16,12,2,0,0,0.002,0.001,0.000,,,
cube_d4_k155,32,0,310,22343250,7447750,16.293,20.503,295.240,0.000,117.621,68.104
cube_d4_k155,32,1,7447750,7447750,2091434,224.670,57.735,202.385,0.000,41.686,22.910
cube_d4_k155,32,2,2091434,2091434,524288,78.423,17.428,53.941,0.000,9.625,8.334
cube_d4_k155,32,3,524288,524288,131072,22.680,5.208,13.224,0.000,2.264,1.758
cube_d4_k155,32,4,131072,131072,32768,5.804,1.420,3.768,0.000,0.836,0.501
cube_d4_k155,32,5,32768,32768,8192,1.528,0.433,2.477,0.000,1.585,0.180
cube_d4_k155,32,6,8192,8192,2048,0.977,0.328,0.822,0.000,0.411,0.071
cube_d4_k155,32,7,2048,2048,512,0.270,0.104,0.301,0.000,0.155,0.033
cube_d4_k155,32,8,512,512,128,0.098,0.051,0.101,0.000,0.036,0.021
cube_d4_k155,32,9,128,128,32,0.041,0.027,0.049,0.000,0.015,0.012
cube_d4_k155,32,10,32,32,8,0.020,0.011,0.015,0.000,0.006,0.002
cube_d4_k155,32,11,8,8,2,0.009,0.003,0.006,0.000,0.003,0.001
cube_d4_k155,32,12,2,0,0,0.002,0.001,0.000,,,
cube_d4_k155,32,0,310,22343250,7447750,2.018,4.691,290.356,0.000,74.974,67.597
cube_d4_k155,32,1,7447750,7447750,2091434,267.487,63.229,188.978,0.000,26.877,23.144
cube_d4_k155,32,2,2091434,2091434,524288,81.046,19.575,50.460,0.000,7.858,6.800
cube_d4_k155,32,3,524288,524288,131072,23.165,4.947,13.783,0.000,2.438,1.697
cube_d4_k155,32,4,131072,131072,32768,5.980,1.399,3.938,0.000,0.906,0.493
cube_d4_k155,32,5,32768,32768,8192,1.498,0.448,2.527,0.000,1.589,0.187
cube_d4_k155,32,6,8192,8192,2048,0.994,0.326,0.859,0.000,0.418,0.070
cube_d4_k155,32,7,2048,2048,512,0.278,0.128,0.320,0.000,0.156,0.041
cube_d4_k155,32,8,512,512,128,0.098,0.055,0.109,0.000,0.037,0.022
cube_d4_k155,32,9,128,128,32,0.045,0.029,0.046,0.000,0.014,0.012
cube_d4_k155,32,10,32,32,8,0.019,0.007,0.021,0.000,0.005,0.003
cube_d4_k155,32,11,8,8,2,0.009,0.003,0.006,0.000,0.003,0.001
cube_d4_k155,32,12,2,0,0,0.002,0.001,0.000,,,
cube_d4_k155,32,0,310,22343250,7447750,2.297,4.925,294.138,0.000,78.764,68.160
cube_d4_k155,32,1,7447750,7447750,2091434,275.314,66.121,188.068,0.000,27.126,20.971
cube_d4_k155,32,2,2091434,2091434,524288,84.293,20.926,51.070,0.000,8.159,6.225
cube_d4_k155,32,3,524288,524288,131072,23.949,5.124,13.847,0.000,2.543,1.741
cube_d4_k155,32,4,131072,131072,32768,6.071,1.442,3.890,0.000,0.808,0.509
cube_d4_k155,32,5,32768,32768,8192,1.507,0.474,2.480,0.000,1.533,0.182
cube_d4_k155,32,6,8192,8192,2048,0.999,0.337,0.866,0.000,0.434,0.070
cube_d4_k155,32,7,2048,2048,512,0.285,0.128,0.304,0.000,0.149,0.035
cube_d4_k155,32,8,512,512,128,0.098,0.055,0.109,0.000,0.038,0.023
cube_d4_k155,32,9,128,128,32,0.049,0.026,0.047,0.000,0.016,0.011
cube_d4_k155,32,10,32,32,8,0.020,0.007,0.022,0.000,0.006,0.003
cube_d4_k155,32,11,8,8,2,0.011,0.003,0.006,0.000,0.003,0.001
cube_d4_k155,32,12,2,0,0,0.002,0.001,0.000,,,
cube_d4_k155,32,0,310,22343250,7447750,2.304,5.370,303.456,0.000,80.582,68.935
cube_d4_k155,32,1,7447750,7447750,2091434,279.443,67.378,188.803,0.000,27.192,21.402
cube_d4_k155,32,2,2091434,2091434,524288,85.346,19.974,51.054,0.000,8.120,5.995
cube_d4_k155,32,3,524288,524288,131072,23.755,5.208,14.157,0.000,2.538,1.747
cube_d4_k155,32,4,131072,131072,32768,6.401,1.639,4.091,0.000,0.807,0.523
cube_d4_k155,32,5,32768,32768,8192,1.508,0.460,2.471,0.000,1.527,0.188
cube_d4_k155,32,6,8192,8192,2048,1.017,0.329,0.890,0.000,0.449,0.072
cube_d4_k155,32,7,2048,2048,512,0.280,0.134,0.316,0.000,0.155,0.039
cube_d4_k155,32,8,512,512,128,0.100,0.056,0.110,0.000,0.040,0.023
cube_d4_k155,32,9,128,128,32,0.045,0.028,0.049,0.000,0.013,0.012
cube_d4_k155,32,10,32,32,8,0.023,0.008,0.024,0.000,0.006,0.003
cube_d4_k155,32,11,8,8,2,0.011,0.003,0.006,0.000,0.003,0.001
cube_d4_k155,32,12,2,0,0,0.002,0.001,0.000,,,
cube_d4_k155,32,0,310,22343250,7447750,2.071,5.263,296.893,0.000,79.321,67.579
cube_d4_k155,32,1,7447750,7447750,2091434,279.242,67.602,190.613,0.000,27.819,21.414
cube_d4_k155,32,2,2091434,2091434,524288,86.368,20.577,50.841,0.000,7.526,6.260
cube_d4_k155,32,3,524288,524288,131072,23.450,5.807,14.951,0.000,2.527,1.845
cube_d4_k155,32,4,131072,131072,32768,6.092,1.417,3.966,0.000,0.798,0.516
cube_d4_k155,32,5,32768,32768,8192,1.486,0.483,2.643,0.000,1.671,0.197
cube_d4_k155,32,6,8192,8192,2048,1.011,0.324,0.899,0.000,0.456,0.073
cube_d4_k155,32,7,2048,2048,512,0.294,0.134,0.328,0.000,0.158,0.044
cube_d4_k155,32,8,512,512,128,0.106,0.056,0.114,0.000,0.038,0.023
cube_d4_k155,32,9,128,128,32,0.045,0.028,0.051,0.000,0.015,0.012
cube_d4_k155,32,10,32,32,8,0.022,0.007,0.023,0.000,0.006,0.003
cube_d4_k155,32,11,8,8,2,0.008,0.002,0.006,0.000,0.003,0.001
cube_d4_k155,32,12,2,0,0,0.002,0.001,0.000,,,
cube_d4_k155,32,0,310,22343250,7447750,2.046,4.999,303.824,0.000,80.302,68.105
cube_d4_k155,32,1,7447750,7447750,2091434,280.471,67.125,191.219,0.000,27.713,21.633
cube_d4_k155,32,2,2091434,2091434,524288,87.060,20.612,50.766,0.000,7.517,6.104
cube_d4_k155,32,3,524288,524288,131072,24.228,5.247,14.357,0.000,2.529,1.776
cube_d4_k155,32,4,131072,131072,32768,6.310,1.471,4.075,0.000,0.876,0.521
cube_d4_k155,32,5,32768,32768,8192,1.588,0.492,2.643,0.000,1.653,0.206
cube_d4_k155,32,6,8192,8192,2048,1.040,0.326,0.901,0.000,0.446,0.081
cube_d4_k155,32,7,2048,2048,512,0.283,0.114,0.340,0.000,0.158,0.043
cube_d4_k155,32,8,512,512,128,0.099,0.060,0.112,0.000,0.042,0.020
cube_d4_k155,32,9,128,128,32,0.047,0.028,0.052,0.000,0.016,0.013
cube_d4_k155,32,10,32,32,8,0.025,0.012,0.021,0.000,0.006,0.003
cube_d4_k155,32,11,8,8,2,0.010,0.002,0.006,0.000,0.003,0.001
cube_d4_k155,32,12,2,0,0,0.002,0.001,0.000,,,
cube_d4_k155,64,0,310,22343250,7447750,17.041,17.654,266.902,0.000,123.343,42.158
cube_d4_k155,64,1,7447750,7447750,2091434,131.502,38.006,136.141,0.000,47.770,15.617
cube_d4_k155,64,2,2091434,2091434,524288,47.384,11.275,35.385,0.000,8.696,7.393
cube_d4_k155,64,3,524288,524288,131072,15.785,4.953,8.704,0.000,1.904,1.055
cube_d4_k155,64,4,131072,131072,32768,3.710,0.992,2.536,0.000,0.723,0.348
cube_d4_k155,64,5,32768,32768,8192,1.006,0.352,2.194,0.000,1.590,0.135
cube_d4_k155,64,6,8192,8192,2048,0.999,0.307,0.746,0.000,0.389,0.067
cube_d4_k155,64,7,2048,2048,512,0.332,0.095,0.252,0.000,0.124,0.032
cube_d4_k155,64,8,512,512,128,0.110,0.046,0.099,0.000,0.036,0.023
cube_d4_k155,64,9,128,128,32,0.049,0.024,0.045,0.000,0.016,0.010
cube_d4_k155,64,10,32,32,8,0.023,0.011,0.013,0.000,0.006,0.002
cube_d4_k155,64,11,8,8,2,0.007,0.002,0.006,0.000,0.003,0.001
cube_d4_k155,64,12,2,0,0,0.002,0.001,0.000,,,
cube_d4_k155,64,0,310,22343250,7447750,2.104,4.874,215.379,0.000,60.838,37.547
cube_d4_k155,64,1,7447750,7447750,2091434,138.308,43.454,110.994,0.000,22.217,13.724
cube_d4_k155,64,2,2091434,2091434,524288,50.726,11.800,30.761,0.000,7.034,4.484
cube_d4_k155,64,3,524288,524288,131072,14.503,3.325,8.434,0.000,1.922,1.086
cube_d4_k155,64,4,131072,131072,32768,3.724,1.032,2.558,0.000,0.698,0.350
cube_d4_k155,64,5,32768,32768,8192,0.984,0.337,2.229,0.000,1.625,0.135
cube_d4_k155,64,6,8192,8192,2048,0.942,0.322,0.775,0.000,0.408,0.072
cube_d4_k155,64,7,2048,2048,512,0.341,0.103,0.263,0.000,0.121,0.037
cube_d4_k155,64,8,512,512,128,0.106,0.058,0.101,0.000,0.037,0.025
cube_d4_k155,64,9,128,128,32,0.052,0.025,0.042,0.000,0.013,0.008
cube_d4_k155,64,10,32,32,8,0.023,0.007,0.022,0.000,0.005,0.003
cube_d4_k155,64,11,8,8,2,0.012,0.003,0.006,0.000,0.003,0.001
cube_d4_k155,64,12,2,0,0,0.002,0.001,0.000,,,
cube_d4_k155,64,0,310,22343250,7447750,2.206,5.215,229.782,0.000,65.137,37.875
cube_d4_k155,64,1,7447750,7447750,2091434,143.978,45.870,111.459,0.000,21.819,12.020
cube_d4_k155,64,2,2091434,2091434,524288,44.292,12.132,29.880,0.000,7.235,3.304
cube_d4_k155,64,3,524288,524288,131072,14.566,3.355,8.669,0.000,1.956,1.027
cube_d4_k155,64,4,131072,131072,32768,3.786,1.009,2.663,0.000,0.763,0.361
cube_d4_k155,64,5,32768,32768,8192,0.969,0.348,2.199,0.000,1.563,0.152
cube_d4_k155,64,6,8192,8192,2048,0.937,0.303,0.820,0.000,0.452,0.071
cube_d4_k155,64,7,2048,2048,512,0.335,0.110,0.267,0.000,0.125,0.035
cube_d4_k155,64,8,512,512,128,0.107,0.049,0.106,0.000,0.040,0.023
cube_d4_k155,64,9,128,128,32,0.039,0.028,0.047,0.000,0.014,0.014
cube_d4_k155,64,10,32,32,8,0.022,0.011,0.022,0.000,0.006,0.003
cube_d4_k155,64,11,8,8,2,0.011,0.002,0.006,0.000,0.003,0.001
cube_d4_k155,64,12,2,0,0,0.002,0.001,0.000,,,
cube_d4_k155,64,0,310,22343250,7447750,2.096,5.034,230.356,0.000,64.395,37.667
cube_d4_k155,64,1,7447750,7447750,2091434,145.346,45.737,110.956,0.000,22.140,12.083
cube_d4_k155,64,2,2091434,2091434,524288,44.730,11.800,29.946,0.000,7.349,3.424
cube_d4_k155,64,3,524288,524288,131072,14.892,3.535,8.595,0.000,1.944,1.163
cube_d4_k155,64,4,131072,131072,32768,3.646,0.957,2.537,0.000,0.637,0.366
cube_d4_k155,64,5,32768,32768,8192,0.963,0.355,2.239,0.000,1.609,0.145
cube_d4_k155,64,6,8192,8192,2048,0.985,0.307,0.775,0.000,0.418,0.062
cube_d4_k155,64,7,2048,2048,512,0.354,0.114,0.269,0.000,0.125,0.038
cube_d4_k155,64,8,512,512,128,0.109,0.045,0.113,0.000,0.043,0.025
cube_d4_k155,64,9,128,128,32,0.045,0.030,0.044,0.000,0.013,0.009
cube_d4_k155,64,10,32,32,8,0.021,0.012,0.020,0.000,0.006,0.003
cube_d4_k155,64,11,8,8,2,0.006,0.002,0.006,0.000,0.003,0.001
cube_d4_k155,64,12,2,0,0,0.002,0.001,0.000,,,
cube_d4_k155,64,0,310,22343250,7447750,2.074,4.996,226.414,0.000,64.404,38.004
cube_d4_k155,64,1,7447750,7447750,2091434,147.367,44.879,111.832,0.000,22.946,12.120
cube_d4_k155,64,2,2091434,2091434,524288,44.620,12.072,28.945,0.000,6.224,3.371
cube_d4_k155,64,3,524288,524288,131072,15.034,3.335,8.571,0.000,1.945,1.061
cube_d4_k155,64,4,131072,131072,32768,3.724,1.156,2.734,0.000,0.721,0.347
cube_d4_k155,64,5,32768,32768,8192,0.994,0.365,2.196,0.000,1.580,0.143
cube_d4_k155,64,6,8192,8192,2048,0.956,0.369,0.766,0.000,0.412,0.061
cube_d4_k155,64,7,2048,2048,512,0.355,0.108,0.264,0.000,0.125,0.038
cube_d4_k155,64,8,512,512,128,0.105,0.054,0.100,0.000,0.041,0.020
cube_d4_k155,64,9,128,128,32,0.061,0.029,0.050,0.000,0.014,0.013
cube_d4_k155,64,10,32,32,8,0.022,0.007,0.024,0.000,0.006,0.002
cube_d4_k155,64,11,8,8,2,0.008,0.003,0.006,0.000,0.003,0.001
cube_d4_k155,64,12,2,0,0,0.003,0.001,0.000,,,
cube_d4_k155,64,0,310,22343250,7447750,2.017,4.884,227.862,0.000,64.981,37.784
cube_d4_k155,64,1,7447750,7447750,2091434,143.813,44.203,109.239,0.000,22.112,12.359
cube_d4_k155,64,2,2091434,2091434,524288,44.938,11.939,29.546,0.000,6.326,3.634
cube_d4_k155,64,3,524288,524288,131072,15.307,3.362,8.675,0.000,1.957,1.122
cube_d4_k155,64,4,131072,131072,32768,3.698,0.991,2.681,0.000,0.728,0.360
cube_d4_k155,64,5,32768,32768,8192,1.603,0.374,2.245,0.000,1.599,0.155
cube_d4_k155,64,6,8192,8192,2048,0.947,0.312,0.874,0.000,0.487,0.072
cube_d4_k155,64,7,2048,2048,512,0.321,0.108,0.293,0.000,0.140,0.042
cube_d4_k155,64,8,512,512,128,0.100,0.061,0.113,0.000,0.040,0.026
cube_d4_k155,64,9,128,128,32,0.053,0.029,0.056,0.000,0.017,0.013
cube_d4_k155,64,10,32,32,8,0.021,0.008,0.021,0.000,0.006,0.003
cube_d4_k155,64,11,8,8,2,0.011,0.003,0.006,0.000,0.003,0.001
cube_d4_k155,64,12,2,0,0,0.002,0.001,0.000,,,
cube_d4_k155,128,0,310,22343250,7447750,16.935,22.260,314.594,0.000,156.432,39.296
cube_d4_k155,128,1,7447750,7447750,2091434,102.826,34.687,127.286,0.000,59.371,20.542
cube_d4_k155,128,2,2091434,2091434,524288,43.267,8.414,42.513,0.000,13.368,15.764
cube_d4_k155,128,3,524288,524288,131072,13.588,10.268,6.885,0.000,1.989,0.894
cube_d4_k155,128,4,131072,131072,32768,2.948,1.128,2.304,0.000,0.757,0.295
cube_d4_k155,128,5,32768,32768,8192,1.040,0.354,2.192,0.000,1.646,0.142
cube_d4_k155,128,6,8192,8192,2048,1.185,0.285,0.799,0.000,0.427,0.075
cube_d4_k155,128,7,2048,2048,512,0.345,0.135,0.341,0.000,0.160,0.060
cube_d4_k155,128,8,512,512,128,0.129,0.076,0.134,0.000,0.046,0.030
cube_d4_k155,128,9,128,128,32,0.059,0.030,0.073,0.000,0.019,0.020
cube_d4_k155,128,10,32,32,8,0.029,0.013,0.030,0.000,0.006,0.003
cube_d4_k155,128,11,8,8,2,0.015,0.003,0.005,0.000,0.003,0.001
cube_d4_k155,128,12,2,0,0,0.002,0.001,0.000,,,
cube_d4_k155,128,0,310,22343250,7447750,2.339,5.180,175.390,0.000,61.486,21.150
cube_d4_k155,128,1,7447750,7447750,2091434,82.710,27.996,77.055,0.000,20.510,10.641
cube_d4_k155,128,2,2091434,2091434,524288,29.774,9.318,25.155,0.000,7.611,5.243
cube_d4_k155,128,3,524288,524288,131072,11.262,2.813,6.728,0.000,1.863,0.996
cube_d4_k155,128,4,131072,131072,32768,2.511,1.063,2.382,0.000,0.731,0.326
cube_d4_k155,128,5,32768,32768,8192,0.912,0.361,2.184,0.000,1.644,0.140
cube_d4_k155,128,6,8192,8192,2048,1.083,0.305,0.910,0.000,0.452,0.089
cube_d4_k155,128,7,2048,2048,512,0.371,0.126,0.305,0.000,0.137,0.046
cube_d4_k155,128,8,512,512,128,0.127,0.101,0.125,0.000,0.044,0.026
cube_d4_k155,128,9,128,128,32,0.059,0.034,0.072,0.000,0.014,0.023
cube_d4_k155,128,10,32,32,8,0.031,0.007,0.027,0.000,0.006,0.003
cube_d4_k155,128,11,8,8,2,0.016,0.003,0.006,0.000,0.003,0.001
cube_d4_k155,128,12,2,0,0,0.002,0.001,0.000,,,
cube_d4_k155,128,0,310,22343250,7447750,2.194,5.328,176.995,0.000,61.151,21.091
cube_d4_k155,128,1,7447750,7447750,2091434,86.801,29.435,74.458,0.000,20.731,7.608
cube_d4_k155,128,2,2091434,2091434,524288,30.435,9.159,22.209,0.000,7.451,2.602
cube_d4_k155,128,3,524288,524288,131072,11.209,2.801,6.592,0.000,1.889,0.941
cube_d4_k155,128,4,131072,131072,32768,2.591,0.836,2.371,0.000,0.809,0.318
cube_d4_k155,128,5,32768,32768,8192,0.887,0.382,2.244,0.000,1.699,0.147
cube_d4_k155,128,6,8192,8192,2048,1.125,0.312,0.819,0.000,0.432,0.075
cube_d4_k155,128,7,2048,2048,512,0.333,0.126,0.316,0.000,0.151,0.048
cube_d4_k155,128,8,512,512,128,0.130,0.071,0.132,0.000,0.048,0.028
cube_d4_k155,128,9,128,128,32,0.068,0.024,0.064,0.000,0.014,0.020
cube_d4_k155,128,10,32,32,8,0.027,0.008,0.029,0.000,0.006,0.003
cube_d4_k155,128,11,8,8,2,0.015,0.003,0.006,0.000,0.003,0.001
cube_d4_k155,128,12,2,0,0,0.002,0.001,0.000,,,
cube_d4_k155,128,0,310,22343250,7447750,2.232,4.716,183.513,0.000,66.905,21.568
cube_d4_k155,128,1,7447750,7447750,2091434,85.309,30.137,74.696,0.000,21.046,7.709
cube_d4_k155,128,2,2091434,2091434,524288,38.179,9.953,22.829,0.000,7.817,2.729
cube_d4_k155,128,3,524288,524288,131072,11.314,2.808,7.295,0.000,1.897,0.974
cube_d4_k155,128,4,131072,131072,32768,2.540,0.838,2.205,0.000,0.635,0.309
cube_d4_k155,128,5,32768,32768,8192,0.758,0.359,2.126,0.000,1.585,0.138
cube_d4_k155,128,6,8192,8192,2048,1.153,0.299,0.812,0.000,0.423,0.080
cube_d4_k155,128,7,2048,2048,512,0.374,0.121,0.305,0.000,0.137,0.057
cube_d4_k155,128,8,512,512,128,0.128,0.074,0.150,0.000,0.048,0.032
cube_d4_k155,128,9,128,128,32,0.060,0.042,0.067,0.000,0.018,0.019
cube_d4_k155,128,10,32,32,8,0.030,0.008,0.026,0.000,0.006,0.003
cube_d4_k155,128,11,8,8,2,0.011,0.002,0.006,0.000,0.004,0.001
cube_d4_k155,128,12,2,0,0,0.002,0.001,0.000,,,
cube_d4_k155,128,0,310,22343250,7447750,2.185,5.006,184.101,0.000,66.732,21.449
cube_d4_k155,128,1,7447750,7447750,2091434,86.438,30.337,74.742,0.000,20.277,7.792
cube_d4_k155,128,2,2091434,2091434,524288,30.590,9.871,20.376,0.000,5.594,2.560
cube_d4_k155,128,3,524288,524288,131072,11.181,2.833,6.822,0.000,1.893,0.975
cube_d4_k155,128,4,131072,131072,32768,2.590,0.844,2.389,0.000,0.771,0.312
cube_d4_k155,128,5,32768,32768,8192,1.015,0.365,2.232,0.000,1.667,0.147
cube_d4_k155,128,6,8192,8192,2048,1.095,0.304,0.800,0.000,0.426,0.082
cube_d4_k155,128,7,2048,2048,512,0.361,0.119,0.323,0.000,0.142,0.060
cube_d4_k155,128,8,512,512,128,0.128,0.074,0.139,0.000,0.046,0.033
cube_d4_k155,128,9,128,128,32,0.067,0.035,0.073,0.000,0.015,0.023
cube_d4_k155,128,10,32,32,8,0.030,0.007,0.025,0.000,0.006,0.003
cube_d4_k155,128,11,8,8,2,0.010,0.002,0.006,0.000,0.003,0.001
cube_d4_k155,128,12,2,0,0,0.003,0.001,0.000,,,
cube_d4_k155,128,0,310,22343250,7447750,2.248,5.045,180.888,0.000,64.607,22.067
cube_d4_k155,128,1,7447750,7447750,2091434,87.253,30.001,74.171,0.000,20.169,7.858
cube_d4_k155,128,2,2091434,2091434,524288,30.887,10.536,20.164,0.000,5.343,2.541
cube_d4_k155,128,3,524288,524288,131072,11.156,3.014,6.830,0.000,1.963,1.031
cube_d4_k155,128,4,131072,131072,32768,2.517,0.818,2.163,0.000,0.613,0.323
cube_d4_k155,128,5,32768,32768,8192,0.779,0.375,2.243,0.000,1.690,0.129
cube_d4_k155,128,6,8192,8192,2048,1.154,0.298,0.823,0.000,0.425,0.078
cube_d4_k155,128,7,2048,2048,512,0.375,0.121,0.326,0.000,0.154,0.055
cube_d4_k155,128,8,512,512,128,0.135,0.068,0.150,0.000,0.045,0.043
cube_d4_k155,128,9,128,128,32,0.069,0.029,0.071,0.000,0.017,0.020
cube_d4_k155,128,10,32,32,8,0.031,0.014,0.024,0.000,0.007,0.003
cube_d4_k155,128,11,8,8,2,0.011,0.002,0.006,0.000,0.003,0.001
cube_d4_k155,128,12,2,0,0,0.002,0.001,0.000,,,
cube_d5_k5,1,0,10,750,250,0.245,0.005,0.159,0.000,0.069,0.043
cube_d5_k5,1,1,250,250,50,0.091,0.015,0.043,0.000,0.016,0.009
cube_d5_k5,1,2,50,50,10,0.020,0.004,0.012,0.000,0.005,0.002
cube_d5_k5,1,3,10,10,2,0.005,0.002,0.008,0.000,0.003,0.001
cube_d5_k5,1,4,2,0,0,0.002,0.001,0.000,,,
cube_d5_k5,1,0,10,750,250,0.005,0.002,0.122,0.000,0.046,0.031
cube_d5_k5,1,1,250,250,50,0.094,0.013,0.042,0.000,0.016,0.009
cube_d5_k5,1,2,50,50,10,0.019,0.004,0.012,0.000,0.005,0.002
cube_d5_k5,1,3,10,10,2,0.005,0.002,0.005,0.000,0.003,0.001
cube_d5_k5,1,4,2,0,0,0.002,0.001,0.000,,,
cube_d5_k5,1,0,10,750,250,0.005,0.002,0.121,0.000,0.046,0.031
cube_d5_k5,1,1,250,250,50,0.089,0.012,0.041,0.000,0.016,0.009
cube_d5_k5,1,2,50,50,10,0.019,0.004,0.012,0.000,0.005,0.002
cube_d5_k5,1,3,10,10,2,0.005,0.001,0.005,0.000,0.003,0.000
cube_d5_k5,1,4,2,0,0,0.002,0.000,0.000,,,
cube_d5_k5,1,0,10,750,250,0.005,0.002,0.121,0.000,0.046,0.031
cube_d5_k5,1,1,250,250,50,0.089,0.012,0.041,0.000,0.016,0.009
cube_d5_k5,1,2,50,50,10,0.019,0.004,0.012,0.000,0.005,0.002
cube_d5_k5,1,3,10,10,2,0.005,0.001,0.004,0.000,0.003,0.000
cube_d5_k5,1,4,2,0,0,0.002,0.000,0.000,,,
cube_d5_k5,1,0,10,750,250,0.005,0.002,0.120,0.000,0.046,0.031
cube_d5_k5,1,1,250,250,50,0.089,0.012,0.041,0.000,0.016,0.009
cube_d5_k5,1,2,50,50,10,0.019,0.003,0.014,0.000,0.006,0.003
cube_d5_k5,1,3,10,10,2,0.006,0.002,0.006,0.000,0.003,0.001
cube_d5_k5,1,4,2,0,0,0.002,0.001,0.000,,,
cube_d5_k5,1,0,10,750,250,0.006,0.002,0.150,0.000,0.057,0.039
cube_d5_k5,1,1,250,250,50,0.089,0.012,0.041,0.000,0.016,0.009
cube_d5_k5,1,2,50,50,10,0.019,0.003,0.012,0.000,0.005,0.002
cube_d5_k5,1,3,10,10,2,0.005,0.001,0.004,0.000,0.003,0.001
cube_d5_k5,1,4,2,0,0,0.002,0.000,0.000,,,
cube_d5_k5,2,0,10,750,250,0.202,0.005,0.321,0.000,0.196,0.065
cube_d5_k5,2,1,250,250,50,0.116,0.022,0.055,0.000,0.018,0.012
cube_d5_k5,2,2,50,50,10,0.022,0.004,0.014,0.000,0.006,0.003
cube_d5_k5,2,3,10,10,2,0.005,0.002,0.008,0.000,0.003,0.001
cube_d5_k5,2,4,2,0,0,0.002,0.001,0.000,,,
cube_d5_k5,2,0,10,750,250,0.005,0.002,0.133,0.000,0.047,0.036
cube_d5_k5,2,1,250,250,50,0.108,0.019,0.051,0.000,0.016,0.012
cube_d5_k5,2,2,50,50,10,0.021,0.004,0.013,0.000,0.006,0.002
cube_d5_k5,2,3,10,10,2,0.005,0.001,0.005,0.000,0.003,0.001
cube_d5_k5,2,4,2,0,0,0.002,0.000,0.000,,,
cube_d5_k5,2,0,10,750,250,0.005,0.002,0.148,0.000,0.054,0.040
cube_d5_k5,2,1,250,250,50,0.105,0.023,0.057,0.000,0.018,0.014
cube_d5_k5,2,2,50,50,10,0.022,0.004,0.013,0.000,0.006,0.003
cube_d5_k5,2,3,10,10,2,0.005,0.001,0.005,0.000,0.003,0.001
cube_d5_k5,2,4,2,0,0,0.002,0.000,0.000,,,
cube_d5_k5,2,0,10,750,250,0.005,0.002,0.154,0.000,0.050,0.045
cube_d5_k5,2,1,250,250,50,0.097,0.020,0.058,0.000,0.019,0.013
cube_d5_k5,2,2,50,50,10,0.023,0.004,0.013,0.000,0.006,0.002
cube_d5_k5,2,3,10,10,2,0.005,0.001,0.005,0.000,0.003,0.001
cube_d5_k5,2,4,2,0,0,0.002,0.000,0.000,,,
cube_d5_k5,2,0,10,750,250,0.005,0.002,0.145,0.000,0.055,0.040
cube_d5_k5,2,1,250,250,50,0.105,0.017,0.170,0.000,0.135,0.011
cube_d5_k5,2,2,50,50,10,0.024,0.004,0.012,0.000,0.005,0.002
cube_d5_k5,2,3,10,10,2,0.005,0.001,0.005,0.000,0.003,0.001
cube_d5_k5,2,4,2,0,0,0.002,0.000,0.000,,,
cube_d5_k5,2,0,10,750,250,0.005,0.002,0.131,0.000,0.042,0.039
cube_d5_k5,2,1,250,250,50,0.100,0.022,0.058,0.000,0.019,0.013
cube_d5_k5,2,2,50,50,10,0.024,0.004,0.013,0.000,0.006,0.003
cube_d5_k5,2,3,10,10,2,0.005,0.001,0.005,0.000,0.003,0.001
cube_d5_k5,2,4,2,0,0,0.002,0.000,0.000,,,
cube_d5_k5,4,0,10,750,250,0.209,0.005,0.243,0.000,0.075,0.049
cube_d5_k5,4,1,250,250,50,0.098,0.031,0.250,0.000,0.212,0.011
cube_d5_k5,4,2,50,50,10,0.029,0.006,0.014,0.000,0.006,0.002
cube_d5_k5,4,3,10,10,2,0.007,0.002,0.009,0.000,0.003,0.001
cube_d5_k5,4,4,2,0,0,0.002,0.001,0.000,,,
cube_d5_k5,4,0,10,750,250,0.006,0.002,0.140,0.000,0.057,0.033
cube_d5_k5,4,1,250,250,50,0.093,0.028,0.068,0.000,0.021,0.016
cube_d5_k5,4,2,50,50,10,0.027,0.004,0.015,0.000,0.007,0.003
cube_d5_k5,4,3,10,10,2,0.006,0.002,0.005,0.000,0.003,0.001
cube_d5_k5,4,4,2,0,0,0.002,0.001,0.000,,,
cube_d5_k5,4,0,10,750,250,0.006,0.002,0.144,0.000,0.052,0.035
cube_d5_k5,4,1,250,250,50,0.090,0.029,0.055,0.000,0.021,0.009
cube_d5_k5,4,2,50,50,10,0.034,0.007,0.013,0.000,0.005,0.002
cube_d5_k5,4,3,10,10,2,0.008,0.001,0.005,0.000,0.003,0.001
cube_d5_k5,4,4,2,0,0,0.002,0.001,0.000,,,
cube_d5_k5,4,0,10,750,250,0.006,0.002,0.145,0.000,0.050,0.039
cube_d5_k5,4,1,250,250,50,0.094,0.034,0.055,0.000,0.020,0.009
cube_d5_k5,4,2,50,50,10,0.033,0.005,0.014,0.000,0.006,0.002
cube_d5_k5,4,3,10,10,2,0.007,0.001,0.005,0.000,0.003,0.000
cube_d5_k5,4,4,2,0,0,0.002,0.001,0.000,,,
cube_d5_k5,4,0,10,750,250,0.005,0.002,0.138,0.000,0.049,0.034
cube_d5_k5,4,1,250,250,50,0.091,0.035,0.055,0.000,0.021,0.010
cube_d5_k5,4,2,50,50,10,0.037,0.006,0.014,0.000,0.005,0.002
cube_d5_k5,4,3,10,10,2,0.007,0.001,0.005,0.000,0.003,0.001
cube_d5_k5,4,4,2,0,0,0.002,0.001,0.000,,,
cube_d5_k5,4,0,10,750,250,0.005,0.002,0.150,0.000,0.059,0.034
cube_d5_k5,4,1,250,250,50,0.095,0.035,0.057,0.000,0.021,0.011
cube_d5_k5,4,2,50,50,10,0.028,0.004,0.012,0.000,0.005,0.003
cube_d5_k5,4,3,10,10,2,0.008,0.002,0.005,0.000,0.003,0.000
cube_d5_k5,4,4,2,0,0,0.002,0.000,0.000,,,
cube_d5_k5,8,0,10,750,250,0.388,0.006,0.466,0.000,0.324,0.069
cube_d5_k5,8,1,250,250,50,0.081,0.034,0.289,0.000,0.248,0.013
cube_d5_k5,8,2,50,50,10,0.033,0.013,0.015,0.000,0.006,0.002
cube_d5_k5,8,3,10,10,2,0.013,0.004,0.009,0.000,0.003,0.001
cube_d5_k5,8,4,2,0,0,0.002,0.001,0.000,,,
cube_d5_k5,8,0,10,750,250,0.006,0.002,0.149,0.000,0.053,0.038
cube_d5_k5,8,1,250,250,50,0.094,0.036,0.299,0.000,0.250,0.020
cube_d5_k5,8,2,50,50,10,0.036,0.005,0.015,0.000,0.006,0.003
cube_d5_k5,8,3,10,10,2,0.006,0.002,0.005,0.000,0.003,0.001
cube_d5_k5,8,4,2,0,0,0.002,0.001,0.000,,,
cube_d5_k5,8,0,10,750,250,0.005,0.002,0.139,0.000,0.055,0.036
cube_d5_k5,8,1,250,250,50,0.089,0.034,0.067,0.000,0.023,0.017
cube_d5_k5,8,2,50,50,10,0.041,0.006,0.016,0.000,0.007,0.003
cube_d5_k5,8,3,10,10,2,0.010,0.003,0.005,0.000,0.003,0.001
cube_d5_k5,8,4,2,0,0,0.002,0.000,0.000,,,
cube_d5_k5,8,0,10,750,250,0.005,0.002,0.256,0.000,0.167,0.034
cube_d5_k5,8,1,250,250,50,0.100,0.032,0.066,0.000,0.024,0.015
cube_d5_k5,8,2,50,50,10,0.038,0.007,0.017,0.000,0.007,0.003
cube_d5_k5,8,3,10,10,2,0.011,0.004,0.005,0.000,0.003,0.000
cube_d5_k5,8,4,2,0,0,0.002,0.000,0.000,,,
cube_d5_k5,8,0,10,750,250,0.006,0.002,0.151,0.000,0.061,0.038
cube_d5_k5,8,1,250,250,50,0.092,0.037,0.067,0.000,0.023,0.017
cube_d5_k5,8,2,50,50,10,0.034,0.014,0.017,0.000,0.007,0.003
cube_d5_k5,8,3,10,10,2,0.011,0.001,0.005,0.000,0.003,0.001
cube_d5_k5,8,4,2,0,0,0.002,0.000,0.000,,,
cube_d5_k5,8,0,10,750,250,0.005,0.002,0.143,0.000,0.051,0.035
cube_d5_k5,8,1,250,250,50,0.091,0.035,0.064,0.000,0.024,0.013
cube_d5_k5,8,2,50,50,10,0.040,0.007,0.016,0.000,0.006,0.002
cube_d5_k5,8,3,10,10,2,0.011,0.003,0.005,0.000,0.003,0.000
cube_d5_k5,8,4,2,0,0,0.002,0.000,0.000,,,
cube_d5_k5,16,0,10,750,250,0.426,0.007,0.387,0.000,0.185,0.059
cube_d5_k5,16,1,250,250,50,0.179,0.230,0.607,0.000,0.562,0.016
cube_d5_k5,16,2,50,50,10,0.027,0.008,0.016,0.000,0.007,0.003
cube_d5_k5,16,3,10,10,2,0.010,0.003,0.009,0.000,0.003,0.001
cube_d5_k5,16,4,2,0,0,0.002,0.001,0.000,,,
cube_d5_k5,16,0,10,750,250,0.006,0.003,0.132,0.000,0.049,0.034
cube_d5_k5,16,1,250,250,50,0.082,0.034,0.271,0.000,0.233,0.013
cube_d5_k5,16,2,50,50,10,0.025,0.007,0.015,0.000,0.006,0.003
cube_d5_k5,16,3,10,10,2,0.009,0.003,0.005,0.000,0.003,0.001
cube_d5_k5,16,4,2,0,0,0.002,0.001,0.000,,,
cube_d5_k5,16,0,10,750,250,0.006,0.003,0.240,0.000,0.157,0.034
cube_d5_k5,16,1,250,250,50,0.092,0.033,0.061,0.000,0.021,0.014
cube_d5_k5,16,2,50,50,10,0.045,0.008,0.017,0.000,0.007,0.003
cube_d5_k5,16,3,10,10,2,0.007,0.001,0.005,0.000,0.003,0.001
cube_d5_k5,16,4,2,0,0,0.002,0.001,0.000,,,
cube_d5_k5,16,0,10,750,250,0.005,0.003,0.131,0.000,0.049,0.034
cube_d5_k5,16,1,250,250,50,0.077,0.029,0.254,0.000,0.214,0.013
cube_d5_k5,16,2,50,50,10,0.028,0.007,0.016,0.000,0.007,0.003
cube_d5_k5,16,3,10,10,2,0.147,0.003,0.005,0.000,0.003,0.001
cube_d5_k5,16,4,2,0,0,0.002,0.001,0.000,,,
cube_d5_k5,16,0,10,750,250,0.005,0.002,0.134,0.000,0.048,0.036
cube_d5_k5,16,1,250,250,50,0.104,0.032,0.176,0.000,0.131,0.017
cube_d5_k5,16,2,50,50,10,0.027,0.011,0.017,0.000,0.007,0.003
cube_d5_k5,16,3,10,10,2,0.011,0.003,0.005,0.000,0.003,0.001
cube_d5_k5,16,4,2,0,0,0.002,0.001,0.000,,,
cube_d5_k5,16,0,10,750,250,0.006,0.002,0.136,0.000,0.048,0.034
cube_d5_k5,16,1,250,250,50,0.089,0.030,0.166,0.000,0.124,0.013
cube_d5_k5,16,2,50,50,10,0.029,0.007,0.016,0.000,0.006,0.003
cube_d5_k5,16,3,10,10,2,0.011,0.002,0.005,0.000,0.003,0.000
cube_d5_k5,16,4,2,0,0,0.002,0.000,0.000,,,
cube_d5_k5,32,0,10,750,250,0.382,0.006,0.385,0.000,0.269,0.066
cube_d5_k5,32,1,250,250,50,0.059,0.036,0.496,0.000,0.439,0.021
cube_d5_k5,32,2,50,50,10,0.026,0.016,0.017,0.000,0.007,0.003
cube_d5_k5,32,3,10,10,2,0.009,0.003,0.008,0.000,0.003,0.001
cube_d5_k5,32,4,2,0,0,0.002,0.001,0.000,,,
cube_d5_k5,32,0,10,750,250,0.006,0.003,0.127,0.000,0.045,0.033
cube_d5_k5,32,1,250,250,50,0.053,0.032,0.222,0.000,0.177,0.017
cube_d5_k5,32,2,50,50,10,0.025,0.010,0.016,0.000,0.006,0.003
cube_d5_k5,32,3,10,10,2,0.009,0.003,0.005,0.000,0.003,0.001
cube_d5_k5,32,4,2,0,0,0.002,0.001,0.000,,,
cube_d5_k5,32,0,10,750,250,0.005,0.002,0.122,0.000,0.045,0.031
cube_d5_k5,32,1,250,250,50,0.201,0.032,0.282,0.000,0.238,0.016
cube_d5_k5,32,2,50,50,10,0.025,0.015,0.018,0.000,0.007,0.003
cube_d5_k5,32,3,10,10,2,0.009,0.002,0.005,0.000,0.003,0.001
cube_d5_k5,32,4,2,0,0,0.002,0.000,0.000,,,
cube_d5_k5,32,0,10,750,250,0.006,0.003,0.120,0.000,0.046,0.033
cube_d5_k5,32,1,250,250,50,0.053,0.033,0.065,0.000,0.019,0.018
cube_d5_k5,32,2,50,50,10,0.024,0.012,0.016,0.000,0.006,0.003
cube_d5_k5,32,3,10,10,2,0.009,0.002,0.005,0.000,0.003,0.000
cube_d5_k5,32,4,2,0,0,0.002,0.000,0.000,,,
cube_d5_k5,32,0,10,750,250,0.005,0.002,0.141,0.000,0.044,0.035
cube_d5_k5,32,1,250,250,50,0.059,0.032,0.208,0.000,0.161,0.021
cube_d5_k5,32,2,50,50,10,0.024,0.008,0.016,0.000,0.006,0.003
cube_d5_k5,32,3,10,10,2,0.009,0.002,0.005,0.000,0.003,0.000
cube_d5_k5,32,4,2,0,0,0.002,0.000,0.000,,,
cube_d5_k5,32,0,10,750,250,0.005,0.002,0.125,0.000,0.044,0.031
cube_d5_k5,32,1,250,250,50,0.056,0.029,0.275,0.000,0.231,0.017
cube_d5_k5,32,2,50,50,10,0.024,0.013,0.018,0.000,0.007,0.003
cube_d5_k5,32,3,10,10,2,0.010,0.003,0.005,0.000,0.003,0.000
cube_d5_k5,32,4,2,0,0,0.002,0.000,0.000,,,
cube_d5_k5,64,0,10,750,250,0.516,0.005,3.144,0.000,2.547,0.535
cube_d5_k5,64,1,250,250,50,0.063,0.039,0.507,0.000,0.352,0.127
cube_d5_k5,64,2,50,50,10,0.026,0.009,0.016,0.000,0.007,0.003
cube_d5_k5,64,3,10,10,2,0.010,0.003,0.007,0.000,0.003,0.001
cube_d5_k5,64,4,2,0,0,0.002,0.001,0.000,,,
cube_d5_k5,64,0,10,750,250,0.005,0.002,0.329,0.000,0.152,0.128
cube_d5_k5,64,1,250,250,50,0.058,0.033,0.287,0.000,0.246,0.015
cube_d5_k5,64,2,50,50,10,0.022,0.014,0.016,0.000,0.005,0.003
cube_d5_k5,64,3,10,10,2,0.012,0.003,0.005,0.000,0.003,0.001
cube_d5_k5,64,4,2,0,0,0.002,0.000,0.000,,,
cube_d5_k5,64,0,10,750,250,0.005,0.002,0.255,0.000,0.168,0.034
cube_d5_k5,64,1,250,250,50,0.051,0.035,0.355,0.000,0.310,0.017
cube_d5_k5,64,2,50,50,10,0.024,0.007,0.017,0.000,0.006,0.002
cube_d5_k5,64,3,10,10,2,0.008,0.001,0.005,0.000,0.003,0.001
cube_d5_k5,64,4,2,0,0,0.002,0.001,0.000,,,
cube_d5_k5,64,0,10,750,250,0.005,0.002,0.122,0.000,0.044,0.034
cube_d5_k5,64,1,250,250,50,0.155,0.037,0.225,0.000,0.183,0.014
cube_d5_k5,64,2,50,50,10,0.025,0.008,0.016,0.000,0.006,0.002
cube_d5_k5,64,3,10,10,2,0.007,0.001,0.005,0.000,0.003,0.000
cube_d5_k5,64,4,2,0,0,0.002,0.000,0.000,,,
cube_d5_k5,64,0,10,750,250,0.005,0.002,0.127,0.000,0.049,0.031
cube_d5_k5,64,1,250,250,50,0.054,0.039,0.239,0.000,0.191,0.020
cube_d5_k5,64,2,50,50,10,0.027,0.008,0.016,0.000,0.006,0.003
cube_d5_k5,64,3,10,10,2,0.010,0.003,0.005,0.000,0.003,0.001
cube_d5_k5,64,4,2,0,0,0.002,0.000,0.000,,,
cube_d5_k5,64,0,10,750,250,0.005,0.002,0.136,0.000,0.043,0.035
cube_d5_k5,64,1,250,250,50,0.053,0.031,0.220,0.000,0.184,0.013
cube_d5_k5,64,2,50,50,10,0.023,0.009,0.020,0.000,0.006,0.003
cube_d5_k5,64,3,10,10,2,0.009,0.002,0.005,0.000,0.003,0.000
cube_d5_k5,64,4,2,0,0,0.002,0.000,0.000,,,
cube_d5_k5,128,0,10,750,250,1.080,0.007,7.810,0.000,7.488,0.174
cube_d5_k5,128,1,250,250,50,4.210,0.049,0.890,0.000,0.837,0.015
cube_d5_k5,128,2,50,50,10,0.814,0.016,0.018,0.000,0.007,0.003
cube_d5_k5,128,3,10,10,2,0.131,0.003,0.009,0.000,0.003,0.001
cube_d5_k5,128,4,2,0,0,0.002,0.001,0.000,,,
cube_d5_k5,128,0,10,750,250,0.006,0.003,0.988,0.000,0.845,0.065
cube_d5_k5,128,1,250,250,50,2.912,0.045,1.540,0.000,1.347,0.152
cube_d5_k5,128,2,50,50,10,1.023,0.017,0.017,0.000,0.007,0.003
cube_d5_k5,128,3,10,10,2,0.014,0.005,0.006,0.000,0.003,0.001
cube_d5_k5,128,4,2,0,0,0.002,0.001,0.000,,,
cube_d5_k5,128,0,10,750,250,0.006,0.003,0.181,0.000,0.050,0.044
cube_d5_k5,128,1,250,250,50,0.920,0.041,3.861,0.000,3.771,0.048
cube_d5_k5,128,2,50,50,10,0.037,0.009,0.018,0.000,0.007,0.003
cube_d5_k5,128,3,10,10,2,0.007,0.002,0.006,0.000,0.003,0.001
cube_d5_k5,128,4,2,0,0,0.002,0.001,0.000,,,
cube_d5_k5,128,0,10,750,250,0.006,0.002,0.201,0.000,0.057,0.045
cube_d5_k5,128,1,250,250,50,0.082,0.043,1.594,0.000,1.341,0.216
cube_d5_k5,128,2,50,50,10,0.036,0.015,0.028,0.000,0.007,0.014
cube_d5_k5,128,3,10,10,2,0.011,0.003,0.005,0.000,0.003,0.001
cube_d5_k5,128,4,2,0,0,0.002,0.001,0.000,,,
cube_d5_k5,128,0,10,750,250,0.005,0.002,0.302,0.000,0.172,0.055
cube_d5_k5,128,1,250,250,50,0.075,0.045,1.913,0.000,1.761,0.110
cube_d5_k5,128,2,50,50,10,0.032,0.009,0.016,0.000,0.006,0.003
cube_d5_k5,128,3,10,10,2,0.008,0.001,0.005,0.000,0.003,0.000
cube_d5_k5,128,4,2,0,0,0.002,0.001,0.000,,,
cube_d5_k5,128,0,10,750,250,0.005,0.002,0.199,0.000,0.056,0.057
cube_d5_k5,128,1,250,250,50,0.082,0.037,0.782,0.000,0.730,0.016
cube_d5_k5,128,2,50,50,10,0.032,0.009,0.021,0.000,0.006,0.003
cube_d5_k5,128,3,10,10,2,0.013,0.002,0.005,0.000,0.003,0.001
cube_d5_k5,128,4,2,0,0,0.002,0.000,0.000,,,
cube_d5_k55,1,0,110,998250,332750,0.748,1.166,201.719,0.000,71.082,39.992
cube_d5_k55,1,1,332750,332750,127750,153.293,27.631,93.264,0.000,25.498,16.168
cube_d5_k55,1,2,127750,127750,31250,62.551,7.531,36.466,0.000,10.502,5.036
cube_d5_k55,1,3,31250,31250,6250,20.267,1.802,7.240,0.000,2.018,0.957
cube_d5_k55,1,4,6250,6250,1250,3.202,0.324,1.100,0.000,0.348,0.195
cube_d5_k55,1,5,1250,1250,250,0.604,0.059,0.230,0.000,0.078,0.040
cube_d5_k55,1,6,250,250,50,0.121,0.014,0.048,0.000,0.016,0.009
cube_d5_k55,1,7,50,50,10,0.025,0.004,0.013,0.000,0.005,0.002
cube_d5_k55,1,8,10,10,2,0.006,0.002,0.006,0.000,0.003,0.001
cube_d5_k55,1,9,2,0,0,0.002,0.001,0.000,,,
cube_d5_k55,1,0,110,998250,332750,0.758,1.159,198.634,0.000,69.097,39.514
cube_d5_k55,1,1,332750,332750,127750,157.083,22.648,93.547,0.000,25.815,15.539
cube_d5_k55,1,2,127750,127750,31250,65.234,8.050,35.088,0.000,9.267,4.854
cube_d5_k55,1,3,31250,31250,6250,22.119,1.882,7.177,0.000,1.918,0.971
cube_d5_k55,1,4,6250,6250,1250,3.123,0.311,1.118,0.000,0.352,0.194
cube_d5_k55,1,5,1250,1250,250,0.567,0.063,0.222,0.000,0.069,0.039
cube_d5_k55,1,6,250,250,50,0.117,0.013,0.048,0.000,0.017,0.009
cube_d5_k55,1,7,50,50,10,0.024,0.004,0.013,0.000,0.005,0.002
cube_d5_k55,1,8,10,10,2,0.006,0.002,0.006,0.000,0.003,0.001
cube_d5_k55,1,9,2,0,0,0.002,0.001,0.000,,,
cube_d5_k55,1,0,110,998250,332750,0.662,0.922,198.506,0.000,68.732,39.861
cube_d5_k55,1,1,332750,332750,127750,163.021,25.475,93.772,0.000,25.977,15.408
cube_d5_k55,1,2,127750,127750,31250,65.814,7.335,34.856,0.000,9.210,4.755
cube_d5_k55,1,3,31250,31250,6250,21.786,1.820,7.251,0.000,1.930,1.006
cube_d5_k55,1,4,6250,6250,1250,3.106,0.307,1.098,0.000,0.338,0.191
cube_d5_k55,1,5,1250,1250,250,0.589,0.059,0.223,0.000,0.069,0.039
cube_d5_k55,1,6,250,250,50,0.116,0.014,0.048,0.000,0.016,0.009
cube_d5_k55,1,7,50,50,10,0.025,0.004,0.013,0.000,0.005,0.002
cube_d5_k55,1,8,10,10,2,0.006,0.002,0.006,0.000,0.003,0.001
cube_d5_k55,1,9,2,0,0,0.002,0.001,0.000,,,
cube_d5_k55,1,0,110,998250,332750,0.745,1.198,199.200,0.000,69.387,39.629
cube_d5_k55,1,1,332750,332750,127750,164.382,26.364,93.577,0.000,25.806,15.592
cube_d5_k55,1,2,127750,127750,31250,66.629,8.276,34.177,0.000,8.520,4.782
cube_d5_k55,1,3,31250,31250,6250,22.632,1.945,7.230,0.000,1.912,0.962
cube_d5_k55,1,4,6250,6250,1250,3.241,0.317,1.108,0.000,0.336,0.193
cube_d5_k55,1,5,1250,1250,250,0.593,0.061,0.220,0.000,0.069,0.039
cube_d5_k55,1,6,250,250,50,0.121,0.014,0.048,0.000,0.016,0.009
cube_d5_k55,1,7,50,50,10,0.024,0.004,0.013,0.000,0.005,0.002
cube_d5_k55,1,8,10,10,2,0.006,0.002,0.005,0.000,0.003,0.001
cube_d5_k55,1,9,2,0,0,0.002,0.001,0.000,,,
cube_d5_k55,1,0,110,998250,332750,0.757,1.207,197.962,0.000,68.832,39.524
cube_d5_k55,1,1,332750,332750,127750,167.495,28.944,93.152,0.000,25.719,15.415
cube_d5_k55,1,2,127750,127750,31250,66.306,7.855,35.130,0.000,9.514,4.806
cube_d5_k55,1,3,31250,31250,6250,22.030,1.881,7.259,0.000,1.970,0.968
cube_d5_k55,1,4,6250,6250,1250,3.212,0.313,1.139,0.000,0.362,0.201
cube_d5_k55,1,5,1250,1250,250,0.594,0.059,0.225,0.000,0.070,0.039
cube_d5_k55,1,6,250,250,50,0.122,0.013,0.048,0.000,0.016,0.009
cube_d5_k55,1,7,50,50,10,0.025,0.004,0.013,0.000,0.005,0.002
cube_d5_k55,1,8,10,10,2,0.006,0.002,0.005,0.000,0.003,0.001
cube_d5_k55,1,9,2,0,0,0.002,0.001,0.000,,,
cube_d5_k55,1,0,110,998250,332750,0.879,1.219,198.780,0.000,69.432,39.640
cube_d5_k55,1,1,332750,332750,127750,167.370,29.456,94.066,0.000,26.136,15.596
cube_d5_k55,1,2,127750,127750,31250,67.942,8.502,34.760,0.000,9.099,4.819
cube_d5_k55,1,3,31250,31250,6250,22.830,1.902,7.252,0.000,1.927,1.014
cube_d5_k55,1,4,6250,6250,1250,3.288,0.321,1.096,0.000,0.338,0.200
cube_d5_k55,1,5,1250,1250,250,0.608,0.061,0.233,0.000,0.075,0.040
cube_d5_k55,1,6,250,250,50,0.121,0.014,0.047,0.000,0.016,0.009
cube_d5_k55,1,7,50,50,10,0.025,0.004,0.013,0.000,0.005,0.002
cube_d5_k55,1,8,10,10,2,0.006,0.002,0.006,0.000,0.003,0.001
cube_d5_k55,1,9,2,0,0,0.002,0.001,0.000,,,
cube_d5_k55,2,0,110,998250,332750,1.278,1.416,117.295,0.000,36.732,36.312
cube_d5_k55,2,1,332750,332750,127750,123.159,16.260,63.627,0.000,14.346,13.737
cube_d5_k55,2,2,127750,127750,31250,48.055,6.963,29.589,0.000,7.910,4.127
cube_d5_k55,2,3,31250,31250,6250,14.441,2.432,5.837,0.000,1.866,0.918
cube_d5_k55,2,4,6250,6250,1250,2.798,0.564,1.210,0.000,0.374,0.195
cube_d5_k55,2,5,1250,1250,250,0.554,0.154,0.292,0.000,0.078,0.049
cube_d5_k55,2,6,250,250,50,0.130,0.025,0.129,0.000,0.024,0.012
cube_d5_k55,2,7,50,50,10,0.030,0.006,0.015,0.000,0.005,0.002
cube_d5_k55,2,8,10,10,2,0.007,0.002,0.006,0.000,0.003,0.001
cube_d5_k55,2,9,2,0,0,0.002,0.001,0.000,,,
cube_d5_k55,2,0,110,998250,332750,0.480,0.651,125.387,0.000,33.729,36.019
cube_d5_k55,2,1,332750,332750,127750,136.743,29.093,60.269,0.000,13.113,13.395
cube_d5_k55,2,2,127750,127750,31250,49.692,10.038,28.666,0.000,7.709,4.052
cube_d5_k55,2,3,31250,31250,6250,14.406,1.724,5.771,0.000,1.980,0.939
cube_d5_k55,2,4,6250,6250,1250,2.772,0.509,1.294,0.000,0.347,0.190
cube_d5_k55,2,5,1250,1250,250,0.536,0.130,0.291,0.000,0.085,0.044
cube_d5_k55,2,6,250,250,50,0.139,0.027,0.065,0.000,0.019,0.010
cube_d5_k55,2,7,50,50,10,0.031,0.006,0.016,0.000,0.005,0.003
cube_d5_k55,2,8,10,10,2,0.007,0.002,0.005,0.000,0.003,0.001
cube_d5_k55,2,9,2,0,0,0.002,0.001,0.000,,,
cube_d5_k55,2,0,110,998250,332750,0.486,0.609,117.065,0.000,33.266,36.012
cube_d5_k55,2,1,332750,332750,127750,143.681,29.073,61.923,0.000,13.458,13.323
cube_d5_k55,2,2,127750,127750,31250,53.143,10.511,29.566,0.000,7.689,4.139
cube_d5_k55,2,3,31250,31250,6250,14.005,2.175,5.816,0.000,1.843,0.921
cube_d5_k55,2,4,6250,6250,1250,2.863,0.552,1.205,0.000,0.344,0.239
cube_d5_k55,2,5,1250,1250,250,0.588,0.169,0.274,0.000,0.083,0.044
cube_d5_k55,2,6,250,250,50,0.118,0.032,0.068,0.000,0.019,0.013
cube_d5_k55,2,7,50,50,10,0.030,0.006,0.016,0.000,0.005,0.002
cube_d5_k55,2,8,10,10,2,0.007,0.002,0.006,0.000,0.003,0.001
cube_d5_k55,2,9,2,0,0,0.002,0.001,0.000,,,
cube_d5_k55,2,0,110,998250,332750,0.486,0.608,121.274,0.000,33.464,35.570
cube_d5_k55,2,1,332750,332750,127750,138.770,30.397,61.507,0.000,13.195,13.467
cube_d5_k55,2,2,127750,127750,31250,52.079,9.639,28.896,0.000,7.402,3.994
cube_d5_k55,2,3,31250,31250,6250,14.244,1.639,5.588,0.000,1.814,0.928
cube_d5_k55,2,4,6250,6250,1250,2.971,0.554,1.264,0.000,0.346,0.192
cube_d5_k55,2,5,1250,1250,250,0.548,0.154,0.286,0.000,0.080,0.045
cube_d5_k55,2,6,250,250,50,0.139,0.026,0.061,0.000,0.021,0.010
cube_d5_k55,2,7,50,50,10,0.030,0.006,0.016,0.000,0.006,0.002
cube_d5_k55,2,8,10,10,2,0.009,0.002,0.007,0.000,0.004,0.001
cube_d5_k55,2,9,2,0,0,0.002,0.001,0.000,,,
cube_d5_k55,2,0,110,998250,332750,0.486,0.694,121.554,0.000,33.369,36.012
cube_d5_k55,2,1,332750,332750,127750,145.356,30.156,62.056,0.000,13.260,13.531
cube_d5_k55,2,2,127750,127750,31250,53.301,10.305,28.960,0.000,7.294,4.021
cube_d5_k55,2,3,31250,31250,6250,13.937,2.081,5.709,0.000,1.794,0.939
cube_d5_k55,2,4,6250,6250,1250,2.889,0.560,1.159,0.000,0.352,0.199
cube_d5_k55,2,5,1250,1250,250,0.577,0.156,0.285,0.000,0.078,0.047
cube_d5_k55,2,6,250,250,50,0.129,0.029,0.072,0.000,0.022,0.013
cube_d5_k55,2,7,50,50,10,0.032,0.007,0.015,0.000,0.005,0.002
cube_d5_k55,2,8,10,10,2,0.007,0.002,0.006,0.000,0.003,0.001
cube_d5_k55,2,9,2,0,0,0.002,0.001,0.000,,,
cube_d5_k55,2,0,110,998250,332750,0.491,0.611,121.160,0.000,33.689,35.615
cube_d5_k55,2,1,332750,332750,127750,138.005,30.999,61.251,0.000,13.382,13.440
cube_d5_k55,2,2,127750,127750,31250,51.632,9.732,28.738,0.000,7.334,4.018
cube_d5_k55,2,3,31250,31250,6250,14.721,1.883,5.907,0.000,1.851,0.956
cube_d5_k55,2,4,6250,6250,1250,2.930,0.653,1.312,0.000,0.372,0.195
cube_d5_k55,2,5,1250,1250,250,0.543,0.129,0.303,0.000,0.083,0.044
cube_d5_k55,2,6,250,250,50,0.141,0.026,0.065,0.000,0.018,0.011
cube_d5_k55,2,7,50,50,10,0.029,0.006,0.015,0.000,0.005,0.003
cube_d5_k55,2,8,10,10,2,0.007,0.002,0.005,0.000,0.003,0.001
cube_d5_k55,2,9,2,0,0,0.002,0.001,0.000,,,
cube_d5_k55,4,0,110,998250,332750,1.030,1.235,70.404,0.000,20.459,22.333
cube_d5_k55,4,1,332750,332750,127750,71.262,13.341,39.852,0.000,8.052,8.499
cube_d5_k55,4,2,127750,127750,31250,32.748,6.151,19.915,0.000,6.721,2.423
cube_d5_k55,4,3,31250,31250,6250,9.267,1.830,4.678,0.000,1.869,0.519
cube_d5_k55,4,4,6250,6250,1250,2.238,0.547,1.187,0.000,0.444,0.127
cube_d5_k55,4,5,1250,1250,250,0.409,0.214,0.284,0.000,0.097,0.038
cube_d5_k55,4,6,250,250,50,0.137,0.036,0.079,0.000,0.022,0.015
cube_d5_k55,4,7,50,50,10,0.029,0.008,0.016,0.000,0.006,0.002
cube_d5_k55,4,8,10,10,2,0.008,0.002,0.005,0.000,0.003,0.001
cube_d5_k55,4,9,2,0,0,0.002,0.001,0.000,,,
cube_d5_k55,4,0,110,998250,332750,0.268,0.520,71.972,0.000,18.113,21.858
cube_d5_k55,4,1,332750,332750,127750,85.582,18.493,37.526,0.000,7.292,8.296
cube_d5_k55,4,2,127750,127750,31250,35.168,7.353,20.464,0.000,7.181,2.432
cube_d5_k55,4,3,31250,31250,6250,9.554,1.924,4.591,0.000,1.850,0.519
cube_d5_k55,4,4,6250,6250,1250,2.169,0.504,1.131,0.000,0.371,0.120
cube_d5_k55,4,5,1250,1250,250,0.470,0.116,0.305,0.000,0.085,0.042
cube_d5_k55,4,6,250,250,50,0.148,0.044,0.083,0.000,0.026,0.018
cube_d5_k55,4,7,50,50,10,0.028,0.009,0.017,0.000,0.005,0.003
cube_d5_k55,4,8,10,10,2,0.010,0.002,0.006,0.000,0.003,0.001
cube_d5_k55,4,9,2,0,0,0.002,0.001,0.000,,,
cube_d5_k55,4,0,110,998250,332750,0.261,0.453,67.506,0.000,18.021,20.233
cube_d5_k55,4,1,332750,332750,127750,87.840,18.783,38.691,0.000,7.398,8.178
cube_d5_k55,4,2,127750,127750,31250,35.035,7.295,20.250,0.000,6.708,2.273
cube_d5_k55,4,3,31250,31250,6250,10.019,1.816,4.784,0.000,2.041,0.551
cube_d5_k55,4,4,6250,6250,1250,2.348,0.549,1.095,0.000,0.342,0.131
cube_d5_k55,4,5,1250,1250,250,0.461,0.132,0.268,0.000,0.081,0.034
cube_d5_k55,4,6,250,250,50,0.149,0.037,0.078,0.000,0.023,0.016
cube_d5_k55,4,7,50,50,10,0.030,0.008,0.018,0.000,0.005,0.003
cube_d5_k55,4,8,10,10,2,0.009,0.002,0.005,0.000,0.003,0.001
cube_d5_k55,4,9,2,0,0,0.002,0.001,0.000,,,
cube_d5_k55,4,0,110,998250,332750,0.273,0.481,71.629,0.000,18.039,20.641
cube_d5_k55,4,1,332750,332750,127750,89.452,19.984,37.784,0.000,7.391,8.190
cube_d5_k55,4,2,127750,127750,31250,35.584,6.738,19.725,0.000,6.729,2.235
cube_d5_k55,4,3,31250,31250,6250,8.948,1.936,4.607,0.000,1.873,0.523
cube_d5_k55,4,4,6250,6250,1250,2.172,0.484,1.115,0.000,0.357,0.142
cube_d5_k55,4,5,1250,1250,250,0.454,0.134,0.277,0.000,0.088,0.034
cube_d5_k55,4,6,250,250,50,0.151,0.041,0.074,0.000,0.022,0.016
cube_d5_k55,4,7,50,50,10,0.030,0.008,0.017,0.000,0.006,0.003
cube_d5_k55,4,8,10,10,2,0.009,0.002,0.006,0.000,0.003,0.001
cube_d5_k55,4,9,2,0,0,0.002,0.001,0.000,,,
cube_d5_k55,4,0,110,998250,332750,0.261,0.456,70.462,0.000,17.863,20.625
cube_d5_k55,4,1,332750,332750,127750,86.044,19.334,38.214,0.000,7.545,8.074
cube_d5_k55,4,2,127750,127750,31250,35.354,7.470,19.684,0.000,6.322,2.378
cube_d5_k55,4,3,31250,31250,6250,9.271,1.768,4.556,0.000,1.733,0.631
cube_d5_k55,4,4,6250,6250,1250,2.180,0.470,1.090,0.000,0.329,0.126
cube_d5_k55,4,5,1250,1250,250,0.478,0.194,0.278,0.000,0.086,0.034
cube_d5_k55,4,6,250,250,50,0.144,0.039,0.086,0.000,0.033,0.014
cube_d5_k55,4,7,50,50,10,0.046,0.004,0.018,0.000,0.007,0.003
cube_d5_k55,4,8,10,10,2,0.009,0.002,0.006,0.000,0.003,0.001
cube_d5_k55,4,9,2,0,0,0.002,0.001,0.000,,,
cube_d5_k55,4,0,110,998250,332750,0.264,0.436,69.872,0.000,18.302,20.128
cube_d5_k55,4,1,332750,332750,127750,89.013,19.838,38.791,0.000,7.650,8.193
cube_d5_k55,4,2,127750,127750,31250,35.454,7.374,20.369,0.000,6.904,2.498
cube_d5_k55,4,3,31250,31250,6250,8.963,1.837,4.698,0.000,1.895,0.535
cube_d5_k55,4,4,6250,6250,1250,2.176,0.491,1.108,0.000,0.362,0.131
cube_d5_k55,4,5,1250,1250,250,0.446,0.132,0.264,0.000,0.086,0.036
cube_d5_k55,4,6,250,250,50,0.141,0.038,0.078,0.000,0.025,0.015
cube_d5_k55,4,7,50,50,10,0.032,0.008,0.018,0.000,0.005,0.003
cube_d5_k55,4,8,10,10,2,0.009,0.002,0.006,0.000,0.003,0.001
cube_d5_k55,4,9,2,0,0,0.002,0.001,0.000,,,
cube_d5_k55,8,0,110,998250,332750,1.150,1.341,38.211,0.000,12.113,11.050
cube_d5_k55,8,1,332750,332750,127750,41.484,9.244,22.016,0.000,5.075,4.177
cube_d5_k55,8,2,127750,127750,31250,15.997,3.364,13.316,0.000,6.502,1.177
cube_d5_k55,8,3,31250,31250,6250,4.398,0.968,3.213,0.000,1.643,0.296
cube_d5_k55,8,4,6250,6250,1250,1.261,0.356,0.782,0.000,0.304,0.083
cube_d5_k55,8,5,1250,1250,250,0.279,0.114,0.238,0.000,0.089,0.028
cube_d5_k55,8,6,250,250,50,0.077,0.028,0.062,0.000,0.021,0.013
cube_d5_k55,8,7,50,50,10,0.044,0.007,0.020,0.000,0.008,0.003
cube_d5_k55,8,8,10,10,2,0.008,0.002,0.008,0.000,0.004,0.001
cube_d5_k55,8,9,2,0,0,0.003,0.001,0.000,,,
cube_d5_k55,8,0,110,998250,332750,0.219,0.475,39.025,0.000,10.348,10.658
cube_d5_k55,8,1,332750,332750,127750,44.419,10.336,20.457,0.000,4.100,4.111
cube_d5_k55,8,2,127750,127750,31250,16.692,3.773,13.250,0.000,6.806,1.237
cube_d5_k55,8,3,31250,31250,6250,4.479,0.964,3.237,0.000,1.718,0.298
cube_d5_k55,8,4,6250,6250,1250,1.305,0.331,0.811,0.000,0.335,0.086
cube_d5_k55,8,5,1250,1250,250,0.288,0.116,0.229,0.000,0.086,0.027
cube_d5_k55,8,6,250,250,50,0.081,0.031,0.059,0.000,0.019,0.013
cube_d5_k55,8,7,50,50,10,0.044,0.007,0.017,0.000,0.006,0.003
cube_d5_k55,8,8,10,10,2,0.009,0.003,0.006,0.000,0.003,0.001
cube_d5_k55,8,9,2,0,0,0.002,0.001,0.000,,,
cube_d5_k55,8,0,110,998250,332750,0.216,0.431,39.109,0.000,10.048,10.609
cube_d5_k55,8,1,332750,332750,127750,46.375,10.750,20.559,0.000,3.954,4.118
cube_d5_k55,8,2,127750,127750,31250,16.527,3.726,12.688,0.000,6.020,1.198
cube_d5_k55,8,3,31250,31250,6250,4.215,0.955,3.178,0.000,1.630,0.311
cube_d5_k55,8,4,6250,6250,1250,1.286,0.323,0.822,0.000,0.312,0.096
cube_d5_k55,8,5,1250,1250,250,0.280,0.107,0.232,0.000,0.085,0.029
cube_d5_k55,8,6,250,250,50,0.085,0.032,0.068,0.000,0.021,0.014
cube_d5_k55,8,7,50,50,10,0.053,0.006,0.020,0.000,0.007,0.003
cube_d5_k55,8,8,10,10,2,0.008,0.002,0.006,0.000,0.004,0.001
cube_d5_k55,8,9,2,0,0,0.002,0.001,0.000,,,
cube_d5_k55,8,0,110,998250,332750,0.214,0.428,39.739,0.000,10.256,10.640
cube_d5_k55,8,1,332750,332750,127750,45.823,10.719,20.275,0.000,3.873,4.194
cube_d5_k55,8,2,127750,127750,31250,17.097,3.687,12.884,0.000,6.246,1.217
cube_d5_k55,8,3,31250,31250,6250,4.445,0.983,3.277,0.000,1.733,0.298
cube_d5_k55,8,4,6250,6250,1250,1.308,0.362,0.781,0.000,0.295,0.082
cube_d5_k55,8,5,1250,1250,250,0.292,0.110,0.232,0.000,0.087,0.029
cube_d5_k55,8,6,250,250,50,0.079,0.031,0.061,0.000,0.020,0.013
cube_d5_k55,8,7,50,50,10,0.034,0.008,0.019,0.000,0.008,0.003
cube_d5_k55,8,8,10,10,2,0.011,0.003,0.007,0.000,0.004,0.001
cube_d5_k55,8,9,2,0,0,0.003,0.001,0.000,,,
cube_d5_k55,8,0,110,998250,332750,0.250,0.403,40.646,0.000,10.085,10.808
cube_d5_k55,8,1,332750,332750,127750,46.367,10.578,20.315,0.000,3.960,4.200
cube_d5_k55,8,2,127750,127750,31250,16.678,3.575,12.915,0.000,6.267,1.187
cube_d5_k55,8,3,31250,31250,6250,4.285,0.936,3.406,0.000,1.825,0.319
cube_d5_k55,8,4,6250,6250,1250,1.246,0.331,0.794,0.000,0.302,0.081
cube_d5_k55,8,5,1250,1250,250,0.275,0.112,0.226,0.000,0.093,0.029
cube_d5_k55,8,6,250,250,50,0.085,0.029,0.061,0.000,0.021,0.012
cube_d5_k55,8,7,50,50,10,0.049,0.004,0.019,0.000,0.007,0.003
cube_d5_k55,8,8,10,10,2,0.008,0.003,0.006,0.000,0.004,0.001
cube_d5_k55,8,9,2,0,0,0.002,0.001,0.000,,,
cube_d5_k55,8,0,110,998250,332750,0.219,0.391,40.065,0.000,10.267,10.865
cube_d5_k55,8,1,332750,332750,127750,46.611,10.403,21.073,0.000,4.246,4.217
cube_d5_k55,8,2,127750,127750,31250,16.967,3.733,12.535,0.000,5.893,1.228
cube_d5_k55,8,3,31250,31250,6250,4.400,0.962,3.156,0.000,1.602,0.314
cube_d5_k55,8,4,6250,6250,1250,1.279,0.344,0.777,0.000,0.289,0.077
cube_d5_k55,8,5,1250,1250,250,0.298,0.119,0.213,0.000,0.086,0.029
cube_d5_k55,8,6,250,250,50,0.076,0.037,0.072,0.000,0.023,0.013
cube_d5_k55,8,7,50,50,10,0.049,0.005,0.015,0.000,0.006,0.003
cube_d5_k55,8,8,10,10,2,0.010,0.003,0.006,0.000,0.003,0.001
cube_d5_k55,8,9,2,0,0,0.002,0.001,0.000,,,
cube_d5_k55,16,0,110,998250,332750,1.063,1.323,25.025,0.000,8.576,6.116
cube_d5_k55,16,1,332750,332750,127750,24.031,6.049,14.824,0.000,4.821,2.422
cube_d5_k55,16,2,127750,127750,31250,8.858,2.189,10.371,0.000,6.726,0.693
cube_d5_k55,16,3,31250,31250,6250,2.439,0.608,2.657,0.000,1.598,0.213
cube_d5_k55,16,4,6250,6250,1250,1.172,0.265,0.697,0.000,0.311,0.067
cube_d5_k55,16,5,1250,1250,250,0.270,0.082,0.229,0.000,0.108,0.034
cube_d5_k55,16,6,250,250,50,0.068,0.036,0.068,0.000,0.023,0.015
cube_d5_k55,16,7,50,50,10,0.026,0.009,0.022,0.000,0.007,0.004
cube_d5_k55,16,8,10,10,2,0.007,0.002,0.006,0.000,0.003,0.001
cube_d5_k55,16,9,2,0,0,0.002,0.001,0.000,,,
cube_d5_k55,16,0,110,998250,332750,0.230,0.422,24.752,0.000,6.023,5.659
cube_d5_k55,16,1,332750,332750,127750,25.680,5.621,11.587,0.000,2.447,2.296
cube_d5_k55,16,2,127750,127750,31250,9.140,2.220,9.671,0.000,6.118,0.728
cube_d5_k55,16,3,31250,31250,6250,2.447,0.589,2.923,0.000,1.824,0.236
cube_d5_k55,16,4,6250,6250,1250,1.207,0.296,0.762,0.000,0.331,0.078
cube_d5_k55,16,5,1250,1250,250,0.289,0.088,0.261,0.000,0.112,0.037
cube_d5_k55,16,6,250,250,50,0.076,0.042,0.085,0.000,0.029,0.023
cube_d5_k55,16,7,50,50,10,0.028,0.017,0.024,0.000,0.007,0.003
cube_d5_k55,16,8,10,10,2,0.011,0.003,0.006,0.000,0.003,0.001
cube_d5_k55,16,9,2,0,0,0.002,0.001,0.000,,,
cube_d5_k55,16,0,110,998250,332750,0.209,0.446,23.760,0.000,5.950,5.805
cube_d5_k55,16,1,332750,332750,127750,24.015,5.777,11.657,0.000,2.386,2.252
cube_d5_k55,16,2,127750,127750,31250,8.916,2.270,10.195,0.000,6.499,0.738
cube_d5_k55,16,3,31250,31250,6250,2.402,0.609,3.250,0.000,1.914,0.237
cube_d5_k55,16,4,6250,6250,1250,1.179,0.290,0.731,0.000,0.321,0.069
cube_d5_k55,16,5,1250,1250,250,0.288,0.091,0.254,0.000,0.109,0.039
cube_d5_k55,16,6,250,250,50,0.077,0.038,0.073,0.000,0.023,0.020
cube_d5_k55,16,7,50,50,10,0.029,0.010,0.024,0.000,0.007,0.003
cube_d5_k55,16,8,10,10,2,0.011,0.004,0.006,0.000,0.003,0.001
cube_d5_k55,16,9,2,0,0,0.002,0.001,0.000,,,
cube_d5_k55,16,0,110,998250,332750,0.229,0.457,24.246,0.000,6.057,5.728
cube_d5_k55,16,1,332750,332750,127750,24.108,5.696,11.663,0.000,2.414,2.224
cube_d5_k55,16,2,127750,127750,31250,9.051,2.276,9.682,0.000,6.033,0.686
cube_d5_k55,16,3,31250,31250,6250,2.460,0.617,3.122,0.000,1.791,0.224
cube_d5_k55,16,4,6250,6250,1250,1.205,0.301,0.751,0.000,0.323,0.083
cube_d5_k55,16,5,1250,1250,250,0.277,0.083,0.249,0.000,0.109,0.036
cube_d5_k55,16,6,250,250,50,0.077,0.045,0.077,0.000,0.026,0.018
cube_d5_k55,16,7,50,50,10,0.034,0.010,0.023,0.000,0.007,0.003
cube_d5_k55,16,8,10,10,2,0.011,0.003,0.006,0.000,0.003,0.001
cube_d5_k55,16,9,2,0,0,0.002,0.001,0.000,,,
cube_d5_k55,16,0,110,998250,332750,0.211,0.418,24.930,0.000,6.433,5.877
cube_d5_k55,16,1,332750,332750,127750,26.322,5.755,11.707,0.000,2.412,2.269
cube_d5_k55,16,2,127750,127750,31250,8.990,2.298,9.965,0.000,6.259,0.749
cube_d5_k55,16,3,31250,31250,6250,2.973,0.665,2.823,0.000,1.710,0.225
cube_d5_k55,16,4,6250,6250,1250,1.187,0.320,0.757,0.000,0.333,0.077
cube_d5_k55,16,5,1250,1250,250,0.281,0.088,0.250,0.000,0.110,0.037
cube_d5_k55,16,6,250,250,50,0.075,0.040,0.075,0.000,0.025,0.019
cube_d5_k55,16,7,50,50,10,0.030,0.019,0.024,0.000,0.008,0.003
cube_d5_k55,16,8,10,10,2,0.011,0.003,0.007,0.000,0.004,0.001
cube_d5_k55,16,9,2,0,0,0.002,0.001,0.000,,,
cube_d5_k55,16,0,110,998250,332750,0.215,0.427,24.998,0.000,6.469,5.846
cube_d5_k55,16,1,332750,332750,127750,24.269,5.664,11.726,0.000,2.431,2.248
cube_d5_k55,16,2,127750,127750,31250,9.069,2.233,9.814,0.000,6.049,0.724
cube_d5_k55,16,3,31250,31250,6250,2.681,0.671,2.982,0.000,1.821,0.234
cube_d5_k55,16,4,6250,6250,1250,1.177,0.308,0.753,0.000,0.330,0.085
cube_d5_k55,16,5,1250,1250,250,0.284,0.106,0.272,0.000,0.109,0.038
cube_d5_k55,16,6,250,250,50,0.078,0.058,0.077,0.000,0.024,0.019
cube_d5_k55,16,7,50,50,10,0.030,0.010,0.023,0.000,0.008,0.003
cube_d5_k55,16,8,10,10,2,0.012,0.003,0.007,0.000,0.004,0.001
cube_d5_k55,16,9,2,0,0,0.002,0.001,0.000,,,
cube_d5_k55,32,0,110,998250,332750,0.927,1.521,23.870,0.000,10.796,5.030
cube_d5_k55,32,1,332750,332750,127750,12.005,3.248,10.163,0.000,4.669,1.561
cube_d5_k55,32,2,127750,127750,31250,4.947,1.265,8.251,0.000,6.081,0.421
cube_d5_k55,32,3,31250,31250,6250,1.419,0.423,2.298,0.000,1.636,0.139
cube_d5_k55,32,4,6250,6250,1250,0.917,0.243,0.591,0.000,0.300,0.049
cube_d5_k55,32,5,1250,1250,250,0.229,0.068,0.187,0.000,0.081,0.029
cube_d5_k55,32,6,250,250,50,0.064,0.038,0.067,0.000,0.023,0.017
cube_d5_k55,32,7,50,50,10,0.026,0.009,0.021,0.000,0.007,0.004
cube_d5_k55,32,8,10,10,2,0.009,0.003,0.006,0.000,0.003,0.001
cube_d5_k55,32,9,2,0,0,0.002,0.001,0.000,,,
cube_d5_k55,32,0,110,998250,332750,0.262,0.428,14.571,0.000,4.605,2.905
cube_d5_k55,32,1,332750,332750,127750,12.408,3.092,7.510,0.000,1.674,1.231
cube_d5_k55,32,2,127750,127750,31250,5.181,1.423,8.718,0.000,6.523,0.483
cube_d5_k55,32,3,31250,31250,6250,1.424,0.426,2.478,0.000,1.803,0.147
cube_d5_k55,32,4,6250,6250,1250,1.136,0.271,0.619,0.000,0.304,0.057
cube_d5_k55,32,5,1250,1250,250,0.246,0.068,0.201,0.000,0.088,0.028
cube_d5_k55,32,6,250,250,50,0.062,0.036,0.067,0.000,0.024,0.015
cube_d5_k55,32,7,50,50,10,0.027,0.014,0.022,0.000,0.007,0.004
cube_d5_k55,32,8,10,10,2,0.011,0.003,0.007,0.000,0.003,0.001
cube_d5_k55,32,9,2,0,0,0.002,0.001,0.000,,,
cube_d5_k55,32,0,110,998250,332750,0.310,0.429,14.535,0.000,4.397,2.883
cube_d5_k55,32,1,332750,332750,127750,12.584,3.188,7.462,0.000,1.628,1.240
cube_d5_k55,32,2,127750,127750,31250,5.082,1.294,9.000,0.000,6.804,0.474
cube_d5_k55,32,3,31250,31250,6250,1.400,0.433,2.496,0.000,1.809,0.147
cube_d5_k55,32,4,6250,6250,1250,1.078,0.245,0.671,0.000,0.353,0.056
cube_d5_k55,32,5,1250,1250,250,0.246,0.068,0.198,0.000,0.084,0.029
cube_d5_k55,32,6,250,250,50,0.063,0.034,0.068,0.000,0.024,0.016
cube_d5_k55,32,7,50,50,10,0.026,0.015,0.022,0.000,0.007,0.004
cube_d5_k55,32,8,10,10,2,0.010,0.003,0.007,0.000,0.004,0.001
cube_d5_k55,32,9,2,0,0,0.002,0.001,0.000,,,
cube_d5_k55,32,0,110,998250,332750,0.300,0.418,14.959,0.000,4.444,2.873
cube_d5_k55,32,1,332750,332750,127750,12.784,3.431,7.337,0.000,1.668,1.300
cube_d5_k55,32,2,127750,127750,31250,5.082,1.553,8.575,0.000,6.265,0.436
cube_d5_k55,32,3,31250,31250,6250,1.438,0.430,2.474,0.000,1.770,0.148
cube_d5_k55,32,4,6250,6250,1250,1.073,0.242,0.625,0.000,0.313,0.056
cube_d5_k55,32,5,1250,1250,250,0.242,0.068,0.206,0.000,0.089,0.028
cube_d5_k55,32,6,250,250,50,0.069,0.034,0.067,0.000,0.024,0.015
cube_d5_k55,32,7,50,50,10,0.026,0.014,0.021,0.000,0.007,0.003
cube_d5_k55,32,8,10,10,2,0.010,0.003,0.006,0.000,0.003,0.001
cube_d5_k55,32,9,2,0,0,0.002,0.001,0.000,,,
cube_d5_k55,32,0,110,998250,332750,0.338,0.415,14.861,0.000,4.469,2.826
cube_d5_k55,32,1,332750,332750,127750,12.683,3.388,7.459,0.000,1.640,1.293
cube_d5_k55,32,2,127750,127750,31250,5.052,1.324,8.914,0.000,6.715,0.455
cube_d5_k55,32,3,31250,31250,6250,1.379,0.423,2.505,0.000,1.800,0.150
cube_d5_k55,32,4,6250,6250,1250,0.999,0.253,0.636,0.000,0.308,0.063
cube_d5_k55,32,5,1250,1250,250,0.245,0.077,0.197,0.000,0.084,0.027
cube_d5_k55,32,6,250,250,50,0.059,0.033,0.067,0.000,0.023,0.016
cube_d5_k55,32,7,50,50,10,0.024,0.009,0.022,0.000,0.007,0.003
cube_d5_k55,32,8,10,10,2,0.010,0.003,0.007,0.000,0.004,0.001
cube_d5_k55,32,9,2,0,0,0.002,0.001,0.000,,,
cube_d5_k55,32,0,110,998250,332750,0.332,0.409,15.126,0.000,4.519,2.916
cube_d5_k55,32,1,332750,332750,127750,12.700,3.125,7.055,0.000,1.623,1.306
cube_d5_k55,32,2,127750,127750,31250,5.110,1.302,8.797,0.000,6.605,0.448
cube_d5_k55,32,3,31250,31250,6250,1.393,0.421,2.491,0.000,1.785,0.146
cube_d5_k55,32,4,6250,6250,1250,1.000,0.242,0.620,0.000,0.307,0.055
cube_d5_k55,32,5,1250,1250,250,0.238,0.077,0.193,0.000,0.091,0.026
cube_d5_k55,32,6,250,250,50,0.057,0.036,0.061,0.000,0.021,0.014
cube_d5_k55,32,7,50,50,10,0.024,0.010,0.019,0.000,0.007,0.003
cube_d5_k55,32,8,10,10,2,0.008,0.003,0.006,0.000,0.003,0.001
cube_d5_k55,32,9,2,0,0,0.003,0.001,0.000,,,
cube_d5_k55,64,0,110,998250,332750,1.221,1.067,30.713,0.000,13.229,7.951
cube_d5_k55,64,1,332750,332750,127750,7.209,2.661,9.812,0.000,6.100,0.868
cube_d5_k55,64,2,127750,127750,31250,3.135,0.950,7.805,0.000,6.220,0.304
cube_d5_k55,64,3,31250,31250,6250,0.948,0.331,2.079,0.000,1.580,0.117
cube_d5_k55,64,4,6250,6250,1250,0.916,0.212,0.556,0.000,0.303,0.044
cube_d5_k55,64,5,1250,1250,250,0.212,0.065,0.172,0.000,0.081,0.025
cube_d5_k55,64,6,250,250,50,0.061,0.032,0.063,0.000,0.026,0.011
cube_d5_k55,64,7,50,50,10,0.023,0.010,0.021,0.000,0.007,0.003
cube_d5_k55,64,8,10,10,2,0.007,0.002,0.006,0.000,0.003,0.001
cube_d5_k55,64,9,2,0,0,0.002,0.001,0.000,,,
cube_d5_k55,64,0,110,998250,332750,0.270,0.490,11.584,0.000,3.959,1.986
cube_d5_k55,64,1,332750,332750,127750,6.947,2.195,4.784,0.000,1.263,0.880
cube_d5_k55,64,2,127750,127750,31250,3.513,1.079,7.241,0.000,5.836,0.325
cube_d5_k55,64,3,31250,31250,6250,1.073,0.339,2.195,0.000,1.704,0.135
cube_d5_k55,64,4,6250,6250,1250,0.990,0.228,0.559,0.000,0.301,0.050
cube_d5_k55,64,5,1250,1250,250,0.224,0.062,0.169,0.000,0.081,0.023
cube_d5_k55,64,6,250,250,50,0.064,0.033,0.063,0.000,0.022,0.015
cube_d5_k55,64,7,50,50,10,0.024,0.010,0.021,0.000,0.007,0.003
cube_d5_k55,64,8,10,10,2,0.011,0.003,0.006,0.000,0.003,0.001
cube_d5_k55,64,9,2,0,0,0.002,0.001,0.000,,,
cube_d5_k55,64,0,110,998250,332750,0.331,0.434,11.169,0.000,3.860,1.777
cube_d5_k55,64,1,332750,332750,127750,7.382,2.316,4.783,0.000,1.326,0.837
cube_d5_k55,64,2,127750,127750,31250,3.252,0.913,7.783,0.000,6.367,0.327
cube_d5_k55,64,3,31250,31250,6250,0.947,0.357,2.037,0.000,1.542,0.126
cube_d5_k55,64,4,6250,6250,1250,0.933,0.224,0.542,0.000,0.293,0.041
cube_d5_k55,64,5,1250,1250,250,0.221,0.063,0.170,0.000,0.078,0.022
cube_d5_k55,64,6,250,250,50,0.057,0.030,0.054,0.000,0.019,0.012
cube_d5_k55,64,7,50,50,10,0.023,0.010,0.020,0.000,0.007,0.003
cube_d5_k55,64,8,10,10,2,0.009,0.003,0.006,0.000,0.003,0.001
cube_d5_k55,64,9,2,0,0,0.002,0.001,0.000,,,
cube_d5_k55,64,0,110,998250,332750,0.259,0.429,11.171,0.000,3.844,1.903
cube_d5_k55,64,1,332750,332750,127750,7.751,2.176,5.202,0.000,1.298,0.851
cube_d5_k55,64,2,127750,127750,31250,3.439,0.993,7.642,0.000,6.203,0.343
cube_d5_k55,64,3,31250,31250,6250,1.002,0.365,2.094,0.000,1.600,0.131
cube_d5_k55,64,4,6250,6250,1250,0.907,0.225,0.545,0.000,0.287,0.045
cube_d5_k55,64,5,1250,1250,250,0.242,0.065,0.170,0.000,0.075,0.025
cube_d5_k55,64,6,250,250,50,0.066,0.031,0.055,0.000,0.019,0.013
cube_d5_k55,64,7,50,50,10,0.023,0.013,0.020,0.000,0.007,0.003
cube_d5_k55,64,8,10,10,2,0.010,0.002,0.006,0.000,0.003,0.001
cube_d5_k55,64,9,2,0,0,0.002,0.001,0.000,,,
cube_d5_k55,64,0,110,998250,332750,0.344,0.452,11.270,0.000,3.961,1.738
cube_d5_k55,64,1,332750,332750,127750,7.772,2.296,4.750,0.000,1.314,0.874
cube_d5_k55,64,2,127750,127750,31250,3.281,0.930,7.670,0.000,6.261,0.329
cube_d5_k55,64,3,31250,31250,6250,0.941,0.355,2.350,0.000,1.760,0.235
cube_d5_k55,64,4,6250,6250,1250,0.873,0.232,0.544,0.000,0.298,0.041
cube_d5_k55,64,5,1250,1250,250,0.212,0.065,0.177,0.000,0.087,0.024
cube_d5_k55,64,6,250,250,50,0.058,0.030,0.053,0.000,0.020,0.012
cube_d5_k55,64,7,50,50,10,0.025,0.009,0.018,0.000,0.007,0.003
cube_d5_k55,64,8,10,10,2,0.011,0.002,0.006,0.000,0.004,0.001
cube_d5_k55,64,9,2,0,0,0.002,0.001,0.000,,,
cube_d5_k55,64,0,110,998250,332750,0.416,0.437,11.301,0.000,3.939,1.909
cube_d5_k55,64,1,332750,332750,127750,7.853,2.143,4.730,0.000,1.284,0.862
cube_d5_k55,64,2,127750,127750,31250,3.286,0.935,7.238,0.000,5.849,0.312
cube_d5_k55,64,3,31250,31250,6250,0.957,0.353,2.047,0.000,1.583,0.110
cube_d5_k55,64,4,6250,6250,1250,0.863,0.224,0.559,0.000,0.299,0.043
cube_d5_k55,64,5,1250,1250,250,0.201,0.065,0.167,0.000,0.079,0.022
cube_d5_k55,64,6,250,250,50,0.060,0.039,0.063,0.000,0.020,0.017
cube_d5_k55,64,7,50,50,10,0.024,0.010,0.019,0.000,0.007,0.003
cube_d5_k55,64,8,10,10,2,0.008,0.002,0.006,0.000,0.003,0.001
cube_d5_k55,64,9,2,0,0,0.002,0.001,0.000,,,
cube_d5_k55,128,0,110,998250,332750,3.932,2.206,55.704,0.000,24.405,15.755
cube_d5_k55,128,1,332750,332750,127750,7.740,2.302,12.646,0.000,9.101,0.955
cube_d5_k55,128,2,127750,127750,31250,2.524,1.591,8.470,0.000,7.027,0.341
cube_d5_k55,128,3,31250,31250,6250,0.915,0.357,2.166,0.000,1.659,0.124
cube_d5_k55,128,4,6250,6250,1250,0.662,0.251,0.629,0.000,0.328,0.064
cube_d5_k55,128,5,1250,1250,250,0.170,0.080,0.240,0.000,0.103,0.039
cube_d5_k55,128,6,250,250,50,0.079,0.042,0.106,0.000,0.038,0.025
cube_d5_k55,128,7,50,50,10,0.035,0.014,0.026,0.000,0.007,0.003
cube_d5_k55,128,8,10,10,2,0.011,0.003,0.006,0.000,0.003,0.001
cube_d5_k55,128,9,2,0,0,0.003,0.001,0.000,,,
cube_d5_k55,128,0,110,998250,332750,0.271,0.399,9.160,0.000,3.199,1.333
cube_d5_k55,128,1,332750,332750,127750,5.482,1.985,4.233,0.000,1.261,0.724
cube_d5_k55,128,2,127750,127750,31250,2.689,0.794,7.878,0.000,6.642,0.300
cube_d5_k55,128,3,31250,31250,6250,0.873,0.363,2.283,0.000,1.761,0.134
cube_d5_k55,128,4,6250,6250,1250,0.693,0.220,0.627,0.000,0.318,0.063
cube_d5_k55,128,5,1250,1250,250,0.163,0.088,0.241,0.000,0.100,0.056
cube_d5_k55,128,6,250,250,50,0.083,0.053,0.097,0.000,0.030,0.027
cube_d5_k55,128,7,50,50,10,0.045,0.011,0.030,0.000,0.008,0.003
cube_d5_k55,128,8,10,10,2,0.011,0.002,0.006,0.000,0.003,0.001
cube_d5_k55,128,9,2,0,0,0.002,0.001,0.000,,,
cube_d5_k55,128,0,110,998250,332750,0.244,0.447,10.196,0.000,3.166,1.309
cube_d5_k55,128,1,332750,332750,127750,5.378,1.803,4.145,0.000,1.245,0.608
cube_d5_k55,128,2,127750,127750,31250,2.766,1.005,8.069,0.000,6.650,0.270
cube_d5_k55,128,3,31250,31250,6250,0.919,0.570,2.295,0.000,1.759,0.132
cube_d5_k55,128,4,6250,6250,1250,0.690,0.239,0.587,0.000,0.317,0.056
cube_d5_k55,128,5,1250,1250,250,0.160,0.097,0.234,0.000,0.094,0.050
cube_d5_k55,128,6,250,250,50,0.071,0.052,0.085,0.000,0.028,0.020
cube_d5_k55,128,7,50,50,10,0.035,0.013,0.025,0.000,0.007,0.003
cube_d5_k55,128,8,10,10,2,0.017,0.003,0.006,0.000,0.003,0.001
cube_d5_k55,128,9,2,0,0,0.002,0.001,0.000,,,
cube_d5_k55,128,0,110,998250,332750,0.261,0.436,9.044,0.000,3.114,1.366
cube_d5_k55,128,1,332750,332750,127750,5.429,1.748,4.132,0.000,1.308,0.593
cube_d5_k55,128,2,127750,127750,31250,3.102,0.848,7.903,0.000,6.730,0.255
cube_d5_k55,128,3,31250,31250,6250,0.836,0.385,2.224,0.000,1.705,0.134
cube_d5_k55,128,4,6250,6250,1250,0.790,0.247,0.652,0.000,0.361,0.065
cube_d5_k55,128,5,1250,1250,250,0.176,0.093,0.262,0.000,0.104,0.055
cube_d5_k55,128,6,250,250,50,0.094,0.043,0.086,0.000,0.023,0.017
cube_d5_k55,128,7,50,50,10,0.039,0.010,0.022,0.000,0.007,0.003
cube_d5_k55,128,8,10,10,2,0.016,0.003,0.006,0.000,0.003,0.001
cube_d5_k55,128,9,2,0,0,0.002,0.001,0.000,,,
cube_d5_k55,128,0,110,998250,332750,0.257,0.415,9.135,0.000,3.223,1.307
cube_d5_k55,128,1,332750,332750,127750,6.050,1.795,4.273,0.000,1.452,0.600
cube_d5_k55,128,2,127750,127750,31250,2.711,0.815,7.578,0.000,6.419,0.254
cube_d5_k55,128,3,31250,31250,6250,0.849,0.365,2.277,0.000,1.777,0.123
cube_d5_k55,128,4,6250,6250,1250,0.689,0.249,0.621,0.000,0.327,0.058
cube_d5_k55,128,5,1250,1250,250,0.160,0.106,0.227,0.000,0.094,0.049
cube_d5_k55,128,6,250,250,50,0.081,0.044,0.093,0.000,0.023,0.023
cube_d5_k55,128,7,50,50,10,0.037,0.020,0.021,0.000,0.007,0.003
cube_d5_k55,128,8,10,10,2,0.009,0.003,0.006,0.000,0.003,0.001
cube_d5_k55,128,9,2,0,0,0.002,0.001,0.000,,,
cube_d5_k55,128,0,110,998250,332750,0.278,0.411,9.768,0.000,3.740,1.387
cube_d5_k55,128,1,332750,332750,127750,5.824,1.657,4.052,0.000,1.290,0.640
cube_d5_k55,128,2,127750,127750,31250,2.606,0.955,7.909,0.000,6.708,0.297
cube_d5_k55,128,3,31250,31250,6250,0.822,0.376,2.542,0.000,1.955,0.215
cube_d5_k55,128,4,6250,6250,1250,0.690,0.249,0.625,0.000,0.340,0.060
cube_d5_k55,128,5,1250,1250,250,0.161,0.102,0.220,0.000,0.093,0.039
cube_d5_k55,128,6,250,250,50,0.078,0.052,0.077,0.000,0.022,0.024
cube_d5_k55,128,7,50,50,10,0.041,0.021,0.022,0.000,0.006,0.003
cube_d5_k55,128,8,10,10,2,0.010,0.003,0.005,0.000,0.003,0.001
cube_d5_k55,128,9,2,0,0,0.002,0.001,0.000,,,
cube_d5_k105,1,0,210,6945750,2315250,4.564,8.455,1525.069,0.000,537.388,343.866
cube_d5_k105,1,1,2315250,2315250,776000,1630.122,349.483,1152.630,0.000,167.111,97.601
cube_d5_k105,1,2,776000,776000,156250,536.355,111.073,407.829,0.000,53.478,28.388
cube_d5_k105,1,3,156250,156250,31250,110.226,22.572,49.600,0.000,11.322,6.552
cube_d5_k105,1,4,31250,31250,6250,22.987,2.352,8.551,0.000,2.006,0.985
cube_d5_k105,1,5,6250,6250,1250,3.881,0.383,1.138,0.000,0.342,0.208
cube_d5_k105,1,6,1250,1250,250,0.680,0.059,0.230,0.000,0.070,0.039
cube_d5_k105,1,7,250,250,50,0.137,0.013,0.053,0.000,0.018,0.009
cube_d5_k105,1,8,50,50,10,0.028,0.004,0.013,0.000,0.005,0.002
cube_d5_k105,1,9,10,10,2,0.007,0.002,0.006,0.000,0.003,0.001
cube_d5_k105,1,10,2,0,0,0.002,0.001,0.000,,,
cube_d5_k105,1,0,210,6945750,2315250,4.343,8.188,1485.942,0.000,512.609,330.177
cube_d5_k105,1,1,2315250,2315250,776000,2021.875,489.457,1138.817,0.000,165.301,94.464
cube_d5_k105,1,2,776000,776000,156250,664.721,159.781,402.621,0.000,51.029,28.479
cube_d5_k105,1,3,156250,156250,31250,138.774,30.636,50.522,0.000,11.616,6.634
cube_d5_k105,1,4,31250,31250,6250,25.674,2.433,8.821,0.000,2.061,0.970
cube_d5_k105,1,5,6250,6250,1250,3.839,0.368,1.181,0.000,0.371,0.194
cube_d5_k105,1,6,1250,1250,250,0.616,0.059,0.229,0.000,0.069,0.039
cube_d5_k105,1,7,250,250,50,0.124,0.013,0.049,0.000,0.016,0.009
cube_d5_k105,1,8,50,50,10,0.026,0.004,0.013,0.000,0.005,0.002
cube_d5_k105,1,9,10,10,2,0.006,0.002,0.006,0.000,0.003,0.001
cube_d5_k105,1,10,2,0,0,0.002,0.001,0.000,,,
cube_d5_k105,1,0,210,6945750,2315250,4.406,8.145,1484.728,0.000,512.430,328.557
cube_d5_k105,1,1,2315250,2315250,776000,2037.861,482.939,1144.674,0.000,165.472,94.983
cube_d5_k105,1,2,776000,776000,156250,667.768,159.204,404.381,0.000,52.336,28.384
cube_d5_k105,1,3,156250,156250,31250,138.375,30.178,50.254,0.000,11.441,6.569
cube_d5_k105,1,4,31250,31250,6250,25.375,2.533,8.926,0.000,2.186,0.968
cube_d5_k105,1,5,6250,6250,1250,4.069,0.413,1.143,0.000,0.357,0.195
cube_d5_k105,1,6,1250,1250,250,0.685,0.066,0.231,0.000,0.070,0.039
cube_d5_k105,1,7,250,250,50,0.138,0.013,0.049,0.000,0.017,0.009
cube_d5_k105,1,8,50,50,10,0.029,0.004,0.013,0.000,0.005,0.002
cube_d5_k105,1,9,10,10,2,0.007,0.002,0.006,0.000,0.003,0.001
cube_d5_k105,1,10,2,0,0,0.002,0.001,0.000,,,
cube_d5_k105,1,0,210,6945750,2315250,4.543,8.134,1484.754,0.000,511.310,329.112
cube_d5_k105,1,1,2315250,2315250,776000,2043.714,491.806,1134.468,0.000,164.684,94.685
cube_d5_k105,1,2,776000,776000,156250,680.717,164.519,402.275,0.000,50.607,28.377
cube_d5_k105,1,3,156250,156250,31250,139.569,31.160,50.165,0.000,11.673,6.530
cube_d5_k105,1,4,31250,31250,6250,25.690,2.490,8.647,0.000,1.961,0.987
cube_d5_k105,1,5,6250,6250,1250,4.035,0.407,1.171,0.000,0.395,0.193
cube_d5_k105,1,6,1250,1250,250,0.716,0.060,0.230,0.000,0.070,0.039
cube_d5_k105,1,7,250,250,50,0.137,0.013,0.048,0.000,0.017,0.009
cube_d5_k105,1,8,50,50,10,0.028,0.004,0.013,0.000,0.005,0.002
cube_d5_k105,1,9,10,10,2,0.007,0.002,0.006,0.000,0.003,0.001
cube_d5_k105,1,10,2,0,0,0.002,0.001,0.000,,,
cube_d5_k105,1,0,210,6945750,2315250,4.587,8.211,1483.139,0.000,511.556,328.104
cube_d5_k105,1,1,2315250,2315250,776000,2067.681,500.733,1142.018,0.000,164.626,94.388
cube_d5_k105,1,2,776000,776000,156250,681.149,163.710,400.886,0.000,50.198,28.341
cube_d5_k105,1,3,156250,156250,31250,138.930,30.859,49.633,0.000,11.567,6.472
cube_d5_k105,1,4,31250,31250,6250,25.346,2.449,8.678,0.000,2.010,0.981
cube_d5_k105,1,5,6250,6250,1250,4.002,0.375,1.177,0.000,0.351,0.206
cube_d5_k105,1,6,1250,1250,250,0.684,0.059,0.269,0.000,0.086,0.049
cube_d5_k105,1,7,250,250,50,0.138,0.013,0.051,0.000,0.016,0.009
cube_d5_k105,1,8,50,50,10,0.029,0.004,0.013,0.000,0.005,0.002
cube_d5_k105,1,9,10,10,2,0.007,0.002,0.007,0.000,0.003,0.001
cube_d5_k105,1,10,2,0,0,0.002,0.001,0.000,,,
cube_d5_k105,1,0,210,6945750,2315250,4.569,8.174,1481.335,0.000,511.995,328.564
cube_d5_k105,1,1,2315250,2315250,776000,2060.412,502.882,1191.400,0.000,164.368,94.451
cube_d5_k105,1,2,776000,776000,156250,688.364,167.584,404.400,0.000,52.440,28.272
cube_d5_k105,1,3,156250,156250,31250,140.396,31.356,49.600,0.000,11.158,6.557
cube_d5_k105,1,4,31250,31250,6250,25.739,2.517,8.808,0.000,2.062,1.032
cube_d5_k105,1,5,6250,6250,1250,4.051,0.387,1.149,0.000,0.352,0.196
cube_d5_k105,1,6,1250,1250,250,0.688,0.061,0.233,0.000,0.069,0.039
cube_d5_k105,1,7,250,250,50,0.136,0.013,0.050,0.000,0.016,0.009
cube_d5_k105,1,8,50,50,10,0.029,0.004,0.013,0.000,0.005,0.002
cube_d5_k105,1,9,10,10,2,0.007,0.002,0.006,0.000,0.003,0.001
cube_d5_k105,1,10,2,0,0,0.002,0.001,0.000,,,
cube_d5_k105,2,0,210,6945750,2315250,8.159,10.906,862.829,0.000,260.216,281.698
cube_d5_k105,2,1,2315250,2315250,776000,964.160,198.170,693.905,0.000,80.996,83.963
cube_d5_k105,2,2,776000,776000,156250,331.117,67.293,230.940,0.000,27.588,20.289
cube_d5_k105,2,3,156250,156250,31250,73.370,11.788,33.537,0.000,5.288,4.676
cube_d5_k105,2,4,31250,31250,6250,15.912,2.228,7.316,0.000,1.929,0.921
cube_d5_k105,2,5,6250,6250,1250,3.054,0.682,1.146,0.000,0.350,0.200
cube_d5_k105,2,6,1250,1250,250,0.581,0.164,0.298,0.000,0.082,0.048
cube_d5_k105,2,7,250,250,50,0.126,0.030,0.070,0.000,0.020,0.012
cube_d5_k105,2,8,50,50,10,0.029,0.006,0.015,0.000,0.005,0.002
cube_d5_k105,2,9,10,10,2,0.006,0.002,0.006,0.000,0.003,0.001
cube_d5_k105,2,10,2,0,0,0.002,0.001,0.000,,,
cube_d5_k105,2,0,210,6945750,2315250,2.256,4.452,979.934,0.000,246.829,283.948
cube_d5_k105,2,1,2315250,2315250,776000,1184.893,272.484,701.229,0.000,79.723,85.375
cube_d5_k105,2,2,776000,776000,156250,390.729,92.996,222.451,0.000,24.677,20.528
cube_d5_k105,2,3,156250,156250,31250,76.459,11.855,33.883,0.000,5.446,4.856
cube_d5_k105,2,4,31250,31250,6250,15.421,1.746,7.708,0.000,1.996,0.944
cube_d5_k105,2,5,6250,6250,1250,3.219,0.675,1.264,0.000,0.416,0.200
cube_d5_k105,2,6,1250,1250,250,0.593,0.164,0.303,0.000,0.081,0.045
cube_d5_k105,2,7,250,250,50,0.152,0.027,0.070,0.000,0.019,0.011
cube_d5_k105,2,8,50,50,10,0.031,0.006,0.016,0.000,0.005,0.002
cube_d5_k105,2,9,10,10,2,0.007,0.002,0.006,0.000,0.003,0.001
cube_d5_k105,2,10,2,0,0,0.002,0.001,0.000,,,
cube_d5_k105,2,0,210,6945750,2315250,2.301,4.585,916.418,0.000,247.223,283.515
cube_d5_k105,2,1,2315250,2315250,776000,1187.045,278.215,706.636,0.000,80.273,85.251
cube_d5_k105,2,2,776000,776000,156250,398.456,94.505,226.716,0.000,24.609,20.712
cube_d5_k105,2,3,156250,156250,31250,77.295,11.689,33.970,0.000,5.264,4.984
cube_d5_k105,2,4,31250,31250,6250,15.166,2.022,7.631,0.000,1.939,0.977
cube_d5_k105,2,5,6250,6250,1250,3.163,0.598,1.182,0.000,0.376,0.204
cube_d5_k105,2,6,1250,1250,250,0.613,0.194,0.290,0.000,0.081,0.048
cube_d5_k105,2,7,250,250,50,0.152,0.028,0.071,0.000,0.025,0.012
cube_d5_k105,2,8,50,50,10,0.028,0.007,0.015,0.000,0.005,0.002
cube_d5_k105,2,9,10,10,2,0.008,0.002,0.007,0.000,0.004,0.001
cube_d5_k105,2,10,2,0,0,0.003,0.001,0.000,,,
cube_d5_k105,2,0,210,6945750,2315250,2.507,4.203,932.123,0.000,245.950,283.765
cube_d5_k105,2,1,2315250,2315250,776000,1197.064,292.636,701.081,0.000,80.186,85.009
cube_d5_k105,2,2,776000,776000,156250,402.894,98.079,229.156,0.000,25.396,20.866
cube_d5_k105,2,3,156250,156250,31250,77.625,11.808,34.561,0.000,5.415,5.107
cube_d5_k105,2,4,31250,31250,6250,14.998,1.874,7.452,0.000,1.886,0.968
cube_d5_k105,2,5,6250,6250,1250,3.110,0.606,1.202,0.000,0.332,0.228
cube_d5_k105,2,6,1250,1250,250,0.595,0.166,0.298,0.000,0.084,0.046
cube_d5_k105,2,7,250,250,50,0.151,0.028,0.066,0.000,0.020,0.012
cube_d5_k105,2,8,50,50,10,0.033,0.007,0.016,0.000,0.005,0.002
cube_d5_k105,2,9,10,10,2,0.007,0.002,0.006,0.000,0.003,0.001
cube_d5_k105,2,10,2,0,0,0.002,0.001,0.000,,,
cube_d5_k105,2,0,210,6945750,2315250,2.656,4.182,926.288,0.000,247.205,283.513
cube_d5_k105,2,1,2315250,2315250,776000,1206.470,294.269,697.502,0.000,80.447,85.173
cube_d5_k105,2,2,776000,776000,156250,403.412,99.167,227.342,0.000,25.045,21.215
cube_d5_k105,2,3,156250,156250,31250,77.302,11.709,33.887,0.000,5.434,4.933
cube_d5_k105,2,4,31250,31250,6250,15.403,1.668,7.457,0.000,1.766,0.986
cube_d5_k105,2,5,6250,6250,1250,3.232,0.594,1.167,0.000,0.359,0.214
cube_d5_k105,2,6,1250,1250,250,0.607,0.174,0.305,0.000,0.082,0.050
cube_d5_k105,2,7,250,250,50,0.150,0.028,0.071,0.000,0.022,0.012
cube_d5_k105,2,8,50,50,10,0.030,0.007,0.015,0.000,0.005,0.002
cube_d5_k105,2,9,10,10,2,0.007,0.002,0.006,0.000,0.003,0.001
cube_d5_k105,2,10,2,0,0,0.002,0.001,0.000,,,
cube_d5_k105,2,0,210,6945750,2315250,2.462,4.379,945.102,0.000,246.855,283.576
cube_d5_k105,2,1,2315250,2315250,776000,1216.081,298.297,700.246,0.000,79.084,85.689
cube_d5_k105,2,2,776000,776000,156250,403.623,99.981,228.710,0.000,25.136,21.130
cube_d5_k105,2,3,156250,156250,31250,77.556,11.603,34.419,0.000,5.261,5.023
cube_d5_k105,2,4,31250,31250,6250,15.408,1.916,7.885,0.000,2.049,0.984
cube_d5_k105,2,5,6250,6250,1250,3.203,0.606,1.214,0.000,0.357,0.217
cube_d5_k105,2,6,1250,1250,250,0.617,0.123,0.310,0.000,0.086,0.069
cube_d5_k105,2,7,250,250,50,0.124,0.032,0.073,0.000,0.021,0.014
cube_d5_k105,2,8,50,50,10,0.033,0.008,0.016,0.000,0.005,0.002
cube_d5_k105,2,9,10,10,2,0.007,0.002,0.006,0.000,0.003,0.001
cube_d5_k105,2,10,2,0,0,0.002,0.001,0.000,,,
cube_d5_k105,4,0,210,6945750,2315250,5.757,7.044,441.321,0.000,137.823,141.521
cube_d5_k105,4,1,2315250,2315250,776000,496.653,94.460,309.211,0.000,43.400,46.228
cube_d5_k105,4,2,776000,776000,156250,181.869,35.564,111.236,0.000,15.757,11.222
cube_d5_k105,4,3,156250,156250,31250,36.804,7.862,18.846,0.000,2.885,2.263
cube_d5_k105,4,4,31250,31250,6250,7.932,1.680,5.130,0.000,1.622,0.509
cube_d5_k105,4,5,6250,6250,1250,1.965,0.522,1.006,0.000,0.377,0.122
cube_d5_k105,4,6,1250,1250,250,0.379,0.125,0.259,0.000,0.079,0.034
cube_d5_k105,4,7,250,250,50,0.108,0.035,0.076,0.000,0.022,0.014
cube_d5_k105,4,8,50,50,10,0.029,0.008,0.017,0.000,0.005,0.003
cube_d5_k105,4,9,10,10,2,0.006,0.002,0.006,0.000,0.003,0.001
cube_d5_k105,4,10,2,0,0,0.002,0.001,0.000,,,
cube_d5_k105,4,0,210,6945750,2315250,1.653,2.719,486.565,0.000,127.018,147.677
cube_d5_k105,4,1,2315250,2315250,776000,598.417,124.329,313.990,0.000,41.151,45.975
cube_d5_k105,4,2,776000,776000,156250,206.552,42.584,103.677,0.000,13.644,11.754
cube_d5_k105,4,3,156250,156250,31250,40.838,8.620,19.395,0.000,2.966,2.323
cube_d5_k105,4,4,31250,31250,6250,8.574,1.570,5.182,0.000,1.559,0.521
cube_d5_k105,4,5,6250,6250,1250,1.926,0.472,0.989,0.000,0.322,0.127
cube_d5_k105,4,6,1250,1250,250,0.447,0.120,0.242,0.000,0.082,0.032
cube_d5_k105,4,7,250,250,50,0.108,0.037,0.074,0.000,0.025,0.015
cube_d5_k105,4,8,50,50,10,0.024,0.009,0.018,0.000,0.006,0.002
cube_d5_k105,4,9,10,10,2,0.007,0.002,0.007,0.000,0.004,0.001
cube_d5_k105,4,10,2,0,0,0.002,0.001,0.000,,,
cube_d5_k105,4,0,210,6945750,2315250,1.662,2.693,466.473,0.000,127.210,142.106
cube_d5_k105,4,1,2315250,2315250,776000,597.926,128.087,311.851,0.000,41.244,46.212
cube_d5_k105,4,2,776000,776000,156250,206.473,45.139,111.086,0.000,13.783,11.364
cube_d5_k105,4,3,156250,156250,31250,38.026,7.866,19.272,0.000,3.070,2.287
cube_d5_k105,4,4,31250,31250,6250,8.212,1.778,5.178,0.000,1.643,0.517
cube_d5_k105,4,5,6250,6250,1250,1.947,0.427,0.943,0.000,0.328,0.130
cube_d5_k105,4,6,1250,1250,250,0.381,0.125,0.254,0.000,0.081,0.038
cube_d5_k105,4,7,250,250,50,0.133,0.031,0.072,0.000,0.023,0.013
cube_d5_k105,4,8,50,50,10,0.028,0.008,0.014,0.000,0.005,0.002
cube_d5_k105,4,9,10,10,2,0.008,0.002,0.006,0.000,0.003,0.001
cube_d5_k105,4,10,2,0,0,0.002,0.001,0.000,,,
cube_d5_k105,4,0,210,6945750,2315250,1.700,2.791,490.249,0.000,127.589,149.060
cube_d5_k105,4,1,2315250,2315250,776000,607.495,128.728,316.700,0.000,41.805,45.950
cube_d5_k105,4,2,776000,776000,156250,212.856,44.528,106.909,0.000,13.597,11.792
cube_d5_k105,4,3,156250,156250,31250,40.659,8.406,19.908,0.000,3.219,2.416
cube_d5_k105,4,4,31250,31250,6250,8.867,1.677,5.337,0.000,1.752,0.589
cube_d5_k105,4,5,6250,6250,1250,1.922,0.558,0.981,0.000,0.360,0.126
cube_d5_k105,4,6,1250,1250,250,0.407,0.121,0.272,0.000,0.086,0.036
cube_d5_k105,4,7,250,250,50,0.114,0.036,0.075,0.000,0.022,0.016
cube_d5_k105,4,8,50,50,10,0.027,0.008,0.015,0.000,0.005,0.002
cube_d5_k105,4,9,10,10,2,0.008,0.002,0.006,0.000,0.003,0.001
cube_d5_k105,4,10,2,0,0,0.002,0.001,0.000,,,
cube_d5_k105,4,0,210,6945750,2315250,1.708,2.548,482.177,0.000,127.967,145.094
cube_d5_k105,4,1,2315250,2315250,776000,601.746,130.441,308.987,0.000,41.460,46.212
cube_d5_k105,4,2,776000,776000,156250,210.368,45.576,111.016,0.000,13.190,11.900
cube_d5_k105,4,3,156250,156250,31250,40.937,7.603,19.891,0.000,3.119,2.334
cube_d5_k105,4,4,31250,31250,6250,8.132,1.706,5.087,0.000,1.741,0.571
cube_d5_k105,4,5,6250,6250,1250,1.944,0.462,0.980,0.000,0.364,0.135
cube_d5_k105,4,6,1250,1250,250,0.446,0.119,0.246,0.000,0.083,0.031
cube_d5_k105,4,7,250,250,50,0.138,0.032,0.073,0.000,0.022,0.014
cube_d5_k105,4,8,50,50,10,0.030,0.007,0.015,0.000,0.005,0.002
cube_d5_k105,4,9,10,10,2,0.008,0.002,0.006,0.000,0.003,0.001
cube_d5_k105,4,10,2,0,0,0.002,0.001,0.000,,,
cube_d5_k105,4,0,210,6945750,2315250,1.707,2.751,498.297,0.000,127.917,149.538
cube_d5_k105,4,1,2315250,2315250,776000,605.052,129.663,307.737,0.000,41.022,46.109
cube_d5_k105,4,2,776000,776000,156250,208.663,45.889,107.833,0.000,13.986,12.331
cube_d5_k105,4,3,156250,156250,31250,41.301,8.654,19.826,0.000,3.001,2.393
cube_d5_k105,4,4,31250,31250,6250,8.226,1.383,5.043,0.000,1.663,0.542
cube_d5_k105,4,5,6250,6250,1250,1.841,0.482,0.936,0.000,0.322,0.134
cube_d5_k105,4,6,1250,1250,250,0.425,0.120,0.273,0.000,0.081,0.039
cube_d5_k105,4,7,250,250,50,0.324,0.032,0.077,0.000,0.024,0.014
cube_d5_k105,4,8,50,50,10,0.028,0.008,0.016,0.000,0.005,0.002
cube_d5_k105,4,9,10,10,2,0.007,0.002,0.006,0.000,0.003,0.001
cube_d5_k105,4,10,2,0,0,0.002,0.001,0.000,,,
cube_d5_k105,8,0,210,6945750,2315250,5.581,6.344,246.564,0.000,75.581,76.050
cube_d5_k105,8,1,2315250,2315250,776000,262.400,52.704,161.811,0.000,23.659,25.682
cube_d5_k105,8,2,776000,776000,156250,98.814,24.194,59.615,0.000,8.811,6.131
cube_d5_k105,8,3,156250,156250,31250,21.473,4.544,11.568,0.000,1.781,1.291
cube_d5_k105,8,4,31250,31250,6250,4.619,0.960,3.718,0.000,1.626,0.327
cube_d5_k105,8,5,6250,6250,1250,1.403,0.368,1.027,0.000,0.331,0.098
cube_d5_k105,8,6,1250,1250,250,0.499,0.116,0.249,0.000,0.086,0.033
cube_d5_k105,8,7,250,250,50,0.082,0.035,0.079,0.000,0.024,0.020
cube_d5_k105,8,8,50,50,10,0.043,0.014,0.019,0.000,0.007,0.003
cube_d5_k105,8,9,10,10,2,0.008,0.002,0.007,0.000,0.004,0.001
cube_d5_k105,8,10,2,0,0,0.003,0.001,0.000,,,
cube_d5_k105,8,0,210,6945750,2315250,0.972,2.150,266.964,0.000,66.310,81.181
cube_d5_k105,8,1,2315250,2315250,776000,311.431,68.542,159.780,0.000,21.839,25.056
cube_d5_k105,8,2,776000,776000,156250,106.701,24.758,58.991,0.000,8.161,6.056
cube_d5_k105,8,3,156250,156250,31250,21.636,4.615,11.546,0.000,1.978,1.238
cube_d5_k105,8,4,31250,31250,6250,4.273,0.923,3.629,0.000,1.518,0.315
cube_d5_k105,8,5,6250,6250,1250,1.232,0.360,0.847,0.000,0.346,0.081
cube_d5_k105,8,6,1250,1250,250,0.281,0.114,0.233,0.000,0.087,0.026
cube_d5_k105,8,7,250,250,50,0.081,0.032,0.069,0.000,0.023,0.015
cube_d5_k105,8,8,50,50,10,0.039,0.009,0.026,0.000,0.008,0.004
cube_d5_k105,8,9,10,10,2,0.010,0.003,0.007,0.000,0.004,0.001
cube_d5_k105,8,10,2,0,0,0.003,0.001,0.000,,,
cube_d5_k105,8,0,210,6945750,2315250,0.972,1.982,256.095,0.000,66.800,79.167
cube_d5_k105,8,1,2315250,2315250,776000,312.368,70.381,161.932,0.000,21.705,25.004
cube_d5_k105,8,2,776000,776000,156250,107.351,24.468,55.166,0.000,7.596,6.114
cube_d5_k105,8,3,156250,156250,31250,21.413,4.603,11.741,0.000,2.014,1.317
cube_d5_k105,8,4,31250,31250,6250,4.573,1.072,3.912,0.000,1.619,0.331
cube_d5_k105,8,5,6250,6250,1250,1.335,0.512,0.871,0.000,0.357,0.096
cube_d5_k105,8,6,1250,1250,250,0.288,0.137,0.247,0.000,0.087,0.031
cube_d5_k105,8,7,250,250,50,0.088,0.032,0.071,0.000,0.021,0.016
cube_d5_k105,8,8,50,50,10,0.049,0.005,0.024,0.000,0.007,0.004
cube_d5_k105,8,9,10,10,2,0.008,0.002,0.006,0.000,0.003,0.001
cube_d5_k105,8,10,2,0,0,0.002,0.001,0.000,,,
cube_d5_k105,8,0,210,6945750,2315250,0.968,1.898,266.891,0.000,66.614,81.194
cube_d5_k105,8,1,2315250,2315250,776000,311.236,70.411,162.460,0.000,21.854,24.776
cube_d5_k105,8,2,776000,776000,156250,108.736,24.089,55.399,0.000,7.358,5.947
cube_d5_k105,8,3,156250,156250,31250,21.357,4.778,11.513,0.000,2.275,1.296
cube_d5_k105,8,4,31250,31250,6250,4.598,0.949,3.748,0.000,1.600,0.331
cube_d5_k105,8,5,6250,6250,1250,1.568,0.374,0.857,0.000,0.341,0.092
cube_d5_k105,8,6,1250,1250,250,0.330,0.128,0.254,0.000,0.088,0.033
cube_d5_k105,8,7,250,250,50,0.084,0.037,0.073,0.000,0.022,0.019
cube_d5_k105,8,8,50,50,10,0.234,0.008,0.022,0.000,0.006,0.004
cube_d5_k105,8,9,10,10,2,0.008,0.002,0.006,0.000,0.003,0.001
cube_d5_k105,8,10,2,0,0,0.002,0.001,0.000,,,
cube_d5_k105,8,0,210,6945750,2315250,0.978,2.319,267.390,0.000,67.212,80.043
cube_d5_k105,8,1,2315250,2315250,776000,315.214,70.637,160.985,0.000,21.867,25.129
cube_d5_k105,8,2,776000,776000,156250,107.202,24.334,56.436,0.000,7.595,6.034
cube_d5_k105,8,3,156250,156250,31250,21.828,4.610,11.471,0.000,2.012,1.292
cube_d5_k105,8,4,31250,31250,6250,4.526,1.058,3.659,0.000,1.536,0.333
cube_d5_k105,8,5,6250,6250,1250,1.525,0.373,0.881,0.000,0.320,0.102
cube_d5_k105,8,6,1250,1250,250,0.310,0.129,0.249,0.000,0.092,0.033
cube_d5_k105,8,7,250,250,50,0.086,0.036,0.072,0.000,0.023,0.016
cube_d5_k105,8,8,50,50,10,0.050,0.004,0.024,0.000,0.006,0.004
cube_d5_k105,8,9,10,10,2,0.011,0.003,0.005,0.000,0.003,0.001
cube_d5_k105,8,10,2,0,0,0.002,0.001,0.000,,,
cube_d5_k105,8,0,210,6945750,2315250,1.006,2.299,271.368,0.000,67.064,76.276
cube_d5_k105,8,1,2315250,2315250,776000,313.887,70.969,161.801,0.000,21.757,25.039
cube_d5_k105,8,2,776000,776000,156250,108.278,23.526,56.205,0.000,7.256,6.048
cube_d5_k105,8,3,156250,156250,31250,21.697,4.660,12.109,0.000,2.170,1.323
cube_d5_k105,8,4,31250,31250,6250,4.720,1.049,3.712,0.000,1.579,0.332
cube_d5_k105,8,5,6250,6250,1250,1.319,0.363,1.076,0.000,0.355,0.094
cube_d5_k105,8,6,1250,1250,250,0.303,0.140,0.253,0.000,0.091,0.032
cube_d5_k105,8,7,250,250,50,0.092,0.038,0.076,0.000,0.026,0.015
cube_d5_k105,8,8,50,50,10,0.040,0.009,0.025,0.000,0.008,0.004
cube_d5_k105,8,9,10,10,2,0.011,0.003,0.007,0.000,0.004,0.001
cube_d5_k105,8,10,2,0,0,0.002,0.001,0.000,,,
cube_d5_k105,16,0,210,6945750,2315250,6.297,7.199,146.380,0.000,47.657,43.115
cube_d5_k105,16,1,2315250,2315250,776000,137.357,35.474,93.028,0.000,14.467,16.052
cube_d5_k105,16,2,776000,776000,156250,54.292,13.374,35.352,0.000,6.015,3.342
cube_d5_k105,16,3,156250,156250,31250,12.030,3.082,7.524,0.000,1.283,0.784
cube_d5_k105,16,4,31250,31250,6250,2.456,0.589,3.006,0.000,1.605,0.224
cube_d5_k105,16,5,6250,6250,1250,1.019,0.330,0.747,0.000,0.322,0.069
cube_d5_k105,16,6,1250,1250,250,0.245,0.079,0.231,0.000,0.105,0.030
cube_d5_k105,16,7,250,250,50,0.079,0.033,0.068,0.000,0.023,0.015
cube_d5_k105,16,8,50,50,10,0.027,0.009,0.024,0.000,0.007,0.004
cube_d5_k105,16,9,10,10,2,0.008,0.002,0.006,0.000,0.003,0.001
cube_d5_k105,16,10,2,0,0,0.002,0.001,0.000,,,
cube_d5_k105,16,0,210,6945750,2315250,0.685,1.643,149.949,0.000,36.874,40.257
cube_d5_k105,16,1,2315250,2315250,776000,156.902,35.890,89.271,0.000,12.144,15.051
cube_d5_k105,16,2,776000,776000,156250,58.398,12.385,32.547,0.000,4.678,3.336
cube_d5_k105,16,3,156250,156250,31250,11.989,2.987,7.429,0.000,1.508,0.799
cube_d5_k105,16,4,31250,31250,6250,2.345,0.591,2.982,0.000,1.568,0.221
cube_d5_k105,16,5,6250,6250,1250,1.049,0.331,0.762,0.000,0.325,0.068
cube_d5_k105,16,6,1250,1250,250,0.265,0.077,0.233,0.000,0.108,0.028
cube_d5_k105,16,7,250,250,50,0.082,0.036,0.070,0.000,0.024,0.014
cube_d5_k105,16,8,50,50,10,0.027,0.009,0.024,0.000,0.007,0.004
cube_d5_k105,16,9,10,10,2,0.007,0.002,0.006,0.000,0.003,0.001
cube_d5_k105,16,10,2,0,0,0.002,0.001,0.000,,,
cube_d5_k105,16,0,210,6945750,2315250,0.708,1.769,145.741,0.000,37.300,40.093
cube_d5_k105,16,1,2315250,2315250,776000,160.080,37.024,90.943,0.000,12.321,15.077
cube_d5_k105,16,2,776000,776000,156250,53.100,12.736,31.611,0.000,5.107,3.408
cube_d5_k105,16,3,156250,156250,31250,11.949,3.050,7.562,0.000,1.328,0.785
cube_d5_k105,16,4,31250,31250,6250,2.351,0.599,2.915,0.000,1.524,0.237
cube_d5_k105,16,5,6250,6250,1250,1.022,0.326,0.741,0.000,0.321,0.067
cube_d5_k105,16,6,1250,1250,250,0.274,0.075,0.249,0.000,0.112,0.035
cube_d5_k105,16,7,250,250,50,0.073,0.032,0.071,0.000,0.024,0.015
cube_d5_k105,16,8,50,50,10,0.028,0.014,0.023,0.000,0.006,0.004
cube_d5_k105,16,9,10,10,2,0.011,0.003,0.006,0.000,0.003,0.001
cube_d5_k105,16,10,2,0,0,0.002,0.001,0.000,,,
cube_d5_k105,16,0,210,6945750,2315250,0.688,1.668,152.753,0.000,37.109,40.081
cube_d5_k105,16,1,2315250,2315250,776000,161.991,37.622,91.219,0.000,12.621,14.860
cube_d5_k105,16,2,776000,776000,156250,54.103,12.549,33.217,0.000,4.554,3.383
cube_d5_k105,16,3,156250,156250,31250,12.097,2.713,7.346,0.000,1.408,0.778
cube_d5_k105,16,4,31250,31250,6250,2.356,0.589,2.886,0.000,1.473,0.226
cube_d5_k105,16,5,6250,6250,1250,0.989,0.315,0.747,0.000,0.328,0.065
cube_d5_k105,16,6,1250,1250,250,0.290,0.100,0.243,0.000,0.107,0.032
cube_d5_k105,16,7,250,250,50,0.072,0.036,0.071,0.000,0.023,0.016
cube_d5_k105,16,8,50,50,10,0.029,0.009,0.024,0.000,0.007,0.004
cube_d5_k105,16,9,10,10,2,0.008,0.002,0.006,0.000,0.003,0.001
cube_d5_k105,16,10,2,0,0,0.002,0.001,0.000,,,
cube_d5_k105,16,0,210,6945750,2315250,0.701,1.642,153.302,0.000,37.535,40.210
cube_d5_k105,16,1,2315250,2315250,776000,160.949,38.013,89.687,0.000,12.681,14.605
cube_d5_k105,16,2,776000,776000,156250,59.863,13.262,32.782,0.000,4.512,3.432
cube_d5_k105,16,3,156250,156250,31250,12.183,2.980,7.256,0.000,1.404,0.776
cube_d5_k105,16,4,31250,31250,6250,2.383,0.604,2.934,0.000,1.545,0.214
cube_d5_k105,16,5,6250,6250,1250,1.014,0.323,0.749,0.000,0.319,0.068
cube_d5_k105,16,6,1250,1250,250,0.245,0.083,0.240,0.000,0.105,0.029
cube_d5_k105,16,7,250,250,50,0.076,0.034,0.069,0.000,0.023,0.015
cube_d5_k105,16,8,50,50,10,0.025,0.009,0.022,0.000,0.007,0.004
cube_d5_k105,16,9,10,10,2,0.011,0.003,0.007,0.000,0.004,0.001
cube_d5_k105,16,10,2,0,0,0.002,0.001,0.000,,,
cube_d5_k105,16,0,210,6945750,2315250,0.709,1.717,156.681,0.000,38.519,39.648
cube_d5_k105,16,1,2315250,2315250,776000,161.512,38.919,90.977,0.000,12.473,14.705
cube_d5_k105,16,2,776000,776000,156250,59.652,12.550,31.986,0.000,4.528,3.463
cube_d5_k105,16,3,156250,156250,31250,12.034,2.779,7.516,0.000,1.435,0.782
cube_d5_k105,16,4,31250,31250,6250,2.359,0.592,2.976,0.000,1.589,0.219
cube_d5_k105,16,5,6250,6250,1250,1.020,0.329,0.749,0.000,0.323,0.071
cube_d5_k105,16,6,1250,1250,250,0.288,0.116,0.261,0.000,0.109,0.031
cube_d5_k105,16,7,250,250,50,0.077,0.035,0.071,0.000,0.024,0.015
cube_d5_k105,16,8,50,50,10,0.028,0.013,0.024,0.000,0.007,0.004
cube_d5_k105,16,9,10,10,2,0.010,0.003,0.006,0.000,0.003,0.001
cube_d5_k105,16,10,2,0,0,0.002,0.001,0.000,,,
cube_d5_k105,32,0,210,6945750,2315250,5.873,7.047,97.043,0.000,40.642,23.403
cube_d5_k105,32,1,2315250,2315250,776000,83.501,18.299,51.839,0.000,11.286,10.698
cube_d5_k105,32,2,776000,776000,156250,30.787,6.711,20.083,0.000,5.383,1.793
cube_d5_k105,32,3,156250,156250,31250,6.617,1.895,4.052,0.000,0.877,0.470
cube_d5_k105,32,4,31250,31250,6250,1.429,0.399,2.786,0.000,1.823,0.136
cube_d5_k105,32,5,6250,6250,1250,0.849,0.238,0.617,0.000,0.309,0.050
cube_d5_k105,32,6,1250,1250,250,0.239,0.071,0.185,0.000,0.080,0.023
cube_d5_k105,32,7,250,250,50,0.058,0.029,0.060,0.000,0.022,0.012
cube_d5_k105,32,8,50,50,10,0.024,0.014,0.024,0.000,0.007,0.004
cube_d5_k105,32,9,10,10,2,0.011,0.003,0.005,0.000,0.003,0.001
cube_d5_k105,32,10,2,0,0,0.002,0.001,0.000,,,
cube_d5_k105,32,0,210,6945750,2315250,0.644,1.506,83.424,0.000,23.747,22.941
cube_d5_k105,32,1,2315250,2315250,776000,83.408,19.650,47.804,0.000,7.894,7.535
cube_d5_k105,32,2,776000,776000,156250,30.378,7.278,17.377,0.000,3.468,1.864
cube_d5_k105,32,3,156250,156250,31250,7.077,1.805,4.176,0.000,0.774,0.480
cube_d5_k105,32,4,31250,31250,6250,1.396,0.410,2.326,0.000,1.477,0.170
cube_d5_k105,32,5,6250,6250,1250,0.774,0.261,0.625,0.000,0.305,0.050
cube_d5_k105,32,6,1250,1250,250,0.156,0.079,0.179,0.000,0.080,0.025
cube_d5_k105,32,7,250,250,50,0.064,0.031,0.061,0.000,0.021,0.011
cube_d5_k105,32,8,50,50,10,0.025,0.011,0.025,0.000,0.007,0.004
cube_d5_k105,32,9,10,10,2,0.009,0.003,0.006,0.000,0.003,0.001
cube_d5_k105,32,10,2,0,0,0.003,0.001,0.000,,,
cube_d5_k105,32,0,210,6945750,2315250,0.681,1.641,84.408,0.000,24.308,21.032
cube_d5_k105,32,1,2315250,2315250,776000,88.445,20.116,48.271,0.000,7.987,7.706
cube_d5_k105,32,2,776000,776000,156250,31.274,7.031,17.804,0.000,3.630,1.858
cube_d5_k105,32,3,156250,156250,31250,7.104,1.827,4.237,0.000,0.863,0.480
cube_d5_k105,32,4,31250,31250,6250,1.380,0.400,2.333,0.000,1.506,0.153
cube_d5_k105,32,5,6250,6250,1250,0.755,0.253,0.671,0.000,0.343,0.055
cube_d5_k105,32,6,1250,1250,250,0.173,0.066,0.190,0.000,0.081,0.026
cube_d5_k105,32,7,250,250,50,0.062,0.032,0.068,0.000,0.025,0.012
cube_d5_k105,32,8,50,50,10,0.023,0.009,0.024,0.000,0.007,0.004
cube_d5_k105,32,9,10,10,2,0.009,0.003,0.006,0.000,0.003,0.001
cube_d5_k105,32,10,2,0,0,0.002,0.001,0.000,,,
cube_d5_k105,32,0,210,6945750,2315250,0.710,1.687,87.654,0.000,23.963,21.718
cube_d5_k105,32,1,2315250,2315250,776000,86.264,20.645,49.323,0.000,8.089,7.600
cube_d5_k105,32,2,776000,776000,156250,30.565,7.066,17.273,0.000,3.177,1.916
cube_d5_k105,32,3,156250,156250,31250,7.095,1.945,4.372,0.000,0.948,0.476
cube_d5_k105,32,4,31250,31250,6250,1.377,0.409,2.330,0.000,1.511,0.149
cube_d5_k105,32,5,6250,6250,1250,0.746,0.253,0.615,0.000,0.299,0.054
cube_d5_k105,32,6,1250,1250,250,0.166,0.065,0.191,0.000,0.080,0.027
cube_d5_k105,32,7,250,250,50,0.060,0.032,0.063,0.000,0.022,0.014
cube_d5_k105,32,8,50,50,10,0.022,0.011,0.021,0.000,0.007,0.003
cube_d5_k105,32,9,10,10,2,0.010,0.003,0.006,0.000,0.003,0.001
cube_d5_k105,32,10,2,0,0,0.002,0.001,0.000,,,
cube_d5_k105,32,0,210,6945750,2315250,0.723,1.575,85.737,0.000,23.998,21.539
cube_d5_k105,32,1,2315250,2315250,776000,83.462,20.843,48.636,0.000,7.929,7.666
cube_d5_k105,32,2,776000,776000,156250,30.769,7.109,17.498,0.000,3.190,1.862
cube_d5_k105,32,3,156250,156250,31250,7.224,1.814,4.260,0.000,0.878,0.478
cube_d5_k105,32,4,31250,31250,6250,1.382,0.418,2.313,0.000,1.485,0.151
cube_d5_k105,32,5,6250,6250,1250,0.757,0.262,0.609,0.000,0.304,0.052
cube_d5_k105,32,6,1250,1250,250,0.176,0.072,0.177,0.000,0.079,0.026
cube_d5_k105,32,7,250,250,50,0.058,0.031,0.060,0.000,0.022,0.012
cube_d5_k105,32,8,50,50,10,0.023,0.009,0.021,0.000,0.007,0.003
cube_d5_k105,32,9,10,10,2,0.010,0.003,0.006,0.000,0.003,0.001
cube_d5_k105,32,10,2,0,0,0.002,0.001,0.000,,,
cube_d5_k105,32,0,210,6945750,2315250,0.699,1.639,87.781,0.000,24.270,21.278
cube_d5_k105,32,1,2315250,2315250,776000,88.336,20.945,49.375,0.000,8.100,7.655
cube_d5_k105,32,2,776000,776000,156250,30.609,7.165,17.589,0.000,3.236,1.994
cube_d5_k105,32,3,156250,156250,31250,7.096,1.836,4.021,0.000,0.765,0.479
cube_d5_k105,32,4,31250,31250,6250,1.373,0.424,2.304,0.000,1.474,0.153
cube_d5_k105,32,5,6250,6250,1250,0.763,0.271,0.641,0.000,0.321,0.058
cube_d5_k105,32,6,1250,1250,250,0.161,0.074,0.196,0.000,0.081,0.029
cube_d5_k105,32,7,250,250,50,0.061,0.033,0.066,0.000,0.022,0.017
cube_d5_k105,32,8,50,50,10,0.026,0.015,0.023,0.000,0.007,0.004
cube_d5_k105,32,9,10,10,2,0.016,0.003,0.006,0.000,0.003,0.001
cube_d5_k105,32,10,2,0,0,0.003,0.001,0.000,,,
cube_d5_k105,64,0,210,6945750,2315250,6.038,5.953,92.938,0.000,45.513,16.958
cube_d5_k105,64,1,2315250,2315250,776000,51.913,13.694,39.532,0.000,13.469,8.374
cube_d5_k105,64,2,776000,776000,156250,19.928,4.734,19.492,0.000,6.657,1.175
cube_d5_k105,64,3,156250,156250,31250,4.502,1.517,2.855,0.000,0.705,0.375
cube_d5_k105,64,4,31250,31250,6250,1.028,0.328,2.170,0.000,1.549,0.167
cube_d5_k105,64,5,6250,6250,1250,0.710,0.240,0.584,0.000,0.314,0.053
cube_d5_k105,64,6,1250,1250,250,0.172,0.072,0.200,0.000,0.092,0.029
cube_d5_k105,64,7,250,250,50,0.062,0.040,0.067,0.000,0.022,0.014
cube_d5_k105,64,8,50,50,10,0.024,0.009,0.021,0.000,0.007,0.003
cube_d5_k105,64,9,10,10,2,0.007,0.002,0.006,0.000,0.003,0.001
cube_d5_k105,64,10,2,0,0,0.002,0.001,0.000,,,
cube_d5_k105,64,0,210,6945750,2315250,0.786,1.570,63.649,0.000,18.437,13.081
cube_d5_k105,64,1,2315250,2315250,776000,43.828,11.787,29.745,0.000,6.221,4.155
cube_d5_k105,64,2,776000,776000,156250,18.677,4.334,12.891,0.000,4.434,1.121
cube_d5_k105,64,3,156250,156250,31250,4.832,1.312,2.888,0.000,0.783,0.361
cube_d5_k105,64,4,31250,31250,6250,1.066,0.331,2.261,0.000,1.648,0.128
cube_d5_k105,64,5,6250,6250,1250,0.709,0.228,0.597,0.000,0.320,0.050
cube_d5_k105,64,6,1250,1250,250,0.169,0.077,0.186,0.000,0.080,0.030
cube_d5_k105,64,7,250,250,50,0.071,0.041,0.074,0.000,0.026,0.019
cube_d5_k105,64,8,50,50,10,0.026,0.009,0.025,0.000,0.007,0.004
cube_d5_k105,64,9,10,10,2,0.009,0.003,0.006,0.000,0.003,0.001
cube_d5_k105,64,10,2,0,0,0.002,0.001,0.000,,,
cube_d5_k105,64,0,210,6945750,2315250,0.747,1.620,61.285,0.000,19.205,11.732
cube_d5_k105,64,1,2315250,2315250,776000,44.956,13.518,28.934,0.000,6.296,4.415
cube_d5_k105,64,2,776000,776000,156250,19.319,4.698,13.088,0.000,4.361,1.240
cube_d5_k105,64,3,156250,156250,31250,4.792,1.619,2.856,0.000,0.673,0.377
cube_d5_k105,64,4,31250,31250,6250,1.053,0.327,2.274,0.000,1.615,0.148
cube_d5_k105,64,5,6250,6250,1250,0.688,0.236,0.605,0.000,0.306,0.053
cube_d5_k105,64,6,1250,1250,250,0.163,0.071,0.182,0.000,0.083,0.026
cube_d5_k105,64,7,250,250,50,0.062,0.038,0.070,0.000,0.020,0.014
cube_d5_k105,64,8,50,50,10,0.032,0.009,0.030,0.000,0.007,0.004
cube_d5_k105,64,9,10,10,2,0.014,0.003,0.006,0.000,0.004,0.001
cube_d5_k105,64,10,2,0,0,0.002,0.001,0.000,,,
cube_d5_k105,64,0,210,6945750,2315250,0.748,1.558,61.346,0.000,18.923,11.941
cube_d5_k105,64,1,2315250,2315250,776000,51.818,12.144,28.897,0.000,6.321,4.292
cube_d5_k105,64,2,776000,776000,156250,19.337,4.453,11.721,0.000,3.259,1.177
cube_d5_k105,64,3,156250,156250,31250,4.750,1.360,2.871,0.000,0.764,0.386
cube_d5_k105,64,4,31250,31250,6250,1.026,0.333,2.179,0.000,1.565,0.122
cube_d5_k105,64,5,6250,6250,1250,0.745,0.231,0.628,0.000,0.345,0.058
cube_d5_k105,64,6,1250,1250,250,0.161,0.079,0.185,0.000,0.083,0.027
cube_d5_k105,64,7,250,250,50,0.063,0.033,0.075,0.000,0.026,0.021
cube_d5_k105,64,8,50,50,10,0.027,0.009,0.025,0.000,0.007,0.004
cube_d5_k105,64,9,10,10,2,0.010,0.003,0.012,0.000,0.003,0.001
cube_d5_k105,64,10,2,0,0,0.002,0.001,0.000,,,
cube_d5_k105,64,0,210,6945750,2315250,0.818,1.628,65.565,0.000,19.541,12.275
cube_d5_k105,64,1,2315250,2315250,776000,46.535,12.331,28.874,0.000,6.289,4.262
cube_d5_k105,64,2,776000,776000,156250,19.613,4.677,11.514,0.000,2.763,1.283
cube_d5_k105,64,3,156250,156250,31250,4.722,1.426,2.715,0.000,0.615,0.379
cube_d5_k105,64,4,31250,31250,6250,1.003,0.337,2.133,0.000,1.532,0.122
cube_d5_k105,64,5,6250,6250,1250,0.731,0.232,0.617,0.000,0.319,0.061
cube_d5_k105,64,6,1250,1250,250,0.164,0.067,0.185,0.000,0.088,0.026
cube_d5_k105,64,7,250,250,50,0.064,0.039,0.066,0.000,0.023,0.018
cube_d5_k105,64,8,50,50,10,0.026,0.013,0.027,0.000,0.007,0.004
cube_d5_k105,64,9,10,10,2,0.009,0.003,0.006,0.000,0.003,0.001
cube_d5_k105,64,10,2,0,0,0.002,0.001,0.000,,,
cube_d5_k105,64,0,210,6945750,2315250,0.862,1.693,65.657,0.000,19.322,12.171
cube_d5_k105,64,1,2315250,2315250,776000,46.783,12.519,29.036,0.000,6.385,4.315
cube_d5_k105,64,2,776000,776000,156250,19.737,4.466,11.358,0.000,2.672,1.224
cube_d5_k105,64,3,156250,156250,31250,4.750,1.362,3.101,0.000,0.746,0.383
cube_d5_k105,64,4,31250,31250,6250,0.955,0.335,2.095,0.000,1.450,0.132
cube_d5_k105,64,5,6250,6250,1250,0.686,0.240,0.614,0.000,0.302,0.057
cube_d5_k105,64,6,1250,1250,250,0.168,0.067,0.197,0.000,0.092,0.028
cube_d5_k105,64,7,250,250,50,0.058,0.044,0.065,0.000,0.020,0.016
cube_d5_k105,64,8,50,50,10,0.035,0.013,0.031,0.000,0.007,0.004
cube_d5_k105,64,9,10,10,2,0.010,0.002,0.006,0.000,0.003,0.001
cube_d5_k105,64,10,2,0,0,0.003,0.001,0.000,,,
cube_d5_k105,128,0,210,6945750,2315250,6.295,12.349,139.796,0.000,81.362,18.653
cube_d5_k105,128,1,2315250,2315250,776000,42.982,15.912,50.957,0.000,23.485,14.565
cube_d5_k105,128,2,776000,776000,156250,20.260,7.666,25.533,0.000,12.625,1.018
cube_d5_k105,128,3,156250,156250,31250,3.541,1.669,2.536,0.000,0.698,0.354
cube_d5_k105,128,4,31250,31250,6250,0.944,0.364,2.157,0.000,1.635,0.124
cube_d5_k105,128,5,6250,6250,1250,0.893,0.261,0.661,0.000,0.339,0.069
cube_d5_k105,128,6,1250,1250,250,0.229,0.105,0.231,0.000,0.109,0.038
cube_d5_k105,128,7,250,250,50,0.094,0.045,0.106,0.000,0.029,0.029
cube_d5_k105,128,8,50,50,10,0.038,0.017,0.028,0.000,0.007,0.004
cube_d5_k105,128,9,10,10,2,0.014,0.003,0.007,0.000,0.003,0.001
cube_d5_k105,128,10,2,0,0,0.003,0.001,0.000,,,
cube_d5_k105,128,0,210,6945750,2315250,1.025,2.024,59.654,0.000,19.226,9.368
cube_d5_k105,128,1,2315250,2315250,776000,26.554,10.555,20.090,0.000,5.616,2.391
cube_d5_k105,128,2,776000,776000,156250,13.665,3.716,10.033,0.000,3.992,0.997
cube_d5_k105,128,3,156250,156250,31250,3.447,1.244,2.343,0.000,0.702,0.359
cube_d5_k105,128,4,31250,31250,6250,0.927,0.360,2.089,0.000,1.558,0.128
cube_d5_k105,128,5,6250,6250,1250,0.962,0.245,0.655,0.000,0.345,0.059
cube_d5_k105,128,6,1250,1250,250,0.262,0.084,0.242,0.000,0.106,0.050
cube_d5_k105,128,7,250,250,50,0.095,0.055,0.098,0.000,0.022,0.031
cube_d5_k105,128,8,50,50,10,0.034,0.016,0.041,0.000,0.007,0.004
cube_d5_k105,128,9,10,10,2,0.016,0.003,0.007,0.000,0.003,0.001
cube_d5_k105,128,10,2,0,0,0.003,0.001,0.000,,,
cube_d5_k105,128,0,210,6945750,2315250,1.032,2.032,57.523,0.000,18.466,6.888
cube_d5_k105,128,1,2315250,2315250,776000,30.479,9.727,20.104,0.000,5.393,2.504
cube_d5_k105,128,2,776000,776000,156250,14.222,4.502,10.283,0.000,4.259,0.990
cube_d5_k105,128,3,156250,156250,31250,3.465,1.307,2.284,0.000,0.717,0.328
cube_d5_k105,128,4,31250,31250,6250,0.883,0.356,2.014,0.000,1.485,0.123
cube_d5_k105,128,5,6250,6250,1250,0.965,0.247,0.632,0.000,0.328,0.074
cube_d5_k105,128,6,1250,1250,250,0.249,0.091,0.228,0.000,0.096,0.047
cube_d5_k105,128,7,250,250,50,0.100,0.040,0.102,0.000,0.028,0.027
cube_d5_k105,128,8,50,50,10,0.041,0.015,0.032,0.000,0.007,0.004
cube_d5_k105,128,9,10,10,2,0.010,0.003,0.007,0.000,0.004,0.001
cube_d5_k105,128,10,2,0,0,0.003,0.001,0.000,,,
cube_d5_k105,128,0,210,6945750,2315250,0.986,1.994,55.638,0.000,19.122,6.971
cube_d5_k105,128,1,2315250,2315250,776000,31.119,9.779,20.341,0.000,5.677,2.528
cube_d5_k105,128,2,776000,776000,156250,14.203,4.091,8.641,0.000,2.659,1.015
cube_d5_k105,128,3,156250,156250,31250,3.185,1.209,2.352,0.000,0.748,0.321
cube_d5_k105,128,4,31250,31250,6250,0.815,0.346,2.180,0.000,1.644,0.126
cube_d5_k105,128,5,6250,6250,1250,0.956,0.243,0.653,0.000,0.335,0.068
cube_d5_k105,128,6,1250,1250,250,0.278,0.091,0.218,0.000,0.096,0.044
cube_d5_k105,128,7,250,250,50,0.102,0.046,0.083,0.000,0.029,0.017
cube_d5_k105,128,8,50,50,10,0.040,0.018,0.024,0.000,0.007,0.003
cube_d5_k105,128,9,10,10,2,0.011,0.003,0.006,0.000,0.003,0.001
cube_d5_k105,128,10,2,0,0,0.003,0.001,0.000,,,
cube_d5_k105,128,0,210,6945750,2315250,1.082,1.998,56.441,0.000,19.110,7.416
cube_d5_k105,128,1,2315250,2315250,776000,38.043,9.689,21.835,0.000,5.584,2.565
cube_d5_k105,128,2,776000,776000,156250,14.321,3.766,8.777,0.000,2.740,1.100
cube_d5_k105,128,3,156250,156250,31250,3.171,1.191,2.319,0.000,0.720,0.342
cube_d5_k105,128,4,31250,31250,6250,0.789,0.360,2.189,0.000,1.649,0.138
cube_d5_k105,128,5,6250,6250,1250,0.907,0.260,0.674,0.000,0.362,0.072
cube_d5_k105,128,6,1250,1250,250,0.253,0.100,0.221,0.000,0.103,0.046
cube_d5_k105,128,7,250,250,50,0.094,0.041,0.101,0.000,0.031,0.022
cube_d5_k105,128,8,50,50,10,0.037,0.015,0.030,0.000,0.007,0.003
cube_d5_k105,128,9,10,10,2,0.019,0.003,0.007,0.000,0.003,0.001
cube_d5_k105,128,10,2,0,0,0.003,0.001,0.000,,,
cube_d5_k105,128,0,210,6945750,2315250,1.060,2.153,58.062,0.000,19.994,7.335
cube_d5_k105,128,1,2315250,2315250,776000,39.586,11.404,21.831,0.000,5.746,2.574
cube_d5_k105,128,2,776000,776000,156250,14.310,4.085,8.893,0.000,2.908,1.034
cube_d5_k105,128,3,156250,156250,31250,3.147,1.139,2.515,0.000,0.759,0.323
cube_d5_k105,128,4,31250,31250,6250,0.755,0.346,2.057,0.000,1.509,0.143
cube_d5_k105,128,5,6250,6250,1250,0.982,0.247,0.676,0.000,0.350,0.074
cube_d5_k105,128,6,1250,1250,250,0.246,0.095,0.251,0.000,0.103,0.048
cube_d5_k105,128,7,250,250,50,0.089,0.041,0.081,0.000,0.022,0.018
cube_d5_k105,128,8,50,50,10,0.038,0.015,0.046,0.000,0.007,0.004
cube_d5_k105,128,9,10,10,2,0.011,0.002,0.007,0.000,0.003,0.001
cube_d5_k105,128,10,2,0,0,0.003,0.001,0.000,,,
cube_d5_k155,1,0,310,22343250,7447750,12.798,35.361,5990.600,0.000,1775.245,1437.084
cube_d5_k155,1,1,7447750,7447750,3697750,5622.990,1153.770,3826.093,0.000,703.077,615.287
cube_d5_k155,1,2,3697750,3697750,781250,2808.791,589.869,2377.891,0.000,259.811,179.030
cube_d5_k155,1,3,781250,781250,156250,602.461,126.506,479.193,0.000,52.826,38.478
cube_d5_k155,1,4,156250,156250,31250,124.059,24.210,71.080,0.000,11.230,7.349
cube_d5_k155,1,5,31250,31250,6250,23.897,2.503,9.578,0.000,2.021,0.991
cube_d5_k155,1,6,6250,6250,1250,3.944,0.356,1.252,0.000,0.346,0.203
cube_d5_k155,1,7,1250,1250,250,0.687,0.061,0.280,0.000,0.089,0.049
cube_d5_k155,1,8,250,250,50,0.136,0.013,0.049,0.000,0.016,0.009
cube_d5_k155,1,9,50,50,10,0.028,0.004,0.013,0.000,0.005,0.002
cube_d5_k155,1,10,10,10,2,0.007,0.002,0.006,0.000,0.003,0.001
cube_d5_k155,1,11,2,0,0,0.002,0.001,0.000,,,
cube_d5_k155,1,0,310,22343250,7447750,12.829,25.813,5798.455,0.000,1708.294,1426.310
cube_d5_k155,1,1,7447750,7447750,3697750,7174.983,1668.608,3771.698,0.000,676.562,612.408
cube_d5_k155,1,2,3697750,3697750,781250,3527.023,850.780,2379.208,0.000,251.656,178.112
cube_d5_k155,1,3,781250,781250,156250,756.023,180.960,478.668,0.000,51.175,38.155
cube_d5_k155,1,4,156250,156250,31250,155.145,32.649,71.250,0.001,11.388,7.356
cube_d5_k155,1,5,31250,31250,6250,26.600,2.661,9.844,0.000,2.079,1.038
cube_d5_k155,1,6,6250,6250,1250,4.266,0.420,1.262,0.000,0.353,0.204
cube_d5_k155,1,7,1250,1250,250,0.705,0.066,0.230,0.000,0.069,0.039
cube_d5_k155,1,8,250,250,50,0.141,0.016,0.059,0.000,0.020,0.011
cube_d5_k155,1,9,50,50,10,0.034,0.005,0.016,0.000,0.007,0.003
cube_d5_k155,1,10,10,10,2,0.008,0.002,0.007,0.000,0.004,0.001
cube_d5_k155,1,11,2,0,0,0.002,0.001,0.000,,,
cube_d5_k155,1,0,310,22343250,7447750,12.800,25.808,5804.941,0.000,1713.490,1427.078
cube_d5_k155,1,1,7447750,7447750,3697750,7177.383,1665.218,3799.928,0.000,680.413,612.772
cube_d5_k155,1,2,3697750,3697750,781250,3520.728,846.703,2395.695,0.000,264.604,177.718
cube_d5_k155,1,3,781250,781250,156250,756.306,180.677,480.724,0.000,52.897,38.181
cube_d5_k155,1,4,156250,156250,31250,155.022,32.658,71.197,0.000,11.393,7.302
cube_d5_k155,1,5,31250,31250,6250,26.537,2.679,9.860,0.000,2.156,1.036
cube_d5_k155,1,6,6250,6250,1250,4.259,0.398,1.225,0.000,0.347,0.200
cube_d5_k155,1,7,1250,1250,250,0.704,0.063,0.231,0.000,0.068,0.039
cube_d5_k155,1,8,250,250,50,0.139,0.013,0.048,0.000,0.017,0.009
cube_d5_k155,1,9,50,50,10,0.029,0.004,0.013,0.000,0.005,0.002
cube_d5_k155,1,10,10,10,2,0.007,0.002,0.006,0.000,0.003,0.001
cube_d5_k155,1,11,2,0,0,0.002,0.001,0.000,,,
cube_d5_k155,1,0,310,22343250,7447750,12.795,25.879,5806.678,0.000,1712.513,1427.803
cube_d5_k155,1,1,7447750,7447750,3697750,7211.510,1685.197,3804.950,0.000,678.940,612.648
cube_d5_k155,1,2,3697750,3697750,781250,3561.880,863.728,2380.278,0.000,252.345,176.779
cube_d5_k155,1,3,781250,781250,156250,760.373,183.024,479.713,0.000,51.102,38.492
cube_d5_k155,1,4,156250,156250,31250,155.855,33.040,71.061,0.000,11.242,7.352
cube_d5_k155,1,5,31250,31250,6250,26.666,2.667,9.788,0.000,2.109,0.995
cube_d5_k155,1,6,6250,6250,1250,4.267,0.420,1.277,0.000,0.394,0.202
cube_d5_k155,1,7,1250,1250,250,0.730,0.064,0.238,0.000,0.070,0.039
cube_d5_k155,1,8,250,250,50,0.138,0.014,0.048,0.000,0.016,0.009
cube_d5_k155,1,9,50,50,10,0.029,0.004,0.013,0.000,0.005,0.002
cube_d5_k155,1,10,10,10,2,0.007,0.002,0.006,0.000,0.003,0.001
cube_d5_k155,1,11,2,0,0,0.002,0.001,0.000,,,
cube_d5_k155,1,0,310,22343250,7447750,12.975,25.753,5814.478,0.000,1718.127,1428.297
cube_d5_k155,1,1,7447750,7447750,3697750,7232.021,1693.387,3803.191,0.000,682.530,614.177
cube_d5_k155,1,2,3697750,3697750,781250,3553.115,862.630,2377.310,0.000,252.327,178.373
cube_d5_k155,1,3,781250,781250,156250,759.583,182.280,477.035,0.000,51.308,38.202
cube_d5_k155,1,4,156250,156250,31250,155.434,33.024,70.505,0.000,11.118,7.276
cube_d5_k155,1,5,31250,31250,6250,26.610,2.729,9.702,0.000,2.068,1.054
cube_d5_k155,1,6,6250,6250,1250,4.255,0.390,1.303,0.000,0.351,0.235
cube_d5_k155,1,7,1250,1250,250,0.706,0.064,0.238,0.000,0.069,0.039
cube_d5_k155,1,8,250,250,50,0.141,0.013,0.051,0.000,0.019,0.009
cube_d5_k155,1,9,50,50,10,0.029,0.004,0.013,0.000,0.005,0.002
cube_d5_k155,1,10,10,10,2,0.007,0.002,0.006,0.000,0.003,0.001
cube_d5_k155,1,11,2,0,0,0.002,0.001,0.000,,,
cube_d5_k155,1,0,310,22343250,7447750,12.993,25.750,5815.443,0.000,1719.750,1429.284
cube_d5_k155,1,1,7447750,7447750,3697750,7217.348,1693.006,3771.859,0.000,678.422,613.577
cube_d5_k155,1,2,3697750,3697750,781250,3565.466,864.233,2359.220,0.000,252.001,177.528
cube_d5_k155,1,3,781250,781250,156250,759.598,182.225,472.658,0.000,51.625,38.124
cube_d5_k155,1,4,156250,156250,31250,155.356,32.804,69.862,0.000,10.904,7.313
cube_d5_k155,1,5,31250,31250,6250,26.529,2.684,9.708,0.000,2.222,1.003
cube_d5_k155,1,6,6250,6250,1250,4.208,0.398,1.277,0.000,0.339,0.206
cube_d5_k155,1,7,1250,1250,250,0.707,0.064,0.267,0.000,0.086,0.049
cube_d5_k155,1,8,250,250,50,0.152,0.014,0.048,0.000,0.016,0.009
cube_d5_k155,1,9,50,50,10,0.029,0.004,0.013,0.000,0.005,0.002
cube_d5_k155,1,10,10,10,2,0.007,0.002,0.006,0.000,0.003,0.001
cube_d5_k155,1,11,2,0,0,0.002,0.001,0.000,,,
cube_d5_k155,2,0,310,22343250,7447750,21.977,29.999,3065.141,0.000,869.000,813.070
cube_d5_k155,2,1,7447750,7447750,3697750,3093.811,659.086,2016.452,0.000,326.356,388.824
cube_d5_k155,2,2,3697750,3697750,781250,1692.871,364.057,1254.275,0.000,128.343,101.819
cube_d5_k155,2,3,781250,781250,156250,375.457,85.460,246.018,0.000,24.900,20.697
cube_d5_k155,2,4,156250,156250,31250,76.202,16.166,36.590,0.000,5.044,4.903
cube_d5_k155,2,5,31250,31250,6250,14.671,2.019,7.690,0.000,1.876,0.950
cube_d5_k155,2,6,6250,6250,1250,2.843,0.580,1.154,0.000,0.355,0.193
cube_d5_k155,2,7,1250,1250,250,0.570,0.162,0.290,0.000,0.079,0.045
cube_d5_k155,2,8,250,250,50,0.141,0.027,0.058,0.000,0.020,0.010
cube_d5_k155,2,9,50,50,10,0.031,0.006,0.015,0.000,0.005,0.002
cube_d5_k155,2,10,10,10,2,0.006,0.002,0.006,0.000,0.003,0.001
cube_d5_k155,2,11,2,0,0,0.002,0.001,0.000,,,
cube_d5_k155,2,0,310,22343250,7447750,6.552,13.185,3384.377,0.000,827.008,810.422
cube_d5_k155,2,1,7447750,7447750,3697750,3907.354,865.629,1996.922,0.000,327.897,386.735
cube_d5_k155,2,2,3697750,3697750,781250,1989.531,454.365,1276.705,0.000,122.205,101.072
cube_d5_k155,2,3,781250,781250,156250,417.662,100.206,248.538,0.000,24.396,20.648
cube_d5_k155,2,4,156250,156250,31250,79.731,14.332,36.505,0.000,5.203,4.833
cube_d5_k155,2,5,31250,31250,6250,14.884,1.649,7.807,0.000,1.925,0.944
cube_d5_k155,2,6,6250,6250,1250,2.915,0.635,1.239,0.000,0.380,0.208
cube_d5_k155,2,7,1250,1250,250,0.585,0.160,0.291,0.000,0.077,0.043
cube_d5_k155,2,8,250,250,50,0.128,0.035,0.079,0.000,0.023,0.016
cube_d5_k155,2,9,50,50,10,0.029,0.007,0.015,0.000,0.005,0.002
cube_d5_k155,2,10,10,10,2,0.008,0.002,0.006,0.000,0.003,0.001
cube_d5_k155,2,11,2,0,0,0.002,0.001,0.000,,,
cube_d5_k155,2,0,310,22343250,7447750,6.618,13.301,3323.936,0.000,826.075,809.388
cube_d5_k155,2,1,7447750,7447750,3697750,3948.921,901.626,2008.600,0.000,328.004,387.172
cube_d5_k155,2,2,3697750,3697750,781250,2001.013,465.593,1279.674,0.000,121.991,101.140
cube_d5_k155,2,3,781250,781250,156250,412.156,98.469,250.055,0.000,24.731,20.450
cube_d5_k155,2,4,156250,156250,31250,79.921,14.189,37.069,0.000,5.172,4.966
cube_d5_k155,2,5,31250,31250,6250,14.741,1.768,7.942,0.000,2.008,0.932
cube_d5_k155,2,6,6250,6250,1250,3.022,0.581,1.234,0.000,0.355,0.201
cube_d5_k155,2,7,1250,1250,250,0.589,0.160,0.301,0.000,0.082,0.045
cube_d5_k155,2,8,250,250,50,0.150,0.028,0.073,0.000,0.022,0.012
cube_d5_k155,2,9,50,50,10,0.034,0.007,0.016,0.000,0.005,0.002
cube_d5_k155,2,10,10,10,2,0.008,0.002,0.006,0.000,0.003,0.001
cube_d5_k155,2,11,2,0,0,0.002,0.001,0.000,,,
cube_d5_k155,2,0,310,22343250,7447750,6.582,13.217,3513.510,0.000,825.393,809.494
cube_d5_k155,2,1,7447750,7447750,3697750,3969.893,911.020,2006.585,0.000,329.694,386.680
cube_d5_k155,2,2,3697750,3697750,781250,1994.671,468.349,1270.351,0.000,121.538,100.187
cube_d5_k155,2,3,781250,781250,156250,413.321,98.814,250.346,0.000,25.659,20.051
cube_d5_k155,2,4,156250,156250,31250,80.700,14.463,37.074,0.000,5.253,4.928
cube_d5_k155,2,5,31250,31250,6250,14.833,1.716,7.759,0.000,1.896,0.941
cube_d5_k155,2,6,6250,6250,1250,3.060,0.574,1.286,0.000,0.414,0.185
cube_d5_k155,2,7,1250,1250,250,0.596,0.157,0.298,0.000,0.078,0.046
cube_d5_k155,2,8,250,250,50,0.154,0.032,0.072,0.000,0.021,0.013
cube_d5_k155,2,9,50,50,10,0.032,0.006,0.016,0.000,0.005,0.002
cube_d5_k155,2,10,10,10,2,0.008,0.002,0.006,0.000,0.003,0.001
cube_d5_k155,2,11,2,0,0,0.002,0.001,0.000,,,
cube_d5_k155,2,0,310,22343250,7447750,6.632,13.265,3447.628,0.000,828.425,809.996
cube_d5_k155,2,1,7447750,7447750,3697750,3968.847,912.295,1998.521,0.000,328.785,387.521
cube_d5_k155,2,2,3697750,3697750,781250,2004.996,469.149,1274.278,0.000,121.733,101.805
cube_d5_k155,2,3,781250,781250,156250,415.022,99.005,248.417,0.000,24.417,20.491
cube_d5_k155,2,4,156250,156250,31250,80.324,14.028,36.685,0.000,5.179,4.946
cube_d5_k155,2,5,31250,31250,6250,15.051,1.787,8.077,0.000,1.909,0.933
cube_d5_k155,2,6,6250,6250,1250,2.948,0.568,1.234,0.000,0.332,0.203
cube_d5_k155,2,7,1250,1250,250,0.614,0.155,0.295,0.000,0.080,0.043
cube_d5_k155,2,8,250,250,50,0.151,0.027,0.075,0.000,0.020,0.014
cube_d5_k155,2,9,50,50,10,0.035,0.008,0.019,0.000,0.007,0.003
cube_d5_k155,2,10,10,10,2,0.009,0.002,0.007,0.000,0.004,0.001
cube_d5_k155,2,11,2,0,0,0.002,0.001,0.000,,,
cube_d5_k155,2,0,310,22343250,7447750,6.614,13.267,3575.712,0.000,825.411,809.529
cube_d5_k155,2,1,7447750,7447750,3697750,3982.578,916.280,2007.131,0.000,330.395,388.632
cube_d5_k155,2,2,3697750,3697750,781250,1999.922,468.982,1273.411,0.000,121.685,101.012
cube_d5_k155,2,3,781250,781250,156250,414.073,98.663,242.749,0.000,25.131,20.611
cube_d5_k155,2,4,156250,156250,31250,79.865,14.074,37.138,0.000,5.519,4.811
cube_d5_k155,2,5,31250,31250,6250,14.727,1.723,7.871,0.000,2.004,0.944
cube_d5_k155,2,6,6250,6250,1250,3.120,0.576,1.243,0.000,0.347,0.201
cube_d5_k155,2,7,1250,1250,250,0.589,0.161,0.303,0.000,0.082,0.043
cube_d5_k155,2,8,250,250,50,0.152,0.027,0.073,0.000,0.018,0.013
cube_d5_k155,2,9,50,50,10,0.033,0.007,0.014,0.000,0.005,0.002
cube_d5_k155,2,10,10,10,2,0.007,0.002,0.006,0.000,0.003,0.001
cube_d5_k155,2,11,2,0,0,0.002,0.001,0.000,,,
cube_d5_k155,4,0,310,22343250,7447750,16.459,21.841,1576.594,0.000,449.237,461.541
cube_d5_k155,4,1,7447750,7447750,3697750,1525.867,315.337,993.804,0.000,167.092,219.323
cube_d5_k155,4,2,3697750,3697750,781250,884.245,187.853,634.481,0.000,68.947,54.473
cube_d5_k155,4,3,781250,781250,156250,199.257,45.283,120.927,0.000,13.632,10.508
cube_d5_k155,4,4,156250,156250,31250,38.054,7.335,21.798,0.000,3.031,2.378
cube_d5_k155,4,5,31250,31250,6250,8.514,1.489,5.392,0.000,1.598,0.518
cube_d5_k155,4,6,6250,6250,1250,1.997,0.532,0.990,0.000,0.332,0.125
cube_d5_k155,4,7,1250,1250,250,0.425,0.123,0.265,0.000,0.080,0.035
cube_d5_k155,4,8,250,250,50,0.135,0.043,0.071,0.000,0.023,0.014
cube_d5_k155,4,9,50,50,10,0.035,0.004,0.022,0.000,0.007,0.004
cube_d5_k155,4,10,10,10,2,0.006,0.002,0.006,0.000,0.003,0.001
cube_d5_k155,4,11,2,0,0,0.002,0.001,0.000,,,
cube_d5_k155,4,0,310,22343250,7447750,4.590,9.429,1746.453,0.000,417.384,458.017
cube_d5_k155,4,1,7447750,7447750,3697750,2274.084,492.647,1139.925,0.000,165.383,231.339
cube_d5_k155,4,2,3697750,3697750,781250,1112.347,245.175,761.767,0.000,63.364,54.820
cube_d5_k155,4,3,781250,781250,156250,237.074,51.789,134.308,0.000,13.434,11.747
cube_d5_k155,4,4,156250,156250,31250,42.766,7.926,21.997,0.000,3.171,2.541
cube_d5_k155,4,5,31250,31250,6250,8.810,1.517,5.548,0.000,1.591,0.513
cube_d5_k155,4,6,6250,6250,1250,2.024,0.548,1.064,0.000,0.331,0.122
cube_d5_k155,4,7,1250,1250,250,0.397,0.125,0.273,0.000,0.082,0.035
cube_d5_k155,4,8,250,250,50,0.143,0.039,0.086,0.000,0.023,0.016
cube_d5_k155,4,9,50,50,10,0.029,0.008,0.016,0.000,0.006,0.002
cube_d5_k155,4,10,10,10,2,0.007,0.002,0.006,0.000,0.003,0.001
cube_d5_k155,4,11,2,0,0,0.002,0.001,0.000,,,
cube_d5_k155,4,0,310,22343250,7447750,3.996,8.219,1757.816,0.000,417.318,456.141
cube_d5_k155,4,1,7447750,7447750,3697750,2310.175,513.895,1141.133,0.000,166.338,231.646
cube_d5_k155,4,2,3697750,3697750,781250,1129.949,258.793,756.015,0.000,62.651,55.492
cube_d5_k155,4,3,781250,781250,156250,234.312,51.822,131.835,0.000,13.535,11.204
cube_d5_k155,4,4,156250,156250,31250,42.329,7.648,23.256,0.000,3.207,2.791
cube_d5_k155,4,5,31250,31250,6250,9.622,2.002,5.859,0.000,1.720,0.561
cube_d5_k155,4,6,6250,6250,1250,2.221,0.505,1.219,0.000,0.376,0.135
cube_d5_k155,4,7,1250,1250,250,0.434,0.137,0.333,0.000,0.092,0.039
cube_d5_k155,4,8,250,250,50,0.145,0.040,0.088,0.000,0.023,0.017
cube_d5_k155,4,9,50,50,10,0.030,0.014,0.028,0.000,0.006,0.004
cube_d5_k155,4,10,10,10,2,0.009,0.002,0.006,0.000,0.003,0.001
cube_d5_k155,4,11,2,0,0,0.002,0.001,0.000,,,
cube_d5_k155,4,0,310,22343250,7447750,3.982,8.228,1852.664,0.000,417.352,452.646
cube_d5_k155,4,1,7447750,7447750,3697750,2318.384,516.331,1140.962,0.000,166.254,231.266
cube_d5_k155,4,2,3697750,3697750,781250,1139.755,259.203,756.005,0.000,63.599,55.180
cube_d5_k155,4,3,781250,781250,156250,235.972,53.433,136.403,0.000,13.815,11.969
cube_d5_k155,4,4,156250,156250,31250,42.875,8.186,22.976,0.000,3.155,2.679
cube_d5_k155,4,5,31250,31250,6250,8.708,1.845,5.850,0.000,1.752,0.534
cube_d5_k155,4,6,6250,6250,1250,2.016,0.520,1.141,0.000,0.355,0.129
cube_d5_k155,4,7,1250,1250,250,0.430,0.352,0.325,0.000,0.088,0.041
cube_d5_k155,4,8,250,250,50,0.151,0.046,0.086,0.000,0.025,0.017
cube_d5_k155,4,9,50,50,10,0.030,0.020,0.025,0.000,0.006,0.004
cube_d5_k155,4,10,10,10,2,0.008,0.002,0.006,0.000,0.003,0.001
cube_d5_k155,4,11,2,0,0,0.002,0.001,0.000,,,
cube_d5_k155,4,0,310,22343250,7447750,3.995,8.233,1844.353,0.000,417.270,453.007
cube_d5_k155,4,1,7447750,7447750,3697750,2328.632,518.414,1129.886,0.000,166.551,231.510
cube_d5_k155,4,2,3697750,3697750,781250,1144.009,260.058,761.104,0.000,63.405,55.889
cube_d5_k155,4,3,781250,781250,156250,236.800,50.842,133.180,0.000,13.405,11.825
cube_d5_k155,4,4,156250,156250,31250,41.049,8.079,22.361,0.000,3.147,2.540
cube_d5_k155,4,5,31250,31250,6250,8.819,1.571,5.646,0.000,1.663,0.523
cube_d5_k155,4,6,6250,6250,1250,1.974,0.448,1.079,0.000,0.337,0.125
cube_d5_k155,4,7,1250,1250,250,0.395,0.132,0.308,0.000,0.094,0.037
cube_d5_k155,4,8,250,250,50,0.140,0.039,0.085,0.000,0.024,0.016
cube_d5_k155,4,9,50,50,10,0.029,0.014,0.024,0.000,0.006,0.004
cube_d5_k155,4,10,10,10,2,0.010,0.002,0.006,0.000,0.003,0.001
cube_d5_k155,4,11,2,0,0,0.002,0.001,0.000,,,
cube_d5_k155,4,0,310,22343250,7447750,3.998,8.271,1935.753,0.000,418.322,446.325
cube_d5_k155,4,1,7447750,7447750,3697750,2341.279,519.585,1127.824,0.000,166.249,230.818
cube_d5_k155,4,2,3697750,3697750,781250,1141.794,257.838,749.871,0.000,63.511,55.375
cube_d5_k155,4,3,781250,781250,156250,234.431,48.920,133.730,0.000,13.505,11.439
cube_d5_k155,4,4,156250,156250,31250,42.215,7.916,22.678,0.000,3.040,2.604
cube_d5_k155,4,5,31250,31250,6250,9.344,1.647,5.994,0.000,1.689,0.529
cube_d5_k155,4,6,6250,6250,1250,2.053,0.510,1.149,0.000,0.332,0.136
cube_d5_k155,4,7,1250,1250,250,0.403,0.126,0.321,0.000,0.115,0.040
cube_d5_k155,4,8,250,250,50,0.138,0.039,0.085,0.000,0.024,0.015
cube_d5_k155,4,9,50,50,10,0.030,0.009,0.017,0.000,0.006,0.002
cube_d5_k155,4,10,10,10,2,0.008,0.002,0.006,0.000,0.003,0.001
cube_d5_k155,4,11,2,0,0,0.002,0.001,0.000,,,
cube_d5_k155,8,0,310,22343250,7447750,16.900,19.123,841.025,0.000,241.279,255.033
cube_d5_k155,8,1,7447750,7447750,3697750,818.276,174.980,524.086,0.000,89.092,114.382
cube_d5_k155,8,2,3697750,3697750,781250,461.458,102.298,345.476,0.000,41.997,29.161
cube_d5_k155,8,3,781250,781250,156250,106.089,24.265,63.911,0.000,7.625,6.864
cube_d5_k155,8,4,156250,156250,31250,20.377,4.409,13.748,0.000,1.644,1.289
cube_d5_k155,8,5,31250,31250,6250,4.374,0.996,3.712,0.000,1.455,0.339
cube_d5_k155,8,6,6250,6250,1250,1.284,0.352,0.840,0.000,0.302,0.083
cube_d5_k155,8,7,1250,1250,250,0.279,0.115,0.229,0.000,0.085,0.025
cube_d5_k155,8,8,250,250,50,0.080,0.036,0.069,0.000,0.022,0.013
cube_d5_k155,8,9,50,50,10,0.043,0.007,0.019,0.000,0.008,0.003
cube_d5_k155,8,10,10,10,2,0.007,0.002,0.007,0.000,0.004,0.001
cube_d5_k155,8,11,2,0,0,0.003,0.001,0.000,,,
cube_d5_k155,8,0,310,22343250,7447750,2.511,4.954,922.144,0.000,218.074,252.748
cube_d5_k155,8,1,7447750,7447750,3697750,1034.169,221.968,527.462,0.000,87.192,115.891
cube_d5_k155,8,2,3697750,3697750,781250,514.623,113.660,337.175,0.000,34.298,28.343
cube_d5_k155,8,3,781250,781250,156250,112.311,24.587,65.869,0.000,7.448,6.747
cube_d5_k155,8,4,156250,156250,31250,21.269,4.359,13.190,0.000,1.922,1.288
cube_d5_k155,8,5,31250,31250,6250,4.419,1.024,3.627,0.000,1.431,0.322
cube_d5_k155,8,6,6250,6250,1250,1.495,0.376,0.937,0.000,0.362,0.085
cube_d5_k155,8,7,1250,1250,250,0.321,0.120,0.242,0.000,0.088,0.031
cube_d5_k155,8,8,250,250,50,0.092,0.032,0.072,0.000,0.022,0.016
cube_d5_k155,8,9,50,50,10,0.037,0.008,0.022,0.000,0.007,0.004
cube_d5_k155,8,10,10,10,2,0.011,0.004,0.006,0.000,0.003,0.001
cube_d5_k155,8,11,2,0,0,0.002,0.001,0.000,,,
cube_d5_k155,8,0,310,22343250,7447750,2.680,4.967,905.763,0.000,218.750,253.175
cube_d5_k155,8,1,7447750,7447750,3697750,1128.903,252.077,573.598,0.000,87.112,118.769
cube_d5_k155,8,2,3697750,3697750,781250,557.155,129.002,366.871,0.000,34.772,27.727
cube_d5_k155,8,3,781250,781250,156250,116.015,26.116,68.423,0.000,7.344,7.178
cube_d5_k155,8,4,156250,156250,31250,22.770,4.825,14.628,0.000,1.963,1.416
cube_d5_k155,8,5,31250,31250,6250,4.498,1.084,4.055,0.000,1.591,0.331
cube_d5_k155,8,6,6250,6250,1250,1.377,0.376,0.967,0.000,0.344,0.087
cube_d5_k155,8,7,1250,1250,250,0.307,0.112,0.276,0.000,0.097,0.031
cube_d5_k155,8,8,250,250,50,0.095,0.038,0.071,0.000,0.021,0.014
cube_d5_k155,8,9,50,50,10,0.039,0.008,0.024,0.000,0.006,0.004
cube_d5_k155,8,10,10,10,2,0.010,0.003,0.006,0.000,0.003,0.001
cube_d5_k155,8,11,2,0,0,0.002,0.001,0.000,,,
cube_d5_k155,8,0,310,22343250,7447750,2.312,5.181,986.164,0.000,217.328,258.104
cube_d5_k155,8,1,7447750,7447750,3697750,1148.299,257.502,573.765,0.000,87.678,120.081
cube_d5_k155,8,2,3697750,3697750,781250,564.235,130.759,366.269,0.000,34.879,27.980
cube_d5_k155,8,3,781250,781250,156250,122.964,24.583,69.544,0.000,7.525,7.050
cube_d5_k155,8,4,156250,156250,31250,23.015,4.757,14.459,0.000,1.792,1.473
cube_d5_k155,8,5,31250,31250,6250,4.785,1.014,4.705,0.000,2.217,0.352
cube_d5_k155,8,6,6250,6250,1250,2.192,0.397,1.025,0.000,0.359,0.097
cube_d5_k155,8,7,1250,1250,250,0.310,0.128,0.275,0.000,0.093,0.034
cube_d5_k155,8,8,250,250,50,0.094,0.038,0.083,0.000,0.026,0.016
cube_d5_k155,8,9,50,50,10,0.038,0.017,0.027,0.000,0.007,0.004
cube_d5_k155,8,10,10,10,2,0.010,0.002,0.007,0.000,0.003,0.001
cube_d5_k155,8,11,2,0,0,0.002,0.001,0.000,,,
cube_d5_k155,8,0,310,22343250,7447750,2.206,5.209,972.794,0.000,214.561,260.296
cube_d5_k155,8,1,7447750,7447750,3697750,1158.818,258.103,578.362,0.000,88.301,121.387
cube_d5_k155,8,2,3697750,3697750,781250,565.880,131.059,369.556,0.000,34.565,27.548
cube_d5_k155,8,3,781250,781250,156250,116.864,26.280,70.194,0.000,7.489,7.378
cube_d5_k155,8,4,156250,156250,31250,22.652,5.097,15.461,0.000,1.987,1.623
cube_d5_k155,8,5,31250,31250,6250,4.591,1.039,4.059,0.000,1.578,0.338
cube_d5_k155,8,6,6250,6250,1250,1.332,0.360,0.961,0.000,0.338,0.093
cube_d5_k155,8,7,1250,1250,250,0.296,0.123,0.255,0.000,0.089,0.033
cube_d5_k155,8,8,250,250,50,0.090,0.039,0.078,0.000,0.022,0.015
cube_d5_k155,8,9,50,50,10,0.049,0.004,0.024,0.000,0.007,0.004
cube_d5_k155,8,10,10,10,2,0.010,0.003,0.006,0.000,0.003,0.001
cube_d5_k155,8,11,2,0,0,0.002,0.001,0.000,,,
cube_d5_k155,8,0,310,22343250,7447750,2.414,5.119,1009.484,0.000,215.999,261.257
cube_d5_k155,8,1,7447750,7447750,3697750,1160.213,259.107,576.485,0.000,89.167,120.558
cube_d5_k155,8,2,3697750,3697750,781250,567.961,132.234,373.987,0.000,34.552,27.493
cube_d5_k155,8,3,781250,781250,156250,122.390,26.497,69.711,0.000,7.645,7.270
cube_d5_k155,8,4,156250,156250,31250,24.067,4.848,15.882,0.000,2.168,1.813
cube_d5_k155,8,5,31250,31250,6250,4.682,1.011,3.994,0.000,1.496,0.326
cube_d5_k155,8,6,6250,6250,1250,1.341,0.375,0.973,0.000,0.349,0.094
cube_d5_k155,8,7,1250,1250,250,0.293,0.121,0.257,0.000,0.091,0.031
cube_d5_k155,8,8,250,250,50,0.084,0.035,0.072,0.000,0.022,0.013
cube_d5_k155,8,9,50,50,10,0.044,0.007,0.023,0.000,0.006,0.003
cube_d5_k155,8,10,10,10,2,0.010,0.003,0.006,0.000,0.003,0.001
cube_d5_k155,8,11,2,0,0,0.002,0.001,0.000,,,
cube_d5_k155,16,0,310,22343250,7447750,17.569,18.587,459.875,0.000,143.939,129.515
cube_d5_k155,16,1,7447750,7447750,3697750,431.975,96.894,283.604,0.000,49.618,63.758
cube_d5_k155,16,2,3697750,3697750,781250,241.912,56.413,171.755,0.000,26.512,16.325
cube_d5_k155,16,3,781250,781250,156250,61.589,12.932,35.829,0.000,4.455,3.482
cube_d5_k155,16,4,156250,156250,31250,11.239,2.915,7.496,0.000,1.019,0.743
cube_d5_k155,16,5,31250,31250,6250,2.400,0.592,2.855,0.000,1.554,0.202
cube_d5_k155,16,6,6250,6250,1250,1.033,0.321,0.731,0.000,0.328,0.059
cube_d5_k155,16,7,1250,1250,250,0.273,0.076,0.225,0.000,0.104,0.030
cube_d5_k155,16,8,250,250,50,0.074,0.032,0.061,0.000,0.020,0.013
cube_d5_k155,16,9,50,50,10,0.023,0.012,0.022,0.000,0.007,0.004
cube_d5_k155,16,10,10,10,2,0.009,0.003,0.006,0.000,0.003,0.001
cube_d5_k155,16,11,2,0,0,0.002,0.001,0.000,,,
cube_d5_k155,16,0,310,22343250,7447750,2.005,3.814,490.056,0.000,116.834,125.389
cube_d5_k155,16,1,7447750,7447750,3697750,523.888,116.840,276.107,0.000,46.823,62.686
cube_d5_k155,16,2,3697750,3697750,781250,261.334,60.266,162.538,0.000,19.344,15.017
cube_d5_k155,16,3,781250,781250,156250,62.911,12.129,34.163,0.000,4.755,3.615
cube_d5_k155,16,4,156250,156250,31250,11.389,2.979,7.557,0.000,1.086,0.767
cube_d5_k155,16,5,31250,31250,6250,2.309,0.587,2.904,0.000,1.576,0.212
cube_d5_k155,16,6,6250,6250,1250,0.943,0.306,0.731,0.000,0.321,0.064
cube_d5_k155,16,7,1250,1250,250,0.259,0.095,0.246,0.000,0.103,0.030
cube_d5_k155,16,8,250,250,50,0.075,0.032,0.064,0.000,0.022,0.013
cube_d5_k155,16,9,50,50,10,0.024,0.013,0.023,0.000,0.007,0.003
cube_d5_k155,16,10,10,10,2,0.010,0.003,0.006,0.000,0.004,0.001
cube_d5_k155,16,11,2,0,0,0.002,0.001,0.000,,,
cube_d5_k155,16,0,310,22343250,7447750,2.031,3.918,472.333,0.000,116.969,126.187
cube_d5_k155,16,1,7447750,7447750,3697750,536.219,118.700,278.744,0.000,47.533,62.306
cube_d5_k155,16,2,3697750,3697750,781250,264.660,60.916,167.086,0.000,19.048,15.009
cube_d5_k155,16,3,781250,781250,156250,63.092,14.541,35.983,0.000,4.294,3.525
cube_d5_k155,16,4,156250,156250,31250,11.232,2.616,7.525,0.000,1.132,0.748
cube_d5_k155,16,5,31250,31250,6250,2.277,0.590,2.735,0.000,1.406,0.208
cube_d5_k155,16,6,6250,6250,1250,0.988,0.303,0.706,0.000,0.312,0.058
cube_d5_k155,16,7,1250,1250,250,0.221,0.095,0.231,0.000,0.094,0.030
cube_d5_k155,16,8,250,250,50,0.081,0.030,0.063,0.000,0.022,0.013
cube_d5_k155,16,9,50,50,10,0.023,0.013,0.023,0.000,0.008,0.004
cube_d5_k155,16,10,10,10,2,0.009,0.003,0.006,0.000,0.003,0.001
cube_d5_k155,16,11,2,0,0,0.002,0.001,0.000,,,
cube_d5_k155,16,0,310,22343250,7447750,2.081,4.279,525.586,0.000,116.890,134.484
cube_d5_k155,16,1,7447750,7447750,3697750,562.734,128.075,296.777,0.000,48.504,60.447
cube_d5_k155,16,2,3697750,3697750,781250,273.227,62.297,172.654,0.000,19.080,15.260
cube_d5_k155,16,3,781250,781250,156250,64.910,12.827,36.823,0.000,4.381,3.747
cube_d5_k155,16,4,156250,156250,31250,11.628,2.564,7.882,0.000,1.222,0.792
cube_d5_k155,16,5,31250,31250,6250,2.299,0.607,2.896,0.000,1.473,0.220
cube_d5_k155,16,6,6250,6250,1250,1.018,0.299,0.746,0.000,0.315,0.076
cube_d5_k155,16,7,1250,1250,250,0.288,0.106,0.225,0.000,0.104,0.031
cube_d5_k155,16,8,250,250,50,0.079,0.032,0.072,0.000,0.025,0.016
cube_d5_k155,16,9,50,50,10,0.025,0.010,0.022,0.000,0.006,0.003
cube_d5_k155,16,10,10,10,2,0.008,0.002,0.006,0.000,0.003,0.001
cube_d5_k155,16,11,2,0,0,0.002,0.001,0.000,,,
cube_d5_k155,16,0,310,22343250,7447750,1.866,4.288,504.667,0.000,116.862,126.579
cube_d5_k155,16,1,7447750,7447750,3697750,569.868,127.559,298.084,0.000,48.217,62.577
cube_d5_k155,16,2,3697750,3697750,781250,278.890,62.381,170.116,0.000,18.754,15.426
cube_d5_k155,16,3,781250,781250,156250,65.901,12.689,36.297,0.000,4.602,3.757
cube_d5_k155,16,4,156250,156250,31250,11.583,2.774,7.824,0.000,1.194,0.801
cube_d5_k155,16,5,31250,31250,6250,2.280,0.607,2.881,0.000,1.467,0.225
cube_d5_k155,16,6,6250,6250,1250,0.998,0.292,0.736,0.000,0.311,0.067
cube_d5_k155,16,7,1250,1250,250,0.213,0.103,0.254,0.000,0.107,0.031
cube_d5_k155,16,8,250,250,50,0.082,0.030,0.074,0.000,0.027,0.014
cube_d5_k155,16,9,50,50,10,0.026,0.013,0.024,0.000,0.007,0.003
cube_d5_k155,16,10,10,10,2,0.009,0.003,0.006,0.000,0.003,0.001
cube_d5_k155,16,11,2,0,0,0.002,0.001,0.000,,,
cube_d5_k155,16,0,310,22343250,7447750,1.910,4.397,528.442,0.000,118.244,133.347
cube_d5_k155,16,1,7447750,7447750,3697750,563.797,127.723,297.623,0.000,48.593,60.604
cube_d5_k155,16,2,3697750,3697750,781250,274.256,63.892,173.296,0.000,19.360,15.474
cube_d5_k155,16,3,781250,781250,156250,64.689,12.374,37.468,0.000,4.563,3.795
cube_d5_k155,16,4,156250,156250,31250,11.833,2.812,7.868,0.000,1.167,0.800
cube_d5_k155,16,5,31250,31250,6250,2.326,0.609,2.925,0.000,1.464,0.221
cube_d5_k155,16,6,6250,6250,1250,1.010,0.306,0.742,0.000,0.303,0.064
cube_d5_k155,16,7,1250,1250,250,0.264,0.103,0.264,0.000,0.107,0.031
cube_d5_k155,16,8,250,250,50,0.070,0.033,0.069,0.000,0.022,0.015
cube_d5_k155,16,9,50,50,10,0.025,0.014,0.023,0.000,0.006,0.003
cube_d5_k155,16,10,10,10,2,0.009,0.002,0.006,0.000,0.003,0.001
cube_d5_k155,16,11,2,0,0,0.002,0.001,0.000,,,
cube_d5_k155,32,0,310,22343250,7447750,15.547,19.465,297.381,0.000,111.396,68.435
cube_d5_k155,32,1,7447750,7447750,3697750,228.199,57.161,167.397,0.000,37.029,33.337
cube_d5_k155,32,2,3697750,3697750,781250,124.841,31.358,107.681,0.000,27.176,10.672
cube_d5_k155,32,3,781250,781250,156250,34.556,7.727,20.939,0.000,2.961,2.132
cube_d5_k155,32,4,156250,156250,31250,7.149,1.849,4.571,0.000,0.997,0.477
cube_d5_k155,32,5,31250,31250,6250,1.546,0.440,2.292,0.000,1.462,0.143
cube_d5_k155,32,6,6250,6250,1250,0.751,0.263,0.622,0.000,0.304,0.053
cube_d5_k155,32,7,1250,1250,250,0.176,0.077,0.189,0.000,0.079,0.029
cube_d5_k155,32,8,250,250,50,0.057,0.039,0.060,0.000,0.020,0.013
cube_d5_k155,32,9,50,50,10,0.023,0.013,0.024,0.000,0.007,0.004
cube_d5_k155,32,10,10,10,2,0.010,0.003,0.006,0.000,0.003,0.001
cube_d5_k155,32,11,2,0,0,0.002,0.001,0.000,,,
cube_d5_k155,32,0,310,22343250,7447750,2.054,4.906,295.204,0.000,76.022,67.517
cube_d5_k155,32,1,7447750,7447750,3697750,266.957,64.721,162.273,0.000,30.646,31.739
cube_d5_k155,32,2,3697750,3697750,781250,131.493,32.558,90.778,0.000,12.702,8.753
cube_d5_k155,32,3,781250,781250,156250,32.968,7.789,20.163,0.000,3.048,2.152
cube_d5_k155,32,4,156250,156250,31250,7.430,1.672,4.578,0.000,0.980,0.505
cube_d5_k155,32,5,31250,31250,6250,1.424,0.469,2.298,0.000,1.434,0.149
cube_d5_k155,32,6,6250,6250,1250,0.806,0.263,0.649,0.000,0.317,0.054
cube_d5_k155,32,7,1250,1250,250,0.165,0.069,0.180,0.000,0.076,0.028
cube_d5_k155,32,8,250,250,50,0.061,0.035,0.061,0.000,0.018,0.014
cube_d5_k155,32,9,50,50,10,0.027,0.013,0.030,0.000,0.014,0.004
cube_d5_k155,32,10,10,10,2,0.010,0.003,0.007,0.000,0.004,0.001
cube_d5_k155,32,11,2,0,0,0.002,0.001,0.000,,,
cube_d5_k155,32,0,310,22343250,7447750,1.979,4.731,290.910,0.000,77.144,68.029
cube_d5_k155,32,1,7447750,7447750,3697750,276.308,67.172,163.966,0.000,30.891,31.777
cube_d5_k155,32,2,3697750,3697750,781250,141.489,34.208,91.691,0.000,13.024,8.774
cube_d5_k155,32,3,781250,781250,156250,38.947,7.935,20.475,0.000,2.966,2.171
cube_d5_k155,32,4,156250,156250,31250,7.633,1.733,4.638,0.000,0.976,0.528
cube_d5_k155,32,5,31250,31250,6250,1.462,0.468,2.376,0.000,1.478,0.156
cube_d5_k155,32,6,6250,6250,1250,0.872,0.271,0.650,0.000,0.311,0.059
cube_d5_k155,32,7,1250,1250,250,0.180,0.078,0.205,0.000,0.085,0.032
cube_d5_k155,32,8,250,250,50,0.064,0.039,0.075,0.000,0.024,0.018
cube_d5_k155,32,9,50,50,10,0.025,0.015,0.025,0.000,0.007,0.003
cube_d5_k155,32,10,10,10,2,0.011,0.003,0.006,0.000,0.003,0.001
cube_d5_k155,32,11,2,0,0,0.002,0.001,0.000,,,
cube_d5_k155,32,0,310,22343250,7447750,1.942,4.588,298.229,0.000,78.512,68.347
cube_d5_k155,32,1,7447750,7447750,3697750,277.656,66.914,161.108,0.000,30.078,31.797
cube_d5_k155,32,2,3697750,3697750,781250,136.881,33.933,94.343,0.000,13.520,8.911
cube_d5_k155,32,3,781250,781250,156250,39.688,8.621,21.445,0.000,2.819,2.159
cube_d5_k155,32,4,156250,156250,31250,7.878,1.715,4.697,0.000,0.983,0.534
cube_d5_k155,32,5,31250,31250,6250,1.478,0.505,2.499,0.000,1.570,0.176
cube_d5_k155,32,6,6250,6250,1250,0.808,0.281,0.666,0.000,0.311,0.063
cube_d5_k155,32,7,1250,1250,250,0.186,0.075,0.219,0.000,0.089,0.038
cube_d5_k155,32,8,250,250,50,0.070,0.040,0.077,0.000,0.024,0.022
cube_d5_k155,32,9,50,50,10,0.031,0.017,0.029,0.000,0.007,0.004
cube_d5_k155,32,10,10,10,2,0.012,0.003,0.006,0.000,0.003,0.001
cube_d5_k155,32,11,2,0,0,0.002,0.001,0.000,,,
cube_d5_k155,32,0,310,22343250,7447750,1.876,4.870,295.632,0.000,79.486,68.404
cube_d5_k155,32,1,7447750,7447750,3697750,279.445,66.972,162.225,0.000,30.639,31.992
cube_d5_k155,32,2,3697750,3697750,781250,137.707,33.773,91.614,0.000,12.600,9.071
cube_d5_k155,32,3,781250,781250,156250,34.337,8.694,21.948,0.000,3.004,2.200
cube_d5_k155,32,4,156250,156250,31250,7.792,1.657,5.043,0.000,1.000,0.522
cube_d5_k155,32,5,31250,31250,6250,1.472,0.511,2.586,0.000,1.655,0.171
cube_d5_k155,32,6,6250,6250,1250,0.814,0.282,0.678,0.000,0.310,0.069
cube_d5_k155,32,7,1250,1250,250,0.202,0.078,0.220,0.000,0.094,0.037
cube_d5_k155,32,8,250,250,50,0.072,0.043,0.080,0.000,0.027,0.020
cube_d5_k155,32,9,50,50,10,0.035,0.013,0.029,0.000,0.007,0.004
cube_d5_k155,32,10,10,10,2,0.014,0.003,0.006,0.000,0.003,0.001
cube_d5_k155,32,11,2,0,0,0.002,0.001,0.000,,,
cube_d5_k155,32,0,310,22343250,7447750,1.984,4.993,303.070,0.000,81.049,67.629
cube_d5_k155,32,1,7447750,7447750,3697750,279.441,67.786,164.183,0.000,30.745,32.921
cube_d5_k155,32,2,3697750,3697750,781250,145.863,34.819,94.739,0.000,12.976,9.016
cube_d5_k155,32,3,781250,781250,156250,42.415,8.021,21.135,0.000,3.027,2.172
cube_d5_k155,32,4,156250,156250,31250,7.869,1.691,4.865,0.000,0.964,0.521
cube_d5_k155,32,5,31250,31250,6250,1.534,0.508,2.455,0.000,1.505,0.177
cube_d5_k155,32,6,6250,6250,1250,0.826,0.283,0.736,0.000,0.366,0.071
cube_d5_k155,32,7,1250,1250,250,0.182,0.079,0.231,0.000,0.091,0.040
cube_d5_k155,32,8,250,250,50,0.073,0.046,0.102,0.000,0.029,0.022
cube_d5_k155,32,9,50,50,10,0.032,0.015,0.030,0.000,0.007,0.004
cube_d5_k155,32,10,10,10,2,0.015,0.003,0.006,0.000,0.003,0.001
cube_d5_k155,32,11,2,0,0,0.002,0.001,0.000,,,
cube_d5_k155,64,0,310,22343250,7447750,15.623,19.138,236.886,0.000,105.126,40.323
cube_d5_k155,64,1,7447750,7447750,3697750,133.250,35.178,122.540,0.000,36.136,20.504
cube_d5_k155,64,2,3697750,3697750,781250,73.129,19.180,80.863,0.000,32.994,10.620
cube_d5_k155,64,3,781250,781250,156250,25.050,5.247,14.628,0.000,2.561,1.381
cube_d5_k155,64,4,156250,156250,31250,4.796,1.452,3.071,0.000,0.780,0.375
cube_d5_k155,64,5,31250,31250,6250,1.119,0.351,2.190,0.000,1.587,0.147
cube_d5_k155,64,6,6250,6250,1250,0.696,0.225,0.592,0.000,0.316,0.053
cube_d5_k155,64,7,1250,1250,250,0.175,0.074,0.188,0.000,0.087,0.030
cube_d5_k155,64,8,250,250,50,0.062,0.036,0.060,0.000,0.020,0.013
cube_d5_k155,64,9,50,50,10,0.025,0.012,0.025,0.000,0.006,0.004
cube_d5_k155,64,10,10,10,2,0.010,0.003,0.006,0.000,0.003,0.001
cube_d5_k155,64,11,2,0,0,0.003,0.001,0.000,,,
cube_d5_k155,64,0,310,22343250,7447750,1.873,4.135,214.222,0.000,59.565,37.289
cube_d5_k155,64,1,7447750,7447750,3697750,139.115,43.438,113.533,0.000,23.029,18.067
cube_d5_k155,64,2,3697750,3697750,781250,73.582,21.605,51.835,0.000,9.936,4.617
cube_d5_k155,64,3,781250,781250,156250,20.809,5.184,12.469,0.000,2.449,1.358
cube_d5_k155,64,4,156250,156250,31250,4.879,1.353,2.917,0.000,0.748,0.359
cube_d5_k155,64,5,31250,31250,6250,1.027,0.346,2.058,0.000,1.443,0.141
cube_d5_k155,64,6,6250,6250,1250,0.700,0.221,0.601,0.000,0.312,0.050
cube_d5_k155,64,7,1250,1250,250,0.183,0.071,0.181,0.000,0.082,0.032
cube_d5_k155,64,8,250,250,50,0.063,0.034,0.062,0.000,0.021,0.015
cube_d5_k155,64,9,50,50,10,0.024,0.010,0.024,0.000,0.007,0.004
cube_d5_k155,64,10,10,10,2,0.009,0.002,0.006,0.000,0.003,0.001
cube_d5_k155,64,11,2,0,0,0.002,0.001,0.000,,,
cube_d5_k155,64,0,310,22343250,7447750,2.181,4.599,229.449,0.000,62.750,37.839
cube_d5_k155,64,1,7447750,7447750,3697750,144.294,46.459,118.610,0.000,22.924,17.821
cube_d5_k155,64,2,3697750,3697750,781250,78.570,22.633,52.430,0.000,10.175,4.807
cube_d5_k155,64,3,781250,781250,156250,20.843,5.310,12.733,0.000,2.541,1.399
cube_d5_k155,64,4,156250,156250,31250,5.010,1.297,2.941,0.000,0.721,0.359
cube_d5_k155,64,5,31250,31250,6250,0.970,0.350,2.122,0.000,1.522,0.128
cube_d5_k155,64,6,6250,6250,1250,0.695,0.230,0.600,0.000,0.316,0.054
cube_d5_k155,64,7,1250,1250,250,0.170,0.074,0.187,0.000,0.083,0.028
cube_d5_k155,64,8,250,250,50,0.066,0.040,0.069,0.000,0.028,0.014
cube_d5_k155,64,9,50,50,10,0.031,0.017,0.025,0.000,0.007,0.004
cube_d5_k155,64,10,10,10,2,0.009,0.003,0.007,0.000,0.004,0.001
cube_d5_k155,64,11,2,0,0,0.003,0.001,0.000,,,
cube_d5_k155,64,0,310,22343250,7447750,2.118,4.887,231.597,0.000,65.673,37.709
cube_d5_k155,64,1,7447750,7447750,3697750,147.218,47.057,114.914,0.000,23.156,18.057
cube_d5_k155,64,2,3697750,3697750,781250,79.095,22.053,52.448,0.000,10.073,4.974
cube_d5_k155,64,3,781250,781250,156250,21.913,5.225,12.636,0.000,2.514,1.394
cube_d5_k155,64,4,156250,156250,31250,5.092,1.418,3.030,0.000,0.782,0.400
cube_d5_k155,64,5,31250,31250,6250,0.954,0.387,2.108,0.000,1.484,0.155
cube_d5_k155,64,6,6250,6250,1250,0.714,0.239,0.623,0.000,0.326,0.051
cube_d5_k155,64,7,1250,1250,250,0.187,0.079,0.183,0.000,0.083,0.030
cube_d5_k155,64,8,250,250,50,0.065,0.035,0.070,0.000,0.020,0.018
cube_d5_k155,64,9,50,50,10,0.027,0.014,0.026,0.000,0.007,0.004
cube_d5_k155,64,10,10,10,2,0.010,0.003,0.007,0.000,0.004,0.001
cube_d5_k155,64,11,2,0,0,0.003,0.001,0.000,,,
cube_d5_k155,64,0,310,22343250,7447750,2.059,4.727,226.855,0.000,62.676,37.923
cube_d5_k155,64,1,7447750,7447750,3697750,144.144,46.387,112.648,0.000,22.557,18.026
cube_d5_k155,64,2,3697750,3697750,781250,78.860,21.891,52.994,0.000,10.331,5.098
cube_d5_k155,64,3,781250,781250,156250,21.705,5.252,12.663,0.000,2.446,1.403
cube_d5_k155,64,4,156250,156250,31250,5.073,1.391,3.154,0.000,0.759,0.364
cube_d5_k155,64,5,31250,31250,6250,1.163,0.357,2.065,0.000,1.443,0.123
cube_d5_k155,64,6,6250,6250,1250,0.712,0.237,0.626,0.000,0.321,0.057
cube_d5_k155,64,7,1250,1250,250,0.182,0.089,0.185,0.000,0.084,0.026
cube_d5_k155,64,8,250,250,50,0.067,0.039,0.070,0.000,0.020,0.021
cube_d5_k155,64,9,50,50,10,0.027,0.010,0.029,0.000,0.007,0.004
cube_d5_k155,64,10,10,10,2,0.010,0.003,0.006,0.000,0.003,0.001
cube_d5_k155,64,11,2,0,0,0.003,0.001,0.000,,,
cube_d5_k155,64,0,310,22343250,7447750,2.149,4.807,227.612,0.000,67.543,37.630
cube_d5_k155,64,1,7447750,7447750,3697750,149.354,44.505,111.620,0.000,22.614,18.089
cube_d5_k155,64,2,3697750,3697750,781250,78.629,21.374,53.242,0.000,10.114,5.150
cube_d5_k155,64,3,781250,781250,156250,21.354,6.221,13.795,0.000,2.561,1.400
cube_d5_k155,64,4,156250,156250,31250,5.097,1.394,3.027,0.000,0.784,0.360
cube_d5_k155,64,5,31250,31250,6250,0.962,0.389,2.092,0.000,1.469,0.130
cube_d5_k155,64,6,6250,6250,1250,0.725,0.238,0.658,0.000,0.346,0.058
cube_d5_k155,64,7,1250,1250,250,0.174,0.083,0.221,0.000,0.092,0.043
cube_d5_k155,64,8,250,250,50,0.067,0.035,0.084,0.000,0.026,0.018
cube_d5_k155,64,9,50,50,10,0.039,0.014,0.033,0.000,0.007,0.003
cube_d5_k155,64,10,10,10,2,0.013,0.003,0.006,0.000,0.003,0.001
cube_d5_k155,64,11,2,0,0,0.002,0.001,0.000,,,
cube_d5_k155,128,0,310,22343250,7447750,18.101,19.103,307.984,0.000,156.559,32.705
cube_d5_k155,128,1,7447750,7447750,3697750,101.351,29.589,126.389,0.000,49.770,22.732
cube_d5_k155,128,2,3697750,3697750,781250,55.642,13.696,81.160,0.000,41.757,15.869
cube_d5_k155,128,3,781250,781250,156250,23.943,4.170,16.801,0.000,3.131,1.180
cube_d5_k155,128,4,156250,156250,31250,3.745,1.167,2.690,0.000,0.717,0.342
cube_d5_k155,128,5,31250,31250,6250,1.724,0.354,2.083,0.000,1.536,0.144
cube_d5_k155,128,6,6250,6250,1250,0.965,0.232,0.661,0.000,0.357,0.062
cube_d5_k155,128,7,1250,1250,250,0.234,0.104,0.224,0.000,0.099,0.043
cube_d5_k155,128,8,250,250,50,0.085,0.043,0.086,0.000,0.025,0.017
cube_d5_k155,128,9,50,50,10,0.031,0.014,0.028,0.000,0.007,0.004
cube_d5_k155,128,10,10,10,2,0.008,0.002,0.006,0.000,0.003,0.001
cube_d5_k155,128,11,2,0,0,0.003,0.001,0.000,,,
cube_d5_k155,128,0,310,22343250,7447750,2.418,4.830,175.582,0.000,63.131,20.989
cube_d5_k155,128,1,7447750,7447750,3697750,81.499,28.157,84.994,0.000,20.606,10.710
cube_d5_k155,128,2,3697750,3697750,781250,51.371,15.855,33.930,0.000,8.918,3.656
cube_d5_k155,128,3,781250,781250,156250,15.631,4.701,9.406,0.000,2.364,1.119
cube_d5_k155,128,4,156250,156250,31250,3.179,1.115,2.455,0.000,0.756,0.300
cube_d5_k155,128,5,31250,31250,6250,1.012,0.391,2.107,0.000,1.571,0.124
cube_d5_k155,128,6,6250,6250,1250,0.847,0.235,0.679,0.000,0.374,0.064
cube_d5_k155,128,7,1250,1250,250,0.235,0.087,0.225,0.000,0.096,0.044
cube_d5_k155,128,8,250,250,50,0.084,0.048,0.085,0.000,0.027,0.021
cube_d5_k155,128,9,50,50,10,0.031,0.020,0.033,0.000,0.008,0.003
cube_d5_k155,128,10,10,10,2,0.011,0.003,0.006,0.000,0.003,0.001
cube_d5_k155,128,11,2,0,0,0.003,0.001,0.000,,,
cube_d5_k155,128,0,310,22343250,7447750,2.176,4.905,186.002,0.000,71.350,21.244
cube_d5_k155,128,1,7447750,7447750,3697750,86.202,30.008,86.209,0.000,20.403,11.064
cube_d5_k155,128,2,3697750,3697750,781250,51.972,15.233,34.109,0.000,8.946,3.719
cube_d5_k155,128,3,781250,781250,156250,16.201,4.181,9.495,0.000,2.336,1.166
cube_d5_k155,128,4,156250,156250,31250,3.136,1.028,2.494,0.000,0.756,0.345
cube_d5_k155,128,5,31250,31250,6250,0.861,0.364,2.169,0.000,1.633,0.140
cube_d5_k155,128,6,6250,6250,1250,0.844,0.242,0.645,0.000,0.331,0.067
cube_d5_k155,128,7,1250,1250,250,0.228,0.091,0.222,0.000,0.094,0.045
cube_d5_k155,128,8,250,250,50,0.085,0.043,0.080,0.000,0.022,0.025
cube_d5_k155,128,9,50,50,10,0.029,0.018,0.034,0.000,0.008,0.003
cube_d5_k155,128,10,10,10,2,0.012,0.003,0.006,0.000,0.003,0.001
cube_d5_k155,128,11,2,0,0,0.002,0.001,0.000,,,
cube_d5_k155,128,0,310,22343250,7447750,2.237,4.871,174.222,0.000,59.576,21.451
cube_d5_k155,128,1,7447750,7447750,3697750,86.397,30.895,85.707,0.000,21.226,10.884
cube_d5_k155,128,2,3697750,3697750,781250,52.165,15.173,34.207,0.000,9.090,3.772
cube_d5_k155,128,3,781250,781250,156250,16.127,4.275,9.477,0.000,2.348,1.176
cube_d5_k155,128,4,156250,156250,31250,3.218,0.982,2.484,0.000,0.790,0.313
cube_d5_k155,128,5,31250,31250,6250,0.813,0.352,2.041,0.000,1.507,0.118
cube_d5_k155,128,6,6250,6250,1250,0.869,0.229,0.642,0.000,0.341,0.067
cube_d5_k155,128,7,1250,1250,250,0.243,0.095,0.227,0.000,0.098,0.043
cube_d5_k155,128,8,250,250,50,0.092,0.051,0.078,0.000,0.027,0.022
cube_d5_k155,128,9,50,50,10,0.038,0.012,0.033,0.000,0.007,0.003
cube_d5_k155,128,10,10,10,2,0.016,0.003,0.006,0.000,0.003,0.001
cube_d5_k155,128,11,2,0,0,0.002,0.001,0.000,,,
cube_d5_k155,128,0,310,22343250,7447750,2.142,4.791,177.852,0.000,61.647,21.333
cube_d5_k155,128,1,7447750,7447750,3697750,85.634,30.476,88.022,0.000,21.428,11.041
cube_d5_k155,128,2,3697750,3697750,781250,53.736,15.354,35.982,0.000,9.610,3.755
cube_d5_k155,128,3,781250,781250,156250,16.016,4.201,9.466,0.000,2.372,1.145
cube_d5_k155,128,4,156250,156250,31250,3.191,1.068,2.463,0.000,0.759,0.314
cube_d5_k155,128,5,31250,31250,6250,0.755,0.365,2.026,0.000,1.420,0.161
cube_d5_k155,128,6,6250,6250,1250,0.867,0.233,0.660,0.000,0.345,0.067
cube_d5_k155,128,7,1250,1250,250,0.230,0.095,0.232,0.000,0.092,0.053
cube_d5_k155,128,8,250,250,50,0.091,0.048,0.088,0.000,0.031,0.024
cube_d5_k155,128,9,50,50,10,0.034,0.021,0.033,0.000,0.008,0.004
cube_d5_k155,128,10,10,10,2,0.010,0.003,0.007,0.000,0.004,0.001
cube_d5_k155,128,11,2,0,0,0.002,0.001,0.000,,,
cube_d5_k155,128,0,310,22343250,7447750,2.111,5.109,185.957,0.000,67.352,21.371
cube_d5_k155,128,1,7447750,7447750,3697750,84.830,30.507,87.255,0.000,21.546,11.159
cube_d5_k155,128,2,3697750,3697750,781250,53.697,16.591,34.927,0.000,9.463,3.804
cube_d5_k155,128,3,781250,781250,156250,15.861,4.622,9.495,0.000,2.422,1.215
cube_d5_k155,128,4,156250,156250,31250,3.202,1.083,2.520,0.000,0.766,0.333
cube_d5_k155,128,5,31250,31250,6250,0.913,0.376,2.079,0.000,1.547,0.125
cube_d5_k155,128,6,6250,6250,1250,0.902,0.248,0.670,0.000,0.357,0.069
cube_d5_k155,128,7,1250,1250,250,0.234,0.097,0.209,0.000,0.089,0.041
cube_d5_k155,128,8,250,250,50,0.094,0.044,0.081,0.000,0.029,0.018
cube_d5_k155,128,9,50,50,10,0.029,0.014,0.033,0.000,0.007,0.003
cube_d5_k155,128,10,10,10,2,0.010,0.002,0.007,0.000,0.004,0.001
cube_d5_k155,128,11,2,0,0,0.002,0.001,0.000,,,
