file,expected,threads,trial,result,wall_s,read_s,parse_s,build_s,close_s,check_s,dtor_s,error
arrays-ops.0.ground.smt2,,1,0,unsat,0.008357,0.000390,0.001420,0.002420,0.000580,0.000000,0.000010,
arrays-ops.0.ground.smt2,,1,1,unsat,0.008249,0.000230,0.001370,0.002430,0.000580,0.000000,0.000010,
arrays-ops.0.ground.smt2,,1,2,unsat,0.007550,0.000210,0.001360,0.002350,0.000580,0.000000,0.000010,
arrays-ops.0.ground.smt2,,1,3,unsat,0.007494,0.000200,0.001350,0.002380,0.000590,0.000000,0.000010,
arrays-ops.0.ground.smt2,,1,4,unsat,0.007835,0.000210,0.001350,0.002530,0.000600,0.000000,0.000010,
arrays-ops.0.ground.smt2,,2,0,unsat,0.009504,0.000210,0.001360,0.002700,0.001090,0.000000,0.000060,
arrays-ops.0.ground.smt2,,2,1,unsat,0.009392,0.000230,0.001370,0.002640,0.001080,0.000000,0.000020,
arrays-ops.0.ground.smt2,,2,2,unsat,0.008986,0.000220,0.001350,0.002460,0.001210,0.000000,0.000060,
arrays-ops.0.ground.smt2,,2,3,unsat,0.008870,0.000190,0.001350,0.002560,0.001300,0.000000,0.000100,
arrays-ops.0.ground.smt2,,2,4,unsat,0.008340,0.000200,0.001360,0.002680,0.000920,0.000000,0.000010,
arrays-ops.0.ground.smt2,,4,0,unsat,0.009324,0.000200,0.001290,0.002480,0.001750,0.000000,0.000070,
arrays-ops.0.ground.smt2,,4,1,unsat,0.010307,0.000220,0.001360,0.003200,0.001720,0.000000,0.000060,
arrays-ops.0.ground.smt2,,4,2,unsat,0.009886,0.000210,0.001400,0.003030,0.001450,0.000000,0.000060,
arrays-ops.0.ground.smt2,,4,3,unsat,0.010905,0.000210,0.001350,0.003200,0.001760,0.000000,0.000060,
arrays-ops.0.ground.smt2,,4,4,unsat,0.010271,0.000200,0.001350,0.003150,0.001800,0.000000,0.000060,
arrays-ops.0.ground.smt2,,8,0,unsat,0.011760,0.000210,0.001370,0.003520,0.002370,0.000000,0.000070,
arrays-ops.0.ground.smt2,,8,1,unsat,0.012509,0.000230,0.001360,0.003570,0.002410,0.000000,0.000070,
arrays-ops.0.ground.smt2,,8,2,unsat,0.011773,0.000200,0.001390,0.003490,0.002350,0.000000,0.000070,
arrays-ops.0.ground.smt2,,8,3,unsat,0.012780,0.000190,0.001430,0.003850,0.002780,0.000000,0.000060,
arrays-ops.0.ground.smt2,,8,4,unsat,0.012429,0.000220,0.001360,0.003490,0.002710,0.000000,0.000070,
arrays-ops.0.ground.smt2,,16,0,unsat,0.016660,0.000210,0.001350,0.005320,0.003840,0.000000,0.000070,
arrays-ops.0.ground.smt2,,16,1,unsat,0.016626,0.000210,0.001430,0.005060,0.004090,0.000000,0.000060,
arrays-ops.0.ground.smt2,,16,2,unsat,0.016836,0.000200,0.001280,0.005920,0.003600,0.000000,0.000060,
arrays-ops.0.ground.smt2,,16,3,unsat,0.016774,0.000220,0.001350,0.005830,0.003360,0.000000,0.000070,
arrays-ops.0.ground.smt2,,16,4,unsat,0.016504,0.000190,0.001350,0.005190,0.004260,0.000000,0.000060,
arrays-ops.0.ground.smt2,,32,0,unsat,0.023495,0.000200,0.001360,0.007660,0.006610,0.000000,0.000060,
arrays-ops.0.ground.smt2,,32,1,unsat,0.024675,0.000230,0.001340,0.007570,0.007120,0.000000,0.000060,
arrays-ops.0.ground.smt2,,32,2,unsat,0.023419,0.000210,0.001370,0.007430,0.006650,0.000000,0.000050,
arrays-ops.0.ground.smt2,,32,3,unsat,0.024581,0.000220,0.001350,0.008380,0.006030,0.000000,0.000060,
arrays-ops.0.ground.smt2,,32,4,unsat,0.024861,0.000220,0.001370,0.008020,0.006900,0.000000,0.000050,
arrays-ops.0.ground.smt2,,64,0,unsat,0.039400,0.000230,0.001400,0.016250,0.009140,0.000000,0.000060,
arrays-ops.0.ground.smt2,,64,1,unsat,0.041924,0.000240,0.001360,0.015990,0.012140,0.000000,0.000050,
arrays-ops.0.ground.smt2,,64,2,unsat,0.040071,0.000240,0.001370,0.010830,0.015090,0.000000,0.000040,
arrays-ops.0.ground.smt2,,64,3,unsat,0.042092,0.000240,0.001400,0.014840,0.013100,0.000000,0.000060,
arrays-ops.0.ground.smt2,,64,4,unsat,0.041106,0.000240,0.001380,0.014880,0.011890,0.000000,0.000040,
arrays-ops.0.ground.smt2,,128,0,unsat,0.104638,0.000230,0.001390,0.025480,0.057500,0.000000,0.000080,
arrays-ops.0.ground.smt2,,128,1,unsat,0.119334,0.000260,0.001430,0.037410,0.059030,0.000000,0.000060,
arrays-ops.0.ground.smt2,,128,2,unsat,0.103883,0.000260,0.001420,0.035420,0.049360,0.000000,0.000070,
arrays-ops.0.ground.smt2,,128,3,unsat,0.112321,0.000260,0.001430,0.031510,0.060000,0.000000,0.000070,
arrays-ops.0.ground.smt2,,128,4,unsat,0.119800,0.000260,0.001410,0.034720,0.062120,0.000000,0.000070,
arrays-ops.1.ground.smt2,,1,0,unsat,0.006966,0.000300,0.000610,0.001810,0.000360,0.000000,0.000010,
arrays-ops.1.ground.smt2,,1,1,unsat,0.006855,0.000170,0.000620,0.001830,0.000350,0.000000,0.000010,
arrays-ops.1.ground.smt2,,1,2,unsat,0.006626,0.000160,0.000620,0.001770,0.000350,0.000000,0.000010,
arrays-ops.1.ground.smt2,,1,3,unsat,0.006916,0.000160,0.000620,0.001810,0.000350,0.000000,0.000010,
arrays-ops.1.ground.smt2,,1,4,unsat,0.006689,0.000160,0.000610,0.001790,0.000350,0.000000,0.000010,
arrays-ops.1.ground.smt2,,2,0,unsat,0.006801,0.000120,0.000630,0.002150,0.000870,0.000000,0.000030,
arrays-ops.1.ground.smt2,,2,1,unsat,0.006499,0.000120,0.000620,0.002130,0.000700,0.000000,0.000040,
arrays-ops.1.ground.smt2,,2,2,unsat,0.006757,0.000110,0.000620,0.002120,0.000840,0.000000,0.000030,
arrays-ops.1.ground.smt2,,2,3,unsat,0.006301,0.000130,0.000600,0.002140,0.000500,0.000000,0.000010,
arrays-ops.1.ground.smt2,,2,4,unsat,0.006694,0.000140,0.000610,0.002180,0.000690,0.000000,0.000030,
arrays-ops.1.ground.smt2,,4,0,unsat,0.007839,0.000140,0.000600,0.002330,0.001400,0.000000,0.000030,
arrays-ops.1.ground.smt2,,4,1,unsat,0.009151,0.000160,0.000620,0.002330,0.001750,0.000000,0.000030,
arrays-ops.1.ground.smt2,,4,2,unsat,0.007591,0.000130,0.000620,0.002460,0.000940,0.000000,0.000020,
arrays-ops.1.ground.smt2,,4,3,unsat,0.008705,0.000160,0.000620,0.002450,0.001020,0.000000,0.000020,
arrays-ops.1.ground.smt2,,4,4,unsat,0.009038,0.000160,0.000620,0.002430,0.001560,0.000000,0.000030,
arrays-ops.1.ground.smt2,,8,0,unsat,0.010489,0.000130,0.000640,0.002990,0.002590,0.000000,0.000040,
arrays-ops.1.ground.smt2,,8,1,unsat,0.010703,0.000130,0.000620,0.003090,0.002720,0.000000,0.000040,
arrays-ops.1.ground.smt2,,8,2,unsat,0.010560,0.000150,0.000620,0.003010,0.002550,0.000000,0.000040,
arrays-ops.1.ground.smt2,,8,3,unsat,0.011880,0.000160,0.000620,0.003110,0.002720,0.000000,0.000040,
arrays-ops.1.ground.smt2,,8,4,unsat,0.010212,0.000130,0.000610,0.003080,0.002130,0.000000,0.000040,
arrays-ops.1.ground.smt2,,16,0,unsat,0.012004,0.000130,0.000610,0.003990,0.002720,0.000000,0.000030,
arrays-ops.1.ground.smt2,,16,1,unsat,0.013407,0.000130,0.000620,0.003860,0.003690,0.000000,0.000040,
arrays-ops.1.ground.smt2,,16,2,unsat,0.013359,0.000120,0.000640,0.004410,0.003120,0.000000,0.000040,
arrays-ops.1.ground.smt2,,16,3,unsat,0.013807,0.000130,0.000610,0.004560,0.003340,0.000000,0.000040,
arrays-ops.1.ground.smt2,,16,4,unsat,0.013235,0.000140,0.000620,0.004590,0.002800,0.000000,0.000050,
arrays-ops.1.ground.smt2,,32,0,unsat,0.020504,0.000150,0.000610,0.007230,0.005330,0.000000,0.000050,
arrays-ops.1.ground.smt2,,32,1,unsat,0.020716,0.000160,0.000610,0.007070,0.005210,0.000000,0.000040,
arrays-ops.1.ground.smt2,,32,2,unsat,0.019761,0.000140,0.000630,0.006250,0.005690,0.000000,0.000040,
arrays-ops.1.ground.smt2,,32,3,unsat,0.021573,0.000170,0.000630,0.006960,0.005560,0.000000,0.000030,
arrays-ops.1.ground.smt2,,32,4,unsat,0.020402,0.000140,0.000620,0.006720,0.005730,0.000000,0.000040,
arrays-ops.1.ground.smt2,,64,0,unsat,0.035133,0.000310,0.000630,0.012100,0.010930,0.000000,0.000040,
arrays-ops.1.ground.smt2,,64,1,unsat,0.031917,0.000160,0.000630,0.011220,0.009850,0.000000,0.000040,
arrays-ops.1.ground.smt2,,64,2,unsat,0.031162,0.000150,0.000640,0.010970,0.008940,0.000000,0.000040,
arrays-ops.1.ground.smt2,,64,3,unsat,0.032230,0.000160,0.000620,0.010750,0.010170,0.000000,0.000030,
arrays-ops.1.ground.smt2,,64,4,unsat,0.028671,0.000160,0.000620,0.010420,0.007710,0.000000,0.000040,
arrays-ops.1.ground.smt2,,128,0,unsat,0.098758,0.000150,0.000610,0.022860,0.057920,0.000000,0.000070,
arrays-ops.1.ground.smt2,,128,1,unsat,0.084548,0.000180,0.000640,0.023340,0.043130,0.000000,0.000040,
arrays-ops.1.ground.smt2,,128,2,unsat,0.073752,0.000180,0.000640,0.021320,0.034920,0.000000,0.000060,
arrays-ops.1.ground.smt2,,128,3,unsat,0.085084,0.000160,0.000650,0.023850,0.045590,0.000000,0.000040,
arrays-ops.1.ground.smt2,,128,4,unsat,0.094941,0.000180,0.000650,0.032310,0.043390,0.000000,0.000040,
arrays-ops.2.ground.smt2,,1,0,unsat,0.009014,0.000400,0.001390,0.002580,0.000660,0.000000,0.000010,
arrays-ops.2.ground.smt2,,1,1,unsat,0.008741,0.000230,0.001380,0.002470,0.000660,0.000000,0.000010,
arrays-ops.2.ground.smt2,,1,2,unsat,0.007665,0.000200,0.001380,0.002450,0.000640,0.000000,0.000010,
arrays-ops.2.ground.smt2,,1,3,unsat,0.008725,0.000230,0.001380,0.002530,0.000670,0.000000,0.000010,
arrays-ops.2.ground.smt2,,1,4,unsat,0.007769,0.000190,0.001380,0.002540,0.000640,0.000000,0.000010,
arrays-ops.2.ground.smt2,,2,0,unsat,0.008600,0.000210,0.001390,0.002600,0.001160,0.000000,0.000060,
arrays-ops.2.ground.smt2,,2,1,unsat,0.009208,0.000190,0.001400,0.002980,0.001180,0.000000,0.000100,
arrays-ops.2.ground.smt2,,2,2,unsat,0.009567,0.000240,0.001410,0.002930,0.000930,0.000000,0.000050,
arrays-ops.2.ground.smt2,,2,3,unsat,0.009445,0.000220,0.001400,0.002990,0.001330,0.000000,0.000050,
arrays-ops.2.ground.smt2,,2,4,unsat,0.010370,0.000230,0.001390,0.002950,0.001130,0.000000,0.000100,
arrays-ops.2.ground.smt2,,4,0,unsat,0.010870,0.000200,0.001390,0.003040,0.002420,0.000000,0.000060,
arrays-ops.2.ground.smt2,,4,1,unsat,0.011022,0.000230,0.001390,0.003320,0.001490,0.000000,0.000060,
arrays-ops.2.ground.smt2,,4,2,unsat,0.011406,0.000240,0.001400,0.003100,0.001960,0.000000,0.000060,
arrays-ops.2.ground.smt2,,4,3,unsat,0.010391,0.000220,0.001390,0.003130,0.001830,0.000000,0.000060,
arrays-ops.2.ground.smt2,,4,4,unsat,0.011492,0.000230,0.001400,0.003370,0.001840,0.000000,0.000060,
arrays-ops.2.ground.smt2,,8,0,unsat,0.012802,0.000200,0.001390,0.003780,0.003060,0.000000,0.000080,
arrays-ops.2.ground.smt2,,8,1,unsat,0.014201,0.000230,0.001410,0.003590,0.003520,0.000000,0.000080,
arrays-ops.2.ground.smt2,,8,2,unsat,0.012434,0.000210,0.001370,0.004250,0.002100,0.000000,0.000070,
arrays-ops.2.ground.smt2,,8,3,unsat,0.012928,0.000210,0.001390,0.004110,0.002500,0.000000,0.000070,
arrays-ops.2.ground.smt2,,8,4,unsat,0.012496,0.000230,0.001380,0.004100,0.002240,0.000000,0.000060,
arrays-ops.2.ground.smt2,,16,0,unsat,0.016830,0.000210,0.001360,0.004870,0.004530,0.000000,0.000050,
arrays-ops.2.ground.smt2,,16,1,unsat,0.017127,0.000210,0.001410,0.005920,0.003640,0.000000,0.000050,
arrays-ops.2.ground.smt2,,16,2,unsat,0.016935,0.000210,0.001380,0.005320,0.004170,0.000000,0.000050,
arrays-ops.2.ground.smt2,,16,3,unsat,0.017518,0.000220,0.001380,0.005360,0.004480,0.000000,0.000060,
arrays-ops.2.ground.smt2,,16,4,unsat,0.016657,0.000210,0.001370,0.005480,0.003870,0.000000,0.000050,
arrays-ops.2.ground.smt2,,32,0,unsat,0.024570,0.000220,0.001390,0.008560,0.006190,0.000000,0.000060,
arrays-ops.2.ground.smt2,,32,1,unsat,0.023398,0.000200,0.001360,0.008080,0.005780,0.000000,0.000050,
arrays-ops.2.ground.smt2,,32,2,unsat,0.023551,0.000220,0.001360,0.007450,0.006190,0.000000,0.000050,
arrays-ops.2.ground.smt2,,32,3,unsat,0.025864,0.000220,0.001360,0.007930,0.007270,0.000000,0.000060,
arrays-ops.2.ground.smt2,,32,4,unsat,0.028531,0.000320,0.001390,0.009130,0.007820,0.000000,0.000050,
arrays-ops.2.ground.smt2,,64,0,unsat,0.043773,0.000250,0.001480,0.016590,0.012570,0.000000,0.000040,
arrays-ops.2.ground.smt2,,64,1,unsat,0.041003,0.000250,0.001400,0.013480,0.013090,0.000000,0.000040,
arrays-ops.2.ground.smt2,,64,2,unsat,0.043648,0.000240,0.001400,0.015130,0.013670,0.000000,0.000040,
arrays-ops.2.ground.smt2,,64,3,unsat,0.041850,0.000260,0.001430,0.015650,0.011750,0.000000,0.000060,
arrays-ops.2.ground.smt2,,64,4,unsat,0.042491,0.000250,0.001420,0.014710,0.012770,0.000000,0.000070,
arrays-ops.2.ground.smt2,,128,0,unsat,0.130417,0.000240,0.001410,0.038450,0.068510,0.000000,0.000050,
arrays-ops.2.ground.smt2,,128,1,unsat,0.111549,0.000240,0.001410,0.030910,0.059910,0.000000,0.000060,
arrays-ops.2.ground.smt2,,128,2,unsat,0.118777,0.000230,0.001410,0.034570,0.064500,0.000000,0.000050,
arrays-ops.2.ground.smt2,,128,3,unsat,0.135246,0.000240,0.001390,0.034110,0.079850,0.000000,0.000060,
arrays-ops.2.ground.smt2,,128,4,unsat,0.108124,0.000220,0.001440,0.034690,0.052750,0.000000,0.000050,
arrays-ops.3.ground.smt2,,1,0,unsat,0.008832,0.000370,0.001390,0.002650,0.000670,0.000000,0.000010,
arrays-ops.3.ground.smt2,,1,1,unsat,0.007806,0.000190,0.001420,0.002510,0.000650,0.000000,0.000010,
arrays-ops.3.ground.smt2,,1,2,unsat,0.008783,0.000230,0.001420,0.002470,0.000680,0.000000,0.000010,
arrays-ops.3.ground.smt2,,1,3,unsat,0.007667,0.000190,0.001430,0.002470,0.000660,0.000000,0.000010,
arrays-ops.3.ground.smt2,,1,4,unsat,0.007618,0.000180,0.001440,0.002480,0.000660,0.000000,0.000010,
arrays-ops.3.ground.smt2,,2,0,unsat,0.008850,0.000190,0.001430,0.002930,0.001100,0.000000,0.000050,
arrays-ops.3.ground.smt2,,2,1,unsat,0.010105,0.000240,0.001450,0.002980,0.001170,0.000000,0.000050,
arrays-ops.3.ground.smt2,,2,2,unsat,0.009862,0.000240,0.001410,0.002670,0.001130,0.000000,0.000040,
arrays-ops.3.ground.smt2,,2,3,unsat,0.009753,0.000240,0.001420,0.002650,0.001210,0.000000,0.000050,
arrays-ops.3.ground.smt2,,2,4,unsat,0.010576,0.000240,0.001420,0.003220,0.001190,0.000000,0.000050,
arrays-ops.3.ground.smt2,,4,0,unsat,0.010250,0.000210,0.001410,0.003640,0.001190,0.000000,0.000060,
arrays-ops.3.ground.smt2,,4,1,unsat,0.011452,0.000240,0.001430,0.003510,0.001510,0.000000,0.000060,
arrays-ops.3.ground.smt2,,4,2,unsat,0.010722,0.000230,0.001430,0.003020,0.001560,0.000000,0.000060,
arrays-ops.3.ground.smt2,,4,3,unsat,0.011676,0.000240,0.001430,0.003390,0.001890,0.000000,0.000060,
arrays-ops.3.ground.smt2,,4,4,unsat,0.009962,0.000220,0.001420,0.003060,0.001550,0.000000,0.000060,
arrays-ops.3.ground.smt2,,8,0,unsat,0.013169,0.000220,0.001430,0.003880,0.002890,0.000000,0.000060,
arrays-ops.3.ground.smt2,,8,1,unsat,0.012610,0.000220,0.001400,0.003980,0.002500,0.000000,0.000060,
arrays-ops.3.ground.smt2,,8,2,unsat,0.012257,0.000210,0.001430,0.004070,0.002230,0.000000,0.000060,
arrays-ops.3.ground.smt2,,8,3,unsat,0.012684,0.000220,0.001410,0.004320,0.002320,0.000000,0.000070,
arrays-ops.3.ground.smt2,,8,4,unsat,0.012173,0.000220,0.001480,0.003560,0.002480,0.000000,0.000070,
arrays-ops.3.ground.smt2,,16,0,unsat,0.017980,0.000230,0.001410,0.005480,0.004080,0.000000,0.000060,
arrays-ops.3.ground.smt2,,16,1,unsat,0.017242,0.000210,0.001400,0.005550,0.004120,0.000000,0.000060,
arrays-ops.3.ground.smt2,,16,2,unsat,0.017116,0.000220,0.001390,0.005410,0.004160,0.000000,0.000050,
arrays-ops.3.ground.smt2,,16,3,unsat,0.017605,0.000210,0.001400,0.005840,0.003950,0.000000,0.000060,
arrays-ops.3.ground.smt2,,16,4,unsat,0.016990,0.000210,0.001380,0.005620,0.003870,0.000000,0.000050,
arrays-ops.3.ground.smt2,,32,0,unsat,0.026383,0.000210,0.001400,0.009430,0.006850,0.000000,0.000060,
arrays-ops.3.ground.smt2,,32,1,unsat,0.024936,0.000230,0.001420,0.008870,0.005990,0.000000,0.000050,
arrays-ops.3.ground.smt2,,32,2,unsat,0.026349,0.000260,0.001530,0.006480,0.009400,0.000000,0.000050,
arrays-ops.3.ground.smt2,,32,3,unsat,0.025868,0.000230,0.001440,0.008910,0.006960,0.000000,0.000060,
arrays-ops.3.ground.smt2,,32,4,unsat,0.025291,0.000250,0.001430,0.007130,0.007490,0.000000,0.000050,
arrays-ops.3.ground.smt2,,64,0,unsat,0.040769,0.000240,0.001470,0.015220,0.011930,0.000000,0.000050,
arrays-ops.3.ground.smt2,,64,1,unsat,0.043414,0.000240,0.001430,0.015070,0.013780,0.000000,0.000070,
arrays-ops.3.ground.smt2,,64,2,unsat,0.045845,0.000250,0.001430,0.017230,0.013400,0.000000,0.000050,
arrays-ops.3.ground.smt2,,64,3,unsat,0.043051,0.000240,0.001470,0.016500,0.012170,0.000000,0.000070,
arrays-ops.3.ground.smt2,,64,4,unsat,0.040931,0.000250,0.001450,0.015930,0.011370,0.000000,0.000040,
arrays-ops.3.ground.smt2,,128,0,unsat,0.125428,0.000270,0.001470,0.042300,0.061030,0.000000,0.000070,
arrays-ops.3.ground.smt2,,128,1,unsat,0.094093,0.000250,0.001460,0.042020,0.031880,0.000000,0.000070,
arrays-ops.3.ground.smt2,,128,2,unsat,0.116566,0.000230,0.001430,0.031050,0.064200,0.000000,0.000080,
arrays-ops.3.ground.smt2,,128,3,unsat,0.113763,0.000270,0.001510,0.037890,0.053580,0.000000,0.000060,
arrays-ops.3.ground.smt2,,128,4,unsat,0.124852,0.000220,0.001420,0.033450,0.068730,0.000000,0.000060,
arrays-ops.4.ground.smt2,,1,0,unsat,0.009669,0.000400,0.001820,0.002740,0.000670,0.000000,0.000010,
arrays-ops.4.ground.smt2,,1,1,unsat,0.008431,0.000220,0.001800,0.002700,0.000640,0.000000,0.000010,
arrays-ops.4.ground.smt2,,1,2,unsat,0.009261,0.000260,0.001790,0.002670,0.000660,0.000000,0.000010,
arrays-ops.4.ground.smt2,,1,3,unsat,0.008514,0.000240,0.001780,0.002740,0.000660,0.000000,0.000010,
arrays-ops.4.ground.smt2,,1,4,unsat,0.008245,0.000220,0.001800,0.002660,0.000640,0.000000,0.000010,
arrays-ops.4.ground.smt2,,2,0,unsat,0.009587,0.000230,0.001780,0.003080,0.001210,0.000000,0.000030,
arrays-ops.4.ground.smt2,,2,1,unsat,0.009873,0.000230,0.001830,0.003160,0.001310,0.000000,0.000040,
arrays-ops.4.ground.smt2,,2,2,unsat,0.010548,0.000260,0.001800,0.003100,0.001250,0.000000,0.000050,
arrays-ops.4.ground.smt2,,2,3,unsat,0.009882,0.000220,0.001790,0.003150,0.001180,0.000000,0.000100,
arrays-ops.4.ground.smt2,,2,4,unsat,0.010398,0.000270,0.001830,0.003060,0.000950,0.000000,0.000040,
arrays-ops.4.ground.smt2,,4,0,unsat,0.012330,0.000260,0.001830,0.003240,0.001960,0.000000,0.000050,
arrays-ops.4.ground.smt2,,4,1,unsat,0.011110,0.000260,0.001790,0.003200,0.001930,0.000000,0.000060,
arrays-ops.4.ground.smt2,,4,2,unsat,0.012275,0.000270,0.001790,0.003200,0.002190,0.000000,0.000050,
arrays-ops.4.ground.smt2,,4,3,unsat,0.011711,0.000250,0.001810,0.003200,0.002360,0.000000,0.000060,
arrays-ops.4.ground.smt2,,4,4,unsat,0.012273,0.000260,0.001820,0.003440,0.002110,0.000000,0.000050,
arrays-ops.4.ground.smt2,,8,0,unsat,0.015127,0.000270,0.001800,0.004450,0.002880,0.000000,0.000050,
arrays-ops.4.ground.smt2,,8,1,unsat,0.013345,0.000230,0.001780,0.004150,0.002690,0.000000,0.000050,
arrays-ops.4.ground.smt2,,8,2,unsat,0.013882,0.000260,0.001790,0.004320,0.002720,0.000000,0.000040,
arrays-ops.4.ground.smt2,,8,3,unsat,0.013979,0.000250,0.001790,0.003980,0.003090,0.000000,0.000050,
arrays-ops.4.ground.smt2,,8,4,unsat,0.013524,0.000230,0.001820,0.004320,0.002650,0.000000,0.000050,
arrays-ops.4.ground.smt2,,16,0,unsat,0.018247,0.000240,0.001780,0.005410,0.004760,0.000000,0.000070,
arrays-ops.4.ground.smt2,,16,1,unsat,0.019656,0.000260,0.001800,0.005400,0.005260,0.000000,0.000060,
arrays-ops.4.ground.smt2,,16,2,unsat,0.018059,0.000230,0.001770,0.005910,0.004310,0.000000,0.000050,
arrays-ops.4.ground.smt2,,16,3,unsat,0.018286,0.000250,0.001840,0.005710,0.004370,0.000000,0.000060,
arrays-ops.4.ground.smt2,,16,4,unsat,0.017723,0.000220,0.001800,0.005470,0.004380,0.000000,0.000050,
arrays-ops.4.ground.smt2,,32,0,unsat,0.026798,0.000270,0.001790,0.008440,0.006790,0.000000,0.000050,
arrays-ops.4.ground.smt2,,32,1,unsat,0.026624,0.000250,0.001810,0.008960,0.006660,0.000000,0.000040,
arrays-ops.4.ground.smt2,,32,2,unsat,0.027072,0.000250,0.001820,0.008570,0.007350,0.000000,0.000060,
arrays-ops.4.ground.smt2,,32,3,unsat,0.026709,0.000270,0.001800,0.008840,0.006730,0.000000,0.000050,
arrays-ops.4.ground.smt2,,32,4,unsat,0.027990,0.000250,0.001800,0.009630,0.007420,0.000000,0.000060,
arrays-ops.4.ground.smt2,,64,0,unsat,0.043527,0.000290,0.001850,0.016840,0.012640,0.000000,0.000050,
arrays-ops.4.ground.smt2,,64,1,unsat,0.043530,0.000250,0.001780,0.017140,0.011270,0.000000,0.000050,
arrays-ops.4.ground.smt2,,64,2,unsat,0.037886,0.000240,0.001790,0.013640,0.011440,0.000000,0.000050,
arrays-ops.4.ground.smt2,,64,3,unsat,0.045864,0.000260,0.001790,0.017090,0.014430,0.000000,0.000050,
arrays-ops.4.ground.smt2,,64,4,unsat,0.044079,0.000290,0.001840,0.015630,0.013120,0.000000,0.000060,
arrays-ops.4.ground.smt2,,128,0,unsat,0.120977,0.000270,0.001860,0.036110,0.062570,0.000000,0.000080,
arrays-ops.4.ground.smt2,,128,1,unsat,0.103777,0.000300,0.001860,0.036990,0.045330,0.000000,0.000060,
arrays-ops.4.ground.smt2,,128,2,unsat,0.097538,0.000280,0.001830,0.033160,0.044240,0.000000,0.000060,
arrays-ops.4.ground.smt2,,128,3,unsat,0.110389,0.000290,0.001870,0.040300,0.050850,0.000000,0.000080,
arrays-ops.4.ground.smt2,,128,4,unsat,0.091546,0.000240,0.001700,0.032800,0.037920,0.000000,0.000060,
arrays-outputs.0.ground.smt2,,1,0,unsat,1.020062,0.017750,0.325980,0.342330,0.224200,0.000000,0.002320,
arrays-outputs.0.ground.smt2,,1,1,unsat,1.036298,0.017640,0.331530,0.347380,0.227720,0.000000,0.002380,
arrays-outputs.0.ground.smt2,,1,2,unsat,1.009636,0.016560,0.321050,0.337750,0.227250,0.000000,0.002340,
arrays-outputs.0.ground.smt2,,1,3,unsat,1.017609,0.016150,0.327880,0.340410,0.224420,0.000000,0.002450,
arrays-outputs.0.ground.smt2,,1,4,unsat,1.008930,0.016830,0.324280,0.334800,0.225290,0.000000,0.002340,
arrays-outputs.0.ground.smt2,,2,0,unsat,0.970263,0.016370,0.319840,0.334100,0.182200,0.000000,0.008210,
arrays-outputs.0.ground.smt2,,2,1,unsat,0.970095,0.016690,0.321160,0.336570,0.178570,0.000000,0.007770,
arrays-outputs.0.ground.smt2,,2,2,unsat,0.973879,0.016070,0.323260,0.335050,0.183230,0.000000,0.007900,
arrays-outputs.0.ground.smt2,,2,3,unsat,0.985444,0.015580,0.326570,0.335300,0.190150,0.000000,0.008470,
arrays-outputs.0.ground.smt2,,2,4,unsat,0.958571,0.016390,0.323980,0.331190,0.171830,0.000000,0.007890,
arrays-outputs.0.ground.smt2,,4,0,unsat,0.914011,0.014460,0.329750,0.331880,0.121450,0.000000,0.008560,
arrays-outputs.0.ground.smt2,,4,1,unsat,0.924834,0.017040,0.329370,0.332520,0.128210,0.000000,0.008960,
arrays-outputs.0.ground.smt2,,4,2,unsat,0.921023,0.015970,0.325710,0.334530,0.126570,0.000000,0.008820,
arrays-outputs.0.ground.smt2,,4,3,unsat,0.929271,0.015810,0.329740,0.339530,0.124520,0.000000,0.008950,
arrays-outputs.0.ground.smt2,,4,4,unsat,0.925392,0.016540,0.324690,0.334710,0.129900,0.000000,0.008460,
arrays-outputs.0.ground.smt2,,8,0,unsat,0.887083,0.016700,0.322130,0.333810,0.090720,0.000000,0.008970,
arrays-outputs.0.ground.smt2,,8,1,unsat,0.902462,0.017940,0.337240,0.337350,0.092670,0.000000,0.006700,
arrays-outputs.0.ground.smt2,,8,2,unsat,0.903752,0.018720,0.335410,0.336130,0.091010,0.000000,0.007960,
arrays-outputs.0.ground.smt2,,8,3,unsat,0.891401,0.015270,0.331150,0.337730,0.087550,0.000000,0.008750,
arrays-outputs.0.ground.smt2,,8,4,unsat,0.892903,0.017300,0.332480,0.335520,0.085580,0.000000,0.007740,
arrays-outputs.0.ground.smt2,,16,0,unsat,0.890158,0.015350,0.333050,0.347070,0.071470,0.000000,0.008600,
arrays-outputs.0.ground.smt2,,16,1,unsat,0.915166,0.015980,0.325100,0.367770,0.078030,0.000000,0.009710,
arrays-outputs.0.ground.smt2,,16,2,unsat,0.898960,0.017060,0.335720,0.346130,0.074540,0.000000,0.009170,
arrays-outputs.0.ground.smt2,,16,3,unsat,0.895051,0.016260,0.331240,0.347360,0.073850,0.000000,0.008950,
arrays-outputs.0.ground.smt2,,16,4,unsat,0.904906,0.017290,0.337550,0.353290,0.075070,0.000000,0.006500,
arrays-outputs.0.ground.smt2,,32,0,unsat,0.900262,0.017660,0.326760,0.361830,0.064890,0.000000,0.009790,
arrays-outputs.0.ground.smt2,,32,1,unsat,0.923429,0.016240,0.332470,0.377090,0.065550,0.000000,0.009930,
arrays-outputs.0.ground.smt2,,32,2,unsat,0.937885,0.016520,0.333550,0.390140,0.067390,0.000000,0.010280,
arrays-outputs.0.ground.smt2,,32,3,unsat,0.907298,0.017260,0.323860,0.370370,0.066110,0.000000,0.009850,
arrays-outputs.0.ground.smt2,,32,4,unsat,0.902719,0.017240,0.323220,0.365830,0.067770,0.000000,0.010500,
arrays-outputs.0.ground.smt2,,64,0,unsat,0.944036,0.015960,0.326530,0.394000,0.072020,0.000000,0.010500,
arrays-outputs.0.ground.smt2,,64,1,unsat,0.940204,0.016330,0.323620,0.388740,0.073670,0.000000,0.011240,
arrays-outputs.0.ground.smt2,,64,2,unsat,0.985187,0.017510,0.330400,0.423760,0.075350,0.000000,0.010210,
arrays-outputs.0.ground.smt2,,64,3,unsat,0.961525,0.016750,0.332260,0.400040,0.069110,0.000000,0.012780,
arrays-outputs.0.ground.smt2,,64,4,unsat,0.964551,0.018020,0.326730,0.408470,0.074860,0.000000,0.011020,
arrays-outputs.0.ground.smt2,,128,0,unsat,1.101584,0.017580,0.328540,0.456600,0.137180,0.000000,0.013860,
arrays-outputs.0.ground.smt2,,128,1,unsat,1.053226,0.018990,0.324570,0.439330,0.108280,0.000000,0.015310,
arrays-outputs.0.ground.smt2,,128,2,unsat,1.120077,0.017810,0.331060,0.481070,0.124560,0.000000,0.015140,
arrays-outputs.0.ground.smt2,,128,3,unsat,1.104361,0.019020,0.334580,0.470910,0.114990,0.000000,0.014520,
arrays-outputs.0.ground.smt2,,128,4,unsat,1.078609,0.018150,0.332950,0.460150,0.108750,0.000000,0.014670,
demo.1.ground.smt2,,1,0,unsat,1.559805,0.023050,0.384480,0.492770,0.510400,0.000000,0.003170,
demo.1.ground.smt2,,1,1,unsat,1.472593,0.022160,0.386810,0.480770,0.433880,0.000000,0.002850,
demo.1.ground.smt2,,1,2,unsat,1.585811,0.021590,0.384780,0.484070,0.548220,0.000000,0.003140,
demo.1.ground.smt2,,1,3,unsat,1.490872,0.021910,0.389330,0.488580,0.443190,0.000000,0.002860,
demo.1.ground.smt2,,1,4,unsat,1.512314,0.020750,0.382070,0.478350,0.479800,0.000000,0.003070,
demo.1.ground.smt2,,2,0,unsat,1.380902,0.020830,0.384940,0.475710,0.339940,0.000000,0.009220,
demo.1.ground.smt2,,2,1,unsat,1.320915,0.021270,0.382510,0.461070,0.302300,0.000000,0.007370,
demo.1.ground.smt2,,2,2,unsat,1.291854,0.019210,0.379980,0.448900,0.288460,0.000000,0.007910,
demo.1.ground.smt2,,2,3,unsat,1.300812,0.021090,0.383270,0.448080,0.290230,0.000000,0.008130,
demo.1.ground.smt2,,2,4,unsat,1.311324,0.019590,0.383900,0.444320,0.310050,0.000000,0.008750,
demo.1.ground.smt2,,4,0,unsat,1.178132,0.021080,0.380440,0.433720,0.181380,0.000000,0.011490,
demo.1.ground.smt2,,4,1,unsat,1.197104,0.021640,0.384140,0.443090,0.183650,0.000000,0.011720,
demo.1.ground.smt2,,4,2,unsat,1.203551,0.021650,0.386580,0.450290,0.184890,0.000000,0.011060,
demo.1.ground.smt2,,4,3,unsat,1.154522,0.020920,0.384190,0.431550,0.162940,0.000000,0.009960,
demo.1.ground.smt2,,4,4,unsat,1.158292,0.021590,0.381860,0.429690,0.171640,0.000000,0.010190,
demo.1.ground.smt2,,8,0,unsat,1.094746,0.021320,0.379780,0.433470,0.104370,0.000000,0.011590,
demo.1.ground.smt2,,8,1,unsat,1.091346,0.022120,0.377970,0.428600,0.102740,0.000000,0.011590,
demo.1.ground.smt2,,8,2,unsat,1.106668,0.021390,0.388130,0.435090,0.103500,0.000000,0.011680,
demo.1.ground.smt2,,8,3,unsat,1.102665,0.023130,0.384680,0.433330,0.103910,0.000000,0.010570,
demo.1.ground.smt2,,8,4,unsat,1.091317,0.022640,0.382940,0.426200,0.101940,0.000000,0.011540,
demo.1.ground.smt2,,16,0,unsat,1.046686,0.021510,0.375250,0.425640,0.068160,0.000000,0.012210,
demo.1.ground.smt2,,16,1,unsat,1.052450,0.022680,0.378800,0.427490,0.067550,0.000000,0.011540,
demo.1.ground.smt2,,16,2,unsat,1.049897,0.022810,0.378480,0.428570,0.065160,0.000000,0.011720,
demo.1.ground.smt2,,16,3,unsat,1.046875,0.022900,0.382740,0.421760,0.064210,0.000000,0.012200,
demo.1.ground.smt2,,16,4,unsat,1.066279,0.023180,0.382510,0.438900,0.062680,0.000000,0.011620,
demo.1.ground.smt2,,32,0,unsat,1.102072,0.024740,0.381200,0.475850,0.050420,0.000000,0.012030,
demo.1.ground.smt2,,32,1,unsat,1.106667,0.024570,0.377570,0.484960,0.050550,0.000000,0.012090,
demo.1.ground.smt2,,32,2,unsat,1.107946,0.023700,0.386250,0.478580,0.050320,0.000000,0.012450,
demo.1.ground.smt2,,32,3,unsat,1.099294,0.023600,0.381720,0.478300,0.051310,0.000000,0.012150,
demo.1.ground.smt2,,32,4,unsat,1.112726,0.022310,0.382970,0.490500,0.052000,0.000000,0.012040,
demo.1.ground.smt2,,64,0,unsat,1.153227,0.023300,0.390420,0.507050,0.049010,0.000000,0.018110,
demo.1.ground.smt2,,64,1,unsat,1.143608,0.023050,0.392550,0.496830,0.049720,0.000000,0.017630,
demo.1.ground.smt2,,64,2,unsat,1.152135,0.024270,0.386100,0.510730,0.050330,0.000000,0.017830,
demo.1.ground.smt2,,64,3,unsat,1.142004,0.022630,0.387380,0.502580,0.049620,0.000000,0.017750,
demo.1.ground.smt2,,64,4,unsat,1.172501,0.024050,0.395330,0.516190,0.054550,0.000000,0.017540,
demo.1.ground.smt2,,128,0,unsat,1.293065,0.024210,0.385870,0.590150,0.092950,0.000000,0.022460,
demo.1.ground.smt2,,128,1,unsat,1.294744,0.023140,0.387630,0.608920,0.079650,0.000000,0.021350,
demo.1.ground.smt2,,128,2,unsat,1.383229,0.025910,0.392510,0.610990,0.148530,0.000000,0.031610,
demo.1.ground.smt2,,128,3,unsat,1.365314,0.025160,0.391760,0.622070,0.123130,0.000000,0.022300,
demo.1.ground.smt2,,128,4,unsat,1.339281,0.024830,0.393310,0.636140,0.079870,0.000000,0.022300,
demo.12.ground.smt2,,1,0,unsat,1.349122,0.018340,0.302830,0.418910,0.480850,0.000000,0.002220,
demo.12.ground.smt2,,1,1,unsat,1.342969,0.015730,0.310360,0.430830,0.455820,0.000000,0.002360,
demo.12.ground.smt2,,1,2,unsat,1.375971,0.016130,0.307610,0.444490,0.478090,0.000000,0.002300,
demo.12.ground.smt2,,1,3,unsat,1.377006,0.016630,0.306910,0.415030,0.509390,0.000000,0.002480,
demo.12.ground.smt2,,1,4,unsat,1.310524,0.015970,0.299130,0.397630,0.470960,0.000000,0.002360,
demo.12.ground.smt2,,2,0,unsat,1.143660,0.016570,0.302160,0.396040,0.293350,0.000000,0.007090,
demo.12.ground.smt2,,2,1,unsat,1.124814,0.014980,0.309350,0.387580,0.281240,0.000000,0.006120,
demo.12.ground.smt2,,2,2,unsat,1.143206,0.016360,0.306880,0.408720,0.278010,0.000000,0.007930,
demo.12.ground.smt2,,2,3,unsat,1.135097,0.015810,0.309500,0.394240,0.285200,0.000000,0.007030,
demo.12.ground.smt2,,2,4,unsat,1.108860,0.015430,0.303090,0.381390,0.278360,0.000000,0.006590,
demo.12.ground.smt2,,4,0,unsat,0.987826,0.015440,0.304230,0.374200,0.162670,0.000000,0.006770,
demo.12.ground.smt2,,4,1,unsat,0.987328,0.017040,0.309370,0.357780,0.169220,0.000000,0.007290,
demo.12.ground.smt2,,4,2,unsat,0.983408,0.016380,0.307650,0.361240,0.165390,0.000000,0.006760,
demo.12.ground.smt2,,4,3,unsat,0.980525,0.015720,0.303180,0.371960,0.155690,0.000000,0.006600,
demo.12.ground.smt2,,4,4,unsat,0.972192,0.015230,0.305910,0.362370,0.155920,0.000000,0.006280,
demo.12.ground.smt2,,8,0,unsat,0.941892,0.016430,0.312380,0.381610,0.098570,0.000000,0.007210,
demo.12.ground.smt2,,8,1,unsat,0.904409,0.016840,0.302200,0.363540,0.092000,0.000000,0.006560,
demo.12.ground.smt2,,8,2,unsat,0.910346,0.017530,0.308740,0.349990,0.100040,0.000000,0.007250,
demo.12.ground.smt2,,8,3,unsat,0.902405,0.016640,0.304980,0.350310,0.096270,0.000000,0.007140,
demo.12.ground.smt2,,8,4,unsat,0.896162,0.016150,0.307200,0.343320,0.098330,0.000000,0.006850,
demo.12.ground.smt2,,16,0,unsat,0.885447,0.017000,0.308350,0.360410,0.067990,0.000000,0.006820,
demo.12.ground.smt2,,16,1,unsat,0.883513,0.016270,0.304250,0.361010,0.070900,0.000000,0.006970,
demo.12.ground.smt2,,16,2,unsat,0.887708,0.016780,0.305450,0.360790,0.071560,0.000000,0.007600,
demo.12.ground.smt2,,16,3,unsat,0.883370,0.017500,0.307990,0.358330,0.068120,0.000000,0.007550,
demo.12.ground.smt2,,16,4,unsat,0.888181,0.016650,0.310380,0.357450,0.072190,0.000000,0.007070,
demo.12.ground.smt2,,32,0,unsat,0.861638,0.015200,0.299370,0.357020,0.054230,0.000000,0.009970,
demo.12.ground.smt2,,32,1,unsat,0.949516,0.015320,0.304610,0.434640,0.055260,0.000000,0.011280,
demo.12.ground.smt2,,32,2,unsat,0.908046,0.018630,0.305030,0.382300,0.059180,0.000000,0.009820,
demo.12.ground.smt2,,32,3,unsat,0.923257,0.017510,0.307730,0.399550,0.054710,0.000000,0.010270,
demo.12.ground.smt2,,32,4,unsat,0.936797,0.017210,0.310650,0.411270,0.056130,0.000000,0.009760,
demo.12.ground.smt2,,64,0,unsat,0.922193,0.015770,0.307720,0.390300,0.053100,0.000000,0.015560,
demo.12.ground.smt2,,64,1,unsat,0.936841,0.016420,0.312840,0.392260,0.056710,0.000000,0.015810,
demo.12.ground.smt2,,64,2,unsat,0.940934,0.017880,0.304830,0.409770,0.053240,0.000000,0.015720,
demo.12.ground.smt2,,64,3,unsat,0.945304,0.017730,0.306790,0.413320,0.055020,0.000000,0.014750,
demo.12.ground.smt2,,64,4,unsat,0.984218,0.019350,0.308620,0.441620,0.057000,0.000000,0.013210,
demo.12.ground.smt2,,128,0,unsat,1.069921,0.018960,0.311070,0.480030,0.083170,0.000000,0.016060,
demo.12.ground.smt2,,128,1,unsat,1.102759,0.017970,0.304310,0.508860,0.092300,0.000000,0.017210,
demo.12.ground.smt2,,128,2,unsat,1.090201,0.018710,0.308030,0.481020,0.105610,0.000000,0.016300,
demo.12.ground.smt2,,128,3,unsat,1.068059,0.017670,0.306320,0.471670,0.096890,0.000000,0.015810,
demo.12.ground.smt2,,128,4,unsat,1.092165,0.019450,0.306380,0.491850,0.094160,0.000000,0.016750,
demo.13.ground.smt2,,1,0,unsat,1.613712,0.016810,0.327390,0.447530,0.683700,0.000000,0.002770,
demo.13.ground.smt2,,1,1,unsat,1.574279,0.015790,0.327310,0.458120,0.634850,0.000000,0.002570,
demo.13.ground.smt2,,1,2,unsat,1.614693,0.015810,0.327110,0.469320,0.661440,0.000000,0.002590,
demo.13.ground.smt2,,1,3,unsat,1.630043,0.016000,0.320470,0.451750,0.702720,0.000000,0.002830,
demo.13.ground.smt2,,1,4,unsat,1.620168,0.015640,0.323680,0.449570,0.694990,0.000000,0.002640,
demo.13.ground.smt2,,2,0,unsat,1.289735,0.015580,0.316280,0.431110,0.384260,0.000000,0.006420,
demo.13.ground.smt2,,2,1,unsat,1.287914,0.016060,0.317300,0.423860,0.384910,0.000000,0.007260,
demo.13.ground.smt2,,2,2,unsat,1.301038,0.014040,0.320430,0.419700,0.407020,0.000000,0.007360,
demo.13.ground.smt2,,2,3,unsat,1.282686,0.015070,0.316860,0.421700,0.384820,0.000000,0.007650,
demo.13.ground.smt2,,2,4,unsat,1.296683,0.015270,0.323260,0.431330,0.384930,0.000000,0.006430,
demo.13.ground.smt2,,4,0,unsat,1.118370,0.015180,0.315280,0.425660,0.216560,0.000000,0.010400,
demo.13.ground.smt2,,4,1,unsat,1.094396,0.016710,0.318240,0.415000,0.201450,0.000000,0.010440,
demo.13.ground.smt2,,4,2,unsat,1.098662,0.015690,0.322410,0.399920,0.215890,0.000000,0.010310,
demo.13.ground.smt2,,4,3,unsat,1.080466,0.015920,0.318430,0.399910,0.204650,0.000000,0.010300,
demo.13.ground.smt2,,4,4,unsat,1.107997,0.016200,0.324050,0.406140,0.219690,0.000000,0.009860,
demo.13.ground.smt2,,8,0,unsat,0.996934,0.015700,0.322640,0.396600,0.117110,0.000000,0.011180,
demo.13.ground.smt2,,8,1,unsat,0.995208,0.015890,0.316930,0.395310,0.122060,0.000000,0.010160,
demo.13.ground.smt2,,8,2,unsat,1.060867,0.016140,0.336550,0.437270,0.125570,0.000000,0.011000,
demo.13.ground.smt2,,8,3,unsat,0.983343,0.016040,0.320440,0.381470,0.121270,0.000000,0.010400,
demo.13.ground.smt2,,8,4,unsat,0.998134,0.016190,0.318470,0.385430,0.121910,0.000000,0.010720,
demo.13.ground.smt2,,16,0,unsat,0.994010,0.018460,0.325950,0.419080,0.083110,0.000000,0.007640,
demo.13.ground.smt2,,16,1,unsat,0.987231,0.017080,0.322010,0.417530,0.087480,0.000000,0.007780,
demo.13.ground.smt2,,16,2,unsat,0.959380,0.016950,0.322280,0.388790,0.086990,0.000000,0.008210,
demo.13.ground.smt2,,16,3,unsat,0.948073,0.016060,0.319570,0.383260,0.085860,0.000000,0.007720,
demo.13.ground.smt2,,16,4,unsat,0.993731,0.016160,0.321430,0.428680,0.082430,0.000000,0.007700,
demo.13.ground.smt2,,32,0,unsat,0.982335,0.018010,0.328120,0.402750,0.078380,0.000000,0.010370,
demo.13.ground.smt2,,32,1,unsat,0.966872,0.017060,0.326830,0.405820,0.064760,0.000000,0.010570,
demo.13.ground.smt2,,32,2,unsat,0.980539,0.017490,0.332230,0.404010,0.070700,0.000000,0.010650,
demo.13.ground.smt2,,32,3,unsat,0.965083,0.016780,0.325340,0.401730,0.069640,0.000000,0.010600,
demo.13.ground.smt2,,32,4,unsat,0.972724,0.017570,0.330230,0.404600,0.067480,0.000000,0.010340,
demo.13.ground.smt2,,64,0,unsat,1.015557,0.017720,0.325600,0.444280,0.069880,0.000000,0.014680,
demo.13.ground.smt2,,64,1,unsat,1.028656,0.015760,0.326340,0.453710,0.067230,0.000000,0.014770,
demo.13.ground.smt2,,64,2,unsat,1.042069,0.018450,0.325750,0.470780,0.065220,0.000000,0.014540,
demo.13.ground.smt2,,64,3,unsat,1.043751,0.018320,0.322470,0.477720,0.060920,0.000000,0.014650,
demo.13.ground.smt2,,64,4,unsat,1.031563,0.018590,0.322960,0.450690,0.075430,0.000000,0.014880,
demo.13.ground.smt2,,128,0,unsat,1.140012,0.017900,0.322050,0.501340,0.110090,0.000000,0.018390,
demo.13.ground.smt2,,128,1,unsat,1.317689,0.018020,0.329650,0.556310,0.232380,0.000000,0.018870,
demo.13.ground.smt2,,128,2,unsat,1.247387,0.018290,0.326200,0.568640,0.140980,0.000000,0.020320,
demo.13.ground.smt2,,128,3,unsat,1.237349,0.017800,0.333460,0.569700,0.129680,0.000000,0.018680,
demo.13.ground.smt2,,128,4,unsat,1.099446,0.017510,0.319860,0.469280,0.109970,0.000000,0.019150,
demo.14.ground.smt2,,1,0,unsat,2.425189,0.022770,0.488700,0.647880,1.063140,0.000000,0.003580,
demo.14.ground.smt2,,1,1,unsat,2.376868,0.022200,0.489720,0.606350,1.059450,0.000000,0.003500,
demo.14.ground.smt2,,1,2,unsat,2.360334,0.022180,0.483000,0.594660,1.054880,0.000000,0.003830,
demo.14.ground.smt2,,1,3,unsat,2.378613,0.022650,0.493370,0.612550,1.049700,0.000000,0.003610,
demo.14.ground.smt2,,1,4,unsat,2.139588,0.021910,0.494090,0.592240,0.828080,0.000000,0.003300,
demo.14.ground.smt2,,2,0,unsat,1.874946,0.022510,0.486430,0.592070,0.567100,0.000000,0.005370,
demo.14.ground.smt2,,2,1,unsat,1.881917,0.021890,0.481800,0.570220,0.603190,0.000000,0.005480,
demo.14.ground.smt2,,2,2,unsat,1.909065,0.021500,0.481450,0.568820,0.630100,0.000000,0.005290,
demo.14.ground.smt2,,2,3,unsat,1.839229,0.020940,0.478830,0.565960,0.569560,0.000000,0.006090,
demo.14.ground.smt2,,2,4,unsat,1.850182,0.021840,0.487010,0.571250,0.562490,0.000000,0.005930,
demo.14.ground.smt2,,4,0,unsat,1.651855,0.023920,0.492190,0.562920,0.353360,0.000000,0.012840,
demo.14.ground.smt2,,4,1,unsat,1.634757,0.023360,0.484070,0.562970,0.345900,0.000000,0.012230,
demo.14.ground.smt2,,4,2,unsat,1.578815,0.023340,0.487790,0.554190,0.304950,0.000000,0.011180,
demo.14.ground.smt2,,4,3,unsat,1.603308,0.022730,0.484350,0.546460,0.341370,0.000000,0.012430,
demo.14.ground.smt2,,4,4,unsat,1.597290,0.022850,0.479610,0.543990,0.341070,0.000000,0.011600,
demo.14.ground.smt2,,8,0,unsat,1.454347,0.023660,0.477120,0.552620,0.187750,0.000000,0.012230,
demo.14.ground.smt2,,8,1,unsat,1.450023,0.023660,0.477520,0.545960,0.188510,0.000000,0.013970,
demo.14.ground.smt2,,8,2,unsat,1.458959,0.024290,0.487780,0.550140,0.184430,0.000000,0.012250,
demo.14.ground.smt2,,8,3,unsat,1.459273,0.023970,0.487340,0.550310,0.185500,0.000000,0.012850,
demo.14.ground.smt2,,8,4,unsat,1.438230,0.023430,0.482890,0.540290,0.182290,0.000000,0.012960,
demo.14.ground.smt2,,16,0,unsat,1.383691,0.022950,0.488850,0.546140,0.119360,0.000000,0.013730,
demo.14.ground.smt2,,16,1,unsat,1.402113,0.024000,0.495510,0.554740,0.120550,0.000000,0.014150,
demo.14.ground.smt2,,16,2,unsat,1.409117,0.022960,0.489200,0.567150,0.118910,0.000000,0.013550,
demo.14.ground.smt2,,16,3,unsat,1.394019,0.023530,0.485680,0.554090,0.118140,0.000000,0.014720,
demo.14.ground.smt2,,16,4,unsat,1.417079,0.024250,0.488900,0.565130,0.123750,0.000000,0.016350,
demo.14.ground.smt2,,32,0,unsat,1.383235,0.023540,0.485760,0.564590,0.095950,0.000000,0.015860,
demo.14.ground.smt2,,32,1,unsat,1.388728,0.023910,0.482540,0.573140,0.093680,0.000000,0.016760,
demo.14.ground.smt2,,32,2,unsat,1.391709,0.023410,0.488070,0.569640,0.094450,0.000000,0.015740,
demo.14.ground.smt2,,32,3,unsat,1.413051,0.023480,0.495090,0.581470,0.097620,0.000000,0.016040,
demo.14.ground.smt2,,32,4,unsat,1.391669,0.023510,0.488810,0.563600,0.100570,0.000000,0.017250,
demo.14.ground.smt2,,64,0,unsat,1.554358,0.025990,0.491840,0.707650,0.091620,0.000000,0.020080,
demo.14.ground.smt2,,64,1,unsat,1.516348,0.025250,0.485610,0.670080,0.100340,0.000000,0.021310,
demo.14.ground.smt2,,64,2,unsat,1.537588,0.025120,0.492260,0.692200,0.091960,0.000000,0.020630,
demo.14.ground.smt2,,64,3,unsat,1.502073,0.025060,0.488340,0.665320,0.089760,0.000000,0.021180,
demo.14.ground.smt2,,64,4,unsat,1.510972,0.024640,0.495390,0.675220,0.087200,0.000000,0.021390,
demo.14.ground.smt2,,128,0,unsat,1.609249,0.026520,0.487320,0.730370,0.113710,0.000000,0.024310,
demo.14.ground.smt2,,128,1,unsat,1.638032,0.025020,0.487120,0.742450,0.125140,0.000000,0.028280,
demo.14.ground.smt2,,128,2,unsat,1.681173,0.025500,0.495000,0.765190,0.150140,0.000000,0.023840,
demo.14.ground.smt2,,128,3,unsat,1.627984,0.024630,0.483380,0.724820,0.145350,0.000000,0.024740,
demo.14.ground.smt2,,128,4,unsat,1.591767,0.026040,0.487310,0.709420,0.117850,0.000000,0.025340,
demo.15.ground.smt2,,1,0,unsat,1.896412,0.021370,0.427760,0.562450,0.719050,0.000000,0.003080,
demo.15.ground.smt2,,1,1,unsat,2.017545,0.019160,0.425980,0.523450,0.884350,0.000000,0.003220,
demo.15.ground.smt2,,1,2,unsat,1.914806,0.020350,0.426130,0.519720,0.779900,0.000000,0.003160,
demo.15.ground.smt2,,1,3,unsat,2.092659,0.020240,0.424840,0.553300,0.929980,0.000000,0.003250,
demo.15.ground.smt2,,1,4,unsat,2.020105,0.019390,0.424510,0.510950,0.901470,0.000000,0.003060,
demo.15.ground.smt2,,2,0,unsat,1.563127,0.018700,0.419900,0.499040,0.455540,0.000000,0.006870,
demo.15.ground.smt2,,2,1,unsat,1.601752,0.019850,0.422640,0.503080,0.486950,0.000000,0.006490,
demo.15.ground.smt2,,2,2,unsat,1.572195,0.018040,0.423200,0.476650,0.486240,0.000000,0.006510,
demo.15.ground.smt2,,2,3,unsat,1.568406,0.019290,0.425380,0.476310,0.479860,0.000000,0.006690,
demo.15.ground.smt2,,2,4,unsat,1.563776,0.018600,0.421710,0.482290,0.472160,0.000000,0.006620,
demo.15.ground.smt2,,4,0,unsat,1.373155,0.021090,0.423130,0.479770,0.275240,0.000000,0.011430,
demo.15.ground.smt2,,4,1,unsat,1.374236,0.021200,0.427430,0.483080,0.268100,0.000000,0.012090,
demo.15.ground.smt2,,4,2,unsat,1.351264,0.020150,0.423840,0.473940,0.261670,0.000000,0.010830,
demo.15.ground.smt2,,4,3,unsat,1.373279,0.020420,0.422710,0.484540,0.272200,0.000000,0.011510,
demo.15.ground.smt2,,4,4,unsat,1.376902,0.020720,0.427110,0.475630,0.280260,0.000000,0.012310,
demo.15.ground.smt2,,8,0,unsat,1.265539,0.021370,0.425520,0.491290,0.151960,0.000000,0.011280,
demo.15.ground.smt2,,8,1,unsat,1.256701,0.021010,0.423710,0.478800,0.155460,0.000000,0.012190,
demo.15.ground.smt2,,8,2,unsat,1.263396,0.021990,0.422610,0.484180,0.155710,0.000000,0.012820,
demo.15.ground.smt2,,8,3,unsat,1.258115,0.020860,0.426630,0.478750,0.155740,0.000000,0.012160,
demo.15.ground.smt2,,8,4,unsat,1.244807,0.021140,0.422380,0.475420,0.150660,0.000000,0.012580,
demo.15.ground.smt2,,16,0,unsat,1.194074,0.020330,0.424480,0.477520,0.099260,0.000000,0.013710,
demo.15.ground.smt2,,16,1,unsat,1.198249,0.020400,0.425020,0.483700,0.098360,0.000000,0.011680,
demo.15.ground.smt2,,16,2,unsat,1.197385,0.021290,0.421850,0.484540,0.098110,0.000000,0.011520,
demo.15.ground.smt2,,16,3,unsat,1.191164,0.020680,0.420200,0.481370,0.096690,0.000000,0.011520,
demo.15.ground.smt2,,16,4,unsat,1.208501,0.021650,0.422630,0.489660,0.099290,0.000000,0.011920,
demo.15.ground.smt2,,32,0,unsat,1.190269,0.021130,0.422390,0.498000,0.072030,0.000000,0.013180,
demo.15.ground.smt2,,32,1,unsat,1.179690,0.021470,0.418230,0.491450,0.073490,0.000000,0.012960,
demo.15.ground.smt2,,32,2,unsat,1.187340,0.020970,0.424410,0.492860,0.073810,0.000000,0.013330,
demo.15.ground.smt2,,32,3,unsat,1.190335,0.020760,0.426810,0.489820,0.076810,0.000000,0.014220,
demo.15.ground.smt2,,32,4,unsat,1.204849,0.021570,0.422700,0.506890,0.074210,0.000000,0.013210,
demo.15.ground.smt2,,64,0,unsat,1.250533,0.022070,0.425550,0.539490,0.071230,0.000000,0.018760,
demo.15.ground.smt2,,64,1,unsat,1.294378,0.022810,0.423370,0.573030,0.075360,0.000000,0.018840,
demo.15.ground.smt2,,64,2,unsat,1.268706,0.024740,0.425260,0.544420,0.070230,0.000000,0.017260,
demo.15.ground.smt2,,64,3,unsat,1.295905,0.023060,0.424370,0.570660,0.070220,0.000000,0.020460,
demo.15.ground.smt2,,64,4,unsat,1.290048,0.022050,0.424170,0.566670,0.071580,0.000000,0.021480,
demo.15.ground.smt2,,128,0,unsat,1.421069,0.023210,0.429330,0.637740,0.108170,0.000000,0.020490,
demo.15.ground.smt2,,128,1,unsat,1.420095,0.022460,0.427280,0.658750,0.096540,0.000000,0.020350,
demo.15.ground.smt2,,128,2,unsat,1.385825,0.022780,0.422070,0.627260,0.094580,0.000000,0.020800,
demo.15.ground.smt2,,128,3,unsat,1.535063,0.023110,0.427900,0.688590,0.175380,0.000000,0.020620,
demo.15.ground.smt2,,128,4,unsat,1.430843,0.022660,0.433450,0.653130,0.101770,0.000000,0.020670,
demo.16.ground.smt2,,1,0,unsat,2.019247,0.019510,0.403880,0.558460,0.875970,0.000000,0.003210,
demo.16.ground.smt2,,1,1,unsat,2.025896,0.018270,0.407340,0.531670,0.907070,0.000000,0.003290,
demo.16.ground.smt2,,1,2,unsat,1.841645,0.018830,0.410660,0.504320,0.749040,0.000000,0.003160,
demo.16.ground.smt2,,1,3,unsat,1.817865,0.017820,0.402620,0.500430,0.736700,0.000000,0.003230,
demo.16.ground.smt2,,1,4,unsat,1.812953,0.018490,0.406370,0.504970,0.721480,0.000000,0.003150,
demo.16.ground.smt2,,2,0,unsat,1.604314,0.020150,0.406280,0.501520,0.509190,0.000000,0.006720,
demo.16.ground.smt2,,2,1,unsat,1.551394,0.017910,0.410660,0.496990,0.459010,0.000000,0.006400,
demo.16.ground.smt2,,2,2,unsat,1.616119,0.018000,0.405940,0.491600,0.531470,0.000000,0.006780,
demo.16.ground.smt2,,2,3,unsat,1.556818,0.017340,0.410440,0.474770,0.490450,0.000000,0.006110,
demo.16.ground.smt2,,2,4,unsat,1.530343,0.017990,0.407230,0.483620,0.458650,0.000000,0.006070,
demo.16.ground.smt2,,4,0,unsat,1.344390,0.020790,0.417310,0.474280,0.264400,0.000000,0.007620,
demo.16.ground.smt2,,4,1,unsat,1.342439,0.020870,0.408030,0.476760,0.266230,0.000000,0.007780,
demo.16.ground.smt2,,4,2,unsat,1.338050,0.018540,0.406170,0.470190,0.274680,0.000000,0.007960,
demo.16.ground.smt2,,4,3,unsat,1.324630,0.020040,0.404080,0.467180,0.266470,0.000000,0.008680,
demo.16.ground.smt2,,4,4,unsat,1.304883,0.019610,0.406940,0.467010,0.249500,0.000000,0.007250,
demo.16.ground.smt2,,8,0,unsat,1.206199,0.020430,0.404950,0.463080,0.149570,0.000000,0.008160,
demo.16.ground.smt2,,8,1,unsat,1.216012,0.020560,0.406310,0.464400,0.157070,0.000000,0.008410,
demo.16.ground.smt2,,8,2,unsat,1.207626,0.020400,0.404560,0.463220,0.153280,0.000000,0.008340,
demo.16.ground.smt2,,8,3,unsat,1.197357,0.019570,0.405560,0.457470,0.149330,0.000000,0.008270,
demo.16.ground.smt2,,8,4,unsat,1.210753,0.020740,0.409790,0.453300,0.159330,0.000000,0.008400,
demo.16.ground.smt2,,16,0,unsat,1.158032,0.019710,0.411500,0.461570,0.098430,0.000000,0.008920,
demo.16.ground.smt2,,16,1,unsat,1.167728,0.020040,0.405880,0.473360,0.101340,0.000000,0.008720,
demo.16.ground.smt2,,16,2,unsat,1.162900,0.018420,0.409140,0.472550,0.099020,0.000000,0.008810,
demo.16.ground.smt2,,16,3,unsat,1.193253,0.019830,0.415650,0.487540,0.102170,0.000000,0.009210,
demo.16.ground.smt2,,16,4,unsat,1.176863,0.019630,0.411640,0.480600,0.096650,0.000000,0.009760,
demo.16.ground.smt2,,32,0,unsat,1.192753,0.020830,0.410160,0.503810,0.075750,0.000000,0.012390,
demo.16.ground.smt2,,32,1,unsat,1.186181,0.020120,0.409350,0.500010,0.076470,0.000000,0.013520,
demo.16.ground.smt2,,32,2,unsat,1.196291,0.021920,0.409640,0.502470,0.079020,0.000000,0.015150,
demo.16.ground.smt2,,32,3,unsat,1.211226,0.022140,0.412690,0.518230,0.075700,0.000000,0.012310,
demo.16.ground.smt2,,32,4,unsat,1.213985,0.020550,0.413040,0.512620,0.079760,0.000000,0.012660,
demo.16.ground.smt2,,64,0,unsat,1.263561,0.021220,0.411810,0.561000,0.075090,0.000000,0.017070,
demo.16.ground.smt2,,64,1,unsat,1.273663,0.020650,0.409610,0.575360,0.071420,0.000000,0.019570,
demo.16.ground.smt2,,64,2,unsat,1.237488,0.020590,0.412870,0.534470,0.072210,0.000000,0.020060,
demo.16.ground.smt2,,64,3,unsat,1.261835,0.021840,0.420520,0.539700,0.077160,0.000000,0.018270,
demo.16.ground.smt2,,64,4,unsat,1.256863,0.022650,0.415120,0.539390,0.077380,0.000000,0.019700,
demo.16.ground.smt2,,128,0,unsat,1.412287,0.021750,0.414820,0.664740,0.101230,0.000000,0.020730,
demo.16.ground.smt2,,128,1,unsat,1.413818,0.022990,0.409860,0.647690,0.119930,0.000000,0.021090,
demo.16.ground.smt2,,128,2,unsat,1.406142,0.022890,0.411640,0.643260,0.120840,0.000000,0.020380,
demo.16.ground.smt2,,128,3,unsat,1.461573,0.023150,0.413300,0.676010,0.133930,0.000000,0.023770,
demo.16.ground.smt2,,128,4,unsat,1.461868,0.023350,0.412170,0.679800,0.136950,0.000000,0.022480,
demo.17.ground.smt2,,1,0,unsat,1.255517,0.013940,0.285460,0.329930,0.499270,0.000000,0.002340,
demo.17.ground.smt2,,1,1,unsat,1.187882,0.012920,0.283280,0.333600,0.432230,0.000000,0.002170,
demo.17.ground.smt2,,1,2,unsat,1.225133,0.013760,0.279670,0.331630,0.471850,0.000000,0.002280,
demo.17.ground.smt2,,1,3,unsat,1.248056,0.012110,0.280990,0.329510,0.498810,0.000000,0.002470,
demo.17.ground.smt2,,1,4,unsat,1.239112,0.012610,0.281470,0.332530,0.484460,0.000000,0.002480,
demo.17.ground.smt2,,2,0,unsat,1.059910,0.012440,0.282170,0.317830,0.315820,0.000000,0.005760,
demo.17.ground.smt2,,2,1,unsat,1.066502,0.012650,0.285650,0.330970,0.304170,0.000000,0.006920,
demo.17.ground.smt2,,2,2,unsat,1.048227,0.012210,0.278840,0.322130,0.301260,0.000000,0.005800,
demo.17.ground.smt2,,2,3,unsat,1.053775,0.012210,0.286310,0.324940,0.296050,0.000000,0.006110,
demo.17.ground.smt2,,2,4,unsat,1.085746,0.013060,0.284860,0.329470,0.324650,0.000000,0.006100,
demo.17.ground.smt2,,4,0,unsat,0.938949,0.013300,0.281750,0.329160,0.178720,0.000000,0.006660,
demo.17.ground.smt2,,4,1,unsat,0.921635,0.013710,0.284850,0.318960,0.171460,0.000000,0.006200,
demo.17.ground.smt2,,4,2,unsat,0.922665,0.014220,0.279560,0.319930,0.176410,0.000000,0.006360,
demo.17.ground.smt2,,4,3,unsat,0.942155,0.014140,0.286210,0.329010,0.179750,0.000000,0.006310,
demo.17.ground.smt2,,4,4,unsat,0.922007,0.013700,0.279860,0.322230,0.173070,0.000000,0.006360,
demo.17.ground.smt2,,8,0,unsat,0.867634,0.014010,0.284560,0.321370,0.111250,0.000000,0.006970,
demo.17.ground.smt2,,8,1,unsat,0.860332,0.013670,0.280260,0.318860,0.110390,0.000000,0.007200,
demo.17.ground.smt2,,8,2,unsat,0.859254,0.013750,0.285410,0.321800,0.101710,0.000000,0.006220,
demo.17.ground.smt2,,8,3,unsat,0.850879,0.014040,0.277560,0.315720,0.109020,0.000000,0.006860,
demo.17.ground.smt2,,8,4,unsat,0.859239,0.013540,0.284760,0.317080,0.109290,0.000000,0.006770,
demo.17.ground.smt2,,16,0,unsat,0.846954,0.014190,0.280600,0.338230,0.077400,0.000000,0.006890,
demo.17.ground.smt2,,16,1,unsat,0.854832,0.014680,0.292890,0.333400,0.077670,0.000000,0.007000,
demo.17.ground.smt2,,16,2,unsat,0.852177,0.014360,0.286760,0.333410,0.079980,0.000000,0.007740,
demo.17.ground.smt2,,16,3,unsat,0.860732,0.014310,0.286720,0.337240,0.082790,0.000000,0.007820,
demo.17.ground.smt2,,16,4,unsat,0.842396,0.014200,0.283770,0.326310,0.081530,0.000000,0.007740,
demo.17.ground.smt2,,32,0,unsat,0.848429,0.014150,0.282120,0.344190,0.066190,0.000000,0.009210,
demo.17.ground.smt2,,32,1,unsat,0.883869,0.015880,0.287470,0.369730,0.063530,0.000000,0.010420,
demo.17.ground.smt2,,32,2,unsat,0.890153,0.015380,0.285920,0.379190,0.061250,0.000000,0.010380,
demo.17.ground.smt2,,32,3,unsat,0.874495,0.015620,0.283080,0.366930,0.061430,0.000000,0.010290,
demo.17.ground.smt2,,32,4,unsat,0.879482,0.015040,0.286630,0.365630,0.065220,0.000000,0.010160,
demo.17.ground.smt2,,64,0,unsat,0.896537,0.013930,0.285020,0.360650,0.072720,0.000000,0.013530,
demo.17.ground.smt2,,64,1,unsat,0.906214,0.014700,0.285330,0.372270,0.067940,0.000000,0.017000,
demo.17.ground.smt2,,64,2,unsat,0.889917,0.015200,0.282300,0.364520,0.063170,0.000000,0.014640,
demo.17.ground.smt2,,64,3,unsat,0.904831,0.014840,0.280850,0.381220,0.065050,0.000000,0.015160,
demo.17.ground.smt2,,64,4,unsat,0.903832,0.015090,0.282120,0.376200,0.068090,0.000000,0.012690,
demo.17.ground.smt2,,128,0,unsat,1.014116,0.015820,0.286330,0.423920,0.108060,0.000000,0.015650,
demo.17.ground.smt2,,128,1,unsat,1.062361,0.015230,0.279200,0.420130,0.161120,0.000000,0.016000,
demo.17.ground.smt2,,128,2,unsat,1.065652,0.014890,0.287630,0.451220,0.125570,0.000000,0.016350,
demo.17.ground.smt2,,128,3,unsat,1.094034,0.014620,0.283540,0.462960,0.146370,0.000000,0.018040,
demo.17.ground.smt2,,128,4,unsat,1.107313,0.014910,0.283440,0.494350,0.126090,0.000000,0.015820,
demo.19.ground.smt2,,1,0,unsat,0.609030,0.007800,0.160070,0.213990,0.168670,0.000000,0.001210,
demo.19.ground.smt2,,1,1,unsat,0.566312,0.007920,0.155900,0.204760,0.140550,0.000000,0.001120,
demo.19.ground.smt2,,1,2,unsat,0.608518,0.007460,0.160840,0.210870,0.172570,0.000000,0.001180,
demo.19.ground.smt2,,1,3,unsat,0.579121,0.007540,0.160890,0.205110,0.147180,0.000000,0.001150,
demo.19.ground.smt2,,1,4,unsat,0.601622,0.007060,0.157190,0.207860,0.171740,0.000000,0.001170,
demo.19.ground.smt2,,2,0,unsat,0.561681,0.008070,0.160890,0.207960,0.121300,0.000000,0.005160,
demo.19.ground.smt2,,2,1,unsat,0.544050,0.007160,0.159880,0.198690,0.115920,0.000000,0.004500,
demo.19.ground.smt2,,2,2,unsat,0.543785,0.007450,0.158580,0.201980,0.114640,0.000000,0.004820,
demo.19.ground.smt2,,2,3,unsat,0.544953,0.006760,0.159830,0.201760,0.114520,0.000000,0.004520,
demo.19.ground.smt2,,2,4,unsat,0.546889,0.007500,0.161070,0.194910,0.120610,0.000000,0.005450,
demo.19.ground.smt2,,4,0,unsat,0.525702,0.007330,0.161430,0.203470,0.089130,0.000000,0.004120,
demo.19.ground.smt2,,4,1,unsat,0.504064,0.007260,0.160190,0.183940,0.089900,0.000000,0.004090,
demo.19.ground.smt2,,4,2,unsat,0.519359,0.007170,0.156740,0.203730,0.087820,0.000000,0.004210,
demo.19.ground.smt2,,4,3,unsat,0.496536,0.007620,0.158400,0.185610,0.083150,0.000000,0.003860,
demo.19.ground.smt2,,4,4,unsat,0.503354,0.007330,0.156860,0.193710,0.084170,0.000000,0.003920,
demo.19.ground.smt2,,8,0,unsat,0.489807,0.007410,0.162300,0.188450,0.069430,0.000000,0.004180,
demo.19.ground.smt2,,8,1,unsat,0.508113,0.007780,0.158420,0.208500,0.068620,0.000000,0.004460,
demo.19.ground.smt2,,8,2,unsat,0.491787,0.007420,0.157850,0.194130,0.069070,0.000000,0.004170,
demo.19.ground.smt2,,8,3,unsat,0.493309,0.007890,0.158560,0.192710,0.069500,0.000000,0.004330,
demo.19.ground.smt2,,8,4,unsat,0.493004,0.007330,0.158270,0.196000,0.067760,0.000000,0.004130,
demo.19.ground.smt2,,16,0,unsat,0.495416,0.007580,0.159230,0.202000,0.061140,0.000000,0.004660,
demo.19.ground.smt2,,16,1,unsat,0.489755,0.007500,0.157990,0.196470,0.062160,0.000000,0.004560,
demo.19.ground.smt2,,16,2,unsat,0.502472,0.007580,0.161210,0.206010,0.061590,0.000000,0.004640,
demo.19.ground.smt2,,16,3,unsat,0.497113,0.007150,0.161300,0.199360,0.062730,0.000000,0.005050,
demo.19.ground.smt2,,16,4,unsat,0.493391,0.007860,0.158430,0.196180,0.062830,0.000000,0.004690,
demo.19.ground.smt2,,32,0,unsat,0.511336,0.008580,0.160970,0.205890,0.062350,0.000000,0.006530,
demo.19.ground.smt2,,32,1,unsat,0.516698,0.008020,0.160210,0.217070,0.059510,0.000000,0.006300,
demo.19.ground.smt2,,32,2,unsat,0.512523,0.007550,0.156930,0.214080,0.060740,0.000000,0.006990,
demo.19.ground.smt2,,32,3,unsat,0.515309,0.007790,0.161260,0.212350,0.061580,0.000000,0.006300,
demo.19.ground.smt2,,32,4,unsat,0.515970,0.007850,0.160140,0.216620,0.059030,0.000000,0.006510,
demo.19.ground.smt2,,64,0,unsat,0.533351,0.008460,0.158890,0.213980,0.069610,0.000000,0.009350,
demo.19.ground.smt2,,64,1,unsat,0.537687,0.007460,0.160820,0.220100,0.069100,0.000000,0.007100,
demo.19.ground.smt2,,64,2,unsat,0.567613,0.007990,0.159580,0.246520,0.068530,0.000000,0.008560,
demo.19.ground.smt2,,64,3,unsat,0.574488,0.008990,0.161220,0.250330,0.069050,0.000000,0.008870,
demo.19.ground.smt2,,64,4,unsat,0.567525,0.007480,0.159680,0.246320,0.068140,0.000000,0.008960,
demo.19.ground.smt2,,128,0,unsat,0.750943,0.008810,0.161250,0.288780,0.185910,0.000000,0.011250,
demo.19.ground.smt2,,128,1,unsat,0.752715,0.009410,0.161610,0.306560,0.165960,0.000000,0.011720,
demo.19.ground.smt2,,128,2,unsat,0.716271,0.009160,0.160410,0.291840,0.149220,0.000000,0.011510,
demo.19.ground.smt2,,128,3,unsat,0.762615,0.008320,0.162180,0.295740,0.190640,0.000000,0.011400,
demo.19.ground.smt2,,128,4,unsat,0.727715,0.008530,0.163890,0.290390,0.157280,0.000000,0.011510,
demo.2.ground.smt2,,1,0,unsat,2.312356,0.016850,0.371770,0.542120,1.223650,0.000000,0.002750,
demo.2.ground.smt2,,1,1,unsat,2.487249,0.015780,0.370310,0.546680,1.397580,0.000000,0.003260,
demo.2.ground.smt2,,1,2,unsat,2.246170,0.016300,0.369640,0.524950,1.177790,0.000000,0.003000,
demo.2.ground.smt2,,1,3,unsat,2.213786,0.016010,0.369150,0.510030,1.165600,0.000000,0.003020,
demo.2.ground.smt2,,1,4,unsat,2.137678,0.015680,0.367830,0.505010,1.097700,0.000000,0.002980,
demo.2.ground.smt2,,2,0,unsat,1.776073,0.014920,0.364990,0.486640,0.749210,0.000000,0.007210,
demo.2.ground.smt2,,2,1,unsat,1.746355,0.015660,0.367680,0.496120,0.706820,0.000000,0.007670,
demo.2.ground.smt2,,2,2,unsat,1.725355,0.015430,0.362500,0.495300,0.692420,0.000000,0.006920,
demo.2.ground.smt2,,2,3,unsat,1.732527,0.014920,0.361480,0.486280,0.708450,0.000000,0.008030,
demo.2.ground.smt2,,2,4,unsat,1.761942,0.015770,0.357750,0.464370,0.766420,0.000000,0.007670,
demo.2.ground.smt2,,4,0,unsat,1.400679,0.016330,0.362390,0.453660,0.412620,0.000000,0.007800,
demo.2.ground.smt2,,4,1,unsat,1.405823,0.016120,0.368530,0.447080,0.418680,0.000000,0.007680,
demo.2.ground.smt2,,4,2,unsat,1.392407,0.016240,0.359580,0.447520,0.414230,0.000000,0.007650,
demo.2.ground.smt2,,4,3,unsat,1.400855,0.016640,0.371870,0.466010,0.391170,0.000000,0.007140,
demo.2.ground.smt2,,4,4,unsat,1.391306,0.015130,0.359010,0.438260,0.421660,0.000000,0.008230,
demo.2.ground.smt2,,8,0,unsat,1.211721,0.015750,0.359940,0.432820,0.251030,0.000000,0.007540,
demo.2.ground.smt2,,8,1,unsat,1.214685,0.016240,0.360110,0.427030,0.258690,0.000000,0.007730,
demo.2.ground.smt2,,8,2,unsat,1.197983,0.015030,0.361020,0.419550,0.250770,0.000000,0.007710,
demo.2.ground.smt2,,8,3,unsat,1.234941,0.016260,0.366210,0.420510,0.277090,0.000000,0.008920,
demo.2.ground.smt2,,8,4,unsat,1.219878,0.016930,0.362170,0.428500,0.256650,0.000000,0.008110,
demo.2.ground.smt2,,16,0,unsat,1.153510,0.017020,0.366060,0.428090,0.185370,0.000000,0.008550,
demo.2.ground.smt2,,16,1,unsat,1.152209,0.016340,0.362110,0.436510,0.180000,0.000000,0.008650,
demo.2.ground.smt2,,16,2,unsat,1.150421,0.016890,0.358960,0.442470,0.177190,0.000000,0.008520,
demo.2.ground.smt2,,16,3,unsat,1.143473,0.015410,0.361030,0.432620,0.181180,0.000000,0.008530,
demo.2.ground.smt2,,16,4,unsat,1.151869,0.016160,0.367160,0.433360,0.179520,0.000000,0.008360,
demo.2.ground.smt2,,32,0,unsat,1.182253,0.016860,0.370570,0.481170,0.150660,0.000000,0.011930,
demo.2.ground.smt2,,32,1,unsat,1.164027,0.016270,0.365080,0.465670,0.152560,0.000000,0.012230,
demo.2.ground.smt2,,32,2,unsat,1.159376,0.016790,0.364510,0.463890,0.150690,0.000000,0.012470,
demo.2.ground.smt2,,32,3,unsat,1.172191,0.016220,0.366170,0.483170,0.145350,0.000000,0.012530,
demo.2.ground.smt2,,32,4,unsat,1.185894,0.016220,0.365750,0.486800,0.153100,0.000000,0.012740,
demo.2.ground.smt2,,64,0,unsat,1.223884,0.017250,0.389080,0.497150,0.144370,0.000000,0.017630,
demo.2.ground.smt2,,64,1,unsat,1.198539,0.017130,0.371510,0.486690,0.144900,0.000000,0.016650,
demo.2.ground.smt2,,64,2,unsat,1.189632,0.017030,0.364670,0.486230,0.146890,0.000000,0.017190,
demo.2.ground.smt2,,64,3,unsat,1.212868,0.017050,0.369270,0.502150,0.146720,0.000000,0.018640,
demo.2.ground.smt2,,64,4,unsat,1.237603,0.017750,0.364440,0.526180,0.148800,0.000000,0.018910,
demo.2.ground.smt2,,128,0,unsat,1.398046,0.017240,0.369400,0.611110,0.207190,0.000000,0.022400,
demo.2.ground.smt2,,128,1,unsat,1.344385,0.017970,0.361630,0.563770,0.207490,0.000000,0.021180,
demo.2.ground.smt2,,128,2,unsat,1.408503,0.017560,0.364790,0.626780,0.202600,0.000000,0.021450,
demo.2.ground.smt2,,128,3,unsat,1.368858,0.018210,0.365470,0.586270,0.202530,0.000000,0.022530,
demo.2.ground.smt2,,128,4,unsat,1.410172,0.017480,0.373000,0.608910,0.217980,0.000000,0.021830,
demo.20.ground.smt2,,1,0,unsat,1.439543,0.019530,0.387050,0.522850,0.348550,0.000000,0.003710,
demo.20.ground.smt2,,1,1,unsat,1.476351,0.018990,0.390970,0.534150,0.369870,0.000000,0.003700,
demo.20.ground.smt2,,1,2,unsat,1.477181,0.017970,0.390480,0.532720,0.374550,0.000000,0.003710,
demo.20.ground.smt2,,1,3,unsat,1.480421,0.018830,0.387890,0.530470,0.375450,0.000000,0.003660,
demo.20.ground.smt2,,1,4,unsat,1.463614,0.018270,0.388020,0.523200,0.368960,0.000000,0.003680,
demo.20.ground.smt2,,2,0,unsat,1.325706,0.018750,0.385410,0.523430,0.227200,0.000000,0.008210,
demo.20.ground.smt2,,2,1,unsat,1.308739,0.018270,0.388060,0.511690,0.221600,0.000000,0.008310,
demo.20.ground.smt2,,2,2,unsat,1.292696,0.018320,0.388920,0.502370,0.215270,0.000000,0.008010,
demo.20.ground.smt2,,2,3,unsat,1.292609,0.017300,0.383080,0.505080,0.218680,0.000000,0.007170,
demo.20.ground.smt2,,2,4,unsat,1.296623,0.018440,0.390240,0.501710,0.218610,0.000000,0.008420,
demo.20.ground.smt2,,4,0,unsat,1.207626,0.019230,0.390310,0.495330,0.131890,0.000000,0.007980,
demo.20.ground.smt2,,4,1,unsat,1.196884,0.018470,0.387510,0.486470,0.134290,0.000000,0.008030,
demo.20.ground.smt2,,4,2,unsat,1.189550,0.020040,0.387010,0.481590,0.131150,0.000000,0.007770,
demo.20.ground.smt2,,4,3,unsat,1.157915,0.019330,0.388420,0.455780,0.128140,0.000000,0.007010,
demo.20.ground.smt2,,4,4,unsat,1.155665,0.019010,0.385610,0.461000,0.124790,0.000000,0.007410,
demo.20.ground.smt2,,8,0,unsat,1.101385,0.018490,0.386590,0.450400,0.078500,0.000000,0.007860,
demo.20.ground.smt2,,8,1,unsat,1.106154,0.018480,0.388410,0.458090,0.075430,0.000000,0.007360,
demo.20.ground.smt2,,8,2,unsat,1.102263,0.019700,0.385190,0.457000,0.074930,0.000000,0.007650,
demo.20.ground.smt2,,8,3,unsat,1.107504,0.019310,0.387450,0.450860,0.079600,0.000000,0.007900,
demo.20.ground.smt2,,8,4,unsat,1.113151,0.019590,0.390960,0.452260,0.079220,0.000000,0.007730,
demo.20.ground.smt2,,16,0,unsat,1.064765,0.019230,0.385090,0.442320,0.053750,0.000000,0.008060,
demo.20.ground.smt2,,16,1,unsat,1.072878,0.020180,0.386350,0.443190,0.054950,0.000000,0.008830,
demo.20.ground.smt2,,16,2,unsat,1.088348,0.018790,0.390270,0.454480,0.056080,0.000000,0.008750,
demo.20.ground.smt2,,16,3,unsat,1.083809,0.019880,0.385390,0.452260,0.056170,0.000000,0.008690,
demo.20.ground.smt2,,16,4,unsat,1.098248,0.019610,0.391900,0.460650,0.055780,0.000000,0.008700,
demo.20.ground.smt2,,32,0,unsat,1.103515,0.020390,0.392210,0.473950,0.043490,0.000000,0.011240,
demo.20.ground.smt2,,32,1,unsat,1.126488,0.020440,0.383020,0.503670,0.044030,0.000000,0.012800,
demo.20.ground.smt2,,32,2,unsat,1.098385,0.021050,0.381090,0.481020,0.040590,0.000000,0.012340,
demo.20.ground.smt2,,32,3,unsat,1.134270,0.021630,0.387400,0.508710,0.043280,0.000000,0.012080,
demo.20.ground.smt2,,32,4,unsat,1.108573,0.020880,0.387650,0.483650,0.040740,0.000000,0.012340,
demo.20.ground.smt2,,64,0,unsat,1.129146,0.020970,0.386500,0.491030,0.045410,0.000000,0.016570,
demo.20.ground.smt2,,64,1,unsat,1.113977,0.021190,0.384430,0.476100,0.044480,0.000000,0.015660,
demo.20.ground.smt2,,64,2,unsat,1.106048,0.021030,0.380770,0.473100,0.044790,0.000000,0.016010,
demo.20.ground.smt2,,64,3,unsat,1.122701,0.020360,0.379920,0.488800,0.043830,0.000000,0.015970,
demo.20.ground.smt2,,64,4,unsat,1.135123,0.020390,0.387380,0.498260,0.045000,0.000000,0.015530,
demo.20.ground.smt2,,128,0,unsat,1.381594,0.020910,0.384220,0.603570,0.167380,0.000000,0.016880,
demo.20.ground.smt2,,128,1,unsat,1.285806,0.020070,0.386050,0.602380,0.065110,0.000000,0.018530,
demo.20.ground.smt2,,128,2,unsat,1.302758,0.020460,0.388190,0.586690,0.095380,0.000000,0.017910,
demo.20.ground.smt2,,128,3,unsat,1.290273,0.022000,0.382090,0.581840,0.087980,0.000000,0.018530,
demo.20.ground.smt2,,128,4,unsat,1.303041,0.021650,0.389790,0.608060,0.067170,0.000000,0.018730,
demo.21.ground.smt2,,1,0,unsat,1.457260,0.020060,0.341300,0.428310,0.534540,0.000000,0.002350,
demo.21.ground.smt2,,1,1,unsat,1.410566,0.019920,0.337620,0.412240,0.509400,0.000000,0.002080,
demo.21.ground.smt2,,1,2,unsat,1.481998,0.019590,0.335370,0.421230,0.573210,0.000000,0.002310,
demo.21.ground.smt2,,1,3,unsat,1.369327,0.017910,0.339310,0.406510,0.472500,0.000000,0.002160,
demo.21.ground.smt2,,1,4,unsat,1.380384,0.018910,0.335110,0.396900,0.499920,0.000000,0.002040,
demo.21.ground.smt2,,2,0,unsat,1.168068,0.019060,0.333980,0.390920,0.285240,0.000000,0.006540,
demo.21.ground.smt2,,2,1,unsat,1.173756,0.018100,0.342380,0.389560,0.287970,0.000000,0.006270,
demo.21.ground.smt2,,2,2,unsat,1.196308,0.019580,0.333300,0.403100,0.300920,0.000000,0.007490,
demo.21.ground.smt2,,2,3,unsat,1.172190,0.019020,0.329620,0.393910,0.291770,0.000000,0.006740,
demo.21.ground.smt2,,2,4,unsat,1.203260,0.018770,0.336130,0.397450,0.313440,0.000000,0.006920,
demo.21.ground.smt2,,4,0,unsat,1.032232,0.019900,0.334460,0.377860,0.165160,0.000000,0.005700,
demo.21.ground.smt2,,4,1,unsat,1.019870,0.018850,0.331340,0.377290,0.159780,0.000000,0.005440,
demo.21.ground.smt2,,4,2,unsat,1.045317,0.018760,0.337470,0.377090,0.178720,0.000000,0.006070,
demo.21.ground.smt2,,4,3,unsat,1.019367,0.019400,0.329740,0.374940,0.160480,0.000000,0.005950,
demo.21.ground.smt2,,4,4,unsat,1.035769,0.018550,0.334910,0.369140,0.178790,0.000000,0.005670,
demo.21.ground.smt2,,8,0,unsat,0.973373,0.018680,0.336960,0.378470,0.103710,0.000000,0.005860,
demo.21.ground.smt2,,8,1,unsat,0.959147,0.018180,0.339790,0.371610,0.096130,0.000000,0.005480,
demo.21.ground.smt2,,8,2,unsat,0.949672,0.018780,0.334100,0.361230,0.102010,0.000000,0.006160,
demo.21.ground.smt2,,8,3,unsat,0.958049,0.018770,0.339400,0.366020,0.099810,0.000000,0.005980,
demo.21.ground.smt2,,8,4,unsat,0.941225,0.019380,0.331330,0.358610,0.098160,0.000000,0.005850,
demo.21.ground.smt2,,16,0,unsat,0.921633,0.019340,0.329780,0.365420,0.073560,0.000000,0.006120,
demo.21.ground.smt2,,16,1,unsat,0.937876,0.018970,0.337140,0.371250,0.077390,0.000000,0.006280,
demo.21.ground.smt2,,16,2,unsat,0.932271,0.019810,0.329630,0.375470,0.073110,0.000000,0.006360,
demo.21.ground.smt2,,16,3,unsat,0.941708,0.020040,0.328650,0.383070,0.072450,0.000000,0.006720,
demo.21.ground.smt2,,16,4,unsat,0.947938,0.019550,0.338500,0.379790,0.073540,0.000000,0.006850,
demo.21.ground.smt2,,32,0,unsat,0.947006,0.020660,0.335100,0.385200,0.061820,0.000000,0.009140,
demo.21.ground.smt2,,32,1,unsat,0.954724,0.019110,0.336960,0.394310,0.062190,0.000000,0.008550,
demo.21.ground.smt2,,32,2,unsat,0.940397,0.020810,0.330810,0.381340,0.065380,0.000000,0.008530,
demo.21.ground.smt2,,32,3,unsat,0.953450,0.020600,0.337920,0.395820,0.057090,0.000000,0.008390,
demo.21.ground.smt2,,32,4,unsat,0.962247,0.020940,0.334460,0.398430,0.058420,0.000000,0.009840,
demo.21.ground.smt2,,64,0,unsat,1.031565,0.021480,0.342960,0.438810,0.063960,0.000000,0.012800,
demo.21.ground.smt2,,64,1,unsat,1.035266,0.022260,0.332100,0.447620,0.066310,0.000000,0.012200,
demo.21.ground.smt2,,64,2,unsat,0.993569,0.020800,0.332110,0.415620,0.066060,0.000000,0.011890,
demo.21.ground.smt2,,64,3,unsat,1.031325,0.021800,0.337660,0.442380,0.066000,0.000000,0.011980,
demo.21.ground.smt2,,64,4,unsat,0.994055,0.021020,0.334570,0.408780,0.069670,0.000000,0.011730,
demo.21.ground.smt2,,128,0,unsat,1.097460,0.021570,0.332940,0.467050,0.095600,0.000000,0.014240,
demo.21.ground.smt2,,128,1,unsat,1.130600,0.021570,0.344220,0.474400,0.112300,0.000000,0.014490,
demo.21.ground.smt2,,128,2,unsat,1.153144,0.021930,0.340480,0.484580,0.125850,0.000000,0.014470,
demo.21.ground.smt2,,128,3,unsat,1.152365,0.021390,0.342020,0.495160,0.114520,0.000000,0.014300,
demo.21.ground.smt2,,128,4,unsat,1.136994,0.021990,0.343790,0.486000,0.108260,0.000000,0.014290,
demo.22.ground.smt2,,1,0,unsat,1.347345,0.014760,0.321810,0.467560,0.406070,0.000000,0.002220,
demo.22.ground.smt2,,1,1,unsat,1.333086,0.014730,0.319500,0.461650,0.401490,0.000000,0.002220,
demo.22.ground.smt2,,1,2,unsat,1.211572,0.014030,0.317560,0.396940,0.347320,0.000000,0.002170,
demo.22.ground.smt2,,1,3,unsat,1.270870,0.013830,0.318350,0.427540,0.377120,0.000000,0.002150,
demo.22.ground.smt2,,1,4,unsat,1.277620,0.013820,0.310580,0.422450,0.394170,0.000000,0.002170,
demo.22.ground.smt2,,2,0,unsat,1.104368,0.013820,0.312860,0.400400,0.236770,0.000000,0.006790,
demo.22.ground.smt2,,2,1,unsat,1.136807,0.013220,0.321260,0.420560,0.239380,0.000000,0.007810,
demo.22.ground.smt2,,2,2,unsat,1.073607,0.013940,0.315250,0.379440,0.224940,0.000000,0.007310,
demo.22.ground.smt2,,2,3,unsat,1.082387,0.013750,0.307990,0.397670,0.223040,0.000000,0.006530,
demo.22.ground.smt2,,2,4,unsat,1.082892,0.013630,0.314180,0.391310,0.223720,0.000000,0.006860,
demo.22.ground.smt2,,4,0,unsat,0.981937,0.014480,0.310030,0.382260,0.133640,0.000000,0.009170,
demo.22.ground.smt2,,4,1,unsat,0.996210,0.014030,0.318280,0.382400,0.137620,0.000000,0.009330,
demo.22.ground.smt2,,4,2,unsat,0.990721,0.014440,0.319810,0.371750,0.141150,0.000000,0.009310,
demo.22.ground.smt2,,4,3,unsat,0.972121,0.015530,0.310330,0.365580,0.140390,0.000000,0.009070,
demo.22.ground.smt2,,4,4,unsat,0.958654,0.014770,0.311490,0.364610,0.129310,0.000000,0.007960,
demo.22.ground.smt2,,8,0,unsat,0.904475,0.012790,0.316900,0.351380,0.085220,0.000000,0.009060,
demo.22.ground.smt2,,8,1,unsat,0.909187,0.014900,0.313700,0.353400,0.086910,0.000000,0.010070,
demo.22.ground.smt2,,8,2,unsat,0.910213,0.014380,0.314920,0.350660,0.087690,0.000000,0.009580,
demo.22.ground.smt2,,8,3,unsat,0.909083,0.014210,0.310310,0.357480,0.085710,0.000000,0.009920,
demo.22.ground.smt2,,8,4,unsat,0.920237,0.013640,0.317570,0.358140,0.087150,0.000000,0.009820,
demo.22.ground.smt2,,16,0,unsat,0.892415,0.014280,0.311570,0.367530,0.061140,0.000000,0.009130,
demo.22.ground.smt2,,16,1,unsat,0.883163,0.014200,0.312590,0.356820,0.061180,0.000000,0.009580,
demo.22.ground.smt2,,16,2,unsat,0.901255,0.013660,0.317140,0.364820,0.066030,0.000000,0.010160,
demo.22.ground.smt2,,16,3,unsat,0.893396,0.014170,0.316310,0.357150,0.064850,0.000000,0.010670,
demo.22.ground.smt2,,16,4,unsat,0.882935,0.014180,0.313240,0.355950,0.061350,0.000000,0.009320,
demo.22.ground.smt2,,32,0,unsat,0.904770,0.014820,0.311670,0.382420,0.052970,0.000000,0.010110,
demo.22.ground.smt2,,32,1,unsat,0.904641,0.015100,0.311990,0.385290,0.052500,0.000000,0.009930,
demo.22.ground.smt2,,32,2,unsat,0.880170,0.014350,0.309250,0.364030,0.052190,0.000000,0.009890,
demo.22.ground.smt2,,32,3,unsat,0.884284,0.014310,0.314440,0.361760,0.052700,0.000000,0.010870,
demo.22.ground.smt2,,32,4,unsat,0.903922,0.014470,0.312590,0.378190,0.053400,0.000000,0.010370,
demo.22.ground.smt2,,64,0,unsat,1.004130,0.015980,0.316740,0.446390,0.061240,0.000000,0.013570,
demo.22.ground.smt2,,64,1,unsat,0.983759,0.016390,0.314610,0.428720,0.061250,0.000000,0.014320,
demo.22.ground.smt2,,64,2,unsat,1.002897,0.016420,0.311540,0.452840,0.058330,0.000000,0.014250,
demo.22.ground.smt2,,64,3,unsat,1.015790,0.015640,0.317310,0.462190,0.056740,0.000000,0.013390,
demo.22.ground.smt2,,64,4,unsat,1.008103,0.015310,0.311360,0.457000,0.059550,0.000000,0.014050,
demo.22.ground.smt2,,128,0,unsat,1.152907,0.016230,0.318230,0.521680,0.115640,0.000000,0.015400,
demo.22.ground.smt2,,128,1,unsat,1.224671,0.015840,0.314440,0.524380,0.190860,0.000000,0.017290,
demo.22.ground.smt2,,128,2,unsat,1.168532,0.016780,0.315350,0.538060,0.118360,0.000000,0.015110,
demo.22.ground.smt2,,128,3,unsat,1.128595,0.017180,0.316250,0.526300,0.087540,0.000000,0.015180,
demo.22.ground.smt2,,128,4,unsat,1.164170,0.016790,0.320540,0.517210,0.125160,0.000000,0.015870,
demo.23.ground.smt2,,1,0,unsat,1.255251,0.013840,0.272030,0.403340,0.447130,0.000000,0.002060,
demo.23.ground.smt2,,1,1,unsat,1.129410,0.013070,0.266940,0.359510,0.372580,0.000000,0.002000,
demo.23.ground.smt2,,1,2,unsat,1.222510,0.013080,0.267980,0.377080,0.447600,0.000000,0.002110,
demo.23.ground.smt2,,1,3,unsat,1.082400,0.012520,0.264030,0.332220,0.361640,0.000000,0.001940,
demo.23.ground.smt2,,1,4,unsat,1.142409,0.012650,0.265130,0.363740,0.386240,0.000000,0.001950,
demo.23.ground.smt2,,2,0,unsat,0.994554,0.012950,0.267040,0.345120,0.248940,0.000000,0.007440,
demo.23.ground.smt2,,2,1,unsat,0.964154,0.012510,0.259940,0.335930,0.235040,0.000000,0.007280,
demo.23.ground.smt2,,2,2,unsat,0.985968,0.012460,0.263100,0.347860,0.240020,0.000000,0.007110,
demo.23.ground.smt2,,2,3,unsat,0.977500,0.012620,0.266830,0.327810,0.248780,0.000000,0.007240,
demo.23.ground.smt2,,2,4,unsat,0.963411,0.013000,0.264520,0.316890,0.247160,0.000000,0.008450,
demo.23.ground.smt2,,4,0,unsat,0.858346,0.012860,0.261620,0.330030,0.131480,0.000000,0.008880,
demo.23.ground.smt2,,4,1,unsat,0.835249,0.012520,0.261280,0.309330,0.131500,0.000000,0.008390,
demo.23.ground.smt2,,4,2,unsat,0.852529,0.012220,0.261480,0.312510,0.144730,0.000000,0.008750,
demo.23.ground.smt2,,4,3,unsat,0.844331,0.012710,0.266820,0.313900,0.130420,0.000000,0.008540,
demo.23.ground.smt2,,4,4,unsat,0.893405,0.013570,0.264360,0.343110,0.147270,0.000000,0.009160,
demo.23.ground.smt2,,8,0,unsat,0.804191,0.013110,0.265370,0.317620,0.084020,0.000000,0.008340,
demo.23.ground.smt2,,8,1,unsat,0.768748,0.012620,0.261140,0.293310,0.083150,0.000000,0.008330,
demo.23.ground.smt2,,8,2,unsat,0.794621,0.012100,0.263230,0.318130,0.079520,0.000000,0.009280,
demo.23.ground.smt2,,8,3,unsat,0.779466,0.012930,0.262620,0.298510,0.084510,0.000000,0.009270,
demo.23.ground.smt2,,8,4,unsat,0.778428,0.012460,0.261710,0.298560,0.085780,0.000000,0.008950,
demo.23.ground.smt2,,16,0,unsat,0.768233,0.013330,0.264230,0.309430,0.058920,0.000000,0.008750,
demo.23.ground.smt2,,16,1,unsat,0.773398,0.012570,0.264290,0.315670,0.057210,0.000000,0.009760,
demo.23.ground.smt2,,16,2,unsat,0.794914,0.011880,0.263440,0.334790,0.060520,0.000000,0.008620,
demo.23.ground.smt2,,16,3,unsat,0.756981,0.012510,0.265290,0.301870,0.056590,0.000000,0.009610,
demo.23.ground.smt2,,16,4,unsat,0.770666,0.012460,0.264540,0.313430,0.058530,0.000000,0.009710,
demo.23.ground.smt2,,32,0,unsat,0.781304,0.013040,0.265940,0.324390,0.051600,0.000000,0.010010,
demo.23.ground.smt2,,32,1,unsat,0.759648,0.013030,0.261240,0.309860,0.049550,0.000000,0.010190,
demo.23.ground.smt2,,32,2,unsat,0.754759,0.013220,0.260620,0.307580,0.047390,0.000000,0.009950,
demo.23.ground.smt2,,32,3,unsat,0.773600,0.013330,0.262970,0.315680,0.054420,0.000000,0.009980,
demo.23.ground.smt2,,32,4,unsat,0.772471,0.013090,0.264180,0.324780,0.045390,0.000000,0.009310,
demo.23.ground.smt2,,64,0,unsat,0.816147,0.012860,0.259780,0.350280,0.058540,0.000000,0.011560,
demo.23.ground.smt2,,64,1,unsat,0.795257,0.012720,0.265380,0.332080,0.048580,0.000000,0.012130,
demo.23.ground.smt2,,64,2,unsat,0.819805,0.012680,0.262380,0.356770,0.049900,0.000000,0.012180,
demo.23.ground.smt2,,64,3,unsat,0.812541,0.013170,0.261120,0.348760,0.053590,0.000000,0.011230,
demo.23.ground.smt2,,64,4,unsat,0.832749,0.013850,0.263240,0.358410,0.057230,0.000000,0.012010,
demo.23.ground.smt2,,128,0,unsat,0.997948,0.014110,0.262880,0.418200,0.139360,0.000000,0.015450,
demo.23.ground.smt2,,128,1,unsat,0.984830,0.014170,0.267210,0.434260,0.104540,0.000000,0.015310,
demo.23.ground.smt2,,128,2,unsat,0.994076,0.014650,0.268220,0.439360,0.106240,0.000000,0.015670,
demo.23.ground.smt2,,128,3,unsat,1.016137,0.013980,0.264650,0.464400,0.107860,0.000000,0.015360,
demo.23.ground.smt2,,128,4,unsat,1.004554,0.013270,0.269350,0.445790,0.111120,0.000000,0.015750,
demo.24.ground.smt2,,1,0,unsat,0.569418,0.008120,0.158770,0.193470,0.151570,0.000000,0.001190,
demo.24.ground.smt2,,1,1,unsat,0.581478,0.007640,0.157540,0.194680,0.163630,0.000000,0.001180,
demo.24.ground.smt2,,1,2,unsat,0.584429,0.008070,0.159370,0.202870,0.155890,0.000000,0.001200,
demo.24.ground.smt2,,1,3,unsat,0.594948,0.007390,0.159370,0.205990,0.163760,0.000000,0.001180,
demo.24.ground.smt2,,1,4,unsat,0.601399,0.007010,0.160950,0.206830,0.168560,0.000000,0.001220,
demo.24.ground.smt2,,2,0,unsat,0.557059,0.007870,0.159300,0.210690,0.115830,0.000000,0.005630,
demo.24.ground.smt2,,2,1,unsat,0.535147,0.006940,0.156370,0.193980,0.114580,0.000000,0.005600,
demo.24.ground.smt2,,2,2,unsat,0.547650,0.007360,0.160000,0.197690,0.118900,0.000000,0.005780,
demo.24.ground.smt2,,2,3,unsat,0.550931,0.007640,0.160130,0.199070,0.120690,0.000000,0.005710,
demo.24.ground.smt2,,2,4,unsat,0.544061,0.007320,0.159860,0.193050,0.119770,0.000000,0.005660,
demo.24.ground.smt2,,4,0,unsat,0.512911,0.007520,0.158660,0.195990,0.085170,0.000000,0.005550,
demo.24.ground.smt2,,4,1,unsat,0.507854,0.006820,0.159690,0.192030,0.085150,0.000000,0.005610,
demo.24.ground.smt2,,4,2,unsat,0.507762,0.007180,0.161520,0.192530,0.083840,0.000000,0.005210,
demo.24.ground.smt2,,4,3,unsat,0.503221,0.006810,0.159400,0.188370,0.085450,0.000000,0.005670,
demo.24.ground.smt2,,4,4,unsat,0.506017,0.007000,0.159360,0.191710,0.084410,0.000000,0.005590,
demo.24.ground.smt2,,8,0,unsat,0.485553,0.007790,0.157700,0.184990,0.069680,0.000000,0.005980,
demo.24.ground.smt2,,8,1,unsat,0.496288,0.007390,0.159290,0.195400,0.068950,0.000000,0.005990,
demo.24.ground.smt2,,8,2,unsat,0.493085,0.007790,0.158410,0.192930,0.067580,0.000000,0.005690,
demo.24.ground.smt2,,8,3,unsat,0.485493,0.007730,0.158870,0.188230,0.065520,0.000000,0.005780,
demo.24.ground.smt2,,8,4,unsat,0.494200,0.007850,0.158180,0.194640,0.068680,0.000000,0.005890,
demo.24.ground.smt2,,16,0,unsat,0.487995,0.008150,0.159850,0.192650,0.059590,0.000000,0.006760,
demo.24.ground.smt2,,16,1,unsat,0.495866,0.007910,0.159000,0.201820,0.059670,0.000000,0.006660,
demo.24.ground.smt2,,16,2,unsat,0.494201,0.008220,0.159680,0.198000,0.061100,0.000000,0.006620,
demo.24.ground.smt2,,16,3,unsat,0.496842,0.008070,0.160350,0.197880,0.061450,0.000000,0.006360,
demo.24.ground.smt2,,16,4,unsat,0.483195,0.007400,0.158440,0.189680,0.060510,0.000000,0.006250,
demo.24.ground.smt2,,32,0,unsat,0.485837,0.008550,0.154640,0.191080,0.060910,0.000000,0.007030,
demo.24.ground.smt2,,32,1,unsat,0.487897,0.008360,0.157500,0.191810,0.059760,0.000000,0.006690,
demo.24.ground.smt2,,32,2,unsat,0.491396,0.007690,0.157330,0.197780,0.057010,0.000000,0.006900,
demo.24.ground.smt2,,32,3,unsat,0.490806,0.007200,0.158610,0.194910,0.057940,0.000000,0.007060,
demo.24.ground.smt2,,32,4,unsat,0.504632,0.007970,0.156930,0.206280,0.061110,0.000000,0.007040,
demo.24.ground.smt2,,64,0,unsat,0.525657,0.007730,0.157940,0.207780,0.071630,0.000000,0.008270,
demo.24.ground.smt2,,64,1,unsat,0.532925,0.007960,0.158000,0.219070,0.067010,0.000000,0.008230,
demo.24.ground.smt2,,64,2,unsat,0.573613,0.008500,0.160630,0.247820,0.071090,0.000000,0.007780,
demo.24.ground.smt2,,64,3,unsat,0.547236,0.008150,0.159950,0.225550,0.068840,0.000000,0.008480,
demo.24.ground.smt2,,64,4,unsat,0.533446,0.007780,0.156800,0.214960,0.068820,0.000000,0.008770,
demo.24.ground.smt2,,128,0,unsat,0.704155,0.009200,0.158690,0.271880,0.161140,0.000000,0.010620,
demo.24.ground.smt2,,128,1,unsat,0.661384,0.008010,0.159920,0.259660,0.132880,0.000000,0.009370,
demo.24.ground.smt2,,128,2,unsat,0.643960,0.008340,0.159260,0.258960,0.114750,0.000000,0.009480,
demo.24.ground.smt2,,128,3,unsat,0.723768,0.007170,0.159760,0.259910,0.194360,0.000000,0.009780,
demo.24.ground.smt2,,128,4,unsat,0.661426,0.008110,0.160430,0.270740,0.120480,0.000000,0.009750,
demo.25.ground.smt2,,1,0,unsat,1.705321,0.022310,0.415040,0.649290,0.445610,0.000000,0.002240,
demo.25.ground.smt2,,1,1,unsat,1.597298,0.019890,0.398130,0.591570,0.420260,0.000000,0.002090,
demo.25.ground.smt2,,1,2,unsat,1.553338,0.019790,0.402740,0.576850,0.388350,0.000000,0.002110,
demo.25.ground.smt2,,1,3,unsat,1.545262,0.018870,0.407580,0.559340,0.395230,0.000000,0.002190,
demo.25.ground.smt2,,1,4,unsat,1.545997,0.020050,0.403210,0.549430,0.407390,0.000000,0.002160,
demo.25.ground.smt2,,2,0,unsat,1.373769,0.019840,0.403420,0.522540,0.253250,0.000000,0.007280,
demo.25.ground.smt2,,2,1,unsat,1.376600,0.019290,0.408220,0.512260,0.261630,0.000000,0.007390,
demo.25.ground.smt2,,2,2,unsat,1.385825,0.018450,0.402580,0.519880,0.271010,0.000000,0.008060,
demo.25.ground.smt2,,2,3,unsat,1.328857,0.019780,0.398990,0.493020,0.247510,0.000000,0.006840,
demo.25.ground.smt2,,2,4,unsat,1.318366,0.018670,0.400320,0.481220,0.248670,0.000000,0.006810,
demo.25.ground.smt2,,4,0,unsat,1.233261,0.021130,0.397280,0.479890,0.163340,0.000000,0.009000,
demo.25.ground.smt2,,4,1,unsat,1.218981,0.020320,0.403360,0.459320,0.162520,0.000000,0.008950,
demo.25.ground.smt2,,4,2,unsat,1.232339,0.020830,0.407810,0.467930,0.162110,0.000000,0.009070,
demo.25.ground.smt2,,4,3,unsat,1.216310,0.020060,0.400390,0.454640,0.166190,0.000000,0.009200,
demo.25.ground.smt2,,4,4,unsat,1.220501,0.019570,0.403980,0.464170,0.159440,0.000000,0.009490,
demo.25.ground.smt2,,8,0,unsat,1.134805,0.019250,0.399800,0.442180,0.104470,0.000000,0.009150,
demo.25.ground.smt2,,8,1,unsat,1.141305,0.019220,0.401870,0.448380,0.103410,0.000000,0.009450,
demo.25.ground.smt2,,8,2,unsat,1.126231,0.019790,0.397190,0.435380,0.102430,0.000000,0.010310,
demo.25.ground.smt2,,8,3,unsat,1.126286,0.019860,0.399500,0.430340,0.106130,0.000000,0.009110,
demo.25.ground.smt2,,8,4,unsat,1.135513,0.019900,0.400320,0.434860,0.108160,0.000000,0.010170,
demo.25.ground.smt2,,16,0,unsat,1.107040,0.019390,0.399120,0.438800,0.079350,0.000000,0.009160,
demo.25.ground.smt2,,16,1,unsat,1.109198,0.020840,0.402180,0.437420,0.078220,0.000000,0.009810,
demo.25.ground.smt2,,16,2,unsat,1.103995,0.019400,0.397590,0.438870,0.082370,0.000000,0.009760,
demo.25.ground.smt2,,16,3,unsat,1.118182,0.020020,0.395390,0.451890,0.080160,0.000000,0.010230,
demo.25.ground.smt2,,16,4,unsat,1.096806,0.019260,0.394750,0.435190,0.079340,0.000000,0.009280,
demo.25.ground.smt2,,32,0,unsat,1.139224,0.020930,0.404690,0.475660,0.064560,0.000000,0.010190,
demo.25.ground.smt2,,32,1,unsat,1.116220,0.021070,0.397970,0.460660,0.065750,0.000000,0.010170,
demo.25.ground.smt2,,32,2,unsat,1.127978,0.021290,0.396840,0.462940,0.072210,0.000000,0.010590,
demo.25.ground.smt2,,32,3,unsat,1.118233,0.021690,0.398580,0.462380,0.063250,0.000000,0.009840,
demo.25.ground.smt2,,32,4,unsat,1.118422,0.020690,0.397790,0.462500,0.064110,0.000000,0.009930,
demo.25.ground.smt2,,64,0,unsat,1.145184,0.020880,0.395670,0.483850,0.067250,0.000000,0.010480,
demo.25.ground.smt2,,64,1,unsat,1.160535,0.020490,0.394870,0.491410,0.070390,0.000000,0.013490,
demo.25.ground.smt2,,64,2,unsat,1.151649,0.022340,0.401850,0.473980,0.071990,0.000000,0.011810,
demo.25.ground.smt2,,64,3,unsat,1.171371,0.020780,0.405340,0.485180,0.071030,0.000000,0.012170,
demo.25.ground.smt2,,64,4,unsat,1.190823,0.022490,0.405350,0.502560,0.071790,0.000000,0.011970,
demo.25.ground.smt2,,128,0,unsat,1.373029,0.023490,0.403310,0.611060,0.123080,0.000000,0.016560,
demo.25.ground.smt2,,128,1,unsat,1.423034,0.020660,0.406580,0.648320,0.135960,0.000000,0.018240,
demo.25.ground.smt2,,128,2,unsat,1.443105,0.022170,0.406350,0.656630,0.145030,0.000000,0.018360,
demo.25.ground.smt2,,128,3,unsat,1.426158,0.021030,0.408030,0.646210,0.142240,0.000000,0.016380,
demo.25.ground.smt2,,128,4,unsat,1.454799,0.023140,0.408560,0.611490,0.194650,0.000000,0.022610,
demo.26.ground.smt2,,1,0,unsat,1.598663,0.021630,0.355900,0.489820,0.594560,0.000000,0.002520,
demo.26.ground.smt2,,1,1,unsat,1.552969,0.020960,0.348190,0.456600,0.591450,0.000000,0.002390,
demo.26.ground.smt2,,1,2,unsat,1.568161,0.021240,0.349200,0.459600,0.601340,0.000000,0.002310,
demo.26.ground.smt2,,1,3,unsat,1.489931,0.019030,0.353240,0.441920,0.539900,0.000000,0.002290,
demo.26.ground.smt2,,1,4,unsat,1.498516,0.019730,0.347860,0.410110,0.586990,0.000000,0.002180,
demo.26.ground.smt2,,2,0,unsat,1.246436,0.019200,0.351640,0.404990,0.326090,0.000000,0.006710,
demo.26.ground.smt2,,2,1,unsat,1.258572,0.019440,0.350370,0.414660,0.329160,0.000000,0.007520,
demo.26.ground.smt2,,2,2,unsat,1.210592,0.019210,0.352190,0.400220,0.297690,0.000000,0.006820,
demo.26.ground.smt2,,2,3,unsat,1.216611,0.018990,0.354570,0.390790,0.312800,0.000000,0.006840,
demo.26.ground.smt2,,2,4,unsat,1.195757,0.019190,0.348960,0.389730,0.295760,0.000000,0.007240,
demo.26.ground.smt2,,4,0,unsat,1.100767,0.021420,0.349840,0.400500,0.180860,0.000000,0.008640,
demo.26.ground.smt2,,4,1,unsat,1.073609,0.019970,0.348540,0.384260,0.177640,0.000000,0.009390,
demo.26.ground.smt2,,4,2,unsat,1.083341,0.019890,0.355260,0.394740,0.173000,0.000000,0.009200,
demo.26.ground.smt2,,4,3,unsat,1.075124,0.019680,0.351370,0.379120,0.182930,0.000000,0.009000,
demo.26.ground.smt2,,4,4,unsat,1.062386,0.020400,0.345230,0.382180,0.173260,0.000000,0.008870,
demo.26.ground.smt2,,8,0,unsat,0.996032,0.019500,0.347760,0.375040,0.112240,0.000000,0.009090,
demo.26.ground.smt2,,8,1,unsat,1.012759,0.019360,0.350380,0.395940,0.104470,0.000000,0.009380,
demo.26.ground.smt2,,8,2,unsat,1.000427,0.019170,0.352280,0.378510,0.111160,0.000000,0.008420,
demo.26.ground.smt2,,8,3,unsat,1.008111,0.020110,0.347100,0.386040,0.112050,0.000000,0.009080,
demo.26.ground.smt2,,8,4,unsat,0.996068,0.019540,0.348640,0.376190,0.109820,0.000000,0.009040,
demo.26.ground.smt2,,16,0,unsat,0.957638,0.019550,0.346820,0.373100,0.079080,0.000000,0.009140,
demo.26.ground.smt2,,16,1,unsat,0.968505,0.019800,0.349450,0.379600,0.081970,0.000000,0.009570,
demo.26.ground.smt2,,16,2,unsat,0.972431,0.020090,0.344070,0.378660,0.087670,0.000000,0.010240,
demo.26.ground.smt2,,16,3,unsat,0.976171,0.020960,0.352970,0.383470,0.078280,0.000000,0.009680,
demo.26.ground.smt2,,16,4,unsat,0.969112,0.019730,0.346280,0.382310,0.078560,0.000000,0.010160,
demo.26.ground.smt2,,32,0,unsat,0.982518,0.019120,0.348440,0.408010,0.060880,0.000000,0.010000,
demo.26.ground.smt2,,32,1,unsat,0.985771,0.020710,0.356090,0.405380,0.059970,0.000000,0.009960,
demo.26.ground.smt2,,32,2,unsat,0.998491,0.019870,0.354320,0.410410,0.065880,0.000000,0.010160,
demo.26.ground.smt2,,32,3,unsat,0.995042,0.020630,0.358440,0.399580,0.067710,0.000000,0.010110,
demo.26.ground.smt2,,32,4,unsat,0.994148,0.021150,0.348130,0.410740,0.069560,0.000000,0.010450,
demo.26.ground.smt2,,64,0,unsat,1.022517,0.021060,0.352910,0.422830,0.064490,0.000000,0.012380,
demo.26.ground.smt2,,64,1,unsat,1.011829,0.022180,0.357630,0.408670,0.065830,0.000000,0.010880,
demo.26.ground.smt2,,64,2,unsat,1.062398,0.020900,0.355720,0.456100,0.065320,0.000000,0.014420,
demo.26.ground.smt2,,64,3,unsat,1.077700,0.022310,0.349810,0.470730,0.066410,0.000000,0.012100,
demo.26.ground.smt2,,64,4,unsat,1.044453,0.021470,0.350940,0.440770,0.063090,0.000000,0.011880,
demo.26.ground.smt2,,128,0,unsat,1.192939,0.022840,0.354600,0.529510,0.106610,0.000000,0.014960,
demo.26.ground.smt2,,128,1,unsat,1.295055,0.022000,0.353090,0.573870,0.162090,0.000000,0.017050,
demo.26.ground.smt2,,128,2,unsat,1.231544,0.022850,0.350870,0.557000,0.117560,0.000000,0.014820,
demo.26.ground.smt2,,128,3,unsat,1.220897,0.021930,0.351130,0.540110,0.121650,0.000000,0.015100,
demo.26.ground.smt2,,128,4,unsat,1.228416,0.022210,0.368090,0.542400,0.103040,0.000000,0.015780,
demo.27.ground.smt2,,1,0,unsat,1.642554,0.015960,0.337040,0.525190,0.603270,0.000000,0.002200,
demo.27.ground.smt2,,1,1,unsat,1.501306,0.014280,0.326340,0.460670,0.544900,0.000000,0.002150,
demo.27.ground.smt2,,1,2,unsat,1.598486,0.013670,0.330890,0.469270,0.629800,0.000000,0.002370,
demo.27.ground.smt2,,1,3,unsat,1.563337,0.014290,0.334860,0.498940,0.558370,0.000000,0.002200,
demo.27.ground.smt2,,1,4,unsat,1.607451,0.013350,0.330120,0.434970,0.679940,0.000000,0.002400,
demo.27.ground.smt2,,2,0,unsat,1.246789,0.013910,0.328460,0.414590,0.330610,0.000000,0.007000,
demo.27.ground.smt2,,2,1,unsat,1.303370,0.013700,0.335140,0.446710,0.346120,0.000000,0.007250,
demo.27.ground.smt2,,2,2,unsat,1.278861,0.013940,0.333990,0.407850,0.364430,0.000000,0.007380,
demo.27.ground.smt2,,2,3,unsat,1.233832,0.013400,0.332320,0.397480,0.336720,0.000000,0.006690,
demo.27.ground.smt2,,2,4,unsat,1.233216,0.013340,0.327200,0.401140,0.336560,0.000000,0.006740,
demo.27.ground.smt2,,4,0,unsat,1.115796,0.015220,0.326590,0.410470,0.208710,0.000000,0.008570,
demo.27.ground.smt2,,4,1,unsat,1.098160,0.015050,0.326060,0.389730,0.209820,0.000000,0.008800,
demo.27.ground.smt2,,4,2,unsat,1.097844,0.014870,0.327180,0.391340,0.205360,0.000000,0.009410,
demo.27.ground.smt2,,4,3,unsat,1.109036,0.014960,0.331620,0.396090,0.207520,0.000000,0.009690,
demo.27.ground.smt2,,4,4,unsat,1.111458,0.013980,0.334120,0.404620,0.201010,0.000000,0.010050,
demo.27.ground.smt2,,8,0,unsat,1.002583,0.014210,0.330020,0.387620,0.118640,0.000000,0.009150,
demo.27.ground.smt2,,8,1,unsat,1.006983,0.014190,0.334360,0.376240,0.127080,0.000000,0.010270,
demo.27.ground.smt2,,8,2,unsat,0.988473,0.015150,0.324040,0.369680,0.126290,0.000000,0.009880,
demo.27.ground.smt2,,8,3,unsat,1.010638,0.013970,0.329140,0.392320,0.119360,0.000000,0.009690,
demo.27.ground.smt2,,8,4,unsat,1.001919,0.013970,0.329290,0.375350,0.126680,0.000000,0.009610,
demo.27.ground.smt2,,16,0,unsat,0.965912,0.014340,0.329930,0.374960,0.092930,0.000000,0.009100,
demo.27.ground.smt2,,16,1,unsat,0.981565,0.015380,0.327260,0.393260,0.092000,0.000000,0.009120,
demo.27.ground.smt2,,16,2,unsat,0.973288,0.015550,0.327630,0.391770,0.085690,0.000000,0.010030,
demo.27.ground.smt2,,16,3,unsat,0.976351,0.014420,0.328860,0.388090,0.091590,0.000000,0.009340,
demo.27.ground.smt2,,16,4,unsat,0.972265,0.015750,0.327530,0.387730,0.091640,0.000000,0.008980,
demo.27.ground.smt2,,32,0,unsat,0.981215,0.015670,0.327190,0.399900,0.077940,0.000000,0.010120,
demo.27.ground.smt2,,32,1,unsat,0.992734,0.015350,0.330780,0.406330,0.077560,0.000000,0.010130,
demo.27.ground.smt2,,32,2,unsat,0.989788,0.015520,0.333610,0.404610,0.077680,0.000000,0.010380,
demo.27.ground.smt2,,32,3,unsat,0.990514,0.016260,0.326540,0.420430,0.071290,0.000000,0.010460,
demo.27.ground.smt2,,32,4,unsat,0.960768,0.015700,0.322150,0.385110,0.078850,0.000000,0.010590,
demo.27.ground.smt2,,64,0,unsat,1.009674,0.015110,0.334230,0.416580,0.078140,0.000000,0.011970,
demo.27.ground.smt2,,64,1,unsat,1.030858,0.015540,0.331730,0.438200,0.073790,0.000000,0.013500,
demo.27.ground.smt2,,64,2,unsat,1.021129,0.017130,0.326950,0.420070,0.083340,0.000000,0.012850,
demo.27.ground.smt2,,64,3,unsat,1.060957,0.015890,0.333410,0.462530,0.076770,0.000000,0.011600,
demo.27.ground.smt2,,64,4,unsat,1.046691,0.015710,0.326210,0.439450,0.087540,0.000000,0.014190,
demo.27.ground.smt2,,128,0,unsat,1.225731,0.016910,0.336510,0.520790,0.152530,0.000000,0.016100,
demo.27.ground.smt2,,128,1,unsat,1.172504,0.015250,0.332580,0.504670,0.125650,0.000000,0.014800,
demo.27.ground.smt2,,128,2,unsat,1.216415,0.016500,0.330610,0.552570,0.117200,0.000000,0.015080,
demo.27.ground.smt2,,128,3,unsat,1.227120,0.016570,0.330600,0.525300,0.169110,0.000000,0.014350,
demo.27.ground.smt2,,128,4,unsat,1.220682,0.015680,0.336420,0.533910,0.142070,0.000000,0.015110,
demo.28.ground.smt2,,1,0,unsat,1.200088,0.012240,0.268090,0.388060,0.414700,0.000000,0.002030,
demo.28.ground.smt2,,1,1,unsat,1.156091,0.011780,0.262460,0.366000,0.402760,0.000000,0.002030,
demo.28.ground.smt2,,1,2,unsat,1.136951,0.012090,0.263000,0.347280,0.403030,0.000000,0.002070,
demo.28.ground.smt2,,1,3,unsat,1.181427,0.011990,0.264950,0.380560,0.410460,0.000000,0.001940,
demo.28.ground.smt2,,1,4,unsat,1.161072,0.010880,0.266740,0.357990,0.414130,0.000000,0.002020,
demo.28.ground.smt2,,2,0,unsat,0.983041,0.011520,0.268090,0.345490,0.235050,0.000000,0.007490,
demo.28.ground.smt2,,2,1,unsat,0.958813,0.011920,0.265740,0.332770,0.226760,0.000000,0.007380,
demo.28.ground.smt2,,2,2,unsat,0.950516,0.011590,0.266720,0.309940,0.240520,0.000000,0.008050,
demo.28.ground.smt2,,2,3,unsat,0.964390,0.011350,0.259150,0.334890,0.239810,0.000000,0.007050,
demo.28.ground.smt2,,2,4,unsat,0.946394,0.010640,0.260960,0.327840,0.231310,0.000000,0.007450,
demo.28.ground.smt2,,4,0,unsat,0.847028,0.011820,0.262810,0.318940,0.134130,0.000000,0.007940,
demo.28.ground.smt2,,4,1,unsat,0.829122,0.010960,0.262300,0.300200,0.135570,0.000000,0.008350,
demo.28.ground.smt2,,4,2,unsat,0.831285,0.011760,0.261550,0.294790,0.146260,0.000000,0.008560,
demo.28.ground.smt2,,4,3,unsat,0.868488,0.011340,0.264590,0.322320,0.147460,0.000000,0.008770,
demo.28.ground.smt2,,4,4,unsat,0.846602,0.011750,0.264140,0.306880,0.144800,0.000000,0.008570,
demo.28.ground.smt2,,8,0,unsat,0.803316,0.011990,0.263590,0.325880,0.084550,0.000000,0.008450,
demo.28.ground.smt2,,8,1,unsat,0.781300,0.011870,0.262440,0.303500,0.086550,0.000000,0.008090,
demo.28.ground.smt2,,8,2,unsat,0.799646,0.011800,0.260830,0.321600,0.085830,0.000000,0.008890,
demo.28.ground.smt2,,8,3,unsat,0.790826,0.012670,0.262520,0.306950,0.085580,0.000000,0.009210,
demo.28.ground.smt2,,8,4,unsat,0.773409,0.012140,0.263160,0.296480,0.083620,0.000000,0.008090,
demo.28.ground.smt2,,16,0,unsat,0.748527,0.012110,0.260720,0.302430,0.057490,0.000000,0.008440,
demo.28.ground.smt2,,16,1,unsat,0.760924,0.011770,0.265370,0.306670,0.061170,0.000000,0.008800,
demo.28.ground.smt2,,16,2,unsat,0.764434,0.011930,0.259840,0.313260,0.058140,0.000000,0.009760,
demo.28.ground.smt2,,16,3,unsat,0.760911,0.012010,0.261620,0.309750,0.058640,0.000000,0.008870,
demo.28.ground.smt2,,16,4,unsat,0.781303,0.012330,0.267350,0.324500,0.055880,0.000000,0.009860,
demo.28.ground.smt2,,32,0,unsat,0.764228,0.012280,0.263630,0.318440,0.048800,0.000000,0.010100,
demo.28.ground.smt2,,32,1,unsat,0.764527,0.011710,0.265110,0.313070,0.053230,0.000000,0.010380,
demo.28.ground.smt2,,32,2,unsat,0.766546,0.011490,0.261880,0.318880,0.053190,0.000000,0.010100,
demo.28.ground.smt2,,32,3,unsat,0.798212,0.012340,0.263900,0.351340,0.048580,0.000000,0.009940,
demo.28.ground.smt2,,32,4,unsat,0.807091,0.012710,0.262470,0.357190,0.050440,0.000000,0.010140,
demo.28.ground.smt2,,64,0,unsat,0.802573,0.012350,0.262190,0.349020,0.047360,0.000000,0.012310,
demo.28.ground.smt2,,64,1,unsat,0.803313,0.011650,0.261880,0.338200,0.059680,0.000000,0.013450,
demo.28.ground.smt2,,64,2,unsat,0.841950,0.012390,0.260130,0.378490,0.055390,0.000000,0.012780,
demo.28.ground.smt2,,64,3,unsat,0.854269,0.013250,0.267370,0.378160,0.060590,0.000000,0.012160,
demo.28.ground.smt2,,64,4,unsat,0.854071,0.012670,0.263350,0.386430,0.056590,0.000000,0.013160,
demo.28.ground.smt2,,128,0,unsat,0.987045,0.014000,0.264440,0.446920,0.104550,0.000000,0.013880,
demo.28.ground.smt2,,128,1,unsat,0.997702,0.013590,0.266090,0.457040,0.099330,0.000000,0.013870,
demo.28.ground.smt2,,128,2,unsat,0.970823,0.013830,0.269040,0.433560,0.096730,0.000000,0.014100,
demo.28.ground.smt2,,128,3,unsat,1.002889,0.012740,0.264520,0.451470,0.112350,0.000000,0.014350,
demo.28.ground.smt2,,128,4,unsat,0.995767,0.013560,0.268170,0.452050,0.103010,0.000000,0.013650,
demo.29.ground.smt2,,1,0,unsat,2.051661,0.025050,0.480660,0.593730,0.775320,0.000000,0.002730,
demo.29.ground.smt2,,1,1,unsat,1.955330,0.024160,0.479940,0.604470,0.665040,0.000000,0.002580,
demo.29.ground.smt2,,1,2,unsat,1.957430,0.023730,0.477740,0.571250,0.704190,0.000000,0.002670,
demo.29.ground.smt2,,1,3,unsat,1.882636,0.023580,0.477950,0.559890,0.643360,0.000000,0.002410,
demo.29.ground.smt2,,1,4,unsat,1.894738,0.021640,0.466950,0.556810,0.677640,0.000000,0.002410,
demo.29.ground.smt2,,2,0,unsat,1.586247,0.022420,0.465560,0.528700,0.391140,0.000000,0.007330,
demo.29.ground.smt2,,2,1,unsat,1.595432,0.023160,0.474700,0.520620,0.400570,0.000000,0.007910,
demo.29.ground.smt2,,2,2,unsat,1.588872,0.021770,0.472610,0.519400,0.394230,0.000000,0.007240,
demo.29.ground.smt2,,2,3,unsat,1.588502,0.023000,0.467890,0.514610,0.400750,0.000000,0.007570,
demo.29.ground.smt2,,2,4,unsat,1.602498,0.023040,0.480570,0.538020,0.381550,0.000000,0.007870,
demo.29.ground.smt2,,4,0,unsat,1.390358,0.023910,0.468140,0.499430,0.220340,0.000000,0.009600,
demo.29.ground.smt2,,4,1,unsat,1.384314,0.023120,0.471330,0.499690,0.212500,0.000000,0.009880,
demo.29.ground.smt2,,4,2,unsat,1.371814,0.023560,0.461300,0.485520,0.224370,0.000000,0.009830,
demo.29.ground.smt2,,4,3,unsat,1.382597,0.022430,0.468520,0.489280,0.223420,0.000000,0.010140,
demo.29.ground.smt2,,4,4,unsat,1.382331,0.023590,0.469110,0.486020,0.225110,0.000000,0.010000,
demo.29.ground.smt2,,8,0,unsat,1.293913,0.023160,0.468310,0.490980,0.131180,0.000000,0.010300,
demo.29.ground.smt2,,8,1,unsat,1.283246,0.023980,0.461000,0.486520,0.131840,0.000000,0.010690,
demo.29.ground.smt2,,8,2,unsat,1.271833,0.022830,0.466430,0.473200,0.132730,0.000000,0.009980,
demo.29.ground.smt2,,8,3,unsat,1.277716,0.022630,0.462890,0.481060,0.134970,0.000000,0.009970,
demo.29.ground.smt2,,8,4,unsat,1.282934,0.022550,0.464660,0.481090,0.138150,0.000000,0.009840,
demo.29.ground.smt2,,16,0,unsat,1.245943,0.023200,0.468670,0.485480,0.096160,0.000000,0.010560,
demo.29.ground.smt2,,16,1,unsat,1.256468,0.024750,0.462030,0.493870,0.099050,0.000000,0.012040,
demo.29.ground.smt2,,16,2,unsat,1.255234,0.023440,0.464760,0.499280,0.095610,0.000000,0.010110,
demo.29.ground.smt2,,16,3,unsat,1.261842,0.022830,0.464830,0.501600,0.096420,0.000000,0.011350,
demo.29.ground.smt2,,16,4,unsat,1.262551,0.023460,0.470260,0.500750,0.094850,0.000000,0.010020,
demo.29.ground.smt2,,32,0,unsat,1.266621,0.024300,0.464200,0.515650,0.082760,0.000000,0.010930,
demo.29.ground.smt2,,32,1,unsat,1.256756,0.023930,0.467120,0.506820,0.080150,0.000000,0.011190,
demo.29.ground.smt2,,32,2,unsat,1.265843,0.024030,0.470380,0.509960,0.081910,0.000000,0.011600,
demo.29.ground.smt2,,32,3,unsat,1.261920,0.024710,0.478660,0.506260,0.076510,0.000000,0.011170,
demo.29.ground.smt2,,32,4,unsat,1.246989,0.023830,0.468720,0.498670,0.079240,0.000000,0.011370,
demo.29.ground.smt2,,64,0,unsat,1.301544,0.023590,0.463240,0.536160,0.087730,0.000000,0.014210,
demo.29.ground.smt2,,64,1,unsat,1.321310,0.024320,0.469590,0.554850,0.085950,0.000000,0.012120,
demo.29.ground.smt2,,64,2,unsat,1.282402,0.023800,0.472280,0.519930,0.079670,0.000000,0.015300,
demo.29.ground.smt2,,64,3,unsat,1.325939,0.025620,0.469490,0.554870,0.087640,0.000000,0.013400,
demo.29.ground.smt2,,64,4,unsat,1.379871,0.024250,0.476130,0.600230,0.090860,0.000000,0.014990,
demo.29.ground.smt2,,128,0,unsat,1.448911,0.025050,0.490430,0.586810,0.131860,0.000000,0.018160,
demo.29.ground.smt2,,128,1,unsat,1.517449,0.025340,0.470700,0.658980,0.140850,0.000000,0.019530,
demo.29.ground.smt2,,128,2,unsat,1.510921,0.027160,0.480240,0.657050,0.128320,0.000000,0.017600,
demo.29.ground.smt2,,128,3,unsat,1.452914,0.026630,0.477390,0.615070,0.117240,0.000000,0.017140,
demo.29.ground.smt2,,128,4,unsat,1.528762,0.024270,0.481630,0.650960,0.151810,0.000000,0.019210,
demo.3.ground.smt2,,1,0,unsat,1.319297,0.015610,0.312130,0.415860,0.449660,0.000000,0.002540,
demo.3.ground.smt2,,1,1,unsat,1.236574,0.014280,0.308670,0.378590,0.415450,0.000000,0.002320,
demo.3.ground.smt2,,1,2,unsat,1.265552,0.014080,0.311300,0.385370,0.432970,0.000000,0.002320,
demo.3.ground.smt2,,1,3,unsat,1.161367,0.014260,0.311100,0.375970,0.338160,0.000000,0.002240,
demo.3.ground.smt2,,1,4,unsat,1.195178,0.013860,0.307430,0.387610,0.368080,0.000000,0.002290,
demo.3.ground.smt2,,2,0,unsat,1.058331,0.013570,0.307430,0.368500,0.242860,0.000000,0.007290,
demo.3.ground.smt2,,2,1,unsat,1.100266,0.013180,0.311990,0.386580,0.254460,0.000000,0.007480,
demo.3.ground.smt2,,2,2,unsat,1.075873,0.013950,0.308460,0.360580,0.263690,0.000000,0.007690,
demo.3.ground.smt2,,2,3,unsat,1.088106,0.013440,0.310000,0.388190,0.247050,0.000000,0.006740,
demo.3.ground.smt2,,2,4,unsat,1.048936,0.013580,0.305930,0.353850,0.251300,0.000000,0.006570,
demo.3.ground.smt2,,4,0,unsat,0.950275,0.013220,0.312790,0.351330,0.144500,0.000000,0.009040,
demo.3.ground.smt2,,4,1,unsat,0.965185,0.014330,0.306880,0.373500,0.141030,0.000000,0.009310,
demo.3.ground.smt2,,4,2,unsat,0.948220,0.013350,0.308220,0.357520,0.140090,0.000000,0.008820,
demo.3.ground.smt2,,4,3,unsat,0.962617,0.014900,0.304800,0.372640,0.142710,0.000000,0.008840,
demo.3.ground.smt2,,4,4,unsat,0.936869,0.013360,0.305760,0.347450,0.141050,0.000000,0.008740,
demo.3.ground.smt2,,8,0,unsat,0.886838,0.013590,0.312860,0.344050,0.085770,0.000000,0.009800,
demo.3.ground.smt2,,8,1,unsat,0.880729,0.014230,0.306570,0.342760,0.087270,0.000000,0.009890,
demo.3.ground.smt2,,8,2,unsat,0.887319,0.013530,0.308410,0.343990,0.088950,0.000000,0.010420,
demo.3.ground.smt2,,8,3,unsat,0.886395,0.014590,0.308050,0.346860,0.086700,0.000000,0.010560,
demo.3.ground.smt2,,8,4,unsat,0.884979,0.014110,0.304350,0.349560,0.085400,0.000000,0.009860,
demo.3.ground.smt2,,16,0,unsat,0.856383,0.013890,0.306340,0.348920,0.060170,0.000000,0.009840,
demo.3.ground.smt2,,16,1,unsat,0.866461,0.013630,0.309050,0.360720,0.058120,0.000000,0.009260,
demo.3.ground.smt2,,16,2,unsat,0.861171,0.013950,0.310150,0.351750,0.060520,0.000000,0.009610,
demo.3.ground.smt2,,16,3,unsat,0.881563,0.014470,0.309880,0.370900,0.058340,0.000000,0.009560,
demo.3.ground.smt2,,16,4,unsat,0.886854,0.014950,0.310940,0.373930,0.057950,0.000000,0.009300,
demo.3.ground.smt2,,32,0,unsat,0.898548,0.014750,0.306940,0.385410,0.048590,0.000000,0.011910,
demo.3.ground.smt2,,32,1,unsat,0.891142,0.014230,0.308280,0.381210,0.046680,0.000000,0.011010,
demo.3.ground.smt2,,32,2,unsat,0.922550,0.014710,0.320210,0.393820,0.050020,0.000000,0.010920,
demo.3.ground.smt2,,32,3,unsat,0.971919,0.013910,0.314280,0.448080,0.048330,0.000000,0.010590,
demo.3.ground.smt2,,32,4,unsat,0.920032,0.014290,0.310790,0.404810,0.049020,0.000000,0.011060,
demo.3.ground.smt2,,64,0,unsat,0.975118,0.014210,0.304320,0.453970,0.050100,0.000000,0.013390,
demo.3.ground.smt2,,64,1,unsat,0.949938,0.015490,0.310430,0.429470,0.049090,0.000000,0.011480,
demo.3.ground.smt2,,64,2,unsat,0.930676,0.015400,0.305600,0.411260,0.044400,0.000000,0.013240,
demo.3.ground.smt2,,64,3,unsat,0.965839,0.014230,0.310700,0.434310,0.049370,0.000000,0.015710,
demo.3.ground.smt2,,64,4,unsat,0.954498,0.015960,0.309510,0.423780,0.050970,0.000000,0.014440,
demo.3.ground.smt2,,128,0,unsat,1.172918,0.016240,0.312150,0.521710,0.148990,0.000000,0.017210,
demo.3.ground.smt2,,128,1,unsat,1.139845,0.017040,0.316040,0.531840,0.103240,0.000000,0.016930,
demo.3.ground.smt2,,128,2,unsat,1.118178,0.016760,0.314950,0.521510,0.091260,0.000000,0.016910,
demo.3.ground.smt2,,128,3,unsat,1.142440,0.016050,0.314020,0.540700,0.095370,0.000000,0.017030,
demo.3.ground.smt2,,128,4,unsat,1.129959,0.017410,0.311300,0.533510,0.092160,0.000000,0.016850,
demo.30.ground.smt2,,1,0,unsat,1.992034,0.025020,0.470620,0.632300,0.691890,0.000000,0.002550,
demo.30.ground.smt2,,1,1,unsat,1.884719,0.024080,0.466630,0.612310,0.609980,0.000000,0.002640,
demo.30.ground.smt2,,1,2,unsat,1.872669,0.022730,0.464920,0.600190,0.612860,0.000000,0.002670,
demo.30.ground.smt2,,1,3,unsat,1.917381,0.023220,0.459710,0.552090,0.711060,0.000000,0.002630,
demo.30.ground.smt2,,1,4,unsat,1.976846,0.023060,0.466920,0.589670,0.723220,0.000000,0.002490,
demo.30.ground.smt2,,2,0,unsat,1.526623,0.021990,0.461830,0.519960,0.350060,0.000000,0.007240,
demo.30.ground.smt2,,2,1,unsat,1.523853,0.022320,0.454420,0.523000,0.351180,0.000000,0.007280,
demo.30.ground.smt2,,2,2,unsat,1.534562,0.021800,0.466680,0.522510,0.351870,0.000000,0.007370,
demo.30.ground.smt2,,2,3,unsat,1.514730,0.021510,0.458750,0.501950,0.361440,0.000000,0.007520,
demo.30.ground.smt2,,2,4,unsat,1.517358,0.021590,0.454530,0.517370,0.349200,0.000000,0.007130,
demo.30.ground.smt2,,4,0,unsat,1.366305,0.023510,0.463100,0.494050,0.208880,0.000000,0.010710,
demo.30.ground.smt2,,4,1,unsat,1.370219,0.022260,0.454730,0.498720,0.219690,0.000000,0.010320,
demo.30.ground.smt2,,4,2,unsat,1.351685,0.023220,0.450070,0.500760,0.205390,0.000000,0.009950,
demo.30.ground.smt2,,4,3,unsat,1.374259,0.023590,0.465230,0.496110,0.214590,0.000000,0.010600,
demo.30.ground.smt2,,4,4,unsat,1.352616,0.022260,0.456790,0.480550,0.218830,0.000000,0.009870,
demo.30.ground.smt2,,8,0,unsat,1.280503,0.022820,0.457290,0.491070,0.133050,0.000000,0.010340,
demo.30.ground.smt2,,8,1,unsat,1.266941,0.022240,0.461050,0.477760,0.130260,0.000000,0.010310,
demo.30.ground.smt2,,8,2,unsat,1.279521,0.022800,0.460290,0.491970,0.128050,0.000000,0.010400,
demo.30.ground.smt2,,8,3,unsat,1.272634,0.022980,0.463600,0.481540,0.130680,0.000000,0.009920,
demo.30.ground.smt2,,8,4,unsat,1.250187,0.022340,0.455810,0.475970,0.122410,0.000000,0.010390,
demo.30.ground.smt2,,16,0,unsat,1.212225,0.022710,0.452740,0.479490,0.090240,0.000000,0.010290,
demo.30.ground.smt2,,16,1,unsat,1.232810,0.022850,0.458170,0.489610,0.092750,0.000000,0.010360,
demo.30.ground.smt2,,16,2,unsat,1.224819,0.023440,0.452070,0.490060,0.092500,0.000000,0.010110,
demo.30.ground.smt2,,16,3,unsat,1.243753,0.023020,0.458980,0.500890,0.093140,0.000000,0.010970,
demo.30.ground.smt2,,16,4,unsat,1.239899,0.023110,0.453630,0.501530,0.093970,0.000000,0.010260,
demo.30.ground.smt2,,32,0,unsat,1.247867,0.022940,0.461640,0.507330,0.081710,0.000000,0.011670,
demo.30.ground.smt2,,32,1,unsat,1.213468,0.023320,0.456150,0.491350,0.074010,0.000000,0.011060,
demo.30.ground.smt2,,32,2,unsat,1.233407,0.022730,0.453150,0.505680,0.078900,0.000000,0.011530,
demo.30.ground.smt2,,32,3,unsat,1.221303,0.022760,0.459870,0.493490,0.073680,0.000000,0.011580,
demo.30.ground.smt2,,32,4,unsat,1.219436,0.022580,0.458560,0.492230,0.074820,0.000000,0.011590,
demo.30.ground.smt2,,64,0,unsat,1.257241,0.023260,0.456240,0.508600,0.083560,0.000000,0.015140,
demo.30.ground.smt2,,64,1,unsat,1.282662,0.024630,0.457620,0.548280,0.073120,0.000000,0.013800,
demo.30.ground.smt2,,64,2,unsat,1.300368,0.024290,0.462740,0.549400,0.079830,0.000000,0.015100,
demo.30.ground.smt2,,64,3,unsat,1.299917,0.023880,0.462760,0.559120,0.072330,0.000000,0.014260,
demo.30.ground.smt2,,64,4,unsat,1.297975,0.024410,0.458170,0.552850,0.080080,0.000000,0.015570,
demo.30.ground.smt2,,128,0,unsat,1.393806,0.023910,0.463230,0.576740,0.121460,0.000000,0.017480,
demo.30.ground.smt2,,128,1,unsat,1.378574,0.024670,0.465210,0.575190,0.108270,0.000000,0.016910,
demo.30.ground.smt2,,128,2,unsat,1.383759,0.023990,0.459790,0.586430,0.107100,0.000000,0.017020,
demo.30.ground.smt2,,128,3,unsat,1.408033,0.024600,0.460510,0.598460,0.118810,0.000000,0.017430,
demo.30.ground.smt2,,128,4,unsat,1.392674,0.025310,0.462030,0.581700,0.117710,0.000000,0.017120,
demo.31.ground.smt2,,1,0,unsat,1.894864,0.026260,0.475510,0.537420,0.684140,0.000000,0.002520,
demo.31.ground.smt2,,1,1,unsat,1.869202,0.025050,0.469220,0.589150,0.611230,0.000000,0.002770,
demo.31.ground.smt2,,1,2,unsat,1.838483,0.024480,0.468950,0.546740,0.626440,0.000000,0.002450,
demo.31.ground.smt2,,1,3,unsat,1.732086,0.023420,0.463970,0.491150,0.590750,0.000000,0.002450,
demo.31.ground.smt2,,1,4,unsat,1.691632,0.022070,0.463440,0.522480,0.518440,0.000000,0.002560,
demo.31.ground.smt2,,2,0,unsat,1.539950,0.020930,0.470620,0.505900,0.373560,0.000000,0.007400,
demo.31.ground.smt2,,2,1,unsat,1.499540,0.023370,0.459870,0.491370,0.350460,0.000000,0.007540,
demo.31.ground.smt2,,2,2,unsat,1.526596,0.022660,0.460540,0.506520,0.359210,0.000000,0.007230,
demo.31.ground.smt2,,2,3,unsat,1.561753,0.022470,0.473540,0.514670,0.377980,0.000000,0.007580,
demo.31.ground.smt2,,2,4,unsat,1.553641,0.022290,0.468490,0.494150,0.397600,0.000000,0.008210,
demo.31.ground.smt2,,4,0,unsat,1.361300,0.022240,0.461950,0.495150,0.206010,0.000000,0.009150,
demo.31.ground.smt2,,4,1,unsat,1.375174,0.022400,0.464630,0.492060,0.223100,0.000000,0.009400,
demo.31.ground.smt2,,4,2,unsat,1.344648,0.023370,0.461080,0.475440,0.212700,0.000000,0.009930,
demo.31.ground.smt2,,4,3,unsat,1.334751,0.021850,0.464260,0.476770,0.197120,0.000000,0.010180,
demo.31.ground.smt2,,4,4,unsat,1.377083,0.021690,0.465500,0.505600,0.208090,0.000000,0.010510,
demo.31.ground.smt2,,8,0,unsat,1.273045,0.023030,0.467180,0.476080,0.131890,0.000000,0.010640,
demo.31.ground.smt2,,8,1,unsat,1.280145,0.023490,0.462370,0.482790,0.135850,0.000000,0.010310,
demo.31.ground.smt2,,8,2,unsat,1.261255,0.022790,0.458110,0.479430,0.125150,0.000000,0.011010,
demo.31.ground.smt2,,8,3,unsat,1.259531,0.021880,0.457720,0.476430,0.131460,0.000000,0.010560,
demo.31.ground.smt2,,8,4,unsat,1.280685,0.022160,0.469850,0.481510,0.132560,0.000000,0.010710,
demo.31.ground.smt2,,16,0,unsat,1.229821,0.022600,0.465250,0.474900,0.096170,0.000000,0.010980,
demo.31.ground.smt2,,16,1,unsat,1.228593,0.022780,0.463160,0.479040,0.093380,0.000000,0.010200,
demo.31.ground.smt2,,16,2,unsat,1.226794,0.023110,0.460900,0.479920,0.093580,0.000000,0.010280,
demo.31.ground.smt2,,16,3,unsat,1.243231,0.022530,0.465060,0.493980,0.093100,0.000000,0.010490,
demo.31.ground.smt2,,16,4,unsat,1.254248,0.023480,0.464080,0.502500,0.092420,0.000000,0.009980,
demo.31.ground.smt2,,32,0,unsat,1.248704,0.023340,0.462820,0.504740,0.081240,0.000000,0.011960,
demo.31.ground.smt2,,32,1,unsat,1.259533,0.023040,0.465680,0.514580,0.081750,0.000000,0.012050,
demo.31.ground.smt2,,32,2,unsat,1.249565,0.023000,0.463550,0.507690,0.081270,0.000000,0.011660,
demo.31.ground.smt2,,32,3,unsat,1.241110,0.022900,0.462140,0.503010,0.074320,0.000000,0.012980,
demo.31.ground.smt2,,32,4,unsat,1.237366,0.023310,0.466340,0.498770,0.073750,0.000000,0.012000,
demo.31.ground.smt2,,64,0,unsat,1.303740,0.024600,0.475600,0.544410,0.072630,0.000000,0.014500,
demo.31.ground.smt2,,64,1,unsat,1.288967,0.024270,0.464010,0.530700,0.084510,0.000000,0.015650,
demo.31.ground.smt2,,64,2,unsat,1.303157,0.023690,0.464130,0.548080,0.079840,0.000000,0.015330,
demo.31.ground.smt2,,64,3,unsat,1.339450,0.024910,0.461630,0.581860,0.083080,0.000000,0.015600,
demo.31.ground.smt2,,64,4,unsat,1.350038,0.024180,0.464410,0.587370,0.085180,0.000000,0.016310,
demo.31.ground.smt2,,128,0,unsat,1.451421,0.026720,0.469490,0.618180,0.121730,0.000000,0.018160,
demo.31.ground.smt2,,128,1,unsat,1.539554,0.026640,0.475680,0.689770,0.129410,0.000000,0.018540,
demo.31.ground.smt2,,128,2,unsat,1.604954,0.026580,0.472630,0.695320,0.191930,0.000000,0.018110,
demo.31.ground.smt2,,128,3,unsat,1.458181,0.026010,0.469010,0.618170,0.128350,0.000000,0.017660,
demo.31.ground.smt2,,128,4,unsat,1.516956,0.026110,0.476430,0.649400,0.148660,0.000000,0.020120,
demo.32.ground.smt2,,1,0,unsat,2.118443,0.026610,0.575710,0.723280,0.578300,0.000000,0.003320,
demo.32.ground.smt2,,1,1,unsat,2.122886,0.026220,0.567480,0.691270,0.625460,0.000000,0.003400,
demo.32.ground.smt2,,1,2,unsat,2.178336,0.025240,0.572690,0.689580,0.682250,0.000000,0.003340,
demo.32.ground.smt2,,1,3,unsat,2.068249,0.025480,0.577670,0.663410,0.593870,0.000000,0.003330,
demo.32.ground.smt2,,1,4,unsat,2.011669,0.024580,0.560500,0.649180,0.567410,0.000000,0.003060,
demo.32.ground.smt2,,2,0,unsat,1.827599,0.025280,0.564100,0.660110,0.353540,0.000000,0.007930,
demo.32.ground.smt2,,2,1,unsat,1.850493,0.024910,0.582230,0.663370,0.360150,0.000000,0.007860,
demo.32.ground.smt2,,2,2,unsat,1.808998,0.024540,0.565750,0.661160,0.334600,0.000000,0.007690,
demo.32.ground.smt2,,2,3,unsat,1.842777,0.024320,0.574470,0.660520,0.362920,0.000000,0.008500,
demo.32.ground.smt2,,2,4,unsat,1.748750,0.023830,0.556140,0.629250,0.325150,0.000000,0.007100,
demo.32.ground.smt2,,4,0,unsat,1.632275,0.025510,0.558140,0.622480,0.207290,0.000000,0.009720,
demo.32.ground.smt2,,4,1,unsat,1.630078,0.024810,0.571500,0.609490,0.208360,0.000000,0.009000,
demo.32.ground.smt2,,4,2,unsat,1.614328,0.025950,0.558360,0.616710,0.195660,0.000000,0.009190,
demo.32.ground.smt2,,4,3,unsat,1.620377,0.025340,0.558540,0.614740,0.204720,0.000000,0.009590,
demo.32.ground.smt2,,4,4,unsat,1.635093,0.024640,0.567200,0.617130,0.211760,0.000000,0.010130,
demo.32.ground.smt2,,8,0,unsat,1.535400,0.025350,0.568970,0.612000,0.115270,0.000000,0.009710,
demo.32.ground.smt2,,8,1,unsat,1.536458,0.024790,0.570270,0.605870,0.120740,0.000000,0.011190,
demo.32.ground.smt2,,8,2,unsat,1.536192,0.024590,0.569710,0.601840,0.125770,0.000000,0.010680,
demo.32.ground.smt2,,8,3,unsat,1.550023,0.024440,0.570950,0.615820,0.123370,0.000000,0.011870,
demo.32.ground.smt2,,8,4,unsat,1.547885,0.025970,0.566870,0.613640,0.124020,0.000000,0.011270,
demo.32.ground.smt2,,16,0,unsat,1.491860,0.026470,0.559520,0.605020,0.083160,0.000000,0.011570,
demo.32.ground.smt2,,16,1,unsat,1.527304,0.025580,0.576000,0.623420,0.086120,0.000000,0.012110,
demo.32.ground.smt2,,16,2,unsat,1.485016,0.024980,0.555670,0.607980,0.086280,0.000000,0.011520,
demo.32.ground.smt2,,16,3,unsat,1.479176,0.025100,0.563400,0.600090,0.082760,0.000000,0.011420,
demo.32.ground.smt2,,16,4,unsat,1.525253,0.025390,0.575320,0.626020,0.087100,0.000000,0.013010,
demo.32.ground.smt2,,32,0,unsat,1.515206,0.025940,0.568490,0.633110,0.070110,0.000000,0.013320,
demo.32.ground.smt2,,32,1,unsat,1.489258,0.026370,0.560800,0.616160,0.068830,0.000000,0.013200,
demo.32.ground.smt2,,32,2,unsat,1.518774,0.026390,0.577190,0.636450,0.062430,0.000000,0.012600,
demo.32.ground.smt2,,32,3,unsat,1.483368,0.025920,0.560050,0.620890,0.064160,0.000000,0.013130,
demo.32.ground.smt2,,32,4,unsat,1.492403,0.026450,0.566990,0.617260,0.068730,0.000000,0.013190,
demo.32.ground.smt2,,64,0,unsat,1.556231,0.024420,0.576480,0.662790,0.064970,0.000000,0.017040,
demo.32.ground.smt2,,64,1,unsat,1.539584,0.025740,0.562700,0.650910,0.068020,0.000000,0.018740,
demo.32.ground.smt2,,64,2,unsat,1.570130,0.027410,0.578290,0.675100,0.059260,0.000000,0.016410,
demo.32.ground.smt2,,64,3,unsat,1.517163,0.025070,0.555800,0.642450,0.069780,0.000000,0.016730,
demo.32.ground.smt2,,64,4,unsat,1.553185,0.026760,0.568390,0.672670,0.062250,0.000000,0.015610,
demo.32.ground.smt2,,128,0,unsat,1.658400,0.027530,0.558350,0.713100,0.106300,0.000000,0.020150,
demo.32.ground.smt2,,128,1,unsat,1.682621,0.027550,0.568610,0.741140,0.091790,0.000000,0.019670,
demo.32.ground.smt2,,128,2,unsat,1.770347,0.026740,0.568860,0.761070,0.152770,0.000000,0.023190,
demo.32.ground.smt2,,128,3,unsat,1.759233,0.027650,0.626300,0.764490,0.091920,0.000000,0.019860,
demo.32.ground.smt2,,128,4,unsat,1.686682,0.028260,0.562300,0.728180,0.113370,0.000000,0.020130,
demo.33.ground.smt2,,1,0,unsat,2.058375,0.025470,0.548160,0.632350,0.656610,0.000000,0.003270,
demo.33.ground.smt2,,1,1,unsat,1.863439,0.024090,0.532190,0.612510,0.490440,0.000000,0.002920,
demo.33.ground.smt2,,1,2,unsat,2.040213,0.023260,0.537860,0.637240,0.636540,0.000000,0.003170,
demo.33.ground.smt2,,1,3,unsat,1.949749,0.023710,0.534390,0.633430,0.555220,0.000000,0.003560,
demo.33.ground.smt2,,1,4,unsat,1.989745,0.023040,0.536260,0.631310,0.594170,0.000000,0.003160,
demo.33.ground.smt2,,2,0,unsat,1.727492,0.023720,0.542350,0.612630,0.337740,0.000000,0.007560,
demo.33.ground.smt2,,2,1,unsat,1.705671,0.022940,0.532680,0.605170,0.334440,0.000000,0.007860,
demo.33.ground.smt2,,2,2,unsat,1.732761,0.024200,0.544600,0.602260,0.349700,0.000000,0.007740,
demo.33.ground.smt2,,2,3,unsat,1.723744,0.023200,0.537410,0.603880,0.343860,0.000000,0.007760,
demo.33.ground.smt2,,2,4,unsat,1.724248,0.023070,0.541210,0.604840,0.343750,0.000000,0.007680,
demo.33.ground.smt2,,4,0,unsat,1.602945,0.023950,0.543990,0.601890,0.217900,0.000000,0.010000,
demo.33.ground.smt2,,4,1,unsat,1.590800,0.024270,0.546110,0.600330,0.206060,0.000000,0.010220,
demo.33.ground.smt2,,4,2,unsat,1.589406,0.024830,0.544460,0.592370,0.213990,0.000000,0.010610,
demo.33.ground.smt2,,4,3,unsat,1.583678,0.025600,0.538160,0.590710,0.214580,0.000000,0.010660,
demo.33.ground.smt2,,4,4,unsat,1.570254,0.024390,0.535250,0.580920,0.217120,0.000000,0.009910,
demo.33.ground.smt2,,8,0,unsat,1.485925,0.025380,0.541330,0.584320,0.119270,0.000000,0.010700,
demo.33.ground.smt2,,8,1,unsat,1.480698,0.025510,0.532010,0.585600,0.121510,0.000000,0.011360,
demo.33.ground.smt2,,8,2,unsat,1.481827,0.024950,0.542420,0.581340,0.117320,0.000000,0.011950,
demo.33.ground.smt2,,8,3,unsat,1.469396,0.024680,0.534450,0.582190,0.114950,0.000000,0.010470,
demo.33.ground.smt2,,8,4,unsat,1.487677,0.024440,0.544800,0.593170,0.114660,0.000000,0.009840,
demo.33.ground.smt2,,16,0,unsat,1.446633,0.025250,0.533190,0.593380,0.084380,0.000000,0.013180,
demo.33.ground.smt2,,16,1,unsat,1.422433,0.024530,0.536730,0.576630,0.082180,0.000000,0.011010,
demo.33.ground.smt2,,16,2,unsat,1.448128,0.025080,0.544500,0.588240,0.083710,0.000000,0.012330,
demo.33.ground.smt2,,16,3,unsat,1.438497,0.024570,0.542920,0.586520,0.079620,0.000000,0.011730,
demo.33.ground.smt2,,16,4,unsat,1.448421,0.025120,0.543420,0.591600,0.083170,0.000000,0.011310,
demo.33.ground.smt2,,32,0,unsat,1.423944,0.025290,0.528550,0.598200,0.061090,0.000000,0.012810,
demo.33.ground.smt2,,32,1,unsat,1.458595,0.025070,0.540030,0.611590,0.068970,0.000000,0.013180,
demo.33.ground.smt2,,32,2,unsat,1.430296,0.025650,0.542220,0.592080,0.059460,0.000000,0.013040,
demo.33.ground.smt2,,32,3,unsat,1.444144,0.025160,0.538480,0.611670,0.060920,0.000000,0.013020,
demo.33.ground.smt2,,32,4,unsat,1.422330,0.025140,0.526350,0.591980,0.069520,0.000000,0.013380,
demo.33.ground.smt2,,64,0,unsat,1.504539,0.026690,0.539530,0.652090,0.064960,0.000000,0.015420,
demo.33.ground.smt2,,64,1,unsat,1.478045,0.025560,0.540240,0.624330,0.064000,0.000000,0.016580,
demo.33.ground.smt2,,64,2,unsat,1.487763,0.026770,0.539980,0.639390,0.060700,0.000000,0.015640,
demo.33.ground.smt2,,64,3,unsat,1.467686,0.024950,0.543570,0.617530,0.067420,0.000000,0.014850,
demo.33.ground.smt2,,64,4,unsat,1.486941,0.024790,0.546400,0.626080,0.070450,0.000000,0.017220,
demo.33.ground.smt2,,128,0,unsat,1.604356,0.026710,0.534340,0.697850,0.102290,0.000000,0.018940,
demo.33.ground.smt2,,128,1,unsat,1.624717,0.026570,0.548460,0.706050,0.091850,0.000000,0.019920,
demo.33.ground.smt2,,128,2,unsat,1.623522,0.026290,0.547420,0.696240,0.104090,0.000000,0.018940,
demo.33.ground.smt2,,128,3,unsat,1.599201,0.027020,0.541530,0.685700,0.099630,0.000000,0.018860,
demo.33.ground.smt2,,128,4,unsat,1.672801,0.026620,0.547970,0.730050,0.123830,0.000000,0.018950,
demo.34.ground.smt2,,1,0,unsat,2.032860,0.026640,0.571250,0.652160,0.570740,0.000000,0.003310,
demo.34.ground.smt2,,1,1,unsat,1.953788,0.023350,0.558390,0.637970,0.530420,0.000000,0.003120,
demo.34.ground.smt2,,1,2,unsat,1.986134,0.023410,0.559250,0.637220,0.562100,0.000000,0.003070,
demo.34.ground.smt2,,1,3,unsat,1.960355,0.023890,0.567380,0.635220,0.529410,0.000000,0.003130,
demo.34.ground.smt2,,1,4,unsat,1.979286,0.023050,0.564060,0.637690,0.553460,0.000000,0.003210,
demo.34.ground.smt2,,2,0,unsat,1.761943,0.023580,0.563610,0.630530,0.329560,0.000000,0.007870,
demo.34.ground.smt2,,2,1,unsat,1.769370,0.023590,0.567460,0.626800,0.338020,0.000000,0.007900,
demo.34.ground.smt2,,2,2,unsat,1.795078,0.023970,0.566720,0.626510,0.363300,0.000000,0.009030,
demo.34.ground.smt2,,2,3,unsat,1.739945,0.022920,0.557190,0.622510,0.325150,0.000000,0.008080,
demo.34.ground.smt2,,2,4,unsat,1.744469,0.023620,0.557300,0.605520,0.346360,0.000000,0.007800,
demo.34.ground.smt2,,4,0,unsat,1.617452,0.023650,0.557000,0.617650,0.205570,0.000000,0.009330,
demo.34.ground.smt2,,4,1,unsat,1.597919,0.025250,0.552990,0.608350,0.191990,0.000000,0.009890,
demo.34.ground.smt2,,4,2,unsat,1.611586,0.024810,0.559790,0.599940,0.211070,0.000000,0.009970,
demo.34.ground.smt2,,4,3,unsat,1.631010,0.024960,0.568410,0.612550,0.203960,0.000000,0.010160,
demo.34.ground.smt2,,4,4,unsat,1.608284,0.024130,0.559010,0.598000,0.211560,0.000000,0.009390,
demo.34.ground.smt2,,8,0,unsat,1.501773,0.024620,0.547730,0.592130,0.123640,0.000000,0.010570,
demo.34.ground.smt2,,8,1,unsat,1.505034,0.023830,0.548650,0.595260,0.123520,0.000000,0.010860,
demo.34.ground.smt2,,8,2,unsat,1.512720,0.024040,0.563310,0.587480,0.124810,0.000000,0.010530,
demo.34.ground.smt2,,8,3,unsat,1.509071,0.024870,0.547490,0.593060,0.125220,0.000000,0.011740,
demo.34.ground.smt2,,8,4,unsat,1.518311,0.024860,0.559400,0.595780,0.120500,0.000000,0.010470,
demo.34.ground.smt2,,16,0,unsat,1.504301,0.025040,0.569710,0.615180,0.082050,0.000000,0.011540,
demo.34.ground.smt2,,16,1,unsat,1.484183,0.025660,0.562130,0.606950,0.083160,0.000000,0.010850,
demo.34.ground.smt2,,16,2,unsat,1.457434,0.024600,0.549130,0.594340,0.082560,0.000000,0.012450,
demo.34.ground.smt2,,16,3,unsat,1.479343,0.025350,0.563800,0.602170,0.080760,0.000000,0.012400,
demo.34.ground.smt2,,16,4,unsat,1.476516,0.026000,0.556990,0.601670,0.083700,0.000000,0.011200,
demo.34.ground.smt2,,32,0,unsat,1.494267,0.025540,0.553070,0.627530,0.069710,0.000000,0.013080,
demo.34.ground.smt2,,32,1,unsat,1.472093,0.025830,0.557710,0.609680,0.067750,0.000000,0.012520,
demo.34.ground.smt2,,32,2,unsat,1.453520,0.025560,0.546710,0.606700,0.061710,0.000000,0.013190,
demo.34.ground.smt2,,32,3,unsat,1.468299,0.025110,0.563370,0.609110,0.059930,0.000000,0.012770,
demo.34.ground.smt2,,32,4,unsat,1.460503,0.025060,0.553020,0.609640,0.061030,0.000000,0.012920,
demo.34.ground.smt2,,64,0,unsat,1.517644,0.025400,0.559360,0.645900,0.060550,0.000000,0.017380,
demo.34.ground.smt2,,64,1,unsat,1.536535,0.027760,0.556000,0.654340,0.069310,0.000000,0.017780,
demo.34.ground.smt2,,64,2,unsat,1.518724,0.026360,0.552740,0.644840,0.068960,0.000000,0.016870,
demo.34.ground.smt2,,64,3,unsat,1.545648,0.026570,0.554130,0.671790,0.067940,0.000000,0.017330,
demo.34.ground.smt2,,64,4,unsat,1.543989,0.026050,0.554760,0.668920,0.064910,0.000000,0.018670,
demo.34.ground.smt2,,128,0,unsat,1.661688,0.028250,0.561550,0.721800,0.101540,0.000000,0.020140,
demo.34.ground.smt2,,128,1,unsat,1.644734,0.027690,0.556240,0.712090,0.105920,0.000000,0.020100,
demo.34.ground.smt2,,128,2,unsat,1.657467,0.027090,0.556490,0.727210,0.095020,0.000000,0.020210,
demo.34.ground.smt2,,128,3,unsat,1.658722,0.026860,0.560570,0.712150,0.103320,0.000000,0.020330,
demo.34.ground.smt2,,128,4,unsat,1.648837,0.027800,0.556440,0.724390,0.088960,0.000000,0.020640,
demo.35.ground.smt2,,1,0,unsat,2.133051,0.025810,0.534020,0.632720,0.745480,0.000000,0.003290,
demo.35.ground.smt2,,1,1,unsat,2.119176,0.024130,0.549530,0.633640,0.714560,0.000000,0.003260,
demo.35.ground.smt2,,1,2,unsat,1.952360,0.024390,0.536000,0.632390,0.563670,0.000000,0.002900,
demo.35.ground.smt2,,1,3,unsat,1.937734,0.023510,0.539650,0.627550,0.552100,0.000000,0.002910,
demo.35.ground.smt2,,1,4,unsat,1.948077,0.024170,0.543070,0.636120,0.552520,0.000000,0.003080,
demo.35.ground.smt2,,2,0,unsat,1.737433,0.023640,0.537610,0.611200,0.364960,0.000000,0.008370,
demo.35.ground.smt2,,2,1,unsat,1.758011,0.022930,0.544290,0.616560,0.370490,0.000000,0.008190,
demo.35.ground.smt2,,2,2,unsat,1.765870,0.023680,0.533910,0.617710,0.385710,0.000000,0.008130,
demo.35.ground.smt2,,2,3,unsat,1.751983,0.023110,0.540580,0.619860,0.363620,0.000000,0.008300,
demo.35.ground.smt2,,2,4,unsat,1.783441,0.023870,0.534310,0.616420,0.403400,0.000000,0.009290,
demo.35.ground.smt2,,4,0,unsat,1.587614,0.024340,0.541650,0.596590,0.223800,0.000000,0.009530,
demo.35.ground.smt2,,4,1,unsat,1.591261,0.024010,0.540300,0.609090,0.213870,0.000000,0.009860,
demo.35.ground.smt2,,4,2,unsat,1.569594,0.023930,0.530770,0.590510,0.222440,0.000000,0.010440,
demo.35.ground.smt2,,4,3,unsat,1.576792,0.024200,0.536740,0.592780,0.216800,0.000000,0.009510,
demo.35.ground.smt2,,4,4,unsat,1.585718,0.024150,0.536220,0.590650,0.229060,0.000000,0.010200,
demo.35.ground.smt2,,8,0,unsat,1.494113,0.024920,0.540010,0.592610,0.129930,0.000000,0.010850,
demo.35.ground.smt2,,8,1,unsat,1.468085,0.023240,0.532870,0.580260,0.127890,0.000000,0.009590,
demo.35.ground.smt2,,8,2,unsat,1.467963,0.024060,0.535190,0.575270,0.130970,0.000000,0.011340,
demo.35.ground.smt2,,8,3,unsat,1.472172,0.024470,0.535960,0.571040,0.135740,0.000000,0.011760,
demo.35.ground.smt2,,8,4,unsat,1.495145,0.023170,0.545650,0.582520,0.140200,0.000000,0.010820,
demo.35.ground.smt2,,16,0,unsat,1.464426,0.025150,0.543870,0.594750,0.094180,0.000000,0.012390,
demo.35.ground.smt2,,16,1,unsat,1.448788,0.025090,0.531360,0.589220,0.096870,0.000000,0.012130,
demo.35.ground.smt2,,16,2,unsat,1.428439,0.024290,0.528750,0.581710,0.093890,0.000000,0.011370,
demo.35.ground.smt2,,16,3,unsat,1.455401,0.024200,0.531200,0.604190,0.092830,0.000000,0.012550,
demo.35.ground.smt2,,16,4,unsat,1.449235,0.023470,0.539270,0.596620,0.089670,0.000000,0.011870,
demo.35.ground.smt2,,32,0,unsat,1.472502,0.024980,0.543390,0.625530,0.068690,0.000000,0.013400,
demo.35.ground.smt2,,32,1,unsat,1.456328,0.024020,0.530930,0.627040,0.071240,0.000000,0.013470,
demo.35.ground.smt2,,32,2,unsat,1.472236,0.024740,0.542940,0.620570,0.078540,0.000000,0.014340,
demo.35.ground.smt2,,32,3,unsat,1.454198,0.025720,0.533870,0.619260,0.070300,0.000000,0.013360,
demo.35.ground.smt2,,32,4,unsat,1.507035,0.023670,0.547400,0.649780,0.074900,0.000000,0.013410,
demo.35.ground.smt2,,64,0,unsat,1.520676,0.025890,0.538220,0.654320,0.078070,0.000000,0.017320,
demo.35.ground.smt2,,64,1,unsat,1.532721,0.026230,0.537410,0.678160,0.067230,0.000000,0.016590,
demo.35.ground.smt2,,64,2,unsat,1.560451,0.025000,0.543470,0.702420,0.066990,0.000000,0.016320,
demo.35.ground.smt2,,64,3,unsat,1.514677,0.024730,0.527810,0.664910,0.081300,0.000000,0.017130,
demo.35.ground.smt2,,64,4,unsat,1.535564,0.025910,0.542830,0.680180,0.067720,0.000000,0.015750,
demo.35.ground.smt2,,128,0,unsat,1.646210,0.027270,0.546360,0.733450,0.091710,0.000000,0.020480,
demo.35.ground.smt2,,128,1,unsat,1.697787,0.027580,0.536270,0.785290,0.106580,0.000000,0.019660,
demo.35.ground.smt2,,128,2,unsat,1.694504,0.026990,0.547300,0.782190,0.097280,0.000000,0.019860,
demo.35.ground.smt2,,128,3,unsat,1.667434,0.027680,0.537580,0.754100,0.102750,0.000000,0.020280,
demo.35.ground.smt2,,128,4,unsat,1.711161,0.026600,0.541400,0.794210,0.104020,0.000000,0.020230,
demo.36.ground.smt2,,1,0,unsat,2.094383,0.026300,0.568300,0.680660,0.609530,0.000000,0.003260,
demo.36.ground.smt2,,1,1,unsat,2.049908,0.024830,0.558650,0.668560,0.591170,0.000000,0.003140,
demo.36.ground.smt2,,1,2,unsat,2.122465,0.025630,0.557290,0.662000,0.669910,0.000000,0.003160,
demo.36.ground.smt2,,1,3,unsat,2.037958,0.025780,0.558460,0.663260,0.583600,0.000000,0.002930,
demo.36.ground.smt2,,1,4,unsat,2.046443,0.024270,0.556680,0.650980,0.607800,0.000000,0.003430,
demo.36.ground.smt2,,2,0,unsat,1.837192,0.024790,0.558390,0.651500,0.387410,0.000000,0.007750,
demo.36.ground.smt2,,2,1,unsat,1.841608,0.024710,0.561430,0.651150,0.386930,0.000000,0.008190,
demo.36.ground.smt2,,2,2,unsat,1.868653,0.024710,0.566390,0.640570,0.419880,0.000000,0.008380,
demo.36.ground.smt2,,2,3,unsat,1.786956,0.023730,0.551020,0.634880,0.366370,0.000000,0.008010,
demo.36.ground.smt2,,2,4,unsat,1.752453,0.023870,0.549110,0.611090,0.359030,0.000000,0.007890,
demo.36.ground.smt2,,4,0,unsat,1.620316,0.024890,0.548390,0.611150,0.224980,0.000000,0.010040,
demo.36.ground.smt2,,4,1,unsat,1.626375,0.025160,0.554820,0.611370,0.221470,0.000000,0.009360,
demo.36.ground.smt2,,4,2,unsat,1.622048,0.025070,0.547550,0.604520,0.231960,0.000000,0.010370,
demo.36.ground.smt2,,4,3,unsat,1.651344,0.025200,0.564160,0.612230,0.237130,0.000000,0.010760,
demo.36.ground.smt2,,4,4,unsat,1.627244,0.024980,0.553400,0.609700,0.226090,0.000000,0.009960,
demo.36.ground.smt2,,8,0,unsat,1.517023,0.025380,0.554950,0.591600,0.133390,0.000000,0.011800,
demo.36.ground.smt2,,8,1,unsat,1.520998,0.025810,0.548030,0.591710,0.142900,0.000000,0.012070,
demo.36.ground.smt2,,8,2,unsat,1.527554,0.025990,0.560290,0.596060,0.135090,0.000000,0.012190,
demo.36.ground.smt2,,8,3,unsat,1.531127,0.025170,0.560080,0.597500,0.133580,0.000000,0.012060,
demo.36.ground.smt2,,8,4,unsat,1.524004,0.025350,0.558730,0.598800,0.125930,0.000000,0.012190,
demo.36.ground.smt2,,16,0,unsat,1.493451,0.025830,0.564920,0.596480,0.097380,0.000000,0.012570,
demo.36.ground.smt2,,16,1,unsat,1.465383,0.025290,0.547790,0.590950,0.094440,0.000000,0.012320,
demo.36.ground.smt2,,16,2,unsat,1.463334,0.025490,0.548790,0.590140,0.096060,0.000000,0.011920,
demo.36.ground.smt2,,16,3,unsat,1.478158,0.024850,0.546780,0.606550,0.094520,0.000000,0.011340,
demo.36.ground.smt2,,16,4,unsat,1.464907,0.025180,0.549690,0.591870,0.093950,0.000000,0.011960,
demo.36.ground.smt2,,32,0,unsat,1.497914,0.026050,0.558810,0.621310,0.081120,0.000000,0.013590,
demo.36.ground.smt2,,32,1,unsat,1.474871,0.025970,0.549990,0.618810,0.071910,0.000000,0.013650,
demo.36.ground.smt2,,32,2,unsat,1.464969,0.024950,0.559300,0.602360,0.070650,0.000000,0.013290,
demo.36.ground.smt2,,32,3,unsat,1.485731,0.025600,0.553000,0.625710,0.067930,0.000000,0.013340,
demo.36.ground.smt2,,32,4,unsat,1.496939,0.023650,0.562450,0.620710,0.078880,0.000000,0.013600,
demo.36.ground.smt2,,64,0,unsat,1.483020,0.025590,0.547780,0.621240,0.071880,0.000000,0.015820,
demo.36.ground.smt2,,64,1,unsat,1.494547,0.024930,0.553720,0.628120,0.072220,0.000000,0.014690,
demo.36.ground.smt2,,64,2,unsat,1.482708,0.025980,0.546310,0.623770,0.067800,0.000000,0.016800,
demo.36.ground.smt2,,64,3,unsat,1.495028,0.027180,0.560040,0.621640,0.069900,0.000000,0.015440,
demo.36.ground.smt2,,64,4,unsat,1.494602,0.026560,0.548920,0.634790,0.069610,0.000000,0.014800,
demo.36.ground.smt2,,128,0,unsat,1.606999,0.026720,0.552530,0.692010,0.093840,0.000000,0.021240,
demo.36.ground.smt2,,128,1,unsat,1.618823,0.027260,0.551050,0.702430,0.095890,0.000000,0.020960,
demo.36.ground.smt2,,128,2,unsat,1.660898,0.028500,0.568130,0.708960,0.112740,0.000000,0.020290,
demo.36.ground.smt2,,128,3,unsat,1.660106,0.027670,0.554600,0.707600,0.118160,0.000000,0.021550,
demo.36.ground.smt2,,128,4,unsat,1.662002,0.026560,0.567730,0.706400,0.117140,0.000000,0.020350,
demo.37.ground.smt2,,1,0,unsat,1.883500,0.023380,0.497190,0.564210,0.623660,0.000000,0.003130,
demo.37.ground.smt2,,1,1,unsat,1.741592,0.022940,0.493050,0.548780,0.504360,0.000000,0.002900,
demo.37.ground.smt2,,1,2,unsat,1.729063,0.022480,0.492880,0.537090,0.504670,0.000000,0.003030,
demo.37.ground.smt2,,1,3,unsat,1.727307,0.021570,0.490080,0.539380,0.507390,0.000000,0.002950,
demo.37.ground.smt2,,1,4,unsat,1.723628,0.022390,0.501050,0.540640,0.488370,0.000000,0.002950,
demo.37.ground.smt2,,2,0,unsat,1.558055,0.022290,0.485850,0.531140,0.337690,0.000000,0.008090,
demo.37.ground.smt2,,2,1,unsat,1.561095,0.022740,0.490490,0.530580,0.336940,0.000000,0.008100,
demo.37.ground.smt2,,2,2,unsat,1.595168,0.022030,0.498390,0.543450,0.351340,0.000000,0.008110,
demo.37.ground.smt2,,2,3,unsat,1.617943,0.021940,0.489030,0.536310,0.389390,0.000000,0.008550,
demo.37.ground.smt2,,2,4,unsat,1.591069,0.021750,0.499390,0.537360,0.352680,0.000000,0.007940,
demo.37.ground.smt2,,4,0,unsat,1.446108,0.021980,0.497030,0.530440,0.213760,0.000000,0.009690,
demo.37.ground.smt2,,4,1,unsat,1.435856,0.022830,0.497340,0.529230,0.204790,0.000000,0.010110,
demo.37.ground.smt2,,4,2,unsat,1.443729,0.022180,0.493510,0.535620,0.209010,0.000000,0.009710,
demo.37.ground.smt2,,4,3,unsat,1.450249,0.022570,0.494520,0.528400,0.217460,0.000000,0.010340,
demo.37.ground.smt2,,4,4,unsat,1.452610,0.022020,0.493570,0.536130,0.214530,0.000000,0.010290,
demo.37.ground.smt2,,8,0,unsat,1.356208,0.022800,0.497700,0.533910,0.118990,0.000000,0.010200,
demo.37.ground.smt2,,8,1,unsat,1.338230,0.022920,0.484780,0.525600,0.120860,0.000000,0.010470,
demo.37.ground.smt2,,8,2,unsat,1.352002,0.022400,0.491780,0.528230,0.126010,0.000000,0.011290,
demo.37.ground.smt2,,8,3,unsat,1.350938,0.022320,0.494370,0.525370,0.125910,0.000000,0.010850,
demo.37.ground.smt2,,8,4,unsat,1.353188,0.023930,0.491290,0.529450,0.121680,0.000000,0.011490,
demo.37.ground.smt2,,16,0,unsat,1.330932,0.023640,0.498820,0.542420,0.081870,0.000000,0.011160,
demo.37.ground.smt2,,16,1,unsat,1.330397,0.022300,0.501980,0.539890,0.082310,0.000000,0.012010,
demo.37.ground.smt2,,16,2,unsat,1.324004,0.022850,0.497510,0.537880,0.083840,0.000000,0.012110,
demo.37.ground.smt2,,16,3,unsat,1.315551,0.023340,0.490280,0.537590,0.085290,0.000000,0.011420,
demo.37.ground.smt2,,16,4,unsat,1.334734,0.022110,0.498910,0.550170,0.082860,0.000000,0.012000,
demo.37.ground.smt2,,32,0,unsat,1.351352,0.022620,0.500820,0.570540,0.068400,0.000000,0.012450,
demo.37.ground.smt2,,32,1,unsat,1.347732,0.024290,0.495800,0.569000,0.065880,0.000000,0.013150,
demo.37.ground.smt2,,32,2,unsat,1.357642,0.024300,0.488620,0.580660,0.071380,0.000000,0.013280,
demo.37.ground.smt2,,32,3,unsat,1.327909,0.023650,0.492870,0.557890,0.061300,0.000000,0.012780,
demo.37.ground.smt2,,32,4,unsat,1.335354,0.022650,0.498420,0.559780,0.069230,0.000000,0.013640,
demo.37.ground.smt2,,64,0,unsat,1.394456,0.024110,0.494210,0.606790,0.072270,0.000000,0.015060,
demo.37.ground.smt2,,64,1,unsat,1.366968,0.023000,0.491200,0.591640,0.067220,0.000000,0.015110,
demo.37.ground.smt2,,64,2,unsat,1.387182,0.023530,0.501150,0.602600,0.064960,0.000000,0.014540,
demo.37.ground.smt2,,64,3,unsat,1.407699,0.024120,0.502160,0.605080,0.072640,0.000000,0.016720,
demo.37.ground.smt2,,64,4,unsat,1.367108,0.024480,0.492320,0.589520,0.065550,0.000000,0.014510,
demo.37.ground.smt2,,128,0,unsat,1.535037,0.024200,0.498350,0.667730,0.115920,0.000000,0.020420,
demo.37.ground.smt2,,128,1,unsat,1.547495,0.024850,0.498180,0.706270,0.093220,0.000000,0.019820,
demo.37.ground.smt2,,128,2,unsat,1.542605,0.024030,0.490830,0.688360,0.114680,0.000000,0.020310,
demo.37.ground.smt2,,128,3,unsat,1.578135,0.025770,0.492650,0.701920,0.131240,0.000000,0.020800,
demo.37.ground.smt2,,128,4,unsat,1.532320,0.025530,0.494140,0.691640,0.101510,0.000000,0.019320,
demo.4.ground.smt2,,1,0,unsat,1.306944,0.016250,0.337460,0.405090,0.394860,0.000000,0.002030,
demo.4.ground.smt2,,1,1,unsat,1.402905,0.015380,0.339340,0.422420,0.469160,0.000000,0.002250,
demo.4.ground.smt2,,1,2,unsat,1.309160,0.014370,0.342020,0.423070,0.369600,0.000000,0.002030,
demo.4.ground.smt2,,1,3,unsat,1.476565,0.015120,0.341720,0.448120,0.509550,0.000000,0.002330,
demo.4.ground.smt2,,1,4,unsat,1.349534,0.014880,0.346230,0.448060,0.379950,0.000000,0.002090,
demo.4.ground.smt2,,2,0,unsat,1.170453,0.013920,0.344420,0.378710,0.275340,0.000000,0.007110,
demo.4.ground.smt2,,2,1,unsat,1.161860,0.014040,0.335550,0.391320,0.263220,0.000000,0.007670,
demo.4.ground.smt2,,2,2,unsat,1.204686,0.015390,0.345680,0.411180,0.270110,0.000000,0.007730,
demo.4.ground.smt2,,2,3,unsat,1.217514,0.013770,0.346580,0.423170,0.265540,0.000000,0.007740,
demo.4.ground.smt2,,2,4,unsat,1.195890,0.013890,0.343330,0.412550,0.257990,0.000000,0.007860,
demo.4.ground.smt2,,4,0,unsat,1.115328,0.014730,0.343540,0.429590,0.157370,0.000000,0.008780,
demo.4.ground.smt2,,4,1,unsat,1.089070,0.015170,0.340420,0.403080,0.162950,0.000000,0.008790,
demo.4.ground.smt2,,4,2,unsat,1.071001,0.015590,0.339400,0.382000,0.168670,0.000000,0.009260,
demo.4.ground.smt2,,4,3,unsat,1.066223,0.015900,0.342300,0.380530,0.163060,0.000000,0.008960,
demo.4.ground.smt2,,4,4,unsat,1.077135,0.015020,0.339290,0.399130,0.155970,0.000000,0.009220,
demo.4.ground.smt2,,8,0,unsat,1.024356,0.014700,0.342370,0.403480,0.093470,0.000000,0.008420,
demo.4.ground.smt2,,8,1,unsat,1.028697,0.014720,0.338440,0.409840,0.093200,0.000000,0.010110,
demo.4.ground.smt2,,8,2,unsat,1.021891,0.014350,0.339750,0.402270,0.094340,0.000000,0.010050,
demo.4.ground.smt2,,8,3,unsat,1.025258,0.014020,0.342830,0.403760,0.095230,0.000000,0.008540,
demo.4.ground.smt2,,8,4,unsat,1.004189,0.014660,0.338480,0.390110,0.095280,0.000000,0.008490,
demo.4.ground.smt2,,16,0,unsat,0.969349,0.015010,0.339220,0.384300,0.069870,0.000000,0.008550,
demo.4.ground.smt2,,16,1,unsat,0.972158,0.015960,0.340430,0.385760,0.068740,0.000000,0.008820,
demo.4.ground.smt2,,16,2,unsat,0.981454,0.015410,0.342570,0.388620,0.068010,0.000000,0.010110,
demo.4.ground.smt2,,16,3,unsat,0.976703,0.014770,0.337110,0.388800,0.071610,0.000000,0.008950,
demo.4.ground.smt2,,16,4,unsat,0.988049,0.015220,0.342110,0.397510,0.069570,0.000000,0.008530,
demo.4.ground.smt2,,32,0,unsat,0.981716,0.015640,0.342700,0.395600,0.059660,0.000000,0.009860,
demo.4.ground.smt2,,32,1,unsat,0.999921,0.015190,0.343820,0.415700,0.054380,0.000000,0.010480,
demo.4.ground.smt2,,32,2,unsat,0.997494,0.015990,0.337430,0.418760,0.054990,0.000000,0.010130,
demo.4.ground.smt2,,32,3,unsat,0.989755,0.015300,0.338910,0.414610,0.054500,0.000000,0.009960,
demo.4.ground.smt2,,32,4,unsat,1.001738,0.015820,0.341490,0.420550,0.057060,0.000000,0.009930,
demo.4.ground.smt2,,64,0,unsat,1.017186,0.015790,0.336510,0.424830,0.068160,0.000000,0.011980,
demo.4.ground.smt2,,64,1,unsat,1.046705,0.016300,0.341040,0.453070,0.058290,0.000000,0.013140,
demo.4.ground.smt2,,64,2,unsat,1.013095,0.016210,0.339240,0.419420,0.062810,0.000000,0.013380,
demo.4.ground.smt2,,64,3,unsat,1.019656,0.015830,0.335660,0.423320,0.068190,0.000000,0.012980,
demo.4.ground.smt2,,64,4,unsat,1.080333,0.016450,0.345580,0.487850,0.056360,0.000000,0.011700,
demo.4.ground.smt2,,128,0,unsat,1.156166,0.016210,0.344800,0.488950,0.109980,0.000000,0.015170,
demo.4.ground.smt2,,128,1,unsat,1.202272,0.016490,0.344820,0.487090,0.160430,0.000000,0.015250,
demo.4.ground.smt2,,128,2,unsat,1.200549,0.015680,0.342890,0.522410,0.123110,0.000000,0.014830,
demo.4.ground.smt2,,128,3,unsat,1.164931,0.016650,0.343090,0.499280,0.113720,0.000000,0.015030,
demo.4.ground.smt2,,128,4,unsat,1.208056,0.015760,0.346420,0.538760,0.110010,0.000000,0.015060,
demo.40.ground.smt2,,1,0,unsat,1.820920,0.020720,0.443890,0.601920,0.543190,0.000000,0.003060,
demo.40.ground.smt2,,1,1,unsat,1.698934,0.021380,0.439750,0.590940,0.436260,0.000000,0.002740,
demo.40.ground.smt2,,1,2,unsat,1.657803,0.019420,0.439590,0.575990,0.414200,0.000000,0.002860,
demo.40.ground.smt2,,1,3,unsat,1.659102,0.020420,0.435140,0.570640,0.422760,0.000000,0.002970,
demo.40.ground.smt2,,1,4,unsat,1.730807,0.019600,0.439060,0.572370,0.491100,0.000000,0.002690,
demo.40.ground.smt2,,2,0,unsat,1.559290,0.019430,0.435080,0.555230,0.326830,0.000000,0.008130,
demo.40.ground.smt2,,2,1,unsat,1.525655,0.020090,0.441250,0.536820,0.304500,0.000000,0.008630,
demo.40.ground.smt2,,2,2,unsat,1.552139,0.019380,0.437430,0.538470,0.334810,0.000000,0.008980,
demo.40.ground.smt2,,2,3,unsat,1.460906,0.018990,0.427710,0.511770,0.288140,0.000000,0.007700,
demo.40.ground.smt2,,2,4,unsat,1.487850,0.019130,0.440230,0.514160,0.300100,0.000000,0.008030,
demo.40.ground.smt2,,4,0,unsat,1.368135,0.020730,0.436600,0.513040,0.183510,0.000000,0.010510,
demo.40.ground.smt2,,4,1,unsat,1.351449,0.019870,0.435740,0.507950,0.171740,0.000000,0.010660,
demo.40.ground.smt2,,4,2,unsat,1.355917,0.020080,0.436390,0.500790,0.185280,0.000000,0.011310,
demo.40.ground.smt2,,4,3,unsat,1.362647,0.020760,0.436670,0.500780,0.187650,0.000000,0.011740,
demo.40.ground.smt2,,4,4,unsat,1.355566,0.020080,0.437950,0.499210,0.183400,0.000000,0.011330,
demo.40.ground.smt2,,8,0,unsat,1.263146,0.020180,0.435140,0.493810,0.105110,0.000000,0.010310,
demo.40.ground.smt2,,8,1,unsat,1.245549,0.019400,0.427780,0.487800,0.101220,0.000000,0.009960,
demo.40.ground.smt2,,8,2,unsat,1.250079,0.019200,0.429120,0.487460,0.105820,0.000000,0.010240,
demo.40.ground.smt2,,8,3,unsat,1.257150,0.019660,0.434040,0.488550,0.108640,0.000000,0.010400,
demo.40.ground.smt2,,8,4,unsat,1.263396,0.019170,0.434950,0.491840,0.107490,0.000000,0.011230,
demo.40.ground.smt2,,16,0,unsat,1.223606,0.020490,0.429490,0.495810,0.076280,0.000000,0.011120,
demo.40.ground.smt2,,16,1,unsat,1.225352,0.019400,0.430100,0.500080,0.073050,0.000000,0.011480,
demo.40.ground.smt2,,16,2,unsat,1.233284,0.019700,0.429500,0.504880,0.077690,0.000000,0.011540,
demo.40.ground.smt2,,16,3,unsat,1.232229,0.019890,0.428640,0.506620,0.074680,0.000000,0.011590,
demo.40.ground.smt2,,16,4,unsat,1.237957,0.019750,0.428730,0.511420,0.076040,0.000000,0.011940,
demo.40.ground.smt2,,32,0,unsat,1.241159,0.020050,0.432090,0.521740,0.059910,0.000000,0.012710,
demo.40.ground.smt2,,32,1,unsat,1.236054,0.020510,0.431320,0.516040,0.058700,0.000000,0.012670,
demo.40.ground.smt2,,32,2,unsat,1.225127,0.018920,0.431670,0.506770,0.059630,0.000000,0.012780,
demo.40.ground.smt2,,32,3,unsat,1.244087,0.019480,0.431110,0.520660,0.062460,0.000000,0.014090,
demo.40.ground.smt2,,32,4,unsat,1.273462,0.021670,0.430900,0.545980,0.063330,0.000000,0.013090,
demo.40.ground.smt2,,64,0,unsat,1.290278,0.021720,0.432810,0.542950,0.067820,0.000000,0.016800,
demo.40.ground.smt2,,64,1,unsat,1.336801,0.021210,0.442450,0.575890,0.065190,0.000000,0.014380,
demo.40.ground.smt2,,64,2,unsat,1.293898,0.020470,0.437990,0.544320,0.066200,0.000000,0.017350,
demo.40.ground.smt2,,64,3,unsat,1.313803,0.021750,0.434410,0.564470,0.067030,0.000000,0.017550,
demo.40.ground.smt2,,64,4,unsat,1.313914,0.020650,0.434160,0.577920,0.060380,0.000000,0.016590,
demo.40.ground.smt2,,128,0,unsat,1.446240,0.023150,0.437520,0.639500,0.095670,0.000000,0.019850,
demo.40.ground.smt2,,128,1,unsat,1.464667,0.023140,0.436920,0.646620,0.112650,0.000000,0.019420,
demo.40.ground.smt2,,128,2,unsat,1.425945,0.020900,0.431140,0.622690,0.105730,0.000000,0.019720,
demo.40.ground.smt2,,128,3,unsat,1.453806,0.022080,0.438620,0.645340,0.100490,0.000000,0.019510,
demo.40.ground.smt2,,128,4,unsat,1.509203,0.021740,0.430930,0.660850,0.144730,0.000000,0.020780,
demo.42.ground.smt2,,1,0,unsat,0.724217,0.008050,0.180040,0.248450,0.205290,0.000000,0.001270,
demo.42.ground.smt2,,1,1,unsat,0.625489,0.008380,0.180750,0.204610,0.155280,0.000000,0.001160,
demo.42.ground.smt2,,1,2,unsat,0.690666,0.008050,0.183860,0.250570,0.160920,0.000000,0.001180,
demo.42.ground.smt2,,1,3,unsat,0.655847,0.007840,0.181190,0.207130,0.182370,0.000000,0.001180,
demo.42.ground.smt2,,1,4,unsat,0.676453,0.008160,0.181530,0.246920,0.154300,0.000000,0.001160,
demo.42.ground.smt2,,2,0,unsat,0.669666,0.007760,0.184140,0.255520,0.129540,0.000000,0.005840,
demo.42.ground.smt2,,2,1,unsat,0.616017,0.008050,0.182310,0.205380,0.135390,0.000000,0.005640,
demo.42.ground.smt2,,2,2,unsat,0.670918,0.007930,0.182520,0.254700,0.134760,0.000000,0.005890,
demo.42.ground.smt2,,2,3,unsat,0.615376,0.007860,0.182240,0.204960,0.136160,0.000000,0.005770,
demo.42.ground.smt2,,2,4,unsat,0.663655,0.008280,0.184640,0.240760,0.138730,0.000000,0.006500,
demo.42.ground.smt2,,4,0,unsat,0.590531,0.008220,0.180620,0.215810,0.100330,0.000000,0.005760,
demo.42.ground.smt2,,4,1,unsat,0.597191,0.007670,0.181190,0.220640,0.102680,0.000000,0.005830,
demo.42.ground.smt2,,4,2,unsat,0.575053,0.007590,0.181280,0.202870,0.099510,0.000000,0.006100,
demo.42.ground.smt2,,4,3,unsat,0.621093,0.007910,0.181580,0.242910,0.097530,0.000000,0.006120,
demo.42.ground.smt2,,4,4,unsat,0.567703,0.007640,0.179010,0.200470,0.097540,0.000000,0.006090,
demo.42.ground.smt2,,8,0,unsat,0.564078,0.008170,0.183930,0.205790,0.079730,0.000000,0.005700,
demo.42.ground.smt2,,8,1,unsat,0.596031,0.007990,0.182000,0.238750,0.077230,0.000000,0.005870,
demo.42.ground.smt2,,8,2,unsat,0.560588,0.007660,0.183390,0.205610,0.079150,0.000000,0.005760,
demo.42.ground.smt2,,8,3,unsat,0.560506,0.008300,0.180180,0.206280,0.080820,0.000000,0.006150,
demo.42.ground.smt2,,8,4,unsat,0.607581,0.007500,0.183370,0.245050,0.081160,0.000000,0.006210,
demo.42.ground.smt2,,16,0,unsat,0.604787,0.007860,0.185840,0.247310,0.069440,0.000000,0.006600,
demo.42.ground.smt2,,16,1,unsat,0.607668,0.007550,0.184900,0.252210,0.071290,0.000000,0.006870,
demo.42.ground.smt2,,16,2,unsat,0.565292,0.007780,0.183340,0.213400,0.071750,0.000000,0.006580,
demo.42.ground.smt2,,16,3,unsat,0.597326,0.007970,0.182730,0.242670,0.071700,0.000000,0.006800,
demo.42.ground.smt2,,16,4,unsat,0.581152,0.007430,0.184760,0.228810,0.070830,0.000000,0.006290,
demo.42.ground.smt2,,32,0,unsat,0.588841,0.008040,0.181930,0.229050,0.071940,0.000000,0.007520,
demo.42.ground.smt2,,32,1,unsat,0.600059,0.007900,0.185420,0.237660,0.070220,0.000000,0.007270,
demo.42.ground.smt2,,32,2,unsat,0.597272,0.008240,0.185850,0.236390,0.068220,0.000000,0.007190,
demo.42.ground.smt2,,32,3,unsat,0.606414,0.007990,0.186850,0.242430,0.071000,0.000000,0.006970,
demo.42.ground.smt2,,32,4,unsat,0.599525,0.007610,0.185870,0.238620,0.068930,0.000000,0.006860,
demo.42.ground.smt2,,64,0,unsat,0.656935,0.007910,0.183320,0.281700,0.075380,0.000000,0.008360,
demo.42.ground.smt2,,64,1,unsat,0.645910,0.007580,0.182870,0.269800,0.077190,0.000000,0.008210,
demo.42.ground.smt2,,64,2,unsat,0.678104,0.008600,0.184420,0.291550,0.079650,0.000000,0.009690,
demo.42.ground.smt2,,64,3,unsat,0.653790,0.008520,0.182740,0.273390,0.076430,0.000000,0.008740,
demo.42.ground.smt2,,64,4,unsat,0.664375,0.007710,0.185980,0.283960,0.077130,0.000000,0.008750,
demo.42.ground.smt2,,128,0,unsat,0.882225,0.008750,0.187440,0.331160,0.219650,0.000000,0.012610,
demo.42.ground.smt2,,128,1,unsat,0.823264,0.008400,0.187840,0.339110,0.152810,0.000000,0.011430,
demo.42.ground.smt2,,128,2,unsat,0.823856,0.008430,0.185910,0.346860,0.148600,0.000000,0.010900,
demo.42.ground.smt2,,128,3,unsat,0.800126,0.009040,0.186150,0.333370,0.141760,0.000000,0.009730,
demo.42.ground.smt2,,128,4,unsat,0.852427,0.008780,0.187030,0.338430,0.185940,0.000000,0.010960,
demo.43.ground.smt2,,1,0,unsat,1.026894,0.013990,0.272670,0.402130,0.216930,0.000000,0.001960,
demo.43.ground.smt2,,1,1,unsat,1.043130,0.012670,0.271330,0.413120,0.225270,0.000000,0.001910,
demo.43.ground.smt2,,1,2,unsat,1.047357,0.013110,0.278100,0.424900,0.207970,0.000000,0.001860,
demo.43.ground.smt2,,1,3,unsat,1.017575,0.012600,0.271000,0.400010,0.210270,0.000000,0.001850,
demo.43.ground.smt2,,1,4,unsat,1.020073,0.011960,0.274570,0.387360,0.227890,0.000000,0.002050,
demo.43.ground.smt2,,2,0,unsat,0.946413,0.012710,0.273200,0.385310,0.148930,0.000000,0.006800,
demo.43.ground.smt2,,2,1,unsat,0.932718,0.011610,0.272350,0.368380,0.155290,0.000000,0.006710,
demo.43.ground.smt2,,2,2,unsat,0.929996,0.012800,0.274920,0.362090,0.157510,0.000000,0.007290,
demo.43.ground.smt2,,2,3,unsat,0.915475,0.011980,0.271800,0.350950,0.154690,0.000000,0.006880,
demo.43.ground.smt2,,2,4,unsat,0.934758,0.012510,0.272040,0.364660,0.158860,0.000000,0.007190,
demo.43.ground.smt2,,4,0,unsat,0.874077,0.013170,0.272400,0.346060,0.111880,0.000000,0.008030,
demo.43.ground.smt2,,4,1,unsat,0.889372,0.012690,0.270920,0.362540,0.115860,0.000000,0.008750,
demo.43.ground.smt2,,4,2,unsat,0.883886,0.012790,0.275290,0.352430,0.113360,0.000000,0.007710,
demo.43.ground.smt2,,4,3,unsat,0.917214,0.012540,0.275580,0.382540,0.117120,0.000000,0.008290,
demo.43.ground.smt2,,4,4,unsat,0.870446,0.012310,0.270540,0.348000,0.112010,0.000000,0.008490,
demo.43.ground.smt2,,8,0,unsat,0.828236,0.012390,0.270100,0.335090,0.084190,0.000000,0.008120,
demo.43.ground.smt2,,8,1,unsat,0.811841,0.012040,0.266720,0.319940,0.085540,0.000000,0.008020,
demo.43.ground.smt2,,8,2,unsat,0.829106,0.012210,0.271370,0.332710,0.084660,0.000000,0.007930,
demo.43.ground.smt2,,8,3,unsat,0.827829,0.011740,0.269690,0.331940,0.087290,0.000000,0.008230,
demo.43.ground.smt2,,8,4,unsat,0.814170,0.011990,0.268490,0.322230,0.084880,0.000000,0.007870,
demo.43.ground.smt2,,16,0,unsat,0.802733,0.012330,0.273830,0.316540,0.075360,0.000000,0.008370,
demo.43.ground.smt2,,16,1,unsat,0.799462,0.012530,0.267040,0.324550,0.072740,0.000000,0.008350,
demo.43.ground.smt2,,16,2,unsat,0.817982,0.013120,0.271760,0.333460,0.073730,0.000000,0.008360,
demo.43.ground.smt2,,16,3,unsat,0.804115,0.013380,0.267340,0.327600,0.071480,0.000000,0.008780,
demo.43.ground.smt2,,16,4,unsat,0.803438,0.012480,0.268570,0.325350,0.074560,0.000000,0.008360,
demo.43.ground.smt2,,32,0,unsat,0.820816,0.011590,0.269290,0.343680,0.068220,0.000000,0.009900,
demo.43.ground.smt2,,32,1,unsat,0.814867,0.012000,0.269160,0.335780,0.069720,0.000000,0.009270,
demo.43.ground.smt2,,32,2,unsat,0.826552,0.011570,0.270170,0.350620,0.065950,0.000000,0.009530,
demo.43.ground.smt2,,32,3,unsat,0.821557,0.012200,0.274250,0.340530,0.065920,0.000000,0.009490,
demo.43.ground.smt2,,32,4,unsat,0.821542,0.012230,0.271920,0.337870,0.069360,0.000000,0.009560,
demo.43.ground.smt2,,64,0,unsat,0.846737,0.011440,0.265460,0.356830,0.075490,0.000000,0.012490,
demo.43.ground.smt2,,64,1,unsat,0.854259,0.012290,0.274240,0.359590,0.074190,0.000000,0.010640,
demo.43.ground.smt2,,64,2,unsat,0.877370,0.012110,0.274280,0.383780,0.072340,0.000000,0.010480,
demo.43.ground.smt2,,64,3,unsat,0.860373,0.011810,0.265880,0.367890,0.076950,0.000000,0.012160,
demo.43.ground.smt2,,64,4,unsat,0.863333,0.011980,0.271300,0.369580,0.072620,0.000000,0.010530,
demo.43.ground.smt2,,128,0,unsat,0.999847,0.013740,0.270900,0.423120,0.129400,0.000000,0.012750,
demo.43.ground.smt2,,128,1,unsat,0.992879,0.013400,0.273550,0.450010,0.099230,0.000000,0.012430,
demo.43.ground.smt2,,128,2,unsat,0.979346,0.012700,0.275740,0.417050,0.117830,0.000000,0.012510,
demo.43.ground.smt2,,128,3,unsat,1.048073,0.013280,0.270670,0.448150,0.150700,0.000000,0.014070,
demo.43.ground.smt2,,128,4,unsat,0.979866,0.013110,0.274610,0.409840,0.121860,0.000000,0.012870,
demo.44.ground.smt2,,1,0,unsat,1.819592,0.021010,0.438530,0.648080,0.487930,0.000000,0.002930,
demo.44.ground.smt2,,1,1,unsat,1.689120,0.020760,0.433040,0.602240,0.416630,0.000000,0.002610,
demo.44.ground.smt2,,1,2,unsat,1.737378,0.019710,0.430700,0.576330,0.498440,0.000000,0.002660,
demo.44.ground.smt2,,1,3,unsat,1.734773,0.020280,0.430480,0.586850,0.481080,0.000000,0.002890,
demo.44.ground.smt2,,1,4,unsat,1.672101,0.020170,0.431390,0.583600,0.423850,0.000000,0.002720,
demo.44.ground.smt2,,2,0,unsat,1.506137,0.020730,0.428050,0.541910,0.295640,0.000000,0.008600,
demo.44.ground.smt2,,2,1,unsat,1.496296,0.020060,0.427150,0.539120,0.284920,0.000000,0.008400,
demo.44.ground.smt2,,2,2,unsat,1.519479,0.019380,0.431020,0.525190,0.326550,0.000000,0.009770,
demo.44.ground.smt2,,2,3,unsat,1.446558,0.019340,0.428000,0.514490,0.280740,0.000000,0.007310,
demo.44.ground.smt2,,2,4,unsat,1.431533,0.019870,0.429230,0.498770,0.274980,0.000000,0.007840,
demo.44.ground.smt2,,4,0,unsat,1.329581,0.020780,0.432430,0.490620,0.175050,0.000000,0.011420,
demo.44.ground.smt2,,4,1,unsat,1.308414,0.021830,0.418940,0.490250,0.165450,0.000000,0.009940,
demo.44.ground.smt2,,4,2,unsat,1.342720,0.020170,0.430280,0.498390,0.180530,0.000000,0.011530,
demo.44.ground.smt2,,4,3,unsat,1.362178,0.020680,0.436110,0.506350,0.184400,0.000000,0.011590,
demo.44.ground.smt2,,4,4,unsat,1.338860,0.019960,0.431970,0.492160,0.183200,0.000000,0.010520,
demo.44.ground.smt2,,8,0,unsat,1.247238,0.019110,0.428060,0.485870,0.104720,0.000000,0.010280,
demo.44.ground.smt2,,8,1,unsat,1.258024,0.019960,0.428180,0.489310,0.111180,0.000000,0.012070,
demo.44.ground.smt2,,8,2,unsat,1.239936,0.019640,0.421930,0.482450,0.104760,0.000000,0.010010,
demo.44.ground.smt2,,8,3,unsat,1.243338,0.019520,0.419360,0.485900,0.107240,0.000000,0.011300,
demo.44.ground.smt2,,8,4,unsat,1.238004,0.020650,0.421220,0.481230,0.104950,0.000000,0.010690,
demo.44.ground.smt2,,16,0,unsat,1.212526,0.020480,0.425970,0.485850,0.075350,0.000000,0.011940,
demo.44.ground.smt2,,16,1,unsat,1.215858,0.020440,0.425310,0.488280,0.075260,0.000000,0.011350,
demo.44.ground.smt2,,16,2,unsat,1.215527,0.020490,0.421580,0.487370,0.078440,0.000000,0.012160,
demo.44.ground.smt2,,16,3,unsat,1.214064,0.021110,0.422340,0.490540,0.077300,0.000000,0.011310,
demo.44.ground.smt2,,16,4,unsat,1.219262,0.020820,0.426770,0.494980,0.072840,0.000000,0.011680,
demo.44.ground.smt2,,32,0,unsat,1.224944,0.019750,0.426910,0.506510,0.059040,0.000000,0.013180,
demo.44.ground.smt2,,32,1,unsat,1.227993,0.022010,0.427550,0.508210,0.057980,0.000000,0.012520,
demo.44.ground.smt2,,32,2,unsat,1.230109,0.019860,0.427790,0.513710,0.058520,0.000000,0.012690,
demo.44.ground.smt2,,32,3,unsat,1.243456,0.020760,0.426970,0.524570,0.058220,0.000000,0.012500,
demo.44.ground.smt2,,32,4,unsat,1.232675,0.020360,0.431830,0.514640,0.059230,0.000000,0.012510,
demo.44.ground.smt2,,64,0,unsat,1.255338,0.020140,0.427560,0.528940,0.059250,0.000000,0.016290,
demo.44.ground.smt2,,64,1,unsat,1.282288,0.021460,0.430200,0.544310,0.062690,0.000000,0.017170,
demo.44.ground.smt2,,64,2,unsat,1.288787,0.021910,0.429120,0.544020,0.069320,0.000000,0.016500,
demo.44.ground.smt2,,64,3,unsat,1.292961,0.021020,0.429970,0.560460,0.059150,0.000000,0.015650,
demo.44.ground.smt2,,64,4,unsat,1.269429,0.021100,0.427250,0.536920,0.063120,0.000000,0.016250,
demo.44.ground.smt2,,128,0,unsat,1.471546,0.022540,0.437680,0.626690,0.139780,0.000000,0.021590,
demo.44.ground.smt2,,128,1,unsat,1.496242,0.023090,0.431370,0.662850,0.133500,0.000000,0.019010,
demo.44.ground.smt2,,128,2,unsat,1.463159,0.023440,0.436500,0.643880,0.109560,0.000000,0.019690,
demo.44.ground.smt2,,128,3,unsat,1.453782,0.022670,0.426520,0.648480,0.102930,0.000000,0.020180,
demo.44.ground.smt2,,128,4,unsat,1.496938,0.023270,0.434990,0.640910,0.141790,0.000000,0.021390,
demo.45.ground.smt2,,1,0,unsat,0.979293,0.013610,0.288720,0.333730,0.229550,0.000000,0.002050,
demo.45.ground.smt2,,1,1,unsat,1.017427,0.012840,0.292630,0.346230,0.252060,0.000000,0.002090,
demo.45.ground.smt2,,1,2,unsat,1.026975,0.012850,0.291300,0.335710,0.273890,0.000000,0.002020,
demo.45.ground.smt2,,1,3,unsat,1.041475,0.012880,0.284290,0.335920,0.293200,0.000000,0.002130,
demo.45.ground.smt2,,1,4,unsat,0.978950,0.012530,0.283450,0.334040,0.234350,0.000000,0.001890,
demo.45.ground.smt2,,2,0,unsat,0.950083,0.012030,0.291680,0.345550,0.179070,0.000000,0.007740,
demo.45.ground.smt2,,2,1,unsat,0.909090,0.012070,0.286830,0.321540,0.167800,0.000000,0.007140,
demo.45.ground.smt2,,2,2,unsat,0.909642,0.012610,0.286850,0.327610,0.163800,0.000000,0.006950,
demo.45.ground.smt2,,2,3,unsat,0.922720,0.012050,0.290520,0.327920,0.171410,0.000000,0.007370,
demo.45.ground.smt2,,2,4,unsat,0.913649,0.011820,0.289060,0.325260,0.166200,0.000000,0.007390,
demo.45.ground.smt2,,4,0,unsat,0.858887,0.013160,0.287330,0.326290,0.107240,0.000000,0.008340,
demo.45.ground.smt2,,4,1,unsat,0.863348,0.012850,0.288880,0.323780,0.113340,0.000000,0.008340,
demo.45.ground.smt2,,4,2,unsat,0.870808,0.012510,0.291410,0.329420,0.111300,0.000000,0.008810,
demo.45.ground.smt2,,4,3,unsat,0.869614,0.012850,0.288750,0.330010,0.113390,0.000000,0.008290,
demo.45.ground.smt2,,4,4,unsat,0.857576,0.013670,0.284730,0.324870,0.110240,0.000000,0.008350,
demo.45.ground.smt2,,8,0,unsat,0.834677,0.012750,0.286970,0.329060,0.078700,0.000000,0.008970,
demo.45.ground.smt2,,8,1,unsat,0.829143,0.013090,0.285020,0.324790,0.080160,0.000000,0.008910,
demo.45.ground.smt2,,8,2,unsat,0.831201,0.012880,0.285850,0.330220,0.075620,0.000000,0.009030,
demo.45.ground.smt2,,8,3,unsat,0.830868,0.013210,0.293700,0.322570,0.076340,0.000000,0.008590,
demo.45.ground.smt2,,8,4,unsat,0.828371,0.013170,0.289540,0.325610,0.074460,0.000000,0.008210,
demo.45.ground.smt2,,16,0,unsat,0.823814,0.012710,0.293560,0.332020,0.058880,0.000000,0.009470,
demo.45.ground.smt2,,16,1,unsat,0.818990,0.012340,0.289870,0.335690,0.057160,0.000000,0.008450,
demo.45.ground.smt2,,16,2,unsat,0.820689,0.013110,0.291330,0.336580,0.056450,0.000000,0.008430,
demo.45.ground.smt2,,16,3,unsat,0.818956,0.012220,0.286880,0.333210,0.061430,0.000000,0.009120,
demo.45.ground.smt2,,16,4,unsat,0.817368,0.012820,0.288170,0.335540,0.057180,0.000000,0.008060,
demo.45.ground.smt2,,32,0,unsat,0.832318,0.012070,0.291100,0.347880,0.050050,0.000000,0.009260,
demo.45.ground.smt2,,32,1,unsat,0.838729,0.012250,0.292730,0.353150,0.050710,0.000000,0.009370,
demo.45.ground.smt2,,32,2,unsat,0.842354,0.012880,0.291020,0.360140,0.050210,0.000000,0.008850,
demo.45.ground.smt2,,32,3,unsat,0.832677,0.012190,0.292210,0.346490,0.051140,0.000000,0.009150,
demo.45.ground.smt2,,32,4,unsat,0.845943,0.013170,0.290370,0.363150,0.050680,0.000000,0.008810,
demo.45.ground.smt2,,64,0,unsat,0.874337,0.012970,0.291030,0.373980,0.058640,0.000000,0.010860,
demo.45.ground.smt2,,64,1,unsat,0.886163,0.012760,0.292160,0.382740,0.055880,0.000000,0.013360,
demo.45.ground.smt2,,64,2,unsat,0.884604,0.013650,0.290350,0.382890,0.058350,0.000000,0.012950,
demo.45.ground.smt2,,64,3,unsat,0.876857,0.013950,0.289620,0.377590,0.057590,0.000000,0.012710,
demo.45.ground.smt2,,64,4,unsat,0.918362,0.013010,0.290460,0.410210,0.056080,0.000000,0.012420,
demo.45.ground.smt2,,128,0,unsat,1.037573,0.013820,0.296080,0.454990,0.111690,0.000000,0.013970,
demo.45.ground.smt2,,128,1,unsat,1.004658,0.014310,0.288330,0.456970,0.086220,0.000000,0.013820,
demo.45.ground.smt2,,128,2,unsat,1.005243,0.014410,0.289970,0.450730,0.086480,0.000000,0.014650,
demo.45.ground.smt2,,128,3,unsat,1.034248,0.013840,0.294160,0.470360,0.095070,0.000000,0.013860,
demo.45.ground.smt2,,128,4,unsat,1.019673,0.013680,0.289760,0.466370,0.087780,0.000000,0.014460,
demo.47.ground.smt2,,1,0,unsat,0.993880,0.013780,0.265150,0.325840,0.282100,0.000000,0.001830,
demo.47.ground.smt2,,1,1,unsat,1.013388,0.013700,0.271380,0.348210,0.270040,0.000000,0.001790,
demo.47.ground.smt2,,1,2,unsat,1.020755,0.012190,0.269370,0.372380,0.253090,0.000000,0.001760,
demo.47.ground.smt2,,1,3,unsat,0.977048,0.012490,0.270310,0.353680,0.223470,0.000000,0.001860,
demo.47.ground.smt2,,1,4,unsat,1.030195,0.012180,0.268350,0.357410,0.278370,0.000000,0.001770,
demo.47.ground.smt2,,2,0,unsat,0.865008,0.012200,0.266670,0.310980,0.162960,0.000000,0.007260,
demo.47.ground.smt2,,2,1,unsat,0.875403,0.012270,0.268660,0.316870,0.162840,0.000000,0.006500,
demo.47.ground.smt2,,2,2,unsat,0.895647,0.012630,0.268030,0.331640,0.163980,0.000000,0.006440,
demo.47.ground.smt2,,2,3,unsat,0.904338,0.010840,0.270970,0.342130,0.160610,0.000000,0.007430,
demo.47.ground.smt2,,2,4,unsat,0.890098,0.011760,0.264260,0.336660,0.157230,0.000000,0.006850,
demo.47.ground.smt2,,4,0,unsat,0.856063,0.012540,0.265790,0.337830,0.122050,0.000000,0.007970,
demo.47.ground.smt2,,4,1,unsat,0.823799,0.012380,0.269320,0.313870,0.113300,0.000000,0.008010,
demo.47.ground.smt2,,4,2,unsat,0.805861,0.012960,0.268360,0.299970,0.112670,0.000000,0.006990,
demo.47.ground.smt2,,4,3,unsat,0.810199,0.012680,0.268440,0.302290,0.111440,0.000000,0.007610,
demo.47.ground.smt2,,4,4,unsat,0.839701,0.011870,0.267350,0.328400,0.114710,0.000000,0.007440,
demo.47.ground.smt2,,8,0,unsat,0.808814,0.012640,0.269330,0.326860,0.078610,0.000000,0.008210,
demo.47.ground.smt2,,8,1,unsat,0.814563,0.012620,0.267380,0.332320,0.078820,0.000000,0.008340,
demo.47.ground.smt2,,8,2,unsat,0.813049,0.012640,0.269250,0.325670,0.082410,0.000000,0.008310,
demo.47.ground.smt2,,8,3,unsat,0.807571,0.012750,0.269300,0.322870,0.082730,0.000000,0.007470,
demo.47.ground.smt2,,8,4,unsat,0.784924,0.011860,0.266940,0.308310,0.082270,0.000000,0.007910,
demo.47.ground.smt2,,16,0,unsat,0.776602,0.012300,0.271120,0.314280,0.064600,0.000000,0.007690,
demo.47.ground.smt2,,16,1,unsat,0.772209,0.011840,0.267050,0.310410,0.067170,0.000000,0.008800,
demo.47.ground.smt2,,16,2,unsat,0.773438,0.011940,0.264100,0.312380,0.065970,0.000000,0.008390,
demo.47.ground.smt2,,16,3,unsat,0.773204,0.011470,0.266950,0.310910,0.066080,0.000000,0.008930,
demo.47.ground.smt2,,16,4,unsat,0.776478,0.012370,0.266110,0.316850,0.063860,0.000000,0.008440,
demo.47.ground.smt2,,32,0,unsat,0.779621,0.012280,0.267200,0.323320,0.059260,0.000000,0.008540,
demo.47.ground.smt2,,32,1,unsat,0.773166,0.012620,0.264160,0.323480,0.056970,0.000000,0.008080,
demo.47.ground.smt2,,32,2,unsat,0.784705,0.012330,0.266740,0.326910,0.057900,0.000000,0.008400,
demo.47.ground.smt2,,32,3,unsat,0.784963,0.011840,0.265260,0.333930,0.056550,0.000000,0.008300,
demo.47.ground.smt2,,32,4,unsat,0.798373,0.012380,0.269870,0.339910,0.056930,0.000000,0.008350,
demo.47.ground.smt2,,64,0,unsat,0.827820,0.011240,0.270910,0.347530,0.064070,0.000000,0.011680,
demo.47.ground.smt2,,64,1,unsat,0.858397,0.012660,0.270240,0.378600,0.065290,0.000000,0.010460,
demo.47.ground.smt2,,64,2,unsat,0.824709,0.012750,0.267300,0.348290,0.060850,0.000000,0.012040,
demo.47.ground.smt2,,64,3,unsat,0.836443,0.011640,0.269600,0.361540,0.064240,0.000000,0.010730,
demo.47.ground.smt2,,64,4,unsat,0.846704,0.012670,0.267560,0.372020,0.063600,0.000000,0.011200,
demo.47.ground.smt2,,128,0,unsat,0.962590,0.012830,0.269910,0.425080,0.101020,0.000000,0.012890,
demo.47.ground.smt2,,128,1,unsat,0.979084,0.013930,0.270670,0.418280,0.117580,0.000000,0.013210,
demo.47.ground.smt2,,128,2,unsat,1.004007,0.013840,0.270140,0.430540,0.134850,0.000000,0.012990,
demo.47.ground.smt2,,128,3,unsat,1.054848,0.012870,0.268900,0.449670,0.170370,0.000000,0.013380,
demo.47.ground.smt2,,128,4,unsat,0.977575,0.013160,0.270290,0.438130,0.103180,0.000000,0.012990,
demo.48.ground.smt2,,1,0,unsat,1.142047,0.013940,0.292400,0.419480,0.291660,0.000000,0.002040,
demo.48.ground.smt2,,1,1,unsat,1.111779,0.013690,0.292620,0.401260,0.282160,0.000000,0.002160,
demo.48.ground.smt2,,1,2,unsat,1.133205,0.012650,0.290120,0.404440,0.304850,0.000000,0.002280,
demo.48.ground.smt2,,1,3,unsat,1.120084,0.012620,0.291890,0.391370,0.304160,0.000000,0.002320,
demo.48.ground.smt2,,1,4,unsat,1.089431,0.012530,0.290890,0.372020,0.294100,0.000000,0.002160,
demo.48.ground.smt2,,2,0,unsat,0.975801,0.012880,0.290690,0.373740,0.168630,0.000000,0.007740,
demo.48.ground.smt2,,2,1,unsat,1.007792,0.012110,0.294420,0.383620,0.185980,0.000000,0.008000,
demo.48.ground.smt2,,2,2,unsat,0.966917,0.011910,0.289410,0.374320,0.162180,0.000000,0.006920,
demo.48.ground.smt2,,2,3,unsat,0.975025,0.011290,0.292550,0.377670,0.165500,0.000000,0.007170,
demo.48.ground.smt2,,2,4,unsat,0.982057,0.012640,0.293200,0.380040,0.165580,0.000000,0.007320,
demo.48.ground.smt2,,4,0,unsat,0.911511,0.012300,0.288410,0.371940,0.106640,0.000000,0.007960,
demo.48.ground.smt2,,4,1,unsat,0.915855,0.012260,0.292980,0.370250,0.108980,0.000000,0.008310,
demo.48.ground.smt2,,4,2,unsat,0.933430,0.012240,0.291180,0.377140,0.119120,0.000000,0.008690,
demo.48.ground.smt2,,4,3,unsat,0.921695,0.012480,0.292470,0.372810,0.112160,0.000000,0.008550,
demo.48.ground.smt2,,4,4,unsat,0.897699,0.012520,0.289570,0.359450,0.108360,0.000000,0.007510,
demo.48.ground.smt2,,8,0,unsat,0.872411,0.012140,0.285790,0.368160,0.075850,0.000000,0.008600,
demo.48.ground.smt2,,8,1,unsat,0.867322,0.013700,0.286480,0.361180,0.076450,0.000000,0.008260,
demo.48.ground.smt2,,8,2,unsat,0.874133,0.013070,0.286810,0.365300,0.077450,0.000000,0.008320,
demo.48.ground.smt2,,8,3,unsat,0.875432,0.012940,0.293870,0.366930,0.072850,0.000000,0.007640,
demo.48.ground.smt2,,8,4,unsat,0.884431,0.012360,0.293900,0.372970,0.074000,0.000000,0.009080,
demo.48.ground.smt2,,16,0,unsat,0.848799,0.013060,0.290320,0.361610,0.055670,0.000000,0.008060,
demo.48.ground.smt2,,16,1,unsat,0.853131,0.012440,0.286870,0.365910,0.058920,0.000000,0.009140,
demo.48.ground.smt2,,16,2,unsat,0.839656,0.013230,0.287750,0.353460,0.057890,0.000000,0.008300,
demo.48.ground.smt2,,16,3,unsat,0.863053,0.012290,0.290820,0.374370,0.056250,0.000000,0.008190,
demo.48.ground.smt2,,16,4,unsat,0.867382,0.012500,0.289350,0.375480,0.059430,0.000000,0.009000,
demo.48.ground.smt2,,32,0,unsat,0.874843,0.012430,0.289840,0.388040,0.050050,0.000000,0.009390,
demo.48.ground.smt2,,32,1,unsat,0.857497,0.012870,0.294880,0.370900,0.047790,0.000000,0.009170,
demo.48.ground.smt2,,32,2,unsat,0.858270,0.012350,0.291390,0.375440,0.048570,0.000000,0.009340,
demo.48.ground.smt2,,32,3,unsat,0.856741,0.012740,0.290440,0.374890,0.050490,0.000000,0.008790,
demo.48.ground.smt2,,32,4,unsat,0.852293,0.012300,0.288970,0.372190,0.049200,0.000000,0.009390,
demo.48.ground.smt2,,64,0,unsat,0.913161,0.013290,0.293530,0.409840,0.057240,0.000000,0.010440,
demo.48.ground.smt2,,64,1,unsat,0.886849,0.012440,0.289810,0.392680,0.053030,0.000000,0.012100,
demo.48.ground.smt2,,64,2,unsat,0.893264,0.012120,0.291530,0.396310,0.052490,0.000000,0.012450,
demo.48.ground.smt2,,64,3,unsat,0.911895,0.013380,0.290030,0.411110,0.057050,0.000000,0.011830,
demo.48.ground.smt2,,64,4,unsat,0.903684,0.013090,0.293820,0.403660,0.052250,0.000000,0.011460,
demo.48.ground.smt2,,128,0,unsat,1.037295,0.014140,0.289530,0.458440,0.115410,0.000000,0.013720,
demo.48.ground.smt2,,128,1,unsat,1.021344,0.014330,0.295610,0.457810,0.086410,0.000000,0.014080,
demo.48.ground.smt2,,128,2,unsat,1.070972,0.013730,0.295300,0.484040,0.112220,0.000000,0.014140,
demo.48.ground.smt2,,128,3,unsat,1.059876,0.014260,0.309010,0.466960,0.103660,0.000000,0.014220,
demo.48.ground.smt2,,128,4,unsat,1.036151,0.014000,0.290980,0.472330,0.093640,0.000000,0.013990,
demo.49.ground.smt2,,1,0,unsat,1.099404,0.015070,0.306880,0.411610,0.237810,0.000000,0.002030,
demo.49.ground.smt2,,1,1,unsat,1.085778,0.014390,0.301220,0.413740,0.227150,0.000000,0.002020,
demo.49.ground.smt2,,1,2,unsat,1.117752,0.013370,0.305490,0.419550,0.251640,0.000000,0.002040,
demo.49.ground.smt2,,1,3,unsat,1.074169,0.013130,0.299520,0.398900,0.240360,0.000000,0.001970,
demo.49.ground.smt2,,1,4,unsat,1.073542,0.013660,0.297080,0.409260,0.228920,0.000000,0.002020,
demo.49.ground.smt2,,2,0,unsat,1.000222,0.013600,0.298550,0.388500,0.168240,0.000000,0.007230,
demo.49.ground.smt2,,2,1,unsat,1.002992,0.013230,0.297200,0.397160,0.163250,0.000000,0.007190,
demo.49.ground.smt2,,2,2,unsat,1.010289,0.013160,0.301960,0.396940,0.165320,0.000000,0.007220,
demo.49.ground.smt2,,2,3,unsat,1.006106,0.013530,0.301400,0.394470,0.163270,0.000000,0.007280,
demo.49.ground.smt2,,2,4,unsat,1.005798,0.013350,0.300890,0.389800,0.166820,0.000000,0.007770,
demo.49.ground.smt2,,4,0,unsat,0.955214,0.012340,0.303500,0.393300,0.115390,0.000000,0.007280,
demo.49.ground.smt2,,4,1,unsat,0.955608,0.013410,0.307750,0.389500,0.113220,0.000000,0.007510,
demo.49.ground.smt2,,4,2,unsat,0.941999,0.013170,0.299430,0.378420,0.116620,0.000000,0.007570,
demo.49.ground.smt2,,4,3,unsat,0.931637,0.013060,0.297730,0.371330,0.118730,0.000000,0.007500,
demo.49.ground.smt2,,4,4,unsat,0.933613,0.012880,0.301660,0.369910,0.117570,0.000000,0.007490,
demo.49.ground.smt2,,8,0,unsat,0.901204,0.013290,0.297020,0.367030,0.090210,0.000000,0.007980,
demo.49.ground.smt2,,8,1,unsat,0.897962,0.012740,0.295920,0.364580,0.091310,0.000000,0.007780,
demo.49.ground.smt2,,8,2,unsat,0.901196,0.012640,0.299300,0.366030,0.088340,0.000000,0.007760,
demo.49.ground.smt2,,8,3,unsat,0.898956,0.013020,0.297210,0.365510,0.091110,0.000000,0.008060,
demo.49.ground.smt2,,8,4,unsat,0.902067,0.012840,0.300020,0.365280,0.091340,0.000000,0.007740,
demo.49.ground.smt2,,16,0,unsat,0.882766,0.013180,0.298990,0.360940,0.076460,0.000000,0.008340,
demo.49.ground.smt2,,16,1,unsat,0.880448,0.012630,0.296270,0.362100,0.077070,0.000000,0.008700,
demo.49.ground.smt2,,16,2,unsat,0.889516,0.012960,0.295800,0.371750,0.077810,0.000000,0.008670,
demo.49.ground.smt2,,16,3,unsat,0.883823,0.012970,0.296350,0.363890,0.077100,0.000000,0.008670,
demo.49.ground.smt2,,16,4,unsat,0.886781,0.012850,0.295660,0.368380,0.078470,0.000000,0.008900,
demo.49.ground.smt2,,32,0,unsat,0.910310,0.013750,0.300430,0.382270,0.073340,0.000000,0.009430,
demo.49.ground.smt2,,32,1,unsat,0.903434,0.013420,0.300280,0.379730,0.069890,0.000000,0.010160,
demo.49.ground.smt2,,32,2,unsat,0.913122,0.013060,0.300010,0.388800,0.073620,0.000000,0.010100,
demo.49.ground.smt2,,32,3,unsat,0.907792,0.012770,0.299820,0.387270,0.073800,0.000000,0.009940,
demo.49.ground.smt2,,32,4,unsat,0.903186,0.013660,0.298980,0.381380,0.074290,0.000000,0.010000,
demo.49.ground.smt2,,64,0,unsat,0.949357,0.012710,0.301380,0.396340,0.082510,0.000000,0.015560,
demo.49.ground.smt2,,64,1,unsat,0.968538,0.013260,0.302570,0.421750,0.079420,0.000000,0.009190,
demo.49.ground.smt2,,64,2,unsat,0.981655,0.013510,0.300770,0.427710,0.082170,0.000000,0.013530,
demo.49.ground.smt2,,64,3,unsat,0.974577,0.014080,0.301830,0.426690,0.078340,0.000000,0.011840,
demo.49.ground.smt2,,64,4,unsat,0.990511,0.013380,0.300390,0.442530,0.078850,0.000000,0.009850,
demo.49.ground.smt2,,128,0,unsat,1.096604,0.014140,0.302360,0.495950,0.114000,0.000000,0.013770,
demo.49.ground.smt2,,128,1,unsat,1.169944,0.014190,0.305300,0.519660,0.154040,0.000000,0.014710,
demo.49.ground.smt2,,128,2,unsat,1.131589,0.014270,0.301290,0.505400,0.137860,0.000000,0.015460,
demo.49.ground.smt2,,128,3,unsat,1.091157,0.013530,0.301830,0.468570,0.139180,0.000000,0.014270,
demo.49.ground.smt2,,128,4,unsat,1.124219,0.015220,0.301220,0.495600,0.140590,0.000000,0.015040,
demo.5.ground.smt2,,1,0,unsat,1.237595,0.018520,0.347830,0.460120,0.276350,0.000000,0.002640,
demo.5.ground.smt2,,1,1,unsat,1.276219,0.017190,0.342980,0.451080,0.331790,0.000000,0.003050,
demo.5.ground.smt2,,1,2,unsat,1.212330,0.017580,0.337320,0.451950,0.272390,0.000000,0.002770,
demo.5.ground.smt2,,1,3,unsat,1.278869,0.016570,0.346320,0.457740,0.326970,0.000000,0.002830,
demo.5.ground.smt2,,1,4,unsat,1.207244,0.016000,0.343490,0.441660,0.275510,0.000000,0.002710,
demo.5.ground.smt2,,2,0,unsat,1.167359,0.016370,0.346680,0.461520,0.199970,0.000000,0.008060,
demo.5.ground.smt2,,2,1,unsat,1.143213,0.016640,0.344760,0.444030,0.195090,0.000000,0.007690,
demo.5.ground.smt2,,2,2,unsat,1.151066,0.016960,0.344970,0.431450,0.216380,0.000000,0.008250,
demo.5.ground.smt2,,2,3,unsat,1.111518,0.016810,0.335470,0.417130,0.203440,0.000000,0.007730,
demo.5.ground.smt2,,2,4,unsat,1.116710,0.016210,0.344220,0.421700,0.194290,0.000000,0.007830,
demo.5.ground.smt2,,4,0,unsat,1.043778,0.017390,0.351240,0.411280,0.122360,0.000000,0.009700,
demo.5.ground.smt2,,4,1,unsat,1.033200,0.016430,0.337600,0.417000,0.121840,0.000000,0.009280,
demo.5.ground.smt2,,4,2,unsat,1.036795,0.016290,0.342500,0.408640,0.126910,0.000000,0.010330,
demo.5.ground.smt2,,4,3,unsat,1.039225,0.016730,0.339650,0.417360,0.124610,0.000000,0.009820,
demo.5.ground.smt2,,4,4,unsat,1.026513,0.016400,0.348520,0.395770,0.126070,0.000000,0.009810,
demo.5.ground.smt2,,8,0,unsat,0.963305,0.017320,0.345040,0.384840,0.076170,0.000000,0.010240,
demo.5.ground.smt2,,8,1,unsat,0.962397,0.017280,0.341020,0.385480,0.079720,0.000000,0.010680,
demo.5.ground.smt2,,8,2,unsat,0.963962,0.016160,0.337750,0.392230,0.079870,0.000000,0.010000,
demo.5.ground.smt2,,8,3,unsat,0.972692,0.016380,0.346590,0.389430,0.080000,0.000000,0.010870,
demo.5.ground.smt2,,8,4,unsat,0.963064,0.016580,0.344460,0.383300,0.077500,0.000000,0.009870,
demo.5.ground.smt2,,16,0,unsat,0.944176,0.016960,0.347050,0.380450,0.053870,0.000000,0.010360,
demo.5.ground.smt2,,16,1,unsat,0.937593,0.017190,0.346940,0.382420,0.053650,0.000000,0.009560,
demo.5.ground.smt2,,16,2,unsat,0.943985,0.017050,0.350850,0.380960,0.053050,0.000000,0.009890,
demo.5.ground.smt2,,16,3,unsat,0.949851,0.017440,0.347610,0.394390,0.052060,0.000000,0.010120,
demo.5.ground.smt2,,16,4,unsat,0.937179,0.018150,0.342760,0.385210,0.052310,0.000000,0.010190,
demo.5.ground.smt2,,32,0,unsat,0.950634,0.017900,0.345630,0.397760,0.044800,0.000000,0.010720,
demo.5.ground.smt2,,32,1,unsat,0.952282,0.017900,0.347160,0.400910,0.041870,0.000000,0.010910,
demo.5.ground.smt2,,32,2,unsat,0.940481,0.017220,0.346450,0.388690,0.042540,0.000000,0.011600,
demo.5.ground.smt2,,32,3,unsat,0.934943,0.017120,0.338600,0.394440,0.041800,0.000000,0.010820,
demo.5.ground.smt2,,32,4,unsat,0.928728,0.017980,0.335770,0.389350,0.043970,0.000000,0.011470,
demo.5.ground.smt2,,64,0,unsat,0.972967,0.016420,0.345770,0.403450,0.049320,0.000000,0.017800,
demo.5.ground.smt2,,64,1,unsat,0.985593,0.018220,0.345500,0.415750,0.050080,0.000000,0.017370,
demo.5.ground.smt2,,64,2,unsat,0.980850,0.018390,0.344960,0.419040,0.047350,0.000000,0.013600,
demo.5.ground.smt2,,64,3,unsat,0.975891,0.017500,0.343300,0.415110,0.044290,0.000000,0.016050,
demo.5.ground.smt2,,64,4,unsat,0.985988,0.017810,0.343760,0.422580,0.050060,0.000000,0.014450,
demo.5.ground.smt2,,128,0,unsat,1.135558,0.018290,0.344400,0.496930,0.101880,0.000000,0.016660,
demo.5.ground.smt2,,128,1,unsat,1.122156,0.019000,0.347120,0.506500,0.078420,0.000000,0.017010,
demo.5.ground.smt2,,128,2,unsat,1.118913,0.018900,0.339660,0.480340,0.107340,0.000000,0.017230,
demo.5.ground.smt2,,128,3,unsat,1.121290,0.019110,0.339650,0.484120,0.096340,0.000000,0.026400,
demo.5.ground.smt2,,128,4,unsat,1.162178,0.019170,0.341230,0.504340,0.120670,0.000000,0.017240,
demo.50.ground.smt2,,1,0,unsat,0.972376,0.014950,0.279940,0.324950,0.241590,0.000000,0.001980,
demo.50.ground.smt2,,1,1,unsat,0.957122,0.013970,0.279900,0.321370,0.232330,0.000000,0.002000,
demo.50.ground.smt2,,1,2,unsat,0.960456,0.013770,0.276100,0.325810,0.234240,0.000000,0.001980,
demo.50.ground.smt2,,1,3,unsat,0.980819,0.013520,0.281980,0.331290,0.242580,0.000000,0.001980,
demo.50.ground.smt2,,1,4,unsat,0.977601,0.013710,0.281070,0.331160,0.240520,0.000000,0.002040,
demo.50.ground.smt2,,2,0,unsat,0.905257,0.013650,0.277450,0.341700,0.155910,0.000000,0.006980,
demo.50.ground.smt2,,2,1,unsat,0.896420,0.013930,0.281240,0.324040,0.160730,0.000000,0.006860,
demo.50.ground.smt2,,2,2,unsat,0.903134,0.013020,0.278240,0.328210,0.164280,0.000000,0.007010,
demo.50.ground.smt2,,2,3,unsat,0.911283,0.012880,0.281000,0.337930,0.160840,0.000000,0.007160,
demo.50.ground.smt2,,2,4,unsat,0.920877,0.013760,0.284340,0.336690,0.166260,0.000000,0.007010,
demo.50.ground.smt2,,4,0,unsat,0.869824,0.013370,0.283170,0.333770,0.117770,0.000000,0.008290,
demo.50.ground.smt2,,4,1,unsat,0.871552,0.013060,0.282160,0.339390,0.115320,0.000000,0.007780,
demo.50.ground.smt2,,4,2,unsat,0.877369,0.013000,0.280320,0.347210,0.114360,0.000000,0.007860,
demo.50.ground.smt2,,4,3,unsat,0.866414,0.013130,0.284580,0.331350,0.116080,0.000000,0.007520,
demo.50.ground.smt2,,4,4,unsat,0.862223,0.012910,0.282550,0.330770,0.114290,0.000000,0.007700,
demo.50.ground.smt2,,8,0,unsat,0.847697,0.012850,0.280670,0.344370,0.087270,0.000000,0.007800,
demo.50.ground.smt2,,8,1,unsat,0.831605,0.014070,0.278510,0.325710,0.089500,0.000000,0.007780,
demo.50.ground.smt2,,8,2,unsat,0.850305,0.013340,0.285690,0.340700,0.088070,0.000000,0.007850,
demo.50.ground.smt2,,8,3,unsat,0.836503,0.013720,0.285020,0.330590,0.086240,0.000000,0.007690,
demo.50.ground.smt2,,8,4,unsat,0.834206,0.013190,0.284500,0.324370,0.089200,0.000000,0.007810,
demo.50.ground.smt2,,16,0,unsat,0.822809,0.013200,0.282340,0.328110,0.075830,0.000000,0.008760,
demo.50.ground.smt2,,16,1,unsat,0.827123,0.013750,0.282130,0.330570,0.077240,0.000000,0.008320,
demo.50.ground.smt2,,16,2,unsat,0.830770,0.013290,0.281520,0.337730,0.073820,0.000000,0.008410,
demo.50.ground.smt2,,16,3,unsat,0.838749,0.014110,0.283050,0.340120,0.076770,0.000000,0.008760,
demo.50.ground.smt2,,16,4,unsat,0.837657,0.013060,0.281210,0.343550,0.075820,0.000000,0.008850,
demo.50.ground.smt2,,32,0,unsat,0.840134,0.013570,0.283130,0.349970,0.067960,0.000000,0.009720,
demo.50.ground.smt2,,32,1,unsat,0.836895,0.012850,0.283580,0.340530,0.071660,0.000000,0.010020,
demo.50.ground.smt2,,32,2,unsat,0.846638,0.013910,0.280480,0.359020,0.067880,0.000000,0.009160,
demo.50.ground.smt2,,32,3,unsat,0.840734,0.013190,0.285710,0.348220,0.069180,0.000000,0.009140,
demo.50.ground.smt2,,32,4,unsat,0.860620,0.013510,0.285100,0.363590,0.071010,0.000000,0.009160,
demo.50.ground.smt2,,64,0,unsat,0.871527,0.013490,0.280690,0.366580,0.076620,0.000000,0.008990,
demo.50.ground.smt2,,64,1,unsat,0.886838,0.012990,0.284770,0.376150,0.077400,0.000000,0.009770,
demo.50.ground.smt2,,64,2,unsat,0.896044,0.014120,0.287360,0.380780,0.073760,0.000000,0.010350,
demo.50.ground.smt2,,64,3,unsat,0.932915,0.013710,0.282510,0.408910,0.079970,0.000000,0.011900,
demo.50.ground.smt2,,64,4,unsat,0.934386,0.015090,0.284980,0.408440,0.077100,0.000000,0.009990,
demo.50.ground.smt2,,128,0,unsat,1.063968,0.013930,0.284720,0.481210,0.121010,0.000000,0.012930,
demo.50.ground.smt2,,128,1,unsat,1.045746,0.014440,0.287140,0.458040,0.123050,0.000000,0.013180,
demo.50.ground.smt2,,128,2,unsat,1.082620,0.014760,0.286100,0.448140,0.165330,0.000000,0.014460,
demo.50.ground.smt2,,128,3,unsat,1.073475,0.013970,0.287250,0.477030,0.129680,0.000000,0.013200,
demo.50.ground.smt2,,128,4,unsat,1.033969,0.013230,0.290770,0.447320,0.118360,0.000000,0.013400,
demo.53.ground.smt2,,1,0,unsat,1.353184,0.017670,0.379630,0.510090,0.285840,0.000000,0.002270,
demo.53.ground.smt2,,1,1,unsat,1.323918,0.016460,0.373750,0.497110,0.281300,0.000000,0.002290,
demo.53.ground.smt2,,1,2,unsat,1.322211,0.016840,0.375900,0.495180,0.278270,0.000000,0.002200,
demo.53.ground.smt2,,1,3,unsat,1.324496,0.014680,0.381130,0.490420,0.283410,0.000000,0.002220,
demo.53.ground.smt2,,1,4,unsat,1.392925,0.015680,0.383680,0.496790,0.343800,0.000000,0.002340,
demo.53.ground.smt2,,2,0,unsat,1.261167,0.016000,0.374810,0.503830,0.202900,0.000000,0.007880,
demo.53.ground.smt2,,2,1,unsat,1.248313,0.016120,0.379870,0.490910,0.198840,0.000000,0.007930,
demo.53.ground.smt2,,2,2,unsat,1.257206,0.015070,0.379040,0.483820,0.216940,0.000000,0.008840,
demo.53.ground.smt2,,2,3,unsat,1.247821,0.015080,0.375630,0.498120,0.200190,0.000000,0.007930,
demo.53.ground.smt2,,2,4,unsat,1.222228,0.015350,0.372350,0.473480,0.205150,0.000000,0.007870,
demo.53.ground.smt2,,4,0,unsat,1.147386,0.017480,0.376590,0.462620,0.131650,0.000000,0.008970,
demo.53.ground.smt2,,4,1,unsat,1.151054,0.016910,0.381220,0.462850,0.130110,0.000000,0.009030,
demo.53.ground.smt2,,4,2,unsat,1.143709,0.015980,0.379000,0.457490,0.129600,0.000000,0.009680,
demo.53.ground.smt2,,4,3,unsat,1.153051,0.016570,0.379060,0.465330,0.131510,0.000000,0.009080,
demo.53.ground.smt2,,4,4,unsat,1.143756,0.015330,0.382180,0.455230,0.131520,0.000000,0.008940,
demo.53.ground.smt2,,8,0,unsat,1.072601,0.015740,0.371010,0.446020,0.082260,0.000000,0.009540,
demo.53.ground.smt2,,8,1,unsat,1.067488,0.016070,0.374710,0.435810,0.082930,0.000000,0.008770,
demo.53.ground.smt2,,8,2,unsat,1.075935,0.016520,0.373860,0.442040,0.085660,0.000000,0.009880,
demo.53.ground.smt2,,8,3,unsat,1.071777,0.015940,0.370590,0.437750,0.085710,0.000000,0.009980,
demo.53.ground.smt2,,8,4,unsat,1.076220,0.015760,0.376030,0.440430,0.083150,0.000000,0.009320,
demo.53.ground.smt2,,16,0,unsat,1.067073,0.015890,0.380580,0.447680,0.062670,0.000000,0.010000,
demo.53.ground.smt2,,16,1,unsat,1.054072,0.016300,0.379850,0.439560,0.062930,0.000000,0.009060,
demo.53.ground.smt2,,16,2,unsat,1.044683,0.016620,0.372990,0.434930,0.064210,0.000000,0.010100,
demo.53.ground.smt2,,16,3,unsat,1.048779,0.015920,0.373260,0.440270,0.061970,0.000000,0.010460,
demo.53.ground.smt2,,16,4,unsat,1.051829,0.015750,0.381870,0.436260,0.062060,0.000000,0.009440,
demo.53.ground.smt2,,32,0,unsat,1.056277,0.016670,0.379810,0.445190,0.053910,0.000000,0.011390,
demo.53.ground.smt2,,32,1,unsat,1.060572,0.016730,0.382230,0.450610,0.050790,0.000000,0.010360,
demo.53.ground.smt2,,32,2,unsat,1.052406,0.016650,0.376390,0.441750,0.053640,0.000000,0.011080,
demo.53.ground.smt2,,32,3,unsat,1.060698,0.016620,0.374510,0.450790,0.053660,0.000000,0.011080,
demo.53.ground.smt2,,32,4,unsat,1.045519,0.016120,0.374480,0.444490,0.049700,0.000000,0.010800,
demo.53.ground.smt2,,64,0,unsat,1.067138,0.016700,0.372880,0.453260,0.055840,0.000000,0.012280,
demo.53.ground.smt2,,64,1,unsat,1.073520,0.016410,0.380070,0.451780,0.056660,0.000000,0.012170,
demo.53.ground.smt2,,64,2,unsat,1.155512,0.015420,0.379780,0.519600,0.057530,0.000000,0.015410,
demo.53.ground.smt2,,64,3,unsat,1.119173,0.018100,0.384080,0.479480,0.054840,0.000000,0.013540,
demo.53.ground.smt2,,64,4,unsat,1.119567,0.016590,0.382950,0.476350,0.060640,0.000000,0.013880,
demo.53.ground.smt2,,128,0,unsat,1.237896,0.017400,0.380300,0.545530,0.093330,0.000000,0.016740,
demo.53.ground.smt2,,128,1,unsat,1.223834,0.016950,0.378150,0.533020,0.096790,0.000000,0.016170,
demo.53.ground.smt2,,128,2,unsat,1.228719,0.016610,0.378430,0.546580,0.092690,0.000000,0.016290,
demo.53.ground.smt2,,128,3,unsat,1.320039,0.016800,0.385690,0.548930,0.172260,0.000000,0.018700,
demo.53.ground.smt2,,128,4,unsat,1.241030,0.015900,0.377540,0.537260,0.116220,0.000000,0.016470,
demo.55.ground.smt2,,1,0,unsat,1.028182,0.015170,0.315480,0.362380,0.212650,0.000000,0.002110,
demo.55.ground.smt2,,1,1,unsat,1.045314,0.013970,0.316450,0.360440,0.232560,0.000000,0.001990,
demo.55.ground.smt2,,1,2,unsat,1.040912,0.014420,0.311990,0.354310,0.240670,0.000000,0.002050,
demo.55.ground.smt2,,1,3,unsat,1.033988,0.014100,0.307050,0.368950,0.221780,0.000000,0.001950,
demo.55.ground.smt2,,1,4,unsat,1.033731,0.014790,0.310960,0.368520,0.215600,0.000000,0.001960,
demo.55.ground.smt2,,2,0,unsat,0.980637,0.014210,0.317990,0.359360,0.157410,0.000000,0.007870,
demo.55.ground.smt2,,2,1,unsat,0.945938,0.014210,0.311450,0.345270,0.145000,0.000000,0.007120,
demo.55.ground.smt2,,2,2,unsat,0.964206,0.014320,0.315340,0.357210,0.147060,0.000000,0.006910,
demo.55.ground.smt2,,2,3,unsat,0.963064,0.014600,0.314870,0.359910,0.144210,0.000000,0.006780,
demo.55.ground.smt2,,2,4,unsat,0.953571,0.013680,0.313760,0.346250,0.150810,0.000000,0.007090,
demo.55.ground.smt2,,4,0,unsat,0.924564,0.014060,0.314810,0.351860,0.110860,0.000000,0.007690,
demo.55.ground.smt2,,4,1,unsat,0.917172,0.013860,0.313310,0.349400,0.110220,0.000000,0.007540,
demo.55.ground.smt2,,4,2,unsat,0.923649,0.014520,0.316660,0.352540,0.107500,0.000000,0.007480,
demo.55.ground.smt2,,4,3,unsat,0.919723,0.014450,0.311880,0.350620,0.109280,0.000000,0.007560,
demo.55.ground.smt2,,4,4,unsat,0.913022,0.013890,0.310080,0.350720,0.106090,0.000000,0.007400,
demo.55.ground.smt2,,8,0,unsat,0.896505,0.013640,0.313670,0.349540,0.085040,0.000000,0.007600,
demo.55.ground.smt2,,8,1,unsat,0.894343,0.014010,0.313750,0.348250,0.083130,0.000000,0.007610,
demo.55.ground.smt2,,8,2,unsat,0.905171,0.013240,0.318480,0.355480,0.084230,0.000000,0.007570,
demo.55.ground.smt2,,8,3,unsat,0.897458,0.014160,0.314960,0.353460,0.081700,0.000000,0.007710,
demo.55.ground.smt2,,8,4,unsat,0.897911,0.013330,0.314320,0.353880,0.082380,0.000000,0.008210,
demo.55.ground.smt2,,16,0,unsat,0.885553,0.013900,0.317370,0.349970,0.069560,0.000000,0.008640,
demo.55.ground.smt2,,16,1,unsat,0.880164,0.014320,0.311540,0.349240,0.071930,0.000000,0.008450,
demo.55.ground.smt2,,16,2,unsat,0.880806,0.013660,0.313470,0.350860,0.070660,0.000000,0.008360,
demo.55.ground.smt2,,16,3,unsat,0.907118,0.013300,0.314620,0.354550,0.072670,0.000000,0.008340,
demo.55.ground.smt2,,16,4,unsat,0.885536,0.013800,0.312750,0.356180,0.070530,0.000000,0.008430,
demo.55.ground.smt2,,32,0,unsat,0.889250,0.014480,0.310970,0.356690,0.069920,0.000000,0.009650,
demo.55.ground.smt2,,32,1,unsat,0.893696,0.014350,0.318180,0.357390,0.065030,0.000000,0.009420,
demo.55.ground.smt2,,32,2,unsat,0.909520,0.014010,0.318090,0.375630,0.063270,0.000000,0.009600,
demo.55.ground.smt2,,32,3,unsat,0.892864,0.013610,0.315880,0.359090,0.066720,0.000000,0.009730,
demo.55.ground.smt2,,32,4,unsat,0.901044,0.013670,0.317470,0.366510,0.064290,0.000000,0.010720,
demo.55.ground.smt2,,64,0,unsat,0.921793,0.014470,0.313980,0.380440,0.068100,0.000000,0.010590,
demo.55.ground.smt2,,64,1,unsat,0.915864,0.014130,0.315450,0.370040,0.071820,0.000000,0.009800,
demo.55.ground.smt2,,64,2,unsat,0.936257,0.015410,0.316080,0.387920,0.069900,0.000000,0.009860,
demo.55.ground.smt2,,64,3,unsat,0.923636,0.014960,0.315890,0.372990,0.073340,0.000000,0.011230,
demo.55.ground.smt2,,64,4,unsat,0.933818,0.014720,0.313770,0.392030,0.068910,0.000000,0.011110,
demo.55.ground.smt2,,128,0,unsat,1.074747,0.015780,0.317900,0.425830,0.153410,0.000000,0.013380,
demo.55.ground.smt2,,128,1,unsat,1.097701,0.016300,0.312800,0.440580,0.159190,0.000000,0.013250,
demo.55.ground.smt2,,128,2,unsat,1.062258,0.014530,0.319000,0.430060,0.128220,0.000000,0.013630,
demo.55.ground.smt2,,128,3,unsat,1.074560,0.015820,0.320100,0.421500,0.147360,0.000000,0.013060,
demo.55.ground.smt2,,128,4,unsat,1.030430,0.014800,0.314510,0.419690,0.111900,0.000000,0.013140,
demo.57.ground.smt2,,1,0,unsat,1.019796,0.015410,0.305530,0.349040,0.230590,0.000000,0.002030,
demo.57.ground.smt2,,1,1,unsat,1.052784,0.015040,0.305870,0.362850,0.249040,0.000000,0.001990,
demo.57.ground.smt2,,1,2,unsat,1.069076,0.014180,0.310570,0.361320,0.263720,0.000000,0.002130,
demo.57.ground.smt2,,1,3,unsat,1.054296,0.014600,0.306220,0.359080,0.256300,0.000000,0.002030,
demo.57.ground.smt2,,1,4,unsat,1.032842,0.014410,0.307920,0.368850,0.221440,0.000000,0.002070,
demo.57.ground.smt2,,2,0,unsat,0.973424,0.013900,0.308300,0.353530,0.170040,0.000000,0.006850,
demo.57.ground.smt2,,2,1,unsat,0.979447,0.013520,0.308800,0.355170,0.173360,0.000000,0.007630,
demo.57.ground.smt2,,2,2,unsat,0.960451,0.013930,0.306980,0.349380,0.163780,0.000000,0.006770,
demo.57.ground.smt2,,2,3,unsat,0.950624,0.013810,0.303460,0.346240,0.161790,0.000000,0.006820,
demo.57.ground.smt2,,2,4,unsat,0.955702,0.013800,0.306610,0.345470,0.163510,0.000000,0.006850,
demo.57.ground.smt2,,4,0,unsat,0.910241,0.014190,0.305100,0.346530,0.116010,0.000000,0.007620,
demo.57.ground.smt2,,4,1,unsat,0.910436,0.013800,0.305160,0.345670,0.117940,0.000000,0.007580,
demo.57.ground.smt2,,4,2,unsat,0.909950,0.013060,0.305950,0.344520,0.120910,0.000000,0.008030,
demo.57.ground.smt2,,4,3,unsat,0.911873,0.013640,0.306070,0.346130,0.118200,0.000000,0.007790,
demo.57.ground.smt2,,4,4,unsat,0.911834,0.013930,0.307010,0.340510,0.122090,0.000000,0.007700,
demo.57.ground.smt2,,8,0,unsat,0.886515,0.014350,0.304980,0.344630,0.092090,0.000000,0.008410,
demo.57.ground.smt2,,8,1,unsat,0.892413,0.013940,0.307290,0.350110,0.089490,0.000000,0.008020,
demo.57.ground.smt2,,8,2,unsat,0.885652,0.013720,0.307340,0.347830,0.087100,0.000000,0.007970,
demo.57.ground.smt2,,8,3,unsat,0.885049,0.013650,0.307160,0.341600,0.091870,0.000000,0.008380,
demo.57.ground.smt2,,8,4,unsat,0.888227,0.014610,0.306580,0.344650,0.090050,0.000000,0.008420,
demo.57.ground.smt2,,16,0,unsat,0.868943,0.013570,0.305350,0.344570,0.076030,0.000000,0.008150,
demo.57.ground.smt2,,16,1,unsat,0.880130,0.014190,0.305510,0.350490,0.079040,0.000000,0.008710,
demo.57.ground.smt2,,16,2,unsat,0.878165,0.014110,0.306390,0.351860,0.075120,0.000000,0.008610,
demo.57.ground.smt2,,16,3,unsat,0.877812,0.012980,0.309230,0.347480,0.076450,0.000000,0.008680,
demo.57.ground.smt2,,16,4,unsat,0.876901,0.014090,0.306880,0.348170,0.075950,0.000000,0.008390,
demo.57.ground.smt2,,32,0,unsat,0.887663,0.013190,0.305900,0.362030,0.070310,0.000000,0.009740,
demo.57.ground.smt2,,32,1,unsat,0.888972,0.013460,0.304930,0.362230,0.072920,0.000000,0.009730,
demo.57.ground.smt2,,32,2,unsat,0.882457,0.013650,0.305710,0.352270,0.073850,0.000000,0.009590,
demo.57.ground.smt2,,32,3,unsat,0.900136,0.013430,0.309230,0.368360,0.071230,0.000000,0.009570,
demo.57.ground.smt2,,32,4,unsat,0.887481,0.014490,0.306380,0.359460,0.070050,0.000000,0.009430,
demo.57.ground.smt2,,64,0,unsat,0.913467,0.013120,0.305320,0.368530,0.080500,0.000000,0.012850,
demo.57.ground.smt2,,64,1,unsat,0.922226,0.014980,0.307800,0.379250,0.074200,0.000000,0.011310,
demo.57.ground.smt2,,64,2,unsat,0.931258,0.015330,0.309250,0.379890,0.078420,0.000000,0.011190,
demo.57.ground.smt2,,64,3,unsat,0.934590,0.014220,0.309400,0.383740,0.078740,0.000000,0.011260,
demo.57.ground.smt2,,64,4,unsat,0.919638,0.014730,0.306370,0.371990,0.080400,0.000000,0.012090,
demo.57.ground.smt2,,128,0,unsat,1.020541,0.014810,0.307580,0.418090,0.114660,0.000000,0.013630,
demo.57.ground.smt2,,128,1,unsat,1.050600,0.015060,0.307760,0.430530,0.123680,0.000000,0.013070,
demo.57.ground.smt2,,128,2,unsat,1.033721,0.014980,0.310850,0.425510,0.116800,0.000000,0.012990,
demo.57.ground.smt2,,128,3,unsat,1.101547,0.014870,0.312220,0.443160,0.164020,0.000000,0.014240,
demo.57.ground.smt2,,128,4,unsat,1.064297,0.014190,0.309820,0.445070,0.129840,0.000000,0.012800,
demo.59.ground.smt2,,1,0,unsat,1.188697,0.015650,0.344730,0.421870,0.267770,0.000000,0.002170,
demo.59.ground.smt2,,1,1,unsat,1.221218,0.014520,0.349640,0.457310,0.262770,0.000000,0.002140,
demo.59.ground.smt2,,1,2,unsat,1.187704,0.014520,0.345340,0.438380,0.251490,0.000000,0.002040,
demo.59.ground.smt2,,1,3,unsat,1.187702,0.015380,0.344340,0.420400,0.271460,0.000000,0.002170,
demo.59.ground.smt2,,1,4,unsat,1.180491,0.014350,0.344780,0.414970,0.269900,0.000000,0.002130,
demo.59.ground.smt2,,2,0,unsat,1.086443,0.014390,0.350200,0.402780,0.175730,0.000000,0.006810,
demo.59.ground.smt2,,2,1,unsat,1.104727,0.014780,0.347250,0.419770,0.180120,0.000000,0.006540,
demo.59.ground.smt2,,2,2,unsat,1.097178,0.013900,0.352080,0.414570,0.169880,0.000000,0.006610,
demo.59.ground.smt2,,2,3,unsat,1.101655,0.013890,0.348550,0.421260,0.169920,0.000000,0.006740,
demo.59.ground.smt2,,2,4,unsat,1.110019,0.014420,0.348170,0.417150,0.183000,0.000000,0.007510,
demo.59.ground.smt2,,4,0,unsat,1.017030,0.013990,0.346700,0.398190,0.115420,0.000000,0.007690,
demo.59.ground.smt2,,4,1,unsat,1.005785,0.014030,0.342730,0.387640,0.118250,0.000000,0.007150,
demo.59.ground.smt2,,4,2,unsat,1.007829,0.013330,0.344640,0.388270,0.117550,0.000000,0.007740,
demo.59.ground.smt2,,4,3,unsat,1.008071,0.014140,0.341320,0.390850,0.116810,0.000000,0.007830,
demo.59.ground.smt2,,4,4,unsat,1.000872,0.014170,0.340480,0.386200,0.117660,0.000000,0.006850,
demo.59.ground.smt2,,8,0,unsat,0.986934,0.014130,0.348200,0.393470,0.085750,0.000000,0.007910,
demo.59.ground.smt2,,8,1,unsat,0.975934,0.013960,0.341110,0.390280,0.086510,0.000000,0.007400,
demo.59.ground.smt2,,8,2,unsat,0.969632,0.014150,0.341470,0.380880,0.086760,0.000000,0.008230,
demo.59.ground.smt2,,8,3,unsat,0.972283,0.014500,0.342300,0.381420,0.089280,0.000000,0.008030,
demo.59.ground.smt2,,8,4,unsat,0.968583,0.013190,0.343550,0.380830,0.087320,0.000000,0.006830,
demo.59.ground.smt2,,16,0,unsat,0.962924,0.015120,0.341180,0.386070,0.074540,0.000000,0.008830,
demo.59.ground.smt2,,16,1,unsat,0.961348,0.014610,0.343060,0.385730,0.076700,0.000000,0.007940,
demo.59.ground.smt2,,16,2,unsat,0.963191,0.013980,0.341430,0.392680,0.074250,0.000000,0.007930,
demo.59.ground.smt2,,16,3,unsat,0.975906,0.014450,0.343600,0.396550,0.074710,0.000000,0.009060,
demo.59.ground.smt2,,16,4,unsat,0.962732,0.014170,0.342990,0.386870,0.075230,0.000000,0.007880,
demo.59.ground.smt2,,32,0,unsat,0.961223,0.014270,0.341340,0.390310,0.069680,0.000000,0.009260,
demo.59.ground.smt2,,32,1,unsat,0.979486,0.014570,0.345620,0.399360,0.070190,0.000000,0.009700,
demo.59.ground.smt2,,32,2,unsat,0.970504,0.013730,0.341610,0.401300,0.068150,0.000000,0.009190,
demo.59.ground.smt2,,32,3,unsat,0.967018,0.013350,0.339970,0.394670,0.070690,0.000000,0.009490,
demo.59.ground.smt2,,32,4,unsat,0.972464,0.013970,0.342380,0.398710,0.071170,0.000000,0.009440,
demo.59.ground.smt2,,64,0,unsat,0.998452,0.015100,0.340600,0.412620,0.076250,0.000000,0.009530,
demo.59.ground.smt2,,64,1,unsat,1.008275,0.013570,0.345830,0.420390,0.072830,0.000000,0.011060,
demo.59.ground.smt2,,64,2,unsat,1.008655,0.014750,0.347380,0.412130,0.076780,0.000000,0.010140,
demo.59.ground.smt2,,64,3,unsat,1.027934,0.014000,0.354450,0.428100,0.073300,0.000000,0.012130,
demo.59.ground.smt2,,64,4,unsat,1.025156,0.015800,0.346400,0.427280,0.077220,0.000000,0.009330,
demo.59.ground.smt2,,128,0,unsat,1.134117,0.015730,0.348910,0.457710,0.132850,0.000000,0.013080,
demo.59.ground.smt2,,128,1,unsat,1.121554,0.015080,0.348530,0.468910,0.113810,0.000000,0.013510,
demo.59.ground.smt2,,128,2,unsat,1.209326,0.015550,0.350720,0.493360,0.172480,0.000000,0.013130,
demo.59.ground.smt2,,128,3,unsat,1.195348,0.016480,0.348660,0.481360,0.175300,0.000000,0.013190,
demo.59.ground.smt2,,128,4,unsat,1.142683,0.015130,0.349150,0.484080,0.118350,0.000000,0.012930,
demo.61.ground.smt2,,1,0,unsat,1.184688,0.014650,0.347540,0.427750,0.252700,0.000000,0.002170,
demo.61.ground.smt2,,1,1,unsat,1.181830,0.014580,0.345680,0.430470,0.246770,0.000000,0.002230,
demo.61.ground.smt2,,1,2,unsat,1.174392,0.013590,0.346940,0.417470,0.253650,0.000000,0.002230,
demo.61.ground.smt2,,1,3,unsat,1.135875,0.013930,0.341350,0.407000,0.233930,0.000000,0.002130,
demo.61.ground.smt2,,1,4,unsat,1.136131,0.013690,0.342670,0.398880,0.241330,0.000000,0.002190,
demo.61.ground.smt2,,2,0,unsat,1.075173,0.013530,0.347550,0.400630,0.165700,0.000000,0.007760,
demo.61.ground.smt2,,2,1,unsat,1.065438,0.013380,0.337160,0.399550,0.165550,0.000000,0.007500,
demo.61.ground.smt2,,2,2,unsat,1.054654,0.013260,0.341820,0.394720,0.157530,0.000000,0.007090,
demo.61.ground.smt2,,2,3,unsat,1.070626,0.013800,0.344760,0.401580,0.160380,0.000000,0.007360,
demo.61.ground.smt2,,2,4,unsat,1.070944,0.012980,0.347500,0.391890,0.167870,0.000000,0.008330,
demo.61.ground.smt2,,4,0,unsat,1.005358,0.013690,0.342980,0.383420,0.117200,0.000000,0.008310,
demo.61.ground.smt2,,4,1,unsat,1.011725,0.013370,0.345800,0.385270,0.118460,0.000000,0.008000,
demo.61.ground.smt2,,4,2,unsat,1.000827,0.013380,0.343000,0.383650,0.113980,0.000000,0.008150,
demo.61.ground.smt2,,4,3,unsat,1.017507,0.013630,0.344560,0.389540,0.119620,0.000000,0.008110,
demo.61.ground.smt2,,4,4,unsat,1.021887,0.013270,0.345740,0.393880,0.118340,0.000000,0.008360,
demo.61.ground.smt2,,8,0,unsat,0.983125,0.013880,0.345640,0.384270,0.090900,0.000000,0.008480,
demo.61.ground.smt2,,8,1,unsat,0.972448,0.013160,0.341820,0.384280,0.086260,0.000000,0.007670,
demo.61.ground.smt2,,8,2,unsat,0.971562,0.013650,0.342100,0.382220,0.085870,0.000000,0.007720,
demo.61.ground.smt2,,8,3,unsat,0.976510,0.012900,0.343840,0.383720,0.088210,0.000000,0.008160,
demo.61.ground.smt2,,8,4,unsat,0.972572,0.013250,0.345960,0.376690,0.087730,0.000000,0.008510,
demo.61.ground.smt2,,16,0,unsat,0.967071,0.014310,0.341800,0.383160,0.076240,0.000000,0.008720,
demo.61.ground.smt2,,16,1,unsat,0.976327,0.013550,0.345720,0.389840,0.074840,0.000000,0.008970,
demo.61.ground.smt2,,16,2,unsat,0.975626,0.015040,0.345010,0.386880,0.075380,0.000000,0.008610,
demo.61.ground.smt2,,16,3,unsat,0.974486,0.014310,0.351590,0.386400,0.073330,0.000000,0.008570,
demo.61.ground.smt2,,16,4,unsat,0.959212,0.014620,0.342280,0.381120,0.073710,0.000000,0.008580,
demo.61.ground.smt2,,32,0,unsat,0.975377,0.014150,0.346610,0.390120,0.069950,0.000000,0.010170,
demo.61.ground.smt2,,32,1,unsat,0.993779,0.014550,0.342880,0.407710,0.070160,0.000000,0.009350,
demo.61.ground.smt2,,32,2,unsat,0.985113,0.014530,0.344260,0.399880,0.068960,0.000000,0.010130,
demo.61.ground.smt2,,32,3,unsat,0.996267,0.014300,0.344570,0.410570,0.067490,0.000000,0.009420,
demo.61.ground.smt2,,32,4,unsat,1.000337,0.015460,0.346220,0.409350,0.069020,0.000000,0.010340,
demo.61.ground.smt2,,64,0,unsat,1.004262,0.014050,0.347050,0.406050,0.076260,0.000000,0.010000,
demo.61.ground.smt2,,64,1,unsat,1.004256,0.014510,0.344970,0.408680,0.073420,0.000000,0.009240,
demo.61.ground.smt2,,64,2,unsat,1.004337,0.015150,0.343730,0.411470,0.071100,0.000000,0.010730,
demo.61.ground.smt2,,64,3,unsat,1.013746,0.015490,0.345520,0.416980,0.069480,0.000000,0.010480,
demo.61.ground.smt2,,64,4,unsat,1.018152,0.013590,0.345410,0.418320,0.077560,0.000000,0.010630,
demo.61.ground.smt2,,128,0,unsat,1.226334,0.015650,0.344930,0.493450,0.187390,0.000000,0.014100,
demo.61.ground.smt2,,128,1,unsat,1.170116,0.015510,0.348030,0.486510,0.134280,0.000000,0.014140,
demo.61.ground.smt2,,128,2,unsat,1.130908,0.015560,0.348620,0.473010,0.101130,0.000000,0.014100,
demo.61.ground.smt2,,128,3,unsat,1.172954,0.015260,0.345030,0.489270,0.139710,0.000000,0.013040,
demo.61.ground.smt2,,128,4,unsat,1.184772,0.015260,0.346320,0.488800,0.146730,0.000000,0.013740,
demo.63.ground.smt2,,1,0,unsat,1.827883,0.013920,0.334720,0.418720,0.914460,0.000000,0.003330,
demo.63.ground.smt2,,1,1,unsat,1.832590,0.014110,0.337340,0.414240,0.914400,0.000000,0.003370,
demo.63.ground.smt2,,1,2,unsat,1.931967,0.013890,0.338190,0.414790,1.015600,0.000000,0.003410,
demo.63.ground.smt2,,1,3,unsat,1.901732,0.014010,0.337730,0.423910,0.975780,0.000000,0.003510,
demo.63.ground.smt2,,1,4,unsat,1.939074,0.013120,0.340360,0.412720,1.026060,0.000000,0.003400,
demo.63.ground.smt2,,2,0,unsat,1.454726,0.012510,0.331490,0.390770,0.567680,0.000000,0.006250,
demo.63.ground.smt2,,2,1,unsat,1.431430,0.013220,0.337070,0.404290,0.524760,0.000000,0.006220,
demo.63.ground.smt2,,2,2,unsat,1.461004,0.012880,0.333080,0.391900,0.572080,0.000000,0.006540,
demo.63.ground.smt2,,2,3,unsat,1.425560,0.012380,0.331230,0.392120,0.537610,0.000000,0.006480,
demo.63.ground.smt2,,2,4,unsat,1.410402,0.012310,0.331540,0.388370,0.525710,0.000000,0.006120,
demo.63.ground.smt2,,4,0,unsat,1.222356,0.014640,0.332620,0.387320,0.325220,0.000000,0.012370,
demo.63.ground.smt2,,4,1,unsat,1.187976,0.014360,0.333020,0.390950,0.292970,0.000000,0.010960,
demo.63.ground.smt2,,4,2,unsat,1.192294,0.013570,0.332880,0.379420,0.308800,0.000000,0.012200,
demo.63.ground.smt2,,4,3,unsat,1.196015,0.014320,0.337750,0.383960,0.302710,0.000000,0.011770,
demo.63.ground.smt2,,4,4,unsat,1.202268,0.014570,0.336050,0.385550,0.310270,0.000000,0.011620,
demo.63.ground.smt2,,8,0,unsat,1.070815,0.014980,0.334150,0.384700,0.178000,0.000000,0.010960,
demo.63.ground.smt2,,8,1,unsat,1.084761,0.014990,0.339070,0.390640,0.175940,0.000000,0.013060,
demo.63.ground.smt2,,8,2,unsat,1.078904,0.015380,0.332460,0.386470,0.184620,0.000000,0.011110,
demo.63.ground.smt2,,8,3,unsat,1.055854,0.014710,0.330390,0.378860,0.173510,0.000000,0.011990,
demo.63.ground.smt2,,8,4,unsat,1.071366,0.013980,0.331260,0.379890,0.188650,0.000000,0.012430,
demo.63.ground.smt2,,16,0,unsat,1.020117,0.014500,0.335710,0.386990,0.124160,0.000000,0.013900,
demo.63.ground.smt2,,16,1,unsat,1.023978,0.014380,0.334320,0.392230,0.122330,0.000000,0.013810,
demo.63.ground.smt2,,16,2,unsat,1.026842,0.015430,0.332780,0.392700,0.125660,0.000000,0.014230,
demo.63.ground.smt2,,16,3,unsat,1.024858,0.014700,0.331770,0.393140,0.122640,0.000000,0.013890,
demo.63.ground.smt2,,16,4,unsat,1.038869,0.014640,0.335240,0.403290,0.123440,0.000000,0.013210,
demo.63.ground.smt2,,32,0,unsat,1.023048,0.015050,0.334840,0.408390,0.101010,0.000000,0.014090,
demo.63.ground.smt2,,32,1,unsat,1.021190,0.014310,0.334790,0.411330,0.092100,0.000000,0.013020,
demo.63.ground.smt2,,32,2,unsat,1.033603,0.014290,0.336840,0.421140,0.095110,0.000000,0.013940,
demo.63.ground.smt2,,32,3,unsat,1.028853,0.014590,0.333820,0.420770,0.092760,0.000000,0.013360,
demo.63.ground.smt2,,32,4,unsat,1.033076,0.014600,0.339450,0.418540,0.092360,0.000000,0.012960,
demo.63.ground.smt2,,64,0,unsat,1.035878,0.014780,0.340570,0.416820,0.095790,0.000000,0.014470,
demo.63.ground.smt2,,64,1,unsat,1.048159,0.014100,0.339830,0.432330,0.088290,0.000000,0.015750,
demo.63.ground.smt2,,64,2,unsat,1.055944,0.015070,0.337950,0.432570,0.097690,0.000000,0.016140,
demo.63.ground.smt2,,64,3,unsat,1.059066,0.016000,0.338330,0.445910,0.086930,0.000000,0.014250,
demo.63.ground.smt2,,64,4,unsat,1.066431,0.016000,0.335910,0.451350,0.086400,0.000000,0.015960,
demo.63.ground.smt2,,128,0,unsat,1.239013,0.015340,0.335400,0.547480,0.142070,0.000000,0.021850,
demo.63.ground.smt2,,128,1,unsat,1.265299,0.015790,0.347060,0.550790,0.154430,0.000000,0.019950,
demo.63.ground.smt2,,128,2,unsat,1.283147,0.017070,0.334870,0.530610,0.191300,0.000000,0.021150,
demo.63.ground.smt2,,128,3,unsat,1.304286,0.015620,0.342920,0.553050,0.197970,0.000000,0.020900,
demo.63.ground.smt2,,128,4,unsat,1.306546,0.016520,0.336060,0.580470,0.166610,0.000000,0.021590,
demo.64.ground.smt2,,1,0,unsat,0.923956,0.010990,0.208460,0.251890,0.363050,0.000000,0.001980,
demo.64.ground.smt2,,1,1,unsat,0.838011,0.010180,0.206910,0.245330,0.289790,0.000000,0.001910,
demo.64.ground.smt2,,1,2,unsat,0.866976,0.009620,0.206880,0.248230,0.315190,0.000000,0.002010,
demo.64.ground.smt2,,1,3,unsat,0.852999,0.009580,0.205710,0.244310,0.304770,0.000000,0.001950,
demo.64.ground.smt2,,1,4,unsat,0.860714,0.009990,0.208290,0.245860,0.309440,0.000000,0.001950,
demo.64.ground.smt2,,2,0,unsat,0.765874,0.009450,0.210700,0.238240,0.212660,0.000000,0.007900,
demo.64.ground.smt2,,2,1,unsat,0.766087,0.009580,0.210270,0.244880,0.206100,0.000000,0.006910,
demo.64.ground.smt2,,2,2,unsat,0.754345,0.010170,0.207190,0.238690,0.204770,0.000000,0.006730,
demo.64.ground.smt2,,2,3,unsat,0.757444,0.009500,0.211430,0.243460,0.198730,0.000000,0.006600,
demo.64.ground.smt2,,2,4,unsat,0.759223,0.009050,0.208260,0.236620,0.211660,0.000000,0.006810,
demo.64.ground.smt2,,4,0,unsat,0.716507,0.009820,0.211810,0.257210,0.141240,0.000000,0.008220,
demo.64.ground.smt2,,4,1,unsat,0.710456,0.010360,0.211130,0.247920,0.142610,0.000000,0.008340,
demo.64.ground.smt2,,4,2,unsat,0.700330,0.009870,0.210640,0.240930,0.140340,0.000000,0.008820,
demo.64.ground.smt2,,4,3,unsat,0.715126,0.010090,0.214520,0.250690,0.139990,0.000000,0.008680,
demo.64.ground.smt2,,4,4,unsat,0.704684,0.010410,0.208510,0.246710,0.141800,0.000000,0.008530,
demo.64.ground.smt2,,8,0,unsat,0.655268,0.010490,0.207980,0.241260,0.097210,0.000000,0.007720,
demo.64.ground.smt2,,8,1,unsat,0.658094,0.009960,0.211920,0.242830,0.093070,0.000000,0.008800,
demo.64.ground.smt2,,8,2,unsat,0.670560,0.009910,0.210210,0.255190,0.094060,0.000000,0.009120,
demo.64.ground.smt2,,8,3,unsat,0.651697,0.010960,0.207660,0.238330,0.093540,0.000000,0.009160,
demo.64.ground.smt2,,8,4,unsat,0.653777,0.009580,0.207840,0.241270,0.097930,0.000000,0.007690,
demo.64.ground.smt2,,16,0,unsat,0.644815,0.010600,0.208510,0.250540,0.074300,0.000000,0.009270,
demo.64.ground.smt2,,16,1,unsat,0.644175,0.010140,0.210210,0.245600,0.079960,0.000000,0.007870,
demo.64.ground.smt2,,16,2,unsat,0.655620,0.011190,0.210340,0.253000,0.078110,0.000000,0.009010,
demo.64.ground.smt2,,16,3,unsat,0.652063,0.010420,0.211890,0.251300,0.076260,0.000000,0.008820,
demo.64.ground.smt2,,16,4,unsat,0.639966,0.010310,0.208600,0.241740,0.079670,0.000000,0.008650,
demo.64.ground.smt2,,32,0,unsat,0.650882,0.010530,0.209490,0.259820,0.069280,0.000000,0.008870,
demo.64.ground.smt2,,32,1,unsat,0.653499,0.009910,0.210250,0.256280,0.071800,0.000000,0.010010,
demo.64.ground.smt2,,32,2,unsat,0.656556,0.010250,0.206310,0.265500,0.070780,0.000000,0.008950,
demo.64.ground.smt2,,32,3,unsat,0.648430,0.010400,0.208110,0.252380,0.072850,0.000000,0.010130,
demo.64.ground.smt2,,32,4,unsat,0.656825,0.011240,0.209270,0.260570,0.071070,0.000000,0.009080,
demo.64.ground.smt2,,64,0,unsat,0.685190,0.010770,0.207640,0.279370,0.074240,0.000000,0.010360,
demo.64.ground.smt2,,64,1,unsat,0.687136,0.010840,0.208190,0.279130,0.075440,0.000000,0.011920,
demo.64.ground.smt2,,64,2,unsat,0.706189,0.010390,0.210890,0.294710,0.073180,0.000000,0.012470,
demo.64.ground.smt2,,64,3,unsat,0.695459,0.011290,0.209270,0.288620,0.072640,0.000000,0.010540,
demo.64.ground.smt2,,64,4,unsat,0.697049,0.009650,0.209860,0.290220,0.073800,0.000000,0.010830,
demo.64.ground.smt2,,128,0,unsat,0.848976,0.011310,0.211350,0.339590,0.157200,0.000000,0.013580,
demo.64.ground.smt2,,128,1,unsat,0.883746,0.011420,0.207790,0.361130,0.173850,0.000000,0.013310,
demo.64.ground.smt2,,128,2,unsat,0.814248,0.011100,0.210220,0.343890,0.117790,0.000000,0.013220,
demo.64.ground.smt2,,128,3,unsat,0.895895,0.011630,0.212320,0.358100,0.167810,0.000000,0.013170,
demo.64.ground.smt2,,128,4,unsat,0.941711,0.010450,0.212040,0.363320,0.213690,0.000000,0.013690,
demo.65.ground.smt2,,1,0,unsat,1.248736,0.013380,0.288500,0.392540,0.433510,0.000000,0.002790,
demo.65.ground.smt2,,1,1,unsat,1.238090,0.012900,0.286520,0.387930,0.428410,0.000000,0.002600,
demo.65.ground.smt2,,1,2,unsat,1.251464,0.012160,0.287540,0.370940,0.460930,0.000000,0.002910,
demo.65.ground.smt2,,1,3,unsat,1.214093,0.012280,0.281420,0.377990,0.419950,0.000000,0.002740,
demo.65.ground.smt2,,1,4,unsat,1.202294,0.011400,0.285340,0.380360,0.401540,0.000000,0.002550,
demo.65.ground.smt2,,2,0,unsat,1.068200,0.011970,0.290150,0.363700,0.272120,0.000000,0.008170,
demo.65.ground.smt2,,2,1,unsat,1.032945,0.012030,0.281290,0.365460,0.249180,0.000000,0.007020,
demo.65.ground.smt2,,2,2,unsat,1.017868,0.011300,0.282910,0.349950,0.248200,0.000000,0.007120,
demo.65.ground.smt2,,2,3,unsat,1.019963,0.011300,0.284500,0.349970,0.248830,0.000000,0.007380,
demo.65.ground.smt2,,2,4,unsat,1.037203,0.010900,0.286100,0.357590,0.256430,0.000000,0.007540,
demo.65.ground.smt2,,4,0,unsat,0.934501,0.012500,0.287030,0.350210,0.153180,0.000000,0.010650,
demo.65.ground.smt2,,4,1,unsat,0.942650,0.013030,0.291460,0.347120,0.157660,0.000000,0.010970,
demo.65.ground.smt2,,4,2,unsat,0.933566,0.013790,0.286960,0.347830,0.151790,0.000000,0.010140,
demo.65.ground.smt2,,4,3,unsat,0.911841,0.012540,0.287330,0.341390,0.147090,0.000000,0.009490,
demo.65.ground.smt2,,4,4,unsat,0.914727,0.011890,0.284090,0.340450,0.151270,0.000000,0.009480,
demo.65.ground.smt2,,8,0,unsat,0.869454,0.012270,0.285780,0.350040,0.090080,0.000000,0.011380,
demo.65.ground.smt2,,8,1,unsat,0.868745,0.012780,0.283950,0.345840,0.094560,0.000000,0.011510,
demo.65.ground.smt2,,8,2,unsat,0.860017,0.013020,0.284040,0.342810,0.090730,0.000000,0.009550,
demo.65.ground.smt2,,8,3,unsat,0.858291,0.013170,0.284610,0.343440,0.087960,0.000000,0.009700,
demo.65.ground.smt2,,8,4,unsat,0.851711,0.011640,0.288450,0.334670,0.087590,0.000000,0.009470,
demo.65.ground.smt2,,16,0,unsat,0.838218,0.012360,0.284970,0.345930,0.064230,0.000000,0.011140,
demo.65.ground.smt2,,16,1,unsat,0.841724,0.012790,0.287620,0.346190,0.065160,0.000000,0.010460,
demo.65.ground.smt2,,16,2,unsat,0.846330,0.012490,0.286330,0.350890,0.066420,0.000000,0.010570,
demo.65.ground.smt2,,16,3,unsat,0.858902,0.012830,0.286550,0.363650,0.064260,0.000000,0.010250,
demo.65.ground.smt2,,16,4,unsat,0.852884,0.013280,0.287100,0.353040,0.066120,0.000000,0.011290,
demo.65.ground.smt2,,32,0,unsat,0.844868,0.012380,0.285200,0.356530,0.055550,0.000000,0.011650,
demo.65.ground.smt2,,32,1,unsat,0.843568,0.013600,0.288250,0.357120,0.049950,0.000000,0.011810,
demo.65.ground.smt2,,32,2,unsat,0.861258,0.012670,0.287280,0.374570,0.051290,0.000000,0.011660,
demo.65.ground.smt2,,32,3,unsat,0.863289,0.012570,0.286640,0.376510,0.053040,0.000000,0.011400,
demo.65.ground.smt2,,32,4,unsat,0.857688,0.012130,0.286250,0.374440,0.049340,0.000000,0.011780,
demo.65.ground.smt2,,64,0,unsat,0.864777,0.013230,0.285030,0.372880,0.053720,0.000000,0.012390,
demo.65.ground.smt2,,64,1,unsat,0.879885,0.012830,0.286420,0.385660,0.053990,0.000000,0.013160,
demo.65.ground.smt2,,64,2,unsat,0.881072,0.013610,0.281570,0.385710,0.052260,0.000000,0.014560,
demo.65.ground.smt2,,64,3,unsat,0.894561,0.013580,0.283850,0.389690,0.053040,0.000000,0.018000,
demo.65.ground.smt2,,64,4,unsat,0.908923,0.013020,0.285840,0.408900,0.055710,0.000000,0.012880,
demo.65.ground.smt2,,128,0,unsat,0.986943,0.014000,0.288890,0.436620,0.083040,0.000000,0.017150,
demo.65.ground.smt2,,128,1,unsat,1.031522,0.014030,0.284510,0.466490,0.091550,0.000000,0.017980,
demo.65.ground.smt2,,128,2,unsat,1.018450,0.014210,0.289850,0.453750,0.091320,0.000000,0.017670,
demo.65.ground.smt2,,128,3,unsat,1.095927,0.015600,0.286740,0.483910,0.142140,0.000000,0.017450,
demo.65.ground.smt2,,128,4,unsat,1.023412,0.014340,0.288510,0.458000,0.093400,0.000000,0.017640,
demo.66.ground.smt2,,1,0,unsat,2.616655,0.022580,0.452230,0.666510,1.268810,0.000000,0.003990,
demo.66.ground.smt2,,1,1,unsat,2.567026,0.021240,0.449740,0.634420,1.256990,0.000000,0.004090,
demo.66.ground.smt2,,1,2,unsat,2.450667,0.020350,0.441390,0.589500,1.199800,0.000000,0.003900,
demo.66.ground.smt2,,1,3,unsat,2.452773,0.020980,0.450610,0.590400,1.192390,0.000000,0.003940,
demo.66.ground.smt2,,1,4,unsat,2.245678,0.020690,0.452650,0.573360,0.997740,0.000000,0.003540,
demo.66.ground.smt2,,2,0,unsat,1.865503,0.020440,0.442140,0.559180,0.638770,0.000000,0.006140,
demo.66.ground.smt2,,2,1,unsat,1.878809,0.019030,0.443350,0.532730,0.679900,0.000000,0.005680,
demo.66.ground.smt2,,2,2,unsat,1.921878,0.019090,0.450280,0.556230,0.693300,0.000000,0.005810,
demo.66.ground.smt2,,2,3,unsat,1.928843,0.019460,0.444700,0.521290,0.740320,0.000000,0.006950,
demo.66.ground.smt2,,2,4,unsat,1.819582,0.019580,0.444310,0.515490,0.642260,0.000000,0.006420,
demo.66.ground.smt2,,4,0,unsat,1.554203,0.020300,0.446220,0.509670,0.372230,0.000000,0.012130,
demo.66.ground.smt2,,4,1,unsat,1.539103,0.019540,0.444170,0.505090,0.365660,0.000000,0.012620,
demo.66.ground.smt2,,4,2,unsat,1.561399,0.019980,0.443840,0.505550,0.381440,0.000000,0.012520,
demo.66.ground.smt2,,4,3,unsat,1.568588,0.020060,0.447190,0.506670,0.384340,0.000000,0.013750,
demo.66.ground.smt2,,4,4,unsat,1.546287,0.021010,0.443530,0.500230,0.375590,0.000000,0.013100,
demo.66.ground.smt2,,8,0,unsat,1.378602,0.021190,0.441940,0.501260,0.199550,0.000000,0.016060,
demo.66.ground.smt2,,8,1,unsat,1.377963,0.021160,0.440500,0.502250,0.202520,0.000000,0.014200,
demo.66.ground.smt2,,8,2,unsat,1.388235,0.021830,0.448020,0.500640,0.208590,0.000000,0.013810,
demo.66.ground.smt2,,8,3,unsat,1.388497,0.021480,0.443610,0.509180,0.208410,0.000000,0.012790,
demo.66.ground.smt2,,8,4,unsat,1.398753,0.019760,0.455030,0.514300,0.203470,0.000000,0.013870,
demo.66.ground.smt2,,16,0,unsat,1.331860,0.021100,0.444660,0.514250,0.146070,0.000000,0.014310,
demo.66.ground.smt2,,16,1,unsat,1.331527,0.020300,0.443460,0.518910,0.142640,0.000000,0.014220,
demo.66.ground.smt2,,16,2,unsat,1.332936,0.020180,0.442030,0.525810,0.137540,0.000000,0.014570,
demo.66.ground.smt2,,16,3,unsat,1.358407,0.021160,0.446880,0.538540,0.140720,0.000000,0.016710,
demo.66.ground.smt2,,16,4,unsat,1.345358,0.021430,0.446800,0.526930,0.143370,0.000000,0.015300,
demo.66.ground.smt2,,32,0,unsat,1.335234,0.021060,0.445210,0.544100,0.111740,0.000000,0.017030,
demo.66.ground.smt2,,32,1,unsat,1.321221,0.020820,0.442160,0.535660,0.111240,0.000000,0.016630,
demo.66.ground.smt2,,32,2,unsat,1.387457,0.020450,0.498830,0.544270,0.112700,0.000000,0.019020,
demo.66.ground.smt2,,32,3,unsat,1.364767,0.021860,0.444540,0.571230,0.110270,0.000000,0.018490,
demo.66.ground.smt2,,32,4,unsat,1.344304,0.022320,0.446840,0.554670,0.108080,0.000000,0.018090,
demo.66.ground.smt2,,64,0,unsat,1.331789,0.020480,0.444820,0.536990,0.104820,0.000000,0.022980,
demo.66.ground.smt2,,64,1,unsat,1.419020,0.021050,0.448270,0.615360,0.106350,0.000000,0.022600,
demo.66.ground.smt2,,64,2,unsat,1.359000,0.021600,0.446860,0.562240,0.104510,0.000000,0.023600,
demo.66.ground.smt2,,64,3,unsat,1.433224,0.023190,0.449550,0.624030,0.109560,0.000000,0.021200,
demo.66.ground.smt2,,64,4,unsat,1.376623,0.020820,0.450950,0.566020,0.112100,0.000000,0.021430,
demo.66.ground.smt2,,128,0,unsat,1.578506,0.023010,0.454450,0.712870,0.135470,0.000000,0.028660,
demo.66.ground.smt2,,128,1,unsat,1.612605,0.022970,0.447760,0.710160,0.191120,0.000000,0.025700,
demo.66.ground.smt2,,128,2,unsat,1.572296,0.021910,0.453460,0.690090,0.153880,0.000000,0.028850,
demo.66.ground.smt2,,128,3,unsat,1.622052,0.022850,0.452080,0.713920,0.187310,0.000000,0.025960,
demo.66.ground.smt2,,128,4,unsat,1.616780,0.023490,0.454700,0.748980,0.143340,0.000000,0.029730,
demo.67.ground.smt2,,1,0,unsat,2.484010,0.019780,0.445230,0.639060,1.174010,0.000000,0.003850,
demo.67.ground.smt2,,1,1,unsat,2.290919,0.020420,0.454510,0.618820,0.997740,0.000000,0.003900,
demo.67.ground.smt2,,1,2,unsat,2.378174,0.019540,0.449850,0.577050,1.133920,0.000000,0.004120,
demo.67.ground.smt2,,1,3,unsat,2.260382,0.019020,0.455200,0.597480,0.989650,0.000000,0.003850,
demo.67.ground.smt2,,1,4,unsat,2.357969,0.019450,0.446210,0.567620,1.126780,0.000000,0.004010,
demo.67.ground.smt2,,2,0,unsat,1.917551,0.019170,0.448980,0.540440,0.702980,0.000000,0.006940,
demo.67.ground.smt2,,2,1,unsat,1.803151,0.019480,0.442830,0.532870,0.606010,0.000000,0.006290,
demo.67.ground.smt2,,2,2,unsat,1.814785,0.017600,0.446290,0.525300,0.622840,0.000000,0.005930,
demo.67.ground.smt2,,2,3,unsat,1.791397,0.018000,0.446920,0.525150,0.602270,0.000000,0.006220,
demo.67.ground.smt2,,2,4,unsat,1.816376,0.018650,0.449400,0.510060,0.637750,0.000000,0.006560,
demo.67.ground.smt2,,4,0,unsat,1.550522,0.020100,0.445530,0.518810,0.356110,0.000000,0.012520,
demo.67.ground.smt2,,4,1,unsat,1.545502,0.020720,0.444020,0.513970,0.354660,0.000000,0.013940,
demo.67.ground.smt2,,4,2,unsat,1.487384,0.020650,0.444540,0.497130,0.322900,0.000000,0.012640,
demo.67.ground.smt2,,4,3,unsat,1.519304,0.019180,0.445310,0.495060,0.354830,0.000000,0.012880,
demo.67.ground.smt2,,4,4,unsat,1.493922,0.020310,0.437190,0.490200,0.343400,0.000000,0.012560,
demo.67.ground.smt2,,8,0,unsat,1.387762,0.020070,0.445590,0.515400,0.202420,0.000000,0.015350,
demo.67.ground.smt2,,8,1,unsat,1.369366,0.020210,0.443000,0.493910,0.204200,0.000000,0.015180,
demo.67.ground.smt2,,8,2,unsat,1.365248,0.020600,0.442490,0.503080,0.190960,0.000000,0.015090,
demo.67.ground.smt2,,8,3,unsat,1.369096,0.019790,0.445640,0.502480,0.197390,0.000000,0.013200,
demo.67.ground.smt2,,8,4,unsat,1.349942,0.019930,0.441310,0.490220,0.199060,0.000000,0.013010,
demo.67.ground.smt2,,16,0,unsat,1.309698,0.020470,0.443900,0.509180,0.134350,0.000000,0.014340,
demo.67.ground.smt2,,16,1,unsat,1.312819,0.019540,0.442260,0.512100,0.132910,0.000000,0.016270,
demo.67.ground.smt2,,16,2,unsat,1.319749,0.019790,0.442030,0.511680,0.137170,0.000000,0.015020,
demo.67.ground.smt2,,16,3,unsat,1.334828,0.019870,0.445440,0.528860,0.136030,0.000000,0.014420,
demo.67.ground.smt2,,16,4,unsat,1.340976,0.020890,0.444600,0.528740,0.133860,0.000000,0.016520,
demo.67.ground.smt2,,32,0,unsat,1.289115,0.021360,0.439100,0.513040,0.106410,0.000000,0.017490,
demo.67.ground.smt2,,32,1,unsat,1.301940,0.020950,0.439980,0.524330,0.106260,0.000000,0.017760,
demo.67.ground.smt2,,32,2,unsat,1.301669,0.020340,0.443690,0.521830,0.108830,0.000000,0.016520,
demo.67.ground.smt2,,32,3,unsat,1.319298,0.020740,0.448110,0.528790,0.108150,0.000000,0.018440,
demo.67.ground.smt2,,32,4,unsat,1.321540,0.020820,0.444290,0.534070,0.109470,0.000000,0.016720,
demo.67.ground.smt2,,64,0,unsat,1.366773,0.021460,0.446000,0.578460,0.100010,0.000000,0.019130,
demo.67.ground.smt2,,64,1,unsat,1.412796,0.021140,0.450210,0.618610,0.102560,0.000000,0.019310,
demo.67.ground.smt2,,64,2,unsat,1.442747,0.021650,0.450540,0.650120,0.103160,0.000000,0.019260,
demo.67.ground.smt2,,64,3,unsat,1.469193,0.021680,0.448350,0.664640,0.104210,0.000000,0.021770,
demo.67.ground.smt2,,64,4,unsat,1.416973,0.020600,0.447020,0.630280,0.100130,0.000000,0.021430,
demo.67.ground.smt2,,128,0,unsat,1.575997,0.023020,0.448380,0.711210,0.150810,0.000000,0.025380,
demo.67.ground.smt2,,128,1,unsat,1.654464,0.023050,0.458320,0.730860,0.193020,0.000000,0.025280,
demo.67.ground.smt2,,128,2,unsat,1.585476,0.021600,0.453460,0.740400,0.123140,0.000000,0.026980,
demo.67.ground.smt2,,128,3,unsat,1.567962,0.022530,0.450180,0.713470,0.136420,0.000000,0.028770,
demo.67.ground.smt2,,128,4,unsat,1.568271,0.022060,0.449230,0.719180,0.128550,0.000000,0.029250,
demo.68.ground.smt2,,1,0,unsat,2.368879,0.019980,0.445180,0.600300,1.106500,0.000000,0.004000,
demo.68.ground.smt2,,1,1,unsat,2.384281,0.019260,0.444490,0.589500,1.135620,0.000000,0.004380,
demo.68.ground.smt2,,1,2,unsat,2.366673,0.018500,0.439030,0.587720,1.127830,0.000000,0.004100,
demo.68.ground.smt2,,1,3,unsat,2.411212,0.019720,0.430530,0.584580,1.179630,0.000000,0.004150,
demo.68.ground.smt2,,1,4,unsat,2.316423,0.019140,0.445000,0.549630,1.109110,0.000000,0.003840,
demo.68.ground.smt2,,2,0,unsat,1.881751,0.018890,0.447290,0.538110,0.676130,0.000000,0.006640,
demo.68.ground.smt2,,2,1,unsat,1.804907,0.019110,0.439730,0.511960,0.637640,0.000000,0.005720,
demo.68.ground.smt2,,2,2,unsat,1.754982,0.018800,0.434540,0.512810,0.591990,0.000000,0.005930,
demo.68.ground.smt2,,2,3,unsat,1.778788,0.018750,0.437520,0.497860,0.629610,0.000000,0.006020,
demo.68.ground.smt2,,2,4,unsat,1.768324,0.018840,0.435040,0.498940,0.619070,0.000000,0.006710,
demo.68.ground.smt2,,4,0,unsat,1.513325,0.019210,0.438360,0.499080,0.349940,0.000000,0.013170,
demo.68.ground.smt2,,4,1,unsat,1.501392,0.019700,0.433560,0.494080,0.347700,0.000000,0.014090,
demo.68.ground.smt2,,4,2,unsat,1.493919,0.020870,0.436810,0.496080,0.331560,0.000000,0.013480,
demo.68.ground.smt2,,4,3,unsat,1.460492,0.019170,0.434600,0.487350,0.318860,0.000000,0.012920,
demo.68.ground.smt2,,4,4,unsat,1.463376,0.018480,0.428880,0.485270,0.331180,0.000000,0.012890,
demo.68.ground.smt2,,8,0,unsat,1.347888,0.019170,0.440510,0.491290,0.194220,0.000000,0.013750,
demo.68.ground.smt2,,8,1,unsat,1.329610,0.019640,0.430360,0.481290,0.195470,0.000000,0.014840,
demo.68.ground.smt2,,8,2,unsat,1.355347,0.020620,0.431030,0.499490,0.197330,0.000000,0.015230,
demo.68.ground.smt2,,8,3,unsat,1.340193,0.019730,0.436690,0.491030,0.191590,0.000000,0.012790,
demo.68.ground.smt2,,8,4,unsat,1.342256,0.019180,0.442970,0.489080,0.187230,0.000000,0.012750,
demo.68.ground.smt2,,16,0,unsat,1.283195,0.020400,0.436320,0.494120,0.130560,0.000000,0.016210,
demo.68.ground.smt2,,16,1,unsat,1.299183,0.020440,0.443480,0.504550,0.130400,0.000000,0.014280,
demo.68.ground.smt2,,16,2,unsat,1.298039,0.020480,0.438460,0.505530,0.133510,0.000000,0.014490,
demo.68.ground.smt2,,16,3,unsat,1.311539,0.020300,0.438830,0.518220,0.131970,0.000000,0.013640,
demo.68.ground.smt2,,16,4,unsat,1.301651,0.021250,0.438950,0.508010,0.131140,0.000000,0.013590,
demo.68.ground.smt2,,32,0,unsat,1.299996,0.020940,0.439890,0.528900,0.101640,0.000000,0.015350,
demo.68.ground.smt2,,32,1,unsat,1.286114,0.020390,0.435410,0.519190,0.103280,0.000000,0.016250,
demo.68.ground.smt2,,32,2,unsat,1.280818,0.020280,0.432830,0.519530,0.102900,0.000000,0.016840,
demo.68.ground.smt2,,32,3,unsat,1.283847,0.020350,0.439000,0.505530,0.107360,0.000000,0.018420,
demo.68.ground.smt2,,32,4,unsat,1.324027,0.021930,0.438750,0.555480,0.100340,0.000000,0.016340,
demo.68.ground.smt2,,64,0,unsat,1.339820,0.020600,0.438580,0.561820,0.101070,0.000000,0.021580,
demo.68.ground.smt2,,64,1,unsat,1.377494,0.022270,0.437190,0.594340,0.102730,0.000000,0.017860,
demo.68.ground.smt2,,64,2,unsat,1.382712,0.020390,0.437100,0.608870,0.094750,0.000000,0.021160,
demo.68.ground.smt2,,64,3,unsat,1.379737,0.021260,0.443240,0.595260,0.099970,0.000000,0.018500,
demo.68.ground.smt2,,64,4,unsat,1.374792,0.021310,0.442360,0.585290,0.100990,0.000000,0.021090,
demo.68.ground.smt2,,128,0,unsat,1.503432,0.023420,0.447800,0.657030,0.138220,0.000000,0.023860,
demo.68.ground.smt2,,128,1,unsat,1.505745,0.021180,0.439230,0.665680,0.139490,0.000000,0.024580,
demo.68.ground.smt2,,128,2,unsat,1.564527,0.022930,0.442390,0.674130,0.184300,0.000000,0.024300,
demo.68.ground.smt2,,128,3,unsat,1.563429,0.022680,0.443950,0.704060,0.141450,0.000000,0.027790,
demo.68.ground.smt2,,128,4,unsat,1.504692,0.023280,0.443330,0.653690,0.134210,0.000000,0.028370,
demo.69.ground.smt2,,1,0,unsat,1.081512,0.013990,0.290290,0.341710,0.335330,0.000000,0.002030,
demo.69.ground.smt2,,1,1,unsat,1.065042,0.011880,0.287290,0.339850,0.326310,0.000000,0.002130,
demo.69.ground.smt2,,1,2,unsat,1.064495,0.012830,0.292870,0.338290,0.319510,0.000000,0.002160,
demo.69.ground.smt2,,1,3,unsat,1.137750,0.012580,0.288640,0.350520,0.385340,0.000000,0.002170,
demo.69.ground.smt2,,1,4,unsat,1.047571,0.012680,0.291260,0.328050,0.316530,0.000000,0.002070,
demo.69.ground.smt2,,2,0,unsat,0.969495,0.012830,0.289580,0.332370,0.227460,0.000000,0.007330,
demo.69.ground.smt2,,2,1,unsat,0.961453,0.012600,0.290780,0.317780,0.233960,0.000000,0.007750,
demo.69.ground.smt2,,2,2,unsat,0.955723,0.012580,0.286710,0.318970,0.230050,0.000000,0.007280,
demo.69.ground.smt2,,2,3,unsat,0.985029,0.012810,0.287400,0.335740,0.240710,0.000000,0.007680,
demo.69.ground.smt2,,2,4,unsat,0.972024,0.012770,0.291870,0.327460,0.229890,0.000000,0.007630,
demo.69.ground.smt2,,4,0,unsat,0.858817,0.012070,0.289480,0.318290,0.130340,0.000000,0.008570,
demo.69.ground.smt2,,4,1,unsat,0.861681,0.012460,0.290050,0.314290,0.135560,0.000000,0.008730,
demo.69.ground.smt2,,4,2,unsat,0.849365,0.012580,0.286420,0.309950,0.130540,0.000000,0.009140,
demo.69.ground.smt2,,4,3,unsat,0.858204,0.011880,0.290550,0.313470,0.133900,0.000000,0.008580,
demo.69.ground.smt2,,4,4,unsat,0.864966,0.012490,0.289100,0.316060,0.136980,0.000000,0.008610,
demo.69.ground.smt2,,8,0,unsat,0.822348,0.012930,0.290100,0.321500,0.085880,0.000000,0.009000,
demo.69.ground.smt2,,8,1,unsat,0.826334,0.012360,0.292770,0.322220,0.086180,0.000000,0.010170,
demo.69.ground.smt2,,8,2,unsat,0.816058,0.013320,0.290260,0.323600,0.080960,0.000000,0.008590,
demo.69.ground.smt2,,8,3,unsat,0.814108,0.013060,0.289190,0.315960,0.084780,0.000000,0.009940,
demo.69.ground.smt2,,8,4,unsat,0.812336,0.012460,0.287280,0.316120,0.086150,0.000000,0.010340,
demo.69.ground.smt2,,16,0,unsat,0.830779,0.012750,0.293370,0.349720,0.061870,0.000000,0.009910,
demo.69.ground.smt2,,16,1,unsat,0.817015,0.012560,0.293070,0.335500,0.063280,0.000000,0.009590,
demo.69.ground.smt2,,16,2,unsat,0.830664,0.012420,0.292860,0.346800,0.062130,0.000000,0.010350,
demo.69.ground.smt2,,16,3,unsat,0.820762,0.013290,0.297100,0.337270,0.059240,0.000000,0.009220,
demo.69.ground.smt2,,16,4,unsat,0.828127,0.012970,0.296350,0.347990,0.061270,0.000000,0.009490,
demo.69.ground.smt2,,32,0,unsat,0.811028,0.013270,0.292600,0.334810,0.054480,0.000000,0.010440,
demo.69.ground.smt2,,32,1,unsat,0.808883,0.013680,0.288830,0.338690,0.051490,0.000000,0.010300,
demo.69.ground.smt2,,32,2,unsat,0.827450,0.013030,0.287260,0.355590,0.053320,0.000000,0.010010,
demo.69.ground.smt2,,32,3,unsat,0.818148,0.013620,0.287670,0.350400,0.050390,0.000000,0.010420,
demo.69.ground.smt2,,32,4,unsat,0.828539,0.012740,0.292550,0.353400,0.051000,0.000000,0.010300,
demo.69.ground.smt2,,64,0,unsat,0.830026,0.012530,0.292180,0.348200,0.051330,0.000000,0.013610,
demo.69.ground.smt2,,64,1,unsat,0.845842,0.013760,0.290220,0.356070,0.059420,0.000000,0.013170,
demo.69.ground.smt2,,64,2,unsat,0.868158,0.013320,0.288740,0.385010,0.051530,0.000000,0.013910,
demo.69.ground.smt2,,64,3,unsat,0.881059,0.013350,0.294680,0.393650,0.051010,0.000000,0.012990,
demo.69.ground.smt2,,64,4,unsat,0.901548,0.013390,0.293530,0.408480,0.054500,0.000000,0.013730,
demo.69.ground.smt2,,128,0,unsat,1.064413,0.014750,0.288320,0.453010,0.155850,0.000000,0.016030,
demo.69.ground.smt2,,128,1,unsat,1.085790,0.015850,0.290370,0.492530,0.135620,0.000000,0.015370,
demo.69.ground.smt2,,128,2,unsat,1.070500,0.015060,0.292750,0.507400,0.102090,0.000000,0.015650,
demo.69.ground.smt2,,128,3,unsat,1.118120,0.015220,0.293350,0.516000,0.137820,0.000000,0.015340,
demo.69.ground.smt2,,128,4,unsat,1.107354,0.015850,0.296510,0.497380,0.144220,0.000000,0.015260,
demo.70.ground.smt2,,1,0,unsat,1.151856,0.014150,0.271290,0.387810,0.375160,0.000000,0.002110,
demo.70.ground.smt2,,1,1,unsat,1.174982,0.012050,0.271720,0.385960,0.402790,0.000000,0.002190,
demo.70.ground.smt2,,1,2,unsat,1.223254,0.011530,0.270200,0.405970,0.431990,0.000000,0.002200,
demo.70.ground.smt2,,1,3,unsat,1.196262,0.012810,0.271020,0.397740,0.410490,0.000000,0.002110,
demo.70.ground.smt2,,1,4,unsat,1.207152,0.011920,0.269220,0.391180,0.430560,0.000000,0.002430,
demo.70.ground.smt2,,2,0,unsat,0.994755,0.011200,0.271100,0.372300,0.231480,0.000000,0.007590,
demo.70.ground.smt2,,2,1,unsat,0.971876,0.011760,0.271930,0.356540,0.223760,0.000000,0.007250,
demo.70.ground.smt2,,2,2,unsat,0.989803,0.010650,0.269050,0.368350,0.233400,0.000000,0.007480,
demo.70.ground.smt2,,2,3,unsat,0.975803,0.011910,0.269840,0.356920,0.228170,0.000000,0.007780,
demo.70.ground.smt2,,2,4,unsat,0.956158,0.011970,0.266040,0.339050,0.229110,0.000000,0.007910,
demo.70.ground.smt2,,4,0,unsat,0.888450,0.012670,0.270380,0.355110,0.139390,0.000000,0.009520,
demo.70.ground.smt2,,4,1,unsat,0.890769,0.012140,0.271730,0.363680,0.133810,0.000000,0.008760,
demo.70.ground.smt2,,4,2,unsat,0.853477,0.011720,0.267750,0.334560,0.130760,0.000000,0.008180,
demo.70.ground.smt2,,4,3,unsat,0.866467,0.011660,0.272040,0.340340,0.133850,0.000000,0.008430,
demo.70.ground.smt2,,4,4,unsat,0.860861,0.011890,0.271760,0.341480,0.126820,0.000000,0.008940,
demo.70.ground.smt2,,8,0,unsat,0.811480,0.012730,0.269410,0.339710,0.078870,0.000000,0.009060,
demo.70.ground.smt2,,8,1,unsat,0.784743,0.012300,0.265030,0.321160,0.076680,0.000000,0.009160,
demo.70.ground.smt2,,8,2,unsat,0.790176,0.012030,0.268730,0.323060,0.077720,0.000000,0.009200,
demo.70.ground.smt2,,8,3,unsat,0.790631,0.011170,0.270250,0.323630,0.074570,0.000000,0.009600,
demo.70.ground.smt2,,8,4,unsat,0.800112,0.011580,0.272120,0.329460,0.077570,0.000000,0.009180,
demo.70.ground.smt2,,16,0,unsat,0.785174,0.012360,0.269270,0.337900,0.055070,0.000000,0.009260,
demo.70.ground.smt2,,16,1,unsat,0.788920,0.012020,0.270490,0.338620,0.053500,0.000000,0.009920,
demo.70.ground.smt2,,16,2,unsat,0.772639,0.011170,0.268990,0.328940,0.052910,0.000000,0.008770,
demo.70.ground.smt2,,16,3,unsat,0.791685,0.011280,0.273350,0.343840,0.053350,0.000000,0.008760,
demo.70.ground.smt2,,16,4,unsat,0.783730,0.011440,0.270350,0.340390,0.052010,0.000000,0.008630,
demo.70.ground.smt2,,32,0,unsat,0.780023,0.012150,0.270440,0.339350,0.043040,0.000000,0.010620,
demo.70.ground.smt2,,32,1,unsat,0.782185,0.011320,0.271360,0.336660,0.045410,0.000000,0.010300,
demo.70.ground.smt2,,32,2,unsat,0.779665,0.012300,0.272850,0.339370,0.039820,0.000000,0.010230,
demo.70.ground.smt2,,32,3,unsat,0.756965,0.011210,0.265750,0.322520,0.044150,0.000000,0.010080,
demo.70.ground.smt2,,32,4,unsat,0.780407,0.011940,0.271110,0.345230,0.038720,0.000000,0.010280,
demo.70.ground.smt2,,64,0,unsat,0.815860,0.012340,0.268910,0.368030,0.042960,0.000000,0.011820,
demo.70.ground.smt2,,64,1,unsat,0.854427,0.011620,0.273650,0.393300,0.048530,0.000000,0.013210,
demo.70.ground.smt2,,64,2,unsat,0.846940,0.013180,0.270880,0.394660,0.042800,0.000000,0.012290,
demo.70.ground.smt2,,64,3,unsat,0.861914,0.012040,0.271760,0.406610,0.045240,0.000000,0.013010,
demo.70.ground.smt2,,64,4,unsat,0.879277,0.012780,0.272290,0.424590,0.040310,0.000000,0.012760,
demo.70.ground.smt2,,128,0,unsat,1.015721,0.013730,0.271050,0.473480,0.109200,0.000000,0.014780,
demo.70.ground.smt2,,128,1,unsat,0.993615,0.014280,0.273860,0.483810,0.071810,0.000000,0.015100,
demo.70.ground.smt2,,128,2,unsat,1.005656,0.013270,0.271900,0.466020,0.103050,0.000000,0.015530,
demo.70.ground.smt2,,128,3,unsat,1.063661,0.015120,0.273580,0.483950,0.145040,0.000000,0.014770,
demo.70.ground.smt2,,128,4,unsat,1.042597,0.013000,0.273700,0.506970,0.099240,0.000000,0.015320,
demo.71.ground.smt2,,1,0,unsat,1.175408,0.014250,0.263910,0.398400,0.403230,0.000000,0.002090,
demo.71.ground.smt2,,1,1,unsat,1.173133,0.014160,0.262810,0.395820,0.403380,0.000000,0.002130,
demo.71.ground.smt2,,1,2,unsat,1.180886,0.014420,0.267410,0.399970,0.401820,0.000000,0.002290,
demo.71.ground.smt2,,1,3,unsat,1.141638,0.014390,0.262980,0.389360,0.380550,0.000000,0.002120,
demo.71.ground.smt2,,1,4,unsat,1.127480,0.012630,0.262140,0.378400,0.379730,0.000000,0.002030,
demo.71.ground.smt2,,2,0,unsat,0.963240,0.012610,0.264560,0.357080,0.226630,0.000000,0.007270,
demo.71.ground.smt2,,2,1,unsat,0.947276,0.012500,0.266490,0.347580,0.218360,0.000000,0.007410,
demo.71.ground.smt2,,2,2,unsat,0.967615,0.012670,0.265850,0.360290,0.225070,0.000000,0.007760,
demo.71.ground.smt2,,2,3,unsat,0.957302,0.013310,0.268230,0.358450,0.213680,0.000000,0.007510,
demo.71.ground.smt2,,2,4,unsat,0.955506,0.012610,0.264290,0.339120,0.235390,0.000000,0.008450,
demo.71.ground.smt2,,4,0,unsat,0.840070,0.012830,0.265090,0.335360,0.124120,0.000000,0.008040,
demo.71.ground.smt2,,4,1,unsat,0.827442,0.013210,0.262500,0.322820,0.126500,0.000000,0.008680,
demo.71.ground.smt2,,4,2,unsat,0.828175,0.012810,0.264770,0.322840,0.125970,0.000000,0.007850,
demo.71.ground.smt2,,4,3,unsat,0.820196,0.012880,0.264630,0.316770,0.125330,0.000000,0.008680,
demo.71.ground.smt2,,4,4,unsat,0.822527,0.012900,0.262070,0.319090,0.127370,0.000000,0.008420,
demo.71.ground.smt2,,8,0,unsat,0.783727,0.012580,0.280640,0.315430,0.072340,0.000000,0.008390,
demo.71.ground.smt2,,8,1,unsat,0.766956,0.012170,0.266900,0.311410,0.073160,0.000000,0.008570,
demo.71.ground.smt2,,8,2,unsat,0.766341,0.012220,0.268370,0.305760,0.077720,0.000000,0.008610,
demo.71.ground.smt2,,8,3,unsat,0.754621,0.012190,0.263090,0.298820,0.076190,0.000000,0.008980,
demo.71.ground.smt2,,8,4,unsat,0.751717,0.012450,0.259260,0.301810,0.076400,0.000000,0.008180,
demo.71.ground.smt2,,16,0,unsat,0.753281,0.013300,0.266410,0.318950,0.053230,0.000000,0.008870,
demo.71.ground.smt2,,16,1,unsat,0.754651,0.012890,0.264220,0.323130,0.053310,0.000000,0.008340,
demo.71.ground.smt2,,16,2,unsat,0.751929,0.012980,0.261260,0.323990,0.052960,0.000000,0.008530,
demo.71.ground.smt2,,16,3,unsat,0.764982,0.013800,0.264870,0.331740,0.051660,0.000000,0.009460,
demo.71.ground.smt2,,16,4,unsat,0.760392,0.012350,0.261740,0.332490,0.051280,0.000000,0.009310,
demo.71.ground.smt2,,32,0,unsat,0.732702,0.012480,0.260000,0.315180,0.041240,0.000000,0.009270,
demo.71.ground.smt2,,32,1,unsat,0.761701,0.012170,0.260220,0.341770,0.043460,0.000000,0.009230,
demo.71.ground.smt2,,32,2,unsat,0.731874,0.012870,0.264840,0.308080,0.042400,0.000000,0.009560,
demo.71.ground.smt2,,32,3,unsat,0.752443,0.012690,0.263690,0.325230,0.043150,0.000000,0.010080,
demo.71.ground.smt2,,32,4,unsat,0.733762,0.012330,0.258850,0.313550,0.044550,0.000000,0.009740,
demo.71.ground.smt2,,64,0,unsat,0.775246,0.012530,0.262870,0.334670,0.050420,0.000000,0.012180,
demo.71.ground.smt2,,64,1,unsat,0.773236,0.013550,0.262870,0.335660,0.045740,0.000000,0.011590,
demo.71.ground.smt2,,64,2,unsat,0.804363,0.012760,0.266860,0.361220,0.047860,0.000000,0.010860,
demo.71.ground.smt2,,64,3,unsat,0.818890,0.013610,0.261730,0.378540,0.047520,0.000000,0.011850,
demo.71.ground.smt2,,64,4,unsat,0.819377,0.013640,0.266720,0.374020,0.046250,0.000000,0.012200,
demo.71.ground.smt2,,128,0,unsat,0.962983,0.014560,0.265050,0.444470,0.095790,0.000000,0.015200,
demo.71.ground.smt2,,128,1,unsat,0.969084,0.014410,0.270210,0.442730,0.100580,0.000000,0.014530,
demo.71.ground.smt2,,128,2,unsat,0.997650,0.014590,0.267650,0.452010,0.121450,0.000000,0.014620,
demo.71.ground.smt2,,128,3,unsat,0.941374,0.014130,0.271840,0.426090,0.088070,0.000000,0.015060,
demo.71.ground.smt2,,128,4,unsat,1.010936,0.014490,0.268500,0.458500,0.131730,0.000000,0.014890,
demo.76.ground.smt2,,1,0,unsat,1.559404,0.014610,0.328320,0.505070,0.571380,0.000000,0.002910,
demo.76.ground.smt2,,1,1,unsat,1.530128,0.013590,0.334570,0.487530,0.554510,0.000000,0.002670,
demo.76.ground.smt2,,1,2,unsat,1.529922,0.014130,0.331550,0.473790,0.570980,0.000000,0.002810,
demo.76.ground.smt2,,1,3,unsat,1.536136,0.013990,0.327650,0.494400,0.559310,0.000000,0.002890,
demo.76.ground.smt2,,1,4,unsat,1.475495,0.013860,0.327430,0.484120,0.510510,0.000000,0.002780,
demo.76.ground.smt2,,2,0,unsat,1.300024,0.014420,0.332870,0.464870,0.339290,0.000000,0.008880,
demo.76.ground.smt2,,2,1,unsat,1.230098,0.013320,0.325140,0.427030,0.319990,0.000000,0.007630,
demo.76.ground.smt2,,2,2,unsat,1.236355,0.013930,0.329160,0.436140,0.313580,0.000000,0.008240,
demo.76.ground.smt2,,2,3,unsat,1.213168,0.013220,0.325860,0.415290,0.316170,0.000000,0.007210,
demo.76.ground.smt2,,2,4,unsat,1.218603,0.013430,0.329560,0.404330,0.327760,0.000000,0.007360,
demo.76.ground.smt2,,4,0,unsat,1.054984,0.014600,0.322380,0.400220,0.170750,0.000000,0.009840,
demo.76.ground.smt2,,4,1,unsat,1.057108,0.014420,0.325430,0.401010,0.170280,0.000000,0.009910,
demo.76.ground.smt2,,4,2,unsat,1.055748,0.015300,0.320740,0.399130,0.173670,0.000000,0.010560,
demo.76.ground.smt2,,4,3,unsat,1.047233,0.014800,0.321560,0.393320,0.170900,0.000000,0.009990,
demo.76.ground.smt2,,4,4,unsat,1.029031,0.013970,0.321430,0.380730,0.168910,0.000000,0.009690,
demo.76.ground.smt2,,8,0,unsat,0.961114,0.014440,0.320340,0.373810,0.105680,0.000000,0.011620,
demo.76.ground.smt2,,8,1,unsat,0.976158,0.014000,0.321370,0.386510,0.105870,0.000000,0.011330,
demo.76.ground.smt2,,8,2,unsat,0.972290,0.014810,0.325790,0.380070,0.104330,0.000000,0.011680,
demo.76.ground.smt2,,8,3,unsat,0.967624,0.014500,0.327520,0.373540,0.105410,0.000000,0.011370,
demo.76.ground.smt2,,8,4,unsat,0.963291,0.014740,0.322350,0.374740,0.104980,0.000000,0.011380,
demo.76.ground.smt2,,16,0,unsat,0.939867,0.014480,0.320470,0.384590,0.071770,0.000000,0.012850,
demo.76.ground.smt2,,16,1,unsat,0.938000,0.014140,0.319550,0.386440,0.071240,0.000000,0.012570,
demo.76.ground.smt2,,16,2,unsat,0.957490,0.014330,0.326040,0.400730,0.070940,0.000000,0.011020,
demo.76.ground.smt2,,16,3,unsat,0.951713,0.015280,0.323730,0.393890,0.072590,0.000000,0.011570,
demo.76.ground.smt2,,16,4,unsat,0.956586,0.014560,0.324280,0.401820,0.071400,0.000000,0.010570,
demo.76.ground.smt2,,32,0,unsat,0.947728,0.014800,0.327370,0.397780,0.059800,0.000000,0.012590,
demo.76.ground.smt2,,32,1,unsat,0.963464,0.015500,0.328500,0.412670,0.059170,0.000000,0.012430,
demo.76.ground.smt2,,32,2,unsat,0.948453,0.014600,0.327130,0.403950,0.056930,0.000000,0.012490,
demo.76.ground.smt2,,32,3,unsat,0.944994,0.014180,0.324010,0.409730,0.054480,0.000000,0.011910,
demo.76.ground.smt2,,32,4,unsat,0.951801,0.013770,0.332060,0.401230,0.059070,0.000000,0.012160,
demo.76.ground.smt2,,64,0,unsat,0.971676,0.015920,0.327800,0.411060,0.061510,0.000000,0.013900,
demo.76.ground.smt2,,64,1,unsat,1.041363,0.014860,0.330830,0.473900,0.056460,0.000000,0.016520,
demo.76.ground.smt2,,64,2,unsat,1.005632,0.016790,0.326110,0.437280,0.063940,0.000000,0.014670,
demo.76.ground.smt2,,64,3,unsat,1.024635,0.016000,0.328300,0.461490,0.058490,0.000000,0.014440,
demo.76.ground.smt2,,64,4,unsat,1.027307,0.016260,0.322640,0.466580,0.062970,0.000000,0.013650,
demo.76.ground.smt2,,128,0,unsat,1.168814,0.015910,0.332220,0.517730,0.117230,0.000000,0.019230,
demo.76.ground.smt2,,128,1,unsat,1.194952,0.016140,0.330170,0.527510,0.135280,0.000000,0.019430,
demo.76.ground.smt2,,128,2,unsat,1.230756,0.015850,0.329800,0.588350,0.106750,0.000000,0.019470,
demo.76.ground.smt2,,128,3,unsat,1.192158,0.015480,0.332540,0.553270,0.102450,0.000000,0.018960,
demo.76.ground.smt2,,128,4,unsat,1.215459,0.015500,0.329720,0.567840,0.112580,0.000000,0.020070,
demo.77.ground.smt2,,1,0,unsat,2.491442,0.040330,0.793280,0.891020,0.416360,0.000000,0.003160,
demo.77.ground.smt2,,1,1,unsat,2.428197,0.038670,0.776950,0.877950,0.385760,0.000000,0.003210,
demo.77.ground.smt2,,1,2,unsat,2.491348,0.039400,0.786530,0.882740,0.434720,0.000000,0.003150,
demo.77.ground.smt2,,1,3,unsat,2.448274,0.037030,0.788580,0.854530,0.423310,0.000000,0.003040,
demo.77.ground.smt2,,1,4,unsat,2.372041,0.037850,0.788740,0.828610,0.363340,0.000000,0.003050,
demo.77.ground.smt2,,2,0,unsat,2.264634,0.036320,0.781630,0.815380,0.272430,0.000000,0.007970,
demo.77.ground.smt2,,2,1,unsat,2.261124,0.036210,0.781210,0.793740,0.292050,0.000000,0.008560,
demo.77.ground.smt2,,2,2,unsat,2.180044,0.036420,0.773860,0.762530,0.261490,0.000000,0.007600,
demo.77.ground.smt2,,2,3,unsat,2.185849,0.036220,0.778250,0.763590,0.260290,0.000000,0.007520,
demo.77.ground.smt2,,2,4,unsat,2.204298,0.035990,0.775930,0.786430,0.264860,0.000000,0.007480,
demo.77.ground.smt2,,4,0,unsat,2.062221,0.037460,0.767270,0.749050,0.156810,0.000000,0.010680,
demo.77.ground.smt2,,4,1,unsat,2.080180,0.036320,0.780210,0.757400,0.156710,0.000000,0.011200,
demo.77.ground.smt2,,4,2,unsat,2.104487,0.037430,0.785650,0.768020,0.164020,0.000000,0.011250,
demo.77.ground.smt2,,4,3,unsat,2.065240,0.037210,0.776640,0.749080,0.160860,0.000000,0.010670,
demo.77.ground.smt2,,4,4,unsat,2.042473,0.035770,0.782410,0.743750,0.145770,0.000000,0.009970,
demo.77.ground.smt2,,8,0,unsat,1.981145,0.037420,0.776560,0.740610,0.090000,0.000000,0.010230,
demo.77.ground.smt2,,8,1,unsat,1.989473,0.036150,0.771200,0.748530,0.095230,0.000000,0.012040,
demo.77.ground.smt2,,8,2,unsat,1.998724,0.037790,0.780440,0.750750,0.091930,0.000000,0.010530,
demo.77.ground.smt2,,8,3,unsat,2.014260,0.038020,0.787390,0.756030,0.091780,0.000000,0.010950,
demo.77.ground.smt2,,8,4,unsat,2.013283,0.036990,0.801470,0.747090,0.086930,0.000000,0.010260,
demo.77.ground.smt2,,16,0,unsat,1.942745,0.036520,0.774240,0.742140,0.062510,0.000000,0.011140,
demo.77.ground.smt2,,16,1,unsat,1.950163,0.035770,0.780790,0.742470,0.062260,0.000000,0.012520,
demo.77.ground.smt2,,16,2,unsat,1.946496,0.036300,0.775260,0.742130,0.063060,0.000000,0.011800,
demo.77.ground.smt2,,16,3,unsat,1.961745,0.036840,0.790300,0.747250,0.061090,0.000000,0.011170,
demo.77.ground.smt2,,16,4,unsat,1.956447,0.037210,0.771900,0.746940,0.062960,0.000000,0.011780,
demo.77.ground.smt2,,32,0,unsat,1.948505,0.037150,0.771600,0.761860,0.045950,0.000000,0.012920,
demo.77.ground.smt2,,32,1,unsat,1.952681,0.037390,0.776880,0.752670,0.048800,0.000000,0.012920,
demo.77.ground.smt2,,32,2,unsat,1.961679,0.037630,0.773930,0.766930,0.045420,0.000000,0.013070,
demo.77.ground.smt2,,32,3,unsat,1.965627,0.036920,0.783470,0.756510,0.048930,0.000000,0.013340,
demo.77.ground.smt2,,32,4,unsat,1.950459,0.036220,0.779950,0.752000,0.044770,0.000000,0.013070,
demo.77.ground.smt2,,64,0,unsat,2.003451,0.037200,0.787240,0.784210,0.047440,0.000000,0.014050,
demo.77.ground.smt2,,64,1,unsat,1.999412,0.038110,0.780550,0.781300,0.049430,0.000000,0.013920,
demo.77.ground.smt2,,64,2,unsat,2.010175,0.036070,0.785060,0.785610,0.050000,0.000000,0.015880,
demo.77.ground.smt2,,64,3,unsat,1.995162,0.037040,0.778370,0.790210,0.046060,0.000000,0.014260,
demo.77.ground.smt2,,64,4,unsat,1.979591,0.036870,0.778070,0.774110,0.045460,0.000000,0.016230,
demo.77.ground.smt2,,128,0,unsat,2.106136,0.038160,0.773990,0.846150,0.073680,0.000000,0.020490,
demo.77.ground.smt2,,128,1,unsat,2.145866,0.038970,0.779980,0.862390,0.086960,0.000000,0.019450,
demo.77.ground.smt2,,128,2,unsat,2.144351,0.038240,0.781930,0.834240,0.118130,0.000000,0.019620,
demo.77.ground.smt2,,128,3,unsat,2.191700,0.039940,0.783500,0.870230,0.121420,0.000000,0.019810,
demo.77.ground.smt2,,128,4,unsat,2.158612,0.037960,0.783320,0.858880,0.102220,0.000000,0.020620,
demo.9.ground.smt2,,1,0,unsat,1.154720,0.013380,0.270570,0.318390,0.442170,0.000000,0.002040,
demo.9.ground.smt2,,1,1,unsat,1.063633,0.012090,0.267700,0.319340,0.353110,0.000000,0.002040,
demo.9.ground.smt2,,1,2,unsat,1.103716,0.012850,0.269010,0.317040,0.394860,0.000000,0.001990,
demo.9.ground.smt2,,1,3,unsat,1.080514,0.011640,0.270640,0.318760,0.365820,0.000000,0.002050,
demo.9.ground.smt2,,1,4,unsat,1.105855,0.012400,0.269390,0.315830,0.396430,0.000000,0.002340,
demo.9.ground.smt2,,2,0,unsat,1.004218,0.011660,0.269030,0.311180,0.289960,0.000000,0.008750,
demo.9.ground.smt2,,2,1,unsat,0.966451,0.011000,0.263750,0.304870,0.268580,0.000000,0.007170,
demo.9.ground.smt2,,2,2,unsat,0.963569,0.011550,0.266980,0.308500,0.258670,0.000000,0.007080,
demo.9.ground.smt2,,2,3,unsat,0.986224,0.011140,0.270920,0.307550,0.279490,0.000000,0.006820,
demo.9.ground.smt2,,2,4,unsat,0.966499,0.011890,0.266940,0.304660,0.265730,0.000000,0.007420,
demo.9.ground.smt2,,4,0,unsat,0.861048,0.012260,0.265990,0.307750,0.152060,0.000000,0.008450,
demo.9.ground.smt2,,4,1,unsat,0.858432,0.011890,0.267700,0.305100,0.151250,0.000000,0.009060,
demo.9.ground.smt2,,4,2,unsat,0.867689,0.012120,0.271420,0.315590,0.147940,0.000000,0.008470,
demo.9.ground.smt2,,4,3,unsat,0.859277,0.012150,0.268550,0.307850,0.148920,0.000000,0.008880,
demo.9.ground.smt2,,4,4,unsat,0.843831,0.012070,0.263150,0.299480,0.146980,0.000000,0.008360,
demo.9.ground.smt2,,8,0,unsat,0.799095,0.012670,0.262100,0.305980,0.094170,0.000000,0.009380,
demo.9.ground.smt2,,8,1,unsat,0.809788,0.012840,0.269200,0.304300,0.095600,0.000000,0.009520,
demo.9.ground.smt2,,8,2,unsat,0.801464,0.012280,0.264030,0.306810,0.093460,0.000000,0.010150,
demo.9.ground.smt2,,8,3,unsat,0.801470,0.012500,0.262190,0.307060,0.095290,0.000000,0.009660,
demo.9.ground.smt2,,8,4,unsat,0.808796,0.012420,0.268900,0.305420,0.097560,0.000000,0.009460,
demo.9.ground.smt2,,16,0,unsat,0.796571,0.011700,0.271900,0.315440,0.069160,0.000000,0.010140,
demo.9.ground.smt2,,16,1,unsat,0.788643,0.011700,0.267720,0.319890,0.064410,0.000000,0.009640,
demo.9.ground.smt2,,16,2,unsat,0.803205,0.011600,0.269790,0.326130,0.068560,0.000000,0.009510,
demo.9.ground.smt2,,16,3,unsat,0.799332,0.013260,0.269090,0.323260,0.066580,0.000000,0.009580,
demo.9.ground.smt2,,16,4,unsat,0.809586,0.012870,0.271680,0.329400,0.067090,0.000000,0.009750,
demo.9.ground.smt2,,32,0,unsat,0.797631,0.012310,0.271840,0.331230,0.054960,0.000000,0.010910,
demo.9.ground.smt2,,32,1,unsat,0.793752,0.012430,0.267090,0.333860,0.052460,0.000000,0.010490,
demo.9.ground.smt2,,32,2,unsat,0.805237,0.011770,0.271150,0.338430,0.056050,0.000000,0.010920,
demo.9.ground.smt2,,32,3,unsat,0.814939,0.012530,0.270330,0.347610,0.055070,0.000000,0.010290,
demo.9.ground.smt2,,32,4,unsat,0.807041,0.012870,0.269330,0.336310,0.057600,0.000000,0.010480,
demo.9.ground.smt2,,64,0,unsat,0.831994,0.012850,0.273970,0.338340,0.067760,0.000000,0.013740,
demo.9.ground.smt2,,64,1,unsat,0.849424,0.012890,0.277450,0.358420,0.058070,0.000000,0.012670,
demo.9.ground.smt2,,64,2,unsat,0.869449,0.013640,0.272000,0.379640,0.059260,0.000000,0.013630,
demo.9.ground.smt2,,64,3,unsat,0.880520,0.013110,0.273530,0.382410,0.063240,0.000000,0.013410,
demo.9.ground.smt2,,64,4,unsat,0.893075,0.013040,0.273900,0.397660,0.059120,0.000000,0.012790,
demo.9.ground.smt2,,128,0,unsat,1.042712,0.014280,0.273090,0.487450,0.098400,0.000000,0.015970,
demo.9.ground.smt2,,128,1,unsat,1.103178,0.014870,0.277630,0.492060,0.144540,0.000000,0.016480,
demo.9.ground.smt2,,128,2,unsat,1.068567,0.014050,0.280030,0.499950,0.096940,0.000000,0.016280,
demo.9.ground.smt2,,128,3,unsat,1.090898,0.014040,0.272970,0.521070,0.105840,0.000000,0.016480,
demo.9.ground.smt2,,128,4,unsat,1.064261,0.014620,0.272660,0.504000,0.099030,0.000000,0.015850,
graphics-fidget-colonnade.1.ground.smt2,,1,0,unsat,1.236613,0.017770,0.329820,0.553900,0.215260,0.000000,0.002210,
graphics-fidget-colonnade.1.ground.smt2,,1,1,unsat,1.218313,0.015710,0.341250,0.538300,0.204470,0.000000,0.002290,
graphics-fidget-colonnade.1.ground.smt2,,1,2,unsat,1.209787,0.015730,0.336340,0.527350,0.212320,0.000000,0.002180,
graphics-fidget-colonnade.1.ground.smt2,,1,3,unsat,1.216138,0.015720,0.336560,0.530640,0.212540,0.000000,0.002160,
graphics-fidget-colonnade.1.ground.smt2,,1,4,unsat,1.167298,0.015120,0.330880,0.494410,0.205800,0.000000,0.002160,
graphics-fidget-colonnade.1.ground.smt2,,2,0,unsat,1.110985,0.015300,0.339930,0.485470,0.141460,0.000000,0.007490,
graphics-fidget-colonnade.1.ground.smt2,,2,1,unsat,1.082912,0.015050,0.333370,0.474820,0.134370,0.000000,0.006950,
graphics-fidget-colonnade.1.ground.smt2,,2,2,unsat,1.056191,0.015510,0.329040,0.454460,0.132670,0.000000,0.006850,
graphics-fidget-colonnade.1.ground.smt2,,2,3,unsat,1.056024,0.015140,0.330370,0.453870,0.134540,0.000000,0.006670,
graphics-fidget-colonnade.1.ground.smt2,,2,4,unsat,1.047321,0.014980,0.335430,0.436710,0.136660,0.000000,0.007120,
graphics-fidget-colonnade.1.ground.smt2,,4,0,unsat,1.028358,0.016090,0.344990,0.453260,0.087260,0.000000,0.007300,
graphics-fidget-colonnade.1.ground.smt2,,4,1,unsat,0.971475,0.015800,0.334720,0.407600,0.088970,0.000000,0.007400,
graphics-fidget-colonnade.1.ground.smt2,,4,2,unsat,0.991642,0.015060,0.326270,0.440170,0.085050,0.000000,0.007440,
graphics-fidget-colonnade.1.ground.smt2,,4,3,unsat,0.946216,0.015070,0.330350,0.389200,0.087770,0.000000,0.007600,
graphics-fidget-colonnade.1.ground.smt2,,4,4,unsat,0.959540,0.015200,0.331800,0.400900,0.087200,0.000000,0.007370,
graphics-fidget-colonnade.1.ground.smt2,,8,0,unsat,0.925177,0.014370,0.327180,0.398810,0.059990,0.000000,0.008090,
graphics-fidget-colonnade.1.ground.smt2,,8,1,unsat,0.919068,0.015090,0.329680,0.388350,0.062990,0.000000,0.007730,
graphics-fidget-colonnade.1.ground.smt2,,8,2,unsat,0.910236,0.014330,0.332840,0.378950,0.060050,0.000000,0.007840,
graphics-fidget-colonnade.1.ground.smt2,,8,3,unsat,0.901003,0.014550,0.324620,0.378260,0.060740,0.000000,0.007850,
graphics-fidget-colonnade.1.ground.smt2,,8,4,unsat,0.894614,0.014850,0.328770,0.368250,0.058520,0.000000,0.008380,
graphics-fidget-colonnade.1.ground.smt2,,16,0,unsat,0.897611,0.013840,0.331030,0.381800,0.046260,0.000000,0.008590,
graphics-fidget-colonnade.1.ground.smt2,,16,1,unsat,0.884349,0.014580,0.329810,0.375430,0.043260,0.000000,0.007660,
graphics-fidget-colonnade.1.ground.smt2,,16,2,unsat,0.896802,0.013850,0.332070,0.382160,0.045090,0.000000,0.007990,
graphics-fidget-colonnade.1.ground.smt2,,16,3,unsat,0.893179,0.014140,0.334100,0.375120,0.046680,0.000000,0.008670,
graphics-fidget-colonnade.1.ground.smt2,,16,4,unsat,0.894691,0.014750,0.332050,0.378950,0.046740,0.000000,0.008400,
graphics-fidget-colonnade.1.ground.smt2,,32,0,unsat,0.906625,0.015090,0.337690,0.389790,0.039140,0.000000,0.008580,
graphics-fidget-colonnade.1.ground.smt2,,32,1,unsat,0.891211,0.015140,0.335020,0.377930,0.041570,0.000000,0.008700,
graphics-fidget-colonnade.1.ground.smt2,,32,2,unsat,0.880225,0.014840,0.334670,0.368620,0.039480,0.000000,0.008590,
graphics-fidget-colonnade.1.ground.smt2,,32,3,unsat,0.886271,0.013430,0.334810,0.374060,0.041430,0.000000,0.008540,
graphics-fidget-colonnade.1.ground.smt2,,32,4,unsat,0.885962,0.014090,0.337850,0.368700,0.041990,0.000000,0.008810,
graphics-fidget-colonnade.1.ground.smt2,,64,0,unsat,0.938919,0.014100,0.336060,0.404560,0.049280,0.000000,0.010410,
graphics-fidget-colonnade.1.ground.smt2,,64,1,unsat,0.970806,0.014710,0.332340,0.439500,0.047760,0.000000,0.010720,
graphics-fidget-colonnade.1.ground.smt2,,64,2,unsat,0.958628,0.014330,0.339310,0.422520,0.048520,0.000000,0.009490,
graphics-fidget-colonnade.1.ground.smt2,,64,3,unsat,0.960801,0.014860,0.339480,0.424860,0.047190,0.000000,0.009700,
graphics-fidget-colonnade.1.ground.smt2,,64,4,unsat,0.938865,0.015640,0.331410,0.409590,0.047470,0.000000,0.009580,
graphics-fidget-colonnade.1.ground.smt2,,128,0,unsat,1.085032,0.015320,0.330370,0.486720,0.097240,0.000000,0.013230,
graphics-fidget-colonnade.1.ground.smt2,,128,1,unsat,1.122857,0.016130,0.335940,0.477640,0.136030,0.000000,0.013220,
graphics-fidget-colonnade.1.ground.smt2,,128,2,unsat,1.110006,0.015600,0.337120,0.492750,0.110370,0.000000,0.012830,
graphics-fidget-colonnade.1.ground.smt2,,128,3,unsat,1.140362,0.015770,0.336390,0.524660,0.106150,0.000000,0.013280,
graphics-fidget-colonnade.1.ground.smt2,,128,4,unsat,1.118181,0.016120,0.340710,0.495060,0.109650,0.000000,0.012380,
graphics-fidget-gyroid-sphere.0.ground.smt2,,1,0,unsat,2.088084,0.025480,0.565800,0.658190,0.651880,0.000000,0.002950,
graphics-fidget-gyroid-sphere.0.ground.smt2,,1,1,unsat,2.077674,0.024080,0.556080,0.643820,0.666420,0.000000,0.002950,
graphics-fidget-gyroid-sphere.0.ground.smt2,,1,2,unsat,2.026844,0.024770,0.562170,0.648650,0.603780,0.000000,0.002880,
graphics-fidget-gyroid-sphere.0.ground.smt2,,1,3,unsat,1.920015,0.023830,0.562680,0.638590,0.509090,0.000000,0.002590,
graphics-fidget-gyroid-sphere.0.ground.smt2,,1,4,unsat,2.017358,0.023570,0.573160,0.637350,0.599350,0.000000,0.002810,
graphics-fidget-gyroid-sphere.0.ground.smt2,,2,0,unsat,1.790107,0.023150,0.594090,0.621220,0.361350,0.000000,0.007260,
graphics-fidget-gyroid-sphere.0.ground.smt2,,2,1,unsat,1.725485,0.023510,0.559840,0.612590,0.339920,0.000000,0.006950,
graphics-fidget-gyroid-sphere.0.ground.smt2,,2,2,unsat,1.729633,0.023030,0.568240,0.603740,0.347560,0.000000,0.007150,
graphics-fidget-gyroid-sphere.0.ground.smt2,,2,3,unsat,1.772503,0.023020,0.568200,0.616380,0.373760,0.000000,0.007490,
graphics-fidget-gyroid-sphere.0.ground.smt2,,2,4,unsat,1.733733,0.024130,0.556760,0.612040,0.348250,0.000000,0.007650,
graphics-fidget-gyroid-sphere.0.ground.smt2,,4,0,unsat,1.605804,0.023770,0.560030,0.606450,0.221260,0.000000,0.010490,
graphics-fidget-gyroid-sphere.0.ground.smt2,,4,1,unsat,1.563835,0.024700,0.554200,0.589330,0.204430,0.000000,0.010160,
graphics-fidget-gyroid-sphere.0.ground.smt2,,4,2,unsat,1.576357,0.023620,0.562340,0.592650,0.208200,0.000000,0.010100,
graphics-fidget-gyroid-sphere.0.ground.smt2,,4,3,unsat,1.579430,0.023890,0.564980,0.595360,0.205280,0.000000,0.010580,
graphics-fidget-gyroid-sphere.0.ground.smt2,,4,4,unsat,1.558978,0.023280,0.559600,0.580310,0.207140,0.000000,0.010420,
graphics-fidget-gyroid-sphere.0.ground.smt2,,8,0,unsat,1.476112,0.023510,0.559940,0.582280,0.118440,0.000000,0.011350,
graphics-fidget-gyroid-sphere.0.ground.smt2,,8,1,unsat,1.474781,0.024440,0.560330,0.583720,0.114870,0.000000,0.010680,
graphics-fidget-gyroid-sphere.0.ground.smt2,,8,2,unsat,1.472965,0.024130,0.556480,0.579270,0.119200,0.000000,0.010710,
graphics-fidget-gyroid-sphere.0.ground.smt2,,8,3,unsat,1.463373,0.023190,0.557530,0.574800,0.118490,0.000000,0.010060,
graphics-fidget-gyroid-sphere.0.ground.smt2,,8,4,unsat,1.468898,0.023530,0.561470,0.575330,0.117440,0.000000,0.011640,
graphics-fidget-gyroid-sphere.0.ground.smt2,,16,0,unsat,1.423084,0.023660,0.558220,0.573580,0.081120,0.000000,0.010410,
graphics-fidget-gyroid-sphere.0.ground.smt2,,16,1,unsat,1.434094,0.023030,0.553400,0.580320,0.084900,0.000000,0.011820,
graphics-fidget-gyroid-sphere.0.ground.smt2,,16,2,unsat,1.448639,0.024400,0.565710,0.581270,0.084670,0.000000,0.011620,
graphics-fidget-gyroid-sphere.0.ground.smt2,,16,3,unsat,1.436543,0.023850,0.555720,0.579100,0.083730,0.000000,0.011650,
graphics-fidget-gyroid-sphere.0.ground.smt2,,16,4,unsat,1.432096,0.024180,0.556530,0.580220,0.080430,0.000000,0.010690,
graphics-fidget-gyroid-sphere.0.ground.smt2,,32,0,unsat,1.421966,0.023780,0.551690,0.584150,0.068600,0.000000,0.012490,
graphics-fidget-gyroid-sphere.0.ground.smt2,,32,1,unsat,1.416993,0.023880,0.548970,0.586160,0.067420,0.000000,0.012370,
graphics-fidget-gyroid-sphere.0.ground.smt2,,32,2,unsat,1.431784,0.023970,0.563750,0.582100,0.069950,0.000000,0.012000,
graphics-fidget-gyroid-sphere.0.ground.smt2,,32,3,unsat,1.445494,0.023750,0.562950,0.595530,0.073300,0.000000,0.011850,
graphics-fidget-gyroid-sphere.0.ground.smt2,,32,4,unsat,1.423626,0.023640,0.562880,0.583280,0.062790,0.000000,0.012260,
graphics-fidget-gyroid-sphere.0.ground.smt2,,64,0,unsat,1.465489,0.024560,0.558470,0.615070,0.064310,0.000000,0.013900,
graphics-fidget-gyroid-sphere.0.ground.smt2,,64,1,unsat,1.449990,0.023250,0.554740,0.597470,0.069810,0.000000,0.015910,
graphics-fidget-gyroid-sphere.0.ground.smt2,,64,2,unsat,1.460251,0.025990,0.564580,0.606820,0.062850,0.000000,0.014410,
graphics-fidget-gyroid-sphere.0.ground.smt2,,64,3,unsat,1.466406,0.024260,0.556610,0.609290,0.068820,0.000000,0.016710,
graphics-fidget-gyroid-sphere.0.ground.smt2,,64,4,unsat,1.474600,0.025190,0.569330,0.609370,0.062020,0.000000,0.016400,
graphics-fidget-gyroid-sphere.0.ground.smt2,,128,0,unsat,1.604996,0.025560,0.564980,0.653030,0.133920,0.000000,0.018690,
graphics-fidget-gyroid-sphere.0.ground.smt2,,128,1,unsat,1.589440,0.025280,0.564950,0.649530,0.119950,0.000000,0.019230,
graphics-fidget-gyroid-sphere.0.ground.smt2,,128,2,unsat,1.613697,0.026030,0.568900,0.661630,0.131400,0.000000,0.018650,
graphics-fidget-gyroid-sphere.0.ground.smt2,,128,3,unsat,1.586612,0.025450,0.568720,0.650110,0.119540,0.000000,0.018590,
graphics-fidget-gyroid-sphere.0.ground.smt2,,128,4,unsat,1.577233,0.024260,0.562210,0.673920,0.095070,0.000000,0.018310,
graphics-fidget-gyroid-sphere.1.ground.smt2,,1,0,unsat,1.383748,0.022260,0.450400,0.487130,0.277340,0.000000,0.002980,
graphics-fidget-gyroid-sphere.1.ground.smt2,,1,1,unsat,1.407090,0.020270,0.462930,0.495570,0.279910,0.000000,0.003060,
graphics-fidget-gyroid-sphere.1.ground.smt2,,1,2,unsat,1.425171,0.020640,0.461680,0.502500,0.293260,0.000000,0.003370,
graphics-fidget-gyroid-sphere.1.ground.smt2,,1,3,unsat,1.405895,0.019960,0.450720,0.488930,0.299460,0.000000,0.003020,
graphics-fidget-gyroid-sphere.1.ground.smt2,,1,4,unsat,1.419679,0.020030,0.457660,0.500830,0.289880,0.000000,0.003330,
graphics-fidget-gyroid-sphere.1.ground.smt2,,2,0,unsat,1.350679,0.020410,0.459450,0.485930,0.225150,0.000000,0.008450,
graphics-fidget-gyroid-sphere.1.ground.smt2,,2,1,unsat,1.322610,0.020720,0.463200,0.484840,0.198360,0.000000,0.007340,
graphics-fidget-gyroid-sphere.1.ground.smt2,,2,2,unsat,1.319264,0.019980,0.453900,0.485550,0.204800,0.000000,0.007460,
graphics-fidget-gyroid-sphere.1.ground.smt2,,2,3,unsat,1.301575,0.019500,0.449810,0.481120,0.195990,0.000000,0.007970,
graphics-fidget-gyroid-sphere.1.ground.smt2,,2,4,unsat,1.319656,0.020200,0.456030,0.482100,0.205330,0.000000,0.008130,
graphics-fidget-gyroid-sphere.1.ground.smt2,,4,0,unsat,1.260446,0.020380,0.453380,0.500420,0.124260,0.000000,0.009900,
graphics-fidget-gyroid-sphere.1.ground.smt2,,4,1,unsat,1.261877,0.021400,0.463550,0.490470,0.125420,0.000000,0.010210,
graphics-fidget-gyroid-sphere.1.ground.smt2,,4,2,unsat,1.265028,0.020670,0.459030,0.496350,0.125550,0.000000,0.010210,
graphics-fidget-gyroid-sphere.1.ground.smt2,,4,3,unsat,1.244249,0.020810,0.455110,0.488690,0.119140,0.000000,0.009060,
graphics-fidget-gyroid-sphere.1.ground.smt2,,4,4,unsat,1.223993,0.020580,0.449140,0.480010,0.116470,0.000000,0.009890,
graphics-fidget-gyroid-sphere.1.ground.smt2,,8,0,unsat,1.201225,0.020620,0.462680,0.480040,0.075100,0.000000,0.011190,
graphics-fidget-gyroid-sphere.1.ground.smt2,,8,1,unsat,1.190182,0.019900,0.453990,0.477850,0.075410,0.000000,0.010680,
graphics-fidget-gyroid-sphere.1.ground.smt2,,8,2,unsat,1.195777,0.020390,0.456460,0.480850,0.075340,0.000000,0.010990,
graphics-fidget-gyroid-sphere.1.ground.smt2,,8,3,unsat,1.195597,0.019570,0.460020,0.478520,0.074800,0.000000,0.010350,
graphics-fidget-gyroid-sphere.1.ground.smt2,,8,4,unsat,1.195969,0.019680,0.461710,0.479390,0.073310,0.000000,0.010820,
graphics-fidget-gyroid-sphere.1.ground.smt2,,16,0,unsat,1.167875,0.021300,0.455800,0.482350,0.050030,0.000000,0.010460,
graphics-fidget-gyroid-sphere.1.ground.smt2,,16,1,unsat,1.170740,0.020540,0.454510,0.482640,0.051070,0.000000,0.011800,
graphics-fidget-gyroid-sphere.1.ground.smt2,,16,2,unsat,1.181776,0.020820,0.458920,0.487800,0.052610,0.000000,0.012100,
graphics-fidget-gyroid-sphere.1.ground.smt2,,16,3,unsat,1.183640,0.020620,0.460950,0.492060,0.050190,0.000000,0.010360,
graphics-fidget-gyroid-sphere.1.ground.smt2,,16,4,unsat,1.179239,0.020790,0.454660,0.493660,0.049750,0.000000,0.010440,
graphics-fidget-gyroid-sphere.1.ground.smt2,,32,0,unsat,1.202189,0.022540,0.463650,0.511480,0.038090,0.000000,0.011830,
graphics-fidget-gyroid-sphere.1.ground.smt2,,32,1,unsat,1.184449,0.021610,0.457440,0.499960,0.040700,0.000000,0.012100,
graphics-fidget-gyroid-sphere.1.ground.smt2,,32,2,unsat,1.202801,0.021170,0.457140,0.518290,0.039880,0.000000,0.011750,
graphics-fidget-gyroid-sphere.1.ground.smt2,,32,3,unsat,1.204637,0.022690,0.457710,0.522220,0.037900,0.000000,0.012210,
graphics-fidget-gyroid-sphere.1.ground.smt2,,32,4,unsat,1.210093,0.022800,0.458260,0.519980,0.040990,0.000000,0.011950,
graphics-fidget-gyroid-sphere.1.ground.smt2,,64,0,unsat,1.250516,0.021170,0.466140,0.544780,0.039440,0.000000,0.014320,
graphics-fidget-gyroid-sphere.1.ground.smt2,,64,1,unsat,1.255092,0.022260,0.464990,0.548910,0.041500,0.000000,0.015320,
graphics-fidget-gyroid-sphere.1.ground.smt2,,64,2,unsat,1.245391,0.021110,0.463330,0.542520,0.041170,0.000000,0.013800,
graphics-fidget-gyroid-sphere.1.ground.smt2,,64,3,unsat,1.266954,0.021880,0.462580,0.564520,0.039310,0.000000,0.014860,
graphics-fidget-gyroid-sphere.1.ground.smt2,,64,4,unsat,1.259160,0.021200,0.465550,0.556550,0.040480,0.000000,0.014540,
graphics-fidget-gyroid-sphere.1.ground.smt2,,128,0,unsat,1.380669,0.022860,0.466530,0.609270,0.076160,0.000000,0.019710,
graphics-fidget-gyroid-sphere.1.ground.smt2,,128,1,unsat,1.375353,0.022770,0.459380,0.615040,0.067890,0.000000,0.021710,
graphics-fidget-gyroid-sphere.1.ground.smt2,,128,2,unsat,1.406122,0.022290,0.459350,0.637060,0.085730,0.000000,0.018830,
graphics-fidget-gyroid-sphere.1.ground.smt2,,128,3,unsat,1.436420,0.023430,0.478020,0.646520,0.085980,0.000000,0.019120,
graphics-fidget-gyroid-sphere.1.ground.smt2,,128,4,unsat,1.438719,0.022160,0.466880,0.663890,0.081410,0.000000,0.018600,
graphics-fidget-gyroid-sphere.3.ground.smt2,,1,0,unsat,1.402404,0.018370,0.423410,0.476020,0.314320,0.000000,0.003340,
graphics-fidget-gyroid-sphere.3.ground.smt2,,1,1,unsat,1.408566,0.017700,0.420210,0.469850,0.331660,0.000000,0.003150,
graphics-fidget-gyroid-sphere.3.ground.smt2,,1,2,unsat,1.403426,0.017110,0.423800,0.474610,0.318920,0.000000,0.003250,
graphics-fidget-gyroid-sphere.3.ground.smt2,,1,3,unsat,1.402951,0.016850,0.420770,0.475720,0.317890,0.000000,0.003180,
graphics-fidget-gyroid-sphere.3.ground.smt2,,1,4,unsat,1.413229,0.016910,0.423250,0.476520,0.323100,0.000000,0.003350,
graphics-fidget-gyroid-sphere.3.ground.smt2,,2,0,unsat,1.341545,0.017120,0.421350,0.471170,0.247640,0.000000,0.009340,
graphics-fidget-gyroid-sphere.3.ground.smt2,,2,1,unsat,1.306273,0.017260,0.424110,0.464690,0.221110,0.000000,0.008450,
graphics-fidget-gyroid-sphere.3.ground.smt2,,2,2,unsat,1.307437,0.016370,0.420900,0.461920,0.232330,0.000000,0.007970,
graphics-fidget-gyroid-sphere.3.ground.smt2,,2,3,unsat,1.295847,0.016470,0.418410,0.460590,0.222440,0.000000,0.008070,
graphics-fidget-gyroid-sphere.3.ground.smt2,,2,4,unsat,1.313601,0.016920,0.416280,0.466690,0.235640,0.000000,0.008850,
graphics-fidget-gyroid-sphere.3.ground.smt2,,4,0,unsat,1.238043,0.019170,0.424290,0.464980,0.146850,0.000000,0.010110,
graphics-fidget-gyroid-sphere.3.ground.smt2,,4,1,unsat,1.251693,0.019380,0.425060,0.473580,0.148120,0.000000,0.011570,
graphics-fidget-gyroid-sphere.3.ground.smt2,,4,2,unsat,1.246549,0.018260,0.424320,0.469700,0.151510,0.000000,0.010760,
graphics-fidget-gyroid-sphere.3.ground.smt2,,4,3,unsat,1.227614,0.018250,0.422010,0.466670,0.138270,0.000000,0.010140,
graphics-fidget-gyroid-sphere.3.ground.smt2,,4,4,unsat,1.231500,0.018840,0.421170,0.464700,0.144260,0.000000,0.010510,
graphics-fidget-gyroid-sphere.3.ground.smt2,,8,0,unsat,1.177372,0.018780,0.419440,0.462910,0.093120,0.000000,0.011520,
graphics-fidget-gyroid-sphere.3.ground.smt2,,8,1,unsat,1.188812,0.018900,0.422020,0.470640,0.092190,0.000000,0.009920,
graphics-fidget-gyroid-sphere.3.ground.smt2,,8,2,unsat,1.190881,0.018870,0.426780,0.469440,0.091390,0.000000,0.010400,
graphics-fidget-gyroid-sphere.3.ground.smt2,,8,3,unsat,1.199403,0.020150,0.421550,0.477230,0.092120,0.000000,0.010510,
graphics-fidget-gyroid-sphere.3.ground.smt2,,8,4,unsat,1.189533,0.018810,0.421490,0.470690,0.091920,0.000000,0.011220,
graphics-fidget-gyroid-sphere.3.ground.smt2,,16,0,unsat,1.162175,0.018980,0.421240,0.470490,0.067420,0.000000,0.012010,
graphics-fidget-gyroid-sphere.3.ground.smt2,,16,1,unsat,1.169826,0.019840,0.424920,0.472240,0.067270,0.000000,0.012690,
graphics-fidget-gyroid-sphere.3.ground.smt2,,16,2,unsat,1.167283,0.020220,0.421860,0.477640,0.063800,0.000000,0.010560,
graphics-fidget-gyroid-sphere.3.ground.smt2,,16,3,unsat,1.171242,0.019060,0.417370,0.483610,0.064790,0.000000,0.011190,
graphics-fidget-gyroid-sphere.3.ground.smt2,,16,4,unsat,1.188375,0.019060,0.427770,0.490920,0.066180,0.000000,0.010870,
graphics-fidget-gyroid-sphere.3.ground.smt2,,32,0,unsat,1.183188,0.019600,0.427890,0.491740,0.053760,0.000000,0.012790,
graphics-fidget-gyroid-sphere.3.ground.smt2,,32,1,unsat,1.168022,0.019030,0.419260,0.490390,0.052860,0.000000,0.012340,
graphics-fidget-gyroid-sphere.3.ground.smt2,,32,2,unsat,1.182515,0.020420,0.426030,0.497760,0.051620,0.000000,0.012510,
graphics-fidget-gyroid-sphere.3.ground.smt2,,32,3,unsat,1.175358,0.019910,0.421740,0.490560,0.053260,0.000000,0.012550,
graphics-fidget-gyroid-sphere.3.ground.smt2,,32,4,unsat,1.184824,0.019980,0.426510,0.499840,0.051780,0.000000,0.012250,
graphics-fidget-gyroid-sphere.3.ground.smt2,,64,0,unsat,1.218566,0.019340,0.422160,0.522190,0.055860,0.000000,0.015470,
graphics-fidget-gyroid-sphere.3.ground.smt2,,64,1,unsat,1.227631,0.020190,0.426180,0.528840,0.054190,0.000000,0.016200,
graphics-fidget-gyroid-sphere.3.ground.smt2,,64,2,unsat,1.212374,0.019940,0.418510,0.525190,0.052940,0.000000,0.013870,
graphics-fidget-gyroid-sphere.3.ground.smt2,,64,3,unsat,1.238102,0.019070,0.424560,0.537550,0.054650,0.000000,0.014980,
graphics-fidget-gyroid-sphere.3.ground.smt2,,64,4,unsat,1.245424,0.020370,0.427370,0.539440,0.054190,0.000000,0.016500,
graphics-fidget-gyroid-sphere.3.ground.smt2,,128,0,unsat,1.396331,0.021300,0.423530,0.636170,0.079030,0.000000,0.019990,
graphics-fidget-gyroid-sphere.3.ground.smt2,,128,1,unsat,1.389374,0.020740,0.427250,0.623990,0.084370,0.000000,0.018240,
graphics-fidget-gyroid-sphere.3.ground.smt2,,128,2,unsat,1.396253,0.021600,0.423390,0.619880,0.098590,0.000000,0.019940,
graphics-fidget-gyroid-sphere.3.ground.smt2,,128,3,unsat,1.377748,0.020960,0.424960,0.615550,0.088910,0.000000,0.018740,
graphics-fidget-gyroid-sphere.3.ground.smt2,,128,4,unsat,1.398994,0.021220,0.422740,0.634080,0.091510,0.000000,0.017470,
graphics-fidget-gyroid-sphere.4.ground.smt2,,1,0,unsat,2.053935,0.026720,0.572790,0.647720,0.624320,0.000000,0.002790,
graphics-fidget-gyroid-sphere.4.ground.smt2,,1,1,unsat,1.994236,0.024790,0.555670,0.666730,0.563920,0.000000,0.002910,
graphics-fidget-gyroid-sphere.4.ground.smt2,,1,2,unsat,2.017717,0.024640,0.570480,0.644530,0.591030,0.000000,0.002590,
graphics-fidget-gyroid-sphere.4.ground.smt2,,1,3,unsat,2.075935,0.023700,0.564710,0.638980,0.664660,0.000000,0.002770,
graphics-fidget-gyroid-sphere.4.ground.smt2,,1,4,unsat,2.012902,0.024200,0.562360,0.643220,0.600550,0.000000,0.002860,
graphics-fidget-gyroid-sphere.4.ground.smt2,,2,0,unsat,1.748875,0.022730,0.557580,0.611270,0.369190,0.000000,0.007200,
graphics-fidget-gyroid-sphere.4.ground.smt2,,2,1,unsat,2.177902,0.023110,0.561540,0.612320,0.337360,0.000000,0.006770,
graphics-fidget-gyroid-sphere.4.ground.smt2,,2,2,unsat,1.749484,0.022650,0.604290,0.600330,0.334050,0.000000,0.007260,
graphics-fidget-gyroid-sphere.4.ground.smt2,,2,3,unsat,1.725020,0.024360,0.558670,0.612020,0.338520,0.000000,0.007370,
graphics-fidget-gyroid-sphere.4.ground.smt2,,2,4,unsat,1.745132,0.022680,0.556350,0.610810,0.366550,0.000000,0.007180,
graphics-fidget-gyroid-sphere.4.ground.smt2,,4,0,unsat,1.585880,0.023410,0.552850,0.600290,0.214140,0.000000,0.011180,
graphics-fidget-gyroid-sphere.4.ground.smt2,,4,1,unsat,1.586009,0.023020,0.551270,0.598070,0.220170,0.000000,0.011410,
graphics-fidget-gyroid-sphere.4.ground.smt2,,4,2,unsat,1.573840,0.023540,0.559090,0.586600,0.211460,0.000000,0.011070,
graphics-fidget-gyroid-sphere.4.ground.smt2,,4,3,unsat,1.589978,0.023410,0.558980,0.595760,0.217440,0.000000,0.011410,
graphics-fidget-gyroid-sphere.4.ground.smt2,,4,4,unsat,1.582818,0.024210,0.558320,0.591600,0.218190,0.000000,0.010580,
graphics-fidget-gyroid-sphere.4.ground.smt2,,8,0,unsat,1.475074,0.023140,0.556280,0.586830,0.114580,0.000000,0.011170,
graphics-fidget-gyroid-sphere.4.ground.smt2,,8,1,unsat,1.483903,0.022470,0.563110,0.583900,0.120610,0.000000,0.011920,
