workload,parlay_threads,round,work,frontier,next,consolidate_ms,frontier_ms,semisort_ms,keyed_ms,group_by_ms,per_group_ms
cube_d2_k5,1,0,10,750,250,0.394,0.014,0.214,0.000,0.091,0.063
cube_d2_k5,1,1,250,250,122,0.124,0.022,0.072,0.000,0.029,0.020
cube_d2_k5,1,2,122,122,64,0.062,0.012,0.039,0.000,0.016,0.011
cube_d2_k5,1,3,64,64,32,0.033,0.007,0.023,0.000,0.010,0.006
cube_d2_k5,1,4,32,32,16,0.018,0.004,0.015,0.000,0.007,0.003
cube_d2_k5,1,5,16,16,8,0.010,0.003,0.010,0.000,0.005,0.002
cube_d2_k5,1,6,8,8,4,0.006,0.002,0.008,0.000,0.004,0.001
cube_d2_k5,1,7,4,4,2,0.004,0.002,0.006,0.000,0.004,0.001
cube_d2_k5,1,8,2,0,0,0.003,0.001,0.000,,,
cube_d2_k5,1,0,10,750,250,0.008,0.003,0.162,0.000,0.063,0.042
cube_d2_k5,1,1,250,250,122,0.122,0.021,0.070,0.000,0.028,0.020
cube_d2_k5,1,2,122,122,64,0.062,0.011,0.039,0.000,0.016,0.011
cube_d2_k5,1,3,64,64,32,0.034,0.007,0.022,0.000,0.010,0.006
cube_d2_k5,1,4,32,32,16,0.018,0.004,0.014,0.000,0.007,0.003
cube_d2_k5,1,5,16,16,8,0.010,0.003,0.010,0.000,0.005,0.002
cube_d2_k5,1,6,8,8,4,0.006,0.002,0.008,0.000,0.004,0.001
cube_d2_k5,1,7,4,4,2,0.004,0.001,0.006,0.000,0.004,0.001
cube_d2_k5,1,8,2,0,0,0.003,0.001,0.000,,,
cube_d2_k5,1,0,10,750,250,0.008,0.003,0.162,0.000,0.063,0.042
cube_d2_k5,1,1,250,250,122,0.123,0.021,0.069,0.000,0.028,0.020
cube_d2_k5,1,2,122,122,64,0.062,0.011,0.038,0.000,0.016,0.011
cube_d2_k5,1,3,64,64,32,0.033,0.007,0.022,0.000,0.010,0.006
cube_d2_k5,1,4,32,32,16,0.018,0.004,0.014,0.000,0.007,0.003
cube_d2_k5,1,5,16,16,8,0.009,0.003,0.010,0.000,0.005,0.002
cube_d2_k5,1,6,8,8,4,0.006,0.002,0.008,0.000,0.004,0.001
cube_d2_k5,1,7,4,4,2,0.004,0.001,0.006,0.000,0.004,0.001
cube_d2_k5,1,8,2,0,0,0.002,0.001,0.000,,,
cube_d2_k5,1,0,10,750,250,0.008,0.003,0.162,0.000,0.063,0.042
cube_d2_k5,1,1,250,250,122,0.122,0.020,0.069,0.000,0.028,0.020
cube_d2_k5,1,2,122,122,64,0.062,0.011,0.038,0.000,0.016,0.011
cube_d2_k5,1,3,64,64,32,0.033,0.007,0.022,0.000,0.010,0.006
cube_d2_k5,1,4,32,32,16,0.017,0.004,0.014,0.000,0.007,0.003
cube_d2_k5,1,5,16,16,8,0.009,0.003,0.010,0.000,0.005,0.002
cube_d2_k5,1,6,8,8,4,0.006,0.002,0.008,0.000,0.004,0.001
cube_d2_k5,1,7,4,4,2,0.004,0.001,0.006,0.000,0.004,0.001
cube_d2_k5,1,8,2,0,0,0.002,0.001,0.000,,,
cube_d2_k5,1,0,10,750,250,0.008,0.003,0.161,0.000,0.063,0.042
cube_d2_k5,1,1,250,250,122,0.123,0.021,0.069,0.000,0.028,0.020
cube_d2_k5,1,2,122,122,64,0.062,0.011,0.038,0.000,0.016,0.011
cube_d2_k5,1,3,64,64,32,0.032,0.007,0.022,0.000,0.010,0.006
cube_d2_k5,1,4,32,32,16,0.017,0.004,0.014,0.000,0.007,0.003
cube_d2_k5,1,5,16,16,8,0.009,0.003,0.010,0.000,0.005,0.002
cube_d2_k5,1,6,8,8,4,0.006,0.002,0.008,0.000,0.004,0.001
cube_d2_k5,1,7,4,4,2,0.004,0.001,0.006,0.000,0.004,0.001
cube_d2_k5,1,8,2,0,0,0.002,0.001,0.000,,,
cube_d2_k5,1,0,10,750,250,0.008,0.003,0.162,0.000,0.064,0.042
cube_d2_k5,1,1,250,250,122,0.122,0.021,0.069,0.000,0.028,0.019
cube_d2_k5,1,2,122,122,64,0.062,0.011,0.038,0.000,0.016,0.011
cube_d2_k5,1,3,64,64,32,0.033,0.007,0.022,0.000,0.010,0.006
cube_d2_k5,1,4,32,32,16,0.017,0.004,0.014,0.000,0.007,0.003
cube_d2_k5,1,5,16,16,8,0.010,0.003,0.010,0.000,0.005,0.002
cube_d2_k5,1,6,8,8,4,0.006,0.002,0.008,0.000,0.004,0.001
cube_d2_k5,1,7,4,4,2,0.004,0.001,0.006,0.000,0.004,0.001
cube_d2_k5,1,8,2,0,0,0.002,0.001,0.000,,,
cube_d2_k5,2,0,10,750,250,0.455,0.007,0.599,0.000,0.408,0.088
cube_d2_k5,2,1,250,250,122,0.146,0.022,0.071,0.000,0.030,0.019
cube_d2_k5,2,2,122,122,64,0.063,0.012,0.040,0.000,0.017,0.011
cube_d2_k5,2,3,64,64,32,0.030,0.008,0.023,0.000,0.010,0.006
cube_d2_k5,2,4,32,32,16,0.018,0.004,0.014,0.000,0.007,0.003
cube_d2_k5,2,5,16,16,8,0.010,0.003,0.010,0.000,0.005,0.002
cube_d2_k5,2,6,8,8,4,0.005,0.002,0.008,0.000,0.005,0.001
cube_d2_k5,2,7,4,4,2,0.004,0.001,0.006,0.000,0.004,0.001
cube_d2_k5,2,8,2,0,0,0.002,0.001,0.000,,,
cube_d2_k5,2,0,10,750,250,0.008,0.003,0.154,0.000,0.065,0.039
cube_d2_k5,2,1,250,250,122,0.103,0.021,0.070,0.000,0.029,0.019
cube_d2_k5,2,2,122,122,64,0.060,0.012,0.039,0.000,0.016,0.011
cube_d2_k5,2,3,64,64,32,0.030,0.007,0.023,0.000,0.010,0.006
cube_d2_k5,2,4,32,32,16,0.017,0.004,0.015,0.000,0.007,0.003
cube_d2_k5,2,5,16,16,8,0.010,0.003,0.010,0.000,0.005,0.002
cube_d2_k5,2,6,8,8,4,0.006,0.002,0.008,0.000,0.004,0.001
cube_d2_k5,2,7,4,4,2,0.003,0.001,0.006,0.000,0.004,0.001
cube_d2_k5,2,8,2,0,0,0.002,0.001,0.000,,,
cube_d2_k5,2,0,10,750,250,0.317,0.004,0.166,0.000,0.066,0.038
cube_d2_k5,2,1,250,250,122,0.107,0.022,0.070,0.000,0.029,0.018
cube_d2_k5,2,2,122,122,64,0.063,0.012,0.039,0.000,0.016,0.011
cube_d2_k5,2,3,64,64,32,0.032,0.007,0.023,0.000,0.010,0.006
cube_d2_k5,2,4,32,32,16,0.018,0.004,0.014,0.000,0.007,0.003
cube_d2_k5,2,5,16,16,8,0.010,0.003,0.010,0.000,0.005,0.002
cube_d2_k5,2,6,8,8,4,0.006,0.002,0.008,0.000,0.004,0.001
cube_d2_k5,2,7,4,4,2,0.004,0.001,0.006,0.000,0.004,0.001
cube_d2_k5,2,8,2,0,0,0.002,0.001,0.000,,,
cube_d2_k5,2,0,10,750,250,0.008,0.003,0.151,0.000,0.064,0.038
cube_d2_k5,2,1,250,250,122,0.105,0.022,0.081,0.000,0.036,0.024
cube_d2_k5,2,2,122,122,64,0.060,0.012,0.039,0.000,0.016,0.011
cube_d2_k5,2,3,64,64,32,0.029,0.007,0.022,0.000,0.010,0.006
cube_d2_k5,2,4,32,32,16,0.018,0.004,0.014,0.000,0.007,0.003
cube_d2_k5,2,5,16,16,8,0.010,0.003,0.010,0.000,0.005,0.002
cube_d2_k5,2,6,8,8,4,0.006,0.002,0.007,0.000,0.004,0.001
cube_d2_k5,2,7,4,4,2,0.004,0.001,0.006,0.000,0.004,0.001
cube_d2_k5,2,8,2,0,0,0.002,0.001,0.000,,,
cube_d2_k5,2,0,10,750,250,0.008,0.003,0.147,0.000,0.067,0.033
cube_d2_k5,2,1,250,250,122,0.091,0.022,0.068,0.000,0.028,0.016
cube_d2_k5,2,2,122,122,64,0.056,0.012,0.041,0.000,0.017,0.011
cube_d2_k5,2,3,64,64,32,0.025,0.008,0.024,0.000,0.011,0.006
cube_d2_k5,2,4,32,32,16,0.019,0.004,0.015,0.000,0.007,0.004
cube_d2_k5,2,5,16,16,8,0.010,0.003,0.010,0.000,0.006,0.002
cube_d2_k5,2,6,8,8,4,0.006,0.002,0.008,0.000,0.005,0.001
cube_d2_k5,2,7,4,4,2,0.004,0.001,0.006,0.000,0.004,0.001
cube_d2_k5,2,8,2,0,0,0.002,0.001,0.000,,,
cube_d2_k5,2,0,10,750,250,0.008,0.003,0.145,0.000,0.066,0.033
cube_d2_k5,2,1,250,250,122,0.090,0.022,0.068,0.000,0.028,0.017
cube_d2_k5,2,2,122,122,64,0.057,0.012,0.040,0.000,0.017,0.011
cube_d2_k5,2,3,64,64,32,0.026,0.008,0.023,0.000,0.010,0.006
cube_d2_k5,2,4,32,32,16,0.018,0.004,0.015,0.000,0.007,0.004
cube_d2_k5,2,5,16,16,8,0.010,0.003,0.011,0.000,0.006,0.002
cube_d2_k5,2,6,8,8,4,0.006,0.002,0.008,0.000,0.005,0.001
cube_d2_k5,2,7,4,4,2,0.004,0.001,0.006,0.000,0.004,0.001
cube_d2_k5,2,8,2,0,0,0.002,0.001,0.000,,,
cube_d2_k5,4,0,10,750,250,0.813,0.005,0.168,0.000,0.079,0.039
cube_d2_k5,4,1,250,250,122,0.103,0.024,0.072,0.000,0.031,0.017
cube_d2_k5,4,2,122,122,64,0.059,0.013,0.043,0.000,0.019,0.012
cube_d2_k5,4,3,64,64,32,0.025,0.008,0.025,0.000,0.010,0.007
cube_d2_k5,4,4,32,32,16,0.020,0.005,0.015,0.000,0.007,0.004
cube_d2_k5,4,5,16,16,8,0.010,0.003,0.011,0.000,0.006,0.002
cube_d2_k5,4,6,8,8,4,0.006,0.002,0.008,0.000,0.005,0.001
cube_d2_k5,4,7,4,4,2,0.004,0.001,0.006,0.000,0.004,0.001
cube_d2_k5,4,8,2,0,0,0.003,0.001,0.000,,,
cube_d2_k5,4,0,10,750,250,0.008,0.004,0.140,0.000,0.069,0.030
cube_d2_k5,4,1,250,250,122,0.085,0.023,0.070,0.000,0.030,0.016
cube_d2_k5,4,2,122,122,64,0.061,0.013,0.042,0.000,0.017,0.012
cube_d2_k5,4,3,64,64,32,0.025,0.008,0.025,0.000,0.010,0.007
cube_d2_k5,4,4,32,32,16,0.020,0.005,0.015,0.000,0.007,0.004
cube_d2_k5,4,5,16,16,8,0.010,0.003,0.010,0.000,0.006,0.002
cube_d2_k5,4,6,8,8,4,0.006,0.002,0.008,0.000,0.004,0.001
cube_d2_k5,4,7,4,4,2,0.004,0.001,0.006,0.000,0.004,0.001
cube_d2_k5,4,8,2,0,0,0.002,0.001,0.000,,,
cube_d2_k5,4,0,10,750,250,0.008,0.004,0.141,0.000,0.069,0.029
cube_d2_k5,4,1,250,250,122,0.085,0.023,0.070,0.000,0.030,0.017
cube_d2_k5,4,2,122,122,64,0.061,0.012,0.043,0.000,0.018,0.012
cube_d2_k5,4,3,64,64,32,0.025,0.008,0.026,0.000,0.010,0.008
cube_d2_k5,4,4,32,32,16,0.020,0.005,0.015,0.000,0.007,0.004
cube_d2_k5,4,5,16,16,8,0.010,0.003,0.010,0.000,0.005,0.002
cube_d2_k5,4,6,8,8,4,0.006,0.002,0.008,0.000,0.004,0.001
cube_d2_k5,4,7,4,4,2,0.004,0.002,0.006,0.000,0.004,0.001
cube_d2_k5,4,8,2,0,0,0.002,0.001,0.000,,,
cube_d2_k5,4,0,10,750,250,0.008,0.004,0.144,0.000,0.069,0.030
cube_d2_k5,4,1,250,250,122,0.085,0.023,0.069,0.000,0.030,0.016
cube_d2_k5,4,2,122,122,64,0.061,0.012,0.043,0.000,0.017,0.012
cube_d2_k5,4,3,64,64,32,0.025,0.008,0.025,0.000,0.010,0.007
cube_d2_k5,4,4,32,32,16,0.020,0.005,0.015,0.000,0.007,0.004
cube_d2_k5,4,5,16,16,8,0.012,0.003,0.010,0.000,0.005,0.002
cube_d2_k5,4,6,8,8,4,0.006,0.002,0.008,0.000,0.004,0.001
cube_d2_k5,4,7,4,4,2,0.004,0.001,0.006,0.000,0.004,0.001
cube_d2_k5,4,8,2,0,0,0.002,0.001,0.000,,,
cube_d2_k5,4,0,10,750,250,0.008,0.003,0.140,0.000,0.069,0.030
cube_d2_k5,4,1,250,250,122,0.085,0.023,0.069,0.000,0.030,0.016
cube_d2_k5,4,2,122,122,64,0.061,0.012,0.043,0.000,0.017,0.012
cube_d2_k5,4,3,64,64,32,0.024,0.008,0.025,0.000,0.010,0.007
cube_d2_k5,4,4,32,32,16,0.019,0.005,0.015,0.000,0.007,0.004
cube_d2_k5,4,5,16,16,8,0.011,0.003,0.010,0.000,0.006,0.002
cube_d2_k5,4,6,8,8,4,0.006,0.002,0.008,0.000,0.004,0.001
cube_d2_k5,4,7,4,4,2,0.004,0.001,0.006,0.000,0.004,0.001
cube_d2_k5,4,8,2,0,0,0.002,0.001,0.000,,,
cube_d2_k5,4,0,10,750,250,0.008,0.004,0.147,0.000,0.062,0.041
cube_d2_k5,4,1,250,250,122,0.084,0.023,0.068,0.000,0.030,0.016
cube_d2_k5,4,2,122,122,64,0.063,0.012,0.041,0.000,0.017,0.011
cube_d2_k5,4,3,64,64,32,0.023,0.008,0.025,0.000,0.010,0.007
cube_d2_k5,4,4,32,32,16,0.020,0.005,0.015,0.000,0.007,0.004
cube_d2_k5,4,5,16,16,8,0.011,0.003,0.010,0.000,0.006,0.002
cube_d2_k5,4,6,8,8,4,0.006,0.002,0.008,0.000,0.004,0.001
cube_d2_k5,4,7,4,4,2,0.004,0.002,0.006,0.000,0.004,0.001
cube_d2_k5,4,8,2,0,0,0.002,0.001,0.000,,,
cube_d2_k5,8,0,10,750,250,1.065,0.006,0.414,0.000,0.300,0.062
cube_d2_k5,8,1,250,250,122,0.433,0.032,0.076,0.000,0.031,0.017
cube_d2_k5,8,2,122,122,64,0.052,0.013,0.041,0.000,0.017,0.011
cube_d2_k5,8,3,64,64,32,0.021,0.008,0.024,0.000,0.010,0.006
cube_d2_k5,8,4,32,32,16,0.015,0.005,0.015,0.000,0.007,0.004
cube_d2_k5,8,5,16,16,8,0.009,0.003,0.010,0.000,0.005,0.002
cube_d2_k5,8,6,8,8,4,0.006,0.002,0.008,0.000,0.005,0.001
cube_d2_k5,8,7,4,4,2,0.004,0.002,0.006,0.000,0.004,0.001
cube_d2_k5,8,8,2,0,0,0.002,0.001,0.000,,,
cube_d2_k5,8,0,10,750,250,0.257,0.004,0.115,0.000,0.050,0.023
cube_d2_k5,8,1,250,250,122,0.077,0.023,0.065,0.000,0.026,0.017
cube_d2_k5,8,2,122,122,64,0.032,0.013,0.040,0.000,0.016,0.010
cube_d2_k5,8,3,64,64,32,0.019,0.008,0.023,0.000,0.010,0.006
cube_d2_k5,8,4,32,32,16,0.014,0.005,0.015,0.000,0.007,0.004
cube_d2_k5,8,5,16,16,8,0.009,0.003,0.010,0.000,0.005,0.002
cube_d2_k5,8,6,8,8,4,0.006,0.002,0.008,0.000,0.004,0.001
cube_d2_k5,8,7,4,4,2,0.004,0.001,0.006,0.000,0.004,0.001
cube_d2_k5,8,8,2,0,0,0.002,0.001,0.000,,,
cube_d2_k5,8,0,10,750,250,0.284,0.004,0.117,0.000,0.051,0.024
cube_d2_k5,8,1,250,250,122,0.061,0.022,0.062,0.000,0.025,0.017
cube_d2_k5,8,2,122,122,64,0.035,0.013,0.040,0.000,0.017,0.010
cube_d2_k5,8,3,64,64,32,0.021,0.008,0.024,0.000,0.010,0.007
cube_d2_k5,8,4,32,32,16,0.015,0.005,0.015,0.000,0.007,0.004
cube_d2_k5,8,5,16,16,8,0.008,0.003,0.010,0.000,0.005,0.002
cube_d2_k5,8,6,8,8,4,0.006,0.002,0.008,0.000,0.004,0.001
cube_d2_k5,8,7,4,4,2,0.004,0.001,0.006,0.000,0.004,0.001
cube_d2_k5,8,8,2,0,0,0.002,0.001,0.000,,,
cube_d2_k5,8,0,10,750,250,0.008,0.003,0.111,0.000,0.051,0.023
cube_d2_k5,8,1,250,250,122,0.064,0.022,0.062,0.000,0.025,0.017
cube_d2_k5,8,2,122,122,64,0.032,0.012,0.039,0.000,0.016,0.010
cube_d2_k5,8,3,64,64,32,0.020,0.008,0.023,0.000,0.010,0.006
cube_d2_k5,8,4,32,32,16,0.011,0.005,0.015,0.000,0.007,0.003
cube_d2_k5,8,5,16,16,8,0.008,0.003,0.010,0.000,0.006,0.002
cube_d2_k5,8,6,8,8,4,0.006,0.002,0.008,0.000,0.004,0.001
cube_d2_k5,8,7,4,4,2,0.004,0.001,0.006,0.000,0.004,0.001
cube_d2_k5,8,8,2,0,0,0.002,0.001,0.000,,,
cube_d2_k5,8,0,10,750,250,0.286,0.004,0.115,0.000,0.050,0.023
cube_d2_k5,8,1,250,250,122,0.057,0.021,0.071,0.000,0.034,0.016
cube_d2_k5,8,2,122,122,64,0.040,0.012,0.035,0.000,0.015,0.008
cube_d2_k5,8,3,64,64,32,0.018,0.008,0.023,0.000,0.010,0.006
cube_d2_k5,8,4,32,32,16,0.015,0.005,0.015,0.000,0.007,0.004
cube_d2_k5,8,5,16,16,8,0.007,0.003,0.010,0.000,0.005,0.002
cube_d2_k5,8,6,8,8,4,0.006,0.002,0.008,0.000,0.004,0.001
cube_d2_k5,8,7,4,4,2,0.004,0.001,0.006,0.000,0.004,0.001
cube_d2_k5,8,8,2,0,0,0.002,0.001,0.000,,,
cube_d2_k5,8,0,10,750,250,0.008,0.003,0.125,0.000,0.059,0.031
cube_d2_k5,8,1,250,250,122,0.069,0.021,0.061,0.000,0.024,0.017
cube_d2_k5,8,2,122,122,64,0.024,0.012,0.039,0.000,0.016,0.011
cube_d2_k5,8,3,64,64,32,0.025,0.007,0.023,0.000,0.010,0.006
cube_d2_k5,8,4,32,32,16,0.015,0.005,0.014,0.000,0.007,0.003
cube_d2_k5,8,5,16,16,8,0.009,0.003,0.010,0.000,0.005,0.002
cube_d2_k5,8,6,8,8,4,0.006,0.002,0.008,0.000,0.004,0.001
cube_d2_k5,8,7,4,4,2,0.003,0.001,0.006,0.000,0.004,0.001
cube_d2_k5,8,8,2,0,0,0.002,0.001,0.000,,,
cube_d2_k5,16,0,10,750,250,0.827,0.004,0.525,0.000,0.446,0.035
cube_d2_k5,16,1,250,250,122,0.041,0.024,0.066,0.000,0.027,0.017
cube_d2_k5,16,2,122,122,64,0.028,0.013,0.039,0.000,0.015,0.010
cube_d2_k5,16,3,64,64,32,0.015,0.008,0.024,0.000,0.010,0.007
cube_d2_k5,16,4,32,32,16,0.013,0.005,0.015,0.000,0.007,0.004
cube_d2_k5,16,5,16,16,8,0.008,0.003,0.010,0.000,0.005,0.002
cube_d2_k5,16,6,8,8,4,0.006,0.002,0.008,0.000,0.004,0.001
cube_d2_k5,16,7,4,4,2,0.004,0.001,0.006,0.000,0.004,0.001
cube_d2_k5,16,8,2,0,0,0.002,0.001,0.000,,,
cube_d2_k5,16,0,10,750,250,0.243,0.004,0.108,0.000,0.047,0.021
cube_d2_k5,16,1,250,250,122,0.039,0.023,0.060,0.000,0.025,0.017
cube_d2_k5,16,2,122,122,64,0.024,0.013,0.037,0.000,0.015,0.009
cube_d2_k5,16,3,64,64,32,0.018,0.008,0.023,0.000,0.010,0.006
cube_d2_k5,16,4,32,32,16,0.014,0.005,0.015,0.000,0.007,0.004
cube_d2_k5,16,5,16,16,8,0.008,0.003,0.010,0.000,0.005,0.002
cube_d2_k5,16,6,8,8,4,0.005,0.002,0.007,0.000,0.004,0.001
cube_d2_k5,16,7,4,4,2,0.004,0.001,0.006,0.000,0.004,0.001
cube_d2_k5,16,8,2,0,0,0.002,0.001,0.000,,,
cube_d2_k5,16,0,10,750,250,0.275,0.004,0.105,0.000,0.047,0.019
cube_d2_k5,16,1,250,250,122,0.041,0.023,0.059,0.000,0.023,0.016
cube_d2_k5,16,2,122,122,64,0.025,0.013,0.037,0.000,0.014,0.009
cube_d2_k5,16,3,64,64,32,0.015,0.008,0.023,0.000,0.010,0.006
cube_d2_k5,16,4,32,32,16,0.013,0.005,0.015,0.000,0.007,0.003
cube_d2_k5,16,5,16,16,8,0.007,0.003,0.010,0.000,0.005,0.002
cube_d2_k5,16,6,8,8,4,0.005,0.002,0.007,0.000,0.004,0.001
cube_d2_k5,16,7,4,4,2,0.004,0.001,0.006,0.000,0.004,0.001
cube_d2_k5,16,8,2,0,0,0.002,0.001,0.000,,,
cube_d2_k5,16,0,10,750,250,0.008,0.003,0.100,0.000,0.046,0.018
cube_d2_k5,16,1,250,250,122,0.039,0.022,0.057,0.000,0.024,0.015
cube_d2_k5,16,2,122,122,64,0.025,0.013,0.036,0.000,0.015,0.009
cube_d2_k5,16,3,64,64,32,0.015,0.008,0.023,0.000,0.010,0.007
cube_d2_k5,16,4,32,32,16,0.023,0.005,0.015,0.000,0.008,0.004
cube_d2_k5,16,5,16,16,8,0.008,0.003,0.010,0.000,0.005,0.002
cube_d2_k5,16,6,8,8,4,0.006,0.002,0.007,0.000,0.004,0.001
cube_d2_k5,16,7,4,4,2,0.004,0.001,0.006,0.000,0.004,0.001
cube_d2_k5,16,8,2,0,0,0.002,0.001,0.000,,,
cube_d2_k5,16,0,10,750,250,0.256,0.004,0.099,0.000,0.046,0.018
cube_d2_k5,16,1,250,250,122,0.039,0.022,0.061,0.000,0.025,0.015
cube_d2_k5,16,2,122,122,64,0.024,0.013,0.037,0.000,0.015,0.009
cube_d2_k5,16,3,64,64,32,0.015,0.008,0.024,0.000,0.010,0.007
cube_d2_k5,16,4,32,32,16,0.009,0.005,0.014,0.000,0.007,0.004
cube_d2_k5,16,5,16,16,8,0.007,0.003,0.010,0.000,0.005,0.002
cube_d2_k5,16,6,8,8,4,0.006,0.002,0.007,0.000,0.004,0.001
cube_d2_k5,16,7,4,4,2,0.004,0.001,0.006,0.000,0.004,0.001
cube_d2_k5,16,8,2,0,0,0.002,0.001,0.000,,,
cube_d2_k5,16,0,10,750,250,0.234,0.004,0.095,0.000,0.046,0.017
cube_d2_k5,16,1,250,250,122,0.038,0.024,0.053,0.000,0.022,0.014
cube_d2_k5,16,2,122,122,64,0.025,0.013,0.037,0.000,0.014,0.009
cube_d2_k5,16,3,64,64,32,0.017,0.008,0.023,0.000,0.010,0.006
cube_d2_k5,16,4,32,32,16,0.012,0.005,0.015,0.000,0.007,0.003
cube_d2_k5,16,5,16,16,8,0.007,0.003,0.010,0.000,0.006,0.002
cube_d2_k5,16,6,8,8,4,0.005,0.002,0.007,0.000,0.004,0.001
cube_d2_k5,16,7,4,4,2,0.004,0.001,0.006,0.000,0.004,0.001
cube_d2_k5,16,8,2,0,0,0.002,0.001,0.000,,,
cube_d2_k5,32,0,10,750,250,0.887,0.005,0.478,0.000,0.401,0.033
cube_d2_k5,32,1,250,250,122,0.443,0.026,0.066,0.000,0.031,0.016
cube_d2_k5,32,2,122,122,64,0.030,0.014,0.042,0.000,0.017,0.011
cube_d2_k5,32,3,64,64,32,0.015,0.008,0.025,0.000,0.011,0.007
cube_d2_k5,32,4,32,32,16,0.017,0.005,0.016,0.000,0.008,0.004
cube_d2_k5,32,5,16,16,8,0.008,0.003,0.011,0.000,0.006,0.002
cube_d2_k5,32,6,8,8,4,0.007,0.002,0.008,0.000,0.005,0.001
cube_d2_k5,32,7,4,4,2,0.004,0.002,0.007,0.000,0.005,0.001
cube_d2_k5,32,8,2,0,0,0.003,0.001,0.000,,,
cube_d2_k5,32,0,10,750,250,0.216,0.004,0.104,0.000,0.049,0.017
cube_d2_k5,32,1,250,250,122,0.033,0.024,0.070,0.000,0.026,0.015
cube_d2_k5,32,2,122,122,64,0.021,0.014,0.039,0.000,0.016,0.009
cube_d2_k5,32,3,64,64,32,0.015,0.008,0.024,0.000,0.011,0.007
cube_d2_k5,32,4,32,32,16,0.010,0.005,0.016,0.000,0.008,0.004
cube_d2_k5,32,5,16,16,8,0.007,0.003,0.011,0.000,0.006,0.002
cube_d2_k5,32,6,8,8,4,0.006,0.002,0.008,0.000,0.005,0.001
cube_d2_k5,32,7,4,4,2,0.004,0.001,0.007,0.000,0.005,0.001
cube_d2_k5,32,8,2,0,0,0.002,0.001,0.000,,,
cube_d2_k5,32,0,10,750,250,0.260,0.004,0.102,0.000,0.049,0.017
cube_d2_k5,32,1,250,250,122,0.033,0.023,0.059,0.000,0.026,0.015
cube_d2_k5,32,2,122,122,64,0.021,0.013,0.039,0.000,0.017,0.009
cube_d2_k5,32,3,64,64,32,0.013,0.008,0.025,0.000,0.011,0.007
cube_d2_k5,32,4,32,32,16,0.014,0.005,0.016,0.000,0.008,0.004
cube_d2_k5,32,5,16,16,8,0.009,0.003,0.011,0.000,0.006,0.002
cube_d2_k5,32,6,8,8,4,0.006,0.002,0.008,0.000,0.005,0.001
cube_d2_k5,32,7,4,4,2,0.004,0.001,0.007,0.000,0.005,0.001
cube_d2_k5,32,8,2,0,0,0.002,0.001,0.000,,,
cube_d2_k5,32,0,10,750,250,0.247,0.004,0.094,0.000,0.045,0.016
cube_d2_k5,32,1,250,250,122,0.031,0.025,0.060,0.000,0.027,0.015
cube_d2_k5,32,2,122,122,64,0.020,0.014,0.039,0.000,0.017,0.009
cube_d2_k5,32,3,64,64,32,0.017,0.008,0.024,0.000,0.011,0.007
cube_d2_k5,32,4,32,32,16,0.014,0.005,0.015,0.000,0.008,0.004
cube_d2_k5,32,5,16,16,8,0.008,0.003,0.011,0.000,0.006,0.002
cube_d2_k5,32,6,8,8,4,0.007,0.002,0.008,0.000,0.005,0.001
cube_d2_k5,32,7,4,4,2,0.004,0.001,0.007,0.000,0.005,0.001
cube_d2_k5,32,8,2,0,0,0.002,0.001,0.000,,,
cube_d2_k5,32,0,10,750,250,0.222,0.004,0.102,0.000,0.049,0.016
cube_d2_k5,32,1,250,250,122,0.033,0.023,0.060,0.000,0.027,0.015
cube_d2_k5,32,2,122,122,64,0.022,0.013,0.038,0.000,0.016,0.009
cube_d2_k5,32,3,64,64,32,0.014,0.009,0.024,0.000,0.011,0.007
cube_d2_k5,32,4,32,32,16,0.014,0.005,0.015,0.000,0.008,0.004
cube_d2_k5,32,5,16,16,8,0.007,0.003,0.011,0.000,0.006,0.002
cube_d2_k5,32,6,8,8,4,0.006,0.002,0.008,0.000,0.005,0.001
cube_d2_k5,32,7,4,4,2,0.003,0.001,0.007,0.000,0.005,0.001
cube_d2_k5,32,8,2,0,0,0.002,0.001,0.000,,,
cube_d2_k5,32,0,10,750,250,0.224,0.004,0.093,0.000,0.044,0.016
cube_d2_k5,32,1,250,250,122,0.033,0.023,0.059,0.000,0.027,0.015
cube_d2_k5,32,2,122,122,64,0.021,0.014,0.039,0.000,0.017,0.009
cube_d2_k5,32,3,64,64,32,0.017,0.008,0.024,0.000,0.011,0.007
cube_d2_k5,32,4,32,32,16,0.014,0.005,0.015,0.000,0.008,0.004
cube_d2_k5,32,5,16,16,8,0.008,0.003,0.011,0.000,0.006,0.002
cube_d2_k5,32,6,8,8,4,0.006,0.002,0.008,0.000,0.005,0.001
cube_d2_k5,32,7,4,4,2,0.004,0.001,0.007,0.000,0.005,0.001
cube_d2_k5,32,8,2,0,0,0.002,0.001,0.000,,,
cube_d2_k5,64,0,10,750,250,0.927,0.007,1.083,0.000,0.732,0.298
cube_d2_k5,64,1,250,250,122,0.557,0.275,0.474,0.000,0.385,0.043
cube_d2_k5,64,2,122,122,64,0.546,0.035,0.362,0.000,0.032,0.300
cube_d2_k5,64,3,64,64,32,0.497,0.229,0.050,0.000,0.022,0.014
cube_d2_k5,64,4,32,32,16,0.237,0.013,0.031,0.000,0.013,0.010
cube_d2_k5,64,5,16,16,8,0.232,0.006,0.018,0.000,0.010,0.004
cube_d2_k5,64,6,8,8,4,0.010,0.004,0.013,0.000,0.008,0.002
cube_d2_k5,64,7,4,4,2,0.007,0.003,0.010,0.000,0.007,0.001
cube_d2_k5,64,8,2,0,0,0.005,0.002,0.000,,,
cube_d2_k5,64,0,10,750,250,0.361,0.007,0.844,0.000,0.287,0.497
cube_d2_k5,64,1,250,250,122,0.895,0.035,0.324,0.000,0.258,0.028
cube_d2_k5,64,2,122,122,64,0.251,0.028,0.072,0.000,0.028,0.016
cube_d2_k5,64,3,64,64,32,0.239,0.015,0.050,0.000,0.018,0.015
cube_d2_k5,64,4,32,32,16,0.021,0.008,0.025,0.000,0.012,0.006
cube_d2_k5,64,5,16,16,8,0.013,0.005,0.013,0.000,0.007,0.002
cube_d2_k5,64,6,8,8,4,0.009,0.003,0.008,0.000,0.005,0.001
cube_d2_k5,64,7,4,4,2,0.004,0.001,0.007,0.000,0.005,0.001
cube_d2_k5,64,8,2,0,0,0.004,0.001,0.000,,,
cube_d2_k5,64,0,10,750,250,0.384,0.007,0.388,0.000,0.068,0.257
cube_d2_k5,64,1,250,250,122,0.071,0.041,0.095,0.000,0.033,0.023
cube_d2_k5,64,2,122,122,64,0.040,0.027,0.075,0.000,0.027,0.017
cube_d2_k5,64,3,64,64,32,0.029,0.016,0.044,0.000,0.016,0.012
cube_d2_k5,64,4,32,32,16,0.019,0.009,0.024,0.000,0.012,0.006
cube_d2_k5,64,5,16,16,8,0.018,0.006,0.017,0.000,0.009,0.003
cube_d2_k5,64,6,8,8,4,0.010,0.003,0.012,0.000,0.007,0.002
cube_d2_k5,64,7,4,4,2,0.007,0.002,0.009,0.000,0.006,0.001
cube_d2_k5,64,8,2,0,0,0.004,0.001,0.000,,,
cube_d2_k5,64,0,10,750,250,0.363,0.006,0.173,0.000,0.074,0.036
cube_d2_k5,64,1,250,250,122,0.066,0.039,0.107,0.000,0.037,0.030
cube_d2_k5,64,2,122,122,64,0.043,0.025,0.064,0.000,0.025,0.014
cube_d2_k5,64,3,64,64,32,0.029,0.023,0.043,0.000,0.019,0.009
cube_d2_k5,64,4,32,32,16,0.023,0.010,0.024,0.000,0.011,0.007
cube_d2_k5,64,5,16,16,8,0.016,0.005,0.016,0.000,0.009,0.003
cube_d2_k5,64,6,8,8,4,0.011,0.004,0.012,0.000,0.007,0.002
cube_d2_k5,64,7,4,4,2,0.006,0.002,0.009,0.000,0.006,0.001
cube_d2_k5,64,8,2,0,0,0.004,0.001,0.000,,,
cube_d2_k5,64,0,10,750,250,0.243,0.005,0.170,0.000,0.077,0.040
cube_d2_k5,64,1,250,250,122,0.324,0.039,0.110,0.000,0.036,0.027
cube_d2_k5,64,2,122,122,64,0.040,0.021,0.055,0.000,0.023,0.013
cube_d2_k5,64,3,64,64,32,0.027,0.018,0.044,0.000,0.017,0.012
cube_d2_k5,64,4,32,32,16,0.022,0.008,0.029,0.000,0.012,0.011
cube_d2_k5,64,5,16,16,8,0.018,0.005,0.017,0.000,0.009,0.004
cube_d2_k5,64,6,8,8,4,0.016,0.004,0.012,0.000,0.007,0.002
cube_d2_k5,64,7,4,4,2,0.006,0.002,0.009,0.000,0.006,0.001
cube_d2_k5,64,8,2,0,0,0.004,0.001,0.000,,,
cube_d2_k5,64,0,10,750,250,0.432,0.007,0.177,0.000,0.079,0.037
cube_d2_k5,64,1,250,250,122,0.056,0.037,0.101,0.000,0.041,0.023
cube_d2_k5,64,2,122,122,64,0.048,0.024,0.097,0.000,0.025,0.046
cube_d2_k5,64,3,64,64,32,0.028,0.018,0.050,0.000,0.019,0.013
cube_d2_k5,64,4,32,32,16,0.025,0.009,0.026,0.000,0.012,0.007
cube_d2_k5,64,5,16,16,8,0.015,0.005,0.017,0.000,0.009,0.003
cube_d2_k5,64,6,8,8,4,0.011,0.004,0.012,0.000,0.007,0.002
cube_d2_k5,64,7,4,4,2,0.006,0.002,0.009,0.000,0.006,0.001
cube_d2_k5,64,8,2,0,0,0.004,0.001,0.000,,,
cube_d2_k5,128,0,10,750,250,1.000,0.287,3.156,0.000,2.902,0.151
cube_d2_k5,128,1,250,250,122,0.368,0.323,0.434,0.000,0.316,0.053
cube_d2_k5,128,2,122,122,64,0.332,0.045,0.112,0.000,0.038,0.033
cube_d2_k5,128,3,64,64,32,0.073,0.034,0.084,0.000,0.026,0.025
cube_d2_k5,128,4,32,32,16,0.040,0.019,0.032,0.000,0.013,0.011
cube_d2_k5,128,5,16,16,8,0.018,0.006,0.018,0.000,0.010,0.004
cube_d2_k5,128,6,8,8,4,0.017,0.004,0.013,0.000,0.007,0.002
cube_d2_k5,128,7,4,4,2,0.007,0.002,0.010,0.000,0.007,0.001
cube_d2_k5,128,8,2,0,0,0.005,0.001,0.000,,,
cube_d2_k5,128,0,10,750,250,0.280,0.007,0.501,0.000,0.364,0.057
cube_d2_k5,128,1,250,250,122,0.360,0.053,0.135,0.000,0.043,0.036
cube_d2_k5,128,2,122,122,64,0.080,0.028,0.126,0.000,0.035,0.050
cube_d2_k5,128,3,64,64,32,0.051,0.034,0.072,0.000,0.030,0.024
cube_d2_k5,128,4,32,32,16,0.042,0.015,0.037,0.000,0.013,0.015
cube_d2_k5,128,5,16,16,8,0.030,0.007,0.018,0.000,0.010,0.004
cube_d2_k5,128,6,8,8,4,0.023,0.005,0.014,0.000,0.008,0.002
cube_d2_k5,128,7,4,4,2,0.008,0.003,0.011,0.000,0.007,0.001
cube_d2_k5,128,8,2,0,0,0.005,0.002,0.000,,,
cube_d2_k5,128,0,10,750,250,0.289,0.007,0.230,0.000,0.087,0.045
cube_d2_k5,128,1,250,250,122,0.079,0.053,0.147,0.000,0.042,0.037
cube_d2_k5,128,2,122,122,64,0.084,0.039,0.115,0.000,0.033,0.037
cube_d2_k5,128,3,64,64,32,0.074,0.029,0.076,0.000,0.026,0.019
cube_d2_k5,128,4,32,32,16,0.047,0.015,0.036,0.000,0.013,0.014
cube_d2_k5,128,5,16,16,8,0.028,0.006,0.018,0.000,0.010,0.004
cube_d2_k5,128,6,8,8,4,0.018,0.004,0.013,0.000,0.008,0.002
cube_d2_k5,128,7,4,4,2,0.007,0.003,0.010,0.000,0.007,0.001
cube_d2_k5,128,8,2,0,0,0.004,0.001,0.000,,,
cube_d2_k5,128,0,10,750,250,0.287,0.008,0.242,0.000,0.088,0.066
cube_d2_k5,128,1,250,250,122,0.091,0.059,0.176,0.000,0.042,0.059
cube_d2_k5,128,2,122,122,64,0.089,0.036,0.111,0.000,0.032,0.038
cube_d2_k5,128,3,64,64,32,0.051,0.017,0.085,0.000,0.028,0.027
cube_d2_k5,128,4,32,32,16,0.030,0.018,0.030,0.000,0.014,0.008
cube_d2_k5,128,5,16,16,8,0.024,0.006,0.018,0.000,0.010,0.004
cube_d2_k5,128,6,8,8,4,0.019,0.004,0.014,0.000,0.008,0.002
cube_d2_k5,128,7,4,4,2,0.007,0.002,0.009,0.000,0.006,0.001
cube_d2_k5,128,8,2,0,0,0.004,0.001,0.000,,,
cube_d2_k5,128,0,10,750,250,0.274,0.007,0.251,0.000,0.088,0.077
cube_d2_k5,128,1,250,250,122,0.079,0.052,0.155,0.000,0.048,0.057
cube_d2_k5,128,2,122,122,64,0.061,0.037,0.115,0.000,0.031,0.031
cube_d2_k5,128,3,64,64,32,0.057,0.028,0.080,0.000,0.029,0.026
cube_d2_k5,128,4,32,32,16,0.051,0.018,0.037,0.000,0.014,0.015
cube_d2_k5,128,5,16,16,8,0.030,0.006,0.018,0.000,0.010,0.004
cube_d2_k5,128,6,8,8,4,0.020,0.004,0.014,0.000,0.008,0.002
cube_d2_k5,128,7,4,4,2,0.022,0.003,0.011,0.000,0.007,0.002
cube_d2_k5,128,8,2,0,0,0.005,0.001,0.000,,,
cube_d2_k5,128,0,10,750,250,0.231,0.007,0.273,0.000,0.099,0.081
cube_d2_k5,128,1,250,250,122,0.105,0.069,0.174,0.000,0.047,0.058
cube_d2_k5,128,2,122,122,64,0.077,0.035,0.108,0.000,0.033,0.032
cube_d2_k5,128,3,64,64,32,0.071,0.034,0.074,0.000,0.025,0.022
cube_d2_k5,128,4,32,32,16,0.039,0.015,0.048,0.000,0.015,0.019
cube_d2_k5,128,5,16,16,8,0.030,0.007,0.018,0.000,0.010,0.004
cube_d2_k5,128,6,8,8,4,0.020,0.004,0.014,0.000,0.008,0.002
cube_d2_k5,128,7,4,4,2,0.007,0.002,0.009,0.000,0.006,0.001
cube_d2_k5,128,8,2,0,0,0.004,0.001,0.000,,,
cube_d2_k5,144,0,10,750,250,0.997,0.271,3.743,0.000,2.935,0.711
cube_d2_k5,144,1,250,250,122,0.871,0.061,0.415,0.000,0.049,0.296
cube_d2_k5,144,2,122,122,64,0.388,0.042,0.116,0.000,0.033,0.042
cube_d2_k5,144,3,64,64,32,0.324,0.023,0.070,0.000,0.022,0.024
cube_d2_k5,144,4,32,32,16,0.032,0.014,0.041,0.000,0.015,0.012
cube_d2_k5,144,5,16,16,8,0.029,0.006,0.018,0.000,0.010,0.004
cube_d2_k5,144,6,8,8,4,0.018,0.004,0.014,0.000,0.008,0.002
cube_d2_k5,144,7,4,4,2,0.007,0.002,0.010,0.000,0.007,0.001
cube_d2_k5,144,8,2,0,0,0.005,0.002,0.000,,,
cube_d2_k5,144,0,10,750,250,0.280,0.007,0.243,0.000,0.088,0.068
cube_d2_k5,144,1,250,250,122,0.339,0.054,0.149,0.000,0.061,0.032
cube_d2_k5,144,2,122,122,64,0.066,0.038,0.119,0.000,0.031,0.045
cube_d2_k5,144,3,64,64,32,0.059,0.023,0.077,0.000,0.020,0.031
cube_d2_k5,144,4,32,32,16,0.045,0.017,0.026,0.000,0.013,0.007
cube_d2_k5,144,5,16,16,8,0.020,0.006,0.017,0.000,0.009,0.004
cube_d2_k5,144,6,8,8,4,0.015,0.004,0.012,0.000,0.007,0.002
cube_d2_k5,144,7,4,4,2,0.007,0.002,0.010,0.000,0.006,0.001
cube_d2_k5,144,8,2,0,0,0.004,0.001,0.000,,,
cube_d2_k5,144,0,10,750,250,0.341,0.273,0.203,0.000,0.082,0.046
cube_d2_k5,144,1,250,250,122,0.110,0.049,0.138,0.000,0.041,0.038
cube_d2_k5,144,2,122,122,64,0.096,0.039,0.111,0.000,0.030,0.043
cube_d2_k5,144,3,64,64,32,0.052,0.029,0.059,0.000,0.020,0.021
cube_d2_k5,144,4,32,32,16,0.038,0.016,0.026,0.000,0.013,0.006
cube_d2_k5,144,5,16,16,8,0.021,0.006,0.017,0.000,0.009,0.003
cube_d2_k5,144,6,8,8,4,0.021,0.004,0.013,0.000,0.007,0.002
cube_d2_k5,144,7,4,4,2,0.006,0.002,0.010,0.000,0.006,0.001
cube_d2_k5,144,8,2,0,0,0.004,0.001,0.000,,,
cube_d2_k5,144,0,10,750,250,0.269,0.007,0.239,0.000,0.081,0.075
cube_d2_k5,144,1,250,250,122,0.107,0.051,0.150,0.000,0.044,0.035
cube_d2_k5,144,2,122,122,64,0.067,0.032,0.097,0.000,0.031,0.026
cube_d2_k5,144,3,64,64,32,0.048,0.037,0.062,0.000,0.030,0.015
cube_d2_k5,144,4,32,32,16,0.037,0.020,0.030,0.000,0.012,0.010
cube_d2_k5,144,5,16,16,8,0.024,0.006,0.017,0.000,0.009,0.003
cube_d2_k5,144,6,8,8,4,0.018,0.004,0.013,0.000,0.008,0.002
cube_d2_k5,144,7,4,4,2,0.007,0.002,0.010,0.000,0.006,0.001
cube_d2_k5,144,8,2,0,0,0.004,0.001,0.000,,,
cube_d2_k5,144,0,10,750,250,0.296,0.006,0.490,0.000,0.087,0.297
cube_d2_k5,144,1,250,250,122,0.113,0.066,0.144,0.000,0.044,0.028
cube_d2_k5,144,2,122,122,64,0.068,0.032,0.102,0.000,0.032,0.032
cube_d2_k5,144,3,64,64,32,0.066,0.022,0.078,0.000,0.022,0.024
cube_d2_k5,144,4,32,32,16,0.044,0.014,0.030,0.000,0.013,0.009
cube_d2_k5,144,5,16,16,8,0.026,0.006,0.018,0.000,0.009,0.004
cube_d2_k5,144,6,8,8,4,0.016,0.004,0.013,0.000,0.007,0.002
cube_d2_k5,144,7,4,4,2,0.007,0.002,0.010,0.000,0.006,0.001
cube_d2_k5,144,8,2,0,0,0.004,0.001,0.000,,,
cube_d2_k5,144,0,10,750,250,0.266,0.006,0.257,0.000,0.103,0.070
cube_d2_k5,144,1,250,250,122,0.125,0.057,0.423,0.000,0.275,0.061
cube_d2_k5,144,2,122,122,64,0.074,0.034,0.109,0.000,0.037,0.034
cube_d2_k5,144,3,64,64,32,0.072,0.032,0.065,0.001,0.022,0.017
cube_d2_k5,144,4,32,32,16,0.029,0.014,0.027,0.000,0.013,0.007
cube_d2_k5,144,5,16,16,8,0.022,0.006,0.017,0.000,0.009,0.003
cube_d2_k5,144,6,8,8,4,0.019,0.004,0.013,0.000,0.007,0.002
cube_d2_k5,144,7,4,4,2,0.007,0.002,0.010,0.000,0.006,0.001
cube_d2_k5,144,8,2,0,0,0.004,0.001,0.000,,,
cube_d2_k55,1,0,110,998250,332750,1.514,3.251,239.127,0.000,112.021,42.736
cube_d2_k55,1,1,332750,332750,131072,144.260,21.352,109.738,0.000,34.252,21.804
cube_d2_k55,1,2,131072,131072,70606,63.294,8.662,55.481,0.000,17.658,9.866
cube_d2_k55,1,3,70606,70606,65536,33.208,4.501,29.264,0.000,10.799,6.593
cube_d2_k55,1,4,65536,65536,32768,27.634,4.470,17.287,0.000,6.775,3.555
cube_d2_k55,1,5,32768,32768,16384,13.566,2.257,8.616,0.000,3.457,2.017
cube_d2_k55,1,6,16384,16384,8192,6.700,1.148,4.305,0.000,1.695,1.012
cube_d2_k55,1,7,8192,8192,4096,3.306,0.544,2.025,0.000,0.712,0.589
cube_d2_k55,1,8,4096,4096,2048,1.655,0.252,0.929,0.000,0.327,0.230
cube_d2_k55,1,9,2048,2048,1024,0.884,0.135,0.480,0.000,0.168,0.116
cube_d2_k55,1,10,1024,1024,512,0.424,0.065,0.232,0.000,0.078,0.057
cube_d2_k55,1,11,512,512,256,0.215,0.030,0.117,0.000,0.039,0.029
cube_d2_k55,1,12,256,256,128,0.109,0.016,0.060,0.000,0.021,0.015
cube_d2_k55,1,13,128,128,64,0.054,0.009,0.032,0.000,0.012,0.009
cube_d2_k55,1,14,64,64,32,0.027,0.005,0.019,0.000,0.007,0.004
cube_d2_k55,1,15,32,32,16,0.015,0.003,0.012,0.000,0.005,0.003
cube_d2_k55,1,16,16,16,8,0.008,0.002,0.008,0.000,0.004,0.001
cube_d2_k55,1,17,8,8,4,0.004,0.002,0.006,0.000,0.003,0.001
cube_d2_k55,1,18,4,4,2,0.003,0.001,0.005,0.000,0.003,0.001
cube_d2_k55,1,19,2,0,0,0.002,0.001,0.000,,,
cube_d2_k55,1,0,110,998250,332750,1.209,1.534,232.347,0.000,102.359,45.421
cube_d2_k55,1,1,332750,332750,131072,153.508,21.250,126.011,0.000,50.952,21.073
cube_d2_k55,1,2,131072,131072,70606,62.953,9.840,59.679,0.000,21.531,9.950
cube_d2_k55,1,3,70606,70606,65536,33.375,4.906,30.160,0.000,10.760,7.151
cube_d2_k55,1,4,65536,65536,32768,27.917,4.748,17.524,0.000,6.856,3.590
cube_d2_k55,1,5,32768,32768,16384,13.830,2.539,8.654,0.000,3.446,2.002
cube_d2_k55,1,6,16384,16384,8192,6.720,1.267,4.315,0.000,1.704,1.019
cube_d2_k55,1,7,8192,8192,4096,3.353,0.624,1.876,0.000,0.681,0.472
cube_d2_k55,1,8,4096,4096,2048,1.680,0.267,0.953,0.000,0.343,0.235
cube_d2_k55,1,9,2048,2048,1024,0.848,0.137,0.476,0.000,0.165,0.118
cube_d2_k55,1,10,1024,1024,512,0.430,0.065,0.236,0.000,0.079,0.057
cube_d2_k55,1,11,512,512,256,0.218,0.030,0.118,0.000,0.040,0.029
cube_d2_k55,1,12,256,256,128,0.109,0.016,0.060,0.000,0.021,0.015
cube_d2_k55,1,13,128,128,64,0.053,0.009,0.032,0.000,0.012,0.009
cube_d2_k55,1,14,64,64,32,0.028,0.005,0.019,0.000,0.007,0.004
cube_d2_k55,1,15,32,32,16,0.014,0.003,0.012,0.000,0.005,0.002
cube_d2_k55,1,16,16,16,8,0.008,0.002,0.008,0.000,0.004,0.002
cube_d2_k55,1,17,8,8,4,0.004,0.002,0.006,0.000,0.003,0.001
cube_d2_k55,1,18,4,4,2,0.003,0.001,0.005,0.000,0.003,0.001
cube_d2_k55,1,19,2,0,0,0.002,0.001,0.000,,,
cube_d2_k55,1,0,110,998250,332750,1.142,1.530,240.318,0.000,105.543,44.768
cube_d2_k55,1,1,332750,332750,131072,154.578,21.406,126.027,0.000,50.908,21.306
cube_d2_k55,1,2,131072,131072,70606,62.666,9.892,59.373,0.000,21.486,9.681
cube_d2_k55,1,3,70606,70606,65536,33.116,4.906,30.047,0.000,10.778,7.111
cube_d2_k55,1,4,65536,65536,32768,27.879,6.426,17.376,0.000,6.705,3.625
cube_d2_k55,1,5,32768,32768,16384,13.831,2.514,8.636,0.000,3.430,2.000
cube_d2_k55,1,6,16384,16384,8192,6.748,1.273,4.367,0.000,1.740,1.003
cube_d2_k55,1,7,8192,8192,4096,3.336,0.573,1.939,0.000,0.714,0.487
cube_d2_k55,1,8,4096,4096,2048,1.767,0.267,0.932,0.000,0.330,0.231
cube_d2_k55,1,9,2048,2048,1024,0.841,0.138,0.482,0.000,0.170,0.117
cube_d2_k55,1,10,1024,1024,512,0.432,0.065,0.235,0.000,0.080,0.058
cube_d2_k55,1,11,512,512,256,0.219,0.030,0.117,0.000,0.039,0.029
cube_d2_k55,1,12,256,256,128,0.109,0.016,0.060,0.000,0.021,0.015
cube_d2_k55,1,13,128,128,64,0.054,0.009,0.032,0.000,0.012,0.009
cube_d2_k55,1,14,64,64,32,0.027,0.005,0.019,0.000,0.007,0.004
cube_d2_k55,1,15,32,32,16,0.014,0.003,0.012,0.000,0.005,0.003
cube_d2_k55,1,16,16,16,8,0.008,0.002,0.008,0.000,0.004,0.002
cube_d2_k55,1,17,8,8,4,0.004,0.002,0.006,0.000,0.003,0.001
cube_d2_k55,1,18,4,4,2,0.003,0.001,0.005,0.000,0.003,0.000
cube_d2_k55,1,19,2,0,0,0.002,0.001,0.000,,,
cube_d2_k55,1,0,110,998250,332750,1.184,1.535,241.053,0.000,110.226,46.574
cube_d2_k55,1,1,332750,332750,131072,154.081,21.497,125.834,0.000,50.940,21.196
cube_d2_k55,1,2,131072,131072,70606,62.760,9.864,59.238,0.000,21.406,9.667
cube_d2_k55,1,3,70606,70606,65536,34.942,4.889,30.314,0.000,10.779,7.109
cube_d2_k55,1,4,65536,65536,32768,28.099,4.764,17.386,0.000,6.667,3.566
cube_d2_k55,1,5,32768,32768,16384,13.872,2.537,8.657,0.000,3.447,2.016
cube_d2_k55,1,6,16384,16384,8192,6.765,1.261,4.330,0.000,1.722,0.995
cube_d2_k55,1,7,8192,8192,4096,3.337,0.591,1.906,0.000,0.695,0.483
cube_d2_k55,1,8,4096,4096,2048,1.690,0.276,0.930,0.000,0.329,0.230
cube_d2_k55,1,9,2048,2048,1024,0.847,0.138,0.486,0.000,0.166,0.116
cube_d2_k55,1,10,1024,1024,512,0.430,0.065,0.235,0.000,0.080,0.057
cube_d2_k55,1,11,512,512,256,0.217,0.030,0.116,0.000,0.039,0.029
cube_d2_k55,1,12,256,256,128,0.108,0.016,0.061,0.000,0.022,0.015
cube_d2_k55,1,13,128,128,64,0.054,0.009,0.032,0.000,0.012,0.009
cube_d2_k55,1,14,64,64,32,0.031,0.005,0.019,0.000,0.007,0.005
cube_d2_k55,1,15,32,32,16,0.014,0.003,0.012,0.000,0.005,0.003
cube_d2_k55,1,16,16,16,8,0.008,0.002,0.008,0.000,0.004,0.002
cube_d2_k55,1,17,8,8,4,0.004,0.001,0.006,0.000,0.003,0.001
cube_d2_k55,1,18,4,4,2,0.003,0.001,0.004,0.000,0.003,0.001
cube_d2_k55,1,19,2,0,0,0.002,0.001,0.000,,,
cube_d2_k55,1,0,110,998250,332750,1.165,1.518,244.375,0.000,113.728,46.096
cube_d2_k55,1,1,332750,332750,131072,153.527,21.358,125.136,0.000,50.149,21.359
cube_d2_k55,1,2,131072,131072,70606,63.334,9.867,60.781,0.000,21.186,9.775
cube_d2_k55,1,3,70606,70606,65536,33.477,4.903,30.136,0.000,10.810,7.076
cube_d2_k55,1,4,65536,65536,32768,28.249,4.752,17.437,0.000,6.757,3.556
cube_d2_k55,1,5,32768,32768,16384,13.879,2.557,8.649,0.000,3.429,2.006
cube_d2_k55,1,6,16384,16384,8192,6.789,1.274,4.315,0.000,1.684,1.015
cube_d2_k55,1,7,8192,8192,4096,3.354,0.592,1.923,0.000,0.693,0.498
cube_d2_k55,1,8,4096,4096,2048,1.715,0.268,0.933,0.000,0.330,0.230
cube_d2_k55,1,9,2048,2048,1024,0.847,0.138,0.481,0.000,0.168,0.117
cube_d2_k55,1,10,1024,1024,512,0.429,0.065,0.236,0.000,0.079,0.057
cube_d2_k55,1,11,512,512,256,0.221,0.036,0.117,0.000,0.039,0.029
cube_d2_k55,1,12,256,256,128,0.111,0.016,0.061,0.000,0.022,0.015
cube_d2_k55,1,13,128,128,64,0.054,0.009,0.031,0.000,0.012,0.008
cube_d2_k55,1,14,64,64,32,0.027,0.005,0.019,0.000,0.008,0.004
cube_d2_k55,1,15,32,32,16,0.014,0.003,0.013,0.000,0.005,0.003
cube_d2_k55,1,16,16,16,8,0.008,0.002,0.008,0.000,0.004,0.001
cube_d2_k55,1,17,8,8,4,0.004,0.001,0.006,0.000,0.003,0.001
cube_d2_k55,1,18,4,4,2,0.003,0.001,0.005,0.000,0.003,0.001
cube_d2_k55,1,19,2,0,0,0.002,0.001,0.000,,,
cube_d2_k55,1,0,110,998250,332750,1.157,1.495,241.162,0.000,105.305,49.451
cube_d2_k55,1,1,332750,332750,131072,153.784,21.332,125.537,0.000,50.752,21.080
cube_d2_k55,1,2,131072,131072,70606,64.979,9.933,59.490,0.000,21.443,9.806
cube_d2_k55,1,3,70606,70606,65536,33.470,5.019,30.176,0.000,10.718,7.106
cube_d2_k55,1,4,65536,65536,32768,28.274,4.739,17.273,0.000,6.623,3.577
cube_d2_k55,1,5,32768,32768,16384,13.863,2.529,8.623,0.000,3.366,1.999
cube_d2_k55,1,6,16384,16384,8192,6.797,1.279,4.360,0.000,1.754,0.999
cube_d2_k55,1,7,8192,8192,4096,3.363,0.578,1.897,0.000,0.684,0.484
cube_d2_k55,1,8,4096,4096,2048,1.699,0.268,0.931,0.000,0.328,0.229
cube_d2_k55,1,9,2048,2048,1024,0.857,0.139,0.487,0.000,0.166,0.128
cube_d2_k55,1,10,1024,1024,512,0.432,0.065,0.235,0.000,0.079,0.057
cube_d2_k55,1,11,512,512,256,0.220,0.030,0.117,0.000,0.040,0.029
cube_d2_k55,1,12,256,256,128,0.108,0.016,0.060,0.000,0.022,0.015
cube_d2_k55,1,13,128,128,64,0.055,0.009,0.032,0.000,0.012,0.009
cube_d2_k55,1,14,64,64,32,0.027,0.005,0.018,0.000,0.007,0.004
cube_d2_k55,1,15,32,32,16,0.014,0.003,0.012,0.000,0.005,0.002
cube_d2_k55,1,16,16,16,8,0.007,0.002,0.008,0.000,0.004,0.002
cube_d2_k55,1,17,8,8,4,0.004,0.001,0.006,0.000,0.003,0.001
cube_d2_k55,1,18,4,4,2,0.003,0.001,0.005,0.000,0.003,0.001
cube_d2_k55,1,19,2,0,0,0.002,0.001,0.000,,,
cube_d2_k55,2,0,110,998250,332750,2.848,3.266,187.473,0.000,75.954,42.488
cube_d2_k55,2,1,332750,332750,131072,111.251,15.397,78.535,0.000,26.341,16.968
cube_d2_k55,2,2,131072,131072,70606,45.643,7.043,36.016,0.000,11.380,7.254
cube_d2_k55,2,3,70606,70606,65536,24.162,3.862,25.821,0.000,12.087,5.395
cube_d2_k55,2,4,65536,65536,32768,22.247,3.729,22.102,0.000,9.360,3.344
cube_d2_k55,2,5,32768,32768,16384,9.916,1.867,8.078,0.000,4.288,1.619
cube_d2_k55,2,6,16384,16384,8192,5.189,0.975,4.316,0.000,2.212,0.861
cube_d2_k55,2,7,8192,8192,4096,2.597,0.659,1.963,0.000,0.852,0.420
cube_d2_k55,2,8,4096,4096,2048,1.274,0.335,1.051,0.000,0.454,0.205
cube_d2_k55,2,9,2048,2048,1024,0.684,0.215,0.570,0.000,0.228,0.106
cube_d2_k55,2,10,1024,1024,512,0.374,0.112,0.329,0.000,0.130,0.088
cube_d2_k55,2,11,512,512,256,0.211,0.060,0.161,0.000,0.072,0.032
cube_d2_k55,2,12,256,256,128,0.122,0.032,0.107,0.000,0.040,0.026
cube_d2_k55,2,13,128,128,64,0.063,0.018,0.055,0.000,0.024,0.012
cube_d2_k55,2,14,64,64,32,0.044,0.010,0.034,0.000,0.014,0.009
cube_d2_k55,2,15,32,32,16,0.017,0.006,0.020,0.000,0.009,0.005
cube_d2_k55,2,16,16,16,8,0.014,0.004,0.014,0.000,0.007,0.003
cube_d2_k55,2,17,8,8,4,0.008,0.003,0.011,0.000,0.006,0.002
cube_d2_k55,2,18,4,4,2,0.005,0.002,0.008,0.000,0.005,0.001
cube_d2_k55,2,19,2,0,0,0.004,0.001,0.000,,,
cube_d2_k55,2,0,110,998250,332750,1.448,1.783,123.820,0.000,46.730,29.596
cube_d2_k55,2,1,332750,332750,131072,90.733,13.521,65.664,0.001,22.345,13.033
cube_d2_k55,2,2,131072,131072,70606,37.623,6.342,31.173,0.000,10.076,5.792
cube_d2_k55,2,3,70606,70606,65536,21.306,3.088,21.684,0.000,10.026,4.255
cube_d2_k55,2,4,65536,65536,32768,17.294,3.016,13.881,0.000,6.793,2.581
cube_d2_k55,2,5,32768,32768,16384,8.882,1.565,6.859,0.000,3.450,1.335
cube_d2_k55,2,6,16384,16384,8192,4.529,0.813,3.433,0.000,1.697,0.702
cube_d2_k55,2,7,8192,8192,4096,2.372,0.518,1.592,0.000,0.680,0.341
cube_d2_k55,2,8,4096,4096,2048,1.201,0.270,0.874,0.000,0.353,0.177
cube_d2_k55,2,9,2048,2048,1024,0.629,0.185,0.470,0.000,0.172,0.099
cube_d2_k55,2,10,1024,1024,512,0.349,0.101,0.232,0.000,0.082,0.047
cube_d2_k55,2,11,512,512,256,0.199,0.046,0.145,0.000,0.056,0.038
cube_d2_k55,2,12,256,256,128,0.128,0.025,0.085,0.000,0.030,0.023
cube_d2_k55,2,13,128,128,64,0.066,0.013,0.043,0.000,0.017,0.012
cube_d2_k55,2,14,64,64,32,0.038,0.007,0.025,0.000,0.010,0.006
cube_d2_k55,2,15,32,32,16,0.020,0.005,0.016,0.000,0.007,0.003
cube_d2_k55,2,16,16,16,8,0.011,0.003,0.011,0.000,0.006,0.002
cube_d2_k55,2,17,8,8,4,0.006,0.002,0.008,0.000,0.005,0.001
cube_d2_k55,2,18,4,4,2,0.004,0.002,0.006,0.000,0.004,0.001
cube_d2_k55,2,19,2,0,0,0.003,0.001,0.000,,,
cube_d2_k55,2,0,110,998250,332750,0.653,0.822,118.931,0.000,43.044,28.362
cube_d2_k55,2,1,332750,332750,131072,94.297,13.759,66.106,0.000,23.553,12.017
cube_d2_k55,2,2,131072,131072,70606,35.113,5.745,29.037,0.000,9.099,5.163
cube_d2_k55,2,3,70606,70606,65536,17.789,2.881,19.904,0.000,8.926,3.993
cube_d2_k55,2,4,65536,65536,32768,15.833,2.812,12.243,0.000,5.778,2.177
cube_d2_k55,2,5,32768,32768,16384,7.953,1.463,6.332,0.000,3.129,1.200
cube_d2_k55,2,6,16384,16384,8192,4.197,0.807,3.136,0.000,1.451,0.653
cube_d2_k55,2,7,8192,8192,4096,2.075,0.442,1.369,0.000,0.549,0.300
cube_d2_k55,2,8,4096,4096,2048,1.079,0.241,0.744,0.000,0.267,0.156
cube_d2_k55,2,9,2048,2048,1024,0.574,0.139,0.366,0.000,0.147,0.078
cube_d2_k55,2,10,1024,1024,512,0.312,0.160,0.212,0.000,0.074,0.043
cube_d2_k55,2,11,512,512,256,0.162,0.037,0.121,0.000,0.043,0.030
cube_d2_k55,2,12,256,256,128,0.090,0.021,0.061,0.000,0.022,0.013
cube_d2_k55,2,13,128,128,64,0.055,0.010,0.035,0.000,0.013,0.010
cube_d2_k55,2,14,64,64,32,0.021,0.006,0.024,0.000,0.008,0.008
cube_d2_k55,2,15,32,32,16,0.018,0.003,0.013,0.000,0.005,0.003
cube_d2_k55,2,16,16,16,8,0.009,0.002,0.009,0.000,0.004,0.002
cube_d2_k55,2,17,8,8,4,0.005,0.002,0.006,0.000,0.004,0.001
cube_d2_k55,2,18,4,4,2,0.003,0.001,0.005,0.000,0.003,0.001
cube_d2_k55,2,19,2,0,0,0.002,0.001,0.000,,,
cube_d2_k55,2,0,110,998250,332750,0.649,0.852,109.384,0.000,39.928,25.185
cube_d2_k55,2,1,332750,332750,131072,85.445,12.760,62.035,0.000,21.107,11.701
cube_d2_k55,2,2,131072,131072,70606,34.263,5.708,29.523,0.000,9.439,5.254
cube_d2_k55,2,3,70606,70606,65536,17.984,2.839,19.876,0.000,8.829,3.939
cube_d2_k55,2,4,65536,65536,32768,15.818,2.734,12.179,0.000,5.665,2.170
cube_d2_k55,2,5,32768,32768,16384,8.704,1.406,6.413,0.000,3.081,1.260
cube_d2_k55,2,6,16384,16384,8192,4.145,0.788,3.112,0.000,1.479,0.638
cube_d2_k55,2,7,8192,8192,4096,2.198,0.440,1.417,0.000,0.562,0.328
cube_d2_k55,2,8,4096,4096,2048,1.087,0.228,0.722,0.000,0.261,0.152
cube_d2_k55,2,9,2048,2048,1024,0.572,0.140,0.381,0.000,0.149,0.090
cube_d2_k55,2,10,1024,1024,512,0.314,0.083,0.189,0.000,0.072,0.041
cube_d2_k55,2,11,512,512,256,0.162,0.036,0.123,0.000,0.044,0.030
cube_d2_k55,2,12,256,256,128,0.083,0.020,0.061,0.000,0.022,0.013
cube_d2_k55,2,13,128,128,64,0.055,0.011,0.035,0.000,0.013,0.010
cube_d2_k55,2,14,64,64,32,0.021,0.006,0.021,0.000,0.008,0.005
cube_d2_k55,2,15,32,32,16,0.017,0.003,0.012,0.000,0.005,0.003
cube_d2_k55,2,16,16,16,8,0.008,0.002,0.009,0.000,0.004,0.002
cube_d2_k55,2,17,8,8,4,0.005,0.002,0.006,0.000,0.003,0.001
cube_d2_k55,2,18,4,4,2,0.003,0.001,0.005,0.000,0.003,0.001
cube_d2_k55,2,19,2,0,0,0.002,0.001,0.000,,,
cube_d2_k55,2,0,110,998250,332750,0.671,0.888,110.360,0.000,39.598,25.149
cube_d2_k55,2,1,332750,332750,131072,89.231,13.697,62.444,0.000,21.346,11.736
cube_d2_k55,2,2,131072,131072,70606,34.284,5.791,29.695,0.000,9.749,5.187
cube_d2_k55,2,3,70606,70606,65536,17.800,2.823,19.861,0.000,8.848,4.043
cube_d2_k55,2,4,65536,65536,32768,16.024,2.761,12.270,0.000,5.700,2.237
cube_d2_k55,2,5,32768,32768,16384,8.061,1.434,6.193,0.000,3.047,1.229
cube_d2_k55,2,6,16384,16384,8192,4.248,0.818,3.002,0.000,1.447,0.617
cube_d2_k55,2,7,8192,8192,4096,2.136,0.443,1.373,0.000,0.552,0.302
cube_d2_k55,2,8,4096,4096,2048,1.092,0.245,0.735,0.000,0.281,0.154
cube_d2_k55,2,9,2048,2048,1024,0.565,0.139,0.371,0.000,0.147,0.079
cube_d2_k55,2,10,1024,1024,512,0.298,0.081,0.192,0.000,0.074,0.042
cube_d2_k55,2,11,512,512,256,0.162,0.036,0.126,0.000,0.044,0.032
cube_d2_k55,2,12,256,256,128,0.083,0.020,0.060,0.000,0.022,0.013
cube_d2_k55,2,13,128,128,64,0.056,0.010,0.036,0.000,0.013,0.010
cube_d2_k55,2,14,64,64,32,0.022,0.006,0.020,0.000,0.008,0.005
cube_d2_k55,2,15,32,32,16,0.016,0.003,0.012,0.000,0.005,0.003
cube_d2_k55,2,16,16,16,8,0.009,0.002,0.008,0.000,0.004,0.002
cube_d2_k55,2,17,8,8,4,0.005,0.002,0.006,0.000,0.003,0.001
cube_d2_k55,2,18,4,4,2,0.003,0.001,0.005,0.000,0.003,0.001
cube_d2_k55,2,19,2,0,0,0.002,0.001,0.000,,,
cube_d2_k55,2,0,110,998250,332750,0.650,0.869,109.638,0.000,38.709,25.551
cube_d2_k55,2,1,332750,332750,131072,83.666,13.140,62.311,0.000,21.307,11.643
cube_d2_k55,2,2,131072,131072,70606,34.110,5.622,29.768,0.000,9.672,5.295
cube_d2_k55,2,3,70606,70606,65536,17.924,2.875,20.471,0.000,8.948,4.056
cube_d2_k55,2,4,65536,65536,32768,16.204,2.777,12.085,0.000,5.593,2.253
cube_d2_k55,2,5,32768,32768,16384,8.008,1.414,6.022,0.000,2.935,1.203
cube_d2_k55,2,6,16384,16384,8192,4.258,0.792,3.093,0.000,1.454,0.625
cube_d2_k55,2,7,8192,8192,4096,2.045,0.438,1.375,0.000,0.546,0.313
cube_d2_k55,2,8,4096,4096,2048,1.068,0.243,0.708,0.000,0.262,0.152
cube_d2_k55,2,9,2048,2048,1024,0.569,0.142,0.374,0.000,0.149,0.080
cube_d2_k55,2,10,1024,1024,512,0.303,0.084,0.212,0.000,0.071,0.043
cube_d2_k55,2,11,512,512,256,0.160,0.037,0.124,0.000,0.045,0.029
cube_d2_k55,2,12,256,256,128,0.082,0.020,0.060,0.000,0.021,0.013
cube_d2_k55,2,13,128,128,64,0.055,0.011,0.034,0.000,0.013,0.009
cube_d2_k55,2,14,64,64,32,0.021,0.006,0.021,0.000,0.008,0.005
cube_d2_k55,2,15,32,32,16,0.016,0.003,0.013,0.000,0.006,0.003
cube_d2_k55,2,16,16,16,8,0.009,0.002,0.008,0.000,0.004,0.002
cube_d2_k55,2,17,8,8,4,0.005,0.002,0.006,0.000,0.004,0.001
cube_d2_k55,2,18,4,4,2,0.003,0.001,0.005,0.000,0.004,0.000
cube_d2_k55,2,19,2,0,0,0.002,0.001,0.000,,,
cube_d2_k55,4,0,110,998250,332750,1.294,1.235,69.161,0.000,27.708,15.681
cube_d2_k55,4,1,332750,332750,131072,45.775,6.712,32.192,0.000,10.459,6.614
cube_d2_k55,4,2,131072,131072,70606,18.054,2.958,15.647,0.002,4.994,2.852
cube_d2_k55,4,3,70606,70606,65536,9.382,1.660,13.514,0.000,7.721,2.205
cube_d2_k55,4,4,65536,65536,32768,9.188,1.504,8.390,0.000,5.125,1.200
cube_d2_k55,4,5,32768,32768,16384,4.394,0.915,4.374,0.000,2.640,0.670
cube_d2_k55,4,6,16384,16384,8192,2.418,0.523,2.135,0.000,1.256,0.353
cube_d2_k55,4,7,8192,8192,4096,1.460,0.335,1.010,0.000,0.497,0.175
cube_d2_k55,4,8,4096,4096,2048,0.667,0.197,0.516,0.000,0.248,0.090
cube_d2_k55,4,9,2048,2048,1024,0.400,0.106,0.301,0.000,0.150,0.052
cube_d2_k55,4,10,1024,1024,512,0.190,0.078,0.171,0.000,0.083,0.029
cube_d2_k55,4,11,512,512,256,0.130,0.040,0.120,0.000,0.046,0.029
cube_d2_k55,4,12,256,256,128,0.062,0.020,0.062,0.000,0.026,0.012
cube_d2_k55,4,13,128,128,64,0.042,0.012,0.039,0.000,0.015,0.012
cube_d2_k55,4,14,64,64,32,0.018,0.007,0.021,0.000,0.009,0.005
cube_d2_k55,4,15,32,32,16,0.017,0.004,0.013,0.000,0.006,0.003
cube_d2_k55,4,16,16,16,8,0.007,0.003,0.009,0.000,0.005,0.002
cube_d2_k55,4,17,8,8,4,0.005,0.002,0.007,0.000,0.004,0.001
cube_d2_k55,4,18,4,4,2,0.003,0.001,0.005,0.000,0.003,0.001
cube_d2_k55,4,19,2,0,0,0.002,0.001,0.000,,,
cube_d2_k55,4,0,110,998250,332750,0.378,0.481,66.515,0.000,24.733,15.495
cube_d2_k55,4,1,332750,332750,131072,44.025,7.088,32.316,0.000,10.674,6.403
cube_d2_k55,4,2,131072,131072,70606,18.868,3.069,15.628,0.000,4.969,2.952
cube_d2_k55,4,3,70606,70606,65536,9.888,1.639,13.654,0.000,7.739,2.193
cube_d2_k55,4,4,65536,65536,32768,9.719,1.559,8.612,0.000,5.295,1.214
cube_d2_k55,4,5,32768,32768,16384,4.620,0.926,4.299,0.000,2.584,0.666
cube_d2_k55,4,6,16384,16384,8192,2.508,0.507,2.428,0.000,1.518,0.353
cube_d2_k55,4,7,8192,8192,4096,1.293,0.350,1.020,0.000,0.496,0.170
cube_d2_k55,4,8,4096,4096,2048,0.696,0.201,0.519,0.000,0.247,0.090
cube_d2_k55,4,9,2048,2048,1024,0.389,0.110,0.289,0.000,0.138,0.051
cube_d2_k55,4,10,1024,1024,512,0.210,0.077,0.167,0.000,0.079,0.029
cube_d2_k55,4,11,512,512,256,0.134,0.041,0.122,0.000,0.047,0.029
cube_d2_k55,4,12,256,256,128,0.064,0.020,0.077,0.000,0.026,0.012
cube_d2_k55,4,13,128,128,64,0.050,0.012,0.035,0.000,0.013,0.009
cube_d2_k55,4,14,64,64,32,0.021,0.007,0.022,0.000,0.009,0.006
cube_d2_k55,4,15,32,32,16,0.014,0.004,0.013,0.000,0.006,0.003
cube_d2_k55,4,16,16,16,8,0.010,0.003,0.009,0.000,0.004,0.002
cube_d2_k55,4,17,8,8,4,0.005,0.002,0.007,0.000,0.004,0.001
cube_d2_k55,4,18,4,4,2,0.003,0.001,0.005,0.000,0.004,0.001
cube_d2_k55,4,19,2,0,0,0.002,0.001,0.000,,,
cube_d2_k55,4,0,110,998250,332750,0.376,0.424,57.374,0.000,21.102,13.575
cube_d2_k55,4,1,332750,332750,131072,44.707,7.226,32.585,0.000,11.400,6.359
cube_d2_k55,4,2,131072,131072,70606,20.224,3.084,19.068,0.000,7.632,3.476
cube_d2_k55,4,3,70606,70606,65536,10.305,1.691,16.119,0.000,8.434,2.261
cube_d2_k55,4,4,65536,65536,32768,8.844,1.563,8.627,0.000,5.227,1.213
cube_d2_k55,4,5,32768,32768,16384,4.483,0.905,4.336,0.000,2.590,0.699
cube_d2_k55,4,6,16384,16384,8192,2.519,0.493,2.201,0.000,1.271,0.368
cube_d2_k55,4,7,8192,8192,4096,1.473,0.342,1.001,0.000,0.469,0.173
cube_d2_k55,4,8,4096,4096,2048,0.885,0.203,0.521,0.000,0.248,0.091
cube_d2_k55,4,9,2048,2048,1024,0.387,0.106,0.301,0.000,0.150,0.051
cube_d2_k55,4,10,1024,1024,512,0.194,0.078,0.175,0.000,0.080,0.028
cube_d2_k55,4,11,512,512,256,0.134,0.041,0.120,0.000,0.047,0.029
cube_d2_k55,4,12,256,256,128,0.063,0.019,0.060,0.000,0.026,0.012
cube_d2_k55,4,13,128,128,64,0.046,0.012,0.040,0.000,0.014,0.013
cube_d2_k55,4,14,64,64,32,0.017,0.007,0.025,0.000,0.009,0.008
cube_d2_k55,4,15,32,32,16,0.018,0.004,0.013,0.000,0.006,0.003
cube_d2_k55,4,16,16,16,8,0.009,0.004,0.009,0.000,0.004,0.002
cube_d2_k55,4,17,8,8,4,0.005,0.002,0.007,0.000,0.004,0.001
cube_d2_k55,4,18,4,4,2,0.003,0.001,0.005,0.000,0.004,0.001
cube_d2_k55,4,19,2,0,0,0.002,0.001,0.000,,,
cube_d2_k55,4,0,110,998250,332750,0.753,0.923,59.474,0.000,22.231,14.240
cube_d2_k55,4,1,332750,332750,131072,45.613,7.454,33.378,0.002,11.933,6.392
cube_d2_k55,4,2,131072,131072,70606,18.599,3.152,16.166,0.000,5.545,2.902
cube_d2_k55,4,3,70606,70606,65536,9.878,1.681,13.476,0.002,7.724,2.176
cube_d2_k55,4,4,65536,65536,32768,8.942,1.521,8.359,0.000,5.106,1.203
cube_d2_k55,4,5,32768,32768,16384,4.433,0.836,4.303,0.000,2.603,0.668
cube_d2_k55,4,6,16384,16384,8192,2.579,0.444,2.153,0.000,1.252,0.351
cube_d2_k55,4,7,8192,8192,4096,1.276,0.342,1.018,0.000,0.496,0.173
cube_d2_k55,4,8,4096,4096,2048,0.696,0.198,0.525,0.000,0.247,0.091
cube_d2_k55,4,9,2048,2048,1024,0.389,0.108,0.292,0.000,0.140,0.051
cube_d2_k55,4,10,1024,1024,512,0.223,0.077,0.166,0.000,0.079,0.028
cube_d2_k55,4,11,512,512,256,0.134,0.041,0.120,0.000,0.046,0.029
cube_d2_k55,4,12,256,256,128,0.063,0.019,0.061,0.000,0.026,0.013
cube_d2_k55,4,13,128,128,64,0.044,0.012,0.038,0.000,0.014,0.012
cube_d2_k55,4,14,64,64,32,0.017,0.007,0.022,0.000,0.009,0.005
cube_d2_k55,4,15,32,32,16,0.018,0.004,0.013,0.000,0.006,0.003
cube_d2_k55,4,16,16,16,8,0.009,0.003,0.009,0.000,0.005,0.002
cube_d2_k55,4,17,8,8,4,0.005,0.002,0.007,0.000,0.004,0.001
cube_d2_k55,4,18,4,4,2,0.003,0.001,0.005,0.000,0.003,0.001
cube_d2_k55,4,19,2,0,0,0.002,0.001,0.000,,,
cube_d2_k55,4,0,110,998250,332750,0.368,0.477,59.527,0.000,20.980,13.777
cube_d2_k55,4,1,332750,332750,131072,45.414,7.416,32.702,0.000,11.449,6.320
cube_d2_k55,4,2,131072,131072,70606,18.588,3.153,16.184,0.000,5.365,2.996
cube_d2_k55,4,3,70606,70606,65536,10.153,1.741,13.493,0.000,7.745,2.191
cube_d2_k55,4,4,65536,65536,32768,8.707,1.604,8.367,0.000,5.063,1.204
cube_d2_k55,4,5,32768,32768,16384,4.425,0.851,4.323,0.000,2.596,0.668
cube_d2_k55,4,6,16384,16384,8192,2.561,0.426,2.153,0.000,1.243,0.354
cube_d2_k55,4,7,8192,8192,4096,1.281,0.348,1.036,0.000,0.517,0.173
cube_d2_k55,4,8,4096,4096,2048,0.690,0.200,0.521,0.000,0.247,0.090
cube_d2_k55,4,9,2048,2048,1024,0.391,0.106,0.289,0.000,0.138,0.051
cube_d2_k55,4,10,1024,1024,512,0.221,0.076,0.175,0.000,0.089,0.028
cube_d2_k55,4,11,512,512,256,0.149,0.041,0.120,0.000,0.046,0.030
cube_d2_k55,4,12,256,256,128,0.066,0.020,0.060,0.000,0.025,0.012
cube_d2_k55,4,13,128,128,64,0.043,0.012,0.043,0.000,0.022,0.009
cube_d2_k55,4,14,64,64,32,0.033,0.006,0.023,0.000,0.009,0.006
cube_d2_k55,4,15,32,32,16,0.017,0.004,0.013,0.000,0.006,0.003
cube_d2_k55,4,16,16,16,8,0.008,0.003,0.010,0.000,0.004,0.002
cube_d2_k55,4,17,8,8,4,0.005,0.002,0.007,0.000,0.004,0.001
cube_d2_k55,4,18,4,4,2,0.003,0.001,0.005,0.000,0.004,0.001
cube_d2_k55,4,19,2,0,0,0.002,0.001,0.000,,,
cube_d2_k55,4,0,110,998250,332750,0.360,0.418,57.483,0.000,21.264,13.571
cube_d2_k55,4,1,332750,332750,131072,45.408,7.390,32.825,0.000,11.355,6.512
cube_d2_k55,4,2,131072,131072,70606,18.657,3.114,17.774,0.000,5.543,4.581
cube_d2_k55,4,3,70606,70606,65536,9.933,1.719,13.457,0.000,7.713,2.164
cube_d2_k55,4,4,65536,65536,32768,10.821,1.668,9.004,0.000,5.320,1.267
cube_d2_k55,4,5,32768,32768,16384,4.496,1.038,4.386,0.000,2.597,0.739
cube_d2_k55,4,6,16384,16384,8192,2.523,0.430,2.164,0.000,1.256,0.352
cube_d2_k55,4,7,8192,8192,4096,1.301,0.398,1.025,0.000,0.498,0.175
cube_d2_k55,4,8,4096,4096,2048,0.702,0.198,0.526,0.000,0.248,0.092
cube_d2_k55,4,9,2048,2048,1024,0.394,0.105,0.293,0.000,0.139,0.051
cube_d2_k55,4,10,1024,1024,512,0.218,0.078,0.167,0.000,0.079,0.028
cube_d2_k55,4,11,512,512,256,0.135,0.042,0.121,0.000,0.046,0.030
cube_d2_k55,4,12,256,256,128,0.064,0.020,0.060,0.000,0.026,0.012
cube_d2_k55,4,13,128,128,64,0.044,0.012,0.035,0.000,0.013,0.010
cube_d2_k55,4,14,64,64,32,0.022,0.007,0.022,0.000,0.009,0.006
cube_d2_k55,4,15,32,32,16,0.018,0.004,0.014,0.000,0.006,0.003
cube_d2_k55,4,16,16,16,8,0.009,0.003,0.009,0.000,0.005,0.002
cube_d2_k55,4,17,8,8,4,0.005,0.002,0.007,0.000,0.004,0.001
cube_d2_k55,4,18,4,4,2,0.003,0.001,0.005,0.000,0.004,0.001
cube_d2_k55,4,19,2,0,0,0.002,0.001,0.000,,,
cube_d2_k55,8,0,110,998250,332750,0.871,0.714,40.825,0.000,14.933,10.036
cube_d2_k55,8,1,332750,332750,131072,26.656,5.051,21.021,0.000,7.056,4.517
cube_d2_k55,8,2,131072,131072,70606,12.081,2.158,9.852,0.000,3.321,1.863
cube_d2_k55,8,3,70606,70606,65536,6.198,1.175,11.423,0.000,7.855,1.398
cube_d2_k55,8,4,65536,65536,32768,5.472,1.086,7.644,0.000,5.359,0.791
cube_d2_k55,8,5,32768,32768,16384,2.622,0.521,3.901,0.000,2.699,0.430
cube_d2_k55,8,6,16384,16384,8192,1.759,0.403,2.129,0.000,1.503,0.235
cube_d2_k55,8,7,8192,8192,4096,1.168,0.339,1.155,0.000,0.723,0.125
cube_d2_k55,8,8,4096,4096,2048,0.675,0.156,0.638,0.000,0.403,0.069
cube_d2_k55,8,9,2048,2048,1024,0.262,0.112,0.436,0.000,0.298,0.042
cube_d2_k55,8,10,1024,1024,512,0.172,0.066,0.168,0.000,0.086,0.026
cube_d2_k55,8,11,512,512,256,0.079,0.030,0.099,0.000,0.041,0.025
cube_d2_k55,8,12,256,256,128,0.065,0.020,0.054,0.000,0.021,0.011
cube_d2_k55,8,13,128,128,64,0.031,0.013,0.033,0.000,0.013,0.007
cube_d2_k55,8,14,64,64,32,0.016,0.007,0.024,0.000,0.009,0.005
cube_d2_k55,8,15,32,32,16,0.013,0.004,0.015,0.000,0.006,0.004
cube_d2_k55,8,16,16,16,8,0.008,0.003,0.010,0.000,0.005,0.002
cube_d2_k55,8,17,8,8,4,0.005,0.002,0.007,0.000,0.004,0.001
cube_d2_k55,8,18,4,4,2,0.003,0.001,0.005,0.000,0.004,0.001
cube_d2_k55,8,19,2,0,0,0.003,0.001,0.000,,,
cube_d2_k55,8,0,110,998250,332750,0.297,0.300,40.604,0.000,14.608,9.458
cube_d2_k55,8,1,332750,332750,131072,25.216,3.947,17.150,0.000,5.767,3.565
cube_d2_k55,8,2,131072,131072,70606,10.338,1.901,8.827,0.002,2.963,1.633
cube_d2_k55,8,3,70606,70606,65536,5.596,1.103,10.845,0.000,7.587,1.266
cube_d2_k55,8,4,65536,65536,32768,5.330,1.058,7.161,0.000,5.274,0.698
cube_d2_k55,8,5,32768,32768,16384,2.574,0.566,3.628,0.000,2.666,0.388
cube_d2_k55,8,6,16384,16384,8192,1.748,0.284,2.089,0.000,1.546,0.215
cube_d2_k55,8,7,8192,8192,4096,0.907,0.339,0.868,0.000,0.475,0.109
cube_d2_k55,8,8,4096,4096,2048,0.489,0.152,0.446,0.000,0.231,0.062
cube_d2_k55,8,9,2048,2048,1024,0.264,0.111,0.258,0.000,0.129,0.040
cube_d2_k55,8,10,1024,1024,512,0.165,0.091,0.157,0.000,0.083,0.022
cube_d2_k55,8,11,512,512,256,0.079,0.046,0.094,0.000,0.041,0.020
cube_d2_k55,8,12,256,256,128,0.069,0.020,0.052,0.000,0.021,0.011
cube_d2_k55,8,13,128,128,64,0.037,0.013,0.034,0.000,0.014,0.008
cube_d2_k55,8,14,64,64,32,0.017,0.007,0.022,0.000,0.009,0.005
cube_d2_k55,8,15,32,32,16,0.010,0.005,0.014,0.000,0.006,0.003
cube_d2_k55,8,16,16,16,8,0.009,0.003,0.009,0.000,0.005,0.002
cube_d2_k55,8,17,8,8,4,0.006,0.002,0.007,0.000,0.004,0.001
cube_d2_k55,8,18,4,4,2,0.003,0.001,0.005,0.000,0.003,0.001
cube_d2_k55,8,19,2,0,0,0.002,0.001,0.000,,,
cube_d2_k55,8,0,110,998250,332750,0.244,0.259,32.988,0.000,12.005,7.756
cube_d2_k55,8,1,332750,332750,131072,26.118,4.268,17.764,0.000,6.268,3.580
cube_d2_k55,8,2,131072,131072,70606,10.571,1.910,8.915,0.002,3.070,1.660
cube_d2_k55,8,3,70606,70606,65536,5.625,1.088,10.907,0.000,7.654,1.277
cube_d2_k55,8,4,65536,65536,32768,5.062,0.929,7.085,0.000,5.126,0.717
cube_d2_k55,8,5,32768,32768,16384,2.545,0.604,8.062,0.000,6.720,0.477
cube_d2_k55,8,6,16384,16384,8192,3.393,0.423,4.053,0.000,3.241,0.297
cube_d2_k55,8,7,8192,8192,4096,1.437,0.406,1.310,0.000,0.764,0.158
cube_d2_k55,8,8,4096,4096,2048,0.931,0.232,0.990,0.000,0.572,0.105
cube_d2_k55,8,9,2048,2048,1024,0.470,0.126,0.381,0.000,0.191,0.060
cube_d2_k55,8,10,1024,1024,512,0.206,0.110,0.219,0.000,0.099,0.035
cube_d2_k55,8,11,512,512,256,0.200,0.076,0.162,0.000,0.069,0.035
cube_d2_k55,8,12,256,256,128,0.079,0.038,0.085,0.000,0.033,0.020
cube_d2_k55,8,13,128,128,64,0.059,0.023,0.057,0.000,0.021,0.013
cube_d2_k55,8,14,64,64,32,0.035,0.013,0.046,0.000,0.017,0.010
cube_d2_k55,8,15,32,32,16,0.022,0.007,0.029,0.000,0.010,0.008
cube_d2_k55,8,16,16,16,8,0.013,0.005,0.015,0.000,0.008,0.003
cube_d2_k55,8,17,8,8,4,0.010,0.002,0.010,0.000,0.006,0.001
cube_d2_k55,8,18,4,4,2,0.005,0.001,0.007,0.000,0.005,0.001
cube_d2_k55,8,19,2,0,0,0.003,0.001,0.000,,,
cube_d2_k55,8,0,110,998250,332750,0.493,0.347,35.539,0.000,12.733,8.523
cube_d2_k55,8,1,332750,332750,131072,27.669,5.481,21.874,0.000,8.591,4.523
cube_d2_k55,8,2,131072,131072,70606,12.711,2.329,10.049,0.000,3.425,2.073
cube_d2_k55,8,3,70606,70606,65536,6.854,1.242,17.835,0.000,13.866,1.641
cube_d2_k55,8,4,65536,65536,32768,6.516,1.181,14.418,0.000,11.790,0.964
cube_d2_k55,8,5,32768,32768,16384,3.272,0.686,7.445,0.000,6.130,0.501
cube_d2_k55,8,6,16384,16384,8192,3.505,0.407,4.191,0.000,3.404,0.297
cube_d2_k55,8,7,8192,8192,4096,1.764,0.648,1.774,0.000,1.061,0.162
cube_d2_k55,8,8,4096,4096,2048,0.949,0.328,1.124,0.000,0.687,0.103
cube_d2_k55,8,9,2048,2048,1024,0.553,0.222,0.516,0.000,0.279,0.072
cube_d2_k55,8,10,1024,1024,512,0.306,0.118,0.320,0.000,0.174,0.038
cube_d2_k55,8,11,512,512,256,0.160,0.106,0.209,0.000,0.102,0.036
cube_d2_k55,8,12,256,256,128,0.111,0.048,0.116,0.001,0.046,0.026
cube_d2_k55,8,13,128,128,64,0.080,0.034,0.072,0.001,0.030,0.015
cube_d2_k55,8,14,64,64,32,0.059,0.019,0.055,0.001,0.024,0.012
cube_d2_k55,8,15,32,32,16,0.042,0.011,0.039,0.000,0.016,0.010
cube_d2_k55,8,16,16,16,8,0.022,0.008,0.023,0.000,0.012,0.005
cube_d2_k55,8,17,8,8,4,0.014,0.005,0.017,0.000,0.009,0.003
cube_d2_k55,8,18,4,4,2,0.008,0.003,0.012,0.000,0.008,0.001
cube_d2_k55,8,19,2,0,0,0.006,0.002,0.000,,,
cube_d2_k55,8,0,110,998250,332750,0.599,0.695,41.980,0.000,14.650,10.776
cube_d2_k55,8,1,332750,332750,131072,30.342,6.037,21.992,0.000,7.586,4.832
cube_d2_k55,8,2,131072,131072,70606,13.316,2.434,10.507,0.000,3.587,2.221
cube_d2_k55,8,3,70606,70606,65536,6.666,1.309,11.883,0.000,8.023,1.543
cube_d2_k55,8,4,65536,65536,32768,5.988,1.226,8.201,0.000,5.806,0.908
cube_d2_k55,8,5,32768,32768,16384,3.163,0.701,4.170,0.000,2.878,0.510
cube_d2_k55,8,6,16384,16384,8192,1.962,0.383,2.082,0.000,1.357,0.278
cube_d2_k55,8,7,8192,8192,4096,1.031,0.380,1.242,0.000,0.740,0.151
cube_d2_k55,8,8,4096,4096,2048,0.561,0.175,0.568,0.000,0.277,0.087
cube_d2_k55,8,9,2048,2048,1024,0.295,0.115,0.316,0.000,0.142,0.049
cube_d2_k55,8,10,1024,1024,512,0.175,0.100,0.193,0.000,0.076,0.035
cube_d2_k55,8,11,512,512,256,0.093,0.042,0.129,0.000,0.048,0.040
cube_d2_k55,8,12,256,256,128,0.066,0.039,0.068,0.000,0.024,0.015
cube_d2_k55,8,13,128,128,64,0.043,0.013,0.045,0.000,0.014,0.016
cube_d2_k55,8,14,64,64,32,0.036,0.011,0.027,0.000,0.010,0.007
cube_d2_k55,8,15,32,32,16,0.024,0.005,0.016,0.000,0.007,0.004
cube_d2_k55,8,16,16,16,8,0.018,0.005,0.012,0.000,0.005,0.004
cube_d2_k55,8,17,8,8,4,0.008,0.002,0.007,0.000,0.004,0.001
cube_d2_k55,8,18,4,4,2,0.004,0.001,0.005,0.000,0.004,0.001
cube_d2_k55,8,19,2,0,0,0.003,0.001,0.000,,,
cube_d2_k55,8,0,110,998250,332750,0.281,0.357,38.787,0.000,13.213,9.599
cube_d2_k55,8,1,332750,332750,131072,33.041,5.510,20.062,0.000,7.092,4.010
cube_d2_k55,8,2,131072,131072,70606,12.021,2.328,10.142,0.000,3.483,2.141
cube_d2_k55,8,3,70606,70606,65536,6.422,1.233,11.655,0.000,7.952,1.539
cube_d2_k55,8,4,65536,65536,32768,6.082,1.212,7.976,0.000,5.698,0.874
cube_d2_k55,8,5,32768,32768,16384,2.789,0.614,3.971,0.000,2.817,0.473
cube_d2_k55,8,6,16384,16384,8192,1.860,0.372,1.960,0.000,1.314,0.252
cube_d2_k55,8,7,8192,8192,4096,1.026,0.375,1.025,0.000,0.552,0.145
cube_d2_k55,8,8,4096,4096,2048,0.553,0.175,0.540,0.000,0.270,0.086
cube_d2_k55,8,9,2048,2048,1024,0.292,0.115,0.284,0.000,0.133,0.042
cube_d2_k55,8,10,1024,1024,512,0.189,0.084,0.175,0.000,0.087,0.029
cube_d2_k55,8,11,512,512,256,0.097,0.048,0.131,0.000,0.050,0.038
cube_d2_k55,8,12,256,256,128,0.069,0.028,0.070,0.000,0.027,0.015
cube_d2_k55,8,13,128,128,64,0.062,0.017,0.046,0.000,0.015,0.013
cube_d2_k55,8,14,64,64,32,0.020,0.008,0.031,0.000,0.010,0.010
cube_d2_k55,8,15,32,32,16,0.020,0.005,0.015,0.000,0.006,0.004
cube_d2_k55,8,16,16,16,8,0.007,0.003,0.010,0.000,0.005,0.002
cube_d2_k55,8,17,8,8,4,0.006,0.002,0.007,0.000,0.004,0.001
cube_d2_k55,8,18,4,4,2,0.003,0.001,0.005,0.000,0.003,0.001
cube_d2_k55,8,19,2,0,0,0.002,0.001,0.000,,,
cube_d2_k55,16,0,110,998250,332750,0.694,0.412,20.742,0.000,7.949,4.888
cube_d2_k55,16,1,332750,332750,131072,12.640,2.792,10.637,0.000,3.639,2.228
cube_d2_k55,16,2,131072,131072,70606,5.806,1.386,5.045,0.000,1.741,0.957
cube_d2_k55,16,3,70606,70606,65536,3.117,0.704,9.384,0.002,7.503,0.712
cube_d2_k55,16,4,65536,65536,32768,2.618,0.572,6.372,0.000,5.188,0.442
cube_d2_k55,16,5,32768,32768,16384,1.379,0.335,3.271,0.000,2.622,0.245
cube_d2_k55,16,6,16384,16384,8192,1.221,0.218,1.848,0.000,1.476,0.139
cube_d2_k55,16,7,8192,8192,4096,0.898,0.304,1.017,0.000,0.689,0.078
cube_d2_k55,16,8,4096,4096,2048,0.405,0.152,0.426,0.000,0.241,0.046
cube_d2_k55,16,9,2048,2048,1024,0.207,0.112,0.226,0.000,0.121,0.028
cube_d2_k55,16,10,1024,1024,512,0.119,0.049,0.130,0.000,0.062,0.022
cube_d2_k55,16,11,512,512,256,0.083,0.031,0.074,0.000,0.032,0.012
cube_d2_k55,16,12,256,256,128,0.040,0.021,0.049,0.000,0.021,0.009
cube_d2_k55,16,13,128,128,64,0.022,0.014,0.032,0.000,0.014,0.007
cube_d2_k55,16,14,64,64,32,0.014,0.007,0.025,0.000,0.009,0.006
cube_d2_k55,16,15,32,32,16,0.009,0.005,0.015,0.000,0.006,0.004
cube_d2_k55,16,16,16,16,8,0.008,0.003,0.009,0.000,0.005,0.002
cube_d2_k55,16,17,8,8,4,0.005,0.002,0.007,0.000,0.004,0.001
cube_d2_k55,16,18,4,4,2,0.003,0.001,0.005,0.000,0.003,0.001
cube_d2_k55,16,19,2,0,0,0.002,0.003,0.000,,,
cube_d2_k55,16,0,110,998250,332750,0.195,0.231,19.510,0.000,7.228,4.778
cube_d2_k55,16,1,332750,332750,131072,14.160,3.013,10.350,0.000,3.476,2.155
cube_d2_k55,16,2,131072,131072,70606,5.922,1.284,5.085,0.000,1.774,0.958
cube_d2_k55,16,3,70606,70606,65536,4.981,0.775,9.745,0.000,7.753,0.705
cube_d2_k55,16,4,65536,65536,32768,2.742,0.585,6.613,0.000,5.487,0.415
cube_d2_k55,16,5,32768,32768,16384,1.406,0.330,3.410,0.000,2.809,0.235
cube_d2_k55,16,6,16384,16384,8192,1.406,0.192,1.944,0.000,1.595,0.137
cube_d2_k55,16,7,8192,8192,4096,1.016,0.324,1.076,0.000,0.733,0.083
cube_d2_k55,16,8,4096,4096,2048,0.431,0.156,0.607,0.000,0.423,0.046
cube_d2_k55,16,9,2048,2048,1024,0.226,0.136,0.233,0.000,0.127,0.028
cube_d2_k55,16,10,1024,1024,512,0.146,0.055,0.167,0.000,0.079,0.036
cube_d2_k55,16,11,512,512,256,0.074,0.034,0.082,0.000,0.035,0.015
cube_d2_k55,16,12,256,256,128,0.071,0.023,0.054,0.000,0.024,0.010
cube_d2_k55,16,13,128,128,64,0.024,0.015,0.038,0.000,0.016,0.009
cube_d2_k55,16,14,64,64,32,0.016,0.008,0.026,0.000,0.011,0.006
cube_d2_k55,16,15,32,32,16,0.010,0.006,0.016,0.000,0.007,0.004
cube_d2_k55,16,16,16,16,8,0.007,0.004,0.011,0.000,0.005,0.002
cube_d2_k55,16,17,8,8,4,0.006,0.002,0.008,0.000,0.004,0.001
cube_d2_k55,16,18,4,4,2,0.004,0.002,0.006,0.000,0.004,0.001
cube_d2_k55,16,19,2,0,0,0.003,0.001,0.000,,,
cube_d2_k55,16,0,110,998250,332750,0.651,0.349,21.371,0.000,8.024,4.924
cube_d2_k55,16,1,332750,332750,131072,16.160,3.446,11.207,0.000,3.750,2.292
cube_d2_k55,16,2,131072,131072,70606,6.889,1.538,5.710,0.000,2.001,1.181
cube_d2_k55,16,3,70606,70606,65536,3.673,0.847,11.916,0.000,9.619,0.888
cube_d2_k55,16,4,65536,65536,32768,3.406,0.737,9.045,0.000,7.478,0.548
cube_d2_k55,16,5,32768,32768,16384,1.767,0.438,4.416,0.000,3.640,0.294
cube_d2_k55,16,6,16384,16384,8192,2.322,0.254,2.477,0.000,2.018,0.168
cube_d2_k55,16,7,8192,8192,4096,1.394,0.329,1.233,0.000,0.839,0.113
cube_d2_k55,16,8,4096,4096,2048,0.951,0.174,0.484,0.000,0.274,0.061
cube_d2_k55,16,9,2048,2048,1024,0.359,0.155,0.537,0.001,0.395,0.043
cube_d2_k55,16,10,1024,1024,512,0.247,0.075,0.211,0.000,0.112,0.029
cube_d2_k55,16,11,512,512,256,0.090,0.047,0.112,0.000,0.048,0.022
cube_d2_k55,16,12,256,256,128,0.053,0.031,0.084,0.000,0.031,0.025
cube_d2_k55,16,13,128,128,64,0.038,0.023,0.051,0.000,0.020,0.013
cube_d2_k55,16,14,64,64,32,0.025,0.014,0.040,0.001,0.013,0.010
cube_d2_k55,16,15,32,32,16,0.017,0.008,0.023,0.000,0.009,0.005
cube_d2_k55,16,16,16,16,8,0.012,0.005,0.012,0.000,0.006,0.002
cube_d2_k55,16,17,8,8,4,0.009,0.003,0.007,0.000,0.004,0.001
cube_d2_k55,16,18,4,4,2,0.004,0.001,0.005,0.000,0.003,0.001
cube_d2_k55,16,19,2,0,0,0.002,0.001,0.000,,,
cube_d2_k55,16,0,110,998250,332750,0.476,0.297,19.382,0.000,7.206,4.645
cube_d2_k55,16,1,332750,332750,131072,14.943,3.374,10.928,0.000,3.820,2.192
cube_d2_k55,16,2,131072,131072,70606,6.278,1.311,5.342,0.000,1.855,1.106
cube_d2_k55,16,3,70606,70606,65536,3.401,0.802,9.983,0.000,7.833,0.829
cube_d2_k55,16,4,65536,65536,32768,3.067,0.685,7.534,0.000,6.194,0.502
cube_d2_k55,16,5,32768,32768,16384,1.592,0.390,3.918,0.000,3.163,0.289
cube_d2_k55,16,6,16384,16384,8192,2.123,0.262,2.142,0.000,1.684,0.168
cube_d2_k55,16,7,8192,8192,4096,1.096,0.314,1.201,0.000,0.812,0.094
cube_d2_k55,16,8,4096,4096,2048,0.577,0.164,0.483,0.000,0.256,0.064
cube_d2_k55,16,9,2048,2048,1024,0.335,0.140,0.287,0.000,0.156,0.038
cube_d2_k55,16,10,1024,1024,512,0.216,0.060,0.180,0.000,0.077,0.038
cube_d2_k55,16,11,512,512,256,0.085,0.042,0.112,0.000,0.042,0.022
cube_d2_k55,16,12,256,256,128,0.059,0.030,0.070,0.000,0.028,0.014
cube_d2_k55,16,13,128,128,64,0.034,0.022,0.050,0.000,0.018,0.011
cube_d2_k55,16,14,64,64,32,0.022,0.013,0.035,0.000,0.011,0.009
cube_d2_k55,16,15,32,32,16,0.017,0.009,0.020,0.000,0.007,0.005
cube_d2_k55,16,16,16,16,8,0.011,0.004,0.010,0.000,0.005,0.002
cube_d2_k55,16,17,8,8,4,0.007,0.003,0.007,0.000,0.004,0.001
cube_d2_k55,16,18,4,4,2,0.004,0.001,0.005,0.000,0.003,0.001
cube_d2_k55,16,19,2,0,0,0.002,0.001,0.000,,,
cube_d2_k55,16,0,110,998250,332750,0.467,0.265,19.111,0.000,6.938,4.597
cube_d2_k55,16,1,332750,332750,131072,14.764,3.035,10.893,0.000,3.687,2.195
cube_d2_k55,16,2,131072,131072,70606,6.214,1.300,5.387,0.000,1.874,1.096
cube_d2_k55,16,3,70606,70606,65536,3.259,0.801,9.822,0.000,7.832,0.812
cube_d2_k55,16,4,65536,65536,32768,2.925,0.667,7.599,0.000,6.257,0.505
cube_d2_k55,16,5,32768,32768,16384,1.528,0.385,3.893,0.000,3.145,0.281
cube_d2_k55,16,6,16384,16384,8192,2.032,0.248,2.326,0.000,1.879,0.161
cube_d2_k55,16,7,8192,8192,4096,1.052,0.320,1.228,0.000,0.816,0.101
cube_d2_k55,16,8,4096,4096,2048,0.621,0.154,0.459,0.000,0.252,0.060
cube_d2_k55,16,9,2048,2048,1024,0.290,0.166,0.310,0.000,0.169,0.038
cube_d2_k55,16,10,1024,1024,512,0.189,0.071,0.206,0.000,0.112,0.030
cube_d2_k55,16,11,512,512,256,0.089,0.060,0.098,0.000,0.039,0.020
cube_d2_k55,16,12,256,256,128,0.055,0.028,0.074,0.000,0.028,0.017
cube_d2_k55,16,13,128,128,64,0.033,0.020,0.049,0.000,0.017,0.011
cube_d2_k55,16,14,64,64,32,0.022,0.014,0.034,0.000,0.010,0.010
cube_d2_k55,16,15,32,32,16,0.016,0.007,0.019,0.000,0.007,0.004
cube_d2_k55,16,16,16,16,8,0.010,0.004,0.010,0.000,0.005,0.002
cube_d2_k55,16,17,8,8,4,0.008,0.003,0.007,0.000,0.004,0.001
cube_d2_k55,16,18,4,4,2,0.003,0.001,0.005,0.000,0.003,0.001
cube_d2_k55,16,19,2,0,0,0.002,0.001,0.000,,,
cube_d2_k55,16,0,110,998250,332750,0.467,0.288,20.568,0.000,7.222,4.733
cube_d2_k55,16,1,332750,332750,131072,15.445,3.505,11.080,0.000,3.780,2.200
cube_d2_k55,16,2,131072,131072,70606,6.626,1.340,5.500,0.000,1.931,1.127
cube_d2_k55,16,3,70606,70606,65536,3.578,0.746,9.748,0.000,7.677,0.825
cube_d2_k55,16,4,65536,65536,32768,3.103,0.646,7.399,0.000,6.078,0.497
cube_d2_k55,16,5,32768,32768,16384,1.547,0.384,3.850,0.000,3.126,0.293
cube_d2_k55,16,6,16384,16384,8192,2.096,0.250,2.058,0.000,1.613,0.161
cube_d2_k55,16,7,8192,8192,4096,1.037,0.326,0.955,0.000,0.566,0.092
cube_d2_k55,16,8,4096,4096,2048,0.812,0.159,0.482,0.000,0.279,0.056
cube_d2_k55,16,9,2048,2048,1024,0.341,0.119,0.281,0.000,0.144,0.037
cube_d2_k55,16,10,1024,1024,512,0.231,0.060,0.199,0.000,0.090,0.039
cube_d2_k55,16,11,512,512,256,0.085,0.041,0.096,0.000,0.038,0.021
cube_d2_k55,16,12,256,256,128,0.046,0.026,0.067,0.000,0.028,0.014
cube_d2_k55,16,13,128,128,64,0.032,0.020,0.046,0.000,0.016,0.013
cube_d2_k55,16,14,64,64,32,0.022,0.013,0.046,0.000,0.011,0.022
cube_d2_k55,16,15,32,32,16,0.016,0.007,0.016,0.000,0.008,0.003
cube_d2_k55,16,16,16,16,8,0.009,0.004,0.011,0.000,0.005,0.003
cube_d2_k55,16,17,8,8,4,0.008,0.003,0.007,0.000,0.004,0.001
cube_d2_k55,16,18,4,4,2,0.004,0.001,0.006,0.000,0.003,0.001
cube_d2_k55,16,19,2,0,0,0.002,0.001,0.000,,,
cube_d2_k55,32,0,110,998250,332750,0.963,0.605,15.137,0.000,6.117,3.242
cube_d2_k55,32,1,332750,332750,131072,9.663,2.625,8.044,0.000,2.792,1.593
cube_d2_k55,32,2,131072,131072,70606,4.235,0.947,3.857,0.000,1.288,0.680
cube_d2_k55,32,3,70606,70606,65536,2.369,0.533,9.153,0.000,7.719,0.518
cube_d2_k55,32,4,65536,65536,32768,2.061,0.487,6.372,0.000,5.457,0.305
cube_d2_k55,32,5,32768,32768,16384,1.106,0.278,3.260,0.000,2.756,0.184
cube_d2_k55,32,6,16384,16384,8192,1.535,0.179,1.884,0.000,1.583,0.110
cube_d2_k55,32,7,8192,8192,4096,1.222,0.312,1.095,0.000,0.757,0.066
cube_d2_k55,32,8,4096,4096,2048,0.351,0.158,0.645,0.000,0.463,0.039
cube_d2_k55,32,9,2048,2048,1024,0.162,0.096,0.443,0.000,0.335,0.025
cube_d2_k55,32,10,1024,1024,512,0.101,0.054,0.142,0.000,0.072,0.019
cube_d2_k55,32,11,512,512,256,0.061,0.033,0.090,0.000,0.041,0.017
cube_d2_k55,32,12,256,256,128,0.040,0.024,0.065,0.000,0.026,0.013
cube_d2_k55,32,13,128,128,64,0.025,0.017,0.045,0.000,0.018,0.011
cube_d2_k55,32,14,64,64,32,0.017,0.011,0.034,0.000,0.014,0.008
cube_d2_k55,32,15,32,32,16,0.012,0.007,0.021,0.000,0.010,0.005
cube_d2_k55,32,16,16,16,8,0.009,0.004,0.015,0.000,0.008,0.003
cube_d2_k55,32,17,8,8,4,0.007,0.003,0.011,0.000,0.006,0.002
cube_d2_k55,32,18,4,4,2,0.005,0.002,0.008,0.000,0.006,0.001
cube_d2_k55,32,19,2,0,0,0.005,0.003,0.000,,,
cube_d2_k55,32,0,110,998250,332750,0.174,0.192,13.851,0.000,5.154,3.148
cube_d2_k55,32,1,332750,332750,131072,10.138,2.136,7.410,0.000,2.472,1.415
cube_d2_k55,32,2,131072,131072,70606,4.294,0.951,3.817,0.000,1.295,0.724
cube_d2_k55,32,3,70606,70606,65536,2.361,0.555,9.183,0.000,7.687,0.536
cube_d2_k55,32,4,65536,65536,32768,2.139,0.494,6.523,0.000,5.560,0.319
cube_d2_k55,32,5,32768,32768,16384,1.147,0.284,3.308,0.002,2.805,0.181
cube_d2_k55,32,6,16384,16384,8192,1.617,1.764,2.095,0.000,1.746,0.139
cube_d2_k55,32,7,8192,8192,4096,1.183,0.370,0.971,0.000,0.608,0.064
cube_d2_k55,32,8,4096,4096,2048,0.616,0.185,0.738,0.000,0.530,0.043
cube_d2_k55,32,9,2048,2048,1024,0.201,0.107,0.281,0.000,0.167,0.026
cube_d2_k55,32,10,1024,1024,512,0.112,0.059,0.157,0.000,0.083,0.019
cube_d2_k55,32,11,512,512,256,0.066,0.036,0.098,0.000,0.047,0.015
cube_d2_k55,32,12,256,256,128,0.043,0.026,0.066,0.000,0.030,0.012
cube_d2_k55,32,13,128,128,64,0.027,0.019,0.049,0.000,0.021,0.009
cube_d2_k55,32,14,64,64,32,0.019,0.013,0.036,0.000,0.016,0.007
cube_d2_k55,32,15,32,32,16,0.014,0.008,0.024,0.000,0.011,0.005
cube_d2_k55,32,16,16,16,8,0.010,0.005,0.018,0.000,0.009,0.004
cube_d2_k55,32,17,8,8,4,0.008,0.004,0.013,0.000,0.007,0.002
cube_d2_k55,32,18,4,4,2,0.006,0.003,0.010,0.000,0.006,0.001
cube_d2_k55,32,19,2,0,0,0.004,0.004,0.000,,,
cube_d2_k55,32,0,110,998250,332750,0.181,0.179,13.510,0.000,4.950,3.024
cube_d2_k55,32,1,332750,332750,131072,10.499,2.054,7.377,0.000,2.530,1.413
cube_d2_k55,32,2,131072,131072,70606,4.330,0.934,3.790,0.000,1.264,0.698
cube_d2_k55,32,3,70606,70606,65536,2.335,0.525,9.180,0.000,7.706,0.520
cube_d2_k55,32,4,65536,65536,32768,2.159,0.471,6.371,0.000,5.408,0.310
cube_d2_k55,32,5,32768,32768,16384,1.134,0.289,3.335,0.002,2.837,0.179
cube_d2_k55,32,6,16384,16384,8192,1.638,0.187,1.892,0.000,1.586,0.110
cube_d2_k55,32,7,8192,8192,4096,0.845,0.315,0.872,0.000,0.541,0.066
cube_d2_k55,32,8,4096,4096,2048,0.560,0.155,0.652,0.000,0.466,0.040
cube_d2_k55,32,9,2048,2048,1024,0.167,0.095,0.449,0.000,0.342,0.025
cube_d2_k55,32,10,1024,1024,512,0.103,0.053,0.143,0.000,0.074,0.018
cube_d2_k55,32,11,512,512,256,0.061,0.033,0.091,0.000,0.041,0.015
cube_d2_k55,32,12,256,256,128,0.040,0.023,0.059,0.000,0.026,0.010
cube_d2_k55,32,13,128,128,64,0.025,0.018,0.047,0.000,0.018,0.012
cube_d2_k55,32,14,64,64,32,0.017,0.011,0.035,0.000,0.014,0.009
cube_d2_k55,32,15,32,32,16,0.012,0.007,0.022,0.000,0.010,0.006
cube_d2_k55,32,16,16,16,8,0.009,0.005,0.015,0.000,0.007,0.003
cube_d2_k55,32,17,8,8,4,0.007,0.003,0.011,0.000,0.006,0.002
cube_d2_k55,32,18,4,4,2,0.006,0.002,0.009,0.000,0.006,0.001
cube_d2_k55,32,19,2,0,0,0.004,0.002,0.000,,,
cube_d2_k55,32,0,110,998250,332750,0.207,0.179,13.443,0.000,4.957,3.044
cube_d2_k55,32,1,332750,332750,131072,10.429,2.174,7.284,0.000,2.557,1.378
cube_d2_k55,32,2,131072,131072,70606,4.316,0.888,3.880,0.000,1.278,0.769
cube_d2_k55,32,3,70606,70606,65536,2.328,0.536,9.137,0.000,7.656,0.530
cube_d2_k55,32,4,65536,65536,32768,2.149,0.481,6.355,0.000,5.400,0.312
cube_d2_k55,32,5,32768,32768,16384,1.152,0.285,3.243,0.000,2.747,0.182
cube_d2_k55,32,6,16384,16384,8192,1.656,0.184,1.889,0.000,1.586,0.111
cube_d2_k55,32,7,8192,8192,4096,0.898,0.310,1.070,0.000,0.742,0.065
cube_d2_k55,32,8,4096,4096,2048,0.351,0.154,0.428,0.000,0.241,0.040
cube_d2_k55,32,9,2048,2048,1024,0.172,0.097,0.467,0.000,0.364,0.025
cube_d2_k55,32,10,1024,1024,512,0.099,0.053,0.144,0.000,0.074,0.020
cube_d2_k55,32,11,512,512,256,0.062,0.033,0.088,0.000,0.040,0.016
cube_d2_k55,32,12,256,256,128,0.039,0.031,0.061,0.000,0.026,0.013
cube_d2_k55,32,13,128,128,64,0.026,0.017,0.044,0.000,0.019,0.008
cube_d2_k55,32,14,64,64,32,0.017,0.011,0.035,0.000,0.014,0.009
cube_d2_k55,32,15,32,32,16,0.012,0.007,0.022,0.000,0.010,0.006
cube_d2_k55,32,16,16,16,8,0.009,0.004,0.015,0.000,0.008,0.003
cube_d2_k55,32,17,8,8,4,0.007,0.003,0.011,0.000,0.006,0.002
cube_d2_k55,32,18,4,4,2,0.005,0.002,0.008,0.000,0.005,0.001
cube_d2_k55,32,19,2,0,0,0.004,0.002,0.000,,,
cube_d2_k55,32,0,110,998250,332750,0.191,0.181,13.550,0.000,4.982,3.063
cube_d2_k55,32,1,332750,332750,131072,10.437,2.145,7.370,0.000,2.623,1.373
cube_d2_k55,32,2,131072,131072,70606,4.309,0.927,3.827,0.000,1.305,0.720
cube_d2_k55,32,3,70606,70606,65536,2.311,0.547,9.141,0.000,7.665,0.523
cube_d2_k55,32,4,65536,65536,32768,2.170,0.520,6.350,0.000,5.405,0.312
cube_d2_k55,32,5,32768,32768,16384,1.164,0.279,3.245,0.002,2.730,0.191
cube_d2_k55,32,6,16384,16384,8192,1.666,0.175,1.858,0.000,1.560,0.111
cube_d2_k55,32,7,8192,8192,4096,0.893,0.312,0.857,0.000,0.529,0.064
cube_d2_k55,32,8,4096,4096,2048,0.681,0.155,0.427,0.000,0.242,0.041
cube_d2_k55,32,9,2048,2048,1024,0.236,0.096,0.248,0.000,0.138,0.028
cube_d2_k55,32,10,1024,1024,512,0.133,0.062,0.145,0.000,0.077,0.019
cube_d2_k55,32,11,512,512,256,0.074,0.033,0.090,0.000,0.041,0.014
cube_d2_k55,32,12,256,256,128,0.042,0.023,0.059,0.000,0.026,0.011
cube_d2_k55,32,13,128,128,64,0.025,0.017,0.044,0.000,0.018,0.008
cube_d2_k55,32,14,64,64,32,0.016,0.011,0.036,0.000,0.014,0.009
cube_d2_k55,32,15,32,32,16,0.012,0.007,0.023,0.000,0.010,0.006
cube_d2_k55,32,16,16,16,8,0.009,0.005,0.015,0.000,0.008,0.003
cube_d2_k55,32,17,8,8,4,0.007,0.003,0.011,0.000,0.006,0.002
cube_d2_k55,32,18,4,4,2,0.005,0.002,0.008,0.000,0.006,0.001
cube_d2_k55,32,19,2,0,0,0.004,0.002,0.000,,,
cube_d2_k55,32,0,110,998250,332750,0.195,0.183,13.533,0.000,5.022,3.085
cube_d2_k55,32,1,332750,332750,131072,10.448,2.135,7.406,0.000,2.615,1.385
cube_d2_k55,32,2,131072,131072,70606,4.344,0.913,3.768,0.000,1.258,0.707
cube_d2_k55,32,3,70606,70606,65536,2.321,0.536,9.164,0.002,7.684,0.530
cube_d2_k55,32,4,65536,65536,32768,2.169,0.599,6.384,0.000,5.438,0.311
cube_d2_k55,32,5,32768,32768,16384,1.150,0.273,3.229,0.000,2.727,0.180
cube_d2_k55,32,6,16384,16384,8192,1.658,0.173,1.867,0.000,1.573,0.111
cube_d2_k55,32,7,8192,8192,4096,0.906,0.305,1.074,0.000,0.748,0.064
cube_d2_k55,32,8,4096,4096,2048,0.683,0.158,0.645,0.000,0.461,0.038
cube_d2_k55,32,9,2048,2048,1024,0.243,0.097,0.447,0.000,0.338,0.025
cube_d2_k55,32,10,1024,1024,512,0.132,0.055,0.145,0.000,0.075,0.018
cube_d2_k55,32,11,512,512,256,0.080,0.035,0.087,0.000,0.041,0.014
cube_d2_k55,32,12,256,256,128,0.038,0.023,0.060,0.000,0.026,0.011
cube_d2_k55,32,13,128,128,64,0.025,0.017,0.044,0.000,0.018,0.009
cube_d2_k55,32,14,64,64,32,0.017,0.011,0.035,0.000,0.014,0.009
cube_d2_k55,32,15,32,32,16,0.012,0.007,0.022,0.000,0.010,0.006
cube_d2_k55,32,16,16,16,8,0.010,0.005,0.015,0.000,0.008,0.003
cube_d2_k55,32,17,8,8,4,0.007,0.003,0.011,0.000,0.006,0.002
cube_d2_k55,32,18,4,4,2,0.006,0.002,0.008,0.000,0.006,0.001
cube_d2_k55,32,19,2,0,0,0.004,0.003,0.000,,,
cube_d2_k55,64,0,110,998250,332750,1.690,0.718,14.575,0.000,6.203,2.817
cube_d2_k55,64,1,332750,332750,131072,7.765,2.780,8.045,0.000,2.894,1.531
cube_d2_k55,64,2,131072,131072,70606,3.656,1.284,3.507,0.000,1.379,0.711
cube_d2_k55,64,3,70606,70606,65536,2.088,0.816,10.377,0.000,9.059,0.489
cube_d2_k55,64,4,65536,65536,32768,1.835,0.701,8.669,0.000,7.680,0.327
cube_d2_k55,64,5,32768,32768,16384,1.071,0.370,4.552,0.000,3.953,0.209
cube_d2_k55,64,6,16384,16384,8192,1.821,0.268,2.540,0.000,2.008,0.285
cube_d2_k55,64,7,8192,8192,4096,1.084,0.391,1.300,0.000,0.880,0.082
cube_d2_k55,64,8,4096,4096,2048,0.569,0.196,0.827,0.000,0.583,0.052
cube_d2_k55,64,9,2048,2048,1024,0.210,0.123,0.586,0.000,0.437,0.038
cube_d2_k55,64,10,1024,1024,512,0.122,0.075,0.219,0.000,0.109,0.031
cube_d2_k55,64,11,512,512,256,0.089,0.053,0.145,0.000,0.061,0.033
cube_d2_k55,64,12,256,256,128,0.067,0.036,0.099,0.000,0.042,0.021
cube_d2_k55,64,13,128,128,64,0.060,0.027,0.075,0.000,0.026,0.022
cube_d2_k55,64,14,64,64,32,0.040,0.017,0.046,0.000,0.020,0.010
cube_d2_k55,64,15,32,32,16,0.030,0.012,0.027,0.000,0.013,0.007
cube_d2_k55,64,16,16,16,8,0.016,0.006,0.018,0.000,0.009,0.003
cube_d2_k55,64,17,8,8,4,0.012,0.004,0.013,0.000,0.007,0.002
cube_d2_k55,64,18,4,4,2,0.006,0.002,0.010,0.000,0.006,0.001
cube_d2_k55,64,19,2,0,0,0.004,0.001,0.000,,,
cube_d2_k55,64,0,110,998250,332750,0.295,0.517,13.667,0.000,5.837,2.587
cube_d2_k55,64,1,332750,332750,131072,7.893,2.664,6.900,0.000,2.332,1.227
cube_d2_k55,64,2,131072,131072,70606,3.545,1.227,3.433,0.000,1.362,0.701
cube_d2_k55,64,3,70606,70606,65536,2.004,0.678,9.246,0.000,7.976,0.468
cube_d2_k55,64,4,65536,65536,32768,1.791,0.634,7.477,0.000,6.566,0.321
cube_d2_k55,64,5,32768,32768,16384,1.038,0.376,3.954,0.001,3.401,0.199
cube_d2_k55,64,6,16384,16384,8192,1.631,0.399,2.168,0.000,1.669,0.253
cube_d2_k55,64,7,8192,8192,4096,0.791,0.345,1.232,0.000,0.849,0.080
cube_d2_k55,64,8,4096,4096,2048,0.514,0.174,0.795,0.000,0.568,0.051
cube_d2_k55,64,9,2048,2048,1024,0.183,0.111,0.310,0.000,0.166,0.037
cube_d2_k55,64,10,1024,1024,512,0.116,0.061,0.194,0.000,0.093,0.031
cube_d2_k55,64,11,512,512,256,0.084,0.043,0.151,0.000,0.055,0.046
cube_d2_k55,64,12,256,256,128,0.061,0.033,0.096,0.000,0.039,0.024
cube_d2_k55,64,13,128,128,64,0.052,0.023,0.067,0.000,0.024,0.021
cube_d2_k55,64,14,64,64,32,0.028,0.015,0.052,0.000,0.021,0.015
cube_d2_k55,64,15,32,32,16,0.028,0.013,0.028,0.000,0.011,0.006
cube_d2_k55,64,16,16,16,8,0.019,0.005,0.015,0.000,0.008,0.003
cube_d2_k55,64,17,8,8,4,0.015,0.004,0.012,0.000,0.007,0.002
cube_d2_k55,64,18,4,4,2,0.005,0.002,0.008,0.000,0.006,0.001
cube_d2_k55,64,19,2,0,0,0.004,0.001,0.000,,,
cube_d2_k55,64,0,110,998250,332750,0.291,0.467,13.366,0.000,5.403,2.491
cube_d2_k55,64,1,332750,332750,131072,7.859,2.608,6.650,0.000,2.388,1.250
cube_d2_k55,64,2,131072,131072,70606,3.623,1.237,3.367,0.000,1.281,0.726
cube_d2_k55,64,3,70606,70606,65536,2.023,0.737,9.291,0.000,8.014,0.476
cube_d2_k55,64,4,65536,65536,32768,1.863,0.628,7.389,0.000,6.440,0.324
cube_d2_k55,64,5,32768,32768,16384,1.022,0.389,3.987,0.000,3.396,0.209
cube_d2_k55,64,6,16384,16384,8192,1.634,0.263,2.117,0.000,1.721,0.127
cube_d2_k55,64,7,8192,8192,4096,0.814,0.359,1.188,0.000,0.806,0.079
cube_d2_k55,64,8,4096,4096,2048,0.535,0.172,0.717,0.000,0.490,0.051
cube_d2_k55,64,9,2048,2048,1024,0.189,0.108,0.555,0.000,0.409,0.037
cube_d2_k55,64,10,1024,1024,512,1.461,0.074,0.221,0.000,0.111,0.031
cube_d2_k55,64,11,512,512,256,0.079,0.050,0.137,0.000,0.060,0.027
cube_d2_k55,64,12,256,256,128,0.066,0.036,0.100,0.000,0.042,0.021
cube_d2_k55,64,13,128,128,64,0.050,0.030,0.070,0.000,0.025,0.020
cube_d2_k55,64,14,64,64,32,0.040,0.018,0.050,0.000,0.019,0.012
cube_d2_k55,64,15,32,32,16,0.027,0.010,0.027,0.000,0.013,0.006
cube_d2_k55,64,16,16,16,8,0.017,0.006,0.018,0.000,0.009,0.004
cube_d2_k55,64,17,8,8,4,0.014,0.004,0.013,0.000,0.007,0.002
cube_d2_k55,64,18,4,4,2,0.006,0.002,0.010,0.000,0.006,0.001
cube_d2_k55,64,19,2,0,0,0.004,0.001,0.000,,,
cube_d2_k55,64,0,110,998250,332750,0.320,0.473,13.319,0.000,5.459,2.477
cube_d2_k55,64,1,332750,332750,131072,8.547,2.606,6.705,0.000,2.388,1.236
cube_d2_k55,64,2,131072,131072,70606,3.588,1.201,3.392,0.000,1.376,0.688
cube_d2_k55,64,3,70606,70606,65536,1.987,0.716,9.277,0.000,7.998,0.472
cube_d2_k55,64,4,65536,65536,32768,1.803,0.641,7.369,0.000,6.451,0.313
cube_d2_k55,64,5,32768,32768,16384,1.028,0.391,3.983,0.000,3.415,0.203
cube_d2_k55,64,6,16384,16384,8192,1.901,0.280,2.058,0.000,1.690,0.128
cube_d2_k55,64,7,8192,8192,4096,0.795,0.380,1.190,0.000,0.796,0.084
cube_d2_k55,64,8,4096,4096,2048,0.529,0.169,0.752,0.000,0.527,0.052
cube_d2_k55,64,9,2048,2048,1024,0.187,0.106,0.553,0.000,0.390,0.039
cube_d2_k55,64,10,1024,1024,512,0.126,0.065,0.197,0.000,0.092,0.032
cube_d2_k55,64,11,512,512,256,0.079,0.042,0.128,0.000,0.053,0.024
cube_d2_k55,64,12,256,256,128,0.066,0.035,0.105,0.000,0.040,0.027
cube_d2_k55,64,13,128,128,64,0.039,0.026,0.064,0.000,0.023,0.019
cube_d2_k55,64,14,64,64,32,0.036,0.015,0.043,0.000,0.018,0.012
cube_d2_k55,64,15,32,32,16,0.021,0.008,0.023,0.000,0.011,0.006
cube_d2_k55,64,16,16,16,8,0.014,0.005,0.016,0.000,0.008,0.003
cube_d2_k55,64,17,8,8,4,0.010,0.003,0.012,0.000,0.007,0.002
cube_d2_k55,64,18,4,4,2,0.006,0.002,0.009,0.000,0.006,0.001
cube_d2_k55,64,19,2,0,0,0.004,0.001,0.000,,,
cube_d2_k55,64,0,110,998250,332750,0.291,0.464,13.279,0.000,5.441,2.492
cube_d2_k55,64,1,332750,332750,131072,8.605,2.582,6.616,0.000,2.405,1.237
cube_d2_k55,64,2,131072,131072,70606,3.584,1.190,3.369,0.000,1.347,0.694
cube_d2_k55,64,3,70606,70606,65536,1.994,0.703,9.329,0.000,8.040,0.462
cube_d2_k55,64,4,65536,65536,32768,1.830,0.647,7.270,0.000,6.360,0.315
cube_d2_k55,64,5,32768,32768,16384,1.005,0.373,4.074,0.000,3.491,0.206
cube_d2_k55,64,6,16384,16384,8192,1.585,0.273,2.202,0.000,1.697,0.275
cube_d2_k55,64,7,8192,8192,4096,0.858,0.346,1.265,0.000,0.878,0.079
cube_d2_k55,64,8,4096,4096,2048,0.517,0.176,0.739,0.000,0.498,0.067
cube_d2_k55,64,9,2048,2048,1024,0.191,0.108,0.534,0.000,0.387,0.039
cube_d2_k55,64,10,1024,1024,512,0.114,0.066,0.212,0.000,0.109,0.031
cube_d2_k55,64,11,512,512,256,0.081,0.046,0.135,0.000,0.057,0.022
cube_d2_k55,64,12,256,256,128,0.060,0.035,0.099,0.000,0.037,0.027
cube_d2_k55,64,13,128,128,64,0.051,0.025,0.068,0.000,0.024,0.018
cube_d2_k55,64,14,64,64,32,0.036,0.013,0.043,0.000,0.018,0.012
cube_d2_k55,64,15,32,32,16,0.021,0.012,0.024,0.000,0.011,0.006
cube_d2_k55,64,16,16,16,8,0.022,0.005,0.015,0.000,0.008,0.003
cube_d2_k55,64,17,8,8,4,0.011,0.003,0.011,0.000,0.006,0.002
cube_d2_k55,64,18,4,4,2,0.006,0.002,0.008,0.000,0.006,0.001
cube_d2_k55,64,19,2,0,0,0.004,0.001,0.000,,,
cube_d2_k55,64,0,110,998250,332750,0.291,0.442,12.736,0.000,4.951,2.471
cube_d2_k55,64,1,332750,332750,131072,9.377,2.558,6.524,0.000,2.287,1.189
cube_d2_k55,64,2,131072,131072,70606,3.593,1.153,3.380,0.000,1.325,0.688
cube_d2_k55,64,3,70606,70606,65536,1.913,0.666,9.469,0.000,8.190,0.461
cube_d2_k55,64,4,65536,65536,32768,1.796,0.643,7.582,0.000,6.656,0.303
cube_d2_k55,64,5,32768,32768,16384,1.011,0.402,4.047,0.000,3.473,0.210
cube_d2_k55,64,6,16384,16384,8192,1.837,0.273,2.165,0.000,1.793,0.123
cube_d2_k55,64,7,8192,8192,4096,1.117,0.351,0.940,0.000,0.580,0.072
cube_d2_k55,64,8,4096,4096,2048,0.710,0.165,0.696,0.000,0.478,0.048
cube_d2_k55,64,9,2048,2048,1024,0.267,0.105,0.541,0.000,0.389,0.040
cube_d2_k55,64,10,1024,1024,512,0.156,0.063,0.192,0.000,0.089,0.029
cube_d2_k55,64,11,512,512,256,0.107,0.046,0.132,0.000,0.047,0.031
cube_d2_k55,64,12,256,256,128,0.086,0.033,0.083,0.000,0.032,0.019
cube_d2_k55,64,13,128,128,64,0.051,0.028,0.056,0.000,0.019,0.015
cube_d2_k55,64,14,64,64,32,0.032,0.012,0.032,0.001,0.013,0.008
cube_d2_k55,64,15,32,32,16,0.022,0.008,0.016,0.000,0.007,0.004
cube_d2_k55,64,16,16,16,8,0.026,0.004,0.011,0.000,0.006,0.002
cube_d2_k55,64,17,8,8,4,0.012,0.003,0.008,0.000,0.005,0.001
cube_d2_k55,64,18,4,4,2,0.004,0.001,0.006,0.000,0.004,0.001
cube_d2_k55,64,19,2,0,0,0.003,0.001,0.000,,,
cube_d2_k55,128,0,110,998250,332750,2.784,1.177,13.715,0.000,6.979,2.296
cube_d2_k55,128,1,332750,332750,131072,5.727,2.128,7.128,0.000,2.281,1.520
cube_d2_k55,128,2,131072,131072,70606,2.696,1.558,2.621,0.000,1.154,0.438
cube_d2_k55,128,3,70606,70606,65536,1.823,0.681,8.987,0.001,7.932,0.339
cube_d2_k55,128,4,65536,65536,32768,1.705,0.599,8.099,0.000,7.306,0.253
cube_d2_k55,128,5,32768,32768,16384,0.988,0.359,4.434,0.000,3.892,0.174
cube_d2_k55,128,6,16384,16384,8192,1.442,0.278,2.685,0.000,1.961,0.461
cube_d2_k55,128,7,8192,8192,4096,0.802,0.355,1.404,0.000,0.900,0.184
cube_d2_k55,128,8,4096,4096,2048,0.532,0.190,0.766,0.000,0.526,0.054
cube_d2_k55,128,9,2048,2048,1024,0.198,0.118,0.580,0.000,0.408,0.054
cube_d2_k55,128,10,1024,1024,512,0.147,0.084,0.238,0.000,0.105,0.042
cube_d2_k55,128,11,512,512,256,0.120,0.057,0.187,0.000,0.068,0.056
cube_d2_k55,128,12,256,256,128,0.101,0.036,0.142,0.000,0.040,0.051
cube_d2_k55,128,13,128,128,64,0.079,0.038,0.089,0.000,0.027,0.021
cube_d2_k55,128,14,64,64,32,0.062,0.033,0.056,0.000,0.025,0.012
cube_d2_k55,128,15,32,32,16,0.030,0.009,0.031,0.000,0.011,0.009
cube_d2_k55,128,16,16,16,8,0.016,0.016,0.016,0.000,0.008,0.003
cube_d2_k55,128,17,8,8,4,0.015,0.004,0.012,0.000,0.007,0.002
cube_d2_k55,128,18,4,4,2,0.006,0.003,0.009,0.000,0.006,0.001
cube_d2_k55,128,19,2,0,0,0.004,0.002,0.000,,,
cube_d2_k55,128,0,110,998250,332750,0.189,0.254,9.672,0.000,3.953,1.861
cube_d2_k55,128,1,332750,332750,131072,5.524,2.241,5.082,0.000,1.458,0.751
cube_d2_k55,128,2,131072,131072,70606,2.859,0.996,2.460,0.000,1.045,0.456
cube_d2_k55,128,3,70606,70606,65536,1.687,0.578,9.095,0.000,8.003,0.355
cube_d2_k55,128,4,65536,65536,32768,1.564,0.705,8.162,0.000,7.334,0.256
cube_d2_k55,128,5,32768,32768,16384,0.911,0.391,4.371,0.000,3.829,0.170
cube_d2_k55,128,6,16384,16384,8192,1.254,0.272,2.866,0.000,1.921,0.679
cube_d2_k55,128,7,8192,8192,4096,0.988,0.376,1.386,0.000,0.928,0.145
cube_d2_k55,128,8,4096,4096,2048,0.338,0.194,0.805,0.000,0.553,0.065
cube_d2_k55,128,9,2048,2048,1024,0.192,0.123,0.545,0.000,0.374,0.045
cube_d2_k55,128,10,1024,1024,512,0.147,0.079,0.235,0.000,0.102,0.043
cube_d2_k55,128,11,512,512,256,0.153,0.063,0.156,0.000,0.058,0.036
cube_d2_k55,128,12,256,256,128,0.103,0.043,0.135,0.000,0.038,0.040
cube_d2_k55,128,13,128,128,64,0.073,0.036,0.083,0.000,0.024,0.025
cube_d2_k55,128,14,64,64,32,0.051,0.027,0.050,0.000,0.018,0.014
cube_d2_k55,128,15,32,32,16,0.031,0.022,0.024,0.000,0.012,0.006
cube_d2_k55,128,16,16,16,8,0.020,0.006,0.016,0.000,0.008,0.003
cube_d2_k55,128,17,8,8,4,0.018,0.004,0.012,0.000,0.007,0.002
cube_d2_k55,128,18,4,4,2,0.006,0.003,0.009,0.000,0.006,0.001
cube_d2_k55,128,19,2,0,0,0.004,0.002,0.000,,,
cube_d2_k55,128,0,110,998250,332750,0.176,0.274,8.743,0.000,3.284,1.502
cube_d2_k55,128,1,332750,332750,131072,5.733,1.977,4.668,0.000,1.490,0.745
cube_d2_k55,128,2,131072,131072,70606,2.841,0.945,2.460,0.000,1.033,0.450
cube_d2_k55,128,3,70606,70606,65536,1.641,0.626,8.995,0.000,7.950,0.346
cube_d2_k55,128,4,65536,65536,32768,1.566,0.556,7.951,0.000,7.145,0.254
cube_d2_k55,128,5,32768,32768,16384,0.910,0.400,4.329,0.000,3.799,0.183
cube_d2_k55,128,6,16384,16384,8192,1.291,0.289,2.681,0.001,1.942,0.477
cube_d2_k55,128,7,8192,8192,4096,0.747,0.356,1.059,0.000,0.664,0.079
cube_d2_k55,128,8,4096,4096,2048,0.516,0.186,0.797,0.000,0.544,0.065
cube_d2_k55,128,9,2048,2048,1024,0.196,0.119,0.586,0.000,0.422,0.049
cube_d2_k55,128,10,1024,1024,512,0.154,0.072,0.251,0.000,0.118,0.049
cube_d2_k55,128,11,512,512,256,0.110,0.055,0.180,0.000,0.061,0.061
cube_d2_k55,128,12,256,256,128,0.101,0.043,0.147,0.000,0.041,0.048
cube_d2_k55,128,13,128,128,64,0.069,0.038,0.093,0.000,0.033,0.024
cube_d2_k55,128,14,64,64,32,0.061,0.016,0.058,0.000,0.024,0.016
cube_d2_k55,128,15,32,32,16,0.043,0.030,0.024,0.000,0.011,0.006
cube_d2_k55,128,16,16,16,8,0.026,0.006,0.017,0.000,0.008,0.004
cube_d2_k55,128,17,8,8,4,0.023,0.005,0.012,0.000,0.007,0.002
cube_d2_k55,128,18,4,4,2,0.006,0.003,0.009,0.000,0.006,0.001
cube_d2_k55,128,19,2,0,0,0.004,0.002,0.000,,,
cube_d2_k55,128,0,110,998250,332750,0.210,0.265,8.493,0.000,3.207,1.471
cube_d2_k55,128,1,332750,332750,131072,6.230,2.464,4.485,0.000,1.511,0.739
cube_d2_k55,128,2,131072,131072,70606,2.869,0.979,2.417,0.000,1.027,0.448
cube_d2_k55,128,3,70606,70606,65536,1.729,0.611,8.943,0.000,7.903,0.345
cube_d2_k55,128,4,65536,65536,32768,1.649,0.574,7.927,0.000,7.126,0.254
cube_d2_k55,128,5,32768,32768,16384,0.889,0.378,4.327,0.000,3.790,0.174
cube_d2_k55,128,6,16384,16384,8192,1.467,0.298,2.691,0.000,1.928,0.501
cube_d2_k55,128,7,8192,8192,4096,0.791,1.274,1.308,0.000,0.897,0.083
cube_d2_k55,128,8,4096,4096,2048,0.550,0.193,0.855,0.000,0.597,0.062
cube_d2_k55,128,9,2048,2048,1024,0.199,0.122,0.570,0.000,0.414,0.042
cube_d2_k55,128,10,1024,1024,512,0.143,0.085,0.248,0.000,0.124,0.043
cube_d2_k55,128,11,512,512,256,0.113,0.058,0.152,0.000,0.059,0.035
cube_d2_k55,128,12,256,256,128,0.083,0.049,0.123,0.000,0.041,0.030
cube_d2_k55,128,13,128,128,64,0.080,0.045,0.089,0.000,0.030,0.027
cube_d2_k55,128,14,64,64,32,0.056,0.028,0.057,0.000,0.019,0.017
cube_d2_k55,128,15,32,32,16,0.039,0.014,0.030,0.000,0.013,0.006
cube_d2_k55,128,16,16,16,8,0.026,0.020,0.017,0.000,0.008,0.004
cube_d2_k55,128,17,8,8,4,0.017,0.004,0.012,0.000,0.007,0.002
cube_d2_k55,128,18,4,4,2,0.006,0.003,0.009,0.000,0.006,0.001
cube_d2_k55,128,19,2,0,0,0.004,0.002,0.000,,,
cube_d2_k55,128,0,110,998250,332750,0.231,0.286,8.290,0.000,3.093,1.476
cube_d2_k55,128,1,332750,332750,131072,5.939,1.993,4.531,0.000,1.469,0.758
cube_d2_k55,128,2,131072,131072,70606,2.762,0.956,2.412,0.000,1.030,0.455
cube_d2_k55,128,3,70606,70606,65536,1.668,0.615,8.969,0.000,7.920,0.352
cube_d2_k55,128,4,65536,65536,32768,1.538,0.613,7.996,0.000,7.191,0.257
cube_d2_k55,128,5,32768,32768,16384,0.914,0.361,4.341,0.000,3.759,0.225
cube_d2_k55,128,6,16384,16384,8192,1.282,0.265,2.569,0.000,1.857,0.465
cube_d2_k55,128,7,8192,8192,4096,0.587,0.366,1.274,0.000,0.860,0.086
cube_d2_k55,128,8,4096,4096,2048,0.717,0.195,0.846,0.000,0.586,0.068
cube_d2_k55,128,9,2048,2048,1024,0.189,0.123,0.544,0.000,0.385,0.041
cube_d2_k55,128,10,1024,1024,512,0.140,0.082,0.247,0.000,0.104,0.054
cube_d2_k55,128,11,512,512,256,0.125,0.060,0.184,0.000,0.062,0.054
cube_d2_k55,128,12,256,256,128,0.084,0.045,0.121,0.000,0.041,0.035
cube_d2_k55,128,13,128,128,64,0.078,0.041,0.091,0.000,0.029,0.025
cube_d2_k55,128,14,64,64,32,0.050,0.021,0.075,0.000,0.027,0.022
cube_d2_k55,128,15,32,32,16,0.042,0.011,0.032,0.000,0.011,0.007
cube_d2_k55,128,16,16,16,8,0.024,0.033,0.017,0.000,0.008,0.004
cube_d2_k55,128,17,8,8,4,0.017,0.004,0.011,0.000,0.006,0.002
cube_d2_k55,128,18,4,4,2,0.006,0.003,0.008,0.000,0.006,0.001
cube_d2_k55,128,19,2,0,0,0.004,0.001,0.000,,,
cube_d2_k55,128,0,110,998250,332750,0.187,0.274,8.593,0.000,3.292,1.515
cube_d2_k55,128,1,332750,332750,131072,6.409,1.911,4.548,0.000,1.507,0.746
cube_d2_k55,128,2,131072,131072,70606,2.750,0.936,2.406,0.000,1.020,0.438
cube_d2_k55,128,3,70606,70606,65536,1.646,0.621,8.941,0.000,7.917,0.343
cube_d2_k55,128,4,65536,65536,32768,1.580,0.601,7.924,0.000,7.112,0.266
cube_d2_k55,128,5,32768,32768,16384,0.929,0.377,4.374,0.000,3.827,0.177
cube_d2_k55,128,6,16384,16384,8192,1.472,0.283,2.544,0.000,1.835,0.452
cube_d2_k55,128,7,8192,8192,4096,0.868,0.366,1.079,0.000,0.677,0.077
cube_d2_k55,128,8,4096,4096,2048,0.540,0.178,0.779,0.000,0.547,0.055
cube_d2_k55,128,9,2048,2048,1024,0.194,0.126,0.585,0.000,0.406,0.052
cube_d2_k55,128,10,1024,1024,512,0.124,0.080,0.255,0.000,0.116,0.042
cube_d2_k55,128,11,512,512,256,0.099,0.060,0.182,0.000,0.057,0.057
cube_d2_k55,128,12,256,256,128,0.101,0.037,0.138,0.000,0.040,0.039
cube_d2_k55,128,13,128,128,64,0.067,0.039,0.135,0.000,0.027,0.034
cube_d2_k55,128,14,64,64,32,0.041,0.021,0.069,0.000,0.027,0.023
cube_d2_k55,128,15,32,32,16,0.038,0.022,0.027,0.000,0.012,0.006
cube_d2_k55,128,16,16,16,8,0.019,0.006,0.017,0.000,0.008,0.004
cube_d2_k55,128,17,8,8,4,0.019,0.004,0.012,0.000,0.007,0.002
cube_d2_k55,128,18,4,4,2,0.006,0.002,0.009,0.000,0.006,0.001
cube_d2_k55,128,19,2,0,0,0.004,0.001,0.000,,,
cube_d2_k55,144,0,110,998250,332750,2.943,1.273,16.047,0.000,8.221,3.284
cube_d2_k55,144,1,332750,332750,131072,5.465,2.208,7.126,0.000,2.191,1.692
cube_d2_k55,144,2,131072,131072,70606,2.539,1.423,2.622,0.000,1.136,0.428
cube_d2_k55,144,3,70606,70606,65536,1.664,0.626,8.770,0.000,7.669,0.347
cube_d2_k55,144,4,65536,65536,32768,1.559,0.571,7.749,0.000,6.930,0.245
cube_d2_k55,144,5,32768,32768,16384,1.005,0.327,4.224,0.000,3.680,0.179
cube_d2_k55,144,6,16384,16384,8192,1.574,0.506,2.749,0.000,1.889,0.596
cube_d2_k55,144,7,8192,8192,4096,0.776,0.374,1.233,0.000,0.836,0.081
cube_d2_k55,144,8,4096,4096,2048,0.331,0.173,0.779,0.000,0.515,0.065
cube_d2_k55,144,9,2048,2048,1024,0.194,0.120,0.586,0.000,0.409,0.044
cube_d2_k55,144,10,1024,1024,512,0.134,0.077,0.255,0.000,0.103,0.049
cube_d2_k55,144,11,512,512,256,0.089,0.052,0.158,0.000,0.056,0.032
cube_d2_k55,144,12,256,256,128,0.113,0.036,0.131,0.000,0.037,0.032
cube_d2_k55,144,13,128,128,64,0.062,0.031,0.103,0.000,0.032,0.031
cube_d2_k55,144,14,64,64,32,0.047,0.016,0.052,0.000,0.019,0.015
cube_d2_k55,144,15,32,32,16,0.030,0.009,0.024,0.000,0.011,0.006
cube_d2_k55,144,16,16,16,8,0.017,0.005,0.016,0.000,0.008,0.003
cube_d2_k55,144,17,8,8,4,0.015,0.003,0.012,0.000,0.007,0.002
cube_d2_k55,144,18,4,4,2,0.006,0.002,0.009,0.000,0.006,0.001
cube_d2_k55,144,19,2,0,0,0.004,0.001,0.000,,,
cube_d2_k55,144,0,110,998250,332750,0.220,0.269,9.335,0.000,3.657,1.961
cube_d2_k55,144,1,332750,332750,131072,5.322,1.905,5.069,0.000,1.451,0.747
cube_d2_k55,144,2,131072,131072,70606,2.721,0.883,2.356,0.000,1.012,0.421
cube_d2_k55,144,3,70606,70606,65536,1.737,0.594,8.767,0.000,7.646,0.354
cube_d2_k55,144,4,65536,65536,32768,1.533,0.553,7.765,0.000,6.991,0.261
cube_d2_k55,144,5,32768,32768,16384,0.905,0.349,4.182,0.000,3.629,0.190
cube_d2_k55,144,6,16384,16384,8192,1.536,0.579,2.643,0.000,1.852,0.525
cube_d2_k55,144,7,8192,8192,4096,0.783,0.365,1.350,0.000,0.942,0.084
cube_d2_k55,144,8,4096,4096,2048,0.340,0.175,0.847,0.000,0.589,0.066
cube_d2_k55,144,9,2048,2048,1024,0.202,0.118,0.553,0.000,0.371,0.051
cube_d2_k55,144,10,1024,1024,512,0.149,0.072,0.221,0.000,0.101,0.035
cube_d2_k55,144,11,512,512,256,0.100,0.064,0.169,0.000,0.071,0.035
cube_d2_k55,144,12,256,256,128,0.073,0.040,0.124,0.000,0.039,0.031
cube_d2_k55,144,13,128,128,64,0.083,0.030,0.096,0.000,0.024,0.025
cube_d2_k55,144,14,64,64,32,0.039,0.020,0.052,0.000,0.021,0.016
cube_d2_k55,144,15,32,32,16,0.031,0.009,0.024,0.000,0.012,0.006
cube_d2_k55,144,16,16,16,8,0.024,0.006,0.016,0.000,0.008,0.003
cube_d2_k55,144,17,8,8,4,0.016,0.004,0.012,0.000,0.007,0.002
cube_d2_k55,144,18,4,4,2,0.007,0.002,0.009,0.000,0.006,0.001
cube_d2_k55,144,19,2,0,0,0.004,0.002,0.000,,,
cube_d2_k55,144,0,110,998250,332750,0.169,0.249,8.407,0.000,3.204,1.422
cube_d2_k55,144,1,332750,332750,131072,5.376,1.915,4.583,0.000,1.416,0.722
cube_d2_k55,144,2,131072,131072,70606,2.717,0.888,2.339,0.000,1.022,0.426
cube_d2_k55,144,3,70606,70606,65536,1.646,0.594,8.761,0.000,7.744,0.336
cube_d2_k55,144,4,65536,65536,32768,1.530,0.530,7.628,0.000,6.816,0.247
cube_d2_k55,144,5,32768,32768,16384,0.910,0.366,4.268,0.000,3.710,0.191
cube_d2_k55,144,6,16384,16384,8192,1.321,0.528,2.751,0.000,1.908,0.574
cube_d2_k55,144,7,8192,8192,4096,0.784,0.356,1.286,0.000,0.880,0.085
cube_d2_k55,144,8,4096,4096,2048,0.736,0.178,0.793,0.000,0.540,0.061
cube_d2_k55,144,9,2048,2048,1024,0.199,0.118,0.364,0.000,0.195,0.047
cube_d2_k55,144,10,1024,1024,512,0.142,0.072,0.265,0.000,0.105,0.069
cube_d2_k55,144,11,512,512,256,0.096,0.050,0.144,0.000,0.057,0.034
cube_d2_k55,144,12,256,256,128,0.072,0.048,0.117,0.000,0.045,0.033
cube_d2_k55,144,13,128,128,64,0.073,0.028,0.072,0.000,0.026,0.020
cube_d2_k55,144,14,64,64,32,0.034,0.021,0.049,0.000,0.016,0.016
cube_d2_k55,144,15,32,32,16,0.029,0.009,0.031,0.000,0.012,0.007
cube_d2_k55,144,16,16,16,8,0.019,0.005,0.016,0.000,0.008,0.003
cube_d2_k55,144,17,8,8,4,0.015,0.004,0.012,0.000,0.007,0.002
cube_d2_k55,144,18,4,4,2,0.006,0.002,0.009,0.000,0.006,0.001
cube_d2_k55,144,19,2,0,0,0.004,0.002,0.000,,,
cube_d2_k55,144,0,110,998250,332750,0.173,0.249,8.416,0.000,3.210,1.434
cube_d2_k55,144,1,332750,332750,131072,5.621,1.894,4.581,0.000,1.434,0.740
cube_d2_k55,144,2,131072,131072,70606,2.769,0.862,2.347,0.000,0.981,0.420
cube_d2_k55,144,3,70606,70606,65536,1.652,0.575,8.741,0.000,7.729,0.339
cube_d2_k55,144,4,65536,65536,32768,1.534,0.550,7.650,0.000,6.839,0.279
cube_d2_k55,144,5,32768,32768,16384,0.886,0.359,4.247,0.000,3.708,0.169
cube_d2_k55,144,6,16384,16384,8192,1.476,0.496,2.766,0.000,1.882,0.610
cube_d2_k55,144,7,8192,8192,4096,0.766,0.361,1.283,0.000,0.877,0.084
cube_d2_k55,144,8,4096,4096,2048,0.520,0.173,0.799,0.000,0.548,0.060
cube_d2_k55,144,9,2048,2048,1024,0.194,0.140,0.554,0.000,0.377,0.047
cube_d2_k55,144,10,1024,1024,512,0.136,0.077,0.239,0.000,0.107,0.038
cube_d2_k55,144,11,512,512,256,0.105,0.058,0.187,0.000,0.058,0.053
cube_d2_k55,144,12,256,256,128,0.098,0.046,0.121,0.000,0.040,0.029
cube_d2_k55,144,13,128,128,64,0.072,0.029,0.090,0.000,0.030,0.025
cube_d2_k55,144,14,64,64,32,0.048,0.022,0.062,0.000,0.024,0.018
cube_d2_k55,144,15,32,32,16,0.034,0.019,0.034,0.000,0.014,0.007
cube_d2_k55,144,16,16,16,8,0.019,0.006,0.017,0.000,0.009,0.003
cube_d2_k55,144,17,8,8,4,0.016,0.004,0.012,0.000,0.007,0.002
cube_d2_k55,144,18,4,4,2,0.007,0.002,0.009,0.000,0.006,0.001
cube_d2_k55,144,19,2,0,0,0.004,0.002,0.000,,,
cube_d2_k55,144,0,110,998250,332750,0.181,0.243,8.302,0.000,3.019,1.457
cube_d2_k55,144,1,332750,332750,131072,5.905,1.890,4.531,0.000,1.525,0.757
cube_d2_k55,144,2,131072,131072,70606,2.765,1.071,2.497,0.000,1.009,0.422
cube_d2_k55,144,3,70606,70606,65536,1.649,0.574,8.719,0.000,7.695,0.350
cube_d2_k55,144,4,65536,65536,32768,1.592,0.505,7.587,0.000,6.800,0.247
cube_d2_k55,144,5,32768,32768,16384,0.899,0.368,4.224,0.000,3.673,0.187
cube_d2_k55,144,6,16384,16384,8192,1.453,0.277,2.262,0.000,1.855,0.144
cube_d2_k55,144,7,8192,8192,4096,0.802,0.352,1.297,0.001,0.883,0.083
cube_d2_k55,144,8,4096,4096,2048,0.333,0.176,0.809,0.000,0.549,0.071
cube_d2_k55,144,9,2048,2048,1024,0.195,0.148,0.551,0.000,0.380,0.048
cube_d2_k55,144,10,1024,1024,512,0.131,0.076,0.233,0.000,0.101,0.048
cube_d2_k55,144,11,512,512,256,0.092,0.052,0.157,0.000,0.056,0.036
cube_d2_k55,144,12,256,256,128,0.101,0.039,0.141,0.000,0.041,0.046
cube_d2_k55,144,13,128,128,64,0.072,0.029,0.106,0.000,0.037,0.028
cube_d2_k55,144,14,64,64,32,0.042,0.016,0.048,0.000,0.019,0.013
cube_d2_k55,144,15,32,32,16,0.023,0.011,0.031,0.000,0.012,0.008
cube_d2_k55,144,16,16,16,8,0.019,0.006,0.016,0.000,0.008,0.003
cube_d2_k55,144,17,8,8,4,0.019,0.004,0.012,0.000,0.007,0.002
cube_d2_k55,144,18,4,4,2,0.006,0.002,0.009,0.000,0.006,0.001
cube_d2_k55,144,19,2,0,0,0.004,0.002,0.000,,,
cube_d2_k55,144,0,110,998250,332750,0.179,0.268,8.388,0.000,3.195,1.453
cube_d2_k55,144,1,332750,332750,131072,6.112,1.867,4.540,0.000,1.443,0.769
cube_d2_k55,144,2,131072,131072,70606,2.705,0.872,2.391,0.000,1.017,0.435
cube_d2_k55,144,3,70606,70606,65536,1.599,0.560,8.732,0.000,7.710,0.338
cube_d2_k55,144,4,65536,65536,32768,1.517,0.546,7.620,0.000,6.828,0.259
cube_d2_k55,144,5,32768,32768,16384,0.871,0.340,4.248,0.000,3.680,0.199
cube_d2_k55,144,6,16384,16384,8192,1.285,0.277,2.195,0.000,1.815,0.131
cube_d2_k55,144,7,8192,8192,4096,0.777,0.355,1.269,0.000,0.867,0.086
cube_d2_k55,144,8,4096,4096,2048,0.538,0.174,0.792,0.000,0.541,0.065
cube_d2_k55,144,9,2048,2048,1024,0.207,0.116,0.590,0.000,0.405,0.053
cube_d2_k55,144,10,1024,1024,512,0.130,0.073,0.234,0.000,0.106,0.036
cube_d2_k55,144,11,512,512,256,0.104,0.049,0.155,0.000,0.058,0.031
cube_d2_k55,144,12,256,256,128,0.099,0.036,0.143,0.000,0.046,0.034
cube_d2_k55,144,13,128,128,64,0.068,0.034,0.098,0.000,0.031,0.027
cube_d2_k55,144,14,64,64,32,0.042,0.018,0.052,0.000,0.020,0.016
cube_d2_k55,144,15,32,32,16,0.029,0.012,0.033,0.000,0.011,0.011
cube_d2_k55,144,16,16,16,8,0.021,0.006,0.016,0.000,0.008,0.004
cube_d2_k55,144,17,8,8,4,0.016,0.004,0.012,0.000,0.007,0.002
cube_d2_k55,144,18,4,4,2,0.006,0.002,0.009,0.000,0.006,0.001
cube_d2_k55,144,19,2,0,0,0.004,0.002,0.000,,,
cube_d2_k105,1,0,210,6945750,2315250,17.496,29.403,2161.954,0.002,1120.397,322.577
cube_d2_k105,1,1,2315250,2315250,1048576,1559.210,321.784,1079.936,0.000,269.569,164.090
cube_d2_k105,1,2,1048576,1048576,524288,707.548,150.653,543.960,0.000,162.772,92.582
cube_d2_k105,1,3,524288,524288,262144,358.548,72.927,302.279,0.000,86.262,65.801
cube_d2_k105,1,4,262144,262144,218098,179.947,33.802,143.601,0.000,38.188,35.631
cube_d2_k105,1,5,218098,218098,131072,152.976,28.752,95.513,0.000,26.521,19.125
cube_d2_k105,1,6,131072,131072,65536,92.017,13.316,51.072,0.000,14.331,8.396
cube_d2_k105,1,7,65536,65536,32768,43.425,5.384,24.108,0.000,8.614,4.173
cube_d2_k105,1,8,32768,32768,16384,18.303,2.681,10.274,0.000,4.199,2.063
cube_d2_k105,1,9,16384,16384,8192,8.388,3.010,4.788,0.000,1.849,1.042
cube_d2_k105,1,10,8192,8192,4096,4.156,0.637,2.168,0.000,0.709,0.522
cube_d2_k105,1,11,4096,4096,2048,2.099,0.308,1.077,0.000,0.342,0.253
cube_d2_k105,1,12,2048,2048,1024,1.067,0.146,0.501,0.000,0.165,0.122
cube_d2_k105,1,13,1024,1024,512,0.548,0.069,0.261,0.000,0.081,0.061
cube_d2_k105,1,14,512,512,256,0.270,0.031,0.127,0.000,0.041,0.030
cube_d2_k105,1,15,256,256,128,0.136,0.020,0.063,0.000,0.022,0.015
cube_d2_k105,1,16,128,128,64,0.068,0.010,0.034,0.000,0.013,0.009
cube_d2_k105,1,17,64,64,32,0.033,0.006,0.020,0.000,0.007,0.005
cube_d2_k105,1,18,32,32,16,0.017,0.003,0.012,0.000,0.005,0.003
cube_d2_k105,1,19,16,16,8,0.009,0.002,0.008,0.000,0.004,0.002
cube_d2_k105,1,20,8,8,4,0.005,0.002,0.006,0.000,0.003,0.001
cube_d2_k105,1,21,4,4,2,0.003,0.001,0.005,0.000,0.003,0.001
cube_d2_k105,1,22,2,0,0,0.002,0.001,0.000,,,
cube_d2_k105,1,0,210,6945750,2315250,10.301,14.356,2135.922,0.000,1053.238,351.157
cube_d2_k105,1,1,2315250,2315250,1048576,1840.489,454.689,1196.415,0.000,369.083,155.391
cube_d2_k105,1,2,1048576,1048576,524288,828.950,207.227,621.176,0.000,195.436,121.126
cube_d2_k105,1,3,524288,524288,262144,433.091,94.442,340.177,0.000,116.318,71.973
cube_d2_k105,1,4,262144,262144,218098,199.157,40.711,162.316,0.001,42.734,47.851
cube_d2_k105,1,5,218098,218098,131072,165.585,30.626,103.389,0.000,26.613,20.674
cube_d2_k105,1,6,131072,131072,65536,113.507,17.602,52.393,0.000,14.317,8.556
cube_d2_k105,1,7,65536,65536,32768,45.289,6.082,24.491,0.000,8.594,4.092
cube_d2_k105,1,8,32768,32768,16384,18.379,3.123,10.461,0.000,4.116,2.057
cube_d2_k105,1,9,16384,16384,8192,8.530,1.512,4.727,0.000,1.781,1.060
cube_d2_k105,1,10,8192,8192,4096,4.234,0.742,2.183,0.000,0.696,0.536
cube_d2_k105,1,11,4096,4096,2048,2.147,0.345,1.079,0.000,0.333,0.266
cube_d2_k105,1,12,2048,2048,1024,1.092,0.157,0.520,0.000,0.179,0.124
cube_d2_k105,1,13,1024,1024,512,0.546,0.076,0.262,0.000,0.081,0.061
cube_d2_k105,1,14,512,512,256,0.269,0.031,0.126,0.000,0.041,0.030
cube_d2_k105,1,15,256,256,128,0.132,0.016,0.063,0.000,0.022,0.015
cube_d2_k105,1,16,128,128,64,0.066,0.010,0.034,0.000,0.012,0.009
cube_d2_k105,1,17,64,64,32,0.032,0.006,0.019,0.000,0.008,0.004
cube_d2_k105,1,18,32,32,16,0.017,0.003,0.012,0.000,0.005,0.003
cube_d2_k105,1,19,16,16,8,0.009,0.002,0.008,0.000,0.004,0.002
cube_d2_k105,1,20,8,8,4,0.005,0.002,0.006,0.000,0.003,0.001
cube_d2_k105,1,21,4,4,2,0.003,0.001,0.005,0.000,0.003,0.001
cube_d2_k105,1,22,2,0,0,0.002,0.001,0.000,,,
cube_d2_k105,1,0,210,6945750,2315250,8.798,14.403,2139.088,0.000,1037.344,364.117
cube_d2_k105,1,1,2315250,2315250,1048576,1851.560,457.447,1191.949,0.000,370.252,154.551
cube_d2_k105,1,2,1048576,1048576,524288,826.376,209.264,619.020,0.000,196.608,119.791
cube_d2_k105,1,3,524288,524288,262144,434.636,91.397,340.844,0.000,118.756,71.380
cube_d2_k105,1,4,262144,262144,218098,197.722,36.383,160.993,0.002,41.673,47.294
cube_d2_k105,1,5,218098,218098,131072,159.707,50.494,100.860,0.000,26.472,20.407
cube_d2_k105,1,6,131072,131072,65536,94.796,13.788,53.262,0.000,14.200,8.458
cube_d2_k105,1,7,65536,65536,32768,45.310,6.236,24.434,0.000,8.601,4.089
cube_d2_k105,1,8,32768,32768,16384,18.799,3.134,10.545,0.000,4.204,2.055
cube_d2_k105,1,9,16384,16384,8192,8.787,1.543,4.719,0.000,1.759,1.047
cube_d2_k105,1,10,8192,8192,4096,4.299,0.721,2.269,0.000,0.767,0.559
cube_d2_k105,1,11,4096,4096,2048,2.146,0.354,1.082,0.000,0.354,0.247
cube_d2_k105,1,12,2048,2048,1024,1.088,0.177,0.515,0.000,0.171,0.125
cube_d2_k105,1,13,1024,1024,512,0.542,0.075,0.260,0.000,0.080,0.061
cube_d2_k105,1,14,512,512,256,0.273,0.032,0.128,0.000,0.040,0.030
cube_d2_k105,1,15,256,256,128,0.136,0.016,0.063,0.000,0.022,0.015
cube_d2_k105,1,16,128,128,64,0.064,0.010,0.034,0.000,0.012,0.010
cube_d2_k105,1,17,64,64,32,0.032,0.005,0.019,0.000,0.007,0.005
cube_d2_k105,1,18,32,32,16,0.017,0.003,0.012,0.000,0.005,0.003
cube_d2_k105,1,19,16,16,8,0.009,0.002,0.009,0.000,0.004,0.002
cube_d2_k105,1,20,8,8,4,0.005,0.002,0.006,0.000,0.003,0.001
cube_d2_k105,1,21,4,4,2,0.003,0.001,0.005,0.000,0.003,0.001
cube_d2_k105,1,22,2,0,0,0.002,0.001,0.000,,,
cube_d2_k105,1,0,210,6945750,2315250,8.752,14.369,2128.931,0.000,1042.490,353.326
cube_d2_k105,1,1,2315250,2315250,1048576,1871.686,475.104,1177.096,0.000,370.636,160.515
cube_d2_k105,1,2,1048576,1048576,524288,831.455,209.211,621.293,0.000,194.841,123.910
cube_d2_k105,1,3,524288,524288,262144,413.540,94.828,339.771,0.000,117.037,72.326
cube_d2_k105,1,4,262144,262144,218098,197.975,36.633,183.186,0.001,41.891,65.855
cube_d2_k105,1,5,218098,218098,131072,162.842,29.606,101.432,0.000,26.615,20.628
cube_d2_k105,1,6,131072,131072,65536,95.462,13.692,51.621,0.000,14.220,8.471
cube_d2_k105,1,7,65536,65536,32768,45.393,6.232,24.527,0.000,8.659,4.087
cube_d2_k105,1,8,32768,32768,16384,18.802,3.088,10.524,0.000,4.172,2.046
cube_d2_k105,1,9,16384,16384,8192,10.531,1.541,4.801,0.000,1.822,1.034
cube_d2_k105,1,10,8192,8192,4096,4.372,0.722,2.227,0.000,0.710,0.574
cube_d2_k105,1,11,4096,4096,2048,2.133,0.353,1.095,0.000,0.351,0.246
cube_d2_k105,1,12,2048,2048,1024,1.149,0.161,0.515,0.000,0.172,0.125
cube_d2_k105,1,13,1024,1024,512,0.545,0.071,0.263,0.000,0.083,0.060
cube_d2_k105,1,14,512,512,256,0.288,0.033,0.129,0.000,0.042,0.030
cube_d2_k105,1,15,256,256,128,0.137,0.016,0.063,0.000,0.022,0.015
cube_d2_k105,1,16,128,128,64,0.066,0.010,0.033,0.000,0.012,0.008
cube_d2_k105,1,17,64,64,32,0.033,0.006,0.019,0.000,0.008,0.004
cube_d2_k105,1,18,32,32,16,0.017,0.003,0.012,0.000,0.005,0.003
cube_d2_k105,1,19,16,16,8,0.009,0.002,0.008,0.000,0.004,0.002
cube_d2_k105,1,20,8,8,4,0.005,0.002,0.006,0.000,0.003,0.001
cube_d2_k105,1,21,4,4,2,0.003,0.001,0.005,0.000,0.003,0.001
cube_d2_k105,1,22,2,0,0,0.002,0.001,0.000,,,
cube_d2_k105,1,0,210,6945750,2315250,8.732,14.380,2128.733,0.000,1051.037,343.380
cube_d2_k105,1,1,2315250,2315250,1048576,1852.166,452.799,1196.933,0.000,368.563,158.998
cube_d2_k105,1,2,1048576,1048576,524288,800.191,199.642,628.615,0.000,206.659,119.740
cube_d2_k105,1,3,524288,524288,262144,408.393,91.562,336.209,0.000,114.250,71.538
cube_d2_k105,1,4,262144,262144,218098,200.880,56.642,156.758,0.000,41.131,43.964
cube_d2_k105,1,5,218098,218098,131072,160.620,29.541,103.092,0.000,26.526,22.301
cube_d2_k105,1,6,131072,131072,65536,95.769,13.554,51.667,0.000,14.164,8.469
cube_d2_k105,1,7,65536,65536,32768,45.406,6.155,24.885,0.000,8.639,4.090
cube_d2_k105,1,8,32768,32768,16384,18.798,3.061,10.340,0.000,4.193,2.066
cube_d2_k105,1,9,16384,16384,8192,8.883,1.513,4.715,0.000,1.774,1.044
cube_d2_k105,1,10,8192,8192,4096,4.364,0.737,2.431,0.000,0.926,0.552
cube_d2_k105,1,11,4096,4096,2048,2.153,0.361,1.084,0.000,0.338,0.254
cube_d2_k105,1,12,2048,2048,1024,1.096,0.158,0.523,0.000,0.165,0.139
cube_d2_k105,1,13,1024,1024,512,0.558,0.073,0.272,0.000,0.086,0.062
cube_d2_k105,1,14,512,512,256,0.285,0.031,0.128,0.000,0.041,0.030
cube_d2_k105,1,15,256,256,128,0.150,0.016,0.064,0.000,0.022,0.015
cube_d2_k105,1,16,128,128,64,0.068,0.009,0.034,0.000,0.012,0.009
cube_d2_k105,1,17,64,64,32,0.033,0.006,0.021,0.000,0.007,0.005
cube_d2_k105,1,18,32,32,16,0.017,0.003,0.012,0.000,0.005,0.003
cube_d2_k105,1,19,16,16,8,0.009,0.002,0.008,0.000,0.004,0.002
cube_d2_k105,1,20,8,8,4,0.005,0.002,0.006,0.000,0.003,0.001
cube_d2_k105,1,21,4,4,2,0.003,0.001,0.005,0.000,0.003,0.001
cube_d2_k105,1,22,2,0,0,0.002,0.001,0.000,,,
cube_d2_k105,1,0,210,6945750,2315250,8.738,14.403,2108.706,0.000,1051.205,339.321
cube_d2_k105,1,1,2315250,2315250,1048576,1861.526,470.930,1194.143,0.000,370.319,178.141
cube_d2_k105,1,2,1048576,1048576,524288,809.610,210.555,619.924,0.000,197.114,106.332
cube_d2_k105,1,3,524288,524288,262144,410.518,95.312,356.370,0.000,118.126,72.840
cube_d2_k105,1,4,262144,262144,218098,206.195,39.975,163.023,0.000,44.274,46.433
cube_d2_k105,1,5,218098,218098,131072,161.204,29.577,101.377,0.000,26.649,20.677
cube_d2_k105,1,6,131072,131072,65536,95.767,13.993,53.483,0.000,14.287,8.509
cube_d2_k105,1,7,65536,65536,32768,45.493,6.277,24.390,0.000,8.563,4.099
cube_d2_k105,1,8,32768,32768,16384,18.626,3.249,10.519,0.000,4.172,2.060
cube_d2_k105,1,9,16384,16384,8192,8.811,1.526,4.792,0.000,1.771,1.039
cube_d2_k105,1,10,8192,8192,4096,4.345,0.739,2.195,0.000,0.723,0.531
cube_d2_k105,1,11,4096,4096,2048,2.168,0.364,1.067,0.000,0.330,0.254
cube_d2_k105,1,12,2048,2048,1024,1.109,0.159,0.525,0.000,0.165,0.135
cube_d2_k105,1,13,1024,1024,512,0.561,0.078,0.267,0.000,0.084,0.062
cube_d2_k105,1,14,512,512,256,0.287,0.039,0.127,0.000,0.041,0.030
cube_d2_k105,1,15,256,256,128,0.139,0.016,0.064,0.000,0.022,0.015
cube_d2_k105,1,16,128,128,64,0.066,0.010,0.033,0.000,0.012,0.009
cube_d2_k105,1,17,64,64,32,0.032,0.006,0.019,0.000,0.008,0.005
cube_d2_k105,1,18,32,32,16,0.018,0.003,0.012,0.000,0.005,0.003
cube_d2_k105,1,19,16,16,8,0.009,0.002,0.008,0.000,0.004,0.002
cube_d2_k105,1,20,8,8,4,0.005,0.001,0.006,0.000,0.003,0.001
cube_d2_k105,1,21,4,4,2,0.003,0.001,0.005,0.000,0.003,0.001
cube_d2_k105,1,22,2,0,0,0.002,0.001,0.000,,,
cube_d2_k105,2,0,210,6945750,2315250,15.401,15.846,1066.623,0.000,495.908,180.835
cube_d2_k105,2,1,2315250,2315250,1048576,741.774,153.535,547.487,0.000,137.810,91.310
cube_d2_k105,2,2,1048576,1048576,524288,367.073,76.696,284.662,0.000,72.277,61.341
cube_d2_k105,2,3,524288,524288,262144,196.082,40.615,144.211,0.000,38.780,32.849
cube_d2_k105,2,4,262144,262144,218098,96.700,17.413,71.436,0.000,16.029,18.737
cube_d2_k105,2,5,218098,218098,131072,80.608,14.798,47.697,0.000,10.453,11.169
cube_d2_k105,2,6,131072,131072,65536,49.723,6.933,25.877,0.000,5.743,5.056
cube_d2_k105,2,7,65536,65536,32768,22.652,3.048,16.437,0.000,7.574,2.499
cube_d2_k105,2,8,32768,32768,16384,10.127,1.502,7.343,0.002,3.775,1.234
cube_d2_k105,2,9,16384,16384,8192,4.239,0.795,3.470,0.000,1.650,0.649
cube_d2_k105,2,10,8192,8192,4096,2.055,0.449,1.514,0.000,0.560,0.325
cube_d2_k105,2,11,4096,4096,2048,1.105,0.259,0.759,0.000,0.259,0.159
cube_d2_k105,2,12,2048,2048,1024,0.598,0.145,0.384,0.000,0.152,0.083
cube_d2_k105,2,13,1024,1024,512,0.315,0.086,0.212,0.000,0.079,0.042
cube_d2_k105,2,14,512,512,256,0.164,0.040,0.128,0.000,0.044,0.030
cube_d2_k105,2,15,256,256,128,0.078,0.020,0.062,0.000,0.021,0.013
cube_d2_k105,2,16,128,128,64,0.053,0.010,0.038,0.000,0.013,0.013
cube_d2_k105,2,17,64,64,32,0.028,0.006,0.021,0.000,0.008,0.005
cube_d2_k105,2,18,32,32,16,0.014,0.003,0.012,0.000,0.005,0.003
cube_d2_k105,2,19,16,16,8,0.007,0.002,0.008,0.000,0.004,0.002
cube_d2_k105,2,20,8,8,4,0.004,0.002,0.006,0.000,0.003,0.001
cube_d2_k105,2,21,4,4,2,0.003,0.001,0.005,0.000,0.003,0.001
cube_d2_k105,2,22,2,0,0,0.002,0.001,0.000,,,
cube_d2_k105,2,0,210,6945750,2315250,4.453,7.471,1027.524,0.000,435.871,202.283
cube_d2_k105,2,1,2315250,2315250,1048576,840.632,194.618,561.593,0.000,155.011,85.906
cube_d2_k105,2,2,1048576,1048576,524288,416.330,92.671,292.091,0.000,78.346,63.524
cube_d2_k105,2,3,524288,524288,262144,213.359,44.339,172.578,0.000,54.253,40.296
cube_d2_k105,2,4,262144,262144,218098,104.085,19.505,78.205,0.000,17.671,23.490
cube_d2_k105,2,5,218098,218098,131072,83.199,16.085,48.400,0.000,10.828,11.532
cube_d2_k105,2,6,131072,131072,65536,49.373,7.829,25.969,0.000,5.999,5.007
cube_d2_k105,2,7,65536,65536,32768,24.021,3.388,16.696,0.000,7.646,2.681
cube_d2_k105,2,8,32768,32768,16384,11.742,1.689,7.574,0.000,3.794,1.218
cube_d2_k105,2,9,16384,16384,8192,5.029,0.861,3.554,0.000,1.711,0.657
cube_d2_k105,2,10,8192,8192,4096,2.588,0.546,1.593,0.000,0.578,0.352
cube_d2_k105,2,11,4096,4096,2048,1.291,0.278,0.797,0.000,0.277,0.167
cube_d2_k105,2,12,2048,2048,1024,0.692,0.152,0.388,0.000,0.152,0.084
cube_d2_k105,2,13,1024,1024,512,0.357,0.086,0.220,0.000,0.075,0.043
cube_d2_k105,2,14,512,512,256,0.182,0.040,0.236,0.000,0.044,0.127
cube_d2_k105,2,15,256,256,128,0.116,0.019,0.064,0.000,0.022,0.013
cube_d2_k105,2,16,128,128,64,0.058,0.011,0.036,0.000,0.013,0.010
cube_d2_k105,2,17,64,64,32,0.024,0.007,0.022,0.000,0.008,0.006
cube_d2_k105,2,18,32,32,16,0.018,0.003,0.013,0.000,0.006,0.003
cube_d2_k105,2,19,16,16,8,0.012,0.002,0.009,0.000,0.004,0.002
cube_d2_k105,2,20,8,8,4,0.005,0.002,0.006,0.000,0.004,0.001
cube_d2_k105,2,21,4,4,2,0.003,0.001,0.005,0.000,0.003,0.001
cube_d2_k105,2,22,2,0,0,0.002,0.001,0.000,,,
cube_d2_k105,2,0,210,6945750,2315250,11.083,11.911,1154.456,0.000,488.525,216.334
cube_d2_k105,2,1,2315250,2315250,1048576,879.503,213.781,602.149,0.000,168.656,86.888
cube_d2_k105,2,2,1048576,1048576,524288,421.798,101.826,296.387,0.000,83.811,60.796
cube_d2_k105,2,3,524288,524288,262144,220.725,46.021,168.054,0.000,49.952,37.248
cube_d2_k105,2,4,262144,262144,218098,104.070,21.172,79.031,0.000,17.765,23.536
cube_d2_k105,2,5,218098,218098,131072,84.089,15.983,48.935,0.000,10.686,11.523
cube_d2_k105,2,6,131072,131072,65536,50.119,8.082,26.592,0.000,5.956,5.197
cube_d2_k105,2,7,65536,65536,32768,24.013,3.594,16.614,0.000,7.602,2.527
cube_d2_k105,2,8,32768,32768,16384,10.553,1.819,7.737,0.000,3.801,1.241
cube_d2_k105,2,9,16384,16384,8192,5.285,0.898,3.561,0.000,1.691,0.690
cube_d2_k105,2,10,8192,8192,4096,2.662,0.531,1.652,0.000,0.543,0.398
cube_d2_k105,2,11,4096,4096,2048,1.348,0.292,0.793,0.000,0.266,0.169
cube_d2_k105,2,12,2048,2048,1024,0.715,0.153,0.385,0.000,0.148,0.083
cube_d2_k105,2,13,1024,1024,512,0.372,0.093,0.226,0.000,0.075,0.044
cube_d2_k105,2,14,512,512,256,0.185,0.041,0.142,0.000,0.043,0.031
cube_d2_k105,2,15,256,256,128,0.129,0.019,0.063,0.000,0.022,0.013
cube_d2_k105,2,16,128,128,64,0.059,0.011,0.039,0.000,0.015,0.011
cube_d2_k105,2,17,64,64,32,0.037,0.006,0.022,0.000,0.009,0.005
cube_d2_k105,2,18,32,32,16,0.018,0.003,0.014,0.000,0.007,0.003
cube_d2_k105,2,19,16,16,8,0.009,0.003,0.010,0.000,0.006,0.002
cube_d2_k105,2,20,8,8,4,0.005,0.002,0.007,0.000,0.005,0.001
cube_d2_k105,2,21,4,4,2,0.003,0.001,0.006,0.000,0.004,0.001
cube_d2_k105,2,22,2,0,0,0.002,0.001,0.000,,,
cube_d2_k105,2,0,210,6945750,2315250,4.585,7.585,1055.034,0.000,452.796,193.351
cube_d2_k105,2,1,2315250,2315250,1048576,905.319,233.998,561.004,0.000,154.379,86.195
cube_d2_k105,2,2,1048576,1048576,524288,432.716,108.905,298.556,0.000,86.793,58.758
cube_d2_k105,2,3,524288,524288,262144,215.647,47.092,170.531,0.000,53.262,37.248
cube_d2_k105,2,4,262144,262144,218098,103.009,19.709,79.525,0.000,17.805,24.241
cube_d2_k105,2,5,218098,218098,131072,83.456,15.970,52.980,0.000,10.842,14.562
cube_d2_k105,2,6,131072,131072,65536,53.992,7.913,27.179,0.000,6.462,5.554
cube_d2_k105,2,7,65536,65536,32768,24.785,3.581,16.004,0.000,7.262,2.497
cube_d2_k105,2,8,32768,32768,16384,10.310,1.705,7.092,0.000,3.572,1.229
cube_d2_k105,2,9,16384,16384,8192,5.259,0.850,3.460,0.000,1.655,0.676
cube_d2_k105,2,10,8192,8192,4096,2.451,0.513,1.500,0.000,0.540,0.329
cube_d2_k105,2,11,4096,4096,2048,1.286,0.271,0.782,0.000,0.272,0.161
cube_d2_k105,2,12,2048,2048,1024,0.690,0.149,0.401,0.000,0.149,0.081
cube_d2_k105,2,13,1024,1024,512,0.355,0.086,0.216,0.000,0.073,0.052
cube_d2_k105,2,14,512,512,256,0.179,0.039,0.142,0.000,0.044,0.030
cube_d2_k105,2,15,256,256,128,0.102,0.019,0.062,0.000,0.022,0.013
cube_d2_k105,2,16,128,128,64,0.061,0.011,0.039,0.000,0.013,0.013
cube_d2_k105,2,17,64,64,32,0.024,0.007,0.021,0.000,0.008,0.005
cube_d2_k105,2,18,32,32,16,0.019,0.003,0.013,0.000,0.005,0.003
cube_d2_k105,2,19,16,16,8,0.010,0.002,0.009,0.000,0.004,0.002
cube_d2_k105,2,20,8,8,4,0.005,0.002,0.006,0.000,0.003,0.001
cube_d2_k105,2,21,4,4,2,0.003,0.001,0.005,0.000,0.003,0.001
cube_d2_k105,2,22,2,0,0,0.002,0.001,0.000,,,
cube_d2_k105,2,0,210,6945750,2315250,4.400,12.533,1018.056,0.000,442.690,194.056
cube_d2_k105,2,1,2315250,2315250,1048576,875.906,228.624,560.325,0.000,158.736,86.408
cube_d2_k105,2,2,1048576,1048576,524288,418.558,107.976,293.681,0.000,84.064,58.957
cube_d2_k105,2,3,524288,524288,262144,214.726,46.216,165.872,0.000,51.879,36.546
cube_d2_k105,2,4,262144,262144,218098,101.808,19.842,82.565,0.000,17.923,24.757
cube_d2_k105,2,5,218098,218098,131072,86.767,16.794,48.361,0.000,10.808,11.694
cube_d2_k105,2,6,131072,131072,65536,48.762,7.666,25.863,0.000,5.899,5.196
cube_d2_k105,2,7,65536,65536,32768,23.686,3.389,16.101,0.000,7.386,2.479
cube_d2_k105,2,8,32768,32768,16384,10.281,1.700,7.194,0.000,3.628,1.207
cube_d2_k105,2,9,16384,16384,8192,5.103,0.856,3.378,0.000,1.634,0.625
cube_d2_k105,2,10,8192,8192,4096,2.605,0.513,2.140,0.000,0.767,0.498
cube_d2_k105,2,11,4096,4096,2048,1.879,0.536,1.456,0.000,0.621,0.252
cube_d2_k105,2,12,2048,2048,1024,1.036,0.260,0.770,0.000,0.312,0.137
cube_d2_k105,2,13,1024,1024,512,0.549,0.149,0.452,0.000,0.163,0.076
cube_d2_k105,2,14,512,512,256,0.289,0.099,0.215,0.000,0.078,0.037
cube_d2_k105,2,15,256,256,128,0.148,0.048,0.128,0.000,0.059,0.023
cube_d2_k105,2,16,128,128,64,0.077,0.028,0.091,0.000,0.034,0.025
cube_d2_k105,2,17,64,64,32,0.059,0.015,0.051,0.000,0.021,0.013
cube_d2_k105,2,18,32,32,16,0.040,0.009,0.030,0.000,0.014,0.007
cube_d2_k105,2,19,16,16,8,0.016,0.007,0.021,0.000,0.011,0.004
cube_d2_k105,2,20,8,8,4,0.013,0.004,0.015,0.000,0.009,0.002
cube_d2_k105,2,21,4,4,2,0.007,0.003,0.012,0.000,0.008,0.001
cube_d2_k105,2,22,2,0,0,0.005,0.002,0.000,,,
cube_d2_k105,2,0,210,6945750,2315250,10.167,11.236,1066.550,0.000,474.632,190.445
cube_d2_k105,2,1,2315250,2315250,1048576,901.266,237.502,598.378,0.000,169.660,88.196
cube_d2_k105,2,2,1048576,1048576,524288,423.677,114.356,295.570,0.000,84.170,59.694
cube_d2_k105,2,3,524288,524288,262144,217.616,48.220,167.907,0.000,52.286,37.295
cube_d2_k105,2,4,262144,262144,218098,103.337,19.668,82.040,0.000,18.183,24.644
cube_d2_k105,2,5,218098,218098,131072,83.543,16.196,48.430,0.000,10.701,11.580
cube_d2_k105,2,6,131072,131072,65536,49.569,7.894,26.169,0.000,5.924,5.161
cube_d2_k105,2,7,65536,65536,32768,23.842,3.591,16.433,0.000,7.559,2.483
cube_d2_k105,2,8,32768,32768,16384,10.607,1.757,7.422,0.000,3.780,1.245
cube_d2_k105,2,9,16384,16384,8192,5.268,0.890,3.519,0.000,1.684,0.631
cube_d2_k105,2,10,8192,8192,4096,2.520,0.548,1.604,0.000,0.578,0.363
cube_d2_k105,2,11,4096,4096,2048,1.364,0.278,0.811,0.000,0.281,0.168
cube_d2_k105,2,12,2048,2048,1024,0.699,0.152,0.409,0.000,0.149,0.082
cube_d2_k105,2,13,1024,1024,512,0.361,0.084,0.214,0.000,0.075,0.044
cube_d2_k105,2,14,512,512,256,0.182,0.040,0.143,0.000,0.044,0.030
cube_d2_k105,2,15,256,256,128,0.107,0.019,0.062,0.000,0.020,0.013
cube_d2_k105,2,16,128,128,64,0.059,0.011,0.037,0.000,0.013,0.011
cube_d2_k105,2,17,64,64,32,0.036,0.006,0.020,0.000,0.008,0.005
cube_d2_k105,2,18,32,32,16,0.019,0.003,0.012,0.000,0.005,0.003
cube_d2_k105,2,19,16,16,8,0.009,0.002,0.009,0.000,0.004,0.002
cube_d2_k105,2,20,8,8,4,0.005,0.002,0.006,0.000,0.003,0.001
cube_d2_k105,2,21,4,4,2,0.003,0.001,0.005,0.000,0.003,0.001
cube_d2_k105,2,22,2,0,0,0.002,0.001,0.000,,,
cube_d2_k105,4,0,210,6945750,2315250,7.016,9.554,704.841,0.000,312.888,142.989
cube_d2_k105,4,1,2315250,2315250,1048576,379.649,80.106,280.322,0.000,78.095,52.268
cube_d2_k105,4,2,1048576,1048576,524288,187.879,41.091,139.412,0.000,38.071,27.024
cube_d2_k105,4,3,524288,524288,262144,99.084,20.793,74.489,0.000,21.327,16.430
cube_d2_k105,4,4,262144,262144,218098,50.515,10.225,39.194,0.000,9.524,10.552
cube_d2_k105,4,5,218098,218098,131072,41.762,8.824,25.828,0.000,5.888,6.118
cube_d2_k105,4,6,131072,131072,65536,24.756,3.993,15.549,0.000,4.285,3.355
cube_d2_k105,4,7,65536,65536,32768,12.634,1.846,11.578,0.002,6.805,1.417
cube_d2_k105,4,8,32768,32768,16384,5.030,1.015,5.307,0.000,3.281,0.723
cube_d2_k105,4,9,16384,16384,8192,2.664,0.531,2.358,0.000,1.267,0.396
cube_d2_k105,4,10,8192,8192,4096,1.326,0.375,1.095,0.000,0.459,0.211
cube_d2_k105,4,11,4096,4096,2048,0.715,0.217,0.575,0.000,0.254,0.102
cube_d2_k105,4,12,2048,2048,1024,0.408,0.114,0.300,0.000,0.131,0.055
cube_d2_k105,4,13,1024,1024,512,0.236,0.082,0.189,0.000,0.076,0.030
cube_d2_k105,4,14,512,512,256,0.138,0.044,0.123,0.000,0.046,0.030
cube_d2_k105,4,15,256,256,128,0.066,0.020,0.063,0.000,0.026,0.014
cube_d2_k105,4,16,128,128,64,0.044,0.012,0.033,0.000,0.013,0.008
cube_d2_k105,4,17,64,64,32,0.025,0.007,0.022,0.000,0.008,0.006
cube_d2_k105,4,18,32,32,16,0.016,0.011,0.015,0.000,0.006,0.003
cube_d2_k105,4,19,16,16,8,0.008,0.002,0.009,0.000,0.004,0.002
cube_d2_k105,4,20,8,8,4,0.005,0.002,0.006,0.000,0.004,0.001
cube_d2_k105,4,21,4,4,2,0.003,0.001,0.005,0.000,0.003,0.001
cube_d2_k105,4,22,2,0,0,0.002,0.001,0.000,,,
cube_d2_k105,4,0,210,6945750,2315250,2.277,3.936,558.620,0.000,229.509,105.811
cube_d2_k105,4,1,2315250,2315250,1048576,419.991,100.023,281.673,0.000,80.060,45.492
cube_d2_k105,4,2,1048576,1048576,524288,200.187,47.788,145.706,0.000,40.274,30.430
cube_d2_k105,4,3,524288,524288,262144,103.358,22.958,82.120,0.000,24.361,19.405
cube_d2_k105,4,4,262144,262144,218098,53.587,10.305,42.207,0.000,10.089,11.783
cube_d2_k105,4,5,218098,218098,131072,42.196,8.404,26.193,0.000,6.015,6.427
cube_d2_k105,4,6,131072,131072,65536,25.003,4.137,13.843,0.000,3.399,2.765
cube_d2_k105,4,7,65536,65536,32768,12.212,1.802,11.423,0.000,6.631,1.381
cube_d2_k105,4,8,32768,32768,16384,5.691,1.038,5.214,0.000,3.297,0.685
cube_d2_k105,4,9,16384,16384,8192,2.903,0.541,2.258,0.000,1.279,0.371
cube_d2_k105,4,10,8192,8192,4096,1.443,0.372,1.048,0.000,0.454,0.187
cube_d2_k105,4,11,4096,4096,2048,0.820,0.216,0.571,0.000,0.246,0.096
cube_d2_k105,4,12,2048,2048,1024,0.462,0.110,0.318,0.000,0.150,0.055
cube_d2_k105,4,13,1024,1024,512,0.241,0.082,0.188,0.000,0.075,0.030
cube_d2_k105,4,14,512,512,256,0.144,0.044,0.123,0.000,0.047,0.029
cube_d2_k105,4,15,256,256,128,0.067,0.019,0.063,0.000,0.027,0.014
cube_d2_k105,4,16,128,128,64,0.047,0.013,0.034,0.000,0.013,0.008
cube_d2_k105,4,17,64,64,32,0.024,0.007,0.022,0.000,0.009,0.006
cube_d2_k105,4,18,32,32,16,0.019,0.004,0.014,0.000,0.006,0.004
cube_d2_k105,4,19,16,16,8,0.010,0.002,0.009,0.000,0.005,0.002
cube_d2_k105,4,20,8,8,4,0.006,0.002,0.006,0.000,0.004,0.001
cube_d2_k105,4,21,4,4,2,0.003,0.001,0.005,0.000,0.003,0.001
cube_d2_k105,4,22,2,0,0,0.002,0.001,0.000,,,
cube_d2_k105,4,0,210,6945750,2315250,2.444,4.036,550.952,0.000,220.092,99.751
cube_d2_k105,4,1,2315250,2315250,1048576,431.781,115.819,288.730,0.000,79.635,44.889
cube_d2_k105,4,2,1048576,1048576,524288,205.077,52.435,149.303,0.000,42.941,30.217
cube_d2_k105,4,3,524288,524288,262144,104.189,24.335,84.243,0.000,26.554,18.436
cube_d2_k105,4,4,262144,262144,218098,53.499,10.610,41.495,0.000,9.881,12.027
cube_d2_k105,4,5,218098,218098,131072,41.465,8.733,26.170,0.000,6.055,6.151
cube_d2_k105,4,6,131072,131072,65536,25.117,4.167,13.737,0.000,3.308,2.693
cube_d2_k105,4,7,65536,65536,32768,12.299,1.907,11.244,0.000,6.631,1.334
cube_d2_k105,4,8,32768,32768,16384,5.300,0.961,5.090,0.000,3.242,0.682
cube_d2_k105,4,9,16384,16384,8192,2.943,0.531,2.284,0.000,1.320,0.359
cube_d2_k105,4,10,8192,8192,4096,1.488,0.376,1.042,0.000,0.456,0.183
cube_d2_k105,4,11,4096,4096,2048,0.818,0.213,0.564,0.000,0.249,0.097
cube_d2_k105,4,12,2048,2048,1024,0.474,0.109,0.297,0.000,0.138,0.052
cube_d2_k105,4,13,1024,1024,512,0.257,0.095,0.172,0.000,0.075,0.029
cube_d2_k105,4,14,512,512,256,0.147,0.044,0.124,0.000,0.047,0.029
cube_d2_k105,4,15,256,256,128,0.069,0.019,0.061,0.000,0.025,0.014
cube_d2_k105,4,16,128,128,64,0.049,0.012,0.036,0.000,0.013,0.009
cube_d2_k105,4,17,64,64,32,0.021,0.007,0.022,0.000,0.009,0.006
cube_d2_k105,4,18,32,32,16,0.014,0.004,0.014,0.000,0.006,0.003
cube_d2_k105,4,19,16,16,8,0.010,0.002,0.009,0.000,0.005,0.002
cube_d2_k105,4,20,8,8,4,0.006,0.002,0.006,0.000,0.004,0.001
cube_d2_k105,4,21,4,4,2,0.003,0.001,0.005,0.000,0.003,0.001
cube_d2_k105,4,22,2,0,0,0.002,0.001,0.000,,,
cube_d2_k105,4,0,210,6945750,2315250,2.404,4.471,557.471,0.000,224.598,98.501
cube_d2_k105,4,1,2315250,2315250,1048576,446.245,121.744,285.609,0.000,81.278,45.721
cube_d2_k105,4,2,1048576,1048576,524288,209.573,55.399,149.043,0.000,43.194,29.581
cube_d2_k105,4,3,524288,524288,262144,106.650,24.961,86.679,0.000,26.822,20.281
cube_d2_k105,4,4,262144,262144,218098,52.894,11.068,63.886,0.000,12.037,13.804
cube_d2_k105,4,5,218098,218098,131072,46.739,9.731,26.018,0.000,6.066,6.246
cube_d2_k105,4,6,131072,131072,65536,25.319,4.020,13.879,0.000,3.500,2.730
cube_d2_k105,4,7,65536,65536,32768,12.419,1.876,11.414,0.000,6.778,1.362
cube_d2_k105,4,8,32768,32768,16384,5.353,0.979,5.257,0.000,3.360,0.682
cube_d2_k105,4,9,16384,16384,8192,3.065,0.551,2.281,0.000,1.312,0.366
cube_d2_k105,4,10,8192,8192,4096,1.490,0.376,1.106,0.000,0.469,0.195
cube_d2_k105,4,11,4096,4096,2048,0.847,0.219,0.563,0.000,0.249,0.098
cube_d2_k105,4,12,2048,2048,1024,0.476,0.111,0.316,0.000,0.150,0.053
cube_d2_k105,4,13,1024,1024,512,0.243,0.082,0.191,0.000,0.075,0.030
cube_d2_k105,4,14,512,512,256,0.145,0.044,0.123,0.000,0.047,0.029
cube_d2_k105,4,15,256,256,128,0.068,0.019,0.067,0.000,0.026,0.018
cube_d2_k105,4,16,128,128,64,0.056,0.013,0.037,0.000,0.013,0.009
cube_d2_k105,4,17,64,64,32,0.024,0.007,0.024,0.000,0.009,0.006
cube_d2_k105,4,18,32,32,16,0.019,0.004,0.015,0.000,0.006,0.003
cube_d2_k105,4,19,16,16,8,0.010,0.002,0.009,0.000,0.004,0.002
cube_d2_k105,4,20,8,8,4,0.006,0.002,0.007,0.000,0.004,0.001
cube_d2_k105,4,21,4,4,2,0.004,0.001,0.005,0.000,0.003,0.001
cube_d2_k105,4,22,2,0,0,0.002,0.001,0.000,,,
cube_d2_k105,4,0,210,6945750,2315250,5.103,5.253,559.011,0.000,231.172,104.743
cube_d2_k105,4,1,2315250,2315250,1048576,448.526,120.729,281.402,0.000,83.206,45.307
cube_d2_k105,4,2,1048576,1048576,524288,208.129,54.786,149.711,0.000,43.436,30.186
cube_d2_k105,4,3,524288,524288,262144,106.884,25.946,84.585,0.000,26.407,18.875
cube_d2_k105,4,4,262144,262144,218098,51.569,10.401,41.349,0.000,9.600,12.079
cube_d2_k105,4,5,218098,218098,131072,41.988,8.599,26.041,0.000,5.883,6.184
cube_d2_k105,4,6,131072,131072,65536,25.099,4.166,13.795,0.000,3.361,2.713
cube_d2_k105,4,7,65536,65536,32768,12.312,2.029,11.375,0.000,6.640,1.355
cube_d2_k105,4,8,32768,32768,16384,5.402,1.063,5.197,0.000,3.317,0.707
cube_d2_k105,4,9,16384,16384,8192,2.908,0.553,2.252,0.000,1.266,0.366
cube_d2_k105,4,10,8192,8192,4096,1.515,0.371,1.048,0.000,0.462,0.182
cube_d2_k105,4,11,4096,4096,2048,0.840,0.214,0.549,0.000,0.247,0.093
cube_d2_k105,4,12,2048,2048,1024,0.485,0.112,0.318,0.000,0.152,0.055
cube_d2_k105,4,13,1024,1024,512,0.257,0.097,0.170,0.000,0.074,0.029
cube_d2_k105,4,14,512,512,256,0.147,0.044,0.122,0.000,0.047,0.030
cube_d2_k105,4,15,256,256,128,0.069,0.019,0.061,0.000,0.026,0.014
cube_d2_k105,4,16,128,128,64,0.048,0.013,0.035,0.000,0.014,0.008
cube_d2_k105,4,17,64,64,32,0.022,0.007,0.023,0.000,0.009,0.006
cube_d2_k105,4,18,32,32,16,0.014,0.004,0.014,0.000,0.006,0.003
cube_d2_k105,4,19,16,16,8,0.008,0.003,0.009,0.000,0.004,0.002
cube_d2_k105,4,20,8,8,4,0.006,0.002,0.006,0.000,0.004,0.001
cube_d2_k105,4,21,4,4,2,0.004,0.001,0.005,0.000,0.003,0.001
cube_d2_k105,4,22,2,0,0,0.002,0.001,0.000,,,
cube_d2_k105,4,0,210,6945750,2315250,2.315,3.871,547.604,0.000,220.064,99.502
cube_d2_k105,4,1,2315250,2315250,1048576,441.755,120.216,284.552,0.000,84.084,45.475
cube_d2_k105,4,2,1048576,1048576,524288,215.319,54.837,151.752,0.000,44.279,30.493
cube_d2_k105,4,3,524288,524288,262144,105.612,26.947,84.529,0.000,26.483,18.571
cube_d2_k105,4,4,262144,262144,218098,51.967,10.688,41.833,0.000,10.010,12.507
cube_d2_k105,4,5,218098,218098,131072,41.916,9.113,25.464,0.000,5.876,6.038
cube_d2_k105,4,6,131072,131072,65536,25.522,4.306,13.796,0.000,3.288,2.702
cube_d2_k105,4,7,65536,65536,32768,12.426,1.814,11.355,0.000,6.695,1.329
cube_d2_k105,4,8,32768,32768,16384,5.573,0.982,5.150,0.000,3.307,0.686
cube_d2_k105,4,9,16384,16384,8192,2.954,0.537,2.302,0.000,1.353,0.370
cube_d2_k105,4,10,8192,8192,4096,1.514,0.375,1.055,0.000,0.453,0.186
cube_d2_k105,4,11,4096,4096,2048,0.839,0.218,0.550,0.000,0.246,0.096
cube_d2_k105,4,12,2048,2048,1024,0.471,0.115,0.285,0.000,0.122,0.054
cube_d2_k105,4,13,1024,1024,512,0.254,0.096,0.172,0.000,0.075,0.031
cube_d2_k105,4,14,512,512,256,0.145,0.045,0.123,0.000,0.047,0.030
cube_d2_k105,4,15,256,256,128,0.068,0.020,0.063,0.000,0.025,0.015
cube_d2_k105,4,16,128,128,64,0.048,0.012,0.038,0.000,0.013,0.012
cube_d2_k105,4,17,64,64,32,0.022,0.007,0.023,0.000,0.009,0.006
cube_d2_k105,4,18,32,32,16,0.020,0.004,0.013,0.000,0.006,0.003
cube_d2_k105,4,19,16,16,8,0.008,0.003,0.010,0.000,0.005,0.002
cube_d2_k105,4,20,8,8,4,0.006,0.002,0.007,0.000,0.004,0.001
cube_d2_k105,4,21,4,4,2,0.003,0.001,0.006,0.000,0.003,0.001
cube_d2_k105,4,22,2,0,0,0.002,0.001,0.000,,,
cube_d2_k105,8,0,210,6945750,2315250,4.101,5.413,341.735,0.000,140.682,63.360
cube_d2_k105,8,1,2315250,2315250,1048576,214.578,45.574,162.735,0.000,47.136,30.812
cube_d2_k105,8,2,1048576,1048576,524288,112.935,28.115,85.660,0.000,23.150,19.455
cube_d2_k105,8,3,524288,524288,262144,63.260,13.340,49.813,0.000,13.733,12.785
cube_d2_k105,8,4,262144,262144,218098,33.288,6.100,32.906,0.000,6.358,7.357
cube_d2_k105,8,5,218098,218098,131072,26.463,5.187,16.688,0.002,3.901,4.414
cube_d2_k105,8,6,131072,131072,65536,14.979,2.792,9.075,0.000,2.369,2.045
cube_d2_k105,8,7,65536,65536,32768,7.126,1.303,9.873,0.000,6.689,1.038
cube_d2_k105,8,8,32768,32768,16384,3.243,0.696,4.711,0.000,3.232,0.533
cube_d2_k105,8,9,16384,16384,8192,2.042,0.402,2.131,0.000,1.360,0.298
cube_d2_k105,8,10,8192,8192,4096,1.114,0.418,1.030,0.000,0.492,0.167
cube_d2_k105,8,11,4096,4096,2048,0.579,0.232,0.544,0.000,0.258,0.087
cube_d2_k105,8,12,2048,2048,1024,0.322,0.128,0.352,0.000,0.157,0.058
cube_d2_k105,8,13,1024,1024,512,0.200,0.091,0.212,0.000,0.086,0.051
cube_d2_k105,8,14,512,512,256,0.143,0.040,0.143,0.000,0.049,0.041
cube_d2_k105,8,15,256,256,128,0.068,0.029,0.099,0.000,0.038,0.027
cube_d2_k105,8,16,128,128,64,0.056,0.015,0.049,0.000,0.018,0.013
cube_d2_k105,8,17,64,64,32,0.024,0.008,0.025,0.000,0.010,0.006
cube_d2_k105,8,18,32,32,16,0.013,0.005,0.018,0.000,0.007,0.004
cube_d2_k105,8,19,16,16,8,0.011,0.004,0.010,0.000,0.005,0.002
cube_d2_k105,8,20,8,8,4,0.007,0.002,0.007,0.000,0.004,0.001
cube_d2_k105,8,21,4,4,2,0.003,0.001,0.006,0.000,0.004,0.001
cube_d2_k105,8,22,2,0,0,0.002,0.001,0.000,,,
cube_d2_k105,8,0,210,6945750,2315250,3.550,3.643,345.008,0.000,139.463,67.605
cube_d2_k105,8,1,2315250,2315250,1048576,240.979,60.065,186.806,0.000,53.660,37.361
cube_d2_k105,8,2,1048576,1048576,524288,120.117,28.242,88.712,0.000,25.476,19.536
cube_d2_k105,8,3,524288,524288,262144,63.811,13.756,47.515,0.000,14.016,11.367
cube_d2_k105,8,4,262144,262144,218098,31.475,6.194,25.962,0.000,6.593,7.670
cube_d2_k105,8,5,218098,218098,131072,25.319,4.981,16.478,0.000,3.744,4.430
cube_d2_k105,8,6,131072,131072,65536,14.876,2.732,8.868,0.000,2.355,1.950
cube_d2_k105,8,7,65536,65536,32768,7.160,1.264,9.534,0.000,6.556,0.982
cube_d2_k105,8,8,32768,32768,16384,3.352,0.810,4.511,0.000,3.122,0.532
cube_d2_k105,8,9,16384,16384,8192,2.129,0.647,2.247,0.000,1.355,0.296
cube_d2_k105,8,10,8192,8192,4096,1.186,0.416,1.049,0.000,0.514,0.160
cube_d2_k105,8,11,4096,4096,2048,0.678,0.220,0.552,0.000,0.245,0.099
cube_d2_k105,8,12,2048,2048,1024,0.339,0.137,0.341,0.000,0.142,0.061
cube_d2_k105,8,13,1024,1024,512,0.248,0.082,0.195,0.000,0.087,0.034
cube_d2_k105,8,14,512,512,256,0.108,0.058,0.152,0.000,0.050,0.040
cube_d2_k105,8,15,256,256,128,0.069,0.031,0.093,0.000,0.042,0.016
cube_d2_k105,8,16,128,128,64,0.063,0.015,0.047,0.000,0.014,0.017
cube_d2_k105,8,17,64,64,32,0.048,0.007,0.045,0.000,0.011,0.009
cube_d2_k105,8,18,32,32,16,0.019,0.005,0.016,0.000,0.007,0.004
cube_d2_k105,8,19,16,16,8,0.008,0.003,0.010,0.000,0.005,0.002
cube_d2_k105,8,20,8,8,4,0.005,0.002,0.007,0.000,0.004,0.001
cube_d2_k105,8,21,4,4,2,0.004,0.001,0.006,0.000,0.004,0.001
cube_d2_k105,8,22,2,0,0,0.002,0.001,0.000,,,
cube_d2_k105,8,0,210,6945750,2315250,1.567,2.433,341.255,0.000,137.144,68.029
cube_d2_k105,8,1,2315250,2315250,1048576,253.941,66.888,174.157,0.000,52.150,31.719
cube_d2_k105,8,2,1048576,1048576,524288,122.261,31.758,90.403,0.000,26.065,19.935
cube_d2_k105,8,3,524288,524288,262144,65.713,14.372,50.105,0.000,15.572,11.919
cube_d2_k105,8,4,262144,262144,218098,31.840,6.427,26.824,0.000,6.393,7.291
cube_d2_k105,8,5,218098,218098,131072,26.194,5.411,17.081,0.000,3.864,4.615
cube_d2_k105,8,6,131072,131072,65536,15.838,3.081,9.214,0.000,2.417,2.002
cube_d2_k105,8,7,65536,65536,32768,7.990,1.486,9.787,0.000,6.686,0.977
cube_d2_k105,8,8,32768,32768,16384,3.548,0.862,4.660,0.000,3.276,0.532
cube_d2_k105,8,9,16384,16384,8192,2.306,0.438,2.076,0.000,1.313,0.280
cube_d2_k105,8,10,8192,8192,4096,1.191,0.430,1.054,0.000,0.517,0.159
cube_d2_k105,8,11,4096,4096,2048,0.678,0.231,0.542,0.000,0.249,0.090
cube_d2_k105,8,12,2048,2048,1024,0.396,0.117,0.332,0.000,0.145,0.056
cube_d2_k105,8,13,1024,1024,512,0.219,0.087,0.199,0.000,0.089,0.043
cube_d2_k105,8,14,512,512,256,0.132,0.043,0.142,0.000,0.053,0.038
cube_d2_k105,8,15,256,256,128,0.070,0.029,0.082,0.000,0.037,0.014
cube_d2_k105,8,16,128,128,64,0.049,0.018,0.050,0.001,0.018,0.012
cube_d2_k105,8,17,64,64,32,0.021,0.008,0.031,0.000,0.010,0.008
cube_d2_k105,8,18,32,32,16,0.019,0.006,0.015,0.000,0.007,0.004
cube_d2_k105,8,19,16,16,8,0.008,0.003,0.010,0.000,0.005,0.003
cube_d2_k105,8,20,8,8,4,0.005,0.002,0.006,0.000,0.004,0.001
cube_d2_k105,8,21,4,4,2,0.004,0.001,0.006,0.000,0.004,0.001
cube_d2_k105,8,22,2,0,0,0.003,0.001,0.000,,,
cube_d2_k105,8,0,210,6945750,2315250,1.561,4.527,319.649,0.000,127.404,66.696
cube_d2_k105,8,1,2315250,2315250,1048576,264.489,66.549,169.279,0.000,46.663,30.762
cube_d2_k105,8,2,1048576,1048576,524288,122.794,31.552,89.060,0.000,24.626,18.914
cube_d2_k105,8,3,524288,524288,262144,67.382,14.038,48.891,0.000,14.986,11.649
cube_d2_k105,8,4,262144,262144,218098,31.233,6.112,24.605,0.000,5.645,7.247
cube_d2_k105,8,5,218098,218098,131072,25.653,5.283,16.482,0.000,3.860,4.447
cube_d2_k105,8,6,131072,131072,65536,15.267,2.663,8.747,0.000,2.301,1.979
cube_d2_k105,8,7,65536,65536,32768,7.247,1.368,9.572,0.000,6.513,1.011
cube_d2_k105,8,8,32768,32768,16384,3.380,0.773,4.592,0.000,3.225,0.517
cube_d2_k105,8,9,16384,16384,8192,2.218,0.406,2.153,0.000,1.385,0.298
cube_d2_k105,8,10,8192,8192,4096,1.182,0.402,1.037,0.000,0.491,0.170
cube_d2_k105,8,11,4096,4096,2048,0.660,0.251,0.523,0.000,0.242,0.083
cube_d2_k105,8,12,2048,2048,1024,0.369,0.125,0.319,0.000,0.138,0.057
cube_d2_k105,8,13,1024,1024,512,0.202,0.087,0.188,0.000,0.086,0.032
cube_d2_k105,8,14,512,512,256,0.109,0.038,0.130,0.000,0.051,0.036
cube_d2_k105,8,15,256,256,128,0.069,0.026,0.075,0.000,0.023,0.014
cube_d2_k105,8,16,128,128,64,0.065,0.014,0.044,0.000,0.015,0.012
cube_d2_k105,8,17,64,64,32,0.043,0.007,0.024,0.000,0.010,0.007
cube_d2_k105,8,18,32,32,16,0.012,0.005,0.015,0.000,0.007,0.004
cube_d2_k105,8,19,16,16,8,0.011,0.003,0.010,0.000,0.005,0.002
cube_d2_k105,8,20,8,8,4,0.007,0.002,0.007,0.000,0.004,0.001
cube_d2_k105,8,21,4,4,2,0.004,0.001,0.005,0.000,0.004,0.001
cube_d2_k105,8,22,2,0,0,0.002,0.001,0.000,,,
cube_d2_k105,8,0,210,6945750,2315250,1.627,2.569,321.338,0.000,126.044,64.471
cube_d2_k105,8,1,2315250,2315250,1048576,281.968,73.541,178.963,0.000,48.413,33.905
cube_d2_k105,8,2,1048576,1048576,524288,130.021,32.099,100.383,0.000,32.991,20.236
cube_d2_k105,8,3,524288,524288,262144,70.034,13.991,60.757,0.000,15.400,11.566
cube_d2_k105,8,4,262144,262144,218098,33.627,6.746,26.748,0.000,6.024,7.643
cube_d2_k105,8,5,218098,218098,131072,28.044,5.551,17.593,0.000,4.007,4.816
cube_d2_k105,8,6,131072,131072,65536,16.241,3.074,9.355,0.000,2.550,2.165
cube_d2_k105,8,7,65536,65536,32768,7.582,1.605,10.581,0.000,7.336,1.066
cube_d2_k105,8,8,32768,32768,16384,3.725,0.895,4.752,0.000,3.266,0.560
cube_d2_k105,8,9,16384,16384,8192,2.294,0.442,2.315,0.000,1.493,0.316
cube_d2_k105,8,10,8192,8192,4096,1.244,0.419,1.056,0.000,0.483,0.176
cube_d2_k105,8,11,4096,4096,2048,0.697,0.233,0.584,0.000,0.281,0.093
cube_d2_k105,8,12,2048,2048,1024,0.418,0.124,0.334,0.000,0.150,0.054
cube_d2_k105,8,13,1024,1024,512,0.216,0.089,0.226,0.000,0.095,0.044
cube_d2_k105,8,14,512,512,256,0.123,0.045,0.142,0.000,0.057,0.032
cube_d2_k105,8,15,256,256,128,0.072,0.026,0.072,0.000,0.029,0.015
cube_d2_k105,8,16,128,128,64,0.068,0.017,0.046,0.000,0.015,0.012
cube_d2_k105,8,17,64,64,32,0.024,0.011,0.034,0.000,0.011,0.011
cube_d2_k105,8,18,32,32,16,0.016,0.006,0.016,0.000,0.007,0.004
cube_d2_k105,8,19,16,16,8,0.010,0.003,0.010,0.000,0.005,0.002
cube_d2_k105,8,20,8,8,4,0.005,0.002,0.007,0.000,0.004,0.001
cube_d2_k105,8,21,4,4,2,0.004,0.001,0.005,0.000,0.003,0.001
cube_d2_k105,8,22,2,0,0,0.002,0.001,0.000,,,
cube_d2_k105,8,0,210,6945750,2315250,4.632,4.497,362.206,0.000,134.307,74.864
cube_d2_k105,8,1,2315250,2315250,1048576,280.453,70.904,176.733,0.000,51.024,32.266
cube_d2_k105,8,2,1048576,1048576,524288,130.972,32.432,97.918,0.000,30.924,20.232
cube_d2_k105,8,3,524288,524288,262144,69.621,14.807,51.071,0.000,15.431,11.954
cube_d2_k105,8,4,262144,262144,218098,32.988,6.419,26.376,0.000,6.112,7.641
cube_d2_k105,8,5,218098,218098,131072,27.853,5.655,17.718,0.000,4.072,4.801
cube_d2_k105,8,6,131072,131072,65536,15.877,3.226,9.359,0.000,2.491,2.171
cube_d2_k105,8,7,65536,65536,32768,7.639,1.600,9.857,0.000,6.601,1.082
cube_d2_k105,8,8,32768,32768,16384,3.883,0.946,4.915,0.000,3.380,0.560
cube_d2_k105,8,9,16384,16384,8192,2.395,0.480,2.250,0.000,1.438,0.314
cube_d2_k105,8,10,8192,8192,4096,1.251,0.421,1.064,0.000,0.495,0.174
cube_d2_k105,8,11,4096,4096,2048,0.743,0.226,0.563,0.000,0.248,0.098
cube_d2_k105,8,12,2048,2048,1024,0.398,0.126,0.341,0.000,0.149,0.058
cube_d2_k105,8,13,1024,1024,512,0.220,0.091,0.230,0.000,0.091,0.050
cube_d2_k105,8,14,512,512,256,0.140,0.048,0.145,0.000,0.054,0.037
cube_d2_k105,8,15,256,256,128,0.080,0.036,0.069,0.001,0.026,0.015
cube_d2_k105,8,16,128,128,64,0.063,0.018,0.056,0.000,0.018,0.017
cube_d2_k105,8,17,64,64,32,0.024,0.009,0.032,0.000,0.010,0.009
cube_d2_k105,8,18,32,32,16,0.017,0.006,0.019,0.000,0.007,0.005
cube_d2_k105,8,19,16,16,8,0.009,0.003,0.010,0.000,0.005,0.002
cube_d2_k105,8,20,8,8,4,0.006,0.002,0.007,0.000,0.004,0.001
cube_d2_k105,8,21,4,4,2,0.004,0.001,0.005,0.000,0.003,0.001
cube_d2_k105,8,22,2,0,0,0.002,0.001,0.000,,,
cube_d2_k105,16,0,210,6945750,2315250,2.668,3.184,183.277,0.000,79.295,30.308
cube_d2_k105,16,1,2315250,2315250,1048576,101.512,24.242,86.958,0.000,27.615,15.228
cube_d2_k105,16,2,1048576,1048576,524288,55.898,15.606,43.210,0.000,11.710,9.125
cube_d2_k105,16,3,524288,524288,262144,30.554,7.517,24.797,0.000,7.539,5.393
cube_d2_k105,16,4,262144,262144,218098,18.274,3.822,13.418,0.000,3.433,3.514
cube_d2_k105,16,5,218098,218098,131072,13.711,3.097,8.943,0.000,2.089,2.133
cube_d2_k105,16,6,131072,131072,65536,7.581,1.574,4.913,0.000,1.334,0.970
cube_d2_k105,16,7,65536,65536,32768,3.732,0.690,8.335,0.000,6.794,0.499
cube_d2_k105,16,8,32768,32768,16384,1.585,0.401,4.037,0.000,3.299,0.280
cube_d2_k105,16,9,16384,16384,8192,1.689,0.252,1.825,0.000,1.383,0.167
cube_d2_k105,16,10,8192,8192,4096,0.897,0.351,0.880,0.000,0.491,0.088
cube_d2_k105,16,11,4096,4096,2048,0.507,0.183,0.500,0.000,0.262,0.054
cube_d2_k105,16,12,2048,2048,1024,0.274,0.136,0.271,0.000,0.130,0.035
cube_d2_k105,16,13,1024,1024,512,0.171,0.061,0.189,0.000,0.080,0.042
cube_d2_k105,16,14,512,512,256,0.084,0.041,0.096,0.000,0.040,0.019
cube_d2_k105,16,15,256,256,128,0.085,0.024,0.067,0.000,0.025,0.015
cube_d2_k105,16,16,128,128,64,0.026,0.017,0.049,0.000,0.016,0.011
cube_d2_k105,16,17,64,64,32,0.018,0.010,0.027,0.000,0.011,0.006
cube_d2_k105,16,18,32,32,16,0.012,0.006,0.017,0.000,0.008,0.004
cube_d2_k105,16,19,16,16,8,0.010,0.004,0.010,0.000,0.005,0.002
cube_d2_k105,16,20,8,8,4,0.007,0.003,0.008,0.000,0.004,0.001
cube_d2_k105,16,21,4,4,2,0.004,0.001,0.006,0.000,0.004,0.001
cube_d2_k105,16,22,2,0,0,0.003,0.001,0.000,,,
cube_d2_k105,16,0,210,6945750,2315250,0.979,2.215,182.250,0.000,74.905,32.810
cube_d2_k105,16,1,2315250,2315250,1048576,123.077,30.592,86.880,0.000,25.675,15.107
cube_d2_k105,16,2,1048576,1048576,524288,63.263,15.531,44.086,0.000,12.442,9.323
cube_d2_k105,16,3,524288,524288,262144,30.906,7.139,26.072,0.000,8.853,5.483
cube_d2_k105,16,4,262144,262144,218098,15.298,8.386,17.479,0.000,3.168,3.393
cube_d2_k105,16,5,218098,218098,131072,12.263,2.903,8.873,0.000,2.188,2.037
cube_d2_k105,16,6,131072,131072,65536,7.922,1.607,5.089,0.000,1.442,0.987
cube_d2_k105,16,7,65536,65536,32768,3.687,0.753,8.140,0.000,6.521,0.498
cube_d2_k105,16,8,32768,32768,16384,1.749,0.416,3.913,0.000,3.140,0.287
cube_d2_k105,16,9,16384,16384,8192,1.703,0.285,1.723,0.000,1.261,0.162
cube_d2_k105,16,10,8192,8192,4096,0.988,0.350,0.917,0.000,0.504,0.097
cube_d2_k105,16,11,4096,4096,2048,0.534,0.169,0.455,0.000,0.238,0.056
cube_d2_k105,16,12,2048,2048,1024,0.268,0.147,0.259,0.000,0.117,0.039
cube_d2_k105,16,13,1024,1024,512,0.192,0.060,0.181,0.000,0.076,0.042
cube_d2_k105,16,14,512,512,256,0.080,0.043,0.099,0.000,0.039,0.018
cube_d2_k105,16,15,256,256,128,0.090,0.028,0.064,0.000,0.024,0.015
cube_d2_k105,16,16,128,128,64,0.027,0.016,0.049,0.000,0.017,0.011
cube_d2_k105,16,17,64,64,32,0.017,0.009,0.034,0.000,0.010,0.010
cube_d2_k105,16,18,32,32,16,0.014,0.005,0.015,0.000,0.006,0.003
cube_d2_k105,16,19,16,16,8,0.010,0.004,0.010,0.000,0.005,0.002
cube_d2_k105,16,20,8,8,4,0.008,0.002,0.007,0.000,0.004,0.001
cube_d2_k105,16,21,4,4,2,0.004,0.001,0.006,0.000,0.004,0.001
cube_d2_k105,16,22,2,0,0,0.003,0.001,0.000,,,
cube_d2_k105,16,0,210,6945750,2315250,1.914,2.037,183.155,0.000,73.728,33.415
cube_d2_k105,16,1,2315250,2315250,1048576,124.749,33.727,86.416,0.000,26.185,14.872
cube_d2_k105,16,2,1048576,1048576,524288,58.086,16.067,46.265,0.000,12.355,9.244
cube_d2_k105,16,3,524288,524288,262144,33.388,7.376,24.592,0.000,7.346,5.520
cube_d2_k105,16,4,262144,262144,218098,15.144,3.988,12.738,0.000,3.160,3.402
cube_d2_k105,16,5,218098,218098,131072,12.523,2.761,8.856,0.000,2.126,2.057
cube_d2_k105,16,6,131072,131072,65536,7.476,1.629,5.153,0.000,1.407,1.044
cube_d2_k105,16,7,65536,65536,32768,4.296,0.885,9.311,0.000,7.673,0.533
cube_d2_k105,16,8,32768,32768,16384,1.930,0.463,3.985,0.000,3.131,0.313
cube_d2_k105,16,9,16384,16384,8192,1.767,0.293,1.881,0.000,1.398,0.175
cube_d2_k105,16,10,8192,8192,4096,1.046,0.332,0.884,0.000,0.469,0.111
cube_d2_k105,16,11,4096,4096,2048,0.561,0.174,0.490,0.000,0.241,0.063
cube_d2_k105,16,12,2048,2048,1024,0.299,0.118,0.281,0.000,0.125,0.048
cube_d2_k105,16,13,1024,1024,512,0.189,0.072,0.172,0.000,0.071,0.036
cube_d2_k105,16,14,512,512,256,0.091,0.044,0.102,0.000,0.036,0.021
cube_d2_k105,16,15,256,256,128,0.062,0.022,0.070,0.000,0.027,0.018
cube_d2_k105,16,16,128,128,64,0.031,0.019,0.055,0.000,0.018,0.016
cube_d2_k105,16,17,64,64,32,0.030,0.011,0.030,0.000,0.010,0.008
cube_d2_k105,16,18,32,32,16,0.013,0.005,0.014,0.000,0.006,0.003
cube_d2_k105,16,19,16,16,8,0.007,0.003,0.010,0.000,0.005,0.002
cube_d2_k105,16,20,8,8,4,0.005,0.002,0.007,0.000,0.004,0.001
cube_d2_k105,16,21,4,4,2,0.004,0.001,0.005,0.000,0.003,0.001
cube_d2_k105,16,22,2,0,0,0.002,0.001,0.000,,,
cube_d2_k105,16,0,210,6945750,2315250,2.491,1.971,177.594,0.000,73.506,33.504
cube_d2_k105,16,1,2315250,2315250,1048576,134.462,35.667,86.438,0.000,24.704,15.283
cube_d2_k105,16,2,1048576,1048576,524288,62.049,16.698,46.524,0.000,13.429,9.727
cube_d2_k105,16,3,524288,524288,262144,34.960,7.525,24.572,0.000,7.534,5.602
cube_d2_k105,16,4,262144,262144,218098,16.727,3.513,13.239,0.000,3.239,3.536
cube_d2_k105,16,5,218098,218098,131072,13.951,2.931,8.907,0.000,2.167,2.134
cube_d2_k105,16,6,131072,131072,65536,7.645,1.616,4.892,0.000,1.327,1.038
cube_d2_k105,16,7,65536,65536,32768,3.806,0.729,8.298,0.000,6.727,0.515
cube_d2_k105,16,8,32768,32768,16384,1.759,0.433,3.994,0.000,3.206,0.286
cube_d2_k105,16,9,16384,16384,8192,1.753,0.265,1.891,0.000,1.424,0.169
cube_d2_k105,16,10,8192,8192,4096,1.043,0.322,0.879,0.000,0.487,0.107
cube_d2_k105,16,11,4096,4096,2048,0.576,0.180,0.466,0.000,0.234,0.058
cube_d2_k105,16,12,2048,2048,1024,0.305,0.133,0.260,0.000,0.120,0.040
cube_d2_k105,16,13,1024,1024,512,0.218,0.057,0.187,0.000,0.083,0.039
cube_d2_k105,16,14,512,512,256,0.080,0.041,0.096,0.000,0.037,0.018
cube_d2_k105,16,15,256,256,128,0.076,0.028,0.067,0.000,0.026,0.015
cube_d2_k105,16,16,128,128,64,0.029,0.018,0.047,0.000,0.015,0.017
cube_d2_k105,16,17,64,64,32,0.017,0.009,0.032,0.000,0.010,0.009
cube_d2_k105,16,18,32,32,16,0.014,0.006,0.015,0.000,0.007,0.004
cube_d2_k105,16,19,16,16,8,0.010,0.004,0.010,0.000,0.005,0.002
cube_d2_k105,16,20,8,8,4,0.006,0.002,0.007,0.000,0.004,0.001
cube_d2_k105,16,21,4,4,2,0.004,0.001,0.005,0.000,0.003,0.001
cube_d2_k105,16,22,2,0,0,0.003,0.001,0.000,,,
cube_d2_k105,16,0,210,6945750,2315250,1.262,2.246,184.394,0.000,72.533,38.175
cube_d2_k105,16,1,2315250,2315250,1048576,139.293,37.634,91.991,0.000,28.444,16.880
cube_d2_k105,16,2,1048576,1048576,524288,73.175,17.338,48.951,0.000,14.524,10.216
cube_d2_k105,16,3,524288,524288,262144,37.469,7.712,25.742,0.000,7.520,5.937
cube_d2_k105,16,4,262144,262144,218098,17.467,3.925,13.365,0.000,3.271,3.779
cube_d2_k105,16,5,218098,218098,131072,13.875,3.126,9.856,0.000,2.373,2.419
cube_d2_k105,16,6,131072,131072,65536,8.169,1.718,5.310,0.000,1.470,1.225
cube_d2_k105,16,7,65536,65536,32768,3.897,0.852,8.550,0.000,6.781,0.583
cube_d2_k105,16,8,32768,32768,16384,1.988,0.497,4.154,0.000,3.260,0.325
cube_d2_k105,16,9,16384,16384,8192,1.879,0.307,2.037,0.000,1.461,0.208
cube_d2_k105,16,10,8192,8192,4096,1.125,0.413,1.013,0.000,0.553,0.117
cube_d2_k105,16,11,4096,4096,2048,0.580,0.197,0.552,0.000,0.285,0.072
cube_d2_k105,16,12,2048,2048,1024,0.370,0.141,0.308,0.000,0.152,0.043
cube_d2_k105,16,13,1024,1024,512,0.187,0.064,0.207,0.000,0.096,0.031
cube_d2_k105,16,14,512,512,256,0.082,0.046,0.107,0.000,0.041,0.023
cube_d2_k105,16,15,256,256,128,0.075,0.030,0.068,0.000,0.028,0.015
cube_d2_k105,16,16,128,128,64,0.044,0.023,0.047,0.000,0.018,0.012
cube_d2_k105,16,17,64,64,32,0.021,0.011,0.031,0.000,0.012,0.008
cube_d2_k105,16,18,32,32,16,0.014,0.007,0.017,0.000,0.008,0.004
cube_d2_k105,16,19,16,16,8,0.010,0.005,0.011,0.000,0.006,0.002
cube_d2_k105,16,20,8,8,4,0.009,0.003,0.008,0.000,0.005,0.001
cube_d2_k105,16,21,4,4,2,0.005,0.001,0.006,0.000,0.004,0.001
cube_d2_k105,16,22,2,0,0,0.003,0.001,0.000,,,
cube_d2_k105,16,0,210,6945750,2315250,1.190,2.077,188.310,0.000,71.725,41.929
cube_d2_k105,16,1,2315250,2315250,1048576,141.818,36.999,91.600,0.000,26.540,18.239
cube_d2_k105,16,2,1048576,1048576,524288,64.013,17.275,48.146,0.000,13.483,10.147
cube_d2_k105,16,3,524288,524288,262144,34.879,8.569,25.668,0.000,7.294,5.929
cube_d2_k105,16,4,262144,262144,218098,16.929,4.105,13.944,0.000,3.378,3.885
cube_d2_k105,16,5,218098,218098,131072,14.307,3.370,9.946,0.000,2.435,2.517
cube_d2_k105,16,6,131072,131072,65536,8.209,1.950,12.748,0.000,1.437,1.901
cube_d2_k105,16,7,65536,65536,32768,7.388,0.853,8.388,0.000,6.564,0.603
cube_d2_k105,16,8,32768,32768,16384,1.970,0.523,4.314,0.000,3.364,0.380
cube_d2_k105,16,9,16384,16384,8192,1.743,0.346,2.059,0.000,1.472,0.229
cube_d2_k105,16,10,8192,8192,4096,1.123,0.367,1.000,0.000,0.534,0.117
cube_d2_k105,16,11,4096,4096,2048,0.577,0.188,0.533,0.000,0.280,0.066
cube_d2_k105,16,12,2048,2048,1024,0.289,0.144,0.299,0.000,0.141,0.045
cube_d2_k105,16,13,1024,1024,512,0.213,0.059,0.200,0.000,0.086,0.041
cube_d2_k105,16,14,512,512,256,0.090,0.040,0.105,0.000,0.040,0.019
cube_d2_k105,16,15,256,256,128,0.071,0.029,0.075,0.000,0.028,0.015
cube_d2_k105,16,16,128,128,64,0.033,0.018,0.045,0.000,0.015,0.010
cube_d2_k105,16,17,64,64,32,0.018,0.010,0.036,0.000,0.010,0.013
cube_d2_k105,16,18,32,32,16,0.014,0.006,0.015,0.000,0.007,0.004
cube_d2_k105,16,19,16,16,8,0.010,0.004,0.009,0.000,0.005,0.002
cube_d2_k105,16,20,8,8,4,0.006,0.002,0.007,0.000,0.004,0.001
cube_d2_k105,16,21,4,4,2,0.004,0.001,0.006,0.000,0.004,0.001
cube_d2_k105,16,22,2,0,0,0.003,0.001,0.000,,,
cube_d2_k105,32,0,210,6945750,2315250,2.252,2.695,122.905,0.000,51.633,21.484
cube_d2_k105,32,1,2315250,2315250,1048576,71.902,19.298,62.265,0.000,18.168,10.021
cube_d2_k105,32,2,1048576,1048576,524288,37.286,10.650,32.078,0.000,8.269,5.376
cube_d2_k105,32,3,524288,524288,262144,20.247,5.186,16.674,0.000,4.751,3.219
cube_d2_k105,32,4,262144,262144,218098,15.449,2.625,9.558,0.000,2.320,2.212
cube_d2_k105,32,5,218098,218098,131072,8.487,2.099,6.594,0.000,1.696,1.345
cube_d2_k105,32,6,131072,131072,65536,5.145,1.133,3.645,0.000,0.965,0.671
cube_d2_k105,32,7,65536,65536,32768,2.582,0.566,8.235,0.000,7.034,0.357
cube_d2_k105,32,8,32768,32768,16384,1.211,0.322,4.028,0.000,3.422,0.196
cube_d2_k105,32,9,16384,16384,8192,1.904,0.206,1.839,0.000,1.424,0.181
cube_d2_k105,32,10,8192,8192,4096,1.035,0.319,0.920,0.000,0.539,0.070
cube_d2_k105,32,11,4096,4096,2048,0.551,0.183,0.527,0.000,0.273,0.080
cube_d2_k105,32,12,2048,2048,1024,0.306,0.094,0.275,0.000,0.148,0.031
cube_d2_k105,32,13,1024,1024,512,0.150,0.052,0.161,0.000,0.083,0.021
cube_d2_k105,32,14,512,512,256,0.095,0.038,0.108,0.000,0.047,0.017
cube_d2_k105,32,15,256,256,128,0.046,0.028,0.067,0.000,0.029,0.013
cube_d2_k105,32,16,128,128,64,0.030,0.018,0.045,0.000,0.019,0.012
cube_d2_k105,32,17,64,64,32,0.021,0.012,0.037,0.000,0.015,0.008
cube_d2_k105,32,18,32,32,16,0.014,0.007,0.023,0.000,0.010,0.005
cube_d2_k105,32,19,16,16,8,0.012,0.004,0.015,0.000,0.008,0.003
cube_d2_k105,32,20,8,8,4,0.008,0.003,0.011,0.000,0.006,0.002
cube_d2_k105,32,21,4,4,2,0.005,0.002,0.009,0.000,0.006,0.001
cube_d2_k105,32,22,2,0,0,0.004,0.002,0.000,,,
cube_d2_k105,32,0,210,6945750,2315250,0.861,1.798,117.123,0.000,46.621,22.540
cube_d2_k105,32,1,2315250,2315250,1048576,78.308,19.424,65.519,0.000,20.298,10.933
cube_d2_k105,32,2,1048576,1048576,524288,39.516,11.163,31.473,0.000,8.433,5.940
cube_d2_k105,32,3,524288,524288,262144,22.713,5.352,17.038,0.000,4.896,3.413
cube_d2_k105,32,4,262144,262144,218098,10.285,2.421,10.228,0.000,2.581,2.336
cube_d2_k105,32,5,218098,218098,131072,8.412,2.116,6.737,0.000,1.689,1.380
cube_d2_k105,32,6,131072,131072,65536,5.280,1.421,3.866,0.000,1.145,0.731
cube_d2_k105,32,7,65536,65536,32768,2.613,0.589,8.200,0.000,6.965,0.380
cube_d2_k105,32,8,32768,32768,16384,1.241,0.340,4.045,0.000,3.449,0.213
cube_d2_k105,32,9,16384,16384,8192,2.062,0.220,1.872,0.000,1.487,0.130
cube_d2_k105,32,10,8192,8192,4096,1.118,0.331,0.897,0.000,0.521,0.077
cube_d2_k105,32,11,4096,4096,2048,0.592,0.178,0.475,0.000,0.259,0.048
cube_d2_k105,32,12,2048,2048,1024,0.339,0.096,0.280,0.000,0.149,0.031
cube_d2_k105,32,13,1024,1024,512,0.164,0.058,0.164,0.000,0.080,0.023
cube_d2_k105,32,14,512,512,256,0.094,0.041,0.108,0.000,0.046,0.018
cube_d2_k105,32,15,256,256,128,0.050,0.029,0.073,0.000,0.030,0.014
cube_d2_k105,32,16,128,128,64,0.033,0.019,0.053,0.000,0.021,0.012
cube_d2_k105,32,17,64,64,32,0.022,0.014,0.039,0.000,0.015,0.009
cube_d2_k105,32,18,32,32,16,0.015,0.007,0.024,0.000,0.010,0.006
cube_d2_k105,32,19,16,16,8,0.012,0.005,0.015,0.000,0.008,0.003
cube_d2_k105,32,20,8,8,4,0.009,0.003,0.011,0.000,0.006,0.002
cube_d2_k105,32,21,4,4,2,0.006,0.002,0.009,0.000,0.006,0.001
cube_d2_k105,32,22,2,0,0,0.004,0.002,0.000,,,
cube_d2_k105,32,0,210,6945750,2315250,1.225,3.869,123.901,0.000,51.103,23.646
cube_d2_k105,32,1,2315250,2315250,1048576,79.852,24.816,64.293,0.000,19.463,10.786
cube_d2_k105,32,2,1048576,1048576,524288,42.197,12.411,31.933,0.000,8.781,6.128
cube_d2_k105,32,3,524288,524288,262144,20.675,5.597,17.597,0.000,4.945,3.506
cube_d2_k105,32,4,262144,262144,218098,10.131,2.435,9.473,0.000,2.439,2.288
cube_d2_k105,32,5,218098,218098,131072,8.197,2.023,6.584,0.000,1.587,1.387
cube_d2_k105,32,6,131072,131072,65536,5.259,1.090,3.891,0.000,1.024,0.761
cube_d2_k105,32,7,65536,65536,32768,2.707,0.569,9.413,0.000,8.172,0.400
cube_d2_k105,32,8,32768,32768,16384,1.299,0.349,4.025,0.000,3.412,0.219
cube_d2_k105,32,9,16384,16384,8192,2.077,0.214,1.828,0.000,1.445,0.144
cube_d2_k105,32,10,8192,8192,4096,1.171,0.323,0.936,0.000,0.556,0.076
cube_d2_k105,32,11,4096,4096,2048,0.612,0.207,0.503,0.000,0.275,0.048
cube_d2_k105,32,12,2048,2048,1024,0.325,0.099,0.314,0.000,0.153,0.055
cube_d2_k105,32,13,1024,1024,512,0.179,0.059,0.171,0.000,0.081,0.025
cube_d2_k105,32,14,512,512,256,0.094,0.042,0.113,0.000,0.046,0.020
cube_d2_k105,32,15,256,256,128,0.050,0.026,0.077,0.000,0.033,0.015
cube_d2_k105,32,16,128,128,64,0.033,0.023,0.053,0.000,0.022,0.011
cube_d2_k105,32,17,64,64,32,0.021,0.013,0.046,0.000,0.015,0.016
cube_d2_k105,32,18,32,32,16,0.016,0.008,0.026,0.000,0.011,0.007
cube_d2_k105,32,19,16,16,8,0.012,0.005,0.016,0.000,0.008,0.003
cube_d2_k105,32,20,8,8,4,0.010,0.003,0.011,0.000,0.006,0.002
cube_d2_k105,32,21,4,4,2,0.006,0.002,0.009,0.000,0.006,0.001
cube_d2_k105,32,22,2,0,0,0.004,0.002,0.000,,,
cube_d2_k105,32,0,210,6945750,2315250,0.939,1.947,118.980,0.000,47.240,22.818
cube_d2_k105,32,1,2315250,2315250,1048576,80.432,29.623,66.316,0.000,18.750,10.413
cube_d2_k105,32,2,1048576,1048576,524288,41.332,11.830,33.226,0.000,8.730,6.078
cube_d2_k105,32,3,524288,524288,262144,21.122,5.343,17.617,0.000,4.985,3.551
cube_d2_k105,32,4,262144,262144,218098,10.177,2.438,9.180,0.000,2.312,2.270
cube_d2_k105,32,5,218098,218098,131072,8.383,2.239,6.339,0.000,1.573,1.413
cube_d2_k105,32,6,131072,131072,65536,5.195,1.309,3.864,0.000,1.011,0.756
cube_d2_k105,32,7,65536,65536,32768,2.599,0.556,7.587,0.000,6.352,0.373
cube_d2_k105,32,8,32768,32768,16384,1.288,0.349,3.682,0.000,3.056,0.215
cube_d2_k105,32,9,16384,16384,8192,1.759,0.245,1.707,0.000,1.322,0.138
cube_d2_k105,32,10,8192,8192,4096,0.975,0.325,0.840,0.000,0.508,0.069
cube_d2_k105,32,11,4096,4096,2048,0.481,0.163,0.446,0.000,0.241,0.054
cube_d2_k105,32,12,2048,2048,1024,0.258,0.087,0.271,0.000,0.126,0.036
cube_d2_k105,32,13,1024,1024,512,0.141,0.061,0.163,0.000,0.068,0.026
cube_d2_k105,32,14,512,512,256,0.080,0.047,0.103,0.000,0.037,0.019
cube_d2_k105,32,15,256,256,128,0.044,0.027,0.076,0.000,0.038,0.014
cube_d2_k105,32,16,128,128,64,0.027,0.018,0.046,0.000,0.015,0.011
cube_d2_k105,32,17,64,64,32,0.019,0.010,0.028,0.000,0.010,0.008
cube_d2_k105,32,18,32,32,16,0.014,0.005,0.016,0.000,0.007,0.004
cube_d2_k105,32,19,16,16,8,0.012,0.003,0.010,0.000,0.005,0.002
cube_d2_k105,32,20,8,8,4,0.007,0.003,0.007,0.000,0.004,0.001
cube_d2_k105,32,21,4,4,2,0.004,0.001,0.005,0.000,0.004,0.001
cube_d2_k105,32,22,2,0,0,0.002,0.001,0.000,,,
cube_d2_k105,32,0,210,6945750,2315250,1.163,1.926,123.335,0.000,48.577,24.380
cube_d2_k105,32,1,2315250,2315250,1048576,89.748,26.649,64.958,0.000,19.683,10.598
cube_d2_k105,32,2,1048576,1048576,524288,42.793,12.205,31.122,0.000,8.611,6.063
cube_d2_k105,32,3,524288,524288,262144,21.239,7.272,16.703,0.000,4.867,3.515
cube_d2_k105,32,4,262144,262144,218098,10.285,2.588,9.681,0.000,2.516,2.306
cube_d2_k105,32,5,218098,218098,131072,8.749,2.040,6.593,0.000,1.561,1.390
cube_d2_k105,32,6,131072,131072,65536,5.193,1.272,3.780,0.000,1.012,0.777
cube_d2_k105,32,7,65536,65536,32768,2.680,0.638,7.823,0.000,6.598,0.371
cube_d2_k105,32,8,32768,32768,16384,1.276,0.354,3.950,0.000,3.338,0.223
cube_d2_k105,32,9,16384,16384,8192,2.066,0.455,1.746,0.000,1.377,0.131
cube_d2_k105,32,10,8192,8192,4096,1.135,0.328,0.888,0.000,0.508,0.076
cube_d2_k105,32,11,4096,4096,2048,0.614,0.187,0.492,0.000,0.261,0.049
cube_d2_k105,32,12,2048,2048,1024,0.317,0.096,0.299,0.000,0.148,0.033
cube_d2_k105,32,13,1024,1024,512,0.166,0.060,0.172,0.000,0.079,0.024
cube_d2_k105,32,14,512,512,256,0.102,0.039,0.102,0.000,0.046,0.017
cube_d2_k105,32,15,256,256,128,0.051,0.030,0.076,0.000,0.031,0.016
cube_d2_k105,32,16,128,128,64,0.033,0.023,0.060,0.000,0.023,0.016
cube_d2_k105,32,17,64,64,32,0.025,0.014,0.038,0.000,0.015,0.009
cube_d2_k105,32,18,32,32,16,0.017,0.007,0.026,0.000,0.011,0.007
cube_d2_k105,32,19,16,16,8,0.013,0.005,0.016,0.000,0.008,0.003
cube_d2_k105,32,20,8,8,4,0.009,0.003,0.011,0.000,0.006,0.002
cube_d2_k105,32,21,4,4,2,0.006,0.002,0.009,0.000,0.006,0.001
cube_d2_k105,32,22,2,0,0,0.004,0.002,0.000,,,
cube_d2_k105,32,0,210,6945750,2315250,1.169,1.933,119.812,0.000,47.501,23.815
cube_d2_k105,32,1,2315250,2315250,1048576,82.370,25.102,62.932,0.000,19.044,10.846
cube_d2_k105,32,2,1048576,1048576,524288,41.362,11.980,31.171,0.000,8.666,6.086
cube_d2_k105,32,3,524288,524288,262144,22.527,6.594,16.870,0.000,4.815,3.515
cube_d2_k105,32,4,262144,262144,218098,10.256,2.739,9.360,0.000,2.375,2.289
cube_d2_k105,32,5,218098,218098,131072,8.542,1.978,6.412,0.000,1.566,1.392
cube_d2_k105,32,6,131072,131072,65536,5.150,1.112,10.034,0.000,0.984,0.752
cube_d2_k105,32,7,65536,65536,32768,2.700,0.615,8.096,0.000,6.818,0.420
cube_d2_k105,32,8,32768,32768,16384,1.320,0.553,4.000,0.000,3.314,0.224
cube_d2_k105,32,9,16384,16384,8192,2.223,0.335,1.801,0.000,1.392,0.142
cube_d2_k105,32,10,8192,8192,4096,1.151,0.344,0.962,0.000,0.546,0.087
cube_d2_k105,32,11,4096,4096,2048,0.607,0.194,0.560,0.000,0.279,0.061
cube_d2_k105,32,12,2048,2048,1024,0.346,0.098,0.308,0.000,0.157,0.036
cube_d2_k105,32,13,1024,1024,512,0.182,0.061,0.200,0.000,0.087,0.040
cube_d2_k105,32,14,512,512,256,0.100,0.040,0.127,0.000,0.061,0.021
cube_d2_k105,32,15,256,256,128,0.058,0.031,0.081,0.000,0.030,0.016
cube_d2_k105,32,16,128,128,64,0.032,0.022,0.069,0.000,0.035,0.014
cube_d2_k105,32,17,64,64,32,0.024,0.013,0.047,0.000,0.016,0.014
cube_d2_k105,32,18,32,32,16,0.020,0.008,0.029,0.000,0.011,0.009
cube_d2_k105,32,19,16,16,8,0.013,0.005,0.016,0.000,0.008,0.004
cube_d2_k105,32,20,8,8,4,0.012,0.003,0.011,0.000,0.007,0.002
cube_d2_k105,32,21,4,4,2,0.006,0.002,0.009,0.000,0.006,0.001
cube_d2_k105,32,22,2,0,0,0.004,0.002,0.000,,,
cube_d2_k105,64,0,210,6945750,2315250,4.858,4.221,88.470,0.000,41.006,15.321
cube_d2_k105,64,1,2315250,2315250,1048576,45.209,12.697,44.640,0.000,13.725,7.458
cube_d2_k105,64,2,1048576,1048576,524288,27.183,8.945,21.523,0.000,5.980,4.070
cube_d2_k105,64,3,524288,524288,262144,14.980,4.319,11.903,0.000,3.404,2.301
cube_d2_k105,64,4,262144,262144,218098,7.431,2.143,7.016,0.000,1.896,1.550
cube_d2_k105,64,5,218098,218098,131072,6.242,1.830,5.339,0.000,1.446,1.082
cube_d2_k105,64,6,131072,131072,65536,3.706,1.116,3.192,0.000,1.015,0.613
cube_d2_k105,64,7,65536,65536,32768,1.843,0.589,8.548,0.000,7.469,0.326
cube_d2_k105,64,8,32768,32768,16384,1.021,0.387,3.947,0.000,3.339,0.196
cube_d2_k105,64,9,16384,16384,8192,2.479,0.248,2.000,0.000,1.618,0.129
cube_d2_k105,64,10,8192,8192,4096,1.186,0.350,0.977,0.000,0.567,0.077
cube_d2_k105,64,11,4096,4096,2048,0.678,0.195,0.622,0.000,0.341,0.095
cube_d2_k105,64,12,2048,2048,1024,0.361,0.102,0.334,0.000,0.180,0.040
cube_d2_k105,64,13,1024,1024,512,0.196,0.065,0.211,0.000,0.096,0.039
cube_d2_k105,64,14,512,512,256,0.122,0.049,0.151,0.000,0.058,0.029
cube_d2_k105,64,15,256,256,128,0.088,0.034,0.117,0.000,0.048,0.030
cube_d2_k105,64,16,128,128,64,0.052,0.028,0.071,0.000,0.026,0.018
cube_d2_k105,64,17,64,64,32,0.035,0.023,0.052,0.000,0.021,0.016
cube_d2_k105,64,18,32,32,16,0.030,0.009,0.029,0.000,0.012,0.008
cube_d2_k105,64,19,16,16,8,0.023,0.006,0.015,0.000,0.008,0.003
cube_d2_k105,64,20,8,8,4,0.013,0.004,0.011,0.000,0.007,0.002
cube_d2_k105,64,21,4,4,2,0.006,0.002,0.009,0.000,0.006,0.001
cube_d2_k105,64,22,2,0,0,0.004,0.001,0.000,,,
cube_d2_k105,64,0,210,6945750,2315250,1.014,1.410,77.903,0.000,33.940,15.709
cube_d2_k105,64,1,2315250,2315250,1048576,56.559,13.473,38.346,0.000,10.925,6.936
cube_d2_k105,64,2,1048576,1048576,524288,27.607,8.708,20.610,0.000,5.882,3.863
cube_d2_k105,64,3,524288,524288,262144,15.448,3.980,11.123,0.000,3.198,2.200
cube_d2_k105,64,4,262144,262144,218098,7.215,2.121,6.566,0.000,1.717,1.521
cube_d2_k105,64,5,218098,218098,131072,6.204,1.761,4.868,0.000,1.293,1.091
cube_d2_k105,64,6,131072,131072,65536,3.738,1.379,3.057,0.000,1.013,0.615
cube_d2_k105,64,7,65536,65536,32768,1.851,0.620,8.225,0.000,7.102,0.326
cube_d2_k105,64,8,32768,32768,16384,0.971,0.380,3.692,0.000,3.101,0.207
cube_d2_k105,64,9,16384,16384,8192,1.994,0.257,2.108,0.000,1.709,0.142
cube_d2_k105,64,10,8192,8192,4096,1.075,0.320,0.967,0.000,0.572,0.075
cube_d2_k105,64,11,4096,4096,2048,0.619,0.172,0.602,0.000,0.305,0.134
cube_d2_k105,64,12,2048,2048,1024,0.297,0.094,0.339,0.000,0.179,0.045
cube_d2_k105,64,13,1024,1024,512,0.184,0.061,0.206,0.000,0.086,0.048
cube_d2_k105,64,14,512,512,256,0.118,0.050,0.131,0.000,0.047,0.028
cube_d2_k105,64,15,256,256,128,0.065,0.033,0.119,0.000,0.049,0.033
cube_d2_k105,64,16,128,128,64,0.060,0.032,0.069,0.000,0.020,0.023
cube_d2_k105,64,17,64,64,32,0.032,0.016,0.041,0.000,0.013,0.013
cube_d2_k105,64,18,32,32,16,0.030,0.008,0.023,0.001,0.009,0.005
cube_d2_k105,64,19,16,16,8,0.025,0.005,0.012,0.000,0.006,0.002
cube_d2_k105,64,20,8,8,4,0.013,0.003,0.008,0.000,0.005,0.001
cube_d2_k105,64,21,4,4,2,0.005,0.001,0.006,0.000,0.004,0.001
cube_d2_k105,64,22,2,0,0,0.003,0.001,0.000,,,
cube_d2_k105,64,0,210,6945750,2315250,0.997,1.494,73.243,0.000,29.625,14.095
cube_d2_k105,64,1,2315250,2315250,1048576,48.891,13.544,47.286,0.000,18.377,7.107
cube_d2_k105,64,2,1048576,1048576,524288,27.959,8.699,23.831,0.000,6.123,5.502
cube_d2_k105,64,3,524288,524288,262144,15.017,4.232,11.351,0.000,3.173,2.261
cube_d2_k105,64,4,262144,262144,218098,7.326,2.021,6.846,0.000,1.818,1.548
cube_d2_k105,64,5,218098,218098,131072,5.964,1.688,4.890,0.000,1.298,1.063
cube_d2_k105,64,6,131072,131072,65536,3.711,1.100,3.296,0.000,1.016,0.598
cube_d2_k105,64,7,65536,65536,32768,1.846,0.604,8.094,0.000,7.033,0.329
cube_d2_k105,64,8,32768,32768,16384,0.983,0.389,3.868,0.000,3.235,0.219
cube_d2_k105,64,9,16384,16384,8192,1.863,0.466,2.213,0.000,1.549,0.390
cube_d2_k105,64,10,8192,8192,4096,1.099,0.321,0.932,0.000,0.549,0.078
cube_d2_k105,64,11,4096,4096,2048,0.553,0.178,0.643,0.000,0.274,0.188
cube_d2_k105,64,12,2048,2048,1024,0.315,0.101,0.347,0.000,0.189,0.044
cube_d2_k105,64,13,1024,1024,512,0.195,0.059,0.210,0.000,0.084,0.052
cube_d2_k105,64,14,512,512,256,0.124,0.049,0.167,0.000,0.054,0.058
cube_d2_k105,64,15,256,256,128,0.088,0.041,0.106,0.000,0.041,0.030
cube_d2_k105,64,16,128,128,64,0.056,0.029,0.064,0.000,0.022,0.019
cube_d2_k105,64,17,64,64,32,0.043,0.015,0.050,0.000,0.013,0.019
cube_d2_k105,64,18,32,32,16,0.029,0.007,0.025,0.001,0.009,0.005
cube_d2_k105,64,19,16,16,8,0.027,0.005,0.012,0.000,0.006,0.003
cube_d2_k105,64,20,8,8,4,0.013,0.003,0.008,0.000,0.005,0.001
cube_d2_k105,64,21,4,4,2,0.005,0.001,0.006,0.000,0.004,0.001
cube_d2_k105,64,22,2,0,0,0.003,0.001,0.000,,,
cube_d2_k105,64,0,210,6945750,2315250,4.363,4.966,77.503,0.000,33.660,14.276
cube_d2_k105,64,1,2315250,2315250,1048576,48.531,13.880,58.971,0.000,17.954,6.791
cube_d2_k105,64,2,1048576,1048576,524288,27.647,10.787,35.110,0.000,5.885,17.496
cube_d2_k105,64,3,524288,524288,262144,14.605,4.101,13.077,0.000,3.480,2.142
cube_d2_k105,64,4,262144,262144,218098,7.155,1.908,6.698,0.000,1.857,1.452
cube_d2_k105,64,5,218098,218098,131072,6.087,1.720,5.125,0.000,1.354,1.022
cube_d2_k105,64,6,131072,131072,65536,3.637,1.077,2.895,0.000,0.942,0.597
cube_d2_k105,64,7,65536,65536,32768,1.887,0.616,8.023,0.000,7.043,0.310
cube_d2_k105,64,8,32768,32768,16384,1.007,0.394,3.814,0.000,3.232,0.202
cube_d2_k105,64,9,16384,16384,8192,2.041,0.267,2.046,0.000,1.646,0.131
cube_d2_k105,64,10,8192,8192,4096,1.091,0.339,1.017,0.000,0.645,0.083
cube_d2_k105,64,11,4096,4096,2048,0.587,0.195,0.572,0.000,0.332,0.058
cube_d2_k105,64,12,2048,2048,1024,0.328,0.114,0.329,0.000,0.177,0.043
cube_d2_k105,64,13,1024,1024,512,0.174,0.068,0.212,0.000,0.084,0.054
cube_d2_k105,64,14,512,512,256,0.117,0.050,0.171,0.000,0.053,0.061
cube_d2_k105,64,15,256,256,128,0.090,0.036,0.108,0.000,0.037,0.026
cube_d2_k105,64,16,128,128,64,0.054,0.033,0.063,0.000,0.021,0.017
cube_d2_k105,64,17,64,64,32,0.035,0.015,0.043,0.001,0.012,0.014
cube_d2_k105,64,18,32,32,16,0.022,0.007,0.018,0.000,0.008,0.005
cube_d2_k105,64,19,16,16,8,0.019,0.005,0.012,0.000,0.006,0.003
cube_d2_k105,64,20,8,8,4,0.015,0.003,0.008,0.000,0.005,0.001
cube_d2_k105,64,21,4,4,2,0.005,0.001,0.006,0.000,0.004,0.001
cube_d2_k105,64,22,2,0,0,0.003,0.001,0.000,,,
cube_d2_k105,64,0,210,6945750,2315250,2.516,2.022,69.941,0.000,27.584,14.215
cube_d2_k105,64,1,2315250,2315250,1048576,47.633,14.708,35.157,0.000,10.405,6.717
cube_d2_k105,64,2,1048576,1048576,524288,26.885,7.860,19.027,0.000,5.751,3.584
cube_d2_k105,64,3,524288,524288,262144,14.641,3.949,10.258,0.000,3.060,2.110
cube_d2_k105,64,4,262144,262144,218098,7.115,1.955,6.134,0.000,1.663,1.458
cube_d2_k105,64,5,218098,218098,131072,6.107,1.737,4.997,0.000,1.321,1.016
cube_d2_k105,64,6,131072,131072,65536,3.591,1.061,2.934,0.000,0.971,0.576
cube_d2_k105,64,7,65536,65536,32768,1.780,0.581,7.966,0.000,6.978,0.317
cube_d2_k105,64,8,32768,32768,16384,0.986,0.370,3.854,0.000,3.262,0.197
cube_d2_k105,64,9,16384,16384,8192,1.987,0.256,1.962,0.000,1.567,0.131
cube_d2_k105,64,10,8192,8192,4096,1.077,0.358,0.964,0.000,0.563,0.080
cube_d2_k105,64,11,4096,4096,2048,0.653,0.176,0.564,0.000,0.298,0.067
cube_d2_k105,64,12,2048,2048,1024,0.336,0.119,0.347,0.000,0.196,0.039
cube_d2_k105,64,13,1024,1024,512,0.173,0.086,0.206,0.000,0.081,0.051
cube_d2_k105,64,14,512,512,256,0.132,0.048,0.165,0.000,0.057,0.051
cube_d2_k105,64,15,256,256,128,0.076,0.035,0.107,0.000,0.040,0.028
cube_d2_k105,64,16,128,128,64,0.048,0.022,0.062,0.000,0.020,0.017
cube_d2_k105,64,17,64,64,32,0.035,0.016,0.041,0.000,0.013,0.011
cube_d2_k105,64,18,32,32,16,0.024,0.007,0.022,0.000,0.009,0.005
cube_d2_k105,64,19,16,16,8,0.019,0.005,0.012,0.000,0.006,0.003
cube_d2_k105,64,20,8,8,4,0.013,0.003,0.008,0.000,0.005,0.001
cube_d2_k105,64,21,4,4,2,0.005,0.002,0.007,0.000,0.004,0.001
cube_d2_k105,64,22,2,0,0,0.003,0.001,0.000,,,
cube_d2_k105,64,0,210,6945750,2315250,0.988,1.624,68.188,0.000,27.274,13.946
cube_d2_k105,64,1,2315250,2315250,1048576,52.533,14.070,37.752,0.000,11.508,7.510
cube_d2_k105,64,2,1048576,1048576,524288,28.652,15.457,19.404,0.000,5.754,3.615
cube_d2_k105,64,3,524288,524288,262144,14.919,3.910,10.341,0.000,3.058,2.105
cube_d2_k105,64,4,262144,262144,218098,7.068,2.071,6.590,0.000,1.682,1.437
cube_d2_k105,64,5,218098,218098,131072,6.023,1.787,4.698,0.000,1.369,1.001
cube_d2_k105,64,6,131072,131072,65536,3.659,1.106,2.978,0.000,1.005,0.575
cube_d2_k105,64,7,65536,65536,32768,1.853,0.604,7.465,0.000,6.461,0.320
cube_d2_k105,64,8,32768,32768,16384,1.002,0.397,3.926,0.000,3.266,0.203
cube_d2_k105,64,9,16384,16384,8192,2.046,0.302,2.050,0.000,1.637,0.132
cube_d2_k105,64,10,8192,8192,4096,1.107,0.354,0.987,0.000,0.586,0.076
cube_d2_k105,64,11,4096,4096,2048,0.607,0.173,0.546,0.001,0.295,0.052
cube_d2_k105,64,12,2048,2048,1024,0.340,0.107,0.350,0.000,0.194,0.042
cube_d2_k105,64,13,1024,1024,512,0.180,0.069,0.218,0.000,0.082,0.059
cube_d2_k105,64,14,512,512,256,0.117,0.046,0.128,0.000,0.046,0.031
cube_d2_k105,64,15,256,256,128,0.086,0.040,0.100,0.000,0.033,0.028
cube_d2_k105,64,16,128,128,64,0.054,0.042,0.129,0.000,0.020,0.086
cube_d2_k105,64,17,64,64,32,0.034,0.014,0.037,0.001,0.013,0.011
cube_d2_k105,64,18,32,32,16,0.020,0.008,0.017,0.000,0.008,0.005
cube_d2_k105,64,19,16,16,8,0.015,0.005,0.013,0.000,0.006,0.003
cube_d2_k105,64,20,8,8,4,0.013,0.003,0.008,0.000,0.005,0.001
cube_d2_k105,64,21,4,4,2,0.005,0.001,0.006,0.000,0.004,0.001
cube_d2_k105,64,22,2,0,0,0.003,0.001,0.000,,,
cube_d2_k105,128,0,210,6945750,2315250,6.741,4.796,71.153,0.000,39.695,10.515
cube_d2_k105,128,1,2315250,2315250,1048576,32.877,9.644,33.783,0.000,11.301,5.220
cube_d2_k105,128,2,1048576,1048576,524288,18.783,7.124,16.377,0.000,4.210,3.282
cube_d2_k105,128,3,524288,524288,262144,10.982,3.201,9.634,0.001,2.414,1.472
cube_d2_k105,128,4,262144,262144,218098,5.867,1.944,5.731,0.000,1.783,1.063
cube_d2_k105,128,5,218098,218098,131072,4.758,1.457,4.215,0.000,1.295,0.794
cube_d2_k105,128,6,131072,131072,65536,2.842,0.962,2.784,0.000,0.983,0.458
cube_d2_k105,128,7,65536,65536,32768,1.515,0.549,8.763,0.000,7.810,0.269
cube_d2_k105,128,8,32768,32768,16384,0.896,0.362,3.952,0.000,3.385,0.175
cube_d2_k105,128,9,16384,16384,8192,2.350,0.263,2.069,0.000,1.690,0.133
cube_d2_k105,128,10,8192,8192,4096,1.417,0.353,1.063,0.000,0.649,0.078
cube_d2_k105,128,11,4096,4096,2048,0.641,0.196,0.696,0.000,0.370,0.125
cube_d2_k105,128,12,2048,2048,1024,0.277,0.117,0.384,0.000,0.205,0.052
cube_d2_k105,128,13,1024,1024,512,0.136,0.077,0.235,0.000,0.092,0.052
cube_d2_k105,128,14,512,512,256,0.117,0.055,0.172,0.000,0.059,0.048
cube_d2_k105,128,15,256,256,128,0.115,0.051,0.158,0.000,0.047,0.050
cube_d2_k105,128,16,128,128,64,0.068,0.035,0.117,0.000,0.037,0.035
cube_d2_k105,128,17,64,64,32,0.048,0.020,0.072,0.000,0.026,0.021
cube_d2_k105,128,18,32,32,16,0.040,0.014,0.036,0.000,0.014,0.012
cube_d2_k105,128,19,16,16,8,0.023,0.006,0.016,0.000,0.008,0.003
cube_d2_k105,128,20,8,8,4,0.016,0.004,0.012,0.000,0.007,0.002
cube_d2_k105,128,21,4,4,2,0.007,0.002,0.009,0.000,0.006,0.001
cube_d2_k105,128,22,2,0,0,0.004,0.001,0.000,,,
cube_d2_k105,128,0,210,6945750,2315250,0.837,1.357,53.023,0.000,24.390,9.696
cube_d2_k105,128,1,2315250,2315250,1048576,36.480,9.851,27.943,0.000,7.791,4.483
cube_d2_k105,128,2,1048576,1048576,524288,20.216,9.086,21.134,0.000,4.012,7.325
cube_d2_k105,128,3,524288,524288,262144,11.606,3.422,8.695,0.000,2.348,1.505
cube_d2_k105,128,4,262144,262144,218098,6.236,2.015,5.618,0.000,1.683,1.125
cube_d2_k105,128,5,218098,218098,131072,5.004,1.678,4.586,0.000,1.811,0.807
cube_d2_k105,128,6,131072,131072,65536,2.953,1.217,2.673,0.000,0.979,0.475
cube_d2_k105,128,7,65536,65536,32768,1.531,0.580,8.758,0.000,7.804,0.281
cube_d2_k105,128,8,32768,32768,16384,0.892,0.384,3.895,0.000,3.351,0.191
cube_d2_k105,128,9,16384,16384,8192,2.591,0.277,2.122,0.000,1.738,0.126
cube_d2_k105,128,10,8192,8192,4096,1.422,0.357,1.069,0.000,0.650,0.082
cube_d2_k105,128,11,4096,4096,2048,0.739,0.195,0.645,0.000,0.376,0.067
cube_d2_k105,128,12,2048,2048,1024,0.358,0.109,0.391,0.000,0.213,0.056
cube_d2_k105,128,13,1024,1024,512,0.135,0.073,0.257,0.000,0.106,0.052
cube_d2_k105,128,14,512,512,256,0.114,0.052,0.182,0.000,0.059,0.042
cube_d2_k105,128,15,256,256,128,0.098,0.044,0.141,0.000,0.039,0.040
cube_d2_k105,128,16,128,128,64,0.064,0.035,0.106,0.000,0.033,0.032
cube_d2_k105,128,17,64,64,32,0.066,0.024,0.077,0.000,0.027,0.026
cube_d2_k105,128,18,32,32,16,0.038,0.014,0.038,0.000,0.014,0.011
cube_d2_k105,128,19,16,16,8,0.021,0.005,0.017,0.000,0.009,0.004
cube_d2_k105,128,20,8,8,4,0.016,0.004,0.013,0.000,0.007,0.002
cube_d2_k105,128,21,4,4,2,0.008,0.002,0.009,0.000,0.006,0.001
cube_d2_k105,128,22,2,0,0,0.004,0.002,0.000,,,
cube_d2_k105,128,0,210,6945750,2315250,0.774,1.312,49.793,0.000,22.422,9.229
cube_d2_k105,128,1,2315250,2315250,1048576,34.987,9.998,27.658,0.000,8.023,4.529
cube_d2_k105,128,2,1048576,1048576,524288,22.029,6.734,14.778,0.000,4.060,2.426
cube_d2_k105,128,3,524288,524288,262144,11.117,3.121,8.277,0.000,2.265,1.497
cube_d2_k105,128,4,262144,262144,218098,5.733,1.732,5.667,0.000,1.796,1.085
cube_d2_k105,128,5,218098,218098,131072,6.962,1.533,3.984,0.000,1.157,0.842
cube_d2_k105,128,6,131072,131072,65536,2.914,0.942,2.583,0.000,0.947,0.446
cube_d2_k105,128,7,65536,65536,32768,1.563,0.544,8.728,0.000,7.784,0.285
cube_d2_k105,128,8,32768,32768,16384,0.906,0.353,4.092,0.000,3.526,0.190
cube_d2_k105,128,9,16384,16384,8192,2.694,0.272,2.039,0.000,1.653,0.137
cube_d2_k105,128,10,8192,8192,4096,1.391,0.352,1.224,0.000,0.679,0.214
cube_d2_k105,128,11,4096,4096,2048,0.721,0.189,0.612,0.000,0.353,0.063
cube_d2_k105,128,12,2048,2048,1024,0.342,0.108,0.404,0.000,0.226,0.055
cube_d2_k105,128,13,1024,1024,512,0.228,0.070,0.252,0.000,0.104,0.058
cube_d2_k105,128,14,512,512,256,0.147,0.058,0.196,0.000,0.060,0.058
cube_d2_k105,128,15,256,256,128,0.118,0.042,0.128,0.000,0.046,0.032
cube_d2_k105,128,16,128,128,64,0.067,0.030,0.100,0.000,0.026,0.037
cube_d2_k105,128,17,64,64,32,0.042,0.021,0.057,0.000,0.019,0.018
cube_d2_k105,128,18,32,32,16,0.028,0.014,0.040,0.000,0.012,0.014
cube_d2_k105,128,19,16,16,8,0.024,0.006,0.019,0.000,0.010,0.005
cube_d2_k105,128,20,8,8,4,0.016,0.003,0.012,0.000,0.007,0.002
cube_d2_k105,128,21,4,4,2,0.007,0.002,0.009,0.000,0.006,0.001
cube_d2_k105,128,22,2,0,0,0.004,0.001,0.000,,,
cube_d2_k105,128,0,210,6945750,2315250,6.818,5.131,102.588,0.000,30.866,9.349
cube_d2_k105,128,1,2315250,2315250,1048576,39.336,10.605,60.558,0.000,20.158,4.523
cube_d2_k105,128,2,1048576,1048576,524288,22.471,6.840,18.409,0.000,4.062,2.418
cube_d2_k105,128,3,524288,524288,262144,11.279,3.283,26.452,0.000,2.472,18.680
cube_d2_k105,128,4,262144,262144,218098,5.927,1.813,6.819,0.000,2.080,1.104
cube_d2_k105,128,5,218098,218098,131072,7.335,1.560,4.151,0.000,1.374,0.809
cube_d2_k105,128,6,131072,131072,65536,3.384,1.209,2.663,0.000,0.961,0.463
cube_d2_k105,128,7,65536,65536,32768,1.611,0.571,8.630,0.000,7.755,0.286
cube_d2_k105,128,8,32768,32768,16384,0.930,0.383,3.939,0.000,3.359,0.185
cube_d2_k105,128,9,16384,16384,8192,2.802,0.272,3.727,0.000,1.774,1.688
cube_d2_k105,128,10,8192,8192,4096,1.426,0.369,1.092,0.000,0.671,0.081
cube_d2_k105,128,11,4096,4096,2048,0.742,0.191,0.645,0.000,0.379,0.072
cube_d2_k105,128,12,2048,2048,1024,0.393,0.114,0.380,0.000,0.202,0.051
cube_d2_k105,128,13,1024,1024,512,0.199,0.070,0.267,0.000,0.113,0.050
cube_d2_k105,128,14,512,512,256,0.129,0.052,0.174,0.000,0.061,0.039
cube_d2_k105,128,15,256,256,128,0.110,0.050,0.144,0.000,0.048,0.043
cube_d2_k105,128,16,128,128,64,0.066,0.033,0.128,0.000,0.037,0.048
cube_d2_k105,128,17,64,64,32,0.046,0.024,0.069,0.000,0.022,0.028
cube_d2_k105,128,18,32,32,16,0.037,0.015,0.049,0.000,0.014,0.022
cube_d2_k105,128,19,16,16,8,0.027,0.006,0.017,0.000,0.008,0.004
cube_d2_k105,128,20,8,8,4,0.017,0.003,0.011,0.000,0.007,0.002
cube_d2_k105,128,21,4,4,2,0.007,0.002,0.009,0.000,0.006,0.001
cube_d2_k105,128,22,2,0,0,0.004,0.002,0.000,,,
cube_d2_k105,128,0,210,6945750,2315250,2.811,2.555,53.931,0.000,21.590,9.370
cube_d2_k105,128,1,2315250,2315250,1048576,35.604,10.191,25.951,0.000,8.058,4.550
cube_d2_k105,128,2,1048576,1048576,524288,21.917,6.846,14.220,0.000,4.152,2.439
cube_d2_k105,128,3,524288,524288,262144,11.303,3.234,8.211,0.000,2.409,1.476
cube_d2_k105,128,4,262144,262144,218098,5.859,1.734,5.226,0.000,1.574,1.110
cube_d2_k105,128,5,218098,218098,131072,4.949,1.575,3.937,0.000,1.252,0.800
cube_d2_k105,128,6,131072,131072,65536,2.913,0.951,2.554,0.000,0.940,0.450
cube_d2_k105,128,7,65536,65536,32768,1.647,0.533,8.623,0.000,7.711,0.280
cube_d2_k105,128,8,32768,32768,16384,0.913,0.362,4.124,0.000,3.579,0.179
cube_d2_k105,128,9,16384,16384,8192,2.838,0.287,2.186,0.000,1.808,0.128
cube_d2_k105,128,10,8192,8192,4096,1.444,0.360,1.108,0.000,0.692,0.082
cube_d2_k105,128,11,4096,4096,2048,0.724,0.197,0.627,0.000,0.361,0.072
cube_d2_k105,128,12,2048,2048,1024,0.202,0.112,0.400,0.000,0.220,0.052
cube_d2_k105,128,13,1024,1024,512,0.203,0.073,0.259,0.000,0.121,0.056
cube_d2_k105,128,14,512,512,256,0.147,0.056,0.180,0.000,0.061,0.050
cube_d2_k105,128,15,256,256,128,0.098,0.045,0.159,0.000,0.045,0.040
cube_d2_k105,128,16,128,128,64,0.071,0.034,0.097,0.000,0.034,0.026
cube_d2_k105,128,17,64,64,32,0.046,0.027,0.065,0.000,0.026,0.019
cube_d2_k105,128,18,32,32,16,0.033,0.018,0.043,0.000,0.016,0.014
cube_d2_k105,128,19,16,16,8,0.026,0.006,0.016,0.000,0.008,0.004
cube_d2_k105,128,20,8,8,4,0.021,0.004,0.012,0.000,0.007,0.002
cube_d2_k105,128,21,4,4,2,0.007,0.002,0.009,0.000,0.006,0.001
cube_d2_k105,128,22,2,0,0,0.004,0.001,0.000,,,
cube_d2_k105,128,0,210,6945750,2315250,0.931,1.449,45.872,0.000,18.424,9.257
cube_d2_k105,128,1,2315250,2315250,1048576,35.773,10.684,26.302,0.000,8.119,4.622
cube_d2_k105,128,2,1048576,1048576,524288,22.417,6.956,14.143,0.000,4.115,2.451
cube_d2_k105,128,3,524288,524288,262144,11.716,3.449,8.131,0.000,2.307,1.507
cube_d2_k105,128,4,262144,262144,218098,5.862,1.872,5.214,0.000,1.545,1.103
cube_d2_k105,128,5,218098,218098,131072,5.017,1.592,3.959,0.000,1.191,0.820
cube_d2_k105,128,6,131072,131072,65536,3.022,1.038,2.647,0.000,0.940,0.478
cube_d2_k105,128,7,65536,65536,32768,1.662,0.567,8.594,0.000,7.738,0.273
cube_d2_k105,128,8,32768,32768,16384,0.882,0.386,4.101,0.000,3.544,0.182
cube_d2_k105,128,9,16384,16384,8192,2.780,0.277,2.164,0.000,1.766,0.133
cube_d2_k105,128,10,8192,8192,4096,1.481,0.357,1.056,0.000,0.643,0.080
cube_d2_k105,128,11,4096,4096,2048,0.712,0.201,0.607,0.000,0.360,0.066
cube_d2_k105,128,12,2048,2048,1024,0.400,0.108,0.377,0.000,0.202,0.051
cube_d2_k105,128,13,1024,1024,512,0.248,0.072,0.266,0.000,0.120,0.049
cube_d2_k105,128,14,512,512,256,0.149,0.053,0.167,0.000,0.056,0.046
cube_d2_k105,128,15,256,256,128,0.109,0.054,0.125,0.000,0.040,0.037
cube_d2_k105,128,16,128,128,64,0.077,0.034,0.087,0.000,0.025,0.025
cube_d2_k105,128,17,64,64,32,0.036,0.016,0.052,0.000,0.022,0.014
cube_d2_k105,128,18,32,32,16,0.029,0.016,0.040,0.000,0.015,0.013
cube_d2_k105,128,19,16,16,8,0.028,0.005,0.016,0.000,0.008,0.004
cube_d2_k105,128,20,8,8,4,0.023,0.003,0.011,0.000,0.007,0.002
cube_d2_k105,128,21,4,4,2,0.007,0.002,0.009,0.000,0.006,0.001
cube_d2_k105,128,22,2,0,0,0.004,0.002,0.000,,,
cube_d2_k105,144,0,210,6945750,2315250,7.509,4.409,79.053,0.000,47.844,11.254
cube_d2_k105,144,1,2315250,2315250,1048576,29.508,9.043,33.055,0.000,11.182,4.883
cube_d2_k105,144,2,1048576,1048576,524288,17.965,7.193,16.075,0.000,3.770,3.426
cube_d2_k105,144,3,524288,524288,262144,10.660,3.093,8.656,0.000,2.329,1.381
cube_d2_k105,144,4,262144,262144,218098,5.489,1.898,5.486,0.000,1.644,1.026
cube_d2_k105,144,5,218098,218098,131072,4.682,1.864,4.153,0.000,1.268,0.758
cube_d2_k105,144,6,131072,131072,65536,2.786,1.050,2.661,0.000,0.940,0.453
cube_d2_k105,144,7,65536,65536,32768,1.502,0.521,8.616,0.000,7.653,0.257
cube_d2_k105,144,8,32768,32768,16384,0.863,0.360,3.949,0.000,3.377,0.179
cube_d2_k105,144,9,16384,16384,8192,1.496,0.524,2.584,0.000,1.746,0.575
cube_d2_k105,144,10,8192,8192,4096,0.570,0.348,1.083,0.000,0.672,0.077
cube_d2_k105,144,11,4096,4096,2048,0.342,0.196,0.705,0.000,0.369,0.136
cube_d2_k105,144,12,2048,2048,1024,0.201,0.115,0.389,0.000,0.205,0.054
cube_d2_k105,144,13,1024,1024,512,0.138,0.069,0.242,0.000,0.099,0.046
cube_d2_k105,144,14,512,512,256,0.128,0.059,0.188,0.000,0.061,0.060
cube_d2_k105,144,15,256,256,128,0.102,0.053,0.176,0.000,0.060,0.045
cube_d2_k105,144,16,128,128,64,0.082,0.042,0.200,0.000,0.040,0.049
cube_d2_k105,144,17,64,64,32,0.057,0.021,0.056,0.000,0.024,0.014
cube_d2_k105,144,18,32,32,16,0.037,0.013,0.039,0.000,0.012,0.015
cube_d2_k105,144,19,16,16,8,0.019,0.006,0.016,0.000,0.008,0.003
cube_d2_k105,144,20,8,8,4,0.013,0.003,0.012,0.000,0.007,0.002
cube_d2_k105,144,21,4,4,2,0.007,0.002,0.009,0.000,0.006,0.001
cube_d2_k105,144,22,2,0,0,0.004,0.001,0.000,,,
cube_d2_k105,144,0,210,6945750,2315250,0.766,1.370,46.745,0.000,18.337,9.275
cube_d2_k105,144,1,2315250,2315250,1048576,32.131,9.278,27.385,0.000,7.714,4.197
cube_d2_k105,144,2,1048576,1048576,524288,19.333,6.696,20.096,0.000,3.664,7.303
cube_d2_k105,144,3,524288,524288,262144,10.970,3.365,10.454,0.000,2.313,1.412
cube_d2_k105,144,4,262144,262144,218098,7.460,1.800,6.462,0.000,1.732,1.052
cube_d2_k105,144,5,218098,218098,131072,4.816,1.622,4.966,0.000,1.129,1.135
cube_d2_k105,144,6,131072,131072,65536,2.801,0.944,2.614,0.000,0.963,0.490
cube_d2_k105,144,7,65536,65536,32768,1.627,0.760,7.731,0.000,6.855,0.263
cube_d2_k105,144,8,32768,32768,16384,0.927,0.355,3.768,0.000,3.225,0.183
cube_d2_k105,144,9,16384,16384,8192,2.759,0.250,2.181,0.000,1.681,0.265
cube_d2_k105,144,10,8192,8192,4096,1.391,0.354,1.065,0.000,0.649,0.083
cube_d2_k105,144,11,4096,4096,2048,0.670,0.192,0.879,0.000,0.358,0.327
cube_d2_k105,144,12,2048,2048,1024,0.316,0.111,0.370,0.000,0.196,0.049
cube_d2_k105,144,13,1024,1024,512,0.202,0.070,0.245,0.000,0.104,0.051
cube_d2_k105,144,14,512,512,256,0.142,0.054,0.167,0.000,0.058,0.047
cube_d2_k105,144,15,256,256,128,0.105,0.039,0.145,0.000,0.046,0.032
cube_d2_k105,144,16,128,128,64,0.055,0.033,0.098,0.000,0.029,0.030
cube_d2_k105,144,17,64,64,32,0.034,0.020,0.073,0.000,0.024,0.023
cube_d2_k105,144,18,32,32,16,0.029,0.014,0.032,0.000,0.013,0.007
cube_d2_k105,144,19,16,16,8,0.023,0.006,0.017,0.000,0.009,0.004
cube_d2_k105,144,20,8,8,4,0.014,0.004,0.012,0.000,0.007,0.002
cube_d2_k105,144,21,4,4,2,0.007,0.002,0.009,0.000,0.006,0.001
cube_d2_k105,144,22,2,0,0,0.004,0.001,0.000,,,
cube_d2_k105,144,0,210,6945750,2315250,0.808,1.347,51.487,0.000,22.348,9.420
cube_d2_k105,144,1,2315250,2315250,1048576,31.536,9.389,26.701,0.000,7.858,4.174
cube_d2_k105,144,2,1048576,1048576,524288,20.184,6.684,14.134,0.000,3.762,2.268
cube_d2_k105,144,3,524288,524288,262144,10.728,3.004,8.125,0.000,2.185,1.411
cube_d2_k105,144,4,262144,262144,218098,5.556,1.711,5.402,0.000,1.700,1.048
cube_d2_k105,144,5,218098,218098,131072,4.802,1.745,3.941,0.000,1.142,0.800
cube_d2_k105,144,6,131072,131072,65536,2.714,0.896,2.617,0.000,0.930,0.469
cube_d2_k105,144,7,65536,65536,32768,1.538,0.510,7.726,0.000,6.868,0.272
cube_d2_k105,144,8,32768,32768,16384,0.871,0.359,3.815,0.000,3.254,0.197
cube_d2_k105,144,9,16384,16384,8192,2.396,0.254,2.029,0.000,1.646,0.134
cube_d2_k105,144,10,8192,8192,4096,1.287,0.351,1.052,0.000,0.640,0.079
cube_d2_k105,144,11,4096,4096,2048,0.686,0.195,0.621,0.000,0.363,0.062
cube_d2_k105,144,12,2048,2048,1024,0.394,0.111,0.373,0.000,0.197,0.045
cube_d2_k105,144,13,1024,1024,512,0.209,0.075,0.244,0.000,0.097,0.043
cube_d2_k105,144,14,512,512,256,0.152,0.056,0.181,0.000,0.057,0.049
cube_d2_k105,144,15,256,256,128,0.082,0.037,0.126,0.000,0.047,0.034
cube_d2_k105,144,16,128,128,64,0.069,0.029,0.098,0.000,0.034,0.038
cube_d2_k105,144,17,64,64,32,0.058,0.022,0.076,0.000,0.031,0.023
cube_d2_k105,144,18,32,32,16,0.028,0.009,0.035,0.000,0.014,0.008
cube_d2_k105,144,19,16,16,8,0.021,0.006,0.018,0.000,0.010,0.004
cube_d2_k105,144,20,8,8,4,0.013,0.004,0.013,0.000,0.008,0.002
cube_d2_k105,144,21,4,4,2,0.007,0.002,0.011,0.000,0.007,0.001
cube_d2_k105,144,22,2,0,0,0.004,0.001,0.000,,,
cube_d2_k105,144,0,210,6945750,2315250,5.768,6.400,104.645,0.000,37.577,8.588
cube_d2_k105,144,1,2315250,2315250,1048576,38.346,9.934,59.604,0.000,16.046,4.381
cube_d2_k105,144,2,1048576,1048576,524288,21.693,6.703,20.872,0.000,3.684,2.313
cube_d2_k105,144,3,524288,524288,262144,10.789,3.101,8.084,0.000,2.401,1.420
cube_d2_k105,144,4,262144,262144,218098,5.878,1.775,5.557,0.000,1.944,1.027
cube_d2_k105,144,5,218098,218098,131072,4.689,1.519,3.838,0.000,1.150,0.782
cube_d2_k105,144,6,131072,131072,65536,2.906,1.117,3.266,0.000,0.929,0.470
cube_d2_k105,144,7,65536,65536,32768,19.950,0.653,10.598,0.000,8.793,0.285
cube_d2_k105,144,8,32768,32768,16384,1.135,0.392,4.324,0.000,3.726,0.177
cube_d2_k105,144,9,16384,16384,8192,2.639,0.270,2.245,0.000,1.699,0.268
cube_d2_k105,144,10,8192,8192,4096,1.364,0.352,1.088,0.000,0.668,0.087
cube_d2_k105,144,11,4096,4096,2048,0.733,0.193,0.757,0.000,0.389,0.178
cube_d2_k105,144,12,2048,2048,1024,0.405,0.105,0.635,0.000,0.228,0.277
cube_d2_k105,144,13,1024,1024,512,0.246,0.065,0.256,0.000,0.112,0.052
cube_d2_k105,144,14,512,512,256,0.135,0.049,0.150,0.000,0.057,0.035
cube_d2_k105,144,15,256,256,128,0.092,0.042,0.137,0.000,0.047,0.027
cube_d2_k105,144,16,128,128,64,0.057,0.031,0.097,0.000,0.040,0.026
cube_d2_k105,144,17,64,64,32,0.050,0.018,0.075,0.000,0.025,0.029
cube_d2_k105,144,18,32,32,16,0.039,0.009,0.036,0.000,0.014,0.009
cube_d2_k105,144,19,16,16,8,0.024,0.005,0.017,0.000,0.009,0.004
cube_d2_k105,144,20,8,8,4,0.016,0.004,0.012,0.000,0.007,0.002
cube_d2_k105,144,21,4,4,2,0.007,0.002,0.010,0.000,0.006,0.001
cube_d2_k105,144,22,2,0,0,0.004,0.001,0.000,,,
cube_d2_k105,144,0,210,6945750,2315250,2.949,1.786,52.127,0.000,22.385,8.765
cube_d2_k105,144,1,2315250,2315250,1048576,32.887,10.297,26.963,0.000,8.012,4.233
cube_d2_k105,144,2,1048576,1048576,524288,21.157,6.770,13.567,0.000,3.805,2.325
cube_d2_k105,144,3,524288,524288,262144,11.044,3.062,8.036,0.000,2.440,1.441
cube_d2_k105,144,4,262144,262144,218098,5.576,1.745,5.204,0.000,1.559,1.089
cube_d2_k105,144,5,218098,218098,131072,4.799,1.657,3.885,0.000,1.172,0.793
cube_d2_k105,144,6,131072,131072,65536,2.906,0.942,2.565,0.000,0.949,0.468
cube_d2_k105,144,7,65536,65536,32768,1.646,0.586,8.410,0.000,7.543,0.282
cube_d2_k105,144,8,32768,32768,16384,0.913,0.356,3.970,0.000,3.421,0.177
cube_d2_k105,144,9,16384,16384,8192,2.614,0.273,2.710,0.000,1.627,0.831
cube_d2_k105,144,10,8192,8192,4096,1.428,0.350,1.079,0.000,0.669,0.088
cube_d2_k105,144,11,4096,4096,2048,0.729,0.190,0.618,0.000,0.359,0.066
cube_d2_k105,144,12,2048,2048,1024,0.394,0.110,0.357,0.000,0.184,0.048
cube_d2_k105,144,13,1024,1024,512,0.196,0.074,0.246,0.000,0.117,0.045
cube_d2_k105,144,14,512,512,256,0.144,0.050,0.164,0.000,0.055,0.048
cube_d2_k105,144,15,256,256,128,0.107,0.039,0.141,0.000,0.042,0.045
cube_d2_k105,144,16,128,128,64,0.084,0.030,0.117,0.000,0.033,0.040
cube_d2_k105,144,17,64,64,32,0.060,0.017,0.051,0.000,0.018,0.015
cube_d2_k105,144,18,32,32,16,0.038,0.018,0.044,0.000,0.013,0.015
cube_d2_k105,144,19,16,16,8,0.030,0.005,0.017,0.000,0.008,0.004
cube_d2_k105,144,20,8,8,4,0.018,0.003,0.012,0.000,0.007,0.002
cube_d2_k105,144,21,4,4,2,0.007,0.002,0.009,0.000,0.006,0.001
cube_d2_k105,144,22,2,0,0,0.004,0.002,0.000,,,
cube_d2_k105,144,0,210,6945750,2315250,0.896,1.341,44.621,0.000,18.745,8.735
cube_d2_k105,144,1,2315250,2315250,1048576,34.639,10.203,25.592,0.000,7.990,4.249
cube_d2_k105,144,2,1048576,1048576,524288,21.633,6.865,13.559,0.000,3.751,2.341
cube_d2_k105,144,3,524288,524288,262144,11.113,4.088,7.887,0.000,2.289,1.445
cube_d2_k105,144,4,262144,262144,218098,5.777,1.781,5.044,0.000,1.526,1.020
cube_d2_k105,144,5,218098,218098,131072,4.750,1.771,3.879,0.000,1.208,0.821
cube_d2_k105,144,6,131072,131072,65536,2.940,1.018,2.540,0.000,0.965,0.454
cube_d2_k105,144,7,65536,65536,32768,1.581,0.548,7.728,0.000,6.822,0.289
cube_d2_k105,144,8,32768,32768,16384,0.928,0.385,3.992,0.000,3.440,0.184
cube_d2_k105,144,9,16384,16384,8192,2.667,0.250,2.733,0.000,1.678,0.775
cube_d2_k105,144,10,8192,8192,4096,1.396,0.361,1.075,0.000,0.661,0.083
cube_d2_k105,144,11,4096,4096,2048,0.737,0.192,0.653,0.000,0.379,0.058
cube_d2_k105,144,12,2048,2048,1024,0.399,0.116,0.373,0.000,0.196,0.055
cube_d2_k105,144,13,1024,1024,512,0.217,0.072,0.227,0.000,0.101,0.042
cube_d2_k105,144,14,512,512,256,0.132,0.060,0.180,0.000,0.057,0.038
cube_d2_k105,144,15,256,256,128,0.104,0.048,0.144,0.000,0.043,0.038
cube_d2_k105,144,16,128,128,64,0.060,0.027,0.131,0.000,0.032,0.026
cube_d2_k105,144,17,64,64,32,0.062,0.035,0.076,0.000,0.025,0.025
cube_d2_k105,144,18,32,32,16,0.038,0.016,0.050,0.000,0.016,0.021
cube_d2_k105,144,19,16,16,8,0.031,0.006,0.018,0.000,0.010,0.004
cube_d2_k105,144,20,8,8,4,0.019,0.004,0.014,0.000,0.008,0.002
cube_d2_k105,144,21,4,4,2,0.007,0.002,0.011,0.000,0.007,0.001
cube_d2_k105,144,22,2,0,0,0.004,0.002,0.000,,,
cube_d2_k155,1,0,310,22343250,7447750,66.122,85.823,7519.812,0.000,3520.899,1264.042
cube_d2_k155,1,1,7447750,7447750,3253446,5502.103,1234.327,4350.342,0.000,1307.723,601.636
cube_d2_k155,1,2,3253446,3253446,2097152,2512.473,585.165,1820.088,0.000,477.416,356.802
cube_d2_k155,1,3,2097152,2097152,1048576,1623.601,353.100,1008.918,0.001,265.937,178.662
cube_d2_k155,1,4,1048576,1048576,524288,820.544,167.066,523.764,0.000,124.915,100.518
cube_d2_k155,1,5,524288,524288,262144,410.467,79.276,271.868,0.000,62.209,51.565
cube_d2_k155,1,6,262144,262144,131072,199.996,33.880,122.535,0.002,29.802,24.286
cube_d2_k155,1,7,131072,131072,65536,97.909,12.899,56.144,0.000,14.358,9.066
cube_d2_k155,1,8,65536,65536,32768,47.039,6.075,25.867,0.001,8.872,4.313
cube_d2_k155,1,9,32768,32768,16384,19.173,3.035,11.550,0.000,4.355,2.208
cube_d2_k155,1,10,16384,16384,8192,9.092,1.523,5.414,0.000,1.978,1.125
cube_d2_k155,1,11,8192,8192,4096,4.481,0.733,2.572,0.000,0.752,0.708
cube_d2_k155,1,12,4096,4096,2048,2.234,0.345,1.132,0.000,0.354,0.279
cube_d2_k155,1,13,2048,2048,1024,1.127,0.165,0.574,0.000,0.171,0.130
cube_d2_k155,1,14,1024,1024,512,0.578,0.073,0.294,0.000,0.082,0.062
cube_d2_k155,1,15,512,512,256,0.283,0.032,0.133,0.000,0.041,0.030
cube_d2_k155,1,16,256,256,128,0.143,0.017,0.064,0.000,0.022,0.015
cube_d2_k155,1,17,128,128,64,0.071,0.009,0.033,0.000,0.013,0.008
cube_d2_k155,1,18,64,64,32,0.034,0.005,0.019,0.000,0.008,0.005
cube_d2_k155,1,19,32,32,16,0.017,0.003,0.012,0.000,0.005,0.003
cube_d2_k155,1,20,16,16,8,0.010,0.002,0.008,0.000,0.004,0.002
cube_d2_k155,1,21,8,8,4,0.005,0.002,0.006,0.000,0.003,0.001
cube_d2_k155,1,22,4,4,2,0.003,0.001,0.005,0.000,0.003,0.001
cube_d2_k155,1,23,2,0,0,0.002,0.001,0.000,,,
cube_d2_k155,1,0,310,22343250,7447750,28.148,51.591,7459.459,0.000,3457.925,1271.436
cube_d2_k155,1,1,7447750,7447750,3253446,6683.616,1645.493,4654.909,0.000,1568.263,587.960
cube_d2_k155,1,2,3253446,3253446,2097152,2985.065,748.088,2106.066,0.000,568.075,514.943
cube_d2_k155,1,3,2097152,2097152,1048576,1924.841,490.507,998.800,0.000,266.001,170.035
cube_d2_k155,1,4,1048576,1048576,524288,964.467,239.954,518.122,0.000,127.017,95.476
cube_d2_k155,1,5,524288,524288,262144,506.543,101.600,268.882,0.000,62.363,50.455
cube_d2_k155,1,6,262144,262144,131072,229.962,41.260,121.007,0.001,30.009,22.641
cube_d2_k155,1,7,131072,131072,65536,109.025,15.613,56.388,0.000,14.320,9.020
cube_d2_k155,1,8,65536,65536,32768,49.816,7.319,26.194,0.000,8.921,4.326
cube_d2_k155,1,9,32768,32768,16384,20.078,3.624,11.690,0.000,4.379,2.175
cube_d2_k155,1,10,16384,16384,8192,9.576,1.734,5.469,0.000,1.865,1.113
cube_d2_k155,1,11,8192,8192,4096,4.724,0.841,2.560,0.000,0.910,0.562
cube_d2_k155,1,12,4096,4096,2048,2.352,0.397,1.145,0.000,0.351,0.279
cube_d2_k155,1,13,2048,2048,1024,1.157,0.186,0.567,0.000,0.170,0.133
cube_d2_k155,1,14,1024,1024,512,0.576,0.074,0.293,0.000,0.084,0.064
cube_d2_k155,1,15,512,512,256,0.292,0.034,0.135,0.000,0.042,0.030
cube_d2_k155,1,16,256,256,128,0.142,0.017,0.064,0.000,0.022,0.015
cube_d2_k155,1,17,128,128,64,0.069,0.009,0.033,0.000,0.013,0.008
cube_d2_k155,1,18,64,64,32,0.034,0.005,0.018,0.000,0.008,0.004
cube_d2_k155,1,19,32,32,16,0.018,0.003,0.012,0.000,0.005,0.003
cube_d2_k155,1,20,16,16,8,0.009,0.002,0.008,0.000,0.004,0.002
cube_d2_k155,1,21,8,8,4,0.005,0.002,0.006,0.000,0.003,0.001
cube_d2_k155,1,22,4,4,2,0.003,0.001,0.005,0.000,0.003,0.001
cube_d2_k155,1,23,2,0,0,0.002,0.001,0.000,,,
cube_d2_k155,1,0,310,22343250,7447750,28.038,51.577,7455.999,0.000,3450.765,1292.622
cube_d2_k155,1,1,7447750,7447750,3253446,6715.517,1659.760,4619.558,0.000,1549.296,583.799
cube_d2_k155,1,2,3253446,3253446,2097152,2980.046,746.377,2119.039,0.000,579.816,515.020
cube_d2_k155,1,3,2097152,2097152,1048576,1919.633,476.721,1021.529,0.000,264.157,171.829
cube_d2_k155,1,4,1048576,1048576,524288,965.081,237.344,519.067,0.000,125.417,95.434
cube_d2_k155,1,5,524288,524288,262144,485.822,103.430,268.570,0.000,62.591,48.561
cube_d2_k155,1,6,262144,262144,131072,248.576,41.389,120.781,0.002,29.975,22.569
cube_d2_k155,1,7,131072,131072,65536,107.219,15.676,56.414,0.000,14.401,8.998
cube_d2_k155,1,8,65536,65536,32768,49.728,7.206,26.383,0.000,8.958,4.328
cube_d2_k155,1,9,32768,32768,16384,20.180,5.157,11.712,0.000,4.388,2.198
cube_d2_k155,1,10,16384,16384,8192,9.382,1.733,5.486,0.000,1.931,1.111
cube_d2_k155,1,11,8192,8192,4096,4.731,0.843,2.552,0.000,0.858,0.650
cube_d2_k155,1,12,4096,4096,2048,2.318,0.395,1.123,0.000,0.343,0.280
cube_d2_k155,1,13,2048,2048,1024,1.161,0.200,0.586,0.000,0.178,0.138
cube_d2_k155,1,14,1024,1024,512,0.591,0.074,0.283,0.000,0.083,0.062
cube_d2_k155,1,15,512,512,256,0.286,0.033,0.134,0.000,0.041,0.030
cube_d2_k155,1,16,256,256,128,0.145,0.017,0.064,0.000,0.022,0.015
cube_d2_k155,1,17,128,128,64,0.071,0.009,0.034,0.000,0.013,0.009
cube_d2_k155,1,18,64,64,32,0.034,0.005,0.019,0.000,0.008,0.005
cube_d2_k155,1,19,32,32,16,0.018,0.003,0.012,0.000,0.005,0.003
cube_d2_k155,1,20,16,16,8,0.010,0.002,0.009,0.000,0.004,0.002
cube_d2_k155,1,21,8,8,4,0.005,0.002,0.006,0.000,0.003,0.001
cube_d2_k155,1,22,4,4,2,0.003,0.001,0.005,0.000,0.003,0.001
cube_d2_k155,1,23,2,0,0,0.002,0.001,0.000,,,
cube_d2_k155,1,0,310,22343250,7447750,28.149,51.666,7449.888,0.000,3462.834,1266.261
cube_d2_k155,1,1,7447750,7447750,3253446,6730.306,1649.729,4654.062,0.000,1561.848,597.050
cube_d2_k155,1,2,3253446,3253446,2097152,2995.823,745.587,2050.526,0.000,565.100,462.968
cube_d2_k155,1,3,2097152,2097152,1048576,1923.222,477.677,1014.054,0.000,272.345,178.393
cube_d2_k155,1,4,1048576,1048576,524288,973.782,238.454,515.360,0.000,127.229,92.505
cube_d2_k155,1,5,524288,524288,262144,488.011,101.271,269.586,0.000,62.370,51.040
cube_d2_k155,1,6,262144,262144,131072,244.346,41.641,120.715,0.000,29.979,22.471
cube_d2_k155,1,7,131072,131072,65536,109.431,15.560,56.371,0.000,14.360,9.021
cube_d2_k155,1,8,65536,65536,32768,49.780,7.211,26.203,0.000,8.949,4.315
cube_d2_k155,1,9,32768,32768,16384,20.047,3.499,11.693,0.000,4.376,2.191
cube_d2_k155,1,10,16384,16384,8192,9.484,1.718,5.570,0.000,1.989,1.105
cube_d2_k155,1,11,8192,8192,4096,4.670,0.842,2.556,0.000,0.871,0.639
cube_d2_k155,1,12,4096,4096,2048,2.320,0.397,1.142,0.000,0.344,0.296
cube_d2_k155,1,13,2048,2048,1024,1.172,0.186,0.571,0.000,0.171,0.137
cube_d2_k155,1,14,1024,1024,512,0.575,0.074,0.285,0.000,0.086,0.062
cube_d2_k155,1,15,512,512,256,0.285,0.033,0.134,0.000,0.041,0.030
cube_d2_k155,1,16,256,256,128,0.143,0.017,0.064,0.000,0.022,0.015
cube_d2_k155,1,17,128,128,64,0.070,0.009,0.041,0.000,0.013,0.008
cube_d2_k155,1,18,64,64,32,0.037,0.005,0.019,0.000,0.008,0.005
cube_d2_k155,1,19,32,32,16,0.017,0.003,0.012,0.000,0.005,0.003
cube_d2_k155,1,20,16,16,8,0.010,0.002,0.008,0.000,0.004,0.002
cube_d2_k155,1,21,8,8,4,0.005,0.002,0.006,0.000,0.003,0.001
cube_d2_k155,1,22,4,4,2,0.003,0.001,0.005,0.000,0.003,0.001
cube_d2_k155,1,23,2,0,0,0.002,0.001,0.000,,,
cube_d2_k155,1,0,310,22343250,7447750,28.210,51.520,7405.677,0.000,3459.990,1248.604
cube_d2_k155,1,1,7447750,7447750,3253446,6703.309,1616.409,4650.891,0.000,1533.973,618.299
cube_d2_k155,1,2,3253446,3253446,2097152,2966.230,725.842,2067.805,0.000,561.642,485.222
cube_d2_k155,1,3,2097152,2097152,1048576,1916.775,464.001,1021.350,0.000,282.220,176.442
cube_d2_k155,1,4,1048576,1048576,524288,964.402,230.906,516.805,0.000,125.693,93.853
cube_d2_k155,1,5,524288,524288,262144,486.061,100.082,268.661,0.000,62.152,48.579
cube_d2_k155,1,6,262144,262144,131072,230.397,41.149,122.539,0.000,30.068,22.597
cube_d2_k155,1,7,131072,131072,65536,135.554,18.813,57.045,0.001,14.404,9.259
cube_d2_k155,1,8,65536,65536,32768,49.531,7.257,26.209,0.000,8.920,4.322
cube_d2_k155,1,9,32768,32768,16384,20.019,3.508,11.690,0.000,4.383,2.189
cube_d2_k155,1,10,16384,16384,8192,9.412,1.724,5.473,0.000,1.887,1.122
cube_d2_k155,1,11,8192,8192,4096,4.673,0.834,2.556,0.000,0.886,0.589
cube_d2_k155,1,12,4096,4096,2048,2.346,0.393,1.151,0.000,0.351,0.298
cube_d2_k155,1,13,2048,2048,1024,1.170,0.185,0.570,0.000,0.172,0.134
cube_d2_k155,1,14,1024,1024,512,0.567,0.073,0.286,0.000,0.087,0.063
cube_d2_k155,1,15,512,512,256,0.286,0.033,0.134,0.000,0.041,0.030
cube_d2_k155,1,16,256,256,128,0.142,0.017,0.073,0.000,0.022,0.024
cube_d2_k155,1,17,128,128,64,0.071,0.009,0.034,0.000,0.013,0.008
cube_d2_k155,1,18,64,64,32,0.035,0.005,0.019,0.000,0.008,0.004
cube_d2_k155,1,19,32,32,16,0.018,0.003,0.012,0.000,0.005,0.003
cube_d2_k155,1,20,16,16,8,0.009,0.002,0.008,0.000,0.004,0.002
cube_d2_k155,1,21,8,8,4,0.005,0.002,0.006,0.000,0.003,0.001
cube_d2_k155,1,22,4,4,2,0.003,0.001,0.005,0.000,0.003,0.001
cube_d2_k155,1,23,2,0,0,0.002,0.001,0.000,,,
cube_d2_k155,1,0,310,22343250,7447750,28.071,51.697,7438.216,0.000,3455.693,1288.344
cube_d2_k155,1,1,7447750,7447750,3253446,6747.349,1635.167,4653.166,0.000,1546.321,609.929
cube_d2_k155,1,2,3253446,3253446,2097152,2994.241,749.056,2060.885,0.000,561.644,477.412
cube_d2_k155,1,3,2097152,2097152,1048576,1953.712,479.421,1002.763,0.000,266.316,173.344
cube_d2_k155,1,4,1048576,1048576,524288,993.667,239.210,516.796,0.000,127.255,93.689
cube_d2_k155,1,5,524288,524288,262144,487.267,102.056,269.554,0.000,64.180,49.173
cube_d2_k155,1,6,262144,262144,131072,231.314,41.387,120.728,0.001,30.099,22.450
cube_d2_k155,1,7,131072,131072,65536,108.929,15.791,56.487,0.002,14.449,8.997
cube_d2_k155,1,8,65536,65536,32768,49.709,7.391,26.232,0.000,8.894,4.324
cube_d2_k155,1,9,32768,32768,16384,20.197,3.513,11.728,0.000,4.379,2.209
cube_d2_k155,1,10,16384,16384,8192,9.441,1.748,5.416,0.000,1.916,1.122
cube_d2_k155,1,11,8192,8192,4096,4.662,0.843,2.622,0.000,0.943,0.565
cube_d2_k155,1,12,4096,4096,2048,2.334,0.398,1.125,0.000,0.345,0.277
cube_d2_k155,1,13,2048,2048,1024,1.184,0.186,0.567,0.000,0.170,0.133
cube_d2_k155,1,14,1024,1024,512,0.583,0.076,0.291,0.000,0.087,0.064
cube_d2_k155,1,15,512,512,256,0.299,0.033,0.135,0.000,0.041,0.030
cube_d2_k155,1,16,256,256,128,0.142,0.017,0.063,0.000,0.022,0.015
cube_d2_k155,1,17,128,128,64,0.069,0.009,0.033,0.000,0.012,0.008
cube_d2_k155,1,18,64,64,32,0.034,0.005,0.019,0.000,0.008,0.005
cube_d2_k155,1,19,32,32,16,0.017,0.003,0.012,0.000,0.005,0.003
cube_d2_k155,1,20,16,16,8,0.010,0.002,0.008,0.000,0.004,0.002
cube_d2_k155,1,21,8,8,4,0.005,0.002,0.006,0.000,0.003,0.001
cube_d2_k155,1,22,4,4,2,0.003,0.001,0.005,0.000,0.003,0.001
cube_d2_k155,1,23,2,0,0,0.002,0.001,0.000,,,
cube_d2_k155,2,0,310,22343250,7447750,32.756,43.809,3700.772,0.000,1462.934,672.039
cube_d2_k155,2,1,7447750,7447750,3253446,2554.633,594.718,1970.760,0.000,576.366,298.224
cube_d2_k155,2,2,3253446,3253446,2097152,1251.631,282.217,871.019,0.000,199.114,185.411
cube_d2_k155,2,3,2097152,2097152,1048576,794.950,176.493,458.151,0.000,101.314,90.938
cube_d2_k155,2,4,1048576,1048576,524288,424.684,85.463,240.720,0.000,46.802,48.636
cube_d2_k155,2,5,524288,524288,262144,210.351,40.106,130.634,0.000,23.711,25.795
cube_d2_k155,2,6,262144,262144,131072,108.013,19.275,61.905,0.001,12.878,12.685
cube_d2_k155,2,7,131072,131072,65536,53.059,7.693,29.121,0.000,6.373,5.687
cube_d2_k155,2,8,65536,65536,32768,25.471,3.438,17.762,0.000,8.059,2.785
cube_d2_k155,2,9,32768,32768,16384,9.972,1.784,8.059,0.000,3.959,1.361
cube_d2_k155,2,10,16384,16384,8192,4.816,0.888,3.758,0.000,1.666,0.764
cube_d2_k155,2,11,8192,8192,4096,2.396,0.586,1.756,0.000,0.637,0.375
cube_d2_k155,2,12,4096,4096,2048,1.243,0.272,0.917,0.000,0.334,0.186
cube_d2_k155,2,13,2048,2048,1024,0.661,0.175,0.499,0.000,0.171,0.095
cube_d2_k155,2,14,1024,1024,512,0.352,0.093,0.249,0.000,0.083,0.048
cube_d2_k155,2,15,512,512,256,0.191,0.050,0.150,0.000,0.055,0.040
cube_d2_k155,2,16,256,256,128,0.134,0.025,0.086,0.000,0.030,0.023
cube_d2_k155,2,17,128,128,64,0.063,0.012,0.050,0.000,0.017,0.017
cube_d2_k155,2,18,64,64,32,0.040,0.007,0.026,0.000,0.010,0.007
cube_d2_k155,2,19,32,32,16,0.018,0.005,0.015,0.000,0.007,0.004
cube_d2_k155,2,20,16,16,8,0.010,0.003,0.011,0.000,0.005,0.002
cube_d2_k155,2,21,8,8,4,0.006,0.002,0.008,0.000,0.004,0.001
cube_d2_k155,2,22,4,4,2,0.004,0.001,0.006,0.000,0.004,0.001
cube_d2_k155,2,23,2,0,0,0.002,0.001,0.000,,,
cube_d2_k155,2,0,310,22343250,7447750,30.626,33.868,3605.744,0.000,1411.319,667.565
cube_d2_k155,2,1,7447750,7447750,3253446,3109.309,741.668,2166.706,0.000,639.595,323.448
cube_d2_k155,2,2,3253446,3253446,2097152,1426.759,337.081,1015.108,0.000,230.528,259.178
cube_d2_k155,2,3,2097152,2097152,1048576,934.271,220.017,455.235,0.000,100.962,87.875
cube_d2_k155,2,4,1048576,1048576,524288,476.329,110.135,237.922,0.000,47.514,47.839
cube_d2_k155,2,5,524288,524288,262144,238.630,49.751,127.515,0.000,23.578,24.795
cube_d2_k155,2,6,262144,262144,131072,115.031,21.495,59.290,0.000,11.630,11.696
cube_d2_k155,2,7,131072,131072,65536,53.943,7.915,27.800,0.000,5.844,5.179
cube_d2_k155,2,8,65536,65536,32768,25.705,3.623,16.946,0.000,7.401,2.475
cube_d2_k155,2,9,32768,32768,16384,10.693,1.773,7.689,0.000,3.602,1.356
cube_d2_k155,2,10,16384,16384,8192,5.250,0.883,3.516,0.000,1.644,0.665
cube_d2_k155,2,11,8192,8192,4096,2.666,0.545,1.573,0.000,0.512,0.381
cube_d2_k155,2,12,4096,4096,2048,3.027,0.290,0.783,0.000,0.271,0.165
cube_d2_k155,2,13,2048,2048,1024,0.700,0.158,0.400,0.000,0.150,0.084
cube_d2_k155,2,14,1024,1024,512,0.360,0.076,0.216,0.000,0.075,0.044
cube_d2_k155,2,15,512,512,256,0.191,0.040,0.128,0.000,0.043,0.030
cube_d2_k155,2,16,256,256,128,0.094,0.021,0.060,0.000,0.022,0.012
cube_d2_k155,2,17,128,128,64,0.062,0.010,0.038,0.000,0.014,0.011
cube_d2_k155,2,18,64,64,32,0.024,0.006,0.024,0.000,0.008,0.006
cube_d2_k155,2,19,32,32,16,0.022,0.004,0.014,0.000,0.006,0.003
cube_d2_k155,2,20,16,16,8,0.010,0.002,0.009,0.000,0.005,0.002
cube_d2_k155,2,21,8,8,4,0.005,0.002,0.007,0.000,0.004,0.001
cube_d2_k155,2,22,4,4,2,0.003,0.001,0.006,0.000,0.004,0.001
cube_d2_k155,2,23,2,0,0,0.002,0.001,0.000,,,
cube_d2_k155,2,0,310,22343250,7447750,14.153,32.973,3593.161,0.000,1393.863,683.019
cube_d2_k155,2,1,7447750,7447750,3253446,3173.477,770.290,2091.822,0.000,648.781,308.233
cube_d2_k155,2,2,3253446,3253446,2097152,1463.984,359.817,1011.917,0.000,245.473,255.751
cube_d2_k155,2,3,2097152,2097152,1048576,936.800,229.983,463.811,0.000,103.145,89.833
cube_d2_k155,2,4,1048576,1048576,524288,505.219,119.360,251.930,0.000,52.829,52.331
cube_d2_k155,2,5,524288,524288,262144,243.407,54.423,127.735,0.000,23.630,24.846
cube_d2_k155,2,6,262144,262144,131072,116.482,23.825,58.907,0.000,11.626,11.719
cube_d2_k155,2,7,131072,131072,65536,54.190,8.573,27.850,0.000,5.742,5.158
cube_d2_k155,2,8,65536,65536,32768,25.867,3.806,16.846,0.000,7.281,2.524
cube_d2_k155,2,9,32768,32768,16384,11.033,1.806,7.544,0.000,3.597,1.213
cube_d2_k155,2,10,16384,16384,8192,5.423,0.883,3.462,0.000,1.627,0.641
cube_d2_k155,2,11,8192,8192,4096,2.766,0.550,1.599,0.000,0.539,0.385
cube_d2_k155,2,12,4096,4096,2048,1.347,0.289,0.775,0.000,0.273,0.169
cube_d2_k155,2,13,2048,2048,1024,0.717,0.164,0.410,0.000,0.151,0.085
cube_d2_k155,2,14,1024,1024,512,0.346,0.086,0.221,0.000,0.074,0.052
cube_d2_k155,2,15,512,512,256,0.184,0.041,0.142,0.000,0.043,0.031
cube_d2_k155,2,16,256,256,128,0.133,0.020,0.063,0.000,0.021,0.013
cube_d2_k155,2,17,128,128,64,0.059,0.010,0.041,0.000,0.013,0.014
cube_d2_k155,2,18,64,64,32,0.039,0.005,0.020,0.000,0.008,0.005
cube_d2_k155,2,19,32,32,16,0.018,0.003,0.012,0.000,0.005,0.003
cube_d2_k155,2,20,16,16,8,0.009,0.003,0.009,0.000,0.004,0.002
cube_d2_k155,2,21,8,8,4,0.006,0.002,0.006,0.000,0.003,0.001
cube_d2_k155,2,22,4,4,2,0.003,0.001,0.005,0.000,0.003,0.001
cube_d2_k155,2,23,2,0,0,0.002,0.001,0.000,,,
cube_d2_k155,2,0,310,22343250,7447750,31.065,35.463,3616.574,0.000,1427.511,665.543
cube_d2_k155,2,1,7447750,7447750,3253446,3194.775,801.901,2095.475,0.000,652.221,311.246
cube_d2_k155,2,2,3253446,3253446,2097152,1463.490,366.274,1033.839,0.001,241.204,223.882
cube_d2_k155,2,3,2097152,2097152,1048576,938.908,237.725,483.017,0.000,113.583,103.818
cube_d2_k155,2,4,1048576,1048576,524288,484.905,118.350,235.239,0.000,47.605,46.831
cube_d2_k155,2,5,524288,524288,262144,243.856,53.044,130.545,0.000,23.600,25.207
cube_d2_k155,2,6,262144,262144,131072,116.261,21.501,60.527,0.000,11.458,11.617
cube_d2_k155,2,7,131072,131072,65536,53.902,8.270,27.774,0.000,5.865,5.066
cube_d2_k155,2,8,65536,65536,32768,25.479,3.784,16.652,0.000,7.298,2.455
cube_d2_k155,2,9,32768,32768,16384,10.931,1.850,7.619,0.000,3.615,1.231
cube_d2_k155,2,10,16384,16384,8192,5.279,0.887,3.492,0.000,1.636,0.639
cube_d2_k155,2,11,8192,8192,4096,2.629,0.546,1.555,0.000,0.543,0.339
cube_d2_k155,2,12,4096,4096,2048,1.331,0.297,0.791,0.000,0.269,0.169
cube_d2_k155,2,13,2048,2048,1024,0.714,0.154,0.404,0.000,0.152,0.086
cube_d2_k155,2,14,1024,1024,512,0.367,0.086,0.211,0.000,0.073,0.043
cube_d2_k155,2,15,512,512,256,0.185,0.040,0.141,0.000,0.044,0.030
cube_d2_k155,2,16,256,256,128,0.113,0.021,0.062,0.000,0.022,0.012
cube_d2_k155,2,17,128,128,64,0.061,0.010,0.038,0.000,0.013,0.011
cube_d2_k155,2,18,64,64,32,0.024,0.006,0.024,0.000,0.008,0.006
cube_d2_k155,2,19,32,32,16,0.020,0.004,0.013,0.000,0.006,0.003
cube_d2_k155,2,20,16,16,8,0.010,0.002,0.009,0.000,0.004,0.002
cube_d2_k155,2,21,8,8,4,0.005,0.002,0.006,0.000,0.003,0.001
cube_d2_k155,2,22,4,4,2,0.003,0.001,0.005,0.000,0.003,0.001
cube_d2_k155,2,23,2,0,0,0.002,0.001,0.000,,,
cube_d2_k155,2,0,310,22343250,7447750,14.080,25.901,3565.559,0.000,1419.164,667.982
cube_d2_k155,2,1,7447750,7447750,3253446,3247.484,803.542,2134.989,0.000,695.467,309.205
cube_d2_k155,2,2,3253446,3253446,2097152,1486.587,368.325,980.363,0.000,231.419,233.399
cube_d2_k155,2,3,2097152,2097152,1048576,935.106,236.702,458.239,0.000,101.480,91.695
cube_d2_k155,2,4,1048576,1048576,524288,485.254,119.428,236.865,0.000,47.820,47.702
cube_d2_k155,2,5,524288,524288,262144,243.748,52.535,126.525,0.000,23.745,24.787
cube_d2_k155,2,6,262144,262144,131072,117.888,21.494,59.373,0.000,11.715,11.679
cube_d2_k155,2,7,131072,131072,65536,54.050,8.123,27.767,0.000,5.722,5.185
cube_d2_k155,2,8,65536,65536,32768,25.403,3.732,16.674,0.000,7.267,2.511
cube_d2_k155,2,9,32768,32768,16384,10.864,1.869,7.626,0.000,3.602,1.229
cube_d2_k155,2,10,16384,16384,8192,5.436,0.901,3.490,0.000,1.605,0.682
cube_d2_k155,2,11,8192,8192,4096,2.643,0.543,1.556,0.000,0.531,0.339
cube_d2_k155,2,12,4096,4096,2048,1.317,0.289,0.791,0.000,0.269,0.170
cube_d2_k155,2,13,2048,2048,1024,0.702,0.158,0.404,0.000,0.153,0.085
cube_d2_k155,2,14,1024,1024,512,0.375,0.075,0.210,0.000,0.074,0.042
cube_d2_k155,2,15,512,512,256,0.189,0.040,0.127,0.000,0.043,0.030
cube_d2_k155,2,16,256,256,128,0.094,0.021,0.060,0.000,0.020,0.012
cube_d2_k155,2,17,128,128,64,0.061,0.010,0.037,0.000,0.013,0.010
cube_d2_k155,2,18,64,64,32,0.024,0.006,0.021,0.000,0.008,0.006
cube_d2_k155,2,19,32,32,16,0.020,0.004,0.012,0.000,0.005,0.003
cube_d2_k155,2,20,16,16,8,0.010,0.002,0.008,0.000,0.004,0.002
cube_d2_k155,2,21,8,8,4,0.006,0.002,0.006,0.000,0.003,0.001
cube_d2_k155,2,22,4,4,2,0.003,0.001,0.005,0.000,0.003,0.001
cube_d2_k155,2,23,2,0,0,0.002,0.001,0.000,,,
cube_d2_k155,2,0,310,22343250,7447750,13.881,25.957,3605.343,0.000,1432.770,681.001
cube_d2_k155,2,1,7447750,7447750,3253446,3283.794,829.044,2114.405,0.000,663.612,307.015
cube_d2_k155,2,2,3253446,3253446,2097152,1474.498,385.817,1010.549,0.000,240.343,250.251
cube_d2_k155,2,3,2097152,2097152,1048576,945.077,252.456,458.502,0.000,102.856,88.604
cube_d2_k155,2,4,1048576,1048576,524288,486.816,119.819,243.658,0.000,48.192,48.528
cube_d2_k155,2,5,524288,524288,262144,242.771,54.096,130.391,0.000,23.742,25.522
cube_d2_k155,2,6,262144,262144,131072,116.305,21.834,60.134,0.000,11.817,11.725
cube_d2_k155,2,7,131072,131072,65536,53.773,8.335,27.842,0.000,5.775,5.078
cube_d2_k155,2,8,65536,65536,32768,25.512,3.731,16.557,0.000,7.218,2.513
cube_d2_k155,2,9,32768,32768,16384,10.776,1.824,8.124,0.000,3.741,1.242
cube_d2_k155,2,10,16384,16384,8192,5.408,0.890,3.684,0.000,1.819,0.658
cube_d2_k155,2,11,8192,8192,4096,2.629,0.549,1.575,0.000,0.544,0.357
cube_d2_k155,2,12,4096,4096,2048,1.376,0.281,0.791,0.000,0.272,0.169
cube_d2_k155,2,13,2048,2048,1024,0.712,0.157,0.398,0.000,0.150,0.084
cube_d2_k155,2,14,1024,1024,512,0.365,0.086,0.211,0.000,0.073,0.043
cube_d2_k155,2,15,512,512,256,0.186,0.040,0.143,0.000,0.044,0.030
cube_d2_k155,2,16,256,256,128,0.109,0.020,0.075,0.000,0.024,0.019
cube_d2_k155,2,17,128,128,64,0.068,0.010,0.036,0.000,0.013,0.009
cube_d2_k155,2,18,64,64,32,0.026,0.006,0.021,0.000,0.008,0.005
cube_d2_k155,2,19,32,32,16,0.021,0.004,0.012,0.000,0.005,0.003
cube_d2_k155,2,20,16,16,8,0.010,0.002,0.008,0.000,0.004,0.002
cube_d2_k155,2,21,8,8,4,0.006,0.002,0.006,0.000,0.003,0.001
cube_d2_k155,2,22,4,4,2,0.003,0.001,0.005,0.000,0.003,0.001
cube_d2_k155,2,23,2,0,0,0.002,0.001,0.000,,,
cube_d2_k155,4,0,310,22343250,7447750,21.127,27.933,2073.650,0.000,819.121,374.518
cube_d2_k155,4,1,7447750,7447750,3253446,1442.092,317.227,1064.732,0.000,296.063,160.000
cube_d2_k155,4,2,3253446,3253446,2097152,651.875,156.691,459.532,0.000,106.755,103.464
cube_d2_k155,4,3,2097152,2097152,1048576,439.657,102.661,244.592,0.000,55.508,48.396
cube_d2_k155,4,4,1048576,1048576,524288,234.335,50.305,121.989,0.000,25.648,24.729
cube_d2_k155,4,5,524288,524288,262144,117.610,24.756,64.814,0.000,13.221,13.295
cube_d2_k155,4,6,262144,262144,131072,57.825,11.039,31.754,0.000,6.437,5.936
cube_d2_k155,4,7,131072,131072,65536,27.263,4.090,14.589,0.000,3.398,2.709
cube_d2_k155,4,8,65536,65536,32768,12.984,1.886,11.843,0.000,6.908,1.360
cube_d2_k155,4,9,32768,32768,16384,5.021,1.000,5.485,0.000,3.454,0.701
cube_d2_k155,4,10,16384,16384,8192,2.636,0.495,2.473,0.000,1.406,0.373
cube_d2_k155,4,11,8192,8192,4096,1.370,0.383,1.103,0.000,0.483,0.190
cube_d2_k155,4,12,4096,4096,2048,0.852,0.215,0.564,0.000,0.247,0.097
cube_d2_k155,4,13,2048,2048,1024,0.446,0.115,0.322,0.000,0.150,0.053
cube_d2_k155,4,14,1024,1024,512,0.242,0.085,0.185,0.000,0.074,0.030
cube_d2_k155,4,15,512,512,256,0.136,0.046,0.120,0.000,0.048,0.028
cube_d2_k155,4,16,256,256,128,0.064,0.020,0.060,0.000,0.025,0.013
cube_d2_k155,4,17,128,128,64,0.043,0.011,0.035,0.000,0.014,0.008
cube_d2_k155,4,18,64,64,32,0.023,0.006,0.021,0.000,0.009,0.006
cube_d2_k155,4,19,32,32,16,0.013,0.004,0.013,0.000,0.006,0.003
cube_d2_k155,4,20,16,16,8,0.008,0.003,0.009,0.000,0.005,0.002
cube_d2_k155,4,21,8,8,4,0.005,0.002,0.007,0.000,0.004,0.001
cube_d2_k155,4,22,4,4,2,0.003,0.001,0.005,0.000,0.004,0.001
cube_d2_k155,4,23,2,0,0,0.002,0.001,0.000,,,
cube_d2_k155,4,0,310,22343250,7447750,8.859,14.119,1882.806,0.000,737.279,347.940
cube_d2_k155,4,1,7447750,7447750,3253446,1617.538,376.364,1093.561,0.000,331.898,157.634
cube_d2_k155,4,2,3253446,3253446,2097152,722.270,174.396,517.145,0.000,125.319,130.002
cube_d2_k155,4,3,2097152,2097152,1048576,461.864,114.198,239.194,0.000,54.518,45.896
cube_d2_k155,4,4,1048576,1048576,524288,240.856,57.953,122.743,0.000,25.549,24.732
cube_d2_k155,4,5,524288,524288,262144,120.402,25.805,64.282,0.000,13.000,12.791
cube_d2_k155,4,6,262144,262144,131072,59.648,10.428,31.165,0.000,6.674,6.197
cube_d2_k155,4,7,131072,131072,65536,27.538,4.051,14.839,0.000,3.293,2.711
cube_d2_k155,4,8,65536,65536,32768,13.090,2.025,11.811,0.000,6.916,1.359
cube_d2_k155,4,9,32768,32768,16384,5.638,0.952,5.555,0.000,3.402,0.710
cube_d2_k155,4,10,16384,16384,8192,3.052,0.518,2.564,0.000,1.441,0.421
cube_d2_k155,4,11,8192,8192,4096,1.577,0.385,1.108,0.000,0.483,0.189
cube_d2_k155,4,12,4096,4096,2048,0.853,0.219,0.564,0.000,0.247,0.101
cube_d2_k155,4,13,2048,2048,1024,0.489,0.119,0.325,0.000,0.152,0.052
cube_d2_k155,4,14,1024,1024,512,0.261,0.098,0.174,0.000,0.075,0.030
cube_d2_k155,4,15,512,512,256,0.144,0.047,0.124,0.000,0.048,0.028
cube_d2_k155,4,16,256,256,128,0.072,0.021,0.061,0.000,0.026,0.012
cube_d2_k155,4,17,128,128,64,0.049,0.013,0.040,0.000,0.013,0.013
cube_d2_k155,4,18,64,64,32,0.022,0.007,0.023,0.000,0.009,0.008
cube_d2_k155,4,19,32,32,16,0.014,0.004,0.013,0.000,0.006,0.003
cube_d2_k155,4,20,16,16,8,0.010,0.003,0.010,0.000,0.005,0.002
cube_d2_k155,4,21,8,8,4,0.006,0.002,0.007,0.000,0.004,0.001
cube_d2_k155,4,22,4,4,2,0.003,0.001,0.006,0.000,0.004,0.001
cube_d2_k155,4,23,2,0,0,0.002,0.001,0.000,,,
cube_d2_k155,4,0,310,22343250,7447750,15.982,15.137,1879.497,0.000,735.041,346.974
cube_d2_k155,4,1,7447750,7447750,3253446,1663.270,403.025,1141.568,0.000,334.144,158.185
cube_d2_k155,4,2,3253446,3253446,2097152,731.594,187.305,506.331,0.000,120.678,122.705
cube_d2_k155,4,3,2097152,2097152,1048576,476.093,119.759,245.255,0.000,57.058,46.670
cube_d2_k155,4,4,1048576,1048576,524288,242.742,60.475,122.536,0.000,25.738,24.359
cube_d2_k155,4,5,524288,524288,262144,122.229,27.507,68.347,0.000,12.760,13.027
cube_d2_k155,4,6,262144,262144,131072,58.448,10.983,31.166,0.000,6.626,6.140
cube_d2_k155,4,7,131072,131072,65536,27.733,4.355,14.767,0.000,3.330,2.732
cube_d2_k155,4,8,65536,65536,32768,13.303,2.001,11.860,0.000,6.936,1.359
cube_d2_k155,4,9,32768,32768,16384,5.689,1.049,5.619,0.000,3.445,0.701
cube_d2_k155,4,10,16384,16384,8192,3.077,0.524,2.597,0.000,1.505,0.398
cube_d2_k155,4,11,8192,8192,4096,1.571,0.418,1.073,0.000,0.448,0.193
cube_d2_k155,4,12,4096,4096,2048,0.863,0.219,0.559,0.000,0.245,0.097
cube_d2_k155,4,13,2048,2048,1024,0.493,0.113,0.338,0.000,0.157,0.056
cube_d2_k155,4,14,1024,1024,512,0.261,0.097,0.175,0.000,0.076,0.030
cube_d2_k155,4,15,512,512,256,0.148,0.047,0.121,0.000,0.047,0.029
cube_d2_k155,4,16,256,256,128,0.068,0.021,0.062,0.000,0.026,0.013
cube_d2_k155,4,17,128,128,64,0.050,0.013,0.037,0.000,0.014,0.009
cube_d2_k155,4,18,64,64,32,0.021,0.007,0.021,0.000,0.009,0.006
cube_d2_k155,4,19,32,32,16,0.015,0.004,0.014,0.000,0.006,0.003
cube_d2_k155,4,20,16,16,8,0.008,0.003,0.010,0.000,0.005,0.002
cube_d2_k155,4,21,8,8,4,0.006,0.002,0.007,0.000,0.004,0.001
cube_d2_k155,4,22,4,4,2,0.003,0.001,0.006,0.000,0.004,0.001
cube_d2_k155,4,23,2,0,0,0.002,0.001,0.000,,,
cube_d2_k155,4,0,310,22343250,7447750,7.384,14.031,1871.143,0.000,726.788,347.987
cube_d2_k155,4,1,7447750,7447750,3253446,1665.994,410.471,1106.379,0.000,335.071,160.921
cube_d2_k155,4,2,3253446,3253446,2097152,746.249,189.565,503.876,0.000,121.440,122.957
cube_d2_k155,4,3,2097152,2097152,1048576,477.236,121.127,243.796,0.000,56.702,47.050
cube_d2_k155,4,4,1048576,1048576,524288,243.148,60.199,123.286,0.000,26.101,24.687
cube_d2_k155,4,5,524288,524288,262144,123.091,28.155,64.042,0.000,12.966,12.662
cube_d2_k155,4,6,262144,262144,131072,59.195,11.542,30.702,0.000,6.530,6.208
cube_d2_k155,4,7,131072,131072,65536,27.832,4.392,14.674,0.000,3.300,2.727
cube_d2_k155,4,8,65536,65536,32768,13.327,1.945,11.942,0.000,6.965,1.371
cube_d2_k155,4,9,32768,32768,16384,5.666,1.061,5.506,0.000,3.451,0.700
cube_d2_k155,4,10,16384,16384,8192,3.090,0.594,2.489,0.000,1.376,0.408
cube_d2_k155,4,11,8192,8192,4096,1.572,0.393,1.121,0.000,0.483,0.203
cube_d2_k155,4,12,4096,4096,2048,0.882,0.224,0.562,0.000,0.248,0.100
cube_d2_k155,4,13,2048,2048,1024,0.494,0.113,0.320,0.000,0.138,0.056
cube_d2_k155,4,14,1024,1024,512,0.246,0.099,0.173,0.000,0.076,0.030
cube_d2_k155,4,15,512,512,256,0.129,0.049,0.120,0.000,0.048,0.029
cube_d2_k155,4,16,256,256,128,0.068,0.021,0.060,0.000,0.025,0.012
cube_d2_k155,4,17,128,128,64,0.050,0.012,0.037,0.000,0.013,0.009
cube_d2_k155,4,18,64,64,32,0.021,0.007,0.023,0.000,0.009,0.006
cube_d2_k155,4,19,32,32,16,0.015,0.004,0.013,0.000,0.006,0.003
cube_d2_k155,4,20,16,16,8,0.011,0.003,0.010,0.000,0.005,0.002
cube_d2_k155,4,21,8,8,4,0.006,0.002,0.007,0.000,0.004,0.001
cube_d2_k155,4,22,4,4,2,0.003,0.001,0.006,0.000,0.004,0.001
cube_d2_k155,4,23,2,0,0,0.002,0.001,0.000,,,
cube_d2_k155,4,0,310,22343250,7447750,7.309,14.132,1884.658,0.000,731.945,351.438
cube_d2_k155,4,1,7447750,7447750,3253446,1672.555,410.599,1130.510,0.000,335.962,162.996
cube_d2_k155,4,2,3253446,3253446,2097152,732.282,193.447,499.730,0.000,120.612,123.461
cube_d2_k155,4,3,2097152,2097152,1048576,477.036,121.978,244.599,0.000,56.103,48.425
cube_d2_k155,4,4,1048576,1048576,524288,243.686,60.658,124.260,0.000,27.739,24.450
cube_d2_k155,4,5,524288,524288,262144,123.390,28.010,63.471,0.000,12.866,12.690
cube_d2_k155,4,6,262144,262144,131072,59.114,11.838,30.798,0.000,6.692,6.168
cube_d2_k155,4,7,131072,131072,65536,27.443,4.422,14.727,0.000,3.316,2.707
cube_d2_k155,4,8,65536,65536,32768,13.375,1.944,11.804,0.000,6.781,1.373
cube_d2_k155,4,9,32768,32768,16384,5.648,1.040,5.566,0.000,3.444,0.751
cube_d2_k155,4,10,16384,16384,8192,3.119,0.508,2.577,0.000,1.459,0.373
cube_d2_k155,4,11,8192,8192,4096,1.577,0.390,1.097,0.000,0.460,0.199
cube_d2_k155,4,12,4096,4096,2048,0.877,0.217,0.561,0.000,0.246,0.099
cube_d2_k155,4,13,2048,2048,1024,0.496,0.112,0.310,0.000,0.138,0.053
cube_d2_k155,4,14,1024,1024,512,0.267,0.100,0.174,0.000,0.075,0.030
cube_d2_k155,4,15,512,512,256,0.148,0.047,0.121,0.000,0.050,0.026
cube_d2_k155,4,16,256,256,128,0.070,0.021,0.060,0.000,0.025,0.012
cube_d2_k155,4,17,128,128,64,0.049,0.012,0.036,0.000,0.013,0.009
cube_d2_k155,4,18,64,64,32,0.022,0.007,0.021,0.000,0.009,0.006
cube_d2_k155,4,19,32,32,16,0.015,0.004,0.014,0.000,0.006,0.003
cube_d2_k155,4,20,16,16,8,0.008,0.003,0.009,0.000,0.005,0.002
cube_d2_k155,4,21,8,8,4,0.006,0.002,0.007,0.000,0.004,0.001
cube_d2_k155,4,22,4,4,2,0.003,0.001,0.005,0.000,0.003,0.001
cube_d2_k155,4,23,2,0,0,0.002,0.001,0.000,,,
cube_d2_k155,4,0,310,22343250,7447750,7.353,14.114,1878.245,0.000,730.517,342.382
cube_d2_k155,4,1,7447750,7447750,3253446,1667.319,414.002,1133.835,0.000,342.929,158.425
cube_d2_k155,4,2,3253446,3253446,2097152,749.614,188.784,507.124,0.000,126.627,122.208
cube_d2_k155,4,3,2097152,2097152,1048576,475.197,121.248,247.018,0.000,56.394,46.813
cube_d2_k155,4,4,1048576,1048576,524288,245.600,61.702,128.408,0.000,27.798,24.380
cube_d2_k155,4,5,524288,524288,262144,122.176,27.775,65.021,0.000,13.224,13.017
cube_d2_k155,4,6,262144,262144,131072,58.854,11.594,30.885,0.000,6.880,6.127
cube_d2_k155,4,7,131072,131072,65536,27.454,4.182,16.597,0.000,4.025,3.450
cube_d2_k155,4,8,65536,65536,32768,13.931,2.104,12.719,0.000,7.644,1.446
cube_d2_k155,4,9,32768,32768,16384,6.029,1.072,6.056,0.000,3.796,0.748
cube_d2_k155,4,10,16384,16384,8192,3.426,0.540,2.781,0.000,1.561,0.429
cube_d2_k155,4,11,8192,8192,4096,1.706,0.449,1.278,0.000,0.571,0.207
cube_d2_k155,4,12,4096,4096,2048,0.905,0.249,0.636,0.000,0.282,0.104
cube_d2_k155,4,13,2048,2048,1024,0.493,0.123,0.352,0.000,0.158,0.056
cube_d2_k155,4,14,1024,1024,512,0.245,0.088,0.200,0.000,0.079,0.032
cube_d2_k155,4,15,512,512,256,0.164,0.054,0.124,0.000,0.057,0.023
cube_d2_k155,4,16,256,256,128,0.074,0.030,0.078,0.000,0.026,0.016
cube_d2_k155,4,17,128,128,64,0.042,0.015,0.051,0.000,0.017,0.017
cube_d2_k155,4,18,64,64,32,0.032,0.008,0.027,0.000,0.011,0.008
cube_d2_k155,4,19,32,32,16,0.024,0.005,0.017,0.000,0.007,0.004
cube_d2_k155,4,20,16,16,8,0.013,0.003,0.012,0.000,0.006,0.002
cube_d2_k155,4,21,8,8,4,0.007,0.002,0.009,0.000,0.005,0.001
cube_d2_k155,4,22,4,4,2,0.004,0.001,0.006,0.000,0.004,0.001
cube_d2_k155,4,23,2,0,0,0.003,0.001,0.000,,,
cube_d2_k155,8,0,310,22343250,7447750,10.534,17.305,1180.903,0.000,450.403,242.180
cube_d2_k155,8,1,7447750,7447750,3253446,765.013,180.125,693.938,0.000,178.960,111.095
cube_d2_k155,8,2,3253446,3253446,2097152,426.456,100.834,421.703,0.000,75.327,74.925
cube_d2_k155,8,3,2097152,2097152,1048576,272.808,64.299,155.928,0.000,31.926,38.779
cube_d2_k155,8,4,1048576,1048576,524288,165.705,31.985,84.392,0.000,16.132,22.749
cube_d2_k155,8,5,524288,524288,262144,74.793,14.666,43.445,0.000,9.274,10.847
cube_d2_k155,8,6,262144,262144,131072,34.080,6.711,20.203,0.000,3.794,4.875
cube_d2_k155,8,7,131072,131072,65536,16.346,3.123,9.572,0.000,2.113,2.244
cube_d2_k155,8,8,65536,65536,32768,7.594,1.544,10.130,0.000,6.855,1.097
cube_d2_k155,8,9,32768,32768,16384,3.531,0.933,5.084,0.000,3.430,0.591
cube_d2_k155,8,10,16384,16384,8192,2.231,0.521,2.369,0.000,1.472,0.336
cube_d2_k155,8,11,8192,8192,4096,1.235,0.415,1.074,0.000,0.483,0.189
cube_d2_k155,8,12,4096,4096,2048,0.730,0.241,0.580,0.000,0.248,0.094
cube_d2_k155,8,13,2048,2048,1024,0.373,0.170,0.356,0.000,0.145,0.074
cube_d2_k155,8,14,1024,1024,512,0.195,0.108,0.209,0.000,0.088,0.033
cube_d2_k155,8,15,512,512,256,0.127,0.042,0.128,0.000,0.044,0.036
cube_d2_k155,8,16,256,256,128,0.070,0.032,0.074,0.000,0.025,0.016
cube_d2_k155,8,17,128,128,64,0.084,0.017,0.045,0.000,0.015,0.011
cube_d2_k155,8,18,64,64,32,0.020,0.010,0.031,0.000,0.011,0.012
cube_d2_k155,8,19,32,32,16,0.018,0.006,0.019,0.000,0.007,0.005
cube_d2_k155,8,20,16,16,8,0.008,0.003,0.010,0.000,0.005,0.002
cube_d2_k155,8,21,8,8,4,0.005,0.002,0.007,0.000,0.004,0.001
cube_d2_k155,8,22,4,4,2,0.003,0.001,0.005,0.000,0.004,0.001
cube_d2_k155,8,23,2,0,0,0.002,0.001,0.000,,,
cube_d2_k155,8,0,310,22343250,7447750,12.815,15.458,1168.677,0.000,457.343,249.828
cube_d2_k155,8,1,7447750,7447750,3253446,960.774,234.979,721.045,0.010,195.282,117.644
cube_d2_k155,8,2,3253446,3253446,2097152,444.246,106.911,315.203,0.000,76.180,80.042
cube_d2_k155,8,3,2097152,2097152,1048576,286.470,68.190,154.283,0.000,33.158,36.525
cube_d2_k155,8,4,1048576,1048576,524288,148.237,35.647,82.599,0.000,15.603,22.470
cube_d2_k155,8,5,524288,524288,262144,71.835,15.300,42.683,0.000,8.264,10.995
cube_d2_k155,8,6,262144,262144,131072,34.687,6.347,20.402,0.000,3.966,4.905
cube_d2_k155,8,7,131072,131072,65536,16.859,3.202,9.794,0.000,2.110,2.275
cube_d2_k155,8,8,65536,65536,32768,8.097,1.757,10.153,0.000,6.862,1.089
cube_d2_k155,8,9,32768,32768,16384,3.930,0.818,4.958,0.000,3.177,0.670
cube_d2_k155,8,10,16384,16384,8192,2.507,0.559,2.507,0.000,1.605,0.326
cube_d2_k155,8,11,8192,8192,4096,1.253,0.420,1.093,0.000,0.484,0.194
cube_d2_k155,8,12,4096,4096,2048,0.773,0.202,0.610,0.000,0.290,0.100
cube_d2_k155,8,13,2048,2048,1024,0.416,0.137,0.347,0.000,0.152,0.064
cube_d2_k155,8,14,1024,1024,512,0.213,0.087,0.224,0.000,0.110,0.036
cube_d2_k155,8,15,512,512,256,0.134,0.049,0.142,0.000,0.053,0.041
cube_d2_k155,8,16,256,256,128,0.073,0.038,0.077,0.000,0.028,0.016
cube_d2_k155,8,17,128,128,64,0.065,0.018,0.042,0.000,0.017,0.010
cube_d2_k155,8,18,64,64,32,0.022,0.011,0.030,0.000,0.011,0.011
cube_d2_k155,8,19,32,32,16,0.020,0.006,0.015,0.000,0.007,0.004
cube_d2_k155,8,20,16,16,8,0.010,0.003,0.010,0.000,0.005,0.002
cube_d2_k155,8,21,8,8,4,0.006,0.002,0.007,0.000,0.004,0.001
cube_d2_k155,8,22,4,4,2,0.004,0.001,0.006,0.000,0.004,0.001
cube_d2_k155,8,23,2,0,0,0.002,0.001,0.000,,,
cube_d2_k155,8,0,310,22343250,7447750,5.845,10.834,1112.075,0.000,418.705,235.433
cube_d2_k155,8,1,7447750,7447750,3253446,973.984,266.902,683.500,0.000,207.353,109.876
cube_d2_k155,8,2,3253446,3253446,2097152,441.931,111.723,310.131,0.000,75.033,78.776
cube_d2_k155,8,3,2097152,2097152,1048576,295.615,71.252,153.975,0.000,32.614,36.394
cube_d2_k155,8,4,1048576,1048576,524288,152.156,35.035,82.130,0.000,16.556,21.392
cube_d2_k155,8,5,524288,524288,262144,80.636,15.697,50.915,0.000,7.454,10.608
cube_d2_k155,8,6,262144,262144,131072,36.350,7.196,53.570,0.000,4.021,4.984
cube_d2_k155,8,7,131072,131072,65536,17.898,3.205,9.904,0.000,2.196,2.348
cube_d2_k155,8,8,65536,65536,32768,8.391,1.722,10.941,0.000,7.702,1.085
cube_d2_k155,8,9,32768,32768,16384,3.835,0.943,5.205,0.000,3.533,0.587
cube_d2_k155,8,10,16384,16384,8192,2.492,0.509,2.406,0.000,1.490,0.357
cube_d2_k155,8,11,8192,8192,4096,1.274,0.445,1.191,0.000,0.567,0.192
cube_d2_k155,8,12,4096,4096,2048,0.720,0.227,0.581,0.000,0.255,0.096
cube_d2_k155,8,13,2048,2048,1024,0.421,0.134,0.360,0.000,0.166,0.063
cube_d2_k155,8,14,1024,1024,512,0.237,0.068,0.218,0.000,0.088,0.039
cube_d2_k155,8,15,512,512,256,0.109,0.044,0.142,0.000,0.053,0.037
cube_d2_k155,8,16,256,256,128,0.071,0.029,0.093,0.000,0.040,0.014
cube_d2_k155,8,17,128,128,64,0.061,0.015,0.047,0.000,0.015,0.013
cube_d2_k155,8,18,64,64,32,0.026,0.008,0.035,0.000,0.010,0.016
cube_d2_k155,8,19,32,32,16,0.016,0.005,0.015,0.000,0.007,0.004
cube_d2_k155,8,20,16,16,8,0.010,0.003,0.010,0.000,0.005,0.002
cube_d2_k155,8,21,8,8,4,0.007,0.003,0.007,0.000,0.004,0.001
cube_d2_k155,8,22,4,4,2,0.004,0.001,0.005,0.000,0.003,0.001
cube_d2_k155,8,23,2,0,0,0.002,0.001,0.000,,,
cube_d2_k155,8,0,310,22343250,7447750,13.438,15.099,1175.930,0.000,461.262,249.805
cube_d2_k155,8,1,7447750,7447750,3253446,998.980,250.994,708.206,0.000,219.391,110.971
cube_d2_k155,8,2,3253446,3253446,2097152,450.785,117.430,305.872,0.000,75.354,78.265
cube_d2_k155,8,3,2097152,2097152,1048576,294.476,71.254,153.210,0.000,32.186,36.703
cube_d2_k155,8,4,1048576,1048576,524288,150.617,34.022,83.338,0.000,17.905,22.025
cube_d2_k155,8,5,524288,524288,262144,73.793,15.608,40.753,0.000,7.384,10.383
cube_d2_k155,8,6,262144,262144,131072,34.916,6.912,20.033,0.000,3.912,4.856
cube_d2_k155,8,7,131072,131072,65536,17.427,3.247,9.847,0.000,2.251,2.286
cube_d2_k155,8,8,65536,65536,32768,8.310,1.605,10.866,0.000,7.639,1.087
cube_d2_k155,8,9,32768,32768,16384,3.897,0.989,5.245,0.000,3.568,0.585
cube_d2_k155,8,10,16384,16384,8192,2.460,0.553,2.473,0.000,1.495,0.346
cube_d2_k155,8,11,8192,8192,4096,1.290,0.413,1.127,0.000,0.512,0.190
cube_d2_k155,8,12,4096,4096,2048,0.775,0.209,0.603,0.000,0.273,0.097
cube_d2_k155,8,13,2048,2048,1024,0.392,0.129,0.366,0.000,0.188,0.058
cube_d2_k155,8,14,1024,1024,512,0.215,0.089,0.220,0.000,0.085,0.036
cube_d2_k155,8,15,512,512,256,0.135,0.048,0.143,0.000,0.054,0.038
cube_d2_k155,8,16,256,256,128,0.076,0.032,0.076,0.000,0.026,0.016
cube_d2_k155,8,17,128,128,64,0.073,0.014,0.047,0.000,0.017,0.013
cube_d2_k155,8,18,64,64,32,0.043,0.007,0.029,0.000,0.011,0.009
cube_d2_k155,8,19,32,32,16,0.021,0.006,0.015,0.000,0.007,0.004
cube_d2_k155,8,20,16,16,8,0.011,0.004,0.010,0.000,0.005,0.002
cube_d2_k155,8,21,8,8,4,0.005,0.002,0.007,0.000,0.004,0.001
cube_d2_k155,8,22,4,4,2,0.004,0.001,0.005,0.000,0.004,0.001
cube_d2_k155,8,23,2,0,0,0.002,0.001,0.000,,,
cube_d2_k155,8,0,310,22343250,7447750,4.847,9.007,1103.829,0.000,411.644,240.251
cube_d2_k155,8,1,7447750,7447750,3253446,977.398,247.735,673.767,0.000,198.585,110.046
cube_d2_k155,8,2,3253446,3253446,2097152,437.032,114.679,305.202,0.000,72.992,78.466
cube_d2_k155,8,3,2097152,2097152,1048576,297.098,71.660,154.157,0.000,35.154,36.371
cube_d2_k155,8,4,1048576,1048576,524288,152.048,34.044,83.020,0.000,17.942,21.593
cube_d2_k155,8,5,524288,524288,262144,73.379,15.619,41.545,0.000,7.392,10.696
cube_d2_k155,8,6,262144,262144,131072,36.382,6.721,19.878,0.000,3.819,4.886
cube_d2_k155,8,7,131072,131072,65536,17.646,3.163,9.500,0.000,2.142,2.268
cube_d2_k155,8,8,65536,65536,32768,8.213,1.734,10.069,0.000,6.865,1.086
cube_d2_k155,8,9,32768,32768,16384,3.952,1.026,5.216,0.000,3.600,0.574
cube_d2_k155,8,10,16384,16384,8192,2.479,0.496,2.461,0.000,1.538,0.341
cube_d2_k155,8,11,8192,8192,4096,1.289,0.421,1.124,0.000,0.513,0.176
cube_d2_k155,8,12,4096,4096,2048,0.815,0.241,0.624,0.000,0.268,0.104
cube_d2_k155,8,13,2048,2048,1024,0.411,0.147,0.358,0.000,0.170,0.058
cube_d2_k155,8,14,1024,1024,512,0.237,0.088,0.213,0.000,0.083,0.040
cube_d2_k155,8,15,512,512,256,0.119,0.047,0.132,0.000,0.048,0.038
cube_d2_k155,8,16,256,256,128,0.079,0.042,0.064,0.000,0.024,0.014
cube_d2_k155,8,17,128,128,64,0.062,0.016,0.038,0.000,0.015,0.009
cube_d2_k155,8,18,64,64,32,0.020,0.011,0.043,0.000,0.010,0.023
cube_d2_k155,8,19,32,32,16,0.021,0.005,0.015,0.000,0.007,0.004
cube_d2_k155,8,20,16,16,8,0.012,0.003,0.011,0.000,0.005,0.002
cube_d2_k155,8,21,8,8,4,0.006,0.002,0.007,0.000,0.004,0.001
cube_d2_k155,8,22,4,4,2,0.004,0.001,0.005,0.000,0.004,0.001
cube_d2_k155,8,23,2,0,0,0.002,0.001,0.000,,,
cube_d2_k155,8,0,310,22343250,7447750,19.824,16.691,1164.601,0.000,457.339,239.428
cube_d2_k155,8,1,7447750,7447750,3253446,989.523,252.223,684.846,0.000,201.693,108.918
cube_d2_k155,8,2,3253446,3253446,2097152,441.884,116.536,303.549,0.000,72.891,78.113
cube_d2_k155,8,3,2097152,2097152,1048576,293.242,72.558,153.234,0.000,32.505,36.736
cube_d2_k155,8,4,1048576,1048576,524288,151.313,34.612,82.639,0.000,17.909,21.028
cube_d2_k155,8,5,524288,524288,262144,73.041,15.080,41.605,0.000,7.792,11.133
cube_d2_k155,8,6,262144,262144,131072,38.419,6.735,20.421,0.000,3.830,4.997
cube_d2_k155,8,7,131072,131072,65536,17.384,3.182,9.760,0.000,2.361,2.238
cube_d2_k155,8,8,65536,65536,32768,8.056,1.539,10.230,0.000,7.036,1.074
cube_d2_k155,8,9,32768,32768,16384,3.978,0.886,5.030,0.000,3.341,0.605
cube_d2_k155,8,10,16384,16384,8192,2.471,0.479,2.427,0.000,1.539,0.318
cube_d2_k155,8,11,8192,8192,4096,1.291,0.433,1.235,0.000,0.604,0.211
cube_d2_k155,8,12,4096,4096,2048,0.747,0.222,0.589,0.000,0.271,0.095
cube_d2_k155,8,13,2048,2048,1024,0.441,0.139,0.384,0.000,0.178,0.059
cube_d2_k155,8,14,1024,1024,512,0.241,0.096,0.222,0.000,0.084,0.038
cube_d2_k155,8,15,512,512,256,0.135,0.047,0.143,0.000,0.055,0.039
cube_d2_k155,8,16,256,256,128,0.115,0.029,0.071,0.000,0.029,0.016
cube_d2_k155,8,17,128,128,64,0.049,0.019,0.050,0.000,0.017,0.017
cube_d2_k155,8,18,64,64,32,0.042,0.006,0.041,0.000,0.011,0.018
cube_d2_k155,8,19,32,32,16,0.025,0.004,0.014,0.000,0.007,0.004
cube_d2_k155,8,20,16,16,8,0.010,0.003,0.011,0.000,0.005,0.002
cube_d2_k155,8,21,8,8,4,0.006,0.002,0.007,0.000,0.004,0.001
cube_d2_k155,8,22,4,4,2,0.004,0.001,0.006,0.000,0.003,0.001
cube_d2_k155,8,23,2,0,0,0.002,0.001,0.000,,,
cube_d2_k155,16,0,310,22343250,7447750,8.966,11.639,689.069,0.000,307.405,111.749
cube_d2_k155,16,1,7447750,7447750,3253446,420.988,97.664,343.840,0.000,101.402,56.344
cube_d2_k155,16,2,3253446,3253446,2097152,208.412,52.577,148.398,0.000,35.806,37.141
cube_d2_k155,16,3,2097152,2097152,1048576,141.867,34.723,96.442,0.000,18.168,20.190
cube_d2_k155,16,4,1048576,1048576,524288,77.343,17.151,43.627,0.000,9.686,10.933
cube_d2_k155,16,5,524288,524288,262144,36.243,8.109,21.478,0.000,4.487,5.492
cube_d2_k155,16,6,262144,262144,131072,16.969,4.317,11.491,0.000,2.433,2.667
cube_d2_k155,16,7,131072,131072,65536,9.084,1.943,5.869,0.000,1.429,1.298
cube_d2_k155,16,8,65536,65536,32768,4.304,0.995,8.809,0.000,6.854,0.650
cube_d2_k155,16,9,32768,32768,16384,2.138,0.535,4.222,0.000,3.193,0.357
cube_d2_k155,16,10,16384,16384,8192,1.858,0.335,2.098,0.000,1.502,0.207
cube_d2_k155,16,11,8192,8192,4096,1.128,0.356,1.037,0.000,0.557,0.144
cube_d2_k155,16,12,4096,4096,2048,0.580,0.185,0.501,0.000,0.240,0.076
cube_d2_k155,16,13,2048,2048,1024,0.279,0.128,0.303,0.000,0.150,0.043
cube_d2_k155,16,14,1024,1024,512,0.187,0.088,0.204,0.000,0.084,0.048
cube_d2_k155,16,15,512,512,256,0.100,0.045,0.111,0.000,0.039,0.024
cube_d2_k155,16,16,256,256,128,0.065,0.029,0.071,0.000,0.029,0.015
cube_d2_k155,16,17,128,128,64,0.033,0.019,0.047,0.000,0.018,0.012
cube_d2_k155,16,18,64,64,32,0.021,0.011,0.030,0.000,0.010,0.009
cube_d2_k155,16,19,32,32,16,0.015,0.005,0.015,0.000,0.007,0.003
cube_d2_k155,16,20,16,16,8,0.010,0.004,0.010,0.000,0.005,0.002
cube_d2_k155,16,21,8,8,4,0.008,0.002,0.007,0.000,0.004,0.001
cube_d2_k155,16,22,4,4,2,0.003,0.001,0.005,0.000,0.003,0.001
cube_d2_k155,16,23,2,0,0,0.002,0.001,0.000,,,
cube_d2_k155,16,0,310,22343250,7447750,3.833,9.644,605.325,0.000,236.928,129.283
cube_d2_k155,16,1,7447750,7447750,3253446,458.460,114.954,347.194,0.000,106.291,59.624
cube_d2_k155,16,2,3253446,3253446,2097152,211.987,55.841,160.774,0.000,40.438,41.543
cube_d2_k155,16,3,2097152,2097152,1048576,150.079,38.735,81.911,0.000,17.863,19.621
cube_d2_k155,16,4,1048576,1048576,524288,80.534,17.500,43.853,0.000,9.824,11.209
cube_d2_k155,16,5,524288,524288,262144,37.286,8.264,22.633,0.000,4.488,5.539
cube_d2_k155,16,6,262144,262144,131072,17.556,5.364,11.363,0.000,2.363,2.713
cube_d2_k155,16,7,131072,131072,65536,8.927,1.838,5.847,0.000,1.332,1.404
cube_d2_k155,16,8,65536,65536,32768,4.328,1.104,8.721,0.000,6.788,0.665
cube_d2_k155,16,9,32768,32768,16384,2.193,0.612,4.204,0.000,3.162,0.375
cube_d2_k155,16,10,16384,16384,8192,1.836,0.347,2.182,0.000,1.521,0.232
cube_d2_k155,16,11,8192,8192,4096,1.130,0.405,1.033,0.000,0.569,0.114
cube_d2_k155,16,12,4096,4096,2048,0.651,0.205,0.506,0.000,0.247,0.073
cube_d2_k155,16,13,2048,2048,1024,0.350,0.150,0.343,0.000,0.159,0.050
cube_d2_k155,16,14,1024,1024,512,0.196,0.060,0.216,0.000,0.087,0.053
cube_d2_k155,16,15,512,512,256,0.095,0.047,0.121,0.000,0.050,0.023
cube_d2_k155,16,16,256,256,128,0.085,0.028,0.078,0.000,0.030,0.017
cube_d2_k155,16,17,128,128,64,0.037,0.021,0.050,0.000,0.016,0.014
cube_d2_k155,16,18,64,64,32,0.022,0.010,0.030,0.000,0.011,0.008
cube_d2_k155,16,19,32,32,16,0.014,0.006,0.015,0.000,0.008,0.003
cube_d2_k155,16,20,16,16,8,0.011,0.004,0.010,0.000,0.005,0.002
cube_d2_k155,16,21,8,8,4,0.008,0.002,0.007,0.000,0.004,0.001
cube_d2_k155,16,22,4,4,2,0.004,0.001,0.006,0.000,0.004,0.001
cube_d2_k155,16,23,2,0,0,0.002,0.001,0.000,,,
cube_d2_k155,16,0,310,22343250,7447750,4.259,7.947,602.173,0.000,230.086,130.334
cube_d2_k155,16,1,7447750,7447750,3253446,488.897,125.189,355.225,0.000,106.446,58.775
cube_d2_k155,16,2,3253446,3253446,2097152,221.584,58.640,160.097,0.000,41.130,39.767
cube_d2_k155,16,3,2097152,2097152,1048576,149.892,36.823,83.370,0.000,17.989,19.522
cube_d2_k155,16,4,1048576,1048576,524288,77.570,17.987,48.647,0.000,12.561,13.016
cube_d2_k155,16,5,524288,524288,262144,43.987,8.556,22.494,0.000,4.490,5.597
cube_d2_k155,16,6,262144,262144,131072,19.109,4.176,11.411,0.000,2.337,2.774
cube_d2_k155,16,7,131072,131072,65536,9.352,2.093,5.866,0.000,1.426,1.394
cube_d2_k155,16,8,65536,65536,32768,4.338,1.087,8.703,0.000,6.747,0.678
cube_d2_k155,16,9,32768,32768,16384,2.239,0.560,4.293,0.000,3.183,0.404
cube_d2_k155,16,10,16384,16384,8192,1.939,0.343,2.208,0.000,1.551,0.238
cube_d2_k155,16,11,8192,8192,4096,1.205,0.380,1.046,0.000,0.529,0.142
cube_d2_k155,16,12,4096,4096,2048,0.623,0.185,0.531,0.000,0.256,0.070
cube_d2_k155,16,13,2048,2048,1024,0.325,0.144,0.306,0.000,0.142,0.046
cube_d2_k155,16,14,1024,1024,512,0.206,0.062,0.200,0.000,0.090,0.037
cube_d2_k155,16,15,512,512,256,0.092,0.048,0.110,0.000,0.039,0.022
cube_d2_k155,16,16,256,256,128,0.075,0.028,0.072,0.000,0.028,0.014
cube_d2_k155,16,17,128,128,64,0.038,0.020,0.045,0.000,0.016,0.011
cube_d2_k155,16,18,64,64,32,0.024,0.012,0.033,0.000,0.011,0.008
cube_d2_k155,16,19,32,32,16,0.013,0.006,0.016,0.000,0.007,0.004
cube_d2_k155,16,20,16,16,8,0.010,0.003,0.011,0.000,0.005,0.002
cube_d2_k155,16,21,8,8,4,0.008,0.002,0.007,0.000,0.004,0.001
cube_d2_k155,16,22,4,4,2,0.004,0.001,0.005,0.000,0.004,0.001
cube_d2_k155,16,23,2,0,0,0.002,0.001,0.000,,,
cube_d2_k155,16,0,310,22343250,7447750,4.308,8.241,609.532,0.000,226.485,137.184
cube_d2_k155,16,1,7447750,7447750,3253446,493.124,126.704,355.142,0.000,110.383,59.125
cube_d2_k155,16,2,3253446,3253446,2097152,222.424,59.336,164.640,0.000,42.471,40.646
cube_d2_k155,16,3,2097152,2097152,1048576,149.980,36.436,83.595,0.000,19.766,19.854
cube_d2_k155,16,4,1048576,1048576,524288,77.564,19.318,44.708,0.000,9.923,11.745
cube_d2_k155,16,5,524288,524288,262144,37.829,8.880,22.206,0.000,4.491,5.536
cube_d2_k155,16,6,262144,262144,131072,17.871,4.617,10.994,0.000,2.340,2.672
cube_d2_k155,16,7,131072,131072,65536,8.951,2.063,5.790,0.000,1.380,1.335
cube_d2_k155,16,8,65536,65536,32768,4.327,1.116,9.115,0.000,7.177,0.670
cube_d2_k155,16,9,32768,32768,16384,2.213,0.582,4.270,0.000,3.190,0.372
cube_d2_k155,16,10,16384,16384,8192,1.962,0.324,2.097,0.000,1.475,0.243
cube_d2_k155,16,11,8192,8192,4096,1.191,0.400,1.046,0.000,0.538,0.142
cube_d2_k155,16,12,4096,4096,2048,0.618,0.185,0.550,0.000,0.269,0.075
cube_d2_k155,16,13,2048,2048,1024,0.311,0.143,0.322,0.000,0.154,0.047
cube_d2_k155,16,14,1024,1024,512,0.190,0.060,0.207,0.000,0.081,0.042
cube_d2_k155,16,15,512,512,256,0.091,0.045,0.103,0.000,0.039,0.021
cube_d2_k155,16,16,256,256,128,0.092,0.030,0.076,0.000,0.031,0.017
cube_d2_k155,16,17,128,128,64,0.036,0.023,0.043,0.000,0.016,0.010
cube_d2_k155,16,18,64,64,32,0.029,0.008,0.034,0.000,0.010,0.007
cube_d2_k155,16,19,32,32,16,0.016,0.006,0.015,0.000,0.007,0.004
cube_d2_k155,16,20,16,16,8,0.012,0.004,0.011,0.000,0.005,0.003
cube_d2_k155,16,21,8,8,4,0.009,0.003,0.007,0.000,0.004,0.001
cube_d2_k155,16,22,4,4,2,0.004,0.001,0.006,0.000,0.004,0.001
cube_d2_k155,16,23,2,0,0,0.002,0.001,0.000,,,
cube_d2_k155,16,0,310,22343250,7447750,4.198,7.930,598.367,0.000,225.734,131.331
cube_d2_k155,16,1,7447750,7447750,3253446,497.865,127.206,361.326,0.000,107.569,61.703
cube_d2_k155,16,2,3253446,3253446,2097152,222.171,62.246,161.959,0.000,41.570,42.156
cube_d2_k155,16,3,2097152,2097152,1048576,151.375,37.505,83.875,0.000,20.695,19.541
cube_d2_k155,16,4,1048576,1048576,524288,81.826,18.383,46.380,0.000,10.114,11.854
cube_d2_k155,16,5,524288,524288,262144,41.338,8.376,22.583,0.000,4.544,5.619
cube_d2_k155,16,6,262144,262144,131072,17.810,4.183,11.491,0.000,2.480,2.709
cube_d2_k155,16,7,131072,131072,65536,8.947,2.139,5.748,0.000,1.406,1.353
cube_d2_k155,16,8,65536,65536,32768,4.322,1.103,8.869,0.000,6.871,0.693
cube_d2_k155,16,9,32768,32768,16384,2.160,0.560,4.330,0.000,3.239,0.394
cube_d2_k155,16,10,16384,16384,8192,1.901,0.389,2.240,0.000,1.592,0.231
cube_d2_k155,16,11,8192,8192,4096,1.152,0.426,1.021,0.000,0.537,0.122
cube_d2_k155,16,12,4096,4096,2048,0.681,0.210,0.595,0.000,0.300,0.078
cube_d2_k155,16,13,2048,2048,1024,0.392,0.145,0.346,0.000,0.177,0.045
cube_d2_k155,16,14,1024,1024,512,0.201,0.060,0.223,0.000,0.088,0.063
cube_d2_k155,16,15,512,512,256,0.091,0.045,0.113,0.000,0.042,0.024
cube_d2_k155,16,16,256,256,128,0.065,0.034,0.073,0.000,0.030,0.017
cube_d2_k155,16,17,128,128,64,0.038,0.021,0.049,0.000,0.017,0.012
cube_d2_k155,16,18,64,64,32,0.023,0.011,0.033,0.000,0.011,0.010
cube_d2_k155,16,19,32,32,16,0.014,0.006,0.015,0.000,0.007,0.004
cube_d2_k155,16,20,16,16,8,0.010,0.004,0.011,0.000,0.005,0.002
cube_d2_k155,16,21,8,8,4,0.009,0.002,0.007,0.000,0.004,0.001
cube_d2_k155,16,22,4,4,2,0.004,0.001,0.005,0.000,0.003,0.001
cube_d2_k155,16,23,2,0,0,0.002,0.001,0.000,,,
cube_d2_k155,16,0,310,22343250,7447750,4.184,7.954,603.279,0.000,221.081,133.424
cube_d2_k155,16,1,7447750,7447750,3253446,500.611,143.124,395.576,0.000,134.275,62.036
cube_d2_k155,16,2,3253446,3253446,2097152,232.531,61.872,167.076,0.000,42.822,42.766
cube_d2_k155,16,3,2097152,2097152,1048576,154.036,37.119,83.956,0.000,19.234,19.876
cube_d2_k155,16,4,1048576,1048576,524288,87.178,18.717,47.115,0.000,10.677,11.450
cube_d2_k155,16,5,524288,524288,262144,38.722,8.517,24.244,0.000,4.635,6.473
cube_d2_k155,16,6,262144,262144,131072,19.803,4.489,11.886,0.000,2.446,2.763
cube_d2_k155,16,7,131072,131072,65536,9.223,2.241,6.104,0.000,1.435,1.400
cube_d2_k155,16,8,65536,65536,32768,4.647,1.166,9.257,0.000,7.139,0.743
cube_d2_k155,16,9,32768,32768,16384,2.345,0.576,4.672,0.000,3.552,0.381
cube_d2_k155,16,10,16384,16384,8192,2.097,0.355,2.247,0.000,1.566,0.249
cube_d2_k155,16,11,8192,8192,4096,1.204,0.420,1.174,0.000,0.576,0.206
cube_d2_k155,16,12,4096,4096,2048,0.668,0.193,0.516,0.000,0.244,0.075
cube_d2_k155,16,13,2048,2048,1024,0.384,0.199,0.373,0.000,0.171,0.060
cube_d2_k155,16,14,1024,1024,512,0.202,0.061,0.214,0.000,0.109,0.034
cube_d2_k155,16,15,512,512,256,0.096,0.042,0.124,0.000,0.044,0.032
cube_d2_k155,16,16,256,256,128,0.060,0.029,0.078,0.000,0.030,0.017
cube_d2_k155,16,17,128,128,64,0.038,0.022,0.049,0.001,0.017,0.012
cube_d2_k155,16,18,64,64,32,0.023,0.011,0.033,0.001,0.012,0.009
cube_d2_k155,16,19,32,32,16,0.015,0.006,0.016,0.000,0.007,0.004
cube_d2_k155,16,20,16,16,8,0.010,0.004,0.013,0.000,0.005,0.005
cube_d2_k155,16,21,8,8,4,0.010,0.003,0.007,0.000,0.004,0.001
cube_d2_k155,16,22,4,4,2,0.004,0.001,0.005,0.000,0.003,0.001
cube_d2_k155,16,23,2,0,0,0.002,0.001,0.000,,,
cube_d2_k155,32,0,310,22343250,7447750,6.434,8.645,530.482,0.000,294.286,73.859
cube_d2_k155,32,1,7447750,7447750,3253446,245.551,62.249,231.974,0.000,66.436,35.617
cube_d2_k155,32,2,3253446,3253446,2097152,129.121,35.863,103.146,0.000,23.666,22.580
cube_d2_k155,32,3,2097152,2097152,1048576,87.018,22.849,74.539,0.000,15.235,11.570
cube_d2_k155,32,4,1048576,1048576,524288,45.433,12.758,29.741,0.000,6.148,6.690
cube_d2_k155,32,5,524288,524288,262144,22.810,6.075,15.098,0.000,3.268,3.408
cube_d2_k155,32,6,262144,262144,131072,11.252,2.514,7.943,0.000,2.289,1.487
cube_d2_k155,32,7,131072,131072,65536,5.666,1.093,3.818,0.000,0.992,0.783
cube_d2_k155,32,8,65536,65536,32768,2.702,0.673,8.922,0.000,7.635,0.387
cube_d2_k155,32,9,32768,32768,16384,1.367,0.420,4.191,0.000,3.476,0.229
cube_d2_k155,32,10,16384,16384,8192,2.020,0.359,1.931,0.000,1.505,0.138
cube_d2_k155,32,11,8192,8192,4096,1.143,0.353,0.970,0.000,0.521,0.142
cube_d2_k155,32,12,4096,4096,2048,0.597,0.188,0.499,0.000,0.272,0.052
cube_d2_k155,32,13,2048,2048,1024,0.319,0.101,0.311,0.000,0.152,0.047
cube_d2_k155,32,14,1024,1024,512,0.180,0.058,0.173,0.000,0.081,0.026
cube_d2_k155,32,15,512,512,256,0.103,0.042,0.110,0.000,0.047,0.019
cube_d2_k155,32,16,256,256,128,0.059,0.034,0.082,0.000,0.032,0.016
cube_d2_k155,32,17,128,128,64,0.037,0.023,0.052,0.000,0.020,0.012
cube_d2_k155,32,18,64,64,32,0.023,0.014,0.041,0.000,0.017,0.011
cube_d2_k155,32,19,32,32,16,0.017,0.008,0.028,0.000,0.011,0.009
cube_d2_k155,32,20,16,16,8,0.017,0.005,0.015,0.000,0.008,0.003
cube_d2_k155,32,21,8,8,4,0.010,0.004,0.008,0.000,0.004,0.001
cube_d2_k155,32,22,4,4,2,0.003,0.001,0.005,0.000,0.004,0.001
cube_d2_k155,32,23,2,0,0,0.002,0.001,0.000,,,
cube_d2_k155,32,0,310,22343250,7447750,3.970,8.663,450.795,0.000,212.107,75.219
cube_d2_k155,32,1,7447750,7447750,3253446,253.522,76.012,215.725,0.000,63.462,36.803
cube_d2_k155,32,2,3253446,3253446,2097152,125.616,35.346,94.134,0.000,25.313,22.680
cube_d2_k155,32,3,2097152,2097152,1048576,86.145,21.457,50.287,0.000,12.064,10.724
cube_d2_k155,32,4,1048576,1048576,524288,44.692,12.488,26.989,0.000,6.352,6.320
cube_d2_k155,32,5,524288,524288,262144,22.078,5.567,13.556,0.000,2.939,3.049
cube_d2_k155,32,6,262144,262144,131072,11.863,2.636,6.914,0.000,1.554,1.542
cube_d2_k155,32,7,131072,131072,65536,5.477,1.373,3.786,0.000,0.945,0.839
cube_d2_k155,32,8,65536,65536,32768,2.668,0.725,8.022,0.000,6.706,0.426
cube_d2_k155,32,9,32768,32768,16384,1.260,0.456,4.006,0.000,3.282,0.255
cube_d2_k155,32,10,16384,16384,8192,1.809,0.460,1.911,0.000,1.466,0.146
cube_d2_k155,32,11,8192,8192,4096,1.001,0.360,0.954,0.000,0.537,0.087
cube_d2_k155,32,12,4096,4096,2048,0.511,0.200,0.499,0.000,0.268,0.060
cube_d2_k155,32,13,2048,2048,1024,0.296,0.104,0.295,0.000,0.151,0.043
cube_d2_k155,32,14,1024,1024,512,0.157,0.061,0.210,0.000,0.080,0.034
cube_d2_k155,32,15,512,512,256,0.091,0.058,0.114,0.000,0.044,0.025
cube_d2_k155,32,16,256,256,128,0.067,0.034,0.087,0.000,0.034,0.020
cube_d2_k155,32,17,128,128,64,0.059,0.031,0.057,0.001,0.019,0.017
cube_d2_k155,32,18,64,64,32,0.035,0.013,0.034,0.000,0.012,0.010
cube_d2_k155,32,19,32,32,16,0.024,0.007,0.017,0.000,0.009,0.004
cube_d2_k155,32,20,16,16,8,0.023,0.004,0.012,0.000,0.006,0.002
cube_d2_k155,32,21,8,8,4,0.013,0.004,0.009,0.000,0.005,0.001
cube_d2_k155,32,22,4,4,2,0.006,0.002,0.009,0.000,0.006,0.001
cube_d2_k155,32,23,2,0,0,0.004,0.001,0.000,,,
cube_d2_k155,32,0,310,22343250,7447750,4.092,7.826,402.712,0.000,178.902,70.444
cube_d2_k155,32,1,7447750,7447750,3253446,258.449,79.722,210.353,0.000,67.114,33.177
cube_d2_k155,32,2,3253446,3253446,2097152,139.902,36.971,94.383,0.000,26.524,21.166
cube_d2_k155,32,3,2097152,2097152,1048576,78.176,24.556,47.926,0.000,11.341,10.469
cube_d2_k155,32,4,1048576,1048576,524288,44.724,12.264,27.110,0.000,6.365,5.956
cube_d2_k155,32,5,524288,524288,262144,21.730,6.545,14.322,0.000,2.931,3.110
cube_d2_k155,32,6,262144,262144,131072,10.469,2.920,7.260,0.000,1.616,1.526
cube_d2_k155,32,7,131072,131072,65536,5.245,1.238,3.759,0.000,0.914,0.823
cube_d2_k155,32,8,65536,65536,32768,2.455,0.712,8.132,0.000,6.841,0.425
cube_d2_k155,32,9,32768,32768,16384,1.276,0.477,3.966,0.000,3.238,0.247
cube_d2_k155,32,10,16384,16384,8192,1.820,0.302,2.109,0.000,1.641,0.177
cube_d2_k155,32,11,8192,8192,4096,1.032,0.334,1.106,0.000,0.578,0.212
cube_d2_k155,32,12,4096,4096,2048,0.557,0.227,0.510,0.000,0.283,0.058
cube_d2_k155,32,13,2048,2048,1024,0.293,0.105,0.322,0.000,0.166,0.051
cube_d2_k155,32,14,1024,1024,512,0.152,0.065,0.184,0.000,0.078,0.033
cube_d2_k155,32,15,512,512,256,0.099,0.057,0.125,0.000,0.044,0.028
cube_d2_k155,32,16,256,256,128,0.060,0.043,0.088,0.000,0.035,0.019
cube_d2_k155,32,17,128,128,64,0.048,0.029,0.066,0.000,0.019,0.019
cube_d2_k155,32,18,64,64,32,0.038,0.014,0.048,0.000,0.012,0.023
cube_d2_k155,32,19,32,32,16,0.030,0.007,0.017,0.000,0.008,0.004
cube_d2_k155,32,20,16,16,8,0.017,0.005,0.011,0.000,0.005,0.002
cube_d2_k155,32,21,8,8,4,0.016,0.004,0.009,0.000,0.005,0.002
cube_d2_k155,32,22,4,4,2,0.007,0.002,0.010,0.000,0.006,0.001
cube_d2_k155,32,23,2,0,0,0.004,0.001,0.000,,,
cube_d2_k155,32,0,310,22343250,7447750,7.605,9.456,390.462,0.000,170.132,71.602
cube_d2_k155,32,1,7447750,7447750,3253446,268.080,73.753,200.268,0.000,61.586,33.127
cube_d2_k155,32,2,3253446,3253446,2097152,137.696,40.552,108.921,0.000,24.537,21.454
cube_d2_k155,32,3,2097152,2097152,1048576,79.061,25.807,55.047,0.000,13.382,10.735
cube_d2_k155,32,4,1048576,1048576,524288,51.837,12.021,28.099,0.000,7.325,6.232
cube_d2_k155,32,5,524288,524288,262144,22.121,5.672,15.259,0.000,4.464,3.095
cube_d2_k155,32,6,262144,262144,131072,10.480,3.003,7.371,0.000,1.557,1.566
cube_d2_k155,32,7,131072,131072,65536,5.241,1.288,3.768,0.000,0.909,0.830
cube_d2_k155,32,8,65536,65536,32768,2.556,0.744,8.353,0.000,7.036,0.438
cube_d2_k155,32,9,32768,32768,16384,1.365,0.449,4.107,0.000,3.317,0.267
cube_d2_k155,32,10,16384,16384,8192,1.804,0.311,2.096,0.000,1.613,0.177
cube_d2_k155,32,11,8192,8192,4096,1.106,0.412,0.993,0.000,0.567,0.093
cube_d2_k155,32,12,4096,4096,2048,0.580,0.218,0.544,0.000,0.294,0.065
cube_d2_k155,32,13,2048,2048,1024,0.303,0.118,0.323,0.000,0.172,0.042
cube_d2_k155,32,14,1024,1024,512,0.166,0.069,0.211,0.000,0.086,0.042
cube_d2_k155,32,15,512,512,256,0.110,0.046,0.130,0.000,0.052,0.026
cube_d2_k155,32,16,256,256,128,0.060,0.035,0.104,0.000,0.048,0.022
cube_d2_k155,32,17,128,128,64,0.048,0.027,0.062,0.000,0.020,0.022
cube_d2_k155,32,18,64,64,32,0.026,0.015,0.036,0.000,0.013,0.009
cube_d2_k155,32,19,32,32,16,0.022,0.008,0.018,0.000,0.009,0.004
cube_d2_k155,32,20,16,16,8,0.017,0.005,0.011,0.000,0.006,0.002
cube_d2_k155,32,21,8,8,4,0.010,0.003,0.008,0.000,0.005,0.001
cube_d2_k155,32,22,4,4,2,0.004,0.001,0.007,0.000,0.004,0.001
cube_d2_k155,32,23,2,0,0,0.003,0.001,0.000,,,
cube_d2_k155,32,0,310,22343250,7447750,3.726,6.741,369.105,0.000,152.444,78.035
cube_d2_k155,32,1,7447750,7447750,3253446,272.332,72.479,203.953,0.000,60.222,35.451
cube_d2_k155,32,2,3253446,3253446,2097152,134.806,37.107,90.003,0.000,23.100,21.391
cube_d2_k155,32,3,2097152,2097152,1048576,86.254,22.978,47.311,0.000,11.075,10.681
cube_d2_k155,32,4,1048576,1048576,524288,44.677,11.513,28.614,0.000,8.079,6.893
cube_d2_k155,32,5,524288,524288,262144,22.187,5.339,14.108,0.000,2.905,3.095
cube_d2_k155,32,6,262144,262144,131072,10.541,2.733,6.943,0.000,1.545,1.556
cube_d2_k155,32,7,131072,131072,65536,5.195,1.254,3.561,0.000,0.909,0.883
cube_d2_k155,32,8,65536,65536,32768,2.575,0.740,8.249,0.000,6.919,0.454
cube_d2_k155,32,9,32768,32768,16384,1.341,0.464,4.073,0.000,3.305,0.271
cube_d2_k155,32,10,16384,16384,8192,1.764,0.316,2.065,0.000,1.584,0.164
cube_d2_k155,32,11,8192,8192,4096,1.110,0.377,0.987,0.000,0.573,0.094
cube_d2_k155,32,12,4096,4096,2048,0.547,0.219,0.529,0.000,0.282,0.065
cube_d2_k155,32,13,2048,2048,1024,0.319,0.117,0.372,0.000,0.195,0.047
cube_d2_k155,32,14,1024,1024,512,0.179,0.060,0.216,0.000,0.093,0.033
cube_d2_k155,32,15,512,512,256,0.110,0.051,0.127,0.000,0.047,0.030
cube_d2_k155,32,16,256,256,128,0.051,0.039,0.087,0.000,0.033,0.022
cube_d2_k155,32,17,128,128,64,0.044,0.028,0.059,0.000,0.017,0.021
cube_d2_k155,32,18,64,64,32,0.028,0.014,0.035,0.000,0.013,0.009
cube_d2_k155,32,19,32,32,16,0.018,0.007,0.016,0.000,0.008,0.004
cube_d2_k155,32,20,16,16,8,0.014,0.004,0.011,0.000,0.005,0.003
cube_d2_k155,32,21,8,8,4,0.011,0.003,0.007,0.000,0.004,0.001
cube_d2_k155,32,22,4,4,2,0.004,0.001,0.005,0.000,0.003,0.001
cube_d2_k155,32,23,2,0,0,0.002,0.001,0.000,,,
cube_d2_k155,32,0,310,22343250,7447750,3.796,6.414,358.100,0.000,145.290,73.350
cube_d2_k155,32,1,7447750,7447750,3253446,262.098,72.511,197.498,0.000,59.959,33.709
cube_d2_k155,32,2,3253446,3253446,2097152,129.662,35.067,93.599,0.000,24.769,21.899
cube_d2_k155,32,3,2097152,2097152,1048576,86.649,22.772,47.606,0.000,10.742,10.698
cube_d2_k155,32,4,1048576,1048576,524288,44.781,11.431,26.335,0.000,6.472,6.082
cube_d2_k155,32,5,524288,524288,262144,22.567,5.422,14.553,0.000,3.073,3.163
cube_d2_k155,32,6,262144,262144,131072,11.749,2.651,7.319,0.000,1.642,1.595
cube_d2_k155,32,7,131072,131072,65536,5.131,1.613,3.636,0.000,0.932,0.857
cube_d2_k155,32,8,65536,65536,32768,2.505,0.758,7.953,0.000,6.628,0.444
cube_d2_k155,32,9,32768,32768,16384,1.309,0.463,4.091,0.000,3.314,0.258
cube_d2_k155,32,10,16384,16384,8192,1.780,0.293,2.110,0.001,1.596,0.186
cube_d2_k155,32,11,8192,8192,4096,1.105,0.341,1.091,0.000,0.653,0.095
cube_d2_k155,32,12,4096,4096,2048,0.586,0.207,0.538,0.000,0.274,0.060
cube_d2_k155,32,13,2048,2048,1024,0.326,0.127,0.330,0.000,0.167,0.056
cube_d2_k155,32,14,1024,1024,512,0.155,0.064,0.187,0.000,0.081,0.035
cube_d2_k155,32,15,512,512,256,0.102,0.057,0.144,0.000,0.045,0.045
cube_d2_k155,32,16,256,256,128,0.062,0.039,0.093,0.000,0.037,0.021
cube_d2_k155,32,17,128,128,64,0.042,0.033,0.065,0.000,0.020,0.023
cube_d2_k155,32,18,64,64,32,0.031,0.016,0.037,0.000,0.013,0.010
cube_d2_k155,32,19,32,32,16,0.021,0.007,0.020,0.000,0.008,0.004
cube_d2_k155,32,20,16,16,8,0.019,0.004,0.012,0.000,0.006,0.003
cube_d2_k155,32,21,8,8,4,0.016,0.003,0.008,0.000,0.005,0.001
cube_d2_k155,32,22,4,4,2,0.004,0.001,0.006,0.000,0.004,0.001
cube_d2_k155,32,23,2,0,0,0.003,0.001,0.000,,,
cube_d2_k155,64,0,310,22343250,7447750,11.090,11.023,291.398,0.000,154.150,49.707
cube_d2_k155,64,1,7447750,7447750,3253446,144.881,38.294,183.984,0.000,45.839,26.575
cube_d2_k155,64,2,3253446,3253446,2097152,77.746,21.970,66.731,0.000,18.157,15.261
cube_d2_k155,64,3,2097152,2097152,1048576,51.397,14.596,42.637,0.000,8.246,15.075
cube_d2_k155,64,4,1048576,1048576,524288,31.211,8.453,20.477,0.000,4.667,4.498
cube_d2_k155,64,5,524288,524288,262144,15.997,4.094,16.841,0.000,8.395,2.447
cube_d2_k155,64,6,262144,262144,131072,7.826,2.109,5.546,0.000,1.302,1.160
cube_d2_k155,64,7,131072,131072,65536,3.854,1.121,3.216,0.000,0.859,0.612
cube_d2_k155,64,8,65536,65536,32768,1.858,0.609,7.690,0.000,6.603,0.322
cube_d2_k155,64,9,32768,32768,16384,0.998,0.375,3.989,0.000,3.368,0.208
cube_d2_k155,64,10,16384,16384,8192,2.346,0.258,1.968,0.000,1.571,0.129
cube_d2_k155,64,11,8192,8192,4096,1.336,0.354,1.107,0.000,0.638,0.130
cube_d2_k155,64,12,4096,4096,2048,0.709,0.188,0.526,0.000,0.293,0.056
cube_d2_k155,64,13,2048,2048,1024,0.355,0.115,0.367,0.000,0.197,0.048
cube_d2_k155,64,14,1024,1024,512,0.204,0.070,0.216,0.000,0.097,0.038
cube_d2_k155,64,15,512,512,256,0.133,0.056,0.166,0.000,0.056,0.048
cube_d2_k155,64,16,256,256,128,0.112,0.045,0.118,0.000,0.036,0.040
cube_d2_k155,64,17,128,128,64,0.066,0.032,0.088,0.000,0.030,0.026
cube_d2_k155,64,18,64,64,32,0.038,0.022,0.056,0.000,0.020,0.019
cube_d2_k155,64,19,32,32,16,0.030,0.009,0.034,0.000,0.012,0.012
cube_d2_k155,64,20,16,16,8,0.022,0.005,0.017,0.000,0.009,0.004
cube_d2_k155,64,21,8,8,4,0.013,0.004,0.012,0.000,0.007,0.002
cube_d2_k155,64,22,4,4,2,0.006,0.002,0.010,0.000,0.006,0.001
cube_d2_k155,64,23,2,0,0,0.005,0.002,0.000,,,
cube_d2_k155,64,0,310,22343250,7447750,2.098,3.925,286.435,0.000,144.404,46.994
cube_d2_k155,64,1,7447750,7447750,3253446,147.805,43.389,166.040,0.000,64.651,24.206
cube_d2_k155,64,2,3253446,3253446,2097152,75.256,24.424,61.816,0.000,15.686,12.990
cube_d2_k155,64,3,2097152,2097152,1048576,50.266,15.582,33.045,0.000,7.954,6.761
cube_d2_k155,64,4,1048576,1048576,524288,31.482,8.681,19.134,0.000,4.535,3.869
cube_d2_k155,64,5,524288,524288,262144,15.735,4.141,10.066,0.000,2.160,2.243
cube_d2_k155,64,6,262144,262144,131072,7.947,2.112,5.346,0.000,1.305,1.118
cube_d2_k155,64,7,131072,131072,65536,3.886,1.243,2.821,0.000,0.833,0.568
cube_d2_k155,64,8,65536,65536,32768,1.871,0.604,7.832,0.000,6.782,0.342
cube_d2_k155,64,9,32768,32768,16384,1.001,0.377,4.095,0.000,3.469,0.222
cube_d2_k155,64,10,16384,16384,8192,2.540,0.274,2.044,0.000,1.618,0.149
cube_d2_k155,64,11,8192,8192,4096,1.392,0.359,1.001,0.000,0.578,0.090
cube_d2_k155,64,12,4096,4096,2048,0.699,0.189,0.538,0.000,0.300,0.055
cube_d2_k155,64,13,2048,2048,1024,0.372,0.111,0.365,0.000,0.195,0.045
cube_d2_k155,64,14,1024,1024,512,0.202,0.072,0.223,0.000,0.097,0.047
cube_d2_k155,64,15,512,512,256,0.132,0.062,0.161,0.000,0.058,0.043
cube_d2_k155,64,16,256,256,128,0.109,0.046,0.115,0.000,0.038,0.033
cube_d2_k155,64,17,128,128,64,0.066,0.030,0.083,0.000,0.028,0.023
cube_d2_k155,64,18,64,64,32,0.039,0.015,0.054,0.000,0.023,0.013
cube_d2_k155,64,19,32,32,16,0.025,0.008,0.032,0.000,0.011,0.010
cube_d2_k155,64,20,16,16,8,0.021,0.005,0.016,0.000,0.008,0.003
cube_d2_k155,64,21,8,8,4,0.013,0.003,0.012,0.000,0.007,0.002
cube_d2_k155,64,22,4,4,2,0.006,0.002,0.009,0.000,0.006,0.001
cube_d2_k155,64,23,2,0,0,0.004,0.002,0.000,,,
cube_d2_k155,64,0,310,22343250,7447750,2.139,19.340,318.502,0.000,171.912,50.222
cube_d2_k155,64,1,7447750,7447750,3253446,160.001,50.275,136.624,0.000,38.785,21.497
cube_d2_k155,64,2,3253446,3253446,2097152,70.599,24.868,58.772,0.000,14.787,15.686
cube_d2_k155,64,3,2097152,2097152,1048576,50.171,15.817,31.117,0.000,7.947,6.648
cube_d2_k155,64,4,1048576,1048576,524288,30.014,8.621,22.673,0.000,4.390,7.672
cube_d2_k155,64,5,524288,524288,262144,14.500,4.318,9.919,0.000,2.079,2.359
cube_d2_k155,64,6,262144,262144,131072,7.267,2.071,6.953,0.000,2.840,1.061
cube_d2_k155,64,7,131072,131072,65536,3.635,1.052,3.029,0.000,0.858,0.576
cube_d2_k155,64,8,65536,65536,32768,1.752,0.604,7.778,0.000,6.752,0.328
cube_d2_k155,64,9,32768,32768,16384,0.979,0.414,3.940,0.000,3.286,0.233
cube_d2_k155,64,10,16384,16384,8192,1.974,0.285,2.060,0.000,1.640,0.142
cube_d2_k155,64,11,8192,8192,4096,1.101,0.356,1.015,0.000,0.590,0.087
cube_d2_k155,64,12,4096,4096,2048,0.579,0.180,0.586,0.000,0.323,0.065
cube_d2_k155,64,13,2048,2048,1024,0.334,0.118,0.365,0.000,0.209,0.044
cube_d2_k155,64,14,1024,1024,512,0.198,0.066,0.230,0.000,0.097,0.053
cube_d2_k155,64,15,512,512,256,0.130,0.061,0.170,0.000,0.048,0.064
cube_d2_k155,64,16,256,256,128,0.098,0.046,0.133,0.000,0.040,0.045
cube_d2_k155,64,17,128,128,64,0.073,0.031,0.075,0.000,0.023,0.020
cube_d2_k155,64,18,64,64,32,0.042,0.015,0.046,0.000,0.013,0.018
cube_d2_k155,64,19,32,32,16,0.029,0.014,0.019,0.000,0.009,0.005
cube_d2_k155,64,20,16,16,8,0.026,0.005,0.013,0.000,0.006,0.003
cube_d2_k155,64,21,8,8,4,0.015,0.003,0.009,0.000,0.005,0.001
cube_d2_k155,64,22,4,4,2,0.004,0.002,0.006,0.000,0.004,0.001
cube_d2_k155,64,23,2,0,0,0.003,0.001,0.000,,,
cube_d2_k155,64,0,310,22343250,7447750,1.950,3.783,279.784,0.000,130.291,49.384
cube_d2_k155,64,1,7447750,7447750,3253446,144.768,44.366,138.861,0.000,42.277,27.302
cube_d2_k155,64,2,3253446,3253446,2097152,102.946,22.079,88.692,0.000,26.337,30.395
cube_d2_k155,64,3,2097152,2097152,1048576,55.056,13.769,34.920,0.000,8.800,6.542
cube_d2_k155,64,4,1048576,1048576,524288,51.344,8.355,21.604,0.000,4.443,3.707
cube_d2_k155,64,5,524288,524288,262144,16.447,4.035,9.425,0.000,2.101,2.336
cube_d2_k155,64,6,262144,262144,131072,9.358,2.127,4.929,0.000,1.257,1.048
cube_d2_k155,64,7,131072,131072,65536,3.664,1.003,2.569,0.000,0.743,0.554
cube_d2_k155,64,8,65536,65536,32768,1.735,0.677,8.195,0.000,7.155,0.325
cube_d2_k155,64,9,32768,32768,16384,1.011,0.416,3.873,0.000,3.202,0.251
cube_d2_k155,64,10,16384,16384,8192,2.016,0.289,2.088,0.000,1.664,0.133
cube_d2_k155,64,11,8192,8192,4096,1.097,0.377,1.229,0.000,0.596,0.321
cube_d2_k155,64,12,4096,4096,2048,0.619,0.174,0.535,0.000,0.292,0.061
cube_d2_k155,64,13,2048,2048,1024,0.315,0.111,0.379,0.000,0.192,0.057
cube_d2_k155,64,14,1024,1024,512,0.197,0.076,0.227,0.000,0.097,0.048
cube_d2_k155,64,15,512,512,256,0.141,0.062,0.171,0.000,0.056,0.056
cube_d2_k155,64,16,256,256,128,0.084,0.041,0.116,0.000,0.038,0.036
cube_d2_k155,64,17,128,128,64,0.066,0.037,0.067,0.000,0.025,0.018
cube_d2_k155,64,18,64,64,32,0.049,0.022,0.040,0.000,0.013,0.013
cube_d2_k155,64,19,32,32,16,0.029,0.007,0.026,0.000,0.012,0.005
cube_d2_k155,64,20,16,16,8,0.022,0.004,0.013,0.000,0.006,0.003
cube_d2_k155,64,21,8,8,4,0.019,0.003,0.009,0.000,0.005,0.001
cube_d2_k155,64,22,4,4,2,0.004,0.002,0.006,0.000,0.004,0.001
cube_d2_k155,64,23,2,0,0,0.003,0.001,0.000,,,
cube_d2_k155,64,0,310,22343250,7447750,24.036,16.872,252.167,0.000,127.043,41.916
cube_d2_k155,64,1,7447750,7447750,3253446,155.618,39.157,147.167,0.000,34.593,19.951
cube_d2_k155,64,2,3253446,3253446,2097152,70.460,21.500,60.625,0.000,15.751,11.797
cube_d2_k155,64,3,2097152,2097152,1048576,46.228,15.669,29.487,0.000,7.301,6.354
cube_d2_k155,64,4,1048576,1048576,524288,28.018,8.040,17.370,0.000,4.919,3.639
cube_d2_k155,64,5,524288,524288,262144,14.415,3.896,9.083,0.000,2.155,1.877
cube_d2_k155,64,6,262144,262144,131072,7.831,2.459,5.157,0.000,1.182,1.032
cube_d2_k155,64,7,131072,131072,65536,3.379,0.970,2.517,0.001,0.697,0.566
cube_d2_k155,64,8,65536,65536,32768,1.784,0.627,8.180,0.000,7.207,0.316
cube_d2_k155,64,9,32768,32768,16384,0.973,0.417,4.056,0.000,3.427,0.222
cube_d2_k155,64,10,16384,16384,8192,2.061,0.297,2.127,0.000,1.710,0.140
cube_d2_k155,64,11,8192,8192,4096,1.089,0.364,1.034,0.000,0.620,0.113
cube_d2_k155,64,12,4096,4096,2048,0.564,0.187,0.535,0.000,0.290,0.066
cube_d2_k155,64,13,2048,2048,1024,0.332,0.119,0.352,0.000,0.198,0.048
cube_d2_k155,64,14,1024,1024,512,0.187,0.072,0.250,0.000,0.100,0.064
cube_d2_k155,64,15,512,512,256,0.119,0.066,0.178,0.000,0.051,0.050
cube_d2_k155,64,16,256,256,128,0.110,0.046,0.105,0.000,0.039,0.028
cube_d2_k155,64,17,128,128,64,0.091,0.027,0.068,0.000,0.020,0.016
cube_d2_k155,64,18,64,64,32,0.055,0.024,0.036,0.000,0.013,0.010
cube_d2_k155,64,19,32,32,16,0.020,0.008,0.018,0.000,0.008,0.005
cube_d2_k155,64,20,16,16,8,0.019,0.006,0.013,0.000,0.006,0.003
cube_d2_k155,64,21,8,8,4,0.015,0.003,0.009,0.000,0.005,0.001
cube_d2_k155,64,22,4,4,2,0.004,0.002,0.007,0.000,0.004,0.001
cube_d2_k155,64,23,2,0,0,0.003,0.001,0.000,,,
cube_d2_k155,64,0,310,22343250,7447750,1.917,3.741,252.781,0.000,122.559,43.382
cube_d2_k155,64,1,7447750,7447750,3253446,144.504,39.802,131.693,0.000,43.902,20.879
cube_d2_k155,64,2,3253446,3253446,2097152,70.453,21.287,54.527,0.000,16.183,12.511
cube_d2_k155,64,3,2097152,2097152,1048576,46.531,16.045,27.095,0.000,6.895,6.033
cube_d2_k155,64,4,1048576,1048576,524288,28.317,7.771,22.389,0.000,4.375,6.690
cube_d2_k155,64,5,524288,524288,262144,15.857,3.898,9.118,0.000,2.390,1.799
cube_d2_k155,64,6,262144,262144,131072,7.440,2.046,5.035,0.000,1.472,1.027
cube_d2_k155,64,7,131072,131072,65536,3.328,1.311,2.571,0.000,0.775,0.539
cube_d2_k155,64,8,65536,65536,32768,1.634,0.610,7.936,0.000,6.930,0.327
cube_d2_k155,64,9,32768,32768,16384,0.920,0.419,3.918,0.000,3.330,0.193
cube_d2_k155,64,10,16384,16384,8192,2.078,0.302,2.164,0.000,1.754,0.141
cube_d2_k155,64,11,8192,8192,4096,1.106,0.374,0.977,0.000,0.565,0.085
cube_d2_k155,64,12,4096,4096,2048,0.598,0.179,0.522,0.000,0.287,0.066
cube_d2_k155,64,13,2048,2048,1024,0.341,0.128,0.374,0.000,0.214,0.049
cube_d2_k155,64,14,1024,1024,512,0.181,0.076,0.219,0.000,0.097,0.047
cube_d2_k155,64,15,512,512,256,0.114,0.053,0.147,0.000,0.048,0.037
cube_d2_k155,64,16,256,256,128,0.092,0.045,0.108,0.000,0.034,0.031
cube_d2_k155,64,17,128,128,64,0.067,0.034,0.062,0.000,0.020,0.015
cube_d2_k155,64,18,64,64,32,0.034,0.015,0.044,0.000,0.013,0.010
cube_d2_k155,64,19,32,32,16,0.031,0.007,0.024,0.000,0.010,0.005
cube_d2_k155,64,20,16,16,8,0.022,0.005,0.013,0.000,0.006,0.002
cube_d2_k155,64,21,8,8,4,0.014,0.003,0.009,0.000,0.005,0.001
cube_d2_k155,64,22,4,4,2,0.004,0.002,0.007,0.000,0.004,0.001
cube_d2_k155,64,23,2,0,0,0.003,0.001,0.000,,,
cube_d2_k155,128,0,310,22343250,7447750,12.343,10.086,275.469,0.000,176.689,33.007
cube_d2_k155,128,1,7447750,7447750,3253446,87.634,25.581,128.685,0.000,44.135,15.493
cube_d2_k155,128,2,3253446,3253446,2097152,55.000,16.631,49.885,0.000,12.558,9.373
cube_d2_k155,128,3,2097152,2097152,1048576,35.319,10.886,27.555,0.000,6.310,4.884
cube_d2_k155,128,4,1048576,1048576,524288,24.246,7.183,17.240,0.000,3.591,3.896
cube_d2_k155,128,5,524288,524288,262144,12.544,3.887,10.423,0.000,1.881,2.368
cube_d2_k155,128,6,262144,262144,131072,6.366,1.813,4.759,0.000,1.132,0.873
cube_d2_k155,128,7,131072,131072,65536,2.950,0.950,2.497,0.000,0.676,0.475
cube_d2_k155,128,8,65536,65536,32768,1.601,0.572,7.975,0.000,6.968,0.303
cube_d2_k155,128,9,32768,32768,16384,0.933,0.382,4.127,0.000,3.531,0.190
cube_d2_k155,128,10,16384,16384,8192,2.736,0.298,2.534,0.000,1.775,0.424
cube_d2_k155,128,11,8192,8192,4096,1.392,0.356,1.122,0.000,0.642,0.148
cube_d2_k155,128,12,4096,4096,2048,0.708,0.192,0.608,0.000,0.338,0.065
cube_d2_k155,128,13,2048,2048,1024,0.394,0.117,0.402,0.000,0.214,0.062
cube_d2_k155,128,14,1024,1024,512,0.243,0.072,0.260,0.000,0.105,0.052
cube_d2_k155,128,15,512,512,256,0.149,0.056,0.162,0.000,0.058,0.042
cube_d2_k155,128,16,256,256,128,0.098,0.050,0.146,0.000,0.056,0.037
cube_d2_k155,128,17,128,128,64,0.060,0.040,0.148,0.000,0.035,0.047
cube_d2_k155,128,18,64,64,32,0.051,0.021,0.069,0.000,0.020,0.025
cube_d2_k155,128,19,32,32,16,0.026,0.009,0.032,0.000,0.012,0.008
cube_d2_k155,128,20,16,16,8,0.016,0.005,0.016,0.000,0.008,0.003
cube_d2_k155,128,21,8,8,4,0.016,0.004,0.012,0.000,0.007,0.002
cube_d2_k155,128,22,4,4,2,0.006,0.002,0.009,0.000,0.006,0.001
cube_d2_k155,128,23,2,0,0,0.004,0.001,0.000,,,
cube_d2_k155,128,0,310,22343250,7447750,1.569,3.717,225.852,0.000,129.747,29.648
cube_d2_k155,128,1,7447750,7447750,3253446,95.797,27.123,103.947,0.000,28.493,18.603
cube_d2_k155,128,2,3253446,3253446,2097152,52.459,17.001,53.922,0.000,15.677,12.524
cube_d2_k155,128,3,2097152,2097152,1048576,35.669,12.481,26.045,0.000,6.384,4.810
cube_d2_k155,128,4,1048576,1048576,524288,25.110,6.777,15.572,0.000,3.542,2.857
cube_d2_k155,128,5,524288,524288,262144,12.691,3.223,8.758,0.000,2.009,1.564
cube_d2_k155,128,6,262144,262144,131072,6.593,1.837,4.619,0.000,1.190,0.867
cube_d2_k155,128,7,131072,131072,65536,2.974,0.882,2.474,0.000,0.707,0.465
cube_d2_k155,128,8,65536,65536,32768,1.589,0.553,8.625,0.000,7.655,0.272
cube_d2_k155,128,9,32768,32768,16384,0.873,0.353,3.962,0.000,3.378,0.180
cube_d2_k155,128,10,16384,16384,8192,2.746,0.302,2.188,0.000,1.762,0.135
cube_d2_k155,128,11,8192,8192,4096,1.392,0.382,1.056,0.000,0.634,0.084
cube_d2_k155,128,12,4096,4096,2048,0.755,0.189,0.584,0.000,0.323,0.065
cube_d2_k155,128,13,2048,2048,1024,0.394,0.118,0.417,0.000,0.218,0.068
cube_d2_k155,128,14,1024,1024,512,0.218,0.078,0.250,0.000,0.099,0.057
cube_d2_k155,128,15,512,512,256,0.152,0.056,0.187,0.000,0.056,0.060
cube_d2_k155,128,16,256,256,128,0.109,0.045,0.130,0.000,0.040,0.030
cube_d2_k155,128,17,128,128,64,0.081,0.028,0.103,0.000,0.030,0.032
cube_d2_k155,128,18,64,64,32,0.047,0.025,0.056,0.000,0.023,0.016
cube_d2_k155,128,19,32,32,16,0.045,0.018,0.029,0.000,0.011,0.007
cube_d2_k155,128,20,16,16,8,0.025,0.006,0.016,0.000,0.008,0.003
cube_d2_k155,128,21,8,8,4,0.023,0.004,0.011,0.000,0.007,0.002
cube_d2_k155,128,22,4,4,2,0.006,0.002,0.009,0.000,0.006,0.001
cube_d2_k155,128,23,2,0,0,0.004,0.001,0.000,,,
cube_d2_k155,128,0,310,22343250,7447750,1.633,3.690,232.809,0.000,134.721,34.770
cube_d2_k155,128,1,7447750,7447750,3253446,120.962,31.703,105.055,0.000,28.275,18.841
cube_d2_k155,128,2,3253446,3253446,2097152,74.859,16.554,42.746,0.000,10.309,7.738
cube_d2_k155,128,3,2097152,2097152,1048576,34.806,14.652,26.253,0.000,6.383,4.252
cube_d2_k155,128,4,1048576,1048576,524288,24.122,6.763,16.172,0.000,3.463,3.901
cube_d2_k155,128,5,524288,524288,262144,18.753,3.295,13.015,0.000,1.913,6.410
cube_d2_k155,128,6,262144,262144,131072,6.219,1.724,4.382,0.000,1.113,0.788
cube_d2_k155,128,7,131072,131072,65536,2.907,0.956,2.400,0.000,0.722,0.439
cube_d2_k155,128,8,65536,65536,32768,1.551,0.542,8.119,0.000,7.232,0.266
cube_d2_k155,128,9,32768,32768,16384,0.801,0.362,3.905,0.000,3.342,0.175
cube_d2_k155,128,10,16384,16384,8192,2.667,0.261,2.088,0.000,1.684,0.140
cube_d2_k155,128,11,8192,8192,4096,1.368,0.358,1.083,0.000,0.672,0.083
cube_d2_k155,128,12,4096,4096,2048,0.725,0.189,0.607,0.000,0.349,0.061
cube_d2_k155,128,13,2048,2048,1024,0.401,0.122,0.405,0.000,0.227,0.053
cube_d2_k155,128,14,1024,1024,512,0.229,0.074,0.239,0.000,0.097,0.047
cube_d2_k155,128,15,512,512,256,0.150,0.066,0.187,0.000,0.057,0.056
cube_d2_k155,128,16,256,256,128,0.103,0.047,0.150,0.000,0.045,0.041
cube_d2_k155,128,17,128,128,64,0.075,0.037,0.119,0.000,0.035,0.035
cube_d2_k155,128,18,64,64,32,0.050,0.024,0.069,0.000,0.022,0.026
cube_d2_k155,128,19,32,32,16,0.035,0.009,0.032,0.000,0.015,0.006
cube_d2_k155,128,20,16,16,8,0.022,0.006,0.017,0.000,0.008,0.004
cube_d2_k155,128,21,8,8,4,0.016,0.004,0.020,0.000,0.006,0.002
cube_d2_k155,128,22,4,4,2,0.006,0.002,0.009,0.000,0.006,0.001
cube_d2_k155,128,23,2,0,0,0.004,0.001,0.000,,,
cube_d2_k155,128,0,310,22343250,7447750,1.801,3.607,214.551,0.000,116.275,40.132
cube_d2_k155,128,1,7447750,7447750,3253446,96.210,29.744,92.282,0.000,26.755,14.140
cube_d2_k155,128,2,3253446,3253446,2097152,53.903,22.094,43.571,0.000,11.043,8.477
cube_d2_k155,128,3,2097152,2097152,1048576,43.295,10.523,25.494,0.000,6.804,4.828
cube_d2_k155,128,4,1048576,1048576,524288,26.014,11.492,18.877,0.000,3.729,6.576
cube_d2_k155,128,5,524288,524288,262144,12.719,3.367,8.240,0.000,1.987,1.516
cube_d2_k155,128,6,262144,262144,131072,6.451,1.696,4.714,0.000,1.110,0.903
cube_d2_k155,128,7,131072,131072,65536,2.959,0.957,2.383,0.000,0.718,0.455
cube_d2_k155,128,8,65536,65536,32768,1.597,0.549,7.955,0.000,6.973,0.273
cube_d2_k155,128,9,32768,32768,16384,0.907,0.382,4.052,0.000,3.508,0.180
cube_d2_k155,128,10,16384,16384,8192,2.749,0.274,2.154,0.001,1.748,0.122
cube_d2_k155,128,11,8192,8192,4096,1.396,0.351,1.108,0.000,0.690,0.080
cube_d2_k155,128,12,4096,4096,2048,0.746,0.206,0.582,0.000,0.335,0.060
cube_d2_k155,128,13,2048,2048,1024,0.395,0.120,0.394,0.000,0.215,0.052
cube_d2_k155,128,14,1024,1024,512,0.234,0.077,0.242,0.000,0.105,0.045
cube_d2_k155,128,15,512,512,256,0.154,0.055,0.168,0.000,0.062,0.046
cube_d2_k155,128,16,256,256,128,0.105,0.050,0.152,0.000,0.039,0.052
cube_d2_k155,128,17,128,128,64,0.069,0.033,0.099,0.000,0.030,0.033
cube_d2_k155,128,18,64,64,32,0.050,0.028,0.065,0.000,0.022,0.022
cube_d2_k155,128,19,32,32,16,0.030,0.009,0.037,0.000,0.012,0.012
cube_d2_k155,128,20,16,16,8,0.027,0.006,0.017,0.000,0.008,0.004
cube_d2_k155,128,21,8,8,4,0.019,0.003,0.012,0.000,0.006,0.002
cube_d2_k155,128,22,4,4,2,0.006,0.002,0.009,0.000,0.006,0.001
cube_d2_k155,128,23,2,0,0,0.004,0.001,0.000,,,
cube_d2_k155,128,0,310,22343250,7447750,1.536,3.563,207.143,0.000,114.550,28.731
cube_d2_k155,128,1,7447750,7447750,3253446,100.292,27.720,90.171,0.000,27.138,14.457
cube_d2_k155,128,2,3253446,3253446,2097152,52.747,17.016,42.579,0.000,10.435,8.468
cube_d2_k155,128,3,2097152,2097152,1048576,35.496,12.331,24.580,0.000,6.219,4.859
cube_d2_k155,128,4,1048576,1048576,524288,23.635,6.625,14.789,0.000,3.406,2.834
cube_d2_k155,128,5,524288,524288,262144,12.770,3.209,8.262,0.000,2.020,1.504
cube_d2_k155,128,6,262144,262144,131072,6.401,1.704,4.289,0.000,1.130,0.848
cube_d2_k155,128,7,131072,131072,65536,2.994,0.898,2.339,0.000,0.730,0.475
cube_d2_k155,128,8,65536,65536,32768,1.587,0.627,8.094,0.000,7.251,0.257
cube_d2_k155,128,9,32768,32768,16384,0.831,0.349,3.921,0.000,3.364,0.178
cube_d2_k155,128,10,16384,16384,8192,2.673,0.329,2.178,0.000,1.737,0.117
cube_d2_k155,128,11,8192,8192,4096,1.371,0.364,1.080,0.000,0.669,0.079
cube_d2_k155,128,12,4096,4096,2048,0.734,0.194,0.592,0.000,0.346,0.061
cube_d2_k155,128,13,2048,2048,1024,0.386,0.119,0.409,0.000,0.231,0.055
cube_d2_k155,128,14,1024,1024,512,0.240,0.067,0.254,0.000,0.104,0.061
cube_d2_k155,128,15,512,512,256,0.145,0.066,0.158,0.000,0.060,0.034
cube_d2_k155,128,16,256,256,128,0.117,0.044,0.124,0.000,0.039,0.041
cube_d2_k155,128,17,128,128,64,0.073,0.033,0.099,0.000,0.031,0.031
cube_d2_k155,128,18,64,64,32,0.046,0.021,0.062,0.001,0.025,0.013
cube_d2_k155,128,19,32,32,16,0.034,0.013,0.037,0.000,0.011,0.014
cube_d2_k155,128,20,16,16,8,0.026,0.005,0.017,0.000,0.008,0.004
cube_d2_k155,128,21,8,8,4,0.014,0.003,0.011,0.000,0.006,0.002
cube_d2_k155,128,22,4,4,2,0.006,0.002,0.008,0.000,0.005,0.001
cube_d2_k155,128,23,2,0,0,0.004,0.001,0.000,,,
cube_d2_k155,128,0,310,22343250,7447750,1.593,3.666,203.353,0.000,112.331,29.290
cube_d2_k155,128,1,7447750,7447750,3253446,97.136,29.030,94.953,0.000,26.656,14.298
cube_d2_k155,128,2,3253446,3253446,2097152,54.332,17.114,42.087,0.000,10.316,8.473
cube_d2_k155,128,3,2097152,2097152,1048576,35.351,10.316,24.203,0.000,6.124,4.824
cube_d2_k155,128,4,1048576,1048576,524288,24.181,6.625,15.016,0.000,3.372,2.815
cube_d2_k155,128,5,524288,524288,262144,13.940,3.166,8.175,0.000,2.194,1.529
cube_d2_k155,128,6,262144,262144,131072,6.976,1.766,4.711,0.000,1.567,0.827
cube_d2_k155,128,7,131072,131072,65536,2.983,0.885,2.330,0.000,0.723,0.461
cube_d2_k155,128,8,65536,65536,32768,1.531,0.583,8.587,0.000,7.718,0.266
cube_d2_k155,128,9,32768,32768,16384,0.964,0.401,4.093,0.000,3.558,0.173
cube_d2_k155,128,10,16384,16384,8192,2.674,0.276,2.119,0.000,1.749,0.115
cube_d2_k155,128,11,8192,8192,4096,1.391,0.361,1.074,0.000,0.671,0.072
cube_d2_k155,128,12,4096,4096,2048,0.738,0.194,0.597,0.000,0.336,0.063
cube_d2_k155,128,13,2048,2048,1024,0.376,0.130,0.400,0.000,0.222,0.054
cube_d2_k155,128,14,1024,1024,512,0.224,0.075,0.267,0.000,0.105,0.073
cube_d2_k155,128,15,512,512,256,0.143,0.061,0.186,0.000,0.057,0.059
cube_d2_k155,128,16,256,256,128,0.109,0.048,0.131,0.000,0.044,0.029
cube_d2_k155,128,17,128,128,64,0.067,0.038,0.120,0.000,0.034,0.042
cube_d2_k155,128,18,64,64,32,0.061,0.019,0.069,0.000,0.026,0.019
cube_d2_k155,128,19,32,32,16,0.037,0.013,0.031,0.000,0.014,0.006
cube_d2_k155,128,20,16,16,8,0.023,0.006,0.017,0.000,0.008,0.004
cube_d2_k155,128,21,8,8,4,0.017,0.004,0.012,0.000,0.007,0.002
cube_d2_k155,128,22,4,4,2,0.006,0.002,0.009,0.000,0.006,0.001
cube_d2_k155,128,23,2,0,0,0.004,0.001,0.000,,,
cube_d2_k155,144,0,310,22343250,7447750,12.467,33.242,288.482,0.000,189.709,33.837
cube_d2_k155,144,1,7447750,7447750,3253446,81.340,25.805,119.959,0.000,44.693,14.149
cube_d2_k155,144,2,3253446,3253446,2097152,50.595,16.223,51.051,0.000,12.385,8.641
cube_d2_k155,144,3,2097152,2097152,1048576,33.333,10.593,28.551,0.000,6.045,4.571
cube_d2_k155,144,4,1048576,1048576,524288,23.567,9.766,16.879,0.000,3.263,3.857
cube_d2_k155,144,5,524288,524288,262144,12.232,3.947,9.424,0.000,1.962,2.211
cube_d2_k155,144,6,262144,262144,131072,5.898,1.770,4.678,0.000,1.144,0.796
cube_d2_k155,144,7,131072,131072,65536,2.829,0.892,2.705,0.000,0.814,0.484
cube_d2_k155,144,8,65536,65536,32768,1.467,0.574,7.469,0.000,6.496,0.265
cube_d2_k155,144,9,32768,32768,16384,0.903,0.373,3.958,0.000,3.335,0.197
cube_d2_k155,144,10,16384,16384,8192,2.611,0.256,2.130,0.000,1.693,0.144
cube_d2_k155,144,11,8192,8192,4096,1.345,0.371,1.196,0.000,0.651,0.198
cube_d2_k155,144,12,4096,4096,2048,0.685,0.196,0.602,0.000,0.332,0.067
cube_d2_k155,144,13,2048,2048,1024,0.373,0.123,0.396,0.000,0.200,0.051
cube_d2_k155,144,14,1024,1024,512,0.230,0.075,0.247,0.000,0.107,0.047
cube_d2_k155,144,15,512,512,256,0.143,0.065,0.184,0.000,0.058,0.055
cube_d2_k155,144,16,256,256,128,0.107,0.056,0.152,0.000,0.041,0.046
cube_d2_k155,144,17,128,128,64,0.070,0.042,0.087,0.000,0.028,0.024
cube_d2_k155,144,18,64,64,32,0.043,0.019,0.061,0.000,0.019,0.022
cube_d2_k155,144,19,32,32,16,0.037,0.013,0.036,0.000,0.016,0.009
cube_d2_k155,144,20,16,16,8,0.021,0.006,0.017,0.000,0.009,0.003
cube_d2_k155,144,21,8,8,4,0.017,0.003,0.012,0.000,0.007,0.002
cube_d2_k155,144,22,4,4,2,0.006,0.002,0.009,0.000,0.006,0.001
cube_d2_k155,144,23,2,0,0,0.004,0.002,0.000,,,
cube_d2_k155,144,0,310,22343250,7447750,1.580,3.628,210.402,0.000,125.745,26.894
cube_d2_k155,144,1,7447750,7447750,3253446,86.592,26.618,96.708,0.000,30.355,14.060
cube_d2_k155,144,2,3253446,3253446,2097152,56.444,19.018,50.021,0.000,12.991,9.973
cube_d2_k155,144,3,2097152,2097152,1048576,34.906,11.339,27.732,0.000,6.563,5.408
cube_d2_k155,144,4,1048576,1048576,524288,23.137,6.655,17.869,0.001,4.171,4.850
cube_d2_k155,144,5,524288,524288,262144,12.687,4.188,10.115,0.000,2.950,1.424
cube_d2_k155,144,6,262144,262144,131072,6.922,1.705,4.342,0.000,1.138,0.836
cube_d2_k155,144,7,131072,131072,65536,2.854,0.907,3.156,0.000,0.725,0.456
cube_d2_k155,144,8,65536,65536,32768,1.510,0.559,8.137,0.000,7.221,0.259
cube_d2_k155,144,9,32768,32768,16384,1.739,0.379,3.923,0.000,3.393,0.162
cube_d2_k155,144,10,16384,16384,8192,2.717,0.250,2.079,0.000,1.699,0.130
cube_d2_k155,144,11,8192,8192,4096,1.406,0.364,1.022,0.000,0.614,0.076
cube_d2_k155,144,12,4096,4096,2048,0.724,0.195,0.600,0.000,0.345,0.068
cube_d2_k155,144,13,2048,2048,1024,0.375,0.125,0.400,0.000,0.221,0.056
cube_d2_k155,144,14,1024,1024,512,0.226,0.072,0.256,0.000,0.108,0.044
cube_d2_k155,144,15,512,512,256,0.148,0.064,0.177,0.000,0.063,0.040
cube_d2_k155,144,16,256,256,128,0.196,0.051,0.147,0.000,0.041,0.048
cube_d2_k155,144,17,128,128,64,0.065,0.032,0.096,0.000,0.028,0.025
cube_d2_k155,144,18,64,64,32,0.054,0.018,0.061,0.000,0.019,0.020
cube_d2_k155,144,19,32,32,16,0.027,0.013,0.036,0.000,0.013,0.008
cube_d2_k155,144,20,16,16,8,0.023,0.006,0.017,0.000,0.008,0.004
cube_d2_k155,144,21,8,8,4,0.017,0.004,0.012,0.000,0.007,0.002
cube_d2_k155,144,22,4,4,2,0.006,0.002,0.009,0.000,0.006,0.001
cube_d2_k155,144,23,2,0,0,0.004,0.001,0.000,,,
cube_d2_k155,144,0,310,22343250,7447750,5.466,12.696,271.948,0.000,159.671,29.192
cube_d2_k155,144,1,7447750,7447750,3253446,140.889,31.504,112.543,0.000,42.692,13.287
cube_d2_k155,144,2,3253446,3253446,2097152,63.343,16.774,52.288,0.000,18.829,8.116
cube_d2_k155,144,3,2097152,2097152,1048576,34.111,11.557,25.193,0.000,6.223,4.578
cube_d2_k155,144,4,1048576,1048576,524288,30.747,10.859,15.775,0.000,3.229,2.694
cube_d2_k155,144,5,524288,524288,262144,12.245,7.992,12.384,0.000,1.934,5.920
cube_d2_k155,144,6,262144,262144,131072,6.329,1.788,4.355,0.000,1.118,0.812
cube_d2_k155,144,7,131072,131072,65536,2.820,1.016,2.396,0.000,0.703,0.460
cube_d2_k155,144,8,65536,65536,32768,1.550,0.592,8.457,0.000,7.546,0.280
cube_d2_k155,144,9,32768,32768,16384,0.866,0.380,4.077,0.000,3.528,0.172
cube_d2_k155,144,10,16384,16384,8192,2.848,0.266,4.279,0.000,1.766,0.126
cube_d2_k155,144,11,8192,8192,4096,1.393,0.360,1.752,0.000,0.708,0.447
cube_d2_k155,144,12,4096,4096,2048,0.747,0.202,0.674,0.000,0.350,0.063
cube_d2_k155,144,13,2048,2048,1024,0.401,0.116,0.469,0.000,0.203,0.046
cube_d2_k155,144,14,1024,1024,512,0.242,0.078,0.242,0.000,0.110,0.044
cube_d2_k155,144,15,512,512,256,0.154,0.055,0.171,0.000,0.056,0.050
cube_d2_k155,144,16,256,256,128,0.123,0.044,0.202,0.000,0.040,0.048
cube_d2_k155,144,17,128,128,64,0.063,0.038,0.127,0.000,0.037,0.046
cube_d2_k155,144,18,64,64,32,0.051,0.029,0.071,0.000,0.026,0.022
cube_d2_k155,144,19,32,32,16,0.046,0.013,0.044,0.000,0.026,0.007
cube_d2_k155,144,20,16,16,8,0.017,0.006,0.022,0.000,0.009,0.004
cube_d2_k155,144,21,8,8,4,0.014,0.004,0.012,0.000,0.007,0.002
cube_d2_k155,144,22,4,4,2,0.007,0.002,0.009,0.000,0.006,0.001
cube_d2_k155,144,23,2,0,0,0.004,0.002,0.000,,,
cube_d2_k155,144,0,310,22343250,7447750,17.028,9.404,271.710,0.000,161.031,42.979
cube_d2_k155,144,1,7447750,7447750,3253446,93.893,43.902,105.233,0.000,34.048,16.325
cube_d2_k155,144,2,3253446,3253446,2097152,49.920,20.317,48.524,0.000,16.649,7.287
cube_d2_k155,144,3,2097152,2097152,1048576,33.109,10.366,23.398,0.000,6.414,3.961
cube_d2_k155,144,4,1048576,1048576,524288,22.787,7.875,22.324,0.000,3.510,10.837
cube_d2_k155,144,5,524288,524288,262144,14.335,8.577,7.714,0.000,1.955,1.270
cube_d2_k155,144,6,262144,262144,131072,8.138,1.743,4.179,0.000,1.135,0.780
cube_d2_k155,144,7,131072,131072,65536,2.773,1.156,2.336,0.000,0.675,0.446
cube_d2_k155,144,8,65536,65536,32768,1.465,0.568,8.153,0.000,7.182,0.242
cube_d2_k155,144,9,32768,32768,16384,0.866,0.347,3.970,0.000,3.433,0.173
cube_d2_k155,144,10,16384,16384,8192,2.724,0.271,2.036,0.000,1.648,0.123
cube_d2_k155,144,11,8192,8192,4096,1.371,0.395,1.072,0.000,0.672,0.080
cube_d2_k155,144,12,4096,4096,2048,0.742,0.192,0.568,0.000,0.333,0.056
cube_d2_k155,144,13,2048,2048,1024,0.395,0.117,0.401,0.000,0.220,0.051
cube_d2_k155,144,14,1024,1024,512,0.248,0.090,0.227,0.000,0.103,0.039
cube_d2_k155,144,15,512,512,256,0.139,0.055,0.195,0.000,0.059,0.061
cube_d2_k155,144,16,256,256,128,0.123,0.069,0.159,0.000,0.045,0.048
cube_d2_k155,144,17,128,128,64,0.075,0.030,0.089,0.000,0.027,0.025
cube_d2_k155,144,18,64,64,32,0.054,0.026,0.063,0.000,0.026,0.018
cube_d2_k155,144,19,32,32,16,0.036,0.011,0.040,0.000,0.012,0.012
cube_d2_k155,144,20,16,16,8,0.023,0.006,0.017,0.000,0.008,0.004
cube_d2_k155,144,21,8,8,4,0.017,0.004,0.012,0.000,0.007,0.002
cube_d2_k155,144,22,4,4,2,0.006,0.002,0.009,0.000,0.006,0.001
cube_d2_k155,144,23,2,0,0,0.004,0.002,0.000,,,
cube_d2_k155,144,0,310,22343250,7447750,1.675,3.600,206.630,0.000,113.585,28.017
cube_d2_k155,144,1,7447750,7447750,3253446,85.974,28.595,89.012,0.000,25.745,13.384
cube_d2_k155,144,2,3253446,3253446,2097152,52.496,16.527,42.123,0.000,10.109,7.984
cube_d2_k155,144,3,2097152,2097152,1048576,33.903,10.207,24.508,0.000,6.133,4.588
cube_d2_k155,144,4,1048576,1048576,524288,24.265,6.683,14.980,0.000,3.656,2.674
cube_d2_k155,144,5,524288,524288,262144,12.452,3.173,8.198,0.000,2.008,1.465
cube_d2_k155,144,6,262144,262144,131072,6.212,1.662,4.347,0.000,1.157,0.817
cube_d2_k155,144,7,131072,131072,65536,2.849,0.909,2.347,0.000,0.702,0.469
cube_d2_k155,144,8,65536,65536,32768,1.557,0.560,9.011,0.000,8.130,0.265
cube_d2_k155,144,9,32768,32768,16384,0.886,0.374,3.990,0.000,3.417,0.181
cube_d2_k155,144,10,16384,16384,8192,2.753,0.267,2.127,0.000,1.717,0.131
cube_d2_k155,144,11,8192,8192,4096,1.365,0.364,1.100,0.000,0.688,0.077
cube_d2_k155,144,12,4096,4096,2048,0.726,0.189,0.617,0.000,0.331,0.073
cube_d2_k155,144,13,2048,2048,1024,0.387,0.119,0.433,0.000,0.241,0.059
cube_d2_k155,144,14,1024,1024,512,0.241,0.078,0.255,0.000,0.112,0.045
cube_d2_k155,144,15,512,512,256,0.142,0.057,0.184,0.000,0.062,0.059
cube_d2_k155,144,16,256,256,128,0.115,0.054,0.169,0.000,0.045,0.058
cube_d2_k155,144,17,128,128,64,0.078,0.036,0.116,0.000,0.034,0.042
cube_d2_k155,144,18,64,64,32,0.048,0.027,0.052,0.000,0.019,0.014
cube_d2_k155,144,19,32,32,16,0.024,0.011,0.031,0.000,0.012,0.009
cube_d2_k155,144,20,16,16,8,0.019,0.006,0.017,0.000,0.008,0.004
cube_d2_k155,144,21,8,8,4,0.015,0.004,0.012,0.000,0.007,0.002
cube_d2_k155,144,22,4,4,2,0.006,0.002,0.009,0.000,0.006,0.001
cube_d2_k155,144,23,2,0,0,0.004,0.002,0.000,,,
cube_d2_k155,144,0,310,22343250,7447750,4.368,4.595,313.574,0.000,208.906,28.630
cube_d2_k155,144,1,7447750,7447750,3253446,92.372,29.565,95.806,0.000,32.028,13.468
cube_d2_k155,144,2,3253446,3253446,2097152,56.388,17.240,47.108,0.000,13.281,8.028
cube_d2_k155,144,3,2097152,2097152,1048576,33.784,10.132,24.671,0.000,6.111,4.563
cube_d2_k155,144,4,1048576,1048576,524288,32.574,6.543,15.895,0.000,4.064,3.033
cube_d2_k155,144,5,524288,524288,262144,12.960,3.286,8.627,0.000,2.265,1.438
cube_d2_k155,144,6,262144,262144,131072,6.632,1.818,4.768,0.000,1.487,0.785
cube_d2_k155,144,7,131072,131072,65536,2.869,0.895,2.523,0.000,0.725,0.609
cube_d2_k155,144,8,65536,65536,32768,1.513,0.602,8.489,0.000,7.600,0.271
cube_d2_k155,144,9,32768,32768,16384,0.923,0.363,4.102,0.000,3.533,0.197
cube_d2_k155,144,10,16384,16384,8192,2.796,0.271,2.755,0.000,1.721,0.765
cube_d2_k155,144,11,8192,8192,4096,1.346,0.359,1.368,0.000,0.668,0.358
cube_d2_k155,144,12,4096,4096,2048,0.750,0.195,0.622,0.000,0.365,0.066
cube_d2_k155,144,13,2048,2048,1024,0.391,0.117,0.403,0.000,0.214,0.047
cube_d2_k155,144,14,1024,1024,512,0.240,0.074,0.264,0.000,0.116,0.046
cube_d2_k155,144,15,512,512,256,0.146,0.055,0.180,0.000,0.057,0.045
cube_d2_k155,144,16,256,256,128,0.104,0.053,0.145,0.000,0.039,0.048
cube_d2_k155,144,17,128,128,64,0.073,0.031,0.102,0.000,0.028,0.039
cube_d2_k155,144,18,64,64,32,0.043,0.024,0.076,0.000,0.026,0.026
cube_d2_k155,144,19,32,32,16,0.049,0.010,0.033,0.000,0.014,0.007
cube_d2_k155,144,20,16,16,8,0.023,0.006,0.038,0.000,0.009,0.025
cube_d2_k155,144,21,8,8,4,0.013,0.004,0.013,0.000,0.007,0.002
cube_d2_k155,144,22,4,4,2,0.007,0.002,0.009,0.000,0.006,0.001
cube_d2_k155,144,23,2,0,0,0.004,0.002,0.000,,,
cube_d3_k5,1,0,10,750,250,0.666,0.007,0.183,0.000,0.077,0.050
cube_d3_k5,1,1,250,250,106,0.094,0.017,0.057,0.000,0.023,0.015
cube_d3_k5,1,2,106,106,52,0.039,0.008,0.026,0.000,0.011,0.007
cube_d3_k5,1,3,52,52,18,0.020,0.004,0.013,0.000,0.006,0.003
cube_d3_k5,1,4,18,18,6,0.008,0.002,0.007,0.000,0.004,0.001
cube_d3_k5,1,5,6,6,2,0.003,0.001,0.005,0.000,0.003,0.001
cube_d3_k5,1,6,2,0,0,0.002,0.001,0.000,,,
cube_d3_k5,1,0,10,750,250,0.007,0.003,0.120,0.000,0.048,0.030
cube_d3_k5,1,1,250,250,106,0.092,0.016,0.055,0.000,0.023,0.015
cube_d3_k5,1,2,106,106,52,0.039,0.008,0.025,0.000,0.011,0.007
cube_d3_k5,1,3,52,52,18,0.020,0.004,0.014,0.000,0.006,0.003
cube_d3_k5,1,4,18,18,6,0.008,0.002,0.007,0.000,0.004,0.001
cube_d3_k5,1,5,6,6,2,0.003,0.001,0.005,0.000,0.003,0.001
cube_d3_k5,1,6,2,0,0,0.002,0.001,0.000,,,
cube_d3_k5,1,0,10,750,250,0.007,0.003,0.119,0.000,0.048,0.030
cube_d3_k5,1,1,250,250,106,0.091,0.015,0.054,0.000,0.022,0.014
cube_d3_k5,1,2,106,106,52,0.039,0.007,0.025,0.000,0.011,0.006
cube_d3_k5,1,3,52,52,18,0.020,0.004,0.013,0.000,0.006,0.003
cube_d3_k5,1,4,18,18,6,0.008,0.002,0.007,0.000,0.004,0.001
cube_d3_k5,1,5,6,6,2,0.003,0.001,0.005,0.000,0.003,0.001
cube_d3_k5,1,6,2,0,0,0.002,0.001,0.000,,,
cube_d3_k5,1,0,10,750,250,0.006,0.002,0.119,0.000,0.048,0.030
cube_d3_k5,1,1,250,250,106,0.088,0.015,0.055,0.000,0.022,0.014
cube_d3_k5,1,2,106,106,52,0.039,0.008,0.025,0.000,0.011,0.007
cube_d3_k5,1,3,52,52,18,0.020,0.004,0.013,0.000,0.006,0.003
cube_d3_k5,1,4,18,18,6,0.008,0.002,0.007,0.000,0.004,0.001
cube_d3_k5,1,5,6,6,2,0.003,0.001,0.005,0.000,0.003,0.001
cube_d3_k5,1,6,2,0,0,0.002,0.001,0.000,,,
cube_d3_k5,1,0,10,750,250,0.006,0.002,0.120,0.000,0.049,0.030
cube_d3_k5,1,1,250,250,106,0.087,0.015,0.055,0.000,0.022,0.014
cube_d3_k5,1,2,106,106,52,0.039,0.007,0.025,0.000,0.011,0.006
cube_d3_k5,1,3,52,52,18,0.020,0.004,0.013,0.000,0.006,0.003
cube_d3_k5,1,4,18,18,6,0.008,0.002,0.007,0.000,0.004,0.001
cube_d3_k5,1,5,6,6,2,0.003,0.001,0.005,0.000,0.003,0.001
cube_d3_k5,1,6,2,0,0,0.002,0.001,0.000,,,
cube_d3_k5,1,0,10,750,250,0.006,0.002,0.119,0.000,0.048,0.030
cube_d3_k5,1,1,250,250,106,0.088,0.015,0.055,0.000,0.023,0.014
cube_d3_k5,1,2,106,106,52,0.039,0.007,0.025,0.000,0.011,0.007
cube_d3_k5,1,3,52,52,18,0.020,0.004,0.013,0.000,0.006,0.003
cube_d3_k5,1,4,18,18,6,0.008,0.002,0.007,0.000,0.004,0.001
cube_d3_k5,1,5,6,6,2,0.003,0.001,0.005,0.000,0.003,0.001
cube_d3_k5,1,6,2,0,0,0.002,0.001,0.000,,,
cube_d3_k5,2,0,10,750,250,0.644,0.007,0.640,0.000,0.462,0.086
cube_d3_k5,2,1,250,250,106,0.294,0.020,0.070,0.000,0.026,0.019
cube_d3_k5,2,2,106,106,52,0.052,0.009,0.032,0.000,0.012,0.008
cube_d3_k5,2,3,52,52,18,0.040,0.004,0.014,0.000,0.006,0.003
cube_d3_k5,2,4,18,18,6,0.009,0.002,0.008,0.000,0.004,0.001
cube_d3_k5,2,5,6,6,2,0.004,0.001,0.005,0.000,0.003,0.001
cube_d3_k5,2,6,2,0,0,0.002,0.001,0.000,,,
cube_d3_k5,2,0,10,750,250,0.364,0.003,0.132,0.000,0.053,0.035
cube_d3_k5,2,1,250,250,106,0.104,0.018,0.060,0.000,0.024,0.016
cube_d3_k5,2,2,106,106,52,0.046,0.008,0.028,0.000,0.012,0.007
cube_d3_k5,2,3,52,52,18,0.021,0.004,0.014,0.000,0.006,0.003
cube_d3_k5,2,4,18,18,6,0.012,0.003,0.008,0.000,0.004,0.001
cube_d3_k5,2,5,6,6,2,0.004,0.001,0.005,0.000,0.003,0.001
cube_d3_k5,2,6,2,0,0,0.002,0.001,0.000,,,
cube_d3_k5,2,0,10,750,250,0.007,0.003,0.134,0.000,0.049,0.039
cube_d3_k5,2,1,250,250,106,0.104,0.017,0.060,0.000,0.023,0.016
cube_d3_k5,2,2,106,106,52,0.046,0.008,0.027,0.000,0.012,0.007
cube_d3_k5,2,3,52,52,18,0.022,0.004,0.014,0.000,0.006,0.003
cube_d3_k5,2,4,18,18,6,0.013,0.003,0.008,0.000,0.004,0.001
cube_d3_k5,2,5,6,6,2,0.004,0.001,0.005,0.000,0.003,0.001
cube_d3_k5,2,6,2,0,0,0.002,0.001,0.000,,,
cube_d3_k5,2,0,10,750,250,0.006,0.003,0.133,0.000,0.049,0.038
cube_d3_k5,2,1,250,250,106,0.224,0.018,0.063,0.000,0.025,0.017
cube_d3_k5,2,2,106,106,52,0.049,0.009,0.028,0.000,0.012,0.007
cube_d3_k5,2,3,52,52,18,0.024,0.004,0.015,0.000,0.007,0.003
cube_d3_k5,2,4,18,18,6,0.012,0.003,0.008,0.000,0.004,0.001
cube_d3_k5,2,5,6,6,2,0.003,0.001,0.005,0.000,0.003,0.001
cube_d3_k5,2,6,2,0,0,0.002,0.001,0.000,,,
cube_d3_k5,2,0,10,750,250,0.007,0.003,0.133,0.000,0.049,0.037
cube_d3_k5,2,1,250,250,106,0.107,0.019,0.071,0.000,0.024,0.028
cube_d3_k5,2,2,106,106,52,0.049,0.008,0.027,0.000,0.012,0.007
cube_d3_k5,2,3,52,52,18,0.023,0.004,0.014,0.000,0.006,0.003
cube_d3_k5,2,4,18,18,6,0.009,0.002,0.008,0.000,0.004,0.001
cube_d3_k5,2,5,6,6,2,0.003,0.001,0.005,0.000,0.003,0.001
cube_d3_k5,2,6,2,0,0,0.002,0.001,0.000,,,
cube_d3_k5,2,0,10,750,250,0.006,0.003,0.129,0.000,0.051,0.034
cube_d3_k5,2,1,250,250,106,0.093,0.017,0.090,0.000,0.051,0.018
cube_d3_k5,2,2,106,106,52,0.045,0.008,0.028,0.000,0.012,0.007
cube_d3_k5,2,3,52,52,18,0.023,0.004,0.015,0.000,0.006,0.003
cube_d3_k5,2,4,18,18,6,0.009,0.002,0.008,0.000,0.004,0.001
cube_d3_k5,2,5,6,6,2,0.004,0.001,0.005,0.000,0.003,0.001
cube_d3_k5,2,6,2,0,0,0.002,0.001,0.000,,,
cube_d3_k5,4,0,10,750,250,0.950,0.006,0.505,0.000,0.380,0.067
cube_d3_k5,4,1,250,250,106,0.095,0.032,0.085,0.000,0.033,0.021
cube_d3_k5,4,2,106,106,52,0.068,0.013,0.044,0.000,0.017,0.011
cube_d3_k5,4,3,52,52,18,0.029,0.007,0.022,0.000,0.009,0.005
cube_d3_k5,4,4,18,18,6,0.014,0.004,0.023,0.000,0.017,0.002
cube_d3_k5,4,5,6,6,2,0.008,0.002,0.009,0.000,0.006,0.001
cube_d3_k5,4,6,2,0,0,0.003,0.001,0.000,,,
cube_d3_k5,4,0,10,750,250,0.011,0.004,0.173,0.000,0.078,0.040
cube_d3_k5,4,1,250,250,106,0.100,0.034,0.078,0.000,0.030,0.019
cube_d3_k5,4,2,106,106,52,0.073,0.012,0.043,0.000,0.017,0.011
cube_d3_k5,4,3,52,52,18,0.027,0.008,0.022,0.000,0.009,0.005
cube_d3_k5,4,4,18,18,6,0.013,0.004,0.011,0.000,0.006,0.002
cube_d3_k5,4,5,6,6,2,0.006,0.002,0.007,0.000,0.005,0.001
cube_d3_k5,4,6,2,0,0,0.003,0.001,0.000,,,
cube_d3_k5,4,0,10,750,250,0.011,0.004,0.175,0.000,0.078,0.040
cube_d3_k5,4,1,250,250,106,0.103,0.033,0.078,0.000,0.029,0.020
cube_d3_k5,4,2,106,106,52,0.074,0.012,0.043,0.000,0.018,0.011
cube_d3_k5,4,3,52,52,18,0.026,0.008,0.022,0.000,0.009,0.005
cube_d3_k5,4,4,18,18,6,0.015,0.004,0.012,0.000,0.006,0.002
cube_d3_k5,4,5,6,6,2,0.007,0.002,0.007,0.000,0.005,0.001
cube_d3_k5,4,6,2,0,0,0.003,0.001,0.000,,,
cube_d3_k5,4,0,10,750,250,0.010,0.004,0.164,0.000,0.079,0.036
cube_d3_k5,4,1,250,250,106,0.103,0.032,0.078,0.000,0.030,0.020
cube_d3_k5,4,2,106,106,52,0.067,0.012,0.042,0.000,0.017,0.011
cube_d3_k5,4,3,52,52,18,0.030,0.008,0.022,0.000,0.009,0.005
cube_d3_k5,4,4,18,18,6,0.012,0.004,0.011,0.000,0.006,0.002
cube_d3_k5,4,5,6,6,2,0.005,0.002,0.007,0.000,0.005,0.001
cube_d3_k5,4,6,2,0,0,0.003,0.001,0.000,,,
cube_d3_k5,4,0,10,750,250,0.010,0.004,0.170,0.000,0.079,0.037
cube_d3_k5,4,1,250,250,106,0.101,0.032,0.080,0.000,0.031,0.021
cube_d3_k5,4,2,106,106,52,0.060,0.013,0.042,0.000,0.017,0.011
cube_d3_k5,4,3,52,52,18,0.029,0.008,0.022,0.000,0.009,0.005
cube_d3_k5,4,4,18,18,6,0.012,0.004,0.011,0.000,0.006,0.002
cube_d3_k5,4,5,6,6,2,0.006,0.002,0.007,0.000,0.005,0.001
cube_d3_k5,4,6,2,0,0,0.003,0.001,0.000,,,
cube_d3_k5,4,0,10,750,250,0.388,0.005,0.193,0.000,0.074,0.041
cube_d3_k5,4,1,250,250,106,0.096,0.025,0.066,0.000,0.029,0.017
cube_d3_k5,4,2,106,106,52,0.032,0.010,0.030,0.000,0.012,0.008
cube_d3_k5,4,3,52,52,18,0.023,0.006,0.016,0.000,0.007,0.003
cube_d3_k5,4,4,18,18,6,0.012,0.003,0.008,0.000,0.004,0.002
cube_d3_k5,4,5,6,6,2,0.004,0.001,0.005,0.000,0.003,0.001
cube_d3_k5,4,6,2,0,0,0.002,0.001,0.000,,,
cube_d3_k5,8,0,10,750,250,0.969,0.005,0.478,0.000,0.386,0.048
cube_d3_k5,8,1,250,250,106,0.334,0.026,0.085,0.000,0.028,0.019
cube_d3_k5,8,2,106,106,52,0.030,0.010,0.033,0.000,0.013,0.008
cube_d3_k5,8,3,52,52,18,0.019,0.006,0.016,0.000,0.007,0.004
cube_d3_k5,8,4,18,18,6,0.009,0.003,0.009,0.000,0.005,0.001
cube_d3_k5,8,5,6,6,2,0.006,0.002,0.006,0.000,0.004,0.001
cube_d3_k5,8,6,2,0,0,0.002,0.001,0.000,,,
cube_d3_k5,8,0,10,750,250,0.326,0.004,0.124,0.000,0.052,0.027
cube_d3_k5,8,1,250,250,106,0.082,0.021,0.069,0.000,0.026,0.019
cube_d3_k5,8,2,106,106,52,0.033,0.011,0.032,0.000,0.013,0.008
cube_d3_k5,8,3,52,52,18,0.021,0.006,0.016,0.000,0.007,0.004
cube_d3_k5,8,4,18,18,6,0.010,0.003,0.008,0.000,0.005,0.001
cube_d3_k5,8,5,6,6,2,0.005,0.001,0.006,0.000,0.004,0.001
cube_d3_k5,8,6,2,0,0,0.002,0.001,0.000,,,
cube_d3_k5,8,0,10,750,250,0.007,0.003,0.115,0.000,0.051,0.026
cube_d3_k5,8,1,250,250,106,0.063,0.020,0.065,0.000,0.025,0.019
cube_d3_k5,8,2,106,106,52,0.049,0.011,0.031,0.000,0.013,0.008
cube_d3_k5,8,3,52,52,18,0.020,0.006,0.016,0.000,0.007,0.004
cube_d3_k5,8,4,18,18,6,0.012,0.003,0.008,0.000,0.005,0.001
cube_d3_k5,8,5,6,6,2,0.004,0.001,0.006,0.000,0.004,0.001
cube_d3_k5,8,6,2,0,0,0.002,0.001,0.000,,,
cube_d3_k5,8,0,10,750,250,0.009,0.004,0.117,0.000,0.051,0.026
cube_d3_k5,8,1,250,250,106,0.075,0.026,0.069,0.000,0.025,0.019
cube_d3_k5,8,2,106,106,52,0.031,0.010,0.031,0.000,0.013,0.008
cube_d3_k5,8,3,52,52,18,0.022,0.006,0.017,0.000,0.007,0.004
cube_d3_k5,8,4,18,18,6,0.009,0.003,0.009,0.000,0.005,0.001
cube_d3_k5,8,5,6,6,2,0.005,0.001,0.005,0.000,0.004,0.001
cube_d3_k5,8,6,2,0,0,0.002,0.001,0.000,,,
cube_d3_k5,8,0,10,750,250,0.300,0.004,0.115,0.000,0.049,0.023
cube_d3_k5,8,1,250,250,106,0.072,0.020,0.068,0.000,0.025,0.019
cube_d3_k5,8,2,106,106,52,0.046,0.009,0.030,0.000,0.012,0.008
cube_d3_k5,8,3,52,52,18,0.025,0.005,0.016,0.000,0.007,0.003
cube_d3_k5,8,4,18,18,6,0.009,0.003,0.008,0.000,0.005,0.001
cube_d3_k5,8,5,6,6,2,0.004,0.001,0.005,0.000,0.004,0.001
cube_d3_k5,8,6,2,0,0,0.002,0.001,0.000,,,
cube_d3_k5,8,0,10,750,250,0.007,0.003,0.123,0.000,0.057,0.031
cube_d3_k5,8,1,250,250,106,0.068,0.024,0.057,0.000,0.022,0.015
cube_d3_k5,8,2,106,106,52,0.047,0.009,0.029,0.000,0.012,0.008
cube_d3_k5,8,3,52,52,18,0.025,0.005,0.016,0.000,0.007,0.003
cube_d3_k5,8,4,18,18,6,0.010,0.003,0.008,0.000,0.005,0.001
cube_d3_k5,8,5,6,6,2,0.004,0.001,0.005,0.000,0.004,0.001
cube_d3_k5,8,6,2,0,0,0.002,0.001,0.000,,,
cube_d3_k5,16,0,10,750,250,1.040,0.005,0.504,0.000,0.417,0.043
cube_d3_k5,16,1,250,250,106,0.404,0.028,0.068,0.000,0.027,0.015
cube_d3_k5,16,2,106,106,52,0.374,0.013,0.043,0.000,0.018,0.011
cube_d3_k5,16,3,52,52,18,0.018,0.007,0.020,0.000,0.009,0.005
cube_d3_k5,16,4,18,18,6,0.009,0.004,0.010,0.000,0.006,0.002
cube_d3_k5,16,5,6,6,2,0.006,0.002,0.007,0.000,0.004,0.001
cube_d3_k5,16,6,2,0,0,0.003,0.001,0.000,,,
cube_d3_k5,16,0,10,750,250,0.369,0.005,0.123,0.000,0.063,0.021
cube_d3_k5,16,1,250,250,106,0.048,0.029,0.063,0.000,0.024,0.014
cube_d3_k5,16,2,106,106,52,0.024,0.012,0.036,0.000,0.015,0.010
cube_d3_k5,16,3,52,52,18,0.016,0.007,0.019,0.000,0.008,0.004
cube_d3_k5,16,4,18,18,6,0.009,0.004,0.010,0.000,0.005,0.002
cube_d3_k5,16,5,6,6,2,0.006,0.002,0.007,0.000,0.004,0.001
cube_d3_k5,16,6,2,0,0,0.003,0.001,0.000,,,
cube_d3_k5,16,0,10,750,250,0.268,0.004,0.111,0.000,0.049,0.021
cube_d3_k5,16,1,250,250,106,0.054,0.030,0.062,0.000,0.026,0.013
cube_d3_k5,16,2,106,106,52,0.023,0.013,0.055,0.000,0.018,0.025
cube_d3_k5,16,3,52,52,18,0.015,0.007,0.020,0.000,0.008,0.005
cube_d3_k5,16,4,18,18,6,0.008,0.004,0.010,0.000,0.005,0.002
cube_d3_k5,16,5,6,6,2,0.005,0.002,0.006,0.000,0.004,0.001
cube_d3_k5,16,6,2,0,0,0.003,0.001,0.000,,,
cube_d3_k5,16,0,10,750,250,0.008,0.004,0.108,0.000,0.049,0.021
cube_d3_k5,16,1,250,250,106,0.056,0.028,0.061,0.000,0.022,0.013
cube_d3_k5,16,2,106,106,52,0.024,0.012,0.036,0.000,0.015,0.010
cube_d3_k5,16,3,52,52,18,0.017,0.007,0.019,0.000,0.008,0.004
cube_d3_k5,16,4,18,18,6,0.008,0.016,0.010,0.000,0.005,0.002
cube_d3_k5,16,5,6,6,2,0.006,0.002,0.006,0.000,0.004,0.001
cube_d3_k5,16,6,2,0,0,0.003,0.001,0.000,,,
cube_d3_k5,16,0,10,750,250,0.241,0.004,0.104,0.000,0.048,0.020
cube_d3_k5,16,1,250,250,106,0.076,0.020,0.060,0.000,0.023,0.014
cube_d3_k5,16,2,106,106,52,0.022,0.010,0.031,0.000,0.014,0.008
cube_d3_k5,16,3,52,52,18,0.018,0.006,0.016,0.000,0.007,0.003
cube_d3_k5,16,4,18,18,6,0.010,0.003,0.008,0.000,0.004,0.001
cube_d3_k5,16,5,6,6,2,0.004,0.001,0.005,0.000,0.003,0.001
cube_d3_k5,16,6,2,0,0,0.002,0.001,0.000,,,
cube_d3_k5,16,0,10,750,250,0.217,0.004,0.095,0.000,0.044,0.018
cube_d3_k5,16,1,250,250,106,0.051,0.024,0.056,0.000,0.021,0.013
cube_d3_k5,16,2,106,106,52,0.024,0.011,0.029,0.000,0.012,0.008
cube_d3_k5,16,3,52,52,18,0.020,0.006,0.016,0.000,0.007,0.003
cube_d3_k5,16,4,18,18,6,0.008,0.003,0.008,0.000,0.004,0.001
cube_d3_k5,16,5,6,6,2,0.004,0.001,0.005,0.000,0.003,0.001
cube_d3_k5,16,6,2,0,0,0.002,0.001,0.000,,,
cube_d3_k5,32,0,10,750,250,0.796,0.005,0.780,0.000,0.396,0.345
cube_d3_k5,32,1,250,250,106,0.411,0.023,0.063,0.000,0.022,0.018
cube_d3_k5,32,2,106,106,52,0.227,0.012,0.034,0.000,0.014,0.008
cube_d3_k5,32,3,52,52,18,0.014,0.006,0.016,0.000,0.007,0.004
cube_d3_k5,32,4,18,18,6,0.012,0.003,0.009,0.000,0.005,0.001
cube_d3_k5,32,5,6,6,2,0.004,0.001,0.006,0.000,0.004,0.001
cube_d3_k5,32,6,2,0,0,0.002,0.001,0.000,,,
cube_d3_k5,32,0,10,750,250,0.229,0.004,0.101,0.000,0.049,0.018
cube_d3_k5,32,1,250,250,106,0.035,0.021,0.061,0.000,0.024,0.014
cube_d3_k5,32,2,106,106,52,0.020,0.011,0.031,0.000,0.013,0.008
cube_d3_k5,32,3,52,52,18,0.013,0.006,0.016,0.000,0.007,0.004
cube_d3_k5,32,4,18,18,6,0.012,0.003,0.008,0.000,0.004,0.001
cube_d3_k5,32,5,6,6,2,0.004,0.001,0.005,0.000,0.004,0.001
cube_d3_k5,32,6,2,0,0,0.002,0.001,0.000,,,
cube_d3_k5,32,0,10,750,250,0.321,0.004,0.099,0.000,0.048,0.017
cube_d3_k5,32,1,250,250,106,0.033,0.025,0.059,0.000,0.023,0.016
cube_d3_k5,32,2,106,106,52,0.019,0.011,0.031,0.000,0.013,0.008
cube_d3_k5,32,3,52,52,18,0.012,0.006,0.016,0.000,0.007,0.003
cube_d3_k5,32,4,18,18,6,0.008,0.003,0.009,0.000,0.005,0.002
cube_d3_k5,32,5,6,6,2,0.005,0.002,0.005,0.000,0.004,0.001
cube_d3_k5,32,6,2,0,0,0.002,0.001,0.000,,,
cube_d3_k5,32,0,10,750,250,0.224,0.004,0.098,0.000,0.047,0.018
cube_d3_k5,32,1,250,250,106,0.036,0.026,0.057,0.000,0.023,0.014
cube_d3_k5,32,2,106,106,52,0.020,0.010,0.031,0.000,0.013,0.008
cube_d3_k5,32,3,52,52,18,0.012,0.006,0.016,0.000,0.007,0.004
cube_d3_k5,32,4,18,18,6,0.012,0.003,0.008,0.000,0.004,0.001
cube_d3_k5,32,5,6,6,2,0.004,0.001,0.005,0.000,0.004,0.001
cube_d3_k5,32,6,2,0,0,0.002,0.001,0.000,,,
cube_d3_k5,32,0,10,750,250,0.247,0.004,0.097,0.000,0.046,0.018
cube_d3_k5,32,1,250,250,106,0.033,0.025,0.056,0.000,0.022,0.014
cube_d3_k5,32,2,106,106,52,0.020,0.011,0.031,0.000,0.013,0.008
cube_d3_k5,32,3,52,52,18,0.012,0.006,0.016,0.000,0.007,0.003
cube_d3_k5,32,4,18,18,6,0.011,0.003,0.008,0.000,0.005,0.001
cube_d3_k5,32,5,6,6,2,0.004,0.001,0.005,0.000,0.004,0.001
cube_d3_k5,32,6,2,0,0,0.002,0.001,0.000,,,
cube_d3_k5,32,0,10,750,250,0.224,0.004,0.097,0.000,0.046,0.017
cube_d3_k5,32,1,250,250,106,0.034,0.026,0.058,0.000,0.021,0.016
cube_d3_k5,32,2,106,106,52,0.020,0.011,0.031,0.000,0.013,0.008
cube_d3_k5,32,3,52,52,18,0.012,0.006,0.016,0.000,0.007,0.004
cube_d3_k5,32,4,18,18,6,0.011,0.003,0.008,0.000,0.005,0.001
cube_d3_k5,32,5,6,6,2,0.004,0.001,0.005,0.000,0.004,0.001
cube_d3_k5,32,6,2,0,0,0.002,0.001,0.000,,,
cube_d3_k5,64,0,10,750,250,1.083,0.007,2.211,0.000,1.624,0.523
cube_d3_k5,64,1,250,250,106,0.585,0.042,0.099,0.000,0.037,0.024
cube_d3_k5,64,2,106,106,52,0.048,0.031,0.091,0.000,0.019,0.041
cube_d3_k5,64,3,52,52,18,0.031,0.011,0.069,0.000,0.012,0.030
cube_d3_k5,64,4,18,18,6,0.016,0.005,0.016,0.000,0.009,0.003
cube_d3_k5,64,5,6,6,2,0.009,0.002,0.009,0.000,0.006,0.001
cube_d3_k5,64,6,2,0,0,0.004,0.001,0.000,,,
cube_d3_k5,64,0,10,750,250,0.242,0.006,0.173,0.000,0.072,0.039
cube_d3_k5,64,1,250,250,106,0.088,0.049,0.101,0.000,0.038,0.023
cube_d3_k5,64,2,106,106,52,0.063,0.019,0.065,0.000,0.023,0.019
cube_d3_k5,64,3,52,52,18,0.030,0.020,0.029,0.000,0.012,0.007
cube_d3_k5,64,4,18,18,6,0.021,0.006,0.015,0.000,0.008,0.003
cube_d3_k5,64,5,6,6,2,0.011,0.002,0.009,0.000,0.006,0.001
cube_d3_k5,64,6,2,0,0,0.004,0.001,0.000,,,
cube_d3_k5,64,0,10,750,250,0.246,0.006,0.173,0.000,0.072,0.035
cube_d3_k5,64,1,250,250,106,0.269,0.029,0.117,0.000,0.043,0.032
cube_d3_k5,64,2,106,106,52,0.047,0.025,0.064,0.000,0.022,0.016
cube_d3_k5,64,3,52,52,18,0.029,0.010,0.036,0.000,0.012,0.011
cube_d3_k5,64,4,18,18,6,0.020,0.006,0.016,0.000,0.009,0.003
cube_d3_k5,64,5,6,6,2,0.014,0.003,0.010,0.000,0.006,0.001
cube_d3_k5,64,6,2,0,0,0.005,0.001,0.000,,,
cube_d3_k5,64,0,10,750,250,0.270,0.248,0.194,0.000,0.082,0.054
cube_d3_k5,64,1,250,250,106,0.076,0.048,0.092,0.000,0.037,0.022
cube_d3_k5,64,2,106,106,52,0.058,0.025,0.071,0.000,0.022,0.023
cube_d3_k5,64,3,52,52,18,0.033,0.010,0.047,0.000,0.012,0.017
cube_d3_k5,64,4,18,18,6,0.028,0.006,0.016,0.000,0.008,0.003
cube_d3_k5,64,5,6,6,2,0.017,0.002,0.009,0.000,0.006,0.001
cube_d3_k5,64,6,2,0,0,0.004,0.001,0.000,,,
cube_d3_k5,64,0,10,750,250,0.219,0.005,0.177,0.000,0.082,0.036
cube_d3_k5,64,1,250,250,106,0.066,0.055,0.101,0.000,0.036,0.026
cube_d3_k5,64,2,106,106,52,0.052,0.025,0.074,0.000,0.023,0.029
cube_d3_k5,64,3,52,52,18,0.037,0.011,0.044,0.000,0.012,0.016
cube_d3_k5,64,4,18,18,6,0.024,0.005,0.017,0.000,0.009,0.003
cube_d3_k5,64,5,6,6,2,0.012,0.003,0.009,0.000,0.006,0.001
cube_d3_k5,64,6,2,0,0,0.004,0.001,0.000,,,
cube_d3_k5,64,0,10,750,250,0.221,0.006,0.175,0.000,0.079,0.033
cube_d3_k5,64,1,250,250,106,0.060,0.038,0.129,0.000,0.059,0.030
cube_d3_k5,64,2,106,106,52,0.040,0.022,0.072,0.000,0.022,0.021
cube_d3_k5,64,3,52,52,18,0.035,0.011,0.039,0.000,0.012,0.012
cube_d3_k5,64,4,18,18,6,0.022,0.006,0.014,0.000,0.008,0.003
cube_d3_k5,64,5,6,6,2,0.009,0.003,0.009,0.000,0.006,0.001
cube_d3_k5,64,6,2,0,0,0.004,0.001,0.000,,,
cube_d3_k5,128,0,10,750,250,1.017,0.304,1.275,0.000,0.757,0.419
cube_d3_k5,128,1,250,250,106,2.312,0.059,0.723,0.000,0.314,0.333
cube_d3_k5,128,2,106,106,52,0.362,0.031,0.090,0.000,0.025,0.025
cube_d3_k5,128,3,52,52,18,0.277,0.021,0.052,0.000,0.013,0.019
cube_d3_k5,128,4,18,18,6,0.027,0.023,0.017,0.000,0.009,0.003
cube_d3_k5,128,5,6,6,2,0.008,0.002,0.010,0.000,0.007,0.001
cube_d3_k5,128,6,2,0,0,0.004,0.001,0.000,,,
cube_d3_k5,128,0,10,750,250,0.248,0.006,0.502,0.000,0.340,0.051
cube_d3_k5,128,1,250,250,106,0.330,0.070,0.340,0.000,0.229,0.038
cube_d3_k5,128,2,106,106,52,0.345,0.038,0.100,0.000,0.024,0.044
cube_d3_k5,128,3,52,52,18,0.060,0.013,0.054,0.000,0.014,0.017
cube_d3_k5,128,4,18,18,6,0.034,0.006,0.016,0.000,0.009,0.002
cube_d3_k5,128,5,6,6,2,0.011,0.003,0.010,0.000,0.006,0.001
cube_d3_k5,128,6,2,0,0,0.004,0.001,0.000,,,
cube_d3_k5,128,0,10,750,250,0.279,0.005,0.257,0.000,0.090,0.068
cube_d3_k5,128,1,250,250,106,0.290,0.050,0.341,0.000,0.235,0.040
cube_d3_k5,128,2,106,106,52,0.065,0.027,0.119,0.000,0.026,0.053
cube_d3_k5,128,3,52,52,18,0.527,0.012,0.050,0.000,0.013,0.015
cube_d3_k5,128,4,18,18,6,0.021,0.006,0.016,0.000,0.009,0.003
cube_d3_k5,128,5,6,6,2,0.012,0.003,0.010,0.000,0.007,0.001
cube_d3_k5,128,6,2,0,0,0.005,0.001,0.000,,,
cube_d3_k5,128,0,10,750,250,0.265,0.007,0.486,0.000,0.308,0.079
cube_d3_k5,128,1,250,250,106,0.308,0.060,0.173,0.000,0.042,0.047
cube_d3_k5,128,2,106,106,52,0.080,0.037,0.107,0.000,0.024,0.026
cube_d3_k5,128,3,52,52,18,0.070,0.018,0.053,0.000,0.013,0.021
cube_d3_k5,128,4,18,18,6,0.037,0.006,0.016,0.000,0.009,0.003
cube_d3_k5,128,5,6,6,2,0.018,0.003,0.010,0.000,0.006,0.001
cube_d3_k5,128,6,2,0,0,0.004,0.001,0.000,,,
cube_d3_k5,128,0,10,750,250,0.267,0.006,0.505,0.000,0.342,0.066
cube_d3_k5,128,1,250,250,106,0.091,0.064,0.383,0.000,0.285,0.033
cube_d3_k5,128,2,106,106,52,0.071,0.026,0.103,0.000,0.029,0.033
cube_d3_k5,128,3,52,52,18,0.052,0.021,0.035,0.000,0.012,0.007
cube_d3_k5,128,4,18,18,6,0.032,0.006,0.015,0.000,0.009,0.003
cube_d3_k5,128,5,6,6,2,0.016,0.003,0.009,0.000,0.006,0.001
cube_d3_k5,128,6,2,0,0,0.004,0.001,0.000,,,
cube_d3_k5,128,0,10,750,250,0.275,0.206,0.267,0.000,0.094,0.080
cube_d3_k5,128,1,250,250,106,0.105,0.048,0.164,0.000,0.039,0.038
cube_d3_k5,128,2,106,106,52,0.066,0.038,0.118,0.000,0.028,0.049
cube_d3_k5,128,3,52,52,18,0.034,0.023,0.063,0.000,0.015,0.018
cube_d3_k5,128,4,18,18,6,0.037,0.006,0.030,0.000,0.009,0.010
cube_d3_k5,128,5,6,6,2,0.018,0.003,0.010,0.000,0.007,0.001
cube_d3_k5,128,6,2,0,0,0.004,0.001,0.000,,,
cube_d3_k5,144,0,10,750,250,0.957,0.262,2.462,0.000,0.909,1.275
cube_d3_k5,144,1,250,250,106,3.813,0.295,0.473,0.000,0.333,0.040
cube_d3_k5,144,2,106,106,52,0.596,0.028,0.076,0.000,0.028,0.018
cube_d3_k5,144,3,52,52,18,0.284,0.021,0.056,0.000,0.015,0.019
cube_d3_k5,144,4,18,18,6,0.025,0.008,0.015,0.000,0.008,0.002
cube_d3_k5,144,5,6,6,2,0.014,0.003,0.012,0.000,0.008,0.001
cube_d3_k5,144,6,2,0,0,0.005,0.002,0.000,,,
cube_d3_k5,144,0,10,750,250,0.269,0.260,0.231,0.000,0.086,0.065
cube_d3_k5,144,1,250,250,106,0.351,0.054,0.593,0.000,0.275,0.260
cube_d3_k5,144,2,106,106,52,0.238,0.023,0.073,0.000,0.022,0.021
cube_d3_k5,144,3,52,52,18,0.054,0.019,0.045,0.000,0.012,0.013
cube_d3_k5,144,4,18,18,6,0.032,0.006,0.017,0.000,0.009,0.003
cube_d3_k5,144,5,6,6,2,0.012,0.003,0.010,0.000,0.007,0.001
cube_d3_k5,144,6,2,0,0,0.004,0.001,0.000,,,
cube_d3_k5,144,0,10,750,250,0.258,0.005,0.408,0.000,0.295,0.047
cube_d3_k5,144,1,250,250,106,0.291,0.044,0.377,0.000,0.271,0.045
cube_d3_k5,144,2,106,106,52,0.311,0.025,0.106,0.000,0.027,0.040
cube_d3_k5,144,3,52,52,18,0.058,0.013,0.064,0.000,0.021,0.020
cube_d3_k5,144,4,18,18,6,0.036,0.016,0.017,0.000,0.009,0.003
cube_d3_k5,144,5,6,6,2,0.017,0.003,0.011,0.000,0.007,0.001
cube_d3_k5,144,6,2,0,0,0.005,0.001,0.000,,,
cube_d3_k5,144,0,10,750,250,0.269,0.006,0.214,0.000,0.084,0.050
cube_d3_k5,144,1,250,250,106,0.317,0.051,0.144,0.000,0.048,0.040
cube_d3_k5,144,2,106,106,52,0.064,0.027,0.337,0.000,0.027,0.267
cube_d3_k5,144,3,52,52,18,0.044,0.022,0.060,0.000,0.016,0.024
cube_d3_k5,144,4,18,18,6,0.033,0.006,0.017,0.000,0.009,0.003
cube_d3_k5,144,5,6,6,2,0.012,0.003,0.010,0.000,0.007,0.001
cube_d3_k5,144,6,2,0,0,0.005,0.001,0.000,,,
cube_d3_k5,144,0,10,750,250,0.256,0.005,0.476,0.000,0.339,0.047
cube_d3_k5,144,1,250,250,106,0.082,0.050,0.139,0.000,0.051,0.029
cube_d3_k5,144,2,106,106,52,0.060,0.024,0.089,0.000,0.027,0.024
cube_d3_k5,144,3,52,52,18,0.046,0.013,0.039,0.000,0.013,0.010
cube_d3_k5,144,4,18,18,6,0.028,0.006,0.016,0.000,0.009,0.003
cube_d3_k5,144,5,6,6,2,0.014,0.003,0.010,0.000,0.007,0.001
cube_d3_k5,144,6,2,0,0,0.005,0.001,0.000,,,
cube_d3_k5,144,0,10,750,250,0.237,0.006,0.202,0.000,0.075,0.046
cube_d3_k5,144,1,250,250,106,0.324,0.051,0.137,0.000,0.044,0.036
cube_d3_k5,144,2,106,106,52,0.059,0.028,0.122,0.000,0.032,0.050
cube_d3_k5,144,3,52,52,18,0.047,0.019,0.057,0.000,0.013,0.024
cube_d3_k5,144,4,18,18,6,0.024,0.006,0.017,0.000,0.009,0.003
cube_d3_k5,144,5,6,6,2,0.012,0.003,0.011,0.000,0.007,0.001
cube_d3_k5,144,6,2,0,0,0.004,0.001,0.000,,,
cube_d3_k55,1,0,110,998250,332750,2.965,3.537,237.088,0.000,109.425,43.756
cube_d3_k55,1,1,332750,332750,113380,142.799,18.942,92.932,0.000,28.148,14.891
cube_d3_k55,1,2,113380,113380,39366,52.610,8.076,33.391,0.000,13.018,4.994
cube_d3_k55,1,3,39366,39366,13122,16.056,2.366,9.762,0.000,4.308,1.573
cube_d3_k55,1,4,13122,13122,4374,5.227,0.877,3.157,0.000,1.139,0.618
cube_d3_k55,1,5,4374,4374,1458,1.725,0.263,0.872,0.000,0.291,0.171
cube_d3_k55,1,6,1458,1458,486,0.584,0.085,0.279,0.000,0.095,0.057
cube_d3_k55,1,7,486,486,162,0.205,0.030,0.092,0.000,0.032,0.020
cube_d3_k55,1,8,162,162,54,0.067,0.011,0.034,0.000,0.013,0.008
cube_d3_k55,1,9,54,54,18,0.023,0.004,0.015,0.000,0.006,0.003
cube_d3_k55,1,10,18,18,6,0.009,0.002,0.008,0.000,0.004,0.001
cube_d3_k55,1,11,6,6,2,0.003,0.001,0.005,0.000,0.003,0.001
cube_d3_k55,1,12,2,0,0,0.002,0.001,0.000,,,
cube_d3_k55,1,0,110,998250,332750,1.111,1.769,237.685,0.000,106.898,44.998
cube_d3_k55,1,1,332750,332750,113380,147.900,20.052,99.998,0.000,35.312,15.141
cube_d3_k55,1,2,113380,113380,39366,56.320,8.857,33.295,0.000,12.725,5.182
cube_d3_k55,1,3,39366,39366,13122,16.061,2.527,9.453,0.000,4.010,1.543
cube_d3_k55,1,4,13122,13122,4374,5.333,0.992,3.171,0.000,1.161,0.611
cube_d3_k55,1,5,4374,4374,1458,1.728,0.278,0.884,0.000,0.296,0.177
cube_d3_k55,1,6,1458,1458,486,0.584,0.086,0.277,0.000,0.095,0.057
cube_d3_k55,1,7,486,486,162,0.203,0.030,0.092,0.000,0.032,0.020
cube_d3_k55,1,8,162,162,54,0.069,0.011,0.033,0.000,0.013,0.007
cube_d3_k55,1,9,54,54,18,0.023,0.004,0.014,0.000,0.006,0.003
cube_d3_k55,1,10,18,18,6,0.008,0.002,0.008,0.000,0.004,0.001
cube_d3_k55,1,11,6,6,2,0.004,0.001,0.005,0.000,0.003,0.001
cube_d3_k55,1,12,2,0,0,0.002,0.001,0.000,,,
cube_d3_k55,1,0,110,998250,332750,1.115,1.760,237.994,0.000,109.478,44.319
cube_d3_k55,1,1,332750,332750,113380,149.852,20.336,100.174,0.000,35.433,15.121
cube_d3_k55,1,2,113380,113380,39366,55.518,8.872,33.518,0.000,13.005,5.098
cube_d3_k55,1,3,39366,39366,13122,16.274,2.577,9.484,0.000,4.042,1.556
cube_d3_k55,1,4,13122,13122,4374,5.328,0.993,3.160,0.000,1.170,0.611
cube_d3_k55,1,5,4374,4374,1458,1.751,0.281,0.882,0.000,0.298,0.172
cube_d3_k55,1,6,1458,1458,486,0.592,0.087,0.285,0.000,0.095,0.057
cube_d3_k55,1,7,486,486,162,0.209,0.030,0.092,0.000,0.031,0.020
cube_d3_k55,1,8,162,162,54,0.070,0.011,0.034,0.000,0.013,0.008
cube_d3_k55,1,9,54,54,18,0.022,0.005,0.014,0.000,0.006,0.003
cube_d3_k55,1,10,18,18,6,0.008,0.002,0.008,0.000,0.004,0.001
cube_d3_k55,1,11,6,6,2,0.003,0.001,0.005,0.000,0.003,0.001
cube_d3_k55,1,12,2,0,0,0.002,0.001,0.000,,,
cube_d3_k55,1,0,110,998250,332750,1.117,1.790,233.803,0.000,105.216,44.412
cube_d3_k55,1,1,332750,332750,113380,159.245,21.889,102.277,0.000,35.236,15.343
cube_d3_k55,1,2,113380,113380,39366,55.378,8.875,33.845,0.000,13.293,5.104
cube_d3_k55,1,3,39366,39366,13122,16.186,2.547,9.528,0.000,4.038,1.561
cube_d3_k55,1,4,13122,13122,4374,5.348,1.006,3.176,0.000,1.154,0.613
cube_d3_k55,1,5,4374,4374,1458,1.740,0.282,0.871,0.000,0.291,0.172
cube_d3_k55,1,6,1458,1458,486,0.591,0.087,0.278,0.000,0.095,0.057
cube_d3_k55,1,7,486,486,162,0.206,0.030,0.092,0.000,0.032,0.020
cube_d3_k55,1,8,162,162,54,0.067,0.011,0.034,0.000,0.013,0.008
cube_d3_k55,1,9,54,54,18,0.022,0.004,0.015,0.000,0.006,0.003
cube_d3_k55,1,10,18,18,6,0.008,0.002,0.007,0.000,0.004,0.001
cube_d3_k55,1,11,6,6,2,0.003,0.001,0.005,0.000,0.003,0.000
cube_d3_k55,1,12,2,0,0,0.002,0.001,0.000,,,
cube_d3_k55,1,0,110,998250,332750,1.123,1.776,235.982,0.000,107.517,44.365
cube_d3_k55,1,1,332750,332750,113380,150.812,20.577,104.377,0.000,39.312,15.163
cube_d3_k55,1,2,113380,113380,39366,56.525,8.986,36.647,0.000,13.572,5.098
cube_d3_k55,1,3,39366,39366,13122,16.424,2.557,9.462,0.000,3.961,1.559
cube_d3_k55,1,4,13122,13122,4374,5.357,1.012,3.176,0.000,1.160,0.630
cube_d3_k55,1,5,4374,4374,1458,1.807,0.282,0.879,0.000,0.292,0.172
cube_d3_k55,1,6,1458,1458,486,0.607,0.087,0.278,0.000,0.095,0.057
cube_d3_k55,1,7,486,486,162,0.206,0.030,0.092,0.000,0.031,0.020
cube_d3_k55,1,8,162,162,54,0.067,0.011,0.033,0.000,0.013,0.007
cube_d3_k55,1,9,54,54,18,0.023,0.005,0.014,0.000,0.006,0.003
cube_d3_k55,1,10,18,18,6,0.008,0.002,0.008,0.000,0.004,0.001
cube_d3_k55,1,11,6,6,2,0.003,0.001,0.005,0.000,0.003,0.001
cube_d3_k55,1,12,2,0,0,0.002,0.001,0.000,,,
cube_d3_k55,1,0,110,998250,332750,1.111,1.768,233.724,0.000,105.300,44.380
cube_d3_k55,1,1,332750,332750,113380,152.122,20.608,100.133,0.000,35.379,15.116
cube_d3_k55,1,2,113380,113380,39366,55.837,9.123,33.994,0.000,13.397,5.124
cube_d3_k55,1,3,39366,39366,13122,16.448,2.562,9.625,0.000,4.055,1.565
cube_d3_k55,1,4,13122,13122,4374,5.418,1.005,3.151,0.000,1.163,0.604
cube_d3_k55,1,5,4374,4374,1458,1.767,0.281,0.886,0.000,0.301,0.172
cube_d3_k55,1,6,1458,1458,486,0.597,0.087,0.280,0.000,0.096,0.058
cube_d3_k55,1,7,486,486,162,0.210,0.030,0.092,0.000,0.031,0.020
cube_d3_k55,1,8,162,162,54,0.069,0.011,0.033,0.000,0.013,0.007
cube_d3_k55,1,9,54,54,18,0.023,0.004,0.014,0.000,0.006,0.003
cube_d3_k55,1,10,18,18,6,0.008,0.002,0.008,0.000,0.004,0.001
cube_d3_k55,1,11,6,6,2,0.004,0.001,0.005,0.000,0.003,0.001
cube_d3_k55,1,12,2,0,0,0.002,0.001,0.000,,,
cube_d3_k55,2,0,110,998250,332750,2.735,2.732,165.144,0.000,67.132,33.756
cube_d3_k55,2,1,332750,332750,113380,97.913,14.366,62.515,0.000,20.407,11.895
cube_d3_k55,2,2,113380,113380,39366,32.125,5.351,28.713,0.000,15.059,4.162
cube_d3_k55,2,3,39366,39366,13122,10.677,1.756,8.594,0.000,4.898,1.178
cube_d3_k55,2,4,13122,13122,4374,3.950,0.784,2.773,0.000,1.328,0.467
cube_d3_k55,2,5,4374,4374,1458,1.305,0.311,0.930,0.000,0.377,0.156
cube_d3_k55,2,6,1458,1458,486,0.527,0.171,0.324,0.000,0.141,0.053
cube_d3_k55,2,7,486,486,162,0.202,0.056,0.137,0.000,0.056,0.034
cube_d3_k55,2,8,162,162,54,0.102,0.020,0.055,0.000,0.024,0.010
cube_d3_k55,2,9,54,54,18,0.039,0.008,0.023,0.000,0.010,0.005
cube_d3_k55,2,10,18,18,6,0.014,0.004,0.013,0.000,0.007,0.002
cube_d3_k55,2,11,6,6,2,0.006,0.002,0.008,0.000,0.005,0.001
cube_d3_k55,2,12,2,0,0,0.003,0.001,0.000,,,
cube_d3_k55,2,0,110,998250,332750,0.631,1.034,116.020,0.000,39.697,27.408
cube_d3_k55,2,1,332750,332750,113380,91.029,14.381,57.314,0.001,15.620,10.608
cube_d3_k55,2,2,113380,113380,39366,32.742,5.626,27.096,0.000,14.242,3.679
cube_d3_k55,2,3,39366,39366,13122,10.432,1.812,8.244,0.000,4.676,1.154
cube_d3_k55,2,4,13122,13122,4374,3.809,0.669,2.676,0.000,1.234,0.442
cube_d3_k55,2,5,4374,4374,1458,1.263,0.251,0.832,0.000,0.315,0.139
cube_d3_k55,2,6,1458,1458,486,0.469,0.125,0.304,0.000,0.136,0.049
cube_d3_k55,2,7,486,486,162,0.191,0.050,0.114,0.000,0.047,0.024
cube_d3_k55,2,8,162,162,54,0.064,0.018,0.047,0.000,0.018,0.011
cube_d3_k55,2,9,54,54,18,0.035,0.007,0.020,0.000,0.009,0.004
cube_d3_k55,2,10,18,18,6,0.012,0.003,0.010,0.000,0.005,0.002
cube_d3_k55,2,11,6,6,2,0.005,0.002,0.007,0.000,0.004,0.001
cube_d3_k55,2,12,2,0,0,0.003,0.001,0.000,,,
cube_d3_k55,2,0,110,998250,332750,1.341,1.492,123.428,0.000,45.648,29.374
cube_d3_k55,2,1,332750,332750,113380,93.214,13.907,52.429,0.000,14.498,9.652
cube_d3_k55,2,2,113380,113380,39366,32.613,5.553,25.831,0.000,13.355,3.302
cube_d3_k55,2,3,39366,39366,13122,10.503,1.761,7.737,0.000,4.247,1.108
cube_d3_k55,2,4,13122,13122,4374,3.852,0.668,2.510,0.000,1.183,0.456
cube_d3_k55,2,5,4374,4374,1458,1.292,0.243,0.797,0.000,0.308,0.132
cube_d3_k55,2,6,1458,1458,486,0.496,0.120,0.294,0.000,0.126,0.048
cube_d3_k55,2,7,486,486,162,0.170,0.049,0.113,0.000,0.045,0.026
cube_d3_k55,2,8,162,162,54,0.081,0.018,0.046,0.000,0.017,0.011
cube_d3_k55,2,9,54,54,18,0.034,0.006,0.019,0.000,0.008,0.004
cube_d3_k55,2,10,18,18,6,0.012,0.003,0.010,0.000,0.005,0.002
cube_d3_k55,2,11,6,6,2,0.005,0.002,0.007,0.000,0.004,0.001
cube_d3_k55,2,12,2,0,0,0.003,0.001,0.000,,,
cube_d3_k55,2,0,110,998250,332750,0.611,0.959,118.349,0.000,42.852,28.040
cube_d3_k55,2,1,332750,332750,113380,94.470,14.057,55.207,0.000,16.188,9.740
cube_d3_k55,2,2,113380,113380,39366,33.603,5.622,26.228,0.000,13.769,3.331
cube_d3_k55,2,3,39366,39366,13122,10.502,1.738,7.758,0.000,4.271,1.104
cube_d3_k55,2,4,13122,13122,4374,3.744,0.682,2.444,0.000,1.140,0.423
cube_d3_k55,2,5,4374,4374,1458,1.265,0.246,0.804,0.000,0.307,0.133
cube_d3_k55,2,6,1458,1458,486,0.493,0.120,0.292,0.000,0.125,0.047
cube_d3_k55,2,7,486,486,162,0.169,0.049,0.112,0.000,0.044,0.026
cube_d3_k55,2,8,162,162,54,0.078,0.017,0.046,0.000,0.018,0.011
cube_d3_k55,2,9,54,54,18,0.034,0.006,0.019,0.000,0.008,0.004
cube_d3_k55,2,10,18,18,6,0.012,0.003,0.010,0.000,0.005,0.002
cube_d3_k55,2,11,6,6,2,0.005,0.002,0.007,0.000,0.004,0.001
cube_d3_k55,2,12,2,0,0,0.003,0.001,0.000,,,
cube_d3_k55,2,0,110,998250,332750,0.633,0.949,120.817,0.000,44.744,27.790
cube_d3_k55,2,1,332750,332750,113380,82.370,14.602,49.072,0.000,13.075,8.754
cube_d3_k55,2,2,113380,113380,39366,30.787,5.533,23.477,0.000,11.965,2.918
cube_d3_k55,2,3,39366,39366,13122,9.679,1.550,6.916,0.000,3.725,1.008
cube_d3_k55,2,4,13122,13122,4374,3.364,0.620,2.203,0.000,0.988,0.388
cube_d3_k55,2,5,4374,4374,1458,1.112,0.221,0.646,0.000,0.240,0.113
cube_d3_k55,2,6,1458,1458,486,0.429,0.089,0.248,0.000,0.079,0.049
cube_d3_k55,2,7,486,486,162,0.154,0.039,0.100,0.000,0.035,0.025
cube_d3_k55,2,8,162,162,54,0.060,0.014,0.036,0.000,0.013,0.009
cube_d3_k55,2,9,54,54,18,0.026,0.005,0.015,0.000,0.006,0.003
cube_d3_k55,2,10,18,18,6,0.010,0.003,0.008,0.000,0.004,0.001
cube_d3_k55,2,11,6,6,2,0.004,0.001,0.005,0.000,0.003,0.001
cube_d3_k55,2,12,2,0,0,0.002,0.001,0.000,,,
cube_d3_k55,2,0,110,998250,332750,0.621,0.922,107.406,0.000,38.673,25.007
cube_d3_k55,2,1,332750,332750,113380,86.666,13.379,51.653,0.000,13.413,8.873
cube_d3_k55,2,2,113380,113380,39366,30.807,5.471,23.840,0.000,12.132,3.035
cube_d3_k55,2,3,39366,39366,13122,9.689,1.535,6.916,0.000,3.766,0.951
cube_d3_k55,2,4,13122,13122,4374,3.419,0.606,2.178,0.000,0.981,0.379
cube_d3_k55,2,5,4374,4374,1458,1.111,0.240,0.649,0.000,0.241,0.113
cube_d3_k55,2,6,1458,1458,486,0.427,0.089,0.244,0.000,0.080,0.040
cube_d3_k55,2,7,486,486,162,0.154,0.039,0.100,0.000,0.035,0.026
cube_d3_k55,2,8,162,162,54,0.057,0.014,0.035,0.000,0.014,0.008
cube_d3_k55,2,9,54,54,18,0.025,0.005,0.015,0.000,0.006,0.003
cube_d3_k55,2,10,18,18,6,0.009,0.002,0.008,0.000,0.004,0.001
cube_d3_k55,2,11,6,6,2,0.004,0.001,0.005,0.000,0.003,0.001
cube_d3_k55,2,12,2,0,0,0.002,0.001,0.000,,,
cube_d3_k55,4,0,110,998250,332750,1.391,1.262,81.845,0.000,30.875,19.353
cube_d3_k55,4,1,332750,332750,113380,50.485,7.610,31.000,0.000,9.482,5.847
cube_d3_k55,4,2,113380,113380,39366,18.043,2.875,18.013,0.000,11.310,1.911
cube_d3_k55,4,3,39366,39366,13122,5.098,0.996,5.520,0.000,3.725,0.556
cube_d3_k55,4,4,13122,13122,4374,2.081,0.340,1.621,0.000,0.958,0.217
cube_d3_k55,4,5,4374,4374,1458,0.740,0.211,0.504,0.000,0.237,0.071
cube_d3_k55,4,6,1458,1458,486,0.260,0.097,0.185,0.000,0.079,0.028
cube_d3_k55,4,7,486,486,162,0.127,0.042,0.106,0.000,0.040,0.029
cube_d3_k55,4,8,162,162,54,0.054,0.015,0.038,0.000,0.015,0.010
cube_d3_k55,4,9,54,54,18,0.017,0.006,0.016,0.000,0.007,0.003
cube_d3_k55,4,10,18,18,6,0.010,0.003,0.009,0.000,0.004,0.001
cube_d3_k55,4,11,6,6,2,0.004,0.001,0.005,0.000,0.003,0.001
cube_d3_k55,4,12,2,0,0,0.002,0.001,0.000,,,
cube_d3_k55,4,0,110,998250,332750,0.342,0.555,58.631,0.000,21.343,13.780
cube_d3_k55,4,1,332750,332750,113380,43.813,6.970,26.198,0.000,7.163,4.830
cube_d3_k55,4,2,113380,113380,39366,16.046,2.818,17.621,0.000,11.166,1.873
cube_d3_k55,4,3,39366,39366,13122,5.770,0.938,5.302,0.000,3.531,0.562
cube_d3_k55,4,4,13122,13122,4374,2.091,0.359,1.573,0.000,0.909,0.211
cube_d3_k55,4,5,4374,4374,1458,0.759,0.212,0.498,0.000,0.236,0.069
cube_d3_k55,4,6,1458,1458,486,0.263,0.098,0.187,0.000,0.080,0.028
cube_d3_k55,4,7,486,486,162,0.127,0.042,0.103,0.000,0.038,0.028
cube_d3_k55,4,8,162,162,54,0.055,0.015,0.038,0.000,0.015,0.009
cube_d3_k55,4,9,54,54,18,0.017,0.006,0.016,0.000,0.007,0.003
cube_d3_k55,4,10,18,18,6,0.010,0.003,0.009,0.000,0.005,0.001
cube_d3_k55,4,11,6,6,2,0.004,0.002,0.005,0.000,0.003,0.001
cube_d3_k55,4,12,2,0,0,0.002,0.001,0.000,,,
cube_d3_k55,4,0,110,998250,332750,0.352,0.508,58.693,0.000,21.549,13.930
cube_d3_k55,4,1,332750,332750,113380,44.664,7.709,26.698,0.000,7.378,5.041
cube_d3_k55,4,2,113380,113380,39366,16.486,2.936,19.064,0.000,11.163,1.633
cube_d3_k55,4,3,39366,39366,13122,5.184,0.998,5.413,0.000,3.606,0.558
cube_d3_k55,4,4,13122,13122,4374,2.123,0.378,1.619,0.000,0.949,0.220
cube_d3_k55,4,5,4374,4374,1458,0.770,0.207,0.501,0.000,0.236,0.070
cube_d3_k55,4,6,1458,1458,486,0.271,0.104,0.186,0.000,0.080,0.028
cube_d3_k55,4,7,486,486,162,0.129,0.042,0.103,0.000,0.038,0.028
cube_d3_k55,4,8,162,162,54,0.054,0.015,0.039,0.000,0.015,0.009
cube_d3_k55,4,9,54,54,18,0.015,0.006,0.016,0.000,0.007,0.003
cube_d3_k55,4,10,18,18,6,0.010,0.003,0.008,0.000,0.004,0.001
cube_d3_k55,4,11,6,6,2,0.004,0.002,0.006,0.000,0.004,0.001
cube_d3_k55,4,12,2,0,0,0.002,0.001,0.000,,,
cube_d3_k55,4,0,110,998250,332750,0.365,0.569,58.514,0.000,21.053,13.934
cube_d3_k55,4,1,332750,332750,113380,47.409,9.371,29.985,0.000,8.339,5.486
cube_d3_k55,4,2,113380,113380,39366,17.614,3.119,19.289,0.000,12.501,1.915
cube_d3_k55,4,3,39366,39366,13122,5.872,1.025,5.785,0.000,3.833,0.607
cube_d3_k55,4,4,13122,13122,4374,2.249,0.435,1.693,0.000,0.991,0.224
cube_d3_k55,4,5,4374,4374,1458,0.791,0.219,0.518,0.000,0.242,0.075
cube_d3_k55,4,6,1458,1458,486,0.276,0.097,0.192,0.000,0.082,0.029
cube_d3_k55,4,7,486,486,162,0.133,0.043,0.104,0.000,0.039,0.028
cube_d3_k55,4,8,162,162,54,0.057,0.015,0.038,0.000,0.015,0.010
cube_d3_k55,4,9,54,54,18,0.018,0.006,0.016,0.000,0.007,0.003
cube_d3_k55,4,10,18,18,6,0.010,0.003,0.011,0.000,0.007,0.001
cube_d3_k55,4,11,6,6,2,0.004,0.001,0.006,0.000,0.004,0.001
cube_d3_k55,4,12,2,0,0,0.002,0.001,0.000,,,
cube_d3_k55,4,0,110,998250,332750,0.665,0.785,63.860,0.000,23.307,15.277
cube_d3_k55,4,1,332750,332750,113380,46.941,8.042,28.900,0.000,7.392,6.755
cube_d3_k55,4,2,113380,113380,39366,17.490,3.062,18.168,0.000,11.731,1.745
cube_d3_k55,4,3,39366,39366,13122,5.511,1.001,5.372,0.000,3.603,0.554
cube_d3_k55,4,4,13122,13122,4374,2.191,0.351,1.630,0.000,0.958,0.217
cube_d3_k55,4,5,4374,4374,1458,0.771,0.212,0.512,0.000,0.245,0.072
cube_d3_k55,4,6,1458,1458,486,0.272,0.106,0.186,0.000,0.079,0.028
cube_d3_k55,4,7,486,486,162,0.131,0.043,0.104,0.000,0.038,0.029
cube_d3_k55,4,8,162,162,54,0.056,0.015,0.038,0.000,0.015,0.010
cube_d3_k55,4,9,54,54,18,0.017,0.006,0.016,0.000,0.007,0.003
cube_d3_k55,4,10,18,18,6,0.011,0.003,0.009,0.000,0.005,0.001
cube_d3_k55,4,11,6,6,2,0.004,0.002,0.005,0.000,0.004,0.001
cube_d3_k55,4,12,2,0,0,0.002,0.001,0.000,,,
cube_d3_k55,4,0,110,998250,332750,0.347,0.500,58.567,0.000,21.165,13.971
cube_d3_k55,4,1,332750,332750,113380,45.235,7.617,26.816,0.000,7.475,4.968
cube_d3_k55,4,2,113380,113380,39366,16.844,2.927,17.929,0.000,11.605,1.670
cube_d3_k55,4,3,39366,39366,13122,5.627,1.015,5.471,0.000,3.667,0.550
cube_d3_k55,4,4,13122,13122,4374,2.165,0.365,1.624,0.000,0.959,0.208
cube_d3_k55,4,5,4374,4374,1458,0.798,0.217,0.520,0.000,0.239,0.081
cube_d3_k55,4,6,1458,1458,486,0.282,0.099,0.192,0.000,0.082,0.029
cube_d3_k55,4,7,486,486,162,0.129,0.043,0.104,0.000,0.038,0.029
cube_d3_k55,4,8,162,162,54,0.058,0.015,0.039,0.000,0.015,0.009
cube_d3_k55,4,9,54,54,18,0.016,0.006,0.016,0.000,0.007,0.003
cube_d3_k55,4,10,18,18,6,0.011,0.003,0.009,0.000,0.005,0.001
cube_d3_k55,4,11,6,6,2,0.004,0.001,0.006,0.000,0.004,0.001
cube_d3_k55,4,12,2,0,0,0.002,0.001,0.000,,,
cube_d3_k55,8,0,110,998250,332750,0.921,0.719,46.459,0.000,15.401,12.760
cube_d3_k55,8,1,332750,332750,113380,28.592,5.055,17.327,0.000,5.720,3.374
cube_d3_k55,8,2,113380,113380,39366,10.378,2.026,21.784,0.000,17.618,1.321
cube_d3_k55,8,3,39366,39366,13122,4.114,0.795,7.330,0.000,6.141,0.375
cube_d3_k55,8,4,13122,13122,4374,2.043,0.275,2.153,0.000,1.650,0.178
cube_d3_k55,8,5,4374,4374,1458,0.734,0.333,0.810,0.000,0.473,0.067
cube_d3_k55,8,6,1458,1458,486,0.284,0.121,0.313,0.000,0.181,0.028
cube_d3_k55,8,7,486,486,162,0.145,0.084,0.147,0.000,0.086,0.015
cube_d3_k55,8,8,162,162,54,0.049,0.026,0.057,0.000,0.028,0.009
cube_d3_k55,8,9,54,54,18,0.032,0.014,0.033,0.000,0.016,0.007
cube_d3_k55,8,10,18,18,6,0.016,0.007,0.020,0.000,0.010,0.003
cube_d3_k55,8,11,6,6,2,0.008,0.004,0.013,0.000,0.008,0.001
cube_d3_k55,8,12,2,0,0,0.005,0.002,0.000,,,
cube_d3_k55,8,0,110,998250,332750,0.259,0.353,37.194,0.000,13.695,8.955
cube_d3_k55,8,1,332750,332750,113380,27.424,4.708,15.403,0.000,4.583,3.086
cube_d3_k55,8,2,113380,113380,39366,10.507,1.853,21.423,0.000,17.281,1.374
cube_d3_k55,8,3,39366,39366,13122,4.316,0.836,6.864,0.000,5.687,0.381
cube_d3_k55,8,4,13122,13122,4374,2.068,0.287,2.108,0.000,1.601,0.185
cube_d3_k55,8,5,4374,4374,1458,0.746,0.330,1.064,0.000,0.733,0.064
cube_d3_k55,8,6,1458,1458,486,0.295,0.121,0.317,0.000,0.181,0.032
cube_d3_k55,8,7,486,486,162,0.139,0.086,0.148,0.000,0.086,0.016
cube_d3_k55,8,8,162,162,54,0.050,0.038,0.060,0.000,0.029,0.010
cube_d3_k55,8,9,54,54,18,0.030,0.014,0.032,0.000,0.015,0.007
cube_d3_k55,8,10,18,18,6,0.016,0.007,0.020,0.000,0.010,0.003
cube_d3_k55,8,11,6,6,2,0.008,0.004,0.013,0.000,0.008,0.002
cube_d3_k55,8,12,2,0,0,0.005,0.002,0.000,,,
cube_d3_k55,8,0,110,998250,332750,0.242,0.327,38.171,0.001,13.737,8.860
cube_d3_k55,8,1,332750,332750,113380,26.469,4.613,14.732,0.000,4.397,2.900
cube_d3_k55,8,2,113380,113380,39366,9.709,1.703,14.989,0.000,11.508,0.998
cube_d3_k55,8,3,39366,39366,13122,3.349,0.692,4.952,0.000,3.800,0.347
cube_d3_k55,8,4,13122,13122,4374,1.605,0.251,1.423,0.000,0.990,0.143
cube_d3_k55,8,5,4374,4374,1458,0.549,0.229,0.497,0.000,0.277,0.050
cube_d3_k55,8,6,1458,1458,486,0.225,0.104,0.187,0.000,0.092,0.024
cube_d3_k55,8,7,486,486,162,0.078,0.036,0.082,0.000,0.034,0.016
cube_d3_k55,8,8,162,162,54,0.038,0.018,0.038,0.000,0.017,0.008
cube_d3_k55,8,9,54,54,18,0.018,0.008,0.019,0.000,0.008,0.004
cube_d3_k55,8,10,18,18,6,0.008,0.004,0.010,0.000,0.005,0.002
cube_d3_k55,8,11,6,6,2,0.005,0.002,0.007,0.000,0.004,0.001
cube_d3_k55,8,12,2,0,0,0.003,0.001,0.000,,,
cube_d3_k55,8,0,110,998250,332750,0.251,0.303,34.159,0.000,12.730,8.105
cube_d3_k55,8,1,332750,332750,113380,26.006,4.443,14.776,0.000,4.567,2.829
cube_d3_k55,8,2,113380,113380,39366,9.701,1.695,15.500,0.000,12.064,0.994
cube_d3_k55,8,3,39366,39366,13122,3.257,0.759,5.032,0.000,3.886,0.353
cube_d3_k55,8,4,13122,13122,4374,1.607,0.241,1.399,0.000,0.983,0.135
cube_d3_k55,8,5,4374,4374,1458,0.559,0.223,0.507,0.000,0.278,0.052
cube_d3_k55,8,6,1458,1458,486,0.212,0.108,0.195,0.000,0.092,0.034
cube_d3_k55,8,7,486,486,162,0.083,0.039,0.080,0.000,0.034,0.013
cube_d3_k55,8,8,162,162,54,0.049,0.018,0.038,0.000,0.016,0.008
cube_d3_k55,8,9,54,54,18,0.016,0.008,0.020,0.000,0.009,0.004
cube_d3_k55,8,10,18,18,6,0.014,0.003,0.011,0.000,0.006,0.002
cube_d3_k55,8,11,6,6,2,0.005,0.002,0.007,0.000,0.004,0.001
cube_d3_k55,8,12,2,0,0,0.003,0.001,0.000,,,
cube_d3_k55,8,0,110,998250,332750,0.256,0.323,33.472,0.000,12.541,7.842
cube_d3_k55,8,1,332750,332750,113380,25.359,4.452,14.233,0.000,4.189,2.751
cube_d3_k55,8,2,113380,113380,39366,9.505,1.742,15.467,0.000,12.072,0.956
cube_d3_k55,8,3,39366,39366,13122,3.318,0.685,5.015,0.002,3.879,0.341
cube_d3_k55,8,4,13122,13122,4374,1.590,0.238,1.444,0.000,1.028,0.141
cube_d3_k55,8,5,4374,4374,1458,0.557,0.222,0.511,0.000,0.290,0.049
cube_d3_k55,8,6,1458,1458,486,0.210,0.103,0.182,0.000,0.090,0.024
cube_d3_k55,8,7,486,486,162,0.078,0.038,0.082,0.000,0.032,0.013
cube_d3_k55,8,8,162,162,54,0.049,0.019,0.043,0.000,0.018,0.009
cube_d3_k55,8,9,54,54,18,0.014,0.008,0.020,0.000,0.008,0.004
cube_d3_k55,8,10,18,18,6,0.013,0.003,0.011,0.000,0.005,0.002
cube_d3_k55,8,11,6,6,2,0.005,0.002,0.007,0.000,0.005,0.001
cube_d3_k55,8,12,2,0,0,0.003,0.001,0.000,,,
cube_d3_k55,8,0,110,998250,332750,0.275,0.287,33.635,0.000,11.887,7.634
cube_d3_k55,8,1,332750,332750,113380,25.873,4.703,15.437,0.000,4.612,2.823
cube_d3_k55,8,2,113380,113380,39366,9.482,1.690,16.182,0.000,12.692,1.015
cube_d3_k55,8,3,39366,39366,13122,3.220,0.667,5.130,0.000,4.058,0.350
cube_d3_k55,8,4,13122,13122,4374,1.623,0.236,1.401,0.000,0.987,0.141
cube_d3_k55,8,5,4374,4374,1458,0.540,0.224,0.497,0.000,0.281,0.049
cube_d3_k55,8,6,1458,1458,486,0.214,0.101,0.179,0.000,0.090,0.023
cube_d3_k55,8,7,486,486,162,0.076,0.037,0.081,0.000,0.034,0.014
cube_d3_k55,8,8,162,162,54,0.044,0.018,0.038,0.000,0.018,0.007
cube_d3_k55,8,9,54,54,18,0.016,0.008,0.020,0.000,0.008,0.004
cube_d3_k55,8,10,18,18,6,0.008,0.004,0.010,0.000,0.005,0.002
cube_d3_k55,8,11,6,6,2,0.005,0.002,0.007,0.000,0.004,0.001
cube_d3_k55,8,12,2,0,0,0.003,0.001,0.000,,,
cube_d3_k55,16,0,110,998250,332750,0.954,0.376,21.076,0.000,7.976,5.044
cube_d3_k55,16,1,332750,332750,113380,12.895,2.819,8.816,0.000,2.988,1.776
cube_d3_k55,16,2,113380,113380,39366,4.798,1.163,13.241,0.000,11.201,0.607
cube_d3_k55,16,3,39366,39366,13122,1.628,0.392,4.476,0.000,3.782,0.213
cube_d3_k55,16,4,13122,13122,4374,1.074,0.167,1.183,0.000,0.892,0.097
cube_d3_k55,16,5,4374,4374,1458,0.379,0.157,0.637,0.000,0.464,0.036
cube_d3_k55,16,6,1458,1458,486,0.179,0.058,0.186,0.000,0.109,0.020
cube_d3_k55,16,7,486,486,162,0.069,0.033,0.070,0.000,0.033,0.010
cube_d3_k55,16,8,162,162,54,0.026,0.016,0.035,0.000,0.015,0.008
cube_d3_k55,16,9,54,54,18,0.013,0.006,0.018,0.000,0.007,0.004
cube_d3_k55,16,10,18,18,6,0.009,0.003,0.009,0.000,0.004,0.002
cube_d3_k55,16,11,6,6,2,0.004,0.001,0.005,0.000,0.003,0.001
cube_d3_k55,16,12,2,0,0,0.002,0.001,0.000,,,
cube_d3_k55,16,0,110,998250,332750,0.161,0.247,20.581,0.000,7.281,4.847
cube_d3_k55,16,1,332750,332750,113380,14.211,2.548,8.191,0.000,2.393,1.670
cube_d3_k55,16,2,113380,113380,39366,4.982,1.120,12.957,0.002,10.989,0.597
cube_d3_k55,16,3,39366,39366,13122,1.684,0.398,4.238,0.000,3.550,0.206
cube_d3_k55,16,4,13122,13122,4374,1.130,0.164,1.181,0.000,0.893,0.095
cube_d3_k55,16,5,4374,4374,1458,0.405,0.169,0.406,0.000,0.236,0.036
cube_d3_k55,16,6,1458,1458,486,0.182,0.056,0.183,0.000,0.109,0.019
cube_d3_k55,16,7,486,486,162,0.069,0.033,0.068,0.000,0.031,0.010
cube_d3_k55,16,8,162,162,54,0.026,0.017,0.035,0.000,0.015,0.007
cube_d3_k55,16,9,54,54,18,0.013,0.007,0.017,0.000,0.007,0.003
cube_d3_k55,16,10,18,18,6,0.010,0.003,0.009,0.000,0.005,0.001
cube_d3_k55,16,11,6,6,2,0.004,0.001,0.006,0.000,0.004,0.001
cube_d3_k55,16,12,2,0,0,0.003,0.001,0.000,,,
cube_d3_k55,16,0,110,998250,332750,0.176,0.209,19.409,0.000,6.664,4.489
cube_d3_k55,16,1,332750,332750,113380,13.246,2.493,8.230,0.000,2.431,1.566
cube_d3_k55,16,2,113380,113380,39366,4.962,0.982,12.967,0.000,10.900,0.562
cube_d3_k55,16,3,39366,39366,13122,1.664,0.396,4.174,0.000,3.497,0.213
cube_d3_k55,16,4,13122,13122,4374,1.138,0.172,1.151,0.000,0.876,0.092
cube_d3_k55,16,5,4374,4374,1458,0.389,0.151,0.401,0.000,0.229,0.034
cube_d3_k55,16,6,1458,1458,486,0.176,0.056,0.182,0.000,0.109,0.019
cube_d3_k55,16,7,486,486,162,0.071,0.032,0.067,0.000,0.030,0.011
cube_d3_k55,16,8,162,162,54,0.026,0.016,0.036,0.000,0.015,0.007
cube_d3_k55,16,9,54,54,18,0.013,0.006,0.017,0.000,0.007,0.003
cube_d3_k55,16,10,18,18,6,0.010,0.003,0.009,0.000,0.005,0.002
cube_d3_k55,16,11,6,6,2,0.004,0.002,0.006,0.000,0.004,0.001
cube_d3_k55,16,12,2,0,0,0.002,0.001,0.000,,,
cube_d3_k55,16,0,110,998250,332750,0.184,0.247,18.396,0.000,6.643,4.421
cube_d3_k55,16,1,332750,332750,113380,12.851,2.413,7.955,0.000,2.409,1.558
cube_d3_k55,16,2,113380,113380,39366,4.937,1.092,13.384,0.000,11.239,0.603
cube_d3_k55,16,3,39366,39366,13122,1.703,0.383,4.226,0.000,3.570,0.195
cube_d3_k55,16,4,13122,13122,4374,1.124,0.161,1.173,0.000,0.897,0.093
cube_d3_k55,16,5,4374,4374,1458,0.386,0.154,0.390,0.000,0.228,0.035
cube_d3_k55,16,6,1458,1458,486,0.177,0.056,0.181,0.000,0.108,0.019
cube_d3_k55,16,7,486,486,162,0.068,0.032,0.067,0.000,0.030,0.011
cube_d3_k55,16,8,162,162,54,0.025,0.016,0.035,0.000,0.015,0.008
cube_d3_k55,16,9,54,54,18,0.013,0.007,0.017,0.000,0.007,0.003
cube_d3_k55,16,10,18,18,6,0.009,0.003,0.009,0.000,0.004,0.001
cube_d3_k55,16,11,6,6,2,0.005,0.002,0.006,0.000,0.004,0.001
cube_d3_k55,16,12,2,0,0,0.002,0.001,0.000,,,
cube_d3_k55,16,0,110,998250,332750,0.183,0.362,21.378,0.000,8.521,4.568
cube_d3_k55,16,1,332750,332750,113380,13.918,3.012,8.200,0.000,2.435,1.489
cube_d3_k55,16,2,113380,113380,39366,5.211,1.315,13.183,0.000,11.266,0.560
cube_d3_k55,16,3,39366,39366,13122,1.657,0.372,4.229,0.000,3.613,0.191
cube_d3_k55,16,4,13122,13122,4374,1.187,0.161,1.139,0.000,0.888,0.084
cube_d3_k55,16,5,4374,4374,1458,0.390,0.154,0.389,0.000,0.231,0.034
cube_d3_k55,16,6,1458,1458,486,0.176,0.057,0.180,0.000,0.109,0.019
cube_d3_k55,16,7,486,486,162,0.070,0.032,0.066,0.000,0.030,0.010
cube_d3_k55,16,8,162,162,54,0.025,0.016,0.034,0.000,0.015,0.007
cube_d3_k55,16,9,54,54,18,0.013,0.007,0.016,0.000,0.007,0.003
cube_d3_k55,16,10,18,18,6,0.007,0.003,0.009,0.000,0.005,0.001
cube_d3_k55,16,11,6,6,2,0.005,0.001,0.006,0.000,0.004,0.001
cube_d3_k55,16,12,2,0,0,0.002,0.001,0.000,,,
cube_d3_k55,16,0,110,998250,332750,0.174,0.232,18.459,0.000,6.895,4.236
cube_d3_k55,16,1,332750,332750,113380,13.504,2.588,7.950,0.000,2.306,1.490
cube_d3_k55,16,2,113380,113380,39366,5.123,1.039,13.268,0.002,11.350,0.572
cube_d3_k55,16,3,39366,39366,13122,1.866,0.389,4.258,0.000,3.622,0.195
cube_d3_k55,16,4,13122,13122,4374,1.173,0.175,1.181,0.000,0.916,0.087
cube_d3_k55,16,5,4374,4374,1458,0.396,0.157,0.626,0.000,0.464,0.036
cube_d3_k55,16,6,1458,1458,486,0.176,0.058,0.174,0.000,0.095,0.026
cube_d3_k55,16,7,486,486,162,0.078,0.033,0.070,0.000,0.032,0.010
cube_d3_k55,16,8,162,162,54,0.026,0.017,0.035,0.000,0.015,0.007
cube_d3_k55,16,9,54,54,18,0.013,0.007,0.017,0.000,0.007,0.003
cube_d3_k55,16,10,18,18,6,0.009,0.003,0.009,0.000,0.005,0.001
cube_d3_k55,16,11,6,6,2,0.004,0.002,0.005,0.000,0.004,0.001
cube_d3_k55,16,12,2,0,0,0.002,0.001,0.000,,,
cube_d3_k55,32,0,110,998250,332750,0.868,0.311,15.641,0.000,6.128,3.299
cube_d3_k55,32,1,332750,332750,113380,9.809,2.152,6.667,0.001,2.193,1.326
cube_d3_k55,32,2,113380,113380,39366,3.819,0.818,13.046,0.000,11.582,0.417
cube_d3_k55,32,3,39366,39366,13122,1.445,0.326,4.648,0.000,4.133,0.167
cube_d3_k55,32,4,13122,13122,4374,1.343,0.167,1.234,0.000,0.989,0.082
cube_d3_k55,32,5,4374,4374,1458,0.546,0.167,0.682,0.000,0.503,0.033
cube_d3_k55,32,6,1458,1458,486,0.209,0.065,0.180,0.000,0.098,0.019
cube_d3_k55,32,7,486,486,162,0.074,0.036,0.081,0.000,0.039,0.012
cube_d3_k55,32,8,162,162,54,0.032,0.019,0.047,0.000,0.020,0.010
cube_d3_k55,32,9,54,54,18,0.015,0.010,0.026,0.000,0.011,0.006
cube_d3_k55,32,10,18,18,6,0.010,0.005,0.013,0.000,0.007,0.002
cube_d3_k55,32,11,6,6,2,0.005,0.002,0.006,0.000,0.004,0.001
cube_d3_k55,32,12,2,0,0,0.002,0.001,0.000,,,
cube_d3_k55,32,0,110,998250,332750,0.167,0.226,13.386,0.000,4.680,3.244
cube_d3_k55,32,1,332750,332750,113380,9.915,2.027,5.818,0.000,1.817,1.081
cube_d3_k55,32,2,113380,113380,39366,3.752,0.833,12.752,0.000,11.283,0.404
cube_d3_k55,32,3,39366,39366,13122,1.332,0.324,4.382,0.000,3.868,0.165
cube_d3_k55,32,4,13122,13122,4374,1.354,0.190,1.215,0.000,0.982,0.081
cube_d3_k55,32,5,4374,4374,1458,0.486,0.171,0.681,0.000,0.506,0.033
cube_d3_k55,32,6,1458,1458,486,0.192,0.063,0.177,0.000,0.098,0.018
cube_d3_k55,32,7,486,486,162,0.068,0.034,0.084,0.000,0.040,0.013
cube_d3_k55,32,8,162,162,54,0.030,0.018,0.041,0.000,0.020,0.007
cube_d3_k55,32,9,54,54,18,0.015,0.010,0.026,0.000,0.012,0.006
cube_d3_k55,32,10,18,18,6,0.009,0.005,0.014,0.000,0.008,0.003
cube_d3_k55,32,11,6,6,2,0.006,0.003,0.009,0.000,0.006,0.001
cube_d3_k55,32,12,2,0,0,0.004,0.002,0.000,,,
cube_d3_k55,32,0,110,998250,332750,0.164,0.211,13.596,0.000,5.129,3.026
cube_d3_k55,32,1,332750,332750,113380,10.272,2.037,7.848,0.000,3.514,1.177
cube_d3_k55,32,2,113380,113380,39366,3.976,0.834,13.025,0.000,11.509,0.441
cube_d3_k55,32,3,39366,39366,13122,1.319,0.312,4.390,0.000,3.878,0.161
cube_d3_k55,32,4,13122,13122,4374,1.359,0.153,1.219,0.000,0.982,0.082
cube_d3_k55,32,5,4374,4374,1458,0.468,0.170,0.468,0.000,0.287,0.034
cube_d3_k55,32,6,1458,1458,486,0.172,0.064,0.176,0.000,0.098,0.019
cube_d3_k55,32,7,486,486,162,0.068,0.037,0.082,0.000,0.039,0.012
cube_d3_k55,32,8,162,162,54,0.032,0.019,0.045,0.000,0.020,0.008
cube_d3_k55,32,9,54,54,18,0.015,0.010,0.027,0.000,0.011,0.006
cube_d3_k55,32,10,18,18,6,0.009,0.005,0.014,0.000,0.007,0.003
cube_d3_k55,32,11,6,6,2,0.006,0.002,0.009,0.000,0.006,0.001
cube_d3_k55,32,12,2,0,0,0.003,0.002,0.000,,,
cube_d3_k55,32,0,110,998250,332750,0.177,0.215,13.322,0.000,4.925,3.009
cube_d3_k55,32,1,332750,332750,113380,10.312,2.080,5.834,0.000,1.778,1.078
cube_d3_k55,32,2,113380,113380,39366,3.825,0.801,13.260,0.000,11.798,0.410
cube_d3_k55,32,3,39366,39366,13122,1.351,0.315,4.446,0.000,3.927,0.164
cube_d3_k55,32,4,13122,13122,4374,1.427,0.156,1.238,0.000,0.997,0.089
cube_d3_k55,32,5,4374,4374,1458,0.484,0.169,0.435,0.000,0.263,0.032
cube_d3_k55,32,6,1458,1458,486,0.168,0.064,0.177,0.000,0.098,0.018
cube_d3_k55,32,7,486,486,162,0.070,0.034,0.082,0.000,0.039,0.012
cube_d3_k55,32,8,162,162,54,0.030,0.019,0.043,0.000,0.020,0.008
cube_d3_k55,32,9,54,54,18,0.016,0.010,0.027,0.000,0.012,0.006
cube_d3_k55,32,10,18,18,6,0.009,0.005,0.014,0.000,0.008,0.003
cube_d3_k55,32,11,6,6,2,0.007,0.003,0.009,0.000,0.006,0.001
cube_d3_k55,32,12,2,0,0,0.004,0.002,0.000,,,
cube_d3_k55,32,0,110,998250,332750,0.168,0.202,13.095,0.000,4.740,3.031
cube_d3_k55,32,1,332750,332750,113380,10.131,2.049,5.834,0.000,1.754,1.124
cube_d3_k55,32,2,113380,113380,39366,3.903,0.806,13.259,0.000,11.786,0.424
cube_d3_k55,32,3,39366,39366,13122,1.328,0.333,4.415,0.000,3.901,0.163
cube_d3_k55,32,4,13122,13122,4374,1.363,0.155,1.225,0.000,0.993,0.080
cube_d3_k55,32,5,4374,4374,1458,0.483,0.169,0.671,0.000,0.495,0.033
cube_d3_k55,32,6,1458,1458,486,0.184,0.066,0.177,0.000,0.097,0.019
cube_d3_k55,32,7,486,486,162,0.072,0.033,0.085,0.000,0.042,0.012
cube_d3_k55,32,8,162,162,54,0.030,0.019,0.042,0.000,0.020,0.008
cube_d3_k55,32,9,54,54,18,0.015,0.010,0.027,0.000,0.011,0.006
cube_d3_k55,32,10,18,18,6,0.009,0.005,0.015,0.000,0.007,0.003
cube_d3_k55,32,11,6,6,2,0.007,0.003,0.009,0.000,0.006,0.001
cube_d3_k55,32,12,2,0,0,0.004,0.002,0.000,,,
cube_d3_k55,32,0,110,998250,332750,0.174,0.205,13.383,0.000,4.988,3.038
cube_d3_k55,32,1,332750,332750,113380,10.163,2.106,5.949,0.000,1.858,1.081
cube_d3_k55,32,2,113380,113380,39366,3.904,0.802,13.341,0.000,11.860,0.415
cube_d3_k55,32,3,39366,39366,13122,1.342,0.317,4.463,0.000,3.930,0.164
cube_d3_k55,32,4,13122,13122,4374,1.396,0.158,1.217,0.000,0.982,0.076
cube_d3_k55,32,5,4374,4374,1458,0.479,0.172,0.681,0.000,0.505,0.033
cube_d3_k55,32,6,1458,1458,486,0.176,0.065,0.175,0.000,0.098,0.018
cube_d3_k55,32,7,486,486,162,0.070,0.033,0.082,0.000,0.040,0.011
cube_d3_k55,32,8,162,162,54,0.030,0.018,0.042,0.000,0.020,0.008
cube_d3_k55,32,9,54,54,18,0.015,0.010,0.026,0.000,0.011,0.006
cube_d3_k55,32,10,18,18,6,0.009,0.005,0.014,0.000,0.008,0.003
cube_d3_k55,32,11,6,6,2,0.007,0.003,0.009,0.000,0.006,0.001
cube_d3_k55,32,12,2,0,0,0.004,0.002,0.000,,,
cube_d3_k55,64,0,110,998250,332750,2.504,0.677,14.752,0.000,5.879,2.623
cube_d3_k55,64,1,332750,332750,113380,7.848,2.753,6.284,0.000,2.431,1.240
cube_d3_k55,64,2,113380,113380,39366,2.968,1.007,12.795,0.000,11.557,0.403
cube_d3_k55,64,3,39366,39366,13122,1.218,0.496,6.675,0.000,6.003,0.207
cube_d3_k55,64,4,13122,13122,4374,1.692,0.262,1.476,0.000,1.064,0.192
cube_d3_k55,64,5,4374,4374,1458,0.409,0.203,0.782,0.000,0.544,0.055
cube_d3_k55,64,6,1458,1458,486,0.171,0.088,0.264,0.000,0.129,0.033
cube_d3_k55,64,7,486,486,162,0.092,0.049,0.130,0.000,0.058,0.022
cube_d3_k55,64,8,162,162,54,0.072,0.031,0.077,0.000,0.025,0.024
cube_d3_k55,64,9,54,54,18,0.029,0.011,0.038,0.000,0.012,0.012
cube_d3_k55,64,10,18,18,6,0.015,0.005,0.015,0.000,0.008,0.002
cube_d3_k55,64,11,6,6,2,0.012,0.003,0.009,0.000,0.006,0.001
cube_d3_k55,64,12,2,0,0,0.004,0.001,0.000,,,
cube_d3_k55,64,0,110,998250,332750,0.210,0.370,12.066,0.000,4.758,2.543
cube_d3_k55,64,1,332750,332750,113380,7.546,2.399,5.137,0.000,1.714,0.862
cube_d3_k55,64,2,113380,113380,39366,3.070,0.977,12.662,0.000,11.449,0.373
cube_d3_k55,64,3,39366,39366,13122,1.188,0.439,4.858,0.000,4.306,0.176
cube_d3_k55,64,4,13122,13122,4374,1.631,0.254,1.412,0.000,1.022,0.172
cube_d3_k55,64,5,4374,4374,1458,0.385,0.206,0.734,0.000,0.517,0.045
cube_d3_k55,64,6,1458,1458,486,0.159,0.079,0.246,0.000,0.121,0.036
cube_d3_k55,64,7,486,486,162,0.089,0.046,0.124,0.000,0.056,0.022
cube_d3_k55,64,8,162,162,54,0.059,0.027,0.067,0.000,0.027,0.017
cube_d3_k55,64,9,54,54,18,0.029,0.011,0.028,0.000,0.013,0.005
cube_d3_k55,64,10,18,18,6,0.019,0.005,0.014,0.000,0.008,0.003
cube_d3_k55,64,11,6,6,2,0.015,0.003,0.009,0.000,0.006,0.001
cube_d3_k55,64,12,2,0,0,0.004,0.002,0.000,,,
cube_d3_k55,64,0,110,998250,332750,0.201,0.341,11.874,0.000,4.728,2.240
cube_d3_k55,64,1,332750,332750,113380,7.810,2.286,5.106,0.000,1.766,0.843
cube_d3_k55,64,2,113380,113380,39366,2.960,0.947,11.700,0.000,10.499,0.366
cube_d3_k55,64,3,39366,39366,13122,1.156,0.399,4.553,0.000,3.989,0.180
cube_d3_k55,64,4,13122,13122,4374,1.632,0.254,1.415,0.000,1.022,0.172
cube_d3_k55,64,5,4374,4374,1458,0.292,0.175,0.671,0.000,0.478,0.043
cube_d3_k55,64,6,1458,1458,486,0.140,0.080,0.211,0.000,0.095,0.033
cube_d3_k55,64,7,486,486,162,0.071,0.047,0.105,0.000,0.045,0.025
cube_d3_k55,64,8,162,162,54,0.059,0.027,0.052,0.000,0.016,0.015
cube_d3_k55,64,9,54,54,18,0.039,0.009,0.019,0.000,0.008,0.004
cube_d3_k55,64,10,18,18,6,0.017,0.005,0.010,0.000,0.005,0.002
cube_d3_k55,64,11,6,6,2,0.013,0.003,0.008,0.000,0.004,0.001
cube_d3_k55,64,12,2,0,0,0.004,0.001,0.000,,,
cube_d3_k55,64,0,110,998250,332750,0.196,0.338,11.608,0.000,4.410,2.255
cube_d3_k55,64,1,332750,332750,113380,8.005,2.311,5.117,0.000,1.716,0.872
cube_d3_k55,64,2,113380,113380,39366,2.902,0.940,12.221,0.000,11.005,0.379
cube_d3_k55,64,3,39366,39366,13122,1.169,0.434,4.547,0.000,4.013,0.166
cube_d3_k55,64,4,13122,13122,4374,1.400,0.264,1.360,0.000,1.004,0.149
cube_d3_k55,64,5,4374,4374,1458,0.305,0.174,0.679,0.000,0.471,0.052
cube_d3_k55,64,6,1458,1458,486,0.144,0.070,0.209,0.000,0.093,0.035
cube_d3_k55,64,7,486,486,162,0.083,0.046,0.097,0.000,0.041,0.020
cube_d3_k55,64,8,162,162,54,0.065,0.027,0.058,0.000,0.019,0.019
cube_d3_k55,64,9,54,54,18,0.038,0.009,0.019,0.000,0.008,0.004
cube_d3_k55,64,10,18,18,6,0.017,0.005,0.010,0.000,0.006,0.002
cube_d3_k55,64,11,6,6,2,0.009,0.003,0.009,0.000,0.006,0.001
cube_d3_k55,64,12,2,0,0,0.004,0.001,0.000,,,
cube_d3_k55,64,0,110,998250,332750,0.203,0.354,11.712,0.000,4.675,2.234
cube_d3_k55,64,1,332750,332750,113380,8.052,2.316,5.232,0.000,1.837,0.910
cube_d3_k55,64,2,113380,113380,39366,2.900,0.944,12.187,0.000,10.991,0.372
cube_d3_k55,64,3,39366,39366,13122,1.121,0.411,4.509,0.000,3.972,0.175
cube_d3_k55,64,4,13122,13122,4374,1.368,0.229,1.421,0.000,1.034,0.159
cube_d3_k55,64,5,4374,4374,1458,0.507,0.178,0.688,0.000,0.497,0.043
cube_d3_k55,64,6,1458,1458,486,0.142,0.073,0.206,0.000,0.100,0.034
cube_d3_k55,64,7,486,486,162,0.077,0.046,0.100,0.000,0.043,0.022
cube_d3_k55,64,8,162,162,54,0.058,0.027,0.061,0.000,0.019,0.021
cube_d3_k55,64,9,54,54,18,0.039,0.009,0.020,0.000,0.008,0.004
cube_d3_k55,64,10,18,18,6,0.017,0.005,0.010,0.000,0.006,0.002
cube_d3_k55,64,11,6,6,2,0.013,0.003,0.007,0.000,0.005,0.001
cube_d3_k55,64,12,2,0,0,0.004,0.001,0.000,,,
cube_d3_k55,64,0,110,998250,332750,0.217,0.335,12.103,0.000,4.924,2.263
cube_d3_k55,64,1,332750,332750,113380,9.022,2.407,5.927,0.000,2.394,0.915
cube_d3_k55,64,2,113380,113380,39366,3.097,0.944,13.038,0.000,11.763,0.371
cube_d3_k55,64,3,39366,39366,13122,1.196,0.435,4.882,0.000,4.336,0.169
cube_d3_k55,64,4,13122,13122,4374,1.929,0.241,1.370,0.000,1.047,0.108
cube_d3_k55,64,5,4374,4374,1458,0.386,0.205,0.565,0.000,0.335,0.050
cube_d3_k55,64,6,1458,1458,486,0.157,0.084,0.237,0.000,0.116,0.033
cube_d3_k55,64,7,486,486,162,0.092,0.054,0.141,0.000,0.051,0.019
cube_d3_k55,64,8,162,162,54,0.053,0.031,0.069,0.000,0.028,0.016
cube_d3_k55,64,9,54,54,18,0.032,0.012,0.032,0.000,0.012,0.007
cube_d3_k55,64,10,18,18,6,0.022,0.006,0.015,0.000,0.008,0.003
cube_d3_k55,64,11,6,6,2,0.017,0.003,0.009,0.000,0.006,0.001
cube_d3_k55,64,12,2,0,0,0.004,0.002,0.000,,,
cube_d3_k55,128,0,110,998250,332750,3.955,0.903,17.835,0.000,8.785,2.427
cube_d3_k55,128,1,332750,332750,113380,5.724,2.395,5.960,0.000,2.183,1.385
cube_d3_k55,128,2,113380,113380,39366,2.262,0.939,13.930,0.000,12.813,0.344
cube_d3_k55,128,3,39366,39366,13122,1.103,0.437,5.881,0.000,5.343,0.184
cube_d3_k55,128,4,13122,13122,4374,1.559,0.276,1.706,0.000,1.238,0.238
cube_d3_k55,128,5,4374,4374,1458,0.399,0.233,0.872,0.000,0.606,0.057
cube_d3_k55,128,6,1458,1458,486,0.179,0.095,0.293,0.000,0.152,0.042
cube_d3_k55,128,7,486,486,162,0.132,0.066,0.185,0.000,0.065,0.053
cube_d3_k55,128,8,162,162,54,0.110,0.042,0.106,0.000,0.033,0.024
cube_d3_k55,128,9,54,54,18,0.041,0.013,0.041,0.000,0.015,0.010
cube_d3_k55,128,10,18,18,6,0.027,0.007,0.018,0.000,0.009,0.003
cube_d3_k55,128,11,6,6,2,0.017,0.003,0.011,0.000,0.007,0.001
cube_d3_k55,128,12,2,0,0,0.005,0.002,0.000,,,
cube_d3_k55,128,0,110,998250,332750,0.188,0.273,8.890,0.000,3.144,1.992
cube_d3_k55,128,1,332750,332750,113380,5.466,1.954,4.088,0.000,1.368,0.612
cube_d3_k55,128,2,113380,113380,39366,2.483,0.901,12.742,0.000,11.569,0.390
cube_d3_k55,128,3,39366,39366,13122,1.066,0.442,5.126,0.000,4.561,0.209
cube_d3_k55,128,4,13122,13122,4374,1.374,0.306,1.574,0.000,1.122,0.230
cube_d3_k55,128,5,4374,4374,1458,0.389,0.206,0.791,0.000,0.569,0.049
cube_d3_k55,128,6,1458,1458,486,0.168,0.089,0.289,0.000,0.148,0.041
cube_d3_k55,128,7,486,486,162,0.141,0.065,0.175,0.000,0.066,0.059
cube_d3_k55,128,8,162,162,54,0.084,0.036,0.095,0.000,0.028,0.022
cube_d3_k55,128,9,54,54,18,0.042,0.013,0.038,0.000,0.013,0.009
cube_d3_k55,128,10,18,18,6,0.020,0.006,0.016,0.000,0.008,0.003
cube_d3_k55,128,11,6,6,2,0.010,0.003,0.009,0.000,0.006,0.001
cube_d3_k55,128,12,2,0,0,0.004,0.001,0.000,,,
cube_d3_k55,128,0,110,998250,332750,0.227,0.250,8.247,0.000,3.028,1.447
cube_d3_k55,128,1,332750,332750,113380,5.405,1.944,4.033,0.000,1.378,0.588
cube_d3_k55,128,2,113380,113380,39366,2.475,0.808,12.541,0.000,11.508,0.315
cube_d3_k55,128,3,39366,39366,13122,1.252,0.431,5.029,0.000,4.485,0.161
cube_d3_k55,128,4,13122,13122,4374,1.418,0.252,1.567,0.000,1.126,0.220
cube_d3_k55,128,5,4374,4374,1458,0.377,0.206,0.861,0.000,0.618,0.064
cube_d3_k55,128,6,1458,1458,486,0.167,0.084,0.276,0.000,0.131,0.054
cube_d3_k55,128,7,486,486,162,0.111,0.049,0.150,0.000,0.054,0.033
cube_d3_k55,128,8,162,162,54,0.100,0.044,0.080,0.000,0.028,0.023
cube_d3_k55,128,9,54,54,18,0.043,0.012,0.044,0.000,0.013,0.015
cube_d3_k55,128,10,18,18,6,0.026,0.006,0.015,0.000,0.008,0.003
cube_d3_k55,128,11,6,6,2,0.013,0.003,0.010,0.000,0.006,0.001
cube_d3_k55,128,12,2,0,0,0.004,0.002,0.000,,,
cube_d3_k55,128,0,110,998250,332750,0.177,0.247,8.563,0.000,3.296,1.453
cube_d3_k55,128,1,332750,332750,113380,5.833,1.946,3.965,0.000,1.329,0.593
cube_d3_k55,128,2,113380,113380,39366,2.495,0.844,12.947,0.000,11.934,0.299
cube_d3_k55,128,3,39366,39366,13122,1.054,0.410,5.029,0.000,4.518,0.148
cube_d3_k55,128,4,13122,13122,4374,1.219,0.380,1.557,0.000,1.088,0.239
cube_d3_k55,128,5,4374,4374,1458,0.372,0.213,0.598,0.000,0.368,0.054
cube_d3_k55,128,6,1458,1458,486,0.163,0.093,0.271,0.000,0.130,0.048
cube_d3_k55,128,7,486,486,162,0.115,0.060,0.171,0.000,0.064,0.052
cube_d3_k55,128,8,162,162,54,0.093,0.031,0.094,0.000,0.036,0.016
cube_d3_k55,128,9,54,54,18,0.028,0.012,0.030,0.000,0.013,0.006
cube_d3_k55,128,10,18,18,6,0.016,0.006,0.015,0.000,0.008,0.003
cube_d3_k55,128,11,6,6,2,0.011,0.003,0.010,0.000,0.006,0.001
cube_d3_k55,128,12,2,0,0,0.004,0.002,0.000,,,
cube_d3_k55,128,0,110,998250,332750,0.190,0.260,8.603,0.000,3.317,1.451
cube_d3_k55,128,1,332750,332750,113380,5.902,1.950,5.122,0.000,2.291,0.608
cube_d3_k55,128,2,113380,113380,39366,2.530,0.985,13.703,0.000,12.683,0.288
cube_d3_k55,128,3,39366,39366,13122,1.035,0.421,4.996,0.000,4.479,0.158
cube_d3_k55,128,4,13122,13122,4374,1.232,0.248,1.435,0.000,1.089,0.119
cube_d3_k55,128,5,4374,4374,1458,0.372,0.209,0.873,0.000,0.620,0.065
cube_d3_k55,128,6,1458,1458,486,0.171,0.088,0.280,0.000,0.128,0.052
cube_d3_k55,128,7,486,486,162,0.113,0.062,0.172,0.000,0.061,0.049
cube_d3_k55,128,8,162,162,54,0.084,0.047,0.104,0.000,0.030,0.030
cube_d3_k55,128,9,54,54,18,0.040,0.012,0.029,0.000,0.013,0.006
cube_d3_k55,128,10,18,18,6,0.026,0.006,0.016,0.000,0.008,0.003
cube_d3_k55,128,11,6,6,2,0.015,0.003,0.009,0.000,0.006,0.001
cube_d3_k55,128,12,2,0,0,0.004,0.002,0.000,,,
cube_d3_k55,128,0,110,998250,332750,0.185,0.256,8.395,0.000,3.252,1.450
cube_d3_k55,128,1,332750,332750,113380,6.192,1.972,4.337,0.001,1.264,0.636
cube_d3_k55,128,2,113380,113380,39366,2.414,0.814,13.136,0.000,11.966,0.389
cube_d3_k55,128,3,39366,39366,13122,1.010,0.435,5.055,0.000,4.535,0.154
cube_d3_k55,128,4,13122,13122,4374,1.210,0.233,1.591,0.000,1.119,0.245
cube_d3_k55,128,5,4374,4374,1458,0.385,0.217,0.819,0.000,0.571,0.060
cube_d3_k55,128,6,1458,1458,486,0.169,0.085,0.276,0.000,0.140,0.045
cube_d3_k55,128,7,486,486,162,0.118,0.052,0.174,0.000,0.058,0.058
cube_d3_k55,128,8,162,162,54,0.104,0.035,0.100,0.000,0.029,0.028
cube_d3_k55,128,9,54,54,18,0.043,0.013,0.039,0.000,0.013,0.010
cube_d3_k55,128,10,18,18,6,0.024,0.006,0.016,0.000,0.008,0.003
cube_d3_k55,128,11,6,6,2,0.011,0.003,0.010,0.000,0.006,0.001
cube_d3_k55,128,12,2,0,0,0.004,0.002,0.000,,,
cube_d3_k55,144,0,110,998250,332750,3.535,0.962,18.788,0.000,9.766,2.714
cube_d3_k55,144,1,332750,332750,113380,5.323,2.106,5.528,0.000,2.156,1.196
cube_d3_k55,144,2,113380,113380,39366,2.138,1.111,12.738,0.000,11.576,0.326
cube_d3_k55,144,3,39366,39366,13122,1.058,0.395,5.353,0.000,4.817,0.156
cube_d3_k55,144,4,13122,13122,4374,1.446,0.310,1.670,0.000,1.073,0.364
cube_d3_k55,144,5,4374,4374,1458,0.372,0.217,0.825,0.000,0.586,0.056
cube_d3_k55,144,6,1458,1458,486,0.168,0.088,0.270,0.000,0.123,0.039
cube_d3_k55,144,7,486,486,162,0.130,0.060,0.173,0.000,0.064,0.056
cube_d3_k55,144,8,162,162,54,0.086,0.034,0.108,0.000,0.032,0.036
cube_d3_k55,144,9,54,54,18,0.039,0.018,0.029,0.000,0.012,0.006
cube_d3_k55,144,10,18,18,6,0.023,0.006,0.015,0.000,0.008,0.003
cube_d3_k55,144,11,6,6,2,0.016,0.003,0.009,0.000,0.006,0.001
cube_d3_k55,144,12,2,0,0,0.005,0.002,0.000,,,
cube_d3_k55,144,0,110,998250,332750,0.171,0.242,8.194,0.000,2.936,1.692
cube_d3_k55,144,1,332750,332750,113380,4.917,1.910,3.979,0.000,1.399,0.540
cube_d3_k55,144,2,113380,113380,39366,2.499,0.816,12.323,0.000,11.346,0.263
cube_d3_k55,144,3,39366,39366,13122,1.053,0.427,5.023,0.000,4.472,0.187
cube_d3_k55,144,4,13122,13122,4374,1.432,0.333,1.517,0.000,1.087,0.203
cube_d3_k55,144,5,4374,4374,1458,0.378,0.212,0.825,0.000,0.585,0.058
cube_d3_k55,144,6,1458,1458,486,0.166,0.094,0.264,0.000,0.124,0.041
cube_d3_k55,144,7,486,486,162,0.095,0.051,0.153,0.000,0.059,0.035
cube_d3_k55,144,8,162,162,54,0.086,0.041,0.107,0.001,0.027,0.030
cube_d3_k55,144,9,54,54,18,0.039,0.013,0.034,0.000,0.013,0.006
cube_d3_k55,144,10,18,18,6,0.020,0.006,0.016,0.000,0.008,0.003
cube_d3_k55,144,11,6,6,2,0.010,0.003,0.009,0.000,0.006,0.001
cube_d3_k55,144,12,2,0,0,0.005,0.002,0.000,,,
cube_d3_k55,144,0,110,998250,332750,0.173,0.265,8.107,0.000,3.089,1.374
cube_d3_k55,144,1,332750,332750,113380,5.156,1.859,3.973,0.000,1.379,0.550
cube_d3_k55,144,2,113380,113380,39366,2.478,0.846,12.663,0.000,11.506,0.354
cube_d3_k55,144,3,39366,39366,13122,1.004,0.393,4.979,0.000,4.433,0.177
cube_d3_k55,144,4,13122,13122,4374,1.219,0.312,1.511,0.000,1.105,0.167
cube_d3_k55,144,5,4374,4374,1458,0.375,0.207,0.839,0.000,0.579,0.059
cube_d3_k55,144,6,1458,1458,486,0.176,0.099,0.263,0.000,0.123,0.039
cube_d3_k55,144,7,486,486,162,0.101,0.060,0.187,0.000,0.073,0.066
cube_d3_k55,144,8,162,162,54,0.092,0.043,0.086,0.000,0.026,0.024
cube_d3_k55,144,9,54,54,18,0.039,0.013,0.040,0.000,0.012,0.011
cube_d3_k55,144,10,18,18,6,0.026,0.006,0.015,0.000,0.008,0.003
cube_d3_k55,144,11,6,6,2,0.013,0.003,0.010,0.000,0.006,0.001
cube_d3_k55,144,12,2,0,0,0.004,0.002,0.000,,,
cube_d3_k55,144,0,110,998250,332750,0.200,0.262,8.028,0.000,2.956,1.381
cube_d3_k55,144,1,332750,332750,113380,5.413,1.823,3.997,0.000,1.325,0.546
cube_d3_k55,144,2,113380,113380,39366,2.455,0.824,13.969,0.000,12.059,0.927
cube_d3_k55,144,3,39366,39366,13122,2.209,0.419,4.968,0.000,4.444,0.157
cube_d3_k55,144,4,13122,13122,4374,1.225,0.348,1.417,0.000,1.097,0.103
cube_d3_k55,144,5,4374,4374,1458,0.357,0.202,0.773,0.000,0.533,0.053
cube_d3_k55,144,6,1458,1458,486,0.163,0.098,0.289,0.000,0.139,0.046
cube_d3_k55,144,7,486,486,162,0.129,0.061,0.165,0.000,0.059,0.050
cube_d3_k55,144,8,162,162,54,0.090,0.029,0.093,0.000,0.031,0.032
cube_d3_k55,144,9,54,54,18,0.039,0.020,0.032,0.000,0.012,0.007
cube_d3_k55,144,10,18,18,6,0.020,0.006,0.016,0.000,0.008,0.003
cube_d3_k55,144,11,6,6,2,0.010,0.003,0.009,0.000,0.006,0.001
cube_d3_k55,144,12,2,0,0,0.004,0.002,0.000,,,
cube_d3_k55,144,0,110,998250,332750,0.175,0.257,8.308,0.000,3.215,1.391
cube_d3_k55,144,1,332750,332750,113380,5.605,1.844,3.844,0.000,1.298,0.597
cube_d3_k55,144,2,113380,113380,39366,2.416,0.765,12.858,0.000,11.749,0.343
cube_d3_k55,144,3,39366,39366,13122,0.957,0.455,4.943,0.000,4.448,0.146
cube_d3_k55,144,4,13122,13122,4374,1.202,0.319,1.612,0.000,1.101,0.287
cube_d3_k55,144,5,4374,4374,1458,0.382,0.215,0.787,0.000,0.551,0.056
cube_d3_k55,144,6,1458,1458,486,0.165,0.087,0.272,0.000,0.125,0.044
cube_d3_k55,144,7,486,486,162,0.115,0.053,0.157,0.000,0.057,0.041
cube_d3_k55,144,8,162,162,54,0.093,0.040,0.089,0.000,0.025,0.019
cube_d3_k55,144,9,54,54,18,0.035,0.012,0.029,0.000,0.012,0.006
cube_d3_k55,144,10,18,18,6,0.021,0.006,0.015,0.000,0.008,0.003
cube_d3_k55,144,11,6,6,2,0.014,0.003,0.010,0.000,0.006,0.001
cube_d3_k55,144,12,2,0,0,0.005,0.002,0.000,,,
cube_d3_k55,144,0,110,998250,332750,0.188,0.249,8.169,0.000,3.098,1.494
cube_d3_k55,144,1,332750,332750,113380,5.716,1.906,3.874,0.000,1.317,0.585
cube_d3_k55,144,2,113380,113380,39366,2.358,0.811,12.853,0.000,11.903,0.263
cube_d3_k55,144,3,39366,39366,13122,1.088,0.417,4.953,0.000,4.448,0.156
cube_d3_k55,144,4,13122,13122,4374,1.218,0.339,1.550,0.000,1.065,0.247
cube_d3_k55,144,5,4374,4374,1458,0.590,0.213,0.807,0.000,0.565,0.058
cube_d3_k55,144,6,1458,1458,486,0.155,0.115,0.275,0.000,0.130,0.046
cube_d3_k55,144,7,486,486,162,0.104,0.059,0.140,0.000,0.055,0.037
cube_d3_k55,144,8,162,162,54,0.096,0.039,0.091,0.000,0.032,0.030
cube_d3_k55,144,9,54,54,18,0.036,0.012,0.029,0.000,0.012,0.007
cube_d3_k55,144,10,18,18,6,0.024,0.006,0.015,0.000,0.008,0.003
cube_d3_k55,144,11,6,6,2,0.008,0.003,0.009,0.000,0.006,0.001
cube_d3_k55,144,12,2,0,0,0.004,0.002,0.000,,,
cube_d3_k105,1,0,210,6945750,2315250,10.237,25.489,2094.465,0.000,1043.681,314.362
cube_d3_k105,1,1,2315250,2315250,808056,1514.871,330.444,1032.702,0.000,257.520,125.814
cube_d3_k105,1,2,808056,808056,354294,490.328,108.167,365.583,0.000,90.259,50.604
cube_d3_k105,1,3,354294,354294,118098,249.575,45.857,136.129,0.000,37.191,17.087
cube_d3_k105,1,4,118098,118098,39366,80.548,11.200,42.159,0.000,13.552,5.450
cube_d3_k105,1,5,39366,39366,13122,25.227,2.887,12.146,0.000,4.680,1.721
cube_d3_k105,1,6,13122,13122,4374,6.737,1.077,3.704,0.000,1.410,0.613
cube_d3_k105,1,7,4374,4374,1458,2.165,0.327,1.020,0.000,0.316,0.190
cube_d3_k105,1,8,1458,1458,486,0.750,0.092,0.311,0.000,0.095,0.058
cube_d3_k105,1,9,486,486,162,0.265,0.029,0.103,0.000,0.032,0.020
cube_d3_k105,1,10,162,162,54,0.086,0.011,0.035,0.000,0.013,0.008
cube_d3_k105,1,11,54,54,18,0.028,0.004,0.015,0.000,0.006,0.003
cube_d3_k105,1,12,18,18,6,0.010,0.002,0.008,0.000,0.004,0.001
cube_d3_k105,1,13,6,6,2,0.004,0.001,0.005,0.000,0.003,0.001
cube_d3_k105,1,14,2,0,0,0.002,0.001,0.000,,,
cube_d3_k105,1,0,210,6945750,2315250,10.311,14.438,2126.769,0.000,1055.376,344.878
cube_d3_k105,1,1,2315250,2315250,808056,1784.127,432.419,1168.228,0.000,358.547,129.580
cube_d3_k105,1,2,808056,808056,354294,578.823,138.667,367.740,0.000,94.106,49.632
cube_d3_k105,1,3,354294,354294,118098,247.538,50.060,134.887,0.000,37.223,16.219
cube_d3_k105,1,4,118098,118098,39366,85.189,11.876,43.094,0.000,13.551,5.469
cube_d3_k105,1,5,39366,39366,13122,24.276,3.292,12.298,0.000,4.653,1.713
cube_d3_k105,1,6,13122,13122,4374,6.715,1.197,3.719,0.000,1.281,0.611
cube_d3_k105,1,7,4374,4374,1458,2.191,0.359,1.015,0.000,0.322,0.190
cube_d3_k105,1,8,1458,1458,486,0.743,0.100,0.318,0.000,0.098,0.060
cube_d3_k105,1,9,486,486,162,0.252,0.029,0.106,0.000,0.033,0.020
cube_d3_k105,1,10,162,162,54,0.083,0.011,0.035,0.000,0.013,0.008
cube_d3_k105,1,11,54,54,18,0.026,0.004,0.015,0.000,0.006,0.003
cube_d3_k105,1,12,18,18,6,0.010,0.002,0.008,0.000,0.004,0.001
cube_d3_k105,1,13,6,6,2,0.004,0.001,0.005,0.000,0.003,0.001
cube_d3_k105,1,14,2,0,0,0.002,0.001,0.000,,,
cube_d3_k105,1,0,210,6945750,2315250,8.699,14.516,2112.977,0.000,1050.548,335.073
cube_d3_k105,1,1,2315250,2315250,808056,1807.066,442.874,1175.073,0.000,377.175,131.026
cube_d3_k105,1,2,808056,808056,354294,561.783,139.891,377.666,0.000,95.775,57.738
cube_d3_k105,1,3,354294,354294,118098,254.165,49.107,136.929,0.000,38.748,16.253
cube_d3_k105,1,4,118098,118098,39366,85.995,12.059,43.378,0.000,13.747,5.438
cube_d3_k105,1,5,39366,39366,13122,24.798,3.429,12.396,0.000,4.653,1.728
cube_d3_k105,1,6,13122,13122,4374,7.081,1.200,3.735,0.000,1.294,0.629
cube_d3_k105,1,7,4374,4374,1458,2.278,0.363,1.033,0.000,0.333,0.190
cube_d3_k105,1,8,1458,1458,486,0.767,0.101,0.310,0.000,0.095,0.059
cube_d3_k105,1,9,486,486,162,0.254,0.028,0.115,0.000,0.043,0.020
cube_d3_k105,1,10,162,162,54,0.085,0.016,0.036,0.000,0.013,0.008
cube_d3_k105,1,11,54,54,18,0.029,0.005,0.015,0.000,0.006,0.003
cube_d3_k105,1,12,18,18,6,0.011,0.002,0.008,0.000,0.004,0.001
cube_d3_k105,1,13,6,6,2,0.004,0.001,0.005,0.000,0.003,0.001
cube_d3_k105,1,14,2,0,0,0.002,0.001,0.000,,,
cube_d3_k105,1,0,210,6945750,2315250,8.757,14.435,2131.272,0.000,1039.023,357.663
cube_d3_k105,1,1,2315250,2315250,808056,1811.484,468.405,1160.925,0.000,363.076,132.132
cube_d3_k105,1,2,808056,808056,354294,571.299,144.169,368.761,0.000,94.155,49.123
cube_d3_k105,1,3,354294,354294,118098,286.428,50.614,135.101,0.000,37.069,16.271
cube_d3_k105,1,4,118098,118098,39366,87.785,12.228,43.532,0.000,14.019,5.423
cube_d3_k105,1,5,39366,39366,13122,24.890,3.532,12.315,0.000,4.680,1.703
cube_d3_k105,1,6,13122,13122,4374,7.068,1.218,3.658,0.000,1.264,0.636
cube_d3_k105,1,7,4374,4374,1458,2.284,0.367,1.039,0.000,0.336,0.194
cube_d3_k105,1,8,1458,1458,486,0.794,0.099,0.311,0.000,0.095,0.058
cube_d3_k105,1,9,486,486,162,0.257,0.028,0.103,0.000,0.032,0.020
cube_d3_k105,1,10,162,162,54,0.085,0.010,0.034,0.000,0.013,0.008
cube_d3_k105,1,11,54,54,18,0.035,0.004,0.027,0.000,0.017,0.003
cube_d3_k105,1,12,18,18,6,0.011,0.002,0.008,0.000,0.004,0.001
cube_d3_k105,1,13,6,6,2,0.004,0.001,0.005,0.000,0.003,0.001
cube_d3_k105,1,14,2,0,0,0.002,0.001,0.000,,,
cube_d3_k105,1,0,210,6945750,2315250,8.787,14.446,2122.083,0.000,1055.563,334.584
cube_d3_k105,1,1,2315250,2315250,808056,1831.726,448.080,1169.535,0.000,362.062,130.732
cube_d3_k105,1,2,808056,808056,354294,601.140,143.008,368.863,0.000,93.957,49.582
cube_d3_k105,1,3,354294,354294,118098,255.811,50.046,134.764,0.002,37.018,16.208
cube_d3_k105,1,4,118098,118098,39366,88.218,12.273,43.735,0.000,14.044,5.470
cube_d3_k105,1,5,39366,39366,13122,24.771,3.379,12.336,0.000,4.654,1.734
cube_d3_k105,1,6,13122,13122,4374,7.110,1.244,3.871,0.000,1.440,0.640
cube_d3_k105,1,7,4374,4374,1458,2.280,0.374,1.022,0.000,0.312,0.189
cube_d3_k105,1,8,1458,1458,486,0.771,0.101,0.336,0.000,0.113,0.063
cube_d3_k105,1,9,486,486,162,0.261,0.029,0.104,0.000,0.033,0.020
cube_d3_k105,1,10,162,162,54,0.087,0.011,0.036,0.000,0.013,0.007
cube_d3_k105,1,11,54,54,18,0.029,0.004,0.016,0.000,0.006,0.003
cube_d3_k105,1,12,18,18,6,0.010,0.002,0.008,0.000,0.004,0.001
cube_d3_k105,1,13,6,6,2,0.004,0.001,0.005,0.000,0.003,0.001
cube_d3_k105,1,14,2,0,0,0.002,0.001,0.000,,,
cube_d3_k105,1,0,210,6945750,2315250,8.748,14.482,2113.715,0.000,1046.956,337.899
cube_d3_k105,1,1,2315250,2315250,808056,1841.766,455.741,1183.604,0.000,364.274,132.103
cube_d3_k105,1,2,808056,808056,354294,571.126,146.256,378.270,0.000,94.005,49.155
cube_d3_k105,1,3,354294,354294,118098,256.467,51.162,134.892,0.000,37.120,16.464
cube_d3_k105,1,4,118098,118098,39366,88.331,12.915,43.666,0.000,14.012,5.456
cube_d3_k105,1,5,39366,39366,13122,25.400,3.423,12.412,0.000,4.656,1.731
cube_d3_k105,1,6,13122,13122,4374,7.170,1.277,3.710,0.000,1.264,0.601
cube_d3_k105,1,7,4374,4374,1458,2.274,0.365,1.020,0.000,0.322,0.189
cube_d3_k105,1,8,1458,1458,486,0.772,0.101,0.321,0.000,0.098,0.062
cube_d3_k105,1,9,486,486,162,0.262,0.029,0.110,0.000,0.033,0.025
cube_d3_k105,1,10,162,162,54,0.085,0.011,0.036,0.000,0.013,0.008
cube_d3_k105,1,11,54,54,18,0.028,0.005,0.015,0.000,0.006,0.003
cube_d3_k105,1,12,18,18,6,0.010,0.002,0.008,0.000,0.004,0.001
cube_d3_k105,1,13,6,6,2,0.004,0.001,0.005,0.000,0.003,0.001
cube_d3_k105,1,14,2,0,0,0.002,0.001,0.000,,,
cube_d3_k105,2,0,210,6945750,2315250,11.664,14.299,1031.107,0.000,455.837,176.163
cube_d3_k105,2,1,2315250,2315250,808056,715.405,151.824,519.841,0.000,133.324,70.994
cube_d3_k105,2,2,808056,808056,354294,237.531,50.908,170.795,0.000,36.273,27.789
cube_d3_k105,2,3,354294,354294,118098,117.744,22.349,68.160,0.000,13.811,9.886
cube_d3_k105,2,4,118098,118098,39366,42.658,5.870,30.185,0.000,12.041,4.979
cube_d3_k105,2,5,39366,39366,13122,12.215,1.730,8.613,0.000,4.190,1.065
cube_d3_k105,2,6,13122,13122,4374,3.448,0.651,2.617,0.000,1.133,0.444
cube_d3_k105,2,7,4374,4374,1458,1.125,0.246,0.721,0.000,0.252,0.120
cube_d3_k105,2,8,1458,1458,486,0.428,0.096,0.237,0.000,0.081,0.041
cube_d3_k105,2,9,486,486,162,0.156,0.038,0.105,0.000,0.034,0.026
cube_d3_k105,2,10,162,162,54,0.060,0.013,0.037,0.000,0.014,0.009
cube_d3_k105,2,11,54,54,18,0.025,0.005,0.016,0.000,0.007,0.003
cube_d3_k105,2,12,18,18,6,0.009,0.003,0.008,0.000,0.004,0.001
cube_d3_k105,2,13,6,6,2,0.004,0.001,0.005,0.000,0.003,0.001
cube_d3_k105,2,14,2,0,0,0.002,0.001,0.000,,,
cube_d3_k105,2,0,210,6945750,2315250,4.483,7.437,1070.806,0.000,446.943,223.832
cube_d3_k105,2,1,2315250,2315250,808056,816.089,193.790,559.556,0.000,163.769,72.472
cube_d3_k105,2,2,808056,808056,354294,281.488,63.616,170.616,0.000,35.893,27.557
cube_d3_k105,2,3,354294,354294,118098,134.564,24.869,67.206,0.000,13.659,9.620
cube_d3_k105,2,4,118098,118098,39366,43.889,6.324,28.516,0.000,11.735,3.313
cube_d3_k105,2,5,39366,39366,13122,13.057,1.814,8.543,0.000,4.135,1.074
cube_d3_k105,2,6,13122,13122,4374,4.040,0.718,2.428,0.000,1.004,0.424
cube_d3_k105,2,7,4374,4374,1458,1.317,0.245,0.767,0.000,0.296,0.120
cube_d3_k105,2,8,1458,1458,486,0.486,0.097,0.246,0.000,0.081,0.041
cube_d3_k105,2,9,486,486,162,0.175,0.038,0.107,0.000,0.034,0.027
cube_d3_k105,2,10,162,162,54,0.066,0.013,0.036,0.000,0.014,0.008
cube_d3_k105,2,11,54,54,18,0.030,0.005,0.016,0.000,0.006,0.003
cube_d3_k105,2,12,18,18,6,0.010,0.003,0.008,0.000,0.004,0.002
cube_d3_k105,2,13,6,6,2,0.005,0.001,0.005,0.000,0.003,0.001
cube_d3_k105,2,14,2,0,0,0.002,0.001,0.000,,,
cube_d3_k105,2,0,210,6945750,2315250,4.468,7.434,1031.524,0.000,434.152,192.904
cube_d3_k105,2,1,2315250,2315250,808056,850.563,209.945,546.220,0.000,150.388,70.752
cube_d3_k105,2,2,808056,808056,354294,295.294,70.708,173.440,0.000,35.794,27.912
cube_d3_k105,2,3,354294,354294,118098,142.164,26.686,71.496,0.000,15.498,10.796
cube_d3_k105,2,4,118098,118098,39366,47.167,6.952,31.643,0.000,14.204,3.697
cube_d3_k105,2,5,39366,39366,13122,14.533,2.059,9.458,0.000,4.715,1.212
cube_d3_k105,2,6,13122,13122,4374,4.508,0.839,2.850,0.000,1.195,0.483
cube_d3_k105,2,7,4374,4374,1458,1.495,0.331,0.881,0.000,0.326,0.140
cube_d3_k105,2,8,1458,1458,486,0.537,0.127,0.313,0.000,0.130,0.048
cube_d3_k105,2,9,486,486,162,0.197,0.048,0.131,0.000,0.044,0.026
cube_d3_k105,2,10,162,162,54,0.080,0.018,0.047,0.000,0.017,0.011
cube_d3_k105,2,11,54,54,18,0.039,0.006,0.019,0.000,0.008,0.004
cube_d3_k105,2,12,18,18,6,0.013,0.003,0.010,0.000,0.005,0.002
cube_d3_k105,2,13,6,6,2,0.006,0.002,0.006,0.000,0.004,0.001
cube_d3_k105,2,14,2,0,0,0.003,0.001,0.000,,,
cube_d3_k105,2,0,210,6945750,2315250,10.039,10.466,1043.521,0.000,442.672,192.493
cube_d3_k105,2,1,2315250,2315250,808056,869.699,225.372,559.696,0.000,149.860,71.346
cube_d3_k105,2,2,808056,808056,354294,295.501,73.298,170.151,0.000,35.373,28.105
cube_d3_k105,2,3,354294,354294,118098,135.100,26.494,68.570,0.000,13.719,9.542
cube_d3_k105,2,4,118098,118098,39366,44.778,6.617,28.971,0.000,12.372,3.359
cube_d3_k105,2,5,39366,39366,13122,13.354,1.929,8.625,0.000,4.149,1.049
cube_d3_k105,2,6,13122,13122,4374,4.094,0.751,2.612,0.000,1.175,0.420
cube_d3_k105,2,7,4374,4374,1458,1.347,0.255,0.775,0.000,0.282,0.126
cube_d3_k105,2,8,1458,1458,486,0.477,0.097,0.253,0.000,0.084,0.054
cube_d3_k105,2,9,486,486,162,0.178,0.038,0.108,0.000,0.035,0.027
cube_d3_k105,2,10,162,162,54,0.067,0.014,0.037,0.000,0.014,0.008
cube_d3_k105,2,11,54,54,18,0.032,0.005,0.015,0.000,0.006,0.003
cube_d3_k105,2,12,18,18,6,0.011,0.003,0.008,0.000,0.004,0.001
cube_d3_k105,2,13,6,6,2,0.005,0.001,0.005,0.000,0.004,0.001
cube_d3_k105,2,14,2,0,0,0.002,0.001,0.000,,,
cube_d3_k105,2,0,210,6945750,2315250,4.484,7.439,1023.678,0.000,439.214,199.099
cube_d3_k105,2,1,2315250,2315250,808056,870.428,230.093,567.579,0.000,169.067,73.386
cube_d3_k105,2,2,808056,808056,354294,297.689,74.116,170.905,0.000,36.581,27.498
cube_d3_k105,2,3,354294,354294,118098,136.375,28.997,65.637,0.000,13.680,9.504
cube_d3_k105,2,4,118098,118098,39366,46.130,7.117,29.332,0.000,12.366,3.454
cube_d3_k105,2,5,39366,39366,13122,13.512,1.949,8.562,0.000,4.144,1.020
cube_d3_k105,2,6,13122,13122,4374,4.103,0.749,2.559,0.000,1.169,0.387
cube_d3_k105,2,7,4374,4374,1458,1.366,0.256,0.769,0.000,0.278,0.122
cube_d3_k105,2,8,1458,1458,486,0.470,0.097,0.255,0.000,0.083,0.043
cube_d3_k105,2,9,486,486,162,0.176,0.039,0.112,0.000,0.035,0.026
cube_d3_k105,2,10,162,162,54,0.088,0.015,0.036,0.000,0.014,0.008
cube_d3_k105,2,11,54,54,18,0.032,0.005,0.016,0.000,0.007,0.004
cube_d3_k105,2,12,18,18,6,0.011,0.003,0.008,0.000,0.004,0.001
cube_d3_k105,2,13,6,6,2,0.004,0.001,0.005,0.000,0.003,0.001
cube_d3_k105,2,14,2,0,0,0.002,0.001,0.000,,,
cube_d3_k105,2,0,210,6945750,2315250,4.440,7.464,1019.264,0.000,434.953,196.144
cube_d3_k105,2,1,2315250,2315250,808056,875.634,233.729,547.984,0.000,151.173,71.260
cube_d3_k105,2,2,808056,808056,354294,296.429,74.674,170.884,0.000,36.088,27.210
cube_d3_k105,2,3,354294,354294,118098,139.212,28.353,68.808,0.000,13.706,9.784
cube_d3_k105,2,4,118098,118098,39366,45.228,6.849,29.678,0.000,12.827,3.362
cube_d3_k105,2,5,39366,39366,13122,13.572,1.947,8.834,0.000,4.344,1.065
cube_d3_k105,2,6,13122,13122,4374,4.085,0.755,2.519,0.000,1.144,0.415
cube_d3_k105,2,7,4374,4374,1458,1.334,0.253,0.786,0.000,0.289,0.133
cube_d3_k105,2,8,1458,1458,486,0.477,0.099,0.245,0.000,0.084,0.043
cube_d3_k105,2,9,486,486,162,0.185,0.038,0.108,0.000,0.035,0.027
cube_d3_k105,2,10,162,162,54,0.068,0.014,0.037,0.000,0.014,0.008
cube_d3_k105,2,11,54,54,18,0.031,0.005,0.019,0.000,0.007,0.003
cube_d3_k105,2,12,18,18,6,0.011,0.003,0.009,0.000,0.005,0.002
cube_d3_k105,2,13,6,6,2,0.004,0.001,0.005,0.000,0.003,0.001
cube_d3_k105,2,14,2,0,0,0.002,0.001,0.000,,,
cube_d3_k105,4,0,210,6945750,2315250,5.998,7.317,575.066,0.000,243.849,100.377
cube_d3_k105,4,1,2315250,2315250,808056,368.426,79.355,281.103,0.000,70.539,37.843
cube_d3_k105,4,2,808056,808056,354294,125.905,26.787,93.516,0.000,20.250,15.056
cube_d3_k105,4,3,354294,354294,118098,60.752,13.355,34.451,0.000,7.593,5.454
cube_d3_k105,4,4,118098,118098,39366,22.423,3.502,19.967,0.000,11.332,1.754
cube_d3_k105,4,5,39366,39366,13122,6.617,1.059,6.231,0.002,3.960,0.594
cube_d3_k105,4,6,13122,13122,4374,2.201,0.479,1.668,0.000,0.913,0.218
cube_d3_k105,4,7,4374,4374,1458,0.770,0.225,0.554,0.000,0.252,0.079
cube_d3_k105,4,8,1458,1458,486,0.273,0.111,0.201,0.000,0.079,0.029
cube_d3_k105,4,9,486,486,162,0.130,0.043,0.105,0.000,0.038,0.029
cube_d3_k105,4,10,162,162,54,0.056,0.015,0.039,0.000,0.014,0.009
cube_d3_k105,4,11,54,54,18,0.015,0.006,0.017,0.000,0.007,0.004
cube_d3_k105,4,12,18,18,6,0.010,0.003,0.009,0.000,0.005,0.001
cube_d3_k105,4,13,6,6,2,0.004,0.001,0.006,0.000,0.004,0.001
cube_d3_k105,4,14,2,0,0,0.002,0.001,0.000,,,
cube_d3_k105,4,0,210,6945750,2315250,5.519,5.423,553.341,0.000,226.530,102.541
cube_d3_k105,4,1,2315250,2315250,808056,493.223,105.771,298.844,0.000,81.444,42.219
cube_d3_k105,4,2,808056,808056,354294,152.576,36.274,97.307,0.000,22.717,16.083
cube_d3_k105,4,3,354294,354294,118098,69.421,14.307,38.910,0.000,8.855,5.493
cube_d3_k105,4,4,118098,118098,39366,23.246,3.631,22.038,0.000,13.190,1.855
cube_d3_k105,4,5,39366,39366,13122,7.240,1.087,6.888,0.000,4.454,0.614
cube_d3_k105,4,6,13122,13122,4374,2.621,0.430,1.939,0.000,1.084,0.248
cube_d3_k105,4,7,4374,4374,1458,0.932,0.230,0.630,0.000,0.307,0.079
cube_d3_k105,4,8,1458,1458,486,0.345,0.109,0.227,0.000,0.094,0.031
cube_d3_k105,4,9,486,486,162,0.144,0.052,0.115,0.000,0.045,0.027
cube_d3_k105,4,10,162,162,54,0.057,0.019,0.048,0.000,0.017,0.011
cube_d3_k105,4,11,54,54,18,0.039,0.006,0.020,0.000,0.008,0.004
cube_d3_k105,4,12,18,18,6,0.013,0.003,0.011,0.000,0.006,0.002
cube_d3_k105,4,13,6,6,2,0.005,0.002,0.006,0.000,0.004,0.001
cube_d3_k105,4,14,2,0,0,0.003,0.001,0.000,,,
cube_d3_k105,4,0,210,6945750,2315250,2.444,4.036,568.359,0.000,236.442,102.359
cube_d3_k105,4,1,2315250,2315250,808056,438.892,114.879,301.468,0.000,92.300,39.936
cube_d3_k105,4,2,808056,808056,354294,157.148,37.576,101.911,0.000,20.438,16.975
cube_d3_k105,4,3,354294,354294,118098,69.861,15.004,35.107,0.000,8.080,5.462
cube_d3_k105,4,4,118098,118098,39366,23.462,3.917,25.918,0.000,17.025,1.850
cube_d3_k105,4,5,39366,39366,13122,9.101,1.164,6.518,0.000,4.112,0.593
cube_d3_k105,4,6,13122,13122,4374,2.465,0.500,1.756,0.000,0.979,0.225
cube_d3_k105,4,7,4374,4374,1458,0.870,0.222,0.545,0.000,0.248,0.072
cube_d3_k105,4,8,1458,1458,486,0.307,0.104,0.207,0.000,0.080,0.029
cube_d3_k105,4,9,486,486,162,0.143,0.044,0.106,0.000,0.039,0.029
cube_d3_k105,4,10,162,162,54,0.058,0.016,0.040,0.000,0.015,0.010
cube_d3_k105,4,11,54,54,18,0.019,0.006,0.017,0.000,0.007,0.003
cube_d3_k105,4,12,18,18,6,0.012,0.003,0.009,0.000,0.005,0.001
cube_d3_k105,4,13,6,6,2,0.004,0.001,0.006,0.000,0.004,0.001
cube_d3_k105,4,14,2,0,0,0.002,0.001,0.000,,,
cube_d3_k105,4,0,210,6945750,2315250,5.154,5.616,576.811,0.000,239.080,114.187
cube_d3_k105,4,1,2315250,2315250,808056,460.933,118.414,298.419,0.000,91.463,39.945
cube_d3_k105,4,2,808056,808056,354294,150.880,39.209,92.787,0.000,20.767,14.571
cube_d3_k105,4,3,354294,354294,118098,69.119,14.806,34.869,0.000,7.840,5.216
cube_d3_k105,4,4,118098,118098,39366,22.991,3.791,20.877,0.000,12.285,1.763
cube_d3_k105,4,5,39366,39366,13122,7.053,1.078,6.441,0.000,4.082,0.603
cube_d3_k105,4,6,13122,13122,4374,2.479,0.492,1.791,0.000,0.995,0.237
cube_d3_k105,4,7,4374,4374,1458,0.880,0.228,0.546,0.000,0.249,0.073
cube_d3_k105,4,8,1458,1458,486,0.306,0.097,0.204,0.000,0.081,0.030
cube_d3_k105,4,9,486,486,162,0.145,0.044,0.105,0.000,0.038,0.029
cube_d3_k105,4,10,162,162,54,0.058,0.016,0.039,0.000,0.015,0.010
cube_d3_k105,4,11,54,54,18,0.019,0.006,0.017,0.000,0.007,0.004
cube_d3_k105,4,12,18,18,6,0.012,0.003,0.009,0.000,0.004,0.001
cube_d3_k105,4,13,6,6,2,0.004,0.001,0.005,0.000,0.004,0.001
cube_d3_k105,4,14,2,0,0,0.003,0.001,0.000,,,
cube_d3_k105,4,0,210,6945750,2315250,2.287,3.976,555.483,0.000,226.589,102.272
cube_d3_k105,4,1,2315250,2315250,808056,447.673,117.778,296.697,0.000,82.282,40.095
cube_d3_k105,4,2,808056,808056,354294,150.570,41.326,91.578,0.000,19.787,15.046
cube_d3_k105,4,3,354294,354294,118098,69.028,14.697,34.525,0.000,7.835,5.243
cube_d3_k105,4,4,118098,118098,39366,24.869,3.655,21.179,0.002,12.471,1.780
cube_d3_k105,4,5,39366,39366,13122,7.095,1.178,6.410,0.000,4.082,0.588
cube_d3_k105,4,6,13122,13122,4374,2.473,0.469,1.718,0.000,0.957,0.227
cube_d3_k105,4,7,4374,4374,1458,0.877,0.228,0.553,0.000,0.254,0.074
cube_d3_k105,4,8,1458,1458,486,0.311,0.099,0.200,0.000,0.080,0.029
cube_d3_k105,4,9,486,486,162,0.143,0.044,0.108,0.000,0.039,0.030
cube_d3_k105,4,10,162,162,54,0.057,0.016,0.038,0.000,0.015,0.009
cube_d3_k105,4,11,54,54,18,0.024,0.006,0.019,0.000,0.007,0.005
cube_d3_k105,4,12,18,18,6,0.013,0.003,0.008,0.000,0.004,0.001
cube_d3_k105,4,13,6,6,2,0.004,0.001,0.006,0.000,0.004,0.001
cube_d3_k105,4,14,2,0,0,0.002,0.001,0.000,,,
cube_d3_k105,4,0,210,6945750,2315250,5.664,9.175,600.454,0.000,251.307,106.582
cube_d3_k105,4,1,2315250,2315250,808056,462.607,118.997,306.125,0.000,92.645,39.251
cube_d3_k105,4,2,808056,808056,354294,153.708,39.662,93.017,0.000,20.339,14.778
cube_d3_k105,4,3,354294,354294,118098,71.859,16.782,34.463,0.000,7.707,5.308
cube_d3_k105,4,4,118098,118098,39366,22.957,3.779,21.174,0.000,12.451,1.761
cube_d3_k105,4,5,39366,39366,13122,7.073,1.090,6.526,0.000,4.173,0.599
cube_d3_k105,4,6,13122,13122,4374,2.473,0.427,1.686,0.000,0.931,0.216
cube_d3_k105,4,7,4374,4374,1458,0.879,0.229,0.541,0.000,0.248,0.074
cube_d3_k105,4,8,1458,1458,486,0.475,0.107,0.196,0.000,0.079,0.028
cube_d3_k105,4,9,486,486,162,0.144,0.043,0.105,0.000,0.039,0.029
cube_d3_k105,4,10,162,162,54,0.059,0.016,0.040,0.000,0.016,0.010
cube_d3_k105,4,11,54,54,18,0.018,0.006,0.023,0.000,0.007,0.009
cube_d3_k105,4,12,18,18,6,0.012,0.003,0.009,0.000,0.005,0.001
cube_d3_k105,4,13,6,6,2,0.004,0.001,0.006,0.000,0.004,0.001
cube_d3_k105,4,14,2,0,0,0.002,0.001,0.000,,,
cube_d3_k105,8,0,210,6945750,2315250,3.903,4.397,320.716,0.000,132.379,57.138
cube_d3_k105,8,1,2315250,2315250,808056,209.949,46.461,155.327,0.000,44.022,23.429
cube_d3_k105,8,2,808056,808056,354294,73.897,17.787,53.817,0.000,12.084,10.088
cube_d3_k105,8,3,354294,354294,118098,36.680,7.715,19.510,0.000,4.859,3.059
cube_d3_k105,8,4,118098,118098,39366,13.481,2.049,23.807,0.000,18.407,1.228
cube_d3_k105,8,5,39366,39366,13122,3.767,0.781,9.710,0.000,8.260,0.416
cube_d3_k105,8,6,13122,13122,4374,3.004,0.332,2.602,0.000,2.014,0.174
cube_d3_k105,8,7,4374,4374,1458,0.957,0.339,0.985,0.000,0.561,0.126
cube_d3_k105,8,8,1458,1458,486,0.359,0.127,0.331,0.000,0.173,0.040
cube_d3_k105,8,9,486,486,162,0.142,0.099,0.163,0.000,0.084,0.022
cube_d3_k105,8,10,162,162,54,0.066,0.042,0.091,0.000,0.036,0.032
cube_d3_k105,8,11,54,54,18,0.071,0.012,0.039,0.000,0.015,0.008
cube_d3_k105,8,12,18,18,6,0.025,0.005,0.020,0.000,0.010,0.003
cube_d3_k105,8,13,6,6,2,0.009,0.004,0.012,0.000,0.007,0.001
cube_d3_k105,8,14,2,0,0,0.005,0.002,0.000,,,
cube_d3_k105,8,0,210,6945750,2315250,2.442,3.041,348.368,0.000,138.005,63.964
cube_d3_k105,8,1,2315250,2315250,808056,227.559,57.321,164.875,0.000,42.225,23.123
cube_d3_k105,8,2,808056,808056,354294,75.785,17.864,52.087,0.000,11.074,8.633
cube_d3_k105,8,3,354294,354294,118098,34.475,7.378,19.392,0.000,4.511,2.821
cube_d3_k105,8,4,118098,118098,39366,13.620,1.885,17.944,0.000,13.051,0.976
cube_d3_k105,8,5,39366,39366,13122,3.757,0.687,5.725,0.000,4.449,0.345
cube_d3_k105,8,6,13122,13122,4374,1.820,0.273,6.413,0.000,5.936,0.150
cube_d3_k105,8,7,4374,4374,1458,0.665,0.231,0.544,0.000,0.304,0.050
cube_d3_k105,8,8,1458,1458,486,0.223,0.106,0.193,0.000,0.092,0.024
cube_d3_k105,8,9,486,486,162,0.097,0.039,0.093,0.000,0.039,0.021
cube_d3_k105,8,10,162,162,54,0.076,0.019,0.043,0.000,0.017,0.009
cube_d3_k105,8,11,54,54,18,0.016,0.008,0.021,0.000,0.009,0.005
cube_d3_k105,8,12,18,18,6,0.013,0.004,0.012,0.000,0.006,0.002
cube_d3_k105,8,13,6,6,2,0.006,0.002,0.007,0.000,0.005,0.001
cube_d3_k105,8,14,2,0,0,0.003,0.001,0.000,,,
cube_d3_k105,8,0,210,6945750,2315250,2.856,3.006,327.478,0.000,134.624,59.001
cube_d3_k105,8,1,2315250,2315250,808056,237.638,63.396,162.187,0.000,48.532,24.613
cube_d3_k105,8,2,808056,808056,354294,82.485,20.190,54.542,0.000,12.151,10.194
cube_d3_k105,8,3,354294,354294,118098,41.873,8.314,20.887,0.000,4.676,3.703
cube_d3_k105,8,4,118098,118098,39366,13.808,2.389,18.011,0.000,12.830,1.189
cube_d3_k105,8,5,39366,39366,13122,4.057,0.793,5.270,0.000,3.872,0.399
cube_d3_k105,8,6,13122,13122,4374,1.983,0.313,1.658,0.000,1.111,0.170
cube_d3_k105,8,7,4374,4374,1458,0.725,0.200,0.520,0.000,0.269,0.064
cube_d3_k105,8,8,1458,1458,486,0.302,0.102,0.261,0.000,0.140,0.033
cube_d3_k105,8,9,486,486,162,0.105,0.044,0.130,0.000,0.056,0.034
cube_d3_k105,8,10,162,162,54,0.065,0.024,0.050,0.000,0.020,0.010
cube_d3_k105,8,11,54,54,18,0.035,0.009,0.026,0.000,0.008,0.007
cube_d3_k105,8,12,18,18,6,0.014,0.005,0.012,0.000,0.007,0.002
cube_d3_k105,8,13,6,6,2,0.019,0.002,0.005,0.000,0.003,0.001
cube_d3_k105,8,14,2,0,0,0.002,0.001,0.000,,,
cube_d3_k105,8,0,210,6945750,2315250,1.692,2.545,330.119,0.000,131.000,64.146
cube_d3_k105,8,1,2315250,2315250,808056,247.380,67.183,174.768,0.000,47.265,28.278
cube_d3_k105,8,2,808056,808056,354294,96.956,21.523,57.215,0.000,11.341,10.723
cube_d3_k105,8,3,354294,354294,118098,44.126,8.831,22.935,0.000,5.054,4.175
cube_d3_k105,8,4,118098,118098,39366,14.429,2.585,19.079,0.000,12.834,1.540
cube_d3_k105,8,5,39366,39366,13122,4.516,0.930,6.271,0.000,4.431,0.519
cube_d3_k105,8,6,13122,13122,4374,2.168,0.370,1.880,0.000,1.163,0.226
cube_d3_k105,8,7,4374,4374,1458,0.796,0.263,0.579,0.000,0.278,0.077
cube_d3_k105,8,8,1458,1458,486,0.304,0.124,0.252,0.000,0.114,0.038
cube_d3_k105,8,9,486,486,162,0.124,0.043,0.128,0.000,0.050,0.037
cube_d3_k105,8,10,162,162,54,0.073,0.024,0.055,0.000,0.018,0.017
cube_d3_k105,8,11,54,54,18,0.027,0.008,0.038,0.000,0.022,0.005
cube_d3_k105,8,12,18,18,6,0.014,0.002,0.009,0.000,0.005,0.002
cube_d3_k105,8,13,6,6,2,0.007,0.002,0.005,0.000,0.003,0.001
cube_d3_k105,8,14,2,0,0,0.003,0.001,0.000,,,
cube_d3_k105,8,0,210,6945750,2315250,1.830,2.803,351.409,0.000,135.451,74.913
cube_d3_k105,8,1,2315250,2315250,808056,267.160,68.732,167.544,0.000,44.463,26.437
cube_d3_k105,8,2,808056,808056,354294,91.199,21.145,56.455,0.000,11.205,10.601
cube_d3_k105,8,3,354294,354294,118098,45.375,8.918,23.285,0.000,5.440,4.152
cube_d3_k105,8,4,118098,118098,39366,14.872,2.513,18.530,0.000,12.741,1.558
cube_d3_k105,8,5,39366,39366,13122,4.572,0.906,5.924,0.000,4.139,0.509
cube_d3_k105,8,6,13122,13122,4374,2.226,0.400,1.758,0.000,0.996,0.236
cube_d3_k105,8,7,4374,4374,1458,0.743,0.211,0.601,0.000,0.298,0.075
cube_d3_k105,8,8,1458,1458,486,0.294,0.113,0.228,0.000,0.093,0.048
cube_d3_k105,8,9,486,486,162,0.108,0.041,0.126,0.000,0.045,0.043
cube_d3_k105,8,10,162,162,54,0.090,0.021,0.044,0.000,0.016,0.010
cube_d3_k105,8,11,54,54,18,0.024,0.009,0.024,0.000,0.007,0.007
cube_d3_k105,8,12,18,18,6,0.012,0.004,0.009,0.000,0.004,0.001
cube_d3_k105,8,13,6,6,2,0.006,0.002,0.005,0.000,0.003,0.001
cube_d3_k105,8,14,2,0,0,0.002,0.001,0.000,,,
cube_d3_k105,8,0,210,6945750,2315250,1.806,2.661,338.685,0.000,134.671,72.021
cube_d3_k105,8,1,2315250,2315250,808056,264.099,69.213,166.789,0.000,45.195,26.380
cube_d3_k105,8,2,808056,808056,354294,90.362,21.292,56.273,0.000,11.097,10.656
cube_d3_k105,8,3,354294,354294,118098,45.599,8.818,22.669,0.000,4.977,4.078
cube_d3_k105,8,4,118098,118098,39366,14.910,2.613,18.748,0.000,12.898,1.452
cube_d3_k105,8,5,39366,39366,13122,4.345,1.012,6.143,0.000,4.437,0.487
cube_d3_k105,8,6,13122,13122,4374,2.188,0.383,1.863,0.000,1.128,0.228
cube_d3_k105,8,7,4374,4374,1458,0.724,0.231,0.562,0.000,0.268,0.071
cube_d3_k105,8,8,1458,1458,486,0.289,0.134,0.243,0.000,0.104,0.037
cube_d3_k105,8,9,486,486,162,0.122,0.049,0.144,0.000,0.059,0.033
cube_d3_k105,8,10,162,162,54,0.082,0.020,0.047,0.000,0.016,0.012
cube_d3_k105,8,11,54,54,18,0.023,0.008,0.018,0.000,0.006,0.004
cube_d3_k105,8,12,18,18,6,0.014,0.003,0.009,0.000,0.004,0.002
cube_d3_k105,8,13,6,6,2,0.005,0.001,0.005,0.000,0.003,0.001
cube_d3_k105,8,14,2,0,0,0.004,0.001,0.000,,,
cube_d3_k105,16,0,210,6945750,2315250,2.724,2.903,189.180,0.000,79.863,33.957
cube_d3_k105,16,1,2315250,2315250,808056,107.066,25.910,80.957,0.000,22.990,12.782
cube_d3_k105,16,2,808056,808056,354294,41.900,12.376,29.385,0.000,7.190,5.355
cube_d3_k105,16,3,354294,354294,118098,20.008,4.445,11.679,0.001,2.827,2.183
cube_d3_k105,16,4,118098,118098,39366,7.205,1.448,14.212,0.000,11.307,0.693
cube_d3_k105,16,5,39366,39366,13122,2.303,0.592,4.943,0.000,4.075,0.247
cube_d3_k105,16,6,13122,13122,4374,1.380,0.266,1.333,0.000,0.922,0.157
cube_d3_k105,16,7,4374,4374,1458,0.472,0.186,0.474,0.000,0.273,0.047
cube_d3_k105,16,8,1458,1458,486,0.198,0.065,0.206,0.000,0.113,0.022
cube_d3_k105,16,9,486,486,162,0.072,0.041,0.078,0.000,0.035,0.014
cube_d3_k105,16,10,162,162,54,0.028,0.021,0.045,0.000,0.015,0.010
cube_d3_k105,16,11,54,54,18,0.018,0.008,0.018,0.000,0.007,0.004
cube_d3_k105,16,12,18,18,6,0.010,0.003,0.009,0.000,0.005,0.001
cube_d3_k105,16,13,6,6,2,0.004,0.001,0.006,0.000,0.004,0.001
cube_d3_k105,16,14,2,0,0,0.002,0.001,0.000,,,
cube_d3_k105,16,0,210,6945750,2315250,1.044,1.836,187.808,0.000,73.231,38.757
cube_d3_k105,16,1,2315250,2315250,808056,121.173,31.992,83.801,0.000,24.430,13.278
cube_d3_k105,16,2,808056,808056,354294,48.247,11.615,27.850,0.000,6.274,4.951
cube_d3_k105,16,3,354294,354294,118098,22.035,6.170,11.553,0.000,3.025,1.854
cube_d3_k105,16,4,118098,118098,39366,6.821,1.389,14.994,0.000,12.306,0.651
cube_d3_k105,16,5,39366,39366,13122,2.142,0.444,4.698,0.000,3.812,0.261
cube_d3_k105,16,6,13122,13122,4374,1.479,0.213,1.292,0.000,0.926,0.114
cube_d3_k105,16,7,4374,4374,1458,0.552,0.177,0.478,0.000,0.283,0.043
cube_d3_k105,16,8,1458,1458,486,0.199,0.066,0.212,0.000,0.115,0.023
cube_d3_k105,16,9,486,486,162,0.074,0.032,0.080,0.000,0.032,0.017
cube_d3_k105,16,10,162,162,54,0.032,0.022,0.046,0.000,0.015,0.013
cube_d3_k105,16,11,54,54,18,0.020,0.008,0.018,0.000,0.007,0.004
cube_d3_k105,16,12,18,18,6,0.011,0.004,0.009,0.000,0.005,0.001
cube_d3_k105,16,13,6,6,2,0.015,0.002,0.006,0.000,0.004,0.001
cube_d3_k105,16,14,2,0,0,0.002,0.001,0.000,,,
cube_d3_k105,16,0,210,6945750,2315250,2.192,2.941,187.320,0.000,78.358,34.814
cube_d3_k105,16,1,2315250,2315250,808056,128.074,33.886,82.573,0.000,24.097,12.349
cube_d3_k105,16,2,808056,808056,354294,48.759,12.096,28.104,0.000,6.243,5.005
cube_d3_k105,16,3,354294,354294,118098,20.400,4.706,11.046,0.000,3.094,1.827
cube_d3_k105,16,4,118098,118098,39366,6.854,1.461,16.192,0.000,13.386,0.671
cube_d3_k105,16,5,39366,39366,13122,2.351,0.549,5.009,0.000,4.024,0.243
cube_d3_k105,16,6,13122,13122,4374,1.526,0.232,1.396,0.000,0.954,0.134
cube_d3_k105,16,7,4374,4374,1458,0.569,0.174,0.471,0.000,0.269,0.050
cube_d3_k105,16,8,1458,1458,486,0.210,0.065,0.201,0.000,0.112,0.024
cube_d3_k105,16,9,486,486,162,0.087,0.042,0.081,0.000,0.036,0.014
cube_d3_k105,16,10,162,162,54,0.053,0.021,0.049,0.000,0.016,0.014
cube_d3_k105,16,11,54,54,18,0.029,0.009,0.024,0.000,0.008,0.005
cube_d3_k105,16,12,18,18,6,0.013,0.006,0.011,0.000,0.006,0.002
cube_d3_k105,16,13,6,6,2,0.008,0.003,0.009,0.000,0.006,0.001
cube_d3_k105,16,14,2,0,0,0.005,0.001,0.000,,,
cube_d3_k105,16,0,210,6945750,2315250,0.999,1.921,185.129,0.000,71.454,39.313
cube_d3_k105,16,1,2315250,2315250,808056,127.480,34.509,84.451,0.000,23.421,11.951
cube_d3_k105,16,2,808056,808056,354294,42.189,11.570,26.588,0.000,5.948,4.831
cube_d3_k105,16,3,354294,354294,118098,19.797,12.938,10.717,0.000,2.704,1.815
cube_d3_k105,16,4,118098,118098,39366,6.864,1.473,15.035,0.000,12.183,0.661
cube_d3_k105,16,5,39366,39366,13122,2.233,0.496,4.951,0.000,4.097,0.238
cube_d3_k105,16,6,13122,13122,4374,1.569,0.255,1.426,0.000,1.046,0.116
cube_d3_k105,16,7,4374,4374,1458,0.507,0.179,0.479,0.000,0.281,0.047
cube_d3_k105,16,8,1458,1458,486,0.191,0.064,0.213,0.000,0.123,0.022
cube_d3_k105,16,9,486,486,162,0.097,0.040,0.084,0.000,0.038,0.013
cube_d3_k105,16,10,162,162,54,0.077,0.018,0.045,0.000,0.017,0.009
cube_d3_k105,16,11,54,54,18,0.023,0.007,0.025,0.000,0.008,0.005
cube_d3_k105,16,12,18,18,6,0.014,0.005,0.010,0.000,0.005,0.002
cube_d3_k105,16,13,6,6,2,0.009,0.003,0.009,0.000,0.006,0.001
cube_d3_k105,16,14,2,0,0,0.004,0.002,0.000,,,
cube_d3_k105,16,0,210,6945750,2315250,1.141,1.891,190.157,0.000,77.203,38.729
cube_d3_k105,16,1,2315250,2315250,808056,133.817,37.043,84.486,0.000,25.834,12.579
cube_d3_k105,16,2,808056,808056,354294,49.110,12.075,28.677,0.000,6.958,5.006
cube_d3_k105,16,3,354294,354294,118098,22.814,4.738,11.933,0.000,3.533,1.934
cube_d3_k105,16,4,118098,118098,39366,7.217,1.398,16.755,0.000,13.795,0.728
cube_d3_k105,16,5,39366,39366,13122,2.301,0.503,5.001,0.000,4.081,0.260
cube_d3_k105,16,6,13122,13122,4374,1.593,0.275,1.385,0.000,0.972,0.122
cube_d3_k105,16,7,4374,4374,1458,0.552,0.184,0.524,0.000,0.299,0.053
cube_d3_k105,16,8,1458,1458,486,0.210,0.072,0.219,0.000,0.111,0.024
cube_d3_k105,16,9,486,486,162,0.084,0.039,0.082,0.000,0.034,0.015
cube_d3_k105,16,10,162,162,54,0.079,0.034,0.048,0.000,0.017,0.012
cube_d3_k105,16,11,54,54,18,0.029,0.008,0.023,0.000,0.008,0.006
cube_d3_k105,16,12,18,18,6,0.012,0.006,0.011,0.000,0.005,0.002
cube_d3_k105,16,13,6,6,2,0.009,0.003,0.009,0.000,0.006,0.001
cube_d3_k105,16,14,2,0,0,0.005,0.001,0.000,,,
cube_d3_k105,16,0,210,6945750,2315250,1.061,1.892,183.343,0.000,74.984,36.231
cube_d3_k105,16,1,2315250,2315250,808056,134.467,42.372,86.427,0.000,25.862,12.951
cube_d3_k105,16,2,808056,808056,354294,49.058,12.536,29.336,0.000,6.833,5.174
cube_d3_k105,16,3,354294,354294,118098,24.187,4.866,11.440,0.000,2.905,1.991
cube_d3_k105,16,4,118098,118098,39366,7.191,1.631,16.758,0.000,13.901,0.718
cube_d3_k105,16,5,39366,39366,13122,2.230,0.545,5.012,0.000,4.062,0.289
cube_d3_k105,16,6,13122,13122,4374,1.609,0.250,1.590,0.000,1.077,0.228
cube_d3_k105,16,7,4374,4374,1458,0.583,0.186,0.508,0.000,0.292,0.056
cube_d3_k105,16,8,1458,1458,486,0.207,0.065,0.212,0.000,0.113,0.024
cube_d3_k105,16,9,486,486,162,0.084,0.040,0.089,0.000,0.035,0.018
cube_d3_k105,16,10,162,162,54,0.076,0.022,0.047,0.000,0.017,0.010
cube_d3_k105,16,11,54,54,18,0.026,0.008,0.022,0.000,0.008,0.006
cube_d3_k105,16,12,18,18,6,0.012,0.006,0.011,0.000,0.006,0.002
cube_d3_k105,16,13,6,6,2,0.008,0.003,0.009,0.000,0.006,0.001
cube_d3_k105,16,14,2,0,0,0.005,0.001,0.000,,,
cube_d3_k105,32,0,210,6945750,2315250,2.390,2.854,118.493,0.000,50.824,20.809
cube_d3_k105,32,1,2315250,2315250,808056,72.062,16.361,57.362,0.000,17.211,8.110
cube_d3_k105,32,2,808056,808056,354294,27.438,6.960,19.516,0.000,4.480,3.354
cube_d3_k105,32,3,354294,354294,118098,12.438,3.096,7.272,0.000,1.779,1.128
cube_d3_k105,32,4,118098,118098,39366,4.356,0.901,13.278,0.000,11.417,0.443
cube_d3_k105,32,5,39366,39366,13122,1.430,0.317,4.497,0.000,3.890,0.172
cube_d3_k105,32,6,13122,13122,4374,1.266,0.177,1.325,0.000,0.994,0.140
cube_d3_k105,32,7,4374,4374,1458,0.417,0.156,0.425,0.000,0.273,0.033
cube_d3_k105,32,8,1458,1458,486,0.155,0.057,0.150,0.000,0.080,0.017
cube_d3_k105,32,9,486,486,162,0.056,0.032,0.070,0.000,0.032,0.011
cube_d3_k105,32,10,162,162,54,0.024,0.017,0.036,0.000,0.015,0.008
cube_d3_k105,32,11,54,54,18,0.012,0.007,0.018,0.000,0.007,0.004
cube_d3_k105,32,12,18,18,6,0.007,0.003,0.009,0.000,0.005,0.002
cube_d3_k105,32,13,6,6,2,0.005,0.002,0.006,0.000,0.003,0.001
cube_d3_k105,32,14,2,0,0,0.002,0.001,0.000,,,
cube_d3_k105,32,0,210,6945750,2315250,0.883,1.719,133.018,0.000,58.134,24.799
cube_d3_k105,32,1,2315250,2315250,808056,80.908,19.604,58.087,0.000,17.401,8.280
cube_d3_k105,32,2,808056,808056,354294,30.839,7.977,21.053,0.000,4.521,3.457
cube_d3_k105,32,3,354294,354294,118098,13.069,3.548,7.435,0.000,1.868,1.234
cube_d3_k105,32,4,118098,118098,39366,4.683,1.025,14.291,0.000,12.269,0.497
cube_d3_k105,32,5,39366,39366,13122,1.582,0.375,4.838,0.000,4.229,0.179
cube_d3_k105,32,6,13122,13122,4374,1.753,0.194,1.357,0.000,1.064,0.095
cube_d3_k105,32,7,4374,4374,1458,0.604,0.180,0.498,0.000,0.294,0.045
cube_d3_k105,32,8,1458,1458,486,0.202,0.072,0.193,0.000,0.102,0.023
cube_d3_k105,32,9,486,486,162,0.079,0.037,0.097,0.000,0.045,0.015
cube_d3_k105,32,10,162,162,54,0.034,0.022,0.068,0.000,0.022,0.012
cube_d3_k105,32,11,54,54,18,0.020,0.010,0.027,0.000,0.012,0.007
cube_d3_k105,32,12,18,18,6,0.013,0.005,0.015,0.000,0.008,0.002
cube_d3_k105,32,13,6,6,2,0.007,0.002,0.009,0.000,0.006,0.001
cube_d3_k105,32,14,2,0,0,0.004,0.002,0.000,,,
cube_d3_k105,32,0,210,6945750,2315250,0.972,1.828,122.133,0.000,50.479,22.522
cube_d3_k105,32,1,2315250,2315250,808056,78.580,23.234,58.146,0.000,17.416,8.496
cube_d3_k105,32,2,808056,808056,354294,29.948,8.252,19.401,0.000,4.314,3.402
cube_d3_k105,32,3,354294,354294,118098,13.930,3.487,7.658,0.000,1.974,1.342
cube_d3_k105,32,4,118098,118098,39366,4.663,0.966,13.695,0.000,11.703,0.499
cube_d3_k105,32,5,39366,39366,13122,1.510,0.374,4.655,0.000,3.995,0.201
cube_d3_k105,32,6,13122,13122,4374,1.417,0.200,1.279,0.000,0.975,0.082
cube_d3_k105,32,7,4374,4374,1458,0.521,0.181,0.472,0.000,0.287,0.040
cube_d3_k105,32,8,1458,1458,486,0.173,0.066,0.171,0.000,0.082,0.022
cube_d3_k105,32,9,486,486,162,0.074,0.041,0.082,0.000,0.037,0.015
cube_d3_k105,32,10,162,162,54,0.031,0.020,0.046,0.000,0.016,0.011
cube_d3_k105,32,11,54,54,18,0.016,0.008,0.018,0.000,0.007,0.004
cube_d3_k105,32,12,18,18,6,0.009,0.004,0.009,0.000,0.005,0.001
cube_d3_k105,32,13,6,6,2,0.005,0.002,0.006,0.000,0.003,0.001
cube_d3_k105,32,14,2,0,0,0.002,0.001,0.000,,,
cube_d3_k105,32,0,210,6945750,2315250,1.478,2.431,122.918,0.000,51.329,23.680
cube_d3_k105,32,1,2315250,2315250,808056,84.519,24.474,62.807,0.000,17.830,8.822
cube_d3_k105,32,2,808056,808056,354294,29.959,8.542,19.404,0.000,4.276,3.501
cube_d3_k105,32,3,354294,354294,118098,15.359,3.283,7.744,0.000,1.955,1.347
cube_d3_k105,32,4,118098,118098,39366,4.817,0.998,14.659,0.000,12.571,0.526
cube_d3_k105,32,5,39366,39366,13122,1.569,0.363,4.686,0.000,4.026,0.195
cube_d3_k105,32,6,13122,13122,4374,1.507,0.189,1.276,0.000,0.984,0.084
cube_d3_k105,32,7,4374,4374,1458,0.532,0.185,0.455,0.000,0.281,0.042
cube_d3_k105,32,8,1458,1458,486,0.183,0.066,0.178,0.000,0.085,0.023
cube_d3_k105,32,9,486,486,162,0.068,0.036,0.082,0.000,0.035,0.018
cube_d3_k105,32,10,162,162,54,0.030,0.021,0.043,0.000,0.016,0.011
cube_d3_k105,32,11,54,54,18,0.017,0.008,0.022,0.000,0.007,0.007
cube_d3_k105,32,12,18,18,6,0.008,0.004,0.010,0.000,0.005,0.002
cube_d3_k105,32,13,6,6,2,0.005,0.002,0.006,0.000,0.004,0.001
cube_d3_k105,32,14,2,0,0,0.002,0.001,0.000,,,
cube_d3_k105,32,0,210,6945750,2315250,1.085,1.851,121.512,0.000,47.237,23.844
cube_d3_k105,32,1,2315250,2315250,808056,88.365,22.306,64.879,0.000,18.441,9.213
cube_d3_k105,32,2,808056,808056,354294,30.655,8.405,19.118,0.000,4.391,3.416
cube_d3_k105,32,3,354294,354294,118098,13.669,3.338,7.639,0.000,1.959,1.362
cube_d3_k105,32,4,118098,118098,39366,4.870,1.163,14.375,0.000,12.388,0.496
cube_d3_k105,32,5,39366,39366,13122,1.533,0.365,4.817,0.000,4.173,0.190
cube_d3_k105,32,6,13122,13122,4374,1.535,0.189,1.294,0.000,0.972,0.110
cube_d3_k105,32,7,4374,4374,1458,0.508,0.168,0.466,0.000,0.289,0.041
cube_d3_k105,32,8,1458,1458,486,0.176,0.066,0.173,0.000,0.083,0.022
cube_d3_k105,32,9,486,486,162,0.069,0.038,0.080,0.000,0.035,0.014
cube_d3_k105,32,10,162,162,54,0.029,0.020,0.044,0.000,0.016,0.011
cube_d3_k105,32,11,54,54,18,0.018,0.008,0.023,0.000,0.007,0.005
cube_d3_k105,32,12,18,18,6,0.010,0.004,0.009,0.000,0.005,0.002
cube_d3_k105,32,13,6,6,2,0.005,0.002,0.006,0.000,0.004,0.001
cube_d3_k105,32,14,2,0,0,0.003,0.001,0.000,,,
cube_d3_k105,32,0,210,6945750,2315250,1.164,1.907,123.048,0.000,49.390,24.215
cube_d3_k105,32,1,2315250,2315250,808056,88.103,22.626,56.144,0.000,16.979,8.498
cube_d3_k105,32,2,808056,808056,354294,30.508,8.515,19.143,0.000,4.500,3.429
cube_d3_k105,32,3,354294,354294,118098,13.925,3.582,7.624,0.000,2.067,1.308
cube_d3_k105,32,4,118098,118098,39366,4.793,1.010,13.613,0.000,11.627,0.487
cube_d3_k105,32,5,39366,39366,13122,1.523,0.408,4.799,0.000,4.123,0.198
cube_d3_k105,32,6,13122,13122,4374,1.496,0.205,1.355,0.000,1.045,0.088
cube_d3_k105,32,7,4374,4374,1458,0.515,0.176,0.491,0.000,0.305,0.044
cube_d3_k105,32,8,1458,1458,486,0.193,0.065,0.182,0.000,0.086,0.024
cube_d3_k105,32,9,486,486,162,0.066,0.040,0.082,0.000,0.035,0.016
cube_d3_k105,32,10,162,162,54,0.034,0.023,0.046,0.000,0.017,0.010
cube_d3_k105,32,11,54,54,18,0.019,0.008,0.022,0.000,0.007,0.005
cube_d3_k105,32,12,18,18,6,0.011,0.004,0.010,0.000,0.005,0.002
cube_d3_k105,32,13,6,6,2,0.006,0.002,0.006,0.000,0.004,0.001
cube_d3_k105,32,14,2,0,0,0.003,0.001,0.000,,,
cube_d3_k105,64,0,210,6945750,2315250,4.920,3.814,87.223,0.000,42.297,15.112
cube_d3_k105,64,1,2315250,2315250,808056,45.193,14.442,37.459,0.000,12.540,5.845
cube_d3_k105,64,2,808056,808056,354294,20.038,5.835,13.956,0.000,3.576,2.737
cube_d3_k105,64,3,354294,354294,118098,10.236,2.755,5.869,0.000,1.647,0.906
cube_d3_k105,64,4,118098,118098,39366,3.575,0.963,13.474,0.000,11.849,0.429
cube_d3_k105,64,5,39366,39366,13122,1.181,0.387,5.235,0.000,4.603,0.179
cube_d3_k105,64,6,13122,13122,4374,1.933,0.308,1.588,0.000,1.081,0.275
cube_d3_k105,64,7,4374,4374,1458,0.668,0.206,0.592,0.000,0.370,0.050
cube_d3_k105,64,8,1458,1458,486,0.235,0.084,0.253,0.000,0.132,0.033
cube_d3_k105,64,9,486,486,162,0.099,0.051,0.134,0.000,0.057,0.029
cube_d3_k105,64,10,162,162,54,0.060,0.033,0.078,0.000,0.025,0.020
cube_d3_k105,64,11,54,54,18,0.035,0.012,0.044,0.000,0.012,0.018
cube_d3_k105,64,12,18,18,6,0.019,0.006,0.014,0.000,0.008,0.003
cube_d3_k105,64,13,6,6,2,0.010,0.003,0.009,0.000,0.006,0.001
cube_d3_k105,64,14,2,0,0,0.004,0.002,0.000,,,
cube_d3_k105,64,0,210,6945750,2315250,0.897,1.449,73.889,0.000,31.937,14.896
cube_d3_k105,64,1,2315250,2315250,808056,47.513,18.151,41.615,0.000,15.932,5.589
cube_d3_k105,64,2,808056,808056,354294,23.398,6.617,14.500,0.000,4.257,2.184
cube_d3_k105,64,3,354294,354294,118098,10.437,2.623,7.555,0.000,1.573,2.760
cube_d3_k105,64,4,118098,118098,39366,3.466,1.100,14.916,0.000,13.235,0.429
cube_d3_k105,64,5,39366,39366,13122,1.194,0.391,5.049,0.000,4.416,0.182
cube_d3_k105,64,6,13122,13122,4374,2.126,0.295,1.441,0.000,1.111,0.098
cube_d3_k105,64,7,4374,4374,1458,0.767,0.221,0.786,0.000,0.387,0.220
cube_d3_k105,64,8,1458,1458,486,0.261,0.079,0.265,0.000,0.131,0.042
cube_d3_k105,64,9,486,486,162,0.119,0.052,0.144,0.000,0.058,0.043
cube_d3_k105,64,10,162,162,54,0.058,0.037,0.074,0.000,0.029,0.021
cube_d3_k105,64,11,54,54,18,0.031,0.011,0.036,0.000,0.012,0.011
cube_d3_k105,64,12,18,18,6,0.019,0.006,0.015,0.000,0.008,0.002
cube_d3_k105,64,13,6,6,2,0.012,0.003,0.009,0.000,0.006,0.001
cube_d3_k105,64,14,2,0,0,0.004,0.001,0.000,,,
cube_d3_k105,64,0,210,6945750,2315250,0.809,1.583,71.434,0.000,29.811,13.921
cube_d3_k105,64,1,2315250,2315250,808056,52.738,13.540,34.736,0.000,10.190,5.479
cube_d3_k105,64,2,808056,808056,354294,21.476,5.884,13.154,0.000,3.128,2.234
cube_d3_k105,64,3,354294,354294,118098,12.951,2.685,6.216,0.000,1.525,1.000
cube_d3_k105,64,4,118098,118098,39366,3.521,0.941,14.822,0.000,13.267,0.405
cube_d3_k105,64,5,39366,39366,13122,1.251,0.411,4.993,0.000,4.381,0.175
cube_d3_k105,64,6,13122,13122,4374,2.118,0.224,1.428,0.000,1.108,0.093
cube_d3_k105,64,7,4374,4374,1458,0.741,0.208,0.581,0.000,0.361,0.052
cube_d3_k105,64,8,1458,1458,486,0.253,0.084,0.256,0.000,0.130,0.038
cube_d3_k105,64,9,486,486,162,0.125,0.052,0.153,0.000,0.065,0.029
cube_d3_k105,64,10,162,162,54,0.055,0.030,0.066,0.000,0.025,0.016
cube_d3_k105,64,11,54,54,18,0.037,0.011,0.034,0.000,0.012,0.008
cube_d3_k105,64,12,18,18,6,0.022,0.006,0.015,0.000,0.008,0.002
cube_d3_k105,64,13,6,6,2,0.016,0.003,0.009,0.000,0.006,0.001
cube_d3_k105,64,14,2,0,0,0.004,0.002,0.000,,,
cube_d3_k105,64,0,210,6945750,2315250,0.809,1.420,72.393,0.000,29.711,13.777
cube_d3_k105,64,1,2315250,2315250,808056,48.073,14.968,35.313,0.000,10.522,5.501
cube_d3_k105,64,2,808056,808056,354294,21.693,5.874,13.232,0.000,3.220,2.262
cube_d3_k105,64,3,354294,354294,118098,17.093,4.283,7.900,0.000,3.634,0.941
cube_d3_k105,64,4,118098,118098,39366,3.783,0.967,16.333,0.000,14.081,1.042
cube_d3_k105,64,5,39366,39366,13122,1.244,0.436,5.145,0.000,4.438,0.239
cube_d3_k105,64,6,13122,13122,4374,2.098,0.259,1.479,0.000,1.141,0.099
cube_d3_k105,64,7,4374,4374,1458,0.759,0.215,0.684,0.000,0.463,0.049
cube_d3_k105,64,8,1458,1458,486,0.270,0.085,0.247,0.000,0.124,0.034
cube_d3_k105,64,9,486,486,162,0.123,0.052,0.160,0.000,0.061,0.049
cube_d3_k105,64,10,162,162,54,0.049,0.032,0.082,0.000,0.025,0.029
cube_d3_k105,64,11,54,54,18,0.048,0.012,0.042,0.000,0.013,0.012
cube_d3_k105,64,12,18,18,6,0.019,0.006,0.014,0.000,0.008,0.002
cube_d3_k105,64,13,6,6,2,0.014,0.003,0.010,0.000,0.006,0.001
cube_d3_k105,64,14,2,0,0,0.004,0.001,0.000,,,
cube_d3_k105,64,0,210,6945750,2315250,4.610,5.433,125.909,0.000,39.774,15.975
cube_d3_k105,64,1,2315250,2315250,808056,63.386,16.073,41.398,0.000,11.253,5.518
cube_d3_k105,64,2,808056,808056,354294,22.020,6.202,25.862,0.000,3.110,3.974
cube_d3_k105,64,3,354294,354294,118098,10.466,2.690,5.977,0.000,1.628,1.024
cube_d3_k105,64,4,118098,118098,39366,3.555,0.954,13.522,0.000,11.958,0.393
cube_d3_k105,64,5,39366,39366,13122,1.228,0.469,5.324,0.000,4.637,0.177
cube_d3_k105,64,6,13122,13122,4374,2.091,0.247,1.688,0.000,1.050,0.387
cube_d3_k105,64,7,4374,4374,1458,0.751,0.221,0.593,0.000,0.376,0.049
cube_d3_k105,64,8,1458,1458,486,0.260,0.081,0.243,0.000,0.113,0.041
cube_d3_k105,64,9,486,486,162,0.124,0.049,0.138,0.000,0.060,0.032
cube_d3_k105,64,10,162,162,54,0.062,0.030,0.075,0.000,0.029,0.021
cube_d3_k105,64,11,54,54,18,0.033,0.011,0.042,0.000,0.013,0.012
cube_d3_k105,64,12,18,18,6,0.026,0.006,0.015,0.000,0.009,0.002
cube_d3_k105,64,13,6,6,2,0.013,0.003,0.009,0.000,0.006,0.001
cube_d3_k105,64,14,2,0,0,0.004,0.001,0.000,,,
cube_d3_k105,64,0,210,6945750,2315250,2.479,1.718,78.282,0.000,32.233,14.655
cube_d3_k105,64,1,2315250,2315250,808056,50.262,13.885,33.735,0.000,10.158,5.577
cube_d3_k105,64,2,808056,808056,354294,26.152,6.017,13.193,0.000,3.163,2.248
cube_d3_k105,64,3,354294,354294,118098,10.224,2.630,5.750,0.000,1.584,0.914
cube_d3_k105,64,4,118098,118098,39366,3.430,0.935,14.021,0.000,12.460,0.397
cube_d3_k105,64,5,39366,39366,13122,1.168,0.455,5.182,0.000,4.559,0.184
cube_d3_k105,64,6,13122,13122,4374,2.019,0.224,1.388,0.000,1.053,0.095
cube_d3_k105,64,7,4374,4374,1458,0.774,0.207,0.599,0.000,0.380,0.046
cube_d3_k105,64,8,1458,1458,486,0.271,0.084,0.240,0.000,0.115,0.037
cube_d3_k105,64,9,486,486,162,0.130,0.047,0.148,0.000,0.070,0.029
cube_d3_k105,64,10,162,162,54,0.066,0.034,0.070,0.000,0.025,0.017
cube_d3_k105,64,11,54,54,18,0.032,0.021,0.041,0.000,0.012,0.012
cube_d3_k105,64,12,18,18,6,0.019,0.006,0.015,0.000,0.008,0.003
cube_d3_k105,64,13,6,6,2,0.012,0.003,0.009,0.000,0.006,0.001
cube_d3_k105,64,14,2,0,0,0.004,0.002,0.000,,,
cube_d3_k105,128,0,210,6945750,2315250,7.274,3.561,79.315,0.000,46.259,10.817
cube_d3_k105,128,1,2315250,2315250,808056,33.207,9.559,31.092,0.000,11.128,4.457
cube_d3_k105,128,2,808056,808056,354294,16.813,4.729,11.885,0.000,3.285,2.259
cube_d3_k105,128,3,354294,354294,118098,8.348,2.730,6.128,0.000,1.399,0.726
cube_d3_k105,128,4,118098,118098,39366,3.204,0.862,13.556,0.000,12.100,0.332
cube_d3_k105,128,5,39366,39366,13122,1.010,0.400,4.970,0.000,4.389,0.163
cube_d3_k105,128,6,13122,13122,4374,1.270,0.474,1.687,0.000,0.981,0.458
cube_d3_k105,128,7,4374,4374,1458,0.329,0.187,0.598,0.000,0.375,0.057
cube_d3_k105,128,8,1458,1458,486,0.155,0.091,0.256,0.000,0.103,0.049
cube_d3_k105,128,9,486,486,162,0.091,0.053,0.146,0.000,0.053,0.029
cube_d3_k105,128,10,162,162,54,0.080,0.028,0.066,0.001,0.017,0.017
cube_d3_k105,128,11,54,54,18,0.045,0.010,0.031,0.000,0.010,0.006
cube_d3_k105,128,12,18,18,6,0.040,0.005,0.012,0.000,0.007,0.002
cube_d3_k105,128,13,6,6,2,0.019,0.003,0.008,0.000,0.005,0.001
cube_d3_k105,128,14,2,0,0,0.005,0.001,0.000,,,
cube_d3_k105,128,0,210,6945750,2315250,0.779,1.450,49.674,0.000,21.373,10.094
cube_d3_k105,128,1,2315250,2315250,808056,31.075,9.272,25.419,0.000,7.497,3.661
cube_d3_k105,128,2,808056,808056,354294,22.224,14.223,17.184,0.000,2.406,8.287
cube_d3_k105,128,3,354294,354294,118098,8.539,2.347,11.898,0.000,1.307,7.094
cube_d3_k105,128,4,118098,118098,39366,2.634,2.203,15.147,0.000,12.731,0.884
cube_d3_k105,128,5,39366,39366,13122,1.156,0.406,5.114,0.000,4.542,0.153
cube_d3_k105,128,6,13122,13122,4374,1.948,0.256,1.409,0.000,1.086,0.095
cube_d3_k105,128,7,4374,4374,1458,0.738,0.234,0.637,0.000,0.389,0.060
cube_d3_k105,128,8,1458,1458,486,0.274,0.085,0.280,0.000,0.125,0.051
cube_d3_k105,128,9,486,486,162,0.136,0.051,0.155,0.000,0.061,0.041
cube_d3_k105,128,10,162,162,54,0.078,0.036,0.096,0.000,0.028,0.023
cube_d3_k105,128,11,54,54,18,0.035,0.012,0.048,0.000,0.012,0.020
cube_d3_k105,128,12,18,18,6,0.026,0.006,0.016,0.000,0.008,0.003
cube_d3_k105,128,13,6,6,2,0.014,0.003,0.009,0.000,0.005,0.001
cube_d3_k105,128,14,2,0,0,0.004,0.001,0.000,,,
cube_d3_k105,128,0,210,6945750,2315250,0.838,1.327,50.437,0.000,21.536,10.178
cube_d3_k105,128,1,2315250,2315250,808056,38.576,10.060,24.681,0.000,7.638,3.627
cube_d3_k105,128,2,808056,808056,354294,16.347,4.964,10.262,0.000,2.478,1.594
cube_d3_k105,128,3,354294,354294,118098,7.844,2.312,6.021,0.000,1.362,1.873
cube_d3_k105,128,4,118098,118098,39366,2.635,0.928,14.345,0.000,12.968,0.418
cube_d3_k105,128,5,39366,39366,13122,1.112,0.388,5.327,0.000,4.740,0.146
cube_d3_k105,128,6,13122,13122,4374,2.384,0.226,1.447,0.000,1.117,0.099
cube_d3_k105,128,7,4374,4374,1458,0.820,0.210,0.630,0.000,0.377,0.057
cube_d3_k105,128,8,1458,1458,486,0.294,0.093,0.256,0.000,0.119,0.046
cube_d3_k105,128,9,486,486,162,0.135,0.054,0.164,0.000,0.058,0.053
cube_d3_k105,128,10,162,162,54,0.080,0.040,0.090,0.000,0.027,0.024
cube_d3_k105,128,11,54,54,18,0.032,0.013,0.036,0.000,0.012,0.010
cube_d3_k105,128,12,18,18,6,0.018,0.006,0.015,0.000,0.008,0.002
cube_d3_k105,128,13,6,6,2,0.011,0.003,0.010,0.000,0.006,0.001
cube_d3_k105,128,14,2,0,0,0.004,0.001,0.000,,,
cube_d3_k105,128,0,210,6945750,2315250,0.794,1.343,51.091,0.000,21.530,9.088
cube_d3_k105,128,1,2315250,2315250,808056,34.718,9.999,24.430,0.000,7.702,3.589
cube_d3_k105,128,2,808056,808056,354294,16.296,4.961,11.399,0.000,2.563,1.603
cube_d3_k105,128,3,354294,354294,118098,8.183,2.318,5.378,0.000,1.339,1.308
cube_d3_k105,128,4,118098,118098,39366,2.688,1.296,14.793,0.000,13.411,0.397
cube_d3_k105,128,5,39366,39366,13122,1.093,0.398,5.309,0.000,4.751,0.163
cube_d3_k105,128,6,13122,13122,4374,2.336,0.229,1.473,0.000,1.115,0.098
cube_d3_k105,128,7,4374,4374,1458,0.830,0.217,0.588,0.000,0.351,0.056
cube_d3_k105,128,8,1458,1458,486,0.281,0.087,0.268,0.000,0.135,0.041
cube_d3_k105,128,9,486,486,162,0.147,0.057,0.155,0.000,0.059,0.042
cube_d3_k105,128,10,162,162,54,0.073,0.038,0.095,0.000,0.030,0.022
cube_d3_k105,128,11,54,54,18,0.037,0.020,0.045,0.000,0.013,0.011
cube_d3_k105,128,12,18,18,6,0.022,0.006,0.015,0.000,0.009,0.003
cube_d3_k105,128,13,6,6,2,0.014,0.003,0.010,0.000,0.006,0.001
cube_d3_k105,128,14,2,0,0,0.004,0.001,0.000,,,
cube_d3_k105,128,0,210,6945750,2315250,0.824,1.360,68.297,0.000,31.251,9.345
cube_d3_k105,128,1,2315250,2315250,808056,36.330,10.232,42.603,0.000,20.682,3.660
cube_d3_k105,128,2,808056,808056,354294,17.051,5.032,15.588,0.000,2.516,1.626
cube_d3_k105,128,3,354294,354294,118098,7.883,2.276,4.798,0.000,1.409,0.674
cube_d3_k105,128,4,118098,118098,39366,2.839,0.921,14.501,0.000,12.999,0.398
cube_d3_k105,128,5,39366,39366,13122,1.039,0.391,5.322,0.000,4.352,0.553
cube_d3_k105,128,6,13122,13122,4374,2.404,0.247,1.571,0.000,1.133,0.097
cube_d3_k105,128,7,4374,4374,1458,0.799,0.216,0.648,0.000,0.399,0.058
cube_d3_k105,128,8,1458,1458,486,0.290,0.091,0.263,0.000,0.125,0.044
cube_d3_k105,128,9,486,486,162,0.129,0.055,0.143,0.000,0.056,0.037
cube_d3_k105,128,10,162,162,54,0.100,0.040,0.096,0.000,0.032,0.029
cube_d3_k105,128,11,54,54,18,0.052,0.012,0.040,0.000,0.014,0.009
cube_d3_k105,128,12,18,18,6,0.021,0.006,0.016,0.000,0.009,0.003
cube_d3_k105,128,13,6,6,2,0.009,0.003,0.009,0.000,0.006,0.001
cube_d3_k105,128,14,2,0,0,0.004,0.002,0.000,,,
cube_d3_k105,128,0,210,6945750,2315250,4.608,3.470,56.844,0.000,23.464,9.313
cube_d3_k105,128,1,2315250,2315250,808056,38.557,27.041,34.142,0.000,9.244,3.784
cube_d3_k105,128,2,808056,808056,354294,16.962,5.037,14.351,0.001,6.914,1.536
cube_d3_k105,128,3,354294,354294,118098,8.849,2.278,5.052,0.000,1.374,0.683
cube_d3_k105,128,4,118098,118098,39366,2.638,0.861,15.016,0.000,12.065,0.323
cube_d3_k105,128,5,39366,39366,13122,1.168,0.429,4.667,0.000,4.097,0.152
cube_d3_k105,128,6,13122,13122,4374,1.906,0.258,1.483,0.000,1.135,0.115
cube_d3_k105,128,7,4374,4374,1458,0.620,0.216,0.585,0.000,0.373,0.049
cube_d3_k105,128,8,1458,1458,486,0.236,0.082,0.279,0.000,0.122,0.057
cube_d3_k105,128,9,486,486,162,0.130,0.060,0.147,0.000,0.059,0.036
cube_d3_k105,128,10,162,162,54,0.085,0.044,0.083,0.000,0.018,0.023
cube_d3_k105,128,11,54,54,18,0.046,0.010,0.028,0.000,0.009,0.006
cube_d3_k105,128,12,18,18,6,0.018,0.005,0.011,0.000,0.006,0.002
cube_d3_k105,128,13,6,6,2,0.014,0.002,0.007,0.000,0.004,0.001
cube_d3_k105,128,14,2,0,0,0.003,0.001,0.000,,,
cube_d3_k105,144,0,210,6945750,2315250,6.976,4.186,78.563,0.000,46.883,10.180
cube_d3_k105,144,1,2315250,2315250,808056,29.892,11.549,30.106,0.000,11.037,3.984
cube_d3_k105,144,2,808056,808056,354294,13.754,4.537,11.671,0.000,3.241,2.273
cube_d3_k105,144,3,354294,354294,118098,7.223,2.177,4.900,0.000,1.367,0.729
cube_d3_k105,144,4,118098,118098,39366,2.553,0.961,14.194,0.000,12.880,0.315
cube_d3_k105,144,5,39366,39366,13122,1.107,0.376,5.385,0.000,4.800,0.160
cube_d3_k105,144,6,13122,13122,4374,1.160,0.567,1.658,0.000,1.111,0.289
cube_d3_k105,144,7,4374,4374,1458,0.524,0.210,0.647,0.000,0.414,0.054
cube_d3_k105,144,8,1458,1458,486,0.288,0.085,0.292,0.000,0.146,0.038
cube_d3_k105,144,9,486,486,162,0.138,0.057,0.158,0.000,0.066,0.042
cube_d3_k105,144,10,162,162,54,0.090,0.043,0.084,0.000,0.028,0.022
cube_d3_k105,144,11,54,54,18,0.035,0.019,0.038,0.000,0.012,0.010
cube_d3_k105,144,12,18,18,6,0.025,0.006,0.016,0.000,0.008,0.003
cube_d3_k105,144,13,6,6,2,0.018,0.003,0.010,0.000,0.006,0.001
cube_d3_k105,144,14,2,0,0,0.005,0.002,0.000,,,
cube_d3_k105,144,0,210,6945750,2315250,0.811,1.361,48.303,0.000,20.044,9.079
cube_d3_k105,144,1,2315250,2315250,808056,29.772,9.307,25.215,0.000,7.390,3.392
cube_d3_k105,144,2,808056,808056,354294,15.363,4.667,23.181,0.000,2.462,1.473
cube_d3_k105,144,3,354294,354294,118098,8.529,6.068,12.046,0.000,1.433,6.584
cube_d3_k105,144,4,118098,118098,39366,2.676,2.250,14.221,0.000,12.813,0.418
cube_d3_k105,144,5,39366,39366,13122,1.064,0.383,7.106,0.000,6.253,0.421
cube_d3_k105,144,6,13122,13122,4374,2.108,0.230,1.891,0.000,1.109,0.553
cube_d3_k105,144,7,4374,4374,1458,0.870,0.214,0.839,0.000,0.385,0.271
cube_d3_k105,144,8,1458,1458,486,0.304,0.086,0.292,0.000,0.127,0.041
cube_d3_k105,144,9,486,486,162,0.146,0.053,0.163,0.000,0.055,0.044
cube_d3_k105,144,10,162,162,54,0.069,0.041,0.084,0.000,0.024,0.018
cube_d3_k105,144,11,54,54,18,0.047,0.029,0.040,0.000,0.012,0.012
cube_d3_k105,144,12,18,18,6,0.023,0.006,0.016,0.000,0.009,0.003
cube_d3_k105,144,13,6,6,2,0.013,0.003,0.009,0.000,0.006,0.001
cube_d3_k105,144,14,2,0,0,0.005,0.001,0.000,,,
cube_d3_k105,144,0,210,6945750,2315250,0.831,1.363,47.205,0.000,20.370,8.632
cube_d3_k105,144,1,2315250,2315250,808056,40.807,10.603,28.779,0.000,7.562,4.270
cube_d3_k105,144,2,808056,808056,354294,16.686,4.947,10.262,0.000,2.448,1.494
cube_d3_k105,144,3,354294,354294,118098,7.689,2.211,4.817,0.000,1.368,0.731
cube_d3_k105,144,4,118098,118098,39366,2.531,0.771,14.359,0.000,12.970,0.348
cube_d3_k105,144,5,39366,39366,13122,1.072,0.409,4.995,0.000,4.374,0.150
cube_d3_k105,144,6,13122,13122,4374,2.390,0.236,1.490,0.000,1.166,0.098
cube_d3_k105,144,7,4374,4374,1458,0.798,0.212,0.633,0.000,0.394,0.060
cube_d3_k105,144,8,1458,1458,486,0.300,0.082,0.298,0.000,0.149,0.043
cube_d3_k105,144,9,486,486,162,0.156,0.048,0.160,0.000,0.057,0.043
cube_d3_k105,144,10,162,162,54,0.101,0.041,0.090,0.000,0.033,0.018
cube_d3_k105,144,11,54,54,18,0.037,0.013,0.050,0.000,0.013,0.016
cube_d3_k105,144,12,18,18,6,0.025,0.006,0.016,0.000,0.009,0.003
cube_d3_k105,144,13,6,6,2,0.016,0.003,0.010,0.000,0.006,0.001
cube_d3_k105,144,14,2,0,0,0.005,0.002,0.000,,,
cube_d3_k105,144,0,210,6945750,2315250,0.811,1.393,48.475,0.000,20.315,8.561
cube_d3_k105,144,1,2315250,2315250,808056,32.062,9.560,25.010,0.000,7.562,3.371
cube_d3_k105,144,2,808056,808056,354294,15.589,4.746,10.222,0.000,2.370,1.454
cube_d3_k105,144,3,354294,354294,118098,7.412,2.109,4.782,0.001,1.383,0.670
cube_d3_k105,144,4,118098,118098,39366,2.512,0.883,14.771,0.000,13.371,0.406
cube_d3_k105,144,5,39366,39366,13122,1.007,0.384,5.389,0.000,4.763,0.169
cube_d3_k105,144,6,13122,13122,4374,2.435,0.218,1.519,0.000,1.178,0.104
cube_d3_k105,144,7,4374,4374,1458,0.833,0.215,0.647,0.000,0.407,0.056
cube_d3_k105,144,8,1458,1458,486,0.309,0.087,0.259,0.000,0.125,0.038
cube_d3_k105,144,9,486,486,162,0.150,0.055,0.173,0.000,0.061,0.052
cube_d3_k105,144,10,162,162,54,0.127,0.038,0.074,0.000,0.026,0.021
cube_d3_k105,144,11,54,54,18,0.048,0.012,0.037,0.000,0.012,0.008
cube_d3_k105,144,12,18,18,6,0.023,0.006,0.016,0.000,0.008,0.003
cube_d3_k105,144,13,6,6,2,0.013,0.003,0.010,0.000,0.006,0.001
cube_d3_k105,144,14,2,0,0,0.005,0.002,0.000,,,
cube_d3_k105,144,0,210,6945750,2315250,0.814,1.393,69.875,0.000,25.035,8.915
cube_d3_k105,144,1,2315250,2315250,808056,33.187,12.145,28.814,0.000,7.589,3.378
cube_d3_k105,144,2,808056,808056,354294,17.135,5.583,16.497,0.000,3.811,1.513
cube_d3_k105,144,3,354294,354294,118098,7.567,2.122,4.757,0.000,1.422,0.683
cube_d3_k105,144,4,118098,118098,39366,2.593,0.924,15.426,0.000,13.920,0.432
cube_d3_k105,144,5,39366,39366,13122,1.113,0.399,5.493,0.000,4.762,0.308
cube_d3_k105,144,6,13122,13122,4374,1.775,0.258,1.994,0.000,1.166,0.580
cube_d3_k105,144,7,4374,4374,1458,0.816,0.211,0.646,0.000,0.403,0.059
cube_d3_k105,144,8,1458,1458,486,0.293,0.086,0.260,0.000,0.130,0.039
cube_d3_k105,144,9,486,486,162,0.149,0.055,0.165,0.000,0.062,0.045
cube_d3_k105,144,10,162,162,54,0.076,0.030,0.081,0.000,0.031,0.023
cube_d3_k105,144,11,54,54,18,0.050,0.013,0.046,0.000,0.015,0.013
cube_d3_k105,144,12,18,18,6,0.020,0.006,0.016,0.000,0.008,0.003
cube_d3_k105,144,13,6,6,2,0.012,0.003,0.010,0.000,0.006,0.001
cube_d3_k105,144,14,2,0,0,0.005,0.002,0.000,,,
cube_d3_k105,144,0,210,6945750,2315250,3.225,2.849,56.667,0.000,26.671,8.630
cube_d3_k105,144,1,2315250,2315250,808056,32.481,9.893,24.659,0.000,7.507,3.421
cube_d3_k105,144,2,808056,808056,354294,16.207,4.783,16.192,0.000,2.882,1.488
cube_d3_k105,144,3,354294,354294,118098,12.820,2.319,6.681,0.000,1.677,0.690
cube_d3_k105,144,4,118098,118098,39366,2.596,0.787,15.515,0.000,12.890,0.894
cube_d3_k105,144,5,39366,39366,13122,1.706,0.823,5.270,0.000,4.341,0.155
cube_d3_k105,144,6,13122,13122,4374,2.316,0.236,1.395,0.000,1.059,0.103
cube_d3_k105,144,7,4374,4374,1458,0.733,0.219,0.622,0.000,0.387,0.055
cube_d3_k105,144,8,1458,1458,486,0.290,0.086,0.266,0.000,0.123,0.039
cube_d3_k105,144,9,486,486,162,0.149,0.053,0.155,0.000,0.057,0.047
cube_d3_k105,144,10,162,162,54,0.089,0.036,0.099,0.000,0.029,0.030
cube_d3_k105,144,11,54,54,18,0.047,0.013,0.039,0.000,0.012,0.011
cube_d3_k105,144,12,18,18,6,0.025,0.006,0.015,0.000,0.008,0.003
cube_d3_k105,144,13,6,6,2,0.009,0.002,0.009,0.000,0.006,0.001
cube_d3_k105,144,14,2,0,0,0.005,0.002,0.000,,,
cube_d3_k155,1,0,310,22343250,7447750,75.803,103.102,9442.743,0.000,4431.320,1369.152
cube_d3_k155,1,1,7447750,7447750,2379052,6892.368,1651.965,5109.631,0.000,1265.237,441.986
cube_d3_k155,1,2,2379052,2379052,1062882,2140.519,444.939,1537.535,0.000,264.573,152.488
cube_d3_k155,1,3,1062882,1062882,354294,973.922,208.284,694.059,0.000,115.964,59.563
cube_d3_k155,1,4,354294,354294,118098,325.120,63.658,191.394,0.000,35.624,21.336
cube_d3_k155,1,5,118098,118098,39366,105.547,12.355,51.526,0.000,14.073,5.503
cube_d3_k155,1,6,39366,39366,13122,30.260,3.360,15.949,0.000,4.916,1.771
cube_d3_k155,1,7,13122,13122,4374,7.419,1.248,4.124,0.000,1.266,0.638
cube_d3_k155,1,8,4374,4374,1458,2.339,0.362,1.270,0.000,0.356,0.224
cube_d3_k155,1,9,1458,1458,486,0.857,0.114,0.342,0.000,0.096,0.061
cube_d3_k155,1,10,486,486,162,0.268,0.031,0.127,0.000,0.049,0.020
cube_d3_k155,1,11,162,162,54,0.092,0.011,0.040,0.000,0.014,0.008
cube_d3_k155,1,12,54,54,18,0.030,0.005,0.016,0.000,0.006,0.004
cube_d3_k155,1,13,18,18,6,0.011,0.002,0.008,0.000,0.004,0.001
cube_d3_k155,1,14,6,6,2,0.004,0.001,0.005,0.000,0.003,0.001
cube_d3_k155,1,15,2,0,0,0.002,0.001,0.000,,,
cube_d3_k155,1,0,310,22343250,7447750,28.711,65.705,8411.317,0.000,4007.265,1601.973
cube_d3_k155,1,1,7447750,7447750,2379052,6838.450,1758.140,4512.498,0.000,1505.670,412.077
cube_d3_k155,1,2,2379052,2379052,1062882,2157.283,556.405,1395.091,0.000,345.594,162.485
cube_d3_k155,1,3,1062882,1062882,354294,940.465,245.994,544.367,0.000,116.620,65.767
cube_d3_k155,1,4,354294,354294,118098,310.894,63.723,168.732,0.000,35.908,20.222
cube_d3_k155,1,5,118098,118098,39366,94.240,14.970,48.049,0.000,14.031,5.424
cube_d3_k155,1,6,39366,39366,13122,28.180,4.293,13.858,0.000,4.857,1.777
cube_d3_k155,1,7,13122,13122,4374,7.768,1.562,4.127,0.000,1.367,0.631
cube_d3_k155,1,8,4374,4374,1458,2.425,0.420,1.296,0.000,0.353,0.258
cube_d3_k155,1,9,1458,1458,486,0.939,0.121,0.334,0.000,0.097,0.061
cube_d3_k155,1,10,486,486,162,0.269,0.030,0.123,0.000,0.047,0.021
cube_d3_k155,1,11,162,162,54,0.094,0.011,0.037,0.000,0.014,0.008
cube_d3_k155,1,12,54,54,18,0.044,0.005,0.017,0.000,0.007,0.003
cube_d3_k155,1,13,18,18,6,0.012,0.002,0.008,0.000,0.004,0.001
cube_d3_k155,1,14,6,6,2,0.004,0.001,0.006,0.000,0.004,0.001
cube_d3_k155,1,15,2,0,0,0.002,0.001,0.000,,,
cube_d3_k155,1,0,310,22343250,7447750,28.019,65.749,7637.982,0.000,3497.234,1321.326
cube_d3_k155,1,1,7447750,7447750,2379052,6720.907,1716.494,4375.831,0.000,1437.861,423.544
cube_d3_k155,1,2,2379052,2379052,1062882,2147.121,549.709,1352.244,0.000,336.464,164.911
cube_d3_k155,1,3,1062882,1062882,354294,957.534,261.705,531.984,0.000,114.511,58.417
cube_d3_k155,1,4,354294,354294,118098,315.881,63.881,169.711,0.000,36.513,20.370
cube_d3_k155,1,5,118098,118098,39366,95.308,14.906,48.021,0.000,13.992,5.455
cube_d3_k155,1,6,39366,39366,13122,28.261,4.171,13.817,0.000,4.859,1.771
cube_d3_k155,1,7,13122,13122,4374,7.850,1.475,4.252,0.000,1.439,0.624
cube_d3_k155,1,8,4374,4374,1458,2.461,0.422,1.234,0.000,0.331,0.231
cube_d3_k155,1,9,1458,1458,486,0.981,0.122,0.332,0.000,0.097,0.061
cube_d3_k155,1,10,486,486,162,0.276,0.030,0.106,0.000,0.033,0.020
cube_d3_k155,1,11,162,162,54,0.090,0.010,0.051,0.000,0.025,0.008
cube_d3_k155,1,12,54,54,18,0.031,0.005,0.016,0.000,0.006,0.003
cube_d3_k155,1,13,18,18,6,0.011,0.002,0.008,0.000,0.004,0.001
cube_d3_k155,1,14,6,6,2,0.004,0.001,0.005,0.000,0.004,0.001
cube_d3_k155,1,15,2,0,0,0.004,0.001,0.000,,,
cube_d3_k155,1,0,310,22343250,7447750,27.931,51.520,7490.034,0.000,3460.985,1245.716
cube_d3_k155,1,1,7447750,7447750,2379052,6668.638,1714.298,4401.815,0.000,1444.260,425.946
cube_d3_k155,1,2,2379052,2379052,1062882,2151.749,555.364,1341.837,0.000,336.878,157.548
cube_d3_k155,1,3,1062882,1062882,354294,977.112,245.706,538.257,0.000,114.314,58.531
cube_d3_k155,1,4,354294,354294,118098,314.931,64.437,169.838,0.000,39.042,20.256
cube_d3_k155,1,5,118098,118098,39366,95.314,15.193,48.604,0.000,14.452,5.511
cube_d3_k155,1,6,39366,39366,13122,28.126,4.430,13.837,0.000,4.855,1.780
cube_d3_k155,1,7,13122,13122,4374,7.813,1.501,4.122,0.000,1.346,0.633
cube_d3_k155,1,8,4374,4374,1458,2.455,0.427,1.185,0.000,0.333,0.203
cube_d3_k155,1,9,1458,1458,486,0.830,0.126,0.349,0.000,0.102,0.066
cube_d3_k155,1,10,486,486,162,0.295,0.032,0.109,0.000,0.034,0.020
cube_d3_k155,1,11,162,162,54,0.092,0.011,0.037,0.000,0.014,0.008
cube_d3_k155,1,12,54,54,18,0.029,0.005,0.015,0.000,0.006,0.003
cube_d3_k155,1,13,18,18,6,0.011,0.002,0.008,0.000,0.004,0.001
cube_d3_k155,1,14,6,6,2,0.005,0.001,0.005,0.000,0.003,0.001
cube_d3_k155,1,15,2,0,0,0.002,0.001,0.000,,,
cube_d3_k155,1,0,310,22343250,7447750,27.995,51.460,7466.187,0.000,3463.372,1233.030
cube_d3_k155,1,1,7447750,7447750,2379052,6711.737,1717.019,4379.210,0.000,1443.062,423.562
cube_d3_k155,1,2,2379052,2379052,1062882,2167.640,558.357,1342.492,0.000,337.242,161.761
cube_d3_k155,1,3,1062882,1062882,354294,960.961,246.679,542.943,0.000,114.638,60.096
cube_d3_k155,1,4,354294,354294,118098,315.403,64.319,170.107,0.000,37.321,20.337
cube_d3_k155,1,5,118098,118098,39366,95.278,15.045,48.527,0.000,14.552,5.452
cube_d3_k155,1,6,39366,39366,13122,28.294,4.249,13.867,0.000,4.873,1.776
cube_d3_k155,1,7,13122,13122,4374,7.853,1.486,4.188,0.000,1.399,0.610
cube_d3_k155,1,8,4374,4374,1458,2.445,0.423,1.326,0.000,0.392,0.259
cube_d3_k155,1,9,1458,1458,486,0.910,0.134,0.334,0.000,0.097,0.061
cube_d3_k155,1,10,486,486,162,0.289,0.032,0.113,0.000,0.034,0.022
cube_d3_k155,1,11,162,162,54,0.095,0.011,0.038,0.000,0.014,0.008
cube_d3_k155,1,12,54,54,18,0.030,0.005,0.015,0.000,0.006,0.003
cube_d3_k155,1,13,18,18,6,0.011,0.002,0.008,0.000,0.004,0.001
cube_d3_k155,1,14,6,6,2,0.005,0.001,0.005,0.000,0.003,0.001
cube_d3_k155,1,15,2,0,0,0.002,0.001,0.000,,,
cube_d3_k155,1,0,310,22343250,7447750,28.061,51.573,7579.688,0.000,3462.347,1299.849
cube_d3_k155,1,1,7447750,7447750,2379052,6685.943,1717.995,4430.800,0.000,1452.576,417.602
cube_d3_k155,1,2,2379052,2379052,1062882,2176.423,563.059,1341.838,0.000,337.571,157.641
cube_d3_k155,1,3,1062882,1062882,354294,964.945,259.357,535.569,0.000,114.883,59.326
cube_d3_k155,1,4,354294,354294,118098,321.053,64.661,168.412,0.000,37.461,20.331
cube_d3_k155,1,5,118098,118098,39366,95.391,15.264,48.460,0.000,14.436,5.517
cube_d3_k155,1,6,39366,39366,13122,30.170,4.419,13.886,0.000,4.893,1.784
cube_d3_k155,1,7,13122,13122,4374,7.852,1.512,4.373,0.000,1.495,0.671
cube_d3_k155,1,8,4374,4374,1458,2.453,0.428,1.300,0.000,0.366,0.258
cube_d3_k155,1,9,1458,1458,486,0.933,0.122,0.332,0.000,0.097,0.061
cube_d3_k155,1,10,486,486,162,0.272,0.043,0.111,0.000,0.035,0.020
cube_d3_k155,1,11,162,162,54,0.092,0.011,0.036,0.000,0.013,0.007
cube_d3_k155,1,12,54,54,18,0.030,0.005,0.015,0.000,0.006,0.003
cube_d3_k155,1,13,18,18,6,0.010,0.002,0.008,0.000,0.004,0.001
cube_d3_k155,1,14,6,6,2,0.004,0.001,0.005,0.000,0.003,0.001
cube_d3_k155,1,15,2,0,0,0.002,0.001,0.000,,,
cube_d3_k155,2,0,310,22343250,7447750,49.675,45.110,3976.666,0.000,1616.752,771.026
cube_d3_k155,2,1,7447750,7447750,2379052,2671.220,596.657,1969.179,0.000,554.942,236.709
cube_d3_k155,2,2,2379052,2379052,1062882,895.055,193.352,655.347,0.000,127.310,83.469
cube_d3_k155,2,3,1062882,1062882,354294,411.523,88.633,292.881,0.000,41.888,31.750
cube_d3_k155,2,4,354294,354294,118098,139.436,29.453,80.737,0.000,14.423,11.761
cube_d3_k155,2,5,118098,118098,39366,44.335,6.731,30.513,0.000,12.386,3.425
cube_d3_k155,2,6,39366,39366,13122,13.983,1.915,9.135,0.000,4.368,1.065
cube_d3_k155,2,7,13122,13122,4374,3.558,0.751,2.850,0.000,1.189,0.445
cube_d3_k155,2,8,4374,4374,1458,1.165,0.254,0.815,0.000,0.271,0.127
cube_d3_k155,2,9,1458,1458,486,0.445,0.102,0.261,0.000,0.082,0.053
cube_d3_k155,2,10,486,486,162,0.165,0.041,0.103,0.000,0.035,0.026
cube_d3_k155,2,11,162,162,54,0.059,0.013,0.040,0.000,0.014,0.008
cube_d3_k155,2,12,54,54,18,0.025,0.005,0.016,0.000,0.007,0.004
cube_d3_k155,2,13,18,18,6,0.008,0.003,0.008,0.000,0.004,0.001
cube_d3_k155,2,14,6,6,2,0.004,0.001,0.006,0.000,0.004,0.001
cube_d3_k155,2,15,2,0,0,0.002,0.001,0.000,,,
cube_d3_k155,2,0,310,22343250,7447750,32.198,52.211,3801.969,0.000,1521.869,717.548
cube_d3_k155,2,1,7447750,7447750,2379052,3194.733,759.020,2084.335,0.002,647.706,230.579
cube_d3_k155,2,2,2379052,2379052,1062882,1020.315,257.207,692.698,0.000,157.321,96.198
cube_d3_k155,2,3,1062882,1062882,354294,484.778,112.470,266.783,0.000,44.626,31.685
cube_d3_k155,2,4,354294,354294,118098,159.319,33.271,81.044,0.000,14.266,11.367
cube_d3_k155,2,5,118098,118098,39366,48.182,7.295,32.770,0.002,13.236,4.162
cube_d3_k155,2,6,39366,39366,13122,14.782,2.172,9.266,0.002,4.372,1.054
cube_d3_k155,2,7,13122,13122,4374,4.376,0.803,3.019,0.000,1.201,0.546
cube_d3_k155,2,8,4374,4374,1458,1.380,0.288,0.830,0.000,0.270,0.129
cube_d3_k155,2,9,1458,1458,486,0.513,0.239,0.248,0.000,0.081,0.042
cube_d3_k155,2,10,486,486,162,0.181,0.041,0.103,0.000,0.035,0.026
cube_d3_k155,2,11,162,162,54,0.067,0.014,0.039,0.000,0.014,0.008
cube_d3_k155,2,12,54,54,18,0.031,0.005,0.016,0.000,0.007,0.003
cube_d3_k155,2,13,18,18,6,0.011,0.002,0.008,0.000,0.004,0.001
cube_d3_k155,2,14,6,6,2,0.005,0.001,0.006,0.000,0.003,0.001
cube_d3_k155,2,15,2,0,0,0.002,0.001,0.000,,,
cube_d3_k155,2,0,310,22343250,7447750,31.258,35.827,3775.578,0.000,1530.474,718.549
cube_d3_k155,2,1,7447750,7447750,2379052,3321.167,808.674,2080.259,0.000,640.669,222.519
cube_d3_k155,2,2,2379052,2379052,1062882,1063.716,262.184,712.271,0.000,155.481,94.646
cube_d3_k155,2,3,1062882,1062882,354294,483.830,115.579,252.017,0.000,41.685,32.480
cube_d3_k155,2,4,354294,354294,118098,162.717,31.640,81.149,0.000,14.327,11.367
cube_d3_k155,2,5,118098,118098,39366,47.838,7.269,30.680,0.000,12.541,3.315
cube_d3_k155,2,6,39366,39366,13122,14.741,2.094,9.304,0.000,4.350,1.131
cube_d3_k155,2,7,13122,13122,4374,4.417,0.852,2.687,0.000,1.125,0.428
cube_d3_k155,2,8,4374,4374,1458,1.403,0.282,0.853,0.000,0.292,0.129
cube_d3_k155,2,9,1458,1458,486,0.513,0.108,0.264,0.000,0.086,0.046
cube_d3_k155,2,10,486,486,162,0.192,0.041,0.107,0.000,0.035,0.030
cube_d3_k155,2,11,162,162,54,0.067,0.014,0.039,0.000,0.014,0.008
cube_d3_k155,2,12,54,54,18,0.033,0.005,0.016,0.000,0.006,0.003
cube_d3_k155,2,13,18,18,6,0.010,0.002,0.008,0.000,0.004,0.001
cube_d3_k155,2,14,6,6,2,0.004,0.001,0.005,0.000,0.003,0.001
cube_d3_k155,2,15,2,0,0,0.002,0.001,0.000,,,
cube_d3_k155,2,0,310,22343250,7447750,32.854,51.695,3747.857,0.000,1461.224,712.124
cube_d3_k155,2,1,7447750,7447750,2379052,3314.446,802.920,2035.751,0.000,625.784,227.902
cube_d3_k155,2,2,2379052,2379052,1062882,1064.558,266.310,690.815,0.000,154.903,88.259
cube_d3_k155,2,3,1062882,1062882,354294,488.691,118.307,257.087,0.000,41.667,34.982
cube_d3_k155,2,4,354294,354294,118098,157.818,31.892,80.217,0.000,14.175,11.359
cube_d3_k155,2,5,118098,118098,39366,47.434,7.168,32.512,0.001,13.827,4.088
cube_d3_k155,2,6,39366,39366,13122,16.251,2.116,9.179,0.000,4.347,1.061
cube_d3_k155,2,7,13122,13122,4374,4.356,0.790,2.830,0.000,1.186,0.439
cube_d3_k155,2,8,4374,4374,1458,1.418,0.307,0.843,0.000,0.290,0.127
cube_d3_k155,2,9,1458,1458,486,0.500,0.106,0.262,0.000,0.086,0.046
cube_d3_k155,2,10,486,486,162,0.189,0.041,0.108,0.000,0.036,0.028
cube_d3_k155,2,11,162,162,54,0.071,0.014,0.040,0.000,0.014,0.008
cube_d3_k155,2,12,54,54,18,0.034,0.005,0.017,0.000,0.007,0.004
cube_d3_k155,2,13,18,18,6,0.012,0.003,0.008,0.000,0.004,0.001
cube_d3_k155,2,14,6,6,2,0.005,0.001,0.006,0.000,0.003,0.001
cube_d3_k155,2,15,2,0,0,0.002,0.001,0.000,,,
cube_d3_k155,2,0,310,22343250,7447750,31.057,48.852,3708.864,0.000,1448.248,696.050
cube_d3_k155,2,1,7447750,7447750,2379052,3331.316,811.923,1987.547,0.001,617.122,226.192
cube_d3_k155,2,2,2379052,2379052,1062882,1057.062,266.857,701.201,0.000,150.981,89.826
cube_d3_k155,2,3,1062882,1062882,354294,483.405,120.420,255.322,0.000,44.047,32.482
cube_d3_k155,2,4,354294,354294,118098,157.836,34.760,80.074,0.000,14.125,11.462
cube_d3_k155,2,5,118098,118098,39366,49.193,7.418,30.872,0.000,13.075,3.198
cube_d3_k155,2,6,39366,39366,13122,14.545,2.093,9.064,0.000,4.338,1.042
cube_d3_k155,2,7,13122,13122,4374,4.456,0.851,2.752,0.000,1.173,0.443
cube_d3_k155,2,8,4374,4374,1458,1.401,0.268,0.835,0.000,0.290,0.126
cube_d3_k155,2,9,1458,1458,486,0.513,0.101,0.249,0.000,0.082,0.043
cube_d3_k155,2,10,486,486,162,0.189,0.043,0.102,0.000,0.035,0.026
cube_d3_k155,2,11,162,162,54,0.105,0.012,0.040,0.000,0.014,0.009
cube_d3_k155,2,12,54,54,18,0.034,0.005,0.016,0.000,0.007,0.004
cube_d3_k155,2,13,18,18,6,0.011,0.002,0.008,0.000,0.004,0.001
cube_d3_k155,2,14,6,6,2,0.004,0.001,0.006,0.000,0.004,0.001
cube_d3_k155,2,15,2,0,0,0.002,0.001,0.000,,,
cube_d3_k155,2,0,310,22343250,7447750,30.952,34.418,3683.068,0.000,1456.764,694.685
cube_d3_k155,2,1,7447750,7447750,2379052,3303.592,830.823,1987.022,0.000,605.860,227.082
cube_d3_k155,2,2,2379052,2379052,1062882,1048.614,270.008,657.266,0.000,149.534,87.782
cube_d3_k155,2,3,1062882,1062882,354294,481.904,120.210,253.580,0.000,41.559,32.323
cube_d3_k155,2,4,354294,354294,118098,158.384,32.201,79.622,0.000,14.194,11.113
cube_d3_k155,2,5,118098,118098,39366,49.326,7.729,32.873,0.000,14.543,3.574
cube_d3_k155,2,6,39366,39366,13122,15.213,2.225,9.844,0.000,4.878,1.169
cube_d3_k155,2,7,13122,13122,4374,4.718,0.854,3.023,0.000,1.239,0.468
cube_d3_k155,2,8,4374,4374,1458,1.566,0.334,0.949,0.000,0.334,0.143
cube_d3_k155,2,9,1458,1458,486,0.569,0.143,0.317,0.000,0.128,0.050
cube_d3_k155,2,10,486,486,162,0.195,0.054,0.126,0.000,0.044,0.026
cube_d3_k155,2,11,162,162,54,0.096,0.017,0.048,0.000,0.018,0.008
cube_d3_k155,2,12,54,54,18,0.040,0.006,0.020,0.000,0.008,0.005
cube_d3_k155,2,13,18,18,6,0.014,0.003,0.010,0.000,0.005,0.002
cube_d3_k155,2,14,6,6,2,0.005,0.002,0.007,0.000,0.004,0.001
cube_d3_k155,2,15,2,0,0,0.003,0.001,0.000,,,
cube_d3_k155,4,0,310,22343250,7447750,18.115,24.890,2089.578,0.000,784.234,359.606
cube_d3_k155,4,1,7447750,7447750,2379052,1344.124,316.138,1123.717,0.000,284.843,125.105
cube_d3_k155,4,2,2379052,2379052,1062882,464.549,102.590,328.596,0.000,68.502,46.128
cube_d3_k155,4,3,1062882,1062882,354294,215.682,48.266,127.222,0.000,23.479,17.567
cube_d3_k155,4,4,354294,354294,118098,76.440,15.457,40.773,0.000,8.210,6.184
cube_d3_k155,4,5,118098,118098,39366,23.866,3.761,22.742,0.000,13.403,1.807
cube_d3_k155,4,6,39366,39366,13122,7.644,1.164,6.518,0.000,4.082,0.590
cube_d3_k155,4,7,13122,13122,4374,2.279,0.489,1.886,0.000,0.999,0.235
cube_d3_k155,4,8,4374,4374,1458,0.773,0.211,0.572,0.000,0.249,0.075
cube_d3_k155,4,9,1458,1458,486,0.295,0.108,0.202,0.000,0.079,0.029
cube_d3_k155,4,10,486,486,162,0.132,0.046,0.104,0.000,0.037,0.029
cube_d3_k155,4,11,162,162,54,0.054,0.015,0.041,0.000,0.015,0.010
cube_d3_k155,4,12,54,54,18,0.017,0.007,0.018,0.000,0.007,0.004
cube_d3_k155,4,13,18,18,6,0.010,0.003,0.008,0.000,0.005,0.001
cube_d3_k155,4,14,6,6,2,0.004,0.001,0.006,0.000,0.004,0.001
cube_d3_k155,4,15,2,0,0,0.002,0.001,0.000,,,
cube_d3_k155,4,0,310,22343250,7447750,16.014,18.392,1961.996,0.000,747.824,356.466
cube_d3_k155,4,1,7447750,7447750,2379052,1601.164,375.787,1199.437,0.000,320.118,125.269
cube_d3_k155,4,2,2379052,2379052,1062882,510.137,126.457,333.420,0.000,76.161,49.544
cube_d3_k155,4,3,1062882,1062882,354294,230.384,56.423,131.798,0.000,25.035,16.971
cube_d3_k155,4,4,354294,354294,118098,79.449,16.671,41.859,0.000,8.511,6.156
cube_d3_k155,4,5,118098,118098,39366,24.226,4.115,21.832,0.000,12.348,1.804
cube_d3_k155,4,6,39366,39366,13122,7.466,1.132,6.617,0.000,4.178,0.591
cube_d3_k155,4,7,13122,13122,4374,2.568,0.528,1.851,0.000,0.969,0.232
cube_d3_k155,4,8,4374,4374,1458,0.899,0.230,0.586,0.000,0.250,0.076
cube_d3_k155,4,9,1458,1458,486,0.343,0.102,0.202,0.000,0.080,0.030
cube_d3_k155,4,10,486,486,162,0.139,0.046,0.115,0.000,0.039,0.034
cube_d3_k155,4,11,162,162,54,0.056,0.016,0.041,0.000,0.015,0.010
cube_d3_k155,4,12,54,54,18,0.018,0.007,0.017,0.000,0.007,0.003
cube_d3_k155,4,13,18,18,6,0.026,0.003,0.009,0.000,0.005,0.002
cube_d3_k155,4,14,6,6,2,0.005,0.001,0.006,0.000,0.004,0.001
cube_d3_k155,4,15,2,0,0,0.002,0.001,0.000,,,
cube_d3_k155,4,0,310,22343250,7447750,7.456,15.622,1897.722,0.000,738.789,351.773
cube_d3_k155,4,1,7447750,7447750,2379052,1659.451,405.305,1190.149,0.000,309.269,120.481
cube_d3_k155,4,2,2379052,2379052,1062882,521.011,135.624,341.938,0.000,80.820,47.059
cube_d3_k155,4,3,1062882,1062882,354294,234.226,61.678,125.606,0.001,22.705,16.564
cube_d3_k155,4,4,354294,354294,118098,78.941,17.936,39.410,0.000,7.972,6.001
cube_d3_k155,4,5,118098,118098,39366,24.021,4.047,21.832,0.001,12.473,1.728
cube_d3_k155,4,6,39366,39366,13122,7.716,1.314,6.614,0.000,4.117,0.599
cube_d3_k155,4,7,13122,13122,4374,2.579,0.516,1.940,0.000,0.992,0.279
cube_d3_k155,4,8,4374,4374,1458,0.885,0.230,0.595,0.000,0.266,0.074
cube_d3_k155,4,9,1458,1458,486,0.338,0.101,0.202,0.000,0.081,0.028
cube_d3_k155,4,10,486,486,162,0.140,0.047,0.113,0.000,0.038,0.029
cube_d3_k155,4,11,162,162,54,0.063,0.016,0.041,0.000,0.015,0.010
cube_d3_k155,4,12,54,54,18,0.018,0.007,0.017,0.000,0.007,0.004
cube_d3_k155,4,13,18,18,6,0.012,0.003,0.009,0.000,0.005,0.001
cube_d3_k155,4,14,6,6,2,0.005,0.001,0.006,0.000,0.004,0.001
cube_d3_k155,4,15,2,0,0,0.002,0.001,0.000,,,
cube_d3_k155,4,0,310,22343250,7447750,16.108,17.943,1939.181,0.000,783.585,353.309
cube_d3_k155,4,1,7447750,7447750,2379052,1662.023,418.213,1173.924,0.000,320.781,121.096
cube_d3_k155,4,2,2379052,2379052,1062882,524.931,138.316,324.663,0.000,70.568,46.933
cube_d3_k155,4,3,1062882,1062882,354294,236.472,59.378,125.951,0.000,24.024,16.380
cube_d3_k155,4,4,354294,354294,118098,79.561,16.872,42.105,0.000,8.086,5.979
cube_d3_k155,4,5,118098,118098,39366,24.009,3.832,20.952,0.002,11.614,1.755
cube_d3_k155,4,6,39366,39366,13122,7.622,1.243,6.548,0.000,4.094,0.588
cube_d3_k155,4,7,13122,13122,4374,2.591,0.432,1.859,0.000,0.996,0.259
cube_d3_k155,4,8,4374,4374,1458,0.879,0.246,0.582,0.000,0.253,0.074
cube_d3_k155,4,9,1458,1458,486,0.341,0.100,0.202,0.000,0.080,0.030
cube_d3_k155,4,10,486,486,162,0.146,0.046,0.104,0.000,0.038,0.030
cube_d3_k155,4,11,162,162,54,0.058,0.016,0.040,0.000,0.015,0.009
cube_d3_k155,4,12,54,54,18,0.019,0.007,0.017,0.000,0.007,0.004
cube_d3_k155,4,13,18,18,6,0.013,0.003,0.008,0.000,0.005,0.001
cube_d3_k155,4,14,6,6,2,0.005,0.001,0.006,0.000,0.004,0.001
cube_d3_k155,4,15,2,0,0,0.002,0.001,0.000,,,
cube_d3_k155,4,0,310,22343250,7447750,7.402,14.171,1927.092,0.000,755.442,349.146
cube_d3_k155,4,1,7447750,7447750,2379052,1682.843,414.746,1156.275,0.000,304.268,118.670
cube_d3_k155,4,2,2379052,2379052,1062882,525.288,137.300,356.312,0.000,80.363,46.481
cube_d3_k155,4,3,1062882,1062882,354294,235.026,61.384,126.492,0.000,22.644,17.141
cube_d3_k155,4,4,354294,354294,118098,79.619,17.043,39.603,0.000,7.790,5.685
cube_d3_k155,4,5,118098,118098,39366,24.284,4.209,21.742,0.000,12.483,1.704
cube_d3_k155,4,6,39366,39366,13122,7.693,1.170,6.683,0.000,4.131,0.587
cube_d3_k155,4,7,13122,13122,4374,2.623,0.520,1.908,0.000,1.025,0.260
cube_d3_k155,4,8,4374,4374,1458,0.903,0.219,0.592,0.000,0.253,0.075
cube_d3_k155,4,9,1458,1458,486,0.341,0.100,0.202,0.000,0.079,0.029
cube_d3_k155,4,10,486,486,162,0.143,0.047,0.107,0.000,0.038,0.033
cube_d3_k155,4,11,162,162,54,0.056,0.016,0.043,0.000,0.016,0.010
cube_d3_k155,4,12,54,54,18,0.019,0.007,0.017,0.000,0.007,0.003
cube_d3_k155,4,13,18,18,6,0.012,0.003,0.008,0.000,0.005,0.001
cube_d3_k155,4,14,6,6,2,0.005,0.001,0.006,0.000,0.004,0.001
cube_d3_k155,4,15,2,0,0,0.002,0.001,0.000,,,
cube_d3_k155,4,0,310,22343250,7447750,16.034,15.058,1907.629,0.000,744.457,354.437
cube_d3_k155,4,1,7447750,7447750,2379052,1662.873,414.986,1148.636,0.000,307.569,118.520
cube_d3_k155,4,2,2379052,2379052,1062882,530.252,136.472,328.330,0.001,73.936,46.108
cube_d3_k155,4,3,1062882,1062882,354294,238.280,59.418,125.180,0.000,22.602,16.404
cube_d3_k155,4,4,354294,354294,118098,79.514,16.661,40.385,0.000,7.892,5.803
cube_d3_k155,4,5,118098,118098,39366,24.464,4.108,21.880,0.000,12.428,1.771
cube_d3_k155,4,6,39366,39366,13122,7.610,1.282,6.594,0.000,4.116,0.593
cube_d3_k155,4,7,13122,13122,4374,2.638,0.517,1.808,0.000,0.960,0.244
cube_d3_k155,4,8,4374,4374,1458,0.921,0.231,0.589,0.000,0.263,0.076
cube_d3_k155,4,9,1458,1458,486,0.344,0.100,0.204,0.000,0.079,0.031
cube_d3_k155,4,10,486,486,162,0.143,0.047,0.107,0.000,0.038,0.029
cube_d3_k155,4,11,162,162,54,0.061,0.015,0.041,0.000,0.015,0.010
cube_d3_k155,4,12,54,54,18,0.027,0.006,0.017,0.000,0.007,0.004
cube_d3_k155,4,13,18,18,6,0.010,0.003,0.008,0.000,0.005,0.001
cube_d3_k155,4,14,6,6,2,0.005,0.001,0.006,0.000,0.004,0.001
cube_d3_k155,4,15,2,0,0,0.002,0.001,0.000,,,
cube_d3_k155,8,0,310,22343250,7447750,12.413,16.041,1176.475,0.000,442.425,248.662
cube_d3_k155,8,1,7447750,7447750,2379052,777.177,188.634,827.434,0.000,177.193,90.838
cube_d3_k155,8,2,2379052,2379052,1062882,283.138,65.094,204.680,0.000,36.003,34.417
cube_d3_k155,8,3,1062882,1062882,354294,156.319,31.120,91.519,0.000,19.058,15.334
cube_d3_k155,8,4,354294,354294,118098,48.380,9.497,28.057,0.000,4.710,5.057
cube_d3_k155,8,5,118098,118098,39366,14.739,2.642,18.788,0.000,12.003,1.541
cube_d3_k155,8,6,39366,39366,13122,4.474,0.952,6.296,0.000,4.349,0.512
cube_d3_k155,8,7,13122,13122,4374,2.277,0.435,1.933,0.000,1.087,0.275
cube_d3_k155,8,8,4374,4374,1458,0.767,0.241,0.649,0.000,0.295,0.087
cube_d3_k155,8,9,1458,1458,486,0.273,0.118,0.257,0.000,0.099,0.054
cube_d3_k155,8,10,486,486,162,0.112,0.055,0.131,0.000,0.048,0.036
cube_d3_k155,8,11,162,162,54,0.078,0.025,0.052,0.000,0.017,0.012
cube_d3_k155,8,12,54,54,18,0.029,0.009,0.025,0.000,0.008,0.005
cube_d3_k155,8,13,18,18,6,0.012,0.004,0.010,0.000,0.005,0.002
cube_d3_k155,8,14,6,6,2,0.007,0.002,0.013,0.000,0.004,0.001
cube_d3_k155,8,15,2,0,0,0.002,0.001,0.000,,,
cube_d3_k155,8,0,310,22343250,7447750,5.679,9.428,1153.599,0.000,433.650,264.623
cube_d3_k155,8,1,7447750,7447750,2379052,928.450,248.516,726.125,0.000,200.382,86.410
cube_d3_k155,8,2,2379052,2379052,1062882,309.826,74.917,245.191,0.000,52.159,37.672
cube_d3_k155,8,3,1062882,1062882,354294,155.610,32.132,85.644,0.000,15.883,14.787
cube_d3_k155,8,4,354294,354294,118098,55.848,9.538,27.023,0.000,4.610,4.983
cube_d3_k155,8,5,118098,118098,39366,15.364,2.792,18.674,0.000,12.047,1.597
cube_d3_k155,8,6,39366,39366,13122,4.710,0.999,8.484,0.000,4.424,0.490
cube_d3_k155,8,7,13122,13122,4374,2.223,0.405,1.919,0.000,1.117,0.247
cube_d3_k155,8,8,4374,4374,1458,0.729,0.250,0.632,0.000,0.279,0.102
cube_d3_k155,8,9,1458,1458,486,0.320,0.113,0.260,0.000,0.116,0.037
cube_d3_k155,8,10,486,486,162,0.110,0.051,0.131,0.000,0.050,0.038
cube_d3_k155,8,11,162,162,54,0.073,0.023,0.053,0.000,0.019,0.012
cube_d3_k155,8,12,54,54,18,0.034,0.009,0.028,0.001,0.008,0.007
cube_d3_k155,8,13,18,18,6,0.013,0.004,0.010,0.000,0.005,0.002
cube_d3_k155,8,14,6,6,2,0.006,0.002,0.010,0.000,0.004,0.001
cube_d3_k155,8,15,2,0,0,0.003,0.001,0.000,,,
cube_d3_k155,8,0,310,22343250,7447750,20.180,19.130,1157.524,0.000,446.737,247.431
cube_d3_k155,8,1,7447750,7447750,2379052,935.465,236.785,683.513,0.000,184.497,84.001
cube_d3_k155,8,2,2379052,2379052,1062882,315.871,76.969,219.779,0.000,49.095,35.105
cube_d3_k155,8,3,1062882,1062882,354294,163.799,33.389,81.757,0.000,13.217,14.508
cube_d3_k155,8,4,354294,354294,118098,67.403,9.764,27.647,0.000,4.939,4.936
cube_d3_k155,8,5,118098,118098,39366,15.752,2.729,20.444,0.000,14.019,1.427
cube_d3_k155,8,6,39366,39366,13122,4.564,0.983,6.172,0.000,4.260,0.539
cube_d3_k155,8,7,13122,13122,4374,2.222,0.415,2.023,0.000,1.093,0.341
cube_d3_k155,8,8,4374,4374,1458,0.768,0.214,0.631,0.000,0.269,0.081
cube_d3_k155,8,9,1458,1458,486,0.283,0.138,0.256,0.000,0.092,0.037
cube_d3_k155,8,10,486,486,162,0.113,0.043,0.149,0.000,0.046,0.058
cube_d3_k155,8,11,162,162,54,0.070,0.023,0.049,0.000,0.017,0.011
cube_d3_k155,8,12,54,54,18,0.024,0.009,0.023,0.000,0.007,0.006
cube_d3_k155,8,13,18,18,6,0.014,0.004,0.012,0.000,0.007,0.001
cube_d3_k155,8,14,6,6,2,0.006,0.002,0.006,0.000,0.003,0.001
cube_d3_k155,8,15,2,0,0,0.002,0.001,0.000,,,
cube_d3_k155,8,0,310,22343250,7447750,13.521,15.595,1118.615,0.000,422.344,240.067
cube_d3_k155,8,1,7447750,7447750,2379052,976.502,246.401,681.842,0.000,182.048,82.394
cube_d3_k155,8,2,2379052,2379052,1062882,313.564,80.226,205.986,0.000,41.446,34.293
cube_d3_k155,8,3,1062882,1062882,354294,153.120,33.691,79.151,0.000,12.947,14.094
cube_d3_k155,8,4,354294,354294,118098,49.740,9.693,27.715,0.000,4.946,4.922
cube_d3_k155,8,5,118098,118098,39366,15.543,3.049,18.243,0.000,11.776,1.464
cube_d3_k155,8,6,39366,39366,13122,4.620,0.970,5.975,0.000,4.093,0.503
cube_d3_k155,8,7,13122,13122,4374,2.286,0.431,1.841,0.000,1.090,0.214
cube_d3_k155,8,8,4374,4374,1458,0.740,0.213,0.619,0.000,0.282,0.088
cube_d3_k155,8,9,1458,1458,486,0.286,0.111,0.265,0.000,0.106,0.045
cube_d3_k155,8,10,486,486,162,0.115,0.057,0.130,0.000,0.047,0.037
cube_d3_k155,8,11,162,162,54,0.073,0.023,0.049,0.001,0.016,0.011
cube_d3_k155,8,12,54,54,18,0.046,0.005,0.018,0.000,0.007,0.004
cube_d3_k155,8,13,18,18,6,0.011,0.004,0.010,0.000,0.005,0.002
cube_d3_k155,8,14,6,6,2,0.005,0.001,0.006,0.000,0.004,0.001
cube_d3_k155,8,15,2,0,0,0.002,0.001,0.000,,,
cube_d3_k155,8,0,310,22343250,7447750,5.195,10.367,1099.466,0.000,403.450,242.212
cube_d3_k155,8,1,7447750,7447750,2379052,976.894,248.226,706.184,0.000,193.112,89.548
cube_d3_k155,8,2,2379052,2379052,1062882,319.937,78.244,209.617,0.000,45.739,35.377
cube_d3_k155,8,3,1062882,1062882,354294,150.917,33.748,87.370,0.000,15.176,13.543
cube_d3_k155,8,4,354294,354294,118098,51.054,9.806,27.596,0.000,5.132,4.851
cube_d3_k155,8,5,118098,118098,39366,15.252,2.729,19.002,0.000,12.562,1.514
cube_d3_k155,8,6,39366,39366,13122,4.821,1.048,5.925,0.000,4.051,0.500
cube_d3_k155,8,7,13122,13122,4374,2.253,0.399,1.882,0.000,1.103,0.254
cube_d3_k155,8,8,4374,4374,1458,0.762,0.245,0.632,0.000,0.283,0.100
cube_d3_k155,8,9,1458,1458,486,0.276,0.112,0.273,0.000,0.135,0.036
cube_d3_k155,8,10,486,486,162,0.113,0.050,0.128,0.001,0.055,0.032
cube_d3_k155,8,11,162,162,54,0.076,0.020,0.048,0.000,0.017,0.012
cube_d3_k155,8,12,54,54,18,0.024,0.008,0.019,0.000,0.007,0.004
cube_d3_k155,8,13,18,18,6,0.013,0.004,0.009,0.000,0.005,0.001
cube_d3_k155,8,14,6,6,2,0.006,0.002,0.013,0.000,0.004,0.001
cube_d3_k155,8,15,2,0,0,0.002,0.001,0.000,,,
cube_d3_k155,8,0,310,22343250,7447750,5.324,9.058,1111.617,0.000,406.703,246.381
cube_d3_k155,8,1,7447750,7447750,2379052,962.913,249.085,700.219,0.000,182.153,85.356
cube_d3_k155,8,2,2379052,2379052,1062882,315.008,78.212,203.414,0.000,41.569,34.308
cube_d3_k155,8,3,1062882,1062882,354294,150.255,32.890,83.688,0.000,15.243,15.502
cube_d3_k155,8,4,354294,354294,118098,49.258,9.896,26.415,0.000,4.838,4.827
cube_d3_k155,8,5,118098,118098,39366,15.143,2.648,20.715,0.000,14.429,1.431
cube_d3_k155,8,6,39366,39366,13122,4.574,0.982,6.080,0.000,4.222,0.471
cube_d3_k155,8,7,13122,13122,4374,2.144,0.363,1.833,0.000,1.087,0.239
cube_d3_k155,8,8,4374,4374,1458,0.712,0.258,0.624,0.000,0.305,0.084
cube_d3_k155,8,9,1458,1458,486,0.271,0.107,0.233,0.000,0.100,0.043
cube_d3_k155,8,10,486,486,162,0.100,0.041,0.099,0.000,0.038,0.027
cube_d3_k155,8,11,162,162,54,0.064,0.020,0.043,0.000,0.016,0.010
cube_d3_k155,8,12,54,54,18,0.020,0.007,0.023,0.000,0.007,0.008
cube_d3_k155,8,13,18,18,6,0.011,0.004,0.010,0.000,0.005,0.002
cube_d3_k155,8,14,6,6,2,0.006,0.002,0.007,0.000,0.004,0.001
cube_d3_k155,8,15,2,0,0,0.003,0.001,0.000,,,
cube_d3_k155,16,0,310,22343250,7447750,8.738,11.474,655.940,0.000,294.401,110.881
cube_d3_k155,16,1,7447750,7447750,2379052,398.207,94.756,332.572,0.000,89.186,41.967
cube_d3_k155,16,2,2379052,2379052,1062882,147.270,37.930,99.156,0.000,21.681,16.400
cube_d3_k155,16,3,1062882,1062882,354294,75.098,17.918,40.621,0.000,7.608,7.302
cube_d3_k155,16,4,354294,354294,118098,25.707,5.516,13.876,0.000,2.952,2.308
cube_d3_k155,16,5,118098,118098,39366,7.341,1.795,14.744,0.000,11.438,0.779
cube_d3_k155,16,6,39366,39366,13122,2.258,0.521,5.176,0.000,4.029,0.286
cube_d3_k155,16,7,13122,13122,4374,1.576,0.275,1.484,0.000,0.994,0.175
cube_d3_k155,16,8,4374,4374,1458,0.585,0.198,0.541,0.000,0.299,0.057
cube_d3_k155,16,9,1458,1458,486,0.227,0.111,0.216,0.000,0.109,0.029
cube_d3_k155,16,10,486,486,162,0.086,0.040,0.082,0.000,0.035,0.014
cube_d3_k155,16,11,162,162,54,0.036,0.019,0.046,0.000,0.017,0.012
cube_d3_k155,16,12,54,54,18,0.019,0.008,0.019,0.000,0.008,0.004
cube_d3_k155,16,13,18,18,6,0.011,0.003,0.009,0.000,0.005,0.002
cube_d3_k155,16,14,6,6,2,0.004,0.001,0.005,0.000,0.003,0.001
cube_d3_k155,16,15,2,0,0,0.002,0.001,0.000,,,
cube_d3_k155,16,0,310,22343250,7447750,3.591,8.318,660.101,0.000,250.563,135.471
cube_d3_k155,16,1,7447750,7447750,2379052,489.961,119.938,372.666,0.000,110.545,46.841
cube_d3_k155,16,2,2379052,2379052,1062882,159.768,42.915,113.334,0.000,29.983,19.174
cube_d3_k155,16,3,1062882,1062882,354294,85.001,19.130,45.788,0.000,9.273,7.366
cube_d3_k155,16,4,354294,354294,118098,28.248,5.737,15.240,0.000,3.093,2.683
cube_d3_k155,16,5,118098,118098,39366,7.911,2.000,15.448,0.000,11.712,0.849
cube_d3_k155,16,6,39366,39366,13122,2.678,0.642,5.413,0.000,4.188,0.338
cube_d3_k155,16,7,13122,13122,4374,1.735,0.305,1.742,0.000,1.109,0.172
cube_d3_k155,16,8,4374,4374,1458,0.527,0.209,0.593,0.000,0.307,0.080
cube_d3_k155,16,9,1458,1458,486,0.266,0.109,0.254,0.000,0.127,0.042
cube_d3_k155,16,10,486,486,162,0.089,0.048,0.100,0.000,0.043,0.019
cube_d3_k155,16,11,162,162,54,0.042,0.023,0.050,0.000,0.018,0.014
cube_d3_k155,16,12,54,54,18,0.020,0.009,0.025,0.000,0.007,0.005
cube_d3_k155,16,13,18,18,6,0.013,0.004,0.009,0.000,0.005,0.002
cube_d3_k155,16,14,6,6,2,0.006,0.002,0.006,0.000,0.003,0.001
cube_d3_k155,16,15,2,0,0,0.002,0.001,0.000,,,
cube_d3_k155,16,0,310,22343250,7447750,4.226,8.174,612.678,0.000,234.482,135.354
cube_d3_k155,16,1,7447750,7447750,2379052,502.056,126.082,376.085,0.000,101.866,51.164
cube_d3_k155,16,2,2379052,2379052,1062882,162.309,42.218,110.221,0.000,24.002,19.088
cube_d3_k155,16,3,1062882,1062882,354294,86.425,19.994,43.471,0.000,7.716,7.878
cube_d3_k155,16,4,354294,354294,118098,28.724,5.998,15.457,0.000,3.270,2.581
cube_d3_k155,16,5,118098,118098,39366,12.710,2.230,16.012,0.000,12.164,0.927
cube_d3_k155,16,6,39366,39366,13122,2.781,0.724,5.203,0.000,3.991,0.330
cube_d3_k155,16,7,13122,13122,4374,1.690,0.294,1.651,0.000,0.970,0.268
cube_d3_k155,16,8,4374,4374,1458,0.633,0.251,0.624,0.000,0.320,0.102
cube_d3_k155,16,9,1458,1458,486,0.253,0.092,0.251,0.000,0.112,0.039
cube_d3_k155,16,10,486,486,162,0.097,0.049,0.108,0.000,0.042,0.026
cube_d3_k155,16,11,162,162,54,0.053,0.022,0.050,0.000,0.017,0.012
cube_d3_k155,16,12,54,54,18,0.021,0.009,0.019,0.000,0.008,0.004
cube_d3_k155,16,13,18,18,6,0.013,0.005,0.009,0.000,0.005,0.002
cube_d3_k155,16,14,6,6,2,0.006,0.002,0.006,0.000,0.004,0.001
cube_d3_k155,16,15,2,0,0,0.002,0.001,0.000,,,
cube_d3_k155,16,0,310,22343250,7447750,4.798,12.747,670.956,0.000,265.385,135.564
cube_d3_k155,16,1,7447750,7447750,2379052,517.571,128.729,378.299,0.000,113.524,47.370
cube_d3_k155,16,2,2379052,2379052,1062882,166.043,41.777,109.666,0.000,25.044,18.887
cube_d3_k155,16,3,1062882,1062882,354294,77.752,21.821,42.035,0.000,7.562,7.259
cube_d3_k155,16,4,354294,354294,118098,26.302,5.708,15.014,0.000,3.104,2.581
cube_d3_k155,16,5,118098,118098,39366,8.241,2.030,15.590,0.000,11.781,0.833
cube_d3_k155,16,6,39366,39366,13122,2.605,0.688,5.782,0.000,4.555,0.352
cube_d3_k155,16,7,13122,13122,4374,1.784,0.295,1.757,0.000,1.118,0.256
cube_d3_k155,16,8,4374,4374,1458,0.568,0.209,0.613,0.000,0.332,0.061
cube_d3_k155,16,9,1458,1458,486,0.258,0.099,0.244,0.000,0.128,0.029
cube_d3_k155,16,10,486,486,162,0.104,0.047,0.096,0.000,0.040,0.017
cube_d3_k155,16,11,162,162,54,0.055,0.020,0.048,0.000,0.018,0.011
cube_d3_k155,16,12,54,54,18,0.025,0.008,0.023,0.001,0.008,0.005
cube_d3_k155,16,13,18,18,6,0.014,0.005,0.009,0.000,0.005,0.002
cube_d3_k155,16,14,6,6,2,0.005,0.002,0.006,0.000,0.004,0.001
cube_d3_k155,16,15,2,0,0,0.002,0.001,0.000,,,
cube_d3_k155,16,0,310,22343250,7447750,10.214,8.350,606.257,0.000,219.035,130.017
cube_d3_k155,16,1,7447750,7447750,2379052,499.819,127.841,374.570,0.000,97.144,44.907
cube_d3_k155,16,2,2379052,2379052,1062882,162.785,42.951,107.140,0.000,23.527,18.469
cube_d3_k155,16,3,1062882,1062882,354294,85.916,17.787,43.544,0.000,9.038,7.096
cube_d3_k155,16,4,354294,354294,118098,26.128,5.816,14.873,0.000,2.861,2.568
cube_d3_k155,16,5,118098,118098,39366,8.207,2.065,16.280,0.000,12.405,0.912
cube_d3_k155,16,6,39366,39366,13122,2.653,0.682,5.464,0.000,4.284,0.322
cube_d3_k155,16,7,13122,13122,4374,1.717,0.337,1.737,0.000,1.106,0.233
cube_d3_k155,16,8,4374,4374,1458,0.642,0.259,0.600,0.000,0.321,0.060
cube_d3_k155,16,9,1458,1458,486,0.246,0.157,0.244,0.000,0.117,0.035
cube_d3_k155,16,10,486,486,162,0.097,0.052,0.105,0.000,0.043,0.019
cube_d3_k155,16,11,162,162,54,0.054,0.027,0.068,0.000,0.036,0.013
cube_d3_k155,16,12,54,54,18,0.022,0.009,0.020,0.000,0.008,0.004
cube_d3_k155,16,13,18,18,6,0.014,0.004,0.009,0.000,0.005,0.002
cube_d3_k155,16,14,6,6,2,0.007,0.002,0.006,0.000,0.004,0.001
cube_d3_k155,16,15,2,0,0,0.002,0.001,0.000,,,
cube_d3_k155,16,0,310,22343250,7447750,3.760,7.110,673.112,0.000,252.117,136.276
cube_d3_k155,16,1,7447750,7447750,2379052,517.869,128.981,349.596,0.000,98.065,46.087
cube_d3_k155,16,2,2379052,2379052,1062882,161.604,40.954,109.269,0.000,26.192,18.591
cube_d3_k155,16,3,1062882,1062882,354294,88.809,17.916,43.786,0.000,7.682,7.098
cube_d3_k155,16,4,354294,354294,118098,28.330,5.871,15.012,0.000,2.901,2.568
cube_d3_k155,16,5,118098,118098,39366,8.257,2.055,16.482,0.000,12.789,0.854
cube_d3_k155,16,6,39366,39366,13122,2.540,0.636,5.190,0.000,3.994,0.320
cube_d3_k155,16,7,13122,13122,4374,1.784,0.301,1.607,0.000,1.038,0.182
cube_d3_k155,16,8,4374,4374,1458,0.541,0.206,0.613,0.000,0.315,0.068
cube_d3_k155,16,9,1458,1458,486,0.243,0.132,0.254,0.000,0.113,0.045
cube_d3_k155,16,10,486,486,162,0.096,0.046,0.103,0.000,0.043,0.019
cube_d3_k155,16,11,162,162,54,0.048,0.035,0.048,0.000,0.018,0.012
cube_d3_k155,16,12,54,54,18,0.019,0.009,0.019,0.000,0.007,0.004
cube_d3_k155,16,13,18,18,6,0.011,0.004,0.010,0.000,0.005,0.002
cube_d3_k155,16,14,6,6,2,0.007,0.002,0.006,0.000,0.004,0.001
cube_d3_k155,16,15,2,0,0,0.002,0.001,0.000,,,
cube_d3_k155,32,0,310,22343250,7447750,6.355,8.448,522.979,0.000,279.229,77.466
cube_d3_k155,32,1,7447750,7447750,2379052,246.010,62.388,211.758,0.000,60.560,27.235
cube_d3_k155,32,2,2379052,2379052,1062882,85.952,24.932,68.095,0.000,16.175,10.769
cube_d3_k155,32,3,1062882,1062882,354294,44.697,12.203,26.721,0.000,5.519,4.549
cube_d3_k155,32,4,354294,354294,118098,14.843,3.705,9.278,0.000,2.157,1.439
cube_d3_k155,32,5,118098,118098,39366,4.801,1.073,20.622,0.000,18.232,0.586
cube_d3_k155,32,6,39366,39366,13122,1.960,0.511,4.977,0.000,4.138,0.225
cube_d3_k155,32,7,13122,13122,4374,1.513,0.236,1.466,0.000,1.050,0.180
cube_d3_k155,32,8,4374,4374,1458,0.519,0.179,0.495,0.000,0.292,0.042
cube_d3_k155,32,9,1458,1458,486,0.201,0.083,0.187,0.000,0.089,0.025
cube_d3_k155,32,10,486,486,162,0.072,0.057,0.081,0.000,0.035,0.015
cube_d3_k155,32,11,162,162,54,0.031,0.023,0.051,0.000,0.017,0.010
cube_d3_k155,32,12,54,54,18,0.019,0.008,0.021,0.000,0.008,0.004
cube_d3_k155,32,13,18,18,6,0.012,0.004,0.010,0.000,0.005,0.002
cube_d3_k155,32,14,6,6,2,0.004,0.001,0.006,0.000,0.004,0.001
cube_d3_k155,32,15,2,0,0,0.002,0.001,0.000,,,
cube_d3_k155,32,0,310,22343250,7447750,3.525,8.063,533.441,0.000,235.342,74.832
cube_d3_k155,32,1,7447750,7447750,2379052,264.799,71.734,220.377,0.000,59.750,26.143
cube_d3_k155,32,2,2379052,2379052,1062882,102.899,27.312,68.842,0.000,20.270,10.385
cube_d3_k155,32,3,1062882,1062882,354294,44.426,11.874,27.258,0.000,6.037,4.206
cube_d3_k155,32,4,354294,354294,118098,15.202,3.619,8.902,0.000,2.185,1.434
cube_d3_k155,32,5,118098,118098,39366,4.974,1.097,14.079,0.000,11.831,0.522
cube_d3_k155,32,6,39366,39366,13122,1.600,0.450,5.120,0.000,4.332,0.213
cube_d3_k155,32,7,13122,13122,4374,1.434,0.230,1.342,0.000,0.992,0.098
cube_d3_k155,32,8,4374,4374,1458,0.533,0.181,0.516,0.000,0.300,0.057
cube_d3_k155,32,9,1458,1458,486,0.219,0.085,0.205,0.000,0.095,0.026
cube_d3_k155,32,10,486,486,162,0.073,0.044,0.092,0.000,0.043,0.017
cube_d3_k155,32,11,162,162,54,0.040,0.024,0.047,0.000,0.017,0.012
cube_d3_k155,32,12,54,54,18,0.022,0.010,0.034,0.000,0.008,0.014
cube_d3_k155,32,13,18,18,6,0.012,0.005,0.011,0.000,0.005,0.002
cube_d3_k155,32,14,6,6,2,0.007,0.002,0.006,0.000,0.003,0.001
cube_d3_k155,32,15,2,0,0,0.002,0.001,0.000,,,
cube_d3_k155,32,0,310,22343250,7447750,3.857,10.978,449.355,0.000,216.703,75.729
cube_d3_k155,32,1,7447750,7447750,2379052,259.099,72.592,209.998,0.000,57.574,26.969
cube_d3_k155,32,2,2379052,2379052,1062882,91.173,25.852,64.379,0.000,14.506,11.108
cube_d3_k155,32,3,1062882,1062882,354294,44.582,12.173,27.371,0.000,6.365,5.188
cube_d3_k155,32,4,354294,354294,118098,14.846,3.779,8.399,0.000,1.958,1.434
cube_d3_k155,32,5,118098,118098,39366,4.842,1.258,14.016,0.000,11.783,0.544
cube_d3_k155,32,6,39366,39366,13122,1.551,0.466,5.082,0.000,4.334,0.213
cube_d3_k155,32,7,13122,13122,4374,1.557,0.232,1.444,0.000,1.080,0.099
cube_d3_k155,32,8,4374,4374,1458,0.566,0.201,0.548,0.000,0.320,0.053
cube_d3_k155,32,9,1458,1458,486,0.193,0.087,0.238,0.000,0.126,0.036
cube_d3_k155,32,10,486,486,162,0.075,0.049,0.106,0.000,0.047,0.021
cube_d3_k155,32,11,162,162,54,0.043,0.026,0.051,0.000,0.017,0.014
cube_d3_k155,32,12,54,54,18,0.022,0.010,0.026,0.000,0.009,0.006
cube_d3_k155,32,13,18,18,6,0.014,0.004,0.010,0.000,0.005,0.002
cube_d3_k155,32,14,6,6,2,0.006,0.002,0.006,0.000,0.004,0.001
cube_d3_k155,32,15,2,0,0,0.002,0.001,0.000,,,
cube_d3_k155,32,0,310,22343250,7447750,4.035,7.901,413.588,0.000,180.975,75.730
cube_d3_k155,32,1,7447750,7447750,2379052,257.391,72.710,198.101,0.000,57.859,25.071
cube_d3_k155,32,2,2379052,2379052,1062882,90.120,26.508,61.726,0.000,14.432,10.249
cube_d3_k155,32,3,1062882,1062882,354294,46.029,12.170,25.212,0.000,5.091,4.161
cube_d3_k155,32,4,354294,354294,118098,15.575,3.599,9.073,0.000,2.350,1.459
cube_d3_k155,32,5,118098,118098,39366,4.776,1.216,15.459,0.000,13.250,0.531
cube_d3_k155,32,6,39366,39366,13122,1.558,0.496,5.395,0.000,4.601,0.222
cube_d3_k155,32,7,13122,13122,4374,1.950,0.241,1.436,0.000,1.064,0.117
cube_d3_k155,32,8,4374,4374,1458,0.747,0.230,0.593,0.000,0.341,0.052
cube_d3_k155,32,9,1458,1458,486,0.282,0.095,0.238,0.000,0.120,0.030
cube_d3_k155,32,10,486,486,162,0.112,0.047,0.122,0.000,0.056,0.021
cube_d3_k155,32,11,162,162,54,0.053,0.026,0.064,0.000,0.024,0.016
cube_d3_k155,32,12,54,54,18,0.028,0.015,0.053,0.000,0.014,0.025
cube_d3_k155,32,13,18,18,6,0.016,0.005,0.088,0.000,0.071,0.008
cube_d3_k155,32,14,6,6,2,0.017,0.005,0.018,0.000,0.012,0.002
cube_d3_k155,32,15,2,0,0,0.005,0.002,0.000,,,
cube_d3_k155,32,0,310,22343250,7447750,4.150,8.158,376.401,0.000,153.991,74.906
cube_d3_k155,32,1,7447750,7447750,2379052,257.178,73.251,205.805,0.000,59.803,25.556
cube_d3_k155,32,2,2379052,2379052,1062882,91.886,30.453,66.021,0.000,16.536,10.342
cube_d3_k155,32,3,1062882,1062882,354294,46.689,17.093,26.383,0.000,5.674,5.400
cube_d3_k155,32,4,354294,354294,118098,15.037,3.663,8.740,0.000,2.006,1.548
cube_d3_k155,32,5,118098,118098,39366,4.991,1.212,13.607,0.000,11.341,0.531
cube_d3_k155,32,6,39366,39366,13122,1.560,0.496,4.916,0.000,4.121,0.229
cube_d3_k155,32,7,13122,13122,4374,1.659,0.344,1.550,0.000,1.028,0.234
cube_d3_k155,32,8,4374,4374,1458,0.665,0.218,0.629,0.000,0.341,0.102
cube_d3_k155,32,9,1458,1458,486,0.243,0.100,0.234,0.000,0.121,0.035
cube_d3_k155,32,10,486,486,162,0.073,0.048,0.105,0.000,0.048,0.021
cube_d3_k155,32,11,162,162,54,0.051,0.027,0.051,0.000,0.018,0.012
cube_d3_k155,32,12,54,54,18,0.024,0.010,0.025,0.000,0.009,0.005
cube_d3_k155,32,13,18,18,6,0.012,0.004,0.010,0.000,0.005,0.001
cube_d3_k155,32,14,6,6,2,0.006,0.002,0.006,0.000,0.004,0.001
cube_d3_k155,32,15,2,0,0,0.002,0.001,0.000,,,
cube_d3_k155,32,0,310,22343250,7447750,8.855,12.661,428.948,0.000,172.371,73.558
cube_d3_k155,32,1,7447750,7447750,2379052,266.930,72.860,225.215,0.000,61.575,26.374
cube_d3_k155,32,2,2379052,2379052,1062882,93.752,27.239,64.147,0.000,16.823,10.447
cube_d3_k155,32,3,1062882,1062882,354294,44.993,11.524,24.277,0.000,5.094,3.911
cube_d3_k155,32,4,354294,354294,118098,15.093,3.673,10.592,0.000,2.481,2.626
cube_d3_k155,32,5,118098,118098,39366,4.978,1.325,14.314,0.000,12.036,0.563
cube_d3_k155,32,6,39366,39366,13122,1.596,0.503,5.238,0.000,4.421,0.227
cube_d3_k155,32,7,13122,13122,4374,1.663,0.377,1.678,0.000,1.106,0.269
cube_d3_k155,32,8,4374,4374,1458,0.684,0.235,0.619,0.000,0.371,0.052
cube_d3_k155,32,9,1458,1458,486,0.245,0.097,0.220,0.000,0.113,0.028
cube_d3_k155,32,10,486,486,162,0.087,0.052,0.109,0.000,0.048,0.023
cube_d3_k155,32,11,162,162,54,0.052,0.026,0.052,0.000,0.018,0.015
cube_d3_k155,32,12,54,54,18,0.024,0.010,0.027,0.000,0.010,0.005
cube_d3_k155,32,13,18,18,6,0.016,0.004,0.010,0.000,0.006,0.002
cube_d3_k155,32,14,6,6,2,0.008,0.002,0.007,0.000,0.005,0.001
cube_d3_k155,32,15,2,0,0,0.002,0.001,0.000,,,
cube_d3_k155,64,0,310,22343250,7447750,11.343,11.922,299.079,0.000,156.825,49.660
cube_d3_k155,64,1,7447750,7447750,2379052,143.042,37.319,138.788,0.000,43.587,17.550
cube_d3_k155,64,2,2379052,2379052,1062882,71.743,14.783,44.304,0.000,12.466,7.108
cube_d3_k155,64,3,1062882,1062882,354294,31.669,8.273,22.963,0.000,3.689,8.247
cube_d3_k155,64,4,354294,354294,118098,11.364,2.762,6.850,0.000,1.914,0.987
cube_d3_k155,64,5,118098,118098,39366,3.710,1.027,13.957,0.000,12.267,0.400
cube_d3_k155,64,6,39366,39366,13122,1.312,0.425,5.428,0.000,4.738,0.195
cube_d3_k155,64,7,13122,13122,4374,1.904,0.365,1.604,0.000,1.110,0.215
cube_d3_k155,64,8,4374,4374,1458,0.694,0.215,0.627,0.000,0.385,0.047
cube_d3_k155,64,9,1458,1458,486,0.266,0.094,0.252,0.000,0.123,0.035
cube_d3_k155,64,10,486,486,162,0.122,0.052,0.144,0.000,0.058,0.034
cube_d3_k155,64,11,162,162,54,0.057,0.033,0.069,0.000,0.025,0.019
cube_d3_k155,64,12,54,54,18,0.031,0.012,0.036,0.000,0.012,0.009
cube_d3_k155,64,13,18,18,6,0.020,0.006,0.014,0.000,0.007,0.002
cube_d3_k155,64,14,6,6,2,0.010,0.003,0.009,0.000,0.006,0.001
cube_d3_k155,64,15,2,0,0,0.004,0.002,0.000,,,
cube_d3_k155,64,0,310,22343250,7447750,2.069,3.945,385.317,0.000,123.238,45.968
cube_d3_k155,64,1,7447750,7447750,2379052,152.909,40.439,142.361,0.000,35.125,15.673
cube_d3_k155,64,2,2379052,2379052,1062882,53.891,15.328,39.212,0.000,9.238,6.491
cube_d3_k155,64,3,1062882,1062882,354294,31.099,7.890,16.752,0.000,3.563,2.573
cube_d3_k155,64,4,354294,354294,118098,10.997,2.788,6.564,0.000,1.785,0.987
cube_d3_k155,64,5,118098,118098,39366,3.609,1.112,14.560,0.000,12.862,0.408
cube_d3_k155,64,6,39366,39366,13122,1.310,0.418,5.160,0.000,4.505,0.178
cube_d3_k155,64,7,13122,13122,4374,2.145,0.233,1.406,0.000,1.055,0.101
cube_d3_k155,64,8,4374,4374,1458,0.717,0.209,0.637,0.000,0.384,0.058
cube_d3_k155,64,9,1458,1458,486,0.270,0.093,0.260,0.000,0.122,0.045
cube_d3_k155,64,10,486,486,162,0.122,0.051,0.141,0.000,0.062,0.023
cube_d3_k155,64,11,162,162,54,0.058,0.029,0.074,0.000,0.031,0.016
cube_d3_k155,64,12,54,54,18,0.040,0.019,0.038,0.000,0.012,0.011
cube_d3_k155,64,13,18,18,6,0.022,0.006,0.015,0.000,0.008,0.003
cube_d3_k155,64,14,6,6,2,0.013,0.003,0.009,0.000,0.006,0.001
cube_d3_k155,64,15,2,0,0,0.004,0.001,0.000,,,
cube_d3_k155,64,0,310,22343250,7447750,2.025,3.881,273.721,0.000,131.336,49.121
cube_d3_k155,64,1,7447750,7447750,2379052,149.626,47.076,123.022,0.000,34.284,15.739
cube_d3_k155,64,2,2379052,2379052,1062882,58.134,15.339,47.142,0.000,17.585,6.419
cube_d3_k155,64,3,1062882,1062882,354294,31.188,8.024,16.377,0.000,3.552,2.525
cube_d3_k155,64,4,354294,354294,118098,10.359,2.758,6.162,0.000,1.417,0.980
cube_d3_k155,64,5,118098,118098,39366,3.542,1.001,12.583,0.000,11.017,0.397
cube_d3_k155,64,6,39366,39366,13122,1.237,0.430,4.660,0.000,4.003,0.196
cube_d3_k155,64,7,13122,13122,4374,1.608,0.252,1.408,0.000,1.063,0.102
cube_d3_k155,64,8,4374,4374,1458,0.613,0.190,0.603,0.000,0.363,0.048
cube_d3_k155,64,9,1458,1458,486,0.228,0.094,0.251,0.000,0.117,0.046
cube_d3_k155,64,10,486,486,162,0.104,0.048,0.106,0.000,0.046,0.022
cube_d3_k155,64,11,162,162,54,0.052,0.027,0.056,0.000,0.018,0.016
cube_d3_k155,64,12,54,54,18,0.040,0.010,0.025,0.000,0.007,0.005
cube_d3_k155,64,13,18,18,6,0.019,0.004,0.009,0.000,0.005,0.002
cube_d3_k155,64,14,6,6,2,0.010,0.002,0.006,0.000,0.003,0.001
cube_d3_k155,64,15,2,0,0,0.002,0.001,0.000,,,
cube_d3_k155,64,0,310,22343250,7447750,1.990,3.729,251.658,0.000,120.793,44.674
cube_d3_k155,64,1,7447750,7447750,2379052,147.195,41.360,119.729,0.000,34.128,15.383
cube_d3_k155,64,2,2379052,2379052,1062882,52.707,15.006,38.178,0.000,8.884,6.374
cube_d3_k155,64,3,1062882,1062882,354294,31.166,8.003,15.727,0.000,3.367,2.468
cube_d3_k155,64,4,354294,354294,118098,10.227,2.705,6.123,0.000,1.431,0.995
cube_d3_k155,64,5,118098,118098,39366,3.391,1.110,13.191,0.000,11.569,0.393
cube_d3_k155,64,6,39366,39366,13122,1.162,0.444,5.258,0.000,4.606,0.182
cube_d3_k155,64,7,13122,13122,4374,1.757,0.260,1.488,0.000,1.110,0.101
cube_d3_k155,64,8,4374,4374,1458,0.605,0.198,0.571,0.000,0.342,0.060
cube_d3_k155,64,9,1458,1458,486,0.238,0.093,0.250,0.000,0.119,0.040
cube_d3_k155,64,10,486,486,162,0.121,0.054,0.132,0.000,0.054,0.034
cube_d3_k155,64,11,162,162,54,0.063,0.034,0.061,0.000,0.020,0.018
cube_d3_k155,64,12,54,54,18,0.033,0.011,0.044,0.000,0.009,0.011
cube_d3_k155,64,13,18,18,6,0.017,0.005,0.011,0.000,0.006,0.002
cube_d3_k155,64,14,6,6,2,0.009,0.003,0.007,0.000,0.004,0.001
cube_d3_k155,64,15,2,0,0,0.003,0.001,0.000,,,
cube_d3_k155,64,0,310,22343250,7447750,1.986,3.849,234.254,0.000,105.895,43.409
cube_d3_k155,64,1,7447750,7447750,2379052,143.974,39.574,119.708,0.000,37.393,15.104
cube_d3_k155,64,2,2379052,2379052,1062882,69.765,19.020,37.123,0.000,8.772,6.235
cube_d3_k155,64,3,1062882,1062882,354294,28.800,7.775,19.228,0.000,6.982,2.482
cube_d3_k155,64,4,354294,354294,118098,10.361,2.697,6.364,0.000,1.441,0.953
cube_d3_k155,64,5,118098,118098,39366,3.222,0.970,13.755,0.000,12.243,0.381
cube_d3_k155,64,6,39366,39366,13122,1.143,0.395,5.306,0.000,4.635,0.185
cube_d3_k155,64,7,13122,13122,4374,1.729,0.245,1.470,0.000,1.109,0.120
cube_d3_k155,64,8,4374,4374,1458,0.603,0.193,0.604,0.000,0.357,0.063
cube_d3_k155,64,9,1458,1458,486,0.233,0.095,0.240,0.000,0.106,0.045
cube_d3_k155,64,10,486,486,162,0.122,0.070,0.127,0.000,0.056,0.030
cube_d3_k155,64,11,162,162,54,0.074,0.032,0.073,0.000,0.022,0.023
cube_d3_k155,64,12,54,54,18,0.033,0.011,0.031,0.000,0.009,0.006
cube_d3_k155,64,13,18,18,6,0.016,0.005,0.011,0.000,0.006,0.002
cube_d3_k155,64,14,6,6,2,0.013,0.002,0.006,0.000,0.004,0.001
cube_d3_k155,64,15,2,0,0,0.003,0.001,0.000,,,
cube_d3_k155,64,0,310,22343250,7447750,2.044,3.743,269.179,0.000,122.399,63.699
cube_d3_k155,64,1,7447750,7447750,2379052,143.041,39.701,128.054,0.000,40.290,22.027
cube_d3_k155,64,2,2379052,2379052,1062882,57.820,14.691,36.310,0.000,8.644,6.268
cube_d3_k155,64,3,1062882,1062882,354294,28.096,7.703,15.252,0.000,3.146,2.447
cube_d3_k155,64,4,354294,354294,118098,10.014,3.174,5.885,0.000,1.324,0.981
cube_d3_k155,64,5,118098,118098,39366,3.184,1.103,13.082,0.000,11.550,0.368
cube_d3_k155,64,6,39366,39366,13122,1.128,0.417,5.185,0.000,4.567,0.176
cube_d3_k155,64,7,13122,13122,4374,1.711,0.261,1.429,0.000,1.069,0.100
cube_d3_k155,64,8,4374,4374,1458,0.582,0.192,0.562,0.000,0.304,0.085
cube_d3_k155,64,9,1458,1458,486,0.216,0.112,0.245,0.000,0.114,0.041
cube_d3_k155,64,10,486,486,162,0.119,0.054,0.129,0.000,0.054,0.033
cube_d3_k155,64,11,162,162,54,0.064,0.028,0.059,0.000,0.020,0.015
cube_d3_k155,64,12,54,54,18,0.031,0.011,0.031,0.000,0.009,0.006
cube_d3_k155,64,13,18,18,6,0.017,0.005,0.012,0.000,0.006,0.002
cube_d3_k155,64,14,6,6,2,0.012,0.002,0.007,0.000,0.004,0.001
cube_d3_k155,64,15,2,0,0,0.003,0.001,0.000,,,
cube_d3_k155,128,0,310,22343250,7447750,14.940,10.293,294.917,0.000,197.935,33.669
cube_d3_k155,128,1,7447750,7447750,2379052,86.658,26.962,115.546,0.000,44.138,11.904
cube_d3_k155,128,2,2379052,2379052,1062882,37.481,11.177,35.299,0.000,10.921,5.201
cube_d3_k155,128,3,1062882,1062882,354294,24.032,6.776,14.279,0.000,2.851,2.595
cube_d3_k155,128,4,354294,354294,118098,8.239,2.258,5.837,0.000,1.669,0.786
cube_d3_k155,128,5,118098,118098,39366,2.600,1.048,15.352,0.000,13.065,0.919
cube_d3_k155,128,6,39366,39366,13122,1.357,0.412,5.387,0.000,4.783,0.160
cube_d3_k155,128,7,13122,13122,4374,2.298,0.515,1.721,0.000,1.115,0.322
cube_d3_k155,128,8,4374,4374,1458,0.698,0.205,0.653,0.000,0.396,0.053
cube_d3_k155,128,9,1458,1458,486,0.272,0.101,0.282,0.000,0.144,0.044
cube_d3_k155,128,10,486,486,162,0.161,0.056,0.149,0.000,0.059,0.046
cube_d3_k155,128,11,162,162,54,0.092,0.035,0.085,0.000,0.024,0.025
cube_d3_k155,128,12,54,54,18,0.041,0.024,0.047,0.000,0.013,0.012
cube_d3_k155,128,13,18,18,6,0.019,0.006,0.014,0.000,0.007,0.002
cube_d3_k155,128,14,6,6,2,0.014,0.003,0.009,0.000,0.006,0.001
cube_d3_k155,128,15,2,0,0,0.004,0.001,0.000,,,
cube_d3_k155,128,0,310,22343250,7447750,1.646,3.714,281.525,0.000,128.282,29.715
cube_d3_k155,128,1,7447750,7447750,2379052,89.590,27.622,132.123,0.000,45.088,10.471
cube_d3_k155,128,2,2379052,2379052,1062882,37.062,11.706,39.338,0.000,17.491,5.010
cube_d3_k155,128,3,1062882,1062882,354294,23.655,6.787,13.383,0.000,3.527,1.870
cube_d3_k155,128,4,354294,354294,118098,8.371,2.284,5.481,0.000,1.665,0.799
cube_d3_k155,128,5,118098,118098,39366,2.720,0.870,13.487,0.000,12.111,0.338
cube_d3_k155,128,6,39366,39366,13122,1.092,0.403,5.214,0.000,4.643,0.159
cube_d3_k155,128,7,13122,13122,4374,2.332,0.234,1.429,0.000,1.099,0.099
cube_d3_k155,128,8,4374,4374,1458,0.775,0.211,0.669,0.000,0.411,0.059
cube_d3_k155,128,9,1458,1458,486,0.282,0.098,0.267,0.000,0.124,0.048
cube_d3_k155,128,10,486,486,162,0.138,0.059,0.163,0.000,0.060,0.048
cube_d3_k155,128,11,162,162,54,0.093,0.040,0.088,0.000,0.028,0.020
cube_d3_k155,128,12,54,54,18,0.036,0.013,0.039,0.000,0.013,0.007
cube_d3_k155,128,13,18,18,6,0.019,0.006,0.016,0.000,0.008,0.003
cube_d3_k155,128,14,6,6,2,0.010,0.003,0.010,0.000,0.006,0.001
cube_d3_k155,128,15,2,0,0,0.004,0.001,0.000,,,
cube_d3_k155,128,0,310,22343250,7447750,1.651,3.718,224.625,0.000,119.833,37.490
cube_d3_k155,128,1,7447750,7447750,2379052,97.773,29.247,86.609,0.000,26.494,11.020
cube_d3_k155,128,2,2379052,2379052,1062882,36.916,20.262,28.713,0.000,7.323,4.484
cube_d3_k155,128,3,1062882,1062882,354294,23.901,6.488,13.238,0.000,3.415,1.891
cube_d3_k155,128,4,354294,354294,118098,8.481,2.226,5.084,0.000,1.266,0.877
cube_d3_k155,128,5,118098,118098,39366,2.684,0.866,13.605,0.000,12.257,0.326
cube_d3_k155,128,6,39366,39366,13122,1.058,0.428,5.214,0.000,4.621,0.157
cube_d3_k155,128,7,13122,13122,4374,2.353,0.262,1.482,0.000,1.120,0.103
cube_d3_k155,128,8,4374,4374,1458,0.796,0.215,0.652,0.000,0.396,0.062
cube_d3_k155,128,9,1458,1458,486,0.290,0.099,0.268,0.000,0.123,0.040
cube_d3_k155,128,10,486,486,162,0.137,0.052,0.162,0.000,0.061,0.042
cube_d3_k155,128,11,162,162,54,0.080,0.034,0.088,0.000,0.035,0.021
cube_d3_k155,128,12,54,54,18,0.039,0.013,0.039,0.000,0.013,0.011
cube_d3_k155,128,13,18,18,6,0.019,0.005,0.015,0.000,0.008,0.002
cube_d3_k155,128,14,6,6,2,0.014,0.003,0.010,0.000,0.006,0.001
cube_d3_k155,128,15,2,0,0,0.004,0.002,0.000,,,
cube_d3_k155,128,0,310,22343250,7447750,1.623,3.825,220.380,0.000,121.987,30.262
cube_d3_k155,128,1,7447750,7447750,2379052,94.789,28.692,83.771,0.000,24.512,10.606
cube_d3_k155,128,2,2379052,2379052,1062882,37.811,11.748,28.614,0.000,6.977,4.535
cube_d3_k155,128,3,1062882,1062882,354294,23.720,6.498,12.658,0.000,2.780,1.888
cube_d3_k155,128,4,354294,354294,118098,8.652,2.264,5.106,0.000,1.213,0.932
cube_d3_k155,128,5,118098,118098,39366,2.697,0.894,14.479,0.000,12.982,0.338
cube_d3_k155,128,6,39366,39366,13122,1.111,0.401,4.971,0.000,4.402,0.153
cube_d3_k155,128,7,13122,13122,4374,2.295,0.247,1.456,0.000,1.119,0.106
cube_d3_k155,128,8,4374,4374,1458,0.771,0.208,0.652,0.000,0.397,0.062
cube_d3_k155,128,9,1458,1458,486,0.282,0.104,0.269,0.000,0.132,0.044
cube_d3_k155,128,10,486,486,162,0.152,0.062,0.160,0.000,0.060,0.050
cube_d3_k155,128,11,162,162,54,0.075,0.034,0.090,0.000,0.026,0.025
cube_d3_k155,128,12,54,54,18,0.033,0.012,0.044,0.000,0.014,0.013
cube_d3_k155,128,13,18,18,6,0.026,0.006,0.015,0.000,0.008,0.003
cube_d3_k155,128,14,6,6,2,0.009,0.003,0.009,0.000,0.006,0.001
cube_d3_k155,128,15,2,0,0,0.004,0.001,0.000,,,
cube_d3_k155,128,0,310,22343250,7447750,1.602,3.709,228.022,0.000,134.518,30.321
cube_d3_k155,128,1,7447750,7447750,2379052,95.652,29.040,88.487,0.000,25.585,10.649
cube_d3_k155,128,2,2379052,2379052,1062882,40.553,16.029,31.264,0.000,7.955,4.548
cube_d3_k155,128,3,1062882,1062882,354294,25.612,8.454,20.486,0.000,10.287,1.894
cube_d3_k155,128,4,354294,354294,118098,8.425,5.021,7.473,0.000,3.533,0.758
cube_d3_k155,128,5,118098,118098,39366,2.762,0.862,14.738,0.000,13.349,0.342
cube_d3_k155,128,6,39366,39366,13122,1.078,0.400,5.107,0.000,4.523,0.160
cube_d3_k155,128,7,13122,13122,4374,2.358,0.260,1.416,0.000,1.076,0.101
cube_d3_k155,128,8,4374,4374,1458,0.778,0.213,0.644,0.000,0.392,0.055
cube_d3_k155,128,9,1458,1458,486,0.270,0.096,0.269,0.000,0.122,0.035
cube_d3_k155,128,10,486,486,162,0.156,0.053,0.168,0.000,0.061,0.057
cube_d3_k155,128,11,162,162,54,0.086,0.032,0.081,0.000,0.025,0.022
cube_d3_k155,128,12,54,54,18,0.036,0.019,0.043,0.000,0.014,0.008
cube_d3_k155,128,13,18,18,6,0.031,0.006,0.015,0.000,0.008,0.003
cube_d3_k155,128,14,6,6,2,0.022,0.003,0.009,0.000,0.006,0.001
cube_d3_k155,128,15,2,0,0,0.004,0.001,0.000,,,
cube_d3_k155,128,0,310,22343250,7447750,1.845,3.728,219.248,0.000,121.821,33.699
cube_d3_k155,128,1,7447750,7447750,2379052,95.016,32.606,102.224,0.000,35.911,18.473
cube_d3_k155,128,2,2379052,2379052,1062882,43.486,11.823,28.374,0.000,7.092,4.533
cube_d3_k155,128,3,1062882,1062882,354294,23.986,6.974,12.776,0.000,2.883,1.904
cube_d3_k155,128,4,354294,354294,118098,8.277,2.276,5.603,0.000,1.242,1.509
cube_d3_k155,128,5,118098,118098,39366,2.639,0.892,15.103,0.000,13.705,0.333
cube_d3_k155,128,6,39366,39366,13122,1.065,0.441,5.348,0.000,4.768,0.161
cube_d3_k155,128,7,13122,13122,4374,2.324,0.265,1.462,0.000,1.134,0.097
cube_d3_k155,128,8,4374,4374,1458,1.693,0.216,0.598,0.000,0.353,0.053
cube_d3_k155,128,9,1458,1458,486,0.287,0.100,0.283,0.000,0.143,0.042
cube_d3_k155,128,10,486,486,162,0.155,0.058,0.134,0.000,0.053,0.027
cube_d3_k155,128,11,162,162,54,0.089,0.034,0.087,0.000,0.032,0.019
cube_d3_k155,128,12,54,54,18,0.044,0.018,0.053,0.000,0.015,0.013
cube_d3_k155,128,13,18,18,6,0.022,0.006,0.016,0.000,0.008,0.003
cube_d3_k155,128,14,6,6,2,0.014,0.003,0.010,0.000,0.006,0.001
cube_d3_k155,128,15,2,0,0,0.004,0.001,0.000,,,
cube_d3_k155,144,0,310,22343250,7447750,14.422,9.669,300.614,0.000,205.008,30.382
cube_d3_k155,144,1,7447750,7447750,2379052,80.619,25.479,111.849,0.000,44.959,11.183
cube_d3_k155,144,2,2379052,2379052,1062882,58.158,10.802,34.679,0.000,12.290,4.691
cube_d3_k155,144,3,1062882,1062882,354294,36.772,6.506,13.502,0.000,3.019,2.388
cube_d3_k155,144,4,354294,354294,118098,8.338,2.342,5.688,0.000,1.779,0.795
cube_d3_k155,144,5,118098,118098,39366,2.595,0.872,14.495,0.000,13.079,0.319
cube_d3_k155,144,6,39366,39366,13122,1.172,0.440,5.361,0.000,4.761,0.163
cube_d3_k155,144,7,13122,13122,4374,2.157,0.491,1.742,0.000,1.125,0.369
cube_d3_k155,144,8,4374,4374,1458,0.709,0.205,0.632,0.000,0.383,0.055
cube_d3_k155,144,9,1458,1458,486,0.276,0.098,0.259,0.000,0.122,0.043
cube_d3_k155,144,10,486,486,162,0.119,0.052,0.166,0.000,0.059,0.049
cube_d3_k155,144,11,162,162,54,0.112,0.045,0.118,0.000,0.031,0.033
cube_d3_k155,144,12,54,54,18,0.040,0.019,0.050,0.000,0.013,0.014
cube_d3_k155,144,13,18,18,6,0.031,0.006,0.016,0.000,0.008,0.003
cube_d3_k155,144,14,6,6,2,0.020,0.003,0.010,0.000,0.007,0.001
cube_d3_k155,144,15,2,0,0,0.004,0.002,0.000,,,
cube_d3_k155,144,0,310,22343250,7447750,3.376,3.690,250.988,0.000,142.982,27.682
cube_d3_k155,144,1,7447750,7447750,2379052,116.705,26.692,114.424,0.000,27.687,9.815
cube_d3_k155,144,2,2379052,2379052,1062882,55.025,11.067,40.117,0.000,18.070,4.324
cube_d3_k155,144,3,1062882,1062882,354294,23.925,6.353,12.226,0.000,2.860,1.731
cube_d3_k155,144,4,354294,354294,118098,8.360,2.249,5.435,0.000,1.621,0.731
cube_d3_k155,144,5,118098,118098,39366,2.618,0.832,14.574,0.000,13.276,0.318
cube_d3_k155,144,6,39366,39366,13122,1.021,0.405,5.240,0.000,4.634,0.158
cube_d3_k155,144,7,13122,13122,4374,2.413,0.251,1.387,0.000,1.057,0.093
cube_d3_k155,144,8,4374,4374,1458,0.759,0.208,0.619,0.000,0.371,0.055
cube_d3_k155,144,9,1458,1458,486,0.292,0.103,0.282,0.000,0.121,0.050
cube_d3_k155,144,10,486,486,162,0.163,0.070,0.169,0.000,0.060,0.046
cube_d3_k155,144,11,162,162,54,0.085,0.035,0.104,0.000,0.029,0.024
cube_d3_k155,144,12,54,54,18,0.035,0.020,0.034,0.000,0.012,0.008
cube_d3_k155,144,13,18,18,6,0.022,0.006,0.016,0.000,0.008,0.003
cube_d3_k155,144,14,6,6,2,0.015,0.003,0.010,0.000,0.007,0.001
cube_d3_k155,144,15,2,0,0,0.004,0.002,0.000,,,
cube_d3_k155,144,0,310,22343250,7447750,1.608,3.675,227.980,0.000,143.590,26.722
cube_d3_k155,144,1,7447750,7447750,2379052,91.523,27.786,83.101,0.000,25.754,10.200
cube_d3_k155,144,2,2379052,2379052,1062882,36.238,11.284,27.131,0.000,6.940,4.183
cube_d3_k155,144,3,1062882,1062882,354294,22.976,6.448,12.021,0.000,2.769,1.739
cube_d3_k155,144,4,354294,354294,118098,8.528,2.200,4.823,0.000,1.244,0.744
cube_d3_k155,144,5,118098,118098,39366,2.517,0.831,13.931,0.000,12.591,0.316
cube_d3_k155,144,6,39366,39366,13122,1.082,0.399,5.110,0.001,4.557,0.149
cube_d3_k155,144,7,13122,13122,4374,2.396,0.253,1.378,0.000,1.057,0.089
cube_d3_k155,144,8,4374,4374,1458,0.790,0.219,0.633,0.000,0.377,0.062
cube_d3_k155,144,9,1458,1458,486,0.276,0.101,0.276,0.000,0.137,0.038
cube_d3_k155,144,10,486,486,162,0.146,0.052,0.147,0.000,0.059,0.038
cube_d3_k155,144,11,162,162,54,0.094,0.044,0.118,0.000,0.030,0.032
cube_d3_k155,144,12,54,54,18,0.040,0.020,0.044,0.000,0.015,0.010
cube_d3_k155,144,13,18,18,6,0.025,0.006,0.015,0.000,0.009,0.003
cube_d3_k155,144,14,6,6,2,0.014,0.003,0.010,0.000,0.006,0.001
cube_d3_k155,144,15,2,0,0,0.004,0.002,0.000,,,
cube_d3_k155,144,0,310,22343250,7447750,1.564,3.778,212.655,0.000,124.476,27.962
cube_d3_k155,144,1,7447750,7447750,2379052,90.801,32.497,108.123,0.000,45.652,10.020
cube_d3_k155,144,2,2379052,2379052,1062882,46.238,11.602,33.461,0.000,6.981,10.497
cube_d3_k155,144,3,1062882,1062882,354294,25.296,8.112,15.313,0.000,5.687,1.779
cube_d3_k155,144,4,354294,354294,118098,8.026,4.997,5.555,0.000,1.955,0.741
cube_d3_k155,144,5,118098,118098,39366,2.546,0.839,13.942,0.000,12.468,0.306
cube_d3_k155,144,6,39366,39366,13122,1.053,0.388,5.152,0.000,4.581,0.158
cube_d3_k155,144,7,13122,13122,4374,2.362,0.247,1.445,0.000,1.094,0.125
cube_d3_k155,144,8,4374,4374,1458,0.776,0.215,0.635,0.000,0.390,0.054
cube_d3_k155,144,9,1458,1458,486,0.289,0.095,0.295,0.000,0.145,0.043
cube_d3_k155,144,10,486,486,162,0.138,0.067,0.148,0.000,0.056,0.028
cube_d3_k155,144,11,162,162,54,0.084,0.053,0.118,0.000,0.032,0.033
cube_d3_k155,144,12,54,54,18,0.044,0.019,0.048,0.000,0.012,0.011
cube_d3_k155,144,13,18,18,6,0.025,0.006,0.016,0.000,0.008,0.003
cube_d3_k155,144,14,6,6,2,0.012,0.003,0.010,0.000,0.007,0.001
cube_d3_k155,144,15,2,0,0,0.004,0.002,0.000,,,
cube_d3_k155,144,0,310,22343250,7447750,1.797,3.652,200.651,0.000,114.409,27.136
cube_d3_k155,144,1,7447750,7447750,2379052,90.312,27.695,93.343,0.000,34.484,10.066
cube_d3_k155,144,2,2379052,2379052,1062882,40.398,11.125,38.922,0.000,11.280,4.304
cube_d3_k155,144,3,1062882,1062882,354294,22.280,13.675,12.204,0.000,2.872,1.766
cube_d3_k155,144,4,354294,354294,118098,8.195,2.180,4.994,0.000,1.240,0.707
cube_d3_k155,144,5,118098,118098,39366,2.530,0.802,14.157,0.000,12.734,0.289
cube_d3_k155,144,6,39366,39366,13122,0.966,0.415,4.734,0.000,4.203,0.146
cube_d3_k155,144,7,13122,13122,4374,2.387,0.236,1.486,0.000,1.146,0.098
cube_d3_k155,144,8,4374,4374,1458,0.785,0.212,0.625,0.000,0.385,0.050
cube_d3_k155,144,9,1458,1458,486,0.284,0.098,0.343,0.000,0.126,0.114
cube_d3_k155,144,10,486,486,162,0.146,0.054,0.154,0.000,0.059,0.050
cube_d3_k155,144,11,162,162,54,0.077,0.061,0.085,0.000,0.028,0.024
cube_d3_k155,144,12,54,54,18,0.043,0.016,0.044,0.000,0.013,0.014
cube_d3_k155,144,13,18,18,6,0.021,0.006,0.017,0.000,0.009,0.003
cube_d3_k155,144,14,6,6,2,0.011,0.003,0.010,0.000,0.007,0.001
cube_d3_k155,144,15,2,0,0,0.004,0.002,0.000,,,
cube_d3_k155,144,0,310,22343250,7447750,1.621,3.531,210.449,0.000,117.976,29.799
cube_d3_k155,144,1,7447750,7447750,2379052,95.035,30.929,86.746,0.000,28.503,12.125
cube_d3_k155,144,2,2379052,2379052,1062882,36.313,11.257,29.381,0.000,7.854,4.230
cube_d3_k155,144,3,1062882,1062882,354294,23.443,6.539,17.586,0.000,2.762,7.460
cube_d3_k155,144,4,354294,354294,118098,8.212,2.232,4.861,0.000,1.217,0.823
cube_d3_k155,144,5,118098,118098,39366,2.586,1.075,13.936,0.000,12.694,0.304
cube_d3_k155,144,6,39366,39366,13122,1.034,0.409,5.133,0.000,4.601,0.153
cube_d3_k155,144,7,13122,13122,4374,2.390,0.245,1.413,0.000,1.074,0.101
cube_d3_k155,144,8,4374,4374,1458,0.791,0.219,0.600,0.000,0.356,0.058
cube_d3_k155,144,9,1458,1458,486,0.333,0.107,0.284,0.000,0.135,0.039
cube_d3_k155,144,10,486,486,162,0.159,0.054,0.189,0.000,0.071,0.060
cube_d3_k155,144,11,162,162,54,0.089,0.031,0.095,0.000,0.027,0.029
cube_d3_k155,144,12,54,54,18,0.045,0.012,0.041,0.000,0.012,0.011
cube_d3_k155,144,13,18,18,6,0.023,0.006,0.016,0.000,0.009,0.003
cube_d3_k155,144,14,6,6,2,0.015,0.003,0.010,0.000,0.006,0.001
cube_d3_k155,144,15,2,0,0,0.004,0.002,0.000,,,
cube_d4_k5,1,0,10,750,250,0.654,0.010,0.417,0.000,0.164,0.120
cube_d4_k5,1,1,250,250,124,0.290,0.046,0.161,0.000,0.062,0.050
cube_d4_k5,1,2,124,124,32,0.128,0.022,0.075,0.000,0.028,0.028
cube_d4_k5,1,3,32,32,8,0.013,0.003,0.010,0.000,0.005,0.002
cube_d4_k5,1,4,8,8,2,0.004,0.002,0.005,0.000,0.003,0.001
cube_d4_k5,1,5,2,0,0,0.002,0.001,0.000,,,
cube_d4_k5,1,0,10,750,250,0.007,0.003,0.120,0.000,0.048,0.030
cube_d4_k5,1,1,250,250,124,0.092,0.016,0.055,0.000,0.022,0.015
cube_d4_k5,1,2,124,124,32,0.044,0.008,0.025,0.000,0.010,0.006
cube_d4_k5,1,3,32,32,8,0.013,0.003,0.010,0.000,0.005,0.002
cube_d4_k5,1,4,8,8,2,0.004,0.001,0.005,0.000,0.003,0.001
cube_d4_k5,1,5,2,0,0,0.002,0.001,0.000,,,
cube_d4_k5,1,0,10,750,250,0.007,0.002,0.119,0.000,0.048,0.030
cube_d4_k5,1,1,250,250,124,0.087,0.016,0.054,0.000,0.022,0.015
cube_d4_k5,1,2,124,124,32,0.044,0.008,0.026,0.000,0.011,0.006
cube_d4_k5,1,3,32,32,8,0.012,0.003,0.010,0.000,0.005,0.002
cube_d4_k5,1,4,8,8,2,0.004,0.002,0.005,0.000,0.003,0.001
cube_d4_k5,1,5,2,0,0,0.002,0.001,0.000,,,
cube_d4_k5,1,0,10,750,250,0.006,0.002,0.119,0.000,0.047,0.030
cube_d4_k5,1,1,250,250,124,0.087,0.015,0.054,0.000,0.022,0.015
cube_d4_k5,1,2,124,124,32,0.044,0.008,0.026,0.000,0.010,0.005
cube_d4_k5,1,3,32,32,8,0.012,0.003,0.010,0.000,0.005,0.002
cube_d4_k5,1,4,8,8,2,0.004,0.001,0.005,0.000,0.003,0.001
cube_d4_k5,1,5,2,0,0,0.002,0.001,0.000,,,
cube_d4_k5,1,0,10,750,250,0.007,0.003,0.119,0.000,0.048,0.030
cube_d4_k5,1,1,250,250,124,0.092,0.015,0.054,0.000,0.022,0.015
cube_d4_k5,1,2,124,124,32,0.044,0.008,0.025,0.000,0.010,0.005
cube_d4_k5,1,3,32,32,8,0.013,0.003,0.009,0.000,0.004,0.002
cube_d4_k5,1,4,8,8,2,0.004,0.001,0.005,0.000,0.003,0.001
cube_d4_k5,1,5,2,0,0,0.002,0.001,0.000,,,
cube_d4_k5,1,0,10,750,250,0.006,0.002,0.119,0.000,0.047,0.030
cube_d4_k5,1,1,250,250,124,0.092,0.015,0.054,0.000,0.022,0.015
cube_d4_k5,1,2,124,124,32,0.044,0.008,0.025,0.000,0.010,0.005
cube_d4_k5,1,3,32,32,8,0.013,0.003,0.009,0.000,0.005,0.002
cube_d4_k5,1,4,8,8,2,0.004,0.002,0.005,0.000,0.003,0.001
cube_d4_k5,1,5,2,0,0,0.002,0.001,0.000,,,
cube_d4_k5,2,0,10,750,250,0.655,0.007,0.349,0.000,0.152,0.106
cube_d4_k5,2,1,250,250,124,0.182,0.047,0.148,0.000,0.065,0.035
cube_d4_k5,2,2,124,124,32,0.080,0.024,0.357,0.000,0.311,0.008
cube_d4_k5,2,3,32,32,8,0.038,0.004,0.012,0.000,0.006,0.002
cube_d4_k5,2,4,8,8,2,0.005,0.002,0.006,0.000,0.004,0.001
cube_d4_k5,2,5,2,0,0,0.002,0.001,0.000,,,
cube_d4_k5,2,0,10,750,250,0.305,0.004,0.131,0.000,0.052,0.034
cube_d4_k5,2,1,250,250,124,0.122,0.018,0.063,0.000,0.024,0.019
cube_d4_k5,2,2,124,124,32,0.056,0.009,0.029,0.000,0.012,0.006
cube_d4_k5,2,3,32,32,8,0.014,0.003,0.011,0.000,0.005,0.002
cube_d4_k5,2,4,8,8,2,0.004,0.002,0.006,0.000,0.003,0.001
cube_d4_k5,2,5,2,0,0,0.002,0.001,0.000,,,
cube_d4_k5,2,0,10,750,250,0.007,0.003,0.133,0.000,0.051,0.036
cube_d4_k5,2,1,250,250,124,0.110,0.019,0.058,0.000,0.023,0.016
cube_d4_k5,2,2,124,124,32,0.054,0.009,0.028,0.000,0.012,0.006
cube_d4_k5,2,3,32,32,8,0.014,0.003,0.010,0.000,0.005,0.002
cube_d4_k5,2,4,8,8,2,0.005,0.002,0.005,0.000,0.003,0.001
cube_d4_k5,2,5,2,0,0,0.002,0.001,0.000,,,
cube_d4_k5,2,0,10,750,250,0.008,0.003,0.132,0.000,0.052,0.038
cube_d4_k5,2,1,250,250,124,0.107,0.019,0.063,0.000,0.024,0.020
cube_d4_k5,2,2,124,124,32,0.057,0.009,0.029,0.000,0.012,0.006
cube_d4_k5,2,3,32,32,8,0.014,0.003,0.010,0.000,0.005,0.002
cube_d4_k5,2,4,8,8,2,0.004,0.002,0.006,0.000,0.004,0.001
cube_d4_k5,2,5,2,0,0,0.002,0.001,0.000,,,
cube_d4_k5,2,0,10,750,250,0.008,0.003,0.130,0.000,0.053,0.036
cube_d4_k5,2,1,250,250,124,0.096,0.017,0.062,0.000,0.024,0.019
cube_d4_k5,2,2,124,124,32,0.056,0.009,0.028,0.000,0.012,0.006
cube_d4_k5,2,3,32,32,8,0.015,0.003,0.010,0.000,0.005,0.002
cube_d4_k5,2,4,8,8,2,0.004,0.002,0.005,0.000,0.003,0.001
cube_d4_k5,2,5,2,0,0,0.002,0.001,0.000,,,
cube_d4_k5,2,0,10,750,250,0.008,0.003,0.158,0.000,0.053,0.062
cube_d4_k5,2,1,250,250,124,0.100,0.017,0.067,0.000,0.025,0.022
cube_d4_k5,2,2,124,124,32,0.058,0.009,0.029,0.000,0.012,0.006
cube_d4_k5,2,3,32,32,8,0.033,0.004,0.011,0.000,0.005,0.002
cube_d4_k5,2,4,8,8,2,0.005,0.002,0.005,0.000,0.003,0.001
cube_d4_k5,2,5,2,0,0,0.002,0.001,0.000,,,
cube_d4_k5,4,0,10,750,250,0.667,0.007,0.659,0.000,0.469,0.076
cube_d4_k5,4,1,250,250,124,0.118,0.020,0.068,0.000,0.026,0.020
cube_d4_k5,4,2,124,124,32,0.055,0.010,0.381,0.000,0.358,0.010
cube_d4_k5,4,3,32,32,8,0.037,0.004,0.013,0.000,0.007,0.002
cube_d4_k5,4,4,8,8,2,0.008,0.002,0.006,0.000,0.004,0.001
cube_d4_k5,4,5,2,0,0,0.002,0.001,0.000,,,
cube_d4_k5,4,0,10,750,250,0.339,0.004,0.157,0.000,0.063,0.042
cube_d4_k5,4,1,250,250,124,0.095,0.019,0.067,0.000,0.025,0.020
cube_d4_k5,4,2,124,124,32,0.055,0.010,0.416,0.000,0.395,0.009
cube_d4_k5,4,3,32,32,8,0.018,0.005,0.013,0.000,0.007,0.002
cube_d4_k5,4,4,8,8,2,0.007,0.003,0.006,0.000,0.004,0.001
cube_d4_k5,4,5,2,0,0,0.002,0.001,0.000,,,
cube_d4_k5,4,0,10,750,250,0.356,0.004,0.146,0.000,0.059,0.039
cube_d4_k5,4,1,250,250,124,0.084,0.019,0.065,0.000,0.025,0.017
cube_d4_k5,4,2,124,124,32,0.054,0.010,0.030,0.000,0.013,0.007
cube_d4_k5,4,3,32,32,8,0.017,0.004,0.011,0.000,0.005,0.002
cube_d4_k5,4,4,8,8,2,0.006,0.002,0.006,0.000,0.004,0.001
cube_d4_k5,4,5,2,0,0,0.002,0.001,0.000,,,
cube_d4_k5,4,0,10,750,250,0.275,0.004,0.132,0.000,0.059,0.030
cube_d4_k5,4,1,250,250,124,0.074,0.026,0.062,0.000,0.026,0.018
cube_d4_k5,4,2,124,124,32,0.040,0.010,0.031,0.000,0.013,0.007
cube_d4_k5,4,3,32,32,8,0.018,0.004,0.011,0.000,0.006,0.002
cube_d4_k5,4,4,8,8,2,0.005,0.002,0.006,0.000,0.004,0.001
cube_d4_k5,4,5,2,0,0,0.002,0.001,0.000,,,
cube_d4_k5,4,0,10,750,250,0.008,0.003,0.129,0.000,0.058,0.029
cube_d4_k5,4,1,250,250,124,0.074,0.024,0.062,0.000,0.026,0.018
cube_d4_k5,4,2,124,124,32,0.038,0.010,0.030,0.000,0.012,0.006
cube_d4_k5,4,3,32,32,8,0.017,0.004,0.011,0.000,0.006,0.002
cube_d4_k5,4,4,8,8,2,0.005,0.002,0.006,0.000,0.004,0.001
cube_d4_k5,4,5,2,0,0,0.002,0.001,0.000,,,
cube_d4_k5,4,0,10,750,250,0.007,0.003,0.129,0.000,0.048,0.030
cube_d4_k5,4,1,250,250,124,0.075,0.018,0.063,0.000,0.025,0.016
cube_d4_k5,4,2,124,124,32,0.056,0.010,0.030,0.000,0.012,0.007
cube_d4_k5,4,3,32,32,8,0.017,0.004,0.011,0.000,0.005,0.002
cube_d4_k5,4,4,8,8,2,0.005,0.002,0.006,0.000,0.004,0.001
cube_d4_k5,4,5,2,0,0,0.002,0.001,0.000,,,
cube_d4_k5,8,0,10,750,250,0.761,0.005,0.488,0.000,0.390,0.048
cube_d4_k5,8,1,250,250,124,0.085,0.022,0.390,0.000,0.343,0.021
cube_d4_k5,8,2,124,124,32,0.036,0.011,0.355,0.000,0.331,0.010
cube_d4_k5,8,3,32,32,8,0.016,0.005,0.013,0.000,0.007,0.003
cube_d4_k5,8,4,8,8,2,0.006,0.002,0.006,0.000,0.004,0.001
cube_d4_k5,8,5,2,0,0,0.002,0.001,0.000,,,
cube_d4_k5,8,0,10,750,250,0.323,0.005,0.130,0.000,0.053,0.030
cube_d4_k5,8,1,250,250,124,0.090,0.021,0.071,0.000,0.027,0.020
cube_d4_k5,8,2,124,124,32,0.033,0.012,0.352,0.000,0.327,0.011
cube_d4_k5,8,3,32,32,8,0.015,0.005,0.013,0.000,0.007,0.002
cube_d4_k5,8,4,8,8,2,0.007,0.002,0.006,0.000,0.004,0.001
cube_d4_k5,8,5,2,0,0,0.002,0.001,0.000,,,
cube_d4_k5,8,0,10,750,250,0.248,0.004,0.133,0.000,0.053,0.033
cube_d4_k5,8,1,250,250,124,0.067,0.020,0.068,0.000,0.026,0.019
cube_d4_k5,8,2,124,124,32,0.050,0.011,0.033,0.000,0.014,0.007
cube_d4_k5,8,3,32,32,8,0.016,0.005,0.012,0.000,0.006,0.002
cube_d4_k5,8,4,8,8,2,0.005,0.002,0.006,0.000,0.004,0.001
cube_d4_k5,8,5,2,0,0,0.002,0.001,0.000,,,
cube_d4_k5,8,0,10,750,250,0.008,0.004,0.122,0.000,0.052,0.031
cube_d4_k5,8,1,250,250,124,0.073,0.025,0.061,0.000,0.022,0.017
cube_d4_k5,8,2,124,124,32,0.051,0.010,0.202,0.000,0.180,0.009
cube_d4_k5,8,3,32,32,8,0.017,0.004,0.013,0.000,0.007,0.002
cube_d4_k5,8,4,8,8,2,0.005,0.002,0.006,0.000,0.004,0.001
cube_d4_k5,8,5,2,0,0,0.002,0.001,0.000,,,
cube_d4_k5,8,0,10,750,250,0.008,0.004,0.126,0.000,0.059,0.030
cube_d4_k5,8,1,250,250,124,0.068,0.028,0.060,0.000,0.022,0.017
cube_d4_k5,8,2,124,124,32,0.051,0.010,0.033,0.000,0.014,0.008
cube_d4_k5,8,3,32,32,8,0.016,0.004,0.012,0.000,0.006,0.002
cube_d4_k5,8,4,8,8,2,0.005,0.002,0.006,0.000,0.004,0.001
cube_d4_k5,8,5,2,0,0,0.002,0.001,0.000,,,
cube_d4_k5,8,0,10,750,250,0.248,0.004,0.127,0.000,0.052,0.028
cube_d4_k5,8,1,250,250,124,0.068,0.024,0.062,0.000,0.023,0.017
cube_d4_k5,8,2,124,124,32,0.038,0.011,0.272,0.000,0.252,0.009
cube_d4_k5,8,3,32,32,8,0.018,0.005,0.013,0.000,0.006,0.003
cube_d4_k5,8,4,8,8,2,0.005,0.002,0.006,0.000,0.004,0.001
cube_d4_k5,8,5,2,0,0,0.002,0.001,0.000,,,
cube_d4_k5,16,0,10,750,250,0.756,0.005,0.464,0.000,0.384,0.040
cube_d4_k5,16,1,250,250,124,0.395,0.027,0.375,0.000,0.336,0.015
cube_d4_k5,16,2,124,124,32,0.028,0.012,0.245,0.000,0.222,0.009
cube_d4_k5,16,3,32,32,8,0.013,0.005,0.013,0.000,0.007,0.002
cube_d4_k5,16,4,8,8,2,0.006,0.002,0.006,0.000,0.004,0.001
cube_d4_k5,16,5,2,0,0,0.002,0.001,0.000,,,
cube_d4_k5,16,0,10,750,250,0.333,0.004,0.113,0.000,0.051,0.023
cube_d4_k5,16,1,250,250,124,0.046,0.026,0.060,0.000,0.024,0.015
cube_d4_k5,16,2,124,124,32,0.039,0.011,0.244,0.000,0.223,0.008
cube_d4_k5,16,3,32,32,8,0.013,0.005,0.013,0.000,0.006,0.002
cube_d4_k5,16,4,8,8,2,0.005,0.002,0.006,0.000,0.004,0.001
cube_d4_k5,16,5,2,0,0,0.002,0.001,0.000,,,
cube_d4_k5,16,0,10,750,250,0.219,0.004,0.109,0.000,0.052,0.020
cube_d4_k5,16,1,250,250,124,0.049,0.026,0.057,0.000,0.023,0.014
cube_d4_k5,16,2,124,124,32,0.027,0.011,0.243,0.000,0.223,0.007
cube_d4_k5,16,3,32,32,8,0.012,0.005,0.013,0.000,0.007,0.003
cube_d4_k5,16,4,8,8,2,0.006,0.002,0.006,0.000,0.004,0.001
cube_d4_k5,16,5,2,0,0,0.002,0.001,0.000,,,
cube_d4_k5,16,0,10,750,250,0.230,0.004,0.104,0.000,0.047,0.020
cube_d4_k5,16,1,250,250,124,0.051,0.025,0.056,0.000,0.022,0.013
cube_d4_k5,16,2,124,124,32,0.023,0.012,0.168,0.000,0.147,0.008
cube_d4_k5,16,3,32,32,8,0.016,0.005,0.013,0.000,0.006,0.002
cube_d4_k5,16,4,8,8,2,0.006,0.002,0.006,0.000,0.004,0.001
cube_d4_k5,16,5,2,0,0,0.002,0.001,0.000,,,
cube_d4_k5,16,0,10,750,250,0.218,0.004,0.105,0.000,0.048,0.020
cube_d4_k5,16,1,250,250,124,0.049,0.025,0.057,0.000,0.021,0.013
cube_d4_k5,16,2,124,124,32,0.024,0.011,0.244,0.000,0.224,0.008
cube_d4_k5,16,3,32,32,8,0.013,0.005,0.012,0.000,0.006,0.002
cube_d4_k5,16,4,8,8,2,0.005,0.002,0.006,0.000,0.004,0.001
cube_d4_k5,16,5,2,0,0,0.002,0.001,0.000,,,
cube_d4_k5,16,0,10,750,250,0.008,0.003,0.100,0.000,0.047,0.020
cube_d4_k5,16,1,250,250,124,0.053,0.023,0.055,0.000,0.023,0.013
cube_d4_k5,16,2,124,124,32,0.024,0.011,0.031,0.000,0.014,0.008
cube_d4_k5,16,3,32,32,8,0.013,0.004,0.012,0.000,0.006,0.002
cube_d4_k5,16,4,8,8,2,0.005,0.002,0.006,0.000,0.004,0.001
cube_d4_k5,16,5,2,0,0,0.002,0.001,0.000,,,
cube_d4_k5,32,0,10,750,250,0.792,0.005,0.611,0.000,0.299,0.272
cube_d4_k5,32,1,250,250,124,0.303,0.026,0.289,0.000,0.253,0.014
cube_d4_k5,32,2,124,124,32,0.022,0.012,0.216,0.000,0.195,0.009
cube_d4_k5,32,3,32,32,8,0.011,0.005,0.012,0.000,0.006,0.002
cube_d4_k5,32,4,8,8,2,0.006,0.002,0.006,0.000,0.004,0.001
cube_d4_k5,32,5,2,0,0,0.002,0.001,0.000,,,
cube_d4_k5,32,0,10,750,250,0.235,0.004,0.332,0.000,0.276,0.020
cube_d4_k5,32,1,250,250,124,0.036,0.026,0.056,0.000,0.024,0.013
cube_d4_k5,32,2,124,124,32,0.025,0.012,0.245,0.000,0.224,0.009
cube_d4_k5,32,3,32,32,8,0.012,0.005,0.012,0.000,0.006,0.002
cube_d4_k5,32,4,8,8,2,0.006,0.002,0.006,0.000,0.004,0.001
cube_d4_k5,32,5,2,0,0,0.002,0.001,0.000,,,
cube_d4_k5,32,0,10,750,250,0.241,0.004,0.313,0.000,0.258,0.019
cube_d4_k5,32,1,250,250,124,0.034,0.027,0.057,0.000,0.024,0.013
cube_d4_k5,32,2,124,124,32,0.022,0.012,0.250,0.000,0.228,0.009
cube_d4_k5,32,3,32,32,8,0.011,0.005,0.012,0.000,0.006,0.002
cube_d4_k5,32,4,8,8,2,0.006,0.002,0.006,0.000,0.004,0.001
cube_d4_k5,32,5,2,0,0,0.002,0.001,0.000,,,
cube_d4_k5,32,0,10,750,250,0.229,0.004,0.102,0.000,0.047,0.019
cube_d4_k5,32,1,250,250,124,0.037,0.025,0.055,0.000,0.023,0.013
cube_d4_k5,32,2,124,124,32,0.023,0.012,0.262,0.000,0.241,0.009
cube_d4_k5,32,3,32,32,8,0.011,0.005,0.012,0.000,0.006,0.002
cube_d4_k5,32,4,8,8,2,0.006,0.002,0.006,0.000,0.004,0.001
cube_d4_k5,32,5,2,0,0,0.002,0.001,0.000,,,
cube_d4_k5,32,0,10,750,250,0.297,0.004,0.336,0.000,0.282,0.020
cube_d4_k5,32,1,250,250,124,0.037,0.026,0.058,0.000,0.024,0.014
cube_d4_k5,32,2,124,124,32,0.032,0.012,0.245,0.000,0.224,0.009
cube_d4_k5,32,3,32,32,8,0.012,0.005,0.012,0.000,0.006,0.002
cube_d4_k5,32,4,8,8,2,0.006,0.002,0.006,0.000,0.004,0.001
cube_d4_k5,32,5,2,0,0,0.002,0.001,0.000,,,
cube_d4_k5,32,0,10,750,250,0.227,0.004,0.100,0.000,0.045,0.018
cube_d4_k5,32,1,250,250,124,0.035,0.025,0.054,0.000,0.023,0.012
cube_d4_k5,32,2,124,124,32,0.022,0.012,0.246,0.000,0.226,0.009
cube_d4_k5,32,3,32,32,8,0.012,0.005,0.012,0.000,0.006,0.002
cube_d4_k5,32,4,8,8,2,0.006,0.002,0.006,0.000,0.004,0.001
cube_d4_k5,32,5,2,0,0,0.002,0.001,0.000,,,
cube_d4_k5,64,0,10,750,250,1.340,0.234,1.738,0.000,0.973,0.660
cube_d4_k5,64,1,250,250,124,0.555,0.041,0.113,0.001,0.043,0.028
cube_d4_k5,64,2,124,124,32,0.044,0.025,0.313,0.000,0.277,0.017
cube_d4_k5,64,3,32,32,8,0.283,0.011,0.017,0.000,0.008,0.003
cube_d4_k5,64,4,8,8,2,0.012,0.003,0.006,0.000,0.004,0.001
cube_d4_k5,64,5,2,0,0,0.002,0.001,0.000,,,
cube_d4_k5,64,0,10,750,250,0.279,0.005,0.568,0.000,0.075,0.432
cube_d4_k5,64,1,250,250,124,0.317,0.039,0.375,0.000,0.305,0.025
cube_d4_k5,64,2,124,124,32,0.043,0.026,0.325,0.001,0.276,0.021
cube_d4_k5,64,3,32,32,8,0.021,0.007,0.015,0.000,0.008,0.002
cube_d4_k5,64,4,8,8,2,0.010,0.002,0.006,0.000,0.004,0.001
cube_d4_k5,64,5,2,0,0,0.002,0.001,0.000,,,
cube_d4_k5,64,0,10,750,250,0.276,0.005,0.155,0.001,0.066,0.034
cube_d4_k5,64,1,250,250,124,0.050,0.039,0.096,0.000,0.033,0.025
cube_d4_k5,64,2,124,124,32,0.048,0.023,0.319,0.001,0.276,0.019
cube_d4_k5,64,3,32,32,8,0.024,0.010,0.020,0.000,0.008,0.003
cube_d4_k5,64,4,8,8,2,0.012,0.004,0.006,0.000,0.004,0.001
cube_d4_k5,64,5,2,0,0,0.002,0.001,0.000,,,
cube_d4_k5,64,0,10,750,250,0.280,0.006,0.404,0.001,0.062,0.288
cube_d4_k5,64,1,250,250,124,0.065,0.047,0.091,0.001,0.031,0.024
cube_d4_k5,64,2,124,124,32,0.048,0.023,0.327,0.001,0.278,0.025
cube_d4_k5,64,3,32,32,8,0.032,0.007,0.015,0.000,0.008,0.003
cube_d4_k5,64,4,8,8,2,0.010,0.003,0.006,0.000,0.004,0.001
cube_d4_k5,64,5,2,0,0,0.002,0.001,0.000,,,
cube_d4_k5,64,0,10,750,250,0.243,0.005,0.153,0.001,0.060,0.035
cube_d4_k5,64,1,250,250,124,0.052,0.040,0.101,0.001,0.030,0.028
cube_d4_k5,64,2,124,124,32,0.047,0.023,0.326,0.000,0.277,0.017
cube_d4_k5,64,3,32,32,8,0.025,0.010,0.015,0.000,0.008,0.003
cube_d4_k5,64,4,8,8,2,0.010,0.003,0.006,0.000,0.004,0.001
cube_d4_k5,64,5,2,0,0,0.002,0.001,0.000,,,
cube_d4_k5,64,0,10,750,250,0.272,0.006,0.426,0.001,0.326,0.041
cube_d4_k5,64,1,250,250,124,0.060,0.040,0.390,0.000,0.315,0.030
cube_d4_k5,64,2,124,124,32,0.062,0.024,0.234,0.001,0.191,0.018
cube_d4_k5,64,3,32,32,8,0.019,0.011,0.014,0.000,0.007,0.002
cube_d4_k5,64,4,8,8,2,0.009,0.002,0.006,0.000,0.004,0.001
cube_d4_k5,64,5,2,0,0,0.002,0.001,0.000,,,
cube_d4_k5,128,0,10,750,250,1.001,0.007,2.078,0.000,1.543,0.430
cube_d4_k5,128,1,250,250,124,0.999,0.053,0.420,0.000,0.280,0.065
cube_d4_k5,128,2,124,124,32,0.343,0.041,0.576,0.000,0.287,0.257
cube_d4_k5,128,3,32,32,8,0.192,0.023,0.029,0.000,0.012,0.005
cube_d4_k5,128,4,8,8,2,0.014,0.004,0.011,0.000,0.007,0.001
cube_d4_k5,128,5,2,0,0,0.004,0.001,0.000,,,
cube_d4_k5,128,0,10,750,250,0.259,0.006,0.630,0.000,0.317,0.227
cube_d4_k5,128,1,250,250,124,0.337,0.055,0.335,0.000,0.213,0.057
cube_d4_k5,128,2,124,124,32,0.066,0.032,0.072,0.000,0.020,0.017
cube_d4_k5,128,3,32,32,8,0.053,0.021,0.031,0.000,0.013,0.005
cube_d4_k5,128,4,8,8,2,0.027,0.004,0.011,0.000,0.007,0.001
cube_d4_k5,128,5,2,0,0,0.004,0.001,0.000,,,
cube_d4_k5,128,0,10,750,250,0.262,0.006,0.411,0.000,0.261,0.056
cube_d4_k5,128,1,250,250,124,0.071,0.052,0.174,0.000,0.042,0.057
cube_d4_k5,128,2,124,124,32,0.059,0.029,0.361,0.000,0.270,0.048
cube_d4_k5,128,3,32,32,8,0.040,0.011,0.036,0.000,0.012,0.010
cube_d4_k5,128,4,8,8,2,0.018,0.004,0.010,0.000,0.006,0.001
cube_d4_k5,128,5,2,0,0,0.003,0.001,0.000,,,
cube_d4_k5,128,0,10,750,250,0.264,0.006,0.274,0.000,0.094,0.093
cube_d4_k5,128,1,250,250,124,0.101,0.065,0.158,0.000,0.045,0.048
cube_d4_k5,128,2,124,124,32,0.065,0.027,0.327,0.000,0.257,0.032
cube_d4_k5,128,3,32,32,8,0.043,0.019,0.041,0.000,0.013,0.016
cube_d4_k5,128,4,8,8,2,0.020,0.004,0.010,0.000,0.007,0.001
cube_d4_k5,128,5,2,0,0,0.004,0.001,0.000,,,
cube_d4_k5,128,0,10,750,250,0.265,0.006,0.430,0.000,0.292,0.054
cube_d4_k5,128,1,250,250,124,0.099,0.052,0.385,0.000,0.246,0.069
cube_d4_k5,128,2,124,124,32,0.077,0.034,0.340,0.000,0.269,0.032
cube_d4_k5,128,3,32,32,8,0.034,0.008,0.278,0.000,0.257,0.013
cube_d4_k5,128,4,8,8,2,0.016,0.004,0.009,0.000,0.006,0.001
cube_d4_k5,128,5,2,0,0,0.003,0.001,0.000,,,
cube_d4_k5,128,0,10,750,250,0.276,0.006,0.209,0.000,0.077,0.046
cube_d4_k5,128,1,250,250,124,0.088,0.046,0.169,0.000,0.042,0.039
cube_d4_k5,128,2,124,124,32,0.078,0.036,0.118,0.000,0.023,0.040
cube_d4_k5,128,3,32,32,8,0.032,0.014,0.028,0.000,0.013,0.004
cube_d4_k5,128,4,8,8,2,0.020,0.004,0.010,0.000,0.007,0.001
cube_d4_k5,128,5,2,0,0,0.004,0.001,0.000,,,
cube_d4_k5,144,0,10,750,250,0.847,0.233,1.794,0.000,1.245,0.374
cube_d4_k5,144,1,250,250,124,0.803,0.044,0.561,0.000,0.269,0.237
cube_d4_k5,144,2,124,124,32,0.291,0.029,0.264,0.000,0.226,0.016
cube_d4_k5,144,3,32,32,8,0.254,0.006,0.015,0.000,0.007,0.003
cube_d4_k5,144,4,8,8,2,0.013,0.004,0.011,0.000,0.007,0.001
cube_d4_k5,144,5,2,0,0,0.004,0.001,0.000,,,
cube_d4_k5,144,0,10,750,250,0.235,0.232,0.669,0.000,0.310,0.276
cube_d4_k5,144,1,250,250,124,0.284,0.041,0.328,0.000,0.239,0.037
cube_d4_k5,144,2,124,124,32,0.056,0.040,0.281,0.000,0.212,0.030
cube_d4_k5,144,3,32,32,8,0.222,0.009,0.021,0.000,0.011,0.004
cube_d4_k5,144,4,8,8,2,0.014,0.004,0.010,0.000,0.007,0.001
cube_d4_k5,144,5,2,0,0,0.004,0.001,0.000,,,
cube_d4_k5,144,0,10,750,250,0.242,0.006,0.403,0.000,0.292,0.044
cube_d4_k5,144,1,250,250,124,0.090,0.048,0.121,0.000,0.037,0.032
cube_d4_k5,144,2,124,124,32,0.059,0.026,0.275,0.000,0.221,0.029
cube_d4_k5,144,3,32,32,8,0.258,0.014,0.021,0.000,0.011,0.004
cube_d4_k5,144,4,8,8,2,0.014,0.004,0.010,0.000,0.006,0.001
cube_d4_k5,144,5,2,0,0,0.003,0.001,0.000,,,
cube_d4_k5,144,0,10,750,250,0.239,0.005,0.252,0.000,0.085,0.091
cube_d4_k5,144,1,250,250,124,0.085,0.043,0.150,0.000,0.044,0.049
cube_d4_k5,144,2,124,124,32,0.075,0.024,0.487,0.000,0.446,0.016
cube_d4_k5,144,3,32,32,8,0.033,0.012,0.020,0.000,0.010,0.004
cube_d4_k5,144,4,8,8,2,0.016,0.003,0.009,0.000,0.006,0.001
cube_d4_k5,144,5,2,0,0,0.003,0.001,0.000,,,
cube_d4_k5,144,0,10,750,250,0.248,0.005,0.396,0.000,0.276,0.050
cube_d4_k5,144,1,250,250,124,0.306,0.041,0.321,0.000,0.235,0.039
cube_d4_k5,144,2,124,124,32,0.064,0.027,0.284,0.000,0.233,0.019
cube_d4_k5,144,3,32,32,8,0.029,0.011,0.021,0.000,0.011,0.004
cube_d4_k5,144,4,8,8,2,0.017,0.003,0.010,0.000,0.006,0.001
cube_d4_k5,144,5,2,0,0,0.004,0.001,0.000,,,
cube_d4_k5,144,0,10,750,250,0.227,0.005,0.178,0.000,0.075,0.041
cube_d4_k5,144,1,250,250,124,0.087,0.056,0.167,0.000,0.042,0.049
cube_d4_k5,144,2,124,124,32,0.077,0.025,0.266,0.000,0.217,0.021
cube_d4_k5,144,3,32,32,8,0.035,0.008,0.021,0.000,0.011,0.004
cube_d4_k5,144,4,8,8,2,0.017,0.003,0.010,0.000,0.006,0.001
cube_d4_k5,144,5,2,0,0,0.004,0.001,0.000,,,
cube_d4_k55,1,0,110,998250,332750,2.850,3.568,240.678,0.000,108.215,43.850
cube_d4_k55,1,1,332750,332750,122976,142.865,18.944,96.858,0.000,30.013,16.396
cube_d4_k55,1,2,122976,122976,32768,56.501,8.718,37.585,0.000,14.758,5.107
cube_d4_k55,1,3,32768,32768,8192,13.213,2.082,7.740,0.000,3.066,1.186
cube_d4_k55,1,4,8192,8192,2048,3.225,0.526,1.690,0.000,0.561,0.307
cube_d4_k55,1,5,2048,2048,512,0.836,0.128,0.384,0.000,0.128,0.076
cube_d4_k55,1,6,512,512,128,0.213,0.030,0.093,0.000,0.032,0.019
cube_d4_k55,1,7,128,128,32,0.054,0.009,0.026,0.000,0.010,0.006
cube_d4_k55,1,8,32,32,8,0.014,0.003,0.010,0.000,0.005,0.002
cube_d4_k55,1,9,8,8,2,0.004,0.002,0.006,0.000,0.003,0.001
cube_d4_k55,1,10,2,0,0,0.002,0.001,0.000,,,
cube_d4_k55,1,0,110,998250,332750,1.127,1.794,242.301,0.000,105.487,47.273
cube_d4_k55,1,1,332750,332750,122976,147.530,20.007,103.273,0.000,36.993,17.334
cube_d4_k55,1,2,122976,122976,32768,60.130,9.569,36.506,0.000,13.613,5.365
cube_d4_k55,1,3,32768,32768,8192,13.289,2.353,7.682,0.000,3.008,1.162
cube_d4_k55,1,4,8192,8192,2048,3.226,0.611,1.708,0.000,0.577,0.309
cube_d4_k55,1,5,2048,2048,512,0.827,0.124,0.386,0.000,0.130,0.075
cube_d4_k55,1,6,512,512,128,0.209,0.030,0.095,0.000,0.032,0.019
cube_d4_k55,1,7,128,128,32,0.054,0.009,0.025,0.000,0.010,0.006
cube_d4_k55,1,8,32,32,8,0.014,0.003,0.009,0.000,0.005,0.002
cube_d4_k55,1,9,8,8,2,0.005,0.002,0.006,0.000,0.003,0.001
cube_d4_k55,1,10,2,0,0,0.002,0.001,0.000,,,
cube_d4_k55,1,0,110,998250,332750,1.134,1.798,237.412,0.000,105.378,46.345
cube_d4_k55,1,1,332750,332750,122976,149.023,20.325,107.888,0.000,37.246,17.236
cube_d4_k55,1,2,122976,122976,32768,59.317,9.708,36.122,0.000,13.620,5.221
cube_d4_k55,1,3,32768,32768,8192,13.469,2.365,7.685,0.000,3.005,1.172
cube_d4_k55,1,4,8192,8192,2048,3.256,0.622,1.723,0.000,0.567,0.319
cube_d4_k55,1,5,2048,2048,512,0.819,0.125,0.386,0.000,0.129,0.075
cube_d4_k55,1,6,512,512,128,0.212,0.030,0.092,0.000,0.032,0.019
cube_d4_k55,1,7,128,128,32,0.054,0.009,0.025,0.000,0.010,0.005
cube_d4_k55,1,8,32,32,8,0.014,0.003,0.010,0.000,0.004,0.002
cube_d4_k55,1,9,8,8,2,0.005,0.002,0.006,0.000,0.003,0.001
cube_d4_k55,1,10,2,0,0,0.002,0.001,0.000,,,
cube_d4_k55,1,0,110,998250,332750,1.126,1.766,235.726,0.000,105.383,46.327
cube_d4_k55,1,1,332750,332750,122976,150.234,22.133,103.498,0.000,37.047,17.258
cube_d4_k55,1,2,122976,122976,32768,59.018,9.644,40.743,0.000,17.858,5.398
cube_d4_k55,1,3,32768,32768,8192,14.953,2.381,8.187,0.000,3.263,1.199
cube_d4_k55,1,4,8192,8192,2048,3.330,0.631,1.672,0.000,0.550,0.298
cube_d4_k55,1,5,2048,2048,512,0.838,0.124,0.390,0.000,0.131,0.076
cube_d4_k55,1,6,512,512,128,0.215,0.030,0.095,0.000,0.032,0.019
cube_d4_k55,1,7,128,128,32,0.055,0.009,0.026,0.000,0.011,0.006
cube_d4_k55,1,8,32,32,8,0.014,0.003,0.010,0.000,0.005,0.002
cube_d4_k55,1,9,8,8,2,0.005,0.002,0.005,0.000,0.003,0.001
cube_d4_k55,1,10,2,0,0,0.002,0.001,0.000,,,
cube_d4_k55,1,0,110,998250,332750,1.092,1.778,237.338,0.000,107.169,46.376
cube_d4_k55,1,1,332750,332750,122976,150.167,20.578,103.515,0.000,37.084,17.264
cube_d4_k55,1,2,122976,122976,32768,59.376,11.222,37.350,0.000,14.373,5.196
cube_d4_k55,1,3,32768,32768,8192,13.564,2.381,7.735,0.000,3.026,1.179
cube_d4_k55,1,4,8192,8192,2048,3.275,0.613,1.667,0.000,0.534,0.301
cube_d4_k55,1,5,2048,2048,512,0.824,0.126,0.398,0.000,0.129,0.075
cube_d4_k55,1,6,512,512,128,0.214,0.030,0.095,0.000,0.032,0.020
cube_d4_k55,1,7,128,128,32,0.054,0.009,0.026,0.000,0.010,0.006
cube_d4_k55,1,8,32,32,8,0.014,0.003,0.010,0.000,0.005,0.002
cube_d4_k55,1,9,8,8,2,0.004,0.002,0.005,0.000,0.003,0.001
cube_d4_k55,1,10,2,0,0,0.002,0.001,0.000,,,
cube_d4_k55,1,0,110,998250,332750,1.202,1.814,236.287,0.000,105.569,46.543
cube_d4_k55,1,1,332750,332750,122976,152.115,20.580,106.032,0.000,38.282,17.680
cube_d4_k55,1,2,122976,122976,32768,60.344,9.848,37.544,0.000,14.387,5.213
cube_d4_k55,1,3,32768,32768,8192,13.644,2.395,7.747,0.000,3.017,1.192
cube_d4_k55,1,4,8192,8192,2048,3.278,0.624,1.665,0.000,0.521,0.300
cube_d4_k55,1,5,2048,2048,512,0.859,0.137,0.389,0.000,0.130,0.077
cube_d4_k55,1,6,512,512,128,0.212,0.030,0.095,0.000,0.032,0.019
cube_d4_k55,1,7,128,128,32,0.054,0.009,0.026,0.000,0.010,0.005
cube_d4_k55,1,8,32,32,8,0.014,0.003,0.009,0.000,0.005,0.002
cube_d4_k55,1,9,8,8,2,0.005,0.002,0.005,0.000,0.003,0.001
cube_d4_k55,1,10,2,0,0,0.002,0.001,0.000,,,
cube_d4_k55,2,0,110,998250,332750,2.365,2.796,174.283,0.000,72.766,35.376
cube_d4_k55,2,1,332750,332750,122976,111.879,15.043,61.990,0.000,20.129,11.653
cube_d4_k55,2,2,122976,122976,32768,36.234,6.031,32.539,0.000,17.092,4.281
cube_d4_k55,2,3,32768,32768,8192,9.806,1.959,7.319,0.000,3.801,0.953
cube_d4_k55,2,4,8192,8192,2048,2.526,0.693,1.714,0.000,0.726,0.250
cube_d4_k55,2,5,2048,2048,512,0.685,0.202,0.464,0.000,0.179,0.073
cube_d4_k55,2,6,512,512,128,0.215,0.062,0.130,0.000,0.060,0.021
cube_d4_k55,2,7,128,128,32,0.095,0.017,0.049,0.000,0.019,0.011
cube_d4_k55,2,8,32,32,8,0.025,0.006,0.018,0.000,0.009,0.003
cube_d4_k55,2,9,8,8,2,0.008,0.003,0.009,0.000,0.006,0.001
cube_d4_k55,2,10,2,0,0,0.004,0.002,0.000,,,
cube_d4_k55,2,0,110,998250,332750,0.663,1.050,138.560,0.000,47.973,35.375
cube_d4_k55,2,1,332750,332750,122976,93.684,14.100,57.525,0.000,15.901,11.311
cube_d4_k55,2,2,122976,122976,32768,35.088,6.140,28.090,0.000,14.144,3.523
cube_d4_k55,2,3,32768,32768,8192,8.821,1.608,6.233,0.000,3.126,0.813
cube_d4_k55,2,4,8192,8192,2048,2.407,0.517,1.453,0.000,0.573,0.232
cube_d4_k55,2,5,2048,2048,512,0.630,0.155,0.391,0.000,0.148,0.059
cube_d4_k55,2,6,512,512,128,0.192,0.046,0.139,0.000,0.045,0.037
cube_d4_k55,2,7,128,128,32,0.061,0.014,0.036,0.000,0.015,0.008
cube_d4_k55,2,8,32,32,8,0.021,0.004,0.013,0.000,0.006,0.003
cube_d4_k55,2,9,8,8,2,0.006,0.002,0.007,0.000,0.005,0.001
cube_d4_k55,2,10,2,0,0,0.003,0.001,0.000,,,
cube_d4_k55,2,0,110,998250,332750,1.381,1.505,119.883,0.000,43.510,28.354
cube_d4_k55,2,1,332750,332750,122976,93.195,14.041,54.437,0.000,15.695,10.781
cube_d4_k55,2,2,122976,122976,32768,35.778,6.263,28.377,0.001,13.965,3.728
cube_d4_k55,2,3,32768,32768,8192,8.908,1.587,5.987,0.000,3.085,0.801
cube_d4_k55,2,4,8192,8192,2048,2.386,0.518,1.444,0.000,0.582,0.221
cube_d4_k55,2,5,2048,2048,512,0.636,0.153,0.386,0.000,0.148,0.059
cube_d4_k55,2,6,512,512,128,0.194,0.046,0.116,0.000,0.045,0.025
cube_d4_k55,2,7,128,128,32,0.061,0.014,0.036,0.000,0.015,0.008
cube_d4_k55,2,8,32,32,8,0.021,0.004,0.013,0.000,0.006,0.003
cube_d4_k55,2,9,8,8,2,0.007,0.002,0.007,0.000,0.005,0.001
cube_d4_k55,2,10,2,0,0,0.003,0.001,0.000,,,
cube_d4_k55,2,0,110,998250,332750,0.624,0.973,119.287,0.000,43.169,28.331
cube_d4_k55,2,1,332750,332750,122976,96.226,13.819,56.631,0.000,17.284,10.661
cube_d4_k55,2,2,122976,122976,32768,34.681,5.649,25.015,0.000,12.258,3.026
cube_d4_k55,2,3,32768,32768,8192,8.046,1.435,5.246,0.000,2.660,0.702
cube_d4_k55,2,4,8192,8192,2048,2.023,0.424,1.220,0.000,0.466,0.184
cube_d4_k55,2,5,2048,2048,512,0.574,0.132,0.307,0.000,0.128,0.050
cube_d4_k55,2,6,512,512,128,0.159,0.037,0.100,0.000,0.036,0.023
cube_d4_k55,2,7,128,128,32,0.052,0.010,0.028,0.000,0.011,0.006
cube_d4_k55,2,8,32,32,8,0.016,0.004,0.011,0.000,0.005,0.002
cube_d4_k55,2,9,8,8,2,0.005,0.002,0.006,0.000,0.004,0.001
cube_d4_k55,2,10,2,0,0,0.002,0.001,0.000,,,
cube_d4_k55,2,0,110,998250,332750,0.638,0.959,109.511,0.000,40.410,25.114
cube_d4_k55,2,1,332750,332750,122976,83.445,12.891,50.690,0.000,14.175,9.761
cube_d4_k55,2,2,122976,122976,32768,32.492,5.677,25.275,0.000,12.573,2.952
cube_d4_k55,2,3,32768,32768,8192,7.951,1.427,5.291,0.000,2.713,0.706
cube_d4_k55,2,4,8192,8192,2048,1.994,0.414,1.236,0.000,0.472,0.216
cube_d4_k55,2,5,2048,2048,512,0.576,0.128,0.305,0.000,0.128,0.050
cube_d4_k55,2,6,512,512,128,0.159,0.037,0.099,0.000,0.035,0.023
cube_d4_k55,2,7,128,128,32,0.053,0.010,0.028,0.000,0.011,0.006
cube_d4_k55,2,8,32,32,8,0.016,0.004,0.011,0.000,0.005,0.002
cube_d4_k55,2,9,8,8,2,0.005,0.002,0.006,0.000,0.003,0.001
cube_d4_k55,2,10,2,0,0,0.002,0.001,0.000,,,
cube_d4_k55,2,0,110,998250,332750,0.616,0.972,107.202,0.000,38.311,25.336
cube_d4_k55,2,1,332750,332750,122976,82.164,12.963,52.466,0.000,15.850,9.724
cube_d4_k55,2,2,122976,122976,32768,32.806,5.710,25.254,0.000,12.445,2.983
cube_d4_k55,2,3,32768,32768,8192,8.018,1.483,5.240,0.000,2.649,0.697
cube_d4_k55,2,4,8192,8192,2048,2.006,0.427,1.229,0.000,0.476,0.190
cube_d4_k55,2,5,2048,2048,512,0.576,0.128,0.308,0.000,0.129,0.050
cube_d4_k55,2,6,512,512,128,0.161,0.036,0.101,0.000,0.036,0.023
cube_d4_k55,2,7,128,128,32,0.053,0.010,0.029,0.000,0.011,0.007
cube_d4_k55,2,8,32,32,8,0.016,0.004,0.010,0.000,0.005,0.002
cube_d4_k55,2,9,8,8,2,0.005,0.002,0.006,0.000,0.003,0.001
cube_d4_k55,2,10,2,0,0,0.002,0.001,0.000,,,
cube_d4_k55,4,0,110,998250,332750,1.057,1.137,75.253,0.000,28.484,17.570
cube_d4_k55,4,1,332750,332750,122976,47.256,6.813,30.135,0.000,9.354,6.057
cube_d4_k55,4,2,122976,122976,32768,16.840,2.907,22.933,0.000,15.297,2.118
cube_d4_k55,4,3,32768,32768,8192,5.448,1.047,5.320,0.000,3.692,0.453
cube_d4_k55,4,4,8192,8192,2048,1.504,0.574,1.293,0.000,0.669,0.148
cube_d4_k55,4,5,2048,2048,512,0.479,0.131,0.534,0.000,0.358,0.046
cube_d4_k55,4,6,512,512,128,0.137,0.070,0.120,0.000,0.064,0.016
cube_d4_k55,4,7,128,128,32,0.051,0.018,0.048,0.000,0.021,0.011
cube_d4_k55,4,8,32,32,8,0.025,0.007,0.019,0.000,0.009,0.003
cube_d4_k55,4,9,8,8,2,0.007,0.003,0.010,0.000,0.006,0.001
cube_d4_k55,4,10,2,0,0,0.004,0.002,0.000,,,
cube_d4_k55,4,0,110,998250,332750,0.349,0.582,64.296,0.000,23.243,15.574
cube_d4_k55,4,1,332750,332750,122976,47.926,7.893,29.633,0.000,8.701,5.964
cube_d4_k55,4,2,122976,122976,32768,19.277,3.493,23.035,0.000,15.332,2.102
cube_d4_k55,4,3,32768,32768,8192,5.557,1.005,5.224,0.000,3.552,0.450
cube_d4_k55,4,4,8192,8192,2048,1.697,0.550,1.295,0.000,0.683,0.133
cube_d4_k55,4,5,2048,2048,512,0.489,0.147,0.360,0.000,0.173,0.046
cube_d4_k55,4,6,512,512,128,0.132,0.069,0.122,0.000,0.063,0.018
cube_d4_k55,4,7,128,128,32,0.060,0.019,0.048,0.000,0.021,0.011
cube_d4_k55,4,8,32,32,8,0.025,0.006,0.019,0.000,0.009,0.003
cube_d4_k55,4,9,8,8,2,0.008,0.003,0.010,0.000,0.006,0.001
cube_d4_k55,4,10,2,0,0,0.004,0.001,0.000,,,
cube_d4_k55,4,0,110,998250,332750,0.370,0.514,64.552,0.000,23.453,15.275
cube_d4_k55,4,1,332750,332750,122976,49.058,8.118,29.821,0.000,7.918,5.519
cube_d4_k55,4,2,122976,122976,32768,18.579,3.261,19.535,0.000,12.515,1.692
cube_d4_k55,4,3,32768,32768,8192,4.670,0.854,4.402,0.000,2.868,0.425
cube_d4_k55,4,4,8192,8192,2048,1.414,0.434,1.014,0.000,0.499,0.123
cube_d4_k55,4,5,2048,2048,512,0.443,0.111,0.290,0.000,0.147,0.037
cube_d4_k55,4,6,512,512,128,0.137,0.049,0.109,0.000,0.046,0.026
cube_d4_k55,4,7,128,128,32,0.051,0.014,0.033,0.000,0.014,0.007
cube_d4_k55,4,8,32,32,8,0.015,0.005,0.014,0.000,0.007,0.003
cube_d4_k55,4,9,8,8,2,0.006,0.002,0.007,0.000,0.004,0.001
cube_d4_k55,4,10,2,0,0,0.003,0.001,0.000,,,
cube_d4_k55,4,0,110,998250,332750,0.344,0.490,64.330,0.000,22.030,17.051
cube_d4_k55,4,1,332750,332750,122976,48.466,8.011,29.665,0.000,8.176,5.834
cube_d4_k55,4,2,122976,122976,32768,18.453,3.297,20.794,0.000,13.628,1.799
cube_d4_k55,4,3,32768,32768,8192,4.830,0.836,4.709,0.000,3.145,0.436
cube_d4_k55,4,4,8192,8192,2048,1.398,0.419,1.036,0.000,0.529,0.121
cube_d4_k55,4,5,2048,2048,512,0.432,0.113,0.293,0.000,0.147,0.036
cube_d4_k55,4,6,512,512,128,0.134,0.050,0.108,0.000,0.046,0.025
cube_d4_k55,4,7,128,128,32,0.052,0.014,0.038,0.000,0.015,0.008
cube_d4_k55,4,8,32,32,8,0.012,0.005,0.014,0.000,0.007,0.003
cube_d4_k55,4,9,8,8,2,0.007,0.002,0.007,0.000,0.004,0.001
cube_d4_k55,4,10,2,0,0,0.003,0.001,0.000,,,
cube_d4_k55,4,0,110,998250,332750,0.665,0.781,61.340,0.000,22.176,14.710
cube_d4_k55,4,1,332750,332750,122976,48.202,7.930,28.210,0.000,8.204,5.745
cube_d4_k55,4,2,122976,122976,32768,18.560,3.297,20.486,0.000,13.555,1.765
cube_d4_k55,4,3,32768,32768,8192,4.764,0.900,4.478,0.000,2.934,0.429
cube_d4_k55,4,4,8192,8192,2048,1.408,0.426,1.004,0.000,0.498,0.121
cube_d4_k55,4,5,2048,2048,512,0.435,0.116,0.295,0.000,0.148,0.036
cube_d4_k55,4,6,512,512,128,0.135,0.050,0.107,0.000,0.046,0.026
cube_d4_k55,4,7,128,128,32,0.051,0.014,0.033,0.000,0.014,0.007
cube_d4_k55,4,8,32,32,8,0.016,0.005,0.013,0.000,0.006,0.003
cube_d4_k55,4,9,8,8,2,0.007,0.002,0.007,0.000,0.004,0.001
cube_d4_k55,4,10,2,0,0,0.003,0.001,0.000,,,
cube_d4_k55,4,0,110,998250,332750,0.349,0.579,63.604,0.000,23.368,15.726
cube_d4_k55,4,1,332750,332750,122976,46.974,8.152,28.564,0.000,8.391,5.660
cube_d4_k55,4,2,122976,122976,32768,18.559,3.321,20.337,0.000,13.428,1.706
cube_d4_k55,4,3,32768,32768,8192,4.709,0.866,4.476,0.000,2.936,0.423
cube_d4_k55,4,4,8192,8192,2048,1.367,0.422,1.023,0.000,0.497,0.121
cube_d4_k55,4,5,2048,2048,512,0.435,0.114,0.294,0.000,0.148,0.036
cube_d4_k55,4,6,512,512,128,0.132,0.051,0.113,0.000,0.046,0.026
cube_d4_k55,4,7,128,128,32,0.052,0.014,0.033,0.000,0.014,0.007
cube_d4_k55,4,8,32,32,8,0.014,0.005,0.014,0.000,0.007,0.003
cube_d4_k55,4,9,8,8,2,0.006,0.002,0.007,0.000,0.004,0.001
cube_d4_k55,4,10,2,0,0,0.003,0.001,0.000,,,
cube_d4_k55,8,0,110,998250,332750,0.653,0.592,36.519,0.000,14.381,8.433
cube_d4_k55,8,1,332750,332750,122976,24.493,4.067,15.900,0.000,5.310,3.185
cube_d4_k55,8,2,122976,122976,32768,9.765,1.861,17.253,0.000,13.294,1.143
cube_d4_k55,8,3,32768,32768,8192,2.931,0.642,4.162,0.000,3.220,0.268
cube_d4_k55,8,4,8192,8192,2048,1.112,0.358,0.867,0.000,0.482,0.085
cube_d4_k55,8,5,2048,2048,512,0.273,0.116,0.449,0.000,0.332,0.031
cube_d4_k55,8,6,512,512,128,0.084,0.035,0.078,0.000,0.036,0.014
cube_d4_k55,8,7,128,128,32,0.031,0.015,0.033,0.000,0.015,0.007
cube_d4_k55,8,8,32,32,8,0.013,0.005,0.014,0.000,0.007,0.002
cube_d4_k55,8,9,8,8,2,0.007,0.002,0.007,0.000,0.004,0.001
cube_d4_k55,8,10,2,0,0,0.003,0.001,0.000,,,
cube_d4_k55,8,0,110,998250,332750,0.254,0.377,38.592,0.000,14.128,9.436
cube_d4_k55,8,1,332750,332750,122976,27.859,4.756,16.411,0.000,4.879,3.452
cube_d4_k55,8,2,122976,122976,32768,11.311,2.060,16.216,0.000,12.110,1.097
cube_d4_k55,8,3,32768,32768,8192,3.027,0.663,3.969,0.000,3.057,0.265
cube_d4_k55,8,4,8192,8192,2048,1.166,0.352,0.806,0.000,0.460,0.075
cube_d4_k55,8,5,2048,2048,512,0.267,0.114,0.403,0.000,0.282,0.027
cube_d4_k55,8,6,512,512,128,0.077,0.032,0.071,0.000,0.032,0.013
cube_d4_k55,8,7,128,128,32,0.032,0.013,0.030,0.000,0.013,0.007
cube_d4_k55,8,8,32,32,8,0.011,0.005,0.012,0.000,0.006,0.002
cube_d4_k55,8,9,8,8,2,0.006,0.002,0.006,0.000,0.004,0.001
cube_d4_k55,8,10,2,0,0,0.002,0.001,0.000,,,
cube_d4_k55,8,0,110,998250,332750,0.255,0.324,34.668,0.000,12.183,8.219
cube_d4_k55,8,1,332750,332750,122976,24.545,4.323,14.520,0.000,4.419,2.936
cube_d4_k55,8,2,122976,122976,32768,10.821,1.840,16.055,0.002,11.947,1.129
cube_d4_k55,8,3,32768,32768,8192,3.085,0.664,3.691,0.000,2.767,0.276
cube_d4_k55,8,4,8192,8192,2048,1.010,0.351,0.862,0.000,0.481,0.092
cube_d4_k55,8,5,2048,2048,512,0.291,0.114,0.273,0.000,0.135,0.038
cube_d4_k55,8,6,512,512,128,0.102,0.039,0.094,0.000,0.041,0.014
cube_d4_k55,8,7,128,128,32,0.055,0.015,0.037,0.000,0.018,0.006
cube_d4_k55,8,8,32,32,8,0.020,0.006,0.018,0.000,0.009,0.004
cube_d4_k55,8,9,8,8,2,0.007,0.003,0.010,0.000,0.006,0.001
cube_d4_k55,8,10,2,0,0,0.003,0.001,0.000,,,
cube_d4_k55,8,0,110,998250,332750,0.254,0.393,38.372,0.000,13.515,8.744
cube_d4_k55,8,1,332750,332750,122976,24.096,4.171,14.797,0.000,4.381,2.934
cube_d4_k55,8,2,122976,122976,32768,9.861,1.782,15.584,0.000,11.825,1.018
cube_d4_k55,8,3,32768,32768,8192,2.720,0.577,3.485,0.000,2.629,0.241
cube_d4_k55,8,4,8192,8192,2048,0.885,0.343,0.771,0.000,0.444,0.070
cube_d4_k55,8,5,2048,2048,512,0.237,0.110,0.214,0.000,0.112,0.026
cube_d4_k55,8,6,512,512,128,0.077,0.031,0.091,0.000,0.040,0.027
cube_d4_k55,8,7,128,128,32,0.023,0.014,0.029,0.000,0.013,0.006
cube_d4_k55,8,8,32,32,8,0.013,0.005,0.012,0.000,0.006,0.002
cube_d4_k55,8,9,8,8,2,0.006,0.002,0.006,0.000,0.004,0.001
cube_d4_k55,8,10,2,0,0,0.002,0.001,0.000,,,
cube_d4_k55,8,0,110,998250,332750,0.273,0.320,33.432,0.000,11.563,7.790
cube_d4_k55,8,1,332750,332750,122976,24.100,4.125,14.672,0.000,4.593,2.934
cube_d4_k55,8,2,122976,122976,32768,9.752,1.809,15.863,0.000,12.090,1.034
cube_d4_k55,8,3,32768,32768,8192,2.797,0.518,3.643,0.000,2.780,0.241
cube_d4_k55,8,4,8192,8192,2048,1.056,0.342,0.785,0.000,0.442,0.070
cube_d4_k55,8,5,2048,2048,512,0.276,0.108,0.216,0.000,0.111,0.026
cube_d4_k55,8,6,512,512,128,0.074,0.030,0.093,0.000,0.041,0.028
cube_d4_k55,8,7,128,128,32,0.023,0.014,0.030,0.000,0.013,0.006
cube_d4_k55,8,8,32,32,8,0.014,0.004,0.012,0.000,0.006,0.002
cube_d4_k55,8,9,8,8,2,0.006,0.002,0.006,0.000,0.004,0.001
cube_d4_k55,8,10,2,0,0,0.002,0.001,0.000,,,
cube_d4_k55,8,0,110,998250,332750,0.262,0.317,31.819,0.000,11.487,7.718
cube_d4_k55,8,1,332750,332750,122976,24.084,4.168,14.685,0.000,4.342,2.927
cube_d4_k55,8,2,122976,122976,32768,9.809,1.766,15.671,0.000,11.891,1.007
cube_d4_k55,8,3,32768,32768,8192,2.689,0.523,3.543,0.000,2.646,0.279
cube_d4_k55,8,4,8192,8192,2048,0.889,0.343,0.794,0.000,0.457,0.072
cube_d4_k55,8,5,2048,2048,512,0.278,0.107,0.223,0.000,0.113,0.025
cube_d4_k55,8,6,512,512,128,0.069,0.031,0.073,0.000,0.033,0.015
cube_d4_k55,8,7,128,128,32,0.027,0.013,0.029,0.000,0.012,0.006
cube_d4_k55,8,8,32,32,8,0.012,0.004,0.026,0.000,0.006,0.016
cube_d4_k55,8,9,8,8,2,0.006,0.002,0.007,0.000,0.004,0.001
cube_d4_k55,8,10,2,0,0,0.002,0.001,0.000,,,
cube_d4_k55,16,0,110,998250,332750,0.491,0.521,20.538,0.000,7.963,4.511
cube_d4_k55,16,1,332750,332750,122976,13.476,2.860,9.140,0.000,3.102,1.734
cube_d4_k55,16,2,122976,122976,32768,5.303,1.124,14.379,0.000,12.060,0.590
cube_d4_k55,16,3,32768,32768,8192,1.458,0.334,3.542,0.000,2.984,0.175
cube_d4_k55,16,4,8192,8192,2048,0.912,0.310,0.736,0.000,0.462,0.050
cube_d4_k55,16,5,2048,2048,512,0.235,0.095,0.427,0.000,0.330,0.026
cube_d4_k55,16,6,512,512,128,0.066,0.033,0.066,0.000,0.030,0.012
cube_d4_k55,16,7,128,128,32,0.022,0.014,0.031,0.000,0.013,0.008
cube_d4_k55,16,8,32,32,8,0.011,0.004,0.012,0.000,0.006,0.002
cube_d4_k55,16,9,8,8,2,0.005,0.002,0.006,0.000,0.004,0.001
cube_d4_k55,16,10,2,0,0,0.002,0.001,0.000,,,
cube_d4_k55,16,0,110,998250,332750,0.175,0.222,18.662,0.000,6.937,4.413
cube_d4_k55,16,1,332750,332750,122976,13.506,2.652,8.190,0.001,2.656,1.635
cube_d4_k55,16,2,122976,122976,32768,5.157,1.101,14.062,0.000,11.902,0.556
cube_d4_k55,16,3,32768,32768,8192,1.421,0.312,3.590,0.000,3.063,0.154
cube_d4_k55,16,4,8192,8192,2048,0.887,0.299,0.712,0.000,0.438,0.060
cube_d4_k55,16,5,2048,2048,512,0.229,0.094,0.207,0.000,0.116,0.022
cube_d4_k55,16,6,512,512,128,0.064,0.033,0.064,0.000,0.030,0.011
cube_d4_k55,16,7,128,128,32,0.022,0.014,0.028,0.000,0.013,0.006
cube_d4_k55,16,8,32,32,8,0.009,0.005,0.012,0.000,0.006,0.002
cube_d4_k55,16,9,8,8,2,0.006,0.002,0.006,0.000,0.004,0.001
cube_d4_k55,16,10,2,0,0,0.002,0.001,0.000,,,
cube_d4_k55,16,0,110,998250,332750,0.163,0.236,17.801,0.000,6.751,4.114
cube_d4_k55,16,1,332750,332750,122976,12.891,2.607,7.904,0.000,2.508,1.574
cube_d4_k55,16,2,122976,122976,32768,5.256,1.222,14.092,0.002,11.893,0.542
cube_d4_k55,16,3,32768,32768,8192,1.413,0.315,3.358,0.000,2.842,0.151
cube_d4_k55,16,4,8192,8192,2048,0.894,0.291,0.689,0.000,0.419,0.048
cube_d4_k55,16,5,2048,2048,512,0.221,0.095,0.205,0.000,0.115,0.022
cube_d4_k55,16,6,512,512,128,0.066,0.032,0.063,0.000,0.029,0.010
cube_d4_k55,16,7,128,128,32,0.023,0.014,0.028,0.000,0.013,0.006
cube_d4_k55,16,8,32,32,8,0.009,0.005,0.012,0.000,0.006,0.002
cube_d4_k55,16,9,8,8,2,0.005,0.002,0.006,0.000,0.004,0.001
cube_d4_k55,16,10,2,0,0,0.003,0.001,0.000,,,
cube_d4_k55,16,0,110,998250,332750,0.195,0.220,16.677,0.000,6.229,3.943
cube_d4_k55,16,1,332750,332750,122976,12.548,2.710,8.069,0.000,2.429,1.530
cube_d4_k55,16,2,122976,122976,32768,5.150,1.173,14.275,0.000,12.197,0.535
cube_d4_k55,16,3,32768,32768,8192,1.474,0.325,3.624,0.000,3.080,0.165
cube_d4_k55,16,4,8192,8192,2048,0.933,0.315,0.715,0.000,0.443,0.050
cube_d4_k55,16,5,2048,2048,512,0.256,0.090,0.208,0.000,0.115,0.023
cube_d4_k55,16,6,512,512,128,0.068,0.033,0.064,0.000,0.029,0.010
cube_d4_k55,16,7,128,128,32,0.033,0.014,0.029,0.000,0.013,0.006
cube_d4_k55,16,8,32,32,8,0.012,0.005,0.012,0.000,0.006,0.002
cube_d4_k55,16,9,8,8,2,0.006,0.002,0.006,0.000,0.004,0.001
cube_d4_k55,16,10,2,0,0,0.002,0.001,0.000,,,
cube_d4_k55,16,0,110,998250,332750,0.172,0.238,17.120,0.000,6.598,3.948
cube_d4_k55,16,1,332750,332750,122976,12.473,2.803,8.439,0.000,2.598,1.630
cube_d4_k55,16,2,122976,122976,32768,5.934,1.225,15.155,0.000,12.706,0.675
cube_d4_k55,16,3,32768,32768,8192,1.626,0.389,3.805,0.000,3.163,0.195
cube_d4_k55,16,4,8192,8192,2048,0.747,0.318,0.745,0.000,0.436,0.061
cube_d4_k55,16,5,2048,2048,512,0.244,0.105,0.229,0.000,0.121,0.028
cube_d4_k55,16,6,512,512,128,0.070,0.043,0.080,0.000,0.034,0.015
cube_d4_k55,16,7,128,128,32,0.028,0.015,0.041,0.000,0.014,0.007
cube_d4_k55,16,8,32,32,8,0.012,0.005,0.012,0.000,0.006,0.002
cube_d4_k55,16,9,8,8,2,0.006,0.002,0.006,0.000,0.004,0.001
cube_d4_k55,16,10,2,0,0,0.002,0.001,0.000,,,
cube_d4_k55,16,0,110,998250,332750,0.178,0.268,17.991,0.000,6.721,4.289
cube_d4_k55,16,1,332750,332750,122976,14.103,2.984,8.183,0.000,2.501,1.636
cube_d4_k55,16,2,122976,122976,32768,5.498,1.071,15.028,0.000,12.783,0.595
cube_d4_k55,16,3,32768,32768,8192,1.497,0.352,3.738,0.000,3.151,0.188
cube_d4_k55,16,4,8192,8192,2048,0.762,0.318,0.754,0.000,0.450,0.068
cube_d4_k55,16,5,2048,2048,512,0.250,0.101,0.230,0.000,0.119,0.026
cube_d4_k55,16,6,512,512,128,0.073,0.041,0.081,0.000,0.033,0.015
cube_d4_k55,16,7,128,128,32,0.039,0.015,0.035,0.000,0.014,0.008
cube_d4_k55,16,8,32,32,8,0.015,0.005,0.012,0.000,0.006,0.002
cube_d4_k55,16,9,8,8,2,0.005,0.002,0.006,0.000,0.004,0.001
cube_d4_k55,16,10,2,0,0,0.002,0.001,0.000,,,
cube_d4_k55,32,0,110,998250,332750,0.266,0.399,15.561,0.000,6.017,3.262
cube_d4_k55,32,1,332750,332750,122976,9.848,2.233,7.051,0.000,2.337,1.439
cube_d4_k55,32,2,122976,122976,32768,4.160,0.928,14.132,0.000,12.555,0.456
cube_d4_k55,32,3,32768,32768,8192,1.172,0.315,3.689,0.000,3.209,0.158
cube_d4_k55,32,4,8192,8192,2048,0.968,0.325,0.826,0.000,0.525,0.050
cube_d4_k55,32,5,2048,2048,512,0.232,0.090,0.451,0.000,0.337,0.021
cube_d4_k55,32,6,512,512,128,0.071,0.034,0.094,0.000,0.046,0.014
cube_d4_k55,32,7,128,128,32,0.031,0.019,0.045,0.000,0.019,0.008
cube_d4_k55,32,8,32,32,8,0.016,0.007,0.019,0.000,0.009,0.004
cube_d4_k55,32,9,8,8,2,0.009,0.003,0.010,0.000,0.006,0.001
cube_d4_k55,32,10,2,0,0,0.005,0.002,0.000,,,
cube_d4_k55,32,0,110,998250,332750,0.185,0.261,14.170,0.000,5.144,3.324
cube_d4_k55,32,1,332750,332750,122976,10.526,2.289,6.312,0.000,1.913,1.321
cube_d4_k55,32,2,122976,122976,32768,4.238,0.909,13.933,0.000,12.288,0.477
cube_d4_k55,32,3,32768,32768,8192,1.196,0.308,3.755,0.000,3.303,0.140
cube_d4_k55,32,4,8192,8192,2048,1.038,0.315,0.837,0.000,0.532,0.049
cube_d4_k55,32,5,2048,2048,512,0.236,0.089,0.437,0.000,0.334,0.021
cube_d4_k55,32,6,512,512,128,0.079,0.040,0.091,0.000,0.044,0.013
cube_d4_k55,32,7,128,128,32,0.027,0.018,0.046,0.000,0.019,0.009
cube_d4_k55,32,8,32,32,8,0.014,0.007,0.019,0.000,0.010,0.004
cube_d4_k55,32,9,8,8,2,0.008,0.003,0.010,0.000,0.006,0.001
cube_d4_k55,32,10,2,0,0,0.005,0.002,0.000,,,
cube_d4_k55,32,0,110,998250,332750,0.171,0.254,14.531,0.000,5.159,3.203
cube_d4_k55,32,1,332750,332750,122976,10.314,2.068,6.150,0.000,1.914,1.198
cube_d4_k55,32,2,122976,122976,32768,4.169,0.838,13.338,0.000,11.815,0.425
cube_d4_k55,32,3,32768,32768,8192,1.127,0.290,3.597,0.000,3.164,0.134
cube_d4_k55,32,4,8192,8192,2048,0.899,0.291,0.692,0.000,0.436,0.050
cube_d4_k55,32,5,2048,2048,512,0.203,0.078,0.414,0.000,0.314,0.028
cube_d4_k55,32,6,512,512,128,0.067,0.038,0.070,0.000,0.032,0.012
cube_d4_k55,32,7,128,128,32,0.022,0.015,0.034,0.000,0.014,0.007
cube_d4_k55,32,8,32,32,8,0.011,0.005,0.012,0.000,0.006,0.002
cube_d4_k55,32,9,8,8,2,0.007,0.002,0.006,0.000,0.004,0.001
cube_d4_k55,32,10,2,0,0,0.003,0.001,0.000,,,
cube_d4_k55,32,0,110,998250,332750,0.198,0.255,13.442,0.000,4.778,3.173
cube_d4_k55,32,1,332750,332750,122976,10.451,3.995,6.730,0.000,2.053,1.254
cube_d4_k55,32,2,122976,122976,32768,4.440,0.928,14.835,0.000,13.249,0.455
cube_d4_k55,32,3,32768,32768,8192,1.229,0.308,3.872,0.000,3.382,0.159
cube_d4_k55,32,4,8192,8192,2048,1.148,0.325,0.832,0.000,0.517,0.056
cube_d4_k55,32,5,2048,2048,512,0.279,0.096,0.483,0.000,0.368,0.026
cube_d4_k55,32,6,512,512,128,0.086,0.048,0.097,0.000,0.044,0.016
cube_d4_k55,32,7,128,128,32,0.032,0.020,0.046,0.000,0.020,0.008
cube_d4_k55,32,8,32,32,8,0.015,0.007,0.020,0.000,0.010,0.004
cube_d4_k55,32,9,8,8,2,0.012,0.003,0.010,0.000,0.006,0.001
cube_d4_k55,32,10,2,0,0,0.004,0.001,0.000,,,
cube_d4_k55,32,0,110,998250,332750,0.186,0.269,13.949,0.000,5.174,3.214
cube_d4_k55,32,1,332750,332750,122976,10.749,2.168,6.231,0.000,1.959,1.272
cube_d4_k55,32,2,122976,122976,32768,4.340,0.909,14.715,0.000,12.986,0.482
cube_d4_k55,32,3,32768,32768,8192,1.215,0.377,3.902,0.000,3.417,0.156
cube_d4_k55,32,4,8192,8192,2048,0.904,0.326,0.879,0.000,0.532,0.054
cube_d4_k55,32,5,2048,2048,512,0.303,0.094,0.478,0.000,0.361,0.028
cube_d4_k55,32,6,512,512,128,0.082,0.044,0.108,0.000,0.050,0.017
cube_d4_k55,32,7,128,128,32,0.035,0.018,0.053,0.000,0.022,0.009
cube_d4_k55,32,8,32,32,8,0.016,0.007,0.020,0.000,0.010,0.004
cube_d4_k55,32,9,8,8,2,0.011,0.003,0.010,0.000,0.006,0.001
cube_d4_k55,32,10,2,0,0,0.004,0.002,0.000,,,
cube_d4_k55,32,0,110,998250,332750,0.177,0.292,14.117,0.000,5.233,3.181
cube_d4_k55,32,1,332750,332750,122976,10.626,2.340,6.313,0.000,2.017,1.234
cube_d4_k55,32,2,122976,122976,32768,4.334,0.932,14.518,0.000,12.912,0.465
cube_d4_k55,32,3,32768,32768,8192,1.247,0.328,3.886,0.000,3.398,0.158
cube_d4_k55,32,4,8192,8192,2048,0.919,0.326,0.869,0.000,0.528,0.066
cube_d4_k55,32,5,2048,2048,512,0.283,0.095,0.256,0.000,0.144,0.026
cube_d4_k55,32,6,512,512,128,0.079,0.045,0.095,0.000,0.046,0.015
cube_d4_k55,32,7,128,128,32,0.031,0.019,0.047,0.000,0.021,0.009
cube_d4_k55,32,8,32,32,8,0.017,0.008,0.020,0.000,0.010,0.004
cube_d4_k55,32,9,8,8,2,0.012,0.004,0.010,0.000,0.006,0.001
cube_d4_k55,32,10,2,0,0,0.004,0.002,0.000,,,
cube_d4_k55,64,0,110,998250,332750,0.711,0.585,15.114,0.000,6.018,2.705
cube_d4_k55,64,1,332750,332750,122976,7.526,2.661,6.345,0.000,2.577,1.137
cube_d4_k55,64,2,122976,122976,32768,3.192,1.015,13.492,0.000,12.196,0.403
cube_d4_k55,64,3,32768,32768,8192,1.055,0.377,3.819,0.000,3.369,0.137
cube_d4_k55,64,4,8192,8192,2048,1.253,0.344,0.885,0.000,0.559,0.056
cube_d4_k55,64,5,2048,2048,512,0.187,0.098,0.515,0.000,0.380,0.032
cube_d4_k55,64,6,512,512,128,0.088,0.045,0.119,0.000,0.057,0.021
cube_d4_k55,64,7,128,128,32,0.048,0.024,0.053,0.000,0.025,0.009
cube_d4_k55,64,8,32,32,8,0.027,0.008,0.021,0.000,0.010,0.004
cube_d4_k55,64,9,8,8,2,0.011,0.003,0.010,0.000,0.006,0.001
cube_d4_k55,64,10,2,0,0,0.004,0.001,0.000,,,
cube_d4_k55,64,0,110,998250,332750,0.243,0.417,12.956,0.000,5.238,2.579
cube_d4_k55,64,1,332750,332750,122976,7.818,2.417,5.528,0.000,1.946,1.001
cube_d4_k55,64,2,122976,122976,32768,3.327,1.083,14.570,0.000,13.151,0.429
cube_d4_k55,64,3,32768,32768,8192,1.043,0.416,3.813,0.000,3.381,0.131
cube_d4_k55,64,4,8192,8192,2048,1.304,0.344,0.898,0.000,0.572,0.061
cube_d4_k55,64,5,2048,2048,512,0.196,0.099,0.467,0.000,0.343,0.030
cube_d4_k55,64,6,512,512,128,0.084,0.050,0.119,0.000,0.052,0.022
cube_d4_k55,64,7,128,128,32,0.049,0.023,0.052,0.000,0.022,0.010
cube_d4_k55,64,8,32,32,8,0.020,0.008,0.019,0.000,0.010,0.004
cube_d4_k55,64,9,8,8,2,0.028,0.003,0.010,0.000,0.006,0.001
cube_d4_k55,64,10,2,0,0,0.004,0.001,0.000,,,
cube_d4_k55,64,0,110,998250,332750,0.238,0.409,12.514,0.000,5.009,2.346
cube_d4_k55,64,1,332750,332750,122976,8.194,2.628,5.360,0.000,1.902,0.990
cube_d4_k55,64,2,122976,122976,32768,3.271,1.025,13.207,0.000,11.893,0.392
cube_d4_k55,64,3,32768,32768,8192,1.012,0.371,3.848,0.000,3.421,0.136
cube_d4_k55,64,4,8192,8192,2048,1.079,0.360,0.887,0.000,0.572,0.051
cube_d4_k55,64,5,2048,2048,512,0.251,0.098,0.489,0.000,0.362,0.031
cube_d4_k55,64,6,512,512,128,0.085,0.047,0.112,0.000,0.052,0.022
cube_d4_k55,64,7,128,128,32,0.047,0.024,0.059,0.000,0.025,0.014
cube_d4_k55,64,8,32,32,8,0.027,0.008,0.020,0.000,0.010,0.004
cube_d4_k55,64,9,8,8,2,0.014,0.004,0.010,0.000,0.006,0.001
cube_d4_k55,64,10,2,0,0,0.004,0.002,0.000,,,
cube_d4_k55,64,0,110,998250,332750,0.237,0.467,12.630,0.000,5.106,2.349
cube_d4_k55,64,1,332750,332750,122976,8.206,2.638,5.442,0.000,1.883,0.978
cube_d4_k55,64,2,122976,122976,32768,3.275,1.004,13.720,0.000,12.417,0.391
cube_d4_k55,64,3,32768,32768,8192,1.031,0.384,3.846,0.000,3.429,0.132
cube_d4_k55,64,4,8192,8192,2048,1.310,0.347,0.895,0.000,0.576,0.057
cube_d4_k55,64,5,2048,2048,512,0.195,0.103,0.494,0.000,0.363,0.033
cube_d4_k55,64,6,512,512,128,0.077,0.044,0.128,0.000,0.052,0.035
cube_d4_k55,64,7,128,128,32,0.036,0.026,0.052,0.000,0.023,0.011
cube_d4_k55,64,8,32,32,8,0.026,0.008,0.023,0.000,0.010,0.006
cube_d4_k55,64,9,8,8,2,0.010,0.003,0.010,0.000,0.006,0.001
cube_d4_k55,64,10,2,0,0,0.004,0.001,0.000,,,
cube_d4_k55,64,0,110,998250,332750,0.247,0.433,12.474,0.000,4.958,2.376
cube_d4_k55,64,1,332750,332750,122976,8.272,2.560,5.473,0.000,1.904,0.964
cube_d4_k55,64,2,122976,122976,32768,3.289,1.037,13.969,0.000,12.690,0.405
cube_d4_k55,64,3,32768,32768,8192,1.015,0.375,3.830,0.000,3.407,0.135
cube_d4_k55,64,4,8192,8192,2048,1.293,0.349,0.865,0.000,0.548,0.057
cube_d4_k55,64,5,2048,2048,512,0.197,0.102,0.540,0.000,0.409,0.035
cube_d4_k55,64,6,512,512,128,0.083,0.045,0.121,0.000,0.056,0.025
cube_d4_k55,64,7,128,128,32,0.044,0.027,0.061,0.000,0.022,0.019
cube_d4_k55,64,8,32,32,8,0.022,0.008,0.020,0.000,0.011,0.004
cube_d4_k55,64,9,8,8,2,0.011,0.003,0.010,0.000,0.006,0.001
cube_d4_k55,64,10,2,0,0,0.004,0.001,0.000,,,
cube_d4_k55,64,0,110,998250,332750,0.239,0.423,12.868,0.000,5.335,2.368
cube_d4_k55,64,1,332750,332750,122976,8.217,2.614,5.444,0.000,1.935,0.976
cube_d4_k55,64,2,122976,122976,32768,3.323,1.029,13.713,0.000,12.494,0.367
cube_d4_k55,64,3,32768,32768,8192,1.034,0.366,3.799,0.000,3.386,0.131
cube_d4_k55,64,4,8192,8192,2048,1.251,0.344,0.873,0.000,0.564,0.052
cube_d4_k55,64,5,2048,2048,512,0.193,0.097,0.318,0.000,0.192,0.032
cube_d4_k55,64,6,512,512,128,0.087,0.053,0.111,0.000,0.055,0.019
cube_d4_k55,64,7,128,128,32,0.053,0.023,0.062,0.000,0.026,0.011
cube_d4_k55,64,8,32,32,8,0.022,0.008,0.020,0.000,0.010,0.004
cube_d4_k55,64,9,8,8,2,0.011,0.003,0.010,0.000,0.006,0.001
cube_d4_k55,64,10,2,0,0,0.004,0.002,0.000,,,
cube_d4_k55,128,0,110,998250,332750,1.858,1.199,16.540,0.000,7.573,2.297
cube_d4_k55,128,1,332750,332750,122976,5.776,2.333,5.845,0.000,2.445,1.068
cube_d4_k55,128,2,122976,122976,32768,2.404,1.457,14.548,0.000,13.358,0.334
cube_d4_k55,128,3,32768,32768,8192,0.988,0.362,4.182,0.000,3.756,0.122
cube_d4_k55,128,4,8192,8192,2048,0.886,0.402,1.056,0.000,0.692,0.063
cube_d4_k55,128,5,2048,2048,512,0.450,0.119,0.587,0.000,0.415,0.047
cube_d4_k55,128,6,512,512,128,0.109,0.057,0.147,0.000,0.060,0.035
cube_d4_k55,128,7,128,128,32,0.080,0.030,0.100,0.000,0.034,0.027
cube_d4_k55,128,8,32,32,8,0.033,0.010,0.024,0.000,0.012,0.004
cube_d4_k55,128,9,8,8,2,0.017,0.004,0.012,0.000,0.007,0.002
cube_d4_k55,128,10,2,0,0,0.005,0.002,0.000,,,
cube_d4_k55,128,0,110,998250,332750,0.220,0.260,10.062,0.000,3.021,1.904
cube_d4_k55,128,1,332750,332750,122976,5.340,1.966,4.426,0.000,1.337,0.942
cube_d4_k55,128,2,122976,122976,32768,2.635,0.877,14.232,0.000,12.972,0.351
cube_d4_k55,128,3,32768,32768,8192,0.971,0.364,4.170,0.000,3.740,0.127
cube_d4_k55,128,4,8192,8192,2048,0.891,0.405,1.066,0.000,0.704,0.062
cube_d4_k55,128,5,2048,2048,512,0.207,0.122,0.562,0.000,0.414,0.039
cube_d4_k55,128,6,512,512,128,0.109,0.062,0.141,0.000,0.061,0.029
cube_d4_k55,128,7,128,128,32,0.081,0.029,0.084,0.000,0.033,0.022
cube_d4_k55,128,8,32,32,8,0.028,0.010,0.023,0.000,0.012,0.004
cube_d4_k55,128,9,8,8,2,0.016,0.004,0.012,0.000,0.007,0.002
cube_d4_k55,128,10,2,0,0,0.005,0.002,0.000,,,
cube_d4_k55,128,0,110,998250,332750,0.191,0.296,8.290,0.000,3.114,1.435
cube_d4_k55,128,1,332750,332750,122976,5.534,1.860,4.164,0.000,1.348,0.622
cube_d4_k55,128,2,122976,122976,32768,2.684,0.944,14.011,0.000,12.984,0.259
cube_d4_k55,128,3,32768,32768,8192,1.123,0.369,4.167,0.000,3.749,0.115
cube_d4_k55,128,4,8192,8192,2048,0.944,0.392,1.057,0.000,0.691,0.071
cube_d4_k55,128,5,2048,2048,512,0.208,0.122,0.368,0.000,0.214,0.041
cube_d4_k55,128,6,512,512,128,0.112,0.059,0.156,0.000,0.061,0.043
cube_d4_k55,128,7,128,128,32,0.073,0.035,0.095,0.000,0.032,0.021
cube_d4_k55,128,8,32,32,8,0.034,0.009,0.022,0.000,0.011,0.004
cube_d4_k55,128,9,8,8,2,0.016,0.004,0.011,0.000,0.007,0.001
cube_d4_k55,128,10,2,0,0,0.004,0.002,0.000,,,
cube_d4_k55,128,0,110,998250,332750,0.170,0.256,8.395,0.000,3.036,1.498
cube_d4_k55,128,1,332750,332750,122976,5.666,1.924,4.092,0.000,1.343,0.608
cube_d4_k55,128,2,122976,122976,32768,2.557,0.865,14.538,0.000,13.478,0.284
cube_d4_k55,128,3,32768,32768,8192,0.988,0.386,4.171,0.000,3.743,0.125
cube_d4_k55,128,4,8192,8192,2048,0.910,0.390,1.070,0.000,0.712,0.063
cube_d4_k55,128,5,2048,2048,512,0.199,0.124,0.582,0.000,0.408,0.041
cube_d4_k55,128,6,512,512,128,0.115,0.053,0.153,0.000,0.063,0.041
cube_d4_k55,128,7,128,128,32,0.083,0.046,0.105,0.000,0.041,0.019
cube_d4_k55,128,8,32,32,8,0.026,0.010,0.023,0.000,0.011,0.004
cube_d4_k55,128,9,8,8,2,0.016,0.004,0.012,0.000,0.007,0.002
cube_d4_k55,128,10,2,0,0,0.004,0.002,0.000,,,
cube_d4_k55,128,0,110,998250,332750,0.203,0.255,8.432,0.000,3.229,1.480
cube_d4_k55,128,1,332750,332750,122976,6.066,2.010,4.402,0.000,1.329,0.638
cube_d4_k55,128,2,122976,122976,32768,2.556,0.907,14.626,0.000,13.577,0.305
cube_d4_k55,128,3,32768,32768,8192,0.915,0.348,4.201,0.000,3.767,0.128
cube_d4_k55,128,4,8192,8192,2048,0.890,0.382,1.065,0.000,0.695,0.065
cube_d4_k55,128,5,2048,2048,512,0.197,0.124,0.564,0.000,0.414,0.040
cube_d4_k55,128,6,512,512,128,0.121,0.059,0.134,0.000,0.056,0.028
cube_d4_k55,128,7,128,128,32,0.046,0.033,0.079,0.000,0.029,0.016
cube_d4_k55,128,8,32,32,8,0.040,0.013,0.023,0.000,0.012,0.004
cube_d4_k55,128,9,8,8,2,0.021,0.004,0.012,0.000,0.007,0.001
cube_d4_k55,128,10,2,0,0,0.004,0.002,0.000,,,
cube_d4_k55,128,0,110,998250,332750,0.174,0.253,8.479,0.000,3.172,1.482
cube_d4_k55,128,1,332750,332750,122976,6.340,2.846,4.053,0.000,1.305,0.629
cube_d4_k55,128,2,122976,122976,32768,2.701,0.865,14.738,0.000,13.664,0.299
cube_d4_k55,128,3,32768,32768,8192,0.950,0.355,4.246,0.000,3.807,0.124
cube_d4_k55,128,4,8192,8192,2048,0.897,0.398,1.075,0.000,0.707,0.067
cube_d4_k55,128,5,2048,2048,512,0.209,0.124,0.549,0.000,0.394,0.041
cube_d4_k55,128,6,512,512,128,0.111,0.054,0.155,0.000,0.082,0.027
cube_d4_k55,128,7,128,128,32,0.070,0.032,0.103,0.000,0.036,0.029
cube_d4_k55,128,8,32,32,8,0.031,0.009,0.023,0.000,0.012,0.004
cube_d4_k55,128,9,8,8,2,0.018,0.004,0.011,0.000,0.007,0.001
cube_d4_k55,128,10,2,0,0,0.004,0.002,0.000,,,
cube_d4_k55,144,0,110,998250,332750,1.734,1.682,17.050,0.000,7.901,2.423
cube_d4_k55,144,1,332750,332750,122976,5.557,2.065,6.003,0.000,2.423,1.275
cube_d4_k55,144,2,122976,122976,32768,2.311,1.299,13.474,0.000,12.366,0.319
cube_d4_k55,144,3,32768,32768,8192,0.956,0.353,4.005,0.000,3.568,0.127
cube_d4_k55,144,4,8192,8192,2048,0.990,0.350,0.940,0.000,0.623,0.058
cube_d4_k55,144,5,2048,2048,512,0.205,0.113,0.503,0.000,0.357,0.035
cube_d4_k55,144,6,512,512,128,0.105,0.052,0.143,0.000,0.054,0.030
cube_d4_k55,144,7,128,128,32,0.069,0.032,0.087,0.000,0.029,0.019
cube_d4_k55,144,8,32,32,8,0.027,0.011,0.020,0.000,0.010,0.004
cube_d4_k55,144,9,8,8,2,0.014,0.004,0.010,0.000,0.006,0.001
cube_d4_k55,144,10,2,0,0,0.004,0.001,0.000,,,
cube_d4_k55,144,0,110,998250,332750,0.178,0.280,8.424,0.000,2.915,1.999
cube_d4_k55,144,1,332750,332750,122976,5.033,1.993,4.434,0.000,1.342,0.868
cube_d4_k55,144,2,122976,122976,32768,2.589,0.868,12.988,0.000,11.952,0.277
cube_d4_k55,144,3,32768,32768,8192,0.964,0.430,3.920,0.000,3.504,0.119
cube_d4_k55,144,4,8192,8192,2048,0.915,0.347,0.932,0.000,0.593,0.066
cube_d4_k55,144,5,2048,2048,512,0.197,0.106,0.558,0.000,0.407,0.039
cube_d4_k55,144,6,512,512,128,0.102,0.049,0.150,0.000,0.056,0.036
cube_d4_k55,144,7,128,128,32,0.075,0.040,0.066,0.000,0.026,0.018
cube_d4_k55,144,8,32,32,8,0.036,0.011,0.020,0.000,0.010,0.004
cube_d4_k55,144,9,8,8,2,0.013,0.003,0.010,0.000,0.006,0.001
cube_d4_k55,144,10,2,0,0,0.004,0.002,0.000,,,
cube_d4_k55,144,0,110,998250,332750,0.169,0.270,7.964,0.000,3.001,1.365
cube_d4_k55,144,1,332750,332750,122976,5.095,1.864,4.021,0.000,1.327,0.615
cube_d4_k55,144,2,122976,122976,32768,2.553,0.827,12.962,0.000,11.976,0.269
cube_d4_k55,144,3,32768,32768,8192,1.005,0.358,3.921,0.000,3.502,0.128
cube_d4_k55,144,4,8192,8192,2048,0.845,0.342,0.992,0.000,0.645,0.067
cube_d4_k55,144,5,2048,2048,512,0.191,0.110,0.527,0.000,0.381,0.039
cube_d4_k55,144,6,512,512,128,0.110,0.052,0.155,0.000,0.055,0.048
cube_d4_k55,144,7,128,128,32,0.068,0.029,0.083,0.000,0.026,0.024
cube_d4_k55,144,8,32,32,8,0.032,0.009,0.026,0.000,0.010,0.008
cube_d4_k55,144,9,8,8,2,0.015,0.004,0.010,0.000,0.006,0.001
cube_d4_k55,144,10,2,0,0,0.004,0.001,0.000,,,
cube_d4_k55,144,0,110,998250,332750,0.177,0.269,7.918,0.000,2.965,1.413
cube_d4_k55,144,1,332750,332750,122976,5.410,1.836,4.029,0.000,1.326,0.607
cube_d4_k55,144,2,122976,122976,32768,2.591,0.817,13.719,0.000,12.577,0.407
cube_d4_k55,144,3,32768,32768,8192,0.958,0.361,3.996,0.000,3.563,0.125
cube_d4_k55,144,4,8192,8192,2048,0.885,0.341,0.952,0.000,0.607,0.061
cube_d4_k55,144,5,2048,2048,512,0.201,0.111,0.525,0.000,0.376,0.047
cube_d4_k55,144,6,512,512,128,0.108,0.056,0.135,0.000,0.058,0.031
cube_d4_k55,144,7,128,128,32,0.052,0.029,0.093,0.000,0.032,0.023
cube_d4_k55,144,8,32,32,8,0.033,0.008,0.020,0.000,0.010,0.004
cube_d4_k55,144,9,8,8,2,0.020,0.004,0.010,0.000,0.006,0.001
cube_d4_k55,144,10,2,0,0,0.004,0.002,0.000,,,
cube_d4_k55,144,0,110,998250,332750,0.169,0.238,7.839,0.000,2.857,1.339
cube_d4_k55,144,1,332750,332750,122976,5.750,1.913,4.010,0.000,1.301,0.624
cube_d4_k55,144,2,122976,122976,32768,2.523,0.805,13.870,0.000,12.682,0.250
cube_d4_k55,144,3,32768,32768,8192,0.941,0.353,3.977,0.000,3.570,0.128
cube_d4_k55,144,4,8192,8192,2048,0.811,0.349,0.995,0.000,0.658,0.064
cube_d4_k55,144,5,2048,2048,512,0.197,0.108,0.512,0.000,0.374,0.040
cube_d4_k55,144,6,512,512,128,0.110,0.052,0.131,0.000,0.055,0.026
cube_d4_k55,144,7,128,128,32,0.076,0.029,0.073,0.000,0.024,0.025
cube_d4_k55,144,8,32,32,8,0.030,0.010,0.021,0.000,0.011,0.004
cube_d4_k55,144,9,8,8,2,0.011,0.004,0.010,0.000,0.006,0.001
cube_d4_k55,144,10,2,0,0,0.004,0.002,0.000,,,
cube_d4_k55,144,0,110,998250,332750,0.165,0.247,7.863,0.000,2.923,1.345
cube_d4_k55,144,1,332750,332750,122976,5.706,2.008,4.561,0.000,1.356,0.620
cube_d4_k55,144,2,122976,122976,32768,2.476,0.843,13.813,0.000,12.732,0.365
cube_d4_k55,144,3,32768,32768,8192,0.925,0.333,3.979,0.000,3.558,0.120
cube_d4_k55,144,4,8192,8192,2048,0.825,0.354,0.956,0.000,0.613,0.064
cube_d4_k55,144,5,2048,2048,512,0.196,0.119,0.346,0.000,0.199,0.043
cube_d4_k55,144,6,512,512,128,0.109,0.064,0.147,0.000,0.056,0.032
cube_d4_k55,144,7,128,128,32,0.078,0.031,0.092,0.000,0.036,0.027
cube_d4_k55,144,8,32,32,8,0.034,0.009,0.020,0.000,0.010,0.004
cube_d4_k55,144,9,8,8,2,0.019,0.004,0.010,0.000,0.006,0.001
cube_d4_k55,144,10,2,0,0,0.004,0.002,0.000,,,
cube_d4_k105,1,0,210,6945750,2315250,10.026,30.658,2151.902,0.000,1056.880,315.717
cube_d4_k105,1,1,2315250,2315250,888446,1540.921,322.628,1109.175,0.000,280.389,154.915
cube_d4_k105,1,2,888446,888446,373844,548.963,122.822,431.378,0.000,116.108,61.919
cube_d4_k105,1,3,373844,373844,121386,243.425,47.184,157.432,0.000,40.184,16.921
cube_d4_k105,1,4,121386,121386,32768,85.065,11.586,47.814,0.000,14.517,5.964
cube_d4_k105,1,5,32768,32768,8192,20.154,2.688,10.504,0.000,3.803,1.276
cube_d4_k105,1,6,8192,8192,2048,4.301,0.676,2.234,0.000,0.623,0.427
cube_d4_k105,1,7,2048,2048,512,1.050,0.150,0.474,0.000,0.137,0.079
cube_d4_k105,1,8,512,512,128,0.281,0.031,0.104,0.000,0.033,0.020
cube_d4_k105,1,9,128,128,32,0.071,0.010,0.028,0.000,0.011,0.006
cube_d4_k105,1,10,32,32,8,0.019,0.004,0.010,0.000,0.005,0.002
cube_d4_k105,1,11,8,8,2,0.005,0.002,0.006,0.000,0.003,0.001
cube_d4_k105,1,12,2,0,0,0.002,0.001,0.000,,,
cube_d4_k105,1,0,210,6945750,2315250,8.823,14.638,2161.053,0.000,1067.548,358.485
cube_d4_k105,1,1,2315250,2315250,888446,1797.604,446.000,1232.883,0.000,424.607,150.114
cube_d4_k105,1,2,888446,888446,373844,613.264,161.040,458.727,0.000,138.115,60.692
cube_d4_k105,1,3,373844,373844,121386,267.349,56.788,152.933,0.002,41.587,18.802
cube_d4_k105,1,4,121386,121386,32768,88.100,13.585,48.205,0.000,14.395,5.994
cube_d4_k105,1,5,32768,32768,8192,21.280,3.163,10.767,0.000,3.893,1.295
cube_d4_k105,1,6,8192,8192,2048,4.193,0.756,2.337,0.000,0.663,0.422
cube_d4_k105,1,7,2048,2048,512,1.104,0.169,0.480,0.000,0.136,0.081
cube_d4_k105,1,8,512,512,128,0.262,0.030,0.105,0.000,0.033,0.020
cube_d4_k105,1,9,128,128,32,0.066,0.009,0.028,0.000,0.011,0.006
cube_d4_k105,1,10,32,32,8,0.017,0.004,0.010,0.000,0.005,0.002
cube_d4_k105,1,11,8,8,2,0.005,0.002,0.006,0.000,0.003,0.001
cube_d4_k105,1,12,2,0,0,0.002,0.001,0.000,,,
cube_d4_k105,1,0,210,6945750,2315250,8.856,14.676,2175.053,0.000,1068.988,349.071
cube_d4_k105,1,1,2315250,2315250,888446,1823.825,443.115,1236.669,0.000,411.654,153.063
cube_d4_k105,1,2,888446,888446,373844,637.132,163.884,457.375,0.000,137.134,60.961
cube_d4_k105,1,3,373844,373844,121386,278.281,55.066,158.691,0.000,41.551,18.298
cube_d4_k105,1,4,121386,121386,32768,91.774,13.726,48.929,0.000,14.409,6.036
cube_d4_k105,1,5,32768,32768,8192,21.415,3.188,10.826,0.000,3.893,1.270
cube_d4_k105,1,6,8192,8192,2048,4.455,0.783,2.409,0.000,0.742,0.420
cube_d4_k105,1,7,2048,2048,512,1.078,0.165,0.487,0.000,0.133,0.092
cube_d4_k105,1,8,512,512,128,0.287,0.032,0.107,0.000,0.034,0.021
cube_d4_k105,1,9,128,128,32,0.072,0.010,0.029,0.000,0.011,0.006
cube_d4_k105,1,10,32,32,8,0.018,0.004,0.011,0.000,0.005,0.002
cube_d4_k105,1,11,8,8,2,0.006,0.002,0.006,0.000,0.004,0.001
cube_d4_k105,1,12,2,0,0,0.002,0.001,0.000,,,
cube_d4_k105,1,0,210,6945750,2315250,8.759,14.731,2162.336,0.000,1081.197,347.579
cube_d4_k105,1,1,2315250,2315250,888446,1838.840,481.763,1222.148,0.000,414.103,153.383
cube_d4_k105,1,2,888446,888446,373844,648.536,165.277,456.220,0.000,137.941,59.857
cube_d4_k105,1,3,373844,373844,121386,277.311,56.020,172.017,0.000,41.677,18.273
cube_d4_k105,1,4,121386,121386,32768,88.878,13.212,48.656,0.000,14.734,6.007
cube_d4_k105,1,5,32768,32768,8192,22.818,3.285,10.802,0.000,3.928,1.297
cube_d4_k105,1,6,8192,8192,2048,4.447,0.771,2.477,0.000,0.762,0.429
cube_d4_k105,1,7,2048,2048,512,1.106,0.168,0.471,0.000,0.133,0.078
cube_d4_k105,1,8,512,512,128,0.271,0.029,0.116,0.000,0.034,0.020
cube_d4_k105,1,9,128,128,32,0.076,0.010,0.028,0.000,0.011,0.006
cube_d4_k105,1,10,32,32,8,0.018,0.003,0.010,0.000,0.005,0.002
cube_d4_k105,1,11,8,8,2,0.006,0.002,0.006,0.000,0.003,0.001
cube_d4_k105,1,12,2,0,0,0.002,0.001,0.000,,,
cube_d4_k105,1,0,210,6945750,2315250,8.900,14.630,2152.141,0.000,1082.912,344.639
cube_d4_k105,1,1,2315250,2315250,888446,1856.218,455.332,1227.767,0.000,412.875,151.725
cube_d4_k105,1,2,888446,888446,373844,645.438,163.294,477.066,0.000,142.725,60.448
cube_d4_k105,1,3,373844,373844,121386,277.868,57.892,157.630,0.000,41.609,18.270
cube_d4_k105,1,4,121386,121386,32768,89.802,13.451,48.911,0.000,14.941,6.023
cube_d4_k105,1,5,32768,32768,8192,21.431,3.265,10.746,0.000,3.858,1.293
cube_d4_k105,1,6,8192,8192,2048,4.464,0.792,2.354,0.000,0.740,0.321
cube_d4_k105,1,7,2048,2048,512,1.106,0.166,0.483,0.000,0.132,0.090
cube_d4_k105,1,8,512,512,128,0.279,0.032,0.105,0.000,0.033,0.020
cube_d4_k105,1,9,128,128,32,0.070,0.010,0.028,0.000,0.011,0.006
cube_d4_k105,1,10,32,32,8,0.018,0.003,0.010,0.000,0.005,0.002
cube_d4_k105,1,11,8,8,2,0.006,0.002,0.006,0.000,0.003,0.001
cube_d4_k105,1,12,2,0,0,0.002,0.001,0.000,,,
cube_d4_k105,1,0,210,6945750,2315250,10.358,14.607,2160.640,0.000,1066.912,348.095
cube_d4_k105,1,1,2315250,2315250,888446,1873.201,466.430,1221.508,0.000,414.904,151.554
cube_d4_k105,1,2,888446,888446,373844,662.721,168.141,460.239,0.000,139.897,60.701
cube_d4_k105,1,3,373844,373844,121386,280.441,57.613,162.790,0.000,41.892,18.245
cube_d4_k105,1,4,121386,121386,32768,90.451,14.217,49.223,0.000,14.867,6.026
cube_d4_k105,1,5,32768,32768,8192,21.559,3.432,10.754,0.000,3.829,1.300
cube_d4_k105,1,6,8192,8192,2048,4.464,0.802,2.320,0.000,0.709,0.362
cube_d4_k105,1,7,2048,2048,512,1.114,0.168,0.491,0.000,0.136,0.081
cube_d4_k105,1,8,512,512,128,0.281,0.031,0.105,0.000,0.034,0.020
cube_d4_k105,1,9,128,128,32,0.071,0.010,0.028,0.000,0.010,0.006
cube_d4_k105,1,10,32,32,8,0.018,0.004,0.010,0.000,0.005,0.002
cube_d4_k105,1,11,8,8,2,0.006,0.002,0.005,0.000,0.003,0.001
cube_d4_k105,1,12,2,0,0,0.002,0.001,0.000,,,
cube_d4_k105,2,0,210,6945750,2315250,11.780,15.742,1042.193,0.000,470.776,174.354
cube_d4_k105,2,1,2315250,2315250,888446,739.981,159.413,530.522,0.000,138.942,82.438
cube_d4_k105,2,2,888446,888446,373844,263.681,55.389,201.321,0.000,51.359,32.645
cube_d4_k105,2,3,373844,373844,121386,122.620,23.920,73.464,0.000,15.195,9.915
cube_d4_k105,2,4,121386,121386,32768,43.294,6.704,30.417,0.000,12.313,3.369
cube_d4_k105,2,5,32768,32768,8192,10.545,1.487,6.971,0.000,3.381,0.764
cube_d4_k105,2,6,8192,8192,2048,2.011,0.448,1.414,0.000,0.475,0.224
cube_d4_k105,2,7,2048,2048,512,0.621,0.158,0.343,0.000,0.129,0.051
cube_d4_k105,2,8,512,512,128,0.161,0.038,0.101,0.000,0.035,0.024
cube_d4_k105,2,9,128,128,32,0.051,0.011,0.029,0.000,0.011,0.006
cube_d4_k105,2,10,32,32,8,0.014,0.004,0.011,0.000,0.005,0.002
cube_d4_k105,2,11,8,8,2,0.005,0.002,0.006,0.000,0.003,0.001
cube_d4_k105,2,12,2,0,0,0.002,0.001,0.000,,,
cube_d4_k105,2,0,210,6945750,2315250,4.433,13.128,1032.741,0.000,433.730,200.673
cube_d4_k105,2,1,2315250,2315250,888446,809.651,192.088,558.813,0.000,168.778,80.357
cube_d4_k105,2,2,888446,888446,373844,326.414,71.683,207.902,0.000,53.299,32.485
cube_d4_k105,2,3,373844,373844,121386,139.867,26.653,74.555,0.000,15.188,10.357
cube_d4_k105,2,4,121386,121386,32768,44.502,6.633,30.581,0.000,12.224,3.482
cube_d4_k105,2,5,32768,32768,8192,11.094,1.614,6.993,0.002,3.327,0.762
cube_d4_k105,2,6,8192,8192,2048,2.396,0.512,1.470,0.000,0.545,0.216
cube_d4_k105,2,7,2048,2048,512,0.677,0.143,0.351,0.000,0.130,0.051
cube_d4_k105,2,8,512,512,128,0.174,0.036,0.098,0.000,0.033,0.022
cube_d4_k105,2,9,128,128,32,0.068,0.011,0.031,0.000,0.011,0.006
cube_d4_k105,2,10,32,32,8,0.018,0.005,0.012,0.000,0.005,0.002
cube_d4_k105,2,11,8,8,2,0.010,0.003,0.007,0.000,0.004,0.001
cube_d4_k105,2,12,2,0,0,0.004,0.001,0.000,,,
cube_d4_k105,2,0,210,6945750,2315250,10.142,10.658,1023.125,0.000,436.721,192.871
cube_d4_k105,2,1,2315250,2315250,888446,839.863,213.940,574.364,0.000,169.314,79.153
cube_d4_k105,2,2,888446,888446,373844,323.452,77.486,207.556,0.000,54.073,32.056
cube_d4_k105,2,3,373844,373844,121386,139.247,28.929,80.841,0.000,15.715,10.663
cube_d4_k105,2,4,121386,121386,32768,45.496,6.900,30.525,0.000,12.157,3.456
cube_d4_k105,2,5,32768,32768,8192,11.168,1.699,6.892,0.000,3.337,0.760
cube_d4_k105,2,6,8192,8192,2048,2.461,0.513,1.424,0.000,0.484,0.206
cube_d4_k105,2,7,2048,2048,512,0.676,0.147,0.387,0.000,0.133,0.052
cube_d4_k105,2,8,512,512,128,0.183,0.038,0.101,0.000,0.034,0.023
cube_d4_k105,2,9,128,128,32,0.059,0.011,0.030,0.000,0.011,0.006
cube_d4_k105,2,10,32,32,8,0.015,0.004,0.010,0.000,0.005,0.002
cube_d4_k105,2,11,8,8,2,0.006,0.002,0.005,0.000,0.003,0.001
cube_d4_k105,2,12,2,0,0,0.002,0.001,0.000,,,
cube_d4_k105,2,0,210,6945750,2315250,4.506,7.421,1038.446,0.000,454.945,193.469
cube_d4_k105,2,1,2315250,2315250,888446,854.814,221.173,596.760,0.000,191.594,81.195
cube_d4_k105,2,2,888446,888446,373844,326.973,80.350,211.037,0.000,57.757,31.726
cube_d4_k105,2,3,373844,373844,121386,141.192,28.033,74.271,0.000,15.517,10.068
cube_d4_k105,2,4,121386,121386,32768,45.519,7.093,30.990,0.001,12.696,3.449
cube_d4_k105,2,5,32768,32768,8192,11.324,1.690,6.867,0.000,3.325,0.747
cube_d4_k105,2,6,8192,8192,2048,2.508,0.520,1.400,0.000,0.473,0.198
cube_d4_k105,2,7,2048,2048,512,0.692,0.152,0.363,0.000,0.134,0.055
cube_d4_k105,2,8,512,512,128,0.184,0.038,0.101,0.000,0.035,0.023
cube_d4_k105,2,9,128,128,32,0.059,0.011,0.033,0.000,0.011,0.006
cube_d4_k105,2,10,32,32,8,0.015,0.004,0.011,0.000,0.005,0.002
cube_d4_k105,2,11,8,8,2,0.006,0.002,0.006,0.000,0.003,0.001
cube_d4_k105,2,12,2,0,0,0.002,0.001,0.000,,,
cube_d4_k105,2,0,210,6945750,2315250,4.447,13.169,1015.603,0.000,430.803,189.905
cube_d4_k105,2,1,2315250,2315250,888446,860.669,225.131,569.852,0.000,172.189,80.573
cube_d4_k105,2,2,888446,888446,373844,334.901,85.353,211.609,0.000,56.625,34.021
cube_d4_k105,2,3,373844,373844,121386,139.864,29.365,73.904,0.000,15.871,10.544
cube_d4_k105,2,4,121386,121386,32768,45.723,7.351,31.468,0.000,13.084,3.525
cube_d4_k105,2,5,32768,32768,8192,11.455,1.734,7.289,0.000,3.309,0.742
cube_d4_k105,2,6,8192,8192,2048,2.461,0.526,1.485,0.000,0.495,0.218
cube_d4_k105,2,7,2048,2048,512,0.718,0.148,0.381,0.000,0.131,0.062
cube_d4_k105,2,8,512,512,128,0.183,0.038,0.101,0.000,0.035,0.023
cube_d4_k105,2,9,128,128,32,0.059,0.011,0.029,0.000,0.011,0.006
cube_d4_k105,2,10,32,32,8,0.016,0.004,0.011,0.000,0.005,0.002
cube_d4_k105,2,11,8,8,2,0.006,0.002,0.005,0.000,0.003,0.001
cube_d4_k105,2,12,2,0,0,0.002,0.001,0.000,,,
cube_d4_k105,2,0,210,6945750,2315250,13.799,10.670,1018.178,0.000,438.523,190.366
cube_d4_k105,2,1,2315250,2315250,888446,868.320,226.772,581.140,0.000,171.749,79.919
cube_d4_k105,2,2,888446,888446,373844,326.739,83.283,213.409,0.000,58.200,31.976
cube_d4_k105,2,3,373844,373844,121386,140.294,28.591,74.298,0.000,15.508,10.168
cube_d4_k105,2,4,121386,121386,32768,45.746,7.214,30.992,0.000,12.764,3.434
cube_d4_k105,2,5,32768,32768,8192,12.863,1.638,7.031,0.000,3.324,0.746
cube_d4_k105,2,6,8192,8192,2048,2.486,0.531,1.538,0.000,0.526,0.255
cube_d4_k105,2,7,2048,2048,512,0.718,0.147,0.367,0.000,0.130,0.050
cube_d4_k105,2,8,512,512,128,0.194,0.038,0.101,0.000,0.035,0.024
cube_d4_k105,2,9,128,128,32,0.059,0.011,0.029,0.000,0.011,0.006
cube_d4_k105,2,10,32,32,8,0.017,0.004,0.011,0.000,0.005,0.002
cube_d4_k105,2,11,8,8,2,0.006,0.002,0.006,0.000,0.004,0.001
cube_d4_k105,2,12,2,0,0,0.002,0.001,0.000,,,
cube_d4_k105,4,0,210,6945750,2315250,5.904,7.234,588.132,0.000,244.106,98.796
cube_d4_k105,4,1,2315250,2315250,888446,359.485,82.562,283.835,0.000,76.157,44.194
cube_d4_k105,4,2,888446,888446,373844,139.905,30.907,109.618,0.000,29.796,17.574
cube_d4_k105,4,3,373844,373844,121386,62.449,13.365,38.645,0.000,8.624,5.509
cube_d4_k105,4,4,121386,121386,32768,22.720,3.647,21.514,0.000,12.249,1.812
cube_d4_k105,4,5,32768,32768,8192,5.404,0.953,5.048,0.000,3.242,0.429
cube_d4_k105,4,6,8192,8192,2048,1.335,0.370,0.990,0.000,0.456,0.115
cube_d4_k105,4,7,2048,2048,512,0.419,0.110,0.295,0.000,0.139,0.035
cube_d4_k105,4,8,512,512,128,0.125,0.045,0.102,0.000,0.037,0.027
cube_d4_k105,4,9,128,128,32,0.055,0.013,0.032,0.000,0.012,0.007
cube_d4_k105,4,10,32,32,8,0.016,0.004,0.012,0.000,0.005,0.002
cube_d4_k105,4,11,8,8,2,0.005,0.002,0.006,0.000,0.004,0.001
cube_d4_k105,4,12,2,0,0,0.002,0.001,0.000,,,
cube_d4_k105,4,0,210,6945750,2315250,5.216,5.515,555.430,0.000,225.061,100.092
cube_d4_k105,4,1,2315250,2315250,888446,410.900,98.522,287.714,0.000,85.403,43.788
cube_d4_k105,4,2,888446,888446,373844,153.743,37.729,109.587,0.000,29.276,17.175
cube_d4_k105,4,3,373844,373844,121386,67.686,14.673,38.631,0.000,8.668,5.624
cube_d4_k105,4,4,121386,121386,32768,22.876,3.783,23.781,0.000,14.376,1.813
cube_d4_k105,4,5,32768,32768,8192,5.915,1.000,5.093,0.000,3.288,0.428
cube_d4_k105,4,6,8192,8192,2048,1.472,0.375,0.975,0.000,0.427,0.114
cube_d4_k105,4,7,2048,2048,512,0.450,0.111,0.288,0.000,0.140,0.034
cube_d4_k105,4,8,512,512,128,0.142,0.045,0.101,0.000,0.038,0.027
cube_d4_k105,4,9,128,128,32,0.057,0.013,0.035,0.000,0.012,0.006
cube_d4_k105,4,10,32,32,8,0.014,0.004,0.011,0.000,0.005,0.002
cube_d4_k105,4,11,8,8,2,0.006,0.002,0.006,0.000,0.004,0.001
cube_d4_k105,4,12,2,0,0,0.002,0.001,0.000,,,
cube_d4_k105,4,0,210,6945750,2315250,2.445,3.954,553.020,0.000,226.746,99.451
cube_d4_k105,4,1,2315250,2315250,888446,432.392,113.620,289.827,0.000,87.082,43.085
cube_d4_k105,4,2,888446,888446,373844,163.147,41.700,111.521,0.000,30.479,17.154
cube_d4_k105,4,3,373844,373844,121386,68.556,15.620,37.845,0.000,8.751,5.527
cube_d4_k105,4,4,121386,121386,32768,23.053,3.765,22.843,0.000,12.860,1.845
cube_d4_k105,4,5,32768,32768,8192,6.015,0.960,5.117,0.000,3.302,0.431
cube_d4_k105,4,6,8192,8192,2048,1.517,0.372,1.006,0.000,0.458,0.114
cube_d4_k105,4,7,2048,2048,512,0.464,0.112,0.290,0.000,0.140,0.035
cube_d4_k105,4,8,512,512,128,0.144,0.044,0.101,0.000,0.038,0.027
cube_d4_k105,4,9,128,128,32,0.059,0.013,0.032,0.000,0.012,0.007
cube_d4_k105,4,10,32,32,8,0.016,0.004,0.012,0.000,0.006,0.002
cube_d4_k105,4,11,8,8,2,0.005,0.002,0.006,0.000,0.004,0.001
cube_d4_k105,4,12,2,0,0,0.002,0.001,0.000,,,
cube_d4_k105,4,0,210,6945750,2315250,2.434,4.041,573.488,0.000,232.585,104.433
cube_d4_k105,4,1,2315250,2315250,888446,430.914,118.492,302.705,0.000,98.443,43.456
cube_d4_k105,4,2,888446,888446,373844,165.602,43.585,111.817,0.000,30.240,17.142
cube_d4_k105,4,3,373844,373844,121386,69.263,16.010,37.751,0.000,8.879,5.545
cube_d4_k105,4,4,121386,121386,32768,23.509,4.056,22.247,0.000,12.760,1.769
cube_d4_k105,4,5,32768,32768,8192,5.944,0.970,5.152,0.000,3.315,0.428
cube_d4_k105,4,6,8192,8192,2048,1.525,0.386,1.004,0.000,0.457,0.121
cube_d4_k105,4,7,2048,2048,512,0.461,0.117,0.293,0.000,0.139,0.036
cube_d4_k105,4,8,512,512,128,0.144,0.044,0.103,0.000,0.039,0.027
cube_d4_k105,4,9,128,128,32,0.057,0.013,0.033,0.000,0.013,0.007
cube_d4_k105,4,10,32,32,8,0.023,0.004,0.012,0.000,0.006,0.002
cube_d4_k105,4,11,8,8,2,0.006,0.002,0.006,0.000,0.004,0.001
cube_d4_k105,4,12,2,0,0,0.002,0.001,0.000,,,
cube_d4_k105,4,0,210,6945750,2315250,2.484,4.020,588.532,0.000,243.143,105.301
cube_d4_k105,4,1,2315250,2315250,888446,429.915,119.844,289.927,0.000,88.808,42.827
cube_d4_k105,4,2,888446,888446,373844,164.143,43.351,111.366,0.000,29.821,17.214
cube_d4_k105,4,3,373844,373844,121386,70.347,15.225,38.259,0.000,8.727,5.405
cube_d4_k105,4,4,121386,121386,32768,23.134,3.802,21.868,0.000,12.540,1.807
cube_d4_k105,4,5,32768,32768,8192,5.968,1.047,5.145,0.002,3.304,0.429
cube_d4_k105,4,6,8192,8192,2048,1.525,0.383,0.994,0.000,0.460,0.113
cube_d4_k105,4,7,2048,2048,512,0.463,0.103,0.287,0.000,0.139,0.035
cube_d4_k105,4,8,512,512,128,0.145,0.044,0.102,0.000,0.038,0.027
cube_d4_k105,4,9,128,128,32,0.058,0.013,0.032,0.000,0.012,0.007
cube_d4_k105,4,10,32,32,8,0.017,0.004,0.012,0.000,0.005,0.002
cube_d4_k105,4,11,8,8,2,0.005,0.002,0.006,0.000,0.004,0.001
cube_d4_k105,4,12,2,0,0,0.002,0.001,0.000,,,
cube_d4_k105,4,0,210,6945750,2315250,2.400,4.031,574.400,0.000,235.921,101.411
cube_d4_k105,4,1,2315250,2315250,888446,439.990,119.700,296.429,0.000,88.950,42.610
cube_d4_k105,4,2,888446,888446,373844,165.868,42.899,111.634,0.000,29.907,17.575
cube_d4_k105,4,3,373844,373844,121386,69.736,15.427,38.819,0.000,8.833,5.660
cube_d4_k105,4,4,121386,121386,32768,23.505,3.936,22.771,0.000,12.956,1.758
cube_d4_k105,4,5,32768,32768,8192,5.855,0.963,5.165,0.000,3.281,0.427
cube_d4_k105,4,6,8192,8192,2048,1.518,0.381,1.006,0.000,0.468,0.115
cube_d4_k105,4,7,2048,2048,512,0.462,0.112,0.291,0.000,0.143,0.034
cube_d4_k105,4,8,512,512,128,0.143,0.045,0.106,0.000,0.038,0.027
cube_d4_k105,4,9,128,128,32,0.058,0.013,0.032,0.000,0.012,0.007
cube_d4_k105,4,10,32,32,8,0.017,0.004,0.011,0.000,0.005,0.002
cube_d4_k105,4,11,8,8,2,0.005,0.002,0.006,0.000,0.004,0.001
cube_d4_k105,4,12,2,0,0,0.002,0.001,0.000,,,
cube_d4_k105,8,0,210,6945750,2315250,4.721,5.125,338.097,0.000,138.513,60.207
cube_d4_k105,8,1,2315250,2315250,888446,242.001,50.970,164.433,0.000,47.523,29.609
cube_d4_k105,8,2,888446,888446,373844,84.084,19.454,68.154,0.000,18.283,12.743
cube_d4_k105,8,3,373844,373844,121386,42.839,10.011,27.132,0.000,6.478,4.710
cube_d4_k105,8,4,121386,121386,32768,16.243,2.913,32.566,0.000,25.696,1.707
cube_d4_k105,8,5,32768,32768,8192,4.432,0.862,7.914,0.000,6.613,0.341
cube_d4_k105,8,6,8192,8192,2048,1.821,0.660,1.771,0.000,1.014,0.120
cube_d4_k105,8,7,2048,2048,512,0.491,0.226,0.501,0.000,0.277,0.044
cube_d4_k105,8,8,512,512,128,0.177,0.108,0.171,0.000,0.093,0.023
cube_d4_k105,8,9,128,128,32,0.060,0.034,0.067,0.000,0.030,0.012
cube_d4_k105,8,10,32,32,8,0.034,0.012,0.033,0.000,0.014,0.007
cube_d4_k105,8,11,8,8,2,0.012,0.005,0.014,0.000,0.009,0.001
cube_d4_k105,8,12,2,0,0,0.005,0.002,0.000,,,
cube_d4_k105,8,0,210,6945750,2315250,2.807,3.041,332.380,0.000,139.904,67.210
cube_d4_k105,8,1,2315250,2315250,888446,247.873,59.478,181.735,0.000,59.296,30.809
cube_d4_k105,8,2,888446,888446,373844,101.374,23.542,67.548,0.000,18.197,11.764
cube_d4_k105,8,3,373844,373844,121386,42.003,9.425,22.736,0.000,5.281,3.892
cube_d4_k105,8,4,121386,121386,32768,14.165,2.367,17.944,0.000,12.289,1.221
cube_d4_k105,8,5,32768,32768,8192,3.522,0.718,4.650,0.000,3.300,0.314
cube_d4_k105,8,6,8192,8192,2048,1.146,0.395,0.889,0.000,0.455,0.095
cube_d4_k105,8,7,2048,2048,512,0.416,0.124,0.271,0.000,0.128,0.036
cube_d4_k105,8,8,512,512,128,0.092,0.044,0.093,0.000,0.040,0.020
cube_d4_k105,8,9,128,128,32,0.033,0.014,0.035,0.000,0.013,0.009
cube_d4_k105,8,10,32,32,8,0.017,0.006,0.013,0.000,0.006,0.002
cube_d4_k105,8,11,8,8,2,0.008,0.003,0.006,0.000,0.004,0.001
cube_d4_k105,8,12,2,0,0,0.002,0.001,0.000,,,
cube_d4_k105,8,0,210,6945750,2315250,1.418,2.490,323.215,0.000,133.179,61.439
cube_d4_k105,8,1,2315250,2315250,888446,248.305,69.079,173.267,0.000,51.213,28.793
cube_d4_k105,8,2,888446,888446,373844,97.992,23.869,68.971,0.000,19.855,12.374
cube_d4_k105,8,3,373844,373844,121386,47.082,9.334,25.130,0.000,5.949,4.379
cube_d4_k105,8,4,121386,121386,32768,15.279,2.530,18.265,0.000,12.312,1.357
cube_d4_k105,8,5,32768,32768,8192,3.750,0.809,4.651,0.000,3.300,0.341
cube_d4_k105,8,6,8192,8192,2048,1.333,0.440,1.054,0.000,0.544,0.121
cube_d4_k105,8,7,2048,2048,512,0.349,0.126,0.315,0.000,0.152,0.045
cube_d4_k105,8,8,512,512,128,0.096,0.041,0.117,0.000,0.046,0.039
cube_d4_k105,8,9,128,128,32,0.064,0.016,0.042,0.000,0.016,0.009
cube_d4_k105,8,10,32,32,8,0.017,0.006,0.014,0.000,0.006,0.002
cube_d4_k105,8,11,8,8,2,0.007,0.002,0.006,0.000,0.003,0.001
cube_d4_k105,8,12,2,0,0,0.002,0.001,0.000,,,
cube_d4_k105,8,0,210,6945750,2315250,1.705,2.669,338.828,0.000,135.710,66.559
cube_d4_k105,8,1,2315250,2315250,888446,262.042,68.788,182.424,0.000,52.181,32.197
cube_d4_k105,8,2,888446,888446,373844,98.757,24.376,74.101,0.000,18.528,13.145
cube_d4_k105,8,3,373844,373844,121386,47.270,9.843,26.645,0.000,5.935,4.454
cube_d4_k105,8,4,121386,121386,32768,15.044,2.792,19.270,0.000,13.152,1.319
cube_d4_k105,8,5,32768,32768,8192,3.569,0.702,4.695,0.000,3.315,0.344
cube_d4_k105,8,6,8192,8192,2048,1.287,0.408,1.106,0.000,0.618,0.113
cube_d4_k105,8,7,2048,2048,512,0.338,0.134,0.319,0.000,0.149,0.044
cube_d4_k105,8,8,512,512,128,0.113,0.043,0.119,0.000,0.047,0.036
cube_d4_k105,8,9,128,128,32,0.065,0.016,0.052,0.000,0.017,0.008
cube_d4_k105,8,10,32,32,8,0.016,0.006,0.013,0.000,0.007,0.002
cube_d4_k105,8,11,8,8,2,0.007,0.002,0.006,0.000,0.003,0.001
cube_d4_k105,8,12,2,0,0,0.002,0.001,0.000,,,
cube_d4_k105,8,0,210,6945750,2315250,4.273,6.700,345.478,0.000,134.981,70.342
cube_d4_k105,8,1,2315250,2315250,888446,270.777,69.268,179.593,0.000,56.400,30.856
cube_d4_k105,8,2,888446,888446,373844,103.503,25.574,70.043,0.000,18.216,12.632
cube_d4_k105,8,3,373844,373844,121386,46.716,9.308,26.100,0.000,5.966,4.333
cube_d4_k105,8,4,121386,121386,32768,15.764,2.744,19.070,0.000,12.574,1.484
cube_d4_k105,8,5,32768,32768,8192,3.932,0.855,4.876,0.000,3.367,0.380
cube_d4_k105,8,6,8192,8192,2048,1.340,0.409,1.053,0.000,0.531,0.124
cube_d4_k105,8,7,2048,2048,512,0.387,0.122,0.324,0.000,0.147,0.047
cube_d4_k105,8,8,512,512,128,0.114,0.041,0.116,0.000,0.049,0.036
cube_d4_k105,8,9,128,128,32,0.071,0.017,0.050,0.000,0.018,0.010
cube_d4_k105,8,10,32,32,8,0.017,0.007,0.026,0.000,0.006,0.016
cube_d4_k105,8,11,8,8,2,0.008,0.002,0.006,0.000,0.003,0.001
cube_d4_k105,8,12,2,0,0,0.002,0.001,0.000,,,
cube_d4_k105,8,0,210,6945750,2315250,1.807,2.823,329.672,0.000,129.322,71.865
cube_d4_k105,8,1,2315250,2315250,888446,267.733,67.872,173.130,0.000,52.116,30.185
cube_d4_k105,8,2,888446,888446,373844,101.679,25.556,69.167,0.000,17.551,12.671
cube_d4_k105,8,3,373844,373844,121386,46.478,9.493,25.496,0.000,5.880,4.267
cube_d4_k105,8,4,121386,121386,32768,15.712,2.779,18.857,0.000,12.567,1.419
cube_d4_k105,8,5,32768,32768,8192,3.706,0.784,4.825,0.000,3.364,0.359
cube_d4_k105,8,6,8192,8192,2048,1.326,0.402,1.029,0.000,0.502,0.119
cube_d4_k105,8,7,2048,2048,512,0.387,0.133,0.340,0.000,0.154,0.041
cube_d4_k105,8,8,512,512,128,0.123,0.047,0.122,0.000,0.047,0.037
cube_d4_k105,8,9,128,128,32,0.074,0.016,0.042,0.000,0.016,0.009
cube_d4_k105,8,10,32,32,8,0.017,0.006,0.013,0.000,0.006,0.002
cube_d4_k105,8,11,8,8,2,0.008,0.002,0.006,0.000,0.003,0.001
cube_d4_k105,8,12,2,0,0,0.002,0.001,0.000,,,
cube_d4_k105,16,0,210,6945750,2315250,2.191,2.712,179.445,0.000,71.798,36.019
cube_d4_k105,16,1,2315250,2315250,888446,106.170,24.670,88.960,0.000,28.355,16.071
cube_d4_k105,16,2,888446,888446,373844,48.422,11.475,36.801,0.000,8.944,6.329
cube_d4_k105,16,3,373844,373844,121386,31.779,6.533,17.960,0.000,4.445,3.417
cube_d4_k105,16,4,121386,121386,32768,9.122,2.210,18.217,0.000,13.756,1.005
cube_d4_k105,16,5,32768,32768,8192,2.459,0.651,4.590,0.000,3.419,0.293
cube_d4_k105,16,6,8192,8192,2048,1.160,0.423,1.133,0.000,0.587,0.115
cube_d4_k105,16,7,2048,2048,512,0.309,0.144,0.318,0.000,0.165,0.037
cube_d4_k105,16,8,512,512,128,0.107,0.051,0.116,0.000,0.050,0.021
cube_d4_k105,16,9,128,128,32,0.041,0.026,0.053,0.000,0.019,0.014
cube_d4_k105,16,10,32,32,8,0.020,0.010,0.016,0.000,0.008,0.003
cube_d4_k105,16,11,8,8,2,0.009,0.003,0.007,0.000,0.004,0.001
cube_d4_k105,16,12,2,0,0,0.002,0.001,0.000,,,
cube_d4_k105,16,0,210,6945750,2315250,1.837,3.343,221.080,0.000,92.990,43.951
cube_d4_k105,16,1,2315250,2315250,888446,146.656,36.150,97.893,0.000,28.695,18.663
cube_d4_k105,16,2,888446,888446,373844,59.276,14.128,40.523,0.000,10.489,7.186
cube_d4_k105,16,3,373844,373844,121386,34.827,6.500,16.968,0.000,4.092,2.369
cube_d4_k105,16,4,121386,121386,32768,9.560,2.114,16.270,0.000,12.335,0.885
cube_d4_k105,16,5,32768,32768,8192,2.366,0.603,4.340,0.000,3.279,0.276
cube_d4_k105,16,6,8192,8192,2048,1.120,0.379,0.961,0.000,0.537,0.092
cube_d4_k105,16,7,2048,2048,512,0.318,0.150,0.288,0.000,0.137,0.037
cube_d4_k105,16,8,512,512,128,0.106,0.051,0.105,0.000,0.041,0.018
cube_d4_k105,16,9,128,128,32,0.040,0.023,0.050,0.000,0.018,0.013
cube_d4_k105,16,10,32,32,8,0.017,0.006,0.014,0.000,0.007,0.002
cube_d4_k105,16,11,8,8,2,0.009,0.003,0.006,0.000,0.004,0.001
cube_d4_k105,16,12,2,0,0,0.002,0.001,0.000,,,
cube_d4_k105,16,0,210,6945750,2315250,5.286,4.210,228.264,0.000,107.013,43.731
cube_d4_k105,16,1,2315250,2315250,888446,148.574,38.630,95.595,0.000,30.336,17.310
cube_d4_k105,16,2,888446,888446,373844,59.406,14.314,39.755,0.000,10.511,7.497
cube_d4_k105,16,3,373844,373844,121386,26.683,5.748,15.201,0.000,3.869,2.223
cube_d4_k105,16,4,121386,121386,32768,8.785,2.139,16.235,0.000,12.327,0.862
cube_d4_k105,16,5,32768,32768,8192,2.255,0.579,4.393,0.000,3.323,0.262
cube_d4_k105,16,6,8192,8192,2048,1.025,0.385,1.096,0.000,0.605,0.094
cube_d4_k105,16,7,2048,2048,512,0.302,0.132,0.310,0.000,0.166,0.033
cube_d4_k105,16,8,512,512,128,0.108,0.046,0.105,0.000,0.052,0.016
cube_d4_k105,16,9,128,128,32,0.036,0.021,0.045,0.000,0.017,0.011
cube_d4_k105,16,10,32,32,8,0.016,0.007,0.013,0.000,0.007,0.002
cube_d4_k105,16,11,8,8,2,0.010,0.003,0.006,0.000,0.004,0.001
cube_d4_k105,16,12,2,0,0,0.002,0.001,0.000,,,
cube_d4_k105,16,0,210,6945750,2315250,1.192,2.019,201.310,0.000,81.680,47.839
cube_d4_k105,16,1,2315250,2315250,888446,149.130,40.143,115.056,0.000,44.054,17.987
cube_d4_k105,16,2,888446,888446,373844,61.967,15.171,39.875,0.000,11.753,7.022
cube_d4_k105,16,3,373844,373844,121386,26.763,5.778,14.668,0.000,3.708,2.258
cube_d4_k105,16,4,121386,121386,32768,8.978,1.998,17.084,0.000,13.375,0.855
cube_d4_k105,16,5,32768,32768,8192,5.289,0.649,4.490,0.000,3.421,0.269
cube_d4_k105,16,6,8192,8192,2048,1.090,0.375,1.003,0.000,0.569,0.079
cube_d4_k105,16,7,2048,2048,512,0.302,0.192,0.303,0.000,0.145,0.046
cube_d4_k105,16,8,512,512,128,0.122,0.047,0.101,0.000,0.043,0.019
cube_d4_k105,16,9,128,128,32,0.039,0.024,0.050,0.000,0.018,0.013
cube_d4_k105,16,10,32,32,8,0.018,0.007,0.014,0.000,0.007,0.002
cube_d4_k105,16,11,8,8,2,0.009,0.003,0.006,0.000,0.004,0.001
cube_d4_k105,16,12,2,0,0,0.003,0.001,0.000,,,
cube_d4_k105,16,0,210,6945750,2315250,1.192,1.870,191.931,0.000,72.988,43.850
cube_d4_k105,16,1,2315250,2315250,888446,145.812,39.213,99.575,0.000,31.198,17.483
cube_d4_k105,16,2,888446,888446,373844,57.607,14.182,39.563,0.000,10.642,7.005
cube_d4_k105,16,3,373844,373844,121386,28.815,6.235,15.229,0.000,3.707,2.338
cube_d4_k105,16,4,121386,121386,32768,8.781,2.151,15.557,0.000,11.683,0.853
cube_d4_k105,16,5,32768,32768,8192,2.312,0.579,4.330,0.000,3.309,0.249
cube_d4_k105,16,6,8192,8192,2048,1.068,0.361,0.921,0.000,0.515,0.080
cube_d4_k105,16,7,2048,2048,512,0.282,0.147,0.294,0.000,0.148,0.036
cube_d4_k105,16,8,512,512,128,0.093,0.046,0.112,0.000,0.055,0.019
cube_d4_k105,16,9,128,128,32,0.037,0.024,0.046,0.000,0.018,0.011
cube_d4_k105,16,10,32,32,8,0.016,0.006,0.014,0.000,0.007,0.002
cube_d4_k105,16,11,8,8,2,0.010,0.003,0.006,0.000,0.004,0.001
cube_d4_k105,16,12,2,0,0,0.002,0.001,0.000,,,
cube_d4_k105,16,0,210,6945750,2315250,1.190,1.885,197.279,0.000,78.554,43.335
cube_d4_k105,16,1,2315250,2315250,888446,150.414,37.966,97.862,0.000,30.490,18.871
cube_d4_k105,16,2,888446,888446,373844,64.418,14.234,39.287,0.000,10.688,7.128
cube_d4_k105,16,3,373844,373844,121386,26.819,6.288,15.302,0.000,3.746,2.333
cube_d4_k105,16,4,121386,121386,32768,9.114,2.011,15.986,0.000,12.273,0.855
cube_d4_k105,16,5,32768,32768,8192,2.300,0.589,4.353,0.000,3.305,0.266
cube_d4_k105,16,6,8192,8192,2048,1.044,0.396,1.046,0.000,0.590,0.090
cube_d4_k105,16,7,2048,2048,512,0.302,0.142,0.291,0.000,0.147,0.037
cube_d4_k105,16,8,512,512,128,0.092,0.051,0.103,0.000,0.042,0.019
cube_d4_k105,16,9,128,128,32,0.040,0.033,0.046,0.000,0.019,0.010
cube_d4_k105,16,10,32,32,8,0.015,0.007,0.013,0.000,0.007,0.002
cube_d4_k105,16,11,8,8,2,0.010,0.003,0.006,0.000,0.004,0.001
cube_d4_k105,16,12,2,0,0,0.002,0.001,0.000,,,
cube_d4_k105,32,0,210,6945750,2315250,2.147,2.841,122.390,0.000,51.987,22.255
cube_d4_k105,32,1,2315250,2315250,888446,73.941,18.440,61.430,0.000,19.024,9.614
cube_d4_k105,32,2,888446,888446,373844,30.377,8.202,23.649,0.000,6.464,4.067
cube_d4_k105,32,3,373844,373844,121386,13.869,3.394,8.488,0.000,2.103,1.355
cube_d4_k105,32,4,121386,121386,32768,4.632,1.007,14.830,0.000,12.808,0.476
cube_d4_k105,32,5,32768,32768,8192,1.337,0.338,3.932,0.000,3.390,0.146
cube_d4_k105,32,6,8192,8192,2048,0.980,0.357,0.865,0.000,0.514,0.051
cube_d4_k105,32,7,2048,2048,512,0.296,0.100,0.263,0.000,0.146,0.025
cube_d4_k105,32,8,512,512,128,0.082,0.037,0.096,0.000,0.045,0.015
cube_d4_k105,32,9,128,128,32,0.031,0.020,0.045,0.000,0.020,0.009
cube_d4_k105,32,10,32,32,8,0.016,0.007,0.024,0.000,0.010,0.004
cube_d4_k105,32,11,8,8,2,0.010,0.003,0.010,0.000,0.006,0.001
cube_d4_k105,32,12,2,0,0,0.004,0.002,0.000,,,
cube_d4_k105,32,0,210,6945750,2315250,0.909,1.808,118.922,0.000,48.090,23.475
cube_d4_k105,32,1,2315250,2315250,888446,80.008,21.629,61.427,0.000,19.408,9.685
cube_d4_k105,32,2,888446,888446,373844,32.901,9.025,24.519,0.000,6.487,4.315
cube_d4_k105,32,3,373844,373844,121386,14.009,3.807,8.513,0.000,2.147,1.366
cube_d4_k105,32,4,121386,121386,32768,4.743,1.002,16.894,0.000,14.683,0.574
cube_d4_k105,32,5,32768,32768,8192,1.427,0.375,3.864,0.000,3.277,0.163
cube_d4_k105,32,6,8192,8192,2048,1.028,0.352,0.879,0.000,0.539,0.057
cube_d4_k105,32,7,2048,2048,512,0.294,0.116,0.267,0.000,0.150,0.028
cube_d4_k105,32,8,512,512,128,0.108,0.050,0.097,0.000,0.048,0.015
cube_d4_k105,32,9,128,128,32,0.036,0.022,0.047,0.000,0.021,0.009
cube_d4_k105,32,10,32,32,8,0.019,0.008,0.022,0.000,0.010,0.004
cube_d4_k105,32,11,8,8,2,0.009,0.003,0.010,0.000,0.007,0.001
cube_d4_k105,32,12,2,0,0,0.004,0.002,0.000,,,
cube_d4_k105,32,0,210,6945750,2315250,1.038,1.874,119.994,0.000,47.859,23.991
cube_d4_k105,32,1,2315250,2315250,888446,78.296,24.292,62.344,0.000,19.952,10.238
cube_d4_k105,32,2,888446,888446,373844,35.653,9.453,24.523,0.000,6.394,3.933
cube_d4_k105,32,3,373844,373844,121386,14.932,3.634,8.326,0.000,2.316,1.424
cube_d4_k105,32,4,121386,121386,32768,4.827,1.102,15.009,0.000,12.647,0.693
cube_d4_k105,32,5,32768,32768,8192,2.646,0.447,4.036,0.000,3.310,0.282
cube_d4_k105,32,6,8192,8192,2048,1.170,0.405,0.904,0.000,0.552,0.062
cube_d4_k105,32,7,2048,2048,512,0.303,0.109,0.270,0.000,0.153,0.025
cube_d4_k105,32,8,512,512,128,0.103,0.044,0.109,0.000,0.049,0.021
cube_d4_k105,32,9,128,128,32,0.041,0.026,0.061,0.000,0.024,0.014
cube_d4_k105,32,10,32,32,8,0.022,0.008,0.019,0.000,0.010,0.003
cube_d4_k105,32,11,8,8,2,0.020,0.004,0.010,0.000,0.006,0.001
cube_d4_k105,32,12,2,0,0,0.003,0.001,0.000,,,
cube_d4_k105,32,0,210,6945750,2315250,2.232,2.782,127.252,0.000,48.431,23.792
cube_d4_k105,32,1,2315250,2315250,888446,89.503,25.238,64.795,0.000,19.620,9.623
cube_d4_k105,32,2,888446,888446,373844,33.819,9.506,22.960,0.000,6.279,3.993
cube_d4_k105,32,3,373844,373844,121386,14.750,3.645,8.268,0.000,2.209,1.347
cube_d4_k105,32,4,121386,121386,32768,4.990,1.075,14.390,0.000,12.250,0.515
cube_d4_k105,32,5,32768,32768,8192,1.313,0.347,3.652,0.000,3.076,0.166
cube_d4_k105,32,6,8192,8192,2048,0.864,0.334,0.783,0.000,0.495,0.052
cube_d4_k105,32,7,2048,2048,512,0.234,0.092,0.247,0.000,0.126,0.025
cube_d4_k105,32,8,512,512,128,0.085,0.041,0.085,0.000,0.037,0.015
cube_d4_k105,32,9,128,128,32,0.039,0.022,0.046,0.000,0.018,0.011
cube_d4_k105,32,10,32,32,8,0.018,0.006,0.014,0.000,0.007,0.002
cube_d4_k105,32,11,8,8,2,0.012,0.003,0.009,0.000,0.005,0.001
cube_d4_k105,32,12,2,0,0,0.004,0.001,0.000,,,
cube_d4_k105,32,0,210,6945750,2315250,1.059,1.908,121.493,0.000,48.831,23.776
cube_d4_k105,32,1,2315250,2315250,888446,79.170,22.512,58.573,0.000,19.234,9.476
cube_d4_k105,32,2,888446,888446,373844,33.369,9.188,22.898,0.000,6.243,3.956
cube_d4_k105,32,3,373844,373844,121386,14.284,3.622,8.264,0.000,2.235,1.348
cube_d4_k105,32,4,121386,121386,32768,4.781,1.052,13.544,0.000,11.432,0.505
cube_d4_k105,32,5,32768,32768,8192,1.346,0.339,4.071,0.000,3.499,0.154
cube_d4_k105,32,6,8192,8192,2048,0.832,0.320,0.811,0.000,0.497,0.056
cube_d4_k105,32,7,2048,2048,512,0.250,0.103,0.262,0.000,0.135,0.027
cube_d4_k105,32,8,512,512,128,0.078,0.051,0.089,0.000,0.038,0.018
cube_d4_k105,32,9,128,128,32,0.040,0.019,0.046,0.000,0.017,0.012
cube_d4_k105,32,10,32,32,8,0.019,0.008,0.014,0.000,0.007,0.002
cube_d4_k105,32,11,8,8,2,0.010,0.003,0.008,0.000,0.005,0.001
cube_d4_k105,32,12,2,0,0,0.004,0.001,0.000,,,
cube_d4_k105,32,0,210,6945750,2315250,1.074,1.939,119.781,0.000,48.411,23.147
cube_d4_k105,32,1,2315250,2315250,888446,80.577,23.198,58.885,0.000,19.368,9.576
cube_d4_k105,32,2,888446,888446,373844,33.324,9.298,22.853,0.000,6.453,3.983
cube_d4_k105,32,3,373844,373844,121386,14.420,3.699,8.239,0.000,2.219,1.355
cube_d4_k105,32,4,121386,121386,32768,4.855,1.070,14.425,0.000,12.282,0.507
cube_d4_k105,32,5,32768,32768,8192,1.287,0.376,3.669,0.000,3.099,0.150
cube_d4_k105,32,6,8192,8192,2048,0.866,0.307,0.809,0.000,0.511,0.053
cube_d4_k105,32,7,2048,2048,512,0.238,0.105,0.262,0.000,0.146,0.027
cube_d4_k105,32,8,512,512,128,0.090,0.052,0.082,0.000,0.036,0.015
cube_d4_k105,32,9,128,128,32,0.043,0.028,0.045,0.000,0.017,0.010
cube_d4_k105,32,10,32,32,8,0.020,0.006,0.014,0.000,0.007,0.002
cube_d4_k105,32,11,8,8,2,0.010,0.003,0.009,0.000,0.006,0.001
cube_d4_k105,32,12,2,0,0,0.004,0.001,0.000,,,
cube_d4_k105,64,0,210,6945750,2315250,3.102,4.061,89.539,0.000,42.713,15.732
cube_d4_k105,64,1,2315250,2315250,888446,45.512,12.347,40.890,0.000,14.991,6.526
cube_d4_k105,64,2,888446,888446,373844,21.978,6.542,16.819,0.000,4.851,3.147
cube_d4_k105,64,3,373844,373844,121386,11.821,2.860,6.303,0.000,1.701,1.034
cube_d4_k105,64,4,121386,121386,32768,3.612,0.995,13.929,0.000,12.325,0.378
cube_d4_k105,64,5,32768,32768,8192,1.059,0.351,4.071,0.000,3.566,0.140
cube_d4_k105,64,6,8192,8192,2048,1.177,0.460,0.947,0.000,0.583,0.055
cube_d4_k105,64,7,2048,2048,512,0.297,0.111,0.319,0.000,0.185,0.032
cube_d4_k105,64,8,512,512,128,0.111,0.047,0.128,0.000,0.056,0.024
cube_d4_k105,64,9,128,128,32,0.053,0.032,0.065,0.000,0.028,0.015
cube_d4_k105,64,10,32,32,8,0.026,0.009,0.026,0.000,0.011,0.004
cube_d4_k105,64,11,8,8,2,0.012,0.004,0.011,0.000,0.007,0.001
cube_d4_k105,64,12,2,0,0,0.004,0.002,0.000,,,
cube_d4_k105,64,0,210,6945750,2315250,0.906,1.611,73.684,0.000,30.515,14.160
cube_d4_k105,64,1,2315250,2315250,888446,49.312,13.101,42.051,0.000,17.000,6.101
cube_d4_k105,64,2,888446,888446,373844,23.729,8.073,16.679,0.000,4.480,2.584
cube_d4_k105,64,3,373844,373844,121386,10.319,2.779,7.858,0.000,1.650,2.807
cube_d4_k105,64,4,121386,121386,32768,3.496,1.002,14.801,0.000,13.043,0.414
cube_d4_k105,64,5,32768,32768,8192,1.036,0.364,4.128,0.000,3.560,0.145
cube_d4_k105,64,6,8192,8192,2048,1.134,0.341,0.910,0.000,0.591,0.053
cube_d4_k105,64,7,2048,2048,512,0.333,0.111,0.333,0.000,0.186,0.042
cube_d4_k105,64,8,512,512,128,0.129,0.050,0.145,0.000,0.054,0.040
cube_d4_k105,64,9,128,128,32,0.047,0.027,0.058,0.000,0.024,0.014
cube_d4_k105,64,10,32,32,8,0.024,0.009,0.022,0.000,0.011,0.004
cube_d4_k105,64,11,8,8,2,0.012,0.004,0.010,0.000,0.006,0.001
cube_d4_k105,64,12,2,0,0,0.004,0.002,0.000,,,
cube_d4_k105,64,0,210,6945750,2315250,0.830,1.404,71.724,0.000,30.083,13.892
cube_d4_k105,64,1,2315250,2315250,888446,52.793,15.364,36.932,0.000,11.654,6.190
cube_d4_k105,64,2,888446,888446,373844,22.990,6.934,15.850,0.000,4.313,2.638
cube_d4_k105,64,3,373844,373844,121386,10.236,2.816,6.187,0.000,1.716,1.012
cube_d4_k105,64,4,121386,121386,32768,3.501,0.974,13.938,0.000,12.335,0.385
cube_d4_k105,64,5,32768,32768,8192,1.042,0.384,3.918,0.000,3.375,0.142
cube_d4_k105,64,6,8192,8192,2048,1.169,0.359,0.908,0.000,0.569,0.061
cube_d4_k105,64,7,2048,2048,512,0.330,0.119,0.318,0.000,0.183,0.034
cube_d4_k105,64,8,512,512,128,0.119,0.050,0.132,0.000,0.056,0.033
cube_d4_k105,64,9,128,128,32,0.054,0.030,0.061,0.000,0.024,0.014
cube_d4_k105,64,10,32,32,8,0.029,0.009,0.020,0.000,0.010,0.004
cube_d4_k105,64,11,8,8,2,0.017,0.003,0.010,0.000,0.006,0.001
cube_d4_k105,64,12,2,0,0,0.004,0.001,0.000,,,
cube_d4_k105,64,0,210,6945750,2315250,0.796,1.448,71.282,0.000,29.948,13.890
cube_d4_k105,64,1,2315250,2315250,888446,48.334,13.720,36.919,0.000,11.926,6.164
cube_d4_k105,64,2,888446,888446,373844,22.290,6.565,26.859,0.000,10.167,4.441
cube_d4_k105,64,3,373844,373844,121386,10.406,4.542,6.442,0.000,1.710,1.120
cube_d4_k105,64,4,121386,121386,32768,3.552,1.052,13.911,0.000,12.247,0.423
cube_d4_k105,64,5,32768,32768,8192,1.061,0.385,4.114,0.000,3.562,0.146
cube_d4_k105,64,6,8192,8192,2048,1.236,0.342,0.954,0.000,0.631,0.057
cube_d4_k105,64,7,2048,2048,512,0.333,0.112,0.334,0.000,0.175,0.043
cube_d4_k105,64,8,512,512,128,0.129,0.053,0.142,0.000,0.056,0.041
cube_d4_k105,64,9,128,128,32,0.062,0.029,0.066,0.000,0.027,0.018
cube_d4_k105,64,10,32,32,8,0.028,0.009,0.020,0.000,0.010,0.004
cube_d4_k105,64,11,8,8,2,0.011,0.003,0.010,0.000,0.006,0.001
cube_d4_k105,64,12,2,0,0,0.004,0.001,0.000,,,
cube_d4_k105,64,0,210,6945750,2315250,3.117,4.418,75.219,0.000,31.925,14.169
cube_d4_k105,64,1,2315250,2315250,888446,48.846,13.788,36.192,0.000,11.807,6.202
cube_d4_k105,64,2,888446,888446,373844,23.411,6.626,15.518,0.000,4.397,2.654
cube_d4_k105,64,3,373844,373844,121386,10.076,2.930,6.173,0.000,1.712,1.017
cube_d4_k105,64,4,121386,121386,32768,3.505,1.001,14.047,0.000,12.335,0.404
cube_d4_k105,64,5,32768,32768,8192,1.063,0.367,4.065,0.000,3.525,0.144
cube_d4_k105,64,6,8192,8192,2048,1.178,0.350,0.937,0.000,0.595,0.059
cube_d4_k105,64,7,2048,2048,512,0.347,0.116,0.318,0.000,0.176,0.039
cube_d4_k105,64,8,512,512,128,0.125,0.051,0.117,0.000,0.051,0.022
cube_d4_k105,64,9,128,128,32,0.061,0.031,0.064,0.000,0.024,0.020
cube_d4_k105,64,10,32,32,8,0.030,0.009,0.020,0.000,0.010,0.004
cube_d4_k105,64,11,8,8,2,0.016,0.004,0.009,0.000,0.006,0.001
cube_d4_k105,64,12,2,0,0,0.004,0.001,0.000,,,
cube_d4_k105,64,0,210,6945750,2315250,0.913,1.490,72.240,0.000,29.574,14.005
cube_d4_k105,64,1,2315250,2315250,888446,49.286,13.810,35.963,0.000,11.763,6.176
cube_d4_k105,64,2,888446,888446,373844,23.441,6.764,15.751,0.000,4.408,2.669
cube_d4_k105,64,3,373844,373844,121386,10.154,2.854,6.173,0.000,1.686,0.974
cube_d4_k105,64,4,121386,121386,32768,3.497,1.020,14.562,0.000,12.856,0.394
cube_d4_k105,64,5,32768,32768,8192,1.040,0.364,4.087,0.000,3.540,0.142
cube_d4_k105,64,6,8192,8192,2048,1.206,0.345,0.865,0.000,0.538,0.060
cube_d4_k105,64,7,2048,2048,512,0.334,0.112,0.321,0.000,0.183,0.036
cube_d4_k105,64,8,512,512,128,0.128,0.057,0.132,0.000,0.055,0.031
cube_d4_k105,64,9,128,128,32,0.069,0.030,0.055,0.000,0.022,0.013
cube_d4_k105,64,10,32,32,8,0.025,0.009,0.020,0.000,0.010,0.004
cube_d4_k105,64,11,8,8,2,0.017,0.004,0.009,0.000,0.006,0.001
cube_d4_k105,64,12,2,0,0,0.004,0.001,0.000,,,
cube_d4_k105,128,0,210,6945750,2315250,2.991,4.155,77.374,0.000,45.976,10.316
cube_d4_k105,128,1,2315250,2315250,888446,31.932,9.256,33.497,0.000,13.970,4.485
cube_d4_k105,128,2,888446,888446,373844,15.568,5.285,13.487,0.000,4.042,2.470
cube_d4_k105,128,3,373844,373844,121386,7.662,2.432,5.164,0.000,1.441,0.832
cube_d4_k105,128,4,121386,121386,32768,2.702,0.976,13.594,0.000,12.103,0.390
cube_d4_k105,128,5,32768,32768,8192,0.918,0.375,3.765,0.000,3.264,0.130
cube_d4_k105,128,6,8192,8192,2048,0.594,0.426,0.968,0.000,0.616,0.083
cube_d4_k105,128,7,2048,2048,512,0.160,0.115,0.357,0.000,0.197,0.052
cube_d4_k105,128,8,512,512,128,0.107,0.057,0.138,0.000,0.044,0.042
cube_d4_k105,128,9,128,128,32,0.061,0.038,0.071,0.000,0.026,0.017
cube_d4_k105,128,10,32,32,8,0.039,0.007,0.014,0.000,0.007,0.002
cube_d4_k105,128,11,8,8,2,0.015,0.003,0.006,0.000,0.004,0.001
cube_d4_k105,128,12,2,0,0,0.003,0.001,0.000,,,
cube_d4_k105,128,0,210,6945750,2315250,0.772,1.329,52.226,0.000,22.321,9.456
cube_d4_k105,128,1,2315250,2315250,888446,30.676,9.281,26.295,0.000,7.989,4.039
cube_d4_k105,128,2,888446,888446,373844,22.387,15.378,19.684,0.000,3.711,8.526
cube_d4_k105,128,3,373844,373844,121386,7.802,2.399,11.027,0.000,1.445,6.718
cube_d4_k105,128,4,121386,121386,32768,2.783,2.831,16.622,0.000,13.375,0.384
cube_d4_k105,128,5,32768,32768,8192,0.992,0.364,4.010,0.000,3.508,0.121
cube_d4_k105,128,6,8192,8192,2048,1.395,0.353,1.004,0.000,0.654,0.070
cube_d4_k105,128,7,2048,2048,512,0.370,0.125,0.417,0.000,0.235,0.048
cube_d4_k105,128,8,512,512,128,0.127,0.061,0.165,0.000,0.062,0.046
cube_d4_k105,128,9,128,128,32,0.076,0.034,0.093,0.000,0.027,0.025
cube_d4_k105,128,10,32,32,8,0.032,0.009,0.029,0.000,0.012,0.005
cube_d4_k105,128,11,8,8,2,0.018,0.004,0.010,0.000,0.006,0.001
cube_d4_k105,128,12,2,0,0,0.004,0.001,0.000,,,
cube_d4_k105,128,0,210,6945750,2315250,0.777,1.309,49.934,0.000,22.136,9.381
cube_d4_k105,128,1,2315250,2315250,888446,37.997,9.945,25.907,0.000,8.272,4.112
cube_d4_k105,128,2,888446,888446,373844,17.915,6.909,13.227,0.000,3.702,2.062
cube_d4_k105,128,3,373844,373844,121386,8.272,2.467,5.170,0.000,1.466,0.742
cube_d4_k105,128,4,121386,121386,32768,2.779,0.876,15.129,0.000,13.809,0.313
cube_d4_k105,128,5,32768,32768,8192,0.980,0.410,4.091,0.000,3.594,0.122
cube_d4_k105,128,6,8192,8192,2048,1.459,0.362,1.005,0.000,0.665,0.077
cube_d4_k105,128,7,2048,2048,512,0.392,0.123,0.350,0.000,0.189,0.049
cube_d4_k105,128,8,512,512,128,0.147,0.062,0.152,0.000,0.057,0.049
cube_d4_k105,128,9,128,128,32,0.090,0.029,0.087,0.000,0.031,0.019
cube_d4_k105,128,10,32,32,8,0.036,0.015,0.021,0.000,0.010,0.004
cube_d4_k105,128,11,8,8,2,0.019,0.003,0.010,0.000,0.006,0.001
cube_d4_k105,128,12,2,0,0,0.004,0.001,0.000,,,
cube_d4_k105,128,0,210,6945750,2315250,0.801,1.328,50.294,0.000,21.599,9.123
cube_d4_k105,128,1,2315250,2315250,888446,34.764,10.928,26.334,0.000,8.576,4.168
cube_d4_k105,128,2,888446,888446,373844,18.414,5.602,11.763,0.000,3.178,1.762
cube_d4_k105,128,3,373844,373844,121386,7.903,2.318,5.282,0.000,1.473,0.999
cube_d4_k105,128,4,121386,121386,32768,2.681,0.826,15.183,0.000,13.817,0.361
cube_d4_k105,128,5,32768,32768,8192,0.926,0.397,3.909,0.000,3.406,0.127
cube_d4_k105,128,6,8192,8192,2048,1.441,0.362,0.983,0.000,0.666,0.059
cube_d4_k105,128,7,2048,2048,512,0.429,0.126,0.362,0.000,0.205,0.047
cube_d4_k105,128,8,512,512,128,0.156,0.060,0.160,0.000,0.059,0.050
cube_d4_k105,128,9,128,128,32,0.070,0.037,0.080,0.000,0.032,0.016
cube_d4_k105,128,10,32,32,8,0.037,0.013,0.022,0.000,0.011,0.004
cube_d4_k105,128,11,8,8,2,0.015,0.004,0.010,0.000,0.006,0.001
cube_d4_k105,128,12,2,0,0,0.004,0.001,0.000,,,
cube_d4_k105,128,0,210,6945750,2315250,7.826,3.625,59.079,0.000,25.307,9.272
cube_d4_k105,128,1,2315250,2315250,888446,36.889,23.124,35.672,0.000,9.287,4.038
cube_d4_k105,128,2,888446,888446,373844,18.207,5.475,11.415,0.000,3.144,1.776
cube_d4_k105,128,3,373844,373844,121386,8.295,2.415,6.186,0.000,1.513,0.722
cube_d4_k105,128,4,121386,121386,32768,3.018,1.065,15.424,0.000,13.884,0.306
cube_d4_k105,128,5,32768,32768,8192,0.991,0.378,7.863,0.000,3.485,0.126
cube_d4_k105,128,6,8192,8192,2048,1.429,0.829,1.136,0.000,0.677,0.056
cube_d4_k105,128,7,2048,2048,512,0.375,0.125,0.435,0.000,0.201,0.047
cube_d4_k105,128,8,512,512,128,0.148,0.052,0.157,0.000,0.055,0.050
cube_d4_k105,128,9,128,128,32,0.081,0.042,0.091,0.000,0.025,0.028
cube_d4_k105,128,10,32,32,8,0.054,0.018,0.022,0.000,0.011,0.004
cube_d4_k105,128,11,8,8,2,0.015,0.004,0.010,0.000,0.006,0.001
cube_d4_k105,128,12,2,0,0,0.004,0.001,0.000,,,
cube_d4_k105,128,0,210,6945750,2315250,5.319,3.269,67.985,0.000,23.335,9.679
cube_d4_k105,128,1,2315250,2315250,888446,45.327,10.385,31.721,0.000,8.747,4.258
cube_d4_k105,128,2,888446,888446,373844,18.748,14.855,23.764,0.000,10.000,1.882
cube_d4_k105,128,3,373844,373844,121386,7.939,2.292,4.848,0.000,1.466,0.766
cube_d4_k105,128,4,121386,121386,32768,2.723,0.922,15.276,0.000,13.894,0.389
cube_d4_k105,128,5,32768,32768,8192,0.971,0.355,3.920,0.000,3.422,0.132
cube_d4_k105,128,6,8192,8192,2048,1.497,0.685,0.976,0.000,0.641,0.065
cube_d4_k105,128,7,2048,2048,512,0.358,0.124,0.362,0.000,0.198,0.051
cube_d4_k105,128,8,512,512,128,0.134,0.055,0.143,0.000,0.057,0.033
cube_d4_k105,128,9,128,128,32,0.080,0.033,0.095,0.000,0.032,0.021
cube_d4_k105,128,10,32,32,8,0.035,0.009,0.028,0.000,0.011,0.004
cube_d4_k105,128,11,8,8,2,0.015,0.004,0.010,0.000,0.006,0.001
cube_d4_k105,128,12,2,0,0,0.004,0.002,0.000,,,
cube_d4_k105,144,0,210,6945750,2315250,3.547,5.119,75.769,0.000,45.421,9.879
cube_d4_k105,144,1,2315250,2315250,888446,29.645,9.141,33.251,0.000,13.577,4.553
cube_d4_k105,144,2,888446,888446,373844,14.892,5.294,12.910,0.000,3.889,2.207
cube_d4_k105,144,3,373844,373844,121386,7.248,2.404,5.281,0.000,1.478,0.965
cube_d4_k105,144,4,121386,121386,32768,2.596,0.890,14.578,0.000,12.988,0.321
cube_d4_k105,144,5,32768,32768,8192,0.905,0.373,4.008,0.000,3.488,0.141
cube_d4_k105,144,6,8192,8192,2048,0.737,0.542,1.090,0.000,0.700,0.070
cube_d4_k105,144,7,2048,2048,512,0.193,0.133,0.386,0.000,0.228,0.045
cube_d4_k105,144,8,512,512,128,0.116,0.060,0.174,0.000,0.059,0.047
cube_d4_k105,144,9,128,128,32,0.068,0.045,0.092,0.000,0.030,0.019
cube_d4_k105,144,10,32,32,8,0.027,0.013,0.022,0.000,0.011,0.004
cube_d4_k105,144,11,8,8,2,0.015,0.004,0.010,0.000,0.006,0.001
cube_d4_k105,144,12,2,0,0,0.004,0.001,0.000,,,
cube_d4_k105,144,0,210,6945750,2315250,0.802,1.480,48.238,0.000,21.604,9.177
cube_d4_k105,144,1,2315250,2315250,888446,29.529,9.470,25.666,0.000,7.889,3.853
cube_d4_k105,144,2,888446,888446,373844,23.777,16.576,18.953,0.000,3.652,7.097
cube_d4_k105,144,3,373844,373844,121386,7.621,2.738,9.635,0.000,3.627,3.175
cube_d4_k105,144,4,121386,121386,32768,2.788,2.223,16.142,0.000,13.665,0.304
cube_d4_k105,144,5,32768,32768,8192,0.922,0.372,4.066,0.000,3.583,0.118
cube_d4_k105,144,6,8192,8192,2048,1.497,0.353,1.015,0.000,0.692,0.062
cube_d4_k105,144,7,2048,2048,512,0.378,0.119,0.355,0.000,0.205,0.041
cube_d4_k105,144,8,512,512,128,0.153,0.064,0.154,0.000,0.057,0.032
cube_d4_k105,144,9,128,128,32,0.070,0.049,0.099,0.000,0.034,0.024
cube_d4_k105,144,10,32,32,8,0.039,0.012,0.022,0.000,0.011,0.004
cube_d4_k105,144,11,8,8,2,0.016,0.004,0.010,0.000,0.006,0.001
cube_d4_k105,144,12,2,0,0,0.004,0.001,0.000,,,
cube_d4_k105,144,0,210,6945750,2315250,0.811,1.771,47.753,0.000,20.540,8.614
cube_d4_k105,144,1,2315250,2315250,888446,37.988,10.644,30.682,0.000,11.388,3.792
cube_d4_k105,144,2,888446,888446,373844,18.282,5.274,11.687,0.000,3.047,1.630
cube_d4_k105,144,3,373844,373844,121386,7.661,2.287,5.093,0.000,1.478,0.775
cube_d4_k105,144,4,121386,121386,32768,2.632,0.878,14.795,0.000,13.373,0.392
cube_d4_k105,144,5,32768,32768,8192,0.917,0.354,3.905,0.000,3.407,0.132
cube_d4_k105,144,6,8192,8192,2048,0.653,0.385,1.049,0.000,0.707,0.067
cube_d4_k105,144,7,2048,2048,512,0.183,0.110,0.371,0.000,0.221,0.043
cube_d4_k105,144,8,512,512,128,0.109,0.057,0.159,0.000,0.058,0.049
cube_d4_k105,144,9,128,128,32,0.087,0.036,0.086,0.000,0.028,0.018
cube_d4_k105,144,10,32,32,8,0.037,0.014,0.021,0.000,0.011,0.004
cube_d4_k105,144,11,8,8,2,0.019,0.004,0.010,0.000,0.006,0.001
cube_d4_k105,144,12,2,0,0,0.004,0.002,0.000,,,
cube_d4_k105,144,0,210,6945750,2315250,0.810,1.367,46.936,0.000,20.672,8.624
cube_d4_k105,144,1,2315250,2315250,888446,32.995,9.671,26.499,0.000,8.350,3.767
cube_d4_k105,144,2,888446,888446,373844,16.969,5.229,11.603,0.000,3.104,1.635
cube_d4_k105,144,3,373844,373844,121386,7.597,2.286,5.327,0.000,1.580,0.942
cube_d4_k105,144,4,121386,121386,32768,2.558,0.806,14.614,0.000,13.286,0.308
cube_d4_k105,144,5,32768,32768,8192,0.879,0.354,4.072,0.000,3.568,0.131
cube_d4_k105,144,6,8192,8192,2048,1.488,0.357,0.979,0.000,0.647,0.062
cube_d4_k105,144,7,2048,2048,512,0.384,0.131,0.339,0.000,0.177,0.042
cube_d4_k105,144,8,512,512,128,0.168,0.069,0.168,0.000,0.059,0.044
cube_d4_k105,144,9,128,128,32,0.062,0.039,0.093,0.000,0.031,0.021
cube_d4_k105,144,10,32,32,8,0.034,0.011,0.025,0.000,0.011,0.004
cube_d4_k105,144,11,8,8,2,0.015,0.004,0.011,0.000,0.006,0.001
cube_d4_k105,144,12,2,0,0,0.004,0.002,0.000,,,
cube_d4_k105,144,0,210,6945750,2315250,1.778,1.434,60.275,0.000,22.307,9.503
cube_d4_k105,144,1,2315250,2315250,888446,34.991,9.935,27.972,0.000,9.456,3.899
cube_d4_k105,144,2,888446,888446,373844,17.255,5.587,13.259,0.000,3.060,1.654
cube_d4_k105,144,3,373844,373844,121386,10.744,2.443,9.108,0.000,1.717,0.778
cube_d4_k105,144,4,121386,121386,32768,2.697,0.974,14.449,0.000,13.138,0.293
cube_d4_k105,144,5,32768,32768,8192,0.949,0.357,4.086,0.000,3.582,0.129
cube_d4_k105,144,6,8192,8192,2048,1.338,0.845,1.135,0.000,0.697,0.065
cube_d4_k105,144,7,2048,2048,512,0.401,0.147,0.386,0.000,0.222,0.039
cube_d4_k105,144,8,512,512,128,0.149,0.054,0.159,0.000,0.064,0.036
cube_d4_k105,144,9,128,128,32,0.079,0.035,0.091,0.000,0.047,0.017
cube_d4_k105,144,10,32,32,8,0.028,0.015,0.027,0.000,0.011,0.005
cube_d4_k105,144,11,8,8,2,0.014,0.004,0.011,0.000,0.006,0.001
cube_d4_k105,144,12,2,0,0,0.004,0.001,0.000,,,
cube_d4_k105,144,0,210,6945750,2315250,6.100,4.971,77.967,0.000,21.447,8.665
cube_d4_k105,144,1,2315250,2315250,888446,55.276,12.209,39.348,0.000,9.434,3.802
cube_d4_k105,144,2,888446,888446,373844,23.651,5.819,11.215,0.000,3.255,1.641
cube_d4_k105,144,3,373844,373844,121386,7.801,2.325,5.010,0.000,1.481,0.952
cube_d4_k105,144,4,121386,121386,32768,2.641,0.874,14.293,0.000,12.835,0.368
cube_d4_k105,144,5,32768,32768,8192,0.980,0.371,4.143,0.000,3.645,0.131
cube_d4_k105,144,6,8192,8192,2048,1.458,0.358,1.038,0.000,0.704,0.066
cube_d4_k105,144,7,2048,2048,512,0.384,0.125,0.392,0.000,0.217,0.054
cube_d4_k105,144,8,512,512,128,0.159,0.065,0.172,0.000,0.057,0.041
cube_d4_k105,144,9,128,128,32,0.090,0.031,0.101,0.000,0.024,0.019
cube_d4_k105,144,10,32,32,8,0.037,0.015,0.023,0.000,0.011,0.004
cube_d4_k105,144,11,8,8,2,0.022,0.004,0.011,0.000,0.007,0.001
cube_d4_k105,144,12,2,0,0,0.004,0.002,0.000,,,
cube_d4_k155,1,0,310,22343250,7447750,66.755,91.156,6727.075,0.000,2711.503,1280.228
cube_d4_k155,1,1,7447750,7447750,2091434,5455.775,1248.243,4061.096,0.000,1131.680,457.133
cube_d4_k155,1,2,2091434,2091434,524288,1525.439,335.735,1134.864,0.000,233.924,108.335
cube_d4_k155,1,3,524288,524288,131072,388.538,74.283,241.998,0.000,56.308,26.018
cube_d4_k155,1,4,131072,131072,32768,94.403,13.179,49.677,0.000,12.472,5.324
cube_d4_k155,1,5,32768,32768,8192,21.563,2.943,10.652,0.001,3.370,1.317
cube_d4_k155,1,6,8192,8192,2048,4.435,0.718,2.388,0.000,0.737,0.330
cube_d4_k155,1,7,2048,2048,512,1.105,0.163,0.450,0.000,0.136,0.080
cube_d4_k155,1,8,512,512,128,0.294,0.032,0.107,0.000,0.034,0.020
cube_d4_k155,1,9,128,128,32,0.073,0.010,0.030,0.000,0.011,0.006
cube_d4_k155,1,10,32,32,8,0.019,0.004,0.011,0.000,0.005,0.002
cube_d4_k155,1,11,8,8,2,0.006,0.002,0.005,0.000,0.003,0.001
cube_d4_k155,1,12,2,0,0,0.002,0.001,0.000,,,
cube_d4_k155,1,0,310,22343250,7447750,28.401,52.159,7502.843,0.000,3479.018,1282.885
cube_d4_k155,1,1,7447750,7447750,2091434,6599.736,1617.486,4032.747,0.000,1162.134,445.417
cube_d4_k155,1,2,2091434,2091434,524288,1727.965,464.747,1108.239,0.000,234.701,97.868
cube_d4_k155,1,3,524288,524288,131072,446.028,100.197,237.422,0.000,54.419,25.938
cube_d4_k155,1,4,131072,131072,32768,101.594,15.017,50.562,0.000,12.426,5.305
cube_d4_k155,1,5,32768,32768,8192,22.668,3.531,31.081,0.000,3.502,21.454
cube_d4_k155,1,6,8192,8192,2048,8.022,0.843,2.785,0.000,0.797,0.421
cube_d4_k155,1,7,2048,2048,512,1.134,0.190,0.447,0.000,0.135,0.080
cube_d4_k155,1,8,512,512,128,0.312,0.034,0.110,0.000,0.035,0.021
cube_d4_k155,1,9,128,128,32,0.074,0.010,0.032,0.000,0.012,0.006
cube_d4_k155,1,10,32,32,8,0.019,0.004,0.011,0.000,0.005,0.002
cube_d4_k155,1,11,8,8,2,0.006,0.002,0.006,0.000,0.004,0.001
cube_d4_k155,1,12,2,0,0,0.002,0.001,0.000,,,
cube_d4_k155,1,0,310,22343250,7447750,28.325,62.753,7458.039,0.000,3462.881,1292.093
cube_d4_k155,1,1,7447750,7447750,2091434,6652.081,1585.326,4045.466,0.000,1187.618,442.159
cube_d4_k155,1,2,2091434,2091434,524288,1854.383,450.615,1105.391,0.000,230.336,98.776
cube_d4_k155,1,3,524288,524288,131072,467.215,112.116,237.750,0.000,54.518,26.206
cube_d4_k155,1,4,131072,131072,32768,106.065,15.568,50.232,0.000,12.397,5.294
cube_d4_k155,1,5,32768,32768,8192,22.713,3.565,10.838,0.000,3.431,1.335
cube_d4_k155,1,6,8192,8192,2048,4.690,0.833,2.455,0.000,0.718,0.427
cube_d4_k155,1,7,2048,2048,512,1.148,0.182,0.467,0.000,0.145,0.086
cube_d4_k155,1,8,512,512,128,0.294,0.033,0.111,0.000,0.035,0.021
cube_d4_k155,1,9,128,128,32,0.074,0.010,0.031,0.000,0.012,0.007
cube_d4_k155,1,10,32,32,8,0.019,0.004,0.011,0.000,0.005,0.002
cube_d4_k155,1,11,8,8,2,0.006,0.002,0.006,0.000,0.004,0.001
cube_d4_k155,1,12,2,0,0,0.002,0.001,0.000,,,
cube_d4_k155,1,0,310,22343250,7447750,28.336,53.449,7459.107,0.000,3462.275,1266.595
cube_d4_k155,1,1,7447750,7447750,2091434,6642.503,1610.382,4042.207,0.000,1165.643,465.836
cube_d4_k155,1,2,2091434,2091434,524288,1826.050,452.544,1129.509,0.000,230.819,102.849
cube_d4_k155,1,3,524288,524288,131072,464.058,102.183,239.070,0.000,54.365,25.780
cube_d4_k155,1,4,131072,131072,32768,103.338,15.451,50.388,0.001,12.458,5.327
cube_d4_k155,1,5,32768,32768,8192,22.633,3.570,10.956,0.000,3.570,1.306
cube_d4_k155,1,6,8192,8192,2048,4.677,0.851,2.412,0.000,0.725,0.410
cube_d4_k155,1,7,2048,2048,512,1.158,0.184,0.459,0.000,0.133,0.081
cube_d4_k155,1,8,512,512,128,0.295,0.034,0.110,0.000,0.034,0.021
cube_d4_k155,1,9,128,128,32,0.074,0.010,0.042,0.000,0.011,0.018
cube_d4_k155,1,10,32,32,8,0.019,0.004,0.011,0.000,0.005,0.002
cube_d4_k155,1,11,8,8,2,0.006,0.002,0.006,0.000,0.003,0.001
cube_d4_k155,1,12,2,0,0,0.002,0.001,0.000,,,
cube_d4_k155,1,0,310,22343250,7447750,28.354,51.828,7497.175,0.000,3462.511,1278.437
cube_d4_k155,1,1,7447750,7447750,2091434,6671.893,1620.167,4046.139,0.000,1187.616,444.246
cube_d4_k155,1,2,2091434,2091434,524288,1855.859,460.662,1112.393,0.000,236.578,100.938
cube_d4_k155,1,3,524288,524288,131072,465.263,120.919,249.488,0.000,54.595,26.118
cube_d4_k155,1,4,131072,131072,32768,104.075,15.578,50.313,0.000,12.454,5.306
cube_d4_k155,1,5,32768,32768,8192,22.791,3.613,10.865,0.000,3.428,1.331
cube_d4_k155,1,6,8192,8192,2048,4.671,0.841,2.525,0.000,0.718,0.426
cube_d4_k155,1,7,2048,2048,512,1.146,0.197,0.458,0.000,0.136,0.083
cube_d4_k155,1,8,512,512,128,0.309,0.035,0.111,0.000,0.035,0.021
cube_d4_k155,1,9,128,128,32,0.076,0.010,0.031,0.000,0.012,0.006
cube_d4_k155,1,10,32,32,8,0.020,0.004,0.011,0.000,0.005,0.002
cube_d4_k155,1,11,8,8,2,0.006,0.002,0.006,0.000,0.004,0.001
cube_d4_k155,1,12,2,0,0,0.002,0.001,0.000,,,
cube_d4_k155,1,0,310,22343250,7447750,28.381,51.769,7477.361,0.000,3468.676,1270.187
cube_d4_k155,1,1,7447750,7447750,2091434,6696.937,1644.227,4032.670,0.000,1168.260,452.572
cube_d4_k155,1,2,2091434,2091434,524288,1852.325,476.291,1109.702,0.000,234.598,98.706
cube_d4_k155,1,3,524288,524288,131072,468.372,101.200,246.801,0.000,55.305,25.872
cube_d4_k155,1,4,131072,131072,32768,104.067,15.707,50.426,0.000,12.479,5.336
cube_d4_k155,1,5,32768,32768,8192,22.850,3.548,10.818,0.000,3.421,1.322
cube_d4_k155,1,6,8192,8192,2048,4.720,0.848,2.409,0.000,0.723,0.364
cube_d4_k155,1,7,2048,2048,512,1.175,0.185,0.470,0.000,0.149,0.086
cube_d4_k155,1,8,512,512,128,0.293,0.045,0.108,0.000,0.034,0.020
cube_d4_k155,1,9,128,128,32,0.072,0.010,0.031,0.000,0.011,0.006
cube_d4_k155,1,10,32,32,8,0.019,0.004,0.011,0.000,0.005,0.002
cube_d4_k155,1,11,8,8,2,0.006,0.002,0.006,0.000,0.003,0.001
cube_d4_k155,1,12,2,0,0,0.002,0.001,0.000,,,
cube_d4_k155,2,0,310,22343250,7447750,35.921,49.110,3696.621,0.000,1370.754,682.918
cube_d4_k155,2,1,7447750,7447750,2091434,2581.191,596.178,1864.786,0.000,495.730,245.838
cube_d4_k155,2,2,2091434,2091434,524288,726.450,161.474,500.930,0.000,88.963,55.931
cube_d4_k155,2,3,524288,524288,131072,200.986,38.203,112.924,0.000,19.593,13.348
cube_d4_k155,2,4,131072,131072,32768,48.825,7.062,25.027,0.000,4.781,3.190
cube_d4_k155,2,5,32768,32768,8192,11.050,1.683,6.981,0.000,2.984,0.775
cube_d4_k155,2,6,8192,8192,2048,2.093,0.474,1.577,0.000,0.502,0.270
cube_d4_k155,2,7,2048,2048,512,0.649,0.149,0.336,0.000,0.131,0.052
cube_d4_k155,2,8,512,512,128,0.160,0.039,0.104,0.000,0.035,0.024
cube_d4_k155,2,9,128,128,32,0.053,0.011,0.030,0.000,0.011,0.006
cube_d4_k155,2,10,32,32,8,0.015,0.004,0.011,0.000,0.005,0.002
cube_d4_k155,2,11,8,8,2,0.005,0.002,0.006,0.000,0.004,0.001
cube_d4_k155,2,12,2,0,0,0.002,0.001,0.000,,,
cube_d4_k155,2,0,310,22343250,7447750,14.153,26.274,3603.653,0.000,1421.439,683.682
cube_d4_k155,2,1,7447750,7447750,2091434,3075.920,748.360,1832.667,0.000,485.579,237.311
cube_d4_k155,2,2,2091434,2091434,524288,846.103,216.981,524.490,0.000,93.087,51.924
cube_d4_k155,2,3,524288,524288,131072,233.688,54.136,111.055,0.000,19.878,13.806
cube_d4_k155,2,4,131072,131072,32768,52.577,8.002,24.934,0.000,4.622,3.091
cube_d4_k155,2,5,32768,32768,8192,12.049,1.809,7.073,0.000,3.005,0.834
cube_d4_k155,2,6,8192,8192,2048,2.532,0.527,1.484,0.000,0.495,0.220
cube_d4_k155,2,7,2048,2048,512,0.684,0.157,0.343,0.000,0.135,0.054
cube_d4_k155,2,8,512,512,128,0.185,0.040,0.106,0.000,0.035,0.024
cube_d4_k155,2,9,128,128,32,0.062,0.012,0.031,0.000,0.011,0.006
cube_d4_k155,2,10,32,32,8,0.015,0.004,0.011,0.000,0.005,0.002
cube_d4_k155,2,11,8,8,2,0.006,0.002,0.006,0.000,0.004,0.001
cube_d4_k155,2,12,2,0,0,0.002,0.001,0.000,,,
cube_d4_k155,2,0,310,22343250,7447750,31.287,34.597,3689.331,0.000,1504.588,690.462
cube_d4_k155,2,1,7447750,7447750,2091434,3166.638,778.488,1858.492,0.000,498.298,252.645
cube_d4_k155,2,2,2091434,2091434,524288,884.462,224.269,491.879,0.000,89.854,52.021
cube_d4_k155,2,3,524288,524288,131072,235.584,51.024,113.587,0.000,19.684,13.470
cube_d4_k155,2,4,131072,131072,32768,53.145,8.110,25.361,0.000,4.863,3.135
cube_d4_k155,2,5,32768,32768,8192,11.978,1.847,7.132,0.000,3.070,0.775
cube_d4_k155,2,6,8192,8192,2048,2.627,0.594,1.441,0.000,0.462,0.220
cube_d4_k155,2,7,2048,2048,512,0.726,0.135,0.367,0.000,0.136,0.053
cube_d4_k155,2,8,512,512,128,0.188,0.040,0.104,0.000,0.035,0.023
cube_d4_k155,2,9,128,128,32,0.062,0.012,0.030,0.000,0.011,0.006
cube_d4_k155,2,10,32,32,8,0.016,0.004,0.012,0.000,0.005,0.002
cube_d4_k155,2,11,8,8,2,0.006,0.002,0.006,0.000,0.004,0.001
cube_d4_k155,2,12,2,0,0,0.002,0.001,0.000,,,
cube_d4_k155,2,0,310,22343250,7447750,14.156,27.650,3596.408,0.000,1417.899,687.026
cube_d4_k155,2,1,7447750,7447750,2091434,3174.779,818.023,1861.470,0.000,484.178,247.982
cube_d4_k155,2,2,2091434,2091434,524288,901.840,234.093,503.001,0.000,90.321,52.961
cube_d4_k155,2,3,524288,524288,131072,235.149,54.185,111.416,0.000,19.761,13.437
cube_d4_k155,2,4,131072,131072,32768,53.285,8.274,25.106,0.000,4.710,3.093
cube_d4_k155,2,5,32768,32768,8192,12.003,1.915,7.119,0.000,3.030,0.763
cube_d4_k155,2,6,8192,8192,2048,2.668,0.593,1.481,0.000,0.470,0.227
cube_d4_k155,2,7,2048,2048,512,0.707,0.158,0.341,0.000,0.134,0.053
cube_d4_k155,2,8,512,512,128,0.186,0.041,0.105,0.000,0.035,0.024
cube_d4_k155,2,9,128,128,32,0.063,0.012,0.034,0.000,0.011,0.006
cube_d4_k155,2,10,32,32,8,0.014,0.004,0.011,0.000,0.005,0.002
cube_d4_k155,2,11,8,8,2,0.006,0.002,0.006,0.000,0.004,0.001
cube_d4_k155,2,12,2,0,0,0.002,0.001,0.000,,,
cube_d4_k155,2,0,310,22343250,7447750,14.180,26.145,3643.411,0.000,1467.897,687.613
cube_d4_k155,2,1,7447750,7447750,2091434,3197.899,809.324,1847.737,0.000,478.877,240.564
cube_d4_k155,2,2,2091434,2091434,524288,886.004,231.289,494.514,0.000,87.319,52.154
cube_d4_k155,2,3,524288,524288,131072,235.805,54.626,109.865,0.000,19.780,13.291
cube_d4_k155,2,4,131072,131072,32768,56.379,8.697,25.213,0.000,4.907,3.138
cube_d4_k155,2,5,32768,32768,8192,12.451,1.926,6.939,0.000,2.982,0.753
cube_d4_k155,2,6,8192,8192,2048,2.617,0.569,1.446,0.000,0.450,0.230
cube_d4_k155,2,7,2048,2048,512,0.732,0.173,0.364,0.000,0.133,0.052
cube_d4_k155,2,8,512,512,128,0.188,0.040,0.111,0.000,0.035,0.024
cube_d4_k155,2,9,128,128,32,0.063,0.012,0.029,0.000,0.012,0.006
cube_d4_k155,2,10,32,32,8,0.017,0.004,0.012,0.000,0.005,0.002
cube_d4_k155,2,11,8,8,2,0.006,0.002,0.006,0.000,0.004,0.001
cube_d4_k155,2,12,2,0,0,0.002,0.001,0.000,,,
cube_d4_k155,2,0,310,22343250,7447750,31.158,28.056,3618.352,0.000,1461.886,671.238
cube_d4_k155,2,1,7447750,7447750,2091434,3202.913,817.676,1833.618,0.000,480.915,253.591
cube_d4_k155,2,2,2091434,2091434,524288,893.026,232.466,497.283,0.000,87.485,51.811
cube_d4_k155,2,3,524288,524288,131072,236.114,53.423,110.610,0.000,19.697,13.282
cube_d4_k155,2,4,131072,131072,32768,53.284,8.588,24.995,0.000,4.737,3.070
cube_d4_k155,2,5,32768,32768,8192,12.040,2.040,7.068,0.000,2.937,0.839
cube_d4_k155,2,6,8192,8192,2048,2.673,0.595,1.465,0.000,0.473,0.224
cube_d4_k155,2,7,2048,2048,512,0.754,0.175,0.340,0.000,0.130,0.051
cube_d4_k155,2,8,512,512,128,0.205,0.039,0.118,0.000,0.035,0.024
cube_d4_k155,2,9,128,128,32,0.068,0.012,0.031,0.000,0.011,0.006
cube_d4_k155,2,10,32,32,8,0.015,0.004,0.012,0.000,0.005,0.002
cube_d4_k155,2,11,8,8,2,0.006,0.002,0.006,0.000,0.004,0.001
cube_d4_k155,2,12,2,0,0,0.002,0.001,0.000,,,
cube_d4_k155,4,0,310,22343250,7447750,17.277,24.149,1843.448,0.000,689.731,344.685
cube_d4_k155,4,1,7447750,7447750,2091434,1362.042,308.840,1070.085,0.000,249.151,124.690
cube_d4_k155,4,2,2091434,2091434,524288,373.830,86.172,262.210,0.000,47.901,29.534
cube_d4_k155,4,3,524288,524288,131072,104.434,21.703,53.865,0.000,10.868,7.072
cube_d4_k155,4,4,131072,131072,32768,25.883,4.063,12.911,0.000,2.703,1.690
cube_d4_k155,4,5,32768,32768,8192,5.872,0.983,4.717,0.000,2.764,0.432
cube_d4_k155,4,6,8192,8192,2048,1.362,0.379,0.969,0.000,0.416,0.114
cube_d4_k155,4,7,2048,2048,512,0.419,0.114,0.288,0.000,0.141,0.036
cube_d4_k155,4,8,512,512,128,0.134,0.046,0.104,0.000,0.038,0.026
cube_d4_k155,4,9,128,128,32,0.053,0.012,0.032,0.000,0.012,0.006
cube_d4_k155,4,10,32,32,8,0.016,0.004,0.011,0.000,0.005,0.002
cube_d4_k155,4,11,8,8,2,0.005,0.002,0.006,0.000,0.004,0.001
cube_d4_k155,4,12,2,0,0,0.002,0.001,0.000,,,
cube_d4_k155,4,0,310,22343250,7447750,11.144,14.144,1884.059,0.000,725.956,357.346
cube_d4_k155,4,1,7447750,7447750,2091434,1569.165,371.938,1064.677,0.000,246.754,125.372
cube_d4_k155,4,2,2091434,2091434,524288,435.393,110.939,264.718,0.000,51.687,28.985
cube_d4_k155,4,3,524288,524288,131072,123.275,28.503,60.450,0.000,12.566,8.374
cube_d4_k155,4,4,131072,131072,32768,29.874,5.058,14.550,0.002,3.151,2.055
cube_d4_k155,4,5,32768,32768,8192,7.018,1.080,4.959,0.002,2.690,0.472
cube_d4_k155,4,6,8192,8192,2048,1.579,0.390,0.994,0.000,0.415,0.119
cube_d4_k155,4,7,2048,2048,512,0.473,0.118,0.274,0.000,0.116,0.039
cube_d4_k155,4,8,512,512,128,0.149,0.046,0.099,0.000,0.038,0.026
cube_d4_k155,4,9,128,128,32,0.054,0.013,0.031,0.000,0.012,0.007
cube_d4_k155,4,10,32,32,8,0.017,0.004,0.011,0.000,0.005,0.002
cube_d4_k155,4,11,8,8,2,0.006,0.002,0.006,0.000,0.004,0.001
cube_d4_k155,4,12,2,0,0,0.002,0.001,0.000,,,
cube_d4_k155,4,0,310,22343250,7447750,7.325,14.069,1882.590,0.000,722.761,351.376
cube_d4_k155,4,1,7447750,7447750,2091434,1617.776,394.112,1141.108,0.000,251.849,121.171
cube_d4_k155,4,2,2091434,2091434,524288,424.829,114.963,254.704,0.000,47.101,27.914
cube_d4_k155,4,3,524288,524288,131072,111.083,26.500,53.972,0.000,10.893,7.060
cube_d4_k155,4,4,131072,131072,32768,26.594,4.429,13.080,0.002,2.869,1.645
cube_d4_k155,4,5,32768,32768,8192,6.288,0.999,4.730,0.000,2.785,0.434
cube_d4_k155,4,6,8192,8192,2048,1.618,0.384,0.981,0.000,0.422,0.116
cube_d4_k155,4,7,2048,2048,512,0.463,0.110,0.292,0.000,0.140,0.036
cube_d4_k155,4,8,512,512,128,0.139,0.046,0.107,0.000,0.038,0.026
cube_d4_k155,4,9,128,128,32,0.058,0.013,0.032,0.000,0.012,0.007
cube_d4_k155,4,10,32,32,8,0.017,0.004,0.012,0.000,0.005,0.002
cube_d4_k155,4,11,8,8,2,0.006,0.002,0.006,0.000,0.004,0.001
cube_d4_k155,4,12,2,0,0,0.002,0.001,0.000,,,
cube_d4_k155,4,0,310,22343250,7447750,7.356,14.400,1909.976,0.000,754.292,348.771
cube_d4_k155,4,1,7447750,7447750,2091434,1635.001,405.298,1134.718,0.000,243.136,126.789
cube_d4_k155,4,2,2091434,2091434,524288,440.199,116.673,252.296,0.000,46.750,27.332
cube_d4_k155,4,3,524288,524288,131072,114.505,29.147,54.414,0.000,10.979,7.212
cube_d4_k155,4,4,131072,131072,32768,26.952,4.345,13.355,0.002,2.995,1.640
cube_d4_k155,4,5,32768,32768,8192,6.331,1.084,4.778,0.000,2.791,0.435
cube_d4_k155,4,6,8192,8192,2048,1.567,0.389,0.982,0.000,0.426,0.116
cube_d4_k155,4,7,2048,2048,512,0.466,0.110,0.290,0.000,0.142,0.035
cube_d4_k155,4,8,512,512,128,0.143,0.047,0.107,0.000,0.038,0.026
cube_d4_k155,4,9,128,128,32,0.058,0.013,0.031,0.000,0.012,0.007
cube_d4_k155,4,10,32,32,8,0.018,0.004,0.012,0.000,0.005,0.002
cube_d4_k155,4,11,8,8,2,0.006,0.002,0.007,0.000,0.005,0.001
cube_d4_k155,4,12,2,0,0,0.002,0.001,0.000,,,
cube_d4_k155,4,0,310,22343250,7447750,15.952,15.854,1895.734,0.000,739.416,349.261
cube_d4_k155,4,1,7447750,7447750,2091434,1629.034,406.244,1145.522,0.000,260.077,131.313
cube_d4_k155,4,2,2091434,2091434,524288,456.447,118.797,264.268,0.000,46.939,28.766
cube_d4_k155,4,3,524288,524288,131072,114.440,27.281,55.317,0.000,10.957,7.230
cube_d4_k155,4,4,131072,131072,32768,27.016,4.295,13.360,0.000,2.815,1.656
cube_d4_k155,4,5,32768,32768,8192,6.379,1.099,4.766,0.000,2.762,0.440
cube_d4_k155,4,6,8192,8192,2048,1.584,0.380,0.975,0.000,0.411,0.115
cube_d4_k155,4,7,2048,2048,512,0.471,0.113,0.290,0.000,0.140,0.036
cube_d4_k155,4,8,512,512,128,0.145,0.046,0.103,0.000,0.037,0.027
cube_d4_k155,4,9,128,128,32,0.058,0.013,0.032,0.000,0.012,0.007
cube_d4_k155,4,10,32,32,8,0.017,0.004,0.012,0.000,0.006,0.002
cube_d4_k155,4,11,8,8,2,0.005,0.002,0.006,0.000,0.004,0.001
cube_d4_k155,4,12,2,0,0,0.002,0.001,0.000,,,
cube_d4_k155,4,0,310,22343250,7447750,7.339,14.143,1928.304,0.000,749.774,360.029
cube_d4_k155,4,1,7447750,7447750,2091434,1661.101,408.583,1132.593,0.000,245.376,127.381
cube_d4_k155,4,2,2091434,2091434,524288,452.674,118.825,261.894,0.000,47.240,29.475
cube_d4_k155,4,3,524288,524288,131072,116.012,27.535,55.314,0.000,10.988,7.195
cube_d4_k155,4,4,131072,131072,32768,27.570,4.555,13.233,0.001,2.718,1.670
cube_d4_k155,4,5,32768,32768,8192,6.253,1.141,4.821,0.000,2.785,0.451
cube_d4_k155,4,6,8192,8192,2048,1.609,0.382,1.004,0.000,0.418,0.125
cube_d4_k155,4,7,2048,2048,512,0.467,0.119,0.291,0.000,0.140,0.036
cube_d4_k155,4,8,512,512,128,0.142,0.046,0.105,0.000,0.038,0.027
cube_d4_k155,4,9,128,128,32,0.058,0.013,0.030,0.000,0.012,0.007
cube_d4_k155,4,10,32,32,8,0.020,0.005,0.012,0.000,0.005,0.002
cube_d4_k155,4,11,8,8,2,0.006,0.002,0.006,0.000,0.004,0.001
cube_d4_k155,4,12,2,0,0,0.002,0.001,0.000,,,
cube_d4_k155,8,0,310,22343250,7447750,11.608,15.611,1177.809,0.000,402.817,239.779
cube_d4_k155,8,1,7447750,7447750,2091434,792.741,180.699,717.382,0.000,143.415,85.456
cube_d4_k155,8,2,2091434,2091434,524288,233.636,55.141,164.079,0.000,25.835,21.389
cube_d4_k155,8,3,524288,524288,131072,77.734,13.564,38.720,0.000,6.191,6.141
cube_d4_k155,8,4,131072,131072,32768,18.080,2.824,10.742,0.000,1.819,1.374
cube_d4_k155,8,5,32768,32768,8192,3.924,0.773,4.895,0.000,3.295,0.378
cube_d4_k155,8,6,8192,8192,2048,1.395,0.436,1.119,0.000,0.559,0.122
cube_d4_k155,8,7,2048,2048,512,0.390,0.141,0.377,0.000,0.158,0.044
cube_d4_k155,8,8,512,512,128,0.133,0.061,0.125,0.000,0.049,0.038
cube_d4_k155,8,9,128,128,32,0.069,0.018,0.048,0.000,0.019,0.009
cube_d4_k155,8,10,32,32,8,0.017,0.007,0.013,0.000,0.006,0.002
cube_d4_k155,8,11,8,8,2,0.006,0.002,0.006,0.000,0.003,0.001
cube_d4_k155,8,12,2,0,0,0.003,0.001,0.000,,,
cube_d4_k155,8,0,310,22343250,7447750,5.063,9.001,1127.396,0.000,447.226,243.849
cube_d4_k155,8,1,7447750,7447750,2091434,930.267,222.808,680.426,0.000,144.251,86.172
cube_d4_k155,8,2,2091434,2091434,524288,277.717,64.630,167.133,0.000,28.653,22.431
cube_d4_k155,8,3,524288,524288,131072,78.809,14.819,41.328,0.000,6.768,7.510
cube_d4_k155,8,4,131072,131072,32768,17.690,3.050,9.535,0.000,1.916,1.481
cube_d4_k155,8,5,32768,32768,8192,4.145,0.905,4.885,0.000,3.226,0.402
cube_d4_k155,8,6,8192,8192,2048,1.373,0.429,1.143,0.000,0.559,0.126
cube_d4_k155,8,7,2048,2048,512,0.380,0.151,0.318,0.000,0.145,0.047
cube_d4_k155,8,8,512,512,128,0.133,0.044,0.137,0.000,0.046,0.038
cube_d4_k155,8,9,128,128,32,0.091,0.018,0.047,0.000,0.018,0.011
cube_d4_k155,8,10,32,32,8,0.018,0.006,0.014,0.000,0.006,0.002
cube_d4_k155,8,11,8,8,2,0.007,0.002,0.006,0.000,0.003,0.001
cube_d4_k155,8,12,2,0,0,0.002,0.001,0.000,,,
cube_d4_k155,8,0,310,22343250,7447750,5.457,9.161,1097.817,0.000,413.241,238.039
cube_d4_k155,8,1,7447750,7447750,2091434,945.984,234.664,675.366,0.000,145.088,88.310
cube_d4_k155,8,2,2091434,2091434,524288,271.511,65.231,161.267,0.000,26.357,20.101
cube_d4_k155,8,3,524288,524288,131072,75.244,14.822,37.487,0.000,6.682,5.924
cube_d4_k155,8,4,131072,131072,32768,17.917,3.194,9.474,0.000,1.924,1.364
cube_d4_k155,8,5,32768,32768,8192,4.026,0.833,4.661,0.000,3.072,0.379
cube_d4_k155,8,6,8192,8192,2048,1.387,0.444,1.068,0.000,0.524,0.137
cube_d4_k155,8,7,2048,2048,512,0.393,0.125,0.334,0.000,0.167,0.041
cube_d4_k155,8,8,512,512,128,0.137,0.047,0.122,0.000,0.046,0.038
cube_d4_k155,8,9,128,128,32,0.073,0.017,0.038,0.000,0.017,0.006
cube_d4_k155,8,10,32,32,8,0.041,0.006,0.012,0.000,0.006,0.002
cube_d4_k155,8,11,8,8,2,0.008,0.002,0.006,0.000,0.003,0.001
cube_d4_k155,8,12,2,0,0,0.002,0.001,0.000,,,
cube_d4_k155,8,0,310,22343250,7447750,5.159,9.353,1090.300,0.000,399.373,241.134
cube_d4_k155,8,1,7447750,7447750,2091434,930.195,235.771,688.993,0.000,149.345,90.558
cube_d4_k155,8,2,2091434,2091434,524288,265.542,64.105,155.051,0.000,26.331,20.088
cube_d4_k155,8,3,524288,524288,131072,78.630,14.004,38.520,0.000,6.262,5.926
cube_d4_k155,8,4,131072,131072,32768,18.364,3.159,9.439,0.000,1.914,1.351
cube_d4_k155,8,5,32768,32768,8192,4.118,0.866,4.659,0.000,3.085,0.377
cube_d4_k155,8,6,8192,8192,2048,1.442,0.425,1.205,0.000,0.578,0.128
cube_d4_k155,8,7,2048,2048,512,0.421,0.129,0.342,0.000,0.149,0.076
cube_d4_k155,8,8,512,512,128,0.148,0.051,0.126,0.000,0.045,0.040
cube_d4_k155,8,9,128,128,32,0.068,0.017,0.038,0.000,0.017,0.007
cube_d4_k155,8,10,32,32,8,0.017,0.006,0.013,0.000,0.006,0.002
cube_d4_k155,8,11,8,8,2,0.008,0.002,0.006,0.000,0.004,0.001
cube_d4_k155,8,12,2,0,0,0.003,0.001,0.000,,,
cube_d4_k155,8,0,310,22343250,7447750,5.065,9.307,1117.253,0.000,405.145,234.971
cube_d4_k155,8,1,7447750,7447750,2091434,946.748,239.786,636.108,0.000,142.242,83.070
cube_d4_k155,8,2,2091434,2091434,524288,268.112,65.590,156.393,0.000,26.909,20.015
cube_d4_k155,8,3,524288,524288,131072,78.048,15.865,37.645,0.000,6.549,6.008
cube_d4_k155,8,4,131072,131072,32768,17.704,3.071,9.352,0.000,1.939,1.345
cube_d4_k155,8,5,32768,32768,8192,4.014,0.799,4.601,0.000,3.060,0.363
cube_d4_k155,8,6,8192,8192,2048,1.387,0.427,1.091,0.000,0.540,0.120
cube_d4_k155,8,7,2048,2048,512,0.427,0.130,0.313,0.000,0.143,0.044
cube_d4_k155,8,8,512,512,128,0.149,0.045,0.129,0.000,0.049,0.037
cube_d4_k155,8,9,128,128,32,0.093,0.017,0.046,0.000,0.018,0.010
cube_d4_k155,8,10,32,32,8,0.017,0.007,0.013,0.000,0.006,0.002
cube_d4_k155,8,11,8,8,2,0.007,0.002,0.006,0.000,0.003,0.001
cube_d4_k155,8,12,2,0,0,0.002,0.001,0.000,,,
cube_d4_k155,8,0,310,22343250,7447750,5.248,9.136,1091.400,0.000,397.203,238.041
cube_d4_k155,8,1,7447750,7447750,2091434,964.972,245.974,687.731,0.000,159.309,86.549
cube_d4_k155,8,2,2091434,2091434,524288,268.555,67.238,161.613,0.000,26.722,20.704
cube_d4_k155,8,3,524288,524288,131072,74.664,14.728,37.971,0.000,6.526,6.003
cube_d4_k155,8,4,131072,131072,32768,17.421,3.007,9.466,0.000,1.967,1.381
cube_d4_k155,8,5,32768,32768,8192,3.955,0.832,4.813,0.000,3.264,0.369
cube_d4_k155,8,6,8192,8192,2048,1.387,0.416,1.145,0.000,0.614,0.119
cube_d4_k155,8,7,2048,2048,512,0.382,0.124,0.351,0.000,0.161,0.045
cube_d4_k155,8,8,512,512,128,0.126,0.045,0.124,0.000,0.049,0.035
cube_d4_k155,8,9,128,128,32,0.069,0.017,0.046,0.000,0.018,0.010
cube_d4_k155,8,10,32,32,8,0.025,0.007,0.013,0.000,0.006,0.002
cube_d4_k155,8,11,8,8,2,0.007,0.002,0.006,0.000,0.003,0.001
cube_d4_k155,8,12,2,0,0,0.002,0.001,0.000,,,
cube_d4_k155,16,0,310,22343250,7447750,5.871,9.001,653.847,0.000,306.546,111.400
cube_d4_k155,16,1,7447750,7447750,2091434,378.150,92.877,314.685,0.000,75.905,37.702
cube_d4_k155,16,2,2091434,2091434,524288,114.181,28.750,80.400,0.000,15.126,10.093
cube_d4_k155,16,3,524288,524288,131072,37.332,8.260,21.222,0.000,4.554,3.377
cube_d4_k155,16,4,131072,131072,32768,9.806,2.033,5.508,0.000,1.286,0.847
cube_d4_k155,16,5,32768,32768,8192,2.228,0.536,4.293,0.000,3.280,0.250
cube_d4_k155,16,6,8192,8192,2048,1.081,0.389,1.080,0.000,0.652,0.083
cube_d4_k155,16,7,2048,2048,512,0.276,0.149,0.317,0.000,0.172,0.037
cube_d4_k155,16,8,512,512,128,0.103,0.043,0.105,0.000,0.047,0.017
cube_d4_k155,16,9,128,128,32,0.040,0.021,0.050,0.000,0.021,0.009
cube_d4_k155,16,10,32,32,8,0.018,0.008,0.016,0.000,0.008,0.003
cube_d4_k155,16,11,8,8,2,0.009,0.003,0.007,0.000,0.004,0.001
cube_d4_k155,16,12,2,0,0,0.003,0.001,0.000,,,
cube_d4_k155,16,0,310,22343250,7447750,4.141,8.637,636.825,0.000,260.703,128.913
cube_d4_k155,16,1,7447750,7447750,2091434,486.010,120.854,351.400,0.000,83.135,47.344
cube_d4_k155,16,2,2091434,2091434,524288,145.485,34.514,84.320,0.000,16.471,12.383
cube_d4_k155,16,3,524288,524288,131072,41.530,8.954,20.603,0.000,3.973,3.103
cube_d4_k155,16,4,131072,131072,32768,9.784,2.110,5.353,0.000,1.245,0.867
cube_d4_k155,16,5,32768,32768,8192,2.245,0.565,4.233,0.000,3.162,0.254
cube_d4_k155,16,6,8192,8192,2048,1.086,0.349,1.017,0.000,0.552,0.089
cube_d4_k155,16,7,2048,2048,512,0.291,0.145,0.308,0.000,0.144,0.053
cube_d4_k155,16,8,512,512,128,0.103,0.048,0.102,0.000,0.043,0.018
cube_d4_k155,16,9,128,128,32,0.044,0.023,0.048,0.000,0.018,0.011
cube_d4_k155,16,10,32,32,8,0.017,0.007,0.014,0.000,0.007,0.002
cube_d4_k155,16,11,8,8,2,0.009,0.003,0.006,0.000,0.004,0.001
cube_d4_k155,16,12,2,0,0,0.003,0.001,0.000,,,
cube_d4_k155,16,0,310,22343250,7447750,4.412,8.859,612.593,0.000,232.421,136.255
cube_d4_k155,16,1,7447750,7447750,2091434,496.815,124.144,347.639,0.000,78.218,45.930
cube_d4_k155,16,2,2091434,2091434,524288,140.394,35.961,89.221,0.000,23.949,10.917
cube_d4_k155,16,3,524288,524288,131072,41.364,9.015,22.206,0.000,5.531,3.103
cube_d4_k155,16,4,131072,131072,32768,10.014,2.206,5.510,0.000,1.266,0.884
cube_d4_k155,16,5,32768,32768,8192,2.360,0.585,5.184,0.000,4.179,0.247
cube_d4_k155,16,6,8192,8192,2048,1.125,0.360,0.995,0.000,0.541,0.093
cube_d4_k155,16,7,2048,2048,512,0.303,0.157,0.334,0.000,0.171,0.034
cube_d4_k155,16,8,512,512,128,0.090,0.047,0.100,0.000,0.041,0.018
cube_d4_k155,16,9,128,128,32,0.039,0.024,0.046,0.000,0.018,0.009
cube_d4_k155,16,10,32,32,8,0.017,0.007,0.014,0.000,0.006,0.002
cube_d4_k155,16,11,8,8,2,0.011,0.003,0.006,0.000,0.004,0.001
cube_d4_k155,16,12,2,0,0,0.003,0.001,0.000,,,
cube_d4_k155,16,0,310,22343250,7447750,4.587,8.669,614.213,0.000,232.007,138.585
cube_d4_k155,16,1,7447750,7447750,2091434,511.710,134.246,364.267,0.000,81.075,48.715
cube_d4_k155,16,2,2091434,2091434,524288,142.174,37.046,82.715,0.000,15.428,10.766
cube_d4_k155,16,3,524288,524288,131072,40.720,8.494,21.621,0.000,3.789,3.116
cube_d4_k155,16,4,131072,131072,32768,9.621,2.273,5.653,0.000,1.294,0.866
cube_d4_k155,16,5,32768,32768,8192,2.302,0.617,4.174,0.000,3.082,0.250
cube_d4_k155,16,6,8192,8192,2048,1.150,0.362,1.019,0.000,0.578,0.083
cube_d4_k155,16,7,2048,2048,512,0.327,0.146,0.311,0.000,0.162,0.050
cube_d4_k155,16,8,512,512,128,0.090,0.047,0.097,0.000,0.042,0.017
cube_d4_k155,16,9,128,128,32,0.039,0.021,0.051,0.000,0.018,0.011
cube_d4_k155,16,10,32,32,8,0.017,0.006,0.014,0.000,0.006,0.002
cube_d4_k155,16,11,8,8,2,0.008,0.003,0.006,0.000,0.004,0.001
cube_d4_k155,16,12,2,0,0,0.003,0.001,0.000,,,
cube_d4_k155,16,0,310,22343250,7447750,4.363,8.373,602.633,0.000,220.530,132.500
cube_d4_k155,16,1,7447750,7447750,2091434,512.647,128.639,362.557,0.000,90.767,46.633
cube_d4_k155,16,2,2091434,2091434,524288,147.880,36.644,94.962,0.000,15.576,10.796
cube_d4_k155,16,3,524288,524288,131072,40.782,10.986,20.312,0.000,3.879,3.101
cube_d4_k155,16,4,131072,131072,32768,9.837,2.239,5.467,0.000,1.289,0.785
cube_d4_k155,16,5,32768,32768,8192,2.304,0.591,4.185,0.000,3.167,0.249
cube_d4_k155,16,6,8192,8192,2048,1.082,0.358,0.937,0.000,0.533,0.079
cube_d4_k155,16,7,2048,2048,512,0.354,0.143,0.330,0.000,0.166,0.047
cube_d4_k155,16,8,512,512,128,0.085,0.048,0.105,0.000,0.042,0.021
cube_d4_k155,16,9,128,128,32,0.042,0.023,0.050,0.000,0.021,0.011
cube_d4_k155,16,10,32,32,8,0.016,0.007,0.015,0.000,0.007,0.002
cube_d4_k155,16,11,8,8,2,0.010,0.003,0.006,0.000,0.004,0.001
cube_d4_k155,16,12,2,0,0,0.003,0.001,0.000,,,
cube_d4_k155,16,0,310,22343250,7447750,10.754,8.302,620.472,0.000,249.962,125.405
cube_d4_k155,16,1,7447750,7447750,2091434,501.063,128.258,359.882,0.000,79.923,46.405
cube_d4_k155,16,2,2091434,2091434,524288,143.652,36.252,85.156,0.000,15.393,11.721
cube_d4_k155,16,3,524288,524288,131072,43.514,8.285,20.733,0.000,3.864,3.048
cube_d4_k155,16,4,131072,131072,32768,9.895,1.994,5.519,0.000,1.278,0.837
cube_d4_k155,16,5,32768,32768,8192,2.417,0.582,3.965,0.000,2.980,0.237
cube_d4_k155,16,6,8192,8192,2048,1.077,0.354,1.010,0.000,0.563,0.087
cube_d4_k155,16,7,2048,2048,512,0.313,0.155,0.301,0.000,0.159,0.036
cube_d4_k155,16,8,512,512,128,0.107,0.049,0.101,0.000,0.045,0.019
cube_d4_k155,16,9,128,128,32,0.038,0.021,0.047,0.000,0.018,0.010
cube_d4_k155,16,10,32,32,8,0.017,0.008,0.014,0.000,0.007,0.002
cube_d4_k155,16,11,8,8,2,0.009,0.003,0.006,0.000,0.004,0.001
cube_d4_k155,16,12,2,0,0,0.003,0.001,0.000,,,
cube_d4_k155,32,0,310,22343250,7447750,6.625,9.438,512.842,0.000,280.893,74.233
cube_d4_k155,32,1,7447750,7447750,2091434,244.313,63.761,202.490,0.000,52.548,25.106
cube_d4_k155,32,2,2091434,2091434,524288,73.340,21.976,50.859,0.000,11.788,7.042
cube_d4_k155,32,3,524288,524288,131072,22.627,5.570,11.764,0.000,2.670,1.876
cube_d4_k155,32,4,131072,131072,32768,5.339,1.227,3.130,0.000,0.857,0.493
cube_d4_k155,32,5,32768,32768,8192,1.332,0.339,3.464,0.000,2.898,0.140
cube_d4_k155,32,6,8192,8192,2048,1.042,0.353,0.825,0.000,0.502,0.051
cube_d4_k155,32,7,2048,2048,512,0.302,0.108,0.257,0.000,0.146,0.025
cube_d4_k155,32,8,512,512,128,0.089,0.040,0.099,0.000,0.047,0.015
cube_d4_k155,32,9,128,128,32,0.032,0.023,0.049,0.000,0.021,0.011
cube_d4_k155,32,10,32,32,8,0.015,0.008,0.020,0.000,0.010,0.004
cube_d4_k155,32,11,8,8,2,0.011,0.003,0.010,0.000,0.006,0.001
cube_d4_k155,32,12,2,0,0,0.004,0.002,0.000,,,
cube_d4_k155,32,0,310,22343250,7447750,3.421,7.612,475.680,0.000,237.919,77.340
cube_d4_k155,32,1,7447750,7447750,2091434,263.963,80.524,205.574,0.000,50.686,25.334
cube_d4_k155,32,2,2091434,2091434,524288,88.322,21.578,49.582,0.000,10.859,6.826
cube_d4_k155,32,3,524288,524288,131072,22.911,5.731,17.571,0.000,2.514,8.009
cube_d4_k155,32,4,131072,131072,32768,6.981,1.151,3.194,0.000,0.842,0.516
cube_d4_k155,32,5,32768,32768,8192,1.368,0.341,3.537,0.000,2.945,0.149
cube_d4_k155,32,6,8192,8192,2048,1.099,0.325,0.857,0.000,0.503,0.065
cube_d4_k155,32,7,2048,2048,512,0.309,0.106,0.264,0.000,0.143,0.028
cube_d4_k155,32,8,512,512,128,0.104,0.042,0.100,0.000,0.049,0.015
cube_d4_k155,32,9,128,128,32,0.034,0.024,0.051,0.000,0.021,0.010
cube_d4_k155,32,10,32,32,8,0.021,0.009,0.020,0.000,0.010,0.004
cube_d4_k155,32,11,8,8,2,0.013,0.004,0.010,0.000,0.006,0.001
cube_d4_k155,32,12,2,0,0,0.004,0.002,0.000,,,
cube_d4_k155,32,0,310,22343250,7447750,3.710,7.931,477.401,0.000,243.657,77.182
cube_d4_k155,32,1,7447750,7447750,2091434,269.260,75.150,198.090,0.000,49.931,25.723
cube_d4_k155,32,2,2091434,2091434,524288,75.413,24.091,48.014,0.000,10.889,6.539
cube_d4_k155,32,3,524288,524288,131072,23.174,5.658,12.822,0.000,2.622,1.845
cube_d4_k155,32,4,131072,131072,32768,10.521,1.260,3.287,0.000,0.858,0.531
cube_d4_k155,32,5,32768,32768,8192,1.319,0.405,3.294,0.000,2.670,0.164
cube_d4_k155,32,6,8192,8192,2048,0.883,0.315,0.757,0.000,0.451,0.063
cube_d4_k155,32,7,2048,2048,512,0.252,0.104,0.253,0.000,0.131,0.029
cube_d4_k155,32,8,512,512,128,0.079,0.043,0.088,0.000,0.039,0.015
cube_d4_k155,32,9,128,128,32,0.057,0.025,0.045,0.000,0.017,0.010
cube_d4_k155,32,10,32,32,8,0.015,0.007,0.014,0.000,0.007,0.002
cube_d4_k155,32,11,8,8,2,0.009,0.003,0.006,0.000,0.004,0.001
cube_d4_k155,32,12,2,0,0,0.003,0.001,0.000,,,
cube_d4_k155,32,0,310,22343250,7447750,3.896,7.990,417.088,0.000,194.116,73.452
cube_d4_k155,32,1,7447750,7447750,2091434,269.571,81.133,194.399,0.000,47.386,25.326
cube_d4_k155,32,2,2091434,2091434,524288,81.647,21.786,47.505,0.000,9.665,6.210
cube_d4_k155,32,3,524288,524288,131072,23.036,5.671,11.823,0.000,2.647,1.740
cube_d4_k155,32,4,131072,131072,32768,5.790,1.290,3.347,0.000,0.884,0.534
cube_d4_k155,32,5,32768,32768,8192,1.379,0.391,3.420,0.000,2.751,0.172
cube_d4_k155,32,6,8192,8192,2048,0.830,0.331,0.789,0.000,0.479,0.057
cube_d4_k155,32,7,2048,2048,512,0.258,0.117,0.260,0.000,0.136,0.035
cube_d4_k155,32,8,512,512,128,0.092,0.045,0.089,0.000,0.040,0.017
cube_d4_k155,32,9,128,128,32,0.035,0.023,0.045,0.000,0.019,0.009
cube_d4_k155,32,10,32,32,8,0.019,0.007,0.013,0.000,0.006,0.002
cube_d4_k155,32,11,8,8,2,0.008,0.002,0.006,0.000,0.004,0.001
cube_d4_k155,32,12,2,0,0,0.003,0.001,0.000,,,
cube_d4_k155,32,0,310,22343250,7447750,3.992,7.665,403.582,0.000,175.526,73.353
cube_d4_k155,32,1,7447750,7447750,2091434,256.533,71.983,189.497,0.000,46.789,24.987
cube_d4_k155,32,2,2091434,2091434,524288,74.773,24.803,47.535,0.000,10.812,6.274
cube_d4_k155,32,3,524288,524288,131072,23.774,5.396,11.943,0.000,2.689,1.741
cube_d4_k155,32,4,131072,131072,32768,5.935,1.560,3.312,0.000,0.838,0.516
cube_d4_k155,32,5,32768,32768,8192,1.378,0.422,4.035,0.000,3.338,0.167
cube_d4_k155,32,6,8192,8192,2048,0.821,0.322,0.842,0.000,0.523,0.066
cube_d4_k155,32,7,2048,2048,512,0.259,0.109,0.298,0.000,0.165,0.033
cube_d4_k155,32,8,512,512,128,0.089,0.072,0.109,0.000,0.045,0.022
cube_d4_k155,32,9,128,128,32,0.044,0.022,0.048,0.000,0.018,0.010
cube_d4_k155,32,10,32,32,8,0.019,0.008,0.022,0.000,0.007,0.003
cube_d4_k155,32,11,8,8,2,0.011,0.003,0.006,0.000,0.004,0.001
cube_d4_k155,32,12,2,0,0,0.003,0.001,0.000,,,
cube_d4_k155,32,0,310,22343250,7447750,4.180,7.552,374.656,0.000,160.664,73.351
cube_d4_k155,32,1,7447750,7447750,2091434,258.302,73.442,187.958,0.000,46.145,25.408
cube_d4_k155,32,2,2091434,2091434,524288,81.139,23.534,46.558,0.000,9.846,6.141
cube_d4_k155,32,3,524288,524288,131072,23.285,5.502,12.090,0.000,2.594,1.730
cube_d4_k155,32,4,131072,131072,32768,5.594,1.668,3.306,0.000,0.859,0.531
cube_d4_k155,32,5,32768,32768,8192,1.365,0.462,3.896,0.000,3.228,0.169
cube_d4_k155,32,6,8192,8192,2048,0.870,0.321,0.942,0.000,0.577,0.064
cube_d4_k155,32,7,2048,2048,512,0.266,0.131,0.311,0.000,0.169,0.036
cube_d4_k155,32,8,512,512,128,0.088,0.052,0.102,0.000,0.045,0.017
cube_d4_k155,32,9,128,128,32,0.045,0.024,0.051,0.000,0.019,0.011
cube_d4_k155,32,10,32,32,8,0.018,0.008,0.014,0.000,0.007,0.002
cube_d4_k155,32,11,8,8,2,0.008,0.003,0.006,0.000,0.004,0.001
cube_d4_k155,32,12,2,0,0,0.003,0.001,0.000,,,
cube_d4_k155,64,0,310,22343250,7447750,9.224,12.249,456.170,0.000,247.142,49.284
cube_d4_k155,64,1,7447750,7447750,2091434,141.847,36.186,137.943,0.000,35.774,16.751
cube_d4_k155,64,2,2091434,2091434,524288,48.334,12.739,31.826,0.000,7.538,4.630
cube_d4_k155,64,3,524288,524288,131072,16.970,3.979,8.558,0.000,1.880,1.195
cube_d4_k155,64,4,131072,131072,32768,4.187,1.136,2.613,0.000,0.741,0.379
cube_d4_k155,64,5,32768,32768,8192,1.109,0.365,4.500,0.000,3.929,0.137
cube_d4_k155,64,6,8192,8192,2048,1.101,0.423,1.153,0.000,0.784,0.057
cube_d4_k155,64,7,2048,2048,512,0.324,0.143,0.360,0.000,0.213,0.035
cube_d4_k155,64,8,512,512,128,0.122,0.058,0.138,0.000,0.060,0.033
cube_d4_k155,64,9,128,128,32,0.068,0.032,0.070,0.000,0.025,0.019
cube_d4_k155,64,10,32,32,8,0.030,0.010,0.027,0.000,0.010,0.004
cube_d4_k155,64,11,8,8,2,0.014,0.004,0.010,0.000,0.006,0.001
cube_d4_k155,64,12,2,0,0,0.004,0.001,0.000,,,
cube_d4_k155,64,0,310,22343250,7447750,2.084,3.829,322.474,0.000,188.540,46.837
cube_d4_k155,64,1,7447750,7447750,2091434,187.547,41.923,128.766,0.000,31.567,15.938
cube_d4_k155,64,2,2091434,2091434,524288,66.934,13.378,38.212,0.000,7.339,12.630
cube_d4_k155,64,3,524288,524288,131072,16.819,4.363,8.770,0.000,1.934,1.191
cube_d4_k155,64,4,131072,131072,32768,4.409,1.293,2.591,0.000,0.779,0.377
cube_d4_k155,64,5,32768,32768,8192,1.029,0.364,3.871,0.000,3.322,0.137
cube_d4_k155,64,6,8192,8192,2048,1.023,0.350,0.949,0.000,0.609,0.063
cube_d4_k155,64,7,2048,2048,512,0.301,0.107,0.306,0.000,0.181,0.032
cube_d4_k155,64,8,512,512,128,0.109,0.049,0.102,0.000,0.046,0.019
cube_d4_k155,64,9,128,128,32,0.058,0.028,0.047,0.000,0.018,0.011
cube_d4_k155,64,10,32,32,8,0.025,0.014,0.015,0.000,0.007,0.002
cube_d4_k155,64,11,8,8,2,0.019,0.003,0.006,0.000,0.004,0.001
cube_d4_k155,64,12,2,0,0,0.003,0.001,0.000,,,
cube_d4_k155,64,0,310,22343250,7447750,2.985,3.951,245.438,0.000,113.836,45.216
cube_d4_k155,64,1,7447750,7447750,2091434,150.155,41.307,134.496,0.000,47.357,15.509
cube_d4_k155,64,2,2091434,2091434,524288,48.185,13.692,41.044,0.000,19.037,3.943
cube_d4_k155,64,3,524288,524288,131072,15.947,4.186,8.247,0.000,1.889,1.187
cube_d4_k155,64,4,131072,131072,32768,4.181,1.298,2.459,0.000,0.759,0.379
cube_d4_k155,64,5,32768,32768,8192,1.116,0.397,3.800,0.000,3.247,0.151
cube_d4_k155,64,6,8192,8192,2048,0.868,0.311,0.885,0.000,0.532,0.063
cube_d4_k155,64,7,2048,2048,512,0.323,0.116,0.328,0.000,0.189,0.039
cube_d4_k155,64,8,512,512,128,0.117,0.062,0.116,0.000,0.049,0.025
cube_d4_k155,64,9,128,128,32,0.048,0.025,0.059,0.001,0.021,0.015
cube_d4_k155,64,10,32,32,8,0.022,0.012,0.015,0.000,0.007,0.002
cube_d4_k155,64,11,8,8,2,0.010,0.003,0.006,0.000,0.004,0.001
cube_d4_k155,64,12,2,0,0,0.002,0.001,0.000,,,
cube_d4_k155,64,0,310,22343250,7447750,2.071,11.056,283.702,0.000,119.734,45.531
cube_d4_k155,64,1,7447750,7447750,2091434,155.334,45.301,118.760,0.000,31.348,18.027
cube_d4_k155,64,2,2091434,2091434,524288,54.284,13.067,27.886,0.000,6.913,3.688
cube_d4_k155,64,3,524288,524288,131072,14.928,3.921,7.983,0.000,1.934,1.096
cube_d4_k155,64,4,131072,131072,32768,3.874,1.091,2.449,0.000,0.761,0.354
cube_d4_k155,64,5,32768,32768,8192,1.016,0.373,3.783,0.000,3.237,0.138
cube_d4_k155,64,6,8192,8192,2048,0.899,0.336,0.902,0.000,0.564,0.061
cube_d4_k155,64,7,2048,2048,512,0.356,0.129,0.353,0.000,0.226,0.044
cube_d4_k155,64,8,512,512,128,0.098,0.054,0.133,0.000,0.051,0.038
cube_d4_k155,64,9,128,128,32,0.073,0.033,0.062,0.000,0.023,0.014
cube_d4_k155,64,10,32,32,8,0.030,0.018,0.018,0.000,0.009,0.003
cube_d4_k155,64,11,8,8,2,0.015,0.003,0.007,0.000,0.004,0.001
cube_d4_k155,64,12,2,0,0,0.003,0.001,0.000,,,
cube_d4_k155,64,0,310,22343250,7447750,2.002,3.954,231.988,0.000,103.350,44.775
cube_d4_k155,64,1,7447750,7447750,2091434,140.602,39.525,110.285,0.000,28.070,14.275
cube_d4_k155,64,2,2091434,2091434,524288,46.405,12.678,29.743,0.000,8.773,3.748
cube_d4_k155,64,3,524288,524288,131072,14.781,3.725,7.819,0.000,1.859,1.127
cube_d4_k155,64,4,131072,131072,32768,3.966,1.419,2.374,0.001,0.700,0.357
cube_d4_k155,64,5,32768,32768,8192,0.995,0.373,3.796,0.000,3.240,0.138
cube_d4_k155,64,6,8192,8192,2048,0.948,0.337,0.906,0.000,0.569,0.068
cube_d4_k155,64,7,2048,2048,512,0.351,0.133,0.328,0.000,0.197,0.033
cube_d4_k155,64,8,512,512,128,0.104,0.053,0.118,0.000,0.049,0.023
cube_d4_k155,64,9,128,128,32,0.055,0.027,0.062,0.000,0.024,0.015
cube_d4_k155,64,10,32,32,8,0.030,0.007,0.014,0.000,0.007,0.002
cube_d4_k155,64,11,8,8,2,0.013,0.003,0.006,0.000,0.004,0.001
cube_d4_k155,64,12,2,0,0,0.003,0.001,0.000,,,
cube_d4_k155,64,0,310,22343250,7447750,1.966,3.982,233.058,0.000,106.882,42.938
cube_d4_k155,64,1,7447750,7447750,2091434,163.176,39.618,107.926,0.000,27.493,14.190
cube_d4_k155,64,2,2091434,2091434,524288,51.592,13.021,28.065,0.000,7.222,3.795
cube_d4_k155,64,3,524288,524288,131072,15.969,4.168,7.984,0.000,1.911,1.118
cube_d4_k155,64,4,131072,131072,32768,4.252,1.075,3.137,0.000,1.270,0.372
cube_d4_k155,64,5,32768,32768,8192,1.026,0.369,8.405,0.000,3.666,0.539
cube_d4_k155,64,6,8192,8192,2048,4.630,0.619,1.184,0.000,0.821,0.061
cube_d4_k155,64,7,2048,2048,512,0.788,0.123,0.357,0.000,0.211,0.037
cube_d4_k155,64,8,512,512,128,0.238,0.053,0.150,0.000,0.062,0.036
cube_d4_k155,64,9,128,128,32,0.073,0.034,0.067,0.000,0.024,0.019
cube_d4_k155,64,10,32,32,8,0.035,0.010,0.031,0.000,0.010,0.004
cube_d4_k155,64,11,8,8,2,0.020,0.004,0.010,0.000,0.006,0.001
cube_d4_k155,64,12,2,0,0,0.004,0.001,0.000,,,
cube_d4_k155,128,0,310,22343250,7447750,10.078,9.586,457.915,0.000,361.452,32.598
cube_d4_k155,128,1,7447750,7447750,2091434,84.651,25.703,87.419,0.000,28.977,10.989
cube_d4_k155,128,2,2091434,2091434,524288,33.614,9.516,29.186,0.000,6.678,3.378
cube_d4_k155,128,3,524288,524288,131072,12.798,3.442,6.509,0.000,1.666,0.895
cube_d4_k155,128,4,131072,131072,32768,3.225,1.116,2.323,0.000,0.821,0.310
cube_d4_k155,128,5,32768,32768,8192,0.939,0.398,3.885,0.000,3.382,0.135
cube_d4_k155,128,6,8192,8192,2048,1.258,0.348,1.012,0.000,0.641,0.063
cube_d4_k155,128,7,2048,2048,512,0.349,0.130,0.391,0.000,0.214,0.054
cube_d4_k155,128,8,512,512,128,0.128,0.055,0.171,0.000,0.060,0.052
cube_d4_k155,128,9,128,128,32,0.072,0.028,0.081,0.000,0.030,0.026
cube_d4_k155,128,10,32,32,8,0.029,0.010,0.021,0.000,0.010,0.004
cube_d4_k155,128,11,8,8,2,0.018,0.004,0.011,0.000,0.006,0.001
cube_d4_k155,128,12,2,0,0,0.005,0.002,0.000,,,
cube_d4_k155,128,0,310,22343250,7447750,3.499,4.086,324.611,0.000,221.096,29.422
cube_d4_k155,128,1,7447750,7447750,2091434,135.286,27.746,80.275,0.000,21.392,10.843
cube_d4_k155,128,2,2091434,2091434,524288,34.445,9.930,27.025,0.000,6.442,8.340
cube_d4_k155,128,3,524288,524288,131072,13.306,3.261,6.541,0.000,1.690,0.941
cube_d4_k155,128,4,131072,131072,32768,3.197,0.981,2.331,0.000,0.844,0.298
cube_d4_k155,128,5,32768,32768,8192,0.928,0.380,3.815,0.000,3.318,0.132
cube_d4_k155,128,6,8192,8192,2048,1.396,0.358,1.014,0.000,0.684,0.058
cube_d4_k155,128,7,2048,2048,512,0.367,0.123,0.378,0.000,0.205,0.051
cube_d4_k155,128,8,512,512,128,0.155,0.068,0.156,0.000,0.053,0.042
cube_d4_k155,128,9,128,128,32,0.061,0.042,0.100,0.000,0.032,0.031
cube_d4_k155,128,10,32,32,8,0.033,0.009,0.032,0.000,0.011,0.004
cube_d4_k155,128,11,8,8,2,0.014,0.003,0.010,0.000,0.006,0.001
cube_d4_k155,128,12,2,0,0,0.004,0.001,0.000,,,
cube_d4_k155,128,0,310,22343250,7447750,4.042,3.524,212.553,0.000,119.291,29.894
cube_d4_k155,128,1,7447750,7447750,2091434,124.356,29.625,83.334,0.000,28.557,9.618
cube_d4_k155,128,2,2091434,2091434,524288,42.330,11.671,27.430,0.000,6.140,8.674
cube_d4_k155,128,3,524288,524288,131072,12.522,3.929,6.496,0.000,1.709,0.920
cube_d4_k155,128,4,131072,131072,32768,3.156,0.989,2.196,0.000,0.716,0.327
cube_d4_k155,128,5,32768,32768,8192,0.946,0.376,3.663,0.000,3.089,0.130
cube_d4_k155,128,6,8192,8192,2048,1.340,0.347,0.992,0.000,0.653,0.063
cube_d4_k155,128,7,2048,2048,512,0.368,0.131,0.377,0.000,0.218,0.045
cube_d4_k155,128,8,512,512,128,0.155,0.063,0.183,0.000,0.057,0.069
cube_d4_k155,128,9,128,128,32,0.069,0.041,0.080,0.000,0.031,0.021
cube_d4_k155,128,10,32,32,8,0.036,0.015,0.022,0.000,0.011,0.004
cube_d4_k155,128,11,8,8,2,0.019,0.004,0.010,0.000,0.006,0.001
cube_d4_k155,128,12,2,0,0,0.004,0.001,0.000,,,
cube_d4_k155,128,0,310,22343250,7447750,1.634,19.724,224.976,0.000,118.100,45.376
cube_d4_k155,128,1,7447750,7447750,2091434,92.984,29.373,96.385,0.000,32.202,17.522
cube_d4_k155,128,2,2091434,2091434,524288,38.863,13.481,34.720,0.000,14.352,3.150
cube_d4_k155,128,3,524288,524288,131072,11.876,3.267,6.272,0.000,1.631,0.875
cube_d4_k155,128,4,131072,131072,32768,3.170,0.999,2.288,0.000,0.779,0.318
cube_d4_k155,128,5,32768,32768,8192,1.458,0.474,4.243,0.000,3.503,0.395
cube_d4_k155,128,6,8192,8192,2048,1.419,0.355,0.981,0.000,0.628,0.068
cube_d4_k155,128,7,2048,2048,512,0.397,0.127,0.391,0.000,0.219,0.056
cube_d4_k155,128,8,512,512,128,0.145,0.056,0.159,0.000,0.059,0.040
cube_d4_k155,128,9,128,128,32,0.081,0.026,0.082,0.000,0.025,0.025
cube_d4_k155,128,10,32,32,8,0.044,0.017,0.022,0.000,0.011,0.004
cube_d4_k155,128,11,8,8,2,0.024,0.004,0.010,0.000,0.006,0.001
cube_d4_k155,128,12,2,0,0,0.004,0.001,0.000,,,
cube_d4_k155,128,0,310,22343250,7447750,1.642,4.726,352.441,0.000,241.795,30.867
cube_d4_k155,128,1,7447750,7447750,2091434,95.607,29.346,77.791,0.000,20.467,9.702
cube_d4_k155,128,2,2091434,2091434,524288,32.970,10.232,26.834,0.000,11.572,2.826
cube_d4_k155,128,3,524288,524288,131072,12.383,3.199,6.573,0.000,1.739,0.905
cube_d4_k155,128,4,131072,131072,32768,3.286,1.041,2.262,0.000,0.848,0.318
cube_d4_k155,128,5,32768,32768,8192,1.034,0.374,3.899,0.000,3.418,0.121
cube_d4_k155,128,6,8192,8192,2048,1.380,0.346,0.983,0.000,0.641,0.055
cube_d4_k155,128,7,2048,2048,512,0.379,0.130,0.358,0.000,0.211,0.039
cube_d4_k155,128,8,512,512,128,0.148,0.049,0.147,0.000,0.057,0.036
cube_d4_k155,128,9,128,128,32,0.073,0.037,0.093,0.000,0.031,0.022
cube_d4_k155,128,10,32,32,8,0.040,0.016,0.030,0.000,0.010,0.011
cube_d4_k155,128,11,8,8,2,0.016,0.004,0.010,0.000,0.006,0.001
cube_d4_k155,128,12,2,0,0,0.004,0.001,0.000,,,
cube_d4_k155,128,0,310,22343250,7447750,1.659,3.622,202.883,0.000,113.260,29.041
cube_d4_k155,128,1,7447750,7447750,2091434,94.832,28.434,75.639,0.000,22.512,10.634
cube_d4_k155,128,2,2091434,2091434,524288,36.582,12.013,20.516,0.000,5.520,2.840
cube_d4_k155,128,3,524288,524288,131072,12.548,3.076,6.467,0.000,1.704,0.931
cube_d4_k155,128,4,131072,131072,32768,3.222,1.001,2.161,0.000,0.814,0.302
cube_d4_k155,128,5,32768,32768,8192,0.921,0.358,3.941,0.000,3.445,0.127
cube_d4_k155,128,6,8192,8192,2048,1.404,0.353,0.996,0.000,0.650,0.062
cube_d4_k155,128,7,2048,2048,512,0.373,0.123,0.372,0.000,0.221,0.042
cube_d4_k155,128,8,512,512,128,0.138,0.064,0.187,0.000,0.055,0.044
cube_d4_k155,128,9,128,128,32,0.064,0.034,0.086,0.000,0.025,0.020
cube_d4_k155,128,10,32,32,8,0.033,0.014,0.023,0.000,0.012,0.004
cube_d4_k155,128,11,8,8,2,0.017,0.004,0.011,0.000,0.007,0.001
cube_d4_k155,128,12,2,0,0,0.004,0.001,0.000,,,
cube_d4_k155,144,0,310,22343250,7447750,9.403,9.920,495.431,0.000,401.835,30.500
cube_d4_k155,144,1,7447750,7447750,2091434,82.451,25.507,97.490,0.000,29.126,10.422
cube_d4_k155,144,2,2091434,2091434,524288,30.971,9.318,32.493,0.000,6.688,3.154
cube_d4_k155,144,3,524288,524288,131072,12.171,3.601,6.654,0.000,1.613,0.875
cube_d4_k155,144,4,131072,131072,32768,3.037,0.987,2.297,0.000,0.813,0.321
cube_d4_k155,144,5,32768,32768,8192,1.067,0.354,3.774,0.000,3.293,0.120
cube_d4_k155,144,6,8192,8192,2048,1.292,0.358,1.031,0.000,0.637,0.062
cube_d4_k155,144,7,2048,2048,512,0.385,0.125,0.364,0.000,0.214,0.045
cube_d4_k155,144,8,512,512,128,0.146,0.058,0.149,0.000,0.055,0.042
cube_d4_k155,144,9,128,128,32,0.083,0.039,0.094,0.000,0.035,0.020
cube_d4_k155,144,10,32,32,8,0.032,0.014,0.023,0.000,0.011,0.004
cube_d4_k155,144,11,8,8,2,0.019,0.004,0.011,0.000,0.007,0.001
cube_d4_k155,144,12,2,0,0,0.005,0.002,0.000,,,
cube_d4_k155,144,0,310,22343250,7447750,1.688,3.684,269.017,0.000,174.097,29.714
cube_d4_k155,144,1,7447750,7447750,2091434,131.236,26.545,86.983,0.000,23.707,9.772
cube_d4_k155,144,2,2091434,2091434,524288,46.437,10.068,25.966,0.000,6.533,8.008
cube_d4_k155,144,3,524288,524288,131072,12.467,3.238,6.194,0.000,1.636,0.875
cube_d4_k155,144,4,131072,131072,32768,3.502,1.069,2.555,0.000,1.001,0.292
cube_d4_k155,144,5,32768,32768,8192,0.982,0.417,3.943,0.000,3.416,0.131
cube_d4_k155,144,6,8192,8192,2048,1.464,0.354,1.062,0.000,0.713,0.065
cube_d4_k155,144,7,2048,2048,512,0.389,0.123,0.370,0.000,0.211,0.039
cube_d4_k155,144,8,512,512,128,0.146,0.050,0.157,0.000,0.060,0.052
cube_d4_k155,144,9,128,128,32,0.072,0.032,0.085,0.000,0.031,0.020
cube_d4_k155,144,10,32,32,8,0.036,0.010,0.022,0.000,0.011,0.004
cube_d4_k155,144,11,8,8,2,0.018,0.004,0.010,0.000,0.007,0.001
cube_d4_k155,144,12,2,0,0,0.004,0.002,0.000,,,
cube_d4_k155,144,0,310,22343250,7447750,5.737,4.143,234.108,0.000,145.410,28.216
cube_d4_k155,144,1,7447750,7447750,2091434,97.301,27.804,81.199,0.000,29.448,10.716
cube_d4_k155,144,2,2091434,2091434,524288,32.007,9.681,20.592,0.000,6.405,2.665
cube_d4_k155,144,3,524288,524288,131072,11.880,9.221,6.125,0.000,1.643,0.849
cube_d4_k155,144,4,131072,131072,32768,3.117,0.974,2.202,0.000,0.851,0.284
cube_d4_k155,144,5,32768,32768,8192,0.906,0.374,3.742,0.000,3.263,0.120
cube_d4_k155,144,6,8192,8192,2048,1.344,0.353,0.991,0.000,0.647,0.061
cube_d4_k155,144,7,2048,2048,512,0.380,0.125,0.355,0.000,0.209,0.041
cube_d4_k155,144,8,512,512,128,0.139,0.049,0.149,0.000,0.061,0.032
cube_d4_k155,144,9,128,128,32,0.088,0.030,0.087,0.000,0.029,0.028
cube_d4_k155,144,10,32,32,8,0.037,0.013,0.036,0.000,0.012,0.011
cube_d4_k155,144,11,8,8,2,0.010,0.003,0.011,0.000,0.007,0.001
cube_d4_k155,144,12,2,0,0,0.005,0.002,0.000,,,
cube_d4_k155,144,0,310,22343250,7447750,1.624,3.641,230.219,0.000,116.440,50.590
cube_d4_k155,144,1,7447750,7447750,2091434,117.854,36.633,98.252,0.000,22.062,17.907
cube_d4_k155,144,2,2091434,2091434,524288,32.098,13.399,20.630,0.000,6.280,2.546
cube_d4_k155,144,3,524288,524288,131072,12.409,11.613,6.100,0.000,1.641,0.832
cube_d4_k155,144,4,131072,131072,32768,3.033,0.954,2.219,0.000,0.880,0.302
cube_d4_k155,144,5,32768,32768,8192,0.942,0.419,4.477,0.000,3.527,0.469
cube_d4_k155,144,6,8192,8192,2048,1.535,0.343,0.960,0.000,0.608,0.063
cube_d4_k155,144,7,2048,2048,512,0.385,0.120,0.355,0.000,0.201,0.043
cube_d4_k155,144,8,512,512,128,0.147,0.053,0.162,0.000,0.059,0.041
cube_d4_k155,144,9,128,128,32,0.075,0.030,0.070,0.000,0.024,0.017
cube_d4_k155,144,10,32,32,8,0.037,0.014,0.037,0.000,0.013,0.005
cube_d4_k155,144,11,8,8,2,0.016,0.003,0.011,0.000,0.007,0.001
cube_d4_k155,144,12,2,0,0,0.004,0.001,0.000,,,
cube_d4_k155,144,0,310,22343250,7447750,1.612,3.739,335.060,0.000,239.544,30.666
cube_d4_k155,144,1,7447750,7447750,2091434,87.113,27.790,72.386,0.000,19.935,8.786
cube_d4_k155,144,2,2091434,2091434,524288,34.154,11.537,26.775,0.000,12.450,2.624
cube_d4_k155,144,3,524288,524288,131072,12.349,3.190,6.127,0.000,1.575,0.867
cube_d4_k155,144,4,131072,131072,32768,3.159,0.970,2.153,0.000,0.810,0.288
cube_d4_k155,144,5,32768,32768,8192,0.817,0.423,3.838,0.000,3.357,0.121
cube_d4_k155,144,6,8192,8192,2048,1.371,0.337,0.966,0.000,0.643,0.057
cube_d4_k155,144,7,2048,2048,512,0.395,0.119,0.332,0.000,0.192,0.041
cube_d4_k155,144,8,512,512,128,0.156,0.051,0.143,0.000,0.056,0.034
cube_d4_k155,144,9,128,128,32,0.072,0.040,0.090,0.001,0.026,0.021
cube_d4_k155,144,10,32,32,8,0.039,0.012,0.022,0.000,0.010,0.004
cube_d4_k155,144,11,8,8,2,0.015,0.004,0.010,0.000,0.006,0.001
cube_d4_k155,144,12,2,0,0,0.004,0.002,0.000,,,
cube_d4_k155,144,0,310,22343250,7447750,1.585,4.603,200.307,0.000,113.491,27.992
cube_d4_k155,144,1,7447750,7447750,2091434,88.984,27.195,75.652,0.000,23.665,10.398
cube_d4_k155,144,2,2091434,2091434,524288,37.775,9.650,19.775,0.000,5.564,2.645
cube_d4_k155,144,3,524288,524288,131072,12.153,3.094,6.140,0.000,1.667,0.852
cube_d4_k155,144,4,131072,131072,32768,3.253,0.910,2.591,0.000,1.263,0.286
cube_d4_k155,144,5,32768,32768,8192,0.865,0.341,3.823,0.000,3.356,0.119
cube_d4_k155,144,6,8192,8192,2048,1.415,0.349,1.000,0.000,0.674,0.055
cube_d4_k155,144,7,2048,2048,512,0.363,0.121,0.372,0.000,0.225,0.038
cube_d4_k155,144,8,512,512,128,0.148,0.055,0.153,0.000,0.057,0.035
cube_d4_k155,144,9,128,128,32,0.054,0.033,0.074,0.000,0.028,0.019
cube_d4_k155,144,10,32,32,8,0.024,0.009,0.033,0.000,0.011,0.008
cube_d4_k155,144,11,8,8,2,0.015,0.004,0.011,0.000,0.007,0.001
cube_d4_k155,144,12,2,0,0,0.004,0.001,0.000,,,
cube_d5_k5,1,0,10,750,250,0.559,0.010,0.419,0.000,0.181,0.118
cube_d5_k5,1,1,250,250,50,0.249,0.045,0.120,0.000,0.044,0.027
cube_d5_k5,1,2,50,50,10,0.053,0.012,0.032,0.000,0.014,0.006
cube_d5_k5,1,3,10,10,2,0.013,0.005,0.014,0.000,0.008,0.002
cube_d5_k5,1,4,2,0,0,0.005,0.002,0.000,,,
cube_d5_k5,1,0,10,750,250,0.014,0.005,0.345,0.000,0.131,0.099
cube_d5_k5,1,1,250,250,50,0.246,0.043,0.116,0.000,0.042,0.026
cube_d5_k5,1,2,50,50,10,0.052,0.011,0.031,0.000,0.014,0.006
cube_d5_k5,1,3,10,10,2,0.013,0.004,0.013,0.000,0.008,0.001
cube_d5_k5,1,4,2,0,0,0.004,0.002,0.000,,,
cube_d5_k5,1,0,10,750,250,0.006,0.002,0.138,0.000,0.049,0.047
cube_d5_k5,1,1,250,250,50,0.116,0.015,0.040,0.000,0.015,0.008
cube_d5_k5,1,2,50,50,10,0.018,0.004,0.012,0.000,0.005,0.002
cube_d5_k5,1,3,10,10,2,0.005,0.001,0.005,0.000,0.003,0.001
cube_d5_k5,1,4,2,0,0,0.002,0.001,0.000,,,
cube_d5_k5,1,0,10,750,250,0.005,0.002,0.116,0.000,0.046,0.030
cube_d5_k5,1,1,250,250,50,0.086,0.014,0.040,0.000,0.015,0.008
cube_d5_k5,1,2,50,50,10,0.018,0.004,0.011,0.000,0.005,0.002
cube_d5_k5,1,3,10,10,2,0.005,0.001,0.005,0.000,0.003,0.001
cube_d5_k5,1,4,2,0,0,0.002,0.001,0.000,,,
cube_d5_k5,1,0,10,750,250,0.005,0.002,0.116,0.000,0.046,0.029
cube_d5_k5,1,1,250,250,50,0.085,0.014,0.040,0.000,0.015,0.008
cube_d5_k5,1,2,50,50,10,0.018,0.004,0.011,0.000,0.005,0.002
cube_d5_k5,1,3,10,10,2,0.004,0.002,0.005,0.000,0.003,0.000
cube_d5_k5,1,4,2,0,0,0.001,0.001,0.000,,,
cube_d5_k5,1,0,10,750,250,0.005,0.002,0.115,0.000,0.045,0.030
cube_d5_k5,1,1,250,250,50,0.085,0.014,0.040,0.000,0.015,0.008
cube_d5_k5,1,2,50,50,10,0.018,0.004,0.011,0.000,0.005,0.002
cube_d5_k5,1,3,10,10,2,0.005,0.001,0.005,0.000,0.003,0.000
cube_d5_k5,1,4,2,0,0,0.002,0.001,0.000,,,
cube_d5_k5,2,0,10,750,250,0.939,0.003,0.143,0.000,0.054,0.044
cube_d5_k5,2,1,250,250,50,0.092,0.018,0.045,0.000,0.017,0.009
cube_d5_k5,2,2,50,50,10,0.021,0.005,0.013,0.000,0.006,0.002
cube_d5_k5,2,3,10,10,2,0.005,0.002,0.006,0.000,0.003,0.001
cube_d5_k5,2,4,2,0,0,0.002,0.001,0.000,,,
cube_d5_k5,2,0,10,750,250,0.006,0.002,0.125,0.000,0.047,0.033
cube_d5_k5,2,1,250,250,50,0.089,0.017,0.044,0.000,0.017,0.009
cube_d5_k5,2,2,50,50,10,0.020,0.005,0.013,0.000,0.006,0.002
cube_d5_k5,2,3,10,10,2,0.005,0.002,0.005,0.000,0.003,0.001
cube_d5_k5,2,4,2,0,0,0.002,0.001,0.000,,,
cube_d5_k5,2,0,10,750,250,0.006,0.002,0.125,0.000,0.047,0.032
cube_d5_k5,2,1,250,250,50,0.092,0.016,0.044,0.000,0.017,0.009
cube_d5_k5,2,2,50,50,10,0.020,0.005,0.012,0.000,0.006,0.002
cube_d5_k5,2,3,10,10,2,0.005,0.002,0.005,0.000,0.003,0.001
cube_d5_k5,2,4,2,0,0,0.002,0.001,0.000,,,
cube_d5_k5,2,0,10,750,250,0.006,0.002,0.242,0.000,0.050,0.033
cube_d5_k5,2,1,250,250,50,0.089,0.016,0.043,0.000,0.017,0.009
cube_d5_k5,2,2,50,50,10,0.020,0.005,0.012,0.000,0.006,0.002
cube_d5_k5,2,3,10,10,2,0.005,0.002,0.005,0.000,0.003,0.001
cube_d5_k5,2,4,2,0,0,0.002,0.001,0.000,,,
cube_d5_k5,2,0,10,750,250,0.006,0.002,0.128,0.000,0.051,0.035
cube_d5_k5,2,1,250,250,50,0.090,0.016,0.043,0.000,0.017,0.009
cube_d5_k5,2,2,50,50,10,0.020,0.004,0.012,0.000,0.006,0.002
cube_d5_k5,2,3,10,10,2,0.005,0.002,0.005,0.000,0.003,0.001
cube_d5_k5,2,4,2,0,0,0.002,0.001,0.000,,,
cube_d5_k5,2,0,10,750,250,0.006,0.002,0.127,0.000,0.050,0.034
cube_d5_k5,2,1,250,250,50,0.089,0.016,0.043,0.000,0.017,0.009
cube_d5_k5,2,2,50,50,10,0.020,0.005,0.012,0.000,0.006,0.002
cube_d5_k5,2,3,10,10,2,0.005,0.002,0.005,0.000,0.003,0.001
cube_d5_k5,2,4,2,0,0,0.002,0.001,0.000,,,
cube_d5_k5,4,0,10,750,250,0.210,0.003,0.297,0.000,0.061,0.182
cube_d5_k5,4,1,250,250,50,0.072,0.019,0.376,0.000,0.345,0.011
cube_d5_k5,4,2,50,50,10,0.036,0.005,0.014,0.000,0.006,0.002
cube_d5_k5,4,3,10,10,2,0.006,0.002,0.006,0.000,0.003,0.001
cube_d5_k5,4,4,2,0,0,0.002,0.001,0.000,,,
cube_d5_k5,4,0,10,750,250,0.006,0.002,0.117,0.000,0.049,0.027
cube_d5_k5,4,1,250,250,50,0.079,0.018,0.047,0.000,0.018,0.010
cube_d5_k5,4,2,50,50,10,0.017,0.005,0.014,0.000,0.006,0.002
cube_d5_k5,4,3,10,10,2,0.006,0.002,0.006,0.000,0.003,0.001
cube_d5_k5,4,4,2,0,0,0.002,0.001,0.000,,,
cube_d5_k5,4,0,10,750,250,0.006,0.002,0.115,0.000,0.049,0.028
cube_d5_k5,4,1,250,250,50,0.081,0.017,0.045,0.000,0.017,0.010
cube_d5_k5,4,2,50,50,10,0.017,0.005,0.013,0.000,0.006,0.002
cube_d5_k5,4,3,10,10,2,0.006,0.002,0.005,0.000,0.003,0.001
cube_d5_k5,4,4,2,0,0,0.002,0.001,0.000,,,
cube_d5_k5,4,0,10,750,250,0.006,0.002,0.116,0.000,0.050,0.027
cube_d5_k5,4,1,250,250,50,0.079,0.017,0.047,0.000,0.018,0.010
cube_d5_k5,4,2,50,50,10,0.016,0.005,0.013,0.000,0.006,0.002
cube_d5_k5,4,3,10,10,2,0.005,0.002,0.006,0.000,0.003,0.001
cube_d5_k5,4,4,2,0,0,0.002,0.001,0.000,,,
cube_d5_k5,4,0,10,750,250,0.295,0.004,0.125,0.000,0.055,0.031
cube_d5_k5,4,1,250,250,50,0.081,0.018,0.048,0.000,0.019,0.010
cube_d5_k5,4,2,50,50,10,0.020,0.020,0.014,0.000,0.006,0.002
cube_d5_k5,4,3,10,10,2,0.006,0.002,0.005,0.000,0.003,0.001
cube_d5_k5,4,4,2,0,0,0.002,0.001,0.000,,,
cube_d5_k5,4,0,10,750,250,0.007,0.003,0.128,0.000,0.059,0.031
cube_d5_k5,4,1,250,250,50,0.080,0.034,0.046,0.000,0.018,0.010
cube_d5_k5,4,2,50,50,10,0.020,0.005,0.014,0.000,0.006,0.002
cube_d5_k5,4,3,10,10,2,0.006,0.002,0.006,0.000,0.003,0.001
cube_d5_k5,4,4,2,0,0,0.002,0.001,0.000,,,
cube_d5_k5,8,0,10,750,250,0.900,0.004,0.134,0.000,0.058,0.036
cube_d5_k5,8,1,250,250,50,0.060,0.020,0.364,0.000,0.332,0.012
cube_d5_k5,8,2,50,50,10,0.016,0.006,0.015,0.000,0.007,0.003
cube_d5_k5,8,3,10,10,2,0.006,0.002,0.006,0.000,0.004,0.001
cube_d5_k5,8,4,2,0,0,0.002,0.001,0.000,,,
cube_d5_k5,8,0,10,750,250,0.007,0.002,0.105,0.000,0.047,0.023
cube_d5_k5,8,1,250,250,50,0.052,0.019,0.364,0.000,0.334,0.011
cube_d5_k5,8,2,50,50,10,0.016,0.005,0.014,0.000,0.006,0.003
cube_d5_k5,8,3,10,10,2,0.006,0.002,0.006,0.000,0.003,0.001
cube_d5_k5,8,4,2,0,0,0.002,0.001,0.000,,,
cube_d5_k5,8,0,10,750,250,0.006,0.002,0.106,0.000,0.046,0.023
cube_d5_k5,8,1,250,250,50,0.054,0.018,0.363,0.000,0.334,0.011
cube_d5_k5,8,2,50,50,10,0.016,0.006,0.015,0.000,0.007,0.003
cube_d5_k5,8,3,10,10,2,0.006,0.002,0.006,0.000,0.003,0.001
cube_d5_k5,8,4,2,0,0,0.002,0.001,0.000,,,
cube_d5_k5,8,0,10,750,250,0.006,0.002,0.103,0.000,0.045,0.022
cube_d5_k5,8,1,250,250,50,0.059,0.018,0.362,0.000,0.333,0.011
cube_d5_k5,8,2,50,50,10,0.018,0.005,0.014,0.000,0.006,0.003
cube_d5_k5,8,3,10,10,2,0.006,0.002,0.006,0.000,0.003,0.001
cube_d5_k5,8,4,2,0,0,0.002,0.001,0.000,,,
cube_d5_k5,8,0,10,750,250,0.006,0.002,0.106,0.000,0.045,0.019
cube_d5_k5,8,1,250,250,50,0.059,0.018,0.044,0.000,0.018,0.009
cube_d5_k5,8,2,50,50,10,0.014,0.005,0.015,0.000,0.007,0.003
cube_d5_k5,8,3,10,10,2,0.006,0.002,0.006,0.000,0.003,0.001
cube_d5_k5,8,4,2,0,0,0.002,0.001,0.000,,,
cube_d5_k5,8,0,10,750,250,0.006,0.002,0.116,0.000,0.049,0.025
cube_d5_k5,8,1,250,250,50,0.071,0.017,0.045,0.000,0.017,0.010
cube_d5_k5,8,2,50,50,10,0.013,0.005,0.014,0.000,0.006,0.003
cube_d5_k5,8,3,10,10,2,0.006,0.002,0.006,0.000,0.003,0.001
cube_d5_k5,8,4,2,0,0,0.002,0.001,0.000,,,
cube_d5_k5,16,0,10,750,250,0.777,0.004,0.768,0.000,0.383,0.345
cube_d5_k5,16,1,250,250,50,0.308,0.021,0.358,0.000,0.330,0.011
cube_d5_k5,16,2,50,50,10,0.263,0.006,0.015,0.000,0.007,0.003
cube_d5_k5,16,3,10,10,2,0.007,0.002,0.006,0.000,0.004,0.001
cube_d5_k5,16,4,2,0,0,0.002,0.001,0.000,,,
cube_d5_k5,16,0,10,750,250,0.317,0.003,0.103,0.000,0.044,0.021
cube_d5_k5,16,1,250,250,50,0.037,0.019,0.362,0.000,0.336,0.010
cube_d5_k5,16,2,50,50,10,0.016,0.005,0.015,0.000,0.007,0.003
cube_d5_k5,16,3,10,10,2,0.006,0.002,0.006,0.000,0.004,0.001
cube_d5_k5,16,4,2,0,0,0.002,0.001,0.000,,,
cube_d5_k5,16,0,10,750,250,0.006,0.002,0.404,0.000,0.044,0.327
cube_d5_k5,16,1,250,250,50,0.034,0.019,0.166,0.000,0.141,0.011
cube_d5_k5,16,2,50,50,10,0.013,0.005,0.015,0.000,0.007,0.003
cube_d5_k5,16,3,10,10,2,0.006,0.002,0.006,0.000,0.004,0.001
cube_d5_k5,16,4,2,0,0,0.002,0.001,0.000,,,
cube_d5_k5,16,0,10,750,250,0.006,0.002,0.088,0.000,0.043,0.015
cube_d5_k5,16,1,250,250,50,0.033,0.018,0.251,0.000,0.227,0.009
cube_d5_k5,16,2,50,50,10,0.014,0.005,0.015,0.000,0.007,0.003
cube_d5_k5,16,3,10,10,2,0.006,0.002,0.006,0.000,0.004,0.001
cube_d5_k5,16,4,2,0,0,0.002,0.001,0.000,,,
cube_d5_k5,16,0,10,750,250,0.006,0.002,0.088,0.000,0.041,0.015
cube_d5_k5,16,1,250,250,50,0.051,0.019,0.361,0.000,0.338,0.008
cube_d5_k5,16,2,50,50,10,0.014,0.005,0.015,0.000,0.007,0.003
cube_d5_k5,16,3,10,10,2,0.006,0.002,0.006,0.000,0.004,0.001
cube_d5_k5,16,4,2,0,0,0.002,0.001,0.000,,,
cube_d5_k5,16,0,10,750,250,0.006,0.002,0.087,0.000,0.041,0.016
cube_d5_k5,16,1,250,250,50,0.066,0.018,0.250,0.000,0.226,0.009
cube_d5_k5,16,2,50,50,10,0.012,0.005,0.015,0.000,0.007,0.003
cube_d5_k5,16,3,10,10,2,0.006,0.002,0.006,0.000,0.004,0.001
cube_d5_k5,16,4,2,0,0,0.002,0.001,0.000,,,
cube_d5_k5,32,0,10,750,250,0.865,0.005,0.913,0.000,0.488,0.386
cube_d5_k5,32,1,250,250,50,0.218,0.022,0.279,0.000,0.252,0.009
cube_d5_k5,32,2,50,50,10,0.014,0.005,0.015,0.000,0.007,0.003
cube_d5_k5,32,3,10,10,2,0.006,0.002,0.006,0.000,0.004,0.001
cube_d5_k5,32,4,2,0,0,0.002,0.001,0.000,,,
cube_d5_k5,32,0,10,750,250,0.006,0.003,0.092,0.000,0.044,0.015
cube_d5_k5,32,1,250,250,50,0.030,0.019,0.234,0.000,0.204,0.009
cube_d5_k5,32,2,50,50,10,0.010,0.005,0.015,0.000,0.007,0.003
cube_d5_k5,32,3,10,10,2,0.006,0.002,0.006,0.000,0.003,0.001
cube_d5_k5,32,4,2,0,0,0.002,0.001,0.000,,,
cube_d5_k5,32,0,10,750,250,0.006,0.002,0.087,0.000,0.042,0.014
cube_d5_k5,32,1,250,250,50,0.031,0.018,0.242,0.000,0.218,0.010
cube_d5_k5,32,2,50,50,10,0.015,0.005,0.015,0.000,0.007,0.003
cube_d5_k5,32,3,10,10,2,0.006,0.002,0.006,0.000,0.003,0.001
cube_d5_k5,32,4,2,0,0,0.002,0.001,0.000,,,
cube_d5_k5,32,0,10,750,250,0.006,0.002,0.293,0.000,0.042,0.219
cube_d5_k5,32,1,250,250,50,0.031,0.018,0.234,0.000,0.210,0.010
cube_d5_k5,32,2,50,50,10,0.011,0.005,0.015,0.000,0.006,0.003
cube_d5_k5,32,3,10,10,2,0.006,0.002,0.006,0.000,0.003,0.001
cube_d5_k5,32,4,2,0,0,0.002,0.001,0.000,,,
cube_d5_k5,32,0,10,750,250,0.006,0.002,0.085,0.000,0.042,0.014
cube_d5_k5,32,1,250,250,50,0.032,0.018,0.233,0.000,0.210,0.009
cube_d5_k5,32,2,50,50,10,0.014,0.005,0.015,0.000,0.007,0.003
cube_d5_k5,32,3,10,10,2,0.006,0.002,0.006,0.000,0.003,0.001
cube_d5_k5,32,4,2,0,0,0.002,0.001,0.000,,,
cube_d5_k5,32,0,10,750,250,0.006,0.002,0.283,0.000,0.236,0.016
cube_d5_k5,32,1,250,250,50,0.031,0.018,0.259,0.000,0.236,0.009
cube_d5_k5,32,2,50,50,10,0.014,0.005,0.015,0.000,0.007,0.003
cube_d5_k5,32,3,10,10,2,0.006,0.002,0.006,0.000,0.003,0.001
cube_d5_k5,32,4,2,0,0,0.002,0.001,0.000,,,
cube_d5_k5,64,0,10,750,250,1.037,0.007,2.828,0.000,1.422,1.337
cube_d5_k5,64,1,250,250,50,1.407,0.243,0.594,0.000,0.287,0.279
cube_d5_k5,64,2,50,50,10,0.220,0.010,0.030,0.000,0.011,0.007
cube_d5_k5,64,3,10,10,2,0.010,0.003,0.010,0.000,0.006,0.001
cube_d5_k5,64,4,2,0,0,0.004,0.001,0.000,,,
cube_d5_k5,64,0,10,750,250,0.420,0.006,0.547,0.000,0.268,0.223
cube_d5_k5,64,1,250,250,50,0.256,0.038,0.758,0.000,0.714,0.013
cube_d5_k5,64,2,50,50,10,0.027,0.010,0.025,0.000,0.011,0.005
cube_d5_k5,64,3,10,10,2,0.011,0.004,0.010,0.000,0.006,0.001
cube_d5_k5,64,4,2,0,0,0.004,0.001,0.000,,,
cube_d5_k5,64,0,10,750,250,0.422,0.006,0.347,0.000,0.259,0.031
cube_d5_k5,64,1,250,250,50,0.052,0.037,0.304,0.000,0.261,0.016
cube_d5_k5,64,2,50,50,10,0.032,0.010,0.027,0.000,0.011,0.005
cube_d5_k5,64,3,10,10,2,0.012,0.004,0.010,0.000,0.006,0.001
cube_d5_k5,64,4,2,0,0,0.004,0.001,0.000,,,
cube_d5_k5,64,0,10,750,250,0.361,0.006,0.162,0.000,0.064,0.034
cube_d5_k5,64,1,250,250,50,0.051,0.039,0.469,0.000,0.422,0.018
cube_d5_k5,64,2,50,50,10,0.023,0.010,0.028,0.000,0.012,0.005
cube_d5_k5,64,3,10,10,2,0.017,0.004,0.011,0.000,0.007,0.001
cube_d5_k5,64,4,2,0,0,0.004,0.001,0.000,,,
cube_d5_k5,64,0,10,750,250,0.270,0.006,0.162,0.000,0.063,0.041
cube_d5_k5,64,1,250,250,50,0.049,0.037,0.344,0.000,0.296,0.017
cube_d5_k5,64,2,50,50,10,0.024,0.009,0.024,0.000,0.011,0.005
cube_d5_k5,64,3,10,10,2,0.014,0.004,0.010,0.000,0.006,0.001
cube_d5_k5,64,4,2,0,0,0.004,0.001,0.000,,,
cube_d5_k5,64,0,10,750,250,0.202,0.005,0.398,0.000,0.307,0.029
cube_d5_k5,64,1,250,250,50,0.051,0.036,0.373,0.000,0.329,0.017
cube_d5_k5,64,2,50,50,10,0.023,0.010,0.026,0.000,0.011,0.005
cube_d5_k5,64,3,10,10,2,0.013,0.004,0.010,0.000,0.006,0.001
cube_d5_k5,64,4,2,0,0,0.003,0.001,0.000,,,
cube_d5_k5,128,0,10,750,250,0.950,0.218,2.431,0.000,1.641,0.716
cube_d5_k5,128,1,250,250,50,1.541,0.044,0.608,0.000,0.328,0.238
cube_d5_k5,128,2,50,50,10,0.320,0.012,0.035,0.000,0.012,0.005
cube_d5_k5,128,3,10,10,2,0.015,0.004,0.011,0.000,0.007,0.001
cube_d5_k5,128,4,2,0,0,0.004,0.001,0.000,,,
cube_d5_k5,128,0,10,750,250,0.269,0.006,0.526,0.000,0.100,0.291
cube_d5_k5,128,1,250,250,50,0.424,0.045,0.417,0.000,0.338,0.028
cube_d5_k5,128,2,50,50,10,0.041,0.012,0.031,0.000,0.012,0.005
cube_d5_k5,128,3,10,10,2,0.022,0.004,0.010,0.000,0.006,0.001
cube_d5_k5,128,4,2,0,0,0.004,0.001,0.000,,,
cube_d5_k5,128,0,10,750,250,0.292,0.006,0.463,0.000,0.309,0.065
cube_d5_k5,128,1,250,250,50,0.320,0.081,0.399,0.000,0.320,0.032
cube_d5_k5,128,2,50,50,10,0.036,0.012,0.025,0.000,0.011,0.004
cube_d5_k5,128,3,10,10,2,0.013,0.004,0.009,0.000,0.006,0.001
cube_d5_k5,128,4,2,0,0,0.004,0.001,0.000,,,
cube_d5_k5,128,0,10,750,250,0.223,0.004,0.268,0.000,0.077,0.086
cube_d5_k5,128,1,250,250,50,0.075,0.063,0.393,0.000,0.308,0.025
cube_d5_k5,128,2,50,50,10,0.054,0.012,0.025,0.000,0.011,0.005
cube_d5_k5,128,3,10,10,2,0.018,0.004,0.010,0.000,0.006,0.001
cube_d5_k5,128,4,2,0,0,0.004,0.001,0.000,,,
cube_d5_k5,128,0,10,750,250,0.221,0.005,0.201,0.000,0.076,0.057
cube_d5_k5,128,1,250,250,50,0.341,0.061,0.357,0.000,0.290,0.027
cube_d5_k5,128,2,50,50,10,0.060,0.011,0.034,0.000,0.013,0.005
cube_d5_k5,128,3,10,10,2,0.018,0.004,0.010,0.000,0.006,0.001
cube_d5_k5,128,4,2,0,0,0.004,0.001,0.000,,,
cube_d5_k5,128,0,10,750,250,0.464,0.007,0.207,0.000,0.083,0.053
cube_d5_k5,128,1,250,250,50,0.096,0.046,0.423,0.000,0.341,0.037
cube_d5_k5,128,2,50,50,10,0.059,0.014,0.040,0.000,0.012,0.012
cube_d5_k5,128,3,10,10,2,0.025,0.005,0.010,0.000,0.006,0.001
cube_d5_k5,128,4,2,0,0,0.003,0.001,0.000,,,
cube_d5_k5,144,0,10,750,250,1.220,0.242,3.119,0.000,1.997,1.026
cube_d5_k5,144,1,250,250,50,1.888,0.373,0.832,0.000,0.754,0.034
cube_d5_k5,144,2,50,50,10,0.274,0.020,0.028,0.000,0.011,0.005
cube_d5_k5,144,3,10,10,2,0.448,0.004,0.012,0.000,0.007,0.002
cube_d5_k5,144,4,2,0,0,0.005,0.001,0.000,,,
cube_d5_k5,144,0,10,750,250,0.243,0.006,0.713,0.000,0.272,0.370
cube_d5_k5,144,1,250,250,50,0.645,0.046,0.093,0.000,0.036,0.024
cube_d5_k5,144,2,50,50,10,0.027,0.010,0.034,0.000,0.011,0.005
cube_d5_k5,144,3,10,10,2,0.016,0.004,0.011,0.000,0.007,0.002
cube_d5_k5,144,4,2,0,0,0.005,0.001,0.000,,,
cube_d5_k5,144,0,10,750,250,0.239,0.005,0.644,0.000,0.339,0.224
cube_d5_k5,144,1,250,250,50,0.082,0.056,0.400,0.000,0.317,0.029
cube_d5_k5,144,2,50,50,10,0.284,0.012,0.037,0.000,0.011,0.011
cube_d5_k5,144,3,10,10,2,0.018,0.004,0.010,0.000,0.006,0.001
cube_d5_k5,144,4,2,0,0,0.004,0.001,0.000,,,
cube_d5_k5,144,0,10,750,250,0.261,0.006,0.202,0.000,0.074,0.058
cube_d5_k5,144,1,250,250,50,0.098,0.055,0.383,0.000,0.313,0.034
cube_d5_k5,144,2,50,50,10,0.042,0.010,0.029,0.000,0.012,0.005
cube_d5_k5,144,3,10,10,2,0.015,0.004,0.010,0.000,0.006,0.001
cube_d5_k5,144,4,2,0,0,0.003,0.001,0.000,,,
cube_d5_k5,144,0,10,750,250,0.271,0.005,0.205,0.000,0.068,0.060
cube_d5_k5,144,1,250,250,50,0.099,0.045,0.408,0.000,0.307,0.026
cube_d5_k5,144,2,50,50,10,0.035,0.010,0.025,0.000,0.011,0.005
cube_d5_k5,144,3,10,10,2,0.028,0.004,0.009,0.000,0.006,0.001
cube_d5_k5,144,4,2,0,0,0.003,0.001,0.000,,,
cube_d5_k5,144,0,10,750,250,0.277,0.006,0.434,0.000,0.318,0.044
cube_d5_k5,144,1,250,250,50,0.263,0.047,0.392,0.000,0.291,0.023
cube_d5_k5,144,2,50,50,10,0.035,0.010,0.029,0.000,0.012,0.005
cube_d5_k5,144,3,10,10,2,0.021,0.004,0.010,0.000,0.006,0.001
cube_d5_k5,144,4,2,0,0,0.004,0.001,0.000,,,
cube_d5_k55,1,0,110,998250,332750,2.597,3.528,237.062,0.000,108.027,43.606
cube_d5_k55,1,1,332750,332750,127750,142.968,19.141,97.314,0.000,29.836,16.757
cube_d5_k55,1,2,127750,127750,31250,58.547,9.213,38.706,0.002,15.079,5.169
cube_d5_k55,1,3,31250,31250,6250,12.613,2.009,6.897,0.000,2.588,1.018
cube_d5_k55,1,4,6250,6250,1250,2.455,0.372,1.196,0.000,0.362,0.190
cube_d5_k55,1,5,1250,1250,250,0.501,0.076,0.217,0.000,0.074,0.038
cube_d5_k55,1,6,250,250,50,0.107,0.016,0.045,0.000,0.016,0.009
cube_d5_k55,1,7,50,50,10,0.021,0.004,0.012,0.000,0.006,0.002
cube_d5_k55,1,8,10,10,2,0.005,0.002,0.006,0.000,0.004,0.001
cube_d5_k55,1,9,2,0,0,0.002,0.001,0.000,,,
cube_d5_k55,1,0,110,998250,332750,1.109,1.807,238.224,0.000,105.180,47.100
cube_d5_k55,1,1,332750,332750,127750,147.799,20.683,106.268,0.000,38.351,17.656
cube_d5_k55,1,2,127750,127750,31250,61.078,10.247,37.280,0.000,13.890,4.903
cube_d5_k55,1,3,31250,31250,6250,12.689,2.135,6.939,0.000,2.589,1.005
cube_d5_k55,1,4,6250,6250,1250,2.464,0.396,1.199,0.000,0.380,0.190
cube_d5_k55,1,5,1250,1250,250,0.501,0.074,0.216,0.000,0.072,0.038
cube_d5_k55,1,6,250,250,50,0.106,0.016,0.045,0.000,0.016,0.010
cube_d5_k55,1,7,50,50,10,0.021,0.004,0.012,0.000,0.005,0.002
cube_d5_k55,1,8,10,10,2,0.005,0.002,0.006,0.000,0.004,0.001
cube_d5_k55,1,9,2,0,0,0.002,0.001,0.000,,,
cube_d5_k55,1,0,110,998250,332750,1.230,1.814,244.844,0.000,111.316,46.309
cube_d5_k55,1,1,332750,332750,127750,148.933,20.919,104.417,0.000,36.491,17.441
cube_d5_k55,1,2,127750,127750,31250,61.703,10.389,37.166,0.000,13.842,4.897
cube_d5_k55,1,3,31250,31250,6250,12.787,2.145,6.925,0.000,2.581,1.031
cube_d5_k55,1,4,6250,6250,1250,2.498,0.400,1.216,0.000,0.369,0.190
cube_d5_k55,1,5,1250,1250,250,0.523,0.077,0.222,0.000,0.076,0.039
cube_d5_k55,1,6,250,250,50,0.106,0.016,0.058,0.000,0.016,0.008
cube_d5_k55,1,7,50,50,10,0.021,0.004,0.012,0.000,0.005,0.002
cube_d5_k55,1,8,10,10,2,0.005,0.002,0.006,0.000,0.004,0.001
cube_d5_k55,1,9,2,0,0,0.017,0.001,0.000,,,
cube_d5_k55,1,0,110,998250,332750,1.135,1.775,237.461,0.000,105.438,46.205
cube_d5_k55,1,1,332750,332750,127750,157.286,21.337,104.270,0.000,36.330,17.468
cube_d5_k55,1,2,127750,127750,31250,61.752,10.403,37.483,0.000,14.173,4.926
cube_d5_k55,1,3,31250,31250,6250,12.728,2.163,7.002,0.000,2.676,1.012
cube_d5_k55,1,4,6250,6250,1250,2.475,0.401,1.208,0.000,0.366,0.209
cube_d5_k55,1,5,1250,1250,250,0.504,0.075,0.217,0.000,0.073,0.038
cube_d5_k55,1,6,250,250,50,0.103,0.016,0.045,0.000,0.016,0.009
cube_d5_k55,1,7,50,50,10,0.021,0.004,0.012,0.000,0.006,0.002
cube_d5_k55,1,8,10,10,2,0.005,0.002,0.006,0.000,0.004,0.001
cube_d5_k55,1,9,2,0,0,0.002,0.001,0.000,,,
cube_d5_k55,1,0,110,998250,332750,1.130,1.791,239.223,0.000,105.256,46.379
cube_d5_k55,1,1,332750,332750,127750,151.442,21.221,110.058,0.000,40.442,19.191
cube_d5_k55,1,2,127750,127750,31250,62.535,10.397,38.143,0.000,14.689,4.882
cube_d5_k55,1,3,31250,31250,6250,12.875,2.197,6.943,0.000,2.598,1.012
cube_d5_k55,1,4,6250,6250,1250,2.499,0.400,1.189,0.000,0.366,0.189
cube_d5_k55,1,5,1250,1250,250,0.508,0.083,0.218,0.000,0.073,0.038
cube_d5_k55,1,6,250,250,50,0.104,0.015,0.045,0.000,0.016,0.009
cube_d5_k55,1,7,50,50,10,0.021,0.004,0.012,0.000,0.006,0.002
cube_d5_k55,1,8,10,10,2,0.006,0.002,0.006,0.000,0.003,0.001
cube_d5_k55,1,9,2,0,0,0.002,0.001,0.000,,,
cube_d5_k55,1,0,110,998250,332750,1.112,1.800,239.375,0.000,105.180,48.200
cube_d5_k55,1,1,332750,332750,127750,150.485,21.207,104.141,0.000,36.477,17.541
cube_d5_k55,1,2,127750,127750,31250,62.388,10.418,38.014,0.000,14.624,4.934
cube_d5_k55,1,3,31250,31250,6250,12.868,2.189,10.897,0.000,2.675,1.043
cube_d5_k55,1,4,6250,6250,1250,2.630,0.405,1.218,0.000,0.373,0.206
cube_d5_k55,1,5,1250,1250,250,0.537,0.078,0.222,0.000,0.075,0.039
cube_d5_k55,1,6,250,250,50,0.114,0.016,0.057,0.000,0.027,0.010
cube_d5_k55,1,7,50,50,10,0.022,0.004,0.013,0.000,0.006,0.002
cube_d5_k55,1,8,10,10,2,0.005,0.002,0.006,0.000,0.004,0.001
cube_d5_k55,1,9,2,0,0,0.002,0.001,0.000,,,
cube_d5_k55,2,0,110,998250,332750,1.788,1.985,133.869,0.000,50.404,31.291
cube_d5_k55,2,1,332750,332750,127750,81.195,11.659,54.981,0.000,17.177,10.631
cube_d5_k55,2,2,127750,127750,31250,30.437,5.167,25.887,0.000,13.277,3.086
cube_d5_k55,2,3,31250,31250,6250,7.215,1.203,4.797,0.000,2.499,0.610
cube_d5_k55,2,4,6250,6250,1250,1.470,0.304,0.847,0.000,0.320,0.118
cube_d5_k55,2,5,1250,1250,250,0.361,0.081,0.171,0.000,0.069,0.027
cube_d5_k55,2,6,250,250,50,0.095,0.019,0.046,0.000,0.018,0.007
cube_d5_k55,2,7,50,50,10,0.023,0.004,0.013,0.000,0.006,0.002
cube_d5_k55,2,8,10,10,2,0.005,0.002,0.006,0.000,0.003,0.001
cube_d5_k55,2,9,2,0,0,0.002,0.001,0.000,,,
cube_d5_k55,2,0,110,998250,332750,0.611,0.950,106.852,0.000,38.348,25.265
cube_d5_k55,2,1,332750,332750,127750,78.680,12.009,49.723,0.000,13.772,9.877
cube_d5_k55,2,2,127750,127750,31250,33.588,5.763,25.319,0.000,12.407,2.959
cube_d5_k55,2,3,31250,31250,6250,8.104,1.244,8.249,0.000,2.682,0.673
cube_d5_k55,2,4,6250,6250,1250,3.032,0.342,0.893,0.000,0.335,0.131
cube_d5_k55,2,5,1250,1250,250,0.432,0.087,0.188,0.000,0.074,0.030
cube_d5_k55,2,6,250,250,50,0.102,0.019,0.052,0.000,0.020,0.010
cube_d5_k55,2,7,50,50,10,0.025,0.004,0.013,0.000,0.006,0.002
cube_d5_k55,2,8,10,10,2,0.007,0.002,0.006,0.000,0.004,0.001
cube_d5_k55,2,9,2,0,0,0.002,0.001,0.000,,,
cube_d5_k55,2,0,110,998250,332750,1.449,1.518,109.502,0.000,40.473,25.770
cube_d5_k55,2,1,332750,332750,127750,81.247,12.775,50.287,0.000,13.779,10.135
cube_d5_k55,2,2,127750,127750,31250,33.373,5.979,27.540,0.000,15.055,2.776
cube_d5_k55,2,3,31250,31250,6250,7.599,1.276,4.721,0.000,2.334,0.617
cube_d5_k55,2,4,6250,6250,1250,1.608,0.313,0.852,0.000,0.325,0.117
cube_d5_k55,2,5,1250,1250,250,0.382,0.082,0.173,0.000,0.069,0.027
cube_d5_k55,2,6,250,250,50,0.098,0.019,0.048,0.000,0.018,0.008
cube_d5_k55,2,7,50,50,10,0.025,0.004,0.013,0.000,0.006,0.002
cube_d5_k55,2,8,10,10,2,0.006,0.002,0.006,0.000,0.004,0.001
cube_d5_k55,2,9,2,0,0,0.002,0.001,0.000,,,
cube_d5_k55,2,0,110,998250,332750,0.599,0.976,106.428,0.000,38.302,25.014
cube_d5_k55,2,1,332750,332750,127750,80.952,12.717,52.230,0.000,15.425,10.044
cube_d5_k55,2,2,127750,127750,31250,34.603,6.001,25.668,0.000,12.989,2.667
cube_d5_k55,2,3,31250,31250,6250,7.766,1.263,4.755,0.000,2.445,0.611
cube_d5_k55,2,4,6250,6250,1250,1.595,0.313,0.836,0.000,0.309,0.117
cube_d5_k55,2,5,1250,1250,250,0.373,0.085,0.186,0.000,0.069,0.026
cube_d5_k55,2,6,250,250,50,0.095,0.019,0.047,0.000,0.017,0.008
cube_d5_k55,2,7,50,50,10,0.025,0.004,0.013,0.000,0.006,0.002
cube_d5_k55,2,8,10,10,2,0.006,0.002,0.006,0.000,0.003,0.001
cube_d5_k55,2,9,2,0,0,0.002,0.001,0.000,,,
cube_d5_k55,2,0,110,998250,332750,0.598,0.939,112.011,0.000,43.229,25.532
cube_d5_k55,2,1,332750,332750,127750,82.323,12.830,52.036,0.000,15.101,9.792
cube_d5_k55,2,2,127750,127750,31250,34.194,6.097,25.597,0.000,13.175,2.665
cube_d5_k55,2,3,31250,31250,6250,7.591,1.265,4.666,0.000,2.345,0.613
cube_d5_k55,2,4,6250,6250,1250,1.609,0.313,0.861,0.000,0.313,0.120
cube_d5_k55,2,5,1250,1250,250,0.364,0.085,0.189,0.000,0.070,0.026
cube_d5_k55,2,6,250,250,50,0.099,0.019,0.049,0.000,0.017,0.009
cube_d5_k55,2,7,50,50,10,0.025,0.004,0.013,0.000,0.006,0.002
cube_d5_k55,2,8,10,10,2,0.006,0.002,0.006,0.000,0.004,0.001
cube_d5_k55,2,9,2,0,0,0.002,0.001,0.000,,,
cube_d5_k55,2,0,110,998250,332750,0.614,0.926,109.268,0.000,39.019,24.702
cube_d5_k55,2,1,332750,332750,127750,81.479,12.935,49.898,0.000,13.753,9.676
cube_d5_k55,2,2,127750,127750,31250,33.903,6.187,25.541,0.000,13.171,2.695
cube_d5_k55,2,3,31250,31250,6250,7.586,1.276,4.690,0.000,2.366,0.631
cube_d5_k55,2,4,6250,6250,1250,1.524,0.312,0.863,0.000,0.322,0.122
cube_d5_k55,2,5,1250,1250,250,0.357,0.084,0.173,0.000,0.070,0.027
cube_d5_k55,2,6,250,250,50,0.097,0.019,0.047,0.000,0.018,0.008
cube_d5_k55,2,7,50,50,10,0.025,0.004,0.013,0.000,0.006,0.002
cube_d5_k55,2,8,10,10,2,0.006,0.002,0.006,0.000,0.004,0.001
cube_d5_k55,2,9,2,0,0,0.002,0.001,0.000,,,
cube_d5_k55,4,0,110,998250,332750,1.385,1.806,95.894,0.000,37.352,22.292
cube_d5_k55,4,1,332750,332750,127750,57.869,8.316,35.562,0.000,11.359,7.447
cube_d5_k55,4,2,127750,127750,31250,20.151,3.346,21.291,0.000,13.264,2.163
cube_d5_k55,4,3,31250,31250,6250,4.582,0.875,4.288,0.000,2.705,0.458
cube_d5_k55,4,4,6250,6250,1250,1.106,0.268,0.703,0.000,0.328,0.085
cube_d5_k55,4,5,1250,1250,250,0.255,0.103,0.164,0.000,0.076,0.022
cube_d5_k55,4,6,250,250,50,0.058,0.024,0.051,0.000,0.020,0.008
cube_d5_k55,4,7,50,50,10,0.027,0.005,0.015,0.000,0.006,0.003
cube_d5_k55,4,8,10,10,2,0.006,0.002,0.006,0.000,0.004,0.001
cube_d5_k55,4,9,2,0,0,0.002,0.001,0.000,,,
cube_d5_k55,4,0,110,998250,332750,0.360,0.657,66.803,0.000,24.279,16.409
cube_d5_k55,4,1,332750,332750,127750,47.718,7.576,31.055,0.000,8.396,6.250
cube_d5_k55,4,2,127750,127750,31250,19.255,3.577,19.402,0.000,12.276,1.696
cube_d5_k55,4,3,31250,31250,6250,4.609,0.849,4.098,0.000,2.632,0.388
cube_d5_k55,4,4,6250,6250,1250,1.094,0.254,0.687,0.000,0.318,0.083
cube_d5_k55,4,5,1250,1250,250,0.264,0.090,0.179,0.000,0.076,0.022
cube_d5_k55,4,6,250,250,50,0.079,0.022,0.049,0.000,0.020,0.012
cube_d5_k55,4,7,50,50,10,0.027,0.005,0.014,0.000,0.006,0.003
cube_d5_k55,4,8,10,10,2,0.006,0.002,0.006,0.000,0.004,0.001
cube_d5_k55,4,9,2,0,0,0.002,0.001,0.000,,,
cube_d5_k55,4,0,110,998250,332750,0.366,0.536,62.579,0.000,22.896,14.902
cube_d5_k55,4,1,332750,332750,127750,47.701,8.082,28.895,0.000,8.596,5.879
cube_d5_k55,4,2,127750,127750,31250,19.687,3.494,19.751,0.000,12.456,1.795
cube_d5_k55,4,3,31250,31250,6250,4.813,0.896,4.139,0.000,2.686,0.372
cube_d5_k55,4,4,6250,6250,1250,1.093,0.265,0.723,0.000,0.348,0.083
cube_d5_k55,4,5,1250,1250,250,0.275,0.098,0.162,0.000,0.075,0.021
cube_d5_k55,4,6,250,250,50,0.068,0.023,0.051,0.000,0.019,0.013
cube_d5_k55,4,7,50,50,10,0.026,0.005,0.014,0.000,0.006,0.002
cube_d5_k55,4,8,10,10,2,0.006,0.002,0.006,0.000,0.004,0.001
cube_d5_k55,4,9,2,0,0,0.002,0.001,0.000,,,
cube_d5_k55,4,0,110,998250,332750,0.349,0.498,64.725,0.000,24.423,15.037
cube_d5_k55,4,1,332750,332750,127750,48.608,8.052,31.023,0.000,8.165,5.791
cube_d5_k55,4,2,127750,127750,31250,19.396,3.439,20.329,0.000,13.144,1.726
cube_d5_k55,4,3,31250,31250,6250,4.766,0.787,3.833,0.000,2.413,0.361
cube_d5_k55,4,4,6250,6250,1250,1.058,0.263,0.674,0.000,0.314,0.079
cube_d5_k55,4,5,1250,1250,250,0.263,0.102,0.160,0.000,0.075,0.022
cube_d5_k55,4,6,250,250,50,0.085,0.022,0.050,0.000,0.019,0.010
cube_d5_k55,4,7,50,50,10,0.033,0.005,0.015,0.000,0.006,0.003
cube_d5_k55,4,8,10,10,2,0.006,0.002,0.006,0.000,0.004,0.001
cube_d5_k55,4,9,2,0,0,0.002,0.001,0.000,,,
cube_d5_k55,4,0,110,998250,332750,0.660,0.798,61.294,0.000,22.341,14.241
cube_d5_k55,4,1,332750,332750,127750,45.709,7.694,27.160,0.000,7.665,5.423
cube_d5_k55,4,2,127750,127750,31250,18.897,3.230,20.466,0.000,13.286,1.637
cube_d5_k55,4,3,31250,31250,6250,4.673,0.782,3.745,0.000,2.431,0.354
cube_d5_k55,4,4,6250,6250,1250,1.029,0.249,0.670,0.000,0.318,0.075
cube_d5_k55,4,5,1250,1250,250,0.253,0.103,0.157,0.000,0.074,0.021
cube_d5_k55,4,6,250,250,50,0.095,0.022,0.051,0.000,0.020,0.008
cube_d5_k55,4,7,50,50,10,0.027,0.005,0.014,0.000,0.006,0.003
cube_d5_k55,4,8,10,10,2,0.007,0.002,0.006,0.000,0.004,0.001
cube_d5_k55,4,9,2,0,0,0.002,0.001,0.000,,,
cube_d5_k55,4,0,110,998250,332750,0.362,0.673,57.867,0.000,21.284,13.652
cube_d5_k55,4,1,332750,332750,127750,45.325,9.451,27.980,0.000,8.078,5.681
cube_d5_k55,4,2,127750,127750,31250,19.591,3.539,21.397,0.000,14.399,1.570
cube_d5_k55,4,3,31250,31250,6250,4.486,0.861,4.196,0.000,2.745,0.361
cube_d5_k55,4,4,6250,6250,1250,1.124,0.320,0.771,0.000,0.373,0.083
cube_d5_k55,4,5,1250,1250,250,0.280,0.102,0.172,0.000,0.081,0.022
cube_d5_k55,4,6,250,250,50,0.114,0.026,0.057,0.000,0.020,0.009
cube_d5_k55,4,7,50,50,10,0.033,0.006,0.017,0.000,0.008,0.003
cube_d5_k55,4,8,10,10,2,0.007,0.002,0.008,0.000,0.005,0.001
cube_d5_k55,4,9,2,0,0,0.003,0.001,0.000,,,
cube_d5_k55,8,0,110,998250,332750,0.587,0.587,39.294,0.000,14.734,9.276
cube_d5_k55,8,1,332750,332750,127750,23.410,3.939,16.524,0.001,5.225,3.542
cube_d5_k55,8,2,127750,127750,31250,10.095,1.888,16.706,0.000,12.318,1.170
cube_d5_k55,8,3,31250,31250,6250,2.872,0.646,3.429,0.000,2.473,0.247
cube_d5_k55,8,4,6250,6250,1250,0.682,0.245,0.605,0.000,0.337,0.052
cube_d5_k55,8,5,1250,1250,250,0.198,0.090,0.157,0.000,0.084,0.019
cube_d5_k55,8,6,250,250,50,0.055,0.022,0.047,0.000,0.021,0.008
cube_d5_k55,8,7,50,50,10,0.014,0.006,0.015,0.000,0.006,0.003
cube_d5_k55,8,8,10,10,2,0.007,0.002,0.007,0.000,0.004,0.001
cube_d5_k55,8,9,2,0,0,0.002,0.001,0.000,,,
cube_d5_k55,8,0,110,998250,332750,0.244,0.296,36.698,0.000,12.599,8.915
cube_d5_k55,8,1,332750,332750,127750,24.514,4.166,16.177,0.000,4.622,3.465
cube_d5_k55,8,2,127750,127750,31250,10.322,1.951,17.242,0.000,11.822,0.932
cube_d5_k55,8,3,31250,31250,6250,2.535,0.578,3.131,0.000,2.294,0.232
cube_d5_k55,8,4,6250,6250,1250,0.695,0.249,0.563,0.000,0.304,0.051
cube_d5_k55,8,5,1250,1250,250,0.186,0.092,0.154,0.000,0.085,0.017
cube_d5_k55,8,6,250,250,50,0.057,0.029,0.042,0.000,0.018,0.008
cube_d5_k55,8,7,50,50,10,0.012,0.006,0.015,0.000,0.006,0.003
cube_d5_k55,8,8,10,10,2,0.007,0.002,0.007,0.000,0.004,0.001
cube_d5_k55,8,9,2,0,0,0.002,0.001,0.000,,,
cube_d5_k55,8,0,110,998250,332750,0.242,0.327,33.384,0.000,12.297,8.016
cube_d5_k55,8,1,332750,332750,127750,24.183,4.332,14.434,0.000,4.297,2.984
cube_d5_k55,8,2,127750,127750,31250,10.240,1.895,15.605,0.002,11.814,0.919
cube_d5_k55,8,3,31250,31250,6250,2.649,0.610,3.373,0.000,2.549,0.230
cube_d5_k55,8,4,6250,6250,1250,0.723,0.250,0.561,0.000,0.305,0.050
cube_d5_k55,8,5,1250,1250,250,0.207,0.099,0.153,0.000,0.085,0.017
cube_d5_k55,8,6,250,250,50,0.055,0.022,0.042,0.000,0.019,0.007
cube_d5_k55,8,7,50,50,10,0.013,0.006,0.015,0.000,0.006,0.003
cube_d5_k55,8,8,10,10,2,0.007,0.002,0.006,0.000,0.004,0.001
cube_d5_k55,8,9,2,0,0,0.002,0.001,0.000,,,
cube_d5_k55,8,0,110,998250,332750,0.249,0.334,31.736,0.000,11.635,7.595
cube_d5_k55,8,1,332750,332750,127750,24.288,4.256,14.735,0.000,4.508,2.954
cube_d5_k55,8,2,127750,127750,31250,10.281,2.091,15.884,0.000,12.062,0.953
cube_d5_k55,8,3,31250,31250,6250,2.606,0.597,3.320,0.000,2.510,0.220
cube_d5_k55,8,4,6250,6250,1250,0.700,0.239,0.575,0.000,0.323,0.048
cube_d5_k55,8,5,1250,1250,250,0.191,0.092,0.152,0.000,0.084,0.017
cube_d5_k55,8,6,250,250,50,0.053,0.029,0.043,0.000,0.018,0.009
cube_d5_k55,8,7,50,50,10,0.013,0.006,0.015,0.000,0.007,0.003
cube_d5_k55,8,8,10,10,2,0.007,0.002,0.006,0.000,0.004,0.001
cube_d5_k55,8,9,2,0,0,0.002,0.001,0.000,,,
cube_d5_k55,8,0,110,998250,332750,0.273,0.312,32.681,0.000,11.932,7.559
cube_d5_k55,8,1,332750,332750,127750,24.517,4.388,14.510,0.000,4.458,2.970
cube_d5_k55,8,2,127750,127750,31250,10.127,1.888,16.197,0.000,12.363,0.968
cube_d5_k55,8,3,31250,31250,6250,2.660,0.627,3.391,0.000,2.550,0.235
cube_d5_k55,8,4,6250,6250,1250,0.690,0.240,0.555,0.000,0.304,0.049
cube_d5_k55,8,5,1250,1250,250,0.200,0.088,0.153,0.000,0.083,0.016
cube_d5_k55,8,6,250,250,50,0.054,0.022,0.043,0.000,0.018,0.008
cube_d5_k55,8,7,50,50,10,0.012,0.006,0.015,0.000,0.006,0.003
cube_d5_k55,8,8,10,10,2,0.007,0.002,0.006,0.000,0.004,0.001
cube_d5_k55,8,9,2,0,0,0.002,0.001,0.000,,,
cube_d5_k55,8,0,110,998250,332750,0.258,0.388,39.071,0.000,14.273,9.751
cube_d5_k55,8,1,332750,332750,127750,28.796,5.394,15.776,0.000,4.619,3.321
cube_d5_k55,8,2,127750,127750,31250,11.359,2.169,16.847,0.000,12.611,1.126
cube_d5_k55,8,3,31250,31250,6250,3.219,0.622,3.341,0.000,2.392,0.271
cube_d5_k55,8,4,6250,6250,1250,0.834,0.272,0.646,0.000,0.347,0.063
cube_d5_k55,8,5,1250,1250,250,0.217,0.091,0.174,0.000,0.085,0.028
cube_d5_k55,8,6,250,250,50,0.059,0.023,0.043,0.000,0.018,0.008
cube_d5_k55,8,7,50,50,10,0.015,0.006,0.015,0.000,0.007,0.003
cube_d5_k55,8,8,10,10,2,0.007,0.002,0.006,0.000,0.004,0.001
cube_d5_k55,8,9,2,0,0,0.002,0.001,0.000,,,
cube_d5_k55,16,0,110,998250,332750,0.543,0.402,21.444,0.000,7.992,4.950
cube_d5_k55,16,1,332750,332750,127750,12.604,2.368,9.280,0.000,3.045,1.966
cube_d5_k55,16,2,127750,127750,31250,5.379,1.135,14.630,0.000,12.485,0.589
cube_d5_k55,16,3,31250,31250,6250,1.366,0.346,3.229,0.000,2.664,0.170
cube_d5_k55,16,4,6250,6250,1250,0.530,0.213,0.539,0.000,0.329,0.039
cube_d5_k55,16,5,1250,1250,250,0.133,0.057,0.141,0.000,0.075,0.020
cube_d5_k55,16,6,250,250,50,0.040,0.023,0.043,0.000,0.019,0.008
cube_d5_k55,16,7,50,50,10,0.012,0.006,0.016,0.000,0.006,0.003
cube_d5_k55,16,8,10,10,2,0.006,0.002,0.006,0.000,0.004,0.001
cube_d5_k55,16,9,2,0,0,0.003,0.001,0.000,,,
cube_d5_k55,16,0,110,998250,332750,0.171,0.223,19.378,0.000,7.035,4.729
cube_d5_k55,16,1,332750,332750,127750,13.016,2.605,8.951,0.000,2.682,1.870
cube_d5_k55,16,2,127750,127750,31250,5.567,1.206,14.416,0.000,12.119,0.620
cube_d5_k55,16,3,31250,31250,6250,1.405,0.348,3.200,0.000,2.646,0.168
cube_d5_k55,16,4,6250,6250,1250,0.569,0.223,0.543,0.000,0.336,0.039
cube_d5_k55,16,5,1250,1250,250,0.130,0.057,0.156,0.000,0.075,0.023
cube_d5_k55,16,6,250,250,50,0.047,0.023,0.042,0.000,0.020,0.009
cube_d5_k55,16,7,50,50,10,0.012,0.007,0.016,0.000,0.006,0.003
cube_d5_k55,16,8,10,10,2,0.005,0.002,0.006,0.000,0.004,0.001
cube_d5_k55,16,9,2,0,0,0.003,0.001,0.000,,,
cube_d5_k55,16,0,110,998250,332750,0.164,0.213,19.059,0.000,6.814,4.651
cube_d5_k55,16,1,332750,332750,127750,13.137,2.525,8.411,0.000,2.574,1.818
cube_d5_k55,16,2,127750,127750,31250,5.584,1.158,16.756,0.000,14.415,0.586
cube_d5_k55,16,3,31250,31250,6250,1.439,0.326,3.387,0.000,2.835,0.154
cube_d5_k55,16,4,6250,6250,1250,0.591,0.250,0.561,0.000,0.344,0.038
cube_d5_k55,16,5,1250,1250,250,0.182,0.062,0.171,0.000,0.088,0.031
cube_d5_k55,16,6,250,250,50,0.075,0.026,0.045,0.000,0.021,0.007
cube_d5_k55,16,7,50,50,10,0.014,0.007,0.018,0.000,0.008,0.003
cube_d5_k55,16,8,10,10,2,0.006,0.003,0.007,0.000,0.005,0.001
cube_d5_k55,16,9,2,0,0,0.003,0.001,0.000,,,
cube_d5_k55,16,0,110,998250,332750,0.187,0.223,17.573,0.000,6.613,4.108
cube_d5_k55,16,1,332750,332750,127750,13.868,2.771,8.043,0.000,2.400,1.658
cube_d5_k55,16,2,127750,127750,31250,5.550,1.140,14.209,0.000,12.190,0.535
cube_d5_k55,16,3,31250,31250,6250,1.313,0.318,3.163,0.000,2.649,0.157
cube_d5_k55,16,4,6250,6250,1250,0.558,0.221,0.519,0.000,0.322,0.037
cube_d5_k55,16,5,1250,1250,250,0.136,0.055,0.149,0.000,0.078,0.028
cube_d5_k55,16,6,250,250,50,0.041,0.024,0.043,0.000,0.019,0.009
cube_d5_k55,16,7,50,50,10,0.012,0.006,0.015,0.000,0.007,0.003
cube_d5_k55,16,8,10,10,2,0.005,0.002,0.006,0.000,0.004,0.001
cube_d5_k55,16,9,2,0,0,0.003,0.001,0.000,,,
cube_d5_k55,16,0,110,998250,332750,0.193,0.236,17.219,0.000,6.479,3.975
cube_d5_k55,16,1,332750,332750,127750,12.603,2.810,7.945,0.000,2.322,1.567
cube_d5_k55,16,2,127750,127750,31250,5.420,1.355,23.096,0.000,20.755,0.674
cube_d5_k55,16,3,31250,31250,6250,1.860,0.494,5.589,0.000,4.994,0.170
cube_d5_k55,16,4,6250,6250,1250,0.954,0.284,0.769,0.000,0.507,0.051
cube_d5_k55,16,5,1250,1250,250,0.236,0.082,0.200,0.000,0.117,0.023
cube_d5_k55,16,6,250,250,50,0.073,0.033,0.066,0.000,0.030,0.012
cube_d5_k55,16,7,50,50,10,0.022,0.013,0.025,0.000,0.010,0.004
cube_d5_k55,16,8,10,10,2,0.009,0.004,0.009,0.000,0.005,0.001
cube_d5_k55,16,9,2,0,0,0.004,0.001,0.000,,,
cube_d5_k55,16,0,110,998250,332750,0.549,0.307,19.381,0.000,7.830,4.167
cube_d5_k55,16,1,332750,332750,127750,13.663,2.973,8.327,0.000,2.443,1.617
cube_d5_k55,16,2,127750,127750,31250,5.671,1.301,19.219,0.000,17.060,0.609
cube_d5_k55,16,3,31250,31250,6250,1.553,0.433,4.456,0.001,3.849,0.185
cube_d5_k55,16,4,6250,6250,1250,0.895,0.271,0.657,0.000,0.400,0.048
cube_d5_k55,16,5,1250,1250,250,0.204,0.075,0.197,0.000,0.114,0.021
cube_d5_k55,16,6,250,250,50,0.069,0.031,0.058,0.000,0.026,0.011
cube_d5_k55,16,7,50,50,10,0.021,0.009,0.022,0.000,0.009,0.004
cube_d5_k55,16,8,10,10,2,0.009,0.004,0.008,0.000,0.005,0.001
cube_d5_k55,16,9,2,0,0,0.003,0.001,0.000,,,
cube_d5_k55,32,0,110,998250,332750,0.350,0.429,15.767,0.000,5.853,3.316
cube_d5_k55,32,1,332750,332750,127750,9.897,2.100,6.837,0.000,2.359,1.282
cube_d5_k55,32,2,127750,127750,31250,4.170,0.921,15.988,0.000,14.527,0.405
cube_d5_k55,32,3,31250,31250,6250,1.033,0.295,3.270,0.000,2.860,0.127
cube_d5_k55,32,4,6250,6250,1250,0.520,0.238,0.590,0.000,0.392,0.034
cube_d5_k55,32,5,1250,1250,250,0.135,0.063,0.145,0.000,0.080,0.015
cube_d5_k55,32,6,250,250,50,0.047,0.027,0.052,0.000,0.022,0.012
cube_d5_k55,32,7,50,50,10,0.017,0.010,0.019,0.000,0.008,0.004
cube_d5_k55,32,8,10,10,2,0.010,0.004,0.011,0.000,0.007,0.001
cube_d5_k55,32,9,2,0,0,0.005,0.001,0.000,,,
cube_d5_k55,32,0,110,998250,332750,0.180,0.231,13.978,0.000,5.135,3.321
cube_d5_k55,32,1,332750,332750,127750,10.104,2.151,6.828,0.002,1.961,1.367
cube_d5_k55,32,2,127750,127750,31250,4.412,1.028,13.614,0.000,11.988,0.506
cube_d5_k55,32,3,31250,31250,6250,1.130,0.291,3.102,0.000,2.668,0.132
cube_d5_k55,32,4,6250,6250,1250,0.529,0.204,0.532,0.000,0.325,0.042
cube_d5_k55,32,5,1250,1250,250,0.134,0.062,0.139,0.000,0.076,0.017
cube_d5_k55,32,6,250,250,50,0.044,0.025,0.052,0.000,0.021,0.014
cube_d5_k55,32,7,50,50,10,0.019,0.008,0.016,0.000,0.007,0.003
cube_d5_k55,32,8,10,10,2,0.017,0.004,0.009,0.000,0.005,0.001
cube_d5_k55,32,9,2,0,0,0.005,0.001,0.000,,,
cube_d5_k55,32,0,110,998250,332750,0.169,0.232,13.771,0.000,5.032,3.093
cube_d5_k55,32,1,332750,332750,127750,10.358,2.131,6.207,0.000,1.926,1.208
cube_d5_k55,32,2,127750,127750,31250,4.400,1.043,13.459,0.000,11.942,0.427
cube_d5_k55,32,3,31250,31250,6250,1.111,0.309,3.108,0.000,2.688,0.116
cube_d5_k55,32,4,6250,6250,1250,0.520,0.231,0.520,0.000,0.332,0.032
cube_d5_k55,32,5,1250,1250,250,0.122,0.061,0.138,0.000,0.074,0.017
cube_d5_k55,32,6,250,250,50,0.046,0.025,0.048,0.000,0.021,0.011
cube_d5_k55,32,7,50,50,10,0.019,0.008,0.017,0.000,0.007,0.003
cube_d5_k55,32,8,10,10,2,0.009,0.004,0.010,0.000,0.006,0.001
cube_d5_k55,32,9,2,0,0,0.005,0.001,0.000,,,
cube_d5_k55,32,0,110,998250,332750,0.171,0.232,13.655,0.000,5.043,3.074
cube_d5_k55,32,1,332750,332750,127750,10.161,2.104,6.233,0.000,1.903,1.234
cube_d5_k55,32,2,127750,127750,31250,4.343,0.945,13.893,0.000,12.290,0.427
cube_d5_k55,32,3,31250,31250,6250,1.089,0.318,3.087,0.000,2.684,0.116
cube_d5_k55,32,4,6250,6250,1250,0.519,0.209,0.513,0.000,0.321,0.038
cube_d5_k55,32,5,1250,1250,250,0.127,0.060,0.146,0.000,0.079,0.017
cube_d5_k55,32,6,250,250,50,0.044,0.029,0.055,0.000,0.021,0.010
cube_d5_k55,32,7,50,50,10,0.018,0.009,0.018,0.000,0.008,0.003
cube_d5_k55,32,8,10,10,2,0.009,0.004,0.010,0.000,0.006,0.001
cube_d5_k55,32,9,2,0,0,0.005,0.001,0.000,,,
cube_d5_k55,32,0,110,998250,332750,0.174,0.267,13.649,0.000,5.074,3.074
cube_d5_k55,32,1,332750,332750,127750,11.137,2.202,6.124,0.000,1.906,1.243
cube_d5_k55,32,2,127750,127750,31250,4.419,1.056,14.528,0.000,12.915,0.489
cube_d5_k55,32,3,31250,31250,6250,1.138,0.358,3.155,0.000,2.701,0.124
cube_d5_k55,32,4,6250,6250,1250,0.588,0.220,0.544,0.000,0.335,0.041
cube_d5_k55,32,5,1250,1250,250,0.143,0.062,0.154,0.000,0.076,0.018
cube_d5_k55,32,6,250,250,50,0.047,0.025,0.058,0.000,0.022,0.012
cube_d5_k55,32,7,50,50,10,0.018,0.009,0.017,0.000,0.007,0.003
cube_d5_k55,32,8,10,10,2,0.009,0.004,0.010,0.000,0.006,0.001
cube_d5_k55,32,9,2,0,0,0.005,0.001,0.000,,,
cube_d5_k55,32,0,110,998250,332750,0.180,0.263,13.796,0.000,5.144,3.109
cube_d5_k55,32,1,332750,332750,127750,10.676,2.271,6.187,0.000,1.952,1.219
cube_d5_k55,32,2,127750,127750,31250,4.445,0.955,15.028,0.000,13.450,0.450
cube_d5_k55,32,3,31250,31250,6250,1.144,0.326,3.364,0.000,2.918,0.132
cube_d5_k55,32,4,6250,6250,1250,0.692,0.266,0.628,0.000,0.393,0.039
cube_d5_k55,32,5,1250,1250,250,0.152,0.069,0.186,0.000,0.095,0.019
cube_d5_k55,32,6,250,250,50,0.046,0.025,0.062,0.000,0.029,0.011
cube_d5_k55,32,7,50,50,10,0.019,0.010,0.044,0.000,0.011,0.005
cube_d5_k55,32,8,10,10,2,0.011,0.004,0.011,0.000,0.007,0.001
cube_d5_k55,32,9,2,0,0,0.004,0.002,0.000,,,
cube_d5_k55,64,0,110,998250,332750,0.821,0.542,14.300,0.000,5.568,2.552
cube_d5_k55,64,1,332750,332750,127750,7.289,2.552,6.668,0.000,2.517,1.188
cube_d5_k55,64,2,127750,127750,31250,3.363,1.078,14.121,0.000,12.752,0.401
cube_d5_k55,64,3,31250,31250,6250,1.031,0.404,3.521,0.000,3.080,0.122
cube_d5_k55,64,4,6250,6250,1250,0.863,0.272,0.687,0.000,0.430,0.045
cube_d5_k55,64,5,1250,1250,250,0.178,0.079,0.231,0.000,0.132,0.031
cube_d5_k55,64,6,250,250,50,0.073,0.040,0.079,0.000,0.034,0.017
cube_d5_k55,64,7,50,50,10,0.031,0.011,0.026,0.000,0.011,0.005
cube_d5_k55,64,8,10,10,2,0.011,0.004,0.011,0.000,0.007,0.001
cube_d5_k55,64,9,2,0,0,0.004,0.001,0.000,,,
cube_d5_k55,64,0,110,998250,332750,0.192,0.302,12.496,0.000,4.241,2.505
cube_d5_k55,64,1,332750,332750,127750,7.461,2.236,5.213,0.000,1.554,1.028
cube_d5_k55,64,2,127750,127750,31250,3.334,1.046,13.774,0.000,12.414,0.346
cube_d5_k55,64,3,31250,31250,6250,1.014,0.399,3.526,0.000,3.089,0.134
cube_d5_k55,64,4,6250,6250,1250,0.852,0.272,0.700,0.000,0.429,0.053
cube_d5_k55,64,5,1250,1250,250,0.176,0.078,0.230,0.000,0.120,0.031
cube_d5_k55,64,6,250,250,50,0.079,0.040,0.090,0.000,0.037,0.026
cube_d5_k55,64,7,50,50,10,0.027,0.011,0.033,0.000,0.011,0.009
cube_d5_k55,64,8,10,10,2,0.015,0.004,0.010,0.000,0.006,0.001
cube_d5_k55,64,9,2,0,0,0.004,0.002,0.000,,,
cube_d5_k55,64,0,110,998250,332750,0.204,0.303,10.838,0.000,4.234,2.205
cube_d5_k55,64,1,332750,332750,127750,7.757,2.344,5.027,0.000,1.572,0.912
cube_d5_k55,64,2,127750,127750,31250,3.368,1.029,13.741,0.000,12.454,0.368
cube_d5_k55,64,3,31250,31250,6250,1.020,0.368,3.566,0.000,3.045,0.232
cube_d5_k55,64,4,6250,6250,1250,0.882,0.266,0.665,0.000,0.413,0.049
cube_d5_k55,64,5,1250,1250,250,0.196,0.078,0.215,0.000,0.120,0.029
cube_d5_k55,64,6,250,250,50,0.079,0.034,0.084,0.000,0.038,0.020
cube_d5_k55,64,7,50,50,10,0.027,0.011,0.025,0.000,0.011,0.004
cube_d5_k55,64,8,10,10,2,0.013,0.004,0.010,0.000,0.006,0.001
cube_d5_k55,64,9,2,0,0,0.004,0.002,0.000,,,
cube_d5_k55,64,0,110,998250,332750,0.191,0.344,10.909,0.000,4.188,2.152
cube_d5_k55,64,1,332750,332750,127750,7.863,2.864,4.900,0.000,1.580,0.887
cube_d5_k55,64,2,127750,127750,31250,3.220,1.034,14.189,0.000,12.729,0.396
cube_d5_k55,64,3,31250,31250,6250,0.978,0.378,3.536,0.000,3.122,0.115
cube_d5_k55,64,4,6250,6250,1250,0.831,0.272,0.696,0.000,0.436,0.052
cube_d5_k55,64,5,1250,1250,250,0.196,0.080,0.244,0.000,0.121,0.044
cube_d5_k55,64,6,250,250,50,0.079,0.041,0.073,0.000,0.035,0.013
cube_d5_k55,64,7,50,50,10,0.029,0.010,0.037,0.000,0.017,0.008
cube_d5_k55,64,8,10,10,2,0.013,0.003,0.011,0.000,0.006,0.001
cube_d5_k55,64,9,2,0,0,0.004,0.002,0.000,,,
cube_d5_k55,64,0,110,998250,332750,0.200,0.310,10.843,0.000,4.270,2.131
cube_d5_k55,64,1,332750,332750,127750,7.447,2.237,5.062,0.000,1.570,0.873
cube_d5_k55,64,2,127750,127750,31250,3.193,1.020,14.416,0.000,13.135,0.364
cube_d5_k55,64,3,31250,31250,6250,0.970,0.381,3.528,0.000,3.110,0.124
cube_d5_k55,64,4,6250,6250,1250,0.921,0.276,0.703,0.000,0.437,0.043
cube_d5_k55,64,5,1250,1250,250,0.222,0.084,0.234,0.000,0.118,0.034
cube_d5_k55,64,6,250,250,50,0.085,0.043,0.080,0.000,0.033,0.018
cube_d5_k55,64,7,50,50,10,0.036,0.011,0.027,0.000,0.012,0.005
cube_d5_k55,64,8,10,10,2,0.016,0.004,0.010,0.000,0.006,0.001
cube_d5_k55,64,9,2,0,0,0.004,0.002,0.000,,,
cube_d5_k55,64,0,110,998250,332750,0.205,0.318,10.751,0.000,4.127,2.173
cube_d5_k55,64,1,332750,332750,127750,8.015,3.877,5.281,0.000,1.597,0.932
cube_d5_k55,64,2,127750,127750,31250,3.336,1.033,14.554,0.000,13.248,0.375
cube_d5_k55,64,3,31250,31250,6250,1.004,0.380,3.590,0.000,3.149,0.138
cube_d5_k55,64,4,6250,6250,1250,0.939,0.272,0.722,0.000,0.466,0.047
cube_d5_k55,64,5,1250,1250,250,0.203,0.079,0.218,0.000,0.119,0.031
cube_d5_k55,64,6,250,250,50,0.083,0.039,0.083,0.000,0.036,0.020
cube_d5_k55,64,7,50,50,10,0.035,0.011,0.030,0.000,0.011,0.005
cube_d5_k55,64,8,10,10,2,0.017,0.004,0.010,0.000,0.006,0.001
cube_d5_k55,64,9,2,0,0,0.004,0.002,0.000,,,
cube_d5_k55,128,0,110,998250,332750,2.162,1.796,15.964,0.000,7.157,2.239
cube_d5_k55,128,1,332750,332750,127750,5.423,2.105,5.940,0.000,2.441,1.355
cube_d5_k55,128,2,127750,127750,31250,2.471,1.154,15.090,0.000,13.856,0.323
cube_d5_k55,128,3,31250,31250,6250,1.012,0.369,3.986,0.000,3.576,0.119
cube_d5_k55,128,4,6250,6250,1250,0.649,0.341,0.796,0.000,0.503,0.053
cube_d5_k55,128,5,1250,1250,250,0.152,0.095,0.267,0.000,0.137,0.051
cube_d5_k55,128,6,250,250,50,0.093,0.055,0.135,0.000,0.044,0.031
cube_d5_k55,128,7,50,50,10,0.047,0.013,0.044,0.000,0.014,0.013
cube_d5_k55,128,8,10,10,2,0.020,0.005,0.012,0.000,0.008,0.002
cube_d5_k55,128,9,2,0,0,0.005,0.001,0.000,,,
cube_d5_k55,128,0,110,998250,332750,0.199,0.270,8.599,0.000,3.068,1.873
cube_d5_k55,128,1,332750,332750,127750,5.157,2.455,4.679,0.000,1.360,0.808
cube_d5_k55,128,2,127750,127750,31250,2.630,0.984,15.389,0.000,13.257,0.921
cube_d5_k55,128,3,31250,31250,6250,1.570,0.751,4.517,0.000,3.513,0.435
cube_d5_k55,128,4,6250,6250,1250,0.659,0.271,0.713,0.000,0.429,0.055
cube_d5_k55,128,5,1250,1250,250,0.139,0.088,0.256,0.000,0.136,0.051
cube_d5_k55,128,6,250,250,50,0.092,0.043,0.098,0.000,0.039,0.021
cube_d5_k55,128,7,50,50,10,0.046,0.011,0.032,0.000,0.011,0.005
cube_d5_k55,128,8,10,10,2,0.016,0.004,0.011,0.000,0.007,0.001
cube_d5_k55,128,9,2,0,0,0.004,0.001,0.000,,,
cube_d5_k55,128,0,110,998250,332750,0.185,0.282,8.528,0.000,3.265,1.446
cube_d5_k55,128,1,332750,332750,127750,5.281,1.999,4.133,0.000,1.306,0.652
cube_d5_k55,128,2,127750,127750,31250,2.693,0.905,13.609,0.000,12.483,0.256
cube_d5_k55,128,3,31250,31250,6250,0.914,0.353,3.708,0.000,3.323,0.103
cube_d5_k55,128,4,6250,6250,1250,0.644,0.279,0.729,0.000,0.467,0.053
cube_d5_k55,128,5,1250,1250,250,0.154,0.083,0.256,0.000,0.125,0.047
cube_d5_k55,128,6,250,250,50,0.097,0.044,0.102,0.000,0.037,0.017
cube_d5_k55,128,7,50,50,10,0.060,0.013,0.040,0.000,0.015,0.010
cube_d5_k55,128,8,10,10,2,0.015,0.004,0.011,0.000,0.007,0.001
cube_d5_k55,128,9,2,0,0,0.004,0.001,0.000,,,
cube_d5_k55,128,0,110,998250,332750,0.181,0.264,8.268,0.000,3.114,1.516
cube_d5_k55,128,1,332750,332750,127750,5.620,1.883,4.150,0.000,1.364,0.628
cube_d5_k55,128,2,127750,127750,31250,3.781,0.956,14.360,0.000,13.317,0.263
cube_d5_k55,128,3,31250,31250,6250,0.938,0.386,3.611,0.000,3.218,0.115
cube_d5_k55,128,4,6250,6250,1250,0.608,0.287,0.717,0.000,0.454,0.051
cube_d5_k55,128,5,1250,1250,250,0.142,0.082,0.261,0.000,0.153,0.036
cube_d5_k55,128,6,250,250,50,0.091,0.048,0.115,0.000,0.039,0.032
cube_d5_k55,128,7,50,50,10,0.046,0.012,0.029,0.000,0.012,0.005
cube_d5_k55,128,8,10,10,2,0.018,0.004,0.011,0.000,0.007,0.001
cube_d5_k55,128,9,2,0,0,0.004,0.001,0.000,,,
cube_d5_k55,128,0,110,998250,332750,0.182,0.267,8.306,0.000,3.220,1.475
cube_d5_k55,128,1,332750,332750,127750,5.954,1.932,4.041,0.000,1.327,0.644
cube_d5_k55,128,2,127750,127750,31250,2.675,0.889,14.245,0.000,13.153,0.281
cube_d5_k55,128,3,31250,31250,6250,0.972,0.387,3.760,0.000,3.370,0.110
cube_d5_k55,128,4,6250,6250,1250,0.875,0.272,0.683,0.000,0.436,0.044
cube_d5_k55,128,5,1250,1250,250,0.151,0.090,0.262,0.000,0.148,0.030
cube_d5_k55,128,6,250,250,50,0.098,0.045,0.109,0.000,0.040,0.025
cube_d5_k55,128,7,50,50,10,0.045,0.012,0.037,0.000,0.012,0.010
cube_d5_k55,128,8,10,10,2,0.013,0.004,0.011,0.000,0.007,0.001
cube_d5_k55,128,9,2,0,0,0.004,0.001,0.000,,,
cube_d5_k55,128,0,110,998250,332750,0.196,0.271,8.319,0.000,3.079,1.457
cube_d5_k55,128,1,332750,332750,127750,6.283,1.984,4.087,0.000,1.307,0.649
cube_d5_k55,128,2,127750,127750,31250,2.598,0.909,14.509,0.000,13.167,0.570
cube_d5_k55,128,3,31250,31250,6250,0.855,0.347,3.890,0.000,3.505,0.105
cube_d5_k55,128,4,6250,6250,1250,0.657,0.277,0.741,0.000,0.474,0.058
cube_d5_k55,128,5,1250,1250,250,0.140,0.092,0.272,0.000,0.152,0.035
cube_d5_k55,128,6,250,250,50,0.123,0.041,0.099,0.000,0.037,0.024
cube_d5_k55,128,7,50,50,10,0.043,0.011,0.026,0.000,0.012,0.004
cube_d5_k55,128,8,10,10,2,0.016,0.004,0.010,0.000,0.006,0.001
cube_d5_k55,128,9,2,0,0,0.004,0.001,0.000,,,
cube_d5_k55,144,0,110,998250,332750,2.187,1.608,17.152,0.000,7.962,2.454
cube_d5_k55,144,1,332750,332750,127750,5.208,2.115,6.425,0.000,2.357,1.769
cube_d5_k55,144,2,127750,127750,31250,2.328,1.276,14.351,0.000,13.203,0.298
cube_d5_k55,144,3,31250,31250,6250,0.885,0.375,4.021,0.000,3.634,0.107
cube_d5_k55,144,4,6250,6250,1250,0.561,0.271,0.743,0.000,0.477,0.055
cube_d5_k55,144,5,1250,1250,250,0.137,0.084,0.231,0.000,0.120,0.041
cube_d5_k55,144,6,250,250,50,0.082,0.043,0.107,0.000,0.038,0.032
cube_d5_k55,144,7,50,50,10,0.032,0.011,0.028,0.000,0.012,0.005
cube_d5_k55,144,8,10,10,2,0.017,0.004,0.011,0.000,0.007,0.001
cube_d5_k55,144,9,2,0,0,0.005,0.001,0.000,,,
cube_d5_k55,144,0,110,998250,332750,0.188,0.266,8.543,0.000,2.961,2.014
cube_d5_k55,144,1,332750,332750,127750,4.996,1.799,4.670,0.000,1.734,0.794
cube_d5_k55,144,2,127750,127750,31250,2.688,0.888,13.905,0.000,12.803,0.315
cube_d5_k55,144,3,31250,31250,6250,0.976,0.374,3.974,0.000,3.597,0.105
cube_d5_k55,144,4,6250,6250,1250,0.643,0.269,0.747,0.000,0.485,0.053
cube_d5_k55,144,5,1250,1250,250,0.150,0.087,0.248,0.000,0.137,0.034
cube_d5_k55,144,6,250,250,50,0.085,0.038,0.090,0.000,0.035,0.024
cube_d5_k55,144,7,50,50,10,0.030,0.015,0.030,0.000,0.012,0.005
cube_d5_k55,144,8,10,10,2,0.016,0.004,0.012,0.000,0.007,0.001
cube_d5_k55,144,9,2,0,0,0.005,0.002,0.000,,,
cube_d5_k55,144,0,110,998250,332750,0.155,0.263,7.681,0.000,2.978,1.315
cube_d5_k55,144,1,332750,332750,127750,5.120,1.819,4.010,0.000,1.333,0.617
cube_d5_k55,144,2,127750,127750,31250,2.631,0.867,13.894,0.000,12.809,0.263
cube_d5_k55,144,3,31250,31250,6250,0.916,0.344,4.002,0.000,3.608,0.112
cube_d5_k55,144,4,6250,6250,1250,0.619,0.280,0.739,0.000,0.477,0.050
cube_d5_k55,144,5,1250,1250,250,0.147,0.083,0.248,0.000,0.127,0.046
cube_d5_k55,144,6,250,250,50,0.109,0.049,0.107,0.000,0.035,0.025
cube_d5_k55,144,7,50,50,10,0.043,0.012,0.039,0.000,0.012,0.012
cube_d5_k55,144,8,10,10,2,0.021,0.004,0.012,0.000,0.007,0.001
cube_d5_k55,144,9,2,0,0,0.005,0.002,0.000,,,
cube_d5_k55,144,0,110,998250,332750,0.190,0.261,7.890,0.000,2.958,1.335
cube_d5_k55,144,1,332750,332750,127750,5.321,1.853,4.016,0.000,1.318,0.601
cube_d5_k55,144,2,127750,127750,31250,2.607,0.893,14.198,0.000,13.152,0.260
cube_d5_k55,144,3,31250,31250,6250,0.845,0.347,3.991,0.000,3.592,0.107
cube_d5_k55,144,4,6250,6250,1250,0.595,0.271,0.748,0.000,0.479,0.058
cube_d5_k55,144,5,1250,1250,250,0.140,0.092,0.238,0.000,0.132,0.031
cube_d5_k55,144,6,250,250,50,0.096,0.043,0.101,0.000,0.035,0.021
cube_d5_k55,144,7,50,50,10,0.036,0.015,0.034,0.000,0.012,0.005
cube_d5_k55,144,8,10,10,2,0.014,0.004,0.011,0.000,0.007,0.001
cube_d5_k55,144,9,2,0,0,0.005,0.002,0.000,,,
cube_d5_k55,144,0,110,998250,332750,0.179,0.282,7.749,0.000,2.879,1.383
cube_d5_k55,144,1,332750,332750,127750,5.646,1.801,4.346,0.000,1.306,0.616
cube_d5_k55,144,2,127750,127750,31250,2.546,0.871,14.723,0.000,13.667,0.253
cube_d5_k55,144,3,31250,31250,6250,0.891,0.388,4.037,0.000,3.614,0.133
cube_d5_k55,144,4,6250,6250,1250,0.577,0.275,0.723,0.000,0.452,0.052
cube_d5_k55,144,5,1250,1250,250,0.137,0.087,0.255,0.000,0.127,0.055
cube_d5_k55,144,6,250,250,50,0.095,0.039,0.108,0.000,0.037,0.030
cube_d5_k55,144,7,50,50,10,0.051,0.011,0.036,0.000,0.012,0.012
cube_d5_k55,144,8,10,10,2,0.016,0.004,0.012,0.000,0.007,0.001
cube_d5_k55,144,9,2,0,0,0.005,0.002,0.000,,,
cube_d5_k55,144,0,110,998250,332750,0.167,0.243,7.816,0.000,2.912,1.346
cube_d5_k55,144,1,332750,332750,127750,5.981,1.803,4.069,0.000,1.317,0.606
cube_d5_k55,144,2,127750,127750,31250,2.640,0.853,16.199,0.000,14.273,0.833
cube_d5_k55,144,3,31250,31250,6250,2.252,0.364,4.010,0.000,3.600,0.114
cube_d5_k55,144,4,6250,6250,1250,0.764,0.282,0.695,0.000,0.431,0.055
cube_d5_k55,144,5,1250,1250,250,0.148,0.084,0.240,0.000,0.125,0.033
cube_d5_k55,144,6,250,250,50,0.086,0.049,0.083,0.000,0.034,0.017
cube_d5_k55,144,7,50,50,10,0.041,0.012,0.040,0.000,0.013,0.012
cube_d5_k55,144,8,10,10,2,0.020,0.004,0.012,0.000,0.007,0.001
cube_d5_k55,144,9,2,0,0,0.005,0.002,0.000,,,
cube_d5_k105,1,0,210,6945750,2315250,8.933,24.175,2058.245,0.000,1016.462,326.065
cube_d5_k105,1,1,2315250,2315250,776000,1502.913,319.394,944.194,0.000,220.223,105.448
cube_d5_k105,1,2,776000,776000,156250,428.352,96.775,264.851,0.000,79.814,28.142
cube_d5_k105,1,3,156250,156250,31250,109.906,14.358,53.030,0.000,15.171,5.014
cube_d5_k105,1,4,31250,31250,6250,18.378,2.174,8.959,0.000,3.023,1.059
cube_d5_k105,1,5,6250,6250,1250,3.121,0.442,1.306,0.000,0.395,0.215
cube_d5_k105,1,6,1250,1250,250,0.640,0.079,0.248,0.000,0.073,0.039
cube_d5_k105,1,7,250,250,50,0.132,0.015,0.051,0.000,0.016,0.009
cube_d5_k105,1,8,50,50,10,0.027,0.004,0.013,0.000,0.005,0.002
cube_d5_k105,1,9,10,10,2,0.006,0.002,0.005,0.000,0.003,0.001
cube_d5_k105,1,10,2,0,0,0.002,0.001,0.000,,,
cube_d5_k105,1,0,210,6945750,2315250,8.604,14.295,2096.287,0.000,1040.481,352.742
cube_d5_k105,1,1,2315250,2315250,776000,1786.677,425.534,985.998,0.000,290.319,107.174
cube_d5_k105,1,2,776000,776000,156250,476.726,123.717,259.490,0.000,74.250,27.306
cube_d5_k105,1,3,156250,156250,31250,107.509,14.921,61.966,0.000,15.304,4.996
cube_d5_k105,1,4,31250,31250,6250,21.962,2.527,10.392,0.000,2.811,1.053
cube_d5_k105,1,5,6250,6250,1250,2.993,0.494,1.281,0.000,0.387,0.214
cube_d5_k105,1,6,1250,1250,250,0.606,0.080,0.237,0.000,0.073,0.038
cube_d5_k105,1,7,250,250,50,0.124,0.015,0.049,0.000,0.016,0.008
cube_d5_k105,1,8,50,50,10,0.025,0.004,0.013,0.000,0.005,0.002
cube_d5_k105,1,9,10,10,2,0.006,0.002,0.006,0.000,0.003,0.001
cube_d5_k105,1,10,2,0,0,0.002,0.001,0.000,,,
cube_d5_k105,1,0,210,6945750,2315250,8.646,14.252,2091.051,0.000,1040.864,339.282
cube_d5_k105,1,1,2315250,2315250,776000,1808.950,435.747,992.161,0.000,289.769,109.811
cube_d5_k105,1,2,776000,776000,156250,506.509,127.824,257.777,0.000,74.348,27.106
cube_d5_k105,1,3,156250,156250,31250,110.077,15.698,52.956,0.000,15.304,4.969
cube_d5_k105,1,4,31250,31250,6250,28.774,3.975,10.046,0.000,3.263,1.042
cube_d5_k105,1,5,6250,6250,1250,3.430,0.530,1.334,0.000,0.400,0.222
cube_d5_k105,1,6,1250,1250,250,0.683,0.081,0.239,0.000,0.073,0.039
cube_d5_k105,1,7,250,250,50,0.134,0.015,0.052,0.000,0.016,0.010
cube_d5_k105,1,8,50,50,10,0.027,0.004,0.013,0.000,0.006,0.002
cube_d5_k105,1,9,10,10,2,0.007,0.002,0.006,0.000,0.003,0.001
cube_d5_k105,1,10,2,0,0,0.002,0.001,0.000,,,
cube_d5_k105,1,0,210,6945750,2315250,8.734,14.481,2093.727,0.000,1044.441,342.407
cube_d5_k105,1,1,2315250,2315250,776000,1822.928,437.106,993.134,0.000,290.170,112.238
cube_d5_k105,1,2,776000,776000,156250,505.200,126.703,271.091,0.000,81.619,27.939
cube_d5_k105,1,3,156250,156250,31250,109.639,15.650,52.974,0.000,15.218,5.019
cube_d5_k105,1,4,31250,31250,6250,19.819,2.626,9.082,0.000,2.954,1.022
cube_d5_k105,1,5,6250,6250,1250,3.184,0.507,1.272,0.000,0.377,0.215
cube_d5_k105,1,6,1250,1250,250,0.650,0.083,9.061,0.000,0.103,0.058
cube_d5_k105,1,7,250,250,50,0.181,0.020,0.067,0.000,0.023,0.012
cube_d5_k105,1,8,50,50,10,0.035,0.006,0.017,0.000,0.007,0.003
cube_d5_k105,1,9,10,10,2,0.009,0.002,0.008,0.000,0.005,0.001
cube_d5_k105,1,10,2,0,0,0.003,0.001,0.000,,,
cube_d5_k105,1,0,210,6945750,2315250,8.661,14.211,2091.120,0.000,1041.766,338.943
cube_d5_k105,1,1,2315250,2315250,776000,1833.311,449.931,993.638,0.000,290.175,110.193
cube_d5_k105,1,2,776000,776000,156250,512.212,132.834,261.547,0.000,77.658,27.117
cube_d5_k105,1,3,156250,156250,31250,110.362,15.816,52.960,0.000,15.047,5.097
cube_d5_k105,1,4,31250,31250,6250,30.697,3.185,10.060,0.002,3.313,1.048
cube_d5_k105,1,5,6250,6250,1250,3.287,0.516,1.295,0.000,0.387,0.214
cube_d5_k105,1,6,1250,1250,250,0.660,0.088,0.244,0.000,0.075,0.040
cube_d5_k105,1,7,250,250,50,0.137,0.015,0.053,0.000,0.017,0.010
cube_d5_k105,1,8,50,50,10,0.028,0.004,0.013,0.000,0.006,0.002
cube_d5_k105,1,9,10,10,2,0.007,0.002,0.006,0.000,0.003,0.001
cube_d5_k105,1,10,2,0,0,0.002,0.001,0.000,,,
cube_d5_k105,1,0,210,6945750,2315250,8.583,14.332,2091.323,0.000,1040.569,345.951
cube_d5_k105,1,1,2315250,2315250,776000,1828.906,452.779,993.240,0.000,292.008,116.299
cube_d5_k105,1,2,776000,776000,156250,515.059,129.670,265.751,0.000,77.749,27.295
cube_d5_k105,1,3,156250,156250,31250,110.536,30.494,53.351,0.000,15.139,5.033
cube_d5_k105,1,4,31250,31250,6250,20.343,2.716,9.010,0.000,2.977,1.042
cube_d5_k105,1,5,6250,6250,1250,3.196,0.514,1.309,0.000,0.394,0.222
cube_d5_k105,1,6,1250,1250,250,0.663,0.081,0.239,0.000,0.073,0.039
cube_d5_k105,1,7,250,250,50,0.133,0.015,0.049,0.000,0.016,0.008
cube_d5_k105,1,8,50,50,10,0.027,0.004,0.013,0.000,0.005,0.002
cube_d5_k105,1,9,10,10,2,0.007,0.002,0.006,0.000,0.004,0.001
cube_d5_k105,1,10,2,0,0,0.002,0.001,0.000,,,
cube_d5_k105,2,0,210,6945750,2315250,11.405,13.895,1014.347,0.000,447.187,175.989
cube_d5_k105,2,1,2315250,2315250,776000,720.192,157.155,458.156,0.000,111.947,60.497
cube_d5_k105,2,2,776000,776000,156250,246.204,48.215,178.425,0.000,45.609,20.859
cube_d5_k105,2,3,156250,156250,31250,59.709,7.559,27.545,0.000,6.110,3.594
cube_d5_k105,2,4,31250,31250,6250,10.504,1.376,6.541,0.000,2.802,0.695
cube_d5_k105,2,5,6250,6250,1250,1.592,0.366,0.918,0.000,0.328,0.128
cube_d5_k105,2,6,1250,1250,250,0.380,0.086,0.195,0.000,0.072,0.028
cube_d5_k105,2,7,250,250,50,0.097,0.019,0.056,0.000,0.018,0.010
cube_d5_k105,2,8,50,50,10,0.023,0.005,0.013,0.000,0.006,0.002
cube_d5_k105,2,9,10,10,2,0.005,0.002,0.006,0.000,0.004,0.001
cube_d5_k105,2,10,2,0,0,0.002,0.001,0.000,,,
cube_d5_k105,2,0,210,6945750,2315250,4.556,7.492,1043.626,0.000,452.088,198.213
cube_d5_k105,2,1,2315250,2315250,776000,811.906,196.202,479.566,0.000,127.118,59.508
cube_d5_k105,2,2,776000,776000,156250,252.198,58.615,127.188,0.000,29.305,14.704
cube_d5_k105,2,3,156250,156250,31250,60.480,7.932,26.906,0.000,5.637,2.967
cube_d5_k105,2,4,31250,31250,6250,10.731,1.501,6.419,0.000,2.900,0.631
cube_d5_k105,2,5,6250,6250,1250,1.817,0.458,0.960,0.000,0.333,0.167
cube_d5_k105,2,6,1250,1250,250,0.417,0.095,0.217,0.000,0.074,0.029
cube_d5_k105,2,7,250,250,50,0.087,0.021,0.057,0.000,0.018,0.010
cube_d5_k105,2,8,50,50,10,0.028,0.004,0.013,0.000,0.006,0.002
cube_d5_k105,2,9,10,10,2,0.007,0.002,0.006,0.000,0.004,0.001
cube_d5_k105,2,10,2,0,0,0.002,0.001,0.000,,,
cube_d5_k105,2,0,210,6945750,2315250,4.437,7.480,1041.501,0.000,461.596,189.041
cube_d5_k105,2,1,2315250,2315250,776000,853.518,208.663,452.758,0.000,107.291,60.365
cube_d5_k105,2,2,776000,776000,156250,282.540,64.006,130.425,0.000,30.367,15.938
cube_d5_k105,2,3,156250,156250,31250,59.280,8.338,27.284,0.000,5.857,3.063
cube_d5_k105,2,4,31250,31250,6250,10.913,1.565,6.452,0.000,2.922,0.620
cube_d5_k105,2,5,6250,6250,1250,1.890,0.404,0.937,0.000,0.335,0.131
cube_d5_k105,2,6,1250,1250,250,0.437,0.087,0.223,0.000,0.075,0.028
cube_d5_k105,2,7,250,250,50,0.126,0.019,0.056,0.000,0.019,0.011
cube_d5_k105,2,8,50,50,10,0.030,0.005,0.013,0.000,0.006,0.002
cube_d5_k105,2,9,10,10,2,0.007,0.002,0.006,0.000,0.004,0.001
cube_d5_k105,2,10,2,0,0,0.002,0.001,0.000,,,
cube_d5_k105,2,0,210,6945750,2315250,4.918,10.032,1042.679,0.000,446.746,190.076
cube_d5_k105,2,1,2315250,2315250,776000,872.345,220.425,459.835,0.000,107.654,60.474
cube_d5_k105,2,2,776000,776000,156250,285.255,69.121,132.344,0.000,31.577,16.511
cube_d5_k105,2,3,156250,156250,31250,62.816,9.259,27.841,0.000,6.133,3.360
cube_d5_k105,2,4,31250,31250,6250,11.325,1.550,6.353,0.000,2.793,0.639
cube_d5_k105,2,5,6250,6250,1250,1.873,0.409,0.965,0.000,0.332,0.134
cube_d5_k105,2,6,1250,1250,250,0.420,0.091,0.205,0.000,0.071,0.028
cube_d5_k105,2,7,250,250,50,0.112,0.019,0.056,0.000,0.018,0.010
cube_d5_k105,2,8,50,50,10,0.030,0.005,0.014,0.000,0.006,0.002
cube_d5_k105,2,9,10,10,2,0.007,0.002,0.006,0.000,0.004,0.001
cube_d5_k105,2,10,2,0,0,0.002,0.001,0.000,,,
cube_d5_k105,2,0,210,6945750,2315250,9.699,8.252,1028.659,0.000,451.772,193.235
cube_d5_k105,2,1,2315250,2315250,776000,881.213,225.049,451.939,0.000,107.247,59.706
cube_d5_k105,2,2,776000,776000,156250,274.559,67.560,128.665,0.000,31.283,14.743
cube_d5_k105,2,3,156250,156250,31250,59.549,8.674,26.915,0.000,5.666,3.017
cube_d5_k105,2,4,31250,31250,6250,11.167,1.565,6.536,0.000,2.934,0.630
cube_d5_k105,2,5,6250,6250,1250,2.039,0.416,0.951,0.000,0.330,0.135
cube_d5_k105,2,6,1250,1250,250,0.423,0.087,0.192,0.000,0.070,0.028
cube_d5_k105,2,7,250,250,50,0.131,0.019,0.055,0.000,0.018,0.009
cube_d5_k105,2,8,50,50,10,0.030,0.005,0.013,0.000,0.006,0.002
cube_d5_k105,2,9,10,10,2,0.007,0.002,0.006,0.000,0.004,0.001
cube_d5_k105,2,10,2,0,0,0.002,0.001,0.000,,,
cube_d5_k105,2,0,210,6945750,2315250,4.466,7.498,1028.374,0.000,444.051,194.923
cube_d5_k105,2,1,2315250,2315250,776000,882.337,230.136,478.075,0.000,131.031,62.941
cube_d5_k105,2,2,776000,776000,156250,278.683,68.381,126.164,0.000,28.739,14.724
cube_d5_k105,2,3,156250,156250,31250,59.398,8.931,26.822,0.000,5.667,3.029
cube_d5_k105,2,4,31250,31250,6250,11.110,1.537,6.575,0.000,2.984,0.617
cube_d5_k105,2,5,6250,6250,1250,1.894,0.403,0.960,0.000,0.333,0.134
cube_d5_k105,2,6,1250,1250,250,0.416,0.091,0.234,0.000,0.073,0.040
cube_d5_k105,2,7,250,250,50,0.111,0.019,0.053,0.000,0.018,0.009
cube_d5_k105,2,8,50,50,10,0.030,0.005,0.014,0.000,0.006,0.002
cube_d5_k105,2,9,10,10,2,0.007,0.002,0.006,0.000,0.004,0.001
cube_d5_k105,2,10,2,0,0,0.002,0.001,0.000,,,
cube_d5_k105,4,0,210,6945750,2315250,5.975,7.609,581.838,0.000,241.189,98.008
cube_d5_k105,4,1,2315250,2315250,776000,375.424,78.536,241.831,0.000,61.407,32.589
cube_d5_k105,4,2,776000,776000,156250,112.067,23.081,67.210,0.000,17.151,7.944
cube_d5_k105,4,3,156250,156250,31250,27.946,4.288,13.676,0.000,3.187,1.602
cube_d5_k105,4,4,31250,31250,6250,5.133,0.752,4.347,0.000,2.641,0.353
cube_d5_k105,4,5,6250,6250,1250,0.993,0.300,0.703,0.000,0.307,0.079
cube_d5_k105,4,6,1250,1250,250,0.250,0.089,0.178,0.000,0.074,0.020
cube_d5_k105,4,7,250,250,50,0.096,0.022,0.056,0.000,0.019,0.007
cube_d5_k105,4,8,50,50,10,0.027,0.005,0.015,0.000,0.006,0.003
cube_d5_k105,4,9,10,10,2,0.012,0.002,0.007,0.000,0.004,0.001
cube_d5_k105,4,10,2,0,0,0.002,0.001,0.000,,,
cube_d5_k105,4,0,210,6945750,2315250,5.256,5.372,577.312,0.000,227.221,102.899
cube_d5_k105,4,1,2315250,2315250,776000,407.784,97.133,237.971,0.000,58.924,32.698
cube_d5_k105,4,2,776000,776000,156250,123.557,28.655,65.026,0.000,15.953,7.986
cube_d5_k105,4,3,156250,156250,31250,28.816,4.516,13.758,0.000,3.201,1.577
cube_d5_k105,4,4,31250,31250,6250,5.508,0.832,4.403,0.000,2.688,0.355
cube_d5_k105,4,5,6250,6250,1250,1.110,0.316,0.700,0.000,0.320,0.078
cube_d5_k105,4,6,1250,1250,250,0.269,0.102,0.162,0.000,0.074,0.020
cube_d5_k105,4,7,250,250,50,0.117,0.021,0.056,0.000,0.019,0.007
cube_d5_k105,4,8,50,50,10,0.031,0.005,0.015,0.000,0.007,0.003
cube_d5_k105,4,9,10,10,2,0.007,0.002,0.006,0.000,0.004,0.001
cube_d5_k105,4,10,2,0,0,0.002,0.001,0.000,,,
cube_d5_k105,4,0,210,6945750,2315250,2.477,4.055,562.810,0.000,240.066,98.892
cube_d5_k105,4,1,2315250,2315250,776000,425.666,106.384,232.955,0.000,57.023,32.439
cube_d5_k105,4,2,776000,776000,156250,133.047,33.723,65.504,0.000,16.577,7.986
cube_d5_k105,4,3,156250,156250,31250,29.619,4.665,13.888,0.001,3.324,1.600
cube_d5_k105,4,4,31250,31250,6250,5.535,0.792,4.324,0.000,2.586,0.353
cube_d5_k105,4,5,6250,6250,1250,1.145,0.324,0.685,0.000,0.304,0.079
cube_d5_k105,4,6,1250,1250,250,0.282,0.090,0.163,0.000,0.074,0.020
cube_d5_k105,4,7,250,250,50,0.063,0.023,0.056,0.000,0.019,0.007
cube_d5_k105,4,8,50,50,10,0.032,0.005,0.014,0.000,0.006,0.003
cube_d5_k105,4,9,10,10,2,0.006,0.002,0.007,0.000,0.004,0.001
cube_d5_k105,4,10,2,0,0,0.002,0.001,0.000,,,
cube_d5_k105,4,0,210,6945750,2315250,2.380,4.045,581.623,0.000,235.490,108.534
cube_d5_k105,4,1,2315250,2315250,776000,435.442,122.193,268.050,0.000,76.879,38.654
cube_d5_k105,4,2,776000,776000,156250,143.011,34.603,67.872,0.001,16.222,8.385
cube_d5_k105,4,3,156250,156250,31250,30.452,4.679,14.092,0.000,3.262,1.664
cube_d5_k105,4,4,31250,31250,6250,5.917,0.894,4.398,0.000,2.571,0.370
cube_d5_k105,4,5,6250,6250,1250,1.206,0.296,0.712,0.000,0.320,0.083
cube_d5_k105,4,6,1250,1250,250,0.278,0.096,0.167,0.000,0.075,0.022
cube_d5_k105,4,7,250,250,50,0.086,0.023,0.057,0.000,0.020,0.008
cube_d5_k105,4,8,50,50,10,0.031,0.005,0.015,0.000,0.007,0.003
cube_d5_k105,4,9,10,10,2,0.008,0.002,0.007,0.000,0.004,0.001
cube_d5_k105,4,10,2,0,0,0.003,0.001,0.000,,,
cube_d5_k105,4,0,210,6945750,2315250,2.337,3.939,548.493,0.000,227.464,103.057
cube_d5_k105,4,1,2315250,2315250,776000,437.418,115.323,234.632,0.000,56.651,33.180
cube_d5_k105,4,2,776000,776000,156250,139.268,34.403,65.305,0.000,15.836,8.099
cube_d5_k105,4,3,156250,156250,31250,30.169,4.867,13.943,0.000,3.135,1.596
cube_d5_k105,4,4,31250,31250,6250,5.633,0.907,4.278,0.000,2.559,0.360
cube_d5_k105,4,5,6250,6250,1250,1.151,0.321,0.699,0.000,0.314,0.079
cube_d5_k105,4,6,1250,1250,250,0.282,0.107,0.162,0.000,0.074,0.020
cube_d5_k105,4,7,250,250,50,0.117,0.022,0.056,0.000,0.019,0.008
cube_d5_k105,4,8,50,50,10,0.032,0.005,0.014,0.000,0.006,0.003
cube_d5_k105,4,9,10,10,2,0.006,0.002,0.006,0.000,0.004,0.001
cube_d5_k105,4,10,2,0,0,0.002,0.001,0.000,,,
cube_d5_k105,4,0,210,6945750,2315250,2.332,4.138,542.814,0.000,223.511,100.133
cube_d5_k105,4,1,2315250,2315250,776000,437.149,115.979,226.695,0.000,56.637,32.303
cube_d5_k105,4,2,776000,776000,156250,138.302,34.997,68.635,0.000,16.420,8.702
cube_d5_k105,4,3,156250,156250,31250,31.944,4.781,14.514,0.000,3.678,1.609
cube_d5_k105,4,4,31250,31250,6250,5.859,0.937,4.491,0.000,2.676,0.355
cube_d5_k105,4,5,6250,6250,1250,1.185,0.306,0.706,0.000,0.312,0.079
cube_d5_k105,4,6,1250,1250,250,0.284,0.093,0.164,0.000,0.073,0.021
cube_d5_k105,4,7,250,250,50,0.078,0.023,0.057,0.000,0.019,0.008
cube_d5_k105,4,8,50,50,10,0.033,0.005,0.014,0.000,0.006,0.003
cube_d5_k105,4,9,10,10,2,0.007,0.002,0.006,0.000,0.004,0.001
cube_d5_k105,4,10,2,0,0,0.002,0.001,0.000,,,
cube_d5_k105,8,0,210,6945750,2315250,3.412,4.316,330.060,0.000,137.573,61.649
cube_d5_k105,8,1,2315250,2315250,776000,215.380,47.105,135.449,0.000,37.121,21.086
cube_d5_k105,8,2,776000,776000,156250,67.424,14.803,39.692,0.000,10.582,5.602
cube_d5_k105,8,3,156250,156250,31250,16.912,2.964,9.853,0.000,1.981,1.145
cube_d5_k105,8,4,31250,31250,6250,3.205,0.663,5.113,0.000,3.921,0.266
cube_d5_k105,8,5,6250,6250,1250,1.132,0.375,0.803,0.000,0.438,0.074
cube_d5_k105,8,6,1250,1250,250,0.240,0.113,0.239,0.000,0.122,0.037
cube_d5_k105,8,7,250,250,50,0.075,0.038,0.071,0.000,0.028,0.012
cube_d5_k105,8,8,50,50,10,0.036,0.010,0.025,0.000,0.010,0.005
cube_d5_k105,8,9,10,10,2,0.009,0.004,0.009,0.000,0.006,0.001
cube_d5_k105,8,10,2,0,0,0.004,0.001,0.000,,,
cube_d5_k105,8,0,210,6945750,2315250,2.542,3.323,343.128,0.000,138.083,64.670
cube_d5_k105,8,1,2315250,2315250,776000,226.339,55.958,134.500,0.000,35.684,19.889
cube_d5_k105,8,2,776000,776000,156250,72.845,16.638,44.975,0.000,9.926,4.858
cube_d5_k105,8,3,156250,156250,31250,17.175,2.807,7.869,0.000,1.995,0.935
cube_d5_k105,8,4,31250,31250,6250,3.020,0.489,3.808,0.000,2.815,0.221
cube_d5_k105,8,5,6250,6250,1250,0.799,0.275,0.646,0.000,0.351,0.054
cube_d5_k105,8,6,1250,1250,250,0.199,0.094,0.166,0.000,0.085,0.017
cube_d5_k105,8,7,250,250,50,0.053,0.025,0.051,0.000,0.021,0.008
cube_d5_k105,8,8,50,50,10,0.017,0.007,0.018,0.000,0.008,0.003
cube_d5_k105,8,9,10,10,2,0.006,0.002,0.008,0.000,0.005,0.001
cube_d5_k105,8,10,2,0,0,0.003,0.001,0.000,,,
cube_d5_k105,8,0,210,6945750,2315250,2.326,4.311,321.425,0.000,134.987,62.052
cube_d5_k105,8,1,2315250,2315250,776000,243.869,64.288,135.842,0.000,38.442,20.645
cube_d5_k105,8,2,776000,776000,156250,78.929,18.877,37.349,0.000,9.583,5.278
cube_d5_k105,8,3,156250,156250,31250,17.950,3.167,7.962,0.000,1.908,1.134
cube_d5_k105,8,4,31250,31250,6250,3.231,0.543,4.862,0.000,3.751,0.253
cube_d5_k105,8,5,6250,6250,1250,0.998,0.356,0.801,0.000,0.444,0.075
cube_d5_k105,8,6,1250,1250,250,0.266,0.100,0.212,0.000,0.110,0.026
cube_d5_k105,8,7,250,250,50,0.078,0.037,0.063,0.001,0.027,0.011
cube_d5_k105,8,8,50,50,10,0.032,0.009,0.024,0.000,0.009,0.005
cube_d5_k105,8,9,10,10,2,0.008,0.004,0.008,0.000,0.005,0.001
cube_d5_k105,8,10,2,0,0,0.003,0.001,0.000,,,
cube_d5_k105,8,0,210,6945750,2315250,1.779,2.507,345.080,0.000,131.404,77.291
cube_d5_k105,8,1,2315250,2315250,776000,247.782,63.244,134.045,0.000,33.820,21.649
cube_d5_k105,8,2,776000,776000,156250,82.307,19.360,37.898,0.000,9.161,5.576
cube_d5_k105,8,3,156250,156250,31250,19.916,3.535,8.665,0.000,1.963,1.305
cube_d5_k105,8,4,31250,31250,6250,3.357,0.606,4.424,0.000,3.209,0.282
cube_d5_k105,8,5,6250,6250,1250,1.039,0.370,0.849,0.000,0.411,0.078
cube_d5_k105,8,6,1250,1250,250,0.253,0.111,0.187,0.000,0.093,0.024
cube_d5_k105,8,7,250,250,50,0.073,0.031,0.058,0.000,0.023,0.011
cube_d5_k105,8,8,50,50,10,0.030,0.006,0.019,0.000,0.007,0.004
cube_d5_k105,8,9,10,10,2,0.008,0.003,0.007,0.000,0.004,0.001
cube_d5_k105,8,10,2,0,0,0.003,0.001,0.000,,,
cube_d5_k105,8,0,210,6945750,2315250,1.747,2.873,344.593,0.000,137.977,74.457
cube_d5_k105,8,1,2315250,2315250,776000,267.104,70.744,145.296,0.000,33.220,24.013
cube_d5_k105,8,2,776000,776000,156250,87.802,20.073,46.000,0.000,9.375,5.787
cube_d5_k105,8,3,156250,156250,31250,20.276,3.693,8.901,0.000,2.083,1.304
cube_d5_k105,8,4,31250,31250,6250,3.460,0.735,4.794,0.000,3.379,0.304
cube_d5_k105,8,5,6250,6250,1250,1.117,0.319,0.795,0.000,0.395,0.086
cube_d5_k105,8,6,1250,1250,250,0.279,0.092,0.190,0.000,0.091,0.026
cube_d5_k105,8,7,250,250,50,0.077,0.029,0.065,0.000,0.026,0.014
cube_d5_k105,8,8,50,50,10,0.072,0.008,0.016,0.000,0.007,0.003
cube_d5_k105,8,9,10,10,2,0.008,0.002,0.006,0.000,0.004,0.001
cube_d5_k105,8,10,2,0,0,0.002,0.001,0.000,,,
cube_d5_k105,8,0,210,6945750,2315250,1.785,2.839,339.042,0.000,129.390,71.790
cube_d5_k105,8,1,2315250,2315250,776000,264.872,67.867,139.061,0.000,33.181,24.191
cube_d5_k105,8,2,776000,776000,156250,89.350,20.158,41.788,0.000,9.604,5.947
cube_d5_k105,8,3,156250,156250,31250,21.126,3.652,9.049,0.000,2.133,1.344
cube_d5_k105,8,4,31250,31250,6250,3.598,0.709,4.887,0.000,3.276,0.307
cube_d5_k105,8,5,6250,6250,1250,1.055,0.306,0.815,0.000,0.422,0.084
cube_d5_k105,8,6,1250,1250,250,0.299,0.112,0.229,0.000,0.121,0.029
cube_d5_k105,8,7,250,250,50,0.076,0.030,0.064,0.000,0.025,0.014
cube_d5_k105,8,8,50,50,10,0.049,0.019,0.019,0.000,0.007,0.004
cube_d5_k105,8,9,10,10,2,0.010,0.003,0.006,0.000,0.004,0.001
cube_d5_k105,8,10,2,0,0,0.003,0.001,0.000,,,
cube_d5_k105,16,0,210,6945750,2315250,2.161,2.895,187.637,0.000,74.211,38.332
cube_d5_k105,16,1,2315250,2315250,776000,108.290,25.445,73.295,0.000,20.727,11.102
cube_d5_k105,16,2,776000,776000,156250,41.029,8.797,21.581,0.000,5.522,2.832
cube_d5_k105,16,3,156250,156250,31250,9.631,1.964,4.790,0.000,1.310,0.653
cube_d5_k105,16,4,31250,31250,6250,1.801,0.462,4.673,0.000,3.959,0.184
cube_d5_k105,16,5,6250,6250,1250,0.922,0.408,0.916,0.000,0.568,0.055
cube_d5_k105,16,6,1250,1250,250,0.199,0.130,0.219,0.000,0.120,0.019
cube_d5_k105,16,7,250,250,50,0.064,0.035,0.083,0.000,0.043,0.011
cube_d5_k105,16,8,50,50,10,0.020,0.011,0.027,0.000,0.013,0.005
cube_d5_k105,16,9,10,10,2,0.010,0.005,0.013,0.000,0.008,0.001
cube_d5_k105,16,10,2,0,0,0.005,0.002,0.000,,,
cube_d5_k105,16,0,210,6945750,2315250,1.681,2.991,213.347,0.000,83.339,46.689
cube_d5_k105,16,1,2315250,2315250,776000,146.793,34.532,77.195,0.000,19.570,13.366
cube_d5_k105,16,2,776000,776000,156250,53.932,11.140,25.477,0.000,7.279,3.157
cube_d5_k105,16,3,156250,156250,31250,12.093,2.911,5.670,0.000,1.460,0.778
cube_d5_k105,16,4,31250,31250,6250,2.153,0.520,4.298,0.000,3.341,0.215
cube_d5_k105,16,5,6250,6250,1250,0.948,0.281,0.753,0.000,0.431,0.059
cube_d5_k105,16,6,1250,1250,250,0.199,0.076,0.241,0.000,0.124,0.038
cube_d5_k105,16,7,250,250,50,0.073,0.032,0.081,0.000,0.042,0.014
cube_d5_k105,16,8,50,50,10,0.024,0.009,0.021,0.000,0.008,0.004
cube_d5_k105,16,9,10,10,2,0.009,0.003,0.007,0.000,0.004,0.001
cube_d5_k105,16,10,2,0,0,0.003,0.001,0.000,,,
cube_d5_k105,16,0,210,6945750,2315250,1.580,2.421,211.694,0.000,80.270,46.984
cube_d5_k105,16,1,2315250,2315250,776000,143.479,38.140,87.818,0.000,21.537,13.962
cube_d5_k105,16,2,776000,776000,156250,60.282,12.585,25.504,0.000,6.220,3.565
cube_d5_k105,16,3,156250,156250,31250,12.214,3.198,5.769,0.000,1.433,0.801
cube_d5_k105,16,4,31250,31250,6250,2.201,0.551,4.335,0.000,3.383,0.225
cube_d5_k105,16,5,6250,6250,1250,0.928,0.330,0.824,0.000,0.494,0.060
cube_d5_k105,16,6,1250,1250,250,0.224,0.081,0.218,0.000,0.114,0.027
cube_d5_k105,16,7,250,250,50,0.077,0.046,0.069,0.001,0.026,0.015
cube_d5_k105,16,8,50,50,10,0.024,0.010,0.029,0.000,0.008,0.004
cube_d5_k105,16,9,10,10,2,0.010,0.003,0.006,0.000,0.004,0.001
cube_d5_k105,16,10,2,0,0,0.002,0.001,0.000,,,
cube_d5_k105,16,0,210,6945750,2315250,5.078,3.301,205.847,0.000,88.902,44.846
cube_d5_k105,16,1,2315250,2315250,776000,146.757,39.406,88.795,0.000,27.934,16.489
cube_d5_k105,16,2,776000,776000,156250,50.751,14.762,25.049,0.000,6.383,3.262
cube_d5_k105,16,3,156250,156250,31250,13.214,3.050,5.514,0.000,1.425,0.792
cube_d5_k105,16,4,31250,31250,6250,2.194,0.534,4.257,0.000,3.297,0.234
cube_d5_k105,16,5,6250,6250,1250,1.112,0.310,0.770,0.000,0.424,0.062
cube_d5_k105,16,6,1250,1250,250,0.252,0.079,0.244,0.000,0.103,0.032
cube_d5_k105,16,7,250,250,50,0.088,0.030,0.075,0.000,0.026,0.015
cube_d5_k105,16,8,50,50,10,0.023,0.008,0.018,0.000,0.008,0.003
cube_d5_k105,16,9,10,10,2,0.010,0.003,0.006,0.000,0.004,0.001
cube_d5_k105,16,10,2,0,0,0.003,0.001,0.000,,,
cube_d5_k105,16,0,210,6945750,2315250,1.113,2.231,201.232,0.000,77.574,43.594
cube_d5_k105,16,1,2315250,2315250,776000,148.135,38.306,82.388,0.000,20.058,15.318
cube_d5_k105,16,2,776000,776000,156250,50.816,13.213,25.238,0.000,6.238,3.083
cube_d5_k105,16,3,156250,156250,31250,12.042,2.751,5.485,0.000,1.398,0.774
cube_d5_k105,16,4,31250,31250,6250,2.298,0.554,4.335,0.000,3.404,0.215
cube_d5_k105,16,5,6250,6250,1250,0.935,0.279,0.765,0.000,0.428,0.063
cube_d5_k105,16,6,1250,1250,250,0.224,0.071,0.224,0.000,0.116,0.022
cube_d5_k105,16,7,250,250,50,0.074,0.028,0.062,0.000,0.024,0.014
cube_d5_k105,16,8,50,50,10,0.022,0.009,0.023,0.000,0.006,0.007
cube_d5_k105,16,9,10,10,2,0.011,0.003,0.006,0.000,0.004,0.001
cube_d5_k105,16,10,2,0,0,0.003,0.001,0.000,,,
cube_d5_k105,16,0,210,6945750,2315250,1.073,2.059,198.355,0.000,73.596,45.514
cube_d5_k105,16,1,2315250,2315250,776000,139.767,38.315,78.211,0.000,20.607,13.646
cube_d5_k105,16,2,776000,776000,156250,51.933,12.300,24.505,0.000,6.221,3.213
cube_d5_k105,16,3,156250,156250,31250,11.873,2.763,5.561,0.000,1.433,0.756
cube_d5_k105,16,4,31250,31250,6250,2.181,0.559,4.103,0.000,3.155,0.220
cube_d5_k105,16,5,6250,6250,1250,0.952,0.340,0.777,0.000,0.437,0.072
cube_d5_k105,16,6,1250,1250,250,0.214,0.080,0.234,0.000,0.115,0.028
cube_d5_k105,16,7,250,250,50,0.071,0.034,0.073,0.000,0.031,0.013
cube_d5_k105,16,8,50,50,10,0.025,0.010,0.023,0.000,0.009,0.004
cube_d5_k105,16,9,10,10,2,0.010,0.003,0.008,0.000,0.005,0.001
cube_d5_k105,16,10,2,0,0,0.003,0.001,0.000,,,
cube_d5_k105,32,0,210,6945750,2315250,2.099,2.677,129.540,0.000,55.593,23.801
cube_d5_k105,32,1,2315250,2315250,776000,76.826,19.270,50.610,0.000,15.201,7.844
cube_d5_k105,32,2,776000,776000,156250,26.456,6.213,14.468,0.000,4.234,2.044
cube_d5_k105,32,3,156250,156250,31250,6.265,1.759,3.229,0.000,0.849,0.485
cube_d5_k105,32,4,31250,31250,6250,1.337,0.304,3.234,0.000,2.720,0.123
cube_d5_k105,32,5,6250,6250,1250,0.728,0.256,0.605,0.000,0.374,0.037
cube_d5_k105,32,6,1250,1250,250,0.176,0.061,0.169,0.000,0.090,0.020
cube_d5_k105,32,7,250,250,50,0.066,0.026,0.064,0.000,0.029,0.010
cube_d5_k105,32,8,50,50,10,0.018,0.010,0.024,0.000,0.011,0.004
cube_d5_k105,32,9,10,10,2,0.009,0.003,0.010,0.000,0.006,0.001
cube_d5_k105,32,10,2,0,0,0.004,0.001,0.000,,,
cube_d5_k105,32,0,210,6945750,2315250,0.940,1.803,127.536,0.000,50.478,25.062
cube_d5_k105,32,1,2315250,2315250,776000,91.758,23.818,53.249,0.000,15.074,8.778
cube_d5_k105,32,2,776000,776000,156250,30.774,7.379,18.011,0.000,5.468,2.171
cube_d5_k105,32,3,156250,156250,31250,7.350,1.925,3.658,0.000,0.970,0.549
cube_d5_k105,32,4,31250,31250,6250,1.487,0.437,4.244,0.000,3.374,0.384
cube_d5_k105,32,5,6250,6250,1250,0.741,0.263,0.656,0.000,0.387,0.047
cube_d5_k105,32,6,1250,1250,250,0.156,0.124,0.212,0.000,0.115,0.027
cube_d5_k105,32,7,250,250,50,0.110,0.045,0.066,0.001,0.028,0.013
cube_d5_k105,32,8,50,50,10,0.023,0.010,0.024,0.001,0.010,0.003
cube_d5_k105,32,9,10,10,2,0.008,0.002,0.007,0.000,0.004,0.001
cube_d5_k105,32,10,2,0,0,0.003,0.001,0.000,,,
cube_d5_k105,32,0,210,6945750,2315250,1.730,2.663,126.933,0.000,52.627,24.650
cube_d5_k105,32,1,2315250,2315250,776000,85.171,25.375,48.368,0.000,14.007,7.527
cube_d5_k105,32,2,776000,776000,156250,29.389,7.914,14.259,0.000,4.033,1.872
cube_d5_k105,32,3,156250,156250,31250,7.196,1.901,3.377,0.000,0.942,0.502
cube_d5_k105,32,4,31250,31250,6250,1.335,0.392,4.067,0.000,3.431,0.157
cube_d5_k105,32,5,6250,6250,1250,0.743,0.288,0.690,0.000,0.436,0.047
cube_d5_k105,32,6,1250,1250,250,0.170,0.088,0.223,0.000,0.124,0.030
cube_d5_k105,32,7,250,250,50,0.077,0.036,0.070,0.001,0.029,0.015
cube_d5_k105,32,8,50,50,10,0.024,0.016,0.024,0.001,0.009,0.004
cube_d5_k105,32,9,10,10,2,0.010,0.003,0.007,0.000,0.004,0.001
cube_d5_k105,32,10,2,0,0,0.003,0.001,0.000,,,
cube_d5_k105,32,0,210,6945750,2315250,1.622,2.492,141.086,0.000,60.233,25.173
cube_d5_k105,32,1,2315250,2315250,776000,91.066,34.281,59.952,0.000,13.714,7.754
cube_d5_k105,32,2,776000,776000,156250,29.563,7.384,15.235,0.000,4.945,1.831
cube_d5_k105,32,3,156250,156250,31250,9.508,1.974,3.686,0.000,0.931,0.503
cube_d5_k105,32,4,31250,31250,6250,1.328,0.386,4.045,0.000,3.396,0.183
cube_d5_k105,32,5,6250,6250,1250,0.747,0.284,0.684,0.000,0.409,0.053
cube_d5_k105,32,6,1250,1250,250,0.163,0.069,0.220,0.000,0.123,0.025
cube_d5_k105,32,7,250,250,50,0.076,0.034,0.065,0.001,0.027,0.015
cube_d5_k105,32,8,50,50,10,0.022,0.010,0.025,0.001,0.009,0.004
cube_d5_k105,32,9,10,10,2,0.012,0.003,0.007,0.000,0.004,0.001
cube_d5_k105,32,10,2,0,0,0.003,0.001,0.000,,,
cube_d5_k105,32,0,210,6945750,2315250,5.834,3.994,150.835,0.000,74.637,25.697
cube_d5_k105,32,1,2315250,2315250,776000,90.571,24.616,50.145,0.000,13.563,10.535
cube_d5_k105,32,2,776000,776000,156250,32.143,8.379,19.168,0.000,9.220,1.842
cube_d5_k105,32,3,156250,156250,31250,6.849,1.971,3.322,0.000,0.932,0.481
cube_d5_k105,32,4,31250,31250,6250,1.265,0.471,3.832,0.000,3.171,0.155
cube_d5_k105,32,5,6250,6250,1250,0.716,0.261,0.623,0.000,0.377,0.050
cube_d5_k105,32,6,1250,1250,250,0.138,0.075,0.195,0.000,0.105,0.025
cube_d5_k105,32,7,250,250,50,0.059,0.032,0.066,0.000,0.027,0.013
cube_d5_k105,32,8,50,50,10,0.028,0.016,0.022,0.001,0.008,0.003
cube_d5_k105,32,9,10,10,2,0.011,0.003,0.007,0.000,0.004,0.001
cube_d5_k105,32,10,2,0,0,0.002,0.001,0.000,,,
cube_d5_k105,32,0,210,6945750,2315250,0.988,6.001,126.391,0.000,49.453,29.644
cube_d5_k105,32,1,2315250,2315250,776000,91.288,21.710,62.661,0.000,29.732,7.122
cube_d5_k105,32,2,776000,776000,156250,32.440,7.247,14.329,0.000,3.990,1.745
cube_d5_k105,32,3,156250,156250,31250,6.645,1.863,3.395,0.000,0.958,0.548
cube_d5_k105,32,4,31250,31250,6250,1.278,0.391,3.864,0.000,3.224,0.158
cube_d5_k105,32,5,6250,6250,1250,0.721,0.295,0.729,0.000,0.450,0.049
cube_d5_k105,32,6,1250,1250,250,0.175,0.076,0.203,0.000,0.102,0.030
cube_d5_k105,32,7,250,250,50,0.061,0.031,0.070,0.001,0.027,0.017
cube_d5_k105,32,8,50,50,10,0.022,0.009,0.026,0.000,0.009,0.004
cube_d5_k105,32,9,10,10,2,0.010,0.003,0.007,0.000,0.004,0.001
cube_d5_k105,32,10,2,0,0,0.003,0.001,0.000,,,
cube_d5_k105,64,0,210,6945750,2315250,3.367,3.916,92.840,0.000,43.310,15.383
cube_d5_k105,64,1,2315250,2315250,776000,45.871,13.235,35.245,0.000,12.067,5.393
cube_d5_k105,64,2,776000,776000,156250,19.239,5.536,11.495,0.000,3.481,1.402
cube_d5_k105,64,3,156250,156250,31250,5.032,1.814,2.760,0.000,0.911,0.428
cube_d5_k105,64,4,31250,31250,6250,1.094,0.349,3.923,0.000,3.263,0.303
cube_d5_k105,64,5,6250,6250,1250,0.817,0.276,0.673,0.000,0.422,0.048
cube_d5_k105,64,6,1250,1250,250,0.183,0.071,0.224,0.000,0.128,0.027
cube_d5_k105,64,7,250,250,50,0.085,0.037,0.079,0.000,0.034,0.016
cube_d5_k105,64,8,50,50,10,0.026,0.011,0.025,0.000,0.011,0.005
cube_d5_k105,64,9,10,10,2,0.012,0.004,0.011,0.000,0.007,0.001
cube_d5_k105,64,10,2,0,0,0.004,0.002,0.000,,,
cube_d5_k105,64,0,210,6945750,2315250,1.135,1.942,80.310,0.000,32.142,14.961
cube_d5_k105,64,1,2315250,2315250,776000,47.542,13.792,32.634,0.000,9.880,5.111
cube_d5_k105,64,2,776000,776000,156250,20.451,5.837,11.144,0.000,3.988,1.404
cube_d5_k105,64,3,156250,156250,31250,9.768,3.291,4.940,0.000,1.682,0.448
cube_d5_k105,64,4,31250,31250,6250,1.105,0.373,3.737,0.000,3.204,0.138
cube_d5_k105,64,5,6250,6250,1250,0.959,0.291,0.712,0.000,0.444,0.051
cube_d5_k105,64,6,1250,1250,250,0.214,0.074,0.229,0.000,0.122,0.029
cube_d5_k105,64,7,250,250,50,0.087,0.037,0.080,0.000,0.035,0.016
cube_d5_k105,64,8,50,50,10,0.043,0.012,0.032,0.000,0.012,0.005
cube_d5_k105,64,9,10,10,2,0.016,0.004,0.011,0.000,0.007,0.001
cube_d5_k105,64,10,2,0,0,0.004,0.002,0.000,,,
cube_d5_k105,64,0,210,6945750,2315250,0.927,1.537,73.651,0.000,30.558,14.231
cube_d5_k105,64,1,2315250,2315250,776000,53.356,16.334,32.525,0.000,9.091,4.823
cube_d5_k105,64,2,776000,776000,156250,21.012,5.608,13.420,0.000,3.923,1.393
cube_d5_k105,64,3,156250,156250,31250,4.898,1.666,2.721,0.000,0.815,0.415
cube_d5_k105,64,4,31250,31250,6250,1.061,0.344,3.801,0.000,3.282,0.150
cube_d5_k105,64,5,6250,6250,1250,0.861,0.288,0.727,0.000,0.468,0.048
cube_d5_k105,64,6,1250,1250,250,0.224,0.073,0.242,0.000,0.127,0.036
cube_d5_k105,64,7,250,250,50,0.092,0.042,0.090,0.000,0.037,0.023
cube_d5_k105,64,8,50,50,10,0.035,0.011,0.031,0.000,0.012,0.005
cube_d5_k105,64,9,10,10,2,0.017,0.004,0.011,0.000,0.007,0.001
cube_d5_k105,64,10,2,0,0,0.004,0.002,0.000,,,
cube_d5_k105,64,0,210,6945750,2315250,0.944,1.586,75.097,0.000,30.579,14.064
cube_d5_k105,64,1,2315250,2315250,776000,48.036,13.881,31.076,0.000,9.030,4.729
cube_d5_k105,64,2,776000,776000,156250,20.299,5.521,10.463,0.000,3.155,1.440
cube_d5_k105,64,3,156250,156250,31250,4.775,1.636,2.594,0.000,0.865,0.371
cube_d5_k105,64,4,31250,31250,6250,0.990,0.337,3.765,0.000,3.253,0.129
cube_d5_k105,64,5,6250,6250,1250,0.792,0.288,0.713,0.000,0.445,0.055
cube_d5_k105,64,6,1250,1250,250,0.205,0.072,0.225,0.000,0.115,0.030
cube_d5_k105,64,7,250,250,50,0.079,0.036,0.102,0.000,0.053,0.018
cube_d5_k105,64,8,50,50,10,0.042,0.011,0.033,0.000,0.012,0.008
cube_d5_k105,64,9,10,10,2,0.018,0.004,0.011,0.000,0.007,0.001
cube_d5_k105,64,10,2,0,0,0.004,0.002,0.000,,,
cube_d5_k105,64,0,210,6945750,2315250,0.923,1.541,74.886,0.000,30.635,14.198
cube_d5_k105,64,1,2315250,2315250,776000,54.936,16.707,37.150,0.000,14.806,4.836
cube_d5_k105,64,2,776000,776000,156250,22.107,5.520,11.204,0.000,3.789,1.471
cube_d5_k105,64,3,156250,156250,31250,4.818,1.641,2.918,0.000,0.819,0.394
cube_d5_k105,64,4,31250,31250,6250,1.101,0.352,3.967,0.000,3.245,0.341
cube_d5_k105,64,5,6250,6250,1250,0.862,0.273,0.703,0.000,0.436,0.051
cube_d5_k105,64,6,1250,1250,250,0.205,0.073,0.241,0.000,0.127,0.040
cube_d5_k105,64,7,250,250,50,0.083,0.037,0.079,0.000,0.035,0.017
cube_d5_k105,64,8,50,50,10,0.037,0.011,0.029,0.000,0.012,0.005
cube_d5_k105,64,9,10,10,2,0.017,0.004,0.011,0.000,0.007,0.001
cube_d5_k105,64,10,2,0,0,0.004,0.001,0.000,,,
cube_d5_k105,64,0,210,6945750,2315250,3.470,4.895,79.524,0.000,33.050,14.837
cube_d5_k105,64,1,2315250,2315250,776000,63.666,15.143,32.294,0.000,9.266,4.974
cube_d5_k105,64,2,776000,776000,156250,21.267,5.468,10.395,0.000,2.951,1.422
cube_d5_k105,64,3,156250,156250,31250,4.870,1.679,2.748,0.000,0.896,0.405
cube_d5_k105,64,4,31250,31250,6250,1.062,0.381,3.941,0.000,3.404,0.158
cube_d5_k105,64,5,6250,6250,1250,0.857,0.283,0.703,0.000,0.438,0.048
cube_d5_k105,64,6,1250,1250,250,0.214,0.077,0.233,0.000,0.132,0.027
cube_d5_k105,64,7,250,250,50,0.066,0.036,0.080,0.000,0.032,0.019
cube_d5_k105,64,8,50,50,10,0.041,0.012,0.038,0.000,0.012,0.013
cube_d5_k105,64,9,10,10,2,0.017,0.003,0.011,0.000,0.007,0.001
cube_d5_k105,64,10,2,0,0,0.004,0.001,0.000,,,
cube_d5_k105,128,0,210,6945750,2315250,3.478,4.397,79.311,0.000,47.990,10.180
cube_d5_k105,128,1,2315250,2315250,776000,31.107,9.648,26.530,0.000,10.310,3.685
cube_d5_k105,128,2,776000,776000,156250,14.197,4.311,9.693,0.000,2.977,0.980
cube_d5_k105,128,3,156250,156250,31250,3.785,1.712,2.113,0.000,0.720,0.310
cube_d5_k105,128,4,31250,31250,6250,0.947,0.346,4.064,0.000,3.508,0.182
cube_d5_k105,128,5,6250,6250,1250,0.973,0.288,0.713,0.000,0.444,0.061
cube_d5_k105,128,6,1250,1250,250,0.150,0.079,0.243,0.000,0.116,0.045
cube_d5_k105,128,7,250,250,50,0.091,0.037,0.112,0.000,0.034,0.039
cube_d5_k105,128,8,50,50,10,0.048,0.020,0.027,0.000,0.011,0.005
cube_d5_k105,128,9,10,10,2,0.015,0.004,0.011,0.000,0.007,0.001
cube_d5_k105,128,10,2,0,0,0.005,0.001,0.000,,,
cube_d5_k105,128,0,210,6945750,2315250,0.822,1.407,50.201,0.000,22.010,9.914
cube_d5_k105,128,1,2315250,2315250,776000,31.452,9.587,23.805,0.000,6.666,3.186
cube_d5_k105,128,2,776000,776000,156250,15.224,4.156,8.608,0.000,2.798,1.006
cube_d5_k105,128,3,156250,156250,31250,3.767,1.596,2.200,0.000,0.733,0.297
cube_d5_k105,128,4,31250,31250,6250,0.929,0.343,4.167,0.000,3.657,0.144
cube_d5_k105,128,5,6250,6250,1250,1.120,0.279,0.723,0.000,0.441,0.057
cube_d5_k105,128,6,1250,1250,250,0.176,0.080,0.271,0.000,0.134,0.056
cube_d5_k105,128,7,250,250,50,0.110,0.061,0.123,0.000,0.035,0.030
cube_d5_k105,128,8,50,50,10,0.049,0.017,0.030,0.000,0.012,0.005
cube_d5_k105,128,9,10,10,2,0.014,0.004,0.010,0.000,0.006,0.001
cube_d5_k105,128,10,2,0,0,0.004,0.001,0.000,,,
cube_d5_k105,128,0,210,6945750,2315250,0.797,1.545,48.662,0.000,20.924,9.257
cube_d5_k105,128,1,2315250,2315250,776000,39.464,9.790,22.423,0.000,6.577,3.209
cube_d5_k105,128,2,776000,776000,156250,18.563,4.277,16.812,0.000,4.075,0.959
cube_d5_k105,128,3,156250,156250,31250,3.856,1.620,2.290,0.000,0.776,0.298
cube_d5_k105,128,4,31250,31250,6250,0.847,0.357,3.779,0.000,3.296,0.109
cube_d5_k105,128,5,6250,6250,1250,1.029,0.280,0.704,0.000,0.435,0.053
cube_d5_k105,128,6,1250,1250,250,0.247,0.079,0.245,0.000,0.125,0.044
cube_d5_k105,128,7,250,250,50,0.094,0.036,0.092,0.000,0.039,0.016
cube_d5_k105,128,8,50,50,10,0.033,0.011,0.044,0.000,0.014,0.013
cube_d5_k105,128,9,10,10,2,0.014,0.004,0.012,0.000,0.007,0.001
cube_d5_k105,128,10,2,0,0,0.005,0.002,0.000,,,
cube_d5_k105,128,0,210,6945750,2315250,0.817,1.381,49.499,0.000,20.329,9.246
cube_d5_k105,128,1,2315250,2315250,776000,34.412,10.050,21.675,0.000,6.567,3.211
cube_d5_k105,128,2,776000,776000,156250,16.098,4.398,7.815,0.000,2.263,0.987
cube_d5_k105,128,3,156250,156250,31250,3.880,1.556,2.169,0.000,0.688,0.358
cube_d5_k105,128,4,31250,31250,6250,0.895,0.337,3.764,0.000,3.293,0.117
cube_d5_k105,128,5,6250,6250,1250,1.038,0.288,0.712,0.000,0.445,0.051
cube_d5_k105,128,6,1250,1250,250,0.208,0.077,0.244,0.000,0.140,0.029
cube_d5_k105,128,7,250,250,50,0.097,0.036,0.087,0.000,0.036,0.021
cube_d5_k105,128,8,50,50,10,0.031,0.011,0.033,0.000,0.013,0.005
cube_d5_k105,128,9,10,10,2,0.015,0.004,0.010,0.000,0.006,0.001
cube_d5_k105,128,10,2,0,0,0.004,0.001,0.000,,,
cube_d5_k105,128,0,210,6945750,2315250,0.849,1.336,49.048,0.000,20.710,9.165
cube_d5_k105,128,1,2315250,2315250,776000,36.006,10.416,21.735,0.000,6.675,3.250
cube_d5_k105,128,2,776000,776000,156250,16.717,4.375,7.812,0.000,2.254,0.991
cube_d5_k105,128,3,156250,156250,31250,3.862,1.551,2.117,0.000,0.742,0.302
cube_d5_k105,128,4,31250,31250,6250,0.910,0.369,4.135,0.000,3.612,0.190
cube_d5_k105,128,5,6250,6250,1250,1.041,0.287,0.728,0.000,0.448,0.066
cube_d5_k105,128,6,1250,1250,250,0.253,0.078,0.275,0.000,0.140,0.048
cube_d5_k105,128,7,250,250,50,0.109,0.041,0.093,0.000,0.034,0.016
cube_d5_k105,128,8,50,50,10,0.044,0.012,0.049,0.000,0.013,0.017
cube_d5_k105,128,9,10,10,2,0.022,0.004,0.010,0.000,0.006,0.001
cube_d5_k105,128,10,2,0,0,0.004,0.001,0.000,,,
cube_d5_k105,128,0,210,6945750,2315250,0.827,1.395,65.453,0.000,25.943,9.348
cube_d5_k105,128,1,2315250,2315250,776000,35.832,10.258,39.165,0.000,11.772,3.268
cube_d5_k105,128,2,776000,776000,156250,19.163,4.370,12.180,0.000,3.704,1.033
cube_d5_k105,128,3,156250,156250,31250,3.914,1.717,2.635,0.000,0.766,0.623
cube_d5_k105,128,4,31250,31250,6250,1.000,0.330,3.861,0.000,3.285,0.227
cube_d5_k105,128,5,6250,6250,1250,0.771,0.253,0.694,0.000,0.460,0.055
cube_d5_k105,128,6,1250,1250,250,0.212,0.074,0.237,0.000,0.116,0.045
cube_d5_k105,128,7,250,250,50,0.115,0.044,0.083,0.000,0.028,0.015
cube_d5_k105,128,8,50,50,10,0.041,0.009,0.028,0.000,0.010,0.003
cube_d5_k105,128,9,10,10,2,0.016,0.003,0.007,0.000,0.004,0.001
cube_d5_k105,128,10,2,0,0,0.003,0.001,0.000,,,
cube_d5_k105,144,0,210,6945750,2315250,4.245,4.435,82.526,0.000,52.039,10.273
cube_d5_k105,144,1,2315250,2315250,776000,29.875,9.175,25.884,0.000,10.435,3.534
cube_d5_k105,144,2,776000,776000,156250,13.582,4.149,9.271,0.000,2.983,0.901
cube_d5_k105,144,3,156250,156250,31250,3.619,1.532,2.118,0.000,0.708,0.295
cube_d5_k105,144,4,31250,31250,6250,0.869,0.349,3.852,0.000,3.371,0.122
cube_d5_k105,144,5,6250,6250,1250,1.020,0.277,0.715,0.000,0.433,0.067
cube_d5_k105,144,6,1250,1250,250,0.156,0.081,0.275,0.000,0.148,0.037
cube_d5_k105,144,7,250,250,50,0.104,0.046,0.108,0.000,0.041,0.031
cube_d5_k105,144,8,50,50,10,0.034,0.012,0.033,0.001,0.012,0.006
cube_d5_k105,144,9,10,10,2,0.015,0.004,0.011,0.000,0.007,0.001
cube_d5_k105,144,10,2,0,0,0.004,0.001,0.000,,,
cube_d5_k105,144,0,210,6945750,2315250,0.814,1.366,49.147,0.000,21.064,8.914
cube_d5_k105,144,1,2315250,2315250,776000,29.105,9.079,21.411,0.000,6.331,2.957
cube_d5_k105,144,2,776000,776000,156250,14.953,4.068,8.093,0.000,2.767,0.900
cube_d5_k105,144,3,156250,156250,31250,3.699,1.561,2.173,0.000,0.756,0.316
cube_d5_k105,144,4,31250,31250,6250,0.898,0.349,3.914,0.000,3.367,0.196
cube_d5_k105,144,5,6250,6250,1250,1.063,0.281,0.706,0.000,0.434,0.053
cube_d5_k105,144,6,1250,1250,250,0.257,0.085,0.275,0.000,0.132,0.034
cube_d5_k105,144,7,250,250,50,0.113,0.044,0.091,0.000,0.037,0.019
cube_d5_k105,144,8,50,50,10,0.039,0.011,0.039,0.000,0.013,0.010
cube_d5_k105,144,9,10,10,2,0.015,0.004,0.012,0.000,0.007,0.001
cube_d5_k105,144,10,2,0,0,0.005,0.002,0.000,,,
cube_d5_k105,144,0,210,6945750,2315250,0.849,1.822,49.631,0.000,23.173,8.607
cube_d5_k105,144,1,2315250,2315250,776000,40.260,9.557,24.402,0.000,6.653,2.934
cube_d5_k105,144,2,776000,776000,156250,17.418,4.077,24.051,0.000,4.629,0.911
cube_d5_k105,144,3,156250,156250,31250,3.714,1.494,2.183,0.000,0.747,0.316
cube_d5_k105,144,4,31250,31250,6250,0.886,0.373,4.087,0.000,3.335,0.392
cube_d5_k105,144,5,6250,6250,1250,1.085,0.294,0.712,0.000,0.446,0.054
cube_d5_k105,144,6,1250,1250,250,0.240,0.082,0.247,0.000,0.126,0.040
cube_d5_k105,144,7,250,250,50,0.120,0.069,0.127,0.000,0.041,0.025
cube_d5_k105,144,8,50,50,10,0.046,0.015,0.039,0.000,0.012,0.009
cube_d5_k105,144,9,10,10,2,0.016,0.004,0.011,0.000,0.007,0.001
cube_d5_k105,144,10,2,0,0,0.005,0.001,0.000,,,
cube_d5_k105,144,0,210,6945750,2315250,0.770,1.371,47.848,0.000,21.347,8.683
cube_d5_k105,144,1,2315250,2315250,776000,33.757,9.735,21.628,0.000,6.394,2.994
cube_d5_k105,144,2,776000,776000,156250,15.447,4.669,8.347,0.000,2.300,0.903
cube_d5_k105,144,3,156250,156250,31250,3.757,1.483,2.239,0.000,0.759,0.299
cube_d5_k105,144,4,31250,31250,6250,0.937,0.358,3.913,0.000,3.430,0.123
cube_d5_k105,144,5,6250,6250,1250,1.066,0.295,0.729,0.000,0.465,0.053
cube_d5_k105,144,6,1250,1250,250,0.244,0.087,0.276,0.000,0.144,0.031
cube_d5_k105,144,7,250,250,50,0.095,0.053,0.094,0.000,0.036,0.026
cube_d5_k105,144,8,50,50,10,0.044,0.012,0.042,0.000,0.015,0.012
cube_d5_k105,144,9,10,10,2,0.018,0.004,0.011,0.000,0.007,0.001
cube_d5_k105,144,10,2,0,0,0.005,0.001,0.000,,,
cube_d5_k105,144,0,210,6945750,2315250,0.839,1.394,47.658,0.000,21.300,8.652
cube_d5_k105,144,1,2315250,2315250,776000,32.611,9.512,21.814,0.000,6.488,2.978
cube_d5_k105,144,2,776000,776000,156250,15.483,4.322,7.604,0.000,2.267,0.896
cube_d5_k105,144,3,156250,156250,31250,3.890,1.511,2.148,0.000,0.691,0.314
cube_d5_k105,144,4,31250,31250,6250,0.853,0.338,3.978,0.000,3.391,0.177
cube_d5_k105,144,5,6250,6250,1250,1.031,0.283,0.720,0.000,0.450,0.062
cube_d5_k105,144,6,1250,1250,250,0.254,0.083,0.240,0.000,0.136,0.029
cube_d5_k105,144,7,250,250,50,0.116,0.045,0.110,0.000,0.039,0.024
cube_d5_k105,144,8,50,50,10,0.044,0.011,0.037,0.000,0.013,0.009
cube_d5_k105,144,9,10,10,2,0.020,0.004,0.011,0.000,0.007,0.001
cube_d5_k105,144,10,2,0,0,0.005,0.001,0.000,,,
cube_d5_k105,144,0,210,6945750,2315250,0.786,1.423,61.655,0.000,21.147,14.415
cube_d5_k105,144,1,2315250,2315250,776000,36.559,10.008,23.684,0.000,6.634,3.068
cube_d5_k105,144,2,776000,776000,156250,24.207,5.841,15.779,0.000,7.278,0.973
cube_d5_k105,144,3,156250,156250,31250,4.085,1.457,2.490,0.000,0.902,0.325
cube_d5_k105,144,4,31250,31250,6250,0.928,0.365,5.316,0.000,3.420,1.510
cube_d5_k105,144,5,6250,6250,1250,1.107,0.277,0.713,0.000,0.439,0.054
cube_d5_k105,144,6,1250,1250,250,0.248,0.077,0.267,0.000,0.134,0.036
cube_d5_k105,144,7,250,250,50,0.105,0.051,0.094,0.000,0.037,0.018
cube_d5_k105,144,8,50,50,10,0.039,0.017,0.033,0.000,0.013,0.005
cube_d5_k105,144,9,10,10,2,0.018,0.004,0.011,0.000,0.007,0.001
cube_d5_k105,144,10,2,0,0,0.005,0.001,0.000,,,
cube_d5_k155,1,0,310,22343250,7447750,72.972,86.304,7362.974,0.000,3359.890,1279.800
cube_d5_k155,1,1,7447750,7447750,3697750,5465.111,1228.306,4012.142,0.002,1181.267,567.974
cube_d5_k155,1,2,3697750,3697750,781250,2765.325,603.394,1882.770,0.000,402.924,165.158
cube_d5_k155,1,3,781250,781250,156250,581.091,126.743,403.439,0.000,79.664,35.518
cube_d5_k155,1,4,156250,156250,31250,115.887,16.232,59.488,0.000,15.172,5.251
cube_d5_k155,1,5,31250,31250,6250,21.718,2.515,10.163,0.000,3.024,1.072
cube_d5_k155,1,6,6250,6250,1250,3.370,0.479,1.718,0.000,0.443,0.273
cube_d5_k155,1,7,1250,1250,250,0.715,0.086,0.276,0.000,0.086,0.040
cube_d5_k155,1,8,250,250,50,0.137,0.015,0.052,0.000,0.017,0.010
cube_d5_k155,1,9,50,50,10,0.028,0.004,0.013,0.000,0.006,0.002
cube_d5_k155,1,10,10,10,2,0.006,0.002,0.006,0.000,0.003,0.001
cube_d5_k155,1,11,2,0,0,0.002,0.001,0.000,,,
cube_d5_k155,1,0,310,22343250,7447750,28.029,51.438,7415.232,0.000,3399.458,1316.368
cube_d5_k155,1,1,7447750,7447750,3697750,6612.605,1603.892,4024.098,0.000,1258.349,534.442
cube_d5_k155,1,2,3697750,3697750,781250,3274.005,812.910,2024.439,0.000,525.565,180.330
cube_d5_k155,1,3,781250,781250,156250,701.442,169.964,413.241,0.000,78.119,34.269
cube_d5_k155,1,4,156250,156250,31250,125.759,17.696,60.067,0.000,15.242,5.185
cube_d5_k155,1,5,31250,31250,6250,22.815,3.060,10.320,0.000,3.048,1.095
cube_d5_k155,1,6,6250,6250,1250,3.502,0.563,3.298,0.000,0.384,0.227
cube_d5_k155,1,7,1250,1250,250,0.679,0.092,0.262,0.000,0.073,0.039
cube_d5_k155,1,8,250,250,50,0.153,0.016,0.051,0.000,0.016,0.009
cube_d5_k155,1,9,50,50,10,0.028,0.004,0.014,0.000,0.006,0.002
cube_d5_k155,1,10,10,10,2,0.007,0.002,0.006,0.000,0.004,0.001
cube_d5_k155,1,11,2,0,0,0.002,0.001,0.000,,,
cube_d5_k155,1,0,310,22343250,7447750,42.665,51.708,7402.295,0.000,3398.954,1305.006
cube_d5_k155,1,1,7447750,7447750,3697750,6637.880,1581.790,4033.202,0.000,1266.509,541.302
cube_d5_k155,1,2,3697750,3697750,781250,3280.072,818.099,2006.343,0.000,525.405,160.757
cube_d5_k155,1,3,781250,781250,156250,712.076,166.077,388.104,0.000,78.038,34.325
cube_d5_k155,1,4,156250,156250,31250,132.800,17.624,61.632,0.000,15.157,5.198
cube_d5_k155,1,5,31250,31250,6250,23.179,3.017,10.160,0.000,2.965,1.072
cube_d5_k155,1,6,6250,6250,1250,3.507,0.565,1.653,0.000,0.386,0.266
cube_d5_k155,1,7,1250,1250,250,0.738,0.092,0.263,0.000,0.073,0.039
cube_d5_k155,1,8,250,250,50,0.137,0.015,0.052,0.000,0.016,0.010
cube_d5_k155,1,9,50,50,10,0.039,0.004,0.014,0.000,0.006,0.003
cube_d5_k155,1,10,10,10,2,0.006,0.002,0.006,0.000,0.004,0.001
cube_d5_k155,1,11,2,0,0,0.002,0.001,0.000,,,
cube_d5_k155,1,0,310,22343250,7447750,29.525,55.523,7374.799,0.000,3411.973,1264.143
cube_d5_k155,1,1,7447750,7447750,3697750,6660.855,1615.862,4048.158,0.000,1256.265,553.020
cube_d5_k155,1,2,3697750,3697750,781250,3310.511,830.126,2013.573,0.000,525.417,176.286
cube_d5_k155,1,3,781250,781250,156250,703.861,170.157,411.030,0.000,78.543,36.345
cube_d5_k155,1,4,156250,156250,31250,126.747,18.047,59.888,0.000,15.108,5.183
cube_d5_k155,1,5,31250,31250,6250,22.937,3.026,10.306,0.000,3.052,1.098
cube_d5_k155,1,6,6250,6250,1250,3.498,0.567,1.602,0.000,0.392,0.231
cube_d5_k155,1,7,1250,1250,250,0.728,0.100,0.295,0.000,0.087,0.039
cube_d5_k155,1,8,250,250,50,0.138,0.015,0.051,0.000,0.016,0.010
cube_d5_k155,1,9,50,50,10,0.028,0.004,0.013,0.000,0.006,0.002
cube_d5_k155,1,10,10,10,2,0.006,0.002,0.006,0.000,0.003,0.001
cube_d5_k155,1,11,2,0,0,0.002,0.001,0.000,,,
cube_d5_k155,1,0,310,22343250,7447750,27.990,51.214,7415.828,0.000,3395.954,1304.963
cube_d5_k155,1,1,7447750,7447750,3697750,6666.976,1615.101,4047.525,0.000,1262.113,562.616
cube_d5_k155,1,2,3697750,3697750,781250,3317.750,817.735,2018.570,0.000,540.219,158.538
cube_d5_k155,1,3,781250,781250,156250,705.538,168.088,407.498,0.000,78.424,34.501
cube_d5_k155,1,4,156250,156250,31250,128.368,18.087,59.961,0.000,15.215,5.160
cube_d5_k155,1,5,31250,31250,6250,22.985,3.050,10.310,0.000,3.069,1.081
cube_d5_k155,1,6,6250,6250,1250,3.502,0.573,1.603,0.000,0.384,0.231
cube_d5_k155,1,7,1250,1250,250,0.726,0.100,0.282,0.000,0.085,0.039
cube_d5_k155,1,8,250,250,50,0.138,0.015,0.051,0.000,0.016,0.010
cube_d5_k155,1,9,50,50,10,0.028,0.004,0.013,0.000,0.006,0.002
cube_d5_k155,1,10,10,10,2,0.006,0.002,0.006,0.000,0.003,0.001
cube_d5_k155,1,11,2,0,0,0.002,0.001,0.000,,,
cube_d5_k155,1,0,310,22343250,7447750,28.099,51.656,7385.403,0.000,3398.206,1283.675
cube_d5_k155,1,1,7447750,7447750,3697750,6679.322,1633.957,4031.551,0.000,1257.862,553.762
cube_d5_k155,1,2,3697750,3697750,781250,3334.348,818.894,2013.301,0.000,529.917,164.663
cube_d5_k155,1,3,781250,781250,156250,719.532,171.655,388.533,0.000,78.339,34.319
cube_d5_k155,1,4,156250,156250,31250,126.456,17.970,59.998,0.000,15.205,5.173
cube_d5_k155,1,5,31250,31250,6250,22.933,3.099,10.199,0.000,2.995,1.083
cube_d5_k155,1,6,6250,6250,1250,3.519,0.568,1.741,0.000,0.445,0.297
cube_d5_k155,1,7,1250,1250,250,0.685,0.093,0.274,0.000,0.074,0.050
cube_d5_k155,1,8,250,250,50,0.140,0.016,0.052,0.000,0.017,0.009
cube_d5_k155,1,9,50,50,10,0.028,0.004,0.013,0.000,0.006,0.003
cube_d5_k155,1,10,10,10,2,0.006,0.002,0.008,0.000,0.005,0.001
cube_d5_k155,1,11,2,0,0,0.002,0.001,0.000,,,
cube_d5_k155,2,0,310,22343250,7447750,33.044,44.187,3716.505,0.000,1475.295,690.163
cube_d5_k155,2,1,7447750,7447750,3697750,2632.341,593.111,2002.554,0.000,596.868,320.430
cube_d5_k155,2,2,3697750,3697750,781250,1366.754,315.853,934.573,0.000,202.366,90.336
cube_d5_k155,2,3,781250,781250,156250,318.859,65.449,235.334,0.000,28.449,18.004
cube_d5_k155,2,4,156250,156250,31250,60.111,8.579,30.021,0.000,5.638,3.081
cube_d5_k155,2,5,31250,31250,6250,11.582,1.592,6.871,0.000,2.953,0.639
cube_d5_k155,2,6,6250,6250,1250,1.619,0.398,1.071,0.000,0.332,0.150
cube_d5_k155,2,7,1250,1250,250,0.408,0.093,0.208,0.000,0.070,0.029
cube_d5_k155,2,8,250,250,50,0.115,0.019,0.061,0.000,0.024,0.011
cube_d5_k155,2,9,50,50,10,0.025,0.004,0.014,0.000,0.006,0.002
cube_d5_k155,2,10,10,10,2,0.005,0.002,0.006,0.000,0.003,0.001
cube_d5_k155,2,11,2,0,0,0.002,0.001,0.000,,,
cube_d5_k155,2,0,310,22343250,7447750,30.789,35.211,3800.036,0.000,1544.981,701.611
cube_d5_k155,2,1,7447750,7447750,3697750,3131.352,746.033,1947.310,0.000,564.445,296.520
cube_d5_k155,2,2,3697750,3697750,781250,1580.900,383.054,952.123,0.000,237.026,94.171
cube_d5_k155,2,3,781250,781250,156250,361.750,88.529,189.391,0.000,31.245,17.823
cube_d5_k155,2,4,156250,156250,31250,65.688,9.226,30.304,0.000,5.727,3.105
cube_d5_k155,2,5,31250,31250,6250,12.206,1.727,6.860,0.000,2.894,0.659
cube_d5_k155,2,6,6250,6250,1250,1.977,0.417,1.061,0.000,0.320,0.135
cube_d5_k155,2,7,1250,1250,250,0.461,0.094,0.211,0.000,0.072,0.030
cube_d5_k155,2,8,250,250,50,0.134,0.020,0.054,0.000,0.018,0.010
cube_d5_k155,2,9,50,50,10,0.031,0.004,0.014,0.000,0.006,0.002
cube_d5_k155,2,10,10,10,2,0.007,0.002,0.006,0.000,0.003,0.001
cube_d5_k155,2,11,2,0,0,0.002,0.001,0.000,,,
cube_d5_k155,2,0,310,22343250,7447750,48.364,38.297,3711.710,0.001,1492.744,669.155
cube_d5_k155,2,1,7447750,7447750,3697750,3177.470,790.236,1963.635,0.000,577.532,304.330
cube_d5_k155,2,2,3697750,3697750,781250,1642.676,408.825,963.821,0.000,235.320,89.440
cube_d5_k155,2,3,781250,781250,156250,371.539,85.718,191.343,0.000,28.071,18.360
cube_d5_k155,2,4,156250,156250,31250,72.737,10.273,30.133,0.000,5.643,3.056
cube_d5_k155,2,5,31250,31250,6250,12.488,1.746,6.867,0.000,2.811,0.651
cube_d5_k155,2,6,6250,6250,1250,2.067,0.429,1.071,0.000,0.328,0.141
cube_d5_k155,2,7,1250,1250,250,0.450,0.093,0.209,0.000,0.072,0.028
cube_d5_k155,2,8,250,250,50,0.130,0.020,0.057,0.000,0.018,0.013
cube_d5_k155,2,9,50,50,10,0.031,0.005,0.014,0.000,0.006,0.002
cube_d5_k155,2,10,10,10,2,0.007,0.002,0.006,0.000,0.004,0.001
cube_d5_k155,2,11,2,0,0,0.002,0.001,0.000,,,
cube_d5_k155,2,0,310,22343250,7447750,30.844,35.223,3770.752,0.000,1489.316,686.131
cube_d5_k155,2,1,7447750,7447750,3697750,3220.830,803.707,1937.120,0.000,564.916,294.058
cube_d5_k155,2,2,3697750,3697750,781250,1652.771,422.748,958.543,0.000,236.014,90.312
cube_d5_k155,2,3,781250,781250,156250,368.907,87.316,184.932,0.000,28.181,18.061
cube_d5_k155,2,4,156250,156250,31250,65.663,10.232,29.956,0.000,5.592,2.997
cube_d5_k155,2,5,31250,31250,6250,12.216,1.732,6.837,0.000,2.846,0.637
cube_d5_k155,2,6,6250,6250,1250,2.037,0.423,1.070,0.000,0.322,0.137
cube_d5_k155,2,7,1250,1250,250,0.442,0.093,0.207,0.000,0.070,0.029
cube_d5_k155,2,8,250,250,50,0.131,0.020,0.055,0.000,0.018,0.010
cube_d5_k155,2,9,50,50,10,0.032,0.004,0.014,0.000,0.006,0.002
cube_d5_k155,2,10,10,10,2,0.007,0.002,0.006,0.000,0.003,0.001
cube_d5_k155,2,11,2,0,0,0.002,0.001,0.000,,,
cube_d5_k155,2,0,310,22343250,7447750,30.831,36.028,3775.156,0.000,1480.176,674.084
cube_d5_k155,2,1,7447750,7447750,3697750,3216.964,809.868,1910.062,0.000,543.567,292.373
cube_d5_k155,2,2,3697750,3697750,781250,1636.473,423.263,934.053,0.000,220.735,83.490
cube_d5_k155,2,3,781250,781250,156250,361.290,87.838,187.679,0.000,29.578,17.721
cube_d5_k155,2,4,156250,156250,31250,64.834,10.189,30.024,0.000,5.652,3.031
cube_d5_k155,2,5,31250,31250,6250,12.194,1.764,6.786,0.000,2.832,0.641
cube_d5_k155,2,6,6250,6250,1250,2.000,0.423,1.059,0.000,0.318,0.136
cube_d5_k155,2,7,1250,1250,250,0.490,0.097,0.220,0.000,0.074,0.030
cube_d5_k155,2,8,250,250,50,0.106,0.021,0.057,0.000,0.018,0.014
cube_d5_k155,2,9,50,50,10,0.031,0.005,0.014,0.000,0.006,0.002
cube_d5_k155,2,10,10,10,2,0.006,0.002,0.006,0.000,0.003,0.001
cube_d5_k155,2,11,2,0,0,0.002,0.001,0.000,,,
cube_d5_k155,2,0,310,22343250,7447750,14.212,30.213,3704.055,0.000,1442.831,697.792
cube_d5_k155,2,1,7447750,7447750,3697750,3253.459,813.569,1880.531,0.000,530.514,289.146
cube_d5_k155,2,2,3697750,3697750,781250,1649.261,417.027,992.191,0.000,248.992,91.463
cube_d5_k155,2,3,781250,781250,156250,362.262,89.488,182.364,0.000,27.966,17.777
cube_d5_k155,2,4,156250,156250,31250,65.911,10.733,29.952,0.000,5.803,3.138
cube_d5_k155,2,5,31250,31250,6250,12.549,1.719,7.021,0.000,2.973,0.640
cube_d5_k155,2,6,6250,6250,1250,1.974,0.431,1.051,0.000,0.326,0.139
cube_d5_k155,2,7,1250,1250,250,0.427,0.095,0.214,0.000,0.073,0.030
cube_d5_k155,2,8,250,250,50,0.096,0.022,0.057,0.000,0.018,0.013
cube_d5_k155,2,9,50,50,10,0.032,0.004,0.014,0.000,0.006,0.002
cube_d5_k155,2,10,10,10,2,0.007,0.002,0.006,0.000,0.004,0.001
cube_d5_k155,2,11,2,0,0,0.002,0.001,0.000,,,
cube_d5_k155,4,0,310,22343250,7447750,21.711,23.874,1984.150,0.000,785.175,351.307
cube_d5_k155,4,1,7447750,7447750,3697750,1475.135,310.284,1010.123,0.000,273.682,158.074
cube_d5_k155,4,2,3697750,3697750,781250,690.857,159.979,483.667,0.000,110.280,46.748
cube_d5_k155,4,3,781250,781250,156250,160.419,35.447,90.162,0.000,15.610,9.376
cube_d5_k155,4,4,156250,156250,31250,31.437,4.571,15.687,0.000,3.205,1.626
cube_d5_k155,4,5,31250,31250,6250,6.072,0.912,4.505,0.000,2.580,0.360
cube_d5_k155,4,6,6250,6250,1250,1.083,0.276,0.752,0.000,0.306,0.081
cube_d5_k155,4,7,1250,1250,250,0.259,0.105,0.171,0.000,0.073,0.021
cube_d5_k155,4,8,250,250,50,0.083,0.023,0.049,0.000,0.019,0.009
cube_d5_k155,4,9,50,50,10,0.027,0.005,0.015,0.000,0.006,0.002
cube_d5_k155,4,10,10,10,2,0.006,0.002,0.007,0.000,0.004,0.001
cube_d5_k155,4,11,2,0,0,0.002,0.001,0.000,,,
cube_d5_k155,4,0,310,22343250,7447750,7.317,14.001,1900.835,0.000,722.486,356.331
cube_d5_k155,4,1,7447750,7447750,3697750,1612.596,378.311,991.748,0.000,273.026,150.800
cube_d5_k155,4,2,3697750,3697750,781250,787.315,193.344,492.205,0.000,114.767,45.052
cube_d5_k155,4,3,781250,781250,156250,172.615,40.736,89.735,0.000,15.319,9.197
cube_d5_k155,4,4,156250,156250,31250,32.079,4.996,15.647,0.000,3.335,1.625
cube_d5_k155,4,5,31250,31250,6250,6.187,0.923,4.656,0.000,2.647,0.370
cube_d5_k155,4,6,6250,6250,1250,1.200,0.311,0.756,0.000,0.305,0.080
cube_d5_k155,4,7,1250,1250,250,0.300,0.104,0.174,0.000,0.074,0.020
cube_d5_k155,4,8,250,250,50,0.078,0.024,0.055,0.000,0.019,0.008
cube_d5_k155,4,9,50,50,10,0.034,0.005,0.014,0.000,0.006,0.003
cube_d5_k155,4,10,10,10,2,0.007,0.002,0.006,0.000,0.004,0.001
cube_d5_k155,4,11,2,0,0,0.002,0.001,0.000,,,
cube_d5_k155,4,0,310,22343250,7447750,7.352,15.711,1893.546,0.001,734.066,351.846
cube_d5_k155,4,1,7447750,7447750,3697750,1647.048,395.624,1001.272,0.000,280.800,151.153
cube_d5_k155,4,2,3697750,3697750,781250,811.738,206.431,496.151,0.000,111.916,45.262
cube_d5_k155,4,3,781250,781250,156250,176.274,43.121,89.740,0.000,15.137,9.358
cube_d5_k155,4,4,156250,156250,31250,32.857,5.159,15.450,0.000,3.162,1.631
cube_d5_k155,4,5,31250,31250,6250,6.637,0.912,4.574,0.000,2.613,0.361
cube_d5_k155,4,6,6250,6250,1250,1.220,0.309,0.744,0.000,0.304,0.082
cube_d5_k155,4,7,1250,1250,250,0.295,0.097,0.174,0.000,0.074,0.021
cube_d5_k155,4,8,250,250,50,0.120,0.023,0.055,0.000,0.019,0.008
cube_d5_k155,4,9,50,50,10,0.033,0.005,0.015,0.000,0.006,0.003
cube_d5_k155,4,10,10,10,2,0.007,0.002,0.006,0.000,0.004,0.001
cube_d5_k155,4,11,2,0,0,0.002,0.001,0.000,,,
cube_d5_k155,4,0,310,22343250,7447750,15.820,15.505,1889.724,0.000,736.537,350.444
cube_d5_k155,4,1,7447750,7447750,3697750,1654.446,405.885,991.205,0.000,275.191,153.915
cube_d5_k155,4,2,3697750,3697750,781250,816.417,208.180,502.447,0.000,111.128,45.995
cube_d5_k155,4,3,781250,781250,156250,177.048,45.806,90.942,0.000,15.319,9.211
cube_d5_k155,4,4,156250,156250,31250,32.657,5.149,15.675,0.000,3.342,1.619
cube_d5_k155,4,5,31250,31250,6250,6.332,0.940,4.732,0.000,2.674,0.380
cube_d5_k155,4,6,6250,6250,1250,1.230,0.263,0.742,0.000,0.304,0.081
cube_d5_k155,4,7,1250,1250,250,0.292,0.096,0.172,0.000,0.073,0.020
cube_d5_k155,4,8,250,250,50,0.079,0.024,0.054,0.000,0.019,0.008
cube_d5_k155,4,9,50,50,10,0.033,0.005,0.014,0.000,0.006,0.002
cube_d5_k155,4,10,10,10,2,0.005,0.002,0.007,0.000,0.004,0.001
cube_d5_k155,4,11,2,0,0,0.002,0.001,0.000,,,
cube_d5_k155,4,0,310,22343250,7447750,7.373,14.060,1896.571,0.000,726.804,362.277
cube_d5_k155,4,1,7447750,7447750,3697750,1645.420,406.854,932.323,0.000,276.435,152.141
cube_d5_k155,4,2,3697750,3697750,781250,813.385,210.266,506.722,0.000,112.986,45.086
cube_d5_k155,4,3,781250,781250,156250,174.973,43.600,90.981,0.000,15.491,9.186
cube_d5_k155,4,4,156250,156250,31250,32.616,5.109,15.789,0.000,3.364,1.640
cube_d5_k155,4,5,31250,31250,6250,6.258,1.003,4.669,0.000,2.655,0.386
cube_d5_k155,4,6,6250,6250,1250,1.237,0.318,0.745,0.000,0.304,0.081
cube_d5_k155,4,7,1250,1250,250,0.292,0.096,0.172,0.000,0.074,0.021
cube_d5_k155,4,8,250,250,50,0.079,0.024,0.054,0.000,0.019,0.008
cube_d5_k155,4,9,50,50,10,0.033,0.005,0.014,0.000,0.006,0.002
cube_d5_k155,4,10,10,10,2,0.007,0.002,0.007,0.000,0.004,0.001
cube_d5_k155,4,11,2,0,0,0.002,0.001,0.000,,,
cube_d5_k155,4,0,310,22343250,7447750,7.317,14.070,1879.751,0.000,728.611,355.678
cube_d5_k155,4,1,7447750,7447750,3697750,1654.267,414.248,1015.876,0.000,277.627,154.917
cube_d5_k155,4,2,3697750,3697750,781250,820.571,212.994,489.442,0.000,111.068,45.970
cube_d5_k155,4,3,781250,781250,156250,177.571,43.220,92.774,0.000,15.517,9.377
cube_d5_k155,4,4,156250,156250,31250,32.667,5.160,15.648,0.000,3.111,1.633
cube_d5_k155,4,5,31250,31250,6250,6.334,1.021,4.550,0.000,2.599,0.367
cube_d5_k155,4,6,6250,6250,1250,1.215,0.285,0.744,0.000,0.305,0.081
cube_d5_k155,4,7,1250,1250,250,0.291,0.118,0.174,0.000,0.074,0.020
cube_d5_k155,4,8,250,250,50,0.079,0.024,0.055,0.000,0.019,0.008
cube_d5_k155,4,9,50,50,10,0.034,0.005,0.014,0.000,0.006,0.002
cube_d5_k155,4,10,10,10,2,0.007,0.002,0.007,0.000,0.004,0.001
cube_d5_k155,4,11,2,0,0,0.002,0.001,0.000,,,
cube_d5_k155,8,0,310,22343250,7447750,10.640,14.583,1217.013,0.000,453.538,254.075
cube_d5_k155,8,1,7447750,7447750,3697750,839.300,185.525,625.729,0.000,150.765,111.865
cube_d5_k155,8,2,3697750,3697750,781250,437.292,104.917,288.765,0.000,64.521,32.687
cube_d5_k155,8,3,781250,781250,156250,112.020,22.749,57.327,0.000,9.123,7.685
cube_d5_k155,8,4,156250,156250,31250,21.120,3.405,10.330,0.000,2.095,1.302
cube_d5_k155,8,5,31250,31250,6250,3.699,0.860,4.832,0.000,3.348,0.303
cube_d5_k155,8,6,6250,6250,1250,1.134,0.320,0.872,0.000,0.448,0.088
cube_d5_k155,8,7,1250,1250,250,0.312,0.108,0.222,0.000,0.110,0.027
cube_d5_k155,8,8,250,250,50,0.106,0.029,0.064,0.000,0.025,0.013
cube_d5_k155,8,9,50,50,10,0.028,0.007,0.017,0.000,0.007,0.003
cube_d5_k155,8,10,10,10,2,0.007,0.002,0.006,0.000,0.004,0.001
cube_d5_k155,8,11,2,0,0,0.003,0.001,0.000,,,
cube_d5_k155,8,0,310,22343250,7447750,5.027,9.378,1091.354,0.000,406.627,233.066
cube_d5_k155,8,1,7447750,7447750,3697750,935.610,229.060,632.654,0.000,176.514,110.441
cube_d5_k155,8,2,3697750,3697750,781250,475.759,116.067,294.662,0.000,70.215,32.642
cube_d5_k155,8,3,781250,781250,156250,115.173,23.445,57.909,0.000,9.269,8.035
cube_d5_k155,8,4,156250,156250,31250,21.040,3.689,10.514,0.000,2.134,1.323
cube_d5_k155,8,5,31250,31250,6250,3.963,0.787,4.663,0.000,3.103,0.304
cube_d5_k155,8,6,6250,6250,1250,1.186,0.333,0.852,0.000,0.417,0.089
cube_d5_k155,8,7,1250,1250,250,0.266,0.113,0.206,0.001,0.095,0.026
cube_d5_k155,8,8,250,250,50,0.105,0.028,0.068,0.000,0.022,0.020
cube_d5_k155,8,9,50,50,10,0.030,0.006,0.016,0.000,0.006,0.003
cube_d5_k155,8,10,10,10,2,0.008,0.003,0.006,0.000,0.004,0.001
cube_d5_k155,8,11,2,0,0,0.002,0.001,0.000,,,
cube_d5_k155,8,0,310,22343250,7447750,14.726,14.666,1127.044,0.000,415.778,245.261
cube_d5_k155,8,1,7447750,7447750,3697750,933.731,236.698,661.944,0.000,165.731,111.668
cube_d5_k155,8,2,3697750,3697750,781250,486.643,122.962,314.026,0.000,68.802,32.835
cube_d5_k155,8,3,781250,781250,156250,113.561,24.646,57.187,0.000,8.974,8.023
cube_d5_k155,8,4,156250,156250,31250,21.697,3.413,12.318,0.000,2.116,1.315
cube_d5_k155,8,5,31250,31250,6250,3.916,0.861,4.742,0.000,3.133,0.319
cube_d5_k155,8,6,6250,6250,1250,1.119,0.331,0.875,0.000,0.437,0.088
cube_d5_k155,8,7,1250,1250,250,0.284,0.100,0.207,0.000,0.096,0.028
cube_d5_k155,8,8,250,250,50,0.089,0.031,0.074,0.000,0.029,0.014
cube_d5_k155,8,9,50,50,10,0.032,0.007,0.016,0.000,0.007,0.003
cube_d5_k155,8,10,10,10,2,0.008,0.003,0.006,0.000,0.004,0.001
cube_d5_k155,8,11,2,0,0,0.003,0.001,0.000,,,
cube_d5_k155,8,0,310,22343250,7447750,5.322,16.847,1143.540,0.000,426.908,243.286
cube_d5_k155,8,1,7447750,7447750,3697750,965.713,240.372,609.130,0.000,163.257,108.028
cube_d5_k155,8,2,3697750,3697750,781250,478.345,122.568,292.756,0.000,68.575,32.711
cube_d5_k155,8,3,781250,781250,156250,120.466,24.969,60.774,0.000,9.921,8.075
cube_d5_k155,8,4,156250,156250,31250,21.517,3.585,10.734,0.000,2.270,1.342
cube_d5_k155,8,5,31250,31250,6250,4.043,0.850,4.676,0.000,3.100,0.346
cube_d5_k155,8,6,6250,6250,1250,1.175,0.311,0.845,0.001,0.417,0.086
cube_d5_k155,8,7,1250,1250,250,0.285,0.096,0.227,0.000,0.115,0.026
cube_d5_k155,8,8,250,250,50,0.074,0.029,0.067,0.000,0.027,0.012
cube_d5_k155,8,9,50,50,10,0.029,0.008,0.020,0.000,0.008,0.004
cube_d5_k155,8,10,10,10,2,0.009,0.003,0.008,0.000,0.005,0.001
cube_d5_k155,8,11,2,0,0,0.003,0.001,0.000,,,
cube_d5_k155,8,0,310,22343250,7447750,12.897,15.474,1109.838,0.000,418.224,240.186
cube_d5_k155,8,1,7447750,7447750,3697750,968.740,242.339,616.549,0.000,159.238,109.698
cube_d5_k155,8,2,3697750,3697750,781250,482.428,121.855,321.680,0.000,67.815,32.659
cube_d5_k155,8,3,781250,781250,156250,116.350,24.830,59.686,0.000,8.969,7.861
cube_d5_k155,8,4,156250,156250,31250,21.205,3.544,10.778,0.000,2.078,1.369
cube_d5_k155,8,5,31250,31250,6250,4.026,0.816,4.888,0.000,3.256,0.335
cube_d5_k155,8,6,6250,6250,1250,1.137,0.341,0.899,0.000,0.443,0.090
cube_d5_k155,8,7,1250,1250,250,0.297,0.111,0.211,0.000,0.091,0.028
cube_d5_k155,8,8,250,250,50,0.089,0.027,0.056,0.000,0.021,0.012
cube_d5_k155,8,9,50,50,10,0.042,0.007,0.015,0.000,0.006,0.003
cube_d5_k155,8,10,10,10,2,0.013,0.003,0.006,0.000,0.003,0.001
cube_d5_k155,8,11,2,0,0,0.003,0.001,0.000,,,
cube_d5_k155,8,0,310,22343250,7447750,7.049,8.806,1094.347,0.000,399.336,239.099
cube_d5_k155,8,1,7447750,7447750,3697750,973.551,242.514,638.636,0.000,158.650,111.027
cube_d5_k155,8,2,3697750,3697750,781250,481.922,124.156,309.077,0.000,71.812,33.143
cube_d5_k155,8,3,781250,781250,156250,113.140,24.704,59.922,0.000,8.924,7.995
cube_d5_k155,8,4,156250,156250,31250,29.538,3.634,11.098,0.000,2.219,1.314
cube_d5_k155,8,5,31250,31250,6250,4.032,0.895,4.707,0.000,3.204,0.300
cube_d5_k155,8,6,6250,6250,1250,1.181,0.315,0.836,0.000,0.389,0.081
cube_d5_k155,8,7,1250,1250,250,0.311,0.126,0.232,0.000,0.098,0.030
cube_d5_k155,8,8,250,250,50,0.075,0.027,0.060,0.000,0.024,0.012
cube_d5_k155,8,9,50,50,10,0.023,0.008,0.016,0.000,0.006,0.003
cube_d5_k155,8,10,10,10,2,0.009,0.003,0.006,0.000,0.004,0.001
cube_d5_k155,8,11,2,0,0,0.002,0.001,0.000,,,
cube_d5_k155,16,0,310,22343250,7447750,8.002,11.002,667.409,0.000,270.860,119.938
cube_d5_k155,16,1,7447750,7447750,3697750,408.939,99.188,319.637,0.000,90.447,61.960
cube_d5_k155,16,2,3697750,3697750,781250,231.906,58.297,187.306,0.000,42.907,18.691
cube_d5_k155,16,3,781250,781250,156250,66.474,15.085,32.568,0.000,6.391,4.452
cube_d5_k155,16,4,156250,156250,31250,11.157,2.541,6.411,0.000,1.403,0.878
cube_d5_k155,16,5,31250,31250,6250,2.222,5.061,5.069,0.000,4.057,0.222
cube_d5_k155,16,6,6250,6250,1250,0.866,0.286,0.679,0.000,0.355,0.065
cube_d5_k155,16,7,1250,1250,250,0.210,0.087,0.214,0.000,0.120,0.023
cube_d5_k155,16,8,250,250,50,0.078,0.034,0.058,0.000,0.025,0.010
cube_d5_k155,16,9,50,50,10,0.019,0.008,0.026,0.000,0.008,0.004
cube_d5_k155,16,10,10,10,2,0.007,0.002,0.007,0.000,0.004,0.001
cube_d5_k155,16,11,2,0,0,0.002,0.001,0.000,,,
cube_d5_k155,16,0,310,22343250,7447750,3.972,7.595,647.269,0.000,272.149,128.779
cube_d5_k155,16,1,7447750,7447750,3697750,495.999,132.157,369.607,0.000,109.045,66.770
cube_d5_k155,16,2,3697750,3697750,781250,244.982,67.310,167.480,0.000,36.018,20.731
cube_d5_k155,16,3,781250,781250,156250,59.568,14.386,35.124,0.000,8.444,4.055
cube_d5_k155,16,4,156250,156250,31250,11.827,2.503,6.498,0.000,1.437,0.808
cube_d5_k155,16,5,31250,31250,6250,2.219,0.574,4.165,0.000,3.157,0.217
cube_d5_k155,16,6,6250,6250,1250,0.833,0.314,0.717,0.000,0.367,0.069
cube_d5_k155,16,7,1250,1250,250,0.199,0.085,0.212,0.000,0.111,0.027
cube_d5_k155,16,8,250,250,50,0.071,0.031,0.064,0.000,0.026,0.013
cube_d5_k155,16,9,50,50,10,0.025,0.009,0.023,0.000,0.007,0.004
cube_d5_k155,16,10,10,10,2,0.010,0.003,0.007,0.000,0.004,0.001
cube_d5_k155,16,11,2,0,0,0.003,0.001,0.000,,,
cube_d5_k155,16,0,310,22343250,7447750,6.381,14.697,611.461,0.000,243.754,126.975
cube_d5_k155,16,1,7447750,7447750,3697750,530.213,127.904,324.772,0.000,87.947,63.481
cube_d5_k155,16,2,3697750,3697750,781250,252.819,65.756,178.753,0.000,52.726,17.868
cube_d5_k155,16,3,781250,781250,156250,64.469,14.925,32.694,0.000,5.505,4.043
cube_d5_k155,16,4,156250,156250,31250,11.627,2.592,6.443,0.000,1.436,0.810
cube_d5_k155,16,5,31250,31250,6250,10.532,0.586,5.208,0.000,3.106,0.235
cube_d5_k155,16,6,6250,6250,1250,0.888,0.322,0.750,0.000,0.407,0.063
cube_d5_k155,16,7,1250,1250,250,0.212,0.089,0.212,0.000,0.109,0.026
cube_d5_k155,16,8,250,250,50,0.077,0.034,0.064,0.000,0.023,0.015
cube_d5_k155,16,9,50,50,10,0.021,0.008,0.026,0.000,0.008,0.003
cube_d5_k155,16,10,10,10,2,0.009,0.003,0.007,0.000,0.004,0.001
cube_d5_k155,16,11,2,0,0,0.003,0.001,0.000,,,
cube_d5_k155,16,0,310,22343250,7447750,9.439,10.771,616.775,0.000,231.981,135.883
cube_d5_k155,16,1,7447750,7447750,3697750,517.203,136.336,340.427,0.000,97.833,62.897
cube_d5_k155,16,2,3697750,3697750,781250,261.966,66.230,172.596,0.000,45.227,19.101
cube_d5_k155,16,3,781250,781250,156250,61.332,14.082,31.375,0.000,5.164,4.014
cube_d5_k155,16,4,156250,156250,31250,12.068,2.694,6.399,0.000,1.384,0.803
cube_d5_k155,16,5,31250,31250,6250,2.279,0.556,4.032,0.000,3.044,0.220
cube_d5_k155,16,6,6250,6250,1250,0.841,0.304,0.694,0.000,0.362,0.073
cube_d5_k155,16,7,1250,1250,250,0.204,0.089,0.234,0.000,0.140,0.025
cube_d5_k155,16,8,250,250,50,0.088,0.029,0.062,0.000,0.026,0.012
cube_d5_k155,16,9,50,50,10,0.020,0.008,0.021,0.000,0.009,0.003
cube_d5_k155,16,10,10,10,2,0.008,0.003,0.007,0.000,0.004,0.001
cube_d5_k155,16,11,2,0,0,0.003,0.001,0.000,,,
cube_d5_k155,16,0,310,22343250,7447750,3.560,6.058,606.115,0.000,224.334,133.772
cube_d5_k155,16,1,7447750,7447750,3697750,507.493,130.775,319.353,0.000,86.709,60.171
cube_d5_k155,16,2,3697750,3697750,781250,257.014,65.908,159.628,0.000,36.963,18.426
cube_d5_k155,16,3,781250,781250,156250,65.668,12.861,37.085,0.000,10.399,4.456
cube_d5_k155,16,4,156250,156250,31250,16.461,2.604,6.556,0.000,1.454,0.798
cube_d5_k155,16,5,31250,31250,6250,2.225,0.576,4.056,0.000,3.067,0.215
cube_d5_k155,16,6,6250,6250,1250,0.923,0.343,0.788,0.000,0.411,0.068
cube_d5_k155,16,7,1250,1250,250,0.250,0.099,0.202,0.000,0.110,0.024
cube_d5_k155,16,8,250,250,50,0.082,0.037,0.073,0.001,0.024,0.022
cube_d5_k155,16,9,50,50,10,0.029,0.009,0.023,0.000,0.008,0.004
cube_d5_k155,16,10,10,10,2,0.010,0.003,0.007,0.000,0.004,0.001
cube_d5_k155,16,11,2,0,0,0.002,0.001,0.000,,,
cube_d5_k155,16,0,310,22343250,7447750,3.690,8.414,613.932,0.000,231.683,134.475
cube_d5_k155,16,1,7447750,7447750,3697750,526.056,134.454,332.967,0.000,87.445,59.895
cube_d5_k155,16,2,3697750,3697750,781250,259.228,66.119,160.098,0.000,39.195,17.359
cube_d5_k155,16,3,781250,781250,156250,67.333,13.262,31.698,0.000,5.409,4.025
cube_d5_k155,16,4,156250,156250,31250,11.953,2.590,6.599,0.000,1.401,0.838
cube_d5_k155,16,5,31250,31250,6250,2.152,0.585,4.337,0.000,3.316,0.217
cube_d5_k155,16,6,6250,6250,1250,0.844,0.334,0.755,0.000,0.419,0.064
cube_d5_k155,16,7,1250,1250,250,0.217,0.076,0.212,0.000,0.109,0.027
cube_d5_k155,16,8,250,250,50,0.071,0.032,0.064,0.000,0.027,0.012
cube_d5_k155,16,9,50,50,10,0.021,0.009,0.022,0.000,0.008,0.003
cube_d5_k155,16,10,10,10,2,0.009,0.003,0.007,0.000,0.004,0.001
cube_d5_k155,16,11,2,0,0,0.003,0.001,0.000,,,
cube_d5_k155,32,0,310,22343250,7447750,5.469,8.998,522.916,0.000,287.083,74.631
cube_d5_k155,32,1,7447750,7447750,3697750,246.481,63.351,211.264,0.000,57.859,35.735
cube_d5_k155,32,2,3697750,3697750,781250,131.059,35.761,95.700,0.000,24.822,11.030
cube_d5_k155,32,3,781250,781250,156250,35.392,8.993,19.026,0.000,3.568,2.497
cube_d5_k155,32,4,156250,156250,31250,6.730,1.655,3.957,0.000,0.995,0.483
cube_d5_k155,32,5,31250,31250,6250,1.485,0.348,3.243,0.000,2.651,0.141
cube_d5_k155,32,6,6250,6250,1250,0.686,0.239,0.564,0.000,0.328,0.043
cube_d5_k155,32,7,1250,1250,250,0.159,0.069,0.153,0.000,0.079,0.019
cube_d5_k155,32,8,250,250,50,0.044,0.032,0.059,0.000,0.022,0.011
cube_d5_k155,32,9,50,50,10,0.018,0.007,0.017,0.000,0.007,0.003
cube_d5_k155,32,10,10,10,2,0.007,0.002,0.007,0.000,0.004,0.001
cube_d5_k155,32,11,2,0,0,0.002,0.001,0.000,,,
cube_d5_k155,32,0,310,22343250,7447750,3.416,8.097,515.205,0.000,268.452,75.936
cube_d5_k155,32,1,7447750,7447750,3697750,272.365,74.284,226.943,0.000,68.474,35.676
cube_d5_k155,32,2,3697750,3697750,781250,137.528,38.001,94.902,0.000,27.123,10.411
cube_d5_k155,32,3,781250,781250,156250,34.108,8.825,18.062,0.000,3.536,2.388
cube_d5_k155,32,4,156250,156250,31250,6.677,1.378,3.856,0.000,0.951,0.488
cube_d5_k155,32,5,31250,31250,6250,1.371,0.507,3.292,0.000,2.695,0.133
cube_d5_k155,32,6,6250,6250,1250,0.690,0.244,0.584,0.000,0.353,0.044
cube_d5_k155,32,7,1250,1250,250,0.162,0.067,0.178,0.000,0.087,0.035
cube_d5_k155,32,8,250,250,50,0.047,0.038,0.059,0.000,0.023,0.011
cube_d5_k155,32,9,50,50,10,0.018,0.008,0.017,0.000,0.007,0.003
cube_d5_k155,32,10,10,10,2,0.010,0.003,0.007,0.000,0.004,0.001
cube_d5_k155,32,11,2,0,0,0.002,0.001,0.000,,,
cube_d5_k155,32,0,310,22343250,7447750,3.781,8.465,464.268,0.000,230.022,74.814
cube_d5_k155,32,1,7447750,7447750,3697750,269.537,87.289,200.479,0.000,57.363,34.861
cube_d5_k155,32,2,3697750,3697750,781250,134.177,39.814,92.259,0.000,23.964,11.974
cube_d5_k155,32,3,781250,781250,156250,33.840,9.138,17.829,0.000,3.439,2.325
cube_d5_k155,32,4,156250,156250,31250,6.500,1.433,3.710,0.000,0.911,0.505
cube_d5_k155,32,5,31250,31250,6250,1.357,0.389,3.510,0.000,2.874,0.153
cube_d5_k155,32,6,6250,6250,1250,0.735,0.241,0.618,0.000,0.371,0.045
cube_d5_k155,32,7,1250,1250,250,0.156,0.082,0.178,0.000,0.100,0.022
cube_d5_k155,32,8,250,250,50,0.047,0.029,0.060,0.000,0.024,0.016
cube_d5_k155,32,9,50,50,10,0.019,0.008,0.024,0.000,0.008,0.004
cube_d5_k155,32,10,10,10,2,0.011,0.003,0.007,0.000,0.004,0.001
cube_d5_k155,32,11,2,0,0,0.003,0.001,0.000,,,
cube_d5_k155,32,0,310,22343250,7447750,4.122,8.184,426.552,0.000,194.916,73.083
cube_d5_k155,32,1,7447750,7447750,3697750,261.055,76.808,189.432,0.000,51.688,34.515
cube_d5_k155,32,2,3697750,3697750,781250,133.311,38.103,88.284,0.000,22.220,10.038
cube_d5_k155,32,3,781250,781250,156250,33.859,8.686,17.590,0.000,3.467,2.254
cube_d5_k155,32,4,156250,156250,31250,6.714,1.511,3.787,0.000,0.935,0.495
cube_d5_k155,32,5,31250,31250,6250,1.312,0.400,3.671,0.000,3.050,0.157
cube_d5_k155,32,6,6250,6250,1250,0.710,0.259,0.650,0.000,0.384,0.049
cube_d5_k155,32,7,1250,1250,250,0.154,0.079,0.194,0.000,0.118,0.020
cube_d5_k155,32,8,250,250,50,0.050,0.031,0.060,0.000,0.025,0.014
cube_d5_k155,32,9,50,50,10,0.019,0.008,0.018,0.000,0.007,0.003
cube_d5_k155,32,10,10,10,2,0.011,0.003,0.007,0.000,0.004,0.001
cube_d5_k155,32,11,2,0,0,0.003,0.001,0.000,,,
cube_d5_k155,32,0,310,22343250,7447750,4.127,8.225,410.972,0.000,186.061,74.850
cube_d5_k155,32,1,7447750,7447750,3697750,260.817,76.601,184.979,0.000,53.816,32.983
cube_d5_k155,32,2,3697750,3697750,781250,133.460,37.872,90.436,0.000,23.901,9.674
cube_d5_k155,32,3,781250,781250,156250,39.779,8.655,17.881,0.000,3.671,2.220
cube_d5_k155,32,4,156250,156250,31250,6.621,1.562,3.821,0.000,0.936,0.542
cube_d5_k155,32,5,31250,31250,6250,1.272,0.418,3.794,0.000,3.136,0.148
cube_d5_k155,32,6,6250,6250,1250,0.704,0.263,0.601,0.000,0.332,0.055
cube_d5_k155,32,7,1250,1250,250,0.153,0.081,0.188,0.000,0.102,0.024
cube_d5_k155,32,8,250,250,50,0.059,0.034,0.063,0.000,0.028,0.011
cube_d5_k155,32,9,50,50,10,0.026,0.009,0.026,0.000,0.009,0.004
cube_d5_k155,32,10,10,10,2,0.010,0.003,0.008,0.000,0.005,0.001
cube_d5_k155,32,11,2,0,0,0.003,0.001,0.000,,,
cube_d5_k155,32,0,310,22343250,7447750,4.314,8.011,412.440,0.000,181.906,74.087
cube_d5_k155,32,1,7447750,7447750,3697750,264.365,74.556,186.528,0.000,53.915,33.307
cube_d5_k155,32,2,3697750,3697750,781250,132.012,38.712,92.119,0.000,25.488,9.831
cube_d5_k155,32,3,781250,781250,156250,35.122,8.457,19.198,0.000,3.896,2.395
cube_d5_k155,32,4,156250,156250,31250,6.552,1.864,4.049,0.000,0.944,0.519
cube_d5_k155,32,5,31250,31250,6250,1.263,0.435,3.967,0.000,3.311,0.151
cube_d5_k155,32,6,6250,6250,1250,0.706,0.260,0.630,0.000,0.362,0.051
cube_d5_k155,32,7,1250,1250,250,0.160,0.073,0.190,0.000,0.100,0.026
cube_d5_k155,32,8,250,250,50,0.057,0.032,0.071,0.000,0.027,0.020
cube_d5_k155,32,9,50,50,10,0.021,0.008,0.023,0.000,0.008,0.003
cube_d5_k155,32,10,10,10,2,0.010,0.003,0.007,0.000,0.004,0.001
cube_d5_k155,32,11,2,0,0,0.003,0.001,0.000,,,
cube_d5_k155,64,0,310,22343250,7447750,9.151,10.892,279.994,0.000,143.972,48.384
cube_d5_k155,64,1,7447750,7447750,3697750,138.391,36.932,134.997,0.000,40.186,27.356
cube_d5_k155,64,2,3697750,3697750,781250,91.993,22.210,61.216,0.000,19.521,7.053
cube_d5_k155,64,3,781250,781250,156250,23.853,5.984,13.496,0.000,2.825,1.513
cube_d5_k155,64,4,156250,156250,31250,5.844,1.297,3.050,0.000,0.811,0.394
cube_d5_k155,64,5,31250,31250,6250,1.043,0.351,3.747,0.000,3.229,0.133
cube_d5_k155,64,6,6250,6250,1250,0.693,0.247,0.620,0.000,0.388,0.047
cube_d5_k155,64,7,1250,1250,250,0.184,0.076,0.211,0.000,0.108,0.033
cube_d5_k155,64,8,250,250,50,0.080,0.051,0.077,0.001,0.033,0.020
cube_d5_k155,64,9,50,50,10,0.023,0.009,0.023,0.000,0.008,0.004
cube_d5_k155,64,10,10,10,2,0.008,0.002,0.007,0.000,0.004,0.001
cube_d5_k155,64,11,2,0,0,0.003,0.001,0.000,,,
cube_d5_k155,64,0,310,22343250,7447750,2.052,3.914,243.451,0.000,111.821,45.412
cube_d5_k155,64,1,7447750,7447750,3697750,153.974,39.498,120.658,0.000,33.077,21.253
cube_d5_k155,64,2,3697750,3697750,781250,80.620,23.309,53.015,0.000,13.446,6.371
cube_d5_k155,64,3,781250,781250,156250,23.747,6.268,12.383,0.000,2.604,1.517
cube_d5_k155,64,4,156250,156250,31250,4.986,1.271,2.994,0.000,0.784,0.390
cube_d5_k155,64,5,31250,31250,6250,1.055,0.391,3.940,0.000,3.401,0.134
cube_d5_k155,64,6,6250,6250,1250,0.962,0.274,0.708,0.000,0.435,0.047
cube_d5_k155,64,7,1250,1250,250,0.230,0.083,0.246,0.000,0.136,0.033
cube_d5_k155,64,8,250,250,50,0.093,0.039,0.080,0.000,0.034,0.018
cube_d5_k155,64,9,50,50,10,0.036,0.011,0.031,0.000,0.011,0.005
cube_d5_k155,64,10,10,10,2,0.012,0.004,0.010,0.000,0.006,0.001
cube_d5_k155,64,11,2,0,0,0.004,0.002,0.000,,,
cube_d5_k155,64,0,310,22343250,7447750,2.153,3.978,289.211,0.000,129.580,45.362
cube_d5_k155,64,1,7447750,7447750,3697750,151.052,41.342,120.461,0.000,31.539,21.602
cube_d5_k155,64,2,3697750,3697750,781250,78.831,24.476,53.889,0.000,13.625,6.348
cube_d5_k155,64,3,781250,781250,156250,23.868,6.034,12.227,0.000,2.530,1.494
cube_d5_k155,64,4,156250,156250,31250,4.891,1.620,3.067,0.000,0.848,0.398
cube_d5_k155,64,5,31250,31250,6250,1.044,0.391,3.765,0.000,3.238,0.129
cube_d5_k155,64,6,6250,6250,1250,0.922,0.299,0.714,0.000,0.434,0.048
cube_d5_k155,64,7,1250,1250,250,0.225,0.080,0.243,0.000,0.137,0.027
cube_d5_k155,64,8,250,250,50,0.085,0.037,0.082,0.000,0.034,0.020
cube_d5_k155,64,9,50,50,10,0.040,0.016,0.029,0.000,0.011,0.005
cube_d5_k155,64,10,10,10,2,0.012,0.003,0.010,0.000,0.006,0.001
cube_d5_k155,64,11,2,0,0,0.004,0.001,0.000,,,
cube_d5_k155,64,0,310,22343250,7447750,2.103,3.890,256.810,0.000,120.744,45.400
cube_d5_k155,64,1,7447750,7447750,3697750,157.078,42.759,133.877,0.000,33.762,27.683
cube_d5_k155,64,2,3697750,3697750,781250,78.131,23.122,70.592,0.000,25.896,11.657
cube_d5_k155,64,3,781250,781250,156250,22.889,6.062,12.296,0.000,2.619,1.536
cube_d5_k155,64,4,156250,156250,31250,4.846,1.192,3.906,0.000,0.840,0.368
cube_d5_k155,64,5,31250,31250,6250,1.063,0.363,3.795,0.000,3.276,0.119
cube_d5_k155,64,6,6250,6250,1250,0.715,0.258,0.621,0.000,0.379,0.048
cube_d5_k155,64,7,1250,1250,250,0.190,0.081,0.213,0.000,0.117,0.028
cube_d5_k155,64,8,250,250,50,0.074,0.035,0.066,0.000,0.028,0.015
cube_d5_k155,64,9,50,50,10,0.052,0.009,0.017,0.000,0.007,0.003
cube_d5_k155,64,10,10,10,2,0.012,0.003,0.006,0.000,0.004,0.001
cube_d5_k155,64,11,2,0,0,0.003,0.001,0.000,,,
cube_d5_k155,64,0,310,22343250,7447750,2.257,3.832,237.634,0.000,107.126,44.707
cube_d5_k155,64,1,7447750,7447750,3697750,147.105,41.753,112.385,0.000,30.362,20.938
cube_d5_k155,64,2,3697750,3697750,781250,76.767,23.262,52.459,0.000,13.436,6.245
cube_d5_k155,64,3,781250,781250,156250,23.036,6.219,12.445,0.000,2.616,1.497
cube_d5_k155,64,4,156250,156250,31250,5.012,1.435,2.976,0.000,0.796,0.403
cube_d5_k155,64,5,31250,31250,6250,1.017,0.378,4.178,0.000,3.641,0.123
cube_d5_k155,64,6,6250,6250,1250,0.914,0.272,0.718,0.000,0.441,0.054
cube_d5_k155,64,7,1250,1250,250,0.238,0.081,0.233,0.000,0.123,0.036
cube_d5_k155,64,8,250,250,50,0.081,0.037,0.082,0.000,0.036,0.017
cube_d5_k155,64,9,50,50,10,0.049,0.012,0.031,0.000,0.012,0.005
cube_d5_k155,64,10,10,10,2,0.021,0.004,0.010,0.000,0.006,0.001
cube_d5_k155,64,11,2,0,0,0.004,0.002,0.000,,,
cube_d5_k155,64,0,310,22343250,7447750,2.154,3.931,237.683,0.000,106.934,45.440
cube_d5_k155,64,1,7447750,7447750,3697750,149.010,40.825,113.714,0.000,31.376,21.375
cube_d5_k155,64,2,3697750,3697750,781250,80.826,22.661,51.921,0.000,13.197,6.188
cube_d5_k155,64,3,781250,781250,156250,23.093,6.019,12.240,0.000,2.529,1.490
cube_d5_k155,64,4,156250,156250,31250,4.949,1.245,2.996,0.000,0.817,0.403
cube_d5_k155,64,5,31250,31250,6250,1.014,0.360,3.994,0.000,3.457,0.128
cube_d5_k155,64,6,6250,6250,1250,0.904,0.290,0.750,0.000,0.443,0.071
cube_d5_k155,64,7,1250,1250,250,0.221,0.082,0.232,0.000,0.131,0.028
cube_d5_k155,64,8,250,250,50,0.095,0.038,0.086,0.000,0.037,0.022
cube_d5_k155,64,9,50,50,10,0.048,0.011,0.028,0.000,0.012,0.005
cube_d5_k155,64,10,10,10,2,0.015,0.004,0.010,0.000,0.006,0.001
cube_d5_k155,64,11,2,0,0,0.004,0.002,0.000,,,
cube_d5_k155,128,0,310,22343250,7447750,9.072,10.751,286.801,0.000,188.301,32.856
cube_d5_k155,128,1,7447750,7447750,3697750,86.230,26.639,110.592,0.000,41.662,15.800
cube_d5_k155,128,2,3697750,3697750,781250,73.693,14.728,60.422,0.000,21.324,14.591
cube_d5_k155,128,3,781250,781250,156250,25.218,4.793,12.064,0.000,3.034,1.142
cube_d5_k155,128,4,156250,156250,31250,4.120,1.092,2.705,0.000,0.742,0.335
cube_d5_k155,128,5,31250,31250,6250,0.895,0.353,3.943,0.000,3.426,0.123
cube_d5_k155,128,6,6250,6250,1250,0.808,0.269,0.709,0.000,0.446,0.054
cube_d5_k155,128,7,1250,1250,250,0.199,0.084,0.247,0.000,0.118,0.046
cube_d5_k155,128,8,250,250,50,0.109,0.034,0.081,0.000,0.030,0.016
cube_d5_k155,128,9,50,50,10,0.046,0.018,0.035,0.000,0.009,0.004
cube_d5_k155,128,10,10,10,2,0.015,0.004,0.010,0.000,0.006,0.001
cube_d5_k155,128,11,2,0,0,0.005,0.001,0.000,,,
cube_d5_k155,128,0,310,22343250,7447750,2.776,3.700,222.374,0.000,128.783,29.887
cube_d5_k155,128,1,7447750,7447750,3697750,98.670,28.281,93.358,0.000,28.265,14.249
cube_d5_k155,128,2,3697750,3697750,781250,47.111,15.503,48.688,0.000,21.536,4.300
cube_d5_k155,128,3,781250,781250,156250,18.129,4.922,9.911,0.000,2.265,1.096
cube_d5_k155,128,4,156250,156250,31250,4.269,1.148,2.649,0.000,0.768,0.346
cube_d5_k155,128,5,31250,31250,6250,0.896,0.378,4.139,0.000,3.614,0.125
cube_d5_k155,128,6,6250,6250,1250,1.055,0.270,0.760,0.000,0.467,0.062
cube_d5_k155,128,7,1250,1250,250,0.268,0.079,0.247,0.000,0.134,0.033
cube_d5_k155,128,8,250,250,50,0.110,0.047,0.092,0.000,0.033,0.019
cube_d5_k155,128,9,50,50,10,0.036,0.012,0.039,0.000,0.012,0.011
cube_d5_k155,128,10,10,10,2,0.025,0.004,0.012,0.000,0.007,0.001
cube_d5_k155,128,11,2,0,0,0.005,0.002,0.000,,,
cube_d5_k155,128,0,310,22343250,7447750,1.613,3.610,247.202,0.000,140.921,33.948
cube_d5_k155,128,1,7447750,7447750,3697750,114.849,28.944,94.495,0.000,24.436,21.140
cube_d5_k155,128,2,3697750,3697750,781250,71.739,17.721,37.096,0.000,10.011,4.330
cube_d5_k155,128,3,781250,781250,156250,17.885,4.977,10.206,0.000,2.121,1.124
cube_d5_k155,128,4,156250,156250,31250,4.014,1.021,2.617,0.000,0.740,0.321
cube_d5_k155,128,5,31250,31250,6250,0.910,0.393,4.094,0.000,3.593,0.119
cube_d5_k155,128,6,6250,6250,1250,1.019,0.281,0.771,0.000,0.454,0.085
cube_d5_k155,128,7,1250,1250,250,0.245,0.094,0.263,0.000,0.134,0.041
cube_d5_k155,128,8,250,250,50,0.115,0.054,0.094,0.000,0.036,0.020
cube_d5_k155,128,9,50,50,10,0.040,0.016,0.045,0.000,0.013,0.015
cube_d5_k155,128,10,10,10,2,0.018,0.004,0.011,0.000,0.007,0.001
cube_d5_k155,128,11,2,0,0,0.004,0.002,0.000,,,
cube_d5_k155,128,0,310,22343250,7447750,1.636,3.708,244.193,0.000,121.902,29.468
cube_d5_k155,128,1,7447750,7447750,3697750,95.210,29.151,100.303,0.000,36.938,14.257
cube_d5_k155,128,2,3697750,3697750,781250,57.232,15.060,39.147,0.000,11.872,4.366
cube_d5_k155,128,3,781250,781250,156250,18.228,4.934,9.820,0.000,2.124,1.108
cube_d5_k155,128,4,156250,156250,31250,4.030,1.082,2.626,0.000,0.753,0.312
cube_d5_k155,128,5,31250,31250,6250,0.938,0.429,4.185,0.000,3.640,0.123
cube_d5_k155,128,6,6250,6250,1250,1.020,0.281,0.747,0.000,0.471,0.057
cube_d5_k155,128,7,1250,1250,250,0.245,0.085,0.269,0.000,0.133,0.049
cube_d5_k155,128,8,250,250,50,0.108,0.039,0.114,0.000,0.040,0.029
cube_d5_k155,128,9,50,50,10,0.039,0.012,0.034,0.000,0.013,0.005
cube_d5_k155,128,10,10,10,2,0.015,0.004,0.011,0.000,0.007,0.001
cube_d5_k155,128,11,2,0,0,0.004,0.002,0.000,,,
cube_d5_k155,128,0,310,22343250,7447750,1.882,3.750,207.721,0.000,114.920,29.470
cube_d5_k155,128,1,7447750,7447750,3697750,113.153,36.696,107.921,0.000,32.737,21.251
cube_d5_k155,128,2,3697750,3697750,781250,48.480,15.127,40.336,0.000,9.835,7.734
cube_d5_k155,128,3,781250,781250,156250,18.035,4.984,9.359,0.000,2.146,1.047
cube_d5_k155,128,4,156250,156250,31250,3.955,1.199,2.501,0.000,0.720,0.299
cube_d5_k155,128,5,31250,31250,6250,1.026,0.376,4.162,0.000,3.679,0.121
cube_d5_k155,128,6,6250,6250,1250,1.010,0.285,0.751,0.000,0.465,0.053
cube_d5_k155,128,7,1250,1250,250,0.240,0.079,0.285,0.000,0.157,0.044
cube_d5_k155,128,8,250,250,50,0.085,0.045,0.096,0.000,0.035,0.023
cube_d5_k155,128,9,50,50,10,0.042,0.014,0.035,0.000,0.013,0.008
cube_d5_k155,128,10,10,10,2,0.013,0.004,0.010,0.000,0.006,0.001
cube_d5_k155,128,11,2,0,0,0.004,0.001,0.000,,,
cube_d5_k155,128,0,310,22343250,7447750,1.628,3.808,213.230,0.000,118.253,30.127
cube_d5_k155,128,1,7447750,7447750,3697750,97.440,29.518,92.489,0.000,21.910,14.491
cube_d5_k155,128,2,3697750,3697750,781250,48.634,16.290,37.518,0.000,10.352,4.353
cube_d5_k155,128,3,781250,781250,156250,18.462,5.247,15.780,0.000,2.111,1.107
cube_d5_k155,128,4,156250,156250,31250,4.081,1.246,2.644,0.000,0.772,0.305
cube_d5_k155,128,5,31250,31250,6250,0.985,0.382,4.130,0.000,3.629,0.124
cube_d5_k155,128,6,6250,6250,1250,1.016,0.285,0.718,0.000,0.444,0.052
cube_d5_k155,128,7,1250,1250,250,0.246,0.094,0.247,0.000,0.135,0.037
cube_d5_k155,128,8,250,250,50,0.100,0.048,0.091,0.000,0.035,0.017
cube_d5_k155,128,9,50,50,10,0.043,0.011,0.036,0.000,0.014,0.005
cube_d5_k155,128,10,10,10,2,0.017,0.004,0.010,0.000,0.006,0.001
cube_d5_k155,128,11,2,0,0,0.004,0.002,0.000,,,
cube_d5_k155,144,0,310,22343250,7447750,8.739,10.268,279.532,0.000,189.151,30.784
cube_d5_k155,144,1,7447750,7447750,3697750,80.601,24.757,114.837,0.000,43.513,14.815
cube_d5_k155,144,2,3697750,3697750,781250,57.226,15.852,53.508,0.000,24.316,5.077
cube_d5_k155,144,3,781250,781250,156250,25.730,4.782,11.952,0.000,3.245,1.130
cube_d5_k155,144,4,156250,156250,31250,3.901,10.347,2.634,0.000,0.744,0.302
cube_d5_k155,144,5,31250,31250,6250,1.026,0.537,4.100,0.001,3.597,0.123
cube_d5_k155,144,6,6250,6250,1250,1.111,0.277,0.724,0.000,0.427,0.064
cube_d5_k155,144,7,1250,1250,250,0.234,0.085,0.257,0.001,0.125,0.052
cube_d5_k155,144,8,250,250,50,0.103,0.040,0.103,0.000,0.039,0.032
cube_d5_k155,144,9,50,50,10,0.033,0.016,0.039,0.000,0.011,0.006
cube_d5_k155,144,10,10,10,2,0.018,0.004,0.011,0.000,0.007,0.001
cube_d5_k155,144,11,2,0,0,0.004,0.001,0.000,,,
cube_d5_k155,144,0,310,22343250,7447750,3.852,3.654,216.017,0.000,128.547,28.181
cube_d5_k155,144,1,7447750,7447750,3697750,100.677,28.234,116.222,0.000,37.912,14.710
cube_d5_k155,144,2,3697750,3697750,781250,53.349,14.497,48.388,0.000,23.785,4.941
cube_d5_k155,144,3,781250,781250,156250,18.000,5.385,8.946,0.000,2.179,1.032
cube_d5_k155,144,4,156250,156250,31250,3.952,1.074,2.452,0.000,0.800,0.298
cube_d5_k155,144,5,31250,31250,6250,0.913,0.385,4.038,0.000,3.573,0.115
cube_d5_k155,144,6,6250,6250,1250,1.055,0.285,0.725,0.000,0.450,0.055
cube_d5_k155,144,7,1250,1250,250,0.242,0.086,0.244,0.000,0.123,0.040
cube_d5_k155,144,8,250,250,50,0.125,0.047,0.096,0.000,0.040,0.023
cube_d5_k155,144,9,50,50,10,0.048,0.019,0.035,0.000,0.012,0.006
cube_d5_k155,144,10,10,10,2,0.016,0.004,0.011,0.000,0.007,0.001
cube_d5_k155,144,11,2,0,0,0.004,0.002,0.000,,,
cube_d5_k155,144,0,310,22343250,7447750,1.633,3.759,252.626,0.000,133.792,28.901
cube_d5_k155,144,1,7447750,7447750,3697750,94.159,27.263,96.234,0.000,33.529,20.021
cube_d5_k155,144,2,3697750,3697750,781250,71.744,27.850,43.186,0.000,15.452,8.210
cube_d5_k155,144,3,781250,781250,156250,17.486,4.794,8.763,0.000,2.064,1.045
cube_d5_k155,144,4,156250,156250,31250,4.087,1.034,2.486,0.000,0.842,0.320
cube_d5_k155,144,5,31250,31250,6250,0.847,0.372,4.312,0.000,3.768,0.117
cube_d5_k155,144,6,6250,6250,1250,1.112,0.283,0.743,0.000,0.470,0.053
cube_d5_k155,144,7,1250,1250,250,0.247,0.087,0.267,0.000,0.144,0.046
cube_d5_k155,144,8,250,250,50,0.106,0.053,0.103,0.000,0.035,0.015
cube_d5_k155,144,9,50,50,10,0.048,0.012,0.034,0.000,0.014,0.005
cube_d5_k155,144,10,10,10,2,0.018,0.004,0.011,0.000,0.007,0.001
cube_d5_k155,144,11,2,0,0,0.004,0.002,0.000,,,
cube_d5_k155,144,0,310,22343250,7447750,3.566,3.679,240.349,0.000,150.394,26.985
cube_d5_k155,144,1,7447750,7447750,3697750,91.677,34.129,79.788,0.000,21.859,13.311
cube_d5_k155,144,2,3697750,3697750,781250,44.995,18.002,34.850,0.000,9.442,5.972
cube_d5_k155,144,3,781250,781250,156250,19.949,4.937,9.061,0.000,2.157,1.018
cube_d5_k155,144,4,156250,156250,31250,4.080,1.106,2.439,0.001,0.778,0.301
cube_d5_k155,144,5,31250,31250,6250,0.970,0.361,4.131,0.000,3.652,0.115
cube_d5_k155,144,6,6250,6250,1250,1.114,0.292,0.705,0.000,0.434,0.054
cube_d5_k155,144,7,1250,1250,250,0.260,0.081,0.250,0.000,0.138,0.036
cube_d5_k155,144,8,250,250,50,0.124,0.050,0.090,0.000,0.036,0.024
cube_d5_k155,144,9,50,50,10,0.040,0.018,0.039,0.000,0.012,0.005
cube_d5_k155,144,10,10,10,2,0.015,0.004,0.011,0.000,0.007,0.001
cube_d5_k155,144,11,2,0,0,0.004,0.002,0.000,,,
cube_d5_k155,144,0,310,22343250,7447750,1.620,3.647,201.995,0.000,111.463,27.157
cube_d5_k155,144,1,7447750,7447750,3697750,81.141,27.451,79.435,0.000,23.576,13.289
cube_d5_k155,144,2,3697750,3697750,781250,48.490,14.435,36.242,0.000,10.969,4.914
cube_d5_k155,144,3,781250,781250,156250,17.560,5.650,9.918,0.000,2.149,1.035
cube_d5_k155,144,4,156250,156250,31250,3.937,1.163,2.416,0.000,0.742,0.343
cube_d5_k155,144,5,31250,31250,6250,0.917,0.371,4.168,0.000,3.700,0.118
cube_d5_k155,144,6,6250,6250,1250,1.066,0.289,0.713,0.000,0.443,0.050
cube_d5_k155,144,7,1250,1250,250,0.250,0.086,0.255,0.000,0.135,0.036
cube_d5_k155,144,8,250,250,50,0.102,0.048,0.094,0.000,0.033,0.028
cube_d5_k155,144,9,50,50,10,0.028,0.011,0.056,0.001,0.013,0.019
cube_d5_k155,144,10,10,10,2,0.016,0.004,0.012,0.000,0.007,0.001
cube_d5_k155,144,11,2,0,0,0.004,0.002,0.000,,,
cube_d5_k155,144,0,310,22343250,7447750,1.584,3.638,195.664,0.000,109.689,27.023
cube_d5_k155,144,1,7447750,7447750,3697750,89.033,26.594,80.988,0.000,22.966,13.334
cube_d5_k155,144,2,3697750,3697750,781250,45.113,14.526,33.548,0.000,9.861,4.111
cube_d5_k155,144,3,781250,781250,156250,18.110,4.910,8.857,0.000,2.161,1.016
cube_d5_k155,144,4,156250,156250,31250,3.915,1.099,2.473,0.000,0.796,0.290
cube_d5_k155,144,5,31250,31250,6250,0.864,0.373,4.157,0.000,3.672,0.121
cube_d5_k155,144,6,6250,6250,1250,1.030,0.284,0.734,0.000,0.461,0.051
cube_d5_k155,144,7,1250,1250,250,0.249,0.084,0.260,0.000,0.140,0.037
cube_d5_k155,144,8,250,250,50,0.109,0.045,0.110,0.000,0.039,0.037
cube_d5_k155,144,9,50,50,10,0.034,0.012,0.037,0.000,0.012,0.006
cube_d5_k155,144,10,10,10,2,0.018,0.004,0.012,0.000,0.007,0.001
cube_d5_k155,144,11,2,0,0,0.004,0.002,0.000,,,
