[gates_bench] ./miter-cc-benchmarks/hwmcc12_with_not/6s163-xits-opt.gates ...
  literals=3836213  NOT=1115222  gates=5675417  total_classes=10626852  read=0.072s parse=0.599s build=1.110s
[pe] round=  0 work= 10493552 frontier=  5437767 next=    24065 consolidate=3219.383ms frontier=382.493ms semisort=858.396ms (keyed=143.252ms group_by= 20.292ms per_group=79.427ms)
[pe] round=  1 work=    24065 frontier=   237543 next=    16558 consolidate= 25.942ms frontier=  1.074ms semisort= 47.570ms (keyed= 1.140ms group_by= 16.659ms per_group= 9.314ms)
[pe] round=  2 work=    16558 frontier=    56774 next=     1307 consolidate= 15.487ms frontier=  0.724ms semisort= 10.052ms (keyed= 0.095ms group_by=  3.378ms per_group= 1.380ms)
[pe] round=  3 work=     1307 frontier=    29389 next=      920 consolidate=  1.274ms frontier=  0.046ms semisort=  3.952ms (keyed= 0.051ms group_by=  1.190ms per_group= 0.665ms)
[pe] round=  4 work=      920 frontier=    12744 next=     1826 consolidate=  0.873ms frontier=  0.034ms semisort=  2.551ms (keyed= 0.021ms group_by=  0.581ms per_group= 0.799ms)
[pe] round=  5 work=     1826 frontier=     7383 next=      421 consolidate=  1.621ms frontier=  0.060ms semisort=  1.350ms (keyed= 0.015ms group_by=  0.336ms per_group= 0.234ms)
[pe] round=  6 work=      421 frontier=     1777 next=      150 consolidate=  0.411ms frontier=  0.013ms semisort=  0.264ms (keyed= 0.005ms group_by=  0.058ms per_group= 0.059ms)
[pe] round=  7 work=      150 frontier=      328 next=      115 consolidate=  0.129ms frontier=  0.006ms semisort=  0.062ms (keyed= 0.001ms group_by=  0.012ms per_group= 0.028ms)
[pe] round=  8 work=      115 frontier=     1774 next=      138 consolidate=  0.104ms frontier=  0.005ms semisort=  0.220ms (keyed= 0.002ms group_by=  0.051ms per_group= 0.052ms)
[pe] round=  9 work=      138 frontier=      912 next=       39 consolidate=  0.122ms frontier=  0.006ms semisort=  0.102ms (keyed= 0.001ms group_by=  0.029ms per_group= 0.023ms)
[pe] round= 10 work=       39 frontier=      124 next=       38 consolidate=  0.034ms frontier=  0.002ms semisort=  0.024ms (keyed= 0.000ms group_by=  0.005ms per_group= 0.010ms)
[pe] round= 11 work=       38 frontier=      670 next=       40 consolidate=  0.035ms frontier=  0.002ms semisort=  0.080ms (keyed= 0.001ms group_by=  0.022ms per_group= 0.019ms)
[pe] round= 12 work=       40 frontier=      279 next=       16 consolidate=  0.037ms frontier=  0.002ms semisort=  0.030ms (keyed= 0.001ms group_by=  0.008ms per_group= 0.008ms)
[pe] round= 13 work=       16 frontier=       67 next=       13 consolidate=  0.015ms frontier=  0.001ms semisort=  0.014ms (keyed= 0.000ms group_by=  0.003ms per_group= 0.005ms)
[pe] round= 14 work=       13 frontier=      333 next=       12 consolidate=  0.013ms frontier=  0.001ms semisort=  0.037ms (keyed= 0.001ms group_by=  0.008ms per_group= 0.008ms)
[pe] round= 15 work=       12 frontier=      124 next=        5 consolidate=  0.012ms frontier=  0.001ms semisort=  0.014ms (keyed= 0.000ms group_by=  0.004ms per_group= 0.004ms)
[pe] round= 16 work=        5 frontier=       10 next=        5 consolidate=  0.005ms frontier=  0.001ms semisort=  0.004ms (keyed= 0.000ms group_by=  0.001ms per_group= 0.002ms)
[pe] round= 17 work=        5 frontier=      431 next=        6 consolidate=  0.006ms frontier=  0.001ms semisort=  0.042ms (keyed= 0.001ms group_by=  0.010ms per_group= 0.008ms)
[pe] round= 18 work=        6 frontier=      140 next=        4 consolidate=  0.006ms frontier=  0.001ms semisort=  0.014ms (keyed= 0.000ms group_by=  0.004ms per_group= 0.004ms)
[pe] round= 19 work=        4 frontier=       12 next=        3 consolidate=  0.005ms frontier=  0.001ms semisort=  0.004ms (keyed= 0.000ms group_by=  0.001ms per_group= 0.001ms)
[pe] round= 20 work=        3 frontier=        6 next=        3 consolidate=  0.003ms frontier=  0.001ms semisort=  0.003ms (keyed= 0.000ms group_by=  0.000ms per_group= 0.001ms)
[pe] round= 21 work=        3 frontier=       39 next=        4 consolidate=  0.004ms frontier=  0.001ms semisort=  0.009ms (keyed= 0.000ms group_by=  0.002ms per_group= 0.002ms)
[pe] round= 22 work=        4 frontier=       12 next=        3 consolidate=  0.004ms frontier=  0.001ms semisort=  0.004ms (keyed= 0.000ms group_by=  0.001ms per_group= 0.001ms)
[pe] round= 23 work=        3 frontier=       12 next=        3 consolidate=  0.004ms frontier=  0.000ms semisort=  0.003ms (keyed= 0.000ms group_by=  0.000ms per_group= 0.001ms)
[pe] round= 24 work=        3 frontier=        6 next=        3 consolidate=  0.003ms frontier=  0.000ms semisort=  0.002ms (keyed= 0.000ms group_by=  0.000ms per_group= 0.001ms)
[pe] round= 25 work=        3 frontier=       37 next=        5 consolidate=  0.003ms frontier=  0.000ms semisort=  0.008ms (keyed= 0.000ms group_by=  0.001ms per_group= 0.002ms)
[pe] round= 26 work=        5 frontier=       15 next=        2 consolidate=  0.005ms frontier=  0.001ms semisort=  0.004ms (keyed= 0.000ms group_by=  0.001ms per_group= 0.001ms)
[pe] round= 27 work=        2 frontier=        8 next=        2 consolidate=  0.003ms frontier=  0.001ms semisort=  0.003ms (keyed= 0.000ms group_by=  0.000ms per_group= 0.001ms)
[pe] round= 28 work=        2 frontier=        4 next=        2 consolidate=  0.002ms frontier=  0.000ms semisort=  0.002ms (keyed= 0.000ms group_by=  0.000ms per_group= 0.001ms)
[pe] round= 29 work=        2 frontier=       26 next=        3 consolidate=  0.003ms frontier=  0.000ms semisort=  0.006ms (keyed= 0.000ms group_by=  0.001ms per_group= 0.002ms)
[pe] round= 30 work=        3 frontier=        8 next=        2 consolidate=  0.003ms frontier=  0.000ms semisort=  0.003ms (keyed= 0.000ms group_by=  0.000ms per_group= 0.001ms)
[pe] round= 31 work=        2 frontier=        8 next=        2 consolidate=  0.003ms frontier=  0.000ms semisort=  0.003ms (keyed= 0.000ms group_by=  0.000ms per_group= 0.001ms)
[pe] round= 32 work=        2 frontier=        4 next=        2 consolidate=  0.002ms frontier=  0.000ms semisort=  0.002ms (keyed= 0.000ms group_by=  0.000ms per_group= 0.001ms)
[pe] round= 33 work=        2 frontier=       26 next=        3 consolidate=  0.003ms frontier=  0.000ms semisort=  0.005ms (keyed= 0.000ms group_by=  0.001ms per_group= 0.002ms)
[pe] round= 34 work=        3 frontier=        8 next=        2 consolidate=  0.003ms frontier=  0.000ms semisort=  0.006ms (keyed= 0.000ms group_by=  0.001ms per_group= 0.001ms)
[pe] round= 35 work=        2 frontier=        8 next=        2 consolidate=  0.003ms frontier=  0.000ms semisort=  0.002ms (keyed= 0.000ms group_by=  0.000ms per_group= 0.001ms)
[pe] round= 36 work=        2 frontier=        4 next=        2 consolidate=  0.002ms frontier=  0.000ms semisort=  0.002ms (keyed= 0.000ms group_by=  0.000ms per_group= 0.001ms)
[pe] round= 37 work=        2 frontier=       26 next=        3 consolidate=  0.002ms frontier=  0.000ms semisort=  0.005ms (keyed= 0.000ms group_by=  0.001ms per_group= 0.002ms)
[pe] round= 38 work=        3 frontier=        8 next=        2 consolidate=  0.003ms frontier=  0.000ms semisort=  0.002ms (keyed= 0.000ms group_by=  0.000ms per_group= 0.001ms)
[pe] round= 39 work=        2 frontier=        8 next=        2 consolidate=  0.003ms frontier=  0.000ms semisort=  0.002ms (keyed= 0.000ms group_by=  0.000ms per_group= 0.001ms)
[pe] round= 40 work=        2 frontier=        4 next=        2 consolidate=  0.002ms frontier=  0.000ms semisort=  0.002ms (keyed= 0.000ms group_by=  0.000ms per_group= 0.001ms)
[pe] round= 41 work=        2 frontier=       26 next=        3 consolidate=  0.003ms frontier=  0.000ms semisort=  0.005ms (keyed= 0.000ms group_by=  0.001ms per_group= 0.002ms)
[pe] round= 42 work=        3 frontier=        8 next=        2 consolidate=  0.003ms frontier=  0.000ms semisort=  0.003ms (keyed= 0.000ms group_by=  0.000ms per_group= 0.001ms)
[pe] round= 43 work=        2 frontier=        8 next=        2 consolidate=  0.003ms frontier=  0.000ms semisort=  0.002ms (keyed= 0.000ms group_by=  0.000ms per_group= 0.001ms)
[pe] round= 44 work=        2 frontier=        4 next=        2 consolidate=  0.003ms frontier=  0.000ms semisort=  0.002ms (keyed= 0.000ms group_by=  0.000ms per_group= 0.001ms)
[pe] round= 45 work=        2 frontier=       26 next=        3 consolidate=  0.003ms frontier=  0.000ms semisort=  0.005ms (keyed= 0.000ms group_by=  0.001ms per_group= 0.001ms)
[pe] round= 46 work=        3 frontier=        8 next=        2 consolidate=  0.003ms frontier=  0.000ms semisort=  0.002ms (keyed= 0.000ms group_by=  0.000ms per_group= 0.001ms)
[pe] round= 47 work=        2 frontier=        8 next=        2 consolidate=  0.003ms frontier=  0.000ms semisort=  0.003ms (keyed= 0.000ms group_by=  0.000ms per_group= 0.001ms)
[pe] round= 48 work=        2 frontier=        4 next=        2 consolidate=  0.003ms frontier=  0.000ms semisort=  0.002ms (keyed= 0.000ms group_by=  0.000ms per_group= 0.001ms)
[pe] round= 49 work=        2 frontier=       26 next=        3 consolidate=  0.003ms frontier=  0.000ms semisort=  0.005ms (keyed= 0.000ms group_by=  0.001ms per_group= 0.001ms)
[pe] round= 50 work=        3 frontier=        8 next=        2 consolidate=  0.003ms frontier=  0.000ms semisort=  0.003ms (keyed= 0.000ms group_by=  0.000ms per_group= 0.001ms)
[pe] round= 51 work=        2 frontier=        8 next=        2 consolidate=  0.003ms frontier=  0.000ms semisort=  0.003ms (keyed= 0.000ms group_by=  0.000ms per_group= 0.001ms)
[pe] round= 52 work=        2 frontier=        4 next=        2 consolidate=  0.002ms frontier=  0.000ms semisort=  0.002ms (keyed= 0.000ms group_by=  0.000ms per_group= 0.001ms)
[pe] round= 53 work=        2 frontier=       26 next=        3 consolidate=  0.003ms frontier=  0.000ms semisort=  0.005ms (keyed= 0.000ms group_by=  0.001ms per_group= 0.002ms)
[pe] round= 54 work=        3 frontier=        8 next=        2 consolidate=  0.003ms frontier=  0.000ms semisort=  0.003ms (keyed= 0.000ms group_by=  0.000ms per_group= 0.001ms)
[pe] round= 55 work=        2 frontier=        8 next=        2 consolidate=  0.003ms frontier=  0.000ms semisort=  0.002ms (keyed= 0.000ms group_by=  0.000ms per_group= 0.001ms)
[pe] round= 56 work=        2 frontier=        4 next=        2 consolidate=  0.002ms frontier=  0.000ms semisort=  0.002ms (keyed= 0.000ms group_by=  0.000ms per_group= 0.001ms)
[pe] round= 57 work=        2 frontier=       26 next=        3 consolidate=  0.002ms frontier=  0.000ms semisort=  0.005ms (keyed= 0.000ms group_by=  0.001ms per_group= 0.002ms)
[pe] round= 58 work=        3 frontier=        8 next=        2 consolidate=  0.003ms frontier=  0.000ms semisort=  0.003ms (keyed= 0.000ms group_by=  0.000ms per_group= 0.001ms)
[pe] round= 59 work=        2 frontier=        8 next=        2 consolidate=  0.002ms frontier=  0.000ms semisort=  0.002ms (keyed= 0.000ms group_by=  0.000ms per_group= 0.001ms)
[pe] round= 60 work=        2 frontier=        4 next=        2 consolidate=  0.002ms frontier=  0.000ms semisort=  0.002ms (keyed= 0.000ms group_by=  0.000ms per_group= 0.001ms)
[pe] round= 61 work=        2 frontier=       26 next=        3 consolidate=  0.003ms frontier=  0.000ms semisort=  0.005ms (keyed= 0.000ms group_by=  0.001ms per_group= 0.001ms)
[pe] round= 62 work=        3 frontier=        8 next=        2 consolidate=  0.003ms frontier=  0.000ms semisort=  0.003ms (keyed= 0.000ms group_by=  0.000ms per_group= 0.001ms)
[pe] round= 63 work=        2 frontier=        8 next=        2 consolidate=  0.003ms frontier=  0.000ms semisort=  0.002ms (keyed= 0.000ms group_by=  0.000ms per_group= 0.001ms)
[pe] round= 64 work=        2 frontier=        4 next=        2 consolidate=  0.002ms frontier=  0.000ms semisort=  0.002ms (keyed= 0.000ms group_by=  0.000ms per_group= 0.001ms)
[pe] round= 65 work=        2 frontier=       26 next=        3 consolidate=  0.003ms frontier=  0.000ms semisort=  0.005ms (keyed= 0.000ms group_by=  0.001ms per_group= 0.001ms)
[pe] round= 66 work=        3 frontier=        8 next=        2 consolidate=  0.003ms frontier=  0.000ms semisort=  0.002ms (keyed= 0.000ms group_by=  0.000ms per_group= 0.001ms)
[pe] round= 67 work=        2 frontier=        8 next=        2 consolidate=  0.003ms frontier=  0.000ms semisort=  0.003ms (keyed= 0.000ms group_by=  0.000ms per_group= 0.001ms)
[pe] round= 68 work=        2 frontier=        4 next=        2 consolidate=  0.003ms frontier=  0.000ms semisort=  0.002ms (keyed= 0.000ms group_by=  0.000ms per_group= 0.001ms)
[pe] round= 69 work=        2 frontier=       26 next=        3 consolidate=  0.002ms frontier=  0.000ms semisort=  0.005ms (keyed= 0.000ms group_by=  0.001ms per_group= 0.001ms)
[pe] round= 70 work=        3 frontier=        8 next=        2 consolidate=  0.003ms frontier=  0.000ms semisort=  0.002ms (keyed= 0.000ms group_by=  0.000ms per_group= 0.001ms)
[pe] round= 71 work=        2 frontier=        8 next=        2 consolidate=  0.003ms frontier=  0.000ms semisort=  0.003ms (keyed= 0.000ms group_by=  0.000ms per_group= 0.001ms)
[pe] round= 72 work=        2 frontier=        4 next=        2 consolidate=  0.002ms frontier=  0.000ms semisort=  0.002ms (keyed= 0.000ms group_by=  0.000ms per_group= 0.001ms)
[pe] round= 73 work=        2 frontier=       26 next=        3 consolidate=  0.002ms frontier=  0.000ms semisort=  0.005ms (keyed= 0.000ms group_by=  0.001ms per_group= 0.001ms)
[pe] round= 74 work=        3 frontier=        8 next=        2 consolidate=  0.003ms frontier=  0.000ms semisort=  0.003ms (keyed= 0.000ms group_by=  0.000ms per_group= 0.001ms)
[pe] round= 75 work=        2 frontier=        8 next=        2 consolidate=  0.002ms frontier=  0.000ms semisort=  0.003ms (keyed= 0.000ms group_by=  0.000ms per_group= 0.001ms)
[pe] round= 76 work=        2 frontier=        4 next=        2 consolidate=  0.003ms frontier=  0.000ms semisort=  0.002ms (keyed= 0.000ms group_by=  0.000ms per_group= 0.001ms)
[pe] round= 77 work=        2 frontier=       26 next=        3 consolidate=  0.003ms frontier=  0.000ms semisort=  0.005ms (keyed= 0.000ms group_by=  0.001ms per_group= 0.001ms)
[pe] round= 78 work=        3 frontier=        8 next=        2 consolidate=  0.003ms frontier=  0.000ms semisort=  0.003ms (keyed= 0.000ms group_by=  0.000ms per_group= 0.001ms)
[pe] round= 79 work=        2 frontier=        8 next=        2 consolidate=  0.002ms frontier=  0.000ms semisort=  0.003ms (keyed= 0.000ms group_by=  0.000ms per_group= 0.001ms)
[pe] round= 80 work=        2 frontier=        4 next=        2 consolidate=  0.002ms frontier=  0.000ms semisort=  0.002ms (keyed= 0.000ms group_by=  0.000ms per_group= 0.001ms)
[pe] round= 81 work=        2 frontier=       26 next=        3 consolidate=  0.003ms frontier=  0.000ms semisort=  0.006ms (keyed= 0.000ms group_by=  0.001ms per_group= 0.001ms)
[pe] round= 82 work=        3 frontier=        8 next=        2 consolidate=  0.003ms frontier=  0.000ms semisort=  0.003ms (keyed= 0.000ms group_by=  0.000ms per_group= 0.001ms)
[pe] round= 83 work=        2 frontier=        8 next=        2 consolidate=  0.003ms frontier=  0.000ms semisort=  0.003ms (keyed= 0.000ms group_by=  0.000ms per_group= 0.001ms)
[pe] round= 84 work=        2 frontier=        4 next=        2 consolidate=  0.002ms frontier=  0.000ms semisort=  0.002ms (keyed= 0.000ms group_by=  0.000ms per_group= 0.001ms)
[pe] round= 85 work=        2 frontier=       26 next=        3 consolidate=  0.003ms frontier=  0.000ms semisort=  0.005ms (keyed= 0.000ms group_by=  0.001ms per_group= 0.001ms)
[pe] round= 86 work=        3 frontier=        8 next=        2 consolidate=  0.003ms frontier=  0.000ms semisort=  0.002ms (keyed= 0.000ms group_by=  0.000ms per_group= 0.001ms)
[pe] round= 87 work=        2 frontier=        8 next=        2 consolidate=  0.003ms frontier=  0.000ms semisort=  0.003ms (keyed= 0.000ms group_by=  0.000ms per_group= 0.001ms)
[pe] round= 88 work=        2 frontier=        4 next=        2 consolidate=  0.003ms frontier=  0.000ms semisort=  0.002ms (keyed= 0.000ms group_by=  0.000ms per_group= 0.001ms)
[pe] round= 89 work=        2 frontier=       26 next=        3 consolidate=  0.002ms frontier=  0.000ms semisort=  0.005ms (keyed= 0.000ms group_by=  0.001ms per_group= 0.001ms)
[pe] round= 90 work=        3 frontier=        8 next=        2 consolidate=  0.003ms frontier=  0.000ms semisort=  0.003ms (keyed= 0.000ms group_by=  0.000ms per_group= 0.001ms)
[pe] round= 91 work=        2 frontier=        8 next=        2 consolidate=  0.003ms frontier=  0.000ms semisort=  0.002ms (keyed= 0.000ms group_by=  0.000ms per_group= 0.001ms)
[pe] round= 92 work=        2 frontier=        4 next=        2 consolidate=  0.003ms frontier=  0.000ms semisort=  0.002ms (keyed= 0.000ms group_by=  0.000ms per_group= 0.001ms)
[pe] round= 93 work=        2 frontier=       26 next=        3 consolidate=  0.003ms frontier=  0.000ms semisort=  0.005ms (keyed= 0.000ms group_by=  0.001ms per_group= 0.001ms)
[pe] round= 94 work=        3 frontier=        8 next=        2 consolidate=  0.003ms frontier=  0.000ms semisort=  0.003ms (keyed= 0.000ms group_by=  0.000ms per_group= 0.001ms)
[pe] round= 95 work=        2 frontier=        8 next=        2 consolidate=  0.003ms frontier=  0.000ms semisort=  0.003ms (keyed= 0.000ms group_by=  0.000ms per_group= 0.001ms)
[pe] round= 96 work=        2 frontier=        4 next=        2 consolidate=  0.003ms frontier=  0.000ms semisort=  0.002ms (keyed= 0.000ms group_by=  0.000ms per_group= 0.001ms)
[pe] round= 97 work=        2 frontier=       26 next=        3 consolidate=  0.003ms frontier=  0.000ms semisort=  0.005ms (keyed= 0.000ms group_by=  0.001ms per_group= 0.001ms)
[pe] round= 98 work=        3 frontier=        8 next=        2 consolidate=  0.003ms frontier=  0.000ms semisort=  0.002ms (keyed= 0.000ms group_by=  0.000ms per_group= 0.001ms)
[pe] round= 99 work=        2 frontier=        8 next=        2 consolidate=  0.002ms frontier=  0.000ms semisort=  0.002ms (keyed= 0.000ms group_by=  0.000ms per_group= 0.001ms)
[pe] round=100 work=        2 frontier=        4 next=        2 consolidate=  0.003ms frontier=  0.000ms semisort=  0.002ms (keyed= 0.000ms group_by=  0.000ms per_group= 0.001ms)
[pe] round=101 work=        2 frontier=       26 next=        3 consolidate=  0.003ms frontier=  0.000ms semisort=  0.005ms (keyed= 0.000ms group_by=  0.001ms per_group= 0.001ms)
[pe] round=102 work=        3 frontier=        8 next=        2 consolidate=  0.003ms frontier=  0.000ms semisort=  0.002ms (keyed= 0.000ms group_by=  0.000ms per_group= 0.001ms)
[pe] round=103 work=        2 frontier=        8 next=        2 consolidate=  0.003ms frontier=  0.000ms semisort=  0.002ms (keyed= 0.000ms group_by=  0.000ms per_group= 0.001ms)
[pe] round=104 work=        2 frontier=        4 next=        2 consolidate=  0.002ms frontier=  0.000ms semisort=  0.002ms (keyed= 0.000ms group_by=  0.000ms per_group= 0.001ms)
[pe] round=105 work=        2 frontier=       26 next=        3 consolidate=  0.002ms frontier=  0.000ms semisort=  0.005ms (keyed= 0.000ms group_by=  0.001ms per_group= 0.001ms)
[pe] round=106 work=        3 frontier=        8 next=        2 consolidate=  0.003ms frontier=  0.000ms semisort=  0.002ms (keyed= 0.000ms group_by=  0.000ms per_group= 0.001ms)
[pe] round=107 work=        2 frontier=        8 next=        2 consolidate=  0.002ms frontier=  0.000ms semisort=  0.003ms (keyed= 0.000ms group_by=  0.000ms per_group= 0.001ms)
[pe] round=108 work=        2 frontier=        4 next=        2 consolidate=  0.002ms frontier=  0.000ms semisort=  0.002ms (keyed= 0.000ms group_by=  0.000ms per_group= 0.001ms)
[pe] round=109 work=        2 frontier=       26 next=        3 consolidate=  0.003ms frontier=  0.000ms semisort=  0.005ms (keyed= 0.000ms group_by=  0.001ms per_group= 0.001ms)
[pe] round=110 work=        3 frontier=        8 next=        2 consolidate=  0.003ms frontier=  0.000ms semisort=  0.003ms (keyed= 0.000ms group_by=  0.000ms per_group= 0.001ms)
[pe] round=111 work=        2 frontier=        8 next=        2 consolidate=  0.002ms frontier=  0.000ms semisort=  0.003ms (keyed= 0.000ms group_by=  0.000ms per_group= 0.001ms)
[pe] round=112 work=        2 frontier=        4 next=        2 consolidate=  0.002ms frontier=  0.000ms semisort=  0.002ms (keyed= 0.000ms group_by=  0.000ms per_group= 0.001ms)
[pe] round=113 work=        2 frontier=       26 next=        3 consolidate=  0.003ms frontier=  0.000ms semisort=  0.005ms (keyed= 0.000ms group_by=  0.001ms per_group= 0.001ms)
[pe] round=114 work=        3 frontier=        8 next=        2 consolidate=  0.003ms frontier=  0.000ms semisort=  0.003ms (keyed= 0.000ms group_by=  0.000ms per_group= 0.001ms)
[pe] round=115 work=        2 frontier=        8 next=        2 consolidate=  0.002ms frontier=  0.000ms semisort=  0.003ms (keyed= 0.000ms group_by=  0.000ms per_group= 0.001ms)
[pe] round=116 work=        2 frontier=        4 next=        2 consolidate=  0.002ms frontier=  0.000ms semisort=  0.002ms (keyed= 0.000ms group_by=  0.000ms per_group= 0.001ms)
[pe] round=117 work=        2 frontier=       26 next=        3 consolidate=  0.003ms frontier=  0.000ms semisort=  0.005ms (keyed= 0.000ms group_by=  0.001ms per_group= 0.001ms)
[pe] round=118 work=        3 frontier=        8 next=        2 consolidate=  0.003ms frontier=  0.000ms semisort=  0.003ms (keyed= 0.000ms group_by=  0.000ms per_group= 0.001ms)
[pe] round=119 work=        2 frontier=        8 next=        2 consolidate=  0.002ms frontier=  0.000ms semisort=  0.002ms (keyed= 0.000ms group_by=  0.000ms per_group= 0.001ms)
[pe] round=120 work=        2 frontier=        4 next=        2 consolidate=  0.003ms frontier=  0.000ms semisort=  0.002ms (keyed= 0.000ms group_by=  0.000ms per_group= 0.001ms)
[pe] round=121 work=        2 frontier=       26 next=        3 consolidate=  0.003ms frontier=  0.000ms semisort=  0.005ms (keyed= 0.000ms group_by=  0.001ms per_group= 0.001ms)
[pe] round=122 work=        3 frontier=        8 next=        2 consolidate=  0.003ms frontier=  0.000ms semisort=  0.002ms (keyed= 0.000ms group_by=  0.000ms per_group= 0.001ms)
[pe] round=123 work=        2 frontier=        8 next=        2 consolidate=  0.003ms frontier=  0.000ms semisort=  0.002ms (keyed= 0.000ms group_by=  0.000ms per_group= 0.001ms)
[pe] round=124 work=        2 frontier=        4 next=        2 consolidate=  0.003ms frontier=  0.000ms semisort=  0.002ms (keyed= 0.000ms group_by=  0.000ms per_group= 0.001ms)
[pe] round=125 work=        2 frontier=       26 next=        3 consolidate=  0.002ms frontier=  0.000ms semisort=  0.005ms (keyed= 0.000ms group_by=  0.001ms per_group= 0.001ms)
[pe] round=126 work=        3 frontier=        8 next=        2 consolidate=  0.003ms frontier=  0.000ms semisort=  0.003ms (keyed= 0.000ms group_by=  0.000ms per_group= 0.001ms)
[pe] round=127 work=        2 frontier=        8 next=        2 consolidate=  0.002ms frontier=  0.000ms semisort=  0.002ms (keyed= 0.000ms group_by=  0.000ms per_group= 0.001ms)
[pe] round=128 work=        2 frontier=        4 next=        2 consolidate=  0.002ms frontier=  0.000ms semisort=  0.002ms (keyed= 0.000ms group_by=  0.000ms per_group= 0.001ms)
[pe] round=129 work=        2 frontier=       26 next=        3 consolidate=  0.003ms frontier=  0.000ms semisort=  0.005ms (keyed= 0.000ms group_by=  0.001ms per_group= 0.001ms)
[pe] round=130 work=        3 frontier=        8 next=        2 consolidate=  0.003ms frontier=  0.000ms semisort=  0.002ms (keyed= 0.000ms group_by=  0.000ms per_group= 0.001ms)
[pe] round=131 work=        2 frontier=        8 next=        2 consolidate=  0.003ms frontier=  0.000ms semisort=  0.003ms (keyed= 0.000ms group_by=  0.000ms per_group= 0.001ms)
[pe] round=132 work=        2 frontier=        4 next=        2 consolidate=  0.002ms frontier=  0.000ms semisort=  0.002ms (keyed= 0.000ms group_by=  0.000ms per_group= 0.001ms)
[pe] round=133 work=        2 frontier=       26 next=        3 consolidate=  0.003ms frontier=  0.000ms semisort=  0.005ms (keyed= 0.000ms group_by=  0.001ms per_group= 0.001ms)
[pe] round=134 work=        3 frontier=        8 next=        2 consolidate=  0.003ms frontier=  0.000ms semisort=  0.002ms (keyed= 0.000ms group_by=  0.000ms per_group= 0.001ms)
[pe] round=135 work=        2 frontier=        8 next=        2 consolidate=  0.003ms frontier=  0.000ms semisort=  0.002ms (keyed= 0.000ms group_by=  0.000ms per_group= 0.001ms)
[pe] round=136 work=        2 frontier=        4 next=        2 consolidate=  0.002ms frontier=  0.000ms semisort=  0.002ms (keyed= 0.000ms group_by=  0.000ms per_group= 0.001ms)
[pe] round=137 work=        2 frontier=       26 next=        3 consolidate=  0.003ms frontier=  0.000ms semisort=  0.005ms (keyed= 0.000ms group_by=  0.001ms per_group= 0.001ms)
[pe] round=138 work=        3 frontier=        8 next=        2 consolidate=  0.003ms frontier=  0.000ms semisort=  0.002ms (keyed= 0.000ms group_by=  0.000ms per_group= 0.001ms)
[pe] round=139 work=        2 frontier=        8 next=        2 consolidate=  0.002ms frontier=  0.000ms semisort=  0.002ms (keyed= 0.000ms group_by=  0.000ms per_group= 0.001ms)
[pe] round=140 work=        2 frontier=        4 next=        2 consolidate=  0.002ms frontier=  0.000ms semisort=  0.002ms (keyed= 0.000ms group_by=  0.000ms per_group= 0.001ms)
[pe] round=141 work=        2 frontier=       26 next=        3 consolidate=  0.002ms frontier=  0.000ms semisort=  0.005ms (keyed= 0.000ms group_by=  0.001ms per_group= 0.001ms)
[pe] round=142 work=        3 frontier=        8 next=        2 consolidate=  0.003ms frontier=  0.000ms semisort=  0.003ms (keyed= 0.000ms group_by=  0.000ms per_group= 0.001ms)
[pe] round=143 work=        2 frontier=        8 next=        2 consolidate=  0.002ms frontier=  0.000ms semisort=  0.002ms (keyed= 0.000ms group_by=  0.000ms per_group= 0.001ms)
[pe] round=144 work=        2 frontier=        4 next=        2 consolidate=  0.003ms frontier=  0.000ms semisort=  0.002ms (keyed= 0.000ms group_by=  0.000ms per_group= 0.001ms)
[pe] round=145 work=        2 frontier=       26 next=        3 consolidate=  0.003ms frontier=  0.000ms semisort=  0.006ms (keyed= 0.000ms group_by=  0.001ms per_group= 0.001ms)
[pe] round=146 work=        3 frontier=        8 next=        2 consolidate=  0.003ms frontier=  0.000ms semisort=  0.003ms (keyed= 0.000ms group_by=  0.000ms per_group= 0.001ms)
[pe] round=147 work=        2 frontier=        8 next=        2 consolidate=  0.003ms frontier=  0.000ms semisort=  0.002ms (keyed= 0.000ms group_by=  0.000ms per_group= 0.001ms)
[pe] round=148 work=        2 frontier=        4 next=        2 consolidate=  0.002ms frontier=  0.000ms semisort=  0.002ms (keyed= 0.000ms group_by=  0.000ms per_group= 0.001ms)
[pe] round=149 work=        2 frontier=       26 next=        3 consolidate=  0.003ms frontier=  0.000ms semisort=  0.005ms (keyed= 0.000ms group_by=  0.001ms per_group= 0.001ms)
[pe] round=150 work=        3 frontier=        8 next=        2 consolidate=  0.003ms frontier=  0.000ms semisort=  0.002ms (keyed= 0.000ms group_by=  0.000ms per_group= 0.001ms)
[pe] round=151 work=        2 frontier=        8 next=        2 consolidate=  0.003ms frontier=  0.000ms semisort=  0.003ms (keyed= 0.000ms group_by=  0.000ms per_group= 0.001ms)
[pe] round=152 work=        2 frontier=        4 next=        2 consolidate=  0.002ms frontier=  0.000ms semisort=  0.002ms (keyed= 0.000ms group_by=  0.000ms per_group= 0.001ms)
[pe] round=153 work=        2 frontier=       26 next=        3 consolidate=  0.002ms frontier=  0.000ms semisort=  0.006ms (keyed= 0.000ms group_by=  0.001ms per_group= 0.001ms)
[pe] round=154 work=        3 frontier=        8 next=        2 consolidate=  0.003ms frontier=  0.000ms semisort=  0.006ms (keyed= 0.000ms group_by=  0.000ms per_group= 0.004ms)
[pe] round=155 work=        2 frontier=        8 next=        2 consolidate=  0.003ms frontier=  0.000ms semisort=  0.002ms (keyed= 0.000ms group_by=  0.000ms per_group= 0.001ms)
[pe] round=156 work=        2 frontier=        4 next=        2 consolidate=  0.002ms frontier=  0.000ms semisort=  0.002ms (keyed= 0.000ms group_by=  0.000ms per_group= 0.001ms)
[pe] round=157 work=        2 frontier=       26 next=        3 consolidate=  0.003ms frontier=  0.000ms semisort=  0.006ms (keyed= 0.000ms group_by=  0.001ms per_group= 0.001ms)
[pe] round=158 work=        3 frontier=        8 next=        2 consolidate=  0.003ms frontier=  0.000ms semisort=  0.002ms (keyed= 0.000ms group_by=  0.000ms per_group= 0.001ms)
[pe] round=159 work=        2 frontier=        8 next=        2 consolidate=  0.002ms frontier=  0.000ms semisort=  0.002ms (keyed= 0.000ms group_by=  0.000ms per_group= 0.001ms)
[pe] round=160 work=        2 frontier=        4 next=        2 consolidate=  0.002ms frontier=  0.000ms semisort=  0.002ms (keyed= 0.000ms group_by=  0.000ms per_group= 0.001ms)
[pe] round=161 work=        2 frontier=       26 next=        3 consolidate=  0.003ms frontier=  0.000ms semisort=  0.005ms (keyed= 0.000ms group_by=  0.001ms per_group= 0.001ms)
[pe] round=162 work=        3 frontier=        8 next=        2 consolidate=  0.003ms frontier=  0.000ms semisort=  0.002ms (keyed= 0.000ms group_by=  0.000ms per_group= 0.001ms)
[pe] round=163 work=        2 frontier=        8 next=        2 consolidate=  0.002ms frontier=  0.000ms semisort=  0.002ms (keyed= 0.000ms group_by=  0.000ms per_group= 0.001ms)
[pe] round=164 work=        2 frontier=        4 next=        2 consolidate=  0.002ms frontier=  0.000ms semisort=  0.002ms (keyed= 0.000ms group_by=  0.000ms per_group= 0.001ms)
[pe] round=165 work=        2 frontier=       26 next=        3 consolidate=  0.003ms frontier=  0.000ms semisort=  0.005ms (keyed= 0.000ms group_by=  0.001ms per_group= 0.001ms)
[pe] round=166 work=        3 frontier=        8 next=        2 consolidate=  0.003ms frontier=  0.000ms semisort=  0.002ms (keyed= 0.000ms group_by=  0.000ms per_group= 0.001ms)
[pe] round=167 work=        2 frontier=        8 next=        2 consolidate=  0.002ms frontier=  0.000ms semisort=  0.003ms (keyed= 0.000ms group_by=  0.000ms per_group= 0.001ms)
[pe] round=168 work=        2 frontier=        4 next=        2 consolidate=  0.002ms frontier=  0.000ms semisort=  0.002ms (keyed= 0.000ms group_by=  0.000ms per_group= 0.001ms)
[pe] round=169 work=        2 frontier=       26 next=        3 consolidate=  0.002ms frontier=  0.000ms semisort=  0.005ms (keyed= 0.000ms group_by=  0.001ms per_group= 0.001ms)
[pe] round=170 work=        3 frontier=        8 next=        2 consolidate=  0.003ms frontier=  0.000ms semisort=  0.002ms (keyed= 0.000ms group_by=  0.000ms per_group= 0.001ms)
[pe] round=171 work=        2 frontier=        8 next=        2 consolidate=  0.003ms frontier=  0.000ms semisort=  0.003ms (keyed= 0.000ms group_by=  0.000ms per_group= 0.001ms)
[pe] round=172 work=        2 frontier=        4 next=        2 consolidate=  0.002ms frontier=  0.000ms semisort=  0.002ms (keyed= 0.000ms group_by=  0.000ms per_group= 0.001ms)
[pe] round=173 work=        2 frontier=       26 next=        3 consolidate=  0.003ms frontier=  0.000ms semisort=  0.005ms (keyed= 0.000ms group_by=  0.001ms per_group= 0.001ms)
[pe] round=174 work=        3 frontier=        8 next=        2 consolidate=  0.003ms frontier=  0.000ms semisort=  0.002ms (keyed= 0.000ms group_by=  0.000ms per_group= 0.001ms)
[pe] round=175 work=        2 frontier=        8 next=        2 consolidate=  0.002ms frontier=  0.000ms semisort=  0.002ms (keyed= 0.000ms group_by=  0.000ms per_group= 0.001ms)
[pe] round=176 work=        2 frontier=        4 next=        2 consolidate=  0.002ms frontier=  0.000ms semisort=  0.002ms (keyed= 0.000ms group_by=  0.000ms per_group= 0.001ms)
[pe] round=177 work=        2 frontier=       26 next=        3 consolidate=  0.003ms frontier=  0.000ms semisort=  0.005ms (keyed= 0.000ms group_by=  0.001ms per_group= 0.001ms)
[pe] round=178 work=        3 frontier=        8 next=        2 consolidate=  0.003ms frontier=  0.000ms semisort=  0.002ms (keyed= 0.000ms group_by=  0.000ms per_group= 0.001ms)
[pe] round=179 work=        2 frontier=        8 next=        2 consolidate=  0.003ms frontier=  0.000ms semisort=  0.002ms (keyed= 0.000ms group_by=  0.000ms per_group= 0.001ms)
[pe] round=180 work=        2 frontier=        4 next=        2 consolidate=  0.003ms frontier=  0.000ms semisort=  0.002ms (keyed= 0.000ms group_by=  0.000ms per_group= 0.001ms)
[pe] round=181 work=        2 frontier=       26 next=        3 consolidate=  0.003ms frontier=  0.000ms semisort=  0.005ms (keyed= 0.000ms group_by=  0.001ms per_group= 0.001ms)
[pe] round=182 work=        3 frontier=        8 next=        2 consolidate=  0.003ms frontier=  0.000ms semisort=  0.002ms (keyed= 0.000ms group_by=  0.000ms per_group= 0.001ms)
[pe] round=183 work=        2 frontier=        8 next=        2 consolidate=  0.003ms frontier=  0.000ms semisort=  0.003ms (keyed= 0.000ms group_by=  0.000ms per_group= 0.001ms)
[pe] round=184 work=        2 frontier=        4 next=        2 consolidate=  0.002ms frontier=  0.000ms semisort=  0.002ms (keyed= 0.000ms group_by=  0.000ms per_group= 0.001ms)
[pe] round=185 work=        2 frontier=       26 next=        3 consolidate=  0.003ms frontier=  0.000ms semisort=  0.005ms (keyed= 0.000ms group_by=  0.001ms per_group= 0.001ms)
[pe] round=186 work=        3 frontier=        8 next=        2 consolidate=  0.003ms frontier=  0.000ms semisort=  0.002ms (keyed= 0.000ms group_by=  0.000ms per_group= 0.001ms)
[pe] round=187 work=        2 frontier=        8 next=        2 consolidate=  0.002ms frontier=  0.000ms semisort=  0.003ms (keyed= 0.000ms group_by=  0.000ms per_group= 0.001ms)
[pe] round=188 work=        2 frontier=        4 next=        2 consolidate=  0.002ms frontier=  0.000ms semisort=  0.002ms (keyed= 0.000ms group_by=  0.000ms per_group= 0.001ms)
[pe] round=189 work=        2 frontier=       26 next=        3 consolidate=  0.003ms frontier=  0.000ms semisort=  0.005ms (keyed= 0.000ms group_by=  0.001ms per_group= 0.001ms)
[pe] round=190 work=        3 frontier=        8 next=        2 consolidate=  0.003ms frontier=  0.000ms semisort=  0.002ms (keyed= 0.000ms group_by=  0.000ms per_group= 0.001ms)
[pe] round=191 work=        2 frontier=        8 next=        2 consolidate=  0.002ms frontier=  0.000ms semisort=  0.002ms (keyed= 0.000ms group_by=  0.000ms per_group= 0.001ms)
[pe] round=192 work=        2 frontier=        4 next=        2 consolidate=  0.002ms frontier=  0.000ms semisort=  0.002ms (keyed= 0.000ms group_by=  0.000ms per_group= 0.001ms)
[pe] round=193 work=        2 frontier=       26 next=        3 consolidate=  0.002ms frontier=  0.000ms semisort=  0.005ms (keyed= 0.000ms group_by=  0.001ms per_group= 0.001ms)
[pe] round=194 work=        3 frontier=        8 next=        2 consolidate=  0.003ms frontier=  0.000ms semisort=  0.002ms (keyed= 0.000ms group_by=  0.000ms per_group= 0.001ms)
[pe] round=195 work=        2 frontier=        8 next=        2 consolidate=  0.003ms frontier=  0.000ms semisort=  0.002ms (keyed= 0.000ms group_by=  0.000ms per_group= 0.001ms)
[pe] round=196 work=        2 frontier=        4 next=        2 consolidate=  0.002ms frontier=  0.000ms semisort=  0.002ms (keyed= 0.000ms group_by=  0.000ms per_group= 0.001ms)
[pe] round=197 work=        2 frontier=       26 next=        3 consolidate=  0.003ms frontier=  0.000ms semisort=  0.005ms (keyed= 0.000ms group_by=  0.001ms per_group= 0.001ms)
[pe] round=198 work=        3 frontier=        8 next=        2 consolidate=  0.003ms frontier=  0.000ms semisort=  0.002ms (keyed= 0.000ms group_by=  0.000ms per_group= 0.001ms)
[pe] round=199 work=        2 frontier=        8 next=        2 consolidate=  0.002ms frontier=  0.000ms semisort=  0.002ms (keyed= 0.000ms group_by=  0.000ms per_group= 0.001ms)
[pe] round=200 work=        2 frontier=        4 next=        2 consolidate=  0.003ms frontier=  0.000ms semisort=  0.002ms (keyed= 0.000ms group_by=  0.000ms per_group= 0.001ms)
[pe] round=201 work=        2 frontier=       26 next=        3 consolidate=  0.002ms frontier=  0.000ms semisort=  0.005ms (keyed= 0.000ms group_by=  0.001ms per_group= 0.001ms)
[pe] round=202 work=        3 frontier=        8 next=        2 consolidate=  0.003ms frontier=  0.000ms semisort=  0.002ms (keyed= 0.000ms group_by=  0.000ms per_group= 0.001ms)
[pe] round=203 work=        2 frontier=        8 next=        2 consolidate=  0.002ms frontier=  0.000ms semisort=  0.002ms (keyed= 0.000ms group_by=  0.000ms per_group= 0.001ms)
[pe] round=204 work=        2 frontier=        4 next=        2 consolidate=  0.002ms frontier=  0.000ms semisort=  0.002ms (keyed= 0.000ms group_by=  0.000ms per_group= 0.001ms)
[pe] round=205 work=        2 frontier=       26 next=        3 consolidate=  0.003ms frontier=  0.000ms semisort=  0.005ms (keyed= 0.000ms group_by=  0.001ms per_group= 0.001ms)
[pe] round=206 work=        3 frontier=        8 next=        2 consolidate=  0.003ms frontier=  0.000ms semisort=  0.003ms (keyed= 0.000ms group_by=  0.001ms per_group= 0.001ms)
[pe] round=207 work=        2 frontier=        8 next=        2 consolidate=  0.002ms frontier=  0.000ms semisort=  0.002ms (keyed= 0.000ms group_by=  0.000ms per_group= 0.001ms)
[pe] round=208 work=        2 frontier=        4 next=        2 consolidate=  0.002ms frontier=  0.000ms semisort=  0.002ms (keyed= 0.000ms group_by=  0.000ms per_group= 0.001ms)
[pe] round=209 work=        2 frontier=       26 next=        3 consolidate=  0.003ms frontier=  0.000ms semisort=  0.005ms (keyed= 0.000ms group_by=  0.001ms per_group= 0.001ms)
[pe] round=210 work=        3 frontier=        8 next=        2 consolidate=  0.003ms frontier=  0.000ms semisort=  0.002ms (keyed= 0.000ms group_by=  0.000ms per_group= 0.001ms)
[pe] round=211 work=        2 frontier=        8 next=        2 consolidate=  0.003ms frontier=  0.000ms semisort=  0.002ms (keyed= 0.000ms group_by=  0.000ms per_group= 0.001ms)
[pe] round=212 work=        2 frontier=        4 next=        2 consolidate=  0.002ms frontier=  0.000ms semisort=  0.002ms (keyed= 0.000ms group_by=  0.000ms per_group= 0.001ms)
[pe] round=213 work=        2 frontier=       26 next=        3 consolidate=  0.003ms frontier=  0.000ms semisort=  0.005ms (keyed= 0.000ms group_by=  0.001ms per_group= 0.001ms)
[pe] round=214 work=        3 frontier=        8 next=        2 consolidate=  0.003ms frontier=  0.000ms semisort=  0.002ms (keyed= 0.000ms group_by=  0.000ms per_group= 0.001ms)
[pe] round=215 work=        2 frontier=        8 next=        2 consolidate=  0.003ms frontier=  0.000ms semisort=  0.003ms (keyed= 0.000ms group_by=  0.000ms per_group= 0.001ms)
[pe] round=216 work=        2 frontier=        4 next=        2 consolidate=  0.002ms frontier=  0.000ms semisort=  0.002ms (keyed= 0.000ms group_by=  0.000ms per_group= 0.001ms)
[pe] round=217 work=        2 frontier=       26 next=        3 consolidate=  0.003ms frontier=  0.000ms semisort=  0.005ms (keyed= 0.000ms group_by=  0.001ms per_group= 0.001ms)
[pe] round=218 work=        3 frontier=        8 next=        2 consolidate=  0.003ms frontier=  0.000ms semisort=  0.003ms (keyed= 0.000ms group_by=  0.000ms per_group= 0.001ms)
[pe] round=219 work=        2 frontier=        8 next=        2 consolidate=  0.002ms frontier=  0.000ms semisort=  0.002ms (keyed= 0.000ms group_by=  0.000ms per_group= 0.001ms)
[pe] round=220 work=        2 frontier=        4 next=        2 consolidate=  0.002ms frontier=  0.000ms semisort=  0.002ms (keyed= 0.000ms group_by=  0.000ms per_group= 0.001ms)
[pe] round=221 work=        2 frontier=       26 next=        3 consolidate=  0.002ms frontier=  0.000ms semisort=  0.005ms (keyed= 0.000ms group_by=  0.001ms per_group= 0.001ms)
[pe] round=222 work=        3 frontier=        8 next=        2 consolidate=  0.003ms frontier=  0.000ms semisort=  0.002ms (keyed= 0.000ms group_by=  0.000ms per_group= 0.001ms)
[pe] round=223 work=        2 frontier=        8 next=        2 consolidate=  0.002ms frontier=  0.000ms semisort=  0.002ms (keyed= 0.000ms group_by=  0.000ms per_group= 0.001ms)
[pe] round=224 work=        2 frontier=        4 next=        2 consolidate=  0.003ms frontier=  0.000ms semisort=  0.002ms (keyed= 0.000ms group_by=  0.000ms per_group= 0.001ms)
[pe] round=225 work=        2 frontier=       26 next=        3 consolidate=  0.003ms frontier=  0.000ms semisort=  0.005ms (keyed= 0.000ms group_by=  0.001ms per_group= 0.001ms)
[pe] round=226 work=        3 frontier=        8 next=        2 consolidate=  0.003ms frontier=  0.000ms semisort=  0.002ms (keyed= 0.000ms group_by=  0.000ms per_group= 0.001ms)
[pe] round=227 work=        2 frontier=        8 next=        2 consolidate=  0.002ms frontier=  0.000ms semisort=  0.002ms (keyed= 0.000ms group_by=  0.000ms per_group= 0.001ms)
[pe] round=228 work=        2 frontier=        4 next=        2 consolidate=  0.002ms frontier=  0.000ms semisort=  0.002ms (keyed= 0.000ms group_by=  0.000ms per_group= 0.001ms)
[pe] round=229 work=        2 frontier=       26 next=        3 consolidate=  0.003ms frontier=  0.000ms semisort=  0.005ms (keyed= 0.000ms group_by=  0.001ms per_group= 0.001ms)
[pe] round=230 work=        3 frontier=        8 next=        2 consolidate=  0.003ms frontier=  0.000ms semisort=  0.002ms (keyed= 0.000ms group_by=  0.000ms per_group= 0.001ms)
[pe] round=231 work=        2 frontier=        8 next=        2 consolidate=  0.002ms frontier=  0.000ms semisort=  0.002ms (keyed= 0.000ms group_by=  0.000ms per_group= 0.001ms)
[pe] round=232 work=        2 frontier=        4 next=        2 consolidate=  0.002ms frontier=  0.000ms semisort=  0.002ms (keyed= 0.000ms group_by=  0.000ms per_group= 0.001ms)
[pe] round=233 work=        2 frontier=       26 next=        3 consolidate=  0.002ms frontier=  0.000ms semisort=  0.005ms (keyed= 0.000ms group_by=  0.001ms per_group= 0.001ms)
[pe] round=234 work=        3 frontier=        8 next=        2 consolidate=  0.003ms frontier=  0.000ms semisort=  0.002ms (keyed= 0.000ms group_by=  0.000ms per_group= 0.001ms)
[pe] round=235 work=        2 frontier=        8 next=        2 consolidate=  0.002ms frontier=  0.000ms semisort=  0.002ms (keyed= 0.000ms group_by=  0.000ms per_group= 0.001ms)
[pe] round=236 work=        2 frontier=        4 next=        2 consolidate=  0.002ms frontier=  0.000ms semisort=  0.002ms (keyed= 0.000ms group_by=  0.000ms per_group= 0.001ms)
[pe] round=237 work=        2 frontier=       26 next=        3 consolidate=  0.002ms frontier=  0.000ms semisort=  0.005ms (keyed= 0.000ms group_by=  0.001ms per_group= 0.001ms)
[pe] round=238 work=        3 frontier=        8 next=        2 consolidate=  0.003ms frontier=  0.000ms semisort=  0.002ms (keyed= 0.000ms group_by=  0.000ms per_group= 0.001ms)
[pe] round=239 work=        2 frontier=        8 next=        2 consolidate=  0.002ms frontier=  0.000ms semisort=  0.002ms (keyed= 0.000ms group_by=  0.000ms per_group= 0.001ms)
[pe] round=240 work=        2 frontier=        4 next=        2 consolidate=  0.002ms frontier=  0.000ms semisort=  0.002ms (keyed= 0.000ms group_by=  0.000ms per_group= 0.001ms)
[pe] round=241 work=        2 frontier=       26 next=        3 consolidate=  0.003ms frontier=  0.000ms semisort=  0.005ms (keyed= 0.000ms group_by=  0.001ms per_group= 0.001ms)
[pe] round=242 work=        3 frontier=        8 next=        2 consolidate=  0.003ms frontier=  0.000ms semisort=  0.002ms (keyed= 0.000ms group_by=  0.000ms per_group= 0.001ms)
[pe] round=243 work=        2 frontier=        8 next=        2 consolidate=  0.003ms frontier=  0.000ms semisort=  0.002ms (keyed= 0.000ms group_by=  0.000ms per_group= 0.001ms)
[pe] round=244 work=        2 frontier=        4 next=        2 consolidate=  0.002ms frontier=  0.000ms semisort=  0.002ms (keyed= 0.000ms group_by=  0.000ms per_group= 0.001ms)
[pe] round=245 work=        2 frontier=       26 next=        3 consolidate=  0.003ms frontier=  0.000ms semisort=  0.005ms (keyed= 0.000ms group_by=  0.001ms per_group= 0.001ms)
[pe] round=246 work=        3 frontier=        8 next=        2 consolidate=  0.003ms frontier=  0.000ms semisort=  0.003ms (keyed= 0.000ms group_by=  0.000ms per_group= 0.001ms)
[pe] round=247 work=        2 frontier=        8 next=        2 consolidate=  0.002ms frontier=  0.000ms semisort=  0.003ms (keyed= 0.000ms group_by=  0.000ms per_group= 0.001ms)
[pe] round=248 work=        2 frontier=        4 next=        2 consolidate=  0.003ms frontier=  0.000ms semisort=  0.002ms (keyed= 0.000ms group_by=  0.000ms per_group= 0.001ms)
[pe] round=249 work=        2 frontier=       26 next=        3 consolidate=  0.003ms frontier=  0.000ms semisort=  0.005ms (keyed= 0.000ms group_by=  0.001ms per_group= 0.001ms)
[pe] round=250 work=        3 frontier=        8 next=        2 consolidate=  0.003ms frontier=  0.000ms semisort=  0.002ms (keyed= 0.000ms group_by=  0.000ms per_group= 0.001ms)
[pe] round=251 work=        2 frontier=        8 next=        2 consolidate=  0.002ms frontier=  0.000ms semisort=  0.003ms (keyed= 0.000ms group_by=  0.000ms per_group= 0.001ms)
[pe] round=252 work=        2 frontier=        4 next=        2 consolidate=  0.003ms frontier=  0.000ms semisort=  0.002ms (keyed= 0.000ms group_by=  0.000ms per_group= 0.001ms)
[pe] round=253 work=        2 frontier=       26 next=        3 consolidate=  0.003ms frontier=  0.000ms semisort=  0.005ms (keyed= 0.000ms group_by=  0.001ms per_group= 0.001ms)
[pe] round=254 work=        3 frontier=        8 next=        2 consolidate=  0.003ms frontier=  0.000ms semisort=  0.003ms (keyed= 0.000ms group_by=  0.000ms per_group= 0.001ms)
[pe] round=255 work=        2 frontier=        8 next=        2 consolidate=  0.003ms frontier=  0.000ms semisort=  0.003ms (keyed= 0.000ms group_by=  0.000ms per_group= 0.001ms)
[pe] round=256 work=        2 frontier=        4 next=        2 consolidate=  0.003ms frontier=  0.000ms semisort=  0.002ms (keyed= 0.000ms group_by=  0.000ms per_group= 0.001ms)
[pe] round=257 work=        2 frontier=       18 next=        2 consolidate=  0.002ms frontier=  0.000ms semisort=  0.006ms (keyed= 0.000ms group_by=  0.001ms per_group= 0.001ms)
[pe] round=258 work=        2 frontier=        4 next=        0 consolidate=  0.002ms frontier=  0.000ms semisort=  0.002ms (keyed= 0.000ms group_by=  0.000ms per_group= 0.001ms)
[pe] round=  0 work= 10493552 frontier=  5437767 next=    24065 consolidate=3276.194ms frontier=376.804ms semisort=856.926ms (keyed=143.512ms group_by= 20.676ms per_group=79.584ms)
[pe] round=  1 work=    24065 frontier=   237543 next=    16558 consolidate= 26.362ms frontier=  1.071ms semisort= 42.742ms (keyed= 0.662ms group_by= 13.415ms per_group= 9.186ms)
[pe] round=  2 work=    16558 frontier=    56774 next=     1307 consolidate= 16.163ms frontier=  0.730ms semisort=  9.164ms (keyed= 0.094ms group_by=  2.416ms per_group= 1.401ms)
[pe] round=  3 work=     1307 frontier=    29389 next=      920 consolidate=  1.290ms frontier=  0.045ms semisort=  3.852ms (keyed= 0.050ms group_by=  1.015ms per_group= 0.673ms)
[pe] round=  4 work=      920 frontier=    12744 next=     1826 consolidate=  0.882ms frontier=  0.030ms semisort=  2.464ms (keyed= 0.020ms group_by=  0.520ms per_group= 0.797ms)
[pe] round=  5 work=     1826 frontier=     7383 next=      421 consolidate=  1.636ms frontier=  0.054ms semisort=  1.300ms (keyed= 0.021ms group_by=  0.288ms per_group= 0.232ms)
[pe] round=  6 work=      421 frontier=     1777 next=      150 consolidate=  0.410ms frontier=  0.017ms semisort=  0.269ms (keyed= 0.003ms group_by=  0.058ms per_group= 0.063ms)
[pe] round=  7 work=      150 frontier=      328 next=      115 consolidate=  0.129ms frontier=  0.006ms semisort=  0.062ms (keyed= 0.001ms group_by=  0.011ms per_group= 0.028ms)
[pe] round=  8 work=      115 frontier=     1774 next=      138 consolidate=  0.106ms frontier=  0.005ms semisort=  0.219ms (keyed= 0.002ms group_by=  0.051ms per_group= 0.055ms)
[pe] round=  9 work=      138 frontier=      912 next=       39 consolidate=  0.124ms frontier=  0.006ms semisort=  0.100ms (keyed= 0.001ms group_by=  0.027ms per_group= 0.023ms)
[pe] round= 10 work=       39 frontier=      124 next=       38 consolidate=  0.034ms frontier=  0.002ms semisort=  0.024ms (keyed= 0.000ms group_by=  0.005ms per_group= 0.010ms)
[pe] round= 11 work=       38 frontier=      670 next=       40 consolidate=  0.034ms frontier=  0.002ms semisort=  0.078ms (keyed= 0.001ms group_by=  0.020ms per_group= 0.019ms)
[pe] round= 12 work=       40 frontier=      279 next=       16 consolidate=  0.038ms frontier=  0.002ms semisort=  0.030ms (keyed= 0.001ms group_by=  0.008ms per_group= 0.008ms)
[pe] round= 13 work=       16 frontier=       67 next=       13 consolidate=  0.014ms frontier=  0.001ms semisort=  0.014ms (keyed= 0.000ms group_by=  0.003ms per_group= 0.005ms)
[pe] round= 14 work=       13 frontier=      333 next=       12 consolidate=  0.014ms frontier=  0.001ms semisort=  0.038ms (keyed= 0.001ms group_by=  0.009ms per_group= 0.008ms)
[pe] round= 15 work=       12 frontier=      124 next=        5 consolidate=  0.012ms frontier=  0.001ms semisort=  0.014ms (keyed= 0.000ms group_by=  0.004ms per_group= 0.004ms)
[pe] round= 16 work=        5 frontier=       10 next=        5 consolidate=  0.005ms frontier=  0.001ms semisort=  0.004ms (keyed= 0.000ms group_by=  0.001ms per_group= 0.002ms)
[pe] round= 17 work=        5 frontier=      431 next=        6 consolidate=  0.006ms frontier=  0.001ms semisort=  0.042ms (keyed= 0.001ms group_by=  0.009ms per_group= 0.008ms)
[pe] round= 18 work=        6 frontier=      140 next=        4 consolidate=  0.006ms frontier=  0.001ms semisort=  0.014ms (keyed= 0.000ms group_by=  0.004ms per_group= 0.004ms)
[pe] round= 19 work=        4 frontier=       12 next=        3 consolidate=  0.005ms frontier=  0.001ms semisort=  0.004ms (keyed= 0.000ms group_by=  0.001ms per_group= 0.001ms)
[pe] round= 20 work=        3 frontier=        6 next=        3 consolidate=  0.003ms frontier=  0.001ms semisort=  0.003ms (keyed= 0.000ms group_by=  0.001ms per_group= 0.001ms)
[pe] round= 21 work=        3 frontier=       39 next=        4 consolidate=  0.004ms frontier=  0.001ms semisort=  0.008ms (keyed= 0.000ms group_by=  0.001ms per_group= 0.002ms)
[pe] round= 22 work=        4 frontier=       12 next=        3 consolidate=  0.005ms frontier=  0.001ms semisort=  0.004ms (keyed= 0.000ms group_by=  0.001ms per_group= 0.001ms)
[pe] round= 23 work=        3 frontier=       12 next=        3 consolidate=  0.004ms frontier=  0.001ms semisort=  0.004ms (keyed= 0.000ms group_by=  0.000ms per_group= 0.001ms)
[pe] round= 24 work=        3 frontier=        6 next=        3 consolidate=  0.003ms frontier=  0.000ms semisort=  0.002ms (keyed= 0.000ms group_by=  0.000ms per_group= 0.001ms)
[pe] round= 25 work=        3 frontier=       37 next=        5 consolidate=  0.003ms frontier=  0.000ms semisort=  0.008ms (keyed= 0.000ms group_by=  0.001ms per_group= 0.002ms)
[pe] round= 26 work=        5 frontier=       15 next=        2 consolidate=  0.005ms frontier=  0.001ms semisort=  0.004ms (keyed= 0.000ms group_by=  0.001ms per_group= 0.001ms)
[pe] round= 27 work=        2 frontier=        8 next=        2 consolidate=  0.003ms frontier=  0.000ms semisort=  0.003ms (keyed= 0.000ms group_by=  0.000ms per_group= 0.001ms)
[pe] round= 28 work=        2 frontier=        4 next=        2 consolidate=  0.002ms frontier=  0.000ms semisort=  0.002ms (keyed= 0.000ms group_by=  0.000ms per_group= 0.001ms)
[pe] round= 29 work=        2 frontier=       26 next=        3 consolidate=  0.003ms frontier=  0.000ms semisort=  0.006ms (keyed= 0.000ms group_by=  0.001ms per_group= 0.002ms)
[pe] round= 30 work=        3 frontier=        8 next=        2 consolidate=  0.003ms frontier=  0.001ms semisort=  0.003ms (keyed= 0.000ms group_by=  0.000ms per_group= 0.001ms)
[pe] round= 31 work=        2 frontier=        8 next=        2 consolidate=  0.002ms frontier=  0.000ms semisort=  0.003ms (keyed= 0.000ms group_by=  0.000ms per_group= 0.001ms)
[pe] round= 32 work=        2 frontier=        4 next=        2 consolidate=  0.002ms frontier=  0.000ms semisort=  0.002ms (keyed= 0.000ms group_by=  0.000ms per_group= 0.001ms)
[pe] round= 33 work=        2 frontier=       26 next=        3 consolidate=  0.003ms frontier=  0.000ms semisort=  0.005ms (keyed= 0.000ms group_by=  0.001ms per_group= 0.002ms)
[pe] round= 34 work=        3 frontier=        8 next=        2 consolidate=  0.003ms frontier=  0.000ms semisort=  0.003ms (keyed= 0.000ms group_by=  0.000ms per_group= 0.001ms)
[pe] round= 35 work=        2 frontier=        8 next=        2 consolidate=  0.003ms frontier=  0.000ms semisort=  0.003ms (keyed= 0.000ms group_by=  0.000ms per_group= 0.001ms)
[pe] round= 36 work=        2 frontier=        4 next=        2 consolidate=  0.002ms frontier=  0.000ms semisort=  0.002ms (keyed= 0.000ms group_by=  0.000ms per_group= 0.001ms)
[pe] round= 37 work=        2 frontier=       26 next=        3 consolidate=  0.003ms frontier=  0.000ms semisort=  0.006ms (keyed= 0.000ms group_by=  0.001ms per_group= 0.001ms)
[pe] round= 38 work=        3 frontier=        8 next=        2 consolidate=  0.003ms frontier=  0.000ms semisort=  0.002ms (keyed= 0.000ms group_by=  0.000ms per_group= 0.001ms)
[pe] round= 39 work=        2 frontier=        8 next=        2 consolidate=  0.002ms frontier=  0.000ms semisort=  0.002ms (keyed= 0.000ms group_by=  0.000ms per_group= 0.001ms)
[pe] round= 40 work=        2 frontier=        4 next=        2 consolidate=  0.003ms frontier=  0.000ms semisort=  0.002ms (keyed= 0.000ms group_by=  0.000ms per_group= 0.001ms)
[pe] round= 41 work=        2 frontier=       26 next=        3 consolidate=  0.002ms frontier=  0.000ms semisort=  0.005ms (keyed= 0.000ms group_by=  0.001ms per_group= 0.002ms)
[pe] round= 42 work=        3 frontier=        8 next=        2 consolidate=  0.003ms frontier=  0.000ms semisort=  0.003ms (keyed= 0.000ms group_by=  0.000ms per_group= 0.001ms)
[pe] round= 43 work=        2 frontier=        8 next=        2 consolidate=  0.003ms frontier=  0.000ms semisort=  0.003ms (keyed= 0.000ms group_by=  0.000ms per_group= 0.001ms)
[pe] round= 44 work=        2 frontier=        4 next=        2 consolidate=  0.002ms frontier=  0.000ms semisort=  0.002ms (keyed= 0.000ms group_by=  0.000ms per_group= 0.001ms)
[pe] round= 45 work=        2 frontier=       26 next=        3 consolidate=  0.003ms frontier=  0.000ms semisort=  0.005ms (keyed= 0.000ms group_by=  0.001ms per_group= 0.001ms)
[pe] round= 46 work=        3 frontier=        8 next=        2 consolidate=  0.003ms frontier=  0.000ms semisort=  0.002ms (keyed= 0.000ms group_by=  0.000ms per_group= 0.001ms)
[pe] round= 47 work=        2 frontier=        8 next=        2 consolidate=  0.002ms frontier=  0.000ms semisort=  0.003ms (keyed= 0.000ms group_by=  0.000ms per_group= 0.001ms)
[pe] round= 48 work=        2 frontier=        4 next=        2 consolidate=  0.002ms frontier=  0.000ms semisort=  0.002ms (keyed= 0.000ms group_by=  0.000ms per_group= 0.001ms)
[pe] round= 49 work=        2 frontier=       26 next=        3 consolidate=  0.003ms frontier=  0.000ms semisort=  0.005ms (keyed= 0.000ms group_by=  0.001ms per_group= 0.002ms)
[pe] round= 50 work=        3 frontier=        8 next=        2 consolidate=  0.003ms frontier=  0.000ms semisort=  0.003ms (keyed= 0.000ms group_by=  0.000ms per_group= 0.001ms)
[pe] round= 51 work=        2 frontier=        8 next=        2 consolidate=  0.002ms frontier=  0.000ms semisort=  0.002ms (keyed= 0.000ms group_by=  0.000ms per_group= 0.001ms)
[pe] round= 52 work=        2 frontier=        4 next=        2 consolidate=  0.002ms frontier=  0.000ms semisort=  0.002ms (keyed= 0.000ms group_by=  0.000ms per_group= 0.001ms)
[pe] round= 53 work=        2 frontier=       26 next=        3 consolidate=  0.003ms frontier=  0.000ms semisort=  0.005ms (keyed= 0.000ms group_by=  0.001ms per_group= 0.002ms)
[pe] round= 54 work=        3 frontier=        8 next=        2 consolidate=  0.003ms frontier=  0.000ms semisort=  0.003ms (keyed= 0.000ms group_by=  0.000ms per_group= 0.001ms)
[pe] round= 55 work=        2 frontier=        8 next=        2 consolidate=  0.003ms frontier=  0.000ms semisort=  0.003ms (keyed= 0.000ms group_by=  0.000ms per_group= 0.001ms)
[pe] round= 56 work=        2 frontier=        4 next=        2 consolidate=  0.003ms frontier=  0.000ms semisort=  0.002ms (keyed= 0.000ms group_by=  0.000ms per_group= 0.001ms)
[pe] round= 57 work=        2 frontier=       26 next=        3 consolidate=  0.003ms frontier=  0.000ms semisort=  0.005ms (keyed= 0.000ms group_by=  0.001ms per_group= 0.001ms)
[pe] round= 58 work=        3 frontier=        8 next=        2 consolidate=  0.003ms frontier=  0.000ms semisort=  0.003ms (keyed= 0.000ms group_by=  0.000ms per_group= 0.001ms)
[pe] round= 59 work=        2 frontier=        8 next=        2 consolidate=  0.003ms frontier=  0.000ms semisort=  0.006ms (keyed= 0.000ms group_by=  0.000ms per_group= 0.004ms)
[pe] round= 60 work=        2 frontier=        4 next=        2 consolidate=  0.003ms frontier=  0.001ms semisort=  0.002ms (keyed= 0.000ms group_by=  0.000ms per_group= 0.001ms)
[pe] round= 61 work=        2 frontier=       26 next=        3 consolidate=  0.003ms frontier=  0.000ms semisort=  0.005ms (keyed= 0.000ms group_by=  0.001ms per_group= 0.001ms)
[pe] round= 62 work=        3 frontier=        8 next=        2 consolidate=  0.004ms frontier=  0.000ms semisort=  0.003ms (keyed= 0.000ms group_by=  0.000ms per_group= 0.001ms)
[pe] round= 63 work=        2 frontier=        8 next=        2 consolidate=  0.003ms frontier=  0.000ms semisort=  0.003ms (keyed= 0.000ms group_by=  0.000ms per_group= 0.001ms)
[pe] round= 64 work=        2 frontier=        4 next=        2 consolidate=  0.002ms frontier=  0.000ms semisort=  0.002ms (keyed= 0.000ms group_by=  0.000ms per_group= 0.001ms)
[pe] round= 65 work=        2 frontier=       26 next=        3 consolidate=  0.003ms frontier=  0.000ms semisort=  0.005ms (keyed= 0.000ms group_by=  0.001ms per_group= 0.001ms)
[pe] round= 66 work=        3 frontier=        8 next=        2 consolidate=  0.003ms frontier=  0.000ms semisort=  0.003ms (keyed= 0.000ms group_by=  0.000ms per_group= 0.001ms)
[pe] round= 67 work=        2 frontier=        8 next=        2 consolidate=  0.003ms frontier=  0.000ms semisort=  0.003ms (keyed= 0.000ms group_by=  0.000ms per_group= 0.001ms)
[pe] round= 68 work=        2 frontier=        4 next=        2 consolidate=  0.002ms frontier=  0.000ms semisort=  0.002ms (keyed= 0.000ms group_by=  0.000ms per_group= 0.001ms)
[pe] round= 69 work=        2 frontier=       26 next=        3 consolidate=  0.003ms frontier=  0.000ms semisort=  0.005ms (keyed= 0.000ms group_by=  0.001ms per_group= 0.001ms)
[pe] round= 70 work=        3 frontier=        8 next=        2 consolidate=  0.003ms frontier=  0.000ms semisort=  0.002ms (keyed= 0.000ms group_by=  0.000ms per_group= 0.001ms)
[pe] round= 71 work=        2 frontier=        8 next=        2 consolidate=  0.003ms frontier=  0.000ms semisort=  0.003ms (keyed= 0.000ms group_by=  0.000ms per_group= 0.001ms)
[pe] round= 72 work=        2 frontier=        4 next=        2 consolidate=  0.003ms frontier=  0.000ms semisort=  0.002ms (keyed= 0.000ms group_by=  0.000ms per_group= 0.001ms)
[pe] round= 73 work=        2 frontier=       26 next=        3 consolidate=  0.003ms frontier=  0.000ms semisort=  0.005ms (keyed= 0.000ms group_by=  0.001ms per_group= 0.002ms)
[pe] round= 74 work=        3 frontier=        8 next=        2 consolidate=  0.003ms frontier=  0.000ms semisort=  0.002ms (keyed= 0.000ms group_by=  0.000ms per_group= 0.001ms)
[pe] round= 75 work=        2 frontier=        8 next=        2 consolidate=  0.002ms frontier=  0.000ms semisort=  0.003ms (keyed= 0.000ms group_by=  0.000ms per_group= 0.001ms)
[pe] round= 76 work=        2 frontier=        4 next=        2 consolidate=  0.002ms frontier=  0.000ms semisort=  0.002ms (keyed= 0.000ms group_by=  0.000ms per_group= 0.001ms)
[pe] round= 77 work=        2 frontier=       26 next=        3 consolidate=  0.003ms frontier=  0.000ms semisort=  0.006ms (keyed= 0.000ms group_by=  0.001ms per_group= 0.001ms)
[pe] round= 78 work=        3 frontier=        8 next=        2 consolidate=  0.003ms frontier=  0.000ms semisort=  0.002ms (keyed= 0.000ms group_by=  0.000ms per_group= 0.001ms)
[pe] round= 79 work=        2 frontier=        8 next=        2 consolidate=  0.003ms frontier=  0.000ms semisort=  0.002ms (keyed= 0.000ms group_by=  0.000ms per_group= 0.001ms)
[pe] round= 80 work=        2 frontier=        4 next=        2 consolidate=  0.003ms frontier=  0.000ms semisort=  0.002ms (keyed= 0.000ms group_by=  0.000ms per_group= 0.001ms)
[pe] round= 81 work=        2 frontier=       26 next=        3 consolidate=  0.003ms frontier=  0.000ms semisort=  0.006ms (keyed= 0.000ms group_by=  0.001ms per_group= 0.001ms)
[pe] round= 82 work=        3 frontier=        8 next=        2 consolidate=  0.003ms frontier=  0.000ms semisort=  0.003ms (keyed= 0.000ms group_by=  0.000ms per_group= 0.001ms)
[pe] round= 83 work=        2 frontier=        8 next=        2 consolidate=  0.003ms frontier=  0.000ms semisort=  0.003ms (keyed= 0.000ms group_by=  0.000ms per_group= 0.001ms)
[pe] round= 84 work=        2 frontier=        4 next=        2 consolidate=  0.002ms frontier=  0.000ms semisort=  0.002ms (keyed= 0.000ms group_by=  0.000ms per_group= 0.001ms)
[pe] round= 85 work=        2 frontier=       26 next=        3 consolidate=  0.003ms frontier=  0.000ms semisort=  0.005ms (keyed= 0.000ms group_by=  0.001ms per_group= 0.001ms)
[pe] round= 86 work=        3 frontier=        8 next=        2 consolidate=  0.003ms frontier=  0.000ms semisort=  0.003ms (keyed= 0.000ms group_by=  0.000ms per_group= 0.001ms)
[pe] round= 87 work=        2 frontier=        8 next=        2 consolidate=  0.003ms frontier=  0.000ms semisort=  0.002ms (keyed= 0.000ms group_by=  0.000ms per_group= 0.001ms)
[pe] round= 88 work=        2 frontier=        4 next=        2 consolidate=  0.003ms frontier=  0.000ms semisort=  0.002ms (keyed= 0.000ms group_by=  0.000ms per_group= 0.001ms)
[pe] round= 89 work=        2 frontier=       26 next=        3 consolidate=  0.003ms frontier=  0.000ms semisort=  0.005ms (keyed= 0.000ms group_by=  0.001ms per_group= 0.001ms)
[pe] round= 90 work=        3 frontier=        8 next=        2 consolidate=  0.003ms frontier=  0.000ms semisort=  0.003ms (keyed= 0.000ms group_by=  0.000ms per_group= 0.001ms)
[pe] round= 91 work=        2 frontier=        8 next=        2 consolidate=  0.003ms frontier=  0.000ms semisort=  0.002ms (keyed= 0.000ms group_by=  0.000ms per_group= 0.001ms)
[pe] round= 92 work=        2 frontier=        4 next=        2 consolidate=  0.002ms frontier=  0.000ms semisort=  0.002ms (keyed= 0.000ms group_by=  0.000ms per_group= 0.001ms)
[pe] round= 93 work=        2 frontier=       26 next=        3 consolidate=  0.003ms frontier=  0.000ms semisort=  0.005ms (keyed= 0.000ms group_by=  0.001ms per_group= 0.001ms)
[pe] round= 94 work=        3 frontier=        8 next=        2 consolidate=  0.003ms frontier=  0.000ms semisort=  0.002ms (keyed= 0.000ms group_by=  0.000ms per_group= 0.001ms)
[pe] round= 95 work=        2 frontier=        8 next=        2 consolidate=  0.002ms frontier=  0.000ms semisort=  0.002ms (keyed= 0.000ms group_by=  0.000ms per_group= 0.001ms)
[pe] round= 96 work=        2 frontier=        4 next=        2 consolidate=  0.002ms frontier=  0.000ms semisort=  0.002ms (keyed= 0.000ms group_by=  0.000ms per_group= 0.001ms)
[pe] round= 97 work=        2 frontier=       26 next=        3 consolidate=  0.003ms frontier=  0.000ms semisort=  0.005ms (keyed= 0.000ms group_by=  0.001ms per_group= 0.001ms)
[pe] round= 98 work=        3 frontier=        8 next=        2 consolidate=  0.003ms frontier=  0.000ms semisort=  0.002ms (keyed= 0.000ms group_by=  0.000ms per_group= 0.001ms)
[pe] round= 99 work=        2 frontier=        8 next=        2 consolidate=  0.003ms frontier=  0.000ms semisort=  0.003ms (keyed= 0.000ms group_by=  0.000ms per_group= 0.001ms)
[pe] round=100 work=        2 frontier=        4 next=        2 consolidate=  0.002ms frontier=  0.000ms semisort=  0.002ms (keyed= 0.000ms group_by=  0.000ms per_group= 0.001ms)
[pe] round=101 work=        2 frontier=       26 next=        3 consolidate=  0.003ms frontier=  0.000ms semisort=  0.005ms (keyed= 0.000ms group_by=  0.001ms per_group= 0.001ms)
[pe] round=102 work=        3 frontier=        8 next=        2 consolidate=  0.003ms frontier=  0.000ms semisort=  0.002ms (keyed= 0.000ms group_by=  0.000ms per_group= 0.001ms)
[pe] round=103 work=        2 frontier=        8 next=        2 consolidate=  0.003ms frontier=  0.000ms semisort=  0.002ms (keyed= 0.000ms group_by=  0.000ms per_group= 0.001ms)
[pe] round=104 work=        2 frontier=        4 next=        2 consolidate=  0.002ms frontier=  0.000ms semisort=  0.002ms (keyed= 0.000ms group_by=  0.000ms per_group= 0.001ms)
[pe] round=105 work=        2 frontier=       26 next=        3 consolidate=  0.003ms frontier=  0.000ms semisort=  0.005ms (keyed= 0.000ms group_by=  0.001ms per_group= 0.002ms)
[pe] round=106 work=        3 frontier=        8 next=        2 consolidate=  0.003ms frontier=  0.000ms semisort=  0.003ms (keyed= 0.000ms group_by=  0.000ms per_group= 0.001ms)
[pe] round=107 work=        2 frontier=        8 next=        2 consolidate=  0.003ms frontier=  0.000ms semisort=  0.003ms (keyed= 0.000ms group_by=  0.000ms per_group= 0.001ms)
[pe] round=108 work=        2 frontier=        4 next=        2 consolidate=  0.002ms frontier=  0.000ms semisort=  0.002ms (keyed= 0.000ms group_by=  0.000ms per_group= 0.001ms)
[pe] round=109 work=        2 frontier=       26 next=        3 consolidate=  0.003ms frontier=  0.000ms semisort=  0.005ms (keyed= 0.000ms group_by=  0.001ms per_group= 0.001ms)
[pe] round=110 work=        3 frontier=        8 next=        2 consolidate=  0.003ms frontier=  0.000ms semisort=  0.003ms (keyed= 0.000ms group_by=  0.000ms per_group= 0.001ms)
[pe] round=111 work=        2 frontier=        8 next=        2 consolidate=  0.002ms frontier=  0.000ms semisort=  0.002ms (keyed= 0.000ms group_by=  0.000ms per_group= 0.001ms)
[pe] round=112 work=        2 frontier=        4 next=        2 consolidate=  0.002ms frontier=  0.000ms semisort=  0.002ms (keyed= 0.000ms group_by=  0.000ms per_group= 0.001ms)
[pe] round=113 work=        2 frontier=       26 next=        3 consolidate=  0.003ms frontier=  0.000ms semisort=  0.005ms (keyed= 0.000ms group_by=  0.001ms per_group= 0.001ms)
[pe] round=114 work=        3 frontier=        8 next=        2 consolidate=  0.003ms frontier=  0.000ms semisort=  0.003ms (keyed= 0.000ms group_by=  0.000ms per_group= 0.001ms)
[pe] round=115 work=        2 frontier=        8 next=        2 consolidate=  0.003ms frontier=  0.000ms semisort=  0.003ms (keyed= 0.000ms group_by=  0.000ms per_group= 0.001ms)
[pe] round=116 work=        2 frontier=        4 next=        2 consolidate=  0.002ms frontier=  0.000ms semisort=  0.002ms (keyed= 0.000ms group_by=  0.000ms per_group= 0.001ms)
[pe] round=117 work=        2 frontier=       26 next=        3 consolidate=  0.003ms frontier=  0.000ms semisort=  0.005ms (keyed= 0.000ms group_by=  0.001ms per_group= 0.001ms)
[pe] round=118 work=        3 frontier=        8 next=        2 consolidate=  0.003ms frontier=  0.000ms semisort=  0.003ms (keyed= 0.000ms group_by=  0.000ms per_group= 0.001ms)
[pe] round=119 work=        2 frontier=        8 next=        2 consolidate=  0.002ms frontier=  0.000ms semisort=  0.003ms (keyed= 0.000ms group_by=  0.000ms per_group= 0.001ms)
[pe] round=120 work=        2 frontier=        4 next=        2 consolidate=  0.002ms frontier=  0.000ms semisort=  0.002ms (keyed= 0.000ms group_by=  0.000ms per_group= 0.001ms)
[pe] round=121 work=        2 frontier=       26 next=        3 consolidate=  0.002ms frontier=  0.000ms semisort=  0.005ms (keyed= 0.000ms group_by=  0.001ms per_group= 0.001ms)
[pe] round=122 work=        3 frontier=        8 next=        2 consolidate=  0.003ms frontier=  0.000ms semisort=  0.002ms (keyed= 0.000ms group_by=  0.000ms per_group= 0.001ms)
[pe] round=123 work=        2 frontier=        8 next=        2 consolidate=  0.002ms frontier=  0.000ms semisort=  0.002ms (keyed= 0.000ms group_by=  0.000ms per_group= 0.001ms)
[pe] round=124 work=        2 frontier=        4 next=        2 consolidate=  0.002ms frontier=  0.000ms semisort=  0.002ms (keyed= 0.000ms group_by=  0.000ms per_group= 0.001ms)
[pe] round=125 work=        2 frontier=       26 next=        3 consolidate=  0.003ms frontier=  0.000ms semisort=  0.005ms (keyed= 0.000ms group_by=  0.001ms per_group= 0.001ms)
[pe] round=126 work=        3 frontier=        8 next=        2 consolidate=  0.003ms frontier=  0.000ms semisort=  0.003ms (keyed= 0.000ms group_by=  0.000ms per_group= 0.001ms)
[pe] round=127 work=        2 frontier=        8 next=        2 consolidate=  0.002ms frontier=  0.000ms semisort=  0.002ms (keyed= 0.000ms group_by=  0.000ms per_group= 0.001ms)
[pe] round=128 work=        2 frontier=        4 next=        2 consolidate=  0.002ms frontier=  0.000ms semisort=  0.002ms (keyed= 0.000ms group_by=  0.000ms per_group= 0.001ms)
[pe] round=129 work=        2 frontier=       26 next=        3 consolidate=  0.003ms frontier=  0.000ms semisort=  0.005ms (keyed= 0.000ms group_by=  0.001ms per_group= 0.002ms)
[pe] round=130 work=        3 frontier=        8 next=        2 consolidate=  0.003ms frontier=  0.000ms semisort=  0.002ms (keyed= 0.000ms group_by=  0.000ms per_group= 0.001ms)
[pe] round=131 work=        2 frontier=        8 next=        2 consolidate=  0.003ms frontier=  0.000ms semisort=  0.003ms (keyed= 0.000ms group_by=  0.000ms per_group= 0.001ms)
[pe] round=132 work=        2 frontier=        4 next=        2 consolidate=  0.002ms frontier=  0.000ms semisort=  0.002ms (keyed= 0.000ms group_by=  0.000ms per_group= 0.001ms)
[pe] round=133 work=        2 frontier=       26 next=        3 consolidate=  0.003ms frontier=  0.000ms semisort=  0.005ms (keyed= 0.000ms group_by=  0.001ms per_group= 0.001ms)
[pe] round=134 work=        3 frontier=        8 next=        2 consolidate=  0.003ms frontier=  0.000ms semisort=  0.002ms (keyed= 0.000ms group_by=  0.000ms per_group= 0.001ms)
[pe] round=135 work=        2 frontier=        8 next=        2 consolidate=  0.003ms frontier=  0.000ms semisort=  0.002ms (keyed= 0.000ms group_by=  0.000ms per_group= 0.001ms)
[pe] round=136 work=        2 frontier=        4 next=        2 consolidate=  0.002ms frontier=  0.000ms semisort=  0.002ms (keyed= 0.000ms group_by=  0.000ms per_group= 0.001ms)
[pe] round=137 work=        2 frontier=       26 next=        3 consolidate=  0.003ms frontier=  0.000ms semisort=  0.005ms (keyed= 0.000ms group_by=  0.001ms per_group= 0.001ms)
[pe] round=138 work=        3 frontier=        8 next=        2 consolidate=  0.003ms frontier=  0.000ms semisort=  0.002ms (keyed= 0.000ms group_by=  0.000ms per_group= 0.001ms)
[pe] round=139 work=        2 frontier=        8 next=        2 consolidate=  0.003ms frontier=  0.000ms semisort=  0.003ms (keyed= 0.000ms group_by=  0.000ms per_group= 0.001ms)
[pe] round=140 work=        2 frontier=        4 next=        2 consolidate=  0.002ms frontier=  0.000ms semisort=  0.002ms (keyed= 0.000ms group_by=  0.000ms per_group= 0.001ms)
[pe] round=141 work=        2 frontier=       26 next=        3 consolidate=  0.002ms frontier=  0.000ms semisort=  0.005ms (keyed= 0.000ms group_by=  0.001ms per_group= 0.002ms)
[pe] round=142 work=        3 frontier=        8 next=        2 consolidate=  0.003ms frontier=  0.000ms semisort=  0.002ms (keyed= 0.000ms group_by=  0.000ms per_group= 0.001ms)
[pe] round=143 work=        2 frontier=        8 next=        2 consolidate=  0.002ms frontier=  0.000ms semisort=  0.003ms (keyed= 0.000ms group_by=  0.000ms per_group= 0.001ms)
[pe] round=144 work=        2 frontier=        4 next=        2 consolidate=  0.002ms frontier=  0.000ms semisort=  0.002ms (keyed= 0.000ms group_by=  0.000ms per_group= 0.001ms)
[pe] round=145 work=        2 frontier=       26 next=        3 consolidate=  0.003ms frontier=  0.000ms semisort=  0.006ms (keyed= 0.000ms group_by=  0.001ms per_group= 0.001ms)
[pe] round=146 work=        3 frontier=        8 next=        2 consolidate=  0.004ms frontier=  0.000ms semisort=  0.003ms (keyed= 0.000ms group_by=  0.000ms per_group= 0.001ms)
[pe] round=147 work=        2 frontier=        8 next=        2 consolidate=  0.003ms frontier=  0.000ms semisort=  0.002ms (keyed= 0.000ms group_by=  0.000ms per_group= 0.001ms)
[pe] round=148 work=        2 frontier=        4 next=        2 consolidate=  0.002ms frontier=  0.000ms semisort=  0.002ms (keyed= 0.000ms group_by=  0.000ms per_group= 0.001ms)
[pe] round=149 work=        2 frontier=       26 next=        3 consolidate=  0.003ms frontier=  0.000ms semisort=  0.005ms (keyed= 0.000ms group_by=  0.001ms per_group= 0.001ms)
[pe] round=150 work=        3 frontier=        8 next=        2 consolidate=  0.003ms frontier=  0.000ms semisort=  0.002ms (keyed= 0.000ms group_by=  0.000ms per_group= 0.001ms)
[pe] round=151 work=        2 frontier=        8 next=        2 consolidate=  0.003ms frontier=  0.000ms semisort=  0.002ms (keyed= 0.000ms group_by=  0.000ms per_group= 0.001ms)
[pe] round=152 work=        2 frontier=        4 next=        2 consolidate=  0.002ms frontier=  0.000ms semisort=  0.002ms (keyed= 0.000ms group_by=  0.000ms per_group= 0.001ms)
[pe] round=153 work=        2 frontier=       26 next=        3 consolidate=  0.003ms frontier=  0.000ms semisort=  0.005ms (keyed= 0.000ms group_by=  0.001ms per_group= 0.001ms)
[pe] round=154 work=        3 frontier=        8 next=        2 consolidate=  0.003ms frontier=  0.000ms semisort=  0.002ms (keyed= 0.000ms group_by=  0.000ms per_group= 0.001ms)
[pe] round=155 work=        2 frontier=        8 next=        2 consolidate=  0.002ms frontier=  0.000ms semisort=  0.003ms (keyed= 0.000ms group_by=  0.000ms per_group= 0.001ms)
[pe] round=156 work=        2 frontier=        4 next=        2 consolidate=  0.002ms frontier=  0.000ms semisort=  0.002ms (keyed= 0.000ms group_by=  0.000ms per_group= 0.001ms)
[pe] round=157 work=        2 frontier=       26 next=        3 consolidate=  0.003ms frontier=  0.000ms semisort=  0.005ms (keyed= 0.000ms group_by=  0.001ms per_group= 0.001ms)
[pe] round=158 work=        3 frontier=        8 next=        2 consolidate=  0.003ms frontier=  0.000ms semisort=  0.002ms (keyed= 0.000ms group_by=  0.000ms per_group= 0.001ms)
[pe] round=159 work=        2 frontier=        8 next=        2 consolidate=  0.002ms frontier=  0.000ms semisort=  0.002ms (keyed= 0.000ms group_by=  0.000ms per_group= 0.001ms)
[pe] round=160 work=        2 frontier=        4 next=        2 consolidate=  0.003ms frontier=  0.000ms semisort=  0.002ms (keyed= 0.000ms group_by=  0.000ms per_group= 0.001ms)
[pe] round=161 work=        2 frontier=       26 next=        3 consolidate=  0.003ms frontier=  0.000ms semisort=  0.006ms (keyed= 0.000ms group_by=  0.001ms per_group= 0.001ms)
[pe] round=162 work=        3 frontier=        8 next=        2 consolidate=  0.003ms frontier=  0.000ms semisort=  0.002ms (keyed= 0.000ms group_by=  0.000ms per_group= 0.001ms)
[pe] round=163 work=        2 frontier=        8 next=        2 consolidate=  0.003ms frontier=  0.000ms semisort=  0.002ms (keyed= 0.000ms group_by=  0.000ms per_group= 0.001ms)
[pe] round=164 work=        2 frontier=        4 next=        2 consolidate=  0.002ms frontier=  0.000ms semisort=  0.002ms (keyed= 0.000ms group_by=  0.000ms per_group= 0.001ms)
[pe] round=165 work=        2 frontier=       26 next=        3 consolidate=  0.003ms frontier=  0.000ms semisort=  0.005ms (keyed= 0.000ms group_by=  0.001ms per_group= 0.001ms)
[pe] round=166 work=        3 frontier=        8 next=        2 consolidate=  0.003ms frontier=  0.000ms semisort=  0.003ms (keyed= 0.000ms group_by=  0.000ms per_group= 0.001ms)
[pe] round=167 work=        2 frontier=        8 next=        2 consolidate=  0.002ms frontier=  0.000ms semisort=  0.003ms (keyed= 0.000ms group_by=  0.000ms per_group= 0.001ms)
[pe] round=168 work=        2 frontier=        4 next=        2 consolidate=  0.003ms frontier=  0.000ms semisort=  0.002ms (keyed= 0.000ms group_by=  0.000ms per_group= 0.001ms)
[pe] round=169 work=        2 frontier=       26 next=        3 consolidate=  0.002ms frontier=  0.000ms semisort=  0.005ms (keyed= 0.000ms group_by=  0.001ms per_group= 0.001ms)
[pe] round=170 work=        3 frontier=        8 next=        2 consolidate=  0.003ms frontier=  0.000ms semisort=  0.002ms (keyed= 0.000ms group_by=  0.000ms per_group= 0.001ms)
[pe] round=171 work=        2 frontier=        8 next=        2 consolidate=  0.003ms frontier=  0.000ms semisort=  0.003ms (keyed= 0.000ms group_by=  0.000ms per_group= 0.001ms)
[pe] round=172 work=        2 frontier=        4 next=        2 consolidate=  0.003ms frontier=  0.000ms semisort=  0.002ms (keyed= 0.000ms group_by=  0.000ms per_group= 0.001ms)
[pe] round=173 work=        2 frontier=       26 next=        3 consolidate=  0.003ms frontier=  0.000ms semisort=  0.005ms (keyed= 0.000ms group_by=  0.001ms per_group= 0.001ms)
[pe] round=174 work=        3 frontier=        8 next=        2 consolidate=  0.003ms frontier=  0.000ms semisort=  0.002ms (keyed= 0.000ms group_by=  0.000ms per_group= 0.001ms)
[pe] round=175 work=        2 frontier=        8 next=        2 consolidate=  0.003ms frontier=  0.000ms semisort=  0.002ms (keyed= 0.000ms group_by=  0.000ms per_group= 0.001ms)
[pe] round=176 work=        2 frontier=        4 next=        2 consolidate=  0.002ms frontier=  0.000ms semisort=  0.002ms (keyed= 0.000ms group_by=  0.000ms per_group= 0.001ms)
[pe] round=177 work=        2 frontier=       26 next=        3 consolidate=  0.002ms frontier=  0.000ms semisort=  0.005ms (keyed= 0.000ms group_by=  0.001ms per_group= 0.001ms)
[pe] round=178 work=        3 frontier=        8 next=        2 consolidate=  0.005ms frontier=  0.000ms semisort=  0.003ms (keyed= 0.000ms group_by=  0.000ms per_group= 0.001ms)
[pe] round=179 work=        2 frontier=        8 next=        2 consolidate=  0.003ms frontier=  0.000ms semisort=  0.002ms (keyed= 0.000ms group_by=  0.000ms per_group= 0.001ms)
[pe] round=180 work=        2 frontier=        4 next=        2 consolidate=  0.002ms frontier=  0.000ms semisort=  0.002ms (keyed= 0.000ms group_by=  0.000ms per_group= 0.001ms)
[pe] round=181 work=        2 frontier=       26 next=        3 consolidate=  0.002ms frontier=  0.000ms semisort=  0.005ms (keyed= 0.000ms group_by=  0.001ms per_group= 0.001ms)
[pe] round=182 work=        3 frontier=        8 next=        2 consolidate=  0.003ms frontier=  0.000ms semisort=  0.002ms (keyed= 0.000ms group_by=  0.000ms per_group= 0.001ms)
[pe] round=183 work=        2 frontier=        8 next=        2 consolidate=  0.002ms frontier=  0.000ms semisort=  0.003ms (keyed= 0.000ms group_by=  0.000ms per_group= 0.001ms)
[pe] round=184 work=        2 frontier=        4 next=        2 consolidate=  0.002ms frontier=  0.000ms semisort=  0.002ms (keyed= 0.000ms group_by=  0.000ms per_group= 0.001ms)
[pe] round=185 work=        2 frontier=       26 next=        3 consolidate=  0.003ms frontier=  0.000ms semisort=  0.005ms (keyed= 0.000ms group_by=  0.001ms per_group= 0.001ms)
[pe] round=186 work=        3 frontier=        8 next=        2 consolidate=  0.003ms frontier=  0.000ms semisort=  0.002ms (keyed= 0.000ms group_by=  0.000ms per_group= 0.001ms)
[pe] round=187 work=        2 frontier=        8 next=        2 consolidate=  0.003ms frontier=  0.000ms semisort=  0.003ms (keyed= 0.000ms group_by=  0.000ms per_group= 0.001ms)
[pe] round=188 work=        2 frontier=        4 next=        2 consolidate=  0.002ms frontier=  0.000ms semisort=  0.002ms (keyed= 0.000ms group_by=  0.000ms per_group= 0.001ms)
[pe] round=189 work=        2 frontier=       26 next=        3 consolidate=  0.003ms frontier=  0.000ms semisort=  0.005ms (keyed= 0.000ms group_by=  0.001ms per_group= 0.001ms)
[pe] round=190 work=        3 frontier=        8 next=        2 consolidate=  0.003ms frontier=  0.000ms semisort=  0.002ms (keyed= 0.000ms group_by=  0.000ms per_group= 0.001ms)
[pe] round=191 work=        2 frontier=        8 next=        2 consolidate=  0.003ms frontier=  0.000ms semisort=  0.002ms (keyed= 0.000ms group_by=  0.000ms per_group= 0.001ms)
[pe] round=192 work=        2 frontier=        4 next=        2 consolidate=  0.002ms frontier=  0.000ms semisort=  0.002ms (keyed= 0.000ms group_by=  0.000ms per_group= 0.001ms)
[pe] round=193 work=        2 frontier=       26 next=        3 consolidate=  0.003ms frontier=  0.000ms semisort=  0.005ms (keyed= 0.000ms group_by=  0.001ms per_group= 0.001ms)
[pe] round=194 work=        3 frontier=        8 next=        2 consolidate=  0.003ms frontier=  0.000ms semisort=  0.002ms (keyed= 0.000ms group_by=  0.000ms per_group= 0.001ms)
[pe] round=195 work=        2 frontier=        8 next=        2 consolidate=  0.003ms frontier=  0.000ms semisort=  0.003ms (keyed= 0.000ms group_by=  0.000ms per_group= 0.001ms)
[pe] round=196 work=        2 frontier=        4 next=        2 consolidate=  0.002ms frontier=  0.000ms semisort=  0.002ms (keyed= 0.000ms group_by=  0.000ms per_group= 0.001ms)
[pe] round=197 work=        2 frontier=       26 next=        3 consolidate=  0.003ms frontier=  0.000ms semisort=  0.006ms (keyed= 0.000ms group_by=  0.001ms per_group= 0.001ms)
[pe] round=198 work=        3 frontier=        8 next=        2 consolidate=  0.003ms frontier=  0.000ms semisort=  0.002ms (keyed= 0.000ms group_by=  0.000ms per_group= 0.001ms)
[pe] round=199 work=        2 frontier=        8 next=        2 consolidate=  0.003ms frontier=  0.000ms semisort=  0.002ms (keyed= 0.000ms group_by=  0.000ms per_group= 0.001ms)
[pe] round=200 work=        2 frontier=        4 next=        2 consolidate=  0.003ms frontier=  0.000ms semisort=  0.002ms (keyed= 0.000ms group_by=  0.000ms per_group= 0.001ms)
[pe] round=201 work=        2 frontier=       26 next=        3 consolidate=  0.002ms frontier=  0.000ms semisort=  0.005ms (keyed= 0.000ms group_by=  0.001ms per_group= 0.001ms)
[pe] round=202 work=        3 frontier=        8 next=        2 consolidate=  0.003ms frontier=  0.000ms semisort=  0.002ms (keyed= 0.000ms group_by=  0.000ms per_group= 0.001ms)
[pe] round=203 work=        2 frontier=        8 next=        2 consolidate=  0.003ms frontier=  0.000ms semisort=  0.003ms (keyed= 0.000ms group_by=  0.000ms per_group= 0.001ms)
[pe] round=204 work=        2 frontier=        4 next=        2 consolidate=  0.002ms frontier=  0.000ms semisort=  0.002ms (keyed= 0.000ms group_by=  0.000ms per_group= 0.001ms)
[pe] round=205 work=        2 frontier=       26 next=        3 consolidate=  0.003ms frontier=  0.000ms semisort=  0.005ms (keyed= 0.000ms group_by=  0.001ms per_group= 0.001ms)
[pe] round=206 work=        3 frontier=        8 next=        2 consolidate=  0.003ms frontier=  0.000ms semisort=  0.002ms (keyed= 0.000ms group_by=  0.000ms per_group= 0.001ms)
[pe] round=207 work=        2 frontier=        8 next=        2 consolidate=  0.002ms frontier=  0.000ms semisort=  0.002ms (keyed= 0.000ms group_by=  0.000ms per_group= 0.001ms)
[pe] round=208 work=        2 frontier=        4 next=        2 consolidate=  0.003ms frontier=  0.000ms semisort=  0.002ms (keyed= 0.000ms group_by=  0.000ms per_group= 0.001ms)
[pe] round=209 work=        2 frontier=       26 next=        3 consolidate=  0.002ms frontier=  0.000ms semisort=  0.005ms (keyed= 0.000ms group_by=  0.001ms per_group= 0.001ms)
[pe] round=210 work=        3 frontier=        8 next=        2 consolidate=  0.003ms frontier=  0.000ms semisort=  0.002ms (keyed= 0.000ms group_by=  0.000ms per_group= 0.001ms)
[pe] round=211 work=        2 frontier=        8 next=        2 consolidate=  0.003ms frontier=  0.000ms semisort=  0.003ms (keyed= 0.000ms group_by=  0.000ms per_group= 0.001ms)
[pe] round=212 work=        2 frontier=        4 next=        2 consolidate=  0.002ms frontier=  0.000ms semisort=  0.002ms (keyed= 0.000ms group_by=  0.000ms per_group= 0.001ms)
[pe] round=213 work=        2 frontier=       26 next=        3 consolidate=  0.003ms frontier=  0.000ms semisort=  0.005ms (keyed= 0.000ms group_by=  0.001ms per_group= 0.001ms)
[pe] round=214 work=        3 frontier=        8 next=        2 consolidate=  0.003ms frontier=  0.000ms semisort=  0.002ms (keyed= 0.000ms group_by=  0.000ms per_group= 0.001ms)
[pe] round=215 work=        2 frontier=        8 next=        2 consolidate=  0.003ms frontier=  0.000ms semisort=  0.003ms (keyed= 0.000ms group_by=  0.000ms per_group= 0.001ms)
[pe] round=216 work=        2 frontier=        4 next=        2 consolidate=  0.002ms frontier=  0.000ms semisort=  0.002ms (keyed= 0.000ms group_by=  0.000ms per_group= 0.001ms)
[pe] round=217 work=        2 frontier=       26 next=        3 consolidate=  0.002ms frontier=  0.000ms semisort=  0.005ms (keyed= 0.000ms group_by=  0.001ms per_group= 0.001ms)
[pe] round=218 work=        3 frontier=        8 next=        2 consolidate=  0.003ms frontier=  0.000ms semisort=  0.003ms (keyed= 0.000ms group_by=  0.000ms per_group= 0.001ms)
[pe] round=219 work=        2 frontier=        8 next=        2 consolidate=  0.002ms frontier=  0.000ms semisort=  0.003ms (keyed= 0.000ms group_by=  0.000ms per_group= 0.001ms)
[pe] round=220 work=        2 frontier=        4 next=        2 consolidate=  0.002ms frontier=  0.000ms semisort=  0.002ms (keyed= 0.000ms group_by=  0.000ms per_group= 0.001ms)
[pe] round=221 work=        2 frontier=       26 next=        3 consolidate=  0.003ms frontier=  0.000ms semisort=  0.005ms (keyed= 0.000ms group_by=  0.001ms per_group= 0.001ms)
[pe] round=222 work=        3 frontier=        8 next=        2 consolidate=  0.003ms frontier=  0.000ms semisort=  0.002ms (keyed= 0.000ms group_by=  0.000ms per_group= 0.001ms)
[pe] round=223 work=        2 frontier=        8 next=        2 consolidate=  0.002ms frontier=  0.000ms semisort=  0.002ms (keyed= 0.000ms group_by=  0.000ms per_group= 0.001ms)
[pe] round=224 work=        2 frontier=        4 next=        2 consolidate=  0.002ms frontier=  0.000ms semisort=  0.002ms (keyed= 0.000ms group_by=  0.000ms per_group= 0.001ms)
[pe] round=225 work=        2 frontier=       26 next=        3 consolidate=  0.003ms frontier=  0.000ms semisort=  0.005ms (keyed= 0.000ms group_by=  0.001ms per_group= 0.001ms)
[pe] round=226 work=        3 frontier=        8 next=        2 consolidate=  0.003ms frontier=  0.000ms semisort=  0.002ms (keyed= 0.000ms group_by=  0.000ms per_group= 0.001ms)
[pe] round=227 work=        2 frontier=        8 next=        2 consolidate=  0.002ms frontier=  0.000ms semisort=  0.002ms (keyed= 0.000ms group_by=  0.000ms per_group= 0.001ms)
[pe] round=228 work=        2 frontier=        4 next=        2 consolidate=  0.003ms frontier=  0.000ms semisort=  0.002ms (keyed= 0.000ms group_by=  0.000ms per_group= 0.001ms)
[pe] round=229 work=        2 frontier=       26 next=        3 consolidate=  0.003ms frontier=  0.000ms semisort=  0.005ms (keyed= 0.000ms group_by=  0.001ms per_group= 0.001ms)
[pe] round=230 work=        3 frontier=        8 next=        2 consolidate=  0.003ms frontier=  0.000ms semisort=  0.002ms (keyed= 0.000ms group_by=  0.000ms per_group= 0.001ms)
[pe] round=231 work=        2 frontier=        8 next=        2 consolidate=  0.002ms frontier=  0.000ms semisort=  0.003ms (keyed= 0.000ms group_by=  0.000ms per_group= 0.001ms)
[pe] round=232 work=        2 frontier=        4 next=        2 consolidate=  0.002ms frontier=  0.000ms semisort=  0.002ms (keyed= 0.000ms group_by=  0.000ms per_group= 0.001ms)
[pe] round=233 work=        2 frontier=       26 next=        3 consolidate=  0.003ms frontier=  0.000ms semisort=  0.005ms (keyed= 0.000ms group_by=  0.001ms per_group= 0.001ms)
[pe] round=234 work=        3 frontier=        8 next=        2 consolidate=  0.003ms frontier=  0.000ms semisort=  0.002ms (keyed= 0.000ms group_by=  0.000ms per_group= 0.001ms)
[pe] round=235 work=        2 frontier=        8 next=        2 consolidate=  0.002ms frontier=  0.000ms semisort=  0.002ms (keyed= 0.000ms group_by=  0.000ms per_group= 0.001ms)
[pe] round=236 work=        2 frontier=        4 next=        2 consolidate=  0.002ms frontier=  0.000ms semisort=  0.002ms (keyed= 0.000ms group_by=  0.000ms per_group= 0.001ms)
[pe] round=237 work=        2 frontier=       26 next=        3 consolidate=  0.002ms frontier=  0.000ms semisort=  0.005ms (keyed= 0.000ms group_by=  0.001ms per_group= 0.001ms)
[pe] round=238 work=        3 frontier=        8 next=        2 consolidate=  0.003ms frontier=  0.000ms semisort=  0.002ms (keyed= 0.000ms group_by=  0.000ms per_group= 0.001ms)
[pe] round=239 work=        2 frontier=        8 next=        2 consolidate=  0.002ms frontier=  0.000ms semisort=  0.002ms (keyed= 0.000ms group_by=  0.000ms per_group= 0.001ms)
[pe] round=240 work=        2 frontier=        4 next=        2 consolidate=  0.002ms frontier=  0.000ms semisort=  0.002ms (keyed= 0.000ms group_by=  0.000ms per_group= 0.001ms)
[pe] round=241 work=        2 frontier=       26 next=        3 consolidate=  0.003ms frontier=  0.000ms semisort=  0.005ms (keyed= 0.000ms group_by=  0.001ms per_group= 0.001ms)
[pe] round=242 work=        3 frontier=        8 next=        2 consolidate=  0.003ms frontier=  0.000ms semisort=  0.003ms (keyed= 0.000ms group_by=  0.000ms per_group= 0.001ms)
[pe] round=243 work=        2 frontier=        8 next=        2 consolidate=  0.003ms frontier=  0.000ms semisort=  0.002ms (keyed= 0.000ms group_by=  0.000ms per_group= 0.001ms)
[pe] round=244 work=        2 frontier=        4 next=        2 consolidate=  0.003ms frontier=  0.000ms semisort=  0.002ms (keyed= 0.000ms group_by=  0.000ms per_group= 0.001ms)
[pe] round=245 work=        2 frontier=       26 next=        3 consolidate=  0.003ms frontier=  0.000ms semisort=  0.005ms (keyed= 0.000ms group_by=  0.001ms per_group= 0.001ms)
[pe] round=246 work=        3 frontier=        8 next=        2 consolidate=  0.003ms frontier=  0.000ms semisort=  0.002ms (keyed= 0.000ms group_by=  0.000ms per_group= 0.001ms)
[pe] round=247 work=        2 frontier=        8 next=        2 consolidate=  0.002ms frontier=  0.000ms semisort=  0.003ms (keyed= 0.000ms group_by=  0.000ms per_group= 0.001ms)
[pe] round=248 work=        2 frontier=        4 next=        2 consolidate=  0.003ms frontier=  0.000ms semisort=  0.002ms (keyed= 0.000ms group_by=  0.000ms per_group= 0.001ms)
[pe] round=249 work=        2 frontier=       26 next=        3 consolidate=  0.002ms frontier=  0.000ms semisort=  0.006ms (keyed= 0.000ms group_by=  0.001ms per_group= 0.001ms)
[pe] round=250 work=        3 frontier=        8 next=        2 consolidate=  0.003ms frontier=  0.000ms semisort=  0.003ms (keyed= 0.000ms group_by=  0.000ms per_group= 0.001ms)
[pe] round=251 work=        2 frontier=        8 next=        2 consolidate=  0.003ms frontier=  0.000ms semisort=  0.003ms (keyed= 0.000ms group_by=  0.000ms per_group= 0.001ms)
[pe] round=252 work=        2 frontier=        4 next=        2 consolidate=  0.002ms frontier=  0.000ms semisort=  0.002ms (keyed= 0.000ms group_by=  0.000ms per_group= 0.001ms)
[pe] round=253 work=        2 frontier=       26 next=        3 consolidate=  0.003ms frontier=  0.000ms semisort=  0.005ms (keyed= 0.000ms group_by=  0.001ms per_group= 0.001ms)
[pe] round=254 work=        3 frontier=        8 next=        2 consolidate=  0.004ms frontier=  0.000ms semisort=  0.002ms (keyed= 0.000ms group_by=  0.000ms per_group= 0.001ms)
[pe] round=255 work=        2 frontier=        8 next=        2 consolidate=  0.003ms frontier=  0.000ms semisort=  0.003ms (keyed= 0.000ms group_by=  0.000ms per_group= 0.001ms)
[pe] round=256 work=        2 frontier=        4 next=        2 consolidate=  0.003ms frontier=  0.000ms semisort=  0.002ms (keyed= 0.000ms group_by=  0.000ms per_group= 0.001ms)
[pe] round=257 work=        2 frontier=       18 next=        2 consolidate=  0.003ms frontier=  0.000ms semisort=  0.006ms (keyed= 0.000ms group_by=  0.001ms per_group= 0.001ms)
[pe] round=258 work=        2 frontier=        4 next=        0 consolidate=  0.003ms frontier=  0.000ms semisort=  0.002ms (keyed= 0.000ms group_by=  0.000ms per_group= 0.001ms)
[pe] round=  0 work= 10493552 frontier=  5437767 next=    24065 consolidate=3492.024ms frontier=380.078ms semisort=856.925ms (keyed=143.617ms group_by= 20.915ms per_group=79.362ms)
[pe] round=  1 work=    24065 frontier=   237543 next=    16558 consolidate= 26.661ms frontier=  1.101ms semisort= 43.308ms (keyed= 0.667ms group_by= 13.834ms per_group= 9.256ms)
[pe] round=  2 work=    16558 frontier=    56774 next=     1307 consolidate= 16.436ms frontier=  0.743ms semisort=  9.009ms (keyed= 0.095ms group_by=  2.331ms per_group= 1.385ms)
[pe] round=  3 work=     1307 frontier=    29389 next=      920 consolidate=  1.289ms frontier=  0.046ms semisort=  3.855ms (keyed= 0.052ms group_by=  1.025ms per_group= 0.677ms)
[pe] round=  4 work=      920 frontier=    12744 next=     1826 consolidate=  0.882ms frontier=  0.029ms semisort=  2.512ms (keyed= 0.021ms group_by=  0.528ms per_group= 0.819ms)
[pe] round=  5 work=     1826 frontier=     7383 next=      421 consolidate=  1.643ms frontier=  0.055ms semisort=  1.350ms (keyed= 0.017ms group_by=  0.334ms per_group= 0.236ms)
[pe] round=  6 work=      421 frontier=     1777 next=      150 consolidate=  0.420ms frontier=  0.013ms semisort=  0.267ms (keyed= 0.003ms group_by=  0.057ms per_group= 0.063ms)
[pe] round=  7 work=      150 frontier=      328 next=      115 consolidate=  0.129ms frontier=  0.005ms semisort=  0.066ms (keyed= 0.001ms group_by=  0.010ms per_group= 0.029ms)
[pe] round=  8 work=      115 frontier=     1774 next=      138 consolidate=  0.106ms frontier=  0.005ms semisort=  0.215ms (keyed= 0.002ms group_by=  0.050ms per_group= 0.052ms)
[pe] round=  9 work=      138 frontier=      912 next=       39 consolidate=  0.127ms frontier=  0.005ms semisort=  0.097ms (keyed= 0.001ms group_by=  0.026ms per_group= 0.022ms)
[pe] round= 10 work=       39 frontier=      124 next=       38 consolidate=  0.034ms frontier=  0.002ms semisort=  0.024ms (keyed= 0.000ms group_by=  0.005ms per_group= 0.010ms)
[pe] round= 11 work=       38 frontier=      670 next=       40 consolidate=  0.034ms frontier=  0.002ms semisort=  0.078ms (keyed= 0.001ms group_by=  0.020ms per_group= 0.019ms)
[pe] round= 12 work=       40 frontier=      279 next=       16 consolidate=  0.038ms frontier=  0.002ms semisort=  0.030ms (keyed= 0.001ms group_by=  0.008ms per_group= 0.008ms)
[pe] round= 13 work=       16 frontier=       67 next=       13 consolidate=  0.015ms frontier=  0.001ms semisort=  0.014ms (keyed= 0.000ms group_by=  0.003ms per_group= 0.005ms)
[pe] round= 14 work=       13 frontier=      333 next=       12 consolidate=  0.014ms frontier=  0.001ms semisort=  0.038ms (keyed= 0.001ms group_by=  0.009ms per_group= 0.008ms)
[pe] round= 15 work=       12 frontier=      124 next=        5 consolidate=  0.012ms frontier=  0.001ms semisort=  0.014ms (keyed= 0.000ms group_by=  0.004ms per_group= 0.004ms)
[pe] round= 16 work=        5 frontier=       10 next=        5 consolidate=  0.005ms frontier=  0.001ms semisort=  0.007ms (keyed= 0.000ms group_by=  0.001ms per_group= 0.005ms)
[pe] round= 17 work=        5 frontier=      431 next=        6 consolidate=  0.006ms frontier=  0.001ms semisort=  0.042ms (keyed= 0.001ms group_by=  0.010ms per_group= 0.008ms)
[pe] round= 18 work=        6 frontier=      140 next=        4 consolidate=  0.006ms frontier=  0.001ms semisort=  0.015ms (keyed= 0.000ms group_by=  0.004ms per_group= 0.004ms)
[pe] round= 19 work=        4 frontier=       12 next=        3 consolidate=  0.005ms frontier=  0.001ms semisort=  0.004ms (keyed= 0.000ms group_by=  0.001ms per_group= 0.001ms)
[pe] round= 20 work=        3 frontier=        6 next=        3 consolidate=  0.003ms frontier=  0.001ms semisort=  0.003ms (keyed= 0.000ms group_by=  0.000ms per_group= 0.001ms)
[pe] round= 21 work=        3 frontier=       39 next=        4 consolidate=  0.004ms frontier=  0.001ms semisort=  0.008ms (keyed= 0.000ms group_by=  0.001ms per_group= 0.002ms)
[pe] round= 22 work=        4 frontier=       12 next=        3 consolidate=  0.004ms frontier=  0.001ms semisort=  0.004ms (keyed= 0.000ms group_by=  0.001ms per_group= 0.001ms)
[pe] round= 23 work=        3 frontier=       12 next=        3 consolidate=  0.003ms frontier=  0.001ms semisort=  0.004ms (keyed= 0.000ms group_by=  0.001ms per_group= 0.001ms)
[pe] round= 24 work=        3 frontier=        6 next=        3 consolidate=  0.003ms frontier=  0.000ms semisort=  0.002ms (keyed= 0.000ms group_by=  0.000ms per_group= 0.001ms)
[pe] round= 25 work=        3 frontier=       37 next=        5 consolidate=  0.004ms frontier=  0.000ms semisort=  0.008ms (keyed= 0.000ms group_by=  0.001ms per_group= 0.002ms)
[pe] round= 26 work=        5 frontier=       15 next=        2 consolidate=  0.006ms frontier=  0.001ms semisort=  0.004ms (keyed= 0.000ms group_by=  0.001ms per_group= 0.001ms)
[pe] round= 27 work=        2 frontier=        8 next=        2 consolidate=  0.003ms frontier=  0.001ms semisort=  0.003ms (keyed= 0.000ms group_by=  0.000ms per_group= 0.001ms)
[pe] round= 28 work=        2 frontier=        4 next=        2 consolidate=  0.003ms frontier=  0.000ms semisort=  0.002ms (keyed= 0.000ms group_by=  0.000ms per_group= 0.001ms)
[pe] round= 29 work=        2 frontier=       26 next=        3 consolidate=  0.002ms frontier=  0.000ms semisort=  0.006ms (keyed= 0.000ms group_by=  0.001ms per_group= 0.002ms)
[pe] round= 30 work=        3 frontier=        8 next=        2 consolidate=  0.003ms frontier=  0.000ms semisort=  0.003ms (keyed= 0.000ms group_by=  0.000ms per_group= 0.001ms)
[pe] round= 31 work=        2 frontier=        8 next=        2 consolidate=  0.003ms frontier=  0.000ms semisort=  0.003ms (keyed= 0.000ms group_by=  0.000ms per_group= 0.001ms)
[pe] round= 32 work=        2 frontier=        4 next=        2 consolidate=  0.002ms frontier=  0.000ms semisort=  0.002ms (keyed= 0.000ms group_by=  0.000ms per_group= 0.001ms)
[pe] round= 33 work=        2 frontier=       26 next=        3 consolidate=  0.003ms frontier=  0.000ms semisort=  0.005ms (keyed= 0.000ms group_by=  0.001ms per_group= 0.002ms)
[pe] round= 34 work=        3 frontier=        8 next=        2 consolidate=  0.003ms frontier=  0.000ms semisort=  0.003ms (keyed= 0.000ms group_by=  0.000ms per_group= 0.001ms)
[pe] round= 35 work=        2 frontier=        8 next=        2 consolidate=  0.003ms frontier=  0.000ms semisort=  0.002ms (keyed= 0.000ms group_by=  0.000ms per_group= 0.001ms)
[pe] round= 36 work=        2 frontier=        4 next=        2 consolidate=  0.002ms frontier=  0.000ms semisort=  0.002ms (keyed= 0.000ms group_by=  0.000ms per_group= 0.001ms)
[pe] round= 37 work=        2 frontier=       26 next=        3 consolidate=  0.003ms frontier=  0.000ms semisort=  0.006ms (keyed= 0.000ms group_by=  0.001ms per_group= 0.002ms)
[pe] round= 38 work=        3 frontier=        8 next=        2 consolidate=  0.003ms frontier=  0.000ms semisort=  0.002ms (keyed= 0.000ms group_by=  0.000ms per_group= 0.001ms)
[pe] round= 39 work=        2 frontier=        8 next=        2 consolidate=  0.003ms frontier=  0.000ms semisort=  0.003ms (keyed= 0.000ms group_by=  0.000ms per_group= 0.001ms)
[pe] round= 40 work=        2 frontier=        4 next=        2 consolidate=  0.003ms frontier=  0.000ms semisort=  0.002ms (keyed= 0.000ms group_by=  0.000ms per_group= 0.001ms)
[pe] round= 41 work=        2 frontier=       26 next=        3 consolidate=  0.003ms frontier=  0.000ms semisort=  0.005ms (keyed= 0.000ms group_by=  0.001ms per_group= 0.002ms)
[pe] round= 42 work=        3 frontier=        8 next=        2 consolidate=  0.003ms frontier=  0.000ms semisort=  0.003ms (keyed= 0.000ms group_by=  0.000ms per_group= 0.001ms)
[pe] round= 43 work=        2 frontier=        8 next=        2 consolidate=  0.003ms frontier=  0.000ms semisort=  0.003ms (keyed= 0.000ms group_by=  0.000ms per_group= 0.001ms)
[pe] round= 44 work=        2 frontier=        4 next=        2 consolidate=  0.002ms frontier=  0.000ms semisort=  0.002ms (keyed= 0.000ms group_by=  0.000ms per_group= 0.001ms)
[pe] round= 45 work=        2 frontier=       26 next=        3 consolidate=  0.003ms frontier=  0.000ms semisort=  0.005ms (keyed= 0.000ms group_by=  0.001ms per_group= 0.001ms)
[pe] round= 46 work=        3 frontier=        8 next=        2 consolidate=  0.003ms frontier=  0.000ms semisort=  0.002ms (keyed= 0.000ms group_by=  0.000ms per_group= 0.001ms)
[pe] round= 47 work=        2 frontier=        8 next=        2 consolidate=  0.003ms frontier=  0.000ms semisort=  0.002ms (keyed= 0.000ms group_by=  0.000ms per_group= 0.001ms)
[pe] round= 48 work=        2 frontier=        4 next=        2 consolidate=  0.003ms frontier=  0.000ms semisort=  0.002ms (keyed= 0.000ms group_by=  0.000ms per_group= 0.001ms)
[pe] round= 49 work=        2 frontier=       26 next=        3 consolidate=  0.003ms frontier=  0.000ms semisort=  0.005ms (keyed= 0.000ms group_by=  0.001ms per_group= 0.001ms)
[pe] round= 50 work=        3 frontier=        8 next=        2 consolidate=  0.003ms frontier=  0.000ms semisort=  0.003ms (keyed= 0.000ms group_by=  0.000ms per_group= 0.001ms)
[pe] round= 51 work=        2 frontier=        8 next=        2 consolidate=  0.002ms frontier=  0.000ms semisort=  0.002ms (keyed= 0.000ms group_by=  0.000ms per_group= 0.001ms)
[pe] round= 52 work=        2 frontier=        4 next=        2 consolidate=  0.002ms frontier=  0.000ms semisort=  0.002ms (keyed= 0.000ms group_by=  0.000ms per_group= 0.001ms)
[pe] round= 53 work=        2 frontier=       26 next=        3 consolidate=  0.003ms frontier=  0.000ms semisort=  0.005ms (keyed= 0.000ms group_by=  0.001ms per_group= 0.002ms)
[pe] round= 54 work=        3 frontier=        8 next=        2 consolidate=  0.003ms frontier=  0.000ms semisort=  0.003ms (keyed= 0.000ms group_by=  0.000ms per_group= 0.001ms)
[pe] round= 55 work=        2 frontier=        8 next=        2 consolidate=  0.002ms frontier=  0.000ms semisort=  0.002ms (keyed= 0.000ms group_by=  0.000ms per_group= 0.001ms)
[pe] round= 56 work=        2 frontier=        4 next=        2 consolidate=  0.003ms frontier=  0.000ms semisort=  0.002ms (keyed= 0.000ms group_by=  0.000ms per_group= 0.001ms)
[pe] round= 57 work=        2 frontier=       26 next=        3 consolidate=  0.003ms frontier=  0.000ms semisort=  0.005ms (keyed= 0.000ms group_by=  0.001ms per_group= 0.001ms)
[pe] round= 58 work=        3 frontier=        8 next=        2 consolidate=  0.003ms frontier=  0.000ms semisort=  0.003ms (keyed= 0.000ms group_by=  0.000ms per_group= 0.001ms)
[pe] round= 59 work=        2 frontier=        8 next=        2 consolidate=  0.002ms frontier=  0.000ms semisort=  0.002ms (keyed= 0.000ms group_by=  0.000ms per_group= 0.001ms)
[pe] round= 60 work=        2 frontier=        4 next=        2 consolidate=  0.002ms frontier=  0.000ms semisort=  0.002ms (keyed= 0.000ms group_by=  0.000ms per_group= 0.001ms)
[pe] round= 61 work=        2 frontier=       26 next=        3 consolidate=  0.003ms frontier=  0.000ms semisort=  0.005ms (keyed= 0.000ms group_by=  0.001ms per_group= 0.001ms)
[pe] round= 62 work=        3 frontier=        8 next=        2 consolidate=  0.003ms frontier=  0.000ms semisort=  0.003ms (keyed= 0.000ms group_by=  0.000ms per_group= 0.001ms)
[pe] round= 63 work=        2 frontier=        8 next=        2 consolidate=  0.003ms frontier=  0.000ms semisort=  0.003ms (keyed= 0.000ms group_by=  0.000ms per_group= 0.001ms)
[pe] round= 64 work=        2 frontier=        4 next=        2 consolidate=  0.002ms frontier=  0.000ms semisort=  0.002ms (keyed= 0.000ms group_by=  0.000ms per_group= 0.001ms)
[pe] round= 65 work=        2 frontier=       26 next=        3 consolidate=  0.003ms frontier=  0.000ms semisort=  0.006ms (keyed= 0.000ms group_by=  0.001ms per_group= 0.001ms)
[pe] round= 66 work=        3 frontier=        8 next=        2 consolidate=  0.003ms frontier=  0.000ms semisort=  0.002ms (keyed= 0.000ms group_by=  0.000ms per_group= 0.001ms)
[pe] round= 67 work=        2 frontier=        8 next=        2 consolidate=  0.003ms frontier=  0.000ms semisort=  0.003ms (keyed= 0.000ms group_by=  0.000ms per_group= 0.001ms)
[pe] round= 68 work=        2 frontier=        4 next=        2 consolidate=  0.002ms frontier=  0.000ms semisort=  0.002ms (keyed= 0.000ms group_by=  0.000ms per_group= 0.001ms)
[pe] round= 69 work=        2 frontier=       26 next=        3 consolidate=  0.003ms frontier=  0.000ms semisort=  0.005ms (keyed= 0.000ms group_by=  0.001ms per_group= 0.001ms)
[pe] round= 70 work=        3 frontier=        8 next=        2 consolidate=  0.003ms frontier=  0.001ms semisort=  0.002ms (keyed= 0.000ms group_by=  0.000ms per_group= 0.001ms)
[pe] round= 71 work=        2 frontier=        8 next=        2 consolidate=  0.003ms frontier=  0.000ms semisort=  0.002ms (keyed= 0.000ms group_by=  0.000ms per_group= 0.001ms)
[pe] round= 72 work=        2 frontier=        4 next=        2 consolidate=  0.003ms frontier=  0.000ms semisort=  0.002ms (keyed= 0.000ms group_by=  0.000ms per_group= 0.001ms)
[pe] round= 73 work=        2 frontier=       26 next=        3 consolidate=  0.003ms frontier=  0.000ms semisort=  0.006ms (keyed= 0.000ms group_by=  0.001ms per_group= 0.002ms)
[pe] round= 74 work=        3 frontier=        8 next=        2 consolidate=  0.003ms frontier=  0.000ms semisort=  0.003ms (keyed= 0.000ms group_by=  0.000ms per_group= 0.001ms)
[pe] round= 75 work=        2 frontier=        8 next=        2 consolidate=  0.002ms frontier=  0.000ms semisort=  0.003ms (keyed= 0.000ms group_by=  0.000ms per_group= 0.001ms)
[pe] round= 76 work=        2 frontier=        4 next=        2 consolidate=  0.002ms frontier=  0.000ms semisort=  0.002ms (keyed= 0.000ms group_by=  0.000ms per_group= 0.001ms)
[pe] round= 77 work=        2 frontier=       26 next=        3 consolidate=  0.003ms frontier=  0.000ms semisort=  0.005ms (keyed= 0.000ms group_by=  0.001ms per_group= 0.001ms)
[pe] round= 78 work=        3 frontier=        8 next=        2 consolidate=  0.003ms frontier=  0.000ms semisort=  0.002ms (keyed= 0.000ms group_by=  0.000ms per_group= 0.001ms)
[pe] round= 79 work=        2 frontier=        8 next=        2 consolidate=  0.003ms frontier=  0.000ms semisort=  0.003ms (keyed= 0.000ms group_by=  0.000ms per_group= 0.001ms)
[pe] round= 80 work=        2 frontier=        4 next=        2 consolidate=  0.002ms frontier=  0.000ms semisort=  0.002ms (keyed= 0.000ms group_by=  0.000ms per_group= 0.001ms)
[pe] round= 81 work=        2 frontier=       26 next=        3 consolidate=  0.003ms frontier=  0.000ms semisort=  0.005ms (keyed= 0.000ms group_by=  0.001ms per_group= 0.001ms)
[pe] round= 82 work=        3 frontier=        8 next=        2 consolidate=  0.003ms frontier=  0.000ms semisort=  0.003ms (keyed= 0.000ms group_by=  0.000ms per_group= 0.001ms)
[pe] round= 83 work=        2 frontier=        8 next=        2 consolidate=  0.003ms frontier=  0.000ms semisort=  0.003ms (keyed= 0.000ms group_by=  0.000ms per_group= 0.001ms)
[pe] round= 84 work=        2 frontier=        4 next=        2 consolidate=  0.002ms frontier=  0.000ms semisort=  0.002ms (keyed= 0.000ms group_by=  0.000ms per_group= 0.001ms)
[pe] round= 85 work=        2 frontier=       26 next=        3 consolidate=  0.003ms frontier=  0.000ms semisort=  0.005ms (keyed= 0.000ms group_by=  0.001ms per_group= 0.001ms)
[pe] round= 86 work=        3 frontier=        8 next=        2 consolidate=  0.003ms frontier=  0.000ms semisort=  0.003ms (keyed= 0.000ms group_by=  0.000ms per_group= 0.001ms)
[pe] round= 87 work=        2 frontier=        8 next=        2 consolidate=  0.003ms frontier=  0.000ms semisort=  0.002ms (keyed= 0.000ms group_by=  0.000ms per_group= 0.001ms)
[pe] round= 88 work=        2 frontier=        4 next=        2 consolidate=  0.002ms frontier=  0.000ms semisort=  0.002ms (keyed= 0.000ms group_by=  0.000ms per_group= 0.001ms)
[pe] round= 89 work=        2 frontier=       26 next=        3 consolidate=  0.003ms frontier=  0.000ms semisort=  0.006ms (keyed= 0.000ms group_by=  0.001ms per_group= 0.002ms)
[pe] round= 90 work=        3 frontier=        8 next=        2 consolidate=  0.003ms frontier=  0.000ms semisort=  0.003ms (keyed= 0.000ms group_by=  0.000ms per_group= 0.001ms)
[pe] round= 91 work=        2 frontier=        8 next=        2 consolidate=  0.003ms frontier=  0.000ms semisort=  0.002ms (keyed= 0.000ms group_by=  0.000ms per_group= 0.001ms)
[pe] round= 92 work=        2 frontier=        4 next=        2 consolidate=  0.002ms frontier=  0.000ms semisort=  0.002ms (keyed= 0.000ms group_by=  0.000ms per_group= 0.001ms)
[pe] round= 93 work=        2 frontier=       26 next=        3 consolidate=  0.003ms frontier=  0.000ms semisort=  0.005ms (keyed= 0.000ms group_by=  0.001ms per_group= 0.001ms)
[pe] round= 94 work=        3 frontier=        8 next=        2 consolidate=  0.003ms frontier=  0.000ms semisort=  0.002ms (keyed= 0.000ms group_by=  0.000ms per_group= 0.001ms)
[pe] round= 95 work=        2 frontier=        8 next=        2 consolidate=  0.002ms frontier=  0.000ms semisort=  0.003ms (keyed= 0.000ms group_by=  0.000ms per_group= 0.001ms)
[pe] round= 96 work=        2 frontier=        4 next=        2 consolidate=  0.002ms frontier=  0.000ms semisort=  0.002ms (keyed= 0.000ms group_by=  0.000ms per_group= 0.001ms)
[pe] round= 97 work=        2 frontier=       26 next=        3 consolidate=  0.003ms frontier=  0.000ms semisort=  0.005ms (keyed= 0.000ms group_by=  0.001ms per_group= 0.001ms)
[pe] round= 98 work=        3 frontier=        8 next=        2 consolidate=  0.003ms frontier=  0.000ms semisort=  0.002ms (keyed= 0.000ms group_by=  0.000ms per_group= 0.001ms)
[pe] round= 99 work=        2 frontier=        8 next=        2 consolidate=  0.003ms frontier=  0.000ms semisort=  0.002ms (keyed= 0.000ms group_by=  0.000ms per_group= 0.001ms)
[pe] round=100 work=        2 frontier=        4 next=        2 consolidate=  0.002ms frontier=  0.000ms semisort=  0.002ms (keyed= 0.000ms group_by=  0.000ms per_group= 0.001ms)
[pe] round=101 work=        2 frontier=       26 next=        3 consolidate=  0.003ms frontier=  0.000ms semisort=  0.005ms (keyed= 0.000ms group_by=  0.001ms per_group= 0.001ms)
[pe] round=102 work=        3 frontier=        8 next=        2 consolidate=  0.003ms frontier=  0.000ms semisort=  0.002ms (keyed= 0.000ms group_by=  0.000ms per_group= 0.001ms)
[pe] round=103 work=        2 frontier=        8 next=        2 consolidate=  0.003ms frontier=  0.000ms semisort=  0.002ms (keyed= 0.000ms group_by=  0.000ms per_group= 0.001ms)
[pe] round=104 work=        2 frontier=        4 next=        2 consolidate=  0.002ms frontier=  0.000ms semisort=  0.002ms (keyed= 0.000ms group_by=  0.000ms per_group= 0.001ms)
[pe] round=105 work=        2 frontier=       26 next=        3 consolidate=  0.002ms frontier=  0.000ms semisort=  0.005ms (keyed= 0.000ms group_by=  0.001ms per_group= 0.001ms)
[pe] round=106 work=        3 frontier=        8 next=        2 consolidate=  0.003ms frontier=  0.000ms semisort=  0.002ms (keyed= 0.000ms group_by=  0.000ms per_group= 0.001ms)
[pe] round=107 work=        2 frontier=        8 next=        2 consolidate=  0.003ms frontier=  0.000ms semisort=  0.003ms (keyed= 0.000ms group_by=  0.000ms per_group= 0.001ms)
[pe] round=108 work=        2 frontier=        4 next=        2 consolidate=  0.003ms frontier=  0.000ms semisort=  0.002ms (keyed= 0.000ms group_by=  0.000ms per_group= 0.001ms)
[pe] round=109 work=        2 frontier=       26 next=        3 consolidate=  0.003ms frontier=  0.000ms semisort=  0.005ms (keyed= 0.000ms group_by=  0.001ms per_group= 0.001ms)
[pe] round=110 work=        3 frontier=        8 next=        2 consolidate=  0.003ms frontier=  0.000ms semisort=  0.003ms (keyed= 0.000ms group_by=  0.000ms per_group= 0.001ms)
[pe] round=111 work=        2 frontier=        8 next=        2 consolidate=  0.003ms frontier=  0.000ms semisort=  0.002ms (keyed= 0.000ms group_by=  0.000ms per_group= 0.001ms)
[pe] round=112 work=        2 frontier=        4 next=        2 consolidate=  0.002ms frontier=  0.000ms semisort=  0.002ms (keyed= 0.000ms group_by=  0.000ms per_group= 0.001ms)
[pe] round=113 work=        2 frontier=       26 next=        3 consolidate=  0.003ms frontier=  0.000ms semisort=  0.005ms (keyed= 0.000ms group_by=  0.001ms per_group= 0.001ms)
[pe] round=114 work=        3 frontier=        8 next=        2 consolidate=  0.003ms frontier=  0.000ms semisort=  0.002ms (keyed= 0.000ms group_by=  0.000ms per_group= 0.001ms)
[pe] round=115 work=        2 frontier=        8 next=        2 consolidate=  0.002ms frontier=  0.000ms semisort=  0.003ms (keyed= 0.000ms group_by=  0.000ms per_group= 0.001ms)
[pe] round=116 work=        2 frontier=        4 next=        2 consolidate=  0.002ms frontier=  0.000ms semisort=  0.002ms (keyed= 0.000ms group_by=  0.000ms per_group= 0.001ms)
[pe] round=117 work=        2 frontier=       26 next=        3 consolidate=  0.003ms frontier=  0.000ms semisort=  0.005ms (keyed= 0.000ms group_by=  0.001ms per_group= 0.002ms)
[pe] round=118 work=        3 frontier=        8 next=        2 consolidate=  0.003ms frontier=  0.000ms semisort=  0.003ms (keyed= 0.000ms group_by=  0.000ms per_group= 0.001ms)
[pe] round=119 work=        2 frontier=        8 next=        2 consolidate=  0.003ms frontier=  0.000ms semisort=  0.003ms (keyed= 0.000ms group_by=  0.000ms per_group= 0.001ms)
[pe] round=120 work=        2 frontier=        4 next=        2 consolidate=  0.002ms frontier=  0.000ms semisort=  0.002ms (keyed= 0.000ms group_by=  0.000ms per_group= 0.001ms)
[pe] round=121 work=        2 frontier=       26 next=        3 consolidate=  0.003ms frontier=  0.000ms semisort=  0.005ms (keyed= 0.000ms group_by=  0.001ms per_group= 0.001ms)
[pe] round=122 work=        3 frontier=        8 next=        2 consolidate=  0.003ms frontier=  0.000ms semisort=  0.002ms (keyed= 0.000ms group_by=  0.000ms per_group= 0.001ms)
[pe] round=123 work=        2 frontier=        8 next=        2 consolidate=  0.003ms frontier=  0.000ms semisort=  0.002ms (keyed= 0.000ms group_by=  0.000ms per_group= 0.001ms)
[pe] round=124 work=        2 frontier=        4 next=        2 consolidate=  0.003ms frontier=  0.000ms semisort=  0.002ms (keyed= 0.000ms group_by=  0.000ms per_group= 0.001ms)
[pe] round=125 work=        2 frontier=       26 next=        3 consolidate=  0.003ms frontier=  0.000ms semisort=  0.008ms (keyed= 0.000ms group_by=  0.001ms per_group= 0.004ms)
[pe] round=126 work=        3 frontier=        8 next=        2 consolidate=  0.003ms frontier=  0.000ms semisort=  0.003ms (keyed= 0.000ms group_by=  0.000ms per_group= 0.001ms)
[pe] round=127 work=        2 frontier=        8 next=        2 consolidate=  0.002ms frontier=  0.000ms semisort=  0.003ms (keyed= 0.000ms group_by=  0.000ms per_group= 0.001ms)
[pe] round=128 work=        2 frontier=        4 next=        2 consolidate=  0.002ms frontier=  0.000ms semisort=  0.002ms (keyed= 0.000ms group_by=  0.000ms per_group= 0.001ms)
[pe] round=129 work=        2 frontier=       26 next=        3 consolidate=  0.003ms frontier=  0.000ms semisort=  0.005ms (keyed= 0.000ms group_by=  0.001ms per_group= 0.001ms)
[pe] round=130 work=        3 frontier=        8 next=        2 consolidate=  0.003ms frontier=  0.000ms semisort=  0.002ms (keyed= 0.000ms group_by=  0.000ms per_group= 0.001ms)
[pe] round=131 work=        2 frontier=        8 next=        2 consolidate=  0.003ms frontier=  0.000ms semisort=  0.002ms (keyed= 0.000ms group_by=  0.000ms per_group= 0.001ms)
[pe] round=132 work=        2 frontier=        4 next=        2 consolidate=  0.002ms frontier=  0.000ms semisort=  0.002ms (keyed= 0.000ms group_by=  0.000ms per_group= 0.001ms)
[pe] round=133 work=        2 frontier=       26 next=        3 consolidate=  0.003ms frontier=  0.000ms semisort=  0.005ms (keyed= 0.000ms group_by=  0.001ms per_group= 0.001ms)
[pe] round=134 work=        3 frontier=        8 next=        2 consolidate=  0.003ms frontier=  0.000ms semisort=  0.002ms (keyed= 0.000ms group_by=  0.000ms per_group= 0.001ms)
[pe] round=135 work=        2 frontier=        8 next=        2 consolidate=  0.003ms frontier=  0.000ms semisort=  0.002ms (keyed= 0.000ms group_by=  0.000ms per_group= 0.001ms)
[pe] round=136 work=        2 frontier=        4 next=        2 consolidate=  0.003ms frontier=  0.000ms semisort=  0.002ms (keyed= 0.000ms group_by=  0.000ms per_group= 0.001ms)
[pe] round=137 work=        2 frontier=       26 next=        3 consolidate=  0.002ms frontier=  0.000ms semisort=  0.005ms (keyed= 0.000ms group_by=  0.001ms per_group= 0.001ms)
[pe] round=138 work=        3 frontier=        8 next=        2 consolidate=  0.003ms frontier=  0.000ms semisort=  0.002ms (keyed= 0.000ms group_by=  0.000ms per_group= 0.001ms)
[pe] round=139 work=        2 frontier=        8 next=        2 consolidate=  0.003ms frontier=  0.000ms semisort=  0.002ms (keyed= 0.000ms group_by=  0.000ms per_group= 0.001ms)
[pe] round=140 work=        2 frontier=        4 next=        2 consolidate=  0.002ms frontier=  0.000ms semisort=  0.002ms (keyed= 0.000ms group_by=  0.000ms per_group= 0.001ms)
[pe] round=141 work=        2 frontier=       26 next=        3 consolidate=  0.003ms frontier=  0.000ms semisort=  0.005ms (keyed= 0.000ms group_by=  0.001ms per_group= 0.002ms)
[pe] round=142 work=        3 frontier=        8 next=        2 consolidate=  0.003ms frontier=  0.000ms semisort=  0.003ms (keyed= 0.000ms group_by=  0.000ms per_group= 0.001ms)
[pe] round=143 work=        2 frontier=        8 next=        2 consolidate=  0.002ms frontier=  0.000ms semisort=  0.003ms (keyed= 0.000ms group_by=  0.000ms per_group= 0.001ms)
[pe] round=144 work=        2 frontier=        4 next=        2 consolidate=  0.002ms frontier=  0.000ms semisort=  0.002ms (keyed= 0.000ms group_by=  0.000ms per_group= 0.001ms)
[pe] round=145 work=        2 frontier=       26 next=        3 consolidate=  0.003ms frontier=  0.000ms semisort=  0.005ms (keyed= 0.000ms group_by=  0.001ms per_group= 0.002ms)
[pe] round=146 work=        3 frontier=        8 next=        2 consolidate=  0.003ms frontier=  0.000ms semisort=  0.003ms (keyed= 0.000ms group_by=  0.000ms per_group= 0.001ms)
[pe] round=147 work=        2 frontier=        8 next=        2 consolidate=  0.003ms frontier=  0.000ms semisort=  0.002ms (keyed= 0.000ms group_by=  0.000ms per_group= 0.001ms)
[pe] round=148 work=        2 frontier=        4 next=        2 consolidate=  0.002ms frontier=  0.000ms semisort=  0.002ms (keyed= 0.000ms group_by=  0.000ms per_group= 0.001ms)
[pe] round=149 work=        2 frontier=       26 next=        3 consolidate=  0.003ms frontier=  0.000ms semisort=  0.005ms (keyed= 0.000ms group_by=  0.001ms per_group= 0.001ms)
[pe] round=150 work=        3 frontier=        8 next=        2 consolidate=  0.003ms frontier=  0.000ms semisort=  0.002ms (keyed= 0.000ms group_by=  0.000ms per_group= 0.001ms)
[pe] round=151 work=        2 frontier=        8 next=        2 consolidate=  0.003ms frontier=  0.000ms semisort=  0.003ms (keyed= 0.000ms group_by=  0.000ms per_group= 0.001ms)
[pe] round=152 work=        2 frontier=        4 next=        2 consolidate=  0.002ms frontier=  0.000ms semisort=  0.002ms (keyed= 0.000ms group_by=  0.000ms per_group= 0.001ms)
[pe] round=153 work=        2 frontier=       26 next=        3 consolidate=  0.002ms frontier=  0.000ms semisort=  0.006ms (keyed= 0.000ms group_by=  0.001ms per_group= 0.001ms)
[pe] round=154 work=        3 frontier=        8 next=        2 consolidate=  0.003ms frontier=  0.000ms semisort=  0.002ms (keyed= 0.000ms group_by=  0.000ms per_group= 0.001ms)
[pe] round=155 work=        2 frontier=        8 next=        2 consolidate=  0.003ms frontier=  0.000ms semisort=  0.003ms (keyed= 0.000ms group_by=  0.000ms per_group= 0.001ms)
[pe] round=156 work=        2 frontier=        4 next=        2 consolidate=  0.002ms frontier=  0.000ms semisort=  0.002ms (keyed= 0.000ms group_by=  0.000ms per_group= 0.001ms)
[pe] round=157 work=        2 frontier=       26 next=        3 consolidate=  0.003ms frontier=  0.000ms semisort=  0.005ms (keyed= 0.000ms group_by=  0.001ms per_group= 0.001ms)
[pe] round=158 work=        3 frontier=        8 next=        2 consolidate=  0.003ms frontier=  0.000ms semisort=  0.002ms (keyed= 0.000ms group_by=  0.000ms per_group= 0.001ms)
[pe] round=159 work=        2 frontier=        8 next=        2 consolidate=  0.002ms frontier=  0.000ms semisort=  0.002ms (keyed= 0.000ms group_by=  0.000ms per_group= 0.001ms)
[pe] round=160 work=        2 frontier=        4 next=        2 consolidate=  0.003ms frontier=  0.000ms semisort=  0.002ms (keyed= 0.000ms group_by=  0.000ms per_group= 0.001ms)
[pe] round=161 work=        2 frontier=       26 next=        3 consolidate=  0.003ms frontier=  0.000ms semisort=  0.005ms (keyed= 0.000ms group_by=  0.001ms per_group= 0.001ms)
[pe] round=162 work=        3 frontier=        8 next=        2 consolidate=  0.003ms frontier=  0.000ms semisort=  0.002ms (keyed= 0.000ms group_by=  0.000ms per_group= 0.001ms)
[pe] round=163 work=        2 frontier=        8 next=        2 consolidate=  0.002ms frontier=  0.000ms semisort=  0.002ms (keyed= 0.000ms group_by=  0.000ms per_group= 0.001ms)
[pe] round=164 work=        2 frontier=        4 next=        2 consolidate=  0.002ms frontier=  0.000ms semisort=  0.002ms (keyed= 0.000ms group_by=  0.000ms per_group= 0.001ms)
[pe] round=165 work=        2 frontier=       26 next=        3 consolidate=  0.003ms frontier=  0.000ms semisort=  0.005ms (keyed= 0.000ms group_by=  0.001ms per_group= 0.001ms)
[pe] round=166 work=        3 frontier=        8 next=        2 consolidate=  0.003ms frontier=  0.000ms semisort=  0.002ms (keyed= 0.000ms group_by=  0.000ms per_group= 0.001ms)
[pe] round=167 work=        2 frontier=        8 next=        2 consolidate=  0.002ms frontier=  0.000ms semisort=  0.003ms (keyed= 0.000ms group_by=  0.000ms per_group= 0.001ms)
[pe] round=168 work=        2 frontier=        4 next=        2 consolidate=  0.003ms frontier=  0.000ms semisort=  0.002ms (keyed= 0.000ms group_by=  0.000ms per_group= 0.001ms)
[pe] round=169 work=        2 frontier=       26 next=        3 consolidate=  0.003ms frontier=  0.000ms semisort=  0.005ms (keyed= 0.000ms group_by=  0.001ms per_group= 0.001ms)
[pe] round=170 work=        3 frontier=        8 next=        2 consolidate=  0.003ms frontier=  0.000ms semisort=  0.002ms (keyed= 0.000ms group_by=  0.000ms per_group= 0.001ms)
[pe] round=171 work=        2 frontier=        8 next=        2 consolidate=  0.002ms frontier=  0.000ms semisort=  0.002ms (keyed= 0.000ms group_by=  0.000ms per_group= 0.001ms)
[pe] round=172 work=        2 frontier=        4 next=        2 consolidate=  0.002ms frontier=  0.000ms semisort=  0.002ms (keyed= 0.000ms group_by=  0.000ms per_group= 0.001ms)
[pe] round=173 work=        2 frontier=       26 next=        3 consolidate=  0.002ms frontier=  0.000ms semisort=  0.005ms (keyed= 0.000ms group_by=  0.001ms per_group= 0.001ms)
[pe] round=174 work=        3 frontier=        8 next=        2 consolidate=  0.003ms frontier=  0.000ms semisort=  0.002ms (keyed= 0.000ms group_by=  0.000ms per_group= 0.001ms)
[pe] round=175 work=        2 frontier=        8 next=        2 consolidate=  0.002ms frontier=  0.000ms semisort=  0.002ms (keyed= 0.000ms group_by=  0.000ms per_group= 0.001ms)
[pe] round=176 work=        2 frontier=        4 next=        2 consolidate=  0.002ms frontier=  0.000ms semisort=  0.002ms (keyed= 0.000ms group_by=  0.000ms per_group= 0.001ms)
[pe] round=177 work=        2 frontier=       26 next=        3 consolidate=  0.003ms frontier=  0.000ms semisort=  0.006ms (keyed= 0.000ms group_by=  0.001ms per_group= 0.001ms)
[pe] round=178 work=        3 frontier=        8 next=        2 consolidate=  0.003ms frontier=  0.000ms semisort=  0.003ms (keyed= 0.000ms group_by=  0.000ms per_group= 0.001ms)
[pe] round=179 work=        2 frontier=        8 next=        2 consolidate=  0.002ms frontier=  0.000ms semisort=  0.002ms (keyed= 0.000ms group_by=  0.000ms per_group= 0.001ms)
[pe] round=180 work=        2 frontier=        4 next=        2 consolidate=  0.002ms frontier=  0.000ms semisort=  0.002ms (keyed= 0.000ms group_by=  0.000ms per_group= 0.001ms)
[pe] round=181 work=        2 frontier=       26 next=        3 consolidate=  0.003ms frontier=  0.000ms semisort=  0.006ms (keyed= 0.000ms group_by=  0.001ms per_group= 0.001ms)
[pe] round=182 work=        3 frontier=        8 next=        2 consolidate=  0.003ms frontier=  0.000ms semisort=  0.002ms (keyed= 0.000ms group_by=  0.000ms per_group= 0.001ms)
[pe] round=183 work=        2 frontier=        8 next=        2 consolidate=  0.003ms frontier=  0.000ms semisort=  0.003ms (keyed= 0.000ms group_by=  0.000ms per_group= 0.001ms)
[pe] round=184 work=        2 frontier=        4 next=        2 consolidate=  0.002ms frontier=  0.000ms semisort=  0.002ms (keyed= 0.000ms group_by=  0.000ms per_group= 0.001ms)
[pe] round=185 work=        2 frontier=       26 next=        3 consolidate=  0.003ms frontier=  0.000ms semisort=  0.005ms (keyed= 0.000ms group_by=  0.001ms per_group= 0.001ms)
[pe] round=186 work=        3 frontier=        8 next=        2 consolidate=  0.003ms frontier=  0.000ms semisort=  0.002ms (keyed= 0.000ms group_by=  0.000ms per_group= 0.001ms)
[pe] round=187 work=        2 frontier=        8 next=        2 consolidate=  0.002ms frontier=  0.000ms semisort=  0.003ms (keyed= 0.000ms group_by=  0.000ms per_group= 0.001ms)
[pe] round=188 work=        2 frontier=        4 next=        2 consolidate=  0.002ms frontier=  0.000ms semisort=  0.002ms (keyed= 0.000ms group_by=  0.000ms per_group= 0.001ms)
[pe] round=189 work=        2 frontier=       26 next=        3 consolidate=  0.003ms frontier=  0.000ms semisort=  0.005ms (keyed= 0.000ms group_by=  0.001ms per_group= 0.001ms)
[pe] round=190 work=        3 frontier=        8 next=        2 consolidate=  0.003ms frontier=  0.000ms semisort=  0.002ms (keyed= 0.000ms group_by=  0.000ms per_group= 0.001ms)
[pe] round=191 work=        2 frontier=        8 next=        2 consolidate=  0.003ms frontier=  0.000ms semisort=  0.003ms (keyed= 0.000ms group_by=  0.000ms per_group= 0.001ms)
[pe] round=192 work=        2 frontier=        4 next=        2 consolidate=  0.002ms frontier=  0.000ms semisort=  0.002ms (keyed= 0.000ms group_by=  0.000ms per_group= 0.001ms)
[pe] round=193 work=        2 frontier=       26 next=        3 consolidate=  0.003ms frontier=  0.000ms semisort=  0.005ms (keyed= 0.000ms group_by=  0.001ms per_group= 0.001ms)
[pe] round=194 work=        3 frontier=        8 next=        2 consolidate=  0.003ms frontier=  0.000ms semisort=  0.002ms (keyed= 0.000ms group_by=  0.000ms per_group= 0.001ms)
[pe] round=195 work=        2 frontier=        8 next=        2 consolidate=  0.002ms frontier=  0.000ms semisort=  0.003ms (keyed= 0.000ms group_by=  0.000ms per_group= 0.001ms)
[pe] round=196 work=        2 frontier=        4 next=        2 consolidate=  0.003ms frontier=  0.000ms semisort=  0.002ms (keyed= 0.000ms group_by=  0.000ms per_group= 0.001ms)
[pe] round=197 work=        2 frontier=       26 next=        3 consolidate=  0.002ms frontier=  0.000ms semisort=  0.005ms (keyed= 0.000ms group_by=  0.001ms per_group= 0.001ms)
[pe] round=198 work=        3 frontier=        8 next=        2 consolidate=  0.003ms frontier=  0.000ms semisort=  0.002ms (keyed= 0.000ms group_by=  0.000ms per_group= 0.001ms)
[pe] round=199 work=        2 frontier=        8 next=        2 consolidate=  0.003ms frontier=  0.000ms semisort=  0.003ms (keyed= 0.000ms group_by=  0.000ms per_group= 0.001ms)
[pe] round=200 work=        2 frontier=        4 next=        2 consolidate=  0.003ms frontier=  0.000ms semisort=  0.002ms (keyed= 0.000ms group_by=  0.000ms per_group= 0.001ms)
[pe] round=201 work=        2 frontier=       26 next=        3 consolidate=  0.003ms frontier=  0.000ms semisort=  0.005ms (keyed= 0.000ms group_by=  0.001ms per_group= 0.001ms)
[pe] round=202 work=        3 frontier=        8 next=        2 consolidate=  0.003ms frontier=  0.000ms semisort=  0.002ms (keyed= 0.000ms group_by=  0.000ms per_group= 0.001ms)
[pe] round=203 work=        2 frontier=        8 next=        2 consolidate=  0.002ms frontier=  0.000ms semisort=  0.002ms (keyed= 0.000ms group_by=  0.000ms per_group= 0.001ms)
[pe] round=204 work=        2 frontier=        4 next=        2 consolidate=  0.002ms frontier=  0.000ms semisort=  0.002ms (keyed= 0.000ms group_by=  0.000ms per_group= 0.001ms)
[pe] round=205 work=        2 frontier=       26 next=        3 consolidate=  0.003ms frontier=  0.000ms semisort=  0.005ms (keyed= 0.000ms group_by=  0.001ms per_group= 0.001ms)
[pe] round=206 work=        3 frontier=        8 next=        2 consolidate=  0.003ms frontier=  0.000ms semisort=  0.002ms (keyed= 0.000ms group_by=  0.000ms per_group= 0.001ms)
[pe] round=207 work=        2 frontier=        8 next=        2 consolidate=  0.002ms frontier=  0.000ms semisort=  0.002ms (keyed= 0.000ms group_by=  0.000ms per_group= 0.001ms)
[pe] round=208 work=        2 frontier=        4 next=        2 consolidate=  0.002ms frontier=  0.000ms semisort=  0.002ms (keyed= 0.000ms group_by=  0.000ms per_group= 0.001ms)
[pe] round=209 work=        2 frontier=       26 next=        3 consolidate=  0.003ms frontier=  0.000ms semisort=  0.005ms (keyed= 0.000ms group_by=  0.001ms per_group= 0.001ms)
[pe] round=210 work=        3 frontier=        8 next=        2 consolidate=  0.003ms frontier=  0.000ms semisort=  0.002ms (keyed= 0.000ms group_by=  0.000ms per_group= 0.001ms)
[pe] round=211 work=        2 frontier=        8 next=        2 consolidate=  0.003ms frontier=  0.000ms semisort=  0.003ms (keyed= 0.000ms group_by=  0.000ms per_group= 0.001ms)
[pe] round=212 work=        2 frontier=        4 next=        2 consolidate=  0.002ms frontier=  0.000ms semisort=  0.002ms (keyed= 0.000ms group_by=  0.000ms per_group= 0.001ms)
[pe] round=213 work=        2 frontier=       26 next=        3 consolidate=  0.003ms frontier=  0.000ms semisort=  0.005ms (keyed= 0.000ms group_by=  0.001ms per_group= 0.001ms)
[pe] round=214 work=        3 frontier=        8 next=        2 consolidate=  0.003ms frontier=  0.000ms semisort=  0.002ms (keyed= 0.000ms group_by=  0.000ms per_group= 0.001ms)
[pe] round=215 work=        2 frontier=        8 next=        2 consolidate=  0.003ms frontier=  0.000ms semisort=  0.002ms (keyed= 0.000ms group_by=  0.000ms per_group= 0.001ms)
[pe] round=216 work=        2 frontier=        4 next=        2 consolidate=  0.002ms frontier=  0.000ms semisort=  0.002ms (keyed= 0.000ms group_by=  0.000ms per_group= 0.001ms)
[pe] round=217 work=        2 frontier=       26 next=        3 consolidate=  0.003ms frontier=  0.000ms semisort=  0.005ms (keyed= 0.000ms group_by=  0.001ms per_group= 0.001ms)
[pe] round=218 work=        3 frontier=        8 next=        2 consolidate=  0.003ms frontier=  0.000ms semisort=  0.003ms (keyed= 0.000ms group_by=  0.000ms per_group= 0.001ms)
[pe] round=219 work=        2 frontier=        8 next=        2 consolidate=  0.002ms frontier=  0.000ms semisort=  0.002ms (keyed= 0.000ms group_by=  0.000ms per_group= 0.001ms)
[pe] round=220 work=        2 frontier=        4 next=        2 consolidate=  0.002ms frontier=  0.000ms semisort=  0.002ms (keyed= 0.000ms group_by=  0.000ms per_group= 0.001ms)
[pe] round=221 work=        2 frontier=       26 next=        3 consolidate=  0.003ms frontier=  0.000ms semisort=  0.005ms (keyed= 0.000ms group_by=  0.001ms per_group= 0.001ms)
[pe] round=222 work=        3 frontier=        8 next=        2 consolidate=  0.003ms frontier=  0.000ms semisort=  0.002ms (keyed= 0.000ms group_by=  0.000ms per_group= 0.001ms)
[pe] round=223 work=        2 frontier=        8 next=        2 consolidate=  0.002ms frontier=  0.000ms semisort=  0.002ms (keyed= 0.000ms group_by=  0.000ms per_group= 0.001ms)
[pe] round=224 work=        2 frontier=        4 next=        2 consolidate=  0.002ms frontier=  0.000ms semisort=  0.002ms (keyed= 0.000ms group_by=  0.000ms per_group= 0.001ms)
[pe] round=225 work=        2 frontier=       26 next=        3 consolidate=  0.003ms frontier=  0.000ms semisort=  0.005ms (keyed= 0.000ms group_by=  0.001ms per_group= 0.001ms)
[pe] round=226 work=        3 frontier=        8 next=        2 consolidate=  0.003ms frontier=  0.000ms semisort=  0.002ms (keyed= 0.000ms group_by=  0.000ms per_group= 0.001ms)
[pe] round=227 work=        2 frontier=        8 next=        2 consolidate=  0.002ms frontier=  0.000ms semisort=  0.002ms (keyed= 0.000ms group_by=  0.000ms per_group= 0.001ms)
[pe] round=228 work=        2 frontier=        4 next=        2 consolidate=  0.002ms frontier=  0.000ms semisort=  0.002ms (keyed= 0.000ms group_by=  0.000ms per_group= 0.001ms)
[pe] round=229 work=        2 frontier=       26 next=        3 consolidate=  0.003ms frontier=  0.000ms semisort=  0.005ms (keyed= 0.000ms group_by=  0.001ms per_group= 0.001ms)
[pe] round=230 work=        3 frontier=        8 next=        2 consolidate=  0.003ms frontier=  0.000ms semisort=  0.002ms (keyed= 0.000ms group_by=  0.000ms per_group= 0.001ms)
[pe] round=231 work=        2 frontier=        8 next=        2 consolidate=  0.002ms frontier=  0.000ms semisort=  0.002ms (keyed= 0.000ms group_by=  0.000ms per_group= 0.001ms)
[pe] round=232 work=        2 frontier=        4 next=        2 consolidate=  0.003ms frontier=  0.000ms semisort=  0.002ms (keyed= 0.000ms group_by=  0.000ms per_group= 0.001ms)
[pe] round=233 work=        2 frontier=       26 next=        3 consolidate=  0.002ms frontier=  0.000ms semisort=  0.005ms (keyed= 0.000ms group_by=  0.001ms per_group= 0.001ms)
[pe] round=234 work=        3 frontier=        8 next=        2 consolidate=  0.003ms frontier=  0.000ms semisort=  0.002ms (keyed= 0.000ms group_by=  0.000ms per_group= 0.001ms)
[pe] round=235 work=        2 frontier=        8 next=        2 consolidate=  0.003ms frontier=  0.000ms semisort=  0.002ms (keyed= 0.000ms group_by=  0.000ms per_group= 0.001ms)
[pe] round=236 work=        2 frontier=        4 next=        2 consolidate=  0.002ms frontier=  0.000ms semisort=  0.002ms (keyed= 0.000ms group_by=  0.000ms per_group= 0.001ms)
[pe] round=237 work=        2 frontier=       26 next=        3 consolidate=  0.003ms frontier=  0.000ms semisort=  0.005ms (keyed= 0.000ms group_by=  0.001ms per_group= 0.001ms)
[pe] round=238 work=        3 frontier=        8 next=        2 consolidate=  0.003ms frontier=  0.000ms semisort=  0.002ms (keyed= 0.000ms group_by=  0.000ms per_group= 0.001ms)
[pe] round=239 work=        2 frontier=        8 next=        2 consolidate=  0.002ms frontier=  0.000ms semisort=  0.003ms (keyed= 0.000ms group_by=  0.000ms per_group= 0.001ms)
[pe] round=240 work=        2 frontier=        4 next=        2 consolidate=  0.002ms frontier=  0.000ms semisort=  0.002ms (keyed= 0.000ms group_by=  0.000ms per_group= 0.001ms)
[pe] round=241 work=        2 frontier=       26 next=        3 consolidate=  0.003ms frontier=  0.000ms semisort=  0.006ms (keyed= 0.000ms group_by=  0.001ms per_group= 0.001ms)
[pe] round=242 work=        3 frontier=        8 next=        2 consolidate=  0.003ms frontier=  0.000ms semisort=  0.002ms (keyed= 0.000ms group_by=  0.000ms per_group= 0.001ms)
[pe] round=243 work=        2 frontier=        8 next=        2 consolidate=  0.002ms frontier=  0.000ms semisort=  0.003ms (keyed= 0.000ms group_by=  0.000ms per_group= 0.001ms)
[pe] round=244 work=        2 frontier=        4 next=        2 consolidate=  0.002ms frontier=  0.000ms semisort=  0.002ms (keyed= 0.000ms group_by=  0.000ms per_group= 0.001ms)
[pe] round=245 work=        2 frontier=       26 next=        3 consolidate=  0.005ms frontier=  0.000ms semisort=  0.006ms (keyed= 0.000ms group_by=  0.001ms per_group= 0.002ms)
[pe] round=246 work=        3 frontier=        8 next=        2 consolidate=  0.003ms frontier=  0.000ms semisort=  0.002ms (keyed= 0.000ms group_by=  0.000ms per_group= 0.001ms)
[pe] round=247 work=        2 frontier=        8 next=        2 consolidate=  0.003ms frontier=  0.000ms semisort=  0.003ms (keyed= 0.000ms group_by=  0.000ms per_group= 0.001ms)
[pe] round=248 work=        2 frontier=        4 next=        2 consolidate=  0.003ms frontier=  0.000ms semisort=  0.002ms (keyed= 0.000ms group_by=  0.000ms per_group= 0.001ms)
[pe] round=249 work=        2 frontier=       26 next=        3 consolidate=  0.003ms frontier=  0.000ms semisort=  0.006ms (keyed= 0.000ms group_by=  0.001ms per_group= 0.001ms)
[pe] round=250 work=        3 frontier=        8 next=        2 consolidate=  0.003ms frontier=  0.000ms semisort=  0.003ms (keyed= 0.000ms group_by=  0.000ms per_group= 0.001ms)
[pe] round=251 work=        2 frontier=        8 next=        2 consolidate=  0.002ms frontier=  0.000ms semisort=  0.003ms (keyed= 0.000ms group_by=  0.000ms per_group= 0.001ms)
[pe] round=252 work=        2 frontier=        4 next=        2 consolidate=  0.003ms frontier=  0.000ms semisort=  0.002ms (keyed= 0.000ms group_by=  0.000ms per_group= 0.001ms)
[pe] round=253 work=        2 frontier=       26 next=        3 consolidate=  0.003ms frontier=  0.000ms semisort=  0.005ms (keyed= 0.000ms group_by=  0.001ms per_group= 0.001ms)
[pe] round=254 work=        3 frontier=        8 next=        2 consolidate=  0.004ms frontier=  0.000ms semisort=  0.003ms (keyed= 0.000ms group_by=  0.000ms per_group= 0.001ms)
[pe] round=255 work=        2 frontier=        8 next=        2 consolidate=  0.003ms frontier=  0.000ms semisort=  0.003ms (keyed= 0.000ms group_by=  0.000ms per_group= 0.001ms)
[pe] round=256 work=        2 frontier=        4 next=        2 consolidate=  0.003ms frontier=  0.000ms semisort=  0.002ms (keyed= 0.000ms group_by=  0.000ms per_group= 0.001ms)
[pe] round=257 work=        2 frontier=       18 next=        2 consolidate=  0.003ms frontier=  0.000ms semisort=  0.006ms (keyed= 0.000ms group_by=  0.001ms per_group= 0.001ms)
[pe] round=258 work=        2 frontier=        4 next=        0 consolidate=  0.002ms frontier=  0.000ms semisort=  0.002ms (keyed= 0.000ms group_by=  0.000ms per_group= 0.001ms)
[pe] round=  0 work= 10493552 frontier=  5437767 next=    24065 consolidate=3611.999ms frontier=376.747ms semisort=859.069ms (keyed=144.762ms group_by= 20.315ms per_group=82.775ms)
[pe] round=  1 work=    24065 frontier=   237543 next=    16558 consolidate= 28.948ms frontier=  1.070ms semisort= 44.298ms (keyed= 0.656ms group_by= 14.090ms per_group= 9.727ms)
[pe] round=  2 work=    16558 frontier=    56774 next=     1307 consolidate= 17.339ms frontier=  0.776ms semisort=  9.279ms (keyed= 0.095ms group_by=  2.410ms per_group= 1.490ms)
[pe] round=  3 work=     1307 frontier=    29389 next=      920 consolidate=  1.337ms frontier=  0.049ms semisort=  3.827ms (keyed= 0.049ms group_by=  0.982ms per_group= 0.722ms)
[pe] round=  4 work=      920 frontier=    12744 next=     1826 consolidate=  0.888ms frontier=  0.029ms semisort=  2.663ms (keyed= 0.023ms group_by=  0.603ms per_group= 0.862ms)
[pe] round=  5 work=     1826 frontier=     7383 next=      421 consolidate=  1.651ms frontier=  0.052ms semisort=  1.373ms (keyed= 0.014ms group_by=  0.336ms per_group= 0.240ms)
[pe] round=  6 work=      421 frontier=     1777 next=      150 consolidate=  0.413ms frontier=  0.013ms semisort=  0.269ms (keyed= 0.003ms group_by=  0.058ms per_group= 0.060ms)
[pe] round=  7 work=      150 frontier=      328 next=      115 consolidate=  0.131ms frontier=  0.006ms semisort=  0.061ms (keyed= 0.001ms group_by=  0.011ms per_group= 0.028ms)
[pe] round=  8 work=      115 frontier=     1774 next=      138 consolidate=  0.108ms frontier=  0.005ms semisort=  0.218ms (keyed= 0.002ms group_by=  0.051ms per_group= 0.052ms)
[pe] round=  9 work=      138 frontier=      912 next=       39 consolidate=  0.124ms frontier=  0.005ms semisort=  0.102ms (keyed= 0.001ms group_by=  0.026ms per_group= 0.023ms)
[pe] round= 10 work=       39 frontier=      124 next=       38 consolidate=  0.035ms frontier=  0.002ms semisort=  0.025ms (keyed= 0.000ms group_by=  0.005ms per_group= 0.011ms)
[pe] round= 11 work=       38 frontier=      670 next=       40 consolidate=  0.034ms frontier=  0.002ms semisort=  0.081ms (keyed= 0.001ms group_by=  0.019ms per_group= 0.019ms)
[pe] round= 12 work=       40 frontier=      279 next=       16 consolidate=  0.037ms frontier=  0.002ms semisort=  0.031ms (keyed= 0.001ms group_by=  0.008ms per_group= 0.008ms)
[pe] round= 13 work=       16 frontier=       67 next=       13 consolidate=  0.015ms frontier=  0.001ms semisort=  0.014ms (keyed= 0.000ms group_by=  0.002ms per_group= 0.005ms)
[pe] round= 14 work=       13 frontier=      333 next=       12 consolidate=  0.013ms frontier=  0.001ms semisort=  0.037ms (keyed= 0.001ms group_by=  0.008ms per_group= 0.008ms)
[pe] round= 15 work=       12 frontier=      124 next=        5 consolidate=  0.011ms frontier=  0.001ms semisort=  0.014ms (keyed= 0.000ms group_by=  0.004ms per_group= 0.004ms)
[pe] round= 16 work=        5 frontier=       10 next=        5 consolidate=  0.005ms frontier=  0.001ms semisort=  0.004ms (keyed= 0.000ms group_by=  0.001ms per_group= 0.002ms)
[pe] round= 17 work=        5 frontier=      431 next=        6 consolidate=  0.006ms frontier=  0.001ms semisort=  0.042ms (keyed= 0.001ms group_by=  0.009ms per_group= 0.008ms)
[pe] round= 18 work=        6 frontier=      140 next=        4 consolidate=  0.007ms frontier=  0.001ms semisort=  0.014ms (keyed= 0.000ms group_by=  0.004ms per_group= 0.004ms)
[pe] round= 19 work=        4 frontier=       12 next=        3 consolidate=  0.005ms frontier=  0.001ms semisort=  0.004ms (keyed= 0.000ms group_by=  0.001ms per_group= 0.001ms)
[pe] round= 20 work=        3 frontier=        6 next=        3 consolidate=  0.004ms frontier=  0.001ms semisort=  0.003ms (keyed= 0.000ms group_by=  0.000ms per_group= 0.001ms)
[pe] round= 21 work=        3 frontier=       39 next=        4 consolidate=  0.004ms frontier=  0.000ms semisort=  0.009ms (keyed= 0.000ms group_by=  0.002ms per_group= 0.002ms)
[pe] round= 22 work=        4 frontier=       12 next=        3 consolidate=  0.004ms frontier=  0.001ms semisort=  0.004ms (keyed= 0.000ms group_by=  0.001ms per_group= 0.001ms)
[pe] round= 23 work=        3 frontier=       12 next=        3 consolidate=  0.004ms frontier=  0.000ms semisort=  0.003ms (keyed= 0.000ms group_by=  0.000ms per_group= 0.001ms)
[pe] round= 24 work=        3 frontier=        6 next=        3 consolidate=  0.003ms frontier=  0.000ms semisort=  0.002ms (keyed= 0.000ms group_by=  0.000ms per_group= 0.001ms)
[pe] round= 25 work=        3 frontier=       37 next=        5 consolidate=  0.004ms frontier=  0.000ms semisort=  0.009ms (keyed= 0.000ms group_by=  0.001ms per_group= 0.002ms)
[pe] round= 26 work=        5 frontier=       15 next=        2 consolidate=  0.005ms frontier=  0.001ms semisort=  0.004ms (keyed= 0.000ms group_by=  0.001ms per_group= 0.001ms)
[pe] round= 27 work=        2 frontier=        8 next=        2 consolidate=  0.003ms frontier=  0.001ms semisort=  0.003ms (keyed= 0.000ms group_by=  0.000ms per_group= 0.001ms)
[pe] round= 28 work=        2 frontier=        4 next=        2 consolidate=  0.003ms frontier=  0.000ms semisort=  0.002ms (keyed= 0.000ms group_by=  0.000ms per_group= 0.001ms)
[pe] round= 29 work=        2 frontier=       26 next=        3 consolidate=  0.003ms frontier=  0.000ms semisort=  0.006ms (keyed= 0.000ms group_by=  0.001ms per_group= 0.002ms)
[pe] round= 30 work=        3 frontier=        8 next=        2 consolidate=  0.004ms frontier=  0.000ms semisort=  0.003ms (keyed= 0.000ms group_by=  0.000ms per_group= 0.001ms)
[pe] round= 31 work=        2 frontier=        8 next=        2 consolidate=  0.003ms frontier=  0.000ms semisort=  0.003ms (keyed= 0.000ms group_by=  0.000ms per_group= 0.001ms)
[pe] round= 32 work=        2 frontier=        4 next=        2 consolidate=  0.002ms frontier=  0.000ms semisort=  0.002ms (keyed= 0.000ms group_by=  0.000ms per_group= 0.001ms)
[pe] round= 33 work=        2 frontier=       26 next=        3 consolidate=  0.003ms frontier=  0.000ms semisort=  0.006ms (keyed= 0.000ms group_by=  0.001ms per_group= 0.002ms)
[pe] round= 34 work=        3 frontier=        8 next=        2 consolidate=  0.003ms frontier=  0.000ms semisort=  0.002ms (keyed= 0.000ms group_by=  0.000ms per_group= 0.001ms)
[pe] round= 35 work=        2 frontier=        8 next=        2 consolidate=  0.003ms frontier=  0.000ms semisort=  0.003ms (keyed= 0.000ms group_by=  0.000ms per_group= 0.001ms)
[pe] round= 36 work=        2 frontier=        4 next=        2 consolidate=  0.002ms frontier=  0.000ms semisort=  0.002ms (keyed= 0.000ms group_by=  0.000ms per_group= 0.001ms)
[pe] round= 37 work=        2 frontier=       26 next=        3 consolidate=  0.003ms frontier=  0.000ms semisort=  0.006ms (keyed= 0.000ms group_by=  0.001ms per_group= 0.002ms)
[pe] round= 38 work=        3 frontier=        8 next=        2 consolidate=  0.003ms frontier=  0.000ms semisort=  0.002ms (keyed= 0.000ms group_by=  0.000ms per_group= 0.001ms)
[pe] round= 39 work=        2 frontier=        8 next=        2 consolidate=  0.002ms frontier=  0.000ms semisort=  0.003ms (keyed= 0.000ms group_by=  0.000ms per_group= 0.001ms)
[pe] round= 40 work=        2 frontier=        4 next=        2 consolidate=  0.003ms frontier=  0.000ms semisort=  0.002ms (keyed= 0.000ms group_by=  0.000ms per_group= 0.001ms)
[pe] round= 41 work=        2 frontier=       26 next=        3 consolidate=  0.003ms frontier=  0.000ms semisort=  0.006ms (keyed= 0.000ms group_by=  0.001ms per_group= 0.002ms)
[pe] round= 42 work=        3 frontier=        8 next=        2 consolidate=  0.003ms frontier=  0.000ms semisort=  0.003ms (keyed= 0.000ms group_by=  0.000ms per_group= 0.001ms)
[pe] round= 43 work=        2 frontier=        8 next=        2 consolidate=  0.002ms frontier=  0.000ms semisort=  0.003ms (keyed= 0.000ms group_by=  0.000ms per_group= 0.001ms)
[pe] round= 44 work=        2 frontier=        4 next=        2 consolidate=  0.002ms frontier=  0.000ms semisort=  0.002ms (keyed= 0.000ms group_by=  0.000ms per_group= 0.001ms)
[pe] round= 45 work=        2 frontier=       26 next=        3 consolidate=  0.003ms frontier=  0.000ms semisort=  0.005ms (keyed= 0.000ms group_by=  0.001ms per_group= 0.001ms)
[pe] round= 46 work=        3 frontier=        8 next=        2 consolidate=  0.003ms frontier=  0.000ms semisort=  0.002ms (keyed= 0.000ms group_by=  0.000ms per_group= 0.001ms)
[pe] round= 47 work=        2 frontier=        8 next=        2 consolidate=  0.003ms frontier=  0.000ms semisort=  0.003ms (keyed= 0.000ms group_by=  0.000ms per_group= 0.001ms)
[pe] round= 48 work=        2 frontier=        4 next=        2 consolidate=  0.002ms frontier=  0.000ms semisort=  0.002ms (keyed= 0.000ms group_by=  0.000ms per_group= 0.001ms)
[pe] round= 49 work=        2 frontier=       26 next=        3 consolidate=  0.003ms frontier=  0.000ms semisort=  0.005ms (keyed= 0.000ms group_by=  0.001ms per_group= 0.002ms)
[pe] round= 50 work=        3 frontier=        8 next=        2 consolidate=  0.003ms frontier=  0.000ms semisort=  0.003ms (keyed= 0.000ms group_by=  0.000ms per_group= 0.001ms)
[pe] round= 51 work=        2 frontier=        8 next=        2 consolidate=  0.003ms frontier=  0.000ms semisort=  0.002ms (keyed= 0.000ms group_by=  0.000ms per_group= 0.001ms)
[pe] round= 52 work=        2 frontier=        4 next=        2 consolidate=  0.002ms frontier=  0.000ms semisort=  0.002ms (keyed= 0.000ms group_by=  0.000ms per_group= 0.001ms)
[pe] round= 53 work=        2 frontier=       26 next=        3 consolidate=  0.003ms frontier=  0.000ms semisort=  0.005ms (keyed= 0.000ms group_by=  0.001ms per_group= 0.002ms)
[pe] round= 54 work=        3 frontier=        8 next=        2 consolidate=  0.003ms frontier=  0.000ms semisort=  0.003ms (keyed= 0.000ms group_by=  0.000ms per_group= 0.001ms)
[pe] round= 55 work=        2 frontier=        8 next=        2 consolidate=  0.003ms frontier=  0.000ms semisort=  0.002ms (keyed= 0.000ms group_by=  0.000ms per_group= 0.001ms)
[pe] round= 56 work=        2 frontier=        4 next=        2 consolidate=  0.002ms frontier=  0.000ms semisort=  0.002ms (keyed= 0.000ms group_by=  0.000ms per_group= 0.001ms)
[pe] round= 57 work=        2 frontier=       26 next=        3 consolidate=  0.002ms frontier=  0.000ms semisort=  0.005ms (keyed= 0.000ms group_by=  0.001ms per_group= 0.001ms)
[pe] round= 58 work=        3 frontier=        8 next=        2 consolidate=  0.003ms frontier=  0.000ms semisort=  0.003ms (keyed= 0.000ms group_by=  0.000ms per_group= 0.001ms)
[pe] round= 59 work=        2 frontier=        8 next=        2 consolidate=  0.002ms frontier=  0.000ms semisort=  0.003ms (keyed= 0.000ms group_by=  0.000ms per_group= 0.001ms)
[pe] round= 60 work=        2 frontier=        4 next=        2 consolidate=  0.002ms frontier=  0.000ms semisort=  0.002ms (keyed= 0.000ms group_by=  0.000ms per_group= 0.001ms)
[pe] round= 61 work=        2 frontier=       26 next=        3 consolidate=  0.003ms frontier=  0.000ms semisort=  0.005ms (keyed= 0.000ms group_by=  0.001ms per_group= 0.002ms)
[pe] round= 62 work=        3 frontier=        8 next=        2 consolidate=  0.003ms frontier=  0.000ms semisort=  0.003ms (keyed= 0.000ms group_by=  0.000ms per_group= 0.001ms)
[pe] round= 63 work=        2 frontier=        8 next=        2 consolidate=  0.003ms frontier=  0.000ms semisort=  0.003ms (keyed= 0.000ms group_by=  0.000ms per_group= 0.001ms)
[pe] round= 64 work=        2 frontier=        4 next=        2 consolidate=  0.003ms frontier=  0.000ms semisort=  0.002ms (keyed= 0.000ms group_by=  0.000ms per_group= 0.001ms)
[pe] round= 65 work=        2 frontier=       26 next=        3 consolidate=  0.003ms frontier=  0.000ms semisort=  0.005ms (keyed= 0.000ms group_by=  0.001ms per_group= 0.001ms)
[pe] round= 66 work=        3 frontier=        8 next=        2 consolidate=  0.003ms frontier=  0.000ms semisort=  0.002ms (keyed= 0.000ms group_by=  0.000ms per_group= 0.001ms)
[pe] round= 67 work=        2 frontier=        8 next=        2 consolidate=  0.003ms frontier=  0.000ms semisort=  0.002ms (keyed= 0.000ms group_by=  0.000ms per_group= 0.001ms)
[pe] round= 68 work=        2 frontier=        4 next=        2 consolidate=  0.002ms frontier=  0.000ms semisort=  0.002ms (keyed= 0.000ms group_by=  0.000ms per_group= 0.001ms)
[pe] round= 69 work=        2 frontier=       26 next=        3 consolidate=  0.003ms frontier=  0.000ms semisort=  0.005ms (keyed= 0.000ms group_by=  0.001ms per_group= 0.001ms)
[pe] round= 70 work=        3 frontier=        8 next=        2 consolidate=  0.003ms frontier=  0.000ms semisort=  0.002ms (keyed= 0.000ms group_by=  0.000ms per_group= 0.001ms)
[pe] round= 71 work=        2 frontier=        8 next=        2 consolidate=  0.003ms frontier=  0.000ms semisort=  0.002ms (keyed= 0.000ms group_by=  0.000ms per_group= 0.001ms)
[pe] round= 72 work=        2 frontier=        4 next=        2 consolidate=  0.003ms frontier=  0.000ms semisort=  0.002ms (keyed= 0.000ms group_by=  0.000ms per_group= 0.001ms)
[pe] round= 73 work=        2 frontier=       26 next=        3 consolidate=  0.002ms frontier=  0.000ms semisort=  0.005ms (keyed= 0.000ms group_by=  0.001ms per_group= 0.001ms)
[pe] round= 74 work=        3 frontier=        8 next=        2 consolidate=  0.003ms frontier=  0.000ms semisort=  0.002ms (keyed= 0.000ms group_by=  0.000ms per_group= 0.001ms)
[pe] round= 75 work=        2 frontier=        8 next=        2 consolidate=  0.003ms frontier=  0.000ms semisort=  0.003ms (keyed= 0.000ms group_by=  0.000ms per_group= 0.001ms)
[pe] round= 76 work=        2 frontier=        4 next=        2 consolidate=  0.002ms frontier=  0.000ms semisort=  0.002ms (keyed= 0.000ms group_by=  0.000ms per_group= 0.001ms)
[pe] round= 77 work=        2 frontier=       26 next=        3 consolidate=  0.003ms frontier=  0.000ms semisort=  0.006ms (keyed= 0.000ms group_by=  0.001ms per_group= 0.002ms)
[pe] round= 78 work=        3 frontier=        8 next=        2 consolidate=  0.007ms frontier=  0.000ms semisort=  0.003ms (keyed= 0.000ms group_by=  0.000ms per_group= 0.001ms)
[pe] round= 79 work=        2 frontier=        8 next=        2 consolidate=  0.003ms frontier=  0.000ms semisort=  0.002ms (keyed= 0.000ms group_by=  0.000ms per_group= 0.001ms)
[pe] round= 80 work=        2 frontier=        4 next=        2 consolidate=  0.003ms frontier=  0.000ms semisort=  0.002ms (keyed= 0.000ms group_by=  0.000ms per_group= 0.001ms)
[pe] round= 81 work=        2 frontier=       26 next=        3 consolidate=  0.003ms frontier=  0.000ms semisort=  0.005ms (keyed= 0.000ms group_by=  0.001ms per_group= 0.002ms)
[pe] round= 82 work=        3 frontier=        8 next=        2 consolidate=  0.003ms frontier=  0.000ms semisort=  0.003ms (keyed= 0.000ms group_by=  0.000ms per_group= 0.001ms)
[pe] round= 83 work=        2 frontier=        8 next=        2 consolidate=  0.003ms frontier=  0.000ms semisort=  0.003ms (keyed= 0.000ms group_by=  0.000ms per_group= 0.001ms)
[pe] round= 84 work=        2 frontier=        4 next=        2 consolidate=  0.002ms frontier=  0.000ms semisort=  0.002ms (keyed= 0.000ms group_by=  0.000ms per_group= 0.001ms)
[pe] round= 85 work=        2 frontier=       26 next=        3 consolidate=  0.003ms frontier=  0.000ms semisort=  0.005ms (keyed= 0.000ms group_by=  0.001ms per_group= 0.001ms)
[pe] round= 86 work=        3 frontier=        8 next=        2 consolidate=  0.004ms frontier=  0.000ms semisort=  0.002ms (keyed= 0.000ms group_by=  0.000ms per_group= 0.001ms)
[pe] round= 87 work=        2 frontier=        8 next=        2 consolidate=  0.003ms frontier=  0.000ms semisort=  0.002ms (keyed= 0.000ms group_by=  0.000ms per_group= 0.001ms)
[pe] round= 88 work=        2 frontier=        4 next=        2 consolidate=  0.002ms frontier=  0.000ms semisort=  0.002ms (keyed= 0.000ms group_by=  0.000ms per_group= 0.001ms)
[pe] round= 89 work=        2 frontier=       26 next=        3 consolidate=  0.003ms frontier=  0.000ms semisort=  0.005ms (keyed= 0.000ms group_by=  0.001ms per_group= 0.001ms)
[pe] round= 90 work=        3 frontier=        8 next=        2 consolidate=  0.003ms frontier=  0.000ms semisort=  0.003ms (keyed= 0.000ms group_by=  0.000ms per_group= 0.001ms)
[pe] round= 91 work=        2 frontier=        8 next=        2 consolidate=  0.003ms frontier=  0.000ms semisort=  0.002ms (keyed= 0.000ms group_by=  0.000ms per_group= 0.001ms)
[pe] round= 92 work=        2 frontier=        4 next=        2 consolidate=  0.002ms frontier=  0.000ms semisort=  0.002ms (keyed= 0.000ms group_by=  0.000ms per_group= 0.001ms)
[pe] round= 93 work=        2 frontier=       26 next=        3 consolidate=  0.003ms frontier=  0.000ms semisort=  0.005ms (keyed= 0.000ms group_by=  0.001ms per_group= 0.001ms)
[pe] round= 94 work=        3 frontier=        8 next=        2 consolidate=  0.004ms frontier=  0.000ms semisort=  0.003ms (keyed= 0.000ms group_by=  0.000ms per_group= 0.001ms)
[pe] round= 95 work=        2 frontier=        8 next=        2 consolidate=  0.003ms frontier=  0.000ms semisort=  0.003ms (keyed= 0.000ms group_by=  0.000ms per_group= 0.001ms)
[pe] round= 96 work=        2 frontier=        4 next=        2 consolidate=  0.002ms frontier=  0.000ms semisort=  0.002ms (keyed= 0.000ms group_by=  0.000ms per_group= 0.001ms)
[pe] round= 97 work=        2 frontier=       26 next=        3 consolidate=  0.003ms frontier=  0.000ms semisort=  0.005ms (keyed= 0.000ms group_by=  0.001ms per_group= 0.001ms)
[pe] round= 98 work=        3 frontier=        8 next=        2 consolidate=  0.003ms frontier=  0.000ms semisort=  0.002ms (keyed= 0.000ms group_by=  0.000ms per_group= 0.001ms)
[pe] round= 99 work=        2 frontier=        8 next=        2 consolidate=  0.003ms frontier=  0.000ms semisort=  0.003ms (keyed= 0.000ms group_by=  0.000ms per_group= 0.001ms)
[pe] round=100 work=        2 frontier=        4 next=        2 consolidate=  0.002ms frontier=  0.000ms semisort=  0.002ms (keyed= 0.000ms group_by=  0.000ms per_group= 0.001ms)
[pe] round=101 work=        2 frontier=       26 next=        3 consolidate=  0.003ms frontier=  0.000ms semisort=  0.005ms (keyed= 0.000ms group_by=  0.001ms per_group= 0.002ms)
[pe] round=102 work=        3 frontier=        8 next=        2 consolidate=  0.003ms frontier=  0.000ms semisort=  0.002ms (keyed= 0.000ms group_by=  0.000ms per_group= 0.001ms)
[pe] round=103 work=        2 frontier=        8 next=        2 consolidate=  0.003ms frontier=  0.000ms semisort=  0.002ms (keyed= 0.000ms group_by=  0.000ms per_group= 0.001ms)
[pe] round=104 work=        2 frontier=        4 next=        2 consolidate=  0.003ms frontier=  0.000ms semisort=  0.002ms (keyed= 0.000ms group_by=  0.000ms per_group= 0.001ms)
[pe] round=105 work=        2 frontier=       26 next=        3 consolidate=  0.002ms frontier=  0.000ms semisort=  0.005ms (keyed= 0.000ms group_by=  0.001ms per_group= 0.001ms)
[pe] round=106 work=        3 frontier=        8 next=        2 consolidate=  0.003ms frontier=  0.000ms semisort=  0.002ms (keyed= 0.000ms group_by=  0.000ms per_group= 0.001ms)
[pe] round=107 work=        2 frontier=        8 next=        2 consolidate=  0.003ms frontier=  0.000ms semisort=  0.003ms (keyed= 0.000ms group_by=  0.000ms per_group= 0.001ms)
[pe] round=108 work=        2 frontier=        4 next=        2 consolidate=  0.002ms frontier=  0.000ms semisort=  0.002ms (keyed= 0.000ms group_by=  0.000ms per_group= 0.001ms)
[pe] round=109 work=        2 frontier=       26 next=        3 consolidate=  0.002ms frontier=  0.000ms semisort=  0.005ms (keyed= 0.000ms group_by=  0.001ms per_group= 0.001ms)
[pe] round=110 work=        3 frontier=        8 next=        2 consolidate=  0.003ms frontier=  0.000ms semisort=  0.003ms (keyed= 0.000ms group_by=  0.000ms per_group= 0.001ms)
[pe] round=111 work=        2 frontier=        8 next=        2 consolidate=  0.003ms frontier=  0.000ms semisort=  0.002ms (keyed= 0.000ms group_by=  0.000ms per_group= 0.001ms)
[pe] round=112 work=        2 frontier=        4 next=        2 consolidate=  0.002ms frontier=  0.000ms semisort=  0.002ms (keyed= 0.000ms group_by=  0.000ms per_group= 0.001ms)
[pe] round=113 work=        2 frontier=       26 next=        3 consolidate=  0.003ms frontier=  0.000ms semisort=  0.005ms (keyed= 0.000ms group_by=  0.001ms per_group= 0.001ms)
[pe] round=114 work=        3 frontier=        8 next=        2 consolidate=  0.003ms frontier=  0.000ms semisort=  0.003ms (keyed= 0.000ms group_by=  0.000ms per_group= 0.001ms)
[pe] round=115 work=        2 frontier=        8 next=        2 consolidate=  0.002ms frontier=  0.000ms semisort=  0.002ms (keyed= 0.000ms group_by=  0.000ms per_group= 0.001ms)
[pe] round=116 work=        2 frontier=        4 next=        2 consolidate=  0.002ms frontier=  0.000ms semisort=  0.002ms (keyed= 0.000ms group_by=  0.000ms per_group= 0.001ms)
[pe] round=117 work=        2 frontier=       26 next=        3 consolidate=  0.003ms frontier=  0.000ms semisort=  0.005ms (keyed= 0.000ms group_by=  0.001ms per_group= 0.002ms)
[pe] round=118 work=        3 frontier=        8 next=        2 consolidate=  0.003ms frontier=  0.000ms semisort=  0.002ms (keyed= 0.000ms group_by=  0.000ms per_group= 0.001ms)
[pe] round=119 work=        2 frontier=        8 next=        2 consolidate=  0.003ms frontier=  0.000ms semisort=  0.003ms (keyed= 0.000ms group_by=  0.000ms per_group= 0.001ms)
[pe] round=120 work=        2 frontier=        4 next=        2 consolidate=  0.003ms frontier=  0.000ms semisort=  0.002ms (keyed= 0.000ms group_by=  0.000ms per_group= 0.001ms)
[pe] round=121 work=        2 frontier=       26 next=        3 consolidate=  0.003ms frontier=  0.000ms semisort=  0.005ms (keyed= 0.000ms group_by=  0.001ms per_group= 0.001ms)
[pe] round=122 work=        3 frontier=        8 next=        2 consolidate=  0.003ms frontier=  0.000ms semisort=  0.002ms (keyed= 0.000ms group_by=  0.000ms per_group= 0.001ms)
[pe] round=123 work=        2 frontier=        8 next=        2 consolidate=  0.003ms frontier=  0.000ms semisort=  0.002ms (keyed= 0.000ms group_by=  0.000ms per_group= 0.001ms)
[pe] round=124 work=        2 frontier=        4 next=        2 consolidate=  0.002ms frontier=  0.000ms semisort=  0.002ms (keyed= 0.000ms group_by=  0.000ms per_group= 0.001ms)
[pe] round=125 work=        2 frontier=       26 next=        3 consolidate=  0.003ms frontier=  0.000ms semisort=  0.005ms (keyed= 0.000ms group_by=  0.001ms per_group= 0.002ms)
[pe] round=126 work=        3 frontier=        8 next=        2 consolidate=  0.003ms frontier=  0.000ms semisort=  0.003ms (keyed= 0.000ms group_by=  0.000ms per_group= 0.001ms)
[pe] round=127 work=        2 frontier=        8 next=        2 consolidate=  0.003ms frontier=  0.000ms semisort=  0.003ms (keyed= 0.000ms group_by=  0.000ms per_group= 0.001ms)
[pe] round=128 work=        2 frontier=        4 next=        2 consolidate=  0.003ms frontier=  0.000ms semisort=  0.002ms (keyed= 0.000ms group_by=  0.000ms per_group= 0.001ms)
[pe] round=129 work=        2 frontier=       26 next=        3 consolidate=  0.003ms frontier=  0.000ms semisort=  0.005ms (keyed= 0.000ms group_by=  0.001ms per_group= 0.001ms)
[pe] round=130 work=        3 frontier=        8 next=        2 consolidate=  0.003ms frontier=  0.000ms semisort=  0.002ms (keyed= 0.000ms group_by=  0.000ms per_group= 0.001ms)
[pe] round=131 work=        2 frontier=        8 next=        2 consolidate=  0.003ms frontier=  0.000ms semisort=  0.003ms (keyed= 0.000ms group_by=  0.000ms per_group= 0.001ms)
[pe] round=132 work=        2 frontier=        4 next=        2 consolidate=  0.002ms frontier=  0.000ms semisort=  0.002ms (keyed= 0.000ms group_by=  0.000ms per_group= 0.001ms)
[pe] round=133 work=        2 frontier=       26 next=        3 consolidate=  0.003ms frontier=  0.000ms semisort=  0.005ms (keyed= 0.000ms group_by=  0.001ms per_group= 0.001ms)
[pe] round=134 work=        3 frontier=        8 next=        2 consolidate=  0.003ms frontier=  0.000ms semisort=  0.002ms (keyed= 0.000ms group_by=  0.000ms per_group= 0.001ms)
[pe] round=135 work=        2 frontier=        8 next=        2 consolidate=  0.003ms frontier=  0.000ms semisort=  0.002ms (keyed= 0.000ms group_by=  0.000ms per_group= 0.001ms)
[pe] round=136 work=        2 frontier=        4 next=        2 consolidate=  0.003ms frontier=  0.000ms semisort=  0.002ms (keyed= 0.000ms group_by=  0.000ms per_group= 0.001ms)
[pe] round=137 work=        2 frontier=       26 next=        3 consolidate=  0.003ms frontier=  0.000ms semisort=  0.005ms (keyed= 0.000ms group_by=  0.001ms per_group= 0.001ms)
[pe] round=138 work=        3 frontier=        8 next=        2 consolidate=  0.003ms frontier=  0.000ms semisort=  0.002ms (keyed= 0.000ms group_by=  0.000ms per_group= 0.001ms)
[pe] round=139 work=        2 frontier=        8 next=        2 consolidate=  0.003ms frontier=  0.000ms semisort=  0.002ms (keyed= 0.000ms group_by=  0.000ms per_group= 0.001ms)
[pe] round=140 work=        2 frontier=        4 next=        2 consolidate=  0.003ms frontier=  0.000ms semisort=  0.002ms (keyed= 0.000ms group_by=  0.000ms per_group= 0.001ms)
[pe] round=141 work=        2 frontier=       26 next=        3 consolidate=  0.002ms frontier=  0.000ms semisort=  0.005ms (keyed= 0.000ms group_by=  0.001ms per_group= 0.002ms)
[pe] round=142 work=        3 frontier=        8 next=        2 consolidate=  0.003ms frontier=  0.000ms semisort=  0.003ms (keyed= 0.000ms group_by=  0.000ms per_group= 0.001ms)
[pe] round=143 work=        2 frontier=        8 next=        2 consolidate=  0.002ms frontier=  0.000ms semisort=  0.003ms (keyed= 0.000ms group_by=  0.000ms per_group= 0.001ms)
[pe] round=144 work=        2 frontier=        4 next=        2 consolidate=  0.003ms frontier=  0.000ms semisort=  0.002ms (keyed= 0.000ms group_by=  0.000ms per_group= 0.001ms)
[pe] round=145 work=        2 frontier=       26 next=        3 consolidate=  0.003ms frontier=  0.000ms semisort=  0.005ms (keyed= 0.000ms group_by=  0.001ms per_group= 0.001ms)
[pe] round=146 work=        3 frontier=        8 next=        2 consolidate=  0.003ms frontier=  0.000ms semisort=  0.002ms (keyed= 0.000ms group_by=  0.000ms per_group= 0.001ms)
[pe] round=147 work=        2 frontier=        8 next=        2 consolidate=  0.003ms frontier=  0.000ms semisort=  0.002ms (keyed= 0.000ms group_by=  0.000ms per_group= 0.001ms)
[pe] round=148 work=        2 frontier=        4 next=        2 consolidate=  0.002ms frontier=  0.000ms semisort=  0.002ms (keyed= 0.000ms group_by=  0.000ms per_group= 0.001ms)
[pe] round=149 work=        2 frontier=       26 next=        3 consolidate=  0.003ms frontier=  0.000ms semisort=  0.006ms (keyed= 0.000ms group_by=  0.001ms per_group= 0.001ms)
[pe] round=150 work=        3 frontier=        8 next=        2 consolidate=  0.003ms frontier=  0.000ms semisort=  0.002ms (keyed= 0.000ms group_by=  0.000ms per_group= 0.001ms)
[pe] round=151 work=        2 frontier=        8 next=        2 consolidate=  0.002ms frontier=  0.000ms semisort=  0.002ms (keyed= 0.000ms group_by=  0.000ms per_group= 0.001ms)
[pe] round=152 work=        2 frontier=        4 next=        2 consolidate=  0.003ms frontier=  0.000ms semisort=  0.002ms (keyed= 0.000ms group_by=  0.000ms per_group= 0.001ms)
[pe] round=153 work=        2 frontier=       26 next=        3 consolidate=  0.002ms frontier=  0.000ms semisort=  0.005ms (keyed= 0.000ms group_by=  0.001ms per_group= 0.001ms)
[pe] round=154 work=        3 frontier=        8 next=        2 consolidate=  0.003ms frontier=  0.000ms semisort=  0.002ms (keyed= 0.000ms group_by=  0.000ms per_group= 0.001ms)
[pe] round=155 work=        2 frontier=        8 next=        2 consolidate=  0.002ms frontier=  0.000ms semisort=  0.002ms (keyed= 0.000ms group_by=  0.000ms per_group= 0.001ms)
[pe] round=156 work=        2 frontier=        4 next=        2 consolidate=  0.002ms frontier=  0.000ms semisort=  0.002ms (keyed= 0.000ms group_by=  0.000ms per_group= 0.001ms)
[pe] round=157 work=        2 frontier=       26 next=        3 consolidate=  0.002ms frontier=  0.000ms semisort=  0.005ms (keyed= 0.000ms group_by=  0.001ms per_group= 0.001ms)
[pe] round=158 work=        3 frontier=        8 next=        2 consolidate=  0.003ms frontier=  0.000ms semisort=  0.002ms (keyed= 0.000ms group_by=  0.000ms per_group= 0.001ms)
[pe] round=159 work=        2 frontier=        8 next=        2 consolidate=  0.002ms frontier=  0.000ms semisort=  0.002ms (keyed= 0.000ms group_by=  0.000ms per_group= 0.001ms)
[pe] round=160 work=        2 frontier=        4 next=        2 consolidate=  0.002ms frontier=  0.000ms semisort=  0.002ms (keyed= 0.000ms group_by=  0.000ms per_group= 0.001ms)
[pe] round=161 work=        2 frontier=       26 next=        3 consolidate=  0.003ms frontier=  0.000ms semisort=  0.005ms (keyed= 0.000ms group_by=  0.001ms per_group= 0.001ms)
[pe] round=162 work=        3 frontier=        8 next=        2 consolidate=  0.003ms frontier=  0.000ms semisort=  0.002ms (keyed= 0.000ms group_by=  0.000ms per_group= 0.001ms)
[pe] round=163 work=        2 frontier=        8 next=        2 consolidate=  0.003ms frontier=  0.000ms semisort=  0.002ms (keyed= 0.000ms group_by=  0.000ms per_group= 0.001ms)
[pe] round=164 work=        2 frontier=        4 next=        2 consolidate=  0.002ms frontier=  0.000ms semisort=  0.002ms (keyed= 0.000ms group_by=  0.000ms per_group= 0.001ms)
[pe] round=165 work=        2 frontier=       26 next=        3 consolidate=  0.003ms frontier=  0.000ms semisort=  0.005ms (keyed= 0.000ms group_by=  0.001ms per_group= 0.001ms)
[pe] round=166 work=        3 frontier=        8 next=        2 consolidate=  0.003ms frontier=  0.000ms semisort=  0.002ms (keyed= 0.000ms group_by=  0.000ms per_group= 0.001ms)
[pe] round=167 work=        2 frontier=        8 next=        2 consolidate=  0.003ms frontier=  0.000ms semisort=  0.002ms (keyed= 0.000ms group_by=  0.000ms per_group= 0.001ms)
[pe] round=168 work=        2 frontier=        4 next=        2 consolidate=  0.003ms frontier=  0.000ms semisort=  0.002ms (keyed= 0.000ms group_by=  0.000ms per_group= 0.001ms)
[pe] round=169 work=        2 frontier=       26 next=        3 consolidate=  0.002ms frontier=  0.000ms semisort=  0.005ms (keyed= 0.000ms group_by=  0.001ms per_group= 0.001ms)
[pe] round=170 work=        3 frontier=        8 next=        2 consolidate=  0.003ms frontier=  0.000ms semisort=  0.002ms (keyed= 0.000ms group_by=  0.000ms per_group= 0.001ms)
[pe] round=171 work=        2 frontier=        8 next=        2 consolidate=  0.002ms frontier=  0.000ms semisort=  0.003ms (keyed= 0.000ms group_by=  0.000ms per_group= 0.001ms)
[pe] round=172 work=        2 frontier=        4 next=        2 consolidate=  0.002ms frontier=  0.000ms semisort=  0.002ms (keyed= 0.000ms group_by=  0.000ms per_group= 0.001ms)
[pe] round=173 work=        2 frontier=       26 next=        3 consolidate=  0.003ms frontier=  0.000ms semisort=  0.005ms (keyed= 0.000ms group_by=  0.001ms per_group= 0.001ms)
[pe] round=174 work=        3 frontier=        8 next=        2 consolidate=  0.003ms frontier=  0.000ms semisort=  0.003ms (keyed= 0.000ms group_by=  0.000ms per_group= 0.001ms)
[pe] round=175 work=        2 frontier=        8 next=        2 consolidate=  0.002ms frontier=  0.000ms semisort=  0.002ms (keyed= 0.000ms group_by=  0.000ms per_group= 0.001ms)
[pe] round=176 work=        2 frontier=        4 next=        2 consolidate=  0.002ms frontier=  0.000ms semisort=  0.002ms (keyed= 0.000ms group_by=  0.000ms per_group= 0.001ms)
[pe] round=177 work=        2 frontier=       26 next=        3 consolidate=  0.003ms frontier=  0.000ms semisort=  0.005ms (keyed= 0.000ms group_by=  0.001ms per_group= 0.001ms)
[pe] round=178 work=        3 frontier=        8 next=        2 consolidate=  0.003ms frontier=  0.000ms semisort=  0.003ms (keyed= 0.000ms group_by=  0.000ms per_group= 0.001ms)
[pe] round=179 work=        2 frontier=        8 next=        2 consolidate=  0.002ms frontier=  0.000ms semisort=  0.002ms (keyed= 0.000ms group_by=  0.000ms per_group= 0.001ms)
[pe] round=180 work=        2 frontier=        4 next=        2 consolidate=  0.002ms frontier=  0.000ms semisort=  0.002ms (keyed= 0.000ms group_by=  0.000ms per_group= 0.001ms)
[pe] round=181 work=        2 frontier=       26 next=        3 consolidate=  0.003ms frontier=  0.000ms semisort=  0.005ms (keyed= 0.000ms group_by=  0.001ms per_group= 0.002ms)
[pe] round=182 work=        3 frontier=        8 next=        2 consolidate=  0.003ms frontier=  0.000ms semisort=  0.002ms (keyed= 0.000ms group_by=  0.000ms per_group= 0.001ms)
[pe] round=183 work=        2 frontier=        8 next=        2 consolidate=  0.003ms frontier=  0.000ms semisort=  0.002ms (keyed= 0.000ms group_by=  0.000ms per_group= 0.001ms)
[pe] round=184 work=        2 frontier=        4 next=        2 consolidate=  0.002ms frontier=  0.000ms semisort=  0.002ms (keyed= 0.000ms group_by=  0.000ms per_group= 0.001ms)
[pe] round=185 work=        2 frontier=       26 next=        3 consolidate=  0.002ms frontier=  0.000ms semisort=  0.005ms (keyed= 0.000ms group_by=  0.001ms per_group= 0.001ms)
[pe] round=186 work=        3 frontier=        8 next=        2 consolidate=  0.003ms frontier=  0.000ms semisort=  0.002ms (keyed= 0.000ms group_by=  0.000ms per_group= 0.001ms)
[pe] round=187 work=        2 frontier=        8 next=        2 consolidate=  0.003ms frontier=  0.000ms semisort=  0.003ms (keyed= 0.000ms group_by=  0.000ms per_group= 0.001ms)
[pe] round=188 work=        2 frontier=        4 next=        2 consolidate=  0.002ms frontier=  0.000ms semisort=  0.002ms (keyed= 0.000ms group_by=  0.000ms per_group= 0.001ms)
[pe] round=189 work=        2 frontier=       26 next=        3 consolidate=  0.003ms frontier=  0.000ms semisort=  0.005ms (keyed= 0.000ms group_by=  0.001ms per_group= 0.001ms)
[pe] round=190 work=        3 frontier=        8 next=        2 consolidate=  0.003ms frontier=  0.000ms semisort=  0.002ms (keyed= 0.000ms group_by=  0.000ms per_group= 0.001ms)
[pe] round=191 work=        2 frontier=        8 next=        2 consolidate=  0.002ms frontier=  0.000ms semisort=  0.002ms (keyed= 0.000ms group_by=  0.000ms per_group= 0.001ms)
[pe] round=192 work=        2 frontier=        4 next=        2 consolidate=  0.002ms frontier=  0.000ms semisort=  0.002ms (keyed= 0.000ms group_by=  0.000ms per_group= 0.001ms)
[pe] round=193 work=        2 frontier=       26 next=        3 consolidate=  0.003ms frontier=  0.000ms semisort=  0.005ms (keyed= 0.000ms group_by=  0.001ms per_group= 0.001ms)
[pe] round=194 work=        3 frontier=        8 next=        2 consolidate=  0.003ms frontier=  0.000ms semisort=  0.002ms (keyed= 0.000ms group_by=  0.000ms per_group= 0.001ms)
[pe] round=195 work=        2 frontier=        8 next=        2 consolidate=  0.003ms frontier=  0.000ms semisort=  0.002ms (keyed= 0.000ms group_by=  0.000ms per_group= 0.001ms)
[pe] round=196 work=        2 frontier=        4 next=        2 consolidate=  0.003ms frontier=  0.000ms semisort=  0.002ms (keyed= 0.000ms group_by=  0.000ms per_group= 0.001ms)
[pe] round=197 work=        2 frontier=       26 next=        3 consolidate=  0.002ms frontier=  0.003ms semisort=  0.006ms (keyed= 0.000ms group_by=  0.001ms per_group= 0.002ms)
[pe] round=198 work=        3 frontier=        8 next=        2 consolidate=  0.003ms frontier=  0.000ms semisort=  0.003ms (keyed= 0.000ms group_by=  0.000ms per_group= 0.001ms)
[pe] round=199 work=        2 frontier=        8 next=        2 consolidate=  0.002ms frontier=  0.000ms semisort=  0.002ms (keyed= 0.000ms group_by=  0.000ms per_group= 0.001ms)
[pe] round=200 work=        2 frontier=        4 next=        2 consolidate=  0.002ms frontier=  0.000ms semisort=  0.002ms (keyed= 0.000ms group_by=  0.000ms per_group= 0.001ms)
[pe] round=201 work=        2 frontier=       26 next=        3 consolidate=  0.002ms frontier=  0.000ms semisort=  0.005ms (keyed= 0.000ms group_by=  0.001ms per_group= 0.001ms)
[pe] round=202 work=        3 frontier=        8 next=        2 consolidate=  0.003ms frontier=  0.000ms semisort=  0.002ms (keyed= 0.000ms group_by=  0.000ms per_group= 0.001ms)
[pe] round=203 work=        2 frontier=        8 next=        2 consolidate=  0.003ms frontier=  0.000ms semisort=  0.002ms (keyed= 0.000ms group_by=  0.000ms per_group= 0.001ms)
[pe] round=204 work=        2 frontier=        4 next=        2 consolidate=  0.002ms frontier=  0.000ms semisort=  0.002ms (keyed= 0.000ms group_by=  0.000ms per_group= 0.001ms)
[pe] round=205 work=        2 frontier=       26 next=        3 consolidate=  0.003ms frontier=  0.000ms semisort=  0.005ms (keyed= 0.000ms group_by=  0.001ms per_group= 0.001ms)
[pe] round=206 work=        3 frontier=        8 next=        2 consolidate=  0.003ms frontier=  0.000ms semisort=  0.002ms (keyed= 0.000ms group_by=  0.000ms per_group= 0.001ms)
[pe] round=207 work=        2 frontier=        8 next=        2 consolidate=  0.003ms frontier=  0.000ms semisort=  0.002ms (keyed= 0.000ms group_by=  0.000ms per_group= 0.001ms)
[pe] round=208 work=        2 frontier=        4 next=        2 consolidate=  0.002ms frontier=  0.000ms semisort=  0.002ms (keyed= 0.000ms group_by=  0.000ms per_group= 0.001ms)
[pe] round=209 work=        2 frontier=       26 next=        3 consolidate=  0.002ms frontier=  0.000ms semisort=  0.006ms (keyed= 0.000ms group_by=  0.001ms per_group= 0.001ms)
[pe] round=210 work=        3 frontier=        8 next=        2 consolidate=  0.003ms frontier=  0.000ms semisort=  0.003ms (keyed= 0.000ms group_by=  0.000ms per_group= 0.001ms)
[pe] round=211 work=        2 frontier=        8 next=        2 consolidate=  0.003ms frontier=  0.000ms semisort=  0.002ms (keyed= 0.000ms group_by=  0.000ms per_group= 0.001ms)
[pe] round=212 work=        2 frontier=        4 next=        2 consolidate=  0.002ms frontier=  0.000ms semisort=  0.002ms (keyed= 0.000ms group_by=  0.000ms per_group= 0.001ms)
[pe] round=213 work=        2 frontier=       26 next=        3 consolidate=  0.003ms frontier=  0.000ms semisort=  0.005ms (keyed= 0.000ms group_by=  0.001ms per_group= 0.001ms)
[pe] round=214 work=        3 frontier=        8 next=        2 consolidate=  0.003ms frontier=  0.000ms semisort=  0.002ms (keyed= 0.000ms group_by=  0.000ms per_group= 0.001ms)
[pe] round=215 work=        2 frontier=        8 next=        2 consolidate=  0.003ms frontier=  0.000ms semisort=  0.003ms (keyed= 0.000ms group_by=  0.000ms per_group= 0.001ms)
[pe] round=216 work=        2 frontier=        4 next=        2 consolidate=  0.002ms frontier=  0.000ms semisort=  0.002ms (keyed= 0.000ms group_by=  0.000ms per_group= 0.001ms)
[pe] round=217 work=        2 frontier=       26 next=        3 consolidate=  0.002ms frontier=  0.000ms semisort=  0.006ms (keyed= 0.000ms group_by=  0.001ms per_group= 0.002ms)
[pe] round=218 work=        3 frontier=        8 next=        2 consolidate=  0.003ms frontier=  0.000ms semisort=  0.003ms (keyed= 0.000ms group_by=  0.000ms per_group= 0.001ms)
[pe] round=219 work=        2 frontier=        8 next=        2 consolidate=  0.002ms frontier=  0.000ms semisort=  0.002ms (keyed= 0.000ms group_by=  0.000ms per_group= 0.001ms)
[pe] round=220 work=        2 frontier=        4 next=        2 consolidate=  0.003ms frontier=  0.000ms semisort=  0.002ms (keyed= 0.000ms group_by=  0.000ms per_group= 0.001ms)
[pe] round=221 work=        2 frontier=       26 next=        3 consolidate=  0.003ms frontier=  0.000ms semisort=  0.005ms (keyed= 0.000ms group_by=  0.001ms per_group= 0.001ms)
[pe] round=222 work=        3 frontier=        8 next=        2 consolidate=  0.003ms frontier=  0.000ms semisort=  0.002ms (keyed= 0.000ms group_by=  0.000ms per_group= 0.001ms)
[pe] round=223 work=        2 frontier=        8 next=        2 consolidate=  0.002ms frontier=  0.000ms semisort=  0.002ms (keyed= 0.000ms group_by=  0.000ms per_group= 0.001ms)
[pe] round=224 work=        2 frontier=        4 next=        2 consolidate=  0.002ms frontier=  0.000ms semisort=  0.002ms (keyed= 0.000ms group_by=  0.000ms per_group= 0.001ms)
[pe] round=225 work=        2 frontier=       26 next=        3 consolidate=  0.003ms frontier=  0.000ms semisort=  0.005ms (keyed= 0.000ms group_by=  0.001ms per_group= 0.001ms)
[pe] round=226 work=        3 frontier=        8 next=        2 consolidate=  0.003ms frontier=  0.000ms semisort=  0.002ms (keyed= 0.000ms group_by=  0.000ms per_group= 0.001ms)
[pe] round=227 work=        2 frontier=        8 next=        2 consolidate=  0.003ms frontier=  0.000ms semisort=  0.003ms (keyed= 0.000ms group_by=  0.000ms per_group= 0.001ms)
[pe] round=228 work=        2 frontier=        4 next=        2 consolidate=  0.002ms frontier=  0.000ms semisort=  0.002ms (keyed= 0.000ms group_by=  0.000ms per_group= 0.001ms)
[pe] round=229 work=        2 frontier=       26 next=        3 consolidate=  0.003ms frontier=  0.000ms semisort=  0.005ms (keyed= 0.000ms group_by=  0.001ms per_group= 0.001ms)
[pe] round=230 work=        3 frontier=        8 next=        2 consolidate=  0.003ms frontier=  0.000ms semisort=  0.002ms (keyed= 0.000ms group_by=  0.000ms per_group= 0.001ms)
[pe] round=231 work=        2 frontier=        8 next=        2 consolidate=  0.003ms frontier=  0.000ms semisort=  0.003ms (keyed= 0.000ms group_by=  0.000ms per_group= 0.001ms)
[pe] round=232 work=        2 frontier=        4 next=        2 consolidate=  0.002ms frontier=  0.000ms semisort=  0.002ms (keyed= 0.000ms group_by=  0.000ms per_group= 0.001ms)
[pe] round=233 work=        2 frontier=       26 next=        3 consolidate=  0.002ms frontier=  0.000ms semisort=  0.005ms (keyed= 0.000ms group_by=  0.001ms per_group= 0.001ms)
[pe] round=234 work=        3 frontier=        8 next=        2 consolidate=  0.003ms frontier=  0.000ms semisort=  0.002ms (keyed= 0.000ms group_by=  0.000ms per_group= 0.001ms)
[pe] round=235 work=        2 frontier=        8 next=        2 consolidate=  0.002ms frontier=  0.000ms semisort=  0.003ms (keyed= 0.000ms group_by=  0.000ms per_group= 0.001ms)
[pe] round=236 work=        2 frontier=        4 next=        2 consolidate=  0.002ms frontier=  0.000ms semisort=  0.002ms (keyed= 0.000ms group_by=  0.000ms per_group= 0.001ms)
[pe] round=237 work=        2 frontier=       26 next=        3 consolidate=  0.002ms frontier=  0.000ms semisort=  0.005ms (keyed= 0.000ms group_by=  0.001ms per_group= 0.001ms)
[pe] round=238 work=        3 frontier=        8 next=        2 consolidate=  0.003ms frontier=  0.000ms semisort=  0.002ms (keyed= 0.000ms group_by=  0.000ms per_group= 0.001ms)
[pe] round=239 work=        2 frontier=        8 next=        2 consolidate=  0.003ms frontier=  0.000ms semisort=  0.002ms (keyed= 0.000ms group_by=  0.000ms per_group= 0.001ms)
[pe] round=240 work=        2 frontier=        4 next=        2 consolidate=  0.002ms frontier=  0.000ms semisort=  0.002ms (keyed= 0.000ms group_by=  0.000ms per_group= 0.001ms)
[pe] round=241 work=        2 frontier=       26 next=        3 consolidate=  0.003ms frontier=  0.000ms semisort=  0.005ms (keyed= 0.000ms group_by=  0.001ms per_group= 0.001ms)
[pe] round=242 work=        3 frontier=        8 next=        2 consolidate=  0.003ms frontier=  0.000ms semisort=  0.002ms (keyed= 0.000ms group_by=  0.000ms per_group= 0.001ms)
[pe] round=243 work=        2 frontier=        8 next=        2 consolidate=  0.003ms frontier=  0.000ms semisort=  0.002ms (keyed= 0.000ms group_by=  0.000ms per_group= 0.001ms)
[pe] round=244 work=        2 frontier=        4 next=        2 consolidate=  0.002ms frontier=  0.000ms semisort=  0.002ms (keyed= 0.000ms group_by=  0.000ms per_group= 0.001ms)
[pe] round=245 work=        2 frontier=       26 next=        3 consolidate=  0.003ms frontier=  0.000ms semisort=  0.005ms (keyed= 0.000ms group_by=  0.001ms per_group= 0.001ms)
[pe] round=246 work=        3 frontier=        8 next=        2 consolidate=  0.003ms frontier=  0.000ms semisort=  0.002ms (keyed= 0.000ms group_by=  0.000ms per_group= 0.001ms)
[pe] round=247 work=        2 frontier=        8 next=        2 consolidate=  0.002ms frontier=  0.000ms semisort=  0.002ms (keyed= 0.000ms group_by=  0.000ms per_group= 0.001ms)
[pe] round=248 work=        2 frontier=        4 next=        2 consolidate=  0.003ms frontier=  0.000ms semisort=  0.002ms (keyed= 0.000ms group_by=  0.000ms per_group= 0.001ms)
[pe] round=249 work=        2 frontier=       26 next=        3 consolidate=  0.002ms frontier=  0.000ms semisort=  0.005ms (keyed= 0.000ms group_by=  0.001ms per_group= 0.001ms)
[pe] round=250 work=        3 frontier=        8 next=        2 consolidate=  0.003ms frontier=  0.000ms semisort=  0.003ms (keyed= 0.000ms group_by=  0.000ms per_group= 0.001ms)
[pe] round=251 work=        2 frontier=        8 next=        2 consolidate=  0.003ms frontier=  0.000ms semisort=  0.003ms (keyed= 0.000ms group_by=  0.000ms per_group= 0.001ms)
[pe] round=252 work=        2 frontier=        4 next=        2 consolidate=  0.003ms frontier=  0.000ms semisort=  0.002ms (keyed= 0.000ms group_by=  0.000ms per_group= 0.001ms)
[pe] round=253 work=        2 frontier=       26 next=        3 consolidate=  0.003ms frontier=  0.000ms semisort=  0.006ms (keyed= 0.000ms group_by=  0.001ms per_group= 0.001ms)
[pe] round=254 work=        3 frontier=        8 next=        2 consolidate=  0.004ms frontier=  0.000ms semisort=  0.003ms (keyed= 0.000ms group_by=  0.000ms per_group= 0.001ms)
[pe] round=255 work=        2 frontier=        8 next=        2 consolidate=  0.002ms frontier=  0.000ms semisort=  0.003ms (keyed= 0.000ms group_by=  0.000ms per_group= 0.001ms)
[pe] round=256 work=        2 frontier=        4 next=        2 consolidate=  0.003ms frontier=  0.000ms semisort=  0.002ms (keyed= 0.000ms group_by=  0.000ms per_group= 0.001ms)
[pe] round=257 work=        2 frontier=       18 next=        2 consolidate=  0.003ms frontier=  0.000ms semisort=  0.005ms (keyed= 0.000ms group_by=  0.001ms per_group= 0.001ms)
[pe] round=258 work=        2 frontier=        4 next=        0 consolidate=  0.002ms frontier=  0.000ms semisort=  0.002ms (keyed= 0.000ms group_by=  0.000ms per_group= 0.001ms)
[pe] round=  0 work= 10493552 frontier=  5437767 next=    24065 consolidate=3669.218ms frontier=378.230ms semisort=861.802ms (keyed=143.714ms group_by= 20.815ms per_group=83.091ms)
[pe] round=  1 work=    24065 frontier=   237543 next=    16558 consolidate= 28.113ms frontier=  1.082ms semisort= 47.347ms (keyed= 0.656ms group_by= 16.485ms per_group= 9.870ms)
[pe] round=  2 work=    16558 frontier=    56774 next=     1307 consolidate= 17.856ms frontier=  0.788ms semisort= 10.289ms (keyed= 0.095ms group_by=  3.280ms per_group= 1.507ms)
[pe] round=  3 work=     1307 frontier=    29389 next=      920 consolidate=  1.339ms frontier=  0.048ms semisort=  4.070ms (keyed= 0.053ms group_by=  1.164ms per_group= 0.733ms)
[pe] round=  4 work=      920 frontier=    12744 next=     1826 consolidate=  0.895ms frontier=  0.029ms semisort=  2.662ms (keyed= 0.021ms group_by=  0.600ms per_group= 0.864ms)
[pe] round=  5 work=     1826 frontier=     7383 next=      421 consolidate=  1.646ms frontier=  0.051ms semisort=  1.371ms (keyed= 0.018ms group_by=  0.331ms per_group= 0.240ms)
[pe] round=  6 work=      421 frontier=     1777 next=      150 consolidate=  0.418ms frontier=  0.013ms semisort=  0.266ms (keyed= 0.003ms group_by=  0.057ms per_group= 0.060ms)
[pe] round=  7 work=      150 frontier=      328 next=      115 consolidate=  0.133ms frontier=  0.006ms semisort=  0.062ms (keyed= 0.001ms group_by=  0.011ms per_group= 0.028ms)
[pe] round=  8 work=      115 frontier=     1774 next=      138 consolidate=  0.108ms frontier=  0.005ms semisort=  0.217ms (keyed= 0.002ms group_by=  0.050ms per_group= 0.052ms)
[pe] round=  9 work=      138 frontier=      912 next=       39 consolidate=  0.126ms frontier=  0.005ms semisort=  0.099ms (keyed= 0.001ms group_by=  0.026ms per_group= 0.023ms)
[pe] round= 10 work=       39 frontier=      124 next=       38 consolidate=  0.034ms frontier=  0.002ms semisort=  0.024ms (keyed= 0.000ms group_by=  0.005ms per_group= 0.010ms)
[pe] round= 11 work=       38 frontier=      670 next=       40 consolidate=  0.034ms frontier=  0.002ms semisort=  0.079ms (keyed= 0.001ms group_by=  0.019ms per_group= 0.019ms)
[pe] round= 12 work=       40 frontier=      279 next=       16 consolidate=  0.038ms frontier=  0.002ms semisort=  0.031ms (keyed= 0.001ms group_by=  0.008ms per_group= 0.008ms)
[pe] round= 13 work=       16 frontier=       67 next=       13 consolidate=  0.015ms frontier=  0.001ms semisort=  0.014ms (keyed= 0.000ms group_by=  0.002ms per_group= 0.005ms)
[pe] round= 14 work=       13 frontier=      333 next=       12 consolidate=  0.013ms frontier=  0.001ms semisort=  0.037ms (keyed= 0.001ms group_by=  0.009ms per_group= 0.008ms)
[pe] round= 15 work=       12 frontier=      124 next=        5 consolidate=  0.011ms frontier=  0.001ms semisort=  0.014ms (keyed= 0.000ms group_by=  0.004ms per_group= 0.004ms)
[pe] round= 16 work=        5 frontier=       10 next=        5 consolidate=  0.005ms frontier=  0.001ms semisort=  0.004ms (keyed= 0.000ms group_by=  0.001ms per_group= 0.002ms)
[pe] round= 17 work=        5 frontier=      431 next=        6 consolidate=  0.005ms frontier=  0.001ms semisort=  0.043ms (keyed= 0.001ms group_by=  0.010ms per_group= 0.008ms)
[pe] round= 18 work=        6 frontier=      140 next=        4 consolidate=  0.007ms frontier=  0.001ms semisort=  0.014ms (keyed= 0.000ms group_by=  0.004ms per_group= 0.004ms)
[pe] round= 19 work=        4 frontier=       12 next=        3 consolidate=  0.008ms frontier=  0.001ms semisort=  0.004ms (keyed= 0.000ms group_by=  0.001ms per_group= 0.001ms)
[pe] round= 20 work=        3 frontier=        6 next=        3 consolidate=  0.004ms frontier=  0.001ms semisort=  0.003ms (keyed= 0.000ms group_by=  0.000ms per_group= 0.001ms)
[pe] round= 21 work=        3 frontier=       39 next=        4 consolidate=  0.004ms frontier=  0.001ms semisort=  0.008ms (keyed= 0.000ms group_by=  0.001ms per_group= 0.002ms)
[pe] round= 22 work=        4 frontier=       12 next=        3 consolidate=  0.005ms frontier=  0.001ms semisort=  0.003ms (keyed= 0.000ms group_by=  0.001ms per_group= 0.001ms)
[pe] round= 23 work=        3 frontier=       12 next=        3 consolidate=  0.003ms frontier=  0.000ms semisort=  0.004ms (keyed= 0.000ms group_by=  0.000ms per_group= 0.001ms)
[pe] round= 24 work=        3 frontier=        6 next=        3 consolidate=  0.003ms frontier=  0.000ms semisort=  0.002ms (keyed= 0.000ms group_by=  0.000ms per_group= 0.001ms)
[pe] round= 25 work=        3 frontier=       37 next=        5 consolidate=  0.003ms frontier=  0.000ms semisort=  0.008ms (keyed= 0.000ms group_by=  0.001ms per_group= 0.002ms)
[pe] round= 26 work=        5 frontier=       15 next=        2 consolidate=  0.005ms frontier=  0.001ms semisort=  0.004ms (keyed= 0.000ms group_by=  0.001ms per_group= 0.001ms)
[pe] round= 27 work=        2 frontier=        8 next=        2 consolidate=  0.003ms frontier=  0.001ms semisort=  0.003ms (keyed= 0.000ms group_by=  0.000ms per_group= 0.001ms)
[pe] round= 28 work=        2 frontier=        4 next=        2 consolidate=  0.002ms frontier=  0.000ms semisort=  0.002ms (keyed= 0.000ms group_by=  0.000ms per_group= 0.001ms)
[pe] round= 29 work=        2 frontier=       26 next=        3 consolidate=  0.003ms frontier=  0.000ms semisort=  0.006ms (keyed= 0.000ms group_by=  0.001ms per_group= 0.002ms)
[pe] round= 30 work=        3 frontier=        8 next=        2 consolidate=  0.004ms frontier=  0.000ms semisort=  0.003ms (keyed= 0.000ms group_by=  0.000ms per_group= 0.001ms)
[pe] round= 31 work=        2 frontier=        8 next=        2 consolidate=  0.002ms frontier=  0.000ms semisort=  0.003ms (keyed= 0.000ms group_by=  0.000ms per_group= 0.001ms)
[pe] round= 32 work=        2 frontier=        4 next=        2 consolidate=  0.003ms frontier=  0.000ms semisort=  0.002ms (keyed= 0.000ms group_by=  0.000ms per_group= 0.001ms)
[pe] round= 33 work=        2 frontier=       26 next=        3 consolidate=  0.003ms frontier=  0.000ms semisort=  0.005ms (keyed= 0.000ms group_by=  0.001ms per_group= 0.002ms)
[pe] round= 34 work=        3 frontier=        8 next=        2 consolidate=  0.003ms frontier=  0.000ms semisort=  0.003ms (keyed= 0.000ms group_by=  0.000ms per_group= 0.001ms)
[pe] round= 35 work=        2 frontier=        8 next=        2 consolidate=  0.003ms frontier=  0.000ms semisort=  0.003ms (keyed= 0.000ms group_by=  0.000ms per_group= 0.001ms)
[pe] round= 36 work=        2 frontier=        4 next=        2 consolidate=  0.002ms frontier=  0.000ms semisort=  0.002ms (keyed= 0.000ms group_by=  0.000ms per_group= 0.001ms)
[pe] round= 37 work=        2 frontier=       26 next=        3 consolidate=  0.003ms frontier=  0.000ms semisort=  0.006ms (keyed= 0.000ms group_by=  0.001ms per_group= 0.002ms)
[pe] round= 38 work=        3 frontier=        8 next=        2 consolidate=  0.003ms frontier=  0.000ms semisort=  0.002ms (keyed= 0.000ms group_by=  0.000ms per_group= 0.001ms)
[pe] round= 39 work=        2 frontier=        8 next=        2 consolidate=  0.002ms frontier=  0.000ms semisort=  0.003ms (keyed= 0.000ms group_by=  0.000ms per_group= 0.001ms)
[pe] round= 40 work=        2 frontier=        4 next=        2 consolidate=  0.002ms frontier=  0.000ms semisort=  0.002ms (keyed= 0.000ms group_by=  0.000ms per_group= 0.001ms)
[pe] round= 41 work=        2 frontier=       26 next=        3 consolidate=  0.002ms frontier=  0.000ms semisort=  0.005ms (keyed= 0.000ms group_by=  0.001ms per_group= 0.002ms)
[pe] round= 42 work=        3 frontier=        8 next=        2 consolidate=  0.003ms frontier=  0.000ms semisort=  0.003ms (keyed= 0.000ms group_by=  0.000ms per_group= 0.001ms)
[pe] round= 43 work=        2 frontier=        8 next=        2 consolidate=  0.002ms frontier=  0.000ms semisort=  0.003ms (keyed= 0.000ms group_by=  0.000ms per_group= 0.001ms)
[pe] round= 44 work=        2 frontier=        4 next=        2 consolidate=  0.002ms frontier=  0.000ms semisort=  0.002ms (keyed= 0.000ms group_by=  0.000ms per_group= 0.001ms)
[pe] round= 45 work=        2 frontier=       26 next=        3 consolidate=  0.003ms frontier=  0.000ms semisort=  0.005ms (keyed= 0.000ms group_by=  0.001ms per_group= 0.001ms)
[pe] round= 46 work=        3 frontier=        8 next=        2 consolidate=  0.003ms frontier=  0.000ms semisort=  0.002ms (keyed= 0.000ms group_by=  0.000ms per_group= 0.001ms)
[pe] round= 47 work=        2 frontier=        8 next=        2 consolidate=  0.002ms frontier=  0.000ms semisort=  0.003ms (keyed= 0.000ms group_by=  0.000ms per_group= 0.001ms)
[pe] round= 48 work=        2 frontier=        4 next=        2 consolidate=  0.003ms frontier=  0.000ms semisort=  0.002ms (keyed= 0.000ms group_by=  0.000ms per_group= 0.001ms)
[pe] round= 49 work=        2 frontier=       26 next=        3 consolidate=  0.002ms frontier=  0.000ms semisort=  0.006ms (keyed= 0.000ms group_by=  0.001ms per_group= 0.002ms)
[pe] round= 50 work=        3 frontier=        8 next=        2 consolidate=  0.003ms frontier=  0.000ms semisort=  0.003ms (keyed= 0.000ms group_by=  0.000ms per_group= 0.001ms)
[pe] round= 51 work=        2 frontier=        8 next=        2 consolidate=  0.003ms frontier=  0.000ms semisort=  0.003ms (keyed= 0.000ms group_by=  0.000ms per_group= 0.001ms)
[pe] round= 52 work=        2 frontier=        4 next=        2 consolidate=  0.002ms frontier=  0.000ms semisort=  0.002ms (keyed= 0.000ms group_by=  0.000ms per_group= 0.001ms)
[pe] round= 53 work=        2 frontier=       26 next=        3 consolidate=  0.003ms frontier=  0.000ms semisort=  0.005ms (keyed= 0.000ms group_by=  0.001ms per_group= 0.001ms)
[pe] round= 54 work=        3 frontier=        8 next=        2 consolidate=  0.003ms frontier=  0.000ms semisort=  0.003ms (keyed= 0.000ms group_by=  0.000ms per_group= 0.001ms)
[pe] round= 55 work=        2 frontier=        8 next=        2 consolidate=  0.003ms frontier=  0.000ms semisort=  0.002ms (keyed= 0.000ms group_by=  0.000ms per_group= 0.001ms)
[pe] round= 56 work=        2 frontier=        4 next=        2 consolidate=  0.003ms frontier=  0.000ms semisort=  0.002ms (keyed= 0.000ms group_by=  0.000ms per_group= 0.001ms)
[pe] round= 57 work=        2 frontier=       26 next=        3 consolidate=  0.003ms frontier=  0.000ms semisort=  0.005ms (keyed= 0.000ms group_by=  0.001ms per_group= 0.001ms)
[pe] round= 58 work=        3 frontier=        8 next=        2 consolidate=  0.003ms frontier=  0.000ms semisort=  0.003ms (keyed= 0.000ms group_by=  0.000ms per_group= 0.001ms)
[pe] round= 59 work=        2 frontier=        8 next=        2 consolidate=  0.003ms frontier=  0.000ms semisort=  0.002ms (keyed= 0.000ms group_by=  0.000ms per_group= 0.001ms)
[pe] round= 60 work=        2 frontier=        4 next=        2 consolidate=  0.002ms frontier=  0.000ms semisort=  0.002ms (keyed= 0.000ms group_by=  0.000ms per_group= 0.001ms)
[pe] round= 61 work=        2 frontier=       26 next=        3 consolidate=  0.003ms frontier=  0.000ms semisort=  0.005ms (keyed= 0.000ms group_by=  0.001ms per_group= 0.001ms)
[pe] round= 62 work=        3 frontier=        8 next=        2 consolidate=  0.004ms frontier=  0.000ms semisort=  0.003ms (keyed= 0.000ms group_by=  0.000ms per_group= 0.001ms)
[pe] round= 63 work=        2 frontier=        8 next=        2 consolidate=  0.003ms frontier=  0.000ms semisort=  0.003ms (keyed= 0.000ms group_by=  0.000ms per_group= 0.001ms)
[pe] round= 64 work=        2 frontier=        4 next=        2 consolidate=  0.003ms frontier=  0.000ms semisort=  0.002ms (keyed= 0.000ms group_by=  0.000ms per_group= 0.001ms)
[pe] round= 65 work=        2 frontier=       26 next=        3 consolidate=  0.002ms frontier=  0.000ms semisort=  0.005ms (keyed= 0.000ms group_by=  0.001ms per_group= 0.001ms)
[pe] round= 66 work=        3 frontier=        8 next=        2 consolidate=  0.003ms frontier=  0.000ms semisort=  0.003ms (keyed= 0.000ms group_by=  0.000ms per_group= 0.001ms)
[pe] round= 67 work=        2 frontier=        8 next=        2 consolidate=  0.002ms frontier=  0.000ms semisort=  0.003ms (keyed= 0.000ms group_by=  0.000ms per_group= 0.001ms)
[pe] round= 68 work=        2 frontier=        4 next=        2 consolidate=  0.002ms frontier=  0.000ms semisort=  0.002ms (keyed= 0.000ms group_by=  0.000ms per_group= 0.001ms)
[pe] round= 69 work=        2 frontier=       26 next=        3 consolidate=  0.002ms frontier=  0.000ms semisort=  0.005ms (keyed= 0.000ms group_by=  0.001ms per_group= 0.001ms)
[pe] round= 70 work=        3 frontier=        8 next=        2 consolidate=  0.003ms frontier=  0.000ms semisort=  0.002ms (keyed= 0.000ms group_by=  0.000ms per_group= 0.001ms)
[pe] round= 71 work=        2 frontier=        8 next=        2 consolidate=  0.003ms frontier=  0.000ms semisort=  0.003ms (keyed= 0.000ms group_by=  0.000ms per_group= 0.001ms)
[pe] round= 72 work=        2 frontier=        4 next=        2 consolidate=  0.002ms frontier=  0.000ms semisort=  0.002ms (keyed= 0.000ms group_by=  0.000ms per_group= 0.001ms)
[pe] round= 73 work=        2 frontier=       26 next=        3 consolidate=  0.003ms frontier=  0.000ms semisort=  0.005ms (keyed= 0.000ms group_by=  0.001ms per_group= 0.001ms)
[pe] round= 74 work=        3 frontier=        8 next=        2 consolidate=  0.003ms frontier=  0.000ms semisort=  0.003ms (keyed= 0.000ms group_by=  0.000ms per_group= 0.001ms)
[pe] round= 75 work=        2 frontier=        8 next=        2 consolidate=  0.002ms frontier=  0.000ms semisort=  0.003ms (keyed= 0.000ms group_by=  0.000ms per_group= 0.001ms)
[pe] round= 76 work=        2 frontier=        4 next=        2 consolidate=  0.003ms frontier=  0.000ms semisort=  0.002ms (keyed= 0.000ms group_by=  0.000ms per_group= 0.001ms)
[pe] round= 77 work=        2 frontier=       26 next=        3 consolidate=  0.003ms frontier=  0.000ms semisort=  0.005ms (keyed= 0.000ms group_by=  0.001ms per_group= 0.002ms)
[pe] round= 78 work=        3 frontier=        8 next=        2 consolidate=  0.003ms frontier=  0.000ms semisort=  0.002ms (keyed= 0.000ms group_by=  0.000ms per_group= 0.001ms)
[pe] round= 79 work=        2 frontier=        8 next=        2 consolidate=  0.002ms frontier=  0.000ms semisort=  0.002ms (keyed= 0.000ms group_by=  0.000ms per_group= 0.001ms)
[pe] round= 80 work=        2 frontier=        4 next=        2 consolidate=  0.002ms frontier=  0.000ms semisort=  0.002ms (keyed= 0.000ms group_by=  0.000ms per_group= 0.001ms)
[pe] round= 81 work=        2 frontier=       26 next=        3 consolidate=  0.003ms frontier=  0.000ms semisort=  0.006ms (keyed= 0.000ms group_by=  0.001ms per_group= 0.001ms)
[pe] round= 82 work=        3 frontier=        8 next=        2 consolidate=  0.003ms frontier=  0.000ms semisort=  0.003ms (keyed= 0.000ms group_by=  0.000ms per_group= 0.001ms)
[pe] round= 83 work=        2 frontier=        8 next=        2 consolidate=  0.002ms frontier=  0.000ms semisort=  0.002ms (keyed= 0.000ms group_by=  0.000ms per_group= 0.001ms)
[pe] round= 84 work=        2 frontier=        4 next=        2 consolidate=  0.002ms frontier=  0.000ms semisort=  0.002ms (keyed= 0.000ms group_by=  0.000ms per_group= 0.001ms)
[pe] round= 85 work=        2 frontier=       26 next=        3 consolidate=  0.003ms frontier=  0.000ms semisort=  0.005ms (keyed= 0.000ms group_by=  0.001ms per_group= 0.001ms)
[pe] round= 86 work=        3 frontier=        8 next=        2 consolidate=  0.003ms frontier=  0.000ms semisort=  0.002ms (keyed= 0.000ms group_by=  0.000ms per_group= 0.001ms)
[pe] round= 87 work=        2 frontier=        8 next=        2 consolidate=  0.003ms frontier=  0.000ms semisort=  0.002ms (keyed= 0.000ms group_by=  0.000ms per_group= 0.001ms)
[pe] round= 88 work=        2 frontier=        4 next=        2 consolidate=  0.002ms frontier=  0.000ms semisort=  0.002ms (keyed= 0.000ms group_by=  0.000ms per_group= 0.001ms)
[pe] round= 89 work=        2 frontier=       26 next=        3 consolidate=  0.003ms frontier=  0.000ms semisort=  0.005ms (keyed= 0.000ms group_by=  0.001ms per_group= 0.001ms)
[pe] round= 90 work=        3 frontier=        8 next=        2 consolidate=  0.003ms frontier=  0.000ms semisort=  0.003ms (keyed= 0.000ms group_by=  0.000ms per_group= 0.001ms)
[pe] round= 91 work=        2 frontier=        8 next=        2 consolidate=  0.002ms frontier=  0.000ms semisort=  0.002ms (keyed= 0.000ms group_by=  0.000ms per_group= 0.001ms)
[pe] round= 92 work=        2 frontier=        4 next=        2 consolidate=  0.002ms frontier=  0.000ms semisort=  0.002ms (keyed= 0.000ms group_by=  0.000ms per_group= 0.001ms)
[pe] round= 93 work=        2 frontier=       26 next=        3 consolidate=  0.002ms frontier=  0.000ms semisort=  0.005ms (keyed= 0.000ms group_by=  0.001ms per_group= 0.001ms)
[pe] round= 94 work=        3 frontier=        8 next=        2 consolidate=  0.004ms frontier=  0.000ms semisort=  0.002ms (keyed= 0.000ms group_by=  0.000ms per_group= 0.001ms)
[pe] round= 95 work=        2 frontier=        8 next=        2 consolidate=  0.003ms frontier=  0.000ms semisort=  0.003ms (keyed= 0.000ms group_by=  0.000ms per_group= 0.001ms)
[pe] round= 96 work=        2 frontier=        4 next=        2 consolidate=  0.002ms frontier=  0.000ms semisort=  0.002ms (keyed= 0.000ms group_by=  0.000ms per_group= 0.001ms)
[pe] round= 97 work=        2 frontier=       26 next=        3 consolidate=  0.003ms frontier=  0.000ms semisort=  0.005ms (keyed= 0.000ms group_by=  0.001ms per_group= 0.001ms)
[pe] round= 98 work=        3 frontier=        8 next=        2 consolidate=  0.003ms frontier=  0.000ms semisort=  0.002ms (keyed= 0.000ms group_by=  0.000ms per_group= 0.001ms)
[pe] round= 99 work=        2 frontier=        8 next=        2 consolidate=  0.003ms frontier=  0.000ms semisort=  0.002ms (keyed= 0.000ms group_by=  0.000ms per_group= 0.001ms)
[pe] round=100 work=        2 frontier=        4 next=        2 consolidate=  0.003ms frontier=  0.000ms semisort=  0.002ms (keyed= 0.000ms group_by=  0.000ms per_group= 0.001ms)
[pe] round=101 work=        2 frontier=       26 next=        3 consolidate=  0.003ms frontier=  0.000ms semisort=  0.006ms (keyed= 0.000ms group_by=  0.001ms per_group= 0.001ms)
[pe] round=102 work=        3 frontier=        8 next=        2 consolidate=  0.003ms frontier=  0.000ms semisort=  0.002ms (keyed= 0.000ms group_by=  0.000ms per_group= 0.001ms)
[pe] round=103 work=        2 frontier=        8 next=        2 consolidate=  0.003ms frontier=  0.000ms semisort=  0.003ms (keyed= 0.000ms group_by=  0.000ms per_group= 0.001ms)
[pe] round=104 work=        2 frontier=        4 next=        2 consolidate=  0.002ms frontier=  0.000ms semisort=  0.002ms (keyed= 0.000ms group_by=  0.000ms per_group= 0.001ms)
[pe] round=105 work=        2 frontier=       26 next=        3 consolidate=  0.002ms frontier=  0.000ms semisort=  0.005ms (keyed= 0.000ms group_by=  0.001ms per_group= 0.001ms)
[pe] round=106 work=        3 frontier=        8 next=        2 consolidate=  0.003ms frontier=  0.000ms semisort=  0.003ms (keyed= 0.000ms group_by=  0.000ms per_group= 0.001ms)
[pe] round=107 work=        2 frontier=        8 next=        2 consolidate=  0.002ms frontier=  0.000ms semisort=  0.003ms (keyed= 0.000ms group_by=  0.000ms per_group= 0.001ms)
[pe] round=108 work=        2 frontier=        4 next=        2 consolidate=  0.002ms frontier=  0.000ms semisort=  0.002ms (keyed= 0.000ms group_by=  0.000ms per_group= 0.001ms)
[pe] round=109 work=        2 frontier=       26 next=        3 consolidate=  0.003ms frontier=  0.000ms semisort=  0.005ms (keyed= 0.000ms group_by=  0.001ms per_group= 0.001ms)
[pe] round=110 work=        3 frontier=        8 next=        2 consolidate=  0.003ms frontier=  0.000ms semisort=  0.003ms (keyed= 0.000ms group_by=  0.000ms per_group= 0.001ms)
[pe] round=111 work=        2 frontier=        8 next=        2 consolidate=  0.003ms frontier=  0.000ms semisort=  0.003ms (keyed= 0.000ms group_by=  0.000ms per_group= 0.001ms)
[pe] round=112 work=        2 frontier=        4 next=        2 consolidate=  0.002ms frontier=  0.000ms semisort=  0.002ms (keyed= 0.000ms group_by=  0.000ms per_group= 0.001ms)
[pe] round=113 work=        2 frontier=       26 next=        3 consolidate=  0.002ms frontier=  0.000ms semisort=  0.005ms (keyed= 0.000ms group_by=  0.001ms per_group= 0.001ms)
[pe] round=114 work=        3 frontier=        8 next=        2 consolidate=  0.003ms frontier=  0.000ms semisort=  0.003ms (keyed= 0.000ms group_by=  0.000ms per_group= 0.001ms)
[pe] round=115 work=        2 frontier=        8 next=        2 consolidate=  0.002ms frontier=  0.000ms semisort=  0.002ms (keyed= 0.000ms group_by=  0.000ms per_group= 0.001ms)
[pe] round=116 work=        2 frontier=        4 next=        2 consolidate=  0.002ms frontier=  0.000ms semisort=  0.002ms (keyed= 0.000ms group_by=  0.000ms per_group= 0.001ms)
[pe] round=117 work=        2 frontier=       26 next=        3 consolidate=  0.002ms frontier=  0.000ms semisort=  0.005ms (keyed= 0.000ms group_by=  0.001ms per_group= 0.001ms)
[pe] round=118 work=        3 frontier=        8 next=        2 consolidate=  0.003ms frontier=  0.000ms semisort=  0.003ms (keyed= 0.000ms group_by=  0.000ms per_group= 0.001ms)
[pe] round=119 work=        2 frontier=        8 next=        2 consolidate=  0.003ms frontier=  0.000ms semisort=  0.003ms (keyed= 0.000ms group_by=  0.000ms per_group= 0.001ms)
[pe] round=120 work=        2 frontier=        4 next=        2 consolidate=  0.003ms frontier=  0.000ms semisort=  0.002ms (keyed= 0.000ms group_by=  0.000ms per_group= 0.001ms)
[pe] round=121 work=        2 frontier=       26 next=        3 consolidate=  0.002ms frontier=  0.000ms semisort=  0.005ms (keyed= 0.000ms group_by=  0.001ms per_group= 0.001ms)
[pe] round=122 work=        3 frontier=        8 next=        2 consolidate=  0.003ms frontier=  0.000ms semisort=  0.002ms (keyed= 0.000ms group_by=  0.000ms per_group= 0.001ms)
[pe] round=123 work=        2 frontier=        8 next=        2 consolidate=  0.003ms frontier=  0.000ms semisort=  0.002ms (keyed= 0.000ms group_by=  0.000ms per_group= 0.001ms)
[pe] round=124 work=        2 frontier=        4 next=        2 consolidate=  0.002ms frontier=  0.000ms semisort=  0.002ms (keyed= 0.000ms group_by=  0.000ms per_group= 0.001ms)
[pe] round=125 work=        2 frontier=       26 next=        3 consolidate=  0.003ms frontier=  0.000ms semisort=  0.005ms (keyed= 0.000ms group_by=  0.001ms per_group= 0.001ms)
[pe] round=126 work=        3 frontier=        8 next=        2 consolidate=  0.004ms frontier=  0.000ms semisort=  0.003ms (keyed= 0.000ms group_by=  0.000ms per_group= 0.001ms)
[pe] round=127 work=        2 frontier=        8 next=        2 consolidate=  0.003ms frontier=  0.000ms semisort=  0.002ms (keyed= 0.000ms group_by=  0.000ms per_group= 0.001ms)
[pe] round=128 work=        2 frontier=        4 next=        2 consolidate=  0.002ms frontier=  0.000ms semisort=  0.002ms (keyed= 0.000ms group_by=  0.000ms per_group= 0.001ms)
[pe] round=129 work=        2 frontier=       26 next=        3 consolidate=  0.002ms frontier=  0.000ms semisort=  0.005ms (keyed= 0.000ms group_by=  0.001ms per_group= 0.001ms)
[pe] round=130 work=        3 frontier=        8 next=        2 consolidate=  0.003ms frontier=  0.000ms semisort=  0.002ms (keyed= 0.000ms group_by=  0.000ms per_group= 0.001ms)
[pe] round=131 work=        2 frontier=        8 next=        2 consolidate=  0.003ms frontier=  0.000ms semisort=  0.002ms (keyed= 0.000ms group_by=  0.000ms per_group= 0.001ms)
[pe] round=132 work=        2 frontier=        4 next=        2 consolidate=  0.002ms frontier=  0.000ms semisort=  0.002ms (keyed= 0.000ms group_by=  0.000ms per_group= 0.001ms)
[pe] round=133 work=        2 frontier=       26 next=        3 consolidate=  0.003ms frontier=  0.000ms semisort=  0.005ms (keyed= 0.000ms group_by=  0.001ms per_group= 0.001ms)
[pe] round=134 work=        3 frontier=        8 next=        2 consolidate=  0.003ms frontier=  0.000ms semisort=  0.002ms (keyed= 0.000ms group_by=  0.000ms per_group= 0.001ms)
[pe] round=135 work=        2 frontier=        8 next=        2 consolidate=  0.003ms frontier=  0.000ms semisort=  0.003ms (keyed= 0.000ms group_by=  0.000ms per_group= 0.001ms)
[pe] round=136 work=        2 frontier=        4 next=        2 consolidate=  0.002ms frontier=  0.000ms semisort=  0.004ms (keyed= 0.000ms group_by=  0.003ms per_group= 0.001ms)
[pe] round=137 work=        2 frontier=       26 next=        3 consolidate=  0.003ms frontier=  0.001ms semisort=  0.006ms (keyed= 0.000ms group_by=  0.001ms per_group= 0.001ms)
[pe] round=138 work=        3 frontier=        8 next=        2 consolidate=  0.003ms frontier=  0.000ms semisort=  0.003ms (keyed= 0.000ms group_by=  0.000ms per_group= 0.001ms)
[pe] round=139 work=        2 frontier=        8 next=        2 consolidate=  0.003ms frontier=  0.000ms semisort=  0.002ms (keyed= 0.000ms group_by=  0.000ms per_group= 0.001ms)
[pe] round=140 work=        2 frontier=        4 next=        2 consolidate=  0.002ms frontier=  0.000ms semisort=  0.002ms (keyed= 0.000ms group_by=  0.000ms per_group= 0.001ms)
[pe] round=141 work=        2 frontier=       26 next=        3 consolidate=  0.003ms frontier=  0.000ms semisort=  0.005ms (keyed= 0.000ms group_by=  0.001ms per_group= 0.001ms)
[pe] round=142 work=        3 frontier=        8 next=        2 consolidate=  0.003ms frontier=  0.000ms semisort=  0.003ms (keyed= 0.000ms group_by=  0.000ms per_group= 0.001ms)
[pe] round=143 work=        2 frontier=        8 next=        2 consolidate=  0.003ms frontier=  0.000ms semisort=  0.003ms (keyed= 0.000ms group_by=  0.000ms per_group= 0.001ms)
[pe] round=144 work=        2 frontier=        4 next=        2 consolidate=  0.002ms frontier=  0.000ms semisort=  0.002ms (keyed= 0.000ms group_by=  0.000ms per_group= 0.001ms)
[pe] round=145 work=        2 frontier=       26 next=        3 consolidate=  0.003ms frontier=  0.000ms semisort=  0.005ms (keyed= 0.000ms group_by=  0.001ms per_group= 0.001ms)
[pe] round=146 work=        3 frontier=        8 next=        2 consolidate=  0.003ms frontier=  0.000ms semisort=  0.003ms (keyed= 0.000ms group_by=  0.000ms per_group= 0.001ms)
[pe] round=147 work=        2 frontier=        8 next=        2 consolidate=  0.002ms frontier=  0.000ms semisort=  0.002ms (keyed= 0.000ms group_by=  0.000ms per_group= 0.001ms)
[pe] round=148 work=        2 frontier=        4 next=        2 consolidate=  0.002ms frontier=  0.000ms semisort=  0.002ms (keyed= 0.000ms group_by=  0.000ms per_group= 0.001ms)
[pe] round=149 work=        2 frontier=       26 next=        3 consolidate=  0.002ms frontier=  0.000ms semisort=  0.005ms (keyed= 0.000ms group_by=  0.001ms per_group= 0.001ms)
[pe] round=150 work=        3 frontier=        8 next=        2 consolidate=  0.003ms frontier=  0.000ms semisort=  0.002ms (keyed= 0.000ms group_by=  0.000ms per_group= 0.001ms)
[pe] round=151 work=        2 frontier=        8 next=        2 consolidate=  0.003ms frontier=  0.000ms semisort=  0.002ms (keyed= 0.000ms group_by=  0.000ms per_group= 0.001ms)
[pe] round=152 work=        2 frontier=        4 next=        2 consolidate=  0.002ms frontier=  0.000ms semisort=  0.002ms (keyed= 0.000ms group_by=  0.000ms per_group= 0.001ms)
[pe] round=153 work=        2 frontier=       26 next=        3 consolidate=  0.002ms frontier=  0.000ms semisort=  0.005ms (keyed= 0.000ms group_by=  0.001ms per_group= 0.001ms)
[pe] round=154 work=        3 frontier=        8 next=        2 consolidate=  0.003ms frontier=  0.000ms semisort=  0.002ms (keyed= 0.000ms group_by=  0.000ms per_group= 0.001ms)
[pe] round=155 work=        2 frontier=        8 next=        2 consolidate=  0.003ms frontier=  0.000ms semisort=  0.003ms (keyed= 0.000ms group_by=  0.000ms per_group= 0.001ms)
[pe] round=156 work=        2 frontier=        4 next=        2 consolidate=  0.002ms frontier=  0.000ms semisort=  0.002ms (keyed= 0.000ms group_by=  0.000ms per_group= 0.001ms)
[pe] round=157 work=        2 frontier=       26 next=        3 consolidate=  0.003ms frontier=  0.000ms semisort=  0.005ms (keyed= 0.000ms group_by=  0.001ms per_group= 0.001ms)
[pe] round=158 work=        3 frontier=        8 next=        2 consolidate=  0.003ms frontier=  0.000ms semisort=  0.002ms (keyed= 0.000ms group_by=  0.000ms per_group= 0.001ms)
[pe] round=159 work=        2 frontier=        8 next=        2 consolidate=  0.002ms frontier=  0.000ms semisort=  0.002ms (keyed= 0.000ms group_by=  0.000ms per_group= 0.001ms)
[pe] round=160 work=        2 frontier=        4 next=        2 consolidate=  0.003ms frontier=  0.000ms semisort=  0.002ms (keyed= 0.000ms group_by=  0.000ms per_group= 0.001ms)
[pe] round=161 work=        2 frontier=       26 next=        3 consolidate=  0.002ms frontier=  0.000ms semisort=  0.005ms (keyed= 0.000ms group_by=  0.001ms per_group= 0.001ms)
[pe] round=162 work=        3 frontier=        8 next=        2 consolidate=  0.003ms frontier=  0.000ms semisort=  0.002ms (keyed= 0.000ms group_by=  0.000ms per_group= 0.001ms)
[pe] round=163 work=        2 frontier=        8 next=        2 consolidate=  0.003ms frontier=  0.000ms semisort=  0.002ms (keyed= 0.000ms group_by=  0.000ms per_group= 0.001ms)
[pe] round=164 work=        2 frontier=        4 next=        2 consolidate=  0.002ms frontier=  0.000ms semisort=  0.002ms (keyed= 0.000ms group_by=  0.000ms per_group= 0.001ms)
[pe] round=165 work=        2 frontier=       26 next=        3 consolidate=  0.002ms frontier=  0.000ms semisort=  0.005ms (keyed= 0.000ms group_by=  0.001ms per_group= 0.001ms)
[pe] round=166 work=        3 frontier=        8 next=        2 consolidate=  0.003ms frontier=  0.000ms semisort=  0.002ms (keyed= 0.000ms group_by=  0.000ms per_group= 0.001ms)
[pe] round=167 work=        2 frontier=        8 next=        2 consolidate=  0.003ms frontier=  0.000ms semisort=  0.003ms (keyed= 0.000ms group_by=  0.000ms per_group= 0.001ms)
[pe] round=168 work=        2 frontier=        4 next=        2 consolidate=  0.002ms frontier=  0.000ms semisort=  0.002ms (keyed= 0.000ms group_by=  0.000ms per_group= 0.001ms)
[pe] round=169 work=        2 frontier=       26 next=        3 consolidate=  0.003ms frontier=  0.000ms semisort=  0.005ms (keyed= 0.000ms group_by=  0.001ms per_group= 0.001ms)
[pe] round=170 work=        3 frontier=        8 next=        2 consolidate=  0.003ms frontier=  0.000ms semisort=  0.002ms (keyed= 0.000ms group_by=  0.000ms per_group= 0.001ms)
[pe] round=171 work=        2 frontier=        8 next=        2 consolidate=  0.003ms frontier=  0.000ms semisort=  0.003ms (keyed= 0.000ms group_by=  0.000ms per_group= 0.001ms)
[pe] round=172 work=        2 frontier=        4 next=        2 consolidate=  0.002ms frontier=  0.000ms semisort=  0.002ms (keyed= 0.000ms group_by=  0.000ms per_group= 0.001ms)
[pe] round=173 work=        2 frontier=       26 next=        3 consolidate=  0.003ms frontier=  0.000ms semisort=  0.005ms (keyed= 0.000ms group_by=  0.001ms per_group= 0.001ms)
[pe] round=174 work=        3 frontier=        8 next=        2 consolidate=  0.003ms frontier=  0.000ms semisort=  0.002ms (keyed= 0.000ms group_by=  0.000ms per_group= 0.001ms)
[pe] round=175 work=        2 frontier=        8 next=        2 consolidate=  0.002ms frontier=  0.000ms semisort=  0.002ms (keyed= 0.000ms group_by=  0.000ms per_group= 0.001ms)
[pe] round=176 work=        2 frontier=        4 next=        2 consolidate=  0.003ms frontier=  0.000ms semisort=  0.002ms (keyed= 0.000ms group_by=  0.000ms per_group= 0.001ms)
[pe] round=177 work=        2 frontier=       26 next=        3 consolidate=  0.003ms frontier=  0.000ms semisort=  0.005ms (keyed= 0.000ms group_by=  0.001ms per_group= 0.001ms)
[pe] round=178 work=        3 frontier=        8 next=        2 consolidate=  0.003ms frontier=  0.000ms semisort=  0.002ms (keyed= 0.000ms group_by=  0.000ms per_group= 0.001ms)
[pe] round=179 work=        2 frontier=        8 next=        2 consolidate=  0.002ms frontier=  0.000ms semisort=  0.002ms (keyed= 0.000ms group_by=  0.000ms per_group= 0.001ms)
[pe] round=180 work=        2 frontier=        4 next=        2 consolidate=  0.003ms frontier=  0.000ms semisort=  0.002ms (keyed= 0.000ms group_by=  0.000ms per_group= 0.001ms)
[pe] round=181 work=        2 frontier=       26 next=        3 consolidate=  0.002ms frontier=  0.000ms semisort=  0.005ms (keyed= 0.000ms group_by=  0.001ms per_group= 0.001ms)
[pe] round=182 work=        3 frontier=        8 next=        2 consolidate=  0.003ms frontier=  0.000ms semisort=  0.002ms (keyed= 0.000ms group_by=  0.000ms per_group= 0.001ms)
[pe] round=183 work=        2 frontier=        8 next=        2 consolidate=  0.003ms frontier=  0.000ms semisort=  0.003ms (keyed= 0.000ms group_by=  0.000ms per_group= 0.001ms)
[pe] round=184 work=        2 frontier=        4 next=        2 consolidate=  0.002ms frontier=  0.000ms semisort=  0.002ms (keyed= 0.000ms group_by=  0.000ms per_group= 0.001ms)
[pe] round=185 work=        2 frontier=       26 next=        3 consolidate=  0.002ms frontier=  0.000ms semisort=  0.005ms (keyed= 0.000ms group_by=  0.001ms per_group= 0.001ms)
[pe] round=186 work=        3 frontier=        8 next=        2 consolidate=  0.003ms frontier=  0.000ms semisort=  0.002ms (keyed= 0.000ms group_by=  0.000ms per_group= 0.001ms)
[pe] round=187 work=        2 frontier=        8 next=        2 consolidate=  0.002ms frontier=  0.000ms semisort=  0.003ms (keyed= 0.000ms group_by=  0.000ms per_group= 0.001ms)
[pe] round=188 work=        2 frontier=        4 next=        2 consolidate=  0.002ms frontier=  0.000ms semisort=  0.002ms (keyed= 0.000ms group_by=  0.000ms per_group= 0.001ms)
[pe] round=189 work=        2 frontier=       26 next=        3 consolidate=  0.003ms frontier=  0.000ms semisort=  0.005ms (keyed= 0.000ms group_by=  0.001ms per_group= 0.001ms)
[pe] round=190 work=        3 frontier=        8 next=        2 consolidate=  0.003ms frontier=  0.000ms semisort=  0.002ms (keyed= 0.000ms group_by=  0.000ms per_group= 0.001ms)
[pe] round=191 work=        2 frontier=        8 next=        2 consolidate=  0.002ms frontier=  0.000ms semisort=  0.002ms (keyed= 0.000ms group_by=  0.000ms per_group= 0.001ms)
[pe] round=192 work=        2 frontier=        4 next=        2 consolidate=  0.002ms frontier=  0.000ms semisort=  0.002ms (keyed= 0.000ms group_by=  0.000ms per_group= 0.001ms)
[pe] round=193 work=        2 frontier=       26 next=        3 consolidate=  0.003ms frontier=  0.000ms semisort=  0.005ms (keyed= 0.000ms group_by=  0.001ms per_group= 0.001ms)
[pe] round=194 work=        3 frontier=        8 next=        2 consolidate=  0.003ms frontier=  0.000ms semisort=  0.002ms (keyed= 0.000ms group_by=  0.000ms per_group= 0.001ms)
[pe] round=195 work=        2 frontier=        8 next=        2 consolidate=  0.003ms frontier=  0.000ms semisort=  0.003ms (keyed= 0.000ms group_by=  0.000ms per_group= 0.001ms)
[pe] round=196 work=        2 frontier=        4 next=        2 consolidate=  0.002ms frontier=  0.000ms semisort=  0.002ms (keyed= 0.000ms group_by=  0.000ms per_group= 0.001ms)
[pe] round=197 work=        2 frontier=       26 next=        3 consolidate=  0.003ms frontier=  0.000ms semisort=  0.005ms (keyed= 0.000ms group_by=  0.001ms per_group= 0.001ms)
[pe] round=198 work=        3 frontier=        8 next=        2 consolidate=  0.003ms frontier=  0.000ms semisort=  0.002ms (keyed= 0.000ms group_by=  0.000ms per_group= 0.001ms)
[pe] round=199 work=        2 frontier=        8 next=        2 consolidate=  0.002ms frontier=  0.000ms semisort=  0.002ms (keyed= 0.000ms group_by=  0.000ms per_group= 0.001ms)
[pe] round=200 work=        2 frontier=        4 next=        2 consolidate=  0.003ms frontier=  0.000ms semisort=  0.002ms (keyed= 0.000ms group_by=  0.000ms per_group= 0.001ms)
[pe] round=201 work=        2 frontier=       26 next=        3 consolidate=  0.002ms frontier=  0.000ms semisort=  0.005ms (keyed= 0.000ms group_by=  0.001ms per_group= 0.001ms)
[pe] round=202 work=        3 frontier=        8 next=        2 consolidate=  0.003ms frontier=  0.000ms semisort=  0.002ms (keyed= 0.000ms group_by=  0.000ms per_group= 0.001ms)
[pe] round=203 work=        2 frontier=        8 next=        2 consolidate=  0.002ms frontier=  0.000ms semisort=  0.002ms (keyed= 0.000ms group_by=  0.000ms per_group= 0.001ms)
[pe] round=204 work=        2 frontier=        4 next=        2 consolidate=  0.002ms frontier=  0.000ms semisort=  0.002ms (keyed= 0.000ms group_by=  0.000ms per_group= 0.001ms)
[pe] round=205 work=        2 frontier=       26 next=        3 consolidate=  0.003ms frontier=  0.000ms semisort=  0.005ms (keyed= 0.000ms group_by=  0.001ms per_group= 0.001ms)
[pe] round=206 work=        3 frontier=        8 next=        2 consolidate=  0.003ms frontier=  0.000ms semisort=  0.002ms (keyed= 0.000ms group_by=  0.000ms per_group= 0.001ms)
[pe] round=207 work=        2 frontier=        8 next=        2 consolidate=  0.003ms frontier=  0.000ms semisort=  0.002ms (keyed= 0.000ms group_by=  0.000ms per_group= 0.001ms)
[pe] round=208 work=        2 frontier=        4 next=        2 consolidate=  0.003ms frontier=  0.000ms semisort=  0.002ms (keyed= 0.000ms group_by=  0.000ms per_group= 0.001ms)
[pe] round=209 work=        2 frontier=       26 next=        3 consolidate=  0.003ms frontier=  0.000ms semisort=  0.005ms (keyed= 0.000ms group_by=  0.001ms per_group= 0.001ms)
[pe] round=210 work=        3 frontier=        8 next=        2 consolidate=  0.003ms frontier=  0.000ms semisort=  0.002ms (keyed= 0.000ms group_by=  0.000ms per_group= 0.001ms)
[pe] round=211 work=        2 frontier=        8 next=        2 consolidate=  0.003ms frontier=  0.000ms semisort=  0.002ms (keyed= 0.000ms group_by=  0.000ms per_group= 0.001ms)
[pe] round=212 work=        2 frontier=        4 next=        2 consolidate=  0.003ms frontier=  0.000ms semisort=  0.002ms (keyed= 0.000ms group_by=  0.000ms per_group= 0.001ms)
[pe] round=213 work=        2 frontier=       26 next=        3 consolidate=  0.003ms frontier=  0.000ms semisort=  0.006ms (keyed= 0.000ms group_by=  0.001ms per_group= 0.002ms)
[pe] round=214 work=        3 frontier=        8 next=        2 consolidate=  0.004ms frontier=  0.000ms semisort=  0.002ms (keyed= 0.000ms group_by=  0.000ms per_group= 0.001ms)
[pe] round=215 work=        2 frontier=        8 next=        2 consolidate=  0.003ms frontier=  0.000ms semisort=  0.002ms (keyed= 0.000ms group_by=  0.000ms per_group= 0.001ms)
[pe] round=216 work=        2 frontier=        4 next=        2 consolidate=  0.003ms frontier=  0.000ms semisort=  0.002ms (keyed= 0.000ms group_by=  0.000ms per_group= 0.001ms)
[pe] round=217 work=        2 frontier=       26 next=        3 consolidate=  0.003ms frontier=  0.000ms semisort=  0.005ms (keyed= 0.000ms group_by=  0.001ms per_group= 0.001ms)
[pe] round=218 work=        3 frontier=        8 next=        2 consolidate=  0.003ms frontier=  0.000ms semisort=  0.003ms (keyed= 0.000ms group_by=  0.000ms per_group= 0.001ms)
[pe] round=219 work=        2 frontier=        8 next=        2 consolidate=  0.002ms frontier=  0.000ms semisort=  0.003ms (keyed= 0.000ms group_by=  0.000ms per_group= 0.001ms)
[pe] round=220 work=        2 frontier=        4 next=        2 consolidate=  0.002ms frontier=  0.000ms semisort=  0.002ms (keyed= 0.000ms group_by=  0.000ms per_group= 0.001ms)
[pe] round=221 work=        2 frontier=       26 next=        3 consolidate=  0.003ms frontier=  0.000ms semisort=  0.005ms (keyed= 0.000ms group_by=  0.001ms per_group= 0.001ms)
[pe] round=222 work=        3 frontier=        8 next=        2 consolidate=  0.003ms frontier=  0.000ms semisort=  0.002ms (keyed= 0.000ms group_by=  0.000ms per_group= 0.001ms)
[pe] round=223 work=        2 frontier=        8 next=        2 consolidate=  0.003ms frontier=  0.000ms semisort=  0.002ms (keyed= 0.000ms group_by=  0.000ms per_group= 0.001ms)
[pe] round=224 work=        2 frontier=        4 next=        2 consolidate=  0.002ms frontier=  0.000ms semisort=  0.002ms (keyed= 0.000ms group_by=  0.000ms per_group= 0.001ms)
[pe] round=225 work=        2 frontier=       26 next=        3 consolidate=  0.002ms frontier=  0.000ms semisort=  0.005ms (keyed= 0.000ms group_by=  0.001ms per_group= 0.001ms)
[pe] round=226 work=        3 frontier=        8 next=        2 consolidate=  0.003ms frontier=  0.000ms semisort=  0.002ms (keyed= 0.000ms group_by=  0.000ms per_group= 0.001ms)
[pe] round=227 work=        2 frontier=        8 next=        2 consolidate=  0.002ms frontier=  0.000ms semisort=  0.002ms (keyed= 0.000ms group_by=  0.000ms per_group= 0.001ms)
[pe] round=228 work=        2 frontier=        4 next=        2 consolidate=  0.003ms frontier=  0.000ms semisort=  0.002ms (keyed= 0.000ms group_by=  0.000ms per_group= 0.001ms)
[pe] round=229 work=        2 frontier=       26 next=        3 consolidate=  0.002ms frontier=  0.000ms semisort=  0.005ms (keyed= 0.000ms group_by=  0.001ms per_group= 0.001ms)
[pe] round=230 work=        3 frontier=        8 next=        2 consolidate=  0.003ms frontier=  0.000ms semisort=  0.002ms (keyed= 0.000ms group_by=  0.000ms per_group= 0.001ms)
[pe] round=231 work=        2 frontier=        8 next=        2 consolidate=  0.002ms frontier=  0.000ms semisort=  0.002ms (keyed= 0.000ms group_by=  0.000ms per_group= 0.001ms)
[pe] round=232 work=        2 frontier=        4 next=        2 consolidate=  0.003ms frontier=  0.000ms semisort=  0.002ms (keyed= 0.000ms group_by=  0.000ms per_group= 0.001ms)
[pe] round=233 work=        2 frontier=       26 next=        3 consolidate=  0.002ms frontier=  0.000ms semisort=  0.005ms (keyed= 0.000ms group_by=  0.001ms per_group= 0.001ms)
[pe] round=234 work=        3 frontier=        8 next=        2 consolidate=  0.003ms frontier=  0.000ms semisort=  0.002ms (keyed= 0.000ms group_by=  0.000ms per_group= 0.001ms)
[pe] round=235 work=        2 frontier=        8 next=        2 consolidate=  0.003ms frontier=  0.000ms semisort=  0.003ms (keyed= 0.000ms group_by=  0.000ms per_group= 0.001ms)
[pe] round=236 work=        2 frontier=        4 next=        2 consolidate=  0.002ms frontier=  0.000ms semisort=  0.002ms (keyed= 0.000ms group_by=  0.000ms per_group= 0.001ms)
[pe] round=237 work=        2 frontier=       26 next=        3 consolidate=  0.002ms frontier=  0.000ms semisort=  0.005ms (keyed= 0.000ms group_by=  0.001ms per_group= 0.001ms)
[pe] round=238 work=        3 frontier=        8 next=        2 consolidate=  0.003ms frontier=  0.000ms semisort=  0.002ms (keyed= 0.000ms group_by=  0.000ms per_group= 0.001ms)
[pe] round=239 work=        2 frontier=        8 next=        2 consolidate=  0.003ms frontier=  0.000ms semisort=  0.002ms (keyed= 0.000ms group_by=  0.000ms per_group= 0.001ms)
[pe] round=240 work=        2 frontier=        4 next=        2 consolidate=  0.002ms frontier=  0.000ms semisort=  0.002ms (keyed= 0.000ms group_by=  0.000ms per_group= 0.001ms)
[pe] round=241 work=        2 frontier=       26 next=        3 consolidate=  0.003ms frontier=  0.000ms semisort=  0.005ms (keyed= 0.000ms group_by=  0.001ms per_group= 0.001ms)
[pe] round=242 work=        3 frontier=        8 next=        2 consolidate=  0.003ms frontier=  0.000ms semisort=  0.002ms (keyed= 0.000ms group_by=  0.000ms per_group= 0.001ms)
[pe] round=243 work=        2 frontier=        8 next=        2 consolidate=  0.003ms frontier=  0.000ms semisort=  0.002ms (keyed= 0.000ms group_by=  0.000ms per_group= 0.001ms)
[pe] round=244 work=        2 frontier=        4 next=        2 consolidate=  0.003ms frontier=  0.000ms semisort=  0.002ms (keyed= 0.000ms group_by=  0.000ms per_group= 0.001ms)
[pe] round=245 work=        2 frontier=       26 next=        3 consolidate=  0.003ms frontier=  0.000ms semisort=  0.005ms (keyed= 0.000ms group_by=  0.001ms per_group= 0.001ms)
[pe] round=246 work=        3 frontier=        8 next=        2 consolidate=  0.003ms frontier=  0.000ms semisort=  0.002ms (keyed= 0.000ms group_by=  0.000ms per_group= 0.001ms)
[pe] round=247 work=        2 frontier=        8 next=        2 consolidate=  0.003ms frontier=  0.000ms semisort=  0.002ms (keyed= 0.000ms group_by=  0.000ms per_group= 0.001ms)
[pe] round=248 work=        2 frontier=        4 next=        2 consolidate=  0.003ms frontier=  0.000ms semisort=  0.002ms (keyed= 0.000ms group_by=  0.000ms per_group= 0.001ms)
[pe] round=249 work=        2 frontier=       26 next=        3 consolidate=  0.002ms frontier=  0.000ms semisort=  0.006ms (keyed= 0.000ms group_by=  0.001ms per_group= 0.001ms)
[pe] round=250 work=        3 frontier=        8 next=        2 consolidate=  0.003ms frontier=  0.000ms semisort=  0.002ms (keyed= 0.000ms group_by=  0.000ms per_group= 0.001ms)
[pe] round=251 work=        2 frontier=        8 next=        2 consolidate=  0.003ms frontier=  0.000ms semisort=  0.003ms (keyed= 0.000ms group_by=  0.000ms per_group= 0.001ms)
[pe] round=252 work=        2 frontier=        4 next=        2 consolidate=  0.003ms frontier=  0.000ms semisort=  0.002ms (keyed= 0.000ms group_by=  0.000ms per_group= 0.001ms)
[pe] round=253 work=        2 frontier=       26 next=        3 consolidate=  0.003ms frontier=  0.000ms semisort=  0.006ms (keyed= 0.000ms group_by=  0.001ms per_group= 0.001ms)
[pe] round=254 work=        3 frontier=        8 next=        2 consolidate=  0.003ms frontier=  0.000ms semisort=  0.003ms (keyed= 0.000ms group_by=  0.000ms per_group= 0.001ms)
[pe] round=255 work=        2 frontier=        8 next=        2 consolidate=  0.003ms frontier=  0.000ms semisort=  0.003ms (keyed= 0.000ms group_by=  0.000ms per_group= 0.001ms)
[pe] round=256 work=        2 frontier=        4 next=        2 consolidate=  0.003ms frontier=  0.000ms semisort=  0.002ms (keyed= 0.000ms group_by=  0.000ms per_group= 0.001ms)
[pe] round=257 work=        2 frontier=       18 next=        2 consolidate=  0.002ms frontier=  0.000ms semisort=  0.006ms (keyed= 0.000ms group_by=  0.001ms per_group= 0.001ms)
[pe] round=258 work=        2 frontier=        4 next=        0 consolidate=  0.002ms frontier=  0.000ms semisort=  0.002ms (keyed= 0.000ms group_by=  0.000ms per_group= 0.001ms)
[pe] round=  0 work= 10493552 frontier=  5437767 next=    24065 consolidate=3694.542ms frontier=377.576ms semisort=862.988ms (keyed=144.724ms group_by= 20.188ms per_group=82.960ms)
[pe] round=  1 work=    24065 frontier=   237543 next=    16558 consolidate= 29.104ms frontier=  1.096ms semisort= 46.972ms (keyed= 0.675ms group_by= 16.511ms per_group= 9.903ms)
[pe] round=  2 work=    16558 frontier=    56774 next=     1307 consolidate= 17.855ms frontier=  0.775ms semisort= 10.248ms (keyed= 0.094ms group_by=  3.314ms per_group= 1.508ms)
[pe] round=  3 work=     1307 frontier=    29389 next=      920 consolidate=  1.346ms frontier=  0.047ms semisort=  4.050ms (keyed= 0.050ms group_by=  1.155ms per_group= 0.745ms)
[pe] round=  4 work=      920 frontier=    12744 next=     1826 consolidate=  0.898ms frontier=  0.029ms semisort=  2.643ms (keyed= 0.021ms group_by=  0.608ms per_group= 0.854ms)
[pe] round=  5 work=     1826 frontier=     7383 next=      421 consolidate=  1.656ms frontier=  0.051ms semisort=  1.368ms (keyed= 0.018ms group_by=  0.339ms per_group= 0.239ms)
[pe] round=  6 work=      421 frontier=     1777 next=      150 consolidate=  0.417ms frontier=  0.013ms semisort=  0.267ms (keyed= 0.003ms group_by=  0.058ms per_group= 0.064ms)
[pe] round=  7 work=      150 frontier=      328 next=      115 consolidate=  0.132ms frontier=  0.006ms semisort=  0.062ms (keyed= 0.001ms group_by=  0.011ms per_group= 0.028ms)
[pe] round=  8 work=      115 frontier=     1774 next=      138 consolidate=  0.111ms frontier=  0.006ms semisort=  0.219ms (keyed= 0.002ms group_by=  0.052ms per_group= 0.052ms)
[pe] round=  9 work=      138 frontier=      912 next=       39 consolidate=  0.128ms frontier=  0.006ms semisort=  0.098ms (keyed= 0.001ms group_by=  0.027ms per_group= 0.023ms)
[pe] round= 10 work=       39 frontier=      124 next=       38 consolidate=  0.035ms frontier=  0.002ms semisort=  0.024ms (keyed= 0.000ms group_by=  0.005ms per_group= 0.010ms)
[pe] round= 11 work=       38 frontier=      670 next=       40 consolidate=  0.034ms frontier=  0.002ms semisort=  0.078ms (keyed= 0.001ms group_by=  0.020ms per_group= 0.020ms)
[pe] round= 12 work=       40 frontier=      279 next=       16 consolidate=  0.037ms frontier=  0.002ms semisort=  0.031ms (keyed= 0.001ms group_by=  0.009ms per_group= 0.008ms)
[pe] round= 13 work=       16 frontier=       67 next=       13 consolidate=  0.015ms frontier=  0.001ms semisort=  0.014ms (keyed= 0.000ms group_by=  0.003ms per_group= 0.005ms)
[pe] round= 14 work=       13 frontier=      333 next=       12 consolidate=  0.014ms frontier=  0.001ms semisort=  0.037ms (keyed= 0.001ms group_by=  0.009ms per_group= 0.008ms)
[pe] round= 15 work=       12 frontier=      124 next=        5 consolidate=  0.012ms frontier=  0.001ms semisort=  0.014ms (keyed= 0.000ms group_by=  0.004ms per_group= 0.004ms)
[pe] round= 16 work=        5 frontier=       10 next=        5 consolidate=  0.005ms frontier=  0.001ms semisort=  0.004ms (keyed= 0.000ms group_by=  0.001ms per_group= 0.002ms)
[pe] round= 17 work=        5 frontier=      431 next=        6 consolidate=  0.006ms frontier=  0.001ms semisort=  0.043ms (keyed= 0.001ms group_by=  0.010ms per_group= 0.008ms)
[pe] round= 18 work=        6 frontier=      140 next=        4 consolidate=  0.007ms frontier=  0.001ms semisort=  0.014ms (keyed= 0.000ms group_by=  0.004ms per_group= 0.004ms)
[pe] round= 19 work=        4 frontier=       12 next=        3 consolidate=  0.005ms frontier=  0.001ms semisort=  0.004ms (keyed= 0.000ms group_by=  0.001ms per_group= 0.001ms)
[pe] round= 20 work=        3 frontier=        6 next=        3 consolidate=  0.003ms frontier=  0.001ms semisort=  0.003ms (keyed= 0.000ms group_by=  0.000ms per_group= 0.001ms)
[pe] round= 21 work=        3 frontier=       39 next=        4 consolidate=  0.004ms frontier=  0.001ms semisort=  0.012ms (keyed= 0.000ms group_by=  0.002ms per_group= 0.002ms)
[pe] round= 22 work=        4 frontier=       12 next=        3 consolidate=  0.005ms frontier=  0.001ms semisort=  0.004ms (keyed= 0.000ms group_by=  0.001ms per_group= 0.002ms)
[pe] round= 23 work=        3 frontier=       12 next=        3 consolidate=  0.004ms frontier=  0.001ms semisort=  0.003ms (keyed= 0.000ms group_by=  0.000ms per_group= 0.001ms)
[pe] round= 24 work=        3 frontier=        6 next=        3 consolidate=  0.003ms frontier=  0.001ms semisort=  0.002ms (keyed= 0.000ms group_by=  0.000ms per_group= 0.001ms)
[pe] round= 25 work=        3 frontier=       37 next=        5 consolidate=  0.004ms frontier=  0.000ms semisort=  0.008ms (keyed= 0.000ms group_by=  0.001ms per_group= 0.002ms)
[pe] round= 26 work=        5 frontier=       15 next=        2 consolidate=  0.006ms frontier=  0.001ms semisort=  0.004ms (keyed= 0.000ms group_by=  0.001ms per_group= 0.001ms)
[pe] round= 27 work=        2 frontier=        8 next=        2 consolidate=  0.003ms frontier=  0.001ms semisort=  0.003ms (keyed= 0.000ms group_by=  0.000ms per_group= 0.001ms)
[pe] round= 28 work=        2 frontier=        4 next=        2 consolidate=  0.002ms frontier=  0.000ms semisort=  0.002ms (keyed= 0.000ms group_by=  0.000ms per_group= 0.001ms)
[pe] round= 29 work=        2 frontier=       26 next=        3 consolidate=  0.003ms frontier=  0.000ms semisort=  0.006ms (keyed= 0.000ms group_by=  0.001ms per_group= 0.002ms)
[pe] round= 30 work=        3 frontier=        8 next=        2 consolidate=  0.004ms frontier=  0.000ms semisort=  0.003ms (keyed= 0.000ms group_by=  0.000ms per_group= 0.001ms)
[pe] round= 31 work=        2 frontier=        8 next=        2 consolidate=  0.002ms frontier=  0.000ms semisort=  0.003ms (keyed= 0.000ms group_by=  0.000ms per_group= 0.001ms)
[pe] round= 32 work=        2 frontier=        4 next=        2 consolidate=  0.002ms frontier=  0.000ms semisort=  0.002ms (keyed= 0.000ms group_by=  0.000ms per_group= 0.001ms)
[pe] round= 33 work=        2 frontier=       26 next=        3 consolidate=  0.003ms frontier=  0.000ms semisort=  0.005ms (keyed= 0.000ms group_by=  0.001ms per_group= 0.002ms)
[pe] round= 34 work=        3 frontier=        8 next=        2 consolidate=  0.003ms frontier=  0.000ms semisort=  0.003ms (keyed= 0.000ms group_by=  0.000ms per_group= 0.001ms)
[pe] round= 35 work=        2 frontier=        8 next=        2 consolidate=  0.003ms frontier=  0.000ms semisort=  0.002ms (keyed= 0.000ms group_by=  0.000ms per_group= 0.001ms)
[pe] round= 36 work=        2 frontier=        4 next=        2 consolidate=  0.002ms frontier=  0.000ms semisort=  0.002ms (keyed= 0.000ms group_by=  0.000ms per_group= 0.001ms)
[pe] round= 37 work=        2 frontier=       26 next=        3 consolidate=  0.003ms frontier=  0.000ms semisort=  0.005ms (keyed= 0.000ms group_by=  0.001ms per_group= 0.002ms)
[pe] round= 38 work=        3 frontier=        8 next=        2 consolidate=  0.004ms frontier=  0.000ms semisort=  0.003ms (keyed= 0.000ms group_by=  0.000ms per_group= 0.001ms)
[pe] round= 39 work=        2 frontier=        8 next=        2 consolidate=  0.003ms frontier=  0.000ms semisort=  0.002ms (keyed= 0.000ms group_by=  0.000ms per_group= 0.001ms)
[pe] round= 40 work=        2 frontier=        4 next=        2 consolidate=  0.002ms frontier=  0.000ms semisort=  0.002ms (keyed= 0.000ms group_by=  0.000ms per_group= 0.001ms)
[pe] round= 41 work=        2 frontier=       26 next=        3 consolidate=  0.003ms frontier=  0.000ms semisort=  0.005ms (keyed= 0.000ms group_by=  0.001ms per_group= 0.002ms)
[pe] round= 42 work=        3 frontier=        8 next=        2 consolidate=  0.003ms frontier=  0.000ms semisort=  0.003ms (keyed= 0.000ms group_by=  0.000ms per_group= 0.001ms)
[pe] round= 43 work=        2 frontier=        8 next=        2 consolidate=  0.002ms frontier=  0.000ms semisort=  0.003ms (keyed= 0.000ms group_by=  0.000ms per_group= 0.001ms)
[pe] round= 44 work=        2 frontier=        4 next=        2 consolidate=  0.002ms frontier=  0.000ms semisort=  0.002ms (keyed= 0.000ms group_by=  0.000ms per_group= 0.001ms)
[pe] round= 45 work=        2 frontier=       26 next=        3 consolidate=  0.003ms frontier=  0.000ms semisort=  0.006ms (keyed= 0.000ms group_by=  0.001ms per_group= 0.001ms)
[pe] round= 46 work=        3 frontier=        8 next=        2 consolidate=  0.003ms frontier=  0.000ms semisort=  0.002ms (keyed= 0.000ms group_by=  0.000ms per_group= 0.001ms)
[pe] round= 47 work=        2 frontier=        8 next=        2 consolidate=  0.003ms frontier=  0.000ms semisort=  0.002ms (keyed= 0.000ms group_by=  0.000ms per_group= 0.001ms)
[pe] round= 48 work=        2 frontier=        4 next=        2 consolidate=  0.002ms frontier=  0.000ms semisort=  0.002ms (keyed= 0.000ms group_by=  0.000ms per_group= 0.001ms)
[pe] round= 49 work=        2 frontier=       26 next=        3 consolidate=  0.003ms frontier=  0.000ms semisort=  0.005ms (keyed= 0.000ms group_by=  0.001ms per_group= 0.001ms)
[pe] round= 50 work=        3 frontier=        8 next=        2 consolidate=  0.003ms frontier=  0.000ms semisort=  0.003ms (keyed= 0.000ms group_by=  0.000ms per_group= 0.001ms)
[pe] round= 51 work=        2 frontier=        8 next=        2 consolidate=  0.003ms frontier=  0.000ms semisort=  0.002ms (keyed= 0.000ms group_by=  0.000ms per_group= 0.001ms)
[pe] round= 52 work=        2 frontier=        4 next=        2 consolidate=  0.003ms frontier=  0.000ms semisort=  0.002ms (keyed= 0.000ms group_by=  0.000ms per_group= 0.001ms)
[pe] round= 53 work=        2 frontier=       26 next=        3 consolidate=  0.003ms frontier=  0.000ms semisort=  0.005ms (keyed= 0.000ms group_by=  0.001ms per_group= 0.001ms)
[pe] round= 54 work=        3 frontier=        8 next=        2 consolidate=  0.003ms frontier=  0.000ms semisort=  0.003ms (keyed= 0.000ms group_by=  0.000ms per_group= 0.001ms)
[pe] round= 55 work=        2 frontier=        8 next=        2 consolidate=  0.003ms frontier=  0.000ms semisort=  0.002ms (keyed= 0.000ms group_by=  0.000ms per_group= 0.001ms)
[pe] round= 56 work=        2 frontier=        4 next=        2 consolidate=  0.002ms frontier=  0.000ms semisort=  0.002ms (keyed= 0.000ms group_by=  0.000ms per_group= 0.001ms)
[pe] round= 57 work=        2 frontier=       26 next=        3 consolidate=  0.003ms frontier=  0.000ms semisort=  0.005ms (keyed= 0.000ms group_by=  0.001ms per_group= 0.002ms)
[pe] round= 58 work=        3 frontier=        8 next=        2 consolidate=  0.003ms frontier=  0.000ms semisort=  0.003ms (keyed= 0.000ms group_by=  0.000ms per_group= 0.001ms)
[pe] round= 59 work=        2 frontier=        8 next=        2 consolidate=  0.002ms frontier=  0.000ms semisort=  0.003ms (keyed= 0.000ms group_by=  0.000ms per_group= 0.001ms)
[pe] round= 60 work=        2 frontier=        4 next=        2 consolidate=  0.003ms frontier=  0.000ms semisort=  0.002ms (keyed= 0.000ms group_by=  0.000ms per_group= 0.001ms)
[pe] round= 61 work=        2 frontier=       26 next=        3 consolidate=  0.003ms frontier=  0.000ms semisort=  0.005ms (keyed= 0.000ms group_by=  0.001ms per_group= 0.001ms)
[pe] round= 62 work=        3 frontier=        8 next=        2 consolidate=  0.003ms frontier=  0.000ms semisort=  0.003ms (keyed= 0.000ms group_by=  0.000ms per_group= 0.001ms)
[pe] round= 63 work=        2 frontier=        8 next=        2 consolidate=  0.003ms frontier=  0.000ms semisort=  0.003ms (keyed= 0.000ms group_by=  0.000ms per_group= 0.001ms)
[pe] round= 64 work=        2 frontier=        4 next=        2 consolidate=  0.002ms frontier=  0.000ms semisort=  0.002ms (keyed= 0.000ms group_by=  0.000ms per_group= 0.001ms)
[pe] round= 65 work=        2 frontier=       26 next=        3 consolidate=  0.003ms frontier=  0.000ms semisort=  0.005ms (keyed= 0.000ms group_by=  0.001ms per_group= 0.001ms)
[pe] round= 66 work=        3 frontier=        8 next=        2 consolidate=  0.003ms frontier=  0.000ms semisort=  0.003ms (keyed= 0.000ms group_by=  0.000ms per_group= 0.001ms)
[pe] round= 67 work=        2 frontier=        8 next=        2 consolidate=  0.003ms frontier=  0.000ms semisort=  0.002ms (keyed= 0.000ms group_by=  0.000ms per_group= 0.001ms)
[pe] round= 68 work=        2 frontier=        4 next=        2 consolidate=  0.002ms frontier=  0.000ms semisort=  0.002ms (keyed= 0.000ms group_by=  0.000ms per_group= 0.001ms)
[pe] round= 69 work=        2 frontier=       26 next=        3 consolidate=  0.003ms frontier=  0.000ms semisort=  0.005ms (keyed= 0.000ms group_by=  0.001ms per_group= 0.001ms)
[pe] round= 70 work=        3 frontier=        8 next=        2 consolidate=  0.003ms frontier=  0.000ms semisort=  0.002ms (keyed= 0.000ms group_by=  0.000ms per_group= 0.001ms)
[pe] round= 71 work=        2 frontier=        8 next=        2 consolidate=  0.003ms frontier=  0.000ms semisort=  0.002ms (keyed= 0.000ms group_by=  0.000ms per_group= 0.001ms)
[pe] round= 72 work=        2 frontier=        4 next=        2 consolidate=  0.003ms frontier=  0.000ms semisort=  0.002ms (keyed= 0.000ms group_by=  0.000ms per_group= 0.001ms)
[pe] round= 73 work=        2 frontier=       26 next=        3 consolidate=  0.003ms frontier=  0.000ms semisort=  0.005ms (keyed= 0.000ms group_by=  0.001ms per_group= 0.001ms)
[pe] round= 74 work=        3 frontier=        8 next=        2 consolidate=  0.003ms frontier=  0.000ms semisort=  0.003ms (keyed= 0.000ms group_by=  0.000ms per_group= 0.001ms)
[pe] round= 75 work=        2 frontier=        8 next=        2 consolidate=  0.002ms frontier=  0.000ms semisort=  0.002ms (keyed= 0.000ms group_by=  0.000ms per_group= 0.001ms)
[pe] round= 76 work=        2 frontier=        4 next=        2 consolidate=  0.003ms frontier=  0.000ms semisort=  0.002ms (keyed= 0.000ms group_by=  0.000ms per_group= 0.001ms)
[pe] round= 77 work=        2 frontier=       26 next=        3 consolidate=  0.003ms frontier=  0.000ms semisort=  0.005ms (keyed= 0.000ms group_by=  0.001ms per_group= 0.002ms)
[pe] round= 78 work=        3 frontier=        8 next=        2 consolidate=  0.003ms frontier=  0.000ms semisort=  0.002ms (keyed= 0.000ms group_by=  0.000ms per_group= 0.001ms)
[pe] round= 79 work=        2 frontier=        8 next=        2 consolidate=  0.002ms frontier=  0.000ms semisort=  0.003ms (keyed= 0.000ms group_by=  0.000ms per_group= 0.001ms)
[pe] round= 80 work=        2 frontier=        4 next=        2 consolidate=  0.002ms frontier=  0.000ms semisort=  0.002ms (keyed= 0.000ms group_by=  0.000ms per_group= 0.001ms)
[pe] round= 81 work=        2 frontier=       26 next=        3 consolidate=  0.003ms frontier=  0.000ms semisort=  0.006ms (keyed= 0.000ms group_by=  0.001ms per_group= 0.001ms)
[pe] round= 82 work=        3 frontier=        8 next=        2 consolidate=  0.003ms frontier=  0.000ms semisort=  0.003ms (keyed= 0.000ms group_by=  0.000ms per_group= 0.001ms)
[pe] round= 83 work=        2 frontier=        8 next=        2 consolidate=  0.003ms frontier=  0.000ms semisort=  0.003ms (keyed= 0.000ms group_by=  0.000ms per_group= 0.001ms)
[pe] round= 84 work=        2 frontier=        4 next=        2 consolidate=  0.002ms frontier=  0.000ms semisort=  0.002ms (keyed= 0.000ms group_by=  0.000ms per_group= 0.001ms)
[pe] round= 85 work=        2 frontier=       26 next=        3 consolidate=  0.003ms frontier=  0.000ms semisort=  0.005ms (keyed= 0.000ms group_by=  0.001ms per_group= 0.001ms)
[pe] round= 86 work=        3 frontier=        8 next=        2 consolidate=  0.003ms frontier=  0.000ms semisort=  0.003ms (keyed= 0.000ms group_by=  0.000ms per_group= 0.001ms)
[pe] round= 87 work=        2 frontier=        8 next=        2 consolidate=  0.003ms frontier=  0.000ms semisort=  0.002ms (keyed= 0.000ms group_by=  0.000ms per_group= 0.001ms)
[pe] round= 88 work=        2 frontier=        4 next=        2 consolidate=  0.003ms frontier=  0.000ms semisort=  0.002ms (keyed= 0.000ms group_by=  0.000ms per_group= 0.001ms)
[pe] round= 89 work=        2 frontier=       26 next=        3 consolidate=  0.003ms frontier=  0.000ms semisort=  0.006ms (keyed= 0.000ms group_by=  0.001ms per_group= 0.001ms)
[pe] round= 90 work=        3 frontier=        8 next=        2 consolidate=  0.003ms frontier=  0.000ms semisort=  0.003ms (keyed= 0.000ms group_by=  0.000ms per_group= 0.001ms)
[pe] round= 91 work=        2 frontier=        8 next=        2 consolidate=  0.002ms frontier=  0.000ms semisort=  0.002ms (keyed= 0.000ms group_by=  0.000ms per_group= 0.001ms)
[pe] round= 92 work=        2 frontier=        4 next=        2 consolidate=  0.002ms frontier=  0.000ms semisort=  0.002ms (keyed= 0.000ms group_by=  0.000ms per_group= 0.001ms)
[pe] round= 93 work=        2 frontier=       26 next=        3 consolidate=  0.003ms frontier=  0.000ms semisort=  0.005ms (keyed= 0.000ms group_by=  0.001ms per_group= 0.002ms)
[pe] round= 94 work=        3 frontier=        8 next=        2 consolidate=  0.003ms frontier=  0.000ms semisort=  0.003ms (keyed= 0.000ms group_by=  0.000ms per_group= 0.001ms)
[pe] round= 95 work=        2 frontier=        8 next=        2 consolidate=  0.003ms frontier=  0.000ms semisort=  0.003ms (keyed= 0.000ms group_by=  0.000ms per_group= 0.001ms)
[pe] round= 96 work=        2 frontier=        4 next=        2 consolidate=  0.002ms frontier=  0.000ms semisort=  0.002ms (keyed= 0.000ms group_by=  0.000ms per_group= 0.001ms)
[pe] round= 97 work=        2 frontier=       26 next=        3 consolidate=  0.003ms frontier=  0.000ms semisort=  0.005ms (keyed= 0.000ms group_by=  0.001ms per_group= 0.001ms)
[pe] round= 98 work=        3 frontier=        8 next=        2 consolidate=  0.003ms frontier=  0.000ms semisort=  0.002ms (keyed= 0.000ms group_by=  0.000ms per_group= 0.001ms)
[pe] round= 99 work=        2 frontier=        8 next=        2 consolidate=  0.003ms frontier=  0.000ms semisort=  0.002ms (keyed= 0.000ms group_by=  0.000ms per_group= 0.001ms)
[pe] round=100 work=        2 frontier=        4 next=        2 consolidate=  0.002ms frontier=  0.000ms semisort=  0.002ms (keyed= 0.000ms group_by=  0.000ms per_group= 0.001ms)
[pe] round=101 work=        2 frontier=       26 next=        3 consolidate=  0.003ms frontier=  0.000ms semisort=  0.005ms (keyed= 0.000ms group_by=  0.001ms per_group= 0.001ms)
[pe] round=102 work=        3 frontier=        8 next=        2 consolidate=  0.003ms frontier=  0.000ms semisort=  0.002ms (keyed= 0.000ms group_by=  0.000ms per_group= 0.001ms)
[pe] round=103 work=        2 frontier=        8 next=        2 consolidate=  0.003ms frontier=  0.000ms semisort=  0.003ms (keyed= 0.000ms group_by=  0.000ms per_group= 0.001ms)
[pe] round=104 work=        2 frontier=        4 next=        2 consolidate=  0.003ms frontier=  0.000ms semisort=  0.002ms (keyed= 0.000ms group_by=  0.000ms per_group= 0.001ms)
[pe] round=105 work=        2 frontier=       26 next=        3 consolidate=  0.002ms frontier=  0.000ms semisort=  0.005ms (keyed= 0.000ms group_by=  0.001ms per_group= 0.001ms)
[pe] round=106 work=        3 frontier=        8 next=        2 consolidate=  0.003ms frontier=  0.000ms semisort=  0.002ms (keyed= 0.000ms group_by=  0.000ms per_group= 0.001ms)
[pe] round=107 work=        2 frontier=        8 next=        2 consolidate=  0.003ms frontier=  0.000ms semisort=  0.003ms (keyed= 0.000ms group_by=  0.000ms per_group= 0.001ms)
[pe] round=108 work=        2 frontier=        4 next=        2 consolidate=  0.002ms frontier=  0.000ms semisort=  0.002ms (keyed= 0.000ms group_by=  0.000ms per_group= 0.001ms)
[pe] round=109 work=        2 frontier=       26 next=        3 consolidate=  0.003ms frontier=  0.000ms semisort=  0.005ms (keyed= 0.000ms group_by=  0.001ms per_group= 0.001ms)
[pe] round=110 work=        3 frontier=        8 next=        2 consolidate=  0.003ms frontier=  0.000ms semisort=  0.003ms (keyed= 0.000ms group_by=  0.000ms per_group= 0.001ms)
[pe] round=111 work=        2 frontier=        8 next=        2 consolidate=  0.002ms frontier=  0.000ms semisort=  0.003ms (keyed= 0.000ms group_by=  0.000ms per_group= 0.001ms)
[pe] round=112 work=        2 frontier=        4 next=        2 consolidate=  0.003ms frontier=  0.000ms semisort=  0.002ms (keyed= 0.000ms group_by=  0.000ms per_group= 0.001ms)
[pe] round=113 work=        2 frontier=       26 next=        3 consolidate=  0.003ms frontier=  0.000ms semisort=  0.005ms (keyed= 0.000ms group_by=  0.001ms per_group= 0.001ms)
[pe] round=114 work=        3 frontier=        8 next=        2 consolidate=  0.003ms frontier=  0.000ms semisort=  0.003ms (keyed= 0.000ms group_by=  0.000ms per_group= 0.001ms)
[pe] round=115 work=        2 frontier=        8 next=        2 consolidate=  0.003ms frontier=  0.000ms semisort=  0.003ms (keyed= 0.000ms group_by=  0.000ms per_group= 0.001ms)
[pe] round=116 work=        2 frontier=        4 next=        2 consolidate=  0.002ms frontier=  0.000ms semisort=  0.002ms (keyed= 0.000ms group_by=  0.000ms per_group= 0.001ms)
[pe] round=117 work=        2 frontier=       26 next=        3 consolidate=  0.003ms frontier=  0.000ms semisort=  0.005ms (keyed= 0.000ms group_by=  0.001ms per_group= 0.001ms)
[pe] round=118 work=        3 frontier=        8 next=        2 consolidate=  0.003ms frontier=  0.000ms semisort=  0.003ms (keyed= 0.000ms group_by=  0.000ms per_group= 0.001ms)
[pe] round=119 work=        2 frontier=        8 next=        2 consolidate=  0.003ms frontier=  0.000ms semisort=  0.003ms (keyed= 0.000ms group_by=  0.000ms per_group= 0.001ms)
[pe] round=120 work=        2 frontier=        4 next=        2 consolidate=  0.002ms frontier=  0.000ms semisort=  0.002ms (keyed= 0.000ms group_by=  0.000ms per_group= 0.001ms)
[pe] round=121 work=        2 frontier=       26 next=        3 consolidate=  0.002ms frontier=  0.000ms semisort=  0.005ms (keyed= 0.000ms group_by=  0.001ms per_group= 0.001ms)
[pe] round=122 work=        3 frontier=        8 next=        2 consolidate=  0.003ms frontier=  0.000ms semisort=  0.002ms (keyed= 0.000ms group_by=  0.000ms per_group= 0.001ms)
[pe] round=123 work=        2 frontier=        8 next=        2 consolidate=  0.003ms frontier=  0.000ms semisort=  0.003ms (keyed= 0.000ms group_by=  0.000ms per_group= 0.001ms)
[pe] round=124 work=        2 frontier=        4 next=        2 consolidate=  0.002ms frontier=  0.000ms semisort=  0.002ms (keyed= 0.000ms group_by=  0.000ms per_group= 0.001ms)
[pe] round=125 work=        2 frontier=       26 next=        3 consolidate=  0.003ms frontier=  0.000ms semisort=  0.005ms (keyed= 0.000ms group_by=  0.001ms per_group= 0.001ms)
[pe] round=126 work=        3 frontier=        8 next=        2 consolidate=  0.003ms frontier=  0.000ms semisort=  0.003ms (keyed= 0.000ms group_by=  0.000ms per_group= 0.001ms)
[pe] round=127 work=        2 frontier=        8 next=        2 consolidate=  0.003ms frontier=  0.000ms semisort=  0.003ms (keyed= 0.000ms group_by=  0.000ms per_group= 0.001ms)
[pe] round=128 work=        2 frontier=        4 next=        2 consolidate=  0.003ms frontier=  0.000ms semisort=  0.002ms (keyed= 0.000ms group_by=  0.000ms per_group= 0.001ms)
[pe] round=129 work=        2 frontier=       26 next=        3 consolidate=  0.003ms frontier=  0.000ms semisort=  0.005ms (keyed= 0.000ms group_by=  0.001ms per_group= 0.001ms)
[pe] round=130 work=        3 frontier=        8 next=        2 consolidate=  0.003ms frontier=  0.000ms semisort=  0.002ms (keyed= 0.000ms group_by=  0.000ms per_group= 0.001ms)
[pe] round=131 work=        2 frontier=        8 next=        2 consolidate=  0.003ms frontier=  0.000ms semisort=  0.002ms (keyed= 0.000ms group_by=  0.000ms per_group= 0.001ms)
[pe] round=132 work=        2 frontier=        4 next=        2 consolidate=  0.002ms frontier=  0.000ms semisort=  0.002ms (keyed= 0.000ms group_by=  0.000ms per_group= 0.001ms)
[pe] round=133 work=        2 frontier=       26 next=        3 consolidate=  0.003ms frontier=  0.000ms semisort=  0.005ms (keyed= 0.000ms group_by=  0.001ms per_group= 0.001ms)
[pe] round=134 work=        3 frontier=        8 next=        2 consolidate=  0.003ms frontier=  0.000ms semisort=  0.002ms (keyed= 0.000ms group_by=  0.000ms per_group= 0.001ms)
[pe] round=135 work=        2 frontier=        8 next=        2 consolidate=  0.002ms frontier=  0.000ms semisort=  0.003ms (keyed= 0.000ms group_by=  0.000ms per_group= 0.001ms)
[pe] round=136 work=        2 frontier=        4 next=        2 consolidate=  0.002ms frontier=  0.000ms semisort=  0.002ms (keyed= 0.000ms group_by=  0.000ms per_group= 0.001ms)
[pe] round=137 work=        2 frontier=       26 next=        3 consolidate=  0.002ms frontier=  0.000ms semisort=  0.005ms (keyed= 0.000ms group_by=  0.001ms per_group= 0.001ms)
[pe] round=138 work=        3 frontier=        8 next=        2 consolidate=  0.006ms frontier=  0.000ms semisort=  0.003ms (keyed= 0.000ms group_by=  0.000ms per_group= 0.001ms)
[pe] round=139 work=        2 frontier=        8 next=        2 consolidate=  0.003ms frontier=  0.000ms semisort=  0.004ms (keyed= 0.000ms group_by=  0.000ms per_group= 0.001ms)
[pe] round=140 work=        2 frontier=        4 next=        2 consolidate=  0.002ms frontier=  0.000ms semisort=  0.002ms (keyed= 0.000ms group_by=  0.000ms per_group= 0.001ms)
[pe] round=141 work=        2 frontier=       26 next=        3 consolidate=  0.003ms frontier=  0.000ms semisort=  0.005ms (keyed= 0.000ms group_by=  0.001ms per_group= 0.001ms)
[pe] round=142 work=        3 frontier=        8 next=        2 consolidate=  0.003ms frontier=  0.000ms semisort=  0.002ms (keyed= 0.000ms group_by=  0.000ms per_group= 0.001ms)
[pe] round=143 work=        2 frontier=        8 next=        2 consolidate=  0.002ms frontier=  0.000ms semisort=  0.003ms (keyed= 0.000ms group_by=  0.000ms per_group= 0.001ms)
[pe] round=144 work=        2 frontier=        4 next=        2 consolidate=  0.002ms frontier=  0.000ms semisort=  0.002ms (keyed= 0.000ms group_by=  0.000ms per_group= 0.001ms)
[pe] round=145 work=        2 frontier=       26 next=        3 consolidate=  0.003ms frontier=  0.000ms semisort=  0.005ms (keyed= 0.000ms group_by=  0.001ms per_group= 0.002ms)
[pe] round=146 work=        3 frontier=        8 next=        2 consolidate=  0.003ms frontier=  0.000ms semisort=  0.003ms (keyed= 0.000ms group_by=  0.000ms per_group= 0.001ms)
[pe] round=147 work=        2 frontier=        8 next=        2 consolidate=  0.003ms frontier=  0.000ms semisort=  0.002ms (keyed= 0.000ms group_by=  0.000ms per_group= 0.001ms)
[pe] round=148 work=        2 frontier=        4 next=        2 consolidate=  0.002ms frontier=  0.000ms semisort=  0.002ms (keyed= 0.000ms group_by=  0.000ms per_group= 0.001ms)
[pe] round=149 work=        2 frontier=       26 next=        3 consolidate=  0.003ms frontier=  0.000ms semisort=  0.005ms (keyed= 0.000ms group_by=  0.001ms per_group= 0.001ms)
[pe] round=150 work=        3 frontier=        8 next=        2 consolidate=  0.003ms frontier=  0.000ms semisort=  0.002ms (keyed= 0.000ms group_by=  0.000ms per_group= 0.001ms)
[pe] round=151 work=        2 frontier=        8 next=        2 consolidate=  0.003ms frontier=  0.000ms semisort=  0.003ms (keyed= 0.000ms group_by=  0.000ms per_group= 0.001ms)
[pe] round=152 work=        2 frontier=        4 next=        2 consolidate=  0.002ms frontier=  0.000ms semisort=  0.002ms (keyed= 0.000ms group_by=  0.000ms per_group= 0.001ms)
[pe] round=153 work=        2 frontier=       26 next=        3 consolidate=  0.003ms frontier=  0.000ms semisort=  0.005ms (keyed= 0.000ms group_by=  0.001ms per_group= 0.001ms)
[pe] round=154 work=        3 frontier=        8 next=        2 consolidate=  0.003ms frontier=  0.000ms semisort=  0.002ms (keyed= 0.000ms group_by=  0.000ms per_group= 0.001ms)
[pe] round=155 work=        2 frontier=        8 next=        2 consolidate=  0.002ms frontier=  0.000ms semisort=  0.003ms (keyed= 0.000ms group_by=  0.000ms per_group= 0.001ms)
[pe] round=156 work=        2 frontier=        4 next=        2 consolidate=  0.002ms frontier=  0.000ms semisort=  0.002ms (keyed= 0.000ms group_by=  0.000ms per_group= 0.001ms)
[pe] round=157 work=        2 frontier=       26 next=        3 consolidate=  0.003ms frontier=  0.000ms semisort=  0.005ms (keyed= 0.000ms group_by=  0.001ms per_group= 0.001ms)
[pe] round=158 work=        3 frontier=        8 next=        2 consolidate=  0.003ms frontier=  0.000ms semisort=  0.002ms (keyed= 0.000ms group_by=  0.000ms per_group= 0.001ms)
[pe] round=159 work=        2 frontier=        8 next=        2 consolidate=  0.002ms frontier=  0.000ms semisort=  0.002ms (keyed= 0.000ms group_by=  0.000ms per_group= 0.001ms)
[pe] round=160 work=        2 frontier=        4 next=        2 consolidate=  0.002ms frontier=  0.000ms semisort=  0.002ms (keyed= 0.000ms group_by=  0.000ms per_group= 0.001ms)
[pe] round=161 work=        2 frontier=       26 next=        3 consolidate=  0.003ms frontier=  0.000ms semisort=  0.005ms (keyed= 0.000ms group_by=  0.001ms per_group= 0.001ms)
[pe] round=162 work=        3 frontier=        8 next=        2 consolidate=  0.003ms frontier=  0.000ms semisort=  0.002ms (keyed= 0.000ms group_by=  0.000ms per_group= 0.001ms)
[pe] round=163 work=        2 frontier=        8 next=        2 consolidate=  0.002ms frontier=  0.000ms semisort=  0.002ms (keyed= 0.000ms group_by=  0.000ms per_group= 0.001ms)
[pe] round=164 work=        2 frontier=        4 next=        2 consolidate=  0.002ms frontier=  0.000ms semisort=  0.002ms (keyed= 0.000ms group_by=  0.000ms per_group= 0.001ms)
[pe] round=165 work=        2 frontier=       26 next=        3 consolidate=  0.003ms frontier=  0.000ms semisort=  0.005ms (keyed= 0.000ms group_by=  0.001ms per_group= 0.001ms)
[pe] round=166 work=        3 frontier=        8 next=        2 consolidate=  0.003ms frontier=  0.000ms semisort=  0.002ms (keyed= 0.000ms group_by=  0.000ms per_group= 0.001ms)
[pe] round=167 work=        2 frontier=        8 next=        2 consolidate=  0.003ms frontier=  0.000ms semisort=  0.002ms (keyed= 0.000ms group_by=  0.000ms per_group= 0.001ms)
[pe] round=168 work=        2 frontier=        4 next=        2 consolidate=  0.002ms frontier=  0.000ms semisort=  0.002ms (keyed= 0.000ms group_by=  0.000ms per_group= 0.001ms)
[pe] round=169 work=        2 frontier=       26 next=        3 consolidate=  0.002ms frontier=  0.000ms semisort=  0.006ms (keyed= 0.000ms group_by=  0.001ms per_group= 0.002ms)
[pe] round=170 work=        3 frontier=        8 next=        2 consolidate=  0.004ms frontier=  0.000ms semisort=  0.002ms (keyed= 0.000ms group_by=  0.000ms per_group= 0.001ms)
[pe] round=171 work=        2 frontier=        8 next=        2 consolidate=  0.003ms frontier=  0.000ms semisort=  0.002ms (keyed= 0.000ms group_by=  0.000ms per_group= 0.001ms)
[pe] round=172 work=        2 frontier=        4 next=        2 consolidate=  0.002ms frontier=  0.000ms semisort=  0.002ms (keyed= 0.000ms group_by=  0.000ms per_group= 0.001ms)
[pe] round=173 work=        2 frontier=       26 next=        3 consolidate=  0.003ms frontier=  0.000ms semisort=  0.005ms (keyed= 0.000ms group_by=  0.001ms per_group= 0.002ms)
[pe] round=174 work=        3 frontier=        8 next=        2 consolidate=  0.003ms frontier=  0.000ms semisort=  0.002ms (keyed= 0.000ms group_by=  0.000ms per_group= 0.001ms)
[pe] round=175 work=        2 frontier=        8 next=        2 consolidate=  0.002ms frontier=  0.000ms semisort=  0.002ms (keyed= 0.000ms group_by=  0.000ms per_group= 0.001ms)
[pe] round=176 work=        2 frontier=        4 next=        2 consolidate=  0.002ms frontier=  0.000ms semisort=  0.002ms (keyed= 0.000ms group_by=  0.000ms per_group= 0.001ms)
[pe] round=177 work=        2 frontier=       26 next=        3 consolidate=  0.003ms frontier=  0.000ms semisort=  0.005ms (keyed= 0.000ms group_by=  0.001ms per_group= 0.001ms)
[pe] round=178 work=        3 frontier=        8 next=        2 consolidate=  0.003ms frontier=  0.000ms semisort=  0.003ms (keyed= 0.000ms group_by=  0.000ms per_group= 0.001ms)
[pe] round=179 work=        2 frontier=        8 next=        2 consolidate=  0.002ms frontier=  0.000ms semisort=  0.002ms (keyed= 0.000ms group_by=  0.000ms per_group= 0.001ms)
[pe] round=180 work=        2 frontier=        4 next=        2 consolidate=  0.003ms frontier=  0.000ms semisort=  0.002ms (keyed= 0.000ms group_by=  0.000ms per_group= 0.001ms)
[pe] round=181 work=        2 frontier=       26 next=        3 consolidate=  0.003ms frontier=  0.000ms semisort=  0.005ms (keyed= 0.000ms group_by=  0.001ms per_group= 0.002ms)
[pe] round=182 work=        3 frontier=        8 next=        2 consolidate=  0.003ms frontier=  0.000ms semisort=  0.002ms (keyed= 0.000ms group_by=  0.000ms per_group= 0.001ms)
[pe] round=183 work=        2 frontier=        8 next=        2 consolidate=  0.003ms frontier=  0.000ms semisort=  0.003ms (keyed= 0.000ms group_by=  0.000ms per_group= 0.001ms)
[pe] round=184 work=        2 frontier=        4 next=        2 consolidate=  0.002ms frontier=  0.000ms semisort=  0.002ms (keyed= 0.000ms group_by=  0.000ms per_group= 0.001ms)
[pe] round=185 work=        2 frontier=       26 next=        3 consolidate=  0.003ms frontier=  0.000ms semisort=  0.005ms (keyed= 0.000ms group_by=  0.001ms per_group= 0.001ms)
[pe] round=186 work=        3 frontier=        8 next=        2 consolidate=  0.004ms frontier=  0.000ms semisort=  0.002ms (keyed= 0.000ms group_by=  0.000ms per_group= 0.001ms)
[pe] round=187 work=        2 frontier=        8 next=        2 consolidate=  0.002ms frontier=  0.000ms semisort=  0.003ms (keyed= 0.000ms group_by=  0.000ms per_group= 0.001ms)
[pe] round=188 work=        2 frontier=        4 next=        2 consolidate=  0.002ms frontier=  0.000ms semisort=  0.002ms (keyed= 0.000ms group_by=  0.000ms per_group= 0.001ms)
[pe] round=189 work=        2 frontier=       26 next=        3 consolidate=  0.003ms frontier=  0.000ms semisort=  0.005ms (keyed= 0.000ms group_by=  0.001ms per_group= 0.001ms)
[pe] round=190 work=        3 frontier=        8 next=        2 consolidate=  0.004ms frontier=  0.000ms semisort=  0.002ms (keyed= 0.000ms group_by=  0.000ms per_group= 0.001ms)
[pe] round=191 work=        2 frontier=        8 next=        2 consolidate=  0.003ms frontier=  0.000ms semisort=  0.003ms (keyed= 0.000ms group_by=  0.000ms per_group= 0.001ms)
[pe] round=192 work=        2 frontier=        4 next=        2 consolidate=  0.003ms frontier=  0.000ms semisort=  0.002ms (keyed= 0.000ms group_by=  0.000ms per_group= 0.001ms)
[pe] round=193 work=        2 frontier=       26 next=        3 consolidate=  0.003ms frontier=  0.000ms semisort=  0.005ms (keyed= 0.000ms group_by=  0.001ms per_group= 0.001ms)
[pe] round=194 work=        3 frontier=        8 next=        2 consolidate=  0.003ms frontier=  0.000ms semisort=  0.002ms (keyed= 0.000ms group_by=  0.000ms per_group= 0.001ms)
[pe] round=195 work=        2 frontier=        8 next=        2 consolidate=  0.003ms frontier=  0.000ms semisort=  0.003ms (keyed= 0.000ms group_by=  0.000ms per_group= 0.001ms)
[pe] round=196 work=        2 frontier=        4 next=        2 consolidate=  0.002ms frontier=  0.000ms semisort=  0.002ms (keyed= 0.000ms group_by=  0.000ms per_group= 0.001ms)
[pe] round=197 work=        2 frontier=       26 next=        3 consolidate=  0.003ms frontier=  0.000ms semisort=  0.006ms (keyed= 0.000ms group_by=  0.001ms per_group= 0.001ms)
[pe] round=198 work=        3 frontier=        8 next=        2 consolidate=  0.003ms frontier=  0.000ms semisort=  0.002ms (keyed= 0.000ms group_by=  0.000ms per_group= 0.001ms)
[pe] round=199 work=        2 frontier=        8 next=        2 consolidate=  0.003ms frontier=  0.000ms semisort=  0.002ms (keyed= 0.000ms group_by=  0.000ms per_group= 0.001ms)
[pe] round=200 work=        2 frontier=        4 next=        2 consolidate=  0.003ms frontier=  0.000ms semisort=  0.002ms (keyed= 0.000ms group_by=  0.000ms per_group= 0.001ms)
[pe] round=201 work=        2 frontier=       26 next=        3 consolidate=  0.003ms frontier=  0.000ms semisort=  0.005ms (keyed= 0.000ms group_by=  0.001ms per_group= 0.001ms)
[pe] round=202 work=        3 frontier=        8 next=        2 consolidate=  0.003ms frontier=  0.000ms semisort=  0.002ms (keyed= 0.000ms group_by=  0.000ms per_group= 0.001ms)
[pe] round=203 work=        2 frontier=        8 next=        2 consolidate=  0.003ms frontier=  0.000ms semisort=  0.003ms (keyed= 0.000ms group_by=  0.000ms per_group= 0.001ms)
[pe] round=204 work=        2 frontier=        4 next=        2 consolidate=  0.002ms frontier=  0.000ms semisort=  0.002ms (keyed= 0.000ms group_by=  0.000ms per_group= 0.001ms)
[pe] round=205 work=        2 frontier=       26 next=        3 consolidate=  0.003ms frontier=  0.000ms semisort=  0.005ms (keyed= 0.000ms group_by=  0.001ms per_group= 0.001ms)
[pe] round=206 work=        3 frontier=        8 next=        2 consolidate=  0.003ms frontier=  0.000ms semisort=  0.002ms (keyed= 0.000ms group_by=  0.000ms per_group= 0.001ms)
[pe] round=207 work=        2 frontier=        8 next=        2 consolidate=  0.003ms frontier=  0.000ms semisort=  0.002ms (keyed= 0.000ms group_by=  0.000ms per_group= 0.001ms)
[pe] round=208 work=        2 frontier=        4 next=        2 consolidate=  0.002ms frontier=  0.000ms semisort=  0.002ms (keyed= 0.000ms group_by=  0.000ms per_group= 0.001ms)
[pe] round=209 work=        2 frontier=       26 next=        3 consolidate=  0.003ms frontier=  0.000ms semisort=  0.005ms (keyed= 0.000ms group_by=  0.001ms per_group= 0.001ms)
[pe] round=210 work=        3 frontier=        8 next=        2 consolidate=  0.003ms frontier=  0.000ms semisort=  0.003ms (keyed= 0.000ms group_by=  0.000ms per_group= 0.001ms)
[pe] round=211 work=        2 frontier=        8 next=        2 consolidate=  0.003ms frontier=  0.000ms semisort=  0.002ms (keyed= 0.000ms group_by=  0.000ms per_group= 0.001ms)
[pe] round=212 work=        2 frontier=        4 next=        2 consolidate=  0.002ms frontier=  0.000ms semisort=  0.002ms (keyed= 0.000ms group_by=  0.000ms per_group= 0.001ms)
[pe] round=213 work=        2 frontier=       26 next=        3 consolidate=  0.003ms frontier=  0.000ms semisort=  0.005ms (keyed= 0.000ms group_by=  0.001ms per_group= 0.001ms)
[pe] round=214 work=        3 frontier=        8 next=        2 consolidate=  0.003ms frontier=  0.000ms semisort=  0.002ms (keyed= 0.000ms group_by=  0.000ms per_group= 0.001ms)
[pe] round=215 work=        2 frontier=        8 next=        2 consolidate=  0.003ms frontier=  0.000ms semisort=  0.003ms (keyed= 0.000ms group_by=  0.000ms per_group= 0.001ms)
[pe] round=216 work=        2 frontier=        4 next=        2 consolidate=  0.003ms frontier=  0.000ms semisort=  0.002ms (keyed= 0.000ms group_by=  0.000ms per_group= 0.001ms)
[pe] round=217 work=        2 frontier=       26 next=        3 consolidate=  0.003ms frontier=  0.000ms semisort=  0.006ms (keyed= 0.000ms group_by=  0.001ms per_group= 0.001ms)
[pe] round=218 work=        3 frontier=        8 next=        2 consolidate=  0.003ms frontier=  0.000ms semisort=  0.003ms (keyed= 0.000ms group_by=  0.000ms per_group= 0.001ms)
[pe] round=219 work=        2 frontier=        8 next=        2 consolidate=  0.002ms frontier=  0.000ms semisort=  0.003ms (keyed= 0.000ms group_by=  0.000ms per_group= 0.001ms)
[pe] round=220 work=        2 frontier=        4 next=        2 consolidate=  0.002ms frontier=  0.000ms semisort=  0.002ms (keyed= 0.000ms group_by=  0.000ms per_group= 0.001ms)
[pe] round=221 work=        2 frontier=       26 next=        3 consolidate=  0.003ms frontier=  0.000ms semisort=  0.005ms (keyed= 0.000ms group_by=  0.001ms per_group= 0.001ms)
[pe] round=222 work=        3 frontier=        8 next=        2 consolidate=  0.003ms frontier=  0.000ms semisort=  0.002ms (keyed= 0.000ms group_by=  0.000ms per_group= 0.001ms)
[pe] round=223 work=        2 frontier=        8 next=        2 consolidate=  0.003ms frontier=  0.000ms semisort=  0.002ms (keyed= 0.000ms group_by=  0.000ms per_group= 0.001ms)
[pe] round=224 work=        2 frontier=        4 next=        2 consolidate=  0.002ms frontier=  0.000ms semisort=  0.002ms (keyed= 0.000ms group_by=  0.000ms per_group= 0.001ms)
[pe] round=225 work=        2 frontier=       26 next=        3 consolidate=  0.003ms frontier=  0.000ms semisort=  0.006ms (keyed= 0.000ms group_by=  0.001ms per_group= 0.001ms)
[pe] round=226 work=        3 frontier=        8 next=        2 consolidate=  0.004ms frontier=  0.000ms semisort=  0.002ms (keyed= 0.000ms group_by=  0.000ms per_group= 0.001ms)
[pe] round=227 work=        2 frontier=        8 next=        2 consolidate=  0.002ms frontier=  0.000ms semisort=  0.002ms (keyed= 0.000ms group_by=  0.000ms per_group= 0.001ms)
[pe] round=228 work=        2 frontier=        4 next=        2 consolidate=  0.002ms frontier=  0.000ms semisort=  0.002ms (keyed= 0.000ms group_by=  0.000ms per_group= 0.001ms)
[pe] round=229 work=        2 frontier=       26 next=        3 consolidate=  0.003ms frontier=  0.000ms semisort=  0.005ms (keyed= 0.000ms group_by=  0.001ms per_group= 0.001ms)
[pe] round=230 work=        3 frontier=        8 next=        2 consolidate=  0.003ms frontier=  0.000ms semisort=  0.002ms (keyed= 0.000ms group_by=  0.000ms per_group= 0.001ms)
[pe] round=231 work=        2 frontier=        8 next=        2 consolidate=  0.002ms frontier=  0.000ms semisort=  0.003ms (keyed= 0.000ms group_by=  0.000ms per_group= 0.001ms)
[pe] round=232 work=        2 frontier=        4 next=        2 consolidate=  0.003ms frontier=  0.000ms semisort=  0.002ms (keyed= 0.000ms group_by=  0.000ms per_group= 0.001ms)
[pe] round=233 work=        2 frontier=       26 next=        3 consolidate=  0.002ms frontier=  0.000ms semisort=  0.005ms (keyed= 0.000ms group_by=  0.001ms per_group= 0.001ms)
[pe] round=234 work=        3 frontier=        8 next=        2 consolidate=  0.003ms frontier=  0.000ms semisort=  0.002ms (keyed= 0.000ms group_by=  0.000ms per_group= 0.001ms)
[pe] round=235 work=        2 frontier=        8 next=        2 consolidate=  0.003ms frontier=  0.000ms semisort=  0.002ms (keyed= 0.000ms group_by=  0.000ms per_group= 0.001ms)
[pe] round=236 work=        2 frontier=        4 next=        2 consolidate=  0.002ms frontier=  0.000ms semisort=  0.002ms (keyed= 0.000ms group_by=  0.000ms per_group= 0.001ms)
[pe] round=237 work=        2 frontier=       26 next=        3 consolidate=  0.002ms frontier=  0.000ms semisort=  0.005ms (keyed= 0.000ms group_by=  0.001ms per_group= 0.001ms)
[pe] round=238 work=        3 frontier=        8 next=        2 consolidate=  0.003ms frontier=  0.000ms semisort=  0.002ms (keyed= 0.000ms group_by=  0.000ms per_group= 0.001ms)
[pe] round=239 work=        2 frontier=        8 next=        2 consolidate=  0.002ms frontier=  0.000ms semisort=  0.002ms (keyed= 0.000ms group_by=  0.000ms per_group= 0.001ms)
[pe] round=240 work=        2 frontier=        4 next=        2 consolidate=  0.003ms frontier=  0.000ms semisort=  0.002ms (keyed= 0.000ms group_by=  0.000ms per_group= 0.001ms)
[pe] round=241 work=        2 frontier=       26 next=        3 consolidate=  0.003ms frontier=  0.000ms semisort=  0.006ms (keyed= 0.000ms group_by=  0.001ms per_group= 0.001ms)
[pe] round=242 work=        3 frontier=        8 next=        2 consolidate=  0.003ms frontier=  0.000ms semisort=  0.002ms (keyed= 0.000ms group_by=  0.000ms per_group= 0.001ms)
[pe] round=243 work=        2 frontier=        8 next=        2 consolidate=  0.002ms frontier=  0.000ms semisort=  0.002ms (keyed= 0.000ms group_by=  0.000ms per_group= 0.001ms)
[pe] round=244 work=        2 frontier=        4 next=        2 consolidate=  0.002ms frontier=  0.000ms semisort=  0.002ms (keyed= 0.000ms group_by=  0.000ms per_group= 0.001ms)
[pe] round=245 work=        2 frontier=       26 next=        3 consolidate=  0.003ms frontier=  0.000ms semisort=  0.006ms (keyed= 0.000ms group_by=  0.001ms per_group= 0.001ms)
[pe] round=246 work=        3 frontier=        8 next=        2 consolidate=  0.003ms frontier=  0.000ms semisort=  0.002ms (keyed= 0.000ms group_by=  0.000ms per_group= 0.001ms)
[pe] round=247 work=        2 frontier=        8 next=        2 consolidate=  0.002ms frontier=  0.000ms semisort=  0.003ms (keyed= 0.000ms group_by=  0.000ms per_group= 0.001ms)
[pe] round=248 work=        2 frontier=        4 next=        2 consolidate=  0.003ms frontier=  0.000ms semisort=  0.002ms (keyed= 0.000ms group_by=  0.000ms per_group= 0.001ms)
[pe] round=249 work=        2 frontier=       26 next=        3 consolidate=  0.003ms frontier=  0.000ms semisort=  0.006ms (keyed= 0.000ms group_by=  0.001ms per_group= 0.001ms)
[pe] round=250 work=        3 frontier=        8 next=        2 consolidate=  0.003ms frontier=  0.000ms semisort=  0.002ms (keyed= 0.000ms group_by=  0.000ms per_group= 0.001ms)
[pe] round=251 work=        2 frontier=        8 next=        2 consolidate=  0.002ms frontier=  0.000ms semisort=  0.003ms (keyed= 0.000ms group_by=  0.000ms per_group= 0.001ms)
[pe] round=252 work=        2 frontier=        4 next=        2 consolidate=  0.003ms frontier=  0.000ms semisort=  0.002ms (keyed= 0.000ms group_by=  0.000ms per_group= 0.001ms)
[pe] round=253 work=        2 frontier=       26 next=        3 consolidate=  0.003ms frontier=  0.000ms semisort=  0.006ms (keyed= 0.000ms group_by=  0.001ms per_group= 0.001ms)
[pe] round=254 work=        3 frontier=        8 next=        2 consolidate=  0.003ms frontier=  0.000ms semisort=  0.003ms (keyed= 0.000ms group_by=  0.000ms per_group= 0.001ms)
[pe] round=255 work=        2 frontier=        8 next=        2 consolidate=  0.003ms frontier=  0.000ms semisort=  0.003ms (keyed= 0.000ms group_by=  0.000ms per_group= 0.001ms)
[pe] round=256 work=        2 frontier=        4 next=        2 consolidate=  0.003ms frontier=  0.000ms semisort=  0.005ms (keyed= 0.000ms group_by=  0.000ms per_group= 0.004ms)
[pe] round=257 work=        2 frontier=       18 next=        2 consolidate=  0.002ms frontier=  0.001ms semisort=  0.005ms (keyed= 0.000ms group_by=  0.001ms per_group= 0.001ms)
[pe] round=258 work=        2 frontier=        4 next=        0 consolidate=  0.002ms frontier=  0.000ms semisort=  0.002ms (keyed= 0.000ms group_by=  0.000ms per_group= 0.001ms)
[pe-async] round=  0 R=2 dirty=  5437767 runs=  3698023 filter= 97.790ms semisort=304.479ms
[pe-async] round=  1 R=3 dirty=   226832 runs=   128424 filter=112.984ms semisort= 17.454ms
[pe-async] round=  2 R=4 dirty=    55915 runs=    52852 filter=100.167ms semisort=  4.252ms
[pe-async] round=  3 R=5 dirty=    29367 runs=    19922 filter= 94.070ms semisort=  2.332ms
[pe-async] round=  4 R=6 dirty=    12610 runs=     9634 filter= 93.038ms semisort=  1.363ms
[pe-async] round=  5 R=7 dirty=     7181 runs=     5780 filter= 92.110ms semisort=  0.636ms
[pe-async] round=  6 R=8 dirty=     1740 runs=     1265 filter= 92.042ms semisort=  0.182ms
[pe-async] round=  7 R=9 dirty=      328 runs=      173 filter= 92.233ms semisort=  0.044ms
[pe-async] round=  8 R=10 dirty=     1728 runs=     1045 filter= 91.652ms semisort=  0.165ms
[pe-async] round=  9 R=11 dirty=      886 runs=      720 filter= 91.652ms semisort=  0.078ms
[pe-async] round= 10 R=12 dirty=      124 runs=       70 filter= 91.802ms semisort=  0.024ms
[pe-async] round= 11 R=13 dirty=      655 runs=      399 filter= 91.731ms semisort=  0.076ms
[pe-async] round= 12 R=14 dirty=      274 runs=      231 filter= 91.695ms semisort=  0.034ms
[pe-async] round= 13 R=15 dirty=       67 runs=       35 filter= 91.604ms semisort=  0.018ms
[pe-async] round= 14 R=16 dirty=      329 runs=      214 filter= 91.451ms semisort=  0.036ms
[pe-async] round= 15 R=17 dirty=      123 runs=      108 filter= 91.512ms semisort=  0.020ms
[pe-async] round= 16 R=18 dirty=       10 runs=        5 filter= 91.192ms semisort=  0.009ms
[pe-async] round= 17 R=19 dirty=      430 runs=      280 filter= 91.236ms semisort=  0.045ms
[pe-async] round= 18 R=20 dirty=      140 runs=      136 filter= 91.414ms semisort=  0.017ms
[pe-async] round= 19 R=21 dirty=       12 runs=        3 filter= 90.874ms semisort=  0.009ms
[pe-async] round= 20 R=22 dirty=        6 runs=        3 filter= 91.069ms semisort=  0.007ms
[pe-async] round= 21 R=23 dirty=       39 runs=       20 filter= 91.304ms semisort=  0.013ms
[pe-async] round= 22 R=24 dirty=       12 runs=        9 filter= 91.192ms semisort=  0.009ms
[pe-async] round= 23 R=25 dirty=       12 runs=        3 filter= 91.454ms semisort=  0.008ms
[pe-async] round= 24 R=26 dirty=        6 runs=        3 filter= 90.668ms semisort=  0.007ms
[pe-async] round= 25 R=27 dirty=       37 runs=       19 filter= 90.935ms semisort=  0.011ms
[pe-async] round= 26 R=28 dirty=       15 runs=       12 filter= 90.625ms semisort=  0.008ms
[pe-async] round= 27 R=29 dirty=        8 runs=        2 filter= 90.718ms semisort=  0.007ms
[pe-async] round= 28 R=30 dirty=        4 runs=        2 filter= 90.882ms semisort=  0.007ms
[pe-async] round= 29 R=31 dirty=       26 runs=       13 filter= 91.208ms semisort=  0.010ms
[pe-async] round= 30 R=32 dirty=        8 runs=        6 filter= 90.337ms semisort=  0.007ms
[pe-async] round= 31 R=33 dirty=        8 runs=        2 filter= 91.424ms semisort=  0.007ms
[pe-async] round= 32 R=34 dirty=        4 runs=        2 filter= 91.009ms semisort=  0.006ms
[pe-async] round= 33 R=35 dirty=       26 runs=       13 filter= 91.071ms semisort=  0.010ms
[pe-async] round= 34 R=36 dirty=        8 runs=        6 filter= 91.161ms semisort=  0.008ms
[pe-async] round= 35 R=37 dirty=        8 runs=        2 filter= 90.855ms semisort=  0.007ms
[pe-async] round= 36 R=38 dirty=        4 runs=        2 filter= 91.201ms semisort=  0.006ms
[pe-async] round= 37 R=39 dirty=       26 runs=       13 filter= 90.759ms semisort=  0.010ms
[pe-async] round= 38 R=40 dirty=        8 runs=        6 filter= 90.603ms semisort=  0.007ms
[pe-async] round= 39 R=41 dirty=        8 runs=        2 filter= 90.996ms semisort=  0.007ms
[pe-async] round= 40 R=42 dirty=        4 runs=        2 filter= 90.559ms semisort=  0.007ms
[pe-async] round= 41 R=43 dirty=       26 runs=       13 filter= 90.754ms semisort=  0.010ms
[pe-async] round= 42 R=44 dirty=        8 runs=        6 filter= 90.779ms semisort=  0.007ms
[pe-async] round= 43 R=45 dirty=        8 runs=        2 filter= 90.588ms semisort=  0.007ms
[pe-async] round= 44 R=46 dirty=        4 runs=        2 filter= 90.507ms semisort=  0.007ms
[pe-async] round= 45 R=47 dirty=       26 runs=       13 filter= 90.796ms semisort=  0.010ms
[pe-async] round= 46 R=48 dirty=        8 runs=        6 filter= 90.534ms semisort=  0.007ms
[pe-async] round= 47 R=49 dirty=        8 runs=        2 filter= 90.555ms semisort=  0.008ms
[pe-async] round= 48 R=50 dirty=        4 runs=        2 filter= 90.880ms semisort=  0.007ms
[pe-async] round= 49 R=51 dirty=       26 runs=       13 filter= 90.766ms semisort=  0.010ms
[pe-async] round= 50 R=52 dirty=        8 runs=        6 filter= 90.647ms semisort=  0.007ms
[pe-async] round= 51 R=53 dirty=        8 runs=        2 filter= 90.324ms semisort=  0.007ms
[pe-async] round= 52 R=54 dirty=        4 runs=        2 filter= 90.750ms semisort=  0.007ms
[pe-async] round= 53 R=55 dirty=       26 runs=       13 filter= 90.795ms semisort=  0.010ms
[pe-async] round= 54 R=56 dirty=        8 runs=        6 filter= 90.982ms semisort=  0.007ms
[pe-async] round= 55 R=57 dirty=        8 runs=        2 filter= 90.700ms semisort=  0.007ms
[pe-async] round= 56 R=58 dirty=        4 runs=        2 filter= 91.005ms semisort=  0.006ms
[pe-async] round= 57 R=59 dirty=       26 runs=       13 filter= 91.100ms semisort=  0.010ms
[pe-async] round= 58 R=60 dirty=        8 runs=        6 filter= 90.829ms semisort=  0.007ms
[pe-async] round= 59 R=61 dirty=        8 runs=        2 filter= 90.236ms semisort=  0.008ms
[pe-async] round= 60 R=62 dirty=        4 runs=        2 filter= 90.476ms semisort=  0.007ms
[pe-async] round= 61 R=63 dirty=       26 runs=       13 filter= 90.479ms semisort=  0.009ms
[pe-async] round= 62 R=64 dirty=        8 runs=        6 filter= 90.370ms semisort=  0.007ms
[pe-async] round= 63 R=65 dirty=        8 runs=        2 filter= 90.430ms semisort=  0.008ms
[pe-async] round= 64 R=66 dirty=        4 runs=        2 filter= 90.604ms semisort=  0.007ms
[pe-async] round= 65 R=67 dirty=       26 runs=       13 filter= 90.580ms semisort=  0.009ms
[pe-async] round= 66 R=68 dirty=        8 runs=        6 filter= 90.444ms semisort=  0.007ms
[pe-async] round= 67 R=69 dirty=        8 runs=        2 filter= 90.643ms semisort=  0.008ms
[pe-async] round= 68 R=70 dirty=        4 runs=        2 filter= 90.363ms semisort=  0.007ms
[pe-async] round= 69 R=71 dirty=       26 runs=       13 filter= 90.326ms semisort=  0.010ms
[pe-async] round= 70 R=72 dirty=        8 runs=        6 filter= 90.617ms semisort=  0.007ms
[pe-async] round= 71 R=73 dirty=        8 runs=        2 filter= 90.550ms semisort=  0.007ms
[pe-async] round= 72 R=74 dirty=        4 runs=        2 filter= 90.432ms semisort=  0.007ms
[pe-async] round= 73 R=75 dirty=       26 runs=       13 filter= 90.731ms semisort=  0.009ms
[pe-async] round= 74 R=76 dirty=        8 runs=        6 filter= 90.718ms semisort=  0.007ms
[pe-async] round= 75 R=77 dirty=        8 runs=        2 filter= 90.059ms semisort=  0.007ms
[pe-async] round= 76 R=78 dirty=        4 runs=        2 filter= 90.263ms semisort=  0.006ms
[pe-async] round= 77 R=79 dirty=       26 runs=       13 filter= 90.503ms semisort=  0.010ms
[pe-async] round= 78 R=80 dirty=        8 runs=        6 filter= 90.664ms semisort=  0.007ms
[pe-async] round= 79 R=81 dirty=        8 runs=        2 filter= 90.557ms semisort=  0.007ms
[pe-async] round= 80 R=82 dirty=        4 runs=        2 filter= 90.542ms semisort=  0.006ms
[pe-async] round= 81 R=83 dirty=       26 runs=       13 filter= 90.468ms semisort=  0.009ms
[pe-async] round= 82 R=84 dirty=        8 runs=        6 filter= 90.481ms semisort=  0.007ms
[pe-async] round= 83 R=85 dirty=        8 runs=        2 filter= 90.417ms semisort=  0.007ms
[pe-async] round= 84 R=86 dirty=        4 runs=        2 filter= 90.496ms semisort=  0.006ms
[pe-async] round= 85 R=87 dirty=       26 runs=       13 filter= 90.291ms semisort=  0.010ms
[pe-async] round= 86 R=88 dirty=        8 runs=        6 filter= 90.134ms semisort=  0.007ms
[pe-async] round= 87 R=89 dirty=        8 runs=        2 filter= 90.495ms semisort=  0.008ms
[pe-async] round= 88 R=90 dirty=        4 runs=        2 filter= 90.197ms semisort=  0.006ms
[pe-async] round= 89 R=91 dirty=       26 runs=       13 filter= 89.966ms semisort=  0.011ms
[pe-async] round= 90 R=92 dirty=        8 runs=        6 filter= 90.465ms semisort=  0.007ms
[pe-async] round= 91 R=93 dirty=        8 runs=        2 filter= 90.890ms semisort=  0.007ms
[pe-async] round= 92 R=94 dirty=        4 runs=        2 filter= 90.623ms semisort=  0.006ms
[pe-async] round= 93 R=95 dirty=       26 runs=       13 filter= 90.315ms semisort=  0.010ms
[pe-async] round= 94 R=96 dirty=        8 runs=        6 filter= 90.673ms semisort=  0.007ms
[pe-async] round= 95 R=97 dirty=        8 runs=        2 filter= 90.365ms semisort=  0.007ms
[pe-async] round= 96 R=98 dirty=        4 runs=        2 filter= 90.473ms semisort=  0.007ms
[pe-async] round= 97 R=99 dirty=       26 runs=       13 filter= 90.592ms semisort=  0.010ms
[pe-async] round= 98 R=100 dirty=        8 runs=        6 filter= 90.627ms semisort=  0.007ms
[pe-async] round= 99 R=101 dirty=        8 runs=        2 filter= 90.564ms semisort=  0.007ms
[pe-async] round=100 R=102 dirty=        4 runs=        2 filter= 90.509ms semisort=  0.006ms
[pe-async] round=101 R=103 dirty=       26 runs=       13 filter= 90.104ms semisort=  0.009ms
[pe-async] round=102 R=104 dirty=        8 runs=        6 filter= 90.237ms semisort=  0.007ms
[pe-async] round=103 R=105 dirty=        8 runs=        2 filter= 90.584ms semisort=  0.007ms
[pe-async] round=104 R=106 dirty=        4 runs=        2 filter= 90.526ms semisort=  0.006ms
[pe-async] round=105 R=107 dirty=       26 runs=       13 filter= 89.954ms semisort=  0.009ms
[pe-async] round=106 R=108 dirty=        8 runs=        6 filter= 90.180ms semisort=  0.007ms
[pe-async] round=107 R=109 dirty=        8 runs=        2 filter= 90.466ms semisort=  0.008ms
[pe-async] round=108 R=110 dirty=        4 runs=        2 filter= 90.577ms semisort=  0.005ms
[pe-async] round=109 R=111 dirty=       26 runs=       13 filter= 89.958ms semisort=  0.010ms
[pe-async] round=110 R=112 dirty=        8 runs=        6 filter= 89.844ms semisort=  0.007ms
[pe-async] round=111 R=113 dirty=        8 runs=        2 filter= 89.965ms semisort=  0.008ms
[pe-async] round=112 R=114 dirty=        4 runs=        2 filter= 90.273ms semisort=  0.006ms
[pe-async] round=113 R=115 dirty=       26 runs=       13 filter= 89.988ms semisort=  0.009ms
[pe-async] round=114 R=116 dirty=        8 runs=        6 filter= 90.063ms semisort=  0.007ms
[pe-async] round=115 R=117 dirty=        8 runs=        2 filter= 89.702ms semisort=  0.007ms
[pe-async] round=116 R=118 dirty=        4 runs=        2 filter= 89.695ms semisort=  0.007ms
[pe-async] round=117 R=119 dirty=       26 runs=       13 filter= 90.078ms semisort=  0.009ms
[pe-async] round=118 R=120 dirty=        8 runs=        6 filter= 89.790ms semisort=  0.007ms
[pe-async] round=119 R=121 dirty=        8 runs=        2 filter= 89.945ms semisort=  0.007ms
[pe-async] round=120 R=122 dirty=        4 runs=        2 filter= 89.946ms semisort=  0.007ms
[pe-async] round=121 R=123 dirty=       26 runs=       13 filter= 90.504ms semisort=  0.009ms
[pe-async] round=122 R=124 dirty=        8 runs=        6 filter= 90.178ms semisort=  0.008ms
[pe-async] round=123 R=125 dirty=        8 runs=        2 filter= 90.067ms semisort=  0.007ms
[pe-async] round=124 R=126 dirty=        4 runs=        2 filter= 90.425ms semisort=  0.006ms
[pe-async] round=125 R=127 dirty=       26 runs=       13 filter= 90.180ms semisort=  0.011ms
[pe-async] round=126 R=128 dirty=        8 runs=        6 filter= 90.280ms semisort=  0.007ms
[pe-async] round=127 R=129 dirty=        8 runs=        2 filter= 90.090ms semisort=  0.007ms
[pe-async] round=128 R=130 dirty=        4 runs=        2 filter= 89.971ms semisort=  0.006ms
[pe-async] round=129 R=131 dirty=       26 runs=       13 filter= 89.645ms semisort=  0.010ms
[pe-async] round=130 R=132 dirty=        8 runs=        6 filter= 90.179ms semisort=  0.007ms
[pe-async] round=131 R=133 dirty=        8 runs=        2 filter= 90.395ms semisort=  0.007ms
[pe-async] round=132 R=134 dirty=        4 runs=        2 filter= 89.697ms semisort=  0.006ms
[pe-async] round=133 R=135 dirty=       26 runs=       13 filter= 89.704ms semisort=  0.010ms
[pe-async] round=134 R=136 dirty=        8 runs=        6 filter= 89.779ms semisort=  0.007ms
[pe-async] round=135 R=137 dirty=        8 runs=        2 filter= 90.296ms semisort=  0.008ms
[pe-async] round=136 R=138 dirty=        4 runs=        2 filter= 89.758ms semisort=  0.006ms
[pe-async] round=137 R=139 dirty=       26 runs=       13 filter= 89.489ms semisort=  0.010ms
[pe-async] round=138 R=140 dirty=        8 runs=        6 filter= 89.712ms semisort=  0.007ms
[pe-async] round=139 R=141 dirty=        8 runs=        2 filter= 89.850ms semisort=  0.006ms
[pe-async] round=140 R=142 dirty=        4 runs=        2 filter= 90.090ms semisort=  0.006ms
[pe-async] round=141 R=143 dirty=       26 runs=       13 filter= 89.764ms semisort=  0.010ms
[pe-async] round=142 R=144 dirty=        8 runs=        6 filter= 89.490ms semisort=  0.007ms
[pe-async] round=143 R=145 dirty=        8 runs=        2 filter= 89.548ms semisort=  0.008ms
[pe-async] round=144 R=146 dirty=        4 runs=        2 filter= 89.593ms semisort=  0.006ms
[pe-async] round=145 R=147 dirty=       26 runs=       13 filter= 90.148ms semisort=  0.009ms
[pe-async] round=146 R=148 dirty=        8 runs=        6 filter= 90.056ms semisort=  0.007ms
[pe-async] round=147 R=149 dirty=        8 runs=        2 filter= 89.773ms semisort=  0.007ms
[pe-async] round=148 R=150 dirty=        4 runs=        2 filter= 90.247ms semisort=  0.006ms
[pe-async] round=149 R=151 dirty=       26 runs=       13 filter= 90.023ms semisort=  0.009ms
[pe-async] round=150 R=152 dirty=        8 runs=        6 filter= 90.141ms semisort=  0.008ms
[pe-async] round=151 R=153 dirty=        8 runs=        2 filter= 90.218ms semisort=  0.007ms
[pe-async] round=152 R=154 dirty=        4 runs=        2 filter= 89.806ms semisort=  0.006ms
[pe-async] round=153 R=155 dirty=       26 runs=       13 filter= 89.831ms semisort=  0.011ms
[pe-async] round=154 R=156 dirty=        8 runs=        6 filter= 89.637ms semisort=  0.007ms
[pe-async] round=155 R=157 dirty=        8 runs=        2 filter= 89.735ms semisort=  0.009ms
[pe-async] round=156 R=158 dirty=        4 runs=        2 filter= 90.179ms semisort=  0.006ms
[pe-async] round=157 R=159 dirty=       26 runs=       13 filter= 89.808ms semisort=  0.008ms
[pe-async] round=158 R=160 dirty=        8 runs=        6 filter= 89.483ms semisort=  0.007ms
[pe-async] round=159 R=161 dirty=        8 runs=        2 filter= 89.636ms semisort=  0.007ms
[pe-async] round=160 R=162 dirty=        4 runs=        2 filter= 89.757ms semisort=  0.006ms
[pe-async] round=161 R=163 dirty=       26 runs=       13 filter= 89.448ms semisort=  0.009ms
[pe-async] round=162 R=164 dirty=        8 runs=        6 filter= 89.399ms semisort=  0.007ms
[pe-async] round=163 R=165 dirty=        8 runs=        2 filter= 89.577ms semisort=  0.007ms
[pe-async] round=164 R=166 dirty=        4 runs=        2 filter= 90.021ms semisort=  0.006ms
[pe-async] round=165 R=167 dirty=       26 runs=       13 filter= 89.467ms semisort=  0.010ms
[pe-async] round=166 R=168 dirty=        8 runs=        6 filter= 89.420ms semisort=  0.007ms
[pe-async] round=167 R=169 dirty=        8 runs=        2 filter= 89.716ms semisort=  0.007ms
[pe-async] round=168 R=170 dirty=        4 runs=        2 filter= 89.791ms semisort=  0.006ms
[pe-async] round=169 R=171 dirty=       26 runs=       13 filter= 89.628ms semisort=  0.009ms
[pe-async] round=170 R=172 dirty=        8 runs=        6 filter= 89.753ms semisort=  0.007ms
[pe-async] round=171 R=173 dirty=        8 runs=        2 filter= 89.627ms semisort=  0.008ms
[pe-async] round=172 R=174 dirty=        4 runs=        2 filter= 89.255ms semisort=  0.006ms
[pe-async] round=173 R=175 dirty=       26 runs=       13 filter= 90.017ms semisort=  0.009ms
[pe-async] round=174 R=176 dirty=        8 runs=        6 filter= 89.292ms semisort=  0.006ms
[pe-async] round=175 R=177 dirty=        8 runs=        2 filter= 89.921ms semisort=  0.006ms
[pe-async] round=176 R=178 dirty=        4 runs=        2 filter= 89.873ms semisort=  0.006ms
[pe-async] round=177 R=179 dirty=       26 runs=       13 filter= 89.527ms semisort=  0.009ms
[pe-async] round=178 R=180 dirty=        8 runs=        6 filter= 89.865ms semisort=  0.007ms
[pe-async] round=179 R=181 dirty=        8 runs=        2 filter= 89.687ms semisort=  0.007ms
[pe-async] round=180 R=182 dirty=        4 runs=        2 filter= 90.009ms semisort=  0.006ms
[pe-async] round=181 R=183 dirty=       26 runs=       13 filter= 89.490ms semisort=  0.010ms
[pe-async] round=182 R=184 dirty=        8 runs=        6 filter= 89.441ms semisort=  0.008ms
[pe-async] round=183 R=185 dirty=        8 runs=        2 filter= 89.600ms semisort=  0.007ms
[pe-async] round=184 R=186 dirty=        4 runs=        2 filter= 89.521ms semisort=  0.007ms
[pe-async] round=185 R=187 dirty=       26 runs=       13 filter= 89.784ms semisort=  0.009ms
[pe-async] round=186 R=188 dirty=        8 runs=        6 filter= 89.317ms semisort=  0.007ms
[pe-async] round=187 R=189 dirty=        8 runs=        2 filter= 89.627ms semisort=  0.007ms
[pe-async] round=188 R=190 dirty=        4 runs=        2 filter= 89.270ms semisort=  0.007ms
[pe-async] round=189 R=191 dirty=       26 runs=       13 filter= 89.342ms semisort=  0.009ms
[pe-async] round=190 R=192 dirty=        8 runs=        6 filter= 90.152ms semisort=  0.007ms
[pe-async] round=191 R=193 dirty=        8 runs=        2 filter= 89.524ms semisort=  0.006ms
[pe-async] round=192 R=194 dirty=        4 runs=        2 filter= 89.653ms semisort=  0.007ms
[pe-async] round=193 R=195 dirty=       26 runs=       13 filter= 89.513ms semisort=  0.009ms
[pe-async] round=194 R=196 dirty=        8 runs=        6 filter= 89.568ms semisort=  0.007ms
[pe-async] round=195 R=197 dirty=        8 runs=        2 filter= 89.766ms semisort=  0.006ms
[pe-async] round=196 R=198 dirty=        4 runs=        2 filter= 89.972ms semisort=  0.007ms
[pe-async] round=197 R=199 dirty=       26 runs=       13 filter= 89.787ms semisort=  0.010ms
[pe-async] round=198 R=200 dirty=        8 runs=        6 filter= 89.532ms semisort=  0.007ms
[pe-async] round=199 R=201 dirty=        8 runs=        2 filter= 89.183ms semisort=  0.007ms
[pe-async] round=200 R=202 dirty=        4 runs=        2 filter= 89.668ms semisort=  0.007ms
[pe-async] round=201 R=203 dirty=       26 runs=       13 filter= 89.538ms semisort=  0.010ms
[pe-async] round=202 R=204 dirty=        8 runs=        6 filter= 89.804ms semisort=  0.007ms
[pe-async] round=203 R=205 dirty=        8 runs=        2 filter= 89.591ms semisort=  0.007ms
[pe-async] round=204 R=206 dirty=        4 runs=        2 filter= 89.527ms semisort=  0.006ms
[pe-async] round=205 R=207 dirty=       26 runs=       13 filter= 89.442ms semisort=  0.009ms
[pe-async] round=206 R=208 dirty=        8 runs=        6 filter= 89.336ms semisort=  0.007ms
[pe-async] round=207 R=209 dirty=        8 runs=        2 filter= 89.338ms semisort=  0.007ms
[pe-async] round=208 R=210 dirty=        4 runs=        2 filter= 89.298ms semisort=  0.007ms
[pe-async] round=209 R=211 dirty=       26 runs=       13 filter= 89.853ms semisort=  0.009ms
[pe-async] round=210 R=212 dirty=        8 runs=        6 filter= 89.239ms semisort=  0.007ms
[pe-async] round=211 R=213 dirty=        8 runs=        2 filter= 89.369ms semisort=  0.007ms
[pe-async] round=212 R=214 dirty=        4 runs=        2 filter= 89.624ms semisort=  0.007ms
[pe-async] round=213 R=215 dirty=       26 runs=       13 filter= 89.485ms semisort=  0.010ms
[pe-async] round=214 R=216 dirty=        8 runs=        6 filter= 89.464ms semisort=  0.007ms
[pe-async] round=215 R=217 dirty=        8 runs=        2 filter= 89.465ms semisort=  0.007ms
[pe-async] round=216 R=218 dirty=        4 runs=        2 filter= 89.368ms semisort=  0.006ms
[pe-async] round=217 R=219 dirty=       26 runs=       13 filter= 89.349ms semisort=  0.010ms
[pe-async] round=218 R=220 dirty=        8 runs=        6 filter= 89.257ms semisort=  0.007ms
[pe-async] round=219 R=221 dirty=        8 runs=        2 filter= 89.454ms semisort=  0.008ms
[pe-async] round=220 R=222 dirty=        4 runs=        2 filter= 89.398ms semisort=  0.006ms
[pe-async] round=221 R=223 dirty=       26 runs=       13 filter= 89.367ms semisort=  0.010ms
[pe-async] round=222 R=224 dirty=        8 runs=        6 filter= 89.314ms semisort=  0.007ms
[pe-async] round=223 R=225 dirty=        8 runs=        2 filter= 89.520ms semisort=  0.007ms
[pe-async] round=224 R=226 dirty=        4 runs=        2 filter= 89.473ms semisort=  0.006ms
[pe-async] round=225 R=227 dirty=       26 runs=       13 filter= 89.552ms semisort=  0.010ms
[pe-async] round=226 R=228 dirty=        8 runs=        6 filter= 89.592ms semisort=  0.007ms
[pe-async] round=227 R=229 dirty=        8 runs=        2 filter= 89.157ms semisort=  0.008ms
[pe-async] round=228 R=230 dirty=        4 runs=        2 filter= 89.248ms semisort=  0.006ms
[pe-async] round=229 R=231 dirty=       26 runs=       13 filter= 89.569ms semisort=  0.010ms
[pe-async] round=230 R=232 dirty=        8 runs=        6 filter= 89.666ms semisort=  0.007ms
[pe-async] round=231 R=233 dirty=        8 runs=        2 filter= 89.949ms semisort=  0.007ms
[pe-async] round=232 R=234 dirty=        4 runs=        2 filter= 89.502ms semisort=  0.007ms
[pe-async] round=233 R=235 dirty=       26 runs=       13 filter= 89.769ms semisort=  0.009ms
[pe-async] round=234 R=236 dirty=        8 runs=        6 filter= 89.310ms semisort=  0.007ms
[pe-async] round=235 R=237 dirty=        8 runs=        2 filter= 89.682ms semisort=  0.007ms
[pe-async] round=236 R=238 dirty=        4 runs=        2 filter= 89.630ms semisort=  0.007ms
[pe-async] round=237 R=239 dirty=       26 runs=       13 filter= 89.386ms semisort=  0.009ms
[pe-async] round=238 R=240 dirty=        8 runs=        6 filter= 89.511ms semisort=  0.007ms
[pe-async] round=239 R=241 dirty=        8 runs=        2 filter= 89.536ms semisort=  0.008ms
[pe-async] round=240 R=242 dirty=        4 runs=        2 filter= 89.877ms semisort=  0.006ms
[pe-async] round=241 R=243 dirty=       26 runs=       13 filter= 89.287ms semisort=  0.009ms
[pe-async] round=242 R=244 dirty=        8 runs=        6 filter= 89.250ms semisort=  0.007ms
[pe-async] round=243 R=245 dirty=        8 runs=        2 filter= 89.178ms semisort=  0.007ms
[pe-async] round=244 R=246 dirty=        4 runs=        2 filter= 89.393ms semisort=  0.007ms
[pe-async] round=245 R=247 dirty=       26 runs=       13 filter= 89.276ms semisort=  0.010ms
[pe-async] round=246 R=248 dirty=        8 runs=        6 filter= 89.391ms semisort=  0.008ms
[pe-async] round=247 R=249 dirty=        8 runs=        2 filter= 89.896ms semisort=  0.006ms
[pe-async] round=248 R=250 dirty=        4 runs=        2 filter= 89.612ms semisort=  0.006ms
[pe-async] round=249 R=251 dirty=       26 runs=       13 filter= 89.368ms semisort=  0.009ms
[pe-async] round=250 R=252 dirty=        8 runs=        6 filter= 89.178ms semisort=  0.007ms
[pe-async] round=251 R=253 dirty=        8 runs=        2 filter= 90.044ms semisort=  0.006ms
[pe-async] round=252 R=254 dirty=        4 runs=        2 filter= 89.181ms semisort=  0.006ms
[pe-async] round=253 R=255 dirty=       26 runs=       13 filter= 89.497ms semisort=  0.010ms
[pe-async] round=254 R=256 dirty=        8 runs=        6 filter= 89.743ms semisort=  0.007ms
[pe-async] round=255 R=257 dirty=        8 runs=        2 filter= 89.179ms semisort=  0.007ms
[pe-async] round=256 R=258 dirty=        4 runs=        2 filter= 89.716ms semisort=  0.006ms
[pe-async] round=257 R=259 dirty=       18 runs=       10 filter= 89.907ms semisort=  0.009ms
[pe-async] round=258 R=260 dirty=        4 runs=        4 filter= 89.352ms semisort=  0.006ms
[pe-async] round=259 R=261 dirty=        0 filter= 89.236ms (clean break)
[pe-async] round=  0 R=2 dirty=  5437767 runs=  3698023 filter= 91.058ms semisort=305.724ms
[pe-async] round=  1 R=3 dirty=   226832 runs=   128424 filter=113.043ms semisort= 17.825ms
[pe-async] round=  2 R=4 dirty=    55915 runs=    52852 filter= 99.683ms semisort=  4.280ms
[pe-async] round=  3 R=5 dirty=    29367 runs=    19922 filter= 93.974ms semisort=  2.439ms
[pe-async] round=  4 R=6 dirty=    12610 runs=     9634 filter= 92.348ms semisort=  1.371ms
[pe-async] round=  5 R=7 dirty=     7181 runs=     5780 filter= 92.279ms semisort=  0.627ms
[pe-async] round=  6 R=8 dirty=     1740 runs=     1265 filter= 91.749ms semisort=  0.193ms
[pe-async] round=  7 R=9 dirty=      328 runs=      173 filter= 91.685ms semisort=  0.053ms
[pe-async] round=  8 R=10 dirty=     1728 runs=     1045 filter= 91.491ms semisort=  0.159ms
[pe-async] round=  9 R=11 dirty=      886 runs=      720 filter= 91.853ms semisort=  0.097ms
[pe-async] round= 10 R=12 dirty=      124 runs=       70 filter= 91.424ms semisort=  0.026ms
[pe-async] round= 11 R=13 dirty=      655 runs=      399 filter= 91.400ms semisort=  0.058ms
[pe-async] round= 12 R=14 dirty=      274 runs=      231 filter= 91.109ms semisort=  0.030ms
[pe-async] round= 13 R=15 dirty=       67 runs=       35 filter= 90.676ms semisort=  0.018ms
[pe-async] round= 14 R=16 dirty=      329 runs=      214 filter= 91.193ms semisort=  0.031ms
[pe-async] round= 15 R=17 dirty=      123 runs=      108 filter= 90.843ms semisort=  0.018ms
[pe-async] round= 16 R=18 dirty=       10 runs=        5 filter= 90.969ms semisort=  0.009ms
[pe-async] round= 17 R=19 dirty=      430 runs=      280 filter= 90.863ms semisort=  0.046ms
[pe-async] round= 18 R=20 dirty=      140 runs=      136 filter= 90.658ms semisort=  0.020ms
[pe-async] round= 19 R=21 dirty=       12 runs=        3 filter= 90.539ms semisort=  0.009ms
[pe-async] round= 20 R=22 dirty=        6 runs=        3 filter= 90.729ms semisort=  0.007ms
[pe-async] round= 21 R=23 dirty=       39 runs=       20 filter= 91.408ms semisort=  0.012ms
[pe-async] round= 22 R=24 dirty=       12 runs=        9 filter= 91.547ms semisort=  0.008ms
[pe-async] round= 23 R=25 dirty=       12 runs=        3 filter= 90.787ms semisort=  0.008ms
[pe-async] round= 24 R=26 dirty=        6 runs=        3 filter= 90.495ms semisort=  0.006ms
[pe-async] round= 25 R=27 dirty=       37 runs=       19 filter= 90.817ms semisort=  0.011ms
[pe-async] round= 26 R=28 dirty=       15 runs=       12 filter= 90.956ms semisort=  0.008ms
[pe-async] round= 27 R=29 dirty=        8 runs=        2 filter= 91.054ms semisort=  0.007ms
[pe-async] round= 28 R=30 dirty=        4 runs=        2 filter= 90.924ms semisort=  0.007ms
[pe-async] round= 29 R=31 dirty=       26 runs=       13 filter= 90.922ms semisort=  0.009ms
[pe-async] round= 30 R=32 dirty=        8 runs=        6 filter= 90.639ms semisort=  0.007ms
[pe-async] round= 31 R=33 dirty=        8 runs=        2 filter= 90.684ms semisort=  0.007ms
[pe-async] round= 32 R=34 dirty=        4 runs=        2 filter= 90.693ms semisort=  0.007ms
[pe-async] round= 33 R=35 dirty=       26 runs=       13 filter= 90.841ms semisort=  0.010ms
[pe-async] round= 34 R=36 dirty=        8 runs=        6 filter= 90.465ms semisort=  0.007ms
[pe-async] round= 35 R=37 dirty=        8 runs=        2 filter= 90.676ms semisort=  0.007ms
[pe-async] round= 36 R=38 dirty=        4 runs=        2 filter= 91.258ms semisort=  0.006ms
[pe-async] round= 37 R=39 dirty=       26 runs=       13 filter= 90.123ms semisort=  0.009ms
[pe-async] round= 38 R=40 dirty=        8 runs=        6 filter= 90.573ms semisort=  0.007ms
[pe-async] round= 39 R=41 dirty=        8 runs=        2 filter= 90.634ms semisort=  0.007ms
[pe-async] round= 40 R=42 dirty=        4 runs=        2 filter= 90.291ms semisort=  0.007ms
[pe-async] round= 41 R=43 dirty=       26 runs=       13 filter= 90.030ms semisort=  0.009ms
[pe-async] round= 42 R=44 dirty=        8 runs=        6 filter= 90.455ms semisort=  0.007ms
[pe-async] round= 43 R=45 dirty=        8 runs=        2 filter= 90.626ms semisort=  0.007ms
[pe-async] round= 44 R=46 dirty=        4 runs=        2 filter= 90.585ms semisort=  0.006ms
[pe-async] round= 45 R=47 dirty=       26 runs=       13 filter= 90.525ms semisort=  0.010ms
[pe-async] round= 46 R=48 dirty=        8 runs=        6 filter= 90.680ms semisort=  0.012ms
[pe-async] round= 47 R=49 dirty=        8 runs=        2 filter= 90.321ms semisort=  0.007ms
[pe-async] round= 48 R=50 dirty=        4 runs=        2 filter= 90.353ms semisort=  0.010ms
[pe-async] round= 49 R=51 dirty=       26 runs=       13 filter= 90.622ms semisort=  0.010ms
[pe-async] round= 50 R=52 dirty=        8 runs=        6 filter= 90.851ms semisort=  0.007ms
[pe-async] round= 51 R=53 dirty=        8 runs=        2 filter= 90.352ms semisort=  0.007ms
[pe-async] round= 52 R=54 dirty=        4 runs=        2 filter= 90.155ms semisort=  0.007ms
[pe-async] round= 53 R=55 dirty=       26 runs=       13 filter= 90.604ms semisort=  0.009ms
[pe-async] round= 54 R=56 dirty=        8 runs=        6 filter= 90.561ms semisort=  0.006ms
[pe-async] round= 55 R=57 dirty=        8 runs=        2 filter= 90.606ms semisort=  0.008ms
[pe-async] round= 56 R=58 dirty=        4 runs=        2 filter= 90.654ms semisort=  0.007ms
[pe-async] round= 57 R=59 dirty=       26 runs=       13 filter= 90.701ms semisort=  0.010ms
[pe-async] round= 58 R=60 dirty=        8 runs=        6 filter= 90.254ms semisort=  0.011ms
[pe-async] round= 59 R=61 dirty=        8 runs=        2 filter= 90.644ms semisort=  0.007ms
[pe-async] round= 60 R=62 dirty=        4 runs=        2 filter= 90.586ms semisort=  0.006ms
[pe-async] round= 61 R=63 dirty=       26 runs=       13 filter= 90.132ms semisort=  0.010ms
[pe-async] round= 62 R=64 dirty=        8 runs=        6 filter= 89.923ms semisort=  0.011ms
[pe-async] round= 63 R=65 dirty=        8 runs=        2 filter= 90.340ms semisort=  0.007ms
[pe-async] round= 64 R=66 dirty=        4 runs=        2 filter= 90.007ms semisort=  0.007ms
[pe-async] round= 65 R=67 dirty=       26 runs=       13 filter= 90.129ms semisort=  0.010ms
[pe-async] round= 66 R=68 dirty=        8 runs=        6 filter= 90.446ms semisort=  0.006ms
[pe-async] round= 67 R=69 dirty=        8 runs=        2 filter= 90.231ms semisort=  0.007ms
[pe-async] round= 68 R=70 dirty=        4 runs=        2 filter= 89.596ms semisort=  0.006ms
[pe-async] round= 69 R=71 dirty=       26 runs=       13 filter= 90.157ms semisort=  0.009ms
[pe-async] round= 70 R=72 dirty=        8 runs=        6 filter= 89.864ms semisort=  0.007ms
[pe-async] round= 71 R=73 dirty=        8 runs=        2 filter= 90.092ms semisort=  0.006ms
[pe-async] round= 72 R=74 dirty=        4 runs=        2 filter= 89.806ms semisort=  0.007ms
[pe-async] round= 73 R=75 dirty=       26 runs=       13 filter= 89.737ms semisort=  0.009ms
[pe-async] round= 74 R=76 dirty=        8 runs=        6 filter= 90.302ms semisort=  0.007ms
[pe-async] round= 75 R=77 dirty=        8 runs=        2 filter= 90.060ms semisort=  0.007ms
[pe-async] round= 76 R=78 dirty=        4 runs=        2 filter= 90.488ms semisort=  0.006ms
[pe-async] round= 77 R=79 dirty=       26 runs=       13 filter= 90.453ms semisort=  0.010ms
[pe-async] round= 78 R=80 dirty=        8 runs=        6 filter= 90.167ms semisort=  0.007ms
[pe-async] round= 79 R=81 dirty=        8 runs=        2 filter= 90.349ms semisort=  0.007ms
[pe-async] round= 80 R=82 dirty=        4 runs=        2 filter= 90.321ms semisort=  0.006ms
[pe-async] round= 81 R=83 dirty=       26 runs=       13 filter= 90.437ms semisort=  0.009ms
[pe-async] round= 82 R=84 dirty=        8 runs=        6 filter= 89.439ms semisort=  0.007ms
[pe-async] round= 83 R=85 dirty=        8 runs=        2 filter= 90.064ms semisort=  0.007ms
[pe-async] round= 84 R=86 dirty=        4 runs=        2 filter= 90.093ms semisort=  0.006ms
[pe-async] round= 85 R=87 dirty=       26 runs=       13 filter= 90.073ms semisort=  0.009ms
[pe-async] round= 86 R=88 dirty=        8 runs=        6 filter= 90.126ms semisort=  0.007ms
[pe-async] round= 87 R=89 dirty=        8 runs=        2 filter= 90.211ms semisort=  0.007ms
[pe-async] round= 88 R=90 dirty=        4 runs=        2 filter= 90.571ms semisort=  0.006ms
[pe-async] round= 89 R=91 dirty=       26 runs=       13 filter= 89.877ms semisort=  0.010ms
[pe-async] round= 90 R=92 dirty=        8 runs=        6 filter= 90.327ms semisort=  0.010ms
[pe-async] round= 91 R=93 dirty=        8 runs=        2 filter= 90.141ms semisort=  0.007ms
[pe-async] round= 92 R=94 dirty=        4 runs=        2 filter= 90.009ms semisort=  0.007ms
[pe-async] round= 93 R=95 dirty=       26 runs=       13 filter= 89.967ms semisort=  0.009ms
[pe-async] round= 94 R=96 dirty=        8 runs=        6 filter= 90.063ms semisort=  0.007ms
[pe-async] round= 95 R=97 dirty=        8 runs=        2 filter= 90.491ms semisort=  0.007ms
[pe-async] round= 96 R=98 dirty=        4 runs=        2 filter= 89.924ms semisort=  0.006ms
[pe-async] round= 97 R=99 dirty=       26 runs=       13 filter= 90.023ms semisort=  0.009ms
[pe-async] round= 98 R=100 dirty=        8 runs=        6 filter= 90.091ms semisort=  0.007ms
[pe-async] round= 99 R=101 dirty=        8 runs=        2 filter= 90.473ms semisort=  0.007ms
[pe-async] round=100 R=102 dirty=        4 runs=        2 filter= 89.873ms semisort=  0.006ms
[pe-async] round=101 R=103 dirty=       26 runs=       13 filter= 89.767ms semisort=  0.010ms
[pe-async] round=102 R=104 dirty=        8 runs=        6 filter= 89.612ms semisort=  0.007ms
[pe-async] round=103 R=105 dirty=        8 runs=        2 filter= 90.073ms semisort=  0.007ms
[pe-async] round=104 R=106 dirty=        4 runs=        2 filter= 89.776ms semisort=  0.007ms
[pe-async] round=105 R=107 dirty=       26 runs=       13 filter= 90.062ms semisort=  0.009ms
[pe-async] round=106 R=108 dirty=        8 runs=        6 filter= 89.835ms semisort=  0.007ms
[pe-async] round=107 R=109 dirty=        8 runs=        2 filter= 90.042ms semisort=  0.007ms
[pe-async] round=108 R=110 dirty=        4 runs=        2 filter= 89.831ms semisort=  0.006ms
[pe-async] round=109 R=111 dirty=       26 runs=       13 filter= 89.785ms semisort=  0.009ms
[pe-async] round=110 R=112 dirty=        8 runs=        6 filter= 89.618ms semisort=  0.007ms
[pe-async] round=111 R=113 dirty=        8 runs=        2 filter= 89.822ms semisort=  0.007ms
[pe-async] round=112 R=114 dirty=        4 runs=        2 filter= 89.654ms semisort=  0.006ms
[pe-async] round=113 R=115 dirty=       26 runs=       13 filter= 89.935ms semisort=  0.010ms
[pe-async] round=114 R=116 dirty=        8 runs=        6 filter= 89.969ms semisort=  0.007ms
[pe-async] round=115 R=117 dirty=        8 runs=        2 filter= 89.613ms semisort=  0.007ms
[pe-async] round=116 R=118 dirty=        4 runs=        2 filter= 89.527ms semisort=  0.007ms
[pe-async] round=117 R=119 dirty=       26 runs=       13 filter= 89.569ms semisort=  0.009ms
[pe-async] round=118 R=120 dirty=        8 runs=        6 filter= 89.922ms semisort=  0.007ms
[pe-async] round=119 R=121 dirty=        8 runs=        2 filter= 90.304ms semisort=  0.007ms
[pe-async] round=120 R=122 dirty=        4 runs=        2 filter= 89.856ms semisort=  0.009ms
[pe-async] round=121 R=123 dirty=       26 runs=       13 filter= 89.919ms semisort=  0.010ms
[pe-async] round=122 R=124 dirty=        8 runs=        6 filter= 89.596ms semisort=  0.007ms
[pe-async] round=123 R=125 dirty=        8 runs=        2 filter= 89.722ms semisort=  0.008ms
[pe-async] round=124 R=126 dirty=        4 runs=        2 filter= 89.650ms semisort=  0.006ms
[pe-async] round=125 R=127 dirty=       26 runs=       13 filter= 89.738ms semisort=  0.010ms
[pe-async] round=126 R=128 dirty=        8 runs=        6 filter= 89.660ms semisort=  0.007ms
[pe-async] round=127 R=129 dirty=        8 runs=        2 filter= 89.943ms semisort=  0.006ms
[pe-async] round=128 R=130 dirty=        4 runs=        2 filter= 89.863ms semisort=  0.006ms
[pe-async] round=129 R=131 dirty=       26 runs=       13 filter= 89.558ms semisort=  0.009ms
[pe-async] round=130 R=132 dirty=        8 runs=        6 filter= 89.575ms semisort=  0.008ms
[pe-async] round=131 R=133 dirty=        8 runs=        2 filter= 89.624ms semisort=  0.007ms
[pe-async] round=132 R=134 dirty=        4 runs=        2 filter= 89.940ms semisort=  0.006ms
[pe-async] round=133 R=135 dirty=       26 runs=       13 filter= 89.615ms semisort=  0.009ms
[pe-async] round=134 R=136 dirty=        8 runs=        6 filter= 89.808ms semisort=  0.007ms
[pe-async] round=135 R=137 dirty=        8 runs=        2 filter= 89.795ms semisort=  0.007ms
[pe-async] round=136 R=138 dirty=        4 runs=        2 filter= 89.805ms semisort=  0.007ms
[pe-async] round=137 R=139 dirty=       26 runs=       13 filter= 89.579ms semisort=  0.009ms
[pe-async] round=138 R=140 dirty=        8 runs=        6 filter= 89.825ms semisort=  0.007ms
[pe-async] round=139 R=141 dirty=        8 runs=        2 filter= 89.615ms semisort=  0.007ms
[pe-async] round=140 R=142 dirty=        4 runs=        2 filter= 89.450ms semisort=  0.006ms
[pe-async] round=141 R=143 dirty=       26 runs=       13 filter= 89.794ms semisort=  0.011ms
[pe-async] round=142 R=144 dirty=        8 runs=        6 filter= 89.737ms semisort=  0.006ms
[pe-async] round=143 R=145 dirty=        8 runs=        2 filter= 89.888ms semisort=  0.007ms
[pe-async] round=144 R=146 dirty=        4 runs=        2 filter= 89.630ms semisort=  0.006ms
[pe-async] round=145 R=147 dirty=       26 runs=       13 filter= 89.745ms semisort=  0.010ms
[pe-async] round=146 R=148 dirty=        8 runs=        6 filter= 89.584ms semisort=  0.007ms
[pe-async] round=147 R=149 dirty=        8 runs=        2 filter= 89.521ms semisort=  0.008ms
[pe-async] round=148 R=150 dirty=        4 runs=        2 filter= 89.694ms semisort=  0.006ms
[pe-async] round=149 R=151 dirty=       26 runs=       13 filter= 89.630ms semisort=  0.010ms
[pe-async] round=150 R=152 dirty=        8 runs=        6 filter= 89.486ms semisort=  0.008ms
[pe-async] round=151 R=153 dirty=        8 runs=        2 filter= 89.640ms semisort=  0.008ms
[pe-async] round=152 R=154 dirty=        4 runs=        2 filter= 89.435ms semisort=  0.007ms
[pe-async] round=153 R=155 dirty=       26 runs=       13 filter= 89.202ms semisort=  0.010ms
[pe-async] round=154 R=156 dirty=        8 runs=        6 filter= 90.170ms semisort=  0.007ms
[pe-async] round=155 R=157 dirty=        8 runs=        2 filter= 89.488ms semisort=  0.007ms
[pe-async] round=156 R=158 dirty=        4 runs=        2 filter= 89.285ms semisort=  0.006ms
[pe-async] round=157 R=159 dirty=       26 runs=       13 filter= 89.795ms semisort=  0.009ms
[pe-async] round=158 R=160 dirty=        8 runs=        6 filter= 89.961ms semisort=  0.007ms
[pe-async] round=159 R=161 dirty=        8 runs=        2 filter= 89.727ms semisort=  0.007ms
[pe-async] round=160 R=162 dirty=        4 runs=        2 filter= 89.307ms semisort=  0.007ms
[pe-async] round=161 R=163 dirty=       26 runs=       13 filter= 89.574ms semisort=  0.010ms
[pe-async] round=162 R=164 dirty=        8 runs=        6 filter= 89.266ms semisort=  0.007ms
[pe-async] round=163 R=165 dirty=        8 runs=        2 filter= 89.590ms semisort=  0.007ms
[pe-async] round=164 R=166 dirty=        4 runs=        2 filter= 89.396ms semisort=  0.007ms
[pe-async] round=165 R=167 dirty=       26 runs=       13 filter= 90.130ms semisort=  0.010ms
[pe-async] round=166 R=168 dirty=        8 runs=        6 filter= 89.799ms semisort=  0.007ms
[pe-async] round=167 R=169 dirty=        8 runs=        2 filter= 89.732ms semisort=  0.008ms
[pe-async] round=168 R=170 dirty=        4 runs=        2 filter= 89.608ms semisort=  0.006ms
[pe-async] round=169 R=171 dirty=       26 runs=       13 filter= 89.622ms semisort=  0.009ms
[pe-async] round=170 R=172 dirty=        8 runs=        6 filter= 89.705ms semisort=  0.008ms
[pe-async] round=171 R=173 dirty=        8 runs=        2 filter= 89.495ms semisort=  0.008ms
[pe-async] round=172 R=174 dirty=        4 runs=        2 filter= 89.215ms semisort=  0.007ms
[pe-async] round=173 R=175 dirty=       26 runs=       13 filter= 88.831ms semisort=  0.010ms
[pe-async] round=174 R=176 dirty=        8 runs=        6 filter= 89.203ms semisort=  0.008ms
[pe-async] round=175 R=177 dirty=        8 runs=        2 filter= 89.805ms semisort=  0.007ms
[pe-async] round=176 R=178 dirty=        4 runs=        2 filter= 89.747ms semisort=  0.006ms
[pe-async] round=177 R=179 dirty=       26 runs=       13 filter= 90.183ms semisort=  0.009ms
[pe-async] round=178 R=180 dirty=        8 runs=        6 filter= 89.672ms semisort=  0.008ms
[pe-async] round=179 R=181 dirty=        8 runs=        2 filter= 89.761ms semisort=  0.006ms
[pe-async] round=180 R=182 dirty=        4 runs=        2 filter= 89.319ms semisort=  0.006ms
[pe-async] round=181 R=183 dirty=       26 runs=       13 filter= 89.245ms semisort=  0.009ms
[pe-async] round=182 R=184 dirty=        8 runs=        6 filter= 89.456ms semisort=  0.007ms
[pe-async] round=183 R=185 dirty=        8 runs=        2 filter= 89.263ms semisort=  0.008ms
[pe-async] round=184 R=186 dirty=        4 runs=        2 filter= 89.456ms semisort=  0.006ms
[pe-async] round=185 R=187 dirty=       26 runs=       13 filter= 89.623ms semisort=  0.009ms
[pe-async] round=186 R=188 dirty=        8 runs=        6 filter= 90.138ms semisort=  0.006ms
[pe-async] round=187 R=189 dirty=        8 runs=        2 filter= 89.405ms semisort=  0.007ms
[pe-async] round=188 R=190 dirty=        4 runs=        2 filter= 89.736ms semisort=  0.007ms
[pe-async] round=189 R=191 dirty=       26 runs=       13 filter= 89.215ms semisort=  0.009ms
[pe-async] round=190 R=192 dirty=        8 runs=        6 filter= 89.313ms semisort=  0.007ms
[pe-async] round=191 R=193 dirty=        8 runs=        2 filter= 89.384ms semisort=  0.007ms
[pe-async] round=192 R=194 dirty=        4 runs=        2 filter= 89.337ms semisort=  0.006ms
[pe-async] round=193 R=195 dirty=       26 runs=       13 filter= 89.426ms semisort=  0.010ms
[pe-async] round=194 R=196 dirty=        8 runs=        6 filter= 89.358ms semisort=  0.007ms
[pe-async] round=195 R=197 dirty=        8 runs=        2 filter= 89.066ms semisort=  0.007ms
[pe-async] round=196 R=198 dirty=        4 runs=        2 filter= 89.233ms semisort=  0.007ms
[pe-async] round=197 R=199 dirty=       26 runs=       13 filter= 88.951ms semisort=  0.010ms
[pe-async] round=198 R=200 dirty=        8 runs=        6 filter= 89.087ms semisort=  0.007ms
[pe-async] round=199 R=201 dirty=        8 runs=        2 filter= 90.087ms semisort=  0.007ms
[pe-async] round=200 R=202 dirty=        4 runs=        2 filter= 89.473ms semisort=  0.006ms
[pe-async] round=201 R=203 dirty=       26 runs=       13 filter= 89.368ms semisort=  0.009ms
[pe-async] round=202 R=204 dirty=        8 runs=        6 filter= 89.056ms semisort=  0.007ms
[pe-async] round=203 R=205 dirty=        8 runs=        2 filter= 89.308ms semisort=  0.008ms
[pe-async] round=204 R=206 dirty=        4 runs=        2 filter= 89.360ms semisort=  0.006ms
[pe-async] round=205 R=207 dirty=       26 runs=       13 filter= 89.042ms semisort=  0.010ms
[pe-async] round=206 R=208 dirty=        8 runs=        6 filter= 88.973ms semisort=  0.007ms
[pe-async] round=207 R=209 dirty=        8 runs=        2 filter= 89.187ms semisort=  0.007ms
[pe-async] round=208 R=210 dirty=        4 runs=        2 filter= 89.396ms semisort=  0.006ms
[pe-async] round=209 R=211 dirty=       26 runs=       13 filter= 89.591ms semisort=  0.009ms
[pe-async] round=210 R=212 dirty=        8 runs=        6 filter= 89.596ms semisort=  0.007ms
[pe-async] round=211 R=213 dirty=        8 runs=        2 filter= 89.720ms semisort=  0.007ms
[pe-async] round=212 R=214 dirty=        4 runs=        2 filter= 89.691ms semisort=  0.007ms
[pe-async] round=213 R=215 dirty=       26 runs=       13 filter= 89.409ms semisort=  0.010ms
[pe-async] round=214 R=216 dirty=        8 runs=        6 filter= 89.705ms semisort=  0.006ms
[pe-async] round=215 R=217 dirty=        8 runs=        2 filter= 89.605ms semisort=  0.007ms
[pe-async] round=216 R=218 dirty=        4 runs=        2 filter= 89.058ms semisort=  0.006ms
[pe-async] round=217 R=219 dirty=       26 runs=       13 filter= 89.512ms semisort=  0.009ms
[pe-async] round=218 R=220 dirty=        8 runs=        6 filter= 89.674ms semisort=  0.007ms
[pe-async] round=219 R=221 dirty=        8 runs=        2 filter= 89.636ms semisort=  0.008ms
[pe-async] round=220 R=222 dirty=        4 runs=        2 filter= 89.775ms semisort=  0.006ms
[pe-async] round=221 R=223 dirty=       26 runs=       13 filter= 89.533ms semisort=  0.010ms
[pe-async] round=222 R=224 dirty=        8 runs=        6 filter= 89.570ms semisort=  0.007ms
[pe-async] round=223 R=225 dirty=        8 runs=        2 filter= 89.657ms semisort=  0.006ms
[pe-async] round=224 R=226 dirty=        4 runs=        2 filter= 89.723ms semisort=  0.006ms
[pe-async] round=225 R=227 dirty=       26 runs=       13 filter= 89.360ms semisort=  0.010ms
[pe-async] round=226 R=228 dirty=        8 runs=        6 filter= 89.997ms semisort=  0.007ms
[pe-async] round=227 R=229 dirty=        8 runs=        2 filter= 89.551ms semisort=  0.007ms
[pe-async] round=228 R=230 dirty=        4 runs=        2 filter= 89.318ms semisort=  0.006ms
[pe-async] round=229 R=231 dirty=       26 runs=       13 filter= 89.230ms semisort=  0.010ms
[pe-async] round=230 R=232 dirty=        8 runs=        6 filter= 89.000ms semisort=  0.007ms
[pe-async] round=231 R=233 dirty=        8 runs=        2 filter= 89.988ms semisort=  0.007ms
[pe-async] round=232 R=234 dirty=        4 runs=        2 filter= 89.441ms semisort=  0.007ms
[pe-async] round=233 R=235 dirty=       26 runs=       13 filter= 89.220ms semisort=  0.010ms
[pe-async] round=234 R=236 dirty=        8 runs=        6 filter= 89.316ms semisort=  0.007ms
[pe-async] round=235 R=237 dirty=        8 runs=        2 filter= 89.802ms semisort=  0.008ms
[pe-async] round=236 R=238 dirty=        4 runs=        2 filter= 89.393ms semisort=  0.006ms
[pe-async] round=237 R=239 dirty=       26 runs=       13 filter= 89.447ms semisort=  0.010ms
[pe-async] round=238 R=240 dirty=        8 runs=        6 filter= 89.249ms semisort=  0.007ms
[pe-async] round=239 R=241 dirty=        8 runs=        2 filter= 89.468ms semisort=  0.008ms
[pe-async] round=240 R=242 dirty=        4 runs=        2 filter= 89.937ms semisort=  0.006ms
[pe-async] round=241 R=243 dirty=       26 runs=       13 filter= 89.571ms semisort=  0.010ms
[pe-async] round=242 R=244 dirty=        8 runs=        6 filter= 89.626ms semisort=  0.007ms
[pe-async] round=243 R=245 dirty=        8 runs=        2 filter= 89.476ms semisort=  0.007ms
[pe-async] round=244 R=246 dirty=        4 runs=        2 filter= 89.562ms semisort=  0.006ms
[pe-async] round=245 R=247 dirty=       26 runs=       13 filter= 89.191ms semisort=  0.009ms
[pe-async] round=246 R=248 dirty=        8 runs=        6 filter= 89.782ms semisort=  0.006ms
[pe-async] round=247 R=249 dirty=        8 runs=        2 filter= 89.262ms semisort=  0.007ms
[pe-async] round=248 R=250 dirty=        4 runs=        2 filter= 89.542ms semisort=  0.006ms
[pe-async] round=249 R=251 dirty=       26 runs=       13 filter= 89.313ms semisort=  0.009ms
[pe-async] round=250 R=252 dirty=        8 runs=        6 filter= 89.328ms semisort=  0.007ms
[pe-async] round=251 R=253 dirty=        8 runs=        2 filter= 89.187ms semisort=  0.007ms
[pe-async] round=252 R=254 dirty=        4 runs=        2 filter= 89.263ms semisort=  0.006ms
[pe-async] round=253 R=255 dirty=       26 runs=       13 filter= 89.153ms semisort=  0.009ms
[pe-async] round=254 R=256 dirty=        8 runs=        6 filter= 88.968ms semisort=  0.008ms
[pe-async] round=255 R=257 dirty=        8 runs=        2 filter= 89.536ms semisort=  0.008ms
[pe-async] round=256 R=258 dirty=        4 runs=        2 filter= 89.477ms semisort=  0.007ms
[pe-async] round=257 R=259 dirty=       18 runs=       10 filter= 89.161ms semisort=  0.009ms
[pe-async] round=258 R=260 dirty=        4 runs=        4 filter= 89.064ms semisort=  0.007ms
[pe-async] round=259 R=261 dirty=        0 filter= 89.710ms (clean break)
[pe-async] round=  0 R=2 dirty=  5437767 runs=  3698023 filter= 90.664ms semisort=305.750ms
[pe-async] round=  1 R=3 dirty=   226832 runs=   128424 filter=111.700ms semisort= 17.739ms
[pe-async] round=  2 R=4 dirty=    55915 runs=    52852 filter= 99.369ms semisort=  4.335ms
[pe-async] round=  3 R=5 dirty=    29367 runs=    19922 filter= 94.145ms semisort=  2.465ms
[pe-async] round=  4 R=6 dirty=    12610 runs=     9634 filter= 92.867ms semisort=  1.404ms
[pe-async] round=  5 R=7 dirty=     7181 runs=     5780 filter= 92.093ms semisort=  0.629ms
[pe-async] round=  6 R=8 dirty=     1740 runs=     1265 filter= 91.739ms semisort=  0.158ms
[pe-async] round=  7 R=9 dirty=      328 runs=      173 filter= 91.485ms semisort=  0.051ms
[pe-async] round=  8 R=10 dirty=     1728 runs=     1045 filter= 91.024ms semisort=  0.139ms
[pe-async] round=  9 R=11 dirty=      886 runs=      720 filter= 91.368ms semisort=  0.088ms
[pe-async] round= 10 R=12 dirty=      124 runs=       70 filter= 90.954ms semisort=  0.023ms
[pe-async] round= 11 R=13 dirty=      655 runs=      399 filter= 90.826ms semisort=  0.070ms
[pe-async] round= 12 R=14 dirty=      274 runs=      231 filter= 90.908ms semisort=  0.034ms
[pe-async] round= 13 R=15 dirty=       67 runs=       35 filter= 90.764ms semisort=  0.018ms
[pe-async] round= 14 R=16 dirty=      329 runs=      214 filter= 90.549ms semisort=  0.036ms
[pe-async] round= 15 R=17 dirty=      123 runs=      108 filter= 90.584ms semisort=  0.020ms
[pe-async] round= 16 R=18 dirty=       10 runs=        5 filter= 90.755ms semisort=  0.009ms
[pe-async] round= 17 R=19 dirty=      430 runs=      280 filter= 90.962ms semisort=  0.037ms
[pe-async] round= 18 R=20 dirty=      140 runs=      136 filter= 90.980ms semisort=  0.018ms
[pe-async] round= 19 R=21 dirty=       12 runs=        3 filter= 90.466ms semisort=  0.009ms
[pe-async] round= 20 R=22 dirty=        6 runs=        3 filter= 90.490ms semisort=  0.007ms
[pe-async] round= 21 R=23 dirty=       39 runs=       20 filter= 90.750ms semisort=  0.013ms
[pe-async] round= 22 R=24 dirty=       12 runs=        9 filter= 90.771ms semisort=  0.009ms
[pe-async] round= 23 R=25 dirty=       12 runs=        3 filter= 90.736ms semisort=  0.008ms
[pe-async] round= 24 R=26 dirty=        6 runs=        3 filter= 90.614ms semisort=  0.007ms
[pe-async] round= 25 R=27 dirty=       37 runs=       19 filter= 90.847ms semisort=  0.011ms
[pe-async] round= 26 R=28 dirty=       15 runs=       12 filter= 90.408ms semisort=  0.009ms
[pe-async] round= 27 R=29 dirty=        8 runs=        2 filter= 90.559ms semisort=  0.008ms
[pe-async] round= 28 R=30 dirty=        4 runs=        2 filter= 90.899ms semisort=  0.007ms
[pe-async] round= 29 R=31 dirty=       26 runs=       13 filter= 90.831ms semisort=  0.011ms
[pe-async] round= 30 R=32 dirty=        8 runs=        6 filter= 90.740ms semisort=  0.007ms
[pe-async] round= 31 R=33 dirty=        8 runs=        2 filter= 90.703ms semisort=  0.007ms
[pe-async] round= 32 R=34 dirty=        4 runs=        2 filter= 90.761ms semisort=  0.006ms
[pe-async] round= 33 R=35 dirty=       26 runs=       13 filter= 90.651ms semisort=  0.010ms
[pe-async] round= 34 R=36 dirty=        8 runs=        6 filter= 90.562ms semisort=  0.007ms
[pe-async] round= 35 R=37 dirty=        8 runs=        2 filter= 90.604ms semisort=  0.007ms
[pe-async] round= 36 R=38 dirty=        4 runs=        2 filter= 90.409ms semisort=  0.007ms
[pe-async] round= 37 R=39 dirty=       26 runs=       13 filter= 90.296ms semisort=  0.009ms
[pe-async] round= 38 R=40 dirty=        8 runs=        6 filter= 90.065ms semisort=  0.007ms
[pe-async] round= 39 R=41 dirty=        8 runs=        2 filter= 90.397ms semisort=  0.007ms
[pe-async] round= 40 R=42 dirty=        4 runs=        2 filter= 90.911ms semisort=  0.007ms
[pe-async] round= 41 R=43 dirty=       26 runs=       13 filter= 90.108ms semisort=  0.010ms
[pe-async] round= 42 R=44 dirty=        8 runs=        6 filter= 90.474ms semisort=  0.007ms
[pe-async] round= 43 R=45 dirty=        8 runs=        2 filter= 90.187ms semisort=  0.006ms
[pe-async] round= 44 R=46 dirty=        4 runs=        2 filter= 90.524ms semisort=  0.007ms
[pe-async] round= 45 R=47 dirty=       26 runs=       13 filter= 90.456ms semisort=  0.010ms
[pe-async] round= 46 R=48 dirty=        8 runs=        6 filter= 90.686ms semisort=  0.008ms
[pe-async] round= 47 R=49 dirty=        8 runs=        2 filter= 90.195ms semisort=  0.007ms
[pe-async] round= 48 R=50 dirty=        4 runs=        2 filter= 90.273ms semisort=  0.006ms
[pe-async] round= 49 R=51 dirty=       26 runs=       13 filter= 90.500ms semisort=  0.010ms
[pe-async] round= 50 R=52 dirty=        8 runs=        6 filter= 90.255ms semisort=  0.007ms
[pe-async] round= 51 R=53 dirty=        8 runs=        2 filter= 90.130ms semisort=  0.007ms
[pe-async] round= 52 R=54 dirty=        4 runs=        2 filter= 90.290ms semisort=  0.007ms
[pe-async] round= 53 R=55 dirty=       26 runs=       13 filter= 90.307ms semisort=  0.009ms
[pe-async] round= 54 R=56 dirty=        8 runs=        6 filter= 89.874ms semisort=  0.007ms
[pe-async] round= 55 R=57 dirty=        8 runs=        2 filter= 90.166ms semisort=  0.008ms
[pe-async] round= 56 R=58 dirty=        4 runs=        2 filter= 90.563ms semisort=  0.006ms
[pe-async] round= 57 R=59 dirty=       26 runs=       13 filter= 90.482ms semisort=  0.010ms
[pe-async] round= 58 R=60 dirty=        8 runs=        6 filter= 90.177ms semisort=  0.008ms
[pe-async] round= 59 R=61 dirty=        8 runs=        2 filter= 89.965ms semisort=  0.006ms
[pe-async] round= 60 R=62 dirty=        4 runs=        2 filter= 90.035ms semisort=  0.006ms
[pe-async] round= 61 R=63 dirty=       26 runs=       13 filter= 90.169ms semisort=  0.009ms
[pe-async] round= 62 R=64 dirty=        8 runs=        6 filter= 90.139ms semisort=  0.007ms
[pe-async] round= 63 R=65 dirty=        8 runs=        2 filter= 90.308ms semisort=  0.007ms
[pe-async] round= 64 R=66 dirty=        4 runs=        2 filter= 90.483ms semisort=  0.007ms
[pe-async] round= 65 R=67 dirty=       26 runs=       13 filter= 89.987ms semisort=  0.009ms
[pe-async] round= 66 R=68 dirty=        8 runs=        6 filter= 90.539ms semisort=  0.007ms
[pe-async] round= 67 R=69 dirty=        8 runs=        2 filter= 90.201ms semisort=  0.007ms
[pe-async] round= 68 R=70 dirty=        4 runs=        2 filter= 89.948ms semisort=  0.007ms
[pe-async] round= 69 R=71 dirty=       26 runs=       13 filter= 90.093ms semisort=  0.010ms
[pe-async] round= 70 R=72 dirty=        8 runs=        6 filter= 90.117ms semisort=  0.007ms
[pe-async] round= 71 R=73 dirty=        8 runs=        2 filter= 90.118ms semisort=  0.006ms
[pe-async] round= 72 R=74 dirty=        4 runs=        2 filter= 90.120ms semisort=  0.008ms
[pe-async] round= 73 R=75 dirty=       26 runs=       13 filter= 90.344ms semisort=  0.009ms
[pe-async] round= 74 R=76 dirty=        8 runs=        6 filter= 89.936ms semisort=  0.006ms
[pe-async] round= 75 R=77 dirty=        8 runs=        2 filter= 90.254ms semisort=  0.007ms
[pe-async] round= 76 R=78 dirty=        4 runs=        2 filter= 89.492ms semisort=  0.006ms
[pe-async] round= 77 R=79 dirty=       26 runs=       13 filter= 89.946ms semisort=  0.009ms
[pe-async] round= 78 R=80 dirty=        8 runs=        6 filter= 90.114ms semisort=  0.006ms
[pe-async] round= 79 R=81 dirty=        8 runs=        2 filter= 89.794ms semisort=  0.007ms
[pe-async] round= 80 R=82 dirty=        4 runs=        2 filter= 89.726ms semisort=  0.006ms
[pe-async] round= 81 R=83 dirty=       26 runs=       13 filter= 90.079ms semisort=  0.010ms
[pe-async] round= 82 R=84 dirty=        8 runs=        6 filter= 90.074ms semisort=  0.007ms
[pe-async] round= 83 R=85 dirty=        8 runs=        2 filter= 90.196ms semisort=  0.007ms
[pe-async] round= 84 R=86 dirty=        4 runs=        2 filter= 90.085ms semisort=  0.006ms
[pe-async] round= 85 R=87 dirty=       26 runs=       13 filter= 90.437ms semisort=  0.010ms
[pe-async] round= 86 R=88 dirty=        8 runs=        6 filter= 90.200ms semisort=  0.007ms
[pe-async] round= 87 R=89 dirty=        8 runs=        2 filter= 90.032ms semisort=  0.007ms
[pe-async] round= 88 R=90 dirty=        4 runs=        2 filter= 90.132ms semisort=  0.006ms
[pe-async] round= 89 R=91 dirty=       26 runs=       13 filter= 89.778ms semisort=  0.008ms
[pe-async] round= 90 R=92 dirty=        8 runs=        6 filter= 89.737ms semisort=  0.007ms
[pe-async] round= 91 R=93 dirty=        8 runs=        2 filter= 89.877ms semisort=  0.006ms
[pe-async] round= 92 R=94 dirty=        4 runs=        2 filter= 89.857ms semisort=  0.006ms
[pe-async] round= 93 R=95 dirty=       26 runs=       13 filter= 89.757ms semisort=  0.013ms
[pe-async] round= 94 R=96 dirty=        8 runs=        6 filter= 90.248ms semisort=  0.008ms
[pe-async] round= 95 R=97 dirty=        8 runs=        2 filter= 90.218ms semisort=  0.007ms
[pe-async] round= 96 R=98 dirty=        4 runs=        2 filter= 89.733ms semisort=  0.007ms
[pe-async] round= 97 R=99 dirty=       26 runs=       13 filter= 89.604ms semisort=  0.010ms
[pe-async] round= 98 R=100 dirty=        8 runs=        6 filter= 89.639ms semisort=  0.007ms
[pe-async] round= 99 R=101 dirty=        8 runs=        2 filter= 89.357ms semisort=  0.007ms
[pe-async] round=100 R=102 dirty=        4 runs=        2 filter= 89.969ms semisort=  0.006ms
[pe-async] round=101 R=103 dirty=       26 runs=       13 filter= 89.729ms semisort=  0.010ms
[pe-async] round=102 R=104 dirty=        8 runs=        6 filter= 89.699ms semisort=  0.007ms
[pe-async] round=103 R=105 dirty=        8 runs=        2 filter= 89.887ms semisort=  0.007ms
[pe-async] round=104 R=106 dirty=        4 runs=        2 filter= 89.588ms semisort=  0.007ms
[pe-async] round=105 R=107 dirty=       26 runs=       13 filter= 89.643ms semisort=  0.010ms
[pe-async] round=106 R=108 dirty=        8 runs=        6 filter= 89.643ms semisort=  0.008ms
[pe-async] round=107 R=109 dirty=        8 runs=        2 filter= 89.627ms semisort=  0.007ms
[pe-async] round=108 R=110 dirty=        4 runs=        2 filter= 89.786ms semisort=  0.006ms
[pe-async] round=109 R=111 dirty=       26 runs=       13 filter= 89.508ms semisort=  0.009ms
[pe-async] round=110 R=112 dirty=        8 runs=        6 filter= 89.448ms semisort=  0.006ms
[pe-async] round=111 R=113 dirty=        8 runs=        2 filter= 89.961ms semisort=  0.007ms
[pe-async] round=112 R=114 dirty=        4 runs=        2 filter= 89.541ms semisort=  0.006ms
[pe-async] round=113 R=115 dirty=       26 runs=       13 filter= 89.570ms semisort=  0.009ms
[pe-async] round=114 R=116 dirty=        8 runs=        6 filter= 89.792ms semisort=  0.007ms
[pe-async] round=115 R=117 dirty=        8 runs=        2 filter= 89.404ms semisort=  0.007ms
[pe-async] round=116 R=118 dirty=        4 runs=        2 filter= 89.617ms semisort=  0.006ms
[pe-async] round=117 R=119 dirty=       26 runs=       13 filter= 89.850ms semisort=  0.009ms
[pe-async] round=118 R=120 dirty=        8 runs=        6 filter= 90.112ms semisort=  0.007ms
[pe-async] round=119 R=121 dirty=        8 runs=        2 filter= 89.635ms semisort=  0.006ms
[pe-async] round=120 R=122 dirty=        4 runs=        2 filter= 89.612ms semisort=  0.007ms
[pe-async] round=121 R=123 dirty=       26 runs=       13 filter= 89.574ms semisort=  0.008ms
[pe-async] round=122 R=124 dirty=        8 runs=        6 filter= 89.890ms semisort=  0.007ms
[pe-async] round=123 R=125 dirty=        8 runs=        2 filter= 89.815ms semisort=  0.007ms
[pe-async] round=124 R=126 dirty=        4 runs=        2 filter= 89.543ms semisort=  0.006ms
[pe-async] round=125 R=127 dirty=       26 runs=       13 filter= 89.736ms semisort=  0.011ms
[pe-async] round=126 R=128 dirty=        8 runs=        6 filter= 89.818ms semisort=  0.007ms
[pe-async] round=127 R=129 dirty=        8 runs=        2 filter= 89.264ms semisort=  0.007ms
[pe-async] round=128 R=130 dirty=        4 runs=        2 filter= 89.818ms semisort=  0.006ms
[pe-async] round=129 R=131 dirty=       26 runs=       13 filter= 89.863ms semisort=  0.009ms
[pe-async] round=130 R=132 dirty=        8 runs=        6 filter= 89.604ms semisort=  0.007ms
[pe-async] round=131 R=133 dirty=        8 runs=        2 filter= 89.640ms semisort=  0.007ms
[pe-async] round=132 R=134 dirty=        4 runs=        2 filter= 89.668ms semisort=  0.006ms
[pe-async] round=133 R=135 dirty=       26 runs=       13 filter= 89.745ms semisort=  0.009ms
[pe-async] round=134 R=136 dirty=        8 runs=        6 filter= 89.411ms semisort=  0.007ms
[pe-async] round=135 R=137 dirty=        8 runs=        2 filter= 89.992ms semisort=  0.007ms
[pe-async] round=136 R=138 dirty=        4 runs=        2 filter= 89.507ms semisort=  0.007ms
[pe-async] round=137 R=139 dirty=       26 runs=       13 filter= 89.621ms semisort=  0.010ms
[pe-async] round=138 R=140 dirty=        8 runs=        6 filter= 89.828ms semisort=  0.007ms
[pe-async] round=139 R=141 dirty=        8 runs=        2 filter= 89.885ms semisort=  0.007ms
[pe-async] round=140 R=142 dirty=        4 runs=        2 filter= 89.893ms semisort=  0.006ms
[pe-async] round=141 R=143 dirty=       26 runs=       13 filter= 89.573ms semisort=  0.010ms
[pe-async] round=142 R=144 dirty=        8 runs=        6 filter= 89.459ms semisort=  0.007ms
[pe-async] round=143 R=145 dirty=        8 runs=        2 filter= 89.135ms semisort=  0.008ms
[pe-async] round=144 R=146 dirty=        4 runs=        2 filter= 89.501ms semisort=  0.007ms
[pe-async] round=145 R=147 dirty=       26 runs=       13 filter= 89.864ms semisort=  0.010ms
[pe-async] round=146 R=148 dirty=        8 runs=        6 filter= 89.703ms semisort=  0.007ms
[pe-async] round=147 R=149 dirty=        8 runs=        2 filter= 89.450ms semisort=  0.007ms
[pe-async] round=148 R=150 dirty=        4 runs=        2 filter= 89.460ms semisort=  0.007ms
[pe-async] round=149 R=151 dirty=       26 runs=       13 filter= 89.434ms semisort=  0.009ms
[pe-async] round=150 R=152 dirty=        8 runs=        6 filter= 89.440ms semisort=  0.008ms
[pe-async] round=151 R=153 dirty=        8 runs=        2 filter= 89.967ms semisort=  0.007ms
[pe-async] round=152 R=154 dirty=        4 runs=        2 filter= 90.076ms semisort=  0.006ms
[pe-async] round=153 R=155 dirty=       26 runs=       13 filter= 89.808ms semisort=  0.009ms
[pe-async] round=154 R=156 dirty=        8 runs=        6 filter= 89.964ms semisort=  0.007ms
[pe-async] round=155 R=157 dirty=        8 runs=        2 filter= 89.628ms semisort=  0.007ms
[pe-async] round=156 R=158 dirty=        4 runs=        2 filter= 89.655ms semisort=  0.006ms
[pe-async] round=157 R=159 dirty=       26 runs=       13 filter= 88.936ms semisort=  0.009ms
[pe-async] round=158 R=160 dirty=        8 runs=        6 filter= 89.098ms semisort=  0.008ms
[pe-async] round=159 R=161 dirty=        8 runs=        2 filter= 89.661ms semisort=  0.007ms
[pe-async] round=160 R=162 dirty=        4 runs=        2 filter= 89.355ms semisort=  0.006ms
[pe-async] round=161 R=163 dirty=       26 runs=       13 filter= 89.900ms semisort=  0.010ms
[pe-async] round=162 R=164 dirty=        8 runs=        6 filter= 89.717ms semisort=  0.007ms
[pe-async] round=163 R=165 dirty=        8 runs=        2 filter= 89.754ms semisort=  0.007ms
[pe-async] round=164 R=166 dirty=        4 runs=        2 filter= 89.691ms semisort=  0.006ms
[pe-async] round=165 R=167 dirty=       26 runs=       13 filter= 89.285ms semisort=  0.009ms
[pe-async] round=166 R=168 dirty=        8 runs=        6 filter= 89.380ms semisort=  0.007ms
[pe-async] round=167 R=169 dirty=        8 runs=        2 filter= 89.992ms semisort=  0.007ms
[pe-async] round=168 R=170 dirty=        4 runs=        2 filter= 89.800ms semisort=  0.006ms
[pe-async] round=169 R=171 dirty=       26 runs=       13 filter= 89.919ms semisort=  0.010ms
[pe-async] round=170 R=172 dirty=        8 runs=        6 filter= 89.750ms semisort=  0.006ms
[pe-async] round=171 R=173 dirty=        8 runs=        2 filter= 89.508ms semisort=  0.007ms
[pe-async] round=172 R=174 dirty=        4 runs=        2 filter= 89.237ms semisort=  0.007ms
[pe-async] round=173 R=175 dirty=       26 runs=       13 filter= 89.343ms semisort=  0.009ms
[pe-async] round=174 R=176 dirty=        8 runs=        6 filter= 89.491ms semisort=  0.007ms
[pe-async] round=175 R=177 dirty=        8 runs=        2 filter= 89.556ms semisort=  0.007ms
[pe-async] round=176 R=178 dirty=        4 runs=        2 filter= 89.404ms semisort=  0.006ms
[pe-async] round=177 R=179 dirty=       26 runs=       13 filter= 88.927ms semisort=  0.009ms
[pe-async] round=178 R=180 dirty=        8 runs=        6 filter= 90.059ms semisort=  0.007ms
[pe-async] round=179 R=181 dirty=        8 runs=        2 filter= 89.507ms semisort=  0.006ms
[pe-async] round=180 R=182 dirty=        4 runs=        2 filter= 89.505ms semisort=  0.007ms
[pe-async] round=181 R=183 dirty=       26 runs=       13 filter= 89.748ms semisort=  0.010ms
[pe-async] round=182 R=184 dirty=        8 runs=        6 filter= 89.204ms semisort=  0.007ms
[pe-async] round=183 R=185 dirty=        8 runs=        2 filter= 89.468ms semisort=  0.007ms
[pe-async] round=184 R=186 dirty=        4 runs=        2 filter= 89.522ms semisort=  0.006ms
[pe-async] round=185 R=187 dirty=       26 runs=       13 filter= 89.231ms semisort=  0.010ms
[pe-async] round=186 R=188 dirty=        8 runs=        6 filter= 89.553ms semisort=  0.007ms
[pe-async] round=187 R=189 dirty=        8 runs=        2 filter= 89.318ms semisort=  0.007ms
[pe-async] round=188 R=190 dirty=        4 runs=        2 filter= 89.549ms semisort=  0.006ms
[pe-async] round=189 R=191 dirty=       26 runs=       13 filter= 89.494ms semisort=  0.010ms
[pe-async] round=190 R=192 dirty=        8 runs=        6 filter= 89.526ms semisort=  0.007ms
[pe-async] round=191 R=193 dirty=        8 runs=        2 filter= 89.799ms semisort=  0.007ms
[pe-async] round=192 R=194 dirty=        4 runs=        2 filter= 89.905ms semisort=  0.007ms
[pe-async] round=193 R=195 dirty=       26 runs=       13 filter= 89.448ms semisort=  0.009ms
[pe-async] round=194 R=196 dirty=        8 runs=        6 filter= 89.713ms semisort=  0.007ms
[pe-async] round=195 R=197 dirty=        8 runs=        2 filter= 89.530ms semisort=  0.007ms
[pe-async] round=196 R=198 dirty=        4 runs=        2 filter= 89.680ms semisort=  0.007ms
[pe-async] round=197 R=199 dirty=       26 runs=       13 filter= 89.492ms semisort=  0.010ms
[pe-async] round=198 R=200 dirty=        8 runs=        6 filter= 89.436ms semisort=  0.007ms
[pe-async] round=199 R=201 dirty=        8 runs=        2 filter= 89.548ms semisort=  0.007ms
[pe-async] round=200 R=202 dirty=        4 runs=        2 filter= 89.663ms semisort=  0.006ms
[pe-async] round=201 R=203 dirty=       26 runs=       13 filter= 89.500ms semisort=  0.009ms
[pe-async] round=202 R=204 dirty=        8 runs=        6 filter= 89.391ms semisort=  0.007ms
[pe-async] round=203 R=205 dirty=        8 runs=        2 filter= 89.192ms semisort=  0.007ms
[pe-async] round=204 R=206 dirty=        4 runs=        2 filter= 89.295ms semisort=  0.006ms
[pe-async] round=205 R=207 dirty=       26 runs=       13 filter= 89.404ms semisort=  0.009ms
[pe-async] round=206 R=208 dirty=        8 runs=        6 filter= 89.816ms semisort=  0.006ms
[pe-async] round=207 R=209 dirty=        8 runs=        2 filter= 89.535ms semisort=  0.006ms
[pe-async] round=208 R=210 dirty=        4 runs=        2 filter= 89.451ms semisort=  0.006ms
[pe-async] round=209 R=211 dirty=       26 runs=       13 filter= 89.212ms semisort=  0.010ms
[pe-async] round=210 R=212 dirty=        8 runs=        6 filter= 89.344ms semisort=  0.007ms
[pe-async] round=211 R=213 dirty=        8 runs=        2 filter= 89.829ms semisort=  0.007ms
[pe-async] round=212 R=214 dirty=        4 runs=        2 filter= 89.559ms semisort=  0.007ms
[pe-async] round=213 R=215 dirty=       26 runs=       13 filter= 89.655ms semisort=  0.010ms
[pe-async] round=214 R=216 dirty=        8 runs=        6 filter= 89.609ms semisort=  0.007ms
[pe-async] round=215 R=217 dirty=        8 runs=        2 filter= 89.501ms semisort=  0.006ms
[pe-async] round=216 R=218 dirty=        4 runs=        2 filter= 89.192ms semisort=  0.006ms
[pe-async] round=217 R=219 dirty=       26 runs=       13 filter= 89.206ms semisort=  0.010ms
[pe-async] round=218 R=220 dirty=        8 runs=        6 filter= 89.637ms semisort=  0.007ms
[pe-async] round=219 R=221 dirty=        8 runs=        2 filter= 89.392ms semisort=  0.011ms
[pe-async] round=220 R=222 dirty=        4 runs=        2 filter= 89.724ms semisort=  0.006ms
[pe-async] round=221 R=223 dirty=       26 runs=       13 filter= 89.566ms semisort=  0.010ms
[pe-async] round=222 R=224 dirty=        8 runs=        6 filter= 89.368ms semisort=  0.007ms
[pe-async] round=223 R=225 dirty=        8 runs=        2 filter= 89.853ms semisort=  0.008ms
[pe-async] round=224 R=226 dirty=        4 runs=        2 filter= 89.891ms semisort=  0.006ms
[pe-async] round=225 R=227 dirty=       26 runs=       13 filter= 89.391ms semisort=  0.009ms
[pe-async] round=226 R=228 dirty=        8 runs=        6 filter= 89.286ms semisort=  0.007ms
[pe-async] round=227 R=229 dirty=        8 runs=        2 filter= 89.277ms semisort=  0.007ms
[pe-async] round=228 R=230 dirty=        4 runs=        2 filter= 89.511ms semisort=  0.007ms
[pe-async] round=229 R=231 dirty=       26 runs=       13 filter= 89.299ms semisort=  0.009ms
[pe-async] round=230 R=232 dirty=        8 runs=        6 filter= 89.308ms semisort=  0.007ms
[pe-async] round=231 R=233 dirty=        8 runs=        2 filter= 89.327ms semisort=  0.007ms
[pe-async] round=232 R=234 dirty=        4 runs=        2 filter= 89.220ms semisort=  0.007ms
[pe-async] round=233 R=235 dirty=       26 runs=       13 filter= 89.234ms semisort=  0.009ms
[pe-async] round=234 R=236 dirty=        8 runs=        6 filter= 89.323ms semisort=  0.008ms
[pe-async] round=235 R=237 dirty=        8 runs=        2 filter= 89.108ms semisort=  0.008ms
[pe-async] round=236 R=238 dirty=        4 runs=        2 filter= 89.269ms semisort=  0.007ms
[pe-async] round=237 R=239 dirty=       26 runs=       13 filter= 89.182ms semisort=  0.010ms
[pe-async] round=238 R=240 dirty=        8 runs=        6 filter= 88.710ms semisort=  0.007ms
[pe-async] round=239 R=241 dirty=        8 runs=        2 filter= 89.256ms semisort=  0.008ms
[pe-async] round=240 R=242 dirty=        4 runs=        2 filter= 89.406ms semisort=  0.007ms
[pe-async] round=241 R=243 dirty=       26 runs=       13 filter= 89.564ms semisort=  0.011ms
[pe-async] round=242 R=244 dirty=        8 runs=        6 filter= 89.714ms semisort=  0.007ms
[pe-async] round=243 R=245 dirty=        8 runs=        2 filter= 89.832ms semisort=  0.007ms
[pe-async] round=244 R=246 dirty=        4 runs=        2 filter= 89.106ms semisort=  0.006ms
[pe-async] round=245 R=247 dirty=       26 runs=       13 filter= 89.254ms semisort=  0.009ms
[pe-async] round=246 R=248 dirty=        8 runs=        6 filter= 89.319ms semisort=  0.007ms
[pe-async] round=247 R=249 dirty=        8 runs=        2 filter= 89.149ms semisort=  0.006ms
[pe-async] round=248 R=250 dirty=        4 runs=        2 filter= 89.221ms semisort=  0.006ms
[pe-async] round=249 R=251 dirty=       26 runs=       13 filter= 89.024ms semisort=  0.009ms
[pe-async] round=250 R=252 dirty=        8 runs=        6 filter= 89.282ms semisort=  0.007ms
[pe-async] round=251 R=253 dirty=        8 runs=        2 filter= 89.460ms semisort=  0.007ms
[pe-async] round=252 R=254 dirty=        4 runs=        2 filter= 89.384ms semisort=  0.006ms
[pe-async] round=253 R=255 dirty=       26 runs=       13 filter= 89.592ms semisort=  0.010ms
[pe-async] round=254 R=256 dirty=        8 runs=        6 filter= 89.175ms semisort=  0.007ms
[pe-async] round=255 R=257 dirty=        8 runs=        2 filter= 89.327ms semisort=  0.007ms
[pe-async] round=256 R=258 dirty=        4 runs=        2 filter= 89.449ms semisort=  0.006ms
[pe-async] round=257 R=259 dirty=       18 runs=       10 filter= 89.357ms semisort=  0.008ms
[pe-async] round=258 R=260 dirty=        4 runs=        4 filter= 89.282ms semisort=  0.005ms
[pe-async] round=259 R=261 dirty=        0 filter= 89.171ms (clean break)
[pe-async] round=  0 R=2 dirty=  5437767 runs=  3698023 filter= 90.913ms semisort=305.977ms
[pe-async] round=  1 R=3 dirty=   226832 runs=   128424 filter=112.387ms semisort= 17.959ms
[pe-async] round=  2 R=4 dirty=    55915 runs=    52852 filter= 99.470ms semisort=  4.307ms
[pe-async] round=  3 R=5 dirty=    29367 runs=    19922 filter= 94.201ms semisort=  2.448ms
[pe-async] round=  4 R=6 dirty=    12610 runs=     9634 filter= 92.724ms semisort=  1.390ms
[pe-async] round=  5 R=7 dirty=     7181 runs=     5780 filter= 92.208ms semisort=  0.631ms
[pe-async] round=  6 R=8 dirty=     1740 runs=     1265 filter= 91.531ms semisort=  0.154ms
[pe-async] round=  7 R=9 dirty=      328 runs=      173 filter= 91.356ms semisort=  0.045ms
[pe-async] round=  8 R=10 dirty=     1728 runs=     1045 filter= 91.756ms semisort=  0.160ms
[pe-async] round=  9 R=11 dirty=      886 runs=      720 filter= 91.286ms semisort=  0.076ms
[pe-async] round= 10 R=12 dirty=      124 runs=       70 filter= 91.155ms semisort=  0.022ms
[pe-async] round= 11 R=13 dirty=      655 runs=      399 filter= 91.048ms semisort=  0.070ms
[pe-async] round= 12 R=14 dirty=      274 runs=      231 filter= 91.112ms semisort=  0.037ms
[pe-async] round= 13 R=15 dirty=       67 runs=       35 filter= 90.611ms semisort=  0.018ms
[pe-async] round= 14 R=16 dirty=      329 runs=      214 filter= 90.653ms semisort=  0.032ms
[pe-async] round= 15 R=17 dirty=      123 runs=      108 filter= 90.984ms semisort=  0.017ms
[pe-async] round= 16 R=18 dirty=       10 runs=        5 filter= 90.591ms semisort=  0.009ms
[pe-async] round= 17 R=19 dirty=      430 runs=      280 filter= 91.197ms semisort=  0.036ms
[pe-async] round= 18 R=20 dirty=      140 runs=      136 filter= 90.756ms semisort=  0.018ms
[pe-async] round= 19 R=21 dirty=       12 runs=        3 filter= 91.058ms semisort=  0.008ms
[pe-async] round= 20 R=22 dirty=        6 runs=        3 filter= 90.690ms semisort=  0.008ms
[pe-async] round= 21 R=23 dirty=       39 runs=       20 filter= 90.520ms semisort=  0.011ms
[pe-async] round= 22 R=24 dirty=       12 runs=        9 filter= 90.593ms semisort=  0.008ms
[pe-async] round= 23 R=25 dirty=       12 runs=        3 filter= 90.521ms semisort=  0.008ms
[pe-async] round= 24 R=26 dirty=        6 runs=        3 filter= 90.463ms semisort=  0.007ms
[pe-async] round= 25 R=27 dirty=       37 runs=       19 filter= 90.794ms semisort=  0.011ms
[pe-async] round= 26 R=28 dirty=       15 runs=       12 filter= 90.887ms semisort=  0.008ms
[pe-async] round= 27 R=29 dirty=        8 runs=        2 filter= 90.931ms semisort=  0.007ms
[pe-async] round= 28 R=30 dirty=        4 runs=        2 filter= 90.770ms semisort=  0.006ms
[pe-async] round= 29 R=31 dirty=       26 runs=       13 filter= 90.858ms semisort=  0.010ms
[pe-async] round= 30 R=32 dirty=        8 runs=        6 filter= 90.860ms semisort=  0.007ms
[pe-async] round= 31 R=33 dirty=        8 runs=        2 filter= 90.938ms semisort=  0.007ms
[pe-async] round= 32 R=34 dirty=        4 runs=        2 filter= 90.790ms semisort=  0.006ms
[pe-async] round= 33 R=35 dirty=       26 runs=       13 filter= 91.088ms semisort=  0.008ms
[pe-async] round= 34 R=36 dirty=        8 runs=        6 filter= 90.528ms semisort=  0.007ms
[pe-async] round= 35 R=37 dirty=        8 runs=        2 filter= 90.573ms semisort=  0.008ms
[pe-async] round= 36 R=38 dirty=        4 runs=        2 filter= 90.610ms semisort=  0.006ms
[pe-async] round= 37 R=39 dirty=       26 runs=       13 filter= 90.639ms semisort=  0.010ms
[pe-async] round= 38 R=40 dirty=        8 runs=        6 filter= 90.556ms semisort=  0.007ms
[pe-async] round= 39 R=41 dirty=        8 runs=        2 filter= 90.756ms semisort=  0.007ms
[pe-async] round= 40 R=42 dirty=        4 runs=        2 filter= 90.621ms semisort=  0.007ms
[pe-async] round= 41 R=43 dirty=       26 runs=       13 filter= 90.435ms semisort=  0.010ms
[pe-async] round= 42 R=44 dirty=        8 runs=        6 filter= 90.562ms semisort=  0.007ms
[pe-async] round= 43 R=45 dirty=        8 runs=        2 filter= 90.803ms semisort=  0.007ms
[pe-async] round= 44 R=46 dirty=        4 runs=        2 filter= 90.200ms semisort=  0.006ms
[pe-async] round= 45 R=47 dirty=       26 runs=       13 filter= 90.343ms semisort=  0.009ms
[pe-async] round= 46 R=48 dirty=        8 runs=        6 filter= 89.920ms semisort=  0.006ms
[pe-async] round= 47 R=49 dirty=        8 runs=        2 filter= 90.494ms semisort=  0.007ms
[pe-async] round= 48 R=50 dirty=        4 runs=        2 filter= 90.558ms semisort=  0.006ms
[pe-async] round= 49 R=51 dirty=       26 runs=       13 filter= 90.589ms semisort=  0.009ms
[pe-async] round= 50 R=52 dirty=        8 runs=        6 filter= 90.625ms semisort=  0.006ms
[pe-async] round= 51 R=53 dirty=        8 runs=        2 filter= 89.958ms semisort=  0.007ms
[pe-async] round= 52 R=54 dirty=        4 runs=        2 filter= 90.343ms semisort=  0.007ms
[pe-async] round= 53 R=55 dirty=       26 runs=       13 filter= 90.764ms semisort=  0.008ms
[pe-async] round= 54 R=56 dirty=        8 runs=        6 filter= 90.302ms semisort=  0.007ms
[pe-async] round= 55 R=57 dirty=        8 runs=        2 filter= 90.189ms semisort=  0.008ms
[pe-async] round= 56 R=58 dirty=        4 runs=        2 filter= 90.055ms semisort=  0.006ms
[pe-async] round= 57 R=59 dirty=       26 runs=       13 filter= 89.967ms semisort=  0.010ms
[pe-async] round= 58 R=60 dirty=        8 runs=        6 filter= 90.487ms semisort=  0.007ms
[pe-async] round= 59 R=61 dirty=        8 runs=        2 filter= 89.985ms semisort=  0.007ms
[pe-async] round= 60 R=62 dirty=        4 runs=        2 filter= 90.485ms semisort=  0.006ms
[pe-async] round= 61 R=63 dirty=       26 runs=       13 filter= 90.332ms semisort=  0.009ms
[pe-async] round= 62 R=64 dirty=        8 runs=        6 filter= 90.186ms semisort=  0.006ms
[pe-async] round= 63 R=65 dirty=        8 runs=        2 filter= 89.997ms semisort=  0.007ms
[pe-async] round= 64 R=66 dirty=        4 runs=        2 filter= 90.436ms semisort=  0.007ms
[pe-async] round= 65 R=67 dirty=       26 runs=       13 filter= 89.980ms semisort=  0.009ms
[pe-async] round= 66 R=68 dirty=        8 runs=        6 filter= 90.561ms semisort=  0.007ms
[pe-async] round= 67 R=69 dirty=        8 runs=        2 filter= 90.131ms semisort=  0.007ms
[pe-async] round= 68 R=70 dirty=        4 runs=        2 filter= 90.139ms semisort=  0.006ms
[pe-async] round= 69 R=71 dirty=       26 runs=       13 filter= 89.999ms semisort=  0.009ms
[pe-async] round= 70 R=72 dirty=        8 runs=        6 filter= 89.917ms semisort=  0.006ms
[pe-async] round= 71 R=73 dirty=        8 runs=        2 filter= 90.375ms semisort=  0.006ms
[pe-async] round= 72 R=74 dirty=        4 runs=        2 filter= 90.220ms semisort=  0.007ms
[pe-async] round= 73 R=75 dirty=       26 runs=       13 filter= 90.274ms semisort=  0.010ms
[pe-async] round= 74 R=76 dirty=        8 runs=        6 filter= 90.065ms semisort=  0.007ms
[pe-async] round= 75 R=77 dirty=        8 runs=        2 filter= 90.699ms semisort=  0.007ms
[pe-async] round= 76 R=78 dirty=        4 runs=        2 filter= 90.097ms semisort=  0.006ms
[pe-async] round= 77 R=79 dirty=       26 runs=       13 filter= 90.239ms semisort=  0.009ms
[pe-async] round= 78 R=80 dirty=        8 runs=        6 filter= 89.765ms semisort=  0.007ms
[pe-async] round= 79 R=81 dirty=        8 runs=        2 filter= 89.709ms semisort=  0.006ms
[pe-async] round= 80 R=82 dirty=        4 runs=        2 filter= 90.053ms semisort=  0.007ms
[pe-async] round= 81 R=83 dirty=       26 runs=       13 filter= 90.078ms semisort=  0.010ms
[pe-async] round= 82 R=84 dirty=        8 runs=        6 filter= 90.369ms semisort=  0.007ms
[pe-async] round= 83 R=85 dirty=        8 runs=        2 filter= 89.940ms semisort=  0.007ms
[pe-async] round= 84 R=86 dirty=        4 runs=        2 filter= 90.015ms semisort=  0.006ms
[pe-async] round= 85 R=87 dirty=       26 runs=       13 filter= 89.783ms semisort=  0.009ms
[pe-async] round= 86 R=88 dirty=        8 runs=        6 filter= 90.054ms semisort=  0.007ms
[pe-async] round= 87 R=89 dirty=        8 runs=        2 filter= 89.972ms semisort=  0.007ms
[pe-async] round= 88 R=90 dirty=        4 runs=        2 filter= 89.769ms semisort=  0.006ms
[pe-async] round= 89 R=91 dirty=       26 runs=       13 filter= 90.030ms semisort=  0.010ms
[pe-async] round= 90 R=92 dirty=        8 runs=        6 filter= 89.446ms semisort=  0.007ms
[pe-async] round= 91 R=93 dirty=        8 runs=        2 filter= 90.323ms semisort=  0.006ms
[pe-async] round= 92 R=94 dirty=        4 runs=        2 filter= 90.077ms semisort=  0.006ms
[pe-async] round= 93 R=95 dirty=       26 runs=       13 filter= 90.368ms semisort=  0.009ms
[pe-async] round= 94 R=96 dirty=        8 runs=        6 filter= 89.869ms semisort=  0.007ms
[pe-async] round= 95 R=97 dirty=        8 runs=        2 filter= 90.205ms semisort=  0.007ms
[pe-async] round= 96 R=98 dirty=        4 runs=        2 filter= 89.781ms semisort=  0.006ms
[pe-async] round= 97 R=99 dirty=       26 runs=       13 filter= 89.864ms semisort=  0.010ms
[pe-async] round= 98 R=100 dirty=        8 runs=        6 filter= 89.375ms semisort=  0.007ms
[pe-async] round= 99 R=101 dirty=        8 runs=        2 filter= 89.855ms semisort=  0.007ms
[pe-async] round=100 R=102 dirty=        4 runs=        2 filter= 89.251ms semisort=  0.006ms
[pe-async] round=101 R=103 dirty=       26 runs=       13 filter= 90.077ms semisort=  0.009ms
[pe-async] round=102 R=104 dirty=        8 runs=        6 filter= 89.510ms semisort=  0.007ms
[pe-async] round=103 R=105 dirty=        8 runs=        2 filter= 90.019ms semisort=  0.007ms
[pe-async] round=104 R=106 dirty=        4 runs=        2 filter= 89.969ms semisort=  0.007ms
[pe-async] round=105 R=107 dirty=       26 runs=       13 filter= 89.882ms semisort=  0.008ms
[pe-async] round=106 R=108 dirty=        8 runs=        6 filter= 89.679ms semisort=  0.007ms
[pe-async] round=107 R=109 dirty=        8 runs=        2 filter= 89.655ms semisort=  0.007ms
[pe-async] round=108 R=110 dirty=        4 runs=        2 filter= 89.879ms semisort=  0.006ms
[pe-async] round=109 R=111 dirty=       26 runs=       13 filter= 89.982ms semisort=  0.010ms
[pe-async] round=110 R=112 dirty=        8 runs=        6 filter= 89.873ms semisort=  0.007ms
[pe-async] round=111 R=113 dirty=        8 runs=        2 filter= 89.680ms semisort=  0.008ms
[pe-async] round=112 R=114 dirty=        4 runs=        2 filter= 89.682ms semisort=  0.006ms
[pe-async] round=113 R=115 dirty=       26 runs=       13 filter= 89.540ms semisort=  0.010ms
[pe-async] round=114 R=116 dirty=        8 runs=        6 filter= 89.678ms semisort=  0.008ms
[pe-async] round=115 R=117 dirty=        8 runs=        2 filter= 89.921ms semisort=  0.007ms
[pe-async] round=116 R=118 dirty=        4 runs=        2 filter= 89.622ms semisort=  0.006ms
[pe-async] round=117 R=119 dirty=       26 runs=       13 filter= 89.522ms semisort=  0.009ms
[pe-async] round=118 R=120 dirty=        8 runs=        6 filter= 89.534ms semisort=  0.007ms
[pe-async] round=119 R=121 dirty=        8 runs=        2 filter= 90.060ms semisort=  0.006ms
[pe-async] round=120 R=122 dirty=        4 runs=        2 filter= 90.014ms semisort=  0.007ms
[pe-async] round=121 R=123 dirty=       26 runs=       13 filter= 89.983ms semisort=  0.009ms
[pe-async] round=122 R=124 dirty=        8 runs=        6 filter= 89.630ms semisort=  0.007ms
[pe-async] round=123 R=125 dirty=        8 runs=        2 filter= 89.562ms semisort=  0.006ms
[pe-async] round=124 R=126 dirty=        4 runs=        2 filter= 89.343ms semisort=  0.006ms
[pe-async] round=125 R=127 dirty=       26 runs=       13 filter= 89.603ms semisort=  0.010ms
[pe-async] round=126 R=128 dirty=        8 runs=        6 filter= 89.562ms semisort=  0.006ms
[pe-async] round=127 R=129 dirty=        8 runs=        2 filter= 89.828ms semisort=  0.008ms
[pe-async] round=128 R=130 dirty=        4 runs=        2 filter= 89.388ms semisort=  0.006ms
[pe-async] round=129 R=131 dirty=       26 runs=       13 filter= 89.692ms semisort=  0.009ms
[pe-async] round=130 R=132 dirty=        8 runs=        6 filter= 89.574ms semisort=  0.007ms
[pe-async] round=131 R=133 dirty=        8 runs=        2 filter= 89.829ms semisort=  0.007ms
[pe-async] round=132 R=134 dirty=        4 runs=        2 filter= 89.672ms semisort=  0.006ms
[pe-async] round=133 R=135 dirty=       26 runs=       13 filter= 89.946ms semisort=  0.009ms
[pe-async] round=134 R=136 dirty=        8 runs=        6 filter= 89.206ms semisort=  0.007ms
[pe-async] round=135 R=137 dirty=        8 runs=        2 filter= 89.432ms semisort=  0.007ms
[pe-async] round=136 R=138 dirty=        4 runs=        2 filter= 89.855ms semisort=  0.006ms
[pe-async] round=137 R=139 dirty=       26 runs=       13 filter= 90.067ms semisort=  0.010ms
[pe-async] round=138 R=140 dirty=        8 runs=        6 filter= 89.789ms semisort=  0.007ms
[pe-async] round=139 R=141 dirty=        8 runs=        2 filter= 89.752ms semisort=  0.007ms
[pe-async] round=140 R=142 dirty=        4 runs=        2 filter= 89.589ms semisort=  0.007ms
[pe-async] round=141 R=143 dirty=       26 runs=       13 filter= 89.785ms semisort=  0.010ms
[pe-async] round=142 R=144 dirty=        8 runs=        6 filter= 90.107ms semisort=  0.007ms
[pe-async] round=143 R=145 dirty=        8 runs=        2 filter= 89.834ms semisort=  0.007ms
[pe-async] round=144 R=146 dirty=        4 runs=        2 filter= 89.834ms semisort=  0.006ms
[pe-async] round=145 R=147 dirty=       26 runs=       13 filter= 90.019ms semisort=  0.009ms
[pe-async] round=146 R=148 dirty=        8 runs=        6 filter= 89.734ms semisort=  0.008ms
[pe-async] round=147 R=149 dirty=        8 runs=        2 filter= 90.023ms semisort=  0.008ms
[pe-async] round=148 R=150 dirty=        4 runs=        2 filter= 89.791ms semisort=  0.006ms
[pe-async] round=149 R=151 dirty=       26 runs=       13 filter= 90.051ms semisort=  0.010ms
[pe-async] round=150 R=152 dirty=        8 runs=        6 filter= 89.231ms semisort=  0.008ms
[pe-async] round=151 R=153 dirty=        8 runs=        2 filter= 89.449ms semisort=  0.007ms
[pe-async] round=152 R=154 dirty=        4 runs=        2 filter= 90.050ms semisort=  0.006ms
[pe-async] round=153 R=155 dirty=       26 runs=       13 filter= 89.429ms semisort=  0.009ms
[pe-async] round=154 R=156 dirty=        8 runs=        6 filter= 89.724ms semisort=  0.008ms
[pe-async] round=155 R=157 dirty=        8 runs=        2 filter= 89.532ms semisort=  0.007ms
[pe-async] round=156 R=158 dirty=        4 runs=        2 filter= 89.557ms semisort=  0.006ms
[pe-async] round=157 R=159 dirty=       26 runs=       13 filter= 89.552ms semisort=  0.011ms
[pe-async] round=158 R=160 dirty=        8 runs=        6 filter= 89.385ms semisort=  0.007ms
[pe-async] round=159 R=161 dirty=        8 runs=        2 filter= 89.960ms semisort=  0.007ms
[pe-async] round=160 R=162 dirty=        4 runs=        2 filter= 89.665ms semisort=  0.007ms
[pe-async] round=161 R=163 dirty=       26 runs=       13 filter= 89.366ms semisort=  0.010ms
[pe-async] round=162 R=164 dirty=        8 runs=        6 filter= 89.640ms semisort=  0.007ms
[pe-async] round=163 R=165 dirty=        8 runs=        2 filter= 89.561ms semisort=  0.007ms
[pe-async] round=164 R=166 dirty=        4 runs=        2 filter= 89.492ms semisort=  0.006ms
[pe-async] round=165 R=167 dirty=       26 runs=       13 filter= 89.594ms semisort=  0.010ms
[pe-async] round=166 R=168 dirty=        8 runs=        6 filter= 89.702ms semisort=  0.007ms
[pe-async] round=167 R=169 dirty=        8 runs=        2 filter= 89.532ms semisort=  0.007ms
[pe-async] round=168 R=170 dirty=        4 runs=        2 filter= 89.233ms semisort=  0.006ms
[pe-async] round=169 R=171 dirty=       26 runs=       13 filter= 89.611ms semisort=  0.010ms
[pe-async] round=170 R=172 dirty=        8 runs=        6 filter= 89.679ms semisort=  0.006ms
[pe-async] round=171 R=173 dirty=        8 runs=        2 filter= 89.560ms semisort=  0.008ms
[pe-async] round=172 R=174 dirty=        4 runs=        2 filter= 89.257ms semisort=  0.007ms
[pe-async] round=173 R=175 dirty=       26 runs=       13 filter= 89.000ms semisort=  0.009ms
[pe-async] round=174 R=176 dirty=        8 runs=        6 filter= 89.631ms semisort=  0.007ms
[pe-async] round=175 R=177 dirty=        8 runs=        2 filter= 89.500ms semisort=  0.008ms
[pe-async] round=176 R=178 dirty=        4 runs=        2 filter= 89.580ms semisort=  0.006ms
[pe-async] round=177 R=179 dirty=       26 runs=       13 filter= 89.772ms semisort=  0.009ms
[pe-async] round=178 R=180 dirty=        8 runs=        6 filter= 89.789ms semisort=  0.007ms
[pe-async] round=179 R=181 dirty=        8 runs=        2 filter= 89.695ms semisort=  0.007ms
[pe-async] round=180 R=182 dirty=        4 runs=        2 filter= 89.384ms semisort=  0.006ms
[pe-async] round=181 R=183 dirty=       26 runs=       13 filter= 89.534ms semisort=  0.010ms
[pe-async] round=182 R=184 dirty=        8 runs=        6 filter= 89.767ms semisort=  0.007ms
[pe-async] round=183 R=185 dirty=        8 runs=        2 filter= 89.834ms semisort=  0.008ms
[pe-async] round=184 R=186 dirty=        4 runs=        2 filter= 89.656ms semisort=  0.005ms
[pe-async] round=185 R=187 dirty=       26 runs=       13 filter= 89.364ms semisort=  0.010ms
[pe-async] round=186 R=188 dirty=        8 runs=        6 filter= 89.920ms semisort=  0.007ms
[pe-async] round=187 R=189 dirty=        8 runs=        2 filter= 89.141ms semisort=  0.007ms
[pe-async] round=188 R=190 dirty=        4 runs=        2 filter= 89.183ms semisort=  0.007ms
[pe-async] round=189 R=191 dirty=       26 runs=       13 filter= 89.510ms semisort=  0.011ms
[pe-async] round=190 R=192 dirty=        8 runs=        6 filter= 89.237ms semisort=  0.007ms
[pe-async] round=191 R=193 dirty=        8 runs=        2 filter= 89.330ms semisort=  0.007ms
[pe-async] round=192 R=194 dirty=        4 runs=        2 filter= 89.541ms semisort=  0.007ms
[pe-async] round=193 R=195 dirty=       26 runs=       13 filter= 89.486ms semisort=  0.009ms
[pe-async] round=194 R=196 dirty=        8 runs=        6 filter= 89.414ms semisort=  0.007ms
[pe-async] round=195 R=197 dirty=        8 runs=        2 filter= 89.653ms semisort=  0.007ms
[pe-async] round=196 R=198 dirty=        4 runs=        2 filter= 89.231ms semisort=  0.006ms
[pe-async] round=197 R=199 dirty=       26 runs=       13 filter= 89.775ms semisort=  0.009ms
[pe-async] round=198 R=200 dirty=        8 runs=        6 filter= 89.537ms semisort=  0.007ms
[pe-async] round=199 R=201 dirty=        8 runs=        2 filter= 89.478ms semisort=  0.007ms
[pe-async] round=200 R=202 dirty=        4 runs=        2 filter= 89.578ms semisort=  0.007ms
[pe-async] round=201 R=203 dirty=       26 runs=       13 filter= 89.376ms semisort=  0.010ms
[pe-async] round=202 R=204 dirty=        8 runs=        6 filter= 89.522ms semisort=  0.006ms
[pe-async] round=203 R=205 dirty=        8 runs=        2 filter= 89.418ms semisort=  0.007ms
[pe-async] round=204 R=206 dirty=        4 runs=        2 filter= 89.559ms semisort=  0.006ms
[pe-async] round=205 R=207 dirty=       26 runs=       13 filter= 89.277ms semisort=  0.010ms
[pe-async] round=206 R=208 dirty=        8 runs=        6 filter= 89.194ms semisort=  0.007ms
[pe-async] round=207 R=209 dirty=        8 runs=        2 filter= 89.569ms semisort=  0.007ms
[pe-async] round=208 R=210 dirty=        4 runs=        2 filter= 89.469ms semisort=  0.006ms
[pe-async] round=209 R=211 dirty=       26 runs=       13 filter= 89.388ms semisort=  0.009ms
[pe-async] round=210 R=212 dirty=        8 runs=        6 filter= 89.356ms semisort=  0.007ms
[pe-async] round=211 R=213 dirty=        8 runs=        2 filter= 89.282ms semisort=  0.007ms
[pe-async] round=212 R=214 dirty=        4 runs=        2 filter= 89.420ms semisort=  0.006ms
[pe-async] round=213 R=215 dirty=       26 runs=       13 filter= 89.356ms semisort=  0.008ms
[pe-async] round=214 R=216 dirty=        8 runs=        6 filter= 89.182ms semisort=  0.007ms
[pe-async] round=215 R=217 dirty=        8 runs=        2 filter= 89.483ms semisort=  0.006ms
[pe-async] round=216 R=218 dirty=        4 runs=        2 filter= 89.831ms semisort=  0.006ms
[pe-async] round=217 R=219 dirty=       26 runs=       13 filter= 89.700ms semisort=  0.009ms
[pe-async] round=218 R=220 dirty=        8 runs=        6 filter= 89.731ms semisort=  0.007ms
[pe-async] round=219 R=221 dirty=        8 runs=        2 filter= 89.453ms semisort=  0.007ms
[pe-async] round=220 R=222 dirty=        4 runs=        2 filter= 89.310ms semisort=  0.006ms
[pe-async] round=221 R=223 dirty=       26 runs=       13 filter= 89.405ms semisort=  0.010ms
[pe-async] round=222 R=224 dirty=        8 runs=        6 filter= 89.440ms semisort=  0.006ms
[pe-async] round=223 R=225 dirty=        8 runs=        2 filter= 89.251ms semisort=  0.007ms
[pe-async] round=224 R=226 dirty=        4 runs=        2 filter= 89.395ms semisort=  0.006ms
[pe-async] round=225 R=227 dirty=       26 runs=       13 filter= 89.745ms semisort=  0.009ms
[pe-async] round=226 R=228 dirty=        8 runs=        6 filter= 89.402ms semisort=  0.006ms
[pe-async] round=227 R=229 dirty=        8 runs=        2 filter= 89.569ms semisort=  0.007ms
[pe-async] round=228 R=230 dirty=        4 runs=        2 filter= 89.336ms semisort=  0.006ms
[pe-async] round=229 R=231 dirty=       26 runs=       13 filter= 89.246ms semisort=  0.010ms
[pe-async] round=230 R=232 dirty=        8 runs=        6 filter= 89.462ms semisort=  0.007ms
[pe-async] round=231 R=233 dirty=        8 runs=        2 filter= 89.678ms semisort=  0.007ms
[pe-async] round=232 R=234 dirty=        4 runs=        2 filter= 89.235ms semisort=  0.006ms
[pe-async] round=233 R=235 dirty=       26 runs=       13 filter= 89.129ms semisort=  0.010ms
[pe-async] round=234 R=236 dirty=        8 runs=        6 filter= 89.275ms semisort=  0.007ms
[pe-async] round=235 R=237 dirty=        8 runs=        2 filter= 89.203ms semisort=  0.007ms
[pe-async] round=236 R=238 dirty=        4 runs=        2 filter= 89.138ms semisort=  0.006ms
[pe-async] round=237 R=239 dirty=       26 runs=       13 filter= 88.988ms semisort=  0.010ms
[pe-async] round=238 R=240 dirty=        8 runs=        6 filter= 89.456ms semisort=  0.007ms
[pe-async] round=239 R=241 dirty=        8 runs=        2 filter= 89.355ms semisort=  0.008ms
[pe-async] round=240 R=242 dirty=        4 runs=        2 filter= 89.108ms semisort=  0.006ms
[pe-async] round=241 R=243 dirty=       26 runs=       13 filter= 89.353ms semisort=  0.009ms
[pe-async] round=242 R=244 dirty=        8 runs=        6 filter= 89.612ms semisort=  0.006ms
[pe-async] round=243 R=245 dirty=        8 runs=        2 filter= 89.339ms semisort=  0.007ms
[pe-async] round=244 R=246 dirty=        4 runs=        2 filter= 89.123ms semisort=  0.007ms
[pe-async] round=245 R=247 dirty=       26 runs=       13 filter= 89.155ms semisort=  0.009ms
[pe-async] round=246 R=248 dirty=        8 runs=        6 filter= 89.022ms semisort=  0.006ms
[pe-async] round=247 R=249 dirty=        8 runs=        2 filter= 89.403ms semisort=  0.007ms
[pe-async] round=248 R=250 dirty=        4 runs=        2 filter= 89.082ms semisort=  0.006ms
[pe-async] round=249 R=251 dirty=       26 runs=       13 filter= 89.437ms semisort=  0.010ms
[pe-async] round=250 R=252 dirty=        8 runs=        6 filter= 89.504ms semisort=  0.006ms
[pe-async] round=251 R=253 dirty=        8 runs=        2 filter= 89.127ms semisort=  0.007ms
[pe-async] round=252 R=254 dirty=        4 runs=        2 filter= 89.119ms semisort=  0.006ms
[pe-async] round=253 R=255 dirty=       26 runs=       13 filter= 89.587ms semisort=  0.010ms
[pe-async] round=254 R=256 dirty=        8 runs=        6 filter= 89.389ms semisort=  0.007ms
[pe-async] round=255 R=257 dirty=        8 runs=        2 filter= 89.407ms semisort=  0.007ms
[pe-async] round=256 R=258 dirty=        4 runs=        2 filter= 89.621ms semisort=  0.006ms
[pe-async] round=257 R=259 dirty=       18 runs=       10 filter= 89.379ms semisort=  0.008ms
[pe-async] round=258 R=260 dirty=        4 runs=        4 filter= 89.491ms semisort=  0.006ms
[pe-async] round=259 R=261 dirty=        0 filter= 89.588ms (clean break)
[pe-async] round=  0 R=2 dirty=  5437767 runs=  3698023 filter= 90.979ms semisort=305.749ms
[pe-async] round=  1 R=3 dirty=   226832 runs=   128424 filter=112.726ms semisort= 17.821ms
[pe-async] round=  2 R=4 dirty=    55915 runs=    52852 filter= 99.733ms semisort=  4.355ms
[pe-async] round=  3 R=5 dirty=    29367 runs=    19922 filter= 93.719ms semisort=  2.468ms
[pe-async] round=  4 R=6 dirty=    12610 runs=     9634 filter= 92.361ms semisort=  1.329ms
[pe-async] round=  5 R=7 dirty=     7181 runs=     5780 filter= 92.455ms semisort=  0.627ms
[pe-async] round=  6 R=8 dirty=     1740 runs=     1265 filter= 91.606ms semisort=  0.168ms
[pe-async] round=  7 R=9 dirty=      328 runs=      173 filter= 91.313ms semisort=  0.053ms
[pe-async] round=  8 R=10 dirty=     1728 runs=     1045 filter= 91.208ms semisort=  0.159ms
[pe-async] round=  9 R=11 dirty=      886 runs=      720 filter= 91.114ms semisort=  0.087ms
[pe-async] round= 10 R=12 dirty=      124 runs=       70 filter= 90.595ms semisort=  0.025ms
[pe-async] round= 11 R=13 dirty=      655 runs=      399 filter= 90.749ms semisort=  0.058ms
[pe-async] round= 12 R=14 dirty=      274 runs=      231 filter= 90.791ms semisort=  0.035ms
[pe-async] round= 13 R=15 dirty=       67 runs=       35 filter= 90.728ms semisort=  0.018ms
[pe-async] round= 14 R=16 dirty=      329 runs=      214 filter= 90.442ms semisort=  0.032ms
[pe-async] round= 15 R=17 dirty=      123 runs=      108 filter= 90.506ms semisort=  0.018ms
[pe-async] round= 16 R=18 dirty=       10 runs=        5 filter= 90.802ms semisort=  0.009ms
[pe-async] round= 17 R=19 dirty=      430 runs=      280 filter= 90.801ms semisort=  0.047ms
[pe-async] round= 18 R=20 dirty=      140 runs=      136 filter= 90.990ms semisort=  0.021ms
[pe-async] round= 19 R=21 dirty=       12 runs=        3 filter= 90.597ms semisort=  0.008ms
[pe-async] round= 20 R=22 dirty=        6 runs=        3 filter= 90.786ms semisort=  0.008ms
[pe-async] round= 21 R=23 dirty=       39 runs=       20 filter= 90.599ms semisort=  0.013ms
[pe-async] round= 22 R=24 dirty=       12 runs=        9 filter= 90.726ms semisort=  0.008ms
[pe-async] round= 23 R=25 dirty=       12 runs=        3 filter= 90.737ms semisort=  0.008ms
[pe-async] round= 24 R=26 dirty=        6 runs=        3 filter= 90.790ms semisort=  0.007ms
[pe-async] round= 25 R=27 dirty=       37 runs=       19 filter= 90.816ms semisort=  0.012ms
[pe-async] round= 26 R=28 dirty=       15 runs=       12 filter= 90.656ms semisort=  0.009ms
[pe-async] round= 27 R=29 dirty=        8 runs=        2 filter= 90.624ms semisort=  0.007ms
[pe-async] round= 28 R=30 dirty=        4 runs=        2 filter= 90.408ms semisort=  0.006ms
[pe-async] round= 29 R=31 dirty=       26 runs=       13 filter= 90.366ms semisort=  0.009ms
[pe-async] round= 30 R=32 dirty=        8 runs=        6 filter= 90.802ms semisort=  0.007ms
[pe-async] round= 31 R=33 dirty=        8 runs=        2 filter= 90.042ms semisort=  0.007ms
[pe-async] round= 32 R=34 dirty=        4 runs=        2 filter= 90.263ms semisort=  0.006ms
[pe-async] round= 33 R=35 dirty=       26 runs=       13 filter= 90.151ms semisort=  0.012ms
[pe-async] round= 34 R=36 dirty=        8 runs=        6 filter= 90.587ms semisort=  0.007ms
[pe-async] round= 35 R=37 dirty=        8 runs=        2 filter= 90.615ms semisort=  0.007ms
[pe-async] round= 36 R=38 dirty=        4 runs=        2 filter= 90.233ms semisort=  0.006ms
[pe-async] round= 37 R=39 dirty=       26 runs=       13 filter= 90.136ms semisort=  0.009ms
[pe-async] round= 38 R=40 dirty=        8 runs=        6 filter= 90.286ms semisort=  0.006ms
[pe-async] round= 39 R=41 dirty=        8 runs=        2 filter= 90.538ms semisort=  0.008ms
[pe-async] round= 40 R=42 dirty=        4 runs=        2 filter= 90.393ms semisort=  0.007ms
[pe-async] round= 41 R=43 dirty=       26 runs=       13 filter= 90.376ms semisort=  0.009ms
[pe-async] round= 42 R=44 dirty=        8 runs=        6 filter= 89.964ms semisort=  0.008ms
[pe-async] round= 43 R=45 dirty=        8 runs=        2 filter= 90.231ms semisort=  0.007ms
[pe-async] round= 44 R=46 dirty=        4 runs=        2 filter= 90.279ms semisort=  0.006ms
[pe-async] round= 45 R=47 dirty=       26 runs=       13 filter= 90.704ms semisort=  0.009ms
[pe-async] round= 46 R=48 dirty=        8 runs=        6 filter= 89.831ms semisort=  0.008ms
[pe-async] round= 47 R=49 dirty=        8 runs=        2 filter= 90.009ms semisort=  0.007ms
[pe-async] round= 48 R=50 dirty=        4 runs=        2 filter= 90.565ms semisort=  0.006ms
[pe-async] round= 49 R=51 dirty=       26 runs=       13 filter= 90.083ms semisort=  0.010ms
[pe-async] round= 50 R=52 dirty=        8 runs=        6 filter= 90.717ms semisort=  0.006ms
[pe-async] round= 51 R=53 dirty=        8 runs=        2 filter= 89.933ms semisort=  0.008ms
[pe-async] round= 52 R=54 dirty=        4 runs=        2 filter= 90.095ms semisort=  0.006ms
[pe-async] round= 53 R=55 dirty=       26 runs=       13 filter= 90.125ms semisort=  0.009ms
[pe-async] round= 54 R=56 dirty=        8 runs=        6 filter= 90.275ms semisort=  0.007ms
[pe-async] round= 55 R=57 dirty=        8 runs=        2 filter= 89.885ms semisort=  0.008ms
[pe-async] round= 56 R=58 dirty=        4 runs=        2 filter= 90.015ms semisort=  0.006ms
[pe-async] round= 57 R=59 dirty=       26 runs=       13 filter= 90.076ms semisort=  0.009ms
[pe-async] round= 58 R=60 dirty=        8 runs=        6 filter= 89.745ms semisort=  0.007ms
[pe-async] round= 59 R=61 dirty=        8 runs=        2 filter= 90.018ms semisort=  0.007ms
[pe-async] round= 60 R=62 dirty=        4 runs=        2 filter= 89.903ms semisort=  0.006ms
[pe-async] round= 61 R=63 dirty=       26 runs=       13 filter= 90.020ms semisort=  0.009ms
[pe-async] round= 62 R=64 dirty=        8 runs=        6 filter= 89.951ms semisort=  0.007ms
[pe-async] round= 63 R=65 dirty=        8 runs=        2 filter= 89.881ms semisort=  0.007ms
[pe-async] round= 64 R=66 dirty=        4 runs=        2 filter= 89.792ms semisort=  0.006ms
[pe-async] round= 65 R=67 dirty=       26 runs=       13 filter= 90.202ms semisort=  0.009ms
[pe-async] round= 66 R=68 dirty=        8 runs=        6 filter= 89.804ms semisort=  0.007ms
[pe-async] round= 67 R=69 dirty=        8 runs=        2 filter= 89.927ms semisort=  0.007ms
[pe-async] round= 68 R=70 dirty=        4 runs=        2 filter= 90.290ms semisort=  0.006ms
[pe-async] round= 69 R=71 dirty=       26 runs=       13 filter= 90.042ms semisort=  0.008ms
[pe-async] round= 70 R=72 dirty=        8 runs=        6 filter= 89.435ms semisort=  0.007ms
[pe-async] round= 71 R=73 dirty=        8 runs=        2 filter= 89.707ms semisort=  0.006ms
[pe-async] round= 72 R=74 dirty=        4 runs=        2 filter= 90.074ms semisort=  0.007ms
[pe-async] round= 73 R=75 dirty=       26 runs=       13 filter= 89.877ms semisort=  0.009ms
[pe-async] round= 74 R=76 dirty=        8 runs=        6 filter= 89.785ms semisort=  0.007ms
[pe-async] round= 75 R=77 dirty=        8 runs=        2 filter= 90.170ms semisort=  0.006ms
[pe-async] round= 76 R=78 dirty=        4 runs=        2 filter= 89.683ms semisort=  0.007ms
[pe-async] round= 77 R=79 dirty=       26 runs=       13 filter= 89.601ms semisort=  0.010ms
[pe-async] round= 78 R=80 dirty=        8 runs=        6 filter= 89.743ms semisort=  0.007ms
[pe-async] round= 79 R=81 dirty=        8 runs=        2 filter= 89.947ms semisort=  0.008ms
[pe-async] round= 80 R=82 dirty=        4 runs=        2 filter= 89.688ms semisort=  0.006ms
[pe-async] round= 81 R=83 dirty=       26 runs=       13 filter= 89.771ms semisort=  0.010ms
[pe-async] round= 82 R=84 dirty=        8 runs=        6 filter= 89.523ms semisort=  0.007ms
[pe-async] round= 83 R=85 dirty=        8 runs=        2 filter= 90.421ms semisort=  0.007ms
[pe-async] round= 84 R=86 dirty=        4 runs=        2 filter= 89.464ms semisort=  0.007ms
[pe-async] round= 85 R=87 dirty=       26 runs=       13 filter= 89.720ms semisort=  0.010ms
[pe-async] round= 86 R=88 dirty=        8 runs=        6 filter= 89.753ms semisort=  0.008ms
[pe-async] round= 87 R=89 dirty=        8 runs=        2 filter= 89.934ms semisort=  0.008ms
[pe-async] round= 88 R=90 dirty=        4 runs=        2 filter= 89.611ms semisort=  0.006ms
[pe-async] round= 89 R=91 dirty=       26 runs=       13 filter= 90.134ms semisort=  0.010ms
[pe-async] round= 90 R=92 dirty=        8 runs=        6 filter= 89.943ms semisort=  0.008ms
[pe-async] round= 91 R=93 dirty=        8 runs=        2 filter= 89.765ms semisort=  0.007ms
[pe-async] round= 92 R=94 dirty=        4 runs=        2 filter= 90.043ms semisort=  0.006ms
[pe-async] round= 93 R=95 dirty=       26 runs=       13 filter= 89.701ms semisort=  0.009ms
[pe-async] round= 94 R=96 dirty=        8 runs=        6 filter= 89.987ms semisort=  0.007ms
[pe-async] round= 95 R=97 dirty=        8 runs=        2 filter= 89.503ms semisort=  0.007ms
[pe-async] round= 96 R=98 dirty=        4 runs=        2 filter= 89.702ms semisort=  0.007ms
[pe-async] round= 97 R=99 dirty=       26 runs=       13 filter= 89.770ms semisort=  0.010ms
[pe-async] round= 98 R=100 dirty=        8 runs=        6 filter= 89.911ms semisort=  0.006ms
[pe-async] round= 99 R=101 dirty=        8 runs=        2 filter= 89.705ms semisort=  0.007ms
[pe-async] round=100 R=102 dirty=        4 runs=        2 filter= 89.901ms semisort=  0.006ms
[pe-async] round=101 R=103 dirty=       26 runs=       13 filter= 90.220ms semisort=  0.011ms
[pe-async] round=102 R=104 dirty=        8 runs=        6 filter= 89.988ms semisort=  0.006ms
[pe-async] round=103 R=105 dirty=        8 runs=        2 filter= 89.930ms semisort=  0.007ms
[pe-async] round=104 R=106 dirty=        4 runs=        2 filter= 89.842ms semisort=  0.007ms
[pe-async] round=105 R=107 dirty=       26 runs=       13 filter= 89.805ms semisort=  0.009ms
[pe-async] round=106 R=108 dirty=        8 runs=        6 filter= 89.301ms semisort=  0.006ms
[pe-async] round=107 R=109 dirty=        8 runs=        2 filter= 89.075ms semisort=  0.007ms
[pe-async] round=108 R=110 dirty=        4 runs=        2 filter= 89.616ms semisort=  0.006ms
[pe-async] round=109 R=111 dirty=       26 runs=       13 filter= 89.362ms semisort=  0.010ms
[pe-async] round=110 R=112 dirty=        8 runs=        6 filter= 89.901ms semisort=  0.007ms
[pe-async] round=111 R=113 dirty=        8 runs=        2 filter= 89.599ms semisort=  0.008ms
[pe-async] round=112 R=114 dirty=        4 runs=        2 filter= 89.238ms semisort=  0.006ms
[pe-async] round=113 R=115 dirty=       26 runs=       13 filter= 89.927ms semisort=  0.010ms
[pe-async] round=114 R=116 dirty=        8 runs=        6 filter= 89.586ms semisort=  0.007ms
[pe-async] round=115 R=117 dirty=        8 runs=        2 filter= 89.669ms semisort=  0.007ms
[pe-async] round=116 R=118 dirty=        4 runs=        2 filter= 89.727ms semisort=  0.007ms
[pe-async] round=117 R=119 dirty=       26 runs=       13 filter= 89.145ms semisort=  0.009ms
[pe-async] round=118 R=120 dirty=        8 runs=        6 filter= 89.291ms semisort=  0.007ms
[pe-async] round=119 R=121 dirty=        8 runs=        2 filter= 89.449ms semisort=  0.007ms
[pe-async] round=120 R=122 dirty=        4 runs=        2 filter= 89.562ms semisort=  0.006ms
[pe-async] round=121 R=123 dirty=       26 runs=       13 filter= 89.450ms semisort=  0.009ms
[pe-async] round=122 R=124 dirty=        8 runs=        6 filter= 89.589ms semisort=  0.007ms
[pe-async] round=123 R=125 dirty=        8 runs=        2 filter= 89.495ms semisort=  0.007ms
[pe-async] round=124 R=126 dirty=        4 runs=        2 filter= 89.897ms semisort=  0.006ms
[pe-async] round=125 R=127 dirty=       26 runs=       13 filter= 89.628ms semisort=  0.009ms
[pe-async] round=126 R=128 dirty=        8 runs=        6 filter= 89.399ms semisort=  0.007ms
[pe-async] round=127 R=129 dirty=        8 runs=        2 filter= 89.586ms semisort=  0.007ms
[pe-async] round=128 R=130 dirty=        4 runs=        2 filter= 89.354ms semisort=  0.006ms
[pe-async] round=129 R=131 dirty=       26 runs=       13 filter= 89.746ms semisort=  0.010ms
[pe-async] round=130 R=132 dirty=        8 runs=        6 filter= 89.469ms semisort=  0.007ms
[pe-async] round=131 R=133 dirty=        8 runs=        2 filter= 90.025ms semisort=  0.007ms
[pe-async] round=132 R=134 dirty=        4 runs=        2 filter= 89.991ms semisort=  0.006ms
[pe-async] round=133 R=135 dirty=       26 runs=       13 filter= 89.884ms semisort=  0.010ms
[pe-async] round=134 R=136 dirty=        8 runs=        6 filter= 89.724ms semisort=  0.007ms
[pe-async] round=135 R=137 dirty=        8 runs=        2 filter= 89.830ms semisort=  0.007ms
[pe-async] round=136 R=138 dirty=        4 runs=        2 filter= 89.753ms semisort=  0.007ms
[pe-async] round=137 R=139 dirty=       26 runs=       13 filter= 89.135ms semisort=  0.012ms
[pe-async] round=138 R=140 dirty=        8 runs=        6 filter= 89.002ms semisort=  0.007ms
[pe-async] round=139 R=141 dirty=        8 runs=        2 filter= 89.194ms semisort=  0.006ms
[pe-async] round=140 R=142 dirty=        4 runs=        2 filter= 89.308ms semisort=  0.006ms
[pe-async] round=141 R=143 dirty=       26 runs=       13 filter= 89.975ms semisort=  0.010ms
[pe-async] round=142 R=144 dirty=        8 runs=        6 filter= 89.765ms semisort=  0.007ms
[pe-async] round=143 R=145 dirty=        8 runs=        2 filter= 89.653ms semisort=  0.008ms
[pe-async] round=144 R=146 dirty=        4 runs=        2 filter= 89.706ms semisort=  0.006ms
[pe-async] round=145 R=147 dirty=       26 runs=       13 filter= 89.482ms semisort=  0.010ms
[pe-async] round=146 R=148 dirty=        8 runs=        6 filter= 89.842ms semisort=  0.008ms
[pe-async] round=147 R=149 dirty=        8 runs=        2 filter= 89.503ms semisort=  0.007ms
[pe-async] round=148 R=150 dirty=        4 runs=        2 filter= 89.450ms semisort=  0.006ms
[pe-async] round=149 R=151 dirty=       26 runs=       13 filter= 89.653ms semisort=  0.009ms
[pe-async] round=150 R=152 dirty=        8 runs=        6 filter= 89.658ms semisort=  0.008ms
[pe-async] round=151 R=153 dirty=        8 runs=        2 filter= 89.406ms semisort=  0.007ms
[pe-async] round=152 R=154 dirty=        4 runs=        2 filter= 89.516ms semisort=  0.006ms
[pe-async] round=153 R=155 dirty=       26 runs=       13 filter= 89.699ms semisort=  0.010ms
[pe-async] round=154 R=156 dirty=        8 runs=        6 filter= 89.668ms semisort=  0.007ms
[pe-async] round=155 R=157 dirty=        8 runs=        2 filter= 89.352ms semisort=  0.008ms
[pe-async] round=156 R=158 dirty=        4 runs=        2 filter= 89.607ms semisort=  0.006ms
[pe-async] round=157 R=159 dirty=       26 runs=       13 filter= 89.360ms semisort=  0.009ms
[pe-async] round=158 R=160 dirty=        8 runs=        6 filter= 89.568ms semisort=  0.007ms
[pe-async] round=159 R=161 dirty=        8 runs=        2 filter= 89.377ms semisort=  0.006ms
[pe-async] round=160 R=162 dirty=        4 runs=        2 filter= 88.991ms semisort=  0.006ms
[pe-async] round=161 R=163 dirty=       26 runs=       13 filter= 89.744ms semisort=  0.009ms
[pe-async] round=162 R=164 dirty=        8 runs=        6 filter= 89.151ms semisort=  0.007ms
[pe-async] round=163 R=165 dirty=        8 runs=        2 filter= 89.436ms semisort=  0.007ms
[pe-async] round=164 R=166 dirty=        4 runs=        2 filter= 88.918ms semisort=  0.007ms
[pe-async] round=165 R=167 dirty=       26 runs=       13 filter= 89.552ms semisort=  0.010ms
[pe-async] round=166 R=168 dirty=        8 runs=        6 filter= 89.423ms semisort=  0.007ms
[pe-async] round=167 R=169 dirty=        8 runs=        2 filter= 88.952ms semisort=  0.007ms
[pe-async] round=168 R=170 dirty=        4 runs=        2 filter= 89.326ms semisort=  0.006ms
[pe-async] round=169 R=171 dirty=       26 runs=       13 filter= 89.252ms semisort=  0.010ms
[pe-async] round=170 R=172 dirty=        8 runs=        6 filter= 89.150ms semisort=  0.007ms
[pe-async] round=171 R=173 dirty=        8 runs=        2 filter= 89.397ms semisort=  0.006ms
[pe-async] round=172 R=174 dirty=        4 runs=        2 filter= 89.615ms semisort=  0.007ms
[pe-async] round=173 R=175 dirty=       26 runs=       13 filter= 89.457ms semisort=  0.009ms
[pe-async] round=174 R=176 dirty=        8 runs=        6 filter= 89.674ms semisort=  0.007ms
[pe-async] round=175 R=177 dirty=        8 runs=        2 filter= 89.809ms semisort=  0.006ms
[pe-async] round=176 R=178 dirty=        4 runs=        2 filter= 89.581ms semisort=  0.006ms
[pe-async] round=177 R=179 dirty=       26 runs=       13 filter= 89.415ms semisort=  0.009ms
[pe-async] round=178 R=180 dirty=        8 runs=        6 filter= 89.579ms semisort=  0.007ms
[pe-async] round=179 R=181 dirty=        8 runs=        2 filter= 89.691ms semisort=  0.007ms
[pe-async] round=180 R=182 dirty=        4 runs=        2 filter= 89.412ms semisort=  0.006ms
[pe-async] round=181 R=183 dirty=       26 runs=       13 filter= 89.340ms semisort=  0.009ms
[pe-async] round=182 R=184 dirty=        8 runs=        6 filter= 89.239ms semisort=  0.007ms
[pe-async] round=183 R=185 dirty=        8 runs=        2 filter= 89.484ms semisort=  0.007ms
[pe-async] round=184 R=186 dirty=        4 runs=        2 filter= 89.268ms semisort=  0.006ms
[pe-async] round=185 R=187 dirty=       26 runs=       13 filter= 89.393ms semisort=  0.009ms
[pe-async] round=186 R=188 dirty=        8 runs=        6 filter= 89.421ms semisort=  0.007ms
[pe-async] round=187 R=189 dirty=        8 runs=        2 filter= 89.628ms semisort=  0.007ms
[pe-async] round=188 R=190 dirty=        4 runs=        2 filter= 89.534ms semisort=  0.007ms
[pe-async] round=189 R=191 dirty=       26 runs=       13 filter= 89.479ms semisort=  0.010ms
[pe-async] round=190 R=192 dirty=        8 runs=        6 filter= 89.357ms semisort=  0.007ms
[pe-async] round=191 R=193 dirty=        8 runs=        2 filter= 89.647ms semisort=  0.007ms
[pe-async] round=192 R=194 dirty=        4 runs=        2 filter= 89.419ms semisort=  0.007ms
[pe-async] round=193 R=195 dirty=       26 runs=       13 filter= 89.334ms semisort=  0.009ms
[pe-async] round=194 R=196 dirty=        8 runs=        6 filter= 89.340ms semisort=  0.006ms
[pe-async] round=195 R=197 dirty=        8 runs=        2 filter= 89.373ms semisort=  0.007ms
[pe-async] round=196 R=198 dirty=        4 runs=        2 filter= 89.211ms semisort=  0.007ms
[pe-async] round=197 R=199 dirty=       26 runs=       13 filter= 89.427ms semisort=  0.010ms
[pe-async] round=198 R=200 dirty=        8 runs=        6 filter= 89.498ms semisort=  0.007ms
[pe-async] round=199 R=201 dirty=        8 runs=        2 filter= 89.394ms semisort=  0.007ms
[pe-async] round=200 R=202 dirty=        4 runs=        2 filter= 89.319ms semisort=  0.006ms
[pe-async] round=201 R=203 dirty=       26 runs=       13 filter= 89.665ms semisort=  0.010ms
[pe-async] round=202 R=204 dirty=        8 runs=        6 filter= 89.654ms semisort=  0.007ms
[pe-async] round=203 R=205 dirty=        8 runs=        2 filter= 89.280ms semisort=  0.007ms
[pe-async] round=204 R=206 dirty=        4 runs=        2 filter= 89.075ms semisort=  0.006ms
[pe-async] round=205 R=207 dirty=       26 runs=       13 filter= 89.428ms semisort=  0.009ms
[pe-async] round=206 R=208 dirty=        8 runs=        6 filter= 89.535ms semisort=  0.007ms
[pe-async] round=207 R=209 dirty=        8 runs=        2 filter= 89.247ms semisort=  0.007ms
[pe-async] round=208 R=210 dirty=        4 runs=        2 filter= 89.370ms semisort=  0.006ms
[pe-async] round=209 R=211 dirty=       26 runs=       13 filter= 89.818ms semisort=  0.010ms
[pe-async] round=210 R=212 dirty=        8 runs=        6 filter= 89.380ms semisort=  0.007ms
[pe-async] round=211 R=213 dirty=        8 runs=        2 filter= 89.614ms semisort=  0.007ms
[pe-async] round=212 R=214 dirty=        4 runs=        2 filter= 89.587ms semisort=  0.007ms
[pe-async] round=213 R=215 dirty=       26 runs=       13 filter= 89.601ms semisort=  0.008ms
[pe-async] round=214 R=216 dirty=        8 runs=        6 filter= 89.438ms semisort=  0.007ms
[pe-async] round=215 R=217 dirty=        8 runs=        2 filter= 89.036ms semisort=  0.007ms
[pe-async] round=216 R=218 dirty=        4 runs=        2 filter= 89.057ms semisort=  0.006ms
[pe-async] round=217 R=219 dirty=       26 runs=       13 filter= 89.507ms semisort=  0.008ms
[pe-async] round=218 R=220 dirty=        8 runs=        6 filter= 89.177ms semisort=  0.007ms
[pe-async] round=219 R=221 dirty=        8 runs=        2 filter= 89.122ms semisort=  0.007ms
[pe-async] round=220 R=222 dirty=        4 runs=        2 filter= 89.221ms semisort=  0.006ms
[pe-async] round=221 R=223 dirty=       26 runs=       13 filter= 89.456ms semisort=  0.009ms
[pe-async] round=222 R=224 dirty=        8 runs=        6 filter= 89.559ms semisort=  0.007ms
[pe-async] round=223 R=225 dirty=        8 runs=        2 filter= 89.466ms semisort=  0.007ms
[pe-async] round=224 R=226 dirty=        4 runs=        2 filter= 89.716ms semisort=  0.006ms
[pe-async] round=225 R=227 dirty=       26 runs=       13 filter= 89.447ms semisort=  0.010ms
[pe-async] round=226 R=228 dirty=        8 runs=        6 filter= 89.240ms semisort=  0.007ms
[pe-async] round=227 R=229 dirty=        8 runs=        2 filter= 88.991ms semisort=  0.008ms
[pe-async] round=228 R=230 dirty=        4 runs=        2 filter= 88.994ms semisort=  0.006ms
[pe-async] round=229 R=231 dirty=       26 runs=       13 filter= 89.752ms semisort=  0.009ms
[pe-async] round=230 R=232 dirty=        8 runs=        6 filter= 89.466ms semisort=  0.006ms
[pe-async] round=231 R=233 dirty=        8 runs=        2 filter= 89.767ms semisort=  0.007ms
[pe-async] round=232 R=234 dirty=        4 runs=        2 filter= 89.640ms semisort=  0.006ms
[pe-async] round=233 R=235 dirty=       26 runs=       13 filter= 89.186ms semisort=  0.008ms
[pe-async] round=234 R=236 dirty=        8 runs=        6 filter= 89.102ms semisort=  0.007ms
[pe-async] round=235 R=237 dirty=        8 runs=        2 filter= 89.157ms semisort=  0.007ms
[pe-async] round=236 R=238 dirty=        4 runs=        2 filter= 89.366ms semisort=  0.006ms
[pe-async] round=237 R=239 dirty=       26 runs=       13 filter= 88.819ms semisort=  0.009ms
[pe-async] round=238 R=240 dirty=        8 runs=        6 filter= 89.147ms semisort=  0.007ms
[pe-async] round=239 R=241 dirty=        8 runs=        2 filter= 89.275ms semisort=  0.010ms
[pe-async] round=240 R=242 dirty=        4 runs=        2 filter= 89.190ms semisort=  0.005ms
[pe-async] round=241 R=243 dirty=       26 runs=       13 filter= 89.507ms semisort=  0.009ms
[pe-async] round=242 R=244 dirty=        8 runs=        6 filter= 88.887ms semisort=  0.007ms
[pe-async] round=243 R=245 dirty=        8 runs=        2 filter= 89.242ms semisort=  0.007ms
[pe-async] round=244 R=246 dirty=        4 runs=        2 filter= 89.072ms semisort=  0.006ms
[pe-async] round=245 R=247 dirty=       26 runs=       13 filter= 89.192ms semisort=  0.010ms
[pe-async] round=246 R=248 dirty=        8 runs=        6 filter= 89.308ms semisort=  0.007ms
[pe-async] round=247 R=249 dirty=        8 runs=        2 filter= 89.305ms semisort=  0.007ms
[pe-async] round=248 R=250 dirty=        4 runs=        2 filter= 89.453ms semisort=  0.006ms
[pe-async] round=249 R=251 dirty=       26 runs=       13 filter= 89.461ms semisort=  0.010ms
[pe-async] round=250 R=252 dirty=        8 runs=        6 filter= 89.421ms semisort=  0.007ms
[pe-async] round=251 R=253 dirty=        8 runs=        2 filter= 89.736ms semisort=  0.007ms
[pe-async] round=252 R=254 dirty=        4 runs=        2 filter= 88.648ms semisort=  0.006ms
[pe-async] round=253 R=255 dirty=       26 runs=       13 filter= 89.108ms semisort=  0.010ms
[pe-async] round=254 R=256 dirty=        8 runs=        6 filter= 89.507ms semisort=  0.007ms
[pe-async] round=255 R=257 dirty=        8 runs=        2 filter= 89.235ms semisort=  0.006ms
[pe-async] round=256 R=258 dirty=        4 runs=        2 filter= 88.831ms semisort=  0.006ms
[pe-async] round=257 R=259 dirty=       18 runs=       10 filter= 89.368ms semisort=  0.008ms
[pe-async] round=258 R=260 dirty=        4 runs=        4 filter= 89.344ms semisort=  0.006ms
[pe-async] round=259 R=261 dirty=        0 filter= 89.226ms (clean break)
[pe-async] round=  0 R=2 dirty=  5437767 runs=  3698023 filter= 90.730ms semisort=305.318ms
[pe-async] round=  1 R=3 dirty=   226832 runs=   128424 filter=112.262ms semisort= 17.857ms
[pe-async] round=  2 R=4 dirty=    55915 runs=    52852 filter= 99.377ms semisort=  4.324ms
[pe-async] round=  3 R=5 dirty=    29367 runs=    19922 filter= 93.783ms semisort=  2.347ms
[pe-async] round=  4 R=6 dirty=    12610 runs=     9634 filter= 92.600ms semisort=  1.399ms
[pe-async] round=  5 R=7 dirty=     7181 runs=     5780 filter= 92.000ms semisort=  0.636ms
[pe-async] round=  6 R=8 dirty=     1740 runs=     1265 filter= 91.700ms semisort=  0.183ms
[pe-async] round=  7 R=9 dirty=      328 runs=      173 filter= 91.399ms semisort=  0.050ms
[pe-async] round=  8 R=10 dirty=     1728 runs=     1045 filter= 91.386ms semisort=  0.160ms
[pe-async] round=  9 R=11 dirty=      886 runs=      720 filter= 91.189ms semisort=  0.096ms
[pe-async] round= 10 R=12 dirty=      124 runs=       70 filter= 91.707ms semisort=  0.024ms
[pe-async] round= 11 R=13 dirty=      655 runs=      399 filter= 90.985ms semisort=  0.071ms
[pe-async] round= 12 R=14 dirty=      274 runs=      231 filter= 90.940ms semisort=  0.035ms
[pe-async] round= 13 R=15 dirty=       67 runs=       35 filter= 90.618ms semisort=  0.019ms
[pe-async] round= 14 R=16 dirty=      329 runs=      214 filter= 90.965ms semisort=  0.031ms
[pe-async] round= 15 R=17 dirty=      123 runs=      108 filter= 90.675ms semisort=  0.020ms
[pe-async] round= 16 R=18 dirty=       10 runs=        5 filter= 90.645ms semisort=  0.009ms
[pe-async] round= 17 R=19 dirty=      430 runs=      280 filter= 90.564ms semisort=  0.043ms
[pe-async] round= 18 R=20 dirty=      140 runs=      136 filter= 90.991ms semisort=  0.020ms
[pe-async] round= 19 R=21 dirty=       12 runs=        3 filter= 90.674ms semisort=  0.009ms
[pe-async] round= 20 R=22 dirty=        6 runs=        3 filter= 90.907ms semisort=  0.007ms
[pe-async] round= 21 R=23 dirty=       39 runs=       20 filter= 90.890ms semisort=  0.011ms
[pe-async] round= 22 R=24 dirty=       12 runs=        9 filter= 91.044ms semisort=  0.008ms
[pe-async] round= 23 R=25 dirty=       12 runs=        3 filter= 90.738ms semisort=  0.009ms
[pe-async] round= 24 R=26 dirty=        6 runs=        3 filter= 90.728ms semisort=  0.007ms
[pe-async] round= 25 R=27 dirty=       37 runs=       19 filter= 91.084ms semisort=  0.011ms
[pe-async] round= 26 R=28 dirty=       15 runs=       12 filter= 90.858ms semisort=  0.008ms
[pe-async] round= 27 R=29 dirty=        8 runs=        2 filter= 90.663ms semisort=  0.007ms
[pe-async] round= 28 R=30 dirty=        4 runs=        2 filter= 90.695ms semisort=  0.006ms
[pe-async] round= 29 R=31 dirty=       26 runs=       13 filter= 90.607ms semisort=  0.010ms
[pe-async] round= 30 R=32 dirty=        8 runs=        6 filter= 90.554ms semisort=  0.007ms
[pe-async] round= 31 R=33 dirty=        8 runs=        2 filter= 90.209ms semisort=  0.007ms
[pe-async] round= 32 R=34 dirty=        4 runs=        2 filter= 90.392ms semisort=  0.006ms
[pe-async] round= 33 R=35 dirty=       26 runs=       13 filter= 90.469ms semisort=  0.010ms
[pe-async] round= 34 R=36 dirty=        8 runs=        6 filter= 89.979ms semisort=  0.007ms
[pe-async] round= 35 R=37 dirty=        8 runs=        2 filter= 90.273ms semisort=  0.008ms
[pe-async] round= 36 R=38 dirty=        4 runs=        2 filter= 90.811ms semisort=  0.007ms
[pe-async] round= 37 R=39 dirty=       26 runs=       13 filter= 90.396ms semisort=  0.010ms
[pe-async] round= 38 R=40 dirty=        8 runs=        6 filter= 90.345ms semisort=  0.007ms
[pe-async] round= 39 R=41 dirty=        8 runs=        2 filter= 90.664ms semisort=  0.007ms
[pe-async] round= 40 R=42 dirty=        4 runs=        2 filter= 90.347ms semisort=  0.007ms
[pe-async] round= 41 R=43 dirty=       26 runs=       13 filter= 90.711ms semisort=  0.009ms
[pe-async] round= 42 R=44 dirty=        8 runs=        6 filter= 90.354ms semisort=  0.007ms
[pe-async] round= 43 R=45 dirty=        8 runs=        2 filter= 90.225ms semisort=  0.007ms
[pe-async] round= 44 R=46 dirty=        4 runs=        2 filter= 89.901ms semisort=  0.007ms
[pe-async] round= 45 R=47 dirty=       26 runs=       13 filter= 90.192ms semisort=  0.010ms
[pe-async] round= 46 R=48 dirty=        8 runs=        6 filter= 90.437ms semisort=  0.007ms
[pe-async] round= 47 R=49 dirty=        8 runs=        2 filter= 90.709ms semisort=  0.007ms
[pe-async] round= 48 R=50 dirty=        4 runs=        2 filter= 90.552ms semisort=  0.006ms
[pe-async] round= 49 R=51 dirty=       26 runs=       13 filter= 90.227ms semisort=  0.010ms
[pe-async] round= 50 R=52 dirty=        8 runs=        6 filter= 90.323ms semisort=  0.007ms
[pe-async] round= 51 R=53 dirty=        8 runs=        2 filter= 90.436ms semisort=  0.007ms
[pe-async] round= 52 R=54 dirty=        4 runs=        2 filter= 90.409ms semisort=  0.007ms
[pe-async] round= 53 R=55 dirty=       26 runs=       13 filter= 90.447ms semisort=  0.009ms
[pe-async] round= 54 R=56 dirty=        8 runs=        6 filter= 90.324ms semisort=  0.008ms
[pe-async] round= 55 R=57 dirty=        8 runs=        2 filter= 90.370ms semisort=  0.008ms
[pe-async] round= 56 R=58 dirty=        4 runs=        2 filter= 90.345ms semisort=  0.006ms
[pe-async] round= 57 R=59 dirty=       26 runs=       13 filter= 90.070ms semisort=  0.010ms
[pe-async] round= 58 R=60 dirty=        8 runs=        6 filter= 90.457ms semisort=  0.008ms
[pe-async] round= 59 R=61 dirty=        8 runs=        2 filter= 90.399ms semisort=  0.007ms
[pe-async] round= 60 R=62 dirty=        4 runs=        2 filter= 90.599ms semisort=  0.006ms
[pe-async] round= 61 R=63 dirty=       26 runs=       13 filter= 90.217ms semisort=  0.009ms
[pe-async] round= 62 R=64 dirty=        8 runs=        6 filter= 90.257ms semisort=  0.007ms
[pe-async] round= 63 R=65 dirty=        8 runs=        2 filter= 90.000ms semisort=  0.008ms
[pe-async] round= 64 R=66 dirty=        4 runs=        2 filter= 90.452ms semisort=  0.007ms
[pe-async] round= 65 R=67 dirty=       26 runs=       13 filter= 90.386ms semisort=  0.010ms
[pe-async] round= 66 R=68 dirty=        8 runs=        6 filter= 90.102ms semisort=  0.008ms
[pe-async] round= 67 R=69 dirty=        8 runs=        2 filter= 89.895ms semisort=  0.008ms
[pe-async] round= 68 R=70 dirty=        4 runs=        2 filter= 90.447ms semisort=  0.006ms
[pe-async] round= 69 R=71 dirty=       26 runs=       13 filter= 90.362ms semisort=  0.008ms
[pe-async] round= 70 R=72 dirty=        8 runs=        6 filter= 90.332ms semisort=  0.007ms
[pe-async] round= 71 R=73 dirty=        8 runs=        2 filter= 90.133ms semisort=  0.007ms
[pe-async] round= 72 R=74 dirty=        4 runs=        2 filter= 90.172ms semisort=  0.007ms
[pe-async] round= 73 R=75 dirty=       26 runs=       13 filter= 90.191ms semisort=  0.009ms
[pe-async] round= 74 R=76 dirty=        8 runs=        6 filter= 90.263ms semisort=  0.007ms
[pe-async] round= 75 R=77 dirty=        8 runs=        2 filter= 89.925ms semisort=  0.007ms
[pe-async] round= 76 R=78 dirty=        4 runs=        2 filter= 90.265ms semisort=  0.008ms
[pe-async] round= 77 R=79 dirty=       26 runs=       13 filter= 90.373ms semisort=  0.011ms
[pe-async] round= 78 R=80 dirty=        8 runs=        6 filter= 90.002ms semisort=  0.007ms
[pe-async] round= 79 R=81 dirty=        8 runs=        2 filter= 89.555ms semisort=  0.007ms
[pe-async] round= 80 R=82 dirty=        4 runs=        2 filter= 90.106ms semisort=  0.006ms
[pe-async] round= 81 R=83 dirty=       26 runs=       13 filter= 89.893ms semisort=  0.010ms
[pe-async] round= 82 R=84 dirty=        8 runs=        6 filter= 89.939ms semisort=  0.007ms
[pe-async] round= 83 R=85 dirty=        8 runs=        2 filter= 89.839ms semisort=  0.007ms
[pe-async] round= 84 R=86 dirty=        4 runs=        2 filter= 89.536ms semisort=  0.007ms
[pe-async] round= 85 R=87 dirty=       26 runs=       13 filter= 89.963ms semisort=  0.010ms
[pe-async] round= 86 R=88 dirty=        8 runs=        6 filter= 89.949ms semisort=  0.007ms
[pe-async] round= 87 R=89 dirty=        8 runs=        2 filter= 89.712ms semisort=  0.008ms
[pe-async] round= 88 R=90 dirty=        4 runs=        2 filter= 90.054ms semisort=  0.007ms
[pe-async] round= 89 R=91 dirty=       26 runs=       13 filter= 89.965ms semisort=  0.011ms
[pe-async] round= 90 R=92 dirty=        8 runs=        6 filter= 90.005ms semisort=  0.007ms
[pe-async] round= 91 R=93 dirty=        8 runs=        2 filter= 89.777ms semisort=  0.007ms
[pe-async] round= 92 R=94 dirty=        4 runs=        2 filter= 89.809ms semisort=  0.006ms
[pe-async] round= 93 R=95 dirty=       26 runs=       13 filter= 89.433ms semisort=  0.009ms
[pe-async] round= 94 R=96 dirty=        8 runs=        6 filter= 89.636ms semisort=  0.008ms
[pe-async] round= 95 R=97 dirty=        8 runs=        2 filter= 89.935ms semisort=  0.007ms
[pe-async] round= 96 R=98 dirty=        4 runs=        2 filter= 90.026ms semisort=  0.007ms
[pe-async] round= 97 R=99 dirty=       26 runs=       13 filter= 89.612ms semisort=  0.009ms
[pe-async] round= 98 R=100 dirty=        8 runs=        6 filter= 90.136ms semisort=  0.008ms
[pe-async] round= 99 R=101 dirty=        8 runs=        2 filter= 90.079ms semisort=  0.007ms
[pe-async] round=100 R=102 dirty=        4 runs=        2 filter= 89.792ms semisort=  0.006ms
[pe-async] round=101 R=103 dirty=       26 runs=       13 filter= 89.658ms semisort=  0.009ms
[pe-async] round=102 R=104 dirty=        8 runs=        6 filter= 90.004ms semisort=  0.007ms
[pe-async] round=103 R=105 dirty=        8 runs=        2 filter= 90.273ms semisort=  0.007ms
[pe-async] round=104 R=106 dirty=        4 runs=        2 filter= 89.705ms semisort=  0.006ms
[pe-async] round=105 R=107 dirty=       26 runs=       13 filter= 89.746ms semisort=  0.011ms
[pe-async] round=106 R=108 dirty=        8 runs=        6 filter= 90.002ms semisort=  0.008ms
[pe-async] round=107 R=109 dirty=        8 runs=        2 filter= 89.783ms semisort=  0.007ms
[pe-async] round=108 R=110 dirty=        4 runs=        2 filter= 89.525ms semisort=  0.006ms
[pe-async] round=109 R=111 dirty=       26 runs=       13 filter= 90.115ms semisort=  0.009ms
[pe-async] round=110 R=112 dirty=        8 runs=        6 filter= 89.816ms semisort=  0.007ms
[pe-async] round=111 R=113 dirty=        8 runs=        2 filter= 89.802ms semisort=  0.007ms
[pe-async] round=112 R=114 dirty=        4 runs=        2 filter= 89.744ms semisort=  0.006ms
[pe-async] round=113 R=115 dirty=       26 runs=       13 filter= 89.807ms semisort=  0.010ms
[pe-async] round=114 R=116 dirty=        8 runs=        6 filter= 90.249ms semisort=  0.007ms
[pe-async] round=115 R=117 dirty=        8 runs=        2 filter= 89.839ms semisort=  0.007ms
[pe-async] round=116 R=118 dirty=        4 runs=        2 filter= 89.283ms semisort=  0.007ms
[pe-async] round=117 R=119 dirty=       26 runs=       13 filter= 89.632ms semisort=  0.009ms
[pe-async] round=118 R=120 dirty=        8 runs=        6 filter= 89.698ms semisort=  0.007ms
[pe-async] round=119 R=121 dirty=        8 runs=        2 filter= 89.586ms semisort=  0.007ms
[pe-async] round=120 R=122 dirty=        4 runs=        2 filter= 89.534ms semisort=  0.007ms
[pe-async] round=121 R=123 dirty=       26 runs=       13 filter= 89.858ms semisort=  0.010ms
[pe-async] round=122 R=124 dirty=        8 runs=        6 filter= 89.989ms semisort=  0.007ms
[pe-async] round=123 R=125 dirty=        8 runs=        2 filter= 89.709ms semisort=  0.007ms
[pe-async] round=124 R=126 dirty=        4 runs=        2 filter= 89.774ms semisort=  0.006ms
[pe-async] round=125 R=127 dirty=       26 runs=       13 filter= 90.140ms semisort=  0.010ms
[pe-async] round=126 R=128 dirty=        8 runs=        6 filter= 89.556ms semisort=  0.007ms
[pe-async] round=127 R=129 dirty=        8 runs=        2 filter= 89.593ms semisort=  0.008ms
[pe-async] round=128 R=130 dirty=        4 runs=        2 filter= 89.354ms semisort=  0.006ms
[pe-async] round=129 R=131 dirty=       26 runs=       13 filter= 89.624ms semisort=  0.010ms
[pe-async] round=130 R=132 dirty=        8 runs=        6 filter= 89.408ms semisort=  0.007ms
[pe-async] round=131 R=133 dirty=        8 runs=        2 filter= 89.647ms semisort=  0.007ms
[pe-async] round=132 R=134 dirty=        4 runs=        2 filter= 89.585ms semisort=  0.006ms
[pe-async] round=133 R=135 dirty=       26 runs=       13 filter= 89.645ms semisort=  0.010ms
[pe-async] round=134 R=136 dirty=        8 runs=        6 filter= 89.806ms semisort=  0.007ms
[pe-async] round=135 R=137 dirty=        8 runs=        2 filter= 89.384ms semisort=  0.006ms
[pe-async] round=136 R=138 dirty=        4 runs=        2 filter= 89.534ms semisort=  0.006ms
[pe-async] round=137 R=139 dirty=       26 runs=       13 filter= 89.669ms semisort=  0.010ms
[pe-async] round=138 R=140 dirty=        8 runs=        6 filter= 89.498ms semisort=  0.007ms
[pe-async] round=139 R=141 dirty=        8 runs=        2 filter= 89.514ms semisort=  0.007ms
[pe-async] round=140 R=142 dirty=        4 runs=        2 filter= 89.373ms semisort=  0.006ms
[pe-async] round=141 R=143 dirty=       26 runs=       13 filter= 89.138ms semisort=  0.010ms
[pe-async] round=142 R=144 dirty=        8 runs=        6 filter= 89.308ms semisort=  0.007ms
[pe-async] round=143 R=145 dirty=        8 runs=        2 filter= 89.787ms semisort=  0.008ms
[pe-async] round=144 R=146 dirty=        4 runs=        2 filter= 89.501ms semisort=  0.006ms
[pe-async] round=145 R=147 dirty=       26 runs=       13 filter= 89.459ms semisort=  0.010ms
[pe-async] round=146 R=148 dirty=        8 runs=        6 filter= 89.502ms semisort=  0.007ms
[pe-async] round=147 R=149 dirty=        8 runs=        2 filter= 89.875ms semisort=  0.007ms
[pe-async] round=148 R=150 dirty=        4 runs=        2 filter= 89.494ms semisort=  0.006ms
[pe-async] round=149 R=151 dirty=       26 runs=       13 filter= 89.513ms semisort=  0.010ms
[pe-async] round=150 R=152 dirty=        8 runs=        6 filter= 89.716ms semisort=  0.008ms
[pe-async] round=151 R=153 dirty=        8 runs=        2 filter= 89.643ms semisort=  0.008ms
[pe-async] round=152 R=154 dirty=        4 runs=        2 filter= 89.625ms semisort=  0.007ms
[pe-async] round=153 R=155 dirty=       26 runs=       13 filter= 89.516ms semisort=  0.010ms
[pe-async] round=154 R=156 dirty=        8 runs=        6 filter= 89.672ms semisort=  0.007ms
[pe-async] round=155 R=157 dirty=        8 runs=        2 filter= 89.527ms semisort=  0.007ms
[pe-async] round=156 R=158 dirty=        4 runs=        2 filter= 89.390ms semisort=  0.006ms
[pe-async] round=157 R=159 dirty=       26 runs=       13 filter= 89.533ms semisort=  0.009ms
[pe-async] round=158 R=160 dirty=        8 runs=        6 filter= 89.117ms semisort=  0.007ms
[pe-async] round=159 R=161 dirty=        8 runs=        2 filter= 89.512ms semisort=  0.006ms
[pe-async] round=160 R=162 dirty=        4 runs=        2 filter= 89.159ms semisort=  0.006ms
[pe-async] round=161 R=163 dirty=       26 runs=       13 filter= 89.697ms semisort=  0.010ms
[pe-async] round=162 R=164 dirty=        8 runs=        6 filter= 89.590ms semisort=  0.008ms
[pe-async] round=163 R=165 dirty=        8 runs=        2 filter= 89.805ms semisort=  0.007ms
[pe-async] round=164 R=166 dirty=        4 runs=        2 filter= 89.562ms semisort=  0.006ms
[pe-async] round=165 R=167 dirty=       26 runs=       13 filter= 89.502ms semisort=  0.010ms
[pe-async] round=166 R=168 dirty=        8 runs=        6 filter= 89.496ms semisort=  0.007ms
[pe-async] round=167 R=169 dirty=        8 runs=        2 filter= 89.284ms semisort=  0.006ms
[pe-async] round=168 R=170 dirty=        4 runs=        2 filter= 89.400ms semisort=  0.006ms
[pe-async] round=169 R=171 dirty=       26 runs=       13 filter= 89.807ms semisort=  0.008ms
[pe-async] round=170 R=172 dirty=        8 runs=        6 filter= 89.078ms semisort=  0.006ms
[pe-async] round=171 R=173 dirty=        8 runs=        2 filter= 89.640ms semisort=  0.008ms
[pe-async] round=172 R=174 dirty=        4 runs=        2 filter= 89.664ms semisort=  0.006ms
[pe-async] round=173 R=175 dirty=       26 runs=       13 filter= 89.397ms semisort=  0.009ms
[pe-async] round=174 R=176 dirty=        8 runs=        6 filter= 89.677ms semisort=  0.007ms
[pe-async] round=175 R=177 dirty=        8 runs=        2 filter= 89.616ms semisort=  0.007ms
[pe-async] round=176 R=178 dirty=        4 runs=        2 filter= 89.755ms semisort=  0.006ms
[pe-async] round=177 R=179 dirty=       26 runs=       13 filter= 89.615ms semisort=  0.010ms
[pe-async] round=178 R=180 dirty=        8 runs=        6 filter= 89.456ms semisort=  0.006ms
[pe-async] round=179 R=181 dirty=        8 runs=        2 filter= 89.802ms semisort=  0.007ms
[pe-async] round=180 R=182 dirty=        4 runs=        2 filter= 89.703ms semisort=  0.006ms
[pe-async] round=181 R=183 dirty=       26 runs=       13 filter= 89.728ms semisort=  0.009ms
[pe-async] round=182 R=184 dirty=        8 runs=        6 filter= 89.620ms semisort=  0.007ms
[pe-async] round=183 R=185 dirty=        8 runs=        2 filter= 89.705ms semisort=  0.007ms
[pe-async] round=184 R=186 dirty=        4 runs=        2 filter= 89.712ms semisort=  0.005ms
[pe-async] round=185 R=187 dirty=       26 runs=       13 filter= 89.746ms semisort=  0.009ms
[pe-async] round=186 R=188 dirty=        8 runs=        6 filter= 89.294ms semisort=  0.007ms
[pe-async] round=187 R=189 dirty=        8 runs=        2 filter= 89.240ms semisort=  0.006ms
[pe-async] round=188 R=190 dirty=        4 runs=        2 filter= 89.600ms semisort=  0.007ms
[pe-async] round=189 R=191 dirty=       26 runs=       13 filter= 89.154ms semisort=  0.010ms
[pe-async] round=190 R=192 dirty=        8 runs=        6 filter= 89.549ms semisort=  0.007ms
[pe-async] round=191 R=193 dirty=        8 runs=        2 filter= 89.859ms semisort=  0.007ms
[pe-async] round=192 R=194 dirty=        4 runs=        2 filter= 89.915ms semisort=  0.007ms
[pe-async] round=193 R=195 dirty=       26 runs=       13 filter= 89.372ms semisort=  0.009ms
[pe-async] round=194 R=196 dirty=        8 runs=        6 filter= 89.335ms semisort=  0.007ms
[pe-async] round=195 R=197 dirty=        8 runs=        2 filter= 89.238ms semisort=  0.007ms
[pe-async] round=196 R=198 dirty=        4 runs=        2 filter= 89.201ms semisort=  0.006ms
[pe-async] round=197 R=199 dirty=       26 runs=       13 filter= 89.323ms semisort=  0.009ms
[pe-async] round=198 R=200 dirty=        8 runs=        6 filter= 89.542ms semisort=  0.011ms
[pe-async] round=199 R=201 dirty=        8 runs=        2 filter= 89.772ms semisort=  0.007ms
[pe-async] round=200 R=202 dirty=        4 runs=        2 filter= 89.988ms semisort=  0.006ms
[pe-async] round=201 R=203 dirty=       26 runs=       13 filter= 89.812ms semisort=  0.009ms
[pe-async] round=202 R=204 dirty=        8 runs=        6 filter= 89.567ms semisort=  0.007ms
[pe-async] round=203 R=205 dirty=        8 runs=        2 filter= 89.216ms semisort=  0.007ms
[pe-async] round=204 R=206 dirty=        4 runs=        2 filter= 89.186ms semisort=  0.006ms
[pe-async] round=205 R=207 dirty=       26 runs=       13 filter= 89.564ms semisort=  0.009ms
[pe-async] round=206 R=208 dirty=        8 runs=        6 filter= 89.742ms semisort=  0.007ms
[pe-async] round=207 R=209 dirty=        8 runs=        2 filter= 89.655ms semisort=  0.007ms
[pe-async] round=208 R=210 dirty=        4 runs=        2 filter= 89.603ms semisort=  0.006ms
[pe-async] round=209 R=211 dirty=       26 runs=       13 filter= 88.995ms semisort=  0.010ms
[pe-async] round=210 R=212 dirty=        8 runs=        6 filter= 89.561ms semisort=  0.007ms
[pe-async] round=211 R=213 dirty=        8 runs=        2 filter= 89.221ms semisort=  0.007ms
[pe-async] round=212 R=214 dirty=        4 runs=        2 filter= 89.049ms semisort=  0.007ms
[pe-async] round=213 R=215 dirty=       26 runs=       13 filter= 88.929ms semisort=  0.009ms
[pe-async] round=214 R=216 dirty=        8 runs=        6 filter= 89.187ms semisort=  0.007ms
[pe-async] round=215 R=217 dirty=        8 runs=        2 filter= 89.255ms semisort=  0.007ms
[pe-async] round=216 R=218 dirty=        4 runs=        2 filter= 89.565ms semisort=  0.006ms
[pe-async] round=217 R=219 dirty=       26 runs=       13 filter= 89.476ms semisort=  0.009ms
[pe-async] round=218 R=220 dirty=        8 runs=        6 filter= 89.294ms semisort=  0.007ms
[pe-async] round=219 R=221 dirty=        8 runs=        2 filter= 89.369ms semisort=  0.008ms
[pe-async] round=220 R=222 dirty=        4 runs=        2 filter= 89.446ms semisort=  0.006ms
[pe-async] round=221 R=223 dirty=       26 runs=       13 filter= 89.334ms semisort=  0.009ms
[pe-async] round=222 R=224 dirty=        8 runs=        6 filter= 89.419ms semisort=  0.007ms
[pe-async] round=223 R=225 dirty=        8 runs=        2 filter= 89.378ms semisort=  0.007ms
[pe-async] round=224 R=226 dirty=        4 runs=        2 filter= 89.379ms semisort=  0.006ms
[pe-async] round=225 R=227 dirty=       26 runs=       13 filter= 89.121ms semisort=  0.009ms
[pe-async] round=226 R=228 dirty=        8 runs=        6 filter= 89.366ms semisort=  0.007ms
[pe-async] round=227 R=229 dirty=        8 runs=        2 filter= 88.834ms semisort=  0.007ms
[pe-async] round=228 R=230 dirty=        4 runs=        2 filter= 89.104ms semisort=  0.006ms
[pe-async] round=229 R=231 dirty=       26 runs=       13 filter= 89.179ms semisort=  0.009ms
[pe-async] round=230 R=232 dirty=        8 runs=        6 filter= 89.451ms semisort=  0.007ms
[pe-async] round=231 R=233 dirty=        8 runs=        2 filter= 89.690ms semisort=  0.007ms
[pe-async] round=232 R=234 dirty=        4 runs=        2 filter= 89.609ms semisort=  0.006ms
[pe-async] round=233 R=235 dirty=       26 runs=       13 filter= 89.284ms semisort=  0.009ms
[pe-async] round=234 R=236 dirty=        8 runs=        6 filter= 89.109ms semisort=  0.007ms
[pe-async] round=235 R=237 dirty=        8 runs=        2 filter= 89.199ms semisort=  0.007ms
[pe-async] round=236 R=238 dirty=        4 runs=        2 filter= 89.404ms semisort=  0.006ms
[pe-async] round=237 R=239 dirty=       26 runs=       13 filter= 89.544ms semisort=  0.010ms
[pe-async] round=238 R=240 dirty=        8 runs=        6 filter= 89.203ms semisort=  0.007ms
[pe-async] round=239 R=241 dirty=        8 runs=        2 filter= 89.237ms semisort=  0.008ms
[pe-async] round=240 R=242 dirty=        4 runs=        2 filter= 89.311ms semisort=  0.006ms
[pe-async] round=241 R=243 dirty=       26 runs=       13 filter= 89.284ms semisort=  0.010ms
[pe-async] round=242 R=244 dirty=        8 runs=        6 filter= 89.216ms semisort=  0.006ms
[pe-async] round=243 R=245 dirty=        8 runs=        2 filter= 89.334ms semisort=  0.007ms
[pe-async] round=244 R=246 dirty=        4 runs=        2 filter= 89.369ms semisort=  0.006ms
[pe-async] round=245 R=247 dirty=       26 runs=       13 filter= 89.916ms semisort=  0.009ms
[pe-async] round=246 R=248 dirty=        8 runs=        6 filter= 89.212ms semisort=  0.007ms
[pe-async] round=247 R=249 dirty=        8 runs=        2 filter= 88.850ms semisort=  0.007ms
[pe-async] round=248 R=250 dirty=        4 runs=        2 filter= 89.394ms semisort=  0.006ms
[pe-async] round=249 R=251 dirty=       26 runs=       13 filter= 89.192ms semisort=  0.009ms
[pe-async] round=250 R=252 dirty=        8 runs=        6 filter= 89.133ms semisort=  0.007ms
[pe-async] round=251 R=253 dirty=        8 runs=        2 filter= 88.939ms semisort=  0.007ms
[pe-async] round=252 R=254 dirty=        4 runs=        2 filter= 88.933ms semisort=  0.005ms
[pe-async] round=253 R=255 dirty=       26 runs=       13 filter= 89.091ms semisort=  0.009ms
[pe-async] round=254 R=256 dirty=        8 runs=        6 filter= 89.071ms semisort=  0.008ms
[pe-async] round=255 R=257 dirty=        8 runs=        2 filter= 89.196ms semisort=  0.008ms
[pe-async] round=256 R=258 dirty=        4 runs=        2 filter= 89.623ms semisort=  0.006ms
[pe-async] round=257 R=259 dirty=       18 runs=       10 filter= 89.582ms semisort=  0.007ms
[pe-async] round=258 R=260 dirty=        4 runs=        4 filter= 89.255ms semisort=  0.006ms
[pe-async] round=259 R=261 dirty=        0 filter= 89.282ms (clean break)
