[gates_bench] ./miter-cc-benchmarks/hwmcc12_with_not/6s104-ands-opt.gates ...
  literals=4624476  NOT=2055360  gates=5408579  total_classes=12088415  read=0.064s parse=0.061s build=0.222s
[pe] round=  0 work= 11962503 frontier=  6945599 next=    30936 consolidate= 75.973ms frontier= 12.521ms semisort= 31.988ms (keyed=17.420ms group_by=  0.705ms per_group= 2.276ms)
[pe] round=  1 work=    30936 frontier=   150707 next=    29560 consolidate=  1.172ms frontier=  0.375ms semisort=  3.207ms (keyed= 0.091ms group_by=  1.663ms per_group= 0.377ms)
[pe] round=  2 work=    29560 frontier=    82710 next=     7057 consolidate=  0.851ms frontier=  0.253ms semisort=  2.266ms (keyed= 0.050ms group_by=  1.556ms per_group= 0.253ms)
[pe] round=  3 work=     7057 frontier=    29048 next=     4908 consolidate=  1.040ms frontier=  0.209ms semisort=  0.931ms (keyed= 0.045ms group_by=  0.420ms per_group= 0.232ms)
[pe] round=  4 work=     4908 frontier=    15689 next=     2466 consolidate=  0.691ms frontier=  0.136ms semisort=  0.604ms (keyed= 0.026ms group_by=  0.219ms per_group= 0.181ms)
[pe] round=  5 work=     2466 frontier=     9454 next=     2001 consolidate=  0.383ms frontier=  0.097ms semisort=  0.868ms (keyed= 0.024ms group_by=  0.573ms per_group= 0.121ms)
[pe] round=  6 work=     2001 frontier=     9471 next=     1425 consolidate=  0.345ms frontier=  0.091ms semisort=  0.602ms (keyed= 0.016ms group_by=  0.327ms per_group= 0.112ms)
[pe] round=  7 work=     1425 frontier=    10612 next=     1326 consolidate=  0.268ms frontier=  0.066ms semisort=  0.492ms (keyed= 0.025ms group_by=  0.184ms per_group= 0.147ms)
[pe] round=  8 work=     1326 frontier=    13498 next=     1167 consolidate=  0.269ms frontier=  0.063ms semisort=  0.495ms (keyed= 0.024ms group_by=  0.192ms per_group= 0.133ms)
[pe] round=  9 work=     1167 frontier=     7552 next=     1174 consolidate=  0.212ms frontier=  0.054ms semisort=  0.624ms (keyed= 0.026ms group_by=  0.366ms per_group= 0.128ms)
[pe] round= 10 work=     1174 frontier=     9434 next=     1134 consolidate=  0.202ms frontier=  0.059ms semisort=  0.583ms (keyed= 0.022ms group_by=  0.330ms per_group= 0.101ms)
[pe] round= 11 work=     1134 frontier=     6342 next=     1077 consolidate=  0.244ms frontier=  0.061ms semisort=  0.519ms (keyed= 0.021ms group_by=  0.261ms per_group= 0.129ms)
[pe] round= 12 work=     1077 frontier=     5496 next=     1079 consolidate=  0.228ms frontier=  0.060ms semisort=  0.527ms (keyed= 0.023ms group_by=  0.231ms per_group= 0.086ms)
[pe] round= 13 work=     1079 frontier=     3492 next=      799 consolidate=  0.210ms frontier=  0.040ms semisort=  0.290ms (keyed= 0.016ms group_by=  0.105ms per_group= 0.057ms)
[pe] round= 14 work=      799 frontier=     2006 next=      601 consolidate=  0.158ms frontier=  0.039ms semisort=  0.179ms (keyed= 0.006ms group_by=  0.053ms per_group= 0.048ms)
[pe] round= 15 work=      601 frontier=     1404 next=      523 consolidate=  0.110ms frontier=  0.033ms semisort=  0.164ms (keyed= 0.004ms group_by=  0.032ms per_group= 0.042ms)
[pe] round= 16 work=      523 frontier=     1354 next=      493 consolidate=  0.112ms frontier=  0.017ms semisort=  0.251ms (keyed= 0.004ms group_by=  0.140ms per_group= 0.041ms)
[pe] round= 17 work=      493 frontier=     1112 next=      335 consolidate=  0.101ms frontier=  0.016ms semisort=  0.150ms (keyed= 0.003ms group_by=  0.034ms per_group= 0.049ms)
[pe] round= 18 work=      335 frontier=      490 next=      327 consolidate=  0.084ms frontier=  0.007ms semisort=  0.084ms (keyed= 0.003ms group_by=  0.012ms per_group= 0.032ms)
[pe] round= 19 work=      327 frontier=      396 next=      183 consolidate=  0.085ms frontier=  0.006ms semisort=  0.074ms (keyed= 0.002ms group_by=  0.010ms per_group= 0.032ms)
[pe] round= 20 work=      183 frontier=      362 next=      191 consolidate=  0.048ms frontier=  0.006ms semisort=  0.069ms (keyed= 0.001ms group_by=  0.009ms per_group= 0.024ms)
[pe] round= 21 work=      191 frontier=      444 next=      191 consolidate=  0.056ms frontier=  0.006ms semisort=  0.069ms (keyed= 0.002ms group_by=  0.010ms per_group= 0.022ms)
[pe] round= 22 work=      191 frontier=      346 next=      183 consolidate=  0.047ms frontier=  0.006ms semisort=  0.071ms (keyed= 0.001ms group_by=  0.009ms per_group= 0.023ms)
[pe] round= 23 work=      183 frontier=      396 next=      183 consolidate=  0.070ms frontier=  0.006ms semisort=  0.070ms (keyed= 0.002ms group_by=  0.008ms per_group= 0.029ms)
[pe] round= 24 work=      183 frontier=      362 next=      191 consolidate=  0.061ms frontier=  0.006ms semisort=  0.080ms (keyed= 0.002ms group_by=  0.010ms per_group= 0.028ms)
[pe] round= 25 work=      191 frontier=      444 next=      189 consolidate=  0.069ms frontier=  0.006ms semisort=  0.086ms (keyed= 0.001ms group_by=  0.009ms per_group= 0.037ms)
[pe] round= 26 work=      189 frontier=      338 next=      181 consolidate=  0.055ms frontier=  0.006ms semisort=  0.060ms (keyed= 0.001ms group_by=  0.009ms per_group= 0.019ms)
[pe] round= 27 work=      181 frontier=      392 next=      169 consolidate=  0.062ms frontier=  0.005ms semisort=  0.101ms (keyed= 0.001ms group_by=  0.007ms per_group= 0.057ms)
[pe] round= 28 work=      169 frontier=      322 next=       49 consolidate=  0.055ms frontier=  0.005ms semisort=  0.069ms (keyed= 0.001ms group_by=  0.014ms per_group= 0.024ms)
[pe] round= 29 work=       49 frontier=      160 next=       47 consolidate=  0.030ms frontier=  0.004ms semisort=  0.048ms (keyed= 0.001ms group_by=  0.006ms per_group= 0.021ms)
[pe] round= 30 work=       47 frontier=      166 next=       37 consolidate=  0.054ms frontier=  0.004ms semisort=  0.048ms (keyed= 0.001ms group_by=  0.005ms per_group= 0.022ms)
[pe] round= 31 work=       37 frontier=      100 next=       37 consolidate=  0.029ms frontier=  0.004ms semisort=  0.045ms (keyed= 0.000ms group_by=  0.003ms per_group= 0.023ms)
[pe] round= 32 work=       37 frontier=      178 next=       44 consolidate=  0.023ms frontier=  0.004ms semisort=  0.041ms (keyed= 0.001ms group_by=  0.005ms per_group= 0.016ms)
[pe] round= 33 work=       44 frontier=      140 next=       38 consolidate=  0.031ms frontier=  0.004ms semisort=  0.062ms (keyed= 0.001ms group_by=  0.004ms per_group= 0.025ms)
[pe] round= 34 work=       38 frontier=      134 next=       30 consolidate=  0.032ms frontier=  0.004ms semisort=  0.039ms (keyed= 0.001ms group_by=  0.004ms per_group= 0.020ms)
[pe] round= 35 work=       30 frontier=       80 next=       27 consolidate=  0.024ms frontier=  0.003ms semisort=  0.030ms (keyed= 0.000ms group_by=  0.003ms per_group= 0.017ms)
[pe] round= 36 work=       27 frontier=      126 next=       35 consolidate=  0.031ms frontier=  0.003ms semisort=  0.037ms (keyed= 0.000ms group_by=  0.004ms per_group= 0.022ms)
[pe] round= 37 work=       35 frontier=      116 next=       35 consolidate=  0.026ms frontier=  0.003ms semisort=  0.034ms (keyed= 0.000ms group_by=  0.004ms per_group= 0.020ms)
[pe] round= 38 work=       35 frontier=      110 next=       27 consolidate=  0.027ms frontier=  0.004ms semisort=  0.024ms (keyed= 0.000ms group_by=  0.003ms per_group= 0.012ms)
[pe] round= 39 work=       27 frontier=       68 next=       27 consolidate=  0.021ms frontier=  0.003ms semisort=  0.030ms (keyed= 0.000ms group_by=  0.002ms per_group= 0.020ms)
[pe] round= 40 work=       27 frontier=      126 next=       35 consolidate=  0.029ms frontier=  0.003ms semisort=  0.032ms (keyed= 0.000ms group_by=  0.004ms per_group= 0.019ms)
[pe] round= 41 work=       35 frontier=      116 next=       35 consolidate=  0.029ms frontier=  0.003ms semisort=  0.028ms (keyed= 0.000ms group_by=  0.003ms per_group= 0.015ms)
[pe] round= 42 work=       35 frontier=      110 next=       27 consolidate=  0.024ms frontier=  0.004ms semisort=  0.027ms (keyed= 0.000ms group_by=  0.003ms per_group= 0.016ms)
[pe] round= 43 work=       27 frontier=       68 next=       27 consolidate=  0.026ms frontier=  0.003ms semisort=  0.025ms (keyed= 0.000ms group_by=  0.003ms per_group= 0.016ms)
[pe] round= 44 work=       27 frontier=      126 next=       35 consolidate=  0.023ms frontier=  0.003ms semisort=  0.036ms (keyed= 0.000ms group_by=  0.004ms per_group= 0.024ms)
[pe] round= 45 work=       35 frontier=      116 next=       35 consolidate=  0.032ms frontier=  0.003ms semisort=  0.033ms (keyed= 0.000ms group_by=  0.004ms per_group= 0.019ms)
[pe] round= 46 work=       35 frontier=      110 next=       27 consolidate=  0.041ms frontier=  0.004ms semisort=  0.026ms (keyed= 0.000ms group_by=  0.004ms per_group= 0.014ms)
[pe] round= 47 work=       27 frontier=       68 next=       27 consolidate=  0.028ms frontier=  0.003ms semisort=  0.020ms (keyed= 0.000ms group_by=  0.003ms per_group= 0.010ms)
[pe] round= 48 work=       27 frontier=       46 next=       15 consolidate=  0.023ms frontier=  0.002ms semisort=  0.010ms (keyed= 0.000ms group_by=  0.001ms per_group= 0.005ms)
[pe] round= 49 work=       15 frontier=       44 next=        7 consolidate=  0.018ms frontier=  0.002ms semisort=  0.009ms (keyed= 0.000ms group_by=  0.001ms per_group= 0.003ms)
[pe] round= 50 work=        7 frontier=       14 next=        7 consolidate=  0.009ms frontier=  0.001ms semisort=  0.005ms (keyed= 0.000ms group_by=  0.001ms per_group= 0.002ms)
[pe] round= 51 work=        7 frontier=       28 next=        7 consolidate=  0.013ms frontier=  0.001ms semisort=  0.006ms (keyed= 0.000ms group_by=  0.001ms per_group= 0.003ms)
[pe] round= 52 work=        7 frontier=       14 next=        7 consolidate=  0.009ms frontier=  0.001ms semisort=  0.005ms (keyed= 0.000ms group_by=  0.001ms per_group= 0.002ms)
[pe] round= 53 work=        7 frontier=       28 next=        7 consolidate=  0.009ms frontier=  0.001ms semisort=  0.005ms (keyed= 0.000ms group_by=  0.001ms per_group= 0.003ms)
[pe] round= 54 work=        7 frontier=       14 next=        7 consolidate=  0.009ms frontier=  0.001ms semisort=  0.004ms (keyed= 0.000ms group_by=  0.001ms per_group= 0.002ms)
[pe] round= 55 work=        7 frontier=       28 next=        7 consolidate=  0.010ms frontier=  0.001ms semisort=  0.010ms (keyed= 0.000ms group_by=  0.001ms per_group= 0.007ms)
[pe] round= 56 work=        7 frontier=       14 next=        7 consolidate=  0.009ms frontier=  0.001ms semisort=  0.004ms (keyed= 0.000ms group_by=  0.001ms per_group= 0.002ms)
[pe] round= 57 work=        7 frontier=       28 next=        7 consolidate=  0.009ms frontier=  0.001ms semisort=  0.006ms (keyed= 0.000ms group_by=  0.001ms per_group= 0.002ms)
[pe] round= 58 work=        7 frontier=       14 next=        7 consolidate=  0.009ms frontier=  0.001ms semisort=  0.004ms (keyed= 0.000ms group_by=  0.001ms per_group= 0.002ms)
[pe] round= 59 work=        7 frontier=       28 next=        7 consolidate=  0.009ms frontier=  0.001ms semisort=  0.006ms (keyed= 0.000ms group_by=  0.001ms per_group= 0.002ms)
[pe] round= 60 work=        7 frontier=       14 next=        7 consolidate=  0.012ms frontier=  0.001ms semisort=  0.004ms (keyed= 0.000ms group_by=  0.001ms per_group= 0.002ms)
[pe] round= 61 work=        7 frontier=       28 next=        7 consolidate=  0.012ms frontier=  0.001ms semisort=  0.006ms (keyed= 0.000ms group_by=  0.001ms per_group= 0.003ms)
[pe] round= 62 work=        7 frontier=       14 next=        7 consolidate=  0.018ms frontier=  0.001ms semisort=  0.005ms (keyed= 0.000ms group_by=  0.001ms per_group= 0.002ms)
[pe] round= 63 work=        7 frontier=       28 next=        7 consolidate=  0.017ms frontier=  0.001ms semisort=  0.006ms (keyed= 0.000ms group_by=  0.001ms per_group= 0.002ms)
[pe] round= 64 work=        7 frontier=       14 next=        7 consolidate=  0.009ms frontier=  0.001ms semisort=  0.004ms (keyed= 0.000ms group_by=  0.001ms per_group= 0.002ms)
[pe] round= 65 work=        7 frontier=       28 next=        7 consolidate=  0.018ms frontier=  0.001ms semisort=  0.006ms (keyed= 0.000ms group_by=  0.001ms per_group= 0.002ms)
[pe] round= 66 work=        7 frontier=       14 next=        7 consolidate=  0.012ms frontier=  0.002ms semisort=  0.005ms (keyed= 0.000ms group_by=  0.001ms per_group= 0.002ms)
[pe] round= 67 work=        7 frontier=       28 next=        7 consolidate=  0.008ms frontier=  0.001ms semisort=  0.006ms (keyed= 0.000ms group_by=  0.001ms per_group= 0.002ms)
[pe] round= 68 work=        7 frontier=       14 next=        7 consolidate=  0.021ms frontier=  0.001ms semisort=  0.004ms (keyed= 0.000ms group_by=  0.001ms per_group= 0.002ms)
[pe] round= 69 work=        7 frontier=       28 next=        7 consolidate=  0.014ms frontier=  0.001ms semisort=  0.010ms (keyed= 0.000ms group_by=  0.001ms per_group= 0.003ms)
[pe] round= 70 work=        7 frontier=       14 next=        7 consolidate=  0.010ms frontier=  0.001ms semisort=  0.005ms (keyed= 0.000ms group_by=  0.000ms per_group= 0.002ms)
[pe] round= 71 work=        7 frontier=       28 next=        7 consolidate=  0.010ms frontier=  0.001ms semisort=  0.006ms (keyed= 0.000ms group_by=  0.001ms per_group= 0.002ms)
[pe] round= 72 work=        7 frontier=       14 next=        7 consolidate=  0.009ms frontier=  0.001ms semisort=  0.005ms (keyed= 0.000ms group_by=  0.001ms per_group= 0.002ms)
[pe] round= 73 work=        7 frontier=       28 next=        7 consolidate=  0.010ms frontier=  0.001ms semisort=  0.006ms (keyed= 0.000ms group_by=  0.001ms per_group= 0.003ms)
[pe] round= 74 work=        7 frontier=       14 next=        7 consolidate=  0.009ms frontier=  0.001ms semisort=  0.004ms (keyed= 0.000ms group_by=  0.001ms per_group= 0.002ms)
[pe] round= 75 work=        7 frontier=       28 next=        7 consolidate=  0.009ms frontier=  0.001ms semisort=  0.006ms (keyed= 0.000ms group_by=  0.001ms per_group= 0.002ms)
[pe] round= 76 work=        7 frontier=       14 next=        7 consolidate=  0.009ms frontier=  0.001ms semisort=  0.004ms (keyed= 0.000ms group_by=  0.000ms per_group= 0.002ms)
[pe] round= 77 work=        7 frontier=       28 next=        7 consolidate=  0.008ms frontier=  0.001ms semisort=  0.007ms (keyed= 0.000ms group_by=  0.001ms per_group= 0.002ms)
[pe] round= 78 work=        7 frontier=       14 next=        7 consolidate=  0.008ms frontier=  0.001ms semisort=  0.004ms (keyed= 0.000ms group_by=  0.001ms per_group= 0.002ms)
[pe] round= 79 work=        7 frontier=       28 next=        7 consolidate=  0.017ms frontier=  0.002ms semisort=  0.007ms (keyed= 0.000ms group_by=  0.001ms per_group= 0.002ms)
[pe] round= 80 work=        7 frontier=       14 next=        7 consolidate=  0.008ms frontier=  0.001ms semisort=  0.004ms (keyed= 0.000ms group_by=  0.001ms per_group= 0.002ms)
[pe] round= 81 work=        7 frontier=       28 next=        7 consolidate=  0.009ms frontier=  0.001ms semisort=  0.006ms (keyed= 0.000ms group_by=  0.001ms per_group= 0.002ms)
[pe] round= 82 work=        7 frontier=       14 next=        7 consolidate=  0.009ms frontier=  0.001ms semisort=  0.004ms (keyed= 0.000ms group_by=  0.000ms per_group= 0.002ms)
[pe] round= 83 work=        7 frontier=       28 next=        7 consolidate=  0.010ms frontier=  0.001ms semisort=  0.006ms (keyed= 0.000ms group_by=  0.001ms per_group= 0.003ms)
[pe] round= 84 work=        7 frontier=       14 next=        7 consolidate=  0.009ms frontier=  0.001ms semisort=  0.005ms (keyed= 0.000ms group_by=  0.001ms per_group= 0.002ms)
[pe] round= 85 work=        7 frontier=       28 next=        7 consolidate=  0.010ms frontier=  0.001ms semisort=  0.006ms (keyed= 0.000ms group_by=  0.001ms per_group= 0.002ms)
[pe] round= 86 work=        7 frontier=       14 next=        7 consolidate=  0.010ms frontier=  0.001ms semisort=  0.004ms (keyed= 0.000ms group_by=  0.001ms per_group= 0.002ms)
[pe] round= 87 work=        7 frontier=       28 next=        7 consolidate=  0.010ms frontier=  0.001ms semisort=  0.005ms (keyed= 0.000ms group_by=  0.001ms per_group= 0.002ms)
[pe] round= 88 work=        7 frontier=       14 next=        7 consolidate=  0.015ms frontier=  0.001ms semisort=  0.004ms (keyed= 0.000ms group_by=  0.001ms per_group= 0.002ms)
[pe] round= 89 work=        7 frontier=       28 next=        7 consolidate=  0.011ms frontier=  0.001ms semisort=  0.007ms (keyed= 0.000ms group_by=  0.001ms per_group= 0.002ms)
[pe] round= 90 work=        7 frontier=       14 next=        7 consolidate=  0.008ms frontier=  0.001ms semisort=  0.005ms (keyed= 0.000ms group_by=  0.001ms per_group= 0.002ms)
[pe] round= 91 work=        7 frontier=       28 next=        7 consolidate=  0.009ms frontier=  0.001ms semisort=  0.006ms (keyed= 0.000ms group_by=  0.001ms per_group= 0.003ms)
[pe] round= 92 work=        7 frontier=       14 next=        7 consolidate=  0.019ms frontier=  0.002ms semisort=  0.004ms (keyed= 0.000ms group_by=  0.001ms per_group= 0.002ms)
[pe] round= 93 work=        7 frontier=       28 next=        7 consolidate=  0.017ms frontier=  0.001ms semisort=  0.007ms (keyed= 0.000ms group_by=  0.001ms per_group= 0.003ms)
[pe] round= 94 work=        7 frontier=       14 next=        7 consolidate=  0.019ms frontier=  0.001ms semisort=  0.005ms (keyed= 0.000ms group_by=  0.001ms per_group= 0.002ms)
[pe] round= 95 work=        7 frontier=       28 next=        7 consolidate=  0.016ms frontier=  0.001ms semisort=  0.006ms (keyed= 0.000ms group_by=  0.001ms per_group= 0.002ms)
[pe] round= 96 work=        7 frontier=       14 next=        7 consolidate=  0.008ms frontier=  0.001ms semisort=  0.004ms (keyed= 0.000ms group_by=  0.001ms per_group= 0.002ms)
[pe] round= 97 work=        7 frontier=       28 next=        7 consolidate=  0.011ms frontier=  0.001ms semisort=  0.006ms (keyed= 0.000ms group_by=  0.001ms per_group= 0.002ms)
[pe] round= 98 work=        7 frontier=       14 next=        7 consolidate=  0.009ms frontier=  0.001ms semisort=  0.005ms (keyed= 0.000ms group_by=  0.001ms per_group= 0.003ms)
[pe] round= 99 work=        7 frontier=       28 next=        7 consolidate=  0.009ms frontier=  0.001ms semisort=  0.007ms (keyed= 0.000ms group_by=  0.001ms per_group= 0.002ms)
[pe] round=100 work=        7 frontier=       14 next=        7 consolidate=  0.010ms frontier=  0.001ms semisort=  0.004ms (keyed= 0.000ms group_by=  0.001ms per_group= 0.002ms)
[pe] round=101 work=        7 frontier=       28 next=        7 consolidate=  0.014ms frontier=  0.002ms semisort=  0.007ms (keyed= 0.000ms group_by=  0.001ms per_group= 0.003ms)
[pe] round=102 work=        7 frontier=       14 next=        7 consolidate=  0.009ms frontier=  0.001ms semisort=  0.005ms (keyed= 0.000ms group_by=  0.001ms per_group= 0.002ms)
[pe] round=103 work=        7 frontier=       28 next=        7 consolidate=  0.008ms frontier=  0.001ms semisort=  0.006ms (keyed= 0.000ms group_by=  0.001ms per_group= 0.002ms)
[pe] round=104 work=        7 frontier=       14 next=        7 consolidate=  0.009ms frontier=  0.001ms semisort=  0.005ms (keyed= 0.000ms group_by=  0.001ms per_group= 0.002ms)
[pe] round=105 work=        7 frontier=       28 next=        7 consolidate=  0.012ms frontier=  0.001ms semisort=  0.006ms (keyed= 0.000ms group_by=  0.001ms per_group= 0.002ms)
[pe] round=106 work=        7 frontier=       14 next=        7 consolidate=  0.009ms frontier=  0.001ms semisort=  0.004ms (keyed= 0.000ms group_by=  0.000ms per_group= 0.002ms)
[pe] round=107 work=        7 frontier=       28 next=        7 consolidate=  0.015ms frontier=  0.001ms semisort=  0.007ms (keyed= 0.000ms group_by=  0.001ms per_group= 0.002ms)
[pe] round=108 work=        7 frontier=       14 next=        7 consolidate=  0.013ms frontier=  0.002ms semisort=  0.005ms (keyed= 0.000ms group_by=  0.001ms per_group= 0.002ms)
[pe] round=109 work=        7 frontier=       28 next=        7 consolidate=  0.010ms frontier=  0.001ms semisort=  0.006ms (keyed= 0.000ms group_by=  0.001ms per_group= 0.003ms)
[pe] round=110 work=        7 frontier=       14 next=        7 consolidate=  0.009ms frontier=  0.001ms semisort=  0.004ms (keyed= 0.000ms group_by=  0.000ms per_group= 0.002ms)
[pe] round=111 work=        7 frontier=       28 next=        7 consolidate=  0.009ms frontier=  0.001ms semisort=  0.007ms (keyed= 0.000ms group_by=  0.001ms per_group= 0.003ms)
[pe] round=112 work=        7 frontier=       14 next=        7 consolidate=  0.012ms frontier=  0.001ms semisort=  0.005ms (keyed= 0.000ms group_by=  0.001ms per_group= 0.002ms)
[pe] round=113 work=        7 frontier=       28 next=        7 consolidate=  0.009ms frontier=  0.001ms semisort=  0.006ms (keyed= 0.000ms group_by=  0.001ms per_group= 0.003ms)
[pe] round=114 work=        7 frontier=       14 next=        7 consolidate=  0.008ms frontier=  0.001ms semisort=  0.004ms (keyed= 0.000ms group_by=  0.001ms per_group= 0.002ms)
[pe] round=115 work=        7 frontier=       28 next=        7 consolidate=  0.009ms frontier=  0.001ms semisort=  0.006ms (keyed= 0.000ms group_by=  0.001ms per_group= 0.003ms)
[pe] round=116 work=        7 frontier=       14 next=        7 consolidate=  0.009ms frontier=  0.001ms semisort=  0.005ms (keyed= 0.000ms group_by=  0.001ms per_group= 0.002ms)
[pe] round=117 work=        7 frontier=       28 next=        7 consolidate=  0.015ms frontier=  0.001ms semisort=  0.007ms (keyed= 0.000ms group_by=  0.001ms per_group= 0.003ms)
[pe] round=118 work=        7 frontier=       14 next=        7 consolidate=  0.010ms frontier=  0.001ms semisort=  0.005ms (keyed= 0.000ms group_by=  0.000ms per_group= 0.002ms)
[pe] round=119 work=        7 frontier=       28 next=        7 consolidate=  0.014ms frontier=  0.001ms semisort=  0.007ms (keyed= 0.000ms group_by=  0.001ms per_group= 0.003ms)
[pe] round=120 work=        7 frontier=       14 next=        7 consolidate=  0.008ms frontier=  0.001ms semisort=  0.005ms (keyed= 0.000ms group_by=  0.001ms per_group= 0.002ms)
[pe] round=121 work=        7 frontier=       28 next=        7 consolidate=  0.012ms frontier=  0.001ms semisort=  0.006ms (keyed= 0.000ms group_by=  0.001ms per_group= 0.002ms)
[pe] round=122 work=        7 frontier=       14 next=        7 consolidate=  0.010ms frontier=  0.001ms semisort=  0.004ms (keyed= 0.000ms group_by=  0.001ms per_group= 0.002ms)
[pe] round=123 work=        7 frontier=       28 next=        7 consolidate=  0.009ms frontier=  0.001ms semisort=  0.006ms (keyed= 0.000ms group_by=  0.001ms per_group= 0.002ms)
[pe] round=124 work=        7 frontier=       14 next=        7 consolidate=  0.010ms frontier=  0.001ms semisort=  0.005ms (keyed= 0.000ms group_by=  0.001ms per_group= 0.002ms)
[pe] round=125 work=        7 frontier=       28 next=        7 consolidate=  0.009ms frontier=  0.001ms semisort=  0.007ms (keyed= 0.000ms group_by=  0.001ms per_group= 0.003ms)
[pe] round=126 work=        7 frontier=       14 next=        7 consolidate=  0.010ms frontier=  0.001ms semisort=  0.005ms (keyed= 0.000ms group_by=  0.000ms per_group= 0.002ms)
[pe] round=127 work=        7 frontier=       28 next=        7 consolidate=  0.010ms frontier=  0.001ms semisort=  0.006ms (keyed= 0.000ms group_by=  0.001ms per_group= 0.002ms)
[pe] round=128 work=        7 frontier=       14 next=        7 consolidate=  0.009ms frontier=  0.001ms semisort=  0.004ms (keyed= 0.000ms group_by=  0.000ms per_group= 0.002ms)
[pe] round=129 work=        7 frontier=       28 next=        7 consolidate=  0.017ms frontier=  0.001ms semisort=  0.006ms (keyed= 0.000ms group_by=  0.001ms per_group= 0.003ms)
[pe] round=130 work=        7 frontier=       14 next=        7 consolidate=  0.010ms frontier=  0.001ms semisort=  0.005ms (keyed= 0.000ms group_by=  0.000ms per_group= 0.003ms)
[pe] round=131 work=        7 frontier=       28 next=        7 consolidate=  0.009ms frontier=  0.001ms semisort=  0.006ms (keyed= 0.000ms group_by=  0.001ms per_group= 0.002ms)
[pe] round=132 work=        7 frontier=       14 next=        7 consolidate=  0.010ms frontier=  0.001ms semisort=  0.004ms (keyed= 0.000ms group_by=  0.000ms per_group= 0.002ms)
[pe] round=133 work=        7 frontier=       28 next=        7 consolidate=  0.019ms frontier=  0.001ms semisort=  0.006ms (keyed= 0.000ms group_by=  0.001ms per_group= 0.002ms)
[pe] round=134 work=        7 frontier=       14 next=        7 consolidate=  0.009ms frontier=  0.001ms semisort=  0.005ms (keyed= 0.000ms group_by=  0.001ms per_group= 0.002ms)
[pe] round=135 work=        7 frontier=       28 next=        7 consolidate=  0.014ms frontier=  0.001ms semisort=  0.006ms (keyed= 0.000ms group_by=  0.001ms per_group= 0.002ms)
[pe] round=136 work=        7 frontier=       14 next=        7 consolidate=  0.013ms frontier=  0.001ms semisort=  0.005ms (keyed= 0.000ms group_by=  0.001ms per_group= 0.002ms)
[pe] round=137 work=        7 frontier=       28 next=        7 consolidate=  0.012ms frontier=  0.002ms semisort=  0.007ms (keyed= 0.000ms group_by=  0.001ms per_group= 0.003ms)
[pe] round=138 work=        7 frontier=       14 next=        7 consolidate=  0.009ms frontier=  0.001ms semisort=  0.005ms (keyed= 0.000ms group_by=  0.001ms per_group= 0.002ms)
[pe] round=139 work=        7 frontier=       28 next=        7 consolidate=  0.010ms frontier=  0.001ms semisort=  0.007ms (keyed= 0.000ms group_by=  0.001ms per_group= 0.003ms)
[pe] round=140 work=        7 frontier=       14 next=        7 consolidate=  0.011ms frontier=  0.001ms semisort=  0.005ms (keyed= 0.000ms group_by=  0.000ms per_group= 0.002ms)
[pe] round=141 work=        7 frontier=       28 next=        7 consolidate=  0.010ms frontier=  0.001ms semisort=  0.006ms (keyed= 0.000ms group_by=  0.001ms per_group= 0.003ms)
[pe] round=142 work=        7 frontier=       14 next=        7 consolidate=  0.012ms frontier=  0.001ms semisort=  0.004ms (keyed= 0.000ms group_by=  0.000ms per_group= 0.002ms)
[pe] round=143 work=        7 frontier=       28 next=        7 consolidate=  0.009ms frontier=  0.001ms semisort=  0.006ms (keyed= 0.000ms group_by=  0.001ms per_group= 0.003ms)
[pe] round=144 work=        7 frontier=       14 next=        7 consolidate=  0.020ms frontier=  0.001ms semisort=  0.005ms (keyed= 0.000ms group_by=  0.001ms per_group= 0.002ms)
[pe] round=145 work=        7 frontier=       28 next=        7 consolidate=  0.026ms frontier=  0.001ms semisort=  0.006ms (keyed= 0.000ms group_by=  0.001ms per_group= 0.002ms)
[pe] round=146 work=        7 frontier=       14 next=        7 consolidate=  0.017ms frontier=  0.002ms semisort=  0.005ms (keyed= 0.000ms group_by=  0.001ms per_group= 0.002ms)
[pe] round=147 work=        7 frontier=       28 next=        7 consolidate=  0.010ms frontier=  0.001ms semisort=  0.006ms (keyed= 0.000ms group_by=  0.001ms per_group= 0.002ms)
[pe] round=148 work=        7 frontier=       14 next=        7 consolidate=  0.018ms frontier=  0.001ms semisort=  0.005ms (keyed= 0.000ms group_by=  0.001ms per_group= 0.002ms)
[pe] round=149 work=        7 frontier=       28 next=        7 consolidate=  0.009ms frontier=  0.001ms semisort=  0.006ms (keyed= 0.000ms group_by=  0.001ms per_group= 0.002ms)
[pe] round=150 work=        7 frontier=       14 next=        7 consolidate=  0.008ms frontier=  0.001ms semisort=  0.004ms (keyed= 0.000ms group_by=  0.000ms per_group= 0.002ms)
[pe] round=151 work=        7 frontier=       28 next=        7 consolidate=  0.019ms frontier=  0.001ms semisort=  0.007ms (keyed= 0.000ms group_by=  0.001ms per_group= 0.003ms)
[pe] round=152 work=        7 frontier=       14 next=        7 consolidate=  0.014ms frontier=  0.002ms semisort=  0.005ms (keyed= 0.000ms group_by=  0.001ms per_group= 0.002ms)
[pe] round=153 work=        7 frontier=       28 next=        7 consolidate=  0.011ms frontier=  0.001ms semisort=  0.006ms (keyed= 0.000ms group_by=  0.001ms per_group= 0.002ms)
[pe] round=154 work=        7 frontier=       14 next=        7 consolidate=  0.011ms frontier=  0.001ms semisort=  0.004ms (keyed= 0.000ms group_by=  0.000ms per_group= 0.002ms)
[pe] round=155 work=        7 frontier=       28 next=        7 consolidate=  0.011ms frontier=  0.001ms semisort=  0.007ms (keyed= 0.000ms group_by=  0.001ms per_group= 0.003ms)
[pe] round=156 work=        7 frontier=       14 next=        7 consolidate=  0.009ms frontier=  0.001ms semisort=  0.004ms (keyed= 0.000ms group_by=  0.001ms per_group= 0.002ms)
[pe] round=157 work=        7 frontier=       28 next=        7 consolidate=  0.011ms frontier=  0.001ms semisort=  0.006ms (keyed= 0.000ms group_by=  0.001ms per_group= 0.002ms)
[pe] round=158 work=        7 frontier=       14 next=        7 consolidate=  0.009ms frontier=  0.001ms semisort=  0.005ms (keyed= 0.000ms group_by=  0.001ms per_group= 0.002ms)
[pe] round=159 work=        7 frontier=       28 next=        7 consolidate=  0.009ms frontier=  0.001ms semisort=  0.006ms (keyed= 0.000ms group_by=  0.001ms per_group= 0.002ms)
[pe] round=160 work=        7 frontier=       14 next=        7 consolidate=  0.012ms frontier=  0.001ms semisort=  0.004ms (keyed= 0.000ms group_by=  0.001ms per_group= 0.002ms)
[pe] round=161 work=        7 frontier=       28 next=        7 consolidate=  0.020ms frontier=  0.002ms semisort=  0.007ms (keyed= 0.000ms group_by=  0.001ms per_group= 0.003ms)
[pe] round=162 work=        7 frontier=       14 next=        7 consolidate=  0.009ms frontier=  0.001ms semisort=  0.005ms (keyed= 0.000ms group_by=  0.001ms per_group= 0.002ms)
[pe] round=163 work=        7 frontier=       28 next=        7 consolidate=  0.019ms frontier=  0.001ms semisort=  0.007ms (keyed= 0.000ms group_by=  0.001ms per_group= 0.003ms)
[pe] round=164 work=        7 frontier=       14 next=        7 consolidate=  0.010ms frontier=  0.001ms semisort=  0.005ms (keyed= 0.000ms group_by=  0.000ms per_group= 0.002ms)
[pe] round=165 work=        7 frontier=       28 next=        7 consolidate=  0.013ms frontier=  0.001ms semisort=  0.006ms (keyed= 0.000ms group_by=  0.001ms per_group= 0.003ms)
[pe] round=166 work=        7 frontier=       14 next=        7 consolidate=  0.011ms frontier=  0.001ms semisort=  0.005ms (keyed= 0.000ms group_by=  0.000ms per_group= 0.002ms)
[pe] round=167 work=        7 frontier=       28 next=        7 consolidate=  0.009ms frontier=  0.001ms semisort=  0.007ms (keyed= 0.000ms group_by=  0.001ms per_group= 0.003ms)
[pe] round=168 work=        7 frontier=       14 next=        7 consolidate=  0.014ms frontier=  0.001ms semisort=  0.004ms (keyed= 0.000ms group_by=  0.001ms per_group= 0.002ms)
[pe] round=169 work=        7 frontier=       28 next=        7 consolidate=  0.009ms frontier=  0.001ms semisort=  0.006ms (keyed= 0.000ms group_by=  0.001ms per_group= 0.002ms)
[pe] round=170 work=        7 frontier=       14 next=        7 consolidate=  0.009ms frontier=  0.001ms semisort=  0.004ms (keyed= 0.000ms group_by=  0.000ms per_group= 0.002ms)
[pe] round=171 work=        7 frontier=       28 next=        7 consolidate=  0.009ms frontier=  0.001ms semisort=  0.006ms (keyed= 0.000ms group_by=  0.001ms per_group= 0.003ms)
[pe] round=172 work=        7 frontier=       14 next=        7 consolidate=  0.012ms frontier=  0.001ms semisort=  0.004ms (keyed= 0.000ms group_by=  0.001ms per_group= 0.002ms)
[pe] round=173 work=        7 frontier=       28 next=        7 consolidate=  0.010ms frontier=  0.001ms semisort=  0.006ms (keyed= 0.000ms group_by=  0.001ms per_group= 0.003ms)
[pe] round=174 work=        7 frontier=       14 next=        7 consolidate=  0.010ms frontier=  0.001ms semisort=  0.004ms (keyed= 0.000ms group_by=  0.000ms per_group= 0.002ms)
[pe] round=175 work=        7 frontier=       28 next=        7 consolidate=  0.017ms frontier=  0.002ms semisort=  0.006ms (keyed= 0.000ms group_by=  0.001ms per_group= 0.003ms)
[pe] round=176 work=        7 frontier=       14 next=        7 consolidate=  0.010ms frontier=  0.001ms semisort=  0.004ms (keyed= 0.000ms group_by=  0.001ms per_group= 0.002ms)
[pe] round=177 work=        7 frontier=       28 next=        7 consolidate=  0.009ms frontier=  0.001ms semisort=  0.006ms (keyed= 0.000ms group_by=  0.001ms per_group= 0.002ms)
[pe] round=178 work=        7 frontier=       14 next=        7 consolidate=  0.010ms frontier=  0.001ms semisort=  0.004ms (keyed= 0.000ms group_by=  0.001ms per_group= 0.002ms)
[pe] round=179 work=        7 frontier=       28 next=        7 consolidate=  0.010ms frontier=  0.001ms semisort=  0.006ms (keyed= 0.000ms group_by=  0.001ms per_group= 0.002ms)
[pe] round=180 work=        7 frontier=       14 next=        7 consolidate=  0.020ms frontier=  0.002ms semisort=  0.005ms (keyed= 0.000ms group_by=  0.001ms per_group= 0.002ms)
[pe] round=181 work=        7 frontier=       28 next=        7 consolidate=  0.018ms frontier=  0.002ms semisort=  0.006ms (keyed= 0.000ms group_by=  0.001ms per_group= 0.003ms)
[pe] round=182 work=        7 frontier=       14 next=        7 consolidate=  0.010ms frontier=  0.001ms semisort=  0.004ms (keyed= 0.000ms group_by=  0.000ms per_group= 0.002ms)
[pe] round=183 work=        7 frontier=       28 next=        7 consolidate=  0.009ms frontier=  0.001ms semisort=  0.006ms (keyed= 0.000ms group_by=  0.001ms per_group= 0.002ms)
[pe] round=184 work=        7 frontier=       14 next=        7 consolidate=  0.016ms frontier=  0.001ms semisort=  0.004ms (keyed= 0.000ms group_by=  0.001ms per_group= 0.002ms)
[pe] round=185 work=        7 frontier=       28 next=        7 consolidate=  0.019ms frontier=  0.002ms semisort=  0.006ms (keyed= 0.000ms group_by=  0.001ms per_group= 0.002ms)
[pe] round=186 work=        7 frontier=       14 next=        7 consolidate=  0.012ms frontier=  0.001ms semisort=  0.004ms (keyed= 0.000ms group_by=  0.000ms per_group= 0.002ms)
[pe] round=187 work=        7 frontier=       28 next=        7 consolidate=  0.014ms frontier=  0.002ms semisort=  0.006ms (keyed= 0.000ms group_by=  0.001ms per_group= 0.003ms)
[pe] round=188 work=        7 frontier=       14 next=        7 consolidate=  0.009ms frontier=  0.001ms semisort=  0.005ms (keyed= 0.000ms group_by=  0.000ms per_group= 0.002ms)
[pe] round=189 work=        7 frontier=       28 next=        7 consolidate=  0.011ms frontier=  0.001ms semisort=  0.006ms (keyed= 0.000ms group_by=  0.001ms per_group= 0.003ms)
[pe] round=190 work=        7 frontier=       14 next=        7 consolidate=  0.008ms frontier=  0.001ms semisort=  0.004ms (keyed= 0.000ms group_by=  0.000ms per_group= 0.002ms)
[pe] round=191 work=        7 frontier=       28 next=        7 consolidate=  0.009ms frontier=  0.001ms semisort=  0.007ms (keyed= 0.000ms group_by=  0.001ms per_group= 0.003ms)
[pe] round=192 work=        7 frontier=       14 next=        7 consolidate=  0.009ms frontier=  0.001ms semisort=  0.005ms (keyed= 0.000ms group_by=  0.001ms per_group= 0.002ms)
[pe] round=193 work=        7 frontier=       28 next=        7 consolidate=  0.008ms frontier=  0.001ms semisort=  0.007ms (keyed= 0.000ms group_by=  0.001ms per_group= 0.003ms)
[pe] round=194 work=        7 frontier=       14 next=        7 consolidate=  0.008ms frontier=  0.001ms semisort=  0.005ms (keyed= 0.000ms group_by=  0.001ms per_group= 0.002ms)
[pe] round=195 work=        7 frontier=       28 next=        7 consolidate=  0.009ms frontier=  0.001ms semisort=  0.006ms (keyed= 0.000ms group_by=  0.001ms per_group= 0.002ms)
[pe] round=196 work=        7 frontier=       14 next=        7 consolidate=  0.012ms frontier=  0.002ms semisort=  0.005ms (keyed= 0.000ms group_by=  0.001ms per_group= 0.002ms)
[pe] round=197 work=        7 frontier=       28 next=        7 consolidate=  0.018ms frontier=  0.002ms semisort=  0.006ms (keyed= 0.000ms group_by=  0.001ms per_group= 0.002ms)
[pe] round=198 work=        7 frontier=       14 next=        7 consolidate=  0.010ms frontier=  0.001ms semisort=  0.005ms (keyed= 0.000ms group_by=  0.001ms per_group= 0.002ms)
[pe] round=199 work=        7 frontier=       28 next=        7 consolidate=  0.011ms frontier=  0.001ms semisort=  0.006ms (keyed= 0.000ms group_by=  0.001ms per_group= 0.002ms)
[pe] round=200 work=        7 frontier=       14 next=        7 consolidate=  0.009ms frontier=  0.001ms semisort=  0.004ms (keyed= 0.000ms group_by=  0.001ms per_group= 0.002ms)
[pe] round=201 work=        7 frontier=       28 next=        7 consolidate=  0.010ms frontier=  0.001ms semisort=  0.006ms (keyed= 0.000ms group_by=  0.001ms per_group= 0.003ms)
[pe] round=202 work=        7 frontier=       14 next=        7 consolidate=  0.011ms frontier=  0.002ms semisort=  0.005ms (keyed= 0.000ms group_by=  0.001ms per_group= 0.002ms)
[pe] round=203 work=        7 frontier=       28 next=        7 consolidate=  0.012ms frontier=  0.001ms semisort=  0.006ms (keyed= 0.000ms group_by=  0.001ms per_group= 0.003ms)
[pe] round=204 work=        7 frontier=       14 next=        7 consolidate=  0.011ms frontier=  0.001ms semisort=  0.005ms (keyed= 0.000ms group_by=  0.001ms per_group= 0.002ms)
[pe] round=205 work=        7 frontier=       28 next=        7 consolidate=  0.010ms frontier=  0.001ms semisort=  0.006ms (keyed= 0.000ms group_by=  0.001ms per_group= 0.002ms)
[pe] round=206 work=        7 frontier=       14 next=        7 consolidate=  0.009ms frontier=  0.001ms semisort=  0.005ms (keyed= 0.000ms group_by=  0.001ms per_group= 0.002ms)
[pe] round=207 work=        7 frontier=       28 next=        7 consolidate=  0.009ms frontier=  0.001ms semisort=  0.007ms (keyed= 0.000ms group_by=  0.001ms per_group= 0.003ms)
[pe] round=208 work=        7 frontier=       14 next=        7 consolidate=  0.011ms frontier=  0.001ms semisort=  0.005ms (keyed= 0.000ms group_by=  0.001ms per_group= 0.002ms)
[pe] round=209 work=        7 frontier=       34 next=        7 consolidate=  0.010ms frontier=  0.001ms semisort=  0.012ms (keyed= 0.000ms group_by=  0.002ms per_group= 0.003ms)
[pe] round=210 work=        7 frontier=       14 next=        4 consolidate=  0.008ms frontier=  0.001ms semisort=  0.005ms (keyed= 0.000ms group_by=  0.001ms per_group= 0.002ms)
[pe] round=211 work=        4 frontier=       16 next=        4 consolidate=  0.004ms frontier=  0.001ms semisort=  0.004ms (keyed= 0.000ms group_by=  0.001ms per_group= 0.001ms)
[pe] round=212 work=        4 frontier=        8 next=        4 consolidate=  0.004ms frontier=  0.001ms semisort=  0.004ms (keyed= 0.000ms group_by=  0.000ms per_group= 0.001ms)
[pe] round=213 work=        4 frontier=       16 next=        4 consolidate=  0.004ms frontier=  0.001ms semisort=  0.005ms (keyed= 0.000ms group_by=  0.001ms per_group= 0.002ms)
[pe] round=214 work=        4 frontier=        8 next=        4 consolidate=  0.004ms frontier=  0.001ms semisort=  0.003ms (keyed= 0.000ms group_by=  0.000ms per_group= 0.001ms)
[pe] round=215 work=        4 frontier=       16 next=        4 consolidate=  0.004ms frontier=  0.001ms semisort=  0.005ms (keyed= 0.000ms group_by=  0.001ms per_group= 0.002ms)
[pe] round=216 work=        4 frontier=        8 next=        4 consolidate=  0.004ms frontier=  0.001ms semisort=  0.003ms (keyed= 0.000ms group_by=  0.000ms per_group= 0.001ms)
[pe] round=217 work=        4 frontier=       16 next=        4 consolidate=  0.004ms frontier=  0.001ms semisort=  0.005ms (keyed= 0.000ms group_by=  0.000ms per_group= 0.002ms)
[pe] round=218 work=        4 frontier=        8 next=        4 consolidate=  0.004ms frontier=  0.001ms semisort=  0.003ms (keyed= 0.000ms group_by=  0.000ms per_group= 0.001ms)
[pe] round=219 work=        4 frontier=       16 next=        4 consolidate=  0.004ms frontier=  0.001ms semisort=  0.004ms (keyed= 0.000ms group_by=  0.000ms per_group= 0.002ms)
[pe] round=220 work=        4 frontier=        8 next=        4 consolidate=  0.004ms frontier=  0.001ms semisort=  0.003ms (keyed= 0.000ms group_by=  0.000ms per_group= 0.001ms)
[pe] round=221 work=        4 frontier=       16 next=        4 consolidate=  0.004ms frontier=  0.001ms semisort=  0.004ms (keyed= 0.000ms group_by=  0.000ms per_group= 0.002ms)
[pe] round=222 work=        4 frontier=        8 next=        4 consolidate=  0.003ms frontier=  0.001ms semisort=  0.003ms (keyed= 0.000ms group_by=  0.000ms per_group= 0.001ms)
[pe] round=223 work=        4 frontier=       16 next=        4 consolidate=  0.004ms frontier=  0.000ms semisort=  0.005ms (keyed= 0.000ms group_by=  0.000ms per_group= 0.002ms)
[pe] round=224 work=        4 frontier=        8 next=        4 consolidate=  0.004ms frontier=  0.001ms semisort=  0.003ms (keyed= 0.000ms group_by=  0.000ms per_group= 0.001ms)
[pe] round=225 work=        4 frontier=       16 next=        4 consolidate=  0.004ms frontier=  0.001ms semisort=  0.005ms (keyed= 0.000ms group_by=  0.001ms per_group= 0.002ms)
[pe] round=226 work=        4 frontier=        8 next=        4 consolidate=  0.004ms frontier=  0.001ms semisort=  0.003ms (keyed= 0.000ms group_by=  0.000ms per_group= 0.001ms)
[pe] round=227 work=        4 frontier=       16 next=        4 consolidate=  0.004ms frontier=  0.001ms semisort=  0.005ms (keyed= 0.000ms group_by=  0.001ms per_group= 0.001ms)
[pe] round=228 work=        4 frontier=        8 next=        4 consolidate=  0.004ms frontier=  0.001ms semisort=  0.003ms (keyed= 0.000ms group_by=  0.000ms per_group= 0.001ms)
[pe] round=229 work=        4 frontier=       16 next=        4 consolidate=  0.004ms frontier=  0.001ms semisort=  0.005ms (keyed= 0.000ms group_by=  0.000ms per_group= 0.002ms)
[pe] round=230 work=        4 frontier=        8 next=        4 consolidate=  0.008ms frontier=  0.001ms semisort=  0.003ms (keyed= 0.000ms group_by=  0.000ms per_group= 0.001ms)
[pe] round=231 work=        4 frontier=       16 next=        4 consolidate=  0.004ms frontier=  0.001ms semisort=  0.005ms (keyed= 0.000ms group_by=  0.000ms per_group= 0.002ms)
[pe] round=232 work=        4 frontier=        8 next=        4 consolidate=  0.004ms frontier=  0.001ms semisort=  0.003ms (keyed= 0.000ms group_by=  0.000ms per_group= 0.001ms)
[pe] round=233 work=        4 frontier=       16 next=        4 consolidate=  0.004ms frontier=  0.001ms semisort=  0.005ms (keyed= 0.000ms group_by=  0.000ms per_group= 0.002ms)
[pe] round=234 work=        4 frontier=        8 next=        4 consolidate=  0.008ms frontier=  0.001ms semisort=  0.003ms (keyed= 0.000ms group_by=  0.000ms per_group= 0.001ms)
[pe] round=235 work=        4 frontier=       16 next=        4 consolidate=  0.004ms frontier=  0.001ms semisort=  0.005ms (keyed= 0.000ms group_by=  0.000ms per_group= 0.002ms)
[pe] round=236 work=        4 frontier=        8 next=        4 consolidate=  0.004ms frontier=  0.000ms semisort=  0.003ms (keyed= 0.000ms group_by=  0.000ms per_group= 0.001ms)
[pe] round=237 work=        4 frontier=       16 next=        4 consolidate=  0.004ms frontier=  0.001ms semisort=  0.005ms (keyed= 0.000ms group_by=  0.000ms per_group= 0.002ms)
[pe] round=238 work=        4 frontier=        8 next=        4 consolidate=  0.004ms frontier=  0.000ms semisort=  0.003ms (keyed= 0.000ms group_by=  0.000ms per_group= 0.001ms)
[pe] round=239 work=        4 frontier=       16 next=        4 consolidate=  0.011ms frontier=  0.001ms semisort=  0.005ms (keyed= 0.000ms group_by=  0.001ms per_group= 0.002ms)
[pe] round=240 work=        4 frontier=        8 next=        4 consolidate=  0.004ms frontier=  0.001ms semisort=  0.003ms (keyed= 0.000ms group_by=  0.000ms per_group= 0.002ms)
[pe] round=241 work=        4 frontier=       16 next=        4 consolidate=  0.004ms frontier=  0.000ms semisort=  0.004ms (keyed= 0.000ms group_by=  0.000ms per_group= 0.002ms)
[pe] round=242 work=        4 frontier=        8 next=        4 consolidate=  0.005ms frontier=  0.001ms semisort=  0.003ms (keyed= 0.000ms group_by=  0.000ms per_group= 0.001ms)
[pe] round=243 work=        4 frontier=       16 next=        4 consolidate=  0.004ms frontier=  0.001ms semisort=  0.004ms (keyed= 0.000ms group_by=  0.000ms per_group= 0.002ms)
[pe] round=244 work=        4 frontier=        8 next=        4 consolidate=  0.004ms frontier=  0.001ms semisort=  0.003ms (keyed= 0.000ms group_by=  0.000ms per_group= 0.001ms)
[pe] round=245 work=        4 frontier=       16 next=        4 consolidate=  0.013ms frontier=  0.001ms semisort=  0.005ms (keyed= 0.000ms group_by=  0.001ms per_group= 0.002ms)
[pe] round=246 work=        4 frontier=        8 next=        4 consolidate=  0.004ms frontier=  0.000ms semisort=  0.003ms (keyed= 0.000ms group_by=  0.000ms per_group= 0.001ms)
[pe] round=247 work=        4 frontier=       16 next=        4 consolidate=  0.004ms frontier=  0.001ms semisort=  0.004ms (keyed= 0.000ms group_by=  0.001ms per_group= 0.002ms)
[pe] round=248 work=        4 frontier=        8 next=        4 consolidate=  0.004ms frontier=  0.001ms semisort=  0.003ms (keyed= 0.000ms group_by=  0.000ms per_group= 0.001ms)
[pe] round=249 work=        4 frontier=       16 next=        4 consolidate=  0.004ms frontier=  0.000ms semisort=  0.004ms (keyed= 0.000ms group_by=  0.000ms per_group= 0.001ms)
[pe] round=250 work=        4 frontier=        8 next=        4 consolidate=  0.004ms frontier=  0.001ms semisort=  0.003ms (keyed= 0.000ms group_by=  0.000ms per_group= 0.001ms)
[pe] round=251 work=        4 frontier=       16 next=        4 consolidate=  0.004ms frontier=  0.001ms semisort=  0.005ms (keyed= 0.000ms group_by=  0.000ms per_group= 0.002ms)
[pe] round=252 work=        4 frontier=        8 next=        4 consolidate=  0.009ms frontier=  0.001ms semisort=  0.003ms (keyed= 0.000ms group_by=  0.000ms per_group= 0.001ms)
[pe] round=253 work=        4 frontier=       16 next=        4 consolidate=  0.013ms frontier=  0.001ms semisort=  0.005ms (keyed= 0.000ms group_by=  0.001ms per_group= 0.002ms)
[pe] round=254 work=        4 frontier=        8 next=        4 consolidate=  0.004ms frontier=  0.001ms semisort=  0.003ms (keyed= 0.000ms group_by=  0.000ms per_group= 0.001ms)
[pe] round=255 work=        4 frontier=       16 next=        4 consolidate=  0.004ms frontier=  0.001ms semisort=  0.004ms (keyed= 0.000ms group_by=  0.000ms per_group= 0.001ms)
[pe] round=256 work=        4 frontier=        8 next=        4 consolidate=  0.004ms frontier=  0.001ms semisort=  0.003ms (keyed= 0.000ms group_by=  0.000ms per_group= 0.001ms)
[pe] round=257 work=        4 frontier=       16 next=        4 consolidate=  0.004ms frontier=  0.000ms semisort=  0.005ms (keyed= 0.000ms group_by=  0.000ms per_group= 0.002ms)
[pe] round=258 work=        4 frontier=        8 next=        4 consolidate=  0.008ms frontier=  0.001ms semisort=  0.003ms (keyed= 0.000ms group_by=  0.000ms per_group= 0.002ms)
[pe] round=259 work=        4 frontier=       16 next=        4 consolidate=  0.004ms frontier=  0.001ms semisort=  0.004ms (keyed= 0.000ms group_by=  0.000ms per_group= 0.002ms)
[pe] round=260 work=        4 frontier=        8 next=        4 consolidate=  0.004ms frontier=  0.000ms semisort=  0.003ms (keyed= 0.000ms group_by=  0.000ms per_group= 0.001ms)
[pe] round=261 work=        4 frontier=       16 next=        4 consolidate=  0.012ms frontier=  0.002ms semisort=  0.005ms (keyed= 0.000ms group_by=  0.000ms per_group= 0.002ms)
[pe] round=262 work=        4 frontier=        8 next=        4 consolidate=  0.004ms frontier=  0.000ms semisort=  0.003ms (keyed= 0.000ms group_by=  0.000ms per_group= 0.001ms)
[pe] round=263 work=        4 frontier=       16 next=        4 consolidate=  0.004ms frontier=  0.001ms semisort=  0.004ms (keyed= 0.000ms group_by=  0.000ms per_group= 0.002ms)
[pe] round=264 work=        4 frontier=        8 next=        4 consolidate=  0.010ms frontier=  0.001ms semisort=  0.003ms (keyed= 0.000ms group_by=  0.000ms per_group= 0.001ms)
[pe] round=265 work=        4 frontier=       16 next=        4 consolidate=  0.004ms frontier=  0.000ms semisort=  0.005ms (keyed= 0.000ms group_by=  0.000ms per_group= 0.002ms)
[pe] round=266 work=        4 frontier=        8 next=        4 consolidate=  0.005ms frontier=  0.001ms semisort=  0.003ms (keyed= 0.000ms group_by=  0.000ms per_group= 0.001ms)
[pe] round=267 work=        4 frontier=       16 next=        4 consolidate=  0.004ms frontier=  0.001ms semisort=  0.005ms (keyed= 0.000ms group_by=  0.001ms per_group= 0.002ms)
[pe] round=268 work=        4 frontier=        8 next=        4 consolidate=  0.004ms frontier=  0.000ms semisort=  0.003ms (keyed= 0.000ms group_by=  0.000ms per_group= 0.001ms)
[pe] round=269 work=        4 frontier=       16 next=        4 consolidate=  0.004ms frontier=  0.001ms semisort=  0.005ms (keyed= 0.000ms group_by=  0.000ms per_group= 0.002ms)
[pe] round=270 work=        4 frontier=        8 next=        4 consolidate=  0.004ms frontier=  0.001ms semisort=  0.003ms (keyed= 0.000ms group_by=  0.000ms per_group= 0.001ms)
[pe] round=271 work=        4 frontier=       16 next=        4 consolidate=  0.004ms frontier=  0.001ms semisort=  0.004ms (keyed= 0.000ms group_by=  0.000ms per_group= 0.002ms)
[pe] round=272 work=        4 frontier=        8 next=        4 consolidate=  0.008ms frontier=  0.001ms semisort=  0.003ms (keyed= 0.000ms group_by=  0.000ms per_group= 0.002ms)
[pe] round=273 work=        4 frontier=       16 next=        4 consolidate=  0.004ms frontier=  0.001ms semisort=  0.005ms (keyed= 0.000ms group_by=  0.000ms per_group= 0.002ms)
[pe] round=274 work=        4 frontier=        8 next=        4 consolidate=  0.010ms frontier=  0.001ms semisort=  0.004ms (keyed= 0.000ms group_by=  0.001ms per_group= 0.001ms)
[pe] round=275 work=        4 frontier=       16 next=        4 consolidate=  0.004ms frontier=  0.001ms semisort=  0.004ms (keyed= 0.000ms group_by=  0.000ms per_group= 0.002ms)
[pe] round=276 work=        4 frontier=        8 next=        4 consolidate=  0.004ms frontier=  0.000ms semisort=  0.003ms (keyed= 0.000ms group_by=  0.000ms per_group= 0.001ms)
[pe] round=277 work=        4 frontier=       16 next=        4 consolidate=  0.004ms frontier=  0.001ms semisort=  0.004ms (keyed= 0.000ms group_by=  0.000ms per_group= 0.002ms)
[pe] round=278 work=        4 frontier=        8 next=        4 consolidate=  0.004ms frontier=  0.000ms semisort=  0.003ms (keyed= 0.000ms group_by=  0.000ms per_group= 0.001ms)
[pe] round=279 work=        4 frontier=       16 next=        4 consolidate=  0.013ms frontier=  0.001ms semisort=  0.005ms (keyed= 0.000ms group_by=  0.001ms per_group= 0.002ms)
[pe] round=280 work=        4 frontier=        8 next=        4 consolidate=  0.004ms frontier=  0.001ms semisort=  0.003ms (keyed= 0.000ms group_by=  0.000ms per_group= 0.001ms)
[pe] round=281 work=        4 frontier=       16 next=        4 consolidate=  0.004ms frontier=  0.001ms semisort=  0.004ms (keyed= 0.000ms group_by=  0.000ms per_group= 0.002ms)
[pe] round=282 work=        4 frontier=        8 next=        4 consolidate=  0.004ms frontier=  0.001ms semisort=  0.003ms (keyed= 0.000ms group_by=  0.000ms per_group= 0.001ms)
[pe] round=283 work=        4 frontier=       16 next=        4 consolidate=  0.004ms frontier=  0.001ms semisort=  0.004ms (keyed= 0.000ms group_by=  0.000ms per_group= 0.002ms)
[pe] round=284 work=        4 frontier=        8 next=        4 consolidate=  0.004ms frontier=  0.001ms semisort=  0.003ms (keyed= 0.000ms group_by=  0.000ms per_group= 0.001ms)
[pe] round=285 work=        4 frontier=       16 next=        4 consolidate=  0.004ms frontier=  0.001ms semisort=  0.004ms (keyed= 0.000ms group_by=  0.000ms per_group= 0.002ms)
[pe] round=286 work=        4 frontier=        8 next=        4 consolidate=  0.004ms frontier=  0.000ms semisort=  0.003ms (keyed= 0.000ms group_by=  0.000ms per_group= 0.001ms)
[pe] round=287 work=        4 frontier=       16 next=        4 consolidate=  0.005ms frontier=  0.001ms semisort=  0.004ms (keyed= 0.000ms group_by=  0.000ms per_group= 0.002ms)
[pe] round=288 work=        4 frontier=        8 next=        4 consolidate=  0.004ms frontier=  0.001ms semisort=  0.003ms (keyed= 0.000ms group_by=  0.000ms per_group= 0.001ms)
[pe] round=289 work=        4 frontier=       16 next=        4 consolidate=  0.005ms frontier=  0.000ms semisort=  0.004ms (keyed= 0.000ms group_by=  0.000ms per_group= 0.002ms)
[pe] round=290 work=        4 frontier=        8 next=        4 consolidate=  0.004ms frontier=  0.001ms semisort=  0.003ms (keyed= 0.000ms group_by=  0.000ms per_group= 0.001ms)
[pe] round=291 work=        4 frontier=       16 next=        4 consolidate=  0.004ms frontier=  0.001ms semisort=  0.004ms (keyed= 0.000ms group_by=  0.000ms per_group= 0.002ms)
[pe] round=292 work=        4 frontier=        8 next=        4 consolidate=  0.004ms frontier=  0.001ms semisort=  0.003ms (keyed= 0.000ms group_by=  0.000ms per_group= 0.002ms)
[pe] round=293 work=        4 frontier=       16 next=        4 consolidate=  0.004ms frontier=  0.001ms semisort=  0.004ms (keyed= 0.000ms group_by=  0.000ms per_group= 0.002ms)
[pe] round=294 work=        4 frontier=        8 next=        4 consolidate=  0.004ms frontier=  0.001ms semisort=  0.003ms (keyed= 0.000ms group_by=  0.000ms per_group= 0.001ms)
[pe] round=295 work=        4 frontier=       16 next=        4 consolidate=  0.004ms frontier=  0.001ms semisort=  0.004ms (keyed= 0.000ms group_by=  0.000ms per_group= 0.002ms)
[pe] round=296 work=        4 frontier=        8 next=        4 consolidate=  0.004ms frontier=  0.001ms semisort=  0.003ms (keyed= 0.000ms group_by=  0.000ms per_group= 0.001ms)
[pe] round=297 work=        4 frontier=       16 next=        4 consolidate=  0.004ms frontier=  0.001ms semisort=  0.008ms (keyed= 0.000ms group_by=  0.000ms per_group= 0.002ms)
[pe] round=298 work=        4 frontier=        8 next=        4 consolidate=  0.004ms frontier=  0.000ms semisort=  0.003ms (keyed= 0.000ms group_by=  0.000ms per_group= 0.001ms)
[pe] round=299 work=        4 frontier=       16 next=        4 consolidate=  0.004ms frontier=  0.001ms semisort=  0.005ms (keyed= 0.000ms group_by=  0.000ms per_group= 0.002ms)
[pe] round=300 work=        4 frontier=        8 next=        4 consolidate=  0.004ms frontier=  0.001ms semisort=  0.003ms (keyed= 0.000ms group_by=  0.000ms per_group= 0.001ms)
[pe] round=301 work=        4 frontier=       16 next=        4 consolidate=  0.004ms frontier=  0.001ms semisort=  0.004ms (keyed= 0.000ms group_by=  0.000ms per_group= 0.002ms)
[pe] round=302 work=        4 frontier=        8 next=        4 consolidate=  0.004ms frontier=  0.000ms semisort=  0.003ms (keyed= 0.000ms group_by=  0.000ms per_group= 0.001ms)
[pe] round=303 work=        4 frontier=       16 next=        4 consolidate=  0.004ms frontier=  0.001ms semisort=  0.004ms (keyed= 0.000ms group_by=  0.000ms per_group= 0.002ms)
[pe] round=304 work=        4 frontier=        8 next=        4 consolidate=  0.004ms frontier=  0.000ms semisort=  0.003ms (keyed= 0.000ms group_by=  0.000ms per_group= 0.002ms)
[pe] round=305 work=        4 frontier=       16 next=        4 consolidate=  0.004ms frontier=  0.001ms semisort=  0.004ms (keyed= 0.000ms group_by=  0.000ms per_group= 0.002ms)
[pe] round=306 work=        4 frontier=        8 next=        4 consolidate=  0.007ms frontier=  0.001ms semisort=  0.004ms (keyed= 0.000ms group_by=  0.000ms per_group= 0.002ms)
[pe] round=307 work=        4 frontier=       16 next=        4 consolidate=  0.004ms frontier=  0.001ms semisort=  0.004ms (keyed= 0.000ms group_by=  0.000ms per_group= 0.001ms)
[pe] round=308 work=        4 frontier=        8 next=        4 consolidate=  0.004ms frontier=  0.000ms semisort=  0.003ms (keyed= 0.000ms group_by=  0.000ms per_group= 0.001ms)
[pe] round=309 work=        4 frontier=       16 next=        4 consolidate=  0.004ms frontier=  0.000ms semisort=  0.004ms (keyed= 0.000ms group_by=  0.000ms per_group= 0.002ms)
[pe] round=310 work=        4 frontier=        8 next=        4 consolidate=  0.004ms frontier=  0.001ms semisort=  0.003ms (keyed= 0.000ms group_by=  0.000ms per_group= 0.001ms)
[pe] round=311 work=        4 frontier=       16 next=        4 consolidate=  0.004ms frontier=  0.001ms semisort=  0.005ms (keyed= 0.000ms group_by=  0.000ms per_group= 0.002ms)
[pe] round=312 work=        4 frontier=        8 next=        4 consolidate=  0.004ms frontier=  0.000ms semisort=  0.003ms (keyed= 0.000ms group_by=  0.000ms per_group= 0.001ms)
[pe] round=313 work=        4 frontier=       16 next=        4 consolidate=  0.004ms frontier=  0.000ms semisort=  0.004ms (keyed= 0.000ms group_by=  0.000ms per_group= 0.002ms)
[pe] round=314 work=        4 frontier=        8 next=        4 consolidate=  0.010ms frontier=  0.001ms semisort=  0.004ms (keyed= 0.000ms group_by=  0.000ms per_group= 0.002ms)
[pe] round=315 work=        4 frontier=       16 next=        4 consolidate=  0.004ms frontier=  0.001ms semisort=  0.004ms (keyed= 0.000ms group_by=  0.000ms per_group= 0.002ms)
[pe] round=316 work=        4 frontier=        8 next=        4 consolidate=  0.004ms frontier=  0.001ms semisort=  0.003ms (keyed= 0.000ms group_by=  0.000ms per_group= 0.001ms)
[pe] round=317 work=        4 frontier=       16 next=        4 consolidate=  0.004ms frontier=  0.001ms semisort=  0.005ms (keyed= 0.000ms group_by=  0.000ms per_group= 0.001ms)
[pe] round=318 work=        4 frontier=        8 next=        0 consolidate=  0.004ms frontier=  0.001ms semisort=  0.003ms (keyed= 0.000ms group_by=  0.001ms per_group= 0.001ms)
[pe] round=  0 work= 11962503 frontier=  6945599 next=    30936 consolidate= 53.405ms frontier= 10.863ms semisort= 33.372ms (keyed=18.812ms group_by=  0.638ms per_group= 2.245ms)
[pe] round=  1 work=    30936 frontier=   150707 next=    29560 consolidate=  1.037ms frontier=  0.354ms semisort=  2.127ms (keyed= 0.094ms group_by=  0.995ms per_group= 0.406ms)
[pe] round=  2 work=    29560 frontier=    82710 next=     7057 consolidate=  0.886ms frontier=  0.261ms semisort=  1.760ms (keyed= 0.029ms group_by=  1.057ms per_group= 0.294ms)
[pe] round=  3 work=     7057 frontier=    29048 next=     4908 consolidate=  1.105ms frontier=  0.208ms semisort=  0.742ms (keyed= 0.032ms group_by=  0.283ms per_group= 0.203ms)
[pe] round=  4 work=     4908 frontier=    15689 next=     2466 consolidate=  0.966ms frontier=  0.142ms semisort=  0.610ms (keyed= 0.026ms group_by=  0.238ms per_group= 0.152ms)
[pe] round=  5 work=     2466 frontier=     9454 next=     2001 consolidate=  0.441ms frontier=  0.099ms semisort=  0.695ms (keyed= 0.026ms group_by=  0.413ms per_group= 0.114ms)
[pe] round=  6 work=     2001 frontier=     9471 next=     1425 consolidate=  0.422ms frontier=  0.090ms semisort=  0.592ms (keyed= 0.018ms group_by=  0.292ms per_group= 0.126ms)
[pe] round=  7 work=     1425 frontier=    10612 next=     1326 consolidate=  0.296ms frontier=  0.063ms semisort=  0.471ms (keyed= 0.031ms group_by=  0.182ms per_group= 0.130ms)
[pe] round=  8 work=     1326 frontier=    13498 next=     1167 consolidate=  0.283ms frontier=  0.073ms semisort=  0.474ms (keyed= 0.030ms group_by=  0.176ms per_group= 0.119ms)
[pe] round=  9 work=     1167 frontier=     7552 next=     1174 consolidate=  0.260ms frontier=  0.051ms semisort=  0.524ms (keyed= 0.036ms group_by=  0.274ms per_group= 0.090ms)
[pe] round= 10 work=     1174 frontier=     9434 next=     1134 consolidate=  0.233ms frontier=  0.061ms semisort=  0.634ms (keyed= 0.022ms group_by=  0.369ms per_group= 0.115ms)
[pe] round= 11 work=     1134 frontier=     6342 next=     1077 consolidate=  0.230ms frontier=  0.049ms semisort=  0.423ms (keyed= 0.014ms group_by=  0.185ms per_group= 0.117ms)
[pe] round= 12 work=     1077 frontier=     5496 next=     1079 consolidate=  0.243ms frontier=  0.057ms semisort=  0.463ms (keyed= 0.025ms group_by=  0.237ms per_group= 0.104ms)
[pe] round= 13 work=     1079 frontier=     3492 next=      799 consolidate=  0.207ms frontier=  0.055ms semisort=  0.290ms (keyed= 0.013ms group_by=  0.105ms per_group= 0.067ms)
[pe] round= 14 work=      799 frontier=     2006 next=      601 consolidate=  0.147ms frontier=  0.036ms semisort=  0.198ms (keyed= 0.007ms group_by=  0.062ms per_group= 0.056ms)
[pe] round= 15 work=      601 frontier=     1404 next=      523 consolidate=  0.112ms frontier=  0.024ms semisort=  0.179ms (keyed= 0.004ms group_by=  0.039ms per_group= 0.050ms)
[pe] round= 16 work=      523 frontier=     1354 next=      493 consolidate=  0.105ms frontier=  0.017ms semisort=  0.146ms (keyed= 0.004ms group_by=  0.048ms per_group= 0.035ms)
[pe] round= 17 work=      493 frontier=     1112 next=      335 consolidate=  0.105ms frontier=  0.021ms semisort=  0.129ms (keyed= 0.002ms group_by=  0.027ms per_group= 0.051ms)
[pe] round= 18 work=      335 frontier=      490 next=      327 consolidate=  0.072ms frontier=  0.007ms semisort=  0.106ms (keyed= 0.002ms group_by=  0.010ms per_group= 0.052ms)
[pe] round= 19 work=      327 frontier=      396 next=      183 consolidate=  0.087ms frontier=  0.006ms semisort=  0.092ms (keyed= 0.001ms group_by=  0.008ms per_group= 0.041ms)
[pe] round= 20 work=      183 frontier=      362 next=      191 consolidate=  0.054ms frontier=  0.005ms semisort=  0.076ms (keyed= 0.001ms group_by=  0.008ms per_group= 0.028ms)
[pe] round= 21 work=      191 frontier=      444 next=      191 consolidate=  0.045ms frontier=  0.006ms semisort=  0.074ms (keyed= 0.001ms group_by=  0.009ms per_group= 0.023ms)
[pe] round= 22 work=      191 frontier=      346 next=      183 consolidate=  0.059ms frontier=  0.006ms semisort=  0.074ms (keyed= 0.001ms group_by=  0.008ms per_group= 0.023ms)
[pe] round= 23 work=      183 frontier=      396 next=      183 consolidate=  0.083ms frontier=  0.006ms semisort=  0.075ms (keyed= 0.001ms group_by=  0.007ms per_group= 0.036ms)
[pe] round= 24 work=      183 frontier=      362 next=      191 consolidate=  0.061ms frontier=  0.005ms semisort=  0.060ms (keyed= 0.001ms group_by=  0.008ms per_group= 0.019ms)
[pe] round= 25 work=      191 frontier=      444 next=      189 consolidate=  0.073ms frontier=  0.006ms semisort=  0.070ms (keyed= 0.001ms group_by=  0.008ms per_group= 0.027ms)
[pe] round= 26 work=      189 frontier=      338 next=      181 consolidate=  0.040ms frontier=  0.006ms semisort=  0.074ms (keyed= 0.001ms group_by=  0.009ms per_group= 0.038ms)
[pe] round= 27 work=      181 frontier=      392 next=      169 consolidate=  0.059ms frontier=  0.010ms semisort=  0.062ms (keyed= 0.001ms group_by=  0.007ms per_group= 0.021ms)
[pe] round= 28 work=      169 frontier=      322 next=       49 consolidate=  0.053ms frontier=  0.005ms semisort=  0.062ms (keyed= 0.001ms group_by=  0.012ms per_group= 0.025ms)
[pe] round= 29 work=       49 frontier=      160 next=       47 consolidate=  0.025ms frontier=  0.005ms semisort=  0.042ms (keyed= 0.001ms group_by=  0.006ms per_group= 0.019ms)
[pe] round= 30 work=       47 frontier=      166 next=       37 consolidate=  0.036ms frontier=  0.004ms semisort=  0.050ms (keyed= 0.001ms group_by=  0.005ms per_group= 0.028ms)
[pe] round= 31 work=       37 frontier=      100 next=       37 consolidate=  0.031ms frontier=  0.004ms semisort=  0.051ms (keyed= 0.001ms group_by=  0.003ms per_group= 0.023ms)
[pe] round= 32 work=       37 frontier=      178 next=       44 consolidate=  0.033ms frontier=  0.004ms semisort=  0.039ms (keyed= 0.001ms group_by=  0.005ms per_group= 0.014ms)
[pe] round= 33 work=       44 frontier=      140 next=       38 consolidate=  0.029ms frontier=  0.004ms semisort=  0.048ms (keyed= 0.001ms group_by=  0.005ms per_group= 0.021ms)
[pe] round= 34 work=       38 frontier=      134 next=       30 consolidate=  0.038ms frontier=  0.004ms semisort=  0.053ms (keyed= 0.001ms group_by=  0.004ms per_group= 0.021ms)
[pe] round= 35 work=       30 frontier=       80 next=       27 consolidate=  0.031ms frontier=  0.003ms semisort=  0.032ms (keyed= 0.000ms group_by=  0.004ms per_group= 0.016ms)
[pe] round= 36 work=       27 frontier=      126 next=       35 consolidate=  0.035ms frontier=  0.003ms semisort=  0.029ms (keyed= 0.000ms group_by=  0.004ms per_group= 0.014ms)
[pe] round= 37 work=       35 frontier=      116 next=       35 consolidate=  0.024ms frontier=  0.004ms semisort=  0.030ms (keyed= 0.000ms group_by=  0.004ms per_group= 0.016ms)
[pe] round= 38 work=       35 frontier=      110 next=       27 consolidate=  0.028ms frontier=  0.004ms semisort=  0.024ms (keyed= 0.000ms group_by=  0.004ms per_group= 0.012ms)
[pe] round= 39 work=       27 frontier=       68 next=       27 consolidate=  0.040ms frontier=  0.003ms semisort=  0.016ms (keyed= 0.000ms group_by=  0.003ms per_group= 0.008ms)
[pe] round= 40 work=       27 frontier=      126 next=       35 consolidate=  0.025ms frontier=  0.003ms semisort=  0.024ms (keyed= 0.000ms group_by=  0.004ms per_group= 0.012ms)
[pe] round= 41 work=       35 frontier=      116 next=       35 consolidate=  0.024ms frontier=  0.004ms semisort=  0.030ms (keyed= 0.000ms group_by=  0.004ms per_group= 0.016ms)
[pe] round= 42 work=       35 frontier=      110 next=       27 consolidate=  0.028ms frontier=  0.003ms semisort=  0.034ms (keyed= 0.000ms group_by=  0.003ms per_group= 0.022ms)
[pe] round= 43 work=       27 frontier=       68 next=       27 consolidate=  0.023ms frontier=  0.003ms semisort=  0.023ms (keyed= 0.000ms group_by=  0.003ms per_group= 0.013ms)
[pe] round= 44 work=       27 frontier=      126 next=       35 consolidate=  0.031ms frontier=  0.003ms semisort=  0.028ms (keyed= 0.000ms group_by=  0.004ms per_group= 0.015ms)
[pe] round= 45 work=       35 frontier=      116 next=       35 consolidate=  0.039ms frontier=  0.004ms semisort=  0.032ms (keyed= 0.000ms group_by=  0.004ms per_group= 0.019ms)
[pe] round= 46 work=       35 frontier=      110 next=       27 consolidate=  0.031ms frontier=  0.004ms semisort=  0.026ms (keyed= 0.000ms group_by=  0.003ms per_group= 0.014ms)
[pe] round= 47 work=       27 frontier=       68 next=       27 consolidate=  0.023ms frontier=  0.003ms semisort=  0.015ms (keyed= 0.000ms group_by=  0.002ms per_group= 0.008ms)
[pe] round= 48 work=       27 frontier=       46 next=       15 consolidate=  0.025ms frontier=  0.003ms semisort=  0.012ms (keyed= 0.000ms group_by=  0.002ms per_group= 0.006ms)
[pe] round= 49 work=       15 frontier=       44 next=        7 consolidate=  0.028ms frontier=  0.003ms semisort=  0.010ms (keyed= 0.000ms group_by=  0.002ms per_group= 0.003ms)
[pe] round= 50 work=        7 frontier=       14 next=        7 consolidate=  0.009ms frontier=  0.001ms semisort=  0.005ms (keyed= 0.000ms group_by=  0.001ms per_group= 0.002ms)
[pe] round= 51 work=        7 frontier=       28 next=        7 consolidate=  0.015ms frontier=  0.002ms semisort=  0.006ms (keyed= 0.000ms group_by=  0.001ms per_group= 0.002ms)
[pe] round= 52 work=        7 frontier=       14 next=        7 consolidate=  0.009ms frontier=  0.001ms semisort=  0.004ms (keyed= 0.000ms group_by=  0.001ms per_group= 0.002ms)
[pe] round= 53 work=        7 frontier=       28 next=        7 consolidate=  0.009ms frontier=  0.001ms semisort=  0.006ms (keyed= 0.000ms group_by=  0.001ms per_group= 0.003ms)
[pe] round= 54 work=        7 frontier=       14 next=        7 consolidate=  0.017ms frontier=  0.002ms semisort=  0.005ms (keyed= 0.000ms group_by=  0.001ms per_group= 0.002ms)
[pe] round= 55 work=        7 frontier=       28 next=        7 consolidate=  0.009ms frontier=  0.001ms semisort=  0.006ms (keyed= 0.000ms group_by=  0.001ms per_group= 0.002ms)
[pe] round= 56 work=        7 frontier=       14 next=        7 consolidate=  0.011ms frontier=  0.001ms semisort=  0.005ms (keyed= 0.000ms group_by=  0.001ms per_group= 0.002ms)
[pe] round= 57 work=        7 frontier=       28 next=        7 consolidate=  0.017ms frontier=  0.001ms semisort=  0.006ms (keyed= 0.000ms group_by=  0.001ms per_group= 0.003ms)
[pe] round= 58 work=        7 frontier=       14 next=        7 consolidate=  0.009ms frontier=  0.001ms semisort=  0.004ms (keyed= 0.000ms group_by=  0.001ms per_group= 0.002ms)
[pe] round= 59 work=        7 frontier=       28 next=        7 consolidate=  0.009ms frontier=  0.001ms semisort=  0.006ms (keyed= 0.000ms group_by=  0.001ms per_group= 0.003ms)
[pe] round= 60 work=        7 frontier=       14 next=        7 consolidate=  0.011ms frontier=  0.001ms semisort=  0.004ms (keyed= 0.000ms group_by=  0.001ms per_group= 0.002ms)
[pe] round= 61 work=        7 frontier=       28 next=        7 consolidate=  0.011ms frontier=  0.001ms semisort=  0.006ms (keyed= 0.000ms group_by=  0.001ms per_group= 0.002ms)
[pe] round= 62 work=        7 frontier=       14 next=        7 consolidate=  0.011ms frontier=  0.001ms semisort=  0.004ms (keyed= 0.000ms group_by=  0.001ms per_group= 0.002ms)
[pe] round= 63 work=        7 frontier=       28 next=        7 consolidate=  0.011ms frontier=  0.001ms semisort=  0.005ms (keyed= 0.000ms group_by=  0.001ms per_group= 0.003ms)
[pe] round= 64 work=        7 frontier=       14 next=        7 consolidate=  0.010ms frontier=  0.001ms semisort=  0.004ms (keyed= 0.000ms group_by=  0.001ms per_group= 0.002ms)
[pe] round= 65 work=        7 frontier=       28 next=        7 consolidate=  0.010ms frontier=  0.001ms semisort=  0.005ms (keyed= 0.000ms group_by=  0.001ms per_group= 0.002ms)
[pe] round= 66 work=        7 frontier=       14 next=        7 consolidate=  0.014ms frontier=  0.001ms semisort=  0.004ms (keyed= 0.000ms group_by=  0.001ms per_group= 0.002ms)
[pe] round= 67 work=        7 frontier=       28 next=        7 consolidate=  0.009ms frontier=  0.001ms semisort=  0.005ms (keyed= 0.000ms group_by=  0.001ms per_group= 0.002ms)
[pe] round= 68 work=        7 frontier=       14 next=        7 consolidate=  0.010ms frontier=  0.001ms semisort=  0.004ms (keyed= 0.000ms group_by=  0.000ms per_group= 0.002ms)
[pe] round= 69 work=        7 frontier=       28 next=        7 consolidate=  0.010ms frontier=  0.001ms semisort=  0.006ms (keyed= 0.000ms group_by=  0.001ms per_group= 0.002ms)
[pe] round= 70 work=        7 frontier=       14 next=        7 consolidate=  0.009ms frontier=  0.001ms semisort=  0.004ms (keyed= 0.000ms group_by=  0.000ms per_group= 0.002ms)
[pe] round= 71 work=        7 frontier=       28 next=        7 consolidate=  0.021ms frontier=  0.002ms semisort=  0.006ms (keyed= 0.000ms group_by=  0.001ms per_group= 0.002ms)
[pe] round= 72 work=        7 frontier=       14 next=        7 consolidate=  0.009ms frontier=  0.001ms semisort=  0.004ms (keyed= 0.000ms group_by=  0.000ms per_group= 0.002ms)
[pe] round= 73 work=        7 frontier=       28 next=        7 consolidate=  0.009ms frontier=  0.001ms semisort=  0.006ms (keyed= 0.000ms group_by=  0.001ms per_group= 0.003ms)
[pe] round= 74 work=        7 frontier=       14 next=        7 consolidate=  0.011ms frontier=  0.001ms semisort=  0.004ms (keyed= 0.000ms group_by=  0.000ms per_group= 0.002ms)
[pe] round= 75 work=        7 frontier=       28 next=        7 consolidate=  0.010ms frontier=  0.001ms semisort=  0.006ms (keyed= 0.000ms group_by=  0.001ms per_group= 0.003ms)
[pe] round= 76 work=        7 frontier=       14 next=        7 consolidate=  0.009ms frontier=  0.001ms semisort=  0.004ms (keyed= 0.000ms group_by=  0.000ms per_group= 0.002ms)
[pe] round= 77 work=        7 frontier=       28 next=        7 consolidate=  0.010ms frontier=  0.001ms semisort=  0.006ms (keyed= 0.000ms group_by=  0.001ms per_group= 0.002ms)
[pe] round= 78 work=        7 frontier=       14 next=        7 consolidate=  0.008ms frontier=  0.001ms semisort=  0.004ms (keyed= 0.000ms group_by=  0.000ms per_group= 0.002ms)
[pe] round= 79 work=        7 frontier=       28 next=        7 consolidate=  0.012ms frontier=  0.001ms semisort=  0.006ms (keyed= 0.000ms group_by=  0.001ms per_group= 0.002ms)
[pe] round= 80 work=        7 frontier=       14 next=        7 consolidate=  0.009ms frontier=  0.001ms semisort=  0.004ms (keyed= 0.000ms group_by=  0.001ms per_group= 0.002ms)
[pe] round= 81 work=        7 frontier=       28 next=        7 consolidate=  0.015ms frontier=  0.001ms semisort=  0.005ms (keyed= 0.000ms group_by=  0.001ms per_group= 0.002ms)
[pe] round= 82 work=        7 frontier=       14 next=        7 consolidate=  0.010ms frontier=  0.001ms semisort=  0.004ms (keyed= 0.000ms group_by=  0.001ms per_group= 0.002ms)
[pe] round= 83 work=        7 frontier=       28 next=        7 consolidate=  0.009ms frontier=  0.001ms semisort=  0.005ms (keyed= 0.000ms group_by=  0.001ms per_group= 0.002ms)
[pe] round= 84 work=        7 frontier=       14 next=        7 consolidate=  0.012ms frontier=  0.001ms semisort=  0.004ms (keyed= 0.000ms group_by=  0.000ms per_group= 0.002ms)
[pe] round= 85 work=        7 frontier=       28 next=        7 consolidate=  0.009ms frontier=  0.001ms semisort=  0.005ms (keyed= 0.000ms group_by=  0.001ms per_group= 0.002ms)
[pe] round= 86 work=        7 frontier=       14 next=        7 consolidate=  0.009ms frontier=  0.001ms semisort=  0.004ms (keyed= 0.000ms group_by=  0.001ms per_group= 0.002ms)
[pe] round= 87 work=        7 frontier=       28 next=        7 consolidate=  0.010ms frontier=  0.001ms semisort=  0.006ms (keyed= 0.000ms group_by=  0.001ms per_group= 0.002ms)
[pe] round= 88 work=        7 frontier=       14 next=        7 consolidate=  0.012ms frontier=  0.002ms semisort=  0.004ms (keyed= 0.000ms group_by=  0.001ms per_group= 0.002ms)
[pe] round= 89 work=        7 frontier=       28 next=        7 consolidate=  0.013ms frontier=  0.002ms semisort=  0.006ms (keyed= 0.000ms group_by=  0.001ms per_group= 0.003ms)
[pe] round= 90 work=        7 frontier=       14 next=        7 consolidate=  0.009ms frontier=  0.001ms semisort=  0.004ms (keyed= 0.000ms group_by=  0.001ms per_group= 0.002ms)
[pe] round= 91 work=        7 frontier=       28 next=        7 consolidate=  0.009ms frontier=  0.001ms semisort=  0.005ms (keyed= 0.000ms group_by=  0.001ms per_group= 0.002ms)
[pe] round= 92 work=        7 frontier=       14 next=        7 consolidate=  0.010ms frontier=  0.001ms semisort=  0.004ms (keyed= 0.000ms group_by=  0.001ms per_group= 0.002ms)
[pe] round= 93 work=        7 frontier=       28 next=        7 consolidate=  0.011ms frontier=  0.001ms semisort=  0.006ms (keyed= 0.000ms group_by=  0.001ms per_group= 0.003ms)
[pe] round= 94 work=        7 frontier=       14 next=        7 consolidate=  0.009ms frontier=  0.001ms semisort=  0.004ms (keyed= 0.000ms group_by=  0.001ms per_group= 0.002ms)
[pe] round= 95 work=        7 frontier=       28 next=        7 consolidate=  0.009ms frontier=  0.001ms semisort=  0.005ms (keyed= 0.000ms group_by=  0.001ms per_group= 0.002ms)
[pe] round= 96 work=        7 frontier=       14 next=        7 consolidate=  0.009ms frontier=  0.001ms semisort=  0.004ms (keyed= 0.000ms group_by=  0.001ms per_group= 0.002ms)
[pe] round= 97 work=        7 frontier=       28 next=        7 consolidate=  0.009ms frontier=  0.001ms semisort=  0.006ms (keyed= 0.000ms group_by=  0.001ms per_group= 0.002ms)
[pe] round= 98 work=        7 frontier=       14 next=        7 consolidate=  0.010ms frontier=  0.001ms semisort=  0.004ms (keyed= 0.000ms group_by=  0.001ms per_group= 0.002ms)
[pe] round= 99 work=        7 frontier=       28 next=        7 consolidate=  0.019ms frontier=  0.001ms semisort=  0.006ms (keyed= 0.000ms group_by=  0.001ms per_group= 0.002ms)
[pe] round=100 work=        7 frontier=       14 next=        7 consolidate=  0.010ms frontier=  0.001ms semisort=  0.004ms (keyed= 0.000ms group_by=  0.001ms per_group= 0.002ms)
[pe] round=101 work=        7 frontier=       28 next=        7 consolidate=  0.009ms frontier=  0.001ms semisort=  0.005ms (keyed= 0.000ms group_by=  0.001ms per_group= 0.002ms)
[pe] round=102 work=        7 frontier=       14 next=        7 consolidate=  0.008ms frontier=  0.001ms semisort=  0.004ms (keyed= 0.000ms group_by=  0.001ms per_group= 0.002ms)
[pe] round=103 work=        7 frontier=       28 next=        7 consolidate=  0.009ms frontier=  0.001ms semisort=  0.005ms (keyed= 0.000ms group_by=  0.001ms per_group= 0.002ms)
[pe] round=104 work=        7 frontier=       14 next=        7 consolidate=  0.010ms frontier=  0.001ms semisort=  0.005ms (keyed= 0.000ms group_by=  0.001ms per_group= 0.002ms)
[pe] round=105 work=        7 frontier=       28 next=        7 consolidate=  0.009ms frontier=  0.001ms semisort=  0.006ms (keyed= 0.000ms group_by=  0.001ms per_group= 0.002ms)
[pe] round=106 work=        7 frontier=       14 next=        7 consolidate=  0.008ms frontier=  0.001ms semisort=  0.004ms (keyed= 0.000ms group_by=  0.000ms per_group= 0.002ms)
[pe] round=107 work=        7 frontier=       28 next=        7 consolidate=  0.018ms frontier=  0.002ms semisort=  0.007ms (keyed= 0.000ms group_by=  0.001ms per_group= 0.003ms)
[pe] round=108 work=        7 frontier=       14 next=        7 consolidate=  0.010ms frontier=  0.001ms semisort=  0.004ms (keyed= 0.000ms group_by=  0.001ms per_group= 0.002ms)
[pe] round=109 work=        7 frontier=       28 next=        7 consolidate=  0.009ms frontier=  0.001ms semisort=  0.006ms (keyed= 0.000ms group_by=  0.001ms per_group= 0.002ms)
[pe] round=110 work=        7 frontier=       14 next=        7 consolidate=  0.008ms frontier=  0.001ms semisort=  0.004ms (keyed= 0.000ms group_by=  0.001ms per_group= 0.002ms)
[pe] round=111 work=        7 frontier=       28 next=        7 consolidate=  0.013ms frontier=  0.001ms semisort=  0.006ms (keyed= 0.000ms group_by=  0.001ms per_group= 0.002ms)
[pe] round=112 work=        7 frontier=       14 next=        7 consolidate=  0.009ms frontier=  0.001ms semisort=  0.005ms (keyed= 0.000ms group_by=  0.000ms per_group= 0.002ms)
[pe] round=113 work=        7 frontier=       28 next=        7 consolidate=  0.010ms frontier=  0.001ms semisort=  0.006ms (keyed= 0.000ms group_by=  0.001ms per_group= 0.002ms)
[pe] round=114 work=        7 frontier=       14 next=        7 consolidate=  0.010ms frontier=  0.001ms semisort=  0.005ms (keyed= 0.000ms group_by=  0.001ms per_group= 0.002ms)
[pe] round=115 work=        7 frontier=       28 next=        7 consolidate=  0.010ms frontier=  0.001ms semisort=  0.006ms (keyed= 0.000ms group_by=  0.001ms per_group= 0.002ms)
[pe] round=116 work=        7 frontier=       14 next=        7 consolidate=  0.010ms frontier=  0.001ms semisort=  0.004ms (keyed= 0.000ms group_by=  0.000ms per_group= 0.002ms)
[pe] round=117 work=        7 frontier=       28 next=        7 consolidate=  0.011ms frontier=  0.001ms semisort=  0.006ms (keyed= 0.000ms group_by=  0.001ms per_group= 0.002ms)
[pe] round=118 work=        7 frontier=       14 next=        7 consolidate=  0.009ms frontier=  0.001ms semisort=  0.004ms (keyed= 0.000ms group_by=  0.000ms per_group= 0.002ms)
[pe] round=119 work=        7 frontier=       28 next=        7 consolidate=  0.011ms frontier=  0.001ms semisort=  0.006ms (keyed= 0.000ms group_by=  0.001ms per_group= 0.002ms)
[pe] round=120 work=        7 frontier=       14 next=        7 consolidate=  0.009ms frontier=  0.001ms semisort=  0.004ms (keyed= 0.000ms group_by=  0.001ms per_group= 0.002ms)
[pe] round=121 work=        7 frontier=       28 next=        7 consolidate=  0.010ms frontier=  0.001ms semisort=  0.006ms (keyed= 0.000ms group_by=  0.001ms per_group= 0.003ms)
[pe] round=122 work=        7 frontier=       14 next=        7 consolidate=  0.014ms frontier=  0.002ms semisort=  0.004ms (keyed= 0.000ms group_by=  0.001ms per_group= 0.002ms)
[pe] round=123 work=        7 frontier=       28 next=        7 consolidate=  0.011ms frontier=  0.001ms semisort=  0.006ms (keyed= 0.000ms group_by=  0.001ms per_group= 0.003ms)
[pe] round=124 work=        7 frontier=       14 next=        7 consolidate=  0.013ms frontier=  0.001ms semisort=  0.004ms (keyed= 0.000ms group_by=  0.001ms per_group= 0.002ms)
[pe] round=125 work=        7 frontier=       28 next=        7 consolidate=  0.010ms frontier=  0.001ms semisort=  0.006ms (keyed= 0.000ms group_by=  0.001ms per_group= 0.002ms)
[pe] round=126 work=        7 frontier=       14 next=        7 consolidate=  0.012ms frontier=  0.001ms semisort=  0.005ms (keyed= 0.000ms group_by=  0.000ms per_group= 0.002ms)
[pe] round=127 work=        7 frontier=       28 next=        7 consolidate=  0.009ms frontier=  0.001ms semisort=  0.006ms (keyed= 0.000ms group_by=  0.001ms per_group= 0.002ms)
[pe] round=128 work=        7 frontier=       14 next=        7 consolidate=  0.009ms frontier=  0.001ms semisort=  0.004ms (keyed= 0.000ms group_by=  0.000ms per_group= 0.002ms)
[pe] round=129 work=        7 frontier=       28 next=        7 consolidate=  0.016ms frontier=  0.001ms semisort=  0.006ms (keyed= 0.000ms group_by=  0.001ms per_group= 0.002ms)
[pe] round=130 work=        7 frontier=       14 next=        7 consolidate=  0.014ms frontier=  0.002ms semisort=  0.005ms (keyed= 0.000ms group_by=  0.001ms per_group= 0.002ms)
[pe] round=131 work=        7 frontier=       28 next=        7 consolidate=  0.009ms frontier=  0.001ms semisort=  0.006ms (keyed= 0.000ms group_by=  0.001ms per_group= 0.002ms)
[pe] round=132 work=        7 frontier=       14 next=        7 consolidate=  0.010ms frontier=  0.001ms semisort=  0.004ms (keyed= 0.000ms group_by=  0.001ms per_group= 0.002ms)
[pe] round=133 work=        7 frontier=       28 next=        7 consolidate=  0.011ms frontier=  0.001ms semisort=  0.006ms (keyed= 0.000ms group_by=  0.001ms per_group= 0.003ms)
[pe] round=134 work=        7 frontier=       14 next=        7 consolidate=  0.010ms frontier=  0.001ms semisort=  0.004ms (keyed= 0.000ms group_by=  0.001ms per_group= 0.002ms)
[pe] round=135 work=        7 frontier=       28 next=        7 consolidate=  0.020ms frontier=  0.001ms semisort=  0.007ms (keyed= 0.000ms group_by=  0.001ms per_group= 0.002ms)
[pe] round=136 work=        7 frontier=       14 next=        7 consolidate=  0.010ms frontier=  0.001ms semisort=  0.004ms (keyed= 0.000ms group_by=  0.001ms per_group= 0.002ms)
[pe] round=137 work=        7 frontier=       28 next=        7 consolidate=  0.011ms frontier=  0.001ms semisort=  0.006ms (keyed= 0.000ms group_by=  0.001ms per_group= 0.002ms)
[pe] round=138 work=        7 frontier=       14 next=        7 consolidate=  0.009ms frontier=  0.001ms semisort=  0.005ms (keyed= 0.000ms group_by=  0.001ms per_group= 0.002ms)
[pe] round=139 work=        7 frontier=       28 next=        7 consolidate=  0.009ms frontier=  0.001ms semisort=  0.008ms (keyed= 0.000ms group_by=  0.001ms per_group= 0.002ms)
[pe] round=140 work=        7 frontier=       14 next=        7 consolidate=  0.010ms frontier=  0.001ms semisort=  0.004ms (keyed= 0.000ms group_by=  0.001ms per_group= 0.002ms)
[pe] round=141 work=        7 frontier=       28 next=        7 consolidate=  0.012ms frontier=  0.001ms semisort=  0.007ms (keyed= 0.000ms group_by=  0.001ms per_group= 0.002ms)
[pe] round=142 work=        7 frontier=       14 next=        7 consolidate=  0.016ms frontier=  0.001ms semisort=  0.005ms (keyed= 0.000ms group_by=  0.000ms per_group= 0.002ms)
[pe] round=143 work=        7 frontier=       28 next=        7 consolidate=  0.011ms frontier=  0.001ms semisort=  0.007ms (keyed= 0.000ms group_by=  0.001ms per_group= 0.003ms)
[pe] round=144 work=        7 frontier=       14 next=        7 consolidate=  0.009ms frontier=  0.001ms semisort=  0.004ms (keyed= 0.000ms group_by=  0.001ms per_group= 0.002ms)
[pe] round=145 work=        7 frontier=       28 next=        7 consolidate=  0.016ms frontier=  0.001ms semisort=  0.007ms (keyed= 0.000ms group_by=  0.001ms per_group= 0.003ms)
[pe] round=146 work=        7 frontier=       14 next=        7 consolidate=  0.011ms frontier=  0.001ms semisort=  0.005ms (keyed= 0.000ms group_by=  0.001ms per_group= 0.002ms)
[pe] round=147 work=        7 frontier=       28 next=        7 consolidate=  0.010ms frontier=  0.001ms semisort=  0.007ms (keyed= 0.000ms group_by=  0.001ms per_group= 0.002ms)
[pe] round=148 work=        7 frontier=       14 next=        7 consolidate=  0.018ms frontier=  0.002ms semisort=  0.005ms (keyed= 0.000ms group_by=  0.001ms per_group= 0.002ms)
[pe] round=149 work=        7 frontier=       28 next=        7 consolidate=  0.011ms frontier=  0.001ms semisort=  0.006ms (keyed= 0.000ms group_by=  0.001ms per_group= 0.003ms)
[pe] round=150 work=        7 frontier=       14 next=        7 consolidate=  0.011ms frontier=  0.001ms semisort=  0.005ms (keyed= 0.000ms group_by=  0.001ms per_group= 0.002ms)
[pe] round=151 work=        7 frontier=       28 next=        7 consolidate=  0.009ms frontier=  0.001ms semisort=  0.007ms (keyed= 0.000ms group_by=  0.001ms per_group= 0.003ms)
[pe] round=152 work=        7 frontier=       14 next=        7 consolidate=  0.010ms frontier=  0.001ms semisort=  0.004ms (keyed= 0.000ms group_by=  0.000ms per_group= 0.002ms)
[pe] round=153 work=        7 frontier=       28 next=        7 consolidate=  0.010ms frontier=  0.001ms semisort=  0.007ms (keyed= 0.000ms group_by=  0.001ms per_group= 0.003ms)
[pe] round=154 work=        7 frontier=       14 next=        7 consolidate=  0.017ms frontier=  0.001ms semisort=  0.004ms (keyed= 0.000ms group_by=  0.001ms per_group= 0.002ms)
[pe] round=155 work=        7 frontier=       28 next=        7 consolidate=  0.010ms frontier=  0.001ms semisort=  0.006ms (keyed= 0.000ms group_by=  0.001ms per_group= 0.003ms)
[pe] round=156 work=        7 frontier=       14 next=        7 consolidate=  0.010ms frontier=  0.001ms semisort=  0.004ms (keyed= 0.000ms group_by=  0.000ms per_group= 0.002ms)
[pe] round=157 work=        7 frontier=       28 next=        7 consolidate=  0.009ms frontier=  0.001ms semisort=  0.006ms (keyed= 0.000ms group_by=  0.001ms per_group= 0.002ms)
[pe] round=158 work=        7 frontier=       14 next=        7 consolidate=  0.012ms frontier=  0.001ms semisort=  0.005ms (keyed= 0.000ms group_by=  0.001ms per_group= 0.002ms)
[pe] round=159 work=        7 frontier=       28 next=        7 consolidate=  0.009ms frontier=  0.001ms semisort=  0.007ms (keyed= 0.000ms group_by=  0.001ms per_group= 0.002ms)
[pe] round=160 work=        7 frontier=       14 next=        7 consolidate=  0.009ms frontier=  0.001ms semisort=  0.004ms (keyed= 0.000ms group_by=  0.001ms per_group= 0.002ms)
[pe] round=161 work=        7 frontier=       28 next=        7 consolidate=  0.009ms frontier=  0.001ms semisort=  0.007ms (keyed= 0.000ms group_by=  0.001ms per_group= 0.003ms)
[pe] round=162 work=        7 frontier=       14 next=        7 consolidate=  0.012ms frontier=  0.002ms semisort=  0.005ms (keyed= 0.000ms group_by=  0.001ms per_group= 0.002ms)
[pe] round=163 work=        7 frontier=       28 next=        7 consolidate=  0.018ms frontier=  0.001ms semisort=  0.007ms (keyed= 0.000ms group_by=  0.001ms per_group= 0.003ms)
[pe] round=164 work=        7 frontier=       14 next=        7 consolidate=  0.009ms frontier=  0.001ms semisort=  0.004ms (keyed= 0.000ms group_by=  0.000ms per_group= 0.002ms)
[pe] round=165 work=        7 frontier=       28 next=        7 consolidate=  0.008ms frontier=  0.001ms semisort=  0.007ms (keyed= 0.000ms group_by=  0.001ms per_group= 0.003ms)
[pe] round=166 work=        7 frontier=       14 next=        7 consolidate=  0.014ms frontier=  0.002ms semisort=  0.005ms (keyed= 0.000ms group_by=  0.001ms per_group= 0.002ms)
[pe] round=167 work=        7 frontier=       28 next=        7 consolidate=  0.010ms frontier=  0.001ms semisort=  0.007ms (keyed= 0.000ms group_by=  0.001ms per_group= 0.003ms)
[pe] round=168 work=        7 frontier=       14 next=        7 consolidate=  0.011ms frontier=  0.001ms semisort=  0.005ms (keyed= 0.000ms group_by=  0.001ms per_group= 0.002ms)
[pe] round=169 work=        7 frontier=       28 next=        7 consolidate=  0.011ms frontier=  0.001ms semisort=  0.006ms (keyed= 0.000ms group_by=  0.001ms per_group= 0.003ms)
[pe] round=170 work=        7 frontier=       14 next=        7 consolidate=  0.018ms frontier=  0.002ms semisort=  0.005ms (keyed= 0.000ms group_by=  0.001ms per_group= 0.002ms)
[pe] round=171 work=        7 frontier=       28 next=        7 consolidate=  0.010ms frontier=  0.001ms semisort=  0.007ms (keyed= 0.000ms group_by=  0.001ms per_group= 0.003ms)
[pe] round=172 work=        7 frontier=       14 next=        7 consolidate=  0.016ms frontier=  0.001ms semisort=  0.005ms (keyed= 0.000ms group_by=  0.001ms per_group= 0.002ms)
[pe] round=173 work=        7 frontier=       28 next=        7 consolidate=  0.017ms frontier=  0.001ms semisort=  0.007ms (keyed= 0.000ms group_by=  0.001ms per_group= 0.002ms)
[pe] round=174 work=        7 frontier=       14 next=        7 consolidate=  0.012ms frontier=  0.001ms semisort=  0.005ms (keyed= 0.000ms group_by=  0.000ms per_group= 0.002ms)
[pe] round=175 work=        7 frontier=       28 next=        7 consolidate=  0.010ms frontier=  0.001ms semisort=  0.008ms (keyed= 0.000ms group_by=  0.001ms per_group= 0.003ms)
[pe] round=176 work=        7 frontier=       14 next=        7 consolidate=  0.008ms frontier=  0.001ms semisort=  0.004ms (keyed= 0.000ms group_by=  0.001ms per_group= 0.002ms)
[pe] round=177 work=        7 frontier=       28 next=        7 consolidate=  0.010ms frontier=  0.001ms semisort=  0.007ms (keyed= 0.000ms group_by=  0.001ms per_group= 0.003ms)
[pe] round=178 work=        7 frontier=       14 next=        7 consolidate=  0.010ms frontier=  0.001ms semisort=  0.005ms (keyed= 0.000ms group_by=  0.001ms per_group= 0.002ms)
[pe] round=179 work=        7 frontier=       28 next=        7 consolidate=  0.009ms frontier=  0.001ms semisort=  0.007ms (keyed= 0.000ms group_by=  0.001ms per_group= 0.003ms)
[pe] round=180 work=        7 frontier=       14 next=        7 consolidate=  0.010ms frontier=  0.001ms semisort=  0.004ms (keyed= 0.000ms group_by=  0.000ms per_group= 0.002ms)
[pe] round=181 work=        7 frontier=       28 next=        7 consolidate=  0.013ms frontier=  0.001ms semisort=  0.006ms (keyed= 0.000ms group_by=  0.001ms per_group= 0.003ms)
[pe] round=182 work=        7 frontier=       14 next=        7 consolidate=  0.009ms frontier=  0.001ms semisort=  0.004ms (keyed= 0.000ms group_by=  0.000ms per_group= 0.002ms)
[pe] round=183 work=        7 frontier=       28 next=        7 consolidate=  0.010ms frontier=  0.001ms semisort=  0.006ms (keyed= 0.000ms group_by=  0.001ms per_group= 0.002ms)
[pe] round=184 work=        7 frontier=       14 next=        7 consolidate=  0.010ms frontier=  0.001ms semisort=  0.004ms (keyed= 0.000ms group_by=  0.000ms per_group= 0.002ms)
[pe] round=185 work=        7 frontier=       28 next=        7 consolidate=  0.011ms frontier=  0.001ms semisort=  0.006ms (keyed= 0.000ms group_by=  0.001ms per_group= 0.002ms)
[pe] round=186 work=        7 frontier=       14 next=        7 consolidate=  0.009ms frontier=  0.001ms semisort=  0.004ms (keyed= 0.000ms group_by=  0.000ms per_group= 0.002ms)
[pe] round=187 work=        7 frontier=       28 next=        7 consolidate=  0.022ms frontier=  0.001ms semisort=  0.007ms (keyed= 0.000ms group_by=  0.001ms per_group= 0.003ms)
[pe] round=188 work=        7 frontier=       14 next=        7 consolidate=  0.010ms frontier=  0.001ms semisort=  0.005ms (keyed= 0.000ms group_by=  0.001ms per_group= 0.002ms)
[pe] round=189 work=        7 frontier=       28 next=        7 consolidate=  0.016ms frontier=  0.002ms semisort=  0.007ms (keyed= 0.000ms group_by=  0.001ms per_group= 0.002ms)
[pe] round=190 work=        7 frontier=       14 next=        7 consolidate=  0.009ms frontier=  0.001ms semisort=  0.005ms (keyed= 0.000ms group_by=  0.000ms per_group= 0.002ms)
[pe] round=191 work=        7 frontier=       28 next=        7 consolidate=  0.010ms frontier=  0.001ms semisort=  0.006ms (keyed= 0.000ms group_by=  0.001ms per_group= 0.002ms)
[pe] round=192 work=        7 frontier=       14 next=        7 consolidate=  0.009ms frontier=  0.001ms semisort=  0.004ms (keyed= 0.000ms group_by=  0.001ms per_group= 0.002ms)
[pe] round=193 work=        7 frontier=       28 next=        7 consolidate=  0.010ms frontier=  0.001ms semisort=  0.007ms (keyed= 0.000ms group_by=  0.001ms per_group= 0.003ms)
[pe] round=194 work=        7 frontier=       14 next=        7 consolidate=  0.010ms frontier=  0.001ms semisort=  0.005ms (keyed= 0.000ms group_by=  0.001ms per_group= 0.002ms)
[pe] round=195 work=        7 frontier=       28 next=        7 consolidate=  0.014ms frontier=  0.001ms semisort=  0.006ms (keyed= 0.000ms group_by=  0.001ms per_group= 0.002ms)
[pe] round=196 work=        7 frontier=       14 next=        7 consolidate=  0.010ms frontier=  0.001ms semisort=  0.004ms (keyed= 0.000ms group_by=  0.000ms per_group= 0.002ms)
[pe] round=197 work=        7 frontier=       28 next=        7 consolidate=  0.010ms frontier=  0.001ms semisort=  0.006ms (keyed= 0.000ms group_by=  0.001ms per_group= 0.002ms)
[pe] round=198 work=        7 frontier=       14 next=        7 consolidate=  0.008ms frontier=  0.001ms semisort=  0.005ms (keyed= 0.000ms group_by=  0.001ms per_group= 0.002ms)
[pe] round=199 work=        7 frontier=       28 next=        7 consolidate=  0.008ms frontier=  0.001ms semisort=  0.007ms (keyed= 0.000ms group_by=  0.001ms per_group= 0.002ms)
[pe] round=200 work=        7 frontier=       14 next=        7 consolidate=  0.017ms frontier=  0.002ms semisort=  0.005ms (keyed= 0.000ms group_by=  0.001ms per_group= 0.002ms)
[pe] round=201 work=        7 frontier=       28 next=        7 consolidate=  0.013ms frontier=  0.001ms semisort=  0.006ms (keyed= 0.000ms group_by=  0.001ms per_group= 0.003ms)
[pe] round=202 work=        7 frontier=       14 next=        7 consolidate=  0.014ms frontier=  0.002ms semisort=  0.005ms (keyed= 0.000ms group_by=  0.001ms per_group= 0.002ms)
[pe] round=203 work=        7 frontier=       28 next=        7 consolidate=  0.010ms frontier=  0.001ms semisort=  0.007ms (keyed= 0.000ms group_by=  0.001ms per_group= 0.003ms)
[pe] round=204 work=        7 frontier=       14 next=        7 consolidate=  0.009ms frontier=  0.001ms semisort=  0.005ms (keyed= 0.000ms group_by=  0.000ms per_group= 0.002ms)
[pe] round=205 work=        7 frontier=       28 next=        7 consolidate=  0.012ms frontier=  0.001ms semisort=  0.006ms (keyed= 0.000ms group_by=  0.001ms per_group= 0.002ms)
[pe] round=206 work=        7 frontier=       14 next=        7 consolidate=  0.008ms frontier=  0.001ms semisort=  0.005ms (keyed= 0.000ms group_by=  0.000ms per_group= 0.003ms)
[pe] round=207 work=        7 frontier=       28 next=        7 consolidate=  0.014ms frontier=  0.001ms semisort=  0.006ms (keyed= 0.000ms group_by=  0.001ms per_group= 0.002ms)
[pe] round=208 work=        7 frontier=       14 next=        7 consolidate=  0.013ms frontier=  0.002ms semisort=  0.005ms (keyed= 0.000ms group_by=  0.001ms per_group= 0.002ms)
[pe] round=209 work=        7 frontier=       34 next=        7 consolidate=  0.010ms frontier=  0.001ms semisort=  0.010ms (keyed= 0.000ms group_by=  0.002ms per_group= 0.003ms)
[pe] round=210 work=        7 frontier=       14 next=        4 consolidate=  0.014ms frontier=  0.002ms semisort=  0.005ms (keyed= 0.000ms group_by=  0.001ms per_group= 0.002ms)
[pe] round=211 work=        4 frontier=       16 next=        4 consolidate=  0.005ms frontier=  0.001ms semisort=  0.004ms (keyed= 0.000ms group_by=  0.001ms per_group= 0.002ms)
[pe] round=212 work=        4 frontier=        8 next=        4 consolidate=  0.004ms frontier=  0.001ms semisort=  0.003ms (keyed= 0.000ms group_by=  0.000ms per_group= 0.001ms)
[pe] round=213 work=        4 frontier=       16 next=        4 consolidate=  0.009ms frontier=  0.001ms semisort=  0.005ms (keyed= 0.000ms group_by=  0.001ms per_group= 0.002ms)
[pe] round=214 work=        4 frontier=        8 next=        4 consolidate=  0.004ms frontier=  0.001ms semisort=  0.003ms (keyed= 0.000ms group_by=  0.000ms per_group= 0.001ms)
[pe] round=215 work=        4 frontier=       16 next=        4 consolidate=  0.005ms frontier=  0.001ms semisort=  0.005ms (keyed= 0.000ms group_by=  0.000ms per_group= 0.002ms)
[pe] round=216 work=        4 frontier=        8 next=        4 consolidate=  0.004ms frontier=  0.001ms semisort=  0.003ms (keyed= 0.000ms group_by=  0.000ms per_group= 0.001ms)
[pe] round=217 work=        4 frontier=       16 next=        4 consolidate=  0.005ms frontier=  0.001ms semisort=  0.005ms (keyed= 0.000ms group_by=  0.001ms per_group= 0.002ms)
[pe] round=218 work=        4 frontier=        8 next=        4 consolidate=  0.009ms frontier=  0.001ms semisort=  0.003ms (keyed= 0.000ms group_by=  0.000ms per_group= 0.001ms)
[pe] round=219 work=        4 frontier=       16 next=        4 consolidate=  0.005ms frontier=  0.001ms semisort=  0.005ms (keyed= 0.000ms group_by=  0.001ms per_group= 0.002ms)
[pe] round=220 work=        4 frontier=        8 next=        4 consolidate=  0.011ms frontier=  0.001ms semisort=  0.003ms (keyed= 0.000ms group_by=  0.000ms per_group= 0.001ms)
[pe] round=221 work=        4 frontier=       16 next=        4 consolidate=  0.004ms frontier=  0.001ms semisort=  0.004ms (keyed= 0.000ms group_by=  0.001ms per_group= 0.001ms)
[pe] round=222 work=        4 frontier=        8 next=        4 consolidate=  0.004ms frontier=  0.001ms semisort=  0.003ms (keyed= 0.000ms group_by=  0.000ms per_group= 0.001ms)
[pe] round=223 work=        4 frontier=       16 next=        4 consolidate=  0.005ms frontier=  0.001ms semisort=  0.004ms (keyed= 0.000ms group_by=  0.000ms per_group= 0.002ms)
[pe] round=224 work=        4 frontier=        8 next=        4 consolidate=  0.010ms frontier=  0.001ms semisort=  0.003ms (keyed= 0.000ms group_by=  0.000ms per_group= 0.001ms)
[pe] round=225 work=        4 frontier=       16 next=        4 consolidate=  0.004ms frontier=  0.001ms semisort=  0.005ms (keyed= 0.000ms group_by=  0.001ms per_group= 0.002ms)
[pe] round=226 work=        4 frontier=        8 next=        4 consolidate=  0.005ms frontier=  0.001ms semisort=  0.003ms (keyed= 0.000ms group_by=  0.000ms per_group= 0.001ms)
[pe] round=227 work=        4 frontier=       16 next=        4 consolidate=  0.004ms frontier=  0.001ms semisort=  0.004ms (keyed= 0.000ms group_by=  0.001ms per_group= 0.001ms)
[pe] round=228 work=        4 frontier=        8 next=        4 consolidate=  0.004ms frontier=  0.001ms semisort=  0.003ms (keyed= 0.000ms group_by=  0.000ms per_group= 0.001ms)
[pe] round=229 work=        4 frontier=       16 next=        4 consolidate=  0.004ms frontier=  0.001ms semisort=  0.004ms (keyed= 0.000ms group_by=  0.000ms per_group= 0.002ms)
[pe] round=230 work=        4 frontier=        8 next=        4 consolidate=  0.004ms frontier=  0.001ms semisort=  0.003ms (keyed= 0.000ms group_by=  0.000ms per_group= 0.001ms)
[pe] round=231 work=        4 frontier=       16 next=        4 consolidate=  0.008ms frontier=  0.001ms semisort=  0.004ms (keyed= 0.000ms group_by=  0.001ms per_group= 0.002ms)
[pe] round=232 work=        4 frontier=        8 next=        4 consolidate=  0.004ms frontier=  0.001ms semisort=  0.003ms (keyed= 0.000ms group_by=  0.000ms per_group= 0.001ms)
[pe] round=233 work=        4 frontier=       16 next=        4 consolidate=  0.004ms frontier=  0.001ms semisort=  0.005ms (keyed= 0.000ms group_by=  0.000ms per_group= 0.002ms)
[pe] round=234 work=        4 frontier=        8 next=        4 consolidate=  0.004ms frontier=  0.001ms semisort=  0.003ms (keyed= 0.000ms group_by=  0.000ms per_group= 0.001ms)
[pe] round=235 work=        4 frontier=       16 next=        4 consolidate=  0.004ms frontier=  0.001ms semisort=  0.005ms (keyed= 0.000ms group_by=  0.000ms per_group= 0.002ms)
[pe] round=236 work=        4 frontier=        8 next=        4 consolidate=  0.004ms frontier=  0.001ms semisort=  0.003ms (keyed= 0.000ms group_by=  0.000ms per_group= 0.002ms)
[pe] round=237 work=        4 frontier=       16 next=        4 consolidate=  0.004ms frontier=  0.001ms semisort=  0.005ms (keyed= 0.000ms group_by=  0.000ms per_group= 0.001ms)
[pe] round=238 work=        4 frontier=        8 next=        4 consolidate=  0.004ms frontier=  0.001ms semisort=  0.003ms (keyed= 0.000ms group_by=  0.000ms per_group= 0.002ms)
[pe] round=239 work=        4 frontier=       16 next=        4 consolidate=  0.005ms frontier=  0.000ms semisort=  0.005ms (keyed= 0.000ms group_by=  0.000ms per_group= 0.001ms)
[pe] round=240 work=        4 frontier=        8 next=        4 consolidate=  0.004ms frontier=  0.001ms semisort=  0.003ms (keyed= 0.000ms group_by=  0.000ms per_group= 0.001ms)
[pe] round=241 work=        4 frontier=       16 next=        4 consolidate=  0.005ms frontier=  0.001ms semisort=  0.005ms (keyed= 0.000ms group_by=  0.000ms per_group= 0.002ms)
[pe] round=242 work=        4 frontier=        8 next=        4 consolidate=  0.009ms frontier=  0.001ms semisort=  0.004ms (keyed= 0.000ms group_by=  0.000ms per_group= 0.001ms)
[pe] round=243 work=        4 frontier=       16 next=        4 consolidate=  0.013ms frontier=  0.001ms semisort=  0.005ms (keyed= 0.000ms group_by=  0.001ms per_group= 0.002ms)
[pe] round=244 work=        4 frontier=        8 next=        4 consolidate=  0.005ms frontier=  0.001ms semisort=  0.003ms (keyed= 0.000ms group_by=  0.000ms per_group= 0.001ms)
[pe] round=245 work=        4 frontier=       16 next=        4 consolidate=  0.004ms frontier=  0.000ms semisort=  0.004ms (keyed= 0.000ms group_by=  0.000ms per_group= 0.001ms)
[pe] round=246 work=        4 frontier=        8 next=        4 consolidate=  0.004ms frontier=  0.001ms semisort=  0.003ms (keyed= 0.000ms group_by=  0.000ms per_group= 0.002ms)
[pe] round=247 work=        4 frontier=       16 next=        4 consolidate=  0.016ms frontier=  0.001ms semisort=  0.005ms (keyed= 0.000ms group_by=  0.001ms per_group= 0.002ms)
[pe] round=248 work=        4 frontier=        8 next=        4 consolidate=  0.009ms frontier=  0.001ms semisort=  0.003ms (keyed= 0.000ms group_by=  0.000ms per_group= 0.002ms)
[pe] round=249 work=        4 frontier=       16 next=        4 consolidate=  0.004ms frontier=  0.001ms semisort=  0.005ms (keyed= 0.000ms group_by=  0.000ms per_group= 0.002ms)
[pe] round=250 work=        4 frontier=        8 next=        4 consolidate=  0.005ms frontier=  0.001ms semisort=  0.003ms (keyed= 0.000ms group_by=  0.000ms per_group= 0.002ms)
[pe] round=251 work=        4 frontier=       16 next=        4 consolidate=  0.004ms frontier=  0.001ms semisort=  0.005ms (keyed= 0.000ms group_by=  0.000ms per_group= 0.002ms)
[pe] round=252 work=        4 frontier=        8 next=        4 consolidate=  0.004ms frontier=  0.000ms semisort=  0.003ms (keyed= 0.000ms group_by=  0.000ms per_group= 0.001ms)
[pe] round=253 work=        4 frontier=       16 next=        4 consolidate=  0.004ms frontier=  0.001ms semisort=  0.004ms (keyed= 0.000ms group_by=  0.000ms per_group= 0.001ms)
[pe] round=254 work=        4 frontier=        8 next=        4 consolidate=  0.004ms frontier=  0.001ms semisort=  0.004ms (keyed= 0.000ms group_by=  0.000ms per_group= 0.001ms)
[pe] round=255 work=        4 frontier=       16 next=        4 consolidate=  0.010ms frontier=  0.001ms semisort=  0.006ms (keyed= 0.000ms group_by=  0.001ms per_group= 0.002ms)
[pe] round=256 work=        4 frontier=        8 next=        4 consolidate=  0.004ms frontier=  0.001ms semisort=  0.003ms (keyed= 0.000ms group_by=  0.000ms per_group= 0.001ms)
[pe] round=257 work=        4 frontier=       16 next=        4 consolidate=  0.005ms frontier=  0.000ms semisort=  0.004ms (keyed= 0.000ms group_by=  0.001ms per_group= 0.002ms)
[pe] round=258 work=        4 frontier=        8 next=        4 consolidate=  0.008ms frontier=  0.001ms semisort=  0.004ms (keyed= 0.000ms group_by=  0.000ms per_group= 0.002ms)
[pe] round=259 work=        4 frontier=       16 next=        4 consolidate=  0.004ms frontier=  0.001ms semisort=  0.004ms (keyed= 0.000ms group_by=  0.001ms per_group= 0.002ms)
[pe] round=260 work=        4 frontier=        8 next=        4 consolidate=  0.004ms frontier=  0.000ms semisort=  0.004ms (keyed= 0.000ms group_by=  0.000ms per_group= 0.001ms)
[pe] round=261 work=        4 frontier=       16 next=        4 consolidate=  0.005ms frontier=  0.001ms semisort=  0.004ms (keyed= 0.000ms group_by=  0.000ms per_group= 0.002ms)
[pe] round=262 work=        4 frontier=        8 next=        4 consolidate=  0.004ms frontier=  0.001ms semisort=  0.003ms (keyed= 0.000ms group_by=  0.000ms per_group= 0.001ms)
[pe] round=263 work=        4 frontier=       16 next=        4 consolidate=  0.004ms frontier=  0.000ms semisort=  0.005ms (keyed= 0.000ms group_by=  0.000ms per_group= 0.002ms)
[pe] round=264 work=        4 frontier=        8 next=        4 consolidate=  0.004ms frontier=  0.001ms semisort=  0.003ms (keyed= 0.000ms group_by=  0.000ms per_group= 0.001ms)
[pe] round=265 work=        4 frontier=       16 next=        4 consolidate=  0.004ms frontier=  0.000ms semisort=  0.004ms (keyed= 0.000ms group_by=  0.000ms per_group= 0.002ms)
[pe] round=266 work=        4 frontier=        8 next=        4 consolidate=  0.005ms frontier=  0.001ms semisort=  0.003ms (keyed= 0.000ms group_by=  0.000ms per_group= 0.001ms)
[pe] round=267 work=        4 frontier=       16 next=        4 consolidate=  0.004ms frontier=  0.001ms semisort=  0.005ms (keyed= 0.000ms group_by=  0.001ms per_group= 0.002ms)
[pe] round=268 work=        4 frontier=        8 next=        4 consolidate=  0.004ms frontier=  0.001ms semisort=  0.003ms (keyed= 0.000ms group_by=  0.000ms per_group= 0.001ms)
[pe] round=269 work=        4 frontier=       16 next=        4 consolidate=  0.005ms frontier=  0.001ms semisort=  0.004ms (keyed= 0.000ms group_by=  0.000ms per_group= 0.001ms)
[pe] round=270 work=        4 frontier=        8 next=        4 consolidate=  0.004ms frontier=  0.001ms semisort=  0.003ms (keyed= 0.000ms group_by=  0.000ms per_group= 0.001ms)
[pe] round=271 work=        4 frontier=       16 next=        4 consolidate=  0.009ms frontier=  0.001ms semisort=  0.005ms (keyed= 0.000ms group_by=  0.000ms per_group= 0.002ms)
[pe] round=272 work=        4 frontier=        8 next=        4 consolidate=  0.012ms frontier=  0.001ms semisort=  0.004ms (keyed= 0.000ms group_by=  0.001ms per_group= 0.002ms)
[pe] round=273 work=        4 frontier=       16 next=        4 consolidate=  0.004ms frontier=  0.000ms semisort=  0.004ms (keyed= 0.000ms group_by=  0.000ms per_group= 0.002ms)
[pe] round=274 work=        4 frontier=        8 next=        4 consolidate=  0.005ms frontier=  0.001ms semisort=  0.003ms (keyed= 0.000ms group_by=  0.000ms per_group= 0.001ms)
[pe] round=275 work=        4 frontier=       16 next=        4 consolidate=  0.004ms frontier=  0.001ms semisort=  0.004ms (keyed= 0.000ms group_by=  0.000ms per_group= 0.001ms)
[pe] round=276 work=        4 frontier=        8 next=        4 consolidate=  0.010ms frontier=  0.001ms semisort=  0.003ms (keyed= 0.000ms group_by=  0.000ms per_group= 0.002ms)
[pe] round=277 work=        4 frontier=       16 next=        4 consolidate=  0.004ms frontier=  0.001ms semisort=  0.004ms (keyed= 0.000ms group_by=  0.001ms per_group= 0.001ms)
[pe] round=278 work=        4 frontier=        8 next=        4 consolidate=  0.004ms frontier=  0.001ms semisort=  0.003ms (keyed= 0.000ms group_by=  0.000ms per_group= 0.001ms)
[pe] round=279 work=        4 frontier=       16 next=        4 consolidate=  0.004ms frontier=  0.000ms semisort=  0.005ms (keyed= 0.000ms group_by=  0.001ms per_group= 0.002ms)
[pe] round=280 work=        4 frontier=        8 next=        4 consolidate=  0.009ms frontier=  0.001ms semisort=  0.004ms (keyed= 0.000ms group_by=  0.000ms per_group= 0.001ms)
[pe] round=281 work=        4 frontier=       16 next=        4 consolidate=  0.004ms frontier=  0.001ms semisort=  0.005ms (keyed= 0.000ms group_by=  0.001ms per_group= 0.002ms)
[pe] round=282 work=        4 frontier=        8 next=        4 consolidate=  0.004ms frontier=  0.000ms semisort=  0.003ms (keyed= 0.000ms group_by=  0.000ms per_group= 0.001ms)
[pe] round=283 work=        4 frontier=       16 next=        4 consolidate=  0.004ms frontier=  0.001ms semisort=  0.005ms (keyed= 0.000ms group_by=  0.000ms per_group= 0.002ms)
[pe] round=284 work=        4 frontier=        8 next=        4 consolidate=  0.005ms frontier=  0.001ms semisort=  0.003ms (keyed= 0.000ms group_by=  0.000ms per_group= 0.002ms)
[pe] round=285 work=        4 frontier=       16 next=        4 consolidate=  0.004ms frontier=  0.001ms semisort=  0.005ms (keyed= 0.000ms group_by=  0.001ms per_group= 0.002ms)
[pe] round=286 work=        4 frontier=        8 next=        4 consolidate=  0.004ms frontier=  0.000ms semisort=  0.003ms (keyed= 0.000ms group_by=  0.000ms per_group= 0.001ms)
[pe] round=287 work=        4 frontier=       16 next=        4 consolidate=  0.005ms frontier=  0.001ms semisort=  0.004ms (keyed= 0.000ms group_by=  0.000ms per_group= 0.002ms)
[pe] round=288 work=        4 frontier=        8 next=        4 consolidate=  0.004ms frontier=  0.001ms semisort=  0.003ms (keyed= 0.000ms group_by=  0.000ms per_group= 0.001ms)
[pe] round=289 work=        4 frontier=       16 next=        4 consolidate=  0.004ms frontier=  0.000ms semisort=  0.005ms (keyed= 0.000ms group_by=  0.000ms per_group= 0.002ms)
[pe] round=290 work=        4 frontier=        8 next=        4 consolidate=  0.009ms frontier=  0.001ms semisort=  0.004ms (keyed= 0.000ms group_by=  0.000ms per_group= 0.002ms)
[pe] round=291 work=        4 frontier=       16 next=        4 consolidate=  0.004ms frontier=  0.001ms semisort=  0.004ms (keyed= 0.000ms group_by=  0.001ms per_group= 0.001ms)
[pe] round=292 work=        4 frontier=        8 next=        4 consolidate=  0.004ms frontier=  0.001ms semisort=  0.003ms (keyed= 0.000ms group_by=  0.000ms per_group= 0.001ms)
[pe] round=293 work=        4 frontier=       16 next=        4 consolidate=  0.004ms frontier=  0.000ms semisort=  0.004ms (keyed= 0.000ms group_by=  0.001ms per_group= 0.001ms)
[pe] round=294 work=        4 frontier=        8 next=        4 consolidate=  0.004ms frontier=  0.001ms semisort=  0.003ms (keyed= 0.000ms group_by=  0.000ms per_group= 0.001ms)
[pe] round=295 work=        4 frontier=       16 next=        4 consolidate=  0.004ms frontier=  0.001ms semisort=  0.005ms (keyed= 0.000ms group_by=  0.000ms per_group= 0.002ms)
[pe] round=296 work=        4 frontier=        8 next=        4 consolidate=  0.004ms frontier=  0.001ms semisort=  0.003ms (keyed= 0.000ms group_by=  0.000ms per_group= 0.001ms)
[pe] round=297 work=        4 frontier=       16 next=        4 consolidate=  0.004ms frontier=  0.001ms semisort=  0.004ms (keyed= 0.000ms group_by=  0.000ms per_group= 0.002ms)
[pe] round=298 work=        4 frontier=        8 next=        4 consolidate=  0.005ms frontier=  0.000ms semisort=  0.003ms (keyed= 0.000ms group_by=  0.000ms per_group= 0.001ms)
[pe] round=299 work=        4 frontier=       16 next=        4 consolidate=  0.004ms frontier=  0.001ms semisort=  0.004ms (keyed= 0.000ms group_by=  0.000ms per_group= 0.002ms)
[pe] round=300 work=        4 frontier=        8 next=        4 consolidate=  0.004ms frontier=  0.001ms semisort=  0.003ms (keyed= 0.000ms group_by=  0.000ms per_group= 0.001ms)
[pe] round=301 work=        4 frontier=       16 next=        4 consolidate=  0.004ms frontier=  0.000ms semisort=  0.004ms (keyed= 0.000ms group_by=  0.000ms per_group= 0.001ms)
[pe] round=302 work=        4 frontier=        8 next=        4 consolidate=  0.004ms frontier=  0.001ms semisort=  0.003ms (keyed= 0.000ms group_by=  0.000ms per_group= 0.002ms)
[pe] round=303 work=        4 frontier=       16 next=        4 consolidate=  0.005ms frontier=  0.001ms semisort=  0.004ms (keyed= 0.000ms group_by=  0.000ms per_group= 0.002ms)
[pe] round=304 work=        4 frontier=        8 next=        4 consolidate=  0.004ms frontier=  0.000ms semisort=  0.003ms (keyed= 0.000ms group_by=  0.000ms per_group= 0.002ms)
[pe] round=305 work=        4 frontier=       16 next=        4 consolidate=  0.004ms frontier=  0.001ms semisort=  0.005ms (keyed= 0.000ms group_by=  0.000ms per_group= 0.002ms)
[pe] round=306 work=        4 frontier=        8 next=        4 consolidate=  0.004ms frontier=  0.000ms semisort=  0.003ms (keyed= 0.000ms group_by=  0.000ms per_group= 0.001ms)
[pe] round=307 work=        4 frontier=       16 next=        4 consolidate=  0.005ms frontier=  0.001ms semisort=  0.004ms (keyed= 0.000ms group_by=  0.000ms per_group= 0.001ms)
[pe] round=308 work=        4 frontier=        8 next=        4 consolidate=  0.004ms frontier=  0.001ms semisort=  0.003ms (keyed= 0.000ms group_by=  0.000ms per_group= 0.001ms)
[pe] round=309 work=        4 frontier=       16 next=        4 consolidate=  0.004ms frontier=  0.001ms semisort=  0.004ms (keyed= 0.000ms group_by=  0.000ms per_group= 0.001ms)
[pe] round=310 work=        4 frontier=        8 next=        4 consolidate=  0.004ms frontier=  0.000ms semisort=  0.003ms (keyed= 0.000ms group_by=  0.000ms per_group= 0.001ms)
[pe] round=311 work=        4 frontier=       16 next=        4 consolidate=  0.004ms frontier=  0.001ms semisort=  0.005ms (keyed= 0.000ms group_by=  0.000ms per_group= 0.002ms)
[pe] round=312 work=        4 frontier=        8 next=        4 consolidate=  0.004ms frontier=  0.001ms semisort=  0.003ms (keyed= 0.000ms group_by=  0.000ms per_group= 0.001ms)
[pe] round=313 work=        4 frontier=       16 next=        4 consolidate=  0.004ms frontier=  0.000ms semisort=  0.004ms (keyed= 0.000ms group_by=  0.000ms per_group= 0.002ms)
[pe] round=314 work=        4 frontier=        8 next=        4 consolidate=  0.009ms frontier=  0.001ms semisort=  0.003ms (keyed= 0.000ms group_by=  0.000ms per_group= 0.002ms)
[pe] round=315 work=        4 frontier=       16 next=        4 consolidate=  0.004ms frontier=  0.001ms semisort=  0.005ms (keyed= 0.000ms group_by=  0.001ms per_group= 0.002ms)
[pe] round=316 work=        4 frontier=        8 next=        4 consolidate=  0.011ms frontier=  0.001ms semisort=  0.003ms (keyed= 0.000ms group_by=  0.000ms per_group= 0.001ms)
[pe] round=317 work=        4 frontier=       16 next=        4 consolidate=  0.004ms frontier=  0.001ms semisort=  0.004ms (keyed= 0.000ms group_by=  0.000ms per_group= 0.002ms)
[pe] round=318 work=        4 frontier=        8 next=        0 consolidate=  0.004ms frontier=  0.001ms semisort=  0.003ms (keyed= 0.000ms group_by=  0.000ms per_group= 0.001ms)
[pe] round=  0 work= 11962503 frontier=  6945599 next=    30936 consolidate= 54.592ms frontier= 11.434ms semisort= 33.169ms (keyed=18.812ms group_by=  0.697ms per_group= 2.250ms)
[pe] round=  1 work=    30936 frontier=   150707 next=    29560 consolidate=  1.098ms frontier=  0.359ms semisort=  2.109ms (keyed= 0.095ms group_by=  0.969ms per_group= 0.398ms)
[pe] round=  2 work=    29560 frontier=    82710 next=     7057 consolidate=  0.872ms frontier=  0.243ms semisort=  1.848ms (keyed= 0.041ms group_by=  1.085ms per_group= 0.318ms)
[pe] round=  3 work=     7057 frontier=    29048 next=     4908 consolidate=  1.312ms frontier=  0.215ms semisort=  0.737ms (keyed= 0.041ms group_by=  0.294ms per_group= 0.190ms)
[pe] round=  4 work=     4908 frontier=    15689 next=     2466 consolidate=  0.886ms frontier=  0.143ms semisort=  0.612ms (keyed= 0.019ms group_by=  0.246ms per_group= 0.154ms)
[pe] round=  5 work=     2466 frontier=     9454 next=     2001 consolidate=  0.425ms frontier=  0.083ms semisort=  1.116ms (keyed= 0.020ms group_by=  0.806ms per_group= 0.141ms)
[pe] round=  6 work=     2001 frontier=     9471 next=     1425 consolidate=  0.427ms frontier=  0.084ms semisort=  1.078ms (keyed= 0.016ms group_by=  0.774ms per_group= 0.142ms)
[pe] round=  7 work=     1425 frontier=    10612 next=     1326 consolidate=  0.304ms frontier=  0.062ms semisort=  0.458ms (keyed= 0.014ms group_by=  0.160ms per_group= 0.125ms)
[pe] round=  8 work=     1326 frontier=    13498 next=     1167 consolidate=  0.264ms frontier=  0.072ms semisort=  0.455ms (keyed= 0.017ms group_by=  0.167ms per_group= 0.129ms)
[pe] round=  9 work=     1167 frontier=     7552 next=     1174 consolidate=  0.270ms frontier=  0.059ms semisort=  0.701ms (keyed= 0.016ms group_by=  0.476ms per_group= 0.093ms)
[pe] round= 10 work=     1174 frontier=     9434 next=     1134 consolidate=  0.244ms frontier=  0.054ms semisort=  0.729ms (keyed= 0.030ms group_by=  0.470ms per_group= 0.102ms)
[pe] round= 11 work=     1134 frontier=     6342 next=     1077 consolidate=  0.252ms frontier=  0.064ms semisort=  0.462ms (keyed= 0.020ms group_by=  0.189ms per_group= 0.135ms)
[pe] round= 12 work=     1077 frontier=     5496 next=     1079 consolidate=  0.231ms frontier=  0.049ms semisort=  0.362ms (keyed= 0.014ms group_by=  0.148ms per_group= 0.091ms)
[pe] round= 13 work=     1079 frontier=     3492 next=      799 consolidate=  0.238ms frontier=  0.058ms semisort=  0.298ms (keyed= 0.013ms group_by=  0.131ms per_group= 0.060ms)
[pe] round= 14 work=      799 frontier=     2006 next=      601 consolidate=  0.190ms frontier=  0.034ms semisort=  0.200ms (keyed= 0.007ms group_by=  0.056ms per_group= 0.046ms)
[pe] round= 15 work=      601 frontier=     1404 next=      523 consolidate=  0.125ms frontier=  0.031ms semisort=  0.165ms (keyed= 0.004ms group_by=  0.032ms per_group= 0.044ms)
[pe] round= 16 work=      523 frontier=     1354 next=      493 consolidate=  0.103ms frontier=  0.016ms semisort=  0.152ms (keyed= 0.004ms group_by=  0.050ms per_group= 0.035ms)
[pe] round= 17 work=      493 frontier=     1112 next=      335 consolidate=  0.105ms frontier=  0.017ms semisort=  0.141ms (keyed= 0.003ms group_by=  0.027ms per_group= 0.052ms)
[pe] round= 18 work=      335 frontier=      490 next=      327 consolidate=  0.085ms frontier=  0.007ms semisort=  0.089ms (keyed= 0.002ms group_by=  0.011ms per_group= 0.044ms)
[pe] round= 19 work=      327 frontier=      396 next=      183 consolidate=  0.090ms frontier=  0.006ms semisort=  0.082ms (keyed= 0.001ms group_by=  0.007ms per_group= 0.036ms)
[pe] round= 20 work=      183 frontier=      362 next=      191 consolidate=  0.056ms frontier=  0.006ms semisort=  0.079ms (keyed= 0.001ms group_by=  0.009ms per_group= 0.036ms)
[pe] round= 21 work=      191 frontier=      444 next=      191 consolidate=  0.055ms frontier=  0.005ms semisort=  0.078ms (keyed= 0.001ms group_by=  0.009ms per_group= 0.034ms)
[pe] round= 22 work=      191 frontier=      346 next=      183 consolidate=  0.054ms frontier=  0.007ms semisort=  0.074ms (keyed= 0.001ms group_by=  0.008ms per_group= 0.026ms)
[pe] round= 23 work=      183 frontier=      396 next=      183 consolidate=  0.069ms frontier=  0.005ms semisort=  0.072ms (keyed= 0.001ms group_by=  0.007ms per_group= 0.028ms)
[pe] round= 24 work=      183 frontier=      362 next=      191 consolidate=  0.050ms frontier=  0.006ms semisort=  0.082ms (keyed= 0.001ms group_by=  0.008ms per_group= 0.030ms)
[pe] round= 25 work=      191 frontier=      444 next=      189 consolidate=  0.052ms frontier=  0.005ms semisort=  0.072ms (keyed= 0.001ms group_by=  0.009ms per_group= 0.032ms)
[pe] round= 26 work=      189 frontier=      338 next=      181 consolidate=  0.047ms frontier=  0.005ms semisort=  0.083ms (keyed= 0.001ms group_by=  0.009ms per_group= 0.039ms)
[pe] round= 27 work=      181 frontier=      392 next=      169 consolidate=  0.044ms frontier=  0.005ms semisort=  0.077ms (keyed= 0.001ms group_by=  0.007ms per_group= 0.038ms)
[pe] round= 28 work=      169 frontier=      322 next=       49 consolidate=  0.050ms frontier=  0.005ms semisort=  0.080ms (keyed= 0.001ms group_by=  0.010ms per_group= 0.020ms)
[pe] round= 29 work=       49 frontier=      160 next=       47 consolidate=  0.034ms frontier=  0.005ms semisort=  0.063ms (keyed= 0.001ms group_by=  0.007ms per_group= 0.026ms)
[pe] round= 30 work=       47 frontier=      166 next=       37 consolidate=  0.038ms frontier=  0.004ms semisort=  0.047ms (keyed= 0.001ms group_by=  0.004ms per_group= 0.020ms)
[pe] round= 31 work=       37 frontier=      100 next=       37 consolidate=  0.027ms frontier=  0.004ms semisort=  0.046ms (keyed= 0.000ms group_by=  0.004ms per_group= 0.020ms)
[pe] round= 32 work=       37 frontier=      178 next=       44 consolidate=  0.030ms frontier=  0.004ms semisort=  0.039ms (keyed= 0.001ms group_by=  0.005ms per_group= 0.015ms)
[pe] round= 33 work=       44 frontier=      140 next=       38 consolidate=  0.030ms frontier=  0.004ms semisort=  0.041ms (keyed= 0.001ms group_by=  0.004ms per_group= 0.018ms)
[pe] round= 34 work=       38 frontier=      134 next=       30 consolidate=  0.029ms frontier=  0.004ms semisort=  0.040ms (keyed= 0.001ms group_by=  0.004ms per_group= 0.016ms)
[pe] round= 35 work=       30 frontier=       80 next=       27 consolidate=  0.022ms frontier=  0.003ms semisort=  0.033ms (keyed= 0.000ms group_by=  0.003ms per_group= 0.017ms)
[pe] round= 36 work=       27 frontier=      126 next=       35 consolidate=  0.025ms frontier=  0.003ms semisort=  0.033ms (keyed= 0.000ms group_by=  0.004ms per_group= 0.018ms)
[pe] round= 37 work=       35 frontier=      116 next=       35 consolidate=  0.023ms frontier=  0.004ms semisort=  0.033ms (keyed= 0.000ms group_by=  0.004ms per_group= 0.019ms)
[pe] round= 38 work=       35 frontier=      110 next=       27 consolidate=  0.026ms frontier=  0.003ms semisort=  0.019ms (keyed= 0.000ms group_by=  0.004ms per_group= 0.009ms)
[pe] round= 39 work=       27 frontier=       68 next=       27 consolidate=  0.028ms frontier=  0.003ms semisort=  0.015ms (keyed= 0.000ms group_by=  0.002ms per_group= 0.008ms)
[pe] round= 40 work=       27 frontier=      126 next=       35 consolidate=  0.034ms frontier=  0.002ms semisort=  0.024ms (keyed= 0.000ms group_by=  0.003ms per_group= 0.013ms)
[pe] round= 41 work=       35 frontier=      116 next=       35 consolidate=  0.027ms frontier=  0.004ms semisort=  0.029ms (keyed= 0.000ms group_by=  0.003ms per_group= 0.017ms)
[pe] round= 42 work=       35 frontier=      110 next=       27 consolidate=  0.025ms frontier=  0.003ms semisort=  0.035ms (keyed= 0.000ms group_by=  0.004ms per_group= 0.024ms)
[pe] round= 43 work=       27 frontier=       68 next=       27 consolidate=  0.039ms frontier=  0.003ms semisort=  0.015ms (keyed= 0.000ms group_by=  0.002ms per_group= 0.007ms)
[pe] round= 44 work=       27 frontier=      126 next=       35 consolidate=  0.026ms frontier=  0.003ms semisort=  0.036ms (keyed= 0.000ms group_by=  0.003ms per_group= 0.023ms)
[pe] round= 45 work=       35 frontier=      116 next=       35 consolidate=  0.028ms frontier=  0.003ms semisort=  0.029ms (keyed= 0.000ms group_by=  0.004ms per_group= 0.016ms)
[pe] round= 46 work=       35 frontier=      110 next=       27 consolidate=  0.030ms frontier=  0.004ms semisort=  0.026ms (keyed= 0.000ms group_by=  0.003ms per_group= 0.014ms)
[pe] round= 47 work=       27 frontier=       68 next=       27 consolidate=  0.024ms frontier=  0.003ms semisort=  0.015ms (keyed= 0.000ms group_by=  0.003ms per_group= 0.008ms)
[pe] round= 48 work=       27 frontier=       46 next=       15 consolidate=  0.019ms frontier=  0.002ms semisort=  0.013ms (keyed= 0.000ms group_by=  0.002ms per_group= 0.007ms)
[pe] round= 49 work=       15 frontier=       44 next=        7 consolidate=  0.016ms frontier=  0.002ms semisort=  0.009ms (keyed= 0.000ms group_by=  0.001ms per_group= 0.003ms)
[pe] round= 50 work=        7 frontier=       14 next=        7 consolidate=  0.009ms frontier=  0.001ms semisort=  0.005ms (keyed= 0.000ms group_by=  0.001ms per_group= 0.002ms)
[pe] round= 51 work=        7 frontier=       28 next=        7 consolidate=  0.010ms frontier=  0.001ms semisort=  0.007ms (keyed= 0.000ms group_by=  0.001ms per_group= 0.003ms)
[pe] round= 52 work=        7 frontier=       14 next=        7 consolidate=  0.008ms frontier=  0.001ms semisort=  0.004ms (keyed= 0.000ms group_by=  0.001ms per_group= 0.002ms)
[pe] round= 53 work=        7 frontier=       28 next=        7 consolidate=  0.021ms frontier=  0.001ms semisort=  0.006ms (keyed= 0.000ms group_by=  0.001ms per_group= 0.002ms)
[pe] round= 54 work=        7 frontier=       14 next=        7 consolidate=  0.010ms frontier=  0.001ms semisort=  0.005ms (keyed= 0.000ms group_by=  0.001ms per_group= 0.002ms)
[pe] round= 55 work=        7 frontier=       28 next=        7 consolidate=  0.015ms frontier=  0.001ms semisort=  0.006ms (keyed= 0.000ms group_by=  0.001ms per_group= 0.003ms)
[pe] round= 56 work=        7 frontier=       14 next=        7 consolidate=  0.008ms frontier=  0.001ms semisort=  0.004ms (keyed= 0.000ms group_by=  0.001ms per_group= 0.002ms)
[pe] round= 57 work=        7 frontier=       28 next=        7 consolidate=  0.009ms frontier=  0.001ms semisort=  0.006ms (keyed= 0.000ms group_by=  0.001ms per_group= 0.002ms)
[pe] round= 58 work=        7 frontier=       14 next=        7 consolidate=  0.012ms frontier=  0.001ms semisort=  0.005ms (keyed= 0.000ms group_by=  0.001ms per_group= 0.002ms)
[pe] round= 59 work=        7 frontier=       28 next=        7 consolidate=  0.010ms frontier=  0.001ms semisort=  0.006ms (keyed= 0.000ms group_by=  0.001ms per_group= 0.002ms)
[pe] round= 60 work=        7 frontier=       14 next=        7 consolidate=  0.008ms frontier=  0.001ms semisort=  0.004ms (keyed= 0.000ms group_by=  0.001ms per_group= 0.002ms)
[pe] round= 61 work=        7 frontier=       28 next=        7 consolidate=  0.016ms frontier=  0.001ms semisort=  0.006ms (keyed= 0.000ms group_by=  0.001ms per_group= 0.002ms)
[pe] round= 62 work=        7 frontier=       14 next=        7 consolidate=  0.009ms frontier=  0.001ms semisort=  0.004ms (keyed= 0.000ms group_by=  0.000ms per_group= 0.002ms)
[pe] round= 63 work=        7 frontier=       28 next=        7 consolidate=  0.018ms frontier=  0.001ms semisort=  0.006ms (keyed= 0.000ms group_by=  0.001ms per_group= 0.002ms)
[pe] round= 64 work=        7 frontier=       14 next=        7 consolidate=  0.011ms frontier=  0.001ms semisort=  0.005ms (keyed= 0.000ms group_by=  0.001ms per_group= 0.002ms)
[pe] round= 65 work=        7 frontier=       28 next=        7 consolidate=  0.021ms frontier=  0.001ms semisort=  0.007ms (keyed= 0.000ms group_by=  0.001ms per_group= 0.002ms)
[pe] round= 66 work=        7 frontier=       14 next=        7 consolidate=  0.011ms frontier=  0.002ms semisort=  0.005ms (keyed= 0.000ms group_by=  0.001ms per_group= 0.002ms)
[pe] round= 67 work=        7 frontier=       28 next=        7 consolidate=  0.012ms frontier=  0.001ms semisort=  0.006ms (keyed= 0.000ms group_by=  0.001ms per_group= 0.002ms)
[pe] round= 68 work=        7 frontier=       14 next=        7 consolidate=  0.010ms frontier=  0.001ms semisort=  0.005ms (keyed= 0.000ms group_by=  0.001ms per_group= 0.002ms)
[pe] round= 69 work=        7 frontier=       28 next=        7 consolidate=  0.011ms frontier=  0.001ms semisort=  0.006ms (keyed= 0.000ms group_by=  0.001ms per_group= 0.002ms)
[pe] round= 70 work=        7 frontier=       14 next=        7 consolidate=  0.018ms frontier=  0.001ms semisort=  0.005ms (keyed= 0.000ms group_by=  0.001ms per_group= 0.002ms)
[pe] round= 71 work=        7 frontier=       28 next=        7 consolidate=  0.012ms frontier=  0.002ms semisort=  0.006ms (keyed= 0.000ms group_by=  0.001ms per_group= 0.002ms)
[pe] round= 72 work=        7 frontier=       14 next=        7 consolidate=  0.017ms frontier=  0.001ms semisort=  0.005ms (keyed= 0.000ms group_by=  0.001ms per_group= 0.002ms)
[pe] round= 73 work=        7 frontier=       28 next=        7 consolidate=  0.024ms frontier=  0.002ms semisort=  0.006ms (keyed= 0.000ms group_by=  0.001ms per_group= 0.002ms)
[pe] round= 74 work=        7 frontier=       14 next=        7 consolidate=  0.022ms frontier=  0.001ms semisort=  0.005ms (keyed= 0.000ms group_by=  0.001ms per_group= 0.002ms)
[pe] round= 75 work=        7 frontier=       28 next=        7 consolidate=  0.009ms frontier=  0.001ms semisort=  0.006ms (keyed= 0.000ms group_by=  0.001ms per_group= 0.002ms)
[pe] round= 76 work=        7 frontier=       14 next=        7 consolidate=  0.010ms frontier=  0.001ms semisort=  0.005ms (keyed= 0.000ms group_by=  0.001ms per_group= 0.002ms)
[pe] round= 77 work=        7 frontier=       28 next=        7 consolidate=  0.009ms frontier=  0.001ms semisort=  0.007ms (keyed= 0.000ms group_by=  0.001ms per_group= 0.003ms)
[pe] round= 78 work=        7 frontier=       14 next=        7 consolidate=  0.013ms frontier=  0.001ms semisort=  0.004ms (keyed= 0.000ms group_by=  0.001ms per_group= 0.002ms)
[pe] round= 79 work=        7 frontier=       28 next=        7 consolidate=  0.014ms frontier=  0.001ms semisort=  0.006ms (keyed= 0.000ms group_by=  0.001ms per_group= 0.003ms)
[pe] round= 80 work=        7 frontier=       14 next=        7 consolidate=  0.009ms frontier=  0.001ms semisort=  0.005ms (keyed= 0.000ms group_by=  0.001ms per_group= 0.002ms)
[pe] round= 81 work=        7 frontier=       28 next=        7 consolidate=  0.009ms frontier=  0.001ms semisort=  0.006ms (keyed= 0.000ms group_by=  0.001ms per_group= 0.002ms)
[pe] round= 82 work=        7 frontier=       14 next=        7 consolidate=  0.008ms frontier=  0.001ms semisort=  0.005ms (keyed= 0.000ms group_by=  0.001ms per_group= 0.002ms)
[pe] round= 83 work=        7 frontier=       28 next=        7 consolidate=  0.009ms frontier=  0.001ms semisort=  0.006ms (keyed= 0.000ms group_by=  0.001ms per_group= 0.002ms)
[pe] round= 84 work=        7 frontier=       14 next=        7 consolidate=  0.008ms frontier=  0.001ms semisort=  0.005ms (keyed= 0.000ms group_by=  0.001ms per_group= 0.002ms)
[pe] round= 85 work=        7 frontier=       28 next=        7 consolidate=  0.009ms frontier=  0.001ms semisort=  0.006ms (keyed= 0.000ms group_by=  0.001ms per_group= 0.003ms)
[pe] round= 86 work=        7 frontier=       14 next=        7 consolidate=  0.008ms frontier=  0.001ms semisort=  0.005ms (keyed= 0.000ms group_by=  0.000ms per_group= 0.002ms)
[pe] round= 87 work=        7 frontier=       28 next=        7 consolidate=  0.010ms frontier=  0.001ms semisort=  0.006ms (keyed= 0.000ms group_by=  0.001ms per_group= 0.002ms)
[pe] round= 88 work=        7 frontier=       14 next=        7 consolidate=  0.009ms frontier=  0.001ms semisort=  0.004ms (keyed= 0.000ms group_by=  0.001ms per_group= 0.002ms)
[pe] round= 89 work=        7 frontier=       28 next=        7 consolidate=  0.016ms frontier=  0.002ms semisort=  0.007ms (keyed= 0.000ms group_by=  0.001ms per_group= 0.002ms)
[pe] round= 90 work=        7 frontier=       14 next=        7 consolidate=  0.009ms frontier=  0.001ms semisort=  0.005ms (keyed= 0.000ms group_by=  0.001ms per_group= 0.002ms)
[pe] round= 91 work=        7 frontier=       28 next=        7 consolidate=  0.011ms frontier=  0.001ms semisort=  0.007ms (keyed= 0.000ms group_by=  0.001ms per_group= 0.002ms)
[pe] round= 92 work=        7 frontier=       14 next=        7 consolidate=  0.008ms frontier=  0.001ms semisort=  0.004ms (keyed= 0.000ms group_by=  0.001ms per_group= 0.002ms)
[pe] round= 93 work=        7 frontier=       28 next=        7 consolidate=  0.012ms frontier=  0.002ms semisort=  0.007ms (keyed= 0.000ms group_by=  0.001ms per_group= 0.003ms)
[pe] round= 94 work=        7 frontier=       14 next=        7 consolidate=  0.010ms frontier=  0.002ms semisort=  0.005ms (keyed= 0.000ms group_by=  0.001ms per_group= 0.002ms)
[pe] round= 95 work=        7 frontier=       28 next=        7 consolidate=  0.017ms frontier=  0.002ms semisort=  0.006ms (keyed= 0.000ms group_by=  0.001ms per_group= 0.002ms)
[pe] round= 96 work=        7 frontier=       14 next=        7 consolidate=  0.009ms frontier=  0.001ms semisort=  0.004ms (keyed= 0.000ms group_by=  0.000ms per_group= 0.002ms)
[pe] round= 97 work=        7 frontier=       28 next=        7 consolidate=  0.009ms frontier=  0.001ms semisort=  0.006ms (keyed= 0.000ms group_by=  0.001ms per_group= 0.002ms)
[pe] round= 98 work=        7 frontier=       14 next=        7 consolidate=  0.016ms frontier=  0.001ms semisort=  0.005ms (keyed= 0.000ms group_by=  0.001ms per_group= 0.002ms)
[pe] round= 99 work=        7 frontier=       28 next=        7 consolidate=  0.009ms frontier=  0.001ms semisort=  0.006ms (keyed= 0.000ms group_by=  0.001ms per_group= 0.002ms)
[pe] round=100 work=        7 frontier=       14 next=        7 consolidate=  0.009ms frontier=  0.001ms semisort=  0.004ms (keyed= 0.000ms group_by=  0.001ms per_group= 0.002ms)
[pe] round=101 work=        7 frontier=       28 next=        7 consolidate=  0.018ms frontier=  0.001ms semisort=  0.006ms (keyed= 0.000ms group_by=  0.001ms per_group= 0.002ms)
[pe] round=102 work=        7 frontier=       14 next=        7 consolidate=  0.013ms frontier=  0.002ms semisort=  0.005ms (keyed= 0.000ms group_by=  0.001ms per_group= 0.002ms)
[pe] round=103 work=        7 frontier=       28 next=        7 consolidate=  0.010ms frontier=  0.001ms semisort=  0.006ms (keyed= 0.000ms group_by=  0.001ms per_group= 0.002ms)
[pe] round=104 work=        7 frontier=       14 next=        7 consolidate=  0.009ms frontier=  0.001ms semisort=  0.004ms (keyed= 0.000ms group_by=  0.001ms per_group= 0.002ms)
[pe] round=105 work=        7 frontier=       28 next=        7 consolidate=  0.009ms frontier=  0.001ms semisort=  0.006ms (keyed= 0.000ms group_by=  0.001ms per_group= 0.002ms)
[pe] round=106 work=        7 frontier=       14 next=        7 consolidate=  0.009ms frontier=  0.001ms semisort=  0.004ms (keyed= 0.000ms group_by=  0.000ms per_group= 0.002ms)
[pe] round=107 work=        7 frontier=       28 next=        7 consolidate=  0.018ms frontier=  0.002ms semisort=  0.006ms (keyed= 0.000ms group_by=  0.001ms per_group= 0.002ms)
[pe] round=108 work=        7 frontier=       14 next=        7 consolidate=  0.009ms frontier=  0.001ms semisort=  0.005ms (keyed= 0.000ms group_by=  0.001ms per_group= 0.002ms)
[pe] round=109 work=        7 frontier=       28 next=        7 consolidate=  0.009ms frontier=  0.001ms semisort=  0.006ms (keyed= 0.000ms group_by=  0.001ms per_group= 0.002ms)
[pe] round=110 work=        7 frontier=       14 next=        7 consolidate=  0.012ms frontier=  0.002ms semisort=  0.005ms (keyed= 0.000ms group_by=  0.001ms per_group= 0.002ms)
[pe] round=111 work=        7 frontier=       28 next=        7 consolidate=  0.011ms frontier=  0.002ms semisort=  0.006ms (keyed= 0.000ms group_by=  0.001ms per_group= 0.003ms)
[pe] round=112 work=        7 frontier=       14 next=        7 consolidate=  0.019ms frontier=  0.001ms semisort=  0.004ms (keyed= 0.000ms group_by=  0.001ms per_group= 0.002ms)
[pe] round=113 work=        7 frontier=       28 next=        7 consolidate=  0.011ms frontier=  0.001ms semisort=  0.007ms (keyed= 0.000ms group_by=  0.001ms per_group= 0.002ms)
[pe] round=114 work=        7 frontier=       14 next=        7 consolidate=  0.016ms frontier=  0.002ms semisort=  0.005ms (keyed= 0.000ms group_by=  0.001ms per_group= 0.002ms)
[pe] round=115 work=        7 frontier=       28 next=        7 consolidate=  0.010ms frontier=  0.001ms semisort=  0.006ms (keyed= 0.000ms group_by=  0.001ms per_group= 0.002ms)
[pe] round=116 work=        7 frontier=       14 next=        7 consolidate=  0.009ms frontier=  0.001ms semisort=  0.004ms (keyed= 0.000ms group_by=  0.001ms per_group= 0.002ms)
[pe] round=117 work=        7 frontier=       28 next=        7 consolidate=  0.014ms frontier=  0.001ms semisort=  0.006ms (keyed= 0.000ms group_by=  0.001ms per_group= 0.002ms)
[pe] round=118 work=        7 frontier=       14 next=        7 consolidate=  0.010ms frontier=  0.001ms semisort=  0.005ms (keyed= 0.000ms group_by=  0.000ms per_group= 0.002ms)
[pe] round=119 work=        7 frontier=       28 next=        7 consolidate=  0.016ms frontier=  0.002ms semisort=  0.006ms (keyed= 0.000ms group_by=  0.001ms per_group= 0.003ms)
[pe] round=120 work=        7 frontier=       14 next=        7 consolidate=  0.010ms frontier=  0.001ms semisort=  0.004ms (keyed= 0.000ms group_by=  0.000ms per_group= 0.002ms)
[pe] round=121 work=        7 frontier=       28 next=        7 consolidate=  0.009ms frontier=  0.001ms semisort=  0.007ms (keyed= 0.000ms group_by=  0.001ms per_group= 0.002ms)
[pe] round=122 work=        7 frontier=       14 next=        7 consolidate=  0.009ms frontier=  0.001ms semisort=  0.005ms (keyed= 0.000ms group_by=  0.001ms per_group= 0.002ms)
[pe] round=123 work=        7 frontier=       28 next=        7 consolidate=  0.009ms frontier=  0.001ms semisort=  0.008ms (keyed= 0.000ms group_by=  0.001ms per_group= 0.003ms)
[pe] round=124 work=        7 frontier=       14 next=        7 consolidate=  0.015ms frontier=  0.001ms semisort=  0.005ms (keyed= 0.000ms group_by=  0.001ms per_group= 0.002ms)
[pe] round=125 work=        7 frontier=       28 next=        7 consolidate=  0.010ms frontier=  0.001ms semisort=  0.006ms (keyed= 0.000ms group_by=  0.001ms per_group= 0.003ms)
[pe] round=126 work=        7 frontier=       14 next=        7 consolidate=  0.008ms frontier=  0.001ms semisort=  0.010ms (keyed= 0.000ms group_by=  0.006ms per_group= 0.002ms)
[pe] round=127 work=        7 frontier=       28 next=        7 consolidate=  0.010ms frontier=  0.001ms semisort=  0.006ms (keyed= 0.000ms group_by=  0.001ms per_group= 0.002ms)
[pe] round=128 work=        7 frontier=       14 next=        7 consolidate=  0.010ms frontier=  0.001ms semisort=  0.005ms (keyed= 0.000ms group_by=  0.001ms per_group= 0.002ms)
[pe] round=129 work=        7 frontier=       28 next=        7 consolidate=  0.014ms frontier=  0.002ms semisort=  0.006ms (keyed= 0.000ms group_by=  0.001ms per_group= 0.002ms)
[pe] round=130 work=        7 frontier=       14 next=        7 consolidate=  0.008ms frontier=  0.001ms semisort=  0.005ms (keyed= 0.000ms group_by=  0.001ms per_group= 0.003ms)
[pe] round=131 work=        7 frontier=       28 next=        7 consolidate=  0.009ms frontier=  0.001ms semisort=  0.006ms (keyed= 0.000ms group_by=  0.001ms per_group= 0.002ms)
[pe] round=132 work=        7 frontier=       14 next=        7 consolidate=  0.011ms frontier=  0.002ms semisort=  0.005ms (keyed= 0.000ms group_by=  0.001ms per_group= 0.002ms)
[pe] round=133 work=        7 frontier=       28 next=        7 consolidate=  0.017ms frontier=  0.001ms semisort=  0.007ms (keyed= 0.000ms group_by=  0.001ms per_group= 0.002ms)
[pe] round=134 work=        7 frontier=       14 next=        7 consolidate=  0.018ms frontier=  0.002ms semisort=  0.005ms (keyed= 0.000ms group_by=  0.001ms per_group= 0.002ms)
[pe] round=135 work=        7 frontier=       28 next=        7 consolidate=  0.013ms frontier=  0.002ms semisort=  0.007ms (keyed= 0.000ms group_by=  0.001ms per_group= 0.003ms)
[pe] round=136 work=        7 frontier=       14 next=        7 consolidate=  0.009ms frontier=  0.001ms semisort=  0.004ms (keyed= 0.000ms group_by=  0.001ms per_group= 0.002ms)
[pe] round=137 work=        7 frontier=       28 next=        7 consolidate=  0.012ms frontier=  0.001ms semisort=  0.006ms (keyed= 0.000ms group_by=  0.001ms per_group= 0.002ms)
[pe] round=138 work=        7 frontier=       14 next=        7 consolidate=  0.010ms frontier=  0.001ms semisort=  0.005ms (keyed= 0.000ms group_by=  0.001ms per_group= 0.002ms)
[pe] round=139 work=        7 frontier=       28 next=        7 consolidate=  0.009ms frontier=  0.001ms semisort=  0.006ms (keyed= 0.000ms group_by=  0.001ms per_group= 0.002ms)
[pe] round=140 work=        7 frontier=       14 next=        7 consolidate=  0.010ms frontier=  0.001ms semisort=  0.005ms (keyed= 0.000ms group_by=  0.001ms per_group= 0.003ms)
[pe] round=141 work=        7 frontier=       28 next=        7 consolidate=  0.009ms frontier=  0.001ms semisort=  0.007ms (keyed= 0.000ms group_by=  0.001ms per_group= 0.003ms)
[pe] round=142 work=        7 frontier=       14 next=        7 consolidate=  0.012ms frontier=  0.002ms semisort=  0.005ms (keyed= 0.000ms group_by=  0.001ms per_group= 0.002ms)
[pe] round=143 work=        7 frontier=       28 next=        7 consolidate=  0.010ms frontier=  0.001ms semisort=  0.007ms (keyed= 0.000ms group_by=  0.001ms per_group= 0.002ms)
[pe] round=144 work=        7 frontier=       14 next=        7 consolidate=  0.009ms frontier=  0.001ms semisort=  0.005ms (keyed= 0.000ms group_by=  0.000ms per_group= 0.002ms)
[pe] round=145 work=        7 frontier=       28 next=        7 consolidate=  0.015ms frontier=  0.001ms semisort=  0.007ms (keyed= 0.000ms group_by=  0.001ms per_group= 0.003ms)
[pe] round=146 work=        7 frontier=       14 next=        7 consolidate=  0.018ms frontier=  0.002ms semisort=  0.004ms (keyed= 0.000ms group_by=  0.001ms per_group= 0.002ms)
[pe] round=147 work=        7 frontier=       28 next=        7 consolidate=  0.010ms frontier=  0.001ms semisort=  0.006ms (keyed= 0.000ms group_by=  0.001ms per_group= 0.002ms)
[pe] round=148 work=        7 frontier=       14 next=        7 consolidate=  0.010ms frontier=  0.001ms semisort=  0.005ms (keyed= 0.000ms group_by=  0.001ms per_group= 0.002ms)
[pe] round=149 work=        7 frontier=       28 next=        7 consolidate=  0.011ms frontier=  0.001ms semisort=  0.006ms (keyed= 0.000ms group_by=  0.001ms per_group= 0.002ms)
[pe] round=150 work=        7 frontier=       14 next=        7 consolidate=  0.009ms frontier=  0.001ms semisort=  0.005ms (keyed= 0.000ms group_by=  0.001ms per_group= 0.003ms)
[pe] round=151 work=        7 frontier=       28 next=        7 consolidate=  0.018ms frontier=  0.001ms semisort=  0.007ms (keyed= 0.000ms group_by=  0.001ms per_group= 0.003ms)
[pe] round=152 work=        7 frontier=       14 next=        7 consolidate=  0.013ms frontier=  0.001ms semisort=  0.005ms (keyed= 0.000ms group_by=  0.001ms per_group= 0.002ms)
[pe] round=153 work=        7 frontier=       28 next=        7 consolidate=  0.010ms frontier=  0.001ms semisort=  0.006ms (keyed= 0.000ms group_by=  0.001ms per_group= 0.002ms)
[pe] round=154 work=        7 frontier=       14 next=        7 consolidate=  0.009ms frontier=  0.001ms semisort=  0.005ms (keyed= 0.000ms group_by=  0.001ms per_group= 0.002ms)
[pe] round=155 work=        7 frontier=       28 next=        7 consolidate=  0.010ms frontier=  0.001ms semisort=  0.006ms (keyed= 0.000ms group_by=  0.001ms per_group= 0.002ms)
[pe] round=156 work=        7 frontier=       14 next=        7 consolidate=  0.009ms frontier=  0.001ms semisort=  0.005ms (keyed= 0.000ms group_by=  0.001ms per_group= 0.002ms)
[pe] round=157 work=        7 frontier=       28 next=        7 consolidate=  0.014ms frontier=  0.002ms semisort=  0.007ms (keyed= 0.000ms group_by=  0.001ms per_group= 0.003ms)
[pe] round=158 work=        7 frontier=       14 next=        7 consolidate=  0.009ms frontier=  0.001ms semisort=  0.005ms (keyed= 0.000ms group_by=  0.001ms per_group= 0.002ms)
[pe] round=159 work=        7 frontier=       28 next=        7 consolidate=  0.013ms frontier=  0.001ms semisort=  0.006ms (keyed= 0.000ms group_by=  0.001ms per_group= 0.002ms)
[pe] round=160 work=        7 frontier=       14 next=        7 consolidate=  0.010ms frontier=  0.001ms semisort=  0.004ms (keyed= 0.000ms group_by=  0.001ms per_group= 0.002ms)
[pe] round=161 work=        7 frontier=       28 next=        7 consolidate=  0.015ms frontier=  0.001ms semisort=  0.006ms (keyed= 0.000ms group_by=  0.001ms per_group= 0.002ms)
[pe] round=162 work=        7 frontier=       14 next=        7 consolidate=  0.009ms frontier=  0.001ms semisort=  0.005ms (keyed= 0.000ms group_by=  0.001ms per_group= 0.003ms)
[pe] round=163 work=        7 frontier=       28 next=        7 consolidate=  0.021ms frontier=  0.002ms semisort=  0.007ms (keyed= 0.000ms group_by=  0.001ms per_group= 0.003ms)
[pe] round=164 work=        7 frontier=       14 next=        7 consolidate=  0.018ms frontier=  0.002ms semisort=  0.004ms (keyed= 0.000ms group_by=  0.001ms per_group= 0.002ms)
[pe] round=165 work=        7 frontier=       28 next=        7 consolidate=  0.010ms frontier=  0.001ms semisort=  0.006ms (keyed= 0.000ms group_by=  0.001ms per_group= 0.002ms)
[pe] round=166 work=        7 frontier=       14 next=        7 consolidate=  0.009ms frontier=  0.001ms semisort=  0.005ms (keyed= 0.000ms group_by=  0.001ms per_group= 0.002ms)
[pe] round=167 work=        7 frontier=       28 next=        7 consolidate=  0.012ms frontier=  0.001ms semisort=  0.007ms (keyed= 0.000ms group_by=  0.001ms per_group= 0.003ms)
[pe] round=168 work=        7 frontier=       14 next=        7 consolidate=  0.008ms frontier=  0.001ms semisort=  0.005ms (keyed= 0.000ms group_by=  0.000ms per_group= 0.002ms)
[pe] round=169 work=        7 frontier=       28 next=        7 consolidate=  0.013ms frontier=  0.001ms semisort=  0.006ms (keyed= 0.000ms group_by=  0.001ms per_group= 0.002ms)
[pe] round=170 work=        7 frontier=       14 next=        7 consolidate=  0.012ms frontier=  0.001ms semisort=  0.004ms (keyed= 0.000ms group_by=  0.001ms per_group= 0.002ms)
[pe] round=171 work=        7 frontier=       28 next=        7 consolidate=  0.011ms frontier=  0.001ms semisort=  0.006ms (keyed= 0.000ms group_by=  0.001ms per_group= 0.002ms)
[pe] round=172 work=        7 frontier=       14 next=        7 consolidate=  0.010ms frontier=  0.001ms semisort=  0.005ms (keyed= 0.000ms group_by=  0.001ms per_group= 0.002ms)
[pe] round=173 work=        7 frontier=       28 next=        7 consolidate=  0.023ms frontier=  0.001ms semisort=  0.007ms (keyed= 0.000ms group_by=  0.001ms per_group= 0.002ms)
[pe] round=174 work=        7 frontier=       14 next=        7 consolidate=  0.009ms frontier=  0.001ms semisort=  0.004ms (keyed= 0.000ms group_by=  0.001ms per_group= 0.002ms)
[pe] round=175 work=        7 frontier=       28 next=        7 consolidate=  0.018ms frontier=  0.001ms semisort=  0.006ms (keyed= 0.000ms group_by=  0.001ms per_group= 0.002ms)
[pe] round=176 work=        7 frontier=       14 next=        7 consolidate=  0.012ms frontier=  0.001ms semisort=  0.005ms (keyed= 0.000ms group_by=  0.000ms per_group= 0.002ms)
[pe] round=177 work=        7 frontier=       28 next=        7 consolidate=  0.011ms frontier=  0.001ms semisort=  0.006ms (keyed= 0.000ms group_by=  0.001ms per_group= 0.002ms)
[pe] round=178 work=        7 frontier=       14 next=        7 consolidate=  0.008ms frontier=  0.001ms semisort=  0.005ms (keyed= 0.000ms group_by=  0.001ms per_group= 0.002ms)
[pe] round=179 work=        7 frontier=       28 next=        7 consolidate=  0.009ms frontier=  0.001ms semisort=  0.007ms (keyed= 0.000ms group_by=  0.001ms per_group= 0.002ms)
[pe] round=180 work=        7 frontier=       14 next=        7 consolidate=  0.008ms frontier=  0.001ms semisort=  0.005ms (keyed= 0.000ms group_by=  0.001ms per_group= 0.002ms)
[pe] round=181 work=        7 frontier=       28 next=        7 consolidate=  0.010ms frontier=  0.001ms semisort=  0.006ms (keyed= 0.000ms group_by=  0.001ms per_group= 0.002ms)
[pe] round=182 work=        7 frontier=       14 next=        7 consolidate=  0.012ms frontier=  0.001ms semisort=  0.005ms (keyed= 0.000ms group_by=  0.001ms per_group= 0.002ms)
[pe] round=183 work=        7 frontier=       28 next=        7 consolidate=  0.010ms frontier=  0.001ms semisort=  0.007ms (keyed= 0.000ms group_by=  0.001ms per_group= 0.003ms)
[pe] round=184 work=        7 frontier=       14 next=        7 consolidate=  0.010ms frontier=  0.001ms semisort=  0.005ms (keyed= 0.000ms group_by=  0.000ms per_group= 0.002ms)
[pe] round=185 work=        7 frontier=       28 next=        7 consolidate=  0.015ms frontier=  0.001ms semisort=  0.006ms (keyed= 0.000ms group_by=  0.001ms per_group= 0.002ms)
[pe] round=186 work=        7 frontier=       14 next=        7 consolidate=  0.013ms frontier=  0.001ms semisort=  0.005ms (keyed= 0.000ms group_by=  0.001ms per_group= 0.002ms)
[pe] round=187 work=        7 frontier=       28 next=        7 consolidate=  0.010ms frontier=  0.001ms semisort=  0.007ms (keyed= 0.000ms group_by=  0.001ms per_group= 0.002ms)
[pe] round=188 work=        7 frontier=       14 next=        7 consolidate=  0.010ms frontier=  0.001ms semisort=  0.005ms (keyed= 0.000ms group_by=  0.000ms per_group= 0.002ms)
[pe] round=189 work=        7 frontier=       28 next=        7 consolidate=  0.011ms frontier=  0.001ms semisort=  0.006ms (keyed= 0.000ms group_by=  0.001ms per_group= 0.003ms)
[pe] round=190 work=        7 frontier=       14 next=        7 consolidate=  0.008ms frontier=  0.001ms semisort=  0.004ms (keyed= 0.000ms group_by=  0.000ms per_group= 0.002ms)
[pe] round=191 work=        7 frontier=       28 next=        7 consolidate=  0.008ms frontier=  0.001ms semisort=  0.007ms (keyed= 0.000ms group_by=  0.001ms per_group= 0.002ms)
[pe] round=192 work=        7 frontier=       14 next=        7 consolidate=  0.012ms frontier=  0.002ms semisort=  0.005ms (keyed= 0.000ms group_by=  0.001ms per_group= 0.002ms)
[pe] round=193 work=        7 frontier=       28 next=        7 consolidate=  0.009ms frontier=  0.001ms semisort=  0.006ms (keyed= 0.000ms group_by=  0.001ms per_group= 0.002ms)
[pe] round=194 work=        7 frontier=       14 next=        7 consolidate=  0.014ms frontier=  0.001ms semisort=  0.006ms (keyed= 0.000ms group_by=  0.001ms per_group= 0.003ms)
[pe] round=195 work=        7 frontier=       28 next=        7 consolidate=  0.009ms frontier=  0.001ms semisort=  0.007ms (keyed= 0.000ms group_by=  0.001ms per_group= 0.002ms)
[pe] round=196 work=        7 frontier=       14 next=        7 consolidate=  0.008ms frontier=  0.001ms semisort=  0.005ms (keyed= 0.000ms group_by=  0.001ms per_group= 0.002ms)
[pe] round=197 work=        7 frontier=       28 next=        7 consolidate=  0.015ms frontier=  0.001ms semisort=  0.006ms (keyed= 0.000ms group_by=  0.001ms per_group= 0.002ms)
[pe] round=198 work=        7 frontier=       14 next=        7 consolidate=  0.010ms frontier=  0.001ms semisort=  0.005ms (keyed= 0.000ms group_by=  0.001ms per_group= 0.002ms)
[pe] round=199 work=        7 frontier=       28 next=        7 consolidate=  0.012ms frontier=  0.001ms semisort=  0.006ms (keyed= 0.000ms group_by=  0.001ms per_group= 0.002ms)
[pe] round=200 work=        7 frontier=       14 next=        7 consolidate=  0.009ms frontier=  0.001ms semisort=  0.004ms (keyed= 0.000ms group_by=  0.000ms per_group= 0.002ms)
[pe] round=201 work=        7 frontier=       28 next=        7 consolidate=  0.019ms frontier=  0.002ms semisort=  0.007ms (keyed= 0.000ms group_by=  0.001ms per_group= 0.002ms)
[pe] round=202 work=        7 frontier=       14 next=        7 consolidate=  0.011ms frontier=  0.001ms semisort=  0.005ms (keyed= 0.000ms group_by=  0.001ms per_group= 0.002ms)
[pe] round=203 work=        7 frontier=       28 next=        7 consolidate=  0.009ms frontier=  0.001ms semisort=  0.006ms (keyed= 0.000ms group_by=  0.001ms per_group= 0.002ms)
[pe] round=204 work=        7 frontier=       14 next=        7 consolidate=  0.009ms frontier=  0.001ms semisort=  0.005ms (keyed= 0.000ms group_by=  0.001ms per_group= 0.003ms)
[pe] round=205 work=        7 frontier=       28 next=        7 consolidate=  0.011ms frontier=  0.001ms semisort=  0.007ms (keyed= 0.000ms group_by=  0.001ms per_group= 0.003ms)
[pe] round=206 work=        7 frontier=       14 next=        7 consolidate=  0.009ms frontier=  0.001ms semisort=  0.004ms (keyed= 0.000ms group_by=  0.001ms per_group= 0.002ms)
[pe] round=207 work=        7 frontier=       28 next=        7 consolidate=  0.015ms frontier=  0.001ms semisort=  0.006ms (keyed= 0.000ms group_by=  0.001ms per_group= 0.003ms)
[pe] round=208 work=        7 frontier=       14 next=        7 consolidate=  0.010ms frontier=  0.001ms semisort=  0.005ms (keyed= 0.000ms group_by=  0.001ms per_group= 0.002ms)
[pe] round=209 work=        7 frontier=       34 next=        7 consolidate=  0.021ms frontier=  0.002ms semisort=  0.010ms (keyed= 0.000ms group_by=  0.002ms per_group= 0.003ms)
[pe] round=210 work=        7 frontier=       14 next=        4 consolidate=  0.009ms frontier=  0.001ms semisort=  0.005ms (keyed= 0.000ms group_by=  0.001ms per_group= 0.002ms)
[pe] round=211 work=        4 frontier=       16 next=        4 consolidate=  0.005ms frontier=  0.001ms semisort=  0.004ms (keyed= 0.000ms group_by=  0.001ms per_group= 0.001ms)
[pe] round=212 work=        4 frontier=        8 next=        4 consolidate=  0.005ms frontier=  0.001ms semisort=  0.004ms (keyed= 0.000ms group_by=  0.000ms per_group= 0.001ms)
[pe] round=213 work=        4 frontier=       16 next=        4 consolidate=  0.011ms frontier=  0.001ms semisort=  0.005ms (keyed= 0.000ms group_by=  0.001ms per_group= 0.002ms)
[pe] round=214 work=        4 frontier=        8 next=        4 consolidate=  0.004ms frontier=  0.001ms semisort=  0.004ms (keyed= 0.000ms group_by=  0.001ms per_group= 0.001ms)
[pe] round=215 work=        4 frontier=       16 next=        4 consolidate=  0.008ms frontier=  0.001ms semisort=  0.005ms (keyed= 0.000ms group_by=  0.001ms per_group= 0.002ms)
[pe] round=216 work=        4 frontier=        8 next=        4 consolidate=  0.004ms frontier=  0.001ms semisort=  0.003ms (keyed= 0.000ms group_by=  0.000ms per_group= 0.001ms)
[pe] round=217 work=        4 frontier=       16 next=        4 consolidate=  0.004ms frontier=  0.001ms semisort=  0.005ms (keyed= 0.000ms group_by=  0.001ms per_group= 0.002ms)
[pe] round=218 work=        4 frontier=        8 next=        4 consolidate=  0.013ms frontier=  0.001ms semisort=  0.004ms (keyed= 0.000ms group_by=  0.000ms per_group= 0.002ms)
[pe] round=219 work=        4 frontier=       16 next=        4 consolidate=  0.004ms frontier=  0.001ms semisort=  0.005ms (keyed= 0.000ms group_by=  0.000ms per_group= 0.002ms)
[pe] round=220 work=        4 frontier=        8 next=        4 consolidate=  0.012ms frontier=  0.001ms semisort=  0.003ms (keyed= 0.000ms group_by=  0.001ms per_group= 0.002ms)
[pe] round=221 work=        4 frontier=       16 next=        4 consolidate=  0.016ms frontier=  0.001ms semisort=  0.005ms (keyed= 0.000ms group_by=  0.000ms per_group= 0.002ms)
[pe] round=222 work=        4 frontier=        8 next=        4 consolidate=  0.004ms frontier=  0.001ms semisort=  0.003ms (keyed= 0.000ms group_by=  0.000ms per_group= 0.001ms)
[pe] round=223 work=        4 frontier=       16 next=        4 consolidate=  0.005ms frontier=  0.001ms semisort=  0.005ms (keyed= 0.000ms group_by=  0.000ms per_group= 0.002ms)
[pe] round=224 work=        4 frontier=        8 next=        4 consolidate=  0.010ms frontier=  0.001ms semisort=  0.003ms (keyed= 0.000ms group_by=  0.000ms per_group= 0.002ms)
[pe] round=225 work=        4 frontier=       16 next=        4 consolidate=  0.017ms frontier=  0.001ms semisort=  0.005ms (keyed= 0.000ms group_by=  0.001ms per_group= 0.002ms)
[pe] round=226 work=        4 frontier=        8 next=        4 consolidate=  0.005ms frontier=  0.001ms semisort=  0.004ms (keyed= 0.000ms group_by=  0.000ms per_group= 0.002ms)
[pe] round=227 work=        4 frontier=       16 next=        4 consolidate=  0.004ms frontier=  0.001ms semisort=  0.005ms (keyed= 0.000ms group_by=  0.000ms per_group= 0.002ms)
[pe] round=228 work=        4 frontier=        8 next=        4 consolidate=  0.004ms frontier=  0.001ms semisort=  0.003ms (keyed= 0.000ms group_by=  0.000ms per_group= 0.001ms)
[pe] round=229 work=        4 frontier=       16 next=        4 consolidate=  0.011ms frontier=  0.001ms semisort=  0.004ms (keyed= 0.000ms group_by=  0.000ms per_group= 0.002ms)
[pe] round=230 work=        4 frontier=        8 next=        4 consolidate=  0.004ms frontier=  0.001ms semisort=  0.003ms (keyed= 0.000ms group_by=  0.000ms per_group= 0.001ms)
[pe] round=231 work=        4 frontier=       16 next=        4 consolidate=  0.010ms frontier=  0.001ms semisort=  0.005ms (keyed= 0.000ms group_by=  0.000ms per_group= 0.002ms)
[pe] round=232 work=        4 frontier=        8 next=        4 consolidate=  0.010ms frontier=  0.001ms semisort=  0.003ms (keyed= 0.000ms group_by=  0.000ms per_group= 0.001ms)
[pe] round=233 work=        4 frontier=       16 next=        4 consolidate=  0.005ms frontier=  0.001ms semisort=  0.005ms (keyed= 0.000ms group_by=  0.001ms per_group= 0.002ms)
[pe] round=234 work=        4 frontier=        8 next=        4 consolidate=  0.005ms frontier=  0.001ms semisort=  0.003ms (keyed= 0.000ms group_by=  0.000ms per_group= 0.001ms)
[pe] round=235 work=        4 frontier=       16 next=        4 consolidate=  0.004ms frontier=  0.001ms semisort=  0.004ms (keyed= 0.000ms group_by=  0.000ms per_group= 0.002ms)
[pe] round=236 work=        4 frontier=        8 next=        4 consolidate=  0.012ms frontier=  0.001ms semisort=  0.003ms (keyed= 0.000ms group_by=  0.000ms per_group= 0.002ms)
[pe] round=237 work=        4 frontier=       16 next=        4 consolidate=  0.004ms frontier=  0.001ms semisort=  0.004ms (keyed= 0.000ms group_by=  0.000ms per_group= 0.002ms)
[pe] round=238 work=        4 frontier=        8 next=        4 consolidate=  0.004ms frontier=  0.001ms semisort=  0.003ms (keyed= 0.000ms group_by=  0.000ms per_group= 0.001ms)
[pe] round=239 work=        4 frontier=       16 next=        4 consolidate=  0.005ms frontier=  0.001ms semisort=  0.005ms (keyed= 0.000ms group_by=  0.000ms per_group= 0.002ms)
[pe] round=240 work=        4 frontier=        8 next=        4 consolidate=  0.004ms frontier=  0.001ms semisort=  0.004ms (keyed= 0.000ms group_by=  0.000ms per_group= 0.001ms)
[pe] round=241 work=        4 frontier=       16 next=        4 consolidate=  0.004ms frontier=  0.001ms semisort=  0.005ms (keyed= 0.000ms group_by=  0.000ms per_group= 0.002ms)
[pe] round=242 work=        4 frontier=        8 next=        4 consolidate=  0.004ms frontier=  0.001ms semisort=  0.004ms (keyed= 0.000ms group_by=  0.000ms per_group= 0.001ms)
[pe] round=243 work=        4 frontier=       16 next=        4 consolidate=  0.004ms frontier=  0.001ms semisort=  0.004ms (keyed= 0.000ms group_by=  0.000ms per_group= 0.002ms)
[pe] round=244 work=        4 frontier=        8 next=        4 consolidate=  0.004ms frontier=  0.000ms semisort=  0.003ms (keyed= 0.000ms group_by=  0.000ms per_group= 0.001ms)
[pe] round=245 work=        4 frontier=       16 next=        4 consolidate=  0.004ms frontier=  0.001ms semisort=  0.004ms (keyed= 0.000ms group_by=  0.000ms per_group= 0.002ms)
[pe] round=246 work=        4 frontier=        8 next=        4 consolidate=  0.004ms frontier=  0.001ms semisort=  0.003ms (keyed= 0.000ms group_by=  0.000ms per_group= 0.001ms)
[pe] round=247 work=        4 frontier=       16 next=        4 consolidate=  0.008ms frontier=  0.001ms semisort=  0.005ms (keyed= 0.000ms group_by=  0.001ms per_group= 0.002ms)
[pe] round=248 work=        4 frontier=        8 next=        4 consolidate=  0.004ms frontier=  0.001ms semisort=  0.003ms (keyed= 0.000ms group_by=  0.000ms per_group= 0.001ms)
[pe] round=249 work=        4 frontier=       16 next=        4 consolidate=  0.004ms frontier=  0.001ms semisort=  0.005ms (keyed= 0.000ms group_by=  0.000ms per_group= 0.002ms)
[pe] round=250 work=        4 frontier=        8 next=        4 consolidate=  0.004ms frontier=  0.001ms semisort=  0.003ms (keyed= 0.000ms group_by=  0.000ms per_group= 0.001ms)
[pe] round=251 work=        4 frontier=       16 next=        4 consolidate=  0.005ms frontier=  0.001ms semisort=  0.005ms (keyed= 0.000ms group_by=  0.000ms per_group= 0.002ms)
[pe] round=252 work=        4 frontier=        8 next=        4 consolidate=  0.004ms frontier=  0.001ms semisort=  0.003ms (keyed= 0.000ms group_by=  0.000ms per_group= 0.001ms)
[pe] round=253 work=        4 frontier=       16 next=        4 consolidate=  0.012ms frontier=  0.001ms semisort=  0.005ms (keyed= 0.000ms group_by=  0.001ms per_group= 0.002ms)
[pe] round=254 work=        4 frontier=        8 next=        4 consolidate=  0.004ms frontier=  0.001ms semisort=  0.003ms (keyed= 0.000ms group_by=  0.000ms per_group= 0.001ms)
[pe] round=255 work=        4 frontier=       16 next=        4 consolidate=  0.007ms frontier=  0.001ms semisort=  0.004ms (keyed= 0.000ms group_by=  0.001ms per_group= 0.002ms)
[pe] round=256 work=        4 frontier=        8 next=        4 consolidate=  0.004ms frontier=  0.001ms semisort=  0.003ms (keyed= 0.000ms group_by=  0.000ms per_group= 0.001ms)
[pe] round=257 work=        4 frontier=       16 next=        4 consolidate=  0.004ms frontier=  0.001ms semisort=  0.004ms (keyed= 0.000ms group_by=  0.001ms per_group= 0.002ms)
[pe] round=258 work=        4 frontier=        8 next=        4 consolidate=  0.011ms frontier=  0.001ms semisort=  0.004ms (keyed= 0.000ms group_by=  0.001ms per_group= 0.002ms)
[pe] round=259 work=        4 frontier=       16 next=        4 consolidate=  0.004ms frontier=  0.001ms semisort=  0.004ms (keyed= 0.000ms group_by=  0.000ms per_group= 0.002ms)
[pe] round=260 work=        4 frontier=        8 next=        4 consolidate=  0.004ms frontier=  0.001ms semisort=  0.003ms (keyed= 0.000ms group_by=  0.000ms per_group= 0.001ms)
[pe] round=261 work=        4 frontier=       16 next=        4 consolidate=  0.011ms frontier=  0.001ms semisort=  0.004ms (keyed= 0.000ms group_by=  0.001ms per_group= 0.002ms)
[pe] round=262 work=        4 frontier=        8 next=        4 consolidate=  0.004ms frontier=  0.001ms semisort=  0.003ms (keyed= 0.000ms group_by=  0.000ms per_group= 0.001ms)
[pe] round=263 work=        4 frontier=       16 next=        4 consolidate=  0.012ms frontier=  0.001ms semisort=  0.005ms (keyed= 0.000ms group_by=  0.000ms per_group= 0.002ms)
[pe] round=264 work=        4 frontier=        8 next=        4 consolidate=  0.006ms frontier=  0.001ms semisort=  0.003ms (keyed= 0.000ms group_by=  0.000ms per_group= 0.001ms)
[pe] round=265 work=        4 frontier=       16 next=        4 consolidate=  0.005ms frontier=  0.001ms semisort=  0.005ms (keyed= 0.000ms group_by=  0.000ms per_group= 0.002ms)
[pe] round=266 work=        4 frontier=        8 next=        4 consolidate=  0.008ms frontier=  0.001ms semisort=  0.003ms (keyed= 0.000ms group_by=  0.000ms per_group= 0.001ms)
[pe] round=267 work=        4 frontier=       16 next=        4 consolidate=  0.004ms frontier=  0.001ms semisort=  0.004ms (keyed= 0.000ms group_by=  0.000ms per_group= 0.002ms)
[pe] round=268 work=        4 frontier=        8 next=        4 consolidate=  0.004ms frontier=  0.001ms semisort=  0.003ms (keyed= 0.000ms group_by=  0.000ms per_group= 0.001ms)
[pe] round=269 work=        4 frontier=       16 next=        4 consolidate=  0.013ms frontier=  0.001ms semisort=  0.005ms (keyed= 0.000ms group_by=  0.001ms per_group= 0.002ms)
[pe] round=270 work=        4 frontier=        8 next=        4 consolidate=  0.004ms frontier=  0.001ms semisort=  0.003ms (keyed= 0.000ms group_by=  0.000ms per_group= 0.001ms)
[pe] round=271 work=        4 frontier=       16 next=        4 consolidate=  0.005ms frontier=  0.001ms semisort=  0.005ms (keyed= 0.000ms group_by=  0.000ms per_group= 0.002ms)
[pe] round=272 work=        4 frontier=        8 next=        4 consolidate=  0.011ms frontier=  0.001ms semisort=  0.003ms (keyed= 0.000ms group_by=  0.000ms per_group= 0.002ms)
[pe] round=273 work=        4 frontier=       16 next=        4 consolidate=  0.004ms frontier=  0.001ms semisort=  0.005ms (keyed= 0.000ms group_by=  0.000ms per_group= 0.002ms)
[pe] round=274 work=        4 frontier=        8 next=        4 consolidate=  0.007ms frontier=  0.001ms semisort=  0.003ms (keyed= 0.000ms group_by=  0.000ms per_group= 0.001ms)
[pe] round=275 work=        4 frontier=       16 next=        4 consolidate=  0.004ms frontier=  0.001ms semisort=  0.004ms (keyed= 0.000ms group_by=  0.000ms per_group= 0.002ms)
[pe] round=276 work=        4 frontier=        8 next=        4 consolidate=  0.004ms frontier=  0.001ms semisort=  0.004ms (keyed= 0.000ms group_by=  0.000ms per_group= 0.001ms)
[pe] round=277 work=        4 frontier=       16 next=        4 consolidate=  0.004ms frontier=  0.001ms semisort=  0.004ms (keyed= 0.000ms group_by=  0.000ms per_group= 0.002ms)
[pe] round=278 work=        4 frontier=        8 next=        4 consolidate=  0.004ms frontier=  0.001ms semisort=  0.003ms (keyed= 0.000ms group_by=  0.000ms per_group= 0.001ms)
[pe] round=279 work=        4 frontier=       16 next=        4 consolidate=  0.008ms frontier=  0.001ms semisort=  0.005ms (keyed= 0.000ms group_by=  0.001ms per_group= 0.002ms)
[pe] round=280 work=        4 frontier=        8 next=        4 consolidate=  0.004ms frontier=  0.001ms semisort=  0.003ms (keyed= 0.000ms group_by=  0.000ms per_group= 0.001ms)
[pe] round=281 work=        4 frontier=       16 next=        4 consolidate=  0.004ms frontier=  0.000ms semisort=  0.005ms (keyed= 0.000ms group_by=  0.000ms per_group= 0.002ms)
[pe] round=282 work=        4 frontier=        8 next=        4 consolidate=  0.005ms frontier=  0.001ms semisort=  0.003ms (keyed= 0.000ms group_by=  0.000ms per_group= 0.001ms)
[pe] round=283 work=        4 frontier=       16 next=        4 consolidate=  0.004ms frontier=  0.001ms semisort=  0.004ms (keyed= 0.000ms group_by=  0.000ms per_group= 0.002ms)
[pe] round=284 work=        4 frontier=        8 next=        4 consolidate=  0.004ms frontier=  0.001ms semisort=  0.003ms (keyed= 0.000ms group_by=  0.000ms per_group= 0.001ms)
[pe] round=285 work=        4 frontier=       16 next=        4 consolidate=  0.005ms frontier=  0.001ms semisort=  0.005ms (keyed= 0.000ms group_by=  0.000ms per_group= 0.002ms)
[pe] round=286 work=        4 frontier=        8 next=        4 consolidate=  0.004ms frontier=  0.001ms semisort=  0.003ms (keyed= 0.000ms group_by=  0.000ms per_group= 0.001ms)
[pe] round=287 work=        4 frontier=       16 next=        4 consolidate=  0.005ms frontier=  0.001ms semisort=  0.005ms (keyed= 0.000ms group_by=  0.000ms per_group= 0.002ms)
[pe] round=288 work=        4 frontier=        8 next=        4 consolidate=  0.004ms frontier=  0.000ms semisort=  0.003ms (keyed= 0.000ms group_by=  0.000ms per_group= 0.001ms)
[pe] round=289 work=        4 frontier=       16 next=        4 consolidate=  0.004ms frontier=  0.001ms semisort=  0.004ms (keyed= 0.000ms group_by=  0.001ms per_group= 0.002ms)
[pe] round=290 work=        4 frontier=        8 next=        4 consolidate=  0.005ms frontier=  0.001ms semisort=  0.004ms (keyed= 0.000ms group_by=  0.000ms per_group= 0.002ms)
[pe] round=291 work=        4 frontier=       16 next=        4 consolidate=  0.004ms frontier=  0.001ms semisort=  0.004ms (keyed= 0.000ms group_by=  0.000ms per_group= 0.002ms)
[pe] round=292 work=        4 frontier=        8 next=        4 consolidate=  0.004ms frontier=  0.001ms semisort=  0.003ms (keyed= 0.000ms group_by=  0.000ms per_group= 0.001ms)
[pe] round=293 work=        4 frontier=       16 next=        4 consolidate=  0.010ms frontier=  0.001ms semisort=  0.004ms (keyed= 0.000ms group_by=  0.001ms per_group= 0.002ms)
[pe] round=294 work=        4 frontier=        8 next=        4 consolidate=  0.004ms frontier=  0.000ms semisort=  0.003ms (keyed= 0.000ms group_by=  0.000ms per_group= 0.001ms)
[pe] round=295 work=        4 frontier=       16 next=        4 consolidate=  0.005ms frontier=  0.001ms semisort=  0.004ms (keyed= 0.000ms group_by=  0.000ms per_group= 0.002ms)
[pe] round=296 work=        4 frontier=        8 next=        4 consolidate=  0.004ms frontier=  0.001ms semisort=  0.003ms (keyed= 0.000ms group_by=  0.000ms per_group= 0.001ms)
[pe] round=297 work=        4 frontier=       16 next=        4 consolidate=  0.004ms frontier=  0.001ms semisort=  0.004ms (keyed= 0.000ms group_by=  0.000ms per_group= 0.002ms)
[pe] round=298 work=        4 frontier=        8 next=        4 consolidate=  0.004ms frontier=  0.000ms semisort=  0.003ms (keyed= 0.000ms group_by=  0.000ms per_group= 0.001ms)
[pe] round=299 work=        4 frontier=       16 next=        4 consolidate=  0.004ms frontier=  0.001ms semisort=  0.004ms (keyed= 0.000ms group_by=  0.000ms per_group= 0.001ms)
[pe] round=300 work=        4 frontier=        8 next=        4 consolidate=  0.004ms frontier=  0.000ms semisort=  0.003ms (keyed= 0.000ms group_by=  0.000ms per_group= 0.002ms)
[pe] round=301 work=        4 frontier=       16 next=        4 consolidate=  0.005ms frontier=  0.001ms semisort=  0.005ms (keyed= 0.000ms group_by=  0.000ms per_group= 0.002ms)
[pe] round=302 work=        4 frontier=        8 next=        4 consolidate=  0.004ms frontier=  0.000ms semisort=  0.003ms (keyed= 0.000ms group_by=  0.000ms per_group= 0.001ms)
[pe] round=303 work=        4 frontier=       16 next=        4 consolidate=  0.004ms frontier=  0.001ms semisort=  0.015ms (keyed= 0.000ms group_by=  0.001ms per_group= 0.002ms)
[pe] round=304 work=        4 frontier=        8 next=        4 consolidate=  0.009ms frontier=  0.001ms semisort=  0.004ms (keyed= 0.000ms group_by=  0.000ms per_group= 0.002ms)
[pe] round=305 work=        4 frontier=       16 next=        4 consolidate=  0.004ms frontier=  0.001ms semisort=  0.005ms (keyed= 0.000ms group_by=  0.000ms per_group= 0.002ms)
[pe] round=306 work=        4 frontier=        8 next=        4 consolidate=  0.009ms frontier=  0.001ms semisort=  0.003ms (keyed= 0.000ms group_by=  0.000ms per_group= 0.001ms)
[pe] round=307 work=        4 frontier=       16 next=        4 consolidate=  0.004ms frontier=  0.001ms semisort=  0.004ms (keyed= 0.000ms group_by=  0.000ms per_group= 0.002ms)
[pe] round=308 work=        4 frontier=        8 next=        4 consolidate=  0.004ms frontier=  0.001ms semisort=  0.003ms (keyed= 0.000ms group_by=  0.000ms per_group= 0.001ms)
[pe] round=309 work=        4 frontier=       16 next=        4 consolidate=  0.010ms frontier=  0.001ms semisort=  0.004ms (keyed= 0.000ms group_by=  0.001ms per_group= 0.002ms)
[pe] round=310 work=        4 frontier=        8 next=        4 consolidate=  0.004ms frontier=  0.001ms semisort=  0.004ms (keyed= 0.000ms group_by=  0.000ms per_group= 0.002ms)
[pe] round=311 work=        4 frontier=       16 next=        4 consolidate=  0.005ms frontier=  0.001ms semisort=  0.005ms (keyed= 0.000ms group_by=  0.000ms per_group= 0.002ms)
[pe] round=312 work=        4 frontier=        8 next=        4 consolidate=  0.007ms frontier=  0.001ms semisort=  0.003ms (keyed= 0.000ms group_by=  0.000ms per_group= 0.001ms)
[pe] round=313 work=        4 frontier=       16 next=        4 consolidate=  0.004ms frontier=  0.001ms semisort=  0.004ms (keyed= 0.000ms group_by=  0.000ms per_group= 0.001ms)
[pe] round=314 work=        4 frontier=        8 next=        4 consolidate=  0.012ms frontier=  0.001ms semisort=  0.003ms (keyed= 0.000ms group_by=  0.000ms per_group= 0.002ms)
[pe] round=315 work=        4 frontier=       16 next=        4 consolidate=  0.004ms frontier=  0.001ms semisort=  0.005ms (keyed= 0.000ms group_by=  0.000ms per_group= 0.002ms)
[pe] round=316 work=        4 frontier=        8 next=        4 consolidate=  0.004ms frontier=  0.001ms semisort=  0.003ms (keyed= 0.000ms group_by=  0.000ms per_group= 0.001ms)
[pe] round=317 work=        4 frontier=       16 next=        4 consolidate=  0.005ms frontier=  0.001ms semisort=  0.005ms (keyed= 0.000ms group_by=  0.000ms per_group= 0.002ms)
[pe] round=318 work=        4 frontier=        8 next=        0 consolidate=  0.009ms frontier=  0.001ms semisort=  0.003ms (keyed= 0.000ms group_by=  0.001ms per_group= 0.001ms)
[pe] round=  0 work= 11962503 frontier=  6945599 next=    30936 consolidate= 55.856ms frontier= 11.295ms semisort= 31.569ms (keyed=17.533ms group_by=  0.621ms per_group= 2.159ms)
[pe] round=  1 work=    30936 frontier=   150707 next=    29560 consolidate=  1.063ms frontier=  0.331ms semisort=  2.310ms (keyed= 0.091ms group_by=  1.154ms per_group= 0.438ms)
[pe] round=  2 work=    29560 frontier=    82710 next=     7057 consolidate=  0.903ms frontier=  0.288ms semisort=  1.793ms (keyed= 0.028ms group_by=  1.040ms per_group= 0.298ms)
[pe] round=  3 work=     7057 frontier=    29048 next=     4908 consolidate=  1.324ms frontier=  0.224ms semisort=  0.745ms (keyed= 0.035ms group_by=  0.278ms per_group= 0.198ms)
[pe] round=  4 work=     4908 frontier=    15689 next=     2466 consolidate=  0.910ms frontier=  0.141ms semisort=  0.612ms (keyed= 0.019ms group_by=  0.232ms per_group= 0.172ms)
[pe] round=  5 work=     2466 frontier=     9454 next=     2001 consolidate=  0.445ms frontier=  0.086ms semisort=  0.797ms (keyed= 0.022ms group_by=  0.486ms per_group= 0.138ms)
[pe] round=  6 work=     2001 frontier=     9471 next=     1425 consolidate=  0.393ms frontier=  0.098ms semisort=  0.690ms (keyed= 0.020ms group_by=  0.367ms per_group= 0.164ms)
[pe] round=  7 work=     1425 frontier=    10612 next=     1326 consolidate=  0.291ms frontier=  0.058ms semisort=  0.473ms (keyed= 0.023ms group_by=  0.185ms per_group= 0.131ms)
[pe] round=  8 work=     1326 frontier=    13498 next=     1167 consolidate=  0.257ms frontier=  0.060ms semisort=  0.490ms (keyed= 0.028ms group_by=  0.170ms per_group= 0.133ms)
[pe] round=  9 work=     1167 frontier=     7552 next=     1174 consolidate=  0.237ms frontier=  0.047ms semisort=  0.505ms (keyed= 0.020ms group_by=  0.269ms per_group= 0.087ms)
[pe] round= 10 work=     1174 frontier=     9434 next=     1134 consolidate=  0.239ms frontier=  0.052ms semisort=  0.788ms (keyed= 0.022ms group_by=  0.544ms per_group= 0.102ms)
[pe] round= 11 work=     1134 frontier=     6342 next=     1077 consolidate=  0.223ms frontier=  0.049ms semisort=  0.515ms (keyed= 0.016ms group_by=  0.297ms per_group= 0.099ms)
[pe] round= 12 work=     1077 frontier=     5496 next=     1079 consolidate=  0.234ms frontier=  0.056ms semisort=  0.370ms (keyed= 0.018ms group_by=  0.131ms per_group= 0.087ms)
[pe] round= 13 work=     1079 frontier=     3492 next=      799 consolidate=  0.235ms frontier=  0.051ms semisort=  0.245ms (keyed= 0.012ms group_by=  0.089ms per_group= 0.057ms)
[pe] round= 14 work=      799 frontier=     2006 next=      601 consolidate=  0.164ms frontier=  0.039ms semisort=  0.183ms (keyed= 0.007ms group_by=  0.051ms per_group= 0.053ms)
[pe] round= 15 work=      601 frontier=     1404 next=      523 consolidate=  0.114ms frontier=  0.024ms semisort=  0.181ms (keyed= 0.004ms group_by=  0.041ms per_group= 0.056ms)
[pe] round= 16 work=      523 frontier=     1354 next=      493 consolidate=  0.098ms frontier=  0.016ms semisort=  0.156ms (keyed= 0.004ms group_by=  0.049ms per_group= 0.042ms)
[pe] round= 17 work=      493 frontier=     1112 next=      335 consolidate=  0.113ms frontier=  0.016ms semisort=  0.156ms (keyed= 0.002ms group_by=  0.027ms per_group= 0.064ms)
[pe] round= 18 work=      335 frontier=      490 next=      327 consolidate=  0.081ms frontier=  0.007ms semisort=  0.078ms (keyed= 0.002ms group_by=  0.010ms per_group= 0.025ms)
[pe] round= 19 work=      327 frontier=      396 next=      183 consolidate=  0.099ms frontier=  0.006ms semisort=  0.082ms (keyed= 0.001ms group_by=  0.007ms per_group= 0.025ms)
[pe] round= 20 work=      183 frontier=      362 next=      191 consolidate=  0.055ms frontier=  0.005ms semisort=  0.073ms (keyed= 0.001ms group_by=  0.009ms per_group= 0.024ms)
[pe] round= 21 work=      191 frontier=      444 next=      191 consolidate=  0.051ms frontier=  0.006ms semisort=  0.074ms (keyed= 0.001ms group_by=  0.009ms per_group= 0.028ms)
[pe] round= 22 work=      191 frontier=      346 next=      183 consolidate=  0.046ms frontier=  0.006ms semisort=  0.093ms (keyed= 0.001ms group_by=  0.008ms per_group= 0.032ms)
[pe] round= 23 work=      183 frontier=      396 next=      183 consolidate=  0.062ms frontier=  0.006ms semisort=  0.088ms (keyed= 0.001ms group_by=  0.007ms per_group= 0.046ms)
[pe] round= 24 work=      183 frontier=      362 next=      191 consolidate=  0.066ms frontier=  0.006ms semisort=  0.065ms (keyed= 0.001ms group_by=  0.009ms per_group= 0.025ms)
[pe] round= 25 work=      191 frontier=      444 next=      189 consolidate=  0.056ms frontier=  0.006ms semisort=  0.074ms (keyed= 0.001ms group_by=  0.008ms per_group= 0.030ms)
[pe] round= 26 work=      189 frontier=      338 next=      181 consolidate=  0.039ms frontier=  0.006ms semisort=  0.077ms (keyed= 0.001ms group_by=  0.009ms per_group= 0.024ms)
[pe] round= 27 work=      181 frontier=      392 next=      169 consolidate=  0.052ms frontier=  0.005ms semisort=  0.083ms (keyed= 0.001ms group_by=  0.007ms per_group= 0.046ms)
[pe] round= 28 work=      169 frontier=      322 next=       49 consolidate=  0.050ms frontier=  0.005ms semisort=  0.064ms (keyed= 0.001ms group_by=  0.012ms per_group= 0.023ms)
[pe] round= 29 work=       49 frontier=      160 next=       47 consolidate=  0.037ms frontier=  0.005ms semisort=  0.052ms (keyed= 0.001ms group_by=  0.007ms per_group= 0.023ms)
[pe] round= 30 work=       47 frontier=      166 next=       37 consolidate=  0.040ms frontier=  0.004ms semisort=  0.042ms (keyed= 0.001ms group_by=  0.005ms per_group= 0.015ms)
[pe] round= 31 work=       37 frontier=      100 next=       37 consolidate=  0.028ms frontier=  0.004ms semisort=  0.037ms (keyed= 0.001ms group_by=  0.003ms per_group= 0.018ms)
[pe] round= 32 work=       37 frontier=      178 next=       44 consolidate=  0.027ms frontier=  0.004ms semisort=  0.041ms (keyed= 0.001ms group_by=  0.005ms per_group= 0.019ms)
[pe] round= 33 work=       44 frontier=      140 next=       38 consolidate=  0.043ms frontier=  0.004ms semisort=  0.045ms (keyed= 0.001ms group_by=  0.004ms per_group= 0.022ms)
[pe] round= 34 work=       38 frontier=      134 next=       30 consolidate=  0.030ms frontier=  0.004ms semisort=  0.038ms (keyed= 0.001ms group_by=  0.004ms per_group= 0.014ms)
[pe] round= 35 work=       30 frontier=       80 next=       27 consolidate=  0.039ms frontier=  0.003ms semisort=  0.034ms (keyed= 0.000ms group_by=  0.003ms per_group= 0.017ms)
[pe] round= 36 work=       27 frontier=      126 next=       35 consolidate=  0.025ms frontier=  0.003ms semisort=  0.032ms (keyed= 0.000ms group_by=  0.004ms per_group= 0.017ms)
[pe] round= 37 work=       35 frontier=      116 next=       35 consolidate=  0.036ms frontier=  0.004ms semisort=  0.037ms (keyed= 0.000ms group_by=  0.004ms per_group= 0.023ms)
[pe] round= 38 work=       35 frontier=      110 next=       27 consolidate=  0.042ms frontier=  0.003ms semisort=  0.027ms (keyed= 0.000ms group_by=  0.003ms per_group= 0.016ms)
[pe] round= 39 work=       27 frontier=       68 next=       27 consolidate=  0.024ms frontier=  0.003ms semisort=  0.015ms (keyed= 0.000ms group_by=  0.003ms per_group= 0.008ms)
[pe] round= 40 work=       27 frontier=      126 next=       35 consolidate=  0.022ms frontier=  0.003ms semisort=  0.038ms (keyed= 0.000ms group_by=  0.004ms per_group= 0.025ms)
[pe] round= 41 work=       35 frontier=      116 next=       35 consolidate=  0.025ms frontier=  0.004ms semisort=  0.033ms (keyed= 0.000ms group_by=  0.004ms per_group= 0.020ms)
[pe] round= 42 work=       35 frontier=      110 next=       27 consolidate=  0.024ms frontier=  0.004ms semisort=  0.025ms (keyed= 0.000ms group_by=  0.003ms per_group= 0.013ms)
[pe] round= 43 work=       27 frontier=       68 next=       27 consolidate=  0.024ms frontier=  0.003ms semisort=  0.029ms (keyed= 0.000ms group_by=  0.002ms per_group= 0.020ms)
[pe] round= 44 work=       27 frontier=      126 next=       35 consolidate=  0.025ms frontier=  0.003ms semisort=  0.030ms (keyed= 0.000ms group_by=  0.004ms per_group= 0.017ms)
[pe] round= 45 work=       35 frontier=      116 next=       35 consolidate=  0.031ms frontier=  0.004ms semisort=  0.029ms (keyed= 0.000ms group_by=  0.004ms per_group= 0.015ms)
[pe] round= 46 work=       35 frontier=      110 next=       27 consolidate=  0.025ms frontier=  0.004ms semisort=  0.023ms (keyed= 0.000ms group_by=  0.003ms per_group= 0.012ms)
[pe] round= 47 work=       27 frontier=       68 next=       27 consolidate=  0.024ms frontier=  0.003ms semisort=  0.015ms (keyed= 0.000ms group_by=  0.003ms per_group= 0.008ms)
[pe] round= 48 work=       27 frontier=       46 next=       15 consolidate=  0.029ms frontier=  0.003ms semisort=  0.012ms (keyed= 0.000ms group_by=  0.001ms per_group= 0.007ms)
[pe] round= 49 work=       15 frontier=       44 next=        7 consolidate=  0.029ms frontier=  0.002ms semisort=  0.009ms (keyed= 0.000ms group_by=  0.002ms per_group= 0.003ms)
[pe] round= 50 work=        7 frontier=       14 next=        7 consolidate=  0.011ms frontier=  0.002ms semisort=  0.005ms (keyed= 0.000ms group_by=  0.001ms per_group= 0.002ms)
[pe] round= 51 work=        7 frontier=       28 next=        7 consolidate=  0.015ms frontier=  0.002ms semisort=  0.006ms (keyed= 0.000ms group_by=  0.001ms per_group= 0.002ms)
[pe] round= 52 work=        7 frontier=       14 next=        7 consolidate=  0.008ms frontier=  0.001ms semisort=  0.004ms (keyed= 0.000ms group_by=  0.001ms per_group= 0.002ms)
[pe] round= 53 work=        7 frontier=       28 next=        7 consolidate=  0.009ms frontier=  0.001ms semisort=  0.005ms (keyed= 0.000ms group_by=  0.001ms per_group= 0.002ms)
[pe] round= 54 work=        7 frontier=       14 next=        7 consolidate=  0.009ms frontier=  0.001ms semisort=  0.004ms (keyed= 0.000ms group_by=  0.001ms per_group= 0.002ms)
[pe] round= 55 work=        7 frontier=       28 next=        7 consolidate=  0.009ms frontier=  0.001ms semisort=  0.006ms (keyed= 0.000ms group_by=  0.001ms per_group= 0.002ms)
[pe] round= 56 work=        7 frontier=       14 next=        7 consolidate=  0.011ms frontier=  0.002ms semisort=  0.005ms (keyed= 0.000ms group_by=  0.001ms per_group= 0.002ms)
[pe] round= 57 work=        7 frontier=       28 next=        7 consolidate=  0.012ms frontier=  0.001ms semisort=  0.006ms (keyed= 0.000ms group_by=  0.001ms per_group= 0.003ms)
[pe] round= 58 work=        7 frontier=       14 next=        7 consolidate=  0.017ms frontier=  0.002ms semisort=  0.004ms (keyed= 0.000ms group_by=  0.001ms per_group= 0.002ms)
[pe] round= 59 work=        7 frontier=       28 next=        7 consolidate=  0.012ms frontier=  0.001ms semisort=  0.006ms (keyed= 0.000ms group_by=  0.001ms per_group= 0.002ms)
[pe] round= 60 work=        7 frontier=       14 next=        7 consolidate=  0.008ms frontier=  0.001ms semisort=  0.004ms (keyed= 0.000ms group_by=  0.001ms per_group= 0.002ms)
[pe] round= 61 work=        7 frontier=       28 next=        7 consolidate=  0.022ms frontier=  0.001ms semisort=  0.010ms (keyed= 0.000ms group_by=  0.001ms per_group= 0.007ms)
[pe] round= 62 work=        7 frontier=       14 next=        7 consolidate=  0.009ms frontier=  0.001ms semisort=  0.004ms (keyed= 0.000ms group_by=  0.001ms per_group= 0.002ms)
[pe] round= 63 work=        7 frontier=       28 next=        7 consolidate=  0.020ms frontier=  0.001ms semisort=  0.005ms (keyed= 0.000ms group_by=  0.001ms per_group= 0.002ms)
[pe] round= 64 work=        7 frontier=       14 next=        7 consolidate=  0.010ms frontier=  0.001ms semisort=  0.004ms (keyed= 0.000ms group_by=  0.000ms per_group= 0.002ms)
[pe] round= 65 work=        7 frontier=       28 next=        7 consolidate=  0.021ms frontier=  0.002ms semisort=  0.005ms (keyed= 0.000ms group_by=  0.001ms per_group= 0.002ms)
[pe] round= 66 work=        7 frontier=       14 next=        7 consolidate=  0.009ms frontier=  0.001ms semisort=  0.004ms (keyed= 0.000ms group_by=  0.001ms per_group= 0.002ms)
[pe] round= 67 work=        7 frontier=       28 next=        7 consolidate=  0.009ms frontier=  0.001ms semisort=  0.005ms (keyed= 0.000ms group_by=  0.001ms per_group= 0.002ms)
[pe] round= 68 work=        7 frontier=       14 next=        7 consolidate=  0.009ms frontier=  0.001ms semisort=  0.004ms (keyed= 0.000ms group_by=  0.001ms per_group= 0.002ms)
[pe] round= 69 work=        7 frontier=       28 next=        7 consolidate=  0.010ms frontier=  0.001ms semisort=  0.005ms (keyed= 0.000ms group_by=  0.001ms per_group= 0.002ms)
[pe] round= 70 work=        7 frontier=       14 next=        7 consolidate=  0.009ms frontier=  0.001ms semisort=  0.004ms (keyed= 0.000ms group_by=  0.001ms per_group= 0.002ms)
[pe] round= 71 work=        7 frontier=       28 next=        7 consolidate=  0.018ms frontier=  0.001ms semisort=  0.005ms (keyed= 0.000ms group_by=  0.001ms per_group= 0.002ms)
[pe] round= 72 work=        7 frontier=       14 next=        7 consolidate=  0.009ms frontier=  0.001ms semisort=  0.004ms (keyed= 0.000ms group_by=  0.001ms per_group= 0.002ms)
[pe] round= 73 work=        7 frontier=       28 next=        7 consolidate=  0.009ms frontier=  0.001ms semisort=  0.005ms (keyed= 0.000ms group_by=  0.001ms per_group= 0.002ms)
[pe] round= 74 work=        7 frontier=       14 next=        7 consolidate=  0.009ms frontier=  0.001ms semisort=  0.004ms (keyed= 0.000ms group_by=  0.001ms per_group= 0.002ms)
[pe] round= 75 work=        7 frontier=       28 next=        7 consolidate=  0.011ms frontier=  0.001ms semisort=  0.005ms (keyed= 0.000ms group_by=  0.001ms per_group= 0.002ms)
[pe] round= 76 work=        7 frontier=       14 next=        7 consolidate=  0.010ms frontier=  0.001ms semisort=  0.004ms (keyed= 0.000ms group_by=  0.001ms per_group= 0.002ms)
[pe] round= 77 work=        7 frontier=       28 next=        7 consolidate=  0.009ms frontier=  0.001ms semisort=  0.005ms (keyed= 0.000ms group_by=  0.001ms per_group= 0.002ms)
[pe] round= 78 work=        7 frontier=       14 next=        7 consolidate=  0.008ms frontier=  0.001ms semisort=  0.004ms (keyed= 0.000ms group_by=  0.001ms per_group= 0.002ms)
[pe] round= 79 work=        7 frontier=       28 next=        7 consolidate=  0.009ms frontier=  0.001ms semisort=  0.006ms (keyed= 0.000ms group_by=  0.001ms per_group= 0.002ms)
[pe] round= 80 work=        7 frontier=       14 next=        7 consolidate=  0.009ms frontier=  0.001ms semisort=  0.004ms (keyed= 0.000ms group_by=  0.001ms per_group= 0.002ms)
[pe] round= 81 work=        7 frontier=       28 next=        7 consolidate=  0.010ms frontier=  0.001ms semisort=  0.005ms (keyed= 0.000ms group_by=  0.001ms per_group= 0.002ms)
[pe] round= 82 work=        7 frontier=       14 next=        7 consolidate=  0.010ms frontier=  0.001ms semisort=  0.004ms (keyed= 0.000ms group_by=  0.001ms per_group= 0.002ms)
[pe] round= 83 work=        7 frontier=       28 next=        7 consolidate=  0.011ms frontier=  0.001ms semisort=  0.005ms (keyed= 0.000ms group_by=  0.001ms per_group= 0.002ms)
[pe] round= 84 work=        7 frontier=       14 next=        7 consolidate=  0.011ms frontier=  0.001ms semisort=  0.004ms (keyed= 0.000ms group_by=  0.000ms per_group= 0.002ms)
[pe] round= 85 work=        7 frontier=       28 next=        7 consolidate=  0.009ms frontier=  0.001ms semisort=  0.005ms (keyed= 0.000ms group_by=  0.001ms per_group= 0.002ms)
[pe] round= 86 work=        7 frontier=       14 next=        7 consolidate=  0.009ms frontier=  0.001ms semisort=  0.004ms (keyed= 0.000ms group_by=  0.001ms per_group= 0.002ms)
[pe] round= 87 work=        7 frontier=       28 next=        7 consolidate=  0.010ms frontier=  0.001ms semisort=  0.005ms (keyed= 0.000ms group_by=  0.001ms per_group= 0.002ms)
[pe] round= 88 work=        7 frontier=       14 next=        7 consolidate=  0.009ms frontier=  0.001ms semisort=  0.004ms (keyed= 0.000ms group_by=  0.000ms per_group= 0.002ms)
[pe] round= 89 work=        7 frontier=       28 next=        7 consolidate=  0.013ms frontier=  0.002ms semisort=  0.006ms (keyed= 0.000ms group_by=  0.001ms per_group= 0.002ms)
[pe] round= 90 work=        7 frontier=       14 next=        7 consolidate=  0.014ms frontier=  0.002ms semisort=  0.004ms (keyed= 0.000ms group_by=  0.001ms per_group= 0.002ms)
[pe] round= 91 work=        7 frontier=       28 next=        7 consolidate=  0.009ms frontier=  0.001ms semisort=  0.006ms (keyed= 0.000ms group_by=  0.001ms per_group= 0.002ms)
[pe] round= 92 work=        7 frontier=       14 next=        7 consolidate=  0.008ms frontier=  0.001ms semisort=  0.004ms (keyed= 0.000ms group_by=  0.000ms per_group= 0.002ms)
[pe] round= 93 work=        7 frontier=       28 next=        7 consolidate=  0.011ms frontier=  0.001ms semisort=  0.006ms (keyed= 0.000ms group_by=  0.001ms per_group= 0.002ms)
[pe] round= 94 work=        7 frontier=       14 next=        7 consolidate=  0.008ms frontier=  0.001ms semisort=  0.004ms (keyed= 0.000ms group_by=  0.001ms per_group= 0.002ms)
[pe] round= 95 work=        7 frontier=       28 next=        7 consolidate=  0.011ms frontier=  0.001ms semisort=  0.007ms (keyed= 0.000ms group_by=  0.001ms per_group= 0.002ms)
[pe] round= 96 work=        7 frontier=       14 next=        7 consolidate=  0.010ms frontier=  0.001ms semisort=  0.004ms (keyed= 0.000ms group_by=  0.001ms per_group= 0.002ms)
[pe] round= 97 work=        7 frontier=       28 next=        7 consolidate=  0.010ms frontier=  0.001ms semisort=  0.006ms (keyed= 0.000ms group_by=  0.001ms per_group= 0.002ms)
[pe] round= 98 work=        7 frontier=       14 next=        7 consolidate=  0.013ms frontier=  0.001ms semisort=  0.005ms (keyed= 0.000ms group_by=  0.001ms per_group= 0.002ms)
[pe] round= 99 work=        7 frontier=       28 next=        7 consolidate=  0.017ms frontier=  0.002ms semisort=  0.007ms (keyed= 0.000ms group_by=  0.001ms per_group= 0.002ms)
[pe] round=100 work=        7 frontier=       14 next=        7 consolidate=  0.014ms frontier=  0.001ms semisort=  0.004ms (keyed= 0.000ms group_by=  0.001ms per_group= 0.002ms)
[pe] round=101 work=        7 frontier=       28 next=        7 consolidate=  0.019ms frontier=  0.002ms semisort=  0.006ms (keyed= 0.000ms group_by=  0.001ms per_group= 0.002ms)
[pe] round=102 work=        7 frontier=       14 next=        7 consolidate=  0.022ms frontier=  0.001ms semisort=  0.005ms (keyed= 0.000ms group_by=  0.001ms per_group= 0.002ms)
[pe] round=103 work=        7 frontier=       28 next=        7 consolidate=  0.014ms frontier=  0.001ms semisort=  0.006ms (keyed= 0.000ms group_by=  0.001ms per_group= 0.002ms)
[pe] round=104 work=        7 frontier=       14 next=        7 consolidate=  0.010ms frontier=  0.001ms semisort=  0.004ms (keyed= 0.000ms group_by=  0.001ms per_group= 0.002ms)
[pe] round=105 work=        7 frontier=       28 next=        7 consolidate=  0.015ms frontier=  0.002ms semisort=  0.006ms (keyed= 0.000ms group_by=  0.001ms per_group= 0.002ms)
[pe] round=106 work=        7 frontier=       14 next=        7 consolidate=  0.016ms frontier=  0.002ms semisort=  0.005ms (keyed= 0.000ms group_by=  0.001ms per_group= 0.002ms)
[pe] round=107 work=        7 frontier=       28 next=        7 consolidate=  0.011ms frontier=  0.001ms semisort=  0.007ms (keyed= 0.000ms group_by=  0.001ms per_group= 0.002ms)
[pe] round=108 work=        7 frontier=       14 next=        7 consolidate=  0.010ms frontier=  0.001ms semisort=  0.005ms (keyed= 0.000ms group_by=  0.000ms per_group= 0.002ms)
[pe] round=109 work=        7 frontier=       28 next=        7 consolidate=  0.012ms frontier=  0.001ms semisort=  0.006ms (keyed= 0.000ms group_by=  0.001ms per_group= 0.002ms)
[pe] round=110 work=        7 frontier=       14 next=        7 consolidate=  0.011ms frontier=  0.001ms semisort=  0.010ms (keyed= 0.000ms group_by=  0.000ms per_group= 0.007ms)
[pe] round=111 work=        7 frontier=       28 next=        7 consolidate=  0.009ms frontier=  0.001ms semisort=  0.006ms (keyed= 0.000ms group_by=  0.001ms per_group= 0.002ms)
[pe] round=112 work=        7 frontier=       14 next=        7 consolidate=  0.009ms frontier=  0.001ms semisort=  0.005ms (keyed= 0.000ms group_by=  0.000ms per_group= 0.002ms)
[pe] round=113 work=        7 frontier=       28 next=        7 consolidate=  0.009ms frontier=  0.001ms semisort=  0.006ms (keyed= 0.000ms group_by=  0.001ms per_group= 0.002ms)
[pe] round=114 work=        7 frontier=       14 next=        7 consolidate=  0.009ms frontier=  0.001ms semisort=  0.004ms (keyed= 0.000ms group_by=  0.001ms per_group= 0.002ms)
[pe] round=115 work=        7 frontier=       28 next=        7 consolidate=  0.009ms frontier=  0.001ms semisort=  0.006ms (keyed= 0.000ms group_by=  0.001ms per_group= 0.002ms)
[pe] round=116 work=        7 frontier=       14 next=        7 consolidate=  0.009ms frontier=  0.001ms semisort=  0.004ms (keyed= 0.000ms group_by=  0.001ms per_group= 0.002ms)
[pe] round=117 work=        7 frontier=       28 next=        7 consolidate=  0.013ms frontier=  0.001ms semisort=  0.007ms (keyed= 0.000ms group_by=  0.001ms per_group= 0.002ms)
[pe] round=118 work=        7 frontier=       14 next=        7 consolidate=  0.014ms frontier=  0.002ms semisort=  0.005ms (keyed= 0.000ms group_by=  0.001ms per_group= 0.002ms)
[pe] round=119 work=        7 frontier=       28 next=        7 consolidate=  0.010ms frontier=  0.001ms semisort=  0.006ms (keyed= 0.000ms group_by=  0.001ms per_group= 0.002ms)
[pe] round=120 work=        7 frontier=       14 next=        7 consolidate=  0.010ms frontier=  0.001ms semisort=  0.005ms (keyed= 0.000ms group_by=  0.000ms per_group= 0.002ms)
[pe] round=121 work=        7 frontier=       28 next=        7 consolidate=  0.011ms frontier=  0.001ms semisort=  0.006ms (keyed= 0.000ms group_by=  0.001ms per_group= 0.003ms)
[pe] round=122 work=        7 frontier=       14 next=        7 consolidate=  0.012ms frontier=  0.001ms semisort=  0.004ms (keyed= 0.000ms group_by=  0.000ms per_group= 0.002ms)
[pe] round=123 work=        7 frontier=       28 next=        7 consolidate=  0.011ms frontier=  0.001ms semisort=  0.006ms (keyed= 0.000ms group_by=  0.001ms per_group= 0.002ms)
[pe] round=124 work=        7 frontier=       14 next=        7 consolidate=  0.014ms frontier=  0.002ms semisort=  0.005ms (keyed= 0.000ms group_by=  0.001ms per_group= 0.002ms)
[pe] round=125 work=        7 frontier=       28 next=        7 consolidate=  0.009ms frontier=  0.001ms semisort=  0.006ms (keyed= 0.000ms group_by=  0.001ms per_group= 0.002ms)
[pe] round=126 work=        7 frontier=       14 next=        7 consolidate=  0.009ms frontier=  0.001ms semisort=  0.004ms (keyed= 0.000ms group_by=  0.000ms per_group= 0.002ms)
[pe] round=127 work=        7 frontier=       28 next=        7 consolidate=  0.009ms frontier=  0.001ms semisort=  0.006ms (keyed= 0.000ms group_by=  0.001ms per_group= 0.002ms)
[pe] round=128 work=        7 frontier=       14 next=        7 consolidate=  0.010ms frontier=  0.001ms semisort=  0.004ms (keyed= 0.000ms group_by=  0.001ms per_group= 0.002ms)
[pe] round=129 work=        7 frontier=       28 next=        7 consolidate=  0.020ms frontier=  0.002ms semisort=  0.007ms (keyed= 0.000ms group_by=  0.001ms per_group= 0.002ms)
[pe] round=130 work=        7 frontier=       14 next=        7 consolidate=  0.008ms frontier=  0.001ms semisort=  0.005ms (keyed= 0.000ms group_by=  0.001ms per_group= 0.003ms)
[pe] round=131 work=        7 frontier=       28 next=        7 consolidate=  0.009ms frontier=  0.001ms semisort=  0.006ms (keyed= 0.000ms group_by=  0.001ms per_group= 0.002ms)
[pe] round=132 work=        7 frontier=       14 next=        7 consolidate=  0.014ms frontier=  0.002ms semisort=  0.004ms (keyed= 0.000ms group_by=  0.001ms per_group= 0.002ms)
[pe] round=133 work=        7 frontier=       28 next=        7 consolidate=  0.011ms frontier=  0.002ms semisort=  0.007ms (keyed= 0.000ms group_by=  0.001ms per_group= 0.002ms)
[pe] round=134 work=        7 frontier=       14 next=        7 consolidate=  0.009ms frontier=  0.001ms semisort=  0.005ms (keyed= 0.000ms group_by=  0.001ms per_group= 0.002ms)
[pe] round=135 work=        7 frontier=       28 next=        7 consolidate=  0.013ms frontier=  0.001ms semisort=  0.007ms (keyed= 0.000ms group_by=  0.001ms per_group= 0.002ms)
[pe] round=136 work=        7 frontier=       14 next=        7 consolidate=  0.009ms frontier=  0.001ms semisort=  0.004ms (keyed= 0.000ms group_by=  0.000ms per_group= 0.002ms)
[pe] round=137 work=        7 frontier=       28 next=        7 consolidate=  0.013ms frontier=  0.001ms semisort=  0.007ms (keyed= 0.000ms group_by=  0.001ms per_group= 0.003ms)
[pe] round=138 work=        7 frontier=       14 next=        7 consolidate=  0.013ms frontier=  0.001ms semisort=  0.005ms (keyed= 0.000ms group_by=  0.001ms per_group= 0.002ms)
[pe] round=139 work=        7 frontier=       28 next=        7 consolidate=  0.016ms frontier=  0.001ms semisort=  0.007ms (keyed= 0.000ms group_by=  0.001ms per_group= 0.002ms)
[pe] round=140 work=        7 frontier=       14 next=        7 consolidate=  0.010ms frontier=  0.001ms semisort=  0.005ms (keyed= 0.000ms group_by=  0.000ms per_group= 0.003ms)
[pe] round=141 work=        7 frontier=       28 next=        7 consolidate=  0.013ms frontier=  0.002ms semisort=  0.006ms (keyed= 0.000ms group_by=  0.001ms per_group= 0.002ms)
[pe] round=142 work=        7 frontier=       14 next=        7 consolidate=  0.009ms frontier=  0.001ms semisort=  0.005ms (keyed= 0.000ms group_by=  0.000ms per_group= 0.002ms)
[pe] round=143 work=        7 frontier=       28 next=        7 consolidate=  0.009ms frontier=  0.001ms semisort=  0.006ms (keyed= 0.000ms group_by=  0.001ms per_group= 0.002ms)
[pe] round=144 work=        7 frontier=       14 next=        7 consolidate=  0.008ms frontier=  0.001ms semisort=  0.005ms (keyed= 0.000ms group_by=  0.001ms per_group= 0.002ms)
[pe] round=145 work=        7 frontier=       28 next=        7 consolidate=  0.012ms frontier=  0.002ms semisort=  0.007ms (keyed= 0.000ms group_by=  0.001ms per_group= 0.003ms)
[pe] round=146 work=        7 frontier=       14 next=        7 consolidate=  0.016ms frontier=  0.002ms semisort=  0.005ms (keyed= 0.000ms group_by=  0.001ms per_group= 0.002ms)
[pe] round=147 work=        7 frontier=       28 next=        7 consolidate=  0.017ms frontier=  0.001ms semisort=  0.006ms (keyed= 0.000ms group_by=  0.001ms per_group= 0.002ms)
[pe] round=148 work=        7 frontier=       14 next=        7 consolidate=  0.009ms frontier=  0.001ms semisort=  0.005ms (keyed= 0.000ms group_by=  0.001ms per_group= 0.002ms)
[pe] round=149 work=        7 frontier=       28 next=        7 consolidate=  0.013ms frontier=  0.002ms semisort=  0.007ms (keyed= 0.000ms group_by=  0.001ms per_group= 0.002ms)
[pe] round=150 work=        7 frontier=       14 next=        7 consolidate=  0.017ms frontier=  0.001ms semisort=  0.005ms (keyed= 0.000ms group_by=  0.001ms per_group= 0.002ms)
[pe] round=151 work=        7 frontier=       28 next=        7 consolidate=  0.013ms frontier=  0.001ms semisort=  0.006ms (keyed= 0.000ms group_by=  0.001ms per_group= 0.002ms)
[pe] round=152 work=        7 frontier=       14 next=        7 consolidate=  0.015ms frontier=  0.001ms semisort=  0.005ms (keyed= 0.000ms group_by=  0.000ms per_group= 0.003ms)
[pe] round=153 work=        7 frontier=       28 next=        7 consolidate=  0.014ms frontier=  0.001ms semisort=  0.007ms (keyed= 0.000ms group_by=  0.001ms per_group= 0.003ms)
[pe] round=154 work=        7 frontier=       14 next=        7 consolidate=  0.008ms frontier=  0.001ms semisort=  0.005ms (keyed= 0.000ms group_by=  0.001ms per_group= 0.002ms)
[pe] round=155 work=        7 frontier=       28 next=        7 consolidate=  0.009ms frontier=  0.001ms semisort=  0.007ms (keyed= 0.000ms group_by=  0.001ms per_group= 0.003ms)
[pe] round=156 work=        7 frontier=       14 next=        7 consolidate=  0.010ms frontier=  0.001ms semisort=  0.004ms (keyed= 0.000ms group_by=  0.000ms per_group= 0.002ms)
[pe] round=157 work=        7 frontier=       28 next=        7 consolidate=  0.012ms frontier=  0.002ms semisort=  0.007ms (keyed= 0.000ms group_by=  0.001ms per_group= 0.003ms)
[pe] round=158 work=        7 frontier=       14 next=        7 consolidate=  0.009ms frontier=  0.001ms semisort=  0.005ms (keyed= 0.000ms group_by=  0.000ms per_group= 0.002ms)
[pe] round=159 work=        7 frontier=       28 next=        7 consolidate=  0.015ms frontier=  0.001ms semisort=  0.007ms (keyed= 0.000ms group_by=  0.001ms per_group= 0.002ms)
[pe] round=160 work=        7 frontier=       14 next=        7 consolidate=  0.010ms frontier=  0.001ms semisort=  0.004ms (keyed= 0.000ms group_by=  0.000ms per_group= 0.002ms)
[pe] round=161 work=        7 frontier=       28 next=        7 consolidate=  0.014ms frontier=  0.001ms semisort=  0.006ms (keyed= 0.000ms group_by=  0.001ms per_group= 0.002ms)
[pe] round=162 work=        7 frontier=       14 next=        7 consolidate=  0.009ms frontier=  0.001ms semisort=  0.006ms (keyed= 0.000ms group_by=  0.001ms per_group= 0.003ms)
[pe] round=163 work=        7 frontier=       28 next=        7 consolidate=  0.010ms frontier=  0.001ms semisort=  0.007ms (keyed= 0.000ms group_by=  0.001ms per_group= 0.002ms)
[pe] round=164 work=        7 frontier=       14 next=        7 consolidate=  0.009ms frontier=  0.001ms semisort=  0.005ms (keyed= 0.000ms group_by=  0.001ms per_group= 0.002ms)
[pe] round=165 work=        7 frontier=       28 next=        7 consolidate=  0.017ms frontier=  0.002ms semisort=  0.007ms (keyed= 0.000ms group_by=  0.001ms per_group= 0.002ms)
[pe] round=166 work=        7 frontier=       14 next=        7 consolidate=  0.008ms frontier=  0.001ms semisort=  0.005ms (keyed= 0.000ms group_by=  0.000ms per_group= 0.002ms)
[pe] round=167 work=        7 frontier=       28 next=        7 consolidate=  0.016ms frontier=  0.001ms semisort=  0.006ms (keyed= 0.000ms group_by=  0.001ms per_group= 0.002ms)
[pe] round=168 work=        7 frontier=       14 next=        7 consolidate=  0.008ms frontier=  0.001ms semisort=  0.005ms (keyed= 0.000ms group_by=  0.001ms per_group= 0.002ms)
[pe] round=169 work=        7 frontier=       28 next=        7 consolidate=  0.009ms frontier=  0.001ms semisort=  0.006ms (keyed= 0.000ms group_by=  0.001ms per_group= 0.002ms)
[pe] round=170 work=        7 frontier=       14 next=        7 consolidate=  0.010ms frontier=  0.001ms semisort=  0.005ms (keyed= 0.000ms group_by=  0.000ms per_group= 0.003ms)
[pe] round=171 work=        7 frontier=       28 next=        7 consolidate=  0.010ms frontier=  0.001ms semisort=  0.006ms (keyed= 0.000ms group_by=  0.001ms per_group= 0.002ms)
[pe] round=172 work=        7 frontier=       14 next=        7 consolidate=  0.011ms frontier=  0.001ms semisort=  0.005ms (keyed= 0.000ms group_by=  0.001ms per_group= 0.002ms)
[pe] round=173 work=        7 frontier=       28 next=        7 consolidate=  0.013ms frontier=  0.001ms semisort=  0.007ms (keyed= 0.000ms group_by=  0.001ms per_group= 0.002ms)
[pe] round=174 work=        7 frontier=       14 next=        7 consolidate=  0.008ms frontier=  0.001ms semisort=  0.005ms (keyed= 0.000ms group_by=  0.000ms per_group= 0.002ms)
[pe] round=175 work=        7 frontier=       28 next=        7 consolidate=  0.010ms frontier=  0.001ms semisort=  0.006ms (keyed= 0.000ms group_by=  0.001ms per_group= 0.002ms)
[pe] round=176 work=        7 frontier=       14 next=        7 consolidate=  0.009ms frontier=  0.001ms semisort=  0.004ms (keyed= 0.000ms group_by=  0.001ms per_group= 0.002ms)
[pe] round=177 work=        7 frontier=       28 next=        7 consolidate=  0.009ms frontier=  0.001ms semisort=  0.007ms (keyed= 0.000ms group_by=  0.001ms per_group= 0.003ms)
[pe] round=178 work=        7 frontier=       14 next=        7 consolidate=  0.015ms frontier=  0.001ms semisort=  0.005ms (keyed= 0.000ms group_by=  0.001ms per_group= 0.002ms)
[pe] round=179 work=        7 frontier=       28 next=        7 consolidate=  0.010ms frontier=  0.001ms semisort=  0.006ms (keyed= 0.000ms group_by=  0.001ms per_group= 0.002ms)
[pe] round=180 work=        7 frontier=       14 next=        7 consolidate=  0.012ms frontier=  0.001ms semisort=  0.005ms (keyed= 0.000ms group_by=  0.001ms per_group= 0.002ms)
[pe] round=181 work=        7 frontier=       28 next=        7 consolidate=  0.017ms frontier=  0.001ms semisort=  0.006ms (keyed= 0.000ms group_by=  0.001ms per_group= 0.002ms)
[pe] round=182 work=        7 frontier=       14 next=        7 consolidate=  0.021ms frontier=  0.002ms semisort=  0.005ms (keyed= 0.000ms group_by=  0.001ms per_group= 0.002ms)
[pe] round=183 work=        7 frontier=       28 next=        7 consolidate=  0.012ms frontier=  0.001ms semisort=  0.006ms (keyed= 0.000ms group_by=  0.001ms per_group= 0.002ms)
[pe] round=184 work=        7 frontier=       14 next=        7 consolidate=  0.014ms frontier=  0.001ms semisort=  0.006ms (keyed= 0.000ms group_by=  0.001ms per_group= 0.003ms)
[pe] round=185 work=        7 frontier=       28 next=        7 consolidate=  0.016ms frontier=  0.001ms semisort=  0.006ms (keyed= 0.000ms group_by=  0.001ms per_group= 0.002ms)
[pe] round=186 work=        7 frontier=       14 next=        7 consolidate=  0.010ms frontier=  0.001ms semisort=  0.005ms (keyed= 0.000ms group_by=  0.001ms per_group= 0.002ms)
[pe] round=187 work=        7 frontier=       28 next=        7 consolidate=  0.009ms frontier=  0.001ms semisort=  0.006ms (keyed= 0.000ms group_by=  0.001ms per_group= 0.002ms)
[pe] round=188 work=        7 frontier=       14 next=        7 consolidate=  0.010ms frontier=  0.001ms semisort=  0.005ms (keyed= 0.000ms group_by=  0.000ms per_group= 0.002ms)
[pe] round=189 work=        7 frontier=       28 next=        7 consolidate=  0.016ms frontier=  0.001ms semisort=  0.007ms (keyed= 0.000ms group_by=  0.001ms per_group= 0.003ms)
[pe] round=190 work=        7 frontier=       14 next=        7 consolidate=  0.010ms frontier=  0.001ms semisort=  0.005ms (keyed= 0.000ms group_by=  0.000ms per_group= 0.002ms)
[pe] round=191 work=        7 frontier=       28 next=        7 consolidate=  0.011ms frontier=  0.001ms semisort=  0.006ms (keyed= 0.000ms group_by=  0.001ms per_group= 0.002ms)
[pe] round=192 work=        7 frontier=       14 next=        7 consolidate=  0.010ms frontier=  0.001ms semisort=  0.005ms (keyed= 0.000ms group_by=  0.001ms per_group= 0.002ms)
[pe] round=193 work=        7 frontier=       28 next=        7 consolidate=  0.009ms frontier=  0.001ms semisort=  0.006ms (keyed= 0.000ms group_by=  0.001ms per_group= 0.002ms)
[pe] round=194 work=        7 frontier=       14 next=        7 consolidate=  0.015ms frontier=  0.002ms semisort=  0.006ms (keyed= 0.000ms group_by=  0.001ms per_group= 0.003ms)
[pe] round=195 work=        7 frontier=       28 next=        7 consolidate=  0.010ms frontier=  0.001ms semisort=  0.007ms (keyed= 0.000ms group_by=  0.001ms per_group= 0.002ms)
[pe] round=196 work=        7 frontier=       14 next=        7 consolidate=  0.010ms frontier=  0.001ms semisort=  0.004ms (keyed= 0.000ms group_by=  0.001ms per_group= 0.002ms)
[pe] round=197 work=        7 frontier=       28 next=        7 consolidate=  0.014ms frontier=  0.001ms semisort=  0.006ms (keyed= 0.000ms group_by=  0.001ms per_group= 0.002ms)
[pe] round=198 work=        7 frontier=       14 next=        7 consolidate=  0.008ms frontier=  0.001ms semisort=  0.005ms (keyed= 0.000ms group_by=  0.001ms per_group= 0.002ms)
[pe] round=199 work=        7 frontier=       28 next=        7 consolidate=  0.009ms frontier=  0.001ms semisort=  0.006ms (keyed= 0.000ms group_by=  0.001ms per_group= 0.002ms)
[pe] round=200 work=        7 frontier=       14 next=        7 consolidate=  0.008ms frontier=  0.001ms semisort=  0.005ms (keyed= 0.000ms group_by=  0.001ms per_group= 0.002ms)
[pe] round=201 work=        7 frontier=       28 next=        7 consolidate=  0.015ms frontier=  0.002ms semisort=  0.006ms (keyed= 0.000ms group_by=  0.001ms per_group= 0.002ms)
[pe] round=202 work=        7 frontier=       14 next=        7 consolidate=  0.010ms frontier=  0.001ms semisort=  0.004ms (keyed= 0.000ms group_by=  0.001ms per_group= 0.002ms)
[pe] round=203 work=        7 frontier=       28 next=        7 consolidate=  0.009ms frontier=  0.001ms semisort=  0.006ms (keyed= 0.000ms group_by=  0.001ms per_group= 0.002ms)
[pe] round=204 work=        7 frontier=       14 next=        7 consolidate=  0.008ms frontier=  0.001ms semisort=  0.004ms (keyed= 0.000ms group_by=  0.000ms per_group= 0.002ms)
[pe] round=205 work=        7 frontier=       28 next=        7 consolidate=  0.010ms frontier=  0.001ms semisort=  0.008ms (keyed= 0.000ms group_by=  0.001ms per_group= 0.002ms)
[pe] round=206 work=        7 frontier=       14 next=        7 consolidate=  0.009ms frontier=  0.001ms semisort=  0.010ms (keyed= 0.000ms group_by=  0.001ms per_group= 0.007ms)
[pe] round=207 work=        7 frontier=       28 next=        7 consolidate=  0.013ms frontier=  0.002ms semisort=  0.007ms (keyed= 0.000ms group_by=  0.001ms per_group= 0.002ms)
[pe] round=208 work=        7 frontier=       14 next=        7 consolidate=  0.009ms frontier=  0.001ms semisort=  0.005ms (keyed= 0.000ms group_by=  0.001ms per_group= 0.002ms)
[pe] round=209 work=        7 frontier=       34 next=        7 consolidate=  0.016ms frontier=  0.001ms semisort=  0.017ms (keyed= 0.000ms group_by=  0.002ms per_group= 0.003ms)
[pe] round=210 work=        7 frontier=       14 next=        4 consolidate=  0.008ms frontier=  0.001ms semisort=  0.005ms (keyed= 0.000ms group_by=  0.001ms per_group= 0.002ms)
[pe] round=211 work=        4 frontier=       16 next=        4 consolidate=  0.005ms frontier=  0.001ms semisort=  0.004ms (keyed= 0.000ms group_by=  0.001ms per_group= 0.001ms)
[pe] round=212 work=        4 frontier=        8 next=        4 consolidate=  0.004ms frontier=  0.001ms semisort=  0.003ms (keyed= 0.000ms group_by=  0.000ms per_group= 0.001ms)
[pe] round=213 work=        4 frontier=       16 next=        4 consolidate=  0.005ms frontier=  0.001ms semisort=  0.004ms (keyed= 0.000ms group_by=  0.001ms per_group= 0.001ms)
[pe] round=214 work=        4 frontier=        8 next=        4 consolidate=  0.004ms frontier=  0.001ms semisort=  0.003ms (keyed= 0.000ms group_by=  0.000ms per_group= 0.001ms)
[pe] round=215 work=        4 frontier=       16 next=        4 consolidate=  0.005ms frontier=  0.001ms semisort=  0.005ms (keyed= 0.000ms group_by=  0.001ms per_group= 0.001ms)
[pe] round=216 work=        4 frontier=        8 next=        4 consolidate=  0.004ms frontier=  0.001ms semisort=  0.003ms (keyed= 0.000ms group_by=  0.000ms per_group= 0.001ms)
[pe] round=217 work=        4 frontier=       16 next=        4 consolidate=  0.005ms frontier=  0.001ms semisort=  0.005ms (keyed= 0.000ms group_by=  0.000ms per_group= 0.001ms)
[pe] round=218 work=        4 frontier=        8 next=        4 consolidate=  0.007ms frontier=  0.001ms semisort=  0.004ms (keyed= 0.000ms group_by=  0.000ms per_group= 0.002ms)
[pe] round=219 work=        4 frontier=       16 next=        4 consolidate=  0.004ms frontier=  0.001ms semisort=  0.005ms (keyed= 0.000ms group_by=  0.000ms per_group= 0.002ms)
[pe] round=220 work=        4 frontier=        8 next=        4 consolidate=  0.004ms frontier=  0.000ms semisort=  0.003ms (keyed= 0.000ms group_by=  0.000ms per_group= 0.001ms)
[pe] round=221 work=        4 frontier=       16 next=        4 consolidate=  0.014ms frontier=  0.001ms semisort=  0.005ms (keyed= 0.000ms group_by=  0.001ms per_group= 0.002ms)
[pe] round=222 work=        4 frontier=        8 next=        4 consolidate=  0.004ms frontier=  0.001ms semisort=  0.003ms (keyed= 0.000ms group_by=  0.000ms per_group= 0.001ms)
[pe] round=223 work=        4 frontier=       16 next=        4 consolidate=  0.008ms frontier=  0.001ms semisort=  0.004ms (keyed= 0.000ms group_by=  0.000ms per_group= 0.002ms)
[pe] round=224 work=        4 frontier=        8 next=        4 consolidate=  0.004ms frontier=  0.001ms semisort=  0.003ms (keyed= 0.000ms group_by=  0.000ms per_group= 0.001ms)
[pe] round=225 work=        4 frontier=       16 next=        4 consolidate=  0.005ms frontier=  0.001ms semisort=  0.004ms (keyed= 0.000ms group_by=  0.000ms per_group= 0.001ms)
[pe] round=226 work=        4 frontier=        8 next=        4 consolidate=  0.009ms frontier=  0.001ms semisort=  0.004ms (keyed= 0.000ms group_by=  0.000ms per_group= 0.002ms)
[pe] round=227 work=        4 frontier=       16 next=        4 consolidate=  0.004ms frontier=  0.001ms semisort=  0.004ms (keyed= 0.000ms group_by=  0.001ms per_group= 0.001ms)
[pe] round=228 work=        4 frontier=        8 next=        4 consolidate=  0.004ms frontier=  0.001ms semisort=  0.004ms (keyed= 0.000ms group_by=  0.000ms per_group= 0.001ms)
[pe] round=229 work=        4 frontier=       16 next=        4 consolidate=  0.005ms frontier=  0.001ms semisort=  0.004ms (keyed= 0.000ms group_by=  0.000ms per_group= 0.001ms)
[pe] round=230 work=        4 frontier=        8 next=        4 consolidate=  0.004ms frontier=  0.001ms semisort=  0.003ms (keyed= 0.000ms group_by=  0.000ms per_group= 0.001ms)
[pe] round=231 work=        4 frontier=       16 next=        4 consolidate=  0.004ms frontier=  0.000ms semisort=  0.005ms (keyed= 0.000ms group_by=  0.000ms per_group= 0.001ms)
[pe] round=232 work=        4 frontier=        8 next=        4 consolidate=  0.004ms frontier=  0.001ms semisort=  0.003ms (keyed= 0.000ms group_by=  0.000ms per_group= 0.001ms)
[pe] round=233 work=        4 frontier=       16 next=        4 consolidate=  0.004ms frontier=  0.001ms semisort=  0.005ms (keyed= 0.000ms group_by=  0.000ms per_group= 0.002ms)
[pe] round=234 work=        4 frontier=        8 next=        4 consolidate=  0.011ms frontier=  0.001ms semisort=  0.003ms (keyed= 0.000ms group_by=  0.000ms per_group= 0.001ms)
[pe] round=235 work=        4 frontier=       16 next=        4 consolidate=  0.005ms frontier=  0.001ms semisort=  0.004ms (keyed= 0.000ms group_by=  0.001ms per_group= 0.001ms)
[pe] round=236 work=        4 frontier=        8 next=        4 consolidate=  0.004ms frontier=  0.000ms semisort=  0.003ms (keyed= 0.000ms group_by=  0.000ms per_group= 0.001ms)
[pe] round=237 work=        4 frontier=       16 next=        4 consolidate=  0.010ms frontier=  0.001ms semisort=  0.004ms (keyed= 0.000ms group_by=  0.000ms per_group= 0.002ms)
[pe] round=238 work=        4 frontier=        8 next=        4 consolidate=  0.004ms frontier=  0.001ms semisort=  0.003ms (keyed= 0.000ms group_by=  0.000ms per_group= 0.001ms)
[pe] round=239 work=        4 frontier=       16 next=        4 consolidate=  0.013ms frontier=  0.001ms semisort=  0.005ms (keyed= 0.000ms group_by=  0.001ms per_group= 0.002ms)
[pe] round=240 work=        4 frontier=        8 next=        4 consolidate=  0.004ms frontier=  0.001ms semisort=  0.003ms (keyed= 0.000ms group_by=  0.000ms per_group= 0.002ms)
[pe] round=241 work=        4 frontier=       16 next=        4 consolidate=  0.004ms frontier=  0.001ms semisort=  0.004ms (keyed= 0.000ms group_by=  0.000ms per_group= 0.002ms)
[pe] round=242 work=        4 frontier=        8 next=        4 consolidate=  0.011ms frontier=  0.001ms semisort=  0.003ms (keyed= 0.000ms group_by=  0.000ms per_group= 0.002ms)
[pe] round=243 work=        4 frontier=       16 next=        4 consolidate=  0.005ms frontier=  0.001ms semisort=  0.005ms (keyed= 0.000ms group_by=  0.001ms per_group= 0.001ms)
[pe] round=244 work=        4 frontier=        8 next=        4 consolidate=  0.012ms frontier=  0.001ms semisort=  0.003ms (keyed= 0.000ms group_by=  0.000ms per_group= 0.001ms)
[pe] round=245 work=        4 frontier=       16 next=        4 consolidate=  0.015ms frontier=  0.001ms semisort=  0.005ms (keyed= 0.000ms group_by=  0.001ms per_group= 0.002ms)
[pe] round=246 work=        4 frontier=        8 next=        4 consolidate=  0.005ms frontier=  0.000ms semisort=  0.015ms (keyed= 0.000ms group_by=  0.000ms per_group= 0.013ms)
[pe] round=247 work=        4 frontier=       16 next=        4 consolidate=  0.005ms frontier=  0.000ms semisort=  0.004ms (keyed= 0.000ms group_by=  0.000ms per_group= 0.001ms)
[pe] round=248 work=        4 frontier=        8 next=        4 consolidate=  0.004ms frontier=  0.000ms semisort=  0.003ms (keyed= 0.000ms group_by=  0.000ms per_group= 0.002ms)
[pe] round=249 work=        4 frontier=       16 next=        4 consolidate=  0.005ms frontier=  0.000ms semisort=  0.005ms (keyed= 0.000ms group_by=  0.000ms per_group= 0.002ms)
[pe] round=250 work=        4 frontier=        8 next=        4 consolidate=  0.009ms frontier=  0.001ms semisort=  0.003ms (keyed= 0.000ms group_by=  0.000ms per_group= 0.001ms)
[pe] round=251 work=        4 frontier=       16 next=        4 consolidate=  0.005ms frontier=  0.001ms semisort=  0.005ms (keyed= 0.000ms group_by=  0.001ms per_group= 0.001ms)
[pe] round=252 work=        4 frontier=        8 next=        4 consolidate=  0.004ms frontier=  0.001ms semisort=  0.003ms (keyed= 0.000ms group_by=  0.000ms per_group= 0.001ms)
[pe] round=253 work=        4 frontier=       16 next=        4 consolidate=  0.005ms frontier=  0.001ms semisort=  0.005ms (keyed= 0.000ms group_by=  0.000ms per_group= 0.002ms)
[pe] round=254 work=        4 frontier=        8 next=        4 consolidate=  0.004ms frontier=  0.001ms semisort=  0.003ms (keyed= 0.000ms group_by=  0.000ms per_group= 0.001ms)
[pe] round=255 work=        4 frontier=       16 next=        4 consolidate=  0.007ms frontier=  0.001ms semisort=  0.005ms (keyed= 0.000ms group_by=  0.001ms per_group= 0.002ms)
[pe] round=256 work=        4 frontier=        8 next=        4 consolidate=  0.004ms frontier=  0.001ms semisort=  0.003ms (keyed= 0.000ms group_by=  0.000ms per_group= 0.001ms)
[pe] round=257 work=        4 frontier=       16 next=        4 consolidate=  0.005ms frontier=  0.000ms semisort=  0.004ms (keyed= 0.000ms group_by=  0.000ms per_group= 0.001ms)
[pe] round=258 work=        4 frontier=        8 next=        4 consolidate=  0.010ms frontier=  0.001ms semisort=  0.004ms (keyed= 0.000ms group_by=  0.000ms per_group= 0.002ms)
[pe] round=259 work=        4 frontier=       16 next=        4 consolidate=  0.004ms frontier=  0.001ms semisort=  0.004ms (keyed= 0.000ms group_by=  0.000ms per_group= 0.001ms)
[pe] round=260 work=        4 frontier=        8 next=        4 consolidate=  0.004ms frontier=  0.001ms semisort=  0.003ms (keyed= 0.000ms group_by=  0.000ms per_group= 0.001ms)
[pe] round=261 work=        4 frontier=       16 next=        4 consolidate=  0.005ms frontier=  0.001ms semisort=  0.004ms (keyed= 0.000ms group_by=  0.000ms per_group= 0.001ms)
[pe] round=262 work=        4 frontier=        8 next=        4 consolidate=  0.004ms frontier=  0.000ms semisort=  0.003ms (keyed= 0.000ms group_by=  0.000ms per_group= 0.001ms)
[pe] round=263 work=        4 frontier=       16 next=        4 consolidate=  0.015ms frontier=  0.001ms semisort=  0.005ms (keyed= 0.000ms group_by=  0.001ms per_group= 0.002ms)
[pe] round=264 work=        4 frontier=        8 next=        4 consolidate=  0.004ms frontier=  0.001ms semisort=  0.003ms (keyed= 0.000ms group_by=  0.000ms per_group= 0.001ms)
[pe] round=265 work=        4 frontier=       16 next=        4 consolidate=  0.004ms frontier=  0.001ms semisort=  0.004ms (keyed= 0.000ms group_by=  0.001ms per_group= 0.001ms)
[pe] round=266 work=        4 frontier=        8 next=        4 consolidate=  0.017ms frontier=  0.001ms semisort=  0.004ms (keyed= 0.000ms group_by=  0.001ms per_group= 0.001ms)
[pe] round=267 work=        4 frontier=       16 next=        4 consolidate=  0.005ms frontier=  0.001ms semisort=  0.006ms (keyed= 0.000ms group_by=  0.001ms per_group= 0.002ms)
[pe] round=268 work=        4 frontier=        8 next=        4 consolidate=  0.004ms frontier=  0.001ms semisort=  0.003ms (keyed= 0.000ms group_by=  0.000ms per_group= 0.001ms)
[pe] round=269 work=        4 frontier=       16 next=        4 consolidate=  0.005ms frontier=  0.000ms semisort=  0.005ms (keyed= 0.000ms group_by=  0.000ms per_group= 0.001ms)
[pe] round=270 work=        4 frontier=        8 next=        4 consolidate=  0.004ms frontier=  0.000ms semisort=  0.003ms (keyed= 0.000ms group_by=  0.000ms per_group= 0.001ms)
[pe] round=271 work=        4 frontier=       16 next=        4 consolidate=  0.005ms frontier=  0.001ms semisort=  0.005ms (keyed= 0.000ms group_by=  0.000ms per_group= 0.001ms)
[pe] round=272 work=        4 frontier=        8 next=        4 consolidate=  0.004ms frontier=  0.001ms semisort=  0.003ms (keyed= 0.000ms group_by=  0.000ms per_group= 0.001ms)
[pe] round=273 work=        4 frontier=       16 next=        4 consolidate=  0.004ms frontier=  0.000ms semisort=  0.005ms (keyed= 0.000ms group_by=  0.000ms per_group= 0.002ms)
[pe] round=274 work=        4 frontier=        8 next=        4 consolidate=  0.009ms frontier=  0.001ms semisort=  0.004ms (keyed= 0.000ms group_by=  0.000ms per_group= 0.002ms)
[pe] round=275 work=        4 frontier=       16 next=        4 consolidate=  0.005ms frontier=  0.001ms semisort=  0.005ms (keyed= 0.000ms group_by=  0.001ms per_group= 0.002ms)
[pe] round=276 work=        4 frontier=        8 next=        4 consolidate=  0.004ms frontier=  0.000ms semisort=  0.003ms (keyed= 0.000ms group_by=  0.000ms per_group= 0.001ms)
[pe] round=277 work=        4 frontier=       16 next=        4 consolidate=  0.005ms frontier=  0.001ms semisort=  0.005ms (keyed= 0.000ms group_by=  0.000ms per_group= 0.001ms)
[pe] round=278 work=        4 frontier=        8 next=        4 consolidate=  0.005ms frontier=  0.001ms semisort=  0.003ms (keyed= 0.000ms group_by=  0.000ms per_group= 0.001ms)
[pe] round=279 work=        4 frontier=       16 next=        4 consolidate=  0.008ms frontier=  0.000ms semisort=  0.005ms (keyed= 0.000ms group_by=  0.001ms per_group= 0.001ms)
[pe] round=280 work=        4 frontier=        8 next=        4 consolidate=  0.004ms frontier=  0.001ms semisort=  0.003ms (keyed= 0.000ms group_by=  0.000ms per_group= 0.002ms)
[pe] round=281 work=        4 frontier=       16 next=        4 consolidate=  0.004ms frontier=  0.001ms semisort=  0.005ms (keyed= 0.000ms group_by=  0.000ms per_group= 0.001ms)
[pe] round=282 work=        4 frontier=        8 next=        4 consolidate=  0.008ms frontier=  0.001ms semisort=  0.003ms (keyed= 0.000ms group_by=  0.000ms per_group= 0.001ms)
[pe] round=283 work=        4 frontier=       16 next=        4 consolidate=  0.004ms frontier=  0.001ms semisort=  0.004ms (keyed= 0.000ms group_by=  0.001ms per_group= 0.002ms)
[pe] round=284 work=        4 frontier=        8 next=        4 consolidate=  0.004ms frontier=  0.001ms semisort=  0.003ms (keyed= 0.000ms group_by=  0.000ms per_group= 0.001ms)
[pe] round=285 work=        4 frontier=       16 next=        4 consolidate=  0.005ms frontier=  0.001ms semisort=  0.004ms (keyed= 0.000ms group_by=  0.000ms per_group= 0.002ms)
[pe] round=286 work=        4 frontier=        8 next=        4 consolidate=  0.003ms frontier=  0.000ms semisort=  0.003ms (keyed= 0.000ms group_by=  0.000ms per_group= 0.001ms)
[pe] round=287 work=        4 frontier=       16 next=        4 consolidate=  0.004ms frontier=  0.001ms semisort=  0.004ms (keyed= 0.000ms group_by=  0.000ms per_group= 0.002ms)
[pe] round=288 work=        4 frontier=        8 next=        4 consolidate=  0.004ms frontier=  0.000ms semisort=  0.003ms (keyed= 0.000ms group_by=  0.000ms per_group= 0.001ms)
[pe] round=289 work=        4 frontier=       16 next=        4 consolidate=  0.004ms frontier=  0.000ms semisort=  0.004ms (keyed= 0.000ms group_by=  0.000ms per_group= 0.001ms)
[pe] round=290 work=        4 frontier=        8 next=        4 consolidate=  0.010ms frontier=  0.001ms semisort=  0.004ms (keyed= 0.000ms group_by=  0.000ms per_group= 0.002ms)
[pe] round=291 work=        4 frontier=       16 next=        4 consolidate=  0.004ms frontier=  0.001ms semisort=  0.004ms (keyed= 0.000ms group_by=  0.001ms per_group= 0.001ms)
[pe] round=292 work=        4 frontier=        8 next=        4 consolidate=  0.011ms frontier=  0.001ms semisort=  0.004ms (keyed= 0.000ms group_by=  0.000ms per_group= 0.002ms)
[pe] round=293 work=        4 frontier=       16 next=        4 consolidate=  0.013ms frontier=  0.001ms semisort=  0.006ms (keyed= 0.000ms group_by=  0.001ms per_group= 0.002ms)
[pe] round=294 work=        4 frontier=        8 next=        4 consolidate=  0.004ms frontier=  0.000ms semisort=  0.003ms (keyed= 0.000ms group_by=  0.000ms per_group= 0.001ms)
[pe] round=295 work=        4 frontier=       16 next=        4 consolidate=  0.005ms frontier=  0.001ms semisort=  0.004ms (keyed= 0.000ms group_by=  0.000ms per_group= 0.001ms)
[pe] round=296 work=        4 frontier=        8 next=        4 consolidate=  0.004ms frontier=  0.000ms semisort=  0.003ms (keyed= 0.000ms group_by=  0.000ms per_group= 0.001ms)
[pe] round=297 work=        4 frontier=       16 next=        4 consolidate=  0.004ms frontier=  0.001ms semisort=  0.004ms (keyed= 0.000ms group_by=  0.000ms per_group= 0.002ms)
[pe] round=298 work=        4 frontier=        8 next=        4 consolidate=  0.008ms frontier=  0.001ms semisort=  0.003ms (keyed= 0.000ms group_by=  0.000ms per_group= 0.001ms)
[pe] round=299 work=        4 frontier=       16 next=        4 consolidate=  0.005ms frontier=  0.001ms semisort=  0.005ms (keyed= 0.000ms group_by=  0.001ms per_group= 0.002ms)
[pe] round=300 work=        4 frontier=        8 next=        4 consolidate=  0.004ms frontier=  0.001ms semisort=  0.003ms (keyed= 0.000ms group_by=  0.000ms per_group= 0.001ms)
[pe] round=301 work=        4 frontier=       16 next=        4 consolidate=  0.013ms frontier=  0.001ms semisort=  0.005ms (keyed= 0.000ms group_by=  0.001ms per_group= 0.002ms)
[pe] round=302 work=        4 frontier=        8 next=        4 consolidate=  0.004ms frontier=  0.001ms semisort=  0.003ms (keyed= 0.000ms group_by=  0.000ms per_group= 0.001ms)
[pe] round=303 work=        4 frontier=       16 next=        4 consolidate=  0.005ms frontier=  0.001ms semisort=  0.004ms (keyed= 0.000ms group_by=  0.000ms per_group= 0.001ms)
[pe] round=304 work=        4 frontier=        8 next=        4 consolidate=  0.004ms frontier=  0.000ms semisort=  0.003ms (keyed= 0.000ms group_by=  0.000ms per_group= 0.002ms)
[pe] round=305 work=        4 frontier=       16 next=        4 consolidate=  0.005ms frontier=  0.001ms semisort=  0.005ms (keyed= 0.000ms group_by=  0.001ms per_group= 0.002ms)
[pe] round=306 work=        4 frontier=        8 next=        4 consolidate=  0.004ms frontier=  0.000ms semisort=  0.003ms (keyed= 0.000ms group_by=  0.000ms per_group= 0.001ms)
[pe] round=307 work=        4 frontier=       16 next=        4 consolidate=  0.005ms frontier=  0.001ms semisort=  0.004ms (keyed= 0.000ms group_by=  0.000ms per_group= 0.001ms)
[pe] round=308 work=        4 frontier=        8 next=        4 consolidate=  0.004ms frontier=  0.001ms semisort=  0.003ms (keyed= 0.000ms group_by=  0.000ms per_group= 0.001ms)
[pe] round=309 work=        4 frontier=       16 next=        4 consolidate=  0.005ms frontier=  0.001ms semisort=  0.004ms (keyed= 0.000ms group_by=  0.000ms per_group= 0.001ms)
[pe] round=310 work=        4 frontier=        8 next=        4 consolidate=  0.004ms frontier=  0.000ms semisort=  0.003ms (keyed= 0.000ms group_by=  0.000ms per_group= 0.001ms)
[pe] round=311 work=        4 frontier=       16 next=        4 consolidate=  0.009ms frontier=  0.001ms semisort=  0.005ms (keyed= 0.000ms group_by=  0.001ms per_group= 0.002ms)
[pe] round=312 work=        4 frontier=        8 next=        4 consolidate=  0.004ms frontier=  0.000ms semisort=  0.003ms (keyed= 0.000ms group_by=  0.000ms per_group= 0.001ms)
[pe] round=313 work=        4 frontier=       16 next=        4 consolidate=  0.005ms frontier=  0.000ms semisort=  0.004ms (keyed= 0.000ms group_by=  0.000ms per_group= 0.002ms)
[pe] round=314 work=        4 frontier=        8 next=        4 consolidate=  0.011ms frontier=  0.001ms semisort=  0.004ms (keyed= 0.000ms group_by=  0.001ms per_group= 0.002ms)
[pe] round=315 work=        4 frontier=       16 next=        4 consolidate=  0.005ms frontier=  0.001ms semisort=  0.005ms (keyed= 0.000ms group_by=  0.000ms per_group= 0.002ms)
[pe] round=316 work=        4 frontier=        8 next=        4 consolidate=  0.004ms frontier=  0.001ms semisort=  0.003ms (keyed= 0.000ms group_by=  0.000ms per_group= 0.001ms)
[pe] round=317 work=        4 frontier=       16 next=        4 consolidate=  0.005ms frontier=  0.000ms semisort=  0.005ms (keyed= 0.000ms group_by=  0.000ms per_group= 0.002ms)
[pe] round=318 work=        4 frontier=        8 next=        0 consolidate=  0.004ms frontier=  0.000ms semisort=  0.003ms (keyed= 0.000ms group_by=  0.000ms per_group= 0.001ms)
[pe] round=  0 work= 11962503 frontier=  6945599 next=    30936 consolidate= 56.330ms frontier= 10.989ms semisort= 21.281ms (keyed= 6.896ms group_by=  0.722ms per_group= 2.281ms)
[pe] round=  1 work=    30936 frontier=   150707 next=    29560 consolidate=  1.093ms frontier=  0.331ms semisort=  2.385ms (keyed= 0.094ms group_by=  1.222ms per_group= 0.439ms)
[pe] round=  2 work=    29560 frontier=    82710 next=     7057 consolidate=  0.877ms frontier=  0.280ms semisort=  1.770ms (keyed= 0.026ms group_by=  1.038ms per_group= 0.302ms)
[pe] round=  3 work=     7057 frontier=    29048 next=     4908 consolidate=  1.313ms frontier=  0.211ms semisort=  0.718ms (keyed= 0.036ms group_by=  0.265ms per_group= 0.195ms)
[pe] round=  4 work=     4908 frontier=    15689 next=     2466 consolidate=  0.930ms frontier=  0.147ms semisort=  0.638ms (keyed= 0.024ms group_by=  0.269ms per_group= 0.151ms)
[pe] round=  5 work=     2466 frontier=     9454 next=     2001 consolidate=  0.466ms frontier=  0.091ms semisort=  0.942ms (keyed= 0.021ms group_by=  0.672ms per_group= 0.101ms)
[pe] round=  6 work=     2001 frontier=     9471 next=     1425 consolidate=  0.424ms frontier=  0.093ms semisort=  0.795ms (keyed= 0.016ms group_by=  0.507ms per_group= 0.134ms)
[pe] round=  7 work=     1425 frontier=    10612 next=     1326 consolidate=  0.282ms frontier=  0.065ms semisort=  0.481ms (keyed= 0.025ms group_by=  0.149ms per_group= 0.148ms)
[pe] round=  8 work=     1326 frontier=    13498 next=     1167 consolidate=  0.285ms frontier=  0.070ms semisort=  0.483ms (keyed= 0.035ms group_by=  0.170ms per_group= 0.141ms)
[pe] round=  9 work=     1167 frontier=     7552 next=     1174 consolidate=  0.258ms frontier=  0.050ms semisort=  0.902ms (keyed= 0.018ms group_by=  0.654ms per_group= 0.103ms)
[pe] round= 10 work=     1174 frontier=     9434 next=     1134 consolidate=  0.258ms frontier=  0.067ms semisort=  0.946ms (keyed= 0.022ms group_by=  0.680ms per_group= 0.098ms)
[pe] round= 11 work=     1134 frontier=     6342 next=     1077 consolidate=  0.245ms frontier=  0.058ms semisort=  0.698ms (keyed= 0.018ms group_by=  0.449ms per_group= 0.116ms)
[pe] round= 12 work=     1077 frontier=     5496 next=     1079 consolidate=  0.261ms frontier=  0.057ms semisort=  0.605ms (keyed= 0.011ms group_by=  0.362ms per_group= 0.122ms)
[pe] round= 13 work=     1079 frontier=     3492 next=      799 consolidate=  0.260ms frontier=  0.045ms semisort=  0.442ms (keyed= 0.011ms group_by=  0.256ms per_group= 0.069ms)
[pe] round= 14 work=      799 frontier=     2006 next=      601 consolidate=  0.153ms frontier=  0.037ms semisort=  0.190ms (keyed= 0.006ms group_by=  0.062ms per_group= 0.044ms)
[pe] round= 15 work=      601 frontier=     1404 next=      523 consolidate=  0.121ms frontier=  0.034ms semisort=  0.164ms (keyed= 0.004ms group_by=  0.042ms per_group= 0.051ms)
[pe] round= 16 work=      523 frontier=     1354 next=      493 consolidate=  0.089ms frontier=  0.017ms semisort=  0.160ms (keyed= 0.004ms group_by=  0.050ms per_group= 0.037ms)
[pe] round= 17 work=      493 frontier=     1112 next=      335 consolidate=  0.122ms frontier=  0.016ms semisort=  0.163ms (keyed= 0.003ms group_by=  0.049ms per_group= 0.057ms)
[pe] round= 18 work=      335 frontier=      490 next=      327 consolidate=  0.072ms frontier=  0.007ms semisort=  0.106ms (keyed= 0.002ms group_by=  0.010ms per_group= 0.049ms)
[pe] round= 19 work=      327 frontier=      396 next=      183 consolidate=  0.065ms frontier=  0.006ms semisort=  0.076ms (keyed= 0.001ms group_by=  0.007ms per_group= 0.035ms)
[pe] round= 20 work=      183 frontier=      362 next=      191 consolidate=  0.052ms frontier=  0.006ms semisort=  0.083ms (keyed= 0.001ms group_by=  0.008ms per_group= 0.030ms)
[pe] round= 21 work=      191 frontier=      444 next=      191 consolidate=  0.056ms frontier=  0.006ms semisort=  0.077ms (keyed= 0.001ms group_by=  0.008ms per_group= 0.030ms)
[pe] round= 22 work=      191 frontier=      346 next=      183 consolidate=  0.044ms frontier=  0.006ms semisort=  0.062ms (keyed= 0.001ms group_by=  0.007ms per_group= 0.027ms)
[pe] round= 23 work=      183 frontier=      396 next=      183 consolidate=  0.075ms frontier=  0.006ms semisort=  0.078ms (keyed= 0.001ms group_by=  0.006ms per_group= 0.039ms)
[pe] round= 24 work=      183 frontier=      362 next=      191 consolidate=  0.048ms frontier=  0.005ms semisort=  0.087ms (keyed= 0.001ms group_by=  0.008ms per_group= 0.039ms)
[pe] round= 25 work=      191 frontier=      444 next=      189 consolidate=  0.064ms frontier=  0.006ms semisort=  0.079ms (keyed= 0.001ms group_by=  0.009ms per_group= 0.029ms)
[pe] round= 26 work=      189 frontier=      338 next=      181 consolidate=  0.043ms frontier=  0.006ms semisort=  0.078ms (keyed= 0.001ms group_by=  0.009ms per_group= 0.038ms)
[pe] round= 27 work=      181 frontier=      392 next=      169 consolidate=  0.043ms frontier=  0.005ms semisort=  0.078ms (keyed= 0.001ms group_by=  0.006ms per_group= 0.036ms)
[pe] round= 28 work=      169 frontier=      322 next=       49 consolidate=  0.063ms frontier=  0.005ms semisort=  0.075ms (keyed= 0.001ms group_by=  0.012ms per_group= 0.026ms)
[pe] round= 29 work=       49 frontier=      160 next=       47 consolidate=  0.043ms frontier=  0.005ms semisort=  0.048ms (keyed= 0.001ms group_by=  0.006ms per_group= 0.018ms)
[pe] round= 30 work=       47 frontier=      166 next=       37 consolidate=  0.030ms frontier=  0.004ms semisort=  0.048ms (keyed= 0.001ms group_by=  0.004ms per_group= 0.018ms)
[pe] round= 31 work=       37 frontier=      100 next=       37 consolidate=  0.037ms frontier=  0.004ms semisort=  0.038ms (keyed= 0.001ms group_by=  0.003ms per_group= 0.015ms)
[pe] round= 32 work=       37 frontier=      178 next=       44 consolidate=  0.026ms frontier=  0.004ms semisort=  0.060ms (keyed= 0.001ms group_by=  0.005ms per_group= 0.034ms)
[pe] round= 33 work=       44 frontier=      140 next=       38 consolidate=  0.033ms frontier=  0.004ms semisort=  0.040ms (keyed= 0.001ms group_by=  0.005ms per_group= 0.017ms)
[pe] round= 34 work=       38 frontier=      134 next=       30 consolidate=  0.030ms frontier=  0.004ms semisort=  0.031ms (keyed= 0.001ms group_by=  0.004ms per_group= 0.013ms)
[pe] round= 35 work=       30 frontier=       80 next=       27 consolidate=  0.023ms frontier=  0.003ms semisort=  0.034ms (keyed= 0.000ms group_by=  0.003ms per_group= 0.020ms)
[pe] round= 36 work=       27 frontier=      126 next=       35 consolidate=  0.025ms frontier=  0.003ms semisort=  0.037ms (keyed= 0.000ms group_by=  0.004ms per_group= 0.023ms)
[pe] round= 37 work=       35 frontier=      116 next=       35 consolidate=  0.028ms frontier=  0.004ms semisort=  0.036ms (keyed= 0.000ms group_by=  0.004ms per_group= 0.022ms)
[pe] round= 38 work=       35 frontier=      110 next=       27 consolidate=  0.027ms frontier=  0.004ms semisort=  0.029ms (keyed= 0.000ms group_by=  0.003ms per_group= 0.017ms)
[pe] round= 39 work=       27 frontier=       68 next=       27 consolidate=  0.026ms frontier=  0.003ms semisort=  0.025ms (keyed= 0.000ms group_by=  0.003ms per_group= 0.015ms)
[pe] round= 40 work=       27 frontier=      126 next=       35 consolidate=  0.033ms frontier=  0.003ms semisort=  0.027ms (keyed= 0.000ms group_by=  0.004ms per_group= 0.013ms)
[pe] round= 41 work=       35 frontier=      116 next=       35 consolidate=  0.028ms frontier=  0.003ms semisort=  0.025ms (keyed= 0.000ms group_by=  0.003ms per_group= 0.013ms)
[pe] round= 42 work=       35 frontier=      110 next=       27 consolidate=  0.034ms frontier=  0.004ms semisort=  0.027ms (keyed= 0.000ms group_by=  0.003ms per_group= 0.014ms)
[pe] round= 43 work=       27 frontier=       68 next=       27 consolidate=  0.022ms frontier=  0.003ms semisort=  0.016ms (keyed= 0.000ms group_by=  0.002ms per_group= 0.008ms)
[pe] round= 44 work=       27 frontier=      126 next=       35 consolidate=  0.026ms frontier=  0.003ms semisort=  0.030ms (keyed= 0.000ms group_by=  0.003ms per_group= 0.018ms)
[pe] round= 45 work=       35 frontier=      116 next=       35 consolidate=  0.033ms frontier=  0.003ms semisort=  0.034ms (keyed= 0.000ms group_by=  0.004ms per_group= 0.021ms)
[pe] round= 46 work=       35 frontier=      110 next=       27 consolidate=  0.022ms frontier=  0.004ms semisort=  0.027ms (keyed= 0.000ms group_by=  0.003ms per_group= 0.015ms)
[pe] round= 47 work=       27 frontier=       68 next=       27 consolidate=  0.027ms frontier=  0.003ms semisort=  0.015ms (keyed= 0.000ms group_by=  0.002ms per_group= 0.008ms)
[pe] round= 48 work=       27 frontier=       46 next=       15 consolidate=  0.026ms frontier=  0.003ms semisort=  0.012ms (keyed= 0.000ms group_by=  0.001ms per_group= 0.007ms)
[pe] round= 49 work=       15 frontier=       44 next=        7 consolidate=  0.017ms frontier=  0.002ms semisort=  0.009ms (keyed= 0.000ms group_by=  0.001ms per_group= 0.003ms)
[pe] round= 50 work=        7 frontier=       14 next=        7 consolidate=  0.011ms frontier=  0.001ms semisort=  0.005ms (keyed= 0.000ms group_by=  0.001ms per_group= 0.002ms)
[pe] round= 51 work=        7 frontier=       28 next=        7 consolidate=  0.011ms frontier=  0.001ms semisort=  0.006ms (keyed= 0.000ms group_by=  0.001ms per_group= 0.002ms)
[pe] round= 52 work=        7 frontier=       14 next=        7 consolidate=  0.008ms frontier=  0.001ms semisort=  0.005ms (keyed= 0.000ms group_by=  0.001ms per_group= 0.002ms)
[pe] round= 53 work=        7 frontier=       28 next=        7 consolidate=  0.009ms frontier=  0.001ms semisort=  0.006ms (keyed= 0.000ms group_by=  0.001ms per_group= 0.003ms)
[pe] round= 54 work=        7 frontier=       14 next=        7 consolidate=  0.009ms frontier=  0.001ms semisort=  0.004ms (keyed= 0.000ms group_by=  0.001ms per_group= 0.002ms)
[pe] round= 55 work=        7 frontier=       28 next=        7 consolidate=  0.009ms frontier=  0.001ms semisort=  0.006ms (keyed= 0.000ms group_by=  0.001ms per_group= 0.002ms)
[pe] round= 56 work=        7 frontier=       14 next=        7 consolidate=  0.008ms frontier=  0.001ms semisort=  0.004ms (keyed= 0.000ms group_by=  0.001ms per_group= 0.002ms)
[pe] round= 57 work=        7 frontier=       28 next=        7 consolidate=  0.009ms frontier=  0.021ms semisort=  0.006ms (keyed= 0.000ms group_by=  0.001ms per_group= 0.003ms)
[pe] round= 58 work=        7 frontier=       14 next=        7 consolidate=  0.015ms frontier=  0.001ms semisort=  0.004ms (keyed= 0.000ms group_by=  0.001ms per_group= 0.002ms)
[pe] round= 59 work=        7 frontier=       28 next=        7 consolidate=  0.019ms frontier=  0.001ms semisort=  0.006ms (keyed= 0.000ms group_by=  0.001ms per_group= 0.002ms)
[pe] round= 60 work=        7 frontier=       14 next=        7 consolidate=  0.016ms frontier=  0.002ms semisort=  0.004ms (keyed= 0.000ms group_by=  0.001ms per_group= 0.002ms)
[pe] round= 61 work=        7 frontier=       28 next=        7 consolidate=  0.009ms frontier=  0.001ms semisort=  0.006ms (keyed= 0.000ms group_by=  0.001ms per_group= 0.002ms)
[pe] round= 62 work=        7 frontier=       14 next=        7 consolidate=  0.009ms frontier=  0.001ms semisort=  0.004ms (keyed= 0.000ms group_by=  0.001ms per_group= 0.002ms)
[pe] round= 63 work=        7 frontier=       28 next=        7 consolidate=  0.020ms frontier=  0.002ms semisort=  0.007ms (keyed= 0.000ms group_by=  0.001ms per_group= 0.002ms)
[pe] round= 64 work=        7 frontier=       14 next=        7 consolidate=  0.008ms frontier=  0.001ms semisort=  0.004ms (keyed= 0.000ms group_by=  0.001ms per_group= 0.002ms)
[pe] round= 65 work=        7 frontier=       28 next=        7 consolidate=  0.018ms frontier=  0.002ms semisort=  0.007ms (keyed= 0.000ms group_by=  0.001ms per_group= 0.002ms)
[pe] round= 66 work=        7 frontier=       14 next=        7 consolidate=  0.013ms frontier=  0.001ms semisort=  0.005ms (keyed= 0.000ms group_by=  0.001ms per_group= 0.002ms)
[pe] round= 67 work=        7 frontier=       28 next=        7 consolidate=  0.010ms frontier=  0.001ms semisort=  0.006ms (keyed= 0.000ms group_by=  0.001ms per_group= 0.002ms)
[pe] round= 68 work=        7 frontier=       14 next=        7 consolidate=  0.014ms frontier=  0.001ms semisort=  0.004ms (keyed= 0.000ms group_by=  0.001ms per_group= 0.002ms)
[pe] round= 69 work=        7 frontier=       28 next=        7 consolidate=  0.009ms frontier=  0.001ms semisort=  0.006ms (keyed= 0.000ms group_by=  0.001ms per_group= 0.003ms)
[pe] round= 70 work=        7 frontier=       14 next=        7 consolidate=  0.011ms frontier=  0.002ms semisort=  0.005ms (keyed= 0.000ms group_by=  0.001ms per_group= 0.002ms)
[pe] round= 71 work=        7 frontier=       28 next=        7 consolidate=  0.013ms frontier=  0.002ms semisort=  0.006ms (keyed= 0.000ms group_by=  0.001ms per_group= 0.002ms)
[pe] round= 72 work=        7 frontier=       14 next=        7 consolidate=  0.019ms frontier=  0.002ms semisort=  0.005ms (keyed= 0.000ms group_by=  0.001ms per_group= 0.002ms)
[pe] round= 73 work=        7 frontier=       28 next=        7 consolidate=  0.016ms frontier=  0.002ms semisort=  0.006ms (keyed= 0.000ms group_by=  0.001ms per_group= 0.002ms)
[pe] round= 74 work=        7 frontier=       14 next=        7 consolidate=  0.010ms frontier=  0.001ms semisort=  0.004ms (keyed= 0.000ms group_by=  0.001ms per_group= 0.002ms)
[pe] round= 75 work=        7 frontier=       28 next=        7 consolidate=  0.014ms frontier=  0.001ms semisort=  0.006ms (keyed= 0.000ms group_by=  0.001ms per_group= 0.003ms)
[pe] round= 76 work=        7 frontier=       14 next=        7 consolidate=  0.016ms frontier=  0.002ms semisort=  0.005ms (keyed= 0.000ms group_by=  0.001ms per_group= 0.002ms)
[pe] round= 77 work=        7 frontier=       28 next=        7 consolidate=  0.010ms frontier=  0.001ms semisort=  0.006ms (keyed= 0.000ms group_by=  0.001ms per_group= 0.002ms)
[pe] round= 78 work=        7 frontier=       14 next=        7 consolidate=  0.012ms frontier=  0.002ms semisort=  0.004ms (keyed= 0.000ms group_by=  0.001ms per_group= 0.002ms)
[pe] round= 79 work=        7 frontier=       28 next=        7 consolidate=  0.015ms frontier=  0.002ms semisort=  0.007ms (keyed= 0.000ms group_by=  0.001ms per_group= 0.003ms)
[pe] round= 80 work=        7 frontier=       14 next=        7 consolidate=  0.020ms frontier=  0.001ms semisort=  0.005ms (keyed= 0.000ms group_by=  0.001ms per_group= 0.002ms)
[pe] round= 81 work=        7 frontier=       28 next=        7 consolidate=  0.009ms frontier=  0.001ms semisort=  0.007ms (keyed= 0.000ms group_by=  0.001ms per_group= 0.003ms)
[pe] round= 82 work=        7 frontier=       14 next=        7 consolidate=  0.011ms frontier=  0.002ms semisort=  0.004ms (keyed= 0.000ms group_by=  0.000ms per_group= 0.002ms)
[pe] round= 83 work=        7 frontier=       28 next=        7 consolidate=  0.009ms frontier=  0.001ms semisort=  0.006ms (keyed= 0.000ms group_by=  0.001ms per_group= 0.002ms)
[pe] round= 84 work=        7 frontier=       14 next=        7 consolidate=  0.009ms frontier=  0.001ms semisort=  0.004ms (keyed= 0.000ms group_by=  0.000ms per_group= 0.002ms)
[pe] round= 85 work=        7 frontier=       28 next=        7 consolidate=  0.009ms frontier=  0.001ms semisort=  0.007ms (keyed= 0.000ms group_by=  0.001ms per_group= 0.003ms)
[pe] round= 86 work=        7 frontier=       14 next=        7 consolidate=  0.009ms frontier=  0.001ms semisort=  0.004ms (keyed= 0.000ms group_by=  0.001ms per_group= 0.002ms)
[pe] round= 87 work=        7 frontier=       28 next=        7 consolidate=  0.009ms frontier=  0.001ms semisort=  0.006ms (keyed= 0.000ms group_by=  0.001ms per_group= 0.003ms)
[pe] round= 88 work=        7 frontier=       14 next=        7 consolidate=  0.009ms frontier=  0.001ms semisort=  0.005ms (keyed= 0.000ms group_by=  0.001ms per_group= 0.002ms)
[pe] round= 89 work=        7 frontier=       28 next=        7 consolidate=  0.008ms frontier=  0.001ms semisort=  0.006ms (keyed= 0.000ms group_by=  0.001ms per_group= 0.002ms)
[pe] round= 90 work=        7 frontier=       14 next=        7 consolidate=  0.008ms frontier=  0.001ms semisort=  0.004ms (keyed= 0.000ms group_by=  0.000ms per_group= 0.002ms)
[pe] round= 91 work=        7 frontier=       28 next=        7 consolidate=  0.012ms frontier=  0.001ms semisort=  0.008ms (keyed= 0.000ms group_by=  0.001ms per_group= 0.003ms)
[pe] round= 92 work=        7 frontier=       14 next=        7 consolidate=  0.026ms frontier=  0.002ms semisort=  0.009ms (keyed= 0.000ms group_by=  0.001ms per_group= 0.006ms)
[pe] round= 93 work=        7 frontier=       28 next=        7 consolidate=  0.021ms frontier=  0.001ms semisort=  0.007ms (keyed= 0.000ms group_by=  0.001ms per_group= 0.003ms)
[pe] round= 94 work=        7 frontier=       14 next=        7 consolidate=  0.010ms frontier=  0.001ms semisort=  0.004ms (keyed= 0.000ms group_by=  0.001ms per_group= 0.002ms)
[pe] round= 95 work=        7 frontier=       28 next=        7 consolidate=  0.010ms frontier=  0.001ms semisort=  0.007ms (keyed= 0.000ms group_by=  0.001ms per_group= 0.003ms)
[pe] round= 96 work=        7 frontier=       14 next=        7 consolidate=  0.021ms frontier=  0.002ms semisort=  0.005ms (keyed= 0.000ms group_by=  0.001ms per_group= 0.002ms)
[pe] round= 97 work=        7 frontier=       28 next=        7 consolidate=  0.013ms frontier=  0.001ms semisort=  0.007ms (keyed= 0.000ms group_by=  0.001ms per_group= 0.003ms)
[pe] round= 98 work=        7 frontier=       14 next=        7 consolidate=  0.010ms frontier=  0.001ms semisort=  0.005ms (keyed= 0.000ms group_by=  0.000ms per_group= 0.002ms)
[pe] round= 99 work=        7 frontier=       28 next=        7 consolidate=  0.009ms frontier=  0.001ms semisort=  0.006ms (keyed= 0.000ms group_by=  0.001ms per_group= 0.002ms)
[pe] round=100 work=        7 frontier=       14 next=        7 consolidate=  0.009ms frontier=  0.001ms semisort=  0.004ms (keyed= 0.000ms group_by=  0.001ms per_group= 0.002ms)
[pe] round=101 work=        7 frontier=       28 next=        7 consolidate=  0.014ms frontier=  0.002ms semisort=  0.007ms (keyed= 0.000ms group_by=  0.001ms per_group= 0.003ms)
[pe] round=102 work=        7 frontier=       14 next=        7 consolidate=  0.009ms frontier=  0.001ms semisort=  0.005ms (keyed= 0.000ms group_by=  0.001ms per_group= 0.002ms)
[pe] round=103 work=        7 frontier=       28 next=        7 consolidate=  0.010ms frontier=  0.001ms semisort=  0.006ms (keyed= 0.000ms group_by=  0.001ms per_group= 0.003ms)
[pe] round=104 work=        7 frontier=       14 next=        7 consolidate=  0.010ms frontier=  0.001ms semisort=  0.004ms (keyed= 0.000ms group_by=  0.001ms per_group= 0.002ms)
[pe] round=105 work=        7 frontier=       28 next=        7 consolidate=  0.019ms frontier=  0.002ms semisort=  0.007ms (keyed= 0.000ms group_by=  0.001ms per_group= 0.002ms)
[pe] round=106 work=        7 frontier=       14 next=        7 consolidate=  0.009ms frontier=  0.001ms semisort=  0.005ms (keyed= 0.000ms group_by=  0.001ms per_group= 0.002ms)
[pe] round=107 work=        7 frontier=       28 next=        7 consolidate=  0.011ms frontier=  0.001ms semisort=  0.007ms (keyed= 0.000ms group_by=  0.001ms per_group= 0.003ms)
[pe] round=108 work=        7 frontier=       14 next=        7 consolidate=  0.010ms frontier=  0.001ms semisort=  0.004ms (keyed= 0.000ms group_by=  0.001ms per_group= 0.002ms)
[pe] round=109 work=        7 frontier=       28 next=        7 consolidate=  0.016ms frontier=  0.001ms semisort=  0.006ms (keyed= 0.000ms group_by=  0.001ms per_group= 0.003ms)
[pe] round=110 work=        7 frontier=       14 next=        7 consolidate=  0.017ms frontier=  0.002ms semisort=  0.005ms (keyed= 0.000ms group_by=  0.001ms per_group= 0.002ms)
[pe] round=111 work=        7 frontier=       28 next=        7 consolidate=  0.016ms frontier=  0.002ms semisort=  0.007ms (keyed= 0.000ms group_by=  0.001ms per_group= 0.003ms)
[pe] round=112 work=        7 frontier=       14 next=        7 consolidate=  0.017ms frontier=  0.001ms semisort=  0.004ms (keyed= 0.000ms group_by=  0.001ms per_group= 0.002ms)
[pe] round=113 work=        7 frontier=       28 next=        7 consolidate=  0.009ms frontier=  0.001ms semisort=  0.007ms (keyed= 0.000ms group_by=  0.001ms per_group= 0.003ms)
[pe] round=114 work=        7 frontier=       14 next=        7 consolidate=  0.012ms frontier=  0.001ms semisort=  0.005ms (keyed= 0.000ms group_by=  0.001ms per_group= 0.002ms)
[pe] round=115 work=        7 frontier=       28 next=        7 consolidate=  0.009ms frontier=  0.001ms semisort=  0.006ms (keyed= 0.000ms group_by=  0.001ms per_group= 0.002ms)
[pe] round=116 work=        7 frontier=       14 next=        7 consolidate=  0.009ms frontier=  0.001ms semisort=  0.004ms (keyed= 0.000ms group_by=  0.001ms per_group= 0.002ms)
[pe] round=117 work=        7 frontier=       28 next=        7 consolidate=  0.020ms frontier=  0.001ms semisort=  0.007ms (keyed= 0.000ms group_by=  0.001ms per_group= 0.003ms)
[pe] round=118 work=        7 frontier=       14 next=        7 consolidate=  0.016ms frontier=  0.002ms semisort=  0.005ms (keyed= 0.000ms group_by=  0.001ms per_group= 0.002ms)
[pe] round=119 work=        7 frontier=       28 next=        7 consolidate=  0.010ms frontier=  0.001ms semisort=  0.006ms (keyed= 0.000ms group_by=  0.001ms per_group= 0.003ms)
[pe] round=120 work=        7 frontier=       14 next=        7 consolidate=  0.008ms frontier=  0.001ms semisort=  0.005ms (keyed= 0.000ms group_by=  0.000ms per_group= 0.002ms)
[pe] round=121 work=        7 frontier=       28 next=        7 consolidate=  0.014ms frontier=  0.001ms semisort=  0.007ms (keyed= 0.000ms group_by=  0.001ms per_group= 0.003ms)
[pe] round=122 work=        7 frontier=       14 next=        7 consolidate=  0.014ms frontier=  0.002ms semisort=  0.005ms (keyed= 0.000ms group_by=  0.001ms per_group= 0.002ms)
[pe] round=123 work=        7 frontier=       28 next=        7 consolidate=  0.009ms frontier=  0.001ms semisort=  0.007ms (keyed= 0.000ms group_by=  0.001ms per_group= 0.003ms)
[pe] round=124 work=        7 frontier=       14 next=        7 consolidate=  0.009ms frontier=  0.001ms semisort=  0.005ms (keyed= 0.000ms group_by=  0.001ms per_group= 0.002ms)
[pe] round=125 work=        7 frontier=       28 next=        7 consolidate=  0.010ms frontier=  0.002ms semisort=  0.007ms (keyed= 0.000ms group_by=  0.001ms per_group= 0.003ms)
[pe] round=126 work=        7 frontier=       14 next=        7 consolidate=  0.009ms frontier=  0.001ms semisort=  0.005ms (keyed= 0.000ms group_by=  0.001ms per_group= 0.002ms)
[pe] round=127 work=        7 frontier=       28 next=        7 consolidate=  0.011ms frontier=  0.001ms semisort=  0.007ms (keyed= 0.000ms group_by=  0.001ms per_group= 0.003ms)
[pe] round=128 work=        7 frontier=       14 next=        7 consolidate=  0.007ms frontier=  0.001ms semisort=  0.004ms (keyed= 0.000ms group_by=  0.001ms per_group= 0.002ms)
[pe] round=129 work=        7 frontier=       28 next=        7 consolidate=  0.011ms frontier=  0.001ms semisort=  0.007ms (keyed= 0.000ms group_by=  0.001ms per_group= 0.003ms)
[pe] round=130 work=        7 frontier=       14 next=        7 consolidate=  0.009ms frontier=  0.001ms semisort=  0.004ms (keyed= 0.000ms group_by=  0.001ms per_group= 0.002ms)
[pe] round=131 work=        7 frontier=       28 next=        7 consolidate=  0.009ms frontier=  0.001ms semisort=  0.007ms (keyed= 0.000ms group_by=  0.001ms per_group= 0.003ms)
[pe] round=132 work=        7 frontier=       14 next=        7 consolidate=  0.009ms frontier=  0.001ms semisort=  0.004ms (keyed= 0.000ms group_by=  0.000ms per_group= 0.002ms)
[pe] round=133 work=        7 frontier=       28 next=        7 consolidate=  0.016ms frontier=  0.001ms semisort=  0.006ms (keyed= 0.000ms group_by=  0.001ms per_group= 0.003ms)
[pe] round=134 work=        7 frontier=       14 next=        7 consolidate=  0.018ms frontier=  0.001ms semisort=  0.005ms (keyed= 0.000ms group_by=  0.001ms per_group= 0.002ms)
[pe] round=135 work=        7 frontier=       28 next=        7 consolidate=  0.017ms frontier=  0.002ms semisort=  0.007ms (keyed= 0.000ms group_by=  0.001ms per_group= 0.003ms)
[pe] round=136 work=        7 frontier=       14 next=        7 consolidate=  0.009ms frontier=  0.001ms semisort=  0.004ms (keyed= 0.000ms group_by=  0.000ms per_group= 0.002ms)
[pe] round=137 work=        7 frontier=       28 next=        7 consolidate=  0.009ms frontier=  0.001ms semisort=  0.006ms (keyed= 0.000ms group_by=  0.001ms per_group= 0.002ms)
[pe] round=138 work=        7 frontier=       14 next=        7 consolidate=  0.010ms frontier=  0.001ms semisort=  0.008ms (keyed= 0.000ms group_by=  0.001ms per_group= 0.006ms)
[pe] round=139 work=        7 frontier=       28 next=        7 consolidate=  0.010ms frontier=  0.001ms semisort=  0.007ms (keyed= 0.000ms group_by=  0.001ms per_group= 0.003ms)
[pe] round=140 work=        7 frontier=       14 next=        7 consolidate=  0.010ms frontier=  0.001ms semisort=  0.004ms (keyed= 0.000ms group_by=  0.001ms per_group= 0.002ms)
[pe] round=141 work=        7 frontier=       28 next=        7 consolidate=  0.009ms frontier=  0.001ms semisort=  0.008ms (keyed= 0.000ms group_by=  0.001ms per_group= 0.003ms)
[pe] round=142 work=        7 frontier=       14 next=        7 consolidate=  0.013ms frontier=  0.002ms semisort=  0.005ms (keyed= 0.000ms group_by=  0.001ms per_group= 0.002ms)
[pe] round=143 work=        7 frontier=       28 next=        7 consolidate=  0.010ms frontier=  0.001ms semisort=  0.007ms (keyed= 0.000ms group_by=  0.001ms per_group= 0.003ms)
[pe] round=144 work=        7 frontier=       14 next=        7 consolidate=  0.010ms frontier=  0.001ms semisort=  0.005ms (keyed= 0.000ms group_by=  0.001ms per_group= 0.002ms)
[pe] round=145 work=        7 frontier=       28 next=        7 consolidate=  0.016ms frontier=  0.001ms semisort=  0.007ms (keyed= 0.000ms group_by=  0.001ms per_group= 0.003ms)
[pe] round=146 work=        7 frontier=       14 next=        7 consolidate=  0.020ms frontier=  0.002ms semisort=  0.005ms (keyed= 0.000ms group_by=  0.001ms per_group= 0.002ms)
[pe] round=147 work=        7 frontier=       28 next=        7 consolidate=  0.013ms frontier=  0.001ms semisort=  0.006ms (keyed= 0.000ms group_by=  0.001ms per_group= 0.003ms)
[pe] round=148 work=        7 frontier=       14 next=        7 consolidate=  0.017ms frontier=  0.002ms semisort=  0.005ms (keyed= 0.000ms group_by=  0.001ms per_group= 0.002ms)
[pe] round=149 work=        7 frontier=       28 next=        7 consolidate=  0.010ms frontier=  0.001ms semisort=  0.006ms (keyed= 0.000ms group_by=  0.001ms per_group= 0.003ms)
[pe] round=150 work=        7 frontier=       14 next=        7 consolidate=  0.008ms frontier=  0.001ms semisort=  0.004ms (keyed= 0.000ms group_by=  0.000ms per_group= 0.002ms)
[pe] round=151 work=        7 frontier=       28 next=        7 consolidate=  0.009ms frontier=  0.001ms semisort=  0.007ms (keyed= 0.000ms group_by=  0.001ms per_group= 0.003ms)
[pe] round=152 work=        7 frontier=       14 next=        7 consolidate=  0.022ms frontier=  0.002ms semisort=  0.005ms (keyed= 0.000ms group_by=  0.001ms per_group= 0.002ms)
[pe] round=153 work=        7 frontier=       28 next=        7 consolidate=  0.010ms frontier=  0.001ms semisort=  0.007ms (keyed= 0.000ms group_by=  0.001ms per_group= 0.003ms)
[pe] round=154 work=        7 frontier=       14 next=        7 consolidate=  0.011ms frontier=  0.001ms semisort=  0.004ms (keyed= 0.000ms group_by=  0.000ms per_group= 0.002ms)
[pe] round=155 work=        7 frontier=       28 next=        7 consolidate=  0.009ms frontier=  0.001ms semisort=  0.007ms (keyed= 0.000ms group_by=  0.001ms per_group= 0.003ms)
[pe] round=156 work=        7 frontier=       14 next=        7 consolidate=  0.009ms frontier=  0.001ms semisort=  0.004ms (keyed= 0.000ms group_by=  0.000ms per_group= 0.002ms)
[pe] round=157 work=        7 frontier=       28 next=        7 consolidate=  0.016ms frontier=  0.001ms semisort=  0.007ms (keyed= 0.000ms group_by=  0.001ms per_group= 0.002ms)
[pe] round=158 work=        7 frontier=       14 next=        7 consolidate=  0.017ms frontier=  0.001ms semisort=  0.005ms (keyed= 0.000ms group_by=  0.001ms per_group= 0.002ms)
[pe] round=159 work=        7 frontier=       28 next=        7 consolidate=  0.009ms frontier=  0.001ms semisort=  0.007ms (keyed= 0.000ms group_by=  0.001ms per_group= 0.002ms)
[pe] round=160 work=        7 frontier=       14 next=        7 consolidate=  0.013ms frontier=  0.002ms semisort=  0.004ms (keyed= 0.000ms group_by=  0.001ms per_group= 0.002ms)
[pe] round=161 work=        7 frontier=       28 next=        7 consolidate=  0.012ms frontier=  0.001ms semisort=  0.007ms (keyed= 0.000ms group_by=  0.001ms per_group= 0.003ms)
[pe] round=162 work=        7 frontier=       14 next=        7 consolidate=  0.014ms frontier=  0.001ms semisort=  0.004ms (keyed= 0.000ms group_by=  0.000ms per_group= 0.002ms)
[pe] round=163 work=        7 frontier=       28 next=        7 consolidate=  0.009ms frontier=  0.001ms semisort=  0.006ms (keyed= 0.000ms group_by=  0.001ms per_group= 0.002ms)
[pe] round=164 work=        7 frontier=       14 next=        7 consolidate=  0.008ms frontier=  0.001ms semisort=  0.004ms (keyed= 0.000ms group_by=  0.001ms per_group= 0.002ms)
[pe] round=165 work=        7 frontier=       28 next=        7 consolidate=  0.009ms frontier=  0.001ms semisort=  0.006ms (keyed= 0.000ms group_by=  0.001ms per_group= 0.003ms)
[pe] round=166 work=        7 frontier=       14 next=        7 consolidate=  0.009ms frontier=  0.001ms semisort=  0.005ms (keyed= 0.000ms group_by=  0.000ms per_group= 0.002ms)
[pe] round=167 work=        7 frontier=       28 next=        7 consolidate=  0.011ms frontier=  0.001ms semisort=  0.007ms (keyed= 0.000ms group_by=  0.001ms per_group= 0.003ms)
[pe] round=168 work=        7 frontier=       14 next=        7 consolidate=  0.012ms frontier=  0.002ms semisort=  0.004ms (keyed= 0.000ms group_by=  0.001ms per_group= 0.002ms)
[pe] round=169 work=        7 frontier=       28 next=        7 consolidate=  0.009ms frontier=  0.001ms semisort=  0.006ms (keyed= 0.000ms group_by=  0.001ms per_group= 0.003ms)
[pe] round=170 work=        7 frontier=       14 next=        7 consolidate=  0.009ms frontier=  0.001ms semisort=  0.004ms (keyed= 0.000ms group_by=  0.000ms per_group= 0.002ms)
[pe] round=171 work=        7 frontier=       28 next=        7 consolidate=  0.010ms frontier=  0.001ms semisort=  0.007ms (keyed= 0.000ms group_by=  0.001ms per_group= 0.003ms)
[pe] round=172 work=        7 frontier=       14 next=        7 consolidate=  0.026ms frontier=  0.002ms semisort=  0.005ms (keyed= 0.000ms group_by=  0.001ms per_group= 0.002ms)
[pe] round=173 work=        7 frontier=       28 next=        7 consolidate=  0.010ms frontier=  0.001ms semisort=  0.006ms (keyed= 0.000ms group_by=  0.001ms per_group= 0.002ms)
[pe] round=174 work=        7 frontier=       14 next=        7 consolidate=  0.010ms frontier=  0.001ms semisort=  0.004ms (keyed= 0.000ms group_by=  0.000ms per_group= 0.002ms)
[pe] round=175 work=        7 frontier=       28 next=        7 consolidate=  0.019ms frontier=  0.002ms semisort=  0.007ms (keyed= 0.000ms group_by=  0.001ms per_group= 0.003ms)
[pe] round=176 work=        7 frontier=       14 next=        7 consolidate=  0.010ms frontier=  0.001ms semisort=  0.005ms (keyed= 0.000ms group_by=  0.001ms per_group= 0.002ms)
[pe] round=177 work=        7 frontier=       28 next=        7 consolidate=  0.010ms frontier=  0.001ms semisort=  0.007ms (keyed= 0.000ms group_by=  0.001ms per_group= 0.003ms)
[pe] round=178 work=        7 frontier=       14 next=        7 consolidate=  0.009ms frontier=  0.001ms semisort=  0.005ms (keyed= 0.000ms group_by=  0.001ms per_group= 0.002ms)
[pe] round=179 work=        7 frontier=       28 next=        7 consolidate=  0.010ms frontier=  0.001ms semisort=  0.006ms (keyed= 0.000ms group_by=  0.001ms per_group= 0.002ms)
[pe] round=180 work=        7 frontier=       14 next=        7 consolidate=  0.010ms frontier=  0.001ms semisort=  0.005ms (keyed= 0.000ms group_by=  0.000ms per_group= 0.002ms)
[pe] round=181 work=        7 frontier=       28 next=        7 consolidate=  0.011ms frontier=  0.002ms semisort=  0.006ms (keyed= 0.000ms group_by=  0.001ms per_group= 0.003ms)
[pe] round=182 work=        7 frontier=       14 next=        7 consolidate=  0.009ms frontier=  0.001ms semisort=  0.005ms (keyed= 0.000ms group_by=  0.001ms per_group= 0.002ms)
[pe] round=183 work=        7 frontier=       28 next=        7 consolidate=  0.010ms frontier=  0.001ms semisort=  0.007ms (keyed= 0.000ms group_by=  0.001ms per_group= 0.003ms)
[pe] round=184 work=        7 frontier=       14 next=        7 consolidate=  0.016ms frontier=  0.001ms semisort=  0.005ms (keyed= 0.000ms group_by=  0.001ms per_group= 0.002ms)
[pe] round=185 work=        7 frontier=       28 next=        7 consolidate=  0.019ms frontier=  0.001ms semisort=  0.006ms (keyed= 0.000ms group_by=  0.001ms per_group= 0.002ms)
[pe] round=186 work=        7 frontier=       14 next=        7 consolidate=  0.009ms frontier=  0.001ms semisort=  0.004ms (keyed= 0.000ms group_by=  0.001ms per_group= 0.002ms)
[pe] round=187 work=        7 frontier=       28 next=        7 consolidate=  0.013ms frontier=  0.001ms semisort=  0.007ms (keyed= 0.000ms group_by=  0.001ms per_group= 0.003ms)
[pe] round=188 work=        7 frontier=       14 next=        7 consolidate=  0.010ms frontier=  0.001ms semisort=  0.005ms (keyed= 0.000ms group_by=  0.000ms per_group= 0.002ms)
[pe] round=189 work=        7 frontier=       28 next=        7 consolidate=  0.012ms frontier=  0.002ms semisort=  0.006ms (keyed= 0.000ms group_by=  0.001ms per_group= 0.002ms)
[pe] round=190 work=        7 frontier=       14 next=        7 consolidate=  0.009ms frontier=  0.001ms semisort=  0.004ms (keyed= 0.000ms group_by=  0.000ms per_group= 0.002ms)
[pe] round=191 work=        7 frontier=       28 next=        7 consolidate=  0.009ms frontier=  0.001ms semisort=  0.007ms (keyed= 0.000ms group_by=  0.001ms per_group= 0.003ms)
[pe] round=192 work=        7 frontier=       14 next=        7 consolidate=  0.017ms frontier=  0.002ms semisort=  0.005ms (keyed= 0.000ms group_by=  0.001ms per_group= 0.002ms)
[pe] round=193 work=        7 frontier=       28 next=        7 consolidate=  0.011ms frontier=  0.001ms semisort=  0.006ms (keyed= 0.000ms group_by=  0.001ms per_group= 0.003ms)
[pe] round=194 work=        7 frontier=       14 next=        7 consolidate=  0.010ms frontier=  0.001ms semisort=  0.005ms (keyed= 0.000ms group_by=  0.001ms per_group= 0.002ms)
[pe] round=195 work=        7 frontier=       28 next=        7 consolidate=  0.009ms frontier=  0.001ms semisort=  0.006ms (keyed= 0.000ms group_by=  0.001ms per_group= 0.002ms)
[pe] round=196 work=        7 frontier=       14 next=        7 consolidate=  0.019ms frontier=  0.001ms semisort=  0.005ms (keyed= 0.000ms group_by=  0.001ms per_group= 0.002ms)
[pe] round=197 work=        7 frontier=       28 next=        7 consolidate=  0.014ms frontier=  0.002ms semisort=  0.007ms (keyed= 0.000ms group_by=  0.001ms per_group= 0.002ms)
[pe] round=198 work=        7 frontier=       14 next=        7 consolidate=  0.009ms frontier=  0.001ms semisort=  0.005ms (keyed= 0.000ms group_by=  0.000ms per_group= 0.002ms)
[pe] round=199 work=        7 frontier=       28 next=        7 consolidate=  0.010ms frontier=  0.001ms semisort=  0.006ms (keyed= 0.000ms group_by=  0.001ms per_group= 0.002ms)
[pe] round=200 work=        7 frontier=       14 next=        7 consolidate=  0.011ms frontier=  0.001ms semisort=  0.005ms (keyed= 0.000ms group_by=  0.000ms per_group= 0.002ms)
[pe] round=201 work=        7 frontier=       28 next=        7 consolidate=  0.011ms frontier=  0.001ms semisort=  0.006ms (keyed= 0.000ms group_by=  0.001ms per_group= 0.002ms)
[pe] round=202 work=        7 frontier=       14 next=        7 consolidate=  0.011ms frontier=  0.001ms semisort=  0.004ms (keyed= 0.000ms group_by=  0.001ms per_group= 0.002ms)
[pe] round=203 work=        7 frontier=       28 next=        7 consolidate=  0.008ms frontier=  0.001ms semisort=  0.007ms (keyed= 0.000ms group_by=  0.001ms per_group= 0.003ms)
[pe] round=204 work=        7 frontier=       14 next=        7 consolidate=  0.010ms frontier=  0.001ms semisort=  0.005ms (keyed= 0.000ms group_by=  0.000ms per_group= 0.002ms)
[pe] round=205 work=        7 frontier=       28 next=        7 consolidate=  0.009ms frontier=  0.001ms semisort=  0.007ms (keyed= 0.000ms group_by=  0.001ms per_group= 0.003ms)
[pe] round=206 work=        7 frontier=       14 next=        7 consolidate=  0.009ms frontier=  0.001ms semisort=  0.005ms (keyed= 0.000ms group_by=  0.001ms per_group= 0.002ms)
[pe] round=207 work=        7 frontier=       28 next=        7 consolidate=  0.009ms frontier=  0.001ms semisort=  0.006ms (keyed= 0.000ms group_by=  0.001ms per_group= 0.003ms)
[pe] round=208 work=        7 frontier=       14 next=        7 consolidate=  0.011ms frontier=  0.001ms semisort=  0.004ms (keyed= 0.000ms group_by=  0.001ms per_group= 0.002ms)
[pe] round=209 work=        7 frontier=       34 next=        7 consolidate=  0.010ms frontier=  0.001ms semisort=  0.020ms (keyed= 0.001ms group_by=  0.002ms per_group= 0.003ms)
[pe] round=210 work=        7 frontier=       14 next=        4 consolidate=  0.011ms frontier=  0.001ms semisort=  0.006ms (keyed= 0.000ms group_by=  0.001ms per_group= 0.002ms)
[pe] round=211 work=        4 frontier=       16 next=        4 consolidate=  0.005ms frontier=  0.001ms semisort=  0.004ms (keyed= 0.000ms group_by=  0.001ms per_group= 0.002ms)
[pe] round=212 work=        4 frontier=        8 next=        4 consolidate=  0.005ms frontier=  0.001ms semisort=  0.004ms (keyed= 0.000ms group_by=  0.000ms per_group= 0.001ms)
[pe] round=213 work=        4 frontier=       16 next=        4 consolidate=  0.004ms frontier=  0.001ms semisort=  0.004ms (keyed= 0.000ms group_by=  0.001ms per_group= 0.001ms)
[pe] round=214 work=        4 frontier=        8 next=        4 consolidate=  0.014ms frontier=  0.001ms semisort=  0.004ms (keyed= 0.000ms group_by=  0.001ms per_group= 0.002ms)
[pe] round=215 work=        4 frontier=       16 next=        4 consolidate=  0.005ms frontier=  0.001ms semisort=  0.005ms (keyed= 0.000ms group_by=  0.001ms per_group= 0.002ms)
[pe] round=216 work=        4 frontier=        8 next=        4 consolidate=  0.004ms frontier=  0.001ms semisort=  0.003ms (keyed= 0.000ms group_by=  0.000ms per_group= 0.001ms)
[pe] round=217 work=        4 frontier=       16 next=        4 consolidate=  0.004ms frontier=  0.001ms semisort=  0.004ms (keyed= 0.000ms group_by=  0.001ms per_group= 0.002ms)
[pe] round=218 work=        4 frontier=        8 next=        4 consolidate=  0.011ms frontier=  0.001ms semisort=  0.004ms (keyed= 0.000ms group_by=  0.000ms per_group= 0.002ms)
[pe] round=219 work=        4 frontier=       16 next=        4 consolidate=  0.004ms frontier=  0.001ms semisort=  0.005ms (keyed= 0.000ms group_by=  0.001ms per_group= 0.001ms)
[pe] round=220 work=        4 frontier=        8 next=        4 consolidate=  0.014ms frontier=  0.001ms semisort=  0.003ms (keyed= 0.000ms group_by=  0.001ms per_group= 0.002ms)
[pe] round=221 work=        4 frontier=       16 next=        4 consolidate=  0.012ms frontier=  0.002ms semisort=  0.006ms (keyed= 0.000ms group_by=  0.001ms per_group= 0.002ms)
[pe] round=222 work=        4 frontier=        8 next=        4 consolidate=  0.009ms frontier=  0.001ms semisort=  0.003ms (keyed= 0.000ms group_by=  0.000ms per_group= 0.001ms)
[pe] round=223 work=        4 frontier=       16 next=        4 consolidate=  0.004ms frontier=  0.001ms semisort=  0.005ms (keyed= 0.000ms group_by=  0.001ms per_group= 0.002ms)
[pe] round=224 work=        4 frontier=        8 next=        4 consolidate=  0.004ms frontier=  0.001ms semisort=  0.003ms (keyed= 0.000ms group_by=  0.000ms per_group= 0.001ms)
[pe] round=225 work=        4 frontier=       16 next=        4 consolidate=  0.004ms frontier=  0.000ms semisort=  0.004ms (keyed= 0.000ms group_by=  0.001ms per_group= 0.002ms)
[pe] round=226 work=        4 frontier=        8 next=        4 consolidate=  0.005ms frontier=  0.001ms semisort=  0.003ms (keyed= 0.000ms group_by=  0.000ms per_group= 0.001ms)
[pe] round=227 work=        4 frontier=       16 next=        4 consolidate=  0.004ms frontier=  0.001ms semisort=  0.004ms (keyed= 0.000ms group_by=  0.000ms per_group= 0.001ms)
[pe] round=228 work=        4 frontier=        8 next=        4 consolidate=  0.005ms frontier=  0.001ms semisort=  0.003ms (keyed= 0.000ms group_by=  0.000ms per_group= 0.001ms)
[pe] round=229 work=        4 frontier=       16 next=        4 consolidate=  0.013ms frontier=  0.001ms semisort=  0.004ms (keyed= 0.000ms group_by=  0.001ms per_group= 0.002ms)
[pe] round=230 work=        4 frontier=        8 next=        4 consolidate=  0.005ms frontier=  0.000ms semisort=  0.003ms (keyed= 0.000ms group_by=  0.000ms per_group= 0.001ms)
[pe] round=231 work=        4 frontier=       16 next=        4 consolidate=  0.004ms frontier=  0.000ms semisort=  0.005ms (keyed= 0.000ms group_by=  0.001ms per_group= 0.001ms)
[pe] round=232 work=        4 frontier=        8 next=        4 consolidate=  0.004ms frontier=  0.001ms semisort=  0.003ms (keyed= 0.000ms group_by=  0.000ms per_group= 0.001ms)
[pe] round=233 work=        4 frontier=       16 next=        4 consolidate=  0.004ms frontier=  0.001ms semisort=  0.004ms (keyed= 0.000ms group_by=  0.000ms per_group= 0.001ms)
[pe] round=234 work=        4 frontier=        8 next=        4 consolidate=  0.005ms frontier=  0.000ms semisort=  0.003ms (keyed= 0.000ms group_by=  0.000ms per_group= 0.001ms)
[pe] round=235 work=        4 frontier=       16 next=        4 consolidate=  0.005ms frontier=  0.000ms semisort=  0.005ms (keyed= 0.000ms group_by=  0.000ms per_group= 0.002ms)
[pe] round=236 work=        4 frontier=        8 next=        4 consolidate=  0.004ms frontier=  0.001ms semisort=  0.003ms (keyed= 0.000ms group_by=  0.000ms per_group= 0.001ms)
[pe] round=237 work=        4 frontier=       16 next=        4 consolidate=  0.004ms frontier=  0.001ms semisort=  0.005ms (keyed= 0.000ms group_by=  0.001ms per_group= 0.002ms)
[pe] round=238 work=        4 frontier=        8 next=        4 consolidate=  0.004ms frontier=  0.001ms semisort=  0.003ms (keyed= 0.000ms group_by=  0.000ms per_group= 0.001ms)
[pe] round=239 work=        4 frontier=       16 next=        4 consolidate=  0.004ms frontier=  0.001ms semisort=  0.005ms (keyed= 0.000ms group_by=  0.001ms per_group= 0.002ms)
[pe] round=240 work=        4 frontier=        8 next=        4 consolidate=  0.004ms frontier=  0.001ms semisort=  0.003ms (keyed= 0.000ms group_by=  0.000ms per_group= 0.001ms)
[pe] round=241 work=        4 frontier=       16 next=        4 consolidate=  0.005ms frontier=  0.001ms semisort=  0.005ms (keyed= 0.000ms group_by=  0.001ms per_group= 0.002ms)
[pe] round=242 work=        4 frontier=        8 next=        4 consolidate=  0.004ms frontier=  0.001ms semisort=  0.003ms (keyed= 0.000ms group_by=  0.000ms per_group= 0.001ms)
[pe] round=243 work=        4 frontier=       16 next=        4 consolidate=  0.005ms frontier=  0.001ms semisort=  0.004ms (keyed= 0.000ms group_by=  0.001ms per_group= 0.002ms)
[pe] round=244 work=        4 frontier=        8 next=        4 consolidate=  0.016ms frontier=  0.001ms semisort=  0.004ms (keyed= 0.000ms group_by=  0.001ms per_group= 0.001ms)
[pe] round=245 work=        4 frontier=       16 next=        4 consolidate=  0.005ms frontier=  0.001ms semisort=  0.009ms (keyed= 0.000ms group_by=  0.001ms per_group= 0.002ms)
[pe] round=246 work=        4 frontier=        8 next=        4 consolidate=  0.004ms frontier=  0.001ms semisort=  0.003ms (keyed= 0.000ms group_by=  0.000ms per_group= 0.001ms)
[pe] round=247 work=        4 frontier=       16 next=        4 consolidate=  0.004ms frontier=  0.001ms semisort=  0.005ms (keyed= 0.000ms group_by=  0.001ms per_group= 0.002ms)
[pe] round=248 work=        4 frontier=        8 next=        4 consolidate=  0.004ms frontier=  0.001ms semisort=  0.003ms (keyed= 0.000ms group_by=  0.000ms per_group= 0.001ms)
[pe] round=249 work=        4 frontier=       16 next=        4 consolidate=  0.004ms frontier=  0.001ms semisort=  0.005ms (keyed= 0.000ms group_by=  0.001ms per_group= 0.002ms)
[pe] round=250 work=        4 frontier=        8 next=        4 consolidate=  0.011ms frontier=  0.001ms semisort=  0.004ms (keyed= 0.000ms group_by=  0.001ms per_group= 0.002ms)
[pe] round=251 work=        4 frontier=       16 next=        4 consolidate=  0.005ms frontier=  0.001ms semisort=  0.005ms (keyed= 0.000ms group_by=  0.001ms per_group= 0.002ms)
[pe] round=252 work=        4 frontier=        8 next=        4 consolidate=  0.009ms frontier=  0.001ms semisort=  0.004ms (keyed= 0.000ms group_by=  0.001ms per_group= 0.002ms)
[pe] round=253 work=        4 frontier=       16 next=        4 consolidate=  0.010ms frontier=  0.001ms semisort=  0.005ms (keyed= 0.000ms group_by=  0.001ms per_group= 0.002ms)
[pe] round=254 work=        4 frontier=        8 next=        4 consolidate=  0.004ms frontier=  0.000ms semisort=  0.003ms (keyed= 0.000ms group_by=  0.000ms per_group= 0.001ms)
[pe] round=255 work=        4 frontier=       16 next=        4 consolidate=  0.005ms frontier=  0.001ms semisort=  0.004ms (keyed= 0.000ms group_by=  0.001ms per_group= 0.001ms)
[pe] round=256 work=        4 frontier=        8 next=        4 consolidate=  0.008ms frontier=  0.001ms semisort=  0.003ms (keyed= 0.000ms group_by=  0.000ms per_group= 0.001ms)
[pe] round=257 work=        4 frontier=       16 next=        4 consolidate=  0.004ms frontier=  0.001ms semisort=  0.005ms (keyed= 0.000ms group_by=  0.001ms per_group= 0.002ms)
[pe] round=258 work=        4 frontier=        8 next=        4 consolidate=  0.004ms frontier=  0.000ms semisort=  0.004ms (keyed= 0.000ms group_by=  0.000ms per_group= 0.001ms)
[pe] round=259 work=        4 frontier=       16 next=        4 consolidate=  0.004ms frontier=  0.001ms semisort=  0.004ms (keyed= 0.000ms group_by=  0.000ms per_group= 0.002ms)
[pe] round=260 work=        4 frontier=        8 next=        4 consolidate=  0.010ms frontier=  0.001ms semisort=  0.004ms (keyed= 0.000ms group_by=  0.000ms per_group= 0.002ms)
[pe] round=261 work=        4 frontier=       16 next=        4 consolidate=  0.008ms frontier=  0.001ms semisort=  0.005ms (keyed= 0.000ms group_by=  0.001ms per_group= 0.002ms)
[pe] round=262 work=        4 frontier=        8 next=        4 consolidate=  0.004ms frontier=  0.000ms semisort=  0.003ms (keyed= 0.000ms group_by=  0.000ms per_group= 0.001ms)
[pe] round=263 work=        4 frontier=       16 next=        4 consolidate=  0.004ms frontier=  0.001ms semisort=  0.005ms (keyed= 0.000ms group_by=  0.001ms per_group= 0.002ms)
[pe] round=264 work=        4 frontier=        8 next=        4 consolidate=  0.004ms frontier=  0.001ms semisort=  0.003ms (keyed= 0.000ms group_by=  0.000ms per_group= 0.001ms)
[pe] round=265 work=        4 frontier=       16 next=        4 consolidate=  0.005ms frontier=  0.001ms semisort=  0.004ms (keyed= 0.000ms group_by=  0.001ms per_group= 0.002ms)
[pe] round=266 work=        4 frontier=        8 next=        4 consolidate=  0.005ms frontier=  0.001ms semisort=  0.003ms (keyed= 0.000ms group_by=  0.000ms per_group= 0.001ms)
[pe] round=267 work=        4 frontier=       16 next=        4 consolidate=  0.004ms frontier=  0.001ms semisort=  0.005ms (keyed= 0.000ms group_by=  0.001ms per_group= 0.002ms)
[pe] round=268 work=        4 frontier=        8 next=        4 consolidate=  0.004ms frontier=  0.000ms semisort=  0.003ms (keyed= 0.000ms group_by=  0.000ms per_group= 0.001ms)
[pe] round=269 work=        4 frontier=       16 next=        4 consolidate=  0.004ms frontier=  0.001ms semisort=  0.005ms (keyed= 0.000ms group_by=  0.001ms per_group= 0.002ms)
[pe] round=270 work=        4 frontier=        8 next=        4 consolidate=  0.004ms frontier=  0.001ms semisort=  0.003ms (keyed= 0.000ms group_by=  0.000ms per_group= 0.001ms)
[pe] round=271 work=        4 frontier=       16 next=        4 consolidate=  0.005ms frontier=  0.001ms semisort=  0.005ms (keyed= 0.000ms group_by=  0.001ms per_group= 0.002ms)
[pe] round=272 work=        4 frontier=        8 next=        4 consolidate=  0.004ms frontier=  0.001ms semisort=  0.003ms (keyed= 0.000ms group_by=  0.000ms per_group= 0.001ms)
[pe] round=273 work=        4 frontier=       16 next=        4 consolidate=  0.005ms frontier=  0.001ms semisort=  0.004ms (keyed= 0.000ms group_by=  0.001ms per_group= 0.002ms)
[pe] round=274 work=        4 frontier=        8 next=        4 consolidate=  0.004ms frontier=  0.001ms semisort=  0.003ms (keyed= 0.000ms group_by=  0.000ms per_group= 0.001ms)
[pe] round=275 work=        4 frontier=       16 next=        4 consolidate=  0.005ms frontier=  0.001ms semisort=  0.004ms (keyed= 0.000ms group_by=  0.001ms per_group= 0.001ms)
[pe] round=276 work=        4 frontier=        8 next=        4 consolidate=  0.004ms frontier=  0.000ms semisort=  0.003ms (keyed= 0.000ms group_by=  0.000ms per_group= 0.001ms)
[pe] round=277 work=        4 frontier=       16 next=        4 consolidate=  0.004ms frontier=  0.001ms semisort=  0.004ms (keyed= 0.000ms group_by=  0.001ms per_group= 0.002ms)
[pe] round=278 work=        4 frontier=        8 next=        4 consolidate=  0.004ms frontier=  0.001ms semisort=  0.003ms (keyed= 0.000ms group_by=  0.000ms per_group= 0.001ms)
[pe] round=279 work=        4 frontier=       16 next=        4 consolidate=  0.008ms frontier=  0.001ms semisort=  0.005ms (keyed= 0.000ms group_by=  0.001ms per_group= 0.002ms)
[pe] round=280 work=        4 frontier=        8 next=        4 consolidate=  0.004ms frontier=  0.001ms semisort=  0.003ms (keyed= 0.000ms group_by=  0.000ms per_group= 0.001ms)
[pe] round=281 work=        4 frontier=       16 next=        4 consolidate=  0.004ms frontier=  0.001ms semisort=  0.005ms (keyed= 0.000ms group_by=  0.001ms per_group= 0.002ms)
[pe] round=282 work=        4 frontier=        8 next=        4 consolidate=  0.005ms frontier=  0.000ms semisort=  0.003ms (keyed= 0.000ms group_by=  0.000ms per_group= 0.001ms)
[pe] round=283 work=        4 frontier=       16 next=        4 consolidate=  0.004ms frontier=  0.001ms semisort=  0.005ms (keyed= 0.000ms group_by=  0.001ms per_group= 0.002ms)
[pe] round=284 work=        4 frontier=        8 next=        4 consolidate=  0.008ms frontier=  0.001ms semisort=  0.003ms (keyed= 0.000ms group_by=  0.000ms per_group= 0.001ms)
[pe] round=285 work=        4 frontier=       16 next=        4 consolidate=  0.005ms frontier=  0.001ms semisort=  0.005ms (keyed= 0.000ms group_by=  0.001ms per_group= 0.002ms)
[pe] round=286 work=        4 frontier=        8 next=        4 consolidate=  0.004ms frontier=  0.000ms semisort=  0.003ms (keyed= 0.000ms group_by=  0.000ms per_group= 0.001ms)
[pe] round=287 work=        4 frontier=       16 next=        4 consolidate=  0.005ms frontier=  0.001ms semisort=  0.004ms (keyed= 0.000ms group_by=  0.001ms per_group= 0.002ms)
[pe] round=288 work=        4 frontier=        8 next=        4 consolidate=  0.004ms frontier=  0.001ms semisort=  0.003ms (keyed= 0.000ms group_by=  0.000ms per_group= 0.001ms)
[pe] round=289 work=        4 frontier=       16 next=        4 consolidate=  0.005ms frontier=  0.001ms semisort=  0.005ms (keyed= 0.000ms group_by=  0.001ms per_group= 0.002ms)
[pe] round=290 work=        4 frontier=        8 next=        4 consolidate=  0.005ms frontier=  0.001ms semisort=  0.004ms (keyed= 0.000ms group_by=  0.000ms per_group= 0.001ms)
[pe] round=291 work=        4 frontier=       16 next=        4 consolidate=  0.005ms frontier=  0.001ms semisort=  0.004ms (keyed= 0.000ms group_by=  0.001ms per_group= 0.002ms)
[pe] round=292 work=        4 frontier=        8 next=        4 consolidate=  0.004ms frontier=  0.000ms semisort=  0.003ms (keyed= 0.000ms group_by=  0.000ms per_group= 0.001ms)
[pe] round=293 work=        4 frontier=       16 next=        4 consolidate=  0.004ms frontier=  0.001ms semisort=  0.004ms (keyed= 0.000ms group_by=  0.001ms per_group= 0.002ms)
[pe] round=294 work=        4 frontier=        8 next=        4 consolidate=  0.004ms frontier=  0.000ms semisort=  0.003ms (keyed= 0.000ms group_by=  0.000ms per_group= 0.001ms)
[pe] round=295 work=        4 frontier=       16 next=        4 consolidate=  0.005ms frontier=  0.001ms semisort=  0.005ms (keyed= 0.000ms group_by=  0.001ms per_group= 0.001ms)
[pe] round=296 work=        4 frontier=        8 next=        4 consolidate=  0.009ms frontier=  0.001ms semisort=  0.003ms (keyed= 0.000ms group_by=  0.000ms per_group= 0.001ms)
[pe] round=297 work=        4 frontier=       16 next=        4 consolidate=  0.005ms frontier=  0.001ms semisort=  0.005ms (keyed= 0.000ms group_by=  0.001ms per_group= 0.002ms)
[pe] round=298 work=        4 frontier=        8 next=        4 consolidate=  0.004ms frontier=  0.001ms semisort=  0.003ms (keyed= 0.000ms group_by=  0.000ms per_group= 0.001ms)
[pe] round=299 work=        4 frontier=       16 next=        4 consolidate=  0.004ms frontier=  0.001ms semisort=  0.005ms (keyed= 0.000ms group_by=  0.001ms per_group= 0.002ms)
[pe] round=300 work=        4 frontier=        8 next=        4 consolidate=  0.004ms frontier=  0.000ms semisort=  0.003ms (keyed= 0.000ms group_by=  0.000ms per_group= 0.001ms)
[pe] round=301 work=        4 frontier=       16 next=        4 consolidate=  0.005ms frontier=  0.001ms semisort=  0.005ms (keyed= 0.000ms group_by=  0.001ms per_group= 0.002ms)
[pe] round=302 work=        4 frontier=        8 next=        4 consolidate=  0.004ms frontier=  0.001ms semisort=  0.003ms (keyed= 0.000ms group_by=  0.000ms per_group= 0.001ms)
[pe] round=303 work=        4 frontier=       16 next=        4 consolidate=  0.005ms frontier=  0.001ms semisort=  0.005ms (keyed= 0.000ms group_by=  0.001ms per_group= 0.002ms)
[pe] round=304 work=        4 frontier=        8 next=        4 consolidate=  0.004ms frontier=  0.000ms semisort=  0.003ms (keyed= 0.000ms group_by=  0.000ms per_group= 0.001ms)
[pe] round=305 work=        4 frontier=       16 next=        4 consolidate=  0.004ms frontier=  0.001ms semisort=  0.005ms (keyed= 0.000ms group_by=  0.001ms per_group= 0.001ms)
[pe] round=306 work=        4 frontier=        8 next=        4 consolidate=  0.013ms frontier=  0.001ms semisort=  0.004ms (keyed= 0.000ms group_by=  0.000ms per_group= 0.002ms)
[pe] round=307 work=        4 frontier=       16 next=        4 consolidate=  0.004ms frontier=  0.001ms semisort=  0.005ms (keyed= 0.000ms group_by=  0.001ms per_group= 0.002ms)
[pe] round=308 work=        4 frontier=        8 next=        4 consolidate=  0.010ms frontier=  0.001ms semisort=  0.004ms (keyed= 0.000ms group_by=  0.000ms per_group= 0.001ms)
[pe] round=309 work=        4 frontier=       16 next=        4 consolidate=  0.005ms frontier=  0.001ms semisort=  0.005ms (keyed= 0.000ms group_by=  0.001ms per_group= 0.002ms)
[pe] round=310 work=        4 frontier=        8 next=        4 consolidate=  0.004ms frontier=  0.001ms semisort=  0.003ms (keyed= 0.000ms group_by=  0.000ms per_group= 0.001ms)
[pe] round=311 work=        4 frontier=       16 next=        4 consolidate=  0.005ms frontier=  0.001ms semisort=  0.005ms (keyed= 0.000ms group_by=  0.001ms per_group= 0.002ms)
[pe] round=312 work=        4 frontier=        8 next=        4 consolidate=  0.004ms frontier=  0.000ms semisort=  0.003ms (keyed= 0.000ms group_by=  0.000ms per_group= 0.001ms)
[pe] round=313 work=        4 frontier=       16 next=        4 consolidate=  0.005ms frontier=  0.001ms semisort=  0.004ms (keyed= 0.000ms group_by=  0.001ms per_group= 0.002ms)
[pe] round=314 work=        4 frontier=        8 next=        4 consolidate=  0.004ms frontier=  0.000ms semisort=  0.003ms (keyed= 0.000ms group_by=  0.000ms per_group= 0.001ms)
[pe] round=315 work=        4 frontier=       16 next=        4 consolidate=  0.005ms frontier=  0.001ms semisort=  0.004ms (keyed= 0.000ms group_by=  0.001ms per_group= 0.002ms)
[pe] round=316 work=        4 frontier=        8 next=        4 consolidate=  0.005ms frontier=  0.001ms semisort=  0.003ms (keyed= 0.000ms group_by=  0.000ms per_group= 0.001ms)
[pe] round=317 work=        4 frontier=       16 next=        4 consolidate=  0.004ms frontier=  0.001ms semisort=  0.004ms (keyed= 0.000ms group_by=  0.001ms per_group= 0.001ms)
[pe] round=318 work=        4 frontier=        8 next=        0 consolidate=  0.005ms frontier=  0.001ms semisort=  0.004ms (keyed= 0.000ms group_by=  0.001ms per_group= 0.001ms)
[pe] round=  0 work= 11962503 frontier=  6945599 next=    30936 consolidate= 57.611ms frontier= 11.540ms semisort= 24.012ms (keyed= 9.879ms group_by=  0.685ms per_group= 2.269ms)
[pe] round=  1 work=    30936 frontier=   150707 next=    29560 consolidate=  1.062ms frontier=  0.361ms semisort=  2.476ms (keyed= 0.092ms group_by=  1.255ms per_group= 0.472ms)
[pe] round=  2 work=    29560 frontier=    82710 next=     7057 consolidate=  0.860ms frontier=  0.284ms semisort=  1.965ms (keyed= 0.042ms group_by=  1.190ms per_group= 0.296ms)
[pe] round=  3 work=     7057 frontier=    29048 next=     4908 consolidate=  1.409ms frontier=  0.216ms semisort=  0.760ms (keyed= 0.049ms group_by=  0.285ms per_group= 0.187ms)
[pe] round=  4 work=     4908 frontier=    15689 next=     2466 consolidate=  0.943ms frontier=  0.145ms semisort=  0.623ms (keyed= 0.034ms group_by=  0.220ms per_group= 0.172ms)
[pe] round=  5 work=     2466 frontier=     9454 next=     2001 consolidate=  0.444ms frontier=  0.095ms semisort=  0.918ms (keyed= 0.024ms group_by=  0.607ms per_group= 0.123ms)
[pe] round=  6 work=     2001 frontier=     9471 next=     1425 consolidate=  0.437ms frontier=  0.082ms semisort=  1.129ms (keyed= 0.015ms group_by=  0.841ms per_group= 0.135ms)
[pe] round=  7 work=     1425 frontier=    10612 next=     1326 consolidate=  0.325ms frontier=  0.066ms semisort=  0.438ms (keyed= 0.028ms group_by=  0.145ms per_group= 0.133ms)
[pe] round=  8 work=     1326 frontier=    13498 next=     1167 consolidate=  0.315ms frontier=  0.066ms semisort=  0.469ms (keyed= 0.023ms group_by=  0.172ms per_group= 0.124ms)
[pe] round=  9 work=     1167 frontier=     7552 next=     1174 consolidate=  0.263ms frontier=  0.058ms semisort=  0.785ms (keyed= 0.028ms group_by=  0.537ms per_group= 0.116ms)
[pe] round= 10 work=     1174 frontier=     9434 next=     1134 consolidate=  0.236ms frontier=  0.061ms semisort=  0.944ms (keyed= 0.025ms group_by=  0.689ms per_group= 0.103ms)
[pe] round= 11 work=     1134 frontier=     6342 next=     1077 consolidate=  0.276ms frontier=  0.048ms semisort=  0.475ms (keyed= 0.017ms group_by=  0.247ms per_group= 0.097ms)
[pe] round= 12 work=     1077 frontier=     5496 next=     1079 consolidate=  0.243ms frontier=  0.048ms semisort=  0.568ms (keyed= 0.016ms group_by=  0.336ms per_group= 0.099ms)
[pe] round= 13 work=     1079 frontier=     3492 next=      799 consolidate=  0.215ms frontier=  0.049ms semisort=  0.413ms (keyed= 0.013ms group_by=  0.252ms per_group= 0.059ms)
[pe] round= 14 work=      799 frontier=     2006 next=      601 consolidate=  0.178ms frontier=  0.039ms semisort=  0.305ms (keyed= 0.005ms group_by=  0.156ms per_group= 0.055ms)
[pe] round= 15 work=      601 frontier=     1404 next=      523 consolidate=  0.107ms frontier=  0.024ms semisort=  0.146ms (keyed= 0.003ms group_by=  0.037ms per_group= 0.041ms)
[pe] round= 16 work=      523 frontier=     1354 next=      493 consolidate=  0.113ms frontier=  0.017ms semisort=  0.162ms (keyed= 0.004ms group_by=  0.048ms per_group= 0.041ms)
[pe] round= 17 work=      493 frontier=     1112 next=      335 consolidate=  0.094ms frontier=  0.016ms semisort=  0.155ms (keyed= 0.004ms group_by=  0.064ms per_group= 0.029ms)
[pe] round= 18 work=      335 frontier=      490 next=      327 consolidate=  0.090ms frontier=  0.007ms semisort=  0.114ms (keyed= 0.003ms group_by=  0.011ms per_group= 0.059ms)
[pe] round= 19 work=      327 frontier=      396 next=      183 consolidate=  0.075ms frontier=  0.007ms semisort=  0.091ms (keyed= 0.001ms group_by=  0.009ms per_group= 0.040ms)
[pe] round= 20 work=      183 frontier=      362 next=      191 consolidate=  0.061ms frontier=  0.006ms semisort=  0.068ms (keyed= 0.001ms group_by=  0.010ms per_group= 0.029ms)
[pe] round= 21 work=      191 frontier=      444 next=      191 consolidate=  0.055ms frontier=  0.007ms semisort=  0.083ms (keyed= 0.001ms group_by=  0.010ms per_group= 0.034ms)
[pe] round= 22 work=      191 frontier=      346 next=      183 consolidate=  0.061ms frontier=  0.006ms semisort=  0.079ms (keyed= 0.001ms group_by=  0.008ms per_group= 0.032ms)
[pe] round= 23 work=      183 frontier=      396 next=      183 consolidate=  0.043ms frontier=  0.006ms semisort=  0.077ms (keyed= 0.001ms group_by=  0.006ms per_group= 0.043ms)
[pe] round= 24 work=      183 frontier=      362 next=      191 consolidate=  0.046ms frontier=  0.006ms semisort=  0.080ms (keyed= 0.001ms group_by=  0.008ms per_group= 0.034ms)
[pe] round= 25 work=      191 frontier=      444 next=      189 consolidate=  0.067ms frontier=  0.006ms semisort=  0.066ms (keyed= 0.001ms group_by=  0.009ms per_group= 0.025ms)
[pe] round= 26 work=      189 frontier=      338 next=      181 consolidate=  0.059ms frontier=  0.006ms semisort=  0.060ms (keyed= 0.001ms group_by=  0.009ms per_group= 0.028ms)
[pe] round= 27 work=      181 frontier=      392 next=      169 consolidate=  0.050ms frontier=  0.006ms semisort=  0.090ms (keyed= 0.001ms group_by=  0.007ms per_group= 0.046ms)
[pe] round= 28 work=      169 frontier=      322 next=       49 consolidate=  0.059ms frontier=  0.005ms semisort=  0.088ms (keyed= 0.001ms group_by=  0.011ms per_group= 0.040ms)
[pe] round= 29 work=       49 frontier=      160 next=       47 consolidate=  0.025ms frontier=  0.005ms semisort=  0.043ms (keyed= 0.001ms group_by=  0.006ms per_group= 0.020ms)
[pe] round= 30 work=       47 frontier=      166 next=       37 consolidate=  0.030ms frontier=  0.005ms semisort=  0.048ms (keyed= 0.001ms group_by=  0.004ms per_group= 0.023ms)
[pe] round= 31 work=       37 frontier=      100 next=       37 consolidate=  0.028ms frontier=  0.004ms semisort=  0.036ms (keyed= 0.000ms group_by=  0.003ms per_group= 0.020ms)
[pe] round= 32 work=       37 frontier=      178 next=       44 consolidate=  0.027ms frontier=  0.004ms semisort=  0.054ms (keyed= 0.001ms group_by=  0.005ms per_group= 0.025ms)
[pe] round= 33 work=       44 frontier=      140 next=       38 consolidate=  0.026ms frontier=  0.004ms semisort=  0.044ms (keyed= 0.001ms group_by=  0.004ms per_group= 0.022ms)
[pe] round= 34 work=       38 frontier=      134 next=       30 consolidate=  0.044ms frontier=  0.004ms semisort=  0.036ms (keyed= 0.000ms group_by=  0.004ms per_group= 0.014ms)
[pe] round= 35 work=       30 frontier=       80 next=       27 consolidate=  0.019ms frontier=  0.003ms semisort=  0.032ms (keyed= 0.000ms group_by=  0.003ms per_group= 0.018ms)
[pe] round= 36 work=       27 frontier=      126 next=       35 consolidate=  0.030ms frontier=  0.003ms semisort=  0.028ms (keyed= 0.000ms group_by=  0.004ms per_group= 0.013ms)
[pe] round= 37 work=       35 frontier=      116 next=       35 consolidate=  0.026ms frontier=  0.004ms semisort=  0.036ms (keyed= 0.000ms group_by=  0.004ms per_group= 0.024ms)
[pe] round= 38 work=       35 frontier=      110 next=       27 consolidate=  0.029ms frontier=  0.003ms semisort=  0.031ms (keyed= 0.000ms group_by=  0.003ms per_group= 0.019ms)
[pe] round= 39 work=       27 frontier=       68 next=       27 consolidate=  0.037ms frontier=  0.003ms semisort=  0.015ms (keyed= 0.000ms group_by=  0.002ms per_group= 0.008ms)
[pe] round= 40 work=       27 frontier=      126 next=       35 consolidate=  0.020ms frontier=  0.003ms semisort=  0.023ms (keyed= 0.000ms group_by=  0.004ms per_group= 0.012ms)
[pe] round= 41 work=       35 frontier=      116 next=       35 consolidate=  0.026ms frontier=  0.004ms semisort=  0.025ms (keyed= 0.000ms group_by=  0.003ms per_group= 0.013ms)
[pe] round= 42 work=       35 frontier=      110 next=       27 consolidate=  0.022ms frontier=  0.013ms semisort=  0.044ms (keyed= 0.000ms group_by=  0.003ms per_group= 0.031ms)
[pe] round= 43 work=       27 frontier=       68 next=       27 consolidate=  0.027ms frontier=  0.003ms semisort=  0.024ms (keyed= 0.000ms group_by=  0.003ms per_group= 0.014ms)
[pe] round= 44 work=       27 frontier=      126 next=       35 consolidate=  0.032ms frontier=  0.003ms semisort=  0.027ms (keyed= 0.000ms group_by=  0.004ms per_group= 0.014ms)
[pe] round= 45 work=       35 frontier=      116 next=       35 consolidate=  0.033ms frontier=  0.004ms semisort=  0.029ms (keyed= 0.000ms group_by=  0.004ms per_group= 0.014ms)
[pe] round= 46 work=       35 frontier=      110 next=       27 consolidate=  0.036ms frontier=  0.004ms semisort=  0.036ms (keyed= 0.000ms group_by=  0.003ms per_group= 0.024ms)
[pe] round= 47 work=       27 frontier=       68 next=       27 consolidate=  0.025ms frontier=  0.003ms semisort=  0.016ms (keyed= 0.000ms group_by=  0.003ms per_group= 0.008ms)
[pe] round= 48 work=       27 frontier=       46 next=       15 consolidate=  0.027ms frontier=  0.002ms semisort=  0.013ms (keyed= 0.000ms group_by=  0.002ms per_group= 0.007ms)
[pe] round= 49 work=       15 frontier=       44 next=        7 consolidate=  0.025ms frontier=  0.002ms semisort=  0.010ms (keyed= 0.000ms group_by=  0.002ms per_group= 0.003ms)
[pe] round= 50 work=        7 frontier=       14 next=        7 consolidate=  0.011ms frontier=  0.001ms semisort=  0.006ms (keyed= 0.000ms group_by=  0.001ms per_group= 0.002ms)
[pe] round= 51 work=        7 frontier=       28 next=        7 consolidate=  0.023ms frontier=  0.002ms semisort=  0.006ms (keyed= 0.000ms group_by=  0.001ms per_group= 0.002ms)
[pe] round= 52 work=        7 frontier=       14 next=        7 consolidate=  0.009ms frontier=  0.001ms semisort=  0.004ms (keyed= 0.000ms group_by=  0.001ms per_group= 0.002ms)
[pe] round= 53 work=        7 frontier=       28 next=        7 consolidate=  0.017ms frontier=  0.001ms semisort=  0.007ms (keyed= 0.000ms group_by=  0.001ms per_group= 0.003ms)
[pe] round= 54 work=        7 frontier=       14 next=        7 consolidate=  0.011ms frontier=  0.001ms semisort=  0.005ms (keyed= 0.000ms group_by=  0.001ms per_group= 0.002ms)
[pe] round= 55 work=        7 frontier=       28 next=        7 consolidate=  0.010ms frontier=  0.001ms semisort=  0.006ms (keyed= 0.000ms group_by=  0.001ms per_group= 0.002ms)
[pe] round= 56 work=        7 frontier=       14 next=        7 consolidate=  0.016ms frontier=  0.002ms semisort=  0.005ms (keyed= 0.000ms group_by=  0.001ms per_group= 0.002ms)
[pe] round= 57 work=        7 frontier=       28 next=        7 consolidate=  0.010ms frontier=  0.001ms semisort=  0.006ms (keyed= 0.000ms group_by=  0.001ms per_group= 0.002ms)
[pe] round= 58 work=        7 frontier=       14 next=        7 consolidate=  0.009ms frontier=  0.001ms semisort=  0.004ms (keyed= 0.000ms group_by=  0.001ms per_group= 0.002ms)
[pe] round= 59 work=        7 frontier=       28 next=        7 consolidate=  0.009ms frontier=  0.001ms semisort=  0.007ms (keyed= 0.000ms group_by=  0.001ms per_group= 0.003ms)
[pe] round= 60 work=        7 frontier=       14 next=        7 consolidate=  0.008ms frontier=  0.001ms semisort=  0.005ms (keyed= 0.000ms group_by=  0.001ms per_group= 0.002ms)
[pe] round= 61 work=        7 frontier=       28 next=        7 consolidate=  0.016ms frontier=  0.002ms semisort=  0.007ms (keyed= 0.000ms group_by=  0.001ms per_group= 0.002ms)
[pe] round= 62 work=        7 frontier=       14 next=        7 consolidate=  0.009ms frontier=  0.001ms semisort=  0.004ms (keyed= 0.000ms group_by=  0.001ms per_group= 0.002ms)
[pe] round= 63 work=        7 frontier=       28 next=        7 consolidate=  0.016ms frontier=  0.002ms semisort=  0.006ms (keyed= 0.000ms group_by=  0.001ms per_group= 0.003ms)
[pe] round= 64 work=        7 frontier=       14 next=        7 consolidate=  0.008ms frontier=  0.001ms semisort=  0.004ms (keyed= 0.000ms group_by=  0.001ms per_group= 0.002ms)
[pe] round= 65 work=        7 frontier=       28 next=        7 consolidate=  0.016ms frontier=  0.002ms semisort=  0.007ms (keyed= 0.000ms group_by=  0.001ms per_group= 0.002ms)
[pe] round= 66 work=        7 frontier=       14 next=        7 consolidate=  0.009ms frontier=  0.001ms semisort=  0.005ms (keyed= 0.000ms group_by=  0.000ms per_group= 0.002ms)
[pe] round= 67 work=        7 frontier=       28 next=        7 consolidate=  0.009ms frontier=  0.001ms semisort=  0.007ms (keyed= 0.000ms group_by=  0.001ms per_group= 0.002ms)
[pe] round= 68 work=        7 frontier=       14 next=        7 consolidate=  0.009ms frontier=  0.001ms semisort=  0.005ms (keyed= 0.000ms group_by=  0.001ms per_group= 0.002ms)
[pe] round= 69 work=        7 frontier=       28 next=        7 consolidate=  0.010ms frontier=  0.001ms semisort=  0.006ms (keyed= 0.000ms group_by=  0.001ms per_group= 0.003ms)
[pe] round= 70 work=        7 frontier=       14 next=        7 consolidate=  0.009ms frontier=  0.001ms semisort=  0.005ms (keyed= 0.000ms group_by=  0.001ms per_group= 0.002ms)
[pe] round= 71 work=        7 frontier=       28 next=        7 consolidate=  0.014ms frontier=  0.001ms semisort=  0.006ms (keyed= 0.000ms group_by=  0.001ms per_group= 0.002ms)
[pe] round= 72 work=        7 frontier=       14 next=        7 consolidate=  0.009ms frontier=  0.001ms semisort=  0.004ms (keyed= 0.000ms group_by=  0.000ms per_group= 0.002ms)
[pe] round= 73 work=        7 frontier=       28 next=        7 consolidate=  0.019ms frontier=  0.001ms semisort=  0.006ms (keyed= 0.000ms group_by=  0.001ms per_group= 0.002ms)
[pe] round= 74 work=        7 frontier=       14 next=        7 consolidate=  0.012ms frontier=  0.001ms semisort=  0.005ms (keyed= 0.000ms group_by=  0.001ms per_group= 0.002ms)
[pe] round= 75 work=        7 frontier=       28 next=        7 consolidate=  0.010ms frontier=  0.001ms semisort=  0.006ms (keyed= 0.000ms group_by=  0.001ms per_group= 0.003ms)
[pe] round= 76 work=        7 frontier=       14 next=        7 consolidate=  0.008ms frontier=  0.001ms semisort=  0.004ms (keyed= 0.000ms group_by=  0.000ms per_group= 0.002ms)
[pe] round= 77 work=        7 frontier=       28 next=        7 consolidate=  0.015ms frontier=  0.001ms semisort=  0.007ms (keyed= 0.000ms group_by=  0.001ms per_group= 0.002ms)
[pe] round= 78 work=        7 frontier=       14 next=        7 consolidate=  0.009ms frontier=  0.001ms semisort=  0.004ms (keyed= 0.000ms group_by=  0.001ms per_group= 0.002ms)
[pe] round= 79 work=        7 frontier=       28 next=        7 consolidate=  0.013ms frontier=  0.001ms semisort=  0.007ms (keyed= 0.000ms group_by=  0.001ms per_group= 0.002ms)
[pe] round= 80 work=        7 frontier=       14 next=        7 consolidate=  0.010ms frontier=  0.001ms semisort=  0.004ms (keyed= 0.000ms group_by=  0.001ms per_group= 0.002ms)
[pe] round= 81 work=        7 frontier=       28 next=        7 consolidate=  0.012ms frontier=  0.001ms semisort=  0.007ms (keyed= 0.000ms group_by=  0.001ms per_group= 0.003ms)
[pe] round= 82 work=        7 frontier=       14 next=        7 consolidate=  0.008ms frontier=  0.001ms semisort=  0.005ms (keyed= 0.000ms group_by=  0.000ms per_group= 0.002ms)
[pe] round= 83 work=        7 frontier=       28 next=        7 consolidate=  0.010ms frontier=  0.001ms semisort=  0.006ms (keyed= 0.000ms group_by=  0.001ms per_group= 0.002ms)
[pe] round= 84 work=        7 frontier=       14 next=        7 consolidate=  0.011ms frontier=  0.001ms semisort=  0.004ms (keyed= 0.000ms group_by=  0.000ms per_group= 0.002ms)
[pe] round= 85 work=        7 frontier=       28 next=        7 consolidate=  0.009ms frontier=  0.001ms semisort=  0.006ms (keyed= 0.000ms group_by=  0.001ms per_group= 0.002ms)
[pe] round= 86 work=        7 frontier=       14 next=        7 consolidate=  0.009ms frontier=  0.001ms semisort=  0.005ms (keyed= 0.000ms group_by=  0.000ms per_group= 0.002ms)
[pe] round= 87 work=        7 frontier=       28 next=        7 consolidate=  0.010ms frontier=  0.001ms semisort=  0.006ms (keyed= 0.000ms group_by=  0.001ms per_group= 0.002ms)
[pe] round= 88 work=        7 frontier=       14 next=        7 consolidate=  0.009ms frontier=  0.001ms semisort=  0.005ms (keyed= 0.000ms group_by=  0.001ms per_group= 0.002ms)
[pe] round= 89 work=        7 frontier=       28 next=        7 consolidate=  0.015ms frontier=  0.002ms semisort=  0.006ms (keyed= 0.000ms group_by=  0.001ms per_group= 0.002ms)
[pe] round= 90 work=        7 frontier=       14 next=        7 consolidate=  0.009ms frontier=  0.001ms semisort=  0.004ms (keyed= 0.000ms group_by=  0.000ms per_group= 0.002ms)
[pe] round= 91 work=        7 frontier=       28 next=        7 consolidate=  0.009ms frontier=  0.001ms semisort=  0.008ms (keyed= 0.000ms group_by=  0.001ms per_group= 0.003ms)
[pe] round= 92 work=        7 frontier=       14 next=        7 consolidate=  0.009ms frontier=  0.001ms semisort=  0.004ms (keyed= 0.000ms group_by=  0.000ms per_group= 0.002ms)
[pe] round= 93 work=        7 frontier=       28 next=        7 consolidate=  0.016ms frontier=  0.002ms semisort=  0.006ms (keyed= 0.000ms group_by=  0.001ms per_group= 0.003ms)
[pe] round= 94 work=        7 frontier=       14 next=        7 consolidate=  0.010ms frontier=  0.001ms semisort=  0.005ms (keyed= 0.000ms group_by=  0.001ms per_group= 0.002ms)
[pe] round= 95 work=        7 frontier=       28 next=        7 consolidate=  0.011ms frontier=  0.001ms semisort=  0.007ms (keyed= 0.000ms group_by=  0.001ms per_group= 0.003ms)
[pe] round= 96 work=        7 frontier=       14 next=        7 consolidate=  0.009ms frontier=  0.001ms semisort=  0.005ms (keyed= 0.000ms group_by=  0.000ms per_group= 0.002ms)
[pe] round= 97 work=        7 frontier=       28 next=        7 consolidate=  0.009ms frontier=  0.001ms semisort=  0.007ms (keyed= 0.000ms group_by=  0.001ms per_group= 0.002ms)
[pe] round= 98 work=        7 frontier=       14 next=        7 consolidate=  0.009ms frontier=  0.001ms semisort=  0.006ms (keyed= 0.000ms group_by=  0.001ms per_group= 0.003ms)
[pe] round= 99 work=        7 frontier=       28 next=        7 consolidate=  0.009ms frontier=  0.001ms semisort=  0.006ms (keyed= 0.000ms group_by=  0.001ms per_group= 0.002ms)
[pe] round=100 work=        7 frontier=       14 next=        7 consolidate=  0.013ms frontier=  0.002ms semisort=  0.004ms (keyed= 0.000ms group_by=  0.001ms per_group= 0.002ms)
[pe] round=101 work=        7 frontier=       28 next=        7 consolidate=  0.010ms frontier=  0.001ms semisort=  0.006ms (keyed= 0.000ms group_by=  0.001ms per_group= 0.003ms)
[pe] round=102 work=        7 frontier=       14 next=        7 consolidate=  0.010ms frontier=  0.001ms semisort=  0.005ms (keyed= 0.000ms group_by=  0.001ms per_group= 0.002ms)
[pe] round=103 work=        7 frontier=       28 next=        7 consolidate=  0.012ms frontier=  0.001ms semisort=  0.006ms (keyed= 0.000ms group_by=  0.001ms per_group= 0.003ms)
[pe] round=104 work=        7 frontier=       14 next=        7 consolidate=  0.009ms frontier=  0.001ms semisort=  0.004ms (keyed= 0.000ms group_by=  0.001ms per_group= 0.002ms)
[pe] round=105 work=        7 frontier=       28 next=        7 consolidate=  0.016ms frontier=  0.002ms semisort=  0.007ms (keyed= 0.000ms group_by=  0.001ms per_group= 0.003ms)
[pe] round=106 work=        7 frontier=       14 next=        7 consolidate=  0.012ms frontier=  0.001ms semisort=  0.005ms (keyed= 0.000ms group_by=  0.001ms per_group= 0.002ms)
[pe] round=107 work=        7 frontier=       28 next=        7 consolidate=  0.010ms frontier=  0.001ms semisort=  0.007ms (keyed= 0.000ms group_by=  0.001ms per_group= 0.003ms)
[pe] round=108 work=        7 frontier=       14 next=        7 consolidate=  0.010ms frontier=  0.001ms semisort=  0.005ms (keyed= 0.000ms group_by=  0.001ms per_group= 0.002ms)
[pe] round=109 work=        7 frontier=       28 next=        7 consolidate=  0.011ms frontier=  0.001ms semisort=  0.007ms (keyed= 0.000ms group_by=  0.001ms per_group= 0.003ms)
[pe] round=110 work=        7 frontier=       14 next=        7 consolidate=  0.009ms frontier=  0.001ms semisort=  0.004ms (keyed= 0.000ms group_by=  0.000ms per_group= 0.002ms)
[pe] round=111 work=        7 frontier=       28 next=        7 consolidate=  0.014ms frontier=  0.001ms semisort=  0.007ms (keyed= 0.000ms group_by=  0.001ms per_group= 0.003ms)
[pe] round=112 work=        7 frontier=       14 next=        7 consolidate=  0.009ms frontier=  0.001ms semisort=  0.005ms (keyed= 0.000ms group_by=  0.001ms per_group= 0.002ms)
[pe] round=113 work=        7 frontier=       28 next=        7 consolidate=  0.010ms frontier=  0.001ms semisort=  0.007ms (keyed= 0.000ms group_by=  0.001ms per_group= 0.003ms)
[pe] round=114 work=        7 frontier=       14 next=        7 consolidate=  0.010ms frontier=  0.001ms semisort=  0.005ms (keyed= 0.000ms group_by=  0.001ms per_group= 0.002ms)
[pe] round=115 work=        7 frontier=       28 next=        7 consolidate=  0.021ms frontier=  0.002ms semisort=  0.006ms (keyed= 0.000ms group_by=  0.001ms per_group= 0.003ms)
[pe] round=116 work=        7 frontier=       14 next=        7 consolidate=  0.011ms frontier=  0.001ms semisort=  0.005ms (keyed= 0.000ms group_by=  0.000ms per_group= 0.002ms)
[pe] round=117 work=        7 frontier=       28 next=        7 consolidate=  0.015ms frontier=  0.002ms semisort=  0.007ms (keyed= 0.000ms group_by=  0.001ms per_group= 0.003ms)
[pe] round=118 work=        7 frontier=       14 next=        7 consolidate=  0.010ms frontier=  0.001ms semisort=  0.005ms (keyed= 0.000ms group_by=  0.001ms per_group= 0.002ms)
[pe] round=119 work=        7 frontier=       28 next=        7 consolidate=  0.021ms frontier=  0.001ms semisort=  0.007ms (keyed= 0.000ms group_by=  0.001ms per_group= 0.003ms)
[pe] round=120 work=        7 frontier=       14 next=        7 consolidate=  0.009ms frontier=  0.001ms semisort=  0.005ms (keyed= 0.000ms group_by=  0.001ms per_group= 0.002ms)
[pe] round=121 work=        7 frontier=       28 next=        7 consolidate=  0.010ms frontier=  0.001ms semisort=  0.007ms (keyed= 0.000ms group_by=  0.001ms per_group= 0.003ms)
[pe] round=122 work=        7 frontier=       14 next=        7 consolidate=  0.009ms frontier=  0.001ms semisort=  0.005ms (keyed= 0.000ms group_by=  0.001ms per_group= 0.002ms)
[pe] round=123 work=        7 frontier=       28 next=        7 consolidate=  0.010ms frontier=  0.001ms semisort=  0.007ms (keyed= 0.000ms group_by=  0.001ms per_group= 0.003ms)
[pe] round=124 work=        7 frontier=       14 next=        7 consolidate=  0.009ms frontier=  0.001ms semisort=  0.005ms (keyed= 0.000ms group_by=  0.000ms per_group= 0.002ms)
[pe] round=125 work=        7 frontier=       28 next=        7 consolidate=  0.010ms frontier=  0.001ms semisort=  0.007ms (keyed= 0.000ms group_by=  0.001ms per_group= 0.003ms)
[pe] round=126 work=        7 frontier=       14 next=        7 consolidate=  0.011ms frontier=  0.001ms semisort=  0.004ms (keyed= 0.000ms group_by=  0.001ms per_group= 0.002ms)
[pe] round=127 work=        7 frontier=       28 next=        7 consolidate=  0.010ms frontier=  0.001ms semisort=  0.006ms (keyed= 0.000ms group_by=  0.001ms per_group= 0.003ms)
[pe] round=128 work=        7 frontier=       14 next=        7 consolidate=  0.013ms frontier=  0.001ms semisort=  0.005ms (keyed= 0.000ms group_by=  0.001ms per_group= 0.002ms)
[pe] round=129 work=        7 frontier=       28 next=        7 consolidate=  0.010ms frontier=  0.001ms semisort=  0.006ms (keyed= 0.000ms group_by=  0.001ms per_group= 0.003ms)
[pe] round=130 work=        7 frontier=       14 next=        7 consolidate=  0.009ms frontier=  0.001ms semisort=  0.005ms (keyed= 0.000ms group_by=  0.001ms per_group= 0.002ms)
[pe] round=131 work=        7 frontier=       28 next=        7 consolidate=  0.009ms frontier=  0.001ms semisort=  0.007ms (keyed= 0.000ms group_by=  0.001ms per_group= 0.002ms)
[pe] round=132 work=        7 frontier=       14 next=        7 consolidate=  0.009ms frontier=  0.001ms semisort=  0.004ms (keyed= 0.000ms group_by=  0.000ms per_group= 0.002ms)
[pe] round=133 work=        7 frontier=       28 next=        7 consolidate=  0.019ms frontier=  0.001ms semisort=  0.007ms (keyed= 0.000ms group_by=  0.001ms per_group= 0.003ms)
[pe] round=134 work=        7 frontier=       14 next=        7 consolidate=  0.013ms frontier=  0.002ms semisort=  0.005ms (keyed= 0.000ms group_by=  0.001ms per_group= 0.002ms)
[pe] round=135 work=        7 frontier=       28 next=        7 consolidate=  0.020ms frontier=  0.001ms semisort=  0.007ms (keyed= 0.000ms group_by=  0.001ms per_group= 0.003ms)
[pe] round=136 work=        7 frontier=       14 next=        7 consolidate=  0.008ms frontier=  0.001ms semisort=  0.004ms (keyed= 0.000ms group_by=  0.000ms per_group= 0.002ms)
[pe] round=137 work=        7 frontier=       28 next=        7 consolidate=  0.012ms frontier=  0.001ms semisort=  0.007ms (keyed= 0.000ms group_by=  0.001ms per_group= 0.003ms)
[pe] round=138 work=        7 frontier=       14 next=        7 consolidate=  0.009ms frontier=  0.001ms semisort=  0.005ms (keyed= 0.000ms group_by=  0.001ms per_group= 0.002ms)
[pe] round=139 work=        7 frontier=       28 next=        7 consolidate=  0.013ms frontier=  0.001ms semisort=  0.007ms (keyed= 0.000ms group_by=  0.001ms per_group= 0.003ms)
[pe] round=140 work=        7 frontier=       14 next=        7 consolidate=  0.017ms frontier=  0.001ms semisort=  0.005ms (keyed= 0.000ms group_by=  0.001ms per_group= 0.003ms)
[pe] round=141 work=        7 frontier=       28 next=        7 consolidate=  0.010ms frontier=  0.001ms semisort=  0.006ms (keyed= 0.000ms group_by=  0.001ms per_group= 0.003ms)
[pe] round=142 work=        7 frontier=       14 next=        7 consolidate=  0.008ms frontier=  0.001ms semisort=  0.005ms (keyed= 0.000ms group_by=  0.001ms per_group= 0.002ms)
[pe] round=143 work=        7 frontier=       28 next=        7 consolidate=  0.011ms frontier=  0.001ms semisort=  0.007ms (keyed= 0.000ms group_by=  0.001ms per_group= 0.003ms)
[pe] round=144 work=        7 frontier=       14 next=        7 consolidate=  0.010ms frontier=  0.001ms semisort=  0.005ms (keyed= 0.000ms group_by=  0.000ms per_group= 0.002ms)
[pe] round=145 work=        7 frontier=       28 next=        7 consolidate=  0.020ms frontier=  0.001ms semisort=  0.007ms (keyed= 0.000ms group_by=  0.001ms per_group= 0.003ms)
[pe] round=146 work=        7 frontier=       14 next=        7 consolidate=  0.014ms frontier=  0.002ms semisort=  0.005ms (keyed= 0.000ms group_by=  0.001ms per_group= 0.002ms)
[pe] round=147 work=        7 frontier=       28 next=        7 consolidate=  0.013ms frontier=  0.002ms semisort=  0.007ms (keyed= 0.000ms group_by=  0.001ms per_group= 0.003ms)
[pe] round=148 work=        7 frontier=       14 next=        7 consolidate=  0.009ms frontier=  0.001ms semisort=  0.004ms (keyed= 0.000ms group_by=  0.001ms per_group= 0.002ms)
[pe] round=149 work=        7 frontier=       28 next=        7 consolidate=  0.010ms frontier=  0.001ms semisort=  0.007ms (keyed= 0.000ms group_by=  0.001ms per_group= 0.003ms)
[pe] round=150 work=        7 frontier=       14 next=        7 consolidate=  0.011ms frontier=  0.001ms semisort=  0.005ms (keyed= 0.000ms group_by=  0.001ms per_group= 0.002ms)
[pe] round=151 work=        7 frontier=       28 next=        7 consolidate=  0.014ms frontier=  0.001ms semisort=  0.007ms (keyed= 0.000ms group_by=  0.001ms per_group= 0.003ms)
[pe] round=152 work=        7 frontier=       14 next=        7 consolidate=  0.010ms frontier=  0.001ms semisort=  0.005ms (keyed= 0.000ms group_by=  0.001ms per_group= 0.002ms)
[pe] round=153 work=        7 frontier=       28 next=        7 consolidate=  0.017ms frontier=  0.001ms semisort=  0.006ms (keyed= 0.000ms group_by=  0.001ms per_group= 0.003ms)
[pe] round=154 work=        7 frontier=       14 next=        7 consolidate=  0.011ms frontier=  0.001ms semisort=  0.005ms (keyed= 0.000ms group_by=  0.001ms per_group= 0.002ms)
[pe] round=155 work=        7 frontier=       28 next=        7 consolidate=  0.010ms frontier=  0.001ms semisort=  0.007ms (keyed= 0.000ms group_by=  0.001ms per_group= 0.003ms)
[pe] round=156 work=        7 frontier=       14 next=        7 consolidate=  0.009ms frontier=  0.001ms semisort=  0.005ms (keyed= 0.000ms group_by=  0.001ms per_group= 0.002ms)
[pe] round=157 work=        7 frontier=       28 next=        7 consolidate=  0.014ms frontier=  0.001ms semisort=  0.007ms (keyed= 0.000ms group_by=  0.001ms per_group= 0.003ms)
[pe] round=158 work=        7 frontier=       14 next=        7 consolidate=  0.009ms frontier=  0.001ms semisort=  0.005ms (keyed= 0.000ms group_by=  0.001ms per_group= 0.002ms)
[pe] round=159 work=        7 frontier=       28 next=        7 consolidate=  0.013ms frontier=  0.001ms semisort=  0.007ms (keyed= 0.000ms group_by=  0.001ms per_group= 0.003ms)
[pe] round=160 work=        7 frontier=       14 next=        7 consolidate=  0.009ms frontier=  0.001ms semisort=  0.004ms (keyed= 0.000ms group_by=  0.001ms per_group= 0.002ms)
[pe] round=161 work=        7 frontier=       28 next=        7 consolidate=  0.016ms frontier=  0.002ms semisort=  0.007ms (keyed= 0.000ms group_by=  0.001ms per_group= 0.003ms)
[pe] round=162 work=        7 frontier=       14 next=        7 consolidate=  0.008ms frontier=  0.001ms semisort=  0.005ms (keyed= 0.000ms group_by=  0.001ms per_group= 0.003ms)
[pe] round=163 work=        7 frontier=       28 next=        7 consolidate=  0.010ms frontier=  0.001ms semisort=  0.007ms (keyed= 0.000ms group_by=  0.001ms per_group= 0.003ms)
[pe] round=164 work=        7 frontier=       14 next=        7 consolidate=  0.014ms frontier=  0.002ms semisort=  0.005ms (keyed= 0.000ms group_by=  0.001ms per_group= 0.002ms)
[pe] round=165 work=        7 frontier=       28 next=        7 consolidate=  0.010ms frontier=  0.001ms semisort=  0.006ms (keyed= 0.000ms group_by=  0.001ms per_group= 0.003ms)
[pe] round=166 work=        7 frontier=       14 next=        7 consolidate=  0.010ms frontier=  0.001ms semisort=  0.005ms (keyed= 0.000ms group_by=  0.001ms per_group= 0.002ms)
[pe] round=167 work=        7 frontier=       28 next=        7 consolidate=  0.010ms frontier=  0.002ms semisort=  0.007ms (keyed= 0.000ms group_by=  0.001ms per_group= 0.002ms)
[pe] round=168 work=        7 frontier=       14 next=        7 consolidate=  0.018ms frontier=  0.002ms semisort=  0.004ms (keyed= 0.000ms group_by=  0.001ms per_group= 0.002ms)
[pe] round=169 work=        7 frontier=       28 next=        7 consolidate=  0.012ms frontier=  0.001ms semisort=  0.007ms (keyed= 0.000ms group_by=  0.001ms per_group= 0.003ms)
[pe] round=170 work=        7 frontier=       14 next=        7 consolidate=  0.009ms frontier=  0.001ms semisort=  0.004ms (keyed= 0.000ms group_by=  0.001ms per_group= 0.002ms)
[pe] round=171 work=        7 frontier=       28 next=        7 consolidate=  0.010ms frontier=  0.001ms semisort=  0.007ms (keyed= 0.000ms group_by=  0.001ms per_group= 0.003ms)
[pe] round=172 work=        7 frontier=       14 next=        7 consolidate=  0.015ms frontier=  0.001ms semisort=  0.005ms (keyed= 0.000ms group_by=  0.001ms per_group= 0.003ms)
[pe] round=173 work=        7 frontier=       28 next=        7 consolidate=  0.012ms frontier=  0.001ms semisort=  0.007ms (keyed= 0.000ms group_by=  0.001ms per_group= 0.003ms)
[pe] round=174 work=        7 frontier=       14 next=        7 consolidate=  0.011ms frontier=  0.001ms semisort=  0.004ms (keyed= 0.000ms group_by=  0.001ms per_group= 0.002ms)
[pe] round=175 work=        7 frontier=       28 next=        7 consolidate=  0.013ms frontier=  0.002ms semisort=  0.007ms (keyed= 0.000ms group_by=  0.001ms per_group= 0.003ms)
[pe] round=176 work=        7 frontier=       14 next=        7 consolidate=  0.011ms frontier=  0.001ms semisort=  0.004ms (keyed= 0.000ms group_by=  0.000ms per_group= 0.002ms)
[pe] round=177 work=        7 frontier=       28 next=        7 consolidate=  0.016ms frontier=  0.002ms semisort=  0.007ms (keyed= 0.000ms group_by=  0.001ms per_group= 0.003ms)
[pe] round=178 work=        7 frontier=       14 next=        7 consolidate=  0.009ms frontier=  0.001ms semisort=  0.004ms (keyed= 0.000ms group_by=  0.000ms per_group= 0.002ms)
[pe] round=179 work=        7 frontier=       28 next=        7 consolidate=  0.011ms frontier=  0.001ms semisort=  0.007ms (keyed= 0.000ms group_by=  0.001ms per_group= 0.003ms)
[pe] round=180 work=        7 frontier=       14 next=        7 consolidate=  0.014ms frontier=  0.001ms semisort=  0.004ms (keyed= 0.000ms group_by=  0.001ms per_group= 0.002ms)
[pe] round=181 work=        7 frontier=       28 next=        7 consolidate=  0.010ms frontier=  0.001ms semisort=  0.007ms (keyed= 0.000ms group_by=  0.001ms per_group= 0.003ms)
[pe] round=182 work=        7 frontier=       14 next=        7 consolidate=  0.010ms frontier=  0.001ms semisort=  0.005ms (keyed= 0.000ms group_by=  0.001ms per_group= 0.002ms)
[pe] round=183 work=        7 frontier=       28 next=        7 consolidate=  0.009ms frontier=  0.001ms semisort=  0.006ms (keyed= 0.000ms group_by=  0.001ms per_group= 0.003ms)
[pe] round=184 work=        7 frontier=       14 next=        7 consolidate=  0.010ms frontier=  0.001ms semisort=  0.005ms (keyed= 0.000ms group_by=  0.000ms per_group= 0.002ms)
[pe] round=185 work=        7 frontier=       28 next=        7 consolidate=  0.019ms frontier=  0.001ms semisort=  0.007ms (keyed= 0.000ms group_by=  0.001ms per_group= 0.003ms)
[pe] round=186 work=        7 frontier=       14 next=        7 consolidate=  0.016ms frontier=  0.001ms semisort=  0.004ms (keyed= 0.000ms group_by=  0.001ms per_group= 0.002ms)
[pe] round=187 work=        7 frontier=       28 next=        7 consolidate=  0.019ms frontier=  0.001ms semisort=  0.007ms (keyed= 0.000ms group_by=  0.001ms per_group= 0.003ms)
[pe] round=188 work=        7 frontier=       14 next=        7 consolidate=  0.022ms frontier=  0.001ms semisort=  0.005ms (keyed= 0.000ms group_by=  0.001ms per_group= 0.002ms)
[pe] round=189 work=        7 frontier=       28 next=        7 consolidate=  0.016ms frontier=  0.002ms semisort=  0.007ms (keyed= 0.000ms group_by=  0.001ms per_group= 0.003ms)
[pe] round=190 work=        7 frontier=       14 next=        7 consolidate=  0.011ms frontier=  0.001ms semisort=  0.005ms (keyed= 0.000ms group_by=  0.000ms per_group= 0.002ms)
[pe] round=191 work=        7 frontier=       28 next=        7 consolidate=  0.009ms frontier=  0.001ms semisort=  0.006ms (keyed= 0.000ms group_by=  0.001ms per_group= 0.003ms)
[pe] round=192 work=        7 frontier=       14 next=        7 consolidate=  0.011ms frontier=  0.001ms semisort=  0.004ms (keyed= 0.000ms group_by=  0.001ms per_group= 0.002ms)
[pe] round=193 work=        7 frontier=       28 next=        7 consolidate=  0.009ms frontier=  0.001ms semisort=  0.007ms (keyed= 0.000ms group_by=  0.001ms per_group= 0.003ms)
[pe] round=194 work=        7 frontier=       14 next=        7 consolidate=  0.010ms frontier=  0.001ms semisort=  0.005ms (keyed= 0.000ms group_by=  0.001ms per_group= 0.002ms)
[pe] round=195 work=        7 frontier=       28 next=        7 consolidate=  0.016ms frontier=  0.001ms semisort=  0.006ms (keyed= 0.000ms group_by=  0.001ms per_group= 0.003ms)
[pe] round=196 work=        7 frontier=       14 next=        7 consolidate=  0.011ms frontier=  0.001ms semisort=  0.005ms (keyed= 0.000ms group_by=  0.000ms per_group= 0.002ms)
[pe] round=197 work=        7 frontier=       28 next=        7 consolidate=  0.014ms frontier=  0.001ms semisort=  0.006ms (keyed= 0.000ms group_by=  0.001ms per_group= 0.003ms)
[pe] round=198 work=        7 frontier=       14 next=        7 consolidate=  0.009ms frontier=  0.001ms semisort=  0.005ms (keyed= 0.000ms group_by=  0.000ms per_group= 0.002ms)
[pe] round=199 work=        7 frontier=       28 next=        7 consolidate=  0.010ms frontier=  0.001ms semisort=  0.006ms (keyed= 0.000ms group_by=  0.001ms per_group= 0.002ms)
[pe] round=200 work=        7 frontier=       14 next=        7 consolidate=  0.009ms frontier=  0.001ms semisort=  0.005ms (keyed= 0.000ms group_by=  0.001ms per_group= 0.002ms)
[pe] round=201 work=        7 frontier=       28 next=        7 consolidate=  0.013ms frontier=  0.001ms semisort=  0.007ms (keyed= 0.000ms group_by=  0.001ms per_group= 0.003ms)
[pe] round=202 work=        7 frontier=       14 next=        7 consolidate=  0.010ms frontier=  0.001ms semisort=  0.005ms (keyed= 0.000ms group_by=  0.000ms per_group= 0.002ms)
[pe] round=203 work=        7 frontier=       28 next=        7 consolidate=  0.015ms frontier=  0.002ms semisort=  0.007ms (keyed= 0.000ms group_by=  0.001ms per_group= 0.003ms)
[pe] round=204 work=        7 frontier=       14 next=        7 consolidate=  0.009ms frontier=  0.001ms semisort=  0.005ms (keyed= 0.000ms group_by=  0.001ms per_group= 0.002ms)
[pe] round=205 work=        7 frontier=       28 next=        7 consolidate=  0.011ms frontier=  0.001ms semisort=  0.007ms (keyed= 0.000ms group_by=  0.001ms per_group= 0.003ms)
[pe] round=206 work=        7 frontier=       14 next=        7 consolidate=  0.009ms frontier=  0.001ms semisort=  0.005ms (keyed= 0.000ms group_by=  0.001ms per_group= 0.002ms)
[pe] round=207 work=        7 frontier=       28 next=        7 consolidate=  0.018ms frontier=  0.001ms semisort=  0.006ms (keyed= 0.000ms group_by=  0.001ms per_group= 0.003ms)
[pe] round=208 work=        7 frontier=       14 next=        7 consolidate=  0.011ms frontier=  0.001ms semisort=  0.005ms (keyed= 0.000ms group_by=  0.001ms per_group= 0.002ms)
[pe] round=209 work=        7 frontier=       34 next=        7 consolidate=  0.009ms frontier=  0.001ms semisort=  0.016ms (keyed= 0.000ms group_by=  0.002ms per_group= 0.004ms)
[pe] round=210 work=        7 frontier=       14 next=        4 consolidate=  0.011ms frontier=  0.001ms semisort=  0.006ms (keyed= 0.000ms group_by=  0.001ms per_group= 0.002ms)
[pe] round=211 work=        4 frontier=       16 next=        4 consolidate=  0.005ms frontier=  0.001ms semisort=  0.005ms (keyed= 0.000ms group_by=  0.001ms per_group= 0.002ms)
[pe] round=212 work=        4 frontier=        8 next=        4 consolidate=  0.005ms frontier=  0.001ms semisort=  0.003ms (keyed= 0.000ms group_by=  0.000ms per_group= 0.001ms)
[pe] round=213 work=        4 frontier=       16 next=        4 consolidate=  0.009ms frontier=  0.001ms semisort=  0.005ms (keyed= 0.000ms group_by=  0.001ms per_group= 0.002ms)
[pe] round=214 work=        4 frontier=        8 next=        4 consolidate=  0.004ms frontier=  0.001ms semisort=  0.003ms (keyed= 0.000ms group_by=  0.000ms per_group= 0.001ms)
[pe] round=215 work=        4 frontier=       16 next=        4 consolidate=  0.015ms frontier=  0.001ms semisort=  0.005ms (keyed= 0.000ms group_by=  0.001ms per_group= 0.002ms)
[pe] round=216 work=        4 frontier=        8 next=        4 consolidate=  0.004ms frontier=  0.001ms semisort=  0.003ms (keyed= 0.000ms group_by=  0.000ms per_group= 0.001ms)
[pe] round=217 work=        4 frontier=       16 next=        4 consolidate=  0.005ms frontier=  0.001ms semisort=  0.005ms (keyed= 0.000ms group_by=  0.001ms per_group= 0.002ms)
[pe] round=218 work=        4 frontier=        8 next=        4 consolidate=  0.005ms frontier=  0.001ms semisort=  0.003ms (keyed= 0.000ms group_by=  0.000ms per_group= 0.001ms)
[pe] round=219 work=        4 frontier=       16 next=        4 consolidate=  0.005ms frontier=  0.005ms semisort=  0.005ms (keyed= 0.000ms group_by=  0.001ms per_group= 0.002ms)
[pe] round=220 work=        4 frontier=        8 next=        4 consolidate=  0.004ms frontier=  0.001ms semisort=  0.003ms (keyed= 0.000ms group_by=  0.000ms per_group= 0.001ms)
[pe] round=221 work=        4 frontier=       16 next=        4 consolidate=  0.005ms frontier=  0.001ms semisort=  0.020ms (keyed= 0.000ms group_by=  0.001ms per_group= 0.007ms)
[pe] round=222 work=        4 frontier=        8 next=        4 consolidate=  0.005ms frontier=  0.001ms semisort=  0.003ms (keyed= 0.000ms group_by=  0.000ms per_group= 0.001ms)
[pe] round=223 work=        4 frontier=       16 next=        4 consolidate=  0.014ms frontier=  0.001ms semisort=  0.006ms (keyed= 0.000ms group_by=  0.001ms per_group= 0.002ms)
[pe] round=224 work=        4 frontier=        8 next=        4 consolidate=  0.004ms frontier=  0.001ms semisort=  0.003ms (keyed= 0.000ms group_by=  0.000ms per_group= 0.001ms)
[pe] round=225 work=        4 frontier=       16 next=        4 consolidate=  0.005ms frontier=  0.001ms semisort=  0.006ms (keyed= 0.000ms group_by=  0.001ms per_group= 0.002ms)
[pe] round=226 work=        4 frontier=        8 next=        4 consolidate=  0.005ms frontier=  0.001ms semisort=  0.004ms (keyed= 0.000ms group_by=  0.000ms per_group= 0.002ms)
[pe] round=227 work=        4 frontier=       16 next=        4 consolidate=  0.005ms frontier=  0.001ms semisort=  0.004ms (keyed= 0.000ms group_by=  0.001ms per_group= 0.001ms)
[pe] round=228 work=        4 frontier=        8 next=        4 consolidate=  0.010ms frontier=  0.001ms semisort=  0.003ms (keyed= 0.000ms group_by=  0.001ms per_group= 0.001ms)
[pe] round=229 work=        4 frontier=       16 next=        4 consolidate=  0.010ms frontier=  0.002ms semisort=  0.005ms (keyed= 0.000ms group_by=  0.001ms per_group= 0.002ms)
[pe] round=230 work=        4 frontier=        8 next=        4 consolidate=  0.004ms frontier=  0.001ms semisort=  0.003ms (keyed= 0.000ms group_by=  0.000ms per_group= 0.001ms)
[pe] round=231 work=        4 frontier=       16 next=        4 consolidate=  0.012ms frontier=  0.001ms semisort=  0.005ms (keyed= 0.000ms group_by=  0.001ms per_group= 0.002ms)
[pe] round=232 work=        4 frontier=        8 next=        4 consolidate=  0.004ms frontier=  0.001ms semisort=  0.003ms (keyed= 0.000ms group_by=  0.000ms per_group= 0.001ms)
[pe] round=233 work=        4 frontier=       16 next=        4 consolidate=  0.005ms frontier=  0.001ms semisort=  0.005ms (keyed= 0.000ms group_by=  0.001ms per_group= 0.002ms)
[pe] round=234 work=        4 frontier=        8 next=        4 consolidate=  0.004ms frontier=  0.001ms semisort=  0.003ms (keyed= 0.000ms group_by=  0.000ms per_group= 0.001ms)
[pe] round=235 work=        4 frontier=       16 next=        4 consolidate=  0.005ms frontier=  0.001ms semisort=  0.005ms (keyed= 0.000ms group_by=  0.001ms per_group= 0.002ms)
[pe] round=236 work=        4 frontier=        8 next=        4 consolidate=  0.009ms frontier=  0.001ms semisort=  0.003ms (keyed= 0.000ms group_by=  0.000ms per_group= 0.002ms)
[pe] round=237 work=        4 frontier=       16 next=        4 consolidate=  0.005ms frontier=  0.001ms semisort=  0.005ms (keyed= 0.000ms group_by=  0.001ms per_group= 0.002ms)
[pe] round=238 work=        4 frontier=        8 next=        4 consolidate=  0.004ms frontier=  0.001ms semisort=  0.003ms (keyed= 0.000ms group_by=  0.000ms per_group= 0.002ms)
[pe] round=239 work=        4 frontier=       16 next=        4 consolidate=  0.008ms frontier=  0.001ms semisort=  0.005ms (keyed= 0.000ms group_by=  0.001ms per_group= 0.002ms)
[pe] round=240 work=        4 frontier=        8 next=        4 consolidate=  0.004ms frontier=  0.001ms semisort=  0.004ms (keyed= 0.000ms group_by=  0.000ms per_group= 0.001ms)
[pe] round=241 work=        4 frontier=       16 next=        4 consolidate=  0.005ms frontier=  0.001ms semisort=  0.005ms (keyed= 0.000ms group_by=  0.001ms per_group= 0.002ms)
[pe] round=242 work=        4 frontier=        8 next=        4 consolidate=  0.005ms frontier=  0.001ms semisort=  0.004ms (keyed= 0.000ms group_by=  0.000ms per_group= 0.001ms)
[pe] round=243 work=        4 frontier=       16 next=        4 consolidate=  0.005ms frontier=  0.001ms semisort=  0.004ms (keyed= 0.000ms group_by=  0.001ms per_group= 0.002ms)
[pe] round=244 work=        4 frontier=        8 next=        4 consolidate=  0.005ms frontier=  0.001ms semisort=  0.003ms (keyed= 0.000ms group_by=  0.000ms per_group= 0.001ms)
[pe] round=245 work=        4 frontier=       16 next=        4 consolidate=  0.005ms frontier=  0.001ms semisort=  0.004ms (keyed= 0.000ms group_by=  0.001ms per_group= 0.002ms)
[pe] round=246 work=        4 frontier=        8 next=        4 consolidate=  0.004ms frontier=  0.000ms semisort=  0.003ms (keyed= 0.000ms group_by=  0.000ms per_group= 0.002ms)
[pe] round=247 work=        4 frontier=       16 next=        4 consolidate=  0.005ms frontier=  0.001ms semisort=  0.005ms (keyed= 0.000ms group_by=  0.001ms per_group= 0.002ms)
[pe] round=248 work=        4 frontier=        8 next=        4 consolidate=  0.004ms frontier=  0.001ms semisort=  0.003ms (keyed= 0.000ms group_by=  0.000ms per_group= 0.001ms)
[pe] round=249 work=        4 frontier=       16 next=        4 consolidate=  0.005ms frontier=  0.001ms semisort=  0.005ms (keyed= 0.000ms group_by=  0.001ms per_group= 0.002ms)
[pe] round=250 work=        4 frontier=        8 next=        4 consolidate=  0.005ms frontier=  0.001ms semisort=  0.003ms (keyed= 0.000ms group_by=  0.000ms per_group= 0.001ms)
[pe] round=251 work=        4 frontier=       16 next=        4 consolidate=  0.005ms frontier=  0.001ms semisort=  0.004ms (keyed= 0.000ms group_by=  0.001ms per_group= 0.002ms)
[pe] round=252 work=        4 frontier=        8 next=        4 consolidate=  0.005ms frontier=  0.001ms semisort=  0.003ms (keyed= 0.000ms group_by=  0.000ms per_group= 0.001ms)
[pe] round=253 work=        4 frontier=       16 next=        4 consolidate=  0.005ms frontier=  0.001ms semisort=  0.005ms (keyed= 0.000ms group_by=  0.001ms per_group= 0.002ms)
[pe] round=254 work=        4 frontier=        8 next=        4 consolidate=  0.004ms frontier=  0.001ms semisort=  0.003ms (keyed= 0.000ms group_by=  0.000ms per_group= 0.001ms)
[pe] round=255 work=        4 frontier=       16 next=        4 consolidate=  0.008ms frontier=  0.001ms semisort=  0.005ms (keyed= 0.000ms group_by=  0.001ms per_group= 0.002ms)
[pe] round=256 work=        4 frontier=        8 next=        4 consolidate=  0.004ms frontier=  0.000ms semisort=  0.003ms (keyed= 0.000ms group_by=  0.000ms per_group= 0.001ms)
[pe] round=257 work=        4 frontier=       16 next=        4 consolidate=  0.005ms frontier=  0.001ms semisort=  0.005ms (keyed= 0.000ms group_by=  0.001ms per_group= 0.002ms)
[pe] round=258 work=        4 frontier=        8 next=        4 consolidate=  0.005ms frontier=  0.001ms semisort=  0.004ms (keyed= 0.000ms group_by=  0.000ms per_group= 0.002ms)
[pe] round=259 work=        4 frontier=       16 next=        4 consolidate=  0.004ms frontier=  0.001ms semisort=  0.005ms (keyed= 0.000ms group_by=  0.001ms per_group= 0.002ms)
[pe] round=260 work=        4 frontier=        8 next=        4 consolidate=  0.006ms frontier=  0.001ms semisort=  0.003ms (keyed= 0.000ms group_by=  0.000ms per_group= 0.001ms)
[pe] round=261 work=        4 frontier=       16 next=        4 consolidate=  0.005ms frontier=  0.001ms semisort=  0.005ms (keyed= 0.000ms group_by=  0.001ms per_group= 0.002ms)
[pe] round=262 work=        4 frontier=        8 next=        4 consolidate=  0.004ms frontier=  0.001ms semisort=  0.003ms (keyed= 0.000ms group_by=  0.001ms per_group= 0.001ms)
[pe] round=263 work=        4 frontier=       16 next=        4 consolidate=  0.010ms frontier=  0.001ms semisort=  0.005ms (keyed= 0.000ms group_by=  0.001ms per_group= 0.002ms)
[pe] round=264 work=        4 frontier=        8 next=        4 consolidate=  0.004ms frontier=  0.001ms semisort=  0.003ms (keyed= 0.000ms group_by=  0.000ms per_group= 0.001ms)
[pe] round=265 work=        4 frontier=       16 next=        4 consolidate=  0.005ms frontier=  0.001ms semisort=  0.005ms (keyed= 0.000ms group_by=  0.001ms per_group= 0.002ms)
[pe] round=266 work=        4 frontier=        8 next=        4 consolidate=  0.004ms frontier=  0.001ms semisort=  0.003ms (keyed= 0.000ms group_by=  0.000ms per_group= 0.001ms)
[pe] round=267 work=        4 frontier=       16 next=        4 consolidate=  0.004ms frontier=  0.001ms semisort=  0.005ms (keyed= 0.000ms group_by=  0.001ms per_group= 0.002ms)
[pe] round=268 work=        4 frontier=        8 next=        4 consolidate=  0.004ms frontier=  0.001ms semisort=  0.003ms (keyed= 0.000ms group_by=  0.000ms per_group= 0.002ms)
[pe] round=269 work=        4 frontier=       16 next=        4 consolidate=  0.005ms frontier=  0.001ms semisort=  0.006ms (keyed= 0.000ms group_by=  0.001ms per_group= 0.002ms)
[pe] round=270 work=        4 frontier=        8 next=        4 consolidate=  0.004ms frontier=  0.001ms semisort=  0.003ms (keyed= 0.000ms group_by=  0.000ms per_group= 0.001ms)
[pe] round=271 work=        4 frontier=       16 next=        4 consolidate=  0.005ms frontier=  0.001ms semisort=  0.005ms (keyed= 0.000ms group_by=  0.001ms per_group= 0.002ms)
[pe] round=272 work=        4 frontier=        8 next=        4 consolidate=  0.009ms frontier=  0.001ms semisort=  0.003ms (keyed= 0.000ms group_by=  0.000ms per_group= 0.001ms)
[pe] round=273 work=        4 frontier=       16 next=        4 consolidate=  0.005ms frontier=  0.001ms semisort=  0.005ms (keyed= 0.000ms group_by=  0.001ms per_group= 0.002ms)
[pe] round=274 work=        4 frontier=        8 next=        4 consolidate=  0.007ms frontier=  0.001ms semisort=  0.004ms (keyed= 0.000ms group_by=  0.000ms per_group= 0.001ms)
[pe] round=275 work=        4 frontier=       16 next=        4 consolidate=  0.005ms frontier=  0.001ms semisort=  0.005ms (keyed= 0.000ms group_by=  0.001ms per_group= 0.002ms)
[pe] round=276 work=        4 frontier=        8 next=        4 consolidate=  0.005ms frontier=  0.000ms semisort=  0.003ms (keyed= 0.000ms group_by=  0.000ms per_group= 0.001ms)
[pe] round=277 work=        4 frontier=       16 next=        4 consolidate=  0.004ms frontier=  0.000ms semisort=  0.005ms (keyed= 0.000ms group_by=  0.001ms per_group= 0.002ms)
[pe] round=278 work=        4 frontier=        8 next=        4 consolidate=  0.004ms frontier=  0.001ms semisort=  0.003ms (keyed= 0.000ms group_by=  0.000ms per_group= 0.001ms)
[pe] round=279 work=        4 frontier=       16 next=        4 consolidate=  0.005ms frontier=  0.001ms semisort=  0.005ms (keyed= 0.000ms group_by=  0.001ms per_group= 0.002ms)
[pe] round=280 work=        4 frontier=        8 next=        4 consolidate=  0.004ms frontier=  0.001ms semisort=  0.003ms (keyed= 0.000ms group_by=  0.000ms per_group= 0.001ms)
[pe] round=281 work=        4 frontier=       16 next=        4 consolidate=  0.005ms frontier=  0.001ms semisort=  0.005ms (keyed= 0.000ms group_by=  0.000ms per_group= 0.002ms)
[pe] round=282 work=        4 frontier=        8 next=        4 consolidate=  0.005ms frontier=  0.001ms semisort=  0.003ms (keyed= 0.000ms group_by=  0.000ms per_group= 0.001ms)
[pe] round=283 work=        4 frontier=       16 next=        4 consolidate=  0.004ms frontier=  0.001ms semisort=  0.005ms (keyed= 0.000ms group_by=  0.001ms per_group= 0.001ms)
[pe] round=284 work=        4 frontier=        8 next=        4 consolidate=  0.004ms frontier=  0.001ms semisort=  0.003ms (keyed= 0.000ms group_by=  0.000ms per_group= 0.001ms)
[pe] round=285 work=        4 frontier=       16 next=        4 consolidate=  0.005ms frontier=  0.001ms semisort=  0.005ms (keyed= 0.000ms group_by=  0.001ms per_group= 0.002ms)
[pe] round=286 work=        4 frontier=        8 next=        4 consolidate=  0.004ms frontier=  0.001ms semisort=  0.003ms (keyed= 0.000ms group_by=  0.000ms per_group= 0.001ms)
[pe] round=287 work=        4 frontier=       16 next=        4 consolidate=  0.005ms frontier=  0.001ms semisort=  0.005ms (keyed= 0.000ms group_by=  0.001ms per_group= 0.002ms)
[pe] round=288 work=        4 frontier=        8 next=        4 consolidate=  0.004ms frontier=  0.001ms semisort=  0.003ms (keyed= 0.000ms group_by=  0.000ms per_group= 0.001ms)
[pe] round=289 work=        4 frontier=       16 next=        4 consolidate=  0.005ms frontier=  0.001ms semisort=  0.006ms (keyed= 0.000ms group_by=  0.000ms per_group= 0.002ms)
[pe] round=290 work=        4 frontier=        8 next=        4 consolidate=  0.009ms frontier=  0.001ms semisort=  0.004ms (keyed= 0.000ms group_by=  0.001ms per_group= 0.002ms)
[pe] round=291 work=        4 frontier=       16 next=        4 consolidate=  0.008ms frontier=  0.001ms semisort=  0.005ms (keyed= 0.000ms group_by=  0.001ms per_group= 0.002ms)
[pe] round=292 work=        4 frontier=        8 next=        4 consolidate=  0.005ms frontier=  0.001ms semisort=  0.004ms (keyed= 0.000ms group_by=  0.000ms per_group= 0.001ms)
[pe] round=293 work=        4 frontier=       16 next=        4 consolidate=  0.005ms frontier=  0.001ms semisort=  0.006ms (keyed= 0.000ms group_by=  0.001ms per_group= 0.002ms)
[pe] round=294 work=        4 frontier=        8 next=        4 consolidate=  0.004ms frontier=  0.001ms semisort=  0.003ms (keyed= 0.000ms group_by=  0.000ms per_group= 0.001ms)
[pe] round=295 work=        4 frontier=       16 next=        4 consolidate=  0.005ms frontier=  0.001ms semisort=  0.004ms (keyed= 0.000ms group_by=  0.000ms per_group= 0.002ms)
[pe] round=296 work=        4 frontier=        8 next=        4 consolidate=  0.004ms frontier=  0.001ms semisort=  0.003ms (keyed= 0.000ms group_by=  0.000ms per_group= 0.001ms)
[pe] round=297 work=        4 frontier=       16 next=        4 consolidate=  0.005ms frontier=  0.001ms semisort=  0.005ms (keyed= 0.000ms group_by=  0.001ms per_group= 0.002ms)
[pe] round=298 work=        4 frontier=        8 next=        4 consolidate=  0.009ms frontier=  0.001ms semisort=  0.003ms (keyed= 0.000ms group_by=  0.000ms per_group= 0.001ms)
[pe] round=299 work=        4 frontier=       16 next=        4 consolidate=  0.005ms frontier=  0.001ms semisort=  0.009ms (keyed= 0.000ms group_by=  0.001ms per_group= 0.002ms)
[pe] round=300 work=        4 frontier=        8 next=        4 consolidate=  0.004ms frontier=  0.001ms semisort=  0.003ms (keyed= 0.000ms group_by=  0.000ms per_group= 0.002ms)
[pe] round=301 work=        4 frontier=       16 next=        4 consolidate=  0.009ms frontier=  0.001ms semisort=  0.005ms (keyed= 0.000ms group_by=  0.001ms per_group= 0.002ms)
[pe] round=302 work=        4 frontier=        8 next=        4 consolidate=  0.004ms frontier=  0.001ms semisort=  0.003ms (keyed= 0.000ms group_by=  0.000ms per_group= 0.001ms)
[pe] round=303 work=        4 frontier=       16 next=        4 consolidate=  0.015ms frontier=  0.001ms semisort=  0.005ms (keyed= 0.000ms group_by=  0.001ms per_group= 0.002ms)
[pe] round=304 work=        4 frontier=        8 next=        4 consolidate=  0.004ms frontier=  0.001ms semisort=  0.003ms (keyed= 0.000ms group_by=  0.000ms per_group= 0.001ms)
[pe] round=305 work=        4 frontier=       16 next=        4 consolidate=  0.005ms frontier=  0.001ms semisort=  0.005ms (keyed= 0.000ms group_by=  0.001ms per_group= 0.002ms)
[pe] round=306 work=        4 frontier=        8 next=        4 consolidate=  0.005ms frontier=  0.001ms semisort=  0.003ms (keyed= 0.000ms group_by=  0.000ms per_group= 0.001ms)
[pe] round=307 work=        4 frontier=       16 next=        4 consolidate=  0.005ms frontier=  0.001ms semisort=  0.004ms (keyed= 0.000ms group_by=  0.001ms per_group= 0.002ms)
[pe] round=308 work=        4 frontier=        8 next=        4 consolidate=  0.004ms frontier=  0.001ms semisort=  0.003ms (keyed= 0.000ms group_by=  0.000ms per_group= 0.001ms)
[pe] round=309 work=        4 frontier=       16 next=        4 consolidate=  0.010ms frontier=  0.001ms semisort=  0.005ms (keyed= 0.000ms group_by=  0.001ms per_group= 0.002ms)
[pe] round=310 work=        4 frontier=        8 next=        4 consolidate=  0.004ms frontier=  0.001ms semisort=  0.003ms (keyed= 0.000ms group_by=  0.000ms per_group= 0.001ms)
[pe] round=311 work=        4 frontier=       16 next=        4 consolidate=  0.005ms frontier=  0.001ms semisort=  0.005ms (keyed= 0.000ms group_by=  0.001ms per_group= 0.002ms)
[pe] round=312 work=        4 frontier=        8 next=        4 consolidate=  0.004ms frontier=  0.001ms semisort=  0.003ms (keyed= 0.000ms group_by=  0.000ms per_group= 0.001ms)
[pe] round=313 work=        4 frontier=       16 next=        4 consolidate=  0.005ms frontier=  0.001ms semisort=  0.004ms (keyed= 0.000ms group_by=  0.001ms per_group= 0.002ms)
[pe] round=314 work=        4 frontier=        8 next=        4 consolidate=  0.017ms frontier=  0.001ms semisort=  0.003ms (keyed= 0.000ms group_by=  0.000ms per_group= 0.002ms)
[pe] round=315 work=        4 frontier=       16 next=        4 consolidate=  0.005ms frontier=  0.001ms semisort=  0.005ms (keyed= 0.000ms group_by=  0.001ms per_group= 0.002ms)
[pe] round=316 work=        4 frontier=        8 next=        4 consolidate=  0.005ms frontier=  0.001ms semisort=  0.003ms (keyed= 0.000ms group_by=  0.000ms per_group= 0.001ms)
[pe] round=317 work=        4 frontier=       16 next=        4 consolidate=  0.009ms frontier=  0.001ms semisort=  0.005ms (keyed= 0.000ms group_by=  0.001ms per_group= 0.002ms)
[pe] round=318 work=        4 frontier=        8 next=        0 consolidate=  0.013ms frontier=  0.001ms semisort=  0.004ms (keyed= 0.000ms group_by=  0.001ms per_group= 0.001ms)
[pe-async] round=  0 R=2 dirty=  6945599 runs=  4307022 filter=  2.274ms semisort=  9.799ms
[pe-async] round=  1 R=3 dirty=   148833 runs=    52977 filter=  2.359ms semisort=  0.670ms
[pe-async] round=  2 R=4 dirty=    72602 runs=    56743 filter=  1.965ms semisort=  2.305ms
[pe-async] round=  3 R=5 dirty=    27252 runs=    11300 filter=  1.885ms semisort=  0.861ms
[pe-async] round=  4 R=6 dirty=    14450 runs=     8901 filter=  1.765ms semisort=  0.524ms
[pe-async] round=  5 R=7 dirty=     9113 runs=     3766 filter=  1.687ms semisort=  0.366ms
[pe-async] round=  6 R=8 dirty=     9237 runs=     4258 filter=  1.634ms semisort=  0.371ms
[pe-async] round=  7 R=9 dirty=    10490 runs=     4436 filter=  1.596ms semisort=  0.398ms
[pe-async] round=  8 R=10 dirty=    13446 runs=     6161 filter=  1.572ms semisort=  0.493ms
[pe-async] round=  9 R=11 dirty=     7160 runs=     3428 filter=  1.589ms semisort=  0.292ms
[pe-async] round= 10 R=12 dirty=     9366 runs=     3506 filter=  1.574ms semisort=  0.356ms
[pe-async] round= 11 R=13 dirty=     6310 runs=     2517 filter=  1.576ms semisort=  0.308ms
[pe-async] round= 12 R=14 dirty=     5488 runs=     2161 filter=  1.585ms semisort=  0.263ms
[pe-async] round= 13 R=15 dirty=     3480 runs=     1679 filter=  1.566ms semisort=  0.173ms
[pe-async] round= 14 R=16 dirty=     2006 runs=      585 filter=  1.592ms semisort=  0.139ms
[pe-async] round= 15 R=17 dirty=     1404 runs=      383 filter=  1.557ms semisort=  0.133ms
[pe-async] round= 16 R=18 dirty=     1354 runs=      273 filter=  1.543ms semisort=  0.117ms
[pe-async] round= 17 R=19 dirty=     1112 runs=      391 filter=  1.583ms semisort=  0.098ms
[pe-async] round= 18 R=20 dirty=      490 runs=       67 filter=  1.544ms semisort=  0.073ms
[pe-async] round= 19 R=21 dirty=      396 runs=       51 filter=  1.589ms semisort=  0.081ms
[pe-async] round= 20 R=22 dirty=      362 runs=       59 filter=  1.603ms semisort=  0.065ms
[pe-async] round= 21 R=23 dirty=      444 runs=       75 filter=  1.553ms semisort=  0.075ms
[pe-async] round= 22 R=24 dirty=      346 runs=       67 filter=  1.556ms semisort=  0.065ms
[pe-async] round= 23 R=25 dirty=      396 runs=       51 filter=  1.541ms semisort=  0.070ms
[pe-async] round= 24 R=26 dirty=      362 runs=       59 filter=  1.552ms semisort=  0.065ms
[pe-async] round= 25 R=27 dirty=      444 runs=       77 filter=  1.556ms semisort=  0.060ms
[pe-async] round= 26 R=28 dirty=      338 runs=       65 filter=  1.526ms semisort=  0.049ms
[pe-async] round= 27 R=29 dirty=      392 runs=       61 filter=  1.514ms semisort=  0.077ms
[pe-async] round= 28 R=30 dirty=      322 runs=      181 filter=  1.517ms semisort=  0.069ms
[pe-async] round= 29 R=31 dirty=      160 runs=       67 filter=  1.538ms semisort=  0.064ms
[pe-async] round= 30 R=32 dirty=      166 runs=       57 filter=  1.559ms semisort=  0.037ms
[pe-async] round= 31 R=33 dirty=      100 runs=       37 filter=  1.573ms semisort=  0.041ms
[pe-async] round= 32 R=34 dirty=      178 runs=       46 filter=  1.535ms semisort=  0.054ms
[pe-async] round= 33 R=35 dirty=      140 runs=       66 filter=  1.508ms semisort=  0.064ms
[pe-async] round= 34 R=36 dirty=      134 runs=       46 filter=  1.530ms semisort=  0.030ms
[pe-async] round= 35 R=37 dirty=       80 runs=       33 filter=  1.497ms semisort=  0.052ms
[pe-async] round= 36 R=38 dirty=      126 runs=       35 filter=  1.486ms semisort=  0.059ms
[pe-async] round= 37 R=39 dirty=      116 runs=       51 filter=  1.543ms semisort=  0.048ms
[pe-async] round= 38 R=40 dirty=      110 runs=       43 filter=  1.527ms semisort=  0.032ms
[pe-async] round= 39 R=41 dirty=       68 runs=       27 filter=  1.527ms semisort=  0.030ms
[pe-async] round= 40 R=42 dirty=      126 runs=       35 filter=  1.522ms semisort=  0.038ms
[pe-async] round= 41 R=43 dirty=      116 runs=       51 filter=  1.457ms semisort=  0.065ms
[pe-async] round= 42 R=44 dirty=      110 runs=       43 filter=  1.491ms semisort=  0.041ms
[pe-async] round= 43 R=45 dirty=       68 runs=       27 filter=  1.511ms semisort=  0.037ms
[pe-async] round= 44 R=46 dirty=      126 runs=       35 filter=  1.514ms semisort=  0.036ms
[pe-async] round= 45 R=47 dirty=      116 runs=       51 filter=  1.524ms semisort=  0.043ms
[pe-async] round= 46 R=48 dirty=      110 runs=       43 filter=  1.488ms semisort=  0.034ms
[pe-async] round= 47 R=49 dirty=       68 runs=       27 filter=  1.518ms semisort=  0.035ms
[pe-async] round= 48 R=50 dirty=       46 runs=       15 filter=  1.536ms semisort=  0.024ms
[pe-async] round= 49 R=51 dirty=       44 runs=       23 filter=  1.523ms semisort=  0.036ms
[pe-async] round= 50 R=52 dirty=       14 runs=        7 filter=  1.520ms semisort=  0.012ms
[pe-async] round= 51 R=53 dirty=       28 runs=        7 filter=  1.508ms semisort=  0.013ms
[pe-async] round= 52 R=54 dirty=       14 runs=        7 filter=  1.479ms semisort=  0.011ms
[pe-async] round= 53 R=55 dirty=       28 runs=        7 filter=  1.476ms semisort=  0.012ms
[pe-async] round= 54 R=56 dirty=       14 runs=        7 filter=  1.483ms semisort=  0.028ms
[pe-async] round= 55 R=57 dirty=       28 runs=        7 filter=  1.500ms semisort=  0.034ms
[pe-async] round= 56 R=58 dirty=       14 runs=        7 filter=  1.504ms semisort=  0.027ms
[pe-async] round= 57 R=59 dirty=       28 runs=        7 filter=  1.484ms semisort=  0.029ms
[pe-async] round= 58 R=60 dirty=       14 runs=        7 filter=  1.488ms semisort=  0.011ms
[pe-async] round= 59 R=61 dirty=       28 runs=        7 filter=  1.507ms semisort=  0.041ms
[pe-async] round= 60 R=62 dirty=       14 runs=        7 filter=  1.491ms semisort=  0.012ms
[pe-async] round= 61 R=63 dirty=       28 runs=        7 filter=  1.477ms semisort=  0.014ms
[pe-async] round= 62 R=64 dirty=       14 runs=        7 filter=  1.486ms semisort=  0.011ms
[pe-async] round= 63 R=65 dirty=       28 runs=        7 filter=  1.474ms semisort=  0.013ms
[pe-async] round= 64 R=66 dirty=       14 runs=        7 filter=  1.495ms semisort=  0.011ms
[pe-async] round= 65 R=67 dirty=       28 runs=        7 filter=  1.497ms semisort=  0.035ms
[pe-async] round= 66 R=68 dirty=       14 runs=        7 filter=  1.489ms semisort=  0.011ms
[pe-async] round= 67 R=69 dirty=       28 runs=        7 filter=  1.508ms semisort=  0.013ms
[pe-async] round= 68 R=70 dirty=       14 runs=        7 filter=  1.467ms semisort=  0.011ms
[pe-async] round= 69 R=71 dirty=       28 runs=        7 filter=  1.482ms semisort=  0.013ms
[pe-async] round= 70 R=72 dirty=       14 runs=        7 filter=  1.481ms semisort=  0.012ms
[pe-async] round= 71 R=73 dirty=       28 runs=        7 filter=  1.488ms semisort=  0.014ms
[pe-async] round= 72 R=74 dirty=       14 runs=        7 filter=  1.461ms semisort=  0.030ms
[pe-async] round= 73 R=75 dirty=       28 runs=        7 filter=  1.464ms semisort=  0.013ms
[pe-async] round= 74 R=76 dirty=       14 runs=        7 filter=  1.472ms semisort=  0.011ms
[pe-async] round= 75 R=77 dirty=       28 runs=        7 filter=  1.490ms semisort=  0.013ms
[pe-async] round= 76 R=78 dirty=       14 runs=        7 filter=  1.494ms semisort=  0.026ms
[pe-async] round= 77 R=79 dirty=       28 runs=        7 filter=  1.512ms semisort=  0.035ms
[pe-async] round= 78 R=80 dirty=       14 runs=        7 filter=  1.520ms semisort=  0.011ms
[pe-async] round= 79 R=81 dirty=       28 runs=        7 filter=  1.489ms semisort=  0.012ms
[pe-async] round= 80 R=82 dirty=       14 runs=        7 filter=  1.504ms semisort=  0.015ms
[pe-async] round= 81 R=83 dirty=       28 runs=        7 filter=  1.461ms semisort=  0.032ms
[pe-async] round= 82 R=84 dirty=       14 runs=        7 filter=  1.568ms semisort=  0.011ms
[pe-async] round= 83 R=85 dirty=       28 runs=        7 filter=  1.481ms semisort=  0.033ms
[pe-async] round= 84 R=86 dirty=       14 runs=        7 filter=  1.473ms semisort=  0.010ms
[pe-async] round= 85 R=87 dirty=       28 runs=        7 filter=  1.450ms semisort=  0.034ms
[pe-async] round= 86 R=88 dirty=       14 runs=        7 filter=  1.505ms semisort=  0.014ms
[pe-async] round= 87 R=89 dirty=       28 runs=        7 filter=  1.485ms semisort=  0.040ms
[pe-async] round= 88 R=90 dirty=       14 runs=        7 filter=  1.528ms semisort=  0.011ms
[pe-async] round= 89 R=91 dirty=       28 runs=        7 filter=  1.472ms semisort=  0.013ms
[pe-async] round= 90 R=92 dirty=       14 runs=        7 filter=  1.496ms semisort=  0.011ms
[pe-async] round= 91 R=93 dirty=       28 runs=        7 filter=  1.492ms semisort=  0.013ms
[pe-async] round= 92 R=94 dirty=       14 runs=        7 filter=  1.478ms semisort=  0.012ms
[pe-async] round= 93 R=95 dirty=       28 runs=        7 filter=  1.468ms semisort=  0.013ms
[pe-async] round= 94 R=96 dirty=       14 runs=        7 filter=  1.464ms semisort=  0.011ms
[pe-async] round= 95 R=97 dirty=       28 runs=        7 filter=  1.540ms semisort=  0.032ms
[pe-async] round= 96 R=98 dirty=       14 runs=        7 filter=  1.473ms semisort=  0.011ms
[pe-async] round= 97 R=99 dirty=       28 runs=        7 filter=  1.493ms semisort=  0.015ms
[pe-async] round= 98 R=100 dirty=       14 runs=        7 filter=  1.534ms semisort=  0.012ms
[pe-async] round= 99 R=101 dirty=       28 runs=        7 filter=  1.482ms semisort=  0.013ms
[pe-async] round=100 R=102 dirty=       14 runs=        7 filter=  1.496ms semisort=  0.026ms
[pe-async] round=101 R=103 dirty=       28 runs=        7 filter=  1.518ms semisort=  0.013ms
[pe-async] round=102 R=104 dirty=       14 runs=        7 filter=  1.478ms semisort=  0.011ms
[pe-async] round=103 R=105 dirty=       28 runs=        7 filter=  1.483ms semisort=  0.014ms
[pe-async] round=104 R=106 dirty=       14 runs=        7 filter=  1.455ms semisort=  0.039ms
[pe-async] round=105 R=107 dirty=       28 runs=        7 filter=  1.489ms semisort=  0.030ms
[pe-async] round=106 R=108 dirty=       14 runs=        7 filter=  1.465ms semisort=  0.011ms
[pe-async] round=107 R=109 dirty=       28 runs=        7 filter=  1.468ms semisort=  0.013ms
[pe-async] round=108 R=110 dirty=       14 runs=        7 filter=  1.465ms semisort=  0.011ms
[pe-async] round=109 R=111 dirty=       28 runs=        7 filter=  1.455ms semisort=  0.044ms
[pe-async] round=110 R=112 dirty=       14 runs=        7 filter=  1.461ms semisort=  0.011ms
[pe-async] round=111 R=113 dirty=       28 runs=        7 filter=  1.519ms semisort=  0.047ms
[pe-async] round=112 R=114 dirty=       14 runs=        7 filter=  1.450ms semisort=  0.011ms
[pe-async] round=113 R=115 dirty=       28 runs=        7 filter=  1.484ms semisort=  0.046ms
[pe-async] round=114 R=116 dirty=       14 runs=        7 filter=  1.500ms semisort=  0.011ms
[pe-async] round=115 R=117 dirty=       28 runs=        7 filter=  1.526ms semisort=  0.013ms
[pe-async] round=116 R=118 dirty=       14 runs=        7 filter=  1.485ms semisort=  0.011ms
[pe-async] round=117 R=119 dirty=       28 runs=        7 filter=  1.533ms semisort=  0.046ms
[pe-async] round=118 R=120 dirty=       14 runs=        7 filter=  1.488ms semisort=  0.011ms
[pe-async] round=119 R=121 dirty=       28 runs=        7 filter=  1.456ms semisort=  0.064ms
[pe-async] round=120 R=122 dirty=       14 runs=        7 filter=  1.472ms semisort=  0.010ms
[pe-async] round=121 R=123 dirty=       28 runs=        7 filter=  1.497ms semisort=  0.033ms
[pe-async] round=122 R=124 dirty=       14 runs=        7 filter=  1.459ms semisort=  0.010ms
[pe-async] round=123 R=125 dirty=       28 runs=        7 filter=  1.447ms semisort=  0.041ms
[pe-async] round=124 R=126 dirty=       14 runs=        7 filter=  1.448ms semisort=  0.011ms
[pe-async] round=125 R=127 dirty=       28 runs=        7 filter=  1.483ms semisort=  0.013ms
[pe-async] round=126 R=128 dirty=       14 runs=        7 filter=  1.494ms semisort=  0.010ms
[pe-async] round=127 R=129 dirty=       28 runs=        7 filter=  1.468ms semisort=  0.041ms
[pe-async] round=128 R=130 dirty=       14 runs=        7 filter=  1.457ms semisort=  0.010ms
[pe-async] round=129 R=131 dirty=       28 runs=        7 filter=  1.528ms semisort=  0.033ms
[pe-async] round=130 R=132 dirty=       14 runs=        7 filter=  1.474ms semisort=  0.012ms
[pe-async] round=131 R=133 dirty=       28 runs=        7 filter=  1.551ms semisort=  0.013ms
[pe-async] round=132 R=134 dirty=       14 runs=        7 filter=  1.464ms semisort=  0.012ms
[pe-async] round=133 R=135 dirty=       28 runs=        7 filter=  1.483ms semisort=  0.012ms
[pe-async] round=134 R=136 dirty=       14 runs=        7 filter=  1.469ms semisort=  0.035ms
[pe-async] round=135 R=137 dirty=       28 runs=        7 filter=  1.452ms semisort=  0.014ms
[pe-async] round=136 R=138 dirty=       14 runs=        7 filter=  1.471ms semisort=  0.011ms
[pe-async] round=137 R=139 dirty=       28 runs=        7 filter=  1.425ms semisort=  0.013ms
[pe-async] round=138 R=140 dirty=       14 runs=        7 filter=  1.515ms semisort=  0.011ms
[pe-async] round=139 R=141 dirty=       28 runs=        7 filter=  1.468ms semisort=  0.013ms
[pe-async] round=140 R=142 dirty=       14 runs=        7 filter=  1.441ms semisort=  0.011ms
[pe-async] round=141 R=143 dirty=       28 runs=        7 filter=  1.466ms semisort=  0.013ms
[pe-async] round=142 R=144 dirty=       14 runs=        7 filter=  1.452ms semisort=  0.011ms
[pe-async] round=143 R=145 dirty=       28 runs=        7 filter=  1.497ms semisort=  0.017ms
[pe-async] round=144 R=146 dirty=       14 runs=        7 filter=  1.450ms semisort=  0.012ms
[pe-async] round=145 R=147 dirty=       28 runs=        7 filter=  1.460ms semisort=  0.014ms
[pe-async] round=146 R=148 dirty=       14 runs=        7 filter=  1.468ms semisort=  0.012ms
[pe-async] round=147 R=149 dirty=       28 runs=        7 filter=  1.470ms semisort=  0.013ms
[pe-async] round=148 R=150 dirty=       14 runs=        7 filter=  1.467ms semisort=  0.012ms
[pe-async] round=149 R=151 dirty=       28 runs=        7 filter=  1.462ms semisort=  0.014ms
[pe-async] round=150 R=152 dirty=       14 runs=        7 filter=  1.518ms semisort=  0.011ms
[pe-async] round=151 R=153 dirty=       28 runs=        7 filter=  1.474ms semisort=  0.013ms
[pe-async] round=152 R=154 dirty=       14 runs=        7 filter=  1.484ms semisort=  0.011ms
[pe-async] round=153 R=155 dirty=       28 runs=        7 filter=  1.467ms semisort=  0.013ms
[pe-async] round=154 R=156 dirty=       14 runs=        7 filter=  1.462ms semisort=  0.012ms
[pe-async] round=155 R=157 dirty=       28 runs=        7 filter=  1.548ms semisort=  0.012ms
[pe-async] round=156 R=158 dirty=       14 runs=        7 filter=  1.476ms semisort=  0.028ms
[pe-async] round=157 R=159 dirty=       28 runs=        7 filter=  1.469ms semisort=  0.013ms
[pe-async] round=158 R=160 dirty=       14 runs=        7 filter=  1.451ms semisort=  0.011ms
[pe-async] round=159 R=161 dirty=       28 runs=        7 filter=  1.456ms semisort=  0.013ms
[pe-async] round=160 R=162 dirty=       14 runs=        7 filter=  1.469ms semisort=  0.012ms
[pe-async] round=161 R=163 dirty=       28 runs=        7 filter=  1.447ms semisort=  0.041ms
[pe-async] round=162 R=164 dirty=       14 runs=        7 filter=  1.462ms semisort=  0.012ms
[pe-async] round=163 R=165 dirty=       28 runs=        7 filter=  1.468ms semisort=  0.048ms
[pe-async] round=164 R=166 dirty=       14 runs=        7 filter=  1.491ms semisort=  0.011ms
[pe-async] round=165 R=167 dirty=       28 runs=        7 filter=  1.459ms semisort=  0.013ms
[pe-async] round=166 R=168 dirty=       14 runs=        7 filter=  1.452ms semisort=  0.011ms
[pe-async] round=167 R=169 dirty=       28 runs=        7 filter=  1.485ms semisort=  0.013ms
[pe-async] round=168 R=170 dirty=       14 runs=        7 filter=  1.502ms semisort=  0.011ms
[pe-async] round=169 R=171 dirty=       28 runs=        7 filter=  1.481ms semisort=  0.013ms
[pe-async] round=170 R=172 dirty=       14 runs=        7 filter=  1.477ms semisort=  0.011ms
[pe-async] round=171 R=173 dirty=       28 runs=        7 filter=  1.487ms semisort=  0.013ms
[pe-async] round=172 R=174 dirty=       14 runs=        7 filter=  1.509ms semisort=  0.012ms
[pe-async] round=173 R=175 dirty=       28 runs=        7 filter=  1.468ms semisort=  0.013ms
[pe-async] round=174 R=176 dirty=       14 runs=        7 filter=  1.470ms semisort=  0.029ms
[pe-async] round=175 R=177 dirty=       28 runs=        7 filter=  1.490ms semisort=  0.014ms
[pe-async] round=176 R=178 dirty=       14 runs=        7 filter=  1.483ms semisort=  0.012ms
[pe-async] round=177 R=179 dirty=       28 runs=        7 filter=  1.480ms semisort=  0.053ms
[pe-async] round=178 R=180 dirty=       14 runs=        7 filter=  1.507ms semisort=  0.011ms
[pe-async] round=179 R=181 dirty=       28 runs=        7 filter=  1.519ms semisort=  0.014ms
[pe-async] round=180 R=182 dirty=       14 runs=        7 filter=  1.477ms semisort=  0.012ms
[pe-async] round=181 R=183 dirty=       28 runs=        7 filter=  1.487ms semisort=  0.029ms
[pe-async] round=182 R=184 dirty=       14 runs=        7 filter=  1.453ms semisort=  0.012ms
[pe-async] round=183 R=185 dirty=       28 runs=        7 filter=  1.474ms semisort=  0.013ms
[pe-async] round=184 R=186 dirty=       14 runs=        7 filter=  1.466ms semisort=  0.011ms
[pe-async] round=185 R=187 dirty=       28 runs=        7 filter=  1.479ms semisort=  0.013ms
[pe-async] round=186 R=188 dirty=       14 runs=        7 filter=  1.458ms semisort=  0.024ms
[pe-async] round=187 R=189 dirty=       28 runs=        7 filter=  1.466ms semisort=  0.013ms
[pe-async] round=188 R=190 dirty=       14 runs=        7 filter=  1.453ms semisort=  0.012ms
[pe-async] round=189 R=191 dirty=       28 runs=        7 filter=  1.472ms semisort=  0.013ms
[pe-async] round=190 R=192 dirty=       14 runs=        7 filter=  1.438ms semisort=  0.011ms
[pe-async] round=191 R=193 dirty=       28 runs=        7 filter=  1.476ms semisort=  0.013ms
[pe-async] round=192 R=194 dirty=       14 runs=        7 filter=  1.448ms semisort=  0.011ms
[pe-async] round=193 R=195 dirty=       28 runs=        7 filter=  1.457ms semisort=  0.014ms
[pe-async] round=194 R=196 dirty=       14 runs=        7 filter=  1.474ms semisort=  0.011ms
[pe-async] round=195 R=197 dirty=       28 runs=        7 filter=  1.465ms semisort=  0.014ms
[pe-async] round=196 R=198 dirty=       14 runs=        7 filter=  1.435ms semisort=  0.012ms
[pe-async] round=197 R=199 dirty=       28 runs=        7 filter=  1.451ms semisort=  0.013ms
[pe-async] round=198 R=200 dirty=       14 runs=        7 filter=  1.463ms semisort=  0.011ms
[pe-async] round=199 R=201 dirty=       28 runs=        7 filter=  1.475ms semisort=  0.013ms
[pe-async] round=200 R=202 dirty=       14 runs=        7 filter=  1.479ms semisort=  0.011ms
[pe-async] round=201 R=203 dirty=       28 runs=        7 filter=  1.479ms semisort=  0.013ms
[pe-async] round=202 R=204 dirty=       14 runs=        7 filter=  1.493ms semisort=  0.011ms
[pe-async] round=203 R=205 dirty=       28 runs=        7 filter=  1.464ms semisort=  0.014ms
[pe-async] round=204 R=206 dirty=       14 runs=        7 filter=  1.485ms semisort=  0.011ms
[pe-async] round=205 R=207 dirty=       28 runs=        7 filter=  1.445ms semisort=  0.013ms
[pe-async] round=206 R=208 dirty=       14 runs=        7 filter=  1.465ms semisort=  0.012ms
[pe-async] round=207 R=209 dirty=       28 runs=        7 filter=  1.471ms semisort=  0.013ms
[pe-async] round=208 R=210 dirty=       14 runs=        7 filter=  1.457ms semisort=  0.011ms
[pe-async] round=209 R=211 dirty=       34 runs=       13 filter=  1.504ms semisort=  0.016ms
[pe-async] round=210 R=212 dirty=       14 runs=       10 filter=  1.474ms semisort=  0.010ms
[pe-async] round=211 R=213 dirty=       16 runs=        4 filter=  1.487ms semisort=  0.014ms
[pe-async] round=212 R=214 dirty=        8 runs=        4 filter=  1.494ms semisort=  0.009ms
[pe-async] round=213 R=215 dirty=       16 runs=        4 filter=  1.461ms semisort=  0.011ms
[pe-async] round=214 R=216 dirty=        8 runs=        4 filter=  1.473ms semisort=  0.010ms
[pe-async] round=215 R=217 dirty=       16 runs=        4 filter=  1.467ms semisort=  0.014ms
[pe-async] round=216 R=218 dirty=        8 runs=        4 filter=  1.480ms semisort=  0.023ms
[pe-async] round=217 R=219 dirty=       16 runs=        4 filter=  1.472ms semisort=  0.011ms
[pe-async] round=218 R=220 dirty=        8 runs=        4 filter=  1.470ms semisort=  0.010ms
[pe-async] round=219 R=221 dirty=       16 runs=        4 filter=  1.469ms semisort=  0.011ms
[pe-async] round=220 R=222 dirty=        8 runs=        4 filter=  1.470ms semisort=  0.010ms
[pe-async] round=221 R=223 dirty=       16 runs=        4 filter=  1.468ms semisort=  0.011ms
[pe-async] round=222 R=224 dirty=        8 runs=        4 filter=  1.453ms semisort=  0.009ms
[pe-async] round=223 R=225 dirty=       16 runs=        4 filter=  1.449ms semisort=  0.015ms
[pe-async] round=224 R=226 dirty=        8 runs=        4 filter=  1.461ms semisort=  0.010ms
[pe-async] round=225 R=227 dirty=       16 runs=        4 filter=  1.449ms semisort=  0.011ms
[pe-async] round=226 R=228 dirty=        8 runs=        4 filter=  1.471ms semisort=  0.009ms
[pe-async] round=227 R=229 dirty=       16 runs=        4 filter=  1.452ms semisort=  0.012ms
[pe-async] round=228 R=230 dirty=        8 runs=        4 filter=  1.456ms semisort=  0.021ms
[pe-async] round=229 R=231 dirty=       16 runs=        4 filter=  1.488ms semisort=  0.010ms
[pe-async] round=230 R=232 dirty=        8 runs=        4 filter=  1.481ms semisort=  0.010ms
[pe-async] round=231 R=233 dirty=       16 runs=        4 filter=  1.500ms semisort=  0.015ms
[pe-async] round=232 R=234 dirty=        8 runs=        4 filter=  1.484ms semisort=  0.009ms
[pe-async] round=233 R=235 dirty=       16 runs=        4 filter=  1.479ms semisort=  0.010ms
[pe-async] round=234 R=236 dirty=        8 runs=        4 filter=  1.457ms semisort=  0.010ms
[pe-async] round=235 R=237 dirty=       16 runs=        4 filter=  1.461ms semisort=  0.011ms
[pe-async] round=236 R=238 dirty=        8 runs=        4 filter=  1.485ms semisort=  0.012ms
[pe-async] round=237 R=239 dirty=       16 runs=        4 filter=  1.469ms semisort=  0.010ms
[pe-async] round=238 R=240 dirty=        8 runs=        4 filter=  1.499ms semisort=  0.018ms
[pe-async] round=239 R=241 dirty=       16 runs=        4 filter=  1.453ms semisort=  0.011ms
[pe-async] round=240 R=242 dirty=        8 runs=        4 filter=  1.446ms semisort=  0.009ms
[pe-async] round=241 R=243 dirty=       16 runs=        4 filter=  1.466ms semisort=  0.010ms
[pe-async] round=242 R=244 dirty=        8 runs=        4 filter=  1.479ms semisort=  0.009ms
[pe-async] round=243 R=245 dirty=       16 runs=        4 filter=  1.449ms semisort=  0.009ms
[pe-async] round=244 R=246 dirty=        8 runs=        4 filter=  1.498ms semisort=  0.008ms
[pe-async] round=245 R=247 dirty=       16 runs=        4 filter=  1.534ms semisort=  0.010ms
[pe-async] round=246 R=248 dirty=        8 runs=        4 filter=  1.464ms semisort=  0.029ms
[pe-async] round=247 R=249 dirty=       16 runs=        4 filter=  1.454ms semisort=  0.011ms
[pe-async] round=248 R=250 dirty=        8 runs=        4 filter=  1.496ms semisort=  0.032ms
[pe-async] round=249 R=251 dirty=       16 runs=        4 filter=  1.471ms semisort=  0.010ms
[pe-async] round=250 R=252 dirty=        8 runs=        4 filter=  1.509ms semisort=  0.009ms
[pe-async] round=251 R=253 dirty=       16 runs=        4 filter=  1.496ms semisort=  0.010ms
[pe-async] round=252 R=254 dirty=        8 runs=        4 filter=  1.451ms semisort=  0.023ms
[pe-async] round=253 R=255 dirty=       16 runs=        4 filter=  1.470ms semisort=  0.010ms
[pe-async] round=254 R=256 dirty=        8 runs=        4 filter=  1.508ms semisort=  0.009ms
[pe-async] round=255 R=257 dirty=       16 runs=        4 filter=  1.488ms semisort=  0.010ms
[pe-async] round=256 R=258 dirty=        8 runs=        4 filter=  1.509ms semisort=  0.009ms
[pe-async] round=257 R=259 dirty=       16 runs=        4 filter=  1.456ms semisort=  0.011ms
[pe-async] round=258 R=260 dirty=        8 runs=        4 filter=  1.486ms semisort=  0.016ms
[pe-async] round=259 R=261 dirty=       16 runs=        4 filter=  1.471ms semisort=  0.010ms
[pe-async] round=260 R=262 dirty=        8 runs=        4 filter=  1.511ms semisort=  0.009ms
[pe-async] round=261 R=263 dirty=       16 runs=        4 filter=  1.437ms semisort=  0.011ms
[pe-async] round=262 R=264 dirty=        8 runs=        4 filter=  1.462ms semisort=  0.009ms
[pe-async] round=263 R=265 dirty=       16 runs=        4 filter=  1.481ms semisort=  0.010ms
[pe-async] round=264 R=266 dirty=        8 runs=        4 filter=  1.470ms semisort=  0.009ms
[pe-async] round=265 R=267 dirty=       16 runs=        4 filter=  1.493ms semisort=  0.010ms
[pe-async] round=266 R=268 dirty=        8 runs=        4 filter=  1.488ms semisort=  0.009ms
[pe-async] round=267 R=269 dirty=       16 runs=        4 filter=  1.448ms semisort=  0.010ms
[pe-async] round=268 R=270 dirty=        8 runs=        4 filter=  1.473ms semisort=  0.009ms
[pe-async] round=269 R=271 dirty=       16 runs=        4 filter=  1.489ms semisort=  0.010ms
[pe-async] round=270 R=272 dirty=        8 runs=        4 filter=  1.474ms semisort=  0.010ms
[pe-async] round=271 R=273 dirty=       16 runs=        4 filter=  1.464ms semisort=  0.010ms
[pe-async] round=272 R=274 dirty=        8 runs=        4 filter=  1.479ms semisort=  0.008ms
[pe-async] round=273 R=275 dirty=       16 runs=        4 filter=  1.526ms semisort=  0.009ms
[pe-async] round=274 R=276 dirty=        8 runs=        4 filter=  1.484ms semisort=  0.019ms
[pe-async] round=275 R=277 dirty=       16 runs=        4 filter=  1.463ms semisort=  0.010ms
[pe-async] round=276 R=278 dirty=        8 runs=        4 filter=  1.472ms semisort=  0.022ms
[pe-async] round=277 R=279 dirty=       16 runs=        4 filter=  1.496ms semisort=  0.010ms
[pe-async] round=278 R=280 dirty=        8 runs=        4 filter=  1.463ms semisort=  0.009ms
[pe-async] round=279 R=281 dirty=       16 runs=        4 filter=  1.490ms semisort=  0.010ms
[pe-async] round=280 R=282 dirty=        8 runs=        4 filter=  1.463ms semisort=  0.010ms
[pe-async] round=281 R=283 dirty=       16 runs=        4 filter=  1.471ms semisort=  0.011ms
[pe-async] round=282 R=284 dirty=        8 runs=        4 filter=  1.450ms semisort=  0.009ms
[pe-async] round=283 R=285 dirty=       16 runs=        4 filter=  1.469ms semisort=  0.010ms
[pe-async] round=284 R=286 dirty=        8 runs=        4 filter=  1.475ms semisort=  0.009ms
[pe-async] round=285 R=287 dirty=       16 runs=        4 filter=  1.474ms semisort=  0.010ms
[pe-async] round=286 R=288 dirty=        8 runs=        4 filter=  1.469ms semisort=  0.009ms
[pe-async] round=287 R=289 dirty=       16 runs=        4 filter=  1.463ms semisort=  0.009ms
[pe-async] round=288 R=290 dirty=        8 runs=        4 filter=  1.445ms semisort=  0.009ms
[pe-async] round=289 R=291 dirty=       16 runs=        4 filter=  1.495ms semisort=  0.010ms
[pe-async] round=290 R=292 dirty=        8 runs=        4 filter=  1.463ms semisort=  0.023ms
[pe-async] round=291 R=293 dirty=       16 runs=        4 filter=  1.465ms semisort=  0.009ms
[pe-async] round=292 R=294 dirty=        8 runs=        4 filter=  1.455ms semisort=  0.018ms
[pe-async] round=293 R=295 dirty=       16 runs=        4 filter=  1.427ms semisort=  0.009ms
[pe-async] round=294 R=296 dirty=        8 runs=        4 filter=  1.470ms semisort=  0.009ms
[pe-async] round=295 R=297 dirty=       16 runs=        4 filter=  1.491ms semisort=  0.009ms
[pe-async] round=296 R=298 dirty=        8 runs=        4 filter=  1.475ms semisort=  0.010ms
[pe-async] round=297 R=299 dirty=       16 runs=        4 filter=  1.453ms semisort=  0.009ms
[pe-async] round=298 R=300 dirty=        8 runs=        4 filter=  1.456ms semisort=  0.010ms
[pe-async] round=299 R=301 dirty=       16 runs=        4 filter=  1.462ms semisort=  0.010ms
[pe-async] round=300 R=302 dirty=        8 runs=        4 filter=  1.460ms semisort=  0.009ms
[pe-async] round=301 R=303 dirty=       16 runs=        4 filter=  1.442ms semisort=  0.020ms
[pe-async] round=302 R=304 dirty=        8 runs=        4 filter=  1.492ms semisort=  0.009ms
[pe-async] round=303 R=305 dirty=       16 runs=        4 filter=  1.502ms semisort=  0.010ms
[pe-async] round=304 R=306 dirty=        8 runs=        4 filter=  1.443ms semisort=  0.021ms
[pe-async] round=305 R=307 dirty=       16 runs=        4 filter=  1.467ms semisort=  0.010ms
[pe-async] round=306 R=308 dirty=        8 runs=        4 filter=  1.485ms semisort=  0.009ms
[pe-async] round=307 R=309 dirty=       16 runs=        4 filter=  1.439ms semisort=  0.010ms
[pe-async] round=308 R=310 dirty=        8 runs=        4 filter=  1.455ms semisort=  0.009ms
[pe-async] round=309 R=311 dirty=       16 runs=        4 filter=  1.459ms semisort=  0.011ms
[pe-async] round=310 R=312 dirty=        8 runs=        4 filter=  1.471ms semisort=  0.017ms
[pe-async] round=311 R=313 dirty=       16 runs=        4 filter=  1.496ms semisort=  0.010ms
[pe-async] round=312 R=314 dirty=        8 runs=        4 filter=  1.484ms semisort=  0.009ms
[pe-async] round=313 R=315 dirty=       16 runs=        4 filter=  1.439ms semisort=  0.010ms
[pe-async] round=314 R=316 dirty=        8 runs=        4 filter=  1.466ms semisort=  0.009ms
[pe-async] round=315 R=317 dirty=       16 runs=        4 filter=  1.507ms semisort=  0.010ms
[pe-async] round=316 R=318 dirty=        8 runs=        4 filter=  1.498ms semisort=  0.009ms
[pe-async] round=317 R=319 dirty=       16 runs=        4 filter=  1.436ms semisort=  0.010ms
[pe-async] round=318 R=320 dirty=        8 runs=        8 filter=  1.446ms semisort=  0.009ms
[pe-async] round=319 R=321 dirty=        0 filter=  1.478ms (clean break)
[pe-async] round=  0 R=2 dirty=  6945599 runs=  4307022 filter=  1.913ms semisort=  9.906ms
[pe-async] round=  1 R=3 dirty=   148833 runs=    52977 filter=  2.361ms semisort=  0.759ms
[pe-async] round=  2 R=4 dirty=    72602 runs=    56743 filter=  1.928ms semisort=  2.334ms
[pe-async] round=  3 R=5 dirty=    27252 runs=    11300 filter=  1.846ms semisort=  0.857ms
[pe-async] round=  4 R=6 dirty=    14450 runs=     8901 filter=  1.725ms semisort=  0.522ms
[pe-async] round=  5 R=7 dirty=     9113 runs=     3766 filter=  1.678ms semisort=  0.366ms
[pe-async] round=  6 R=8 dirty=     9237 runs=     4258 filter=  1.617ms semisort=  0.363ms
[pe-async] round=  7 R=9 dirty=    10490 runs=     4436 filter=  1.574ms semisort=  0.421ms
[pe-async] round=  8 R=10 dirty=    13446 runs=     6161 filter=  1.577ms semisort=  0.544ms
[pe-async] round=  9 R=11 dirty=     7160 runs=     3428 filter=  1.597ms semisort=  0.311ms
[pe-async] round= 10 R=12 dirty=     9366 runs=     3506 filter=  1.562ms semisort=  0.378ms
[pe-async] round= 11 R=13 dirty=     6310 runs=     2517 filter=  1.567ms semisort=  0.291ms
[pe-async] round= 12 R=14 dirty=     5488 runs=     2161 filter=  1.550ms semisort=  0.251ms
[pe-async] round= 13 R=15 dirty=     3480 runs=     1679 filter=  1.547ms semisort=  0.186ms
[pe-async] round= 14 R=16 dirty=     2006 runs=      585 filter=  1.562ms semisort=  0.133ms
[pe-async] round= 15 R=17 dirty=     1404 runs=      383 filter=  1.546ms semisort=  0.155ms
[pe-async] round= 16 R=18 dirty=     1354 runs=      273 filter=  1.549ms semisort=  0.108ms
[pe-async] round= 17 R=19 dirty=     1112 runs=      391 filter=  1.538ms semisort=  0.125ms
[pe-async] round= 18 R=20 dirty=      490 runs=       67 filter=  1.581ms semisort=  0.081ms
[pe-async] round= 19 R=21 dirty=      396 runs=       51 filter=  1.521ms semisort=  0.061ms
[pe-async] round= 20 R=22 dirty=      362 runs=       59 filter=  1.553ms semisort=  0.080ms
[pe-async] round= 21 R=23 dirty=      444 runs=       75 filter=  1.537ms semisort=  0.081ms
[pe-async] round= 22 R=24 dirty=      346 runs=       67 filter=  1.636ms semisort=  0.070ms
[pe-async] round= 23 R=25 dirty=      396 runs=       51 filter=  1.508ms semisort=  0.073ms
[pe-async] round= 24 R=26 dirty=      362 runs=       59 filter=  1.526ms semisort=  0.069ms
[pe-async] round= 25 R=27 dirty=      444 runs=       77 filter=  1.516ms semisort=  0.088ms
[pe-async] round= 26 R=28 dirty=      338 runs=       65 filter=  1.504ms semisort=  0.078ms
[pe-async] round= 27 R=29 dirty=      392 runs=       61 filter=  1.552ms semisort=  0.086ms
[pe-async] round= 28 R=30 dirty=      322 runs=      181 filter=  1.518ms semisort=  0.063ms
[pe-async] round= 29 R=31 dirty=      160 runs=       67 filter=  1.511ms semisort=  0.052ms
[pe-async] round= 30 R=32 dirty=      166 runs=       57 filter=  1.523ms semisort=  0.035ms
[pe-async] round= 31 R=33 dirty=      100 runs=       37 filter=  1.511ms semisort=  0.039ms
[pe-async] round= 32 R=34 dirty=      178 runs=       46 filter=  1.506ms semisort=  0.050ms
[pe-async] round= 33 R=35 dirty=      140 runs=       66 filter=  1.577ms semisort=  0.050ms
[pe-async] round= 34 R=36 dirty=      134 runs=       46 filter=  1.579ms semisort=  0.036ms
[pe-async] round= 35 R=37 dirty=       80 runs=       33 filter=  1.505ms semisort=  0.051ms
[pe-async] round= 36 R=38 dirty=      126 runs=       35 filter=  1.477ms semisort=  0.042ms
[pe-async] round= 37 R=39 dirty=      116 runs=       51 filter=  1.495ms semisort=  0.067ms
[pe-async] round= 38 R=40 dirty=      110 runs=       43 filter=  1.526ms semisort=  0.043ms
[pe-async] round= 39 R=41 dirty=       68 runs=       27 filter=  1.636ms semisort=  0.033ms
[pe-async] round= 40 R=42 dirty=      126 runs=       35 filter=  1.500ms semisort=  0.035ms
[pe-async] round= 41 R=43 dirty=      116 runs=       51 filter=  1.504ms semisort=  0.068ms
[pe-async] round= 42 R=44 dirty=      110 runs=       43 filter=  1.491ms semisort=  0.036ms
[pe-async] round= 43 R=45 dirty=       68 runs=       27 filter=  1.506ms semisort=  0.054ms
[pe-async] round= 44 R=46 dirty=      126 runs=       35 filter=  1.498ms semisort=  0.036ms
[pe-async] round= 45 R=47 dirty=      116 runs=       51 filter=  1.519ms semisort=  0.054ms
[pe-async] round= 46 R=48 dirty=      110 runs=       43 filter=  1.473ms semisort=  0.029ms
[pe-async] round= 47 R=49 dirty=       68 runs=       27 filter=  1.486ms semisort=  0.067ms
[pe-async] round= 48 R=50 dirty=       46 runs=       15 filter=  1.509ms semisort=  0.036ms
[pe-async] round= 49 R=51 dirty=       44 runs=       23 filter=  1.472ms semisort=  0.036ms
[pe-async] round= 50 R=52 dirty=       14 runs=        7 filter=  1.488ms semisort=  0.016ms
[pe-async] round= 51 R=53 dirty=       28 runs=        7 filter=  1.547ms semisort=  0.032ms
[pe-async] round= 52 R=54 dirty=       14 runs=        7 filter=  1.511ms semisort=  0.011ms
[pe-async] round= 53 R=55 dirty=       28 runs=        7 filter=  1.481ms semisort=  0.033ms
[pe-async] round= 54 R=56 dirty=       14 runs=        7 filter=  1.473ms semisort=  0.010ms
[pe-async] round= 55 R=57 dirty=       28 runs=        7 filter=  1.491ms semisort=  0.041ms
[pe-async] round= 56 R=58 dirty=       14 runs=        7 filter=  1.466ms semisort=  0.011ms
[pe-async] round= 57 R=59 dirty=       28 runs=        7 filter=  1.480ms semisort=  0.012ms
[pe-async] round= 58 R=60 dirty=       14 runs=        7 filter=  1.474ms semisort=  0.011ms
[pe-async] round= 59 R=61 dirty=       28 runs=        7 filter=  1.500ms semisort=  0.041ms
[pe-async] round= 60 R=62 dirty=       14 runs=        7 filter=  1.523ms semisort=  0.012ms
[pe-async] round= 61 R=63 dirty=       28 runs=        7 filter=  1.486ms semisort=  0.013ms
[pe-async] round= 62 R=64 dirty=       14 runs=        7 filter=  1.505ms semisort=  0.012ms
[pe-async] round= 63 R=65 dirty=       28 runs=        7 filter=  1.494ms semisort=  0.014ms
[pe-async] round= 64 R=66 dirty=       14 runs=        7 filter=  1.463ms semisort=  0.011ms
[pe-async] round= 65 R=67 dirty=       28 runs=        7 filter=  1.466ms semisort=  0.013ms
[pe-async] round= 66 R=68 dirty=       14 runs=        7 filter=  1.487ms semisort=  0.011ms
[pe-async] round= 67 R=69 dirty=       28 runs=        7 filter=  1.449ms semisort=  0.014ms
[pe-async] round= 68 R=70 dirty=       14 runs=        7 filter=  1.485ms semisort=  0.012ms
[pe-async] round= 69 R=71 dirty=       28 runs=        7 filter=  1.447ms semisort=  0.012ms
[pe-async] round= 70 R=72 dirty=       14 runs=        7 filter=  1.493ms semisort=  0.011ms
[pe-async] round= 71 R=73 dirty=       28 runs=        7 filter=  1.487ms semisort=  0.052ms
[pe-async] round= 72 R=74 dirty=       14 runs=        7 filter=  1.504ms semisort=  0.011ms
[pe-async] round= 73 R=75 dirty=       28 runs=        7 filter=  1.474ms semisort=  0.013ms
[pe-async] round= 74 R=76 dirty=       14 runs=        7 filter=  1.470ms semisort=  0.011ms
[pe-async] round= 75 R=77 dirty=       28 runs=        7 filter=  1.479ms semisort=  0.013ms
[pe-async] round= 76 R=78 dirty=       14 runs=        7 filter=  1.524ms semisort=  0.011ms
[pe-async] round= 77 R=79 dirty=       28 runs=        7 filter=  1.506ms semisort=  0.042ms
[pe-async] round= 78 R=80 dirty=       14 runs=        7 filter=  1.477ms semisort=  0.032ms
[pe-async] round= 79 R=81 dirty=       28 runs=        7 filter=  1.476ms semisort=  0.013ms
[pe-async] round= 80 R=82 dirty=       14 runs=        7 filter=  1.443ms semisort=  0.012ms
[pe-async] round= 81 R=83 dirty=       28 runs=        7 filter=  1.477ms semisort=  0.014ms
[pe-async] round= 82 R=84 dirty=       14 runs=        7 filter=  1.438ms semisort=  0.011ms
[pe-async] round= 83 R=85 dirty=       28 runs=        7 filter=  1.468ms semisort=  0.039ms
[pe-async] round= 84 R=86 dirty=       14 runs=        7 filter=  1.469ms semisort=  0.011ms
[pe-async] round= 85 R=87 dirty=       28 runs=        7 filter=  1.507ms semisort=  0.013ms
[pe-async] round= 86 R=88 dirty=       14 runs=        7 filter=  1.508ms semisort=  0.011ms
[pe-async] round= 87 R=89 dirty=       28 runs=        7 filter=  1.498ms semisort=  0.014ms
[pe-async] round= 88 R=90 dirty=       14 runs=        7 filter=  1.455ms semisort=  0.010ms
[pe-async] round= 89 R=91 dirty=       28 runs=        7 filter=  1.478ms semisort=  0.013ms
[pe-async] round= 90 R=92 dirty=       14 runs=        7 filter=  1.476ms semisort=  0.011ms
[pe-async] round= 91 R=93 dirty=       28 runs=        7 filter=  1.439ms semisort=  0.013ms
[pe-async] round= 92 R=94 dirty=       14 runs=        7 filter=  1.485ms semisort=  0.011ms
[pe-async] round= 93 R=95 dirty=       28 runs=        7 filter=  1.505ms semisort=  0.014ms
[pe-async] round= 94 R=96 dirty=       14 runs=        7 filter=  1.511ms semisort=  0.031ms
[pe-async] round= 95 R=97 dirty=       28 runs=        7 filter=  1.468ms semisort=  0.035ms
[pe-async] round= 96 R=98 dirty=       14 runs=        7 filter=  1.485ms semisort=  0.010ms
[pe-async] round= 97 R=99 dirty=       28 runs=        7 filter=  1.475ms semisort=  0.041ms
[pe-async] round= 98 R=100 dirty=       14 runs=        7 filter=  1.474ms semisort=  0.011ms
[pe-async] round= 99 R=101 dirty=       28 runs=        7 filter=  1.463ms semisort=  0.014ms
[pe-async] round=100 R=102 dirty=       14 runs=        7 filter=  1.518ms semisort=  0.011ms
[pe-async] round=101 R=103 dirty=       28 runs=        7 filter=  1.456ms semisort=  0.036ms
[pe-async] round=102 R=104 dirty=       14 runs=        7 filter=  1.436ms semisort=  0.019ms
[pe-async] round=103 R=105 dirty=       28 runs=        7 filter=  1.452ms semisort=  0.033ms
[pe-async] round=104 R=106 dirty=       14 runs=        7 filter=  1.447ms semisort=  0.011ms
[pe-async] round=105 R=107 dirty=       28 runs=        7 filter=  1.494ms semisort=  0.053ms
[pe-async] round=106 R=108 dirty=       14 runs=        7 filter=  1.458ms semisort=  0.011ms
[pe-async] round=107 R=109 dirty=       28 runs=        7 filter=  1.449ms semisort=  0.045ms
[pe-async] round=108 R=110 dirty=       14 runs=        7 filter=  1.455ms semisort=  0.011ms
[pe-async] round=109 R=111 dirty=       28 runs=        7 filter=  1.521ms semisort=  0.013ms
[pe-async] round=110 R=112 dirty=       14 runs=        7 filter=  1.485ms semisort=  0.034ms
[pe-async] round=111 R=113 dirty=       28 runs=        7 filter=  1.446ms semisort=  0.014ms
[pe-async] round=112 R=114 dirty=       14 runs=        7 filter=  1.486ms semisort=  0.023ms
[pe-async] round=113 R=115 dirty=       28 runs=        7 filter=  1.443ms semisort=  0.014ms
[pe-async] round=114 R=116 dirty=       14 runs=        7 filter=  1.506ms semisort=  0.021ms
[pe-async] round=115 R=117 dirty=       28 runs=        7 filter=  1.456ms semisort=  0.042ms
[pe-async] round=116 R=118 dirty=       14 runs=        7 filter=  1.562ms semisort=  0.011ms
[pe-async] round=117 R=119 dirty=       28 runs=        7 filter=  1.498ms semisort=  0.013ms
[pe-async] round=118 R=120 dirty=       14 runs=        7 filter=  1.448ms semisort=  0.011ms
[pe-async] round=119 R=121 dirty=       28 runs=        7 filter=  1.470ms semisort=  0.014ms
[pe-async] round=120 R=122 dirty=       14 runs=        7 filter=  1.483ms semisort=  0.011ms
[pe-async] round=121 R=123 dirty=       28 runs=        7 filter=  1.452ms semisort=  0.049ms
[pe-async] round=122 R=124 dirty=       14 runs=        7 filter=  1.499ms semisort=  0.011ms
[pe-async] round=123 R=125 dirty=       28 runs=        7 filter=  1.511ms semisort=  0.013ms
[pe-async] round=124 R=126 dirty=       14 runs=        7 filter=  1.466ms semisort=  0.012ms
[pe-async] round=125 R=127 dirty=       28 runs=        7 filter=  1.464ms semisort=  0.045ms
[pe-async] round=126 R=128 dirty=       14 runs=        7 filter=  1.444ms semisort=  0.029ms
[pe-async] round=127 R=129 dirty=       28 runs=        7 filter=  1.490ms semisort=  0.013ms
[pe-async] round=128 R=130 dirty=       14 runs=        7 filter=  1.489ms semisort=  0.011ms
[pe-async] round=129 R=131 dirty=       28 runs=        7 filter=  1.485ms semisort=  0.023ms
[pe-async] round=130 R=132 dirty=       14 runs=        7 filter=  1.442ms semisort=  0.011ms
[pe-async] round=131 R=133 dirty=       28 runs=        7 filter=  1.464ms semisort=  0.014ms
[pe-async] round=132 R=134 dirty=       14 runs=        7 filter=  1.461ms semisort=  0.011ms
[pe-async] round=133 R=135 dirty=       28 runs=        7 filter=  1.455ms semisort=  0.038ms
[pe-async] round=134 R=136 dirty=       14 runs=        7 filter=  1.504ms semisort=  0.012ms
[pe-async] round=135 R=137 dirty=       28 runs=        7 filter=  1.462ms semisort=  0.013ms
[pe-async] round=136 R=138 dirty=       14 runs=        7 filter=  1.509ms semisort=  0.031ms
[pe-async] round=137 R=139 dirty=       28 runs=        7 filter=  1.491ms semisort=  0.014ms
[pe-async] round=138 R=140 dirty=       14 runs=        7 filter=  1.484ms semisort=  0.011ms
[pe-async] round=139 R=141 dirty=       28 runs=        7 filter=  1.465ms semisort=  0.013ms
[pe-async] round=140 R=142 dirty=       14 runs=        7 filter=  1.448ms semisort=  0.011ms
[pe-async] round=141 R=143 dirty=       28 runs=        7 filter=  1.471ms semisort=  0.014ms
[pe-async] round=142 R=144 dirty=       14 runs=        7 filter=  1.474ms semisort=  0.012ms
[pe-async] round=143 R=145 dirty=       28 runs=        7 filter=  1.439ms semisort=  0.026ms
[pe-async] round=144 R=146 dirty=       14 runs=        7 filter=  1.446ms semisort=  0.011ms
[pe-async] round=145 R=147 dirty=       28 runs=        7 filter=  1.480ms semisort=  0.014ms
[pe-async] round=146 R=148 dirty=       14 runs=        7 filter=  1.455ms semisort=  0.011ms
[pe-async] round=147 R=149 dirty=       28 runs=        7 filter=  1.541ms semisort=  0.014ms
[pe-async] round=148 R=150 dirty=       14 runs=        7 filter=  1.472ms semisort=  0.017ms
[pe-async] round=149 R=151 dirty=       28 runs=        7 filter=  1.474ms semisort=  0.013ms
[pe-async] round=150 R=152 dirty=       14 runs=        7 filter=  1.457ms semisort=  0.011ms
[pe-async] round=151 R=153 dirty=       28 runs=        7 filter=  1.488ms semisort=  0.013ms
[pe-async] round=152 R=154 dirty=       14 runs=        7 filter=  1.486ms semisort=  0.011ms
[pe-async] round=153 R=155 dirty=       28 runs=        7 filter=  1.547ms semisort=  0.014ms
[pe-async] round=154 R=156 dirty=       14 runs=        7 filter=  1.486ms semisort=  0.011ms
[pe-async] round=155 R=157 dirty=       28 runs=        7 filter=  1.430ms semisort=  0.013ms
[pe-async] round=156 R=158 dirty=       14 runs=        7 filter=  1.450ms semisort=  0.011ms
[pe-async] round=157 R=159 dirty=       28 runs=        7 filter=  1.447ms semisort=  0.014ms
[pe-async] round=158 R=160 dirty=       14 runs=        7 filter=  1.459ms semisort=  0.011ms
[pe-async] round=159 R=161 dirty=       28 runs=        7 filter=  1.446ms semisort=  0.014ms
[pe-async] round=160 R=162 dirty=       14 runs=        7 filter=  1.447ms semisort=  0.011ms
[pe-async] round=161 R=163 dirty=       28 runs=        7 filter=  1.448ms semisort=  0.020ms
[pe-async] round=162 R=164 dirty=       14 runs=        7 filter=  1.491ms semisort=  0.011ms
[pe-async] round=163 R=165 dirty=       28 runs=        7 filter=  1.470ms semisort=  0.039ms
[pe-async] round=164 R=166 dirty=       14 runs=        7 filter=  1.496ms semisort=  0.011ms
[pe-async] round=165 R=167 dirty=       28 runs=        7 filter=  1.445ms semisort=  0.013ms
[pe-async] round=166 R=168 dirty=       14 runs=        7 filter=  1.462ms semisort=  0.011ms
[pe-async] round=167 R=169 dirty=       28 runs=        7 filter=  1.467ms semisort=  0.014ms
[pe-async] round=168 R=170 dirty=       14 runs=        7 filter=  1.461ms semisort=  0.011ms
[pe-async] round=169 R=171 dirty=       28 runs=        7 filter=  1.505ms semisort=  0.035ms
[pe-async] round=170 R=172 dirty=       14 runs=        7 filter=  1.500ms semisort=  0.011ms
[pe-async] round=171 R=173 dirty=       28 runs=        7 filter=  1.463ms semisort=  0.031ms
[pe-async] round=172 R=174 dirty=       14 runs=        7 filter=  1.494ms semisort=  0.011ms
[pe-async] round=173 R=175 dirty=       28 runs=        7 filter=  1.492ms semisort=  0.012ms
[pe-async] round=174 R=176 dirty=       14 runs=        7 filter=  1.450ms semisort=  0.011ms
[pe-async] round=175 R=177 dirty=       28 runs=        7 filter=  1.503ms semisort=  0.013ms
[pe-async] round=176 R=178 dirty=       14 runs=        7 filter=  1.492ms semisort=  0.011ms
[pe-async] round=177 R=179 dirty=       28 runs=        7 filter=  1.472ms semisort=  0.038ms
[pe-async] round=178 R=180 dirty=       14 runs=        7 filter=  1.515ms semisort=  0.011ms
[pe-async] round=179 R=181 dirty=       28 runs=        7 filter=  1.500ms semisort=  0.040ms
[pe-async] round=180 R=182 dirty=       14 runs=        7 filter=  1.443ms semisort=  0.011ms
[pe-async] round=181 R=183 dirty=       28 runs=        7 filter=  1.483ms semisort=  0.027ms
[pe-async] round=182 R=184 dirty=       14 runs=        7 filter=  1.430ms semisort=  0.010ms
[pe-async] round=183 R=185 dirty=       28 runs=        7 filter=  1.472ms semisort=  0.012ms
[pe-async] round=184 R=186 dirty=       14 runs=        7 filter=  1.468ms semisort=  0.011ms
[pe-async] round=185 R=187 dirty=       28 runs=        7 filter=  1.470ms semisort=  0.031ms
[pe-async] round=186 R=188 dirty=       14 runs=        7 filter=  1.456ms semisort=  0.012ms
[pe-async] round=187 R=189 dirty=       28 runs=        7 filter=  1.466ms semisort=  0.013ms
[pe-async] round=188 R=190 dirty=       14 runs=        7 filter=  1.430ms semisort=  0.011ms
[pe-async] round=189 R=191 dirty=       28 runs=        7 filter=  1.496ms semisort=  0.013ms
[pe-async] round=190 R=192 dirty=       14 runs=        7 filter=  1.472ms semisort=  0.012ms
[pe-async] round=191 R=193 dirty=       28 runs=        7 filter=  1.460ms semisort=  0.013ms
[pe-async] round=192 R=194 dirty=       14 runs=        7 filter=  1.502ms semisort=  0.011ms
[pe-async] round=193 R=195 dirty=       28 runs=        7 filter=  1.462ms semisort=  0.013ms
[pe-async] round=194 R=196 dirty=       14 runs=        7 filter=  1.461ms semisort=  0.011ms
[pe-async] round=195 R=197 dirty=       28 runs=        7 filter=  1.457ms semisort=  0.023ms
[pe-async] round=196 R=198 dirty=       14 runs=        7 filter=  1.461ms semisort=  0.011ms
[pe-async] round=197 R=199 dirty=       28 runs=        7 filter=  1.463ms semisort=  0.013ms
[pe-async] round=198 R=200 dirty=       14 runs=        7 filter=  1.450ms semisort=  0.011ms
[pe-async] round=199 R=201 dirty=       28 runs=        7 filter=  1.463ms semisort=  0.014ms
[pe-async] round=200 R=202 dirty=       14 runs=        7 filter=  1.477ms semisort=  0.011ms
[pe-async] round=201 R=203 dirty=       28 runs=        7 filter=  1.479ms semisort=  0.013ms
[pe-async] round=202 R=204 dirty=       14 runs=        7 filter=  1.456ms semisort=  0.011ms
[pe-async] round=203 R=205 dirty=       28 runs=        7 filter=  1.442ms semisort=  0.042ms
[pe-async] round=204 R=206 dirty=       14 runs=        7 filter=  1.440ms semisort=  0.011ms
[pe-async] round=205 R=207 dirty=       28 runs=        7 filter=  1.473ms semisort=  0.038ms
[pe-async] round=206 R=208 dirty=       14 runs=        7 filter=  1.521ms semisort=  0.011ms
[pe-async] round=207 R=209 dirty=       28 runs=        7 filter=  1.500ms semisort=  0.047ms
[pe-async] round=208 R=210 dirty=       14 runs=        7 filter=  1.443ms semisort=  0.011ms
[pe-async] round=209 R=211 dirty=       34 runs=       13 filter=  1.449ms semisort=  0.021ms
[pe-async] round=210 R=212 dirty=       14 runs=       10 filter=  1.447ms semisort=  0.010ms
[pe-async] round=211 R=213 dirty=       16 runs=        4 filter=  1.427ms semisort=  0.011ms
[pe-async] round=212 R=214 dirty=        8 runs=        4 filter=  1.449ms semisort=  0.010ms
[pe-async] round=213 R=215 dirty=       16 runs=        4 filter=  1.467ms semisort=  0.015ms
[pe-async] round=214 R=216 dirty=        8 runs=        4 filter=  1.471ms semisort=  0.009ms
[pe-async] round=215 R=217 dirty=       16 runs=        4 filter=  1.499ms semisort=  0.011ms
[pe-async] round=216 R=218 dirty=        8 runs=        4 filter=  1.456ms semisort=  0.010ms
[pe-async] round=217 R=219 dirty=       16 runs=        4 filter=  1.452ms semisort=  0.011ms
[pe-async] round=218 R=220 dirty=        8 runs=        4 filter=  1.476ms semisort=  0.010ms
[pe-async] round=219 R=221 dirty=       16 runs=        4 filter=  1.439ms semisort=  0.010ms
[pe-async] round=220 R=222 dirty=        8 runs=        4 filter=  1.477ms semisort=  0.010ms
[pe-async] round=221 R=223 dirty=       16 runs=        4 filter=  1.469ms semisort=  0.010ms
[pe-async] round=222 R=224 dirty=        8 runs=        4 filter=  1.466ms semisort=  0.009ms
[pe-async] round=223 R=225 dirty=       16 runs=        4 filter=  1.452ms semisort=  0.011ms
[pe-async] round=224 R=226 dirty=        8 runs=        4 filter=  1.502ms semisort=  0.010ms
[pe-async] round=225 R=227 dirty=       16 runs=        4 filter=  1.470ms semisort=  0.015ms
[pe-async] round=226 R=228 dirty=        8 runs=        4 filter=  1.452ms semisort=  0.009ms
[pe-async] round=227 R=229 dirty=       16 runs=        4 filter=  1.453ms semisort=  0.010ms
[pe-async] round=228 R=230 dirty=        8 runs=        4 filter=  1.497ms semisort=  0.009ms
[pe-async] round=229 R=231 dirty=       16 runs=        4 filter=  1.467ms semisort=  0.010ms
[pe-async] round=230 R=232 dirty=        8 runs=        4 filter=  1.490ms semisort=  0.009ms
[pe-async] round=231 R=233 dirty=       16 runs=        4 filter=  1.445ms semisort=  0.010ms
[pe-async] round=232 R=234 dirty=        8 runs=        4 filter=  1.481ms semisort=  0.009ms
[pe-async] round=233 R=235 dirty=       16 runs=        4 filter=  1.480ms semisort=  0.014ms
[pe-async] round=234 R=236 dirty=        8 runs=        4 filter=  1.485ms semisort=  0.009ms
[pe-async] round=235 R=237 dirty=       16 runs=        4 filter=  1.449ms semisort=  0.010ms
[pe-async] round=236 R=238 dirty=        8 runs=        4 filter=  1.451ms semisort=  0.009ms
[pe-async] round=237 R=239 dirty=       16 runs=        4 filter=  1.432ms semisort=  0.010ms
[pe-async] round=238 R=240 dirty=        8 runs=        4 filter=  1.452ms semisort=  0.009ms
[pe-async] round=239 R=241 dirty=       16 runs=        4 filter=  1.457ms semisort=  0.010ms
[pe-async] round=240 R=242 dirty=        8 runs=        4 filter=  1.468ms semisort=  0.009ms
[pe-async] round=241 R=243 dirty=       16 runs=        4 filter=  1.490ms semisort=  0.011ms
[pe-async] round=242 R=244 dirty=        8 runs=        4 filter=  1.450ms semisort=  0.009ms
[pe-async] round=243 R=245 dirty=       16 runs=        4 filter=  1.459ms semisort=  0.010ms
[pe-async] round=244 R=246 dirty=        8 runs=        4 filter=  1.419ms semisort=  0.009ms
[pe-async] round=245 R=247 dirty=       16 runs=        4 filter=  1.447ms semisort=  0.010ms
[pe-async] round=246 R=248 dirty=        8 runs=        4 filter=  1.481ms semisort=  0.009ms
[pe-async] round=247 R=249 dirty=       16 runs=        4 filter=  1.456ms semisort=  0.011ms
[pe-async] round=248 R=250 dirty=        8 runs=        4 filter=  1.461ms semisort=  0.009ms
[pe-async] round=249 R=251 dirty=       16 runs=        4 filter=  1.438ms semisort=  0.010ms
[pe-async] round=250 R=252 dirty=        8 runs=        4 filter=  1.473ms semisort=  0.010ms
[pe-async] round=251 R=253 dirty=       16 runs=        4 filter=  1.508ms semisort=  0.020ms
[pe-async] round=252 R=254 dirty=        8 runs=        4 filter=  1.489ms semisort=  0.011ms
[pe-async] round=253 R=255 dirty=       16 runs=        4 filter=  1.616ms semisort=  0.010ms
[pe-async] round=254 R=256 dirty=        8 runs=        4 filter=  1.450ms semisort=  0.010ms
[pe-async] round=255 R=257 dirty=       16 runs=        4 filter=  1.436ms semisort=  0.009ms
[pe-async] round=256 R=258 dirty=        8 runs=        4 filter=  1.470ms semisort=  0.009ms
[pe-async] round=257 R=259 dirty=       16 runs=        4 filter=  1.463ms semisort=  0.017ms
[pe-async] round=258 R=260 dirty=        8 runs=        4 filter=  1.497ms semisort=  0.009ms
[pe-async] round=259 R=261 dirty=       16 runs=        4 filter=  1.445ms semisort=  0.010ms
[pe-async] round=260 R=262 dirty=        8 runs=        4 filter=  1.461ms semisort=  0.010ms
[pe-async] round=261 R=263 dirty=       16 runs=        4 filter=  1.460ms semisort=  0.012ms
[pe-async] round=262 R=264 dirty=        8 runs=        4 filter=  1.523ms semisort=  0.010ms
[pe-async] round=263 R=265 dirty=       16 runs=        4 filter=  1.506ms semisort=  0.012ms
[pe-async] round=264 R=266 dirty=        8 runs=        4 filter=  1.447ms semisort=  0.009ms
[pe-async] round=265 R=267 dirty=       16 runs=        4 filter=  1.506ms semisort=  0.011ms
[pe-async] round=266 R=268 dirty=        8 runs=        4 filter=  1.433ms semisort=  0.010ms
[pe-async] round=267 R=269 dirty=       16 runs=        4 filter=  1.445ms semisort=  0.010ms
[pe-async] round=268 R=270 dirty=        8 runs=        4 filter=  1.438ms semisort=  0.009ms
[pe-async] round=269 R=271 dirty=       16 runs=        4 filter=  1.477ms semisort=  0.010ms
[pe-async] round=270 R=272 dirty=        8 runs=        4 filter=  1.470ms semisort=  0.009ms
[pe-async] round=271 R=273 dirty=       16 runs=        4 filter=  1.472ms semisort=  0.010ms
[pe-async] round=272 R=274 dirty=        8 runs=        4 filter=  1.450ms semisort=  0.010ms
[pe-async] round=273 R=275 dirty=       16 runs=        4 filter=  1.481ms semisort=  0.010ms
[pe-async] round=274 R=276 dirty=        8 runs=        4 filter=  1.456ms semisort=  0.027ms
[pe-async] round=275 R=277 dirty=       16 runs=        4 filter=  1.464ms semisort=  0.015ms
[pe-async] round=276 R=278 dirty=        8 runs=        4 filter=  1.474ms semisort=  0.009ms
[pe-async] round=277 R=279 dirty=       16 runs=        4 filter=  1.485ms semisort=  0.010ms
[pe-async] round=278 R=280 dirty=        8 runs=        4 filter=  1.451ms semisort=  0.010ms
[pe-async] round=279 R=281 dirty=       16 runs=        4 filter=  1.500ms semisort=  0.015ms
[pe-async] round=280 R=282 dirty=        8 runs=        4 filter=  1.468ms semisort=  0.009ms
[pe-async] round=281 R=283 dirty=       16 runs=        4 filter=  1.415ms semisort=  0.011ms
[pe-async] round=282 R=284 dirty=        8 runs=        4 filter=  1.441ms semisort=  0.009ms
[pe-async] round=283 R=285 dirty=       16 runs=        4 filter=  1.430ms semisort=  0.010ms
[pe-async] round=284 R=286 dirty=        8 runs=        4 filter=  1.435ms semisort=  0.009ms
[pe-async] round=285 R=287 dirty=       16 runs=        4 filter=  1.444ms semisort=  0.010ms
[pe-async] round=286 R=288 dirty=        8 runs=        4 filter=  1.504ms semisort=  0.010ms
[pe-async] round=287 R=289 dirty=       16 runs=        4 filter=  1.451ms semisort=  0.010ms
[pe-async] round=288 R=290 dirty=        8 runs=        4 filter=  1.441ms semisort=  0.009ms
[pe-async] round=289 R=291 dirty=       16 runs=        4 filter=  1.457ms semisort=  0.009ms
[pe-async] round=290 R=292 dirty=        8 runs=        4 filter=  1.466ms semisort=  0.009ms
[pe-async] round=291 R=293 dirty=       16 runs=        4 filter=  1.429ms semisort=  0.019ms
[pe-async] round=292 R=294 dirty=        8 runs=        4 filter=  1.454ms semisort=  0.009ms
[pe-async] round=293 R=295 dirty=       16 runs=        4 filter=  1.429ms semisort=  0.010ms
[pe-async] round=294 R=296 dirty=        8 runs=        4 filter=  1.439ms semisort=  0.009ms
[pe-async] round=295 R=297 dirty=       16 runs=        4 filter=  1.451ms semisort=  0.010ms
[pe-async] round=296 R=298 dirty=        8 runs=        4 filter=  1.445ms semisort=  0.010ms
[pe-async] round=297 R=299 dirty=       16 runs=        4 filter=  1.437ms semisort=  0.010ms
[pe-async] round=298 R=300 dirty=        8 runs=        4 filter=  1.448ms semisort=  0.009ms
[pe-async] round=299 R=301 dirty=       16 runs=        4 filter=  1.439ms semisort=  0.010ms
[pe-async] round=300 R=302 dirty=        8 runs=        4 filter=  1.522ms semisort=  0.009ms
[pe-async] round=301 R=303 dirty=       16 runs=        4 filter=  1.450ms semisort=  0.011ms
[pe-async] round=302 R=304 dirty=        8 runs=        4 filter=  1.444ms semisort=  0.009ms
[pe-async] round=303 R=305 dirty=       16 runs=        4 filter=  1.470ms semisort=  0.011ms
[pe-async] round=304 R=306 dirty=        8 runs=        4 filter=  1.420ms semisort=  0.010ms
[pe-async] round=305 R=307 dirty=       16 runs=        4 filter=  1.509ms semisort=  0.010ms
[pe-async] round=306 R=308 dirty=        8 runs=        4 filter=  1.420ms semisort=  0.009ms
[pe-async] round=307 R=309 dirty=       16 runs=        4 filter=  1.507ms semisort=  0.010ms
[pe-async] round=308 R=310 dirty=        8 runs=        4 filter=  1.441ms semisort=  0.009ms
[pe-async] round=309 R=311 dirty=       16 runs=        4 filter=  1.473ms semisort=  0.010ms
[pe-async] round=310 R=312 dirty=        8 runs=        4 filter=  1.441ms semisort=  0.009ms
[pe-async] round=311 R=313 dirty=       16 runs=        4 filter=  1.483ms semisort=  0.010ms
[pe-async] round=312 R=314 dirty=        8 runs=        4 filter=  1.439ms semisort=  0.009ms
[pe-async] round=313 R=315 dirty=       16 runs=        4 filter=  1.485ms semisort=  0.010ms
[pe-async] round=314 R=316 dirty=        8 runs=        4 filter=  1.449ms semisort=  0.009ms
[pe-async] round=315 R=317 dirty=       16 runs=        4 filter=  1.450ms semisort=  0.010ms
[pe-async] round=316 R=318 dirty=        8 runs=        4 filter=  1.444ms semisort=  0.009ms
[pe-async] round=317 R=319 dirty=       16 runs=        4 filter=  1.429ms semisort=  0.011ms
[pe-async] round=318 R=320 dirty=        8 runs=        8 filter=  1.440ms semisort=  0.008ms
[pe-async] round=319 R=321 dirty=        0 filter=  1.514ms (clean break)
[pe-async] round=  0 R=2 dirty=  6945599 runs=  4307022 filter=  1.945ms semisort= 10.585ms
[pe-async] round=  1 R=3 dirty=   148833 runs=    52977 filter=  2.347ms semisort=  0.657ms
[pe-async] round=  2 R=4 dirty=    72602 runs=    56743 filter=  1.944ms semisort=  2.278ms
[pe-async] round=  3 R=5 dirty=    27252 runs=    11300 filter=  1.878ms semisort=  0.892ms
[pe-async] round=  4 R=6 dirty=    14450 runs=     8901 filter=  1.738ms semisort=  0.508ms
[pe-async] round=  5 R=7 dirty=     9113 runs=     3766 filter=  1.683ms semisort=  0.388ms
[pe-async] round=  6 R=8 dirty=     9237 runs=     4258 filter=  1.614ms semisort=  0.366ms
[pe-async] round=  7 R=9 dirty=    10490 runs=     4436 filter=  1.585ms semisort=  0.401ms
[pe-async] round=  8 R=10 dirty=    13446 runs=     6161 filter=  1.631ms semisort=  0.504ms
[pe-async] round=  9 R=11 dirty=     7160 runs=     3428 filter=  1.606ms semisort=  0.308ms
[pe-async] round= 10 R=12 dirty=     9366 runs=     3506 filter=  1.588ms semisort=  0.381ms
[pe-async] round= 11 R=13 dirty=     6310 runs=     2517 filter=  1.563ms semisort=  0.287ms
[pe-async] round= 12 R=14 dirty=     5488 runs=     2161 filter=  1.563ms semisort=  0.265ms
[pe-async] round= 13 R=15 dirty=     3480 runs=     1679 filter=  1.569ms semisort=  0.186ms
[pe-async] round= 14 R=16 dirty=     2006 runs=      585 filter=  1.572ms semisort=  0.125ms
[pe-async] round= 15 R=17 dirty=     1404 runs=      383 filter=  1.553ms semisort=  0.129ms
[pe-async] round= 16 R=18 dirty=     1354 runs=      273 filter=  1.595ms semisort=  0.114ms
[pe-async] round= 17 R=19 dirty=     1112 runs=      391 filter=  1.581ms semisort=  0.119ms
[pe-async] round= 18 R=20 dirty=      490 runs=       67 filter=  1.590ms semisort=  0.090ms
[pe-async] round= 19 R=21 dirty=      396 runs=       51 filter=  1.562ms semisort=  0.073ms
[pe-async] round= 20 R=22 dirty=      362 runs=       59 filter=  1.582ms semisort=  0.067ms
[pe-async] round= 21 R=23 dirty=      444 runs=       75 filter=  1.549ms semisort=  0.101ms
[pe-async] round= 22 R=24 dirty=      346 runs=       67 filter=  1.517ms semisort=  0.066ms
[pe-async] round= 23 R=25 dirty=      396 runs=       51 filter=  1.578ms semisort=  0.069ms
[pe-async] round= 24 R=26 dirty=      362 runs=       59 filter=  1.643ms semisort=  0.065ms
[pe-async] round= 25 R=27 dirty=      444 runs=       77 filter=  1.515ms semisort=  0.072ms
[pe-async] round= 26 R=28 dirty=      338 runs=       65 filter=  1.509ms semisort=  0.069ms
[pe-async] round= 27 R=29 dirty=      392 runs=       61 filter=  1.495ms semisort=  0.082ms
[pe-async] round= 28 R=30 dirty=      322 runs=      181 filter=  1.509ms semisort=  0.059ms
[pe-async] round= 29 R=31 dirty=      160 runs=       67 filter=  1.525ms semisort=  0.055ms
[pe-async] round= 30 R=32 dirty=      166 runs=       57 filter=  1.530ms semisort=  0.035ms
[pe-async] round= 31 R=33 dirty=      100 runs=       37 filter=  1.510ms semisort=  0.050ms
[pe-async] round= 32 R=34 dirty=      178 runs=       46 filter=  1.495ms semisort=  0.039ms
[pe-async] round= 33 R=35 dirty=      140 runs=       66 filter=  1.521ms semisort=  0.051ms
[pe-async] round= 34 R=36 dirty=      134 runs=       46 filter=  1.510ms semisort=  0.042ms
[pe-async] round= 35 R=37 dirty=       80 runs=       33 filter=  1.558ms semisort=  0.031ms
[pe-async] round= 36 R=38 dirty=      126 runs=       35 filter=  1.497ms semisort=  0.043ms
[pe-async] round= 37 R=39 dirty=      116 runs=       51 filter=  1.528ms semisort=  0.056ms
[pe-async] round= 38 R=40 dirty=      110 runs=       43 filter=  1.490ms semisort=  0.039ms
[pe-async] round= 39 R=41 dirty=       68 runs=       27 filter=  1.499ms semisort=  0.046ms
[pe-async] round= 40 R=42 dirty=      126 runs=       35 filter=  1.488ms semisort=  0.037ms
[pe-async] round= 41 R=43 dirty=      116 runs=       51 filter=  1.498ms semisort=  0.054ms
[pe-async] round= 42 R=44 dirty=      110 runs=       43 filter=  1.504ms semisort=  0.037ms
[pe-async] round= 43 R=45 dirty=       68 runs=       27 filter=  1.468ms semisort=  0.042ms
[pe-async] round= 44 R=46 dirty=      126 runs=       35 filter=  1.498ms semisort=  0.038ms
[pe-async] round= 45 R=47 dirty=      116 runs=       51 filter=  1.491ms semisort=  0.042ms
[pe-async] round= 46 R=48 dirty=      110 runs=       43 filter=  1.506ms semisort=  0.041ms
[pe-async] round= 47 R=49 dirty=       68 runs=       27 filter=  1.455ms semisort=  0.056ms
[pe-async] round= 48 R=50 dirty=       46 runs=       15 filter=  1.490ms semisort=  0.024ms
[pe-async] round= 49 R=51 dirty=       44 runs=       23 filter=  1.492ms semisort=  0.022ms
[pe-async] round= 50 R=52 dirty=       14 runs=        7 filter=  1.590ms semisort=  0.011ms
[pe-async] round= 51 R=53 dirty=       28 runs=        7 filter=  1.491ms semisort=  0.016ms
[pe-async] round= 52 R=54 dirty=       14 runs=        7 filter=  1.505ms semisort=  0.011ms
[pe-async] round= 53 R=55 dirty=       28 runs=        7 filter=  1.462ms semisort=  0.013ms
[pe-async] round= 54 R=56 dirty=       14 runs=        7 filter=  1.476ms semisort=  0.011ms
[pe-async] round= 55 R=57 dirty=       28 runs=        7 filter=  1.465ms semisort=  0.015ms
[pe-async] round= 56 R=58 dirty=       14 runs=        7 filter=  1.475ms semisort=  0.034ms
[pe-async] round= 57 R=59 dirty=       28 runs=        7 filter=  1.482ms semisort=  0.014ms
[pe-async] round= 58 R=60 dirty=       14 runs=        7 filter=  1.488ms semisort=  0.012ms
[pe-async] round= 59 R=61 dirty=       28 runs=        7 filter=  1.512ms semisort=  0.013ms
[pe-async] round= 60 R=62 dirty=       14 runs=        7 filter=  1.483ms semisort=  0.011ms
[pe-async] round= 61 R=63 dirty=       28 runs=        7 filter=  1.500ms semisort=  0.014ms
[pe-async] round= 62 R=64 dirty=       14 runs=        7 filter=  1.492ms semisort=  0.011ms
[pe-async] round= 63 R=65 dirty=       28 runs=        7 filter=  1.459ms semisort=  0.014ms
[pe-async] round= 64 R=66 dirty=       14 runs=        7 filter=  1.485ms semisort=  0.011ms
[pe-async] round= 65 R=67 dirty=       28 runs=        7 filter=  1.496ms semisort=  0.013ms
[pe-async] round= 66 R=68 dirty=       14 runs=        7 filter=  1.495ms semisort=  0.011ms
[pe-async] round= 67 R=69 dirty=       28 runs=        7 filter=  1.475ms semisort=  0.014ms
[pe-async] round= 68 R=70 dirty=       14 runs=        7 filter=  1.431ms semisort=  0.020ms
[pe-async] round= 69 R=71 dirty=       28 runs=        7 filter=  1.524ms semisort=  0.014ms
[pe-async] round= 70 R=72 dirty=       14 runs=        7 filter=  1.517ms semisort=  0.023ms
[pe-async] round= 71 R=73 dirty=       28 runs=        7 filter=  1.454ms semisort=  0.013ms
[pe-async] round= 72 R=74 dirty=       14 runs=        7 filter=  1.548ms semisort=  0.011ms
[pe-async] round= 73 R=75 dirty=       28 runs=        7 filter=  1.466ms semisort=  0.013ms
[pe-async] round= 74 R=76 dirty=       14 runs=        7 filter=  1.507ms semisort=  0.011ms
[pe-async] round= 75 R=77 dirty=       28 runs=        7 filter=  1.481ms semisort=  0.014ms
[pe-async] round= 76 R=78 dirty=       14 runs=        7 filter=  1.447ms semisort=  0.011ms
[pe-async] round= 77 R=79 dirty=       28 runs=        7 filter=  1.472ms semisort=  0.014ms
[pe-async] round= 78 R=80 dirty=       14 runs=        7 filter=  1.474ms semisort=  0.010ms
[pe-async] round= 79 R=81 dirty=       28 runs=        7 filter=  1.514ms semisort=  0.018ms
[pe-async] round= 80 R=82 dirty=       14 runs=        7 filter=  1.459ms semisort=  0.011ms
[pe-async] round= 81 R=83 dirty=       28 runs=        7 filter=  1.454ms semisort=  0.035ms
[pe-async] round= 82 R=84 dirty=       14 runs=        7 filter=  1.448ms semisort=  0.011ms
[pe-async] round= 83 R=85 dirty=       28 runs=        7 filter=  1.528ms semisort=  0.014ms
[pe-async] round= 84 R=86 dirty=       14 runs=        7 filter=  1.451ms semisort=  0.014ms
[pe-async] round= 85 R=87 dirty=       28 runs=        7 filter=  1.482ms semisort=  0.013ms
[pe-async] round= 86 R=88 dirty=       14 runs=        7 filter=  1.472ms semisort=  0.011ms
[pe-async] round= 87 R=89 dirty=       28 runs=        7 filter=  1.479ms semisort=  0.014ms
[pe-async] round= 88 R=90 dirty=       14 runs=        7 filter=  1.512ms semisort=  0.012ms
[pe-async] round= 89 R=91 dirty=       28 runs=        7 filter=  1.461ms semisort=  0.013ms
[pe-async] round= 90 R=92 dirty=       14 runs=        7 filter=  1.484ms semisort=  0.011ms
[pe-async] round= 91 R=93 dirty=       28 runs=        7 filter=  1.489ms semisort=  0.014ms
[pe-async] round= 92 R=94 dirty=       14 runs=        7 filter=  1.483ms semisort=  0.011ms
[pe-async] round= 93 R=95 dirty=       28 runs=        7 filter=  1.506ms semisort=  0.014ms
[pe-async] round= 94 R=96 dirty=       14 runs=        7 filter=  1.466ms semisort=  0.012ms
[pe-async] round= 95 R=97 dirty=       28 runs=        7 filter=  1.472ms semisort=  0.014ms
[pe-async] round= 96 R=98 dirty=       14 runs=        7 filter=  1.489ms semisort=  0.012ms
[pe-async] round= 97 R=99 dirty=       28 runs=        7 filter=  1.473ms semisort=  0.014ms
[pe-async] round= 98 R=100 dirty=       14 runs=        7 filter=  1.454ms semisort=  0.012ms
[pe-async] round= 99 R=101 dirty=       28 runs=        7 filter=  1.460ms semisort=  0.041ms
[pe-async] round=100 R=102 dirty=       14 runs=        7 filter=  1.462ms semisort=  0.011ms
[pe-async] round=101 R=103 dirty=       28 runs=        7 filter=  1.488ms semisort=  0.014ms
[pe-async] round=102 R=104 dirty=       14 runs=        7 filter=  1.570ms semisort=  0.018ms
[pe-async] round=103 R=105 dirty=       28 runs=        7 filter=  1.458ms semisort=  0.013ms
[pe-async] round=104 R=106 dirty=       14 runs=        7 filter=  1.498ms semisort=  0.011ms
[pe-async] round=105 R=107 dirty=       28 runs=        7 filter=  1.487ms semisort=  0.014ms
[pe-async] round=106 R=108 dirty=       14 runs=        7 filter=  1.475ms semisort=  0.011ms
[pe-async] round=107 R=109 dirty=       28 runs=        7 filter=  1.481ms semisort=  0.015ms
[pe-async] round=108 R=110 dirty=       14 runs=        7 filter=  1.461ms semisort=  0.012ms
[pe-async] round=109 R=111 dirty=       28 runs=        7 filter=  1.466ms semisort=  0.014ms
[pe-async] round=110 R=112 dirty=       14 runs=        7 filter=  1.511ms semisort=  0.025ms
[pe-async] round=111 R=113 dirty=       28 runs=        7 filter=  1.505ms semisort=  0.013ms
[pe-async] round=112 R=114 dirty=       14 runs=        7 filter=  1.494ms semisort=  0.030ms
[pe-async] round=113 R=115 dirty=       28 runs=        7 filter=  1.470ms semisort=  0.013ms
[pe-async] round=114 R=116 dirty=       14 runs=        7 filter=  1.453ms semisort=  0.012ms
[pe-async] round=115 R=117 dirty=       28 runs=        7 filter=  1.462ms semisort=  0.014ms
[pe-async] round=116 R=118 dirty=       14 runs=        7 filter=  1.462ms semisort=  0.011ms
[pe-async] round=117 R=119 dirty=       28 runs=        7 filter=  1.496ms semisort=  0.013ms
[pe-async] round=118 R=120 dirty=       14 runs=        7 filter=  1.465ms semisort=  0.011ms
[pe-async] round=119 R=121 dirty=       28 runs=        7 filter=  1.476ms semisort=  0.029ms
[pe-async] round=120 R=122 dirty=       14 runs=        7 filter=  1.499ms semisort=  0.012ms
[pe-async] round=121 R=123 dirty=       28 runs=        7 filter=  1.449ms semisort=  0.036ms
[pe-async] round=122 R=124 dirty=       14 runs=        7 filter=  1.418ms semisort=  0.011ms
[pe-async] round=123 R=125 dirty=       28 runs=        7 filter=  1.507ms semisort=  0.014ms
[pe-async] round=124 R=126 dirty=       14 runs=        7 filter=  1.464ms semisort=  0.012ms
[pe-async] round=125 R=127 dirty=       28 runs=        7 filter=  1.473ms semisort=  0.014ms
[pe-async] round=126 R=128 dirty=       14 runs=        7 filter=  1.470ms semisort=  0.034ms
[pe-async] round=127 R=129 dirty=       28 runs=        7 filter=  1.453ms semisort=  0.012ms
[pe-async] round=128 R=130 dirty=       14 runs=        7 filter=  1.467ms semisort=  0.012ms
[pe-async] round=129 R=131 dirty=       28 runs=        7 filter=  1.432ms semisort=  0.013ms
[pe-async] round=130 R=132 dirty=       14 runs=        7 filter=  1.440ms semisort=  0.011ms
[pe-async] round=131 R=133 dirty=       28 runs=        7 filter=  1.448ms semisort=  0.013ms
[pe-async] round=132 R=134 dirty=       14 runs=        7 filter=  1.460ms semisort=  0.012ms
[pe-async] round=133 R=135 dirty=       28 runs=        7 filter=  1.475ms semisort=  0.037ms
[pe-async] round=134 R=136 dirty=       14 runs=        7 filter=  1.469ms semisort=  0.011ms
[pe-async] round=135 R=137 dirty=       28 runs=        7 filter=  1.453ms semisort=  0.035ms
[pe-async] round=136 R=138 dirty=       14 runs=        7 filter=  1.471ms semisort=  0.014ms
[pe-async] round=137 R=139 dirty=       28 runs=        7 filter=  1.448ms semisort=  0.013ms
[pe-async] round=138 R=140 dirty=       14 runs=        7 filter=  1.446ms semisort=  0.011ms
[pe-async] round=139 R=141 dirty=       28 runs=        7 filter=  1.443ms semisort=  0.013ms
[pe-async] round=140 R=142 dirty=       14 runs=        7 filter=  1.465ms semisort=  0.012ms
[pe-async] round=141 R=143 dirty=       28 runs=        7 filter=  1.490ms semisort=  0.013ms
[pe-async] round=142 R=144 dirty=       14 runs=        7 filter=  1.461ms semisort=  0.011ms
[pe-async] round=143 R=145 dirty=       28 runs=        7 filter=  1.443ms semisort=  0.014ms
[pe-async] round=144 R=146 dirty=       14 runs=        7 filter=  1.533ms semisort=  0.012ms
[pe-async] round=145 R=147 dirty=       28 runs=        7 filter=  1.427ms semisort=  0.022ms
[pe-async] round=146 R=148 dirty=       14 runs=        7 filter=  1.514ms semisort=  0.033ms
[pe-async] round=147 R=149 dirty=       28 runs=        7 filter=  1.442ms semisort=  0.036ms
[pe-async] round=148 R=150 dirty=       14 runs=        7 filter=  1.473ms semisort=  0.012ms
[pe-async] round=149 R=151 dirty=       28 runs=        7 filter=  1.446ms semisort=  0.013ms
[pe-async] round=150 R=152 dirty=       14 runs=        7 filter=  1.515ms semisort=  0.011ms
[pe-async] round=151 R=153 dirty=       28 runs=        7 filter=  1.486ms semisort=  0.037ms
[pe-async] round=152 R=154 dirty=       14 runs=        7 filter=  1.459ms semisort=  0.012ms
[pe-async] round=153 R=155 dirty=       28 runs=        7 filter=  1.443ms semisort=  0.041ms
[pe-async] round=154 R=156 dirty=       14 runs=        7 filter=  1.549ms semisort=  0.011ms
[pe-async] round=155 R=157 dirty=       28 runs=        7 filter=  1.421ms semisort=  0.013ms
[pe-async] round=156 R=158 dirty=       14 runs=        7 filter=  1.457ms semisort=  0.012ms
[pe-async] round=157 R=159 dirty=       28 runs=        7 filter=  1.449ms semisort=  0.035ms
[pe-async] round=158 R=160 dirty=       14 runs=        7 filter=  1.445ms semisort=  0.011ms
[pe-async] round=159 R=161 dirty=       28 runs=        7 filter=  1.499ms semisort=  0.031ms
[pe-async] round=160 R=162 dirty=       14 runs=        7 filter=  1.433ms semisort=  0.011ms
[pe-async] round=161 R=163 dirty=       28 runs=        7 filter=  1.454ms semisort=  0.035ms
[pe-async] round=162 R=164 dirty=       14 runs=        7 filter=  1.470ms semisort=  0.012ms
[pe-async] round=163 R=165 dirty=       28 runs=        7 filter=  1.463ms semisort=  0.012ms
[pe-async] round=164 R=166 dirty=       14 runs=        7 filter=  1.492ms semisort=  0.011ms
[pe-async] round=165 R=167 dirty=       28 runs=        7 filter=  1.441ms semisort=  0.012ms
[pe-async] round=166 R=168 dirty=       14 runs=        7 filter=  1.441ms semisort=  0.012ms
[pe-async] round=167 R=169 dirty=       28 runs=        7 filter=  1.429ms semisort=  0.046ms
[pe-async] round=168 R=170 dirty=       14 runs=        7 filter=  1.463ms semisort=  0.011ms
[pe-async] round=169 R=171 dirty=       28 runs=        7 filter=  1.484ms semisort=  0.039ms
[pe-async] round=170 R=172 dirty=       14 runs=        7 filter=  1.485ms semisort=  0.011ms
[pe-async] round=171 R=173 dirty=       28 runs=        7 filter=  1.448ms semisort=  0.034ms
[pe-async] round=172 R=174 dirty=       14 runs=        7 filter=  1.525ms semisort=  0.011ms
[pe-async] round=173 R=175 dirty=       28 runs=        7 filter=  1.432ms semisort=  0.045ms
[pe-async] round=174 R=176 dirty=       14 runs=        7 filter=  1.480ms semisort=  0.012ms
[pe-async] round=175 R=177 dirty=       28 runs=        7 filter=  1.470ms semisort=  0.049ms
[pe-async] round=176 R=178 dirty=       14 runs=        7 filter=  1.435ms semisort=  0.011ms
[pe-async] round=177 R=179 dirty=       28 runs=        7 filter=  1.524ms semisort=  0.040ms
[pe-async] round=178 R=180 dirty=       14 runs=        7 filter=  1.463ms semisort=  0.011ms
[pe-async] round=179 R=181 dirty=       28 runs=        7 filter=  1.461ms semisort=  0.035ms
[pe-async] round=180 R=182 dirty=       14 runs=        7 filter=  1.480ms semisort=  0.011ms
[pe-async] round=181 R=183 dirty=       28 runs=        7 filter=  1.462ms semisort=  0.029ms
[pe-async] round=182 R=184 dirty=       14 runs=        7 filter=  1.478ms semisort=  0.011ms
[pe-async] round=183 R=185 dirty=       28 runs=        7 filter=  1.475ms semisort=  0.049ms
[pe-async] round=184 R=186 dirty=       14 runs=        7 filter=  1.473ms semisort=  0.015ms
[pe-async] round=185 R=187 dirty=       28 runs=        7 filter=  1.449ms semisort=  0.044ms
[pe-async] round=186 R=188 dirty=       14 runs=        7 filter=  1.460ms semisort=  0.011ms
[pe-async] round=187 R=189 dirty=       28 runs=        7 filter=  1.456ms semisort=  0.046ms
[pe-async] round=188 R=190 dirty=       14 runs=        7 filter=  1.468ms semisort=  0.011ms
[pe-async] round=189 R=191 dirty=       28 runs=        7 filter=  1.508ms semisort=  0.013ms
[pe-async] round=190 R=192 dirty=       14 runs=        7 filter=  1.499ms semisort=  0.011ms
[pe-async] round=191 R=193 dirty=       28 runs=        7 filter=  1.471ms semisort=  0.012ms
[pe-async] round=192 R=194 dirty=       14 runs=        7 filter=  1.461ms semisort=  0.011ms
[pe-async] round=193 R=195 dirty=       28 runs=        7 filter=  1.429ms semisort=  0.035ms
[pe-async] round=194 R=196 dirty=       14 runs=        7 filter=  1.483ms semisort=  0.011ms
[pe-async] round=195 R=197 dirty=       28 runs=        7 filter=  1.428ms semisort=  0.036ms
[pe-async] round=196 R=198 dirty=       14 runs=        7 filter=  1.444ms semisort=  0.011ms
[pe-async] round=197 R=199 dirty=       28 runs=        7 filter=  1.489ms semisort=  0.014ms
[pe-async] round=198 R=200 dirty=       14 runs=        7 filter=  1.443ms semisort=  0.018ms
[pe-async] round=199 R=201 dirty=       28 runs=        7 filter=  1.450ms semisort=  0.013ms
[pe-async] round=200 R=202 dirty=       14 runs=        7 filter=  1.440ms semisort=  0.011ms
[pe-async] round=201 R=203 dirty=       28 runs=        7 filter=  1.505ms semisort=  0.042ms
[pe-async] round=202 R=204 dirty=       14 runs=        7 filter=  1.532ms semisort=  0.011ms
[pe-async] round=203 R=205 dirty=       28 runs=        7 filter=  1.451ms semisort=  0.043ms
[pe-async] round=204 R=206 dirty=       14 runs=        7 filter=  1.458ms semisort=  0.011ms
[pe-async] round=205 R=207 dirty=       28 runs=        7 filter=  1.436ms semisort=  0.013ms
[pe-async] round=206 R=208 dirty=       14 runs=        7 filter=  1.462ms semisort=  0.012ms
[pe-async] round=207 R=209 dirty=       28 runs=        7 filter=  1.473ms semisort=  0.013ms
[pe-async] round=208 R=210 dirty=       14 runs=        7 filter=  1.479ms semisort=  0.011ms
[pe-async] round=209 R=211 dirty=       34 runs=       13 filter=  1.467ms semisort=  0.031ms
[pe-async] round=210 R=212 dirty=       14 runs=       10 filter=  1.438ms semisort=  0.010ms
[pe-async] round=211 R=213 dirty=       16 runs=        4 filter=  1.458ms semisort=  0.011ms
[pe-async] round=212 R=214 dirty=        8 runs=        4 filter=  1.435ms semisort=  0.010ms
[pe-async] round=213 R=215 dirty=       16 runs=        4 filter=  1.461ms semisort=  0.010ms
[pe-async] round=214 R=216 dirty=        8 runs=        4 filter=  1.429ms semisort=  0.010ms
[pe-async] round=215 R=217 dirty=       16 runs=        4 filter=  1.477ms semisort=  0.010ms
[pe-async] round=216 R=218 dirty=        8 runs=        4 filter=  1.462ms semisort=  0.009ms
[pe-async] round=217 R=219 dirty=       16 runs=        4 filter=  1.474ms semisort=  0.011ms
[pe-async] round=218 R=220 dirty=        8 runs=        4 filter=  1.449ms semisort=  0.009ms
[pe-async] round=219 R=221 dirty=       16 runs=        4 filter=  1.471ms semisort=  0.013ms
[pe-async] round=220 R=222 dirty=        8 runs=        4 filter=  1.465ms semisort=  0.010ms
[pe-async] round=221 R=223 dirty=       16 runs=        4 filter=  1.477ms semisort=  0.010ms
[pe-async] round=222 R=224 dirty=        8 runs=        4 filter=  1.511ms semisort=  0.009ms
[pe-async] round=223 R=225 dirty=       16 runs=        4 filter=  1.497ms semisort=  0.035ms
[pe-async] round=224 R=226 dirty=        8 runs=        4 filter=  1.431ms semisort=  0.010ms
[pe-async] round=225 R=227 dirty=       16 runs=        4 filter=  1.454ms semisort=  0.026ms
[pe-async] round=226 R=228 dirty=        8 runs=        4 filter=  1.459ms semisort=  0.009ms
[pe-async] round=227 R=229 dirty=       16 runs=        4 filter=  1.445ms semisort=  0.011ms
[pe-async] round=228 R=230 dirty=        8 runs=        4 filter=  1.454ms semisort=  0.009ms
[pe-async] round=229 R=231 dirty=       16 runs=        4 filter=  1.437ms semisort=  0.018ms
[pe-async] round=230 R=232 dirty=        8 runs=        4 filter=  1.477ms semisort=  0.009ms
[pe-async] round=231 R=233 dirty=       16 runs=        4 filter=  1.460ms semisort=  0.019ms
[pe-async] round=232 R=234 dirty=        8 runs=        4 filter=  1.459ms semisort=  0.009ms
[pe-async] round=233 R=235 dirty=       16 runs=        4 filter=  1.462ms semisort=  0.010ms
[pe-async] round=234 R=236 dirty=        8 runs=        4 filter=  1.482ms semisort=  0.020ms
[pe-async] round=235 R=237 dirty=       16 runs=        4 filter=  1.456ms semisort=  0.010ms
[pe-async] round=236 R=238 dirty=        8 runs=        4 filter=  1.475ms semisort=  0.021ms
[pe-async] round=237 R=239 dirty=       16 runs=        4 filter=  1.477ms semisort=  0.018ms
[pe-async] round=238 R=240 dirty=        8 runs=        4 filter=  1.471ms semisort=  0.009ms
[pe-async] round=239 R=241 dirty=       16 runs=        4 filter=  1.440ms semisort=  0.009ms
[pe-async] round=240 R=242 dirty=        8 runs=        4 filter=  1.424ms semisort=  0.022ms
[pe-async] round=241 R=243 dirty=       16 runs=        4 filter=  1.469ms semisort=  0.010ms
[pe-async] round=242 R=244 dirty=        8 runs=        4 filter=  1.477ms semisort=  0.009ms
[pe-async] round=243 R=245 dirty=       16 runs=        4 filter=  1.416ms semisort=  0.029ms
[pe-async] round=244 R=246 dirty=        8 runs=        4 filter=  1.431ms semisort=  0.024ms
[pe-async] round=245 R=247 dirty=       16 runs=        4 filter=  1.446ms semisort=  0.011ms
[pe-async] round=246 R=248 dirty=        8 runs=        4 filter=  1.444ms semisort=  0.009ms
[pe-async] round=247 R=249 dirty=       16 runs=        4 filter=  1.453ms semisort=  0.010ms
[pe-async] round=248 R=250 dirty=        8 runs=        4 filter=  1.495ms semisort=  0.009ms
[pe-async] round=249 R=251 dirty=       16 runs=        4 filter=  1.447ms semisort=  0.011ms
[pe-async] round=250 R=252 dirty=        8 runs=        4 filter=  1.434ms semisort=  0.009ms
[pe-async] round=251 R=253 dirty=       16 runs=        4 filter=  1.446ms semisort=  0.032ms
[pe-async] round=252 R=254 dirty=        8 runs=        4 filter=  1.542ms semisort=  0.021ms
[pe-async] round=253 R=255 dirty=       16 runs=        4 filter=  1.467ms semisort=  0.023ms
[pe-async] round=254 R=256 dirty=        8 runs=        4 filter=  1.451ms semisort=  0.009ms
[pe-async] round=255 R=257 dirty=       16 runs=        4 filter=  1.448ms semisort=  0.034ms
[pe-async] round=256 R=258 dirty=        8 runs=        4 filter=  1.449ms semisort=  0.017ms
[pe-async] round=257 R=259 dirty=       16 runs=        4 filter=  1.459ms semisort=  0.026ms
[pe-async] round=258 R=260 dirty=        8 runs=        4 filter=  1.450ms semisort=  0.009ms
[pe-async] round=259 R=261 dirty=       16 runs=        4 filter=  1.441ms semisort=  0.031ms
[pe-async] round=260 R=262 dirty=        8 runs=        4 filter=  1.462ms semisort=  0.009ms
[pe-async] round=261 R=263 dirty=       16 runs=        4 filter=  1.458ms semisort=  0.011ms
[pe-async] round=262 R=264 dirty=        8 runs=        4 filter=  1.469ms semisort=  0.009ms
[pe-async] round=263 R=265 dirty=       16 runs=        4 filter=  1.511ms semisort=  0.011ms
[pe-async] round=264 R=266 dirty=        8 runs=        4 filter=  1.444ms semisort=  0.009ms
[pe-async] round=265 R=267 dirty=       16 runs=        4 filter=  1.462ms semisort=  0.011ms
[pe-async] round=266 R=268 dirty=        8 runs=        4 filter=  1.427ms semisort=  0.021ms
[pe-async] round=267 R=269 dirty=       16 runs=        4 filter=  1.477ms semisort=  0.013ms
[pe-async] round=268 R=270 dirty=        8 runs=        4 filter=  1.441ms semisort=  0.010ms
[pe-async] round=269 R=271 dirty=       16 runs=        4 filter=  1.429ms semisort=  0.031ms
[pe-async] round=270 R=272 dirty=        8 runs=        4 filter=  1.487ms semisort=  0.009ms
[pe-async] round=271 R=273 dirty=       16 runs=        4 filter=  1.470ms semisort=  0.010ms
[pe-async] round=272 R=274 dirty=        8 runs=        4 filter=  1.450ms semisort=  0.019ms
[pe-async] round=273 R=275 dirty=       16 runs=        4 filter=  1.469ms semisort=  0.010ms
[pe-async] round=274 R=276 dirty=        8 runs=        4 filter=  1.443ms semisort=  0.017ms
[pe-async] round=275 R=277 dirty=       16 runs=        4 filter=  1.456ms semisort=  0.011ms
[pe-async] round=276 R=278 dirty=        8 runs=        4 filter=  1.463ms semisort=  0.010ms
[pe-async] round=277 R=279 dirty=       16 runs=        4 filter=  1.449ms semisort=  0.011ms
[pe-async] round=278 R=280 dirty=        8 runs=        4 filter=  1.460ms semisort=  0.009ms
[pe-async] round=279 R=281 dirty=       16 runs=        4 filter=  1.488ms semisort=  0.011ms
[pe-async] round=280 R=282 dirty=        8 runs=        4 filter=  1.443ms semisort=  0.024ms
[pe-async] round=281 R=283 dirty=       16 runs=        4 filter=  1.494ms semisort=  0.015ms
[pe-async] round=282 R=284 dirty=        8 runs=        4 filter=  1.429ms semisort=  0.009ms
[pe-async] round=283 R=285 dirty=       16 runs=        4 filter=  1.422ms semisort=  0.012ms
[pe-async] round=284 R=286 dirty=        8 runs=        4 filter=  1.470ms semisort=  0.010ms
[pe-async] round=285 R=287 dirty=       16 runs=        4 filter=  1.423ms semisort=  0.010ms
[pe-async] round=286 R=288 dirty=        8 runs=        4 filter=  1.459ms semisort=  0.009ms
[pe-async] round=287 R=289 dirty=       16 runs=        4 filter=  1.463ms semisort=  0.024ms
[pe-async] round=288 R=290 dirty=        8 runs=        4 filter=  1.440ms semisort=  0.010ms
[pe-async] round=289 R=291 dirty=       16 runs=        4 filter=  1.439ms semisort=  0.011ms
[pe-async] round=290 R=292 dirty=        8 runs=        4 filter=  1.475ms semisort=  0.010ms
[pe-async] round=291 R=293 dirty=       16 runs=        4 filter=  1.441ms semisort=  0.011ms
[pe-async] round=292 R=294 dirty=        8 runs=        4 filter=  1.468ms semisort=  0.010ms
[pe-async] round=293 R=295 dirty=       16 runs=        4 filter=  1.480ms semisort=  0.010ms
[pe-async] round=294 R=296 dirty=        8 runs=        4 filter=  1.438ms semisort=  0.010ms
[pe-async] round=295 R=297 dirty=       16 runs=        4 filter=  1.478ms semisort=  0.013ms
[pe-async] round=296 R=298 dirty=        8 runs=        4 filter=  1.473ms semisort=  0.010ms
[pe-async] round=297 R=299 dirty=       16 runs=        4 filter=  1.470ms semisort=  0.011ms
[pe-async] round=298 R=300 dirty=        8 runs=        4 filter=  1.459ms semisort=  0.017ms
[pe-async] round=299 R=301 dirty=       16 runs=        4 filter=  1.460ms semisort=  0.011ms
[pe-async] round=300 R=302 dirty=        8 runs=        4 filter=  1.477ms semisort=  0.011ms
[pe-async] round=301 R=303 dirty=       16 runs=        4 filter=  1.468ms semisort=  0.011ms
[pe-async] round=302 R=304 dirty=        8 runs=        4 filter=  1.492ms semisort=  0.016ms
[pe-async] round=303 R=305 dirty=       16 runs=        4 filter=  1.424ms semisort=  0.010ms
[pe-async] round=304 R=306 dirty=        8 runs=        4 filter=  1.444ms semisort=  0.009ms
[pe-async] round=305 R=307 dirty=       16 runs=        4 filter=  1.457ms semisort=  0.018ms
[pe-async] round=306 R=308 dirty=        8 runs=        4 filter=  1.439ms semisort=  0.009ms
[pe-async] round=307 R=309 dirty=       16 runs=        4 filter=  1.455ms semisort=  0.020ms
[pe-async] round=308 R=310 dirty=        8 runs=        4 filter=  1.431ms semisort=  0.010ms
[pe-async] round=309 R=311 dirty=       16 runs=        4 filter=  1.462ms semisort=  0.010ms
[pe-async] round=310 R=312 dirty=        8 runs=        4 filter=  1.466ms semisort=  0.009ms
[pe-async] round=311 R=313 dirty=       16 runs=        4 filter=  1.458ms semisort=  0.011ms
[pe-async] round=312 R=314 dirty=        8 runs=        4 filter=  1.481ms semisort=  0.010ms
[pe-async] round=313 R=315 dirty=       16 runs=        4 filter=  1.475ms semisort=  0.010ms
[pe-async] round=314 R=316 dirty=        8 runs=        4 filter=  1.442ms semisort=  0.010ms
[pe-async] round=315 R=317 dirty=       16 runs=        4 filter=  1.436ms semisort=  0.011ms
[pe-async] round=316 R=318 dirty=        8 runs=        4 filter=  1.427ms semisort=  0.009ms
[pe-async] round=317 R=319 dirty=       16 runs=        4 filter=  1.435ms semisort=  0.010ms
[pe-async] round=318 R=320 dirty=        8 runs=        8 filter=  1.429ms semisort=  0.008ms
[pe-async] round=319 R=321 dirty=        0 filter=  1.452ms (clean break)
[pe-async] round=  0 R=2 dirty=  6945599 runs=  4307022 filter=  2.029ms semisort=  9.873ms
[pe-async] round=  1 R=3 dirty=   148833 runs=    52977 filter=  2.413ms semisort=  0.745ms
[pe-async] round=  2 R=4 dirty=    72602 runs=    56743 filter=  1.992ms semisort=  2.294ms
[pe-async] round=  3 R=5 dirty=    27252 runs=    11300 filter=  1.932ms semisort=  0.881ms
[pe-async] round=  4 R=6 dirty=    14450 runs=     8901 filter=  1.795ms semisort=  0.532ms
[pe-async] round=  5 R=7 dirty=     9113 runs=     3766 filter=  1.725ms semisort=  0.378ms
[pe-async] round=  6 R=8 dirty=     9237 runs=     4258 filter=  1.626ms semisort=  0.393ms
[pe-async] round=  7 R=9 dirty=    10490 runs=     4436 filter=  1.632ms semisort=  0.423ms
[pe-async] round=  8 R=10 dirty=    13446 runs=     6161 filter=  1.594ms semisort=  0.497ms
[pe-async] round=  9 R=11 dirty=     7160 runs=     3428 filter=  1.631ms semisort=  0.305ms
[pe-async] round= 10 R=12 dirty=     9366 runs=     3506 filter=  1.617ms semisort=  0.421ms
[pe-async] round= 11 R=13 dirty=     6310 runs=     2517 filter=  1.651ms semisort=  0.281ms
[pe-async] round= 12 R=14 dirty=     5488 runs=     2161 filter=  1.569ms semisort=  0.291ms
[pe-async] round= 13 R=15 dirty=     3480 runs=     1679 filter=  1.599ms semisort=  0.188ms
[pe-async] round= 14 R=16 dirty=     2006 runs=      585 filter=  1.590ms semisort=  0.129ms
[pe-async] round= 15 R=17 dirty=     1404 runs=      383 filter=  1.596ms semisort=  0.139ms
[pe-async] round= 16 R=18 dirty=     1354 runs=      273 filter=  1.594ms semisort=  0.108ms
[pe-async] round= 17 R=19 dirty=     1112 runs=      391 filter=  1.530ms semisort=  0.117ms
[pe-async] round= 18 R=20 dirty=      490 runs=       67 filter=  1.581ms semisort=  0.081ms
[pe-async] round= 19 R=21 dirty=      396 runs=       51 filter=  1.568ms semisort=  0.069ms
[pe-async] round= 20 R=22 dirty=      362 runs=       59 filter=  1.575ms semisort=  0.078ms
[pe-async] round= 21 R=23 dirty=      444 runs=       75 filter=  1.554ms semisort=  0.081ms
[pe-async] round= 22 R=24 dirty=      346 runs=       67 filter=  1.516ms semisort=  0.056ms
[pe-async] round= 23 R=25 dirty=      396 runs=       51 filter=  1.542ms semisort=  0.070ms
[pe-async] round= 24 R=26 dirty=      362 runs=       59 filter=  1.541ms semisort=  0.076ms
[pe-async] round= 25 R=27 dirty=      444 runs=       77 filter=  1.507ms semisort=  0.062ms
[pe-async] round= 26 R=28 dirty=      338 runs=       65 filter=  1.546ms semisort=  0.069ms
[pe-async] round= 27 R=29 dirty=      392 runs=       61 filter=  1.504ms semisort=  0.093ms
[pe-async] round= 28 R=30 dirty=      322 runs=      181 filter=  1.503ms semisort=  0.056ms
[pe-async] round= 29 R=31 dirty=      160 runs=       67 filter=  1.621ms semisort=  0.049ms
[pe-async] round= 30 R=32 dirty=      166 runs=       57 filter=  1.522ms semisort=  0.041ms
[pe-async] round= 31 R=33 dirty=      100 runs=       37 filter=  1.538ms semisort=  0.055ms
[pe-async] round= 32 R=34 dirty=      178 runs=       46 filter=  1.518ms semisort=  0.053ms
[pe-async] round= 33 R=35 dirty=      140 runs=       66 filter=  1.490ms semisort=  0.036ms
[pe-async] round= 34 R=36 dirty=      134 runs=       46 filter=  1.515ms semisort=  0.043ms
[pe-async] round= 35 R=37 dirty=       80 runs=       33 filter=  1.515ms semisort=  0.034ms
[pe-async] round= 36 R=38 dirty=      126 runs=       35 filter=  1.519ms semisort=  0.043ms
[pe-async] round= 37 R=39 dirty=      116 runs=       51 filter=  1.511ms semisort=  0.054ms
[pe-async] round= 38 R=40 dirty=      110 runs=       43 filter=  1.562ms semisort=  0.032ms
[pe-async] round= 39 R=41 dirty=       68 runs=       27 filter=  1.508ms semisort=  0.057ms
[pe-async] round= 40 R=42 dirty=      126 runs=       35 filter=  1.525ms semisort=  0.032ms
[pe-async] round= 41 R=43 dirty=      116 runs=       51 filter=  1.507ms semisort=  0.058ms
[pe-async] round= 42 R=44 dirty=      110 runs=       43 filter=  1.497ms semisort=  0.030ms
[pe-async] round= 43 R=45 dirty=       68 runs=       27 filter=  1.531ms semisort=  0.029ms
[pe-async] round= 44 R=46 dirty=      126 runs=       35 filter=  1.488ms semisort=  0.041ms
[pe-async] round= 45 R=47 dirty=      116 runs=       51 filter=  1.517ms semisort=  0.055ms
[pe-async] round= 46 R=48 dirty=      110 runs=       43 filter=  1.484ms semisort=  0.035ms
[pe-async] round= 47 R=49 dirty=       68 runs=       27 filter=  1.538ms semisort=  0.043ms
[pe-async] round= 48 R=50 dirty=       46 runs=       15 filter=  1.486ms semisort=  0.031ms
[pe-async] round= 49 R=51 dirty=       44 runs=       23 filter=  1.483ms semisort=  0.043ms
[pe-async] round= 50 R=52 dirty=       14 runs=        7 filter=  1.490ms semisort=  0.011ms
[pe-async] round= 51 R=53 dirty=       28 runs=        7 filter=  1.502ms semisort=  0.013ms
[pe-async] round= 52 R=54 dirty=       14 runs=        7 filter=  1.515ms semisort=  0.011ms
[pe-async] round= 53 R=55 dirty=       28 runs=        7 filter=  1.465ms semisort=  0.013ms
[pe-async] round= 54 R=56 dirty=       14 runs=        7 filter=  1.522ms semisort=  0.013ms
[pe-async] round= 55 R=57 dirty=       28 runs=        7 filter=  1.502ms semisort=  0.034ms
[pe-async] round= 56 R=58 dirty=       14 runs=        7 filter=  1.501ms semisort=  0.029ms
[pe-async] round= 57 R=59 dirty=       28 runs=        7 filter=  1.481ms semisort=  0.053ms
[pe-async] round= 58 R=60 dirty=       14 runs=        7 filter=  1.500ms semisort=  0.011ms
[pe-async] round= 59 R=61 dirty=       28 runs=        7 filter=  1.475ms semisort=  0.013ms
[pe-async] round= 60 R=62 dirty=       14 runs=        7 filter=  1.527ms semisort=  0.011ms
[pe-async] round= 61 R=63 dirty=       28 runs=        7 filter=  1.467ms semisort=  0.014ms
[pe-async] round= 62 R=64 dirty=       14 runs=        7 filter=  1.494ms semisort=  0.011ms
[pe-async] round= 63 R=65 dirty=       28 runs=        7 filter=  1.482ms semisort=  0.014ms
[pe-async] round= 64 R=66 dirty=       14 runs=        7 filter=  1.500ms semisort=  0.011ms
[pe-async] round= 65 R=67 dirty=       28 runs=        7 filter=  1.514ms semisort=  0.013ms
[pe-async] round= 66 R=68 dirty=       14 runs=        7 filter=  1.499ms semisort=  0.011ms
[pe-async] round= 67 R=69 dirty=       28 runs=        7 filter=  1.515ms semisort=  0.014ms
[pe-async] round= 68 R=70 dirty=       14 runs=        7 filter=  1.498ms semisort=  0.011ms
[pe-async] round= 69 R=71 dirty=       28 runs=        7 filter=  1.478ms semisort=  0.013ms
[pe-async] round= 70 R=72 dirty=       14 runs=        7 filter=  1.497ms semisort=  0.012ms
[pe-async] round= 71 R=73 dirty=       28 runs=        7 filter=  1.478ms semisort=  0.014ms
[pe-async] round= 72 R=74 dirty=       14 runs=        7 filter=  1.480ms semisort=  0.011ms
[pe-async] round= 73 R=75 dirty=       28 runs=        7 filter=  1.471ms semisort=  0.013ms
[pe-async] round= 74 R=76 dirty=       14 runs=        7 filter=  1.541ms semisort=  0.011ms
[pe-async] round= 75 R=77 dirty=       28 runs=        7 filter=  1.451ms semisort=  0.014ms
[pe-async] round= 76 R=78 dirty=       14 runs=        7 filter=  1.481ms semisort=  0.011ms
[pe-async] round= 77 R=79 dirty=       28 runs=        7 filter=  1.469ms semisort=  0.013ms
[pe-async] round= 78 R=80 dirty=       14 runs=        7 filter=  1.524ms semisort=  0.011ms
[pe-async] round= 79 R=81 dirty=       28 runs=        7 filter=  1.523ms semisort=  0.013ms
[pe-async] round= 80 R=82 dirty=       14 runs=        7 filter=  1.499ms semisort=  0.011ms
[pe-async] round= 81 R=83 dirty=       28 runs=        7 filter=  1.463ms semisort=  0.022ms
[pe-async] round= 82 R=84 dirty=       14 runs=        7 filter=  1.472ms semisort=  0.030ms
[pe-async] round= 83 R=85 dirty=       28 runs=        7 filter=  1.504ms semisort=  0.016ms
[pe-async] round= 84 R=86 dirty=       14 runs=        7 filter=  1.486ms semisort=  0.011ms
[pe-async] round= 85 R=87 dirty=       28 runs=        7 filter=  1.542ms semisort=  0.043ms
[pe-async] round= 86 R=88 dirty=       14 runs=        7 filter=  1.488ms semisort=  0.010ms
[pe-async] round= 87 R=89 dirty=       28 runs=        7 filter=  1.485ms semisort=  0.014ms
[pe-async] round= 88 R=90 dirty=       14 runs=        7 filter=  1.508ms semisort=  0.011ms
[pe-async] round= 89 R=91 dirty=       28 runs=        7 filter=  1.500ms semisort=  0.014ms
[pe-async] round= 90 R=92 dirty=       14 runs=        7 filter=  1.479ms semisort=  0.011ms
[pe-async] round= 91 R=93 dirty=       28 runs=        7 filter=  1.455ms semisort=  0.014ms
[pe-async] round= 92 R=94 dirty=       14 runs=        7 filter=  1.477ms semisort=  0.011ms
[pe-async] round= 93 R=95 dirty=       28 runs=        7 filter=  1.489ms semisort=  0.013ms
[pe-async] round= 94 R=96 dirty=       14 runs=        7 filter=  1.465ms semisort=  0.012ms
[pe-async] round= 95 R=97 dirty=       28 runs=        7 filter=  1.504ms semisort=  0.019ms
[pe-async] round= 96 R=98 dirty=       14 runs=        7 filter=  1.484ms semisort=  0.012ms
[pe-async] round= 97 R=99 dirty=       28 runs=        7 filter=  1.482ms semisort=  0.016ms
[pe-async] round= 98 R=100 dirty=       14 runs=        7 filter=  1.481ms semisort=  0.012ms
[pe-async] round= 99 R=101 dirty=       28 runs=        7 filter=  1.465ms semisort=  0.038ms
[pe-async] round=100 R=102 dirty=       14 runs=        7 filter=  1.503ms semisort=  0.011ms
[pe-async] round=101 R=103 dirty=       28 runs=        7 filter=  1.481ms semisort=  0.013ms
[pe-async] round=102 R=104 dirty=       14 runs=        7 filter=  1.501ms semisort=  0.011ms
[pe-async] round=103 R=105 dirty=       28 runs=        7 filter=  1.472ms semisort=  0.014ms
[pe-async] round=104 R=106 dirty=       14 runs=        7 filter=  1.484ms semisort=  0.010ms
[pe-async] round=105 R=107 dirty=       28 runs=        7 filter=  1.458ms semisort=  0.013ms
[pe-async] round=106 R=108 dirty=       14 runs=        7 filter=  1.476ms semisort=  0.011ms
[pe-async] round=107 R=109 dirty=       28 runs=        7 filter=  1.500ms semisort=  0.030ms
[pe-async] round=108 R=110 dirty=       14 runs=        7 filter=  1.488ms semisort=  0.011ms
[pe-async] round=109 R=111 dirty=       28 runs=        7 filter=  1.447ms semisort=  0.014ms
[pe-async] round=110 R=112 dirty=       14 runs=        7 filter=  1.457ms semisort=  0.011ms
[pe-async] round=111 R=113 dirty=       28 runs=        7 filter=  1.488ms semisort=  0.017ms
[pe-async] round=112 R=114 dirty=       14 runs=        7 filter=  1.455ms semisort=  0.011ms
[pe-async] round=113 R=115 dirty=       28 runs=        7 filter=  1.462ms semisort=  0.018ms
[pe-async] round=114 R=116 dirty=       14 runs=        7 filter=  1.488ms semisort=  0.011ms
[pe-async] round=115 R=117 dirty=       28 runs=        7 filter=  1.457ms semisort=  0.014ms
[pe-async] round=116 R=118 dirty=       14 runs=        7 filter=  1.475ms semisort=  0.011ms
[pe-async] round=117 R=119 dirty=       28 runs=        7 filter=  1.488ms semisort=  0.018ms
[pe-async] round=118 R=120 dirty=       14 runs=        7 filter=  1.550ms semisort=  0.028ms
[pe-async] round=119 R=121 dirty=       28 runs=        7 filter=  1.514ms semisort=  0.014ms
[pe-async] round=120 R=122 dirty=       14 runs=        7 filter=  1.458ms semisort=  0.011ms
[pe-async] round=121 R=123 dirty=       28 runs=        7 filter=  1.471ms semisort=  0.019ms
[pe-async] round=122 R=124 dirty=       14 runs=        7 filter=  1.483ms semisort=  0.011ms
[pe-async] round=123 R=125 dirty=       28 runs=        7 filter=  1.470ms semisort=  0.014ms
[pe-async] round=124 R=126 dirty=       14 runs=        7 filter=  1.467ms semisort=  0.010ms
[pe-async] round=125 R=127 dirty=       28 runs=        7 filter=  1.473ms semisort=  0.014ms
[pe-async] round=126 R=128 dirty=       14 runs=        7 filter=  1.446ms semisort=  0.011ms
[pe-async] round=127 R=129 dirty=       28 runs=        7 filter=  1.464ms semisort=  0.013ms
[pe-async] round=128 R=130 dirty=       14 runs=        7 filter=  1.460ms semisort=  0.010ms
[pe-async] round=129 R=131 dirty=       28 runs=        7 filter=  1.473ms semisort=  0.013ms
[pe-async] round=130 R=132 dirty=       14 runs=        7 filter=  1.468ms semisort=  0.011ms
[pe-async] round=131 R=133 dirty=       28 runs=        7 filter=  1.487ms semisort=  0.037ms
[pe-async] round=132 R=134 dirty=       14 runs=        7 filter=  1.451ms semisort=  0.011ms
[pe-async] round=133 R=135 dirty=       28 runs=        7 filter=  1.464ms semisort=  0.013ms
[pe-async] round=134 R=136 dirty=       14 runs=        7 filter=  1.508ms semisort=  0.034ms
[pe-async] round=135 R=137 dirty=       28 runs=        7 filter=  1.476ms semisort=  0.016ms
[pe-async] round=136 R=138 dirty=       14 runs=        7 filter=  1.467ms semisort=  0.011ms
[pe-async] round=137 R=139 dirty=       28 runs=        7 filter=  1.501ms semisort=  0.022ms
[pe-async] round=138 R=140 dirty=       14 runs=        7 filter=  1.475ms semisort=  0.011ms
[pe-async] round=139 R=141 dirty=       28 runs=        7 filter=  1.468ms semisort=  0.020ms
[pe-async] round=140 R=142 dirty=       14 runs=        7 filter=  1.477ms semisort=  0.011ms
[pe-async] round=141 R=143 dirty=       28 runs=        7 filter=  1.476ms semisort=  0.013ms
[pe-async] round=142 R=144 dirty=       14 runs=        7 filter=  1.512ms semisort=  0.022ms
[pe-async] round=143 R=145 dirty=       28 runs=        7 filter=  1.488ms semisort=  0.022ms
[pe-async] round=144 R=146 dirty=       14 runs=        7 filter=  1.458ms semisort=  0.011ms
[pe-async] round=145 R=147 dirty=       28 runs=        7 filter=  1.470ms semisort=  0.014ms
[pe-async] round=146 R=148 dirty=       14 runs=        7 filter=  1.472ms semisort=  0.011ms
[pe-async] round=147 R=149 dirty=       28 runs=        7 filter=  1.504ms semisort=  0.014ms
[pe-async] round=148 R=150 dirty=       14 runs=        7 filter=  1.471ms semisort=  0.012ms
[pe-async] round=149 R=151 dirty=       28 runs=        7 filter=  1.482ms semisort=  0.016ms
[pe-async] round=150 R=152 dirty=       14 runs=        7 filter=  1.465ms semisort=  0.011ms
[pe-async] round=151 R=153 dirty=       28 runs=        7 filter=  1.490ms semisort=  0.014ms
[pe-async] round=152 R=154 dirty=       14 runs=        7 filter=  1.488ms semisort=  0.012ms
[pe-async] round=153 R=155 dirty=       28 runs=        7 filter=  1.456ms semisort=  0.038ms
[pe-async] round=154 R=156 dirty=       14 runs=        7 filter=  1.502ms semisort=  0.012ms
[pe-async] round=155 R=157 dirty=       28 runs=        7 filter=  1.478ms semisort=  0.037ms
[pe-async] round=156 R=158 dirty=       14 runs=        7 filter=  1.499ms semisort=  0.012ms
[pe-async] round=157 R=159 dirty=       28 runs=        7 filter=  1.520ms semisort=  0.038ms
[pe-async] round=158 R=160 dirty=       14 runs=        7 filter=  1.459ms semisort=  0.012ms
[pe-async] round=159 R=161 dirty=       28 runs=        7 filter=  1.468ms semisort=  0.020ms
[pe-async] round=160 R=162 dirty=       14 runs=        7 filter=  1.451ms semisort=  0.012ms
[pe-async] round=161 R=163 dirty=       28 runs=        7 filter=  1.476ms semisort=  0.019ms
[pe-async] round=162 R=164 dirty=       14 runs=        7 filter=  1.463ms semisort=  0.012ms
[pe-async] round=163 R=165 dirty=       28 runs=        7 filter=  1.464ms semisort=  0.012ms
[pe-async] round=164 R=166 dirty=       14 runs=        7 filter=  1.453ms semisort=  0.012ms
[pe-async] round=165 R=167 dirty=       28 runs=        7 filter=  1.478ms semisort=  0.013ms
[pe-async] round=166 R=168 dirty=       14 runs=        7 filter=  1.460ms semisort=  0.011ms
[pe-async] round=167 R=169 dirty=       28 runs=        7 filter=  1.484ms semisort=  0.042ms
[pe-async] round=168 R=170 dirty=       14 runs=        7 filter=  1.491ms semisort=  0.029ms
[pe-async] round=169 R=171 dirty=       28 runs=        7 filter=  1.465ms semisort=  0.012ms
[pe-async] round=170 R=172 dirty=       14 runs=        7 filter=  1.471ms semisort=  0.012ms
[pe-async] round=171 R=173 dirty=       28 runs=        7 filter=  1.491ms semisort=  0.034ms
[pe-async] round=172 R=174 dirty=       14 runs=        7 filter=  1.454ms semisort=  0.025ms
[pe-async] round=173 R=175 dirty=       28 runs=        7 filter=  1.521ms semisort=  0.039ms
[pe-async] round=174 R=176 dirty=       14 runs=        7 filter=  1.479ms semisort=  0.012ms
[pe-async] round=175 R=177 dirty=       28 runs=        7 filter=  1.478ms semisort=  0.013ms
[pe-async] round=176 R=178 dirty=       14 runs=        7 filter=  1.482ms semisort=  0.011ms
[pe-async] round=177 R=179 dirty=       28 runs=        7 filter=  1.490ms semisort=  0.012ms
[pe-async] round=178 R=180 dirty=       14 runs=        7 filter=  1.478ms semisort=  0.011ms
[pe-async] round=179 R=181 dirty=       28 runs=        7 filter=  1.471ms semisort=  0.015ms
[pe-async] round=180 R=182 dirty=       14 runs=        7 filter=  1.477ms semisort=  0.012ms
[pe-async] round=181 R=183 dirty=       28 runs=        7 filter=  1.476ms semisort=  0.013ms
[pe-async] round=182 R=184 dirty=       14 runs=        7 filter=  1.454ms semisort=  0.019ms
[pe-async] round=183 R=185 dirty=       28 runs=        7 filter=  1.467ms semisort=  0.047ms
[pe-async] round=184 R=186 dirty=       14 runs=        7 filter=  1.456ms semisort=  0.011ms
[pe-async] round=185 R=187 dirty=       28 runs=        7 filter=  1.478ms semisort=  0.037ms
[pe-async] round=186 R=188 dirty=       14 runs=        7 filter=  1.459ms semisort=  0.011ms
[pe-async] round=187 R=189 dirty=       28 runs=        7 filter=  1.443ms semisort=  0.013ms
[pe-async] round=188 R=190 dirty=       14 runs=        7 filter=  1.494ms semisort=  0.030ms
[pe-async] round=189 R=191 dirty=       28 runs=        7 filter=  1.457ms semisort=  0.013ms
[pe-async] round=190 R=192 dirty=       14 runs=        7 filter=  1.482ms semisort=  0.011ms
[pe-async] round=191 R=193 dirty=       28 runs=        7 filter=  1.493ms semisort=  0.035ms
[pe-async] round=192 R=194 dirty=       14 runs=        7 filter=  1.474ms semisort=  0.011ms
[pe-async] round=193 R=195 dirty=       28 runs=        7 filter=  1.492ms semisort=  0.014ms
[pe-async] round=194 R=196 dirty=       14 runs=        7 filter=  1.470ms semisort=  0.011ms
[pe-async] round=195 R=197 dirty=       28 runs=        7 filter=  1.468ms semisort=  0.014ms
[pe-async] round=196 R=198 dirty=       14 runs=        7 filter=  1.467ms semisort=  0.012ms
[pe-async] round=197 R=199 dirty=       28 runs=        7 filter=  1.451ms semisort=  0.014ms
[pe-async] round=198 R=200 dirty=       14 runs=        7 filter=  1.470ms semisort=  0.011ms
[pe-async] round=199 R=201 dirty=       28 runs=        7 filter=  1.483ms semisort=  0.014ms
[pe-async] round=200 R=202 dirty=       14 runs=        7 filter=  1.513ms semisort=  0.011ms
[pe-async] round=201 R=203 dirty=       28 runs=        7 filter=  1.489ms semisort=  0.013ms
[pe-async] round=202 R=204 dirty=       14 runs=        7 filter=  1.465ms semisort=  0.012ms
[pe-async] round=203 R=205 dirty=       28 runs=        7 filter=  1.485ms semisort=  0.015ms
[pe-async] round=204 R=206 dirty=       14 runs=        7 filter=  1.481ms semisort=  0.012ms
[pe-async] round=205 R=207 dirty=       28 runs=        7 filter=  1.491ms semisort=  0.012ms
[pe-async] round=206 R=208 dirty=       14 runs=        7 filter=  1.492ms semisort=  0.011ms
[pe-async] round=207 R=209 dirty=       28 runs=        7 filter=  1.502ms semisort=  0.013ms
[pe-async] round=208 R=210 dirty=       14 runs=        7 filter=  1.466ms semisort=  0.012ms
[pe-async] round=209 R=211 dirty=       34 runs=       13 filter=  1.460ms semisort=  0.023ms
[pe-async] round=210 R=212 dirty=       14 runs=       10 filter=  1.499ms semisort=  0.011ms
[pe-async] round=211 R=213 dirty=       16 runs=        4 filter=  1.487ms semisort=  0.011ms
[pe-async] round=212 R=214 dirty=        8 runs=        4 filter=  1.458ms semisort=  0.011ms
[pe-async] round=213 R=215 dirty=       16 runs=        4 filter=  1.466ms semisort=  0.010ms
[pe-async] round=214 R=216 dirty=        8 runs=        4 filter=  1.472ms semisort=  0.009ms
[pe-async] round=215 R=217 dirty=       16 runs=        4 filter=  1.484ms semisort=  0.011ms
[pe-async] round=216 R=218 dirty=        8 runs=        4 filter=  1.493ms semisort=  0.010ms
[pe-async] round=217 R=219 dirty=       16 runs=        4 filter=  1.462ms semisort=  0.010ms
[pe-async] round=218 R=220 dirty=        8 runs=        4 filter=  1.494ms semisort=  0.009ms
[pe-async] round=219 R=221 dirty=       16 runs=        4 filter=  1.505ms semisort=  0.010ms
[pe-async] round=220 R=222 dirty=        8 runs=        4 filter=  1.450ms semisort=  0.029ms
[pe-async] round=221 R=223 dirty=       16 runs=        4 filter=  1.482ms semisort=  0.010ms
[pe-async] round=222 R=224 dirty=        8 runs=        4 filter=  1.493ms semisort=  0.010ms
[pe-async] round=223 R=225 dirty=       16 runs=        4 filter=  1.471ms semisort=  0.010ms
[pe-async] round=224 R=226 dirty=        8 runs=        4 filter=  1.508ms semisort=  0.010ms
[pe-async] round=225 R=227 dirty=       16 runs=        4 filter=  1.471ms semisort=  0.010ms
[pe-async] round=226 R=228 dirty=        8 runs=        4 filter=  1.518ms semisort=  0.010ms
[pe-async] round=227 R=229 dirty=       16 runs=        4 filter=  1.453ms semisort=  0.009ms
[pe-async] round=228 R=230 dirty=        8 runs=        4 filter=  1.480ms semisort=  0.009ms
[pe-async] round=229 R=231 dirty=       16 runs=        4 filter=  1.482ms semisort=  0.010ms
[pe-async] round=230 R=232 dirty=        8 runs=        4 filter=  1.468ms semisort=  0.010ms
[pe-async] round=231 R=233 dirty=       16 runs=        4 filter=  1.470ms semisort=  0.010ms
[pe-async] round=232 R=234 dirty=        8 runs=        4 filter=  1.470ms semisort=  0.009ms
[pe-async] round=233 R=235 dirty=       16 runs=        4 filter=  1.460ms semisort=  0.010ms
[pe-async] round=234 R=236 dirty=        8 runs=        4 filter=  1.478ms semisort=  0.009ms
[pe-async] round=235 R=237 dirty=       16 runs=        4 filter=  1.459ms semisort=  0.011ms
[pe-async] round=236 R=238 dirty=        8 runs=        4 filter=  1.504ms semisort=  0.009ms
[pe-async] round=237 R=239 dirty=       16 runs=        4 filter=  1.495ms semisort=  0.010ms
[pe-async] round=238 R=240 dirty=        8 runs=        4 filter=  1.435ms semisort=  0.009ms
[pe-async] round=239 R=241 dirty=       16 runs=        4 filter=  1.489ms semisort=  0.010ms
[pe-async] round=240 R=242 dirty=        8 runs=        4 filter=  1.465ms semisort=  0.009ms
[pe-async] round=241 R=243 dirty=       16 runs=        4 filter=  1.473ms semisort=  0.010ms
[pe-async] round=242 R=244 dirty=        8 runs=        4 filter=  1.465ms semisort=  0.009ms
[pe-async] round=243 R=245 dirty=       16 runs=        4 filter=  1.467ms semisort=  0.010ms
[pe-async] round=244 R=246 dirty=        8 runs=        4 filter=  1.451ms semisort=  0.010ms
[pe-async] round=245 R=247 dirty=       16 runs=        4 filter=  1.472ms semisort=  0.010ms
[pe-async] round=246 R=248 dirty=        8 runs=        4 filter=  1.461ms semisort=  0.009ms
[pe-async] round=247 R=249 dirty=       16 runs=        4 filter=  1.530ms semisort=  0.010ms
[pe-async] round=248 R=250 dirty=        8 runs=        4 filter=  1.474ms semisort=  0.009ms
[pe-async] round=249 R=251 dirty=       16 runs=        4 filter=  1.498ms semisort=  0.010ms
[pe-async] round=250 R=252 dirty=        8 runs=        4 filter=  1.499ms semisort=  0.009ms
[pe-async] round=251 R=253 dirty=       16 runs=        4 filter=  1.460ms semisort=  0.010ms
[pe-async] round=252 R=254 dirty=        8 runs=        4 filter=  1.480ms semisort=  0.009ms
[pe-async] round=253 R=255 dirty=       16 runs=        4 filter=  1.501ms semisort=  0.015ms
[pe-async] round=254 R=256 dirty=        8 runs=        4 filter=  1.472ms semisort=  0.010ms
[pe-async] round=255 R=257 dirty=       16 runs=        4 filter=  1.479ms semisort=  0.010ms
[pe-async] round=256 R=258 dirty=        8 runs=        4 filter=  1.486ms semisort=  0.009ms
[pe-async] round=257 R=259 dirty=       16 runs=        4 filter=  1.464ms semisort=  0.010ms
[pe-async] round=258 R=260 dirty=        8 runs=        4 filter=  1.479ms semisort=  0.009ms
[pe-async] round=259 R=261 dirty=       16 runs=        4 filter=  1.460ms semisort=  0.010ms
[pe-async] round=260 R=262 dirty=        8 runs=        4 filter=  1.481ms semisort=  0.009ms
[pe-async] round=261 R=263 dirty=       16 runs=        4 filter=  1.468ms semisort=  0.011ms
[pe-async] round=262 R=264 dirty=        8 runs=        4 filter=  1.448ms semisort=  0.009ms
[pe-async] round=263 R=265 dirty=       16 runs=        4 filter=  1.444ms semisort=  0.010ms
[pe-async] round=264 R=266 dirty=        8 runs=        4 filter=  1.450ms semisort=  0.010ms
[pe-async] round=265 R=267 dirty=       16 runs=        4 filter=  1.526ms semisort=  0.010ms
[pe-async] round=266 R=268 dirty=        8 runs=        4 filter=  1.454ms semisort=  0.010ms
[pe-async] round=267 R=269 dirty=       16 runs=        4 filter=  1.450ms semisort=  0.015ms
[pe-async] round=268 R=270 dirty=        8 runs=        4 filter=  1.535ms semisort=  0.010ms
[pe-async] round=269 R=271 dirty=       16 runs=        4 filter=  1.478ms semisort=  0.010ms
[pe-async] round=270 R=272 dirty=        8 runs=        4 filter=  1.449ms semisort=  0.009ms
[pe-async] round=271 R=273 dirty=       16 runs=        4 filter=  1.491ms semisort=  0.010ms
[pe-async] round=272 R=274 dirty=        8 runs=        4 filter=  1.488ms semisort=  0.009ms
[pe-async] round=273 R=275 dirty=       16 runs=        4 filter=  1.542ms semisort=  0.010ms
[pe-async] round=274 R=276 dirty=        8 runs=        4 filter=  1.522ms semisort=  0.009ms
[pe-async] round=275 R=277 dirty=       16 runs=        4 filter=  1.455ms semisort=  0.010ms
[pe-async] round=276 R=278 dirty=        8 runs=        4 filter=  1.462ms semisort=  0.010ms
[pe-async] round=277 R=279 dirty=       16 runs=        4 filter=  1.498ms semisort=  0.011ms
[pe-async] round=278 R=280 dirty=        8 runs=        4 filter=  1.447ms semisort=  0.010ms
[pe-async] round=279 R=281 dirty=       16 runs=        4 filter=  1.491ms semisort=  0.010ms
[pe-async] round=280 R=282 dirty=        8 runs=        4 filter=  1.488ms semisort=  0.010ms
[pe-async] round=281 R=283 dirty=       16 runs=        4 filter=  1.449ms semisort=  0.012ms
[pe-async] round=282 R=284 dirty=        8 runs=        4 filter=  1.476ms semisort=  0.027ms
[pe-async] round=283 R=285 dirty=       16 runs=        4 filter=  1.466ms semisort=  0.010ms
[pe-async] round=284 R=286 dirty=        8 runs=        4 filter=  1.462ms semisort=  0.010ms
[pe-async] round=285 R=287 dirty=       16 runs=        4 filter=  1.476ms semisort=  0.010ms
[pe-async] round=286 R=288 dirty=        8 runs=        4 filter=  1.491ms semisort=  0.009ms
[pe-async] round=287 R=289 dirty=       16 runs=        4 filter=  1.447ms semisort=  0.010ms
[pe-async] round=288 R=290 dirty=        8 runs=        4 filter=  1.479ms semisort=  0.010ms
[pe-async] round=289 R=291 dirty=       16 runs=        4 filter=  1.483ms semisort=  0.010ms
[pe-async] round=290 R=292 dirty=        8 runs=        4 filter=  1.465ms semisort=  0.010ms
[pe-async] round=291 R=293 dirty=       16 runs=        4 filter=  1.452ms semisort=  0.011ms
[pe-async] round=292 R=294 dirty=        8 runs=        4 filter=  1.483ms semisort=  0.010ms
[pe-async] round=293 R=295 dirty=       16 runs=        4 filter=  1.522ms semisort=  0.010ms
[pe-async] round=294 R=296 dirty=        8 runs=        4 filter=  1.497ms semisort=  0.009ms
[pe-async] round=295 R=297 dirty=       16 runs=        4 filter=  1.486ms semisort=  0.010ms
[pe-async] round=296 R=298 dirty=        8 runs=        4 filter=  1.483ms semisort=  0.010ms
[pe-async] round=297 R=299 dirty=       16 runs=        4 filter=  1.490ms semisort=  0.010ms
[pe-async] round=298 R=300 dirty=        8 runs=        4 filter=  1.471ms semisort=  0.009ms
[pe-async] round=299 R=301 dirty=       16 runs=        4 filter=  1.444ms semisort=  0.010ms
[pe-async] round=300 R=302 dirty=        8 runs=        4 filter=  1.450ms semisort=  0.009ms
[pe-async] round=301 R=303 dirty=       16 runs=        4 filter=  1.487ms semisort=  0.010ms
[pe-async] round=302 R=304 dirty=        8 runs=        4 filter=  1.450ms semisort=  0.010ms
[pe-async] round=303 R=305 dirty=       16 runs=        4 filter=  1.471ms semisort=  0.010ms
[pe-async] round=304 R=306 dirty=        8 runs=        4 filter=  1.466ms semisort=  0.009ms
[pe-async] round=305 R=307 dirty=       16 runs=        4 filter=  1.457ms semisort=  0.010ms
[pe-async] round=306 R=308 dirty=        8 runs=        4 filter=  1.479ms semisort=  0.009ms
[pe-async] round=307 R=309 dirty=       16 runs=        4 filter=  1.451ms semisort=  0.009ms
[pe-async] round=308 R=310 dirty=        8 runs=        4 filter=  1.455ms semisort=  0.009ms
[pe-async] round=309 R=311 dirty=       16 runs=        4 filter=  1.444ms semisort=  0.010ms
[pe-async] round=310 R=312 dirty=        8 runs=        4 filter=  1.448ms semisort=  0.009ms
[pe-async] round=311 R=313 dirty=       16 runs=        4 filter=  1.445ms semisort=  0.010ms
[pe-async] round=312 R=314 dirty=        8 runs=        4 filter=  1.442ms semisort=  0.010ms
[pe-async] round=313 R=315 dirty=       16 runs=        4 filter=  1.494ms semisort=  0.009ms
[pe-async] round=314 R=316 dirty=        8 runs=        4 filter=  1.448ms semisort=  0.010ms
[pe-async] round=315 R=317 dirty=       16 runs=        4 filter=  1.481ms semisort=  0.013ms
[pe-async] round=316 R=318 dirty=        8 runs=        4 filter=  1.483ms semisort=  0.009ms
[pe-async] round=317 R=319 dirty=       16 runs=        4 filter=  1.470ms semisort=  0.012ms
[pe-async] round=318 R=320 dirty=        8 runs=        8 filter=  1.474ms semisort=  0.008ms
[pe-async] round=319 R=321 dirty=        0 filter=  1.457ms (clean break)
[pe-async] round=  0 R=2 dirty=  6945599 runs=  4307022 filter=  1.995ms semisort=  9.945ms
[pe-async] round=  1 R=3 dirty=   148833 runs=    52977 filter=  2.396ms semisort=  0.674ms
[pe-async] round=  2 R=4 dirty=    72602 runs=    56743 filter=  1.950ms semisort=  2.545ms
[pe-async] round=  3 R=5 dirty=    27252 runs=    11300 filter=  1.904ms semisort=  0.864ms
[pe-async] round=  4 R=6 dirty=    14450 runs=     8901 filter=  1.740ms semisort=  0.545ms
[pe-async] round=  5 R=7 dirty=     9113 runs=     3766 filter=  1.725ms semisort=  0.380ms
[pe-async] round=  6 R=8 dirty=     9237 runs=     4258 filter=  1.648ms semisort=  0.365ms
[pe-async] round=  7 R=9 dirty=    10490 runs=     4436 filter=  1.593ms semisort=  0.401ms
[pe-async] round=  8 R=10 dirty=    13446 runs=     6161 filter=  1.600ms semisort=  0.518ms
[pe-async] round=  9 R=11 dirty=     7160 runs=     3428 filter=  1.646ms semisort=  0.293ms
[pe-async] round= 10 R=12 dirty=     9366 runs=     3506 filter=  1.569ms semisort=  0.387ms
[pe-async] round= 11 R=13 dirty=     6310 runs=     2517 filter=  1.585ms semisort=  0.298ms
[pe-async] round= 12 R=14 dirty=     5488 runs=     2161 filter=  1.580ms semisort=  0.263ms
[pe-async] round= 13 R=15 dirty=     3480 runs=     1679 filter=  1.581ms semisort=  0.169ms
[pe-async] round= 14 R=16 dirty=     2006 runs=      585 filter=  1.580ms semisort=  0.131ms
[pe-async] round= 15 R=17 dirty=     1404 runs=      383 filter=  1.575ms semisort=  0.137ms
[pe-async] round= 16 R=18 dirty=     1354 runs=      273 filter=  1.560ms semisort=  0.107ms
[pe-async] round= 17 R=19 dirty=     1112 runs=      391 filter=  1.581ms semisort=  0.105ms
[pe-async] round= 18 R=20 dirty=      490 runs=       67 filter=  1.544ms semisort=  0.068ms
[pe-async] round= 19 R=21 dirty=      396 runs=       51 filter=  1.580ms semisort=  0.058ms
[pe-async] round= 20 R=22 dirty=      362 runs=       59 filter=  1.556ms semisort=  0.055ms
[pe-async] round= 21 R=23 dirty=      444 runs=       75 filter=  1.536ms semisort=  0.087ms
[pe-async] round= 22 R=24 dirty=      346 runs=       67 filter=  1.548ms semisort=  0.067ms
[pe-async] round= 23 R=25 dirty=      396 runs=       51 filter=  1.528ms semisort=  0.081ms
[pe-async] round= 24 R=26 dirty=      362 runs=       59 filter=  1.527ms semisort=  0.057ms
[pe-async] round= 25 R=27 dirty=      444 runs=       77 filter=  1.535ms semisort=  0.063ms
[pe-async] round= 26 R=28 dirty=      338 runs=       65 filter=  1.504ms semisort=  0.059ms
[pe-async] round= 27 R=29 dirty=      392 runs=       61 filter=  1.533ms semisort=  0.077ms
[pe-async] round= 28 R=30 dirty=      322 runs=      181 filter=  1.525ms semisort=  0.063ms
[pe-async] round= 29 R=31 dirty=      160 runs=       67 filter=  1.580ms semisort=  0.048ms
[pe-async] round= 30 R=32 dirty=      166 runs=       57 filter=  1.521ms semisort=  0.040ms
[pe-async] round= 31 R=33 dirty=      100 runs=       37 filter=  1.653ms semisort=  0.042ms
[pe-async] round= 32 R=34 dirty=      178 runs=       46 filter=  1.524ms semisort=  0.045ms
[pe-async] round= 33 R=35 dirty=      140 runs=       66 filter=  1.552ms semisort=  0.053ms
[pe-async] round= 34 R=36 dirty=      134 runs=       46 filter=  1.516ms semisort=  0.064ms
[pe-async] round= 35 R=37 dirty=       80 runs=       33 filter=  1.515ms semisort=  0.040ms
[pe-async] round= 36 R=38 dirty=      126 runs=       35 filter=  1.513ms semisort=  0.035ms
[pe-async] round= 37 R=39 dirty=      116 runs=       51 filter=  1.492ms semisort=  0.075ms
[pe-async] round= 38 R=40 dirty=      110 runs=       43 filter=  1.489ms semisort=  0.033ms
[pe-async] round= 39 R=41 dirty=       68 runs=       27 filter=  1.517ms semisort=  0.051ms
[pe-async] round= 40 R=42 dirty=      126 runs=       35 filter=  1.478ms semisort=  0.038ms
[pe-async] round= 41 R=43 dirty=      116 runs=       51 filter=  1.499ms semisort=  0.059ms
[pe-async] round= 42 R=44 dirty=      110 runs=       43 filter=  1.507ms semisort=  0.035ms
[pe-async] round= 43 R=45 dirty=       68 runs=       27 filter=  1.487ms semisort=  0.028ms
[pe-async] round= 44 R=46 dirty=      126 runs=       35 filter=  1.487ms semisort=  0.043ms
[pe-async] round= 45 R=47 dirty=      116 runs=       51 filter=  1.539ms semisort=  0.044ms
[pe-async] round= 46 R=48 dirty=      110 runs=       43 filter=  1.463ms semisort=  0.038ms
[pe-async] round= 47 R=49 dirty=       68 runs=       27 filter=  1.500ms semisort=  0.027ms
[pe-async] round= 48 R=50 dirty=       46 runs=       15 filter=  1.504ms semisort=  0.031ms
[pe-async] round= 49 R=51 dirty=       44 runs=       23 filter=  1.521ms semisort=  0.022ms
[pe-async] round= 50 R=52 dirty=       14 runs=        7 filter=  1.489ms semisort=  0.011ms
[pe-async] round= 51 R=53 dirty=       28 runs=        7 filter=  1.485ms semisort=  0.013ms
[pe-async] round= 52 R=54 dirty=       14 runs=        7 filter=  1.480ms semisort=  0.011ms
[pe-async] round= 53 R=55 dirty=       28 runs=        7 filter=  1.539ms semisort=  0.013ms
[pe-async] round= 54 R=56 dirty=       14 runs=        7 filter=  1.531ms semisort=  0.026ms
[pe-async] round= 55 R=57 dirty=       28 runs=        7 filter=  1.494ms semisort=  0.013ms
[pe-async] round= 56 R=58 dirty=       14 runs=        7 filter=  1.478ms semisort=  0.011ms
[pe-async] round= 57 R=59 dirty=       28 runs=        7 filter=  1.514ms semisort=  0.012ms
[pe-async] round= 58 R=60 dirty=       14 runs=        7 filter=  1.487ms semisort=  0.012ms
[pe-async] round= 59 R=61 dirty=       28 runs=        7 filter=  1.491ms semisort=  0.027ms
[pe-async] round= 60 R=62 dirty=       14 runs=        7 filter=  1.509ms semisort=  0.011ms
[pe-async] round= 61 R=63 dirty=       28 runs=        7 filter=  1.515ms semisort=  0.012ms
[pe-async] round= 62 R=64 dirty=       14 runs=        7 filter=  1.481ms semisort=  0.011ms
[pe-async] round= 63 R=65 dirty=       28 runs=        7 filter=  1.522ms semisort=  0.014ms
[pe-async] round= 64 R=66 dirty=       14 runs=        7 filter=  1.492ms semisort=  0.011ms
[pe-async] round= 65 R=67 dirty=       28 runs=        7 filter=  1.495ms semisort=  0.014ms
[pe-async] round= 66 R=68 dirty=       14 runs=        7 filter=  1.473ms semisort=  0.036ms
[pe-async] round= 67 R=69 dirty=       28 runs=        7 filter=  1.469ms semisort=  0.013ms
[pe-async] round= 68 R=70 dirty=       14 runs=        7 filter=  1.506ms semisort=  0.011ms
[pe-async] round= 69 R=71 dirty=       28 runs=        7 filter=  1.532ms semisort=  0.013ms
[pe-async] round= 70 R=72 dirty=       14 runs=        7 filter=  1.493ms semisort=  0.011ms
[pe-async] round= 71 R=73 dirty=       28 runs=        7 filter=  1.506ms semisort=  0.013ms
[pe-async] round= 72 R=74 dirty=       14 runs=        7 filter=  1.503ms semisort=  0.029ms
[pe-async] round= 73 R=75 dirty=       28 runs=        7 filter=  1.460ms semisort=  0.013ms
[pe-async] round= 74 R=76 dirty=       14 runs=        7 filter=  1.550ms semisort=  0.025ms
[pe-async] round= 75 R=77 dirty=       28 runs=        7 filter=  1.504ms semisort=  0.014ms
[pe-async] round= 76 R=78 dirty=       14 runs=        7 filter=  1.553ms semisort=  0.028ms
[pe-async] round= 77 R=79 dirty=       28 runs=        7 filter=  1.437ms semisort=  0.014ms
[pe-async] round= 78 R=80 dirty=       14 runs=        7 filter=  1.459ms semisort=  0.035ms
[pe-async] round= 79 R=81 dirty=       28 runs=        7 filter=  1.468ms semisort=  0.013ms
[pe-async] round= 80 R=82 dirty=       14 runs=        7 filter=  1.497ms semisort=  0.024ms
[pe-async] round= 81 R=83 dirty=       28 runs=        7 filter=  1.545ms semisort=  0.013ms
[pe-async] round= 82 R=84 dirty=       14 runs=        7 filter=  1.479ms semisort=  0.031ms
[pe-async] round= 83 R=85 dirty=       28 runs=        7 filter=  1.501ms semisort=  0.013ms
[pe-async] round= 84 R=86 dirty=       14 runs=        7 filter=  1.514ms semisort=  0.011ms
[pe-async] round= 85 R=87 dirty=       28 runs=        7 filter=  1.465ms semisort=  0.013ms
[pe-async] round= 86 R=88 dirty=       14 runs=        7 filter=  1.479ms semisort=  0.010ms
[pe-async] round= 87 R=89 dirty=       28 runs=        7 filter=  1.469ms semisort=  0.031ms
[pe-async] round= 88 R=90 dirty=       14 runs=        7 filter=  1.492ms semisort=  0.029ms
[pe-async] round= 89 R=91 dirty=       28 runs=        7 filter=  1.460ms semisort=  0.014ms
[pe-async] round= 90 R=92 dirty=       14 runs=        7 filter=  1.480ms semisort=  0.011ms
[pe-async] round= 91 R=93 dirty=       28 runs=        7 filter=  1.477ms semisort=  0.012ms
[pe-async] round= 92 R=94 dirty=       14 runs=        7 filter=  1.507ms semisort=  0.034ms
[pe-async] round= 93 R=95 dirty=       28 runs=        7 filter=  1.455ms semisort=  0.040ms
[pe-async] round= 94 R=96 dirty=       14 runs=        7 filter=  1.516ms semisort=  0.026ms
[pe-async] round= 95 R=97 dirty=       28 runs=        7 filter=  1.479ms semisort=  0.013ms
[pe-async] round= 96 R=98 dirty=       14 runs=        7 filter=  1.470ms semisort=  0.020ms
[pe-async] round= 97 R=99 dirty=       28 runs=        7 filter=  1.465ms semisort=  0.012ms
[pe-async] round= 98 R=100 dirty=       14 runs=        7 filter=  1.502ms semisort=  0.022ms
[pe-async] round= 99 R=101 dirty=       28 runs=        7 filter=  1.499ms semisort=  0.027ms
[pe-async] round=100 R=102 dirty=       14 runs=        7 filter=  1.459ms semisort=  0.011ms
[pe-async] round=101 R=103 dirty=       28 runs=        7 filter=  1.468ms semisort=  0.012ms
[pe-async] round=102 R=104 dirty=       14 runs=        7 filter=  1.475ms semisort=  0.011ms
[pe-async] round=103 R=105 dirty=       28 runs=        7 filter=  1.451ms semisort=  0.013ms
[pe-async] round=104 R=106 dirty=       14 runs=        7 filter=  1.458ms semisort=  0.012ms
[pe-async] round=105 R=107 dirty=       28 runs=        7 filter=  1.470ms semisort=  0.023ms
[pe-async] round=106 R=108 dirty=       14 runs=        7 filter=  1.507ms semisort=  0.011ms
[pe-async] round=107 R=109 dirty=       28 runs=        7 filter=  1.459ms semisort=  0.039ms
[pe-async] round=108 R=110 dirty=       14 runs=        7 filter=  1.498ms semisort=  0.026ms
[pe-async] round=109 R=111 dirty=       28 runs=        7 filter=  1.484ms semisort=  0.013ms
[pe-async] round=110 R=112 dirty=       14 runs=        7 filter=  1.449ms semisort=  0.036ms
[pe-async] round=111 R=113 dirty=       28 runs=        7 filter=  1.468ms semisort=  0.029ms
[pe-async] round=112 R=114 dirty=       14 runs=        7 filter=  1.456ms semisort=  0.011ms
[pe-async] round=113 R=115 dirty=       28 runs=        7 filter=  1.480ms semisort=  0.028ms
[pe-async] round=114 R=116 dirty=       14 runs=        7 filter=  1.464ms semisort=  0.011ms
[pe-async] round=115 R=117 dirty=       28 runs=        7 filter=  1.463ms semisort=  0.036ms
[pe-async] round=116 R=118 dirty=       14 runs=        7 filter=  1.472ms semisort=  0.011ms
[pe-async] round=117 R=119 dirty=       28 runs=        7 filter=  1.481ms semisort=  0.013ms
[pe-async] round=118 R=120 dirty=       14 runs=        7 filter=  1.476ms semisort=  0.012ms
[pe-async] round=119 R=121 dirty=       28 runs=        7 filter=  1.507ms semisort=  0.050ms
[pe-async] round=120 R=122 dirty=       14 runs=        7 filter=  1.468ms semisort=  0.012ms
[pe-async] round=121 R=123 dirty=       28 runs=        7 filter=  1.477ms semisort=  0.013ms
[pe-async] round=122 R=124 dirty=       14 runs=        7 filter=  1.479ms semisort=  0.011ms
[pe-async] round=123 R=125 dirty=       28 runs=        7 filter=  1.457ms semisort=  0.013ms
[pe-async] round=124 R=126 dirty=       14 runs=        7 filter=  1.499ms semisort=  0.011ms
[pe-async] round=125 R=127 dirty=       28 runs=        7 filter=  1.492ms semisort=  0.012ms
[pe-async] round=126 R=128 dirty=       14 runs=        7 filter=  1.471ms semisort=  0.011ms
[pe-async] round=127 R=129 dirty=       28 runs=        7 filter=  1.472ms semisort=  0.032ms
[pe-async] round=128 R=130 dirty=       14 runs=        7 filter=  1.471ms semisort=  0.011ms
[pe-async] round=129 R=131 dirty=       28 runs=        7 filter=  1.500ms semisort=  0.014ms
[pe-async] round=130 R=132 dirty=       14 runs=        7 filter=  1.463ms semisort=  0.011ms
[pe-async] round=131 R=133 dirty=       28 runs=        7 filter=  1.477ms semisort=  0.014ms
[pe-async] round=132 R=134 dirty=       14 runs=        7 filter=  1.478ms semisort=  0.011ms
[pe-async] round=133 R=135 dirty=       28 runs=        7 filter=  1.465ms semisort=  0.013ms
[pe-async] round=134 R=136 dirty=       14 runs=        7 filter=  1.462ms semisort=  0.011ms
[pe-async] round=135 R=137 dirty=       28 runs=        7 filter=  1.497ms semisort=  0.020ms
[pe-async] round=136 R=138 dirty=       14 runs=        7 filter=  1.493ms semisort=  0.011ms
[pe-async] round=137 R=139 dirty=       28 runs=        7 filter=  1.484ms semisort=  0.021ms
[pe-async] round=138 R=140 dirty=       14 runs=        7 filter=  1.505ms semisort=  0.011ms
[pe-async] round=139 R=141 dirty=       28 runs=        7 filter=  1.451ms semisort=  0.016ms
[pe-async] round=140 R=142 dirty=       14 runs=        7 filter=  1.462ms semisort=  0.012ms
[pe-async] round=141 R=143 dirty=       28 runs=        7 filter=  1.472ms semisort=  0.014ms
[pe-async] round=142 R=144 dirty=       14 runs=        7 filter=  1.464ms semisort=  0.012ms
[pe-async] round=143 R=145 dirty=       28 runs=        7 filter=  1.460ms semisort=  0.051ms
[pe-async] round=144 R=146 dirty=       14 runs=        7 filter=  1.475ms semisort=  0.011ms
[pe-async] round=145 R=147 dirty=       28 runs=        7 filter=  1.478ms semisort=  0.013ms
[pe-async] round=146 R=148 dirty=       14 runs=        7 filter=  1.463ms semisort=  0.011ms
[pe-async] round=147 R=149 dirty=       28 runs=        7 filter=  1.453ms semisort=  0.013ms
[pe-async] round=148 R=150 dirty=       14 runs=        7 filter=  1.458ms semisort=  0.011ms
[pe-async] round=149 R=151 dirty=       28 runs=        7 filter=  1.457ms semisort=  0.013ms
[pe-async] round=150 R=152 dirty=       14 runs=        7 filter=  1.512ms semisort=  0.030ms
[pe-async] round=151 R=153 dirty=       28 runs=        7 filter=  1.474ms semisort=  0.013ms
[pe-async] round=152 R=154 dirty=       14 runs=        7 filter=  1.474ms semisort=  0.011ms
[pe-async] round=153 R=155 dirty=       28 runs=        7 filter=  1.465ms semisort=  0.039ms
[pe-async] round=154 R=156 dirty=       14 runs=        7 filter=  1.477ms semisort=  0.011ms
[pe-async] round=155 R=157 dirty=       28 runs=        7 filter=  1.458ms semisort=  0.014ms
[pe-async] round=156 R=158 dirty=       14 runs=        7 filter=  1.455ms semisort=  0.013ms
[pe-async] round=157 R=159 dirty=       28 runs=        7 filter=  1.447ms semisort=  0.014ms
[pe-async] round=158 R=160 dirty=       14 runs=        7 filter=  1.502ms semisort=  0.012ms
[pe-async] round=159 R=161 dirty=       28 runs=        7 filter=  1.458ms semisort=  0.023ms
[pe-async] round=160 R=162 dirty=       14 runs=        7 filter=  1.489ms semisort=  0.011ms
[pe-async] round=161 R=163 dirty=       28 runs=        7 filter=  1.477ms semisort=  0.013ms
[pe-async] round=162 R=164 dirty=       14 runs=        7 filter=  1.536ms semisort=  0.011ms
[pe-async] round=163 R=165 dirty=       28 runs=        7 filter=  1.456ms semisort=  0.012ms
[pe-async] round=164 R=166 dirty=       14 runs=        7 filter=  1.465ms semisort=  0.030ms
[pe-async] round=165 R=167 dirty=       28 runs=        7 filter=  1.476ms semisort=  0.044ms
[pe-async] round=166 R=168 dirty=       14 runs=        7 filter=  1.462ms semisort=  0.011ms
[pe-async] round=167 R=169 dirty=       28 runs=        7 filter=  1.456ms semisort=  0.013ms
[pe-async] round=168 R=170 dirty=       14 runs=        7 filter=  1.475ms semisort=  0.011ms
[pe-async] round=169 R=171 dirty=       28 runs=        7 filter=  1.457ms semisort=  0.014ms
[pe-async] round=170 R=172 dirty=       14 runs=        7 filter=  1.494ms semisort=  0.012ms
[pe-async] round=171 R=173 dirty=       28 runs=        7 filter=  1.542ms semisort=  0.019ms
[pe-async] round=172 R=174 dirty=       14 runs=        7 filter=  1.459ms semisort=  0.012ms
[pe-async] round=173 R=175 dirty=       28 runs=        7 filter=  1.452ms semisort=  0.015ms
[pe-async] round=174 R=176 dirty=       14 runs=        7 filter=  1.486ms semisort=  0.025ms
[pe-async] round=175 R=177 dirty=       28 runs=        7 filter=  1.475ms semisort=  0.013ms
[pe-async] round=176 R=178 dirty=       14 runs=        7 filter=  1.448ms semisort=  0.012ms
[pe-async] round=177 R=179 dirty=       28 runs=        7 filter=  1.472ms semisort=  0.012ms
[pe-async] round=178 R=180 dirty=       14 runs=        7 filter=  1.465ms semisort=  0.012ms
[pe-async] round=179 R=181 dirty=       28 runs=        7 filter=  1.442ms semisort=  0.014ms
[pe-async] round=180 R=182 dirty=       14 runs=        7 filter=  1.480ms semisort=  0.012ms
[pe-async] round=181 R=183 dirty=       28 runs=        7 filter=  1.470ms semisort=  0.014ms
[pe-async] round=182 R=184 dirty=       14 runs=        7 filter=  1.469ms semisort=  0.011ms
[pe-async] round=183 R=185 dirty=       28 runs=        7 filter=  1.448ms semisort=  0.014ms
[pe-async] round=184 R=186 dirty=       14 runs=        7 filter=  1.459ms semisort=  0.011ms
[pe-async] round=185 R=187 dirty=       28 runs=        7 filter=  1.445ms semisort=  0.014ms
[pe-async] round=186 R=188 dirty=       14 runs=        7 filter=  1.465ms semisort=  0.011ms
[pe-async] round=187 R=189 dirty=       28 runs=        7 filter=  1.469ms semisort=  0.014ms
[pe-async] round=188 R=190 dirty=       14 runs=        7 filter=  1.464ms semisort=  0.012ms
[pe-async] round=189 R=191 dirty=       28 runs=        7 filter=  1.471ms semisort=  0.014ms
[pe-async] round=190 R=192 dirty=       14 runs=        7 filter=  1.495ms semisort=  0.011ms
[pe-async] round=191 R=193 dirty=       28 runs=        7 filter=  1.503ms semisort=  0.013ms
[pe-async] round=192 R=194 dirty=       14 runs=        7 filter=  1.455ms semisort=  0.012ms
[pe-async] round=193 R=195 dirty=       28 runs=        7 filter=  1.475ms semisort=  0.013ms
[pe-async] round=194 R=196 dirty=       14 runs=        7 filter=  1.475ms semisort=  0.028ms
[pe-async] round=195 R=197 dirty=       28 runs=        7 filter=  1.532ms semisort=  0.015ms
[pe-async] round=196 R=198 dirty=       14 runs=        7 filter=  1.468ms semisort=  0.011ms
[pe-async] round=197 R=199 dirty=       28 runs=        7 filter=  1.459ms semisort=  0.013ms
[pe-async] round=198 R=200 dirty=       14 runs=        7 filter=  1.473ms semisort=  0.027ms
[pe-async] round=199 R=201 dirty=       28 runs=        7 filter=  1.455ms semisort=  0.014ms
[pe-async] round=200 R=202 dirty=       14 runs=        7 filter=  1.485ms semisort=  0.033ms
[pe-async] round=201 R=203 dirty=       28 runs=        7 filter=  1.479ms semisort=  0.014ms
[pe-async] round=202 R=204 dirty=       14 runs=        7 filter=  1.496ms semisort=  0.012ms
[pe-async] round=203 R=205 dirty=       28 runs=        7 filter=  1.449ms semisort=  0.014ms
[pe-async] round=204 R=206 dirty=       14 runs=        7 filter=  1.476ms semisort=  0.011ms
[pe-async] round=205 R=207 dirty=       28 runs=        7 filter=  1.479ms semisort=  0.014ms
[pe-async] round=206 R=208 dirty=       14 runs=        7 filter=  1.480ms semisort=  0.038ms
[pe-async] round=207 R=209 dirty=       28 runs=        7 filter=  1.468ms semisort=  0.013ms
[pe-async] round=208 R=210 dirty=       14 runs=        7 filter=  1.460ms semisort=  0.011ms
[pe-async] round=209 R=211 dirty=       34 runs=       13 filter=  1.456ms semisort=  0.018ms
[pe-async] round=210 R=212 dirty=       14 runs=       10 filter=  1.466ms semisort=  0.011ms
[pe-async] round=211 R=213 dirty=       16 runs=        4 filter=  1.485ms semisort=  0.010ms
[pe-async] round=212 R=214 dirty=        8 runs=        4 filter=  1.474ms semisort=  0.017ms
[pe-async] round=213 R=215 dirty=       16 runs=        4 filter=  1.482ms semisort=  0.015ms
[pe-async] round=214 R=216 dirty=        8 runs=        4 filter=  1.477ms semisort=  0.014ms
[pe-async] round=215 R=217 dirty=       16 runs=        4 filter=  1.487ms semisort=  0.011ms
[pe-async] round=216 R=218 dirty=        8 runs=        4 filter=  1.465ms semisort=  0.020ms
[pe-async] round=217 R=219 dirty=       16 runs=        4 filter=  1.463ms semisort=  0.011ms
[pe-async] round=218 R=220 dirty=        8 runs=        4 filter=  1.479ms semisort=  0.017ms
[pe-async] round=219 R=221 dirty=       16 runs=        4 filter=  1.472ms semisort=  0.017ms
[pe-async] round=220 R=222 dirty=        8 runs=        4 filter=  1.473ms semisort=  0.022ms
[pe-async] round=221 R=223 dirty=       16 runs=        4 filter=  1.488ms semisort=  0.012ms
[pe-async] round=222 R=224 dirty=        8 runs=        4 filter=  1.467ms semisort=  0.020ms
[pe-async] round=223 R=225 dirty=       16 runs=        4 filter=  1.499ms semisort=  0.010ms
[pe-async] round=224 R=226 dirty=        8 runs=        4 filter=  1.492ms semisort=  0.009ms
[pe-async] round=225 R=227 dirty=       16 runs=        4 filter=  1.474ms semisort=  0.010ms
[pe-async] round=226 R=228 dirty=        8 runs=        4 filter=  1.429ms semisort=  0.009ms
[pe-async] round=227 R=229 dirty=       16 runs=        4 filter=  1.479ms semisort=  0.011ms
[pe-async] round=228 R=230 dirty=        8 runs=        4 filter=  1.477ms semisort=  0.023ms
[pe-async] round=229 R=231 dirty=       16 runs=        4 filter=  1.474ms semisort=  0.010ms
[pe-async] round=230 R=232 dirty=        8 runs=        4 filter=  1.455ms semisort=  0.009ms
[pe-async] round=231 R=233 dirty=       16 runs=        4 filter=  1.460ms semisort=  0.011ms
[pe-async] round=232 R=234 dirty=        8 runs=        4 filter=  1.471ms semisort=  0.009ms
[pe-async] round=233 R=235 dirty=       16 runs=        4 filter=  1.505ms semisort=  0.010ms
[pe-async] round=234 R=236 dirty=        8 runs=        4 filter=  1.441ms semisort=  0.021ms
[pe-async] round=235 R=237 dirty=       16 runs=        4 filter=  1.459ms semisort=  0.009ms
[pe-async] round=236 R=238 dirty=        8 runs=        4 filter=  1.505ms semisort=  0.009ms
[pe-async] round=237 R=239 dirty=       16 runs=        4 filter=  1.455ms semisort=  0.010ms
[pe-async] round=238 R=240 dirty=        8 runs=        4 filter=  1.465ms semisort=  0.011ms
[pe-async] round=239 R=241 dirty=       16 runs=        4 filter=  1.457ms semisort=  0.010ms
[pe-async] round=240 R=242 dirty=        8 runs=        4 filter=  1.454ms semisort=  0.010ms
[pe-async] round=241 R=243 dirty=       16 runs=        4 filter=  1.473ms semisort=  0.011ms
[pe-async] round=242 R=244 dirty=        8 runs=        4 filter=  1.459ms semisort=  0.010ms
[pe-async] round=243 R=245 dirty=       16 runs=        4 filter=  1.447ms semisort=  0.009ms
[pe-async] round=244 R=246 dirty=        8 runs=        4 filter=  1.449ms semisort=  0.025ms
[pe-async] round=245 R=247 dirty=       16 runs=        4 filter=  1.470ms semisort=  0.018ms
[pe-async] round=246 R=248 dirty=        8 runs=        4 filter=  1.450ms semisort=  0.024ms
[pe-async] round=247 R=249 dirty=       16 runs=        4 filter=  1.446ms semisort=  0.010ms
[pe-async] round=248 R=250 dirty=        8 runs=        4 filter=  1.470ms semisort=  0.021ms
[pe-async] round=249 R=251 dirty=       16 runs=        4 filter=  1.510ms semisort=  0.010ms
[pe-async] round=250 R=252 dirty=        8 runs=        4 filter=  1.468ms semisort=  0.017ms
[pe-async] round=251 R=253 dirty=       16 runs=        4 filter=  1.464ms semisort=  0.010ms
[pe-async] round=252 R=254 dirty=        8 runs=        4 filter=  1.483ms semisort=  0.024ms
[pe-async] round=253 R=255 dirty=       16 runs=        4 filter=  1.477ms semisort=  0.010ms
[pe-async] round=254 R=256 dirty=        8 runs=        4 filter=  1.475ms semisort=  0.023ms
[pe-async] round=255 R=257 dirty=       16 runs=        4 filter=  1.465ms semisort=  0.016ms
[pe-async] round=256 R=258 dirty=        8 runs=        4 filter=  1.475ms semisort=  0.009ms
[pe-async] round=257 R=259 dirty=       16 runs=        4 filter=  1.463ms semisort=  0.015ms
[pe-async] round=258 R=260 dirty=        8 runs=        4 filter=  1.502ms semisort=  0.010ms
[pe-async] round=259 R=261 dirty=       16 runs=        4 filter=  1.518ms semisort=  0.010ms
[pe-async] round=260 R=262 dirty=        8 runs=        4 filter=  1.469ms semisort=  0.019ms
[pe-async] round=261 R=263 dirty=       16 runs=        4 filter=  1.457ms semisort=  0.011ms
[pe-async] round=262 R=264 dirty=        8 runs=        4 filter=  1.475ms semisort=  0.021ms
[pe-async] round=263 R=265 dirty=       16 runs=        4 filter=  1.474ms semisort=  0.015ms
[pe-async] round=264 R=266 dirty=        8 runs=        4 filter=  1.458ms semisort=  0.010ms
[pe-async] round=265 R=267 dirty=       16 runs=        4 filter=  1.467ms semisort=  0.010ms
[pe-async] round=266 R=268 dirty=        8 runs=        4 filter=  1.434ms semisort=  0.009ms
[pe-async] round=267 R=269 dirty=       16 runs=        4 filter=  1.550ms semisort=  0.019ms
[pe-async] round=268 R=270 dirty=        8 runs=        4 filter=  1.471ms semisort=  0.010ms
[pe-async] round=269 R=271 dirty=       16 runs=        4 filter=  1.452ms semisort=  0.010ms
[pe-async] round=270 R=272 dirty=        8 runs=        4 filter=  1.477ms semisort=  0.021ms
[pe-async] round=271 R=273 dirty=       16 runs=        4 filter=  1.502ms semisort=  0.011ms
[pe-async] round=272 R=274 dirty=        8 runs=        4 filter=  1.482ms semisort=  0.010ms
[pe-async] round=273 R=275 dirty=       16 runs=        4 filter=  1.489ms semisort=  0.011ms
[pe-async] round=274 R=276 dirty=        8 runs=        4 filter=  1.484ms semisort=  0.010ms
[pe-async] round=275 R=277 dirty=       16 runs=        4 filter=  1.457ms semisort=  0.017ms
[pe-async] round=276 R=278 dirty=        8 runs=        4 filter=  1.453ms semisort=  0.009ms
[pe-async] round=277 R=279 dirty=       16 runs=        4 filter=  1.453ms semisort=  0.011ms
[pe-async] round=278 R=280 dirty=        8 runs=        4 filter=  1.461ms semisort=  0.010ms
[pe-async] round=279 R=281 dirty=       16 runs=        4 filter=  1.452ms semisort=  0.011ms
[pe-async] round=280 R=282 dirty=        8 runs=        4 filter=  1.458ms semisort=  0.010ms
[pe-async] round=281 R=283 dirty=       16 runs=        4 filter=  1.462ms semisort=  0.011ms
[pe-async] round=282 R=284 dirty=        8 runs=        4 filter=  1.455ms semisort=  0.010ms
[pe-async] round=283 R=285 dirty=       16 runs=        4 filter=  1.474ms semisort=  0.020ms
[pe-async] round=284 R=286 dirty=        8 runs=        4 filter=  1.453ms semisort=  0.021ms
[pe-async] round=285 R=287 dirty=       16 runs=        4 filter=  1.465ms semisort=  0.010ms
[pe-async] round=286 R=288 dirty=        8 runs=        4 filter=  1.457ms semisort=  0.009ms
[pe-async] round=287 R=289 dirty=       16 runs=        4 filter=  1.460ms semisort=  0.011ms
[pe-async] round=288 R=290 dirty=        8 runs=        4 filter=  1.458ms semisort=  0.009ms
[pe-async] round=289 R=291 dirty=       16 runs=        4 filter=  1.455ms semisort=  0.010ms
[pe-async] round=290 R=292 dirty=        8 runs=        4 filter=  1.499ms semisort=  0.019ms
[pe-async] round=291 R=293 dirty=       16 runs=        4 filter=  1.466ms semisort=  0.010ms
[pe-async] round=292 R=294 dirty=        8 runs=        4 filter=  1.483ms semisort=  0.013ms
[pe-async] round=293 R=295 dirty=       16 runs=        4 filter=  1.465ms semisort=  0.010ms
[pe-async] round=294 R=296 dirty=        8 runs=        4 filter=  1.461ms semisort=  0.010ms
[pe-async] round=295 R=297 dirty=       16 runs=        4 filter=  1.477ms semisort=  0.010ms
[pe-async] round=296 R=298 dirty=        8 runs=        4 filter=  1.461ms semisort=  0.020ms
[pe-async] round=297 R=299 dirty=       16 runs=        4 filter=  1.451ms semisort=  0.010ms
[pe-async] round=298 R=300 dirty=        8 runs=        4 filter=  1.487ms semisort=  0.009ms
[pe-async] round=299 R=301 dirty=       16 runs=        4 filter=  1.453ms semisort=  0.011ms
[pe-async] round=300 R=302 dirty=        8 runs=        4 filter=  1.466ms semisort=  0.009ms
[pe-async] round=301 R=303 dirty=       16 runs=        4 filter=  1.477ms semisort=  0.012ms
[pe-async] round=302 R=304 dirty=        8 runs=        4 filter=  1.477ms semisort=  0.009ms
[pe-async] round=303 R=305 dirty=       16 runs=        4 filter=  1.473ms semisort=  0.010ms
[pe-async] round=304 R=306 dirty=        8 runs=        4 filter=  1.467ms semisort=  0.010ms
[pe-async] round=305 R=307 dirty=       16 runs=        4 filter=  1.504ms semisort=  0.010ms
[pe-async] round=306 R=308 dirty=        8 runs=        4 filter=  1.514ms semisort=  0.010ms
[pe-async] round=307 R=309 dirty=       16 runs=        4 filter=  1.436ms semisort=  0.027ms
[pe-async] round=308 R=310 dirty=        8 runs=        4 filter=  1.460ms semisort=  0.009ms
[pe-async] round=309 R=311 dirty=       16 runs=        4 filter=  1.441ms semisort=  0.031ms
[pe-async] round=310 R=312 dirty=        8 runs=        4 filter=  1.479ms semisort=  0.010ms
[pe-async] round=311 R=313 dirty=       16 runs=        4 filter=  1.449ms semisort=  0.034ms
[pe-async] round=312 R=314 dirty=        8 runs=        4 filter=  1.450ms semisort=  0.010ms
[pe-async] round=313 R=315 dirty=       16 runs=        4 filter=  1.467ms semisort=  0.024ms
[pe-async] round=314 R=316 dirty=        8 runs=        4 filter=  1.454ms semisort=  0.010ms
[pe-async] round=315 R=317 dirty=       16 runs=        4 filter=  1.484ms semisort=  0.025ms
[pe-async] round=316 R=318 dirty=        8 runs=        4 filter=  1.471ms semisort=  0.010ms
[pe-async] round=317 R=319 dirty=       16 runs=        4 filter=  1.445ms semisort=  0.011ms
[pe-async] round=318 R=320 dirty=        8 runs=        8 filter=  1.505ms semisort=  0.009ms
[pe-async] round=319 R=321 dirty=        0 filter=  1.444ms (clean break)
[pe-async] round=  0 R=2 dirty=  6945599 runs=  4307022 filter=  1.985ms semisort= 12.370ms
[pe-async] round=  1 R=3 dirty=   148833 runs=    52977 filter=  2.350ms semisort=  0.691ms
[pe-async] round=  2 R=4 dirty=    72602 runs=    56743 filter=  1.934ms semisort=  2.303ms
[pe-async] round=  3 R=5 dirty=    27252 runs=    11300 filter=  1.893ms semisort=  0.840ms
[pe-async] round=  4 R=6 dirty=    14450 runs=     8901 filter=  1.740ms semisort=  0.546ms
[pe-async] round=  5 R=7 dirty=     9113 runs=     3766 filter=  1.671ms semisort=  0.371ms
[pe-async] round=  6 R=8 dirty=     9237 runs=     4258 filter=  1.646ms semisort=  0.356ms
[pe-async] round=  7 R=9 dirty=    10490 runs=     4436 filter=  1.613ms semisort=  0.412ms
[pe-async] round=  8 R=10 dirty=    13446 runs=     6161 filter=  1.601ms semisort=  0.517ms
[pe-async] round=  9 R=11 dirty=     7160 runs=     3428 filter=  1.592ms semisort=  0.339ms
[pe-async] round= 10 R=12 dirty=     9366 runs=     3506 filter=  1.583ms semisort=  0.377ms
[pe-async] round= 11 R=13 dirty=     6310 runs=     2517 filter=  1.566ms semisort=  0.282ms
[pe-async] round= 12 R=14 dirty=     5488 runs=     2161 filter=  1.550ms semisort=  0.277ms
[pe-async] round= 13 R=15 dirty=     3480 runs=     1679 filter=  1.555ms semisort=  0.196ms
[pe-async] round= 14 R=16 dirty=     2006 runs=      585 filter=  1.549ms semisort=  0.146ms
[pe-async] round= 15 R=17 dirty=     1404 runs=      383 filter=  1.574ms semisort=  0.126ms
[pe-async] round= 16 R=18 dirty=     1354 runs=      273 filter=  1.539ms semisort=  0.115ms
[pe-async] round= 17 R=19 dirty=     1112 runs=      391 filter=  1.576ms semisort=  0.105ms
[pe-async] round= 18 R=20 dirty=      490 runs=       67 filter=  1.534ms semisort=  0.066ms
[pe-async] round= 19 R=21 dirty=      396 runs=       51 filter=  1.526ms semisort=  0.053ms
[pe-async] round= 20 R=22 dirty=      362 runs=       59 filter=  1.524ms semisort=  0.069ms
[pe-async] round= 21 R=23 dirty=      444 runs=       75 filter=  1.534ms semisort=  0.081ms
[pe-async] round= 22 R=24 dirty=      346 runs=       67 filter=  1.525ms semisort=  0.058ms
[pe-async] round= 23 R=25 dirty=      396 runs=       51 filter=  1.537ms semisort=  0.089ms
[pe-async] round= 24 R=26 dirty=      362 runs=       59 filter=  1.523ms semisort=  0.074ms
[pe-async] round= 25 R=27 dirty=      444 runs=       77 filter=  1.509ms semisort=  0.065ms
[pe-async] round= 26 R=28 dirty=      338 runs=       65 filter=  1.487ms semisort=  0.087ms
[pe-async] round= 27 R=29 dirty=      392 runs=       61 filter=  1.559ms semisort=  0.093ms
[pe-async] round= 28 R=30 dirty=      322 runs=      181 filter=  1.496ms semisort=  0.047ms
[pe-async] round= 29 R=31 dirty=      160 runs=       67 filter=  1.537ms semisort=  0.047ms
[pe-async] round= 30 R=32 dirty=      166 runs=       57 filter=  1.545ms semisort=  0.037ms
[pe-async] round= 31 R=33 dirty=      100 runs=       37 filter=  1.492ms semisort=  0.054ms
[pe-async] round= 32 R=34 dirty=      178 runs=       46 filter=  1.529ms semisort=  0.044ms
[pe-async] round= 33 R=35 dirty=      140 runs=       66 filter=  1.485ms semisort=  0.039ms
[pe-async] round= 34 R=36 dirty=      134 runs=       46 filter=  1.492ms semisort=  0.035ms
[pe-async] round= 35 R=37 dirty=       80 runs=       33 filter=  1.520ms semisort=  0.051ms
[pe-async] round= 36 R=38 dirty=      126 runs=       35 filter=  1.496ms semisort=  0.039ms
[pe-async] round= 37 R=39 dirty=      116 runs=       51 filter=  1.566ms semisort=  0.043ms
[pe-async] round= 38 R=40 dirty=      110 runs=       43 filter=  1.532ms semisort=  0.033ms
[pe-async] round= 39 R=41 dirty=       68 runs=       27 filter=  1.485ms semisort=  0.043ms
[pe-async] round= 40 R=42 dirty=      126 runs=       35 filter=  1.472ms semisort=  0.048ms
[pe-async] round= 41 R=43 dirty=      116 runs=       51 filter=  1.508ms semisort=  0.038ms
[pe-async] round= 42 R=44 dirty=      110 runs=       43 filter=  1.492ms semisort=  0.038ms
[pe-async] round= 43 R=45 dirty=       68 runs=       27 filter=  1.491ms semisort=  0.060ms
[pe-async] round= 44 R=46 dirty=      126 runs=       35 filter=  1.493ms semisort=  0.037ms
[pe-async] round= 45 R=47 dirty=      116 runs=       51 filter=  1.563ms semisort=  0.058ms
[pe-async] round= 46 R=48 dirty=      110 runs=       43 filter=  1.480ms semisort=  0.034ms
[pe-async] round= 47 R=49 dirty=       68 runs=       27 filter=  1.560ms semisort=  0.055ms
[pe-async] round= 48 R=50 dirty=       46 runs=       15 filter=  1.472ms semisort=  0.033ms
[pe-async] round= 49 R=51 dirty=       44 runs=       23 filter=  1.533ms semisort=  0.020ms
[pe-async] round= 50 R=52 dirty=       14 runs=        7 filter=  1.502ms semisort=  0.018ms
[pe-async] round= 51 R=53 dirty=       28 runs=        7 filter=  1.481ms semisort=  0.012ms
[pe-async] round= 52 R=54 dirty=       14 runs=        7 filter=  1.472ms semisort=  0.027ms
[pe-async] round= 53 R=55 dirty=       28 runs=        7 filter=  1.513ms semisort=  0.013ms
[pe-async] round= 54 R=56 dirty=       14 runs=        7 filter=  1.514ms semisort=  0.011ms
[pe-async] round= 55 R=57 dirty=       28 runs=        7 filter=  1.479ms semisort=  0.014ms
[pe-async] round= 56 R=58 dirty=       14 runs=        7 filter=  1.468ms semisort=  0.011ms
[pe-async] round= 57 R=59 dirty=       28 runs=        7 filter=  1.474ms semisort=  0.013ms
[pe-async] round= 58 R=60 dirty=       14 runs=        7 filter=  1.523ms semisort=  0.012ms
[pe-async] round= 59 R=61 dirty=       28 runs=        7 filter=  1.529ms semisort=  0.013ms
[pe-async] round= 60 R=62 dirty=       14 runs=        7 filter=  1.490ms semisort=  0.011ms
[pe-async] round= 61 R=63 dirty=       28 runs=        7 filter=  1.488ms semisort=  0.014ms
[pe-async] round= 62 R=64 dirty=       14 runs=        7 filter=  1.535ms semisort=  0.012ms
[pe-async] round= 63 R=65 dirty=       28 runs=        7 filter=  1.480ms semisort=  0.014ms
[pe-async] round= 64 R=66 dirty=       14 runs=        7 filter=  1.503ms semisort=  0.029ms
[pe-async] round= 65 R=67 dirty=       28 runs=        7 filter=  1.481ms semisort=  0.013ms
[pe-async] round= 66 R=68 dirty=       14 runs=        7 filter=  1.450ms semisort=  0.012ms
[pe-async] round= 67 R=69 dirty=       28 runs=        7 filter=  1.471ms semisort=  0.013ms
[pe-async] round= 68 R=70 dirty=       14 runs=        7 filter=  1.449ms semisort=  0.011ms
[pe-async] round= 69 R=71 dirty=       28 runs=        7 filter=  1.462ms semisort=  0.013ms
[pe-async] round= 70 R=72 dirty=       14 runs=        7 filter=  1.497ms semisort=  0.011ms
[pe-async] round= 71 R=73 dirty=       28 runs=        7 filter=  1.496ms semisort=  0.014ms
[pe-async] round= 72 R=74 dirty=       14 runs=        7 filter=  1.464ms semisort=  0.012ms
[pe-async] round= 73 R=75 dirty=       28 runs=        7 filter=  1.469ms semisort=  0.013ms
[pe-async] round= 74 R=76 dirty=       14 runs=        7 filter=  1.493ms semisort=  0.012ms
[pe-async] round= 75 R=77 dirty=       28 runs=        7 filter=  1.463ms semisort=  0.013ms
[pe-async] round= 76 R=78 dirty=       14 runs=        7 filter=  1.470ms semisort=  0.011ms
[pe-async] round= 77 R=79 dirty=       28 runs=        7 filter=  1.474ms semisort=  0.013ms
[pe-async] round= 78 R=80 dirty=       14 runs=        7 filter=  1.505ms semisort=  0.012ms
[pe-async] round= 79 R=81 dirty=       28 runs=        7 filter=  1.471ms semisort=  0.034ms
[pe-async] round= 80 R=82 dirty=       14 runs=        7 filter=  1.493ms semisort=  0.031ms
[pe-async] round= 81 R=83 dirty=       28 runs=        7 filter=  1.454ms semisort=  0.012ms
[pe-async] round= 82 R=84 dirty=       14 runs=        7 filter=  1.496ms semisort=  0.011ms
[pe-async] round= 83 R=85 dirty=       28 runs=        7 filter=  1.498ms semisort=  0.012ms
[pe-async] round= 84 R=86 dirty=       14 runs=        7 filter=  1.448ms semisort=  0.011ms
[pe-async] round= 85 R=87 dirty=       28 runs=        7 filter=  1.473ms semisort=  0.012ms
[pe-async] round= 86 R=88 dirty=       14 runs=        7 filter=  1.500ms semisort=  0.011ms
[pe-async] round= 87 R=89 dirty=       28 runs=        7 filter=  1.490ms semisort=  0.014ms
[pe-async] round= 88 R=90 dirty=       14 runs=        7 filter=  1.468ms semisort=  0.032ms
[pe-async] round= 89 R=91 dirty=       28 runs=        7 filter=  1.449ms semisort=  0.014ms
[pe-async] round= 90 R=92 dirty=       14 runs=        7 filter=  1.465ms semisort=  0.012ms
[pe-async] round= 91 R=93 dirty=       28 runs=        7 filter=  1.472ms semisort=  0.014ms
[pe-async] round= 92 R=94 dirty=       14 runs=        7 filter=  1.456ms semisort=  0.012ms
[pe-async] round= 93 R=95 dirty=       28 runs=        7 filter=  1.460ms semisort=  0.014ms
[pe-async] round= 94 R=96 dirty=       14 runs=        7 filter=  1.449ms semisort=  0.011ms
[pe-async] round= 95 R=97 dirty=       28 runs=        7 filter=  1.481ms semisort=  0.026ms
[pe-async] round= 96 R=98 dirty=       14 runs=        7 filter=  1.460ms semisort=  0.011ms
[pe-async] round= 97 R=99 dirty=       28 runs=        7 filter=  1.478ms semisort=  0.013ms
[pe-async] round= 98 R=100 dirty=       14 runs=        7 filter=  1.448ms semisort=  0.011ms
[pe-async] round= 99 R=101 dirty=       28 runs=        7 filter=  1.449ms semisort=  0.014ms
[pe-async] round=100 R=102 dirty=       14 runs=        7 filter=  1.456ms semisort=  0.011ms
[pe-async] round=101 R=103 dirty=       28 runs=        7 filter=  1.455ms semisort=  0.026ms
[pe-async] round=102 R=104 dirty=       14 runs=        7 filter=  1.442ms semisort=  0.011ms
[pe-async] round=103 R=105 dirty=       28 runs=        7 filter=  1.490ms semisort=  0.035ms
[pe-async] round=104 R=106 dirty=       14 runs=        7 filter=  1.495ms semisort=  0.011ms
[pe-async] round=105 R=107 dirty=       28 runs=        7 filter=  1.481ms semisort=  0.012ms
[pe-async] round=106 R=108 dirty=       14 runs=        7 filter=  1.483ms semisort=  0.011ms
[pe-async] round=107 R=109 dirty=       28 runs=        7 filter=  1.473ms semisort=  0.014ms
[pe-async] round=108 R=110 dirty=       14 runs=        7 filter=  1.453ms semisort=  0.012ms
[pe-async] round=109 R=111 dirty=       28 runs=        7 filter=  1.487ms semisort=  0.013ms
[pe-async] round=110 R=112 dirty=       14 runs=        7 filter=  1.463ms semisort=  0.011ms
[pe-async] round=111 R=113 dirty=       28 runs=        7 filter=  1.439ms semisort=  0.013ms
[pe-async] round=112 R=114 dirty=       14 runs=        7 filter=  1.482ms semisort=  0.012ms
[pe-async] round=113 R=115 dirty=       28 runs=        7 filter=  1.461ms semisort=  0.017ms
[pe-async] round=114 R=116 dirty=       14 runs=        7 filter=  1.446ms semisort=  0.011ms
[pe-async] round=115 R=117 dirty=       28 runs=        7 filter=  1.485ms semisort=  0.013ms
[pe-async] round=116 R=118 dirty=       14 runs=        7 filter=  1.564ms semisort=  0.038ms
[pe-async] round=117 R=119 dirty=       28 runs=        7 filter=  1.455ms semisort=  0.013ms
[pe-async] round=118 R=120 dirty=       14 runs=        7 filter=  1.468ms semisort=  0.011ms
[pe-async] round=119 R=121 dirty=       28 runs=        7 filter=  1.458ms semisort=  0.021ms
[pe-async] round=120 R=122 dirty=       14 runs=        7 filter=  1.445ms semisort=  0.011ms
[pe-async] round=121 R=123 dirty=       28 runs=        7 filter=  1.457ms semisort=  0.013ms
[pe-async] round=122 R=124 dirty=       14 runs=        7 filter=  1.487ms semisort=  0.011ms
[pe-async] round=123 R=125 dirty=       28 runs=        7 filter=  1.484ms semisort=  0.014ms
[pe-async] round=124 R=126 dirty=       14 runs=        7 filter=  1.472ms semisort=  0.011ms
[pe-async] round=125 R=127 dirty=       28 runs=        7 filter=  1.475ms semisort=  0.013ms
[pe-async] round=126 R=128 dirty=       14 runs=        7 filter=  1.477ms semisort=  0.011ms
[pe-async] round=127 R=129 dirty=       28 runs=        7 filter=  1.440ms semisort=  0.014ms
[pe-async] round=128 R=130 dirty=       14 runs=        7 filter=  1.507ms semisort=  0.011ms
[pe-async] round=129 R=131 dirty=       28 runs=        7 filter=  1.440ms semisort=  0.013ms
[pe-async] round=130 R=132 dirty=       14 runs=        7 filter=  1.470ms semisort=  0.036ms
[pe-async] round=131 R=133 dirty=       28 runs=        7 filter=  1.433ms semisort=  0.012ms
[pe-async] round=132 R=134 dirty=       14 runs=        7 filter=  1.449ms semisort=  0.011ms
[pe-async] round=133 R=135 dirty=       28 runs=        7 filter=  1.463ms semisort=  0.013ms
[pe-async] round=134 R=136 dirty=       14 runs=        7 filter=  1.439ms semisort=  0.011ms
[pe-async] round=135 R=137 dirty=       28 runs=        7 filter=  1.479ms semisort=  0.014ms
[pe-async] round=136 R=138 dirty=       14 runs=        7 filter=  1.444ms semisort=  0.012ms
[pe-async] round=137 R=139 dirty=       28 runs=        7 filter=  1.464ms semisort=  0.014ms
[pe-async] round=138 R=140 dirty=       14 runs=        7 filter=  1.484ms semisort=  0.012ms
[pe-async] round=139 R=141 dirty=       28 runs=        7 filter=  1.467ms semisort=  0.015ms
[pe-async] round=140 R=142 dirty=       14 runs=        7 filter=  1.469ms semisort=  0.011ms
[pe-async] round=141 R=143 dirty=       28 runs=        7 filter=  1.460ms semisort=  0.015ms
[pe-async] round=142 R=144 dirty=       14 runs=        7 filter=  1.482ms semisort=  0.026ms
[pe-async] round=143 R=145 dirty=       28 runs=        7 filter=  1.468ms semisort=  0.014ms
[pe-async] round=144 R=146 dirty=       14 runs=        7 filter=  1.439ms semisort=  0.012ms
[pe-async] round=145 R=147 dirty=       28 runs=        7 filter=  1.475ms semisort=  0.014ms
[pe-async] round=146 R=148 dirty=       14 runs=        7 filter=  1.470ms semisort=  0.040ms
[pe-async] round=147 R=149 dirty=       28 runs=        7 filter=  1.439ms semisort=  0.013ms
[pe-async] round=148 R=150 dirty=       14 runs=        7 filter=  1.511ms semisort=  0.011ms
[pe-async] round=149 R=151 dirty=       28 runs=        7 filter=  1.515ms semisort=  0.047ms
[pe-async] round=150 R=152 dirty=       14 runs=        7 filter=  1.457ms semisort=  0.011ms
[pe-async] round=151 R=153 dirty=       28 runs=        7 filter=  1.442ms semisort=  0.029ms
[pe-async] round=152 R=154 dirty=       14 runs=        7 filter=  1.453ms semisort=  0.024ms
[pe-async] round=153 R=155 dirty=       28 runs=        7 filter=  1.459ms semisort=  0.013ms
[pe-async] round=154 R=156 dirty=       14 runs=        7 filter=  1.450ms semisort=  0.028ms
[pe-async] round=155 R=157 dirty=       28 runs=        7 filter=  1.449ms semisort=  0.012ms
[pe-async] round=156 R=158 dirty=       14 runs=        7 filter=  1.473ms semisort=  0.028ms
[pe-async] round=157 R=159 dirty=       28 runs=        7 filter=  1.481ms semisort=  0.013ms
[pe-async] round=158 R=160 dirty=       14 runs=        7 filter=  1.570ms semisort=  0.031ms
[pe-async] round=159 R=161 dirty=       28 runs=        7 filter=  1.431ms semisort=  0.013ms
[pe-async] round=160 R=162 dirty=       14 runs=        7 filter=  1.454ms semisort=  0.011ms
[pe-async] round=161 R=163 dirty=       28 runs=        7 filter=  1.433ms semisort=  0.013ms
[pe-async] round=162 R=164 dirty=       14 runs=        7 filter=  1.495ms semisort=  0.011ms
[pe-async] round=163 R=165 dirty=       28 runs=        7 filter=  1.483ms semisort=  0.014ms
[pe-async] round=164 R=166 dirty=       14 runs=        7 filter=  1.496ms semisort=  0.011ms
[pe-async] round=165 R=167 dirty=       28 runs=        7 filter=  1.489ms semisort=  0.026ms
[pe-async] round=166 R=168 dirty=       14 runs=        7 filter=  1.437ms semisort=  0.011ms
[pe-async] round=167 R=169 dirty=       28 runs=        7 filter=  1.469ms semisort=  0.039ms
[pe-async] round=168 R=170 dirty=       14 runs=        7 filter=  1.432ms semisort=  0.012ms
[pe-async] round=169 R=171 dirty=       28 runs=        7 filter=  1.449ms semisort=  0.014ms
[pe-async] round=170 R=172 dirty=       14 runs=        7 filter=  1.445ms semisort=  0.011ms
[pe-async] round=171 R=173 dirty=       28 runs=        7 filter=  1.439ms semisort=  0.024ms
[pe-async] round=172 R=174 dirty=       14 runs=        7 filter=  1.436ms semisort=  0.011ms
[pe-async] round=173 R=175 dirty=       28 runs=        7 filter=  1.585ms semisort=  0.013ms
[pe-async] round=174 R=176 dirty=       14 runs=        7 filter=  1.491ms semisort=  0.011ms
[pe-async] round=175 R=177 dirty=       28 runs=        7 filter=  1.448ms semisort=  0.013ms
[pe-async] round=176 R=178 dirty=       14 runs=        7 filter=  1.454ms semisort=  0.011ms
[pe-async] round=177 R=179 dirty=       28 runs=        7 filter=  1.472ms semisort=  0.014ms
[pe-async] round=178 R=180 dirty=       14 runs=        7 filter=  1.432ms semisort=  0.039ms
[pe-async] round=179 R=181 dirty=       28 runs=        7 filter=  1.471ms semisort=  0.013ms
[pe-async] round=180 R=182 dirty=       14 runs=        7 filter=  1.494ms semisort=  0.011ms
[pe-async] round=181 R=183 dirty=       28 runs=        7 filter=  1.449ms semisort=  0.036ms
[pe-async] round=182 R=184 dirty=       14 runs=        7 filter=  1.420ms semisort=  0.010ms
[pe-async] round=183 R=185 dirty=       28 runs=        7 filter=  1.449ms semisort=  0.013ms
[pe-async] round=184 R=186 dirty=       14 runs=        7 filter=  1.453ms semisort=  0.011ms
[pe-async] round=185 R=187 dirty=       28 runs=        7 filter=  1.459ms semisort=  0.013ms
[pe-async] round=186 R=188 dirty=       14 runs=        7 filter=  1.482ms semisort=  0.012ms
[pe-async] round=187 R=189 dirty=       28 runs=        7 filter=  1.441ms semisort=  0.013ms
[pe-async] round=188 R=190 dirty=       14 runs=        7 filter=  1.445ms semisort=  0.011ms
[pe-async] round=189 R=191 dirty=       28 runs=        7 filter=  1.443ms semisort=  0.013ms
[pe-async] round=190 R=192 dirty=       14 runs=        7 filter=  1.460ms semisort=  0.038ms
[pe-async] round=191 R=193 dirty=       28 runs=        7 filter=  1.479ms semisort=  0.013ms
[pe-async] round=192 R=194 dirty=       14 runs=        7 filter=  1.533ms semisort=  0.011ms
[pe-async] round=193 R=195 dirty=       28 runs=        7 filter=  1.436ms semisort=  0.014ms
[pe-async] round=194 R=196 dirty=       14 runs=        7 filter=  1.445ms semisort=  0.012ms
[pe-async] round=195 R=197 dirty=       28 runs=        7 filter=  1.461ms semisort=  0.014ms
[pe-async] round=196 R=198 dirty=       14 runs=        7 filter=  1.435ms semisort=  0.032ms
[pe-async] round=197 R=199 dirty=       28 runs=        7 filter=  1.447ms semisort=  0.014ms
[pe-async] round=198 R=200 dirty=       14 runs=        7 filter=  1.464ms semisort=  0.011ms
[pe-async] round=199 R=201 dirty=       28 runs=        7 filter=  1.464ms semisort=  0.018ms
[pe-async] round=200 R=202 dirty=       14 runs=        7 filter=  1.454ms semisort=  0.011ms
[pe-async] round=201 R=203 dirty=       28 runs=        7 filter=  1.456ms semisort=  0.013ms
[pe-async] round=202 R=204 dirty=       14 runs=        7 filter=  1.463ms semisort=  0.011ms
[pe-async] round=203 R=205 dirty=       28 runs=        7 filter=  1.457ms semisort=  0.016ms
[pe-async] round=204 R=206 dirty=       14 runs=        7 filter=  1.456ms semisort=  0.012ms
[pe-async] round=205 R=207 dirty=       28 runs=        7 filter=  1.437ms semisort=  0.027ms
[pe-async] round=206 R=208 dirty=       14 runs=        7 filter=  1.480ms semisort=  0.011ms
[pe-async] round=207 R=209 dirty=       28 runs=        7 filter=  1.456ms semisort=  0.014ms
[pe-async] round=208 R=210 dirty=       14 runs=        7 filter=  1.529ms semisort=  0.024ms
[pe-async] round=209 R=211 dirty=       34 runs=       13 filter=  1.453ms semisort=  0.016ms
[pe-async] round=210 R=212 dirty=       14 runs=       10 filter=  1.495ms semisort=  0.010ms
[pe-async] round=211 R=213 dirty=       16 runs=        4 filter=  1.437ms semisort=  0.010ms
[pe-async] round=212 R=214 dirty=        8 runs=        4 filter=  1.484ms semisort=  0.009ms
[pe-async] round=213 R=215 dirty=       16 runs=        4 filter=  1.464ms semisort=  0.011ms
[pe-async] round=214 R=216 dirty=        8 runs=        4 filter=  1.477ms semisort=  0.009ms
[pe-async] round=215 R=217 dirty=       16 runs=        4 filter=  1.458ms semisort=  0.010ms
[pe-async] round=216 R=218 dirty=        8 runs=        4 filter=  1.448ms semisort=  0.010ms
[pe-async] round=217 R=219 dirty=       16 runs=        4 filter=  1.425ms semisort=  0.010ms
[pe-async] round=218 R=220 dirty=        8 runs=        4 filter=  1.460ms semisort=  0.024ms
[pe-async] round=219 R=221 dirty=       16 runs=        4 filter=  1.477ms semisort=  0.011ms
[pe-async] round=220 R=222 dirty=        8 runs=        4 filter=  1.453ms semisort=  0.010ms
[pe-async] round=221 R=223 dirty=       16 runs=        4 filter=  1.483ms semisort=  0.010ms
[pe-async] round=222 R=224 dirty=        8 runs=        4 filter=  1.436ms semisort=  0.010ms
[pe-async] round=223 R=225 dirty=       16 runs=        4 filter=  1.476ms semisort=  0.010ms
[pe-async] round=224 R=226 dirty=        8 runs=        4 filter=  1.427ms semisort=  0.010ms
[pe-async] round=225 R=227 dirty=       16 runs=        4 filter=  1.470ms semisort=  0.011ms
[pe-async] round=226 R=228 dirty=        8 runs=        4 filter=  1.454ms semisort=  0.010ms
[pe-async] round=227 R=229 dirty=       16 runs=        4 filter=  1.457ms semisort=  0.013ms
[pe-async] round=228 R=230 dirty=        8 runs=        4 filter=  1.445ms semisort=  0.010ms
[pe-async] round=229 R=231 dirty=       16 runs=        4 filter=  1.474ms semisort=  0.010ms
[pe-async] round=230 R=232 dirty=        8 runs=        4 filter=  1.435ms semisort=  0.010ms
[pe-async] round=231 R=233 dirty=       16 runs=        4 filter=  1.453ms semisort=  0.010ms
[pe-async] round=232 R=234 dirty=        8 runs=        4 filter=  1.442ms semisort=  0.010ms
[pe-async] round=233 R=235 dirty=       16 runs=        4 filter=  1.492ms semisort=  0.010ms
[pe-async] round=234 R=236 dirty=        8 runs=        4 filter=  1.526ms semisort=  0.020ms
[pe-async] round=235 R=237 dirty=       16 runs=        4 filter=  1.523ms semisort=  0.010ms
[pe-async] round=236 R=238 dirty=        8 runs=        4 filter=  1.483ms semisort=  0.010ms
[pe-async] round=237 R=239 dirty=       16 runs=        4 filter=  1.449ms semisort=  0.010ms
[pe-async] round=238 R=240 dirty=        8 runs=        4 filter=  1.451ms semisort=  0.009ms
[pe-async] round=239 R=241 dirty=       16 runs=        4 filter=  1.463ms semisort=  0.010ms
[pe-async] round=240 R=242 dirty=        8 runs=        4 filter=  1.443ms semisort=  0.010ms
[pe-async] round=241 R=243 dirty=       16 runs=        4 filter=  1.475ms semisort=  0.010ms
[pe-async] round=242 R=244 dirty=        8 runs=        4 filter=  1.468ms semisort=  0.009ms
[pe-async] round=243 R=245 dirty=       16 runs=        4 filter=  1.456ms semisort=  0.014ms
[pe-async] round=244 R=246 dirty=        8 runs=        4 filter=  1.467ms semisort=  0.010ms
[pe-async] round=245 R=247 dirty=       16 runs=        4 filter=  1.421ms semisort=  0.011ms
[pe-async] round=246 R=248 dirty=        8 runs=        4 filter=  1.447ms semisort=  0.009ms
[pe-async] round=247 R=249 dirty=       16 runs=        4 filter=  1.462ms semisort=  0.010ms
[pe-async] round=248 R=250 dirty=        8 runs=        4 filter=  1.439ms semisort=  0.009ms
[pe-async] round=249 R=251 dirty=       16 runs=        4 filter=  1.438ms semisort=  0.010ms
[pe-async] round=250 R=252 dirty=        8 runs=        4 filter=  1.495ms semisort=  0.010ms
[pe-async] round=251 R=253 dirty=       16 runs=        4 filter=  1.457ms semisort=  0.010ms
[pe-async] round=252 R=254 dirty=        8 runs=        4 filter=  1.437ms semisort=  0.010ms
[pe-async] round=253 R=255 dirty=       16 runs=        4 filter=  1.438ms semisort=  0.010ms
[pe-async] round=254 R=256 dirty=        8 runs=        4 filter=  1.466ms semisort=  0.010ms
[pe-async] round=255 R=257 dirty=       16 runs=        4 filter=  1.448ms semisort=  0.010ms
[pe-async] round=256 R=258 dirty=        8 runs=        4 filter=  1.446ms semisort=  0.010ms
[pe-async] round=257 R=259 dirty=       16 runs=        4 filter=  1.454ms semisort=  0.011ms
[pe-async] round=258 R=260 dirty=        8 runs=        4 filter=  1.466ms semisort=  0.024ms
[pe-async] round=259 R=261 dirty=       16 runs=        4 filter=  1.462ms semisort=  0.010ms
[pe-async] round=260 R=262 dirty=        8 runs=        4 filter=  1.462ms semisort=  0.009ms
[pe-async] round=261 R=263 dirty=       16 runs=        4 filter=  1.431ms semisort=  0.011ms
[pe-async] round=262 R=264 dirty=        8 runs=        4 filter=  1.471ms semisort=  0.028ms
[pe-async] round=263 R=265 dirty=       16 runs=        4 filter=  1.463ms semisort=  0.010ms
[pe-async] round=264 R=266 dirty=        8 runs=        4 filter=  1.469ms semisort=  0.010ms
[pe-async] round=265 R=267 dirty=       16 runs=        4 filter=  1.500ms semisort=  0.010ms
[pe-async] round=266 R=268 dirty=        8 runs=        4 filter=  1.476ms semisort=  0.010ms
[pe-async] round=267 R=269 dirty=       16 runs=        4 filter=  1.468ms semisort=  0.011ms
[pe-async] round=268 R=270 dirty=        8 runs=        4 filter=  1.491ms semisort=  0.010ms
[pe-async] round=269 R=271 dirty=       16 runs=        4 filter=  1.433ms semisort=  0.010ms
[pe-async] round=270 R=272 dirty=        8 runs=        4 filter=  1.440ms semisort=  0.032ms
[pe-async] round=271 R=273 dirty=       16 runs=        4 filter=  1.472ms semisort=  0.010ms
[pe-async] round=272 R=274 dirty=        8 runs=        4 filter=  1.466ms semisort=  0.010ms
[pe-async] round=273 R=275 dirty=       16 runs=        4 filter=  1.450ms semisort=  0.010ms
[pe-async] round=274 R=276 dirty=        8 runs=        4 filter=  1.477ms semisort=  0.020ms
[pe-async] round=275 R=277 dirty=       16 runs=        4 filter=  1.488ms semisort=  0.011ms
[pe-async] round=276 R=278 dirty=        8 runs=        4 filter=  1.451ms semisort=  0.018ms
[pe-async] round=277 R=279 dirty=       16 runs=        4 filter=  1.452ms semisort=  0.011ms
[pe-async] round=278 R=280 dirty=        8 runs=        4 filter=  1.458ms semisort=  0.010ms
[pe-async] round=279 R=281 dirty=       16 runs=        4 filter=  1.454ms semisort=  0.011ms
[pe-async] round=280 R=282 dirty=        8 runs=        4 filter=  1.454ms semisort=  0.009ms
[pe-async] round=281 R=283 dirty=       16 runs=        4 filter=  1.444ms semisort=  0.012ms
[pe-async] round=282 R=284 dirty=        8 runs=        4 filter=  1.435ms semisort=  0.009ms
[pe-async] round=283 R=285 dirty=       16 runs=        4 filter=  1.474ms semisort=  0.011ms
[pe-async] round=284 R=286 dirty=        8 runs=        4 filter=  1.449ms semisort=  0.009ms
[pe-async] round=285 R=287 dirty=       16 runs=        4 filter=  1.434ms semisort=  0.010ms
[pe-async] round=286 R=288 dirty=        8 runs=        4 filter=  1.441ms semisort=  0.009ms
[pe-async] round=287 R=289 dirty=       16 runs=        4 filter=  1.447ms semisort=  0.011ms
[pe-async] round=288 R=290 dirty=        8 runs=        4 filter=  1.434ms semisort=  0.009ms
[pe-async] round=289 R=291 dirty=       16 runs=        4 filter=  1.473ms semisort=  0.010ms
[pe-async] round=290 R=292 dirty=        8 runs=        4 filter=  1.472ms semisort=  0.008ms
[pe-async] round=291 R=293 dirty=       16 runs=        4 filter=  1.473ms semisort=  0.020ms
[pe-async] round=292 R=294 dirty=        8 runs=        4 filter=  1.452ms semisort=  0.010ms
[pe-async] round=293 R=295 dirty=       16 runs=        4 filter=  1.446ms semisort=  0.013ms
[pe-async] round=294 R=296 dirty=        8 runs=        4 filter=  1.453ms semisort=  0.009ms
[pe-async] round=295 R=297 dirty=       16 runs=        4 filter=  1.412ms semisort=  0.020ms
[pe-async] round=296 R=298 dirty=        8 runs=        4 filter=  1.436ms semisort=  0.010ms
[pe-async] round=297 R=299 dirty=       16 runs=        4 filter=  1.495ms semisort=  0.010ms
[pe-async] round=298 R=300 dirty=        8 runs=        4 filter=  1.462ms semisort=  0.018ms
[pe-async] round=299 R=301 dirty=       16 runs=        4 filter=  1.461ms semisort=  0.011ms
[pe-async] round=300 R=302 dirty=        8 runs=        4 filter=  1.502ms semisort=  0.010ms
[pe-async] round=301 R=303 dirty=       16 runs=        4 filter=  1.456ms semisort=  0.011ms
[pe-async] round=302 R=304 dirty=        8 runs=        4 filter=  1.480ms semisort=  0.017ms
[pe-async] round=303 R=305 dirty=       16 runs=        4 filter=  1.505ms semisort=  0.011ms
[pe-async] round=304 R=306 dirty=        8 runs=        4 filter=  1.482ms semisort=  0.022ms
[pe-async] round=305 R=307 dirty=       16 runs=        4 filter=  1.545ms semisort=  0.011ms
[pe-async] round=306 R=308 dirty=        8 runs=        4 filter=  1.447ms semisort=  0.022ms
[pe-async] round=307 R=309 dirty=       16 runs=        4 filter=  1.501ms semisort=  0.009ms
[pe-async] round=308 R=310 dirty=        8 runs=        4 filter=  1.435ms semisort=  0.009ms
[pe-async] round=309 R=311 dirty=       16 runs=        4 filter=  1.445ms semisort=  0.011ms
[pe-async] round=310 R=312 dirty=        8 runs=        4 filter=  1.453ms semisort=  0.010ms
[pe-async] round=311 R=313 dirty=       16 runs=        4 filter=  1.440ms semisort=  0.010ms
[pe-async] round=312 R=314 dirty=        8 runs=        4 filter=  1.494ms semisort=  0.009ms
[pe-async] round=313 R=315 dirty=       16 runs=        4 filter=  1.432ms semisort=  0.010ms
[pe-async] round=314 R=316 dirty=        8 runs=        4 filter=  1.450ms semisort=  0.009ms
[pe-async] round=315 R=317 dirty=       16 runs=        4 filter=  1.532ms semisort=  0.010ms
[pe-async] round=316 R=318 dirty=        8 runs=        4 filter=  1.485ms semisort=  0.010ms
[pe-async] round=317 R=319 dirty=       16 runs=        4 filter=  1.430ms semisort=  0.010ms
[pe-async] round=318 R=320 dirty=        8 runs=        8 filter=  1.464ms semisort=  0.008ms
[pe-async] round=319 R=321 dirty=        0 filter=  1.457ms (clean break)
