[synthetic_bench] chain n=3000 d=2 classes=6002 merges=1 ...
[pe] round=  0 work=        2 frontier=        2 next=        1 consolidate=  0.017ms frontier=  0.004ms semisort=  0.030ms (keyed= 0.003ms group_by=  0.004ms per_group= 0.017ms)
[pe] round=  1 work=        1 frontier=        2 next=        1 consolidate=  0.002ms frontier=  0.000ms semisort=  0.002ms (keyed= 0.000ms group_by=  0.000ms per_group= 0.001ms)
[pe] round=  2 work=        1 frontier=        2 next=        1 consolidate=  0.001ms frontier=  0.000ms semisort=  0.002ms (keyed= 0.000ms group_by=  0.000ms per_group= 0.001ms)
[pe] round=  3 work=        1 frontier=        2 next=        1 consolidate=  0.001ms frontier=  0.000ms semisort=  0.002ms (keyed= 0.000ms group_by=  0.000ms per_group= 0.001ms)
[pe] round=  4 work=        1 frontier=        2 next=        1 consolidate=  0.001ms frontier=  0.000ms semisort=  0.002ms (keyed= 0.000ms group_by=  0.000ms per_group= 0.001ms)
[pe] round=  5 work=        1 frontier=        2 next=        1 consolidate=  0.001ms frontier=  0.000ms semisort=  0.002ms (keyed= 0.000ms group_by=  0.000ms per_group= 0.001ms)
[pe] round=  6 work=        1 frontier=        2 next=        1 consolidate=  0.001ms frontier=  0.000ms semisort=  0.002ms (keyed= 0.000ms group_by=  0.000ms per_group= 0.001ms)
[pe] round=  7 work=        1 frontier=        2 next=        1 consolidate=  0.001ms frontier=  0.000ms semisort=  0.002ms (keyed= 0.000ms group_by=  0.000ms per_group= 0.001ms)
[pe] round=  8 work=        1 frontier=        2 next=        1 consolidate=  0.001ms frontier=  0.000ms semisort=  0.002ms (keyed= 0.000ms group_by=  0.000ms per_group= 0.001ms)
[pe] round=  9 work=        1 frontier=        2 next=        1 consolidate=  0.001ms frontier=  0.000ms semisort=  0.002ms (keyed= 0.000ms group_by=  0.000ms per_group= 0.001ms)
[pe] round= 10 work=        1 frontier=        2 next=        1 consolidate=  0.001ms frontier=  0.000ms semisort=  0.002ms (keyed= 0.000ms group_by=  0.000ms per_group= 0.001ms)
[pe] round= 11 work=        1 frontier=        2 next=        1 consolidate=  0.001ms frontier=  0.000ms semisort=  0.002ms (keyed= 0.000ms group_by=  0.000ms per_group= 0.001ms)
[pe] round= 12 work=        1 frontier=        2 next=        1 consolidate=  0.001ms frontier=  0.000ms semisort=  0.002ms (keyed= 0.000ms group_by=  0.000ms per_group= 0.001ms)
[pe] round= 13 work=        1 frontier=        2 next=        1 consolidate=  0.001ms frontier=  0.000ms semisort=  0.002ms (keyed= 0.000ms group_by=  0.000ms per_group= 0.001ms)
[pe] round= 14 work=        1 frontier=        2 next=        1 consolidate=  0.001ms frontier=  0.000ms semisort=  0.002ms (keyed= 0.000ms group_by=  0.000ms per_group= 0.001ms)
[pe] round= 15 work=        1 frontier=        2 next=        1 consolidate=  0.001ms frontier=  0.000ms semisort=  0.002ms (keyed= 0.000ms group_by=  0.000ms per_group= 0.001ms)
[pe] round= 16 work=        1 frontier=        2 next=        1 consolidate=  0.001ms frontier=  0.000ms semisort=  0.002ms (keyed= 0.000ms group_by=  0.000ms per_group= 0.001ms)
[pe] round= 17 work=        1 frontier=        2 next=        1 consolidate=  0.001ms frontier=  0.000ms semisort=  0.002ms (keyed= 0.000ms group_by=  0.000ms per_group= 0.001ms)
[pe] round= 18 work=        1 frontier=        2 next=        1 consolidate=  0.001ms frontier=  0.000ms semisort=  0.002ms (keyed= 0.000ms group_by=  0.000ms per_group= 0.001ms)
[pe] round= 19 work=        1 frontier=        2 next=        1 consolidate=  0.001ms frontier=  0.000ms semisort=  0.002ms (keyed= 0.000ms group_by=  0.000ms per_group= 0.001ms)
[pe] round= 20 work=        1 frontier=        2 next=        1 consolidate=  0.001ms frontier=  0.000ms semisort=  0.002ms (keyed= 0.000ms group_by=  0.000ms per_group= 0.001ms)
[pe] round= 21 work=        1 frontier=        2 next=        1 consolidate=  0.001ms frontier=  0.000ms semisort=  0.002ms (keyed= 0.000ms group_by=  0.000ms per_group= 0.001ms)
[pe] round= 22 work=        1 frontier=        2 next=        1 consolidate=  0.001ms frontier=  0.000ms semisort=  0.002ms (keyed= 0.000ms group_by=  0.000ms per_group= 0.001ms)
[pe] round= 23 work=        1 frontier=        2 next=        1 consolidate=  0.001ms frontier=  0.000ms semisort=  0.002ms (keyed= 0.000ms group_by=  0.000ms per_group= 0.001ms)
[pe] round= 24 work=        1 frontier=        2 next=        1 consolidate=  0.001ms frontier=  0.000ms semisort=  0.002ms (keyed= 0.000ms group_by=  0.000ms per_group= 0.001ms)
[pe] round= 25 work=        1 frontier=        2 next=        1 consolidate=  0.001ms frontier=  0.000ms semisort=  0.002ms (keyed= 0.000ms group_by=  0.000ms per_group= 0.001ms)
[pe] round= 26 work=        1 frontier=        2 next=        1 consolidate=  0.001ms frontier=  0.000ms semisort=  0.002ms (keyed= 0.000ms group_by=  0.000ms per_group= 0.001ms)
[pe] round= 27 work=        1 frontier=        2 next=        1 consolidate=  0.001ms frontier=  0.000ms semisort=  0.002ms (keyed= 0.000ms group_by=  0.000ms per_group= 0.001ms)
[pe] round= 28 work=        1 frontier=        2 next=        1 consolidate=  0.001ms frontier=  0.000ms semisort=  0.002ms (keyed= 0.000ms group_by=  0.000ms per_group= 0.001ms)
[pe] round= 29 work=        1 frontier=        2 next=        1 consolidate=  0.001ms frontier=  0.000ms semisort=  0.002ms (keyed= 0.000ms group_by=  0.000ms per_group= 0.001ms)
[pe] round= 30 work=        1 frontier=        2 next=        1 consolidate=  0.001ms frontier=  0.000ms semisort=  0.002ms (keyed= 0.000ms group_by=  0.000ms per_group= 0.001ms)
[pe] round= 31 work=        1 frontier=        2 next=        1 consolidate=  0.001ms frontier=  0.000ms semisort=  0.002ms (keyed= 0.000ms group_by=  0.000ms per_group= 0.001ms)
[pe] round= 32 work=        1 frontier=        2 next=        1 consolidate=  0.001ms frontier=  0.000ms semisort=  0.002ms (keyed= 0.000ms group_by=  0.000ms per_group= 0.001ms)
[pe] round= 33 work=        1 frontier=        2 next=        1 consolidate=  0.001ms frontier=  0.000ms semisort=  0.002ms (keyed= 0.000ms group_by=  0.000ms per_group= 0.001ms)
[pe] round= 34 work=        1 frontier=        2 next=        1 consolidate=  0.001ms frontier=  0.000ms semisort=  0.002ms (keyed= 0.000ms group_by=  0.000ms per_group= 0.001ms)
[pe] round= 35 work=        1 frontier=        2 next=        1 consolidate=  0.001ms frontier=  0.000ms semisort=  0.002ms (keyed= 0.000ms group_by=  0.000ms per_group= 0.001ms)
[pe] round= 36 work=        1 frontier=        2 next=        1 consolidate=  0.001ms frontier=  0.000ms semisort=  0.002ms (keyed= 0.000ms group_by=  0.000ms per_group= 0.001ms)
[pe] round= 37 work=        1 frontier=        2 next=        1 consolidate=  0.001ms frontier=  0.000ms semisort=  0.002ms (keyed= 0.000ms group_by=  0.000ms per_group= 0.001ms)
[pe] round= 38 work=        1 frontier=        2 next=        1 consolidate=  0.001ms frontier=  0.000ms semisort=  0.002ms (keyed= 0.000ms group_by=  0.000ms per_group= 0.001ms)
[pe] round= 39 work=        1 frontier=        2 next=        1 consolidate=  0.001ms frontier=  0.000ms semisort=  0.002ms (keyed= 0.000ms group_by=  0.000ms per_group= 0.001ms)
[pe] round= 40 work=        1 frontier=        2 next=        1 consolidate=  0.001ms frontier=  0.000ms semisort=  0.002ms (keyed= 0.000ms group_by=  0.000ms per_group= 0.001ms)
[pe] round= 41 work=        1 frontier=        2 next=        1 consolidate=  0.001ms frontier=  0.000ms semisort=  0.002ms (keyed= 0.000ms group_by=  0.000ms per_group= 0.001ms)
[pe] round= 42 work=        1 frontier=        2 next=        1 consolidate=  0.001ms frontier=  0.000ms semisort=  0.002ms (keyed= 0.000ms group_by=  0.000ms per_group= 0.001ms)
[pe] round= 43 work=        1 frontier=        2 next=        1 consolidate=  0.001ms frontier=  0.000ms semisort=  0.002ms (keyed= 0.000ms group_by=  0.000ms per_group= 0.001ms)
[pe] round= 44 work=        1 frontier=        2 next=        1 consolidate=  0.001ms frontier=  0.000ms semisort=  0.002ms (keyed= 0.000ms group_by=  0.000ms per_group= 0.001ms)
[pe] round= 45 work=        1 frontier=        2 next=        1 consolidate=  0.001ms frontier=  0.000ms semisort=  0.002ms (keyed= 0.000ms group_by=  0.000ms per_group= 0.001ms)
[pe] round= 46 work=        1 frontier=        2 next=        1 consolidate=  0.001ms frontier=  0.000ms semisort=  0.002ms (keyed= 0.000ms group_by=  0.000ms per_group= 0.001ms)
[pe] round= 47 work=        1 frontier=        2 next=        1 consolidate=  0.002ms frontier=  0.000ms semisort=  0.002ms (keyed= 0.000ms group_by=  0.000ms per_group= 0.001ms)
[pe] round= 48 work=        1 frontier=        2 next=        1 consolidate=  0.002ms frontier=  0.000ms semisort=  0.002ms (keyed= 0.000ms group_by=  0.000ms per_group= 0.001ms)
[pe] round= 49 work=        1 frontier=        2 next=        1 consolidate=  0.001ms frontier=  0.000ms semisort=  0.002ms (keyed= 0.000ms group_by=  0.000ms per_group= 0.001ms)
[pe] round= 50 work=        1 frontier=        2 next=        1 consolidate=  0.001ms frontier=  0.000ms semisort=  0.002ms (keyed= 0.000ms group_by=  0.000ms per_group= 0.001ms)
[pe] round= 51 work=        1 frontier=        2 next=        1 consolidate=  0.001ms frontier=  0.000ms semisort=  0.002ms (keyed= 0.000ms group_by=  0.000ms per_group= 0.001ms)
[pe] round= 52 work=        1 frontier=        2 next=        1 consolidate=  0.001ms frontier=  0.000ms semisort=  0.002ms (keyed= 0.000ms group_by=  0.000ms per_group= 0.001ms)
[pe] round= 53 work=        1 frontier=        2 next=        1 consolidate=  0.001ms frontier=  0.000ms semisort=  0.002ms (keyed= 0.000ms group_by=  0.000ms per_group= 0.001ms)
[pe] round= 54 work=        1 frontier=        2 next=        1 consolidate=  0.001ms frontier=  0.000ms semisort=  0.002ms (keyed= 0.000ms group_by=  0.000ms per_group= 0.001ms)
[pe] round= 55 work=        1 frontier=        2 next=        1 consolidate=  0.001ms frontier=  0.000ms semisort=  0.002ms (keyed= 0.000ms group_by=  0.000ms per_group= 0.001ms)
[pe] round= 56 work=        1 frontier=        2 next=        1 consolidate=  0.001ms frontier=  0.000ms semisort=  0.002ms (keyed= 0.000ms group_by=  0.000ms per_group= 0.001ms)
[pe] round= 57 work=        1 frontier=        2 next=        1 consolidate=  0.001ms frontier=  0.000ms semisort=  0.002ms (keyed= 0.000ms group_by=  0.000ms per_group= 0.001ms)
[pe] round= 58 work=        1 frontier=        2 next=        1 consolidate=  0.001ms frontier=  0.000ms semisort=  0.002ms (keyed= 0.000ms group_by=  0.000ms per_group= 0.001ms)
[pe] round= 59 work=        1 frontier=        2 next=        1 consolidate=  0.001ms frontier=  0.000ms semisort=  0.002ms (keyed= 0.000ms group_by=  0.000ms per_group= 0.001ms)
[pe] round= 60 work=        1 frontier=        2 next=        1 consolidate=  0.001ms frontier=  0.000ms semisort=  0.002ms (keyed= 0.000ms group_by=  0.000ms per_group= 0.001ms)
[pe] round= 61 work=        1 frontier=        2 next=        1 consolidate=  0.001ms frontier=  0.000ms semisort=  0.002ms (keyed= 0.000ms group_by=  0.000ms per_group= 0.001ms)
[pe] round= 62 work=        1 frontier=        2 next=        1 consolidate=  0.001ms frontier=  0.000ms semisort=  0.002ms (keyed= 0.000ms group_by=  0.000ms per_group= 0.001ms)
[pe] round= 63 work=        1 frontier=        2 next=        1 consolidate=  0.001ms frontier=  0.000ms semisort=  0.002ms (keyed= 0.000ms group_by=  0.000ms per_group= 0.001ms)
[pe] round= 64 work=        1 frontier=        2 next=        1 consolidate=  0.001ms frontier=  0.000ms semisort=  0.002ms (keyed= 0.000ms group_by=  0.000ms per_group= 0.001ms)
[pe] round= 65 work=        1 frontier=        2 next=        1 consolidate=  0.001ms frontier=  0.000ms semisort=  0.002ms (keyed= 0.000ms group_by=  0.000ms per_group= 0.001ms)
[pe] round= 66 work=        1 frontier=        2 next=        1 consolidate=  0.001ms frontier=  0.000ms semisort=  0.002ms (keyed= 0.000ms group_by=  0.000ms per_group= 0.001ms)
[pe] round= 67 work=        1 frontier=        2 next=        1 consolidate=  0.001ms frontier=  0.000ms semisort=  0.002ms (keyed= 0.000ms group_by=  0.000ms per_group= 0.001ms)
[pe] round= 68 work=        1 frontier=        2 next=        1 consolidate=  0.001ms frontier=  0.000ms semisort=  0.002ms (keyed= 0.000ms group_by=  0.000ms per_group= 0.001ms)
[pe] round= 69 work=        1 frontier=        2 next=        1 consolidate=  0.001ms frontier=  0.000ms semisort=  0.002ms (keyed= 0.000ms group_by=  0.000ms per_group= 0.001ms)
[pe] round= 70 work=        1 frontier=        2 next=        1 consolidate=  0.001ms frontier=  0.000ms semisort=  0.002ms (keyed= 0.000ms group_by=  0.000ms per_group= 0.001ms)
[pe] round= 71 work=        1 frontier=        2 next=        1 consolidate=  0.001ms frontier=  0.000ms semisort=  0.002ms (keyed= 0.000ms group_by=  0.000ms per_group= 0.001ms)
[pe] round= 72 work=        1 frontier=        2 next=        1 consolidate=  0.001ms frontier=  0.000ms semisort=  0.002ms (keyed= 0.000ms group_by=  0.000ms per_group= 0.001ms)
[pe] round= 73 work=        1 frontier=        2 next=        1 consolidate=  0.001ms frontier=  0.000ms semisort=  0.002ms (keyed= 0.000ms group_by=  0.000ms per_group= 0.001ms)
[pe] round= 74 work=        1 frontier=        2 next=        1 consolidate=  0.001ms frontier=  0.000ms semisort=  0.002ms (keyed= 0.000ms group_by=  0.000ms per_group= 0.001ms)
[pe] round= 75 work=        1 frontier=        2 next=        1 consolidate=  0.001ms frontier=  0.000ms semisort=  0.002ms (keyed= 0.000ms group_by=  0.000ms per_group= 0.001ms)
[pe] round= 76 work=        1 frontier=        2 next=        1 consolidate=  0.001ms frontier=  0.000ms semisort=  0.002ms (keyed= 0.000ms group_by=  0.000ms per_group= 0.001ms)
[pe] round= 77 work=        1 frontier=        2 next=        1 consolidate=  0.001ms frontier=  0.000ms semisort=  0.002ms (keyed= 0.000ms group_by=  0.000ms per_group= 0.001ms)
[pe] round= 78 work=        1 frontier=        2 next=        1 consolidate=  0.001ms frontier=  0.000ms semisort=  0.002ms (keyed= 0.000ms group_by=  0.000ms per_group= 0.001ms)
[pe] round= 79 work=        1 frontier=        2 next=        1 consolidate=  0.008ms frontier=  0.000ms semisort=  0.002ms (keyed= 0.000ms group_by=  0.000ms per_group= 0.001ms)
[pe] round= 80 work=        1 frontier=        2 next=        1 consolidate=  0.001ms frontier=  0.000ms semisort=  0.002ms (keyed= 0.000ms group_by=  0.000ms per_group= 0.001ms)
[pe] round= 81 work=        1 frontier=        2 next=        1 consolidate=  0.001ms frontier=  0.000ms semisort=  0.002ms (keyed= 0.000ms group_by=  0.000ms per_group= 0.001ms)
[pe] round= 82 work=        1 frontier=        2 next=        1 consolidate=  0.001ms frontier=  0.000ms semisort=  0.002ms (keyed= 0.000ms group_by=  0.000ms per_group= 0.001ms)
[pe] round= 83 work=        1 frontier=        2 next=        1 consolidate=  0.001ms frontier=  0.000ms semisort=  0.002ms (keyed= 0.000ms group_by=  0.000ms per_group= 0.001ms)
[pe] round= 84 work=        1 frontier=        2 next=        1 consolidate=  0.001ms frontier=  0.000ms semisort=  0.002ms (keyed= 0.000ms group_by=  0.000ms per_group= 0.001ms)
[pe] round= 85 work=        1 frontier=        2 next=        1 consolidate=  0.001ms frontier=  0.000ms semisort=  0.002ms (keyed= 0.000ms group_by=  0.000ms per_group= 0.001ms)
[pe] round= 86 work=        1 frontier=        2 next=        1 consolidate=  0.001ms frontier=  0.000ms semisort=  0.002ms (keyed= 0.000ms group_by=  0.000ms per_group= 0.001ms)
[pe] round= 87 work=        1 frontier=        2 next=        1 consolidate=  0.001ms frontier=  0.000ms semisort=  0.002ms (keyed= 0.000ms group_by=  0.000ms per_group= 0.001ms)
[pe] round= 88 work=        1 frontier=        2 next=        1 consolidate=  0.001ms frontier=  0.000ms semisort=  0.002ms (keyed= 0.000ms group_by=  0.000ms per_group= 0.001ms)
[pe] round= 89 work=        1 frontier=        2 next=        1 consolidate=  0.001ms frontier=  0.000ms semisort=  0.002ms (keyed= 0.000ms group_by=  0.000ms per_group= 0.001ms)
[pe] round= 90 work=        1 frontier=        2 next=        1 consolidate=  0.001ms frontier=  0.000ms semisort=  0.002ms (keyed= 0.000ms group_by=  0.000ms per_group= 0.001ms)
[pe] round= 91 work=        1 frontier=        2 next=        1 consolidate=  0.001ms frontier=  0.000ms semisort=  0.002ms (keyed= 0.000ms group_by=  0.000ms per_group= 0.001ms)
[pe] round= 92 work=        1 frontier=        2 next=        1 consolidate=  0.001ms frontier=  0.000ms semisort=  0.002ms (keyed= 0.000ms group_by=  0.000ms per_group= 0.001ms)
[pe] round= 93 work=        1 frontier=        2 next=        1 consolidate=  0.001ms frontier=  0.000ms semisort=  0.002ms (keyed= 0.000ms group_by=  0.000ms per_group= 0.001ms)
[pe] round= 94 work=        1 frontier=        2 next=        1 consolidate=  0.001ms frontier=  0.000ms semisort=  0.002ms (keyed= 0.000ms group_by=  0.000ms per_group= 0.001ms)
[pe] round= 95 work=        1 frontier=        2 next=        1 consolidate=  0.001ms frontier=  0.000ms semisort=  0.002ms (keyed= 0.000ms group_by=  0.000ms per_group= 0.001ms)
[pe] round= 96 work=        1 frontier=        2 next=        1 consolidate=  0.001ms frontier=  0.000ms semisort=  0.002ms (keyed= 0.000ms group_by=  0.000ms per_group= 0.001ms)
[pe] round= 97 work=        1 frontier=        2 next=        1 consolidate=  0.002ms frontier=  0.000ms semisort=  0.003ms (keyed= 0.000ms group_by=  0.000ms per_group= 0.001ms)
[pe] round= 98 work=        1 frontier=        2 next=        1 consolidate=  0.001ms frontier=  0.000ms semisort=  0.002ms (keyed= 0.000ms group_by=  0.000ms per_group= 0.001ms)
[pe] round= 99 work=        1 frontier=        2 next=        1 consolidate=  0.001ms frontier=  0.000ms semisort=  0.002ms (keyed= 0.000ms group_by=  0.000ms per_group= 0.001ms)
[pe] round=100 work=        1 frontier=        2 next=        1 consolidate=  0.001ms frontier=  0.000ms semisort=  0.002ms (keyed= 0.000ms group_by=  0.000ms per_group= 0.001ms)
[pe] round=101 work=        1 frontier=        2 next=        1 consolidate=  0.001ms frontier=  0.000ms semisort=  0.002ms (keyed= 0.000ms group_by=  0.000ms per_group= 0.001ms)
[pe] round=102 work=        1 frontier=        2 next=        1 consolidate=  0.001ms frontier=  0.000ms semisort=  0.002ms (keyed= 0.000ms group_by=  0.000ms per_group= 0.001ms)
[pe] round=103 work=        1 frontier=        2 next=        1 consolidate=  0.001ms frontier=  0.000ms semisort=  0.002ms (keyed= 0.000ms group_by=  0.000ms per_group= 0.001ms)
[pe] round=104 work=        1 frontier=        2 next=        1 consolidate=  0.001ms frontier=  0.000ms semisort=  0.002ms (keyed= 0.000ms group_by=  0.000ms per_group= 0.001ms)
[pe] round=105 work=        1 frontier=        2 next=        1 consolidate=  0.001ms frontier=  0.000ms semisort=  0.002ms (keyed= 0.000ms group_by=  0.000ms per_group= 0.001ms)
[pe] round=106 work=        1 frontier=        2 next=        1 consolidate=  0.001ms frontier=  0.000ms semisort=  0.002ms (keyed= 0.000ms group_by=  0.000ms per_group= 0.001ms)
[pe] round=107 work=        1 frontier=        2 next=        1 consolidate=  0.001ms frontier=  0.000ms semisort=  0.002ms (keyed= 0.000ms group_by=  0.000ms per_group= 0.001ms)
[pe] round=108 work=        1 frontier=        2 next=        1 consolidate=  0.001ms frontier=  0.000ms semisort=  0.002ms (keyed= 0.000ms group_by=  0.000ms per_group= 0.001ms)
[pe] round=109 work=        1 frontier=        2 next=        1 consolidate=  0.001ms frontier=  0.000ms semisort=  0.002ms (keyed= 0.000ms group_by=  0.000ms per_group= 0.001ms)
[pe] round=110 work=        1 frontier=        2 next=        1 consolidate=  0.001ms frontier=  0.000ms semisort=  0.002ms (keyed= 0.000ms group_by=  0.000ms per_group= 0.001ms)
[pe] round=111 work=        1 frontier=        2 next=        1 consolidate=  0.001ms frontier=  0.000ms semisort=  0.002ms (keyed= 0.000ms group_by=  0.000ms per_group= 0.001ms)
[pe] round=112 work=        1 frontier=        2 next=        1 consolidate=  0.001ms frontier=  0.000ms semisort=  0.002ms (keyed= 0.000ms group_by=  0.000ms per_group= 0.001ms)
[pe] round=113 work=        1 frontier=        2 next=        1 consolidate=  0.001ms frontier=  0.000ms semisort=  0.002ms (keyed= 0.000ms group_by=  0.000ms per_group= 0.001ms)
[pe] round=114 work=        1 frontier=        2 next=        1 consolidate=  0.001ms frontier=  0.000ms semisort=  0.002ms (keyed= 0.000ms group_by=  0.000ms per_group= 0.001ms)
[pe] round=115 work=        1 frontier=        2 next=        1 consolidate=  0.001ms frontier=  0.000ms semisort=  0.002ms (keyed= 0.000ms group_by=  0.000ms per_group= 0.001ms)
[pe] round=116 work=        1 frontier=        2 next=        1 consolidate=  0.001ms frontier=  0.000ms semisort=  0.002ms (keyed= 0.000ms group_by=  0.000ms per_group= 0.001ms)
[pe] round=117 work=        1 frontier=        2 next=        1 consolidate=  0.001ms frontier=  0.000ms semisort=  0.002ms (keyed= 0.000ms group_by=  0.000ms per_group= 0.001ms)
[pe] round=118 work=        1 frontier=        2 next=        1 consolidate=  0.001ms frontier=  0.000ms semisort=  0.002ms (keyed= 0.000ms group_by=  0.000ms per_group= 0.001ms)
[pe] round=119 work=        1 frontier=        2 next=        1 consolidate=  0.001ms frontier=  0.000ms semisort=  0.002ms (keyed= 0.000ms group_by=  0.000ms per_group= 0.001ms)
[pe] round=120 work=        1 frontier=        2 next=        1 consolidate=  0.001ms frontier=  0.000ms semisort=  0.002ms (keyed= 0.000ms group_by=  0.000ms per_group= 0.001ms)
[pe] round=121 work=        1 frontier=        2 next=        1 consolidate=  0.001ms frontier=  0.000ms semisort=  0.002ms (keyed= 0.000ms group_by=  0.000ms per_group= 0.001ms)
[pe] round=122 work=        1 frontier=        2 next=        1 consolidate=  0.001ms frontier=  0.000ms semisort=  0.002ms (keyed= 0.000ms group_by=  0.000ms per_group= 0.001ms)
[pe] round=123 work=        1 frontier=        2 next=        1 consolidate=  0.001ms frontier=  0.000ms semisort=  0.002ms (keyed= 0.000ms group_by=  0.000ms per_group= 0.001ms)
[pe] round=124 work=        1 frontier=        2 next=        1 consolidate=  0.001ms frontier=  0.000ms semisort=  0.002ms (keyed= 0.000ms group_by=  0.000ms per_group= 0.001ms)
[pe] round=125 work=        1 frontier=        2 next=        1 consolidate=  0.001ms frontier=  0.000ms semisort=  0.002ms (keyed= 0.000ms group_by=  0.000ms per_group= 0.001ms)
[pe] round=126 work=        1 frontier=        2 next=        1 consolidate=  0.001ms frontier=  0.000ms semisort=  0.002ms (keyed= 0.000ms group_by=  0.000ms per_group= 0.001ms)
[pe] round=127 work=        1 frontier=        2 next=        1 consolidate=  0.001ms frontier=  0.000ms semisort=  0.002ms (keyed= 0.000ms group_by=  0.000ms per_group= 0.001ms)
[pe] round=128 work=        1 frontier=        2 next=        1 consolidate=  0.001ms frontier=  0.000ms semisort=  0.002ms (keyed= 0.000ms group_by=  0.000ms per_group= 0.001ms)
[pe] round=129 work=        1 frontier=        2 next=        1 consolidate=  0.001ms frontier=  0.000ms semisort=  0.002ms (keyed= 0.000ms group_by=  0.000ms per_group= 0.001ms)
[pe] round=130 work=        1 frontier=        2 next=        1 consolidate=  0.001ms frontier=  0.000ms semisort=  0.002ms (keyed= 0.000ms group_by=  0.000ms per_group= 0.001ms)
[pe] round=131 work=        1 frontier=        2 next=        1 consolidate=  0.001ms frontier=  0.000ms semisort=  0.002ms (keyed= 0.000ms group_by=  0.000ms per_group= 0.001ms)
[pe] round=132 work=        1 frontier=        2 next=        1 consolidate=  0.001ms frontier=  0.000ms semisort=  0.002ms (keyed= 0.000ms group_by=  0.000ms per_group= 0.001ms)
[pe] round=133 work=        1 frontier=        2 next=        1 consolidate=  0.001ms frontier=  0.000ms semisort=  0.002ms (keyed= 0.000ms group_by=  0.000ms per_group= 0.001ms)
[pe] round=134 work=        1 frontier=        2 next=        1 consolidate=  0.001ms frontier=  0.000ms semisort=  0.002ms (keyed= 0.000ms group_by=  0.000ms per_group= 0.001ms)
[pe] round=135 work=        1 frontier=        2 next=        1 consolidate=  0.001ms frontier=  0.000ms semisort=  0.002ms (keyed= 0.000ms group_by=  0.000ms per_group= 0.001ms)
[pe] round=136 work=        1 frontier=        2 next=        1 consolidate=  0.001ms frontier=  0.000ms semisort=  0.002ms (keyed= 0.000ms group_by=  0.000ms per_group= 0.001ms)
[pe] round=137 work=        1 frontier=        2 next=        1 consolidate=  0.001ms frontier=  0.000ms semisort=  0.002ms (keyed= 0.000ms group_by=  0.000ms per_group= 0.001ms)
[pe] round=138 work=        1 frontier=        2 next=        1 consolidate=  0.001ms frontier=  0.000ms semisort=  0.002ms (keyed= 0.000ms group_by=  0.000ms per_group= 0.001ms)
[pe] round=139 work=        1 frontier=        2 next=        1 consolidate=  0.001ms frontier=  0.000ms semisort=  0.002ms (keyed= 0.000ms group_by=  0.000ms per_group= 0.001ms)
[pe] round=140 work=        1 frontier=        2 next=        1 consolidate=  0.001ms frontier=  0.000ms semisort=  0.002ms (keyed= 0.000ms group_by=  0.000ms per_group= 0.001ms)
[pe] round=141 work=        1 frontier=        2 next=        1 consolidate=  0.001ms frontier=  0.000ms semisort=  0.002ms (keyed= 0.000ms group_by=  0.000ms per_group= 0.001ms)
[pe] round=142 work=        1 frontier=        2 next=        1 consolidate=  0.001ms frontier=  0.000ms semisort=  0.002ms (keyed= 0.000ms group_by=  0.000ms per_group= 0.001ms)
[pe] round=143 work=        1 frontier=        2 next=        1 consolidate=  0.001ms frontier=  0.000ms semisort=  0.002ms (keyed= 0.000ms group_by=  0.000ms per_group= 0.001ms)
[pe] round=144 work=        1 frontier=        2 next=        1 consolidate=  0.001ms frontier=  0.000ms semisort=  0.002ms (keyed= 0.000ms group_by=  0.000ms per_group= 0.001ms)
[pe] round=145 work=        1 frontier=        2 next=        1 consolidate=  0.001ms frontier=  0.000ms semisort=  0.002ms (keyed= 0.000ms group_by=  0.000ms per_group= 0.001ms)
[pe] round=146 work=        1 frontier=        2 next=        1 consolidate=  0.001ms frontier=  0.000ms semisort=  0.002ms (keyed= 0.000ms group_by=  0.000ms per_group= 0.001ms)
[pe] round=147 work=        1 frontier=        2 next=        1 consolidate=  0.001ms frontier=  0.000ms semisort=  0.002ms (keyed= 0.000ms group_by=  0.000ms per_group= 0.001ms)
[pe] round=148 work=        1 frontier=        2 next=        1 consolidate=  0.001ms frontier=  0.000ms semisort=  0.002ms (keyed= 0.000ms group_by=  0.000ms per_group= 0.001ms)
[pe] round=149 work=        1 frontier=        2 next=        1 consolidate=  0.001ms frontier=  0.000ms semisort=  0.002ms (keyed= 0.000ms group_by=  0.000ms per_group= 0.001ms)
[pe] round=150 work=        1 frontier=        2 next=        1 consolidate=  0.001ms frontier=  0.000ms semisort=  0.002ms (keyed= 0.000ms group_by=  0.000ms per_group= 0.001ms)
[pe] round=151 work=        1 frontier=        2 next=        1 consolidate=  0.001ms frontier=  0.000ms semisort=  0.002ms (keyed= 0.000ms group_by=  0.000ms per_group= 0.001ms)
[pe] round=152 work=        1 frontier=        2 next=        1 consolidate=  0.001ms frontier=  0.000ms semisort=  0.002ms (keyed= 0.000ms group_by=  0.000ms per_group= 0.001ms)
[pe] round=153 work=        1 frontier=        2 next=        1 consolidate=  0.001ms frontier=  0.000ms semisort=  0.002ms (keyed= 0.000ms group_by=  0.000ms per_group= 0.001ms)
[pe] round=154 work=        1 frontier=        2 next=        1 consolidate=  0.001ms frontier=  0.000ms semisort=  0.002ms (keyed= 0.000ms group_by=  0.000ms per_group= 0.001ms)
[pe] round=155 work=        1 frontier=        2 next=        1 consolidate=  0.001ms frontier=  0.000ms semisort=  0.002ms (keyed= 0.000ms group_by=  0.000ms per_group= 0.001ms)
[pe] round=156 work=        1 frontier=        2 next=        1 consolidate=  0.001ms frontier=  0.000ms semisort=  0.002ms (keyed= 0.000ms group_by=  0.000ms per_group= 0.001ms)
[pe] round=157 work=        1 frontier=        2 next=        1 consolidate=  0.001ms frontier=  0.000ms semisort=  0.002ms (keyed= 0.000ms group_by=  0.000ms per_group= 0.001ms)
[pe] round=158 work=        1 frontier=        2 next=        1 consolidate=  0.001ms frontier=  0.000ms semisort=  0.002ms (keyed= 0.000ms group_by=  0.000ms per_group= 0.001ms)
[pe] round=159 work=        1 frontier=        2 next=        1 consolidate=  0.001ms frontier=  0.000ms semisort=  0.002ms (keyed= 0.000ms group_by=  0.000ms per_group= 0.001ms)
[pe] round=160 work=        1 frontier=        2 next=        1 consolidate=  0.001ms frontier=  0.000ms semisort=  0.002ms (keyed= 0.000ms group_by=  0.000ms per_group= 0.001ms)
[pe] round=161 work=        1 frontier=        2 next=        1 consolidate=  0.001ms frontier=  0.000ms semisort=  0.002ms (keyed= 0.000ms group_by=  0.000ms per_group= 0.001ms)
[pe] round=162 work=        1 frontier=        2 next=        1 consolidate=  0.001ms frontier=  0.000ms semisort=  0.002ms (keyed= 0.000ms group_by=  0.000ms per_group= 0.001ms)
[pe] round=163 work=        1 frontier=        2 next=        1 consolidate=  0.001ms frontier=  0.000ms semisort=  0.002ms (keyed= 0.000ms group_by=  0.000ms per_group= 0.001ms)
[pe] round=164 work=        1 frontier=        2 next=        1 consolidate=  0.001ms frontier=  0.000ms semisort=  0.002ms (keyed= 0.000ms group_by=  0.000ms per_group= 0.001ms)
[pe] round=165 work=        1 frontier=        2 next=        1 consolidate=  0.001ms frontier=  0.000ms semisort=  0.002ms (keyed= 0.000ms group_by=  0.000ms per_group= 0.001ms)
[pe] round=166 work=        1 frontier=        2 next=        1 consolidate=  0.001ms frontier=  0.000ms semisort=  0.002ms (keyed= 0.000ms group_by=  0.000ms per_group= 0.001ms)
[pe] round=167 work=        1 frontier=        2 next=        1 consolidate=  0.001ms frontier=  0.000ms semisort=  0.002ms (keyed= 0.000ms group_by=  0.000ms per_group= 0.001ms)
[pe] round=168 work=        1 frontier=        2 next=        1 consolidate=  0.001ms frontier=  0.000ms semisort=  0.002ms (keyed= 0.000ms group_by=  0.000ms per_group= 0.001ms)
[pe] round=169 work=        1 frontier=        2 next=        1 consolidate=  0.001ms frontier=  0.000ms semisort=  0.002ms (keyed= 0.000ms group_by=  0.000ms per_group= 0.001ms)
[pe] round=170 work=        1 frontier=        2 next=        1 consolidate=  0.001ms frontier=  0.000ms semisort=  0.002ms (keyed= 0.000ms group_by=  0.000ms per_group= 0.001ms)
[pe] round=171 work=        1 frontier=        2 next=        1 consolidate=  0.001ms frontier=  0.000ms semisort=  0.002ms (keyed= 0.000ms group_by=  0.000ms per_group= 0.001ms)
[pe] round=172 work=        1 frontier=        2 next=        1 consolidate=  0.001ms frontier=  0.000ms semisort=  0.002ms (keyed= 0.000ms group_by=  0.000ms per_group= 0.001ms)
[pe] round=173 work=        1 frontier=        2 next=        1 consolidate=  0.001ms frontier=  0.000ms semisort=  0.002ms (keyed= 0.000ms group_by=  0.000ms per_group= 0.001ms)
[pe] round=174 work=        1 frontier=        2 next=        1 consolidate=  0.001ms frontier=  0.000ms semisort=  0.002ms (keyed= 0.000ms group_by=  0.000ms per_group= 0.001ms)
[pe] round=175 work=        1 frontier=        2 next=        1 consolidate=  0.001ms frontier=  0.000ms semisort=  0.002ms (keyed= 0.000ms group_by=  0.000ms per_group= 0.001ms)
[pe] round=176 work=        1 frontier=        2 next=        1 consolidate=  0.001ms frontier=  0.000ms semisort=  0.002ms (keyed= 0.000ms group_by=  0.000ms per_group= 0.001ms)
[pe] round=177 work=        1 frontier=        2 next=        1 consolidate=  0.001ms frontier=  0.000ms semisort=  0.002ms (keyed= 0.000ms group_by=  0.000ms per_group= 0.001ms)
[pe] round=178 work=        1 frontier=        2 next=        1 consolidate=  0.001ms frontier=  0.000ms semisort=  0.002ms (keyed= 0.000ms group_by=  0.000ms per_group= 0.001ms)
[pe] round=179 work=        1 frontier=        2 next=        1 consolidate=  0.001ms frontier=  0.000ms semisort=  0.002ms (keyed= 0.000ms group_by=  0.000ms per_group= 0.001ms)
[pe] round=180 work=        1 frontier=        2 next=        1 consolidate=  0.001ms frontier=  0.000ms semisort=  0.002ms (keyed= 0.000ms group_by=  0.000ms per_group= 0.001ms)
[pe] round=181 work=        1 frontier=        2 next=        1 consolidate=  0.001ms frontier=  0.000ms semisort=  0.002ms (keyed= 0.000ms group_by=  0.000ms per_group= 0.001ms)
[pe] round=182 work=        1 frontier=        2 next=        1 consolidate=  0.001ms frontier=  0.000ms semisort=  0.002ms (keyed= 0.000ms group_by=  0.000ms per_group= 0.001ms)
[pe] round=183 work=        1 frontier=        2 next=        1 consolidate=  0.001ms frontier=  0.000ms semisort=  0.002ms (keyed= 0.000ms group_by=  0.000ms per_group= 0.001ms)
[pe] round=184 work=        1 frontier=        2 next=        1 consolidate=  0.001ms frontier=  0.000ms semisort=  0.002ms (keyed= 0.000ms group_by=  0.000ms per_group= 0.001ms)
[pe] round=185 work=        1 frontier=        2 next=        1 consolidate=  0.001ms frontier=  0.000ms semisort=  0.002ms (keyed= 0.000ms group_by=  0.000ms per_group= 0.001ms)
[pe] round=186 work=        1 frontier=        2 next=        1 consolidate=  0.001ms frontier=  0.000ms semisort=  0.002ms (keyed= 0.000ms group_by=  0.000ms per_group= 0.001ms)
[pe] round=187 work=        1 frontier=        2 next=        1 consolidate=  0.001ms frontier=  0.000ms semisort=  0.002ms (keyed= 0.000ms group_by=  0.000ms per_group= 0.001ms)
[pe] round=188 work=        1 frontier=        2 next=        1 consolidate=  0.001ms frontier=  0.000ms semisort=  0.002ms (keyed= 0.000ms group_by=  0.000ms per_group= 0.001ms)
[pe] round=189 work=        1 frontier=        2 next=        1 consolidate=  0.001ms frontier=  0.000ms semisort=  0.002ms (keyed= 0.000ms group_by=  0.000ms per_group= 0.001ms)
[pe] round=190 work=        1 frontier=        2 next=        1 consolidate=  0.001ms frontier=  0.000ms semisort=  0.002ms (keyed= 0.000ms group_by=  0.000ms per_group= 0.001ms)
[pe] round=191 work=        1 frontier=        2 next=        1 consolidate=  0.001ms frontier=  0.000ms semisort=  0.002ms (keyed= 0.000ms group_by=  0.000ms per_group= 0.001ms)
[pe] round=192 work=        1 frontier=        2 next=        1 consolidate=  0.001ms frontier=  0.000ms semisort=  0.002ms (keyed= 0.000ms group_by=  0.000ms per_group= 0.001ms)
[pe] round=193 work=        1 frontier=        2 next=        1 consolidate=  0.001ms frontier=  0.000ms semisort=  0.002ms (keyed= 0.000ms group_by=  0.000ms per_group= 0.001ms)
[pe] round=194 work=        1 frontier=        2 next=        1 consolidate=  0.001ms frontier=  0.000ms semisort=  0.002ms (keyed= 0.000ms group_by=  0.000ms per_group= 0.001ms)
[pe] round=195 work=        1 frontier=        2 next=        1 consolidate=  0.001ms frontier=  0.000ms semisort=  0.002ms (keyed= 0.000ms group_by=  0.000ms per_group= 0.001ms)
[pe] round=196 work=        1 frontier=        2 next=        1 consolidate=  0.001ms frontier=  0.000ms semisort=  0.002ms (keyed= 0.000ms group_by=  0.000ms per_group= 0.001ms)
[pe] round=197 work=        1 frontier=        2 next=        1 consolidate=  0.001ms frontier=  0.000ms semisort=  0.002ms (keyed= 0.000ms group_by=  0.000ms per_group= 0.001ms)
[pe] round=198 work=        1 frontier=        2 next=        1 consolidate=  0.001ms frontier=  0.000ms semisort=  0.002ms (keyed= 0.000ms group_by=  0.000ms per_group= 0.001ms)
[pe] round=199 work=        1 frontier=        2 next=        1 consolidate=  0.001ms frontier=  0.000ms semisort=  0.002ms (keyed= 0.000ms group_by=  0.000ms per_group= 0.001ms)
[pe] round=200 work=        1 frontier=        2 next=        1 consolidate=  0.001ms frontier=  0.000ms semisort=  0.002ms (keyed= 0.000ms group_by=  0.000ms per_group= 0.001ms)
[pe] round=201 work=        1 frontier=        2 next=        1 consolidate=  0.001ms frontier=  0.000ms semisort=  0.002ms (keyed= 0.000ms group_by=  0.000ms per_group= 0.001ms)
[pe] round=202 work=        1 frontier=        2 next=        1 consolidate=  0.001ms frontier=  0.000ms semisort=  0.002ms (keyed= 0.000ms group_by=  0.000ms per_group= 0.001ms)
[pe] round=203 work=        1 frontier=        2 next=        1 consolidate=  0.001ms frontier=  0.000ms semisort=  0.002ms (keyed= 0.000ms group_by=  0.000ms per_group= 0.001ms)
[pe] round=204 work=        1 frontier=        2 next=        1 consolidate=  0.001ms frontier=  0.000ms semisort=  0.002ms (keyed= 0.000ms group_by=  0.000ms per_group= 0.001ms)
[pe] round=205 work=        1 frontier=        2 next=        1 consolidate=  0.001ms frontier=  0.000ms semisort=  0.002ms (keyed= 0.000ms group_by=  0.000ms per_group= 0.001ms)
[pe] round=206 work=        1 frontier=        2 next=        1 consolidate=  0.001ms frontier=  0.000ms semisort=  0.002ms (keyed= 0.000ms group_by=  0.000ms per_group= 0.001ms)
[pe] round=207 work=        1 frontier=        2 next=        1 consolidate=  0.001ms frontier=  0.000ms semisort=  0.002ms (keyed= 0.000ms group_by=  0.000ms per_group= 0.001ms)
[pe] round=208 work=        1 frontier=        2 next=        1 consolidate=  0.001ms frontier=  0.000ms semisort=  0.002ms (keyed= 0.000ms group_by=  0.000ms per_group= 0.001ms)
[pe] round=209 work=        1 frontier=        2 next=        1 consolidate=  0.001ms frontier=  0.000ms semisort=  0.002ms (keyed= 0.000ms group_by=  0.000ms per_group= 0.001ms)
[pe] round=210 work=        1 frontier=        2 next=        1 consolidate=  0.001ms frontier=  0.000ms semisort=  0.002ms (keyed= 0.000ms group_by=  0.000ms per_group= 0.001ms)
[pe] round=211 work=        1 frontier=        2 next=        1 consolidate=  0.001ms frontier=  0.000ms semisort=  0.002ms (keyed= 0.000ms group_by=  0.000ms per_group= 0.001ms)
[pe] round=212 work=        1 frontier=        2 next=        1 consolidate=  0.001ms frontier=  0.000ms semisort=  0.002ms (keyed= 0.000ms group_by=  0.000ms per_group= 0.001ms)
[pe] round=213 work=        1 frontier=        2 next=        1 consolidate=  0.001ms frontier=  0.000ms semisort=  0.002ms (keyed= 0.000ms group_by=  0.000ms per_group= 0.001ms)
[pe] round=214 work=        1 frontier=        2 next=        1 consolidate=  0.001ms frontier=  0.000ms semisort=  0.002ms (keyed= 0.000ms group_by=  0.000ms per_group= 0.001ms)
[pe] round=215 work=        1 frontier=        2 next=        1 consolidate=  0.001ms frontier=  0.000ms semisort=  0.002ms (keyed= 0.000ms group_by=  0.000ms per_group= 0.001ms)
[pe] round=216 work=        1 frontier=        2 next=        1 consolidate=  0.001ms frontier=  0.000ms semisort=  0.002ms (keyed= 0.000ms group_by=  0.000ms per_group= 0.001ms)
[pe] round=217 work=        1 frontier=        2 next=        1 consolidate=  0.001ms frontier=  0.000ms semisort=  0.002ms (keyed= 0.000ms group_by=  0.000ms per_group= 0.001ms)
[pe] round=218 work=        1 frontier=        2 next=        1 consolidate=  0.001ms frontier=  0.000ms semisort=  0.002ms (keyed= 0.000ms group_by=  0.000ms per_group= 0.001ms)
[pe] round=219 work=        1 frontier=        2 next=        1 consolidate=  0.001ms frontier=  0.000ms semisort=  0.002ms (keyed= 0.000ms group_by=  0.000ms per_group= 0.001ms)
[pe] round=220 work=        1 frontier=        2 next=        1 consolidate=  0.001ms frontier=  0.000ms semisort=  0.002ms (keyed= 0.000ms group_by=  0.000ms per_group= 0.001ms)
[pe] round=221 work=        1 frontier=        2 next=        1 consolidate=  0.001ms frontier=  0.000ms semisort=  0.002ms (keyed= 0.000ms group_by=  0.000ms per_group= 0.001ms)
[pe] round=222 work=        1 frontier=        2 next=        1 consolidate=  0.001ms frontier=  0.000ms semisort=  0.002ms (keyed= 0.000ms group_by=  0.000ms per_group= 0.001ms)
[pe] round=223 work=        1 frontier=        2 next=        1 consolidate=  0.001ms frontier=  0.000ms semisort=  0.002ms (keyed= 0.000ms group_by=  0.000ms per_group= 0.001ms)
[pe] round=224 work=        1 frontier=        2 next=        1 consolidate=  0.001ms frontier=  0.000ms semisort=  0.002ms (keyed= 0.000ms group_by=  0.000ms per_group= 0.001ms)
[pe] round=225 work=        1 frontier=        2 next=        1 consolidate=  0.002ms frontier=  0.000ms semisort=  0.002ms (keyed= 0.000ms group_by=  0.000ms per_group= 0.001ms)
[pe] round=226 work=        1 frontier=        2 next=        1 consolidate=  0.002ms frontier=  0.000ms semisort=  0.016ms (keyed= 0.000ms group_by=  0.000ms per_group= 0.001ms)
[pe] round=227 work=        1 frontier=        2 next=        1 consolidate=  0.001ms frontier=  0.000ms semisort=  0.002ms (keyed= 0.000ms group_by=  0.000ms per_group= 0.001ms)
[pe] round=228 work=        1 frontier=        2 next=        1 consolidate=  0.002ms frontier=  0.000ms semisort=  0.002ms (keyed= 0.000ms group_by=  0.000ms per_group= 0.001ms)
[pe] round=229 work=        1 frontier=        2 next=        1 consolidate=  0.001ms frontier=  0.000ms semisort=  0.002ms (keyed= 0.000ms group_by=  0.000ms per_group= 0.001ms)
[pe] round=230 work=        1 frontier=        2 next=        1 consolidate=  0.002ms frontier=  0.000ms semisort=  0.002ms (keyed= 0.000ms group_by=  0.000ms per_group= 0.001ms)
[pe] round=231 work=        1 frontier=        2 next=        1 consolidate=  0.001ms frontier=  0.000ms semisort=  0.002ms (keyed= 0.000ms group_by=  0.000ms per_group= 0.001ms)
[pe] round=232 work=        1 frontier=        2 next=        1 consolidate=  0.002ms frontier=  0.000ms semisort=  0.002ms (keyed= 0.000ms group_by=  0.000ms per_group= 0.001ms)
[pe] round=233 work=        1 frontier=        2 next=        1 consolidate=  0.001ms frontier=  0.000ms semisort=  0.002ms (keyed= 0.000ms group_by=  0.000ms per_group= 0.001ms)
[pe] round=234 work=        1 frontier=        2 next=        1 consolidate=  0.002ms frontier=  0.000ms semisort=  0.002ms (keyed= 0.000ms group_by=  0.000ms per_group= 0.001ms)
[pe] round=235 work=        1 frontier=        2 next=        1 consolidate=  0.001ms frontier=  0.000ms semisort=  0.002ms (keyed= 0.000ms group_by=  0.000ms per_group= 0.001ms)
[pe] round=236 work=        1 frontier=        2 next=        1 consolidate=  0.002ms frontier=  0.000ms semisort=  0.002ms (keyed= 0.000ms group_by=  0.000ms per_group= 0.001ms)
[pe] round=237 work=        1 frontier=        2 next=        1 consolidate=  0.001ms frontier=  0.000ms semisort=  0.002ms (keyed= 0.000ms group_by=  0.000ms per_group= 0.001ms)
[pe] round=238 work=        1 frontier=        2 next=        1 consolidate=  0.002ms frontier=  0.000ms semisort=  0.002ms (keyed= 0.000ms group_by=  0.000ms per_group= 0.001ms)
[pe] round=239 work=        1 frontier=        2 next=        1 consolidate=  0.002ms frontier=  0.000ms semisort=  0.002ms (keyed= 0.000ms group_by=  0.000ms per_group= 0.001ms)
[pe] round=240 work=        1 frontier=        2 next=        1 consolidate=  0.002ms frontier=  0.000ms semisort=  0.002ms (keyed= 0.000ms group_by=  0.000ms per_group= 0.001ms)
[pe] round=241 work=        1 frontier=        2 next=        1 consolidate=  0.002ms frontier=  0.000ms semisort=  0.002ms (keyed= 0.000ms group_by=  0.000ms per_group= 0.001ms)
[pe] round=242 work=        1 frontier=        2 next=        1 consolidate=  0.002ms frontier=  0.000ms semisort=  0.002ms (keyed= 0.000ms group_by=  0.000ms per_group= 0.001ms)
[pe] round=243 work=        1 frontier=        2 next=        1 consolidate=  0.001ms frontier=  0.000ms semisort=  0.002ms (keyed= 0.000ms group_by=  0.000ms per_group= 0.001ms)
[pe] round=244 work=        1 frontier=        2 next=        1 consolidate=  0.002ms frontier=  0.000ms semisort=  0.002ms (keyed= 0.000ms group_by=  0.000ms per_group= 0.001ms)
[pe] round=245 work=        1 frontier=        2 next=        1 consolidate=  0.001ms frontier=  0.000ms semisort=  0.002ms (keyed= 0.000ms group_by=  0.000ms per_group= 0.001ms)
[pe] round=246 work=        1 frontier=        2 next=        1 consolidate=  0.002ms frontier=  0.000ms semisort=  0.002ms (keyed= 0.000ms group_by=  0.000ms per_group= 0.001ms)
[pe] round=247 work=        1 frontier=        2 next=        1 consolidate=  0.002ms frontier=  0.000ms semisort=  0.002ms (keyed= 0.000ms group_by=  0.000ms per_group= 0.001ms)
[pe] round=248 work=        1 frontier=        2 next=        1 consolidate=  0.001ms frontier=  0.000ms semisort=  0.002ms (keyed= 0.000ms group_by=  0.000ms per_group= 0.001ms)
[pe] round=249 work=        1 frontier=        2 next=        1 consolidate=  0.002ms frontier=  0.000ms semisort=  0.002ms (keyed= 0.000ms group_by=  0.000ms per_group= 0.001ms)
[pe] round=250 work=        1 frontier=        2 next=        1 consolidate=  0.001ms frontier=  0.000ms semisort=  0.002ms (keyed= 0.000ms group_by=  0.000ms per_group= 0.001ms)
[pe] round=251 work=        1 frontier=        2 next=        1 consolidate=  0.002ms frontier=  0.000ms semisort=  0.002ms (keyed= 0.000ms group_by=  0.000ms per_group= 0.001ms)
[pe] round=252 work=        1 frontier=        2 next=        1 consolidate=  0.001ms frontier=  0.000ms semisort=  0.002ms (keyed= 0.000ms group_by=  0.000ms per_group= 0.001ms)
[pe] round=253 work=        1 frontier=        2 next=        1 consolidate=  0.002ms frontier=  0.000ms semisort=  0.002ms (keyed= 0.000ms group_by=  0.000ms per_group= 0.001ms)
[pe] round=254 work=        1 frontier=        2 next=        1 consolidate=  0.001ms frontier=  0.000ms semisort=  0.002ms (keyed= 0.000ms group_by=  0.000ms per_group= 0.001ms)
[pe] round=255 work=        1 frontier=        2 next=        1 consolidate=  0.002ms frontier=  0.000ms semisort=  0.002ms (keyed= 0.000ms group_by=  0.000ms per_group= 0.001ms)
[pe] round=256 work=        1 frontier=        2 next=        1 consolidate=  0.001ms frontier=  0.000ms semisort=  0.002ms (keyed= 0.000ms group_by=  0.000ms per_group= 0.001ms)
[pe] round=257 work=        1 frontier=        2 next=        1 consolidate=  0.002ms frontier=  0.000ms semisort=  0.002ms (keyed= 0.000ms group_by=  0.000ms per_group= 0.001ms)
[pe] round=258 work=        1 frontier=        2 next=        1 consolidate=  0.001ms frontier=  0.000ms semisort=  0.002ms (keyed= 0.000ms group_by=  0.000ms per_group= 0.001ms)
[pe] round=259 work=        1 frontier=        2 next=        1 consolidate=  0.002ms frontier=  0.000ms semisort=  0.002ms (keyed= 0.000ms group_by=  0.000ms per_group= 0.001ms)
[pe] round=260 work=        1 frontier=        2 next=        1 consolidate=  0.001ms frontier=  0.000ms semisort=  0.002ms (keyed= 0.000ms group_by=  0.000ms per_group= 0.001ms)
[pe] round=261 work=        1 frontier=        2 next=        1 consolidate=  0.001ms frontier=  0.000ms semisort=  0.002ms (keyed= 0.000ms group_by=  0.000ms per_group= 0.001ms)
[pe] round=262 work=        1 frontier=        2 next=        1 consolidate=  0.001ms frontier=  0.000ms semisort=  0.002ms (keyed= 0.000ms group_by=  0.000ms per_group= 0.001ms)
[pe] round=263 work=        1 frontier=        2 next=        1 consolidate=  0.001ms frontier=  0.000ms semisort=  0.002ms (keyed= 0.000ms group_by=  0.000ms per_group= 0.001ms)
[pe] round=264 work=        1 frontier=        2 next=        1 consolidate=  0.001ms frontier=  0.000ms semisort=  0.002ms (keyed= 0.000ms group_by=  0.000ms per_group= 0.001ms)
[pe] round=265 work=        1 frontier=        2 next=        1 consolidate=  0.001ms frontier=  0.000ms semisort=  0.002ms (keyed= 0.000ms group_by=  0.000ms per_group= 0.001ms)
[pe] round=266 work=        1 frontier=        2 next=        1 consolidate=  0.001ms frontier=  0.000ms semisort=  0.002ms (keyed= 0.000ms group_by=  0.000ms per_group= 0.001ms)
[pe] round=267 work=        1 frontier=        2 next=        1 consolidate=  0.001ms frontier=  0.000ms semisort=  0.002ms (keyed= 0.000ms group_by=  0.000ms per_group= 0.001ms)
[pe] round=268 work=        1 frontier=        2 next=        1 consolidate=  0.001ms frontier=  0.000ms semisort=  0.002ms (keyed= 0.000ms group_by=  0.000ms per_group= 0.001ms)
[pe] round=269 work=        1 frontier=        2 next=        1 consolidate=  0.001ms frontier=  0.000ms semisort=  0.002ms (keyed= 0.000ms group_by=  0.000ms per_group= 0.001ms)
[pe] round=270 work=        1 frontier=        2 next=        1 consolidate=  0.001ms frontier=  0.000ms semisort=  0.002ms (keyed= 0.000ms group_by=  0.000ms per_group= 0.001ms)
[pe] round=271 work=        1 frontier=        2 next=        1 consolidate=  0.001ms frontier=  0.000ms semisort=  0.002ms (keyed= 0.000ms group_by=  0.000ms per_group= 0.001ms)
[pe] round=272 work=        1 frontier=        2 next=        1 consolidate=  0.001ms frontier=  0.000ms semisort=  0.002ms (keyed= 0.000ms group_by=  0.000ms per_group= 0.001ms)
[pe] round=273 work=        1 frontier=        2 next=        1 consolidate=  0.001ms frontier=  0.000ms semisort=  0.002ms (keyed= 0.000ms group_by=  0.000ms per_group= 0.001ms)
[pe] round=274 work=        1 frontier=        2 next=        1 consolidate=  0.001ms frontier=  0.000ms semisort=  0.002ms (keyed= 0.000ms group_by=  0.000ms per_group= 0.001ms)
[pe] round=275 work=        1 frontier=        2 next=        1 consolidate=  0.001ms frontier=  0.000ms semisort=  0.002ms (keyed= 0.000ms group_by=  0.000ms per_group= 0.001ms)
[pe] round=276 work=        1 frontier=        2 next=        1 consolidate=  0.001ms frontier=  0.000ms semisort=  0.002ms (keyed= 0.000ms group_by=  0.000ms per_group= 0.001ms)
[pe] round=277 work=        1 frontier=        2 next=        1 consolidate=  0.001ms frontier=  0.000ms semisort=  0.002ms (keyed= 0.000ms group_by=  0.000ms per_group= 0.001ms)
[pe] round=278 work=        1 frontier=        2 next=        1 consolidate=  0.001ms frontier=  0.000ms semisort=  0.002ms (keyed= 0.000ms group_by=  0.000ms per_group= 0.001ms)
[pe] round=279 work=        1 frontier=        2 next=        1 consolidate=  0.001ms frontier=  0.000ms semisort=  0.002ms (keyed= 0.000ms group_by=  0.000ms per_group= 0.001ms)
[pe] round=280 work=        1 frontier=        2 next=        1 consolidate=  0.001ms frontier=  0.000ms semisort=  0.002ms (keyed= 0.000ms group_by=  0.000ms per_group= 0.001ms)
[pe] round=281 work=        1 frontier=        2 next=        1 consolidate=  0.001ms frontier=  0.000ms semisort=  0.002ms (keyed= 0.000ms group_by=  0.000ms per_group= 0.001ms)
[pe] round=282 work=        1 frontier=        2 next=        1 consolidate=  0.001ms frontier=  0.000ms semisort=  0.002ms (keyed= 0.000ms group_by=  0.000ms per_group= 0.001ms)
[pe] round=283 work=        1 frontier=        2 next=        1 consolidate=  0.001ms frontier=  0.000ms semisort=  0.002ms (keyed= 0.000ms group_by=  0.000ms per_group= 0.001ms)
[pe] round=284 work=        1 frontier=        2 next=        1 consolidate=  0.001ms frontier=  0.000ms semisort=  0.002ms (keyed= 0.000ms group_by=  0.000ms per_group= 0.001ms)
[pe] round=285 work=        1 frontier=        2 next=        1 consolidate=  0.001ms frontier=  0.000ms semisort=  0.002ms (keyed= 0.000ms group_by=  0.000ms per_group= 0.001ms)
[pe] round=286 work=        1 frontier=        2 next=        1 consolidate=  0.001ms frontier=  0.000ms semisort=  0.002ms (keyed= 0.000ms group_by=  0.000ms per_group= 0.001ms)
[pe] round=287 work=        1 frontier=        2 next=        1 consolidate=  0.001ms frontier=  0.000ms semisort=  0.002ms (keyed= 0.000ms group_by=  0.000ms per_group= 0.001ms)
[pe] round=288 work=        1 frontier=        2 next=        1 consolidate=  0.001ms frontier=  0.000ms semisort=  0.002ms (keyed= 0.000ms group_by=  0.000ms per_group= 0.001ms)
[pe] round=289 work=        1 frontier=        2 next=        1 consolidate=  0.001ms frontier=  0.000ms semisort=  0.002ms (keyed= 0.000ms group_by=  0.000ms per_group= 0.001ms)
[pe] round=290 work=        1 frontier=        2 next=        1 consolidate=  0.001ms frontier=  0.000ms semisort=  0.002ms (keyed= 0.000ms group_by=  0.000ms per_group= 0.001ms)
[pe] round=291 work=        1 frontier=        2 next=        1 consolidate=  0.001ms frontier=  0.000ms semisort=  0.002ms (keyed= 0.000ms group_by=  0.000ms per_group= 0.001ms)
[pe] round=292 work=        1 frontier=        2 next=        1 consolidate=  0.001ms frontier=  0.000ms semisort=  0.002ms (keyed= 0.000ms group_by=  0.000ms per_group= 0.001ms)
[pe] round=293 work=        1 frontier=        2 next=        1 consolidate=  0.001ms frontier=  0.000ms semisort=  0.002ms (keyed= 0.000ms group_by=  0.000ms per_group= 0.001ms)
[pe] round=294 work=        1 frontier=        2 next=        1 consolidate=  0.001ms frontier=  0.000ms semisort=  0.002ms (keyed= 0.000ms group_by=  0.000ms per_group= 0.001ms)
[pe] round=295 work=        1 frontier=        2 next=        1 consolidate=  0.001ms frontier=  0.000ms semisort=  0.002ms (keyed= 0.000ms group_by=  0.000ms per_group= 0.001ms)
[pe] round=296 work=        1 frontier=        2 next=        1 consolidate=  0.001ms frontier=  0.000ms semisort=  0.002ms (keyed= 0.000ms group_by=  0.000ms per_group= 0.001ms)
[pe] round=297 work=        1 frontier=        2 next=        1 consolidate=  0.001ms frontier=  0.000ms semisort=  0.002ms (keyed= 0.000ms group_by=  0.000ms per_group= 0.001ms)
[pe] round=298 work=        1 frontier=        2 next=        1 consolidate=  0.001ms frontier=  0.000ms semisort=  0.002ms (keyed= 0.000ms group_by=  0.000ms per_group= 0.001ms)
[pe] round=299 work=        1 frontier=        2 next=        1 consolidate=  0.001ms frontier=  0.000ms semisort=  0.002ms (keyed= 0.000ms group_by=  0.000ms per_group= 0.001ms)
[pe] round=300 work=        1 frontier=        2 next=        1 consolidate=  0.001ms frontier=  0.000ms semisort=  0.002ms (keyed= 0.000ms group_by=  0.000ms per_group= 0.001ms)
[pe] round=301 work=        1 frontier=        2 next=        1 consolidate=  0.001ms frontier=  0.000ms semisort=  0.002ms (keyed= 0.000ms group_by=  0.000ms per_group= 0.001ms)
[pe] round=302 work=        1 frontier=        2 next=        1 consolidate=  0.001ms frontier=  0.000ms semisort=  0.002ms (keyed= 0.000ms group_by=  0.000ms per_group= 0.001ms)
[pe] round=303 work=        1 frontier=        2 next=        1 consolidate=  0.001ms frontier=  0.000ms semisort=  0.002ms (keyed= 0.000ms group_by=  0.000ms per_group= 0.001ms)
[pe] round=304 work=        1 frontier=        2 next=        1 consolidate=  0.001ms frontier=  0.000ms semisort=  0.002ms (keyed= 0.000ms group_by=  0.000ms per_group= 0.001ms)
[pe] round=305 work=        1 frontier=        2 next=        1 consolidate=  0.001ms frontier=  0.000ms semisort=  0.002ms (keyed= 0.000ms group_by=  0.000ms per_group= 0.001ms)
[pe] round=306 work=        1 frontier=        2 next=        1 consolidate=  0.001ms frontier=  0.000ms semisort=  0.002ms (keyed= 0.000ms group_by=  0.000ms per_group= 0.001ms)
[pe] round=307 work=        1 frontier=        2 next=        1 consolidate=  0.001ms frontier=  0.000ms semisort=  0.002ms (keyed= 0.000ms group_by=  0.000ms per_group= 0.001ms)
[pe] round=308 work=        1 frontier=        2 next=        1 consolidate=  0.001ms frontier=  0.000ms semisort=  0.002ms (keyed= 0.000ms group_by=  0.000ms per_group= 0.001ms)
[pe] round=309 work=        1 frontier=        2 next=        1 consolidate=  0.001ms frontier=  0.000ms semisort=  0.002ms (keyed= 0.000ms group_by=  0.000ms per_group= 0.001ms)
[pe] round=310 work=        1 frontier=        2 next=        1 consolidate=  0.001ms frontier=  0.000ms semisort=  0.002ms (keyed= 0.000ms group_by=  0.000ms per_group= 0.001ms)
[pe] round=311 work=        1 frontier=        2 next=        1 consolidate=  0.001ms frontier=  0.000ms semisort=  0.002ms (keyed= 0.000ms group_by=  0.000ms per_group= 0.001ms)
[pe] round=312 work=        1 frontier=        2 next=        1 consolidate=  0.001ms frontier=  0.000ms semisort=  0.002ms (keyed= 0.000ms group_by=  0.000ms per_group= 0.001ms)
[pe] round=313 work=        1 frontier=        2 next=        1 consolidate=  0.001ms frontier=  0.000ms semisort=  0.002ms (keyed= 0.000ms group_by=  0.000ms per_group= 0.001ms)
[pe] round=314 work=        1 frontier=        2 next=        1 consolidate=  0.001ms frontier=  0.000ms semisort=  0.002ms (keyed= 0.000ms group_by=  0.000ms per_group= 0.001ms)
[pe] round=315 work=        1 frontier=        2 next=        1 consolidate=  0.001ms frontier=  0.000ms semisort=  0.002ms (keyed= 0.000ms group_by=  0.000ms per_group= 0.001ms)
[pe] round=316 work=        1 frontier=        2 next=        1 consolidate=  0.001ms frontier=  0.000ms semisort=  0.002ms (keyed= 0.000ms group_by=  0.000ms per_group= 0.001ms)
[pe] round=317 work=        1 frontier=        2 next=        1 consolidate=  0.001ms frontier=  0.000ms semisort=  0.002ms (keyed= 0.000ms group_by=  0.000ms per_group= 0.001ms)
[pe] round=318 work=        1 frontier=        2 next=        1 consolidate=  0.001ms frontier=  0.000ms semisort=  0.002ms (keyed= 0.000ms group_by=  0.000ms per_group= 0.001ms)
[pe] round=319 work=        1 frontier=        2 next=        1 consolidate=  0.001ms frontier=  0.000ms semisort=  0.002ms (keyed= 0.000ms group_by=  0.000ms per_group= 0.001ms)
[pe] round=320 work=        1 frontier=        2 next=        1 consolidate=  0.001ms frontier=  0.000ms semisort=  0.002ms (keyed= 0.000ms group_by=  0.000ms per_group= 0.001ms)
[pe] round=321 work=        1 frontier=        2 next=        1 consolidate=  0.001ms frontier=  0.000ms semisort=  0.002ms (keyed= 0.000ms group_by=  0.000ms per_group= 0.001ms)
[pe] round=322 work=        1 frontier=        2 next=        1 consolidate=  0.001ms frontier=  0.000ms semisort=  0.002ms (keyed= 0.000ms group_by=  0.000ms per_group= 0.001ms)
[pe] round=323 work=        1 frontier=        2 next=        1 consolidate=  0.001ms frontier=  0.000ms semisort=  0.002ms (keyed= 0.000ms group_by=  0.000ms per_group= 0.001ms)
[pe] round=324 work=        1 frontier=        2 next=        1 consolidate=  0.001ms frontier=  0.000ms semisort=  0.002ms (keyed= 0.000ms group_by=  0.000ms per_group= 0.001ms)
[pe] round=325 work=        1 frontier=        2 next=        1 consolidate=  0.001ms frontier=  0.000ms semisort=  0.002ms (keyed= 0.000ms group_by=  0.000ms per_group= 0.001ms)
[pe] round=326 work=        1 frontier=        2 next=        1 consolidate=  0.001ms frontier=  0.000ms semisort=  0.002ms (keyed= 0.000ms group_by=  0.000ms per_group= 0.001ms)
[pe] round=327 work=        1 frontier=        2 next=        1 consolidate=  0.001ms frontier=  0.000ms semisort=  0.002ms (keyed= 0.000ms group_by=  0.000ms per_group= 0.001ms)
[pe] round=328 work=        1 frontier=        2 next=        1 consolidate=  0.001ms frontier=  0.000ms semisort=  0.002ms (keyed= 0.000ms group_by=  0.000ms per_group= 0.001ms)
[pe] round=329 work=        1 frontier=        2 next=        1 consolidate=  0.001ms frontier=  0.000ms semisort=  0.002ms (keyed= 0.000ms group_by=  0.000ms per_group= 0.001ms)
[pe] round=330 work=        1 frontier=        2 next=        1 consolidate=  0.001ms frontier=  0.000ms semisort=  0.002ms (keyed= 0.000ms group_by=  0.000ms per_group= 0.001ms)
[pe] round=331 work=        1 frontier=        2 next=        1 consolidate=  0.001ms frontier=  0.000ms semisort=  0.002ms (keyed= 0.000ms group_by=  0.000ms per_group= 0.001ms)
[pe] round=332 work=        1 frontier=        2 next=        1 consolidate=  0.001ms frontier=  0.000ms semisort=  0.002ms (keyed= 0.000ms group_by=  0.000ms per_group= 0.001ms)
[pe] round=333 work=        1 frontier=        2 next=        1 consolidate=  0.001ms frontier=  0.000ms semisort=  0.002ms (keyed= 0.000ms group_by=  0.000ms per_group= 0.001ms)
[pe] round=334 work=        1 frontier=        2 next=        1 consolidate=  0.001ms frontier=  0.000ms semisort=  0.002ms (keyed= 0.000ms group_by=  0.000ms per_group= 0.001ms)
[pe] round=335 work=        1 frontier=        2 next=        1 consolidate=  0.001ms frontier=  0.000ms semisort=  0.002ms (keyed= 0.000ms group_by=  0.000ms per_group= 0.001ms)
[pe] round=336 work=        1 frontier=        2 next=        1 consolidate=  0.001ms frontier=  0.000ms semisort=  0.002ms (keyed= 0.000ms group_by=  0.000ms per_group= 0.001ms)
[pe] round=337 work=        1 frontier=        2 next=        1 consolidate=  0.001ms frontier=  0.000ms semisort=  0.002ms (keyed= 0.000ms group_by=  0.000ms per_group= 0.001ms)
[pe] round=338 work=        1 frontier=        2 next=        1 consolidate=  0.001ms frontier=  0.000ms semisort=  0.002ms (keyed= 0.000ms group_by=  0.000ms per_group= 0.001ms)
[pe] round=339 work=        1 frontier=        2 next=        1 consolidate=  0.001ms frontier=  0.000ms semisort=  0.002ms (keyed= 0.000ms group_by=  0.000ms per_group= 0.001ms)
[pe] round=340 work=        1 frontier=        2 next=        1 consolidate=  0.001ms frontier=  0.000ms semisort=  0.002ms (keyed= 0.000ms group_by=  0.000ms per_group= 0.001ms)
[pe] round=341 work=        1 frontier=        2 next=        1 consolidate=  0.001ms frontier=  0.000ms semisort=  0.002ms (keyed= 0.000ms group_by=  0.000ms per_group= 0.001ms)
[pe] round=342 work=        1 frontier=        2 next=        1 consolidate=  0.001ms frontier=  0.000ms semisort=  0.002ms (keyed= 0.000ms group_by=  0.000ms per_group= 0.001ms)
[pe] round=343 work=        1 frontier=        2 next=        1 consolidate=  0.001ms frontier=  0.000ms semisort=  0.002ms (keyed= 0.000ms group_by=  0.000ms per_group= 0.001ms)
[pe] round=344 work=        1 frontier=        2 next=        1 consolidate=  0.001ms frontier=  0.000ms semisort=  0.002ms (keyed= 0.000ms group_by=  0.000ms per_group= 0.001ms)
[pe] round=345 work=        1 frontier=        2 next=        1 consolidate=  0.001ms frontier=  0.000ms semisort=  0.002ms (keyed= 0.000ms group_by=  0.000ms per_group= 0.001ms)
[pe] round=346 work=        1 frontier=        2 next=        1 consolidate=  0.001ms frontier=  0.000ms semisort=  0.002ms (keyed= 0.000ms group_by=  0.000ms per_group= 0.001ms)
[pe] round=347 work=        1 frontier=        2 next=        1 consolidate=  0.001ms frontier=  0.000ms semisort=  0.002ms (keyed= 0.000ms group_by=  0.000ms per_group= 0.001ms)
[pe] round=348 work=        1 frontier=        2 next=        1 consolidate=  0.001ms frontier=  0.000ms semisort=  0.002ms (keyed= 0.000ms group_by=  0.000ms per_group= 0.001ms)
[pe] round=349 work=        1 frontier=        2 next=        1 consolidate=  0.001ms frontier=  0.000ms semisort=  0.002ms (keyed= 0.000ms group_by=  0.000ms per_group= 0.001ms)
[pe] round=350 work=        1 frontier=        2 next=        1 consolidate=  0.001ms frontier=  0.000ms semisort=  0.002ms (keyed= 0.000ms group_by=  0.000ms per_group= 0.001ms)
[pe] round=351 work=        1 frontier=        2 next=        1 consolidate=  0.001ms frontier=  0.000ms semisort=  0.002ms (keyed= 0.000ms group_by=  0.000ms per_group= 0.001ms)
[pe] round=352 work=        1 frontier=        2 next=        1 consolidate=  0.001ms frontier=  0.000ms semisort=  0.002ms (keyed= 0.000ms group_by=  0.000ms per_group= 0.001ms)
[pe] round=353 work=        1 frontier=        2 next=        1 consolidate=  0.001ms frontier=  0.000ms semisort=  0.002ms (keyed= 0.000ms group_by=  0.000ms per_group= 0.001ms)
[pe] round=354 work=        1 frontier=        2 next=        1 consolidate=  0.001ms frontier=  0.000ms semisort=  0.002ms (keyed= 0.000ms group_by=  0.000ms per_group= 0.001ms)
[pe] round=355 work=        1 frontier=        2 next=        1 consolidate=  0.001ms frontier=  0.000ms semisort=  0.002ms (keyed= 0.000ms group_by=  0.000ms per_group= 0.001ms)
[pe] round=356 work=        1 frontier=        2 next=        1 consolidate=  0.001ms frontier=  0.000ms semisort=  0.002ms (keyed= 0.000ms group_by=  0.000ms per_group= 0.001ms)
[pe] round=357 work=        1 frontier=        2 next=        1 consolidate=  0.001ms frontier=  0.000ms semisort=  0.002ms (keyed= 0.000ms group_by=  0.000ms per_group= 0.001ms)
[pe] round=358 work=        1 frontier=        2 next=        1 consolidate=  0.001ms frontier=  0.000ms semisort=  0.002ms (keyed= 0.000ms group_by=  0.000ms per_group= 0.001ms)
[pe] round=359 work=        1 frontier=        2 next=        1 consolidate=  0.001ms frontier=  0.000ms semisort=  0.002ms (keyed= 0.000ms group_by=  0.000ms per_group= 0.001ms)
[pe] round=360 work=        1 frontier=        2 next=        1 consolidate=  0.001ms frontier=  0.000ms semisort=  0.002ms (keyed= 0.000ms group_by=  0.000ms per_group= 0.001ms)
[pe] round=361 work=        1 frontier=        2 next=        1 consolidate=  0.001ms frontier=  0.000ms semisort=  0.002ms (keyed= 0.000ms group_by=  0.000ms per_group= 0.001ms)
[pe] round=362 work=        1 frontier=        2 next=        1 consolidate=  0.001ms frontier=  0.000ms semisort=  0.002ms (keyed= 0.000ms group_by=  0.000ms per_group= 0.001ms)
[pe] round=363 work=        1 frontier=        2 next=        1 consolidate=  0.001ms frontier=  0.000ms semisort=  0.002ms (keyed= 0.000ms group_by=  0.000ms per_group= 0.001ms)
[pe] round=364 work=        1 frontier=        2 next=        1 consolidate=  0.001ms frontier=  0.000ms semisort=  0.002ms (keyed= 0.000ms group_by=  0.000ms per_group= 0.001ms)
[pe] round=365 work=        1 frontier=        2 next=        1 consolidate=  0.001ms frontier=  0.000ms semisort=  0.002ms (keyed= 0.000ms group_by=  0.000ms per_group= 0.001ms)
[pe] round=366 work=        1 frontier=        2 next=        1 consolidate=  0.001ms frontier=  0.000ms semisort=  0.002ms (keyed= 0.000ms group_by=  0.000ms per_group= 0.001ms)
[pe] round=367 work=        1 frontier=        2 next=        1 consolidate=  0.001ms frontier=  0.000ms semisort=  0.002ms (keyed= 0.000ms group_by=  0.000ms per_group= 0.001ms)
[pe] round=368 work=        1 frontier=        2 next=        1 consolidate=  0.001ms frontier=  0.000ms semisort=  0.002ms (keyed= 0.000ms group_by=  0.000ms per_group= 0.001ms)
[pe] round=369 work=        1 frontier=        2 next=        1 consolidate=  0.001ms frontier=  0.000ms semisort=  0.002ms (keyed= 0.000ms group_by=  0.000ms per_group= 0.001ms)
[pe] round=370 work=        1 frontier=        2 next=        1 consolidate=  0.001ms frontier=  0.000ms semisort=  0.002ms (keyed= 0.000ms group_by=  0.000ms per_group= 0.001ms)
[pe] round=371 work=        1 frontier=        2 next=        1 consolidate=  0.001ms frontier=  0.000ms semisort=  0.002ms (keyed= 0.000ms group_by=  0.000ms per_group= 0.001ms)
[pe] round=372 work=        1 frontier=        2 next=        1 consolidate=  0.001ms frontier=  0.000ms semisort=  0.002ms (keyed= 0.000ms group_by=  0.000ms per_group= 0.001ms)
[pe] round=373 work=        1 frontier=        2 next=        1 consolidate=  0.001ms frontier=  0.000ms semisort=  0.002ms (keyed= 0.000ms group_by=  0.000ms per_group= 0.001ms)
[pe] round=374 work=        1 frontier=        2 next=        1 consolidate=  0.001ms frontier=  0.000ms semisort=  0.002ms (keyed= 0.000ms group_by=  0.000ms per_group= 0.001ms)
[pe] round=375 work=        1 frontier=        2 next=        1 consolidate=  0.001ms frontier=  0.000ms semisort=  0.002ms (keyed= 0.000ms group_by=  0.000ms per_group= 0.001ms)
[pe] round=376 work=        1 frontier=        2 next=        1 consolidate=  0.001ms frontier=  0.000ms semisort=  0.002ms (keyed= 0.000ms group_by=  0.000ms per_group= 0.001ms)
[pe] round=377 work=        1 frontier=        2 next=        1 consolidate=  0.001ms frontier=  0.000ms semisort=  0.002ms (keyed= 0.000ms group_by=  0.000ms per_group= 0.001ms)
[pe] round=378 work=        1 frontier=        2 next=        1 consolidate=  0.001ms frontier=  0.000ms semisort=  0.002ms (keyed= 0.000ms group_by=  0.000ms per_group= 0.001ms)
[pe] round=379 work=        1 frontier=        2 next=        1 consolidate=  0.001ms frontier=  0.000ms semisort=  0.002ms (keyed= 0.000ms group_by=  0.000ms per_group= 0.001ms)
[pe] round=380 work=        1 frontier=        2 next=        1 consolidate=  0.001ms frontier=  0.000ms semisort=  0.002ms (keyed= 0.000ms group_by=  0.000ms per_group= 0.001ms)
[pe] round=381 work=        1 frontier=        2 next=        1 consolidate=  0.001ms frontier=  0.000ms semisort=  0.002ms (keyed= 0.000ms group_by=  0.000ms per_group= 0.001ms)
[pe] round=382 work=        1 frontier=        2 next=        1 consolidate=  0.001ms frontier=  0.000ms semisort=  0.002ms (keyed= 0.000ms group_by=  0.000ms per_group= 0.001ms)
[pe] round=383 work=        1 frontier=        2 next=        1 consolidate=  0.001ms frontier=  0.000ms semisort=  0.002ms (keyed= 0.000ms group_by=  0.000ms per_group= 0.001ms)
[pe] round=384 work=        1 frontier=        2 next=        1 consolidate=  0.001ms frontier=  0.000ms semisort=  0.002ms (keyed= 0.000ms group_by=  0.000ms per_group= 0.001ms)
[pe] round=385 work=        1 frontier=        2 next=        1 consolidate=  0.001ms frontier=  0.000ms semisort=  0.002ms (keyed= 0.000ms group_by=  0.000ms per_group= 0.001ms)
[pe] round=386 work=        1 frontier=        2 next=        1 consolidate=  0.001ms frontier=  0.000ms semisort=  0.002ms (keyed= 0.000ms group_by=  0.000ms per_group= 0.001ms)
[pe] round=387 work=        1 frontier=        2 next=        1 consolidate=  0.001ms frontier=  0.000ms semisort=  0.002ms (keyed= 0.000ms group_by=  0.000ms per_group= 0.001ms)
[pe] round=388 work=        1 frontier=        2 next=        1 consolidate=  0.001ms frontier=  0.000ms semisort=  0.002ms (keyed= 0.000ms group_by=  0.000ms per_group= 0.001ms)
[pe] round=389 work=        1 frontier=        2 next=        1 consolidate=  0.001ms frontier=  0.000ms semisort=  0.002ms (keyed= 0.000ms group_by=  0.000ms per_group= 0.001ms)
[pe] round=390 work=        1 frontier=        2 next=        1 consolidate=  0.001ms frontier=  0.000ms semisort=  0.002ms (keyed= 0.000ms group_by=  0.000ms per_group= 0.001ms)
[pe] round=391 work=        1 frontier=        2 next=        1 consolidate=  0.001ms frontier=  0.000ms semisort=  0.002ms (keyed= 0.000ms group_by=  0.000ms per_group= 0.001ms)
[pe] round=392 work=        1 frontier=        2 next=        1 consolidate=  0.001ms frontier=  0.000ms semisort=  0.002ms (keyed= 0.000ms group_by=  0.000ms per_group= 0.001ms)
[pe] round=393 work=        1 frontier=        2 next=        1 consolidate=  0.001ms frontier=  0.000ms semisort=  0.002ms (keyed= 0.000ms group_by=  0.000ms per_group= 0.001ms)
[pe] round=394 work=        1 frontier=        2 next=        1 consolidate=  0.001ms frontier=  0.000ms semisort=  0.002ms (keyed= 0.000ms group_by=  0.000ms per_group= 0.001ms)
[pe] round=395 work=        1 frontier=        2 next=        1 consolidate=  0.001ms frontier=  0.000ms semisort=  0.002ms (keyed= 0.000ms group_by=  0.000ms per_group= 0.001ms)
[pe] round=396 work=        1 frontier=        2 next=        1 consolidate=  0.001ms frontier=  0.000ms semisort=  0.002ms (keyed= 0.000ms group_by=  0.000ms per_group= 0.001ms)
[pe] round=397 work=        1 frontier=        2 next=        1 consolidate=  0.001ms frontier=  0.000ms semisort=  0.002ms (keyed= 0.000ms group_by=  0.000ms per_group= 0.001ms)
[pe] round=398 work=        1 frontier=        2 next=        1 consolidate=  0.001ms frontier=  0.000ms semisort=  0.002ms (keyed= 0.000ms group_by=  0.000ms per_group= 0.001ms)
[pe] round=399 work=        1 frontier=        2 next=        1 consolidate=  0.001ms frontier=  0.000ms semisort=  0.002ms (keyed= 0.000ms group_by=  0.000ms per_group= 0.001ms)
[pe] round=400 work=        1 frontier=        2 next=        1 consolidate=  0.001ms frontier=  0.000ms semisort=  0.002ms (keyed= 0.000ms group_by=  0.000ms per_group= 0.001ms)
[pe] round=401 work=        1 frontier=        2 next=        1 consolidate=  0.001ms frontier=  0.000ms semisort=  0.002ms (keyed= 0.000ms group_by=  0.000ms per_group= 0.001ms)
[pe] round=402 work=        1 frontier=        2 next=        1 consolidate=  0.001ms frontier=  0.000ms semisort=  0.002ms (keyed= 0.000ms group_by=  0.000ms per_group= 0.001ms)
[pe] round=403 work=        1 frontier=        2 next=        1 consolidate=  0.001ms frontier=  0.000ms semisort=  0.002ms (keyed= 0.000ms group_by=  0.000ms per_group= 0.001ms)
[pe] round=404 work=        1 frontier=        2 next=        1 consolidate=  0.001ms frontier=  0.000ms semisort=  0.002ms (keyed= 0.000ms group_by=  0.000ms per_group= 0.001ms)
[pe] round=405 work=        1 frontier=        2 next=        1 consolidate=  0.001ms frontier=  0.000ms semisort=  0.002ms (keyed= 0.000ms group_by=  0.000ms per_group= 0.001ms)
[pe] round=406 work=        1 frontier=        2 next=        1 consolidate=  0.001ms frontier=  0.000ms semisort=  0.002ms (keyed= 0.000ms group_by=  0.000ms per_group= 0.001ms)
[pe] round=407 work=        1 frontier=        2 next=        1 consolidate=  0.001ms frontier=  0.000ms semisort=  0.002ms (keyed= 0.000ms group_by=  0.000ms per_group= 0.001ms)
[pe] round=408 work=        1 frontier=        2 next=        1 consolidate=  0.001ms frontier=  0.000ms semisort=  0.002ms (keyed= 0.000ms group_by=  0.000ms per_group= 0.001ms)
[pe] round=409 work=        1 frontier=        2 next=        1 consolidate=  0.001ms frontier=  0.000ms semisort=  0.002ms (keyed= 0.000ms group_by=  0.000ms per_group= 0.001ms)
[pe] round=410 work=        1 frontier=        2 next=        1 consolidate=  0.001ms frontier=  0.000ms semisort=  0.002ms (keyed= 0.000ms group_by=  0.000ms per_group= 0.001ms)
[pe] round=411 work=        1 frontier=        2 next=        1 consolidate=  0.001ms frontier=  0.000ms semisort=  0.002ms (keyed= 0.000ms group_by=  0.000ms per_group= 0.001ms)
[pe] round=412 work=        1 frontier=        2 next=        1 consolidate=  0.001ms frontier=  0.000ms semisort=  0.002ms (keyed= 0.000ms group_by=  0.000ms per_group= 0.001ms)
[pe] round=413 work=        1 frontier=        2 next=        1 consolidate=  0.001ms frontier=  0.000ms semisort=  0.002ms (keyed= 0.000ms group_by=  0.000ms per_group= 0.001ms)
[pe] round=414 work=        1 frontier=        2 next=        1 consolidate=  0.001ms frontier=  0.000ms semisort=  0.002ms (keyed= 0.000ms group_by=  0.000ms per_group= 0.001ms)
[pe] round=415 work=        1 frontier=        2 next=        1 consolidate=  0.001ms frontier=  0.000ms semisort=  0.002ms (keyed= 0.000ms group_by=  0.000ms per_group= 0.001ms)
[pe] round=416 work=        1 frontier=        2 next=        1 consolidate=  0.001ms frontier=  0.000ms semisort=  0.002ms (keyed= 0.000ms group_by=  0.000ms per_group= 0.001ms)
[pe] round=417 work=        1 frontier=        2 next=        1 consolidate=  0.001ms frontier=  0.000ms semisort=  0.002ms (keyed= 0.000ms group_by=  0.000ms per_group= 0.001ms)
[pe] round=418 work=        1 frontier=        2 next=        1 consolidate=  0.001ms frontier=  0.000ms semisort=  0.002ms (keyed= 0.000ms group_by=  0.000ms per_group= 0.001ms)
[pe] round=419 work=        1 frontier=        2 next=        1 consolidate=  0.001ms frontier=  0.000ms semisort=  0.002ms (keyed= 0.000ms group_by=  0.000ms per_group= 0.001ms)
[pe] round=420 work=        1 frontier=        2 next=        1 consolidate=  0.001ms frontier=  0.000ms semisort=  0.002ms (keyed= 0.000ms group_by=  0.000ms per_group= 0.001ms)
[pe] round=421 work=        1 frontier=        2 next=        1 consolidate=  0.001ms frontier=  0.000ms semisort=  0.002ms (keyed= 0.000ms group_by=  0.000ms per_group= 0.001ms)
[pe] round=422 work=        1 frontier=        2 next=        1 consolidate=  0.001ms frontier=  0.000ms semisort=  0.002ms (keyed= 0.000ms group_by=  0.000ms per_group= 0.001ms)
[pe] round=423 work=        1 frontier=        2 next=        1 consolidate=  0.001ms frontier=  0.000ms semisort=  0.002ms (keyed= 0.000ms group_by=  0.000ms per_group= 0.001ms)
[pe] round=424 work=        1 frontier=        2 next=        1 consolidate=  0.001ms frontier=  0.000ms semisort=  0.002ms (keyed= 0.000ms group_by=  0.000ms per_group= 0.001ms)
[pe] round=425 work=        1 frontier=        2 next=        1 consolidate=  0.001ms frontier=  0.000ms semisort=  0.002ms (keyed= 0.000ms group_by=  0.000ms per_group= 0.001ms)
[pe] round=426 work=        1 frontier=        2 next=        1 consolidate=  0.001ms frontier=  0.000ms semisort=  0.002ms (keyed= 0.000ms group_by=  0.000ms per_group= 0.001ms)
[pe] round=427 work=        1 frontier=        2 next=        1 consolidate=  0.001ms frontier=  0.000ms semisort=  0.002ms (keyed= 0.000ms group_by=  0.000ms per_group= 0.001ms)
[pe] round=428 work=        1 frontier=        2 next=        1 consolidate=  0.001ms frontier=  0.000ms semisort=  0.002ms (keyed= 0.000ms group_by=  0.000ms per_group= 0.001ms)
[pe] round=429 work=        1 frontier=        2 next=        1 consolidate=  0.001ms frontier=  0.000ms semisort=  0.002ms (keyed= 0.000ms group_by=  0.000ms per_group= 0.001ms)
[pe] round=430 work=        1 frontier=        2 next=        1 consolidate=  0.001ms frontier=  0.000ms semisort=  0.002ms (keyed= 0.000ms group_by=  0.000ms per_group= 0.001ms)
[pe] round=431 work=        1 frontier=        2 next=        1 consolidate=  0.001ms frontier=  0.000ms semisort=  0.002ms (keyed= 0.000ms group_by=  0.000ms per_group= 0.001ms)
[pe] round=432 work=        1 frontier=        2 next=        1 consolidate=  0.001ms frontier=  0.000ms semisort=  0.002ms (keyed= 0.000ms group_by=  0.000ms per_group= 0.001ms)
[pe] round=433 work=        1 frontier=        2 next=        1 consolidate=  0.001ms frontier=  0.000ms semisort=  0.002ms (keyed= 0.000ms group_by=  0.000ms per_group= 0.001ms)
[pe] round=434 work=        1 frontier=        2 next=        1 consolidate=  0.001ms frontier=  0.000ms semisort=  0.002ms (keyed= 0.000ms group_by=  0.000ms per_group= 0.001ms)
[pe] round=435 work=        1 frontier=        2 next=        1 consolidate=  0.001ms frontier=  0.000ms semisort=  0.002ms (keyed= 0.000ms group_by=  0.000ms per_group= 0.001ms)
[pe] round=436 work=        1 frontier=        2 next=        1 consolidate=  0.001ms frontier=  0.000ms semisort=  0.002ms (keyed= 0.000ms group_by=  0.000ms per_group= 0.001ms)
[pe] round=437 work=        1 frontier=        2 next=        1 consolidate=  0.001ms frontier=  0.000ms semisort=  0.002ms (keyed= 0.000ms group_by=  0.000ms per_group= 0.001ms)
[pe] round=438 work=        1 frontier=        2 next=        1 consolidate=  0.001ms frontier=  0.000ms semisort=  0.002ms (keyed= 0.000ms group_by=  0.000ms per_group= 0.001ms)
[pe] round=439 work=        1 frontier=        2 next=        1 consolidate=  0.001ms frontier=  0.000ms semisort=  0.002ms (keyed= 0.000ms group_by=  0.000ms per_group= 0.001ms)
[pe] round=440 work=        1 frontier=        2 next=        1 consolidate=  0.001ms frontier=  0.000ms semisort=  0.002ms (keyed= 0.000ms group_by=  0.000ms per_group= 0.001ms)
[pe] round=441 work=        1 frontier=        2 next=        1 consolidate=  0.001ms frontier=  0.000ms semisort=  0.002ms (keyed= 0.000ms group_by=  0.000ms per_group= 0.001ms)
[pe] round=442 work=        1 frontier=        2 next=        1 consolidate=  0.001ms frontier=  0.000ms semisort=  0.002ms (keyed= 0.000ms group_by=  0.000ms per_group= 0.001ms)
[pe] round=443 work=        1 frontier=        2 next=        1 consolidate=  0.001ms frontier=  0.000ms semisort=  0.002ms (keyed= 0.000ms group_by=  0.000ms per_group= 0.001ms)
[pe] round=444 work=        1 frontier=        2 next=        1 consolidate=  0.001ms frontier=  0.000ms semisort=  0.002ms (keyed= 0.000ms group_by=  0.000ms per_group= 0.001ms)
[pe] round=445 work=        1 frontier=        2 next=        1 consolidate=  0.001ms frontier=  0.000ms semisort=  0.002ms (keyed= 0.000ms group_by=  0.000ms per_group= 0.001ms)
[pe] round=446 work=        1 frontier=        2 next=        1 consolidate=  0.001ms frontier=  0.000ms semisort=  0.002ms (keyed= 0.000ms group_by=  0.000ms per_group= 0.001ms)
[pe] round=447 work=        1 frontier=        2 next=        1 consolidate=  0.001ms frontier=  0.000ms semisort=  0.002ms (keyed= 0.000ms group_by=  0.000ms per_group= 0.001ms)
[pe] round=448 work=        1 frontier=        2 next=        1 consolidate=  0.001ms frontier=  0.000ms semisort=  0.002ms (keyed= 0.000ms group_by=  0.000ms per_group= 0.001ms)
[pe] round=449 work=        1 frontier=        2 next=        1 consolidate=  0.001ms frontier=  0.000ms semisort=  0.002ms (keyed= 0.000ms group_by=  0.000ms per_group= 0.001ms)
[pe] round=450 work=        1 frontier=        2 next=        1 consolidate=  0.001ms frontier=  0.000ms semisort=  0.002ms (keyed= 0.000ms group_by=  0.000ms per_group= 0.001ms)
[pe] round=451 work=        1 frontier=        2 next=        1 consolidate=  0.001ms frontier=  0.000ms semisort=  0.002ms (keyed= 0.000ms group_by=  0.000ms per_group= 0.001ms)
[pe] round=452 work=        1 frontier=        2 next=        1 consolidate=  0.001ms frontier=  0.000ms semisort=  0.002ms (keyed= 0.000ms group_by=  0.000ms per_group= 0.001ms)
[pe] round=453 work=        1 frontier=        2 next=        1 consolidate=  0.001ms frontier=  0.000ms semisort=  0.002ms (keyed= 0.000ms group_by=  0.000ms per_group= 0.001ms)
[pe] round=454 work=        1 frontier=        2 next=        1 consolidate=  0.001ms frontier=  0.000ms semisort=  0.002ms (keyed= 0.000ms group_by=  0.000ms per_group= 0.001ms)
[pe] round=455 work=        1 frontier=        2 next=        1 consolidate=  0.001ms frontier=  0.000ms semisort=  0.002ms (keyed= 0.000ms group_by=  0.000ms per_group= 0.001ms)
[pe] round=456 work=        1 frontier=        2 next=        1 consolidate=  0.001ms frontier=  0.000ms semisort=  0.002ms (keyed= 0.000ms group_by=  0.000ms per_group= 0.001ms)
[pe] round=457 work=        1 frontier=        2 next=        1 consolidate=  0.001ms frontier=  0.000ms semisort=  0.002ms (keyed= 0.000ms group_by=  0.000ms per_group= 0.001ms)
[pe] round=458 work=        1 frontier=        2 next=        1 consolidate=  0.001ms frontier=  0.000ms semisort=  0.002ms (keyed= 0.000ms group_by=  0.000ms per_group= 0.001ms)
[pe] round=459 work=        1 frontier=        2 next=        1 consolidate=  0.001ms frontier=  0.000ms semisort=  0.002ms (keyed= 0.000ms group_by=  0.000ms per_group= 0.001ms)
[pe] round=460 work=        1 frontier=        2 next=        1 consolidate=  0.001ms frontier=  0.000ms semisort=  0.002ms (keyed= 0.000ms group_by=  0.000ms per_group= 0.001ms)
[pe] round=461 work=        1 frontier=        2 next=        1 consolidate=  0.001ms frontier=  0.000ms semisort=  0.002ms (keyed= 0.000ms group_by=  0.000ms per_group= 0.001ms)
[pe] round=462 work=        1 frontier=        2 next=        1 consolidate=  0.001ms frontier=  0.000ms semisort=  0.002ms (keyed= 0.000ms group_by=  0.000ms per_group= 0.001ms)
[pe] round=463 work=        1 frontier=        2 next=        1 consolidate=  0.001ms frontier=  0.000ms semisort=  0.002ms (keyed= 0.000ms group_by=  0.000ms per_group= 0.001ms)
[pe] round=464 work=        1 frontier=        2 next=        1 consolidate=  0.001ms frontier=  0.000ms semisort=  0.002ms (keyed= 0.000ms group_by=  0.000ms per_group= 0.001ms)
[pe] round=465 work=        1 frontier=        2 next=        1 consolidate=  0.001ms frontier=  0.000ms semisort=  0.002ms (keyed= 0.000ms group_by=  0.000ms per_group= 0.001ms)
[pe] round=466 work=        1 frontier=        2 next=        1 consolidate=  0.001ms frontier=  0.000ms semisort=  0.002ms (keyed= 0.000ms group_by=  0.000ms per_group= 0.001ms)
[pe] round=467 work=        1 frontier=        2 next=        1 consolidate=  0.001ms frontier=  0.000ms semisort=  0.002ms (keyed= 0.000ms group_by=  0.000ms per_group= 0.001ms)
[pe] round=468 work=        1 frontier=        2 next=        1 consolidate=  0.001ms frontier=  0.000ms semisort=  0.002ms (keyed= 0.000ms group_by=  0.000ms per_group= 0.001ms)
[pe] round=469 work=        1 frontier=        2 next=        1 consolidate=  0.001ms frontier=  0.000ms semisort=  0.002ms (keyed= 0.000ms group_by=  0.000ms per_group= 0.001ms)
[pe] round=470 work=        1 frontier=        2 next=        1 consolidate=  0.001ms frontier=  0.000ms semisort=  0.002ms (keyed= 0.000ms group_by=  0.000ms per_group= 0.001ms)
[pe] round=471 work=        1 frontier=        2 next=        1 consolidate=  0.001ms frontier=  0.000ms semisort=  0.002ms (keyed= 0.000ms group_by=  0.000ms per_group= 0.001ms)
[pe] round=472 work=        1 frontier=        2 next=        1 consolidate=  0.001ms frontier=  0.000ms semisort=  0.002ms (keyed= 0.000ms group_by=  0.000ms per_group= 0.001ms)
[pe] round=473 work=        1 frontier=        2 next=        1 consolidate=  0.001ms frontier=  0.000ms semisort=  0.002ms (keyed= 0.000ms group_by=  0.000ms per_group= 0.001ms)
[pe] round=474 work=        1 frontier=        2 next=        1 consolidate=  0.001ms frontier=  0.000ms semisort=  0.002ms (keyed= 0.000ms group_by=  0.000ms per_group= 0.001ms)
[pe] round=475 work=        1 frontier=        2 next=        1 consolidate=  0.001ms frontier=  0.000ms semisort=  0.002ms (keyed= 0.000ms group_by=  0.000ms per_group= 0.001ms)
[pe] round=476 work=        1 frontier=        2 next=        1 consolidate=  0.001ms frontier=  0.000ms semisort=  0.002ms (keyed= 0.000ms group_by=  0.000ms per_group= 0.001ms)
[pe] round=477 work=        1 frontier=        2 next=        1 consolidate=  0.001ms frontier=  0.000ms semisort=  0.002ms (keyed= 0.000ms group_by=  0.000ms per_group= 0.001ms)
[pe] round=478 work=        1 frontier=        2 next=        1 consolidate=  0.001ms frontier=  0.000ms semisort=  0.002ms (keyed= 0.000ms group_by=  0.000ms per_group= 0.001ms)
[pe] round=479 work=        1 frontier=        2 next=        1 consolidate=  0.001ms frontier=  0.000ms semisort=  0.002ms (keyed= 0.000ms group_by=  0.000ms per_group= 0.001ms)
[pe] round=480 work=        1 frontier=        2 next=        1 consolidate=  0.001ms frontier=  0.000ms semisort=  0.002ms (keyed= 0.000ms group_by=  0.000ms per_group= 0.001ms)
[pe] round=481 work=        1 frontier=        2 next=        1 consolidate=  0.001ms frontier=  0.000ms semisort=  0.002ms (keyed= 0.000ms group_by=  0.000ms per_group= 0.001ms)
[pe] round=482 work=        1 frontier=        2 next=        1 consolidate=  0.001ms frontier=  0.000ms semisort=  0.002ms (keyed= 0.000ms group_by=  0.000ms per_group= 0.001ms)
[pe] round=483 work=        1 frontier=        2 next=        1 consolidate=  0.001ms frontier=  0.000ms semisort=  0.002ms (keyed= 0.000ms group_by=  0.000ms per_group= 0.001ms)
[pe] round=484 work=        1 frontier=        2 next=        1 consolidate=  0.001ms frontier=  0.000ms semisort=  0.002ms (keyed= 0.000ms group_by=  0.000ms per_group= 0.001ms)
[pe] round=485 work=        1 frontier=        2 next=        1 consolidate=  0.001ms frontier=  0.000ms semisort=  0.002ms (keyed= 0.000ms group_by=  0.000ms per_group= 0.001ms)
[pe] round=486 work=        1 frontier=        2 next=        1 consolidate=  0.001ms frontier=  0.000ms semisort=  0.002ms (keyed= 0.000ms group_by=  0.000ms per_group= 0.001ms)
[pe] round=487 work=        1 frontier=        2 next=        1 consolidate=  0.001ms frontier=  0.000ms semisort=  0.002ms (keyed= 0.000ms group_by=  0.000ms per_group= 0.001ms)
[pe] round=488 work=        1 frontier=        2 next=        1 consolidate=  0.001ms frontier=  0.000ms semisort=  0.002ms (keyed= 0.000ms group_by=  0.000ms per_group= 0.001ms)
[pe] round=489 work=        1 frontier=        2 next=        1 consolidate=  0.001ms frontier=  0.000ms semisort=  0.002ms (keyed= 0.000ms group_by=  0.000ms per_group= 0.001ms)
[pe] round=490 work=        1 frontier=        2 next=        1 consolidate=  0.001ms frontier=  0.000ms semisort=  0.002ms (keyed= 0.000ms group_by=  0.000ms per_group= 0.001ms)
[pe] round=491 work=        1 frontier=        2 next=        1 consolidate=  0.001ms frontier=  0.000ms semisort=  0.002ms (keyed= 0.000ms group_by=  0.000ms per_group= 0.001ms)
[pe] round=492 work=        1 frontier=        2 next=        1 consolidate=  0.001ms frontier=  0.000ms semisort=  0.002ms (keyed= 0.000ms group_by=  0.000ms per_group= 0.001ms)
[pe] round=493 work=        1 frontier=        2 next=        1 consolidate=  0.001ms frontier=  0.000ms semisort=  0.002ms (keyed= 0.000ms group_by=  0.000ms per_group= 0.001ms)
[pe] round=494 work=        1 frontier=        2 next=        1 consolidate=  0.001ms frontier=  0.000ms semisort=  0.002ms (keyed= 0.000ms group_by=  0.000ms per_group= 0.001ms)
[pe] round=495 work=        1 frontier=        2 next=        1 consolidate=  0.001ms frontier=  0.000ms semisort=  0.002ms (keyed= 0.000ms group_by=  0.000ms per_group= 0.001ms)
[pe] round=496 work=        1 frontier=        2 next=        1 consolidate=  0.001ms frontier=  0.000ms semisort=  0.002ms (keyed= 0.000ms group_by=  0.000ms per_group= 0.001ms)
[pe] round=497 work=        1 frontier=        2 next=        1 consolidate=  0.001ms frontier=  0.000ms semisort=  0.002ms (keyed= 0.000ms group_by=  0.000ms per_group= 0.001ms)
[pe] round=498 work=        1 frontier=        2 next=        1 consolidate=  0.001ms frontier=  0.000ms semisort=  0.002ms (keyed= 0.000ms group_by=  0.000ms per_group= 0.001ms)
[pe] round=499 work=        1 frontier=        2 next=        1 consolidate=  0.001ms frontier=  0.000ms semisort=  0.002ms (keyed= 0.000ms group_by=  0.000ms per_group= 0.001ms)
[pe] round=500 work=        1 frontier=        2 next=        1 consolidate=  0.001ms frontier=  0.000ms semisort=  0.002ms (keyed= 0.000ms group_by=  0.000ms per_group= 0.001ms)
[pe] round=501 work=        1 frontier=        2 next=        1 consolidate=  0.001ms frontier=  0.000ms semisort=  0.002ms (keyed= 0.000ms group_by=  0.000ms per_group= 0.001ms)
[pe] round=502 work=        1 frontier=        2 next=        1 consolidate=  0.001ms frontier=  0.000ms semisort=  0.002ms (keyed= 0.000ms group_by=  0.000ms per_group= 0.001ms)
[pe] round=503 work=        1 frontier=        2 next=        1 consolidate=  0.001ms frontier=  0.000ms semisort=  0.002ms (keyed= 0.000ms group_by=  0.000ms per_group= 0.001ms)
[pe] round=504 work=        1 frontier=        2 next=        1 consolidate=  0.001ms frontier=  0.000ms semisort=  0.002ms (keyed= 0.000ms group_by=  0.000ms per_group= 0.001ms)
[pe] round=505 work=        1 frontier=        2 next=        1 consolidate=  0.001ms frontier=  0.000ms semisort=  0.002ms (keyed= 0.000ms group_by=  0.000ms per_group= 0.001ms)
[pe] round=506 work=        1 frontier=        2 next=        1 consolidate=  0.001ms frontier=  0.000ms semisort=  0.002ms (keyed= 0.000ms group_by=  0.000ms per_group= 0.001ms)
[pe] round=507 work=        1 frontier=        2 next=        1 consolidate=  0.001ms frontier=  0.000ms semisort=  0.002ms (keyed= 0.000ms group_by=  0.000ms per_group= 0.001ms)
[pe] round=508 work=        1 frontier=        2 next=        1 consolidate=  0.001ms frontier=  0.000ms semisort=  0.002ms (keyed= 0.000ms group_by=  0.000ms per_group= 0.001ms)
[pe] round=509 work=        1 frontier=        2 next=        1 consolidate=  0.001ms frontier=  0.000ms semisort=  0.002ms (keyed= 0.000ms group_by=  0.000ms per_group= 0.001ms)
[pe] round=510 work=        1 frontier=        2 next=        1 consolidate=  0.001ms frontier=  0.000ms semisort=  0.002ms (keyed= 0.000ms group_by=  0.000ms per_group= 0.001ms)
[pe] round=511 work=        1 frontier=        2 next=        1 consolidate=  0.001ms frontier=  0.000ms semisort=  0.002ms (keyed= 0.000ms group_by=  0.000ms per_group= 0.001ms)
[pe] round=512 work=        1 frontier=        2 next=        1 consolidate=  0.001ms frontier=  0.000ms semisort=  0.002ms (keyed= 0.000ms group_by=  0.000ms per_group= 0.001ms)
[pe] round=513 work=        1 frontier=        2 next=        1 consolidate=  0.001ms frontier=  0.000ms semisort=  0.002ms (keyed= 0.000ms group_by=  0.000ms per_group= 0.001ms)
[pe] round=514 work=        1 frontier=        2 next=        1 consolidate=  0.001ms frontier=  0.000ms semisort=  0.002ms (keyed= 0.000ms group_by=  0.000ms per_group= 0.001ms)
[pe] round=515 work=        1 frontier=        2 next=        1 consolidate=  0.001ms frontier=  0.000ms semisort=  0.002ms (keyed= 0.000ms group_by=  0.000ms per_group= 0.001ms)
[pe] round=516 work=        1 frontier=        2 next=        1 consolidate=  0.001ms frontier=  0.000ms semisort=  0.002ms (keyed= 0.000ms group_by=  0.000ms per_group= 0.001ms)
[pe] round=517 work=        1 frontier=        2 next=        1 consolidate=  0.001ms frontier=  0.000ms semisort=  0.002ms (keyed= 0.000ms group_by=  0.000ms per_group= 0.001ms)
[pe] round=518 work=        1 frontier=        2 next=        1 consolidate=  0.001ms frontier=  0.000ms semisort=  0.002ms (keyed= 0.000ms group_by=  0.000ms per_group= 0.001ms)
[pe] round=519 work=        1 frontier=        2 next=        1 consolidate=  0.001ms frontier=  0.000ms semisort=  0.002ms (keyed= 0.000ms group_by=  0.000ms per_group= 0.001ms)
[pe] round=520 work=        1 frontier=        2 next=        1 consolidate=  0.001ms frontier=  0.000ms semisort=  0.002ms (keyed= 0.000ms group_by=  0.000ms per_group= 0.001ms)
[pe] round=521 work=        1 frontier=        2 next=        1 consolidate=  0.001ms frontier=  0.000ms semisort=  0.002ms (keyed= 0.000ms group_by=  0.000ms per_group= 0.001ms)
[pe] round=522 work=        1 frontier=        2 next=        1 consolidate=  0.005ms frontier=  0.000ms semisort=  0.002ms (keyed= 0.000ms group_by=  0.000ms per_group= 0.001ms)
[pe] round=523 work=        1 frontier=        2 next=        1 consolidate=  0.001ms frontier=  0.000ms semisort=  0.002ms (keyed= 0.000ms group_by=  0.000ms per_group= 0.001ms)
[pe] round=524 work=        1 frontier=        2 next=        1 consolidate=  0.001ms frontier=  0.000ms semisort=  0.002ms (keyed= 0.000ms group_by=  0.000ms per_group= 0.001ms)
[pe] round=525 work=        1 frontier=        2 next=        1 consolidate=  0.001ms frontier=  0.000ms semisort=  0.002ms (keyed= 0.000ms group_by=  0.000ms per_group= 0.001ms)
[pe] round=526 work=        1 frontier=        2 next=        1 consolidate=  0.001ms frontier=  0.000ms semisort=  0.002ms (keyed= 0.000ms group_by=  0.000ms per_group= 0.001ms)
[pe] round=527 work=        1 frontier=        2 next=        1 consolidate=  0.001ms frontier=  0.000ms semisort=  0.002ms (keyed= 0.000ms group_by=  0.000ms per_group= 0.001ms)
[pe] round=528 work=        1 frontier=        2 next=        1 consolidate=  0.001ms frontier=  0.000ms semisort=  0.002ms (keyed= 0.000ms group_by=  0.000ms per_group= 0.001ms)
[pe] round=529 work=        1 frontier=        2 next=        1 consolidate=  0.001ms frontier=  0.000ms semisort=  0.002ms (keyed= 0.000ms group_by=  0.000ms per_group= 0.001ms)
[pe] round=530 work=        1 frontier=        2 next=        1 consolidate=  0.001ms frontier=  0.000ms semisort=  0.002ms (keyed= 0.000ms group_by=  0.000ms per_group= 0.001ms)
[pe] round=531 work=        1 frontier=        2 next=        1 consolidate=  0.001ms frontier=  0.000ms semisort=  0.002ms (keyed= 0.000ms group_by=  0.000ms per_group= 0.001ms)
[pe] round=532 work=        1 frontier=        2 next=        1 consolidate=  0.001ms frontier=  0.000ms semisort=  0.002ms (keyed= 0.000ms group_by=  0.000ms per_group= 0.001ms)
[pe] round=533 work=        1 frontier=        2 next=        1 consolidate=  0.001ms frontier=  0.000ms semisort=  0.002ms (keyed= 0.000ms group_by=  0.000ms per_group= 0.001ms)
[pe] round=534 work=        1 frontier=        2 next=        1 consolidate=  0.001ms frontier=  0.000ms semisort=  0.002ms (keyed= 0.000ms group_by=  0.000ms per_group= 0.001ms)
[pe] round=535 work=        1 frontier=        2 next=        1 consolidate=  0.001ms frontier=  0.000ms semisort=  0.002ms (keyed= 0.000ms group_by=  0.000ms per_group= 0.001ms)
[pe] round=536 work=        1 frontier=        2 next=        1 consolidate=  0.001ms frontier=  0.000ms semisort=  0.002ms (keyed= 0.000ms group_by=  0.000ms per_group= 0.001ms)
[pe] round=537 work=        1 frontier=        2 next=        1 consolidate=  0.001ms frontier=  0.000ms semisort=  0.002ms (keyed= 0.000ms group_by=  0.000ms per_group= 0.001ms)
[pe] round=538 work=        1 frontier=        2 next=        1 consolidate=  0.001ms frontier=  0.000ms semisort=  0.002ms (keyed= 0.000ms group_by=  0.000ms per_group= 0.001ms)
[pe] round=539 work=        1 frontier=        2 next=        1 consolidate=  0.001ms frontier=  0.000ms semisort=  0.002ms (keyed= 0.000ms group_by=  0.000ms per_group= 0.001ms)
[pe] round=540 work=        1 frontier=        2 next=        1 consolidate=  0.001ms frontier=  0.000ms semisort=  0.002ms (keyed= 0.000ms group_by=  0.000ms per_group= 0.001ms)
[pe] round=541 work=        1 frontier=        2 next=        1 consolidate=  0.001ms frontier=  0.000ms semisort=  0.002ms (keyed= 0.000ms group_by=  0.000ms per_group= 0.001ms)
[pe] round=542 work=        1 frontier=        2 next=        1 consolidate=  0.001ms frontier=  0.000ms semisort=  0.002ms (keyed= 0.000ms group_by=  0.000ms per_group= 0.001ms)
[pe] round=543 work=        1 frontier=        2 next=        1 consolidate=  0.001ms frontier=  0.000ms semisort=  0.002ms (keyed= 0.000ms group_by=  0.000ms per_group= 0.001ms)
[pe] round=544 work=        1 frontier=        2 next=        1 consolidate=  0.001ms frontier=  0.000ms semisort=  0.002ms (keyed= 0.000ms group_by=  0.000ms per_group= 0.001ms)
[pe] round=545 work=        1 frontier=        2 next=        1 consolidate=  0.001ms frontier=  0.000ms semisort=  0.002ms (keyed= 0.000ms group_by=  0.000ms per_group= 0.001ms)
[pe] round=546 work=        1 frontier=        2 next=        1 consolidate=  0.001ms frontier=  0.000ms semisort=  0.002ms (keyed= 0.000ms group_by=  0.000ms per_group= 0.001ms)
[pe] round=547 work=        1 frontier=        2 next=        1 consolidate=  0.001ms frontier=  0.000ms semisort=  0.002ms (keyed= 0.000ms group_by=  0.000ms per_group= 0.001ms)
[pe] round=548 work=        1 frontier=        2 next=        1 consolidate=  0.001ms frontier=  0.000ms semisort=  0.002ms (keyed= 0.000ms group_by=  0.000ms per_group= 0.001ms)
[pe] round=549 work=        1 frontier=        2 next=        1 consolidate=  0.001ms frontier=  0.000ms semisort=  0.002ms (keyed= 0.000ms group_by=  0.000ms per_group= 0.001ms)
[pe] round=550 work=        1 frontier=        2 next=        1 consolidate=  0.001ms frontier=  0.000ms semisort=  0.002ms (keyed= 0.000ms group_by=  0.000ms per_group= 0.001ms)
[pe] round=551 work=        1 frontier=        2 next=        1 consolidate=  0.001ms frontier=  0.000ms semisort=  0.002ms (keyed= 0.000ms group_by=  0.000ms per_group= 0.001ms)
[pe] round=552 work=        1 frontier=        2 next=        1 consolidate=  0.001ms frontier=  0.000ms semisort=  0.002ms (keyed= 0.000ms group_by=  0.000ms per_group= 0.001ms)
[pe] round=553 work=        1 frontier=        2 next=        1 consolidate=  0.001ms frontier=  0.000ms semisort=  0.002ms (keyed= 0.000ms group_by=  0.000ms per_group= 0.001ms)
[pe] round=554 work=        1 frontier=        2 next=        1 consolidate=  0.001ms frontier=  0.000ms semisort=  0.002ms (keyed= 0.000ms group_by=  0.000ms per_group= 0.001ms)
[pe] round=555 work=        1 frontier=        2 next=        1 consolidate=  0.001ms frontier=  0.000ms semisort=  0.002ms (keyed= 0.000ms group_by=  0.000ms per_group= 0.001ms)
[pe] round=556 work=        1 frontier=        2 next=        1 consolidate=  0.001ms frontier=  0.000ms semisort=  0.002ms (keyed= 0.000ms group_by=  0.000ms per_group= 0.001ms)
[pe] round=557 work=        1 frontier=        2 next=        1 consolidate=  0.001ms frontier=  0.000ms semisort=  0.002ms (keyed= 0.000ms group_by=  0.000ms per_group= 0.001ms)
[pe] round=558 work=        1 frontier=        2 next=        1 consolidate=  0.001ms frontier=  0.000ms semisort=  0.002ms (keyed= 0.000ms group_by=  0.000ms per_group= 0.001ms)
[pe] round=559 work=        1 frontier=        2 next=        1 consolidate=  0.001ms frontier=  0.000ms semisort=  0.002ms (keyed= 0.000ms group_by=  0.000ms per_group= 0.001ms)
[pe] round=560 work=        1 frontier=        2 next=        1 consolidate=  0.001ms frontier=  0.000ms semisort=  0.002ms (keyed= 0.000ms group_by=  0.000ms per_group= 0.001ms)
[pe] round=561 work=        1 frontier=        2 next=        1 consolidate=  0.001ms frontier=  0.000ms semisort=  0.002ms (keyed= 0.000ms group_by=  0.000ms per_group= 0.001ms)
[pe] round=562 work=        1 frontier=        2 next=        1 consolidate=  0.001ms frontier=  0.000ms semisort=  0.002ms (keyed= 0.000ms group_by=  0.000ms per_group= 0.001ms)
[pe] round=563 work=        1 frontier=        2 next=        1 consolidate=  0.001ms frontier=  0.000ms semisort=  0.002ms (keyed= 0.000ms group_by=  0.000ms per_group= 0.001ms)
[pe] round=564 work=        1 frontier=        2 next=        1 consolidate=  0.001ms frontier=  0.000ms semisort=  0.002ms (keyed= 0.000ms group_by=  0.000ms per_group= 0.001ms)
[pe] round=565 work=        1 frontier=        2 next=        1 consolidate=  0.001ms frontier=  0.000ms semisort=  0.002ms (keyed= 0.000ms group_by=  0.000ms per_group= 0.001ms)
[pe] round=566 work=        1 frontier=        2 next=        1 consolidate=  0.001ms frontier=  0.000ms semisort=  0.002ms (keyed= 0.000ms group_by=  0.000ms per_group= 0.001ms)
[pe] round=567 work=        1 frontier=        2 next=        1 consolidate=  0.001ms frontier=  0.000ms semisort=  0.002ms (keyed= 0.000ms group_by=  0.000ms per_group= 0.001ms)
[pe] round=568 work=        1 frontier=        2 next=        1 consolidate=  0.001ms frontier=  0.000ms semisort=  0.002ms (keyed= 0.000ms group_by=  0.000ms per_group= 0.001ms)
[pe] round=569 work=        1 frontier=        2 next=        1 consolidate=  0.001ms frontier=  0.000ms semisort=  0.002ms (keyed= 0.000ms group_by=  0.000ms per_group= 0.001ms)
[pe] round=570 work=        1 frontier=        2 next=        1 consolidate=  0.001ms frontier=  0.000ms semisort=  0.002ms (keyed= 0.000ms group_by=  0.000ms per_group= 0.001ms)
[pe] round=571 work=        1 frontier=        2 next=        1 consolidate=  0.001ms frontier=  0.000ms semisort=  0.002ms (keyed= 0.000ms group_by=  0.000ms per_group= 0.001ms)
[pe] round=572 work=        1 frontier=        2 next=        1 consolidate=  0.001ms frontier=  0.000ms semisort=  0.002ms (keyed= 0.000ms group_by=  0.000ms per_group= 0.001ms)
[pe] round=573 work=        1 frontier=        2 next=        1 consolidate=  0.001ms frontier=  0.000ms semisort=  0.002ms (keyed= 0.000ms group_by=  0.000ms per_group= 0.001ms)
[pe] round=574 work=        1 frontier=        2 next=        1 consolidate=  0.001ms frontier=  0.000ms semisort=  0.002ms (keyed= 0.000ms group_by=  0.000ms per_group= 0.001ms)
[pe] round=575 work=        1 frontier=        2 next=        1 consolidate=  0.001ms frontier=  0.000ms semisort=  0.002ms (keyed= 0.000ms group_by=  0.000ms per_group= 0.001ms)
[pe] round=576 work=        1 frontier=        2 next=        1 consolidate=  0.001ms frontier=  0.000ms semisort=  0.002ms (keyed= 0.000ms group_by=  0.000ms per_group= 0.001ms)
[pe] round=577 work=        1 frontier=        2 next=        1 consolidate=  0.001ms frontier=  0.000ms semisort=  0.002ms (keyed= 0.000ms group_by=  0.000ms per_group= 0.001ms)
[pe] round=578 work=        1 frontier=        2 next=        1 consolidate=  0.001ms frontier=  0.000ms semisort=  0.002ms (keyed= 0.000ms group_by=  0.000ms per_group= 0.001ms)
[pe] round=579 work=        1 frontier=        2 next=        1 consolidate=  0.001ms frontier=  0.000ms semisort=  0.002ms (keyed= 0.000ms group_by=  0.000ms per_group= 0.001ms)
[pe] round=580 work=        1 frontier=        2 next=        1 consolidate=  0.001ms frontier=  0.000ms semisort=  0.002ms (keyed= 0.000ms group_by=  0.000ms per_group= 0.001ms)
[pe] round=581 work=        1 frontier=        2 next=        1 consolidate=  0.001ms frontier=  0.000ms semisort=  0.002ms (keyed= 0.000ms group_by=  0.000ms per_group= 0.001ms)
[pe] round=582 work=        1 frontier=        2 next=        1 consolidate=  0.001ms frontier=  0.000ms semisort=  0.002ms (keyed= 0.000ms group_by=  0.000ms per_group= 0.001ms)
[pe] round=583 work=        1 frontier=        2 next=        1 consolidate=  0.001ms frontier=  0.000ms semisort=  0.002ms (keyed= 0.000ms group_by=  0.000ms per_group= 0.001ms)
[pe] round=584 work=        1 frontier=        2 next=        1 consolidate=  0.001ms frontier=  0.000ms semisort=  0.002ms (keyed= 0.000ms group_by=  0.000ms per_group= 0.001ms)
[pe] round=585 work=        1 frontier=        2 next=        1 consolidate=  0.001ms frontier=  0.000ms semisort=  0.002ms (keyed= 0.000ms group_by=  0.000ms per_group= 0.001ms)
[pe] round=586 work=        1 frontier=        2 next=        1 consolidate=  0.002ms frontier=  0.000ms semisort=  0.002ms (keyed= 0.000ms group_by=  0.000ms per_group= 0.001ms)
[pe] round=587 work=        1 frontier=        2 next=        1 consolidate=  0.001ms frontier=  0.000ms semisort=  0.002ms (keyed= 0.000ms group_by=  0.000ms per_group= 0.001ms)
[pe] round=588 work=        1 frontier=        2 next=        1 consolidate=  0.002ms frontier=  0.000ms semisort=  0.002ms (keyed= 0.000ms group_by=  0.000ms per_group= 0.001ms)
[pe] round=589 work=        1 frontier=        2 next=        1 consolidate=  0.001ms frontier=  0.000ms semisort=  0.002ms (keyed= 0.000ms group_by=  0.000ms per_group= 0.001ms)
[pe] round=590 work=        1 frontier=        2 next=        1 consolidate=  0.002ms frontier=  0.000ms semisort=  0.002ms (keyed= 0.000ms group_by=  0.000ms per_group= 0.001ms)
[pe] round=591 work=        1 frontier=        2 next=        1 consolidate=  0.001ms frontier=  0.000ms semisort=  0.002ms (keyed= 0.000ms group_by=  0.000ms per_group= 0.001ms)
[pe] round=592 work=        1 frontier=        2 next=        1 consolidate=  0.002ms frontier=  0.000ms semisort=  0.002ms (keyed= 0.000ms group_by=  0.000ms per_group= 0.001ms)
[pe] round=593 work=        1 frontier=        2 next=        1 consolidate=  0.001ms frontier=  0.000ms semisort=  0.002ms (keyed= 0.000ms group_by=  0.000ms per_group= 0.001ms)
[pe] round=594 work=        1 frontier=        2 next=        1 consolidate=  0.002ms frontier=  0.000ms semisort=  0.002ms (keyed= 0.000ms group_by=  0.000ms per_group= 0.001ms)
[pe] round=595 work=        1 frontier=        2 next=        1 consolidate=  0.001ms frontier=  0.000ms semisort=  0.002ms (keyed= 0.000ms group_by=  0.000ms per_group= 0.001ms)
[pe] round=596 work=        1 frontier=        2 next=        1 consolidate=  0.002ms frontier=  0.000ms semisort=  0.002ms (keyed= 0.000ms group_by=  0.000ms per_group= 0.001ms)
[pe] round=597 work=        1 frontier=        2 next=        1 consolidate=  0.001ms frontier=  0.000ms semisort=  0.002ms (keyed= 0.000ms group_by=  0.000ms per_group= 0.001ms)
[pe] round=598 work=        1 frontier=        2 next=        1 consolidate=  0.001ms frontier=  0.000ms semisort=  0.002ms (keyed= 0.000ms group_by=  0.000ms per_group= 0.001ms)
[pe] round=599 work=        1 frontier=        2 next=        1 consolidate=  0.001ms frontier=  0.000ms semisort=  0.002ms (keyed= 0.000ms group_by=  0.000ms per_group= 0.001ms)
[pe] round=600 work=        1 frontier=        2 next=        1 consolidate=  0.002ms frontier=  0.000ms semisort=  0.002ms (keyed= 0.000ms group_by=  0.000ms per_group= 0.001ms)
[pe] round=601 work=        1 frontier=        2 next=        1 consolidate=  0.001ms frontier=  0.000ms semisort=  0.002ms (keyed= 0.000ms group_by=  0.000ms per_group= 0.001ms)
[pe] round=602 work=        1 frontier=        2 next=        1 consolidate=  0.002ms frontier=  0.000ms semisort=  0.002ms (keyed= 0.000ms group_by=  0.000ms per_group= 0.001ms)
[pe] round=603 work=        1 frontier=        2 next=        1 consolidate=  0.001ms frontier=  0.000ms semisort=  0.002ms (keyed= 0.000ms group_by=  0.000ms per_group= 0.001ms)
[pe] round=604 work=        1 frontier=        2 next=        1 consolidate=  0.002ms frontier=  0.000ms semisort=  0.002ms (keyed= 0.000ms group_by=  0.000ms per_group= 0.001ms)
[pe] round=605 work=        1 frontier=        2 next=        1 consolidate=  0.001ms frontier=  0.000ms semisort=  0.002ms (keyed= 0.000ms group_by=  0.000ms per_group= 0.001ms)
[pe] round=606 work=        1 frontier=        2 next=        1 consolidate=  0.002ms frontier=  0.000ms semisort=  0.002ms (keyed= 0.000ms group_by=  0.000ms per_group= 0.001ms)
[pe] round=607 work=        1 frontier=        2 next=        1 consolidate=  0.001ms frontier=  0.000ms semisort=  0.002ms (keyed= 0.000ms group_by=  0.000ms per_group= 0.001ms)
[pe] round=608 work=        1 frontier=        2 next=        1 consolidate=  0.001ms frontier=  0.000ms semisort=  0.002ms (keyed= 0.000ms group_by=  0.000ms per_group= 0.001ms)
[pe] round=609 work=        1 frontier=        2 next=        1 consolidate=  0.001ms frontier=  0.000ms semisort=  0.002ms (keyed= 0.000ms group_by=  0.000ms per_group= 0.001ms)
[pe] round=610 work=        1 frontier=        2 next=        1 consolidate=  0.002ms frontier=  0.000ms semisort=  0.002ms (keyed= 0.000ms group_by=  0.000ms per_group= 0.001ms)
[pe] round=611 work=        1 frontier=        2 next=        1 consolidate=  0.001ms frontier=  0.000ms semisort=  0.002ms (keyed= 0.000ms group_by=  0.000ms per_group= 0.001ms)
[pe] round=612 work=        1 frontier=        2 next=        1 consolidate=  0.002ms frontier=  0.000ms semisort=  0.002ms (keyed= 0.000ms group_by=  0.000ms per_group= 0.001ms)
[pe] round=613 work=        1 frontier=        2 next=        1 consolidate=  0.001ms frontier=  0.000ms semisort=  0.002ms (keyed= 0.000ms group_by=  0.000ms per_group= 0.001ms)
[pe] round=614 work=        1 frontier=        2 next=        1 consolidate=  0.002ms frontier=  0.000ms semisort=  0.002ms (keyed= 0.000ms group_by=  0.000ms per_group= 0.001ms)
[pe] round=615 work=        1 frontier=        2 next=        1 consolidate=  0.001ms frontier=  0.000ms semisort=  0.002ms (keyed= 0.000ms group_by=  0.000ms per_group= 0.001ms)
[pe] round=616 work=        1 frontier=        2 next=        1 consolidate=  0.002ms frontier=  0.000ms semisort=  0.002ms (keyed= 0.000ms group_by=  0.000ms per_group= 0.001ms)
[pe] round=617 work=        1 frontier=        2 next=        1 consolidate=  0.001ms frontier=  0.000ms semisort=  0.002ms (keyed= 0.000ms group_by=  0.000ms per_group= 0.001ms)
[pe] round=618 work=        1 frontier=        2 next=        1 consolidate=  0.001ms frontier=  0.000ms semisort=  0.002ms (keyed= 0.000ms group_by=  0.000ms per_group= 0.001ms)
[pe] round=619 work=        1 frontier=        2 next=        1 consolidate=  0.001ms frontier=  0.000ms semisort=  0.002ms (keyed= 0.000ms group_by=  0.000ms per_group= 0.001ms)
[pe] round=620 work=        1 frontier=        2 next=        1 consolidate=  0.002ms frontier=  0.000ms semisort=  0.002ms (keyed= 0.000ms group_by=  0.000ms per_group= 0.001ms)
[pe] round=621 work=        1 frontier=        2 next=        1 consolidate=  0.001ms frontier=  0.000ms semisort=  0.002ms (keyed= 0.000ms group_by=  0.000ms per_group= 0.001ms)
[pe] round=622 work=        1 frontier=        2 next=        1 consolidate=  0.002ms frontier=  0.000ms semisort=  0.002ms (keyed= 0.000ms group_by=  0.000ms per_group= 0.001ms)
[pe] round=623 work=        1 frontier=        2 next=        1 consolidate=  0.001ms frontier=  0.000ms semisort=  0.002ms (keyed= 0.000ms group_by=  0.000ms per_group= 0.001ms)
[pe] round=624 work=        1 frontier=        2 next=        1 consolidate=  0.002ms frontier=  0.000ms semisort=  0.002ms (keyed= 0.000ms group_by=  0.000ms per_group= 0.001ms)
[pe] round=625 work=        1 frontier=        2 next=        1 consolidate=  0.001ms frontier=  0.000ms semisort=  0.002ms (keyed= 0.000ms group_by=  0.000ms per_group= 0.001ms)
[pe] round=626 work=        1 frontier=        2 next=        1 consolidate=  0.002ms frontier=  0.000ms semisort=  0.002ms (keyed= 0.000ms group_by=  0.000ms per_group= 0.001ms)
[pe] round=627 work=        1 frontier=        2 next=        1 consolidate=  0.001ms frontier=  0.000ms semisort=  0.002ms (keyed= 0.000ms group_by=  0.000ms per_group= 0.001ms)
[pe] round=628 work=        1 frontier=        2 next=        1 consolidate=  0.002ms frontier=  0.000ms semisort=  0.002ms (keyed= 0.000ms group_by=  0.000ms per_group= 0.001ms)
[pe] round=629 work=        1 frontier=        2 next=        1 consolidate=  0.001ms frontier=  0.000ms semisort=  0.002ms (keyed= 0.000ms group_by=  0.000ms per_group= 0.001ms)
[pe] round=630 work=        1 frontier=        2 next=        1 consolidate=  0.002ms frontier=  0.000ms semisort=  0.002ms (keyed= 0.000ms group_by=  0.000ms per_group= 0.001ms)
[pe] round=631 work=        1 frontier=        2 next=        1 consolidate=  0.001ms frontier=  0.000ms semisort=  0.002ms (keyed= 0.000ms group_by=  0.000ms per_group= 0.001ms)
[pe] round=632 work=        1 frontier=        2 next=        1 consolidate=  0.001ms frontier=  0.000ms semisort=  0.002ms (keyed= 0.000ms group_by=  0.000ms per_group= 0.001ms)
[pe] round=633 work=        1 frontier=        2 next=        1 consolidate=  0.001ms frontier=  0.000ms semisort=  0.002ms (keyed= 0.000ms group_by=  0.000ms per_group= 0.001ms)
[pe] round=634 work=        1 frontier=        2 next=        1 consolidate=  0.002ms frontier=  0.000ms semisort=  0.002ms (keyed= 0.000ms group_by=  0.000ms per_group= 0.001ms)
[pe] round=635 work=        1 frontier=        2 next=        1 consolidate=  0.001ms frontier=  0.000ms semisort=  0.002ms (keyed= 0.000ms group_by=  0.000ms per_group= 0.001ms)
[pe] round=636 work=        1 frontier=        2 next=        1 consolidate=  0.002ms frontier=  0.000ms semisort=  0.002ms (keyed= 0.000ms group_by=  0.000ms per_group= 0.001ms)
[pe] round=637 work=        1 frontier=        2 next=        1 consolidate=  0.001ms frontier=  0.000ms semisort=  0.002ms (keyed= 0.000ms group_by=  0.000ms per_group= 0.001ms)
[pe] round=638 work=        1 frontier=        2 next=        1 consolidate=  0.002ms frontier=  0.000ms semisort=  0.002ms (keyed= 0.000ms group_by=  0.000ms per_group= 0.001ms)
[pe] round=639 work=        1 frontier=        2 next=        1 consolidate=  0.001ms frontier=  0.000ms semisort=  0.002ms (keyed= 0.000ms group_by=  0.000ms per_group= 0.001ms)
[pe] round=640 work=        1 frontier=        2 next=        1 consolidate=  0.002ms frontier=  0.000ms semisort=  0.002ms (keyed= 0.000ms group_by=  0.000ms per_group= 0.001ms)
[pe] round=641 work=        1 frontier=        2 next=        1 consolidate=  0.001ms frontier=  0.000ms semisort=  0.002ms (keyed= 0.000ms group_by=  0.000ms per_group= 0.001ms)
[pe] round=642 work=        1 frontier=        2 next=        1 consolidate=  0.001ms frontier=  0.000ms semisort=  0.002ms (keyed= 0.000ms group_by=  0.000ms per_group= 0.001ms)
[pe] round=643 work=        1 frontier=        2 next=        1 consolidate=  0.001ms frontier=  0.000ms semisort=  0.002ms (keyed= 0.000ms group_by=  0.000ms per_group= 0.001ms)
[pe] round=644 work=        1 frontier=        2 next=        1 consolidate=  0.002ms frontier=  0.000ms semisort=  0.002ms (keyed= 0.000ms group_by=  0.000ms per_group= 0.001ms)
[pe] round=645 work=        1 frontier=        2 next=        1 consolidate=  0.001ms frontier=  0.000ms semisort=  0.002ms (keyed= 0.000ms group_by=  0.000ms per_group= 0.001ms)
[pe] round=646 work=        1 frontier=        2 next=        1 consolidate=  0.002ms frontier=  0.000ms semisort=  0.002ms (keyed= 0.000ms group_by=  0.000ms per_group= 0.001ms)
[pe] round=647 work=        1 frontier=        2 next=        1 consolidate=  0.002ms frontier=  0.000ms semisort=  0.002ms (keyed= 0.000ms group_by=  0.000ms per_group= 0.001ms)
[pe] round=648 work=        1 frontier=        2 next=        1 consolidate=  0.001ms frontier=  0.000ms semisort=  0.002ms (keyed= 0.000ms group_by=  0.000ms per_group= 0.001ms)
[pe] round=649 work=        1 frontier=        2 next=        1 consolidate=  0.002ms frontier=  0.000ms semisort=  0.002ms (keyed= 0.000ms group_by=  0.000ms per_group= 0.001ms)
[pe] round=650 work=        1 frontier=        2 next=        1 consolidate=  0.001ms frontier=  0.000ms semisort=  0.002ms (keyed= 0.000ms group_by=  0.000ms per_group= 0.001ms)
[pe] round=651 work=        1 frontier=        2 next=        1 consolidate=  0.002ms frontier=  0.000ms semisort=  0.002ms (keyed= 0.000ms group_by=  0.000ms per_group= 0.001ms)
[pe] round=652 work=        1 frontier=        2 next=        1 consolidate=  0.001ms frontier=  0.000ms semisort=  0.002ms (keyed= 0.000ms group_by=  0.000ms per_group= 0.001ms)
[pe] round=653 work=        1 frontier=        2 next=        1 consolidate=  0.002ms frontier=  0.000ms semisort=  0.002ms (keyed= 0.000ms group_by=  0.000ms per_group= 0.001ms)
[pe] round=654 work=        1 frontier=        2 next=        1 consolidate=  0.001ms frontier=  0.000ms semisort=  0.002ms (keyed= 0.000ms group_by=  0.000ms per_group= 0.001ms)
[pe] round=655 work=        1 frontier=        2 next=        1 consolidate=  0.002ms frontier=  0.000ms semisort=  0.002ms (keyed= 0.000ms group_by=  0.000ms per_group= 0.001ms)
[pe] round=656 work=        1 frontier=        2 next=        1 consolidate=  0.001ms frontier=  0.000ms semisort=  0.002ms (keyed= 0.000ms group_by=  0.000ms per_group= 0.001ms)
[pe] round=657 work=        1 frontier=        2 next=        1 consolidate=  0.002ms frontier=  0.000ms semisort=  0.002ms (keyed= 0.000ms group_by=  0.000ms per_group= 0.001ms)
[pe] round=658 work=        1 frontier=        2 next=        1 consolidate=  0.001ms frontier=  0.000ms semisort=  0.002ms (keyed= 0.000ms group_by=  0.000ms per_group= 0.001ms)
[pe] round=659 work=        1 frontier=        2 next=        1 consolidate=  0.002ms frontier=  0.000ms semisort=  0.002ms (keyed= 0.000ms group_by=  0.000ms per_group= 0.001ms)
[pe] round=660 work=        1 frontier=        2 next=        1 consolidate=  0.001ms frontier=  0.000ms semisort=  0.002ms (keyed= 0.000ms group_by=  0.000ms per_group= 0.001ms)
[pe] round=661 work=        1 frontier=        2 next=        1 consolidate=  0.001ms frontier=  0.000ms semisort=  0.002ms (keyed= 0.000ms group_by=  0.000ms per_group= 0.001ms)
[pe] round=662 work=        1 frontier=        2 next=        1 consolidate=  0.001ms frontier=  0.000ms semisort=  0.002ms (keyed= 0.000ms group_by=  0.000ms per_group= 0.001ms)
[pe] round=663 work=        1 frontier=        2 next=        1 consolidate=  0.002ms frontier=  0.000ms semisort=  0.002ms (keyed= 0.000ms group_by=  0.000ms per_group= 0.001ms)
[pe] round=664 work=        1 frontier=        2 next=        1 consolidate=  0.001ms frontier=  0.000ms semisort=  0.002ms (keyed= 0.000ms group_by=  0.000ms per_group= 0.001ms)
[pe] round=665 work=        1 frontier=        2 next=        1 consolidate=  0.002ms frontier=  0.000ms semisort=  0.002ms (keyed= 0.000ms group_by=  0.000ms per_group= 0.001ms)
[pe] round=666 work=        1 frontier=        2 next=        1 consolidate=  0.001ms frontier=  0.000ms semisort=  0.006ms (keyed= 0.000ms group_by=  0.000ms per_group= 0.001ms)
[pe] round=667 work=        1 frontier=        2 next=        1 consolidate=  0.002ms frontier=  0.000ms semisort=  0.002ms (keyed= 0.000ms group_by=  0.000ms per_group= 0.001ms)
[pe] round=668 work=        1 frontier=        2 next=        1 consolidate=  0.001ms frontier=  0.000ms semisort=  0.002ms (keyed= 0.000ms group_by=  0.000ms per_group= 0.001ms)
[pe] round=669 work=        1 frontier=        2 next=        1 consolidate=  0.001ms frontier=  0.000ms semisort=  0.002ms (keyed= 0.000ms group_by=  0.000ms per_group= 0.001ms)
[pe] round=670 work=        1 frontier=        2 next=        1 consolidate=  0.001ms frontier=  0.000ms semisort=  0.002ms (keyed= 0.000ms group_by=  0.000ms per_group= 0.001ms)
[pe] round=671 work=        1 frontier=        2 next=        1 consolidate=  0.002ms frontier=  0.000ms semisort=  0.002ms (keyed= 0.000ms group_by=  0.000ms per_group= 0.001ms)
[pe] round=672 work=        1 frontier=        2 next=        1 consolidate=  0.001ms frontier=  0.000ms semisort=  0.002ms (keyed= 0.000ms group_by=  0.000ms per_group= 0.001ms)
[pe] round=673 work=        1 frontier=        2 next=        1 consolidate=  0.002ms frontier=  0.000ms semisort=  0.002ms (keyed= 0.000ms group_by=  0.000ms per_group= 0.001ms)
[pe] round=674 work=        1 frontier=        2 next=        1 consolidate=  0.001ms frontier=  0.000ms semisort=  0.002ms (keyed= 0.000ms group_by=  0.000ms per_group= 0.001ms)
[pe] round=675 work=        1 frontier=        2 next=        1 consolidate=  0.002ms frontier=  0.000ms semisort=  0.002ms (keyed= 0.000ms group_by=  0.000ms per_group= 0.001ms)
[pe] round=676 work=        1 frontier=        2 next=        1 consolidate=  0.001ms frontier=  0.000ms semisort=  0.002ms (keyed= 0.000ms group_by=  0.000ms per_group= 0.001ms)
[pe] round=677 work=        1 frontier=        2 next=        1 consolidate=  0.002ms frontier=  0.000ms semisort=  0.002ms (keyed= 0.000ms group_by=  0.000ms per_group= 0.001ms)
[pe] round=678 work=        1 frontier=        2 next=        1 consolidate=  0.001ms frontier=  0.000ms semisort=  0.002ms (keyed= 0.000ms group_by=  0.000ms per_group= 0.001ms)
[pe] round=679 work=        1 frontier=        2 next=        1 consolidate=  0.001ms frontier=  0.000ms semisort=  0.002ms (keyed= 0.000ms group_by=  0.000ms per_group= 0.001ms)
[pe] round=680 work=        1 frontier=        2 next=        1 consolidate=  0.001ms frontier=  0.000ms semisort=  0.002ms (keyed= 0.000ms group_by=  0.000ms per_group= 0.001ms)
[pe] round=681 work=        1 frontier=        2 next=        1 consolidate=  0.002ms frontier=  0.000ms semisort=  0.002ms (keyed= 0.000ms group_by=  0.000ms per_group= 0.001ms)
[pe] round=682 work=        1 frontier=        2 next=        1 consolidate=  0.001ms frontier=  0.000ms semisort=  0.002ms (keyed= 0.000ms group_by=  0.000ms per_group= 0.001ms)
[pe] round=683 work=        1 frontier=        2 next=        1 consolidate=  0.001ms frontier=  0.000ms semisort=  0.002ms (keyed= 0.000ms group_by=  0.000ms per_group= 0.001ms)
[pe] round=684 work=        1 frontier=        2 next=        1 consolidate=  0.001ms frontier=  0.000ms semisort=  0.002ms (keyed= 0.000ms group_by=  0.000ms per_group= 0.001ms)
[pe] round=685 work=        1 frontier=        2 next=        1 consolidate=  0.002ms frontier=  0.000ms semisort=  0.002ms (keyed= 0.000ms group_by=  0.000ms per_group= 0.001ms)
[pe] round=686 work=        1 frontier=        2 next=        1 consolidate=  0.001ms frontier=  0.000ms semisort=  0.002ms (keyed= 0.000ms group_by=  0.000ms per_group= 0.001ms)
[pe] round=687 work=        1 frontier=        2 next=        1 consolidate=  0.002ms frontier=  0.000ms semisort=  0.002ms (keyed= 0.000ms group_by=  0.000ms per_group= 0.001ms)
[pe] round=688 work=        1 frontier=        2 next=        1 consolidate=  0.001ms frontier=  0.000ms semisort=  0.002ms (keyed= 0.000ms group_by=  0.000ms per_group= 0.001ms)
[pe] round=689 work=        1 frontier=        2 next=        1 consolidate=  0.002ms frontier=  0.000ms semisort=  0.002ms (keyed= 0.000ms group_by=  0.000ms per_group= 0.001ms)
[pe] round=690 work=        1 frontier=        2 next=        1 consolidate=  0.001ms frontier=  0.000ms semisort=  0.002ms (keyed= 0.000ms group_by=  0.000ms per_group= 0.001ms)
[pe] round=691 work=        1 frontier=        2 next=        1 consolidate=  0.002ms frontier=  0.000ms semisort=  0.002ms (keyed= 0.000ms group_by=  0.000ms per_group= 0.001ms)
[pe] round=692 work=        1 frontier=        2 next=        1 consolidate=  0.001ms frontier=  0.000ms semisort=  0.002ms (keyed= 0.000ms group_by=  0.000ms per_group= 0.001ms)
[pe] round=693 work=        1 frontier=        2 next=        1 consolidate=  0.002ms frontier=  0.000ms semisort=  0.002ms (keyed= 0.000ms group_by=  0.000ms per_group= 0.001ms)
[pe] round=694 work=        1 frontier=        2 next=        1 consolidate=  0.001ms frontier=  0.000ms semisort=  0.002ms (keyed= 0.000ms group_by=  0.000ms per_group= 0.001ms)
[pe] round=695 work=        1 frontier=        2 next=        1 consolidate=  0.001ms frontier=  0.000ms semisort=  0.002ms (keyed= 0.000ms group_by=  0.000ms per_group= 0.001ms)
[pe] round=696 work=        1 frontier=        2 next=        1 consolidate=  0.001ms frontier=  0.000ms semisort=  0.002ms (keyed= 0.000ms group_by=  0.000ms per_group= 0.001ms)
[pe] round=697 work=        1 frontier=        2 next=        1 consolidate=  0.002ms frontier=  0.000ms semisort=  0.002ms (keyed= 0.000ms group_by=  0.000ms per_group= 0.001ms)
[pe] round=698 work=        1 frontier=        2 next=        1 consolidate=  0.001ms frontier=  0.000ms semisort=  0.002ms (keyed= 0.000ms group_by=  0.000ms per_group= 0.001ms)
[pe] round=699 work=        1 frontier=        2 next=        1 consolidate=  0.001ms frontier=  0.000ms semisort=  0.002ms (keyed= 0.000ms group_by=  0.000ms per_group= 0.001ms)
[pe] round=700 work=        1 frontier=        2 next=        1 consolidate=  0.001ms frontier=  0.000ms semisort=  0.002ms (keyed= 0.000ms group_by=  0.000ms per_group= 0.001ms)
[pe] round=701 work=        1 frontier=        2 next=        1 consolidate=  0.002ms frontier=  0.000ms semisort=  0.002ms (keyed= 0.000ms group_by=  0.000ms per_group= 0.001ms)
[pe] round=702 work=        1 frontier=        2 next=        1 consolidate=  0.001ms frontier=  0.000ms semisort=  0.002ms (keyed= 0.000ms group_by=  0.000ms per_group= 0.001ms)
[pe] round=703 work=        1 frontier=        2 next=        1 consolidate=  0.002ms frontier=  0.000ms semisort=  0.002ms (keyed= 0.000ms group_by=  0.000ms per_group= 0.001ms)
[pe] round=704 work=        1 frontier=        2 next=        1 consolidate=  0.001ms frontier=  0.000ms semisort=  0.002ms (keyed= 0.000ms group_by=  0.000ms per_group= 0.001ms)
[pe] round=705 work=        1 frontier=        2 next=        1 consolidate=  0.002ms frontier=  0.000ms semisort=  0.002ms (keyed= 0.000ms group_by=  0.000ms per_group= 0.001ms)
[pe] round=706 work=        1 frontier=        2 next=        1 consolidate=  0.001ms frontier=  0.000ms semisort=  0.002ms (keyed= 0.000ms group_by=  0.000ms per_group= 0.001ms)
[pe] round=707 work=        1 frontier=        2 next=        1 consolidate=  0.002ms frontier=  0.000ms semisort=  0.002ms (keyed= 0.000ms group_by=  0.000ms per_group= 0.001ms)
[pe] round=708 work=        1 frontier=        2 next=        1 consolidate=  0.001ms frontier=  0.000ms semisort=  0.002ms (keyed= 0.000ms group_by=  0.000ms per_group= 0.001ms)
[pe] round=709 work=        1 frontier=        2 next=        1 consolidate=  0.001ms frontier=  0.000ms semisort=  0.002ms (keyed= 0.000ms group_by=  0.000ms per_group= 0.001ms)
[pe] round=710 work=        1 frontier=        2 next=        1 consolidate=  0.001ms frontier=  0.000ms semisort=  0.002ms (keyed= 0.000ms group_by=  0.000ms per_group= 0.001ms)
[pe] round=711 work=        1 frontier=        2 next=        1 consolidate=  0.002ms frontier=  0.000ms semisort=  0.002ms (keyed= 0.000ms group_by=  0.000ms per_group= 0.001ms)
[pe] round=712 work=        1 frontier=        2 next=        1 consolidate=  0.001ms frontier=  0.000ms semisort=  0.002ms (keyed= 0.000ms group_by=  0.000ms per_group= 0.001ms)
[pe] round=713 work=        1 frontier=        2 next=        1 consolidate=  0.001ms frontier=  0.000ms semisort=  0.002ms (keyed= 0.000ms group_by=  0.000ms per_group= 0.001ms)
[pe] round=714 work=        1 frontier=        2 next=        1 consolidate=  0.001ms frontier=  0.000ms semisort=  0.002ms (keyed= 0.000ms group_by=  0.000ms per_group= 0.001ms)
[pe] round=715 work=        1 frontier=        2 next=        1 consolidate=  0.002ms frontier=  0.000ms semisort=  0.002ms (keyed= 0.000ms group_by=  0.000ms per_group= 0.001ms)
[pe] round=716 work=        1 frontier=        2 next=        1 consolidate=  0.001ms frontier=  0.000ms semisort=  0.002ms (keyed= 0.000ms group_by=  0.000ms per_group= 0.001ms)
[pe] round=717 work=        1 frontier=        2 next=        1 consolidate=  0.002ms frontier=  0.000ms semisort=  0.002ms (keyed= 0.000ms group_by=  0.000ms per_group= 0.001ms)
[pe] round=718 work=        1 frontier=        2 next=        1 consolidate=  0.001ms frontier=  0.000ms semisort=  0.002ms (keyed= 0.000ms group_by=  0.000ms per_group= 0.001ms)
[pe] round=719 work=        1 frontier=        2 next=        1 consolidate=  0.002ms frontier=  0.000ms semisort=  0.002ms (keyed= 0.000ms group_by=  0.000ms per_group= 0.001ms)
[pe] round=720 work=        1 frontier=        2 next=        1 consolidate=  0.001ms frontier=  0.000ms semisort=  0.002ms (keyed= 0.000ms group_by=  0.000ms per_group= 0.001ms)
[pe] round=721 work=        1 frontier=        2 next=        1 consolidate=  0.001ms frontier=  0.000ms semisort=  0.002ms (keyed= 0.000ms group_by=  0.000ms per_group= 0.001ms)
[pe] round=722 work=        1 frontier=        2 next=        1 consolidate=  0.001ms frontier=  0.000ms semisort=  0.002ms (keyed= 0.000ms group_by=  0.000ms per_group= 0.001ms)
[pe] round=723 work=        1 frontier=        2 next=        1 consolidate=  0.001ms frontier=  0.000ms semisort=  0.002ms (keyed= 0.000ms group_by=  0.000ms per_group= 0.001ms)
[pe] round=724 work=        1 frontier=        2 next=        1 consolidate=  0.001ms frontier=  0.000ms semisort=  0.002ms (keyed= 0.000ms group_by=  0.000ms per_group= 0.001ms)
[pe] round=725 work=        1 frontier=        2 next=        1 consolidate=  0.001ms frontier=  0.000ms semisort=  0.002ms (keyed= 0.000ms group_by=  0.000ms per_group= 0.001ms)
[pe] round=726 work=        1 frontier=        2 next=        1 consolidate=  0.001ms frontier=  0.000ms semisort=  0.002ms (keyed= 0.000ms group_by=  0.000ms per_group= 0.001ms)
[pe] round=727 work=        1 frontier=        2 next=        1 consolidate=  0.002ms frontier=  0.000ms semisort=  0.002ms (keyed= 0.000ms group_by=  0.000ms per_group= 0.001ms)
[pe] round=728 work=        1 frontier=        2 next=        1 consolidate=  0.001ms frontier=  0.000ms semisort=  0.002ms (keyed= 0.000ms group_by=  0.000ms per_group= 0.001ms)
[pe] round=729 work=        1 frontier=        2 next=        1 consolidate=  0.002ms frontier=  0.000ms semisort=  0.002ms (keyed= 0.000ms group_by=  0.000ms per_group= 0.001ms)
[pe] round=730 work=        1 frontier=        2 next=        1 consolidate=  0.001ms frontier=  0.000ms semisort=  0.002ms (keyed= 0.000ms group_by=  0.000ms per_group= 0.001ms)
[pe] round=731 work=        1 frontier=        2 next=        1 consolidate=  0.002ms frontier=  0.000ms semisort=  0.002ms (keyed= 0.000ms group_by=  0.000ms per_group= 0.001ms)
[pe] round=732 work=        1 frontier=        2 next=        1 consolidate=  0.001ms frontier=  0.000ms semisort=  0.002ms (keyed= 0.000ms group_by=  0.000ms per_group= 0.001ms)
[pe] round=733 work=        1 frontier=        2 next=        1 consolidate=  0.002ms frontier=  0.000ms semisort=  0.002ms (keyed= 0.000ms group_by=  0.000ms per_group= 0.001ms)
[pe] round=734 work=        1 frontier=        2 next=        1 consolidate=  0.001ms frontier=  0.000ms semisort=  0.002ms (keyed= 0.000ms group_by=  0.000ms per_group= 0.001ms)
[pe] round=735 work=        1 frontier=        2 next=        1 consolidate=  0.001ms frontier=  0.000ms semisort=  0.002ms (keyed= 0.000ms group_by=  0.000ms per_group= 0.001ms)
[pe] round=736 work=        1 frontier=        2 next=        1 consolidate=  0.001ms frontier=  0.000ms semisort=  0.002ms (keyed= 0.000ms group_by=  0.000ms per_group= 0.001ms)
[pe] round=737 work=        1 frontier=        2 next=        1 consolidate=  0.001ms frontier=  0.000ms semisort=  0.002ms (keyed= 0.000ms group_by=  0.000ms per_group= 0.001ms)
[pe] round=738 work=        1 frontier=        2 next=        1 consolidate=  0.001ms frontier=  0.000ms semisort=  0.002ms (keyed= 0.000ms group_by=  0.000ms per_group= 0.001ms)
[pe] round=739 work=        1 frontier=        2 next=        1 consolidate=  0.001ms frontier=  0.000ms semisort=  0.002ms (keyed= 0.000ms group_by=  0.000ms per_group= 0.001ms)
[pe] round=740 work=        1 frontier=        2 next=        1 consolidate=  0.001ms frontier=  0.000ms semisort=  0.002ms (keyed= 0.000ms group_by=  0.000ms per_group= 0.001ms)
[pe] round=741 work=        1 frontier=        2 next=        1 consolidate=  0.002ms frontier=  0.000ms semisort=  0.002ms (keyed= 0.000ms group_by=  0.000ms per_group= 0.001ms)
[pe] round=742 work=        1 frontier=        2 next=        1 consolidate=  0.001ms frontier=  0.000ms semisort=  0.002ms (keyed= 0.000ms group_by=  0.000ms per_group= 0.001ms)
[pe] round=743 work=        1 frontier=        2 next=        1 consolidate=  0.002ms frontier=  0.000ms semisort=  0.002ms (keyed= 0.000ms group_by=  0.000ms per_group= 0.001ms)
[pe] round=744 work=        1 frontier=        2 next=        1 consolidate=  0.001ms frontier=  0.000ms semisort=  0.002ms (keyed= 0.000ms group_by=  0.000ms per_group= 0.001ms)
[pe] round=745 work=        1 frontier=        2 next=        1 consolidate=  0.002ms frontier=  0.000ms semisort=  0.002ms (keyed= 0.000ms group_by=  0.000ms per_group= 0.001ms)
[pe] round=746 work=        1 frontier=        2 next=        1 consolidate=  0.001ms frontier=  0.000ms semisort=  0.002ms (keyed= 0.000ms group_by=  0.000ms per_group= 0.001ms)
[pe] round=747 work=        1 frontier=        2 next=        1 consolidate=  0.002ms frontier=  0.000ms semisort=  0.002ms (keyed= 0.000ms group_by=  0.000ms per_group= 0.001ms)
[pe] round=748 work=        1 frontier=        2 next=        1 consolidate=  0.001ms frontier=  0.000ms semisort=  0.002ms (keyed= 0.000ms group_by=  0.000ms per_group= 0.001ms)
[pe] round=749 work=        1 frontier=        2 next=        1 consolidate=  0.001ms frontier=  0.000ms semisort=  0.002ms (keyed= 0.000ms group_by=  0.000ms per_group= 0.001ms)
[pe] round=750 work=        1 frontier=        2 next=        1 consolidate=  0.001ms frontier=  0.000ms semisort=  0.002ms (keyed= 0.000ms group_by=  0.000ms per_group= 0.001ms)
[pe] round=751 work=        1 frontier=        2 next=        1 consolidate=  0.001ms frontier=  0.000ms semisort=  0.002ms (keyed= 0.000ms group_by=  0.000ms per_group= 0.001ms)
[pe] round=752 work=        1 frontier=        2 next=        1 consolidate=  0.001ms frontier=  0.000ms semisort=  0.002ms (keyed= 0.000ms group_by=  0.000ms per_group= 0.001ms)
[pe] round=753 work=        1 frontier=        2 next=        1 consolidate=  0.001ms frontier=  0.000ms semisort=  0.002ms (keyed= 0.000ms group_by=  0.000ms per_group= 0.001ms)
[pe] round=754 work=        1 frontier=        2 next=        1 consolidate=  0.001ms frontier=  0.000ms semisort=  0.002ms (keyed= 0.000ms group_by=  0.000ms per_group= 0.001ms)
[pe] round=755 work=        1 frontier=        2 next=        1 consolidate=  0.002ms frontier=  0.000ms semisort=  0.002ms (keyed= 0.000ms group_by=  0.000ms per_group= 0.001ms)
[pe] round=756 work=        1 frontier=        2 next=        1 consolidate=  0.001ms frontier=  0.000ms semisort=  0.002ms (keyed= 0.000ms group_by=  0.000ms per_group= 0.001ms)
[pe] round=757 work=        1 frontier=        2 next=        1 consolidate=  0.002ms frontier=  0.000ms semisort=  0.002ms (keyed= 0.000ms group_by=  0.000ms per_group= 0.001ms)
[pe] round=758 work=        1 frontier=        2 next=        1 consolidate=  0.001ms frontier=  0.000ms semisort=  0.002ms (keyed= 0.000ms group_by=  0.000ms per_group= 0.001ms)
[pe] round=759 work=        1 frontier=        2 next=        1 consolidate=  0.002ms frontier=  0.000ms semisort=  0.002ms (keyed= 0.000ms group_by=  0.000ms per_group= 0.001ms)
[pe] round=760 work=        1 frontier=        2 next=        1 consolidate=  0.001ms frontier=  0.000ms semisort=  0.002ms (keyed= 0.000ms group_by=  0.000ms per_group= 0.001ms)
[pe] round=761 work=        1 frontier=        2 next=        1 consolidate=  0.002ms frontier=  0.000ms semisort=  0.002ms (keyed= 0.000ms group_by=  0.000ms per_group= 0.001ms)
[pe] round=762 work=        1 frontier=        2 next=        1 consolidate=  0.001ms frontier=  0.000ms semisort=  0.002ms (keyed= 0.000ms group_by=  0.000ms per_group= 0.001ms)
[pe] round=763 work=        1 frontier=        2 next=        1 consolidate=  0.001ms frontier=  0.000ms semisort=  0.002ms (keyed= 0.000ms group_by=  0.000ms per_group= 0.001ms)
[pe] round=764 work=        1 frontier=        2 next=        1 consolidate=  0.001ms frontier=  0.000ms semisort=  0.002ms (keyed= 0.000ms group_by=  0.000ms per_group= 0.001ms)
[pe] round=765 work=        1 frontier=        2 next=        1 consolidate=  0.001ms frontier=  0.000ms semisort=  0.002ms (keyed= 0.000ms group_by=  0.000ms per_group= 0.001ms)
[pe] round=766 work=        1 frontier=        2 next=        1 consolidate=  0.001ms frontier=  0.000ms semisort=  0.002ms (keyed= 0.000ms group_by=  0.000ms per_group= 0.001ms)
[pe] round=767 work=        1 frontier=        2 next=        1 consolidate=  0.001ms frontier=  0.000ms semisort=  0.002ms (keyed= 0.000ms group_by=  0.000ms per_group= 0.001ms)
[pe] round=768 work=        1 frontier=        2 next=        1 consolidate=  0.001ms frontier=  0.000ms semisort=  0.002ms (keyed= 0.000ms group_by=  0.000ms per_group= 0.001ms)
[pe] round=769 work=        1 frontier=        2 next=        1 consolidate=  0.002ms frontier=  0.000ms semisort=  0.002ms (keyed= 0.000ms group_by=  0.000ms per_group= 0.001ms)
[pe] round=770 work=        1 frontier=        2 next=        1 consolidate=  0.001ms frontier=  0.000ms semisort=  0.002ms (keyed= 0.000ms group_by=  0.000ms per_group= 0.001ms)
[pe] round=771 work=        1 frontier=        2 next=        1 consolidate=  0.002ms frontier=  0.000ms semisort=  0.002ms (keyed= 0.000ms group_by=  0.000ms per_group= 0.001ms)
[pe] round=772 work=        1 frontier=        2 next=        1 consolidate=  0.001ms frontier=  0.000ms semisort=  0.002ms (keyed= 0.000ms group_by=  0.000ms per_group= 0.001ms)
[pe] round=773 work=        1 frontier=        2 next=        1 consolidate=  0.001ms frontier=  0.000ms semisort=  0.002ms (keyed= 0.000ms group_by=  0.000ms per_group= 0.001ms)
[pe] round=774 work=        1 frontier=        2 next=        1 consolidate=  0.001ms frontier=  0.000ms semisort=  0.002ms (keyed= 0.000ms group_by=  0.000ms per_group= 0.001ms)
[pe] round=775 work=        1 frontier=        2 next=        1 consolidate=  0.002ms frontier=  0.000ms semisort=  0.002ms (keyed= 0.000ms group_by=  0.000ms per_group= 0.001ms)
[pe] round=776 work=        1 frontier=        2 next=        1 consolidate=  0.001ms frontier=  0.000ms semisort=  0.002ms (keyed= 0.000ms group_by=  0.000ms per_group= 0.001ms)
[pe] round=777 work=        1 frontier=        2 next=        1 consolidate=  0.002ms frontier=  0.000ms semisort=  0.002ms (keyed= 0.000ms group_by=  0.000ms per_group= 0.001ms)
[pe] round=778 work=        1 frontier=        2 next=        1 consolidate=  0.001ms frontier=  0.000ms semisort=  0.002ms (keyed= 0.000ms group_by=  0.000ms per_group= 0.001ms)
[pe] round=779 work=        1 frontier=        2 next=        1 consolidate=  0.002ms frontier=  0.000ms semisort=  0.002ms (keyed= 0.000ms group_by=  0.000ms per_group= 0.001ms)
[pe] round=780 work=        1 frontier=        2 next=        1 consolidate=  0.001ms frontier=  0.000ms semisort=  0.002ms (keyed= 0.000ms group_by=  0.000ms per_group= 0.001ms)
[pe] round=781 work=        1 frontier=        2 next=        1 consolidate=  0.002ms frontier=  0.000ms semisort=  0.002ms (keyed= 0.000ms group_by=  0.000ms per_group= 0.001ms)
[pe] round=782 work=        1 frontier=        2 next=        1 consolidate=  0.001ms frontier=  0.000ms semisort=  0.002ms (keyed= 0.000ms group_by=  0.000ms per_group= 0.001ms)
[pe] round=783 work=        1 frontier=        2 next=        1 consolidate=  0.002ms frontier=  0.000ms semisort=  0.002ms (keyed= 0.000ms group_by=  0.000ms per_group= 0.001ms)
[pe] round=784 work=        1 frontier=        2 next=        1 consolidate=  0.001ms frontier=  0.000ms semisort=  0.002ms (keyed= 0.000ms group_by=  0.000ms per_group= 0.001ms)
[pe] round=785 work=        1 frontier=        2 next=        1 consolidate=  0.001ms frontier=  0.000ms semisort=  0.002ms (keyed= 0.000ms group_by=  0.000ms per_group= 0.001ms)
[pe] round=786 work=        1 frontier=        2 next=        1 consolidate=  0.001ms frontier=  0.000ms semisort=  0.002ms (keyed= 0.000ms group_by=  0.000ms per_group= 0.001ms)
[pe] round=787 work=        1 frontier=        2 next=        1 consolidate=  0.001ms frontier=  0.000ms semisort=  0.002ms (keyed= 0.000ms group_by=  0.000ms per_group= 0.001ms)
[pe] round=788 work=        1 frontier=        2 next=        1 consolidate=  0.001ms frontier=  0.000ms semisort=  0.002ms (keyed= 0.000ms group_by=  0.000ms per_group= 0.001ms)
[pe] round=789 work=        1 frontier=        2 next=        1 consolidate=  0.001ms frontier=  0.000ms semisort=  0.002ms (keyed= 0.000ms group_by=  0.000ms per_group= 0.001ms)
[pe] round=790 work=        1 frontier=        2 next=        1 consolidate=  0.001ms frontier=  0.000ms semisort=  0.002ms (keyed= 0.000ms group_by=  0.000ms per_group= 0.001ms)
[pe] round=791 work=        1 frontier=        2 next=        1 consolidate=  0.002ms frontier=  0.000ms semisort=  0.002ms (keyed= 0.000ms group_by=  0.000ms per_group= 0.001ms)
[pe] round=792 work=        1 frontier=        2 next=        1 consolidate=  0.001ms frontier=  0.000ms semisort=  0.002ms (keyed= 0.000ms group_by=  0.000ms per_group= 0.001ms)
[pe] round=793 work=        1 frontier=        2 next=        1 consolidate=  0.002ms frontier=  0.000ms semisort=  0.002ms (keyed= 0.000ms group_by=  0.000ms per_group= 0.001ms)
[pe] round=794 work=        1 frontier=        2 next=        1 consolidate=  0.001ms frontier=  0.000ms semisort=  0.002ms (keyed= 0.000ms group_by=  0.000ms per_group= 0.001ms)
[pe] round=795 work=        1 frontier=        2 next=        1 consolidate=  0.002ms frontier=  0.000ms semisort=  0.002ms (keyed= 0.000ms group_by=  0.000ms per_group= 0.001ms)
[pe] round=796 work=        1 frontier=        2 next=        1 consolidate=  0.001ms frontier=  0.000ms semisort=  0.002ms (keyed= 0.000ms group_by=  0.000ms per_group= 0.001ms)
[pe] round=797 work=        1 frontier=        2 next=        1 consolidate=  0.001ms frontier=  0.000ms semisort=  0.002ms (keyed= 0.000ms group_by=  0.000ms per_group= 0.001ms)
[pe] round=798 work=        1 frontier=        2 next=        1 consolidate=  0.001ms frontier=  0.000ms semisort=  0.002ms (keyed= 0.000ms group_by=  0.000ms per_group= 0.001ms)
[pe] round=799 work=        1 frontier=        2 next=        1 consolidate=  0.001ms frontier=  0.000ms semisort=  0.002ms (keyed= 0.000ms group_by=  0.000ms per_group= 0.001ms)
[pe] round=800 work=        1 frontier=        2 next=        1 consolidate=  0.001ms frontier=  0.000ms semisort=  0.002ms (keyed= 0.000ms group_by=  0.000ms per_group= 0.001ms)
[pe] round=801 work=        1 frontier=        2 next=        1 consolidate=  0.001ms frontier=  0.000ms semisort=  0.002ms (keyed= 0.000ms group_by=  0.000ms per_group= 0.001ms)
[pe] round=802 work=        1 frontier=        2 next=        1 consolidate=  0.001ms frontier=  0.000ms semisort=  0.002ms (keyed= 0.000ms group_by=  0.000ms per_group= 0.001ms)
[pe] round=803 work=        1 frontier=        2 next=        1 consolidate=  0.002ms frontier=  0.000ms semisort=  0.002ms (keyed= 0.000ms group_by=  0.000ms per_group= 0.001ms)
[pe] round=804 work=        1 frontier=        2 next=        1 consolidate=  0.001ms frontier=  0.000ms semisort=  0.002ms (keyed= 0.000ms group_by=  0.000ms per_group= 0.001ms)
[pe] round=805 work=        1 frontier=        2 next=        1 consolidate=  0.002ms frontier=  0.000ms semisort=  0.002ms (keyed= 0.000ms group_by=  0.000ms per_group= 0.001ms)
[pe] round=806 work=        1 frontier=        2 next=        1 consolidate=  0.001ms frontier=  0.000ms semisort=  0.002ms (keyed= 0.000ms group_by=  0.000ms per_group= 0.001ms)
[pe] round=807 work=        1 frontier=        2 next=        1 consolidate=  0.002ms frontier=  0.000ms semisort=  0.006ms (keyed= 0.000ms group_by=  0.004ms per_group= 0.001ms)
[pe] round=808 work=        1 frontier=        2 next=        1 consolidate=  0.001ms frontier=  0.000ms semisort=  0.002ms (keyed= 0.000ms group_by=  0.000ms per_group= 0.001ms)
[pe] round=809 work=        1 frontier=        2 next=        1 consolidate=  0.002ms frontier=  0.000ms semisort=  0.002ms (keyed= 0.000ms group_by=  0.000ms per_group= 0.001ms)
[pe] round=810 work=        1 frontier=        2 next=        1 consolidate=  0.001ms frontier=  0.000ms semisort=  0.002ms (keyed= 0.000ms group_by=  0.000ms per_group= 0.001ms)
[pe] round=811 work=        1 frontier=        2 next=        1 consolidate=  0.002ms frontier=  0.000ms semisort=  0.002ms (keyed= 0.000ms group_by=  0.000ms per_group= 0.001ms)
[pe] round=812 work=        1 frontier=        2 next=        1 consolidate=  0.001ms frontier=  0.000ms semisort=  0.002ms (keyed= 0.000ms group_by=  0.000ms per_group= 0.001ms)
[pe] round=813 work=        1 frontier=        2 next=        1 consolidate=  0.002ms frontier=  0.000ms semisort=  0.002ms (keyed= 0.000ms group_by=  0.000ms per_group= 0.001ms)
[pe] round=814 work=        1 frontier=        2 next=        1 consolidate=  0.001ms frontier=  0.000ms semisort=  0.002ms (keyed= 0.000ms group_by=  0.000ms per_group= 0.001ms)
[pe] round=815 work=        1 frontier=        2 next=        1 consolidate=  0.002ms frontier=  0.000ms semisort=  0.002ms (keyed= 0.000ms group_by=  0.000ms per_group= 0.001ms)
[pe] round=816 work=        1 frontier=        2 next=        1 consolidate=  0.001ms frontier=  0.000ms semisort=  0.002ms (keyed= 0.000ms group_by=  0.000ms per_group= 0.001ms)
[pe] round=817 work=        1 frontier=        2 next=        1 consolidate=  0.002ms frontier=  0.000ms semisort=  0.002ms (keyed= 0.000ms group_by=  0.000ms per_group= 0.001ms)
[pe] round=818 work=        1 frontier=        2 next=        1 consolidate=  0.001ms frontier=  0.000ms semisort=  0.002ms (keyed= 0.000ms group_by=  0.000ms per_group= 0.001ms)
[pe] round=819 work=        1 frontier=        2 next=        1 consolidate=  0.002ms frontier=  0.000ms semisort=  0.002ms (keyed= 0.000ms group_by=  0.000ms per_group= 0.001ms)
[pe] round=820 work=        1 frontier=        2 next=        1 consolidate=  0.001ms frontier=  0.000ms semisort=  0.002ms (keyed= 0.000ms group_by=  0.000ms per_group= 0.001ms)
[pe] round=821 work=        1 frontier=        2 next=        1 consolidate=  0.002ms frontier=  0.000ms semisort=  0.002ms (keyed= 0.000ms group_by=  0.000ms per_group= 0.001ms)
[pe] round=822 work=        1 frontier=        2 next=        1 consolidate=  0.001ms frontier=  0.000ms semisort=  0.002ms (keyed= 0.000ms group_by=  0.000ms per_group= 0.001ms)
[pe] round=823 work=        1 frontier=        2 next=        1 consolidate=  0.002ms frontier=  0.000ms semisort=  0.002ms (keyed= 0.000ms group_by=  0.000ms per_group= 0.001ms)
[pe] round=824 work=        1 frontier=        2 next=        1 consolidate=  0.001ms frontier=  0.000ms semisort=  0.002ms (keyed= 0.000ms group_by=  0.000ms per_group= 0.001ms)
[pe] round=825 work=        1 frontier=        2 next=        1 consolidate=  0.002ms frontier=  0.000ms semisort=  0.002ms (keyed= 0.000ms group_by=  0.000ms per_group= 0.001ms)
[pe] round=826 work=        1 frontier=        2 next=        1 consolidate=  0.001ms frontier=  0.000ms semisort=  0.002ms (keyed= 0.000ms group_by=  0.000ms per_group= 0.001ms)
[pe] round=827 work=        1 frontier=        2 next=        1 consolidate=  0.002ms frontier=  0.000ms semisort=  0.002ms (keyed= 0.000ms group_by=  0.000ms per_group= 0.001ms)
[pe] round=828 work=        1 frontier=        2 next=        1 consolidate=  0.001ms frontier=  0.000ms semisort=  0.002ms (keyed= 0.000ms group_by=  0.000ms per_group= 0.001ms)
[pe] round=829 work=        1 frontier=        2 next=        1 consolidate=  0.002ms frontier=  0.000ms semisort=  0.002ms (keyed= 0.000ms group_by=  0.000ms per_group= 0.001ms)
[pe] round=830 work=        1 frontier=        2 next=        1 consolidate=  0.001ms frontier=  0.000ms semisort=  0.002ms (keyed= 0.000ms group_by=  0.000ms per_group= 0.001ms)
[pe] round=831 work=        1 frontier=        2 next=        1 consolidate=  0.002ms frontier=  0.000ms semisort=  0.002ms (keyed= 0.000ms group_by=  0.000ms per_group= 0.001ms)
[pe] round=832 work=        1 frontier=        2 next=        1 consolidate=  0.001ms frontier=  0.000ms semisort=  0.002ms (keyed= 0.000ms group_by=  0.000ms per_group= 0.001ms)
[pe] round=833 work=        1 frontier=        2 next=        1 consolidate=  0.002ms frontier=  0.000ms semisort=  0.002ms (keyed= 0.000ms group_by=  0.000ms per_group= 0.001ms)
[pe] round=834 work=        1 frontier=        2 next=        1 consolidate=  0.001ms frontier=  0.000ms semisort=  0.002ms (keyed= 0.000ms group_by=  0.000ms per_group= 0.001ms)
[pe] round=835 work=        1 frontier=        2 next=        1 consolidate=  0.002ms frontier=  0.000ms semisort=  0.002ms (keyed= 0.000ms group_by=  0.000ms per_group= 0.001ms)
[pe] round=836 work=        1 frontier=        2 next=        1 consolidate=  0.001ms frontier=  0.000ms semisort=  0.002ms (keyed= 0.000ms group_by=  0.000ms per_group= 0.001ms)
[pe] round=837 work=        1 frontier=        2 next=        1 consolidate=  0.002ms frontier=  0.000ms semisort=  0.002ms (keyed= 0.000ms group_by=  0.000ms per_group= 0.001ms)
[pe] round=838 work=        1 frontier=        2 next=        1 consolidate=  0.001ms frontier=  0.000ms semisort=  0.002ms (keyed= 0.000ms group_by=  0.000ms per_group= 0.001ms)
[pe] round=839 work=        1 frontier=        2 next=        1 consolidate=  0.002ms frontier=  0.000ms semisort=  0.002ms (keyed= 0.000ms group_by=  0.000ms per_group= 0.001ms)
[pe] round=840 work=        1 frontier=        2 next=        1 consolidate=  0.001ms frontier=  0.000ms semisort=  0.002ms (keyed= 0.000ms group_by=  0.000ms per_group= 0.001ms)
[pe] round=841 work=        1 frontier=        2 next=        1 consolidate=  0.002ms frontier=  0.000ms semisort=  0.002ms (keyed= 0.000ms group_by=  0.000ms per_group= 0.001ms)
[pe] round=842 work=        1 frontier=        2 next=        1 consolidate=  0.001ms frontier=  0.000ms semisort=  0.002ms (keyed= 0.000ms group_by=  0.000ms per_group= 0.001ms)
[pe] round=843 work=        1 frontier=        2 next=        1 consolidate=  0.002ms frontier=  0.000ms semisort=  0.002ms (keyed= 0.000ms group_by=  0.000ms per_group= 0.001ms)
[pe] round=844 work=        1 frontier=        2 next=        1 consolidate=  0.001ms frontier=  0.000ms semisort=  0.002ms (keyed= 0.000ms group_by=  0.000ms per_group= 0.001ms)
[pe] round=845 work=        1 frontier=        2 next=        1 consolidate=  0.002ms frontier=  0.000ms semisort=  0.002ms (keyed= 0.000ms group_by=  0.000ms per_group= 0.001ms)
[pe] round=846 work=        1 frontier=        2 next=        1 consolidate=  0.001ms frontier=  0.000ms semisort=  0.002ms (keyed= 0.000ms group_by=  0.000ms per_group= 0.001ms)
[pe] round=847 work=        1 frontier=        2 next=        1 consolidate=  0.002ms frontier=  0.000ms semisort=  0.002ms (keyed= 0.000ms group_by=  0.000ms per_group= 0.001ms)
[pe] round=848 work=        1 frontier=        2 next=        1 consolidate=  0.001ms frontier=  0.000ms semisort=  0.002ms (keyed= 0.000ms group_by=  0.000ms per_group= 0.001ms)
[pe] round=849 work=        1 frontier=        2 next=        1 consolidate=  0.002ms frontier=  0.000ms semisort=  0.002ms (keyed= 0.000ms group_by=  0.000ms per_group= 0.001ms)
[pe] round=850 work=        1 frontier=        2 next=        1 consolidate=  0.001ms frontier=  0.000ms semisort=  0.002ms (keyed= 0.000ms group_by=  0.000ms per_group= 0.001ms)
[pe] round=851 work=        1 frontier=        2 next=        1 consolidate=  0.002ms frontier=  0.000ms semisort=  0.002ms (keyed= 0.000ms group_by=  0.000ms per_group= 0.001ms)
[pe] round=852 work=        1 frontier=        2 next=        1 consolidate=  0.001ms frontier=  0.000ms semisort=  0.002ms (keyed= 0.000ms group_by=  0.000ms per_group= 0.001ms)
[pe] round=853 work=        1 frontier=        2 next=        1 consolidate=  0.002ms frontier=  0.000ms semisort=  0.002ms (keyed= 0.000ms group_by=  0.000ms per_group= 0.001ms)
[pe] round=854 work=        1 frontier=        2 next=        1 consolidate=  0.001ms frontier=  0.000ms semisort=  0.002ms (keyed= 0.000ms group_by=  0.000ms per_group= 0.001ms)
[pe] round=855 work=        1 frontier=        2 next=        1 consolidate=  0.002ms frontier=  0.000ms semisort=  0.002ms (keyed= 0.000ms group_by=  0.000ms per_group= 0.001ms)
[pe] round=856 work=        1 frontier=        2 next=        1 consolidate=  0.001ms frontier=  0.000ms semisort=  0.002ms (keyed= 0.000ms group_by=  0.000ms per_group= 0.001ms)
[pe] round=857 work=        1 frontier=        2 next=        1 consolidate=  0.002ms frontier=  0.000ms semisort=  0.002ms (keyed= 0.000ms group_by=  0.000ms per_group= 0.001ms)
[pe] round=858 work=        1 frontier=        2 next=        1 consolidate=  0.001ms frontier=  0.000ms semisort=  0.002ms (keyed= 0.000ms group_by=  0.000ms per_group= 0.001ms)
[pe] round=859 work=        1 frontier=        2 next=        1 consolidate=  0.002ms frontier=  0.000ms semisort=  0.002ms (keyed= 0.000ms group_by=  0.000ms per_group= 0.001ms)
[pe] round=860 work=        1 frontier=        2 next=        1 consolidate=  0.001ms frontier=  0.000ms semisort=  0.002ms (keyed= 0.000ms group_by=  0.000ms per_group= 0.001ms)
[pe] round=861 work=        1 frontier=        2 next=        1 consolidate=  0.002ms frontier=  0.000ms semisort=  0.002ms (keyed= 0.000ms group_by=  0.000ms per_group= 0.001ms)
[pe] round=862 work=        1 frontier=        2 next=        1 consolidate=  0.001ms frontier=  0.000ms semisort=  0.002ms (keyed= 0.000ms group_by=  0.000ms per_group= 0.001ms)
[pe] round=863 work=        1 frontier=        2 next=        1 consolidate=  0.002ms frontier=  0.000ms semisort=  0.002ms (keyed= 0.000ms group_by=  0.000ms per_group= 0.001ms)
[pe] round=864 work=        1 frontier=        2 next=        1 consolidate=  0.001ms frontier=  0.000ms semisort=  0.002ms (keyed= 0.000ms group_by=  0.000ms per_group= 0.001ms)
[pe] round=865 work=        1 frontier=        2 next=        1 consolidate=  0.002ms frontier=  0.000ms semisort=  0.002ms (keyed= 0.000ms group_by=  0.000ms per_group= 0.001ms)
[pe] round=866 work=        1 frontier=        2 next=        1 consolidate=  0.001ms frontier=  0.000ms semisort=  0.002ms (keyed= 0.000ms group_by=  0.000ms per_group= 0.001ms)
[pe] round=867 work=        1 frontier=        2 next=        1 consolidate=  0.002ms frontier=  0.000ms semisort=  0.002ms (keyed= 0.000ms group_by=  0.000ms per_group= 0.001ms)
[pe] round=868 work=        1 frontier=        2 next=        1 consolidate=  0.001ms frontier=  0.000ms semisort=  0.002ms (keyed= 0.000ms group_by=  0.000ms per_group= 0.001ms)
[pe] round=869 work=        1 frontier=        2 next=        1 consolidate=  0.002ms frontier=  0.000ms semisort=  0.002ms (keyed= 0.000ms group_by=  0.000ms per_group= 0.001ms)
[pe] round=870 work=        1 frontier=        2 next=        1 consolidate=  0.001ms frontier=  0.000ms semisort=  0.002ms (keyed= 0.000ms group_by=  0.000ms per_group= 0.001ms)
[pe] round=871 work=        1 frontier=        2 next=        1 consolidate=  0.002ms frontier=  0.000ms semisort=  0.002ms (keyed= 0.000ms group_by=  0.000ms per_group= 0.001ms)
[pe] round=872 work=        1 frontier=        2 next=        1 consolidate=  0.001ms frontier=  0.000ms semisort=  0.002ms (keyed= 0.000ms group_by=  0.000ms per_group= 0.001ms)
[pe] round=873 work=        1 frontier=        2 next=        1 consolidate=  0.002ms frontier=  0.000ms semisort=  0.002ms (keyed= 0.000ms group_by=  0.000ms per_group= 0.001ms)
[pe] round=874 work=        1 frontier=        2 next=        1 consolidate=  0.001ms frontier=  0.000ms semisort=  0.002ms (keyed= 0.000ms group_by=  0.000ms per_group= 0.001ms)
[pe] round=875 work=        1 frontier=        2 next=        1 consolidate=  0.002ms frontier=  0.000ms semisort=  0.002ms (keyed= 0.000ms group_by=  0.000ms per_group= 0.001ms)
[pe] round=876 work=        1 frontier=        2 next=        1 consolidate=  0.001ms frontier=  0.000ms semisort=  0.002ms (keyed= 0.000ms group_by=  0.000ms per_group= 0.001ms)
[pe] round=877 work=        1 frontier=        2 next=        1 consolidate=  0.002ms frontier=  0.000ms semisort=  0.002ms (keyed= 0.000ms group_by=  0.000ms per_group= 0.001ms)
[pe] round=878 work=        1 frontier=        2 next=        1 consolidate=  0.001ms frontier=  0.000ms semisort=  0.002ms (keyed= 0.000ms group_by=  0.000ms per_group= 0.001ms)
[pe] round=879 work=        1 frontier=        2 next=        1 consolidate=  0.002ms frontier=  0.000ms semisort=  0.002ms (keyed= 0.000ms group_by=  0.000ms per_group= 0.001ms)
[pe] round=880 work=        1 frontier=        2 next=        1 consolidate=  0.001ms frontier=  0.000ms semisort=  0.002ms (keyed= 0.000ms group_by=  0.000ms per_group= 0.001ms)
[pe] round=881 work=        1 frontier=        2 next=        1 consolidate=  0.002ms frontier=  0.000ms semisort=  0.002ms (keyed= 0.000ms group_by=  0.000ms per_group= 0.001ms)
[pe] round=882 work=        1 frontier=        2 next=        1 consolidate=  0.001ms frontier=  0.000ms semisort=  0.002ms (keyed= 0.000ms group_by=  0.000ms per_group= 0.001ms)
[pe] round=883 work=        1 frontier=        2 next=        1 consolidate=  0.002ms frontier=  0.000ms semisort=  0.002ms (keyed= 0.000ms group_by=  0.000ms per_group= 0.001ms)
[pe] round=884 work=        1 frontier=        2 next=        1 consolidate=  0.001ms frontier=  0.000ms semisort=  0.002ms (keyed= 0.000ms group_by=  0.000ms per_group= 0.001ms)
[pe] round=885 work=        1 frontier=        2 next=        1 consolidate=  0.002ms frontier=  0.000ms semisort=  0.002ms (keyed= 0.000ms group_by=  0.000ms per_group= 0.001ms)
[pe] round=886 work=        1 frontier=        2 next=        1 consolidate=  0.001ms frontier=  0.000ms semisort=  0.002ms (keyed= 0.000ms group_by=  0.000ms per_group= 0.001ms)
[pe] round=887 work=        1 frontier=        2 next=        1 consolidate=  0.002ms frontier=  0.000ms semisort=  0.002ms (keyed= 0.000ms group_by=  0.000ms per_group= 0.001ms)
[pe] round=888 work=        1 frontier=        2 next=        1 consolidate=  0.001ms frontier=  0.000ms semisort=  0.002ms (keyed= 0.000ms group_by=  0.000ms per_group= 0.001ms)
[pe] round=889 work=        1 frontier=        2 next=        1 consolidate=  0.002ms frontier=  0.000ms semisort=  0.002ms (keyed= 0.000ms group_by=  0.000ms per_group= 0.001ms)
[pe] round=890 work=        1 frontier=        2 next=        1 consolidate=  0.001ms frontier=  0.000ms semisort=  0.002ms (keyed= 0.000ms group_by=  0.000ms per_group= 0.001ms)
[pe] round=891 work=        1 frontier=        2 next=        1 consolidate=  0.002ms frontier=  0.000ms semisort=  0.002ms (keyed= 0.000ms group_by=  0.000ms per_group= 0.001ms)
[pe] round=892 work=        1 frontier=        2 next=        1 consolidate=  0.001ms frontier=  0.000ms semisort=  0.002ms (keyed= 0.000ms group_by=  0.000ms per_group= 0.001ms)
[pe] round=893 work=        1 frontier=        2 next=        1 consolidate=  0.002ms frontier=  0.000ms semisort=  0.002ms (keyed= 0.000ms group_by=  0.000ms per_group= 0.001ms)
[pe] round=894 work=        1 frontier=        2 next=        1 consolidate=  0.001ms frontier=  0.000ms semisort=  0.002ms (keyed= 0.000ms group_by=  0.000ms per_group= 0.001ms)
[pe] round=895 work=        1 frontier=        2 next=        1 consolidate=  0.002ms frontier=  0.000ms semisort=  0.002ms (keyed= 0.000ms group_by=  0.000ms per_group= 0.001ms)
[pe] round=896 work=        1 frontier=        2 next=        1 consolidate=  0.001ms frontier=  0.000ms semisort=  0.002ms (keyed= 0.000ms group_by=  0.000ms per_group= 0.001ms)
[pe] round=897 work=        1 frontier=        2 next=        1 consolidate=  0.002ms frontier=  0.000ms semisort=  0.002ms (keyed= 0.000ms group_by=  0.000ms per_group= 0.001ms)
[pe] round=898 work=        1 frontier=        2 next=        1 consolidate=  0.001ms frontier=  0.000ms semisort=  0.002ms (keyed= 0.000ms group_by=  0.000ms per_group= 0.001ms)
[pe] round=899 work=        1 frontier=        2 next=        1 consolidate=  0.002ms frontier=  0.000ms semisort=  0.002ms (keyed= 0.000ms group_by=  0.000ms per_group= 0.001ms)
[pe] round=900 work=        1 frontier=        2 next=        1 consolidate=  0.001ms frontier=  0.000ms semisort=  0.002ms (keyed= 0.000ms group_by=  0.000ms per_group= 0.001ms)
[pe] round=901 work=        1 frontier=        2 next=        1 consolidate=  0.002ms frontier=  0.000ms semisort=  0.002ms (keyed= 0.000ms group_by=  0.000ms per_group= 0.001ms)
[pe] round=902 work=        1 frontier=        2 next=        1 consolidate=  0.001ms frontier=  0.000ms semisort=  0.002ms (keyed= 0.000ms group_by=  0.000ms per_group= 0.001ms)
[pe] round=903 work=        1 frontier=        2 next=        1 consolidate=  0.002ms frontier=  0.000ms semisort=  0.002ms (keyed= 0.000ms group_by=  0.000ms per_group= 0.001ms)
[pe] round=904 work=        1 frontier=        2 next=        1 consolidate=  0.001ms frontier=  0.000ms semisort=  0.002ms (keyed= 0.000ms group_by=  0.000ms per_group= 0.001ms)
[pe] round=905 work=        1 frontier=        2 next=        1 consolidate=  0.002ms frontier=  0.000ms semisort=  0.002ms (keyed= 0.000ms group_by=  0.000ms per_group= 0.001ms)
[pe] round=906 work=        1 frontier=        2 next=        1 consolidate=  0.001ms frontier=  0.000ms semisort=  0.002ms (keyed= 0.000ms group_by=  0.000ms per_group= 0.001ms)
[pe] round=907 work=        1 frontier=        2 next=        1 consolidate=  0.002ms frontier=  0.000ms semisort=  0.002ms (keyed= 0.000ms group_by=  0.000ms per_group= 0.001ms)
[pe] round=908 work=        1 frontier=        2 next=        1 consolidate=  0.001ms frontier=  0.000ms semisort=  0.002ms (keyed= 0.000ms group_by=  0.000ms per_group= 0.001ms)
[pe] round=909 work=        1 frontier=        2 next=        1 consolidate=  0.002ms frontier=  0.000ms semisort=  0.002ms (keyed= 0.000ms group_by=  0.000ms per_group= 0.001ms)
[pe] round=910 work=        1 frontier=        2 next=        1 consolidate=  0.001ms frontier=  0.000ms semisort=  0.002ms (keyed= 0.000ms group_by=  0.000ms per_group= 0.001ms)
[pe] round=911 work=        1 frontier=        2 next=        1 consolidate=  0.002ms frontier=  0.000ms semisort=  0.002ms (keyed= 0.000ms group_by=  0.000ms per_group= 0.001ms)
[pe] round=912 work=        1 frontier=        2 next=        1 consolidate=  0.001ms frontier=  0.000ms semisort=  0.002ms (keyed= 0.000ms group_by=  0.000ms per_group= 0.001ms)
[pe] round=913 work=        1 frontier=        2 next=        1 consolidate=  0.002ms frontier=  0.000ms semisort=  0.002ms (keyed= 0.000ms group_by=  0.000ms per_group= 0.001ms)
[pe] round=914 work=        1 frontier=        2 next=        1 consolidate=  0.001ms frontier=  0.000ms semisort=  0.002ms (keyed= 0.000ms group_by=  0.000ms per_group= 0.001ms)
[pe] round=915 work=        1 frontier=        2 next=        1 consolidate=  0.002ms frontier=  0.000ms semisort=  0.002ms (keyed= 0.000ms group_by=  0.000ms per_group= 0.001ms)
[pe] round=916 work=        1 frontier=        2 next=        1 consolidate=  0.001ms frontier=  0.000ms semisort=  0.002ms (keyed= 0.000ms group_by=  0.000ms per_group= 0.001ms)
[pe] round=917 work=        1 frontier=        2 next=        1 consolidate=  0.002ms frontier=  0.000ms semisort=  0.002ms (keyed= 0.000ms group_by=  0.000ms per_group= 0.001ms)
[pe] round=918 work=        1 frontier=        2 next=        1 consolidate=  0.001ms frontier=  0.000ms semisort=  0.002ms (keyed= 0.000ms group_by=  0.000ms per_group= 0.001ms)
[pe] round=919 work=        1 frontier=        2 next=        1 consolidate=  0.002ms frontier=  0.000ms semisort=  0.002ms (keyed= 0.000ms group_by=  0.000ms per_group= 0.001ms)
[pe] round=920 work=        1 frontier=        2 next=        1 consolidate=  0.001ms frontier=  0.000ms semisort=  0.002ms (keyed= 0.000ms group_by=  0.000ms per_group= 0.001ms)
[pe] round=921 work=        1 frontier=        2 next=        1 consolidate=  0.002ms frontier=  0.000ms semisort=  0.002ms (keyed= 0.000ms group_by=  0.000ms per_group= 0.001ms)
[pe] round=922 work=        1 frontier=        2 next=        1 consolidate=  0.001ms frontier=  0.000ms semisort=  0.002ms (keyed= 0.000ms group_by=  0.000ms per_group= 0.001ms)
[pe] round=923 work=        1 frontier=        2 next=        1 consolidate=  0.002ms frontier=  0.000ms semisort=  0.002ms (keyed= 0.000ms group_by=  0.000ms per_group= 0.001ms)
[pe] round=924 work=        1 frontier=        2 next=        1 consolidate=  0.001ms frontier=  0.000ms semisort=  0.002ms (keyed= 0.000ms group_by=  0.000ms per_group= 0.001ms)
[pe] round=925 work=        1 frontier=        2 next=        1 consolidate=  0.002ms frontier=  0.000ms semisort=  0.002ms (keyed= 0.000ms group_by=  0.000ms per_group= 0.001ms)
[pe] round=926 work=        1 frontier=        2 next=        1 consolidate=  0.001ms frontier=  0.000ms semisort=  0.002ms (keyed= 0.000ms group_by=  0.000ms per_group= 0.001ms)
[pe] round=927 work=        1 frontier=        2 next=        1 consolidate=  0.002ms frontier=  0.000ms semisort=  0.002ms (keyed= 0.000ms group_by=  0.000ms per_group= 0.001ms)
[pe] round=928 work=        1 frontier=        2 next=        1 consolidate=  0.001ms frontier=  0.000ms semisort=  0.002ms (keyed= 0.000ms group_by=  0.000ms per_group= 0.001ms)
[pe] round=929 work=        1 frontier=        2 next=        1 consolidate=  0.002ms frontier=  0.000ms semisort=  0.002ms (keyed= 0.000ms group_by=  0.000ms per_group= 0.001ms)
[pe] round=930 work=        1 frontier=        2 next=        1 consolidate=  0.001ms frontier=  0.000ms semisort=  0.002ms (keyed= 0.000ms group_by=  0.000ms per_group= 0.001ms)
[pe] round=931 work=        1 frontier=        2 next=        1 consolidate=  0.002ms frontier=  0.000ms semisort=  0.002ms (keyed= 0.000ms group_by=  0.000ms per_group= 0.001ms)
[pe] round=932 work=        1 frontier=        2 next=        1 consolidate=  0.001ms frontier=  0.000ms semisort=  0.002ms (keyed= 0.000ms group_by=  0.000ms per_group= 0.001ms)
[pe] round=933 work=        1 frontier=        2 next=        1 consolidate=  0.002ms frontier=  0.000ms semisort=  0.002ms (keyed= 0.000ms group_by=  0.000ms per_group= 0.001ms)
[pe] round=934 work=        1 frontier=        2 next=        1 consolidate=  0.001ms frontier=  0.000ms semisort=  0.002ms (keyed= 0.000ms group_by=  0.000ms per_group= 0.001ms)
[pe] round=935 work=        1 frontier=        2 next=        1 consolidate=  0.002ms frontier=  0.000ms semisort=  0.002ms (keyed= 0.000ms group_by=  0.000ms per_group= 0.001ms)
[pe] round=936 work=        1 frontier=        2 next=        1 consolidate=  0.001ms frontier=  0.000ms semisort=  0.002ms (keyed= 0.000ms group_by=  0.000ms per_group= 0.001ms)
[pe] round=937 work=        1 frontier=        2 next=        1 consolidate=  0.002ms frontier=  0.000ms semisort=  0.002ms (keyed= 0.000ms group_by=  0.000ms per_group= 0.001ms)
[pe] round=938 work=        1 frontier=        2 next=        1 consolidate=  0.001ms frontier=  0.000ms semisort=  0.002ms (keyed= 0.000ms group_by=  0.000ms per_group= 0.001ms)
[pe] round=939 work=        1 frontier=        2 next=        1 consolidate=  0.002ms frontier=  0.000ms semisort=  0.002ms (keyed= 0.000ms group_by=  0.000ms per_group= 0.001ms)
[pe] round=940 work=        1 frontier=        2 next=        1 consolidate=  0.001ms frontier=  0.000ms semisort=  0.002ms (keyed= 0.000ms group_by=  0.000ms per_group= 0.001ms)
[pe] round=941 work=        1 frontier=        2 next=        1 consolidate=  0.002ms frontier=  0.000ms semisort=  0.002ms (keyed= 0.000ms group_by=  0.000ms per_group= 0.001ms)
[pe] round=942 work=        1 frontier=        2 next=        1 consolidate=  0.001ms frontier=  0.000ms semisort=  0.002ms (keyed= 0.000ms group_by=  0.000ms per_group= 0.001ms)
[pe] round=943 work=        1 frontier=        2 next=        1 consolidate=  0.002ms frontier=  0.000ms semisort=  0.002ms (keyed= 0.000ms group_by=  0.000ms per_group= 0.001ms)
[pe] round=944 work=        1 frontier=        2 next=        1 consolidate=  0.001ms frontier=  0.000ms semisort=  0.002ms (keyed= 0.000ms group_by=  0.000ms per_group= 0.001ms)
[pe] round=945 work=        1 frontier=        2 next=        1 consolidate=  0.002ms frontier=  0.000ms semisort=  0.002ms (keyed= 0.000ms group_by=  0.000ms per_group= 0.001ms)
[pe] round=946 work=        1 frontier=        2 next=        1 consolidate=  0.001ms frontier=  0.000ms semisort=  0.002ms (keyed= 0.000ms group_by=  0.000ms per_group= 0.001ms)
[pe] round=947 work=        1 frontier=        2 next=        1 consolidate=  0.002ms frontier=  0.000ms semisort=  0.002ms (keyed= 0.000ms group_by=  0.000ms per_group= 0.001ms)
[pe] round=948 work=        1 frontier=        2 next=        1 consolidate=  0.001ms frontier=  0.000ms semisort=  0.002ms (keyed= 0.000ms group_by=  0.000ms per_group= 0.001ms)
[pe] round=949 work=        1 frontier=        2 next=        1 consolidate=  0.006ms frontier=  0.000ms semisort=  0.002ms (keyed= 0.000ms group_by=  0.000ms per_group= 0.001ms)
[pe] round=950 work=        1 frontier=        2 next=        1 consolidate=  0.001ms frontier=  0.000ms semisort=  0.002ms (keyed= 0.000ms group_by=  0.000ms per_group= 0.001ms)
[pe] round=951 work=        1 frontier=        2 next=        1 consolidate=  0.002ms frontier=  0.000ms semisort=  0.002ms (keyed= 0.000ms group_by=  0.000ms per_group= 0.001ms)
[pe] round=952 work=        1 frontier=        2 next=        1 consolidate=  0.001ms frontier=  0.000ms semisort=  0.002ms (keyed= 0.000ms group_by=  0.000ms per_group= 0.001ms)
[pe] round=953 work=        1 frontier=        2 next=        1 consolidate=  0.002ms frontier=  0.000ms semisort=  0.002ms (keyed= 0.000ms group_by=  0.000ms per_group= 0.001ms)
[pe] round=954 work=        1 frontier=        2 next=        1 consolidate=  0.001ms frontier=  0.000ms semisort=  0.002ms (keyed= 0.000ms group_by=  0.000ms per_group= 0.001ms)
[pe] round=955 work=        1 frontier=        2 next=        1 consolidate=  0.002ms frontier=  0.000ms semisort=  0.002ms (keyed= 0.000ms group_by=  0.000ms per_group= 0.001ms)
[pe] round=956 work=        1 frontier=        2 next=        1 consolidate=  0.001ms frontier=  0.000ms semisort=  0.002ms (keyed= 0.000ms group_by=  0.000ms per_group= 0.001ms)
[pe] round=957 work=        1 frontier=        2 next=        1 consolidate=  0.002ms frontier=  0.000ms semisort=  0.002ms (keyed= 0.000ms group_by=  0.000ms per_group= 0.001ms)
[pe] round=958 work=        1 frontier=        2 next=        1 consolidate=  0.001ms frontier=  0.000ms semisort=  0.002ms (keyed= 0.000ms group_by=  0.000ms per_group= 0.001ms)
[pe] round=959 work=        1 frontier=        2 next=        1 consolidate=  0.002ms frontier=  0.000ms semisort=  0.002ms (keyed= 0.000ms group_by=  0.000ms per_group= 0.001ms)
[pe] round=960 work=        1 frontier=        2 next=        1 consolidate=  0.001ms frontier=  0.000ms semisort=  0.002ms (keyed= 0.000ms group_by=  0.000ms per_group= 0.001ms)
[pe] round=961 work=        1 frontier=        2 next=        1 consolidate=  0.002ms frontier=  0.000ms semisort=  0.002ms (keyed= 0.000ms group_by=  0.000ms per_group= 0.001ms)
[pe] round=962 work=        1 frontier=        2 next=        1 consolidate=  0.001ms frontier=  0.000ms semisort=  0.002ms (keyed= 0.000ms group_by=  0.000ms per_group= 0.001ms)
[pe] round=963 work=        1 frontier=        2 next=        1 consolidate=  0.002ms frontier=  0.000ms semisort=  0.002ms (keyed= 0.000ms group_by=  0.000ms per_group= 0.001ms)
[pe] round=964 work=        1 frontier=        2 next=        1 consolidate=  0.001ms frontier=  0.000ms semisort=  0.002ms (keyed= 0.000ms group_by=  0.000ms per_group= 0.001ms)
[pe] round=965 work=        1 frontier=        2 next=        1 consolidate=  0.002ms frontier=  0.000ms semisort=  0.002ms (keyed= 0.000ms group_by=  0.000ms per_group= 0.001ms)
[pe] round=966 work=        1 frontier=        2 next=        1 consolidate=  0.001ms frontier=  0.000ms semisort=  0.002ms (keyed= 0.000ms group_by=  0.000ms per_group= 0.001ms)
[pe] round=967 work=        1 frontier=        2 next=        1 consolidate=  0.002ms frontier=  0.000ms semisort=  0.002ms (keyed= 0.000ms group_by=  0.000ms per_group= 0.001ms)
[pe] round=968 work=        1 frontier=        2 next=        1 consolidate=  0.001ms frontier=  0.000ms semisort=  0.002ms (keyed= 0.000ms group_by=  0.000ms per_group= 0.001ms)
[pe] round=969 work=        1 frontier=        2 next=        1 consolidate=  0.002ms frontier=  0.000ms semisort=  0.002ms (keyed= 0.000ms group_by=  0.000ms per_group= 0.001ms)
[pe] round=970 work=        1 frontier=        2 next=        1 consolidate=  0.001ms frontier=  0.000ms semisort=  0.002ms (keyed= 0.000ms group_by=  0.000ms per_group= 0.001ms)
[pe] round=971 work=        1 frontier=        2 next=        1 consolidate=  0.002ms frontier=  0.000ms semisort=  0.002ms (keyed= 0.000ms group_by=  0.000ms per_group= 0.001ms)
[pe] round=972 work=        1 frontier=        2 next=        1 consolidate=  0.001ms frontier=  0.000ms semisort=  0.002ms (keyed= 0.000ms group_by=  0.000ms per_group= 0.001ms)
[pe] round=973 work=        1 frontier=        2 next=        1 consolidate=  0.002ms frontier=  0.000ms semisort=  0.002ms (keyed= 0.000ms group_by=  0.000ms per_group= 0.001ms)
[pe] round=974 work=        1 frontier=        2 next=        1 consolidate=  0.001ms frontier=  0.000ms semisort=  0.002ms (keyed= 0.000ms group_by=  0.000ms per_group= 0.001ms)
[pe] round=975 work=        1 frontier=        2 next=        1 consolidate=  0.002ms frontier=  0.000ms semisort=  0.002ms (keyed= 0.000ms group_by=  0.000ms per_group= 0.001ms)
[pe] round=976 work=        1 frontier=        2 next=        1 consolidate=  0.001ms frontier=  0.000ms semisort=  0.002ms (keyed= 0.000ms group_by=  0.000ms per_group= 0.001ms)
[pe] round=977 work=        1 frontier=        2 next=        1 consolidate=  0.002ms frontier=  0.000ms semisort=  0.002ms (keyed= 0.000ms group_by=  0.000ms per_group= 0.001ms)
[pe] round=978 work=        1 frontier=        2 next=        1 consolidate=  0.001ms frontier=  0.000ms semisort=  0.002ms (keyed= 0.000ms group_by=  0.000ms per_group= 0.001ms)
[pe] round=979 work=        1 frontier=        2 next=        1 consolidate=  0.002ms frontier=  0.000ms semisort=  0.002ms (keyed= 0.000ms group_by=  0.000ms per_group= 0.001ms)
[pe] round=980 work=        1 frontier=        2 next=        1 consolidate=  0.001ms frontier=  0.000ms semisort=  0.002ms (keyed= 0.000ms group_by=  0.000ms per_group= 0.001ms)
[pe] round=981 work=        1 frontier=        2 next=        1 consolidate=  0.002ms frontier=  0.000ms semisort=  0.002ms (keyed= 0.000ms group_by=  0.000ms per_group= 0.001ms)
[pe] round=982 work=        1 frontier=        2 next=        1 consolidate=  0.001ms frontier=  0.000ms semisort=  0.002ms (keyed= 0.000ms group_by=  0.000ms per_group= 0.001ms)
[pe] round=983 work=        1 frontier=        2 next=        1 consolidate=  0.002ms frontier=  0.000ms semisort=  0.002ms (keyed= 0.000ms group_by=  0.000ms per_group= 0.001ms)
[pe] round=984 work=        1 frontier=        2 next=        1 consolidate=  0.001ms frontier=  0.000ms semisort=  0.002ms (keyed= 0.000ms group_by=  0.000ms per_group= 0.001ms)
[pe] round=985 work=        1 frontier=        2 next=        1 consolidate=  0.001ms frontier=  0.000ms semisort=  0.002ms (keyed= 0.000ms group_by=  0.000ms per_group= 0.001ms)
[pe] round=986 work=        1 frontier=        2 next=        1 consolidate=  0.001ms frontier=  0.000ms semisort=  0.002ms (keyed= 0.000ms group_by=  0.000ms per_group= 0.001ms)
[pe] round=987 work=        1 frontier=        2 next=        1 consolidate=  0.001ms frontier=  0.000ms semisort=  0.002ms (keyed= 0.000ms group_by=  0.000ms per_group= 0.001ms)
[pe] round=988 work=        1 frontier=        2 next=        1 consolidate=  0.001ms frontier=  0.000ms semisort=  0.002ms (keyed= 0.000ms group_by=  0.000ms per_group= 0.001ms)
[pe] round=989 work=        1 frontier=        2 next=        1 consolidate=  0.001ms frontier=  0.000ms semisort=  0.002ms (keyed= 0.000ms group_by=  0.000ms per_group= 0.001ms)
[pe] round=990 work=        1 frontier=        2 next=        1 consolidate=  0.001ms frontier=  0.000ms semisort=  0.002ms (keyed= 0.000ms group_by=  0.000ms per_group= 0.001ms)
[pe] round=991 work=        1 frontier=        2 next=        1 consolidate=  0.001ms frontier=  0.000ms semisort=  0.002ms (keyed= 0.000ms group_by=  0.000ms per_group= 0.001ms)
[pe] round=992 work=        1 frontier=        2 next=        1 consolidate=  0.001ms frontier=  0.000ms semisort=  0.002ms (keyed= 0.000ms group_by=  0.000ms per_group= 0.001ms)
[pe] round=993 work=        1 frontier=        2 next=        1 consolidate=  0.002ms frontier=  0.000ms semisort=  0.002ms (keyed= 0.000ms group_by=  0.000ms per_group= 0.001ms)
[pe] round=994 work=        1 frontier=        2 next=        1 consolidate=  0.002ms frontier=  0.000ms semisort=  0.002ms (keyed= 0.000ms group_by=  0.000ms per_group= 0.001ms)
[pe] round=995 work=        1 frontier=        2 next=        1 consolidate=  0.001ms frontier=  0.000ms semisort=  0.002ms (keyed= 0.000ms group_by=  0.000ms per_group= 0.001ms)
[pe] round=996 work=        1 frontier=        2 next=        1 consolidate=  0.002ms frontier=  0.000ms semisort=  0.002ms (keyed= 0.000ms group_by=  0.000ms per_group= 0.001ms)
[pe] round=997 work=        1 frontier=        2 next=        1 consolidate=  0.002ms frontier=  0.000ms semisort=  0.002ms (keyed= 0.000ms group_by=  0.000ms per_group= 0.001ms)
[pe] round=998 work=        1 frontier=        2 next=        1 consolidate=  0.001ms frontier=  0.000ms semisort=  0.002ms (keyed= 0.000ms group_by=  0.000ms per_group= 0.001ms)
[pe] round=999 work=        1 frontier=        2 next=        1 consolidate=  0.002ms frontier=  0.000ms semisort=  0.002ms (keyed= 0.000ms group_by=  0.000ms per_group= 0.001ms)
[pe] round=1000 work=        1 frontier=        2 next=        1 consolidate=  0.001ms frontier=  0.000ms semisort=  0.002ms (keyed= 0.000ms group_by=  0.000ms per_group= 0.001ms)
[pe] round=1001 work=        1 frontier=        2 next=        1 consolidate=  0.002ms frontier=  0.000ms semisort=  0.002ms (keyed= 0.000ms group_by=  0.000ms per_group= 0.001ms)
[pe] round=1002 work=        1 frontier=        2 next=        1 consolidate=  0.001ms frontier=  0.000ms semisort=  0.002ms (keyed= 0.000ms group_by=  0.000ms per_group= 0.001ms)
[pe] round=1003 work=        1 frontier=        2 next=        1 consolidate=  0.002ms frontier=  0.000ms semisort=  0.002ms (keyed= 0.000ms group_by=  0.000ms per_group= 0.001ms)
[pe] round=1004 work=        1 frontier=        2 next=        1 consolidate=  0.001ms frontier=  0.000ms semisort=  0.002ms (keyed= 0.000ms group_by=  0.000ms per_group= 0.001ms)
[pe] round=1005 work=        1 frontier=        2 next=        1 consolidate=  0.002ms frontier=  0.000ms semisort=  0.002ms (keyed= 0.000ms group_by=  0.000ms per_group= 0.001ms)
[pe] round=1006 work=        1 frontier=        2 next=        1 consolidate=  0.001ms frontier=  0.000ms semisort=  0.002ms (keyed= 0.000ms group_by=  0.000ms per_group= 0.001ms)
[pe] round=1007 work=        1 frontier=        2 next=        1 consolidate=  0.001ms frontier=  0.000ms semisort=  0.002ms (keyed= 0.000ms group_by=  0.000ms per_group= 0.001ms)
[pe] round=1008 work=        1 frontier=        2 next=        1 consolidate=  0.001ms frontier=  0.000ms semisort=  0.002ms (keyed= 0.000ms group_by=  0.000ms per_group= 0.001ms)
[pe] round=1009 work=        1 frontier=        2 next=        1 consolidate=  0.002ms frontier=  0.000ms semisort=  0.002ms (keyed= 0.000ms group_by=  0.000ms per_group= 0.001ms)
[pe] round=1010 work=        1 frontier=        2 next=        1 consolidate=  0.001ms frontier=  0.000ms semisort=  0.002ms (keyed= 0.000ms group_by=  0.000ms per_group= 0.001ms)
[pe] round=1011 work=        1 frontier=        2 next=        1 consolidate=  0.002ms frontier=  0.000ms semisort=  0.002ms (keyed= 0.000ms group_by=  0.000ms per_group= 0.001ms)
[pe] round=1012 work=        1 frontier=        2 next=        1 consolidate=  0.001ms frontier=  0.000ms semisort=  0.002ms (keyed= 0.000ms group_by=  0.000ms per_group= 0.001ms)
[pe] round=1013 work=        1 frontier=        2 next=        1 consolidate=  0.002ms frontier=  0.000ms semisort=  0.002ms (keyed= 0.000ms group_by=  0.000ms per_group= 0.001ms)
[pe] round=1014 work=        1 frontier=        2 next=        1 consolidate=  0.001ms frontier=  0.000ms semisort=  0.002ms (keyed= 0.000ms group_by=  0.000ms per_group= 0.001ms)
[pe] round=1015 work=        1 frontier=        2 next=        1 consolidate=  0.002ms frontier=  0.000ms semisort=  0.002ms (keyed= 0.000ms group_by=  0.000ms per_group= 0.001ms)
[pe] round=1016 work=        1 frontier=        2 next=        1 consolidate=  0.001ms frontier=  0.000ms semisort=  0.002ms (keyed= 0.000ms group_by=  0.000ms per_group= 0.001ms)
[pe] round=1017 work=        1 frontier=        2 next=        1 consolidate=  0.001ms frontier=  0.000ms semisort=  0.002ms (keyed= 0.000ms group_by=  0.000ms per_group= 0.001ms)
[pe] round=1018 work=        1 frontier=        2 next=        1 consolidate=  0.001ms frontier=  0.000ms semisort=  0.002ms (keyed= 0.000ms group_by=  0.000ms per_group= 0.001ms)
[pe] round=1019 work=        1 frontier=        2 next=        1 consolidate=  0.002ms frontier=  0.000ms semisort=  0.002ms (keyed= 0.000ms group_by=  0.000ms per_group= 0.001ms)
[pe] round=1020 work=        1 frontier=        2 next=        1 consolidate=  0.001ms frontier=  0.000ms semisort=  0.002ms (keyed= 0.000ms group_by=  0.000ms per_group= 0.001ms)
[pe] round=1021 work=        1 frontier=        2 next=        1 consolidate=  0.002ms frontier=  0.000ms semisort=  0.002ms (keyed= 0.000ms group_by=  0.000ms per_group= 0.001ms)
[pe] round=1022 work=        1 frontier=        2 next=        1 consolidate=  0.001ms frontier=  0.000ms semisort=  0.002ms (keyed= 0.000ms group_by=  0.000ms per_group= 0.001ms)
[pe] round=1023 work=        1 frontier=        2 next=        1 consolidate=  0.002ms frontier=  0.000ms semisort=  0.002ms (keyed= 0.000ms group_by=  0.000ms per_group= 0.001ms)
[pe] round=1024 work=        1 frontier=        2 next=        1 consolidate=  0.001ms frontier=  0.000ms semisort=  0.002ms (keyed= 0.000ms group_by=  0.000ms per_group= 0.001ms)
[pe] round=1025 work=        1 frontier=        2 next=        1 consolidate=  0.002ms frontier=  0.000ms semisort=  0.002ms (keyed= 0.000ms group_by=  0.000ms per_group= 0.001ms)
[pe] round=1026 work=        1 frontier=        2 next=        1 consolidate=  0.001ms frontier=  0.000ms semisort=  0.002ms (keyed= 0.000ms group_by=  0.000ms per_group= 0.001ms)
[pe] round=1027 work=        1 frontier=        2 next=        1 consolidate=  0.001ms frontier=  0.000ms semisort=  0.002ms (keyed= 0.000ms group_by=  0.000ms per_group= 0.001ms)
[pe] round=1028 work=        1 frontier=        2 next=        1 consolidate=  0.001ms frontier=  0.000ms semisort=  0.002ms (keyed= 0.000ms group_by=  0.000ms per_group= 0.001ms)
[pe] round=1029 work=        1 frontier=        2 next=        1 consolidate=  0.002ms frontier=  0.000ms semisort=  0.002ms (keyed= 0.000ms group_by=  0.000ms per_group= 0.001ms)
[pe] round=1030 work=        1 frontier=        2 next=        1 consolidate=  0.001ms frontier=  0.000ms semisort=  0.002ms (keyed= 0.000ms group_by=  0.000ms per_group= 0.001ms)
[pe] round=1031 work=        1 frontier=        2 next=        1 consolidate=  0.002ms frontier=  0.000ms semisort=  0.002ms (keyed= 0.000ms group_by=  0.000ms per_group= 0.001ms)
[pe] round=1032 work=        1 frontier=        2 next=        1 consolidate=  0.001ms frontier=  0.000ms semisort=  0.002ms (keyed= 0.000ms group_by=  0.000ms per_group= 0.001ms)
[pe] round=1033 work=        1 frontier=        2 next=        1 consolidate=  0.002ms frontier=  0.000ms semisort=  0.002ms (keyed= 0.000ms group_by=  0.000ms per_group= 0.001ms)
[pe] round=1034 work=        1 frontier=        2 next=        1 consolidate=  0.001ms frontier=  0.000ms semisort=  0.002ms (keyed= 0.000ms group_by=  0.000ms per_group= 0.001ms)
[pe] round=1035 work=        1 frontier=        2 next=        1 consolidate=  0.002ms frontier=  0.000ms semisort=  0.002ms (keyed= 0.000ms group_by=  0.000ms per_group= 0.001ms)
[pe] round=1036 work=        1 frontier=        2 next=        1 consolidate=  0.001ms frontier=  0.000ms semisort=  0.002ms (keyed= 0.000ms group_by=  0.000ms per_group= 0.001ms)
[pe] round=1037 work=        1 frontier=        2 next=        1 consolidate=  0.001ms frontier=  0.000ms semisort=  0.002ms (keyed= 0.000ms group_by=  0.000ms per_group= 0.001ms)
[pe] round=1038 work=        1 frontier=        2 next=        1 consolidate=  0.001ms frontier=  0.000ms semisort=  0.002ms (keyed= 0.000ms group_by=  0.000ms per_group= 0.001ms)
[pe] round=1039 work=        1 frontier=        2 next=        1 consolidate=  0.002ms frontier=  0.000ms semisort=  0.002ms (keyed= 0.000ms group_by=  0.000ms per_group= 0.001ms)
[pe] round=1040 work=        1 frontier=        2 next=        1 consolidate=  0.001ms frontier=  0.000ms semisort=  0.002ms (keyed= 0.000ms group_by=  0.000ms per_group= 0.001ms)
[pe] round=1041 work=        1 frontier=        2 next=        1 consolidate=  0.002ms frontier=  0.000ms semisort=  0.002ms (keyed= 0.000ms group_by=  0.000ms per_group= 0.001ms)
[pe] round=1042 work=        1 frontier=        2 next=        1 consolidate=  0.001ms frontier=  0.000ms semisort=  0.002ms (keyed= 0.000ms group_by=  0.000ms per_group= 0.001ms)
[pe] round=1043 work=        1 frontier=        2 next=        1 consolidate=  0.002ms frontier=  0.000ms semisort=  0.002ms (keyed= 0.000ms group_by=  0.000ms per_group= 0.001ms)
[pe] round=1044 work=        1 frontier=        2 next=        1 consolidate=  0.001ms frontier=  0.000ms semisort=  0.002ms (keyed= 0.000ms group_by=  0.000ms per_group= 0.001ms)
[pe] round=1045 work=        1 frontier=        2 next=        1 consolidate=  0.002ms frontier=  0.000ms semisort=  0.002ms (keyed= 0.000ms group_by=  0.000ms per_group= 0.001ms)
[pe] round=1046 work=        1 frontier=        2 next=        1 consolidate=  0.001ms frontier=  0.000ms semisort=  0.002ms (keyed= 0.000ms group_by=  0.000ms per_group= 0.001ms)
[pe] round=1047 work=        1 frontier=        2 next=        1 consolidate=  0.001ms frontier=  0.000ms semisort=  0.002ms (keyed= 0.000ms group_by=  0.000ms per_group= 0.001ms)
[pe] round=1048 work=        1 frontier=        2 next=        1 consolidate=  0.001ms frontier=  0.000ms semisort=  0.002ms (keyed= 0.000ms group_by=  0.000ms per_group= 0.001ms)
[pe] round=1049 work=        1 frontier=        2 next=        1 consolidate=  0.002ms frontier=  0.000ms semisort=  0.002ms (keyed= 0.000ms group_by=  0.000ms per_group= 0.001ms)
[pe] round=1050 work=        1 frontier=        2 next=        1 consolidate=  0.001ms frontier=  0.000ms semisort=  0.002ms (keyed= 0.000ms group_by=  0.000ms per_group= 0.001ms)
[pe] round=1051 work=        1 frontier=        2 next=        1 consolidate=  0.002ms frontier=  0.000ms semisort=  0.002ms (keyed= 0.000ms group_by=  0.000ms per_group= 0.001ms)
[pe] round=1052 work=        1 frontier=        2 next=        1 consolidate=  0.001ms frontier=  0.000ms semisort=  0.002ms (keyed= 0.000ms group_by=  0.000ms per_group= 0.001ms)
[pe] round=1053 work=        1 frontier=        2 next=        1 consolidate=  0.002ms frontier=  0.000ms semisort=  0.002ms (keyed= 0.000ms group_by=  0.000ms per_group= 0.001ms)
[pe] round=1054 work=        1 frontier=        2 next=        1 consolidate=  0.001ms frontier=  0.000ms semisort=  0.002ms (keyed= 0.000ms group_by=  0.000ms per_group= 0.001ms)
[pe] round=1055 work=        1 frontier=        2 next=        1 consolidate=  0.002ms frontier=  0.000ms semisort=  0.002ms (keyed= 0.000ms group_by=  0.000ms per_group= 0.001ms)
[pe] round=1056 work=        1 frontier=        2 next=        1 consolidate=  0.001ms frontier=  0.000ms semisort=  0.002ms (keyed= 0.000ms group_by=  0.000ms per_group= 0.001ms)
[pe] round=1057 work=        1 frontier=        2 next=        1 consolidate=  0.001ms frontier=  0.000ms semisort=  0.002ms (keyed= 0.000ms group_by=  0.000ms per_group= 0.001ms)
[pe] round=1058 work=        1 frontier=        2 next=        1 consolidate=  0.001ms frontier=  0.000ms semisort=  0.002ms (keyed= 0.000ms group_by=  0.000ms per_group= 0.001ms)
[pe] round=1059 work=        1 frontier=        2 next=        1 consolidate=  0.002ms frontier=  0.000ms semisort=  0.002ms (keyed= 0.000ms group_by=  0.000ms per_group= 0.001ms)
[pe] round=1060 work=        1 frontier=        2 next=        1 consolidate=  0.001ms frontier=  0.000ms semisort=  0.002ms (keyed= 0.000ms group_by=  0.000ms per_group= 0.001ms)
[pe] round=1061 work=        1 frontier=        2 next=        1 consolidate=  0.002ms frontier=  0.000ms semisort=  0.002ms (keyed= 0.000ms group_by=  0.000ms per_group= 0.001ms)
[pe] round=1062 work=        1 frontier=        2 next=        1 consolidate=  0.001ms frontier=  0.000ms semisort=  0.002ms (keyed= 0.000ms group_by=  0.000ms per_group= 0.001ms)
[pe] round=1063 work=        1 frontier=        2 next=        1 consolidate=  0.002ms frontier=  0.000ms semisort=  0.002ms (keyed= 0.000ms group_by=  0.000ms per_group= 0.001ms)
[pe] round=1064 work=        1 frontier=        2 next=        1 consolidate=  0.001ms frontier=  0.000ms semisort=  0.002ms (keyed= 0.000ms group_by=  0.000ms per_group= 0.001ms)
[pe] round=1065 work=        1 frontier=        2 next=        1 consolidate=  0.002ms frontier=  0.000ms semisort=  0.002ms (keyed= 0.000ms group_by=  0.000ms per_group= 0.001ms)
[pe] round=1066 work=        1 frontier=        2 next=        1 consolidate=  0.001ms frontier=  0.000ms semisort=  0.002ms (keyed= 0.000ms group_by=  0.000ms per_group= 0.001ms)
[pe] round=1067 work=        1 frontier=        2 next=        1 consolidate=  0.001ms frontier=  0.000ms semisort=  0.002ms (keyed= 0.000ms group_by=  0.000ms per_group= 0.001ms)
[pe] round=1068 work=        1 frontier=        2 next=        1 consolidate=  0.001ms frontier=  0.000ms semisort=  0.002ms (keyed= 0.000ms group_by=  0.000ms per_group= 0.001ms)
[pe] round=1069 work=        1 frontier=        2 next=        1 consolidate=  0.001ms frontier=  0.000ms semisort=  0.002ms (keyed= 0.000ms group_by=  0.000ms per_group= 0.001ms)
[pe] round=1070 work=        1 frontier=        2 next=        1 consolidate=  0.002ms frontier=  0.000ms semisort=  0.002ms (keyed= 0.000ms group_by=  0.000ms per_group= 0.001ms)
[pe] round=1071 work=        1 frontier=        2 next=        1 consolidate=  0.002ms frontier=  0.000ms semisort=  0.002ms (keyed= 0.000ms group_by=  0.000ms per_group= 0.001ms)
[pe] round=1072 work=        1 frontier=        2 next=        1 consolidate=  0.001ms frontier=  0.000ms semisort=  0.002ms (keyed= 0.000ms group_by=  0.000ms per_group= 0.001ms)
[pe] round=1073 work=        1 frontier=        2 next=        1 consolidate=  0.002ms frontier=  0.000ms semisort=  0.002ms (keyed= 0.000ms group_by=  0.000ms per_group= 0.001ms)
[pe] round=1074 work=        1 frontier=        2 next=        1 consolidate=  0.001ms frontier=  0.000ms semisort=  0.002ms (keyed= 0.000ms group_by=  0.000ms per_group= 0.001ms)
[pe] round=1075 work=        1 frontier=        2 next=        1 consolidate=  0.002ms frontier=  0.000ms semisort=  0.002ms (keyed= 0.000ms group_by=  0.000ms per_group= 0.001ms)
[pe] round=1076 work=        1 frontier=        2 next=        1 consolidate=  0.001ms frontier=  0.000ms semisort=  0.002ms (keyed= 0.000ms group_by=  0.000ms per_group= 0.001ms)
[pe] round=1077 work=        1 frontier=        2 next=        1 consolidate=  0.002ms frontier=  0.000ms semisort=  0.002ms (keyed= 0.000ms group_by=  0.000ms per_group= 0.001ms)
[pe] round=1078 work=        1 frontier=        2 next=        1 consolidate=  0.001ms frontier=  0.000ms semisort=  0.002ms (keyed= 0.000ms group_by=  0.000ms per_group= 0.001ms)
[pe] round=1079 work=        1 frontier=        2 next=        1 consolidate=  0.002ms frontier=  0.000ms semisort=  0.002ms (keyed= 0.000ms group_by=  0.000ms per_group= 0.001ms)
[pe] round=1080 work=        1 frontier=        2 next=        1 consolidate=  0.001ms frontier=  0.000ms semisort=  0.002ms (keyed= 0.000ms group_by=  0.000ms per_group= 0.001ms)
[pe] round=1081 work=        1 frontier=        2 next=        1 consolidate=  0.001ms frontier=  0.000ms semisort=  0.002ms (keyed= 0.000ms group_by=  0.000ms per_group= 0.001ms)
[pe] round=1082 work=        1 frontier=        2 next=        1 consolidate=  0.001ms frontier=  0.000ms semisort=  0.002ms (keyed= 0.000ms group_by=  0.000ms per_group= 0.001ms)
[pe] round=1083 work=        1 frontier=        2 next=        1 consolidate=  0.002ms frontier=  0.000ms semisort=  0.002ms (keyed= 0.000ms group_by=  0.000ms per_group= 0.001ms)
[pe] round=1084 work=        1 frontier=        2 next=        1 consolidate=  0.001ms frontier=  0.000ms semisort=  0.002ms (keyed= 0.000ms group_by=  0.000ms per_group= 0.001ms)
[pe] round=1085 work=        1 frontier=        2 next=        1 consolidate=  0.002ms frontier=  0.000ms semisort=  0.002ms (keyed= 0.000ms group_by=  0.000ms per_group= 0.001ms)
[pe] round=1086 work=        1 frontier=        2 next=        1 consolidate=  0.001ms frontier=  0.000ms semisort=  0.002ms (keyed= 0.000ms group_by=  0.000ms per_group= 0.001ms)
[pe] round=1087 work=        1 frontier=        2 next=        1 consolidate=  0.002ms frontier=  0.000ms semisort=  0.002ms (keyed= 0.000ms group_by=  0.000ms per_group= 0.001ms)
[pe] round=1088 work=        1 frontier=        2 next=        1 consolidate=  0.001ms frontier=  0.000ms semisort=  0.002ms (keyed= 0.000ms group_by=  0.000ms per_group= 0.001ms)
[pe] round=1089 work=        1 frontier=        2 next=        1 consolidate=  0.002ms frontier=  0.000ms semisort=  0.002ms (keyed= 0.000ms group_by=  0.000ms per_group= 0.001ms)
[pe] round=1090 work=        1 frontier=        2 next=        1 consolidate=  0.001ms frontier=  0.000ms semisort=  0.002ms (keyed= 0.000ms group_by=  0.000ms per_group= 0.001ms)
[pe] round=1091 work=        1 frontier=        2 next=        1 consolidate=  0.001ms frontier=  0.000ms semisort=  0.002ms (keyed= 0.000ms group_by=  0.000ms per_group= 0.001ms)
[pe] round=1092 work=        1 frontier=        2 next=        1 consolidate=  0.001ms frontier=  0.000ms semisort=  0.002ms (keyed= 0.000ms group_by=  0.000ms per_group= 0.001ms)
[pe] round=1093 work=        1 frontier=        2 next=        1 consolidate=  0.007ms frontier=  0.000ms semisort=  0.002ms (keyed= 0.000ms group_by=  0.000ms per_group= 0.001ms)
[pe] round=1094 work=        1 frontier=        2 next=        1 consolidate=  0.001ms frontier=  0.000ms semisort=  0.002ms (keyed= 0.000ms group_by=  0.000ms per_group= 0.001ms)
[pe] round=1095 work=        1 frontier=        2 next=        1 consolidate=  0.002ms frontier=  0.000ms semisort=  0.002ms (keyed= 0.000ms group_by=  0.000ms per_group= 0.001ms)
[pe] round=1096 work=        1 frontier=        2 next=        1 consolidate=  0.001ms frontier=  0.000ms semisort=  0.002ms (keyed= 0.000ms group_by=  0.000ms per_group= 0.001ms)
[pe] round=1097 work=        1 frontier=        2 next=        1 consolidate=  0.002ms frontier=  0.000ms semisort=  0.002ms (keyed= 0.000ms group_by=  0.000ms per_group= 0.001ms)
[pe] round=1098 work=        1 frontier=        2 next=        1 consolidate=  0.001ms frontier=  0.000ms semisort=  0.002ms (keyed= 0.000ms group_by=  0.000ms per_group= 0.001ms)
[pe] round=1099 work=        1 frontier=        2 next=        1 consolidate=  0.001ms frontier=  0.000ms semisort=  0.002ms (keyed= 0.000ms group_by=  0.000ms per_group= 0.001ms)
[pe] round=1100 work=        1 frontier=        2 next=        1 consolidate=  0.001ms frontier=  0.000ms semisort=  0.002ms (keyed= 0.000ms group_by=  0.000ms per_group= 0.001ms)
[pe] round=1101 work=        1 frontier=        2 next=        1 consolidate=  0.002ms frontier=  0.000ms semisort=  0.002ms (keyed= 0.000ms group_by=  0.000ms per_group= 0.001ms)
[pe] round=1102 work=        1 frontier=        2 next=        1 consolidate=  0.001ms frontier=  0.000ms semisort=  0.002ms (keyed= 0.000ms group_by=  0.000ms per_group= 0.001ms)
[pe] round=1103 work=        1 frontier=        2 next=        1 consolidate=  0.002ms frontier=  0.000ms semisort=  0.002ms (keyed= 0.000ms group_by=  0.000ms per_group= 0.001ms)
[pe] round=1104 work=        1 frontier=        2 next=        1 consolidate=  0.001ms frontier=  0.000ms semisort=  0.002ms (keyed= 0.000ms group_by=  0.000ms per_group= 0.001ms)
[pe] round=1105 work=        1 frontier=        2 next=        1 consolidate=  0.002ms frontier=  0.000ms semisort=  0.002ms (keyed= 0.000ms group_by=  0.000ms per_group= 0.001ms)
[pe] round=1106 work=        1 frontier=        2 next=        1 consolidate=  0.001ms frontier=  0.000ms semisort=  0.002ms (keyed= 0.000ms group_by=  0.000ms per_group= 0.001ms)
[pe] round=1107 work=        1 frontier=        2 next=        1 consolidate=  0.002ms frontier=  0.000ms semisort=  0.002ms (keyed= 0.000ms group_by=  0.000ms per_group= 0.001ms)
[pe] round=1108 work=        1 frontier=        2 next=        1 consolidate=  0.001ms frontier=  0.000ms semisort=  0.002ms (keyed= 0.000ms group_by=  0.000ms per_group= 0.001ms)
[pe] round=1109 work=        1 frontier=        2 next=        1 consolidate=  0.001ms frontier=  0.000ms semisort=  0.002ms (keyed= 0.000ms group_by=  0.000ms per_group= 0.001ms)
[pe] round=1110 work=        1 frontier=        2 next=        1 consolidate=  0.001ms frontier=  0.000ms semisort=  0.002ms (keyed= 0.000ms group_by=  0.000ms per_group= 0.001ms)
[pe] round=1111 work=        1 frontier=        2 next=        1 consolidate=  0.002ms frontier=  0.000ms semisort=  0.002ms (keyed= 0.000ms group_by=  0.000ms per_group= 0.001ms)
[pe] round=1112 work=        1 frontier=        2 next=        1 consolidate=  0.001ms frontier=  0.000ms semisort=  0.002ms (keyed= 0.000ms group_by=  0.000ms per_group= 0.001ms)
[pe] round=1113 work=        1 frontier=        2 next=        1 consolidate=  0.002ms frontier=  0.000ms semisort=  0.002ms (keyed= 0.000ms group_by=  0.000ms per_group= 0.001ms)
[pe] round=1114 work=        1 frontier=        2 next=        1 consolidate=  0.001ms frontier=  0.000ms semisort=  0.002ms (keyed= 0.000ms group_by=  0.000ms per_group= 0.001ms)
[pe] round=1115 work=        1 frontier=        2 next=        1 consolidate=  0.002ms frontier=  0.000ms semisort=  0.002ms (keyed= 0.000ms group_by=  0.000ms per_group= 0.001ms)
[pe] round=1116 work=        1 frontier=        2 next=        1 consolidate=  0.001ms frontier=  0.000ms semisort=  0.002ms (keyed= 0.000ms group_by=  0.000ms per_group= 0.001ms)
[pe] round=1117 work=        1 frontier=        2 next=        1 consolidate=  0.002ms frontier=  0.000ms semisort=  0.002ms (keyed= 0.000ms group_by=  0.000ms per_group= 0.001ms)
[pe] round=1118 work=        1 frontier=        2 next=        1 consolidate=  0.001ms frontier=  0.000ms semisort=  0.002ms (keyed= 0.000ms group_by=  0.000ms per_group= 0.001ms)
[pe] round=1119 work=        1 frontier=        2 next=        1 consolidate=  0.001ms frontier=  0.000ms semisort=  0.002ms (keyed= 0.000ms group_by=  0.000ms per_group= 0.001ms)
[pe] round=1120 work=        1 frontier=        2 next=        1 consolidate=  0.001ms frontier=  0.000ms semisort=  0.002ms (keyed= 0.000ms group_by=  0.000ms per_group= 0.001ms)
[pe] round=1121 work=        1 frontier=        2 next=        1 consolidate=  0.002ms frontier=  0.000ms semisort=  0.002ms (keyed= 0.000ms group_by=  0.000ms per_group= 0.001ms)
[pe] round=1122 work=        1 frontier=        2 next=        1 consolidate=  0.001ms frontier=  0.000ms semisort=  0.002ms (keyed= 0.000ms group_by=  0.000ms per_group= 0.001ms)
[pe] round=1123 work=        1 frontier=        2 next=        1 consolidate=  0.002ms frontier=  0.000ms semisort=  0.002ms (keyed= 0.000ms group_by=  0.000ms per_group= 0.001ms)
[pe] round=1124 work=        1 frontier=        2 next=        1 consolidate=  0.001ms frontier=  0.000ms semisort=  0.002ms (keyed= 0.000ms group_by=  0.000ms per_group= 0.001ms)
[pe] round=1125 work=        1 frontier=        2 next=        1 consolidate=  0.002ms frontier=  0.000ms semisort=  0.002ms (keyed= 0.000ms group_by=  0.000ms per_group= 0.001ms)
[pe] round=1126 work=        1 frontier=        2 next=        1 consolidate=  0.001ms frontier=  0.000ms semisort=  0.002ms (keyed= 0.000ms group_by=  0.000ms per_group= 0.001ms)
[pe] round=1127 work=        1 frontier=        2 next=        1 consolidate=  0.002ms frontier=  0.000ms semisort=  0.002ms (keyed= 0.000ms group_by=  0.000ms per_group= 0.001ms)
[pe] round=1128 work=        1 frontier=        2 next=        1 consolidate=  0.001ms frontier=  0.000ms semisort=  0.002ms (keyed= 0.000ms group_by=  0.000ms per_group= 0.001ms)
[pe] round=1129 work=        1 frontier=        2 next=        1 consolidate=  0.001ms frontier=  0.000ms semisort=  0.002ms (keyed= 0.000ms group_by=  0.000ms per_group= 0.001ms)
[pe] round=1130 work=        1 frontier=        2 next=        1 consolidate=  0.001ms frontier=  0.000ms semisort=  0.002ms (keyed= 0.000ms group_by=  0.000ms per_group= 0.001ms)
[pe] round=1131 work=        1 frontier=        2 next=        1 consolidate=  0.002ms frontier=  0.000ms semisort=  0.002ms (keyed= 0.000ms group_by=  0.000ms per_group= 0.001ms)
[pe] round=1132 work=        1 frontier=        2 next=        1 consolidate=  0.001ms frontier=  0.000ms semisort=  0.002ms (keyed= 0.000ms group_by=  0.000ms per_group= 0.001ms)
[pe] round=1133 work=        1 frontier=        2 next=        1 consolidate=  0.002ms frontier=  0.000ms semisort=  0.002ms (keyed= 0.000ms group_by=  0.000ms per_group= 0.001ms)
[pe] round=1134 work=        1 frontier=        2 next=        1 consolidate=  0.001ms frontier=  0.000ms semisort=  0.002ms (keyed= 0.000ms group_by=  0.000ms per_group= 0.001ms)
[pe] round=1135 work=        1 frontier=        2 next=        1 consolidate=  0.002ms frontier=  0.000ms semisort=  0.002ms (keyed= 0.000ms group_by=  0.000ms per_group= 0.001ms)
[pe] round=1136 work=        1 frontier=        2 next=        1 consolidate=  0.001ms frontier=  0.000ms semisort=  0.002ms (keyed= 0.000ms group_by=  0.000ms per_group= 0.001ms)
[pe] round=1137 work=        1 frontier=        2 next=        1 consolidate=  0.002ms frontier=  0.000ms semisort=  0.002ms (keyed= 0.000ms group_by=  0.000ms per_group= 0.001ms)
[pe] round=1138 work=        1 frontier=        2 next=        1 consolidate=  0.001ms frontier=  0.000ms semisort=  0.002ms (keyed= 0.000ms group_by=  0.000ms per_group= 0.001ms)
[pe] round=1139 work=        1 frontier=        2 next=        1 consolidate=  0.001ms frontier=  0.000ms semisort=  0.002ms (keyed= 0.000ms group_by=  0.000ms per_group= 0.001ms)
[pe] round=1140 work=        1 frontier=        2 next=        1 consolidate=  0.001ms frontier=  0.000ms semisort=  0.002ms (keyed= 0.000ms group_by=  0.000ms per_group= 0.001ms)
[pe] round=1141 work=        1 frontier=        2 next=        1 consolidate=  0.002ms frontier=  0.000ms semisort=  0.002ms (keyed= 0.000ms group_by=  0.000ms per_group= 0.001ms)
[pe] round=1142 work=        1 frontier=        2 next=        1 consolidate=  0.001ms frontier=  0.000ms semisort=  0.002ms (keyed= 0.000ms group_by=  0.000ms per_group= 0.001ms)
[pe] round=1143 work=        1 frontier=        2 next=        1 consolidate=  0.002ms frontier=  0.000ms semisort=  0.002ms (keyed= 0.000ms group_by=  0.000ms per_group= 0.001ms)
[pe] round=1144 work=        1 frontier=        2 next=        1 consolidate=  0.001ms frontier=  0.000ms semisort=  0.002ms (keyed= 0.000ms group_by=  0.000ms per_group= 0.001ms)
[pe] round=1145 work=        1 frontier=        2 next=        1 consolidate=  0.002ms frontier=  0.000ms semisort=  0.002ms (keyed= 0.000ms group_by=  0.000ms per_group= 0.001ms)
[pe] round=1146 work=        1 frontier=        2 next=        1 consolidate=  0.001ms frontier=  0.000ms semisort=  0.002ms (keyed= 0.000ms group_by=  0.000ms per_group= 0.001ms)
[pe] round=1147 work=        1 frontier=        2 next=        1 consolidate=  0.002ms frontier=  0.000ms semisort=  0.002ms (keyed= 0.000ms group_by=  0.000ms per_group= 0.001ms)
[pe] round=1148 work=        1 frontier=        2 next=        1 consolidate=  0.001ms frontier=  0.000ms semisort=  0.002ms (keyed= 0.000ms group_by=  0.000ms per_group= 0.001ms)
[pe] round=1149 work=        1 frontier=        2 next=        1 consolidate=  0.002ms frontier=  0.000ms semisort=  0.002ms (keyed= 0.000ms group_by=  0.000ms per_group= 0.001ms)
[pe] round=1150 work=        1 frontier=        2 next=        1 consolidate=  0.001ms frontier=  0.000ms semisort=  0.002ms (keyed= 0.000ms group_by=  0.000ms per_group= 0.001ms)
[pe] round=1151 work=        1 frontier=        2 next=        1 consolidate=  0.002ms frontier=  0.000ms semisort=  0.002ms (keyed= 0.000ms group_by=  0.000ms per_group= 0.001ms)
[pe] round=1152 work=        1 frontier=        2 next=        1 consolidate=  0.001ms frontier=  0.000ms semisort=  0.002ms (keyed= 0.000ms group_by=  0.000ms per_group= 0.001ms)
[pe] round=1153 work=        1 frontier=        2 next=        1 consolidate=  0.002ms frontier=  0.000ms semisort=  0.002ms (keyed= 0.000ms group_by=  0.000ms per_group= 0.001ms)
[pe] round=1154 work=        1 frontier=        2 next=        1 consolidate=  0.001ms frontier=  0.000ms semisort=  0.002ms (keyed= 0.000ms group_by=  0.000ms per_group= 0.001ms)
[pe] round=1155 work=        1 frontier=        2 next=        1 consolidate=  0.001ms frontier=  0.000ms semisort=  0.002ms (keyed= 0.000ms group_by=  0.000ms per_group= 0.001ms)
[pe] round=1156 work=        1 frontier=        2 next=        1 consolidate=  0.001ms frontier=  0.000ms semisort=  0.002ms (keyed= 0.000ms group_by=  0.000ms per_group= 0.001ms)
[pe] round=1157 work=        1 frontier=        2 next=        1 consolidate=  0.001ms frontier=  0.000ms semisort=  0.002ms (keyed= 0.000ms group_by=  0.000ms per_group= 0.001ms)
[pe] round=1158 work=        1 frontier=        2 next=        1 consolidate=  0.001ms frontier=  0.000ms semisort=  0.002ms (keyed= 0.000ms group_by=  0.000ms per_group= 0.001ms)
[pe] round=1159 work=        1 frontier=        2 next=        1 consolidate=  0.001ms frontier=  0.000ms semisort=  0.002ms (keyed= 0.000ms group_by=  0.000ms per_group= 0.001ms)
[pe] round=1160 work=        1 frontier=        2 next=        1 consolidate=  0.001ms frontier=  0.000ms semisort=  0.002ms (keyed= 0.000ms group_by=  0.000ms per_group= 0.001ms)
[pe] round=1161 work=        1 frontier=        2 next=        1 consolidate=  0.001ms frontier=  0.000ms semisort=  0.002ms (keyed= 0.000ms group_by=  0.000ms per_group= 0.001ms)
[pe] round=1162 work=        1 frontier=        2 next=        1 consolidate=  0.001ms frontier=  0.000ms semisort=  0.002ms (keyed= 0.000ms group_by=  0.000ms per_group= 0.001ms)
[pe] round=1163 work=        1 frontier=        2 next=        1 consolidate=  0.001ms frontier=  0.000ms semisort=  0.002ms (keyed= 0.000ms group_by=  0.000ms per_group= 0.001ms)
[pe] round=1164 work=        1 frontier=        2 next=        1 consolidate=  0.001ms frontier=  0.000ms semisort=  0.002ms (keyed= 0.000ms group_by=  0.000ms per_group= 0.001ms)
[pe] round=1165 work=        1 frontier=        2 next=        1 consolidate=  0.001ms frontier=  0.000ms semisort=  0.002ms (keyed= 0.000ms group_by=  0.000ms per_group= 0.001ms)
[pe] round=1166 work=        1 frontier=        2 next=        1 consolidate=  0.001ms frontier=  0.000ms semisort=  0.002ms (keyed= 0.000ms group_by=  0.000ms per_group= 0.001ms)
[pe] round=1167 work=        1 frontier=        2 next=        1 consolidate=  0.001ms frontier=  0.000ms semisort=  0.002ms (keyed= 0.000ms group_by=  0.000ms per_group= 0.001ms)
[pe] round=1168 work=        1 frontier=        2 next=        1 consolidate=  0.001ms frontier=  0.000ms semisort=  0.002ms (keyed= 0.000ms group_by=  0.000ms per_group= 0.001ms)
[pe] round=1169 work=        1 frontier=        2 next=        1 consolidate=  0.002ms frontier=  0.000ms semisort=  0.002ms (keyed= 0.000ms group_by=  0.000ms per_group= 0.001ms)
[pe] round=1170 work=        1 frontier=        2 next=        1 consolidate=  0.001ms frontier=  0.000ms semisort=  0.002ms (keyed= 0.000ms group_by=  0.000ms per_group= 0.001ms)
[pe] round=1171 work=        1 frontier=        2 next=        1 consolidate=  0.002ms frontier=  0.000ms semisort=  0.002ms (keyed= 0.000ms group_by=  0.000ms per_group= 0.001ms)
[pe] round=1172 work=        1 frontier=        2 next=        1 consolidate=  0.001ms frontier=  0.000ms semisort=  0.002ms (keyed= 0.000ms group_by=  0.000ms per_group= 0.001ms)
[pe] round=1173 work=        1 frontier=        2 next=        1 consolidate=  0.002ms frontier=  0.000ms semisort=  0.002ms (keyed= 0.000ms group_by=  0.000ms per_group= 0.001ms)
[pe] round=1174 work=        1 frontier=        2 next=        1 consolidate=  0.001ms frontier=  0.000ms semisort=  0.002ms (keyed= 0.000ms group_by=  0.000ms per_group= 0.001ms)
[pe] round=1175 work=        1 frontier=        2 next=        1 consolidate=  0.002ms frontier=  0.000ms semisort=  0.002ms (keyed= 0.000ms group_by=  0.000ms per_group= 0.001ms)
[pe] round=1176 work=        1 frontier=        2 next=        1 consolidate=  0.001ms frontier=  0.000ms semisort=  0.002ms (keyed= 0.000ms group_by=  0.000ms per_group= 0.001ms)
[pe] round=1177 work=        1 frontier=        2 next=        1 consolidate=  0.001ms frontier=  0.000ms semisort=  0.002ms (keyed= 0.000ms group_by=  0.000ms per_group= 0.001ms)
[pe] round=1178 work=        1 frontier=        2 next=        1 consolidate=  0.001ms frontier=  0.000ms semisort=  0.002ms (keyed= 0.000ms group_by=  0.000ms per_group= 0.001ms)
[pe] round=1179 work=        1 frontier=        2 next=        1 consolidate=  0.002ms frontier=  0.000ms semisort=  0.002ms (keyed= 0.000ms group_by=  0.000ms per_group= 0.001ms)
[pe] round=1180 work=        1 frontier=        2 next=        1 consolidate=  0.001ms frontier=  0.000ms semisort=  0.002ms (keyed= 0.000ms group_by=  0.000ms per_group= 0.001ms)
[pe] round=1181 work=        1 frontier=        2 next=        1 consolidate=  0.002ms frontier=  0.000ms semisort=  0.002ms (keyed= 0.000ms group_by=  0.000ms per_group= 0.001ms)
[pe] round=1182 work=        1 frontier=        2 next=        1 consolidate=  0.001ms frontier=  0.000ms semisort=  0.002ms (keyed= 0.000ms group_by=  0.000ms per_group= 0.001ms)
[pe] round=1183 work=        1 frontier=        2 next=        1 consolidate=  0.002ms frontier=  0.000ms semisort=  0.002ms (keyed= 0.000ms group_by=  0.000ms per_group= 0.001ms)
[pe] round=1184 work=        1 frontier=        2 next=        1 consolidate=  0.001ms frontier=  0.000ms semisort=  0.002ms (keyed= 0.000ms group_by=  0.000ms per_group= 0.001ms)
[pe] round=1185 work=        1 frontier=        2 next=        1 consolidate=  0.002ms frontier=  0.000ms semisort=  0.002ms (keyed= 0.000ms group_by=  0.000ms per_group= 0.001ms)
[pe] round=1186 work=        1 frontier=        2 next=        1 consolidate=  0.001ms frontier=  0.000ms semisort=  0.002ms (keyed= 0.000ms group_by=  0.000ms per_group= 0.001ms)
[pe] round=1187 work=        1 frontier=        2 next=        1 consolidate=  0.001ms frontier=  0.000ms semisort=  0.002ms (keyed= 0.000ms group_by=  0.000ms per_group= 0.001ms)
[pe] round=1188 work=        1 frontier=        2 next=        1 consolidate=  0.001ms frontier=  0.000ms semisort=  0.002ms (keyed= 0.000ms group_by=  0.000ms per_group= 0.001ms)
[pe] round=1189 work=        1 frontier=        2 next=        1 consolidate=  0.002ms frontier=  0.000ms semisort=  0.002ms (keyed= 0.000ms group_by=  0.000ms per_group= 0.001ms)
[pe] round=1190 work=        1 frontier=        2 next=        1 consolidate=  0.001ms frontier=  0.000ms semisort=  0.002ms (keyed= 0.000ms group_by=  0.000ms per_group= 0.001ms)
[pe] round=1191 work=        1 frontier=        2 next=        1 consolidate=  0.002ms frontier=  0.000ms semisort=  0.002ms (keyed= 0.000ms group_by=  0.000ms per_group= 0.001ms)
[pe] round=1192 work=        1 frontier=        2 next=        1 consolidate=  0.001ms frontier=  0.000ms semisort=  0.002ms (keyed= 0.000ms group_by=  0.000ms per_group= 0.001ms)
[pe] round=1193 work=        1 frontier=        2 next=        1 consolidate=  0.002ms frontier=  0.000ms semisort=  0.002ms (keyed= 0.000ms group_by=  0.000ms per_group= 0.001ms)
[pe] round=1194 work=        1 frontier=        2 next=        1 consolidate=  0.001ms frontier=  0.000ms semisort=  0.002ms (keyed= 0.000ms group_by=  0.000ms per_group= 0.001ms)
[pe] round=1195 work=        1 frontier=        2 next=        1 consolidate=  0.002ms frontier=  0.000ms semisort=  0.002ms (keyed= 0.000ms group_by=  0.000ms per_group= 0.001ms)
[pe] round=1196 work=        1 frontier=        2 next=        1 consolidate=  0.001ms frontier=  0.000ms semisort=  0.002ms (keyed= 0.000ms group_by=  0.000ms per_group= 0.001ms)
[pe] round=1197 work=        1 frontier=        2 next=        1 consolidate=  0.001ms frontier=  0.000ms semisort=  0.002ms (keyed= 0.000ms group_by=  0.000ms per_group= 0.001ms)
[pe] round=1198 work=        1 frontier=        2 next=        1 consolidate=  0.001ms frontier=  0.000ms semisort=  0.002ms (keyed= 0.000ms group_by=  0.000ms per_group= 0.001ms)
[pe] round=1199 work=        1 frontier=        2 next=        1 consolidate=  0.002ms frontier=  0.000ms semisort=  0.002ms (keyed= 0.000ms group_by=  0.000ms per_group= 0.001ms)
[pe] round=1200 work=        1 frontier=        2 next=        1 consolidate=  0.001ms frontier=  0.000ms semisort=  0.002ms (keyed= 0.000ms group_by=  0.000ms per_group= 0.001ms)
[pe] round=1201 work=        1 frontier=        2 next=        1 consolidate=  0.002ms frontier=  0.000ms semisort=  0.002ms (keyed= 0.000ms group_by=  0.000ms per_group= 0.001ms)
[pe] round=1202 work=        1 frontier=        2 next=        1 consolidate=  0.001ms frontier=  0.000ms semisort=  0.002ms (keyed= 0.000ms group_by=  0.000ms per_group= 0.001ms)
[pe] round=1203 work=        1 frontier=        2 next=        1 consolidate=  0.002ms frontier=  0.000ms semisort=  0.002ms (keyed= 0.000ms group_by=  0.000ms per_group= 0.001ms)
[pe] round=1204 work=        1 frontier=        2 next=        1 consolidate=  0.001ms frontier=  0.000ms semisort=  0.002ms (keyed= 0.000ms group_by=  0.000ms per_group= 0.001ms)
[pe] round=1205 work=        1 frontier=        2 next=        1 consolidate=  0.002ms frontier=  0.000ms semisort=  0.002ms (keyed= 0.000ms group_by=  0.000ms per_group= 0.001ms)
[pe] round=1206 work=        1 frontier=        2 next=        1 consolidate=  0.001ms frontier=  0.000ms semisort=  0.002ms (keyed= 0.000ms group_by=  0.000ms per_group= 0.001ms)
[pe] round=1207 work=        1 frontier=        2 next=        1 consolidate=  0.001ms frontier=  0.000ms semisort=  0.002ms (keyed= 0.000ms group_by=  0.000ms per_group= 0.001ms)
[pe] round=1208 work=        1 frontier=        2 next=        1 consolidate=  0.001ms frontier=  0.000ms semisort=  0.002ms (keyed= 0.000ms group_by=  0.000ms per_group= 0.001ms)
[pe] round=1209 work=        1 frontier=        2 next=        1 consolidate=  0.002ms frontier=  0.000ms semisort=  0.002ms (keyed= 0.000ms group_by=  0.000ms per_group= 0.001ms)
[pe] round=1210 work=        1 frontier=        2 next=        1 consolidate=  0.002ms frontier=  0.000ms semisort=  0.002ms (keyed= 0.000ms group_by=  0.000ms per_group= 0.001ms)
[pe] round=1211 work=        1 frontier=        2 next=        1 consolidate=  0.001ms frontier=  0.000ms semisort=  0.002ms (keyed= 0.000ms group_by=  0.000ms per_group= 0.001ms)
[pe] round=1212 work=        1 frontier=        2 next=        1 consolidate=  0.002ms frontier=  0.000ms semisort=  0.002ms (keyed= 0.000ms group_by=  0.000ms per_group= 0.001ms)
[pe] round=1213 work=        1 frontier=        2 next=        1 consolidate=  0.001ms frontier=  0.000ms semisort=  0.002ms (keyed= 0.000ms group_by=  0.000ms per_group= 0.001ms)
[pe] round=1214 work=        1 frontier=        2 next=        1 consolidate=  0.002ms frontier=  0.000ms semisort=  0.002ms (keyed= 0.000ms group_by=  0.000ms per_group= 0.001ms)
[pe] round=1215 work=        1 frontier=        2 next=        1 consolidate=  0.001ms frontier=  0.000ms semisort=  0.002ms (keyed= 0.000ms group_by=  0.000ms per_group= 0.001ms)
[pe] round=1216 work=        1 frontier=        2 next=        1 consolidate=  0.002ms frontier=  0.000ms semisort=  0.002ms (keyed= 0.000ms group_by=  0.000ms per_group= 0.001ms)
[pe] round=1217 work=        1 frontier=        2 next=        1 consolidate=  0.001ms frontier=  0.000ms semisort=  0.002ms (keyed= 0.000ms group_by=  0.000ms per_group= 0.001ms)
[pe] round=1218 work=        1 frontier=        2 next=        1 consolidate=  0.002ms frontier=  0.000ms semisort=  0.002ms (keyed= 0.000ms group_by=  0.000ms per_group= 0.001ms)
[pe] round=1219 work=        1 frontier=        2 next=        1 consolidate=  0.001ms frontier=  0.000ms semisort=  0.002ms (keyed= 0.000ms group_by=  0.000ms per_group= 0.001ms)
[pe] round=1220 work=        1 frontier=        2 next=        1 consolidate=  0.001ms frontier=  0.000ms semisort=  0.002ms (keyed= 0.000ms group_by=  0.000ms per_group= 0.001ms)
[pe] round=1221 work=        1 frontier=        2 next=        1 consolidate=  0.001ms frontier=  0.000ms semisort=  0.002ms (keyed= 0.000ms group_by=  0.000ms per_group= 0.001ms)
[pe] round=1222 work=        1 frontier=        2 next=        1 consolidate=  0.002ms frontier=  0.000ms semisort=  0.002ms (keyed= 0.000ms group_by=  0.000ms per_group= 0.001ms)
[pe] round=1223 work=        1 frontier=        2 next=        1 consolidate=  0.001ms frontier=  0.000ms semisort=  0.002ms (keyed= 0.000ms group_by=  0.000ms per_group= 0.001ms)
[pe] round=1224 work=        1 frontier=        2 next=        1 consolidate=  0.002ms frontier=  0.000ms semisort=  0.002ms (keyed= 0.000ms group_by=  0.000ms per_group= 0.001ms)
[pe] round=1225 work=        1 frontier=        2 next=        1 consolidate=  0.001ms frontier=  0.000ms semisort=  0.002ms (keyed= 0.000ms group_by=  0.000ms per_group= 0.001ms)
[pe] round=1226 work=        1 frontier=        2 next=        1 consolidate=  0.002ms frontier=  0.000ms semisort=  0.002ms (keyed= 0.000ms group_by=  0.000ms per_group= 0.001ms)
[pe] round=1227 work=        1 frontier=        2 next=        1 consolidate=  0.001ms frontier=  0.000ms semisort=  0.002ms (keyed= 0.000ms group_by=  0.000ms per_group= 0.001ms)
[pe] round=1228 work=        1 frontier=        2 next=        1 consolidate=  0.002ms frontier=  0.000ms semisort=  0.002ms (keyed= 0.000ms group_by=  0.000ms per_group= 0.001ms)
[pe] round=1229 work=        1 frontier=        2 next=        1 consolidate=  0.001ms frontier=  0.000ms semisort=  0.002ms (keyed= 0.000ms group_by=  0.000ms per_group= 0.001ms)
[pe] round=1230 work=        1 frontier=        2 next=        1 consolidate=  0.001ms frontier=  0.000ms semisort=  0.002ms (keyed= 0.000ms group_by=  0.000ms per_group= 0.001ms)
[pe] round=1231 work=        1 frontier=        2 next=        1 consolidate=  0.001ms frontier=  0.000ms semisort=  0.002ms (keyed= 0.000ms group_by=  0.000ms per_group= 0.001ms)
[pe] round=1232 work=        1 frontier=        2 next=        1 consolidate=  0.002ms frontier=  0.000ms semisort=  0.002ms (keyed= 0.000ms group_by=  0.000ms per_group= 0.001ms)
[pe] round=1233 work=        1 frontier=        2 next=        1 consolidate=  0.001ms frontier=  0.000ms semisort=  0.002ms (keyed= 0.000ms group_by=  0.000ms per_group= 0.001ms)
[pe] round=1234 work=        1 frontier=        2 next=        1 consolidate=  0.002ms frontier=  0.000ms semisort=  0.002ms (keyed= 0.000ms group_by=  0.000ms per_group= 0.001ms)
[pe] round=1235 work=        1 frontier=        2 next=        1 consolidate=  0.001ms frontier=  0.000ms semisort=  0.002ms (keyed= 0.000ms group_by=  0.000ms per_group= 0.001ms)
[pe] round=1236 work=        1 frontier=        2 next=        1 consolidate=  0.002ms frontier=  0.000ms semisort=  0.002ms (keyed= 0.000ms group_by=  0.000ms per_group= 0.001ms)
[pe] round=1237 work=        1 frontier=        2 next=        1 consolidate=  0.001ms frontier=  0.000ms semisort=  0.002ms (keyed= 0.000ms group_by=  0.000ms per_group= 0.001ms)
[pe] round=1238 work=        1 frontier=        2 next=        1 consolidate=  0.002ms frontier=  0.000ms semisort=  0.002ms (keyed= 0.000ms group_by=  0.000ms per_group= 0.001ms)
[pe] round=1239 work=        1 frontier=        2 next=        1 consolidate=  0.001ms frontier=  0.000ms semisort=  0.002ms (keyed= 0.000ms group_by=  0.000ms per_group= 0.001ms)
[pe] round=1240 work=        1 frontier=        2 next=        1 consolidate=  0.002ms frontier=  0.000ms semisort=  0.002ms (keyed= 0.000ms group_by=  0.000ms per_group= 0.001ms)
[pe] round=1241 work=        1 frontier=        2 next=        1 consolidate=  0.001ms frontier=  0.000ms semisort=  0.002ms (keyed= 0.000ms group_by=  0.000ms per_group= 0.001ms)
[pe] round=1242 work=        1 frontier=        2 next=        1 consolidate=  0.002ms frontier=  0.000ms semisort=  0.002ms (keyed= 0.000ms group_by=  0.000ms per_group= 0.001ms)
[pe] round=1243 work=        1 frontier=        2 next=        1 consolidate=  0.001ms frontier=  0.000ms semisort=  0.002ms (keyed= 0.000ms group_by=  0.000ms per_group= 0.001ms)
[pe] round=1244 work=        1 frontier=        2 next=        1 consolidate=  0.002ms frontier=  0.000ms semisort=  0.002ms (keyed= 0.000ms group_by=  0.000ms per_group= 0.001ms)
[pe] round=1245 work=        1 frontier=        2 next=        1 consolidate=  0.001ms frontier=  0.000ms semisort=  0.002ms (keyed= 0.000ms group_by=  0.000ms per_group= 0.001ms)
[pe] round=1246 work=        1 frontier=        2 next=        1 consolidate=  0.001ms frontier=  0.000ms semisort=  0.002ms (keyed= 0.000ms group_by=  0.000ms per_group= 0.001ms)
[pe] round=1247 work=        1 frontier=        2 next=        1 consolidate=  0.001ms frontier=  0.000ms semisort=  0.002ms (keyed= 0.000ms group_by=  0.000ms per_group= 0.001ms)
[pe] round=1248 work=        1 frontier=        2 next=        1 consolidate=  0.002ms frontier=  0.000ms semisort=  0.002ms (keyed= 0.000ms group_by=  0.000ms per_group= 0.001ms)
[pe] round=1249 work=        1 frontier=        2 next=        1 consolidate=  0.001ms frontier=  0.000ms semisort=  0.002ms (keyed= 0.000ms group_by=  0.000ms per_group= 0.001ms)
[pe] round=1250 work=        1 frontier=        2 next=        1 consolidate=  0.002ms frontier=  0.000ms semisort=  0.002ms (keyed= 0.000ms group_by=  0.000ms per_group= 0.001ms)
[pe] round=1251 work=        1 frontier=        2 next=        1 consolidate=  0.001ms frontier=  0.000ms semisort=  0.002ms (keyed= 0.000ms group_by=  0.000ms per_group= 0.001ms)
[pe] round=1252 work=        1 frontier=        2 next=        1 consolidate=  0.002ms frontier=  0.000ms semisort=  0.002ms (keyed= 0.000ms group_by=  0.000ms per_group= 0.001ms)
[pe] round=1253 work=        1 frontier=        2 next=        1 consolidate=  0.001ms frontier=  0.000ms semisort=  0.002ms (keyed= 0.000ms group_by=  0.000ms per_group= 0.001ms)
[pe] round=1254 work=        1 frontier=        2 next=        1 consolidate=  0.002ms frontier=  0.000ms semisort=  0.002ms (keyed= 0.000ms group_by=  0.000ms per_group= 0.001ms)
[pe] round=1255 work=        1 frontier=        2 next=        1 consolidate=  0.001ms frontier=  0.000ms semisort=  0.002ms (keyed= 0.000ms group_by=  0.000ms per_group= 0.001ms)
[pe] round=1256 work=        1 frontier=        2 next=        1 consolidate=  0.001ms frontier=  0.000ms semisort=  0.002ms (keyed= 0.000ms group_by=  0.000ms per_group= 0.001ms)
[pe] round=1257 work=        1 frontier=        2 next=        1 consolidate=  0.001ms frontier=  0.000ms semisort=  0.002ms (keyed= 0.000ms group_by=  0.000ms per_group= 0.001ms)
[pe] round=1258 work=        1 frontier=        2 next=        1 consolidate=  0.002ms frontier=  0.000ms semisort=  0.002ms (keyed= 0.000ms group_by=  0.000ms per_group= 0.001ms)
[pe] round=1259 work=        1 frontier=        2 next=        1 consolidate=  0.001ms frontier=  0.000ms semisort=  0.002ms (keyed= 0.000ms group_by=  0.000ms per_group= 0.001ms)
[pe] round=1260 work=        1 frontier=        2 next=        1 consolidate=  0.002ms frontier=  0.000ms semisort=  0.002ms (keyed= 0.000ms group_by=  0.000ms per_group= 0.001ms)
[pe] round=1261 work=        1 frontier=        2 next=        1 consolidate=  0.001ms frontier=  0.000ms semisort=  0.002ms (keyed= 0.000ms group_by=  0.000ms per_group= 0.001ms)
[pe] round=1262 work=        1 frontier=        2 next=        1 consolidate=  0.002ms frontier=  0.000ms semisort=  0.002ms (keyed= 0.000ms group_by=  0.000ms per_group= 0.001ms)
[pe] round=1263 work=        1 frontier=        2 next=        1 consolidate=  0.001ms frontier=  0.000ms semisort=  0.002ms (keyed= 0.000ms group_by=  0.000ms per_group= 0.001ms)
[pe] round=1264 work=        1 frontier=        2 next=        1 consolidate=  0.002ms frontier=  0.000ms semisort=  0.002ms (keyed= 0.000ms group_by=  0.000ms per_group= 0.001ms)
[pe] round=1265 work=        1 frontier=        2 next=        1 consolidate=  0.001ms frontier=  0.000ms semisort=  0.002ms (keyed= 0.000ms group_by=  0.000ms per_group= 0.001ms)
[pe] round=1266 work=        1 frontier=        2 next=        1 consolidate=  0.001ms frontier=  0.000ms semisort=  0.002ms (keyed= 0.000ms group_by=  0.000ms per_group= 0.001ms)
[pe] round=1267 work=        1 frontier=        2 next=        1 consolidate=  0.001ms frontier=  0.000ms semisort=  0.002ms (keyed= 0.000ms group_by=  0.000ms per_group= 0.001ms)
[pe] round=1268 work=        1 frontier=        2 next=        1 consolidate=  0.002ms frontier=  0.000ms semisort=  0.002ms (keyed= 0.000ms group_by=  0.000ms per_group= 0.001ms)
[pe] round=1269 work=        1 frontier=        2 next=        1 consolidate=  0.001ms frontier=  0.000ms semisort=  0.002ms (keyed= 0.000ms group_by=  0.000ms per_group= 0.001ms)
[pe] round=1270 work=        1 frontier=        2 next=        1 consolidate=  0.002ms frontier=  0.000ms semisort=  0.002ms (keyed= 0.000ms group_by=  0.000ms per_group= 0.001ms)
[pe] round=1271 work=        1 frontier=        2 next=        1 consolidate=  0.001ms frontier=  0.000ms semisort=  0.002ms (keyed= 0.000ms group_by=  0.000ms per_group= 0.001ms)
[pe] round=1272 work=        1 frontier=        2 next=        1 consolidate=  0.002ms frontier=  0.000ms semisort=  0.002ms (keyed= 0.000ms group_by=  0.000ms per_group= 0.001ms)
[pe] round=1273 work=        1 frontier=        2 next=        1 consolidate=  0.001ms frontier=  0.000ms semisort=  0.002ms (keyed= 0.000ms group_by=  0.000ms per_group= 0.001ms)
[pe] round=1274 work=        1 frontier=        2 next=        1 consolidate=  0.002ms frontier=  0.000ms semisort=  0.002ms (keyed= 0.000ms group_by=  0.000ms per_group= 0.001ms)
[pe] round=1275 work=        1 frontier=        2 next=        1 consolidate=  0.001ms frontier=  0.000ms semisort=  0.002ms (keyed= 0.000ms group_by=  0.000ms per_group= 0.001ms)
[pe] round=1276 work=        1 frontier=        2 next=        1 consolidate=  0.001ms frontier=  0.000ms semisort=  0.002ms (keyed= 0.000ms group_by=  0.000ms per_group= 0.001ms)
[pe] round=1277 work=        1 frontier=        2 next=        1 consolidate=  0.001ms frontier=  0.000ms semisort=  0.002ms (keyed= 0.000ms group_by=  0.000ms per_group= 0.001ms)
[pe] round=1278 work=        1 frontier=        2 next=        1 consolidate=  0.002ms frontier=  0.000ms semisort=  0.002ms (keyed= 0.000ms group_by=  0.000ms per_group= 0.001ms)
[pe] round=1279 work=        1 frontier=        2 next=        1 consolidate=  0.001ms frontier=  0.000ms semisort=  0.002ms (keyed= 0.000ms group_by=  0.000ms per_group= 0.001ms)
[pe] round=1280 work=        1 frontier=        2 next=        1 consolidate=  0.002ms frontier=  0.000ms semisort=  0.002ms (keyed= 0.000ms group_by=  0.000ms per_group= 0.001ms)
[pe] round=1281 work=        1 frontier=        2 next=        1 consolidate=  0.001ms frontier=  0.000ms semisort=  0.002ms (keyed= 0.000ms group_by=  0.000ms per_group= 0.001ms)
[pe] round=1282 work=        1 frontier=        2 next=        1 consolidate=  0.002ms frontier=  0.000ms semisort=  0.002ms (keyed= 0.000ms group_by=  0.000ms per_group= 0.001ms)
[pe] round=1283 work=        1 frontier=        2 next=        1 consolidate=  0.001ms frontier=  0.000ms semisort=  0.002ms (keyed= 0.000ms group_by=  0.000ms per_group= 0.001ms)
[pe] round=1284 work=        1 frontier=        2 next=        1 consolidate=  0.002ms frontier=  0.000ms semisort=  0.002ms (keyed= 0.000ms group_by=  0.000ms per_group= 0.001ms)
[pe] round=1285 work=        1 frontier=        2 next=        1 consolidate=  0.001ms frontier=  0.000ms semisort=  0.002ms (keyed= 0.000ms group_by=  0.000ms per_group= 0.001ms)
[pe] round=1286 work=        1 frontier=        2 next=        1 consolidate=  0.001ms frontier=  0.000ms semisort=  0.002ms (keyed= 0.000ms group_by=  0.000ms per_group= 0.001ms)
[pe] round=1287 work=        1 frontier=        2 next=        1 consolidate=  0.001ms frontier=  0.000ms semisort=  0.002ms (keyed= 0.000ms group_by=  0.000ms per_group= 0.001ms)
[pe] round=1288 work=        1 frontier=        2 next=        1 consolidate=  0.002ms frontier=  0.000ms semisort=  0.002ms (keyed= 0.000ms group_by=  0.000ms per_group= 0.001ms)
[pe] round=1289 work=        1 frontier=        2 next=        1 consolidate=  0.001ms frontier=  0.000ms semisort=  0.002ms (keyed= 0.000ms group_by=  0.000ms per_group= 0.001ms)
[pe] round=1290 work=        1 frontier=        2 next=        1 consolidate=  0.002ms frontier=  0.000ms semisort=  0.002ms (keyed= 0.000ms group_by=  0.000ms per_group= 0.001ms)
[pe] round=1291 work=        1 frontier=        2 next=        1 consolidate=  0.001ms frontier=  0.000ms semisort=  0.002ms (keyed= 0.000ms group_by=  0.000ms per_group= 0.001ms)
[pe] round=1292 work=        1 frontier=        2 next=        1 consolidate=  0.002ms frontier=  0.000ms semisort=  0.002ms (keyed= 0.000ms group_by=  0.000ms per_group= 0.001ms)
[pe] round=1293 work=        1 frontier=        2 next=        1 consolidate=  0.001ms frontier=  0.000ms semisort=  0.002ms (keyed= 0.000ms group_by=  0.000ms per_group= 0.001ms)
[pe] round=1294 work=        1 frontier=        2 next=        1 consolidate=  0.002ms frontier=  0.000ms semisort=  0.002ms (keyed= 0.000ms group_by=  0.000ms per_group= 0.001ms)
[pe] round=1295 work=        1 frontier=        2 next=        1 consolidate=  0.001ms frontier=  0.000ms semisort=  0.002ms (keyed= 0.000ms group_by=  0.000ms per_group= 0.001ms)
[pe] round=1296 work=        1 frontier=        2 next=        1 consolidate=  0.002ms frontier=  0.000ms semisort=  0.002ms (keyed= 0.000ms group_by=  0.000ms per_group= 0.001ms)
[pe] round=1297 work=        1 frontier=        2 next=        1 consolidate=  0.001ms frontier=  0.000ms semisort=  0.002ms (keyed= 0.000ms group_by=  0.000ms per_group= 0.001ms)
[pe] round=1298 work=        1 frontier=        2 next=        1 consolidate=  0.002ms frontier=  0.000ms semisort=  0.002ms (keyed= 0.000ms group_by=  0.000ms per_group= 0.001ms)
[pe] round=1299 work=        1 frontier=        2 next=        1 consolidate=  0.001ms frontier=  0.000ms semisort=  0.002ms (keyed= 0.000ms group_by=  0.000ms per_group= 0.001ms)
[pe] round=1300 work=        1 frontier=        2 next=        1 consolidate=  0.002ms frontier=  0.000ms semisort=  0.002ms (keyed= 0.000ms group_by=  0.000ms per_group= 0.001ms)
[pe] round=1301 work=        1 frontier=        2 next=        1 consolidate=  0.001ms frontier=  0.000ms semisort=  0.002ms (keyed= 0.000ms group_by=  0.000ms per_group= 0.001ms)
[pe] round=1302 work=        1 frontier=        2 next=        1 consolidate=  0.002ms frontier=  0.000ms semisort=  0.002ms (keyed= 0.000ms group_by=  0.000ms per_group= 0.001ms)
[pe] round=1303 work=        1 frontier=        2 next=        1 consolidate=  0.001ms frontier=  0.000ms semisort=  0.002ms (keyed= 0.000ms group_by=  0.000ms per_group= 0.001ms)
[pe] round=1304 work=        1 frontier=        2 next=        1 consolidate=  0.002ms frontier=  0.000ms semisort=  0.002ms (keyed= 0.000ms group_by=  0.000ms per_group= 0.001ms)
[pe] round=1305 work=        1 frontier=        2 next=        1 consolidate=  0.001ms frontier=  0.000ms semisort=  0.002ms (keyed= 0.000ms group_by=  0.000ms per_group= 0.001ms)
[pe] round=1306 work=        1 frontier=        2 next=        1 consolidate=  0.001ms frontier=  0.000ms semisort=  0.002ms (keyed= 0.000ms group_by=  0.000ms per_group= 0.001ms)
[pe] round=1307 work=        1 frontier=        2 next=        1 consolidate=  0.001ms frontier=  0.000ms semisort=  0.002ms (keyed= 0.000ms group_by=  0.000ms per_group= 0.001ms)
[pe] round=1308 work=        1 frontier=        2 next=        1 consolidate=  0.002ms frontier=  0.000ms semisort=  0.002ms (keyed= 0.000ms group_by=  0.000ms per_group= 0.001ms)
[pe] round=1309 work=        1 frontier=        2 next=        1 consolidate=  0.001ms frontier=  0.000ms semisort=  0.002ms (keyed= 0.000ms group_by=  0.000ms per_group= 0.001ms)
[pe] round=1310 work=        1 frontier=        2 next=        1 consolidate=  0.002ms frontier=  0.000ms semisort=  0.002ms (keyed= 0.000ms group_by=  0.000ms per_group= 0.001ms)
[pe] round=1311 work=        1 frontier=        2 next=        1 consolidate=  0.001ms frontier=  0.000ms semisort=  0.002ms (keyed= 0.000ms group_by=  0.000ms per_group= 0.001ms)
[pe] round=1312 work=        1 frontier=        2 next=        1 consolidate=  0.002ms frontier=  0.000ms semisort=  0.002ms (keyed= 0.000ms group_by=  0.000ms per_group= 0.001ms)
[pe] round=1313 work=        1 frontier=        2 next=        1 consolidate=  0.001ms frontier=  0.000ms semisort=  0.002ms (keyed= 0.000ms group_by=  0.000ms per_group= 0.001ms)
[pe] round=1314 work=        1 frontier=        2 next=        1 consolidate=  0.002ms frontier=  0.000ms semisort=  0.002ms (keyed= 0.000ms group_by=  0.000ms per_group= 0.001ms)
[pe] round=1315 work=        1 frontier=        2 next=        1 consolidate=  0.001ms frontier=  0.000ms semisort=  0.002ms (keyed= 0.000ms group_by=  0.000ms per_group= 0.001ms)
[pe] round=1316 work=        1 frontier=        2 next=        1 consolidate=  0.001ms frontier=  0.000ms semisort=  0.002ms (keyed= 0.000ms group_by=  0.000ms per_group= 0.001ms)
[pe] round=1317 work=        1 frontier=        2 next=        1 consolidate=  0.001ms frontier=  0.000ms semisort=  0.002ms (keyed= 0.000ms group_by=  0.000ms per_group= 0.001ms)
[pe] round=1318 work=        1 frontier=        2 next=        1 consolidate=  0.002ms frontier=  0.000ms semisort=  0.002ms (keyed= 0.000ms group_by=  0.000ms per_group= 0.001ms)
[pe] round=1319 work=        1 frontier=        2 next=        1 consolidate=  0.001ms frontier=  0.000ms semisort=  0.002ms (keyed= 0.000ms group_by=  0.000ms per_group= 0.001ms)
[pe] round=1320 work=        1 frontier=        2 next=        1 consolidate=  0.002ms frontier=  0.000ms semisort=  0.002ms (keyed= 0.000ms group_by=  0.000ms per_group= 0.001ms)
[pe] round=1321 work=        1 frontier=        2 next=        1 consolidate=  0.001ms frontier=  0.000ms semisort=  0.002ms (keyed= 0.000ms group_by=  0.000ms per_group= 0.001ms)
[pe] round=1322 work=        1 frontier=        2 next=        1 consolidate=  0.002ms frontier=  0.000ms semisort=  0.002ms (keyed= 0.000ms group_by=  0.000ms per_group= 0.001ms)
[pe] round=1323 work=        1 frontier=        2 next=        1 consolidate=  0.001ms frontier=  0.000ms semisort=  0.002ms (keyed= 0.000ms group_by=  0.000ms per_group= 0.001ms)
[pe] round=1324 work=        1 frontier=        2 next=        1 consolidate=  0.002ms frontier=  0.000ms semisort=  0.002ms (keyed= 0.000ms group_by=  0.000ms per_group= 0.001ms)
[pe] round=1325 work=        1 frontier=        2 next=        1 consolidate=  0.001ms frontier=  0.000ms semisort=  0.002ms (keyed= 0.000ms group_by=  0.000ms per_group= 0.001ms)
[pe] round=1326 work=        1 frontier=        2 next=        1 consolidate=  0.001ms frontier=  0.000ms semisort=  0.002ms (keyed= 0.000ms group_by=  0.000ms per_group= 0.001ms)
[pe] round=1327 work=        1 frontier=        2 next=        1 consolidate=  0.001ms frontier=  0.000ms semisort=  0.002ms (keyed= 0.000ms group_by=  0.000ms per_group= 0.001ms)
[pe] round=1328 work=        1 frontier=        2 next=        1 consolidate=  0.002ms frontier=  0.000ms semisort=  0.002ms (keyed= 0.000ms group_by=  0.000ms per_group= 0.001ms)
[pe] round=1329 work=        1 frontier=        2 next=        1 consolidate=  0.001ms frontier=  0.000ms semisort=  0.002ms (keyed= 0.000ms group_by=  0.000ms per_group= 0.001ms)
[pe] round=1330 work=        1 frontier=        2 next=        1 consolidate=  0.002ms frontier=  0.000ms semisort=  0.002ms (keyed= 0.000ms group_by=  0.000ms per_group= 0.001ms)
[pe] round=1331 work=        1 frontier=        2 next=        1 consolidate=  0.001ms frontier=  0.000ms semisort=  0.002ms (keyed= 0.000ms group_by=  0.000ms per_group= 0.001ms)
[pe] round=1332 work=        1 frontier=        2 next=        1 consolidate=  0.002ms frontier=  0.000ms semisort=  0.002ms (keyed= 0.000ms group_by=  0.000ms per_group= 0.001ms)
[pe] round=1333 work=        1 frontier=        2 next=        1 consolidate=  0.001ms frontier=  0.000ms semisort=  0.002ms (keyed= 0.000ms group_by=  0.000ms per_group= 0.001ms)
[pe] round=1334 work=        1 frontier=        2 next=        1 consolidate=  0.002ms frontier=  0.000ms semisort=  0.002ms (keyed= 0.000ms group_by=  0.000ms per_group= 0.001ms)
[pe] round=1335 work=        1 frontier=        2 next=        1 consolidate=  0.001ms frontier=  0.000ms semisort=  0.002ms (keyed= 0.000ms group_by=  0.000ms per_group= 0.001ms)
[pe] round=1336 work=        1 frontier=        2 next=        1 consolidate=  0.001ms frontier=  0.000ms semisort=  0.002ms (keyed= 0.000ms group_by=  0.000ms per_group= 0.001ms)
[pe] round=1337 work=        1 frontier=        2 next=        1 consolidate=  0.001ms frontier=  0.000ms semisort=  0.002ms (keyed= 0.000ms group_by=  0.000ms per_group= 0.001ms)
[pe] round=1338 work=        1 frontier=        2 next=        1 consolidate=  0.002ms frontier=  0.000ms semisort=  0.002ms (keyed= 0.000ms group_by=  0.000ms per_group= 0.001ms)
[pe] round=1339 work=        1 frontier=        2 next=        1 consolidate=  0.001ms frontier=  0.000ms semisort=  0.002ms (keyed= 0.000ms group_by=  0.000ms per_group= 0.001ms)
[pe] round=1340 work=        1 frontier=        2 next=        1 consolidate=  0.002ms frontier=  0.000ms semisort=  0.002ms (keyed= 0.000ms group_by=  0.000ms per_group= 0.001ms)
[pe] round=1341 work=        1 frontier=        2 next=        1 consolidate=  0.001ms frontier=  0.000ms semisort=  0.002ms (keyed= 0.000ms group_by=  0.000ms per_group= 0.001ms)
[pe] round=1342 work=        1 frontier=        2 next=        1 consolidate=  0.002ms frontier=  0.000ms semisort=  0.002ms (keyed= 0.000ms group_by=  0.000ms per_group= 0.001ms)
[pe] round=1343 work=        1 frontier=        2 next=        1 consolidate=  0.001ms frontier=  0.000ms semisort=  0.002ms (keyed= 0.000ms group_by=  0.000ms per_group= 0.001ms)
[pe] round=1344 work=        1 frontier=        2 next=        1 consolidate=  0.002ms frontier=  0.000ms semisort=  0.002ms (keyed= 0.000ms group_by=  0.000ms per_group= 0.001ms)
[pe] round=1345 work=        1 frontier=        2 next=        1 consolidate=  0.001ms frontier=  0.000ms semisort=  0.002ms (keyed= 0.000ms group_by=  0.000ms per_group= 0.001ms)
[pe] round=1346 work=        1 frontier=        2 next=        1 consolidate=  0.001ms frontier=  0.000ms semisort=  0.002ms (keyed= 0.000ms group_by=  0.000ms per_group= 0.001ms)
[pe] round=1347 work=        1 frontier=        2 next=        1 consolidate=  0.001ms frontier=  0.000ms semisort=  0.002ms (keyed= 0.000ms group_by=  0.000ms per_group= 0.001ms)
[pe] round=1348 work=        1 frontier=        2 next=        1 consolidate=  0.002ms frontier=  0.000ms semisort=  0.002ms (keyed= 0.000ms group_by=  0.000ms per_group= 0.001ms)
[pe] round=1349 work=        1 frontier=        2 next=        1 consolidate=  0.001ms frontier=  0.000ms semisort=  0.002ms (keyed= 0.000ms group_by=  0.000ms per_group= 0.001ms)
[pe] round=1350 work=        1 frontier=        2 next=        1 consolidate=  0.002ms frontier=  0.000ms semisort=  0.002ms (keyed= 0.000ms group_by=  0.000ms per_group= 0.001ms)
[pe] round=1351 work=        1 frontier=        2 next=        1 consolidate=  0.001ms frontier=  0.000ms semisort=  0.002ms (keyed= 0.000ms group_by=  0.000ms per_group= 0.001ms)
[pe] round=1352 work=        1 frontier=        2 next=        1 consolidate=  0.002ms frontier=  0.000ms semisort=  0.002ms (keyed= 0.000ms group_by=  0.000ms per_group= 0.001ms)
[pe] round=1353 work=        1 frontier=        2 next=        1 consolidate=  0.001ms frontier=  0.000ms semisort=  0.002ms (keyed= 0.000ms group_by=  0.000ms per_group= 0.001ms)
[pe] round=1354 work=        1 frontier=        2 next=        1 consolidate=  0.002ms frontier=  0.000ms semisort=  0.002ms (keyed= 0.000ms group_by=  0.000ms per_group= 0.001ms)
[pe] round=1355 work=        1 frontier=        2 next=        1 consolidate=  0.001ms frontier=  0.000ms semisort=  0.002ms (keyed= 0.000ms group_by=  0.000ms per_group= 0.001ms)
[pe] round=1356 work=        1 frontier=        2 next=        1 consolidate=  0.001ms frontier=  0.000ms semisort=  0.002ms (keyed= 0.000ms group_by=  0.000ms per_group= 0.001ms)
[pe] round=1357 work=        1 frontier=        2 next=        1 consolidate=  0.001ms frontier=  0.000ms semisort=  0.002ms (keyed= 0.000ms group_by=  0.000ms per_group= 0.001ms)
[pe] round=1358 work=        1 frontier=        2 next=        1 consolidate=  0.002ms frontier=  0.000ms semisort=  0.002ms (keyed= 0.000ms group_by=  0.000ms per_group= 0.001ms)
[pe] round=1359 work=        1 frontier=        2 next=        1 consolidate=  0.001ms frontier=  0.000ms semisort=  0.002ms (keyed= 0.000ms group_by=  0.000ms per_group= 0.001ms)
[pe] round=1360 work=        1 frontier=        2 next=        1 consolidate=  0.002ms frontier=  0.000ms semisort=  0.002ms (keyed= 0.000ms group_by=  0.000ms per_group= 0.001ms)
[pe] round=1361 work=        1 frontier=        2 next=        1 consolidate=  0.001ms frontier=  0.000ms semisort=  0.002ms (keyed= 0.000ms group_by=  0.000ms per_group= 0.001ms)
[pe] round=1362 work=        1 frontier=        2 next=        1 consolidate=  0.002ms frontier=  0.000ms semisort=  0.002ms (keyed= 0.000ms group_by=  0.000ms per_group= 0.001ms)
[pe] round=1363 work=        1 frontier=        2 next=        1 consolidate=  0.001ms frontier=  0.000ms semisort=  0.002ms (keyed= 0.000ms group_by=  0.000ms per_group= 0.001ms)
[pe] round=1364 work=        1 frontier=        2 next=        1 consolidate=  0.002ms frontier=  0.000ms semisort=  0.002ms (keyed= 0.000ms group_by=  0.000ms per_group= 0.001ms)
[pe] round=1365 work=        1 frontier=        2 next=        1 consolidate=  0.001ms frontier=  0.000ms semisort=  0.002ms (keyed= 0.000ms group_by=  0.000ms per_group= 0.001ms)
[pe] round=1366 work=        1 frontier=        2 next=        1 consolidate=  0.001ms frontier=  0.000ms semisort=  0.002ms (keyed= 0.000ms group_by=  0.000ms per_group= 0.001ms)
[pe] round=1367 work=        1 frontier=        2 next=        1 consolidate=  0.001ms frontier=  0.000ms semisort=  0.002ms (keyed= 0.000ms group_by=  0.000ms per_group= 0.001ms)
[pe] round=1368 work=        1 frontier=        2 next=        1 consolidate=  0.002ms frontier=  0.000ms semisort=  0.002ms (keyed= 0.000ms group_by=  0.000ms per_group= 0.001ms)
[pe] round=1369 work=        1 frontier=        2 next=        1 consolidate=  0.001ms frontier=  0.000ms semisort=  0.002ms (keyed= 0.000ms group_by=  0.000ms per_group= 0.001ms)
[pe] round=1370 work=        1 frontier=        2 next=        1 consolidate=  0.002ms frontier=  0.000ms semisort=  0.002ms (keyed= 0.000ms group_by=  0.000ms per_group= 0.001ms)
[pe] round=1371 work=        1 frontier=        2 next=        1 consolidate=  0.001ms frontier=  0.000ms semisort=  0.002ms (keyed= 0.000ms group_by=  0.000ms per_group= 0.001ms)
[pe] round=1372 work=        1 frontier=        2 next=        1 consolidate=  0.002ms frontier=  0.000ms semisort=  0.002ms (keyed= 0.000ms group_by=  0.000ms per_group= 0.001ms)
[pe] round=1373 work=        1 frontier=        2 next=        1 consolidate=  0.001ms frontier=  0.000ms semisort=  0.002ms (keyed= 0.000ms group_by=  0.000ms per_group= 0.001ms)
[pe] round=1374 work=        1 frontier=        2 next=        1 consolidate=  0.002ms frontier=  0.000ms semisort=  0.002ms (keyed= 0.000ms group_by=  0.000ms per_group= 0.001ms)
[pe] round=1375 work=        1 frontier=        2 next=        1 consolidate=  0.001ms frontier=  0.000ms semisort=  0.002ms (keyed= 0.000ms group_by=  0.000ms per_group= 0.001ms)
[pe] round=1376 work=        1 frontier=        2 next=        1 consolidate=  0.002ms frontier=  0.000ms semisort=  0.002ms (keyed= 0.000ms group_by=  0.000ms per_group= 0.001ms)
[pe] round=1377 work=        1 frontier=        2 next=        1 consolidate=  0.001ms frontier=  0.000ms semisort=  0.002ms (keyed= 0.000ms group_by=  0.000ms per_group= 0.001ms)
[pe] round=1378 work=        1 frontier=        2 next=        1 consolidate=  0.002ms frontier=  0.000ms semisort=  0.002ms (keyed= 0.000ms group_by=  0.000ms per_group= 0.001ms)
[pe] round=1379 work=        1 frontier=        2 next=        1 consolidate=  0.001ms frontier=  0.000ms semisort=  0.002ms (keyed= 0.000ms group_by=  0.000ms per_group= 0.001ms)
[pe] round=1380 work=        1 frontier=        2 next=        1 consolidate=  0.002ms frontier=  0.000ms semisort=  0.002ms (keyed= 0.000ms group_by=  0.000ms per_group= 0.001ms)
[pe] round=1381 work=        1 frontier=        2 next=        1 consolidate=  0.001ms frontier=  0.000ms semisort=  0.002ms (keyed= 0.000ms group_by=  0.000ms per_group= 0.001ms)
[pe] round=1382 work=        1 frontier=        2 next=        1 consolidate=  0.001ms frontier=  0.000ms semisort=  0.002ms (keyed= 0.000ms group_by=  0.000ms per_group= 0.001ms)
[pe] round=1383 work=        1 frontier=        2 next=        1 consolidate=  0.001ms frontier=  0.000ms semisort=  0.002ms (keyed= 0.000ms group_by=  0.000ms per_group= 0.001ms)
[pe] round=1384 work=        1 frontier=        2 next=        1 consolidate=  0.002ms frontier=  0.000ms semisort=  0.002ms (keyed= 0.000ms group_by=  0.000ms per_group= 0.001ms)
[pe] round=1385 work=        1 frontier=        2 next=        1 consolidate=  0.001ms frontier=  0.000ms semisort=  0.002ms (keyed= 0.000ms group_by=  0.000ms per_group= 0.001ms)
[pe] round=1386 work=        1 frontier=        2 next=        1 consolidate=  0.002ms frontier=  0.000ms semisort=  0.002ms (keyed= 0.000ms group_by=  0.000ms per_group= 0.001ms)
[pe] round=1387 work=        1 frontier=        2 next=        1 consolidate=  0.001ms frontier=  0.000ms semisort=  0.002ms (keyed= 0.000ms group_by=  0.000ms per_group= 0.001ms)
[pe] round=1388 work=        1 frontier=        2 next=        1 consolidate=  0.002ms frontier=  0.000ms semisort=  0.002ms (keyed= 0.000ms group_by=  0.000ms per_group= 0.001ms)
[pe] round=1389 work=        1 frontier=        2 next=        1 consolidate=  0.001ms frontier=  0.000ms semisort=  0.002ms (keyed= 0.000ms group_by=  0.000ms per_group= 0.001ms)
[pe] round=1390 work=        1 frontier=        2 next=        1 consolidate=  0.002ms frontier=  0.000ms semisort=  0.002ms (keyed= 0.000ms group_by=  0.000ms per_group= 0.001ms)
[pe] round=1391 work=        1 frontier=        2 next=        1 consolidate=  0.001ms frontier=  0.000ms semisort=  0.002ms (keyed= 0.000ms group_by=  0.000ms per_group= 0.001ms)
[pe] round=1392 work=        1 frontier=        2 next=        1 consolidate=  0.001ms frontier=  0.000ms semisort=  0.002ms (keyed= 0.000ms group_by=  0.000ms per_group= 0.001ms)
[pe] round=1393 work=        1 frontier=        2 next=        1 consolidate=  0.001ms frontier=  0.000ms semisort=  0.002ms (keyed= 0.000ms group_by=  0.000ms per_group= 0.001ms)
[pe] round=1394 work=        1 frontier=        2 next=        1 consolidate=  0.002ms frontier=  0.000ms semisort=  0.002ms (keyed= 0.000ms group_by=  0.000ms per_group= 0.001ms)
[pe] round=1395 work=        1 frontier=        2 next=        1 consolidate=  0.001ms frontier=  0.000ms semisort=  0.002ms (keyed= 0.000ms group_by=  0.000ms per_group= 0.001ms)
[pe] round=1396 work=        1 frontier=        2 next=        1 consolidate=  0.002ms frontier=  0.000ms semisort=  0.002ms (keyed= 0.000ms group_by=  0.000ms per_group= 0.001ms)
[pe] round=1397 work=        1 frontier=        2 next=        1 consolidate=  0.001ms frontier=  0.000ms semisort=  0.002ms (keyed= 0.000ms group_by=  0.000ms per_group= 0.001ms)
[pe] round=1398 work=        1 frontier=        2 next=        1 consolidate=  0.001ms frontier=  0.000ms semisort=  0.002ms (keyed= 0.000ms group_by=  0.000ms per_group= 0.001ms)
[pe] round=1399 work=        1 frontier=        2 next=        1 consolidate=  0.002ms frontier=  0.000ms semisort=  0.002ms (keyed= 0.000ms group_by=  0.000ms per_group= 0.001ms)
[pe] round=1400 work=        1 frontier=        2 next=        1 consolidate=  0.001ms frontier=  0.000ms semisort=  0.002ms (keyed= 0.000ms group_by=  0.000ms per_group= 0.001ms)
[pe] round=1401 work=        1 frontier=        2 next=        1 consolidate=  0.002ms frontier=  0.000ms semisort=  0.002ms (keyed= 0.000ms group_by=  0.000ms per_group= 0.001ms)
[pe] round=1402 work=        1 frontier=        2 next=        1 consolidate=  0.002ms frontier=  0.000ms semisort=  0.002ms (keyed= 0.000ms group_by=  0.000ms per_group= 0.001ms)
[pe] round=1403 work=        1 frontier=        2 next=        1 consolidate=  0.002ms frontier=  0.000ms semisort=  0.002ms (keyed= 0.000ms group_by=  0.000ms per_group= 0.001ms)
[pe] round=1404 work=        1 frontier=        2 next=        1 consolidate=  0.002ms frontier=  0.000ms semisort=  0.002ms (keyed= 0.000ms group_by=  0.000ms per_group= 0.001ms)
[pe] round=1405 work=        1 frontier=        2 next=        1 consolidate=  0.002ms frontier=  0.000ms semisort=  0.002ms (keyed= 0.000ms group_by=  0.000ms per_group= 0.001ms)
[pe] round=1406 work=        1 frontier=        2 next=        1 consolidate=  0.002ms frontier=  0.000ms semisort=  0.002ms (keyed= 0.000ms group_by=  0.000ms per_group= 0.001ms)
[pe] round=1407 work=        1 frontier=        2 next=        1 consolidate=  0.002ms frontier=  0.000ms semisort=  0.002ms (keyed= 0.000ms group_by=  0.000ms per_group= 0.001ms)
[pe] round=1408 work=        1 frontier=        2 next=        1 consolidate=  0.001ms frontier=  0.000ms semisort=  0.002ms (keyed= 0.000ms group_by=  0.000ms per_group= 0.001ms)
[pe] round=1409 work=        1 frontier=        2 next=        1 consolidate=  0.002ms frontier=  0.000ms semisort=  0.002ms (keyed= 0.000ms group_by=  0.000ms per_group= 0.001ms)
[pe] round=1410 work=        1 frontier=        2 next=        1 consolidate=  0.002ms frontier=  0.000ms semisort=  0.002ms (keyed= 0.000ms group_by=  0.000ms per_group= 0.001ms)
[pe] round=1411 work=        1 frontier=        2 next=        1 consolidate=  0.002ms frontier=  0.000ms semisort=  0.002ms (keyed= 0.000ms group_by=  0.000ms per_group= 0.001ms)
[pe] round=1412 work=        1 frontier=        2 next=        1 consolidate=  0.001ms frontier=  0.000ms semisort=  0.002ms (keyed= 0.000ms group_by=  0.000ms per_group= 0.001ms)
[pe] round=1413 work=        1 frontier=        2 next=        1 consolidate=  0.002ms frontier=  0.000ms semisort=  0.002ms (keyed= 0.000ms group_by=  0.000ms per_group= 0.001ms)
[pe] round=1414 work=        1 frontier=        2 next=        1 consolidate=  0.002ms frontier=  0.000ms semisort=  0.002ms (keyed= 0.000ms group_by=  0.000ms per_group= 0.001ms)
[pe] round=1415 work=        1 frontier=        2 next=        1 consolidate=  0.002ms frontier=  0.000ms semisort=  0.002ms (keyed= 0.000ms group_by=  0.000ms per_group= 0.001ms)
[pe] round=1416 work=        1 frontier=        2 next=        1 consolidate=  0.002ms frontier=  0.000ms semisort=  0.002ms (keyed= 0.000ms group_by=  0.000ms per_group= 0.001ms)
[pe] round=1417 work=        1 frontier=        2 next=        1 consolidate=  0.002ms frontier=  0.000ms semisort=  0.002ms (keyed= 0.000ms group_by=  0.000ms per_group= 0.001ms)
[pe] round=1418 work=        1 frontier=        2 next=        1 consolidate=  0.002ms frontier=  0.000ms semisort=  0.002ms (keyed= 0.000ms group_by=  0.000ms per_group= 0.001ms)
[pe] round=1419 work=        1 frontier=        2 next=        1 consolidate=  0.002ms frontier=  0.000ms semisort=  0.002ms (keyed= 0.000ms group_by=  0.000ms per_group= 0.001ms)
[pe] round=1420 work=        1 frontier=        2 next=        1 consolidate=  0.002ms frontier=  0.000ms semisort=  0.002ms (keyed= 0.000ms group_by=  0.000ms per_group= 0.001ms)
[pe] round=1421 work=        1 frontier=        2 next=        1 consolidate=  0.002ms frontier=  0.000ms semisort=  0.002ms (keyed= 0.000ms group_by=  0.000ms per_group= 0.001ms)
[pe] round=1422 work=        1 frontier=        2 next=        1 consolidate=  0.001ms frontier=  0.000ms semisort=  0.002ms (keyed= 0.000ms group_by=  0.000ms per_group= 0.001ms)
[pe] round=1423 work=        1 frontier=        2 next=        1 consolidate=  0.002ms frontier=  0.000ms semisort=  0.002ms (keyed= 0.000ms group_by=  0.000ms per_group= 0.001ms)
[pe] round=1424 work=        1 frontier=        2 next=        1 consolidate=  0.002ms frontier=  0.000ms semisort=  0.002ms (keyed= 0.000ms group_by=  0.000ms per_group= 0.001ms)
[pe] round=1425 work=        1 frontier=        2 next=        1 consolidate=  0.002ms frontier=  0.000ms semisort=  0.002ms (keyed= 0.000ms group_by=  0.000ms per_group= 0.001ms)
[pe] round=1426 work=        1 frontier=        2 next=        1 consolidate=  0.002ms frontier=  0.000ms semisort=  0.002ms (keyed= 0.000ms group_by=  0.000ms per_group= 0.001ms)
[pe] round=1427 work=        1 frontier=        2 next=        1 consolidate=  0.002ms frontier=  0.000ms semisort=  0.002ms (keyed= 0.000ms group_by=  0.000ms per_group= 0.001ms)
[pe] round=1428 work=        1 frontier=        2 next=        1 consolidate=  0.002ms frontier=  0.000ms semisort=  0.002ms (keyed= 0.000ms group_by=  0.000ms per_group= 0.001ms)
[pe] round=1429 work=        1 frontier=        2 next=        1 consolidate=  0.002ms frontier=  0.000ms semisort=  0.002ms (keyed= 0.000ms group_by=  0.000ms per_group= 0.001ms)
[pe] round=1430 work=        1 frontier=        2 next=        1 consolidate=  0.001ms frontier=  0.000ms semisort=  0.002ms (keyed= 0.000ms group_by=  0.000ms per_group= 0.001ms)
[pe] round=1431 work=        1 frontier=        2 next=        1 consolidate=  0.002ms frontier=  0.000ms semisort=  0.002ms (keyed= 0.000ms group_by=  0.000ms per_group= 0.001ms)
[pe] round=1432 work=        1 frontier=        2 next=        1 consolidate=  0.001ms frontier=  0.000ms semisort=  0.002ms (keyed= 0.000ms group_by=  0.000ms per_group= 0.001ms)
[pe] round=1433 work=        1 frontier=        2 next=        1 consolidate=  0.002ms frontier=  0.000ms semisort=  0.002ms (keyed= 0.000ms group_by=  0.000ms per_group= 0.001ms)
[pe] round=1434 work=        1 frontier=        2 next=        1 consolidate=  0.001ms frontier=  0.000ms semisort=  0.002ms (keyed= 0.000ms group_by=  0.000ms per_group= 0.001ms)
[pe] round=1435 work=        1 frontier=        2 next=        1 consolidate=  0.002ms frontier=  0.000ms semisort=  0.002ms (keyed= 0.000ms group_by=  0.000ms per_group= 0.001ms)
[pe] round=1436 work=        1 frontier=        2 next=        1 consolidate=  0.001ms frontier=  0.000ms semisort=  0.002ms (keyed= 0.000ms group_by=  0.000ms per_group= 0.001ms)
[pe] round=1437 work=        1 frontier=        2 next=        1 consolidate=  0.002ms frontier=  0.000ms semisort=  0.002ms (keyed= 0.000ms group_by=  0.000ms per_group= 0.001ms)
[pe] round=1438 work=        1 frontier=        2 next=        1 consolidate=  0.001ms frontier=  0.000ms semisort=  0.002ms (keyed= 0.000ms group_by=  0.000ms per_group= 0.001ms)
[pe] round=1439 work=        1 frontier=        2 next=        1 consolidate=  0.002ms frontier=  0.000ms semisort=  0.002ms (keyed= 0.000ms group_by=  0.000ms per_group= 0.001ms)
[pe] round=1440 work=        1 frontier=        2 next=        1 consolidate=  0.001ms frontier=  0.000ms semisort=  0.002ms (keyed= 0.000ms group_by=  0.000ms per_group= 0.001ms)
[pe] round=1441 work=        1 frontier=        2 next=        1 consolidate=  0.002ms frontier=  0.000ms semisort=  0.002ms (keyed= 0.000ms group_by=  0.000ms per_group= 0.001ms)
[pe] round=1442 work=        1 frontier=        2 next=        1 consolidate=  0.001ms frontier=  0.000ms semisort=  0.002ms (keyed= 0.000ms group_by=  0.000ms per_group= 0.001ms)
[pe] round=1443 work=        1 frontier=        2 next=        1 consolidate=  0.002ms frontier=  0.000ms semisort=  0.002ms (keyed= 0.000ms group_by=  0.000ms per_group= 0.001ms)
[pe] round=1444 work=        1 frontier=        2 next=        1 consolidate=  0.002ms frontier=  0.000ms semisort=  0.002ms (keyed= 0.000ms group_by=  0.000ms per_group= 0.001ms)
[pe] round=1445 work=        1 frontier=        2 next=        1 consolidate=  0.002ms frontier=  0.000ms semisort=  0.002ms (keyed= 0.000ms group_by=  0.000ms per_group= 0.001ms)
[pe] round=1446 work=        1 frontier=        2 next=        1 consolidate=  0.001ms frontier=  0.000ms semisort=  0.002ms (keyed= 0.000ms group_by=  0.000ms per_group= 0.001ms)
[pe] round=1447 work=        1 frontier=        2 next=        1 consolidate=  0.002ms frontier=  0.000ms semisort=  0.002ms (keyed= 0.000ms group_by=  0.000ms per_group= 0.001ms)
[pe] round=1448 work=        1 frontier=        2 next=        1 consolidate=  0.001ms frontier=  0.000ms semisort=  0.002ms (keyed= 0.000ms group_by=  0.000ms per_group= 0.001ms)
[pe] round=1449 work=        1 frontier=        2 next=        1 consolidate=  0.001ms frontier=  0.000ms semisort=  0.002ms (keyed= 0.000ms group_by=  0.000ms per_group= 0.001ms)
[pe] round=1450 work=        1 frontier=        2 next=        1 consolidate=  0.001ms frontier=  0.000ms semisort=  0.002ms (keyed= 0.000ms group_by=  0.000ms per_group= 0.001ms)
[pe] round=1451 work=        1 frontier=        2 next=        1 consolidate=  0.002ms frontier=  0.000ms semisort=  0.002ms (keyed= 0.000ms group_by=  0.000ms per_group= 0.001ms)
[pe] round=1452 work=        1 frontier=        2 next=        1 consolidate=  0.001ms frontier=  0.000ms semisort=  0.002ms (keyed= 0.000ms group_by=  0.000ms per_group= 0.001ms)
[pe] round=1453 work=        1 frontier=        2 next=        1 consolidate=  0.002ms frontier=  0.000ms semisort=  0.002ms (keyed= 0.000ms group_by=  0.000ms per_group= 0.001ms)
[pe] round=1454 work=        1 frontier=        2 next=        1 consolidate=  0.001ms frontier=  0.000ms semisort=  0.002ms (keyed= 0.000ms group_by=  0.000ms per_group= 0.001ms)
[pe] round=1455 work=        1 frontier=        2 next=        1 consolidate=  0.002ms frontier=  0.000ms semisort=  0.002ms (keyed= 0.000ms group_by=  0.000ms per_group= 0.001ms)
[pe] round=1456 work=        1 frontier=        2 next=        1 consolidate=  0.001ms frontier=  0.000ms semisort=  0.002ms (keyed= 0.000ms group_by=  0.000ms per_group= 0.001ms)
[pe] round=1457 work=        1 frontier=        2 next=        1 consolidate=  0.002ms frontier=  0.000ms semisort=  0.002ms (keyed= 0.000ms group_by=  0.000ms per_group= 0.001ms)
[pe] round=1458 work=        1 frontier=        2 next=        1 consolidate=  0.001ms frontier=  0.000ms semisort=  0.002ms (keyed= 0.000ms group_by=  0.000ms per_group= 0.001ms)
[pe] round=1459 work=        1 frontier=        2 next=        1 consolidate=  0.001ms frontier=  0.000ms semisort=  0.002ms (keyed= 0.000ms group_by=  0.000ms per_group= 0.001ms)
[pe] round=1460 work=        1 frontier=        2 next=        1 consolidate=  0.002ms frontier=  0.000ms semisort=  0.002ms (keyed= 0.000ms group_by=  0.000ms per_group= 0.001ms)
[pe] round=1461 work=        1 frontier=        2 next=        1 consolidate=  0.001ms frontier=  0.000ms semisort=  0.002ms (keyed= 0.000ms group_by=  0.000ms per_group= 0.001ms)
[pe] round=1462 work=        1 frontier=        2 next=        1 consolidate=  0.002ms frontier=  0.000ms semisort=  0.002ms (keyed= 0.000ms group_by=  0.000ms per_group= 0.001ms)
[pe] round=1463 work=        1 frontier=        2 next=        1 consolidate=  0.001ms frontier=  0.000ms semisort=  0.002ms (keyed= 0.000ms group_by=  0.000ms per_group= 0.001ms)
[pe] round=1464 work=        1 frontier=        2 next=        1 consolidate=  0.002ms frontier=  0.000ms semisort=  0.002ms (keyed= 0.000ms group_by=  0.000ms per_group= 0.001ms)
[pe] round=1465 work=        1 frontier=        2 next=        1 consolidate=  0.001ms frontier=  0.000ms semisort=  0.002ms (keyed= 0.000ms group_by=  0.000ms per_group= 0.001ms)
[pe] round=1466 work=        1 frontier=        2 next=        1 consolidate=  0.001ms frontier=  0.000ms semisort=  0.002ms (keyed= 0.000ms group_by=  0.000ms per_group= 0.001ms)
[pe] round=1467 work=        1 frontier=        2 next=        1 consolidate=  0.001ms frontier=  0.000ms semisort=  0.002ms (keyed= 0.000ms group_by=  0.000ms per_group= 0.001ms)
[pe] round=1468 work=        1 frontier=        2 next=        1 consolidate=  0.002ms frontier=  0.000ms semisort=  0.002ms (keyed= 0.000ms group_by=  0.000ms per_group= 0.001ms)
[pe] round=1469 work=        1 frontier=        2 next=        1 consolidate=  0.001ms frontier=  0.000ms semisort=  0.002ms (keyed= 0.000ms group_by=  0.000ms per_group= 0.001ms)
[pe] round=1470 work=        1 frontier=        2 next=        1 consolidate=  0.002ms frontier=  0.000ms semisort=  0.002ms (keyed= 0.000ms group_by=  0.000ms per_group= 0.001ms)
[pe] round=1471 work=        1 frontier=        2 next=        1 consolidate=  0.001ms frontier=  0.000ms semisort=  0.002ms (keyed= 0.000ms group_by=  0.000ms per_group= 0.001ms)
[pe] round=1472 work=        1 frontier=        2 next=        1 consolidate=  0.001ms frontier=  0.000ms semisort=  0.002ms (keyed= 0.000ms group_by=  0.000ms per_group= 0.001ms)
[pe] round=1473 work=        1 frontier=        2 next=        1 consolidate=  0.001ms frontier=  0.000ms semisort=  0.002ms (keyed= 0.000ms group_by=  0.000ms per_group= 0.001ms)
[pe] round=1474 work=        1 frontier=        2 next=        1 consolidate=  0.002ms frontier=  0.000ms semisort=  0.002ms (keyed= 0.000ms group_by=  0.000ms per_group= 0.001ms)
[pe] round=1475 work=        1 frontier=        2 next=        1 consolidate=  0.001ms frontier=  0.000ms semisort=  0.002ms (keyed= 0.000ms group_by=  0.000ms per_group= 0.001ms)
[pe] round=1476 work=        1 frontier=        2 next=        1 consolidate=  0.002ms frontier=  0.000ms semisort=  0.002ms (keyed= 0.000ms group_by=  0.000ms per_group= 0.001ms)
[pe] round=1477 work=        1 frontier=        2 next=        1 consolidate=  0.001ms frontier=  0.000ms semisort=  0.002ms (keyed= 0.000ms group_by=  0.000ms per_group= 0.001ms)
[pe] round=1478 work=        1 frontier=        2 next=        1 consolidate=  0.002ms frontier=  0.000ms semisort=  0.002ms (keyed= 0.000ms group_by=  0.000ms per_group= 0.001ms)
[pe] round=1479 work=        1 frontier=        2 next=        1 consolidate=  0.001ms frontier=  0.000ms semisort=  0.002ms (keyed= 0.000ms group_by=  0.000ms per_group= 0.001ms)
[pe] round=1480 work=        1 frontier=        2 next=        1 consolidate=  0.002ms frontier=  0.000ms semisort=  0.002ms (keyed= 0.000ms group_by=  0.000ms per_group= 0.001ms)
[pe] round=1481 work=        1 frontier=        2 next=        1 consolidate=  0.001ms frontier=  0.000ms semisort=  0.002ms (keyed= 0.000ms group_by=  0.000ms per_group= 0.001ms)
[pe] round=1482 work=        1 frontier=        2 next=        1 consolidate=  0.001ms frontier=  0.000ms semisort=  0.002ms (keyed= 0.000ms group_by=  0.000ms per_group= 0.001ms)
[pe] round=1483 work=        1 frontier=        2 next=        1 consolidate=  0.001ms frontier=  0.000ms semisort=  0.002ms (keyed= 0.000ms group_by=  0.000ms per_group= 0.001ms)
[pe] round=1484 work=        1 frontier=        2 next=        1 consolidate=  0.002ms frontier=  0.000ms semisort=  0.002ms (keyed= 0.000ms group_by=  0.000ms per_group= 0.001ms)
[pe] round=1485 work=        1 frontier=        2 next=        1 consolidate=  0.001ms frontier=  0.000ms semisort=  0.002ms (keyed= 0.000ms group_by=  0.000ms per_group= 0.001ms)
[pe] round=1486 work=        1 frontier=        2 next=        1 consolidate=  0.002ms frontier=  0.000ms semisort=  0.002ms (keyed= 0.000ms group_by=  0.000ms per_group= 0.001ms)
[pe] round=1487 work=        1 frontier=        2 next=        1 consolidate=  0.001ms frontier=  0.000ms semisort=  0.002ms (keyed= 0.000ms group_by=  0.000ms per_group= 0.001ms)
[pe] round=1488 work=        1 frontier=        2 next=        1 consolidate=  0.002ms frontier=  0.000ms semisort=  0.002ms (keyed= 0.000ms group_by=  0.000ms per_group= 0.001ms)
[pe] round=1489 work=        1 frontier=        2 next=        1 consolidate=  0.001ms frontier=  0.000ms semisort=  0.002ms (keyed= 0.000ms group_by=  0.000ms per_group= 0.001ms)
[pe] round=1490 work=        1 frontier=        2 next=        1 consolidate=  0.002ms frontier=  0.000ms semisort=  0.002ms (keyed= 0.000ms group_by=  0.000ms per_group= 0.001ms)
[pe] round=1491 work=        1 frontier=        2 next=        1 consolidate=  0.001ms frontier=  0.000ms semisort=  0.002ms (keyed= 0.000ms group_by=  0.000ms per_group= 0.001ms)
[pe] round=1492 work=        1 frontier=        2 next=        1 consolidate=  0.001ms frontier=  0.000ms semisort=  0.002ms (keyed= 0.000ms group_by=  0.000ms per_group= 0.001ms)
[pe] round=1493 work=        1 frontier=        2 next=        1 consolidate=  0.001ms frontier=  0.000ms semisort=  0.002ms (keyed= 0.000ms group_by=  0.000ms per_group= 0.001ms)
[pe] round=1494 work=        1 frontier=        2 next=        1 consolidate=  0.002ms frontier=  0.000ms semisort=  0.002ms (keyed= 0.000ms group_by=  0.000ms per_group= 0.001ms)
[pe] round=1495 work=        1 frontier=        2 next=        1 consolidate=  0.001ms frontier=  0.000ms semisort=  0.002ms (keyed= 0.000ms group_by=  0.000ms per_group= 0.001ms)
[pe] round=1496 work=        1 frontier=        2 next=        1 consolidate=  0.002ms frontier=  0.000ms semisort=  0.002ms (keyed= 0.000ms group_by=  0.000ms per_group= 0.001ms)
[pe] round=1497 work=        1 frontier=        2 next=        1 consolidate=  0.001ms frontier=  0.000ms semisort=  0.002ms (keyed= 0.000ms group_by=  0.000ms per_group= 0.001ms)
[pe] round=1498 work=        1 frontier=        2 next=        1 consolidate=  0.002ms frontier=  0.000ms semisort=  0.002ms (keyed= 0.000ms group_by=  0.000ms per_group= 0.001ms)
[pe] round=1499 work=        1 frontier=        2 next=        1 consolidate=  0.001ms frontier=  0.000ms semisort=  0.002ms (keyed= 0.000ms group_by=  0.000ms per_group= 0.001ms)
[pe] round=1500 work=        1 frontier=        2 next=        1 consolidate=  0.002ms frontier=  0.000ms semisort=  0.002ms (keyed= 0.000ms group_by=  0.000ms per_group= 0.001ms)
[pe] round=1501 work=        1 frontier=        2 next=        1 consolidate=  0.001ms frontier=  0.000ms semisort=  0.002ms (keyed= 0.000ms group_by=  0.000ms per_group= 0.001ms)
[pe] round=1502 work=        1 frontier=        2 next=        1 consolidate=  0.001ms frontier=  0.000ms semisort=  0.002ms (keyed= 0.000ms group_by=  0.000ms per_group= 0.001ms)
[pe] round=1503 work=        1 frontier=        2 next=        1 consolidate=  0.001ms frontier=  0.000ms semisort=  0.002ms (keyed= 0.000ms group_by=  0.000ms per_group= 0.001ms)
[pe] round=1504 work=        1 frontier=        2 next=        1 consolidate=  0.002ms frontier=  0.000ms semisort=  0.002ms (keyed= 0.000ms group_by=  0.000ms per_group= 0.001ms)
[pe] round=1505 work=        1 frontier=        2 next=        1 consolidate=  0.001ms frontier=  0.000ms semisort=  0.002ms (keyed= 0.000ms group_by=  0.000ms per_group= 0.001ms)
[pe] round=1506 work=        1 frontier=        2 next=        1 consolidate=  0.002ms frontier=  0.000ms semisort=  0.002ms (keyed= 0.000ms group_by=  0.000ms per_group= 0.001ms)
[pe] round=1507 work=        1 frontier=        2 next=        1 consolidate=  0.001ms frontier=  0.000ms semisort=  0.002ms (keyed= 0.000ms group_by=  0.000ms per_group= 0.001ms)
[pe] round=1508 work=        1 frontier=        2 next=        1 consolidate=  0.002ms frontier=  0.000ms semisort=  0.002ms (keyed= 0.000ms group_by=  0.000ms per_group= 0.001ms)
[pe] round=1509 work=        1 frontier=        2 next=        1 consolidate=  0.001ms frontier=  0.000ms semisort=  0.002ms (keyed= 0.000ms group_by=  0.000ms per_group= 0.001ms)
[pe] round=1510 work=        1 frontier=        2 next=        1 consolidate=  0.002ms frontier=  0.000ms semisort=  0.002ms (keyed= 0.000ms group_by=  0.000ms per_group= 0.001ms)
[pe] round=1511 work=        1 frontier=        2 next=        1 consolidate=  0.001ms frontier=  0.000ms semisort=  0.002ms (keyed= 0.000ms group_by=  0.000ms per_group= 0.001ms)
[pe] round=1512 work=        1 frontier=        2 next=        1 consolidate=  0.001ms frontier=  0.000ms semisort=  0.002ms (keyed= 0.000ms group_by=  0.000ms per_group= 0.001ms)
[pe] round=1513 work=        1 frontier=        2 next=        1 consolidate=  0.001ms frontier=  0.000ms semisort=  0.002ms (keyed= 0.000ms group_by=  0.000ms per_group= 0.001ms)
[pe] round=1514 work=        1 frontier=        2 next=        1 consolidate=  0.002ms frontier=  0.000ms semisort=  0.002ms (keyed= 0.000ms group_by=  0.000ms per_group= 0.001ms)
[pe] round=1515 work=        1 frontier=        2 next=        1 consolidate=  0.001ms frontier=  0.000ms semisort=  0.002ms (keyed= 0.000ms group_by=  0.000ms per_group= 0.001ms)
[pe] round=1516 work=        1 frontier=        2 next=        1 consolidate=  0.002ms frontier=  0.000ms semisort=  0.002ms (keyed= 0.000ms group_by=  0.000ms per_group= 0.001ms)
[pe] round=1517 work=        1 frontier=        2 next=        1 consolidate=  0.001ms frontier=  0.000ms semisort=  0.002ms (keyed= 0.000ms group_by=  0.000ms per_group= 0.001ms)
[pe] round=1518 work=        1 frontier=        2 next=        1 consolidate=  0.002ms frontier=  0.000ms semisort=  0.002ms (keyed= 0.000ms group_by=  0.000ms per_group= 0.001ms)
[pe] round=1519 work=        1 frontier=        2 next=        1 consolidate=  0.001ms frontier=  0.000ms semisort=  0.002ms (keyed= 0.000ms group_by=  0.000ms per_group= 0.001ms)
[pe] round=1520 work=        1 frontier=        2 next=        1 consolidate=  0.001ms frontier=  0.000ms semisort=  0.002ms (keyed= 0.000ms group_by=  0.000ms per_group= 0.001ms)
[pe] round=1521 work=        1 frontier=        2 next=        1 consolidate=  0.002ms frontier=  0.000ms semisort=  0.002ms (keyed= 0.000ms group_by=  0.000ms per_group= 0.001ms)
[pe] round=1522 work=        1 frontier=        2 next=        1 consolidate=  0.001ms frontier=  0.000ms semisort=  0.002ms (keyed= 0.000ms group_by=  0.000ms per_group= 0.001ms)
[pe] round=1523 work=        1 frontier=        2 next=        1 consolidate=  0.002ms frontier=  0.000ms semisort=  0.002ms (keyed= 0.000ms group_by=  0.000ms per_group= 0.001ms)
[pe] round=1524 work=        1 frontier=        2 next=        1 consolidate=  0.001ms frontier=  0.000ms semisort=  0.002ms (keyed= 0.000ms group_by=  0.000ms per_group= 0.001ms)
[pe] round=1525 work=        1 frontier=        2 next=        1 consolidate=  0.002ms frontier=  0.000ms semisort=  0.002ms (keyed= 0.000ms group_by=  0.000ms per_group= 0.001ms)
[pe] round=1526 work=        1 frontier=        2 next=        1 consolidate=  0.001ms frontier=  0.000ms semisort=  0.002ms (keyed= 0.000ms group_by=  0.000ms per_group= 0.001ms)
[pe] round=1527 work=        1 frontier=        2 next=        1 consolidate=  0.002ms frontier=  0.000ms semisort=  0.002ms (keyed= 0.000ms group_by=  0.000ms per_group= 0.001ms)
[pe] round=1528 work=        1 frontier=        2 next=        1 consolidate=  0.001ms frontier=  0.000ms semisort=  0.002ms (keyed= 0.000ms group_by=  0.000ms per_group= 0.001ms)
[pe] round=1529 work=        1 frontier=        2 next=        1 consolidate=  0.001ms frontier=  0.000ms semisort=  0.002ms (keyed= 0.000ms group_by=  0.000ms per_group= 0.001ms)
[pe] round=1530 work=        1 frontier=        2 next=        1 consolidate=  0.002ms frontier=  0.000ms semisort=  0.002ms (keyed= 0.000ms group_by=  0.000ms per_group= 0.001ms)
[pe] round=1531 work=        1 frontier=        2 next=        1 consolidate=  0.001ms frontier=  0.000ms semisort=  0.002ms (keyed= 0.000ms group_by=  0.000ms per_group= 0.001ms)
[pe] round=1532 work=        1 frontier=        2 next=        1 consolidate=  0.002ms frontier=  0.000ms semisort=  0.002ms (keyed= 0.000ms group_by=  0.000ms per_group= 0.001ms)
[pe] round=1533 work=        1 frontier=        2 next=        1 consolidate=  0.001ms frontier=  0.000ms semisort=  0.002ms (keyed= 0.000ms group_by=  0.000ms per_group= 0.001ms)
[pe] round=1534 work=        1 frontier=        2 next=        1 consolidate=  0.002ms frontier=  0.000ms semisort=  0.002ms (keyed= 0.000ms group_by=  0.000ms per_group= 0.001ms)
[pe] round=1535 work=        1 frontier=        2 next=        1 consolidate=  0.001ms frontier=  0.000ms semisort=  0.002ms (keyed= 0.000ms group_by=  0.000ms per_group= 0.001ms)
[pe] round=1536 work=        1 frontier=        2 next=        1 consolidate=  0.002ms frontier=  0.000ms semisort=  0.002ms (keyed= 0.000ms group_by=  0.000ms per_group= 0.001ms)
[pe] round=1537 work=        1 frontier=        2 next=        1 consolidate=  0.001ms frontier=  0.000ms semisort=  0.002ms (keyed= 0.000ms group_by=  0.000ms per_group= 0.001ms)
[pe] round=1538 work=        1 frontier=        2 next=        1 consolidate=  0.001ms frontier=  0.000ms semisort=  0.002ms (keyed= 0.000ms group_by=  0.000ms per_group= 0.001ms)
[pe] round=1539 work=        1 frontier=        2 next=        1 consolidate=  0.001ms frontier=  0.000ms semisort=  0.002ms (keyed= 0.000ms group_by=  0.000ms per_group= 0.001ms)
[pe] round=1540 work=        1 frontier=        2 next=        1 consolidate=  0.002ms frontier=  0.000ms semisort=  0.002ms (keyed= 0.000ms group_by=  0.000ms per_group= 0.001ms)
[pe] round=1541 work=        1 frontier=        2 next=        1 consolidate=  0.001ms frontier=  0.000ms semisort=  0.002ms (keyed= 0.000ms group_by=  0.000ms per_group= 0.001ms)
[pe] round=1542 work=        1 frontier=        2 next=        1 consolidate=  0.002ms frontier=  0.000ms semisort=  0.002ms (keyed= 0.000ms group_by=  0.000ms per_group= 0.001ms)
[pe] round=1543 work=        1 frontier=        2 next=        1 consolidate=  0.001ms frontier=  0.000ms semisort=  0.002ms (keyed= 0.000ms group_by=  0.000ms per_group= 0.001ms)
[pe] round=1544 work=        1 frontier=        2 next=        1 consolidate=  0.002ms frontier=  0.000ms semisort=  0.002ms (keyed= 0.000ms group_by=  0.000ms per_group= 0.001ms)
[pe] round=1545 work=        1 frontier=        2 next=        1 consolidate=  0.001ms frontier=  0.000ms semisort=  0.002ms (keyed= 0.000ms group_by=  0.000ms per_group= 0.001ms)
[pe] round=1546 work=        1 frontier=        2 next=        1 consolidate=  0.002ms frontier=  0.000ms semisort=  0.002ms (keyed= 0.000ms group_by=  0.000ms per_group= 0.001ms)
[pe] round=1547 work=        1 frontier=        2 next=        1 consolidate=  0.001ms frontier=  0.000ms semisort=  0.002ms (keyed= 0.000ms group_by=  0.000ms per_group= 0.001ms)
[pe] round=1548 work=        1 frontier=        2 next=        1 consolidate=  0.001ms frontier=  0.000ms semisort=  0.002ms (keyed= 0.000ms group_by=  0.000ms per_group= 0.001ms)
[pe] round=1549 work=        1 frontier=        2 next=        1 consolidate=  0.001ms frontier=  0.000ms semisort=  0.002ms (keyed= 0.000ms group_by=  0.000ms per_group= 0.001ms)
[pe] round=1550 work=        1 frontier=        2 next=        1 consolidate=  0.002ms frontier=  0.000ms semisort=  0.002ms (keyed= 0.000ms group_by=  0.000ms per_group= 0.001ms)
[pe] round=1551 work=        1 frontier=        2 next=        1 consolidate=  0.001ms frontier=  0.000ms semisort=  0.002ms (keyed= 0.000ms group_by=  0.000ms per_group= 0.001ms)
[pe] round=1552 work=        1 frontier=        2 next=        1 consolidate=  0.002ms frontier=  0.000ms semisort=  0.002ms (keyed= 0.000ms group_by=  0.000ms per_group= 0.001ms)
[pe] round=1553 work=        1 frontier=        2 next=        1 consolidate=  0.001ms frontier=  0.000ms semisort=  0.002ms (keyed= 0.000ms group_by=  0.000ms per_group= 0.001ms)
[pe] round=1554 work=        1 frontier=        2 next=        1 consolidate=  0.002ms frontier=  0.000ms semisort=  0.002ms (keyed= 0.000ms group_by=  0.000ms per_group= 0.001ms)
[pe] round=1555 work=        1 frontier=        2 next=        1 consolidate=  0.001ms frontier=  0.000ms semisort=  0.002ms (keyed= 0.000ms group_by=  0.000ms per_group= 0.001ms)
[pe] round=1556 work=        1 frontier=        2 next=        1 consolidate=  0.002ms frontier=  0.000ms semisort=  0.002ms (keyed= 0.000ms group_by=  0.000ms per_group= 0.001ms)
[pe] round=1557 work=        1 frontier=        2 next=        1 consolidate=  0.001ms frontier=  0.000ms semisort=  0.002ms (keyed= 0.000ms group_by=  0.000ms per_group= 0.001ms)
[pe] round=1558 work=        1 frontier=        2 next=        1 consolidate=  0.001ms frontier=  0.000ms semisort=  0.002ms (keyed= 0.000ms group_by=  0.000ms per_group= 0.001ms)
[pe] round=1559 work=        1 frontier=        2 next=        1 consolidate=  0.001ms frontier=  0.000ms semisort=  0.002ms (keyed= 0.000ms group_by=  0.000ms per_group= 0.001ms)
[pe] round=1560 work=        1 frontier=        2 next=        1 consolidate=  0.002ms frontier=  0.000ms semisort=  0.002ms (keyed= 0.000ms group_by=  0.000ms per_group= 0.001ms)
[pe] round=1561 work=        1 frontier=        2 next=        1 consolidate=  0.001ms frontier=  0.000ms semisort=  0.002ms (keyed= 0.000ms group_by=  0.000ms per_group= 0.001ms)
[pe] round=1562 work=        1 frontier=        2 next=        1 consolidate=  0.002ms frontier=  0.000ms semisort=  0.002ms (keyed= 0.000ms group_by=  0.000ms per_group= 0.001ms)
[pe] round=1563 work=        1 frontier=        2 next=        1 consolidate=  0.001ms frontier=  0.000ms semisort=  0.002ms (keyed= 0.000ms group_by=  0.000ms per_group= 0.001ms)
[pe] round=1564 work=        1 frontier=        2 next=        1 consolidate=  0.002ms frontier=  0.000ms semisort=  0.002ms (keyed= 0.000ms group_by=  0.000ms per_group= 0.001ms)
[pe] round=1565 work=        1 frontier=        2 next=        1 consolidate=  0.001ms frontier=  0.000ms semisort=  0.002ms (keyed= 0.000ms group_by=  0.000ms per_group= 0.001ms)
[pe] round=1566 work=        1 frontier=        2 next=        1 consolidate=  0.002ms frontier=  0.000ms semisort=  0.002ms (keyed= 0.000ms group_by=  0.000ms per_group= 0.001ms)
[pe] round=1567 work=        1 frontier=        2 next=        1 consolidate=  0.001ms frontier=  0.000ms semisort=  0.002ms (keyed= 0.000ms group_by=  0.000ms per_group= 0.001ms)
[pe] round=1568 work=        1 frontier=        2 next=        1 consolidate=  0.001ms frontier=  0.000ms semisort=  0.002ms (keyed= 0.000ms group_by=  0.000ms per_group= 0.001ms)
[pe] round=1569 work=        1 frontier=        2 next=        1 consolidate=  0.001ms frontier=  0.000ms semisort=  0.002ms (keyed= 0.000ms group_by=  0.000ms per_group= 0.001ms)
[pe] round=1570 work=        1 frontier=        2 next=        1 consolidate=  0.002ms frontier=  0.000ms semisort=  0.002ms (keyed= 0.000ms group_by=  0.000ms per_group= 0.001ms)
[pe] round=1571 work=        1 frontier=        2 next=        1 consolidate=  0.001ms frontier=  0.000ms semisort=  0.002ms (keyed= 0.000ms group_by=  0.000ms per_group= 0.001ms)
[pe] round=1572 work=        1 frontier=        2 next=        1 consolidate=  0.002ms frontier=  0.000ms semisort=  0.002ms (keyed= 0.000ms group_by=  0.000ms per_group= 0.001ms)
[pe] round=1573 work=        1 frontier=        2 next=        1 consolidate=  0.001ms frontier=  0.000ms semisort=  0.002ms (keyed= 0.000ms group_by=  0.000ms per_group= 0.001ms)
[pe] round=1574 work=        1 frontier=        2 next=        1 consolidate=  0.002ms frontier=  0.000ms semisort=  0.002ms (keyed= 0.000ms group_by=  0.000ms per_group= 0.001ms)
[pe] round=1575 work=        1 frontier=        2 next=        1 consolidate=  0.001ms frontier=  0.000ms semisort=  0.002ms (keyed= 0.000ms group_by=  0.000ms per_group= 0.001ms)
[pe] round=1576 work=        1 frontier=        2 next=        1 consolidate=  0.002ms frontier=  0.000ms semisort=  0.002ms (keyed= 0.000ms group_by=  0.000ms per_group= 0.001ms)
[pe] round=1577 work=        1 frontier=        2 next=        1 consolidate=  0.001ms frontier=  0.000ms semisort=  0.002ms (keyed= 0.000ms group_by=  0.000ms per_group= 0.001ms)
[pe] round=1578 work=        1 frontier=        2 next=        1 consolidate=  0.001ms frontier=  0.000ms semisort=  0.002ms (keyed= 0.000ms group_by=  0.000ms per_group= 0.001ms)
[pe] round=1579 work=        1 frontier=        2 next=        1 consolidate=  0.001ms frontier=  0.000ms semisort=  0.002ms (keyed= 0.000ms group_by=  0.000ms per_group= 0.001ms)
[pe] round=1580 work=        1 frontier=        2 next=        1 consolidate=  0.002ms frontier=  0.000ms semisort=  0.002ms (keyed= 0.000ms group_by=  0.000ms per_group= 0.001ms)
[pe] round=1581 work=        1 frontier=        2 next=        1 consolidate=  0.001ms frontier=  0.000ms semisort=  0.002ms (keyed= 0.000ms group_by=  0.000ms per_group= 0.001ms)
[pe] round=1582 work=        1 frontier=        2 next=        1 consolidate=  0.002ms frontier=  0.000ms semisort=  0.002ms (keyed= 0.000ms group_by=  0.000ms per_group= 0.001ms)
[pe] round=1583 work=        1 frontier=        2 next=        1 consolidate=  0.001ms frontier=  0.000ms semisort=  0.002ms (keyed= 0.000ms group_by=  0.000ms per_group= 0.001ms)
[pe] round=1584 work=        1 frontier=        2 next=        1 consolidate=  0.002ms frontier=  0.000ms semisort=  0.002ms (keyed= 0.000ms group_by=  0.000ms per_group= 0.001ms)
[pe] round=1585 work=        1 frontier=        2 next=        1 consolidate=  0.001ms frontier=  0.000ms semisort=  0.002ms (keyed= 0.000ms group_by=  0.000ms per_group= 0.001ms)
[pe] round=1586 work=        1 frontier=        2 next=        1 consolidate=  0.002ms frontier=  0.000ms semisort=  0.002ms (keyed= 0.000ms group_by=  0.000ms per_group= 0.001ms)
[pe] round=1587 work=        1 frontier=        2 next=        1 consolidate=  0.001ms frontier=  0.000ms semisort=  0.002ms (keyed= 0.000ms group_by=  0.000ms per_group= 0.001ms)
[pe] round=1588 work=        1 frontier=        2 next=        1 consolidate=  0.001ms frontier=  0.000ms semisort=  0.002ms (keyed= 0.000ms group_by=  0.000ms per_group= 0.001ms)
[pe] round=1589 work=        1 frontier=        2 next=        1 consolidate=  0.001ms frontier=  0.000ms semisort=  0.002ms (keyed= 0.000ms group_by=  0.000ms per_group= 0.001ms)
[pe] round=1590 work=        1 frontier=        2 next=        1 consolidate=  0.002ms frontier=  0.000ms semisort=  0.002ms (keyed= 0.000ms group_by=  0.000ms per_group= 0.001ms)
[pe] round=1591 work=        1 frontier=        2 next=        1 consolidate=  0.001ms frontier=  0.000ms semisort=  0.002ms (keyed= 0.000ms group_by=  0.000ms per_group= 0.001ms)
[pe] round=1592 work=        1 frontier=        2 next=        1 consolidate=  0.002ms frontier=  0.000ms semisort=  0.002ms (keyed= 0.000ms group_by=  0.000ms per_group= 0.001ms)
[pe] round=1593 work=        1 frontier=        2 next=        1 consolidate=  0.001ms frontier=  0.000ms semisort=  0.002ms (keyed= 0.000ms group_by=  0.000ms per_group= 0.001ms)
[pe] round=1594 work=        1 frontier=        2 next=        1 consolidate=  0.002ms frontier=  0.000ms semisort=  0.002ms (keyed= 0.000ms group_by=  0.000ms per_group= 0.001ms)
[pe] round=1595 work=        1 frontier=        2 next=        1 consolidate=  0.001ms frontier=  0.000ms semisort=  0.002ms (keyed= 0.000ms group_by=  0.000ms per_group= 0.001ms)
[pe] round=1596 work=        1 frontier=        2 next=        1 consolidate=  0.002ms frontier=  0.000ms semisort=  0.002ms (keyed= 0.000ms group_by=  0.000ms per_group= 0.001ms)
[pe] round=1597 work=        1 frontier=        2 next=        1 consolidate=  0.001ms frontier=  0.000ms semisort=  0.002ms (keyed= 0.000ms group_by=  0.000ms per_group= 0.001ms)
[pe] round=1598 work=        1 frontier=        2 next=        1 consolidate=  0.002ms frontier=  0.000ms semisort=  0.002ms (keyed= 0.000ms group_by=  0.000ms per_group= 0.001ms)
[pe] round=1599 work=        1 frontier=        2 next=        1 consolidate=  0.001ms frontier=  0.000ms semisort=  0.002ms (keyed= 0.000ms group_by=  0.000ms per_group= 0.001ms)
[pe] round=1600 work=        1 frontier=        2 next=        1 consolidate=  0.002ms frontier=  0.000ms semisort=  0.002ms (keyed= 0.000ms group_by=  0.000ms per_group= 0.001ms)
[pe] round=1601 work=        1 frontier=        2 next=        1 consolidate=  0.001ms frontier=  0.000ms semisort=  0.002ms (keyed= 0.000ms group_by=  0.000ms per_group= 0.001ms)
[pe] round=1602 work=        1 frontier=        2 next=        1 consolidate=  0.002ms frontier=  0.000ms semisort=  0.002ms (keyed= 0.000ms group_by=  0.000ms per_group= 0.001ms)
[pe] round=1603 work=        1 frontier=        2 next=        1 consolidate=  0.001ms frontier=  0.000ms semisort=  0.002ms (keyed= 0.000ms group_by=  0.000ms per_group= 0.001ms)
[pe] round=1604 work=        1 frontier=        2 next=        1 consolidate=  0.002ms frontier=  0.000ms semisort=  0.002ms (keyed= 0.000ms group_by=  0.000ms per_group= 0.001ms)
[pe] round=1605 work=        1 frontier=        2 next=        1 consolidate=  0.001ms frontier=  0.000ms semisort=  0.002ms (keyed= 0.000ms group_by=  0.000ms per_group= 0.001ms)
[pe] round=1606 work=        1 frontier=        2 next=        1 consolidate=  0.002ms frontier=  0.000ms semisort=  0.002ms (keyed= 0.000ms group_by=  0.000ms per_group= 0.001ms)
[pe] round=1607 work=        1 frontier=        2 next=        1 consolidate=  0.001ms frontier=  0.000ms semisort=  0.002ms (keyed= 0.000ms group_by=  0.000ms per_group= 0.001ms)
[pe] round=1608 work=        1 frontier=        2 next=        1 consolidate=  0.002ms frontier=  0.000ms semisort=  0.002ms (keyed= 0.000ms group_by=  0.000ms per_group= 0.001ms)
[pe] round=1609 work=        1 frontier=        2 next=        1 consolidate=  0.001ms frontier=  0.000ms semisort=  0.002ms (keyed= 0.000ms group_by=  0.000ms per_group= 0.001ms)
[pe] round=1610 work=        1 frontier=        2 next=        1 consolidate=  0.002ms frontier=  0.000ms semisort=  0.002ms (keyed= 0.000ms group_by=  0.000ms per_group= 0.001ms)
[pe] round=1611 work=        1 frontier=        2 next=        1 consolidate=  0.001ms frontier=  0.000ms semisort=  0.002ms (keyed= 0.000ms group_by=  0.000ms per_group= 0.001ms)
[pe] round=1612 work=        1 frontier=        2 next=        1 consolidate=  0.002ms frontier=  0.000ms semisort=  0.002ms (keyed= 0.000ms group_by=  0.000ms per_group= 0.001ms)
[pe] round=1613 work=        1 frontier=        2 next=        1 consolidate=  0.001ms frontier=  0.000ms semisort=  0.002ms (keyed= 0.000ms group_by=  0.000ms per_group= 0.001ms)
[pe] round=1614 work=        1 frontier=        2 next=        1 consolidate=  0.001ms frontier=  0.000ms semisort=  0.002ms (keyed= 0.000ms group_by=  0.000ms per_group= 0.001ms)
[pe] round=1615 work=        1 frontier=        2 next=        1 consolidate=  0.001ms frontier=  0.000ms semisort=  0.002ms (keyed= 0.000ms group_by=  0.000ms per_group= 0.001ms)
[pe] round=1616 work=        1 frontier=        2 next=        1 consolidate=  0.002ms frontier=  0.000ms semisort=  0.002ms (keyed= 0.000ms group_by=  0.000ms per_group= 0.001ms)
[pe] round=1617 work=        1 frontier=        2 next=        1 consolidate=  0.001ms frontier=  0.000ms semisort=  0.002ms (keyed= 0.000ms group_by=  0.000ms per_group= 0.001ms)
[pe] round=1618 work=        1 frontier=        2 next=        1 consolidate=  0.001ms frontier=  0.000ms semisort=  0.002ms (keyed= 0.000ms group_by=  0.000ms per_group= 0.001ms)
[pe] round=1619 work=        1 frontier=        2 next=        1 consolidate=  0.001ms frontier=  0.000ms semisort=  0.002ms (keyed= 0.000ms group_by=  0.000ms per_group= 0.001ms)
[pe] round=1620 work=        1 frontier=        2 next=        1 consolidate=  0.002ms frontier=  0.000ms semisort=  0.002ms (keyed= 0.000ms group_by=  0.000ms per_group= 0.001ms)
[pe] round=1621 work=        1 frontier=        2 next=        1 consolidate=  0.001ms frontier=  0.000ms semisort=  0.002ms (keyed= 0.000ms group_by=  0.000ms per_group= 0.001ms)
[pe] round=1622 work=        1 frontier=        2 next=        1 consolidate=  0.002ms frontier=  0.000ms semisort=  0.002ms (keyed= 0.000ms group_by=  0.000ms per_group= 0.001ms)
[pe] round=1623 work=        1 frontier=        2 next=        1 consolidate=  0.001ms frontier=  0.000ms semisort=  0.002ms (keyed= 0.000ms group_by=  0.000ms per_group= 0.001ms)
[pe] round=1624 work=        1 frontier=        2 next=        1 consolidate=  0.002ms frontier=  0.000ms semisort=  0.002ms (keyed= 0.000ms group_by=  0.000ms per_group= 0.001ms)
[pe] round=1625 work=        1 frontier=        2 next=        1 consolidate=  0.001ms frontier=  0.000ms semisort=  0.002ms (keyed= 0.000ms group_by=  0.000ms per_group= 0.001ms)
[pe] round=1626 work=        1 frontier=        2 next=        1 consolidate=  0.002ms frontier=  0.000ms semisort=  0.002ms (keyed= 0.000ms group_by=  0.000ms per_group= 0.001ms)
[pe] round=1627 work=        1 frontier=        2 next=        1 consolidate=  0.001ms frontier=  0.000ms semisort=  0.002ms (keyed= 0.000ms group_by=  0.000ms per_group= 0.001ms)
[pe] round=1628 work=        1 frontier=        2 next=        1 consolidate=  0.001ms frontier=  0.000ms semisort=  0.002ms (keyed= 0.000ms group_by=  0.000ms per_group= 0.001ms)
[pe] round=1629 work=        1 frontier=        2 next=        1 consolidate=  0.001ms frontier=  0.000ms semisort=  0.002ms (keyed= 0.000ms group_by=  0.000ms per_group= 0.001ms)
[pe] round=1630 work=        1 frontier=        2 next=        1 consolidate=  0.002ms frontier=  0.000ms semisort=  0.002ms (keyed= 0.000ms group_by=  0.000ms per_group= 0.001ms)
[pe] round=1631 work=        1 frontier=        2 next=        1 consolidate=  0.001ms frontier=  0.000ms semisort=  0.002ms (keyed= 0.000ms group_by=  0.000ms per_group= 0.001ms)
[pe] round=1632 work=        1 frontier=        2 next=        1 consolidate=  0.002ms frontier=  0.000ms semisort=  0.002ms (keyed= 0.000ms group_by=  0.000ms per_group= 0.001ms)
[pe] round=1633 work=        1 frontier=        2 next=        1 consolidate=  0.002ms frontier=  0.000ms semisort=  0.002ms (keyed= 0.000ms group_by=  0.000ms per_group= 0.001ms)
[pe] round=1634 work=        1 frontier=        2 next=        1 consolidate=  0.001ms frontier=  0.000ms semisort=  0.002ms (keyed= 0.000ms group_by=  0.000ms per_group= 0.001ms)
[pe] round=1635 work=        1 frontier=        2 next=        1 consolidate=  0.002ms frontier=  0.000ms semisort=  0.002ms (keyed= 0.000ms group_by=  0.000ms per_group= 0.001ms)
[pe] round=1636 work=        1 frontier=        2 next=        1 consolidate=  0.001ms frontier=  0.000ms semisort=  0.002ms (keyed= 0.000ms group_by=  0.000ms per_group= 0.001ms)
[pe] round=1637 work=        1 frontier=        2 next=        1 consolidate=  0.002ms frontier=  0.000ms semisort=  0.002ms (keyed= 0.000ms group_by=  0.000ms per_group= 0.001ms)
[pe] round=1638 work=        1 frontier=        2 next=        1 consolidate=  0.001ms frontier=  0.000ms semisort=  0.002ms (keyed= 0.000ms group_by=  0.000ms per_group= 0.001ms)
[pe] round=1639 work=        1 frontier=        2 next=        1 consolidate=  0.002ms frontier=  0.000ms semisort=  0.002ms (keyed= 0.000ms group_by=  0.000ms per_group= 0.001ms)
[pe] round=1640 work=        1 frontier=        2 next=        1 consolidate=  0.001ms frontier=  0.000ms semisort=  0.002ms (keyed= 0.000ms group_by=  0.000ms per_group= 0.001ms)
[pe] round=1641 work=        1 frontier=        2 next=        1 consolidate=  0.002ms frontier=  0.000ms semisort=  0.002ms (keyed= 0.000ms group_by=  0.000ms per_group= 0.001ms)
[pe] round=1642 work=        1 frontier=        2 next=        1 consolidate=  0.001ms frontier=  0.000ms semisort=  0.002ms (keyed= 0.000ms group_by=  0.000ms per_group= 0.001ms)
[pe] round=1643 work=        1 frontier=        2 next=        1 consolidate=  0.002ms frontier=  0.000ms semisort=  0.002ms (keyed= 0.000ms group_by=  0.000ms per_group= 0.001ms)
[pe] round=1644 work=        1 frontier=        2 next=        1 consolidate=  0.001ms frontier=  0.000ms semisort=  0.002ms (keyed= 0.000ms group_by=  0.000ms per_group= 0.001ms)
[pe] round=1645 work=        1 frontier=        2 next=        1 consolidate=  0.002ms frontier=  0.000ms semisort=  0.002ms (keyed= 0.000ms group_by=  0.000ms per_group= 0.001ms)
[pe] round=1646 work=        1 frontier=        2 next=        1 consolidate=  0.001ms frontier=  0.000ms semisort=  0.002ms (keyed= 0.000ms group_by=  0.000ms per_group= 0.001ms)
[pe] round=1647 work=        1 frontier=        2 next=        1 consolidate=  0.002ms frontier=  0.000ms semisort=  0.002ms (keyed= 0.000ms group_by=  0.000ms per_group= 0.001ms)
[pe] round=1648 work=        1 frontier=        2 next=        1 consolidate=  0.001ms frontier=  0.000ms semisort=  0.002ms (keyed= 0.000ms group_by=  0.000ms per_group= 0.001ms)
[pe] round=1649 work=        1 frontier=        2 next=        1 consolidate=  0.002ms frontier=  0.000ms semisort=  0.002ms (keyed= 0.000ms group_by=  0.000ms per_group= 0.001ms)
[pe] round=1650 work=        1 frontier=        2 next=        1 consolidate=  0.001ms frontier=  0.000ms semisort=  0.002ms (keyed= 0.000ms group_by=  0.000ms per_group= 0.001ms)
[pe] round=1651 work=        1 frontier=        2 next=        1 consolidate=  0.002ms frontier=  0.000ms semisort=  0.002ms (keyed= 0.000ms group_by=  0.000ms per_group= 0.001ms)
[pe] round=1652 work=        1 frontier=        2 next=        1 consolidate=  0.001ms frontier=  0.000ms semisort=  0.002ms (keyed= 0.000ms group_by=  0.000ms per_group= 0.001ms)
[pe] round=1653 work=        1 frontier=        2 next=        1 consolidate=  0.002ms frontier=  0.000ms semisort=  0.002ms (keyed= 0.000ms group_by=  0.000ms per_group= 0.001ms)
[pe] round=1654 work=        1 frontier=        2 next=        1 consolidate=  0.001ms frontier=  0.000ms semisort=  0.002ms (keyed= 0.000ms group_by=  0.000ms per_group= 0.001ms)
[pe] round=1655 work=        1 frontier=        2 next=        1 consolidate=  0.002ms frontier=  0.000ms semisort=  0.002ms (keyed= 0.000ms group_by=  0.000ms per_group= 0.001ms)
[pe] round=1656 work=        1 frontier=        2 next=        1 consolidate=  0.001ms frontier=  0.000ms semisort=  0.002ms (keyed= 0.000ms group_by=  0.000ms per_group= 0.001ms)
[pe] round=1657 work=        1 frontier=        2 next=        1 consolidate=  0.002ms frontier=  0.000ms semisort=  0.002ms (keyed= 0.000ms group_by=  0.000ms per_group= 0.001ms)
[pe] round=1658 work=        1 frontier=        2 next=        1 consolidate=  0.001ms frontier=  0.000ms semisort=  0.002ms (keyed= 0.000ms group_by=  0.000ms per_group= 0.001ms)
[pe] round=1659 work=        1 frontier=        2 next=        1 consolidate=  0.001ms frontier=  0.000ms semisort=  0.002ms (keyed= 0.000ms group_by=  0.000ms per_group= 0.001ms)
[pe] round=1660 work=        1 frontier=        2 next=        1 consolidate=  0.001ms frontier=  0.000ms semisort=  0.002ms (keyed= 0.000ms group_by=  0.000ms per_group= 0.001ms)
[pe] round=1661 work=        1 frontier=        2 next=        1 consolidate=  0.002ms frontier=  0.000ms semisort=  0.002ms (keyed= 0.000ms group_by=  0.000ms per_group= 0.001ms)
[pe] round=1662 work=        1 frontier=        2 next=        1 consolidate=  0.001ms frontier=  0.000ms semisort=  0.002ms (keyed= 0.000ms group_by=  0.000ms per_group= 0.001ms)
[pe] round=1663 work=        1 frontier=        2 next=        1 consolidate=  0.002ms frontier=  0.000ms semisort=  0.002ms (keyed= 0.000ms group_by=  0.000ms per_group= 0.001ms)
[pe] round=1664 work=        1 frontier=        2 next=        1 consolidate=  0.001ms frontier=  0.000ms semisort=  0.002ms (keyed= 0.000ms group_by=  0.000ms per_group= 0.001ms)
[pe] round=1665 work=        1 frontier=        2 next=        1 consolidate=  0.002ms frontier=  0.000ms semisort=  0.002ms (keyed= 0.000ms group_by=  0.000ms per_group= 0.001ms)
[pe] round=1666 work=        1 frontier=        2 next=        1 consolidate=  0.001ms frontier=  0.000ms semisort=  0.002ms (keyed= 0.000ms group_by=  0.000ms per_group= 0.001ms)
[pe] round=1667 work=        1 frontier=        2 next=        1 consolidate=  0.002ms frontier=  0.000ms semisort=  0.002ms (keyed= 0.000ms group_by=  0.000ms per_group= 0.001ms)
[pe] round=1668 work=        1 frontier=        2 next=        1 consolidate=  0.001ms frontier=  0.000ms semisort=  0.002ms (keyed= 0.000ms group_by=  0.000ms per_group= 0.001ms)
[pe] round=1669 work=        1 frontier=        2 next=        1 consolidate=  0.001ms frontier=  0.000ms semisort=  0.002ms (keyed= 0.000ms group_by=  0.000ms per_group= 0.001ms)
[pe] round=1670 work=        1 frontier=        2 next=        1 consolidate=  0.001ms frontier=  0.000ms semisort=  0.002ms (keyed= 0.000ms group_by=  0.000ms per_group= 0.001ms)
[pe] round=1671 work=        1 frontier=        2 next=        1 consolidate=  0.002ms frontier=  0.000ms semisort=  0.002ms (keyed= 0.000ms group_by=  0.000ms per_group= 0.001ms)
[pe] round=1672 work=        1 frontier=        2 next=        1 consolidate=  0.001ms frontier=  0.000ms semisort=  0.002ms (keyed= 0.000ms group_by=  0.000ms per_group= 0.001ms)
[pe] round=1673 work=        1 frontier=        2 next=        1 consolidate=  0.002ms frontier=  0.000ms semisort=  0.002ms (keyed= 0.000ms group_by=  0.000ms per_group= 0.001ms)
[pe] round=1674 work=        1 frontier=        2 next=        1 consolidate=  0.001ms frontier=  0.000ms semisort=  0.002ms (keyed= 0.000ms group_by=  0.000ms per_group= 0.001ms)
[pe] round=1675 work=        1 frontier=        2 next=        1 consolidate=  0.001ms frontier=  0.000ms semisort=  0.002ms (keyed= 0.000ms group_by=  0.000ms per_group= 0.001ms)
[pe] round=1676 work=        1 frontier=        2 next=        1 consolidate=  0.001ms frontier=  0.000ms semisort=  0.002ms (keyed= 0.000ms group_by=  0.000ms per_group= 0.001ms)
[pe] round=1677 work=        1 frontier=        2 next=        1 consolidate=  0.002ms frontier=  0.000ms semisort=  0.002ms (keyed= 0.000ms group_by=  0.000ms per_group= 0.001ms)
[pe] round=1678 work=        1 frontier=        2 next=        1 consolidate=  0.001ms frontier=  0.000ms semisort=  0.002ms (keyed= 0.000ms group_by=  0.000ms per_group= 0.001ms)
[pe] round=1679 work=        1 frontier=        2 next=        1 consolidate=  0.002ms frontier=  0.000ms semisort=  0.002ms (keyed= 0.000ms group_by=  0.000ms per_group= 0.001ms)
[pe] round=1680 work=        1 frontier=        2 next=        1 consolidate=  0.001ms frontier=  0.000ms semisort=  0.002ms (keyed= 0.000ms group_by=  0.000ms per_group= 0.001ms)
[pe] round=1681 work=        1 frontier=        2 next=        1 consolidate=  0.002ms frontier=  0.000ms semisort=  0.002ms (keyed= 0.000ms group_by=  0.000ms per_group= 0.001ms)
[pe] round=1682 work=        1 frontier=        2 next=        1 consolidate=  0.001ms frontier=  0.000ms semisort=  0.002ms (keyed= 0.000ms group_by=  0.000ms per_group= 0.001ms)
[pe] round=1683 work=        1 frontier=        2 next=        1 consolidate=  0.002ms frontier=  0.000ms semisort=  0.002ms (keyed= 0.000ms group_by=  0.000ms per_group= 0.001ms)
[pe] round=1684 work=        1 frontier=        2 next=        1 consolidate=  0.001ms frontier=  0.000ms semisort=  0.002ms (keyed= 0.000ms group_by=  0.000ms per_group= 0.001ms)
[pe] round=1685 work=        1 frontier=        2 next=        1 consolidate=  0.001ms frontier=  0.000ms semisort=  0.002ms (keyed= 0.000ms group_by=  0.000ms per_group= 0.001ms)
[pe] round=1686 work=        1 frontier=        2 next=        1 consolidate=  0.001ms frontier=  0.000ms semisort=  0.002ms (keyed= 0.000ms group_by=  0.000ms per_group= 0.001ms)
[pe] round=1687 work=        1 frontier=        2 next=        1 consolidate=  0.002ms frontier=  0.000ms semisort=  0.002ms (keyed= 0.000ms group_by=  0.000ms per_group= 0.001ms)
[pe] round=1688 work=        1 frontier=        2 next=        1 consolidate=  0.001ms frontier=  0.000ms semisort=  0.002ms (keyed= 0.000ms group_by=  0.000ms per_group= 0.001ms)
[pe] round=1689 work=        1 frontier=        2 next=        1 consolidate=  0.002ms frontier=  0.000ms semisort=  0.002ms (keyed= 0.000ms group_by=  0.000ms per_group= 0.001ms)
[pe] round=1690 work=        1 frontier=        2 next=        1 consolidate=  0.001ms frontier=  0.000ms semisort=  0.002ms (keyed= 0.000ms group_by=  0.000ms per_group= 0.001ms)
[pe] round=1691 work=        1 frontier=        2 next=        1 consolidate=  0.002ms frontier=  0.000ms semisort=  0.002ms (keyed= 0.000ms group_by=  0.000ms per_group= 0.001ms)
[pe] round=1692 work=        1 frontier=        2 next=        1 consolidate=  0.001ms frontier=  0.000ms semisort=  0.002ms (keyed= 0.000ms group_by=  0.000ms per_group= 0.001ms)
[pe] round=1693 work=        1 frontier=        2 next=        1 consolidate=  0.002ms frontier=  0.000ms semisort=  0.002ms (keyed= 0.000ms group_by=  0.000ms per_group= 0.001ms)
[pe] round=1694 work=        1 frontier=        2 next=        1 consolidate=  0.001ms frontier=  0.000ms semisort=  0.002ms (keyed= 0.000ms group_by=  0.000ms per_group= 0.001ms)
[pe] round=1695 work=        1 frontier=        2 next=        1 consolidate=  0.001ms frontier=  0.000ms semisort=  0.002ms (keyed= 0.000ms group_by=  0.000ms per_group= 0.001ms)
[pe] round=1696 work=        1 frontier=        2 next=        1 consolidate=  0.001ms frontier=  0.000ms semisort=  0.002ms (keyed= 0.000ms group_by=  0.000ms per_group= 0.001ms)
[pe] round=1697 work=        1 frontier=        2 next=        1 consolidate=  0.002ms frontier=  0.000ms semisort=  0.002ms (keyed= 0.000ms group_by=  0.000ms per_group= 0.001ms)
[pe] round=1698 work=        1 frontier=        2 next=        1 consolidate=  0.001ms frontier=  0.000ms semisort=  0.002ms (keyed= 0.000ms group_by=  0.000ms per_group= 0.001ms)
[pe] round=1699 work=        1 frontier=        2 next=        1 consolidate=  0.002ms frontier=  0.000ms semisort=  0.002ms (keyed= 0.000ms group_by=  0.000ms per_group= 0.001ms)
[pe] round=1700 work=        1 frontier=        2 next=        1 consolidate=  0.001ms frontier=  0.000ms semisort=  0.002ms (keyed= 0.000ms group_by=  0.000ms per_group= 0.001ms)
[pe] round=1701 work=        1 frontier=        2 next=        1 consolidate=  0.002ms frontier=  0.000ms semisort=  0.002ms (keyed= 0.000ms group_by=  0.000ms per_group= 0.001ms)
[pe] round=1702 work=        1 frontier=        2 next=        1 consolidate=  0.001ms frontier=  0.000ms semisort=  0.002ms (keyed= 0.000ms group_by=  0.000ms per_group= 0.001ms)
[pe] round=1703 work=        1 frontier=        2 next=        1 consolidate=  0.002ms frontier=  0.000ms semisort=  0.002ms (keyed= 0.000ms group_by=  0.000ms per_group= 0.001ms)
[pe] round=1704 work=        1 frontier=        2 next=        1 consolidate=  0.001ms frontier=  0.000ms semisort=  0.002ms (keyed= 0.000ms group_by=  0.000ms per_group= 0.001ms)
[pe] round=1705 work=        1 frontier=        2 next=        1 consolidate=  0.001ms frontier=  0.000ms semisort=  0.002ms (keyed= 0.000ms group_by=  0.000ms per_group= 0.001ms)
[pe] round=1706 work=        1 frontier=        2 next=        1 consolidate=  0.001ms frontier=  0.000ms semisort=  0.002ms (keyed= 0.000ms group_by=  0.000ms per_group= 0.001ms)
[pe] round=1707 work=        1 frontier=        2 next=        1 consolidate=  0.002ms frontier=  0.000ms semisort=  0.002ms (keyed= 0.000ms group_by=  0.000ms per_group= 0.001ms)
[pe] round=1708 work=        1 frontier=        2 next=        1 consolidate=  0.001ms frontier=  0.000ms semisort=  0.002ms (keyed= 0.000ms group_by=  0.000ms per_group= 0.001ms)
[pe] round=1709 work=        1 frontier=        2 next=        1 consolidate=  0.002ms frontier=  0.000ms semisort=  0.002ms (keyed= 0.000ms group_by=  0.000ms per_group= 0.001ms)
[pe] round=1710 work=        1 frontier=        2 next=        1 consolidate=  0.001ms frontier=  0.000ms semisort=  0.002ms (keyed= 0.000ms group_by=  0.000ms per_group= 0.001ms)
[pe] round=1711 work=        1 frontier=        2 next=        1 consolidate=  0.002ms frontier=  0.000ms semisort=  0.002ms (keyed= 0.000ms group_by=  0.000ms per_group= 0.001ms)
[pe] round=1712 work=        1 frontier=        2 next=        1 consolidate=  0.001ms frontier=  0.000ms semisort=  0.002ms (keyed= 0.000ms group_by=  0.000ms per_group= 0.001ms)
[pe] round=1713 work=        1 frontier=        2 next=        1 consolidate=  0.002ms frontier=  0.000ms semisort=  0.002ms (keyed= 0.000ms group_by=  0.000ms per_group= 0.001ms)
[pe] round=1714 work=        1 frontier=        2 next=        1 consolidate=  0.001ms frontier=  0.000ms semisort=  0.002ms (keyed= 0.000ms group_by=  0.000ms per_group= 0.001ms)
[pe] round=1715 work=        1 frontier=        2 next=        1 consolidate=  0.002ms frontier=  0.000ms semisort=  0.002ms (keyed= 0.000ms group_by=  0.000ms per_group= 0.001ms)
[pe] round=1716 work=        1 frontier=        2 next=        1 consolidate=  0.001ms frontier=  0.000ms semisort=  0.002ms (keyed= 0.000ms group_by=  0.000ms per_group= 0.001ms)
[pe] round=1717 work=        1 frontier=        2 next=        1 consolidate=  0.002ms frontier=  0.000ms semisort=  0.002ms (keyed= 0.000ms group_by=  0.000ms per_group= 0.001ms)
[pe] round=1718 work=        1 frontier=        2 next=        1 consolidate=  0.001ms frontier=  0.000ms semisort=  0.002ms (keyed= 0.000ms group_by=  0.000ms per_group= 0.001ms)
[pe] round=1719 work=        1 frontier=        2 next=        1 consolidate=  0.002ms frontier=  0.000ms semisort=  0.002ms (keyed= 0.000ms group_by=  0.000ms per_group= 0.001ms)
[pe] round=1720 work=        1 frontier=        2 next=        1 consolidate=  0.001ms frontier=  0.000ms semisort=  0.002ms (keyed= 0.000ms group_by=  0.000ms per_group= 0.001ms)
[pe] round=1721 work=        1 frontier=        2 next=        1 consolidate=  0.002ms frontier=  0.000ms semisort=  0.002ms (keyed= 0.000ms group_by=  0.000ms per_group= 0.001ms)
[pe] round=1722 work=        1 frontier=        2 next=        1 consolidate=  0.001ms frontier=  0.000ms semisort=  0.002ms (keyed= 0.000ms group_by=  0.000ms per_group= 0.001ms)
[pe] round=1723 work=        1 frontier=        2 next=        1 consolidate=  0.002ms frontier=  0.000ms semisort=  0.002ms (keyed= 0.000ms group_by=  0.000ms per_group= 0.001ms)
[pe] round=1724 work=        1 frontier=        2 next=        1 consolidate=  0.001ms frontier=  0.000ms semisort=  0.002ms (keyed= 0.000ms group_by=  0.000ms per_group= 0.001ms)
[pe] round=1725 work=        1 frontier=        2 next=        1 consolidate=  0.002ms frontier=  0.000ms semisort=  0.002ms (keyed= 0.000ms group_by=  0.000ms per_group= 0.001ms)
[pe] round=1726 work=        1 frontier=        2 next=        1 consolidate=  0.001ms frontier=  0.000ms semisort=  0.002ms (keyed= 0.000ms group_by=  0.000ms per_group= 0.001ms)
[pe] round=1727 work=        1 frontier=        2 next=        1 consolidate=  0.002ms frontier=  0.000ms semisort=  0.002ms (keyed= 0.000ms group_by=  0.000ms per_group= 0.001ms)
[pe] round=1728 work=        1 frontier=        2 next=        1 consolidate=  0.001ms frontier=  0.000ms semisort=  0.002ms (keyed= 0.000ms group_by=  0.000ms per_group= 0.001ms)
[pe] round=1729 work=        1 frontier=        2 next=        1 consolidate=  0.002ms frontier=  0.000ms semisort=  0.002ms (keyed= 0.000ms group_by=  0.000ms per_group= 0.001ms)
[pe] round=1730 work=        1 frontier=        2 next=        1 consolidate=  0.001ms frontier=  0.000ms semisort=  0.002ms (keyed= 0.000ms group_by=  0.000ms per_group= 0.001ms)
[pe] round=1731 work=        1 frontier=        2 next=        1 consolidate=  0.002ms frontier=  0.000ms semisort=  0.002ms (keyed= 0.000ms group_by=  0.000ms per_group= 0.001ms)
[pe] round=1732 work=        1 frontier=        2 next=        1 consolidate=  0.001ms frontier=  0.000ms semisort=  0.002ms (keyed= 0.000ms group_by=  0.000ms per_group= 0.001ms)
[pe] round=1733 work=        1 frontier=        2 next=        1 consolidate=  0.002ms frontier=  0.000ms semisort=  0.002ms (keyed= 0.000ms group_by=  0.000ms per_group= 0.001ms)
[pe] round=1734 work=        1 frontier=        2 next=        1 consolidate=  0.001ms frontier=  0.000ms semisort=  0.002ms (keyed= 0.000ms group_by=  0.000ms per_group= 0.001ms)
[pe] round=1735 work=        1 frontier=        2 next=        1 consolidate=  0.002ms frontier=  0.000ms semisort=  0.002ms (keyed= 0.000ms group_by=  0.000ms per_group= 0.001ms)
[pe] round=1736 work=        1 frontier=        2 next=        1 consolidate=  0.001ms frontier=  0.000ms semisort=  0.002ms (keyed= 0.000ms group_by=  0.000ms per_group= 0.001ms)
[pe] round=1737 work=        1 frontier=        2 next=        1 consolidate=  0.002ms frontier=  0.000ms semisort=  0.002ms (keyed= 0.000ms group_by=  0.000ms per_group= 0.001ms)
[pe] round=1738 work=        1 frontier=        2 next=        1 consolidate=  0.001ms frontier=  0.000ms semisort=  0.002ms (keyed= 0.000ms group_by=  0.000ms per_group= 0.001ms)
[pe] round=1739 work=        1 frontier=        2 next=        1 consolidate=  0.002ms frontier=  0.000ms semisort=  0.002ms (keyed= 0.000ms group_by=  0.000ms per_group= 0.001ms)
[pe] round=1740 work=        1 frontier=        2 next=        1 consolidate=  0.001ms frontier=  0.000ms semisort=  0.002ms (keyed= 0.000ms group_by=  0.000ms per_group= 0.001ms)
[pe] round=1741 work=        1 frontier=        2 next=        1 consolidate=  0.002ms frontier=  0.000ms semisort=  0.002ms (keyed= 0.000ms group_by=  0.000ms per_group= 0.001ms)
[pe] round=1742 work=        1 frontier=        2 next=        1 consolidate=  0.001ms frontier=  0.000ms semisort=  0.002ms (keyed= 0.000ms group_by=  0.000ms per_group= 0.001ms)
[pe] round=1743 work=        1 frontier=        2 next=        1 consolidate=  0.002ms frontier=  0.000ms semisort=  0.002ms (keyed= 0.000ms group_by=  0.000ms per_group= 0.001ms)
[pe] round=1744 work=        1 frontier=        2 next=        1 consolidate=  0.001ms frontier=  0.000ms semisort=  0.002ms (keyed= 0.000ms group_by=  0.000ms per_group= 0.001ms)
[pe] round=1745 work=        1 frontier=        2 next=        1 consolidate=  0.002ms frontier=  0.000ms semisort=  0.002ms (keyed= 0.000ms group_by=  0.000ms per_group= 0.001ms)
[pe] round=1746 work=        1 frontier=        2 next=        1 consolidate=  0.001ms frontier=  0.000ms semisort=  0.002ms (keyed= 0.000ms group_by=  0.000ms per_group= 0.001ms)
[pe] round=1747 work=        1 frontier=        2 next=        1 consolidate=  0.002ms frontier=  0.000ms semisort=  0.002ms (keyed= 0.000ms group_by=  0.000ms per_group= 0.001ms)
[pe] round=1748 work=        1 frontier=        2 next=        1 consolidate=  0.001ms frontier=  0.000ms semisort=  0.002ms (keyed= 0.000ms group_by=  0.000ms per_group= 0.001ms)
[pe] round=1749 work=        1 frontier=        2 next=        1 consolidate=  0.002ms frontier=  0.000ms semisort=  0.002ms (keyed= 0.000ms group_by=  0.000ms per_group= 0.001ms)
[pe] round=1750 work=        1 frontier=        2 next=        1 consolidate=  0.001ms frontier=  0.000ms semisort=  0.002ms (keyed= 0.000ms group_by=  0.000ms per_group= 0.001ms)
[pe] round=1751 work=        1 frontier=        2 next=        1 consolidate=  0.002ms frontier=  0.000ms semisort=  0.002ms (keyed= 0.000ms group_by=  0.000ms per_group= 0.001ms)
[pe] round=1752 work=        1 frontier=        2 next=        1 consolidate=  0.001ms frontier=  0.000ms semisort=  0.002ms (keyed= 0.000ms group_by=  0.000ms per_group= 0.001ms)
[pe] round=1753 work=        1 frontier=        2 next=        1 consolidate=  0.002ms frontier=  0.000ms semisort=  0.002ms (keyed= 0.000ms group_by=  0.000ms per_group= 0.001ms)
[pe] round=1754 work=        1 frontier=        2 next=        1 consolidate=  0.001ms frontier=  0.000ms semisort=  0.002ms (keyed= 0.000ms group_by=  0.000ms per_group= 0.001ms)
[pe] round=1755 work=        1 frontier=        2 next=        1 consolidate=  0.002ms frontier=  0.000ms semisort=  0.002ms (keyed= 0.000ms group_by=  0.000ms per_group= 0.001ms)
[pe] round=1756 work=        1 frontier=        2 next=        1 consolidate=  0.001ms frontier=  0.000ms semisort=  0.002ms (keyed= 0.000ms group_by=  0.000ms per_group= 0.001ms)
[pe] round=1757 work=        1 frontier=        2 next=        1 consolidate=  0.002ms frontier=  0.000ms semisort=  0.002ms (keyed= 0.000ms group_by=  0.000ms per_group= 0.001ms)
[pe] round=1758 work=        1 frontier=        2 next=        1 consolidate=  0.001ms frontier=  0.000ms semisort=  0.002ms (keyed= 0.000ms group_by=  0.000ms per_group= 0.001ms)
[pe] round=1759 work=        1 frontier=        2 next=        1 consolidate=  0.002ms frontier=  0.000ms semisort=  0.002ms (keyed= 0.000ms group_by=  0.000ms per_group= 0.001ms)
[pe] round=1760 work=        1 frontier=        2 next=        1 consolidate=  0.001ms frontier=  0.000ms semisort=  0.002ms (keyed= 0.000ms group_by=  0.000ms per_group= 0.001ms)
[pe] round=1761 work=        1 frontier=        2 next=        1 consolidate=  0.002ms frontier=  0.000ms semisort=  0.002ms (keyed= 0.000ms group_by=  0.000ms per_group= 0.001ms)
[pe] round=1762 work=        1 frontier=        2 next=        1 consolidate=  0.001ms frontier=  0.000ms semisort=  0.002ms (keyed= 0.000ms group_by=  0.000ms per_group= 0.001ms)
[pe] round=1763 work=        1 frontier=        2 next=        1 consolidate=  0.002ms frontier=  0.000ms semisort=  0.002ms (keyed= 0.000ms group_by=  0.000ms per_group= 0.001ms)
[pe] round=1764 work=        1 frontier=        2 next=        1 consolidate=  0.001ms frontier=  0.000ms semisort=  0.002ms (keyed= 0.000ms group_by=  0.000ms per_group= 0.001ms)
[pe] round=1765 work=        1 frontier=        2 next=        1 consolidate=  0.002ms frontier=  0.000ms semisort=  0.002ms (keyed= 0.000ms group_by=  0.000ms per_group= 0.001ms)
[pe] round=1766 work=        1 frontier=        2 next=        1 consolidate=  0.001ms frontier=  0.000ms semisort=  0.002ms (keyed= 0.000ms group_by=  0.000ms per_group= 0.001ms)
[pe] round=1767 work=        1 frontier=        2 next=        1 consolidate=  0.002ms frontier=  0.000ms semisort=  0.002ms (keyed= 0.000ms group_by=  0.000ms per_group= 0.001ms)
[pe] round=1768 work=        1 frontier=        2 next=        1 consolidate=  0.001ms frontier=  0.000ms semisort=  0.002ms (keyed= 0.000ms group_by=  0.000ms per_group= 0.001ms)
[pe] round=1769 work=        1 frontier=        2 next=        1 consolidate=  0.002ms frontier=  0.000ms semisort=  0.002ms (keyed= 0.000ms group_by=  0.000ms per_group= 0.001ms)
[pe] round=1770 work=        1 frontier=        2 next=        1 consolidate=  0.001ms frontier=  0.000ms semisort=  0.002ms (keyed= 0.000ms group_by=  0.000ms per_group= 0.001ms)
[pe] round=1771 work=        1 frontier=        2 next=        1 consolidate=  0.002ms frontier=  0.000ms semisort=  0.002ms (keyed= 0.000ms group_by=  0.000ms per_group= 0.001ms)
[pe] round=1772 work=        1 frontier=        2 next=        1 consolidate=  0.001ms frontier=  0.000ms semisort=  0.002ms (keyed= 0.000ms group_by=  0.000ms per_group= 0.001ms)
[pe] round=1773 work=        1 frontier=        2 next=        1 consolidate=  0.002ms frontier=  0.000ms semisort=  0.002ms (keyed= 0.000ms group_by=  0.000ms per_group= 0.001ms)
[pe] round=1774 work=        1 frontier=        2 next=        1 consolidate=  0.001ms frontier=  0.000ms semisort=  0.002ms (keyed= 0.000ms group_by=  0.000ms per_group= 0.001ms)
[pe] round=1775 work=        1 frontier=        2 next=        1 consolidate=  0.002ms frontier=  0.000ms semisort=  0.002ms (keyed= 0.000ms group_by=  0.000ms per_group= 0.001ms)
[pe] round=1776 work=        1 frontier=        2 next=        1 consolidate=  0.002ms frontier=  0.000ms semisort=  0.002ms (keyed= 0.000ms group_by=  0.000ms per_group= 0.001ms)
[pe] round=1777 work=        1 frontier=        2 next=        1 consolidate=  0.002ms frontier=  0.000ms semisort=  0.002ms (keyed= 0.000ms group_by=  0.000ms per_group= 0.001ms)
[pe] round=1778 work=        1 frontier=        2 next=        1 consolidate=  0.002ms frontier=  0.000ms semisort=  0.002ms (keyed= 0.000ms group_by=  0.000ms per_group= 0.001ms)
[pe] round=1779 work=        1 frontier=        2 next=        1 consolidate=  0.002ms frontier=  0.000ms semisort=  0.002ms (keyed= 0.000ms group_by=  0.000ms per_group= 0.001ms)
[pe] round=1780 work=        1 frontier=        2 next=        1 consolidate=  0.002ms frontier=  0.000ms semisort=  0.002ms (keyed= 0.000ms group_by=  0.000ms per_group= 0.001ms)
[pe] round=1781 work=        1 frontier=        2 next=        1 consolidate=  0.002ms frontier=  0.000ms semisort=  0.002ms (keyed= 0.000ms group_by=  0.000ms per_group= 0.001ms)
[pe] round=1782 work=        1 frontier=        2 next=        1 consolidate=  0.001ms frontier=  0.000ms semisort=  0.002ms (keyed= 0.000ms group_by=  0.000ms per_group= 0.001ms)
[pe] round=1783 work=        1 frontier=        2 next=        1 consolidate=  0.002ms frontier=  0.000ms semisort=  0.002ms (keyed= 0.000ms group_by=  0.000ms per_group= 0.001ms)
[pe] round=1784 work=        1 frontier=        2 next=        1 consolidate=  0.001ms frontier=  0.000ms semisort=  0.002ms (keyed= 0.000ms group_by=  0.000ms per_group= 0.001ms)
[pe] round=1785 work=        1 frontier=        2 next=        1 consolidate=  0.002ms frontier=  0.000ms semisort=  0.002ms (keyed= 0.000ms group_by=  0.000ms per_group= 0.001ms)
[pe] round=1786 work=        1 frontier=        2 next=        1 consolidate=  0.001ms frontier=  0.000ms semisort=  0.002ms (keyed= 0.000ms group_by=  0.000ms per_group= 0.001ms)
[pe] round=1787 work=        1 frontier=        2 next=        1 consolidate=  0.002ms frontier=  0.000ms semisort=  0.002ms (keyed= 0.000ms group_by=  0.000ms per_group= 0.001ms)
[pe] round=1788 work=        1 frontier=        2 next=        1 consolidate=  0.001ms frontier=  0.000ms semisort=  0.002ms (keyed= 0.000ms group_by=  0.000ms per_group= 0.001ms)
[pe] round=1789 work=        1 frontier=        2 next=        1 consolidate=  0.002ms frontier=  0.000ms semisort=  0.002ms (keyed= 0.000ms group_by=  0.000ms per_group= 0.001ms)
[pe] round=1790 work=        1 frontier=        2 next=        1 consolidate=  0.001ms frontier=  0.000ms semisort=  0.002ms (keyed= 0.000ms group_by=  0.000ms per_group= 0.001ms)
[pe] round=1791 work=        1 frontier=        2 next=        1 consolidate=  0.002ms frontier=  0.000ms semisort=  0.002ms (keyed= 0.000ms group_by=  0.000ms per_group= 0.001ms)
[pe] round=1792 work=        1 frontier=        2 next=        1 consolidate=  0.001ms frontier=  0.000ms semisort=  0.002ms (keyed= 0.000ms group_by=  0.000ms per_group= 0.001ms)
[pe] round=1793 work=        1 frontier=        2 next=        1 consolidate=  0.002ms frontier=  0.000ms semisort=  0.002ms (keyed= 0.000ms group_by=  0.000ms per_group= 0.001ms)
[pe] round=1794 work=        1 frontier=        2 next=        1 consolidate=  0.001ms frontier=  0.000ms semisort=  0.002ms (keyed= 0.000ms group_by=  0.000ms per_group= 0.001ms)
[pe] round=1795 work=        1 frontier=        2 next=        1 consolidate=  0.002ms frontier=  0.000ms semisort=  0.002ms (keyed= 0.000ms group_by=  0.000ms per_group= 0.001ms)
[pe] round=1796 work=        1 frontier=        2 next=        1 consolidate=  0.001ms frontier=  0.000ms semisort=  0.002ms (keyed= 0.000ms group_by=  0.000ms per_group= 0.001ms)
[pe] round=1797 work=        1 frontier=        2 next=        1 consolidate=  0.002ms frontier=  0.000ms semisort=  0.002ms (keyed= 0.000ms group_by=  0.000ms per_group= 0.001ms)
[pe] round=1798 work=        1 frontier=        2 next=        1 consolidate=  0.001ms frontier=  0.000ms semisort=  0.002ms (keyed= 0.000ms group_by=  0.000ms per_group= 0.001ms)
[pe] round=1799 work=        1 frontier=        2 next=        1 consolidate=  0.002ms frontier=  0.000ms semisort=  0.002ms (keyed= 0.000ms group_by=  0.000ms per_group= 0.001ms)
[pe] round=1800 work=        1 frontier=        2 next=        1 consolidate=  0.001ms frontier=  0.000ms semisort=  0.002ms (keyed= 0.000ms group_by=  0.000ms per_group= 0.001ms)
[pe] round=1801 work=        1 frontier=        2 next=        1 consolidate=  0.002ms frontier=  0.000ms semisort=  0.002ms (keyed= 0.000ms group_by=  0.000ms per_group= 0.001ms)
[pe] round=1802 work=        1 frontier=        2 next=        1 consolidate=  0.001ms frontier=  0.000ms semisort=  0.002ms (keyed= 0.000ms group_by=  0.000ms per_group= 0.001ms)
[pe] round=1803 work=        1 frontier=        2 next=        1 consolidate=  0.002ms frontier=  0.000ms semisort=  0.002ms (keyed= 0.000ms group_by=  0.000ms per_group= 0.001ms)
[pe] round=1804 work=        1 frontier=        2 next=        1 consolidate=  0.001ms frontier=  0.000ms semisort=  0.002ms (keyed= 0.000ms group_by=  0.000ms per_group= 0.001ms)
[pe] round=1805 work=        1 frontier=        2 next=        1 consolidate=  0.001ms frontier=  0.000ms semisort=  0.002ms (keyed= 0.000ms group_by=  0.000ms per_group= 0.001ms)
[pe] round=1806 work=        1 frontier=        2 next=        1 consolidate=  0.001ms frontier=  0.000ms semisort=  0.002ms (keyed= 0.000ms group_by=  0.000ms per_group= 0.001ms)
[pe] round=1807 work=        1 frontier=        2 next=        1 consolidate=  0.002ms frontier=  0.000ms semisort=  0.002ms (keyed= 0.000ms group_by=  0.000ms per_group= 0.001ms)
[pe] round=1808 work=        1 frontier=        2 next=        1 consolidate=  0.001ms frontier=  0.000ms semisort=  0.002ms (keyed= 0.000ms group_by=  0.000ms per_group= 0.001ms)
[pe] round=1809 work=        1 frontier=        2 next=        1 consolidate=  0.002ms frontier=  0.000ms semisort=  0.002ms (keyed= 0.000ms group_by=  0.000ms per_group= 0.001ms)
[pe] round=1810 work=        1 frontier=        2 next=        1 consolidate=  0.001ms frontier=  0.000ms semisort=  0.002ms (keyed= 0.000ms group_by=  0.000ms per_group= 0.001ms)
[pe] round=1811 work=        1 frontier=        2 next=        1 consolidate=  0.002ms frontier=  0.000ms semisort=  0.002ms (keyed= 0.000ms group_by=  0.000ms per_group= 0.001ms)
[pe] round=1812 work=        1 frontier=        2 next=        1 consolidate=  0.001ms frontier=  0.000ms semisort=  0.002ms (keyed= 0.000ms group_by=  0.000ms per_group= 0.001ms)
[pe] round=1813 work=        1 frontier=        2 next=        1 consolidate=  0.002ms frontier=  0.000ms semisort=  0.009ms (keyed= 0.000ms group_by=  0.000ms per_group= 0.008ms)
[pe] round=1814 work=        1 frontier=        2 next=        1 consolidate=  0.001ms frontier=  0.000ms semisort=  0.002ms (keyed= 0.000ms group_by=  0.000ms per_group= 0.001ms)
[pe] round=1815 work=        1 frontier=        2 next=        1 consolidate=  0.001ms frontier=  0.000ms semisort=  0.002ms (keyed= 0.000ms group_by=  0.000ms per_group= 0.001ms)
[pe] round=1816 work=        1 frontier=        2 next=        1 consolidate=  0.001ms frontier=  0.000ms semisort=  0.002ms (keyed= 0.000ms group_by=  0.000ms per_group= 0.001ms)
[pe] round=1817 work=        1 frontier=        2 next=        1 consolidate=  0.002ms frontier=  0.000ms semisort=  0.002ms (keyed= 0.000ms group_by=  0.000ms per_group= 0.001ms)
[pe] round=1818 work=        1 frontier=        2 next=        1 consolidate=  0.001ms frontier=  0.000ms semisort=  0.002ms (keyed= 0.000ms group_by=  0.000ms per_group= 0.001ms)
[pe] round=1819 work=        1 frontier=        2 next=        1 consolidate=  0.002ms frontier=  0.000ms semisort=  0.002ms (keyed= 0.000ms group_by=  0.000ms per_group= 0.001ms)
[pe] round=1820 work=        1 frontier=        2 next=        1 consolidate=  0.001ms frontier=  0.000ms semisort=  0.002ms (keyed= 0.000ms group_by=  0.000ms per_group= 0.001ms)
[pe] round=1821 work=        1 frontier=        2 next=        1 consolidate=  0.001ms frontier=  0.000ms semisort=  0.002ms (keyed= 0.000ms group_by=  0.000ms per_group= 0.001ms)
[pe] round=1822 work=        1 frontier=        2 next=        1 consolidate=  0.001ms frontier=  0.000ms semisort=  0.002ms (keyed= 0.000ms group_by=  0.000ms per_group= 0.001ms)
[pe] round=1823 work=        1 frontier=        2 next=        1 consolidate=  0.002ms frontier=  0.000ms semisort=  0.002ms (keyed= 0.000ms group_by=  0.000ms per_group= 0.001ms)
[pe] round=1824 work=        1 frontier=        2 next=        1 consolidate=  0.001ms frontier=  0.000ms semisort=  0.002ms (keyed= 0.000ms group_by=  0.000ms per_group= 0.001ms)
[pe] round=1825 work=        1 frontier=        2 next=        1 consolidate=  0.002ms frontier=  0.000ms semisort=  0.002ms (keyed= 0.000ms group_by=  0.000ms per_group= 0.001ms)
[pe] round=1826 work=        1 frontier=        2 next=        1 consolidate=  0.001ms frontier=  0.000ms semisort=  0.002ms (keyed= 0.000ms group_by=  0.000ms per_group= 0.001ms)
[pe] round=1827 work=        1 frontier=        2 next=        1 consolidate=  0.002ms frontier=  0.000ms semisort=  0.002ms (keyed= 0.000ms group_by=  0.000ms per_group= 0.001ms)
[pe] round=1828 work=        1 frontier=        2 next=        1 consolidate=  0.001ms frontier=  0.000ms semisort=  0.002ms (keyed= 0.000ms group_by=  0.000ms per_group= 0.001ms)
[pe] round=1829 work=        1 frontier=        2 next=        1 consolidate=  0.002ms frontier=  0.000ms semisort=  0.002ms (keyed= 0.000ms group_by=  0.000ms per_group= 0.001ms)
[pe] round=1830 work=        1 frontier=        2 next=        1 consolidate=  0.001ms frontier=  0.000ms semisort=  0.002ms (keyed= 0.000ms group_by=  0.000ms per_group= 0.001ms)
[pe] round=1831 work=        1 frontier=        2 next=        1 consolidate=  0.002ms frontier=  0.000ms semisort=  0.002ms (keyed= 0.000ms group_by=  0.000ms per_group= 0.001ms)
[pe] round=1832 work=        1 frontier=        2 next=        1 consolidate=  0.002ms frontier=  0.000ms semisort=  0.002ms (keyed= 0.000ms group_by=  0.000ms per_group= 0.001ms)
[pe] round=1833 work=        1 frontier=        2 next=        1 consolidate=  0.002ms frontier=  0.000ms semisort=  0.002ms (keyed= 0.000ms group_by=  0.000ms per_group= 0.001ms)
[pe] round=1834 work=        1 frontier=        2 next=        1 consolidate=  0.002ms frontier=  0.000ms semisort=  0.002ms (keyed= 0.000ms group_by=  0.000ms per_group= 0.001ms)
[pe] round=1835 work=        1 frontier=        2 next=        1 consolidate=  0.002ms frontier=  0.000ms semisort=  0.002ms (keyed= 0.000ms group_by=  0.000ms per_group= 0.001ms)
[pe] round=1836 work=        1 frontier=        2 next=        1 consolidate=  0.001ms frontier=  0.000ms semisort=  0.002ms (keyed= 0.000ms group_by=  0.000ms per_group= 0.001ms)
[pe] round=1837 work=        1 frontier=        2 next=        1 consolidate=  0.002ms frontier=  0.000ms semisort=  0.002ms (keyed= 0.000ms group_by=  0.000ms per_group= 0.001ms)
[pe] round=1838 work=        1 frontier=        2 next=        1 consolidate=  0.001ms frontier=  0.000ms semisort=  0.002ms (keyed= 0.000ms group_by=  0.000ms per_group= 0.001ms)
[pe] round=1839 work=        1 frontier=        2 next=        1 consolidate=  0.002ms frontier=  0.000ms semisort=  0.002ms (keyed= 0.000ms group_by=  0.000ms per_group= 0.001ms)
[pe] round=1840 work=        1 frontier=        2 next=        1 consolidate=  0.001ms frontier=  0.000ms semisort=  0.002ms (keyed= 0.000ms group_by=  0.000ms per_group= 0.001ms)
[pe] round=1841 work=        1 frontier=        2 next=        1 consolidate=  0.001ms frontier=  0.000ms semisort=  0.002ms (keyed= 0.000ms group_by=  0.000ms per_group= 0.001ms)
[pe] round=1842 work=        1 frontier=        2 next=        1 consolidate=  0.001ms frontier=  0.000ms semisort=  0.002ms (keyed= 0.000ms group_by=  0.000ms per_group= 0.001ms)
[pe] round=1843 work=        1 frontier=        2 next=        1 consolidate=  0.002ms frontier=  0.000ms semisort=  0.002ms (keyed= 0.000ms group_by=  0.000ms per_group= 0.001ms)
[pe] round=1844 work=        1 frontier=        2 next=        1 consolidate=  0.001ms frontier=  0.000ms semisort=  0.002ms (keyed= 0.000ms group_by=  0.000ms per_group= 0.001ms)
[pe] round=1845 work=        1 frontier=        2 next=        1 consolidate=  0.002ms frontier=  0.000ms semisort=  0.002ms (keyed= 0.000ms group_by=  0.000ms per_group= 0.001ms)
[pe] round=1846 work=        1 frontier=        2 next=        1 consolidate=  0.001ms frontier=  0.000ms semisort=  0.002ms (keyed= 0.000ms group_by=  0.000ms per_group= 0.001ms)
[pe] round=1847 work=        1 frontier=        2 next=        1 consolidate=  0.002ms frontier=  0.000ms semisort=  0.002ms (keyed= 0.000ms group_by=  0.000ms per_group= 0.001ms)
[pe] round=1848 work=        1 frontier=        2 next=        1 consolidate=  0.001ms frontier=  0.000ms semisort=  0.002ms (keyed= 0.000ms group_by=  0.000ms per_group= 0.001ms)
[pe] round=1849 work=        1 frontier=        2 next=        1 consolidate=  0.002ms frontier=  0.000ms semisort=  0.002ms (keyed= 0.000ms group_by=  0.000ms per_group= 0.001ms)
[pe] round=1850 work=        1 frontier=        2 next=        1 consolidate=  0.001ms frontier=  0.000ms semisort=  0.002ms (keyed= 0.000ms group_by=  0.000ms per_group= 0.001ms)
[pe] round=1851 work=        1 frontier=        2 next=        1 consolidate=  0.001ms frontier=  0.000ms semisort=  0.002ms (keyed= 0.000ms group_by=  0.000ms per_group= 0.001ms)
[pe] round=1852 work=        1 frontier=        2 next=        1 consolidate=  0.001ms frontier=  0.000ms semisort=  0.002ms (keyed= 0.000ms group_by=  0.000ms per_group= 0.001ms)
[pe] round=1853 work=        1 frontier=        2 next=        1 consolidate=  0.002ms frontier=  0.000ms semisort=  0.002ms (keyed= 0.000ms group_by=  0.000ms per_group= 0.001ms)
[pe] round=1854 work=        1 frontier=        2 next=        1 consolidate=  0.001ms frontier=  0.000ms semisort=  0.002ms (keyed= 0.000ms group_by=  0.000ms per_group= 0.001ms)
[pe] round=1855 work=        1 frontier=        2 next=        1 consolidate=  0.002ms frontier=  0.000ms semisort=  0.002ms (keyed= 0.000ms group_by=  0.000ms per_group= 0.001ms)
[pe] round=1856 work=        1 frontier=        2 next=        1 consolidate=  0.001ms frontier=  0.000ms semisort=  0.002ms (keyed= 0.000ms group_by=  0.000ms per_group= 0.001ms)
[pe] round=1857 work=        1 frontier=        2 next=        1 consolidate=  0.002ms frontier=  0.000ms semisort=  0.002ms (keyed= 0.000ms group_by=  0.000ms per_group= 0.001ms)
[pe] round=1858 work=        1 frontier=        2 next=        1 consolidate=  0.001ms frontier=  0.000ms semisort=  0.002ms (keyed= 0.000ms group_by=  0.000ms per_group= 0.001ms)
[pe] round=1859 work=        1 frontier=        2 next=        1 consolidate=  0.002ms frontier=  0.000ms semisort=  0.002ms (keyed= 0.000ms group_by=  0.000ms per_group= 0.001ms)
[pe] round=1860 work=        1 frontier=        2 next=        1 consolidate=  0.001ms frontier=  0.000ms semisort=  0.002ms (keyed= 0.000ms group_by=  0.000ms per_group= 0.001ms)
[pe] round=1861 work=        1 frontier=        2 next=        1 consolidate=  0.001ms frontier=  0.000ms semisort=  0.002ms (keyed= 0.000ms group_by=  0.000ms per_group= 0.001ms)
[pe] round=1862 work=        1 frontier=        2 next=        1 consolidate=  0.001ms frontier=  0.000ms semisort=  0.002ms (keyed= 0.000ms group_by=  0.000ms per_group= 0.001ms)
[pe] round=1863 work=        1 frontier=        2 next=        1 consolidate=  0.002ms frontier=  0.000ms semisort=  0.002ms (keyed= 0.000ms group_by=  0.000ms per_group= 0.001ms)
[pe] round=1864 work=        1 frontier=        2 next=        1 consolidate=  0.001ms frontier=  0.000ms semisort=  0.002ms (keyed= 0.000ms group_by=  0.000ms per_group= 0.001ms)
[pe] round=1865 work=        1 frontier=        2 next=        1 consolidate=  0.002ms frontier=  0.000ms semisort=  0.002ms (keyed= 0.000ms group_by=  0.000ms per_group= 0.001ms)
[pe] round=1866 work=        1 frontier=        2 next=        1 consolidate=  0.001ms frontier=  0.000ms semisort=  0.002ms (keyed= 0.000ms group_by=  0.000ms per_group= 0.001ms)
[pe] round=1867 work=        1 frontier=        2 next=        1 consolidate=  0.002ms frontier=  0.000ms semisort=  0.002ms (keyed= 0.000ms group_by=  0.000ms per_group= 0.001ms)
[pe] round=1868 work=        1 frontier=        2 next=        1 consolidate=  0.001ms frontier=  0.000ms semisort=  0.002ms (keyed= 0.000ms group_by=  0.000ms per_group= 0.001ms)
[pe] round=1869 work=        1 frontier=        2 next=        1 consolidate=  0.002ms frontier=  0.000ms semisort=  0.002ms (keyed= 0.000ms group_by=  0.000ms per_group= 0.001ms)
[pe] round=1870 work=        1 frontier=        2 next=        1 consolidate=  0.001ms frontier=  0.000ms semisort=  0.002ms (keyed= 0.000ms group_by=  0.000ms per_group= 0.001ms)
[pe] round=1871 work=        1 frontier=        2 next=        1 consolidate=  0.001ms frontier=  0.000ms semisort=  0.002ms (keyed= 0.000ms group_by=  0.000ms per_group= 0.001ms)
[pe] round=1872 work=        1 frontier=        2 next=        1 consolidate=  0.001ms frontier=  0.000ms semisort=  0.002ms (keyed= 0.000ms group_by=  0.000ms per_group= 0.001ms)
[pe] round=1873 work=        1 frontier=        2 next=        1 consolidate=  0.002ms frontier=  0.000ms semisort=  0.002ms (keyed= 0.000ms group_by=  0.000ms per_group= 0.001ms)
[pe] round=1874 work=        1 frontier=        2 next=        1 consolidate=  0.001ms frontier=  0.000ms semisort=  0.002ms (keyed= 0.000ms group_by=  0.000ms per_group= 0.001ms)
[pe] round=1875 work=        1 frontier=        2 next=        1 consolidate=  0.002ms frontier=  0.000ms semisort=  0.002ms (keyed= 0.000ms group_by=  0.000ms per_group= 0.001ms)
[pe] round=1876 work=        1 frontier=        2 next=        1 consolidate=  0.001ms frontier=  0.000ms semisort=  0.002ms (keyed= 0.000ms group_by=  0.000ms per_group= 0.001ms)
[pe] round=1877 work=        1 frontier=        2 next=        1 consolidate=  0.002ms frontier=  0.000ms semisort=  0.002ms (keyed= 0.000ms group_by=  0.000ms per_group= 0.001ms)
[pe] round=1878 work=        1 frontier=        2 next=        1 consolidate=  0.001ms frontier=  0.000ms semisort=  0.002ms (keyed= 0.000ms group_by=  0.000ms per_group= 0.001ms)
[pe] round=1879 work=        1 frontier=        2 next=        1 consolidate=  0.002ms frontier=  0.000ms semisort=  0.002ms (keyed= 0.000ms group_by=  0.000ms per_group= 0.001ms)
[pe] round=1880 work=        1 frontier=        2 next=        1 consolidate=  0.001ms frontier=  0.000ms semisort=  0.002ms (keyed= 0.000ms group_by=  0.000ms per_group= 0.001ms)
[pe] round=1881 work=        1 frontier=        2 next=        1 consolidate=  0.001ms frontier=  0.000ms semisort=  0.002ms (keyed= 0.000ms group_by=  0.000ms per_group= 0.001ms)
[pe] round=1882 work=        1 frontier=        2 next=        1 consolidate=  0.001ms frontier=  0.000ms semisort=  0.002ms (keyed= 0.000ms group_by=  0.000ms per_group= 0.001ms)
[pe] round=1883 work=        1 frontier=        2 next=        1 consolidate=  0.002ms frontier=  0.000ms semisort=  0.002ms (keyed= 0.000ms group_by=  0.000ms per_group= 0.001ms)
[pe] round=1884 work=        1 frontier=        2 next=        1 consolidate=  0.001ms frontier=  0.000ms semisort=  0.002ms (keyed= 0.000ms group_by=  0.000ms per_group= 0.001ms)
[pe] round=1885 work=        1 frontier=        2 next=        1 consolidate=  0.002ms frontier=  0.000ms semisort=  0.002ms (keyed= 0.000ms group_by=  0.000ms per_group= 0.001ms)
[pe] round=1886 work=        1 frontier=        2 next=        1 consolidate=  0.001ms frontier=  0.000ms semisort=  0.002ms (keyed= 0.000ms group_by=  0.000ms per_group= 0.001ms)
[pe] round=1887 work=        1 frontier=        2 next=        1 consolidate=  0.002ms frontier=  0.000ms semisort=  0.002ms (keyed= 0.000ms group_by=  0.000ms per_group= 0.001ms)
[pe] round=1888 work=        1 frontier=        2 next=        1 consolidate=  0.001ms frontier=  0.000ms semisort=  0.002ms (keyed= 0.000ms group_by=  0.000ms per_group= 0.001ms)
[pe] round=1889 work=        1 frontier=        2 next=        1 consolidate=  0.002ms frontier=  0.000ms semisort=  0.002ms (keyed= 0.000ms group_by=  0.000ms per_group= 0.001ms)
[pe] round=1890 work=        1 frontier=        2 next=        1 consolidate=  0.001ms frontier=  0.000ms semisort=  0.002ms (keyed= 0.000ms group_by=  0.000ms per_group= 0.001ms)
[pe] round=1891 work=        1 frontier=        2 next=        1 consolidate=  0.002ms frontier=  0.000ms semisort=  0.002ms (keyed= 0.000ms group_by=  0.000ms per_group= 0.001ms)
[pe] round=1892 work=        1 frontier=        2 next=        1 consolidate=  0.001ms frontier=  0.000ms semisort=  0.002ms (keyed= 0.000ms group_by=  0.000ms per_group= 0.001ms)
[pe] round=1893 work=        1 frontier=        2 next=        1 consolidate=  0.002ms frontier=  0.000ms semisort=  0.002ms (keyed= 0.000ms group_by=  0.000ms per_group= 0.001ms)
[pe] round=1894 work=        1 frontier=        2 next=        1 consolidate=  0.001ms frontier=  0.000ms semisort=  0.002ms (keyed= 0.000ms group_by=  0.000ms per_group= 0.001ms)
[pe] round=1895 work=        1 frontier=        2 next=        1 consolidate=  0.002ms frontier=  0.000ms semisort=  0.002ms (keyed= 0.000ms group_by=  0.000ms per_group= 0.001ms)
[pe] round=1896 work=        1 frontier=        2 next=        1 consolidate=  0.001ms frontier=  0.000ms semisort=  0.002ms (keyed= 0.000ms group_by=  0.000ms per_group= 0.001ms)
[pe] round=1897 work=        1 frontier=        2 next=        1 consolidate=  0.001ms frontier=  0.000ms semisort=  0.002ms (keyed= 0.000ms group_by=  0.000ms per_group= 0.001ms)
[pe] round=1898 work=        1 frontier=        2 next=        1 consolidate=  0.001ms frontier=  0.000ms semisort=  0.002ms (keyed= 0.000ms group_by=  0.000ms per_group= 0.001ms)
[pe] round=1899 work=        1 frontier=        2 next=        1 consolidate=  0.002ms frontier=  0.000ms semisort=  0.002ms (keyed= 0.000ms group_by=  0.000ms per_group= 0.001ms)
[pe] round=1900 work=        1 frontier=        2 next=        1 consolidate=  0.001ms frontier=  0.000ms semisort=  0.002ms (keyed= 0.000ms group_by=  0.000ms per_group= 0.001ms)
[pe] round=1901 work=        1 frontier=        2 next=        1 consolidate=  0.002ms frontier=  0.000ms semisort=  0.002ms (keyed= 0.000ms group_by=  0.000ms per_group= 0.001ms)
[pe] round=1902 work=        1 frontier=        2 next=        1 consolidate=  0.001ms frontier=  0.000ms semisort=  0.002ms (keyed= 0.000ms group_by=  0.000ms per_group= 0.001ms)
[pe] round=1903 work=        1 frontier=        2 next=        1 consolidate=  0.002ms frontier=  0.000ms semisort=  0.002ms (keyed= 0.000ms group_by=  0.000ms per_group= 0.001ms)
[pe] round=1904 work=        1 frontier=        2 next=        1 consolidate=  0.001ms frontier=  0.000ms semisort=  0.002ms (keyed= 0.000ms group_by=  0.000ms per_group= 0.001ms)
[pe] round=1905 work=        1 frontier=        2 next=        1 consolidate=  0.002ms frontier=  0.000ms semisort=  0.002ms (keyed= 0.000ms group_by=  0.000ms per_group= 0.001ms)
[pe] round=1906 work=        1 frontier=        2 next=        1 consolidate=  0.001ms frontier=  0.000ms semisort=  0.002ms (keyed= 0.000ms group_by=  0.000ms per_group= 0.001ms)
[pe] round=1907 work=        1 frontier=        2 next=        1 consolidate=  0.001ms frontier=  0.000ms semisort=  0.002ms (keyed= 0.000ms group_by=  0.000ms per_group= 0.001ms)
[pe] round=1908 work=        1 frontier=        2 next=        1 consolidate=  0.001ms frontier=  0.000ms semisort=  0.002ms (keyed= 0.000ms group_by=  0.000ms per_group= 0.001ms)
[pe] round=1909 work=        1 frontier=        2 next=        1 consolidate=  0.002ms frontier=  0.000ms semisort=  0.002ms (keyed= 0.000ms group_by=  0.000ms per_group= 0.001ms)
[pe] round=1910 work=        1 frontier=        2 next=        1 consolidate=  0.001ms frontier=  0.000ms semisort=  0.002ms (keyed= 0.000ms group_by=  0.000ms per_group= 0.001ms)
[pe] round=1911 work=        1 frontier=        2 next=        1 consolidate=  0.002ms frontier=  0.000ms semisort=  0.002ms (keyed= 0.000ms group_by=  0.000ms per_group= 0.001ms)
[pe] round=1912 work=        1 frontier=        2 next=        1 consolidate=  0.001ms frontier=  0.000ms semisort=  0.002ms (keyed= 0.000ms group_by=  0.000ms per_group= 0.001ms)
[pe] round=1913 work=        1 frontier=        2 next=        1 consolidate=  0.002ms frontier=  0.000ms semisort=  0.002ms (keyed= 0.000ms group_by=  0.000ms per_group= 0.001ms)
[pe] round=1914 work=        1 frontier=        2 next=        1 consolidate=  0.001ms frontier=  0.000ms semisort=  0.002ms (keyed= 0.000ms group_by=  0.000ms per_group= 0.001ms)
[pe] round=1915 work=        1 frontier=        2 next=        1 consolidate=  0.002ms frontier=  0.000ms semisort=  0.002ms (keyed= 0.000ms group_by=  0.000ms per_group= 0.001ms)
[pe] round=1916 work=        1 frontier=        2 next=        1 consolidate=  0.001ms frontier=  0.000ms semisort=  0.002ms (keyed= 0.000ms group_by=  0.000ms per_group= 0.001ms)
[pe] round=1917 work=        1 frontier=        2 next=        1 consolidate=  0.001ms frontier=  0.000ms semisort=  0.002ms (keyed= 0.000ms group_by=  0.000ms per_group= 0.001ms)
[pe] round=1918 work=        1 frontier=        2 next=        1 consolidate=  0.001ms frontier=  0.000ms semisort=  0.002ms (keyed= 0.000ms group_by=  0.000ms per_group= 0.001ms)
[pe] round=1919 work=        1 frontier=        2 next=        1 consolidate=  0.002ms frontier=  0.000ms semisort=  0.002ms (keyed= 0.000ms group_by=  0.000ms per_group= 0.001ms)
[pe] round=1920 work=        1 frontier=        2 next=        1 consolidate=  0.001ms frontier=  0.000ms semisort=  0.002ms (keyed= 0.000ms group_by=  0.000ms per_group= 0.001ms)
[pe] round=1921 work=        1 frontier=        2 next=        1 consolidate=  0.002ms frontier=  0.000ms semisort=  0.002ms (keyed= 0.000ms group_by=  0.000ms per_group= 0.001ms)
[pe] round=1922 work=        1 frontier=        2 next=        1 consolidate=  0.001ms frontier=  0.000ms semisort=  0.002ms (keyed= 0.000ms group_by=  0.000ms per_group= 0.001ms)
[pe] round=1923 work=        1 frontier=        2 next=        1 consolidate=  0.002ms frontier=  0.000ms semisort=  0.002ms (keyed= 0.000ms group_by=  0.000ms per_group= 0.001ms)
[pe] round=1924 work=        1 frontier=        2 next=        1 consolidate=  0.001ms frontier=  0.000ms semisort=  0.002ms (keyed= 0.000ms group_by=  0.000ms per_group= 0.001ms)
[pe] round=1925 work=        1 frontier=        2 next=        1 consolidate=  0.002ms frontier=  0.000ms semisort=  0.002ms (keyed= 0.000ms group_by=  0.000ms per_group= 0.001ms)
[pe] round=1926 work=        1 frontier=        2 next=        1 consolidate=  0.001ms frontier=  0.000ms semisort=  0.002ms (keyed= 0.000ms group_by=  0.000ms per_group= 0.001ms)
[pe] round=1927 work=        1 frontier=        2 next=        1 consolidate=  0.001ms frontier=  0.000ms semisort=  0.002ms (keyed= 0.000ms group_by=  0.000ms per_group= 0.001ms)
[pe] round=1928 work=        1 frontier=        2 next=        1 consolidate=  0.001ms frontier=  0.000ms semisort=  0.002ms (keyed= 0.000ms group_by=  0.000ms per_group= 0.001ms)
[pe] round=1929 work=        1 frontier=        2 next=        1 consolidate=  0.002ms frontier=  0.000ms semisort=  0.002ms (keyed= 0.000ms group_by=  0.000ms per_group= 0.001ms)
[pe] round=1930 work=        1 frontier=        2 next=        1 consolidate=  0.001ms frontier=  0.000ms semisort=  0.002ms (keyed= 0.000ms group_by=  0.000ms per_group= 0.001ms)
[pe] round=1931 work=        1 frontier=        2 next=        1 consolidate=  0.002ms frontier=  0.000ms semisort=  0.002ms (keyed= 0.000ms group_by=  0.000ms per_group= 0.001ms)
[pe] round=1932 work=        1 frontier=        2 next=        1 consolidate=  0.001ms frontier=  0.000ms semisort=  0.002ms (keyed= 0.000ms group_by=  0.000ms per_group= 0.001ms)
[pe] round=1933 work=        1 frontier=        2 next=        1 consolidate=  0.002ms frontier=  0.000ms semisort=  0.002ms (keyed= 0.000ms group_by=  0.000ms per_group= 0.001ms)
[pe] round=1934 work=        1 frontier=        2 next=        1 consolidate=  0.001ms frontier=  0.000ms semisort=  0.002ms (keyed= 0.000ms group_by=  0.000ms per_group= 0.001ms)
[pe] round=1935 work=        1 frontier=        2 next=        1 consolidate=  0.002ms frontier=  0.000ms semisort=  0.002ms (keyed= 0.000ms group_by=  0.000ms per_group= 0.001ms)
[pe] round=1936 work=        1 frontier=        2 next=        1 consolidate=  0.001ms frontier=  0.000ms semisort=  0.002ms (keyed= 0.000ms group_by=  0.000ms per_group= 0.001ms)
[pe] round=1937 work=        1 frontier=        2 next=        1 consolidate=  0.001ms frontier=  0.000ms semisort=  0.002ms (keyed= 0.000ms group_by=  0.000ms per_group= 0.001ms)
[pe] round=1938 work=        1 frontier=        2 next=        1 consolidate=  0.001ms frontier=  0.000ms semisort=  0.002ms (keyed= 0.000ms group_by=  0.000ms per_group= 0.001ms)
[pe] round=1939 work=        1 frontier=        2 next=        1 consolidate=  0.002ms frontier=  0.000ms semisort=  0.002ms (keyed= 0.000ms group_by=  0.000ms per_group= 0.001ms)
[pe] round=1940 work=        1 frontier=        2 next=        1 consolidate=  0.001ms frontier=  0.000ms semisort=  0.002ms (keyed= 0.000ms group_by=  0.000ms per_group= 0.001ms)
[pe] round=1941 work=        1 frontier=        2 next=        1 consolidate=  0.002ms frontier=  0.000ms semisort=  0.002ms (keyed= 0.000ms group_by=  0.000ms per_group= 0.001ms)
[pe] round=1942 work=        1 frontier=        2 next=        1 consolidate=  0.001ms frontier=  0.000ms semisort=  0.002ms (keyed= 0.000ms group_by=  0.000ms per_group= 0.001ms)
[pe] round=1943 work=        1 frontier=        2 next=        1 consolidate=  0.002ms frontier=  0.000ms semisort=  0.002ms (keyed= 0.000ms group_by=  0.000ms per_group= 0.001ms)
[pe] round=1944 work=        1 frontier=        2 next=        1 consolidate=  0.001ms frontier=  0.000ms semisort=  0.002ms (keyed= 0.000ms group_by=  0.000ms per_group= 0.001ms)
[pe] round=1945 work=        1 frontier=        2 next=        1 consolidate=  0.002ms frontier=  0.000ms semisort=  0.002ms (keyed= 0.000ms group_by=  0.000ms per_group= 0.001ms)
[pe] round=1946 work=        1 frontier=        2 next=        1 consolidate=  0.001ms frontier=  0.000ms semisort=  0.002ms (keyed= 0.000ms group_by=  0.000ms per_group= 0.001ms)
[pe] round=1947 work=        1 frontier=        2 next=        1 consolidate=  0.001ms frontier=  0.000ms semisort=  0.002ms (keyed= 0.000ms group_by=  0.000ms per_group= 0.001ms)
[pe] round=1948 work=        1 frontier=        2 next=        1 consolidate=  0.001ms frontier=  0.000ms semisort=  0.002ms (keyed= 0.000ms group_by=  0.000ms per_group= 0.001ms)
[pe] round=1949 work=        1 frontier=        2 next=        1 consolidate=  0.002ms frontier=  0.000ms semisort=  0.002ms (keyed= 0.000ms group_by=  0.000ms per_group= 0.001ms)
[pe] round=1950 work=        1 frontier=        2 next=        1 consolidate=  0.001ms frontier=  0.000ms semisort=  0.002ms (keyed= 0.000ms group_by=  0.000ms per_group= 0.001ms)
[pe] round=1951 work=        1 frontier=        2 next=        1 consolidate=  0.002ms frontier=  0.000ms semisort=  0.002ms (keyed= 0.000ms group_by=  0.000ms per_group= 0.001ms)
[pe] round=1952 work=        1 frontier=        2 next=        1 consolidate=  0.001ms frontier=  0.000ms semisort=  0.002ms (keyed= 0.000ms group_by=  0.000ms per_group= 0.001ms)
[pe] round=1953 work=        1 frontier=        2 next=        1 consolidate=  0.001ms frontier=  0.000ms semisort=  0.002ms (keyed= 0.000ms group_by=  0.000ms per_group= 0.001ms)
[pe] round=1954 work=        1 frontier=        2 next=        1 consolidate=  0.001ms frontier=  0.000ms semisort=  0.002ms (keyed= 0.000ms group_by=  0.000ms per_group= 0.001ms)
[pe] round=1955 work=        1 frontier=        2 next=        1 consolidate=  0.004ms frontier=  0.000ms semisort=  0.002ms (keyed= 0.000ms group_by=  0.000ms per_group= 0.001ms)
[pe] round=1956 work=        1 frontier=        2 next=        1 consolidate=  0.001ms frontier=  0.000ms semisort=  0.002ms (keyed= 0.000ms group_by=  0.000ms per_group= 0.001ms)
[pe] round=1957 work=        1 frontier=        2 next=        1 consolidate=  0.002ms frontier=  0.000ms semisort=  0.002ms (keyed= 0.000ms group_by=  0.000ms per_group= 0.001ms)
[pe] round=1958 work=        1 frontier=        2 next=        1 consolidate=  0.001ms frontier=  0.000ms semisort=  0.002ms (keyed= 0.000ms group_by=  0.000ms per_group= 0.001ms)
[pe] round=1959 work=        1 frontier=        2 next=        1 consolidate=  0.001ms frontier=  0.000ms semisort=  0.002ms (keyed= 0.000ms group_by=  0.000ms per_group= 0.001ms)
[pe] round=1960 work=        1 frontier=        2 next=        1 consolidate=  0.001ms frontier=  0.000ms semisort=  0.002ms (keyed= 0.000ms group_by=  0.000ms per_group= 0.001ms)
[pe] round=1961 work=        1 frontier=        2 next=        1 consolidate=  0.002ms frontier=  0.000ms semisort=  0.002ms (keyed= 0.000ms group_by=  0.000ms per_group= 0.001ms)
[pe] round=1962 work=        1 frontier=        2 next=        1 consolidate=  0.001ms frontier=  0.000ms semisort=  0.002ms (keyed= 0.000ms group_by=  0.000ms per_group= 0.001ms)
[pe] round=1963 work=        1 frontier=        2 next=        1 consolidate=  0.002ms frontier=  0.000ms semisort=  0.002ms (keyed= 0.000ms group_by=  0.000ms per_group= 0.001ms)
[pe] round=1964 work=        1 frontier=        2 next=        1 consolidate=  0.001ms frontier=  0.000ms semisort=  0.002ms (keyed= 0.000ms group_by=  0.000ms per_group= 0.001ms)
[pe] round=1965 work=        1 frontier=        2 next=        1 consolidate=  0.002ms frontier=  0.000ms semisort=  0.002ms (keyed= 0.000ms group_by=  0.000ms per_group= 0.001ms)
[pe] round=1966 work=        1 frontier=        2 next=        1 consolidate=  0.001ms frontier=  0.000ms semisort=  0.002ms (keyed= 0.000ms group_by=  0.000ms per_group= 0.001ms)
[pe] round=1967 work=        1 frontier=        2 next=        1 consolidate=  0.002ms frontier=  0.000ms semisort=  0.002ms (keyed= 0.000ms group_by=  0.000ms per_group= 0.001ms)
[pe] round=1968 work=        1 frontier=        2 next=        1 consolidate=  0.001ms frontier=  0.000ms semisort=  0.002ms (keyed= 0.000ms group_by=  0.000ms per_group= 0.001ms)
[pe] round=1969 work=        1 frontier=        2 next=        1 consolidate=  0.001ms frontier=  0.000ms semisort=  0.002ms (keyed= 0.000ms group_by=  0.000ms per_group= 0.001ms)
[pe] round=1970 work=        1 frontier=        2 next=        1 consolidate=  0.001ms frontier=  0.000ms semisort=  0.002ms (keyed= 0.000ms group_by=  0.000ms per_group= 0.001ms)
[pe] round=1971 work=        1 frontier=        2 next=        1 consolidate=  0.002ms frontier=  0.000ms semisort=  0.002ms (keyed= 0.000ms group_by=  0.000ms per_group= 0.001ms)
[pe] round=1972 work=        1 frontier=        2 next=        1 consolidate=  0.001ms frontier=  0.000ms semisort=  0.002ms (keyed= 0.000ms group_by=  0.000ms per_group= 0.001ms)
[pe] round=1973 work=        1 frontier=        2 next=        1 consolidate=  0.002ms frontier=  0.000ms semisort=  0.002ms (keyed= 0.000ms group_by=  0.000ms per_group= 0.001ms)
[pe] round=1974 work=        1 frontier=        2 next=        1 consolidate=  0.001ms frontier=  0.000ms semisort=  0.002ms (keyed= 0.000ms group_by=  0.000ms per_group= 0.001ms)
[pe] round=1975 work=        1 frontier=        2 next=        1 consolidate=  0.002ms frontier=  0.000ms semisort=  0.002ms (keyed= 0.000ms group_by=  0.000ms per_group= 0.001ms)
[pe] round=1976 work=        1 frontier=        2 next=        1 consolidate=  0.001ms frontier=  0.000ms semisort=  0.002ms (keyed= 0.000ms group_by=  0.000ms per_group= 0.001ms)
[pe] round=1977 work=        1 frontier=        2 next=        1 consolidate=  0.002ms frontier=  0.000ms semisort=  0.002ms (keyed= 0.000ms group_by=  0.000ms per_group= 0.001ms)
[pe] round=1978 work=        1 frontier=        2 next=        1 consolidate=  0.001ms frontier=  0.000ms semisort=  0.002ms (keyed= 0.000ms group_by=  0.000ms per_group= 0.001ms)
[pe] round=1979 work=        1 frontier=        2 next=        1 consolidate=  0.001ms frontier=  0.000ms semisort=  0.002ms (keyed= 0.000ms group_by=  0.000ms per_group= 0.001ms)
[pe] round=1980 work=        1 frontier=        2 next=        1 consolidate=  0.001ms frontier=  0.000ms semisort=  0.002ms (keyed= 0.000ms group_by=  0.000ms per_group= 0.001ms)
[pe] round=1981 work=        1 frontier=        2 next=        1 consolidate=  0.002ms frontier=  0.000ms semisort=  0.002ms (keyed= 0.000ms group_by=  0.000ms per_group= 0.001ms)
[pe] round=1982 work=        1 frontier=        2 next=        1 consolidate=  0.001ms frontier=  0.000ms semisort=  0.002ms (keyed= 0.000ms group_by=  0.000ms per_group= 0.001ms)
[pe] round=1983 work=        1 frontier=        2 next=        1 consolidate=  0.002ms frontier=  0.000ms semisort=  0.002ms (keyed= 0.000ms group_by=  0.000ms per_group= 0.001ms)
[pe] round=1984 work=        1 frontier=        2 next=        1 consolidate=  0.001ms frontier=  0.000ms semisort=  0.002ms (keyed= 0.000ms group_by=  0.000ms per_group= 0.001ms)
[pe] round=1985 work=        1 frontier=        2 next=        1 consolidate=  0.002ms frontier=  0.000ms semisort=  0.002ms (keyed= 0.000ms group_by=  0.000ms per_group= 0.001ms)
[pe] round=1986 work=        1 frontier=        2 next=        1 consolidate=  0.001ms frontier=  0.000ms semisort=  0.002ms (keyed= 0.000ms group_by=  0.000ms per_group= 0.001ms)
[pe] round=1987 work=        1 frontier=        2 next=        1 consolidate=  0.002ms frontier=  0.000ms semisort=  0.002ms (keyed= 0.000ms group_by=  0.000ms per_group= 0.001ms)
[pe] round=1988 work=        1 frontier=        2 next=        1 consolidate=  0.001ms frontier=  0.000ms semisort=  0.002ms (keyed= 0.000ms group_by=  0.000ms per_group= 0.001ms)
[pe] round=1989 work=        1 frontier=        2 next=        1 consolidate=  0.001ms frontier=  0.000ms semisort=  0.002ms (keyed= 0.000ms group_by=  0.000ms per_group= 0.001ms)
[pe] round=1990 work=        1 frontier=        2 next=        1 consolidate=  0.001ms frontier=  0.000ms semisort=  0.002ms (keyed= 0.000ms group_by=  0.000ms per_group= 0.001ms)
[pe] round=1991 work=        1 frontier=        2 next=        1 consolidate=  0.002ms frontier=  0.000ms semisort=  0.002ms (keyed= 0.000ms group_by=  0.000ms per_group= 0.001ms)
[pe] round=1992 work=        1 frontier=        2 next=        1 consolidate=  0.001ms frontier=  0.000ms semisort=  0.002ms (keyed= 0.000ms group_by=  0.000ms per_group= 0.001ms)
[pe] round=1993 work=        1 frontier=        2 next=        1 consolidate=  0.002ms frontier=  0.000ms semisort=  0.002ms (keyed= 0.000ms group_by=  0.000ms per_group= 0.001ms)
[pe] round=1994 work=        1 frontier=        2 next=        1 consolidate=  0.001ms frontier=  0.000ms semisort=  0.002ms (keyed= 0.000ms group_by=  0.000ms per_group= 0.001ms)
[pe] round=1995 work=        1 frontier=        2 next=        1 consolidate=  0.002ms frontier=  0.000ms semisort=  0.002ms (keyed= 0.000ms group_by=  0.000ms per_group= 0.001ms)
[pe] round=1996 work=        1 frontier=        2 next=        1 consolidate=  0.001ms frontier=  0.000ms semisort=  0.002ms (keyed= 0.000ms group_by=  0.000ms per_group= 0.001ms)
[pe] round=1997 work=        1 frontier=        2 next=        1 consolidate=  0.002ms frontier=  0.000ms semisort=  0.002ms (keyed= 0.000ms group_by=  0.000ms per_group= 0.001ms)
[pe] round=1998 work=        1 frontier=        2 next=        1 consolidate=  0.001ms frontier=  0.000ms semisort=  0.002ms (keyed= 0.000ms group_by=  0.000ms per_group= 0.001ms)
[pe] round=1999 work=        1 frontier=        2 next=        1 consolidate=  0.001ms frontier=  0.000ms semisort=  0.002ms (keyed= 0.000ms group_by=  0.000ms per_group= 0.001ms)
[pe] round=2000 work=        1 frontier=        2 next=        1 consolidate=  0.001ms frontier=  0.000ms semisort=  0.002ms (keyed= 0.000ms group_by=  0.000ms per_group= 0.001ms)
[pe] round=2001 work=        1 frontier=        2 next=        1 consolidate=  0.002ms frontier=  0.000ms semisort=  0.002ms (keyed= 0.000ms group_by=  0.000ms per_group= 0.001ms)
[pe] round=2002 work=        1 frontier=        2 next=        1 consolidate=  0.001ms frontier=  0.000ms semisort=  0.002ms (keyed= 0.000ms group_by=  0.000ms per_group= 0.001ms)
[pe] round=2003 work=        1 frontier=        2 next=        1 consolidate=  0.002ms frontier=  0.000ms semisort=  0.002ms (keyed= 0.000ms group_by=  0.000ms per_group= 0.001ms)
[pe] round=2004 work=        1 frontier=        2 next=        1 consolidate=  0.001ms frontier=  0.000ms semisort=  0.002ms (keyed= 0.000ms group_by=  0.000ms per_group= 0.001ms)
[pe] round=2005 work=        1 frontier=        2 next=        1 consolidate=  0.002ms frontier=  0.000ms semisort=  0.002ms (keyed= 0.000ms group_by=  0.000ms per_group= 0.001ms)
[pe] round=2006 work=        1 frontier=        2 next=        1 consolidate=  0.001ms frontier=  0.000ms semisort=  0.002ms (keyed= 0.000ms group_by=  0.000ms per_group= 0.001ms)
[pe] round=2007 work=        1 frontier=        2 next=        1 consolidate=  0.002ms frontier=  0.000ms semisort=  0.002ms (keyed= 0.000ms group_by=  0.000ms per_group= 0.001ms)
[pe] round=2008 work=        1 frontier=        2 next=        1 consolidate=  0.001ms frontier=  0.000ms semisort=  0.002ms (keyed= 0.000ms group_by=  0.000ms per_group= 0.001ms)
[pe] round=2009 work=        1 frontier=        2 next=        1 consolidate=  0.001ms frontier=  0.000ms semisort=  0.002ms (keyed= 0.000ms group_by=  0.000ms per_group= 0.001ms)
[pe] round=2010 work=        1 frontier=        2 next=        1 consolidate=  0.001ms frontier=  0.000ms semisort=  0.002ms (keyed= 0.000ms group_by=  0.000ms per_group= 0.001ms)
[pe] round=2011 work=        1 frontier=        2 next=        1 consolidate=  0.002ms frontier=  0.000ms semisort=  0.002ms (keyed= 0.000ms group_by=  0.000ms per_group= 0.001ms)
[pe] round=2012 work=        1 frontier=        2 next=        1 consolidate=  0.001ms frontier=  0.000ms semisort=  0.002ms (keyed= 0.000ms group_by=  0.000ms per_group= 0.001ms)
[pe] round=2013 work=        1 frontier=        2 next=        1 consolidate=  0.002ms frontier=  0.000ms semisort=  0.002ms (keyed= 0.000ms group_by=  0.000ms per_group= 0.001ms)
[pe] round=2014 work=        1 frontier=        2 next=        1 consolidate=  0.001ms frontier=  0.000ms semisort=  0.002ms (keyed= 0.000ms group_by=  0.000ms per_group= 0.001ms)
[pe] round=2015 work=        1 frontier=        2 next=        1 consolidate=  0.002ms frontier=  0.000ms semisort=  0.002ms (keyed= 0.000ms group_by=  0.000ms per_group= 0.001ms)
[pe] round=2016 work=        1 frontier=        2 next=        1 consolidate=  0.001ms frontier=  0.000ms semisort=  0.002ms (keyed= 0.000ms group_by=  0.000ms per_group= 0.001ms)
[pe] round=2017 work=        1 frontier=        2 next=        1 consolidate=  0.002ms frontier=  0.000ms semisort=  0.002ms (keyed= 0.000ms group_by=  0.000ms per_group= 0.001ms)
[pe] round=2018 work=        1 frontier=        2 next=        1 consolidate=  0.001ms frontier=  0.000ms semisort=  0.002ms (keyed= 0.000ms group_by=  0.000ms per_group= 0.001ms)
[pe] round=2019 work=        1 frontier=        2 next=        1 consolidate=  0.001ms frontier=  0.000ms semisort=  0.002ms (keyed= 0.000ms group_by=  0.000ms per_group= 0.001ms)
[pe] round=2020 work=        1 frontier=        2 next=        1 consolidate=  0.001ms frontier=  0.000ms semisort=  0.002ms (keyed= 0.000ms group_by=  0.000ms per_group= 0.001ms)
[pe] round=2021 work=        1 frontier=        2 next=        1 consolidate=  0.002ms frontier=  0.000ms semisort=  0.002ms (keyed= 0.000ms group_by=  0.000ms per_group= 0.001ms)
[pe] round=2022 work=        1 frontier=        2 next=        1 consolidate=  0.001ms frontier=  0.000ms semisort=  0.002ms (keyed= 0.000ms group_by=  0.000ms per_group= 0.001ms)
[pe] round=2023 work=        1 frontier=        2 next=        1 consolidate=  0.002ms frontier=  0.000ms semisort=  0.002ms (keyed= 0.000ms group_by=  0.000ms per_group= 0.001ms)
[pe] round=2024 work=        1 frontier=        2 next=        1 consolidate=  0.001ms frontier=  0.000ms semisort=  0.002ms (keyed= 0.000ms group_by=  0.000ms per_group= 0.001ms)
[pe] round=2025 work=        1 frontier=        2 next=        1 consolidate=  0.002ms frontier=  0.000ms semisort=  0.002ms (keyed= 0.000ms group_by=  0.000ms per_group= 0.001ms)
[pe] round=2026 work=        1 frontier=        2 next=        1 consolidate=  0.001ms frontier=  0.000ms semisort=  0.002ms (keyed= 0.000ms group_by=  0.000ms per_group= 0.001ms)
[pe] round=2027 work=        1 frontier=        2 next=        1 consolidate=  0.002ms frontier=  0.000ms semisort=  0.002ms (keyed= 0.000ms group_by=  0.000ms per_group= 0.001ms)
[pe] round=2028 work=        1 frontier=        2 next=        1 consolidate=  0.001ms frontier=  0.000ms semisort=  0.002ms (keyed= 0.000ms group_by=  0.000ms per_group= 0.001ms)
[pe] round=2029 work=        1 frontier=        2 next=        1 consolidate=  0.001ms frontier=  0.000ms semisort=  0.002ms (keyed= 0.000ms group_by=  0.000ms per_group= 0.001ms)
[pe] round=2030 work=        1 frontier=        2 next=        1 consolidate=  0.001ms frontier=  0.000ms semisort=  0.002ms (keyed= 0.000ms group_by=  0.000ms per_group= 0.001ms)
[pe] round=2031 work=        1 frontier=        2 next=        1 consolidate=  0.002ms frontier=  0.000ms semisort=  0.002ms (keyed= 0.000ms group_by=  0.000ms per_group= 0.001ms)
[pe] round=2032 work=        1 frontier=        2 next=        1 consolidate=  0.001ms frontier=  0.000ms semisort=  0.002ms (keyed= 0.000ms group_by=  0.000ms per_group= 0.001ms)
[pe] round=2033 work=        1 frontier=        2 next=        1 consolidate=  0.002ms frontier=  0.000ms semisort=  0.002ms (keyed= 0.000ms group_by=  0.000ms per_group= 0.001ms)
[pe] round=2034 work=        1 frontier=        2 next=        1 consolidate=  0.001ms frontier=  0.000ms semisort=  0.002ms (keyed= 0.000ms group_by=  0.000ms per_group= 0.001ms)
[pe] round=2035 work=        1 frontier=        2 next=        1 consolidate=  0.002ms frontier=  0.000ms semisort=  0.002ms (keyed= 0.000ms group_by=  0.000ms per_group= 0.001ms)
[pe] round=2036 work=        1 frontier=        2 next=        1 consolidate=  0.001ms frontier=  0.000ms semisort=  0.002ms (keyed= 0.000ms group_by=  0.000ms per_group= 0.001ms)
[pe] round=2037 work=        1 frontier=        2 next=        1 consolidate=  0.002ms frontier=  0.000ms semisort=  0.002ms (keyed= 0.000ms group_by=  0.000ms per_group= 0.001ms)
[pe] round=2038 work=        1 frontier=        2 next=        1 consolidate=  0.001ms frontier=  0.000ms semisort=  0.002ms (keyed= 0.000ms group_by=  0.000ms per_group= 0.001ms)
[pe] round=2039 work=        1 frontier=        2 next=        1 consolidate=  0.001ms frontier=  0.000ms semisort=  0.002ms (keyed= 0.000ms group_by=  0.000ms per_group= 0.001ms)
[pe] round=2040 work=        1 frontier=        2 next=        1 consolidate=  0.001ms frontier=  0.000ms semisort=  0.002ms (keyed= 0.000ms group_by=  0.000ms per_group= 0.001ms)
[pe] round=2041 work=        1 frontier=        2 next=        1 consolidate=  0.002ms frontier=  0.000ms semisort=  0.002ms (keyed= 0.000ms group_by=  0.000ms per_group= 0.001ms)
[pe] round=2042 work=        1 frontier=        2 next=        1 consolidate=  0.001ms frontier=  0.000ms semisort=  0.002ms (keyed= 0.000ms group_by=  0.000ms per_group= 0.001ms)
[pe] round=2043 work=        1 frontier=        2 next=        1 consolidate=  0.002ms frontier=  0.000ms semisort=  0.002ms (keyed= 0.000ms group_by=  0.000ms per_group= 0.001ms)
[pe] round=2044 work=        1 frontier=        2 next=        1 consolidate=  0.001ms frontier=  0.000ms semisort=  0.002ms (keyed= 0.000ms group_by=  0.000ms per_group= 0.001ms)
[pe] round=2045 work=        1 frontier=        2 next=        1 consolidate=  0.002ms frontier=  0.000ms semisort=  0.002ms (keyed= 0.000ms group_by=  0.000ms per_group= 0.001ms)
[pe] round=2046 work=        1 frontier=        2 next=        1 consolidate=  0.001ms frontier=  0.000ms semisort=  0.002ms (keyed= 0.000ms group_by=  0.000ms per_group= 0.001ms)
[pe] round=2047 work=        1 frontier=        2 next=        1 consolidate=  0.002ms frontier=  0.000ms semisort=  0.002ms (keyed= 0.000ms group_by=  0.000ms per_group= 0.001ms)
[pe] round=2048 work=        1 frontier=        2 next=        1 consolidate=  0.001ms frontier=  0.000ms semisort=  0.002ms (keyed= 0.000ms group_by=  0.000ms per_group= 0.001ms)
[pe] round=2049 work=        1 frontier=        2 next=        1 consolidate=  0.001ms frontier=  0.000ms semisort=  0.002ms (keyed= 0.000ms group_by=  0.000ms per_group= 0.001ms)
[pe] round=2050 work=        1 frontier=        2 next=        1 consolidate=  0.001ms frontier=  0.000ms semisort=  0.002ms (keyed= 0.000ms group_by=  0.000ms per_group= 0.001ms)
[pe] round=2051 work=        1 frontier=        2 next=        1 consolidate=  0.002ms frontier=  0.000ms semisort=  0.002ms (keyed= 0.000ms group_by=  0.000ms per_group= 0.001ms)
[pe] round=2052 work=        1 frontier=        2 next=        1 consolidate=  0.001ms frontier=  0.000ms semisort=  0.002ms (keyed= 0.000ms group_by=  0.000ms per_group= 0.001ms)
[pe] round=2053 work=        1 frontier=        2 next=        1 consolidate=  0.002ms frontier=  0.000ms semisort=  0.002ms (keyed= 0.000ms group_by=  0.000ms per_group= 0.001ms)
[pe] round=2054 work=        1 frontier=        2 next=        1 consolidate=  0.001ms frontier=  0.000ms semisort=  0.002ms (keyed= 0.000ms group_by=  0.000ms per_group= 0.001ms)
[pe] round=2055 work=        1 frontier=        2 next=        1 consolidate=  0.002ms frontier=  0.000ms semisort=  0.002ms (keyed= 0.000ms group_by=  0.000ms per_group= 0.001ms)
[pe] round=2056 work=        1 frontier=        2 next=        1 consolidate=  0.001ms frontier=  0.000ms semisort=  0.002ms (keyed= 0.000ms group_by=  0.000ms per_group= 0.001ms)
[pe] round=2057 work=        1 frontier=        2 next=        1 consolidate=  0.002ms frontier=  0.000ms semisort=  0.002ms (keyed= 0.000ms group_by=  0.000ms per_group= 0.001ms)
[pe] round=2058 work=        1 frontier=        2 next=        1 consolidate=  0.001ms frontier=  0.000ms semisort=  0.002ms (keyed= 0.000ms group_by=  0.000ms per_group= 0.001ms)
[pe] round=2059 work=        1 frontier=        2 next=        1 consolidate=  0.001ms frontier=  0.000ms semisort=  0.002ms (keyed= 0.000ms group_by=  0.000ms per_group= 0.001ms)
[pe] round=2060 work=        1 frontier=        2 next=        1 consolidate=  0.001ms frontier=  0.000ms semisort=  0.002ms (keyed= 0.000ms group_by=  0.000ms per_group= 0.001ms)
[pe] round=2061 work=        1 frontier=        2 next=        1 consolidate=  0.002ms frontier=  0.000ms semisort=  0.002ms (keyed= 0.000ms group_by=  0.000ms per_group= 0.001ms)
[pe] round=2062 work=        1 frontier=        2 next=        1 consolidate=  0.001ms frontier=  0.000ms semisort=  0.002ms (keyed= 0.000ms group_by=  0.000ms per_group= 0.001ms)
[pe] round=2063 work=        1 frontier=        2 next=        1 consolidate=  0.002ms frontier=  0.000ms semisort=  0.002ms (keyed= 0.000ms group_by=  0.000ms per_group= 0.001ms)
[pe] round=2064 work=        1 frontier=        2 next=        1 consolidate=  0.001ms frontier=  0.000ms semisort=  0.002ms (keyed= 0.000ms group_by=  0.000ms per_group= 0.001ms)
[pe] round=2065 work=        1 frontier=        2 next=        1 consolidate=  0.002ms frontier=  0.000ms semisort=  0.002ms (keyed= 0.000ms group_by=  0.000ms per_group= 0.001ms)
[pe] round=2066 work=        1 frontier=        2 next=        1 consolidate=  0.001ms frontier=  0.000ms semisort=  0.002ms (keyed= 0.000ms group_by=  0.000ms per_group= 0.001ms)
[pe] round=2067 work=        1 frontier=        2 next=        1 consolidate=  0.002ms frontier=  0.000ms semisort=  0.002ms (keyed= 0.000ms group_by=  0.000ms per_group= 0.001ms)
[pe] round=2068 work=        1 frontier=        2 next=        1 consolidate=  0.001ms frontier=  0.000ms semisort=  0.002ms (keyed= 0.000ms group_by=  0.000ms per_group= 0.001ms)
[pe] round=2069 work=        1 frontier=        2 next=        1 consolidate=  0.001ms frontier=  0.000ms semisort=  0.002ms (keyed= 0.000ms group_by=  0.000ms per_group= 0.001ms)
[pe] round=2070 work=        1 frontier=        2 next=        1 consolidate=  0.001ms frontier=  0.000ms semisort=  0.002ms (keyed= 0.000ms group_by=  0.000ms per_group= 0.001ms)
[pe] round=2071 work=        1 frontier=        2 next=        1 consolidate=  0.002ms frontier=  0.000ms semisort=  0.002ms (keyed= 0.000ms group_by=  0.000ms per_group= 0.001ms)
[pe] round=2072 work=        1 frontier=        2 next=        1 consolidate=  0.001ms frontier=  0.000ms semisort=  0.002ms (keyed= 0.000ms group_by=  0.000ms per_group= 0.001ms)
[pe] round=2073 work=        1 frontier=        2 next=        1 consolidate=  0.002ms frontier=  0.000ms semisort=  0.002ms (keyed= 0.000ms group_by=  0.000ms per_group= 0.001ms)
[pe] round=2074 work=        1 frontier=        2 next=        1 consolidate=  0.001ms frontier=  0.000ms semisort=  0.002ms (keyed= 0.000ms group_by=  0.000ms per_group= 0.001ms)
[pe] round=2075 work=        1 frontier=        2 next=        1 consolidate=  0.002ms frontier=  0.000ms semisort=  0.002ms (keyed= 0.000ms group_by=  0.000ms per_group= 0.001ms)
[pe] round=2076 work=        1 frontier=        2 next=        1 consolidate=  0.001ms frontier=  0.000ms semisort=  0.002ms (keyed= 0.000ms group_by=  0.000ms per_group= 0.001ms)
[pe] round=2077 work=        1 frontier=        2 next=        1 consolidate=  0.002ms frontier=  0.000ms semisort=  0.002ms (keyed= 0.000ms group_by=  0.000ms per_group= 0.001ms)
[pe] round=2078 work=        1 frontier=        2 next=        1 consolidate=  0.001ms frontier=  0.000ms semisort=  0.002ms (keyed= 0.000ms group_by=  0.000ms per_group= 0.001ms)
[pe] round=2079 work=        1 frontier=        2 next=        1 consolidate=  0.001ms frontier=  0.000ms semisort=  0.002ms (keyed= 0.000ms group_by=  0.000ms per_group= 0.001ms)
[pe] round=2080 work=        1 frontier=        2 next=        1 consolidate=  0.001ms frontier=  0.000ms semisort=  0.002ms (keyed= 0.000ms group_by=  0.000ms per_group= 0.001ms)
[pe] round=2081 work=        1 frontier=        2 next=        1 consolidate=  0.002ms frontier=  0.000ms semisort=  0.002ms (keyed= 0.000ms group_by=  0.000ms per_group= 0.001ms)
[pe] round=2082 work=        1 frontier=        2 next=        1 consolidate=  0.001ms frontier=  0.000ms semisort=  0.002ms (keyed= 0.000ms group_by=  0.000ms per_group= 0.001ms)
[pe] round=2083 work=        1 frontier=        2 next=        1 consolidate=  0.002ms frontier=  0.000ms semisort=  0.002ms (keyed= 0.000ms group_by=  0.000ms per_group= 0.001ms)
[pe] round=2084 work=        1 frontier=        2 next=        1 consolidate=  0.001ms frontier=  0.000ms semisort=  0.002ms (keyed= 0.000ms group_by=  0.000ms per_group= 0.001ms)
[pe] round=2085 work=        1 frontier=        2 next=        1 consolidate=  0.002ms frontier=  0.000ms semisort=  0.002ms (keyed= 0.000ms group_by=  0.000ms per_group= 0.001ms)
[pe] round=2086 work=        1 frontier=        2 next=        1 consolidate=  0.001ms frontier=  0.000ms semisort=  0.002ms (keyed= 0.000ms group_by=  0.000ms per_group= 0.001ms)
[pe] round=2087 work=        1 frontier=        2 next=        1 consolidate=  0.002ms frontier=  0.000ms semisort=  0.002ms (keyed= 0.000ms group_by=  0.000ms per_group= 0.001ms)
[pe] round=2088 work=        1 frontier=        2 next=        1 consolidate=  0.001ms frontier=  0.000ms semisort=  0.002ms (keyed= 0.000ms group_by=  0.000ms per_group= 0.001ms)
[pe] round=2089 work=        1 frontier=        2 next=        1 consolidate=  0.001ms frontier=  0.000ms semisort=  0.002ms (keyed= 0.000ms group_by=  0.000ms per_group= 0.001ms)
[pe] round=2090 work=        1 frontier=        2 next=        1 consolidate=  0.001ms frontier=  0.000ms semisort=  0.002ms (keyed= 0.000ms group_by=  0.000ms per_group= 0.001ms)
[pe] round=2091 work=        1 frontier=        2 next=        1 consolidate=  0.002ms frontier=  0.000ms semisort=  0.002ms (keyed= 0.000ms group_by=  0.000ms per_group= 0.001ms)
[pe] round=2092 work=        1 frontier=        2 next=        1 consolidate=  0.001ms frontier=  0.000ms semisort=  0.002ms (keyed= 0.000ms group_by=  0.000ms per_group= 0.001ms)
[pe] round=2093 work=        1 frontier=        2 next=        1 consolidate=  0.002ms frontier=  0.000ms semisort=  0.002ms (keyed= 0.000ms group_by=  0.000ms per_group= 0.001ms)
[pe] round=2094 work=        1 frontier=        2 next=        1 consolidate=  0.001ms frontier=  0.000ms semisort=  0.002ms (keyed= 0.000ms group_by=  0.000ms per_group= 0.001ms)
[pe] round=2095 work=        1 frontier=        2 next=        1 consolidate=  0.002ms frontier=  0.000ms semisort=  0.002ms (keyed= 0.000ms group_by=  0.000ms per_group= 0.001ms)
[pe] round=2096 work=        1 frontier=        2 next=        1 consolidate=  0.001ms frontier=  0.000ms semisort=  0.002ms (keyed= 0.000ms group_by=  0.000ms per_group= 0.001ms)
[pe] round=2097 work=        1 frontier=        2 next=        1 consolidate=  0.001ms frontier=  0.000ms semisort=  0.002ms (keyed= 0.000ms group_by=  0.000ms per_group= 0.001ms)
[pe] round=2098 work=        1 frontier=        2 next=        1 consolidate=  0.001ms frontier=  0.000ms semisort=  0.002ms (keyed= 0.000ms group_by=  0.000ms per_group= 0.001ms)
[pe] round=2099 work=        1 frontier=        2 next=        1 consolidate=  0.002ms frontier=  0.000ms semisort=  0.002ms (keyed= 0.000ms group_by=  0.000ms per_group= 0.001ms)
[pe] round=2100 work=        1 frontier=        2 next=        1 consolidate=  0.001ms frontier=  0.000ms semisort=  0.002ms (keyed= 0.000ms group_by=  0.000ms per_group= 0.001ms)
[pe] round=2101 work=        1 frontier=        2 next=        1 consolidate=  0.002ms frontier=  0.000ms semisort=  0.002ms (keyed= 0.000ms group_by=  0.000ms per_group= 0.001ms)
[pe] round=2102 work=        1 frontier=        2 next=        1 consolidate=  0.001ms frontier=  0.000ms semisort=  0.002ms (keyed= 0.000ms group_by=  0.000ms per_group= 0.001ms)
[pe] round=2103 work=        1 frontier=        2 next=        1 consolidate=  0.002ms frontier=  0.000ms semisort=  0.002ms (keyed= 0.000ms group_by=  0.000ms per_group= 0.001ms)
[pe] round=2104 work=        1 frontier=        2 next=        1 consolidate=  0.001ms frontier=  0.000ms semisort=  0.002ms (keyed= 0.000ms group_by=  0.000ms per_group= 0.001ms)
[pe] round=2105 work=        1 frontier=        2 next=        1 consolidate=  0.002ms frontier=  0.000ms semisort=  0.002ms (keyed= 0.000ms group_by=  0.000ms per_group= 0.001ms)
[pe] round=2106 work=        1 frontier=        2 next=        1 consolidate=  0.001ms frontier=  0.000ms semisort=  0.002ms (keyed= 0.000ms group_by=  0.000ms per_group= 0.001ms)
[pe] round=2107 work=        1 frontier=        2 next=        1 consolidate=  0.001ms frontier=  0.000ms semisort=  0.002ms (keyed= 0.000ms group_by=  0.000ms per_group= 0.001ms)
[pe] round=2108 work=        1 frontier=        2 next=        1 consolidate=  0.001ms frontier=  0.000ms semisort=  0.002ms (keyed= 0.000ms group_by=  0.000ms per_group= 0.001ms)
[pe] round=2109 work=        1 frontier=        2 next=        1 consolidate=  0.002ms frontier=  0.000ms semisort=  0.002ms (keyed= 0.000ms group_by=  0.000ms per_group= 0.001ms)
[pe] round=2110 work=        1 frontier=        2 next=        1 consolidate=  0.001ms frontier=  0.000ms semisort=  0.002ms (keyed= 0.000ms group_by=  0.000ms per_group= 0.001ms)
[pe] round=2111 work=        1 frontier=        2 next=        1 consolidate=  0.002ms frontier=  0.000ms semisort=  0.002ms (keyed= 0.000ms group_by=  0.000ms per_group= 0.001ms)
[pe] round=2112 work=        1 frontier=        2 next=        1 consolidate=  0.001ms frontier=  0.000ms semisort=  0.002ms (keyed= 0.000ms group_by=  0.000ms per_group= 0.001ms)
[pe] round=2113 work=        1 frontier=        2 next=        1 consolidate=  0.002ms frontier=  0.000ms semisort=  0.002ms (keyed= 0.000ms group_by=  0.000ms per_group= 0.001ms)
[pe] round=2114 work=        1 frontier=        2 next=        1 consolidate=  0.001ms frontier=  0.000ms semisort=  0.002ms (keyed= 0.000ms group_by=  0.000ms per_group= 0.001ms)
[pe] round=2115 work=        1 frontier=        2 next=        1 consolidate=  0.002ms frontier=  0.000ms semisort=  0.002ms (keyed= 0.000ms group_by=  0.000ms per_group= 0.001ms)
[pe] round=2116 work=        1 frontier=        2 next=        1 consolidate=  0.001ms frontier=  0.000ms semisort=  0.002ms (keyed= 0.000ms group_by=  0.000ms per_group= 0.001ms)
[pe] round=2117 work=        1 frontier=        2 next=        1 consolidate=  0.001ms frontier=  0.000ms semisort=  0.002ms (keyed= 0.000ms group_by=  0.000ms per_group= 0.001ms)
[pe] round=2118 work=        1 frontier=        2 next=        1 consolidate=  0.001ms frontier=  0.000ms semisort=  0.002ms (keyed= 0.000ms group_by=  0.000ms per_group= 0.001ms)
[pe] round=2119 work=        1 frontier=        2 next=        1 consolidate=  0.002ms frontier=  0.000ms semisort=  0.002ms (keyed= 0.000ms group_by=  0.000ms per_group= 0.001ms)
[pe] round=2120 work=        1 frontier=        2 next=        1 consolidate=  0.001ms frontier=  0.000ms semisort=  0.002ms (keyed= 0.000ms group_by=  0.000ms per_group= 0.001ms)
[pe] round=2121 work=        1 frontier=        2 next=        1 consolidate=  0.002ms frontier=  0.000ms semisort=  0.002ms (keyed= 0.000ms group_by=  0.000ms per_group= 0.001ms)
[pe] round=2122 work=        1 frontier=        2 next=        1 consolidate=  0.001ms frontier=  0.000ms semisort=  0.002ms (keyed= 0.000ms group_by=  0.000ms per_group= 0.001ms)
[pe] round=2123 work=        1 frontier=        2 next=        1 consolidate=  0.002ms frontier=  0.000ms semisort=  0.002ms (keyed= 0.000ms group_by=  0.000ms per_group= 0.001ms)
[pe] round=2124 work=        1 frontier=        2 next=        1 consolidate=  0.001ms frontier=  0.000ms semisort=  0.002ms (keyed= 0.000ms group_by=  0.000ms per_group= 0.001ms)
[pe] round=2125 work=        1 frontier=        2 next=        1 consolidate=  0.002ms frontier=  0.000ms semisort=  0.002ms (keyed= 0.000ms group_by=  0.000ms per_group= 0.001ms)
[pe] round=2126 work=        1 frontier=        2 next=        1 consolidate=  0.001ms frontier=  0.000ms semisort=  0.002ms (keyed= 0.000ms group_by=  0.000ms per_group= 0.001ms)
[pe] round=2127 work=        1 frontier=        2 next=        1 consolidate=  0.002ms frontier=  0.000ms semisort=  0.002ms (keyed= 0.000ms group_by=  0.000ms per_group= 0.001ms)
[pe] round=2128 work=        1 frontier=        2 next=        1 consolidate=  0.001ms frontier=  0.000ms semisort=  0.002ms (keyed= 0.000ms group_by=  0.000ms per_group= 0.001ms)
[pe] round=2129 work=        1 frontier=        2 next=        1 consolidate=  0.002ms frontier=  0.000ms semisort=  0.002ms (keyed= 0.000ms group_by=  0.000ms per_group= 0.001ms)
[pe] round=2130 work=        1 frontier=        2 next=        1 consolidate=  0.001ms frontier=  0.000ms semisort=  0.002ms (keyed= 0.000ms group_by=  0.000ms per_group= 0.001ms)
[pe] round=2131 work=        1 frontier=        2 next=        1 consolidate=  0.002ms frontier=  0.000ms semisort=  0.002ms (keyed= 0.000ms group_by=  0.000ms per_group= 0.001ms)
[pe] round=2132 work=        1 frontier=        2 next=        1 consolidate=  0.001ms frontier=  0.000ms semisort=  0.002ms (keyed= 0.000ms group_by=  0.000ms per_group= 0.001ms)
[pe] round=2133 work=        1 frontier=        2 next=        1 consolidate=  0.002ms frontier=  0.000ms semisort=  0.002ms (keyed= 0.000ms group_by=  0.000ms per_group= 0.001ms)
[pe] round=2134 work=        1 frontier=        2 next=        1 consolidate=  0.002ms frontier=  0.000ms semisort=  0.002ms (keyed= 0.000ms group_by=  0.000ms per_group= 0.001ms)
[pe] round=2135 work=        1 frontier=        2 next=        1 consolidate=  0.002ms frontier=  0.000ms semisort=  0.002ms (keyed= 0.000ms group_by=  0.000ms per_group= 0.001ms)
[pe] round=2136 work=        1 frontier=        2 next=        1 consolidate=  0.001ms frontier=  0.000ms semisort=  0.002ms (keyed= 0.000ms group_by=  0.000ms per_group= 0.001ms)
[pe] round=2137 work=        1 frontier=        2 next=        1 consolidate=  0.001ms frontier=  0.000ms semisort=  0.002ms (keyed= 0.000ms group_by=  0.000ms per_group= 0.001ms)
[pe] round=2138 work=        1 frontier=        2 next=        1 consolidate=  0.001ms frontier=  0.000ms semisort=  0.002ms (keyed= 0.000ms group_by=  0.000ms per_group= 0.001ms)
[pe] round=2139 work=        1 frontier=        2 next=        1 consolidate=  0.002ms frontier=  0.000ms semisort=  0.002ms (keyed= 0.000ms group_by=  0.000ms per_group= 0.001ms)
[pe] round=2140 work=        1 frontier=        2 next=        1 consolidate=  0.001ms frontier=  0.000ms semisort=  0.002ms (keyed= 0.000ms group_by=  0.000ms per_group= 0.001ms)
[pe] round=2141 work=        1 frontier=        2 next=        1 consolidate=  0.002ms frontier=  0.000ms semisort=  0.002ms (keyed= 0.000ms group_by=  0.000ms per_group= 0.001ms)
[pe] round=2142 work=        1 frontier=        2 next=        1 consolidate=  0.001ms frontier=  0.000ms semisort=  0.002ms (keyed= 0.000ms group_by=  0.000ms per_group= 0.001ms)
[pe] round=2143 work=        1 frontier=        2 next=        1 consolidate=  0.002ms frontier=  0.000ms semisort=  0.002ms (keyed= 0.000ms group_by=  0.000ms per_group= 0.001ms)
[pe] round=2144 work=        1 frontier=        2 next=        1 consolidate=  0.001ms frontier=  0.000ms semisort=  0.002ms (keyed= 0.000ms group_by=  0.000ms per_group= 0.001ms)
[pe] round=2145 work=        1 frontier=        2 next=        1 consolidate=  0.002ms frontier=  0.000ms semisort=  0.002ms (keyed= 0.000ms group_by=  0.000ms per_group= 0.001ms)
[pe] round=2146 work=        1 frontier=        2 next=        1 consolidate=  0.001ms frontier=  0.000ms semisort=  0.002ms (keyed= 0.000ms group_by=  0.000ms per_group= 0.001ms)
[pe] round=2147 work=        1 frontier=        2 next=        1 consolidate=  0.001ms frontier=  0.000ms semisort=  0.002ms (keyed= 0.000ms group_by=  0.000ms per_group= 0.001ms)
[pe] round=2148 work=        1 frontier=        2 next=        1 consolidate=  0.001ms frontier=  0.000ms semisort=  0.002ms (keyed= 0.000ms group_by=  0.000ms per_group= 0.001ms)
[pe] round=2149 work=        1 frontier=        2 next=        1 consolidate=  0.002ms frontier=  0.000ms semisort=  0.002ms (keyed= 0.000ms group_by=  0.000ms per_group= 0.001ms)
[pe] round=2150 work=        1 frontier=        2 next=        1 consolidate=  0.001ms frontier=  0.000ms semisort=  0.002ms (keyed= 0.000ms group_by=  0.000ms per_group= 0.001ms)
[pe] round=2151 work=        1 frontier=        2 next=        1 consolidate=  0.002ms frontier=  0.000ms semisort=  0.002ms (keyed= 0.000ms group_by=  0.000ms per_group= 0.001ms)
[pe] round=2152 work=        1 frontier=        2 next=        1 consolidate=  0.001ms frontier=  0.000ms semisort=  0.002ms (keyed= 0.000ms group_by=  0.000ms per_group= 0.001ms)
[pe] round=2153 work=        1 frontier=        2 next=        1 consolidate=  0.002ms frontier=  0.000ms semisort=  0.002ms (keyed= 0.000ms group_by=  0.000ms per_group= 0.001ms)
[pe] round=2154 work=        1 frontier=        2 next=        1 consolidate=  0.001ms frontier=  0.000ms semisort=  0.002ms (keyed= 0.000ms group_by=  0.000ms per_group= 0.001ms)
[pe] round=2155 work=        1 frontier=        2 next=        1 consolidate=  0.002ms frontier=  0.000ms semisort=  0.002ms (keyed= 0.000ms group_by=  0.000ms per_group= 0.001ms)
[pe] round=2156 work=        1 frontier=        2 next=        1 consolidate=  0.001ms frontier=  0.000ms semisort=  0.002ms (keyed= 0.000ms group_by=  0.000ms per_group= 0.001ms)
[pe] round=2157 work=        1 frontier=        2 next=        1 consolidate=  0.001ms frontier=  0.000ms semisort=  0.002ms (keyed= 0.000ms group_by=  0.000ms per_group= 0.001ms)
[pe] round=2158 work=        1 frontier=        2 next=        1 consolidate=  0.001ms frontier=  0.000ms semisort=  0.002ms (keyed= 0.000ms group_by=  0.000ms per_group= 0.001ms)
[pe] round=2159 work=        1 frontier=        2 next=        1 consolidate=  0.002ms frontier=  0.000ms semisort=  0.002ms (keyed= 0.000ms group_by=  0.000ms per_group= 0.001ms)
[pe] round=2160 work=        1 frontier=        2 next=        1 consolidate=  0.001ms frontier=  0.000ms semisort=  0.002ms (keyed= 0.000ms group_by=  0.000ms per_group= 0.001ms)
[pe] round=2161 work=        1 frontier=        2 next=        1 consolidate=  0.002ms frontier=  0.000ms semisort=  0.002ms (keyed= 0.000ms group_by=  0.000ms per_group= 0.001ms)
[pe] round=2162 work=        1 frontier=        2 next=        1 consolidate=  0.001ms frontier=  0.000ms semisort=  0.002ms (keyed= 0.000ms group_by=  0.000ms per_group= 0.001ms)
[pe] round=2163 work=        1 frontier=        2 next=        1 consolidate=  0.002ms frontier=  0.000ms semisort=  0.002ms (keyed= 0.000ms group_by=  0.000ms per_group= 0.001ms)
[pe] round=2164 work=        1 frontier=        2 next=        1 consolidate=  0.001ms frontier=  0.000ms semisort=  0.002ms (keyed= 0.000ms group_by=  0.000ms per_group= 0.001ms)
[pe] round=2165 work=        1 frontier=        2 next=        1 consolidate=  0.002ms frontier=  0.000ms semisort=  0.002ms (keyed= 0.000ms group_by=  0.000ms per_group= 0.001ms)
[pe] round=2166 work=        1 frontier=        2 next=        1 consolidate=  0.001ms frontier=  0.000ms semisort=  0.002ms (keyed= 0.000ms group_by=  0.000ms per_group= 0.001ms)
[pe] round=2167 work=        1 frontier=        2 next=        1 consolidate=  0.001ms frontier=  0.000ms semisort=  0.002ms (keyed= 0.000ms group_by=  0.000ms per_group= 0.001ms)
[pe] round=2168 work=        1 frontier=        2 next=        1 consolidate=  0.001ms frontier=  0.000ms semisort=  0.002ms (keyed= 0.000ms group_by=  0.000ms per_group= 0.001ms)
[pe] round=2169 work=        1 frontier=        2 next=        1 consolidate=  0.002ms frontier=  0.000ms semisort=  0.002ms (keyed= 0.000ms group_by=  0.000ms per_group= 0.001ms)
[pe] round=2170 work=        1 frontier=        2 next=        1 consolidate=  0.001ms frontier=  0.000ms semisort=  0.002ms (keyed= 0.000ms group_by=  0.000ms per_group= 0.001ms)
[pe] round=2171 work=        1 frontier=        2 next=        1 consolidate=  0.002ms frontier=  0.000ms semisort=  0.002ms (keyed= 0.000ms group_by=  0.000ms per_group= 0.001ms)
[pe] round=2172 work=        1 frontier=        2 next=        1 consolidate=  0.001ms frontier=  0.000ms semisort=  0.002ms (keyed= 0.000ms group_by=  0.000ms per_group= 0.001ms)
[pe] round=2173 work=        1 frontier=        2 next=        1 consolidate=  0.002ms frontier=  0.000ms semisort=  0.002ms (keyed= 0.000ms group_by=  0.000ms per_group= 0.001ms)
[pe] round=2174 work=        1 frontier=        2 next=        1 consolidate=  0.001ms frontier=  0.000ms semisort=  0.002ms (keyed= 0.000ms group_by=  0.000ms per_group= 0.001ms)
[pe] round=2175 work=        1 frontier=        2 next=        1 consolidate=  0.002ms frontier=  0.000ms semisort=  0.002ms (keyed= 0.000ms group_by=  0.000ms per_group= 0.001ms)
[pe] round=2176 work=        1 frontier=        2 next=        1 consolidate=  0.001ms frontier=  0.000ms semisort=  0.002ms (keyed= 0.000ms group_by=  0.000ms per_group= 0.001ms)
[pe] round=2177 work=        1 frontier=        2 next=        1 consolidate=  0.001ms frontier=  0.000ms semisort=  0.002ms (keyed= 0.000ms group_by=  0.000ms per_group= 0.001ms)
[pe] round=2178 work=        1 frontier=        2 next=        1 consolidate=  0.001ms frontier=  0.000ms semisort=  0.002ms (keyed= 0.000ms group_by=  0.000ms per_group= 0.001ms)
[pe] round=2179 work=        1 frontier=        2 next=        1 consolidate=  0.002ms frontier=  0.000ms semisort=  0.002ms (keyed= 0.000ms group_by=  0.000ms per_group= 0.001ms)
[pe] round=2180 work=        1 frontier=        2 next=        1 consolidate=  0.001ms frontier=  0.000ms semisort=  0.002ms (keyed= 0.000ms group_by=  0.000ms per_group= 0.001ms)
[pe] round=2181 work=        1 frontier=        2 next=        1 consolidate=  0.002ms frontier=  0.000ms semisort=  0.002ms (keyed= 0.000ms group_by=  0.000ms per_group= 0.001ms)
[pe] round=2182 work=        1 frontier=        2 next=        1 consolidate=  0.001ms frontier=  0.000ms semisort=  0.002ms (keyed= 0.000ms group_by=  0.000ms per_group= 0.001ms)
[pe] round=2183 work=        1 frontier=        2 next=        1 consolidate=  0.002ms frontier=  0.000ms semisort=  0.002ms (keyed= 0.000ms group_by=  0.000ms per_group= 0.001ms)
[pe] round=2184 work=        1 frontier=        2 next=        1 consolidate=  0.001ms frontier=  0.000ms semisort=  0.002ms (keyed= 0.000ms group_by=  0.000ms per_group= 0.001ms)
[pe] round=2185 work=        1 frontier=        2 next=        1 consolidate=  0.002ms frontier=  0.000ms semisort=  0.002ms (keyed= 0.000ms group_by=  0.000ms per_group= 0.001ms)
[pe] round=2186 work=        1 frontier=        2 next=        1 consolidate=  0.001ms frontier=  0.000ms semisort=  0.002ms (keyed= 0.000ms group_by=  0.000ms per_group= 0.001ms)
[pe] round=2187 work=        1 frontier=        2 next=        1 consolidate=  0.001ms frontier=  0.000ms semisort=  0.002ms (keyed= 0.000ms group_by=  0.000ms per_group= 0.001ms)
[pe] round=2188 work=        1 frontier=        2 next=        1 consolidate=  0.001ms frontier=  0.000ms semisort=  0.002ms (keyed= 0.000ms group_by=  0.000ms per_group= 0.001ms)
[pe] round=2189 work=        1 frontier=        2 next=        1 consolidate=  0.002ms frontier=  0.000ms semisort=  0.002ms (keyed= 0.000ms group_by=  0.000ms per_group= 0.001ms)
[pe] round=2190 work=        1 frontier=        2 next=        1 consolidate=  0.001ms frontier=  0.000ms semisort=  0.002ms (keyed= 0.000ms group_by=  0.000ms per_group= 0.001ms)
[pe] round=2191 work=        1 frontier=        2 next=        1 consolidate=  0.002ms frontier=  0.000ms semisort=  0.002ms (keyed= 0.000ms group_by=  0.000ms per_group= 0.001ms)
[pe] round=2192 work=        1 frontier=        2 next=        1 consolidate=  0.001ms frontier=  0.000ms semisort=  0.002ms (keyed= 0.000ms group_by=  0.000ms per_group= 0.001ms)
[pe] round=2193 work=        1 frontier=        2 next=        1 consolidate=  0.002ms frontier=  0.000ms semisort=  0.002ms (keyed= 0.000ms group_by=  0.000ms per_group= 0.001ms)
[pe] round=2194 work=        1 frontier=        2 next=        1 consolidate=  0.001ms frontier=  0.000ms semisort=  0.002ms (keyed= 0.000ms group_by=  0.000ms per_group= 0.001ms)
[pe] round=2195 work=        1 frontier=        2 next=        1 consolidate=  0.002ms frontier=  0.000ms semisort=  0.002ms (keyed= 0.000ms group_by=  0.000ms per_group= 0.001ms)
[pe] round=2196 work=        1 frontier=        2 next=        1 consolidate=  0.001ms frontier=  0.000ms semisort=  0.002ms (keyed= 0.000ms group_by=  0.000ms per_group= 0.001ms)
[pe] round=2197 work=        1 frontier=        2 next=        1 consolidate=  0.001ms frontier=  0.000ms semisort=  0.002ms (keyed= 0.000ms group_by=  0.000ms per_group= 0.001ms)
[pe] round=2198 work=        1 frontier=        2 next=        1 consolidate=  0.001ms frontier=  0.000ms semisort=  0.002ms (keyed= 0.000ms group_by=  0.000ms per_group= 0.001ms)
[pe] round=2199 work=        1 frontier=        2 next=        1 consolidate=  0.002ms frontier=  0.000ms semisort=  0.002ms (keyed= 0.000ms group_by=  0.000ms per_group= 0.001ms)
[pe] round=2200 work=        1 frontier=        2 next=        1 consolidate=  0.001ms frontier=  0.000ms semisort=  0.002ms (keyed= 0.000ms group_by=  0.000ms per_group= 0.001ms)
[pe] round=2201 work=        1 frontier=        2 next=        1 consolidate=  0.002ms frontier=  0.000ms semisort=  0.002ms (keyed= 0.000ms group_by=  0.000ms per_group= 0.001ms)
[pe] round=2202 work=        1 frontier=        2 next=        1 consolidate=  0.001ms frontier=  0.000ms semisort=  0.002ms (keyed= 0.000ms group_by=  0.000ms per_group= 0.001ms)
[pe] round=2203 work=        1 frontier=        2 next=        1 consolidate=  0.002ms frontier=  0.000ms semisort=  0.002ms (keyed= 0.000ms group_by=  0.000ms per_group= 0.001ms)
[pe] round=2204 work=        1 frontier=        2 next=        1 consolidate=  0.001ms frontier=  0.000ms semisort=  0.002ms (keyed= 0.000ms group_by=  0.000ms per_group= 0.001ms)
[pe] round=2205 work=        1 frontier=        2 next=        1 consolidate=  0.002ms frontier=  0.000ms semisort=  0.002ms (keyed= 0.000ms group_by=  0.000ms per_group= 0.001ms)
[pe] round=2206 work=        1 frontier=        2 next=        1 consolidate=  0.001ms frontier=  0.000ms semisort=  0.002ms (keyed= 0.000ms group_by=  0.000ms per_group= 0.001ms)
[pe] round=2207 work=        1 frontier=        2 next=        1 consolidate=  0.001ms frontier=  0.000ms semisort=  0.002ms (keyed= 0.000ms group_by=  0.000ms per_group= 0.001ms)
[pe] round=2208 work=        1 frontier=        2 next=        1 consolidate=  0.001ms frontier=  0.000ms semisort=  0.002ms (keyed= 0.000ms group_by=  0.000ms per_group= 0.001ms)
[pe] round=2209 work=        1 frontier=        2 next=        1 consolidate=  0.002ms frontier=  0.000ms semisort=  0.002ms (keyed= 0.000ms group_by=  0.000ms per_group= 0.001ms)
[pe] round=2210 work=        1 frontier=        2 next=        1 consolidate=  0.001ms frontier=  0.000ms semisort=  0.002ms (keyed= 0.000ms group_by=  0.000ms per_group= 0.001ms)
[pe] round=2211 work=        1 frontier=        2 next=        1 consolidate=  0.002ms frontier=  0.000ms semisort=  0.002ms (keyed= 0.000ms group_by=  0.000ms per_group= 0.001ms)
[pe] round=2212 work=        1 frontier=        2 next=        1 consolidate=  0.001ms frontier=  0.000ms semisort=  0.002ms (keyed= 0.000ms group_by=  0.000ms per_group= 0.001ms)
[pe] round=2213 work=        1 frontier=        2 next=        1 consolidate=  0.002ms frontier=  0.000ms semisort=  0.002ms (keyed= 0.000ms group_by=  0.000ms per_group= 0.001ms)
[pe] round=2214 work=        1 frontier=        2 next=        1 consolidate=  0.001ms frontier=  0.000ms semisort=  0.002ms (keyed= 0.000ms group_by=  0.000ms per_group= 0.001ms)
[pe] round=2215 work=        1 frontier=        2 next=        1 consolidate=  0.002ms frontier=  0.000ms semisort=  0.002ms (keyed= 0.000ms group_by=  0.000ms per_group= 0.001ms)
[pe] round=2216 work=        1 frontier=        2 next=        1 consolidate=  0.001ms frontier=  0.000ms semisort=  0.002ms (keyed= 0.000ms group_by=  0.000ms per_group= 0.001ms)
[pe] round=2217 work=        1 frontier=        2 next=        1 consolidate=  0.001ms frontier=  0.000ms semisort=  0.002ms (keyed= 0.000ms group_by=  0.000ms per_group= 0.001ms)
[pe] round=2218 work=        1 frontier=        2 next=        1 consolidate=  0.001ms frontier=  0.000ms semisort=  0.002ms (keyed= 0.000ms group_by=  0.000ms per_group= 0.001ms)
[pe] round=2219 work=        1 frontier=        2 next=        1 consolidate=  0.002ms frontier=  0.000ms semisort=  0.002ms (keyed= 0.000ms group_by=  0.000ms per_group= 0.001ms)
[pe] round=2220 work=        1 frontier=        2 next=        1 consolidate=  0.001ms frontier=  0.000ms semisort=  0.002ms (keyed= 0.000ms group_by=  0.000ms per_group= 0.001ms)
[pe] round=2221 work=        1 frontier=        2 next=        1 consolidate=  0.002ms frontier=  0.000ms semisort=  0.002ms (keyed= 0.000ms group_by=  0.000ms per_group= 0.001ms)
[pe] round=2222 work=        1 frontier=        2 next=        1 consolidate=  0.001ms frontier=  0.000ms semisort=  0.002ms (keyed= 0.000ms group_by=  0.000ms per_group= 0.001ms)
[pe] round=2223 work=        1 frontier=        2 next=        1 consolidate=  0.002ms frontier=  0.000ms semisort=  0.002ms (keyed= 0.000ms group_by=  0.000ms per_group= 0.001ms)
[pe] round=2224 work=        1 frontier=        2 next=        1 consolidate=  0.001ms frontier=  0.000ms semisort=  0.002ms (keyed= 0.000ms group_by=  0.000ms per_group= 0.001ms)
[pe] round=2225 work=        1 frontier=        2 next=        1 consolidate=  0.002ms frontier=  0.000ms semisort=  0.002ms (keyed= 0.000ms group_by=  0.000ms per_group= 0.001ms)
[pe] round=2226 work=        1 frontier=        2 next=        1 consolidate=  0.001ms frontier=  0.000ms semisort=  0.002ms (keyed= 0.000ms group_by=  0.000ms per_group= 0.001ms)
[pe] round=2227 work=        1 frontier=        2 next=        1 consolidate=  0.002ms frontier=  0.000ms semisort=  0.002ms (keyed= 0.000ms group_by=  0.000ms per_group= 0.001ms)
[pe] round=2228 work=        1 frontier=        2 next=        1 consolidate=  0.001ms frontier=  0.000ms semisort=  0.002ms (keyed= 0.000ms group_by=  0.000ms per_group= 0.001ms)
[pe] round=2229 work=        1 frontier=        2 next=        1 consolidate=  0.002ms frontier=  0.000ms semisort=  0.002ms (keyed= 0.000ms group_by=  0.000ms per_group= 0.001ms)
[pe] round=2230 work=        1 frontier=        2 next=        1 consolidate=  0.001ms frontier=  0.000ms semisort=  0.002ms (keyed= 0.000ms group_by=  0.000ms per_group= 0.001ms)
[pe] round=2231 work=        1 frontier=        2 next=        1 consolidate=  0.001ms frontier=  0.000ms semisort=  0.002ms (keyed= 0.000ms group_by=  0.000ms per_group= 0.001ms)
[pe] round=2232 work=        1 frontier=        2 next=        1 consolidate=  0.001ms frontier=  0.000ms semisort=  0.002ms (keyed= 0.000ms group_by=  0.000ms per_group= 0.001ms)
[pe] round=2233 work=        1 frontier=        2 next=        1 consolidate=  0.002ms frontier=  0.000ms semisort=  0.002ms (keyed= 0.000ms group_by=  0.000ms per_group= 0.001ms)
[pe] round=2234 work=        1 frontier=        2 next=        1 consolidate=  0.001ms frontier=  0.000ms semisort=  0.002ms (keyed= 0.000ms group_by=  0.000ms per_group= 0.001ms)
[pe] round=2235 work=        1 frontier=        2 next=        1 consolidate=  0.002ms frontier=  0.000ms semisort=  0.002ms (keyed= 0.000ms group_by=  0.000ms per_group= 0.001ms)
[pe] round=2236 work=        1 frontier=        2 next=        1 consolidate=  0.001ms frontier=  0.000ms semisort=  0.002ms (keyed= 0.000ms group_by=  0.000ms per_group= 0.001ms)
[pe] round=2237 work=        1 frontier=        2 next=        1 consolidate=  0.001ms frontier=  0.000ms semisort=  0.002ms (keyed= 0.000ms group_by=  0.000ms per_group= 0.001ms)
[pe] round=2238 work=        1 frontier=        2 next=        1 consolidate=  0.001ms frontier=  0.000ms semisort=  0.002ms (keyed= 0.000ms group_by=  0.000ms per_group= 0.001ms)
[pe] round=2239 work=        1 frontier=        2 next=        1 consolidate=  0.002ms frontier=  0.000ms semisort=  0.002ms (keyed= 0.000ms group_by=  0.000ms per_group= 0.001ms)
[pe] round=2240 work=        1 frontier=        2 next=        1 consolidate=  0.001ms frontier=  0.000ms semisort=  0.002ms (keyed= 0.000ms group_by=  0.000ms per_group= 0.001ms)
[pe] round=2241 work=        1 frontier=        2 next=        1 consolidate=  0.002ms frontier=  0.000ms semisort=  0.002ms (keyed= 0.000ms group_by=  0.000ms per_group= 0.001ms)
[pe] round=2242 work=        1 frontier=        2 next=        1 consolidate=  0.001ms frontier=  0.000ms semisort=  0.002ms (keyed= 0.000ms group_by=  0.000ms per_group= 0.001ms)
[pe] round=2243 work=        1 frontier=        2 next=        1 consolidate=  0.001ms frontier=  0.000ms semisort=  0.002ms (keyed= 0.000ms group_by=  0.000ms per_group= 0.001ms)
[pe] round=2244 work=        1 frontier=        2 next=        1 consolidate=  0.001ms frontier=  0.000ms semisort=  0.002ms (keyed= 0.000ms group_by=  0.000ms per_group= 0.001ms)
[pe] round=2245 work=        1 frontier=        2 next=        1 consolidate=  0.002ms frontier=  0.000ms semisort=  0.002ms (keyed= 0.000ms group_by=  0.000ms per_group= 0.001ms)
[pe] round=2246 work=        1 frontier=        2 next=        1 consolidate=  0.001ms frontier=  0.000ms semisort=  0.002ms (keyed= 0.000ms group_by=  0.000ms per_group= 0.001ms)
[pe] round=2247 work=        1 frontier=        2 next=        1 consolidate=  0.002ms frontier=  0.000ms semisort=  0.002ms (keyed= 0.000ms group_by=  0.000ms per_group= 0.001ms)
[pe] round=2248 work=        1 frontier=        2 next=        1 consolidate=  0.001ms frontier=  0.000ms semisort=  0.002ms (keyed= 0.000ms group_by=  0.000ms per_group= 0.001ms)
[pe] round=2249 work=        1 frontier=        2 next=        1 consolidate=  0.002ms frontier=  0.000ms semisort=  0.002ms (keyed= 0.000ms group_by=  0.000ms per_group= 0.001ms)
[pe] round=2250 work=        1 frontier=        2 next=        1 consolidate=  0.001ms frontier=  0.000ms semisort=  0.002ms (keyed= 0.000ms group_by=  0.000ms per_group= 0.001ms)
[pe] round=2251 work=        1 frontier=        2 next=        1 consolidate=  0.002ms frontier=  0.000ms semisort=  0.002ms (keyed= 0.000ms group_by=  0.000ms per_group= 0.001ms)
[pe] round=2252 work=        1 frontier=        2 next=        1 consolidate=  0.001ms frontier=  0.000ms semisort=  0.002ms (keyed= 0.000ms group_by=  0.000ms per_group= 0.001ms)
[pe] round=2253 work=        1 frontier=        2 next=        1 consolidate=  0.001ms frontier=  0.000ms semisort=  0.002ms (keyed= 0.000ms group_by=  0.000ms per_group= 0.001ms)
[pe] round=2254 work=        1 frontier=        2 next=        1 consolidate=  0.001ms frontier=  0.000ms semisort=  0.002ms (keyed= 0.000ms group_by=  0.000ms per_group= 0.001ms)
[pe] round=2255 work=        1 frontier=        2 next=        1 consolidate=  0.002ms frontier=  0.000ms semisort=  0.002ms (keyed= 0.000ms group_by=  0.000ms per_group= 0.001ms)
[pe] round=2256 work=        1 frontier=        2 next=        1 consolidate=  0.001ms frontier=  0.000ms semisort=  0.002ms (keyed= 0.000ms group_by=  0.000ms per_group= 0.001ms)
[pe] round=2257 work=        1 frontier=        2 next=        1 consolidate=  0.002ms frontier=  0.000ms semisort=  0.002ms (keyed= 0.000ms group_by=  0.000ms per_group= 0.001ms)
[pe] round=2258 work=        1 frontier=        2 next=        1 consolidate=  0.001ms frontier=  0.000ms semisort=  0.002ms (keyed= 0.000ms group_by=  0.000ms per_group= 0.001ms)
[pe] round=2259 work=        1 frontier=        2 next=        1 consolidate=  0.002ms frontier=  0.000ms semisort=  0.002ms (keyed= 0.000ms group_by=  0.000ms per_group= 0.001ms)
[pe] round=2260 work=        1 frontier=        2 next=        1 consolidate=  0.001ms frontier=  0.000ms semisort=  0.002ms (keyed= 0.000ms group_by=  0.000ms per_group= 0.001ms)
[pe] round=2261 work=        1 frontier=        2 next=        1 consolidate=  0.002ms frontier=  0.000ms semisort=  0.002ms (keyed= 0.000ms group_by=  0.000ms per_group= 0.001ms)
[pe] round=2262 work=        1 frontier=        2 next=        1 consolidate=  0.001ms frontier=  0.000ms semisort=  0.002ms (keyed= 0.000ms group_by=  0.000ms per_group= 0.001ms)
[pe] round=2263 work=        1 frontier=        2 next=        1 consolidate=  0.001ms frontier=  0.000ms semisort=  0.002ms (keyed= 0.000ms group_by=  0.000ms per_group= 0.001ms)
[pe] round=2264 work=        1 frontier=        2 next=        1 consolidate=  0.001ms frontier=  0.000ms semisort=  0.002ms (keyed= 0.000ms group_by=  0.000ms per_group= 0.001ms)
[pe] round=2265 work=        1 frontier=        2 next=        1 consolidate=  0.002ms frontier=  0.000ms semisort=  0.002ms (keyed= 0.000ms group_by=  0.000ms per_group= 0.001ms)
[pe] round=2266 work=        1 frontier=        2 next=        1 consolidate=  0.001ms frontier=  0.000ms semisort=  0.002ms (keyed= 0.000ms group_by=  0.000ms per_group= 0.001ms)
[pe] round=2267 work=        1 frontier=        2 next=        1 consolidate=  0.002ms frontier=  0.000ms semisort=  0.002ms (keyed= 0.000ms group_by=  0.000ms per_group= 0.001ms)
[pe] round=2268 work=        1 frontier=        2 next=        1 consolidate=  0.001ms frontier=  0.000ms semisort=  0.002ms (keyed= 0.000ms group_by=  0.000ms per_group= 0.001ms)
[pe] round=2269 work=        1 frontier=        2 next=        1 consolidate=  0.002ms frontier=  0.000ms semisort=  0.002ms (keyed= 0.000ms group_by=  0.000ms per_group= 0.001ms)
[pe] round=2270 work=        1 frontier=        2 next=        1 consolidate=  0.001ms frontier=  0.000ms semisort=  0.002ms (keyed= 0.000ms group_by=  0.000ms per_group= 0.001ms)
[pe] round=2271 work=        1 frontier=        2 next=        1 consolidate=  0.002ms frontier=  0.000ms semisort=  0.002ms (keyed= 0.000ms group_by=  0.000ms per_group= 0.001ms)
[pe] round=2272 work=        1 frontier=        2 next=        1 consolidate=  0.001ms frontier=  0.000ms semisort=  0.002ms (keyed= 0.000ms group_by=  0.000ms per_group= 0.001ms)
[pe] round=2273 work=        1 frontier=        2 next=        1 consolidate=  0.001ms frontier=  0.000ms semisort=  0.002ms (keyed= 0.000ms group_by=  0.000ms per_group= 0.001ms)
[pe] round=2274 work=        1 frontier=        2 next=        1 consolidate=  0.001ms frontier=  0.000ms semisort=  0.002ms (keyed= 0.000ms group_by=  0.000ms per_group= 0.001ms)
[pe] round=2275 work=        1 frontier=        2 next=        1 consolidate=  0.002ms frontier=  0.000ms semisort=  0.002ms (keyed= 0.000ms group_by=  0.000ms per_group= 0.001ms)
[pe] round=2276 work=        1 frontier=        2 next=        1 consolidate=  0.001ms frontier=  0.000ms semisort=  0.002ms (keyed= 0.000ms group_by=  0.000ms per_group= 0.001ms)
[pe] round=2277 work=        1 frontier=        2 next=        1 consolidate=  0.002ms frontier=  0.000ms semisort=  0.002ms (keyed= 0.000ms group_by=  0.000ms per_group= 0.001ms)
[pe] round=2278 work=        1 frontier=        2 next=        1 consolidate=  0.001ms frontier=  0.000ms semisort=  0.002ms (keyed= 0.000ms group_by=  0.000ms per_group= 0.001ms)
[pe] round=2279 work=        1 frontier=        2 next=        1 consolidate=  0.002ms frontier=  0.000ms semisort=  0.002ms (keyed= 0.000ms group_by=  0.000ms per_group= 0.001ms)
[pe] round=2280 work=        1 frontier=        2 next=        1 consolidate=  0.001ms frontier=  0.000ms semisort=  0.002ms (keyed= 0.000ms group_by=  0.000ms per_group= 0.001ms)
[pe] round=2281 work=        1 frontier=        2 next=        1 consolidate=  0.002ms frontier=  0.000ms semisort=  0.002ms (keyed= 0.000ms group_by=  0.000ms per_group= 0.001ms)
[pe] round=2282 work=        1 frontier=        2 next=        1 consolidate=  0.001ms frontier=  0.000ms semisort=  0.002ms (keyed= 0.000ms group_by=  0.000ms per_group= 0.001ms)
[pe] round=2283 work=        1 frontier=        2 next=        1 consolidate=  0.001ms frontier=  0.000ms semisort=  0.002ms (keyed= 0.000ms group_by=  0.000ms per_group= 0.001ms)
[pe] round=2284 work=        1 frontier=        2 next=        1 consolidate=  0.001ms frontier=  0.000ms semisort=  0.002ms (keyed= 0.000ms group_by=  0.000ms per_group= 0.001ms)
[pe] round=2285 work=        1 frontier=        2 next=        1 consolidate=  0.002ms frontier=  0.000ms semisort=  0.002ms (keyed= 0.000ms group_by=  0.000ms per_group= 0.001ms)
[pe] round=2286 work=        1 frontier=        2 next=        1 consolidate=  0.001ms frontier=  0.000ms semisort=  0.002ms (keyed= 0.000ms group_by=  0.000ms per_group= 0.001ms)
[pe] round=2287 work=        1 frontier=        2 next=        1 consolidate=  0.002ms frontier=  0.000ms semisort=  0.002ms (keyed= 0.000ms group_by=  0.000ms per_group= 0.001ms)
[pe] round=2288 work=        1 frontier=        2 next=        1 consolidate=  0.001ms frontier=  0.000ms semisort=  0.002ms (keyed= 0.000ms group_by=  0.000ms per_group= 0.001ms)
[pe] round=2289 work=        1 frontier=        2 next=        1 consolidate=  0.002ms frontier=  0.000ms semisort=  0.002ms (keyed= 0.000ms group_by=  0.000ms per_group= 0.001ms)
[pe] round=2290 work=        1 frontier=        2 next=        1 consolidate=  0.001ms frontier=  0.000ms semisort=  0.002ms (keyed= 0.000ms group_by=  0.000ms per_group= 0.001ms)
[pe] round=2291 work=        1 frontier=        2 next=        1 consolidate=  0.002ms frontier=  0.000ms semisort=  0.002ms (keyed= 0.000ms group_by=  0.000ms per_group= 0.001ms)
[pe] round=2292 work=        1 frontier=        2 next=        1 consolidate=  0.001ms frontier=  0.000ms semisort=  0.002ms (keyed= 0.000ms group_by=  0.000ms per_group= 0.001ms)
[pe] round=2293 work=        1 frontier=        2 next=        1 consolidate=  0.001ms frontier=  0.000ms semisort=  0.002ms (keyed= 0.000ms group_by=  0.000ms per_group= 0.001ms)
[pe] round=2294 work=        1 frontier=        2 next=        1 consolidate=  0.001ms frontier=  0.000ms semisort=  0.002ms (keyed= 0.000ms group_by=  0.000ms per_group= 0.001ms)
[pe] round=2295 work=        1 frontier=        2 next=        1 consolidate=  0.002ms frontier=  0.000ms semisort=  0.002ms (keyed= 0.000ms group_by=  0.000ms per_group= 0.001ms)
[pe] round=2296 work=        1 frontier=        2 next=        1 consolidate=  0.001ms frontier=  0.000ms semisort=  0.002ms (keyed= 0.000ms group_by=  0.000ms per_group= 0.001ms)
[pe] round=2297 work=        1 frontier=        2 next=        1 consolidate=  0.002ms frontier=  0.000ms semisort=  0.002ms (keyed= 0.000ms group_by=  0.000ms per_group= 0.001ms)
[pe] round=2298 work=        1 frontier=        2 next=        1 consolidate=  0.001ms frontier=  0.000ms semisort=  0.002ms (keyed= 0.000ms group_by=  0.000ms per_group= 0.001ms)
[pe] round=2299 work=        1 frontier=        2 next=        1 consolidate=  0.002ms frontier=  0.000ms semisort=  0.002ms (keyed= 0.000ms group_by=  0.000ms per_group= 0.001ms)
[pe] round=2300 work=        1 frontier=        2 next=        1 consolidate=  0.001ms frontier=  0.000ms semisort=  0.002ms (keyed= 0.000ms group_by=  0.000ms per_group= 0.001ms)
[pe] round=2301 work=        1 frontier=        2 next=        1 consolidate=  0.002ms frontier=  0.000ms semisort=  0.002ms (keyed= 0.000ms group_by=  0.000ms per_group= 0.001ms)
[pe] round=2302 work=        1 frontier=        2 next=        1 consolidate=  0.001ms frontier=  0.000ms semisort=  0.002ms (keyed= 0.000ms group_by=  0.000ms per_group= 0.001ms)
[pe] round=2303 work=        1 frontier=        2 next=        1 consolidate=  0.001ms frontier=  0.000ms semisort=  0.002ms (keyed= 0.000ms group_by=  0.000ms per_group= 0.001ms)
[pe] round=2304 work=        1 frontier=        2 next=        1 consolidate=  0.001ms frontier=  0.000ms semisort=  0.002ms (keyed= 0.000ms group_by=  0.000ms per_group= 0.001ms)
[pe] round=2305 work=        1 frontier=        2 next=        1 consolidate=  0.002ms frontier=  0.000ms semisort=  0.002ms (keyed= 0.000ms group_by=  0.000ms per_group= 0.001ms)
[pe] round=2306 work=        1 frontier=        2 next=        1 consolidate=  0.001ms frontier=  0.000ms semisort=  0.002ms (keyed= 0.000ms group_by=  0.000ms per_group= 0.001ms)
[pe] round=2307 work=        1 frontier=        2 next=        1 consolidate=  0.002ms frontier=  0.000ms semisort=  0.002ms (keyed= 0.000ms group_by=  0.000ms per_group= 0.001ms)
[pe] round=2308 work=        1 frontier=        2 next=        1 consolidate=  0.001ms frontier=  0.000ms semisort=  0.002ms (keyed= 0.000ms group_by=  0.000ms per_group= 0.001ms)
[pe] round=2309 work=        1 frontier=        2 next=        1 consolidate=  0.002ms frontier=  0.000ms semisort=  0.002ms (keyed= 0.000ms group_by=  0.000ms per_group= 0.001ms)
[pe] round=2310 work=        1 frontier=        2 next=        1 consolidate=  0.001ms frontier=  0.000ms semisort=  0.002ms (keyed= 0.000ms group_by=  0.000ms per_group= 0.001ms)
[pe] round=2311 work=        1 frontier=        2 next=        1 consolidate=  0.002ms frontier=  0.000ms semisort=  0.002ms (keyed= 0.000ms group_by=  0.000ms per_group= 0.001ms)
[pe] round=2312 work=        1 frontier=        2 next=        1 consolidate=  0.001ms frontier=  0.000ms semisort=  0.002ms (keyed= 0.000ms group_by=  0.000ms per_group= 0.001ms)
[pe] round=2313 work=        1 frontier=        2 next=        1 consolidate=  0.001ms frontier=  0.000ms semisort=  0.002ms (keyed= 0.000ms group_by=  0.000ms per_group= 0.001ms)
[pe] round=2314 work=        1 frontier=        2 next=        1 consolidate=  0.001ms frontier=  0.000ms semisort=  0.002ms (keyed= 0.000ms group_by=  0.000ms per_group= 0.001ms)
[pe] round=2315 work=        1 frontier=        2 next=        1 consolidate=  0.002ms frontier=  0.000ms semisort=  0.002ms (keyed= 0.000ms group_by=  0.000ms per_group= 0.001ms)
[pe] round=2316 work=        1 frontier=        2 next=        1 consolidate=  0.001ms frontier=  0.000ms semisort=  0.002ms (keyed= 0.000ms group_by=  0.000ms per_group= 0.001ms)
[pe] round=2317 work=        1 frontier=        2 next=        1 consolidate=  0.002ms frontier=  0.000ms semisort=  0.002ms (keyed= 0.000ms group_by=  0.000ms per_group= 0.001ms)
[pe] round=2318 work=        1 frontier=        2 next=        1 consolidate=  0.001ms frontier=  0.000ms semisort=  0.002ms (keyed= 0.000ms group_by=  0.000ms per_group= 0.001ms)
[pe] round=2319 work=        1 frontier=        2 next=        1 consolidate=  0.002ms frontier=  0.000ms semisort=  0.002ms (keyed= 0.000ms group_by=  0.000ms per_group= 0.001ms)
[pe] round=2320 work=        1 frontier=        2 next=        1 consolidate=  0.001ms frontier=  0.000ms semisort=  0.002ms (keyed= 0.000ms group_by=  0.000ms per_group= 0.001ms)
[pe] round=2321 work=        1 frontier=        2 next=        1 consolidate=  0.002ms frontier=  0.000ms semisort=  0.002ms (keyed= 0.000ms group_by=  0.000ms per_group= 0.001ms)
[pe] round=2322 work=        1 frontier=        2 next=        1 consolidate=  0.001ms frontier=  0.000ms semisort=  0.002ms (keyed= 0.000ms group_by=  0.000ms per_group= 0.001ms)
[pe] round=2323 work=        1 frontier=        2 next=        1 consolidate=  0.001ms frontier=  0.000ms semisort=  0.002ms (keyed= 0.000ms group_by=  0.000ms per_group= 0.001ms)
[pe] round=2324 work=        1 frontier=        2 next=        1 consolidate=  0.001ms frontier=  0.000ms semisort=  0.002ms (keyed= 0.000ms group_by=  0.000ms per_group= 0.001ms)
[pe] round=2325 work=        1 frontier=        2 next=        1 consolidate=  0.001ms frontier=  0.000ms semisort=  0.002ms (keyed= 0.000ms group_by=  0.000ms per_group= 0.001ms)
[pe] round=2326 work=        1 frontier=        2 next=        1 consolidate=  0.001ms frontier=  0.000ms semisort=  0.002ms (keyed= 0.000ms group_by=  0.000ms per_group= 0.001ms)
[pe] round=2327 work=        1 frontier=        2 next=        1 consolidate=  0.002ms frontier=  0.000ms semisort=  0.002ms (keyed= 0.000ms group_by=  0.000ms per_group= 0.001ms)
[pe] round=2328 work=        1 frontier=        2 next=        1 consolidate=  0.001ms frontier=  0.000ms semisort=  0.002ms (keyed= 0.000ms group_by=  0.000ms per_group= 0.001ms)
[pe] round=2329 work=        1 frontier=        2 next=        1 consolidate=  0.002ms frontier=  0.000ms semisort=  0.002ms (keyed= 0.000ms group_by=  0.000ms per_group= 0.001ms)
[pe] round=2330 work=        1 frontier=        2 next=        1 consolidate=  0.001ms frontier=  0.000ms semisort=  0.002ms (keyed= 0.000ms group_by=  0.000ms per_group= 0.001ms)
[pe] round=2331 work=        1 frontier=        2 next=        1 consolidate=  0.002ms frontier=  0.000ms semisort=  0.002ms (keyed= 0.000ms group_by=  0.000ms per_group= 0.001ms)
[pe] round=2332 work=        1 frontier=        2 next=        1 consolidate=  0.001ms frontier=  0.000ms semisort=  0.002ms (keyed= 0.000ms group_by=  0.000ms per_group= 0.001ms)
[pe] round=2333 work=        1 frontier=        2 next=        1 consolidate=  0.002ms frontier=  0.000ms semisort=  0.002ms (keyed= 0.000ms group_by=  0.000ms per_group= 0.001ms)
[pe] round=2334 work=        1 frontier=        2 next=        1 consolidate=  0.001ms frontier=  0.000ms semisort=  0.002ms (keyed= 0.000ms group_by=  0.000ms per_group= 0.001ms)
[pe] round=2335 work=        1 frontier=        2 next=        1 consolidate=  0.002ms frontier=  0.000ms semisort=  0.002ms (keyed= 0.000ms group_by=  0.000ms per_group= 0.001ms)
[pe] round=2336 work=        1 frontier=        2 next=        1 consolidate=  0.001ms frontier=  0.000ms semisort=  0.002ms (keyed= 0.000ms group_by=  0.000ms per_group= 0.001ms)
[pe] round=2337 work=        1 frontier=        2 next=        1 consolidate=  0.002ms frontier=  0.000ms semisort=  0.002ms (keyed= 0.000ms group_by=  0.000ms per_group= 0.001ms)
[pe] round=2338 work=        1 frontier=        2 next=        1 consolidate=  0.001ms frontier=  0.000ms semisort=  0.002ms (keyed= 0.000ms group_by=  0.000ms per_group= 0.001ms)
[pe] round=2339 work=        1 frontier=        2 next=        1 consolidate=  0.002ms frontier=  0.000ms semisort=  0.002ms (keyed= 0.000ms group_by=  0.000ms per_group= 0.001ms)
[pe] round=2340 work=        1 frontier=        2 next=        1 consolidate=  0.001ms frontier=  0.000ms semisort=  0.002ms (keyed= 0.000ms group_by=  0.000ms per_group= 0.001ms)
[pe] round=2341 work=        1 frontier=        2 next=        1 consolidate=  0.001ms frontier=  0.000ms semisort=  0.002ms (keyed= 0.000ms group_by=  0.000ms per_group= 0.001ms)
[pe] round=2342 work=        1 frontier=        2 next=        1 consolidate=  0.001ms frontier=  0.000ms semisort=  0.002ms (keyed= 0.000ms group_by=  0.000ms per_group= 0.001ms)
[pe] round=2343 work=        1 frontier=        2 next=        1 consolidate=  0.001ms frontier=  0.000ms semisort=  0.002ms (keyed= 0.000ms group_by=  0.000ms per_group= 0.001ms)
[pe] round=2344 work=        1 frontier=        2 next=        1 consolidate=  0.001ms frontier=  0.000ms semisort=  0.002ms (keyed= 0.000ms group_by=  0.000ms per_group= 0.001ms)
[pe] round=2345 work=        1 frontier=        2 next=        1 consolidate=  0.001ms frontier=  0.000ms semisort=  0.002ms (keyed= 0.000ms group_by=  0.000ms per_group= 0.001ms)
[pe] round=2346 work=        1 frontier=        2 next=        1 consolidate=  0.001ms frontier=  0.000ms semisort=  0.002ms (keyed= 0.000ms group_by=  0.000ms per_group= 0.001ms)
[pe] round=2347 work=        1 frontier=        2 next=        1 consolidate=  0.002ms frontier=  0.000ms semisort=  0.002ms (keyed= 0.000ms group_by=  0.000ms per_group= 0.001ms)
[pe] round=2348 work=        1 frontier=        2 next=        1 consolidate=  0.001ms frontier=  0.000ms semisort=  0.002ms (keyed= 0.000ms group_by=  0.000ms per_group= 0.001ms)
[pe] round=2349 work=        1 frontier=        2 next=        1 consolidate=  0.002ms frontier=  0.000ms semisort=  0.002ms (keyed= 0.000ms group_by=  0.000ms per_group= 0.001ms)
[pe] round=2350 work=        1 frontier=        2 next=        1 consolidate=  0.001ms frontier=  0.000ms semisort=  0.002ms (keyed= 0.000ms group_by=  0.000ms per_group= 0.001ms)
[pe] round=2351 work=        1 frontier=        2 next=        1 consolidate=  0.002ms frontier=  0.000ms semisort=  0.002ms (keyed= 0.000ms group_by=  0.000ms per_group= 0.001ms)
[pe] round=2352 work=        1 frontier=        2 next=        1 consolidate=  0.001ms frontier=  0.000ms semisort=  0.002ms (keyed= 0.000ms group_by=  0.000ms per_group= 0.001ms)
[pe] round=2353 work=        1 frontier=        2 next=        1 consolidate=  0.002ms frontier=  0.000ms semisort=  0.002ms (keyed= 0.000ms group_by=  0.000ms per_group= 0.001ms)
[pe] round=2354 work=        1 frontier=        2 next=        1 consolidate=  0.001ms frontier=  0.000ms semisort=  0.002ms (keyed= 0.000ms group_by=  0.000ms per_group= 0.001ms)
[pe] round=2355 work=        1 frontier=        2 next=        1 consolidate=  0.001ms frontier=  0.000ms semisort=  0.002ms (keyed= 0.000ms group_by=  0.000ms per_group= 0.001ms)
[pe] round=2356 work=        1 frontier=        2 next=        1 consolidate=  0.001ms frontier=  0.000ms semisort=  0.002ms (keyed= 0.000ms group_by=  0.000ms per_group= 0.001ms)
[pe] round=2357 work=        1 frontier=        2 next=        1 consolidate=  0.001ms frontier=  0.000ms semisort=  0.002ms (keyed= 0.000ms group_by=  0.000ms per_group= 0.001ms)
[pe] round=2358 work=        1 frontier=        2 next=        1 consolidate=  0.001ms frontier=  0.000ms semisort=  0.002ms (keyed= 0.000ms group_by=  0.000ms per_group= 0.001ms)
[pe] round=2359 work=        1 frontier=        2 next=        1 consolidate=  0.001ms frontier=  0.000ms semisort=  0.002ms (keyed= 0.000ms group_by=  0.000ms per_group= 0.001ms)
[pe] round=2360 work=        1 frontier=        2 next=        1 consolidate=  0.001ms frontier=  0.000ms semisort=  0.002ms (keyed= 0.000ms group_by=  0.000ms per_group= 0.001ms)
[pe] round=2361 work=        1 frontier=        2 next=        1 consolidate=  0.002ms frontier=  0.000ms semisort=  0.002ms (keyed= 0.000ms group_by=  0.000ms per_group= 0.001ms)
[pe] round=2362 work=        1 frontier=        2 next=        1 consolidate=  0.001ms frontier=  0.000ms semisort=  0.002ms (keyed= 0.000ms group_by=  0.000ms per_group= 0.001ms)
[pe] round=2363 work=        1 frontier=        2 next=        1 consolidate=  0.002ms frontier=  0.000ms semisort=  0.002ms (keyed= 0.000ms group_by=  0.000ms per_group= 0.001ms)
[pe] round=2364 work=        1 frontier=        2 next=        1 consolidate=  0.001ms frontier=  0.000ms semisort=  0.002ms (keyed= 0.000ms group_by=  0.000ms per_group= 0.001ms)
[pe] round=2365 work=        1 frontier=        2 next=        1 consolidate=  0.002ms frontier=  0.000ms semisort=  0.002ms (keyed= 0.000ms group_by=  0.000ms per_group= 0.001ms)
[pe] round=2366 work=        1 frontier=        2 next=        1 consolidate=  0.001ms frontier=  0.000ms semisort=  0.002ms (keyed= 0.000ms group_by=  0.000ms per_group= 0.001ms)
[pe] round=2367 work=        1 frontier=        2 next=        1 consolidate=  0.002ms frontier=  0.000ms semisort=  0.002ms (keyed= 0.000ms group_by=  0.000ms per_group= 0.001ms)
[pe] round=2368 work=        1 frontier=        2 next=        1 consolidate=  0.001ms frontier=  0.000ms semisort=  0.002ms (keyed= 0.000ms group_by=  0.000ms per_group= 0.001ms)
[pe] round=2369 work=        1 frontier=        2 next=        1 consolidate=  0.001ms frontier=  0.000ms semisort=  0.002ms (keyed= 0.000ms group_by=  0.000ms per_group= 0.001ms)
[pe] round=2370 work=        1 frontier=        2 next=        1 consolidate=  0.001ms frontier=  0.000ms semisort=  0.002ms (keyed= 0.000ms group_by=  0.000ms per_group= 0.001ms)
[pe] round=2371 work=        1 frontier=        2 next=        1 consolidate=  0.001ms frontier=  0.000ms semisort=  0.002ms (keyed= 0.000ms group_by=  0.000ms per_group= 0.001ms)
[pe] round=2372 work=        1 frontier=        2 next=        1 consolidate=  0.001ms frontier=  0.000ms semisort=  0.002ms (keyed= 0.000ms group_by=  0.000ms per_group= 0.001ms)
[pe] round=2373 work=        1 frontier=        2 next=        1 consolidate=  0.001ms frontier=  0.000ms semisort=  0.002ms (keyed= 0.000ms group_by=  0.000ms per_group= 0.001ms)
[pe] round=2374 work=        1 frontier=        2 next=        1 consolidate=  0.001ms frontier=  0.000ms semisort=  0.002ms (keyed= 0.000ms group_by=  0.000ms per_group= 0.001ms)
[pe] round=2375 work=        1 frontier=        2 next=        1 consolidate=  0.002ms frontier=  0.000ms semisort=  0.002ms (keyed= 0.000ms group_by=  0.000ms per_group= 0.001ms)
[pe] round=2376 work=        1 frontier=        2 next=        1 consolidate=  0.001ms frontier=  0.000ms semisort=  0.002ms (keyed= 0.000ms group_by=  0.000ms per_group= 0.001ms)
[pe] round=2377 work=        1 frontier=        2 next=        1 consolidate=  0.002ms frontier=  0.000ms semisort=  0.002ms (keyed= 0.000ms group_by=  0.000ms per_group= 0.001ms)
[pe] round=2378 work=        1 frontier=        2 next=        1 consolidate=  0.002ms frontier=  0.000ms semisort=  0.002ms (keyed= 0.000ms group_by=  0.000ms per_group= 0.001ms)
[pe] round=2379 work=        1 frontier=        2 next=        1 consolidate=  0.002ms frontier=  0.000ms semisort=  0.002ms (keyed= 0.000ms group_by=  0.000ms per_group= 0.001ms)
[pe] round=2380 work=        1 frontier=        2 next=        1 consolidate=  0.002ms frontier=  0.000ms semisort=  0.002ms (keyed= 0.000ms group_by=  0.000ms per_group= 0.001ms)
[pe] round=2381 work=        1 frontier=        2 next=        1 consolidate=  0.001ms frontier=  0.000ms semisort=  0.002ms (keyed= 0.000ms group_by=  0.000ms per_group= 0.001ms)
[pe] round=2382 work=        1 frontier=        2 next=        1 consolidate=  0.002ms frontier=  0.000ms semisort=  0.002ms (keyed= 0.000ms group_by=  0.000ms per_group= 0.001ms)
[pe] round=2383 work=        1 frontier=        2 next=        1 consolidate=  0.001ms frontier=  0.000ms semisort=  0.002ms (keyed= 0.000ms group_by=  0.000ms per_group= 0.001ms)
[pe] round=2384 work=        1 frontier=        2 next=        1 consolidate=  0.002ms frontier=  0.000ms semisort=  0.002ms (keyed= 0.000ms group_by=  0.000ms per_group= 0.001ms)
[pe] round=2385 work=        1 frontier=        2 next=        1 consolidate=  0.001ms frontier=  0.000ms semisort=  0.002ms (keyed= 0.000ms group_by=  0.000ms per_group= 0.001ms)
[pe] round=2386 work=        1 frontier=        2 next=        1 consolidate=  0.002ms frontier=  0.000ms semisort=  0.002ms (keyed= 0.000ms group_by=  0.000ms per_group= 0.001ms)
[pe] round=2387 work=        1 frontier=        2 next=        1 consolidate=  0.001ms frontier=  0.000ms semisort=  0.002ms (keyed= 0.000ms group_by=  0.000ms per_group= 0.001ms)
[pe] round=2388 work=        1 frontier=        2 next=        1 consolidate=  0.002ms frontier=  0.000ms semisort=  0.002ms (keyed= 0.000ms group_by=  0.000ms per_group= 0.001ms)
[pe] round=2389 work=        1 frontier=        2 next=        1 consolidate=  0.001ms frontier=  0.000ms semisort=  0.002ms (keyed= 0.000ms group_by=  0.000ms per_group= 0.001ms)
[pe] round=2390 work=        1 frontier=        2 next=        1 consolidate=  0.002ms frontier=  0.000ms semisort=  0.002ms (keyed= 0.000ms group_by=  0.000ms per_group= 0.001ms)
[pe] round=2391 work=        1 frontier=        2 next=        1 consolidate=  0.001ms frontier=  0.000ms semisort=  0.002ms (keyed= 0.000ms group_by=  0.000ms per_group= 0.001ms)
[pe] round=2392 work=        1 frontier=        2 next=        1 consolidate=  0.001ms frontier=  0.000ms semisort=  0.002ms (keyed= 0.000ms group_by=  0.000ms per_group= 0.001ms)
[pe] round=2393 work=        1 frontier=        2 next=        1 consolidate=  0.001ms frontier=  0.000ms semisort=  0.002ms (keyed= 0.000ms group_by=  0.000ms per_group= 0.001ms)
[pe] round=2394 work=        1 frontier=        2 next=        1 consolidate=  0.001ms frontier=  0.000ms semisort=  0.002ms (keyed= 0.000ms group_by=  0.000ms per_group= 0.001ms)
[pe] round=2395 work=        1 frontier=        2 next=        1 consolidate=  0.001ms frontier=  0.000ms semisort=  0.002ms (keyed= 0.000ms group_by=  0.000ms per_group= 0.001ms)
[pe] round=2396 work=        1 frontier=        2 next=        1 consolidate=  0.001ms frontier=  0.000ms semisort=  0.002ms (keyed= 0.000ms group_by=  0.000ms per_group= 0.001ms)
[pe] round=2397 work=        1 frontier=        2 next=        1 consolidate=  0.001ms frontier=  0.000ms semisort=  0.002ms (keyed= 0.000ms group_by=  0.000ms per_group= 0.001ms)
[pe] round=2398 work=        1 frontier=        2 next=        1 consolidate=  0.002ms frontier=  0.000ms semisort=  0.002ms (keyed= 0.000ms group_by=  0.000ms per_group= 0.001ms)
[pe] round=2399 work=        1 frontier=        2 next=        1 consolidate=  0.001ms frontier=  0.000ms semisort=  0.002ms (keyed= 0.000ms group_by=  0.000ms per_group= 0.001ms)
[pe] round=2400 work=        1 frontier=        2 next=        1 consolidate=  0.002ms frontier=  0.000ms semisort=  0.003ms (keyed= 0.000ms group_by=  0.000ms per_group= 0.001ms)
[pe] round=2401 work=        1 frontier=        2 next=        1 consolidate=  0.002ms frontier=  0.000ms semisort=  0.003ms (keyed= 0.000ms group_by=  0.000ms per_group= 0.001ms)
[pe] round=2402 work=        1 frontier=        2 next=        1 consolidate=  0.002ms frontier=  0.000ms semisort=  0.002ms (keyed= 0.000ms group_by=  0.000ms per_group= 0.001ms)
[pe] round=2403 work=        1 frontier=        2 next=        1 consolidate=  0.001ms frontier=  0.000ms semisort=  0.002ms (keyed= 0.000ms group_by=  0.000ms per_group= 0.001ms)
[pe] round=2404 work=        1 frontier=        2 next=        1 consolidate=  0.001ms frontier=  0.000ms semisort=  0.002ms (keyed= 0.000ms group_by=  0.000ms per_group= 0.001ms)
[pe] round=2405 work=        1 frontier=        2 next=        1 consolidate=  0.001ms frontier=  0.000ms semisort=  0.002ms (keyed= 0.000ms group_by=  0.000ms per_group= 0.001ms)
[pe] round=2406 work=        1 frontier=        2 next=        1 consolidate=  0.001ms frontier=  0.000ms semisort=  0.002ms (keyed= 0.000ms group_by=  0.000ms per_group= 0.001ms)
[pe] round=2407 work=        1 frontier=        2 next=        1 consolidate=  0.001ms frontier=  0.000ms semisort=  0.002ms (keyed= 0.000ms group_by=  0.000ms per_group= 0.001ms)
[pe] round=2408 work=        1 frontier=        2 next=        1 consolidate=  0.001ms frontier=  0.000ms semisort=  0.002ms (keyed= 0.000ms group_by=  0.000ms per_group= 0.001ms)
[pe] round=2409 work=        1 frontier=        2 next=        1 consolidate=  0.001ms frontier=  0.000ms semisort=  0.002ms (keyed= 0.000ms group_by=  0.000ms per_group= 0.001ms)
[pe] round=2410 work=        1 frontier=        2 next=        1 consolidate=  0.002ms frontier=  0.000ms semisort=  0.002ms (keyed= 0.000ms group_by=  0.000ms per_group= 0.001ms)
[pe] round=2411 work=        1 frontier=        2 next=        1 consolidate=  0.001ms frontier=  0.000ms semisort=  0.002ms (keyed= 0.000ms group_by=  0.000ms per_group= 0.001ms)
[pe] round=2412 work=        1 frontier=        2 next=        1 consolidate=  0.002ms frontier=  0.000ms semisort=  0.002ms (keyed= 0.000ms group_by=  0.000ms per_group= 0.001ms)
[pe] round=2413 work=        1 frontier=        2 next=        1 consolidate=  0.001ms frontier=  0.000ms semisort=  0.002ms (keyed= 0.000ms group_by=  0.000ms per_group= 0.001ms)
[pe] round=2414 work=        1 frontier=        2 next=        1 consolidate=  0.001ms frontier=  0.000ms semisort=  0.002ms (keyed= 0.000ms group_by=  0.000ms per_group= 0.001ms)
[pe] round=2415 work=        1 frontier=        2 next=        1 consolidate=  0.001ms frontier=  0.000ms semisort=  0.002ms (keyed= 0.000ms group_by=  0.000ms per_group= 0.001ms)
[pe] round=2416 work=        1 frontier=        2 next=        1 consolidate=  0.001ms frontier=  0.000ms semisort=  0.002ms (keyed= 0.000ms group_by=  0.000ms per_group= 0.001ms)
[pe] round=2417 work=        1 frontier=        2 next=        1 consolidate=  0.001ms frontier=  0.000ms semisort=  0.002ms (keyed= 0.000ms group_by=  0.000ms per_group= 0.001ms)
[pe] round=2418 work=        1 frontier=        2 next=        1 consolidate=  0.001ms frontier=  0.000ms semisort=  0.002ms (keyed= 0.000ms group_by=  0.000ms per_group= 0.001ms)
[pe] round=2419 work=        1 frontier=        2 next=        1 consolidate=  0.001ms frontier=  0.000ms semisort=  0.002ms (keyed= 0.000ms group_by=  0.000ms per_group= 0.001ms)
[pe] round=2420 work=        1 frontier=        2 next=        1 consolidate=  0.002ms frontier=  0.000ms semisort=  0.002ms (keyed= 0.000ms group_by=  0.000ms per_group= 0.001ms)
[pe] round=2421 work=        1 frontier=        2 next=        1 consolidate=  0.001ms frontier=  0.000ms semisort=  0.002ms (keyed= 0.000ms group_by=  0.000ms per_group= 0.001ms)
[pe] round=2422 work=        1 frontier=        2 next=        1 consolidate=  0.002ms frontier=  0.000ms semisort=  0.002ms (keyed= 0.000ms group_by=  0.000ms per_group= 0.001ms)
[pe] round=2423 work=        1 frontier=        2 next=        1 consolidate=  0.001ms frontier=  0.000ms semisort=  0.002ms (keyed= 0.000ms group_by=  0.000ms per_group= 0.001ms)
[pe] round=2424 work=        1 frontier=        2 next=        1 consolidate=  0.002ms frontier=  0.000ms semisort=  0.002ms (keyed= 0.000ms group_by=  0.000ms per_group= 0.001ms)
[pe] round=2425 work=        1 frontier=        2 next=        1 consolidate=  0.001ms frontier=  0.000ms semisort=  0.002ms (keyed= 0.000ms group_by=  0.000ms per_group= 0.001ms)
[pe] round=2426 work=        1 frontier=        2 next=        1 consolidate=  0.002ms frontier=  0.000ms semisort=  0.002ms (keyed= 0.000ms group_by=  0.000ms per_group= 0.001ms)
[pe] round=2427 work=        1 frontier=        2 next=        1 consolidate=  0.001ms frontier=  0.000ms semisort=  0.002ms (keyed= 0.000ms group_by=  0.000ms per_group= 0.001ms)
[pe] round=2428 work=        1 frontier=        2 next=        1 consolidate=  0.002ms frontier=  0.000ms semisort=  0.002ms (keyed= 0.000ms group_by=  0.000ms per_group= 0.001ms)
[pe] round=2429 work=        1 frontier=        2 next=        1 consolidate=  0.001ms frontier=  0.000ms semisort=  0.002ms (keyed= 0.000ms group_by=  0.000ms per_group= 0.001ms)
[pe] round=2430 work=        1 frontier=        2 next=        1 consolidate=  0.002ms frontier=  0.000ms semisort=  0.002ms (keyed= 0.000ms group_by=  0.000ms per_group= 0.001ms)
[pe] round=2431 work=        1 frontier=        2 next=        1 consolidate=  0.001ms frontier=  0.000ms semisort=  0.002ms (keyed= 0.000ms group_by=  0.000ms per_group= 0.001ms)
[pe] round=2432 work=        1 frontier=        2 next=        1 consolidate=  0.002ms frontier=  0.000ms semisort=  0.002ms (keyed= 0.000ms group_by=  0.000ms per_group= 0.001ms)
[pe] round=2433 work=        1 frontier=        2 next=        1 consolidate=  0.001ms frontier=  0.000ms semisort=  0.002ms (keyed= 0.000ms group_by=  0.000ms per_group= 0.001ms)
[pe] round=2434 work=        1 frontier=        2 next=        1 consolidate=  0.002ms frontier=  0.000ms semisort=  0.002ms (keyed= 0.000ms group_by=  0.000ms per_group= 0.001ms)
[pe] round=2435 work=        1 frontier=        2 next=        1 consolidate=  0.001ms frontier=  0.000ms semisort=  0.002ms (keyed= 0.000ms group_by=  0.000ms per_group= 0.001ms)
[pe] round=2436 work=        1 frontier=        2 next=        1 consolidate=  0.001ms frontier=  0.000ms semisort=  0.002ms (keyed= 0.000ms group_by=  0.000ms per_group= 0.001ms)
[pe] round=2437 work=        1 frontier=        2 next=        1 consolidate=  0.001ms frontier=  0.000ms semisort=  0.002ms (keyed= 0.000ms group_by=  0.000ms per_group= 0.001ms)
[pe] round=2438 work=        1 frontier=        2 next=        1 consolidate=  0.002ms frontier=  0.000ms semisort=  0.002ms (keyed= 0.000ms group_by=  0.000ms per_group= 0.001ms)
[pe] round=2439 work=        1 frontier=        2 next=        1 consolidate=  0.002ms frontier=  0.000ms semisort=  0.002ms (keyed= 0.000ms group_by=  0.000ms per_group= 0.001ms)
[pe] round=2440 work=        1 frontier=        2 next=        1 consolidate=  0.002ms frontier=  0.000ms semisort=  0.002ms (keyed= 0.000ms group_by=  0.000ms per_group= 0.001ms)
[pe] round=2441 work=        1 frontier=        2 next=        1 consolidate=  0.002ms frontier=  0.000ms semisort=  0.002ms (keyed= 0.000ms group_by=  0.000ms per_group= 0.001ms)
[pe] round=2442 work=        1 frontier=        2 next=        1 consolidate=  0.002ms frontier=  0.000ms semisort=  0.002ms (keyed= 0.000ms group_by=  0.000ms per_group= 0.001ms)
[pe] round=2443 work=        1 frontier=        2 next=        1 consolidate=  0.002ms frontier=  0.000ms semisort=  0.002ms (keyed= 0.000ms group_by=  0.000ms per_group= 0.001ms)
[pe] round=2444 work=        1 frontier=        2 next=        1 consolidate=  0.001ms frontier=  0.000ms semisort=  0.002ms (keyed= 0.000ms group_by=  0.000ms per_group= 0.001ms)
[pe] round=2445 work=        1 frontier=        2 next=        1 consolidate=  0.002ms frontier=  0.000ms semisort=  0.002ms (keyed= 0.000ms group_by=  0.000ms per_group= 0.001ms)
[pe] round=2446 work=        1 frontier=        2 next=        1 consolidate=  0.002ms frontier=  0.000ms semisort=  0.002ms (keyed= 0.000ms group_by=  0.000ms per_group= 0.001ms)
[pe] round=2447 work=        1 frontier=        2 next=        1 consolidate=  0.002ms frontier=  0.000ms semisort=  0.002ms (keyed= 0.000ms group_by=  0.000ms per_group= 0.001ms)
[pe] round=2448 work=        1 frontier=        2 next=        1 consolidate=  0.002ms frontier=  0.000ms semisort=  0.002ms (keyed= 0.000ms group_by=  0.000ms per_group= 0.001ms)
[pe] round=2449 work=        1 frontier=        2 next=        1 consolidate=  0.002ms frontier=  0.000ms semisort=  0.002ms (keyed= 0.000ms group_by=  0.000ms per_group= 0.001ms)
[pe] round=2450 work=        1 frontier=        2 next=        1 consolidate=  0.001ms frontier=  0.000ms semisort=  0.002ms (keyed= 0.000ms group_by=  0.000ms per_group= 0.001ms)
[pe] round=2451 work=        1 frontier=        2 next=        1 consolidate=  0.002ms frontier=  0.000ms semisort=  0.002ms (keyed= 0.000ms group_by=  0.000ms per_group= 0.001ms)
[pe] round=2452 work=        1 frontier=        2 next=        1 consolidate=  0.002ms frontier=  0.000ms semisort=  0.002ms (keyed= 0.000ms group_by=  0.000ms per_group= 0.001ms)
[pe] round=2453 work=        1 frontier=        2 next=        1 consolidate=  0.002ms frontier=  0.000ms semisort=  0.002ms (keyed= 0.000ms group_by=  0.000ms per_group= 0.001ms)
[pe] round=2454 work=        1 frontier=        2 next=        1 consolidate=  0.002ms frontier=  0.000ms semisort=  0.002ms (keyed= 0.000ms group_by=  0.000ms per_group= 0.001ms)
[pe] round=2455 work=        1 frontier=        2 next=        1 consolidate=  0.002ms frontier=  0.000ms semisort=  0.002ms (keyed= 0.000ms group_by=  0.000ms per_group= 0.001ms)
[pe] round=2456 work=        1 frontier=        2 next=        1 consolidate=  0.002ms frontier=  0.000ms semisort=  0.002ms (keyed= 0.000ms group_by=  0.000ms per_group= 0.001ms)
[pe] round=2457 work=        1 frontier=        2 next=        1 consolidate=  0.002ms frontier=  0.000ms semisort=  0.002ms (keyed= 0.000ms group_by=  0.000ms per_group= 0.001ms)
[pe] round=2458 work=        1 frontier=        2 next=        1 consolidate=  0.002ms frontier=  0.000ms semisort=  0.002ms (keyed= 0.000ms group_by=  0.000ms per_group= 0.001ms)
[pe] round=2459 work=        1 frontier=        2 next=        1 consolidate=  0.002ms frontier=  0.000ms semisort=  0.002ms (keyed= 0.000ms group_by=  0.000ms per_group= 0.001ms)
[pe] round=2460 work=        1 frontier=        2 next=        1 consolidate=  0.001ms frontier=  0.000ms semisort=  0.002ms (keyed= 0.000ms group_by=  0.000ms per_group= 0.001ms)
[pe] round=2461 work=        1 frontier=        2 next=        1 consolidate=  0.002ms frontier=  0.000ms semisort=  0.002ms (keyed= 0.000ms group_by=  0.000ms per_group= 0.001ms)
[pe] round=2462 work=        1 frontier=        2 next=        1 consolidate=  0.002ms frontier=  0.000ms semisort=  0.002ms (keyed= 0.000ms group_by=  0.000ms per_group= 0.001ms)
[pe] round=2463 work=        1 frontier=        2 next=        1 consolidate=  0.002ms frontier=  0.000ms semisort=  0.002ms (keyed= 0.000ms group_by=  0.000ms per_group= 0.001ms)
[pe] round=2464 work=        1 frontier=        2 next=        1 consolidate=  0.002ms frontier=  0.000ms semisort=  0.002ms (keyed= 0.000ms group_by=  0.000ms per_group= 0.001ms)
[pe] round=2465 work=        1 frontier=        2 next=        1 consolidate=  0.002ms frontier=  0.000ms semisort=  0.002ms (keyed= 0.000ms group_by=  0.000ms per_group= 0.001ms)
[pe] round=2466 work=        1 frontier=        2 next=        1 consolidate=  0.002ms frontier=  0.000ms semisort=  0.002ms (keyed= 0.000ms group_by=  0.000ms per_group= 0.001ms)
[pe] round=2467 work=        1 frontier=        2 next=        1 consolidate=  0.002ms frontier=  0.000ms semisort=  0.002ms (keyed= 0.000ms group_by=  0.000ms per_group= 0.001ms)
[pe] round=2468 work=        1 frontier=        2 next=        1 consolidate=  0.002ms frontier=  0.000ms semisort=  0.002ms (keyed= 0.000ms group_by=  0.000ms per_group= 0.001ms)
[pe] round=2469 work=        1 frontier=        2 next=        1 consolidate=  0.002ms frontier=  0.000ms semisort=  0.002ms (keyed= 0.000ms group_by=  0.000ms per_group= 0.001ms)
[pe] round=2470 work=        1 frontier=        2 next=        1 consolidate=  0.001ms frontier=  0.000ms semisort=  0.002ms (keyed= 0.000ms group_by=  0.000ms per_group= 0.001ms)
[pe] round=2471 work=        1 frontier=        2 next=        1 consolidate=  0.002ms frontier=  0.000ms semisort=  0.002ms (keyed= 0.000ms group_by=  0.000ms per_group= 0.001ms)
[pe] round=2472 work=        1 frontier=        2 next=        1 consolidate=  0.002ms frontier=  0.000ms semisort=  0.002ms (keyed= 0.000ms group_by=  0.000ms per_group= 0.001ms)
[pe] round=2473 work=        1 frontier=        2 next=        1 consolidate=  0.002ms frontier=  0.000ms semisort=  0.002ms (keyed= 0.000ms group_by=  0.000ms per_group= 0.001ms)
[pe] round=2474 work=        1 frontier=        2 next=        1 consolidate=  0.002ms frontier=  0.000ms semisort=  0.002ms (keyed= 0.000ms group_by=  0.000ms per_group= 0.001ms)
[pe] round=2475 work=        1 frontier=        2 next=        1 consolidate=  0.002ms frontier=  0.000ms semisort=  0.002ms (keyed= 0.000ms group_by=  0.000ms per_group= 0.001ms)
[pe] round=2476 work=        1 frontier=        2 next=        1 consolidate=  0.002ms frontier=  0.000ms semisort=  0.002ms (keyed= 0.000ms group_by=  0.000ms per_group= 0.001ms)
[pe] round=2477 work=        1 frontier=        2 next=        1 consolidate=  0.002ms frontier=  0.000ms semisort=  0.002ms (keyed= 0.000ms group_by=  0.000ms per_group= 0.001ms)
[pe] round=2478 work=        1 frontier=        2 next=        1 consolidate=  0.002ms frontier=  0.000ms semisort=  0.002ms (keyed= 0.000ms group_by=  0.000ms per_group= 0.001ms)
[pe] round=2479 work=        1 frontier=        2 next=        1 consolidate=  0.002ms frontier=  0.000ms semisort=  0.002ms (keyed= 0.000ms group_by=  0.000ms per_group= 0.001ms)
[pe] round=2480 work=        1 frontier=        2 next=        1 consolidate=  0.001ms frontier=  0.000ms semisort=  0.002ms (keyed= 0.000ms group_by=  0.000ms per_group= 0.001ms)
[pe] round=2481 work=        1 frontier=        2 next=        1 consolidate=  0.002ms frontier=  0.000ms semisort=  0.002ms (keyed= 0.000ms group_by=  0.000ms per_group= 0.001ms)
[pe] round=2482 work=        1 frontier=        2 next=        1 consolidate=  0.002ms frontier=  0.000ms semisort=  0.002ms (keyed= 0.000ms group_by=  0.000ms per_group= 0.001ms)
[pe] round=2483 work=        1 frontier=        2 next=        1 consolidate=  0.002ms frontier=  0.000ms semisort=  0.002ms (keyed= 0.000ms group_by=  0.000ms per_group= 0.001ms)
[pe] round=2484 work=        1 frontier=        2 next=        1 consolidate=  0.002ms frontier=  0.000ms semisort=  0.002ms (keyed= 0.000ms group_by=  0.000ms per_group= 0.001ms)
[pe] round=2485 work=        1 frontier=        2 next=        1 consolidate=  0.002ms frontier=  0.000ms semisort=  0.002ms (keyed= 0.000ms group_by=  0.000ms per_group= 0.001ms)
[pe] round=2486 work=        1 frontier=        2 next=        1 consolidate=  0.002ms frontier=  0.000ms semisort=  0.002ms (keyed= 0.000ms group_by=  0.000ms per_group= 0.001ms)
[pe] round=2487 work=        1 frontier=        2 next=        1 consolidate=  0.002ms frontier=  0.000ms semisort=  0.002ms (keyed= 0.000ms group_by=  0.000ms per_group= 0.001ms)
[pe] round=2488 work=        1 frontier=        2 next=        1 consolidate=  0.002ms frontier=  0.000ms semisort=  0.002ms (keyed= 0.000ms group_by=  0.000ms per_group= 0.001ms)
[pe] round=2489 work=        1 frontier=        2 next=        1 consolidate=  0.002ms frontier=  0.000ms semisort=  0.002ms (keyed= 0.000ms group_by=  0.000ms per_group= 0.001ms)
[pe] round=2490 work=        1 frontier=        2 next=        1 consolidate=  0.002ms frontier=  0.000ms semisort=  0.002ms (keyed= 0.000ms group_by=  0.000ms per_group= 0.001ms)
[pe] round=2491 work=        1 frontier=        2 next=        1 consolidate=  0.002ms frontier=  0.000ms semisort=  0.002ms (keyed= 0.000ms group_by=  0.000ms per_group= 0.001ms)
[pe] round=2492 work=        1 frontier=        2 next=        1 consolidate=  0.002ms frontier=  0.000ms semisort=  0.002ms (keyed= 0.000ms group_by=  0.000ms per_group= 0.001ms)
[pe] round=2493 work=        1 frontier=        2 next=        1 consolidate=  0.002ms frontier=  0.000ms semisort=  0.002ms (keyed= 0.000ms group_by=  0.000ms per_group= 0.001ms)
[pe] round=2494 work=        1 frontier=        2 next=        1 consolidate=  0.001ms frontier=  0.000ms semisort=  0.002ms (keyed= 0.000ms group_by=  0.000ms per_group= 0.001ms)
[pe] round=2495 work=        1 frontier=        2 next=        1 consolidate=  0.002ms frontier=  0.000ms semisort=  0.002ms (keyed= 0.000ms group_by=  0.000ms per_group= 0.001ms)
[pe] round=2496 work=        1 frontier=        2 next=        1 consolidate=  0.002ms frontier=  0.000ms semisort=  0.002ms (keyed= 0.000ms group_by=  0.000ms per_group= 0.001ms)
[pe] round=2497 work=        1 frontier=        2 next=        1 consolidate=  0.001ms frontier=  0.000ms semisort=  0.002ms (keyed= 0.000ms group_by=  0.000ms per_group= 0.001ms)
[pe] round=2498 work=        1 frontier=        2 next=        1 consolidate=  0.002ms frontier=  0.000ms semisort=  0.002ms (keyed= 0.000ms group_by=  0.000ms per_group= 0.001ms)
[pe] round=2499 work=        1 frontier=        2 next=        1 consolidate=  0.001ms frontier=  0.000ms semisort=  0.002ms (keyed= 0.000ms group_by=  0.000ms per_group= 0.001ms)
[pe] round=2500 work=        1 frontier=        2 next=        1 consolidate=  0.001ms frontier=  0.000ms semisort=  0.002ms (keyed= 0.000ms group_by=  0.000ms per_group= 0.001ms)
[pe] round=2501 work=        1 frontier=        2 next=        1 consolidate=  0.001ms frontier=  0.000ms semisort=  0.002ms (keyed= 0.000ms group_by=  0.000ms per_group= 0.001ms)
[pe] round=2502 work=        1 frontier=        2 next=        1 consolidate=  0.002ms frontier=  0.000ms semisort=  0.002ms (keyed= 0.000ms group_by=  0.000ms per_group= 0.001ms)
[pe] round=2503 work=        1 frontier=        2 next=        1 consolidate=  0.001ms frontier=  0.000ms semisort=  0.002ms (keyed= 0.000ms group_by=  0.000ms per_group= 0.001ms)
[pe] round=2504 work=        1 frontier=        2 next=        1 consolidate=  0.002ms frontier=  0.000ms semisort=  0.002ms (keyed= 0.000ms group_by=  0.000ms per_group= 0.001ms)
[pe] round=2505 work=        1 frontier=        2 next=        1 consolidate=  0.001ms frontier=  0.000ms semisort=  0.002ms (keyed= 0.000ms group_by=  0.000ms per_group= 0.001ms)
[pe] round=2506 work=        1 frontier=        2 next=        1 consolidate=  0.002ms frontier=  0.000ms semisort=  0.002ms (keyed= 0.000ms group_by=  0.000ms per_group= 0.001ms)
[pe] round=2507 work=        1 frontier=        2 next=        1 consolidate=  0.001ms frontier=  0.000ms semisort=  0.002ms (keyed= 0.000ms group_by=  0.000ms per_group= 0.001ms)
[pe] round=2508 work=        1 frontier=        2 next=        1 consolidate=  0.002ms frontier=  0.000ms semisort=  0.002ms (keyed= 0.000ms group_by=  0.000ms per_group= 0.001ms)
[pe] round=2509 work=        1 frontier=        2 next=        1 consolidate=  0.001ms frontier=  0.000ms semisort=  0.002ms (keyed= 0.000ms group_by=  0.000ms per_group= 0.001ms)
[pe] round=2510 work=        1 frontier=        2 next=        1 consolidate=  0.001ms frontier=  0.000ms semisort=  0.002ms (keyed= 0.000ms group_by=  0.000ms per_group= 0.001ms)
[pe] round=2511 work=        1 frontier=        2 next=        1 consolidate=  0.001ms frontier=  0.000ms semisort=  0.002ms (keyed= 0.000ms group_by=  0.000ms per_group= 0.001ms)
[pe] round=2512 work=        1 frontier=        2 next=        1 consolidate=  0.002ms frontier=  0.000ms semisort=  0.002ms (keyed= 0.000ms group_by=  0.000ms per_group= 0.001ms)
[pe] round=2513 work=        1 frontier=        2 next=        1 consolidate=  0.001ms frontier=  0.000ms semisort=  0.002ms (keyed= 0.000ms group_by=  0.000ms per_group= 0.001ms)
[pe] round=2514 work=        1 frontier=        2 next=        1 consolidate=  0.002ms frontier=  0.000ms semisort=  0.002ms (keyed= 0.000ms group_by=  0.000ms per_group= 0.001ms)
[pe] round=2515 work=        1 frontier=        2 next=        1 consolidate=  0.001ms frontier=  0.000ms semisort=  0.002ms (keyed= 0.000ms group_by=  0.000ms per_group= 0.001ms)
[pe] round=2516 work=        1 frontier=        2 next=        1 consolidate=  0.002ms frontier=  0.000ms semisort=  0.002ms (keyed= 0.000ms group_by=  0.000ms per_group= 0.001ms)
[pe] round=2517 work=        1 frontier=        2 next=        1 consolidate=  0.001ms frontier=  0.000ms semisort=  0.002ms (keyed= 0.000ms group_by=  0.000ms per_group= 0.001ms)
[pe] round=2518 work=        1 frontier=        2 next=        1 consolidate=  0.002ms frontier=  0.000ms semisort=  0.002ms (keyed= 0.000ms group_by=  0.000ms per_group= 0.001ms)
[pe] round=2519 work=        1 frontier=        2 next=        1 consolidate=  0.001ms frontier=  0.000ms semisort=  0.002ms (keyed= 0.000ms group_by=  0.000ms per_group= 0.001ms)
[pe] round=2520 work=        1 frontier=        2 next=        1 consolidate=  0.001ms frontier=  0.000ms semisort=  0.002ms (keyed= 0.000ms group_by=  0.000ms per_group= 0.001ms)
[pe] round=2521 work=        1 frontier=        2 next=        1 consolidate=  0.001ms frontier=  0.000ms semisort=  0.002ms (keyed= 0.000ms group_by=  0.000ms per_group= 0.001ms)
[pe] round=2522 work=        1 frontier=        2 next=        1 consolidate=  0.006ms frontier=  0.000ms semisort=  0.002ms (keyed= 0.000ms group_by=  0.000ms per_group= 0.001ms)
[pe] round=2523 work=        1 frontier=        2 next=        1 consolidate=  0.001ms frontier=  0.000ms semisort=  0.002ms (keyed= 0.000ms group_by=  0.000ms per_group= 0.001ms)
[pe] round=2524 work=        1 frontier=        2 next=        1 consolidate=  0.001ms frontier=  0.000ms semisort=  0.002ms (keyed= 0.000ms group_by=  0.000ms per_group= 0.001ms)
[pe] round=2525 work=        1 frontier=        2 next=        1 consolidate=  0.001ms frontier=  0.000ms semisort=  0.002ms (keyed= 0.000ms group_by=  0.000ms per_group= 0.001ms)
[pe] round=2526 work=        1 frontier=        2 next=        1 consolidate=  0.002ms frontier=  0.000ms semisort=  0.002ms (keyed= 0.000ms group_by=  0.000ms per_group= 0.001ms)
[pe] round=2527 work=        1 frontier=        2 next=        1 consolidate=  0.001ms frontier=  0.000ms semisort=  0.002ms (keyed= 0.000ms group_by=  0.000ms per_group= 0.001ms)
[pe] round=2528 work=        1 frontier=        2 next=        1 consolidate=  0.001ms frontier=  0.000ms semisort=  0.002ms (keyed= 0.000ms group_by=  0.000ms per_group= 0.001ms)
[pe] round=2529 work=        1 frontier=        2 next=        1 consolidate=  0.001ms frontier=  0.000ms semisort=  0.002ms (keyed= 0.000ms group_by=  0.000ms per_group= 0.001ms)
[pe] round=2530 work=        1 frontier=        2 next=        1 consolidate=  0.002ms frontier=  0.000ms semisort=  0.002ms (keyed= 0.000ms group_by=  0.000ms per_group= 0.001ms)
[pe] round=2531 work=        1 frontier=        2 next=        1 consolidate=  0.001ms frontier=  0.000ms semisort=  0.002ms (keyed= 0.000ms group_by=  0.000ms per_group= 0.001ms)
[pe] round=2532 work=        1 frontier=        2 next=        1 consolidate=  0.002ms frontier=  0.000ms semisort=  0.002ms (keyed= 0.000ms group_by=  0.000ms per_group= 0.001ms)
[pe] round=2533 work=        1 frontier=        2 next=        1 consolidate=  0.001ms frontier=  0.000ms semisort=  0.002ms (keyed= 0.000ms group_by=  0.000ms per_group= 0.001ms)
[pe] round=2534 work=        1 frontier=        2 next=        1 consolidate=  0.002ms frontier=  0.000ms semisort=  0.002ms (keyed= 0.000ms group_by=  0.000ms per_group= 0.001ms)
[pe] round=2535 work=        1 frontier=        2 next=        1 consolidate=  0.001ms frontier=  0.000ms semisort=  0.002ms (keyed= 0.000ms group_by=  0.000ms per_group= 0.001ms)
[pe] round=2536 work=        1 frontier=        2 next=        1 consolidate=  0.002ms frontier=  0.000ms semisort=  0.002ms (keyed= 0.000ms group_by=  0.000ms per_group= 0.001ms)
[pe] round=2537 work=        1 frontier=        2 next=        1 consolidate=  0.001ms frontier=  0.000ms semisort=  0.002ms (keyed= 0.000ms group_by=  0.000ms per_group= 0.001ms)
[pe] round=2538 work=        1 frontier=        2 next=        1 consolidate=  0.001ms frontier=  0.000ms semisort=  0.002ms (keyed= 0.000ms group_by=  0.000ms per_group= 0.001ms)
[pe] round=2539 work=        1 frontier=        2 next=        1 consolidate=  0.001ms frontier=  0.000ms semisort=  0.002ms (keyed= 0.000ms group_by=  0.000ms per_group= 0.001ms)
[pe] round=2540 work=        1 frontier=        2 next=        1 consolidate=  0.002ms frontier=  0.000ms semisort=  0.002ms (keyed= 0.000ms group_by=  0.000ms per_group= 0.001ms)
[pe] round=2541 work=        1 frontier=        2 next=        1 consolidate=  0.001ms frontier=  0.000ms semisort=  0.002ms (keyed= 0.000ms group_by=  0.000ms per_group= 0.001ms)
[pe] round=2542 work=        1 frontier=        2 next=        1 consolidate=  0.002ms frontier=  0.000ms semisort=  0.002ms (keyed= 0.000ms group_by=  0.000ms per_group= 0.001ms)
[pe] round=2543 work=        1 frontier=        2 next=        1 consolidate=  0.001ms frontier=  0.000ms semisort=  0.002ms (keyed= 0.000ms group_by=  0.000ms per_group= 0.001ms)
[pe] round=2544 work=        1 frontier=        2 next=        1 consolidate=  0.002ms frontier=  0.000ms semisort=  0.002ms (keyed= 0.000ms group_by=  0.000ms per_group= 0.001ms)
[pe] round=2545 work=        1 frontier=        2 next=        1 consolidate=  0.001ms frontier=  0.000ms semisort=  0.002ms (keyed= 0.000ms group_by=  0.000ms per_group= 0.001ms)
[pe] round=2546 work=        1 frontier=        2 next=        1 consolidate=  0.002ms frontier=  0.000ms semisort=  0.002ms (keyed= 0.000ms group_by=  0.000ms per_group= 0.001ms)
[pe] round=2547 work=        1 frontier=        2 next=        1 consolidate=  0.001ms frontier=  0.000ms semisort=  0.002ms (keyed= 0.000ms group_by=  0.000ms per_group= 0.001ms)
[pe] round=2548 work=        1 frontier=        2 next=        1 consolidate=  0.001ms frontier=  0.000ms semisort=  0.002ms (keyed= 0.000ms group_by=  0.000ms per_group= 0.001ms)
[pe] round=2549 work=        1 frontier=        2 next=        1 consolidate=  0.001ms frontier=  0.000ms semisort=  0.002ms (keyed= 0.000ms group_by=  0.000ms per_group= 0.001ms)
[pe] round=2550 work=        1 frontier=        2 next=        1 consolidate=  0.002ms frontier=  0.000ms semisort=  0.002ms (keyed= 0.000ms group_by=  0.000ms per_group= 0.001ms)
[pe] round=2551 work=        1 frontier=        2 next=        1 consolidate=  0.001ms frontier=  0.000ms semisort=  0.002ms (keyed= 0.000ms group_by=  0.000ms per_group= 0.001ms)
[pe] round=2552 work=        1 frontier=        2 next=        1 consolidate=  0.001ms frontier=  0.000ms semisort=  0.002ms (keyed= 0.000ms group_by=  0.000ms per_group= 0.001ms)
[pe] round=2553 work=        1 frontier=        2 next=        1 consolidate=  0.001ms frontier=  0.000ms semisort=  0.002ms (keyed= 0.000ms group_by=  0.000ms per_group= 0.001ms)
[pe] round=2554 work=        1 frontier=        2 next=        1 consolidate=  0.002ms frontier=  0.000ms semisort=  0.002ms (keyed= 0.000ms group_by=  0.000ms per_group= 0.001ms)
[pe] round=2555 work=        1 frontier=        2 next=        1 consolidate=  0.001ms frontier=  0.000ms semisort=  0.002ms (keyed= 0.000ms group_by=  0.000ms per_group= 0.001ms)
[pe] round=2556 work=        1 frontier=        2 next=        1 consolidate=  0.002ms frontier=  0.000ms semisort=  0.002ms (keyed= 0.000ms group_by=  0.000ms per_group= 0.001ms)
[pe] round=2557 work=        1 frontier=        2 next=        1 consolidate=  0.001ms frontier=  0.000ms semisort=  0.002ms (keyed= 0.000ms group_by=  0.000ms per_group= 0.001ms)
[pe] round=2558 work=        1 frontier=        2 next=        1 consolidate=  0.002ms frontier=  0.000ms semisort=  0.002ms (keyed= 0.000ms group_by=  0.000ms per_group= 0.001ms)
[pe] round=2559 work=        1 frontier=        2 next=        1 consolidate=  0.001ms frontier=  0.000ms semisort=  0.002ms (keyed= 0.000ms group_by=  0.000ms per_group= 0.001ms)
[pe] round=2560 work=        1 frontier=        2 next=        1 consolidate=  0.002ms frontier=  0.000ms semisort=  0.002ms (keyed= 0.000ms group_by=  0.000ms per_group= 0.001ms)
[pe] round=2561 work=        1 frontier=        2 next=        1 consolidate=  0.001ms frontier=  0.000ms semisort=  0.002ms (keyed= 0.000ms group_by=  0.000ms per_group= 0.001ms)
[pe] round=2562 work=        1 frontier=        2 next=        1 consolidate=  0.002ms frontier=  0.000ms semisort=  0.002ms (keyed= 0.000ms group_by=  0.000ms per_group= 0.001ms)
[pe] round=2563 work=        1 frontier=        2 next=        1 consolidate=  0.001ms frontier=  0.000ms semisort=  0.002ms (keyed= 0.000ms group_by=  0.000ms per_group= 0.001ms)
[pe] round=2564 work=        1 frontier=        2 next=        1 consolidate=  0.002ms frontier=  0.000ms semisort=  0.002ms (keyed= 0.000ms group_by=  0.000ms per_group= 0.001ms)
[pe] round=2565 work=        1 frontier=        2 next=        1 consolidate=  0.001ms frontier=  0.000ms semisort=  0.002ms (keyed= 0.000ms group_by=  0.000ms per_group= 0.001ms)
[pe] round=2566 work=        1 frontier=        2 next=        1 consolidate=  0.002ms frontier=  0.000ms semisort=  0.002ms (keyed= 0.000ms group_by=  0.000ms per_group= 0.001ms)
[pe] round=2567 work=        1 frontier=        2 next=        1 consolidate=  0.001ms frontier=  0.000ms semisort=  0.002ms (keyed= 0.000ms group_by=  0.000ms per_group= 0.001ms)
[pe] round=2568 work=        1 frontier=        2 next=        1 consolidate=  0.002ms frontier=  0.000ms semisort=  0.002ms (keyed= 0.000ms group_by=  0.000ms per_group= 0.001ms)
[pe] round=2569 work=        1 frontier=        2 next=        1 consolidate=  0.001ms frontier=  0.000ms semisort=  0.002ms (keyed= 0.000ms group_by=  0.000ms per_group= 0.001ms)
[pe] round=2570 work=        1 frontier=        2 next=        1 consolidate=  0.001ms frontier=  0.000ms semisort=  0.002ms (keyed= 0.000ms group_by=  0.000ms per_group= 0.001ms)
[pe] round=2571 work=        1 frontier=        2 next=        1 consolidate=  0.001ms frontier=  0.000ms semisort=  0.002ms (keyed= 0.000ms group_by=  0.000ms per_group= 0.001ms)
[pe] round=2572 work=        1 frontier=        2 next=        1 consolidate=  0.001ms frontier=  0.000ms semisort=  0.002ms (keyed= 0.000ms group_by=  0.000ms per_group= 0.001ms)
[pe] round=2573 work=        1 frontier=        2 next=        1 consolidate=  0.001ms frontier=  0.000ms semisort=  0.002ms (keyed= 0.000ms group_by=  0.000ms per_group= 0.001ms)
[pe] round=2574 work=        1 frontier=        2 next=        1 consolidate=  0.001ms frontier=  0.000ms semisort=  0.002ms (keyed= 0.000ms group_by=  0.000ms per_group= 0.001ms)
[pe] round=2575 work=        1 frontier=        2 next=        1 consolidate=  0.001ms frontier=  0.000ms semisort=  0.002ms (keyed= 0.000ms group_by=  0.000ms per_group= 0.001ms)
[pe] round=2576 work=        1 frontier=        2 next=        1 consolidate=  0.002ms frontier=  0.000ms semisort=  0.002ms (keyed= 0.000ms group_by=  0.000ms per_group= 0.001ms)
[pe] round=2577 work=        1 frontier=        2 next=        1 consolidate=  0.001ms frontier=  0.000ms semisort=  0.002ms (keyed= 0.000ms group_by=  0.000ms per_group= 0.001ms)
[pe] round=2578 work=        1 frontier=        2 next=        1 consolidate=  0.002ms frontier=  0.000ms semisort=  0.002ms (keyed= 0.000ms group_by=  0.000ms per_group= 0.001ms)
[pe] round=2579 work=        1 frontier=        2 next=        1 consolidate=  0.001ms frontier=  0.000ms semisort=  0.002ms (keyed= 0.000ms group_by=  0.000ms per_group= 0.001ms)
[pe] round=2580 work=        1 frontier=        2 next=        1 consolidate=  0.002ms frontier=  0.000ms semisort=  0.002ms (keyed= 0.000ms group_by=  0.000ms per_group= 0.001ms)
[pe] round=2581 work=        1 frontier=        2 next=        1 consolidate=  0.001ms frontier=  0.000ms semisort=  0.002ms (keyed= 0.000ms group_by=  0.000ms per_group= 0.001ms)
[pe] round=2582 work=        1 frontier=        2 next=        1 consolidate=  0.002ms frontier=  0.000ms semisort=  0.002ms (keyed= 0.000ms group_by=  0.000ms per_group= 0.001ms)
[pe] round=2583 work=        1 frontier=        2 next=        1 consolidate=  0.002ms frontier=  0.000ms semisort=  0.002ms (keyed= 0.000ms group_by=  0.000ms per_group= 0.001ms)
[pe] round=2584 work=        1 frontier=        2 next=        1 consolidate=  0.001ms frontier=  0.000ms semisort=  0.002ms (keyed= 0.000ms group_by=  0.000ms per_group= 0.001ms)
[pe] round=2585 work=        1 frontier=        2 next=        1 consolidate=  0.002ms frontier=  0.000ms semisort=  0.002ms (keyed= 0.000ms group_by=  0.000ms per_group= 0.001ms)
[pe] round=2586 work=        1 frontier=        2 next=        1 consolidate=  0.001ms frontier=  0.000ms semisort=  0.002ms (keyed= 0.000ms group_by=  0.000ms per_group= 0.001ms)
[pe] round=2587 work=        1 frontier=        2 next=        1 consolidate=  0.002ms frontier=  0.000ms semisort=  0.002ms (keyed= 0.000ms group_by=  0.000ms per_group= 0.001ms)
[pe] round=2588 work=        1 frontier=        2 next=        1 consolidate=  0.001ms frontier=  0.000ms semisort=  0.002ms (keyed= 0.000ms group_by=  0.000ms per_group= 0.001ms)
[pe] round=2589 work=        1 frontier=        2 next=        1 consolidate=  0.002ms frontier=  0.000ms semisort=  0.002ms (keyed= 0.000ms group_by=  0.000ms per_group= 0.001ms)
[pe] round=2590 work=        1 frontier=        2 next=        1 consolidate=  0.001ms frontier=  0.000ms semisort=  0.002ms (keyed= 0.000ms group_by=  0.000ms per_group= 0.001ms)
[pe] round=2591 work=        1 frontier=        2 next=        1 consolidate=  0.002ms frontier=  0.000ms semisort=  0.002ms (keyed= 0.000ms group_by=  0.000ms per_group= 0.001ms)
[pe] round=2592 work=        1 frontier=        2 next=        1 consolidate=  0.001ms frontier=  0.000ms semisort=  0.002ms (keyed= 0.000ms group_by=  0.000ms per_group= 0.001ms)
[pe] round=2593 work=        1 frontier=        2 next=        1 consolidate=  0.002ms frontier=  0.000ms semisort=  0.002ms (keyed= 0.000ms group_by=  0.000ms per_group= 0.001ms)
[pe] round=2594 work=        1 frontier=        2 next=        1 consolidate=  0.001ms frontier=  0.000ms semisort=  0.002ms (keyed= 0.000ms group_by=  0.000ms per_group= 0.001ms)
[pe] round=2595 work=        1 frontier=        2 next=        1 consolidate=  0.002ms frontier=  0.000ms semisort=  0.002ms (keyed= 0.000ms group_by=  0.000ms per_group= 0.001ms)
[pe] round=2596 work=        1 frontier=        2 next=        1 consolidate=  0.001ms frontier=  0.000ms semisort=  0.002ms (keyed= 0.000ms group_by=  0.000ms per_group= 0.001ms)
[pe] round=2597 work=        1 frontier=        2 next=        1 consolidate=  0.001ms frontier=  0.000ms semisort=  0.002ms (keyed= 0.000ms group_by=  0.000ms per_group= 0.001ms)
[pe] round=2598 work=        1 frontier=        2 next=        1 consolidate=  0.001ms frontier=  0.000ms semisort=  0.002ms (keyed= 0.000ms group_by=  0.000ms per_group= 0.001ms)
[pe] round=2599 work=        1 frontier=        2 next=        1 consolidate=  0.001ms frontier=  0.000ms semisort=  0.002ms (keyed= 0.000ms group_by=  0.000ms per_group= 0.001ms)
[pe] round=2600 work=        1 frontier=        2 next=        1 consolidate=  0.001ms frontier=  0.000ms semisort=  0.002ms (keyed= 0.000ms group_by=  0.000ms per_group= 0.001ms)
[pe] round=2601 work=        1 frontier=        2 next=        1 consolidate=  0.001ms frontier=  0.000ms semisort=  0.002ms (keyed= 0.000ms group_by=  0.000ms per_group= 0.001ms)
[pe] round=2602 work=        1 frontier=        2 next=        1 consolidate=  0.001ms frontier=  0.000ms semisort=  0.002ms (keyed= 0.000ms group_by=  0.000ms per_group= 0.001ms)
[pe] round=2603 work=        1 frontier=        2 next=        1 consolidate=  0.002ms frontier=  0.000ms semisort=  0.002ms (keyed= 0.000ms group_by=  0.000ms per_group= 0.001ms)
[pe] round=2604 work=        1 frontier=        2 next=        1 consolidate=  0.001ms frontier=  0.000ms semisort=  0.002ms (keyed= 0.000ms group_by=  0.000ms per_group= 0.001ms)
[pe] round=2605 work=        1 frontier=        2 next=        1 consolidate=  0.002ms frontier=  0.000ms semisort=  0.002ms (keyed= 0.000ms group_by=  0.000ms per_group= 0.001ms)
[pe] round=2606 work=        1 frontier=        2 next=        1 consolidate=  0.001ms frontier=  0.000ms semisort=  0.002ms (keyed= 0.000ms group_by=  0.000ms per_group= 0.001ms)
[pe] round=2607 work=        1 frontier=        2 next=        1 consolidate=  0.002ms frontier=  0.000ms semisort=  0.002ms (keyed= 0.000ms group_by=  0.000ms per_group= 0.001ms)
[pe] round=2608 work=        1 frontier=        2 next=        1 consolidate=  0.001ms frontier=  0.000ms semisort=  0.002ms (keyed= 0.000ms group_by=  0.000ms per_group= 0.001ms)
[pe] round=2609 work=        1 frontier=        2 next=        1 consolidate=  0.002ms frontier=  0.000ms semisort=  0.002ms (keyed= 0.000ms group_by=  0.000ms per_group= 0.001ms)
[pe] round=2610 work=        1 frontier=        2 next=        1 consolidate=  0.001ms frontier=  0.000ms semisort=  0.002ms (keyed= 0.000ms group_by=  0.000ms per_group= 0.001ms)
[pe] round=2611 work=        1 frontier=        2 next=        1 consolidate=  0.001ms frontier=  0.000ms semisort=  0.002ms (keyed= 0.000ms group_by=  0.000ms per_group= 0.001ms)
[pe] round=2612 work=        1 frontier=        2 next=        1 consolidate=  0.001ms frontier=  0.000ms semisort=  0.002ms (keyed= 0.000ms group_by=  0.000ms per_group= 0.001ms)
[pe] round=2613 work=        1 frontier=        2 next=        1 consolidate=  0.001ms frontier=  0.000ms semisort=  0.002ms (keyed= 0.000ms group_by=  0.000ms per_group= 0.001ms)
[pe] round=2614 work=        1 frontier=        2 next=        1 consolidate=  0.001ms frontier=  0.000ms semisort=  0.002ms (keyed= 0.000ms group_by=  0.000ms per_group= 0.001ms)
[pe] round=2615 work=        1 frontier=        2 next=        1 consolidate=  0.001ms frontier=  0.000ms semisort=  0.002ms (keyed= 0.000ms group_by=  0.000ms per_group= 0.001ms)
[pe] round=2616 work=        1 frontier=        2 next=        1 consolidate=  0.001ms frontier=  0.000ms semisort=  0.002ms (keyed= 0.000ms group_by=  0.000ms per_group= 0.001ms)
[pe] round=2617 work=        1 frontier=        2 next=        1 consolidate=  0.002ms frontier=  0.000ms semisort=  0.002ms (keyed= 0.000ms group_by=  0.000ms per_group= 0.001ms)
[pe] round=2618 work=        1 frontier=        2 next=        1 consolidate=  0.001ms frontier=  0.000ms semisort=  0.002ms (keyed= 0.000ms group_by=  0.000ms per_group= 0.001ms)
[pe] round=2619 work=        1 frontier=        2 next=        1 consolidate=  0.002ms frontier=  0.000ms semisort=  0.002ms (keyed= 0.000ms group_by=  0.000ms per_group= 0.001ms)
[pe] round=2620 work=        1 frontier=        2 next=        1 consolidate=  0.001ms frontier=  0.000ms semisort=  0.002ms (keyed= 0.000ms group_by=  0.000ms per_group= 0.001ms)
[pe] round=2621 work=        1 frontier=        2 next=        1 consolidate=  0.002ms frontier=  0.000ms semisort=  0.002ms (keyed= 0.000ms group_by=  0.000ms per_group= 0.001ms)
[pe] round=2622 work=        1 frontier=        2 next=        1 consolidate=  0.001ms frontier=  0.000ms semisort=  0.002ms (keyed= 0.000ms group_by=  0.000ms per_group= 0.001ms)
[pe] round=2623 work=        1 frontier=        2 next=        1 consolidate=  0.002ms frontier=  0.000ms semisort=  0.002ms (keyed= 0.000ms group_by=  0.000ms per_group= 0.001ms)
[pe] round=2624 work=        1 frontier=        2 next=        1 consolidate=  0.001ms frontier=  0.000ms semisort=  0.002ms (keyed= 0.000ms group_by=  0.000ms per_group= 0.001ms)
[pe] round=2625 work=        1 frontier=        2 next=        1 consolidate=  0.002ms frontier=  0.000ms semisort=  0.002ms (keyed= 0.000ms group_by=  0.000ms per_group= 0.001ms)
[pe] round=2626 work=        1 frontier=        2 next=        1 consolidate=  0.001ms frontier=  0.000ms semisort=  0.002ms (keyed= 0.000ms group_by=  0.000ms per_group= 0.001ms)
[pe] round=2627 work=        1 frontier=        2 next=        1 consolidate=  0.002ms frontier=  0.000ms semisort=  0.002ms (keyed= 0.000ms group_by=  0.000ms per_group= 0.001ms)
[pe] round=2628 work=        1 frontier=        2 next=        1 consolidate=  0.001ms frontier=  0.000ms semisort=  0.002ms (keyed= 0.000ms group_by=  0.000ms per_group= 0.001ms)
[pe] round=2629 work=        1 frontier=        2 next=        1 consolidate=  0.002ms frontier=  0.000ms semisort=  0.002ms (keyed= 0.000ms group_by=  0.000ms per_group= 0.001ms)
[pe] round=2630 work=        1 frontier=        2 next=        1 consolidate=  0.001ms frontier=  0.000ms semisort=  0.002ms (keyed= 0.000ms group_by=  0.000ms per_group= 0.001ms)
[pe] round=2631 work=        1 frontier=        2 next=        1 consolidate=  0.002ms frontier=  0.000ms semisort=  0.002ms (keyed= 0.000ms group_by=  0.000ms per_group= 0.001ms)
[pe] round=2632 work=        1 frontier=        2 next=        1 consolidate=  0.001ms frontier=  0.000ms semisort=  0.002ms (keyed= 0.000ms group_by=  0.000ms per_group= 0.001ms)
[pe] round=2633 work=        1 frontier=        2 next=        1 consolidate=  0.002ms frontier=  0.000ms semisort=  0.002ms (keyed= 0.000ms group_by=  0.000ms per_group= 0.001ms)
[pe] round=2634 work=        1 frontier=        2 next=        1 consolidate=  0.001ms frontier=  0.000ms semisort=  0.002ms (keyed= 0.000ms group_by=  0.000ms per_group= 0.001ms)
[pe] round=2635 work=        1 frontier=        2 next=        1 consolidate=  0.002ms frontier=  0.000ms semisort=  0.002ms (keyed= 0.000ms group_by=  0.000ms per_group= 0.001ms)
[pe] round=2636 work=        1 frontier=        2 next=        1 consolidate=  0.001ms frontier=  0.000ms semisort=  0.002ms (keyed= 0.000ms group_by=  0.000ms per_group= 0.001ms)
[pe] round=2637 work=        1 frontier=        2 next=        1 consolidate=  0.002ms frontier=  0.000ms semisort=  0.002ms (keyed= 0.000ms group_by=  0.000ms per_group= 0.001ms)
[pe] round=2638 work=        1 frontier=        2 next=        1 consolidate=  0.001ms frontier=  0.000ms semisort=  0.002ms (keyed= 0.000ms group_by=  0.000ms per_group= 0.001ms)
[pe] round=2639 work=        1 frontier=        2 next=        1 consolidate=  0.002ms frontier=  0.000ms semisort=  0.002ms (keyed= 0.000ms group_by=  0.000ms per_group= 0.001ms)
[pe] round=2640 work=        1 frontier=        2 next=        1 consolidate=  0.001ms frontier=  0.000ms semisort=  0.002ms (keyed= 0.000ms group_by=  0.000ms per_group= 0.001ms)
[pe] round=2641 work=        1 frontier=        2 next=        1 consolidate=  0.002ms frontier=  0.000ms semisort=  0.002ms (keyed= 0.000ms group_by=  0.000ms per_group= 0.001ms)
[pe] round=2642 work=        1 frontier=        2 next=        1 consolidate=  0.001ms frontier=  0.000ms semisort=  0.002ms (keyed= 0.000ms group_by=  0.000ms per_group= 0.001ms)
[pe] round=2643 work=        1 frontier=        2 next=        1 consolidate=  0.002ms frontier=  0.000ms semisort=  0.002ms (keyed= 0.000ms group_by=  0.000ms per_group= 0.001ms)
[pe] round=2644 work=        1 frontier=        2 next=        1 consolidate=  0.001ms frontier=  0.000ms semisort=  0.002ms (keyed= 0.000ms group_by=  0.000ms per_group= 0.001ms)
[pe] round=2645 work=        1 frontier=        2 next=        1 consolidate=  0.002ms frontier=  0.000ms semisort=  0.002ms (keyed= 0.000ms group_by=  0.000ms per_group= 0.001ms)
[pe] round=2646 work=        1 frontier=        2 next=        1 consolidate=  0.001ms frontier=  0.000ms semisort=  0.002ms (keyed= 0.000ms group_by=  0.000ms per_group= 0.001ms)
[pe] round=2647 work=        1 frontier=        2 next=        1 consolidate=  0.002ms frontier=  0.000ms semisort=  0.002ms (keyed= 0.000ms group_by=  0.000ms per_group= 0.001ms)
[pe] round=2648 work=        1 frontier=        2 next=        1 consolidate=  0.001ms frontier=  0.000ms semisort=  0.002ms (keyed= 0.000ms group_by=  0.000ms per_group= 0.001ms)
[pe] round=2649 work=        1 frontier=        2 next=        1 consolidate=  0.002ms frontier=  0.000ms semisort=  0.002ms (keyed= 0.000ms group_by=  0.000ms per_group= 0.001ms)
[pe] round=2650 work=        1 frontier=        2 next=        1 consolidate=  0.001ms frontier=  0.000ms semisort=  0.002ms (keyed= 0.000ms group_by=  0.000ms per_group= 0.001ms)
[pe] round=2651 work=        1 frontier=        2 next=        1 consolidate=  0.002ms frontier=  0.000ms semisort=  0.002ms (keyed= 0.000ms group_by=  0.000ms per_group= 0.001ms)
[pe] round=2652 work=        1 frontier=        2 next=        1 consolidate=  0.001ms frontier=  0.000ms semisort=  0.002ms (keyed= 0.000ms group_by=  0.000ms per_group= 0.001ms)
[pe] round=2653 work=        1 frontier=        2 next=        1 consolidate=  0.002ms frontier=  0.000ms semisort=  0.002ms (keyed= 0.000ms group_by=  0.000ms per_group= 0.001ms)
[pe] round=2654 work=        1 frontier=        2 next=        1 consolidate=  0.001ms frontier=  0.000ms semisort=  0.002ms (keyed= 0.000ms group_by=  0.000ms per_group= 0.001ms)
[pe] round=2655 work=        1 frontier=        2 next=        1 consolidate=  0.002ms frontier=  0.000ms semisort=  0.002ms (keyed= 0.000ms group_by=  0.000ms per_group= 0.001ms)
[pe] round=2656 work=        1 frontier=        2 next=        1 consolidate=  0.001ms frontier=  0.000ms semisort=  0.002ms (keyed= 0.000ms group_by=  0.000ms per_group= 0.001ms)
[pe] round=2657 work=        1 frontier=        2 next=        1 consolidate=  0.002ms frontier=  0.000ms semisort=  0.002ms (keyed= 0.000ms group_by=  0.000ms per_group= 0.001ms)
[pe] round=2658 work=        1 frontier=        2 next=        1 consolidate=  0.001ms frontier=  0.000ms semisort=  0.002ms (keyed= 0.000ms group_by=  0.000ms per_group= 0.001ms)
[pe] round=2659 work=        1 frontier=        2 next=        1 consolidate=  0.002ms frontier=  0.000ms semisort=  0.002ms (keyed= 0.000ms group_by=  0.000ms per_group= 0.001ms)
[pe] round=2660 work=        1 frontier=        2 next=        1 consolidate=  0.001ms frontier=  0.000ms semisort=  0.002ms (keyed= 0.000ms group_by=  0.000ms per_group= 0.001ms)
[pe] round=2661 work=        1 frontier=        2 next=        1 consolidate=  0.002ms frontier=  0.000ms semisort=  0.002ms (keyed= 0.000ms group_by=  0.000ms per_group= 0.001ms)
[pe] round=2662 work=        1 frontier=        2 next=        1 consolidate=  0.001ms frontier=  0.000ms semisort=  0.002ms (keyed= 0.000ms group_by=  0.000ms per_group= 0.001ms)
[pe] round=2663 work=        1 frontier=        2 next=        1 consolidate=  0.002ms frontier=  0.000ms semisort=  0.002ms (keyed= 0.000ms group_by=  0.000ms per_group= 0.001ms)
[pe] round=2664 work=        1 frontier=        2 next=        1 consolidate=  0.001ms frontier=  0.000ms semisort=  0.002ms (keyed= 0.000ms group_by=  0.000ms per_group= 0.001ms)
[pe] round=2665 work=        1 frontier=        2 next=        1 consolidate=  0.002ms frontier=  0.000ms semisort=  0.002ms (keyed= 0.000ms group_by=  0.000ms per_group= 0.001ms)
[pe] round=2666 work=        1 frontier=        2 next=        1 consolidate=  0.001ms frontier=  0.000ms semisort=  0.002ms (keyed= 0.000ms group_by=  0.000ms per_group= 0.001ms)
[pe] round=2667 work=        1 frontier=        2 next=        1 consolidate=  0.001ms frontier=  0.000ms semisort=  0.002ms (keyed= 0.000ms group_by=  0.000ms per_group= 0.001ms)
[pe] round=2668 work=        1 frontier=        2 next=        1 consolidate=  0.004ms frontier=  0.000ms semisort=  0.002ms (keyed= 0.000ms group_by=  0.000ms per_group= 0.001ms)
[pe] round=2669 work=        1 frontier=        2 next=        1 consolidate=  0.001ms frontier=  0.000ms semisort=  0.002ms (keyed= 0.000ms group_by=  0.000ms per_group= 0.001ms)
[pe] round=2670 work=        1 frontier=        2 next=        1 consolidate=  0.001ms frontier=  0.000ms semisort=  0.002ms (keyed= 0.000ms group_by=  0.000ms per_group= 0.001ms)
[pe] round=2671 work=        1 frontier=        2 next=        1 consolidate=  0.001ms frontier=  0.000ms semisort=  0.002ms (keyed= 0.000ms group_by=  0.000ms per_group= 0.001ms)
[pe] round=2672 work=        1 frontier=        2 next=        1 consolidate=  0.001ms frontier=  0.000ms semisort=  0.002ms (keyed= 0.000ms group_by=  0.000ms per_group= 0.001ms)
[pe] round=2673 work=        1 frontier=        2 next=        1 consolidate=  0.001ms frontier=  0.000ms semisort=  0.002ms (keyed= 0.000ms group_by=  0.000ms per_group= 0.001ms)
[pe] round=2674 work=        1 frontier=        2 next=        1 consolidate=  0.001ms frontier=  0.000ms semisort=  0.002ms (keyed= 0.000ms group_by=  0.000ms per_group= 0.001ms)
[pe] round=2675 work=        1 frontier=        2 next=        1 consolidate=  0.001ms frontier=  0.000ms semisort=  0.002ms (keyed= 0.000ms group_by=  0.000ms per_group= 0.001ms)
[pe] round=2676 work=        1 frontier=        2 next=        1 consolidate=  0.001ms frontier=  0.000ms semisort=  0.002ms (keyed= 0.000ms group_by=  0.000ms per_group= 0.001ms)
[pe] round=2677 work=        1 frontier=        2 next=        1 consolidate=  0.001ms frontier=  0.000ms semisort=  0.002ms (keyed= 0.000ms group_by=  0.000ms per_group= 0.001ms)
[pe] round=2678 work=        1 frontier=        2 next=        1 consolidate=  0.001ms frontier=  0.000ms semisort=  0.002ms (keyed= 0.000ms group_by=  0.000ms per_group= 0.001ms)
[pe] round=2679 work=        1 frontier=        2 next=        1 consolidate=  0.001ms frontier=  0.000ms semisort=  0.002ms (keyed= 0.000ms group_by=  0.000ms per_group= 0.001ms)
[pe] round=2680 work=        1 frontier=        2 next=        1 consolidate=  0.001ms frontier=  0.000ms semisort=  0.002ms (keyed= 0.000ms group_by=  0.000ms per_group= 0.001ms)
[pe] round=2681 work=        1 frontier=        2 next=        1 consolidate=  0.001ms frontier=  0.000ms semisort=  0.002ms (keyed= 0.000ms group_by=  0.000ms per_group= 0.001ms)
[pe] round=2682 work=        1 frontier=        2 next=        1 consolidate=  0.001ms frontier=  0.000ms semisort=  0.002ms (keyed= 0.000ms group_by=  0.000ms per_group= 0.001ms)
[pe] round=2683 work=        1 frontier=        2 next=        1 consolidate=  0.001ms frontier=  0.000ms semisort=  0.002ms (keyed= 0.000ms group_by=  0.000ms per_group= 0.001ms)
[pe] round=2684 work=        1 frontier=        2 next=        1 consolidate=  0.001ms frontier=  0.000ms semisort=  0.002ms (keyed= 0.000ms group_by=  0.000ms per_group= 0.001ms)
[pe] round=2685 work=        1 frontier=        2 next=        1 consolidate=  0.001ms frontier=  0.000ms semisort=  0.002ms (keyed= 0.000ms group_by=  0.000ms per_group= 0.001ms)
[pe] round=2686 work=        1 frontier=        2 next=        1 consolidate=  0.001ms frontier=  0.000ms semisort=  0.002ms (keyed= 0.000ms group_by=  0.000ms per_group= 0.001ms)
[pe] round=2687 work=        1 frontier=        2 next=        1 consolidate=  0.001ms frontier=  0.000ms semisort=  0.002ms (keyed= 0.000ms group_by=  0.000ms per_group= 0.001ms)
[pe] round=2688 work=        1 frontier=        2 next=        1 consolidate=  0.001ms frontier=  0.000ms semisort=  0.002ms (keyed= 0.000ms group_by=  0.000ms per_group= 0.001ms)
[pe] round=2689 work=        1 frontier=        2 next=        1 consolidate=  0.001ms frontier=  0.000ms semisort=  0.002ms (keyed= 0.000ms group_by=  0.000ms per_group= 0.001ms)
[pe] round=2690 work=        1 frontier=        2 next=        1 consolidate=  0.001ms frontier=  0.000ms semisort=  0.002ms (keyed= 0.000ms group_by=  0.000ms per_group= 0.001ms)
[pe] round=2691 work=        1 frontier=        2 next=        1 consolidate=  0.001ms frontier=  0.000ms semisort=  0.002ms (keyed= 0.000ms group_by=  0.000ms per_group= 0.001ms)
[pe] round=2692 work=        1 frontier=        2 next=        1 consolidate=  0.001ms frontier=  0.000ms semisort=  0.002ms (keyed= 0.000ms group_by=  0.000ms per_group= 0.001ms)
[pe] round=2693 work=        1 frontier=        2 next=        1 consolidate=  0.001ms frontier=  0.000ms semisort=  0.002ms (keyed= 0.000ms group_by=  0.000ms per_group= 0.001ms)
[pe] round=2694 work=        1 frontier=        2 next=        1 consolidate=  0.001ms frontier=  0.000ms semisort=  0.002ms (keyed= 0.000ms group_by=  0.000ms per_group= 0.001ms)
[pe] round=2695 work=        1 frontier=        2 next=        1 consolidate=  0.002ms frontier=  0.000ms semisort=  0.002ms (keyed= 0.000ms group_by=  0.000ms per_group= 0.001ms)
[pe] round=2696 work=        1 frontier=        2 next=        1 consolidate=  0.001ms frontier=  0.000ms semisort=  0.002ms (keyed= 0.000ms group_by=  0.000ms per_group= 0.001ms)
[pe] round=2697 work=        1 frontier=        2 next=        1 consolidate=  0.002ms frontier=  0.000ms semisort=  0.002ms (keyed= 0.000ms group_by=  0.000ms per_group= 0.001ms)
[pe] round=2698 work=        1 frontier=        2 next=        1 consolidate=  0.001ms frontier=  0.000ms semisort=  0.002ms (keyed= 0.000ms group_by=  0.000ms per_group= 0.001ms)
[pe] round=2699 work=        1 frontier=        2 next=        1 consolidate=  0.002ms frontier=  0.000ms semisort=  0.002ms (keyed= 0.000ms group_by=  0.000ms per_group= 0.001ms)
[pe] round=2700 work=        1 frontier=        2 next=        1 consolidate=  0.001ms frontier=  0.000ms semisort=  0.002ms (keyed= 0.000ms group_by=  0.000ms per_group= 0.001ms)
[pe] round=2701 work=        1 frontier=        2 next=        1 consolidate=  0.002ms frontier=  0.000ms semisort=  0.002ms (keyed= 0.000ms group_by=  0.000ms per_group= 0.001ms)
[pe] round=2702 work=        1 frontier=        2 next=        1 consolidate=  0.001ms frontier=  0.000ms semisort=  0.002ms (keyed= 0.000ms group_by=  0.000ms per_group= 0.001ms)
[pe] round=2703 work=        1 frontier=        2 next=        1 consolidate=  0.002ms frontier=  0.000ms semisort=  0.002ms (keyed= 0.000ms group_by=  0.000ms per_group= 0.001ms)
[pe] round=2704 work=        1 frontier=        2 next=        1 consolidate=  0.001ms frontier=  0.000ms semisort=  0.002ms (keyed= 0.000ms group_by=  0.000ms per_group= 0.001ms)
[pe] round=2705 work=        1 frontier=        2 next=        1 consolidate=  0.002ms frontier=  0.000ms semisort=  0.002ms (keyed= 0.000ms group_by=  0.000ms per_group= 0.001ms)
[pe] round=2706 work=        1 frontier=        2 next=        1 consolidate=  0.001ms frontier=  0.000ms semisort=  0.002ms (keyed= 0.000ms group_by=  0.000ms per_group= 0.001ms)
[pe] round=2707 work=        1 frontier=        2 next=        1 consolidate=  0.002ms frontier=  0.000ms semisort=  0.002ms (keyed= 0.000ms group_by=  0.000ms per_group= 0.001ms)
[pe] round=2708 work=        1 frontier=        2 next=        1 consolidate=  0.001ms frontier=  0.000ms semisort=  0.002ms (keyed= 0.000ms group_by=  0.000ms per_group= 0.001ms)
[pe] round=2709 work=        1 frontier=        2 next=        1 consolidate=  0.001ms frontier=  0.000ms semisort=  0.002ms (keyed= 0.000ms group_by=  0.000ms per_group= 0.001ms)
[pe] round=2710 work=        1 frontier=        2 next=        1 consolidate=  0.001ms frontier=  0.000ms semisort=  0.002ms (keyed= 0.000ms group_by=  0.000ms per_group= 0.001ms)
[pe] round=2711 work=        1 frontier=        2 next=        1 consolidate=  0.001ms frontier=  0.000ms semisort=  0.002ms (keyed= 0.000ms group_by=  0.000ms per_group= 0.001ms)
[pe] round=2712 work=        1 frontier=        2 next=        1 consolidate=  0.001ms frontier=  0.000ms semisort=  0.002ms (keyed= 0.000ms group_by=  0.000ms per_group= 0.001ms)
[pe] round=2713 work=        1 frontier=        2 next=        1 consolidate=  0.001ms frontier=  0.000ms semisort=  0.002ms (keyed= 0.000ms group_by=  0.000ms per_group= 0.001ms)
[pe] round=2714 work=        1 frontier=        2 next=        1 consolidate=  0.001ms frontier=  0.000ms semisort=  0.002ms (keyed= 0.000ms group_by=  0.000ms per_group= 0.001ms)
[pe] round=2715 work=        1 frontier=        2 next=        1 consolidate=  0.002ms frontier=  0.000ms semisort=  0.002ms (keyed= 0.000ms group_by=  0.000ms per_group= 0.001ms)
[pe] round=2716 work=        1 frontier=        2 next=        1 consolidate=  0.001ms frontier=  0.000ms semisort=  0.002ms (keyed= 0.000ms group_by=  0.000ms per_group= 0.001ms)
[pe] round=2717 work=        1 frontier=        2 next=        1 consolidate=  0.002ms frontier=  0.000ms semisort=  0.002ms (keyed= 0.000ms group_by=  0.000ms per_group= 0.001ms)
[pe] round=2718 work=        1 frontier=        2 next=        1 consolidate=  0.001ms frontier=  0.000ms semisort=  0.002ms (keyed= 0.000ms group_by=  0.000ms per_group= 0.001ms)
[pe] round=2719 work=        1 frontier=        2 next=        1 consolidate=  0.002ms frontier=  0.000ms semisort=  0.002ms (keyed= 0.000ms group_by=  0.000ms per_group= 0.001ms)
[pe] round=2720 work=        1 frontier=        2 next=        1 consolidate=  0.001ms frontier=  0.000ms semisort=  0.002ms (keyed= 0.000ms group_by=  0.000ms per_group= 0.001ms)
[pe] round=2721 work=        1 frontier=        2 next=        1 consolidate=  0.002ms frontier=  0.000ms semisort=  0.002ms (keyed= 0.000ms group_by=  0.000ms per_group= 0.001ms)
[pe] round=2722 work=        1 frontier=        2 next=        1 consolidate=  0.001ms frontier=  0.000ms semisort=  0.002ms (keyed= 0.000ms group_by=  0.000ms per_group= 0.001ms)
[pe] round=2723 work=        1 frontier=        2 next=        1 consolidate=  0.001ms frontier=  0.000ms semisort=  0.002ms (keyed= 0.000ms group_by=  0.000ms per_group= 0.001ms)
[pe] round=2724 work=        1 frontier=        2 next=        1 consolidate=  0.001ms frontier=  0.000ms semisort=  0.002ms (keyed= 0.000ms group_by=  0.000ms per_group= 0.001ms)
[pe] round=2725 work=        1 frontier=        2 next=        1 consolidate=  0.001ms frontier=  0.000ms semisort=  0.002ms (keyed= 0.000ms group_by=  0.000ms per_group= 0.001ms)
[pe] round=2726 work=        1 frontier=        2 next=        1 consolidate=  0.001ms frontier=  0.000ms semisort=  0.002ms (keyed= 0.000ms group_by=  0.000ms per_group= 0.001ms)
[pe] round=2727 work=        1 frontier=        2 next=        1 consolidate=  0.001ms frontier=  0.000ms semisort=  0.002ms (keyed= 0.000ms group_by=  0.000ms per_group= 0.001ms)
[pe] round=2728 work=        1 frontier=        2 next=        1 consolidate=  0.001ms frontier=  0.000ms semisort=  0.002ms (keyed= 0.000ms group_by=  0.000ms per_group= 0.001ms)
[pe] round=2729 work=        1 frontier=        2 next=        1 consolidate=  0.002ms frontier=  0.000ms semisort=  0.002ms (keyed= 0.000ms group_by=  0.000ms per_group= 0.001ms)
[pe] round=2730 work=        1 frontier=        2 next=        1 consolidate=  0.001ms frontier=  0.000ms semisort=  0.002ms (keyed= 0.000ms group_by=  0.000ms per_group= 0.001ms)
[pe] round=2731 work=        1 frontier=        2 next=        1 consolidate=  0.002ms frontier=  0.000ms semisort=  0.002ms (keyed= 0.000ms group_by=  0.000ms per_group= 0.001ms)
[pe] round=2732 work=        1 frontier=        2 next=        1 consolidate=  0.001ms frontier=  0.000ms semisort=  0.002ms (keyed= 0.000ms group_by=  0.000ms per_group= 0.001ms)
[pe] round=2733 work=        1 frontier=        2 next=        1 consolidate=  0.002ms frontier=  0.000ms semisort=  0.002ms (keyed= 0.000ms group_by=  0.000ms per_group= 0.001ms)
[pe] round=2734 work=        1 frontier=        2 next=        1 consolidate=  0.001ms frontier=  0.000ms semisort=  0.002ms (keyed= 0.000ms group_by=  0.000ms per_group= 0.001ms)
[pe] round=2735 work=        1 frontier=        2 next=        1 consolidate=  0.002ms frontier=  0.000ms semisort=  0.002ms (keyed= 0.000ms group_by=  0.000ms per_group= 0.001ms)
[pe] round=2736 work=        1 frontier=        2 next=        1 consolidate=  0.001ms frontier=  0.000ms semisort=  0.002ms (keyed= 0.000ms group_by=  0.000ms per_group= 0.001ms)
[pe] round=2737 work=        1 frontier=        2 next=        1 consolidate=  0.001ms frontier=  0.000ms semisort=  0.002ms (keyed= 0.000ms group_by=  0.000ms per_group= 0.001ms)
[pe] round=2738 work=        1 frontier=        2 next=        1 consolidate=  0.001ms frontier=  0.000ms semisort=  0.002ms (keyed= 0.000ms group_by=  0.000ms per_group= 0.001ms)
[pe] round=2739 work=        1 frontier=        2 next=        1 consolidate=  0.001ms frontier=  0.000ms semisort=  0.002ms (keyed= 0.000ms group_by=  0.000ms per_group= 0.001ms)
[pe] round=2740 work=        1 frontier=        2 next=        1 consolidate=  0.001ms frontier=  0.000ms semisort=  0.002ms (keyed= 0.000ms group_by=  0.000ms per_group= 0.001ms)
[pe] round=2741 work=        1 frontier=        2 next=        1 consolidate=  0.001ms frontier=  0.000ms semisort=  0.002ms (keyed= 0.000ms group_by=  0.000ms per_group= 0.001ms)
[pe] round=2742 work=        1 frontier=        2 next=        1 consolidate=  0.001ms frontier=  0.000ms semisort=  0.002ms (keyed= 0.000ms group_by=  0.000ms per_group= 0.001ms)
[pe] round=2743 work=        1 frontier=        2 next=        1 consolidate=  0.002ms frontier=  0.000ms semisort=  0.002ms (keyed= 0.000ms group_by=  0.000ms per_group= 0.001ms)
[pe] round=2744 work=        1 frontier=        2 next=        1 consolidate=  0.001ms frontier=  0.000ms semisort=  0.002ms (keyed= 0.000ms group_by=  0.000ms per_group= 0.001ms)
[pe] round=2745 work=        1 frontier=        2 next=        1 consolidate=  0.002ms frontier=  0.000ms semisort=  0.002ms (keyed= 0.000ms group_by=  0.000ms per_group= 0.001ms)
[pe] round=2746 work=        1 frontier=        2 next=        1 consolidate=  0.001ms frontier=  0.000ms semisort=  0.002ms (keyed= 0.000ms group_by=  0.000ms per_group= 0.001ms)
[pe] round=2747 work=        1 frontier=        2 next=        1 consolidate=  0.002ms frontier=  0.000ms semisort=  0.002ms (keyed= 0.000ms group_by=  0.000ms per_group= 0.001ms)
[pe] round=2748 work=        1 frontier=        2 next=        1 consolidate=  0.001ms frontier=  0.000ms semisort=  0.002ms (keyed= 0.000ms group_by=  0.000ms per_group= 0.001ms)
[pe] round=2749 work=        1 frontier=        2 next=        1 consolidate=  0.002ms frontier=  0.000ms semisort=  0.002ms (keyed= 0.000ms group_by=  0.000ms per_group= 0.001ms)
[pe] round=2750 work=        1 frontier=        2 next=        1 consolidate=  0.001ms frontier=  0.000ms semisort=  0.002ms (keyed= 0.000ms group_by=  0.000ms per_group= 0.001ms)
[pe] round=2751 work=        1 frontier=        2 next=        1 consolidate=  0.001ms frontier=  0.000ms semisort=  0.002ms (keyed= 0.000ms group_by=  0.000ms per_group= 0.001ms)
[pe] round=2752 work=        1 frontier=        2 next=        1 consolidate=  0.001ms frontier=  0.000ms semisort=  0.002ms (keyed= 0.000ms group_by=  0.000ms per_group= 0.001ms)
[pe] round=2753 work=        1 frontier=        2 next=        1 consolidate=  0.001ms frontier=  0.000ms semisort=  0.002ms (keyed= 0.000ms group_by=  0.000ms per_group= 0.001ms)
[pe] round=2754 work=        1 frontier=        2 next=        1 consolidate=  0.001ms frontier=  0.000ms semisort=  0.002ms (keyed= 0.000ms group_by=  0.000ms per_group= 0.001ms)
[pe] round=2755 work=        1 frontier=        2 next=        1 consolidate=  0.002ms frontier=  0.000ms semisort=  0.002ms (keyed= 0.000ms group_by=  0.000ms per_group= 0.001ms)
[pe] round=2756 work=        1 frontier=        2 next=        1 consolidate=  0.001ms frontier=  0.000ms semisort=  0.002ms (keyed= 0.000ms group_by=  0.000ms per_group= 0.001ms)
[pe] round=2757 work=        1 frontier=        2 next=        1 consolidate=  0.002ms frontier=  0.000ms semisort=  0.002ms (keyed= 0.000ms group_by=  0.000ms per_group= 0.001ms)
[pe] round=2758 work=        1 frontier=        2 next=        1 consolidate=  0.001ms frontier=  0.000ms semisort=  0.002ms (keyed= 0.000ms group_by=  0.000ms per_group= 0.001ms)
[pe] round=2759 work=        1 frontier=        2 next=        1 consolidate=  0.002ms frontier=  0.000ms semisort=  0.002ms (keyed= 0.000ms group_by=  0.000ms per_group= 0.001ms)
[pe] round=2760 work=        1 frontier=        2 next=        1 consolidate=  0.001ms frontier=  0.000ms semisort=  0.002ms (keyed= 0.000ms group_by=  0.000ms per_group= 0.001ms)
[pe] round=2761 work=        1 frontier=        2 next=        1 consolidate=  0.002ms frontier=  0.000ms semisort=  0.002ms (keyed= 0.000ms group_by=  0.000ms per_group= 0.001ms)
[pe] round=2762 work=        1 frontier=        2 next=        1 consolidate=  0.001ms frontier=  0.000ms semisort=  0.002ms (keyed= 0.000ms group_by=  0.000ms per_group= 0.001ms)
[pe] round=2763 work=        1 frontier=        2 next=        1 consolidate=  0.002ms frontier=  0.000ms semisort=  0.002ms (keyed= 0.000ms group_by=  0.000ms per_group= 0.001ms)
[pe] round=2764 work=        1 frontier=        2 next=        1 consolidate=  0.001ms frontier=  0.000ms semisort=  0.002ms (keyed= 0.000ms group_by=  0.000ms per_group= 0.001ms)
[pe] round=2765 work=        1 frontier=        2 next=        1 consolidate=  0.002ms frontier=  0.000ms semisort=  0.002ms (keyed= 0.000ms group_by=  0.000ms per_group= 0.001ms)
[pe] round=2766 work=        1 frontier=        2 next=        1 consolidate=  0.001ms frontier=  0.000ms semisort=  0.002ms (keyed= 0.000ms group_by=  0.000ms per_group= 0.001ms)
[pe] round=2767 work=        1 frontier=        2 next=        1 consolidate=  0.002ms frontier=  0.000ms semisort=  0.002ms (keyed= 0.000ms group_by=  0.000ms per_group= 0.001ms)
[pe] round=2768 work=        1 frontier=        2 next=        1 consolidate=  0.001ms frontier=  0.000ms semisort=  0.002ms (keyed= 0.000ms group_by=  0.000ms per_group= 0.001ms)
[pe] round=2769 work=        1 frontier=        2 next=        1 consolidate=  0.002ms frontier=  0.000ms semisort=  0.002ms (keyed= 0.000ms group_by=  0.000ms per_group= 0.001ms)
[pe] round=2770 work=        1 frontier=        2 next=        1 consolidate=  0.001ms frontier=  0.000ms semisort=  0.002ms (keyed= 0.000ms group_by=  0.000ms per_group= 0.001ms)
[pe] round=2771 work=        1 frontier=        2 next=        1 consolidate=  0.001ms frontier=  0.000ms semisort=  0.002ms (keyed= 0.000ms group_by=  0.000ms per_group= 0.001ms)
[pe] round=2772 work=        1 frontier=        2 next=        1 consolidate=  0.001ms frontier=  0.000ms semisort=  0.002ms (keyed= 0.000ms group_by=  0.000ms per_group= 0.001ms)
[pe] round=2773 work=        1 frontier=        2 next=        1 consolidate=  0.001ms frontier=  0.000ms semisort=  0.002ms (keyed= 0.000ms group_by=  0.000ms per_group= 0.001ms)
[pe] round=2774 work=        1 frontier=        2 next=        1 consolidate=  0.001ms frontier=  0.000ms semisort=  0.002ms (keyed= 0.000ms group_by=  0.000ms per_group= 0.001ms)
[pe] round=2775 work=        1 frontier=        2 next=        1 consolidate=  0.001ms frontier=  0.000ms semisort=  0.002ms (keyed= 0.000ms group_by=  0.000ms per_group= 0.001ms)
[pe] round=2776 work=        1 frontier=        2 next=        1 consolidate=  0.001ms frontier=  0.000ms semisort=  0.002ms (keyed= 0.000ms group_by=  0.000ms per_group= 0.001ms)
[pe] round=2777 work=        1 frontier=        2 next=        1 consolidate=  0.001ms frontier=  0.000ms semisort=  0.002ms (keyed= 0.000ms group_by=  0.000ms per_group= 0.001ms)
[pe] round=2778 work=        1 frontier=        2 next=        1 consolidate=  0.001ms frontier=  0.000ms semisort=  0.002ms (keyed= 0.000ms group_by=  0.000ms per_group= 0.001ms)
[pe] round=2779 work=        1 frontier=        2 next=        1 consolidate=  0.001ms frontier=  0.000ms semisort=  0.002ms (keyed= 0.000ms group_by=  0.000ms per_group= 0.001ms)
[pe] round=2780 work=        1 frontier=        2 next=        1 consolidate=  0.001ms frontier=  0.000ms semisort=  0.002ms (keyed= 0.000ms group_by=  0.000ms per_group= 0.001ms)
[pe] round=2781 work=        1 frontier=        2 next=        1 consolidate=  0.001ms frontier=  0.000ms semisort=  0.002ms (keyed= 0.000ms group_by=  0.000ms per_group= 0.001ms)
[pe] round=2782 work=        1 frontier=        2 next=        1 consolidate=  0.001ms frontier=  0.000ms semisort=  0.002ms (keyed= 0.000ms group_by=  0.000ms per_group= 0.001ms)
[pe] round=2783 work=        1 frontier=        2 next=        1 consolidate=  0.001ms frontier=  0.000ms semisort=  0.002ms (keyed= 0.000ms group_by=  0.000ms per_group= 0.001ms)
[pe] round=2784 work=        1 frontier=        2 next=        1 consolidate=  0.001ms frontier=  0.000ms semisort=  0.002ms (keyed= 0.000ms group_by=  0.000ms per_group= 0.001ms)
[pe] round=2785 work=        1 frontier=        2 next=        1 consolidate=  0.001ms frontier=  0.000ms semisort=  0.002ms (keyed= 0.000ms group_by=  0.000ms per_group= 0.001ms)
[pe] round=2786 work=        1 frontier=        2 next=        1 consolidate=  0.001ms frontier=  0.000ms semisort=  0.002ms (keyed= 0.000ms group_by=  0.000ms per_group= 0.001ms)
[pe] round=2787 work=        1 frontier=        2 next=        1 consolidate=  0.001ms frontier=  0.000ms semisort=  0.002ms (keyed= 0.000ms group_by=  0.000ms per_group= 0.001ms)
[pe] round=2788 work=        1 frontier=        2 next=        1 consolidate=  0.001ms frontier=  0.000ms semisort=  0.002ms (keyed= 0.000ms group_by=  0.000ms per_group= 0.001ms)
[pe] round=2789 work=        1 frontier=        2 next=        1 consolidate=  0.001ms frontier=  0.000ms semisort=  0.002ms (keyed= 0.000ms group_by=  0.000ms per_group= 0.001ms)
[pe] round=2790 work=        1 frontier=        2 next=        1 consolidate=  0.001ms frontier=  0.000ms semisort=  0.002ms (keyed= 0.000ms group_by=  0.000ms per_group= 0.001ms)
[pe] round=2791 work=        1 frontier=        2 next=        1 consolidate=  0.001ms frontier=  0.000ms semisort=  0.002ms (keyed= 0.000ms group_by=  0.000ms per_group= 0.001ms)
[pe] round=2792 work=        1 frontier=        2 next=        1 consolidate=  0.001ms frontier=  0.000ms semisort=  0.002ms (keyed= 0.000ms group_by=  0.000ms per_group= 0.001ms)
[pe] round=2793 work=        1 frontier=        2 next=        1 consolidate=  0.001ms frontier=  0.000ms semisort=  0.002ms (keyed= 0.000ms group_by=  0.000ms per_group= 0.001ms)
[pe] round=2794 work=        1 frontier=        2 next=        1 consolidate=  0.001ms frontier=  0.000ms semisort=  0.002ms (keyed= 0.000ms group_by=  0.000ms per_group= 0.001ms)
[pe] round=2795 work=        1 frontier=        2 next=        1 consolidate=  0.001ms frontier=  0.000ms semisort=  0.002ms (keyed= 0.000ms group_by=  0.000ms per_group= 0.001ms)
[pe] round=2796 work=        1 frontier=        2 next=        1 consolidate=  0.001ms frontier=  0.000ms semisort=  0.002ms (keyed= 0.000ms group_by=  0.000ms per_group= 0.001ms)
[pe] round=2797 work=        1 frontier=        2 next=        1 consolidate=  0.001ms frontier=  0.000ms semisort=  0.002ms (keyed= 0.000ms group_by=  0.000ms per_group= 0.001ms)
[pe] round=2798 work=        1 frontier=        2 next=        1 consolidate=  0.001ms frontier=  0.000ms semisort=  0.002ms (keyed= 0.000ms group_by=  0.000ms per_group= 0.001ms)
[pe] round=2799 work=        1 frontier=        2 next=        1 consolidate=  0.001ms frontier=  0.000ms semisort=  0.002ms (keyed= 0.000ms group_by=  0.000ms per_group= 0.001ms)
[pe] round=2800 work=        1 frontier=        2 next=        1 consolidate=  0.001ms frontier=  0.000ms semisort=  0.002ms (keyed= 0.000ms group_by=  0.000ms per_group= 0.001ms)
[pe] round=2801 work=        1 frontier=        2 next=        1 consolidate=  0.001ms frontier=  0.000ms semisort=  0.002ms (keyed= 0.000ms group_by=  0.000ms per_group= 0.001ms)
[pe] round=2802 work=        1 frontier=        2 next=        1 consolidate=  0.001ms frontier=  0.000ms semisort=  0.002ms (keyed= 0.000ms group_by=  0.000ms per_group= 0.001ms)
[pe] round=2803 work=        1 frontier=        2 next=        1 consolidate=  0.001ms frontier=  0.000ms semisort=  0.002ms (keyed= 0.000ms group_by=  0.000ms per_group= 0.001ms)
[pe] round=2804 work=        1 frontier=        2 next=        1 consolidate=  0.001ms frontier=  0.000ms semisort=  0.002ms (keyed= 0.000ms group_by=  0.000ms per_group= 0.001ms)
[pe] round=2805 work=        1 frontier=        2 next=        1 consolidate=  0.001ms frontier=  0.000ms semisort=  0.002ms (keyed= 0.000ms group_by=  0.000ms per_group= 0.001ms)
[pe] round=2806 work=        1 frontier=        2 next=        1 consolidate=  0.001ms frontier=  0.000ms semisort=  0.002ms (keyed= 0.000ms group_by=  0.000ms per_group= 0.001ms)
[pe] round=2807 work=        1 frontier=        2 next=        1 consolidate=  0.001ms frontier=  0.000ms semisort=  0.002ms (keyed= 0.000ms group_by=  0.000ms per_group= 0.001ms)
[pe] round=2808 work=        1 frontier=        2 next=        1 consolidate=  0.001ms frontier=  0.000ms semisort=  0.002ms (keyed= 0.000ms group_by=  0.000ms per_group= 0.001ms)
[pe] round=2809 work=        1 frontier=        2 next=        1 consolidate=  0.001ms frontier=  0.000ms semisort=  0.002ms (keyed= 0.000ms group_by=  0.000ms per_group= 0.001ms)
[pe] round=2810 work=        1 frontier=        2 next=        1 consolidate=  0.001ms frontier=  0.000ms semisort=  0.002ms (keyed= 0.000ms group_by=  0.000ms per_group= 0.001ms)
[pe] round=2811 work=        1 frontier=        2 next=        1 consolidate=  0.001ms frontier=  0.000ms semisort=  0.002ms (keyed= 0.000ms group_by=  0.000ms per_group= 0.001ms)
[pe] round=2812 work=        1 frontier=        2 next=        1 consolidate=  0.001ms frontier=  0.000ms semisort=  0.002ms (keyed= 0.000ms group_by=  0.000ms per_group= 0.001ms)
[pe] round=2813 work=        1 frontier=        2 next=        1 consolidate=  0.001ms frontier=  0.000ms semisort=  0.002ms (keyed= 0.000ms group_by=  0.000ms per_group= 0.001ms)
[pe] round=2814 work=        1 frontier=        2 next=        1 consolidate=  0.001ms frontier=  0.000ms semisort=  0.002ms (keyed= 0.000ms group_by=  0.000ms per_group= 0.001ms)
[pe] round=2815 work=        1 frontier=        2 next=        1 consolidate=  0.001ms frontier=  0.000ms semisort=  0.002ms (keyed= 0.000ms group_by=  0.000ms per_group= 0.001ms)
[pe] round=2816 work=        1 frontier=        2 next=        1 consolidate=  0.001ms frontier=  0.000ms semisort=  0.002ms (keyed= 0.000ms group_by=  0.000ms per_group= 0.001ms)
[pe] round=2817 work=        1 frontier=        2 next=        1 consolidate=  0.001ms frontier=  0.000ms semisort=  0.002ms (keyed= 0.000ms group_by=  0.000ms per_group= 0.001ms)
[pe] round=2818 work=        1 frontier=        2 next=        1 consolidate=  0.001ms frontier=  0.000ms semisort=  0.002ms (keyed= 0.000ms group_by=  0.000ms per_group= 0.001ms)
[pe] round=2819 work=        1 frontier=        2 next=        1 consolidate=  0.002ms frontier=  0.000ms semisort=  0.003ms (keyed= 0.000ms group_by=  0.000ms per_group= 0.001ms)
[pe] round=2820 work=        1 frontier=        2 next=        1 consolidate=  0.002ms frontier=  0.000ms semisort=  0.002ms (keyed= 0.000ms group_by=  0.000ms per_group= 0.001ms)
[pe] round=2821 work=        1 frontier=        2 next=        1 consolidate=  0.001ms frontier=  0.000ms semisort=  0.002ms (keyed= 0.000ms group_by=  0.000ms per_group= 0.001ms)
[pe] round=2822 work=        1 frontier=        2 next=        1 consolidate=  0.001ms frontier=  0.000ms semisort=  0.002ms (keyed= 0.000ms group_by=  0.000ms per_group= 0.001ms)
[pe] round=2823 work=        1 frontier=        2 next=        1 consolidate=  0.001ms frontier=  0.000ms semisort=  0.002ms (keyed= 0.000ms group_by=  0.000ms per_group= 0.001ms)
[pe] round=2824 work=        1 frontier=        2 next=        1 consolidate=  0.001ms frontier=  0.000ms semisort=  0.002ms (keyed= 0.000ms group_by=  0.000ms per_group= 0.001ms)
[pe] round=2825 work=        1 frontier=        2 next=        1 consolidate=  0.001ms frontier=  0.000ms semisort=  0.002ms (keyed= 0.000ms group_by=  0.000ms per_group= 0.001ms)
[pe] round=2826 work=        1 frontier=        2 next=        1 consolidate=  0.001ms frontier=  0.000ms semisort=  0.002ms (keyed= 0.000ms group_by=  0.000ms per_group= 0.001ms)
[pe] round=2827 work=        1 frontier=        2 next=        1 consolidate=  0.001ms frontier=  0.000ms semisort=  0.002ms (keyed= 0.000ms group_by=  0.000ms per_group= 0.001ms)
[pe] round=2828 work=        1 frontier=        2 next=        1 consolidate=  0.001ms frontier=  0.000ms semisort=  0.002ms (keyed= 0.000ms group_by=  0.000ms per_group= 0.001ms)
[pe] round=2829 work=        1 frontier=        2 next=        1 consolidate=  0.001ms frontier=  0.000ms semisort=  0.002ms (keyed= 0.000ms group_by=  0.000ms per_group= 0.001ms)
[pe] round=2830 work=        1 frontier=        2 next=        1 consolidate=  0.001ms frontier=  0.000ms semisort=  0.002ms (keyed= 0.000ms group_by=  0.000ms per_group= 0.001ms)
[pe] round=2831 work=        1 frontier=        2 next=        1 consolidate=  0.001ms frontier=  0.000ms semisort=  0.002ms (keyed= 0.000ms group_by=  0.000ms per_group= 0.001ms)
[pe] round=2832 work=        1 frontier=        2 next=        1 consolidate=  0.001ms frontier=  0.000ms semisort=  0.002ms (keyed= 0.000ms group_by=  0.000ms per_group= 0.001ms)
[pe] round=2833 work=        1 frontier=        2 next=        1 consolidate=  0.001ms frontier=  0.000ms semisort=  0.002ms (keyed= 0.000ms group_by=  0.000ms per_group= 0.001ms)
[pe] round=2834 work=        1 frontier=        2 next=        1 consolidate=  0.001ms frontier=  0.000ms semisort=  0.002ms (keyed= 0.000ms group_by=  0.000ms per_group= 0.001ms)
[pe] round=2835 work=        1 frontier=        2 next=        1 consolidate=  0.001ms frontier=  0.000ms semisort=  0.002ms (keyed= 0.000ms group_by=  0.000ms per_group= 0.001ms)
[pe] round=2836 work=        1 frontier=        2 next=        1 consolidate=  0.001ms frontier=  0.000ms semisort=  0.002ms (keyed= 0.000ms group_by=  0.000ms per_group= 0.001ms)
[pe] round=2837 work=        1 frontier=        2 next=        1 consolidate=  0.001ms frontier=  0.000ms semisort=  0.002ms (keyed= 0.000ms group_by=  0.000ms per_group= 0.001ms)
[pe] round=2838 work=        1 frontier=        2 next=        1 consolidate=  0.001ms frontier=  0.000ms semisort=  0.002ms (keyed= 0.000ms group_by=  0.000ms per_group= 0.001ms)
[pe] round=2839 work=        1 frontier=        2 next=        1 consolidate=  0.001ms frontier=  0.000ms semisort=  0.002ms (keyed= 0.000ms group_by=  0.000ms per_group= 0.001ms)
[pe] round=2840 work=        1 frontier=        2 next=        1 consolidate=  0.001ms frontier=  0.000ms semisort=  0.002ms (keyed= 0.000ms group_by=  0.000ms per_group= 0.001ms)
[pe] round=2841 work=        1 frontier=        2 next=        1 consolidate=  0.001ms frontier=  0.000ms semisort=  0.002ms (keyed= 0.000ms group_by=  0.000ms per_group= 0.001ms)
[pe] round=2842 work=        1 frontier=        2 next=        1 consolidate=  0.001ms frontier=  0.000ms semisort=  0.002ms (keyed= 0.000ms group_by=  0.000ms per_group= 0.001ms)
[pe] round=2843 work=        1 frontier=        2 next=        1 consolidate=  0.001ms frontier=  0.000ms semisort=  0.002ms (keyed= 0.000ms group_by=  0.000ms per_group= 0.001ms)
[pe] round=2844 work=        1 frontier=        2 next=        1 consolidate=  0.001ms frontier=  0.000ms semisort=  0.002ms (keyed= 0.000ms group_by=  0.000ms per_group= 0.001ms)
[pe] round=2845 work=        1 frontier=        2 next=        1 consolidate=  0.001ms frontier=  0.000ms semisort=  0.002ms (keyed= 0.000ms group_by=  0.000ms per_group= 0.001ms)
[pe] round=2846 work=        1 frontier=        2 next=        1 consolidate=  0.001ms frontier=  0.000ms semisort=  0.002ms (keyed= 0.000ms group_by=  0.000ms per_group= 0.001ms)
[pe] round=2847 work=        1 frontier=        2 next=        1 consolidate=  0.001ms frontier=  0.000ms semisort=  0.002ms (keyed= 0.000ms group_by=  0.000ms per_group= 0.001ms)
[pe] round=2848 work=        1 frontier=        2 next=        1 consolidate=  0.001ms frontier=  0.000ms semisort=  0.002ms (keyed= 0.000ms group_by=  0.000ms per_group= 0.001ms)
[pe] round=2849 work=        1 frontier=        2 next=        1 consolidate=  0.001ms frontier=  0.000ms semisort=  0.002ms (keyed= 0.000ms group_by=  0.000ms per_group= 0.001ms)
[pe] round=2850 work=        1 frontier=        2 next=        1 consolidate=  0.001ms frontier=  0.000ms semisort=  0.002ms (keyed= 0.000ms group_by=  0.000ms per_group= 0.001ms)
[pe] round=2851 work=        1 frontier=        2 next=        1 consolidate=  0.001ms frontier=  0.000ms semisort=  0.002ms (keyed= 0.000ms group_by=  0.000ms per_group= 0.001ms)
[pe] round=2852 work=        1 frontier=        2 next=        1 consolidate=  0.001ms frontier=  0.000ms semisort=  0.002ms (keyed= 0.000ms group_by=  0.000ms per_group= 0.001ms)
[pe] round=2853 work=        1 frontier=        2 next=        1 consolidate=  0.001ms frontier=  0.000ms semisort=  0.002ms (keyed= 0.000ms group_by=  0.000ms per_group= 0.001ms)
[pe] round=2854 work=        1 frontier=        2 next=        1 consolidate=  0.001ms frontier=  0.000ms semisort=  0.002ms (keyed= 0.000ms group_by=  0.000ms per_group= 0.001ms)
[pe] round=2855 work=        1 frontier=        2 next=        1 consolidate=  0.001ms frontier=  0.000ms semisort=  0.002ms (keyed= 0.000ms group_by=  0.000ms per_group= 0.001ms)
[pe] round=2856 work=        1 frontier=        2 next=        1 consolidate=  0.001ms frontier=  0.000ms semisort=  0.002ms (keyed= 0.000ms group_by=  0.000ms per_group= 0.001ms)
[pe] round=2857 work=        1 frontier=        2 next=        1 consolidate=  0.001ms frontier=  0.000ms semisort=  0.002ms (keyed= 0.000ms group_by=  0.000ms per_group= 0.001ms)
[pe] round=2858 work=        1 frontier=        2 next=        1 consolidate=  0.001ms frontier=  0.000ms semisort=  0.002ms (keyed= 0.000ms group_by=  0.000ms per_group= 0.001ms)
[pe] round=2859 work=        1 frontier=        2 next=        1 consolidate=  0.001ms frontier=  0.000ms semisort=  0.002ms (keyed= 0.000ms group_by=  0.000ms per_group= 0.001ms)
[pe] round=2860 work=        1 frontier=        2 next=        1 consolidate=  0.001ms frontier=  0.000ms semisort=  0.002ms (keyed= 0.000ms group_by=  0.000ms per_group= 0.001ms)
[pe] round=2861 work=        1 frontier=        2 next=        1 consolidate=  0.001ms frontier=  0.000ms semisort=  0.002ms (keyed= 0.000ms group_by=  0.000ms per_group= 0.001ms)
[pe] round=2862 work=        1 frontier=        2 next=        1 consolidate=  0.001ms frontier=  0.000ms semisort=  0.002ms (keyed= 0.000ms group_by=  0.000ms per_group= 0.001ms)
[pe] round=2863 work=        1 frontier=        2 next=        1 consolidate=  0.001ms frontier=  0.000ms semisort=  0.002ms (keyed= 0.000ms group_by=  0.000ms per_group= 0.001ms)
[pe] round=2864 work=        1 frontier=        2 next=        1 consolidate=  0.001ms frontier=  0.000ms semisort=  0.002ms (keyed= 0.000ms group_by=  0.000ms per_group= 0.001ms)
[pe] round=2865 work=        1 frontier=        2 next=        1 consolidate=  0.001ms frontier=  0.000ms semisort=  0.002ms (keyed= 0.000ms group_by=  0.000ms per_group= 0.001ms)
[pe] round=2866 work=        1 frontier=        2 next=        1 consolidate=  0.001ms frontier=  0.000ms semisort=  0.002ms (keyed= 0.000ms group_by=  0.000ms per_group= 0.001ms)
[pe] round=2867 work=        1 frontier=        2 next=        1 consolidate=  0.001ms frontier=  0.000ms semisort=  0.002ms (keyed= 0.000ms group_by=  0.000ms per_group= 0.001ms)
[pe] round=2868 work=        1 frontier=        2 next=        1 consolidate=  0.001ms frontier=  0.000ms semisort=  0.002ms (keyed= 0.000ms group_by=  0.000ms per_group= 0.001ms)
[pe] round=2869 work=        1 frontier=        2 next=        1 consolidate=  0.001ms frontier=  0.000ms semisort=  0.002ms (keyed= 0.000ms group_by=  0.000ms per_group= 0.001ms)
[pe] round=2870 work=        1 frontier=        2 next=        1 consolidate=  0.001ms frontier=  0.000ms semisort=  0.002ms (keyed= 0.000ms group_by=  0.000ms per_group= 0.001ms)
[pe] round=2871 work=        1 frontier=        2 next=        1 consolidate=  0.001ms frontier=  0.000ms semisort=  0.002ms (keyed= 0.000ms group_by=  0.000ms per_group= 0.001ms)
[pe] round=2872 work=        1 frontier=        2 next=        1 consolidate=  0.001ms frontier=  0.000ms semisort=  0.002ms (keyed= 0.000ms group_by=  0.000ms per_group= 0.001ms)
[pe] round=2873 work=        1 frontier=        2 next=        1 consolidate=  0.001ms frontier=  0.000ms semisort=  0.002ms (keyed= 0.000ms group_by=  0.000ms per_group= 0.001ms)
[pe] round=2874 work=        1 frontier=        2 next=        1 consolidate=  0.001ms frontier=  0.000ms semisort=  0.002ms (keyed= 0.000ms group_by=  0.000ms per_group= 0.001ms)
[pe] round=2875 work=        1 frontier=        2 next=        1 consolidate=  0.001ms frontier=  0.000ms semisort=  0.002ms (keyed= 0.000ms group_by=  0.000ms per_group= 0.001ms)
[pe] round=2876 work=        1 frontier=        2 next=        1 consolidate=  0.001ms frontier=  0.000ms semisort=  0.002ms (keyed= 0.000ms group_by=  0.000ms per_group= 0.001ms)
[pe] round=2877 work=        1 frontier=        2 next=        1 consolidate=  0.001ms frontier=  0.000ms semisort=  0.002ms (keyed= 0.000ms group_by=  0.000ms per_group= 0.001ms)
[pe] round=2878 work=        1 frontier=        2 next=        1 consolidate=  0.001ms frontier=  0.000ms semisort=  0.002ms (keyed= 0.000ms group_by=  0.000ms per_group= 0.001ms)
[pe] round=2879 work=        1 frontier=        2 next=        1 consolidate=  0.001ms frontier=  0.000ms semisort=  0.002ms (keyed= 0.000ms group_by=  0.000ms per_group= 0.001ms)
[pe] round=2880 work=        1 frontier=        2 next=        1 consolidate=  0.001ms frontier=  0.000ms semisort=  0.002ms (keyed= 0.000ms group_by=  0.000ms per_group= 0.001ms)
[pe] round=2881 work=        1 frontier=        2 next=        1 consolidate=  0.001ms frontier=  0.000ms semisort=  0.002ms (keyed= 0.000ms group_by=  0.000ms per_group= 0.001ms)
[pe] round=2882 work=        1 frontier=        2 next=        1 consolidate=  0.001ms frontier=  0.000ms semisort=  0.002ms (keyed= 0.000ms group_by=  0.000ms per_group= 0.001ms)
[pe] round=2883 work=        1 frontier=        2 next=        1 consolidate=  0.001ms frontier=  0.000ms semisort=  0.002ms (keyed= 0.000ms group_by=  0.000ms per_group= 0.001ms)
[pe] round=2884 work=        1 frontier=        2 next=        1 consolidate=  0.001ms frontier=  0.000ms semisort=  0.002ms (keyed= 0.000ms group_by=  0.000ms per_group= 0.001ms)
[pe] round=2885 work=        1 frontier=        2 next=        1 consolidate=  0.001ms frontier=  0.000ms semisort=  0.002ms (keyed= 0.000ms group_by=  0.000ms per_group= 0.001ms)
[pe] round=2886 work=        1 frontier=        2 next=        1 consolidate=  0.001ms frontier=  0.000ms semisort=  0.002ms (keyed= 0.000ms group_by=  0.000ms per_group= 0.001ms)
[pe] round=2887 work=        1 frontier=        2 next=        1 consolidate=  0.001ms frontier=  0.000ms semisort=  0.002ms (keyed= 0.000ms group_by=  0.000ms per_group= 0.001ms)
[pe] round=2888 work=        1 frontier=        2 next=        1 consolidate=  0.001ms frontier=  0.000ms semisort=  0.002ms (keyed= 0.000ms group_by=  0.000ms per_group= 0.001ms)
[pe] round=2889 work=        1 frontier=        2 next=        1 consolidate=  0.001ms frontier=  0.000ms semisort=  0.002ms (keyed= 0.000ms group_by=  0.000ms per_group= 0.001ms)
[pe] round=2890 work=        1 frontier=        2 next=        1 consolidate=  0.001ms frontier=  0.000ms semisort=  0.002ms (keyed= 0.000ms group_by=  0.000ms per_group= 0.001ms)
[pe] round=2891 work=        1 frontier=        2 next=        1 consolidate=  0.001ms frontier=  0.000ms semisort=  0.002ms (keyed= 0.000ms group_by=  0.000ms per_group= 0.001ms)
[pe] round=2892 work=        1 frontier=        2 next=        1 consolidate=  0.001ms frontier=  0.000ms semisort=  0.002ms (keyed= 0.000ms group_by=  0.000ms per_group= 0.001ms)
[pe] round=2893 work=        1 frontier=        2 next=        1 consolidate=  0.002ms frontier=  0.000ms semisort=  0.002ms (keyed= 0.000ms group_by=  0.000ms per_group= 0.001ms)
[pe] round=2894 work=        1 frontier=        2 next=        1 consolidate=  0.001ms frontier=  0.000ms semisort=  0.002ms (keyed= 0.000ms group_by=  0.000ms per_group= 0.001ms)
[pe] round=2895 work=        1 frontier=        2 next=        1 consolidate=  0.001ms frontier=  0.000ms semisort=  0.002ms (keyed= 0.000ms group_by=  0.000ms per_group= 0.001ms)
[pe] round=2896 work=        1 frontier=        2 next=        1 consolidate=  0.001ms frontier=  0.000ms semisort=  0.002ms (keyed= 0.000ms group_by=  0.000ms per_group= 0.001ms)
[pe] round=2897 work=        1 frontier=        2 next=        1 consolidate=  0.001ms frontier=  0.000ms semisort=  0.002ms (keyed= 0.000ms group_by=  0.000ms per_group= 0.001ms)
[pe] round=2898 work=        1 frontier=        2 next=        1 consolidate=  0.001ms frontier=  0.000ms semisort=  0.002ms (keyed= 0.000ms group_by=  0.000ms per_group= 0.001ms)
[pe] round=2899 work=        1 frontier=        2 next=        1 consolidate=  0.002ms frontier=  0.000ms semisort=  0.002ms (keyed= 0.000ms group_by=  0.000ms per_group= 0.001ms)
[pe] round=2900 work=        1 frontier=        2 next=        1 consolidate=  0.001ms frontier=  0.000ms semisort=  0.002ms (keyed= 0.000ms group_by=  0.000ms per_group= 0.001ms)
[pe] round=2901 work=        1 frontier=        2 next=        1 consolidate=  0.002ms frontier=  0.000ms semisort=  0.002ms (keyed= 0.000ms group_by=  0.000ms per_group= 0.001ms)
[pe] round=2902 work=        1 frontier=        2 next=        1 consolidate=  0.001ms frontier=  0.000ms semisort=  0.002ms (keyed= 0.000ms group_by=  0.000ms per_group= 0.001ms)
[pe] round=2903 work=        1 frontier=        2 next=        1 consolidate=  0.002ms frontier=  0.000ms semisort=  0.002ms (keyed= 0.000ms group_by=  0.000ms per_group= 0.001ms)
[pe] round=2904 work=        1 frontier=        2 next=        1 consolidate=  0.001ms frontier=  0.000ms semisort=  0.002ms (keyed= 0.000ms group_by=  0.000ms per_group= 0.001ms)
[pe] round=2905 work=        1 frontier=        2 next=        1 consolidate=  0.002ms frontier=  0.000ms semisort=  0.002ms (keyed= 0.000ms group_by=  0.000ms per_group= 0.001ms)
[pe] round=2906 work=        1 frontier=        2 next=        1 consolidate=  0.001ms frontier=  0.000ms semisort=  0.002ms (keyed= 0.000ms group_by=  0.000ms per_group= 0.001ms)
[pe] round=2907 work=        1 frontier=        2 next=        1 consolidate=  0.002ms frontier=  0.000ms semisort=  0.002ms (keyed= 0.000ms group_by=  0.000ms per_group= 0.001ms)
[pe] round=2908 work=        1 frontier=        2 next=        1 consolidate=  0.001ms frontier=  0.000ms semisort=  0.002ms (keyed= 0.000ms group_by=  0.000ms per_group= 0.001ms)
[pe] round=2909 work=        1 frontier=        2 next=        1 consolidate=  0.002ms frontier=  0.000ms semisort=  0.002ms (keyed= 0.000ms group_by=  0.000ms per_group= 0.001ms)
[pe] round=2910 work=        1 frontier=        2 next=        1 consolidate=  0.001ms frontier=  0.000ms semisort=  0.002ms (keyed= 0.000ms group_by=  0.000ms per_group= 0.001ms)
[pe] round=2911 work=        1 frontier=        2 next=        1 consolidate=  0.002ms frontier=  0.000ms semisort=  0.002ms (keyed= 0.000ms group_by=  0.000ms per_group= 0.001ms)
[pe] round=2912 work=        1 frontier=        2 next=        1 consolidate=  0.001ms frontier=  0.000ms semisort=  0.002ms (keyed= 0.000ms group_by=  0.000ms per_group= 0.001ms)
[pe] round=2913 work=        1 frontier=        2 next=        1 consolidate=  0.001ms frontier=  0.000ms semisort=  0.002ms (keyed= 0.000ms group_by=  0.000ms per_group= 0.001ms)
[pe] round=2914 work=        1 frontier=        2 next=        1 consolidate=  0.001ms frontier=  0.000ms semisort=  0.002ms (keyed= 0.000ms group_by=  0.000ms per_group= 0.001ms)
[pe] round=2915 work=        1 frontier=        2 next=        1 consolidate=  0.001ms frontier=  0.000ms semisort=  0.002ms (keyed= 0.000ms group_by=  0.000ms per_group= 0.001ms)
[pe] round=2916 work=        1 frontier=        2 next=        1 consolidate=  0.001ms frontier=  0.000ms semisort=  0.002ms (keyed= 0.000ms group_by=  0.000ms per_group= 0.001ms)
[pe] round=2917 work=        1 frontier=        2 next=        1 consolidate=  0.001ms frontier=  0.000ms semisort=  0.002ms (keyed= 0.000ms group_by=  0.000ms per_group= 0.001ms)
[pe] round=2918 work=        1 frontier=        2 next=        1 consolidate=  0.001ms frontier=  0.000ms semisort=  0.002ms (keyed= 0.000ms group_by=  0.000ms per_group= 0.001ms)
[pe] round=2919 work=        1 frontier=        2 next=        1 consolidate=  0.002ms frontier=  0.000ms semisort=  0.002ms (keyed= 0.000ms group_by=  0.000ms per_group= 0.001ms)
[pe] round=2920 work=        1 frontier=        2 next=        1 consolidate=  0.001ms frontier=  0.000ms semisort=  0.002ms (keyed= 0.000ms group_by=  0.000ms per_group= 0.001ms)
[pe] round=2921 work=        1 frontier=        2 next=        1 consolidate=  0.002ms frontier=  0.000ms semisort=  0.002ms (keyed= 0.000ms group_by=  0.000ms per_group= 0.001ms)
[pe] round=2922 work=        1 frontier=        2 next=        1 consolidate=  0.001ms frontier=  0.000ms semisort=  0.002ms (keyed= 0.000ms group_by=  0.000ms per_group= 0.001ms)
[pe] round=2923 work=        1 frontier=        2 next=        1 consolidate=  0.002ms frontier=  0.000ms semisort=  0.002ms (keyed= 0.000ms group_by=  0.000ms per_group= 0.001ms)
[pe] round=2924 work=        1 frontier=        2 next=        1 consolidate=  0.001ms frontier=  0.000ms semisort=  0.002ms (keyed= 0.000ms group_by=  0.000ms per_group= 0.001ms)
[pe] round=2925 work=        1 frontier=        2 next=        1 consolidate=  0.002ms frontier=  0.000ms semisort=  0.002ms (keyed= 0.000ms group_by=  0.000ms per_group= 0.001ms)
[pe] round=2926 work=        1 frontier=        2 next=        1 consolidate=  0.001ms frontier=  0.000ms semisort=  0.002ms (keyed= 0.000ms group_by=  0.000ms per_group= 0.001ms)
[pe] round=2927 work=        1 frontier=        2 next=        1 consolidate=  0.001ms frontier=  0.000ms semisort=  0.002ms (keyed= 0.000ms group_by=  0.000ms per_group= 0.001ms)
[pe] round=2928 work=        1 frontier=        2 next=        1 consolidate=  0.001ms frontier=  0.000ms semisort=  0.002ms (keyed= 0.000ms group_by=  0.000ms per_group= 0.001ms)
[pe] round=2929 work=        1 frontier=        2 next=        1 consolidate=  0.001ms frontier=  0.000ms semisort=  0.002ms (keyed= 0.000ms group_by=  0.000ms per_group= 0.001ms)
[pe] round=2930 work=        1 frontier=        2 next=        1 consolidate=  0.001ms frontier=  0.000ms semisort=  0.002ms (keyed= 0.000ms group_by=  0.000ms per_group= 0.001ms)
[pe] round=2931 work=        1 frontier=        2 next=        1 consolidate=  0.001ms frontier=  0.000ms semisort=  0.002ms (keyed= 0.000ms group_by=  0.000ms per_group= 0.001ms)
[pe] round=2932 work=        1 frontier=        2 next=        1 consolidate=  0.001ms frontier=  0.000ms semisort=  0.002ms (keyed= 0.000ms group_by=  0.000ms per_group= 0.001ms)
[pe] round=2933 work=        1 frontier=        2 next=        1 consolidate=  0.002ms frontier=  0.000ms semisort=  0.002ms (keyed= 0.000ms group_by=  0.000ms per_group= 0.001ms)
[pe] round=2934 work=        1 frontier=        2 next=        1 consolidate=  0.001ms frontier=  0.000ms semisort=  0.002ms (keyed= 0.000ms group_by=  0.000ms per_group= 0.001ms)
[pe] round=2935 work=        1 frontier=        2 next=        1 consolidate=  0.002ms frontier=  0.000ms semisort=  0.002ms (keyed= 0.000ms group_by=  0.000ms per_group= 0.001ms)
[pe] round=2936 work=        1 frontier=        2 next=        1 consolidate=  0.001ms frontier=  0.000ms semisort=  0.002ms (keyed= 0.000ms group_by=  0.000ms per_group= 0.001ms)
[pe] round=2937 work=        1 frontier=        2 next=        1 consolidate=  0.002ms frontier=  0.000ms semisort=  0.002ms (keyed= 0.000ms group_by=  0.000ms per_group= 0.001ms)
[pe] round=2938 work=        1 frontier=        2 next=        1 consolidate=  0.001ms frontier=  0.000ms semisort=  0.002ms (keyed= 0.000ms group_by=  0.000ms per_group= 0.001ms)
[pe] round=2939 work=        1 frontier=        2 next=        1 consolidate=  0.002ms frontier=  0.000ms semisort=  0.002ms (keyed= 0.000ms group_by=  0.000ms per_group= 0.001ms)
[pe] round=2940 work=        1 frontier=        2 next=        1 consolidate=  0.001ms frontier=  0.000ms semisort=  0.002ms (keyed= 0.000ms group_by=  0.000ms per_group= 0.001ms)
[pe] round=2941 work=        1 frontier=        2 next=        1 consolidate=  0.002ms frontier=  0.000ms semisort=  0.002ms (keyed= 0.000ms group_by=  0.000ms per_group= 0.001ms)
[pe] round=2942 work=        1 frontier=        2 next=        1 consolidate=  0.001ms frontier=  0.000ms semisort=  0.002ms (keyed= 0.000ms group_by=  0.000ms per_group= 0.001ms)
[pe] round=2943 work=        1 frontier=        2 next=        1 consolidate=  0.002ms frontier=  0.000ms semisort=  0.002ms (keyed= 0.000ms group_by=  0.000ms per_group= 0.001ms)
[pe] round=2944 work=        1 frontier=        2 next=        1 consolidate=  0.001ms frontier=  0.000ms semisort=  0.002ms (keyed= 0.000ms group_by=  0.000ms per_group= 0.001ms)
[pe] round=2945 work=        1 frontier=        2 next=        1 consolidate=  0.001ms frontier=  0.000ms semisort=  0.002ms (keyed= 0.000ms group_by=  0.000ms per_group= 0.001ms)
[pe] round=2946 work=        1 frontier=        2 next=        1 consolidate=  0.001ms frontier=  0.000ms semisort=  0.002ms (keyed= 0.000ms group_by=  0.000ms per_group= 0.001ms)
[pe] round=2947 work=        1 frontier=        2 next=        1 consolidate=  0.001ms frontier=  0.000ms semisort=  0.002ms (keyed= 0.000ms group_by=  0.000ms per_group= 0.001ms)
[pe] round=2948 work=        1 frontier=        2 next=        1 consolidate=  0.001ms frontier=  0.000ms semisort=  0.002ms (keyed= 0.000ms group_by=  0.000ms per_group= 0.001ms)
[pe] round=2949 work=        1 frontier=        2 next=        1 consolidate=  0.001ms frontier=  0.000ms semisort=  0.002ms (keyed= 0.000ms group_by=  0.000ms per_group= 0.001ms)
[pe] round=2950 work=        1 frontier=        2 next=        1 consolidate=  0.001ms frontier=  0.000ms semisort=  0.002ms (keyed= 0.000ms group_by=  0.000ms per_group= 0.001ms)
[pe] round=2951 work=        1 frontier=        2 next=        1 consolidate=  0.002ms frontier=  0.000ms semisort=  0.002ms (keyed= 0.000ms group_by=  0.000ms per_group= 0.001ms)
[pe] round=2952 work=        1 frontier=        2 next=        1 consolidate=  0.001ms frontier=  0.000ms semisort=  0.002ms (keyed= 0.000ms group_by=  0.000ms per_group= 0.001ms)
[pe] round=2953 work=        1 frontier=        2 next=        1 consolidate=  0.002ms frontier=  0.000ms semisort=  0.002ms (keyed= 0.000ms group_by=  0.000ms per_group= 0.001ms)
[pe] round=2954 work=        1 frontier=        2 next=        1 consolidate=  0.001ms frontier=  0.000ms semisort=  0.002ms (keyed= 0.000ms group_by=  0.000ms per_group= 0.001ms)
[pe] round=2955 work=        1 frontier=        2 next=        1 consolidate=  0.002ms frontier=  0.000ms semisort=  0.002ms (keyed= 0.000ms group_by=  0.000ms per_group= 0.001ms)
[pe] round=2956 work=        1 frontier=        2 next=        1 consolidate=  0.014ms frontier=  0.000ms semisort=  0.002ms (keyed= 0.000ms group_by=  0.000ms per_group= 0.001ms)
[pe] round=2957 work=        1 frontier=        2 next=        1 consolidate=  0.002ms frontier=  0.000ms semisort=  0.002ms (keyed= 0.000ms group_by=  0.000ms per_group= 0.001ms)
[pe] round=2958 work=        1 frontier=        2 next=        1 consolidate=  0.001ms frontier=  0.000ms semisort=  0.002ms (keyed= 0.000ms group_by=  0.000ms per_group= 0.001ms)
[pe] round=2959 work=        1 frontier=        2 next=        1 consolidate=  0.001ms frontier=  0.000ms semisort=  0.002ms (keyed= 0.000ms group_by=  0.000ms per_group= 0.001ms)
[pe] round=2960 work=        1 frontier=        2 next=        1 consolidate=  0.001ms frontier=  0.000ms semisort=  0.002ms (keyed= 0.000ms group_by=  0.000ms per_group= 0.001ms)
[pe] round=2961 work=        1 frontier=        2 next=        1 consolidate=  0.001ms frontier=  0.000ms semisort=  0.002ms (keyed= 0.000ms group_by=  0.000ms per_group= 0.001ms)
[pe] round=2962 work=        1 frontier=        2 next=        1 consolidate=  0.001ms frontier=  0.000ms semisort=  0.002ms (keyed= 0.000ms group_by=  0.000ms per_group= 0.001ms)
[pe] round=2963 work=        1 frontier=        2 next=        1 consolidate=  0.001ms frontier=  0.000ms semisort=  0.002ms (keyed= 0.000ms group_by=  0.000ms per_group= 0.001ms)
[pe] round=2964 work=        1 frontier=        2 next=        1 consolidate=  0.001ms frontier=  0.000ms semisort=  0.002ms (keyed= 0.000ms group_by=  0.000ms per_group= 0.001ms)
[pe] round=2965 work=        1 frontier=        2 next=        1 consolidate=  0.002ms frontier=  0.000ms semisort=  0.002ms (keyed= 0.000ms group_by=  0.000ms per_group= 0.001ms)
[pe] round=2966 work=        1 frontier=        2 next=        1 consolidate=  0.001ms frontier=  0.000ms semisort=  0.002ms (keyed= 0.000ms group_by=  0.000ms per_group= 0.001ms)
[pe] round=2967 work=        1 frontier=        2 next=        1 consolidate=  0.002ms frontier=  0.000ms semisort=  0.002ms (keyed= 0.000ms group_by=  0.000ms per_group= 0.001ms)
[pe] round=2968 work=        1 frontier=        2 next=        1 consolidate=  0.001ms frontier=  0.000ms semisort=  0.002ms (keyed= 0.000ms group_by=  0.000ms per_group= 0.001ms)
[pe] round=2969 work=        1 frontier=        2 next=        1 consolidate=  0.002ms frontier=  0.000ms semisort=  0.002ms (keyed= 0.000ms group_by=  0.000ms per_group= 0.001ms)
[pe] round=2970 work=        1 frontier=        2 next=        1 consolidate=  0.001ms frontier=  0.000ms semisort=  0.002ms (keyed= 0.000ms group_by=  0.000ms per_group= 0.001ms)
[pe] round=2971 work=        1 frontier=        2 next=        1 consolidate=  0.002ms frontier=  0.000ms semisort=  0.002ms (keyed= 0.000ms group_by=  0.000ms per_group= 0.001ms)
[pe] round=2972 work=        1 frontier=        2 next=        1 consolidate=  0.001ms frontier=  0.000ms semisort=  0.002ms (keyed= 0.000ms group_by=  0.000ms per_group= 0.001ms)
[pe] round=2973 work=        1 frontier=        2 next=        1 consolidate=  0.002ms frontier=  0.000ms semisort=  0.002ms (keyed= 0.000ms group_by=  0.000ms per_group= 0.001ms)
[pe] round=2974 work=        1 frontier=        2 next=        1 consolidate=  0.002ms frontier=  0.000ms semisort=  0.002ms (keyed= 0.000ms group_by=  0.000ms per_group= 0.001ms)
[pe] round=2975 work=        1 frontier=        2 next=        1 consolidate=  0.002ms frontier=  0.000ms semisort=  0.002ms (keyed= 0.000ms group_by=  0.000ms per_group= 0.001ms)
[pe] round=2976 work=        1 frontier=        2 next=        1 consolidate=  0.001ms frontier=  0.000ms semisort=  0.002ms (keyed= 0.000ms group_by=  0.000ms per_group= 0.001ms)
[pe] round=2977 work=        1 frontier=        2 next=        1 consolidate=  0.001ms frontier=  0.000ms semisort=  0.002ms (keyed= 0.000ms group_by=  0.000ms per_group= 0.001ms)
[pe] round=2978 work=        1 frontier=        2 next=        1 consolidate=  0.001ms frontier=  0.000ms semisort=  0.002ms (keyed= 0.000ms group_by=  0.000ms per_group= 0.001ms)
[pe] round=2979 work=        1 frontier=        2 next=        1 consolidate=  0.002ms frontier=  0.000ms semisort=  0.002ms (keyed= 0.000ms group_by=  0.000ms per_group= 0.001ms)
[pe] round=2980 work=        1 frontier=        2 next=        1 consolidate=  0.001ms frontier=  0.000ms semisort=  0.002ms (keyed= 0.000ms group_by=  0.000ms per_group= 0.001ms)
[pe] round=2981 work=        1 frontier=        2 next=        1 consolidate=  0.002ms frontier=  0.000ms semisort=  0.002ms (keyed= 0.000ms group_by=  0.000ms per_group= 0.001ms)
[pe] round=2982 work=        1 frontier=        2 next=        1 consolidate=  0.002ms frontier=  0.000ms semisort=  0.002ms (keyed= 0.000ms group_by=  0.000ms per_group= 0.001ms)
[pe] round=2983 work=        1 frontier=        2 next=        1 consolidate=  0.002ms frontier=  0.000ms semisort=  0.002ms (keyed= 0.000ms group_by=  0.000ms per_group= 0.001ms)
[pe] round=2984 work=        1 frontier=        2 next=        1 consolidate=  0.001ms frontier=  0.000ms semisort=  0.002ms (keyed= 0.000ms group_by=  0.000ms per_group= 0.001ms)
[pe] round=2985 work=        1 frontier=        2 next=        1 consolidate=  0.002ms frontier=  0.000ms semisort=  0.002ms (keyed= 0.000ms group_by=  0.000ms per_group= 0.001ms)
[pe] round=2986 work=        1 frontier=        2 next=        1 consolidate=  0.001ms frontier=  0.000ms semisort=  0.002ms (keyed= 0.000ms group_by=  0.000ms per_group= 0.001ms)
[pe] round=2987 work=        1 frontier=        2 next=        1 consolidate=  0.002ms frontier=  0.000ms semisort=  0.002ms (keyed= 0.000ms group_by=  0.000ms per_group= 0.001ms)
[pe] round=2988 work=        1 frontier=        2 next=        1 consolidate=  0.001ms frontier=  0.000ms semisort=  0.002ms (keyed= 0.000ms group_by=  0.000ms per_group= 0.001ms)
[pe] round=2989 work=        1 frontier=        2 next=        1 consolidate=  0.001ms frontier=  0.000ms semisort=  0.002ms (keyed= 0.000ms group_by=  0.000ms per_group= 0.001ms)
[pe] round=2990 work=        1 frontier=        2 next=        1 consolidate=  0.001ms frontier=  0.000ms semisort=  0.002ms (keyed= 0.000ms group_by=  0.000ms per_group= 0.001ms)
[pe] round=2991 work=        1 frontier=        2 next=        1 consolidate=  0.001ms frontier=  0.000ms semisort=  0.002ms (keyed= 0.000ms group_by=  0.000ms per_group= 0.001ms)
[pe] round=2992 work=        1 frontier=        2 next=        1 consolidate=  0.001ms frontier=  0.000ms semisort=  0.002ms (keyed= 0.000ms group_by=  0.000ms per_group= 0.001ms)
[pe] round=2993 work=        1 frontier=        2 next=        1 consolidate=  0.001ms frontier=  0.000ms semisort=  0.002ms (keyed= 0.000ms group_by=  0.000ms per_group= 0.001ms)
[pe] round=2994 work=        1 frontier=        2 next=        1 consolidate=  0.001ms frontier=  0.000ms semisort=  0.002ms (keyed= 0.000ms group_by=  0.000ms per_group= 0.001ms)
[pe] round=2995 work=        1 frontier=        2 next=        1 consolidate=  0.002ms frontier=  0.000ms semisort=  0.002ms (keyed= 0.000ms group_by=  0.000ms per_group= 0.001ms)
[pe] round=2996 work=        1 frontier=        2 next=        1 consolidate=  0.001ms frontier=  0.000ms semisort=  0.002ms (keyed= 0.000ms group_by=  0.000ms per_group= 0.001ms)
[pe] round=2997 work=        1 frontier=        2 next=        1 consolidate=  0.001ms frontier=  0.000ms semisort=  0.002ms (keyed= 0.000ms group_by=  0.000ms per_group= 0.001ms)
[pe] round=2998 work=        1 frontier=        2 next=        1 consolidate=  0.001ms frontier=  0.000ms semisort=  0.002ms (keyed= 0.000ms group_by=  0.000ms per_group= 0.001ms)
[pe] round=2999 work=        1 frontier=        2 next=        1 consolidate=  0.001ms frontier=  0.000ms semisort=  0.002ms (keyed= 0.000ms group_by=  0.000ms per_group= 0.001ms)
[pe] round=3000 work=        1 frontier=        0 next=        0 consolidate=  0.001ms frontier=  0.000ms semisort=  0.000ms (break)
[pe-async] round=  0 R=2 dirty=        2 runs=        1 filter=  0.116ms semisort=  0.113ms
[pe-async] round=  1 R=3 dirty=        2 runs=        1 filter=  0.093ms semisort=  0.004ms
[pe-async] round=  2 R=4 dirty=        2 runs=        1 filter=  0.093ms semisort=  0.004ms
[pe-async] round=  3 R=5 dirty=        2 runs=        1 filter=  0.112ms semisort=  0.103ms
[pe-async] round=  4 R=6 dirty=        2 runs=        1 filter=  0.028ms semisort=  0.004ms
[pe-async] round=  5 R=7 dirty=        2 runs=        1 filter=  0.088ms semisort=  0.004ms
[pe-async] round=  6 R=8 dirty=        2 runs=        1 filter=  0.097ms semisort=  0.101ms
[pe-async] round=  7 R=9 dirty=        2 runs=        1 filter=  0.065ms semisort=  0.004ms
[pe-async] round=  8 R=10 dirty=        2 runs=        1 filter=  0.030ms semisort=  0.004ms
[pe-async] round=  9 R=11 dirty=        2 runs=        1 filter=  0.092ms semisort=  0.004ms
[pe-async] round= 10 R=12 dirty=        2 runs=        1 filter=  0.027ms semisort=  0.004ms
[pe-async] round= 11 R=13 dirty=        2 runs=        1 filter=  0.092ms semisort=  0.004ms
[pe-async] round= 12 R=14 dirty=        2 runs=        1 filter=  0.026ms semisort=  0.004ms
[pe-async] round= 13 R=15 dirty=        2 runs=        1 filter=  0.027ms semisort=  0.004ms
[pe-async] round= 14 R=16 dirty=        2 runs=        1 filter=  0.027ms semisort=  0.003ms
[pe-async] round= 15 R=17 dirty=        2 runs=        1 filter=  0.091ms semisort=  0.004ms
[pe-async] round= 16 R=18 dirty=        2 runs=        1 filter=  0.026ms semisort=  0.004ms
[pe-async] round= 17 R=19 dirty=        2 runs=        1 filter=  0.025ms semisort=  0.004ms
[pe-async] round= 18 R=20 dirty=        2 runs=        1 filter=  0.027ms semisort=  0.004ms
[pe-async] round= 19 R=21 dirty=        2 runs=        1 filter=  0.028ms semisort=  0.004ms
[pe-async] round= 20 R=22 dirty=        2 runs=        1 filter=  0.027ms semisort=  0.004ms
[pe-async] round= 21 R=23 dirty=        2 runs=        1 filter=  0.029ms semisort=  0.004ms
[pe-async] round= 22 R=24 dirty=        2 runs=        1 filter=  0.027ms semisort=  0.004ms
[pe-async] round= 23 R=25 dirty=        2 runs=        1 filter=  0.090ms semisort=  0.004ms
[pe-async] round= 24 R=26 dirty=        2 runs=        1 filter=  0.026ms semisort=  0.004ms
[pe-async] round= 25 R=27 dirty=        2 runs=        1 filter=  0.032ms semisort=  0.004ms
[pe-async] round= 26 R=28 dirty=        2 runs=        1 filter=  0.028ms semisort=  0.004ms
[pe-async] round= 27 R=29 dirty=        2 runs=        1 filter=  0.029ms semisort=  0.004ms
[pe-async] round= 28 R=30 dirty=        2 runs=        1 filter=  0.029ms semisort=  0.004ms
[pe-async] round= 29 R=31 dirty=        2 runs=        1 filter=  0.027ms semisort=  0.004ms
[pe-async] round= 30 R=32 dirty=        2 runs=        1 filter=  0.026ms semisort=  0.004ms
[pe-async] round= 31 R=33 dirty=        2 runs=        1 filter=  0.030ms semisort=  0.004ms
[pe-async] round= 32 R=34 dirty=        2 runs=        1 filter=  0.025ms semisort=  0.004ms
[pe-async] round= 33 R=35 dirty=        2 runs=        1 filter=  0.027ms semisort=  0.004ms
[pe-async] round= 34 R=36 dirty=        2 runs=        1 filter=  0.027ms semisort=  0.003ms
[pe-async] round= 35 R=37 dirty=        2 runs=        1 filter=  0.026ms semisort=  0.004ms
[pe-async] round= 36 R=38 dirty=        2 runs=        1 filter=  0.027ms semisort=  0.004ms
[pe-async] round= 37 R=39 dirty=        2 runs=        1 filter=  0.028ms semisort=  0.004ms
[pe-async] round= 38 R=40 dirty=        2 runs=        1 filter=  0.026ms semisort=  0.004ms
[pe-async] round= 39 R=41 dirty=        2 runs=        1 filter=  0.026ms semisort=  0.004ms
[pe-async] round= 40 R=42 dirty=        2 runs=        1 filter=  0.028ms semisort=  0.004ms
[pe-async] round= 41 R=43 dirty=        2 runs=        1 filter=  0.028ms semisort=  0.004ms
[pe-async] round= 42 R=44 dirty=        2 runs=        1 filter=  0.027ms semisort=  0.004ms
[pe-async] round= 43 R=45 dirty=        2 runs=        1 filter=  0.028ms semisort=  0.004ms
[pe-async] round= 44 R=46 dirty=        2 runs=        1 filter=  0.028ms semisort=  0.004ms
[pe-async] round= 45 R=47 dirty=        2 runs=        1 filter=  0.029ms semisort=  0.004ms
[pe-async] round= 46 R=48 dirty=        2 runs=        1 filter=  0.028ms semisort=  0.003ms
[pe-async] round= 47 R=49 dirty=        2 runs=        1 filter=  0.029ms semisort=  0.004ms
[pe-async] round= 48 R=50 dirty=        2 runs=        1 filter=  0.028ms semisort=  0.004ms
[pe-async] round= 49 R=51 dirty=        2 runs=        1 filter=  0.029ms semisort=  0.004ms
[pe-async] round= 50 R=52 dirty=        2 runs=        1 filter=  0.026ms semisort=  0.004ms
[pe-async] round= 51 R=53 dirty=        2 runs=        1 filter=  0.029ms semisort=  0.004ms
[pe-async] round= 52 R=54 dirty=        2 runs=        1 filter=  0.028ms semisort=  0.004ms
[pe-async] round= 53 R=55 dirty=        2 runs=        1 filter=  0.028ms semisort=  0.004ms
[pe-async] round= 54 R=56 dirty=        2 runs=        1 filter=  0.026ms semisort=  0.004ms
[pe-async] round= 55 R=57 dirty=        2 runs=        1 filter=  0.032ms semisort=  0.004ms
[pe-async] round= 56 R=58 dirty=        2 runs=        1 filter=  0.027ms semisort=  0.004ms
[pe-async] round= 57 R=59 dirty=        2 runs=        1 filter=  0.026ms semisort=  0.004ms
[pe-async] round= 58 R=60 dirty=        2 runs=        1 filter=  0.028ms semisort=  0.004ms
[pe-async] round= 59 R=61 dirty=        2 runs=        1 filter=  0.027ms semisort=  0.004ms
[pe-async] round= 60 R=62 dirty=        2 runs=        1 filter=  0.027ms semisort=  0.004ms
[pe-async] round= 61 R=63 dirty=        2 runs=        1 filter=  0.027ms semisort=  0.004ms
[pe-async] round= 62 R=64 dirty=        2 runs=        1 filter=  0.027ms semisort=  0.004ms
[pe-async] round= 63 R=65 dirty=        2 runs=        1 filter=  0.027ms semisort=  0.004ms
[pe-async] round= 64 R=66 dirty=        2 runs=        1 filter=  0.028ms semisort=  0.004ms
[pe-async] round= 65 R=67 dirty=        2 runs=        1 filter=  0.026ms semisort=  0.004ms
[pe-async] round= 66 R=68 dirty=        2 runs=        1 filter=  0.026ms semisort=  0.004ms
[pe-async] round= 67 R=69 dirty=        2 runs=        1 filter=  0.024ms semisort=  0.004ms
[pe-async] round= 68 R=70 dirty=        2 runs=        1 filter=  0.025ms semisort=  0.004ms
[pe-async] round= 69 R=71 dirty=        2 runs=        1 filter=  0.024ms semisort=  0.004ms
[pe-async] round= 70 R=72 dirty=        2 runs=        1 filter=  0.024ms semisort=  0.004ms
[pe-async] round= 71 R=73 dirty=        2 runs=        1 filter=  0.024ms semisort=  0.004ms
[pe-async] round= 72 R=74 dirty=        2 runs=        1 filter=  0.026ms semisort=  0.004ms
[pe-async] round= 73 R=75 dirty=        2 runs=        1 filter=  0.024ms semisort=  0.004ms
[pe-async] round= 74 R=76 dirty=        2 runs=        1 filter=  0.023ms semisort=  0.004ms
[pe-async] round= 75 R=77 dirty=        2 runs=        1 filter=  0.028ms semisort=  0.004ms
[pe-async] round= 76 R=78 dirty=        2 runs=        1 filter=  0.025ms semisort=  0.004ms
[pe-async] round= 77 R=79 dirty=        2 runs=        1 filter=  0.024ms semisort=  0.004ms
[pe-async] round= 78 R=80 dirty=        2 runs=        1 filter=  0.025ms semisort=  0.004ms
[pe-async] round= 79 R=81 dirty=        2 runs=        1 filter=  0.023ms semisort=  0.004ms
[pe-async] round= 80 R=82 dirty=        2 runs=        1 filter=  0.025ms semisort=  0.004ms
[pe-async] round= 81 R=83 dirty=        2 runs=        1 filter=  0.026ms semisort=  0.004ms
[pe-async] round= 82 R=84 dirty=        2 runs=        1 filter=  0.027ms semisort=  0.004ms
[pe-async] round= 83 R=85 dirty=        2 runs=        1 filter=  0.024ms semisort=  0.004ms
[pe-async] round= 84 R=86 dirty=        2 runs=        1 filter=  0.025ms semisort=  0.004ms
[pe-async] round= 85 R=87 dirty=        2 runs=        1 filter=  0.027ms semisort=  0.004ms
[pe-async] round= 86 R=88 dirty=        2 runs=        1 filter=  0.026ms semisort=  0.009ms
[pe-async] round= 87 R=89 dirty=        2 runs=        1 filter=  0.026ms semisort=  0.004ms
[pe-async] round= 88 R=90 dirty=        2 runs=        1 filter=  0.026ms semisort=  0.004ms
[pe-async] round= 89 R=91 dirty=        2 runs=        1 filter=  0.024ms semisort=  0.004ms
[pe-async] round= 90 R=92 dirty=        2 runs=        1 filter=  0.027ms semisort=  0.004ms
[pe-async] round= 91 R=93 dirty=        2 runs=        1 filter=  0.025ms semisort=  0.004ms
[pe-async] round= 92 R=94 dirty=        2 runs=        1 filter=  0.026ms semisort=  0.004ms
[pe-async] round= 93 R=95 dirty=        2 runs=        1 filter=  0.025ms semisort=  0.004ms
[pe-async] round= 94 R=96 dirty=        2 runs=        1 filter=  0.025ms semisort=  0.004ms
[pe-async] round= 95 R=97 dirty=        2 runs=        1 filter=  0.025ms semisort=  0.004ms
[pe-async] round= 96 R=98 dirty=        2 runs=        1 filter=  0.027ms semisort=  0.004ms
[pe-async] round= 97 R=99 dirty=        2 runs=        1 filter=  0.026ms semisort=  0.004ms
[pe-async] round= 98 R=100 dirty=        2 runs=        1 filter=  0.026ms semisort=  0.004ms
[pe-async] round= 99 R=101 dirty=        2 runs=        1 filter=  0.026ms semisort=  0.004ms
[pe-async] round=100 R=102 dirty=        2 runs=        1 filter=  0.027ms semisort=  0.004ms
[pe-async] round=101 R=103 dirty=        2 runs=        1 filter=  0.027ms semisort=  0.004ms
[pe-async] round=102 R=104 dirty=        2 runs=        1 filter=  0.026ms semisort=  0.004ms
[pe-async] round=103 R=105 dirty=        2 runs=        1 filter=  0.027ms semisort=  0.004ms
[pe-async] round=104 R=106 dirty=        2 runs=        1 filter=  0.025ms semisort=  0.004ms
[pe-async] round=105 R=107 dirty=        2 runs=        1 filter=  0.025ms semisort=  0.003ms
[pe-async] round=106 R=108 dirty=        2 runs=        1 filter=  0.028ms semisort=  0.004ms
[pe-async] round=107 R=109 dirty=        2 runs=        1 filter=  0.029ms semisort=  0.004ms
[pe-async] round=108 R=110 dirty=        2 runs=        1 filter=  0.026ms semisort=  0.004ms
[pe-async] round=109 R=111 dirty=        2 runs=        1 filter=  0.026ms semisort=  0.004ms
[pe-async] round=110 R=112 dirty=        2 runs=        1 filter=  0.026ms semisort=  0.003ms
[pe-async] round=111 R=113 dirty=        2 runs=        1 filter=  0.025ms semisort=  0.004ms
[pe-async] round=112 R=114 dirty=        2 runs=        1 filter=  0.027ms semisort=  0.004ms
[pe-async] round=113 R=115 dirty=        2 runs=        1 filter=  0.024ms semisort=  0.004ms
[pe-async] round=114 R=116 dirty=        2 runs=        1 filter=  0.024ms semisort=  0.004ms
[pe-async] round=115 R=117 dirty=        2 runs=        1 filter=  0.025ms semisort=  0.004ms
[pe-async] round=116 R=118 dirty=        2 runs=        1 filter=  0.026ms semisort=  0.004ms
[pe-async] round=117 R=119 dirty=        2 runs=        1 filter=  0.027ms semisort=  0.009ms
[pe-async] round=118 R=120 dirty=        2 runs=        1 filter=  0.026ms semisort=  0.004ms
[pe-async] round=119 R=121 dirty=        2 runs=        1 filter=  0.027ms semisort=  0.004ms
[pe-async] round=120 R=122 dirty=        2 runs=        1 filter=  0.027ms semisort=  0.004ms
[pe-async] round=121 R=123 dirty=        2 runs=        1 filter=  0.026ms semisort=  0.004ms
[pe-async] round=122 R=124 dirty=        2 runs=        1 filter=  0.025ms semisort=  0.004ms
[pe-async] round=123 R=125 dirty=        2 runs=        1 filter=  0.026ms semisort=  0.004ms
[pe-async] round=124 R=126 dirty=        2 runs=        1 filter=  0.029ms semisort=  0.004ms
[pe-async] round=125 R=127 dirty=        2 runs=        1 filter=  0.026ms semisort=  0.004ms
[pe-async] round=126 R=128 dirty=        2 runs=        1 filter=  0.027ms semisort=  0.004ms
[pe-async] round=127 R=129 dirty=        2 runs=        1 filter=  0.027ms semisort=  0.004ms
[pe-async] round=128 R=130 dirty=        2 runs=        1 filter=  0.025ms semisort=  0.004ms
[pe-async] round=129 R=131 dirty=        2 runs=        1 filter=  0.029ms semisort=  0.004ms
[pe-async] round=130 R=132 dirty=        2 runs=        1 filter=  0.027ms semisort=  0.004ms
[pe-async] round=131 R=133 dirty=        2 runs=        1 filter=  0.026ms semisort=  0.004ms
[pe-async] round=132 R=134 dirty=        2 runs=        1 filter=  0.028ms semisort=  0.004ms
[pe-async] round=133 R=135 dirty=        2 runs=        1 filter=  0.027ms semisort=  0.004ms
[pe-async] round=134 R=136 dirty=        2 runs=        1 filter=  0.026ms semisort=  0.004ms
[pe-async] round=135 R=137 dirty=        2 runs=        1 filter=  0.030ms semisort=  0.004ms
[pe-async] round=136 R=138 dirty=        2 runs=        1 filter=  0.026ms semisort=  0.004ms
[pe-async] round=137 R=139 dirty=        2 runs=        1 filter=  0.026ms semisort=  0.004ms
[pe-async] round=138 R=140 dirty=        2 runs=        1 filter=  0.025ms semisort=  0.004ms
[pe-async] round=139 R=141 dirty=        2 runs=        1 filter=  0.027ms semisort=  0.004ms
[pe-async] round=140 R=142 dirty=        2 runs=        1 filter=  0.027ms semisort=  0.004ms
[pe-async] round=141 R=143 dirty=        2 runs=        1 filter=  0.028ms semisort=  0.004ms
[pe-async] round=142 R=144 dirty=        2 runs=        1 filter=  0.028ms semisort=  0.004ms
[pe-async] round=143 R=145 dirty=        2 runs=        1 filter=  0.028ms semisort=  0.004ms
[pe-async] round=144 R=146 dirty=        2 runs=        1 filter=  0.025ms semisort=  0.004ms
[pe-async] round=145 R=147 dirty=        2 runs=        1 filter=  0.027ms semisort=  0.004ms
[pe-async] round=146 R=148 dirty=        2 runs=        1 filter=  0.024ms semisort=  0.004ms
[pe-async] round=147 R=149 dirty=        2 runs=        1 filter=  0.026ms semisort=  0.004ms
[pe-async] round=148 R=150 dirty=        2 runs=        1 filter=  0.031ms semisort=  0.004ms
[pe-async] round=149 R=151 dirty=        2 runs=        1 filter=  0.028ms semisort=  0.004ms
[pe-async] round=150 R=152 dirty=        2 runs=        1 filter=  0.026ms semisort=  0.004ms
[pe-async] round=151 R=153 dirty=        2 runs=        1 filter=  0.027ms semisort=  0.004ms
[pe-async] round=152 R=154 dirty=        2 runs=        1 filter=  0.026ms semisort=  0.004ms
[pe-async] round=153 R=155 dirty=        2 runs=        1 filter=  0.028ms semisort=  0.004ms
[pe-async] round=154 R=156 dirty=        2 runs=        1 filter=  0.026ms semisort=  0.004ms
[pe-async] round=155 R=157 dirty=        2 runs=        1 filter=  0.026ms semisort=  0.004ms
[pe-async] round=156 R=158 dirty=        2 runs=        1 filter=  0.025ms semisort=  0.004ms
[pe-async] round=157 R=159 dirty=        2 runs=        1 filter=  0.028ms semisort=  0.004ms
[pe-async] round=158 R=160 dirty=        2 runs=        1 filter=  0.027ms semisort=  0.004ms
[pe-async] round=159 R=161 dirty=        2 runs=        1 filter=  0.026ms semisort=  0.004ms
[pe-async] round=160 R=162 dirty=        2 runs=        1 filter=  0.025ms semisort=  0.004ms
[pe-async] round=161 R=163 dirty=        2 runs=        1 filter=  0.025ms semisort=  0.004ms
[pe-async] round=162 R=164 dirty=        2 runs=        1 filter=  0.026ms semisort=  0.004ms
[pe-async] round=163 R=165 dirty=        2 runs=        1 filter=  0.025ms semisort=  0.004ms
[pe-async] round=164 R=166 dirty=        2 runs=        1 filter=  0.024ms semisort=  0.004ms
[pe-async] round=165 R=167 dirty=        2 runs=        1 filter=  0.027ms semisort=  0.004ms
[pe-async] round=166 R=168 dirty=        2 runs=        1 filter=  0.027ms semisort=  0.004ms
[pe-async] round=167 R=169 dirty=        2 runs=        1 filter=  0.024ms semisort=  0.004ms
[pe-async] round=168 R=170 dirty=        2 runs=        1 filter=  0.027ms semisort=  0.004ms
[pe-async] round=169 R=171 dirty=        2 runs=        1 filter=  0.024ms semisort=  0.004ms
[pe-async] round=170 R=172 dirty=        2 runs=        1 filter=  0.026ms semisort=  0.004ms
[pe-async] round=171 R=173 dirty=        2 runs=        1 filter=  0.024ms semisort=  0.004ms
[pe-async] round=172 R=174 dirty=        2 runs=        1 filter=  0.024ms semisort=  0.004ms
[pe-async] round=173 R=175 dirty=        2 runs=        1 filter=  0.024ms semisort=  0.004ms
[pe-async] round=174 R=176 dirty=        2 runs=        1 filter=  0.027ms semisort=  0.004ms
[pe-async] round=175 R=177 dirty=        2 runs=        1 filter=  0.027ms semisort=  0.004ms
[pe-async] round=176 R=178 dirty=        2 runs=        1 filter=  0.024ms semisort=  0.003ms
[pe-async] round=177 R=179 dirty=        2 runs=        1 filter=  0.023ms semisort=  0.004ms
[pe-async] round=178 R=180 dirty=        2 runs=        1 filter=  0.026ms semisort=  0.004ms
[pe-async] round=179 R=181 dirty=        2 runs=        1 filter=  0.032ms semisort=  0.004ms
[pe-async] round=180 R=182 dirty=        2 runs=        1 filter=  0.028ms semisort=  0.004ms
[pe-async] round=181 R=183 dirty=        2 runs=        1 filter=  0.026ms semisort=  0.004ms
[pe-async] round=182 R=184 dirty=        2 runs=        1 filter=  0.025ms semisort=  0.004ms
[pe-async] round=183 R=185 dirty=        2 runs=        1 filter=  0.027ms semisort=  0.004ms
[pe-async] round=184 R=186 dirty=        2 runs=        1 filter=  0.027ms semisort=  0.004ms
[pe-async] round=185 R=187 dirty=        2 runs=        1 filter=  0.025ms semisort=  0.004ms
[pe-async] round=186 R=188 dirty=        2 runs=        1 filter=  0.026ms semisort=  0.004ms
[pe-async] round=187 R=189 dirty=        2 runs=        1 filter=  0.025ms semisort=  0.004ms
[pe-async] round=188 R=190 dirty=        2 runs=        1 filter=  0.025ms semisort=  0.003ms
[pe-async] round=189 R=191 dirty=        2 runs=        1 filter=  0.028ms semisort=  0.004ms
[pe-async] round=190 R=192 dirty=        2 runs=        1 filter=  0.027ms semisort=  0.004ms
[pe-async] round=191 R=193 dirty=        2 runs=        1 filter=  0.024ms semisort=  0.003ms
[pe-async] round=192 R=194 dirty=        2 runs=        1 filter=  0.025ms semisort=  0.004ms
[pe-async] round=193 R=195 dirty=        2 runs=        1 filter=  0.026ms semisort=  0.004ms
[pe-async] round=194 R=196 dirty=        2 runs=        1 filter=  0.027ms semisort=  0.004ms
[pe-async] round=195 R=197 dirty=        2 runs=        1 filter=  0.027ms semisort=  0.004ms
[pe-async] round=196 R=198 dirty=        2 runs=        1 filter=  0.026ms semisort=  0.004ms
[pe-async] round=197 R=199 dirty=        2 runs=        1 filter=  0.027ms semisort=  0.004ms
[pe-async] round=198 R=200 dirty=        2 runs=        1 filter=  0.026ms semisort=  0.004ms
[pe-async] round=199 R=201 dirty=        2 runs=        1 filter=  0.028ms semisort=  0.004ms
[pe-async] round=200 R=202 dirty=        2 runs=        1 filter=  0.026ms semisort=  0.004ms
[pe-async] round=201 R=203 dirty=        2 runs=        1 filter=  0.029ms semisort=  0.004ms
[pe-async] round=202 R=204 dirty=        2 runs=        1 filter=  0.025ms semisort=  0.004ms
[pe-async] round=203 R=205 dirty=        2 runs=        1 filter=  0.027ms semisort=  0.004ms
[pe-async] round=204 R=206 dirty=        2 runs=        1 filter=  0.025ms semisort=  0.004ms
[pe-async] round=205 R=207 dirty=        2 runs=        1 filter=  0.025ms semisort=  0.004ms
[pe-async] round=206 R=208 dirty=        2 runs=        1 filter=  0.026ms semisort=  0.004ms
[pe-async] round=207 R=209 dirty=        2 runs=        1 filter=  0.025ms semisort=  0.004ms
[pe-async] round=208 R=210 dirty=        2 runs=        1 filter=  0.026ms semisort=  0.004ms
[pe-async] round=209 R=211 dirty=        2 runs=        1 filter=  0.027ms semisort=  0.004ms
[pe-async] round=210 R=212 dirty=        2 runs=        1 filter=  0.032ms semisort=  0.004ms
[pe-async] round=211 R=213 dirty=        2 runs=        1 filter=  0.026ms semisort=  0.004ms
[pe-async] round=212 R=214 dirty=        2 runs=        1 filter=  0.027ms semisort=  0.004ms
[pe-async] round=213 R=215 dirty=        2 runs=        1 filter=  0.025ms semisort=  0.004ms
[pe-async] round=214 R=216 dirty=        2 runs=        1 filter=  0.025ms semisort=  0.004ms
[pe-async] round=215 R=217 dirty=        2 runs=        1 filter=  0.026ms semisort=  0.004ms
[pe-async] round=216 R=218 dirty=        2 runs=        1 filter=  0.025ms semisort=  0.004ms
[pe-async] round=217 R=219 dirty=        2 runs=        1 filter=  0.024ms semisort=  0.004ms
[pe-async] round=218 R=220 dirty=        2 runs=        1 filter=  0.025ms semisort=  0.004ms
[pe-async] round=219 R=221 dirty=        2 runs=        1 filter=  0.026ms semisort=  0.004ms
[pe-async] round=220 R=222 dirty=        2 runs=        1 filter=  0.025ms semisort=  0.004ms
[pe-async] round=221 R=223 dirty=        2 runs=        1 filter=  0.027ms semisort=  0.004ms
[pe-async] round=222 R=224 dirty=        2 runs=        1 filter=  0.025ms semisort=  0.004ms
[pe-async] round=223 R=225 dirty=        2 runs=        1 filter=  0.026ms semisort=  0.004ms
[pe-async] round=224 R=226 dirty=        2 runs=        1 filter=  0.023ms semisort=  0.004ms
[pe-async] round=225 R=227 dirty=        2 runs=        1 filter=  0.026ms semisort=  0.004ms
[pe-async] round=226 R=228 dirty=        2 runs=        1 filter=  0.025ms semisort=  0.004ms
[pe-async] round=227 R=229 dirty=        2 runs=        1 filter=  0.027ms semisort=  0.004ms
[pe-async] round=228 R=230 dirty=        2 runs=        1 filter=  0.027ms semisort=  0.003ms
[pe-async] round=229 R=231 dirty=        2 runs=        1 filter=  0.026ms semisort=  0.004ms
[pe-async] round=230 R=232 dirty=        2 runs=        1 filter=  0.026ms semisort=  0.004ms
[pe-async] round=231 R=233 dirty=        2 runs=        1 filter=  0.026ms semisort=  0.004ms
[pe-async] round=232 R=234 dirty=        2 runs=        1 filter=  0.025ms semisort=  0.004ms
[pe-async] round=233 R=235 dirty=        2 runs=        1 filter=  0.026ms semisort=  0.004ms
[pe-async] round=234 R=236 dirty=        2 runs=        1 filter=  0.027ms semisort=  0.004ms
[pe-async] round=235 R=237 dirty=        2 runs=        1 filter=  0.027ms semisort=  0.004ms
[pe-async] round=236 R=238 dirty=        2 runs=        1 filter=  0.025ms semisort=  0.004ms
[pe-async] round=237 R=239 dirty=        2 runs=        1 filter=  0.027ms semisort=  0.004ms
[pe-async] round=238 R=240 dirty=        2 runs=        1 filter=  0.026ms semisort=  0.004ms
[pe-async] round=239 R=241 dirty=        2 runs=        1 filter=  0.026ms semisort=  0.004ms
[pe-async] round=240 R=242 dirty=        2 runs=        1 filter=  0.025ms semisort=  0.004ms
[pe-async] round=241 R=243 dirty=        2 runs=        1 filter=  0.029ms semisort=  0.004ms
[pe-async] round=242 R=244 dirty=        2 runs=        1 filter=  0.026ms semisort=  0.004ms
[pe-async] round=243 R=245 dirty=        2 runs=        1 filter=  0.028ms semisort=  0.004ms
[pe-async] round=244 R=246 dirty=        2 runs=        1 filter=  0.026ms semisort=  0.004ms
[pe-async] round=245 R=247 dirty=        2 runs=        1 filter=  0.025ms semisort=  0.004ms
[pe-async] round=246 R=248 dirty=        2 runs=        1 filter=  0.026ms semisort=  0.004ms
[pe-async] round=247 R=249 dirty=        2 runs=        1 filter=  0.026ms semisort=  0.004ms
[pe-async] round=248 R=250 dirty=        2 runs=        1 filter=  0.026ms semisort=  0.004ms
[pe-async] round=249 R=251 dirty=        2 runs=        1 filter=  0.023ms semisort=  0.004ms
[pe-async] round=250 R=252 dirty=        2 runs=        1 filter=  0.028ms semisort=  0.004ms
[pe-async] round=251 R=253 dirty=        2 runs=        1 filter=  0.025ms semisort=  0.003ms
[pe-async] round=252 R=254 dirty=        2 runs=        1 filter=  0.026ms semisort=  0.004ms
[pe-async] round=253 R=255 dirty=        2 runs=        1 filter=  0.027ms semisort=  0.004ms
[pe-async] round=254 R=256 dirty=        2 runs=        1 filter=  0.023ms semisort=  0.004ms
[pe-async] round=255 R=257 dirty=        2 runs=        1 filter=  0.026ms semisort=  0.004ms
[pe-async] round=256 R=258 dirty=        2 runs=        1 filter=  0.026ms semisort=  0.004ms
[pe-async] round=257 R=259 dirty=        2 runs=        1 filter=  0.025ms semisort=  0.004ms
[pe-async] round=258 R=260 dirty=        2 runs=        1 filter=  0.028ms semisort=  0.004ms
[pe-async] round=259 R=261 dirty=        2 runs=        1 filter=  0.024ms semisort=  0.004ms
[pe-async] round=260 R=262 dirty=        2 runs=        1 filter=  0.027ms semisort=  0.004ms
[pe-async] round=261 R=263 dirty=        2 runs=        1 filter=  0.023ms semisort=  0.003ms
[pe-async] round=262 R=264 dirty=        2 runs=        1 filter=  0.025ms semisort=  0.004ms
[pe-async] round=263 R=265 dirty=        2 runs=        1 filter=  0.026ms semisort=  0.004ms
[pe-async] round=264 R=266 dirty=        2 runs=        1 filter=  0.026ms semisort=  0.004ms
[pe-async] round=265 R=267 dirty=        2 runs=        1 filter=  0.024ms semisort=  0.004ms
[pe-async] round=266 R=268 dirty=        2 runs=        1 filter=  0.024ms semisort=  0.004ms
[pe-async] round=267 R=269 dirty=        2 runs=        1 filter=  0.026ms semisort=  0.004ms
[pe-async] round=268 R=270 dirty=        2 runs=        1 filter=  0.026ms semisort=  0.004ms
[pe-async] round=269 R=271 dirty=        2 runs=        1 filter=  0.026ms semisort=  0.004ms
[pe-async] round=270 R=272 dirty=        2 runs=        1 filter=  0.026ms semisort=  0.004ms
[pe-async] round=271 R=273 dirty=        2 runs=        1 filter=  0.023ms semisort=  0.004ms
[pe-async] round=272 R=274 dirty=        2 runs=        1 filter=  0.024ms semisort=  0.004ms
[pe-async] round=273 R=275 dirty=        2 runs=        1 filter=  0.029ms semisort=  0.004ms
[pe-async] round=274 R=276 dirty=        2 runs=        1 filter=  0.025ms semisort=  0.004ms
[pe-async] round=275 R=277 dirty=        2 runs=        1 filter=  0.024ms semisort=  0.003ms
[pe-async] round=276 R=278 dirty=        2 runs=        1 filter=  0.024ms semisort=  0.004ms
[pe-async] round=277 R=279 dirty=        2 runs=        1 filter=  0.025ms semisort=  0.004ms
[pe-async] round=278 R=280 dirty=        2 runs=        1 filter=  0.027ms semisort=  0.004ms
[pe-async] round=279 R=281 dirty=        2 runs=        1 filter=  0.027ms semisort=  0.004ms
[pe-async] round=280 R=282 dirty=        2 runs=        1 filter=  0.027ms semisort=  0.004ms
[pe-async] round=281 R=283 dirty=        2 runs=        1 filter=  0.028ms semisort=  0.004ms
[pe-async] round=282 R=284 dirty=        2 runs=        1 filter=  0.025ms semisort=  0.004ms
[pe-async] round=283 R=285 dirty=        2 runs=        1 filter=  0.028ms semisort=  0.004ms
[pe-async] round=284 R=286 dirty=        2 runs=        1 filter=  0.027ms semisort=  0.004ms
[pe-async] round=285 R=287 dirty=        2 runs=        1 filter=  0.026ms semisort=  0.004ms
[pe-async] round=286 R=288 dirty=        2 runs=        1 filter=  0.026ms semisort=  0.004ms
[pe-async] round=287 R=289 dirty=        2 runs=        1 filter=  0.024ms semisort=  0.004ms
[pe-async] round=288 R=290 dirty=        2 runs=        1 filter=  0.024ms semisort=  0.004ms
[pe-async] round=289 R=291 dirty=        2 runs=        1 filter=  0.027ms semisort=  0.004ms
[pe-async] round=290 R=292 dirty=        2 runs=        1 filter=  0.025ms semisort=  0.004ms
[pe-async] round=291 R=293 dirty=        2 runs=        1 filter=  0.026ms semisort=  0.004ms
[pe-async] round=292 R=294 dirty=        2 runs=        1 filter=  0.026ms semisort=  0.004ms
[pe-async] round=293 R=295 dirty=        2 runs=        1 filter=  0.024ms semisort=  0.004ms
[pe-async] round=294 R=296 dirty=        2 runs=        1 filter=  0.028ms semisort=  0.004ms
[pe-async] round=295 R=297 dirty=        2 runs=        1 filter=  0.027ms semisort=  0.003ms
[pe-async] round=296 R=298 dirty=        2 runs=        1 filter=  0.028ms semisort=  0.004ms
[pe-async] round=297 R=299 dirty=        2 runs=        1 filter=  0.024ms semisort=  0.004ms
[pe-async] round=298 R=300 dirty=        2 runs=        1 filter=  0.027ms semisort=  0.004ms
[pe-async] round=299 R=301 dirty=        2 runs=        1 filter=  0.026ms semisort=  0.004ms
[pe-async] round=300 R=302 dirty=        2 runs=        1 filter=  0.025ms semisort=  0.003ms
[pe-async] round=301 R=303 dirty=        2 runs=        1 filter=  0.025ms semisort=  0.003ms
[pe-async] round=302 R=304 dirty=        2 runs=        1 filter=  0.024ms semisort=  0.004ms
[pe-async] round=303 R=305 dirty=        2 runs=        1 filter=  0.027ms semisort=  0.003ms
[pe-async] round=304 R=306 dirty=        2 runs=        1 filter=  0.031ms semisort=  0.004ms
[pe-async] round=305 R=307 dirty=        2 runs=        1 filter=  0.026ms semisort=  0.004ms
[pe-async] round=306 R=308 dirty=        2 runs=        1 filter=  0.025ms semisort=  0.004ms
[pe-async] round=307 R=309 dirty=        2 runs=        1 filter=  0.025ms semisort=  0.003ms
[pe-async] round=308 R=310 dirty=        2 runs=        1 filter=  0.029ms semisort=  0.004ms
[pe-async] round=309 R=311 dirty=        2 runs=        1 filter=  0.024ms semisort=  0.004ms
[pe-async] round=310 R=312 dirty=        2 runs=        1 filter=  0.025ms semisort=  0.003ms
[pe-async] round=311 R=313 dirty=        2 runs=        1 filter=  0.025ms semisort=  0.003ms
[pe-async] round=312 R=314 dirty=        2 runs=        1 filter=  0.023ms semisort=  0.004ms
[pe-async] round=313 R=315 dirty=        2 runs=        1 filter=  0.025ms semisort=  0.003ms
[pe-async] round=314 R=316 dirty=        2 runs=        1 filter=  0.026ms semisort=  0.004ms
[pe-async] round=315 R=317 dirty=        2 runs=        1 filter=  0.025ms semisort=  0.003ms
[pe-async] round=316 R=318 dirty=        2 runs=        1 filter=  0.024ms semisort=  0.004ms
[pe-async] round=317 R=319 dirty=        2 runs=        1 filter=  0.025ms semisort=  0.004ms
[pe-async] round=318 R=320 dirty=        2 runs=        1 filter=  0.027ms semisort=  0.004ms
[pe-async] round=319 R=321 dirty=        2 runs=        1 filter=  0.025ms semisort=  0.004ms
[pe-async] round=320 R=322 dirty=        2 runs=        1 filter=  0.027ms semisort=  0.004ms
[pe-async] round=321 R=323 dirty=        2 runs=        1 filter=  0.025ms semisort=  0.003ms
[pe-async] round=322 R=324 dirty=        2 runs=        1 filter=  0.023ms semisort=  0.004ms
[pe-async] round=323 R=325 dirty=        2 runs=        1 filter=  0.025ms semisort=  0.004ms
[pe-async] round=324 R=326 dirty=        2 runs=        1 filter=  0.025ms semisort=  0.004ms
[pe-async] round=325 R=327 dirty=        2 runs=        1 filter=  0.024ms semisort=  0.004ms
[pe-async] round=326 R=328 dirty=        2 runs=        1 filter=  0.027ms semisort=  0.004ms
[pe-async] round=327 R=329 dirty=        2 runs=        1 filter=  0.026ms semisort=  0.004ms
[pe-async] round=328 R=330 dirty=        2 runs=        1 filter=  0.026ms semisort=  0.003ms
[pe-async] round=329 R=331 dirty=        2 runs=        1 filter=  0.025ms semisort=  0.003ms
[pe-async] round=330 R=332 dirty=        2 runs=        1 filter=  0.026ms semisort=  0.004ms
[pe-async] round=331 R=333 dirty=        2 runs=        1 filter=  0.025ms semisort=  0.004ms
[pe-async] round=332 R=334 dirty=        2 runs=        1 filter=  0.026ms semisort=  0.004ms
[pe-async] round=333 R=335 dirty=        2 runs=        1 filter=  0.025ms semisort=  0.004ms
[pe-async] round=334 R=336 dirty=        2 runs=        1 filter=  0.026ms semisort=  0.004ms
[pe-async] round=335 R=337 dirty=        2 runs=        1 filter=  0.026ms semisort=  0.004ms
[pe-async] round=336 R=338 dirty=        2 runs=        1 filter=  0.031ms semisort=  0.004ms
[pe-async] round=337 R=339 dirty=        2 runs=        1 filter=  0.025ms semisort=  0.004ms
[pe-async] round=338 R=340 dirty=        2 runs=        1 filter=  0.025ms semisort=  0.004ms
[pe-async] round=339 R=341 dirty=        2 runs=        1 filter=  0.025ms semisort=  0.003ms
[pe-async] round=340 R=342 dirty=        2 runs=        1 filter=  0.024ms semisort=  0.003ms
[pe-async] round=341 R=343 dirty=        2 runs=        1 filter=  0.028ms semisort=  0.004ms
[pe-async] round=342 R=344 dirty=        2 runs=        1 filter=  0.025ms semisort=  0.004ms
[pe-async] round=343 R=345 dirty=        2 runs=        1 filter=  0.024ms semisort=  0.004ms
[pe-async] round=344 R=346 dirty=        2 runs=        1 filter=  0.026ms semisort=  0.004ms
[pe-async] round=345 R=347 dirty=        2 runs=        1 filter=  0.023ms semisort=  0.004ms
[pe-async] round=346 R=348 dirty=        2 runs=        1 filter=  0.024ms semisort=  0.004ms
[pe-async] round=347 R=349 dirty=        2 runs=        1 filter=  0.025ms semisort=  0.004ms
[pe-async] round=348 R=350 dirty=        2 runs=        1 filter=  0.025ms semisort=  0.004ms
[pe-async] round=349 R=351 dirty=        2 runs=        1 filter=  0.027ms semisort=  0.004ms
[pe-async] round=350 R=352 dirty=        2 runs=        1 filter=  0.026ms semisort=  0.004ms
[pe-async] round=351 R=353 dirty=        2 runs=        1 filter=  0.026ms semisort=  0.004ms
[pe-async] round=352 R=354 dirty=        2 runs=        1 filter=  0.025ms semisort=  0.004ms
[pe-async] round=353 R=355 dirty=        2 runs=        1 filter=  0.028ms semisort=  0.004ms
[pe-async] round=354 R=356 dirty=        2 runs=        1 filter=  0.025ms semisort=  0.004ms
[pe-async] round=355 R=357 dirty=        2 runs=        1 filter=  0.026ms semisort=  0.004ms
[pe-async] round=356 R=358 dirty=        2 runs=        1 filter=  0.026ms semisort=  0.004ms
[pe-async] round=357 R=359 dirty=        2 runs=        1 filter=  0.026ms semisort=  0.004ms
[pe-async] round=358 R=360 dirty=        2 runs=        1 filter=  0.026ms semisort=  0.004ms
[pe-async] round=359 R=361 dirty=        2 runs=        1 filter=  0.028ms semisort=  0.004ms
[pe-async] round=360 R=362 dirty=        2 runs=        1 filter=  0.028ms semisort=  0.003ms
[pe-async] round=361 R=363 dirty=        2 runs=        1 filter=  0.028ms semisort=  0.004ms
[pe-async] round=362 R=364 dirty=        2 runs=        1 filter=  0.025ms semisort=  0.004ms
[pe-async] round=363 R=365 dirty=        2 runs=        1 filter=  0.027ms semisort=  0.004ms
[pe-async] round=364 R=366 dirty=        2 runs=        1 filter=  0.025ms semisort=  0.004ms
[pe-async] round=365 R=367 dirty=        2 runs=        1 filter=  0.026ms semisort=  0.004ms
[pe-async] round=366 R=368 dirty=        2 runs=        1 filter=  0.025ms semisort=  0.004ms
[pe-async] round=367 R=369 dirty=        2 runs=        1 filter=  0.026ms semisort=  0.004ms
[pe-async] round=368 R=370 dirty=        2 runs=        1 filter=  0.026ms semisort=  0.004ms
[pe-async] round=369 R=371 dirty=        2 runs=        1 filter=  0.024ms semisort=  0.004ms
[pe-async] round=370 R=372 dirty=        2 runs=        1 filter=  0.025ms semisort=  0.004ms
[pe-async] round=371 R=373 dirty=        2 runs=        1 filter=  0.026ms semisort=  0.004ms
[pe-async] round=372 R=374 dirty=        2 runs=        1 filter=  0.026ms semisort=  0.004ms
[pe-async] round=373 R=375 dirty=        2 runs=        1 filter=  0.028ms semisort=  0.004ms
[pe-async] round=374 R=376 dirty=        2 runs=        1 filter=  0.024ms semisort=  0.004ms
[pe-async] round=375 R=377 dirty=        2 runs=        1 filter=  0.025ms semisort=  0.004ms
[pe-async] round=376 R=378 dirty=        2 runs=        1 filter=  0.027ms semisort=  0.004ms
[pe-async] round=377 R=379 dirty=        2 runs=        1 filter=  0.027ms semisort=  0.004ms
[pe-async] round=378 R=380 dirty=        2 runs=        1 filter=  0.027ms semisort=  0.003ms
[pe-async] round=379 R=381 dirty=        2 runs=        1 filter=  0.022ms semisort=  0.004ms
[pe-async] round=380 R=382 dirty=        2 runs=        1 filter=  0.026ms semisort=  0.004ms
[pe-async] round=381 R=383 dirty=        2 runs=        1 filter=  0.025ms semisort=  0.004ms
[pe-async] round=382 R=384 dirty=        2 runs=        1 filter=  0.024ms semisort=  0.004ms
[pe-async] round=383 R=385 dirty=        2 runs=        1 filter=  0.024ms semisort=  0.004ms
[pe-async] round=384 R=386 dirty=        2 runs=        1 filter=  0.024ms semisort=  0.004ms
[pe-async] round=385 R=387 dirty=        2 runs=        1 filter=  0.026ms semisort=  0.004ms
[pe-async] round=386 R=388 dirty=        2 runs=        1 filter=  0.024ms semisort=  0.004ms
[pe-async] round=387 R=389 dirty=        2 runs=        1 filter=  0.028ms semisort=  0.004ms
[pe-async] round=388 R=390 dirty=        2 runs=        1 filter=  0.026ms semisort=  0.004ms
[pe-async] round=389 R=391 dirty=        2 runs=        1 filter=  0.026ms semisort=  0.004ms
[pe-async] round=390 R=392 dirty=        2 runs=        1 filter=  0.027ms semisort=  0.004ms
[pe-async] round=391 R=393 dirty=        2 runs=        1 filter=  0.028ms semisort=  0.004ms
[pe-async] round=392 R=394 dirty=        2 runs=        1 filter=  0.025ms semisort=  0.004ms
[pe-async] round=393 R=395 dirty=        2 runs=        1 filter=  0.026ms semisort=  0.004ms
[pe-async] round=394 R=396 dirty=        2 runs=        1 filter=  0.023ms semisort=  0.004ms
[pe-async] round=395 R=397 dirty=        2 runs=        1 filter=  0.024ms semisort=  0.004ms
[pe-async] round=396 R=398 dirty=        2 runs=        1 filter=  0.024ms semisort=  0.004ms
[pe-async] round=397 R=399 dirty=        2 runs=        1 filter=  0.024ms semisort=  0.004ms
[pe-async] round=398 R=400 dirty=        2 runs=        1 filter=  0.026ms semisort=  0.004ms
[pe-async] round=399 R=401 dirty=        2 runs=        1 filter=  0.028ms semisort=  0.003ms
[pe-async] round=400 R=402 dirty=        2 runs=        1 filter=  0.025ms semisort=  0.004ms
[pe-async] round=401 R=403 dirty=        2 runs=        1 filter=  0.027ms semisort=  0.003ms
[pe-async] round=402 R=404 dirty=        2 runs=        1 filter=  0.024ms semisort=  0.004ms
[pe-async] round=403 R=405 dirty=        2 runs=        1 filter=  0.024ms semisort=  0.004ms
[pe-async] round=404 R=406 dirty=        2 runs=        1 filter=  0.026ms semisort=  0.004ms
[pe-async] round=405 R=407 dirty=        2 runs=        1 filter=  0.026ms semisort=  0.004ms
[pe-async] round=406 R=408 dirty=        2 runs=        1 filter=  0.026ms semisort=  0.004ms
[pe-async] round=407 R=409 dirty=        2 runs=        1 filter=  0.024ms semisort=  0.004ms
[pe-async] round=408 R=410 dirty=        2 runs=        1 filter=  0.025ms semisort=  0.004ms
[pe-async] round=409 R=411 dirty=        2 runs=        1 filter=  0.029ms semisort=  0.004ms
[pe-async] round=410 R=412 dirty=        2 runs=        1 filter=  0.024ms semisort=  0.004ms
[pe-async] round=411 R=413 dirty=        2 runs=        1 filter=  0.026ms semisort=  0.004ms
[pe-async] round=412 R=414 dirty=        2 runs=        1 filter=  0.028ms semisort=  0.004ms
[pe-async] round=413 R=415 dirty=        2 runs=        1 filter=  0.025ms semisort=  0.004ms
[pe-async] round=414 R=416 dirty=        2 runs=        1 filter=  0.024ms semisort=  0.004ms
[pe-async] round=415 R=417 dirty=        2 runs=        1 filter=  0.024ms semisort=  0.004ms
[pe-async] round=416 R=418 dirty=        2 runs=        1 filter=  0.025ms semisort=  0.004ms
[pe-async] round=417 R=419 dirty=        2 runs=        1 filter=  0.027ms semisort=  0.004ms
[pe-async] round=418 R=420 dirty=        2 runs=        1 filter=  0.026ms semisort=  0.004ms
[pe-async] round=419 R=421 dirty=        2 runs=        1 filter=  0.026ms semisort=  0.004ms
[pe-async] round=420 R=422 dirty=        2 runs=        1 filter=  0.021ms semisort=  0.004ms
[pe-async] round=421 R=423 dirty=        2 runs=        1 filter=  0.025ms semisort=  0.004ms
[pe-async] round=422 R=424 dirty=        2 runs=        1 filter=  0.024ms semisort=  0.003ms
[pe-async] round=423 R=425 dirty=        2 runs=        1 filter=  0.025ms semisort=  0.004ms
[pe-async] round=424 R=426 dirty=        2 runs=        1 filter=  0.025ms semisort=  0.004ms
[pe-async] round=425 R=427 dirty=        2 runs=        1 filter=  0.028ms semisort=  0.004ms
[pe-async] round=426 R=428 dirty=        2 runs=        1 filter=  0.025ms semisort=  0.004ms
[pe-async] round=427 R=429 dirty=        2 runs=        1 filter=  0.026ms semisort=  0.004ms
[pe-async] round=428 R=430 dirty=        2 runs=        1 filter=  0.025ms semisort=  0.004ms
[pe-async] round=429 R=431 dirty=        2 runs=        1 filter=  0.029ms semisort=  0.004ms
[pe-async] round=430 R=432 dirty=        2 runs=        1 filter=  0.028ms semisort=  0.008ms
[pe-async] round=431 R=433 dirty=        2 runs=        1 filter=  0.026ms semisort=  0.004ms
[pe-async] round=432 R=434 dirty=        2 runs=        1 filter=  0.025ms semisort=  0.003ms
[pe-async] round=433 R=435 dirty=        2 runs=        1 filter=  0.024ms semisort=  0.004ms
[pe-async] round=434 R=436 dirty=        2 runs=        1 filter=  0.027ms semisort=  0.004ms
[pe-async] round=435 R=437 dirty=        2 runs=        1 filter=  0.026ms semisort=  0.004ms
[pe-async] round=436 R=438 dirty=        2 runs=        1 filter=  0.028ms semisort=  0.004ms
[pe-async] round=437 R=439 dirty=        2 runs=        1 filter=  0.027ms semisort=  0.004ms
[pe-async] round=438 R=440 dirty=        2 runs=        1 filter=  0.027ms semisort=  0.004ms
[pe-async] round=439 R=441 dirty=        2 runs=        1 filter=  0.026ms semisort=  0.003ms
[pe-async] round=440 R=442 dirty=        2 runs=        1 filter=  0.025ms semisort=  0.004ms
[pe-async] round=441 R=443 dirty=        2 runs=        1 filter=  0.028ms semisort=  0.004ms
[pe-async] round=442 R=444 dirty=        2 runs=        1 filter=  0.026ms semisort=  0.004ms
[pe-async] round=443 R=445 dirty=        2 runs=        1 filter=  0.025ms semisort=  0.004ms
[pe-async] round=444 R=446 dirty=        2 runs=        1 filter=  0.026ms semisort=  0.004ms
[pe-async] round=445 R=447 dirty=        2 runs=        1 filter=  0.026ms semisort=  0.003ms
[pe-async] round=446 R=448 dirty=        2 runs=        1 filter=  0.025ms semisort=  0.004ms
[pe-async] round=447 R=449 dirty=        2 runs=        1 filter=  0.027ms semisort=  0.004ms
[pe-async] round=448 R=450 dirty=        2 runs=        1 filter=  0.024ms semisort=  0.004ms
[pe-async] round=449 R=451 dirty=        2 runs=        1 filter=  0.025ms semisort=  0.004ms
[pe-async] round=450 R=452 dirty=        2 runs=        1 filter=  0.023ms semisort=  0.004ms
[pe-async] round=451 R=453 dirty=        2 runs=        1 filter=  0.024ms semisort=  0.004ms
[pe-async] round=452 R=454 dirty=        2 runs=        1 filter=  0.027ms semisort=  0.004ms
[pe-async] round=453 R=455 dirty=        2 runs=        1 filter=  0.026ms semisort=  0.004ms
[pe-async] round=454 R=456 dirty=        2 runs=        1 filter=  0.026ms semisort=  0.004ms
[pe-async] round=455 R=457 dirty=        2 runs=        1 filter=  0.027ms semisort=  0.004ms
[pe-async] round=456 R=458 dirty=        2 runs=        1 filter=  0.027ms semisort=  0.003ms
[pe-async] round=457 R=459 dirty=        2 runs=        1 filter=  0.026ms semisort=  0.004ms
[pe-async] round=458 R=460 dirty=        2 runs=        1 filter=  0.025ms semisort=  0.004ms
[pe-async] round=459 R=461 dirty=        2 runs=        1 filter=  0.026ms semisort=  0.004ms
[pe-async] round=460 R=462 dirty=        2 runs=        1 filter=  0.026ms semisort=  0.004ms
[pe-async] round=461 R=463 dirty=        2 runs=        1 filter=  0.024ms semisort=  0.003ms
[pe-async] round=462 R=464 dirty=        2 runs=        1 filter=  0.027ms semisort=  0.004ms
[pe-async] round=463 R=465 dirty=        2 runs=        1 filter=  0.026ms semisort=  0.004ms
[pe-async] round=464 R=466 dirty=        2 runs=        1 filter=  0.023ms semisort=  0.004ms
[pe-async] round=465 R=467 dirty=        2 runs=        1 filter=  0.026ms semisort=  0.004ms
[pe-async] round=466 R=468 dirty=        2 runs=        1 filter=  0.024ms semisort=  0.004ms
[pe-async] round=467 R=469 dirty=        2 runs=        1 filter=  0.027ms semisort=  0.004ms
[pe-async] round=468 R=470 dirty=        2 runs=        1 filter=  0.028ms semisort=  0.004ms
[pe-async] round=469 R=471 dirty=        2 runs=        1 filter=  0.025ms semisort=  0.004ms
[pe-async] round=470 R=472 dirty=        2 runs=        1 filter=  0.025ms semisort=  0.004ms
[pe-async] round=471 R=473 dirty=        2 runs=        1 filter=  0.029ms semisort=  0.004ms
[pe-async] round=472 R=474 dirty=        2 runs=        1 filter=  0.025ms semisort=  0.003ms
[pe-async] round=473 R=475 dirty=        2 runs=        1 filter=  0.024ms semisort=  0.004ms
[pe-async] round=474 R=476 dirty=        2 runs=        1 filter=  0.026ms semisort=  0.004ms
[pe-async] round=475 R=477 dirty=        2 runs=        1 filter=  0.026ms semisort=  0.004ms
[pe-async] round=476 R=478 dirty=        2 runs=        1 filter=  0.025ms semisort=  0.004ms
[pe-async] round=477 R=479 dirty=        2 runs=        1 filter=  0.025ms semisort=  0.004ms
[pe-async] round=478 R=480 dirty=        2 runs=        1 filter=  0.025ms semisort=  0.004ms
[pe-async] round=479 R=481 dirty=        2 runs=        1 filter=  0.025ms semisort=  0.003ms
[pe-async] round=480 R=482 dirty=        2 runs=        1 filter=  0.026ms semisort=  0.004ms
[pe-async] round=481 R=483 dirty=        2 runs=        1 filter=  0.026ms semisort=  0.004ms
[pe-async] round=482 R=484 dirty=        2 runs=        1 filter=  0.028ms semisort=  0.004ms
[pe-async] round=483 R=485 dirty=        2 runs=        1 filter=  0.027ms semisort=  0.004ms
[pe-async] round=484 R=486 dirty=        2 runs=        1 filter=  0.025ms semisort=  0.004ms
[pe-async] round=485 R=487 dirty=        2 runs=        1 filter=  0.027ms semisort=  0.004ms
[pe-async] round=486 R=488 dirty=        2 runs=        1 filter=  0.026ms semisort=  0.004ms
[pe-async] round=487 R=489 dirty=        2 runs=        1 filter=  0.026ms semisort=  0.004ms
[pe-async] round=488 R=490 dirty=        2 runs=        1 filter=  0.026ms semisort=  0.004ms
[pe-async] round=489 R=491 dirty=        2 runs=        1 filter=  0.025ms semisort=  0.004ms
[pe-async] round=490 R=492 dirty=        2 runs=        1 filter=  0.025ms semisort=  0.004ms
[pe-async] round=491 R=493 dirty=        2 runs=        1 filter=  0.026ms semisort=  0.004ms
[pe-async] round=492 R=494 dirty=        2 runs=        1 filter=  0.027ms semisort=  0.003ms
[pe-async] round=493 R=495 dirty=        2 runs=        1 filter=  0.023ms semisort=  0.009ms
[pe-async] round=494 R=496 dirty=        2 runs=        1 filter=  0.027ms semisort=  0.004ms
[pe-async] round=495 R=497 dirty=        2 runs=        1 filter=  0.025ms semisort=  0.004ms
[pe-async] round=496 R=498 dirty=        2 runs=        1 filter=  0.026ms semisort=  0.003ms
[pe-async] round=497 R=499 dirty=        2 runs=        1 filter=  0.026ms semisort=  0.004ms
[pe-async] round=498 R=500 dirty=        2 runs=        1 filter=  0.026ms semisort=  0.004ms
[pe-async] round=499 R=501 dirty=        2 runs=        1 filter=  0.025ms semisort=  0.004ms
[pe-async] round=500 R=502 dirty=        2 runs=        1 filter=  0.025ms semisort=  0.003ms
[pe-async] round=501 R=503 dirty=        2 runs=        1 filter=  0.026ms semisort=  0.004ms
[pe-async] round=502 R=504 dirty=        2 runs=        1 filter=  0.026ms semisort=  0.004ms
[pe-async] round=503 R=505 dirty=        2 runs=        1 filter=  0.025ms semisort=  0.004ms
[pe-async] round=504 R=506 dirty=        2 runs=        1 filter=  0.027ms semisort=  0.004ms
[pe-async] round=505 R=507 dirty=        2 runs=        1 filter=  0.025ms semisort=  0.004ms
[pe-async] round=506 R=508 dirty=        2 runs=        1 filter=  0.028ms semisort=  0.004ms
[pe-async] round=507 R=509 dirty=        2 runs=        1 filter=  0.025ms semisort=  0.003ms
[pe-async] round=508 R=510 dirty=        2 runs=        1 filter=  0.026ms semisort=  0.004ms
[pe-async] round=509 R=511 dirty=        2 runs=        1 filter=  0.028ms semisort=  0.004ms
[pe-async] round=510 R=512 dirty=        2 runs=        1 filter=  0.026ms semisort=  0.004ms
[pe-async] round=511 R=513 dirty=        2 runs=        1 filter=  0.026ms semisort=  0.004ms
[pe-async] round=512 R=514 dirty=        2 runs=        1 filter=  0.026ms semisort=  0.004ms
[pe-async] round=513 R=515 dirty=        2 runs=        1 filter=  0.025ms semisort=  0.004ms
[pe-async] round=514 R=516 dirty=        2 runs=        1 filter=  0.026ms semisort=  0.004ms
[pe-async] round=515 R=517 dirty=        2 runs=        1 filter=  0.025ms semisort=  0.004ms
[pe-async] round=516 R=518 dirty=        2 runs=        1 filter=  0.025ms semisort=  0.004ms
[pe-async] round=517 R=519 dirty=        2 runs=        1 filter=  0.026ms semisort=  0.004ms
[pe-async] round=518 R=520 dirty=        2 runs=        1 filter=  0.027ms semisort=  0.004ms
[pe-async] round=519 R=521 dirty=        2 runs=        1 filter=  0.023ms semisort=  0.004ms
[pe-async] round=520 R=522 dirty=        2 runs=        1 filter=  0.027ms semisort=  0.004ms
[pe-async] round=521 R=523 dirty=        2 runs=        1 filter=  0.028ms semisort=  0.004ms
[pe-async] round=522 R=524 dirty=        2 runs=        1 filter=  0.027ms semisort=  0.004ms
[pe-async] round=523 R=525 dirty=        2 runs=        1 filter=  0.025ms semisort=  0.004ms
[pe-async] round=524 R=526 dirty=        2 runs=        1 filter=  0.030ms semisort=  0.004ms
[pe-async] round=525 R=527 dirty=        2 runs=        1 filter=  0.025ms semisort=  0.004ms
[pe-async] round=526 R=528 dirty=        2 runs=        1 filter=  0.025ms semisort=  0.004ms
[pe-async] round=527 R=529 dirty=        2 runs=        1 filter=  0.022ms semisort=  0.004ms
[pe-async] round=528 R=530 dirty=        2 runs=        1 filter=  0.025ms semisort=  0.004ms
[pe-async] round=529 R=531 dirty=        2 runs=        1 filter=  0.026ms semisort=  0.004ms
[pe-async] round=530 R=532 dirty=        2 runs=        1 filter=  0.026ms semisort=  0.004ms
[pe-async] round=531 R=533 dirty=        2 runs=        1 filter=  0.026ms semisort=  0.004ms
[pe-async] round=532 R=534 dirty=        2 runs=        1 filter=  0.027ms semisort=  0.004ms
[pe-async] round=533 R=535 dirty=        2 runs=        1 filter=  0.026ms semisort=  0.004ms
[pe-async] round=534 R=536 dirty=        2 runs=        1 filter=  0.025ms semisort=  0.004ms
[pe-async] round=535 R=537 dirty=        2 runs=        1 filter=  0.026ms semisort=  0.004ms
[pe-async] round=536 R=538 dirty=        2 runs=        1 filter=  0.024ms semisort=  0.004ms
[pe-async] round=537 R=539 dirty=        2 runs=        1 filter=  0.027ms semisort=  0.004ms
[pe-async] round=538 R=540 dirty=        2 runs=        1 filter=  0.025ms semisort=  0.004ms
[pe-async] round=539 R=541 dirty=        2 runs=        1 filter=  0.024ms semisort=  0.004ms
[pe-async] round=540 R=542 dirty=        2 runs=        1 filter=  0.025ms semisort=  0.004ms
[pe-async] round=541 R=543 dirty=        2 runs=        1 filter=  0.025ms semisort=  0.004ms
[pe-async] round=542 R=544 dirty=        2 runs=        1 filter=  0.025ms semisort=  0.003ms
[pe-async] round=543 R=545 dirty=        2 runs=        1 filter=  0.022ms semisort=  0.004ms
[pe-async] round=544 R=546 dirty=        2 runs=        1 filter=  0.026ms semisort=  0.004ms
[pe-async] round=545 R=547 dirty=        2 runs=        1 filter=  0.025ms semisort=  0.004ms
[pe-async] round=546 R=548 dirty=        2 runs=        1 filter=  0.027ms semisort=  0.004ms
[pe-async] round=547 R=549 dirty=        2 runs=        1 filter=  0.025ms semisort=  0.004ms
[pe-async] round=548 R=550 dirty=        2 runs=        1 filter=  0.029ms semisort=  0.004ms
[pe-async] round=549 R=551 dirty=        2 runs=        1 filter=  0.025ms semisort=  0.004ms
[pe-async] round=550 R=552 dirty=        2 runs=        1 filter=  0.026ms semisort=  0.004ms
[pe-async] round=551 R=553 dirty=        2 runs=        1 filter=  0.027ms semisort=  0.004ms
[pe-async] round=552 R=554 dirty=        2 runs=        1 filter=  0.026ms semisort=  0.004ms
[pe-async] round=553 R=555 dirty=        2 runs=        1 filter=  0.024ms semisort=  0.004ms
[pe-async] round=554 R=556 dirty=        2 runs=        1 filter=  0.025ms semisort=  0.004ms
[pe-async] round=555 R=557 dirty=        2 runs=        1 filter=  0.026ms semisort=  0.004ms
[pe-async] round=556 R=558 dirty=        2 runs=        1 filter=  0.030ms semisort=  0.004ms
[pe-async] round=557 R=559 dirty=        2 runs=        1 filter=  0.026ms semisort=  0.004ms
[pe-async] round=558 R=560 dirty=        2 runs=        1 filter=  0.025ms semisort=  0.004ms
[pe-async] round=559 R=561 dirty=        2 runs=        1 filter=  0.025ms semisort=  0.004ms
[pe-async] round=560 R=562 dirty=        2 runs=        1 filter=  0.025ms semisort=  0.004ms
[pe-async] round=561 R=563 dirty=        2 runs=        1 filter=  0.025ms semisort=  0.004ms
[pe-async] round=562 R=564 dirty=        2 runs=        1 filter=  0.027ms semisort=  0.004ms
[pe-async] round=563 R=565 dirty=        2 runs=        1 filter=  0.027ms semisort=  0.004ms
[pe-async] round=564 R=566 dirty=        2 runs=        1 filter=  0.025ms semisort=  0.004ms
[pe-async] round=565 R=567 dirty=        2 runs=        1 filter=  0.027ms semisort=  0.004ms
[pe-async] round=566 R=568 dirty=        2 runs=        1 filter=  0.025ms semisort=  0.004ms
[pe-async] round=567 R=569 dirty=        2 runs=        1 filter=  0.024ms semisort=  0.004ms
[pe-async] round=568 R=570 dirty=        2 runs=        1 filter=  0.023ms semisort=  0.004ms
[pe-async] round=569 R=571 dirty=        2 runs=        1 filter=  0.026ms semisort=  0.004ms
[pe-async] round=570 R=572 dirty=        2 runs=        1 filter=  0.025ms semisort=  0.004ms
[pe-async] round=571 R=573 dirty=        2 runs=        1 filter=  0.025ms semisort=  0.004ms
[pe-async] round=572 R=574 dirty=        2 runs=        1 filter=  0.023ms semisort=  0.004ms
[pe-async] round=573 R=575 dirty=        2 runs=        1 filter=  0.025ms semisort=  0.004ms
[pe-async] round=574 R=576 dirty=        2 runs=        1 filter=  0.024ms semisort=  0.004ms
[pe-async] round=575 R=577 dirty=        2 runs=        1 filter=  0.026ms semisort=  0.004ms
[pe-async] round=576 R=578 dirty=        2 runs=        1 filter=  0.025ms semisort=  0.004ms
[pe-async] round=577 R=579 dirty=        2 runs=        1 filter=  0.030ms semisort=  0.004ms
[pe-async] round=578 R=580 dirty=        2 runs=        1 filter=  0.027ms semisort=  0.004ms
[pe-async] round=579 R=581 dirty=        2 runs=        1 filter=  0.025ms semisort=  0.004ms
[pe-async] round=580 R=582 dirty=        2 runs=        1 filter=  0.027ms semisort=  0.004ms
[pe-async] round=581 R=583 dirty=        2 runs=        1 filter=  0.025ms semisort=  0.004ms
[pe-async] round=582 R=584 dirty=        2 runs=        1 filter=  0.025ms semisort=  0.004ms
[pe-async] round=583 R=585 dirty=        2 runs=        1 filter=  0.025ms semisort=  0.004ms
[pe-async] round=584 R=586 dirty=        2 runs=        1 filter=  0.026ms semisort=  0.004ms
[pe-async] round=585 R=587 dirty=        2 runs=        1 filter=  0.026ms semisort=  0.003ms
[pe-async] round=586 R=588 dirty=        2 runs=        1 filter=  0.027ms semisort=  0.004ms
[pe-async] round=587 R=589 dirty=        2 runs=        1 filter=  0.030ms semisort=  0.004ms
[pe-async] round=588 R=590 dirty=        2 runs=        1 filter=  0.026ms semisort=  0.004ms
[pe-async] round=589 R=591 dirty=        2 runs=        1 filter=  0.026ms semisort=  0.004ms
[pe-async] round=590 R=592 dirty=        2 runs=        1 filter=  0.023ms semisort=  0.004ms
[pe-async] round=591 R=593 dirty=        2 runs=        1 filter=  0.024ms semisort=  0.004ms
[pe-async] round=592 R=594 dirty=        2 runs=        1 filter=  0.026ms semisort=  0.004ms
[pe-async] round=593 R=595 dirty=        2 runs=        1 filter=  0.026ms semisort=  0.004ms
[pe-async] round=594 R=596 dirty=        2 runs=        1 filter=  0.027ms semisort=  0.004ms
[pe-async] round=595 R=597 dirty=        2 runs=        1 filter=  0.027ms semisort=  0.004ms
[pe-async] round=596 R=598 dirty=        2 runs=        1 filter=  0.026ms semisort=  0.004ms
[pe-async] round=597 R=599 dirty=        2 runs=        1 filter=  0.026ms semisort=  0.004ms
[pe-async] round=598 R=600 dirty=        2 runs=        1 filter=  0.024ms semisort=  0.003ms
[pe-async] round=599 R=601 dirty=        2 runs=        1 filter=  0.025ms semisort=  0.004ms
[pe-async] round=600 R=602 dirty=        2 runs=        1 filter=  0.025ms semisort=  0.004ms
[pe-async] round=601 R=603 dirty=        2 runs=        1 filter=  0.025ms semisort=  0.004ms
[pe-async] round=602 R=604 dirty=        2 runs=        1 filter=  0.024ms semisort=  0.004ms
[pe-async] round=603 R=605 dirty=        2 runs=        1 filter=  0.023ms semisort=  0.004ms
[pe-async] round=604 R=606 dirty=        2 runs=        1 filter=  0.027ms semisort=  0.004ms
[pe-async] round=605 R=607 dirty=        2 runs=        1 filter=  0.027ms semisort=  0.004ms
[pe-async] round=606 R=608 dirty=        2 runs=        1 filter=  0.026ms semisort=  0.004ms
[pe-async] round=607 R=609 dirty=        2 runs=        1 filter=  0.026ms semisort=  0.004ms
[pe-async] round=608 R=610 dirty=        2 runs=        1 filter=  0.026ms semisort=  0.004ms
[pe-async] round=609 R=611 dirty=        2 runs=        1 filter=  0.027ms semisort=  0.004ms
[pe-async] round=610 R=612 dirty=        2 runs=        1 filter=  0.026ms semisort=  0.004ms
[pe-async] round=611 R=613 dirty=        2 runs=        1 filter=  0.026ms semisort=  0.004ms
[pe-async] round=612 R=614 dirty=        2 runs=        1 filter=  0.025ms semisort=  0.004ms
[pe-async] round=613 R=615 dirty=        2 runs=        1 filter=  0.026ms semisort=  0.004ms
[pe-async] round=614 R=616 dirty=        2 runs=        1 filter=  0.025ms semisort=  0.004ms
[pe-async] round=615 R=617 dirty=        2 runs=        1 filter=  0.025ms semisort=  0.004ms
[pe-async] round=616 R=618 dirty=        2 runs=        1 filter=  0.025ms semisort=  0.004ms
[pe-async] round=617 R=619 dirty=        2 runs=        1 filter=  0.028ms semisort=  0.004ms
[pe-async] round=618 R=620 dirty=        2 runs=        1 filter=  0.026ms semisort=  0.004ms
[pe-async] round=619 R=621 dirty=        2 runs=        1 filter=  0.046ms semisort=  0.003ms
[pe-async] round=620 R=622 dirty=        2 runs=        1 filter=  0.028ms semisort=  0.004ms
[pe-async] round=621 R=623 dirty=        2 runs=        1 filter=  0.025ms semisort=  0.004ms
[pe-async] round=622 R=624 dirty=        2 runs=        1 filter=  0.026ms semisort=  0.004ms
[pe-async] round=623 R=625 dirty=        2 runs=        1 filter=  0.024ms semisort=  0.004ms
[pe-async] round=624 R=626 dirty=        2 runs=        1 filter=  0.026ms semisort=  0.004ms
[pe-async] round=625 R=627 dirty=        2 runs=        1 filter=  0.026ms semisort=  0.004ms
[pe-async] round=626 R=628 dirty=        2 runs=        1 filter=  0.025ms semisort=  0.004ms
[pe-async] round=627 R=629 dirty=        2 runs=        1 filter=  0.026ms semisort=  0.004ms
[pe-async] round=628 R=630 dirty=        2 runs=        1 filter=  0.026ms semisort=  0.004ms
[pe-async] round=629 R=631 dirty=        2 runs=        1 filter=  0.025ms semisort=  0.004ms
[pe-async] round=630 R=632 dirty=        2 runs=        1 filter=  0.026ms semisort=  0.004ms
[pe-async] round=631 R=633 dirty=        2 runs=        1 filter=  0.025ms semisort=  0.004ms
[pe-async] round=632 R=634 dirty=        2 runs=        1 filter=  0.025ms semisort=  0.004ms
[pe-async] round=633 R=635 dirty=        2 runs=        1 filter=  0.025ms semisort=  0.004ms
[pe-async] round=634 R=636 dirty=        2 runs=        1 filter=  0.026ms semisort=  0.004ms
[pe-async] round=635 R=637 dirty=        2 runs=        1 filter=  0.027ms semisort=  0.004ms
[pe-async] round=636 R=638 dirty=        2 runs=        1 filter=  0.026ms semisort=  0.004ms
[pe-async] round=637 R=639 dirty=        2 runs=        1 filter=  0.024ms semisort=  0.004ms
[pe-async] round=638 R=640 dirty=        2 runs=        1 filter=  0.028ms semisort=  0.004ms
[pe-async] round=639 R=641 dirty=        2 runs=        1 filter=  0.027ms semisort=  0.004ms
[pe-async] round=640 R=642 dirty=        2 runs=        1 filter=  0.025ms semisort=  0.004ms
[pe-async] round=641 R=643 dirty=        2 runs=        1 filter=  0.027ms semisort=  0.004ms
[pe-async] round=642 R=644 dirty=        2 runs=        1 filter=  0.026ms semisort=  0.004ms
[pe-async] round=643 R=645 dirty=        2 runs=        1 filter=  0.026ms semisort=  0.004ms
[pe-async] round=644 R=646 dirty=        2 runs=        1 filter=  0.025ms semisort=  0.004ms
[pe-async] round=645 R=647 dirty=        2 runs=        1 filter=  0.025ms semisort=  0.004ms
[pe-async] round=646 R=648 dirty=        2 runs=        1 filter=  0.025ms semisort=  0.004ms
[pe-async] round=647 R=649 dirty=        2 runs=        1 filter=  0.026ms semisort=  0.004ms
[pe-async] round=648 R=650 dirty=        2 runs=        1 filter=  0.026ms semisort=  0.004ms
[pe-async] round=649 R=651 dirty=        2 runs=        1 filter=  0.031ms semisort=  0.004ms
[pe-async] round=650 R=652 dirty=        2 runs=        1 filter=  0.024ms semisort=  0.003ms
[pe-async] round=651 R=653 dirty=        2 runs=        1 filter=  0.026ms semisort=  0.004ms
[pe-async] round=652 R=654 dirty=        2 runs=        1 filter=  0.026ms semisort=  0.004ms
[pe-async] round=653 R=655 dirty=        2 runs=        1 filter=  0.026ms semisort=  0.004ms
[pe-async] round=654 R=656 dirty=        2 runs=        1 filter=  0.024ms semisort=  0.004ms
[pe-async] round=655 R=657 dirty=        2 runs=        1 filter=  0.026ms semisort=  0.004ms
[pe-async] round=656 R=658 dirty=        2 runs=        1 filter=  0.024ms semisort=  0.004ms
[pe-async] round=657 R=659 dirty=        2 runs=        1 filter=  0.026ms semisort=  0.004ms
[pe-async] round=658 R=660 dirty=        2 runs=        1 filter=  0.026ms semisort=  0.004ms
[pe-async] round=659 R=661 dirty=        2 runs=        1 filter=  0.025ms semisort=  0.004ms
[pe-async] round=660 R=662 dirty=        2 runs=        1 filter=  0.026ms semisort=  0.004ms
[pe-async] round=661 R=663 dirty=        2 runs=        1 filter=  0.026ms semisort=  0.004ms
[pe-async] round=662 R=664 dirty=        2 runs=        1 filter=  0.026ms semisort=  0.004ms
[pe-async] round=663 R=665 dirty=        2 runs=        1 filter=  0.025ms semisort=  0.004ms
[pe-async] round=664 R=666 dirty=        2 runs=        1 filter=  0.027ms semisort=  0.004ms
[pe-async] round=665 R=667 dirty=        2 runs=        1 filter=  0.025ms semisort=  0.004ms
[pe-async] round=666 R=668 dirty=        2 runs=        1 filter=  0.026ms semisort=  0.004ms
[pe-async] round=667 R=669 dirty=        2 runs=        1 filter=  0.029ms semisort=  0.004ms
[pe-async] round=668 R=670 dirty=        2 runs=        1 filter=  0.027ms semisort=  0.004ms
[pe-async] round=669 R=671 dirty=        2 runs=        1 filter=  0.025ms semisort=  0.004ms
[pe-async] round=670 R=672 dirty=        2 runs=        1 filter=  0.026ms semisort=  0.004ms
[pe-async] round=671 R=673 dirty=        2 runs=        1 filter=  0.025ms semisort=  0.004ms
[pe-async] round=672 R=674 dirty=        2 runs=        1 filter=  0.024ms semisort=  0.004ms
[pe-async] round=673 R=675 dirty=        2 runs=        1 filter=  0.027ms semisort=  0.004ms
[pe-async] round=674 R=676 dirty=        2 runs=        1 filter=  0.026ms semisort=  0.004ms
[pe-async] round=675 R=677 dirty=        2 runs=        1 filter=  0.025ms semisort=  0.004ms
[pe-async] round=676 R=678 dirty=        2 runs=        1 filter=  0.023ms semisort=  0.004ms
[pe-async] round=677 R=679 dirty=        2 runs=        1 filter=  0.027ms semisort=  0.003ms
[pe-async] round=678 R=680 dirty=        2 runs=        1 filter=  0.025ms semisort=  0.004ms
[pe-async] round=679 R=681 dirty=        2 runs=        1 filter=  0.025ms semisort=  0.004ms
[pe-async] round=680 R=682 dirty=        2 runs=        1 filter=  0.031ms semisort=  0.004ms
[pe-async] round=681 R=683 dirty=        2 runs=        1 filter=  0.025ms semisort=  0.004ms
[pe-async] round=682 R=684 dirty=        2 runs=        1 filter=  0.026ms semisort=  0.004ms
[pe-async] round=683 R=685 dirty=        2 runs=        1 filter=  0.027ms semisort=  0.004ms
[pe-async] round=684 R=686 dirty=        2 runs=        1 filter=  0.026ms semisort=  0.004ms
[pe-async] round=685 R=687 dirty=        2 runs=        1 filter=  0.026ms semisort=  0.004ms
[pe-async] round=686 R=688 dirty=        2 runs=        1 filter=  0.025ms semisort=  0.003ms
[pe-async] round=687 R=689 dirty=        2 runs=        1 filter=  0.025ms semisort=  0.004ms
[pe-async] round=688 R=690 dirty=        2 runs=        1 filter=  0.025ms semisort=  0.004ms
[pe-async] round=689 R=691 dirty=        2 runs=        1 filter=  0.026ms semisort=  0.004ms
[pe-async] round=690 R=692 dirty=        2 runs=        1 filter=  0.026ms semisort=  0.004ms
[pe-async] round=691 R=693 dirty=        2 runs=        1 filter=  0.027ms semisort=  0.004ms
[pe-async] round=692 R=694 dirty=        2 runs=        1 filter=  0.025ms semisort=  0.004ms
[pe-async] round=693 R=695 dirty=        2 runs=        1 filter=  0.025ms semisort=  0.004ms
[pe-async] round=694 R=696 dirty=        2 runs=        1 filter=  0.025ms semisort=  0.004ms
[pe-async] round=695 R=697 dirty=        2 runs=        1 filter=  0.026ms semisort=  0.004ms
[pe-async] round=696 R=698 dirty=        2 runs=        1 filter=  0.026ms semisort=  0.004ms
[pe-async] round=697 R=699 dirty=        2 runs=        1 filter=  0.026ms semisort=  0.004ms
[pe-async] round=698 R=700 dirty=        2 runs=        1 filter=  0.026ms semisort=  0.004ms
[pe-async] round=699 R=701 dirty=        2 runs=        1 filter=  0.023ms semisort=  0.004ms
[pe-async] round=700 R=702 dirty=        2 runs=        1 filter=  0.023ms semisort=  0.004ms
[pe-async] round=701 R=703 dirty=        2 runs=        1 filter=  0.025ms semisort=  0.004ms
[pe-async] round=702 R=704 dirty=        2 runs=        1 filter=  0.026ms semisort=  0.004ms
[pe-async] round=703 R=705 dirty=        2 runs=        1 filter=  0.025ms semisort=  0.004ms
[pe-async] round=704 R=706 dirty=        2 runs=        1 filter=  0.024ms semisort=  0.004ms
[pe-async] round=705 R=707 dirty=        2 runs=        1 filter=  0.024ms semisort=  0.004ms
[pe-async] round=706 R=708 dirty=        2 runs=        1 filter=  0.026ms semisort=  0.004ms
[pe-async] round=707 R=709 dirty=        2 runs=        1 filter=  0.026ms semisort=  0.004ms
[pe-async] round=708 R=710 dirty=        2 runs=        1 filter=  0.028ms semisort=  0.004ms
[pe-async] round=709 R=711 dirty=        2 runs=        1 filter=  0.025ms semisort=  0.004ms
[pe-async] round=710 R=712 dirty=        2 runs=        1 filter=  0.025ms semisort=  0.004ms
[pe-async] round=711 R=713 dirty=        2 runs=        1 filter=  0.025ms semisort=  0.004ms
[pe-async] round=712 R=714 dirty=        2 runs=        1 filter=  0.025ms semisort=  0.003ms
[pe-async] round=713 R=715 dirty=        2 runs=        1 filter=  0.025ms semisort=  0.004ms
[pe-async] round=714 R=716 dirty=        2 runs=        1 filter=  0.023ms semisort=  0.004ms
[pe-async] round=715 R=717 dirty=        2 runs=        1 filter=  0.025ms semisort=  0.004ms
[pe-async] round=716 R=718 dirty=        2 runs=        1 filter=  0.027ms semisort=  0.004ms
[pe-async] round=717 R=719 dirty=        2 runs=        1 filter=  0.027ms semisort=  0.004ms
[pe-async] round=718 R=720 dirty=        2 runs=        1 filter=  0.028ms semisort=  0.004ms
[pe-async] round=719 R=721 dirty=        2 runs=        1 filter=  0.025ms semisort=  0.004ms
[pe-async] round=720 R=722 dirty=        2 runs=        1 filter=  0.027ms semisort=  0.004ms
[pe-async] round=721 R=723 dirty=        2 runs=        1 filter=  0.027ms semisort=  0.004ms
[pe-async] round=722 R=724 dirty=        2 runs=        1 filter=  0.023ms semisort=  0.004ms
[pe-async] round=723 R=725 dirty=        2 runs=        1 filter=  0.026ms semisort=  0.004ms
[pe-async] round=724 R=726 dirty=        2 runs=        1 filter=  0.026ms semisort=  0.004ms
[pe-async] round=725 R=727 dirty=        2 runs=        1 filter=  0.026ms semisort=  0.004ms
[pe-async] round=726 R=728 dirty=        2 runs=        1 filter=  0.025ms semisort=  0.004ms
[pe-async] round=727 R=729 dirty=        2 runs=        1 filter=  0.026ms semisort=  0.004ms
[pe-async] round=728 R=730 dirty=        2 runs=        1 filter=  0.026ms semisort=  0.004ms
[pe-async] round=729 R=731 dirty=        2 runs=        1 filter=  0.026ms semisort=  0.004ms
[pe-async] round=730 R=732 dirty=        2 runs=        1 filter=  0.024ms semisort=  0.004ms
[pe-async] round=731 R=733 dirty=        2 runs=        1 filter=  0.024ms semisort=  0.004ms
[pe-async] round=732 R=734 dirty=        2 runs=        1 filter=  0.025ms semisort=  0.004ms
[pe-async] round=733 R=735 dirty=        2 runs=        1 filter=  0.027ms semisort=  0.004ms
[pe-async] round=734 R=736 dirty=        2 runs=        1 filter=  0.027ms semisort=  0.004ms
[pe-async] round=735 R=737 dirty=        2 runs=        1 filter=  0.024ms semisort=  0.004ms
[pe-async] round=736 R=738 dirty=        2 runs=        1 filter=  0.027ms semisort=  0.004ms
[pe-async] round=737 R=739 dirty=        2 runs=        1 filter=  0.025ms semisort=  0.004ms
[pe-async] round=738 R=740 dirty=        2 runs=        1 filter=  0.024ms semisort=  0.004ms
[pe-async] round=739 R=741 dirty=        2 runs=        1 filter=  0.025ms semisort=  0.004ms
[pe-async] round=740 R=742 dirty=        2 runs=        1 filter=  0.028ms semisort=  0.004ms
[pe-async] round=741 R=743 dirty=        2 runs=        1 filter=  0.025ms semisort=  0.004ms
[pe-async] round=742 R=744 dirty=        2 runs=        1 filter=  0.026ms semisort=  0.004ms
[pe-async] round=743 R=745 dirty=        2 runs=        1 filter=  0.028ms semisort=  0.004ms
[pe-async] round=744 R=746 dirty=        2 runs=        1 filter=  0.024ms semisort=  0.004ms
[pe-async] round=745 R=747 dirty=        2 runs=        1 filter=  0.024ms semisort=  0.004ms
[pe-async] round=746 R=748 dirty=        2 runs=        1 filter=  0.025ms semisort=  0.004ms
[pe-async] round=747 R=749 dirty=        2 runs=        1 filter=  0.025ms semisort=  0.004ms
[pe-async] round=748 R=750 dirty=        2 runs=        1 filter=  0.026ms semisort=  0.004ms
[pe-async] round=749 R=751 dirty=        2 runs=        1 filter=  0.025ms semisort=  0.004ms
[pe-async] round=750 R=752 dirty=        2 runs=        1 filter=  0.025ms semisort=  0.004ms
[pe-async] round=751 R=753 dirty=        2 runs=        1 filter=  0.028ms semisort=  0.004ms
[pe-async] round=752 R=754 dirty=        2 runs=        1 filter=  0.025ms semisort=  0.004ms
[pe-async] round=753 R=755 dirty=        2 runs=        1 filter=  0.025ms semisort=  0.004ms
[pe-async] round=754 R=756 dirty=        2 runs=        1 filter=  0.025ms semisort=  0.004ms
[pe-async] round=755 R=757 dirty=        2 runs=        1 filter=  0.027ms semisort=  0.004ms
[pe-async] round=756 R=758 dirty=        2 runs=        1 filter=  0.027ms semisort=  0.004ms
[pe-async] round=757 R=759 dirty=        2 runs=        1 filter=  0.025ms semisort=  0.004ms
[pe-async] round=758 R=760 dirty=        2 runs=        1 filter=  0.028ms semisort=  0.004ms
[pe-async] round=759 R=761 dirty=        2 runs=        1 filter=  0.026ms semisort=  0.004ms
[pe-async] round=760 R=762 dirty=        2 runs=        1 filter=  0.022ms semisort=  0.004ms
[pe-async] round=761 R=763 dirty=        2 runs=        1 filter=  0.028ms semisort=  0.004ms
[pe-async] round=762 R=764 dirty=        2 runs=        1 filter=  0.027ms semisort=  0.004ms
[pe-async] round=763 R=765 dirty=        2 runs=        1 filter=  0.026ms semisort=  0.004ms
[pe-async] round=764 R=766 dirty=        2 runs=        1 filter=  0.025ms semisort=  0.004ms
[pe-async] round=765 R=767 dirty=        2 runs=        1 filter=  0.025ms semisort=  0.004ms
[pe-async] round=766 R=768 dirty=        2 runs=        1 filter=  0.025ms semisort=  0.004ms
[pe-async] round=767 R=769 dirty=        2 runs=        1 filter=  0.026ms semisort=  0.004ms
[pe-async] round=768 R=770 dirty=        2 runs=        1 filter=  0.026ms semisort=  0.004ms
[pe-async] round=769 R=771 dirty=        2 runs=        1 filter=  0.025ms semisort=  0.004ms
[pe-async] round=770 R=772 dirty=        2 runs=        1 filter=  0.026ms semisort=  0.004ms
[pe-async] round=771 R=773 dirty=        2 runs=        1 filter=  0.025ms semisort=  0.004ms
[pe-async] round=772 R=774 dirty=        2 runs=        1 filter=  0.023ms semisort=  0.004ms
[pe-async] round=773 R=775 dirty=        2 runs=        1 filter=  0.024ms semisort=  0.004ms
[pe-async] round=774 R=776 dirty=        2 runs=        1 filter=  0.030ms semisort=  0.003ms
[pe-async] round=775 R=777 dirty=        2 runs=        1 filter=  0.025ms semisort=  0.004ms
[pe-async] round=776 R=778 dirty=        2 runs=        1 filter=  0.024ms semisort=  0.004ms
[pe-async] round=777 R=779 dirty=        2 runs=        1 filter=  0.024ms semisort=  0.004ms
[pe-async] round=778 R=780 dirty=        2 runs=        1 filter=  0.029ms semisort=  0.003ms
[pe-async] round=779 R=781 dirty=        2 runs=        1 filter=  0.028ms semisort=  0.004ms
[pe-async] round=780 R=782 dirty=        2 runs=        1 filter=  0.025ms semisort=  0.004ms
[pe-async] round=781 R=783 dirty=        2 runs=        1 filter=  0.024ms semisort=  0.004ms
[pe-async] round=782 R=784 dirty=        2 runs=        1 filter=  0.028ms semisort=  0.004ms
[pe-async] round=783 R=785 dirty=        2 runs=        1 filter=  0.026ms semisort=  0.004ms
[pe-async] round=784 R=786 dirty=        2 runs=        1 filter=  0.027ms semisort=  0.004ms
[pe-async] round=785 R=787 dirty=        2 runs=        1 filter=  0.028ms semisort=  0.004ms
[pe-async] round=786 R=788 dirty=        2 runs=        1 filter=  0.028ms semisort=  0.004ms
[pe-async] round=787 R=789 dirty=        2 runs=        1 filter=  0.025ms semisort=  0.004ms
[pe-async] round=788 R=790 dirty=        2 runs=        1 filter=  0.023ms semisort=  0.004ms
[pe-async] round=789 R=791 dirty=        2 runs=        1 filter=  0.025ms semisort=  0.004ms
[pe-async] round=790 R=792 dirty=        2 runs=        1 filter=  0.021ms semisort=  0.004ms
[pe-async] round=791 R=793 dirty=        2 runs=        1 filter=  0.026ms semisort=  0.004ms
[pe-async] round=792 R=794 dirty=        2 runs=        1 filter=  0.025ms semisort=  0.004ms
[pe-async] round=793 R=795 dirty=        2 runs=        1 filter=  0.028ms semisort=  0.004ms
[pe-async] round=794 R=796 dirty=        2 runs=        1 filter=  0.026ms semisort=  0.004ms
[pe-async] round=795 R=797 dirty=        2 runs=        1 filter=  0.027ms semisort=  0.004ms
[pe-async] round=796 R=798 dirty=        2 runs=        1 filter=  0.027ms semisort=  0.004ms
[pe-async] round=797 R=799 dirty=        2 runs=        1 filter=  0.026ms semisort=  0.004ms
[pe-async] round=798 R=800 dirty=        2 runs=        1 filter=  0.027ms semisort=  0.004ms
[pe-async] round=799 R=801 dirty=        2 runs=        1 filter=  0.026ms semisort=  0.004ms
[pe-async] round=800 R=802 dirty=        2 runs=        1 filter=  0.023ms semisort=  0.004ms
[pe-async] round=801 R=803 dirty=        2 runs=        1 filter=  0.025ms semisort=  0.003ms
[pe-async] round=802 R=804 dirty=        2 runs=        1 filter=  0.025ms semisort=  0.004ms
[pe-async] round=803 R=805 dirty=        2 runs=        1 filter=  0.025ms semisort=  0.004ms
[pe-async] round=804 R=806 dirty=        2 runs=        1 filter=  0.024ms semisort=  0.003ms
[pe-async] round=805 R=807 dirty=        2 runs=        1 filter=  0.032ms semisort=  0.004ms
[pe-async] round=806 R=808 dirty=        2 runs=        1 filter=  0.028ms semisort=  0.003ms
[pe-async] round=807 R=809 dirty=        2 runs=        1 filter=  0.027ms semisort=  0.004ms
[pe-async] round=808 R=810 dirty=        2 runs=        1 filter=  0.026ms semisort=  0.004ms
[pe-async] round=809 R=811 dirty=        2 runs=        1 filter=  0.026ms semisort=  0.004ms
[pe-async] round=810 R=812 dirty=        2 runs=        1 filter=  0.024ms semisort=  0.004ms
[pe-async] round=811 R=813 dirty=        2 runs=        1 filter=  0.026ms semisort=  0.004ms
[pe-async] round=812 R=814 dirty=        2 runs=        1 filter=  0.022ms semisort=  0.004ms
[pe-async] round=813 R=815 dirty=        2 runs=        1 filter=  0.026ms semisort=  0.004ms
[pe-async] round=814 R=816 dirty=        2 runs=        1 filter=  0.024ms semisort=  0.004ms
[pe-async] round=815 R=817 dirty=        2 runs=        1 filter=  0.022ms semisort=  0.004ms
[pe-async] round=816 R=818 dirty=        2 runs=        1 filter=  0.026ms semisort=  0.004ms
[pe-async] round=817 R=819 dirty=        2 runs=        1 filter=  0.027ms semisort=  0.004ms
[pe-async] round=818 R=820 dirty=        2 runs=        1 filter=  0.024ms semisort=  0.004ms
[pe-async] round=819 R=821 dirty=        2 runs=        1 filter=  0.025ms semisort=  0.004ms
[pe-async] round=820 R=822 dirty=        2 runs=        1 filter=  0.026ms semisort=  0.004ms
[pe-async] round=821 R=823 dirty=        2 runs=        1 filter=  0.026ms semisort=  0.004ms
[pe-async] round=822 R=824 dirty=        2 runs=        1 filter=  0.028ms semisort=  0.004ms
[pe-async] round=823 R=825 dirty=        2 runs=        1 filter=  0.026ms semisort=  0.004ms
[pe-async] round=824 R=826 dirty=        2 runs=        1 filter=  0.025ms semisort=  0.004ms
[pe-async] round=825 R=827 dirty=        2 runs=        1 filter=  0.027ms semisort=  0.004ms
[pe-async] round=826 R=828 dirty=        2 runs=        1 filter=  0.026ms semisort=  0.004ms
[pe-async] round=827 R=829 dirty=        2 runs=        1 filter=  0.026ms semisort=  0.004ms
[pe-async] round=828 R=830 dirty=        2 runs=        1 filter=  0.026ms semisort=  0.004ms
[pe-async] round=829 R=831 dirty=        2 runs=        1 filter=  0.027ms semisort=  0.004ms
[pe-async] round=830 R=832 dirty=        2 runs=        1 filter=  0.025ms semisort=  0.004ms
[pe-async] round=831 R=833 dirty=        2 runs=        1 filter=  0.026ms semisort=  0.004ms
[pe-async] round=832 R=834 dirty=        2 runs=        1 filter=  0.026ms semisort=  0.004ms
[pe-async] round=833 R=835 dirty=        2 runs=        1 filter=  0.023ms semisort=  0.004ms
[pe-async] round=834 R=836 dirty=        2 runs=        1 filter=  0.026ms semisort=  0.004ms
[pe-async] round=835 R=837 dirty=        2 runs=        1 filter=  0.024ms semisort=  0.004ms
[pe-async] round=836 R=838 dirty=        2 runs=        1 filter=  0.031ms semisort=  0.004ms
[pe-async] round=837 R=839 dirty=        2 runs=        1 filter=  0.028ms semisort=  0.003ms
[pe-async] round=838 R=840 dirty=        2 runs=        1 filter=  0.027ms semisort=  0.004ms
[pe-async] round=839 R=841 dirty=        2 runs=        1 filter=  0.025ms semisort=  0.004ms
[pe-async] round=840 R=842 dirty=        2 runs=        1 filter=  0.024ms semisort=  0.004ms
[pe-async] round=841 R=843 dirty=        2 runs=        1 filter=  0.027ms semisort=  0.004ms
[pe-async] round=842 R=844 dirty=        2 runs=        1 filter=  0.026ms semisort=  0.004ms
[pe-async] round=843 R=845 dirty=        2 runs=        1 filter=  0.026ms semisort=  0.004ms
[pe-async] round=844 R=846 dirty=        2 runs=        1 filter=  0.026ms semisort=  0.004ms
[pe-async] round=845 R=847 dirty=        2 runs=        1 filter=  0.025ms semisort=  0.004ms
[pe-async] round=846 R=848 dirty=        2 runs=        1 filter=  0.024ms semisort=  0.004ms
[pe-async] round=847 R=849 dirty=        2 runs=        1 filter=  0.025ms semisort=  0.004ms
[pe-async] round=848 R=850 dirty=        2 runs=        1 filter=  0.025ms semisort=  0.004ms
[pe-async] round=849 R=851 dirty=        2 runs=        1 filter=  0.024ms semisort=  0.004ms
[pe-async] round=850 R=852 dirty=        2 runs=        1 filter=  0.025ms semisort=  0.004ms
[pe-async] round=851 R=853 dirty=        2 runs=        1 filter=  0.028ms semisort=  0.004ms
[pe-async] round=852 R=854 dirty=        2 runs=        1 filter=  0.026ms semisort=  0.004ms
[pe-async] round=853 R=855 dirty=        2 runs=        1 filter=  0.025ms semisort=  0.004ms
[pe-async] round=854 R=856 dirty=        2 runs=        1 filter=  0.024ms semisort=  0.004ms
[pe-async] round=855 R=857 dirty=        2 runs=        1 filter=  0.025ms semisort=  0.004ms
[pe-async] round=856 R=858 dirty=        2 runs=        1 filter=  0.024ms semisort=  0.004ms
[pe-async] round=857 R=859 dirty=        2 runs=        1 filter=  0.025ms semisort=  0.004ms
[pe-async] round=858 R=860 dirty=        2 runs=        1 filter=  0.022ms semisort=  0.004ms
[pe-async] round=859 R=861 dirty=        2 runs=        1 filter=  0.025ms semisort=  0.003ms
[pe-async] round=860 R=862 dirty=        2 runs=        1 filter=  0.025ms semisort=  0.004ms
[pe-async] round=861 R=863 dirty=        2 runs=        1 filter=  0.026ms semisort=  0.004ms
[pe-async] round=862 R=864 dirty=        2 runs=        1 filter=  0.025ms semisort=  0.004ms
[pe-async] round=863 R=865 dirty=        2 runs=        1 filter=  0.025ms semisort=  0.004ms
[pe-async] round=864 R=866 dirty=        2 runs=        1 filter=  0.025ms semisort=  0.004ms
[pe-async] round=865 R=867 dirty=        2 runs=        1 filter=  0.026ms semisort=  0.004ms
[pe-async] round=866 R=868 dirty=        2 runs=        1 filter=  0.025ms semisort=  0.004ms
[pe-async] round=867 R=869 dirty=        2 runs=        1 filter=  0.025ms semisort=  0.004ms
[pe-async] round=868 R=870 dirty=        2 runs=        1 filter=  0.028ms semisort=  0.004ms
[pe-async] round=869 R=871 dirty=        2 runs=        1 filter=  0.024ms semisort=  0.004ms
[pe-async] round=870 R=872 dirty=        2 runs=        1 filter=  0.025ms semisort=  0.004ms
[pe-async] round=871 R=873 dirty=        2 runs=        1 filter=  0.024ms semisort=  0.004ms
[pe-async] round=872 R=874 dirty=        2 runs=        1 filter=  0.026ms semisort=  0.004ms
[pe-async] round=873 R=875 dirty=        2 runs=        1 filter=  0.026ms semisort=  0.004ms
[pe-async] round=874 R=876 dirty=        2 runs=        1 filter=  0.026ms semisort=  0.004ms
[pe-async] round=875 R=877 dirty=        2 runs=        1 filter=  0.028ms semisort=  0.004ms
[pe-async] round=876 R=878 dirty=        2 runs=        1 filter=  0.026ms semisort=  0.004ms
[pe-async] round=877 R=879 dirty=        2 runs=        1 filter=  0.025ms semisort=  0.004ms
[pe-async] round=878 R=880 dirty=        2 runs=        1 filter=  0.027ms semisort=  0.004ms
[pe-async] round=879 R=881 dirty=        2 runs=        1 filter=  0.024ms semisort=  0.004ms
[pe-async] round=880 R=882 dirty=        2 runs=        1 filter=  0.026ms semisort=  0.004ms
[pe-async] round=881 R=883 dirty=        2 runs=        1 filter=  0.027ms semisort=  0.004ms
[pe-async] round=882 R=884 dirty=        2 runs=        1 filter=  0.027ms semisort=  0.004ms
[pe-async] round=883 R=885 dirty=        2 runs=        1 filter=  0.025ms semisort=  0.004ms
[pe-async] round=884 R=886 dirty=        2 runs=        1 filter=  0.028ms semisort=  0.004ms
[pe-async] round=885 R=887 dirty=        2 runs=        1 filter=  0.025ms semisort=  0.004ms
[pe-async] round=886 R=888 dirty=        2 runs=        1 filter=  0.025ms semisort=  0.004ms
[pe-async] round=887 R=889 dirty=        2 runs=        1 filter=  0.027ms semisort=  0.004ms
[pe-async] round=888 R=890 dirty=        2 runs=        1 filter=  0.024ms semisort=  0.004ms
[pe-async] round=889 R=891 dirty=        2 runs=        1 filter=  0.025ms semisort=  0.004ms
[pe-async] round=890 R=892 dirty=        2 runs=        1 filter=  0.025ms semisort=  0.003ms
[pe-async] round=891 R=893 dirty=        2 runs=        1 filter=  0.028ms semisort=  0.004ms
[pe-async] round=892 R=894 dirty=        2 runs=        1 filter=  0.026ms semisort=  0.004ms
[pe-async] round=893 R=895 dirty=        2 runs=        1 filter=  0.023ms semisort=  0.004ms
[pe-async] round=894 R=896 dirty=        2 runs=        1 filter=  0.026ms semisort=  0.004ms
[pe-async] round=895 R=897 dirty=        2 runs=        1 filter=  0.026ms semisort=  0.004ms
[pe-async] round=896 R=898 dirty=        2 runs=        1 filter=  0.026ms semisort=  0.004ms
[pe-async] round=897 R=899 dirty=        2 runs=        1 filter=  0.026ms semisort=  0.004ms
[pe-async] round=898 R=900 dirty=        2 runs=        1 filter=  0.028ms semisort=  0.004ms
[pe-async] round=899 R=901 dirty=        2 runs=        1 filter=  0.027ms semisort=  0.004ms
[pe-async] round=900 R=902 dirty=        2 runs=        1 filter=  0.025ms semisort=  0.004ms
[pe-async] round=901 R=903 dirty=        2 runs=        1 filter=  0.024ms semisort=  0.004ms
[pe-async] round=902 R=904 dirty=        2 runs=        1 filter=  0.029ms semisort=  0.004ms
[pe-async] round=903 R=905 dirty=        2 runs=        1 filter=  0.027ms semisort=  0.004ms
[pe-async] round=904 R=906 dirty=        2 runs=        1 filter=  0.024ms semisort=  0.004ms
[pe-async] round=905 R=907 dirty=        2 runs=        1 filter=  0.025ms semisort=  0.004ms
[pe-async] round=906 R=908 dirty=        2 runs=        1 filter=  0.024ms semisort=  0.004ms
[pe-async] round=907 R=909 dirty=        2 runs=        1 filter=  0.024ms semisort=  0.004ms
[pe-async] round=908 R=910 dirty=        2 runs=        1 filter=  0.024ms semisort=  0.004ms
[pe-async] round=909 R=911 dirty=        2 runs=        1 filter=  0.024ms semisort=  0.004ms
[pe-async] round=910 R=912 dirty=        2 runs=        1 filter=  0.027ms semisort=  0.004ms
[pe-async] round=911 R=913 dirty=        2 runs=        1 filter=  0.027ms semisort=  0.004ms
[pe-async] round=912 R=914 dirty=        2 runs=        1 filter=  0.027ms semisort=  0.004ms
[pe-async] round=913 R=915 dirty=        2 runs=        1 filter=  0.025ms semisort=  0.004ms
[pe-async] round=914 R=916 dirty=        2 runs=        1 filter=  0.024ms semisort=  0.004ms
[pe-async] round=915 R=917 dirty=        2 runs=        1 filter=  0.025ms semisort=  0.004ms
[pe-async] round=916 R=918 dirty=        2 runs=        1 filter=  0.026ms semisort=  0.004ms
[pe-async] round=917 R=919 dirty=        2 runs=        1 filter=  0.025ms semisort=  0.004ms
[pe-async] round=918 R=920 dirty=        2 runs=        1 filter=  0.026ms semisort=  0.004ms
[pe-async] round=919 R=921 dirty=        2 runs=        1 filter=  0.024ms semisort=  0.004ms
[pe-async] round=920 R=922 dirty=        2 runs=        1 filter=  0.028ms semisort=  0.004ms
[pe-async] round=921 R=923 dirty=        2 runs=        1 filter=  0.026ms semisort=  0.003ms
[pe-async] round=922 R=924 dirty=        2 runs=        1 filter=  0.024ms semisort=  0.004ms
[pe-async] round=923 R=925 dirty=        2 runs=        1 filter=  0.024ms semisort=  0.004ms
[pe-async] round=924 R=926 dirty=        2 runs=        1 filter=  0.025ms semisort=  0.004ms
[pe-async] round=925 R=927 dirty=        2 runs=        1 filter=  0.026ms semisort=  0.004ms
[pe-async] round=926 R=928 dirty=        2 runs=        1 filter=  0.027ms semisort=  0.004ms
[pe-async] round=927 R=929 dirty=        2 runs=        1 filter=  0.027ms semisort=  0.004ms
[pe-async] round=928 R=930 dirty=        2 runs=        1 filter=  0.027ms semisort=  0.004ms
[pe-async] round=929 R=931 dirty=        2 runs=        1 filter=  0.024ms semisort=  0.004ms
[pe-async] round=930 R=932 dirty=        2 runs=        1 filter=  0.028ms semisort=  0.004ms
[pe-async] round=931 R=933 dirty=        2 runs=        1 filter=  0.026ms semisort=  0.004ms
[pe-async] round=932 R=934 dirty=        2 runs=        1 filter=  0.026ms semisort=  0.004ms
[pe-async] round=933 R=935 dirty=        2 runs=        1 filter=  0.026ms semisort=  0.004ms
[pe-async] round=934 R=936 dirty=        2 runs=        1 filter=  0.026ms semisort=  0.004ms
[pe-async] round=935 R=937 dirty=        2 runs=        1 filter=  0.024ms semisort=  0.004ms
[pe-async] round=936 R=938 dirty=        2 runs=        1 filter=  0.025ms semisort=  0.004ms
[pe-async] round=937 R=939 dirty=        2 runs=        1 filter=  0.028ms semisort=  0.004ms
[pe-async] round=938 R=940 dirty=        2 runs=        1 filter=  0.025ms semisort=  0.004ms
[pe-async] round=939 R=941 dirty=        2 runs=        1 filter=  0.027ms semisort=  0.004ms
[pe-async] round=940 R=942 dirty=        2 runs=        1 filter=  0.026ms semisort=  0.004ms
[pe-async] round=941 R=943 dirty=        2 runs=        1 filter=  0.025ms semisort=  0.004ms
[pe-async] round=942 R=944 dirty=        2 runs=        1 filter=  0.026ms semisort=  0.003ms
[pe-async] round=943 R=945 dirty=        2 runs=        1 filter=  0.025ms semisort=  0.004ms
[pe-async] round=944 R=946 dirty=        2 runs=        1 filter=  0.025ms semisort=  0.004ms
[pe-async] round=945 R=947 dirty=        2 runs=        1 filter=  0.024ms semisort=  0.004ms
[pe-async] round=946 R=948 dirty=        2 runs=        1 filter=  0.026ms semisort=  0.004ms
[pe-async] round=947 R=949 dirty=        2 runs=        1 filter=  0.026ms semisort=  0.004ms
[pe-async] round=948 R=950 dirty=        2 runs=        1 filter=  0.026ms semisort=  0.004ms
[pe-async] round=949 R=951 dirty=        2 runs=        1 filter=  0.027ms semisort=  0.004ms
[pe-async] round=950 R=952 dirty=        2 runs=        1 filter=  0.026ms semisort=  0.004ms
[pe-async] round=951 R=953 dirty=        2 runs=        1 filter=  0.026ms semisort=  0.004ms
[pe-async] round=952 R=954 dirty=        2 runs=        1 filter=  0.024ms semisort=  0.004ms
[pe-async] round=953 R=955 dirty=        2 runs=        1 filter=  0.025ms semisort=  0.004ms
[pe-async] round=954 R=956 dirty=        2 runs=        1 filter=  0.024ms semisort=  0.004ms
[pe-async] round=955 R=957 dirty=        2 runs=        1 filter=  0.026ms semisort=  0.004ms
[pe-async] round=956 R=958 dirty=        2 runs=        1 filter=  0.025ms semisort=  0.004ms
[pe-async] round=957 R=959 dirty=        2 runs=        1 filter=  0.028ms semisort=  0.004ms
[pe-async] round=958 R=960 dirty=        2 runs=        1 filter=  0.026ms semisort=  0.004ms
[pe-async] round=959 R=961 dirty=        2 runs=        1 filter=  0.026ms semisort=  0.004ms
[pe-async] round=960 R=962 dirty=        2 runs=        1 filter=  0.025ms semisort=  0.003ms
[pe-async] round=961 R=963 dirty=        2 runs=        1 filter=  0.032ms semisort=  0.004ms
[pe-async] round=962 R=964 dirty=        2 runs=        1 filter=  0.025ms semisort=  0.004ms
[pe-async] round=963 R=965 dirty=        2 runs=        1 filter=  0.026ms semisort=  0.004ms
[pe-async] round=964 R=966 dirty=        2 runs=        1 filter=  0.027ms semisort=  0.004ms
[pe-async] round=965 R=967 dirty=        2 runs=        1 filter=  0.024ms semisort=  0.004ms
[pe-async] round=966 R=968 dirty=        2 runs=        1 filter=  0.025ms semisort=  0.004ms
[pe-async] round=967 R=969 dirty=        2 runs=        1 filter=  0.025ms semisort=  0.004ms
[pe-async] round=968 R=970 dirty=        2 runs=        1 filter=  0.025ms semisort=  0.004ms
[pe-async] round=969 R=971 dirty=        2 runs=        1 filter=  0.027ms semisort=  0.004ms
[pe-async] round=970 R=972 dirty=        2 runs=        1 filter=  0.027ms semisort=  0.004ms
[pe-async] round=971 R=973 dirty=        2 runs=        1 filter=  0.026ms semisort=  0.004ms
[pe-async] round=972 R=974 dirty=        2 runs=        1 filter=  0.025ms semisort=  0.004ms
[pe-async] round=973 R=975 dirty=        2 runs=        1 filter=  0.026ms semisort=  0.004ms
[pe-async] round=974 R=976 dirty=        2 runs=        1 filter=  0.022ms semisort=  0.004ms
[pe-async] round=975 R=977 dirty=        2 runs=        1 filter=  0.030ms semisort=  0.004ms
[pe-async] round=976 R=978 dirty=        2 runs=        1 filter=  0.029ms semisort=  0.003ms
[pe-async] round=977 R=979 dirty=        2 runs=        1 filter=  0.029ms semisort=  0.004ms
[pe-async] round=978 R=980 dirty=        2 runs=        1 filter=  0.025ms semisort=  0.004ms
[pe-async] round=979 R=981 dirty=        2 runs=        1 filter=  0.027ms semisort=  0.004ms
[pe-async] round=980 R=982 dirty=        2 runs=        1 filter=  0.029ms semisort=  0.004ms
[pe-async] round=981 R=983 dirty=        2 runs=        1 filter=  0.025ms semisort=  0.004ms
[pe-async] round=982 R=984 dirty=        2 runs=        1 filter=  0.027ms semisort=  0.004ms
[pe-async] round=983 R=985 dirty=        2 runs=        1 filter=  0.025ms semisort=  0.004ms
[pe-async] round=984 R=986 dirty=        2 runs=        1 filter=  0.027ms semisort=  0.004ms
[pe-async] round=985 R=987 dirty=        2 runs=        1 filter=  0.025ms semisort=  0.004ms
[pe-async] round=986 R=988 dirty=        2 runs=        1 filter=  0.027ms semisort=  0.004ms
[pe-async] round=987 R=989 dirty=        2 runs=        1 filter=  0.023ms semisort=  0.004ms
[pe-async] round=988 R=990 dirty=        2 runs=        1 filter=  0.025ms semisort=  0.004ms
[pe-async] round=989 R=991 dirty=        2 runs=        1 filter=  0.025ms semisort=  0.004ms
[pe-async] round=990 R=992 dirty=        2 runs=        1 filter=  0.026ms semisort=  0.004ms
[pe-async] round=991 R=993 dirty=        2 runs=        1 filter=  0.024ms semisort=  0.004ms
[pe-async] round=992 R=994 dirty=        2 runs=        1 filter=  0.029ms semisort=  0.004ms
[pe-async] round=993 R=995 dirty=        2 runs=        1 filter=  0.025ms semisort=  0.004ms
[pe-async] round=994 R=996 dirty=        2 runs=        1 filter=  0.025ms semisort=  0.004ms
[pe-async] round=995 R=997 dirty=        2 runs=        1 filter=  0.026ms semisort=  0.003ms
[pe-async] round=996 R=998 dirty=        2 runs=        1 filter=  0.025ms semisort=  0.004ms
[pe-async] round=997 R=999 dirty=        2 runs=        1 filter=  0.024ms semisort=  0.004ms
[pe-async] round=998 R=1000 dirty=        2 runs=        1 filter=  0.025ms semisort=  0.004ms
[pe-async] round=999 R=1001 dirty=        2 runs=        1 filter=  0.027ms semisort=  0.004ms
[pe-async] round=1000 R=1002 dirty=        2 runs=        1 filter=  0.025ms semisort=  0.004ms
[pe-async] round=1001 R=1003 dirty=        2 runs=        1 filter=  0.026ms semisort=  0.004ms
[pe-async] round=1002 R=1004 dirty=        2 runs=        1 filter=  0.026ms semisort=  0.004ms
[pe-async] round=1003 R=1005 dirty=        2 runs=        1 filter=  0.025ms semisort=  0.004ms
[pe-async] round=1004 R=1006 dirty=        2 runs=        1 filter=  0.024ms semisort=  0.004ms
[pe-async] round=1005 R=1007 dirty=        2 runs=        1 filter=  0.027ms semisort=  0.004ms
[pe-async] round=1006 R=1008 dirty=        2 runs=        1 filter=  0.027ms semisort=  0.004ms
[pe-async] round=1007 R=1009 dirty=        2 runs=        1 filter=  0.029ms semisort=  0.004ms
[pe-async] round=1008 R=1010 dirty=        2 runs=        1 filter=  0.026ms semisort=  0.004ms
[pe-async] round=1009 R=1011 dirty=        2 runs=        1 filter=  0.028ms semisort=  0.004ms
[pe-async] round=1010 R=1012 dirty=        2 runs=        1 filter=  0.025ms semisort=  0.004ms
[pe-async] round=1011 R=1013 dirty=        2 runs=        1 filter=  0.026ms semisort=  0.004ms
[pe-async] round=1012 R=1014 dirty=        2 runs=        1 filter=  0.027ms semisort=  0.004ms
[pe-async] round=1013 R=1015 dirty=        2 runs=        1 filter=  0.028ms semisort=  0.004ms
[pe-async] round=1014 R=1016 dirty=        2 runs=        1 filter=  0.026ms semisort=  0.004ms
[pe-async] round=1015 R=1017 dirty=        2 runs=        1 filter=  0.026ms semisort=  0.004ms
[pe-async] round=1016 R=1018 dirty=        2 runs=        1 filter=  0.026ms semisort=  0.004ms
[pe-async] round=1017 R=1019 dirty=        2 runs=        1 filter=  0.026ms semisort=  0.004ms
[pe-async] round=1018 R=1020 dirty=        2 runs=        1 filter=  0.025ms semisort=  0.004ms
[pe-async] round=1019 R=1021 dirty=        2 runs=        1 filter=  0.025ms semisort=  0.004ms
[pe-async] round=1020 R=1022 dirty=        2 runs=        1 filter=  0.025ms semisort=  0.004ms
[pe-async] round=1021 R=1023 dirty=        2 runs=        1 filter=  0.025ms semisort=  0.004ms
[pe-async] round=1022 R=1024 dirty=        2 runs=        1 filter=  0.025ms semisort=  0.004ms
[pe-async] round=1023 R=1025 dirty=        2 runs=        1 filter=  0.032ms semisort=  0.004ms
[pe-async] round=1024 R=1026 dirty=        2 runs=        1 filter=  0.028ms semisort=  0.004ms
[pe-async] round=1025 R=1027 dirty=        2 runs=        1 filter=  0.025ms semisort=  0.004ms
[pe-async] round=1026 R=1028 dirty=        2 runs=        1 filter=  0.026ms semisort=  0.004ms
[pe-async] round=1027 R=1029 dirty=        2 runs=        1 filter=  0.024ms semisort=  0.004ms
[pe-async] round=1028 R=1030 dirty=        2 runs=        1 filter=  0.026ms semisort=  0.004ms
[pe-async] round=1029 R=1031 dirty=        2 runs=        1 filter=  0.026ms semisort=  0.004ms
[pe-async] round=1030 R=1032 dirty=        2 runs=        1 filter=  0.025ms semisort=  0.004ms
[pe-async] round=1031 R=1033 dirty=        2 runs=        1 filter=  0.026ms semisort=  0.004ms
[pe-async] round=1032 R=1034 dirty=        2 runs=        1 filter=  0.025ms semisort=  0.004ms
[pe-async] round=1033 R=1035 dirty=        2 runs=        1 filter=  0.026ms semisort=  0.004ms
[pe-async] round=1034 R=1036 dirty=        2 runs=        1 filter=  0.026ms semisort=  0.004ms
[pe-async] round=1035 R=1037 dirty=        2 runs=        1 filter=  0.026ms semisort=  0.004ms
[pe-async] round=1036 R=1038 dirty=        2 runs=        1 filter=  0.026ms semisort=  0.004ms
[pe-async] round=1037 R=1039 dirty=        2 runs=        1 filter=  0.026ms semisort=  0.004ms
[pe-async] round=1038 R=1040 dirty=        2 runs=        1 filter=  0.024ms semisort=  0.004ms
[pe-async] round=1039 R=1041 dirty=        2 runs=        1 filter=  0.025ms semisort=  0.004ms
[pe-async] round=1040 R=1042 dirty=        2 runs=        1 filter=  0.025ms semisort=  0.004ms
[pe-async] round=1041 R=1043 dirty=        2 runs=        1 filter=  0.024ms semisort=  0.004ms
[pe-async] round=1042 R=1044 dirty=        2 runs=        1 filter=  0.026ms semisort=  0.004ms
[pe-async] round=1043 R=1045 dirty=        2 runs=        1 filter=  0.023ms semisort=  0.004ms
[pe-async] round=1044 R=1046 dirty=        2 runs=        1 filter=  0.026ms semisort=  0.004ms
[pe-async] round=1045 R=1047 dirty=        2 runs=        1 filter=  0.025ms semisort=  0.004ms
[pe-async] round=1046 R=1048 dirty=        2 runs=        1 filter=  0.024ms semisort=  0.004ms
[pe-async] round=1047 R=1049 dirty=        2 runs=        1 filter=  0.025ms semisort=  0.004ms
[pe-async] round=1048 R=1050 dirty=        2 runs=        1 filter=  0.026ms semisort=  0.004ms
[pe-async] round=1049 R=1051 dirty=        2 runs=        1 filter=  0.027ms semisort=  0.004ms
[pe-async] round=1050 R=1052 dirty=        2 runs=        1 filter=  0.027ms semisort=  0.004ms
[pe-async] round=1051 R=1053 dirty=        2 runs=        1 filter=  0.026ms semisort=  0.004ms
[pe-async] round=1052 R=1054 dirty=        2 runs=        1 filter=  0.027ms semisort=  0.004ms
[pe-async] round=1053 R=1055 dirty=        2 runs=        1 filter=  0.026ms semisort=  0.004ms
[pe-async] round=1054 R=1056 dirty=        2 runs=        1 filter=  0.031ms semisort=  0.004ms
[pe-async] round=1055 R=1057 dirty=        2 runs=        1 filter=  0.026ms semisort=  0.004ms
[pe-async] round=1056 R=1058 dirty=        2 runs=        1 filter=  0.026ms semisort=  0.004ms
[pe-async] round=1057 R=1059 dirty=        2 runs=        1 filter=  0.026ms semisort=  0.004ms
[pe-async] round=1058 R=1060 dirty=        2 runs=        1 filter=  0.026ms semisort=  0.004ms
[pe-async] round=1059 R=1061 dirty=        2 runs=        1 filter=  0.026ms semisort=  0.004ms
[pe-async] round=1060 R=1062 dirty=        2 runs=        1 filter=  0.024ms semisort=  0.004ms
[pe-async] round=1061 R=1063 dirty=        2 runs=        1 filter=  0.024ms semisort=  0.004ms
[pe-async] round=1062 R=1064 dirty=        2 runs=        1 filter=  0.027ms semisort=  0.004ms
[pe-async] round=1063 R=1065 dirty=        2 runs=        1 filter=  0.026ms semisort=  0.004ms
[pe-async] round=1064 R=1066 dirty=        2 runs=        1 filter=  0.025ms semisort=  0.004ms
[pe-async] round=1065 R=1067 dirty=        2 runs=        1 filter=  0.027ms semisort=  0.004ms
[pe-async] round=1066 R=1068 dirty=        2 runs=        1 filter=  0.025ms semisort=  0.004ms
[pe-async] round=1067 R=1069 dirty=        2 runs=        1 filter=  0.025ms semisort=  0.004ms
[pe-async] round=1068 R=1070 dirty=        2 runs=        1 filter=  0.026ms semisort=  0.004ms
[pe-async] round=1069 R=1071 dirty=        2 runs=        1 filter=  0.026ms semisort=  0.004ms
[pe-async] round=1070 R=1072 dirty=        2 runs=        1 filter=  0.026ms semisort=  0.004ms
[pe-async] round=1071 R=1073 dirty=        2 runs=        1 filter=  0.027ms semisort=  0.004ms
[pe-async] round=1072 R=1074 dirty=        2 runs=        1 filter=  0.026ms semisort=  0.004ms
[pe-async] round=1073 R=1075 dirty=        2 runs=        1 filter=  0.025ms semisort=  0.004ms
[pe-async] round=1074 R=1076 dirty=        2 runs=        1 filter=  0.024ms semisort=  0.004ms
[pe-async] round=1075 R=1077 dirty=        2 runs=        1 filter=  0.025ms semisort=  0.004ms
[pe-async] round=1076 R=1078 dirty=        2 runs=        1 filter=  0.027ms semisort=  0.004ms
[pe-async] round=1077 R=1079 dirty=        2 runs=        1 filter=  0.025ms semisort=  0.004ms
[pe-async] round=1078 R=1080 dirty=        2 runs=        1 filter=  0.028ms semisort=  0.004ms
[pe-async] round=1079 R=1081 dirty=        2 runs=        1 filter=  0.030ms semisort=  0.004ms
[pe-async] round=1080 R=1082 dirty=        2 runs=        1 filter=  0.025ms semisort=  0.004ms
[pe-async] round=1081 R=1083 dirty=        2 runs=        1 filter=  0.025ms semisort=  0.004ms
[pe-async] round=1082 R=1084 dirty=        2 runs=        1 filter=  0.025ms semisort=  0.004ms
[pe-async] round=1083 R=1085 dirty=        2 runs=        1 filter=  0.026ms semisort=  0.004ms
[pe-async] round=1084 R=1086 dirty=        2 runs=        1 filter=  0.027ms semisort=  0.004ms
[pe-async] round=1085 R=1087 dirty=        2 runs=        1 filter=  0.031ms semisort=  0.004ms
[pe-async] round=1086 R=1088 dirty=        2 runs=        1 filter=  0.025ms semisort=  0.004ms
[pe-async] round=1087 R=1089 dirty=        2 runs=        1 filter=  0.026ms semisort=  0.004ms
[pe-async] round=1088 R=1090 dirty=        2 runs=        1 filter=  0.027ms semisort=  0.004ms
[pe-async] round=1089 R=1091 dirty=        2 runs=        1 filter=  0.026ms semisort=  0.004ms
[pe-async] round=1090 R=1092 dirty=        2 runs=        1 filter=  0.026ms semisort=  0.004ms
[pe-async] round=1091 R=1093 dirty=        2 runs=        1 filter=  0.027ms semisort=  0.004ms
[pe-async] round=1092 R=1094 dirty=        2 runs=        1 filter=  0.026ms semisort=  0.004ms
[pe-async] round=1093 R=1095 dirty=        2 runs=        1 filter=  0.028ms semisort=  0.004ms
[pe-async] round=1094 R=1096 dirty=        2 runs=        1 filter=  0.028ms semisort=  0.004ms
[pe-async] round=1095 R=1097 dirty=        2 runs=        1 filter=  0.026ms semisort=  0.004ms
[pe-async] round=1096 R=1098 dirty=        2 runs=        1 filter=  0.026ms semisort=  0.004ms
[pe-async] round=1097 R=1099 dirty=        2 runs=        1 filter=  0.025ms semisort=  0.004ms
[pe-async] round=1098 R=1100 dirty=        2 runs=        1 filter=  0.027ms semisort=  0.004ms
[pe-async] round=1099 R=1101 dirty=        2 runs=        1 filter=  0.025ms semisort=  0.004ms
[pe-async] round=1100 R=1102 dirty=        2 runs=        1 filter=  0.025ms semisort=  0.004ms
[pe-async] round=1101 R=1103 dirty=        2 runs=        1 filter=  0.025ms semisort=  0.004ms
[pe-async] round=1102 R=1104 dirty=        2 runs=        1 filter=  0.027ms semisort=  0.004ms
[pe-async] round=1103 R=1105 dirty=        2 runs=        1 filter=  0.024ms semisort=  0.004ms
[pe-async] round=1104 R=1106 dirty=        2 runs=        1 filter=  0.024ms semisort=  0.004ms
[pe-async] round=1105 R=1107 dirty=        2 runs=        1 filter=  0.026ms semisort=  0.004ms
[pe-async] round=1106 R=1108 dirty=        2 runs=        1 filter=  0.025ms semisort=  0.004ms
[pe-async] round=1107 R=1109 dirty=        2 runs=        1 filter=  0.026ms semisort=  0.004ms
[pe-async] round=1108 R=1110 dirty=        2 runs=        1 filter=  0.023ms semisort=  0.004ms
[pe-async] round=1109 R=1111 dirty=        2 runs=        1 filter=  0.028ms semisort=  0.004ms
[pe-async] round=1110 R=1112 dirty=        2 runs=        1 filter=  0.026ms semisort=  0.004ms
[pe-async] round=1111 R=1113 dirty=        2 runs=        1 filter=  0.026ms semisort=  0.004ms
[pe-async] round=1112 R=1114 dirty=        2 runs=        1 filter=  0.025ms semisort=  0.004ms
[pe-async] round=1113 R=1115 dirty=        2 runs=        1 filter=  0.026ms semisort=  0.004ms
[pe-async] round=1114 R=1116 dirty=        2 runs=        1 filter=  0.023ms semisort=  0.004ms
[pe-async] round=1115 R=1117 dirty=        2 runs=        1 filter=  0.025ms semisort=  0.004ms
[pe-async] round=1116 R=1118 dirty=        2 runs=        1 filter=  0.032ms semisort=  0.004ms
[pe-async] round=1117 R=1119 dirty=        2 runs=        1 filter=  0.026ms semisort=  0.004ms
[pe-async] round=1118 R=1120 dirty=        2 runs=        1 filter=  0.026ms semisort=  0.004ms
[pe-async] round=1119 R=1121 dirty=        2 runs=        1 filter=  0.025ms semisort=  0.004ms
[pe-async] round=1120 R=1122 dirty=        2 runs=        1 filter=  0.025ms semisort=  0.004ms
[pe-async] round=1121 R=1123 dirty=        2 runs=        1 filter=  0.026ms semisort=  0.004ms
[pe-async] round=1122 R=1124 dirty=        2 runs=        1 filter=  0.024ms semisort=  0.004ms
[pe-async] round=1123 R=1125 dirty=        2 runs=        1 filter=  0.026ms semisort=  0.004ms
[pe-async] round=1124 R=1126 dirty=        2 runs=        1 filter=  0.028ms semisort=  0.004ms
[pe-async] round=1125 R=1127 dirty=        2 runs=        1 filter=  0.026ms semisort=  0.004ms
[pe-async] round=1126 R=1128 dirty=        2 runs=        1 filter=  0.025ms semisort=  0.004ms
[pe-async] round=1127 R=1129 dirty=        2 runs=        1 filter=  0.025ms semisort=  0.004ms
[pe-async] round=1128 R=1130 dirty=        2 runs=        1 filter=  0.028ms semisort=  0.004ms
[pe-async] round=1129 R=1131 dirty=        2 runs=        1 filter=  0.026ms semisort=  0.004ms
[pe-async] round=1130 R=1132 dirty=        2 runs=        1 filter=  0.027ms semisort=  0.004ms
[pe-async] round=1131 R=1133 dirty=        2 runs=        1 filter=  0.024ms semisort=  0.004ms
[pe-async] round=1132 R=1134 dirty=        2 runs=        1 filter=  0.027ms semisort=  0.004ms
[pe-async] round=1133 R=1135 dirty=        2 runs=        1 filter=  0.028ms semisort=  0.004ms
[pe-async] round=1134 R=1136 dirty=        2 runs=        1 filter=  0.026ms semisort=  0.004ms
[pe-async] round=1135 R=1137 dirty=        2 runs=        1 filter=  0.025ms semisort=  0.004ms
[pe-async] round=1136 R=1138 dirty=        2 runs=        1 filter=  0.024ms semisort=  0.004ms
[pe-async] round=1137 R=1139 dirty=        2 runs=        1 filter=  0.025ms semisort=  0.004ms
[pe-async] round=1138 R=1140 dirty=        2 runs=        1 filter=  0.028ms semisort=  0.004ms
[pe-async] round=1139 R=1141 dirty=        2 runs=        1 filter=  0.025ms semisort=  0.004ms
[pe-async] round=1140 R=1142 dirty=        2 runs=        1 filter=  0.026ms semisort=  0.004ms
[pe-async] round=1141 R=1143 dirty=        2 runs=        1 filter=  0.026ms semisort=  0.004ms
[pe-async] round=1142 R=1144 dirty=        2 runs=        1 filter=  0.024ms semisort=  0.004ms
[pe-async] round=1143 R=1145 dirty=        2 runs=        1 filter=  0.026ms semisort=  0.004ms
[pe-async] round=1144 R=1146 dirty=        2 runs=        1 filter=  0.027ms semisort=  0.004ms
[pe-async] round=1145 R=1147 dirty=        2 runs=        1 filter=  0.026ms semisort=  0.004ms
[pe-async] round=1146 R=1148 dirty=        2 runs=        1 filter=  0.024ms semisort=  0.004ms
[pe-async] round=1147 R=1149 dirty=        2 runs=        1 filter=  0.032ms semisort=  0.004ms
[pe-async] round=1148 R=1150 dirty=        2 runs=        1 filter=  0.026ms semisort=  0.004ms
[pe-async] round=1149 R=1151 dirty=        2 runs=        1 filter=  0.026ms semisort=  0.004ms
[pe-async] round=1150 R=1152 dirty=        2 runs=        1 filter=  0.026ms semisort=  0.004ms
[pe-async] round=1151 R=1153 dirty=        2 runs=        1 filter=  0.025ms semisort=  0.004ms
[pe-async] round=1152 R=1154 dirty=        2 runs=        1 filter=  0.027ms semisort=  0.004ms
[pe-async] round=1153 R=1155 dirty=        2 runs=        1 filter=  0.026ms semisort=  0.004ms
[pe-async] round=1154 R=1156 dirty=        2 runs=        1 filter=  0.026ms semisort=  0.004ms
[pe-async] round=1155 R=1157 dirty=        2 runs=        1 filter=  0.027ms semisort=  0.004ms
[pe-async] round=1156 R=1158 dirty=        2 runs=        1 filter=  0.025ms semisort=  0.004ms
[pe-async] round=1157 R=1159 dirty=        2 runs=        1 filter=  0.026ms semisort=  0.004ms
[pe-async] round=1158 R=1160 dirty=        2 runs=        1 filter=  0.027ms semisort=  0.004ms
[pe-async] round=1159 R=1161 dirty=        2 runs=        1 filter=  0.025ms semisort=  0.004ms
[pe-async] round=1160 R=1162 dirty=        2 runs=        1 filter=  0.027ms semisort=  0.004ms
[pe-async] round=1161 R=1163 dirty=        2 runs=        1 filter=  0.026ms semisort=  0.004ms
[pe-async] round=1162 R=1164 dirty=        2 runs=        1 filter=  0.027ms semisort=  0.004ms
[pe-async] round=1163 R=1165 dirty=        2 runs=        1 filter=  0.025ms semisort=  0.004ms
[pe-async] round=1164 R=1166 dirty=        2 runs=        1 filter=  0.027ms semisort=  0.004ms
[pe-async] round=1165 R=1167 dirty=        2 runs=        1 filter=  0.028ms semisort=  0.004ms
[pe-async] round=1166 R=1168 dirty=        2 runs=        1 filter=  0.026ms semisort=  0.004ms
[pe-async] round=1167 R=1169 dirty=        2 runs=        1 filter=  0.025ms semisort=  0.004ms
[pe-async] round=1168 R=1170 dirty=        2 runs=        1 filter=  0.026ms semisort=  0.004ms
[pe-async] round=1169 R=1171 dirty=        2 runs=        1 filter=  0.025ms semisort=  0.004ms
[pe-async] round=1170 R=1172 dirty=        2 runs=        1 filter=  0.027ms semisort=  0.004ms
[pe-async] round=1171 R=1173 dirty=        2 runs=        1 filter=  0.025ms semisort=  0.004ms
[pe-async] round=1172 R=1174 dirty=        2 runs=        1 filter=  0.027ms semisort=  0.004ms
[pe-async] round=1173 R=1175 dirty=        2 runs=        1 filter=  0.025ms semisort=  0.004ms
[pe-async] round=1174 R=1176 dirty=        2 runs=        1 filter=  0.030ms semisort=  0.004ms
[pe-async] round=1175 R=1177 dirty=        2 runs=        1 filter=  0.026ms semisort=  0.004ms
[pe-async] round=1176 R=1178 dirty=        2 runs=        1 filter=  0.025ms semisort=  0.004ms
[pe-async] round=1177 R=1179 dirty=        2 runs=        1 filter=  0.029ms semisort=  0.004ms
[pe-async] round=1178 R=1180 dirty=        2 runs=        1 filter=  0.026ms semisort=  0.004ms
[pe-async] round=1179 R=1181 dirty=        2 runs=        1 filter=  0.027ms semisort=  0.004ms
[pe-async] round=1180 R=1182 dirty=        2 runs=        1 filter=  0.024ms semisort=  0.004ms
[pe-async] round=1181 R=1183 dirty=        2 runs=        1 filter=  0.026ms semisort=  0.004ms
[pe-async] round=1182 R=1184 dirty=        2 runs=        1 filter=  0.027ms semisort=  0.004ms
[pe-async] round=1183 R=1185 dirty=        2 runs=        1 filter=  0.025ms semisort=  0.004ms
[pe-async] round=1184 R=1186 dirty=        2 runs=        1 filter=  0.026ms semisort=  0.004ms
[pe-async] round=1185 R=1187 dirty=        2 runs=        1 filter=  0.026ms semisort=  0.004ms
[pe-async] round=1186 R=1188 dirty=        2 runs=        1 filter=  0.025ms semisort=  0.004ms
[pe-async] round=1187 R=1189 dirty=        2 runs=        1 filter=  0.025ms semisort=  0.004ms
[pe-async] round=1188 R=1190 dirty=        2 runs=        1 filter=  0.026ms semisort=  0.004ms
[pe-async] round=1189 R=1191 dirty=        2 runs=        1 filter=  0.026ms semisort=  0.004ms
[pe-async] round=1190 R=1192 dirty=        2 runs=        1 filter=  0.025ms semisort=  0.004ms
[pe-async] round=1191 R=1193 dirty=        2 runs=        1 filter=  0.025ms semisort=  0.004ms
[pe-async] round=1192 R=1194 dirty=        2 runs=        1 filter=  0.026ms semisort=  0.004ms
[pe-async] round=1193 R=1195 dirty=        2 runs=        1 filter=  0.027ms semisort=  0.004ms
[pe-async] round=1194 R=1196 dirty=        2 runs=        1 filter=  0.026ms semisort=  0.004ms
[pe-async] round=1195 R=1197 dirty=        2 runs=        1 filter=  0.025ms semisort=  0.004ms
[pe-async] round=1196 R=1198 dirty=        2 runs=        1 filter=  0.025ms semisort=  0.004ms
[pe-async] round=1197 R=1199 dirty=        2 runs=        1 filter=  0.025ms semisort=  0.004ms
[pe-async] round=1198 R=1200 dirty=        2 runs=        1 filter=  0.026ms semisort=  0.004ms
[pe-async] round=1199 R=1201 dirty=        2 runs=        1 filter=  0.024ms semisort=  0.004ms
[pe-async] round=1200 R=1202 dirty=        2 runs=        1 filter=  0.025ms semisort=  0.004ms
[pe-async] round=1201 R=1203 dirty=        2 runs=        1 filter=  0.027ms semisort=  0.004ms
[pe-async] round=1202 R=1204 dirty=        2 runs=        1 filter=  0.025ms semisort=  0.004ms
[pe-async] round=1203 R=1205 dirty=        2 runs=        1 filter=  0.024ms semisort=  0.004ms
[pe-async] round=1204 R=1206 dirty=        2 runs=        1 filter=  0.027ms semisort=  0.004ms
[pe-async] round=1205 R=1207 dirty=        2 runs=        1 filter=  0.026ms semisort=  0.004ms
[pe-async] round=1206 R=1208 dirty=        2 runs=        1 filter=  0.030ms semisort=  0.003ms
[pe-async] round=1207 R=1209 dirty=        2 runs=        1 filter=  0.028ms semisort=  0.004ms
[pe-async] round=1208 R=1210 dirty=        2 runs=        1 filter=  0.029ms semisort=  0.004ms
[pe-async] round=1209 R=1211 dirty=        2 runs=        1 filter=  0.026ms semisort=  0.004ms
[pe-async] round=1210 R=1212 dirty=        2 runs=        1 filter=  0.027ms semisort=  0.004ms
[pe-async] round=1211 R=1213 dirty=        2 runs=        1 filter=  0.024ms semisort=  0.004ms
[pe-async] round=1212 R=1214 dirty=        2 runs=        1 filter=  0.023ms semisort=  0.004ms
[pe-async] round=1213 R=1215 dirty=        2 runs=        1 filter=  0.025ms semisort=  0.004ms
[pe-async] round=1214 R=1216 dirty=        2 runs=        1 filter=  0.026ms semisort=  0.004ms
[pe-async] round=1215 R=1217 dirty=        2 runs=        1 filter=  0.026ms semisort=  0.004ms
[pe-async] round=1216 R=1218 dirty=        2 runs=        1 filter=  0.029ms semisort=  0.003ms
[pe-async] round=1217 R=1219 dirty=        2 runs=        1 filter=  0.028ms semisort=  0.004ms
[pe-async] round=1218 R=1220 dirty=        2 runs=        1 filter=  0.026ms semisort=  0.004ms
[pe-async] round=1219 R=1221 dirty=        2 runs=        1 filter=  0.026ms semisort=  0.004ms
[pe-async] round=1220 R=1222 dirty=        2 runs=        1 filter=  0.024ms semisort=  0.004ms
[pe-async] round=1221 R=1223 dirty=        2 runs=        1 filter=  0.029ms semisort=  0.004ms
[pe-async] round=1222 R=1224 dirty=        2 runs=        1 filter=  0.026ms semisort=  0.004ms
[pe-async] round=1223 R=1225 dirty=        2 runs=        1 filter=  0.026ms semisort=  0.004ms
[pe-async] round=1224 R=1226 dirty=        2 runs=        1 filter=  0.026ms semisort=  0.004ms
[pe-async] round=1225 R=1227 dirty=        2 runs=        1 filter=  0.026ms semisort=  0.004ms
[pe-async] round=1226 R=1228 dirty=        2 runs=        1 filter=  0.028ms semisort=  0.003ms
[pe-async] round=1227 R=1229 dirty=        2 runs=        1 filter=  0.028ms semisort=  0.004ms
[pe-async] round=1228 R=1230 dirty=        2 runs=        1 filter=  0.025ms semisort=  0.004ms
[pe-async] round=1229 R=1231 dirty=        2 runs=        1 filter=  0.027ms semisort=  0.004ms
[pe-async] round=1230 R=1232 dirty=        2 runs=        1 filter=  0.025ms semisort=  0.004ms
[pe-async] round=1231 R=1233 dirty=        2 runs=        1 filter=  0.026ms semisort=  0.004ms
[pe-async] round=1232 R=1234 dirty=        2 runs=        1 filter=  0.025ms semisort=  0.004ms
[pe-async] round=1233 R=1235 dirty=        2 runs=        1 filter=  0.027ms semisort=  0.004ms
[pe-async] round=1234 R=1236 dirty=        2 runs=        1 filter=  0.024ms semisort=  0.004ms
[pe-async] round=1235 R=1237 dirty=        2 runs=        1 filter=  0.027ms semisort=  0.004ms
[pe-async] round=1236 R=1238 dirty=        2 runs=        1 filter=  0.025ms semisort=  0.004ms
[pe-async] round=1237 R=1239 dirty=        2 runs=        1 filter=  0.026ms semisort=  0.004ms
[pe-async] round=1238 R=1240 dirty=        2 runs=        1 filter=  0.024ms semisort=  0.004ms
[pe-async] round=1239 R=1241 dirty=        2 runs=        1 filter=  0.028ms semisort=  0.004ms
[pe-async] round=1240 R=1242 dirty=        2 runs=        1 filter=  0.025ms semisort=  0.004ms
[pe-async] round=1241 R=1243 dirty=        2 runs=        1 filter=  0.025ms semisort=  0.004ms
[pe-async] round=1242 R=1244 dirty=        2 runs=        1 filter=  0.027ms semisort=  0.004ms
[pe-async] round=1243 R=1245 dirty=        2 runs=        1 filter=  0.027ms semisort=  0.004ms
[pe-async] round=1244 R=1246 dirty=        2 runs=        1 filter=  0.025ms semisort=  0.004ms
[pe-async] round=1245 R=1247 dirty=        2 runs=        1 filter=  0.025ms semisort=  0.004ms
[pe-async] round=1246 R=1248 dirty=        2 runs=        1 filter=  0.026ms semisort=  0.004ms
[pe-async] round=1247 R=1249 dirty=        2 runs=        1 filter=  0.028ms semisort=  0.004ms
[pe-async] round=1248 R=1250 dirty=        2 runs=        1 filter=  0.028ms semisort=  0.004ms
[pe-async] round=1249 R=1251 dirty=        2 runs=        1 filter=  0.026ms semisort=  0.004ms
[pe-async] round=1250 R=1252 dirty=        2 runs=        1 filter=  0.025ms semisort=  0.004ms
[pe-async] round=1251 R=1253 dirty=        2 runs=        1 filter=  0.026ms semisort=  0.004ms
[pe-async] round=1252 R=1254 dirty=        2 runs=        1 filter=  0.025ms semisort=  0.004ms
[pe-async] round=1253 R=1255 dirty=        2 runs=        1 filter=  0.026ms semisort=  0.004ms
[pe-async] round=1254 R=1256 dirty=        2 runs=        1 filter=  0.026ms semisort=  0.004ms
[pe-async] round=1255 R=1257 dirty=        2 runs=        1 filter=  0.024ms semisort=  0.004ms
[pe-async] round=1256 R=1258 dirty=        2 runs=        1 filter=  0.026ms semisort=  0.004ms
[pe-async] round=1257 R=1259 dirty=        2 runs=        1 filter=  0.025ms semisort=  0.004ms
[pe-async] round=1258 R=1260 dirty=        2 runs=        1 filter=  0.025ms semisort=  0.004ms
[pe-async] round=1259 R=1261 dirty=        2 runs=        1 filter=  0.025ms semisort=  0.004ms
[pe-async] round=1260 R=1262 dirty=        2 runs=        1 filter=  0.025ms semisort=  0.004ms
[pe-async] round=1261 R=1263 dirty=        2 runs=        1 filter=  0.026ms semisort=  0.004ms
[pe-async] round=1262 R=1264 dirty=        2 runs=        1 filter=  0.024ms semisort=  0.004ms
[pe-async] round=1263 R=1265 dirty=        2 runs=        1 filter=  0.025ms semisort=  0.004ms
[pe-async] round=1264 R=1266 dirty=        2 runs=        1 filter=  0.027ms semisort=  0.004ms
[pe-async] round=1265 R=1267 dirty=        2 runs=        1 filter=  0.025ms semisort=  0.004ms
[pe-async] round=1266 R=1268 dirty=        2 runs=        1 filter=  0.027ms semisort=  0.004ms
[pe-async] round=1267 R=1269 dirty=        2 runs=        1 filter=  0.024ms semisort=  0.004ms
[pe-async] round=1268 R=1270 dirty=        2 runs=        1 filter=  0.029ms semisort=  0.004ms
[pe-async] round=1269 R=1271 dirty=        2 runs=        1 filter=  0.027ms semisort=  0.004ms
[pe-async] round=1270 R=1272 dirty=        2 runs=        1 filter=  0.031ms semisort=  0.004ms
[pe-async] round=1271 R=1273 dirty=        2 runs=        1 filter=  0.026ms semisort=  0.004ms
[pe-async] round=1272 R=1274 dirty=        2 runs=        1 filter=  0.026ms semisort=  0.004ms
[pe-async] round=1273 R=1275 dirty=        2 runs=        1 filter=  0.023ms semisort=  0.004ms
[pe-async] round=1274 R=1276 dirty=        2 runs=        1 filter=  0.024ms semisort=  0.004ms
[pe-async] round=1275 R=1277 dirty=        2 runs=        1 filter=  0.026ms semisort=  0.004ms
[pe-async] round=1276 R=1278 dirty=        2 runs=        1 filter=  0.026ms semisort=  0.004ms
[pe-async] round=1277 R=1279 dirty=        2 runs=        1 filter=  0.026ms semisort=  0.004ms
[pe-async] round=1278 R=1280 dirty=        2 runs=        1 filter=  0.025ms semisort=  0.004ms
[pe-async] round=1279 R=1281 dirty=        2 runs=        1 filter=  0.025ms semisort=  0.004ms
[pe-async] round=1280 R=1282 dirty=        2 runs=        1 filter=  0.025ms semisort=  0.004ms
[pe-async] round=1281 R=1283 dirty=        2 runs=        1 filter=  0.026ms semisort=  0.004ms
[pe-async] round=1282 R=1284 dirty=        2 runs=        1 filter=  0.026ms semisort=  0.004ms
[pe-async] round=1283 R=1285 dirty=        2 runs=        1 filter=  0.026ms semisort=  0.004ms
[pe-async] round=1284 R=1286 dirty=        2 runs=        1 filter=  0.026ms semisort=  0.004ms
[pe-async] round=1285 R=1287 dirty=        2 runs=        1 filter=  0.025ms semisort=  0.004ms
[pe-async] round=1286 R=1288 dirty=        2 runs=        1 filter=  0.028ms semisort=  0.004ms
[pe-async] round=1287 R=1289 dirty=        2 runs=        1 filter=  0.028ms semisort=  0.004ms
[pe-async] round=1288 R=1290 dirty=        2 runs=        1 filter=  0.029ms semisort=  0.003ms
[pe-async] round=1289 R=1291 dirty=        2 runs=        1 filter=  0.029ms semisort=  0.004ms
[pe-async] round=1290 R=1292 dirty=        2 runs=        1 filter=  0.024ms semisort=  0.004ms
[pe-async] round=1291 R=1293 dirty=        2 runs=        1 filter=  0.026ms semisort=  0.004ms
[pe-async] round=1292 R=1294 dirty=        2 runs=        1 filter=  0.025ms semisort=  0.004ms
[pe-async] round=1293 R=1295 dirty=        2 runs=        1 filter=  0.023ms semisort=  0.004ms
[pe-async] round=1294 R=1296 dirty=        2 runs=        1 filter=  0.024ms semisort=  0.004ms
[pe-async] round=1295 R=1297 dirty=        2 runs=        1 filter=  0.026ms semisort=  0.004ms
[pe-async] round=1296 R=1298 dirty=        2 runs=        1 filter=  0.024ms semisort=  0.004ms
[pe-async] round=1297 R=1299 dirty=        2 runs=        1 filter=  0.024ms semisort=  0.004ms
[pe-async] round=1298 R=1300 dirty=        2 runs=        1 filter=  0.024ms semisort=  0.004ms
[pe-async] round=1299 R=1301 dirty=        2 runs=        1 filter=  0.026ms semisort=  0.004ms
[pe-async] round=1300 R=1302 dirty=        2 runs=        1 filter=  0.026ms semisort=  0.004ms
[pe-async] round=1301 R=1303 dirty=        2 runs=        1 filter=  0.030ms semisort=  0.004ms
[pe-async] round=1302 R=1304 dirty=        2 runs=        1 filter=  0.025ms semisort=  0.004ms
[pe-async] round=1303 R=1305 dirty=        2 runs=        1 filter=  0.026ms semisort=  0.004ms
[pe-async] round=1304 R=1306 dirty=        2 runs=        1 filter=  0.026ms semisort=  0.004ms
[pe-async] round=1305 R=1307 dirty=        2 runs=        1 filter=  0.026ms semisort=  0.004ms
[pe-async] round=1306 R=1308 dirty=        2 runs=        1 filter=  0.026ms semisort=  0.004ms
[pe-async] round=1307 R=1309 dirty=        2 runs=        1 filter=  0.025ms semisort=  0.004ms
[pe-async] round=1308 R=1310 dirty=        2 runs=        1 filter=  0.024ms semisort=  0.005ms
[pe-async] round=1309 R=1311 dirty=        2 runs=        1 filter=  0.027ms semisort=  0.004ms
[pe-async] round=1310 R=1312 dirty=        2 runs=        1 filter=  0.024ms semisort=  0.004ms
[pe-async] round=1311 R=1313 dirty=        2 runs=        1 filter=  0.023ms semisort=  0.004ms
[pe-async] round=1312 R=1314 dirty=        2 runs=        1 filter=  0.025ms semisort=  0.004ms
[pe-async] round=1313 R=1315 dirty=        2 runs=        1 filter=  0.026ms semisort=  0.004ms
[pe-async] round=1314 R=1316 dirty=        2 runs=        1 filter=  0.028ms semisort=  0.004ms
[pe-async] round=1315 R=1317 dirty=        2 runs=        1 filter=  0.025ms semisort=  0.004ms
[pe-async] round=1316 R=1318 dirty=        2 runs=        1 filter=  0.027ms semisort=  0.004ms
[pe-async] round=1317 R=1319 dirty=        2 runs=        1 filter=  0.023ms semisort=  0.004ms
[pe-async] round=1318 R=1320 dirty=        2 runs=        1 filter=  0.025ms semisort=  0.004ms
[pe-async] round=1319 R=1321 dirty=        2 runs=        1 filter=  0.026ms semisort=  0.004ms
[pe-async] round=1320 R=1322 dirty=        2 runs=        1 filter=  0.024ms semisort=  0.004ms
[pe-async] round=1321 R=1323 dirty=        2 runs=        1 filter=  0.029ms semisort=  0.004ms
[pe-async] round=1322 R=1324 dirty=        2 runs=        1 filter=  0.024ms semisort=  0.004ms
[pe-async] round=1323 R=1325 dirty=        2 runs=        1 filter=  0.023ms semisort=  0.004ms
[pe-async] round=1324 R=1326 dirty=        2 runs=        1 filter=  0.023ms semisort=  0.004ms
[pe-async] round=1325 R=1327 dirty=        2 runs=        1 filter=  0.024ms semisort=  0.004ms
[pe-async] round=1326 R=1328 dirty=        2 runs=        1 filter=  0.026ms semisort=  0.004ms
[pe-async] round=1327 R=1329 dirty=        2 runs=        1 filter=  0.026ms semisort=  0.004ms
[pe-async] round=1328 R=1330 dirty=        2 runs=        1 filter=  0.024ms semisort=  0.004ms
[pe-async] round=1329 R=1331 dirty=        2 runs=        1 filter=  0.024ms semisort=  0.004ms
[pe-async] round=1330 R=1332 dirty=        2 runs=        1 filter=  0.026ms semisort=  0.004ms
[pe-async] round=1331 R=1333 dirty=        2 runs=        1 filter=  0.028ms semisort=  0.004ms
[pe-async] round=1332 R=1334 dirty=        2 runs=        1 filter=  0.033ms semisort=  0.004ms
[pe-async] round=1333 R=1335 dirty=        2 runs=        1 filter=  0.025ms semisort=  0.004ms
[pe-async] round=1334 R=1336 dirty=        2 runs=        1 filter=  0.026ms semisort=  0.004ms
[pe-async] round=1335 R=1337 dirty=        2 runs=        1 filter=  0.024ms semisort=  0.004ms
[pe-async] round=1336 R=1338 dirty=        2 runs=        1 filter=  0.025ms semisort=  0.004ms
[pe-async] round=1337 R=1339 dirty=        2 runs=        1 filter=  0.026ms semisort=  0.004ms
[pe-async] round=1338 R=1340 dirty=        2 runs=        1 filter=  0.024ms semisort=  0.004ms
[pe-async] round=1339 R=1341 dirty=        2 runs=        1 filter=  0.025ms semisort=  0.004ms
[pe-async] round=1340 R=1342 dirty=        2 runs=        1 filter=  0.028ms semisort=  0.004ms
[pe-async] round=1341 R=1343 dirty=        2 runs=        1 filter=  0.027ms semisort=  0.004ms
[pe-async] round=1342 R=1344 dirty=        2 runs=        1 filter=  0.026ms semisort=  0.004ms
[pe-async] round=1343 R=1345 dirty=        2 runs=        1 filter=  0.023ms semisort=  0.004ms
[pe-async] round=1344 R=1346 dirty=        2 runs=        1 filter=  0.025ms semisort=  0.004ms
[pe-async] round=1345 R=1347 dirty=        2 runs=        1 filter=  0.024ms semisort=  0.004ms
[pe-async] round=1346 R=1348 dirty=        2 runs=        1 filter=  0.025ms semisort=  0.004ms
[pe-async] round=1347 R=1349 dirty=        2 runs=        1 filter=  0.026ms semisort=  0.004ms
[pe-async] round=1348 R=1350 dirty=        2 runs=        1 filter=  0.026ms semisort=  0.004ms
[pe-async] round=1349 R=1351 dirty=        2 runs=        1 filter=  0.026ms semisort=  0.004ms
[pe-async] round=1350 R=1352 dirty=        2 runs=        1 filter=  0.028ms semisort=  0.004ms
[pe-async] round=1351 R=1353 dirty=        2 runs=        1 filter=  0.026ms semisort=  0.004ms
[pe-async] round=1352 R=1354 dirty=        2 runs=        1 filter=  0.027ms semisort=  0.004ms
[pe-async] round=1353 R=1355 dirty=        2 runs=        1 filter=  0.026ms semisort=  0.004ms
[pe-async] round=1354 R=1356 dirty=        2 runs=        1 filter=  0.028ms semisort=  0.004ms
[pe-async] round=1355 R=1357 dirty=        2 runs=        1 filter=  0.026ms semisort=  0.004ms
[pe-async] round=1356 R=1358 dirty=        2 runs=        1 filter=  0.025ms semisort=  0.004ms
[pe-async] round=1357 R=1359 dirty=        2 runs=        1 filter=  0.022ms semisort=  0.004ms
[pe-async] round=1358 R=1360 dirty=        2 runs=        1 filter=  0.025ms semisort=  0.004ms
[pe-async] round=1359 R=1361 dirty=        2 runs=        1 filter=  0.029ms semisort=  0.004ms
[pe-async] round=1360 R=1362 dirty=        2 runs=        1 filter=  0.025ms semisort=  0.004ms
[pe-async] round=1361 R=1363 dirty=        2 runs=        1 filter=  0.028ms semisort=  0.004ms
[pe-async] round=1362 R=1364 dirty=        2 runs=        1 filter=  0.027ms semisort=  0.004ms
[pe-async] round=1363 R=1365 dirty=        2 runs=        1 filter=  0.027ms semisort=  0.004ms
[pe-async] round=1364 R=1366 dirty=        2 runs=        1 filter=  0.026ms semisort=  0.004ms
[pe-async] round=1365 R=1367 dirty=        2 runs=        1 filter=  0.026ms semisort=  0.004ms
[pe-async] round=1366 R=1368 dirty=        2 runs=        1 filter=  0.026ms semisort=  0.004ms
[pe-async] round=1367 R=1369 dirty=        2 runs=        1 filter=  0.028ms semisort=  0.004ms
[pe-async] round=1368 R=1370 dirty=        2 runs=        1 filter=  0.025ms semisort=  0.004ms
[pe-async] round=1369 R=1371 dirty=        2 runs=        1 filter=  0.027ms semisort=  0.004ms
[pe-async] round=1370 R=1372 dirty=        2 runs=        1 filter=  0.026ms semisort=  0.004ms
[pe-async] round=1371 R=1373 dirty=        2 runs=        1 filter=  0.025ms semisort=  0.004ms
[pe-async] round=1372 R=1374 dirty=        2 runs=        1 filter=  0.026ms semisort=  0.004ms
[pe-async] round=1373 R=1375 dirty=        2 runs=        1 filter=  0.028ms semisort=  0.004ms
[pe-async] round=1374 R=1376 dirty=        2 runs=        1 filter=  0.026ms semisort=  0.004ms
[pe-async] round=1375 R=1377 dirty=        2 runs=        1 filter=  0.024ms semisort=  0.004ms
[pe-async] round=1376 R=1378 dirty=        2 runs=        1 filter=  0.024ms semisort=  0.004ms
[pe-async] round=1377 R=1379 dirty=        2 runs=        1 filter=  0.026ms semisort=  0.004ms
[pe-async] round=1378 R=1380 dirty=        2 runs=        1 filter=  0.026ms semisort=  0.004ms
[pe-async] round=1379 R=1381 dirty=        2 runs=        1 filter=  0.025ms semisort=  0.004ms
[pe-async] round=1380 R=1382 dirty=        2 runs=        1 filter=  0.025ms semisort=  0.004ms
[pe-async] round=1381 R=1383 dirty=        2 runs=        1 filter=  0.026ms semisort=  0.004ms
[pe-async] round=1382 R=1384 dirty=        2 runs=        1 filter=  0.024ms semisort=  0.004ms
[pe-async] round=1383 R=1385 dirty=        2 runs=        1 filter=  0.026ms semisort=  0.004ms
[pe-async] round=1384 R=1386 dirty=        2 runs=        1 filter=  0.026ms semisort=  0.004ms
[pe-async] round=1385 R=1387 dirty=        2 runs=        1 filter=  0.028ms semisort=  0.004ms
[pe-async] round=1386 R=1388 dirty=        2 runs=        1 filter=  0.025ms semisort=  0.004ms
[pe-async] round=1387 R=1389 dirty=        2 runs=        1 filter=  0.025ms semisort=  0.004ms
[pe-async] round=1388 R=1390 dirty=        2 runs=        1 filter=  0.025ms semisort=  0.004ms
[pe-async] round=1389 R=1391 dirty=        2 runs=        1 filter=  0.023ms semisort=  0.004ms
[pe-async] round=1390 R=1392 dirty=        2 runs=        1 filter=  0.027ms semisort=  0.004ms
[pe-async] round=1391 R=1393 dirty=        2 runs=        1 filter=  0.026ms semisort=  0.004ms
[pe-async] round=1392 R=1394 dirty=        2 runs=        1 filter=  0.024ms semisort=  0.004ms
[pe-async] round=1393 R=1395 dirty=        2 runs=        1 filter=  0.024ms semisort=  0.004ms
[pe-async] round=1394 R=1396 dirty=        2 runs=        1 filter=  0.029ms semisort=  0.004ms
[pe-async] round=1395 R=1397 dirty=        2 runs=        1 filter=  0.024ms semisort=  0.004ms
[pe-async] round=1396 R=1398 dirty=        2 runs=        1 filter=  0.027ms semisort=  0.004ms
[pe-async] round=1397 R=1399 dirty=        2 runs=        1 filter=  0.024ms semisort=  0.004ms
[pe-async] round=1398 R=1400 dirty=        2 runs=        1 filter=  0.027ms semisort=  0.004ms
[pe-async] round=1399 R=1401 dirty=        2 runs=        1 filter=  0.024ms semisort=  0.004ms
[pe-async] round=1400 R=1402 dirty=        2 runs=        1 filter=  0.023ms semisort=  0.004ms
[pe-async] round=1401 R=1403 dirty=        2 runs=        1 filter=  0.026ms semisort=  0.004ms
[pe-async] round=1402 R=1404 dirty=        2 runs=        1 filter=  0.024ms semisort=  0.004ms
[pe-async] round=1403 R=1405 dirty=        2 runs=        1 filter=  0.026ms semisort=  0.004ms
[pe-async] round=1404 R=1406 dirty=        2 runs=        1 filter=  0.026ms semisort=  0.004ms
[pe-async] round=1405 R=1407 dirty=        2 runs=        1 filter=  0.026ms semisort=  0.004ms
[pe-async] round=1406 R=1408 dirty=        2 runs=        1 filter=  0.025ms semisort=  0.004ms
[pe-async] round=1407 R=1409 dirty=        2 runs=        1 filter=  0.026ms semisort=  0.004ms
[pe-async] round=1408 R=1410 dirty=        2 runs=        1 filter=  0.026ms semisort=  0.004ms
[pe-async] round=1409 R=1411 dirty=        2 runs=        1 filter=  0.026ms semisort=  0.004ms
[pe-async] round=1410 R=1412 dirty=        2 runs=        1 filter=  0.026ms semisort=  0.004ms
[pe-async] round=1411 R=1413 dirty=        2 runs=        1 filter=  0.026ms semisort=  0.004ms
[pe-async] round=1412 R=1414 dirty=        2 runs=        1 filter=  0.025ms semisort=  0.004ms
[pe-async] round=1413 R=1415 dirty=        2 runs=        1 filter=  0.027ms semisort=  0.004ms
[pe-async] round=1414 R=1416 dirty=        2 runs=        1 filter=  0.028ms semisort=  0.004ms
[pe-async] round=1415 R=1417 dirty=        2 runs=        1 filter=  0.025ms semisort=  0.004ms
[pe-async] round=1416 R=1418 dirty=        2 runs=        1 filter=  0.025ms semisort=  0.004ms
[pe-async] round=1417 R=1419 dirty=        2 runs=        1 filter=  0.025ms semisort=  0.004ms
[pe-async] round=1418 R=1420 dirty=        2 runs=        1 filter=  0.024ms semisort=  0.004ms
[pe-async] round=1419 R=1421 dirty=        2 runs=        1 filter=  0.025ms semisort=  0.004ms
[pe-async] round=1420 R=1422 dirty=        2 runs=        1 filter=  0.024ms semisort=  0.004ms
[pe-async] round=1421 R=1423 dirty=        2 runs=        1 filter=  0.026ms semisort=  0.004ms
[pe-async] round=1422 R=1424 dirty=        2 runs=        1 filter=  0.024ms semisort=  0.004ms
[pe-async] round=1423 R=1425 dirty=        2 runs=        1 filter=  0.026ms semisort=  0.004ms
[pe-async] round=1424 R=1426 dirty=        2 runs=        1 filter=  0.026ms semisort=  0.004ms
[pe-async] round=1425 R=1427 dirty=        2 runs=        1 filter=  0.026ms semisort=  0.009ms
[pe-async] round=1426 R=1428 dirty=        2 runs=        1 filter=  0.026ms semisort=  0.004ms
[pe-async] round=1427 R=1429 dirty=        2 runs=        1 filter=  0.026ms semisort=  0.004ms
[pe-async] round=1428 R=1430 dirty=        2 runs=        1 filter=  0.026ms semisort=  0.004ms
[pe-async] round=1429 R=1431 dirty=        2 runs=        1 filter=  0.025ms semisort=  0.004ms
[pe-async] round=1430 R=1432 dirty=        2 runs=        1 filter=  0.025ms semisort=  0.004ms
[pe-async] round=1431 R=1433 dirty=        2 runs=        1 filter=  0.025ms semisort=  0.004ms
[pe-async] round=1432 R=1434 dirty=        2 runs=        1 filter=  0.026ms semisort=  0.004ms
[pe-async] round=1433 R=1435 dirty=        2 runs=        1 filter=  0.026ms semisort=  0.004ms
[pe-async] round=1434 R=1436 dirty=        2 runs=        1 filter=  0.023ms semisort=  0.004ms
[pe-async] round=1435 R=1437 dirty=        2 runs=        1 filter=  0.024ms semisort=  0.004ms
[pe-async] round=1436 R=1438 dirty=        2 runs=        1 filter=  0.024ms semisort=  0.004ms
[pe-async] round=1437 R=1439 dirty=        2 runs=        1 filter=  0.029ms semisort=  0.004ms
[pe-async] round=1438 R=1440 dirty=        2 runs=        1 filter=  0.026ms semisort=  0.004ms
[pe-async] round=1439 R=1441 dirty=        2 runs=        1 filter=  0.026ms semisort=  0.004ms
[pe-async] round=1440 R=1442 dirty=        2 runs=        1 filter=  0.026ms semisort=  0.004ms
[pe-async] round=1441 R=1443 dirty=        2 runs=        1 filter=  0.025ms semisort=  0.004ms
[pe-async] round=1442 R=1444 dirty=        2 runs=        1 filter=  0.024ms semisort=  0.004ms
[pe-async] round=1443 R=1445 dirty=        2 runs=        1 filter=  0.024ms semisort=  0.004ms
[pe-async] round=1444 R=1446 dirty=        2 runs=        1 filter=  0.026ms semisort=  0.004ms
[pe-async] round=1445 R=1447 dirty=        2 runs=        1 filter=  0.026ms semisort=  0.004ms
[pe-async] round=1446 R=1448 dirty=        2 runs=        1 filter=  0.026ms semisort=  0.004ms
[pe-async] round=1447 R=1449 dirty=        2 runs=        1 filter=  0.025ms semisort=  0.004ms
[pe-async] round=1448 R=1450 dirty=        2 runs=        1 filter=  0.025ms semisort=  0.004ms
[pe-async] round=1449 R=1451 dirty=        2 runs=        1 filter=  0.026ms semisort=  0.004ms
[pe-async] round=1450 R=1452 dirty=        2 runs=        1 filter=  0.027ms semisort=  0.004ms
[pe-async] round=1451 R=1453 dirty=        2 runs=        1 filter=  0.026ms semisort=  0.004ms
[pe-async] round=1452 R=1454 dirty=        2 runs=        1 filter=  0.024ms semisort=  0.004ms
[pe-async] round=1453 R=1455 dirty=        2 runs=        1 filter=  0.024ms semisort=  0.004ms
[pe-async] round=1454 R=1456 dirty=        2 runs=        1 filter=  0.024ms semisort=  0.004ms
[pe-async] round=1455 R=1457 dirty=        2 runs=        1 filter=  0.024ms semisort=  0.004ms
[pe-async] round=1456 R=1458 dirty=        2 runs=        1 filter=  0.026ms semisort=  0.004ms
[pe-async] round=1457 R=1459 dirty=        2 runs=        1 filter=  0.029ms semisort=  0.004ms
[pe-async] round=1458 R=1460 dirty=        2 runs=        1 filter=  0.028ms semisort=  0.004ms
[pe-async] round=1459 R=1461 dirty=        2 runs=        1 filter=  0.026ms semisort=  0.004ms
[pe-async] round=1460 R=1462 dirty=        2 runs=        1 filter=  0.024ms semisort=  0.004ms
[pe-async] round=1461 R=1463 dirty=        2 runs=        1 filter=  0.028ms semisort=  0.004ms
[pe-async] round=1462 R=1464 dirty=        2 runs=        1 filter=  0.026ms semisort=  0.004ms
[pe-async] round=1463 R=1465 dirty=        2 runs=        1 filter=  0.025ms semisort=  0.004ms
[pe-async] round=1464 R=1466 dirty=        2 runs=        1 filter=  0.027ms semisort=  0.004ms
[pe-async] round=1465 R=1467 dirty=        2 runs=        1 filter=  0.027ms semisort=  0.004ms
[pe-async] round=1466 R=1468 dirty=        2 runs=        1 filter=  0.025ms semisort=  0.004ms
[pe-async] round=1467 R=1469 dirty=        2 runs=        1 filter=  0.026ms semisort=  0.004ms
[pe-async] round=1468 R=1470 dirty=        2 runs=        1 filter=  0.026ms semisort=  0.004ms
[pe-async] round=1469 R=1471 dirty=        2 runs=        1 filter=  0.025ms semisort=  0.004ms
[pe-async] round=1470 R=1472 dirty=        2 runs=        1 filter=  0.026ms semisort=  0.004ms
[pe-async] round=1471 R=1473 dirty=        2 runs=        1 filter=  0.026ms semisort=  0.004ms
[pe-async] round=1472 R=1474 dirty=        2 runs=        1 filter=  0.027ms semisort=  0.004ms
[pe-async] round=1473 R=1475 dirty=        2 runs=        1 filter=  0.024ms semisort=  0.004ms
[pe-async] round=1474 R=1476 dirty=        2 runs=        1 filter=  0.025ms semisort=  0.004ms
[pe-async] round=1475 R=1477 dirty=        2 runs=        1 filter=  0.026ms semisort=  0.004ms
[pe-async] round=1476 R=1478 dirty=        2 runs=        1 filter=  0.025ms semisort=  0.004ms
[pe-async] round=1477 R=1479 dirty=        2 runs=        1 filter=  0.026ms semisort=  0.004ms
[pe-async] round=1478 R=1480 dirty=        2 runs=        1 filter=  0.026ms semisort=  0.004ms
[pe-async] round=1479 R=1481 dirty=        2 runs=        1 filter=  0.027ms semisort=  0.004ms
[pe-async] round=1480 R=1482 dirty=        2 runs=        1 filter=  0.025ms semisort=  0.004ms
[pe-async] round=1481 R=1483 dirty=        2 runs=        1 filter=  0.026ms semisort=  0.004ms
[pe-async] round=1482 R=1484 dirty=        2 runs=        1 filter=  0.024ms semisort=  0.004ms
[pe-async] round=1483 R=1485 dirty=        2 runs=        1 filter=  0.027ms semisort=  0.004ms
[pe-async] round=1484 R=1486 dirty=        2 runs=        1 filter=  0.027ms semisort=  0.004ms
[pe-async] round=1485 R=1487 dirty=        2 runs=        1 filter=  0.025ms semisort=  0.004ms
[pe-async] round=1486 R=1488 dirty=        2 runs=        1 filter=  0.026ms semisort=  0.004ms
[pe-async] round=1487 R=1489 dirty=        2 runs=        1 filter=  0.023ms semisort=  0.004ms
[pe-async] round=1488 R=1490 dirty=        2 runs=        1 filter=  0.029ms semisort=  0.004ms
[pe-async] round=1489 R=1491 dirty=        2 runs=        1 filter=  0.027ms semisort=  0.004ms
[pe-async] round=1490 R=1492 dirty=        2 runs=        1 filter=  0.025ms semisort=  0.004ms
[pe-async] round=1491 R=1493 dirty=        2 runs=        1 filter=  0.024ms semisort=  0.004ms
[pe-async] round=1492 R=1494 dirty=        2 runs=        1 filter=  0.028ms semisort=  0.004ms
[pe-async] round=1493 R=1495 dirty=        2 runs=        1 filter=  0.027ms semisort=  0.004ms
[pe-async] round=1494 R=1496 dirty=        2 runs=        1 filter=  0.027ms semisort=  0.004ms
[pe-async] round=1495 R=1497 dirty=        2 runs=        1 filter=  0.025ms semisort=  0.004ms
[pe-async] round=1496 R=1498 dirty=        2 runs=        1 filter=  0.026ms semisort=  0.005ms
[pe-async] round=1497 R=1499 dirty=        2 runs=        1 filter=  0.027ms semisort=  0.004ms
[pe-async] round=1498 R=1500 dirty=        2 runs=        1 filter=  0.026ms semisort=  0.004ms
[pe-async] round=1499 R=1501 dirty=        2 runs=        1 filter=  0.027ms semisort=  0.004ms
[pe-async] round=1500 R=1502 dirty=        2 runs=        1 filter=  0.024ms semisort=  0.004ms
[pe-async] round=1501 R=1503 dirty=        2 runs=        1 filter=  0.027ms semisort=  0.004ms
[pe-async] round=1502 R=1504 dirty=        2 runs=        1 filter=  0.027ms semisort=  0.004ms
[pe-async] round=1503 R=1505 dirty=        2 runs=        1 filter=  0.024ms semisort=  0.004ms
[pe-async] round=1504 R=1506 dirty=        2 runs=        1 filter=  0.024ms semisort=  0.004ms
[pe-async] round=1505 R=1507 dirty=        2 runs=        1 filter=  0.024ms semisort=  0.004ms
[pe-async] round=1506 R=1508 dirty=        2 runs=        1 filter=  0.025ms semisort=  0.004ms
[pe-async] round=1507 R=1509 dirty=        2 runs=        1 filter=  0.026ms semisort=  0.004ms
[pe-async] round=1508 R=1510 dirty=        2 runs=        1 filter=  0.029ms semisort=  0.004ms
[pe-async] round=1509 R=1511 dirty=        2 runs=        1 filter=  0.025ms semisort=  0.004ms
[pe-async] round=1510 R=1512 dirty=        2 runs=        1 filter=  0.024ms semisort=  0.004ms
[pe-async] round=1511 R=1513 dirty=        2 runs=        1 filter=  0.023ms semisort=  0.004ms
[pe-async] round=1512 R=1514 dirty=        2 runs=        1 filter=  0.027ms semisort=  0.004ms
[pe-async] round=1513 R=1515 dirty=        2 runs=        1 filter=  0.026ms semisort=  0.004ms
[pe-async] round=1514 R=1516 dirty=        2 runs=        1 filter=  0.025ms semisort=  0.004ms
[pe-async] round=1515 R=1517 dirty=        2 runs=        1 filter=  0.026ms semisort=  0.004ms
[pe-async] round=1516 R=1518 dirty=        2 runs=        1 filter=  0.025ms semisort=  0.004ms
[pe-async] round=1517 R=1519 dirty=        2 runs=        1 filter=  0.026ms semisort=  0.004ms
[pe-async] round=1518 R=1520 dirty=        2 runs=        1 filter=  0.027ms semisort=  0.004ms
[pe-async] round=1519 R=1521 dirty=        2 runs=        1 filter=  0.033ms semisort=  0.004ms
[pe-async] round=1520 R=1522 dirty=        2 runs=        1 filter=  0.025ms semisort=  0.004ms
[pe-async] round=1521 R=1523 dirty=        2 runs=        1 filter=  0.025ms semisort=  0.004ms
[pe-async] round=1522 R=1524 dirty=        2 runs=        1 filter=  0.026ms semisort=  0.004ms
[pe-async] round=1523 R=1525 dirty=        2 runs=        1 filter=  0.026ms semisort=  0.004ms
[pe-async] round=1524 R=1526 dirty=        2 runs=        1 filter=  0.025ms semisort=  0.004ms
[pe-async] round=1525 R=1527 dirty=        2 runs=        1 filter=  0.025ms semisort=  0.004ms
[pe-async] round=1526 R=1528 dirty=        2 runs=        1 filter=  0.025ms semisort=  0.004ms
[pe-async] round=1527 R=1529 dirty=        2 runs=        1 filter=  0.026ms semisort=  0.004ms
[pe-async] round=1528 R=1530 dirty=        2 runs=        1 filter=  0.026ms semisort=  0.004ms
[pe-async] round=1529 R=1531 dirty=        2 runs=        1 filter=  0.028ms semisort=  0.004ms
[pe-async] round=1530 R=1532 dirty=        2 runs=        1 filter=  0.027ms semisort=  0.004ms
[pe-async] round=1531 R=1533 dirty=        2 runs=        1 filter=  0.025ms semisort=  0.004ms
[pe-async] round=1532 R=1534 dirty=        2 runs=        1 filter=  0.029ms semisort=  0.004ms
[pe-async] round=1533 R=1535 dirty=        2 runs=        1 filter=  0.026ms semisort=  0.004ms
[pe-async] round=1534 R=1536 dirty=        2 runs=        1 filter=  0.025ms semisort=  0.004ms
[pe-async] round=1535 R=1537 dirty=        2 runs=        1 filter=  0.024ms semisort=  0.004ms
[pe-async] round=1536 R=1538 dirty=        2 runs=        1 filter=  0.025ms semisort=  0.004ms
[pe-async] round=1537 R=1539 dirty=        2 runs=        1 filter=  0.026ms semisort=  0.004ms
[pe-async] round=1538 R=1540 dirty=        2 runs=        1 filter=  0.027ms semisort=  0.004ms
[pe-async] round=1539 R=1541 dirty=        2 runs=        1 filter=  0.025ms semisort=  0.004ms
[pe-async] round=1540 R=1542 dirty=        2 runs=        1 filter=  0.026ms semisort=  0.004ms
[pe-async] round=1541 R=1543 dirty=        2 runs=        1 filter=  0.028ms semisort=  0.004ms
[pe-async] round=1542 R=1544 dirty=        2 runs=        1 filter=  0.027ms semisort=  0.004ms
[pe-async] round=1543 R=1545 dirty=        2 runs=        1 filter=  0.026ms semisort=  0.004ms
[pe-async] round=1544 R=1546 dirty=        2 runs=        1 filter=  0.026ms semisort=  0.004ms
[pe-async] round=1545 R=1547 dirty=        2 runs=        1 filter=  0.025ms semisort=  0.004ms
[pe-async] round=1546 R=1548 dirty=        2 runs=        1 filter=  0.024ms semisort=  0.004ms
[pe-async] round=1547 R=1549 dirty=        2 runs=        1 filter=  0.026ms semisort=  0.004ms
[pe-async] round=1548 R=1550 dirty=        2 runs=        1 filter=  0.026ms semisort=  0.004ms
[pe-async] round=1549 R=1551 dirty=        2 runs=        1 filter=  0.026ms semisort=  0.004ms
[pe-async] round=1550 R=1552 dirty=        2 runs=        1 filter=  0.029ms semisort=  0.004ms
[pe-async] round=1551 R=1553 dirty=        2 runs=        1 filter=  0.026ms semisort=  0.004ms
[pe-async] round=1552 R=1554 dirty=        2 runs=        1 filter=  0.025ms semisort=  0.004ms
[pe-async] round=1553 R=1555 dirty=        2 runs=        1 filter=  0.025ms semisort=  0.004ms
[pe-async] round=1554 R=1556 dirty=        2 runs=        1 filter=  0.025ms semisort=  0.004ms
[pe-async] round=1555 R=1557 dirty=        2 runs=        1 filter=  0.025ms semisort=  0.004ms
[pe-async] round=1556 R=1558 dirty=        2 runs=        1 filter=  0.026ms semisort=  0.004ms
[pe-async] round=1557 R=1559 dirty=        2 runs=        1 filter=  0.027ms semisort=  0.004ms
[pe-async] round=1558 R=1560 dirty=        2 runs=        1 filter=  0.026ms semisort=  0.004ms
[pe-async] round=1559 R=1561 dirty=        2 runs=        1 filter=  0.026ms semisort=  0.004ms
[pe-async] round=1560 R=1562 dirty=        2 runs=        1 filter=  0.026ms semisort=  0.004ms
[pe-async] round=1561 R=1563 dirty=        2 runs=        1 filter=  0.026ms semisort=  0.004ms
[pe-async] round=1562 R=1564 dirty=        2 runs=        1 filter=  0.026ms semisort=  0.004ms
[pe-async] round=1563 R=1565 dirty=        2 runs=        1 filter=  0.026ms semisort=  0.004ms
[pe-async] round=1564 R=1566 dirty=        2 runs=        1 filter=  0.026ms semisort=  0.004ms
[pe-async] round=1565 R=1567 dirty=        2 runs=        1 filter=  0.024ms semisort=  0.004ms
[pe-async] round=1566 R=1568 dirty=        2 runs=        1 filter=  0.023ms semisort=  0.004ms
[pe-async] round=1567 R=1569 dirty=        2 runs=        1 filter=  0.026ms semisort=  0.004ms
[pe-async] round=1568 R=1570 dirty=        2 runs=        1 filter=  0.026ms semisort=  0.004ms
[pe-async] round=1569 R=1571 dirty=        2 runs=        1 filter=  0.024ms semisort=  0.004ms
[pe-async] round=1570 R=1572 dirty=        2 runs=        1 filter=  0.025ms semisort=  0.004ms
[pe-async] round=1571 R=1573 dirty=        2 runs=        1 filter=  0.024ms semisort=  0.004ms
[pe-async] round=1572 R=1574 dirty=        2 runs=        1 filter=  0.025ms semisort=  0.004ms
[pe-async] round=1573 R=1575 dirty=        2 runs=        1 filter=  0.028ms semisort=  0.004ms
[pe-async] round=1574 R=1576 dirty=        2 runs=        1 filter=  0.027ms semisort=  0.004ms
[pe-async] round=1575 R=1577 dirty=        2 runs=        1 filter=  0.025ms semisort=  0.004ms
[pe-async] round=1576 R=1578 dirty=        2 runs=        1 filter=  0.025ms semisort=  0.004ms
[pe-async] round=1577 R=1579 dirty=        2 runs=        1 filter=  0.025ms semisort=  0.004ms
[pe-async] round=1578 R=1580 dirty=        2 runs=        1 filter=  0.023ms semisort=  0.004ms
[pe-async] round=1579 R=1581 dirty=        2 runs=        1 filter=  0.028ms semisort=  0.004ms
[pe-async] round=1580 R=1582 dirty=        2 runs=        1 filter=  0.025ms semisort=  0.004ms
[pe-async] round=1581 R=1583 dirty=        2 runs=        1 filter=  0.030ms semisort=  0.004ms
[pe-async] round=1582 R=1584 dirty=        2 runs=        1 filter=  0.024ms semisort=  0.004ms
[pe-async] round=1583 R=1585 dirty=        2 runs=        1 filter=  0.026ms semisort=  0.004ms
[pe-async] round=1584 R=1586 dirty=        2 runs=        1 filter=  0.026ms semisort=  0.004ms
[pe-async] round=1585 R=1587 dirty=        2 runs=        1 filter=  0.024ms semisort=  0.004ms
[pe-async] round=1586 R=1588 dirty=        2 runs=        1 filter=  0.027ms semisort=  0.004ms
[pe-async] round=1587 R=1589 dirty=        2 runs=        1 filter=  0.028ms semisort=  0.004ms
[pe-async] round=1588 R=1590 dirty=        2 runs=        1 filter=  0.025ms semisort=  0.004ms
[pe-async] round=1589 R=1591 dirty=        2 runs=        1 filter=  0.026ms semisort=  0.004ms
[pe-async] round=1590 R=1592 dirty=        2 runs=        1 filter=  0.029ms semisort=  0.004ms
[pe-async] round=1591 R=1593 dirty=        2 runs=        1 filter=  0.024ms semisort=  0.004ms
[pe-async] round=1592 R=1594 dirty=        2 runs=        1 filter=  0.026ms semisort=  0.004ms
[pe-async] round=1593 R=1595 dirty=        2 runs=        1 filter=  0.027ms semisort=  0.004ms
[pe-async] round=1594 R=1596 dirty=        2 runs=        1 filter=  0.027ms semisort=  0.004ms
[pe-async] round=1595 R=1597 dirty=        2 runs=        1 filter=  0.028ms semisort=  0.004ms
[pe-async] round=1596 R=1598 dirty=        2 runs=        1 filter=  0.025ms semisort=  0.004ms
[pe-async] round=1597 R=1599 dirty=        2 runs=        1 filter=  0.026ms semisort=  0.004ms
[pe-async] round=1598 R=1600 dirty=        2 runs=        1 filter=  0.025ms semisort=  0.004ms
[pe-async] round=1599 R=1601 dirty=        2 runs=        1 filter=  0.026ms semisort=  0.004ms
[pe-async] round=1600 R=1602 dirty=        2 runs=        1 filter=  0.025ms semisort=  0.004ms
[pe-async] round=1601 R=1603 dirty=        2 runs=        1 filter=  0.024ms semisort=  0.004ms
[pe-async] round=1602 R=1604 dirty=        2 runs=        1 filter=  0.025ms semisort=  0.004ms
[pe-async] round=1603 R=1605 dirty=        2 runs=        1 filter=  0.028ms semisort=  0.004ms
[pe-async] round=1604 R=1606 dirty=        2 runs=        1 filter=  0.025ms semisort=  0.004ms
[pe-async] round=1605 R=1607 dirty=        2 runs=        1 filter=  0.026ms semisort=  0.004ms
[pe-async] round=1606 R=1608 dirty=        2 runs=        1 filter=  0.026ms semisort=  0.004ms
[pe-async] round=1607 R=1609 dirty=        2 runs=        1 filter=  0.027ms semisort=  0.004ms
[pe-async] round=1608 R=1610 dirty=        2 runs=        1 filter=  0.026ms semisort=  0.004ms
[pe-async] round=1609 R=1611 dirty=        2 runs=        1 filter=  0.026ms semisort=  0.004ms
[pe-async] round=1610 R=1612 dirty=        2 runs=        1 filter=  0.024ms semisort=  0.004ms
[pe-async] round=1611 R=1613 dirty=        2 runs=        1 filter=  0.025ms semisort=  0.004ms
[pe-async] round=1612 R=1614 dirty=        2 runs=        1 filter=  0.031ms semisort=  0.004ms
[pe-async] round=1613 R=1615 dirty=        2 runs=        1 filter=  0.026ms semisort=  0.004ms
[pe-async] round=1614 R=1616 dirty=        2 runs=        1 filter=  0.025ms semisort=  0.004ms
[pe-async] round=1615 R=1617 dirty=        2 runs=        1 filter=  0.025ms semisort=  0.004ms
[pe-async] round=1616 R=1618 dirty=        2 runs=        1 filter=  0.026ms semisort=  0.004ms
[pe-async] round=1617 R=1619 dirty=        2 runs=        1 filter=  0.025ms semisort=  0.004ms
[pe-async] round=1618 R=1620 dirty=        2 runs=        1 filter=  0.026ms semisort=  0.004ms
[pe-async] round=1619 R=1621 dirty=        2 runs=        1 filter=  0.027ms semisort=  0.004ms
[pe-async] round=1620 R=1622 dirty=        2 runs=        1 filter=  0.025ms semisort=  0.004ms
[pe-async] round=1621 R=1623 dirty=        2 runs=        1 filter=  0.026ms semisort=  0.004ms
[pe-async] round=1622 R=1624 dirty=        2 runs=        1 filter=  0.026ms semisort=  0.004ms
[pe-async] round=1623 R=1625 dirty=        2 runs=        1 filter=  0.026ms semisort=  0.004ms
[pe-async] round=1624 R=1626 dirty=        2 runs=        1 filter=  0.028ms semisort=  0.004ms
[pe-async] round=1625 R=1627 dirty=        2 runs=        1 filter=  0.027ms semisort=  0.004ms
[pe-async] round=1626 R=1628 dirty=        2 runs=        1 filter=  0.026ms semisort=  0.004ms
[pe-async] round=1627 R=1629 dirty=        2 runs=        1 filter=  0.025ms semisort=  0.004ms
[pe-async] round=1628 R=1630 dirty=        2 runs=        1 filter=  0.025ms semisort=  0.004ms
[pe-async] round=1629 R=1631 dirty=        2 runs=        1 filter=  0.026ms semisort=  0.004ms
[pe-async] round=1630 R=1632 dirty=        2 runs=        1 filter=  0.025ms semisort=  0.004ms
[pe-async] round=1631 R=1633 dirty=        2 runs=        1 filter=  0.025ms semisort=  0.004ms
[pe-async] round=1632 R=1634 dirty=        2 runs=        1 filter=  0.025ms semisort=  0.004ms
[pe-async] round=1633 R=1635 dirty=        2 runs=        1 filter=  0.024ms semisort=  0.004ms
[pe-async] round=1634 R=1636 dirty=        2 runs=        1 filter=  0.027ms semisort=  0.004ms
[pe-async] round=1635 R=1637 dirty=        2 runs=        1 filter=  0.026ms semisort=  0.004ms
[pe-async] round=1636 R=1638 dirty=        2 runs=        1 filter=  0.025ms semisort=  0.004ms
[pe-async] round=1637 R=1639 dirty=        2 runs=        1 filter=  0.021ms semisort=  0.004ms
[pe-async] round=1638 R=1640 dirty=        2 runs=        1 filter=  0.025ms semisort=  0.004ms
[pe-async] round=1639 R=1641 dirty=        2 runs=        1 filter=  0.025ms semisort=  0.004ms
[pe-async] round=1640 R=1642 dirty=        2 runs=        1 filter=  0.026ms semisort=  0.004ms
[pe-async] round=1641 R=1643 dirty=        2 runs=        1 filter=  0.026ms semisort=  0.004ms
[pe-async] round=1642 R=1644 dirty=        2 runs=        1 filter=  0.027ms semisort=  0.004ms
[pe-async] round=1643 R=1645 dirty=        2 runs=        1 filter=  0.030ms semisort=  0.004ms
[pe-async] round=1644 R=1646 dirty=        2 runs=        1 filter=  0.023ms semisort=  0.004ms
[pe-async] round=1645 R=1647 dirty=        2 runs=        1 filter=  0.026ms semisort=  0.004ms
[pe-async] round=1646 R=1648 dirty=        2 runs=        1 filter=  0.026ms semisort=  0.004ms
[pe-async] round=1647 R=1649 dirty=        2 runs=        1 filter=  0.025ms semisort=  0.004ms
[pe-async] round=1648 R=1650 dirty=        2 runs=        1 filter=  0.027ms semisort=  0.004ms
[pe-async] round=1649 R=1651 dirty=        2 runs=        1 filter=  0.027ms semisort=  0.004ms
[pe-async] round=1650 R=1652 dirty=        2 runs=        1 filter=  0.026ms semisort=  0.004ms
[pe-async] round=1651 R=1653 dirty=        2 runs=        1 filter=  0.025ms semisort=  0.004ms
[pe-async] round=1652 R=1654 dirty=        2 runs=        1 filter=  0.026ms semisort=  0.004ms
[pe-async] round=1653 R=1655 dirty=        2 runs=        1 filter=  0.022ms semisort=  0.004ms
[pe-async] round=1654 R=1656 dirty=        2 runs=        1 filter=  0.027ms semisort=  0.004ms
[pe-async] round=1655 R=1657 dirty=        2 runs=        1 filter=  0.025ms semisort=  0.004ms
[pe-async] round=1656 R=1658 dirty=        2 runs=        1 filter=  0.027ms semisort=  0.004ms
[pe-async] round=1657 R=1659 dirty=        2 runs=        1 filter=  0.026ms semisort=  0.004ms
[pe-async] round=1658 R=1660 dirty=        2 runs=        1 filter=  0.026ms semisort=  0.004ms
[pe-async] round=1659 R=1661 dirty=        2 runs=        1 filter=  0.027ms semisort=  0.004ms
[pe-async] round=1660 R=1662 dirty=        2 runs=        1 filter=  0.025ms semisort=  0.004ms
[pe-async] round=1661 R=1663 dirty=        2 runs=        1 filter=  0.029ms semisort=  0.004ms
[pe-async] round=1662 R=1664 dirty=        2 runs=        1 filter=  0.028ms semisort=  0.004ms
[pe-async] round=1663 R=1665 dirty=        2 runs=        1 filter=  0.027ms semisort=  0.004ms
[pe-async] round=1664 R=1666 dirty=        2 runs=        1 filter=  0.025ms semisort=  0.004ms
[pe-async] round=1665 R=1667 dirty=        2 runs=        1 filter=  0.027ms semisort=  0.004ms
[pe-async] round=1666 R=1668 dirty=        2 runs=        1 filter=  0.026ms semisort=  0.004ms
[pe-async] round=1667 R=1669 dirty=        2 runs=        1 filter=  0.024ms semisort=  0.004ms
[pe-async] round=1668 R=1670 dirty=        2 runs=        1 filter=  0.025ms semisort=  0.004ms
[pe-async] round=1669 R=1671 dirty=        2 runs=        1 filter=  0.025ms semisort=  0.004ms
[pe-async] round=1670 R=1672 dirty=        2 runs=        1 filter=  0.026ms semisort=  0.004ms
[pe-async] round=1671 R=1673 dirty=        2 runs=        1 filter=  0.026ms semisort=  0.004ms
[pe-async] round=1672 R=1674 dirty=        2 runs=        1 filter=  0.026ms semisort=  0.004ms
[pe-async] round=1673 R=1675 dirty=        2 runs=        1 filter=  0.027ms semisort=  0.004ms
[pe-async] round=1674 R=1676 dirty=        2 runs=        1 filter=  0.031ms semisort=  0.004ms
[pe-async] round=1675 R=1677 dirty=        2 runs=        1 filter=  0.025ms semisort=  0.004ms
[pe-async] round=1676 R=1678 dirty=        2 runs=        1 filter=  0.028ms semisort=  0.004ms
[pe-async] round=1677 R=1679 dirty=        2 runs=        1 filter=  0.024ms semisort=  0.004ms
[pe-async] round=1678 R=1680 dirty=        2 runs=        1 filter=  0.028ms semisort=  0.004ms
[pe-async] round=1679 R=1681 dirty=        2 runs=        1 filter=  0.030ms semisort=  0.003ms
[pe-async] round=1680 R=1682 dirty=        2 runs=        1 filter=  0.027ms semisort=  0.004ms
[pe-async] round=1681 R=1683 dirty=        2 runs=        1 filter=  0.024ms semisort=  0.004ms
[pe-async] round=1682 R=1684 dirty=        2 runs=        1 filter=  0.026ms semisort=  0.004ms
[pe-async] round=1683 R=1685 dirty=        2 runs=        1 filter=  0.029ms semisort=  0.004ms
[pe-async] round=1684 R=1686 dirty=        2 runs=        1 filter=  0.026ms semisort=  0.004ms
[pe-async] round=1685 R=1687 dirty=        2 runs=        1 filter=  0.025ms semisort=  0.004ms
[pe-async] round=1686 R=1688 dirty=        2 runs=        1 filter=  0.025ms semisort=  0.004ms
[pe-async] round=1687 R=1689 dirty=        2 runs=        1 filter=  0.026ms semisort=  0.004ms
[pe-async] round=1688 R=1690 dirty=        2 runs=        1 filter=  0.026ms semisort=  0.004ms
[pe-async] round=1689 R=1691 dirty=        2 runs=        1 filter=  0.026ms semisort=  0.004ms
[pe-async] round=1690 R=1692 dirty=        2 runs=        1 filter=  0.026ms semisort=  0.004ms
[pe-async] round=1691 R=1693 dirty=        2 runs=        1 filter=  0.025ms semisort=  0.004ms
[pe-async] round=1692 R=1694 dirty=        2 runs=        1 filter=  0.026ms semisort=  0.004ms
[pe-async] round=1693 R=1695 dirty=        2 runs=        1 filter=  0.025ms semisort=  0.004ms
[pe-async] round=1694 R=1696 dirty=        2 runs=        1 filter=  0.027ms semisort=  0.004ms
[pe-async] round=1695 R=1697 dirty=        2 runs=        1 filter=  0.024ms semisort=  0.004ms
[pe-async] round=1696 R=1698 dirty=        2 runs=        1 filter=  0.025ms semisort=  0.004ms
[pe-async] round=1697 R=1699 dirty=        2 runs=        1 filter=  0.028ms semisort=  0.004ms
[pe-async] round=1698 R=1700 dirty=        2 runs=        1 filter=  0.026ms semisort=  0.004ms
[pe-async] round=1699 R=1701 dirty=        2 runs=        1 filter=  0.029ms semisort=  0.004ms
[pe-async] round=1700 R=1702 dirty=        2 runs=        1 filter=  0.026ms semisort=  0.004ms
[pe-async] round=1701 R=1703 dirty=        2 runs=        1 filter=  0.026ms semisort=  0.004ms
[pe-async] round=1702 R=1704 dirty=        2 runs=        1 filter=  0.026ms semisort=  0.004ms
[pe-async] round=1703 R=1705 dirty=        2 runs=        1 filter=  0.027ms semisort=  0.004ms
[pe-async] round=1704 R=1706 dirty=        2 runs=        1 filter=  0.025ms semisort=  0.004ms
[pe-async] round=1705 R=1707 dirty=        2 runs=        1 filter=  0.028ms semisort=  0.004ms
[pe-async] round=1706 R=1708 dirty=        2 runs=        1 filter=  0.027ms semisort=  0.004ms
[pe-async] round=1707 R=1709 dirty=        2 runs=        1 filter=  0.026ms semisort=  0.004ms
[pe-async] round=1708 R=1710 dirty=        2 runs=        1 filter=  0.027ms semisort=  0.004ms
[pe-async] round=1709 R=1711 dirty=        2 runs=        1 filter=  0.024ms semisort=  0.004ms
[pe-async] round=1710 R=1712 dirty=        2 runs=        1 filter=  0.026ms semisort=  0.004ms
[pe-async] round=1711 R=1713 dirty=        2 runs=        1 filter=  0.024ms semisort=  0.004ms
[pe-async] round=1712 R=1714 dirty=        2 runs=        1 filter=  0.029ms semisort=  0.004ms
[pe-async] round=1713 R=1715 dirty=        2 runs=        1 filter=  0.026ms semisort=  0.004ms
[pe-async] round=1714 R=1716 dirty=        2 runs=        1 filter=  0.023ms semisort=  0.004ms
[pe-async] round=1715 R=1717 dirty=        2 runs=        1 filter=  0.025ms semisort=  0.004ms
[pe-async] round=1716 R=1718 dirty=        2 runs=        1 filter=  0.029ms semisort=  0.004ms
[pe-async] round=1717 R=1719 dirty=        2 runs=        1 filter=  0.026ms semisort=  0.004ms
[pe-async] round=1718 R=1720 dirty=        2 runs=        1 filter=  0.026ms semisort=  0.004ms
[pe-async] round=1719 R=1721 dirty=        2 runs=        1 filter=  0.025ms semisort=  0.004ms
[pe-async] round=1720 R=1722 dirty=        2 runs=        1 filter=  0.025ms semisort=  0.004ms
[pe-async] round=1721 R=1723 dirty=        2 runs=        1 filter=  0.027ms semisort=  0.004ms
[pe-async] round=1722 R=1724 dirty=        2 runs=        1 filter=  0.026ms semisort=  0.004ms
[pe-async] round=1723 R=1725 dirty=        2 runs=        1 filter=  0.026ms semisort=  0.004ms
[pe-async] round=1724 R=1726 dirty=        2 runs=        1 filter=  0.028ms semisort=  0.004ms
[pe-async] round=1725 R=1727 dirty=        2 runs=        1 filter=  0.025ms semisort=  0.004ms
[pe-async] round=1726 R=1728 dirty=        2 runs=        1 filter=  0.025ms semisort=  0.004ms
[pe-async] round=1727 R=1729 dirty=        2 runs=        1 filter=  0.024ms semisort=  0.004ms
[pe-async] round=1728 R=1730 dirty=        2 runs=        1 filter=  0.026ms semisort=  0.004ms
[pe-async] round=1729 R=1731 dirty=        2 runs=        1 filter=  0.027ms semisort=  0.004ms
[pe-async] round=1730 R=1732 dirty=        2 runs=        1 filter=  0.025ms semisort=  0.004ms
[pe-async] round=1731 R=1733 dirty=        2 runs=        1 filter=  0.027ms semisort=  0.004ms
[pe-async] round=1732 R=1734 dirty=        2 runs=        1 filter=  0.026ms semisort=  0.004ms
[pe-async] round=1733 R=1735 dirty=        2 runs=        1 filter=  0.027ms semisort=  0.004ms
[pe-async] round=1734 R=1736 dirty=        2 runs=        1 filter=  0.026ms semisort=  0.004ms
[pe-async] round=1735 R=1737 dirty=        2 runs=        1 filter=  0.027ms semisort=  0.004ms
[pe-async] round=1736 R=1738 dirty=        2 runs=        1 filter=  0.031ms semisort=  0.004ms
[pe-async] round=1737 R=1739 dirty=        2 runs=        1 filter=  0.026ms semisort=  0.004ms
[pe-async] round=1738 R=1740 dirty=        2 runs=        1 filter=  0.028ms semisort=  0.004ms
[pe-async] round=1739 R=1741 dirty=        2 runs=        1 filter=  0.027ms semisort=  0.004ms
[pe-async] round=1740 R=1742 dirty=        2 runs=        1 filter=  0.027ms semisort=  0.004ms
[pe-async] round=1741 R=1743 dirty=        2 runs=        1 filter=  0.026ms semisort=  0.004ms
[pe-async] round=1742 R=1744 dirty=        2 runs=        1 filter=  0.025ms semisort=  0.004ms
[pe-async] round=1743 R=1745 dirty=        2 runs=        1 filter=  0.025ms semisort=  0.004ms
[pe-async] round=1744 R=1746 dirty=        2 runs=        1 filter=  0.028ms semisort=  0.004ms
[pe-async] round=1745 R=1747 dirty=        2 runs=        1 filter=  0.025ms semisort=  0.004ms
[pe-async] round=1746 R=1748 dirty=        2 runs=        1 filter=  0.026ms semisort=  0.004ms
[pe-async] round=1747 R=1749 dirty=        2 runs=        1 filter=  0.026ms semisort=  0.004ms
[pe-async] round=1748 R=1750 dirty=        2 runs=        1 filter=  0.025ms semisort=  0.004ms
[pe-async] round=1749 R=1751 dirty=        2 runs=        1 filter=  0.026ms semisort=  0.004ms
[pe-async] round=1750 R=1752 dirty=        2 runs=        1 filter=  0.025ms semisort=  0.004ms
[pe-async] round=1751 R=1753 dirty=        2 runs=        1 filter=  0.024ms semisort=  0.004ms
[pe-async] round=1752 R=1754 dirty=        2 runs=        1 filter=  0.025ms semisort=  0.004ms
[pe-async] round=1753 R=1755 dirty=        2 runs=        1 filter=  0.026ms semisort=  0.004ms
[pe-async] round=1754 R=1756 dirty=        2 runs=        1 filter=  0.022ms semisort=  0.004ms
[pe-async] round=1755 R=1757 dirty=        2 runs=        1 filter=  0.026ms semisort=  0.004ms
[pe-async] round=1756 R=1758 dirty=        2 runs=        1 filter=  0.027ms semisort=  0.004ms
[pe-async] round=1757 R=1759 dirty=        2 runs=        1 filter=  0.025ms semisort=  0.004ms
[pe-async] round=1758 R=1760 dirty=        2 runs=        1 filter=  0.025ms semisort=  0.004ms
[pe-async] round=1759 R=1761 dirty=        2 runs=        1 filter=  0.023ms semisort=  0.004ms
[pe-async] round=1760 R=1762 dirty=        2 runs=        1 filter=  0.027ms semisort=  0.004ms
[pe-async] round=1761 R=1763 dirty=        2 runs=        1 filter=  0.027ms semisort=  0.004ms
[pe-async] round=1762 R=1764 dirty=        2 runs=        1 filter=  0.027ms semisort=  0.004ms
[pe-async] round=1763 R=1765 dirty=        2 runs=        1 filter=  0.026ms semisort=  0.004ms
[pe-async] round=1764 R=1766 dirty=        2 runs=        1 filter=  0.024ms semisort=  0.004ms
[pe-async] round=1765 R=1767 dirty=        2 runs=        1 filter=  0.029ms semisort=  0.004ms
[pe-async] round=1766 R=1768 dirty=        2 runs=        1 filter=  0.026ms semisort=  0.004ms
[pe-async] round=1767 R=1769 dirty=        2 runs=        1 filter=  0.035ms semisort=  0.004ms
[pe-async] round=1768 R=1770 dirty=        2 runs=        1 filter=  0.028ms semisort=  0.004ms
[pe-async] round=1769 R=1771 dirty=        2 runs=        1 filter=  0.024ms semisort=  0.004ms
[pe-async] round=1770 R=1772 dirty=        2 runs=        1 filter=  0.025ms semisort=  0.004ms
[pe-async] round=1771 R=1773 dirty=        2 runs=        1 filter=  0.025ms semisort=  0.004ms
[pe-async] round=1772 R=1774 dirty=        2 runs=        1 filter=  0.026ms semisort=  0.004ms
[pe-async] round=1773 R=1775 dirty=        2 runs=        1 filter=  0.023ms semisort=  0.004ms
[pe-async] round=1774 R=1776 dirty=        2 runs=        1 filter=  0.027ms semisort=  0.004ms
[pe-async] round=1775 R=1777 dirty=        2 runs=        1 filter=  0.027ms semisort=  0.004ms
[pe-async] round=1776 R=1778 dirty=        2 runs=        1 filter=  0.026ms semisort=  0.004ms
[pe-async] round=1777 R=1779 dirty=        2 runs=        1 filter=  0.023ms semisort=  0.004ms
[pe-async] round=1778 R=1780 dirty=        2 runs=        1 filter=  0.024ms semisort=  0.004ms
[pe-async] round=1779 R=1781 dirty=        2 runs=        1 filter=  0.025ms semisort=  0.004ms
[pe-async] round=1780 R=1782 dirty=        2 runs=        1 filter=  0.024ms semisort=  0.004ms
[pe-async] round=1781 R=1783 dirty=        2 runs=        1 filter=  0.027ms semisort=  0.004ms
[pe-async] round=1782 R=1784 dirty=        2 runs=        1 filter=  0.024ms semisort=  0.004ms
[pe-async] round=1783 R=1785 dirty=        2 runs=        1 filter=  0.026ms semisort=  0.004ms
[pe-async] round=1784 R=1786 dirty=        2 runs=        1 filter=  0.025ms semisort=  0.004ms
[pe-async] round=1785 R=1787 dirty=        2 runs=        1 filter=  0.025ms semisort=  0.004ms
[pe-async] round=1786 R=1788 dirty=        2 runs=        1 filter=  0.026ms semisort=  0.004ms
[pe-async] round=1787 R=1789 dirty=        2 runs=        1 filter=  0.025ms semisort=  0.004ms
[pe-async] round=1788 R=1790 dirty=        2 runs=        1 filter=  0.024ms semisort=  0.004ms
[pe-async] round=1789 R=1791 dirty=        2 runs=        1 filter=  0.025ms semisort=  0.004ms
[pe-async] round=1790 R=1792 dirty=        2 runs=        1 filter=  0.027ms semisort=  0.004ms
[pe-async] round=1791 R=1793 dirty=        2 runs=        1 filter=  0.026ms semisort=  0.004ms
[pe-async] round=1792 R=1794 dirty=        2 runs=        1 filter=  0.026ms semisort=  0.004ms
[pe-async] round=1793 R=1795 dirty=        2 runs=        1 filter=  0.025ms semisort=  0.004ms
[pe-async] round=1794 R=1796 dirty=        2 runs=        1 filter=  0.026ms semisort=  0.004ms
[pe-async] round=1795 R=1797 dirty=        2 runs=        1 filter=  0.026ms semisort=  0.004ms
[pe-async] round=1796 R=1798 dirty=        2 runs=        1 filter=  0.028ms semisort=  0.004ms
[pe-async] round=1797 R=1799 dirty=        2 runs=        1 filter=  0.025ms semisort=  0.004ms
[pe-async] round=1798 R=1800 dirty=        2 runs=        1 filter=  0.030ms semisort=  0.004ms
[pe-async] round=1799 R=1801 dirty=        2 runs=        1 filter=  0.025ms semisort=  0.004ms
[pe-async] round=1800 R=1802 dirty=        2 runs=        1 filter=  0.026ms semisort=  0.004ms
[pe-async] round=1801 R=1803 dirty=        2 runs=        1 filter=  0.028ms semisort=  0.004ms
[pe-async] round=1802 R=1804 dirty=        2 runs=        1 filter=  0.025ms semisort=  0.004ms
[pe-async] round=1803 R=1805 dirty=        2 runs=        1 filter=  0.025ms semisort=  0.004ms
[pe-async] round=1804 R=1806 dirty=        2 runs=        1 filter=  0.026ms semisort=  0.004ms
[pe-async] round=1805 R=1807 dirty=        2 runs=        1 filter=  0.026ms semisort=  0.004ms
[pe-async] round=1806 R=1808 dirty=        2 runs=        1 filter=  0.031ms semisort=  0.004ms
[pe-async] round=1807 R=1809 dirty=        2 runs=        1 filter=  0.030ms semisort=  0.004ms
[pe-async] round=1808 R=1810 dirty=        2 runs=        1 filter=  0.026ms semisort=  0.004ms
[pe-async] round=1809 R=1811 dirty=        2 runs=        1 filter=  0.028ms semisort=  0.004ms
[pe-async] round=1810 R=1812 dirty=        2 runs=        1 filter=  0.026ms semisort=  0.004ms
[pe-async] round=1811 R=1813 dirty=        2 runs=        1 filter=  0.027ms semisort=  0.004ms
[pe-async] round=1812 R=1814 dirty=        2 runs=        1 filter=  0.025ms semisort=  0.004ms
[pe-async] round=1813 R=1815 dirty=        2 runs=        1 filter=  0.026ms semisort=  0.004ms
[pe-async] round=1814 R=1816 dirty=        2 runs=        1 filter=  0.025ms semisort=  0.004ms
[pe-async] round=1815 R=1817 dirty=        2 runs=        1 filter=  0.025ms semisort=  0.004ms
[pe-async] round=1816 R=1818 dirty=        2 runs=        1 filter=  0.024ms semisort=  0.004ms
[pe-async] round=1817 R=1819 dirty=        2 runs=        1 filter=  0.025ms semisort=  0.004ms
[pe-async] round=1818 R=1820 dirty=        2 runs=        1 filter=  0.026ms semisort=  0.004ms
[pe-async] round=1819 R=1821 dirty=        2 runs=        1 filter=  0.026ms semisort=  0.004ms
[pe-async] round=1820 R=1822 dirty=        2 runs=        1 filter=  0.025ms semisort=  0.004ms
[pe-async] round=1821 R=1823 dirty=        2 runs=        1 filter=  0.026ms semisort=  0.004ms
[pe-async] round=1822 R=1824 dirty=        2 runs=        1 filter=  0.025ms semisort=  0.004ms
[pe-async] round=1823 R=1825 dirty=        2 runs=        1 filter=  0.026ms semisort=  0.004ms
[pe-async] round=1824 R=1826 dirty=        2 runs=        1 filter=  0.023ms semisort=  0.004ms
[pe-async] round=1825 R=1827 dirty=        2 runs=        1 filter=  0.026ms semisort=  0.004ms
[pe-async] round=1826 R=1828 dirty=        2 runs=        1 filter=  0.026ms semisort=  0.004ms
[pe-async] round=1827 R=1829 dirty=        2 runs=        1 filter=  0.024ms semisort=  0.004ms
[pe-async] round=1828 R=1830 dirty=        2 runs=        1 filter=  0.025ms semisort=  0.009ms
[pe-async] round=1829 R=1831 dirty=        2 runs=        1 filter=  0.025ms semisort=  0.004ms
[pe-async] round=1830 R=1832 dirty=        2 runs=        1 filter=  0.027ms semisort=  0.004ms
[pe-async] round=1831 R=1833 dirty=        2 runs=        1 filter=  0.026ms semisort=  0.004ms
[pe-async] round=1832 R=1834 dirty=        2 runs=        1 filter=  0.030ms semisort=  0.004ms
[pe-async] round=1833 R=1835 dirty=        2 runs=        1 filter=  0.025ms semisort=  0.004ms
[pe-async] round=1834 R=1836 dirty=        2 runs=        1 filter=  0.025ms semisort=  0.004ms
[pe-async] round=1835 R=1837 dirty=        2 runs=        1 filter=  0.027ms semisort=  0.004ms
[pe-async] round=1836 R=1838 dirty=        2 runs=        1 filter=  0.026ms semisort=  0.004ms
[pe-async] round=1837 R=1839 dirty=        2 runs=        1 filter=  0.022ms semisort=  0.004ms
[pe-async] round=1838 R=1840 dirty=        2 runs=        1 filter=  0.026ms semisort=  0.004ms
[pe-async] round=1839 R=1841 dirty=        2 runs=        1 filter=  0.026ms semisort=  0.004ms
[pe-async] round=1840 R=1842 dirty=        2 runs=        1 filter=  0.027ms semisort=  0.004ms
[pe-async] round=1841 R=1843 dirty=        2 runs=        1 filter=  0.027ms semisort=  0.004ms
[pe-async] round=1842 R=1844 dirty=        2 runs=        1 filter=  0.025ms semisort=  0.004ms
[pe-async] round=1843 R=1845 dirty=        2 runs=        1 filter=  0.026ms semisort=  0.004ms
[pe-async] round=1844 R=1846 dirty=        2 runs=        1 filter=  0.026ms semisort=  0.004ms
[pe-async] round=1845 R=1847 dirty=        2 runs=        1 filter=  0.025ms semisort=  0.004ms
[pe-async] round=1846 R=1848 dirty=        2 runs=        1 filter=  0.024ms semisort=  0.004ms
[pe-async] round=1847 R=1849 dirty=        2 runs=        1 filter=  0.026ms semisort=  0.004ms
[pe-async] round=1848 R=1850 dirty=        2 runs=        1 filter=  0.025ms semisort=  0.004ms
[pe-async] round=1849 R=1851 dirty=        2 runs=        1 filter=  0.026ms semisort=  0.004ms
[pe-async] round=1850 R=1852 dirty=        2 runs=        1 filter=  0.025ms semisort=  0.004ms
[pe-async] round=1851 R=1853 dirty=        2 runs=        1 filter=  0.025ms semisort=  0.004ms
[pe-async] round=1852 R=1854 dirty=        2 runs=        1 filter=  0.025ms semisort=  0.004ms
[pe-async] round=1853 R=1855 dirty=        2 runs=        1 filter=  0.028ms semisort=  0.004ms
[pe-async] round=1854 R=1856 dirty=        2 runs=        1 filter=  0.025ms semisort=  0.004ms
[pe-async] round=1855 R=1857 dirty=        2 runs=        1 filter=  0.024ms semisort=  0.004ms
[pe-async] round=1856 R=1858 dirty=        2 runs=        1 filter=  0.024ms semisort=  0.004ms
[pe-async] round=1857 R=1859 dirty=        2 runs=        1 filter=  0.026ms semisort=  0.004ms
[pe-async] round=1858 R=1860 dirty=        2 runs=        1 filter=  0.024ms semisort=  0.004ms
[pe-async] round=1859 R=1861 dirty=        2 runs=        1 filter=  0.025ms semisort=  0.004ms
[pe-async] round=1860 R=1862 dirty=        2 runs=        1 filter=  0.025ms semisort=  0.004ms
[pe-async] round=1861 R=1863 dirty=        2 runs=        1 filter=  0.024ms semisort=  0.004ms
[pe-async] round=1862 R=1864 dirty=        2 runs=        1 filter=  0.026ms semisort=  0.004ms
[pe-async] round=1863 R=1865 dirty=        2 runs=        1 filter=  0.026ms semisort=  0.004ms
[pe-async] round=1864 R=1866 dirty=        2 runs=        1 filter=  0.026ms semisort=  0.004ms
[pe-async] round=1865 R=1867 dirty=        2 runs=        1 filter=  0.022ms semisort=  0.004ms
[pe-async] round=1866 R=1868 dirty=        2 runs=        1 filter=  0.026ms semisort=  0.004ms
[pe-async] round=1867 R=1869 dirty=        2 runs=        1 filter=  0.025ms semisort=  0.004ms
[pe-async] round=1868 R=1870 dirty=        2 runs=        1 filter=  0.028ms semisort=  0.004ms
[pe-async] round=1869 R=1871 dirty=        2 runs=        1 filter=  0.027ms semisort=  0.004ms
[pe-async] round=1870 R=1872 dirty=        2 runs=        1 filter=  0.026ms semisort=  0.004ms
[pe-async] round=1871 R=1873 dirty=        2 runs=        1 filter=  0.027ms semisort=  0.004ms
[pe-async] round=1872 R=1874 dirty=        2 runs=        1 filter=  0.027ms semisort=  0.004ms
[pe-async] round=1873 R=1875 dirty=        2 runs=        1 filter=  0.024ms semisort=  0.004ms
[pe-async] round=1874 R=1876 dirty=        2 runs=        1 filter=  0.025ms semisort=  0.004ms
[pe-async] round=1875 R=1877 dirty=        2 runs=        1 filter=  0.026ms semisort=  0.004ms
[pe-async] round=1876 R=1878 dirty=        2 runs=        1 filter=  0.027ms semisort=  0.004ms
[pe-async] round=1877 R=1879 dirty=        2 runs=        1 filter=  0.025ms semisort=  0.004ms
[pe-async] round=1878 R=1880 dirty=        2 runs=        1 filter=  0.027ms semisort=  0.004ms
[pe-async] round=1879 R=1881 dirty=        2 runs=        1 filter=  0.025ms semisort=  0.004ms
[pe-async] round=1880 R=1882 dirty=        2 runs=        1 filter=  0.027ms semisort=  0.004ms
[pe-async] round=1881 R=1883 dirty=        2 runs=        1 filter=  0.028ms semisort=  0.004ms
[pe-async] round=1882 R=1884 dirty=        2 runs=        1 filter=  0.029ms semisort=  0.004ms
[pe-async] round=1883 R=1885 dirty=        2 runs=        1 filter=  0.024ms semisort=  0.004ms
[pe-async] round=1884 R=1886 dirty=        2 runs=        1 filter=  0.025ms semisort=  0.004ms
[pe-async] round=1885 R=1887 dirty=        2 runs=        1 filter=  0.029ms semisort=  0.004ms
[pe-async] round=1886 R=1888 dirty=        2 runs=        1 filter=  0.028ms semisort=  0.004ms
[pe-async] round=1887 R=1889 dirty=        2 runs=        1 filter=  0.026ms semisort=  0.004ms
[pe-async] round=1888 R=1890 dirty=        2 runs=        1 filter=  0.027ms semisort=  0.004ms
[pe-async] round=1889 R=1891 dirty=        2 runs=        1 filter=  0.024ms semisort=  0.004ms
[pe-async] round=1890 R=1892 dirty=        2 runs=        1 filter=  0.031ms semisort=  0.004ms
[pe-async] round=1891 R=1893 dirty=        2 runs=        1 filter=  0.026ms semisort=  0.004ms
[pe-async] round=1892 R=1894 dirty=        2 runs=        1 filter=  0.025ms semisort=  0.004ms
[pe-async] round=1893 R=1895 dirty=        2 runs=        1 filter=  0.024ms semisort=  0.004ms
[pe-async] round=1894 R=1896 dirty=        2 runs=        1 filter=  0.025ms semisort=  0.004ms
[pe-async] round=1895 R=1897 dirty=        2 runs=        1 filter=  0.027ms semisort=  0.004ms
[pe-async] round=1896 R=1898 dirty=        2 runs=        1 filter=  0.024ms semisort=  0.004ms
[pe-async] round=1897 R=1899 dirty=        2 runs=        1 filter=  0.026ms semisort=  0.004ms
[pe-async] round=1898 R=1900 dirty=        2 runs=        1 filter=  0.024ms semisort=  0.004ms
[pe-async] round=1899 R=1901 dirty=        2 runs=        1 filter=  0.026ms semisort=  0.004ms
[pe-async] round=1900 R=1902 dirty=        2 runs=        1 filter=  0.025ms semisort=  0.004ms
[pe-async] round=1901 R=1903 dirty=        2 runs=        1 filter=  0.026ms semisort=  0.004ms
[pe-async] round=1902 R=1904 dirty=        2 runs=        1 filter=  0.025ms semisort=  0.004ms
[pe-async] round=1903 R=1905 dirty=        2 runs=        1 filter=  0.024ms semisort=  0.004ms
[pe-async] round=1904 R=1906 dirty=        2 runs=        1 filter=  0.025ms semisort=  0.004ms
[pe-async] round=1905 R=1907 dirty=        2 runs=        1 filter=  0.029ms semisort=  0.004ms
[pe-async] round=1906 R=1908 dirty=        2 runs=        1 filter=  0.027ms semisort=  0.004ms
[pe-async] round=1907 R=1909 dirty=        2 runs=        1 filter=  0.027ms semisort=  0.004ms
[pe-async] round=1908 R=1910 dirty=        2 runs=        1 filter=  0.025ms semisort=  0.004ms
[pe-async] round=1909 R=1911 dirty=        2 runs=        1 filter=  0.024ms semisort=  0.004ms
[pe-async] round=1910 R=1912 dirty=        2 runs=        1 filter=  0.026ms semisort=  0.004ms
[pe-async] round=1911 R=1913 dirty=        2 runs=        1 filter=  0.025ms semisort=  0.004ms
[pe-async] round=1912 R=1914 dirty=        2 runs=        1 filter=  0.024ms semisort=  0.004ms
[pe-async] round=1913 R=1915 dirty=        2 runs=        1 filter=  0.024ms semisort=  0.004ms
[pe-async] round=1914 R=1916 dirty=        2 runs=        1 filter=  0.025ms semisort=  0.004ms
[pe-async] round=1915 R=1917 dirty=        2 runs=        1 filter=  0.026ms semisort=  0.004ms
[pe-async] round=1916 R=1918 dirty=        2 runs=        1 filter=  0.027ms semisort=  0.004ms
[pe-async] round=1917 R=1919 dirty=        2 runs=        1 filter=  0.025ms semisort=  0.004ms
[pe-async] round=1918 R=1920 dirty=        2 runs=        1 filter=  0.026ms semisort=  0.004ms
[pe-async] round=1919 R=1921 dirty=        2 runs=        1 filter=  0.025ms semisort=  0.004ms
[pe-async] round=1920 R=1922 dirty=        2 runs=        1 filter=  0.025ms semisort=  0.004ms
[pe-async] round=1921 R=1923 dirty=        2 runs=        1 filter=  0.030ms semisort=  0.004ms
[pe-async] round=1922 R=1924 dirty=        2 runs=        1 filter=  0.026ms semisort=  0.004ms
[pe-async] round=1923 R=1925 dirty=        2 runs=        1 filter=  0.027ms semisort=  0.004ms
[pe-async] round=1924 R=1926 dirty=        2 runs=        1 filter=  0.025ms semisort=  0.004ms
[pe-async] round=1925 R=1927 dirty=        2 runs=        1 filter=  0.025ms semisort=  0.004ms
[pe-async] round=1926 R=1928 dirty=        2 runs=        1 filter=  0.025ms semisort=  0.004ms
[pe-async] round=1927 R=1929 dirty=        2 runs=        1 filter=  0.026ms semisort=  0.004ms
[pe-async] round=1928 R=1930 dirty=        2 runs=        1 filter=  0.025ms semisort=  0.004ms
[pe-async] round=1929 R=1931 dirty=        2 runs=        1 filter=  0.024ms semisort=  0.004ms
[pe-async] round=1930 R=1932 dirty=        2 runs=        1 filter=  0.024ms semisort=  0.004ms
[pe-async] round=1931 R=1933 dirty=        2 runs=        1 filter=  0.025ms semisort=  0.004ms
[pe-async] round=1932 R=1934 dirty=        2 runs=        1 filter=  0.026ms semisort=  0.004ms
[pe-async] round=1933 R=1935 dirty=        2 runs=        1 filter=  0.025ms semisort=  0.004ms
[pe-async] round=1934 R=1936 dirty=        2 runs=        1 filter=  0.025ms semisort=  0.004ms
[pe-async] round=1935 R=1937 dirty=        2 runs=        1 filter=  0.026ms semisort=  0.004ms
[pe-async] round=1936 R=1938 dirty=        2 runs=        1 filter=  0.026ms semisort=  0.004ms
[pe-async] round=1937 R=1939 dirty=        2 runs=        1 filter=  0.026ms semisort=  0.004ms
[pe-async] round=1938 R=1940 dirty=        2 runs=        1 filter=  0.025ms semisort=  0.004ms
[pe-async] round=1939 R=1941 dirty=        2 runs=        1 filter=  0.025ms semisort=  0.004ms
[pe-async] round=1940 R=1942 dirty=        2 runs=        1 filter=  0.025ms semisort=  0.004ms
[pe-async] round=1941 R=1943 dirty=        2 runs=        1 filter=  0.026ms semisort=  0.004ms
[pe-async] round=1942 R=1944 dirty=        2 runs=        1 filter=  0.027ms semisort=  0.004ms
[pe-async] round=1943 R=1945 dirty=        2 runs=        1 filter=  0.025ms semisort=  0.004ms
[pe-async] round=1944 R=1946 dirty=        2 runs=        1 filter=  0.024ms semisort=  0.004ms
[pe-async] round=1945 R=1947 dirty=        2 runs=        1 filter=  0.025ms semisort=  0.004ms
[pe-async] round=1946 R=1948 dirty=        2 runs=        1 filter=  0.026ms semisort=  0.004ms
[pe-async] round=1947 R=1949 dirty=        2 runs=        1 filter=  0.026ms semisort=  0.004ms
[pe-async] round=1948 R=1950 dirty=        2 runs=        1 filter=  0.026ms semisort=  0.004ms
[pe-async] round=1949 R=1951 dirty=        2 runs=        1 filter=  0.025ms semisort=  0.004ms
[pe-async] round=1950 R=1952 dirty=        2 runs=        1 filter=  0.025ms semisort=  0.004ms
[pe-async] round=1951 R=1953 dirty=        2 runs=        1 filter=  0.025ms semisort=  0.004ms
[pe-async] round=1952 R=1954 dirty=        2 runs=        1 filter=  0.031ms semisort=  0.004ms
[pe-async] round=1953 R=1955 dirty=        2 runs=        1 filter=  0.026ms semisort=  0.004ms
[pe-async] round=1954 R=1956 dirty=        2 runs=        1 filter=  0.024ms semisort=  0.004ms
[pe-async] round=1955 R=1957 dirty=        2 runs=        1 filter=  0.026ms semisort=  0.004ms
[pe-async] round=1956 R=1958 dirty=        2 runs=        1 filter=  0.027ms semisort=  0.004ms
[pe-async] round=1957 R=1959 dirty=        2 runs=        1 filter=  0.026ms semisort=  0.004ms
[pe-async] round=1958 R=1960 dirty=        2 runs=        1 filter=  0.026ms semisort=  0.004ms
[pe-async] round=1959 R=1961 dirty=        2 runs=        1 filter=  0.025ms semisort=  0.004ms
[pe-async] round=1960 R=1962 dirty=        2 runs=        1 filter=  0.023ms semisort=  0.004ms
[pe-async] round=1961 R=1963 dirty=        2 runs=        1 filter=  0.026ms semisort=  0.004ms
[pe-async] round=1962 R=1964 dirty=        2 runs=        1 filter=  0.026ms semisort=  0.004ms
[pe-async] round=1963 R=1965 dirty=        2 runs=        1 filter=  0.026ms semisort=  0.004ms
[pe-async] round=1964 R=1966 dirty=        2 runs=        1 filter=  0.026ms semisort=  0.004ms
[pe-async] round=1965 R=1967 dirty=        2 runs=        1 filter=  0.025ms semisort=  0.004ms
[pe-async] round=1966 R=1968 dirty=        2 runs=        1 filter=  0.025ms semisort=  0.004ms
[pe-async] round=1967 R=1969 dirty=        2 runs=        1 filter=  0.025ms semisort=  0.004ms
[pe-async] round=1968 R=1970 dirty=        2 runs=        1 filter=  0.027ms semisort=  0.004ms
[pe-async] round=1969 R=1971 dirty=        2 runs=        1 filter=  0.027ms semisort=  0.004ms
[pe-async] round=1970 R=1972 dirty=        2 runs=        1 filter=  0.025ms semisort=  0.004ms
[pe-async] round=1971 R=1973 dirty=        2 runs=        1 filter=  0.027ms semisort=  0.004ms
[pe-async] round=1972 R=1974 dirty=        2 runs=        1 filter=  0.027ms semisort=  0.004ms
[pe-async] round=1973 R=1975 dirty=        2 runs=        1 filter=  0.027ms semisort=  0.004ms
[pe-async] round=1974 R=1976 dirty=        2 runs=        1 filter=  0.027ms semisort=  0.004ms
[pe-async] round=1975 R=1977 dirty=        2 runs=        1 filter=  0.027ms semisort=  0.004ms
[pe-async] round=1976 R=1978 dirty=        2 runs=        1 filter=  0.025ms semisort=  0.004ms
[pe-async] round=1977 R=1979 dirty=        2 runs=        1 filter=  0.025ms semisort=  0.004ms
[pe-async] round=1978 R=1980 dirty=        2 runs=        1 filter=  0.025ms semisort=  0.004ms
[pe-async] round=1979 R=1981 dirty=        2 runs=        1 filter=  0.025ms semisort=  0.004ms
[pe-async] round=1980 R=1982 dirty=        2 runs=        1 filter=  0.026ms semisort=  0.004ms
[pe-async] round=1981 R=1983 dirty=        2 runs=        1 filter=  0.026ms semisort=  0.004ms
[pe-async] round=1982 R=1984 dirty=        2 runs=        1 filter=  0.026ms semisort=  0.004ms
[pe-async] round=1983 R=1985 dirty=        2 runs=        1 filter=  0.030ms semisort=  0.004ms
[pe-async] round=1984 R=1986 dirty=        2 runs=        1 filter=  0.024ms semisort=  0.004ms
[pe-async] round=1985 R=1987 dirty=        2 runs=        1 filter=  0.025ms semisort=  0.004ms
[pe-async] round=1986 R=1988 dirty=        2 runs=        1 filter=  0.026ms semisort=  0.004ms
[pe-async] round=1987 R=1989 dirty=        2 runs=        1 filter=  0.026ms semisort=  0.004ms
[pe-async] round=1988 R=1990 dirty=        2 runs=        1 filter=  0.025ms semisort=  0.004ms
[pe-async] round=1989 R=1991 dirty=        2 runs=        1 filter=  0.026ms semisort=  0.004ms
[pe-async] round=1990 R=1992 dirty=        2 runs=        1 filter=  0.026ms semisort=  0.004ms
[pe-async] round=1991 R=1993 dirty=        2 runs=        1 filter=  0.026ms semisort=  0.004ms
[pe-async] round=1992 R=1994 dirty=        2 runs=        1 filter=  0.025ms semisort=  0.004ms
[pe-async] round=1993 R=1995 dirty=        2 runs=        1 filter=  0.027ms semisort=  0.004ms
[pe-async] round=1994 R=1996 dirty=        2 runs=        1 filter=  0.025ms semisort=  0.004ms
[pe-async] round=1995 R=1997 dirty=        2 runs=        1 filter=  0.026ms semisort=  0.004ms
[pe-async] round=1996 R=1998 dirty=        2 runs=        1 filter=  0.026ms semisort=  0.004ms
[pe-async] round=1997 R=1999 dirty=        2 runs=        1 filter=  0.025ms semisort=  0.004ms
[pe-async] round=1998 R=2000 dirty=        2 runs=        1 filter=  0.024ms semisort=  0.004ms
[pe-async] round=1999 R=2001 dirty=        2 runs=        1 filter=  0.026ms semisort=  0.004ms
[pe-async] round=2000 R=2002 dirty=        2 runs=        1 filter=  0.024ms semisort=  0.004ms
[pe-async] round=2001 R=2003 dirty=        2 runs=        1 filter=  0.025ms semisort=  0.004ms
[pe-async] round=2002 R=2004 dirty=        2 runs=        1 filter=  0.026ms semisort=  0.004ms
[pe-async] round=2003 R=2005 dirty=        2 runs=        1 filter=  0.025ms semisort=  0.004ms
[pe-async] round=2004 R=2006 dirty=        2 runs=        1 filter=  0.027ms semisort=  0.004ms
[pe-async] round=2005 R=2007 dirty=        2 runs=        1 filter=  0.027ms semisort=  0.004ms
[pe-async] round=2006 R=2008 dirty=        2 runs=        1 filter=  0.026ms semisort=  0.004ms
[pe-async] round=2007 R=2009 dirty=        2 runs=        1 filter=  0.026ms semisort=  0.004ms
[pe-async] round=2008 R=2010 dirty=        2 runs=        1 filter=  0.024ms semisort=  0.004ms
[pe-async] round=2009 R=2011 dirty=        2 runs=        1 filter=  0.025ms semisort=  0.004ms
[pe-async] round=2010 R=2012 dirty=        2 runs=        1 filter=  0.027ms semisort=  0.004ms
[pe-async] round=2011 R=2013 dirty=        2 runs=        1 filter=  0.028ms semisort=  0.004ms
[pe-async] round=2012 R=2014 dirty=        2 runs=        1 filter=  0.027ms semisort=  0.004ms
[pe-async] round=2013 R=2015 dirty=        2 runs=        1 filter=  0.026ms semisort=  0.004ms
[pe-async] round=2014 R=2016 dirty=        2 runs=        1 filter=  0.030ms semisort=  0.004ms
[pe-async] round=2015 R=2017 dirty=        2 runs=        1 filter=  0.024ms semisort=  0.004ms
[pe-async] round=2016 R=2018 dirty=        2 runs=        1 filter=  0.026ms semisort=  0.004ms
[pe-async] round=2017 R=2019 dirty=        2 runs=        1 filter=  0.027ms semisort=  0.004ms
[pe-async] round=2018 R=2020 dirty=        2 runs=        1 filter=  0.027ms semisort=  0.004ms
[pe-async] round=2019 R=2021 dirty=        2 runs=        1 filter=  0.025ms semisort=  0.004ms
[pe-async] round=2020 R=2022 dirty=        2 runs=        1 filter=  0.025ms semisort=  0.004ms
[pe-async] round=2021 R=2023 dirty=        2 runs=        1 filter=  0.029ms semisort=  0.004ms
[pe-async] round=2022 R=2024 dirty=        2 runs=        1 filter=  0.027ms semisort=  0.004ms
[pe-async] round=2023 R=2025 dirty=        2 runs=        1 filter=  0.027ms semisort=  0.004ms
[pe-async] round=2024 R=2026 dirty=        2 runs=        1 filter=  0.026ms semisort=  0.004ms
[pe-async] round=2025 R=2027 dirty=        2 runs=        1 filter=  0.028ms semisort=  0.004ms
[pe-async] round=2026 R=2028 dirty=        2 runs=        1 filter=  0.025ms semisort=  0.004ms
[pe-async] round=2027 R=2029 dirty=        2 runs=        1 filter=  0.026ms semisort=  0.004ms
[pe-async] round=2028 R=2030 dirty=        2 runs=        1 filter=  0.025ms semisort=  0.004ms
[pe-async] round=2029 R=2031 dirty=        2 runs=        1 filter=  0.027ms semisort=  0.004ms
[pe-async] round=2030 R=2032 dirty=        2 runs=        1 filter=  0.024ms semisort=  0.004ms
[pe-async] round=2031 R=2033 dirty=        2 runs=        1 filter=  0.025ms semisort=  0.004ms
[pe-async] round=2032 R=2034 dirty=        2 runs=        1 filter=  0.025ms semisort=  0.004ms
[pe-async] round=2033 R=2035 dirty=        2 runs=        1 filter=  0.025ms semisort=  0.004ms
[pe-async] round=2034 R=2036 dirty=        2 runs=        1 filter=  0.025ms semisort=  0.004ms
[pe-async] round=2035 R=2037 dirty=        2 runs=        1 filter=  0.025ms semisort=  0.004ms
[pe-async] round=2036 R=2038 dirty=        2 runs=        1 filter=  0.025ms semisort=  0.004ms
[pe-async] round=2037 R=2039 dirty=        2 runs=        1 filter=  0.024ms semisort=  0.004ms
[pe-async] round=2038 R=2040 dirty=        2 runs=        1 filter=  0.026ms semisort=  0.004ms
[pe-async] round=2039 R=2041 dirty=        2 runs=        1 filter=  0.025ms semisort=  0.004ms
[pe-async] round=2040 R=2042 dirty=        2 runs=        1 filter=  0.026ms semisort=  0.004ms
[pe-async] round=2041 R=2043 dirty=        2 runs=        1 filter=  0.026ms semisort=  0.004ms
[pe-async] round=2042 R=2044 dirty=        2 runs=        1 filter=  0.027ms semisort=  0.004ms
[pe-async] round=2043 R=2045 dirty=        2 runs=        1 filter=  0.025ms semisort=  0.004ms
[pe-async] round=2044 R=2046 dirty=        2 runs=        1 filter=  0.024ms semisort=  0.004ms
[pe-async] round=2045 R=2047 dirty=        2 runs=        1 filter=  0.031ms semisort=  0.004ms
[pe-async] round=2046 R=2048 dirty=        2 runs=        1 filter=  0.027ms semisort=  0.004ms
[pe-async] round=2047 R=2049 dirty=        2 runs=        1 filter=  0.026ms semisort=  0.004ms
[pe-async] round=2048 R=2050 dirty=        2 runs=        1 filter=  0.023ms semisort=  0.004ms
[pe-async] round=2049 R=2051 dirty=        2 runs=        1 filter=  0.026ms semisort=  0.004ms
[pe-async] round=2050 R=2052 dirty=        2 runs=        1 filter=  0.025ms semisort=  0.004ms
[pe-async] round=2051 R=2053 dirty=        2 runs=        1 filter=  0.024ms semisort=  0.004ms
[pe-async] round=2052 R=2054 dirty=        2 runs=        1 filter=  0.026ms semisort=  0.004ms
[pe-async] round=2053 R=2055 dirty=        2 runs=        1 filter=  0.029ms semisort=  0.004ms
[pe-async] round=2054 R=2056 dirty=        2 runs=        1 filter=  0.028ms semisort=  0.004ms
[pe-async] round=2055 R=2057 dirty=        2 runs=        1 filter=  0.026ms semisort=  0.004ms
[pe-async] round=2056 R=2058 dirty=        2 runs=        1 filter=  0.026ms semisort=  0.004ms
[pe-async] round=2057 R=2059 dirty=        2 runs=        1 filter=  0.025ms semisort=  0.004ms
[pe-async] round=2058 R=2060 dirty=        2 runs=        1 filter=  0.025ms semisort=  0.004ms
[pe-async] round=2059 R=2061 dirty=        2 runs=        1 filter=  0.026ms semisort=  0.004ms
[pe-async] round=2060 R=2062 dirty=        2 runs=        1 filter=  0.025ms semisort=  0.004ms
[pe-async] round=2061 R=2063 dirty=        2 runs=        1 filter=  0.027ms semisort=  0.004ms
[pe-async] round=2062 R=2064 dirty=        2 runs=        1 filter=  0.027ms semisort=  0.004ms
[pe-async] round=2063 R=2065 dirty=        2 runs=        1 filter=  0.027ms semisort=  0.004ms
[pe-async] round=2064 R=2066 dirty=        2 runs=        1 filter=  0.026ms semisort=  0.004ms
[pe-async] round=2065 R=2067 dirty=        2 runs=        1 filter=  0.025ms semisort=  0.004ms
[pe-async] round=2066 R=2068 dirty=        2 runs=        1 filter=  0.028ms semisort=  0.004ms
[pe-async] round=2067 R=2069 dirty=        2 runs=        1 filter=  0.028ms semisort=  0.004ms
[pe-async] round=2068 R=2070 dirty=        2 runs=        1 filter=  0.026ms semisort=  0.004ms
[pe-async] round=2069 R=2071 dirty=        2 runs=        1 filter=  0.025ms semisort=  0.004ms
[pe-async] round=2070 R=2072 dirty=        2 runs=        1 filter=  0.027ms semisort=  0.004ms
[pe-async] round=2071 R=2073 dirty=        2 runs=        1 filter=  0.022ms semisort=  0.004ms
[pe-async] round=2072 R=2074 dirty=        2 runs=        1 filter=  0.026ms semisort=  0.005ms
[pe-async] round=2073 R=2075 dirty=        2 runs=        1 filter=  0.027ms semisort=  0.004ms
[pe-async] round=2074 R=2076 dirty=        2 runs=        1 filter=  0.028ms semisort=  0.004ms
[pe-async] round=2075 R=2077 dirty=        2 runs=        1 filter=  0.027ms semisort=  0.004ms
[pe-async] round=2076 R=2078 dirty=        2 runs=        1 filter=  0.025ms semisort=  0.004ms
[pe-async] round=2077 R=2079 dirty=        2 runs=        1 filter=  0.026ms semisort=  0.004ms
[pe-async] round=2078 R=2080 dirty=        2 runs=        1 filter=  0.024ms semisort=  0.004ms
[pe-async] round=2079 R=2081 dirty=        2 runs=        1 filter=  0.029ms semisort=  0.004ms
[pe-async] round=2080 R=2082 dirty=        2 runs=        1 filter=  0.028ms semisort=  0.004ms
[pe-async] round=2081 R=2083 dirty=        2 runs=        1 filter=  0.026ms semisort=  0.004ms
[pe-async] round=2082 R=2084 dirty=        2 runs=        1 filter=  0.026ms semisort=  0.004ms
[pe-async] round=2083 R=2085 dirty=        2 runs=        1 filter=  0.026ms semisort=  0.004ms
[pe-async] round=2084 R=2086 dirty=        2 runs=        1 filter=  0.026ms semisort=  0.004ms
[pe-async] round=2085 R=2087 dirty=        2 runs=        1 filter=  0.027ms semisort=  0.004ms
[pe-async] round=2086 R=2088 dirty=        2 runs=        1 filter=  0.028ms semisort=  0.004ms
[pe-async] round=2087 R=2089 dirty=        2 runs=        1 filter=  0.027ms semisort=  0.004ms
[pe-async] round=2088 R=2090 dirty=        2 runs=        1 filter=  0.025ms semisort=  0.004ms
[pe-async] round=2089 R=2091 dirty=        2 runs=        1 filter=  0.027ms semisort=  0.004ms
[pe-async] round=2090 R=2092 dirty=        2 runs=        1 filter=  0.027ms semisort=  0.004ms
[pe-async] round=2091 R=2093 dirty=        2 runs=        1 filter=  0.026ms semisort=  0.004ms
[pe-async] round=2092 R=2094 dirty=        2 runs=        1 filter=  0.026ms semisort=  0.004ms
[pe-async] round=2093 R=2095 dirty=        2 runs=        1 filter=  0.026ms semisort=  0.004ms
[pe-async] round=2094 R=2096 dirty=        2 runs=        1 filter=  0.026ms semisort=  0.004ms
[pe-async] round=2095 R=2097 dirty=        2 runs=        1 filter=  0.025ms semisort=  0.004ms
[pe-async] round=2096 R=2098 dirty=        2 runs=        1 filter=  0.024ms semisort=  0.004ms
[pe-async] round=2097 R=2099 dirty=        2 runs=        1 filter=  0.024ms semisort=  0.004ms
[pe-async] round=2098 R=2100 dirty=        2 runs=        1 filter=  0.025ms semisort=  0.004ms
[pe-async] round=2099 R=2101 dirty=        2 runs=        1 filter=  0.023ms semisort=  0.004ms
[pe-async] round=2100 R=2102 dirty=        2 runs=        1 filter=  0.024ms semisort=  0.004ms
[pe-async] round=2101 R=2103 dirty=        2 runs=        1 filter=  0.027ms semisort=  0.004ms
[pe-async] round=2102 R=2104 dirty=        2 runs=        1 filter=  0.026ms semisort=  0.004ms
[pe-async] round=2103 R=2105 dirty=        2 runs=        1 filter=  0.028ms semisort=  0.004ms
[pe-async] round=2104 R=2106 dirty=        2 runs=        1 filter=  0.024ms semisort=  0.004ms
[pe-async] round=2105 R=2107 dirty=        2 runs=        1 filter=  0.024ms semisort=  0.004ms
[pe-async] round=2106 R=2108 dirty=        2 runs=        1 filter=  0.028ms semisort=  0.004ms
[pe-async] round=2107 R=2109 dirty=        2 runs=        1 filter=  0.024ms semisort=  0.004ms
[pe-async] round=2108 R=2110 dirty=        2 runs=        1 filter=  0.024ms semisort=  0.004ms
[pe-async] round=2109 R=2111 dirty=        2 runs=        1 filter=  0.026ms semisort=  0.004ms
[pe-async] round=2110 R=2112 dirty=        2 runs=        1 filter=  0.026ms semisort=  0.004ms
[pe-async] round=2111 R=2113 dirty=        2 runs=        1 filter=  0.025ms semisort=  0.004ms
[pe-async] round=2112 R=2114 dirty=        2 runs=        1 filter=  0.027ms semisort=  0.004ms
[pe-async] round=2113 R=2115 dirty=        2 runs=        1 filter=  0.027ms semisort=  0.004ms
[pe-async] round=2114 R=2116 dirty=        2 runs=        1 filter=  0.027ms semisort=  0.004ms
[pe-async] round=2115 R=2117 dirty=        2 runs=        1 filter=  0.025ms semisort=  0.004ms
[pe-async] round=2116 R=2118 dirty=        2 runs=        1 filter=  0.024ms semisort=  0.004ms
[pe-async] round=2117 R=2119 dirty=        2 runs=        1 filter=  0.026ms semisort=  0.004ms
[pe-async] round=2118 R=2120 dirty=        2 runs=        1 filter=  0.026ms semisort=  0.004ms
[pe-async] round=2119 R=2121 dirty=        2 runs=        1 filter=  0.026ms semisort=  0.004ms
[pe-async] round=2120 R=2122 dirty=        2 runs=        1 filter=  0.026ms semisort=  0.004ms
[pe-async] round=2121 R=2123 dirty=        2 runs=        1 filter=  0.026ms semisort=  0.004ms
[pe-async] round=2122 R=2124 dirty=        2 runs=        1 filter=  0.026ms semisort=  0.004ms
[pe-async] round=2123 R=2125 dirty=        2 runs=        1 filter=  0.026ms semisort=  0.004ms
[pe-async] round=2124 R=2126 dirty=        2 runs=        1 filter=  0.024ms semisort=  0.004ms
[pe-async] round=2125 R=2127 dirty=        2 runs=        1 filter=  0.024ms semisort=  0.004ms
[pe-async] round=2126 R=2128 dirty=        2 runs=        1 filter=  0.028ms semisort=  0.004ms
[pe-async] round=2127 R=2129 dirty=        2 runs=        1 filter=  0.025ms semisort=  0.004ms
[pe-async] round=2128 R=2130 dirty=        2 runs=        1 filter=  0.028ms semisort=  0.004ms
[pe-async] round=2129 R=2131 dirty=        2 runs=        1 filter=  0.023ms semisort=  0.004ms
[pe-async] round=2130 R=2132 dirty=        2 runs=        1 filter=  0.025ms semisort=  0.004ms
[pe-async] round=2131 R=2133 dirty=        2 runs=        1 filter=  0.024ms semisort=  0.004ms
[pe-async] round=2132 R=2134 dirty=        2 runs=        1 filter=  0.028ms semisort=  0.004ms
[pe-async] round=2133 R=2135 dirty=        2 runs=        1 filter=  0.026ms semisort=  0.004ms
[pe-async] round=2134 R=2136 dirty=        2 runs=        1 filter=  0.026ms semisort=  0.004ms
[pe-async] round=2135 R=2137 dirty=        2 runs=        1 filter=  0.026ms semisort=  0.004ms
[pe-async] round=2136 R=2138 dirty=        2 runs=        1 filter=  0.026ms semisort=  0.004ms
[pe-async] round=2137 R=2139 dirty=        2 runs=        1 filter=  0.030ms semisort=  0.004ms
[pe-async] round=2138 R=2140 dirty=        2 runs=        1 filter=  0.025ms semisort=  0.004ms
[pe-async] round=2139 R=2141 dirty=        2 runs=        1 filter=  0.026ms semisort=  0.004ms
[pe-async] round=2140 R=2142 dirty=        2 runs=        1 filter=  0.026ms semisort=  0.004ms
[pe-async] round=2141 R=2143 dirty=        2 runs=        1 filter=  0.026ms semisort=  0.004ms
[pe-async] round=2142 R=2144 dirty=        2 runs=        1 filter=  0.023ms semisort=  0.004ms
[pe-async] round=2143 R=2145 dirty=        2 runs=        1 filter=  0.025ms semisort=  0.004ms
[pe-async] round=2144 R=2146 dirty=        2 runs=        1 filter=  0.025ms semisort=  0.004ms
[pe-async] round=2145 R=2147 dirty=        2 runs=        1 filter=  0.028ms semisort=  0.004ms
[pe-async] round=2146 R=2148 dirty=        2 runs=        1 filter=  0.025ms semisort=  0.005ms
[pe-async] round=2147 R=2149 dirty=        2 runs=        1 filter=  0.028ms semisort=  0.004ms
[pe-async] round=2148 R=2150 dirty=        2 runs=        1 filter=  0.027ms semisort=  0.004ms
[pe-async] round=2149 R=2151 dirty=        2 runs=        1 filter=  0.026ms semisort=  0.004ms
[pe-async] round=2150 R=2152 dirty=        2 runs=        1 filter=  0.026ms semisort=  0.004ms
[pe-async] round=2151 R=2153 dirty=        2 runs=        1 filter=  0.024ms semisort=  0.004ms
[pe-async] round=2152 R=2154 dirty=        2 runs=        1 filter=  0.025ms semisort=  0.004ms
[pe-async] round=2153 R=2155 dirty=        2 runs=        1 filter=  0.027ms semisort=  0.004ms
[pe-async] round=2154 R=2156 dirty=        2 runs=        1 filter=  0.025ms semisort=  0.004ms
[pe-async] round=2155 R=2157 dirty=        2 runs=        1 filter=  0.025ms semisort=  0.004ms
[pe-async] round=2156 R=2158 dirty=        2 runs=        1 filter=  0.024ms semisort=  0.004ms
[pe-async] round=2157 R=2159 dirty=        2 runs=        1 filter=  0.026ms semisort=  0.004ms
[pe-async] round=2158 R=2160 dirty=        2 runs=        1 filter=  0.024ms semisort=  0.004ms
[pe-async] round=2159 R=2161 dirty=        2 runs=        1 filter=  0.027ms semisort=  0.004ms
[pe-async] round=2160 R=2162 dirty=        2 runs=        1 filter=  0.028ms semisort=  0.004ms
[pe-async] round=2161 R=2163 dirty=        2 runs=        1 filter=  0.025ms semisort=  0.004ms
[pe-async] round=2162 R=2164 dirty=        2 runs=        1 filter=  0.026ms semisort=  0.004ms
[pe-async] round=2163 R=2165 dirty=        2 runs=        1 filter=  0.025ms semisort=  0.004ms
[pe-async] round=2164 R=2166 dirty=        2 runs=        1 filter=  0.026ms semisort=  0.004ms
[pe-async] round=2165 R=2167 dirty=        2 runs=        1 filter=  0.027ms semisort=  0.004ms
[pe-async] round=2166 R=2168 dirty=        2 runs=        1 filter=  0.024ms semisort=  0.004ms
[pe-async] round=2167 R=2169 dirty=        2 runs=        1 filter=  0.027ms semisort=  0.004ms
[pe-async] round=2168 R=2170 dirty=        2 runs=        1 filter=  0.030ms semisort=  0.004ms
[pe-async] round=2169 R=2171 dirty=        2 runs=        1 filter=  0.025ms semisort=  0.004ms
[pe-async] round=2170 R=2172 dirty=        2 runs=        1 filter=  0.024ms semisort=  0.004ms
[pe-async] round=2171 R=2173 dirty=        2 runs=        1 filter=  0.025ms semisort=  0.004ms
[pe-async] round=2172 R=2174 dirty=        2 runs=        1 filter=  0.024ms semisort=  0.004ms
[pe-async] round=2173 R=2175 dirty=        2 runs=        1 filter=  0.026ms semisort=  0.004ms
[pe-async] round=2174 R=2176 dirty=        2 runs=        1 filter=  0.025ms semisort=  0.004ms
[pe-async] round=2175 R=2177 dirty=        2 runs=        1 filter=  0.028ms semisort=  0.004ms
[pe-async] round=2176 R=2178 dirty=        2 runs=        1 filter=  0.027ms semisort=  0.004ms
[pe-async] round=2177 R=2179 dirty=        2 runs=        1 filter=  0.026ms semisort=  0.004ms
[pe-async] round=2178 R=2180 dirty=        2 runs=        1 filter=  0.027ms semisort=  0.004ms
[pe-async] round=2179 R=2181 dirty=        2 runs=        1 filter=  0.025ms semisort=  0.004ms
[pe-async] round=2180 R=2182 dirty=        2 runs=        1 filter=  0.025ms semisort=  0.004ms
[pe-async] round=2181 R=2183 dirty=        2 runs=        1 filter=  0.025ms semisort=  0.004ms
[pe-async] round=2182 R=2184 dirty=        2 runs=        1 filter=  0.026ms semisort=  0.004ms
[pe-async] round=2183 R=2185 dirty=        2 runs=        1 filter=  0.028ms semisort=  0.004ms
[pe-async] round=2184 R=2186 dirty=        2 runs=        1 filter=  0.028ms semisort=  0.004ms
[pe-async] round=2185 R=2187 dirty=        2 runs=        1 filter=  0.025ms semisort=  0.004ms
[pe-async] round=2186 R=2188 dirty=        2 runs=        1 filter=  0.026ms semisort=  0.004ms
[pe-async] round=2187 R=2189 dirty=        2 runs=        1 filter=  0.028ms semisort=  0.004ms
[pe-async] round=2188 R=2190 dirty=        2 runs=        1 filter=  0.027ms semisort=  0.004ms
[pe-async] round=2189 R=2191 dirty=        2 runs=        1 filter=  0.027ms semisort=  0.004ms
[pe-async] round=2190 R=2192 dirty=        2 runs=        1 filter=  0.025ms semisort=  0.004ms
[pe-async] round=2191 R=2193 dirty=        2 runs=        1 filter=  0.026ms semisort=  0.004ms
[pe-async] round=2192 R=2194 dirty=        2 runs=        1 filter=  0.025ms semisort=  0.004ms
[pe-async] round=2193 R=2195 dirty=        2 runs=        1 filter=  0.027ms semisort=  0.004ms
[pe-async] round=2194 R=2196 dirty=        2 runs=        1 filter=  0.025ms semisort=  0.004ms
[pe-async] round=2195 R=2197 dirty=        2 runs=        1 filter=  0.027ms semisort=  0.004ms
[pe-async] round=2196 R=2198 dirty=        2 runs=        1 filter=  0.025ms semisort=  0.004ms
[pe-async] round=2197 R=2199 dirty=        2 runs=        1 filter=  0.028ms semisort=  0.004ms
[pe-async] round=2198 R=2200 dirty=        2 runs=        1 filter=  0.027ms semisort=  0.004ms
[pe-async] round=2199 R=2201 dirty=        2 runs=        1 filter=  0.027ms semisort=  0.004ms
[pe-async] round=2200 R=2202 dirty=        2 runs=        1 filter=  0.025ms semisort=  0.004ms
[pe-async] round=2201 R=2203 dirty=        2 runs=        1 filter=  0.026ms semisort=  0.004ms
[pe-async] round=2202 R=2204 dirty=        2 runs=        1 filter=  0.026ms semisort=  0.004ms
[pe-async] round=2203 R=2205 dirty=        2 runs=        1 filter=  0.027ms semisort=  0.004ms
[pe-async] round=2204 R=2206 dirty=        2 runs=        1 filter=  0.025ms semisort=  0.004ms
[pe-async] round=2205 R=2207 dirty=        2 runs=        1 filter=  0.027ms semisort=  0.004ms
[pe-async] round=2206 R=2208 dirty=        2 runs=        1 filter=  0.028ms semisort=  0.004ms
[pe-async] round=2207 R=2209 dirty=        2 runs=        1 filter=  0.026ms semisort=  0.004ms
[pe-async] round=2208 R=2210 dirty=        2 runs=        1 filter=  0.026ms semisort=  0.004ms
[pe-async] round=2209 R=2211 dirty=        2 runs=        1 filter=  0.028ms semisort=  0.004ms
[pe-async] round=2210 R=2212 dirty=        2 runs=        1 filter=  0.027ms semisort=  0.004ms
[pe-async] round=2211 R=2213 dirty=        2 runs=        1 filter=  0.026ms semisort=  0.004ms
[pe-async] round=2212 R=2214 dirty=        2 runs=        1 filter=  0.025ms semisort=  0.004ms
[pe-async] round=2213 R=2215 dirty=        2 runs=        1 filter=  0.028ms semisort=  0.004ms
[pe-async] round=2214 R=2216 dirty=        2 runs=        1 filter=  0.029ms semisort=  0.004ms
[pe-async] round=2215 R=2217 dirty=        2 runs=        1 filter=  0.028ms semisort=  0.004ms
[pe-async] round=2216 R=2218 dirty=        2 runs=        1 filter=  0.024ms semisort=  0.004ms
[pe-async] round=2217 R=2219 dirty=        2 runs=        1 filter=  0.026ms semisort=  0.004ms
[pe-async] round=2218 R=2220 dirty=        2 runs=        1 filter=  0.026ms semisort=  0.004ms
[pe-async] round=2219 R=2221 dirty=        2 runs=        1 filter=  0.024ms semisort=  0.004ms
[pe-async] round=2220 R=2222 dirty=        2 runs=        1 filter=  0.024ms semisort=  0.004ms
[pe-async] round=2221 R=2223 dirty=        2 runs=        1 filter=  0.024ms semisort=  0.004ms
[pe-async] round=2222 R=2224 dirty=        2 runs=        1 filter=  0.027ms semisort=  0.004ms
[pe-async] round=2223 R=2225 dirty=        2 runs=        1 filter=  0.025ms semisort=  0.004ms
[pe-async] round=2224 R=2226 dirty=        2 runs=        1 filter=  0.026ms semisort=  0.004ms
[pe-async] round=2225 R=2227 dirty=        2 runs=        1 filter=  0.026ms semisort=  0.004ms
[pe-async] round=2226 R=2228 dirty=        2 runs=        1 filter=  0.025ms semisort=  0.004ms
[pe-async] round=2227 R=2229 dirty=        2 runs=        1 filter=  0.025ms semisort=  0.004ms
[pe-async] round=2228 R=2230 dirty=        2 runs=        1 filter=  0.025ms semisort=  0.004ms
[pe-async] round=2229 R=2231 dirty=        2 runs=        1 filter=  0.029ms semisort=  0.004ms
[pe-async] round=2230 R=2232 dirty=        2 runs=        1 filter=  0.026ms semisort=  0.004ms
[pe-async] round=2231 R=2233 dirty=        2 runs=        1 filter=  0.026ms semisort=  0.004ms
[pe-async] round=2232 R=2234 dirty=        2 runs=        1 filter=  0.026ms semisort=  0.004ms
[pe-async] round=2233 R=2235 dirty=        2 runs=        1 filter=  0.027ms semisort=  0.004ms
[pe-async] round=2234 R=2236 dirty=        2 runs=        1 filter=  0.025ms semisort=  0.004ms
[pe-async] round=2235 R=2237 dirty=        2 runs=        1 filter=  0.025ms semisort=  0.004ms
[pe-async] round=2236 R=2238 dirty=        2 runs=        1 filter=  0.028ms semisort=  0.004ms
[pe-async] round=2237 R=2239 dirty=        2 runs=        1 filter=  0.026ms semisort=  0.004ms
[pe-async] round=2238 R=2240 dirty=        2 runs=        1 filter=  0.024ms semisort=  0.004ms
[pe-async] round=2239 R=2241 dirty=        2 runs=        1 filter=  0.026ms semisort=  0.004ms
[pe-async] round=2240 R=2242 dirty=        2 runs=        1 filter=  0.025ms semisort=  0.004ms
[pe-async] round=2241 R=2243 dirty=        2 runs=        1 filter=  0.025ms semisort=  0.004ms
[pe-async] round=2242 R=2244 dirty=        2 runs=        1 filter=  0.026ms semisort=  0.004ms
[pe-async] round=2243 R=2245 dirty=        2 runs=        1 filter=  0.026ms semisort=  0.004ms
[pe-async] round=2244 R=2246 dirty=        2 runs=        1 filter=  0.028ms semisort=  0.004ms
[pe-async] round=2245 R=2247 dirty=        2 runs=        1 filter=  0.025ms semisort=  0.004ms
[pe-async] round=2246 R=2248 dirty=        2 runs=        1 filter=  0.025ms semisort=  0.004ms
[pe-async] round=2247 R=2249 dirty=        2 runs=        1 filter=  0.026ms semisort=  0.004ms
[pe-async] round=2248 R=2250 dirty=        2 runs=        1 filter=  0.027ms semisort=  0.004ms
[pe-async] round=2249 R=2251 dirty=        2 runs=        1 filter=  0.027ms semisort=  0.004ms
[pe-async] round=2250 R=2252 dirty=        2 runs=        1 filter=  0.026ms semisort=  0.004ms
[pe-async] round=2251 R=2253 dirty=        2 runs=        1 filter=  0.025ms semisort=  0.004ms
[pe-async] round=2252 R=2254 dirty=        2 runs=        1 filter=  0.025ms semisort=  0.004ms
[pe-async] round=2253 R=2255 dirty=        2 runs=        1 filter=  0.024ms semisort=  0.004ms
[pe-async] round=2254 R=2256 dirty=        2 runs=        1 filter=  0.027ms semisort=  0.004ms
[pe-async] round=2255 R=2257 dirty=        2 runs=        1 filter=  0.027ms semisort=  0.004ms
[pe-async] round=2256 R=2258 dirty=        2 runs=        1 filter=  0.027ms semisort=  0.004ms
[pe-async] round=2257 R=2259 dirty=        2 runs=        1 filter=  0.024ms semisort=  0.004ms
[pe-async] round=2258 R=2260 dirty=        2 runs=        1 filter=  0.026ms semisort=  0.004ms
[pe-async] round=2259 R=2261 dirty=        2 runs=        1 filter=  0.026ms semisort=  0.004ms
[pe-async] round=2260 R=2262 dirty=        2 runs=        1 filter=  0.030ms semisort=  0.004ms
[pe-async] round=2261 R=2263 dirty=        2 runs=        1 filter=  0.025ms semisort=  0.004ms
[pe-async] round=2262 R=2264 dirty=        2 runs=        1 filter=  0.026ms semisort=  0.004ms
[pe-async] round=2263 R=2265 dirty=        2 runs=        1 filter=  0.026ms semisort=  0.004ms
[pe-async] round=2264 R=2266 dirty=        2 runs=        1 filter=  0.025ms semisort=  0.004ms
[pe-async] round=2265 R=2267 dirty=        2 runs=        1 filter=  0.027ms semisort=  0.004ms
[pe-async] round=2266 R=2268 dirty=        2 runs=        1 filter=  0.029ms semisort=  0.004ms
[pe-async] round=2267 R=2269 dirty=        2 runs=        1 filter=  0.028ms semisort=  0.004ms
[pe-async] round=2268 R=2270 dirty=        2 runs=        1 filter=  0.025ms semisort=  0.004ms
[pe-async] round=2269 R=2271 dirty=        2 runs=        1 filter=  0.025ms semisort=  0.004ms
[pe-async] round=2270 R=2272 dirty=        2 runs=        1 filter=  0.025ms semisort=  0.004ms
[pe-async] round=2271 R=2273 dirty=        2 runs=        1 filter=  0.028ms semisort=  0.004ms
[pe-async] round=2272 R=2274 dirty=        2 runs=        1 filter=  0.026ms semisort=  0.004ms
[pe-async] round=2273 R=2275 dirty=        2 runs=        1 filter=  0.023ms semisort=  0.004ms
[pe-async] round=2274 R=2276 dirty=        2 runs=        1 filter=  0.023ms semisort=  0.004ms
[pe-async] round=2275 R=2277 dirty=        2 runs=        1 filter=  0.025ms semisort=  0.004ms
[pe-async] round=2276 R=2278 dirty=        2 runs=        1 filter=  0.026ms semisort=  0.004ms
[pe-async] round=2277 R=2279 dirty=        2 runs=        1 filter=  0.027ms semisort=  0.004ms
[pe-async] round=2278 R=2280 dirty=        2 runs=        1 filter=  0.027ms semisort=  0.004ms
[pe-async] round=2279 R=2281 dirty=        2 runs=        1 filter=  0.027ms semisort=  0.004ms
[pe-async] round=2280 R=2282 dirty=        2 runs=        1 filter=  0.026ms semisort=  0.004ms
[pe-async] round=2281 R=2283 dirty=        2 runs=        1 filter=  0.023ms semisort=  0.004ms
[pe-async] round=2282 R=2284 dirty=        2 runs=        1 filter=  0.025ms semisort=  0.004ms
[pe-async] round=2283 R=2285 dirty=        2 runs=        1 filter=  0.025ms semisort=  0.004ms
[pe-async] round=2284 R=2286 dirty=        2 runs=        1 filter=  0.026ms semisort=  0.004ms
[pe-async] round=2285 R=2287 dirty=        2 runs=        1 filter=  0.026ms semisort=  0.004ms
[pe-async] round=2286 R=2288 dirty=        2 runs=        1 filter=  0.025ms semisort=  0.004ms
[pe-async] round=2287 R=2289 dirty=        2 runs=        1 filter=  0.025ms semisort=  0.004ms
[pe-async] round=2288 R=2290 dirty=        2 runs=        1 filter=  0.028ms semisort=  0.004ms
[pe-async] round=2289 R=2291 dirty=        2 runs=        1 filter=  0.026ms semisort=  0.004ms
[pe-async] round=2290 R=2292 dirty=        2 runs=        1 filter=  0.027ms semisort=  0.004ms
[pe-async] round=2291 R=2293 dirty=        2 runs=        1 filter=  0.030ms semisort=  0.004ms
[pe-async] round=2292 R=2294 dirty=        2 runs=        1 filter=  0.028ms semisort=  0.004ms
[pe-async] round=2293 R=2295 dirty=        2 runs=        1 filter=  0.025ms semisort=  0.004ms
[pe-async] round=2294 R=2296 dirty=        2 runs=        1 filter=  0.025ms semisort=  0.004ms
[pe-async] round=2295 R=2297 dirty=        2 runs=        1 filter=  0.025ms semisort=  0.004ms
[pe-async] round=2296 R=2298 dirty=        2 runs=        1 filter=  0.027ms semisort=  0.004ms
[pe-async] round=2297 R=2299 dirty=        2 runs=        1 filter=  0.026ms semisort=  0.004ms
[pe-async] round=2298 R=2300 dirty=        2 runs=        1 filter=  0.025ms semisort=  0.004ms
[pe-async] round=2299 R=2301 dirty=        2 runs=        1 filter=  0.025ms semisort=  0.004ms
[pe-async] round=2300 R=2302 dirty=        2 runs=        1 filter=  0.025ms semisort=  0.004ms
[pe-async] round=2301 R=2303 dirty=        2 runs=        1 filter=  0.025ms semisort=  0.004ms
[pe-async] round=2302 R=2304 dirty=        2 runs=        1 filter=  0.026ms semisort=  0.004ms
[pe-async] round=2303 R=2305 dirty=        2 runs=        1 filter=  0.026ms semisort=  0.004ms
[pe-async] round=2304 R=2306 dirty=        2 runs=        1 filter=  0.025ms semisort=  0.004ms
[pe-async] round=2305 R=2307 dirty=        2 runs=        1 filter=  0.027ms semisort=  0.004ms
[pe-async] round=2306 R=2308 dirty=        2 runs=        1 filter=  0.024ms semisort=  0.004ms
[pe-async] round=2307 R=2309 dirty=        2 runs=        1 filter=  0.029ms semisort=  0.004ms
[pe-async] round=2308 R=2310 dirty=        2 runs=        1 filter=  0.027ms semisort=  0.004ms
[pe-async] round=2309 R=2311 dirty=        2 runs=        1 filter=  0.026ms semisort=  0.004ms
[pe-async] round=2310 R=2312 dirty=        2 runs=        1 filter=  0.026ms semisort=  0.004ms
[pe-async] round=2311 R=2313 dirty=        2 runs=        1 filter=  0.027ms semisort=  0.004ms
[pe-async] round=2312 R=2314 dirty=        2 runs=        1 filter=  0.027ms semisort=  0.004ms
[pe-async] round=2313 R=2315 dirty=        2 runs=        1 filter=  0.025ms semisort=  0.004ms
[pe-async] round=2314 R=2316 dirty=        2 runs=        1 filter=  0.026ms semisort=  0.004ms
[pe-async] round=2315 R=2317 dirty=        2 runs=        1 filter=  0.026ms semisort=  0.004ms
[pe-async] round=2316 R=2318 dirty=        2 runs=        1 filter=  0.025ms semisort=  0.004ms
[pe-async] round=2317 R=2319 dirty=        2 runs=        1 filter=  0.028ms semisort=  0.004ms
[pe-async] round=2318 R=2320 dirty=        2 runs=        1 filter=  0.026ms semisort=  0.004ms
[pe-async] round=2319 R=2321 dirty=        2 runs=        1 filter=  0.025ms semisort=  0.004ms
[pe-async] round=2320 R=2322 dirty=        2 runs=        1 filter=  0.026ms semisort=  0.004ms
[pe-async] round=2321 R=2323 dirty=        2 runs=        1 filter=  0.026ms semisort=  0.009ms
[pe-async] round=2322 R=2324 dirty=        2 runs=        1 filter=  0.027ms semisort=  0.004ms
[pe-async] round=2323 R=2325 dirty=        2 runs=        1 filter=  0.025ms semisort=  0.004ms
[pe-async] round=2324 R=2326 dirty=        2 runs=        1 filter=  0.027ms semisort=  0.004ms
[pe-async] round=2325 R=2327 dirty=        2 runs=        1 filter=  0.026ms semisort=  0.004ms
[pe-async] round=2326 R=2328 dirty=        2 runs=        1 filter=  0.026ms semisort=  0.004ms
[pe-async] round=2327 R=2329 dirty=        2 runs=        1 filter=  0.027ms semisort=  0.004ms
[pe-async] round=2328 R=2330 dirty=        2 runs=        1 filter=  0.027ms semisort=  0.004ms
[pe-async] round=2329 R=2331 dirty=        2 runs=        1 filter=  0.025ms semisort=  0.004ms
[pe-async] round=2330 R=2332 dirty=        2 runs=        1 filter=  0.025ms semisort=  0.004ms
[pe-async] round=2331 R=2333 dirty=        2 runs=        1 filter=  0.025ms semisort=  0.004ms
[pe-async] round=2332 R=2334 dirty=        2 runs=        1 filter=  0.024ms semisort=  0.004ms
[pe-async] round=2333 R=2335 dirty=        2 runs=        1 filter=  0.024ms semisort=  0.004ms
[pe-async] round=2334 R=2336 dirty=        2 runs=        1 filter=  0.026ms semisort=  0.004ms
[pe-async] round=2335 R=2337 dirty=        2 runs=        1 filter=  0.026ms semisort=  0.004ms
[pe-async] round=2336 R=2338 dirty=        2 runs=        1 filter=  0.027ms semisort=  0.004ms
[pe-async] round=2337 R=2339 dirty=        2 runs=        1 filter=  0.028ms semisort=  0.005ms
[pe-async] round=2338 R=2340 dirty=        2 runs=        1 filter=  0.028ms semisort=  0.004ms
[pe-async] round=2339 R=2341 dirty=        2 runs=        1 filter=  0.030ms semisort=  0.004ms
[pe-async] round=2340 R=2342 dirty=        2 runs=        1 filter=  0.024ms semisort=  0.004ms
[pe-async] round=2341 R=2343 dirty=        2 runs=        1 filter=  0.027ms semisort=  0.004ms
[pe-async] round=2342 R=2344 dirty=        2 runs=        1 filter=  0.026ms semisort=  0.004ms
[pe-async] round=2343 R=2345 dirty=        2 runs=        1 filter=  0.026ms semisort=  0.004ms
[pe-async] round=2344 R=2346 dirty=        2 runs=        1 filter=  0.025ms semisort=  0.004ms
[pe-async] round=2345 R=2347 dirty=        2 runs=        1 filter=  0.027ms semisort=  0.004ms
[pe-async] round=2346 R=2348 dirty=        2 runs=        1 filter=  0.025ms semisort=  0.004ms
[pe-async] round=2347 R=2349 dirty=        2 runs=        1 filter=  0.024ms semisort=  0.004ms
[pe-async] round=2348 R=2350 dirty=        2 runs=        1 filter=  0.028ms semisort=  0.004ms
[pe-async] round=2349 R=2351 dirty=        2 runs=        1 filter=  0.027ms semisort=  0.004ms
[pe-async] round=2350 R=2352 dirty=        2 runs=        1 filter=  0.025ms semisort=  0.004ms
[pe-async] round=2351 R=2353 dirty=        2 runs=        1 filter=  0.027ms semisort=  0.004ms
[pe-async] round=2352 R=2354 dirty=        2 runs=        1 filter=  0.029ms semisort=  0.004ms
[pe-async] round=2353 R=2355 dirty=        2 runs=        1 filter=  0.027ms semisort=  0.004ms
[pe-async] round=2354 R=2356 dirty=        2 runs=        1 filter=  0.025ms semisort=  0.004ms
[pe-async] round=2355 R=2357 dirty=        2 runs=        1 filter=  0.024ms semisort=  0.004ms
[pe-async] round=2356 R=2358 dirty=        2 runs=        1 filter=  0.027ms semisort=  0.004ms
[pe-async] round=2357 R=2359 dirty=        2 runs=        1 filter=  0.027ms semisort=  0.004ms
[pe-async] round=2358 R=2360 dirty=        2 runs=        1 filter=  0.024ms semisort=  0.004ms
[pe-async] round=2359 R=2361 dirty=        2 runs=        1 filter=  0.025ms semisort=  0.004ms
[pe-async] round=2360 R=2362 dirty=        2 runs=        1 filter=  0.027ms semisort=  0.004ms
[pe-async] round=2361 R=2363 dirty=        2 runs=        1 filter=  0.025ms semisort=  0.004ms
[pe-async] round=2362 R=2364 dirty=        2 runs=        1 filter=  0.026ms semisort=  0.004ms
[pe-async] round=2363 R=2365 dirty=        2 runs=        1 filter=  0.029ms semisort=  0.004ms
[pe-async] round=2364 R=2366 dirty=        2 runs=        1 filter=  0.026ms semisort=  0.004ms
[pe-async] round=2365 R=2367 dirty=        2 runs=        1 filter=  0.028ms semisort=  0.004ms
[pe-async] round=2366 R=2368 dirty=        2 runs=        1 filter=  0.026ms semisort=  0.004ms
[pe-async] round=2367 R=2369 dirty=        2 runs=        1 filter=  0.026ms semisort=  0.004ms
[pe-async] round=2368 R=2370 dirty=        2 runs=        1 filter=  0.025ms semisort=  0.004ms
[pe-async] round=2369 R=2371 dirty=        2 runs=        1 filter=  0.026ms semisort=  0.004ms
[pe-async] round=2370 R=2372 dirty=        2 runs=        1 filter=  0.026ms semisort=  0.004ms
[pe-async] round=2371 R=2373 dirty=        2 runs=        1 filter=  0.025ms semisort=  0.004ms
[pe-async] round=2372 R=2374 dirty=        2 runs=        1 filter=  0.025ms semisort=  0.004ms
[pe-async] round=2373 R=2375 dirty=        2 runs=        1 filter=  0.022ms semisort=  0.004ms
[pe-async] round=2374 R=2376 dirty=        2 runs=        1 filter=  0.027ms semisort=  0.004ms
[pe-async] round=2375 R=2377 dirty=        2 runs=        1 filter=  0.026ms semisort=  0.004ms
[pe-async] round=2376 R=2378 dirty=        2 runs=        1 filter=  0.025ms semisort=  0.004ms
[pe-async] round=2377 R=2379 dirty=        2 runs=        1 filter=  0.026ms semisort=  0.004ms
[pe-async] round=2378 R=2380 dirty=        2 runs=        1 filter=  0.026ms semisort=  0.004ms
[pe-async] round=2379 R=2381 dirty=        2 runs=        1 filter=  0.026ms semisort=  0.004ms
[pe-async] round=2380 R=2382 dirty=        2 runs=        1 filter=  0.026ms semisort=  0.004ms
[pe-async] round=2381 R=2383 dirty=        2 runs=        1 filter=  0.026ms semisort=  0.004ms
[pe-async] round=2382 R=2384 dirty=        2 runs=        1 filter=  0.026ms semisort=  0.004ms
[pe-async] round=2383 R=2385 dirty=        2 runs=        1 filter=  0.030ms semisort=  0.004ms
[pe-async] round=2384 R=2386 dirty=        2 runs=        1 filter=  0.027ms semisort=  0.004ms
[pe-async] round=2385 R=2387 dirty=        2 runs=        1 filter=  0.025ms semisort=  0.004ms
[pe-async] round=2386 R=2388 dirty=        2 runs=        1 filter=  0.027ms semisort=  0.003ms
[pe-async] round=2387 R=2389 dirty=        2 runs=        1 filter=  0.028ms semisort=  0.004ms
[pe-async] round=2388 R=2390 dirty=        2 runs=        1 filter=  0.028ms semisort=  0.004ms
[pe-async] round=2389 R=2391 dirty=        2 runs=        1 filter=  0.024ms semisort=  0.004ms
[pe-async] round=2390 R=2392 dirty=        2 runs=        1 filter=  0.027ms semisort=  0.004ms
[pe-async] round=2391 R=2393 dirty=        2 runs=        1 filter=  0.025ms semisort=  0.004ms
[pe-async] round=2392 R=2394 dirty=        2 runs=        1 filter=  0.026ms semisort=  0.004ms
[pe-async] round=2393 R=2395 dirty=        2 runs=        1 filter=  0.026ms semisort=  0.004ms
[pe-async] round=2394 R=2396 dirty=        2 runs=        1 filter=  0.029ms semisort=  0.004ms
[pe-async] round=2395 R=2397 dirty=        2 runs=        1 filter=  0.027ms semisort=  0.004ms
[pe-async] round=2396 R=2398 dirty=        2 runs=        1 filter=  0.025ms semisort=  0.004ms
[pe-async] round=2397 R=2399 dirty=        2 runs=        1 filter=  0.026ms semisort=  0.004ms
[pe-async] round=2398 R=2400 dirty=        2 runs=        1 filter=  0.026ms semisort=  0.004ms
[pe-async] round=2399 R=2401 dirty=        2 runs=        1 filter=  0.023ms semisort=  0.004ms
[pe-async] round=2400 R=2402 dirty=        2 runs=        1 filter=  0.026ms semisort=  0.004ms
[pe-async] round=2401 R=2403 dirty=        2 runs=        1 filter=  0.026ms semisort=  0.004ms
[pe-async] round=2402 R=2404 dirty=        2 runs=        1 filter=  0.029ms semisort=  0.004ms
[pe-async] round=2403 R=2405 dirty=        2 runs=        1 filter=  0.026ms semisort=  0.004ms
[pe-async] round=2404 R=2406 dirty=        2 runs=        1 filter=  0.024ms semisort=  0.004ms
[pe-async] round=2405 R=2407 dirty=        2 runs=        1 filter=  0.023ms semisort=  0.004ms
[pe-async] round=2406 R=2408 dirty=        2 runs=        1 filter=  0.026ms semisort=  0.004ms
[pe-async] round=2407 R=2409 dirty=        2 runs=        1 filter=  0.025ms semisort=  0.004ms
[pe-async] round=2408 R=2410 dirty=        2 runs=        1 filter=  0.026ms semisort=  0.004ms
[pe-async] round=2409 R=2411 dirty=        2 runs=        1 filter=  0.026ms semisort=  0.004ms
[pe-async] round=2410 R=2412 dirty=        2 runs=        1 filter=  0.025ms semisort=  0.004ms
[pe-async] round=2411 R=2413 dirty=        2 runs=        1 filter=  0.025ms semisort=  0.004ms
[pe-async] round=2412 R=2414 dirty=        2 runs=        1 filter=  0.026ms semisort=  0.004ms
[pe-async] round=2413 R=2415 dirty=        2 runs=        1 filter=  0.027ms semisort=  0.004ms
[pe-async] round=2414 R=2416 dirty=        2 runs=        1 filter=  0.032ms semisort=  0.004ms
[pe-async] round=2415 R=2417 dirty=        2 runs=        1 filter=  0.025ms semisort=  0.004ms
[pe-async] round=2416 R=2418 dirty=        2 runs=        1 filter=  0.024ms semisort=  0.004ms
[pe-async] round=2417 R=2419 dirty=        2 runs=        1 filter=  0.025ms semisort=  0.004ms
[pe-async] round=2418 R=2420 dirty=        2 runs=        1 filter=  0.026ms semisort=  0.004ms
[pe-async] round=2419 R=2421 dirty=        2 runs=        1 filter=  0.025ms semisort=  0.004ms
[pe-async] round=2420 R=2422 dirty=        2 runs=        1 filter=  0.027ms semisort=  0.004ms
[pe-async] round=2421 R=2423 dirty=        2 runs=        1 filter=  0.028ms semisort=  0.004ms
[pe-async] round=2422 R=2424 dirty=        2 runs=        1 filter=  0.028ms semisort=  0.004ms
[pe-async] round=2423 R=2425 dirty=        2 runs=        1 filter=  0.026ms semisort=  0.004ms
[pe-async] round=2424 R=2426 dirty=        2 runs=        1 filter=  0.026ms semisort=  0.004ms
[pe-async] round=2425 R=2427 dirty=        2 runs=        1 filter=  0.026ms semisort=  0.004ms
[pe-async] round=2426 R=2428 dirty=        2 runs=        1 filter=  0.025ms semisort=  0.004ms
[pe-async] round=2427 R=2429 dirty=        2 runs=        1 filter=  0.026ms semisort=  0.004ms
[pe-async] round=2428 R=2430 dirty=        2 runs=        1 filter=  0.025ms semisort=  0.004ms
[pe-async] round=2429 R=2431 dirty=        2 runs=        1 filter=  0.024ms semisort=  0.004ms
[pe-async] round=2430 R=2432 dirty=        2 runs=        1 filter=  0.027ms semisort=  0.004ms
[pe-async] round=2431 R=2433 dirty=        2 runs=        1 filter=  0.026ms semisort=  0.004ms
[pe-async] round=2432 R=2434 dirty=        2 runs=        1 filter=  0.026ms semisort=  0.004ms
[pe-async] round=2433 R=2435 dirty=        2 runs=        1 filter=  0.024ms semisort=  0.004ms
[pe-async] round=2434 R=2436 dirty=        2 runs=        1 filter=  0.027ms semisort=  0.004ms
[pe-async] round=2435 R=2437 dirty=        2 runs=        1 filter=  0.026ms semisort=  0.004ms
[pe-async] round=2436 R=2438 dirty=        2 runs=        1 filter=  0.026ms semisort=  0.004ms
[pe-async] round=2437 R=2439 dirty=        2 runs=        1 filter=  0.025ms semisort=  0.004ms
[pe-async] round=2438 R=2440 dirty=        2 runs=        1 filter=  0.024ms semisort=  0.004ms
[pe-async] round=2439 R=2441 dirty=        2 runs=        1 filter=  0.025ms semisort=  0.004ms
[pe-async] round=2440 R=2442 dirty=        2 runs=        1 filter=  0.026ms semisort=  0.004ms
[pe-async] round=2441 R=2443 dirty=        2 runs=        1 filter=  0.028ms semisort=  0.004ms
[pe-async] round=2442 R=2444 dirty=        2 runs=        1 filter=  0.025ms semisort=  0.004ms
[pe-async] round=2443 R=2445 dirty=        2 runs=        1 filter=  0.029ms semisort=  0.004ms
[pe-async] round=2444 R=2446 dirty=        2 runs=        1 filter=  0.027ms semisort=  0.004ms
[pe-async] round=2445 R=2447 dirty=        2 runs=        1 filter=  0.029ms semisort=  0.004ms
[pe-async] round=2446 R=2448 dirty=        2 runs=        1 filter=  0.026ms semisort=  0.004ms
[pe-async] round=2447 R=2449 dirty=        2 runs=        1 filter=  0.028ms semisort=  0.004ms
[pe-async] round=2448 R=2450 dirty=        2 runs=        1 filter=  0.025ms semisort=  0.004ms
[pe-async] round=2449 R=2451 dirty=        2 runs=        1 filter=  0.025ms semisort=  0.004ms
[pe-async] round=2450 R=2452 dirty=        2 runs=        1 filter=  0.026ms semisort=  0.004ms
[pe-async] round=2451 R=2453 dirty=        2 runs=        1 filter=  0.027ms semisort=  0.004ms
[pe-async] round=2452 R=2454 dirty=        2 runs=        1 filter=  0.028ms semisort=  0.004ms
[pe-async] round=2453 R=2455 dirty=        2 runs=        1 filter=  0.027ms semisort=  0.004ms
[pe-async] round=2454 R=2456 dirty=        2 runs=        1 filter=  0.028ms semisort=  0.004ms
[pe-async] round=2455 R=2457 dirty=        2 runs=        1 filter=  0.027ms semisort=  0.004ms
[pe-async] round=2456 R=2458 dirty=        2 runs=        1 filter=  0.026ms semisort=  0.004ms
[pe-async] round=2457 R=2459 dirty=        2 runs=        1 filter=  0.028ms semisort=  0.004ms
[pe-async] round=2458 R=2460 dirty=        2 runs=        1 filter=  0.027ms semisort=  0.004ms
[pe-async] round=2459 R=2461 dirty=        2 runs=        1 filter=  0.027ms semisort=  0.004ms
[pe-async] round=2460 R=2462 dirty=        2 runs=        1 filter=  0.027ms semisort=  0.004ms
[pe-async] round=2461 R=2463 dirty=        2 runs=        1 filter=  0.028ms semisort=  0.004ms
[pe-async] round=2462 R=2464 dirty=        2 runs=        1 filter=  0.026ms semisort=  0.004ms
[pe-async] round=2463 R=2465 dirty=        2 runs=        1 filter=  0.025ms semisort=  0.004ms
[pe-async] round=2464 R=2466 dirty=        2 runs=        1 filter=  0.025ms semisort=  0.004ms
[pe-async] round=2465 R=2467 dirty=        2 runs=        1 filter=  0.028ms semisort=  0.004ms
[pe-async] round=2466 R=2468 dirty=        2 runs=        1 filter=  0.027ms semisort=  0.004ms
[pe-async] round=2467 R=2469 dirty=        2 runs=        1 filter=  0.027ms semisort=  0.004ms
[pe-async] round=2468 R=2470 dirty=        2 runs=        1 filter=  0.028ms semisort=  0.004ms
[pe-async] round=2469 R=2471 dirty=        2 runs=        1 filter=  0.027ms semisort=  0.004ms
[pe-async] round=2470 R=2472 dirty=        2 runs=        1 filter=  0.026ms semisort=  0.004ms
[pe-async] round=2471 R=2473 dirty=        2 runs=        1 filter=  0.028ms semisort=  0.004ms
[pe-async] round=2472 R=2474 dirty=        2 runs=        1 filter=  0.028ms semisort=  0.004ms
[pe-async] round=2473 R=2475 dirty=        2 runs=        1 filter=  0.026ms semisort=  0.004ms
[pe-async] round=2474 R=2476 dirty=        2 runs=        1 filter=  0.026ms semisort=  0.004ms
[pe-async] round=2475 R=2477 dirty=        2 runs=        1 filter=  0.030ms semisort=  0.004ms
[pe-async] round=2476 R=2478 dirty=        2 runs=        1 filter=  0.029ms semisort=  0.004ms
[pe-async] round=2477 R=2479 dirty=        2 runs=        1 filter=  0.027ms semisort=  0.004ms
[pe-async] round=2478 R=2480 dirty=        2 runs=        1 filter=  0.027ms semisort=  0.004ms
[pe-async] round=2479 R=2481 dirty=        2 runs=        1 filter=  0.029ms semisort=  0.004ms
[pe-async] round=2480 R=2482 dirty=        2 runs=        1 filter=  0.027ms semisort=  0.004ms
[pe-async] round=2481 R=2483 dirty=        2 runs=        1 filter=  0.027ms semisort=  0.004ms
[pe-async] round=2482 R=2484 dirty=        2 runs=        1 filter=  0.027ms semisort=  0.004ms
[pe-async] round=2483 R=2485 dirty=        2 runs=        1 filter=  0.027ms semisort=  0.004ms
[pe-async] round=2484 R=2486 dirty=        2 runs=        1 filter=  0.027ms semisort=  0.004ms
[pe-async] round=2485 R=2487 dirty=        2 runs=        1 filter=  0.027ms semisort=  0.004ms
[pe-async] round=2486 R=2488 dirty=        2 runs=        1 filter=  0.026ms semisort=  0.004ms
[pe-async] round=2487 R=2489 dirty=        2 runs=        1 filter=  0.027ms semisort=  0.004ms
[pe-async] round=2488 R=2490 dirty=        2 runs=        1 filter=  0.025ms semisort=  0.004ms
[pe-async] round=2489 R=2491 dirty=        2 runs=        1 filter=  0.024ms semisort=  0.004ms
[pe-async] round=2490 R=2492 dirty=        2 runs=        1 filter=  0.025ms semisort=  0.004ms
[pe-async] round=2491 R=2493 dirty=        2 runs=        1 filter=  0.027ms semisort=  0.004ms
[pe-async] round=2492 R=2494 dirty=        2 runs=        1 filter=  0.027ms semisort=  0.004ms
[pe-async] round=2493 R=2495 dirty=        2 runs=        1 filter=  0.026ms semisort=  0.004ms
[pe-async] round=2494 R=2496 dirty=        2 runs=        1 filter=  0.026ms semisort=  0.004ms
[pe-async] round=2495 R=2497 dirty=        2 runs=        1 filter=  0.026ms semisort=  0.004ms
[pe-async] round=2496 R=2498 dirty=        2 runs=        1 filter=  0.026ms semisort=  0.004ms
[pe-async] round=2497 R=2499 dirty=        2 runs=        1 filter=  0.025ms semisort=  0.004ms
[pe-async] round=2498 R=2500 dirty=        2 runs=        1 filter=  0.027ms semisort=  0.004ms
[pe-async] round=2499 R=2501 dirty=        2 runs=        1 filter=  0.026ms semisort=  0.004ms
[pe-async] round=2500 R=2502 dirty=        2 runs=        1 filter=  0.024ms semisort=  0.004ms
[pe-async] round=2501 R=2503 dirty=        2 runs=        1 filter=  0.026ms semisort=  0.004ms
[pe-async] round=2502 R=2504 dirty=        2 runs=        1 filter=  0.027ms semisort=  0.003ms
[pe-async] round=2503 R=2505 dirty=        2 runs=        1 filter=  0.026ms semisort=  0.004ms
[pe-async] round=2504 R=2506 dirty=        2 runs=        1 filter=  0.026ms semisort=  0.004ms
[pe-async] round=2505 R=2507 dirty=        2 runs=        1 filter=  0.023ms semisort=  0.009ms
[pe-async] round=2506 R=2508 dirty=        2 runs=        1 filter=  0.050ms semisort=  0.003ms
[pe-async] round=2507 R=2509 dirty=        2 runs=        1 filter=  0.024ms semisort=  0.004ms
[pe-async] round=2508 R=2510 dirty=        2 runs=        1 filter=  0.025ms semisort=  0.004ms
[pe-async] round=2509 R=2511 dirty=        2 runs=        1 filter=  0.026ms semisort=  0.004ms
[pe-async] round=2510 R=2512 dirty=        2 runs=        1 filter=  0.027ms semisort=  0.004ms
[pe-async] round=2511 R=2513 dirty=        2 runs=        1 filter=  0.029ms semisort=  0.004ms
[pe-async] round=2512 R=2514 dirty=        2 runs=        1 filter=  0.026ms semisort=  0.004ms
[pe-async] round=2513 R=2515 dirty=        2 runs=        1 filter=  0.026ms semisort=  0.004ms
[pe-async] round=2514 R=2516 dirty=        2 runs=        1 filter=  0.026ms semisort=  0.004ms
[pe-async] round=2515 R=2517 dirty=        2 runs=        1 filter=  0.028ms semisort=  0.004ms
[pe-async] round=2516 R=2518 dirty=        2 runs=        1 filter=  0.026ms semisort=  0.004ms
[pe-async] round=2517 R=2519 dirty=        2 runs=        1 filter=  0.027ms semisort=  0.004ms
[pe-async] round=2518 R=2520 dirty=        2 runs=        1 filter=  0.027ms semisort=  0.004ms
[pe-async] round=2519 R=2521 dirty=        2 runs=        1 filter=  0.026ms semisort=  0.004ms
[pe-async] round=2520 R=2522 dirty=        2 runs=        1 filter=  0.028ms semisort=  0.004ms
[pe-async] round=2521 R=2523 dirty=        2 runs=        1 filter=  0.029ms semisort=  0.004ms
[pe-async] round=2522 R=2524 dirty=        2 runs=        1 filter=  0.028ms semisort=  0.004ms
[pe-async] round=2523 R=2525 dirty=        2 runs=        1 filter=  0.026ms semisort=  0.004ms
[pe-async] round=2524 R=2526 dirty=        2 runs=        1 filter=  0.026ms semisort=  0.004ms
[pe-async] round=2525 R=2527 dirty=        2 runs=        1 filter=  0.023ms semisort=  0.004ms
[pe-async] round=2526 R=2528 dirty=        2 runs=        1 filter=  0.028ms semisort=  0.004ms
[pe-async] round=2527 R=2529 dirty=        2 runs=        1 filter=  0.027ms semisort=  0.004ms
[pe-async] round=2528 R=2530 dirty=        2 runs=        1 filter=  0.028ms semisort=  0.004ms
[pe-async] round=2529 R=2531 dirty=        2 runs=        1 filter=  0.025ms semisort=  0.004ms
[pe-async] round=2530 R=2532 dirty=        2 runs=        1 filter=  0.026ms semisort=  0.004ms
[pe-async] round=2531 R=2533 dirty=        2 runs=        1 filter=  0.026ms semisort=  0.004ms
[pe-async] round=2532 R=2534 dirty=        2 runs=        1 filter=  0.027ms semisort=  0.004ms
[pe-async] round=2533 R=2535 dirty=        2 runs=        1 filter=  0.026ms semisort=  0.004ms
[pe-async] round=2534 R=2536 dirty=        2 runs=        1 filter=  0.028ms semisort=  0.004ms
[pe-async] round=2535 R=2537 dirty=        2 runs=        1 filter=  0.031ms semisort=  0.004ms
[pe-async] round=2536 R=2538 dirty=        2 runs=        1 filter=  0.025ms semisort=  0.004ms
[pe-async] round=2537 R=2539 dirty=        2 runs=        1 filter=  0.025ms semisort=  0.004ms
[pe-async] round=2538 R=2540 dirty=        2 runs=        1 filter=  0.026ms semisort=  0.004ms
[pe-async] round=2539 R=2541 dirty=        2 runs=        1 filter=  0.027ms semisort=  0.004ms
[pe-async] round=2540 R=2542 dirty=        2 runs=        1 filter=  0.026ms semisort=  0.004ms
[pe-async] round=2541 R=2543 dirty=        2 runs=        1 filter=  0.025ms semisort=  0.004ms
[pe-async] round=2542 R=2544 dirty=        2 runs=        1 filter=  0.027ms semisort=  0.004ms
[pe-async] round=2543 R=2545 dirty=        2 runs=        1 filter=  0.026ms semisort=  0.004ms
[pe-async] round=2544 R=2546 dirty=        2 runs=        1 filter=  0.026ms semisort=  0.004ms
[pe-async] round=2545 R=2547 dirty=        2 runs=        1 filter=  0.025ms semisort=  0.004ms
[pe-async] round=2546 R=2548 dirty=        2 runs=        1 filter=  0.027ms semisort=  0.004ms
[pe-async] round=2547 R=2549 dirty=        2 runs=        1 filter=  0.026ms semisort=  0.003ms
[pe-async] round=2548 R=2550 dirty=        2 runs=        1 filter=  0.025ms semisort=  0.004ms
[pe-async] round=2549 R=2551 dirty=        2 runs=        1 filter=  0.026ms semisort=  0.004ms
[pe-async] round=2550 R=2552 dirty=        2 runs=        1 filter=  0.027ms semisort=  0.004ms
[pe-async] round=2551 R=2553 dirty=        2 runs=        1 filter=  0.027ms semisort=  0.004ms
[pe-async] round=2552 R=2554 dirty=        2 runs=        1 filter=  0.028ms semisort=  0.004ms
[pe-async] round=2553 R=2555 dirty=        2 runs=        1 filter=  0.025ms semisort=  0.004ms
[pe-async] round=2554 R=2556 dirty=        2 runs=        1 filter=  0.028ms semisort=  0.004ms
[pe-async] round=2555 R=2557 dirty=        2 runs=        1 filter=  0.026ms semisort=  0.004ms
[pe-async] round=2556 R=2558 dirty=        2 runs=        1 filter=  0.025ms semisort=  0.004ms
[pe-async] round=2557 R=2559 dirty=        2 runs=        1 filter=  0.027ms semisort=  0.004ms
[pe-async] round=2558 R=2560 dirty=        2 runs=        1 filter=  0.028ms semisort=  0.004ms
[pe-async] round=2559 R=2561 dirty=        2 runs=        1 filter=  0.027ms semisort=  0.004ms
[pe-async] round=2560 R=2562 dirty=        2 runs=        1 filter=  0.026ms semisort=  0.004ms
[pe-async] round=2561 R=2563 dirty=        2 runs=        1 filter=  0.030ms semisort=  0.004ms
[pe-async] round=2562 R=2564 dirty=        2 runs=        1 filter=  0.028ms semisort=  0.004ms
[pe-async] round=2563 R=2565 dirty=        2 runs=        1 filter=  0.026ms semisort=  0.004ms
[pe-async] round=2564 R=2566 dirty=        2 runs=        1 filter=  0.028ms semisort=  0.004ms
[pe-async] round=2565 R=2567 dirty=        2 runs=        1 filter=  0.031ms semisort=  0.004ms
[pe-async] round=2566 R=2568 dirty=        2 runs=        1 filter=  0.026ms semisort=  0.004ms
[pe-async] round=2567 R=2569 dirty=        2 runs=        1 filter=  0.026ms semisort=  0.004ms
[pe-async] round=2568 R=2570 dirty=        2 runs=        1 filter=  0.028ms semisort=  0.004ms
[pe-async] round=2569 R=2571 dirty=        2 runs=        1 filter=  0.028ms semisort=  0.004ms
[pe-async] round=2570 R=2572 dirty=        2 runs=        1 filter=  0.026ms semisort=  0.004ms
[pe-async] round=2571 R=2573 dirty=        2 runs=        1 filter=  0.025ms semisort=  0.004ms
[pe-async] round=2572 R=2574 dirty=        2 runs=        1 filter=  0.026ms semisort=  0.004ms
[pe-async] round=2573 R=2575 dirty=        2 runs=        1 filter=  0.026ms semisort=  0.004ms
[pe-async] round=2574 R=2576 dirty=        2 runs=        1 filter=  0.025ms semisort=  0.004ms
[pe-async] round=2575 R=2577 dirty=        2 runs=        1 filter=  0.027ms semisort=  0.004ms
[pe-async] round=2576 R=2578 dirty=        2 runs=        1 filter=  0.026ms semisort=  0.004ms
[pe-async] round=2577 R=2579 dirty=        2 runs=        1 filter=  0.028ms semisort=  0.004ms
[pe-async] round=2578 R=2580 dirty=        2 runs=        1 filter=  0.026ms semisort=  0.004ms
[pe-async] round=2579 R=2581 dirty=        2 runs=        1 filter=  0.027ms semisort=  0.004ms
[pe-async] round=2580 R=2582 dirty=        2 runs=        1 filter=  0.026ms semisort=  0.004ms
[pe-async] round=2581 R=2583 dirty=        2 runs=        1 filter=  0.024ms semisort=  0.004ms
[pe-async] round=2582 R=2584 dirty=        2 runs=        1 filter=  0.025ms semisort=  0.004ms
[pe-async] round=2583 R=2585 dirty=        2 runs=        1 filter=  0.026ms semisort=  0.004ms
[pe-async] round=2584 R=2586 dirty=        2 runs=        1 filter=  0.026ms semisort=  0.004ms
[pe-async] round=2585 R=2587 dirty=        2 runs=        1 filter=  0.028ms semisort=  0.004ms
[pe-async] round=2586 R=2588 dirty=        2 runs=        1 filter=  0.025ms semisort=  0.004ms
[pe-async] round=2587 R=2589 dirty=        2 runs=        1 filter=  0.025ms semisort=  0.004ms
[pe-async] round=2588 R=2590 dirty=        2 runs=        1 filter=  0.025ms semisort=  0.004ms
[pe-async] round=2589 R=2591 dirty=        2 runs=        1 filter=  0.025ms semisort=  0.004ms
[pe-async] round=2590 R=2592 dirty=        2 runs=        1 filter=  0.025ms semisort=  0.004ms
[pe-async] round=2591 R=2593 dirty=        2 runs=        1 filter=  0.026ms semisort=  0.004ms
[pe-async] round=2592 R=2594 dirty=        2 runs=        1 filter=  0.026ms semisort=  0.004ms
[pe-async] round=2593 R=2595 dirty=        2 runs=        1 filter=  0.026ms semisort=  0.004ms
[pe-async] round=2594 R=2596 dirty=        2 runs=        1 filter=  0.024ms semisort=  0.004ms
[pe-async] round=2595 R=2597 dirty=        2 runs=        1 filter=  0.026ms semisort=  0.004ms
[pe-async] round=2596 R=2598 dirty=        2 runs=        1 filter=  0.030ms semisort=  0.004ms
[pe-async] round=2597 R=2599 dirty=        2 runs=        1 filter=  0.025ms semisort=  0.004ms
[pe-async] round=2598 R=2600 dirty=        2 runs=        1 filter=  0.025ms semisort=  0.004ms
[pe-async] round=2599 R=2601 dirty=        2 runs=        1 filter=  0.027ms semisort=  0.004ms
[pe-async] round=2600 R=2602 dirty=        2 runs=        1 filter=  0.025ms semisort=  0.004ms
[pe-async] round=2601 R=2603 dirty=        2 runs=        1 filter=  0.025ms semisort=  0.004ms
[pe-async] round=2602 R=2604 dirty=        2 runs=        1 filter=  0.026ms semisort=  0.004ms
[pe-async] round=2603 R=2605 dirty=        2 runs=        1 filter=  0.026ms semisort=  0.004ms
[pe-async] round=2604 R=2606 dirty=        2 runs=        1 filter=  0.027ms semisort=  0.004ms
[pe-async] round=2605 R=2607 dirty=        2 runs=        1 filter=  0.024ms semisort=  0.004ms
[pe-async] round=2606 R=2608 dirty=        2 runs=        1 filter=  0.026ms semisort=  0.004ms
[pe-async] round=2607 R=2609 dirty=        2 runs=        1 filter=  0.026ms semisort=  0.004ms
[pe-async] round=2608 R=2610 dirty=        2 runs=        1 filter=  0.026ms semisort=  0.004ms
[pe-async] round=2609 R=2611 dirty=        2 runs=        1 filter=  0.025ms semisort=  0.004ms
[pe-async] round=2610 R=2612 dirty=        2 runs=        1 filter=  0.024ms semisort=  0.004ms
[pe-async] round=2611 R=2613 dirty=        2 runs=        1 filter=  0.026ms semisort=  0.004ms
[pe-async] round=2612 R=2614 dirty=        2 runs=        1 filter=  0.025ms semisort=  0.004ms
[pe-async] round=2613 R=2615 dirty=        2 runs=        1 filter=  0.026ms semisort=  0.004ms
[pe-async] round=2614 R=2616 dirty=        2 runs=        1 filter=  0.028ms semisort=  0.004ms
[pe-async] round=2615 R=2617 dirty=        2 runs=        1 filter=  0.027ms semisort=  0.004ms
[pe-async] round=2616 R=2618 dirty=        2 runs=        1 filter=  0.027ms semisort=  0.004ms
[pe-async] round=2617 R=2619 dirty=        2 runs=        1 filter=  0.026ms semisort=  0.003ms
[pe-async] round=2618 R=2620 dirty=        2 runs=        1 filter=  0.026ms semisort=  0.004ms
[pe-async] round=2619 R=2621 dirty=        2 runs=        1 filter=  0.027ms semisort=  0.004ms
[pe-async] round=2620 R=2622 dirty=        2 runs=        1 filter=  0.024ms semisort=  0.004ms
[pe-async] round=2621 R=2623 dirty=        2 runs=        1 filter=  0.026ms semisort=  0.004ms
[pe-async] round=2622 R=2624 dirty=        2 runs=        1 filter=  0.025ms semisort=  0.004ms
[pe-async] round=2623 R=2625 dirty=        2 runs=        1 filter=  0.026ms semisort=  0.004ms
[pe-async] round=2624 R=2626 dirty=        2 runs=        1 filter=  0.023ms semisort=  0.004ms
[pe-async] round=2625 R=2627 dirty=        2 runs=        1 filter=  0.027ms semisort=  0.004ms
[pe-async] round=2626 R=2628 dirty=        2 runs=        1 filter=  0.027ms semisort=  0.004ms
[pe-async] round=2627 R=2629 dirty=        2 runs=        1 filter=  0.030ms semisort=  0.004ms
[pe-async] round=2628 R=2630 dirty=        2 runs=        1 filter=  0.027ms semisort=  0.004ms
[pe-async] round=2629 R=2631 dirty=        2 runs=        1 filter=  0.026ms semisort=  0.004ms
[pe-async] round=2630 R=2632 dirty=        2 runs=        1 filter=  0.026ms semisort=  0.004ms
[pe-async] round=2631 R=2633 dirty=        2 runs=        1 filter=  0.025ms semisort=  0.004ms
[pe-async] round=2632 R=2634 dirty=        2 runs=        1 filter=  0.025ms semisort=  0.004ms
[pe-async] round=2633 R=2635 dirty=        2 runs=        1 filter=  0.026ms semisort=  0.004ms
[pe-async] round=2634 R=2636 dirty=        2 runs=        1 filter=  0.028ms semisort=  0.004ms
[pe-async] round=2635 R=2637 dirty=        2 runs=        1 filter=  0.026ms semisort=  0.004ms
[pe-async] round=2636 R=2638 dirty=        2 runs=        1 filter=  0.025ms semisort=  0.004ms
[pe-async] round=2637 R=2639 dirty=        2 runs=        1 filter=  0.026ms semisort=  0.004ms
[pe-async] round=2638 R=2640 dirty=        2 runs=        1 filter=  0.027ms semisort=  0.004ms
[pe-async] round=2639 R=2641 dirty=        2 runs=        1 filter=  0.027ms semisort=  0.004ms
[pe-async] round=2640 R=2642 dirty=        2 runs=        1 filter=  0.027ms semisort=  0.004ms
[pe-async] round=2641 R=2643 dirty=        2 runs=        1 filter=  0.029ms semisort=  0.004ms
[pe-async] round=2642 R=2644 dirty=        2 runs=        1 filter=  0.025ms semisort=  0.004ms
[pe-async] round=2643 R=2645 dirty=        2 runs=        1 filter=  0.027ms semisort=  0.004ms
[pe-async] round=2644 R=2646 dirty=        2 runs=        1 filter=  0.025ms semisort=  0.004ms
[pe-async] round=2645 R=2647 dirty=        2 runs=        1 filter=  0.026ms semisort=  0.004ms
[pe-async] round=2646 R=2648 dirty=        2 runs=        1 filter=  0.026ms semisort=  0.004ms
[pe-async] round=2647 R=2649 dirty=        2 runs=        1 filter=  0.026ms semisort=  0.004ms
[pe-async] round=2648 R=2650 dirty=        2 runs=        1 filter=  0.028ms semisort=  0.004ms
[pe-async] round=2649 R=2651 dirty=        2 runs=        1 filter=  0.027ms semisort=  0.004ms
[pe-async] round=2650 R=2652 dirty=        2 runs=        1 filter=  0.025ms semisort=  0.004ms
[pe-async] round=2651 R=2653 dirty=        2 runs=        1 filter=  0.029ms semisort=  0.004ms
[pe-async] round=2652 R=2654 dirty=        2 runs=        1 filter=  0.026ms semisort=  0.004ms
[pe-async] round=2653 R=2655 dirty=        2 runs=        1 filter=  0.026ms semisort=  0.004ms
[pe-async] round=2654 R=2656 dirty=        2 runs=        1 filter=  0.025ms semisort=  0.004ms
[pe-async] round=2655 R=2657 dirty=        2 runs=        1 filter=  0.022ms semisort=  0.004ms
[pe-async] round=2656 R=2658 dirty=        2 runs=        1 filter=  0.024ms semisort=  0.004ms
[pe-async] round=2657 R=2659 dirty=        2 runs=        1 filter=  0.026ms semisort=  0.004ms
[pe-async] round=2658 R=2660 dirty=        2 runs=        1 filter=  0.029ms semisort=  0.004ms
[pe-async] round=2659 R=2661 dirty=        2 runs=        1 filter=  0.025ms semisort=  0.004ms
[pe-async] round=2660 R=2662 dirty=        2 runs=        1 filter=  0.025ms semisort=  0.004ms
[pe-async] round=2661 R=2663 dirty=        2 runs=        1 filter=  0.028ms semisort=  0.004ms
[pe-async] round=2662 R=2664 dirty=        2 runs=        1 filter=  0.027ms semisort=  0.003ms
[pe-async] round=2663 R=2665 dirty=        2 runs=        1 filter=  0.025ms semisort=  0.004ms
[pe-async] round=2664 R=2666 dirty=        2 runs=        1 filter=  0.026ms semisort=  0.004ms
[pe-async] round=2665 R=2667 dirty=        2 runs=        1 filter=  0.027ms semisort=  0.004ms
[pe-async] round=2666 R=2668 dirty=        2 runs=        1 filter=  0.026ms semisort=  0.004ms
[pe-async] round=2667 R=2669 dirty=        2 runs=        1 filter=  0.028ms semisort=  0.004ms
[pe-async] round=2668 R=2670 dirty=        2 runs=        1 filter=  0.027ms semisort=  0.004ms
[pe-async] round=2669 R=2671 dirty=        2 runs=        1 filter=  0.027ms semisort=  0.004ms
[pe-async] round=2670 R=2672 dirty=        2 runs=        1 filter=  0.024ms semisort=  0.004ms
[pe-async] round=2671 R=2673 dirty=        2 runs=        1 filter=  0.024ms semisort=  0.004ms
[pe-async] round=2672 R=2674 dirty=        2 runs=        1 filter=  0.025ms semisort=  0.003ms
[pe-async] round=2673 R=2675 dirty=        2 runs=        1 filter=  0.023ms semisort=  0.004ms
[pe-async] round=2674 R=2676 dirty=        2 runs=        1 filter=  0.029ms semisort=  0.004ms
[pe-async] round=2675 R=2677 dirty=        2 runs=        1 filter=  0.024ms semisort=  0.004ms
[pe-async] round=2676 R=2678 dirty=        2 runs=        1 filter=  0.026ms semisort=  0.004ms
[pe-async] round=2677 R=2679 dirty=        2 runs=        1 filter=  0.025ms semisort=  0.004ms
[pe-async] round=2678 R=2680 dirty=        2 runs=        1 filter=  0.026ms semisort=  0.004ms
[pe-async] round=2679 R=2681 dirty=        2 runs=        1 filter=  0.027ms semisort=  0.004ms
[pe-async] round=2680 R=2682 dirty=        2 runs=        1 filter=  0.026ms semisort=  0.004ms
[pe-async] round=2681 R=2683 dirty=        2 runs=        1 filter=  0.025ms semisort=  0.004ms
[pe-async] round=2682 R=2684 dirty=        2 runs=        1 filter=  0.025ms semisort=  0.004ms
[pe-async] round=2683 R=2685 dirty=        2 runs=        1 filter=  0.027ms semisort=  0.004ms
[pe-async] round=2684 R=2686 dirty=        2 runs=        1 filter=  0.026ms semisort=  0.004ms
[pe-async] round=2685 R=2687 dirty=        2 runs=        1 filter=  0.028ms semisort=  0.004ms
[pe-async] round=2686 R=2688 dirty=        2 runs=        1 filter=  0.026ms semisort=  0.004ms
[pe-async] round=2687 R=2689 dirty=        2 runs=        1 filter=  0.024ms semisort=  0.004ms
[pe-async] round=2688 R=2690 dirty=        2 runs=        1 filter=  0.023ms semisort=  0.004ms
[pe-async] round=2689 R=2691 dirty=        2 runs=        1 filter=  0.030ms semisort=  0.004ms
[pe-async] round=2690 R=2692 dirty=        2 runs=        1 filter=  0.047ms semisort=  0.003ms
[pe-async] round=2691 R=2693 dirty=        2 runs=        1 filter=  0.024ms semisort=  0.004ms
[pe-async] round=2692 R=2694 dirty=        2 runs=        1 filter=  0.024ms semisort=  0.004ms
[pe-async] round=2693 R=2695 dirty=        2 runs=        1 filter=  0.027ms semisort=  0.004ms
[pe-async] round=2694 R=2696 dirty=        2 runs=        1 filter=  0.028ms semisort=  0.004ms
[pe-async] round=2695 R=2697 dirty=        2 runs=        1 filter=  0.026ms semisort=  0.004ms
[pe-async] round=2696 R=2698 dirty=        2 runs=        1 filter=  0.025ms semisort=  0.004ms
[pe-async] round=2697 R=2699 dirty=        2 runs=        1 filter=  0.028ms semisort=  0.004ms
[pe-async] round=2698 R=2700 dirty=        2 runs=        1 filter=  0.026ms semisort=  0.004ms
[pe-async] round=2699 R=2701 dirty=        2 runs=        1 filter=  0.028ms semisort=  0.004ms
[pe-async] round=2700 R=2702 dirty=        2 runs=        1 filter=  0.026ms semisort=  0.004ms
[pe-async] round=2701 R=2703 dirty=        2 runs=        1 filter=  0.026ms semisort=  0.004ms
[pe-async] round=2702 R=2704 dirty=        2 runs=        1 filter=  0.028ms semisort=  0.004ms
[pe-async] round=2703 R=2705 dirty=        2 runs=        1 filter=  0.025ms semisort=  0.004ms
[pe-async] round=2704 R=2706 dirty=        2 runs=        1 filter=  0.026ms semisort=  0.004ms
[pe-async] round=2705 R=2707 dirty=        2 runs=        1 filter=  0.027ms semisort=  0.004ms
[pe-async] round=2706 R=2708 dirty=        2 runs=        1 filter=  0.027ms semisort=  0.004ms
[pe-async] round=2707 R=2709 dirty=        2 runs=        1 filter=  0.024ms semisort=  0.004ms
[pe-async] round=2708 R=2710 dirty=        2 runs=        1 filter=  0.025ms semisort=  0.004ms
[pe-async] round=2709 R=2711 dirty=        2 runs=        1 filter=  0.025ms semisort=  0.004ms
[pe-async] round=2710 R=2712 dirty=        2 runs=        1 filter=  0.026ms semisort=  0.004ms
[pe-async] round=2711 R=2713 dirty=        2 runs=        1 filter=  0.025ms semisort=  0.004ms
[pe-async] round=2712 R=2714 dirty=        2 runs=        1 filter=  0.024ms semisort=  0.004ms
[pe-async] round=2713 R=2715 dirty=        2 runs=        1 filter=  0.025ms semisort=  0.004ms
[pe-async] round=2714 R=2716 dirty=        2 runs=        1 filter=  0.026ms semisort=  0.004ms
[pe-async] round=2715 R=2717 dirty=        2 runs=        1 filter=  0.026ms semisort=  0.004ms
[pe-async] round=2716 R=2718 dirty=        2 runs=        1 filter=  0.025ms semisort=  0.004ms
[pe-async] round=2717 R=2719 dirty=        2 runs=        1 filter=  0.027ms semisort=  0.004ms
[pe-async] round=2718 R=2720 dirty=        2 runs=        1 filter=  0.025ms semisort=  0.004ms
[pe-async] round=2719 R=2721 dirty=        2 runs=        1 filter=  0.026ms semisort=  0.004ms
[pe-async] round=2720 R=2722 dirty=        2 runs=        1 filter=  0.029ms semisort=  0.004ms
[pe-async] round=2721 R=2723 dirty=        2 runs=        1 filter=  0.027ms semisort=  0.004ms
[pe-async] round=2722 R=2724 dirty=        2 runs=        1 filter=  0.027ms semisort=  0.004ms
[pe-async] round=2723 R=2725 dirty=        2 runs=        1 filter=  0.023ms semisort=  0.004ms
[pe-async] round=2724 R=2726 dirty=        2 runs=        1 filter=  0.027ms semisort=  0.004ms
[pe-async] round=2725 R=2727 dirty=        2 runs=        1 filter=  0.028ms semisort=  0.004ms
[pe-async] round=2726 R=2728 dirty=        2 runs=        1 filter=  0.026ms semisort=  0.004ms
[pe-async] round=2727 R=2729 dirty=        2 runs=        1 filter=  0.026ms semisort=  0.004ms
[pe-async] round=2728 R=2730 dirty=        2 runs=        1 filter=  0.026ms semisort=  0.004ms
[pe-async] round=2729 R=2731 dirty=        2 runs=        1 filter=  0.027ms semisort=  0.004ms
[pe-async] round=2730 R=2732 dirty=        2 runs=        1 filter=  0.024ms semisort=  0.004ms
[pe-async] round=2731 R=2733 dirty=        2 runs=        1 filter=  0.026ms semisort=  0.003ms
[pe-async] round=2732 R=2734 dirty=        2 runs=        1 filter=  0.025ms semisort=  0.004ms
[pe-async] round=2733 R=2735 dirty=        2 runs=        1 filter=  0.024ms semisort=  0.004ms
[pe-async] round=2734 R=2736 dirty=        2 runs=        1 filter=  0.026ms semisort=  0.004ms
[pe-async] round=2735 R=2737 dirty=        2 runs=        1 filter=  0.024ms semisort=  0.004ms
[pe-async] round=2736 R=2738 dirty=        2 runs=        1 filter=  0.025ms semisort=  0.004ms
[pe-async] round=2737 R=2739 dirty=        2 runs=        1 filter=  0.026ms semisort=  0.004ms
[pe-async] round=2738 R=2740 dirty=        2 runs=        1 filter=  0.027ms semisort=  0.004ms
[pe-async] round=2739 R=2741 dirty=        2 runs=        1 filter=  0.028ms semisort=  0.004ms
[pe-async] round=2740 R=2742 dirty=        2 runs=        1 filter=  0.025ms semisort=  0.004ms
[pe-async] round=2741 R=2743 dirty=        2 runs=        1 filter=  0.025ms semisort=  0.004ms
[pe-async] round=2742 R=2744 dirty=        2 runs=        1 filter=  0.025ms semisort=  0.004ms
[pe-async] round=2743 R=2745 dirty=        2 runs=        1 filter=  0.025ms semisort=  0.004ms
[pe-async] round=2744 R=2746 dirty=        2 runs=        1 filter=  0.028ms semisort=  0.004ms
[pe-async] round=2745 R=2747 dirty=        2 runs=        1 filter=  0.027ms semisort=  0.004ms
[pe-async] round=2746 R=2748 dirty=        2 runs=        1 filter=  0.024ms semisort=  0.004ms
[pe-async] round=2747 R=2749 dirty=        2 runs=        1 filter=  0.024ms semisort=  0.004ms
[pe-async] round=2748 R=2750 dirty=        2 runs=        1 filter=  0.025ms semisort=  0.004ms
[pe-async] round=2749 R=2751 dirty=        2 runs=        1 filter=  0.027ms semisort=  0.004ms
[pe-async] round=2750 R=2752 dirty=        2 runs=        1 filter=  0.027ms semisort=  0.004ms
[pe-async] round=2751 R=2753 dirty=        2 runs=        1 filter=  0.030ms semisort=  0.004ms
[pe-async] round=2752 R=2754 dirty=        2 runs=        1 filter=  0.025ms semisort=  0.004ms
[pe-async] round=2753 R=2755 dirty=        2 runs=        1 filter=  0.026ms semisort=  0.004ms
[pe-async] round=2754 R=2756 dirty=        2 runs=        1 filter=  0.026ms semisort=  0.004ms
[pe-async] round=2755 R=2757 dirty=        2 runs=        1 filter=  0.026ms semisort=  0.004ms
[pe-async] round=2756 R=2758 dirty=        2 runs=        1 filter=  0.024ms semisort=  0.004ms
[pe-async] round=2757 R=2759 dirty=        2 runs=        1 filter=  0.028ms semisort=  0.004ms
[pe-async] round=2758 R=2760 dirty=        2 runs=        1 filter=  0.026ms semisort=  0.004ms
[pe-async] round=2759 R=2761 dirty=        2 runs=        1 filter=  0.026ms semisort=  0.004ms
[pe-async] round=2760 R=2762 dirty=        2 runs=        1 filter=  0.028ms semisort=  0.004ms
[pe-async] round=2761 R=2763 dirty=        2 runs=        1 filter=  0.023ms semisort=  0.004ms
[pe-async] round=2762 R=2764 dirty=        2 runs=        1 filter=  0.026ms semisort=  0.004ms
[pe-async] round=2763 R=2765 dirty=        2 runs=        1 filter=  0.027ms semisort=  0.004ms
[pe-async] round=2764 R=2766 dirty=        2 runs=        1 filter=  0.027ms semisort=  0.004ms
[pe-async] round=2765 R=2767 dirty=        2 runs=        1 filter=  0.024ms semisort=  0.004ms
[pe-async] round=2766 R=2768 dirty=        2 runs=        1 filter=  0.026ms semisort=  0.004ms
[pe-async] round=2767 R=2769 dirty=        2 runs=        1 filter=  0.026ms semisort=  0.004ms
[pe-async] round=2768 R=2770 dirty=        2 runs=        1 filter=  0.026ms semisort=  0.004ms
[pe-async] round=2769 R=2771 dirty=        2 runs=        1 filter=  0.025ms semisort=  0.004ms
[pe-async] round=2770 R=2772 dirty=        2 runs=        1 filter=  0.025ms semisort=  0.004ms
[pe-async] round=2771 R=2773 dirty=        2 runs=        1 filter=  0.027ms semisort=  0.004ms
[pe-async] round=2772 R=2774 dirty=        2 runs=        1 filter=  0.026ms semisort=  0.004ms
[pe-async] round=2773 R=2775 dirty=        2 runs=        1 filter=  0.025ms semisort=  0.004ms
[pe-async] round=2774 R=2776 dirty=        2 runs=        1 filter=  0.027ms semisort=  0.004ms
[pe-async] round=2775 R=2777 dirty=        2 runs=        1 filter=  0.025ms semisort=  0.004ms
[pe-async] round=2776 R=2778 dirty=        2 runs=        1 filter=  0.025ms semisort=  0.004ms
[pe-async] round=2777 R=2779 dirty=        2 runs=        1 filter=  0.024ms semisort=  0.004ms
[pe-async] round=2778 R=2780 dirty=        2 runs=        1 filter=  0.028ms semisort=  0.004ms
[pe-async] round=2779 R=2781 dirty=        2 runs=        1 filter=  0.025ms semisort=  0.004ms
[pe-async] round=2780 R=2782 dirty=        2 runs=        1 filter=  0.024ms semisort=  0.004ms
[pe-async] round=2781 R=2783 dirty=        2 runs=        1 filter=  0.027ms semisort=  0.004ms
[pe-async] round=2782 R=2784 dirty=        2 runs=        1 filter=  0.031ms semisort=  0.004ms
[pe-async] round=2783 R=2785 dirty=        2 runs=        1 filter=  0.027ms semisort=  0.004ms
[pe-async] round=2784 R=2786 dirty=        2 runs=        1 filter=  0.027ms semisort=  0.004ms
[pe-async] round=2785 R=2787 dirty=        2 runs=        1 filter=  0.026ms semisort=  0.004ms
[pe-async] round=2786 R=2788 dirty=        2 runs=        1 filter=  0.027ms semisort=  0.004ms
[pe-async] round=2787 R=2789 dirty=        2 runs=        1 filter=  0.026ms semisort=  0.004ms
[pe-async] round=2788 R=2790 dirty=        2 runs=        1 filter=  0.024ms semisort=  0.004ms
[pe-async] round=2789 R=2791 dirty=        2 runs=        1 filter=  0.026ms semisort=  0.004ms
[pe-async] round=2790 R=2792 dirty=        2 runs=        1 filter=  0.025ms semisort=  0.004ms
[pe-async] round=2791 R=2793 dirty=        2 runs=        1 filter=  0.024ms semisort=  0.004ms
[pe-async] round=2792 R=2794 dirty=        2 runs=        1 filter=  0.027ms semisort=  0.004ms
[pe-async] round=2793 R=2795 dirty=        2 runs=        1 filter=  0.028ms semisort=  0.004ms
[pe-async] round=2794 R=2796 dirty=        2 runs=        1 filter=  0.027ms semisort=  0.004ms
[pe-async] round=2795 R=2797 dirty=        2 runs=        1 filter=  0.028ms semisort=  0.004ms
[pe-async] round=2796 R=2798 dirty=        2 runs=        1 filter=  0.027ms semisort=  0.003ms
[pe-async] round=2797 R=2799 dirty=        2 runs=        1 filter=  0.027ms semisort=  0.004ms
[pe-async] round=2798 R=2800 dirty=        2 runs=        1 filter=  0.025ms semisort=  0.004ms
[pe-async] round=2799 R=2801 dirty=        2 runs=        1 filter=  0.026ms semisort=  0.004ms
[pe-async] round=2800 R=2802 dirty=        2 runs=        1 filter=  0.027ms semisort=  0.004ms
[pe-async] round=2801 R=2803 dirty=        2 runs=        1 filter=  0.027ms semisort=  0.004ms
[pe-async] round=2802 R=2804 dirty=        2 runs=        1 filter=  0.024ms semisort=  0.004ms
[pe-async] round=2803 R=2805 dirty=        2 runs=        1 filter=  0.027ms semisort=  0.004ms
[pe-async] round=2804 R=2806 dirty=        2 runs=        1 filter=  0.028ms semisort=  0.004ms
[pe-async] round=2805 R=2807 dirty=        2 runs=        1 filter=  0.024ms semisort=  0.004ms
[pe-async] round=2806 R=2808 dirty=        2 runs=        1 filter=  0.027ms semisort=  0.004ms
[pe-async] round=2807 R=2809 dirty=        2 runs=        1 filter=  0.026ms semisort=  0.004ms
[pe-async] round=2808 R=2810 dirty=        2 runs=        1 filter=  0.026ms semisort=  0.004ms
[pe-async] round=2809 R=2811 dirty=        2 runs=        1 filter=  0.026ms semisort=  0.004ms
[pe-async] round=2810 R=2812 dirty=        2 runs=        1 filter=  0.024ms semisort=  0.004ms
[pe-async] round=2811 R=2813 dirty=        2 runs=        1 filter=  0.026ms semisort=  0.004ms
[pe-async] round=2812 R=2814 dirty=        2 runs=        1 filter=  0.026ms semisort=  0.004ms
[pe-async] round=2813 R=2815 dirty=        2 runs=        1 filter=  0.030ms semisort=  0.004ms
[pe-async] round=2814 R=2816 dirty=        2 runs=        1 filter=  0.027ms semisort=  0.004ms
[pe-async] round=2815 R=2817 dirty=        2 runs=        1 filter=  0.026ms semisort=  0.004ms
[pe-async] round=2816 R=2818 dirty=        2 runs=        1 filter=  0.026ms semisort=  0.004ms
[pe-async] round=2817 R=2819 dirty=        2 runs=        1 filter=  0.023ms semisort=  0.004ms
[pe-async] round=2818 R=2820 dirty=        2 runs=        1 filter=  0.027ms semisort=  0.004ms
[pe-async] round=2819 R=2821 dirty=        2 runs=        1 filter=  0.027ms semisort=  0.004ms
[pe-async] round=2820 R=2822 dirty=        2 runs=        1 filter=  0.026ms semisort=  0.004ms
[pe-async] round=2821 R=2823 dirty=        2 runs=        1 filter=  0.026ms semisort=  0.004ms
[pe-async] round=2822 R=2824 dirty=        2 runs=        1 filter=  0.027ms semisort=  0.004ms
[pe-async] round=2823 R=2825 dirty=        2 runs=        1 filter=  0.026ms semisort=  0.004ms
[pe-async] round=2824 R=2826 dirty=        2 runs=        1 filter=  0.024ms semisort=  0.004ms
[pe-async] round=2825 R=2827 dirty=        2 runs=        1 filter=  0.025ms semisort=  0.004ms
[pe-async] round=2826 R=2828 dirty=        2 runs=        1 filter=  0.027ms semisort=  0.004ms
[pe-async] round=2827 R=2829 dirty=        2 runs=        1 filter=  0.028ms semisort=  0.004ms
[pe-async] round=2828 R=2830 dirty=        2 runs=        1 filter=  0.026ms semisort=  0.004ms
[pe-async] round=2829 R=2831 dirty=        2 runs=        1 filter=  0.028ms semisort=  0.004ms
[pe-async] round=2830 R=2832 dirty=        2 runs=        1 filter=  0.026ms semisort=  0.004ms
[pe-async] round=2831 R=2833 dirty=        2 runs=        1 filter=  0.026ms semisort=  0.004ms
[pe-async] round=2832 R=2834 dirty=        2 runs=        1 filter=  0.025ms semisort=  0.004ms
[pe-async] round=2833 R=2835 dirty=        2 runs=        1 filter=  0.028ms semisort=  0.004ms
[pe-async] round=2834 R=2836 dirty=        2 runs=        1 filter=  0.027ms semisort=  0.004ms
[pe-async] round=2835 R=2837 dirty=        2 runs=        1 filter=  0.027ms semisort=  0.004ms
[pe-async] round=2836 R=2838 dirty=        2 runs=        1 filter=  0.026ms semisort=  0.004ms
[pe-async] round=2837 R=2839 dirty=        2 runs=        1 filter=  0.026ms semisort=  0.004ms
[pe-async] round=2838 R=2840 dirty=        2 runs=        1 filter=  0.028ms semisort=  0.004ms
[pe-async] round=2839 R=2841 dirty=        2 runs=        1 filter=  0.026ms semisort=  0.004ms
[pe-async] round=2840 R=2842 dirty=        2 runs=        1 filter=  0.027ms semisort=  0.004ms
[pe-async] round=2841 R=2843 dirty=        2 runs=        1 filter=  0.026ms semisort=  0.004ms
[pe-async] round=2842 R=2844 dirty=        2 runs=        1 filter=  0.026ms semisort=  0.004ms
[pe-async] round=2843 R=2845 dirty=        2 runs=        1 filter=  0.027ms semisort=  0.004ms
[pe-async] round=2844 R=2846 dirty=        2 runs=        1 filter=  0.026ms semisort=  0.004ms
[pe-async] round=2845 R=2847 dirty=        2 runs=        1 filter=  0.028ms semisort=  0.004ms
[pe-async] round=2846 R=2848 dirty=        2 runs=        1 filter=  0.026ms semisort=  0.004ms
[pe-async] round=2847 R=2849 dirty=        2 runs=        1 filter=  0.027ms semisort=  0.004ms
[pe-async] round=2848 R=2850 dirty=        2 runs=        1 filter=  0.026ms semisort=  0.004ms
[pe-async] round=2849 R=2851 dirty=        2 runs=        1 filter=  0.025ms semisort=  0.004ms
[pe-async] round=2850 R=2852 dirty=        2 runs=        1 filter=  0.025ms semisort=  0.003ms
[pe-async] round=2851 R=2853 dirty=        2 runs=        1 filter=  0.023ms semisort=  0.004ms
[pe-async] round=2852 R=2854 dirty=        2 runs=        1 filter=  0.024ms semisort=  0.004ms
[pe-async] round=2853 R=2855 dirty=        2 runs=        1 filter=  0.026ms semisort=  0.004ms
[pe-async] round=2854 R=2856 dirty=        2 runs=        1 filter=  0.027ms semisort=  0.004ms
[pe-async] round=2855 R=2857 dirty=        2 runs=        1 filter=  0.026ms semisort=  0.004ms
[pe-async] round=2856 R=2858 dirty=        2 runs=        1 filter=  0.023ms semisort=  0.004ms
[pe-async] round=2857 R=2859 dirty=        2 runs=        1 filter=  0.026ms semisort=  0.004ms
[pe-async] round=2858 R=2860 dirty=        2 runs=        1 filter=  0.028ms semisort=  0.004ms
[pe-async] round=2859 R=2861 dirty=        2 runs=        1 filter=  0.027ms semisort=  0.004ms
[pe-async] round=2860 R=2862 dirty=        2 runs=        1 filter=  0.026ms semisort=  0.004ms
[pe-async] round=2861 R=2863 dirty=        2 runs=        1 filter=  0.025ms semisort=  0.004ms
[pe-async] round=2862 R=2864 dirty=        2 runs=        1 filter=  0.026ms semisort=  0.004ms
[pe-async] round=2863 R=2865 dirty=        2 runs=        1 filter=  0.023ms semisort=  0.004ms
[pe-async] round=2864 R=2866 dirty=        2 runs=        1 filter=  0.024ms semisort=  0.004ms
[pe-async] round=2865 R=2867 dirty=        2 runs=        1 filter=  0.025ms semisort=  0.004ms
[pe-async] round=2866 R=2868 dirty=        2 runs=        1 filter=  0.026ms semisort=  0.004ms
[pe-async] round=2867 R=2869 dirty=        2 runs=        1 filter=  0.027ms semisort=  0.004ms
[pe-async] round=2868 R=2870 dirty=        2 runs=        1 filter=  0.024ms semisort=  0.004ms
[pe-async] round=2869 R=2871 dirty=        2 runs=        1 filter=  0.026ms semisort=  0.004ms
[pe-async] round=2870 R=2872 dirty=        2 runs=        1 filter=  0.025ms semisort=  0.004ms
[pe-async] round=2871 R=2873 dirty=        2 runs=        1 filter=  0.026ms semisort=  0.004ms
[pe-async] round=2872 R=2874 dirty=        2 runs=        1 filter=  0.026ms semisort=  0.004ms
[pe-async] round=2873 R=2875 dirty=        2 runs=        1 filter=  0.027ms semisort=  0.004ms
[pe-async] round=2874 R=2876 dirty=        2 runs=        1 filter=  0.026ms semisort=  0.004ms
[pe-async] round=2875 R=2877 dirty=        2 runs=        1 filter=  0.027ms semisort=  0.004ms
[pe-async] round=2876 R=2878 dirty=        2 runs=        1 filter=  0.026ms semisort=  0.004ms
[pe-async] round=2877 R=2879 dirty=        2 runs=        1 filter=  0.025ms semisort=  0.004ms
[pe-async] round=2878 R=2880 dirty=        2 runs=        1 filter=  0.026ms semisort=  0.004ms
[pe-async] round=2879 R=2881 dirty=        2 runs=        1 filter=  0.024ms semisort=  0.004ms
[pe-async] round=2880 R=2882 dirty=        2 runs=        1 filter=  0.025ms semisort=  0.004ms
[pe-async] round=2881 R=2883 dirty=        2 runs=        1 filter=  0.026ms semisort=  0.004ms
[pe-async] round=2882 R=2884 dirty=        2 runs=        1 filter=  0.024ms semisort=  0.003ms
[pe-async] round=2883 R=2885 dirty=        2 runs=        1 filter=  0.028ms semisort=  0.004ms
[pe-async] round=2884 R=2886 dirty=        2 runs=        1 filter=  0.027ms semisort=  0.004ms
[pe-async] round=2885 R=2887 dirty=        2 runs=        1 filter=  0.026ms semisort=  0.004ms
[pe-async] round=2886 R=2888 dirty=        2 runs=        1 filter=  0.026ms semisort=  0.004ms
[pe-async] round=2887 R=2889 dirty=        2 runs=        1 filter=  0.025ms semisort=  0.004ms
[pe-async] round=2888 R=2890 dirty=        2 runs=        1 filter=  0.026ms semisort=  0.004ms
[pe-async] round=2889 R=2891 dirty=        2 runs=        1 filter=  0.026ms semisort=  0.004ms
[pe-async] round=2890 R=2892 dirty=        2 runs=        1 filter=  0.024ms semisort=  0.004ms
[pe-async] round=2891 R=2893 dirty=        2 runs=        1 filter=  0.025ms semisort=  0.004ms
[pe-async] round=2892 R=2894 dirty=        2 runs=        1 filter=  0.024ms semisort=  0.004ms
[pe-async] round=2893 R=2895 dirty=        2 runs=        1 filter=  0.027ms semisort=  0.004ms
[pe-async] round=2894 R=2896 dirty=        2 runs=        1 filter=  0.027ms semisort=  0.004ms
[pe-async] round=2895 R=2897 dirty=        2 runs=        1 filter=  0.024ms semisort=  0.004ms
[pe-async] round=2896 R=2898 dirty=        2 runs=        1 filter=  0.028ms semisort=  0.004ms
[pe-async] round=2897 R=2899 dirty=        2 runs=        1 filter=  0.028ms semisort=  0.004ms
[pe-async] round=2898 R=2900 dirty=        2 runs=        1 filter=  0.026ms semisort=  0.004ms
[pe-async] round=2899 R=2901 dirty=        2 runs=        1 filter=  0.027ms semisort=  0.004ms
[pe-async] round=2900 R=2902 dirty=        2 runs=        1 filter=  0.024ms semisort=  0.004ms
[pe-async] round=2901 R=2903 dirty=        2 runs=        1 filter=  0.023ms semisort=  0.004ms
[pe-async] round=2902 R=2904 dirty=        2 runs=        1 filter=  0.023ms semisort=  0.004ms
[pe-async] round=2903 R=2905 dirty=        2 runs=        1 filter=  0.025ms semisort=  0.004ms
[pe-async] round=2904 R=2906 dirty=        2 runs=        1 filter=  0.026ms semisort=  0.004ms
[pe-async] round=2905 R=2907 dirty=        2 runs=        1 filter=  0.023ms semisort=  0.004ms
[pe-async] round=2906 R=2908 dirty=        2 runs=        1 filter=  0.034ms semisort=  0.004ms
[pe-async] round=2907 R=2909 dirty=        2 runs=        1 filter=  0.025ms semisort=  0.004ms
[pe-async] round=2908 R=2910 dirty=        2 runs=        1 filter=  0.025ms semisort=  0.004ms
[pe-async] round=2909 R=2911 dirty=        2 runs=        1 filter=  0.026ms semisort=  0.004ms
[pe-async] round=2910 R=2912 dirty=        2 runs=        1 filter=  0.027ms semisort=  0.004ms
[pe-async] round=2911 R=2913 dirty=        2 runs=        1 filter=  0.027ms semisort=  0.004ms
[pe-async] round=2912 R=2914 dirty=        2 runs=        1 filter=  0.025ms semisort=  0.004ms
[pe-async] round=2913 R=2915 dirty=        2 runs=        1 filter=  0.025ms semisort=  0.004ms
[pe-async] round=2914 R=2916 dirty=        2 runs=        1 filter=  0.024ms semisort=  0.004ms
[pe-async] round=2915 R=2917 dirty=        2 runs=        1 filter=  0.027ms semisort=  0.004ms
[pe-async] round=2916 R=2918 dirty=        2 runs=        1 filter=  0.026ms semisort=  0.004ms
[pe-async] round=2917 R=2919 dirty=        2 runs=        1 filter=  0.023ms semisort=  0.004ms
[pe-async] round=2918 R=2920 dirty=        2 runs=        1 filter=  0.026ms semisort=  0.004ms
[pe-async] round=2919 R=2921 dirty=        2 runs=        1 filter=  0.024ms semisort=  0.004ms
[pe-async] round=2920 R=2922 dirty=        2 runs=        1 filter=  0.025ms semisort=  0.004ms
[pe-async] round=2921 R=2923 dirty=        2 runs=        1 filter=  0.024ms semisort=  0.004ms
[pe-async] round=2922 R=2924 dirty=        2 runs=        1 filter=  0.025ms semisort=  0.004ms
[pe-async] round=2923 R=2925 dirty=        2 runs=        1 filter=  0.026ms semisort=  0.004ms
[pe-async] round=2924 R=2926 dirty=        2 runs=        1 filter=  0.026ms semisort=  0.004ms
[pe-async] round=2925 R=2927 dirty=        2 runs=        1 filter=  0.027ms semisort=  0.004ms
[pe-async] round=2926 R=2928 dirty=        2 runs=        1 filter=  0.025ms semisort=  0.004ms
[pe-async] round=2927 R=2929 dirty=        2 runs=        1 filter=  0.025ms semisort=  0.004ms
[pe-async] round=2928 R=2930 dirty=        2 runs=        1 filter=  0.023ms semisort=  0.004ms
[pe-async] round=2929 R=2931 dirty=        2 runs=        1 filter=  0.025ms semisort=  0.004ms
[pe-async] round=2930 R=2932 dirty=        2 runs=        1 filter=  0.026ms semisort=  0.004ms
[pe-async] round=2931 R=2933 dirty=        2 runs=        1 filter=  0.024ms semisort=  0.004ms
[pe-async] round=2932 R=2934 dirty=        2 runs=        1 filter=  0.028ms semisort=  0.004ms
[pe-async] round=2933 R=2935 dirty=        2 runs=        1 filter=  0.024ms semisort=  0.004ms
[pe-async] round=2934 R=2936 dirty=        2 runs=        1 filter=  0.026ms semisort=  0.004ms
[pe-async] round=2935 R=2937 dirty=        2 runs=        1 filter=  0.026ms semisort=  0.004ms
[pe-async] round=2936 R=2938 dirty=        2 runs=        1 filter=  0.028ms semisort=  0.004ms
[pe-async] round=2937 R=2939 dirty=        2 runs=        1 filter=  0.028ms semisort=  0.004ms
[pe-async] round=2938 R=2940 dirty=        2 runs=        1 filter=  0.026ms semisort=  0.004ms
[pe-async] round=2939 R=2941 dirty=        2 runs=        1 filter=  0.025ms semisort=  0.004ms
[pe-async] round=2940 R=2942 dirty=        2 runs=        1 filter=  0.028ms semisort=  0.004ms
[pe-async] round=2941 R=2943 dirty=        2 runs=        1 filter=  0.026ms semisort=  0.004ms
[pe-async] round=2942 R=2944 dirty=        2 runs=        1 filter=  0.025ms semisort=  0.004ms
[pe-async] round=2943 R=2945 dirty=        2 runs=        1 filter=  0.025ms semisort=  0.004ms
[pe-async] round=2944 R=2946 dirty=        2 runs=        1 filter=  0.027ms semisort=  0.003ms
[pe-async] round=2945 R=2947 dirty=        2 runs=        1 filter=  0.025ms semisort=  0.004ms
[pe-async] round=2946 R=2948 dirty=        2 runs=        1 filter=  0.025ms semisort=  0.004ms
[pe-async] round=2947 R=2949 dirty=        2 runs=        1 filter=  0.028ms semisort=  0.004ms
[pe-async] round=2948 R=2950 dirty=        2 runs=        1 filter=  0.026ms semisort=  0.004ms
[pe-async] round=2949 R=2951 dirty=        2 runs=        1 filter=  0.027ms semisort=  0.004ms
[pe-async] round=2950 R=2952 dirty=        2 runs=        1 filter=  0.025ms semisort=  0.004ms
[pe-async] round=2951 R=2953 dirty=        2 runs=        1 filter=  0.022ms semisort=  0.004ms
[pe-async] round=2952 R=2954 dirty=        2 runs=        1 filter=  0.027ms semisort=  0.004ms
[pe-async] round=2953 R=2955 dirty=        2 runs=        1 filter=  0.026ms semisort=  0.004ms
[pe-async] round=2954 R=2956 dirty=        2 runs=        1 filter=  0.023ms semisort=  0.004ms
[pe-async] round=2955 R=2957 dirty=        2 runs=        1 filter=  0.026ms semisort=  0.004ms
[pe-async] round=2956 R=2958 dirty=        2 runs=        1 filter=  0.026ms semisort=  0.004ms
[pe-async] round=2957 R=2959 dirty=        2 runs=        1 filter=  0.027ms semisort=  0.003ms
[pe-async] round=2958 R=2960 dirty=        2 runs=        1 filter=  0.027ms semisort=  0.004ms
[pe-async] round=2959 R=2961 dirty=        2 runs=        1 filter=  0.025ms semisort=  0.004ms
[pe-async] round=2960 R=2962 dirty=        2 runs=        1 filter=  0.026ms semisort=  0.004ms
[pe-async] round=2961 R=2963 dirty=        2 runs=        1 filter=  0.026ms semisort=  0.004ms
[pe-async] round=2962 R=2964 dirty=        2 runs=        1 filter=  0.026ms semisort=  0.004ms
[pe-async] round=2963 R=2965 dirty=        2 runs=        1 filter=  0.027ms semisort=  0.004ms
[pe-async] round=2964 R=2966 dirty=        2 runs=        1 filter=  0.028ms semisort=  0.004ms
[pe-async] round=2965 R=2967 dirty=        2 runs=        1 filter=  0.026ms semisort=  0.004ms
[pe-async] round=2966 R=2968 dirty=        2 runs=        1 filter=  0.026ms semisort=  0.004ms
[pe-async] round=2967 R=2969 dirty=        2 runs=        1 filter=  0.027ms semisort=  0.004ms
[pe-async] round=2968 R=2970 dirty=        2 runs=        1 filter=  0.027ms semisort=  0.004ms
[pe-async] round=2969 R=2971 dirty=        2 runs=        1 filter=  0.028ms semisort=  0.004ms
[pe-async] round=2970 R=2972 dirty=        2 runs=        1 filter=  0.026ms semisort=  0.004ms
[pe-async] round=2971 R=2973 dirty=        2 runs=        1 filter=  0.025ms semisort=  0.004ms
[pe-async] round=2972 R=2974 dirty=        2 runs=        1 filter=  0.026ms semisort=  0.003ms
[pe-async] round=2973 R=2975 dirty=        2 runs=        1 filter=  0.024ms semisort=  0.004ms
[pe-async] round=2974 R=2976 dirty=        2 runs=        1 filter=  0.022ms semisort=  0.004ms
[pe-async] round=2975 R=2977 dirty=        2 runs=        1 filter=  0.028ms semisort=  0.004ms
[pe-async] round=2976 R=2978 dirty=        2 runs=        1 filter=  0.025ms semisort=  0.004ms
[pe-async] round=2977 R=2979 dirty=        2 runs=        1 filter=  0.027ms semisort=  0.004ms
[pe-async] round=2978 R=2980 dirty=        2 runs=        1 filter=  0.026ms semisort=  0.004ms
[pe-async] round=2979 R=2981 dirty=        2 runs=        1 filter=  0.026ms semisort=  0.004ms
[pe-async] round=2980 R=2982 dirty=        2 runs=        1 filter=  0.026ms semisort=  0.004ms
[pe-async] round=2981 R=2983 dirty=        2 runs=        1 filter=  0.026ms semisort=  0.004ms
[pe-async] round=2982 R=2984 dirty=        2 runs=        1 filter=  0.025ms semisort=  0.004ms
[pe-async] round=2983 R=2985 dirty=        2 runs=        1 filter=  0.025ms semisort=  0.004ms
[pe-async] round=2984 R=2986 dirty=        2 runs=        1 filter=  0.025ms semisort=  0.004ms
[pe-async] round=2985 R=2987 dirty=        2 runs=        1 filter=  0.026ms semisort=  0.004ms
[pe-async] round=2986 R=2988 dirty=        2 runs=        1 filter=  0.026ms semisort=  0.003ms
[pe-async] round=2987 R=2989 dirty=        2 runs=        1 filter=  0.027ms semisort=  0.004ms
[pe-async] round=2988 R=2990 dirty=        2 runs=        1 filter=  0.025ms semisort=  0.003ms
[pe-async] round=2989 R=2991 dirty=        2 runs=        1 filter=  0.027ms semisort=  0.004ms
[pe-async] round=2990 R=2992 dirty=        2 runs=        1 filter=  0.027ms semisort=  0.004ms
[pe-async] round=2991 R=2993 dirty=        2 runs=        1 filter=  0.027ms semisort=  0.004ms
[pe-async] round=2992 R=2994 dirty=        2 runs=        1 filter=  0.027ms semisort=  0.004ms
[pe-async] round=2993 R=2995 dirty=        2 runs=        1 filter=  0.027ms semisort=  0.004ms
[pe-async] round=2994 R=2996 dirty=        2 runs=        1 filter=  0.025ms semisort=  0.004ms
[pe-async] round=2995 R=2997 dirty=        2 runs=        1 filter=  0.025ms semisort=  0.004ms
[pe-async] round=2996 R=2998 dirty=        2 runs=        1 filter=  0.027ms semisort=  0.004ms
[pe-async] round=2997 R=2999 dirty=        2 runs=        1 filter=  0.028ms semisort=  0.004ms
[pe-async] round=2998 R=3000 dirty=        2 runs=        1 filter=  0.028ms semisort=  0.003ms
[pe-async] round=2999 R=3001 dirty=        2 runs=        1 filter=  0.031ms semisort=  0.004ms
[pe-async] round=3000 R=3002 dirty=        0 filter=  0.025ms (clean break)
[pe-async-cont] scans=3001 empty_scans=1 groups_pushed=3000 groups_consumed=3000 unions=3000  total=119.826ms
