file,expected,algorithm,threads,trial,result,wall_s,read_s,parse_s,build_s,close_s,check_s,dtor_s,error
arrays-ops.0.ground.smt2,,nelson_topo_iter,1,0,unsat,0.073603,0.031260,0.001510,0.002640,0.000120,0.000000,0.000020,
arrays-ops.0.ground.smt2,,par_async,1,0,unsat,0.008819,0.000360,0.001470,0.002390,0.000210,0.000000,0.000020,
arrays-ops.0.ground.smt2,,par_async,2,0,unsat,0.008571,0.000250,0.001450,0.002510,0.000300,0.000000,0.000040,
arrays-ops.0.ground.smt2,,par_async,4,0,unsat,0.009007,0.000240,0.001460,0.002630,0.000630,0.000000,0.000040,
arrays-ops.0.ground.smt2,,par_async,8,0,unsat,0.009913,0.000260,0.001490,0.003010,0.000600,0.000000,0.000060,
arrays-ops.0.ground.smt2,,par_async,16,0,unsat,0.010463,0.000250,0.001520,0.003630,0.000760,0.000000,0.000060,
arrays-ops.0.ground.smt2,,par_async,32,0,unsat,0.011396,0.000200,0.001460,0.004810,0.000920,0.000000,0.000070,
arrays-ops.0.ground.smt2,,par_async,64,0,unsat,0.015690,0.000210,0.001450,0.006880,0.001440,0.000000,0.000710,
arrays-ops.0.ground.smt2,,par_async,128,0,unsat,0.029129,0.000240,0.001440,0.010660,0.006360,0.000000,0.001980,
arrays-ops.1.ground.smt2,,nelson_topo_iter,1,0,unsat,0.024447,0.018840,0.000690,0.001970,0.000080,0.000000,0.000010,
arrays-ops.1.ground.smt2,,par_async,1,0,unsat,0.006072,0.000310,0.000620,0.001710,0.000130,0.000000,0.000010,
arrays-ops.1.ground.smt2,,par_async,2,0,unsat,0.006486,0.000150,0.000640,0.001760,0.000160,0.000000,0.000030,
arrays-ops.1.ground.smt2,,par_async,4,0,unsat,0.005800,0.000130,0.000630,0.001890,0.000190,0.000000,0.000090,
arrays-ops.1.ground.smt2,,par_async,8,0,unsat,0.006501,0.000150,0.000650,0.002230,0.000220,0.000000,0.000190,
arrays-ops.1.ground.smt2,,par_async,16,0,unsat,0.006896,0.000120,0.000640,0.002760,0.000370,0.000000,0.000040,
arrays-ops.1.ground.smt2,,par_async,32,0,unsat,0.008274,0.000100,0.000570,0.003410,0.000460,0.000000,0.000030,
arrays-ops.1.ground.smt2,,par_async,64,0,unsat,0.014007,0.000130,0.000640,0.007030,0.000580,0.000000,0.000500,
arrays-ops.1.ground.smt2,,par_async,128,0,unsat,0.022448,0.000170,0.000640,0.009720,0.001260,0.000000,0.002520,
arrays-ops.2.ground.smt2,,nelson_topo_iter,1,0,unsat,0.028631,0.021530,0.001400,0.002430,0.000170,0.000000,0.000020,
arrays-ops.2.ground.smt2,,par_async,1,0,unsat,0.007899,0.000420,0.001420,0.002300,0.000230,0.000000,0.000020,
arrays-ops.2.ground.smt2,,par_async,2,0,unsat,0.008412,0.000230,0.001430,0.002480,0.000280,0.000000,0.000060,
arrays-ops.2.ground.smt2,,par_async,4,0,unsat,0.008667,0.000230,0.001420,0.002600,0.000400,0.000000,0.000070,
arrays-ops.2.ground.smt2,,par_async,8,0,unsat,0.008292,0.000210,0.001420,0.002970,0.000460,0.000000,0.000060,
arrays-ops.2.ground.smt2,,par_async,16,0,unsat,0.009175,0.000200,0.001430,0.003500,0.000770,0.000000,0.000050,
arrays-ops.2.ground.smt2,,par_async,32,0,unsat,0.010898,0.000210,0.001400,0.004720,0.000880,0.000000,0.000070,
arrays-ops.2.ground.smt2,,par_async,64,0,unsat,0.016213,0.000220,0.001430,0.007530,0.001010,0.000000,0.000360,
arrays-ops.2.ground.smt2,,par_async,128,0,unsat,0.024565,0.000220,0.001440,0.010420,0.003500,0.000000,0.002320,
arrays-ops.3.ground.smt2,,nelson_topo_iter,1,0,unsat,0.043504,0.035870,0.001810,0.002250,0.000120,0.000000,0.000020,
arrays-ops.3.ground.smt2,,par_async,1,0,unsat,0.008276,0.000400,0.001460,0.002370,0.000240,0.000000,0.000020,
arrays-ops.3.ground.smt2,,par_async,2,0,unsat,0.008481,0.000230,0.001470,0.002500,0.000370,0.000000,0.000020,
arrays-ops.3.ground.smt2,,par_async,4,0,unsat,0.007838,0.000200,0.001460,0.002620,0.000480,0.000000,0.000100,
arrays-ops.3.ground.smt2,,par_async,8,0,unsat,0.008687,0.000210,0.001640,0.002910,0.000500,0.000000,0.000060,
arrays-ops.3.ground.smt2,,par_async,16,0,unsat,0.009231,0.000220,0.001450,0.003520,0.000710,0.000000,0.000060,
arrays-ops.3.ground.smt2,,par_async,32,0,unsat,0.011964,0.000240,0.001460,0.004840,0.000590,0.000000,0.000060,
arrays-ops.3.ground.smt2,,par_async,64,0,unsat,0.017519,0.000230,0.001450,0.009130,0.001370,0.000000,0.000530,
arrays-ops.3.ground.smt2,,par_async,128,0,unsat,0.032709,0.000220,0.001460,0.015220,0.006600,0.000000,0.001530,
arrays-ops.4.ground.smt2,,nelson_topo_iter,1,0,unsat,0.024376,0.016740,0.001840,0.002710,0.000100,0.000000,0.000020,
arrays-ops.4.ground.smt2,,par_async,1,0,unsat,0.008486,0.000410,0.001900,0.002480,0.000230,0.000000,0.000010,
arrays-ops.4.ground.smt2,,par_async,2,0,unsat,0.008656,0.000240,0.001830,0.002660,0.000290,0.000000,0.000030,
arrays-ops.4.ground.smt2,,par_async,4,0,unsat,0.008470,0.000250,0.001830,0.002800,0.000440,0.000000,0.000040,
arrays-ops.4.ground.smt2,,par_async,8,0,unsat,0.008965,0.000240,0.001830,0.003120,0.000560,0.000000,0.000060,
arrays-ops.4.ground.smt2,,par_async,16,0,unsat,0.010227,0.000430,0.001840,0.003860,0.000630,0.000000,0.000070,
arrays-ops.4.ground.smt2,,par_async,32,0,unsat,0.012034,0.000250,0.001880,0.005080,0.000600,0.000000,0.000200,
arrays-ops.4.ground.smt2,,par_async,64,0,unsat,0.019259,0.000230,0.001840,0.009040,0.001930,0.000000,0.000220,
arrays-ops.4.ground.smt2,,par_async,128,0,unsat,0.032395,0.000230,0.001850,0.013980,0.006710,0.000000,0.002000,
arrays-outputs.0.ground.smt2,,nelson_topo_iter,1,0,unsat,1.384981,0.557510,0.339680,0.340720,0.042500,0.000000,0.002620,
arrays-outputs.0.ground.smt2,,par_async,1,0,unsat,0.893354,0.015250,0.338070,0.328460,0.104120,0.000000,0.001490,
arrays-outputs.0.ground.smt2,,par_async,2,0,unsat,0.846985,0.015470,0.329590,0.323330,0.066180,0.000000,0.003960,
arrays-outputs.0.ground.smt2,,par_async,4,0,unsat,0.851306,0.015400,0.335030,0.327280,0.054810,0.000000,0.007670,
arrays-outputs.0.ground.smt2,,par_async,8,0,unsat,0.830509,0.015510,0.333320,0.326440,0.036160,0.000000,0.008560,
arrays-outputs.0.ground.smt2,,par_async,16,0,unsat,0.828334,0.014490,0.336330,0.326300,0.033430,0.000000,0.008530,
arrays-outputs.0.ground.smt2,,par_async,32,0,unsat,0.829325,0.015840,0.329900,0.331110,0.031230,0.000000,0.009560,
arrays-outputs.0.ground.smt2,,par_async,64,0,unsat,0.851761,0.015060,0.334960,0.333320,0.039770,0.000000,0.011640,
arrays-outputs.0.ground.smt2,,par_async,128,0,unsat,0.965136,0.016210,0.338170,0.348650,0.116680,0.000000,0.015480,
demo.1.ground.smt2,,nelson_topo_iter,1,0,unsat,1.763411,0.725730,0.392990,0.460690,0.040760,0.000000,0.003420,
demo.1.ground.smt2,,par_async,1,0,unsat,1.143707,0.020980,0.398360,0.435480,0.145900,0.000000,0.002540,
demo.1.ground.smt2,,par_async,2,0,unsat,1.081284,0.020130,0.392910,0.434720,0.085700,0.000000,0.004670,
demo.1.ground.smt2,,par_async,4,0,unsat,1.064373,0.019020,0.395210,0.432640,0.064020,0.000000,0.009840,
demo.1.ground.smt2,,par_async,8,0,unsat,1.057088,0.021160,0.392200,0.440290,0.045470,0.000000,0.010420,
demo.1.ground.smt2,,par_async,16,0,unsat,1.045195,0.020470,0.392000,0.436510,0.040750,0.000000,0.012330,
demo.1.ground.smt2,,par_async,32,0,unsat,1.064524,0.021620,0.397750,0.445630,0.038940,0.000000,0.013300,
demo.1.ground.smt2,,par_async,64,0,unsat,1.058792,0.019850,0.391750,0.435610,0.046590,0.000000,0.014890,
demo.1.ground.smt2,,par_async,128,0,unsat,1.181944,0.022480,0.396510,0.444570,0.131720,0.000000,0.023750,
demo.12.ground.smt2,,nelson_topo_iter,1,0,unsat,1.350234,0.537940,0.311390,0.359160,0.022870,0.000000,0.002780,
demo.12.ground.smt2,,par_async,1,0,unsat,0.929076,0.016110,0.313660,0.353350,0.123840,0.000000,0.001840,
demo.12.ground.smt2,,par_async,2,0,unsat,0.881757,0.014870,0.312280,0.348950,0.077930,0.000000,0.003730,
demo.12.ground.smt2,,par_async,4,0,unsat,0.874903,0.015880,0.315690,0.349520,0.061610,0.000000,0.008020,
demo.12.ground.smt2,,par_async,8,0,unsat,0.846519,0.015690,0.315000,0.336980,0.044980,0.000000,0.008550,
demo.12.ground.smt2,,par_async,16,0,unsat,0.837362,0.015110,0.314840,0.334420,0.042180,0.000000,0.008920,
demo.12.ground.smt2,,par_async,32,0,unsat,0.840925,0.015080,0.316220,0.331550,0.042940,0.000000,0.010850,
demo.12.ground.smt2,,par_async,64,0,unsat,0.867609,0.015600,0.313990,0.347180,0.048760,0.000000,0.013600,
demo.12.ground.smt2,,par_async,128,0,unsat,1.033856,0.016070,0.312290,0.368800,0.181280,0.000000,0.017130,
demo.13.ground.smt2,,nelson_topo_iter,1,0,unsat,1.439162,0.529450,0.334380,0.413930,0.031270,0.000000,0.003070,
demo.13.ground.smt2,,par_async,1,0,unsat,1.060017,0.015430,0.331030,0.402660,0.180620,0.000000,0.001930,
demo.13.ground.smt2,,par_async,2,0,unsat,0.986817,0.015040,0.327170,0.389130,0.121630,0.000000,0.004190,
demo.13.ground.smt2,,par_async,4,0,unsat,0.948229,0.013960,0.330290,0.381120,0.084500,0.000000,0.007730,
demo.13.ground.smt2,,par_async,8,0,unsat,0.952108,0.014650,0.334570,0.393950,0.064190,0.000000,0.010130,
demo.13.ground.smt2,,par_async,16,0,unsat,0.943419,0.013980,0.330800,0.401500,0.054160,0.000000,0.010400,
demo.13.ground.smt2,,par_async,32,0,unsat,0.932483,0.015380,0.332490,0.389250,0.050480,0.000000,0.011430,
demo.13.ground.smt2,,par_async,64,0,unsat,0.946651,0.016880,0.329400,0.383810,0.056870,0.000000,0.013890,
demo.13.ground.smt2,,par_async,128,0,unsat,1.082690,0.015770,0.329260,0.417350,0.151940,0.000000,0.021210,
demo.14.ground.smt2,,nelson_topo_iter,1,0,unsat,2.272318,0.896450,0.508710,0.619370,0.050880,0.000000,0.004300,
demo.14.ground.smt2,,par_async,1,0,unsat,1.589706,0.021530,0.501690,0.603910,0.265560,0.000000,0.003030,
demo.14.ground.smt2,,par_async,2,0,unsat,1.590508,0.022320,0.508890,0.670600,0.164680,0.000000,0.004440,
demo.14.ground.smt2,,par_async,4,0,unsat,1.591105,0.021710,0.515520,0.695960,0.124140,0.000000,0.011480,
demo.14.ground.smt2,,par_async,8,0,unsat,1.533623,0.023250,0.507040,0.685100,0.083920,0.000000,0.012890,
demo.14.ground.smt2,,par_async,16,0,unsat,1.506646,0.023920,0.511270,0.661280,0.070680,0.000000,0.012820,
demo.14.ground.smt2,,par_async,32,0,unsat,1.488293,0.023160,0.511220,0.646570,0.063530,0.000000,0.015920,
demo.14.ground.smt2,,par_async,64,0,unsat,1.466112,0.022610,0.504540,0.623170,0.067530,0.000000,0.021140,
demo.14.ground.smt2,,par_async,128,0,unsat,1.588584,0.023010,0.507520,0.647850,0.154220,0.000000,0.023220,
demo.15.ground.smt2,,nelson_topo_iter,1,0,unsat,1.993742,0.753950,0.440970,0.571830,0.055140,0.000000,0.003540,
demo.15.ground.smt2,,par_async,1,0,unsat,1.416575,0.021770,0.440380,0.562000,0.222050,0.000000,0.002780,
demo.15.ground.smt2,,par_async,2,0,unsat,1.375534,0.020780,0.447440,0.579320,0.145100,0.000000,0.004720,
demo.15.ground.smt2,,par_async,4,0,unsat,1.292929,0.020190,0.442900,0.537690,0.109030,0.000000,0.010360,
demo.15.ground.smt2,,par_async,8,0,unsat,1.275262,0.022060,0.446010,0.539780,0.077710,0.000000,0.010740,
demo.15.ground.smt2,,par_async,16,0,unsat,1.263956,0.021900,0.446430,0.540460,0.063200,0.000000,0.011560,
demo.15.ground.smt2,,par_async,32,0,unsat,1.258059,0.022160,0.441840,0.541990,0.059410,0.000000,0.013320,
demo.15.ground.smt2,,par_async,64,0,unsat,1.292935,0.022270,0.442960,0.564120,0.061120,0.000000,0.016910,
demo.15.ground.smt2,,par_async,128,0,unsat,1.408511,0.021760,0.443750,0.589040,0.135040,0.000000,0.023080,
demo.16.ground.smt2,,nelson_topo_iter,1,0,unsat,1.874578,0.643820,0.425180,0.592570,0.045950,0.000000,0.004000,
demo.16.ground.smt2,,par_async,1,0,unsat,1.309815,0.020240,0.425440,0.491700,0.203780,0.000000,0.002430,
demo.16.ground.smt2,,par_async,2,0,unsat,1.273719,0.019070,0.426620,0.521580,0.129900,0.000000,0.004860,
demo.16.ground.smt2,,par_async,4,0,unsat,1.236675,0.018610,0.426850,0.520550,0.092780,0.000000,0.009020,
demo.16.ground.smt2,,par_async,8,0,unsat,1.219517,0.020620,0.422520,0.531280,0.066560,0.000000,0.011160,
demo.16.ground.smt2,,par_async,16,0,unsat,1.192415,0.020510,0.425190,0.501510,0.064300,0.000000,0.011870,
demo.16.ground.smt2,,par_async,32,0,unsat,1.217651,0.021470,0.425180,0.529630,0.055270,0.000000,0.012830,
demo.16.ground.smt2,,par_async,64,0,unsat,1.232135,0.021220,0.426610,0.525390,0.065500,0.000000,0.016440,
demo.16.ground.smt2,,par_async,128,0,unsat,1.312567,0.022200,0.426140,0.538710,0.121740,0.000000,0.020540,
demo.17.ground.smt2,,nelson_topo_iter,1,0,unsat,1.188895,0.412100,0.291180,0.335080,0.022630,0.000000,0.002640,
demo.17.ground.smt2,,par_async,1,0,unsat,0.904848,0.014540,0.293310,0.321560,0.144360,0.000000,0.001960,
demo.17.ground.smt2,,par_async,2,0,unsat,0.894636,0.014290,0.297130,0.357310,0.086380,0.000000,0.003950,
demo.17.ground.smt2,,par_async,4,0,unsat,0.840451,0.013790,0.296430,0.327640,0.063750,0.000000,0.007650,
demo.17.ground.smt2,,par_async,8,0,unsat,0.859070,0.013660,0.294450,0.359920,0.052220,0.000000,0.008300,
demo.17.ground.smt2,,par_async,16,0,unsat,0.825498,0.014960,0.292190,0.332360,0.046650,0.000000,0.009260,
demo.17.ground.smt2,,par_async,32,0,unsat,0.829268,0.013730,0.290880,0.339760,0.041260,0.000000,0.010060,
demo.17.ground.smt2,,par_async,64,0,unsat,0.853215,0.013630,0.296170,0.342240,0.050040,0.000000,0.012440,
demo.17.ground.smt2,,par_async,128,0,unsat,0.962146,0.015410,0.290890,0.353370,0.139560,0.000000,0.015830,
demo.19.ground.smt2,,nelson_topo_iter,1,0,unsat,0.596470,0.171630,0.164130,0.179900,0.024010,0.000000,0.001440,
demo.19.ground.smt2,,par_async,1,0,unsat,0.445936,0.007960,0.163060,0.170950,0.048340,0.000000,0.000980,
demo.19.ground.smt2,,par_async,2,0,unsat,0.441565,0.007950,0.163470,0.174110,0.035570,0.000000,0.002720,
demo.19.ground.smt2,,par_async,4,0,unsat,0.437294,0.007580,0.162650,0.176190,0.028340,0.000000,0.004740,
demo.19.ground.smt2,,par_async,8,0,unsat,0.433263,0.007770,0.164930,0.177410,0.021110,0.000000,0.004920,
demo.19.ground.smt2,,par_async,16,0,unsat,0.436198,0.007310,0.164320,0.177260,0.023050,0.000000,0.005460,
demo.19.ground.smt2,,par_async,32,0,unsat,0.449994,0.007260,0.165540,0.185360,0.024210,0.000000,0.006320,
demo.19.ground.smt2,,par_async,64,0,unsat,0.466198,0.007440,0.163570,0.188170,0.032890,0.000000,0.008180,
demo.19.ground.smt2,,par_async,128,0,unsat,0.593930,0.007360,0.166930,0.209710,0.127490,0.000000,0.009640,
demo.2.ground.smt2,,nelson_topo_iter,1,0,unsat,1.782175,0.585890,0.377050,0.561710,0.103470,0.000000,0.003720,
demo.2.ground.smt2,,par_async,1,0,unsat,1.473676,0.016360,0.377510,0.486250,0.440300,0.000000,0.002260,
demo.2.ground.smt2,,par_async,2,0,unsat,1.303147,0.017000,0.376570,0.491640,0.257940,0.000000,0.004420,
demo.2.ground.smt2,,par_async,4,0,unsat,1.253854,0.015780,0.379530,0.500290,0.191570,0.000000,0.011250,
demo.2.ground.smt2,,par_async,8,0,unsat,1.162387,0.016590,0.376110,0.482610,0.126510,0.000000,0.009750,
demo.2.ground.smt2,,par_async,16,0,unsat,1.112367,0.016300,0.372020,0.463970,0.096670,0.000000,0.011100,
demo.2.ground.smt2,,par_async,32,0,unsat,1.117622,0.016010,0.379140,0.477430,0.076840,0.000000,0.013130,
demo.2.ground.smt2,,par_async,64,0,unsat,1.143707,0.016800,0.376110,0.477470,0.089720,0.000000,0.015880,
demo.2.ground.smt2,,par_async,128,0,unsat,1.239786,0.017220,0.372700,0.501680,0.159560,0.000000,0.020760,
demo.20.ground.smt2,,nelson_topo_iter,1,0,unsat,1.787139,0.631830,0.401260,0.527140,0.061460,0.000000,0.003780,
demo.20.ground.smt2,,par_async,1,0,unsat,1.250255,0.019160,0.400340,0.509620,0.154450,0.000000,0.002290,
demo.20.ground.smt2,,par_async,2,0,unsat,1.209253,0.019180,0.410030,0.518330,0.086000,0.000000,0.004140,
demo.20.ground.smt2,,par_async,4,0,unsat,1.199647,0.019780,0.403060,0.529960,0.065000,0.000000,0.010110,
demo.20.ground.smt2,,par_async,8,0,unsat,1.166975,0.019890,0.404100,0.522400,0.042430,0.000000,0.009280,
demo.20.ground.smt2,,par_async,16,0,unsat,1.142703,0.019480,0.400930,0.510650,0.036910,0.000000,0.010170,
demo.20.ground.smt2,,par_async,32,0,unsat,1.148869,0.020000,0.403120,0.513380,0.034600,0.000000,0.012130,
demo.20.ground.smt2,,par_async,64,0,unsat,1.151445,0.021440,0.397580,0.507830,0.040820,0.000000,0.016100,
demo.20.ground.smt2,,par_async,128,0,unsat,1.236878,0.021400,0.400650,0.539890,0.076870,0.000000,0.017500,
demo.21.ground.smt2,,nelson_topo_iter,1,0,unsat,1.608964,0.685580,0.349520,0.405670,0.037860,0.000000,0.002440,
demo.21.ground.smt2,,par_async,1,0,unsat,1.072356,0.021210,0.356040,0.416120,0.141900,0.000000,0.001550,
demo.21.ground.smt2,,par_async,2,0,unsat,1.017756,0.019340,0.349740,0.415280,0.090300,0.000000,0.003860,
demo.21.ground.smt2,,par_async,4,0,unsat,0.958486,0.019620,0.348020,0.381450,0.067270,0.000000,0.006810,
demo.21.ground.smt2,,par_async,8,0,unsat,0.993738,0.020700,0.352160,0.424430,0.051450,0.000000,0.007640,
demo.21.ground.smt2,,par_async,16,0,unsat,0.960259,0.021150,0.348670,0.400270,0.047150,0.000000,0.008970,
demo.21.ground.smt2,,par_async,32,0,unsat,0.959872,0.019830,0.348280,0.396440,0.048610,0.000000,0.009970,
demo.21.ground.smt2,,par_async,64,0,unsat,0.998591,0.020480,0.349930,0.426530,0.053210,0.000000,0.010630,
demo.21.ground.smt2,,par_async,128,0,unsat,1.093177,0.021010,0.354110,0.435360,0.119270,0.000000,0.014170,
demo.22.ground.smt2,,nelson_topo_iter,1,0,unsat,1.379276,0.476520,0.323920,0.414520,0.031560,0.000000,0.002760,
demo.22.ground.smt2,,par_async,1,0,unsat,1.013197,0.016440,0.326270,0.420880,0.112210,0.000000,0.001850,
demo.22.ground.smt2,,par_async,2,0,unsat,0.975568,0.014340,0.330700,0.416190,0.072140,0.000000,0.004280,
demo.22.ground.smt2,,par_async,4,0,unsat,0.916592,0.015750,0.326050,0.378830,0.052520,0.000000,0.007690,
demo.22.ground.smt2,,par_async,8,0,unsat,0.958145,0.014350,0.330580,0.426820,0.039530,0.000000,0.008830,
demo.22.ground.smt2,,par_async,16,0,unsat,0.929720,0.014710,0.330210,0.405600,0.034540,0.000000,0.009110,
demo.22.ground.smt2,,par_async,32,0,unsat,0.935996,0.014950,0.327170,0.410300,0.034920,0.000000,0.010040,
demo.22.ground.smt2,,par_async,64,0,unsat,0.962234,0.014650,0.327620,0.419110,0.044740,0.000000,0.012320,
demo.22.ground.smt2,,par_async,128,0,unsat,1.086098,0.015570,0.326280,0.420500,0.152990,0.000000,0.016970,
demo.23.ground.smt2,,nelson_topo_iter,1,0,unsat,1.109774,0.283370,0.277110,0.408280,0.020440,0.000000,0.002350,
demo.23.ground.smt2,,par_async,1,0,unsat,0.848832,0.013700,0.276590,0.332080,0.107050,0.000000,0.001510,
demo.23.ground.smt2,,par_async,2,0,unsat,0.853833,0.012470,0.271640,0.372800,0.069310,0.000000,0.004440,
demo.23.ground.smt2,,par_async,4,0,unsat,0.806457,0.012810,0.276120,0.337750,0.053850,0.000000,0.005640,
demo.23.ground.smt2,,par_async,8,0,unsat,0.803113,0.012830,0.275460,0.348320,0.038360,0.000000,0.005940,
demo.23.ground.smt2,,par_async,16,0,unsat,0.794502,0.011920,0.272320,0.344710,0.039180,0.000000,0.006220,
demo.23.ground.smt2,,par_async,32,0,unsat,0.783581,0.012370,0.272000,0.331160,0.036160,0.000000,0.008790,
demo.23.ground.smt2,,par_async,64,0,unsat,0.797166,0.012880,0.274030,0.325280,0.046720,0.000000,0.012860,
demo.23.ground.smt2,,par_async,128,0,unsat,0.898088,0.013260,0.277350,0.359480,0.094340,0.000000,0.015510,
demo.24.ground.smt2,,nelson_topo_iter,1,0,unsat,0.614334,0.175800,0.164710,0.191390,0.023430,0.000000,0.001450,
demo.24.ground.smt2,,par_async,1,0,unsat,0.501164,0.007220,0.164010,0.218450,0.050530,0.000000,0.000910,
demo.24.ground.smt2,,par_async,2,0,unsat,0.474549,0.007680,0.165200,0.203020,0.035530,0.000000,0.002900,
demo.24.ground.smt2,,par_async,4,0,unsat,0.477834,0.008440,0.164460,0.212060,0.027230,0.000000,0.003270,
demo.24.ground.smt2,,par_async,8,0,unsat,0.477283,0.008670,0.167290,0.215320,0.021650,0.000000,0.003550,
demo.24.ground.smt2,,par_async,16,0,unsat,0.461130,0.007440,0.163180,0.200970,0.023550,0.000000,0.004240,
demo.24.ground.smt2,,par_async,32,0,unsat,0.466154,0.007740,0.163900,0.199680,0.025370,0.000000,0.005710,
demo.24.ground.smt2,,par_async,64,0,unsat,0.480069,0.008340,0.164710,0.193340,0.033620,0.000000,0.008160,
demo.24.ground.smt2,,par_async,128,0,unsat,0.570726,0.008530,0.164330,0.220830,0.091820,0.000000,0.009160,
demo.25.ground.smt2,,nelson_topo_iter,1,0,unsat,1.918992,0.684840,0.429300,0.603240,0.032990,0.000000,0.002710,
demo.25.ground.smt2,,par_async,1,0,unsat,1.330198,0.022060,0.423770,0.581570,0.135310,0.000000,0.001590,
demo.25.ground.smt2,,par_async,2,0,unsat,1.282938,0.021480,0.422790,0.578770,0.085990,0.000000,0.004000,
demo.25.ground.smt2,,par_async,4,0,unsat,1.227280,0.021580,0.419410,0.542940,0.065760,0.000000,0.008110,
demo.25.ground.smt2,,par_async,8,0,unsat,1.246757,0.021700,0.419530,0.581250,0.045140,0.000000,0.008150,
demo.25.ground.smt2,,par_async,16,0,unsat,1.207215,0.022840,0.422840,0.540770,0.041380,0.000000,0.008770,
demo.25.ground.smt2,,par_async,32,0,unsat,1.212751,0.021810,0.420560,0.549060,0.040300,0.000000,0.010180,
demo.25.ground.smt2,,par_async,64,0,unsat,1.233343,0.021780,0.417480,0.550750,0.053050,0.000000,0.012570,
demo.25.ground.smt2,,par_async,128,0,unsat,1.320908,0.022370,0.419340,0.538150,0.137360,0.000000,0.017950,
demo.26.ground.smt2,,nelson_topo_iter,1,0,unsat,1.716794,0.703440,0.360040,0.473690,0.040510,0.000000,0.002560,
demo.26.ground.smt2,,par_async,1,0,unsat,1.107086,0.022100,0.364910,0.432480,0.147760,0.000000,0.001640,
demo.26.ground.smt2,,par_async,2,0,unsat,1.074426,0.021810,0.362700,0.448860,0.095970,0.000000,0.004940,
demo.26.ground.smt2,,par_async,4,0,unsat,1.025609,0.020780,0.362330,0.421550,0.071740,0.000000,0.008100,
demo.26.ground.smt2,,par_async,8,0,unsat,1.003000,0.022750,0.366090,0.410010,0.052640,0.000000,0.008640,
demo.26.ground.smt2,,par_async,16,0,unsat,1.003341,0.021280,0.369590,0.409240,0.054280,0.000000,0.008400,
demo.26.ground.smt2,,par_async,32,0,unsat,1.045588,0.021720,0.367700,0.433070,0.051600,0.000000,0.009850,
demo.26.ground.smt2,,par_async,64,0,unsat,1.031683,0.022980,0.362150,0.438330,0.051450,0.000000,0.012010,
demo.26.ground.smt2,,par_async,128,0,unsat,1.119868,0.021990,0.362890,0.443070,0.119980,0.000000,0.014650,
demo.27.ground.smt2,,nelson_topo_iter,1,0,unsat,1.450351,0.481170,0.340320,0.450600,0.032370,0.000000,0.002700,
demo.27.ground.smt2,,par_async,1,0,unsat,1.103363,0.016160,0.346440,0.424300,0.168490,0.000000,0.001580,
demo.27.ground.smt2,,par_async,2,0,unsat,1.043093,0.016340,0.348860,0.416490,0.103880,0.000000,0.004760,
demo.27.ground.smt2,,par_async,4,0,unsat,1.038996,0.014740,0.342790,0.435820,0.084340,0.000000,0.008540,
demo.27.ground.smt2,,par_async,8,0,unsat,0.994242,0.017200,0.344470,0.414520,0.059560,0.000000,0.007510,
demo.27.ground.smt2,,par_async,16,0,unsat,0.995461,0.016750,0.346960,0.415160,0.056690,0.000000,0.008850,
demo.27.ground.smt2,,par_async,32,0,unsat,0.982710,0.016100,0.344190,0.412520,0.049510,0.000000,0.010090,
demo.27.ground.smt2,,par_async,64,0,unsat,0.983280,0.016240,0.342590,0.398260,0.061420,0.000000,0.012290,
demo.27.ground.smt2,,par_async,128,0,unsat,1.104485,0.015550,0.342160,0.444850,0.123700,0.000000,0.015000,
demo.28.ground.smt2,,nelson_topo_iter,1,0,unsat,1.051003,0.308890,0.273190,0.339830,0.020490,0.000000,0.002300,
demo.28.ground.smt2,,par_async,1,0,unsat,0.869167,0.013730,0.274310,0.359790,0.108660,0.000000,0.001510,
demo.28.ground.smt2,,par_async,2,0,unsat,0.811738,0.014040,0.277710,0.337480,0.068900,0.000000,0.003840,
demo.28.ground.smt2,,par_async,4,0,unsat,0.787102,0.012900,0.275080,0.328370,0.052000,0.000000,0.007860,
demo.28.ground.smt2,,par_async,8,0,unsat,0.825621,0.013230,0.274690,0.381550,0.037740,0.000000,0.007350,
demo.28.ground.smt2,,par_async,16,0,unsat,0.777508,0.013800,0.274280,0.328270,0.040290,0.000000,0.008340,
demo.28.ground.smt2,,par_async,32,0,unsat,0.792559,0.013080,0.275950,0.346350,0.035810,0.000000,0.009860,
demo.28.ground.smt2,,par_async,64,0,unsat,0.805949,0.012340,0.273770,0.344040,0.046860,0.000000,0.011920,
demo.28.ground.smt2,,par_async,128,0,unsat,0.894438,0.012820,0.275040,0.363110,0.100780,0.000000,0.014270,
demo.29.ground.smt2,,nelson_topo_iter,1,0,unsat,2.461482,1.183080,0.493070,0.577550,0.033280,0.000000,0.002860,
demo.29.ground.smt2,,par_async,1,0,unsat,1.449390,0.025310,0.493570,0.548280,0.209800,0.000000,0.001930,
demo.29.ground.smt2,,par_async,2,0,unsat,1.374769,0.024790,0.491010,0.549430,0.126680,0.000000,0.005000,
demo.29.ground.smt2,,par_async,4,0,unsat,1.349691,0.023060,0.490150,0.549640,0.098970,0.000000,0.008620,
demo.29.ground.smt2,,par_async,8,0,unsat,1.312703,0.025230,0.486990,0.546340,0.067100,0.000000,0.009110,
demo.29.ground.smt2,,par_async,16,0,unsat,1.278535,0.024130,0.483430,0.524540,0.064200,0.000000,0.009630,
demo.29.ground.smt2,,par_async,32,0,unsat,1.281717,0.024890,0.492730,0.517940,0.057530,0.000000,0.011620,
demo.29.ground.smt2,,par_async,64,0,unsat,1.311257,0.024500,0.495660,0.534890,0.059910,0.000000,0.015610,
demo.29.ground.smt2,,par_async,128,0,unsat,1.424214,0.026220,0.490770,0.540830,0.157990,0.000000,0.017730,
demo.3.ground.smt2,,nelson_topo_iter,1,0,unsat,1.309203,0.451610,0.320080,0.387560,0.033610,0.000000,0.002670,
demo.3.ground.smt2,,par_async,1,0,unsat,0.942405,0.015000,0.322850,0.386000,0.101160,0.000000,0.001700,
demo.3.ground.smt2,,par_async,2,0,unsat,0.896960,0.015930,0.326940,0.360210,0.066510,0.000000,0.003920,
demo.3.ground.smt2,,par_async,4,0,unsat,0.888056,0.014190,0.322070,0.367060,0.054220,0.000000,0.008260,
demo.3.ground.smt2,,par_async,8,0,unsat,0.881674,0.014600,0.321510,0.374730,0.039950,0.000000,0.008840,
demo.3.ground.smt2,,par_async,16,0,unsat,0.861419,0.015320,0.324180,0.354660,0.034520,0.000000,0.009240,
demo.3.ground.smt2,,par_async,32,0,unsat,0.893228,0.014930,0.327000,0.383590,0.036340,0.000000,0.010480,
demo.3.ground.smt2,,par_async,64,0,unsat,0.888360,0.015100,0.322600,0.366010,0.045240,0.000000,0.014780,
demo.3.ground.smt2,,par_async,128,0,unsat,0.963901,0.016890,0.319420,0.395280,0.078980,0.000000,0.017850,
demo.30.ground.smt2,,nelson_topo_iter,1,0,unsat,2.401225,1.180750,0.480750,0.549200,0.025360,0.000000,0.002970,
demo.30.ground.smt2,,par_async,1,0,unsat,1.389834,0.024020,0.484300,0.526100,0.192450,0.000000,0.002050,
demo.30.ground.smt2,,par_async,2,0,unsat,1.307220,0.023080,0.474890,0.520140,0.119480,0.000000,0.004360,
demo.30.ground.smt2,,par_async,4,0,unsat,1.297933,0.022970,0.474290,0.530190,0.092090,0.000000,0.008480,
demo.30.ground.smt2,,par_async,8,0,unsat,1.270718,0.023670,0.478300,0.523020,0.067990,0.000000,0.008740,
demo.30.ground.smt2,,par_async,16,0,unsat,1.242519,0.024380,0.477680,0.507810,0.057370,0.000000,0.010290,
demo.30.ground.smt2,,par_async,32,0,unsat,1.250707,0.023860,0.480360,0.513160,0.051760,0.000000,0.011180,
demo.30.ground.smt2,,par_async,64,0,unsat,1.331465,0.024400,0.479400,0.572780,0.063260,0.000000,0.015090,
demo.30.ground.smt2,,par_async,128,0,unsat,1.418195,0.025940,0.475990,0.590230,0.127460,0.000000,0.016870,
demo.31.ground.smt2,,nelson_topo_iter,1,0,unsat,2.457108,1.117070,0.487330,0.660330,0.026520,0.000000,0.003090,
demo.31.ground.smt2,,par_async,1,0,unsat,1.520395,0.026480,0.488060,0.630840,0.200160,0.000000,0.001880,
demo.31.ground.smt2,,par_async,2,0,unsat,1.393536,0.025160,0.487000,0.578030,0.124100,0.000000,0.005200,
demo.31.ground.smt2,,par_async,4,0,unsat,1.336541,0.024200,0.484620,0.562650,0.088470,0.000000,0.006530,
demo.31.ground.smt2,,par_async,8,0,unsat,1.357659,0.024800,0.486840,0.597710,0.066050,0.000000,0.006800,
demo.31.ground.smt2,,par_async,16,0,unsat,1.309354,0.025160,0.488120,0.563460,0.058340,0.000000,0.007600,
demo.31.ground.smt2,,par_async,32,0,unsat,1.285668,0.024320,0.479880,0.552180,0.051840,0.000000,0.010380,
demo.31.ground.smt2,,par_async,64,0,unsat,1.337553,0.025080,0.487330,0.573050,0.061160,0.000000,0.014130,
demo.31.ground.smt2,,par_async,128,0,unsat,1.394140,0.024300,0.481590,0.587210,0.096870,0.000000,0.018070,
demo.32.ground.smt2,,nelson_topo_iter,1,0,unsat,3.123686,1.545560,0.587080,0.738040,0.043820,0.000000,0.003410,
demo.32.ground.smt2,,par_async,1,0,unsat,1.708420,0.027080,0.597280,0.667430,0.205940,0.000000,0.002450,
demo.32.ground.smt2,,par_async,2,0,unsat,1.638556,0.025470,0.588000,0.688170,0.114480,0.000000,0.005630,
demo.32.ground.smt2,,par_async,4,0,unsat,1.603440,0.024680,0.584500,0.677490,0.091730,0.000000,0.007360,
demo.32.ground.smt2,,par_async,8,0,unsat,1.576405,0.026400,0.589110,0.674690,0.063490,0.000000,0.007390,
demo.32.ground.smt2,,par_async,16,0,unsat,1.550869,0.026300,0.589000,0.660990,0.055460,0.000000,0.008270,
demo.32.ground.smt2,,par_async,32,0,unsat,1.547582,0.026070,0.588240,0.664480,0.045460,0.000000,0.012320,
demo.32.ground.smt2,,par_async,64,0,unsat,1.572881,0.027430,0.600530,0.658870,0.054340,0.000000,0.017000,
demo.32.ground.smt2,,par_async,128,0,unsat,1.629207,0.026990,0.589250,0.683340,0.085430,0.000000,0.019480,
demo.33.ground.smt2,,nelson_topo_iter,1,0,unsat,2.777109,1.298650,0.559190,0.668960,0.044590,0.000000,0.003780,
demo.33.ground.smt2,,par_async,1,0,unsat,1.663001,0.026710,0.558540,0.661900,0.206870,0.000000,0.002330,
demo.33.ground.smt2,,par_async,2,0,unsat,1.652976,0.024210,0.559730,0.731830,0.117170,0.000000,0.006450,
demo.33.ground.smt2,,par_async,4,0,unsat,1.554491,0.025000,0.559090,0.662600,0.088150,0.000000,0.007170,
demo.33.ground.smt2,,par_async,8,0,unsat,1.506157,0.024730,0.562660,0.641510,0.062460,0.000000,0.007370,
demo.33.ground.smt2,,par_async,16,0,unsat,1.445589,0.025000,0.561170,0.601070,0.050610,0.000000,0.008320,
demo.33.ground.smt2,,par_async,32,0,unsat,1.444486,0.025890,0.561580,0.597050,0.047990,0.000000,0.011690,
demo.33.ground.smt2,,par_async,64,0,unsat,1.485961,0.025910,0.565710,0.612010,0.058390,0.000000,0.016440,
demo.33.ground.smt2,,par_async,128,0,unsat,1.586186,0.026300,0.561040,0.646390,0.115780,0.000000,0.019420,
demo.34.ground.smt2,,nelson_topo_iter,1,0,unsat,3.011370,1.485850,0.578950,0.694600,0.046500,0.000000,0.003750,
demo.34.ground.smt2,,par_async,1,0,unsat,1.660590,0.027130,0.586310,0.640460,0.201530,0.000000,0.002400,
demo.34.ground.smt2,,par_async,2,0,unsat,1.599305,0.025040,0.576040,0.664440,0.117040,0.000000,0.006630,
demo.34.ground.smt2,,par_async,4,0,unsat,1.607394,0.024700,0.584130,0.691650,0.086750,0.000000,0.007270,
demo.34.ground.smt2,,par_async,8,0,unsat,1.574928,0.026470,0.579240,0.680110,0.062890,0.000000,0.007790,
demo.34.ground.smt2,,par_async,16,0,unsat,1.582793,0.025870,0.573790,0.707960,0.054300,0.000000,0.008130,
demo.34.ground.smt2,,par_async,32,0,unsat,1.579049,0.026190,0.578130,0.698640,0.049100,0.000000,0.011490,
demo.34.ground.smt2,,par_async,64,0,unsat,1.617595,0.025960,0.586620,0.707360,0.057430,0.000000,0.016720,
demo.34.ground.smt2,,par_async,128,0,unsat,1.710667,0.027070,0.582300,0.730390,0.117780,0.000000,0.020390,
demo.35.ground.smt2,,nelson_topo_iter,1,0,unsat,2.560852,1.029600,0.559760,0.732490,0.043570,0.000000,0.003670,
demo.35.ground.smt2,,par_async,1,0,unsat,1.667474,0.026720,0.555540,0.656200,0.233380,0.000000,0.002580,
demo.35.ground.smt2,,par_async,2,0,unsat,1.558917,0.025300,0.553920,0.643620,0.131810,0.000000,0.005880,
demo.35.ground.smt2,,par_async,4,0,unsat,1.541585,0.025200,0.553660,0.662510,0.095070,0.000000,0.007310,
demo.35.ground.smt2,,par_async,8,0,unsat,1.510525,0.024730,0.556570,0.655400,0.067950,0.000000,0.008180,
demo.35.ground.smt2,,par_async,16,0,unsat,1.532905,0.027070,0.562730,0.654990,0.062640,0.000000,0.011650,
demo.35.ground.smt2,,par_async,32,0,unsat,1.513780,0.026750,0.561800,0.639250,0.056630,0.000000,0.013640,
demo.35.ground.smt2,,par_async,64,0,unsat,1.537962,0.026120,0.562710,0.644320,0.063290,0.000000,0.015650,
demo.35.ground.smt2,,par_async,128,0,unsat,1.611629,0.026420,0.566330,0.667180,0.105980,0.000000,0.019900,
demo.36.ground.smt2,,nelson_topo_iter,1,0,unsat,2.997627,1.471550,0.581040,0.693880,0.043580,0.000000,0.003620,
demo.36.ground.smt2,,par_async,1,0,unsat,1.700543,0.027330,0.576320,0.650170,0.236780,0.000000,0.002620,
demo.36.ground.smt2,,par_async,2,0,unsat,1.639158,0.026800,0.582950,0.668370,0.137630,0.000000,0.006410,
demo.36.ground.smt2,,par_async,4,0,unsat,1.577373,0.026300,0.578920,0.649500,0.097850,0.000000,0.010790,
demo.36.ground.smt2,,par_async,8,0,unsat,1.556373,0.026280,0.579470,0.656140,0.069600,0.000000,0.010520,
demo.36.ground.smt2,,par_async,16,0,unsat,1.518991,0.026370,0.574250,0.640670,0.059060,0.000000,0.011800,
demo.36.ground.smt2,,par_async,32,0,unsat,1.537714,0.027210,0.584260,0.649880,0.055800,0.000000,0.013620,
demo.36.ground.smt2,,par_async,64,0,unsat,1.561329,0.026430,0.586340,0.655240,0.061940,0.000000,0.016680,
demo.36.ground.smt2,,par_async,128,0,unsat,1.653767,0.028060,0.577650,0.682170,0.117260,0.000000,0.020440,
demo.37.ground.smt2,,nelson_topo_iter,1,0,unsat,2.514707,1.154680,0.514300,0.623460,0.043120,0.000000,0.003680,
demo.37.ground.smt2,,par_async,1,0,unsat,1.500786,0.026420,0.513430,0.578120,0.202190,0.000000,0.002270,
demo.37.ground.smt2,,par_async,2,0,unsat,1.419644,0.022950,0.511060,0.585300,0.112400,0.000000,0.005860,
demo.37.ground.smt2,,par_async,4,0,unsat,1.396447,0.024830,0.510620,0.583300,0.087540,0.000000,0.009970,
demo.37.ground.smt2,,par_async,8,0,unsat,1.406636,0.025560,0.518080,0.608670,0.060790,0.000000,0.010100,
demo.37.ground.smt2,,par_async,16,0,unsat,1.360158,0.024050,0.509940,0.585770,0.050680,0.000000,0.010800,
demo.37.ground.smt2,,par_async,32,0,unsat,1.370941,0.024750,0.514520,0.587380,0.047540,0.000000,0.012750,
demo.37.ground.smt2,,par_async,64,0,unsat,1.386096,0.024460,0.520790,0.583290,0.053170,0.000000,0.017380,
demo.37.ground.smt2,,par_async,128,0,unsat,1.459271,0.023800,0.516450,0.605390,0.099970,0.000000,0.019540,
demo.4.ground.smt2,,nelson_topo_iter,1,0,unsat,1.435777,0.482460,0.353340,0.414060,0.031250,0.000000,0.002420,
demo.4.ground.smt2,,par_async,1,0,unsat,1.052276,0.017360,0.355390,0.398500,0.125060,0.000000,0.001590,
demo.4.ground.smt2,,par_async,2,0,unsat,1.026538,0.015180,0.359220,0.402890,0.082320,0.000000,0.004620,
demo.4.ground.smt2,,par_async,4,0,unsat,1.028270,0.015390,0.356380,0.423900,0.064760,0.000000,0.008040,
demo.4.ground.smt2,,par_async,8,0,unsat,1.012587,0.016590,0.359480,0.421270,0.045120,0.000000,0.008000,
demo.4.ground.smt2,,par_async,16,0,unsat,1.006711,0.016600,0.363330,0.413390,0.041610,0.000000,0.008620,
demo.4.ground.smt2,,par_async,32,0,unsat,1.008173,0.016770,0.360450,0.415550,0.043030,0.000000,0.009780,
demo.4.ground.smt2,,par_async,64,0,unsat,1.029808,0.017160,0.364360,0.420280,0.051860,0.000000,0.012280,
demo.4.ground.smt2,,par_async,128,0,unsat,1.128607,0.016480,0.362300,0.441140,0.117150,0.000000,0.014940,
demo.40.ground.smt2,,nelson_topo_iter,1,0,unsat,2.040904,0.773200,0.461330,0.552880,0.041050,0.000000,0.003230,
demo.40.ground.smt2,,par_async,1,0,unsat,1.386770,0.020640,0.455430,0.547500,0.153730,0.000000,0.002170,
demo.40.ground.smt2,,par_async,2,0,unsat,1.324276,0.021020,0.455560,0.533540,0.096050,0.000000,0.005000,
demo.40.ground.smt2,,par_async,4,0,unsat,1.293976,0.020270,0.456440,0.527520,0.065560,0.000000,0.010530,
demo.40.ground.smt2,,par_async,8,0,unsat,1.288233,0.021520,0.454950,0.542180,0.045570,0.000000,0.009770,
demo.40.ground.smt2,,par_async,16,0,unsat,1.277865,0.022070,0.456200,0.536010,0.040290,0.000000,0.011190,
demo.40.ground.smt2,,par_async,32,0,unsat,1.294097,0.021960,0.461210,0.545200,0.039790,0.000000,0.012430,
demo.40.ground.smt2,,par_async,64,0,unsat,1.298736,0.020810,0.460790,0.538000,0.051560,0.000000,0.016010,
demo.40.ground.smt2,,par_async,128,0,unsat,1.378998,0.022340,0.460760,0.544430,0.104710,0.000000,0.020590,
demo.42.ground.smt2,,nelson_topo_iter,1,0,unsat,0.668695,0.173660,0.190210,0.212850,0.013920,0.000000,0.001420,
demo.42.ground.smt2,,par_async,1,0,unsat,0.534940,0.009110,0.190860,0.200510,0.054530,0.000000,0.001030,
demo.42.ground.smt2,,par_async,2,0,unsat,0.520026,0.008850,0.191590,0.197710,0.037970,0.000000,0.002570,
demo.42.ground.smt2,,par_async,4,0,unsat,0.518285,0.008530,0.191560,0.203390,0.029760,0.000000,0.005040,
demo.42.ground.smt2,,par_async,8,0,unsat,0.529743,0.009520,0.190430,0.216400,0.023930,0.000000,0.005370,
demo.42.ground.smt2,,par_async,16,0,unsat,0.526241,0.009160,0.191490,0.213810,0.025000,0.000000,0.005660,
demo.42.ground.smt2,,par_async,32,0,unsat,0.555189,0.008470,0.191100,0.238980,0.026450,0.000000,0.006220,
demo.42.ground.smt2,,par_async,64,0,unsat,0.635754,0.009400,0.191880,0.291540,0.036280,0.000000,0.007330,
demo.42.ground.smt2,,par_async,128,0,unsat,0.653747,0.009640,0.192010,0.232200,0.110330,0.000000,0.009850,
demo.43.ground.smt2,,nelson_topo_iter,1,0,unsat,1.117479,0.325800,0.283970,0.353760,0.040470,0.000000,0.002080,
demo.43.ground.smt2,,par_async,1,0,unsat,0.880003,0.012980,0.285110,0.382720,0.081220,0.000000,0.001220,
demo.43.ground.smt2,,par_async,2,0,unsat,0.886497,0.012580,0.284120,0.409550,0.055610,0.000000,0.004540,
demo.43.ground.smt2,,par_async,4,0,unsat,0.786358,0.012840,0.282080,0.330000,0.044100,0.000000,0.005080,
demo.43.ground.smt2,,par_async,8,0,unsat,0.849066,0.013140,0.283480,0.392820,0.031660,0.000000,0.005330,
demo.43.ground.smt2,,par_async,16,0,unsat,0.846627,0.012490,0.287580,0.389410,0.029550,0.000000,0.005920,
demo.43.ground.smt2,,par_async,32,0,unsat,0.796311,0.013000,0.282740,0.343580,0.030620,0.000000,0.007600,
demo.43.ground.smt2,,par_async,64,0,unsat,0.818185,0.014210,0.285300,0.344270,0.038620,0.000000,0.010430,
demo.43.ground.smt2,,par_async,128,0,unsat,0.974657,0.013940,0.283990,0.381190,0.141510,0.000000,0.013150,
demo.44.ground.smt2,,nelson_topo_iter,1,0,unsat,2.186993,0.842060,0.453810,0.626740,0.040490,0.000000,0.003370,
demo.44.ground.smt2,,par_async,1,0,unsat,1.430285,0.020550,0.447540,0.582730,0.161110,0.000000,0.002190,
demo.44.ground.smt2,,par_async,2,0,unsat,1.393911,0.020570,0.450780,0.596990,0.096100,0.000000,0.005030,
demo.44.ground.smt2,,par_async,4,0,unsat,1.353181,0.019840,0.447260,0.578940,0.071330,0.000000,0.010650,
demo.44.ground.smt2,,par_async,8,0,unsat,1.324595,0.022170,0.451850,0.566020,0.048070,0.000000,0.009820,
demo.44.ground.smt2,,par_async,16,0,unsat,1.335158,0.022620,0.445190,0.593640,0.040480,0.000000,0.011280,
demo.44.ground.smt2,,par_async,32,0,unsat,1.290446,0.021800,0.453200,0.544340,0.040390,0.000000,0.012000,
demo.44.ground.smt2,,par_async,64,0,unsat,1.324637,0.022300,0.445920,0.565320,0.054480,0.000000,0.014700,
demo.44.ground.smt2,,par_async,128,0,unsat,1.378175,0.021910,0.449630,0.560620,0.104210,0.000000,0.019770,
demo.45.ground.smt2,,nelson_topo_iter,1,0,unsat,1.222806,0.371900,0.303180,0.382700,0.044510,0.000000,0.002280,
demo.45.ground.smt2,,par_async,1,0,unsat,0.977547,0.013540,0.314880,0.408390,0.097770,0.000000,0.002720,
demo.45.ground.smt2,,par_async,2,0,unsat,0.884412,0.013740,0.304080,0.371500,0.063960,0.000000,0.004860,
demo.45.ground.smt2,,par_async,4,0,unsat,0.849976,0.012410,0.301920,0.363540,0.043540,0.000000,0.006570,
demo.45.ground.smt2,,par_async,8,0,unsat,0.833688,0.012780,0.301930,0.355510,0.036280,0.000000,0.007120,
demo.45.ground.smt2,,par_async,16,0,unsat,0.840961,0.013440,0.304650,0.360870,0.033390,0.000000,0.007680,
demo.45.ground.smt2,,par_async,32,0,unsat,0.890508,0.014140,0.304780,0.403470,0.031060,0.000000,0.008670,
demo.45.ground.smt2,,par_async,64,0,unsat,0.869745,0.012960,0.305920,0.368790,0.039830,0.000000,0.012300,
demo.45.ground.smt2,,par_async,128,0,unsat,0.946576,0.014190,0.307650,0.384650,0.084580,0.000000,0.014420,
demo.47.ground.smt2,,nelson_topo_iter,1,0,unsat,1.189364,0.384680,0.279950,0.384030,0.028460,0.000000,0.002110,
demo.47.ground.smt2,,par_async,1,0,unsat,0.893351,0.013660,0.278550,0.387250,0.098860,0.000000,0.001270,
demo.47.ground.smt2,,par_async,2,0,unsat,0.912874,0.013840,0.282250,0.425940,0.062830,0.000000,0.004390,
demo.47.ground.smt2,,par_async,4,0,unsat,0.847416,0.013370,0.280490,0.383320,0.045390,0.000000,0.004680,
demo.47.ground.smt2,,par_async,8,0,unsat,0.804765,0.013070,0.279540,0.362270,0.034860,0.000000,0.004930,
demo.47.ground.smt2,,par_async,16,0,unsat,0.812304,0.013560,0.281710,0.365950,0.030370,0.000000,0.005400,
demo.47.ground.smt2,,par_async,32,0,unsat,0.835865,0.012620,0.283720,0.378590,0.034360,0.000000,0.007580,
demo.47.ground.smt2,,par_async,64,0,unsat,0.848940,0.013090,0.285560,0.368640,0.041230,0.000000,0.010740,
demo.47.ground.smt2,,par_async,128,0,unsat,0.864410,0.013110,0.283140,0.342960,0.076840,0.000000,0.012990,
demo.48.ground.smt2,,nelson_topo_iter,1,0,unsat,1.295685,0.375640,0.304920,0.450570,0.038020,0.000000,0.002420,
demo.48.ground.smt2,,par_async,1,0,unsat,0.985950,0.014340,0.308380,0.432580,0.099510,0.000000,0.001390,
demo.48.ground.smt2,,par_async,2,0,unsat,0.952797,0.014800,0.303670,0.432380,0.067160,0.000000,0.004810,
demo.48.ground.smt2,,par_async,4,0,unsat,0.918724,0.013780,0.304460,0.415720,0.048740,0.000000,0.007200,
demo.48.ground.smt2,,par_async,8,0,unsat,0.910419,0.013590,0.303800,0.421230,0.035210,0.000000,0.007830,
demo.48.ground.smt2,,par_async,16,0,unsat,0.901627,0.013540,0.304570,0.415420,0.032860,0.000000,0.007670,
demo.48.ground.smt2,,par_async,32,0,unsat,0.899446,0.012310,0.306620,0.407480,0.032800,0.000000,0.010230,
demo.48.ground.smt2,,par_async,64,0,unsat,0.933927,0.013830,0.308260,0.416100,0.047170,0.000000,0.011720,
demo.48.ground.smt2,,par_async,128,0,unsat,1.013471,0.013600,0.306190,0.413260,0.119010,0.000000,0.013600,
demo.49.ground.smt2,,nelson_topo_iter,1,0,unsat,1.583398,0.596480,0.319420,0.485250,0.043590,0.000000,0.002260,
demo.49.ground.smt2,,par_async,1,0,unsat,1.005663,0.014860,0.316760,0.443810,0.098600,0.000000,0.001310,
demo.49.ground.smt2,,par_async,2,0,unsat,0.990014,0.015560,0.313310,0.461190,0.062200,0.000000,0.004530,
demo.49.ground.smt2,,par_async,4,0,unsat,0.997288,0.014680,0.316390,0.483140,0.044740,0.000000,0.004980,
demo.49.ground.smt2,,par_async,8,0,unsat,0.988261,0.015250,0.318040,0.480780,0.036880,0.000000,0.005090,
demo.49.ground.smt2,,par_async,16,0,unsat,0.977395,0.014520,0.315230,0.472190,0.031040,0.000000,0.005570,
demo.49.ground.smt2,,par_async,32,0,unsat,0.984414,0.014990,0.317230,0.469400,0.032240,0.000000,0.007950,
demo.49.ground.smt2,,par_async,64,0,unsat,0.999508,0.014210,0.318030,0.467810,0.040860,0.000000,0.010370,
demo.49.ground.smt2,,par_async,128,0,unsat,1.128184,0.014100,0.316040,0.479110,0.149450,0.000000,0.014130,
demo.5.ground.smt2,,nelson_topo_iter,1,0,unsat,1.798629,0.672560,0.357750,0.567900,0.054260,0.000000,0.003240,
demo.5.ground.smt2,,par_async,1,0,unsat,1.155342,0.018100,0.354460,0.508410,0.132020,0.000000,0.001840,
demo.5.ground.smt2,,par_async,2,0,unsat,1.094657,0.016510,0.359730,0.499570,0.074390,0.000000,0.003940,
demo.5.ground.smt2,,par_async,4,0,unsat,1.075710,0.016690,0.351900,0.502430,0.055240,0.000000,0.008490,
demo.5.ground.smt2,,par_async,8,0,unsat,1.038161,0.016780,0.354330,0.473950,0.038750,0.000000,0.009470,
demo.5.ground.smt2,,par_async,16,0,unsat,1.031473,0.017230,0.356100,0.478680,0.031940,0.000000,0.009350,
demo.5.ground.smt2,,par_async,32,0,unsat,1.044237,0.017420,0.359570,0.480900,0.033220,0.000000,0.011120,
demo.5.ground.smt2,,par_async,64,0,unsat,1.046203,0.016640,0.354420,0.474930,0.043500,0.000000,0.013570,
demo.5.ground.smt2,,par_async,128,0,unsat,1.114212,0.017710,0.357180,0.490340,0.083260,0.000000,0.016610,
demo.50.ground.smt2,,nelson_topo_iter,1,0,unsat,1.205027,0.345140,0.293900,0.409670,0.034300,0.000000,0.002110,
demo.50.ground.smt2,,par_async,1,0,unsat,0.904719,0.013790,0.296030,0.387530,0.087760,0.000000,0.001340,
demo.50.ground.smt2,,par_async,2,0,unsat,0.896405,0.012900,0.293040,0.405760,0.055800,0.000000,0.004230,
demo.50.ground.smt2,,par_async,4,0,unsat,0.860733,0.013160,0.295270,0.375420,0.045940,0.000000,0.007010,
demo.50.ground.smt2,,par_async,8,0,unsat,0.874644,0.013350,0.294370,0.403710,0.030670,0.000000,0.007520,
demo.50.ground.smt2,,par_async,16,0,unsat,0.868906,0.012630,0.293950,0.397070,0.027760,0.000000,0.007970,
demo.50.ground.smt2,,par_async,32,0,unsat,0.864241,0.012880,0.293630,0.395760,0.029950,0.000000,0.008520,
demo.50.ground.smt2,,par_async,64,0,unsat,0.880055,0.013920,0.294650,0.394250,0.042530,0.000000,0.009210,
demo.50.ground.smt2,,par_async,128,0,unsat,0.934428,0.013070,0.296610,0.393320,0.080810,0.000000,0.012440,
demo.53.ground.smt2,,nelson_topo_iter,1,0,unsat,1.770146,0.567620,0.397840,0.591320,0.048910,0.000000,0.002800,
demo.53.ground.smt2,,par_async,1,0,unsat,1.231167,0.017210,0.395160,0.528760,0.128210,0.000000,0.001580,
demo.53.ground.smt2,,par_async,2,0,unsat,1.203239,0.015410,0.399050,0.537260,0.080240,0.000000,0.005600,
demo.53.ground.smt2,,par_async,4,0,unsat,1.166612,0.016760,0.392480,0.528190,0.057130,0.000000,0.007250,
demo.53.ground.smt2,,par_async,8,0,unsat,1.141756,0.016570,0.397270,0.517180,0.042450,0.000000,0.008300,
demo.53.ground.smt2,,par_async,16,0,unsat,1.136351,0.016620,0.391600,0.519700,0.038120,0.000000,0.009020,
demo.53.ground.smt2,,par_async,32,0,unsat,1.149966,0.016890,0.395870,0.524550,0.037460,0.000000,0.010670,
demo.53.ground.smt2,,par_async,64,0,unsat,1.185777,0.017400,0.395800,0.547980,0.043860,0.000000,0.010540,
demo.53.ground.smt2,,par_async,128,0,unsat,1.289653,0.016630,0.394350,0.555060,0.126000,0.000000,0.016080,
demo.55.ground.smt2,,nelson_topo_iter,1,0,unsat,1.307486,0.396990,0.329720,0.417310,0.027700,0.000000,0.002060,
demo.55.ground.smt2,,par_async,1,0,unsat,0.968147,0.014650,0.328970,0.413780,0.077680,0.000000,0.001220,
demo.55.ground.smt2,,par_async,2,0,unsat,0.925310,0.012510,0.327090,0.395710,0.049870,0.000000,0.004210,
demo.55.ground.smt2,,par_async,4,0,unsat,0.933959,0.013880,0.329400,0.411400,0.039260,0.000000,0.005990,
demo.55.ground.smt2,,par_async,8,0,unsat,0.936139,0.014500,0.331950,0.420060,0.027160,0.000000,0.007140,
demo.55.ground.smt2,,par_async,16,0,unsat,0.934966,0.014450,0.332290,0.420010,0.026870,0.000000,0.007130,
demo.55.ground.smt2,,par_async,32,0,unsat,0.919229,0.013950,0.328660,0.401860,0.029190,0.000000,0.008780,
demo.55.ground.smt2,,par_async,64,0,unsat,0.930707,0.013820,0.330900,0.396980,0.038440,0.000000,0.011450,
demo.55.ground.smt2,,par_async,128,0,unsat,1.043436,0.014820,0.330150,0.428810,0.105360,0.000000,0.012590,
demo.57.ground.smt2,,nelson_topo_iter,1,0,unsat,1.302717,0.400920,0.327250,0.413970,0.029120,0.000000,0.002140,
demo.57.ground.smt2,,par_async,1,0,unsat,0.972142,0.014850,0.324210,0.417420,0.085560,0.000000,0.001210,
demo.57.ground.smt2,,par_async,2,0,unsat,0.940879,0.014250,0.324810,0.411780,0.055030,0.000000,0.004600,
demo.57.ground.smt2,,par_async,4,0,unsat,0.936781,0.013820,0.323430,0.419540,0.041040,0.000000,0.006520,
demo.57.ground.smt2,,par_async,8,0,unsat,0.922544,0.015050,0.327740,0.409260,0.030470,0.000000,0.007680,
demo.57.ground.smt2,,par_async,16,0,unsat,0.890086,0.013740,0.325400,0.384500,0.028050,0.000000,0.007350,
demo.57.ground.smt2,,par_async,32,0,unsat,0.879710,0.014300,0.322340,0.372920,0.030790,0.000000,0.008700,
demo.57.ground.smt2,,par_async,64,0,unsat,0.909993,0.013990,0.324800,0.393470,0.036980,0.000000,0.009120,
demo.57.ground.smt2,,par_async,128,0,unsat,0.988274,0.014300,0.322210,0.404690,0.092120,0.000000,0.012120,
demo.59.ground.smt2,,nelson_topo_iter,1,0,unsat,1.445736,0.437020,0.365400,0.468240,0.029120,0.000000,0.002220,
demo.59.ground.smt2,,par_async,1,0,unsat,1.058850,0.016000,0.365480,0.442180,0.091050,0.000000,0.001320,
demo.59.ground.smt2,,par_async,2,0,unsat,1.029435,0.014880,0.360190,0.448290,0.055860,0.000000,0.004530,
demo.59.ground.smt2,,par_async,4,0,unsat,1.018944,0.014800,0.363860,0.446860,0.043410,0.000000,0.006890,
demo.59.ground.smt2,,par_async,8,0,unsat,1.024194,0.015170,0.369360,0.453640,0.032410,0.000000,0.006670,
demo.59.ground.smt2,,par_async,16,0,unsat,1.019652,0.015550,0.361090,0.457400,0.029550,0.000000,0.007680,
demo.59.ground.smt2,,par_async,32,0,unsat,1.024987,0.016160,0.367300,0.452040,0.029690,0.000000,0.009020,
demo.59.ground.smt2,,par_async,64,0,unsat,1.079202,0.015350,0.366860,0.497160,0.037690,0.000000,0.010460,
demo.59.ground.smt2,,par_async,128,0,unsat,1.141172,0.015960,0.365720,0.496900,0.078870,0.000000,0.013420,
demo.61.ground.smt2,,nelson_topo_iter,1,0,unsat,1.514462,0.502970,0.364130,0.463860,0.030010,0.000000,0.002250,
demo.61.ground.smt2,,par_async,1,0,unsat,1.063676,0.015740,0.359660,0.450230,0.086170,0.000000,0.001280,
demo.61.ground.smt2,,par_async,2,0,unsat,1.021522,0.015590,0.359790,0.437080,0.052480,0.000000,0.004040,
demo.61.ground.smt2,,par_async,4,0,unsat,1.035062,0.015970,0.359800,0.461070,0.039260,0.000000,0.005190,
demo.61.ground.smt2,,par_async,8,0,unsat,0.995503,0.015600,0.360360,0.431990,0.029630,0.000000,0.005150,
demo.61.ground.smt2,,par_async,16,0,unsat,1.005248,0.015590,0.361000,0.435660,0.032250,0.000000,0.005820,
demo.61.ground.smt2,,par_async,32,0,unsat,1.018322,0.015500,0.362720,0.443180,0.030210,0.000000,0.007790,
demo.61.ground.smt2,,par_async,64,0,unsat,1.024437,0.015240,0.360460,0.435450,0.039270,0.000000,0.010750,
demo.61.ground.smt2,,par_async,128,0,unsat,1.126356,0.016840,0.361340,0.471910,0.092870,0.000000,0.013800,
demo.63.ground.smt2,,nelson_topo_iter,1,0,unsat,1.533869,0.473720,0.347620,0.504250,0.047490,0.000000,0.004070,
demo.63.ground.smt2,,par_async,1,0,unsat,1.274844,0.015460,0.345170,0.449230,0.306230,0.000000,0.002600,
demo.63.ground.smt2,,par_async,2,0,unsat,1.165284,0.014770,0.341070,0.462340,0.182960,0.000000,0.005730,
demo.63.ground.smt2,,par_async,4,0,unsat,1.095564,0.014990,0.346090,0.444060,0.127730,0.000000,0.007570,
demo.63.ground.smt2,,par_async,8,0,unsat,1.070695,0.015300,0.345990,0.463490,0.081130,0.000000,0.008040,
demo.63.ground.smt2,,par_async,16,0,unsat,1.032637,0.014410,0.345440,0.436480,0.069510,0.000000,0.008970,
demo.63.ground.smt2,,par_async,32,0,unsat,1.059599,0.015050,0.345480,0.459070,0.065310,0.000000,0.012420,
demo.63.ground.smt2,,par_async,64,0,unsat,1.084184,0.016490,0.348020,0.459210,0.075180,0.000000,0.016730,
demo.63.ground.smt2,,par_async,128,0,unsat,1.179537,0.014960,0.343260,0.477050,0.152360,0.000000,0.020920,
demo.64.ground.smt2,,nelson_topo_iter,1,0,unsat,0.796387,0.197000,0.214290,0.265600,0.028840,0.000000,0.002430,
demo.64.ground.smt2,,par_async,1,0,unsat,0.663477,0.010680,0.214510,0.247670,0.099950,0.000000,0.001450,
demo.64.ground.smt2,,par_async,2,0,unsat,0.625221,0.009850,0.215410,0.239550,0.065840,0.000000,0.003550,
demo.64.ground.smt2,,par_async,4,0,unsat,0.605302,0.010470,0.213450,0.235530,0.050380,0.000000,0.005060,
demo.64.ground.smt2,,par_async,8,0,unsat,0.611659,0.009880,0.213440,0.251090,0.040880,0.000000,0.005470,
demo.64.ground.smt2,,par_async,16,0,unsat,0.610791,0.010950,0.216480,0.250300,0.036700,0.000000,0.006350,
demo.64.ground.smt2,,par_async,32,0,unsat,0.617991,0.011660,0.214070,0.257500,0.034950,0.000000,0.008000,
demo.64.ground.smt2,,par_async,64,0,unsat,0.632631,0.011220,0.215890,0.254310,0.045170,0.000000,0.010520,
demo.64.ground.smt2,,par_async,128,0,unsat,0.787089,0.010900,0.216310,0.288190,0.134290,0.000000,0.014080,
demo.65.ground.smt2,,nelson_topo_iter,1,0,unsat,1.273057,0.337600,0.300220,0.463610,0.039270,0.000000,0.003430,
demo.65.ground.smt2,,par_async,1,0,unsat,0.996063,0.013760,0.296350,0.431410,0.125010,0.000000,0.001950,
demo.65.ground.smt2,,par_async,2,0,unsat,0.955840,0.012290,0.295680,0.436300,0.078890,0.000000,0.004270,
demo.65.ground.smt2,,par_async,4,0,unsat,0.943737,0.013720,0.297540,0.433040,0.058810,0.000000,0.008360,
demo.65.ground.smt2,,par_async,8,0,unsat,0.934941,0.013400,0.300250,0.435380,0.045190,0.000000,0.008800,
demo.65.ground.smt2,,par_async,16,0,unsat,0.941895,0.013320,0.293830,0.453330,0.038540,0.000000,0.009770,
demo.65.ground.smt2,,par_async,32,0,unsat,0.929610,0.013020,0.298400,0.434830,0.036450,0.000000,0.011740,
demo.65.ground.smt2,,par_async,64,0,unsat,0.934891,0.013500,0.295730,0.434420,0.041350,0.000000,0.012050,
demo.65.ground.smt2,,par_async,128,0,unsat,1.038996,0.013550,0.298770,0.446500,0.122460,0.000000,0.016790,
demo.66.ground.smt2,,nelson_topo_iter,1,0,unsat,2.186189,0.834230,0.460890,0.632180,0.045950,0.000000,0.005000,
demo.66.ground.smt2,,par_async,1,0,unsat,1.598119,0.022070,0.462120,0.618170,0.281460,0.000000,0.003140,
demo.66.ground.smt2,,par_async,2,0,unsat,1.470890,0.022360,0.463230,0.585970,0.177490,0.000000,0.005280,
demo.66.ground.smt2,,par_async,4,0,unsat,1.435199,0.021430,0.466960,0.592540,0.127300,0.000000,0.011950,
demo.66.ground.smt2,,par_async,8,0,unsat,1.383654,0.022300,0.463600,0.581400,0.090570,0.000000,0.012340,
demo.66.ground.smt2,,par_async,16,0,unsat,1.328841,0.021600,0.459830,0.548520,0.076920,0.000000,0.014400,
demo.66.ground.smt2,,par_async,32,0,unsat,1.332412,0.022210,0.459470,0.555530,0.069110,0.000000,0.016450,
demo.66.ground.smt2,,par_async,64,0,unsat,1.392081,0.021410,0.461130,0.591210,0.084520,0.000000,0.017900,
demo.66.ground.smt2,,par_async,128,0,unsat,1.437164,0.021730,0.464030,0.584910,0.122220,0.000000,0.025170,
demo.67.ground.smt2,,nelson_topo_iter,1,0,unsat,2.012030,0.735730,0.464730,0.566730,0.046150,0.000000,0.004890,
demo.67.ground.smt2,,par_async,1,0,unsat,1.499249,0.022040,0.458960,0.545560,0.274650,0.000000,0.003540,
demo.67.ground.smt2,,par_async,2,0,unsat,1.398130,0.022160,0.458340,0.547400,0.163860,0.000000,0.004700,
demo.67.ground.smt2,,par_async,4,0,unsat,1.357054,0.020040,0.455730,0.544690,0.122080,0.000000,0.011460,
demo.67.ground.smt2,,par_async,8,0,unsat,1.319499,0.022900,0.457170,0.538770,0.086100,0.000000,0.012130,
demo.67.ground.smt2,,par_async,16,0,unsat,1.301880,0.021110,0.454500,0.541170,0.074990,0.000000,0.014050,
demo.67.ground.smt2,,par_async,32,0,unsat,1.321729,0.020930,0.452750,0.564170,0.068510,0.000000,0.016350,
demo.67.ground.smt2,,par_async,64,0,unsat,1.323959,0.021740,0.464760,0.529700,0.083280,0.000000,0.020380,
demo.67.ground.smt2,,par_async,128,0,unsat,1.432066,0.022700,0.458990,0.568210,0.146220,0.000000,0.024620,
demo.68.ground.smt2,,nelson_topo_iter,1,0,unsat,2.030464,0.808970,0.455110,0.527120,0.044830,0.000000,0.004970,
demo.68.ground.smt2,,par_async,1,0,unsat,1.428589,0.022610,0.455920,0.494440,0.263080,0.000000,0.003320,
demo.68.ground.smt2,,par_async,2,0,unsat,1.337635,0.020380,0.452780,0.499590,0.159970,0.000000,0.005160,
demo.68.ground.smt2,,par_async,4,0,unsat,1.325380,0.020830,0.451810,0.520250,0.123750,0.000000,0.011690,
demo.68.ground.smt2,,par_async,8,0,unsat,1.264448,0.021410,0.453790,0.494340,0.082150,0.000000,0.012830,
demo.68.ground.smt2,,par_async,16,0,unsat,1.260430,0.020960,0.452350,0.494130,0.077440,0.000000,0.013350,
demo.68.ground.smt2,,par_async,32,0,unsat,1.247252,0.022570,0.452580,0.493820,0.064620,0.000000,0.016120,
demo.68.ground.smt2,,par_async,64,0,unsat,1.313557,0.022050,0.454670,0.531690,0.080050,0.000000,0.020890,
demo.68.ground.smt2,,par_async,128,0,unsat,1.444555,0.021960,0.453960,0.535990,0.195670,0.000000,0.025300,
demo.69.ground.smt2,,nelson_topo_iter,1,0,unsat,1.147482,0.386290,0.296640,0.340420,0.024260,0.000000,0.002710,
demo.69.ground.smt2,,par_async,1,0,unsat,0.878932,0.014820,0.299330,0.350500,0.111720,0.000000,0.001760,
demo.69.ground.smt2,,par_async,2,0,unsat,0.809461,0.015150,0.296510,0.324950,0.068160,0.000000,0.004120,
demo.69.ground.smt2,,par_async,4,0,unsat,0.784938,0.014580,0.299380,0.309240,0.052840,0.000000,0.007760,
demo.69.ground.smt2,,par_async,8,0,unsat,0.795273,0.013930,0.298600,0.336920,0.037220,0.000000,0.008650,
demo.69.ground.smt2,,par_async,16,0,unsat,0.794076,0.014330,0.302910,0.329300,0.034500,0.000000,0.009130,
demo.69.ground.smt2,,par_async,32,0,unsat,0.798116,0.014510,0.301810,0.333680,0.033200,0.000000,0.009430,
demo.69.ground.smt2,,par_async,64,0,unsat,0.819670,0.014370,0.302170,0.337210,0.042560,0.000000,0.013230,
demo.69.ground.smt2,,par_async,128,0,unsat,0.914658,0.013780,0.300420,0.356310,0.107920,0.000000,0.015870,
demo.70.ground.smt2,,nelson_topo_iter,1,0,unsat,1.090949,0.344840,0.279990,0.342970,0.022040,0.000000,0.002530,
demo.70.ground.smt2,,par_async,1,0,unsat,0.812217,0.013850,0.277840,0.318090,0.104350,0.000000,0.001570,
demo.70.ground.smt2,,par_async,2,0,unsat,0.787587,0.013580,0.279710,0.320050,0.068740,0.000000,0.004550,
demo.70.ground.smt2,,par_async,4,0,unsat,0.774795,0.013010,0.277610,0.321730,0.053880,0.000000,0.008390,
demo.70.ground.smt2,,par_async,8,0,unsat,0.755920,0.013220,0.282060,0.315640,0.036790,0.000000,0.007640,
demo.70.ground.smt2,,par_async,16,0,unsat,0.753399,0.013630,0.277420,0.317090,0.036690,0.000000,0.008510,
demo.70.ground.smt2,,par_async,32,0,unsat,0.761291,0.013280,0.277340,0.325880,0.033810,0.000000,0.009570,
demo.70.ground.smt2,,par_async,64,0,unsat,0.775881,0.012940,0.279230,0.320270,0.047190,0.000000,0.011450,
demo.70.ground.smt2,,par_async,128,0,unsat,0.915398,0.012820,0.282780,0.363740,0.121070,0.000000,0.015950,
demo.71.ground.smt2,,nelson_topo_iter,1,0,unsat,1.101073,0.380980,0.271290,0.335290,0.021520,0.000000,0.002520,
demo.71.ground.smt2,,par_async,1,0,unsat,0.798815,0.014230,0.275310,0.315370,0.107490,0.000000,0.001550,
demo.71.ground.smt2,,par_async,2,0,unsat,0.738882,0.013310,0.267760,0.297440,0.066180,0.000000,0.003580,
demo.71.ground.smt2,,par_async,4,0,unsat,0.746160,0.013550,0.269130,0.314080,0.049680,0.000000,0.007360,
demo.71.ground.smt2,,par_async,8,0,unsat,0.727178,0.013960,0.273280,0.306010,0.037420,0.000000,0.007650,
demo.71.ground.smt2,,par_async,16,0,unsat,0.734897,0.014380,0.274290,0.311980,0.033190,0.000000,0.008110,
demo.71.ground.smt2,,par_async,32,0,unsat,0.738729,0.016020,0.274150,0.309320,0.034240,0.000000,0.009170,
demo.71.ground.smt2,,par_async,64,0,unsat,0.750015,0.014350,0.270670,0.313150,0.042780,0.000000,0.010080,
demo.71.ground.smt2,,par_async,128,0,unsat,0.860406,0.013780,0.274020,0.335250,0.112930,0.000000,0.014180,
demo.76.ground.smt2,,nelson_topo_iter,1,0,unsat,1.445341,0.488670,0.343870,0.441360,0.035460,0.000000,0.002970,
demo.76.ground.smt2,,par_async,1,0,unsat,1.026332,0.014650,0.335460,0.412160,0.130030,0.000000,0.002000,
demo.76.ground.smt2,,par_async,2,0,unsat,0.996510,0.015010,0.337080,0.418060,0.081900,0.000000,0.004940,
demo.76.ground.smt2,,par_async,4,0,unsat,0.979076,0.015680,0.336320,0.415950,0.062920,0.000000,0.009820,
demo.76.ground.smt2,,par_async,8,0,unsat,0.957039,0.015920,0.338440,0.410770,0.045630,0.000000,0.009410,
demo.76.ground.smt2,,par_async,16,0,unsat,0.941774,0.014620,0.335200,0.403730,0.043210,0.000000,0.010500,
demo.76.ground.smt2,,par_async,32,0,unsat,1.057513,0.016770,0.340710,0.494610,0.040820,0.000000,0.010580,
demo.76.ground.smt2,,par_async,64,0,unsat,1.085170,0.015440,0.339420,0.507680,0.050290,0.000000,0.014030,
demo.76.ground.smt2,,par_async,128,0,unsat,1.121509,0.014820,0.341990,0.503160,0.082780,0.000000,0.018910,
demo.77.ground.smt2,,nelson_topo_iter,1,0,unsat,4.513162,2.526720,0.811630,0.790100,0.046460,0.000000,0.003480,
demo.77.ground.smt2,,par_async,1,0,unsat,2.107370,0.039910,0.803280,0.781260,0.142440,0.000000,0.002300,
demo.77.ground.smt2,,par_async,2,0,unsat,2.060412,0.036510,0.811610,0.777930,0.088850,0.000000,0.004610,
demo.77.ground.smt2,,par_async,4,0,unsat,2.006555,0.036210,0.814390,0.747430,0.064970,0.000000,0.010440,
demo.77.ground.smt2,,par_async,8,0,unsat,1.995056,0.037480,0.803390,0.761250,0.046890,0.000000,0.010140,
demo.77.ground.smt2,,par_async,16,0,unsat,1.978261,0.036890,0.803730,0.754490,0.039400,0.000000,0.010830,
demo.77.ground.smt2,,par_async,32,0,unsat,1.993225,0.038390,0.811220,0.760010,0.035130,0.000000,0.012880,
demo.77.ground.smt2,,par_async,64,0,unsat,2.010007,0.039160,0.803170,0.764720,0.046670,0.000000,0.014260,
demo.77.ground.smt2,,par_async,128,0,unsat,2.079901,0.037440,0.800240,0.779650,0.094600,0.000000,0.019850,
demo.9.ground.smt2,,nelson_topo_iter,1,0,unsat,1.089802,0.349870,0.277140,0.325760,0.022410,0.000000,0.002500,
demo.9.ground.smt2,,par_async,1,0,unsat,0.818215,0.013330,0.277710,0.304290,0.109370,0.000000,0.001650,
demo.9.ground.smt2,,par_async,2,0,unsat,0.795828,0.012260,0.279370,0.308670,0.075050,0.000000,0.003920,
demo.9.ground.smt2,,par_async,4,0,unsat,0.786853,0.012020,0.281050,0.311150,0.057050,0.000000,0.008020,
demo.9.ground.smt2,,par_async,8,0,unsat,0.763491,0.012670,0.277860,0.306480,0.041550,0.000000,0.008630,
demo.9.ground.smt2,,par_async,16,0,unsat,0.788471,0.012350,0.278050,0.330650,0.038790,0.000000,0.009120,
demo.9.ground.smt2,,par_async,32,0,unsat,0.783341,0.012900,0.280700,0.318090,0.038430,0.000000,0.010610,
demo.9.ground.smt2,,par_async,64,0,unsat,0.804320,0.012640,0.280060,0.327690,0.049500,0.000000,0.011530,
demo.9.ground.smt2,,par_async,128,0,unsat,0.886630,0.013280,0.280860,0.330330,0.109550,0.000000,0.016090,
graphics-fidget-colonnade.1.ground.smt2,,nelson_topo_iter,1,0,unsat,1.343566,0.488210,0.338810,0.369510,0.038220,0.000000,0.002230,
graphics-fidget-colonnade.1.ground.smt2,,par_async,1,0,unsat,0.921869,0.014490,0.340650,0.381500,0.072050,0.000000,0.001410,
graphics-fidget-colonnade.1.ground.smt2,,par_async,2,0,unsat,0.873371,0.013840,0.340730,0.358530,0.046770,0.000000,0.003520,
graphics-fidget-colonnade.1.ground.smt2,,par_async,4,0,unsat,0.872176,0.014430,0.338540,0.366630,0.034510,0.000000,0.006450,
graphics-fidget-colonnade.1.ground.smt2,,par_async,8,0,unsat,0.872807,0.014560,0.337610,0.373390,0.026010,0.000000,0.007560,
graphics-fidget-colonnade.1.ground.smt2,,par_async,16,0,unsat,0.860730,0.014120,0.341170,0.359540,0.024400,0.000000,0.007780,
graphics-fidget-colonnade.1.ground.smt2,,par_async,32,0,unsat,0.863815,0.014240,0.342170,0.357560,0.026620,0.000000,0.008480,
graphics-fidget-colonnade.1.ground.smt2,,par_async,64,0,unsat,0.885935,0.014450,0.340110,0.367970,0.036120,0.000000,0.010110,
graphics-fidget-colonnade.1.ground.smt2,,par_async,128,0,unsat,1.007347,0.015080,0.344670,0.389110,0.104300,0.000000,0.014760,
graphics-fidget-gyroid-sphere.0.ground.smt2,,nelson_topo_iter,1,0,unsat,2.828306,1.285230,0.586480,0.722200,0.038860,0.000000,0.003240,
graphics-fidget-gyroid-sphere.0.ground.smt2,,par_async,1,0,unsat,1.696257,0.024650,0.585460,0.732340,0.159400,0.000000,0.002070,
graphics-fidget-gyroid-sphere.0.ground.smt2,,par_async,2,0,unsat,1.583663,0.023760,0.578980,0.675590,0.103360,0.000000,0.004820,
graphics-fidget-gyroid-sphere.0.ground.smt2,,par_async,4,0,unsat,1.557259,0.023660,0.589950,0.661590,0.079350,0.000000,0.007020,
graphics-fidget-gyroid-sphere.0.ground.smt2,,par_async,8,0,unsat,1.525655,0.024600,0.582340,0.657610,0.059060,0.000000,0.007000,
graphics-fidget-gyroid-sphere.0.ground.smt2,,par_async,16,0,unsat,1.476893,0.024950,0.579690,0.622690,0.052690,0.000000,0.007690,
graphics-fidget-gyroid-sphere.0.ground.smt2,,par_async,32,0,unsat,1.500583,0.024120,0.578600,0.647770,0.047050,0.000000,0.010760,
graphics-fidget-gyroid-sphere.0.ground.smt2,,par_async,64,0,unsat,1.517578,0.024790,0.583040,0.646260,0.054010,0.000000,0.014890,
graphics-fidget-gyroid-sphere.0.ground.smt2,,par_async,128,0,unsat,1.619837,0.024120,0.578170,0.679720,0.108810,0.000000,0.018350,
graphics-fidget-gyroid-sphere.1.ground.smt2,,nelson_topo_iter,1,0,unsat,2.085776,0.859430,0.477350,0.538060,0.054070,0.000000,0.003400,
graphics-fidget-gyroid-sphere.1.ground.smt2,,par_async,1,0,unsat,1.291428,0.021880,0.471690,0.519710,0.120340,0.000000,0.002070,
graphics-fidget-gyroid-sphere.1.ground.smt2,,par_async,2,0,unsat,1.270681,0.020820,0.472350,0.541110,0.072530,0.000000,0.004140,
graphics-fidget-gyroid-sphere.1.ground.smt2,,par_async,4,0,unsat,1.248961,0.020380,0.467360,0.541610,0.055150,0.000000,0.006970,
graphics-fidget-gyroid-sphere.1.ground.smt2,,par_async,8,0,unsat,1.221882,0.021760,0.476240,0.521040,0.039110,0.000000,0.006510,
graphics-fidget-gyroid-sphere.1.ground.smt2,,par_async,16,0,unsat,1.213431,0.022380,0.471030,0.521230,0.033640,0.000000,0.007600,
graphics-fidget-gyroid-sphere.1.ground.smt2,,par_async,32,0,unsat,1.222722,0.021490,0.475080,0.525580,0.033180,0.000000,0.010590,
graphics-fidget-gyroid-sphere.1.ground.smt2,,par_async,64,0,unsat,1.259520,0.021960,0.478330,0.541040,0.042090,0.000000,0.013300,
graphics-fidget-gyroid-sphere.1.ground.smt2,,par_async,128,0,unsat,1.393622,0.021990,0.479420,0.599440,0.097120,0.000000,0.019750,
graphics-fidget-gyroid-sphere.3.ground.smt2,,nelson_topo_iter,1,0,unsat,1.952602,0.719560,0.440150,0.545760,0.059310,0.000000,0.003690,
graphics-fidget-gyroid-sphere.3.ground.smt2,,par_async,1,0,unsat,1.330974,0.019770,0.436630,0.526120,0.161750,0.000000,0.002130,
graphics-fidget-gyroid-sphere.3.ground.smt2,,par_async,2,0,unsat,1.280700,0.020490,0.439460,0.526580,0.099850,0.000000,0.004990,
graphics-fidget-gyroid-sphere.3.ground.smt2,,par_async,4,0,unsat,1.256395,0.018640,0.435710,0.539460,0.068090,0.000000,0.006910,
graphics-fidget-gyroid-sphere.3.ground.smt2,,par_async,8,0,unsat,1.203176,0.020570,0.443040,0.501990,0.044810,0.000000,0.006830,
graphics-fidget-gyroid-sphere.3.ground.smt2,,par_async,16,0,unsat,1.202410,0.020600,0.438720,0.513200,0.039750,0.000000,0.007900,
graphics-fidget-gyroid-sphere.3.ground.smt2,,par_async,32,0,unsat,1.205686,0.021490,0.435450,0.514700,0.038860,0.000000,0.010990,
graphics-fidget-gyroid-sphere.3.ground.smt2,,par_async,64,0,unsat,1.224212,0.020970,0.438530,0.518220,0.044980,0.000000,0.013800,
graphics-fidget-gyroid-sphere.3.ground.smt2,,par_async,128,0,unsat,1.305338,0.021390,0.435110,0.525140,0.099910,0.000000,0.019100,
graphics-fidget-gyroid-sphere.4.ground.smt2,,nelson_topo_iter,1,0,unsat,2.729337,1.266090,0.580950,0.656590,0.038540,0.000000,0.003220,
graphics-fidget-gyroid-sphere.4.ground.smt2,,par_async,1,0,unsat,1.609933,0.024380,0.576420,0.662020,0.157840,0.000000,0.002050,
graphics-fidget-gyroid-sphere.4.ground.smt2,,par_async,2,0,unsat,1.549112,0.023830,0.578250,0.647310,0.104850,0.000000,0.004930,
graphics-fidget-gyroid-sphere.4.ground.smt2,,par_async,4,0,unsat,1.515890,0.023140,0.583730,0.633800,0.079340,0.000000,0.007100,
graphics-fidget-gyroid-sphere.4.ground.smt2,,par_async,8,0,unsat,1.504434,0.024620,0.573920,0.647120,0.057610,0.000000,0.007490,
graphics-fidget-gyroid-sphere.4.ground.smt2,,par_async,16,0,unsat,1.461763,0.023460,0.586610,0.611760,0.048770,0.000000,0.007650,
graphics-fidget-gyroid-sphere.4.ground.smt2,,par_async,32,0,unsat,1.474916,0.024970,0.578100,0.626730,0.045810,0.000000,0.010890,
graphics-fidget-gyroid-sphere.4.ground.smt2,,par_async,64,0,unsat,1.480425,0.023860,0.576210,0.612670,0.057050,0.000000,0.016040,
graphics-fidget-gyroid-sphere.4.ground.smt2,,par_async,128,0,unsat,1.573947,0.023540,0.585660,0.656850,0.089870,0.000000,0.018380,
graphics-fidget-gyroid-sphere.5.ground.smt2,,nelson_topo_iter,1,0,unsat,2.104122,0.867440,0.476190,0.546660,0.053990,0.000000,0.003390,
graphics-fidget-gyroid-sphere.5.ground.smt2,,par_async,1,0,unsat,1.307898,0.022510,0.474460,0.536100,0.118200,0.000000,0.002110,
graphics-fidget-gyroid-sphere.5.ground.smt2,,par_async,2,0,unsat,1.257979,0.019960,0.474950,0.527020,0.071040,0.000000,0.004140,
graphics-fidget-gyroid-sphere.5.ground.smt2,,par_async,4,0,unsat,1.262993,0.020610,0.478310,0.541440,0.054530,0.000000,0.006830,
graphics-fidget-gyroid-sphere.5.ground.smt2,,par_async,8,0,unsat,1.228477,0.021500,0.477640,0.520310,0.039770,0.000000,0.007270,
graphics-fidget-gyroid-sphere.5.ground.smt2,,par_async,16,0,unsat,1.221280,0.021560,0.472870,0.525450,0.033770,0.000000,0.007760,
graphics-fidget-gyroid-sphere.5.ground.smt2,,par_async,32,0,unsat,1.240303,0.021040,0.476390,0.535810,0.033980,0.000000,0.010920,
graphics-fidget-gyroid-sphere.5.ground.smt2,,par_async,64,0,unsat,1.254351,0.021310,0.474060,0.532980,0.042900,0.000000,0.015340,
graphics-fidget-gyroid-sphere.5.ground.smt2,,par_async,128,0,unsat,1.354591,0.022690,0.478750,0.564350,0.094880,0.000000,0.018290,
graphics-fidget-hi.0.ground.smt2,,nelson_topo_iter,1,0,unsat,1.165676,0.460750,0.265910,0.317680,0.031300,0.000000,0.001800,
graphics-fidget-hi.0.ground.smt2,,par_async,1,0,unsat,0.758670,0.013640,0.265530,0.293180,0.096140,0.000000,0.001120,
graphics-fidget-hi.0.ground.smt2,,par_async,2,0,unsat,0.745943,0.013270,0.267270,0.305640,0.064420,0.000000,0.003570,
graphics-fidget-hi.0.ground.smt2,,par_async,4,0,unsat,0.715461,0.013170,0.266640,0.289320,0.050000,0.000000,0.004910,
graphics-fidget-hi.0.ground.smt2,,par_async,8,0,unsat,0.685048,0.013890,0.265310,0.279930,0.035040,0.000000,0.004470,
graphics-fidget-hi.0.ground.smt2,,par_async,16,0,unsat,0.693374,0.014320,0.266280,0.288470,0.031460,0.000000,0.005030,
graphics-fidget-hi.0.ground.smt2,,par_async,32,0,unsat,0.690971,0.013820,0.267740,0.276260,0.033970,0.000000,0.006580,
graphics-fidget-hi.0.ground.smt2,,par_async,64,0,unsat,0.738283,0.014310,0.269150,0.310710,0.039150,0.000000,0.009370,
graphics-fidget-hi.0.ground.smt2,,par_async,128,0,unsat,0.855471,0.014440,0.265740,0.331450,0.122360,0.000000,0.012760,
graphics-fidget-prospero.0.ground.smt2,,nelson_topo_iter,1,0,unsat,1.902411,0.826480,0.395300,0.502060,0.036900,0.000000,0.003260,
graphics-fidget-prospero.0.ground.smt2,,par_async,1,0,unsat,1.195795,0.021520,0.393190,0.495350,0.143400,0.000000,0.002110,
graphics-fidget-prospero.0.ground.smt2,,par_async,2,0,unsat,1.136678,0.020030,0.394940,0.482970,0.090260,0.000000,0.005070,
graphics-fidget-prospero.0.ground.smt2,,par_async,4,0,unsat,1.111635,0.020440,0.396370,0.476790,0.069510,0.000000,0.007370,
graphics-fidget-prospero.0.ground.smt2,,par_async,8,0,unsat,1.081763,0.021130,0.396940,0.462870,0.047240,0.000000,0.007420,
graphics-fidget-prospero.0.ground.smt2,,par_async,16,0,unsat,1.046349,0.019920,0.390740,0.439430,0.045780,0.000000,0.008260,
graphics-fidget-prospero.0.ground.smt2,,par_async,32,0,unsat,1.059349,0.021710,0.393520,0.445740,0.043800,0.000000,0.011770,
graphics-fidget-prospero.0.ground.smt2,,par_async,64,0,unsat,1.091208,0.021870,0.392510,0.448390,0.062640,0.000000,0.015750,
graphics-fidget-prospero.0.ground.smt2,,par_async,128,0,unsat,1.168158,0.022210,0.392050,0.467380,0.110140,0.000000,0.020010,
graphics-fidget-prospero.1.ground.smt2,,nelson_topo_iter,1,0,unsat,3.325042,1.765200,0.609680,0.689540,0.056040,0.000000,0.002830,
graphics-fidget-prospero.1.ground.smt2,,par_async,1,0,unsat,1.640177,0.037350,0.609380,0.711770,0.083430,0.000000,0.001420,
graphics-fidget-prospero.1.ground.smt2,,par_async,2,0,unsat,1.545131,0.035380,0.607560,0.644170,0.053580,0.000000,0.004050,
graphics-fidget-prospero.1.ground.smt2,,par_async,4,0,unsat,1.561581,0.033240,0.604120,0.681360,0.037820,0.000000,0.005230,
graphics-fidget-prospero.1.ground.smt2,,par_async,8,0,unsat,1.506200,0.035260,0.607250,0.629950,0.026890,0.000000,0.005630,
graphics-fidget-prospero.1.ground.smt2,,par_async,16,0,unsat,1.500836,0.034540,0.602400,0.632500,0.025730,0.000000,0.006570,
graphics-fidget-prospero.1.ground.smt2,,par_async,32,0,unsat,1.539549,0.035930,0.605330,0.669770,0.025070,0.000000,0.008330,
graphics-fidget-prospero.1.ground.smt2,,par_async,64,0,unsat,1.555446,0.035160,0.605270,0.676710,0.028130,0.000000,0.012360,
graphics-fidget-prospero.1.ground.smt2,,par_async,128,0,unsat,1.588284,0.035290,0.605750,0.659430,0.065250,0.000000,0.014100,
graphics-fidget-prospero.2.ground.smt2,,nelson_topo_iter,1,0,unsat,1.245001,0.513850,0.281620,0.318800,0.031580,0.000000,0.001780,
graphics-fidget-prospero.2.ground.smt2,,par_async,1,0,unsat,0.766398,0.014750,0.281610,0.310240,0.064460,0.000000,0.001070,
graphics-fidget-prospero.2.ground.smt2,,par_async,2,0,unsat,0.740047,0.012890,0.282400,0.301410,0.043610,0.000000,0.003270,
graphics-fidget-prospero.2.ground.smt2,,par_async,4,0,unsat,0.732996,0.013370,0.285090,0.300950,0.033550,0.000000,0.004480,
graphics-fidget-prospero.2.ground.smt2,,par_async,8,0,unsat,0.721298,0.014390,0.281360,0.298390,0.024580,0.000000,0.004510,
graphics-fidget-prospero.2.ground.smt2,,par_async,16,0,unsat,0.728052,0.014020,0.285780,0.304570,0.023520,0.000000,0.004690,
graphics-fidget-prospero.2.ground.smt2,,par_async,32,0,unsat,0.742121,0.014140,0.283170,0.311350,0.026570,0.000000,0.006710,
graphics-fidget-prospero.2.ground.smt2,,par_async,64,0,unsat,0.743389,0.015210,0.282780,0.300770,0.033140,0.000000,0.009470,
graphics-fidget-prospero.2.ground.smt2,,par_async,128,0,unsat,0.897332,0.015640,0.284790,0.370030,0.100470,0.000000,0.013240,
graphics-fidget-prospero.3.ground.smt2,,nelson_topo_iter,1,0,unsat,1.227491,0.478870,0.288690,0.334770,0.032230,0.000000,0.001900,
graphics-fidget-prospero.3.ground.smt2,,par_async,1,0,unsat,0.748556,0.014510,0.283380,0.297920,0.061480,0.000000,0.001140,
graphics-fidget-prospero.3.ground.smt2,,par_async,2,0,unsat,0.726790,0.012580,0.283630,0.295050,0.042980,0.000000,0.003340,
graphics-fidget-prospero.3.ground.smt2,,par_async,4,0,unsat,0.722192,0.013080,0.281720,0.297780,0.033280,0.000000,0.005270,
graphics-fidget-prospero.3.ground.smt2,,par_async,8,0,unsat,0.716135,0.014280,0.283400,0.295260,0.026390,0.000000,0.006210,
graphics-fidget-prospero.3.ground.smt2,,par_async,16,0,unsat,0.704500,0.013360,0.288520,0.279630,0.024810,0.000000,0.006230,
graphics-fidget-prospero.3.ground.smt2,,par_async,32,0,unsat,0.732901,0.014290,0.283820,0.306430,0.027050,0.000000,0.007260,
graphics-fidget-prospero.3.ground.smt2,,par_async,64,0,unsat,0.748061,0.015150,0.284570,0.305430,0.033490,0.000000,0.009040,
graphics-fidget-prospero.3.ground.smt2,,par_async,128,0,unsat,0.838620,0.014940,0.284860,0.317510,0.100740,0.000000,0.013000,
graphics-fidget-prospero.4.ground.smt2,,nelson_topo_iter,1,0,unsat,1.194275,0.480890,0.285090,0.298560,0.031620,0.000000,0.001750,
graphics-fidget-prospero.4.ground.smt2,,par_async,1,0,unsat,0.772663,0.013630,0.285380,0.313230,0.064880,0.000000,0.001110,
graphics-fidget-prospero.4.ground.smt2,,par_async,2,0,unsat,0.735477,0.014980,0.282850,0.297660,0.042360,0.000000,0.003730,
graphics-fidget-prospero.4.ground.smt2,,par_async,4,0,unsat,0.726623,0.013440,0.285160,0.293340,0.034420,0.000000,0.006060,
graphics-fidget-prospero.4.ground.smt2,,par_async,8,0,unsat,0.752080,0.014750,0.285250,0.321580,0.024700,0.000000,0.006280,
graphics-fidget-prospero.4.ground.smt2,,par_async,16,0,unsat,0.724827,0.013990,0.284920,0.296320,0.024700,0.000000,0.006470,
graphics-fidget-prospero.4.ground.smt2,,par_async,32,0,unsat,0.742743,0.014960,0.284430,0.310640,0.025310,0.000000,0.007370,
graphics-fidget-prospero.4.ground.smt2,,par_async,64,0,unsat,0.744474,0.015180,0.284740,0.299500,0.034450,0.000000,0.008630,
graphics-fidget-prospero.4.ground.smt2,,par_async,128,0,unsat,0.861689,0.014400,0.287170,0.313780,0.118730,0.000000,0.012930,
graphics-fidget-prospero.5.ground.smt2,,nelson_topo_iter,1,0,unsat,1.200469,0.472530,0.285720,0.311780,0.032140,0.000000,0.001790,
graphics-fidget-prospero.5.ground.smt2,,par_async,1,0,unsat,0.764542,0.014990,0.283380,0.308840,0.062780,0.000000,0.001080,
graphics-fidget-prospero.5.ground.smt2,,par_async,2,0,unsat,0.725158,0.013250,0.283810,0.287230,0.043630,0.000000,0.003400,
graphics-fidget-prospero.5.ground.smt2,,par_async,4,0,unsat,0.731636,0.013760,0.283990,0.294630,0.035810,0.000000,0.005710,
graphics-fidget-prospero.5.ground.smt2,,par_async,8,0,unsat,0.740767,0.014150,0.286510,0.310420,0.024600,0.000000,0.006160,
graphics-fidget-prospero.5.ground.smt2,,par_async,16,0,unsat,0.719634,0.014330,0.287090,0.290980,0.025990,0.000000,0.006160,
graphics-fidget-prospero.5.ground.smt2,,par_async,32,0,unsat,0.731624,0.015230,0.284310,0.302770,0.026040,0.000000,0.007350,
graphics-fidget-prospero.5.ground.smt2,,par_async,64,0,unsat,0.742076,0.014230,0.288390,0.293290,0.035670,0.000000,0.008460,
graphics-fidget-prospero.5.ground.smt2,,par_async,128,0,unsat,0.844711,0.015420,0.283620,0.318490,0.103960,0.000000,0.011750,
graphics-lod.0.ground.smt2,,nelson_topo_iter,1,0,unsat,2.913532,1.432470,0.552410,0.597770,0.082250,0.000000,0.003700,
graphics-lod.0.ground.smt2,,par_async,1,0,unsat,1.590223,0.027120,0.556600,0.590670,0.164030,0.000000,0.002300,
graphics-lod.0.ground.smt2,,par_async,2,0,unsat,1.571935,0.026290,0.569620,0.613590,0.095060,0.000000,0.004420,
graphics-lod.0.ground.smt2,,par_async,4,0,unsat,1.502346,0.025710,0.557320,0.576910,0.078360,0.000000,0.010000,
graphics-lod.0.ground.smt2,,par_async,8,0,unsat,1.479977,0.027040,0.561880,0.574910,0.050900,0.000000,0.009380,
graphics-lod.0.ground.smt2,,par_async,16,0,unsat,1.506580,0.027120,0.594300,0.575050,0.041060,0.000000,0.010940,
graphics-lod.0.ground.smt2,,par_async,32,0,unsat,1.452942,0.026330,0.557850,0.567870,0.038230,0.000000,0.013420,
graphics-lod.0.ground.smt2,,par_async,64,0,unsat,1.536767,0.027280,0.561240,0.618730,0.046790,0.000000,0.016340,
graphics-lod.0.ground.smt2,,par_async,128,0,unsat,1.565380,0.028870,0.557970,0.589690,0.102780,0.000000,0.020100,
graphics-lod.1.ground.smt2,,nelson_topo_iter,1,0,unsat,0.104668,0.042610,0.021960,0.027260,0.002090,0.000000,0.000160,
graphics-lod.1.ground.smt2,,par_async,1,0,unsat,0.063841,0.002340,0.021910,0.025950,0.003370,0.000000,0.000120,
graphics-lod.1.ground.smt2,,par_async,2,0,unsat,0.065564,0.002040,0.021980,0.026600,0.004000,0.000000,0.000540,
graphics-lod.1.ground.smt2,,par_async,4,0,unsat,0.064699,0.002090,0.022160,0.026230,0.003700,0.000000,0.000610,
graphics-lod.1.ground.smt2,,par_async,8,0,unsat,0.065726,0.002070,0.021940,0.027100,0.003270,0.000000,0.000670,
graphics-lod.1.ground.smt2,,par_async,16,0,unsat,0.066916,0.002080,0.021800,0.028370,0.003350,0.000000,0.000820,
graphics-lod.1.ground.smt2,,par_async,32,0,unsat,0.070229,0.002110,0.021930,0.030820,0.003470,0.000000,0.000580,
graphics-lod.1.ground.smt2,,par_async,64,0,unsat,0.076871,0.002180,0.021820,0.035830,0.004310,0.000000,0.000600,
graphics-lod.1.ground.smt2,,par_async,128,0,unsat,0.115891,0.002070,0.022020,0.049310,0.023270,0.000000,0.004450,
graphics-lod.10.ground.smt2,,nelson_topo_iter,1,0,unsat,3.743348,1.891330,0.723050,0.747140,0.068160,0.000000,0.003860,
graphics-lod.10.ground.smt2,,par_async,1,0,unsat,2.007959,0.040190,0.736930,0.740150,0.168960,0.000000,0.002220,
graphics-lod.10.ground.smt2,,par_async,2,0,unsat,1.909553,0.037090,0.735820,0.714930,0.105010,0.000000,0.004160,
graphics-lod.10.ground.smt2,,par_async,4,0,unsat,1.899314,0.037120,0.739560,0.720740,0.077520,0.000000,0.009200,
graphics-lod.10.ground.smt2,,par_async,8,0,unsat,1.840513,0.036610,0.721870,0.708080,0.055930,0.000000,0.009720,
graphics-lod.10.ground.smt2,,par_async,16,0,unsat,1.821474,0.037940,0.719820,0.702440,0.041890,0.000000,0.010700,
graphics-lod.10.ground.smt2,,par_async,32,0,unsat,1.844620,0.037690,0.722640,0.720240,0.037720,0.000000,0.012720,
graphics-lod.10.ground.smt2,,par_async,64,0,unsat,1.883545,0.038790,0.734590,0.727870,0.047040,0.000000,0.014510,
graphics-lod.10.ground.smt2,,par_async,128,0,unsat,1.940184,0.038100,0.734680,0.722860,0.103560,0.000000,0.019040,
graphics-lod.13.ground.smt2,,nelson_topo_iter,1,0,unsat,1.510517,0.550420,0.359850,0.435120,0.025430,0.000000,0.002990,
graphics-lod.13.ground.smt2,,par_async,1,0,unsat,1.048591,0.015640,0.363670,0.413100,0.116500,0.000000,0.001940,
graphics-lod.13.ground.smt2,,par_async,2,0,unsat,1.014604,0.014850,0.362080,0.409100,0.081230,0.000000,0.004340,
graphics-lod.13.ground.smt2,,par_async,4,0,unsat,0.984700,0.014880,0.365740,0.399370,0.055550,0.000000,0.007860,
graphics-lod.13.ground.smt2,,par_async,8,0,unsat,0.982778,0.015570,0.365360,0.403620,0.044610,0.000000,0.009290,
graphics-lod.13.ground.smt2,,par_async,16,0,unsat,0.968421,0.016360,0.361700,0.395010,0.040490,0.000000,0.007390,
graphics-lod.13.ground.smt2,,par_async,32,0,unsat,1.001842,0.015410,0.361150,0.422420,0.039850,0.000000,0.010420,
graphics-lod.13.ground.smt2,,par_async,64,0,unsat,1.018183,0.015420,0.364380,0.416850,0.047980,0.000000,0.016040,
graphics-lod.13.ground.smt2,,par_async,128,0,unsat,1.098799,0.016190,0.365150,0.448510,0.091000,0.000000,0.018290,
graphics-lod.14.ground.smt2,,nelson_topo_iter,1,0,unsat,1.349012,0.478740,0.320880,0.408390,0.032630,0.000000,0.002810,
graphics-lod.14.ground.smt2,,par_async,1,0,unsat,0.958722,0.013800,0.323570,0.391060,0.121410,0.000000,0.001860,
graphics-lod.14.ground.smt2,,par_async,2,0,unsat,0.900530,0.014220,0.317980,0.378110,0.078750,0.000000,0.004580,
graphics-lod.14.ground.smt2,,par_async,4,0,unsat,0.913839,0.014870,0.324740,0.397040,0.059630,0.000000,0.006190,
graphics-lod.14.ground.smt2,,par_async,8,0,unsat,0.884955,0.014440,0.322240,0.390950,0.044610,0.000000,0.006300,
graphics-lod.14.ground.smt2,,par_async,16,0,unsat,0.883779,0.014860,0.319320,0.391900,0.040470,0.000000,0.007220,
graphics-lod.14.ground.smt2,,par_async,32,0,unsat,0.897195,0.014960,0.321960,0.398970,0.039470,0.000000,0.009780,
graphics-lod.14.ground.smt2,,par_async,64,0,unsat,0.938403,0.015230,0.321460,0.422210,0.047700,0.000000,0.013890,
graphics-lod.14.ground.smt2,,par_async,128,0,unsat,0.992694,0.015600,0.318480,0.430800,0.088880,0.000000,0.016550,
graphics-lod.15.ground.smt2,,nelson_topo_iter,1,0,unsat,1.986186,0.821810,0.447380,0.525890,0.024210,0.000000,0.003080,
graphics-lod.15.ground.smt2,,par_async,1,0,unsat,1.256348,0.020950,0.445350,0.501580,0.125300,0.000000,0.001850,
graphics-lod.15.ground.smt2,,par_async,2,0,unsat,1.244997,0.020300,0.454630,0.516850,0.080350,0.000000,0.004010,
graphics-lod.15.ground.smt2,,par_async,4,0,unsat,1.277071,0.019830,0.451830,0.558440,0.063070,0.000000,0.009330,
graphics-lod.15.ground.smt2,,par_async,8,0,unsat,1.211111,0.021520,0.451380,0.514010,0.046990,0.000000,0.008550,
graphics-lod.15.ground.smt2,,par_async,16,0,unsat,1.165311,0.021340,0.442440,0.479340,0.042770,0.000000,0.009900,
graphics-lod.15.ground.smt2,,par_async,32,0,unsat,1.185721,0.021170,0.449060,0.496370,0.040530,0.000000,0.011120,
graphics-lod.15.ground.smt2,,par_async,64,0,unsat,1.208105,0.021240,0.445120,0.503050,0.053600,0.000000,0.012700,
graphics-lod.15.ground.smt2,,par_async,128,0,unsat,1.286858,0.020680,0.445160,0.514050,0.111380,0.000000,0.016330,
graphics-lod.16.ground.smt2,,nelson_topo_iter,1,0,unsat,1.540309,0.589350,0.379410,0.406300,0.037970,0.000000,0.002340,
graphics-lod.16.ground.smt2,,par_async,1,0,unsat,1.065636,0.015590,0.383770,0.396670,0.142000,0.000000,0.001370,
graphics-lod.16.ground.smt2,,par_async,2,0,unsat,1.053476,0.015070,0.386020,0.421790,0.093250,0.000000,0.003840,
graphics-lod.16.ground.smt2,,par_async,4,0,unsat,1.000556,0.015130,0.385290,0.394870,0.068010,0.000000,0.007360,
graphics-lod.16.ground.smt2,,par_async,8,0,unsat,0.985399,0.015950,0.381280,0.400890,0.050410,0.000000,0.007410,
graphics-lod.16.ground.smt2,,par_async,16,0,unsat,0.999893,0.015500,0.382580,0.420900,0.039680,0.000000,0.007670,
graphics-lod.16.ground.smt2,,par_async,32,0,unsat,0.986854,0.015560,0.388390,0.399520,0.038450,0.000000,0.009220,
graphics-lod.16.ground.smt2,,par_async,64,0,unsat,1.007989,0.016560,0.383840,0.408780,0.048780,0.000000,0.011250,
graphics-lod.16.ground.smt2,,par_async,128,0,unsat,1.100534,0.016110,0.381520,0.438440,0.097570,0.000000,0.013770,
graphics-lod.18.ground.smt2,,nelson_topo_iter,1,0,unsat,1.578298,0.681190,0.353910,0.392400,0.023410,0.000000,0.002520,
graphics-lod.18.ground.smt2,,par_async,1,0,unsat,1.002671,0.020060,0.354890,0.386290,0.109070,0.000000,0.001580,
graphics-lod.18.ground.smt2,,par_async,2,0,unsat,0.982486,0.018840,0.355040,0.395460,0.074430,0.000000,0.003950,
graphics-lod.18.ground.smt2,,par_async,4,0,unsat,0.959165,0.019030,0.359850,0.377260,0.059670,0.000000,0.007760,
graphics-lod.18.ground.smt2,,par_async,8,0,unsat,0.936447,0.019630,0.353660,0.379770,0.041780,0.000000,0.007980,
graphics-lod.18.ground.smt2,,par_async,16,0,unsat,0.944834,0.019830,0.352100,0.390390,0.040990,0.000000,0.008360,
graphics-lod.18.ground.smt2,,par_async,32,0,unsat,0.954519,0.020960,0.354360,0.387090,0.043090,0.000000,0.009830,
graphics-lod.18.ground.smt2,,par_async,64,0,unsat,0.957823,0.019970,0.354180,0.383930,0.046810,0.000000,0.013370,
graphics-lod.18.ground.smt2,,par_async,128,0,unsat,1.091059,0.020980,0.357740,0.418770,0.125460,0.000000,0.015350,
graphics-lod.19.ground.smt2,,nelson_topo_iter,1,0,unsat,1.270811,0.454660,0.318990,0.362640,0.032590,0.000000,0.002780,
graphics-lod.19.ground.smt2,,par_async,1,0,unsat,0.937875,0.014520,0.323210,0.378190,0.120630,0.000000,0.001920,
graphics-lod.19.ground.smt2,,par_async,2,0,unsat,0.878513,0.012880,0.322720,0.356680,0.079250,0.000000,0.004150,
graphics-lod.19.ground.smt2,,par_async,4,0,unsat,0.895953,0.013360,0.323610,0.385010,0.058490,0.000000,0.008330,
graphics-lod.19.ground.smt2,,par_async,8,0,unsat,0.868155,0.014070,0.322680,0.367800,0.046620,0.000000,0.009220,
graphics-lod.19.ground.smt2,,par_async,16,0,unsat,0.863160,0.014440,0.325430,0.365900,0.039410,0.000000,0.009490,
graphics-lod.19.ground.smt2,,par_async,32,0,unsat,0.849313,0.014830,0.322830,0.351450,0.039840,0.000000,0.010640,
graphics-lod.19.ground.smt2,,par_async,64,0,unsat,0.901237,0.014600,0.324930,0.388240,0.042980,0.000000,0.014250,
graphics-lod.19.ground.smt2,,par_async,128,0,unsat,0.988597,0.015900,0.321270,0.377050,0.134920,0.000000,0.016500,
graphics-lod.2.ground.smt2,,nelson_topo_iter,1,0,unsat,5.981884,3.579650,0.978480,0.962960,0.051470,0.000000,0.002940,
graphics-lod.2.ground.smt2,,par_async,1,0,unsat,2.569939,0.053190,1.014890,0.967040,0.112870,0.000000,0.001650,
graphics-lod.2.ground.smt2,,par_async,2,0,unsat,2.475304,0.050090,0.998530,0.929160,0.071610,0.000000,0.004040,
graphics-lod.2.ground.smt2,,par_async,4,0,unsat,2.459078,0.050140,0.991680,0.931960,0.053660,0.000000,0.008230,
graphics-lod.2.ground.smt2,,par_async,8,0,unsat,2.446374,0.049290,1.001560,0.924140,0.037730,0.000000,0.007970,
graphics-lod.2.ground.smt2,,par_async,16,0,unsat,2.445445,0.050310,0.997960,0.934530,0.031420,0.000000,0.008810,
graphics-lod.2.ground.smt2,,par_async,32,0,unsat,2.453210,0.050060,0.995530,0.941020,0.031580,0.000000,0.010290,
graphics-lod.2.ground.smt2,,par_async,64,0,unsat,2.432031,0.048720,0.984800,0.925690,0.042210,0.000000,0.012470,
graphics-lod.2.ground.smt2,,par_async,128,0,unsat,2.539893,0.049540,0.999370,0.952930,0.089980,0.000000,0.015680,
graphics-lod.20.ground.smt2,,nelson_topo_iter,1,0,unsat,1.234561,0.423280,0.305220,0.367350,0.023690,0.000000,0.002870,
graphics-lod.20.ground.smt2,,par_async,1,0,unsat,0.946428,0.015240,0.306360,0.349970,0.160550,0.000000,0.001810,
graphics-lod.20.ground.smt2,,par_async,2,0,unsat,0.876084,0.014380,0.305030,0.335100,0.102760,0.000000,0.004040,
graphics-lod.20.ground.smt2,,par_async,4,0,unsat,0.863778,0.013690,0.304360,0.337120,0.081580,0.000000,0.008220,
graphics-lod.20.ground.smt2,,par_async,8,0,unsat,0.882795,0.013790,0.313970,0.367330,0.060850,0.000000,0.008600,
graphics-lod.20.ground.smt2,,par_async,16,0,unsat,0.851083,0.014780,0.307510,0.346260,0.055000,0.000000,0.009460,
graphics-lod.20.ground.smt2,,par_async,32,0,unsat,0.856421,0.014970,0.308310,0.358900,0.045270,0.000000,0.010170,
graphics-lod.20.ground.smt2,,par_async,64,0,unsat,0.878658,0.014410,0.305270,0.370490,0.052390,0.000000,0.012110,
graphics-lod.20.ground.smt2,,par_async,128,0,unsat,0.939611,0.015830,0.304680,0.369440,0.105720,0.000000,0.015470,
graphics-lod.21.ground.smt2,,nelson_topo_iter,1,0,unsat,1.523232,0.577940,0.377540,0.400230,0.038260,0.000000,0.002280,
graphics-lod.21.ground.smt2,,par_async,1,0,unsat,1.047369,0.017160,0.377280,0.389850,0.135270,0.000000,0.001380,
graphics-lod.21.ground.smt2,,par_async,2,0,unsat,1.017344,0.015960,0.383890,0.386860,0.091270,0.000000,0.003810,
graphics-lod.21.ground.smt2,,par_async,4,0,unsat,1.046638,0.015390,0.390340,0.422990,0.072230,0.000000,0.007280,
graphics-lod.21.ground.smt2,,par_async,8,0,unsat,0.989897,0.017010,0.381100,0.398590,0.049110,0.000000,0.008200,
graphics-lod.21.ground.smt2,,par_async,16,0,unsat,0.982096,0.016170,0.385710,0.396300,0.042540,0.000000,0.008100,
graphics-lod.21.ground.smt2,,par_async,32,0,unsat,0.992971,0.017240,0.381740,0.408730,0.037900,0.000000,0.009450,
graphics-lod.21.ground.smt2,,par_async,64,0,unsat,1.002280,0.016850,0.385700,0.393710,0.053580,0.000000,0.011560,
graphics-lod.21.ground.smt2,,par_async,128,0,unsat,1.124196,0.016880,0.384910,0.414160,0.138420,0.000000,0.015630,
graphics-lod.22.ground.smt2,,nelson_topo_iter,1,0,unsat,2.049804,0.815290,0.484860,0.527970,0.045550,0.000000,0.002870,
graphics-lod.22.ground.smt2,,par_async,1,0,unsat,1.289162,0.022670,0.483750,0.490900,0.126420,0.000000,0.001750,
graphics-lod.22.ground.smt2,,par_async,2,0,unsat,1.278335,0.021210,0.485980,0.511650,0.083200,0.000000,0.003810,
graphics-lod.22.ground.smt2,,par_async,4,0,unsat,1.268073,0.020580,0.483330,0.515990,0.062770,0.000000,0.008450,
graphics-lod.22.ground.smt2,,par_async,8,0,unsat,1.221627,0.023060,0.483920,0.492680,0.045160,0.000000,0.009140,
graphics-lod.22.ground.smt2,,par_async,16,0,unsat,1.263870,0.021360,0.484630,0.533280,0.039630,0.000000,0.009430,
graphics-lod.22.ground.smt2,,par_async,32,0,unsat,1.258078,0.023860,0.482970,0.525020,0.036710,0.000000,0.011030,
graphics-lod.22.ground.smt2,,par_async,64,0,unsat,1.239409,0.022440,0.481090,0.497330,0.047120,0.000000,0.013200,
graphics-lod.22.ground.smt2,,par_async,128,0,unsat,1.360414,0.021360,0.482900,0.535330,0.111070,0.000000,0.016750,
graphics-lod.23.ground.smt2,,nelson_topo_iter,1,0,unsat,1.245417,0.422210,0.306470,0.379010,0.021560,0.000000,0.002360,
graphics-lod.23.ground.smt2,,par_async,1,0,unsat,0.895449,0.014060,0.301410,0.358520,0.107020,0.000000,0.001480,
graphics-lod.23.ground.smt2,,par_async,2,0,unsat,0.874819,0.012940,0.297470,0.369740,0.071300,0.000000,0.004120,
graphics-lod.23.ground.smt2,,par_async,4,0,unsat,0.851757,0.012320,0.303350,0.357970,0.056170,0.000000,0.005420,
graphics-lod.23.ground.smt2,,par_async,8,0,unsat,0.854371,0.012380,0.306230,0.370880,0.041950,0.000000,0.005600,
graphics-lod.23.ground.smt2,,par_async,16,0,unsat,0.845262,0.013440,0.306980,0.365660,0.036420,0.000000,0.006020,
graphics-lod.23.ground.smt2,,par_async,32,0,unsat,0.825044,0.015560,0.306760,0.337110,0.034670,0.000000,0.009090,
graphics-lod.23.ground.smt2,,par_async,64,0,unsat,0.847186,0.013780,0.304810,0.349830,0.041800,0.000000,0.010630,
graphics-lod.23.ground.smt2,,par_async,128,0,unsat,0.949021,0.014200,0.307260,0.372410,0.107500,0.000000,0.013630,
graphics-lod.3.ground.smt2,,nelson_topo_iter,1,0,unsat,0.478079,0.116940,0.125870,0.167410,0.017440,0.000000,0.001320,
graphics-lod.3.ground.smt2,,par_async,1,0,unsat,0.377878,0.006540,0.124500,0.152910,0.043460,0.000000,0.000860,
graphics-lod.3.ground.smt2,,par_async,2,0,unsat,0.350293,0.007040,0.125350,0.135650,0.030180,0.000000,0.002890,
graphics-lod.3.ground.smt2,,par_async,4,0,unsat,0.351964,0.006240,0.124730,0.141650,0.024630,0.000000,0.004710,
graphics-lod.3.ground.smt2,,par_async,8,0,unsat,0.345355,0.006270,0.125010,0.137140,0.020610,0.000000,0.005250,
graphics-lod.3.ground.smt2,,par_async,16,0,unsat,0.363443,0.006440,0.124410,0.150250,0.023440,0.000000,0.005600,
graphics-lod.3.ground.smt2,,par_async,32,0,unsat,0.357697,0.006310,0.126420,0.140930,0.024520,0.000000,0.005600,
graphics-lod.3.ground.smt2,,par_async,64,0,unsat,0.384252,0.006030,0.125990,0.155380,0.031440,0.000000,0.006550,
graphics-lod.3.ground.smt2,,par_async,128,0,unsat,0.486666,0.006940,0.125810,0.162770,0.114360,0.000000,0.009260,
graphics-lod.4.ground.smt2,,nelson_topo_iter,1,0,unsat,4.579107,2.544500,0.775540,0.860060,0.052220,0.000000,0.003090,
graphics-lod.4.ground.smt2,,par_async,1,0,unsat,2.160976,0.043650,0.779570,0.852000,0.134510,0.000000,0.001880,
graphics-lod.4.ground.smt2,,par_async,2,0,unsat,2.105151,0.041330,0.781750,0.841970,0.086210,0.000000,0.004300,
graphics-lod.4.ground.smt2,,par_async,4,0,unsat,2.083716,0.040670,0.778390,0.842520,0.065330,0.000000,0.006650,
graphics-lod.4.ground.smt2,,par_async,8,0,unsat,2.000541,0.039370,0.776500,0.796260,0.042660,0.000000,0.006370,
graphics-lod.4.ground.smt2,,par_async,16,0,unsat,1.995507,0.039640,0.781730,0.790940,0.036750,0.000000,0.007230,
graphics-lod.4.ground.smt2,,par_async,32,0,unsat,1.984940,0.041330,0.765780,0.794880,0.035340,0.000000,0.010660,
graphics-lod.4.ground.smt2,,par_async,64,0,unsat,2.006116,0.040430,0.768660,0.795470,0.044540,0.000000,0.013060,
graphics-lod.4.ground.smt2,,par_async,128,0,unsat,2.183969,0.041530,0.781670,0.900220,0.085130,0.000000,0.017970,
graphics-lod.5.ground.smt2,,nelson_topo_iter,1,0,unsat,3.981019,1.956540,0.785760,0.823900,0.076450,0.000000,0.003230,
graphics-lod.5.ground.smt2,,par_async,1,0,unsat,2.106474,0.042560,0.797900,0.792150,0.143750,0.000000,0.001990,
graphics-lod.5.ground.smt2,,par_async,2,0,unsat,2.048129,0.039640,0.789810,0.785630,0.088670,0.000000,0.004850,
graphics-lod.5.ground.smt2,,par_async,4,0,unsat,2.019061,0.038760,0.793850,0.781710,0.064850,0.000000,0.006370,
graphics-lod.5.ground.smt2,,par_async,8,0,unsat,2.063762,0.039790,0.817500,0.807180,0.049800,0.000000,0.007550,
graphics-lod.5.ground.smt2,,par_async,16,0,unsat,2.022417,0.040760,0.810320,0.789480,0.038090,0.000000,0.007580,
graphics-lod.5.ground.smt2,,par_async,32,0,unsat,2.023381,0.040180,0.797650,0.796410,0.037500,0.000000,0.011270,
graphics-lod.5.ground.smt2,,par_async,64,0,unsat,2.071570,0.041650,0.799080,0.822340,0.046390,0.000000,0.014280,
graphics-lod.5.ground.smt2,,par_async,128,0,unsat,2.135740,0.042620,0.803870,0.823730,0.089070,0.000000,0.017950,
graphics-lod.6.ground.smt2,,nelson_topo_iter,1,0,unsat,5.720298,3.354090,0.982950,0.927680,0.049520,0.000000,0.002850,
graphics-lod.6.ground.smt2,,par_async,1,0,unsat,2.532645,0.051200,1.003640,0.949740,0.117410,0.000000,0.001690,
graphics-lod.6.ground.smt2,,par_async,2,0,unsat,2.481966,0.047400,0.990580,0.945460,0.075590,0.000000,0.004590,
graphics-lod.6.ground.smt2,,par_async,4,0,unsat,2.414505,0.047380,1.005650,0.896480,0.053250,0.000000,0.005730,
graphics-lod.6.ground.smt2,,par_async,8,0,unsat,2.402845,0.047030,0.993300,0.913340,0.038690,0.000000,0.006110,
graphics-lod.6.ground.smt2,,par_async,16,0,unsat,2.396913,0.047750,0.989890,0.915320,0.032150,0.000000,0.006630,
graphics-lod.6.ground.smt2,,par_async,32,0,unsat,2.410456,0.048630,1.004480,0.908100,0.030960,0.000000,0.009710,
graphics-lod.6.ground.smt2,,par_async,64,0,unsat,2.448824,0.047520,1.008250,0.920060,0.044910,0.000000,0.012700,
graphics-lod.6.ground.smt2,,par_async,128,0,unsat,2.524744,0.048980,0.996270,0.957250,0.081500,0.000000,0.016030,
graphics-lod.7.ground.smt2,,nelson_topo_iter,1,0,unsat,0.432429,0.095930,0.122890,0.148530,0.016930,0.000000,0.001280,
graphics-lod.7.ground.smt2,,par_async,1,0,unsat,0.353861,0.006950,0.122790,0.135510,0.041040,0.000000,0.000850,
graphics-lod.7.ground.smt2,,par_async,2,0,unsat,0.345749,0.006490,0.123340,0.133890,0.030780,0.000000,0.002930,
graphics-lod.7.ground.smt2,,par_async,4,0,unsat,0.341331,0.005790,0.122720,0.137140,0.024720,0.000000,0.003090,
graphics-lod.7.ground.smt2,,par_async,8,0,unsat,0.343677,0.006240,0.123480,0.139360,0.020420,0.000000,0.003890,
graphics-lod.7.ground.smt2,,par_async,16,0,unsat,0.348087,0.006760,0.123860,0.139440,0.022010,0.000000,0.004040,
graphics-lod.7.ground.smt2,,par_async,32,0,unsat,0.355401,0.006500,0.124020,0.143540,0.024480,0.000000,0.005050,
graphics-lod.7.ground.smt2,,par_async,64,0,unsat,0.366241,0.005920,0.122190,0.145240,0.028860,0.000000,0.007700,
graphics-lod.7.ground.smt2,,par_async,128,0,unsat,0.481553,0.005930,0.122950,0.168010,0.112260,0.000000,0.010180,
graphics-lod.8.ground.smt2,,nelson_topo_iter,1,0,unsat,4.105244,2.261420,0.749630,0.718330,0.073270,0.000000,0.003570,
graphics-lod.8.ground.smt2,,par_async,1,0,unsat,1.889501,0.038260,0.709750,0.690040,0.155220,0.000000,0.002220,
graphics-lod.8.ground.smt2,,par_async,2,0,unsat,1.858963,0.036680,0.714790,0.701710,0.098880,0.000000,0.005080,
graphics-lod.8.ground.smt2,,par_async,4,0,unsat,1.831719,0.037610,0.710060,0.703450,0.071130,0.000000,0.007410,
graphics-lod.8.ground.smt2,,par_async,8,0,unsat,1.796002,0.038000,0.698380,0.694840,0.048170,0.000000,0.007290,
graphics-lod.8.ground.smt2,,par_async,16,0,unsat,1.792664,0.037600,0.705470,0.692400,0.042330,0.000000,0.008000,
graphics-lod.8.ground.smt2,,par_async,32,0,unsat,1.797654,0.037950,0.709180,0.691620,0.037600,0.000000,0.011870,
graphics-lod.8.ground.smt2,,par_async,64,0,unsat,1.833291,0.037490,0.711160,0.714830,0.044850,0.000000,0.014280,
graphics-lod.8.ground.smt2,,par_async,128,0,unsat,1.882190,0.037870,0.701330,0.719740,0.086000,0.000000,0.020120,
graphics-lod.9.ground.smt2,,nelson_topo_iter,1,0,unsat,4.177344,2.406620,0.701480,0.711980,0.059540,0.000000,0.003800,
graphics-lod.9.ground.smt2,,par_async,1,0,unsat,1.897004,0.038670,0.701590,0.695440,0.157400,0.000000,0.002250,
graphics-lod.9.ground.smt2,,par_async,2,0,unsat,1.846643,0.036870,0.709960,0.686000,0.102680,0.000000,0.004810,
graphics-lod.9.ground.smt2,,par_async,4,0,unsat,1.839151,0.036410,0.703970,0.699970,0.078090,0.000000,0.007840,
graphics-lod.9.ground.smt2,,par_async,8,0,unsat,1.807357,0.037520,0.711930,0.692420,0.049840,0.000000,0.007350,
graphics-lod.9.ground.smt2,,par_async,16,0,unsat,1.781634,0.036830,0.712860,0.681870,0.041720,0.000000,0.008290,
graphics-lod.9.ground.smt2,,par_async,32,0,unsat,1.786682,0.038520,0.700340,0.694250,0.037780,0.000000,0.011970,
graphics-lod.9.ground.smt2,,par_async,64,0,unsat,1.800950,0.038160,0.701870,0.690390,0.049120,0.000000,0.015990,
graphics-lod.9.ground.smt2,,par_async,128,0,unsat,1.923037,0.038570,0.697030,0.709140,0.139580,0.000000,0.022530,
graphics-log-transform.0.ground.smt2,,nelson_topo_iter,1,0,unsat,0.758545,0.200220,0.201490,0.238330,0.029450,0.000000,0.001920,
graphics-log-transform.0.ground.smt2,,par_async,1,0,unsat,0.595234,0.010400,0.203330,0.221910,0.072220,0.000000,0.001120,
graphics-log-transform.0.ground.smt2,,par_async,2,0,unsat,0.593790,0.010240,0.199630,0.240510,0.047750,0.000000,0.003370,
graphics-log-transform.0.ground.smt2,,par_async,4,0,unsat,0.575532,0.009960,0.204280,0.228290,0.038480,0.000000,0.004510,
graphics-log-transform.0.ground.smt2,,par_async,8,0,unsat,0.551906,0.011070,0.203040,0.219380,0.028170,0.000000,0.004370,
graphics-log-transform.0.ground.smt2,,par_async,16,0,unsat,0.562578,0.010600,0.202160,0.227850,0.025500,0.000000,0.005430,
graphics-log-transform.0.ground.smt2,,par_async,32,0,unsat,0.554765,0.010940,0.200820,0.219710,0.026930,0.000000,0.006450,
graphics-log-transform.0.ground.smt2,,par_async,64,0,unsat,0.577665,0.010390,0.200030,0.228940,0.033260,0.000000,0.009360,
graphics-log-transform.0.ground.smt2,,par_async,128,0,unsat,0.661340,0.010550,0.204060,0.258880,0.068730,0.000000,0.011440,
graphics-log-transform.1.ground.smt2,,nelson_topo_iter,1,0,unsat,0.626984,0.269200,0.131630,0.153130,0.014660,0.000000,0.001120,
graphics-log-transform.1.ground.smt2,,par_async,1,0,unsat,0.389061,0.007200,0.131960,0.146530,0.043890,0.000000,0.000730,
graphics-log-transform.1.ground.smt2,,par_async,2,0,unsat,0.410917,0.006510,0.132810,0.170210,0.034420,0.000000,0.002550,
graphics-log-transform.1.ground.smt2,,par_async,4,0,unsat,0.380796,0.006770,0.133110,0.148720,0.028570,0.000000,0.003000,
graphics-log-transform.1.ground.smt2,,par_async,8,0,unsat,0.373467,0.006460,0.133310,0.148670,0.022360,0.000000,0.002920,
graphics-log-transform.1.ground.smt2,,par_async,16,0,unsat,0.373844,0.006070,0.133600,0.147840,0.023280,0.000000,0.003370,
graphics-log-transform.1.ground.smt2,,par_async,32,0,unsat,0.392321,0.006140,0.133690,0.160170,0.025080,0.000000,0.004470,
graphics-log-transform.1.ground.smt2,,par_async,64,0,unsat,0.405125,0.006020,0.131020,0.156510,0.036100,0.000000,0.006560,
graphics-log-transform.1.ground.smt2,,par_async,128,0,unsat,0.523033,0.006890,0.132070,0.182020,0.112290,0.000000,0.009240,
graphics-log-transform.2.ground.smt2,,nelson_topo_iter,1,0,unsat,0.761848,0.205740,0.191700,0.233850,0.034820,0.000000,0.001850,
graphics-log-transform.2.ground.smt2,,par_async,1,0,unsat,0.576283,0.011330,0.192120,0.208500,0.071840,0.000000,0.001090,
graphics-log-transform.2.ground.smt2,,par_async,2,0,unsat,0.549740,0.009670,0.189430,0.207070,0.047950,0.000000,0.003400,
graphics-log-transform.2.ground.smt2,,par_async,4,0,unsat,0.559232,0.010270,0.192210,0.221300,0.035420,0.000000,0.004040,
graphics-log-transform.2.ground.smt2,,par_async,8,0,unsat,0.537013,0.010640,0.192490,0.208720,0.027390,0.000000,0.004610,
graphics-log-transform.2.ground.smt2,,par_async,16,0,unsat,0.532684,0.010200,0.190950,0.209280,0.024370,0.000000,0.005150,
graphics-log-transform.2.ground.smt2,,par_async,32,0,unsat,0.542164,0.010870,0.189130,0.215530,0.027630,0.000000,0.006470,
graphics-log-transform.2.ground.smt2,,par_async,64,0,unsat,0.558924,0.009820,0.190770,0.218890,0.033550,0.000000,0.008360,
graphics-log-transform.2.ground.smt2,,par_async,128,0,unsat,0.676622,0.010000,0.192690,0.256110,0.094090,0.000000,0.010830,
graphics-log-transform.3.ground.smt2,,nelson_topo_iter,1,0,unsat,1.089770,0.321790,0.271790,0.314900,0.049090,0.000000,0.002510,
graphics-log-transform.3.ground.smt2,,par_async,1,0,unsat,0.877605,0.013230,0.272620,0.298420,0.163190,0.000000,0.001760,
graphics-log-transform.3.ground.smt2,,par_async,2,0,unsat,0.853017,0.011970,0.277480,0.312830,0.111740,0.000000,0.004810,
graphics-log-transform.3.ground.smt2,,par_async,4,0,unsat,0.802570,0.011530,0.272090,0.298960,0.084650,0.000000,0.005280,
graphics-log-transform.3.ground.smt2,,par_async,8,0,unsat,0.781724,0.012680,0.271170,0.302810,0.058850,0.000000,0.005740,
graphics-log-transform.3.ground.smt2,,par_async,16,0,unsat,0.794700,0.012170,0.271210,0.323770,0.048690,0.000000,0.006350,
graphics-log-transform.3.ground.smt2,,par_async,32,0,unsat,0.812984,0.012390,0.272250,0.334430,0.046900,0.000000,0.008850,
graphics-log-transform.3.ground.smt2,,par_async,64,0,unsat,0.816861,0.012290,0.274340,0.318560,0.058250,0.000000,0.012060,
graphics-log-transform.3.ground.smt2,,par_async,128,0,unsat,0.941708,0.013010,0.271540,0.330430,0.164900,0.000000,0.015140,
graphics-log-transform.4.ground.smt2,,nelson_topo_iter,1,0,unsat,0.355779,0.103830,0.092590,0.107660,0.014510,0.000000,0.000900,
graphics-log-transform.4.ground.smt2,,par_async,1,0,unsat,0.270320,0.004530,0.091750,0.104650,0.032530,0.000000,0.000590,
graphics-log-transform.4.ground.smt2,,par_async,2,0,unsat,0.267226,0.004200,0.091690,0.106280,0.025980,0.000000,0.001650,
graphics-log-transform.4.ground.smt2,,par_async,4,0,unsat,0.266804,0.004370,0.092790,0.107070,0.022480,0.000000,0.002390,
graphics-log-transform.4.ground.smt2,,par_async,8,0,unsat,0.257917,0.004290,0.092660,0.103390,0.017180,0.000000,0.002520,
graphics-log-transform.4.ground.smt2,,par_async,16,0,unsat,0.267195,0.003970,0.093930,0.107710,0.018640,0.000000,0.002920,
graphics-log-transform.4.ground.smt2,,par_async,32,0,unsat,0.271128,0.004240,0.093660,0.107630,0.020870,0.000000,0.003750,
graphics-log-transform.4.ground.smt2,,par_async,64,0,unsat,0.298204,0.003780,0.094740,0.116690,0.029710,0.000000,0.005470,
graphics-log-transform.4.ground.smt2,,par_async,128,0,unsat,0.380163,0.004250,0.092280,0.139120,0.081740,0.000000,0.007220,
graphics-log-transform.5.ground.smt2,,nelson_topo_iter,1,0,unsat,0.975054,0.247520,0.270330,0.308630,0.037770,0.000000,0.002320,
graphics-log-transform.5.ground.smt2,,par_async,1,0,unsat,0.903872,0.011500,0.276670,0.330920,0.170520,0.000000,0.001590,
graphics-log-transform.5.ground.smt2,,par_async,2,0,unsat,0.814687,0.011610,0.276380,0.300210,0.109290,0.000000,0.004270,
graphics-log-transform.5.ground.smt2,,par_async,4,0,unsat,0.807503,0.011000,0.272050,0.316510,0.089420,0.000000,0.005040,
graphics-log-transform.5.ground.smt2,,par_async,8,0,unsat,0.767044,0.012090,0.273210,0.298030,0.063140,0.000000,0.005450,
graphics-log-transform.5.ground.smt2,,par_async,16,0,unsat,0.761924,0.010960,0.273090,0.309350,0.047780,0.000000,0.006160,
graphics-log-transform.5.ground.smt2,,par_async,32,0,unsat,0.794001,0.011410,0.273870,0.327370,0.049560,0.000000,0.008450,
graphics-log-transform.5.ground.smt2,,par_async,64,0,unsat,0.782504,0.011710,0.269840,0.313160,0.055680,0.000000,0.010560,
graphics-log-transform.5.ground.smt2,,par_async,128,0,unsat,0.920093,0.011970,0.272840,0.326260,0.161410,0.000000,0.014430,
graphics-pbrt.0.ground.smt2,,nelson_topo_iter,1,0,unsat,1.362926,0.548710,0.311290,0.336930,0.034710,0.000000,0.002230,
graphics-pbrt.0.ground.smt2,,par_async,1,0,unsat,0.948736,0.015740,0.312040,0.322830,0.166810,0.000000,0.001380,
graphics-pbrt.0.ground.smt2,,par_async,2,0,unsat,0.920683,0.014920,0.312900,0.344470,0.104910,0.000000,0.004350,
graphics-pbrt.0.ground.smt2,,par_async,4,0,unsat,0.874525,0.014640,0.313350,0.323640,0.083030,0.000000,0.004960,
graphics-pbrt.0.ground.smt2,,par_async,8,0,unsat,0.845057,0.016090,0.311830,0.324260,0.056250,0.000000,0.005340,
graphics-pbrt.0.ground.smt2,,par_async,16,0,unsat,0.842964,0.015610,0.313450,0.327770,0.045450,0.000000,0.006240,
graphics-pbrt.0.ground.smt2,,par_async,32,0,unsat,0.844301,0.015360,0.315160,0.325680,0.046180,0.000000,0.007810,
graphics-pbrt.0.ground.smt2,,par_async,64,0,unsat,0.860463,0.015130,0.315620,0.324470,0.054800,0.000000,0.010220,
graphics-pbrt.0.ground.smt2,,par_async,128,0,unsat,0.964060,0.015660,0.311170,0.351590,0.115670,0.000000,0.013630,
graphics-pbrt.1.ground.smt2,,nelson_topo_iter,1,0,unsat,1.332618,0.502400,0.315210,0.347040,0.037500,0.000000,0.002480,
graphics-pbrt.1.ground.smt2,,par_async,1,0,unsat,0.984058,0.015380,0.316740,0.337360,0.182460,0.000000,0.001510,
graphics-pbrt.1.ground.smt2,,par_async,2,0,unsat,0.924467,0.015300,0.320320,0.335150,0.115090,0.000000,0.003750,
graphics-pbrt.1.ground.smt2,,par_async,4,0,unsat,0.903218,0.015320,0.319460,0.337500,0.090950,0.000000,0.005190,
graphics-pbrt.1.ground.smt2,,par_async,8,0,unsat,0.876635,0.016390,0.314920,0.335740,0.066970,0.000000,0.006180,
graphics-pbrt.1.ground.smt2,,par_async,16,0,unsat,0.873829,0.015910,0.322360,0.340040,0.050390,0.000000,0.006750,
graphics-pbrt.1.ground.smt2,,par_async,32,0,unsat,0.862410,0.015290,0.322140,0.329600,0.045960,0.000000,0.008340,
graphics-pbrt.1.ground.smt2,,par_async,64,0,unsat,0.861978,0.014560,0.314890,0.327270,0.055930,0.000000,0.011420,
graphics-pbrt.1.ground.smt2,,par_async,128,0,unsat,1.052827,0.015390,0.318500,0.353750,0.197960,0.000000,0.015400,
graphics-pbrt.10.ground.smt2,,nelson_topo_iter,1,0,unsat,3.780259,2.175900,0.631420,0.686250,0.039150,0.000000,0.005510,
graphics-pbrt.10.ground.smt2,,par_async,1,0,unsat,1.826656,0.029900,0.644520,0.682600,0.219100,0.000000,0.004120,
graphics-pbrt.10.ground.smt2,,par_async,2,0,unsat,1.754770,0.029030,0.637920,0.700800,0.132880,0.000000,0.006750,
graphics-pbrt.10.ground.smt2,,par_async,4,0,unsat,1.684422,0.028040,0.637170,0.660460,0.094450,0.000000,0.009790,
graphics-pbrt.10.ground.smt2,,par_async,8,0,unsat,1.683599,0.029950,0.638550,0.674420,0.069130,0.000000,0.010660,
graphics-pbrt.10.ground.smt2,,par_async,16,0,unsat,1.648509,0.029690,0.640590,0.660270,0.060800,0.000000,0.011400,
graphics-pbrt.10.ground.smt2,,par_async,32,0,unsat,1.671286,0.029830,0.626750,0.686240,0.061340,0.000000,0.016240,
graphics-pbrt.10.ground.smt2,,par_async,64,0,unsat,1.678959,0.030090,0.637300,0.665960,0.064880,0.000000,0.020420,
graphics-pbrt.10.ground.smt2,,par_async,128,0,unsat,1.836675,0.031430,0.641750,0.731890,0.121040,0.000000,0.027690,
graphics-pbrt.100.ground.smt2,,nelson_topo_iter,1,0,unsat,1.483502,0.577870,0.340510,0.388330,0.047710,0.000000,0.003080,
graphics-pbrt.100.ground.smt2,,par_async,1,0,unsat,1.032580,0.017930,0.339830,0.397250,0.148040,0.000000,0.001760,
graphics-pbrt.100.ground.smt2,,par_async,2,0,unsat,0.964347,0.015440,0.338310,0.378660,0.095510,0.000000,0.005690,
graphics-pbrt.100.ground.smt2,,par_async,4,0,unsat,0.982495,0.016820,0.348100,0.408500,0.068620,0.000000,0.006310,
graphics-pbrt.100.ground.smt2,,par_async,8,0,unsat,0.925108,0.016510,0.343290,0.376170,0.049490,0.000000,0.006700,
graphics-pbrt.100.ground.smt2,,par_async,16,0,unsat,0.948031,0.016800,0.345380,0.399150,0.046940,0.000000,0.007050,
graphics-pbrt.100.ground.smt2,,par_async,32,0,unsat,0.921684,0.017960,0.345700,0.375610,0.043400,0.000000,0.009500,
graphics-pbrt.100.ground.smt2,,par_async,64,0,unsat,0.968084,0.016050,0.336580,0.414680,0.052770,0.000000,0.013690,
graphics-pbrt.100.ground.smt2,,par_async,128,0,unsat,1.089985,0.017560,0.339480,0.396160,0.177840,0.000000,0.016620,
graphics-pbrt.101.ground.smt2,,nelson_topo_iter,1,0,unsat,1.753307,0.652490,0.407290,0.469150,0.060000,0.000000,0.003400,
graphics-pbrt.101.ground.smt2,,par_async,1,0,unsat,1.194437,0.021460,0.416270,0.446600,0.141330,0.000000,0.002220,
graphics-pbrt.101.ground.smt2,,par_async,2,0,unsat,1.190297,0.021560,0.416800,0.490040,0.086250,0.000000,0.004860,
graphics-pbrt.101.ground.smt2,,par_async,4,0,unsat,1.136156,0.021010,0.411270,0.453540,0.068460,0.000000,0.008040,
graphics-pbrt.101.ground.smt2,,par_async,8,0,unsat,1.136569,0.022150,0.407580,0.478960,0.045260,0.000000,0.007740,
graphics-pbrt.101.ground.smt2,,par_async,16,0,unsat,1.136298,0.021860,0.412780,0.488510,0.035510,0.000000,0.008560,
graphics-pbrt.101.ground.smt2,,par_async,32,0,unsat,1.119894,0.023820,0.414480,0.464360,0.034670,0.000000,0.011120,
graphics-pbrt.101.ground.smt2,,par_async,64,0,unsat,1.137636,0.021900,0.414500,0.462860,0.049210,0.000000,0.015530,
graphics-pbrt.101.ground.smt2,,par_async,128,0,unsat,1.313097,0.022010,0.411570,0.491290,0.186460,0.000000,0.017950,
graphics-pbrt.102.ground.smt2,,nelson_topo_iter,1,0,unsat,1.860899,0.793980,0.407760,0.465860,0.046690,0.000000,0.003560,
graphics-pbrt.102.ground.smt2,,par_async,1,0,unsat,1.172008,0.023300,0.402280,0.432970,0.169500,0.000000,0.002110,
graphics-pbrt.102.ground.smt2,,par_async,2,0,unsat,1.105359,0.020520,0.399320,0.429790,0.101810,0.000000,0.006120,
graphics-pbrt.102.ground.smt2,,par_async,4,0,unsat,1.086991,0.019990,0.398880,0.439270,0.075640,0.000000,0.006700,
graphics-pbrt.102.ground.smt2,,par_async,8,0,unsat,1.078888,0.021670,0.398190,0.444730,0.055250,0.000000,0.007640,
graphics-pbrt.102.ground.smt2,,par_async,16,0,unsat,1.083758,0.022070,0.400260,0.452550,0.050060,0.000000,0.007920,
graphics-pbrt.102.ground.smt2,,par_async,32,0,unsat,1.069000,0.022170,0.395870,0.440890,0.046270,0.000000,0.011170,
graphics-pbrt.102.ground.smt2,,par_async,64,0,unsat,1.088754,0.023810,0.393220,0.442810,0.057640,0.000000,0.015240,
graphics-pbrt.102.ground.smt2,,par_async,128,0,unsat,1.290448,0.022740,0.403470,0.466560,0.201520,0.000000,0.019980,
graphics-pbrt.103.ground.smt2,,nelson_topo_iter,1,0,unsat,1.342950,0.472500,0.339300,0.381870,0.034430,0.000000,0.002750,
graphics-pbrt.103.ground.smt2,,par_async,1,0,unsat,1.035061,0.016000,0.343900,0.370770,0.188490,0.000000,0.001740,
graphics-pbrt.103.ground.smt2,,par_async,2,0,unsat,0.976697,0.014580,0.342620,0.378850,0.119240,0.000000,0.004100,
graphics-pbrt.103.ground.smt2,,par_async,4,0,unsat,0.962330,0.014920,0.339630,0.382940,0.098070,0.000000,0.006360,
graphics-pbrt.103.ground.smt2,,par_async,8,0,unsat,0.928638,0.016730,0.342150,0.375210,0.066920,0.000000,0.006300,
graphics-pbrt.103.ground.smt2,,par_async,16,0,unsat,0.925856,0.015940,0.343690,0.381840,0.056020,0.000000,0.006940,
graphics-pbrt.103.ground.smt2,,par_async,32,0,unsat,0.911393,0.015790,0.342040,0.371790,0.050060,0.000000,0.009840,
graphics-pbrt.103.ground.smt2,,par_async,64,0,unsat,0.945395,0.015520,0.340090,0.394450,0.058410,0.000000,0.013510,
graphics-pbrt.103.ground.smt2,,par_async,128,0,unsat,1.043620,0.016110,0.341110,0.415620,0.120280,0.000000,0.017620,
graphics-pbrt.104.ground.smt2,,nelson_topo_iter,1,0,unsat,2.964599,1.407450,0.592910,0.661030,0.051830,0.000000,0.004910,
graphics-pbrt.104.ground.smt2,,par_async,1,0,unsat,1.756837,0.026710,0.589940,0.646240,0.247600,0.000000,0.003180,
graphics-pbrt.104.ground.smt2,,par_async,2,0,unsat,1.674648,0.026250,0.594780,0.657980,0.140630,0.000000,0.005500,
graphics-pbrt.104.ground.smt2,,par_async,4,0,unsat,1.625894,0.026150,0.591750,0.632370,0.113400,0.000000,0.008420,
graphics-pbrt.104.ground.smt2,,par_async,8,0,unsat,1.592732,0.027360,0.588980,0.632220,0.079200,0.000000,0.009860,
graphics-pbrt.104.ground.smt2,,par_async,16,0,unsat,1.562403,0.025250,0.586350,0.630350,0.063190,0.000000,0.010450,
graphics-pbrt.104.ground.smt2,,par_async,32,0,unsat,1.604480,0.026870,0.590880,0.654460,0.063150,0.000000,0.014560,
graphics-pbrt.104.ground.smt2,,par_async,64,0,unsat,1.608096,0.026400,0.599040,0.632140,0.073090,0.000000,0.020450,
graphics-pbrt.104.ground.smt2,,par_async,128,0,unsat,1.713644,0.026680,0.584660,0.654160,0.142290,0.000000,0.025410,
graphics-pbrt.107.ground.smt2,,nelson_topo_iter,1,0,unsat,1.451031,0.487370,0.347900,0.392370,0.057780,0.000000,0.002970,
graphics-pbrt.107.ground.smt2,,par_async,1,0,unsat,1.021539,0.015770,0.346360,0.379550,0.117690,0.000000,0.001760,
graphics-pbrt.107.ground.smt2,,par_async,2,0,unsat,0.995213,0.014910,0.346040,0.386240,0.074160,0.000000,0.004500,
graphics-pbrt.107.ground.smt2,,par_async,4,0,unsat,0.963141,0.014900,0.343910,0.377160,0.055190,0.000000,0.006360,
graphics-pbrt.107.ground.smt2,,par_async,8,0,unsat,0.993740,0.015310,0.344890,0.415240,0.039400,0.000000,0.005960,
graphics-pbrt.107.ground.smt2,,par_async,16,0,unsat,0.944173,0.016140,0.346800,0.373610,0.032990,0.000000,0.006610,
graphics-pbrt.107.ground.smt2,,par_async,32,0,unsat,0.946130,0.015470,0.343700,0.379560,0.032080,0.000000,0.009190,
graphics-pbrt.107.ground.smt2,,par_async,64,0,unsat,0.961556,0.014880,0.341280,0.376490,0.044870,0.000000,0.012200,
graphics-pbrt.107.ground.smt2,,par_async,128,0,unsat,1.056553,0.015330,0.342210,0.390020,0.114890,0.000000,0.015590,
graphics-pbrt.108.ground.smt2,,nelson_topo_iter,1,0,unsat,2.191256,0.865030,0.489700,0.561570,0.060450,0.000000,0.003750,
graphics-pbrt.108.ground.smt2,,par_async,1,0,unsat,1.429471,0.021820,0.490760,0.555740,0.151730,0.000000,0.002250,
graphics-pbrt.108.ground.smt2,,par_async,2,0,unsat,1.368204,0.021300,0.487310,0.548520,0.091370,0.000000,0.005770,
graphics-pbrt.108.ground.smt2,,par_async,4,0,unsat,1.340949,0.020350,0.491460,0.547700,0.062020,0.000000,0.006470,
graphics-pbrt.108.ground.smt2,,par_async,8,0,unsat,1.313045,0.022080,0.495440,0.534430,0.042960,0.000000,0.007150,
graphics-pbrt.108.ground.smt2,,par_async,16,0,unsat,1.284495,0.021540,0.489790,0.522820,0.037020,0.000000,0.008130,
graphics-pbrt.108.ground.smt2,,par_async,32,0,unsat,1.302043,0.022210,0.487330,0.535720,0.035730,0.000000,0.011030,
graphics-pbrt.108.ground.smt2,,par_async,64,0,unsat,1.374021,0.022320,0.488760,0.585200,0.045340,0.000000,0.014770,
graphics-pbrt.108.ground.smt2,,par_async,128,0,unsat,1.383759,0.023130,0.492000,0.535570,0.090400,0.000000,0.019340,
graphics-pbrt.109.ground.smt2,,nelson_topo_iter,1,0,unsat,2.519618,1.091600,0.530510,0.615460,0.057890,0.000000,0.004010,
graphics-pbrt.109.ground.smt2,,par_async,1,0,unsat,1.688773,0.023880,0.537200,0.574720,0.326840,0.000000,0.002710,
graphics-pbrt.109.ground.smt2,,par_async,2,0,unsat,1.574592,0.021790,0.531600,0.576960,0.210590,0.000000,0.004820,
graphics-pbrt.109.ground.smt2,,par_async,4,0,unsat,1.537228,0.022550,0.535830,0.579490,0.152580,0.000000,0.007850,
graphics-pbrt.109.ground.smt2,,par_async,8,0,unsat,1.457452,0.022790,0.530530,0.564320,0.098710,0.000000,0.007920,
graphics-pbrt.109.ground.smt2,,par_async,16,0,unsat,1.444153,0.023150,0.529720,0.571280,0.080720,0.000000,0.008710,
graphics-pbrt.109.ground.smt2,,par_async,32,0,unsat,1.463876,0.023200,0.532970,0.591660,0.073660,0.000000,0.012120,
graphics-pbrt.109.ground.smt2,,par_async,64,0,unsat,1.477273,0.023230,0.530770,0.581170,0.090060,0.000000,0.018190,
graphics-pbrt.109.ground.smt2,,par_async,128,0,unsat,1.589052,0.024140,0.527450,0.614810,0.156150,0.000000,0.021120,
graphics-pbrt.11.ground.smt2,,nelson_topo_iter,1,0,unsat,2.670549,1.352040,0.492850,0.562610,0.069990,0.000000,0.004080,
graphics-pbrt.11.ground.smt2,,par_async,1,0,unsat,1.582073,0.024580,0.491070,0.527790,0.346920,0.000000,0.002920,
graphics-pbrt.11.ground.smt2,,par_async,2,0,unsat,1.444417,0.022620,0.492620,0.513340,0.213880,0.000000,0.006530,
graphics-pbrt.11.ground.smt2,,par_async,4,0,unsat,1.407926,0.023350,0.497100,0.534070,0.148940,0.000000,0.007150,
graphics-pbrt.11.ground.smt2,,par_async,8,0,unsat,1.347316,0.024640,0.496390,0.521070,0.098530,0.000000,0.007910,
graphics-pbrt.11.ground.smt2,,par_async,16,0,unsat,1.305625,0.024950,0.493660,0.507460,0.078440,0.000000,0.008950,
graphics-pbrt.11.ground.smt2,,par_async,32,0,unsat,1.305913,0.025010,0.480580,0.517000,0.073580,0.000000,0.012350,
graphics-pbrt.11.ground.smt2,,par_async,64,0,unsat,1.359960,0.025240,0.486940,0.538880,0.087220,0.000000,0.016600,
graphics-pbrt.11.ground.smt2,,par_async,128,0,unsat,1.464289,0.024570,0.492040,0.540050,0.162820,0.000000,0.019850,
graphics-pbrt.110.ground.smt2,,nelson_topo_iter,1,0,unsat,2.536595,1.098960,0.550500,0.629130,0.045460,0.000000,0.003940,
graphics-pbrt.110.ground.smt2,,par_async,1,0,unsat,1.629249,0.023100,0.552630,0.628090,0.210290,0.000000,0.002850,
graphics-pbrt.110.ground.smt2,,par_async,2,0,unsat,1.524643,0.023220,0.552810,0.596940,0.129970,0.000000,0.005390,
graphics-pbrt.110.ground.smt2,,par_async,4,0,unsat,1.492866,0.023040,0.550550,0.594070,0.093060,0.000000,0.007960,
graphics-pbrt.110.ground.smt2,,par_async,8,0,unsat,1.514993,0.023780,0.556140,0.633040,0.068570,0.000000,0.009380,
graphics-pbrt.110.ground.smt2,,par_async,16,0,unsat,1.471605,0.023380,0.551300,0.611380,0.054600,0.000000,0.009570,
graphics-pbrt.110.ground.smt2,,par_async,32,0,unsat,1.514418,0.023370,0.559130,0.635980,0.050960,0.000000,0.013160,
graphics-pbrt.110.ground.smt2,,par_async,64,0,unsat,1.501213,0.023610,0.552700,0.621060,0.063380,0.000000,0.016310,
graphics-pbrt.110.ground.smt2,,par_async,128,0,unsat,1.588081,0.023540,0.555810,0.641100,0.108740,0.000000,0.024240,
graphics-pbrt.111.ground.smt2,,nelson_topo_iter,1,0,unsat,3.255362,1.584910,0.657340,0.724150,0.046770,0.000000,0.004160,
graphics-pbrt.111.ground.smt2,,par_async,1,0,unsat,1.830227,0.027350,0.662700,0.685890,0.214250,0.000000,0.002640,
graphics-pbrt.111.ground.smt2,,par_async,2,0,unsat,1.786412,0.025220,0.672820,0.703930,0.133610,0.000000,0.005360,
graphics-pbrt.111.ground.smt2,,par_async,4,0,unsat,1.720266,0.027770,0.661300,0.670640,0.103230,0.000000,0.008580,
graphics-pbrt.111.ground.smt2,,par_async,8,0,unsat,1.703958,0.026160,0.661430,0.681950,0.075900,0.000000,0.009190,
graphics-pbrt.111.ground.smt2,,par_async,16,0,unsat,1.710860,0.028500,0.657420,0.707570,0.058120,0.000000,0.009100,
graphics-pbrt.111.ground.smt2,,par_async,32,0,unsat,1.680859,0.028850,0.655680,0.679130,0.060400,0.000000,0.013430,
graphics-pbrt.111.ground.smt2,,par_async,64,0,unsat,1.686326,0.028330,0.657440,0.667880,0.066170,0.000000,0.016820,
graphics-pbrt.111.ground.smt2,,par_async,128,0,unsat,1.842931,0.028580,0.654940,0.715590,0.157610,0.000000,0.022840,
graphics-pbrt.112.ground.smt2,,nelson_topo_iter,1,0,unsat,2.635994,1.164880,0.559060,0.618160,0.077630,0.000000,0.003730,
graphics-pbrt.112.ground.smt2,,par_async,1,0,unsat,1.591246,0.023650,0.567070,0.627010,0.155630,0.000000,0.002840,
graphics-pbrt.112.ground.smt2,,par_async,2,0,unsat,1.556776,0.022000,0.567270,0.636090,0.099940,0.000000,0.005850,
graphics-pbrt.112.ground.smt2,,par_async,4,0,unsat,1.542050,0.022390,0.578490,0.635530,0.072330,0.000000,0.007710,
graphics-pbrt.112.ground.smt2,,par_async,8,0,unsat,1.510387,0.023250,0.564540,0.639070,0.049620,0.000000,0.008270,
graphics-pbrt.112.ground.smt2,,par_async,16,0,unsat,1.479342,0.023190,0.572710,0.611050,0.041010,0.000000,0.008810,
graphics-pbrt.112.ground.smt2,,par_async,32,0,unsat,1.478283,0.024670,0.565330,0.615020,0.036500,0.000000,0.013000,
graphics-pbrt.112.ground.smt2,,par_async,64,0,unsat,1.516580,0.023850,0.567240,0.633930,0.047130,0.000000,0.016270,
graphics-pbrt.112.ground.smt2,,par_async,128,0,unsat,1.623432,0.024520,0.567230,0.651010,0.123640,0.000000,0.021960,
graphics-pbrt.113.ground.smt2,,nelson_topo_iter,1,0,unsat,2.522521,1.098010,0.551000,0.622130,0.045990,0.000000,0.003880,
graphics-pbrt.113.ground.smt2,,par_async,1,0,unsat,1.580172,0.023010,0.546090,0.604250,0.203850,0.000000,0.002780,
graphics-pbrt.113.ground.smt2,,par_async,2,0,unsat,1.540664,0.023780,0.553290,0.623840,0.125270,0.000000,0.005340,
graphics-pbrt.113.ground.smt2,,par_async,4,0,unsat,1.472113,0.022540,0.552720,0.587210,0.091110,0.000000,0.007820,
graphics-pbrt.113.ground.smt2,,par_async,8,0,unsat,1.460550,0.024110,0.552080,0.597000,0.067470,0.000000,0.008730,
graphics-pbrt.113.ground.smt2,,par_async,16,0,unsat,1.456401,0.023170,0.552860,0.601010,0.061280,0.000000,0.009150,
graphics-pbrt.113.ground.smt2,,par_async,32,0,unsat,1.458145,0.023600,0.551740,0.607740,0.050900,0.000000,0.013260,
graphics-pbrt.113.ground.smt2,,par_async,64,0,unsat,1.496777,0.022790,0.559500,0.614540,0.064470,0.000000,0.018390,
graphics-pbrt.113.ground.smt2,,par_async,128,0,unsat,1.622079,0.024310,0.565750,0.634180,0.144810,0.000000,0.022830,
graphics-pbrt.115.ground.smt2,,nelson_topo_iter,1,0,unsat,1.204054,0.429800,0.284250,0.345490,0.025800,0.000000,0.002900,
graphics-pbrt.115.ground.smt2,,par_async,1,0,unsat,0.852632,0.013150,0.288590,0.320800,0.114610,0.000000,0.002050,
graphics-pbrt.115.ground.smt2,,par_async,2,0,unsat,0.846173,0.013650,0.289390,0.338030,0.078180,0.000000,0.004510,
graphics-pbrt.115.ground.smt2,,par_async,4,0,unsat,0.808153,0.012640,0.290370,0.323510,0.056150,0.000000,0.006640,
graphics-pbrt.115.ground.smt2,,par_async,8,0,unsat,0.832193,0.013500,0.289240,0.356820,0.043550,0.000000,0.006370,
graphics-pbrt.115.ground.smt2,,par_async,16,0,unsat,0.805101,0.013960,0.292230,0.328990,0.040830,0.000000,0.007000,
graphics-pbrt.115.ground.smt2,,par_async,32,0,unsat,0.804798,0.013250,0.292480,0.328450,0.040140,0.000000,0.009790,
graphics-pbrt.115.ground.smt2,,par_async,64,0,unsat,0.833082,0.012410,0.290800,0.341220,0.048160,0.000000,0.013970,
graphics-pbrt.115.ground.smt2,,par_async,128,0,unsat,0.957535,0.012690,0.291810,0.356130,0.144520,0.000000,0.017050,
graphics-pbrt.117.ground.smt2,,nelson_topo_iter,1,0,unsat,1.787857,0.724990,0.408440,0.470370,0.038330,0.000000,0.003420,
graphics-pbrt.117.ground.smt2,,par_async,1,0,unsat,1.158333,0.019240,0.403740,0.461560,0.130200,0.000000,0.001990,
graphics-pbrt.117.ground.smt2,,par_async,2,0,unsat,1.122811,0.019470,0.410330,0.458720,0.085320,0.000000,0.004190,
graphics-pbrt.117.ground.smt2,,par_async,4,0,unsat,1.124543,0.018630,0.408590,0.478590,0.065230,0.000000,0.006570,
graphics-pbrt.117.ground.smt2,,par_async,8,0,unsat,1.081651,0.020880,0.406730,0.447400,0.050730,0.000000,0.007560,
graphics-pbrt.117.ground.smt2,,par_async,16,0,unsat,1.063201,0.018840,0.406110,0.439610,0.047560,0.000000,0.007700,
graphics-pbrt.117.ground.smt2,,par_async,32,0,unsat,1.117185,0.019430,0.410890,0.482930,0.043540,0.000000,0.010330,
graphics-pbrt.117.ground.smt2,,par_async,64,0,unsat,1.157839,0.020670,0.414000,0.501990,0.048290,0.000000,0.014580,
graphics-pbrt.117.ground.smt2,,par_async,128,0,unsat,1.221849,0.020940,0.414600,0.482160,0.123980,0.000000,0.018230,
graphics-pbrt.118.ground.smt2,,nelson_topo_iter,1,0,unsat,1.811648,0.708270,0.413800,0.499260,0.039730,0.000000,0.003400,
graphics-pbrt.118.ground.smt2,,par_async,1,0,unsat,1.191756,0.020600,0.411250,0.470040,0.140940,0.000000,0.002100,
graphics-pbrt.118.ground.smt2,,par_async,2,0,unsat,1.140138,0.018900,0.414720,0.459270,0.091670,0.000000,0.004810,
graphics-pbrt.118.ground.smt2,,par_async,4,0,unsat,1.145828,0.018210,0.418010,0.479230,0.064770,0.000000,0.007310,
graphics-pbrt.118.ground.smt2,,par_async,8,0,unsat,1.122437,0.019500,0.414920,0.479850,0.047940,0.000000,0.007360,
graphics-pbrt.118.ground.smt2,,par_async,16,0,unsat,1.125550,0.019730,0.410500,0.487950,0.047890,0.000000,0.008120,
graphics-pbrt.118.ground.smt2,,par_async,32,0,unsat,1.114431,0.019670,0.408460,0.478640,0.043380,0.000000,0.010950,
graphics-pbrt.118.ground.smt2,,par_async,64,0,unsat,1.139528,0.020730,0.410090,0.481490,0.052790,0.000000,0.014950,
graphics-pbrt.118.ground.smt2,,par_async,128,0,unsat,1.256100,0.020260,0.410370,0.507160,0.131490,0.000000,0.021100,
graphics-pbrt.119.ground.smt2,,nelson_topo_iter,1,0,unsat,1.384892,0.555300,0.322150,0.356810,0.039480,0.000000,0.002600,
graphics-pbrt.119.ground.smt2,,par_async,1,0,unsat,0.977530,0.015240,0.328900,0.377770,0.143430,0.000000,0.001790,
graphics-pbrt.119.ground.smt2,,par_async,2,0,unsat,0.898338,0.014260,0.325470,0.352350,0.087990,0.000000,0.004380,
graphics-pbrt.119.ground.smt2,,par_async,4,0,unsat,0.868347,0.014330,0.324160,0.343260,0.067740,0.000000,0.005630,
graphics-pbrt.119.ground.smt2,,par_async,8,0,unsat,0.898969,0.014800,0.330860,0.380170,0.048630,0.000000,0.006160,
graphics-pbrt.119.ground.smt2,,par_async,16,0,unsat,0.869030,0.015090,0.327600,0.362340,0.042030,0.000000,0.006550,
graphics-pbrt.119.ground.smt2,,par_async,32,0,unsat,0.881883,0.015520,0.322300,0.374920,0.041880,0.000000,0.009330,
graphics-pbrt.119.ground.smt2,,par_async,64,0,unsat,0.880880,0.015100,0.321450,0.363270,0.051170,0.000000,0.011610,
graphics-pbrt.119.ground.smt2,,par_async,128,0,unsat,0.971467,0.015480,0.325100,0.383670,0.098920,0.000000,0.015150,
graphics-pbrt.120.ground.smt2,,nelson_topo_iter,1,0,unsat,1.333018,0.508120,0.307470,0.355730,0.048240,0.000000,0.002720,
graphics-pbrt.120.ground.smt2,,par_async,1,0,unsat,0.937448,0.014140,0.312140,0.353710,0.144380,0.000000,0.001600,
graphics-pbrt.120.ground.smt2,,par_async,2,0,unsat,0.875838,0.013670,0.309580,0.339110,0.094280,0.000000,0.004380,
graphics-pbrt.120.ground.smt2,,par_async,4,0,unsat,0.847787,0.013880,0.308620,0.329150,0.075700,0.000000,0.005710,
graphics-pbrt.120.ground.smt2,,par_async,8,0,unsat,0.904695,0.014970,0.314910,0.396620,0.051110,0.000000,0.005800,
graphics-pbrt.120.ground.smt2,,par_async,16,0,unsat,0.840810,0.015390,0.313300,0.346220,0.043890,0.000000,0.006270,
graphics-pbrt.120.ground.smt2,,par_async,32,0,unsat,0.825806,0.014540,0.307590,0.336090,0.040640,0.000000,0.009110,
graphics-pbrt.120.ground.smt2,,par_async,64,0,unsat,0.856055,0.014830,0.312040,0.343640,0.051200,0.000000,0.011410,
graphics-pbrt.120.ground.smt2,,par_async,128,0,unsat,1.023514,0.014520,0.311220,0.403950,0.131370,0.000000,0.016740,
graphics-pbrt.121.ground.smt2,,nelson_topo_iter,1,0,unsat,1.406993,0.560650,0.320560,0.367400,0.034290,0.000000,0.002630,
graphics-pbrt.121.ground.smt2,,par_async,1,0,unsat,0.952260,0.015500,0.327240,0.351150,0.137150,0.000000,0.001890,
graphics-pbrt.121.ground.smt2,,par_async,2,0,unsat,0.908326,0.014900,0.324330,0.351870,0.088540,0.000000,0.004310,
graphics-pbrt.121.ground.smt2,,par_async,4,0,unsat,0.890125,0.015610,0.318880,0.349300,0.071940,0.000000,0.006070,
graphics-pbrt.121.ground.smt2,,par_async,8,0,unsat,0.902990,0.015800,0.330180,0.373420,0.048980,0.000000,0.005650,
graphics-pbrt.121.ground.smt2,,par_async,16,0,unsat,0.856092,0.014820,0.320960,0.343700,0.042740,0.000000,0.007020,
graphics-pbrt.121.ground.smt2,,par_async,32,0,unsat,0.874737,0.015010,0.324610,0.358890,0.038370,0.000000,0.009240,
graphics-pbrt.121.ground.smt2,,par_async,64,0,unsat,0.900747,0.015280,0.324540,0.358140,0.054730,0.000000,0.012930,
graphics-pbrt.121.ground.smt2,,par_async,128,0,unsat,1.024625,0.015670,0.324880,0.371840,0.140770,0.000000,0.017250,
graphics-pbrt.122.ground.smt2,,nelson_topo_iter,1,0,unsat,3.400094,1.803030,0.619820,0.673760,0.081630,0.000000,0.004110,
graphics-pbrt.122.ground.smt2,,par_async,1,0,unsat,1.760320,0.028380,0.613820,0.686360,0.204650,0.000000,0.002460,
graphics-pbrt.122.ground.smt2,,par_async,2,0,unsat,1.667253,0.026450,0.625190,0.655950,0.122620,0.000000,0.006010,
graphics-pbrt.122.ground.smt2,,par_async,4,0,unsat,1.593173,0.026510,0.617160,0.635460,0.083460,0.000000,0.007240,
graphics-pbrt.122.ground.smt2,,par_async,8,0,unsat,1.590966,0.027230,0.617090,0.654640,0.059620,0.000000,0.007660,
graphics-pbrt.122.ground.smt2,,par_async,16,0,unsat,1.572956,0.027500,0.614350,0.654760,0.042780,0.000000,0.008600,
graphics-pbrt.122.ground.smt2,,par_async,32,0,unsat,1.565297,0.028210,0.620490,0.641990,0.041900,0.000000,0.011900,
graphics-pbrt.122.ground.smt2,,par_async,64,0,unsat,1.619803,0.028210,0.617990,0.665600,0.051940,0.000000,0.017760,
graphics-pbrt.122.ground.smt2,,par_async,128,0,unsat,1.688902,0.027220,0.612860,0.657410,0.132970,0.000000,0.023170,
graphics-pbrt.123.ground.smt2,,nelson_topo_iter,1,0,unsat,1.169399,0.379370,0.295040,0.350810,0.024080,0.000000,0.002800,
graphics-pbrt.123.ground.smt2,,par_async,1,0,unsat,0.908761,0.013110,0.291850,0.352620,0.133280,0.000000,0.001880,
graphics-pbrt.123.ground.smt2,,par_async,2,0,unsat,0.838865,0.012670,0.292630,0.323780,0.086810,0.000000,0.004500,
graphics-pbrt.123.ground.smt2,,par_async,4,0,unsat,0.820174,0.012520,0.294390,0.322580,0.067720,0.000000,0.006600,
graphics-pbrt.123.ground.smt2,,par_async,8,0,unsat,0.849545,0.012820,0.299970,0.349980,0.054910,0.000000,0.007000,
graphics-pbrt.123.ground.smt2,,par_async,16,0,unsat,0.813476,0.013460,0.293260,0.332660,0.044580,0.000000,0.007110,
graphics-pbrt.123.ground.smt2,,par_async,32,0,unsat,0.840754,0.013140,0.292240,0.357480,0.043140,0.000000,0.009540,
graphics-pbrt.123.ground.smt2,,par_async,64,0,unsat,0.836998,0.012600,0.293860,0.343200,0.051230,0.000000,0.012460,
graphics-pbrt.123.ground.smt2,,par_async,128,0,unsat,0.997333,0.013390,0.296320,0.374970,0.157020,0.000000,0.017160,
graphics-pbrt.13.ground.smt2,,nelson_topo_iter,1,0,unsat,1.967012,0.892720,0.393510,0.461790,0.038480,0.000000,0.003000,
graphics-pbrt.13.ground.smt2,,par_async,1,0,unsat,1.231886,0.022320,0.389470,0.432060,0.213780,0.000000,0.001850,
graphics-pbrt.13.ground.smt2,,par_async,2,0,unsat,1.160071,0.020810,0.392310,0.424080,0.141760,0.000000,0.004820,
graphics-pbrt.13.ground.smt2,,par_async,4,0,unsat,1.142742,0.020810,0.395980,0.436940,0.101230,0.000000,0.006540,
graphics-pbrt.13.ground.smt2,,par_async,8,0,unsat,1.101950,0.021140,0.391900,0.432150,0.072040,0.000000,0.006500,
graphics-pbrt.13.ground.smt2,,par_async,16,0,unsat,1.071258,0.021850,0.392710,0.417680,0.057640,0.000000,0.007530,
graphics-pbrt.13.ground.smt2,,par_async,32,0,unsat,1.103992,0.021530,0.394910,0.445760,0.053070,0.000000,0.009840,
graphics-pbrt.13.ground.smt2,,par_async,64,0,unsat,1.124534,0.021390,0.401270,0.439050,0.061680,0.000000,0.014460,
graphics-pbrt.13.ground.smt2,,par_async,128,0,unsat,1.231012,0.021730,0.388080,0.437480,0.171020,0.000000,0.018310,
graphics-pbrt.14.ground.smt2,,nelson_topo_iter,1,0,unsat,1.292269,0.389000,0.313710,0.401720,0.030750,0.000000,0.002440,
graphics-pbrt.14.ground.smt2,,par_async,1,0,unsat,0.975380,0.015700,0.317620,0.340360,0.156230,0.000000,0.001510,
graphics-pbrt.14.ground.smt2,,par_async,2,0,unsat,0.942537,0.013740,0.320380,0.351160,0.096540,0.000000,0.004250,
graphics-pbrt.14.ground.smt2,,par_async,4,0,unsat,0.935261,0.013610,0.320200,0.364140,0.075830,0.000000,0.005590,
graphics-pbrt.14.ground.smt2,,par_async,8,0,unsat,0.907280,0.014750,0.324810,0.347210,0.060970,0.000000,0.005970,
graphics-pbrt.14.ground.smt2,,par_async,16,0,unsat,0.900439,0.015260,0.316400,0.360990,0.044820,0.000000,0.006400,
graphics-pbrt.14.ground.smt2,,par_async,32,0,unsat,0.905943,0.014250,0.321530,0.358030,0.044170,0.000000,0.008830,
graphics-pbrt.14.ground.smt2,,par_async,64,0,unsat,0.921171,0.013930,0.319580,0.357860,0.057400,0.000000,0.011750,
graphics-pbrt.14.ground.smt2,,par_async,128,0,unsat,1.034464,0.015640,0.318210,0.394230,0.114210,0.000000,0.015220,
graphics-pbrt.15.ground.smt2,,nelson_topo_iter,1,0,unsat,1.470354,0.529200,0.343010,0.400850,0.036040,0.000000,0.002800,
graphics-pbrt.15.ground.smt2,,par_async,1,0,unsat,1.062977,0.015820,0.342040,0.373140,0.173600,0.000000,0.001800,
graphics-pbrt.15.ground.smt2,,par_async,2,0,unsat,1.016859,0.014770,0.342970,0.377490,0.112920,0.000000,0.004490,
graphics-pbrt.15.ground.smt2,,par_async,4,0,unsat,1.045463,0.013990,0.350320,0.417240,0.088410,0.000000,0.005980,
graphics-pbrt.15.ground.smt2,,par_async,8,0,unsat,0.992985,0.015520,0.345820,0.395700,0.062310,0.000000,0.006650,
graphics-pbrt.15.ground.smt2,,par_async,16,0,unsat,0.951604,0.015350,0.340150,0.372850,0.054240,0.000000,0.006930,
graphics-pbrt.15.ground.smt2,,par_async,32,0,unsat,0.993023,0.014800,0.342900,0.406540,0.048870,0.000000,0.009450,
graphics-pbrt.15.ground.smt2,,par_async,64,0,unsat,1.041761,0.016400,0.345800,0.432050,0.055700,0.000000,0.012640,
graphics-pbrt.15.ground.smt2,,par_async,128,0,unsat,1.192629,0.016000,0.344170,0.407980,0.231080,0.000000,0.016610,
graphics-pbrt.16.ground.smt2,,nelson_topo_iter,1,0,unsat,1.534981,0.576710,0.344850,0.412360,0.037050,0.000000,0.003020,
graphics-pbrt.16.ground.smt2,,par_async,1,0,unsat,1.123170,0.015200,0.342130,0.391390,0.214620,0.000000,0.002020,
graphics-pbrt.16.ground.smt2,,par_async,2,0,unsat,1.024926,0.014730,0.339400,0.374210,0.131850,0.000000,0.004780,
graphics-pbrt.16.ground.smt2,,par_async,4,0,unsat,1.023008,0.013440,0.343240,0.401810,0.097340,0.000000,0.005840,
graphics-pbrt.16.ground.smt2,,par_async,8,0,unsat,0.986461,0.014250,0.342320,0.391810,0.068460,0.000000,0.006830,
graphics-pbrt.16.ground.smt2,,par_async,16,0,unsat,0.966817,0.014690,0.343190,0.381650,0.059520,0.000000,0.007340,
graphics-pbrt.16.ground.smt2,,par_async,32,0,unsat,0.960811,0.015280,0.342340,0.374330,0.057860,0.000000,0.009770,
graphics-pbrt.16.ground.smt2,,par_async,64,0,unsat,1.012442,0.015290,0.341000,0.410730,0.061930,0.000000,0.012560,
graphics-pbrt.16.ground.smt2,,par_async,128,0,unsat,1.174908,0.014700,0.345670,0.414110,0.203540,0.000000,0.016750,
graphics-pbrt.17.ground.smt2,,nelson_topo_iter,1,0,unsat,1.361437,0.491980,0.318370,0.369300,0.030320,0.000000,0.002400,
graphics-pbrt.17.ground.smt2,,par_async,1,0,unsat,1.019045,0.014660,0.317750,0.372600,0.162990,0.000000,0.001490,
graphics-pbrt.17.ground.smt2,,par_async,2,0,unsat,0.959575,0.014850,0.320820,0.350580,0.097920,0.000000,0.004320,
graphics-pbrt.17.ground.smt2,,par_async,4,0,unsat,0.967697,0.014160,0.321420,0.389330,0.075970,0.000000,0.005370,
graphics-pbrt.17.ground.smt2,,par_async,8,0,unsat,0.899185,0.014630,0.322670,0.342340,0.056150,0.000000,0.006050,
graphics-pbrt.17.ground.smt2,,par_async,16,0,unsat,0.891758,0.014280,0.316140,0.353420,0.048240,0.000000,0.006710,
graphics-pbrt.17.ground.smt2,,par_async,32,0,unsat,0.918167,0.013980,0.319100,0.377910,0.043660,0.000000,0.008250,
graphics-pbrt.17.ground.smt2,,par_async,64,0,unsat,0.944987,0.014450,0.319330,0.385430,0.050660,0.000000,0.010160,
graphics-pbrt.17.ground.smt2,,par_async,128,0,unsat,1.037077,0.014490,0.319360,0.378560,0.135960,0.000000,0.015500,
graphics-pbrt.18.ground.smt2,,nelson_topo_iter,1,0,unsat,1.448287,0.516900,0.335490,0.396910,0.040320,0.000000,0.002630,
graphics-pbrt.18.ground.smt2,,par_async,1,0,unsat,1.074394,0.015500,0.340160,0.389960,0.170280,0.000000,0.001610,
graphics-pbrt.18.ground.smt2,,par_async,2,0,unsat,0.994446,0.015060,0.338670,0.366650,0.108990,0.000000,0.004710,
graphics-pbrt.18.ground.smt2,,par_async,4,0,unsat,1.008462,0.014210,0.340630,0.393070,0.085790,0.000000,0.005960,
graphics-pbrt.18.ground.smt2,,par_async,8,0,unsat,0.974731,0.015060,0.338640,0.386060,0.061630,0.000000,0.006750,
graphics-pbrt.18.ground.smt2,,par_async,16,0,unsat,0.974719,0.015080,0.338870,0.405170,0.046810,0.000000,0.006440,
graphics-pbrt.18.ground.smt2,,par_async,32,0,unsat,0.948181,0.014960,0.339950,0.373010,0.047810,0.000000,0.009130,
graphics-pbrt.18.ground.smt2,,par_async,64,0,unsat,1.091178,0.015820,0.342310,0.484110,0.058140,0.000000,0.013750,
graphics-pbrt.18.ground.smt2,,par_async,128,0,unsat,1.058211,0.015510,0.336560,0.398570,0.115450,0.000000,0.015810,
graphics-pbrt.2.ground.smt2,,nelson_topo_iter,1,0,unsat,1.298763,0.514990,0.299360,0.323300,0.035020,0.000000,0.002220,
graphics-pbrt.2.ground.smt2,,par_async,1,0,unsat,0.933149,0.015690,0.299360,0.323230,0.167110,0.000000,0.001360,
graphics-pbrt.2.ground.smt2,,par_async,2,0,unsat,0.878687,0.014250,0.303340,0.320230,0.103960,0.000000,0.004150,
graphics-pbrt.2.ground.smt2,,par_async,4,0,unsat,0.892718,0.014990,0.304360,0.356690,0.079670,0.000000,0.004780,
graphics-pbrt.2.ground.smt2,,par_async,8,0,unsat,0.856797,0.016380,0.308470,0.326100,0.060870,0.000000,0.005480,
graphics-pbrt.2.ground.smt2,,par_async,16,0,unsat,0.831798,0.014830,0.303920,0.323080,0.054620,0.000000,0.005830,
graphics-pbrt.2.ground.smt2,,par_async,32,0,unsat,0.827544,0.014910,0.299350,0.325610,0.044350,0.000000,0.007690,
graphics-pbrt.2.ground.smt2,,par_async,64,0,unsat,0.933927,0.014300,0.303470,0.392070,0.062030,0.000000,0.011360,
graphics-pbrt.2.ground.smt2,,par_async,128,0,unsat,0.984349,0.015410,0.300230,0.333360,0.172680,0.000000,0.013130,
graphics-pbrt.20.ground.smt2,,nelson_topo_iter,1,0,unsat,1.098673,0.330020,0.274590,0.352780,0.023400,0.000000,0.002840,
graphics-pbrt.20.ground.smt2,,par_async,1,0,unsat,0.854164,0.013620,0.273090,0.337250,0.119600,0.000000,0.001620,
graphics-pbrt.20.ground.smt2,,par_async,2,0,unsat,0.849503,0.013040,0.272540,0.358270,0.079300,0.000000,0.004120,
graphics-pbrt.20.ground.smt2,,par_async,4,0,unsat,0.800359,0.013630,0.273960,0.325430,0.063340,0.000000,0.006360,
graphics-pbrt.20.ground.smt2,,par_async,8,0,unsat,0.783991,0.014310,0.279200,0.319000,0.043510,0.000000,0.006110,
graphics-pbrt.20.ground.smt2,,par_async,16,0,unsat,0.777014,0.012420,0.274220,0.328390,0.040320,0.000000,0.006570,
graphics-pbrt.20.ground.smt2,,par_async,32,0,unsat,0.779961,0.011880,0.272820,0.324330,0.043470,0.000000,0.009360,
graphics-pbrt.20.ground.smt2,,par_async,64,0,unsat,0.790088,0.012300,0.271320,0.320710,0.051140,0.000000,0.012590,
graphics-pbrt.20.ground.smt2,,par_async,128,0,unsat,0.931480,0.012480,0.272080,0.372740,0.122830,0.000000,0.016560,
graphics-pbrt.21.ground.smt2,,nelson_topo_iter,1,0,unsat,2.551081,1.253610,0.521470,0.585140,0.027780,0.000000,0.003470,
graphics-pbrt.21.ground.smt2,,par_async,1,0,unsat,1.379317,0.025090,0.516300,0.542030,0.133650,0.000000,0.002090,
graphics-pbrt.21.ground.smt2,,par_async,2,0,unsat,1.358411,0.024260,0.520440,0.553670,0.084270,0.000000,0.005230,
graphics-pbrt.21.ground.smt2,,par_async,4,0,unsat,1.331133,0.023570,0.517400,0.553360,0.065540,0.000000,0.006400,
graphics-pbrt.21.ground.smt2,,par_async,8,0,unsat,1.339129,0.024720,0.523600,0.566270,0.049370,0.000000,0.007280,
graphics-pbrt.21.ground.smt2,,par_async,16,0,unsat,1.308220,0.024610,0.520310,0.541030,0.046850,0.000000,0.008080,
graphics-pbrt.21.ground.smt2,,par_async,32,0,unsat,1.339438,0.024980,0.526670,0.559380,0.048250,0.000000,0.011200,
graphics-pbrt.21.ground.smt2,,par_async,64,0,unsat,1.340658,0.024590,0.516960,0.549740,0.057480,0.000000,0.015400,
graphics-pbrt.21.ground.smt2,,par_async,128,0,unsat,1.428428,0.024100,0.519110,0.567080,0.122090,0.000000,0.019170,
graphics-pbrt.22.ground.smt2,,nelson_topo_iter,1,0,unsat,1.679605,0.668230,0.401820,0.456290,0.025010,0.000000,0.003320,
graphics-pbrt.22.ground.smt2,,par_async,1,0,unsat,1.100021,0.020470,0.401540,0.428190,0.123680,0.000000,0.001930,
graphics-pbrt.22.ground.smt2,,par_async,2,0,unsat,1.090334,0.019680,0.401600,0.456080,0.078880,0.000000,0.004030,
graphics-pbrt.22.ground.smt2,,par_async,4,0,unsat,1.049489,0.020080,0.403890,0.424350,0.063670,0.000000,0.006470,
graphics-pbrt.22.ground.smt2,,par_async,8,0,unsat,1.038423,0.021090,0.403100,0.429380,0.047710,0.000000,0.006930,
graphics-pbrt.22.ground.smt2,,par_async,16,0,unsat,1.025932,0.020680,0.404630,0.419710,0.044410,0.000000,0.007390,
graphics-pbrt.22.ground.smt2,,par_async,32,0,unsat,1.084905,0.021600,0.410390,0.463990,0.043090,0.000000,0.010540,
graphics-pbrt.22.ground.smt2,,par_async,64,0,unsat,1.072300,0.021150,0.403500,0.444300,0.049720,0.000000,0.014410,
graphics-pbrt.22.ground.smt2,,par_async,128,0,unsat,1.203345,0.020050,0.404090,0.482870,0.129730,0.000000,0.018490,
graphics-pbrt.23.ground.smt2,,nelson_topo_iter,1,0,unsat,1.384517,0.486970,0.355110,0.404230,0.022780,0.000000,0.002750,
graphics-pbrt.23.ground.smt2,,par_async,1,0,unsat,0.993237,0.014760,0.351430,0.383460,0.129270,0.000000,0.001700,
graphics-pbrt.23.ground.smt2,,par_async,2,0,unsat,0.978842,0.014220,0.352890,0.403400,0.085360,0.000000,0.004180,
graphics-pbrt.23.ground.smt2,,par_async,4,0,unsat,0.963616,0.015240,0.360920,0.393790,0.065800,0.000000,0.005410,
graphics-pbrt.23.ground.smt2,,par_async,8,0,unsat,0.941450,0.015090,0.353540,0.398630,0.047680,0.000000,0.006470,
graphics-pbrt.23.ground.smt2,,par_async,16,0,unsat,0.911189,0.014680,0.353710,0.377830,0.041770,0.000000,0.006670,
graphics-pbrt.23.ground.smt2,,par_async,32,0,unsat,0.952918,0.014670,0.355710,0.408820,0.042390,0.000000,0.009550,
graphics-pbrt.23.ground.smt2,,par_async,64,0,unsat,0.942517,0.014670,0.355350,0.388040,0.048930,0.000000,0.012620,
graphics-pbrt.23.ground.smt2,,par_async,128,0,unsat,1.067005,0.014580,0.357180,0.401370,0.141150,0.000000,0.017960,
graphics-pbrt.24.ground.smt2,,nelson_topo_iter,1,0,unsat,2.072169,0.968400,0.432540,0.481880,0.028350,0.000000,0.004090,
graphics-pbrt.24.ground.smt2,,par_async,1,0,unsat,1.244780,0.022410,0.430760,0.473470,0.157860,0.000000,0.002450,
graphics-pbrt.24.ground.smt2,,par_async,2,0,unsat,1.234846,0.021640,0.459010,0.480040,0.100090,0.000000,0.005560,
graphics-pbrt.24.ground.smt2,,par_async,4,0,unsat,1.148938,0.021060,0.433950,0.453770,0.072330,0.000000,0.006920,
graphics-pbrt.24.ground.smt2,,par_async,8,0,unsat,1.147402,0.023100,0.431730,0.462070,0.058810,0.000000,0.007750,
graphics-pbrt.24.ground.smt2,,par_async,16,0,unsat,1.143882,0.021800,0.427580,0.474270,0.048900,0.000000,0.008510,
graphics-pbrt.24.ground.smt2,,par_async,32,0,unsat,1.132930,0.023120,0.424990,0.458730,0.050090,0.000000,0.011920,
graphics-pbrt.24.ground.smt2,,par_async,64,0,unsat,1.142240,0.022410,0.428730,0.449170,0.059970,0.000000,0.014580,
graphics-pbrt.24.ground.smt2,,par_async,128,0,unsat,1.247246,0.022420,0.432670,0.488740,0.102260,0.000000,0.020710,
graphics-pbrt.25.ground.smt2,,nelson_topo_iter,1,0,unsat,5.278537,3.012720,0.895810,0.935490,0.049210,0.000000,0.004600,
graphics-pbrt.25.ground.smt2,,par_async,1,0,unsat,2.523442,0.039500,0.896110,0.962350,0.243150,0.000000,0.003390,
