file,expected,algorithm,threads,trial,result,wall_s,read_s,parse_s,build_s,close_s,check_s,dtor_s,error
arrays-ops.0.ground.smt2,,nelson_topo_iter,1,0,unsat,0.020699,0.000670,0.004150,0.006020,0.000140,0.000000,0.000050,
arrays-ops.0.ground.smt2,,nelson_simple,1,0,unsat,0.017528,0.000650,0.003540,0.004430,0.000130,0.000000,0.000040,
arrays-ops.0.ground.smt2,,par_async,1,0,unsat,0.019089,0.000600,0.003590,0.007060,0.000460,0.000000,0.000050,
arrays-ops.0.ground.smt2,,par_async,2,0,unsat,0.017497,0.000650,0.003600,0.005710,0.000200,0.000000,0.000040,
arrays-ops.0.ground.smt2,,par_async,4,0,unsat,0.015954,0.000530,0.003550,0.004340,0.000230,0.000000,0.000100,
arrays-ops.0.ground.smt2,,par_async,8,0,unsat,0.010108,0.000310,0.001660,0.003310,0.000220,0.000000,0.000030,
arrays-ops.0.ground.smt2,,par_async,16,0,unsat,0.016580,0.000600,0.003370,0.005500,0.000260,0.000000,0.000050,
arrays-ops.0.ground.smt2,,par_async,32,0,unsat,0.011260,0.000260,0.001580,0.004260,0.000230,0.000000,0.000060,
arrays-ops.0.ground.smt2,,par_async,64,0,unsat,0.024701,0.000540,0.001750,0.012520,0.001350,0.000000,0.001320,
arrays-ops.0.ground.smt2,,par_async,128,0,unsat,0.028362,0.000230,0.001430,0.019830,0.000540,0.000000,0.000110,
arrays-ops.0.ground.smt2,,par_async,144,0,unsat,0.026736,0.000370,0.001780,0.013580,0.001430,0.000000,0.000390,
arrays-ops.1.ground.smt2,,nelson_topo_iter,1,0,unsat,0.013119,0.000400,0.001700,0.003920,0.000060,0.000000,0.000020,
arrays-ops.1.ground.smt2,,nelson_simple,1,0,unsat,0.013571,0.000420,0.001580,0.004070,0.000090,0.000000,0.000030,
arrays-ops.1.ground.smt2,,par_async,1,0,unsat,0.013554,0.000350,0.001440,0.004730,0.000240,0.000000,0.000040,
arrays-ops.1.ground.smt2,,par_async,2,0,unsat,0.014159,0.000410,0.001850,0.004900,0.000120,0.000000,0.000040,
arrays-ops.1.ground.smt2,,par_async,4,0,unsat,0.013976,0.000330,0.001370,0.004920,0.000230,0.000000,0.000040,
arrays-ops.1.ground.smt2,,par_async,8,0,unsat,0.012938,0.000420,0.001340,0.003970,0.000150,0.000000,0.000030,
arrays-ops.1.ground.smt2,,par_async,16,0,unsat,0.012848,0.000350,0.001680,0.003820,0.000150,0.000000,0.000030,
arrays-ops.1.ground.smt2,,par_async,32,0,unsat,0.013160,0.000250,0.000920,0.005200,0.000160,0.000000,0.000030,
arrays-ops.1.ground.smt2,,par_async,64,0,unsat,0.022484,0.000370,0.001630,0.009860,0.001180,0.000000,0.000080,
arrays-ops.1.ground.smt2,,par_async,128,0,unsat,0.039279,0.000450,0.001770,0.023530,0.000530,0.000000,0.000080,
arrays-ops.1.ground.smt2,,par_async,144,0,unsat,0.031465,0.000210,0.000900,0.018370,0.000520,0.000000,0.000300,
arrays-ops.2.ground.smt2,,nelson_topo_iter,1,0,unsat,0.014386,0.000430,0.001790,0.004510,0.000160,0.000000,0.000040,
arrays-ops.2.ground.smt2,,nelson_simple,1,0,unsat,0.008491,0.000250,0.001400,0.002600,0.000110,0.000000,0.000030,
arrays-ops.2.ground.smt2,,par_async,1,0,unsat,0.015750,0.000630,0.003500,0.004350,0.000210,0.000000,0.000030,
arrays-ops.2.ground.smt2,,par_async,2,0,unsat,0.019049,0.000620,0.003420,0.007340,0.000370,0.000000,0.000040,
arrays-ops.2.ground.smt2,,par_async,4,0,unsat,0.016401,0.000440,0.002340,0.005450,0.000340,0.000000,0.000040,
arrays-ops.2.ground.smt2,,par_async,8,0,unsat,0.018035,0.000600,0.003670,0.005980,0.000270,0.000000,0.000040,
arrays-ops.2.ground.smt2,,par_async,16,0,unsat,0.016247,0.000530,0.003240,0.005750,0.000260,0.000000,0.000050,
arrays-ops.2.ground.smt2,,par_async,32,0,unsat,0.018425,0.000530,0.003220,0.007590,0.000270,0.000000,0.000070,
arrays-ops.2.ground.smt2,,par_async,64,0,unsat,0.023442,0.000450,0.002620,0.012280,0.000470,0.000000,0.000680,
arrays-ops.2.ground.smt2,,par_async,128,0,unsat,0.030190,0.000440,0.002150,0.019000,0.001110,0.000000,0.000060,
arrays-ops.2.ground.smt2,,par_async,144,0,unsat,0.032671,0.000380,0.002180,0.021350,0.000610,0.000000,0.000170,
arrays-ops.3.ground.smt2,,nelson_topo_iter,1,0,unsat,0.011884,0.000370,0.002060,0.004540,0.000140,0.000000,0.000050,
arrays-ops.3.ground.smt2,,nelson_simple,1,0,unsat,0.016097,0.000640,0.003260,0.004900,0.000170,0.000000,0.000050,
arrays-ops.3.ground.smt2,,par_async,1,0,unsat,0.012547,0.000300,0.002260,0.004760,0.000290,0.000000,0.000040,
arrays-ops.3.ground.smt2,,par_async,2,0,unsat,0.017202,0.000620,0.003960,0.005010,0.000300,0.000000,0.000100,
arrays-ops.3.ground.smt2,,par_async,4,0,unsat,0.017524,0.000580,0.003400,0.006170,0.000300,0.000000,0.000170,
arrays-ops.3.ground.smt2,,par_async,8,0,unsat,0.014728,0.000530,0.002610,0.003850,0.000300,0.000000,0.000210,
arrays-ops.3.ground.smt2,,par_async,16,0,unsat,0.019443,0.000610,0.003690,0.006560,0.000300,0.000000,0.000570,
arrays-ops.3.ground.smt2,,par_async,32,0,unsat,0.018149,0.000530,0.003110,0.006880,0.000310,0.000000,0.000460,
arrays-ops.3.ground.smt2,,par_async,64,0,unsat,0.023274,0.000320,0.001850,0.008660,0.005440,0.000000,0.000990,
arrays-ops.3.ground.smt2,,par_async,128,0,unsat,0.038131,0.000350,0.002080,0.026100,0.000640,0.000000,0.001160,
arrays-ops.3.ground.smt2,,par_async,144,0,unsat,0.038253,0.000410,0.001990,0.024730,0.000980,0.000000,0.001520,
arrays-ops.4.ground.smt2,,nelson_topo_iter,1,0,unsat,0.014143,0.000520,0.002780,0.005140,0.000170,0.000000,0.000040,
arrays-ops.4.ground.smt2,,nelson_simple,1,0,unsat,0.018651,0.000690,0.005170,0.005250,0.000150,0.000000,0.000040,
arrays-ops.4.ground.smt2,,par_async,1,0,unsat,0.014773,0.000400,0.002840,0.004150,0.000300,0.000000,0.000030,
arrays-ops.4.ground.smt2,,par_async,2,0,unsat,0.015999,0.000580,0.003990,0.003680,0.000320,0.000000,0.000030,
arrays-ops.4.ground.smt2,,par_async,4,0,unsat,0.016133,0.000590,0.003860,0.003790,0.000320,0.000000,0.000030,
arrays-ops.4.ground.smt2,,par_async,8,0,unsat,0.018531,0.000740,0.003790,0.005680,0.000330,0.000000,0.000050,
arrays-ops.4.ground.smt2,,par_async,16,0,unsat,0.021475,0.002220,0.004860,0.006440,0.000330,0.000000,0.000050,
arrays-ops.4.ground.smt2,,par_async,32,0,unsat,0.019837,0.000710,0.003760,0.007090,0.000320,0.000000,0.000080,
arrays-ops.4.ground.smt2,,par_async,64,0,unsat,0.024015,0.000590,0.003660,0.011340,0.000510,0.000000,0.000440,
arrays-ops.4.ground.smt2,,par_async,128,0,unsat,0.040679,0.000680,0.004480,0.022360,0.001000,0.000000,0.000860,
arrays-ops.4.ground.smt2,,par_async,144,0,unsat,0.039182,0.000480,0.002740,0.025930,0.000750,0.000000,0.000170,
arrays-outputs.0.ground.smt2,,nelson_topo_iter,1,0,unsat,1.186081,0.064890,0.470680,0.411480,0.043270,0.000000,0.002490,
arrays-outputs.0.ground.smt2,,nelson_simple,1,0,unsat,1.451210,0.059970,0.656480,0.482120,0.046980,0.000000,0.003480,
arrays-outputs.0.ground.smt2,,par_async,1,0,unsat,1.260831,0.056670,0.450830,0.427830,0.125370,0.000000,0.001770,
arrays-outputs.0.ground.smt2,,par_async,2,0,unsat,1.087386,0.062070,0.402320,0.345820,0.077390,0.000000,0.002070,
arrays-outputs.0.ground.smt2,,par_async,4,0,unsat,1.163355,0.060350,0.441360,0.403030,0.062740,0.000000,0.003290,
arrays-outputs.0.ground.smt2,,par_async,8,0,unsat,1.307996,0.057800,0.544310,0.433590,0.063870,0.000000,0.009340,
arrays-outputs.0.ground.smt2,,par_async,16,0,unsat,1.051741,0.056830,0.378410,0.356640,0.048900,0.000000,0.018130,
arrays-outputs.0.ground.smt2,,par_async,32,0,unsat,1.167476,0.056830,0.424150,0.404570,0.048590,0.000000,0.033220,
arrays-outputs.0.ground.smt2,,par_async,64,0,unsat,1.153939,0.054020,0.372740,0.405060,0.061930,0.000000,0.074570,
arrays-outputs.0.ground.smt2,,par_async,128,0,unsat,1.829184,0.081980,0.760520,0.593550,0.078750,0.000000,0.118450,
arrays-outputs.0.ground.smt2,,par_async,144,0,unsat,1.611874,0.062010,0.504040,0.662670,0.078090,0.000000,0.115480,
demo.1.ground.smt2,,nelson_topo_iter,1,0,unsat,1.537780,0.075470,0.607040,0.577090,0.055140,0.000000,0.004560,
demo.1.ground.smt2,,nelson_simple,1,0,unsat,1.858293,0.100560,0.890460,0.592760,0.046970,0.000000,0.004920,
demo.1.ground.smt2,,par_async,1,0,unsat,1.805609,0.078960,0.736270,0.580620,0.184190,0.000000,0.002560,
demo.1.ground.smt2,,par_async,2,0,unsat,1.397998,0.080320,0.511160,0.500250,0.087960,0.000000,0.001450,
demo.1.ground.smt2,,par_async,4,0,unsat,1.317389,0.076220,0.500680,0.457680,0.062300,0.000000,0.001320,
demo.1.ground.smt2,,par_async,8,0,unsat,1.592833,0.069520,0.697740,0.555480,0.047710,0.000000,0.001650,
demo.1.ground.smt2,,par_async,16,0,unsat,1.821814,0.077690,0.915110,0.559970,0.042750,0.000000,0.002050,
demo.1.ground.smt2,,par_async,32,0,unsat,1.524338,0.078890,0.620370,0.550700,0.042360,0.000000,0.002070,
demo.1.ground.smt2,,par_async,64,0,unsat,1.499677,0.077450,0.642660,0.508420,0.047450,0.000000,0.002700,
demo.1.ground.smt2,,par_async,128,0,unsat,1.555342,0.073370,0.605980,0.585350,0.060780,0.000000,0.003480,
demo.1.ground.smt2,,par_async,144,0,unsat,1.621925,0.077820,0.702060,0.554460,0.063790,0.000000,0.003210,
demo.12.ground.smt2,,nelson_topo_iter,1,0,unsat,1.506493,0.068410,0.729730,0.495260,0.030600,0.000000,0.003790,
demo.12.ground.smt2,,nelson_simple,1,0,unsat,1.495584,0.077150,0.720230,0.487790,0.027870,0.000000,0.003990,
demo.12.ground.smt2,,par_async,1,0,unsat,1.620465,0.073870,0.733400,0.469960,0.161490,0.000000,0.002020,
demo.12.ground.smt2,,par_async,2,0,unsat,1.044075,0.059200,0.379850,0.338260,0.090850,0.000000,0.002380,
demo.12.ground.smt2,,par_async,4,0,unsat,1.091504,0.056820,0.366420,0.403550,0.085480,0.000000,0.004670,
demo.12.ground.smt2,,par_async,8,0,unsat,1.151630,0.057280,0.454830,0.383200,0.069240,0.000000,0.009760,
demo.12.ground.smt2,,par_async,16,0,unsat,1.464626,0.055090,0.658270,0.481810,0.073180,0.000000,0.023380,
demo.12.ground.smt2,,par_async,32,0,unsat,1.297223,0.055430,0.536480,0.417520,0.071360,0.000000,0.037630,
demo.12.ground.smt2,,par_async,64,0,unsat,1.221949,0.058170,0.411040,0.426530,0.074360,0.000000,0.084930,
demo.12.ground.smt2,,par_async,128,0,unsat,1.334993,0.056500,0.440870,0.475240,0.088690,0.000000,0.115330,
demo.12.ground.smt2,,par_async,144,0,unsat,1.248079,0.054210,0.415810,0.419660,0.078720,0.000000,0.118250,
demo.13.ground.smt2,,nelson_topo_iter,1,0,unsat,1.310724,0.058920,0.537700,0.477060,0.040410,0.000000,0.003950,
demo.13.ground.smt2,,nelson_simple,1,0,unsat,1.295523,0.060050,0.479380,0.481540,0.071330,0.000000,0.004080,
demo.13.ground.smt2,,par_async,1,0,unsat,1.198280,0.059040,0.402740,0.375070,0.174180,0.000000,0.001630,
demo.13.ground.smt2,,par_async,2,0,unsat,1.354470,0.057680,0.469810,0.456530,0.175540,0.000000,0.002730,
demo.13.ground.smt2,,par_async,4,0,unsat,1.119075,0.054820,0.379540,0.373510,0.121260,0.000000,0.004120,
demo.13.ground.smt2,,par_async,8,0,unsat,1.262402,0.057780,0.494500,0.408940,0.104520,0.000000,0.011340,
demo.13.ground.smt2,,par_async,16,0,unsat,1.176677,0.055980,0.377470,0.431120,0.096260,0.000000,0.026650,
demo.13.ground.smt2,,par_async,32,0,unsat,1.206338,0.052370,0.398540,0.434910,0.088530,0.000000,0.040430,
demo.13.ground.smt2,,par_async,64,0,unsat,1.506471,0.058360,0.577450,0.475680,0.115860,0.000000,0.089980,
demo.13.ground.smt2,,par_async,128,0,unsat,1.664802,0.058980,0.484290,0.681450,0.135850,0.000000,0.125650,
demo.13.ground.smt2,,par_async,144,0,unsat,1.360724,0.059640,0.425340,0.448810,0.116820,0.000000,0.134880,
demo.14.ground.smt2,,nelson_topo_iter,1,0,unsat,1.734009,0.086460,0.686640,0.603270,0.052980,0.000000,0.003830,
demo.14.ground.smt2,,nelson_simple,1,0,unsat,1.773558,0.088380,0.682920,0.625410,0.071700,0.000000,0.003960,
demo.14.ground.smt2,,par_async,1,0,unsat,2.467210,0.089950,1.084920,0.702660,0.299260,0.000000,0.002140,
demo.14.ground.smt2,,par_async,2,0,unsat,2.295224,0.088690,1.081330,0.662440,0.152490,0.000000,0.001410,
demo.14.ground.smt2,,par_async,4,0,unsat,1.759475,0.087420,0.685080,0.592740,0.089160,0.000000,0.001450,
demo.14.ground.smt2,,par_async,8,0,unsat,2.126084,0.090460,0.961350,0.692320,0.059760,0.000000,0.001960,
demo.14.ground.smt2,,par_async,16,0,unsat,1.658761,0.081580,0.642460,0.586580,0.044260,0.000000,0.002020,
demo.14.ground.smt2,,par_async,32,0,unsat,1.753481,0.088890,0.719020,0.592330,0.044610,0.000000,0.002090,
demo.14.ground.smt2,,par_async,64,0,unsat,2.265024,0.124540,1.041050,0.718890,0.055200,0.000000,0.003510,
demo.14.ground.smt2,,par_async,128,0,unsat,1.926518,0.093450,0.743970,0.701280,0.067740,0.000000,0.003400,
demo.14.ground.smt2,,par_async,144,0,unsat,1.972410,0.088050,0.709750,0.780270,0.072720,0.000000,0.003480,
demo.15.ground.smt2,,nelson_topo_iter,1,0,unsat,1.579810,0.081050,0.611900,0.556020,0.059810,0.000000,0.003250,
demo.15.ground.smt2,,nelson_simple,1,0,unsat,1.571974,0.081660,0.610460,0.538590,0.072050,0.000000,0.003400,
demo.15.ground.smt2,,par_async,1,0,unsat,1.957854,0.079930,0.744930,0.614370,0.259760,0.000000,0.001920,
demo.15.ground.smt2,,par_async,2,0,unsat,1.620897,0.081190,0.616130,0.516460,0.143060,0.000000,0.001430,
demo.15.ground.smt2,,par_async,4,0,unsat,2.061265,0.079430,0.980190,0.618540,0.119210,0.000000,0.001370,
demo.15.ground.smt2,,par_async,8,0,unsat,2.036782,0.096120,0.980830,0.604190,0.088570,0.000000,0.001730,
demo.15.ground.smt2,,par_async,16,0,unsat,2.068338,0.114340,0.969490,0.602530,0.074700,0.000000,0.002040,
demo.15.ground.smt2,,par_async,32,0,unsat,1.490352,0.079950,0.559270,0.518710,0.069670,0.000000,0.002160,
demo.15.ground.smt2,,par_async,64,0,unsat,1.538982,0.079800,0.550230,0.549730,0.091390,0.000000,0.003110,
demo.15.ground.smt2,,par_async,128,0,unsat,1.608422,0.080620,0.531700,0.626300,0.104320,0.000000,0.002870,
demo.15.ground.smt2,,par_async,144,0,unsat,1.989130,0.080120,0.636850,0.867630,0.120240,0.000000,0.004070,
demo.16.ground.smt2,,nelson_topo_iter,1,0,unsat,1.514966,0.077630,0.583510,0.543280,0.047450,0.000000,0.003340,
demo.16.ground.smt2,,nelson_simple,1,0,unsat,1.375650,0.065590,0.483840,0.511980,0.055400,0.000000,0.003400,
demo.16.ground.smt2,,par_async,1,0,unsat,1.538301,0.076480,0.504990,0.494500,0.204680,0.000000,0.001840,
demo.16.ground.smt2,,par_async,2,0,unsat,1.428472,0.069520,0.487260,0.498420,0.120910,0.000000,0.001220,
demo.16.ground.smt2,,par_async,4,0,unsat,1.406401,0.070540,0.496670,0.493390,0.095190,0.000000,0.001260,
demo.16.ground.smt2,,par_async,8,0,unsat,1.960431,0.077450,0.950790,0.592850,0.079360,0.000000,0.001830,
demo.16.ground.smt2,,par_async,16,0,unsat,1.933753,0.077790,0.908820,0.603120,0.070660,0.000000,0.002250,
demo.16.ground.smt2,,par_async,32,0,unsat,1.783546,0.076810,0.767860,0.602140,0.070660,0.000000,0.002000,
demo.16.ground.smt2,,par_async,64,0,unsat,1.571126,0.079740,0.588710,0.554200,0.077810,0.000000,0.003210,
demo.16.ground.smt2,,par_async,128,0,unsat,1.642716,0.077660,0.592640,0.606580,0.092660,0.000000,0.003090,
demo.16.ground.smt2,,par_async,144,0,unsat,1.756967,0.074120,0.741810,0.577840,0.096940,0.000000,0.003070,
demo.17.ground.smt2,,nelson_topo_iter,1,0,unsat,1.057196,0.053120,0.379640,0.426210,0.030600,0.000000,0.003620,
demo.17.ground.smt2,,nelson_simple,1,0,unsat,1.036538,0.053780,0.372850,0.420670,0.023890,0.000000,0.002750,
demo.17.ground.smt2,,par_async,1,0,unsat,1.107307,0.050530,0.350660,0.401800,0.142410,0.000000,0.001460,
demo.17.ground.smt2,,par_async,2,0,unsat,1.192544,0.051340,0.415770,0.423740,0.134560,0.000000,0.002440,
demo.17.ground.smt2,,par_async,4,0,unsat,0.976831,0.052400,0.323220,0.341530,0.094770,0.000000,0.004080,
demo.17.ground.smt2,,par_async,8,0,unsat,1.472693,0.063400,0.687520,0.455340,0.093510,0.000000,0.010800,
demo.17.ground.smt2,,par_async,16,0,unsat,1.487007,0.051500,0.692780,0.462130,0.087490,0.000000,0.028150,
demo.17.ground.smt2,,par_async,32,0,unsat,1.109548,0.052340,0.423970,0.354400,0.072420,0.000000,0.036760,
demo.17.ground.smt2,,par_async,64,0,unsat,1.108468,0.055300,0.371100,0.362560,0.086980,0.000000,0.075860,
demo.17.ground.smt2,,par_async,128,0,unsat,1.193200,0.053540,0.371800,0.397830,0.095540,0.000000,0.117870,
demo.17.ground.smt2,,par_async,144,0,unsat,1.452952,0.054230,0.421520,0.593750,0.107000,0.000000,0.117910,
demo.19.ground.smt2,,nelson_topo_iter,1,0,unsat,0.635067,0.029890,0.244860,0.234220,0.030470,0.000000,0.002140,
demo.19.ground.smt2,,nelson_simple,1,0,unsat,0.924789,0.030420,0.406340,0.343920,0.029260,0.000000,0.002880,
demo.19.ground.smt2,,par_async,1,0,unsat,0.951284,0.033490,0.348740,0.363420,0.092090,0.000000,0.001650,
demo.19.ground.smt2,,par_async,2,0,unsat,0.803526,0.032770,0.277530,0.314840,0.073530,0.000000,0.001860,
demo.19.ground.smt2,,par_async,4,0,unsat,0.641711,0.031740,0.243280,0.233770,0.036220,0.000000,0.002180,
demo.19.ground.smt2,,par_async,8,0,unsat,0.594804,0.030050,0.205900,0.221460,0.034640,0.000000,0.006220,
demo.19.ground.smt2,,par_async,16,0,unsat,0.707903,0.028250,0.227480,0.294090,0.044300,0.000000,0.013420,
demo.19.ground.smt2,,par_async,32,0,unsat,0.598403,0.030730,0.217340,0.195890,0.029220,0.000000,0.026210,
demo.19.ground.smt2,,par_async,64,0,unsat,0.809469,0.030040,0.238020,0.352760,0.044500,0.000000,0.049720,
demo.19.ground.smt2,,par_async,128,0,unsat,1.068630,0.029700,0.435670,0.377360,0.041110,0.000000,0.069320,
demo.19.ground.smt2,,par_async,144,0,unsat,0.736497,0.031110,0.240780,0.265630,0.034290,0.000000,0.075580,
demo.2.ground.smt2,,nelson_topo_iter,1,0,unsat,1.412721,0.058280,0.550510,0.476700,0.112500,0.000000,0.003260,
demo.2.ground.smt2,,nelson_simple,1,0,unsat,1.369895,0.061140,0.508910,0.497340,0.083530,0.000000,0.003440,
demo.2.ground.smt2,,par_async,1,0,unsat,1.562825,0.055780,0.453240,0.443980,0.400860,0.000000,0.001810,
demo.2.ground.smt2,,par_async,2,0,unsat,1.518940,0.061660,0.485760,0.493220,0.268270,0.000000,0.001250,
demo.2.ground.smt2,,par_async,4,0,unsat,1.441358,0.054810,0.476540,0.487170,0.216230,0.000000,0.001130,
demo.2.ground.smt2,,par_async,8,0,unsat,1.364693,0.062090,0.462460,0.453880,0.177520,0.000000,0.001550,
demo.2.ground.smt2,,par_async,16,0,unsat,1.863737,0.059220,0.867010,0.543950,0.176160,0.000000,0.001940,
demo.2.ground.smt2,,par_async,32,0,unsat,1.565366,0.061750,0.610320,0.510430,0.170760,0.000000,0.002070,
demo.2.ground.smt2,,par_async,64,0,unsat,1.652378,0.059740,0.594500,0.562770,0.202180,0.000000,0.003060,
demo.2.ground.smt2,,par_async,128,0,unsat,1.466517,0.062430,0.473070,0.523200,0.204170,0.000000,0.002780,
demo.2.ground.smt2,,par_async,144,0,unsat,1.473461,0.062120,0.463480,0.520030,0.211740,0.000000,0.003000,
demo.20.ground.smt2,,nelson_topo_iter,1,0,unsat,1.644584,0.082530,0.660510,0.574160,0.079150,0.000000,0.004370,
demo.20.ground.smt2,,nelson_simple,1,0,unsat,1.416745,0.077390,0.518430,0.524020,0.048750,0.000000,0.003160,
demo.20.ground.smt2,,par_async,1,0,unsat,1.334321,0.069170,0.472880,0.453360,0.109400,0.000000,0.001630,
demo.20.ground.smt2,,par_async,2,0,unsat,1.815264,0.072130,0.798670,0.581730,0.119630,0.000000,0.002970,
demo.20.ground.smt2,,par_async,4,0,unsat,1.409485,0.077300,0.530220,0.484160,0.076300,0.000000,0.004840,
demo.20.ground.smt2,,par_async,8,0,unsat,1.473569,0.077730,0.574590,0.496440,0.070360,0.000000,0.010100,
demo.20.ground.smt2,,par_async,16,0,unsat,1.339488,0.076680,0.478700,0.461120,0.057690,0.000000,0.024700,
demo.20.ground.smt2,,par_async,32,0,unsat,1.836449,0.070220,0.830760,0.570650,0.067630,0.000000,0.064170,
demo.20.ground.smt2,,par_async,64,0,unsat,1.554272,0.076230,0.565300,0.506760,0.073160,0.000000,0.097280,
demo.20.ground.smt2,,par_async,128,0,unsat,1.653329,0.077480,0.624440,0.531300,0.072990,0.000000,0.122740,
demo.20.ground.smt2,,par_async,144,0,unsat,1.782115,0.081990,0.666710,0.562810,0.072870,0.000000,0.143600,
demo.21.ground.smt2,,nelson_topo_iter,1,0,unsat,1.153987,0.070450,0.441690,0.415620,0.037300,0.000000,0.002440,
demo.21.ground.smt2,,nelson_simple,1,0,unsat,1.641061,0.076060,0.793830,0.510000,0.055200,0.000000,0.003390,
demo.21.ground.smt2,,par_async,1,0,unsat,1.184383,0.077580,0.408850,0.360920,0.148230,0.000000,0.001300,
demo.21.ground.smt2,,par_async,2,0,unsat,1.251323,0.077360,0.474390,0.395870,0.116300,0.000000,0.001650,
demo.21.ground.smt2,,par_async,4,0,unsat,1.670734,0.096550,0.789260,0.460980,0.124280,0.000000,0.011500,
demo.21.ground.smt2,,par_async,8,0,unsat,1.224581,0.076610,0.453570,0.412300,0.087780,0.000000,0.008760,
demo.21.ground.smt2,,par_async,16,0,unsat,1.510842,0.075170,0.674540,0.459000,0.089260,0.000000,0.022420,
demo.21.ground.smt2,,par_async,32,0,unsat,1.378628,0.069720,0.562510,0.430680,0.087980,0.000000,0.034720,
demo.21.ground.smt2,,par_async,64,0,unsat,1.395836,0.075610,0.494250,0.445500,0.096790,0.000000,0.069880,
demo.21.ground.smt2,,par_async,128,0,unsat,1.357223,0.077380,0.475950,0.440570,0.094510,0.000000,0.097480,
demo.21.ground.smt2,,par_async,144,0,unsat,1.325887,0.077690,0.408870,0.439450,0.099830,0.000000,0.122020,
demo.22.ground.smt2,,nelson_topo_iter,1,0,unsat,1.149119,0.056510,0.479560,0.400490,0.031260,0.000000,0.002660,
demo.22.ground.smt2,,nelson_simple,1,0,unsat,1.585706,0.078770,0.765130,0.505330,0.034200,0.000000,0.003580,
demo.22.ground.smt2,,par_async,1,0,unsat,1.116134,0.058020,0.400680,0.363410,0.112720,0.000000,0.001430,
demo.22.ground.smt2,,par_async,2,0,unsat,1.197481,0.056810,0.436420,0.422440,0.089830,0.000000,0.002230,
demo.22.ground.smt2,,par_async,4,0,unsat,1.383274,0.049560,0.594800,0.456600,0.087250,0.000000,0.004340,
demo.22.ground.smt2,,par_async,8,0,unsat,1.155488,0.052260,0.432950,0.408080,0.068950,0.000000,0.010120,
demo.22.ground.smt2,,par_async,16,0,unsat,1.631757,0.054420,0.770450,0.491460,0.070060,0.000000,0.023640,
demo.22.ground.smt2,,par_async,32,0,unsat,1.100578,0.055340,0.381760,0.379720,0.056890,0.000000,0.038970,
demo.22.ground.smt2,,par_async,64,0,unsat,1.260607,0.053890,0.431070,0.443910,0.070000,0.000000,0.088710,
demo.22.ground.smt2,,par_async,128,0,unsat,1.349666,0.055560,0.501380,0.431210,0.070380,0.000000,0.116470,
demo.22.ground.smt2,,par_async,144,0,unsat,1.580352,0.058000,0.482690,0.642740,0.092360,0.000000,0.127430,
demo.23.ground.smt2,,nelson_topo_iter,1,0,unsat,0.971825,0.047190,0.396200,0.354640,0.020140,0.000000,0.002330,
demo.23.ground.smt2,,nelson_simple,1,0,unsat,1.159566,0.046990,0.475530,0.436580,0.024950,0.000000,0.003350,
demo.23.ground.smt2,,par_async,1,0,unsat,1.453914,0.066370,0.650710,0.434650,0.141830,0.000000,0.001840,
demo.23.ground.smt2,,par_async,2,0,unsat,1.420082,0.050070,0.660900,0.441900,0.104970,0.000000,0.002280,
demo.23.ground.smt2,,par_async,4,0,unsat,1.413816,0.049690,0.640830,0.460550,0.088130,0.000000,0.004010,
demo.23.ground.smt2,,par_async,8,0,unsat,1.033305,0.047680,0.368230,0.376340,0.071110,0.000000,0.010350,
demo.23.ground.smt2,,par_async,16,0,unsat,1.183638,0.049630,0.470730,0.415540,0.066870,0.000000,0.022670,
demo.23.ground.smt2,,par_async,32,0,unsat,0.979436,0.048380,0.331990,0.345710,0.060220,0.000000,0.034650,
demo.23.ground.smt2,,par_async,64,0,unsat,1.474234,0.057770,0.660190,0.448060,0.076140,0.000000,0.073600,
demo.23.ground.smt2,,par_async,128,0,unsat,1.311579,0.047970,0.556150,0.378650,0.069220,0.000000,0.109550,
demo.23.ground.smt2,,par_async,144,0,unsat,1.171784,0.044710,0.336940,0.438680,0.084160,0.000000,0.112040,
demo.24.ground.smt2,,nelson_topo_iter,1,0,unsat,0.696241,0.029790,0.267200,0.264360,0.034320,0.000000,0.002180,
demo.24.ground.smt2,,nelson_simple,1,0,unsat,0.629207,0.028690,0.238980,0.240050,0.022670,0.000000,0.002160,
demo.24.ground.smt2,,par_async,1,0,unsat,0.619797,0.031310,0.200100,0.224750,0.066440,0.000000,0.001240,
demo.24.ground.smt2,,par_async,2,0,unsat,0.923385,0.029060,0.363230,0.351390,0.065680,0.000000,0.001990,
demo.24.ground.smt2,,par_async,4,0,unsat,0.722182,0.033970,0.243830,0.276710,0.051710,0.000000,0.003480,
demo.24.ground.smt2,,par_async,8,0,unsat,0.670800,0.032280,0.246860,0.253230,0.034860,0.000000,0.006280,
demo.24.ground.smt2,,par_async,16,0,unsat,0.652104,0.029410,0.244480,0.224650,0.031440,0.000000,0.016180,
demo.24.ground.smt2,,par_async,32,0,unsat,0.777167,0.030790,0.283290,0.294690,0.043480,0.000000,0.024980,
demo.24.ground.smt2,,par_async,64,0,unsat,0.680746,0.030460,0.235030,0.237930,0.033150,0.000000,0.048730,
demo.24.ground.smt2,,par_async,128,0,unsat,0.733068,0.032490,0.245580,0.262190,0.036710,0.000000,0.066570,
demo.24.ground.smt2,,par_async,144,0,unsat,0.737544,0.029000,0.232850,0.282110,0.036120,0.000000,0.064550,
demo.25.ground.smt2,,nelson_topo_iter,1,0,unsat,1.429043,0.077310,0.601930,0.469650,0.032250,0.000000,0.002590,
demo.25.ground.smt2,,nelson_simple,1,0,unsat,1.425891,0.079530,0.569270,0.486130,0.036660,0.000000,0.002660,
demo.25.ground.smt2,,par_async,1,0,unsat,1.503914,0.078210,0.543220,0.496060,0.132730,0.000000,0.001440,
demo.25.ground.smt2,,par_async,2,0,unsat,1.452648,0.079020,0.538540,0.487380,0.100980,0.000000,0.001770,
demo.25.ground.smt2,,par_async,4,0,unsat,1.487425,0.079080,0.567520,0.495830,0.088430,0.000000,0.003530,
demo.25.ground.smt2,,par_async,8,0,unsat,1.358330,0.078500,0.490120,0.459560,0.075040,0.000000,0.010070,
demo.25.ground.smt2,,par_async,16,0,unsat,1.963413,0.087990,0.931420,0.553300,0.082150,0.000000,0.026600,
demo.25.ground.smt2,,par_async,32,0,unsat,1.986168,0.079370,0.936750,0.576520,0.084900,0.000000,0.042270,
demo.25.ground.smt2,,par_async,64,0,unsat,1.813918,0.080350,0.747640,0.585520,0.085460,0.000000,0.086360,
demo.25.ground.smt2,,par_async,128,0,unsat,1.860700,0.077750,0.570030,0.755960,0.096070,0.000000,0.106260,
demo.25.ground.smt2,,par_async,144,0,unsat,1.587891,0.080740,0.491740,0.565210,0.084040,0.000000,0.120190,
demo.26.ground.smt2,,nelson_topo_iter,1,0,unsat,1.247819,0.076620,0.487570,0.443060,0.041270,0.000000,0.002500,
demo.26.ground.smt2,,nelson_simple,1,0,unsat,1.694793,0.079730,0.830170,0.518760,0.056250,0.000000,0.003520,
demo.26.ground.smt2,,par_async,1,0,unsat,1.248445,0.082500,0.434980,0.383260,0.149680,0.000000,0.001360,
demo.26.ground.smt2,,par_async,2,0,unsat,1.713240,0.079710,0.775110,0.514170,0.143870,0.000000,0.002410,
demo.26.ground.smt2,,par_async,4,0,unsat,1.200595,0.080120,0.425720,0.388270,0.102630,0.000000,0.004030,
demo.26.ground.smt2,,par_async,8,0,unsat,1.427063,0.078980,0.561390,0.468320,0.104040,0.000000,0.011180,
demo.26.ground.smt2,,par_async,16,0,unsat,1.311034,0.082700,0.479190,0.426560,0.081210,0.000000,0.021590,
demo.26.ground.smt2,,par_async,32,0,unsat,1.725537,0.120820,0.821680,0.469840,0.084040,0.000000,0.035800,
demo.26.ground.smt2,,par_async,64,0,unsat,1.571894,0.078900,0.509950,0.600870,0.113080,0.000000,0.074350,
demo.26.ground.smt2,,par_async,128,0,unsat,1.529148,0.081960,0.529700,0.531510,0.106750,0.000000,0.097730,
demo.26.ground.smt2,,par_async,144,0,unsat,1.494729,0.080950,0.532590,0.475920,0.099020,0.000000,0.119570,
demo.27.ground.smt2,,nelson_topo_iter,1,0,unsat,1.203086,0.058510,0.496030,0.415230,0.031340,0.000000,0.002700,
demo.27.ground.smt2,,nelson_simple,1,0,unsat,1.096286,0.057780,0.408560,0.390290,0.036020,0.000000,0.002590,
demo.27.ground.smt2,,par_async,1,0,unsat,1.296872,0.056990,0.434080,0.444600,0.166080,0.000000,0.001360,
demo.27.ground.smt2,,par_async,2,0,unsat,1.710587,0.052480,0.771680,0.514780,0.167590,0.000000,0.002270,
demo.27.ground.smt2,,par_async,4,0,unsat,1.298405,0.058360,0.496340,0.429370,0.112610,0.000000,0.003850,
demo.27.ground.smt2,,par_async,8,0,unsat,1.689662,0.056830,0.801490,0.499870,0.115170,0.000000,0.010490,
demo.27.ground.smt2,,par_async,16,0,unsat,1.294279,0.057500,0.493640,0.428370,0.090090,0.000000,0.024150,
demo.27.ground.smt2,,par_async,32,0,unsat,1.609945,0.056340,0.718240,0.496340,0.100660,0.000000,0.039120,
demo.27.ground.smt2,,par_async,64,0,unsat,1.280874,0.057830,0.410160,0.423360,0.106260,0.000000,0.079000,
demo.27.ground.smt2,,par_async,128,0,unsat,1.547684,0.057110,0.515390,0.553280,0.123350,0.000000,0.108240,
demo.27.ground.smt2,,par_async,144,0,unsat,1.540051,0.063400,0.517890,0.533170,0.123050,0.000000,0.113050,
demo.28.ground.smt2,,nelson_topo_iter,1,0,unsat,0.971415,0.053410,0.396480,0.345570,0.020150,0.000000,0.002320,
demo.28.ground.smt2,,nelson_simple,1,0,unsat,1.355819,0.047400,0.639820,0.481750,0.025180,0.000000,0.003180,
demo.28.ground.smt2,,par_async,1,0,unsat,1.032123,0.048140,0.353650,0.365050,0.109570,0.000000,0.001390,
demo.28.ground.smt2,,par_async,2,0,unsat,1.159743,0.048480,0.435870,0.406690,0.106490,0.000000,0.002250,
demo.28.ground.smt2,,par_async,4,0,unsat,1.377117,0.045280,0.634650,0.452610,0.085040,0.000000,0.003610,
demo.28.ground.smt2,,par_async,8,0,unsat,1.157172,0.047600,0.453120,0.412130,0.074490,0.000000,0.009710,
demo.28.ground.smt2,,par_async,16,0,unsat,1.400026,0.047900,0.667660,0.434590,0.065070,0.000000,0.021670,
demo.28.ground.smt2,,par_async,32,0,unsat,1.065122,0.046080,0.400100,0.368290,0.059740,0.000000,0.033420,
demo.28.ground.smt2,,par_async,64,0,unsat,1.389238,0.045880,0.652870,0.400070,0.068310,0.000000,0.071770,
demo.28.ground.smt2,,par_async,128,0,unsat,1.204198,0.046450,0.409350,0.418970,0.079220,0.000000,0.098770,
demo.28.ground.smt2,,par_async,144,0,unsat,1.337252,0.046460,0.334670,0.601570,0.085300,0.000000,0.117990,
demo.29.ground.smt2,,nelson_topo_iter,1,0,unsat,1.624337,0.096700,0.690820,0.528700,0.032050,0.000000,0.002760,
demo.29.ground.smt2,,nelson_simple,1,0,unsat,2.108455,0.133370,1.014530,0.632680,0.032940,0.000000,0.003890,
demo.29.ground.smt2,,par_async,1,0,unsat,1.659414,0.094760,0.563290,0.508220,0.217940,0.000000,0.001600,
demo.29.ground.smt2,,par_async,2,0,unsat,1.720083,0.094100,0.675800,0.507360,0.168230,0.000000,0.002350,
demo.29.ground.smt2,,par_async,4,0,unsat,2.192856,0.117270,1.019620,0.601970,0.170800,0.000000,0.004780,
demo.29.ground.smt2,,par_async,8,0,unsat,1.693000,0.095130,0.656590,0.524560,0.129630,0.000000,0.010210,
demo.29.ground.smt2,,par_async,16,0,unsat,2.069540,0.094520,0.904510,0.613300,0.139760,0.000000,0.027070,
demo.29.ground.smt2,,par_async,32,0,unsat,2.130595,0.087750,0.927640,0.634510,0.140670,0.000000,0.048770,
demo.29.ground.smt2,,par_async,64,0,unsat,1.756396,0.094460,0.572050,0.541780,0.125500,0.000000,0.090980,
demo.29.ground.smt2,,par_async,128,0,unsat,2.105684,0.094980,0.817960,0.644590,0.162020,0.000000,0.121380,
demo.29.ground.smt2,,par_async,144,0,unsat,2.036649,0.099290,0.819300,0.573860,0.144810,0.000000,0.130040,
demo.3.ground.smt2,,nelson_topo_iter,1,0,unsat,1.352064,0.062600,0.591230,0.464730,0.045040,0.000000,0.003570,
demo.3.ground.smt2,,nelson_simple,1,0,unsat,1.389277,0.056870,0.581900,0.492680,0.069010,0.000000,0.003770,
demo.3.ground.smt2,,par_async,1,0,unsat,1.192596,0.054940,0.426010,0.423680,0.105310,0.000000,0.001560,
demo.3.ground.smt2,,par_async,2,0,unsat,1.592914,0.052870,0.755000,0.498420,0.099220,0.000000,0.003120,
demo.3.ground.smt2,,par_async,4,0,unsat,1.623194,0.073250,0.773250,0.499810,0.083240,0.000000,0.005150,
demo.3.ground.smt2,,par_async,8,0,unsat,1.156947,0.055890,0.422250,0.426720,0.062940,0.000000,0.010910,
demo.3.ground.smt2,,par_async,16,0,unsat,1.283324,0.054310,0.498010,0.446400,0.069050,0.000000,0.027740,
demo.3.ground.smt2,,par_async,32,0,unsat,1.153846,0.056200,0.431540,0.377060,0.056110,0.000000,0.044040,
demo.3.ground.smt2,,par_async,64,0,unsat,1.290970,0.054400,0.476600,0.420090,0.070020,0.000000,0.088210,
demo.3.ground.smt2,,par_async,128,0,unsat,1.375929,0.059530,0.417970,0.533000,0.081580,0.000000,0.112990,
demo.3.ground.smt2,,par_async,144,0,unsat,1.536919,0.058450,0.479980,0.619640,0.082630,0.000000,0.124560,
demo.30.ground.smt2,,nelson_topo_iter,1,0,unsat,1.549567,0.093960,0.648830,0.512810,0.024550,0.000000,0.002790,
demo.30.ground.smt2,,nelson_simple,1,0,unsat,2.075216,0.119300,1.010330,0.621300,0.032220,0.000000,0.003990,
demo.30.ground.smt2,,par_async,1,0,unsat,1.631572,0.095000,0.562320,0.497110,0.202890,0.000000,0.001620,
demo.30.ground.smt2,,par_async,2,0,unsat,1.698690,0.094460,0.648040,0.509720,0.178140,0.000000,0.003670,
demo.30.ground.smt2,,par_async,4,0,unsat,2.134304,0.093560,0.970090,0.603720,0.170590,0.000000,0.016470,
demo.30.ground.smt2,,par_async,8,0,unsat,1.539352,0.097190,0.545450,0.501510,0.116390,0.000000,0.011030,
demo.30.ground.smt2,,par_async,16,0,unsat,1.614375,0.101210,0.553190,0.510280,0.111770,0.000000,0.026270,
demo.30.ground.smt2,,par_async,32,0,unsat,1.682790,0.097820,0.645830,0.521280,0.104780,0.000000,0.033060,
demo.30.ground.smt2,,par_async,64,0,unsat,2.080000,0.092320,0.845290,0.633310,0.149770,0.000000,0.085550,
demo.30.ground.smt2,,par_async,128,0,unsat,2.284270,0.098300,0.820740,0.838630,0.150700,0.000000,0.126770,
demo.30.ground.smt2,,par_async,144,0,unsat,1.908011,0.082020,0.628500,0.660210,0.155310,0.000000,0.126690,
demo.31.ground.smt2,,nelson_topo_iter,1,0,unsat,1.578888,0.096280,0.639570,0.544210,0.024990,0.000000,0.002920,
demo.31.ground.smt2,,nelson_simple,1,0,unsat,1.581706,0.088670,0.635910,0.539480,0.026100,0.000000,0.002870,
demo.31.ground.smt2,,par_async,1,0,unsat,1.954744,0.100690,0.706320,0.604930,0.266140,0.000000,0.001550,
demo.31.ground.smt2,,par_async,2,0,unsat,1.708208,0.094280,0.660880,0.511610,0.165360,0.000000,0.002340,
demo.31.ground.smt2,,par_async,4,0,unsat,2.187876,0.108810,1.034570,0.598600,0.163380,0.000000,0.004490,
demo.31.ground.smt2,,par_async,8,0,unsat,1.574285,0.085350,0.554150,0.518260,0.125470,0.000000,0.010510,
demo.31.ground.smt2,,par_async,16,0,unsat,1.742725,0.094860,0.705290,0.520370,0.111940,0.000000,0.025730,
demo.31.ground.smt2,,par_async,32,0,unsat,2.191101,0.110810,0.995900,0.620270,0.136000,0.000000,0.039260,
demo.31.ground.smt2,,par_async,64,0,unsat,1.795523,0.095620,0.650550,0.563420,0.131830,0.000000,0.088410,
demo.31.ground.smt2,,par_async,128,0,unsat,2.159721,0.104100,0.847070,0.668830,0.149240,0.000000,0.127430,
demo.31.ground.smt2,,par_async,144,0,unsat,1.833421,0.090800,0.552580,0.650950,0.135340,0.000000,0.130600,
demo.32.ground.smt2,,nelson_topo_iter,1,0,unsat,2.067998,0.099620,0.912770,0.658590,0.048410,0.000000,0.003050,
demo.32.ground.smt2,,nelson_simple,1,0,unsat,1.813621,0.110060,0.661770,0.642310,0.055550,0.000000,0.003240,
demo.32.ground.smt2,,par_async,1,0,unsat,2.633702,0.112620,1.202290,0.753580,0.216100,0.000000,0.001810,
demo.32.ground.smt2,,par_async,2,0,unsat,2.550925,0.130620,1.179640,0.756530,0.146670,0.000000,0.002250,
demo.32.ground.smt2,,par_async,4,0,unsat,1.888044,0.109100,0.673810,0.631670,0.131480,0.000000,0.005170,
demo.32.ground.smt2,,par_async,8,0,unsat,2.545517,0.104420,1.212140,0.748380,0.122040,0.000000,0.012960,
demo.32.ground.smt2,,par_async,16,0,unsat,2.559850,0.119960,1.203820,0.750980,0.105080,0.000000,0.028120,
demo.32.ground.smt2,,par_async,32,0,unsat,2.555249,0.145380,1.160820,0.741910,0.100680,0.000000,0.050160,
demo.32.ground.smt2,,par_async,64,0,unsat,2.058939,0.104330,0.705270,0.686830,0.120010,0.000000,0.103240,
demo.32.ground.smt2,,par_async,128,0,unsat,2.210343,0.103210,0.793710,0.734620,0.121370,0.000000,0.127460,
demo.32.ground.smt2,,par_async,144,0,unsat,2.521333,0.107830,1.096640,0.706610,0.120410,0.000000,0.144550,
demo.33.ground.smt2,,nelson_topo_iter,1,0,unsat,2.216561,0.095480,0.946680,0.765410,0.063650,0.000000,0.004280,
demo.33.ground.smt2,,nelson_simple,1,0,unsat,1.750118,0.105820,0.634250,0.624630,0.054130,0.000000,0.003320,
demo.33.ground.smt2,,par_async,1,0,unsat,2.221484,0.098540,0.867610,0.734700,0.189980,0.000000,0.001750,
demo.33.ground.smt2,,par_async,2,0,unsat,1.841884,0.098300,0.647000,0.606080,0.153360,0.000000,0.002310,
demo.33.ground.smt2,,par_async,4,0,unsat,2.495232,0.098230,1.179600,0.732860,0.150170,0.000000,0.005520,
demo.33.ground.smt2,,par_async,8,0,unsat,2.619721,0.097530,1.364260,0.721340,0.109160,0.000000,0.011180,
demo.33.ground.smt2,,par_async,16,0,unsat,2.464974,0.144210,1.113770,0.729140,0.110050,0.000000,0.031170,
demo.33.ground.smt2,,par_async,32,0,unsat,2.493195,0.122320,1.140390,0.726510,0.113430,0.000000,0.053040,
demo.33.ground.smt2,,par_async,64,0,unsat,2.566764,0.121020,1.140400,0.767360,0.123220,0.000000,0.089330,
demo.33.ground.smt2,,par_async,128,0,unsat,2.324845,0.099250,0.659440,0.959040,0.141920,0.000000,0.148430,
demo.33.ground.smt2,,par_async,144,0,unsat,2.486630,0.099900,1.049710,0.743680,0.120740,0.000000,0.152630,
demo.34.ground.smt2,,nelson_topo_iter,1,0,unsat,2.320184,0.104010,1.034020,0.774650,0.063580,0.000000,0.004270,
demo.34.ground.smt2,,nelson_simple,1,0,unsat,1.914575,0.110520,0.765870,0.641350,0.059500,0.000000,0.003190,
demo.34.ground.smt2,,par_async,1,0,unsat,1.906070,0.101700,0.669030,0.618790,0.188280,0.000000,0.001740,
demo.34.ground.smt2,,par_async,2,0,unsat,2.527536,0.136760,1.151380,0.751490,0.144740,0.000000,0.002830,
demo.34.ground.smt2,,par_async,4,0,unsat,2.493292,0.154040,1.128900,0.739030,0.128560,0.000000,0.004090,
demo.34.ground.smt2,,par_async,8,0,unsat,2.484186,0.149470,1.134930,0.740040,0.109700,0.000000,0.012080,
demo.34.ground.smt2,,par_async,16,0,unsat,2.491199,0.134500,1.149570,0.741340,0.102710,0.000000,0.026240,
demo.34.ground.smt2,,par_async,32,0,unsat,2.527341,0.133610,1.152580,0.738650,0.112250,0.000000,0.041250,
demo.34.ground.smt2,,par_async,64,0,unsat,2.706389,0.150200,1.138020,0.850370,0.135160,0.000000,0.092730,
demo.34.ground.smt2,,par_async,128,0,unsat,2.240219,0.101630,0.792600,0.756930,0.121150,0.000000,0.145040,
demo.34.ground.smt2,,par_async,144,0,unsat,2.543620,0.127290,1.065180,0.699830,0.140620,0.000000,0.162100,
demo.35.ground.smt2,,nelson_topo_iter,1,0,unsat,2.363195,0.135720,1.081970,0.753220,0.061260,0.000000,0.003070,
demo.35.ground.smt2,,nelson_simple,1,0,unsat,2.383056,0.100180,1.120720,0.755210,0.070280,0.000000,0.004430,
demo.35.ground.smt2,,par_async,1,0,unsat,1.984669,0.098380,0.756530,0.598230,0.212650,0.000000,0.001730,
demo.35.ground.smt2,,par_async,2,0,unsat,1.948212,0.098660,0.748210,0.603840,0.168880,0.000000,0.002400,
demo.35.ground.smt2,,par_async,4,0,unsat,1.914576,0.088970,0.736230,0.609170,0.144810,0.000000,0.005170,
demo.35.ground.smt2,,par_async,8,0,unsat,1.816764,0.097490,0.639860,0.614530,0.130510,0.000000,0.010600,
demo.35.ground.smt2,,par_async,16,0,unsat,2.441099,0.098870,1.124910,0.720650,0.130350,0.000000,0.030830,
demo.35.ground.smt2,,par_async,32,0,unsat,2.455243,0.100180,1.084300,0.746050,0.144930,0.000000,0.044160,
demo.35.ground.smt2,,par_async,64,0,unsat,2.226535,0.099110,0.925890,0.653970,0.128880,0.000000,0.094550,
demo.35.ground.smt2,,par_async,128,0,unsat,2.144953,0.096830,0.647550,0.814910,0.158380,0.000000,0.120430,
demo.35.ground.smt2,,par_async,144,0,unsat,2.149875,0.102630,0.757630,0.683700,0.137990,0.000000,0.145650,
demo.36.ground.smt2,,nelson_topo_iter,1,0,unsat,2.161074,0.102450,0.936010,0.737210,0.048820,0.000000,0.003110,
demo.36.ground.smt2,,nelson_simple,1,0,unsat,2.450460,0.144980,1.142260,0.763940,0.054810,0.000000,0.003270,
demo.36.ground.smt2,,par_async,1,0,unsat,2.625305,0.115680,1.172720,0.770180,0.221740,0.000000,0.001780,
demo.36.ground.smt2,,par_async,2,0,unsat,1.901408,0.101710,0.671810,0.612670,0.177660,0.000000,0.002850,
demo.36.ground.smt2,,par_async,4,0,unsat,2.531513,0.131850,1.167610,0.753400,0.146180,0.000000,0.004720,
demo.36.ground.smt2,,par_async,8,0,unsat,2.492107,0.149340,1.128720,0.731970,0.130590,0.000000,0.011560,
demo.36.ground.smt2,,par_async,16,0,unsat,2.518720,0.146600,1.146840,0.734600,0.117190,0.000000,0.028430,
demo.36.ground.smt2,,par_async,32,0,unsat,1.906390,0.101220,0.664850,0.631450,0.111880,0.000000,0.044720,
demo.36.ground.smt2,,par_async,64,0,unsat,2.641626,0.106870,1.188570,0.770220,0.145280,0.000000,0.094890,
demo.36.ground.smt2,,par_async,128,0,unsat,2.300415,0.091410,0.662730,0.901390,0.160620,0.000000,0.154370,
demo.36.ground.smt2,,par_async,144,0,unsat,2.575640,0.104260,1.114620,0.751920,0.139330,0.000000,0.148600,
demo.37.ground.smt2,,nelson_topo_iter,1,0,unsat,2.178372,0.098020,0.987970,0.711260,0.061720,0.000000,0.004210,
demo.37.ground.smt2,,nelson_simple,1,0,unsat,1.743047,0.092680,0.683730,0.602200,0.056530,0.000000,0.003200,
demo.37.ground.smt2,,par_async,1,0,unsat,2.407974,0.093210,1.052930,0.693950,0.249010,0.000000,0.002380,
demo.37.ground.smt2,,par_async,2,0,unsat,2.010863,0.092620,0.757730,0.680250,0.175440,0.000000,0.002880,
demo.37.ground.smt2,,par_async,4,0,unsat,1.998064,0.092590,0.768030,0.673860,0.146940,0.000000,0.005340,
demo.37.ground.smt2,,par_async,8,0,unsat,2.054142,0.091040,0.850920,0.670890,0.119910,0.000000,0.012410,
demo.37.ground.smt2,,par_async,16,0,unsat,2.158247,0.091540,0.883040,0.680720,0.117380,0.000000,0.034340,
demo.37.ground.smt2,,par_async,32,0,unsat,2.344598,0.136610,1.052250,0.673700,0.116790,0.000000,0.050820,
demo.37.ground.smt2,,par_async,64,0,unsat,2.307663,0.089440,0.975270,0.707810,0.138820,0.000000,0.093050,
demo.37.ground.smt2,,par_async,128,0,unsat,1.972401,0.089640,0.694990,0.639590,0.119610,0.000000,0.145390,
demo.37.ground.smt2,,par_async,144,0,unsat,2.239287,0.090260,0.683510,0.878540,0.135940,0.000000,0.141070,
demo.4.ground.smt2,,nelson_topo_iter,1,0,unsat,1.559527,0.061660,0.704490,0.531260,0.041400,0.000000,0.003390,
demo.4.ground.smt2,,nelson_simple,1,0,unsat,1.700837,0.060150,0.822630,0.540290,0.049550,0.000000,0.003550,
demo.4.ground.smt2,,par_async,1,0,unsat,1.313324,0.060430,0.457880,0.453500,0.126320,0.000000,0.001590,
demo.4.ground.smt2,,par_async,2,0,unsat,1.762956,0.059180,0.821550,0.527010,0.130920,0.000000,0.002610,
demo.4.ground.smt2,,par_async,4,0,unsat,1.318297,0.059300,0.528970,0.425370,0.086400,0.000000,0.003690,
demo.4.ground.smt2,,par_async,8,0,unsat,1.192400,0.058560,0.426180,0.408940,0.078840,0.000000,0.009510,
demo.4.ground.smt2,,par_async,16,0,unsat,1.245094,0.052400,0.448840,0.440740,0.069950,0.000000,0.021460,
demo.4.ground.smt2,,par_async,32,0,unsat,1.795129,0.053210,0.825870,0.508040,0.076030,0.000000,0.037230,
demo.4.ground.smt2,,par_async,64,0,unsat,1.507821,0.064660,0.545950,0.509900,0.096210,0.000000,0.090470,
demo.4.ground.smt2,,par_async,128,0,unsat,1.745429,0.059120,0.536660,0.735080,0.103870,0.000000,0.107730,
demo.4.ground.smt2,,par_async,144,0,unsat,1.736827,0.073250,0.656410,0.587410,0.105050,0.000000,0.121140,
demo.40.ground.smt2,,nelson_topo_iter,1,0,unsat,1.558680,0.085390,0.616480,0.540420,0.047590,0.000000,0.003110,
demo.40.ground.smt2,,nelson_simple,1,0,unsat,1.792677,0.081210,0.742040,0.643820,0.050740,0.000000,0.004250,
demo.40.ground.smt2,,par_async,1,0,unsat,1.529169,0.078900,0.540950,0.511480,0.138430,0.000000,0.001830,
demo.40.ground.smt2,,par_async,2,0,unsat,1.458948,0.072210,0.518160,0.508480,0.099930,0.000000,0.001390,
demo.40.ground.smt2,,par_async,4,0,unsat,1.493994,0.078750,0.555510,0.517460,0.081790,0.000000,0.001200,
demo.40.ground.smt2,,par_async,8,0,unsat,1.472800,0.080720,0.538150,0.523180,0.061720,0.000000,0.001570,
demo.40.ground.smt2,,par_async,16,0,unsat,1.499325,0.080810,0.570130,0.519560,0.053820,0.000000,0.001710,
demo.40.ground.smt2,,par_async,32,0,unsat,1.463610,0.080740,0.537580,0.521010,0.060490,0.000000,0.002030,
demo.40.ground.smt2,,par_async,64,0,unsat,1.514609,0.079580,0.553050,0.546790,0.069230,0.000000,0.002840,
demo.40.ground.smt2,,par_async,128,0,unsat,1.638118,0.079960,0.561150,0.633080,0.097700,0.000000,0.002970,
demo.40.ground.smt2,,par_async,144,0,unsat,1.929636,0.080690,0.644250,0.835830,0.100630,0.000000,0.002960,
demo.42.ground.smt2,,nelson_topo_iter,1,0,unsat,0.714750,0.034710,0.274200,0.272960,0.017470,0.000000,0.002080,
demo.42.ground.smt2,,nelson_simple,1,0,unsat,0.816079,0.031450,0.295740,0.341800,0.025900,0.000000,0.002850,
demo.42.ground.smt2,,par_async,1,0,unsat,0.773390,0.028840,0.279680,0.275360,0.075090,0.000000,0.001340,
demo.42.ground.smt2,,par_async,2,0,unsat,1.048339,0.031080,0.451090,0.359950,0.072180,0.000000,0.002010,
demo.42.ground.smt2,,par_async,4,0,unsat,1.049661,0.032950,0.485710,0.336510,0.059090,0.000000,0.003380,
demo.42.ground.smt2,,par_async,8,0,unsat,1.052421,0.045120,0.500040,0.318110,0.050910,0.000000,0.007340,
demo.42.ground.smt2,,par_async,16,0,unsat,0.743425,0.032750,0.281490,0.267520,0.035680,0.000000,0.012540,
demo.42.ground.smt2,,par_async,32,0,unsat,0.791342,0.030220,0.293660,0.286910,0.041100,0.000000,0.023790,
demo.42.ground.smt2,,par_async,64,0,unsat,0.765015,0.032130,0.269910,0.265580,0.040480,0.000000,0.047250,
demo.42.ground.smt2,,par_async,128,0,unsat,0.823349,0.030740,0.297090,0.281670,0.040570,0.000000,0.070410,
demo.42.ground.smt2,,par_async,144,0,unsat,0.974190,0.031480,0.252730,0.436920,0.055670,0.000000,0.091330,
demo.43.ground.smt2,,nelson_topo_iter,1,0,unsat,1.065147,0.051840,0.412500,0.386900,0.044110,0.000000,0.002060,
demo.43.ground.smt2,,nelson_simple,1,0,unsat,1.013628,0.048080,0.377780,0.381130,0.031340,0.000000,0.002160,
demo.43.ground.smt2,,par_async,1,0,unsat,1.041867,0.047820,0.376260,0.370930,0.078740,0.000000,0.001150,
demo.43.ground.smt2,,par_async,2,0,unsat,1.004765,0.044740,0.366170,0.362720,0.061520,0.000000,0.001590,
demo.43.ground.smt2,,par_async,4,0,unsat,0.985390,0.044850,0.360650,0.353680,0.053300,0.000000,0.003660,
demo.43.ground.smt2,,par_async,8,0,unsat,0.984470,0.044260,0.353820,0.364500,0.045980,0.000000,0.007910,
demo.43.ground.smt2,,par_async,16,0,unsat,0.993149,0.044790,0.348330,0.364780,0.043350,0.000000,0.020480,
demo.43.ground.smt2,,par_async,32,0,unsat,0.965401,0.042190,0.348150,0.338890,0.041820,0.000000,0.024790,
demo.43.ground.smt2,,par_async,64,0,unsat,1.085670,0.046800,0.414530,0.349520,0.047760,0.000000,0.065700,
demo.43.ground.smt2,,par_async,128,0,unsat,1.166559,0.047640,0.411180,0.404190,0.053020,0.000000,0.089650,
demo.43.ground.smt2,,par_async,144,0,unsat,1.316858,0.053960,0.571370,0.383200,0.051510,0.000000,0.096030,
demo.44.ground.smt2,,nelson_topo_iter,1,0,unsat,1.726359,0.080360,0.680510,0.633340,0.060960,0.000000,0.004230,
demo.44.ground.smt2,,nelson_simple,1,0,unsat,1.441545,0.089500,0.529850,0.519630,0.039750,0.000000,0.003070,
demo.44.ground.smt2,,par_async,1,0,unsat,2.174098,0.088450,0.995770,0.623130,0.194520,0.000000,0.002380,
demo.44.ground.smt2,,par_async,2,0,unsat,1.572922,0.079040,0.592710,0.538710,0.107420,0.000000,0.001530,
demo.44.ground.smt2,,par_async,4,0,unsat,1.534167,0.070650,0.598350,0.528730,0.079630,0.000000,0.001170,
demo.44.ground.smt2,,par_async,8,0,unsat,1.710775,0.078340,0.680020,0.603670,0.071270,0.000000,0.001750,
demo.44.ground.smt2,,par_async,16,0,unsat,2.034554,0.090070,1.005810,0.602760,0.065290,0.000000,0.001850,
demo.44.ground.smt2,,par_async,32,0,unsat,2.020589,0.107330,0.978190,0.600950,0.064940,0.000000,0.001960,
demo.44.ground.smt2,,par_async,64,0,unsat,2.084430,0.118840,0.970890,0.627930,0.086750,0.000000,0.002910,
demo.44.ground.smt2,,par_async,128,0,unsat,1.807062,0.079080,0.614590,0.740890,0.096020,0.000000,0.002980,
demo.44.ground.smt2,,par_async,144,0,unsat,1.895616,0.085900,0.806370,0.630730,0.100910,0.000000,0.004180,
demo.45.ground.smt2,,nelson_topo_iter,1,0,unsat,1.275877,0.055700,0.507650,0.454430,0.060750,0.000000,0.003090,
demo.45.ground.smt2,,nelson_simple,1,0,unsat,0.991142,0.049310,0.364350,0.351090,0.037610,0.000000,0.002330,
demo.45.ground.smt2,,par_async,1,0,unsat,1.030209,0.049740,0.371220,0.340760,0.087410,0.000000,0.001250,
demo.45.ground.smt2,,par_async,2,0,unsat,0.984702,0.046710,0.343440,0.341750,0.070940,0.000000,0.001490,
demo.45.ground.smt2,,par_async,4,0,unsat,1.017594,0.050080,0.373300,0.346180,0.062030,0.000000,0.003260,
demo.45.ground.smt2,,par_async,8,0,unsat,0.983111,0.045380,0.344320,0.351980,0.052830,0.000000,0.007960,
demo.45.ground.smt2,,par_async,16,0,unsat,1.125251,0.048570,0.419000,0.391920,0.051070,0.000000,0.022010,
demo.45.ground.smt2,,par_async,32,0,unsat,1.113781,0.049130,0.409620,0.396670,0.046760,0.000000,0.030120,
demo.45.ground.smt2,,par_async,64,0,unsat,1.317652,0.049050,0.482790,0.450410,0.063390,0.000000,0.081520,
demo.45.ground.smt2,,par_async,128,0,unsat,1.184726,0.050070,0.416510,0.396180,0.063910,0.000000,0.090420,
demo.45.ground.smt2,,par_async,144,0,unsat,1.237916,0.054680,0.439860,0.402370,0.061750,0.000000,0.102240,
demo.47.ground.smt2,,nelson_topo_iter,1,0,unsat,0.924118,0.047810,0.367670,0.317180,0.028840,0.000000,0.002080,
demo.47.ground.smt2,,nelson_simple,1,0,unsat,1.416609,0.057800,0.685660,0.448050,0.046010,0.000000,0.002940,
demo.47.ground.smt2,,par_async,1,0,unsat,1.439383,0.045090,0.647170,0.462470,0.116540,0.000000,0.001610,
demo.47.ground.smt2,,par_async,2,0,unsat,1.346459,0.048790,0.582290,0.439790,0.102870,0.000000,0.003800,
demo.47.ground.smt2,,par_async,4,0,unsat,1.022567,0.049760,0.376010,0.361580,0.069020,0.000000,0.002650,
demo.47.ground.smt2,,par_async,8,0,unsat,1.047136,0.048660,0.414370,0.359930,0.054200,0.000000,0.007050,
demo.47.ground.smt2,,par_async,16,0,unsat,0.996967,0.043410,0.348440,0.360800,0.053330,0.000000,0.024600,
demo.47.ground.smt2,,par_async,32,0,unsat,1.021662,0.045730,0.378610,0.361530,0.047950,0.000000,0.024140,
demo.47.ground.smt2,,par_async,64,0,unsat,1.083091,0.045870,0.397170,0.358480,0.055650,0.000000,0.061630,
demo.47.ground.smt2,,par_async,128,0,unsat,1.197622,0.047920,0.435360,0.410060,0.061270,0.000000,0.090010,
demo.47.ground.smt2,,par_async,144,0,unsat,1.200181,0.050950,0.361180,0.452840,0.070520,0.000000,0.106130,
demo.48.ground.smt2,,nelson_topo_iter,1,0,unsat,1.187351,0.052600,0.459920,0.437520,0.050870,0.000000,0.003100,
demo.48.ground.smt2,,nelson_simple,1,0,unsat,1.489764,0.051800,0.716520,0.482030,0.051170,0.000000,0.003210,
demo.48.ground.smt2,,par_async,1,0,unsat,1.564165,0.051430,0.717700,0.479170,0.121890,0.000000,0.001710,
demo.48.ground.smt2,,par_async,2,0,unsat,1.510526,0.075170,0.705640,0.453340,0.089920,0.000000,0.002260,
demo.48.ground.smt2,,par_async,4,0,unsat,1.046889,0.052780,0.400750,0.342220,0.063340,0.000000,0.003520,
demo.48.ground.smt2,,par_async,8,0,unsat,1.027689,0.049850,0.384880,0.350100,0.053910,0.000000,0.008220,
demo.48.ground.smt2,,par_async,16,0,unsat,1.044442,0.046570,0.352870,0.358300,0.048580,0.000000,0.020820,
demo.48.ground.smt2,,par_async,32,0,unsat,1.136106,0.054900,0.411030,0.397670,0.050230,0.000000,0.034050,
demo.48.ground.smt2,,par_async,64,0,unsat,1.193663,0.047620,0.434440,0.406530,0.057360,0.000000,0.066910,
demo.48.ground.smt2,,par_async,128,0,unsat,1.442705,0.054560,0.656130,0.409760,0.059140,0.000000,0.100020,
demo.48.ground.smt2,,par_async,144,0,unsat,1.453368,0.054060,0.474040,0.558940,0.072440,0.000000,0.110400,
demo.49.ground.smt2,,nelson_topo_iter,1,0,unsat,1.116007,0.053510,0.457510,0.374180,0.041260,0.000000,0.002120,
demo.49.ground.smt2,,nelson_simple,1,0,unsat,1.513418,0.057820,0.735350,0.476360,0.041950,0.000000,0.002980,
demo.49.ground.smt2,,par_async,1,0,unsat,1.576877,0.076610,0.725320,0.460680,0.117470,0.000000,0.001580,
demo.49.ground.smt2,,par_async,2,0,unsat,1.033418,0.051940,0.378280,0.341840,0.069580,0.000000,0.001620,
demo.49.ground.smt2,,par_async,4,0,unsat,1.025190,0.050500,0.381660,0.341000,0.058450,0.000000,0.003610,
demo.49.ground.smt2,,par_async,8,0,unsat,1.011333,0.047380,0.359440,0.356290,0.051120,0.000000,0.007410,
demo.49.ground.smt2,,par_async,16,0,unsat,1.010414,0.045520,0.353870,0.356820,0.044210,0.000000,0.018460,
demo.49.ground.smt2,,par_async,32,0,unsat,1.151363,0.048860,0.433300,0.403200,0.044460,0.000000,0.030610,
demo.49.ground.smt2,,par_async,64,0,unsat,1.317050,0.048610,0.485930,0.454120,0.058740,0.000000,0.062680,
demo.49.ground.smt2,,par_async,128,0,unsat,1.200841,0.054520,0.416670,0.417640,0.055960,0.000000,0.084410,
demo.49.ground.smt2,,par_async,144,0,unsat,1.238375,0.050730,0.415180,0.448780,0.054250,0.000000,0.095070,
demo.5.ground.smt2,,nelson_topo_iter,1,0,unsat,1.163217,0.063980,0.423140,0.410360,0.053110,0.000000,0.002790,
demo.5.ground.smt2,,nelson_simple,1,0,unsat,1.264418,0.062370,0.480500,0.464180,0.041340,0.000000,0.002980,
demo.5.ground.smt2,,par_async,1,0,unsat,1.751308,0.082480,0.804390,0.509620,0.136810,0.000000,0.002090,
demo.5.ground.smt2,,par_async,2,0,unsat,1.250241,0.062150,0.461890,0.435230,0.084050,0.000000,0.002030,
demo.5.ground.smt2,,par_async,4,0,unsat,1.700042,0.081780,0.799500,0.506090,0.082510,0.000000,0.004340,
demo.5.ground.smt2,,par_async,8,0,unsat,1.234216,0.062880,0.452450,0.442850,0.059930,0.000000,0.011090,
demo.5.ground.smt2,,par_async,16,0,unsat,1.744698,0.063220,0.807980,0.514610,0.065010,0.000000,0.025040,
demo.5.ground.smt2,,par_async,32,0,unsat,1.308491,0.065710,0.478570,0.458150,0.054380,0.000000,0.038990,
demo.5.ground.smt2,,par_async,64,0,unsat,1.764724,0.075720,0.802410,0.519950,0.073470,0.000000,0.083240,
demo.5.ground.smt2,,par_async,128,0,unsat,1.495697,0.061480,0.509480,0.529350,0.076860,0.000000,0.124050,
demo.5.ground.smt2,,par_async,144,0,unsat,1.506533,0.067310,0.520610,0.516830,0.075470,0.000000,0.121500,
demo.50.ground.smt2,,nelson_topo_iter,1,0,unsat,1.081376,0.054440,0.437660,0.377010,0.035900,0.000000,0.002190,
demo.50.ground.smt2,,nelson_simple,1,0,unsat,1.327540,0.049560,0.574280,0.463500,0.046730,0.000000,0.003320,
demo.50.ground.smt2,,par_async,1,0,unsat,1.089172,0.050420,0.398490,0.381060,0.085440,0.000000,0.001220,
demo.50.ground.smt2,,par_async,2,0,unsat,1.062757,0.053600,0.393030,0.376810,0.063740,0.000000,0.001820,
demo.50.ground.smt2,,par_async,4,0,unsat,1.218528,0.048700,0.499330,0.421090,0.064200,0.000000,0.003730,
demo.50.ground.smt2,,par_async,8,0,unsat,1.054440,0.050330,0.393330,0.376100,0.050000,0.000000,0.008400,
demo.50.ground.smt2,,par_async,16,0,unsat,1.023803,0.048360,0.363620,0.337510,0.042210,0.000000,0.019350,
demo.50.ground.smt2,,par_async,32,0,unsat,1.091347,0.053320,0.395600,0.384190,0.045700,0.000000,0.033930,
demo.50.ground.smt2,,par_async,64,0,unsat,1.126891,0.046890,0.413370,0.374550,0.050630,0.000000,0.070970,
demo.50.ground.smt2,,par_async,128,0,unsat,1.297523,0.047400,0.432130,0.478830,0.061440,0.000000,0.095320,
demo.50.ground.smt2,,par_async,144,0,unsat,1.120621,0.052750,0.339000,0.400520,0.053820,0.000000,0.108010,
demo.53.ground.smt2,,nelson_topo_iter,1,0,unsat,1.341770,0.055200,0.510400,0.480700,0.050450,0.000000,0.002470,
demo.53.ground.smt2,,nelson_simple,1,0,unsat,1.264069,0.065910,0.466320,0.445380,0.045710,0.000000,0.002600,
demo.53.ground.smt2,,par_async,1,0,unsat,1.810106,0.058720,0.791300,0.567670,0.149450,0.000000,0.001910,
demo.53.ground.smt2,,par_async,2,0,unsat,1.332771,0.058150,0.516340,0.432940,0.087480,0.000000,0.001730,
demo.53.ground.smt2,,par_async,4,0,unsat,1.834061,0.083860,0.872900,0.535670,0.090210,0.000000,0.004230,
demo.53.ground.smt2,,par_async,8,0,unsat,1.535737,0.055540,0.631190,0.518190,0.074940,0.000000,0.012040,
demo.53.ground.smt2,,par_async,16,0,unsat,1.656561,0.059110,0.725840,0.532990,0.067830,0.000000,0.025530,
demo.53.ground.smt2,,par_async,32,0,unsat,1.481039,0.057020,0.575470,0.508230,0.060150,0.000000,0.046220,
demo.53.ground.smt2,,par_async,64,0,unsat,1.412658,0.060960,0.482910,0.488850,0.072930,0.000000,0.073980,
demo.53.ground.smt2,,par_async,128,0,unsat,1.694025,0.059210,0.668850,0.533610,0.077830,0.000000,0.117750,
demo.53.ground.smt2,,par_async,144,0,unsat,1.484750,0.059280,0.463800,0.531010,0.073990,0.000000,0.132670,
demo.55.ground.smt2,,nelson_topo_iter,1,0,unsat,1.136825,0.051250,0.424970,0.434270,0.030790,0.000000,0.002000,
demo.55.ground.smt2,,nelson_simple,1,0,unsat,1.142163,0.052720,0.442390,0.412920,0.030390,0.000000,0.002090,
demo.55.ground.smt2,,par_async,1,0,unsat,1.481261,0.048170,0.657240,0.484670,0.090710,0.000000,0.001550,
demo.55.ground.smt2,,par_async,2,0,unsat,1.398297,0.050740,0.608790,0.457700,0.074520,0.000000,0.002090,
demo.55.ground.smt2,,par_async,4,0,unsat,1.216930,0.054090,0.474220,0.430270,0.055500,0.000000,0.003760,
demo.55.ground.smt2,,par_async,8,0,unsat,1.110184,0.068560,0.415040,0.372220,0.044480,0.000000,0.013820,
demo.55.ground.smt2,,par_async,16,0,unsat,1.158225,0.054380,0.404660,0.368250,0.037870,0.000000,0.018290,
demo.55.ground.smt2,,par_async,32,0,unsat,1.140803,0.053910,0.418270,0.405220,0.036130,0.000000,0.031030,
demo.55.ground.smt2,,par_async,64,0,unsat,1.489133,0.051990,0.663320,0.464930,0.047480,0.000000,0.064770,
demo.55.ground.smt2,,par_async,128,0,unsat,1.374516,0.052880,0.566450,0.433480,0.047490,0.000000,0.088050,
demo.55.ground.smt2,,par_async,144,0,unsat,1.403801,0.054170,0.482930,0.523940,0.056080,0.000000,0.094850,
demo.57.ground.smt2,,nelson_topo_iter,1,0,unsat,1.131458,0.053310,0.431330,0.421840,0.029390,0.000000,0.002050,
demo.57.ground.smt2,,nelson_simple,1,0,unsat,1.236424,0.051680,0.484010,0.456940,0.040130,0.000000,0.002920,
demo.57.ground.smt2,,par_async,1,0,unsat,1.076564,0.054250,0.398100,0.353480,0.075690,0.000000,0.001160,
demo.57.ground.smt2,,par_async,2,0,unsat,1.056703,0.052400,0.392550,0.347740,0.061510,0.000000,0.001600,
demo.57.ground.smt2,,par_async,4,0,unsat,1.100192,0.047650,0.390610,0.411760,0.053360,0.000000,0.003680,
demo.57.ground.smt2,,par_async,8,0,unsat,1.109786,0.045740,0.413890,0.397760,0.047860,0.000000,0.009470,
demo.57.ground.smt2,,par_async,16,0,unsat,1.559181,0.052720,0.736160,0.495010,0.049380,0.000000,0.023020,
demo.57.ground.smt2,,par_async,32,0,unsat,1.551159,0.048210,0.735160,0.489130,0.047360,0.000000,0.032050,
demo.57.ground.smt2,,par_async,64,0,unsat,1.581302,0.066030,0.749970,0.445180,0.047870,0.000000,0.073250,
demo.57.ground.smt2,,par_async,128,0,unsat,1.246561,0.047910,0.369450,0.485440,0.062400,0.000000,0.089110,
demo.57.ground.smt2,,par_async,144,0,unsat,1.501829,0.052380,0.473800,0.615180,0.072400,0.000000,0.098450,
demo.59.ground.smt2,,nelson_topo_iter,1,0,unsat,1.257712,0.057860,0.525620,0.418610,0.030570,0.000000,0.002250,
demo.59.ground.smt2,,nelson_simple,1,0,unsat,1.145594,0.056860,0.435240,0.394900,0.033220,0.000000,0.002270,
demo.59.ground.smt2,,par_async,1,0,unsat,1.244945,0.050530,0.459880,0.435520,0.079050,0.000000,0.001250,
demo.59.ground.smt2,,par_async,2,0,unsat,1.767697,0.061190,0.907860,0.487860,0.081450,0.000000,0.002230,
demo.59.ground.smt2,,par_async,4,0,unsat,1.237796,0.057680,0.481230,0.426420,0.054840,0.000000,0.003040,
demo.59.ground.smt2,,par_async,8,0,unsat,1.709684,0.072660,0.841190,0.499090,0.058080,0.000000,0.008990,
demo.59.ground.smt2,,par_async,16,0,unsat,1.307874,0.057390,0.530940,0.433100,0.043060,0.000000,0.020990,
demo.59.ground.smt2,,par_async,32,0,unsat,1.784715,0.072990,0.827490,0.496480,0.049700,0.000000,0.029270,
demo.59.ground.smt2,,par_async,64,0,unsat,1.551597,0.061890,0.620950,0.508950,0.059330,0.000000,0.079260,
demo.59.ground.smt2,,par_async,128,0,unsat,1.536293,0.056870,0.594710,0.512610,0.055820,0.000000,0.102840,
demo.59.ground.smt2,,par_async,144,0,unsat,1.535689,0.061100,0.548860,0.545490,0.066000,0.000000,0.098350,
demo.61.ground.smt2,,nelson_topo_iter,1,0,unsat,1.375816,0.057650,0.565730,0.484330,0.041970,0.000000,0.002940,
demo.61.ground.smt2,,nelson_simple,1,0,unsat,1.238693,0.062080,0.491870,0.428700,0.033150,0.000000,0.002260,
demo.61.ground.smt2,,par_async,1,0,unsat,1.153109,0.055210,0.420080,0.386320,0.074270,0.000000,0.001200,
demo.61.ground.smt2,,par_async,2,0,unsat,1.250448,0.056770,0.474880,0.439550,0.061420,0.000000,0.001520,
demo.61.ground.smt2,,par_async,4,0,unsat,1.654851,0.050600,0.800240,0.515640,0.060700,0.000000,0.003770,
demo.61.ground.smt2,,par_async,8,0,unsat,1.195788,0.057640,0.468040,0.401100,0.047710,0.000000,0.008410,
demo.61.ground.smt2,,par_async,16,0,unsat,1.319178,0.054710,0.515000,0.467480,0.043920,0.000000,0.018870,
demo.61.ground.smt2,,par_async,32,0,unsat,1.166032,0.053110,0.416940,0.400000,0.038300,0.000000,0.038910,
demo.61.ground.smt2,,par_async,64,0,unsat,1.497049,0.055580,0.558110,0.492030,0.049350,0.000000,0.064700,
demo.61.ground.smt2,,par_async,128,0,unsat,1.645971,0.060160,0.521880,0.687540,0.066930,0.000000,0.096280,
demo.61.ground.smt2,,par_async,144,0,unsat,1.477380,0.063000,0.568650,0.470460,0.053840,0.000000,0.104800,
demo.63.ground.smt2,,nelson_topo_iter,1,0,unsat,1.400550,0.055150,0.532800,0.526330,0.067220,0.000000,0.004890,
demo.63.ground.smt2,,nelson_simple,1,0,unsat,1.187947,0.051150,0.423400,0.433550,0.077700,0.000000,0.003700,
demo.63.ground.smt2,,par_async,1,0,unsat,1.980651,0.060030,0.815010,0.540280,0.357630,0.000000,0.002500,
demo.63.ground.smt2,,par_async,2,0,unsat,1.861572,0.056100,0.817710,0.541600,0.239220,0.000000,0.001470,
demo.63.ground.smt2,,par_async,4,0,unsat,1.247800,0.052360,0.432840,0.414730,0.148370,0.000000,0.001270,
demo.63.ground.smt2,,par_async,8,0,unsat,1.277667,0.055340,0.466170,0.429130,0.122590,0.000000,0.001670,
demo.63.ground.smt2,,par_async,16,0,unsat,1.450350,0.050290,0.577280,0.494720,0.118780,0.000000,0.001830,
demo.63.ground.smt2,,par_async,32,0,unsat,1.441576,0.055730,0.547360,0.498020,0.123700,0.000000,0.003800,
demo.63.ground.smt2,,par_async,64,0,unsat,1.377054,0.054990,0.492110,0.476150,0.134280,0.000000,0.003300,
demo.63.ground.smt2,,par_async,128,0,unsat,1.350020,0.051780,0.404570,0.531150,0.148380,0.000000,0.003040,
demo.63.ground.smt2,,par_async,144,0,unsat,1.713389,0.064630,0.744340,0.515520,0.170590,0.000000,0.004240,
demo.64.ground.smt2,,nelson_topo_iter,1,0,unsat,0.807163,0.040390,0.287250,0.312320,0.036980,0.000000,0.003380,
demo.64.ground.smt2,,nelson_simple,1,0,unsat,1.176993,0.055440,0.551550,0.401690,0.031660,0.000000,0.003400,
demo.64.ground.smt2,,par_async,1,0,unsat,0.857559,0.039250,0.260580,0.299150,0.125930,0.000000,0.001680,
demo.64.ground.smt2,,par_async,2,0,unsat,0.817658,0.039840,0.311920,0.256460,0.078340,0.000000,0.001630,
demo.64.ground.smt2,,par_async,4,0,unsat,0.843377,0.035190,0.281310,0.309710,0.081960,0.000000,0.004150,
demo.64.ground.smt2,,par_async,8,0,unsat,0.851388,0.040150,0.315360,0.292480,0.064950,0.000000,0.007940,
demo.64.ground.smt2,,par_async,16,0,unsat,0.793239,0.037010,0.245420,0.287380,0.054110,0.000000,0.027110,
demo.64.ground.smt2,,par_async,32,0,unsat,0.789996,0.036370,0.274180,0.270470,0.050910,0.000000,0.025880,
demo.64.ground.smt2,,par_async,64,0,unsat,1.075647,0.039190,0.284100,0.478200,0.072810,0.000000,0.074070,
demo.64.ground.smt2,,par_async,128,0,unsat,0.946036,0.041330,0.314540,0.299250,0.065220,0.000000,0.099220,
demo.64.ground.smt2,,par_async,144,0,unsat,1.005596,0.041180,0.273890,0.371160,0.077630,0.000000,0.098190,
demo.65.ground.smt2,,nelson_topo_iter,1,0,unsat,1.072211,0.050970,0.366200,0.431860,0.043820,0.000000,0.002920,
demo.65.ground.smt2,,nelson_simple,1,0,unsat,1.073398,0.048880,0.394660,0.421310,0.028260,0.000000,0.002950,
demo.65.ground.smt2,,par_async,1,0,unsat,1.242957,0.048290,0.424010,0.439940,0.149800,0.000000,0.002110,
demo.65.ground.smt2,,par_async,2,0,unsat,1.019707,0.048220,0.348180,0.355980,0.091830,0.000000,0.002240,
demo.65.ground.smt2,,par_async,4,0,unsat,0.995348,0.045740,0.337430,0.358910,0.075480,0.000000,0.004680,
demo.65.ground.smt2,,par_async,8,0,unsat,1.132169,0.048350,0.422090,0.403190,0.073200,0.000000,0.009920,
demo.65.ground.smt2,,par_async,16,0,unsat,1.096749,0.045870,0.360520,0.406170,0.063420,0.000000,0.027140,
demo.65.ground.smt2,,par_async,32,0,unsat,1.094948,0.045550,0.381710,0.391430,0.058430,0.000000,0.040210,
demo.65.ground.smt2,,par_async,64,0,unsat,1.195499,0.046170,0.403340,0.405650,0.069460,0.000000,0.095330,
demo.65.ground.smt2,,par_async,128,0,unsat,1.252526,0.049600,0.380690,0.453810,0.078710,0.000000,0.125310,
demo.65.ground.smt2,,par_async,144,0,unsat,1.398933,0.050560,0.436020,0.527100,0.084240,0.000000,0.135180,
demo.66.ground.smt2,,nelson_topo_iter,1,0,unsat,1.664735,0.088660,0.691030,0.565840,0.048290,0.000000,0.004270,
demo.66.ground.smt2,,nelson_simple,1,0,unsat,2.166627,0.079370,1.017880,0.684920,0.090000,0.000000,0.006230,
demo.66.ground.smt2,,par_async,1,0,unsat,1.729613,0.081870,0.556610,0.539950,0.284040,0.000000,0.002150,
demo.66.ground.smt2,,par_async,2,0,unsat,1.827464,0.080400,0.721390,0.580180,0.176140,0.000000,0.001670,
demo.66.ground.smt2,,par_async,4,0,unsat,1.646231,0.079650,0.610560,0.569720,0.111070,0.000000,0.001400,
demo.66.ground.smt2,,par_async,8,0,unsat,1.617271,0.078390,0.649150,0.546490,0.075170,0.000000,0.001990,
demo.66.ground.smt2,,par_async,16,0,unsat,1.893153,0.078460,0.826420,0.644750,0.065880,0.000000,0.002300,
demo.66.ground.smt2,,par_async,32,0,unsat,1.616940,0.079530,0.651730,0.547190,0.065690,0.000000,0.002290,
demo.66.ground.smt2,,par_async,64,0,unsat,1.994401,0.077160,0.862650,0.675870,0.081590,0.000000,0.003430,
demo.66.ground.smt2,,par_async,128,0,unsat,1.995530,0.081660,0.862210,0.671520,0.095310,0.000000,0.003630,
demo.66.ground.smt2,,par_async,144,0,unsat,2.050740,0.085420,0.876640,0.694050,0.095550,0.000000,0.003850,
demo.67.ground.smt2,,nelson_topo_iter,1,0,unsat,2.083742,0.096840,0.947090,0.695260,0.063970,0.000000,0.005820,
demo.67.ground.smt2,,nelson_simple,1,0,unsat,1.521985,0.079450,0.533180,0.563960,0.070530,0.000000,0.004530,
demo.67.ground.smt2,,par_async,1,0,unsat,1.710992,0.080790,0.552600,0.538110,0.271690,0.000000,0.002150,
demo.67.ground.smt2,,par_async,2,0,unsat,1.688676,0.081350,0.649970,0.542510,0.146730,0.000000,0.001320,
demo.67.ground.smt2,,par_async,4,0,unsat,1.744803,0.070900,0.719210,0.577210,0.105120,0.000000,0.001480,
demo.67.ground.smt2,,par_async,8,0,unsat,1.622036,0.079450,0.629290,0.554700,0.077100,0.000000,0.001970,
demo.67.ground.smt2,,par_async,16,0,unsat,1.948822,0.080220,0.801550,0.640850,0.063020,0.000000,0.002450,
demo.67.ground.smt2,,par_async,32,0,unsat,1.594085,0.080010,0.629850,0.546830,0.064500,0.000000,0.002150,
demo.67.ground.smt2,,par_async,64,0,unsat,1.922322,0.079400,0.799220,0.605580,0.076350,0.000000,0.003710,
demo.67.ground.smt2,,par_async,128,0,unsat,1.827546,0.083900,0.742110,0.635860,0.085950,0.000000,0.003540,
demo.67.ground.smt2,,par_async,144,0,unsat,1.991299,0.087840,0.663730,0.857130,0.093500,0.000000,0.003810,
demo.68.ground.smt2,,nelson_topo_iter,1,0,unsat,1.520961,0.080470,0.556050,0.560690,0.047250,0.000000,0.004150,
demo.68.ground.smt2,,nelson_simple,1,0,unsat,1.625461,0.079090,0.601740,0.589290,0.076950,0.000000,0.004380,
demo.68.ground.smt2,,par_async,1,0,unsat,1.797100,0.078980,0.634070,0.547960,0.265510,0.000000,0.002070,
demo.68.ground.smt2,,par_async,2,0,unsat,1.652960,0.079430,0.546990,0.526520,0.183990,0.000000,0.001790,
demo.68.ground.smt2,,par_async,4,0,unsat,1.646511,0.080140,0.607150,0.549970,0.122120,0.000000,0.001490,
demo.68.ground.smt2,,par_async,8,0,unsat,2.025445,0.080060,0.917270,0.651080,0.098140,0.000000,0.002180,
demo.68.ground.smt2,,par_async,16,0,unsat,1.904921,0.078900,0.821300,0.637040,0.072890,0.000000,0.002350,
demo.68.ground.smt2,,par_async,32,0,unsat,1.782268,0.080040,0.720670,0.628690,0.071080,0.000000,0.002320,
demo.68.ground.smt2,,par_async,64,0,unsat,1.575885,0.077700,0.566740,0.573850,0.082660,0.000000,0.003530,
demo.68.ground.smt2,,par_async,128,0,unsat,2.025466,0.079250,0.641440,0.906500,0.107530,0.000000,0.004290,
demo.68.ground.smt2,,par_async,144,0,unsat,1.915668,0.083560,0.597190,0.844960,0.110420,0.000000,0.003800,
demo.69.ground.smt2,,nelson_topo_iter,1,0,unsat,1.005518,0.049800,0.400460,0.354080,0.024910,0.000000,0.002720,
demo.69.ground.smt2,,nelson_simple,1,0,unsat,0.986561,0.050890,0.372510,0.355630,0.025990,0.000000,0.002670,
demo.69.ground.smt2,,par_async,1,0,unsat,1.029962,0.046310,0.352870,0.350890,0.105850,0.000000,0.001440,
demo.69.ground.smt2,,par_async,2,0,unsat,1.002444,0.048270,0.349530,0.344370,0.085970,0.000000,0.002120,
demo.69.ground.smt2,,par_async,4,0,unsat,0.994225,0.046800,0.347520,0.349880,0.072920,0.000000,0.003790,
demo.69.ground.smt2,,par_async,8,0,unsat,1.117389,0.050150,0.423060,0.396030,0.066870,0.000000,0.010420,
demo.69.ground.smt2,,par_async,16,0,unsat,1.091320,0.046410,0.372960,0.399710,0.058240,0.000000,0.021830,
demo.69.ground.smt2,,par_async,32,0,unsat,1.237641,0.050690,0.474330,0.422220,0.064520,0.000000,0.044500,
demo.69.ground.smt2,,par_async,64,0,unsat,1.122919,0.050910,0.391330,0.376790,0.060450,0.000000,0.076330,
demo.69.ground.smt2,,par_async,128,0,unsat,1.246770,0.050800,0.411010,0.429490,0.071460,0.000000,0.118400,
demo.69.ground.smt2,,par_async,144,0,unsat,1.233190,0.047660,0.422150,0.407010,0.069530,0.000000,0.119440,
demo.70.ground.smt2,,nelson_topo_iter,1,0,unsat,1.004118,0.047980,0.355430,0.404520,0.029710,0.000000,0.003460,
demo.70.ground.smt2,,nelson_simple,1,0,unsat,0.902295,0.045220,0.318530,0.338990,0.027890,0.000000,0.002510,
demo.70.ground.smt2,,par_async,1,0,unsat,1.005233,0.048950,0.344470,0.342820,0.102190,0.000000,0.001380,
demo.70.ground.smt2,,par_async,2,0,unsat,0.935640,0.044560,0.318420,0.329120,0.079040,0.000000,0.001840,
demo.70.ground.smt2,,par_async,4,0,unsat,1.438014,0.059080,0.679120,0.444970,0.081720,0.000000,0.003950,
demo.70.ground.smt2,,par_async,8,0,unsat,1.419345,0.046770,0.659300,0.463690,0.069870,0.000000,0.009470,
demo.70.ground.smt2,,par_async,16,0,unsat,1.258126,0.050320,0.496720,0.415810,0.063640,0.000000,0.025190,
demo.70.ground.smt2,,par_async,32,0,unsat,1.116544,0.053470,0.415300,0.385320,0.059250,0.000000,0.039200,
demo.70.ground.smt2,,par_async,64,0,unsat,1.127740,0.046050,0.392340,0.379790,0.064630,0.000000,0.082170,
demo.70.ground.smt2,,par_async,128,0,unsat,1.463550,0.049550,0.451040,0.608990,0.083030,0.000000,0.113330,
demo.70.ground.smt2,,par_async,144,0,unsat,1.208614,0.048850,0.396560,0.424860,0.066570,0.000000,0.119780,
demo.71.ground.smt2,,nelson_topo_iter,1,0,unsat,0.896655,0.053130,0.333360,0.333440,0.021590,0.000000,0.002420,
demo.71.ground.smt2,,nelson_simple,1,0,unsat,1.356545,0.050130,0.651560,0.462030,0.028870,0.000000,0.003420,
demo.71.ground.smt2,,par_async,1,0,unsat,1.115726,0.051440,0.379770,0.391300,0.131940,0.000000,0.001810,
demo.71.ground.smt2,,par_async,2,0,unsat,1.409871,0.049440,0.647650,0.448570,0.101250,0.000000,0.002510,
demo.71.ground.smt2,,par_async,4,0,unsat,1.133017,0.052310,0.431800,0.401320,0.081810,0.000000,0.004530,
demo.71.ground.smt2,,par_async,8,0,unsat,1.382260,0.049770,0.660090,0.436030,0.067260,0.000000,0.010780,
demo.71.ground.smt2,,par_async,16,0,unsat,1.131938,0.050610,0.442870,0.390300,0.060960,0.000000,0.025100,
demo.71.ground.smt2,,par_async,32,0,unsat,1.419106,0.050740,0.662560,0.439530,0.066550,0.000000,0.035060,
demo.71.ground.smt2,,par_async,64,0,unsat,1.282157,0.049830,0.487020,0.405880,0.072650,0.000000,0.079610,
demo.71.ground.smt2,,par_async,128,0,unsat,1.099242,0.054230,0.353970,0.371770,0.065570,0.000000,0.109000,
demo.71.ground.smt2,,par_async,144,0,unsat,1.179964,0.050140,0.388350,0.402070,0.068180,0.000000,0.125800,
demo.76.ground.smt2,,nelson_topo_iter,1,0,unsat,1.360565,0.053460,0.567850,0.492010,0.047640,0.000000,0.003950,
demo.76.ground.smt2,,nelson_simple,1,0,unsat,1.384065,0.058240,0.562830,0.513400,0.038490,0.000000,0.003930,
demo.76.ground.smt2,,par_async,1,0,unsat,1.288896,0.057350,0.459530,0.442890,0.133320,0.000000,0.001660,
demo.76.ground.smt2,,par_async,2,0,unsat,1.724730,0.065960,0.800530,0.510940,0.141460,0.000000,0.002860,
demo.76.ground.smt2,,par_async,4,0,unsat,1.244826,0.058180,0.459050,0.435580,0.094040,0.000000,0.004420,
demo.76.ground.smt2,,par_async,8,0,unsat,1.695351,0.056220,0.821410,0.507940,0.096380,0.000000,0.012810,
demo.76.ground.smt2,,par_async,16,0,unsat,1.305776,0.058020,0.509870,0.434890,0.075780,0.000000,0.028560,
demo.76.ground.smt2,,par_async,32,0,unsat,1.667024,0.057500,0.800230,0.491520,0.073650,0.000000,0.041420,
demo.76.ground.smt2,,par_async,64,0,unsat,1.337911,0.055610,0.457700,0.460570,0.085810,0.000000,0.089560,
demo.76.ground.smt2,,par_async,128,0,unsat,1.556820,0.055540,0.626400,0.472760,0.088520,0.000000,0.128440,
demo.76.ground.smt2,,par_async,144,0,unsat,1.391339,0.064100,0.448140,0.449700,0.092780,0.000000,0.149090,
demo.77.ground.smt2,,nelson_topo_iter,1,0,unsat,2.471045,0.161430,1.043080,0.775350,0.054130,0.000000,0.003010,
demo.77.ground.smt2,,nelson_simple,1,0,unsat,3.068895,0.175180,1.548600,0.854850,0.044650,0.000000,0.003190,
demo.77.ground.smt2,,par_async,1,0,unsat,3.111534,0.217560,1.500430,0.824460,0.129340,0.000000,0.001750,
demo.77.ground.smt2,,par_async,2,0,unsat,2.415768,0.160730,0.939930,0.759080,0.112760,0.000000,0.002320,
demo.77.ground.smt2,,par_async,4,0,unsat,3.068140,0.236030,1.486630,0.814820,0.088780,0.000000,0.005000,
demo.77.ground.smt2,,par_async,8,0,unsat,2.456391,0.162540,0.975230,0.777360,0.083410,0.000000,0.011780,
demo.77.ground.smt2,,par_async,16,0,unsat,3.106076,0.245860,1.472830,0.816660,0.069850,0.000000,0.029220,
demo.77.ground.smt2,,par_async,32,0,unsat,2.573892,0.162060,1.081510,0.773940,0.066310,0.000000,0.046670,
demo.77.ground.smt2,,par_async,64,0,unsat,2.680265,0.160240,1.065080,0.830820,0.085550,0.000000,0.105930,
demo.77.ground.smt2,,par_async,128,0,unsat,3.283117,0.165190,1.518280,0.954190,0.085780,0.000000,0.148770,
demo.77.ground.smt2,,par_async,144,0,unsat,3.158268,0.164300,1.053580,1.254240,0.102930,0.000000,0.151640,
demo.9.ground.smt2,,nelson_topo_iter,1,0,unsat,1.024162,0.046450,0.368360,0.417990,0.030370,0.000000,0.003460,
demo.9.ground.smt2,,nelson_simple,1,0,unsat,1.085561,0.046980,0.402690,0.440870,0.029490,0.000000,0.003650,
demo.9.ground.smt2,,par_async,1,0,unsat,1.506535,0.051610,0.673010,0.467510,0.155140,0.000000,0.001960,
demo.9.ground.smt2,,par_async,2,0,unsat,1.460183,0.051040,0.666020,0.465270,0.114260,0.000000,0.002540,
demo.9.ground.smt2,,par_async,4,0,unsat,1.283322,0.050500,0.550160,0.417500,0.099850,0.000000,0.004900,
demo.9.ground.smt2,,par_async,8,0,unsat,1.033334,0.050900,0.368150,0.375290,0.075520,0.000000,0.009700,
demo.9.ground.smt2,,par_async,16,0,unsat,1.078319,0.047600,0.412500,0.371950,0.061870,0.000000,0.025240,
demo.9.ground.smt2,,par_async,32,0,unsat,1.065739,0.047930,0.390830,0.368390,0.059710,0.000000,0.035870,
demo.9.ground.smt2,,par_async,64,0,unsat,1.480463,0.048960,0.457470,0.608400,0.120400,0.000000,0.092630,
demo.9.ground.smt2,,par_async,128,0,unsat,1.489456,0.050860,0.472230,0.600930,0.094840,0.000000,0.111540,
demo.9.ground.smt2,,par_async,144,0,unsat,1.266821,0.049860,0.418110,0.448130,0.086240,0.000000,0.106560,
graphics-fidget-colonnade.1.ground.smt2,,nelson_topo_iter,1,0,unsat,1.137451,0.057390,0.429310,0.387530,0.040560,0.000000,0.002170,
graphics-fidget-colonnade.1.ground.smt2,,nelson_simple,1,0,unsat,1.195463,0.055860,0.461110,0.432190,0.028840,0.000000,0.002160,
graphics-fidget-colonnade.1.ground.smt2,,par_async,1,0,unsat,1.670710,0.056370,0.793640,0.506160,0.088440,0.000000,0.001620,
graphics-fidget-colonnade.1.ground.smt2,,par_async,2,0,unsat,1.117211,0.058110,0.415700,0.374610,0.055100,0.000000,0.001630,
graphics-fidget-colonnade.1.ground.smt2,,par_async,4,0,unsat,1.232659,0.054550,0.498630,0.416720,0.047640,0.000000,0.003720,
graphics-fidget-colonnade.1.ground.smt2,,par_async,8,0,unsat,1.603884,0.050380,0.778830,0.497770,0.047350,0.000000,0.009020,
graphics-fidget-colonnade.1.ground.smt2,,par_async,16,0,unsat,1.172959,0.058590,0.458280,0.385820,0.036240,0.000000,0.018620,
graphics-fidget-colonnade.1.ground.smt2,,par_async,32,0,unsat,1.252567,0.056470,0.486180,0.424120,0.038810,0.000000,0.030420,
graphics-fidget-colonnade.1.ground.smt2,,par_async,64,0,unsat,1.873734,0.063990,0.809250,0.650120,0.065810,0.000000,0.070710,
graphics-fidget-colonnade.1.ground.smt2,,par_async,128,0,unsat,1.606373,0.056450,0.522740,0.658410,0.055480,0.000000,0.106960,
graphics-fidget-colonnade.1.ground.smt2,,par_async,144,0,unsat,1.506343,0.057070,0.617530,0.462260,0.053990,0.000000,0.107930,
graphics-fidget-gyroid-sphere.0.ground.smt2,,nelson_topo_iter,1,0,unsat,2.197764,0.106580,0.972730,0.713870,0.042070,0.000000,0.002970,
graphics-fidget-gyroid-sphere.0.ground.smt2,,nelson_simple,1,0,unsat,1.947327,0.097780,0.791400,0.636320,0.060150,0.000000,0.003030,
graphics-fidget-gyroid-sphere.0.ground.smt2,,par_async,1,0,unsat,1.939759,0.099260,0.679980,0.625110,0.164730,0.000000,0.001640,
graphics-fidget-gyroid-sphere.0.ground.smt2,,par_async,2,0,unsat,1.892832,0.099280,0.688950,0.614810,0.130720,0.000000,0.002370,
graphics-fidget-gyroid-sphere.0.ground.smt2,,par_async,4,0,unsat,2.536233,0.118600,1.191960,0.744590,0.116090,0.000000,0.005000,
graphics-fidget-gyroid-sphere.0.ground.smt2,,par_async,8,0,unsat,2.504664,0.121520,1.183650,0.741720,0.095410,0.000000,0.009790,
graphics-fidget-gyroid-sphere.0.ground.smt2,,par_async,16,0,unsat,2.506828,0.127980,1.174460,0.745190,0.087210,0.000000,0.021690,
graphics-fidget-gyroid-sphere.0.ground.smt2,,par_async,32,0,unsat,2.541767,0.133100,1.170680,0.743980,0.089770,0.000000,0.037080,
graphics-fidget-gyroid-sphere.0.ground.smt2,,par_async,64,0,unsat,1.987571,0.093450,0.686740,0.660060,0.101160,0.000000,0.091210,
graphics-fidget-gyroid-sphere.0.ground.smt2,,par_async,128,0,unsat,2.355080,0.093960,0.714210,0.940000,0.115120,0.000000,0.124210,
graphics-fidget-gyroid-sphere.0.ground.smt2,,par_async,144,0,unsat,2.709270,0.096470,1.206270,0.810810,0.107500,0.000000,0.129610,
graphics-fidget-gyroid-sphere.1.ground.smt2,,nelson_topo_iter,1,0,unsat,1.523633,0.086580,0.562270,0.534040,0.055920,0.000000,0.003020,
graphics-fidget-gyroid-sphere.1.ground.smt2,,nelson_simple,1,0,unsat,1.525890,0.089790,0.557990,0.544580,0.043680,0.000000,0.003200,
graphics-fidget-gyroid-sphere.1.ground.smt2,,par_async,1,0,unsat,1.667567,0.084180,0.656200,0.549340,0.098640,0.000000,0.001620,
graphics-fidget-gyroid-sphere.1.ground.smt2,,par_async,2,0,unsat,1.507036,0.071080,0.557170,0.519740,0.079990,0.000000,0.002140,
graphics-fidget-gyroid-sphere.1.ground.smt2,,par_async,4,0,unsat,1.908614,0.081250,0.823500,0.625100,0.085390,0.000000,0.004950,
graphics-fidget-gyroid-sphere.1.ground.smt2,,par_async,8,0,unsat,1.633722,0.081140,0.651700,0.539360,0.064950,0.000000,0.011780,
graphics-fidget-gyroid-sphere.1.ground.smt2,,par_async,16,0,unsat,2.039246,0.082530,0.882060,0.636790,0.070560,0.000000,0.034590,
graphics-fidget-gyroid-sphere.1.ground.smt2,,par_async,32,0,unsat,2.154926,0.082120,1.049320,0.626690,0.060460,0.000000,0.033660,
graphics-fidget-gyroid-sphere.1.ground.smt2,,par_async,64,0,unsat,1.711265,0.080990,0.586110,0.573110,0.072440,0.000000,0.088200,
graphics-fidget-gyroid-sphere.1.ground.smt2,,par_async,128,0,unsat,1.962567,0.084980,0.766260,0.627060,0.076620,0.000000,0.130190,
graphics-fidget-gyroid-sphere.1.ground.smt2,,par_async,144,0,unsat,1.880990,0.082730,0.672730,0.630280,0.072230,0.000000,0.145470,
graphics-fidget-gyroid-sphere.3.ground.smt2,,nelson_topo_iter,1,0,unsat,1.578535,0.077830,0.591500,0.566690,0.066330,0.000000,0.003240,
graphics-fidget-gyroid-sphere.3.ground.smt2,,nelson_simple,1,0,unsat,1.579439,0.078110,0.604520,0.554320,0.062980,0.000000,0.003560,
graphics-fidget-gyroid-sphere.3.ground.smt2,,par_async,1,0,unsat,1.632459,0.078560,0.630520,0.515140,0.132450,0.000000,0.001670,
graphics-fidget-gyroid-sphere.3.ground.smt2,,par_async,2,0,unsat,2.105645,0.078410,0.981300,0.628210,0.129170,0.000000,0.003330,
graphics-fidget-gyroid-sphere.3.ground.smt2,,par_async,4,0,unsat,1.547359,0.081070,0.554500,0.539050,0.087050,0.000000,0.004730,
graphics-fidget-gyroid-sphere.3.ground.smt2,,par_async,8,0,unsat,1.490610,0.076100,0.532180,0.521990,0.073370,0.000000,0.011310,
graphics-fidget-gyroid-sphere.3.ground.smt2,,par_async,16,0,unsat,1.545090,0.076220,0.555900,0.519760,0.063950,0.000000,0.028130,
graphics-fidget-gyroid-sphere.3.ground.smt2,,par_async,32,0,unsat,1.533666,0.077420,0.539140,0.520840,0.060900,0.000000,0.039010,
graphics-fidget-gyroid-sphere.3.ground.smt2,,par_async,64,0,unsat,1.722243,0.080330,0.610530,0.585750,0.079490,0.000000,0.100750,
graphics-fidget-gyroid-sphere.3.ground.smt2,,par_async,128,0,unsat,1.932058,0.077260,0.745570,0.623400,0.083210,0.000000,0.132900,
graphics-fidget-gyroid-sphere.3.ground.smt2,,par_async,144,0,unsat,2.079053,0.086140,0.879810,0.618450,0.085380,0.000000,0.143050,
graphics-fidget-gyroid-sphere.4.ground.smt2,,nelson_topo_iter,1,0,unsat,2.194096,0.097970,0.958060,0.736450,0.039460,0.000000,0.003050,
graphics-fidget-gyroid-sphere.4.ground.smt2,,nelson_simple,1,0,unsat,1.853564,0.097700,0.691110,0.642580,0.062340,0.000000,0.002970,
graphics-fidget-gyroid-sphere.4.ground.smt2,,par_async,1,0,unsat,2.578251,0.104080,1.206130,0.741480,0.174180,0.000000,0.001640,
graphics-fidget-gyroid-sphere.4.ground.smt2,,par_async,2,0,unsat,2.553268,0.134970,1.166530,0.741990,0.146390,0.000000,0.004440,
graphics-fidget-gyroid-sphere.4.ground.smt2,,par_async,4,0,unsat,1.871913,0.097040,0.680250,0.617020,0.111720,0.000000,0.004700,
graphics-fidget-gyroid-sphere.4.ground.smt2,,par_async,8,0,unsat,2.511222,0.098480,1.208310,0.734450,0.105440,0.000000,0.011240,
graphics-fidget-gyroid-sphere.4.ground.smt2,,par_async,16,0,unsat,2.574939,0.098840,1.207830,0.739690,0.094170,0.000000,0.026810,
graphics-fidget-gyroid-sphere.4.ground.smt2,,par_async,32,0,unsat,2.536220,0.141460,1.154760,0.754100,0.086880,0.000000,0.044870,
graphics-fidget-gyroid-sphere.4.ground.smt2,,par_async,64,0,unsat,2.362678,0.096580,0.690450,1.011120,0.119120,0.000000,0.087510,
graphics-fidget-gyroid-sphere.4.ground.smt2,,par_async,128,0,unsat,2.653164,0.101360,1.204680,0.768350,0.107730,0.000000,0.123120,
graphics-fidget-gyroid-sphere.4.ground.smt2,,par_async,144,0,unsat,2.493071,0.099710,0.724750,1.050450,0.125650,0.000000,0.140460,
graphics-fidget-gyroid-sphere.5.ground.smt2,,nelson_topo_iter,1,0,unsat,1.629729,0.083230,0.586820,0.587070,0.072770,0.000000,0.004100,
graphics-fidget-gyroid-sphere.5.ground.smt2,,nelson_simple,1,0,unsat,1.619685,0.082480,0.648680,0.560340,0.042130,0.000000,0.003120,
graphics-fidget-gyroid-sphere.5.ground.smt2,,par_async,1,0,unsat,1.646808,0.073410,0.661790,0.519980,0.096550,0.000000,0.001660,
graphics-fidget-gyroid-sphere.5.ground.smt2,,par_async,2,0,unsat,2.174639,0.087690,1.054890,0.623350,0.106000,0.000000,0.002900,
graphics-fidget-gyroid-sphere.5.ground.smt2,,par_async,4,0,unsat,1.642337,0.082880,0.637090,0.548590,0.071300,0.000000,0.004400,
graphics-fidget-gyroid-sphere.5.ground.smt2,,par_async,8,0,unsat,1.832858,0.079860,0.744200,0.626660,0.074870,0.000000,0.011620,
graphics-fidget-gyroid-sphere.5.ground.smt2,,par_async,16,0,unsat,1.606111,0.083480,0.567050,0.528520,0.056470,0.000000,0.024370,
graphics-fidget-gyroid-sphere.5.ground.smt2,,par_async,32,0,unsat,1.718476,0.091410,0.677580,0.551550,0.055440,0.000000,0.044580,
graphics-fidget-gyroid-sphere.5.ground.smt2,,par_async,64,0,unsat,2.441128,0.082370,0.926880,0.878990,0.084050,0.000000,0.082740,
graphics-fidget-gyroid-sphere.5.ground.smt2,,par_async,128,0,unsat,2.500776,0.087610,1.000160,0.909020,0.087400,0.000000,0.135610,
graphics-fidget-gyroid-sphere.5.ground.smt2,,par_async,144,0,unsat,2.290040,0.088340,0.869700,0.833130,0.089800,0.000000,0.127780,
graphics-fidget-hi.0.ground.smt2,,nelson_topo_iter,1,0,unsat,0.923190,0.056420,0.331510,0.344240,0.039810,0.000000,0.002520,
graphics-fidget-hi.0.ground.smt2,,nelson_simple,1,0,unsat,0.868286,0.052290,0.321040,0.302930,0.036860,0.000000,0.001940,
graphics-fidget-hi.0.ground.smt2,,par_async,1,0,unsat,1.388931,0.049250,0.635460,0.421430,0.128400,0.000000,0.001420,
graphics-fidget-hi.0.ground.smt2,,par_async,2,0,unsat,1.065935,0.049000,0.392190,0.370370,0.098930,0.000000,0.001990,
graphics-fidget-hi.0.ground.smt2,,par_async,4,0,unsat,1.234867,0.052410,0.555930,0.376500,0.089290,0.000000,0.003500,
graphics-fidget-hi.0.ground.smt2,,par_async,8,0,unsat,0.937532,0.054830,0.323220,0.334060,0.066540,0.000000,0.007080,
graphics-fidget-hi.0.ground.smt2,,par_async,16,0,unsat,0.977975,0.052620,0.360900,0.325040,0.060690,0.000000,0.018030,
graphics-fidget-hi.0.ground.smt2,,par_async,32,0,unsat,0.875678,0.050600,0.309760,0.286940,0.054200,0.000000,0.025630,
graphics-fidget-hi.0.ground.smt2,,par_async,64,0,unsat,1.378099,0.051700,0.615490,0.433060,0.074760,0.000000,0.058860,
graphics-fidget-hi.0.ground.smt2,,par_async,128,0,unsat,1.074760,0.052130,0.369700,0.346910,0.071160,0.000000,0.092930,
graphics-fidget-hi.0.ground.smt2,,par_async,144,0,unsat,1.136993,0.048630,0.367230,0.409480,0.077530,0.000000,0.092350,
graphics-fidget-prospero.0.ground.smt2,,nelson_topo_iter,1,0,unsat,1.260343,0.080380,0.450790,0.468810,0.036390,0.000000,0.003120,
graphics-fidget-prospero.0.ground.smt2,,nelson_simple,1,0,unsat,1.512629,0.083150,0.572620,0.573010,0.049950,0.000000,0.004520,
graphics-fidget-prospero.0.ground.smt2,,par_async,1,0,unsat,1.669324,0.085190,0.618540,0.544950,0.191170,0.000000,0.002330,
graphics-fidget-prospero.0.ground.smt2,,par_async,2,0,unsat,1.923792,0.104800,0.902460,0.553990,0.134130,0.000000,0.001370,
graphics-fidget-prospero.0.ground.smt2,,par_async,4,0,unsat,1.766636,0.082930,0.789810,0.564270,0.098670,0.000000,0.001280,
graphics-fidget-prospero.0.ground.smt2,,par_async,8,0,unsat,1.399523,0.085240,0.531120,0.488870,0.066510,0.000000,0.001570,
graphics-fidget-prospero.0.ground.smt2,,par_async,16,0,unsat,1.342494,0.083010,0.518350,0.459510,0.057230,0.000000,0.001740,
graphics-fidget-prospero.0.ground.smt2,,par_async,32,0,unsat,1.783669,0.082300,0.827070,0.557510,0.068250,0.000000,0.001870,
graphics-fidget-prospero.0.ground.smt2,,par_async,64,0,unsat,1.463540,0.084980,0.560060,0.505450,0.081880,0.000000,0.003020,
graphics-fidget-prospero.0.ground.smt2,,par_async,128,0,unsat,1.586058,0.081600,0.550400,0.611710,0.103670,0.000000,0.002840,
graphics-fidget-prospero.0.ground.smt2,,par_async,144,0,unsat,1.581827,0.084400,0.577960,0.589630,0.102830,0.000000,0.002890,
graphics-fidget-prospero.1.ground.smt2,,nelson_topo_iter,1,0,unsat,2.240220,0.162030,0.902740,0.750030,0.062530,0.000000,0.002460,
graphics-fidget-prospero.1.ground.smt2,,nelson_simple,1,0,unsat,1.899807,0.151590,0.696830,0.654390,0.031710,0.000000,0.002640,
graphics-fidget-prospero.1.ground.smt2,,par_async,1,0,unsat,2.592783,0.205090,1.178550,0.756480,0.094820,0.000000,0.001320,
graphics-fidget-prospero.1.ground.smt2,,par_async,2,0,unsat,1.908056,0.152420,0.686090,0.640330,0.067610,0.000000,0.001970,
graphics-fidget-prospero.1.ground.smt2,,par_async,4,0,unsat,2.577179,0.211280,1.199170,0.748830,0.049780,0.000000,0.003820,
graphics-fidget-prospero.1.ground.smt2,,par_async,8,0,unsat,1.894133,0.148210,0.687490,0.653920,0.036180,0.000000,0.008140,
graphics-fidget-prospero.1.ground.smt2,,par_async,16,0,unsat,2.532827,0.190200,1.186330,0.749180,0.028550,0.000000,0.020640,
graphics-fidget-prospero.1.ground.smt2,,par_async,32,0,unsat,2.551939,0.210530,1.172790,0.733980,0.031590,0.000000,0.038910,
graphics-fidget-prospero.1.ground.smt2,,par_async,64,0,unsat,2.014527,0.153900,0.695730,0.699780,0.034230,0.000000,0.070280,
graphics-fidget-prospero.1.ground.smt2,,par_async,128,0,unsat,2.329527,0.137800,0.688280,0.935750,0.036890,0.000000,0.103890,
graphics-fidget-prospero.1.ground.smt2,,par_async,144,0,unsat,2.633429,0.161500,1.197950,0.772340,0.035640,0.000000,0.110680,
graphics-fidget-prospero.2.ground.smt2,,nelson_topo_iter,1,0,unsat,1.417408,0.082500,0.678570,0.432820,0.044430,0.000000,0.002520,
graphics-fidget-prospero.2.ground.smt2,,nelson_simple,1,0,unsat,1.423351,0.058480,0.705360,0.445500,0.029140,0.000000,0.002600,
graphics-fidget-prospero.2.ground.smt2,,par_async,1,0,unsat,1.329335,0.058380,0.567090,0.424990,0.096760,0.000000,0.001650,
graphics-fidget-prospero.2.ground.smt2,,par_async,2,0,unsat,1.025846,0.057580,0.381310,0.354270,0.061010,0.000000,0.001460,
graphics-fidget-prospero.2.ground.smt2,,par_async,4,0,unsat,1.028001,0.053460,0.396310,0.354990,0.048060,0.000000,0.002700,
graphics-fidget-prospero.2.ground.smt2,,par_async,8,0,unsat,1.056833,0.051740,0.402030,0.378620,0.042870,0.000000,0.007860,
graphics-fidget-prospero.2.ground.smt2,,par_async,16,0,unsat,1.119463,0.063260,0.430440,0.384570,0.039890,0.000000,0.021690,
graphics-fidget-prospero.2.ground.smt2,,par_async,32,0,unsat,1.450827,0.055840,0.676190,0.451160,0.041680,0.000000,0.025770,
graphics-fidget-prospero.2.ground.smt2,,par_async,64,0,unsat,1.206953,0.054650,0.468750,0.398900,0.044470,0.000000,0.066350,
graphics-fidget-prospero.2.ground.smt2,,par_async,128,0,unsat,1.145904,0.053770,0.357230,0.431410,0.050080,0.000000,0.087850,
graphics-fidget-prospero.2.ground.smt2,,par_async,144,0,unsat,1.128730,0.057120,0.409150,0.378890,0.041930,0.000000,0.081960,
graphics-fidget-prospero.3.ground.smt2,,nelson_topo_iter,1,0,unsat,1.039031,0.061210,0.418670,0.351480,0.033900,0.000000,0.001860,
graphics-fidget-prospero.3.ground.smt2,,nelson_simple,1,0,unsat,1.391416,0.054820,0.660110,0.465340,0.030310,0.000000,0.002570,
graphics-fidget-prospero.3.ground.smt2,,par_async,1,0,unsat,1.028282,0.056750,0.382910,0.354790,0.062300,0.000000,0.001060,
graphics-fidget-prospero.3.ground.smt2,,par_async,2,0,unsat,1.184778,0.055380,0.493280,0.399550,0.059780,0.000000,0.001960,
graphics-fidget-prospero.3.ground.smt2,,par_async,4,0,unsat,1.413461,0.068720,0.688380,0.423290,0.052160,0.000000,0.003460,
graphics-fidget-prospero.3.ground.smt2,,par_async,8,0,unsat,1.401629,0.055470,0.672000,0.446230,0.042660,0.000000,0.008630,
graphics-fidget-prospero.3.ground.smt2,,par_async,16,0,unsat,1.151646,0.056930,0.459910,0.380370,0.038610,0.000000,0.021020,
graphics-fidget-prospero.3.ground.smt2,,par_async,32,0,unsat,1.435435,0.057570,0.692770,0.434490,0.040330,0.000000,0.030800,
graphics-fidget-prospero.3.ground.smt2,,par_async,64,0,unsat,1.326129,0.055590,0.565470,0.419890,0.047670,0.000000,0.061500,
graphics-fidget-prospero.3.ground.smt2,,par_async,128,0,unsat,1.117272,0.056880,0.409540,0.358830,0.040990,0.000000,0.088390,
graphics-fidget-prospero.3.ground.smt2,,par_async,144,0,unsat,1.196488,0.060470,0.411250,0.426070,0.047170,0.000000,0.090460,
graphics-fidget-prospero.4.ground.smt2,,nelson_topo_iter,1,0,unsat,0.924784,0.057970,0.345690,0.313920,0.034090,0.000000,0.001870,
graphics-fidget-prospero.4.ground.smt2,,nelson_simple,1,0,unsat,1.397710,0.056670,0.691470,0.443380,0.029200,0.000000,0.002580,
graphics-fidget-prospero.4.ground.smt2,,par_async,1,0,unsat,1.319464,0.057420,0.569480,0.416020,0.095040,0.000000,0.001620,
graphics-fidget-prospero.4.ground.smt2,,par_async,2,0,unsat,1.027193,0.057900,0.382130,0.354870,0.060470,0.000000,0.001450,
graphics-fidget-prospero.4.ground.smt2,,par_async,4,0,unsat,1.047989,0.056230,0.419870,0.354580,0.042950,0.000000,0.003100,
graphics-fidget-prospero.4.ground.smt2,,par_async,8,0,unsat,1.035683,0.053370,0.422370,0.345220,0.037580,0.000000,0.007250,
graphics-fidget-prospero.4.ground.smt2,,par_async,16,0,unsat,0.998965,0.050890,0.373230,0.348210,0.033730,0.000000,0.017760,
graphics-fidget-prospero.4.ground.smt2,,par_async,32,0,unsat,1.009805,0.049430,0.363610,0.358850,0.033220,0.000000,0.029870,
graphics-fidget-prospero.4.ground.smt2,,par_async,64,0,unsat,1.162798,0.055320,0.429820,0.400790,0.046530,0.000000,0.055790,
graphics-fidget-prospero.4.ground.smt2,,par_async,128,0,unsat,1.379583,0.055000,0.419240,0.595730,0.056480,0.000000,0.080960,
graphics-fidget-prospero.4.ground.smt2,,par_async,144,0,unsat,1.202942,0.056700,0.415860,0.428690,0.050160,0.000000,0.084460,
graphics-fidget-prospero.5.ground.smt2,,nelson_topo_iter,1,0,unsat,0.933099,0.058680,0.346620,0.316710,0.034600,0.000000,0.001940,
graphics-fidget-prospero.5.ground.smt2,,nelson_simple,1,0,unsat,1.414991,0.071730,0.687530,0.440700,0.029880,0.000000,0.002610,
graphics-fidget-prospero.5.ground.smt2,,par_async,1,0,unsat,1.434523,0.055970,0.668510,0.451680,0.082050,0.000000,0.001430,
graphics-fidget-prospero.5.ground.smt2,,par_async,2,0,unsat,1.176821,0.056560,0.480360,0.398640,0.063210,0.000000,0.001810,
graphics-fidget-prospero.5.ground.smt2,,par_async,4,0,unsat,1.417615,0.074580,0.702950,0.412530,0.050020,0.000000,0.003220,
graphics-fidget-prospero.5.ground.smt2,,par_async,8,0,unsat,1.406503,0.055630,0.686030,0.436340,0.045040,0.000000,0.007410,
graphics-fidget-prospero.5.ground.smt2,,par_async,16,0,unsat,1.242827,0.057250,0.539910,0.409540,0.041950,0.000000,0.017040,
graphics-fidget-prospero.5.ground.smt2,,par_async,32,0,unsat,1.006241,0.056690,0.367190,0.336820,0.035140,0.000000,0.033210,
graphics-fidget-prospero.5.ground.smt2,,par_async,64,0,unsat,1.036842,0.053130,0.368540,0.346400,0.039180,0.000000,0.058120,
graphics-fidget-prospero.5.ground.smt2,,par_async,128,0,unsat,1.092065,0.053590,0.358690,0.378800,0.042620,0.000000,0.094250,
graphics-fidget-prospero.5.ground.smt2,,par_async,144,0,unsat,1.127694,0.054500,0.393540,0.379830,0.043750,0.000000,0.099130,
graphics-lod.0.ground.smt2,,nelson_topo_iter,1,0,unsat,1.849968,0.110080,0.755370,0.586200,0.094400,0.000000,0.003170,
graphics-lod.0.ground.smt2,,nelson_simple,1,0,unsat,1.843589,0.108940,0.740490,0.614030,0.063100,0.000000,0.004430,
graphics-lod.0.ground.smt2,,par_async,1,0,unsat,1.747044,0.107400,0.640350,0.568350,0.137090,0.000000,0.001780,
graphics-lod.0.ground.smt2,,par_async,2,0,unsat,1.805791,0.097900,0.735600,0.565390,0.111110,0.000000,0.002140,
graphics-lod.0.ground.smt2,,par_async,4,0,unsat,1.864160,0.107100,0.777930,0.581520,0.096490,0.000000,0.004230,
graphics-lod.0.ground.smt2,,par_async,8,0,unsat,2.364087,0.112900,1.144640,0.685960,0.097170,0.000000,0.012190,
graphics-lod.0.ground.smt2,,par_async,16,0,unsat,2.193730,0.106410,0.961100,0.696530,0.087510,0.000000,0.033530,
graphics-lod.0.ground.smt2,,par_async,32,0,unsat,2.434369,0.161530,1.101550,0.719000,0.091990,0.000000,0.045280,
graphics-lod.0.ground.smt2,,par_async,64,0,unsat,2.412527,0.121400,1.136780,0.666870,0.081050,0.000000,0.103060,
graphics-lod.0.ground.smt2,,par_async,128,0,unsat,2.637332,0.107910,1.021300,0.951770,0.112790,0.000000,0.137510,
graphics-lod.0.ground.smt2,,par_async,144,0,unsat,2.460088,0.155990,1.032210,0.697610,0.093770,0.000000,0.170930,
graphics-lod.1.ground.smt2,,nelson_topo_iter,1,0,unsat,0.086282,0.006060,0.030720,0.027960,0.005200,0.000000,0.000470,
graphics-lod.1.ground.smt2,,nelson_simple,1,0,unsat,0.082267,0.006120,0.033360,0.027920,0.002320,0.000000,0.000320,
graphics-lod.1.ground.smt2,,par_async,1,0,unsat,0.080431,0.006050,0.031150,0.026140,0.004590,0.000000,0.000200,
graphics-lod.1.ground.smt2,,par_async,2,0,unsat,0.081431,0.006550,0.031870,0.026510,0.003760,0.000000,0.000250,
graphics-lod.1.ground.smt2,,par_async,4,0,unsat,0.078349,0.006300,0.030800,0.025660,0.002730,0.000000,0.000450,
graphics-lod.1.ground.smt2,,par_async,8,0,unsat,0.079552,0.006500,0.031480,0.025840,0.002230,0.000000,0.001080,
graphics-lod.1.ground.smt2,,par_async,16,0,unsat,0.077272,0.005280,0.030100,0.025310,0.001950,0.000000,0.002650,
graphics-lod.1.ground.smt2,,par_async,32,0,unsat,0.072094,0.002920,0.027860,0.024780,0.001880,0.000000,0.004060,
graphics-lod.1.ground.smt2,,par_async,64,0,unsat,0.099320,0.004220,0.030660,0.040550,0.003060,0.000000,0.008870,
graphics-lod.1.ground.smt2,,par_async,128,0,unsat,0.124868,0.004180,0.030460,0.059980,0.003030,0.000000,0.013120,
graphics-lod.1.ground.smt2,,par_async,144,0,unsat,0.129804,0.004530,0.030180,0.063770,0.003110,0.000000,0.014270,
graphics-lod.10.ground.smt2,,nelson_topo_iter,1,0,unsat,2.551196,0.175250,1.125800,0.773500,0.086070,0.000000,0.003190,
graphics-lod.10.ground.smt2,,nelson_simple,1,0,unsat,2.827342,0.248350,1.320320,0.815380,0.053410,0.000000,0.003240,
graphics-lod.10.ground.smt2,,par_async,1,0,unsat,2.624842,0.151840,1.162500,0.768990,0.148680,0.000000,0.001700,
graphics-lod.10.ground.smt2,,par_async,2,0,unsat,2.870445,0.215160,1.338930,0.807200,0.112200,0.000000,0.002120,
graphics-lod.10.ground.smt2,,par_async,4,0,unsat,2.771479,0.162010,1.257120,0.852610,0.100420,0.000000,0.004810,
graphics-lod.10.ground.smt2,,par_async,8,0,unsat,2.334443,0.159010,0.958810,0.725660,0.088610,0.000000,0.011750,
graphics-lod.10.ground.smt2,,par_async,16,0,unsat,2.983671,0.221760,1.350580,0.804980,0.073390,0.000000,0.031010,
graphics-lod.10.ground.smt2,,par_async,32,0,unsat,2.905638,0.215370,1.357430,0.814550,0.078260,0.000000,0.045520,
graphics-lod.10.ground.smt2,,par_async,64,0,unsat,2.797291,0.160520,1.205190,0.844580,0.097050,0.000000,0.109860,
graphics-lod.10.ground.smt2,,par_async,128,0,unsat,2.374221,0.149270,0.814790,0.784920,0.097720,0.000000,0.148260,
graphics-lod.10.ground.smt2,,par_async,144,0,unsat,3.039341,0.260460,1.311120,0.848110,0.096030,0.000000,0.145810,
graphics-lod.13.ground.smt2,,nelson_topo_iter,1,0,unsat,1.163555,0.055380,0.442840,0.430510,0.025150,0.000000,0.002950,
graphics-lod.13.ground.smt2,,nelson_simple,1,0,unsat,1.240208,0.051370,0.463740,0.485290,0.025230,0.000000,0.002940,
graphics-lod.13.ground.smt2,,par_async,1,0,unsat,1.819453,0.057940,0.842980,0.539750,0.163340,0.000000,0.002200,
graphics-lod.13.ground.smt2,,par_async,2,0,unsat,1.242839,0.056390,0.471670,0.410100,0.091680,0.000000,0.002120,
graphics-lod.13.ground.smt2,,par_async,4,0,unsat,1.750368,0.082610,0.832350,0.515490,0.100940,0.000000,0.005490,
graphics-lod.13.ground.smt2,,par_async,8,0,unsat,1.423046,0.059620,0.558940,0.498390,0.080500,0.000000,0.013010,
graphics-lod.13.ground.smt2,,par_async,16,0,unsat,1.293636,0.058870,0.478890,0.459680,0.066630,0.000000,0.023660,
graphics-lod.13.ground.smt2,,par_async,32,0,unsat,1.792592,0.065420,0.846260,0.532700,0.076820,0.000000,0.043110,
graphics-lod.13.ground.smt2,,par_async,64,0,unsat,1.548900,0.060920,0.555770,0.530820,0.084390,0.000000,0.103110,
graphics-lod.13.ground.smt2,,par_async,128,0,unsat,1.580362,0.058920,0.537650,0.555590,0.090070,0.000000,0.134720,
graphics-lod.13.ground.smt2,,par_async,144,0,unsat,1.498857,0.060220,0.539170,0.486000,0.078940,0.000000,0.130660,
graphics-lod.14.ground.smt2,,nelson_topo_iter,1,0,unsat,1.276964,0.056130,0.501140,0.477180,0.043350,0.000000,0.003800,
graphics-lod.14.ground.smt2,,nelson_simple,1,0,unsat,1.161202,0.061000,0.425980,0.450120,0.031090,0.000000,0.002690,
graphics-lod.14.ground.smt2,,par_async,1,0,unsat,1.493628,0.054570,0.589630,0.480090,0.172200,0.000000,0.002070,
graphics-lod.14.ground.smt2,,par_async,2,0,unsat,1.459717,0.057390,0.591250,0.478560,0.126580,0.000000,0.003330,
graphics-lod.14.ground.smt2,,par_async,4,0,unsat,1.351376,0.055640,0.533070,0.464430,0.096690,0.000000,0.004570,
graphics-lod.14.ground.smt2,,par_async,8,0,unsat,1.183854,0.056870,0.469760,0.386250,0.071830,0.000000,0.009040,
graphics-lod.14.ground.smt2,,par_async,16,0,unsat,1.430803,0.055530,0.595260,0.474390,0.081710,0.000000,0.027970,
graphics-lod.14.ground.smt2,,par_async,32,0,unsat,1.270898,0.055050,0.475130,0.441470,0.070410,0.000000,0.038790,
graphics-lod.14.ground.smt2,,par_async,64,0,unsat,1.255393,0.053040,0.425610,0.417890,0.078110,0.000000,0.088810,
graphics-lod.14.ground.smt2,,par_async,128,0,unsat,1.529096,0.055740,0.488460,0.573390,0.092930,0.000000,0.133320,
graphics-lod.14.ground.smt2,,par_async,144,0,unsat,1.596859,0.058010,0.437190,0.675760,0.104390,0.000000,0.132710,
graphics-lod.15.ground.smt2,,nelson_topo_iter,1,0,unsat,1.486436,0.082040,0.633120,0.492990,0.024120,0.000000,0.002840,
graphics-lod.15.ground.smt2,,nelson_simple,1,0,unsat,2.008167,0.088450,1.000240,0.621150,0.034580,0.000000,0.004030,
graphics-lod.15.ground.smt2,,par_async,1,0,unsat,2.104548,0.083370,0.996010,0.594400,0.166910,0.000000,0.002090,
graphics-lod.15.ground.smt2,,par_async,2,0,unsat,2.091136,0.127540,0.972300,0.593460,0.124940,0.000000,0.002640,
graphics-lod.15.ground.smt2,,par_async,4,0,unsat,1.459436,0.082160,0.536020,0.489360,0.085010,0.000000,0.004000,
graphics-lod.15.ground.smt2,,par_async,8,0,unsat,1.463329,0.081910,0.537050,0.497800,0.076920,0.000000,0.010680,
graphics-lod.15.ground.smt2,,par_async,16,0,unsat,1.444216,0.081080,0.523510,0.492610,0.068570,0.000000,0.024370,
graphics-lod.15.ground.smt2,,par_async,32,0,unsat,2.004971,0.099470,1.010310,0.522510,0.070800,0.000000,0.035080,
graphics-lod.15.ground.smt2,,par_async,64,0,unsat,2.044316,0.101700,0.985360,0.538280,0.077380,0.000000,0.085140,
graphics-lod.15.ground.smt2,,par_async,128,0,unsat,1.704819,0.083760,0.572930,0.586000,0.083080,0.000000,0.116230,
graphics-lod.15.ground.smt2,,par_async,144,0,unsat,1.813771,0.087460,0.633740,0.607430,0.084700,0.000000,0.140900,
graphics-lod.16.ground.smt2,,nelson_topo_iter,1,0,unsat,1.242874,0.060290,0.478520,0.429490,0.041460,0.000000,0.002300,
graphics-lod.16.ground.smt2,,nelson_simple,1,0,unsat,1.457174,0.059040,0.563620,0.525250,0.060640,0.000000,0.003290,
graphics-lod.16.ground.smt2,,par_async,1,0,unsat,1.389248,0.056610,0.500750,0.456150,0.136710,0.000000,0.001280,
graphics-lod.16.ground.smt2,,par_async,2,0,unsat,1.373632,0.060020,0.500630,0.470010,0.109160,0.000000,0.001840,
graphics-lod.16.ground.smt2,,par_async,4,0,unsat,1.805964,0.078510,0.868760,0.512420,0.102220,0.000000,0.003930,
graphics-lod.16.ground.smt2,,par_async,8,0,unsat,1.550302,0.059710,0.640600,0.495610,0.095260,0.000000,0.009810,
graphics-lod.16.ground.smt2,,par_async,16,0,unsat,1.744228,0.062910,0.779760,0.540320,0.088480,0.000000,0.023640,
graphics-lod.16.ground.smt2,,par_async,32,0,unsat,1.333955,0.060070,0.466540,0.452230,0.078800,0.000000,0.038510,
graphics-lod.16.ground.smt2,,par_async,64,0,unsat,1.840840,0.060270,0.834490,0.547140,0.098950,0.000000,0.067730,
graphics-lod.16.ground.smt2,,par_async,128,0,unsat,1.556390,0.061490,0.596910,0.488420,0.091610,0.000000,0.097990,
graphics-lod.16.ground.smt2,,par_async,144,0,unsat,1.682338,0.067840,0.680060,0.505930,0.097160,0.000000,0.106460,
graphics-lod.18.ground.smt2,,nelson_topo_iter,1,0,unsat,1.125864,0.083380,0.406810,0.401210,0.024250,0.000000,0.002540,
graphics-lod.18.ground.smt2,,nelson_simple,1,0,unsat,1.225903,0.077910,0.458000,0.454740,0.031740,0.000000,0.002600,
graphics-lod.18.ground.smt2,,par_async,1,0,unsat,1.766723,0.078300,0.810540,0.518640,0.149650,0.000000,0.001890,
graphics-lod.18.ground.smt2,,par_async,2,0,unsat,1.157740,0.074010,0.404820,0.386890,0.093000,0.000000,0.002050,
graphics-lod.18.ground.smt2,,par_async,4,0,unsat,1.405882,0.076970,0.560050,0.466540,0.089890,0.000000,0.003870,
graphics-lod.18.ground.smt2,,par_async,8,0,unsat,1.226347,0.072510,0.449560,0.431110,0.066570,0.000000,0.008720,
graphics-lod.18.ground.smt2,,par_async,16,0,unsat,1.766951,0.076010,0.824920,0.500330,0.070330,0.000000,0.025620,
graphics-lod.18.ground.smt2,,par_async,32,0,unsat,1.274382,0.084650,0.472910,0.431020,0.058260,0.000000,0.029160,
graphics-lod.18.ground.smt2,,par_async,64,0,unsat,1.975563,0.093510,0.813680,0.702170,0.086410,0.000000,0.079170,
graphics-lod.18.ground.smt2,,par_async,128,0,unsat,1.558048,0.078880,0.610660,0.503900,0.074580,0.000000,0.105680,
graphics-lod.18.ground.smt2,,par_async,144,0,unsat,1.719087,0.101450,0.696600,0.535780,0.084930,0.000000,0.105350,
graphics-lod.19.ground.smt2,,nelson_topo_iter,1,0,unsat,1.180417,0.056050,0.462680,0.438560,0.032710,0.000000,0.002710,
graphics-lod.19.ground.smt2,,nelson_simple,1,0,unsat,1.610940,0.060820,0.773300,0.532690,0.042690,0.000000,0.003710,
graphics-lod.19.ground.smt2,,par_async,1,0,unsat,1.128267,0.053290,0.379410,0.377640,0.125030,0.000000,0.001500,
graphics-lod.19.ground.smt2,,par_async,2,0,unsat,1.212577,0.054800,0.424010,0.441920,0.099960,0.000000,0.001870,
graphics-lod.19.ground.smt2,,par_async,4,0,unsat,1.322829,0.050000,0.585510,0.413210,0.079330,0.000000,0.004200,
graphics-lod.19.ground.smt2,,par_async,8,0,unsat,1.220543,0.053040,0.472920,0.422400,0.069730,0.000000,0.011860,
graphics-lod.19.ground.smt2,,par_async,16,0,unsat,1.586193,0.048020,0.746510,0.504060,0.070420,0.000000,0.021720,
graphics-lod.19.ground.smt2,,par_async,32,0,unsat,1.639071,0.071610,0.761210,0.484570,0.071660,0.000000,0.041160,
graphics-lod.19.ground.smt2,,par_async,64,0,unsat,1.322888,0.054980,0.469430,0.448220,0.077670,0.000000,0.086100,
graphics-lod.19.ground.smt2,,par_async,128,0,unsat,1.509275,0.056690,0.612750,0.453720,0.078800,0.000000,0.118490,
graphics-lod.19.ground.smt2,,par_async,144,0,unsat,1.483884,0.054450,0.578940,0.451320,0.080950,0.000000,0.134900,
graphics-lod.2.ground.smt2,,nelson_topo_iter,1,0,unsat,2.881920,0.233740,1.193840,0.890300,0.055060,0.000000,0.002700,
graphics-lod.2.ground.smt2,,nelson_simple,1,0,unsat,3.392754,0.233090,1.657620,0.943870,0.037700,0.000000,0.002840,
graphics-lod.2.ground.smt2,,par_async,1,0,unsat,2.906801,0.212300,1.218230,0.872870,0.097900,0.000000,0.001440,
graphics-lod.2.ground.smt2,,par_async,2,0,unsat,2.907019,0.224560,1.229080,0.868950,0.076120,0.000000,0.001800,
graphics-lod.2.ground.smt2,,par_async,4,0,unsat,2.816075,0.223110,1.128500,0.879140,0.069760,0.000000,0.003800,
graphics-lod.2.ground.smt2,,par_async,8,0,unsat,3.452567,0.245070,1.710930,0.920090,0.054270,0.000000,0.009800,
graphics-lod.2.ground.smt2,,par_async,16,0,unsat,3.382529,0.226330,1.618020,0.947570,0.048490,0.000000,0.022550,
graphics-lod.2.ground.smt2,,par_async,32,0,unsat,2.917944,0.222400,1.214690,0.886120,0.048530,0.000000,0.034540,
graphics-lod.2.ground.smt2,,par_async,64,0,unsat,3.026418,0.223710,1.218690,0.930350,0.066630,0.000000,0.075200,
graphics-lod.2.ground.smt2,,par_async,128,0,unsat,3.053162,0.222670,1.218530,0.948780,0.067170,0.000000,0.109510,
graphics-lod.2.ground.smt2,,par_async,144,0,unsat,3.180510,0.225300,1.243940,1.026280,0.064490,0.000000,0.122770,
graphics-lod.20.ground.smt2,,nelson_topo_iter,1,0,unsat,1.318747,0.050180,0.557460,0.495510,0.034930,0.000000,0.004190,
graphics-lod.20.ground.smt2,,nelson_simple,1,0,unsat,1.094147,0.057760,0.378800,0.443080,0.029830,0.000000,0.002790,
graphics-lod.20.ground.smt2,,par_async,1,0,unsat,1.358209,0.052830,0.440890,0.448070,0.233770,0.000000,0.002050,
graphics-lod.20.ground.smt2,,par_async,2,0,unsat,1.119874,0.050790,0.406230,0.351160,0.137240,0.000000,0.001810,
graphics-lod.20.ground.smt2,,par_async,4,0,unsat,1.194034,0.052250,0.451640,0.394070,0.114390,0.000000,0.004540,
graphics-lod.20.ground.smt2,,par_async,8,0,unsat,1.057270,0.049240,0.358150,0.363820,0.101160,0.000000,0.010780,
graphics-lod.20.ground.smt2,,par_async,16,0,unsat,1.077049,0.050490,0.342140,0.367890,0.091970,0.000000,0.027260,
graphics-lod.20.ground.smt2,,par_async,32,0,unsat,1.091030,0.052090,0.369290,0.366470,0.088860,0.000000,0.035440,
graphics-lod.20.ground.smt2,,par_async,64,0,unsat,1.286494,0.052740,0.431800,0.434720,0.108660,0.000000,0.089240,
graphics-lod.20.ground.smt2,,par_async,128,0,unsat,1.412721,0.058060,0.541780,0.422510,0.111010,0.000000,0.113370,
graphics-lod.20.ground.smt2,,par_async,144,0,unsat,1.390464,0.052970,0.457920,0.460350,0.111320,0.000000,0.143180,
graphics-lod.21.ground.smt2,,nelson_topo_iter,1,0,unsat,1.359770,0.059050,0.567580,0.449780,0.040120,0.000000,0.002290,
graphics-lod.21.ground.smt2,,nelson_simple,1,0,unsat,1.339235,0.060910,0.507420,0.481460,0.048130,0.000000,0.002360,
graphics-lod.21.ground.smt2,,par_async,1,0,unsat,1.900946,0.065950,0.877330,0.530330,0.185700,0.000000,0.001750,
graphics-lod.21.ground.smt2,,par_async,2,0,unsat,1.856408,0.061730,0.854530,0.550840,0.139610,0.000000,0.002340,
graphics-lod.21.ground.smt2,,par_async,4,0,unsat,1.375148,0.062070,0.526410,0.450380,0.095260,0.000000,0.003220,
graphics-lod.21.ground.smt2,,par_async,8,0,unsat,1.386869,0.059590,0.541890,0.462700,0.080450,0.000000,0.008320,
graphics-lod.21.ground.smt2,,par_async,16,0,unsat,1.829096,0.081110,0.869050,0.515570,0.087200,0.000000,0.022860,
graphics-lod.21.ground.smt2,,par_async,32,0,unsat,1.659512,0.060130,0.698720,0.533410,0.089740,0.000000,0.033840,
graphics-lod.21.ground.smt2,,par_async,64,0,unsat,1.828239,0.071700,0.869350,0.484690,0.081830,0.000000,0.072200,
graphics-lod.21.ground.smt2,,par_async,128,0,unsat,1.576530,0.059750,0.586270,0.512650,0.089690,0.000000,0.109110,
graphics-lod.21.ground.smt2,,par_async,144,0,unsat,1.578622,0.059310,0.586100,0.496970,0.096780,0.000000,0.112580,
graphics-lod.22.ground.smt2,,nelson_topo_iter,1,0,unsat,1.884901,0.088520,0.795210,0.657100,0.046900,0.000000,0.002720,
graphics-lod.22.ground.smt2,,nelson_simple,1,0,unsat,2.109478,0.083770,0.967290,0.678850,0.060440,0.000000,0.003850,
graphics-lod.22.ground.smt2,,par_async,1,0,unsat,2.255969,0.108410,1.043990,0.633000,0.164350,0.000000,0.002040,
graphics-lod.22.ground.smt2,,par_async,2,0,unsat,1.707370,0.085250,0.681580,0.535600,0.102210,0.000000,0.001930,
graphics-lod.22.ground.smt2,,par_async,4,0,unsat,2.212323,0.083060,1.077560,0.628330,0.103690,0.000000,0.004420,
graphics-lod.22.ground.smt2,,par_async,8,0,unsat,1.679376,0.083400,0.668580,0.547180,0.077840,0.000000,0.010850,
graphics-lod.22.ground.smt2,,par_async,16,0,unsat,1.999473,0.082080,0.866240,0.633920,0.080850,0.000000,0.022940,
graphics-lod.22.ground.smt2,,par_async,32,0,unsat,2.080029,0.085070,0.895350,0.668860,0.082270,0.000000,0.037290,
graphics-lod.22.ground.smt2,,par_async,64,0,unsat,2.164477,0.083000,1.049710,0.589990,0.077700,0.000000,0.080580,
graphics-lod.22.ground.smt2,,par_async,128,0,unsat,1.875740,0.085780,0.595580,0.687910,0.095900,0.000000,0.114380,
graphics-lod.22.ground.smt2,,par_async,144,0,unsat,2.406433,0.091370,0.868140,0.922870,0.095190,0.000000,0.125550,
graphics-lod.23.ground.smt2,,nelson_topo_iter,1,0,unsat,1.324201,0.052360,0.593360,0.462420,0.031050,0.000000,0.003550,
graphics-lod.23.ground.smt2,,nelson_simple,1,0,unsat,1.081188,0.052480,0.391540,0.427900,0.028600,0.000000,0.002340,
graphics-lod.23.ground.smt2,,par_async,1,0,unsat,1.300014,0.052100,0.482730,0.434850,0.142990,0.000000,0.001760,
graphics-lod.23.ground.smt2,,par_async,2,0,unsat,1.015284,0.051140,0.355400,0.343450,0.086260,0.000000,0.002130,
graphics-lod.23.ground.smt2,,par_async,4,0,unsat,1.136683,0.051940,0.424560,0.398660,0.083190,0.000000,0.003570,
graphics-lod.23.ground.smt2,,par_async,8,0,unsat,1.073337,0.049130,0.376060,0.395480,0.065470,0.000000,0.008570,
graphics-lod.23.ground.smt2,,par_async,16,0,unsat,1.080915,0.046690,0.398150,0.384440,0.056550,0.000000,0.020820,
graphics-lod.23.ground.smt2,,par_async,32,0,unsat,1.330937,0.051380,0.572000,0.425110,0.067340,0.000000,0.033530,
graphics-lod.23.ground.smt2,,par_async,64,0,unsat,1.161904,0.050690,0.422440,0.369300,0.069310,0.000000,0.075240,
graphics-lod.23.ground.smt2,,par_async,128,0,unsat,1.330041,0.052430,0.458560,0.463890,0.082050,0.000000,0.099510,
graphics-lod.23.ground.smt2,,par_async,144,0,unsat,1.232868,0.058520,0.409470,0.419100,0.073250,0.000000,0.106320,
graphics-lod.3.ground.smt2,,nelson_topo_iter,1,0,unsat,0.524890,0.022030,0.194980,0.202650,0.025300,0.000000,0.002150,
graphics-lod.3.ground.smt2,,nelson_simple,1,0,unsat,0.759148,0.020480,0.304000,0.316070,0.026520,0.000000,0.002690,
graphics-lod.3.ground.smt2,,par_async,1,0,unsat,0.540217,0.019980,0.189510,0.194730,0.058670,0.000000,0.001150,
graphics-lod.3.ground.smt2,,par_async,2,0,unsat,0.516995,0.018480,0.189710,0.188080,0.045120,0.000000,0.001490,
graphics-lod.3.ground.smt2,,par_async,4,0,unsat,0.514155,0.019150,0.190410,0.187420,0.037170,0.000000,0.002600,
graphics-lod.3.ground.smt2,,par_async,8,0,unsat,0.454094,0.018990,0.150320,0.176440,0.030050,0.000000,0.005580,
graphics-lod.3.ground.smt2,,par_async,16,0,unsat,0.520927,0.019380,0.188370,0.193890,0.030300,0.000000,0.012680,
graphics-lod.3.ground.smt2,,par_async,32,0,unsat,0.478941,0.019810,0.148030,0.188760,0.026360,0.000000,0.021120,
graphics-lod.3.ground.smt2,,par_async,64,0,unsat,0.556133,0.018520,0.184140,0.202310,0.031330,0.000000,0.052390,
graphics-lod.3.ground.smt2,,par_async,128,0,unsat,0.575802,0.017970,0.185950,0.209870,0.029700,0.000000,0.061090,
graphics-lod.3.ground.smt2,,par_async,144,0,unsat,0.584028,0.017860,0.188410,0.205070,0.030250,0.000000,0.073460,
graphics-lod.4.ground.smt2,,nelson_topo_iter,1,0,unsat,2.825736,0.212830,1.254030,0.875500,0.058300,0.000000,0.002870,
graphics-lod.4.ground.smt2,,nelson_simple,1,0,unsat,2.626822,0.180590,1.166680,0.807860,0.044200,0.000000,0.002950,
graphics-lod.4.ground.smt2,,par_async,1,0,unsat,2.994367,0.219180,1.416710,0.826150,0.115380,0.000000,0.001620,
graphics-lod.4.ground.smt2,,par_async,2,0,unsat,2.977722,0.219500,1.422590,0.818000,0.092560,0.000000,0.002030,
graphics-lod.4.ground.smt2,,par_async,4,0,unsat,2.955247,0.194280,1.436950,0.826960,0.077210,0.000000,0.004660,
graphics-lod.4.ground.smt2,,par_async,8,0,unsat,2.884152,0.181750,1.346410,0.855500,0.067780,0.000000,0.010830,
graphics-lod.4.ground.smt2,,par_async,16,0,unsat,2.434723,0.181440,1.004030,0.744200,0.059620,0.000000,0.023350,
graphics-lod.4.ground.smt2,,par_async,32,0,unsat,2.449815,0.180490,0.988460,0.748840,0.060140,0.000000,0.042190,
graphics-lod.4.ground.smt2,,par_async,64,0,unsat,2.432827,0.179420,0.888610,0.784030,0.077910,0.000000,0.076830,
graphics-lod.4.ground.smt2,,par_async,128,0,unsat,2.448172,0.162600,0.864790,0.813830,0.075650,0.000000,0.121460,
graphics-lod.4.ground.smt2,,par_async,144,0,unsat,3.146399,0.274190,1.352240,0.893580,0.079980,0.000000,0.136100,
graphics-lod.5.ground.smt2,,nelson_topo_iter,1,0,unsat,2.510237,0.186200,1.011680,0.787600,0.078460,0.000000,0.002950,
graphics-lod.5.ground.smt2,,nelson_simple,1,0,unsat,2.483348,0.176530,1.022500,0.788570,0.045100,0.000000,0.003110,
graphics-lod.5.ground.smt2,,par_async,1,0,unsat,2.545388,0.182030,1.010600,0.774030,0.126350,0.000000,0.001630,
graphics-lod.5.ground.smt2,,par_async,2,0,unsat,2.506650,0.184320,1.002140,0.767720,0.101780,0.000000,0.002330,
graphics-lod.5.ground.smt2,,par_async,4,0,unsat,2.501746,0.177390,1.007900,0.773420,0.085560,0.000000,0.004790,
graphics-lod.5.ground.smt2,,par_async,8,0,unsat,2.516301,0.182130,1.017610,0.784830,0.074760,0.000000,0.010540,
graphics-lod.5.ground.smt2,,par_async,16,0,unsat,2.562349,0.182340,1.012920,0.793330,0.066820,0.000000,0.026330,
graphics-lod.5.ground.smt2,,par_async,32,0,unsat,2.845816,0.187700,1.168590,0.923140,0.069210,0.000000,0.049000,
graphics-lod.5.ground.smt2,,par_async,64,0,unsat,2.610040,0.182700,0.896160,0.912450,0.072150,0.000000,0.088030,
graphics-lod.5.ground.smt2,,par_async,128,0,unsat,3.121673,0.184900,1.008280,1.267060,0.093190,0.000000,0.124920,
graphics-lod.5.ground.smt2,,par_async,144,0,unsat,3.135150,0.188070,1.459710,0.839910,0.078100,0.000000,0.135460,
graphics-lod.6.ground.smt2,,nelson_topo_iter,1,0,unsat,3.454309,0.349170,1.650060,0.899900,0.052320,0.000000,0.002630,
graphics-lod.6.ground.smt2,,nelson_simple,1,0,unsat,3.473164,0.304130,1.702670,0.903720,0.039090,0.000000,0.002790,
graphics-lod.6.ground.smt2,,par_async,1,0,unsat,3.530523,0.290830,1.724540,0.898460,0.104280,0.000000,0.001500,
graphics-lod.6.ground.smt2,,par_async,2,0,unsat,3.490045,0.307530,1.695370,0.888120,0.086090,0.000000,0.001860,
graphics-lod.6.ground.smt2,,par_async,4,0,unsat,3.491677,0.299830,1.700480,0.904120,0.069550,0.000000,0.004340,
graphics-lod.6.ground.smt2,,par_async,8,0,unsat,3.480292,0.299510,1.704410,0.902780,0.061050,0.000000,0.009880,
graphics-lod.6.ground.smt2,,par_async,16,0,unsat,3.493205,0.288780,1.720410,0.907190,0.053950,0.000000,0.020640,
graphics-lod.6.ground.smt2,,par_async,32,0,unsat,3.656412,0.285220,1.718590,1.049890,0.053410,0.000000,0.036070,
graphics-lod.6.ground.smt2,,par_async,64,0,unsat,3.122090,0.225220,1.119340,0.940010,0.066900,0.000000,0.080680,
graphics-lod.6.ground.smt2,,par_async,128,0,unsat,3.169643,0.224480,1.219380,1.052020,0.069650,0.000000,0.104260,
graphics-lod.6.ground.smt2,,par_async,144,0,unsat,3.708934,0.236310,1.658790,1.106100,0.076270,0.000000,0.121780,
graphics-lod.7.ground.smt2,,nelson_topo_iter,1,0,unsat,0.454242,0.022550,0.185560,0.154210,0.017100,0.000000,0.001450,
graphics-lod.7.ground.smt2,,nelson_simple,1,0,unsat,0.443394,0.020990,0.175670,0.155600,0.015940,0.000000,0.001420,
graphics-lod.7.ground.smt2,,par_async,1,0,unsat,0.418840,0.016190,0.144510,0.145980,0.041860,0.000000,0.000860,
graphics-lod.7.ground.smt2,,par_async,2,0,unsat,0.736153,0.021180,0.238660,0.306980,0.077990,0.000000,0.003380,
graphics-lod.7.ground.smt2,,par_async,4,0,unsat,0.457925,0.020810,0.147380,0.178110,0.031090,0.000000,0.002070,
graphics-lod.7.ground.smt2,,par_async,8,0,unsat,0.523134,0.019040,0.185280,0.203380,0.031200,0.000000,0.006310,
graphics-lod.7.ground.smt2,,par_async,16,0,unsat,0.469199,0.020160,0.145930,0.179780,0.024860,0.000000,0.012750,
graphics-lod.7.ground.smt2,,par_async,32,0,unsat,0.529002,0.019430,0.186100,0.178200,0.023760,0.000000,0.022820,
graphics-lod.7.ground.smt2,,par_async,64,0,unsat,0.544370,0.020240,0.184960,0.186760,0.026930,0.000000,0.052590,
graphics-lod.7.ground.smt2,,par_async,128,0,unsat,0.618756,0.019270,0.185210,0.234090,0.037330,0.000000,0.069980,
graphics-lod.7.ground.smt2,,par_async,144,0,unsat,0.583130,0.018990,0.183350,0.206570,0.031670,0.000000,0.072800,
graphics-lod.8.ground.smt2,,nelson_topo_iter,1,0,unsat,2.450750,0.159990,1.056370,0.779040,0.080920,0.000000,0.003210,
graphics-lod.8.ground.smt2,,nelson_simple,1,0,unsat,2.457040,0.162240,1.070750,0.785200,0.054670,0.000000,0.003420,
graphics-lod.8.ground.smt2,,par_async,1,0,unsat,2.270664,0.161070,0.904770,0.684860,0.139980,0.000000,0.001760,
graphics-lod.8.ground.smt2,,par_async,2,0,unsat,2.129702,0.159590,0.792010,0.685830,0.106750,0.000000,0.002340,
graphics-lod.8.ground.smt2,,par_async,4,0,unsat,2.257261,0.161960,0.911320,0.701410,0.095700,0.000000,0.003960,
graphics-lod.8.ground.smt2,,par_async,8,0,unsat,2.821137,0.195770,1.355620,0.794850,0.078280,0.000000,0.012210,
graphics-lod.8.ground.smt2,,par_async,16,0,unsat,2.279322,0.161550,0.931560,0.699020,0.069920,0.000000,0.030710,
graphics-lod.8.ground.smt2,,par_async,32,0,unsat,2.804520,0.255060,1.277310,0.776250,0.073650,0.000000,0.039800,
graphics-lod.8.ground.smt2,,par_async,64,0,unsat,2.841744,0.161240,1.229820,0.866260,0.083410,0.000000,0.092680,
graphics-lod.8.ground.smt2,,par_async,128,0,unsat,2.462387,0.161840,0.931080,0.773780,0.090060,0.000000,0.129160,
graphics-lod.8.ground.smt2,,par_async,144,0,unsat,2.606185,0.159990,0.932090,0.925100,0.091620,0.000000,0.133780,
graphics-lod.9.ground.smt2,,nelson_topo_iter,1,0,unsat,2.237812,0.170740,0.909730,0.708050,0.073600,0.000000,0.003190,
graphics-lod.9.ground.smt2,,nelson_simple,1,0,unsat,2.791605,0.245610,1.311970,0.799540,0.054690,0.000000,0.003300,
graphics-lod.9.ground.smt2,,par_async,1,0,unsat,2.301048,0.163240,0.913350,0.693770,0.142020,0.000000,0.001850,
graphics-lod.9.ground.smt2,,par_async,2,0,unsat,2.153070,0.163750,0.800950,0.688220,0.113570,0.000000,0.002600,
graphics-lod.9.ground.smt2,,par_async,4,0,unsat,2.260468,0.167360,0.910910,0.695030,0.099400,0.000000,0.005240,
graphics-lod.9.ground.smt2,,par_async,8,0,unsat,2.800307,0.234450,1.300850,0.788600,0.079660,0.000000,0.012500,
graphics-lod.9.ground.smt2,,par_async,16,0,unsat,2.479562,0.166320,1.051690,0.773090,0.071640,0.000000,0.026650,
graphics-lod.9.ground.smt2,,par_async,32,0,unsat,2.270644,0.163110,0.911630,0.703700,0.068020,0.000000,0.037190,
graphics-lod.9.ground.smt2,,par_async,64,0,unsat,2.279868,0.164710,0.796080,0.736880,0.084510,0.000000,0.102340,
graphics-lod.9.ground.smt2,,par_async,128,0,unsat,2.744100,0.166800,1.134840,0.831100,0.095800,0.000000,0.142960,
graphics-lod.9.ground.smt2,,par_async,144,0,unsat,2.354252,0.170070,0.796860,0.765400,0.092900,0.000000,0.158860,
graphics-log-transform.0.ground.smt2,,nelson_topo_iter,1,0,unsat,0.808924,0.044670,0.364350,0.244910,0.038630,0.000000,0.002690,
graphics-log-transform.0.ground.smt2,,nelson_simple,1,0,unsat,0.744642,0.041510,0.265360,0.286400,0.033230,0.000000,0.002760,
graphics-log-transform.0.ground.smt2,,par_async,1,0,unsat,1.173177,0.041510,0.535740,0.351750,0.120630,0.000000,0.002010,
graphics-log-transform.0.ground.smt2,,par_async,2,0,unsat,0.682346,0.038490,0.232970,0.241600,0.053750,0.000000,0.001520,
graphics-log-transform.0.ground.smt2,,par_async,4,0,unsat,0.867110,0.038940,0.330170,0.318020,0.059200,0.000000,0.003330,
graphics-log-transform.0.ground.smt2,,par_async,8,0,unsat,0.700036,0.036730,0.233970,0.265420,0.041170,0.000000,0.008210,
graphics-log-transform.0.ground.smt2,,par_async,16,0,unsat,0.890637,0.037060,0.332930,0.339790,0.044440,0.000000,0.018240,
graphics-log-transform.0.ground.smt2,,par_async,32,0,unsat,0.744121,0.039630,0.252270,0.273760,0.036980,0.000000,0.026900,
graphics-log-transform.0.ground.smt2,,par_async,64,0,unsat,0.803909,0.038720,0.279990,0.265490,0.042450,0.000000,0.065660,
graphics-log-transform.0.ground.smt2,,par_async,128,0,unsat,0.901724,0.040510,0.307010,0.298300,0.047370,0.000000,0.098190,
graphics-log-transform.0.ground.smt2,,par_async,144,0,unsat,0.892820,0.039440,0.285290,0.306960,0.044020,0.000000,0.092240,
graphics-log-transform.1.ground.smt2,,nelson_topo_iter,1,0,unsat,0.513033,0.026580,0.196260,0.190550,0.020090,0.000000,0.001760,
graphics-log-transform.1.ground.smt2,,nelson_simple,1,0,unsat,0.504208,0.026910,0.185800,0.192850,0.017730,0.000000,0.001770,
graphics-log-transform.1.ground.smt2,,par_async,1,0,unsat,0.526094,0.029740,0.174690,0.180530,0.061660,0.000000,0.001000,
graphics-log-transform.1.ground.smt2,,par_async,2,0,unsat,0.517045,0.026300,0.182640,0.181530,0.046730,0.000000,0.001220,
graphics-log-transform.1.ground.smt2,,par_async,4,0,unsat,0.526237,0.024220,0.196750,0.188070,0.036840,0.000000,0.002320,
graphics-log-transform.1.ground.smt2,,par_async,8,0,unsat,0.480852,0.024960,0.153820,0.185270,0.032890,0.000000,0.004630,
graphics-log-transform.1.ground.smt2,,par_async,16,0,unsat,0.478650,0.022650,0.152450,0.185190,0.028860,0.000000,0.011800,
graphics-log-transform.1.ground.smt2,,par_async,32,0,unsat,0.499839,0.023770,0.152530,0.190940,0.030280,0.000000,0.022470,
graphics-log-transform.1.ground.smt2,,par_async,64,0,unsat,0.591346,0.025400,0.193550,0.213900,0.034890,0.000000,0.042080,
graphics-log-transform.1.ground.smt2,,par_async,128,0,unsat,0.623213,0.025190,0.193030,0.234980,0.040420,0.000000,0.052930,
graphics-log-transform.1.ground.smt2,,par_async,144,0,unsat,0.644513,0.024900,0.208700,0.229610,0.036480,0.000000,0.069710,
graphics-log-transform.2.ground.smt2,,nelson_topo_iter,1,0,unsat,0.683707,0.043210,0.269480,0.225940,0.037400,0.000000,0.001960,
graphics-log-transform.2.ground.smt2,,nelson_simple,1,0,unsat,0.703037,0.038010,0.250830,0.272560,0.032410,0.000000,0.002670,
graphics-log-transform.2.ground.smt2,,par_async,1,0,unsat,0.643960,0.032950,0.221460,0.216750,0.067030,0.000000,0.001080,
graphics-log-transform.2.ground.smt2,,par_async,2,0,unsat,0.692216,0.039760,0.248410,0.242940,0.053870,0.000000,0.001510,
graphics-log-transform.2.ground.smt2,,par_async,4,0,unsat,0.675668,0.036540,0.223050,0.256670,0.049840,0.000000,0.003090,
graphics-log-transform.2.ground.smt2,,par_async,8,0,unsat,1.004160,0.034710,0.426860,0.349750,0.058960,0.000000,0.007430,
graphics-log-transform.2.ground.smt2,,par_async,16,0,unsat,1.056529,0.039940,0.492740,0.341910,0.052730,0.000000,0.018110,
graphics-log-transform.2.ground.smt2,,par_async,32,0,unsat,1.084868,0.051980,0.513020,0.330970,0.050570,0.000000,0.026530,
graphics-log-transform.2.ground.smt2,,par_async,64,0,unsat,0.787557,0.041280,0.272230,0.258700,0.044570,0.000000,0.063910,
graphics-log-transform.2.ground.smt2,,par_async,128,0,unsat,0.850110,0.040040,0.296710,0.277790,0.048630,0.000000,0.088770,
graphics-log-transform.2.ground.smt2,,par_async,144,0,unsat,0.871032,0.037480,0.278990,0.300760,0.049320,0.000000,0.095120,
graphics-log-transform.3.ground.smt2,,nelson_topo_iter,1,0,unsat,0.953593,0.048930,0.364890,0.326860,0.051640,0.000000,0.002590,
graphics-log-transform.3.ground.smt2,,nelson_simple,1,0,unsat,0.941165,0.047440,0.339220,0.339980,0.054490,0.000000,0.002510,
graphics-log-transform.3.ground.smt2,,par_async,1,0,unsat,1.543558,0.055990,0.671970,0.445980,0.212980,0.000000,0.001870,
graphics-log-transform.3.ground.smt2,,par_async,2,0,unsat,1.004525,0.049310,0.342200,0.328910,0.128690,0.000000,0.001800,
graphics-log-transform.3.ground.smt2,,par_async,4,0,unsat,1.037973,0.047890,0.398690,0.320510,0.110990,0.000000,0.004370,
graphics-log-transform.3.ground.smt2,,par_async,8,0,unsat,0.960546,0.044720,0.317130,0.332290,0.098550,0.000000,0.009360,
graphics-log-transform.3.ground.smt2,,par_async,16,0,unsat,1.044141,0.046960,0.386720,0.331540,0.092840,0.000000,0.028990,
graphics-log-transform.3.ground.smt2,,par_async,32,0,unsat,1.003386,0.045740,0.319740,0.336260,0.095370,0.000000,0.033130,
graphics-log-transform.3.ground.smt2,,par_async,64,0,unsat,1.082048,0.047870,0.310480,0.369200,0.104040,0.000000,0.082310,
graphics-log-transform.3.ground.smt2,,par_async,128,0,unsat,1.159594,0.049100,0.373050,0.380800,0.109220,0.000000,0.109240,
graphics-log-transform.3.ground.smt2,,par_async,144,0,unsat,1.231598,0.047010,0.407010,0.400400,0.117160,0.000000,0.118520,
graphics-log-transform.4.ground.smt2,,nelson_topo_iter,1,0,unsat,0.342577,0.014300,0.137930,0.119310,0.015130,0.000000,0.001080,
graphics-log-transform.4.ground.smt2,,nelson_simple,1,0,unsat,0.466642,0.013390,0.110470,0.227450,0.031720,0.000000,0.002670,
graphics-log-transform.4.ground.smt2,,par_async,1,0,unsat,0.522269,0.016980,0.128700,0.211120,0.082260,0.000000,0.001480,
graphics-log-transform.4.ground.smt2,,par_async,2,0,unsat,0.558672,0.018200,0.167100,0.227800,0.060560,0.000000,0.001630,
graphics-log-transform.4.ground.smt2,,par_async,4,0,unsat,0.597664,0.017700,0.213720,0.229740,0.050660,0.000000,0.002920,
graphics-log-transform.4.ground.smt2,,par_async,8,0,unsat,0.347006,0.017600,0.131640,0.114550,0.021550,0.000000,0.003930,
graphics-log-transform.4.ground.smt2,,par_async,16,0,unsat,0.322440,0.011960,0.108560,0.116610,0.019810,0.000000,0.011140,
graphics-log-transform.4.ground.smt2,,par_async,32,0,unsat,0.375123,0.013640,0.135230,0.133650,0.019940,0.000000,0.017420,
graphics-log-transform.4.ground.smt2,,par_async,64,0,unsat,0.436834,0.014780,0.138350,0.157420,0.025910,0.000000,0.037750,
graphics-log-transform.4.ground.smt2,,par_async,128,0,unsat,0.447830,0.013340,0.137880,0.168670,0.027770,0.000000,0.041900,
graphics-log-transform.4.ground.smt2,,par_async,144,0,unsat,0.536337,0.013610,0.205270,0.181170,0.029250,0.000000,0.052640,
graphics-log-transform.5.ground.smt2,,nelson_topo_iter,1,0,unsat,0.892988,0.041190,0.313770,0.330670,0.039070,0.000000,0.002450,
graphics-log-transform.5.ground.smt2,,nelson_simple,1,0,unsat,1.419602,0.045650,0.655370,0.481740,0.064430,0.000000,0.003290,
graphics-log-transform.5.ground.smt2,,par_async,1,0,unsat,1.365031,0.047330,0.475990,0.433180,0.234460,0.000000,0.001780,
graphics-log-transform.5.ground.smt2,,par_async,2,0,unsat,1.106922,0.048260,0.380470,0.371680,0.136920,0.000000,0.002010,
graphics-log-transform.5.ground.smt2,,par_async,4,0,unsat,1.152019,0.043050,0.417470,0.384130,0.134960,0.000000,0.004390,
graphics-log-transform.5.ground.smt2,,par_async,8,0,unsat,1.450535,0.044760,0.660730,0.448180,0.118000,0.000000,0.010320,
graphics-log-transform.5.ground.smt2,,par_async,16,0,unsat,1.374232,0.046040,0.581010,0.420630,0.117530,0.000000,0.024860,
graphics-log-transform.5.ground.smt2,,par_async,32,0,unsat,1.092835,0.044620,0.389540,0.363610,0.087810,0.000000,0.037890,
graphics-log-transform.5.ground.smt2,,par_async,64,0,unsat,1.282298,0.047250,0.462970,0.422170,0.118190,0.000000,0.067930,
graphics-log-transform.5.ground.smt2,,par_async,128,0,unsat,1.139941,0.045690,0.346270,0.361420,0.113510,0.000000,0.111490,
graphics-log-transform.5.ground.smt2,,par_async,144,0,unsat,1.264313,0.046320,0.405550,0.406480,0.129760,0.000000,0.116470,
graphics-pbrt.0.ground.smt2,,nelson_topo_iter,1,0,unsat,0.976657,0.059100,0.349320,0.344860,0.035140,0.000000,0.002290,
graphics-pbrt.0.ground.smt2,,nelson_simple,1,0,unsat,1.005810,0.054550,0.355920,0.356160,0.052870,0.000000,0.002370,
graphics-pbrt.0.ground.smt2,,par_async,1,0,unsat,1.098639,0.057300,0.365410,0.332850,0.158920,0.000000,0.001220,
graphics-pbrt.0.ground.smt2,,par_async,2,0,unsat,1.053475,0.053780,0.358390,0.331600,0.124460,0.000000,0.001860,
graphics-pbrt.0.ground.smt2,,par_async,4,0,unsat,1.159589,0.052070,0.378820,0.394070,0.129160,0.000000,0.004390,
graphics-pbrt.0.ground.smt2,,par_async,8,0,unsat,1.296136,0.052770,0.512200,0.417910,0.111920,0.000000,0.010320,
graphics-pbrt.0.ground.smt2,,par_async,16,0,unsat,1.201796,0.059560,0.461100,0.388250,0.089270,0.000000,0.019050,
graphics-pbrt.0.ground.smt2,,par_async,32,0,unsat,1.380346,0.058150,0.519570,0.412490,0.102240,0.000000,0.040630,
graphics-pbrt.0.ground.smt2,,par_async,64,0,unsat,1.269171,0.064470,0.447470,0.403280,0.102060,0.000000,0.073240,
graphics-pbrt.0.ground.smt2,,par_async,128,0,unsat,1.381458,0.059050,0.379860,0.535430,0.134080,0.000000,0.094330,
graphics-pbrt.0.ground.smt2,,par_async,144,0,unsat,1.382359,0.062200,0.455970,0.455660,0.125150,0.000000,0.111390,
graphics-pbrt.1.ground.smt2,,nelson_topo_iter,1,0,unsat,1.145641,0.059740,0.467470,0.391570,0.037870,0.000000,0.002480,
graphics-pbrt.1.ground.smt2,,nelson_simple,1,0,unsat,1.572236,0.056580,0.740520,0.496430,0.082920,0.000000,0.003500,
graphics-pbrt.1.ground.smt2,,par_async,1,0,unsat,1.231491,0.058140,0.460930,0.355530,0.174780,0.000000,0.001320,
graphics-pbrt.1.ground.smt2,,par_async,2,0,unsat,1.207104,0.060040,0.428960,0.392710,0.139790,0.000000,0.001910,
graphics-pbrt.1.ground.smt2,,par_async,4,0,unsat,1.576606,0.052390,0.721950,0.476750,0.135060,0.000000,0.004240,
graphics-pbrt.1.ground.smt2,,par_async,8,0,unsat,1.138761,0.057990,0.422540,0.357610,0.105820,0.000000,0.009370,
graphics-pbrt.1.ground.smt2,,par_async,16,0,unsat,1.194168,0.056820,0.414600,0.405710,0.099510,0.000000,0.029150,
graphics-pbrt.1.ground.smt2,,par_async,32,0,unsat,1.229163,0.053340,0.424190,0.412610,0.100410,0.000000,0.041410,
graphics-pbrt.1.ground.smt2,,par_async,64,0,unsat,1.224620,0.058910,0.395160,0.392640,0.116160,0.000000,0.077230,
graphics-pbrt.1.ground.smt2,,par_async,128,0,unsat,1.410861,0.057990,0.456320,0.490460,0.139050,0.000000,0.097550,
graphics-pbrt.1.ground.smt2,,par_async,144,0,unsat,1.331110,0.058880,0.431260,0.436730,0.119180,0.000000,0.110920,
graphics-pbrt.10.ground.smt2,,nelson_topo_iter,1,0,unsat,1.959956,0.103310,0.718260,0.729780,0.039240,0.000000,0.004500,
graphics-pbrt.10.ground.smt2,,nelson_simple,1,0,unsat,2.697973,0.177490,1.233820,0.844240,0.058900,0.000000,0.004920,
graphics-pbrt.10.ground.smt2,,par_async,1,0,unsat,2.261006,0.118720,0.841550,0.713900,0.211130,0.000000,0.002330,
graphics-pbrt.10.ground.smt2,,par_async,2,0,unsat,2.739049,0.155080,1.252700,0.819630,0.126810,0.000000,0.001790,
graphics-pbrt.10.ground.smt2,,par_async,4,0,unsat,2.124378,0.117570,0.841280,0.711760,0.075130,0.000000,0.001650,
graphics-pbrt.10.ground.smt2,,par_async,8,0,unsat,2.486298,0.120480,1.084130,0.836860,0.056830,0.000000,0.002360,
graphics-pbrt.10.ground.smt2,,par_async,16,0,unsat,2.351291,0.118010,1.013180,0.791160,0.037540,0.000000,0.002290,
graphics-pbrt.10.ground.smt2,,par_async,32,0,unsat,2.202278,0.114600,0.859840,0.709210,0.039700,0.000000,0.002400,
graphics-pbrt.10.ground.smt2,,par_async,64,0,unsat,2.555935,0.119530,1.261300,0.741050,0.054890,0.000000,0.003910,
graphics-pbrt.10.ground.smt2,,par_async,128,0,unsat,2.916422,0.128790,1.280120,1.032880,0.064530,0.000000,0.004140,
graphics-pbrt.10.ground.smt2,,par_async,144,0,unsat,2.617339,0.123620,1.169840,0.836640,0.075990,0.000000,0.004570,
graphics-pbrt.100.ground.smt2,,nelson_topo_iter,1,0,unsat,1.665604,0.065550,0.809430,0.525720,0.062550,0.000000,0.003990,
graphics-pbrt.100.ground.smt2,,nelson_simple,1,0,unsat,1.109684,0.065770,0.404810,0.411060,0.031560,0.000000,0.003020,
graphics-pbrt.100.ground.smt2,,par_async,1,0,unsat,1.314960,0.060200,0.475220,0.432400,0.150620,0.000000,0.001540,
graphics-pbrt.100.ground.smt2,,par_async,2,0,unsat,1.162409,0.051610,0.406590,0.389470,0.119550,0.000000,0.002410,
graphics-pbrt.100.ground.smt2,,par_async,4,0,unsat,1.296572,0.059320,0.506760,0.424520,0.102170,0.000000,0.004800,
graphics-pbrt.100.ground.smt2,,par_async,8,0,unsat,1.220727,0.077410,0.432090,0.415660,0.094330,0.000000,0.008120,
graphics-pbrt.100.ground.smt2,,par_async,16,0,unsat,1.238094,0.055380,0.444770,0.429780,0.082050,0.000000,0.029640,
graphics-pbrt.100.ground.smt2,,par_async,32,0,unsat,1.740400,0.068010,0.812740,0.510680,0.099190,0.000000,0.045590,
graphics-pbrt.100.ground.smt2,,par_async,64,0,unsat,1.392024,0.061050,0.506610,0.451820,0.094260,0.000000,0.088940,
graphics-pbrt.100.ground.smt2,,par_async,128,0,unsat,1.359200,0.057300,0.432560,0.469320,0.098460,0.000000,0.122030,
graphics-pbrt.100.ground.smt2,,par_async,144,0,unsat,1.456298,0.058390,0.533260,0.453590,0.100000,0.000000,0.121250,
graphics-pbrt.101.ground.smt2,,nelson_topo_iter,1,0,unsat,1.482105,0.082510,0.592910,0.502300,0.066270,0.000000,0.003150,
graphics-pbrt.101.ground.smt2,,nelson_simple,1,0,unsat,1.957172,0.079500,0.942000,0.627200,0.056910,0.000000,0.004450,
graphics-pbrt.101.ground.smt2,,par_async,1,0,unsat,1.988161,0.080970,0.848750,0.621390,0.175360,0.000000,0.002400,
graphics-pbrt.101.ground.smt2,,par_async,2,0,unsat,1.886334,0.080210,0.804340,0.606110,0.137580,0.000000,0.003510,
graphics-pbrt.101.ground.smt2,,par_async,4,0,unsat,1.540563,0.079850,0.619850,0.495800,0.093590,0.000000,0.005300,
graphics-pbrt.101.ground.smt2,,par_async,8,0,unsat,1.651711,0.076580,0.636720,0.574230,0.093150,0.000000,0.013200,
graphics-pbrt.101.ground.smt2,,par_async,16,0,unsat,1.991481,0.079010,0.957950,0.587920,0.081070,0.000000,0.037790,
graphics-pbrt.101.ground.smt2,,par_async,32,0,unsat,1.930536,0.077680,0.790040,0.581410,0.074660,0.000000,0.051980,
graphics-pbrt.101.ground.smt2,,par_async,64,0,unsat,1.958810,0.085150,0.850930,0.602050,0.079630,0.000000,0.094940,
graphics-pbrt.101.ground.smt2,,par_async,128,0,unsat,1.774779,0.072000,0.574240,0.646090,0.094820,0.000000,0.149360,
graphics-pbrt.101.ground.smt2,,par_async,144,0,unsat,1.637955,0.083770,0.487780,0.582360,0.086130,0.000000,0.157100,
graphics-pbrt.102.ground.smt2,,nelson_topo_iter,1,0,unsat,1.385140,0.071820,0.527390,0.510030,0.044750,0.000000,0.003300,
graphics-pbrt.102.ground.smt2,,nelson_simple,1,0,unsat,1.310691,0.080750,0.477630,0.477870,0.035670,0.000000,0.003510,
graphics-pbrt.102.ground.smt2,,par_async,1,0,unsat,2.069185,0.089610,0.922450,0.581470,0.236960,0.000000,0.002400,
graphics-pbrt.102.ground.smt2,,par_async,2,0,unsat,1.973743,0.115260,0.897350,0.563830,0.158720,0.000000,0.001730,
graphics-pbrt.102.ground.smt2,,par_async,4,0,unsat,1.880432,0.094470,0.864610,0.565610,0.120970,0.000000,0.001350,
graphics-pbrt.102.ground.smt2,,par_async,8,0,unsat,1.721840,0.081250,0.746880,0.568130,0.092570,0.000000,0.001780,
graphics-pbrt.102.ground.smt2,,par_async,16,0,unsat,1.386283,0.081580,0.518500,0.471880,0.070580,0.000000,0.001680,
graphics-pbrt.102.ground.smt2,,par_async,32,0,unsat,1.900866,0.079250,0.915620,0.577760,0.087930,0.000000,0.001760,
graphics-pbrt.102.ground.smt2,,par_async,64,0,unsat,1.623424,0.081320,0.673420,0.541520,0.093570,0.000000,0.002590,
graphics-pbrt.102.ground.smt2,,par_async,128,0,unsat,1.976549,0.103340,0.907100,0.614110,0.110120,0.000000,0.003030,
graphics-pbrt.102.ground.smt2,,par_async,144,0,unsat,1.887106,0.100450,0.890550,0.541420,0.116480,0.000000,0.003970,
graphics-pbrt.103.ground.smt2,,nelson_topo_iter,1,0,unsat,1.417745,0.063400,0.572920,0.509320,0.048080,0.000000,0.003660,
graphics-pbrt.103.ground.smt2,,nelson_simple,1,0,unsat,1.221667,0.054470,0.455330,0.450780,0.048550,0.000000,0.002700,
graphics-pbrt.103.ground.smt2,,par_async,1,0,unsat,1.842773,0.069080,0.792700,0.511040,0.258110,0.000000,0.002010,
graphics-pbrt.103.ground.smt2,,par_async,2,0,unsat,1.564892,0.057360,0.613390,0.485320,0.193540,0.000000,0.002350,
graphics-pbrt.103.ground.smt2,,par_async,4,0,unsat,1.515768,0.056130,0.627120,0.464230,0.153830,0.000000,0.004560,
graphics-pbrt.103.ground.smt2,,par_async,8,0,unsat,1.725209,0.055610,0.786000,0.520010,0.132950,0.000000,0.010690,
graphics-pbrt.103.ground.smt2,,par_async,16,0,unsat,1.366786,0.057750,0.506640,0.436690,0.103620,0.000000,0.025400,
graphics-pbrt.103.ground.smt2,,par_async,32,0,unsat,1.743068,0.077320,0.785990,0.498890,0.122410,0.000000,0.038130,
graphics-pbrt.103.ground.smt2,,par_async,64,0,unsat,1.434613,0.056740,0.486690,0.461630,0.122760,0.000000,0.090380,
graphics-pbrt.103.ground.smt2,,par_async,128,0,unsat,1.427706,0.056850,0.457980,0.467460,0.131160,0.000000,0.121100,
graphics-pbrt.103.ground.smt2,,par_async,144,0,unsat,1.327401,0.049750,0.388890,0.445170,0.127340,0.000000,0.123150,
graphics-pbrt.104.ground.smt2,,nelson_topo_iter,1,0,unsat,2.030297,0.102640,0.787980,0.705790,0.051980,0.000000,0.004280,
graphics-pbrt.104.ground.smt2,,nelson_simple,1,0,unsat,2.580590,0.120210,1.195300,0.829890,0.061390,0.000000,0.004560,
graphics-pbrt.104.ground.smt2,,par_async,1,0,unsat,2.108663,0.098760,0.701870,0.684590,0.250650,0.000000,0.002200,
graphics-pbrt.104.ground.smt2,,par_async,2,0,unsat,2.110351,0.099060,0.810370,0.670710,0.154070,0.000000,0.001690,
graphics-pbrt.104.ground.smt2,,par_async,4,0,unsat,2.052458,0.101370,0.799230,0.673830,0.100420,0.000000,0.001440,
graphics-pbrt.104.ground.smt2,,par_async,8,0,unsat,2.387984,0.098360,1.032780,0.801220,0.071290,0.000000,0.002210,
graphics-pbrt.104.ground.smt2,,par_async,16,0,unsat,2.169942,0.101420,0.808130,0.687920,0.051200,0.000000,0.002230,
graphics-pbrt.104.ground.smt2,,par_async,32,0,unsat,2.605488,0.106080,1.227840,0.831450,0.061330,0.000000,0.002510,
graphics-pbrt.104.ground.smt2,,par_async,64,0,unsat,2.535833,0.138310,1.180720,0.769150,0.066160,0.000000,0.003380,
graphics-pbrt.104.ground.smt2,,par_async,128,0,unsat,2.268660,0.099870,0.701060,0.993600,0.084210,0.000000,0.003760,
graphics-pbrt.104.ground.smt2,,par_async,144,0,unsat,2.569746,0.107610,0.923930,1.051400,0.089520,0.000000,0.003870,
graphics-pbrt.107.ground.smt2,,nelson_topo_iter,1,0,unsat,1.666725,0.065400,0.758480,0.543730,0.082010,0.000000,0.003710,
graphics-pbrt.107.ground.smt2,,nelson_simple,1,0,unsat,1.119382,0.056960,0.421010,0.393970,0.037860,0.000000,0.002790,
graphics-pbrt.107.ground.smt2,,par_async,1,0,unsat,1.264160,0.057360,0.453500,0.446520,0.102000,0.000000,0.001460,
graphics-pbrt.107.ground.smt2,,par_async,2,0,unsat,1.657832,0.049580,0.776810,0.522730,0.096720,0.000000,0.002620,
graphics-pbrt.107.ground.smt2,,par_async,4,0,unsat,1.225804,0.056980,0.505190,0.388200,0.066780,0.000000,0.004090,
graphics-pbrt.107.ground.smt2,,par_async,8,0,unsat,1.414762,0.057410,0.606090,0.469070,0.061000,0.000000,0.009790,
graphics-pbrt.107.ground.smt2,,par_async,16,0,unsat,1.202097,0.053450,0.441720,0.432900,0.049740,0.000000,0.021550,
graphics-pbrt.107.ground.smt2,,par_async,32,0,unsat,1.632005,0.055860,0.765930,0.517200,0.054440,0.000000,0.032180,
graphics-pbrt.107.ground.smt2,,par_async,64,0,unsat,1.250424,0.057260,0.437370,0.423260,0.056860,0.000000,0.080540,
graphics-pbrt.107.ground.smt2,,par_async,128,0,unsat,1.489042,0.057670,0.519480,0.517710,0.074400,0.000000,0.126940,
graphics-pbrt.107.ground.smt2,,par_async,144,0,unsat,1.687921,0.058750,0.514630,0.717120,0.079710,0.000000,0.116290,
graphics-pbrt.108.ground.smt2,,nelson_topo_iter,1,0,unsat,1.952447,0.094940,0.818820,0.668190,0.067550,0.000000,0.003400,
graphics-pbrt.108.ground.smt2,,nelson_simple,1,0,unsat,2.240599,0.086640,1.085550,0.693360,0.061270,0.000000,0.004730,
graphics-pbrt.108.ground.smt2,,par_async,1,0,unsat,1.756069,0.090990,0.664380,0.569420,0.131550,0.000000,0.001740,
graphics-pbrt.108.ground.smt2,,par_async,2,0,unsat,2.273230,0.085050,1.084060,0.664920,0.123920,0.000000,0.002730,
graphics-pbrt.108.ground.smt2,,par_async,4,0,unsat,1.741502,0.083240,0.712940,0.565110,0.081190,0.000000,0.005060,
graphics-pbrt.108.ground.smt2,,par_async,8,0,unsat,2.241678,0.090150,1.089910,0.656850,0.081240,0.000000,0.014430,
graphics-pbrt.108.ground.smt2,,par_async,16,0,unsat,1.791900,0.082330,0.718590,0.567400,0.059620,0.000000,0.036490,
graphics-pbrt.108.ground.smt2,,par_async,32,0,unsat,2.348264,0.109300,1.052170,0.661000,0.062850,0.000000,0.044530,
graphics-pbrt.108.ground.smt2,,par_async,64,0,unsat,2.214419,0.092410,0.953490,0.690230,0.068410,0.000000,0.100070,
graphics-pbrt.108.ground.smt2,,par_async,128,0,unsat,1.863960,0.083320,0.595380,0.674860,0.071760,0.000000,0.149710,
graphics-pbrt.108.ground.smt2,,par_async,144,0,unsat,2.017826,0.076280,0.785880,0.635940,0.066590,0.000000,0.152410,
graphics-pbrt.109.ground.smt2,,nelson_topo_iter,1,0,unsat,2.245397,0.093300,0.990020,0.746560,0.084310,0.000000,0.004730,
graphics-pbrt.109.ground.smt2,,nelson_simple,1,0,unsat,1.880236,0.094710,0.754800,0.615130,0.077220,0.000000,0.003750,
graphics-pbrt.109.ground.smt2,,par_async,1,0,unsat,1.983528,0.097760,0.633030,0.597820,0.320890,0.000000,0.001800,
graphics-pbrt.109.ground.smt2,,par_async,2,0,unsat,1.889669,0.090020,0.639180,0.594990,0.232470,0.000000,0.001390,
graphics-pbrt.109.ground.smt2,,par_async,4,0,unsat,2.402757,0.090400,1.066850,0.720460,0.199220,0.000000,0.001390,
graphics-pbrt.109.ground.smt2,,par_async,8,0,unsat,2.246326,0.091920,0.928380,0.723260,0.154650,0.000000,0.001680,
graphics-pbrt.109.ground.smt2,,par_async,16,0,unsat,1.778019,0.082320,0.622370,0.607800,0.123070,0.000000,0.001780,
graphics-pbrt.109.ground.smt2,,par_async,32,0,unsat,2.418404,0.090640,1.116280,0.708050,0.148840,0.000000,0.002060,
graphics-pbrt.109.ground.smt2,,par_async,64,0,unsat,2.121812,0.090700,0.821760,0.711560,0.154730,0.000000,0.002780,
graphics-pbrt.109.ground.smt2,,par_async,128,0,unsat,2.427368,0.096270,1.122770,0.713740,0.167020,0.000000,0.003260,
graphics-pbrt.109.ground.smt2,,par_async,144,0,unsat,2.529362,0.098870,0.939660,0.958960,0.185240,0.000000,0.003850,
graphics-pbrt.11.ground.smt2,,nelson_topo_iter,1,0,unsat,2.196202,0.103630,0.990720,0.696080,0.099140,0.000000,0.004790,
graphics-pbrt.11.ground.smt2,,nelson_simple,1,0,unsat,1.621891,0.099020,0.582150,0.568630,0.080690,0.000000,0.003620,
graphics-pbrt.11.ground.smt2,,par_async,1,0,unsat,1.946826,0.098600,0.680580,0.564690,0.307390,0.000000,0.001820,
graphics-pbrt.11.ground.smt2,,par_async,2,0,unsat,1.746431,0.096770,0.579710,0.545820,0.233120,0.000000,0.001850,
graphics-pbrt.11.ground.smt2,,par_async,4,0,unsat,2.239313,0.097220,0.953890,0.671430,0.209620,0.000000,0.001360,
graphics-pbrt.11.ground.smt2,,par_async,8,0,unsat,1.660382,0.096030,0.575910,0.558260,0.140970,0.000000,0.001540,
graphics-pbrt.11.ground.smt2,,par_async,16,0,unsat,1.990828,0.097460,0.810230,0.647250,0.144280,0.000000,0.001950,
graphics-pbrt.11.ground.smt2,,par_async,32,0,unsat,1.765906,0.096950,0.687650,0.564290,0.126910,0.000000,0.001910,
graphics-pbrt.11.ground.smt2,,par_async,64,0,unsat,1.788541,0.096600,0.581730,0.639920,0.154180,0.000000,0.002610,
graphics-pbrt.11.ground.smt2,,par_async,128,0,unsat,2.164245,0.099570,0.839240,0.713040,0.202730,0.000000,0.003240,
graphics-pbrt.11.ground.smt2,,par_async,144,0,unsat,2.253322,0.127410,0.935460,0.708100,0.185640,0.000000,0.004060,
graphics-pbrt.110.ground.smt2,,nelson_topo_iter,1,0,unsat,1.932011,0.099960,0.769920,0.659570,0.051780,0.000000,0.003620,
graphics-pbrt.110.ground.smt2,,nelson_simple,1,0,unsat,1.946306,0.092640,0.769560,0.659070,0.071970,0.000000,0.003830,
graphics-pbrt.110.ground.smt2,,par_async,1,0,unsat,1.923965,0.091130,0.661180,0.638730,0.190820,0.000000,0.002010,
graphics-pbrt.110.ground.smt2,,par_async,2,0,unsat,1.857586,0.092560,0.665260,0.635880,0.128110,0.000000,0.002110,
graphics-pbrt.110.ground.smt2,,par_async,4,0,unsat,2.478514,0.091790,1.179210,0.763460,0.074940,0.000000,0.001430,
graphics-pbrt.110.ground.smt2,,par_async,8,0,unsat,2.442921,0.091820,1.176770,0.764080,0.047240,0.000000,0.001970,
graphics-pbrt.110.ground.smt2,,par_async,16,0,unsat,2.237564,0.091690,0.986470,0.763220,0.033590,0.000000,0.002330,
graphics-pbrt.110.ground.smt2,,par_async,32,0,unsat,1.787615,0.090860,0.662240,0.647610,0.035010,0.000000,0.002080,
graphics-pbrt.110.ground.smt2,,par_async,64,0,unsat,2.294378,0.090420,1.097370,0.711340,0.044300,0.000000,0.003010,
graphics-pbrt.110.ground.smt2,,par_async,128,0,unsat,1.966040,0.092470,0.777910,0.688970,0.059330,0.000000,0.003260,
graphics-pbrt.110.ground.smt2,,par_async,144,0,unsat,2.183044,0.097990,0.770770,0.883820,0.060850,0.000000,0.003620,
graphics-pbrt.111.ground.smt2,,nelson_topo_iter,1,0,unsat,2.388004,0.114600,1.045150,0.794080,0.049650,0.000000,0.003580,
graphics-pbrt.111.ground.smt2,,nelson_simple,1,0,unsat,2.159086,0.121250,0.872120,0.716110,0.060980,0.000000,0.003860,
graphics-pbrt.111.ground.smt2,,par_async,1,0,unsat,2.695123,0.110270,1.112410,0.844890,0.242010,0.000000,0.001970,
graphics-pbrt.111.ground.smt2,,par_async,2,0,unsat,2.098903,0.112200,0.767830,0.701620,0.124070,0.000000,0.001650,
graphics-pbrt.111.ground.smt2,,par_async,4,0,unsat,2.166805,0.111750,0.890310,0.700790,0.077020,0.000000,0.001250,
graphics-pbrt.111.ground.smt2,,par_async,8,0,unsat,2.344809,0.111300,0.983500,0.785240,0.048950,0.000000,0.001720,
graphics-pbrt.111.ground.smt2,,par_async,16,0,unsat,2.168892,0.110510,0.867440,0.757650,0.035370,0.000000,0.001900,
graphics-pbrt.111.ground.smt2,,par_async,32,0,unsat,2.386562,0.110550,1.061540,0.779720,0.036560,0.000000,0.001990,
graphics-pbrt.111.ground.smt2,,par_async,64,0,unsat,2.174977,0.110920,0.883720,0.741280,0.046610,0.000000,0.003180,
graphics-pbrt.111.ground.smt2,,par_async,128,0,unsat,2.730815,0.111560,1.340380,0.821200,0.058730,0.000000,0.004350,
graphics-pbrt.111.ground.smt2,,par_async,144,0,unsat,2.344674,0.112630,0.899660,0.842670,0.064720,0.000000,0.003620,
graphics-pbrt.112.ground.smt2,,nelson_topo_iter,1,0,unsat,2.537018,0.122390,1.165110,0.799690,0.090840,0.000000,0.003470,
graphics-pbrt.112.ground.smt2,,nelson_simple,1,0,unsat,2.480677,0.125200,1.149690,0.793940,0.053250,0.000000,0.003600,
graphics-pbrt.112.ground.smt2,,par_async,1,0,unsat,2.583888,0.116250,1.179680,0.795890,0.131470,0.000000,0.001990,
graphics-pbrt.112.ground.smt2,,par_async,2,0,unsat,1.853683,0.090970,0.666900,0.640300,0.095020,0.000000,0.001450,
graphics-pbrt.112.ground.smt2,,par_async,4,0,unsat,2.684595,0.092430,1.201230,0.766450,0.105550,0.000000,0.001800,
graphics-pbrt.112.ground.smt2,,par_async,8,0,unsat,1.843208,0.095950,0.668310,0.657250,0.058810,0.000000,0.001710,
graphics-pbrt.112.ground.smt2,,par_async,16,0,unsat,2.492154,0.097360,1.192840,0.774210,0.058070,0.000000,0.001910,
graphics-pbrt.112.ground.smt2,,par_async,32,0,unsat,2.509993,0.095760,1.189040,0.786880,0.063240,0.000000,0.002090,
graphics-pbrt.112.ground.smt2,,par_async,64,0,unsat,2.459791,0.099720,1.198430,0.723200,0.074870,0.000000,0.003040,
graphics-pbrt.112.ground.smt2,,par_async,128,0,unsat,2.485108,0.090710,1.194690,0.758880,0.081820,0.000000,0.003080,
graphics-pbrt.112.ground.smt2,,par_async,144,0,unsat,2.353438,0.094890,0.853330,0.946900,0.092240,0.000000,0.003260,
graphics-pbrt.113.ground.smt2,,nelson_topo_iter,1,0,unsat,1.923846,0.096280,0.776360,0.653960,0.049910,0.000000,0.003540,
graphics-pbrt.113.ground.smt2,,nelson_simple,1,0,unsat,1.936326,0.091410,0.768940,0.654880,0.067210,0.000000,0.003740,
graphics-pbrt.113.ground.smt2,,par_async,1,0,unsat,1.935404,0.079870,0.700440,0.635660,0.185460,0.000000,0.001950,
graphics-pbrt.113.ground.smt2,,par_async,2,0,unsat,1.833060,0.091470,0.658850,0.628260,0.120450,0.000000,0.001550,
graphics-pbrt.113.ground.smt2,,par_async,4,0,unsat,2.460191,0.090860,1.187350,0.750420,0.075800,0.000000,0.001420,
graphics-pbrt.113.ground.smt2,,par_async,8,0,unsat,2.216982,0.089570,0.961040,0.754010,0.046480,0.000000,0.001980,
graphics-pbrt.113.ground.smt2,,par_async,16,0,unsat,1.913917,0.091980,0.653150,0.640010,0.031830,0.000000,0.001960,
graphics-pbrt.113.ground.smt2,,par_async,32,0,unsat,2.412755,0.125200,1.144620,0.750800,0.037040,0.000000,0.002550,
graphics-pbrt.113.ground.smt2,,par_async,64,0,unsat,2.321623,0.090130,1.135230,0.680850,0.047970,0.000000,0.003270,
graphics-pbrt.113.ground.smt2,,par_async,128,0,unsat,2.018671,0.088730,0.777710,0.739950,0.054960,0.000000,0.003220,
graphics-pbrt.113.ground.smt2,,par_async,144,0,unsat,1.970087,0.088490,0.765050,0.701960,0.060150,0.000000,0.003500,
graphics-pbrt.115.ground.smt2,,nelson_topo_iter,1,0,unsat,1.073512,0.053440,0.402170,0.425540,0.025720,0.000000,0.002810,
graphics-pbrt.115.ground.smt2,,nelson_simple,1,0,unsat,1.073812,0.057570,0.408940,0.410360,0.030820,0.000000,0.002880,
graphics-pbrt.115.ground.smt2,,par_async,1,0,unsat,1.369081,0.051500,0.530780,0.452020,0.163250,0.000000,0.002450,
graphics-pbrt.115.ground.smt2,,par_async,2,0,unsat,1.111069,0.052980,0.394800,0.402990,0.095620,0.000000,0.002090,
graphics-pbrt.115.ground.smt2,,par_async,4,0,unsat,1.351052,0.051870,0.565620,0.458160,0.099060,0.000000,0.005620,
graphics-pbrt.115.ground.smt2,,par_async,8,0,unsat,1.141842,0.054130,0.441220,0.394790,0.072450,0.000000,0.011730,
graphics-pbrt.115.ground.smt2,,par_async,16,0,unsat,1.369158,0.052080,0.597940,0.446210,0.077690,0.000000,0.025770,
graphics-pbrt.115.ground.smt2,,par_async,32,0,unsat,1.134584,0.052670,0.411250,0.405800,0.061160,0.000000,0.038680,
graphics-pbrt.115.ground.smt2,,par_async,64,0,unsat,1.275557,0.049530,0.453120,0.434720,0.086070,0.000000,0.090060,
graphics-pbrt.115.ground.smt2,,par_async,128,0,unsat,1.194598,0.052940,0.379740,0.416000,0.075040,0.000000,0.120720,
graphics-pbrt.115.ground.smt2,,par_async,144,0,unsat,1.360259,0.050590,0.438580,0.491420,0.084790,0.000000,0.143060,
graphics-pbrt.117.ground.smt2,,nelson_topo_iter,1,0,unsat,1.448733,0.074010,0.550410,0.537590,0.037160,0.000000,0.003020,
graphics-pbrt.117.ground.smt2,,nelson_simple,1,0,unsat,1.355774,0.075820,0.493760,0.495150,0.042150,0.000000,0.003110,
graphics-pbrt.117.ground.smt2,,par_async,1,0,unsat,2.052147,0.087420,0.945960,0.581070,0.183850,0.000000,0.002260,
graphics-pbrt.117.ground.smt2,,par_async,2,0,unsat,1.995799,0.120430,0.914660,0.568420,0.137780,0.000000,0.003150,
graphics-pbrt.117.ground.smt2,,par_async,4,0,unsat,1.431304,0.079820,0.523650,0.481510,0.094150,0.000000,0.004600,
graphics-pbrt.117.ground.smt2,,par_async,8,0,unsat,1.973807,0.077950,0.953650,0.578400,0.095850,0.000000,0.013140,
graphics-pbrt.117.ground.smt2,,par_async,16,0,unsat,1.865224,0.077330,0.820470,0.587130,0.087830,0.000000,0.030430,
graphics-pbrt.117.ground.smt2,,par_async,32,0,unsat,1.719554,0.077870,0.695360,0.560790,0.080510,0.000000,0.047670,
graphics-pbrt.117.ground.smt2,,par_async,64,0,unsat,2.252035,0.108340,1.068200,0.594030,0.093110,0.000000,0.103900,
graphics-pbrt.117.ground.smt2,,par_async,128,0,unsat,1.782233,0.082280,0.597980,0.642950,0.088720,0.000000,0.139250,
graphics-pbrt.117.ground.smt2,,par_async,144,0,unsat,1.628228,0.076780,0.509790,0.590280,0.086720,0.000000,0.135300,
graphics-pbrt.118.ground.smt2,,nelson_topo_iter,1,0,unsat,1.450618,0.071620,0.539160,0.546090,0.041840,0.000000,0.003190,
graphics-pbrt.118.ground.smt2,,nelson_simple,1,0,unsat,1.369692,0.070360,0.487010,0.512170,0.042110,0.000000,0.003200,
graphics-pbrt.118.ground.smt2,,par_async,1,0,unsat,1.496305,0.100090,0.517210,0.484790,0.147760,0.000000,0.001710,
graphics-pbrt.118.ground.smt2,,par_async,2,0,unsat,2.004448,0.100980,0.930490,0.587270,0.130470,0.000000,0.001540,
graphics-pbrt.118.ground.smt2,,par_async,4,0,unsat,1.980743,0.110220,0.930960,0.583450,0.093890,0.000000,0.001210,
graphics-pbrt.118.ground.smt2,,par_async,8,0,unsat,1.958810,0.104260,0.940260,0.581870,0.072300,0.000000,0.001700,
graphics-pbrt.118.ground.smt2,,par_async,16,0,unsat,1.941009,0.080040,0.949490,0.593000,0.060490,0.000000,0.001910,
graphics-pbrt.118.ground.smt2,,par_async,32,0,unsat,1.812356,0.081400,0.787820,0.619750,0.064430,0.000000,0.001900,
graphics-pbrt.118.ground.smt2,,par_async,64,0,unsat,1.864075,0.077690,0.603820,0.834070,0.077570,0.000000,0.002610,
graphics-pbrt.118.ground.smt2,,par_async,128,0,unsat,1.515671,0.080940,0.519230,0.579880,0.087480,0.000000,0.002830,
graphics-pbrt.118.ground.smt2,,par_async,144,0,unsat,1.604196,0.079560,0.531050,0.631310,0.099930,0.000000,0.003920,
graphics-pbrt.119.ground.smt2,,nelson_topo_iter,1,0,unsat,1.168990,0.057590,0.447780,0.433440,0.039490,0.000000,0.002540,
graphics-pbrt.119.ground.smt2,,nelson_simple,1,0,unsat,1.346659,0.056310,0.549510,0.474500,0.063180,0.000000,0.003560,
graphics-pbrt.119.ground.smt2,,par_async,1,0,unsat,1.200209,0.055000,0.401460,0.426530,0.126280,0.000000,0.001380,
graphics-pbrt.119.ground.smt2,,par_async,2,0,unsat,1.070289,0.048750,0.369470,0.361770,0.100980,0.000000,0.002160,
graphics-pbrt.119.ground.smt2,,par_async,4,0,unsat,1.625130,0.057740,0.771190,0.485780,0.103730,0.000000,0.004360,
graphics-pbrt.119.ground.smt2,,par_async,8,0,unsat,1.094311,0.060370,0.393280,0.368470,0.076020,0.000000,0.009010,
graphics-pbrt.119.ground.smt2,,par_async,16,0,unsat,1.236337,0.057400,0.484540,0.407890,0.071590,0.000000,0.022540,
graphics-pbrt.119.ground.smt2,,par_async,32,0,unsat,1.291007,0.057620,0.495190,0.434540,0.076980,0.000000,0.033050,
graphics-pbrt.119.ground.smt2,,par_async,64,0,unsat,1.306761,0.059970,0.459750,0.438190,0.084460,0.000000,0.080350,
graphics-pbrt.119.ground.smt2,,par_async,128,0,unsat,1.608363,0.076020,0.681150,0.469060,0.099200,0.000000,0.100310,
graphics-pbrt.119.ground.smt2,,par_async,144,0,unsat,1.299673,0.063640,0.407340,0.429800,0.089250,0.000000,0.128290,
graphics-pbrt.120.ground.smt2,,nelson_topo_iter,1,0,unsat,1.113012,0.056990,0.451780,0.378110,0.047530,0.000000,0.002700,
graphics-pbrt.120.ground.smt2,,nelson_simple,1,0,unsat,1.042043,0.063040,0.374470,0.371190,0.051900,0.000000,0.002630,
graphics-pbrt.120.ground.smt2,,par_async,1,0,unsat,1.097744,0.055970,0.377800,0.350170,0.134920,0.000000,0.001360,
graphics-pbrt.120.ground.smt2,,par_async,2,0,unsat,1.173095,0.056740,0.409520,0.412480,0.110820,0.000000,0.002010,
graphics-pbrt.120.ground.smt2,,par_async,4,0,unsat,1.298018,0.051500,0.502920,0.440290,0.110810,0.000000,0.004650,
graphics-pbrt.120.ground.smt2,,par_async,8,0,unsat,1.038821,0.053730,0.360010,0.354300,0.080930,0.000000,0.010300,
graphics-pbrt.120.ground.smt2,,par_async,16,0,unsat,1.146764,0.055480,0.410510,0.402410,0.072470,0.000000,0.022140,
graphics-pbrt.120.ground.smt2,,par_async,32,0,unsat,1.140751,0.053390,0.412880,0.384440,0.076780,0.000000,0.036900,
graphics-pbrt.120.ground.smt2,,par_async,64,0,unsat,1.621869,0.060980,0.740830,0.481080,0.087140,0.000000,0.072790,
graphics-pbrt.120.ground.smt2,,par_async,128,0,unsat,1.224783,0.057680,0.392310,0.413180,0.095540,0.000000,0.099120,
graphics-pbrt.120.ground.smt2,,par_async,144,0,unsat,1.476271,0.057610,0.459800,0.554640,0.108870,0.000000,0.123600,
graphics-pbrt.121.ground.smt2,,nelson_topo_iter,1,0,unsat,1.145047,0.064150,0.454230,0.405740,0.033610,0.000000,0.002570,
graphics-pbrt.121.ground.smt2,,nelson_simple,1,0,unsat,1.562088,0.058630,0.740000,0.503540,0.064070,0.000000,0.003640,
graphics-pbrt.121.ground.smt2,,par_async,1,0,unsat,1.672151,0.085350,0.743810,0.474230,0.174660,0.000000,0.001920,
graphics-pbrt.121.ground.smt2,,par_async,2,0,unsat,1.195852,0.060230,0.427020,0.417350,0.105250,0.000000,0.001770,
graphics-pbrt.121.ground.smt2,,par_async,4,0,unsat,1.627714,0.057260,0.760790,0.499630,0.106500,0.000000,0.004370,
graphics-pbrt.121.ground.smt2,,par_async,8,0,unsat,1.599955,0.083990,0.746510,0.470480,0.093140,0.000000,0.010140,
graphics-pbrt.121.ground.smt2,,par_async,16,0,unsat,1.281858,0.059160,0.479070,0.467090,0.070870,0.000000,0.022590,
graphics-pbrt.121.ground.smt2,,par_async,32,0,unsat,1.410330,0.055840,0.607960,0.441980,0.081880,0.000000,0.035670,
graphics-pbrt.121.ground.smt2,,par_async,64,0,unsat,1.300626,0.059030,0.481190,0.416940,0.086140,0.000000,0.076430,
graphics-pbrt.121.ground.smt2,,par_async,128,0,unsat,1.258344,0.059760,0.414530,0.428060,0.091980,0.000000,0.097640,
graphics-pbrt.121.ground.smt2,,par_async,144,0,unsat,1.319043,0.059690,0.438600,0.422720,0.089320,0.000000,0.117490,
graphics-pbrt.122.ground.smt2,,nelson_topo_iter,1,0,unsat,2.063784,0.115850,0.844870,0.663330,0.086310,0.000000,0.003420,
graphics-pbrt.122.ground.smt2,,nelson_simple,1,0,unsat,2.015385,0.114770,0.829570,0.658850,0.057760,0.000000,0.003580,
graphics-pbrt.122.ground.smt2,,par_async,1,0,unsat,2.102598,0.112770,0.821820,0.643790,0.165330,0.000000,0.002010,
graphics-pbrt.122.ground.smt2,,par_async,2,0,unsat,2.557702,0.114950,1.179620,0.766500,0.139480,0.000000,0.002620,
graphics-pbrt.122.ground.smt2,,par_async,4,0,unsat,2.590715,0.119030,1.267020,0.761050,0.102660,0.000000,0.004940,
graphics-pbrt.122.ground.smt2,,par_async,8,0,unsat,2.566758,0.168210,1.197310,0.744130,0.085760,0.000000,0.011600,
graphics-pbrt.122.ground.smt2,,par_async,16,0,unsat,1.956442,0.111610,0.710280,0.663720,0.078190,0.000000,0.030220,
graphics-pbrt.122.ground.smt2,,par_async,32,0,unsat,1.978089,0.113120,0.726040,0.675930,0.078770,0.000000,0.046840,
graphics-pbrt.122.ground.smt2,,par_async,64,0,unsat,2.710367,0.173510,1.209070,0.776910,0.096030,0.000000,0.106070,
graphics-pbrt.122.ground.smt2,,par_async,128,0,unsat,2.330793,0.113380,0.841040,0.798150,0.100510,0.000000,0.136800,
graphics-pbrt.122.ground.smt2,,par_async,144,0,unsat,2.459884,0.115530,0.731160,1.008080,0.113370,0.000000,0.147700,
graphics-pbrt.123.ground.smt2,,nelson_topo_iter,1,0,unsat,0.993803,0.060260,0.373940,0.365180,0.024110,0.000000,0.002780,
graphics-pbrt.123.ground.smt2,,nelson_simple,1,0,unsat,1.479574,0.072230,0.704430,0.492690,0.031680,0.000000,0.003840,
graphics-pbrt.123.ground.smt2,,par_async,1,0,unsat,1.615499,0.062640,0.712480,0.476100,0.187440,0.000000,0.002120,
graphics-pbrt.123.ground.smt2,,par_async,2,0,unsat,1.044059,0.051370,0.371650,0.342050,0.107930,0.000000,0.002450,
graphics-pbrt.123.ground.smt2,,par_async,4,0,unsat,1.155322,0.050250,0.431670,0.404610,0.096380,0.000000,0.004170,
graphics-pbrt.123.ground.smt2,,par_async,8,0,unsat,1.088079,0.046340,0.390860,0.387190,0.084610,0.000000,0.010310,
graphics-pbrt.123.ground.smt2,,par_async,16,0,unsat,1.246387,0.046640,0.493370,0.423630,0.086270,0.000000,0.027280,
graphics-pbrt.123.ground.smt2,,par_async,32,0,unsat,1.033010,0.046480,0.346620,0.353330,0.071500,0.000000,0.040780,
graphics-pbrt.123.ground.smt2,,par_async,64,0,unsat,1.220364,0.051940,0.425840,0.394270,0.090840,0.000000,0.088720,
graphics-pbrt.123.ground.smt2,,par_async,128,0,unsat,1.434916,0.051390,0.439880,0.555180,0.103790,0.000000,0.122200,
graphics-pbrt.123.ground.smt2,,par_async,144,0,unsat,1.495033,0.055200,0.443420,0.586390,0.102190,0.000000,0.135990,
graphics-pbrt.13.ground.smt2,,nelson_topo_iter,1,0,unsat,1.340963,0.077650,0.537330,0.458020,0.039360,0.000000,0.002890,
graphics-pbrt.13.ground.smt2,,nelson_simple,1,0,unsat,1.402914,0.084820,0.523820,0.491750,0.065110,0.000000,0.002910,
graphics-pbrt.13.ground.smt2,,par_async,1,0,unsat,1.420635,0.083760,0.470780,0.425940,0.202240,0.000000,0.001600,
graphics-pbrt.13.ground.smt2,,par_async,2,0,unsat,1.904680,0.109560,0.883010,0.515590,0.167830,0.000000,0.002180,
graphics-pbrt.13.ground.smt2,,par_async,4,0,unsat,1.735256,0.082440,0.721750,0.521700,0.166770,0.000000,0.004730,
graphics-pbrt.13.ground.smt2,,par_async,8,0,unsat,1.340866,0.084680,0.458850,0.435950,0.123630,0.000000,0.011480,
graphics-pbrt.13.ground.smt2,,par_async,16,0,unsat,1.912111,0.103580,0.890860,0.520940,0.134150,0.000000,0.031850,
graphics-pbrt.13.ground.smt2,,par_async,32,0,unsat,1.865943,0.083600,0.841310,0.537910,0.123860,0.000000,0.039490,
graphics-pbrt.13.ground.smt2,,par_async,64,0,unsat,1.583539,0.083080,0.566890,0.484340,0.134560,0.000000,0.091640,
graphics-pbrt.13.ground.smt2,,par_async,128,0,unsat,1.668156,0.082790,0.597820,0.524770,0.132700,0.000000,0.117020,
graphics-pbrt.13.ground.smt2,,par_async,144,0,unsat,1.529517,0.090990,0.460850,0.493630,0.137420,0.000000,0.133350,
graphics-pbrt.14.ground.smt2,,nelson_topo_iter,1,0,unsat,1.040183,0.059870,0.398180,0.358610,0.030550,0.000000,0.002430,
graphics-pbrt.14.ground.smt2,,nelson_simple,1,0,unsat,1.057740,0.061500,0.388980,0.358440,0.052470,0.000000,0.002510,
graphics-pbrt.14.ground.smt2,,par_async,1,0,unsat,1.221026,0.054160,0.405770,0.414440,0.157470,0.000000,0.001320,
graphics-pbrt.14.ground.smt2,,par_async,2,0,unsat,1.553593,0.055450,0.670380,0.478050,0.156150,0.000000,0.002300,
graphics-pbrt.14.ground.smt2,,par_async,4,0,unsat,1.594050,0.049400,0.724210,0.490650,0.126210,0.000000,0.004180,
graphics-pbrt.14.ground.smt2,,par_async,8,0,unsat,1.579344,0.075400,0.767710,0.431940,0.103160,0.000000,0.008980,
graphics-pbrt.14.ground.smt2,,par_async,16,0,unsat,1.109308,0.054980,0.398460,0.357300,0.085090,0.000000,0.021360,
graphics-pbrt.14.ground.smt2,,par_async,32,0,unsat,1.218170,0.052700,0.439860,0.410490,0.089450,0.000000,0.037260,
graphics-pbrt.14.ground.smt2,,par_async,64,0,unsat,1.477111,0.052200,0.590570,0.461680,0.113860,0.000000,0.077500,
graphics-pbrt.14.ground.smt2,,par_async,128,0,unsat,1.420929,0.054590,0.480720,0.492380,0.112820,0.000000,0.104620,
graphics-pbrt.14.ground.smt2,,par_async,144,0,unsat,1.468583,0.057000,0.474940,0.522470,0.121070,0.000000,0.107730,
graphics-pbrt.15.ground.smt2,,nelson_topo_iter,1,0,unsat,1.252348,0.059760,0.510890,0.435680,0.035660,0.000000,0.002730,
graphics-pbrt.15.ground.smt2,,nelson_simple,1,0,unsat,1.161415,0.063830,0.423250,0.404800,0.056580,0.000000,0.002820,
graphics-pbrt.15.ground.smt2,,par_async,1,0,unsat,1.334269,0.058850,0.465710,0.438090,0.170470,0.000000,0.001470,
graphics-pbrt.15.ground.smt2,,par_async,2,0,unsat,1.196267,0.057780,0.417030,0.381450,0.136910,0.000000,0.001990,
graphics-pbrt.15.ground.smt2,,par_async,4,0,unsat,1.252404,0.053800,0.446640,0.431070,0.115740,0.000000,0.004230,
graphics-pbrt.15.ground.smt2,,par_async,8,0,unsat,1.691658,0.058750,0.813000,0.493050,0.113490,0.000000,0.010130,
graphics-pbrt.15.ground.smt2,,par_async,16,0,unsat,1.238917,0.052570,0.422180,0.441100,0.096960,0.000000,0.025870,
graphics-pbrt.15.ground.smt2,,par_async,32,0,unsat,1.554261,0.056520,0.650010,0.487170,0.112470,0.000000,0.035840,
graphics-pbrt.15.ground.smt2,,par_async,64,0,unsat,1.654328,0.059780,0.712870,0.474500,0.112680,0.000000,0.089060,
graphics-pbrt.15.ground.smt2,,par_async,128,0,unsat,1.383106,0.059400,0.440930,0.448860,0.115270,0.000000,0.128660,
graphics-pbrt.15.ground.smt2,,par_async,144,0,unsat,1.508471,0.060390,0.549200,0.464750,0.116590,0.000000,0.131590,
graphics-pbrt.16.ground.smt2,,nelson_topo_iter,1,0,unsat,1.130155,0.064940,0.419200,0.405940,0.036730,0.000000,0.002820,
graphics-pbrt.16.ground.smt2,,nelson_simple,1,0,unsat,1.235039,0.056390,0.442330,0.469340,0.057290,0.000000,0.002910,
graphics-pbrt.16.ground.smt2,,par_async,1,0,unsat,1.846840,0.057910,0.790580,0.530540,0.261110,0.000000,0.003650,
graphics-pbrt.16.ground.smt2,,par_async,2,0,unsat,1.284930,0.055820,0.442000,0.432830,0.154130,0.000000,0.001940,
graphics-pbrt.16.ground.smt2,,par_async,4,0,unsat,1.730147,0.083780,0.789180,0.490640,0.157840,0.000000,0.005060,
graphics-pbrt.16.ground.smt2,,par_async,8,0,unsat,1.277561,0.058110,0.472330,0.422390,0.115270,0.000000,0.010010,
graphics-pbrt.16.ground.smt2,,par_async,16,0,unsat,1.267550,0.056060,0.464510,0.391940,0.118520,0.000000,0.029960,
graphics-pbrt.16.ground.smt2,,par_async,32,0,unsat,1.280040,0.051890,0.460590,0.420230,0.104130,0.000000,0.040470,
graphics-pbrt.16.ground.smt2,,par_async,64,0,unsat,1.348074,0.058790,0.454770,0.428370,0.128120,0.000000,0.077820,
graphics-pbrt.16.ground.smt2,,par_async,128,0,unsat,1.483100,0.055740,0.530360,0.463940,0.128790,0.000000,0.114480,
graphics-pbrt.16.ground.smt2,,par_async,144,0,unsat,1.592470,0.057410,0.512360,0.552950,0.148310,0.000000,0.134650,
graphics-pbrt.17.ground.smt2,,nelson_topo_iter,1,0,unsat,1.240966,0.064380,0.493720,0.439320,0.043600,0.000000,0.003310,
graphics-pbrt.17.ground.smt2,,nelson_simple,1,0,unsat,1.152004,0.057070,0.435760,0.410600,0.054240,0.000000,0.002500,
graphics-pbrt.17.ground.smt2,,par_async,1,0,unsat,1.703550,0.054700,0.757010,0.490550,0.207990,0.000000,0.001790,
graphics-pbrt.17.ground.smt2,,par_async,2,0,unsat,1.117404,0.056420,0.397200,0.343950,0.126150,0.000000,0.001830,
graphics-pbrt.17.ground.smt2,,par_async,4,0,unsat,1.222814,0.054910,0.478970,0.391960,0.106120,0.000000,0.003280,
graphics-pbrt.17.ground.smt2,,par_async,8,0,unsat,1.580240,0.050960,0.742020,0.480710,0.107800,0.000000,0.008720,
graphics-pbrt.17.ground.smt2,,par_async,16,0,unsat,1.156469,0.057580,0.442300,0.362250,0.083110,0.000000,0.020860,
graphics-pbrt.17.ground.smt2,,par_async,32,0,unsat,1.221017,0.052860,0.464460,0.406370,0.084210,0.000000,0.026330,
graphics-pbrt.17.ground.smt2,,par_async,64,0,unsat,1.404567,0.053070,0.573470,0.413820,0.101150,0.000000,0.085300,
graphics-pbrt.17.ground.smt2,,par_async,128,0,unsat,1.569708,0.055080,0.475260,0.619110,0.129350,0.000000,0.110490,
graphics-pbrt.17.ground.smt2,,par_async,144,0,unsat,1.450610,0.054500,0.476500,0.484280,0.123670,0.000000,0.128570,
graphics-pbrt.18.ground.smt2,,nelson_topo_iter,1,0,unsat,1.225409,0.057010,0.507590,0.414650,0.040720,0.000000,0.002660,
graphics-pbrt.18.ground.smt2,,nelson_simple,1,0,unsat,1.139244,0.057470,0.426190,0.394190,0.055280,0.000000,0.002660,
graphics-pbrt.18.ground.smt2,,par_async,1,0,unsat,1.305286,0.056770,0.451860,0.436920,0.160660,0.000000,0.001380,
graphics-pbrt.18.ground.smt2,,par_async,2,0,unsat,1.731683,0.074250,0.797200,0.489200,0.162770,0.000000,0.002620,
graphics-pbrt.18.ground.smt2,,par_async,4,0,unsat,1.251199,0.057540,0.454880,0.424450,0.109960,0.000000,0.004300,
graphics-pbrt.18.ground.smt2,,par_async,8,0,unsat,1.696486,0.064130,0.806780,0.486490,0.113470,0.000000,0.010370,
graphics-pbrt.18.ground.smt2,,par_async,16,0,unsat,1.256929,0.058250,0.453180,0.429430,0.088150,0.000000,0.024430,
graphics-pbrt.18.ground.smt2,,par_async,32,0,unsat,1.600938,0.056050,0.699240,0.492360,0.101890,0.000000,0.037820,
graphics-pbrt.18.ground.smt2,,par_async,64,0,unsat,1.282483,0.057560,0.415800,0.423590,0.107320,0.000000,0.084160,
graphics-pbrt.18.ground.smt2,,par_async,128,0,unsat,1.451275,0.056570,0.497230,0.496720,0.109100,0.000000,0.110490,
graphics-pbrt.18.ground.smt2,,par_async,144,0,unsat,1.715654,0.058320,0.507340,0.713530,0.133860,0.000000,0.124180,
graphics-pbrt.2.ground.smt2,,nelson_topo_iter,1,0,unsat,1.052397,0.053730,0.441510,0.342200,0.036050,0.000000,0.002330,
graphics-pbrt.2.ground.smt2,,nelson_simple,1,0,unsat,0.986234,0.059840,0.343830,0.349390,0.054180,0.000000,0.002410,
graphics-pbrt.2.ground.smt2,,par_async,1,0,unsat,1.072482,0.056590,0.352010,0.323490,0.160560,0.000000,0.001240,
graphics-pbrt.2.ground.smt2,,par_async,2,0,unsat,1.050072,0.056320,0.360650,0.323640,0.130300,0.000000,0.002190,
graphics-pbrt.2.ground.smt2,,par_async,4,0,unsat,1.173445,0.056540,0.440510,0.385080,0.109810,0.000000,0.003020,
graphics-pbrt.2.ground.smt2,,par_async,8,0,unsat,1.244748,0.056100,0.479700,0.414340,0.106770,0.000000,0.007990,
graphics-pbrt.2.ground.smt2,,par_async,16,0,unsat,1.137777,0.055770,0.399520,0.337620,0.087840,0.000000,0.019960,
graphics-pbrt.2.ground.smt2,,par_async,32,0,unsat,1.145660,0.062850,0.405020,0.381120,0.085510,0.000000,0.028700,
graphics-pbrt.2.ground.smt2,,par_async,64,0,unsat,1.455274,0.057410,0.579210,0.450350,0.120250,0.000000,0.071070,
graphics-pbrt.2.ground.smt2,,par_async,128,0,unsat,1.550608,0.057700,0.701530,0.401770,0.110480,0.000000,0.105870,
graphics-pbrt.2.ground.smt2,,par_async,144,0,unsat,1.494826,0.056070,0.441310,0.579790,0.140400,0.000000,0.097750,
graphics-pbrt.20.ground.smt2,,nelson_topo_iter,1,0,unsat,1.016722,0.053270,0.407620,0.371670,0.023700,0.000000,0.002810,
graphics-pbrt.20.ground.smt2,,nelson_simple,1,0,unsat,1.364715,0.049830,0.626870,0.487930,0.031710,0.000000,0.004010,
graphics-pbrt.20.ground.smt2,,par_async,1,0,unsat,1.071488,0.048990,0.356740,0.382230,0.123900,0.000000,0.001430,
graphics-pbrt.20.ground.smt2,,par_async,2,0,unsat,1.286217,0.049570,0.495060,0.440270,0.125930,0.000000,0.002890,
graphics-pbrt.20.ground.smt2,,par_async,4,0,unsat,0.954304,0.050670,0.333370,0.320210,0.082080,0.000000,0.004240,
graphics-pbrt.20.ground.smt2,,par_async,8,0,unsat,0.978666,0.048760,0.351470,0.337160,0.072800,0.000000,0.009890,
graphics-pbrt.20.ground.smt2,,par_async,16,0,unsat,0.992587,0.048680,0.347730,0.328360,0.067230,0.000000,0.023390,
graphics-pbrt.20.ground.smt2,,par_async,32,0,unsat,1.007493,0.049830,0.356270,0.331630,0.063400,0.000000,0.046540,
graphics-pbrt.20.ground.smt2,,par_async,64,0,unsat,1.088972,0.048130,0.355240,0.365530,0.072860,0.000000,0.083990,
graphics-pbrt.20.ground.smt2,,par_async,128,0,unsat,1.113011,0.046950,0.340070,0.384040,0.080670,0.000000,0.114210,
graphics-pbrt.20.ground.smt2,,par_async,144,0,unsat,1.204463,0.050240,0.408490,0.398780,0.082410,0.000000,0.116510,
graphics-pbrt.21.ground.smt2,,nelson_topo_iter,1,0,unsat,1.944733,0.101840,0.800260,0.695540,0.027420,0.000000,0.003140,
graphics-pbrt.21.ground.smt2,,nelson_simple,1,0,unsat,2.219759,0.094690,1.064980,0.704250,0.031780,0.000000,0.004420,
graphics-pbrt.21.ground.smt2,,par_async,1,0,unsat,1.725001,0.094830,0.612660,0.562350,0.141890,0.000000,0.001730,
graphics-pbrt.21.ground.smt2,,par_async,2,0,unsat,2.058691,0.097440,0.876870,0.669370,0.108370,0.000000,0.001360,
graphics-pbrt.21.ground.smt2,,par_async,4,0,unsat,2.182174,0.094170,0.991270,0.675580,0.091590,0.000000,0.001330,
graphics-pbrt.21.ground.smt2,,par_async,8,0,unsat,1.660968,0.094650,0.602880,0.576780,0.057460,0.000000,0.001430,
graphics-pbrt.21.ground.smt2,,par_async,16,0,unsat,1.786647,0.095310,0.742910,0.570230,0.050190,0.000000,0.001670,
graphics-pbrt.21.ground.smt2,,par_async,32,0,unsat,2.263846,0.146960,1.060620,0.668670,0.060710,0.000000,0.001920,
graphics-pbrt.21.ground.smt2,,par_async,64,0,unsat,2.025775,0.094040,0.838790,0.697430,0.075720,0.000000,0.002660,
graphics-pbrt.21.ground.smt2,,par_async,128,0,unsat,2.302187,0.093970,0.886440,0.889840,0.092300,0.000000,0.003020,
graphics-pbrt.21.ground.smt2,,par_async,144,0,unsat,1.945070,0.099180,0.728650,0.693620,0.089930,0.000000,0.003810,
graphics-pbrt.22.ground.smt2,,nelson_topo_iter,1,0,unsat,1.310162,0.086770,0.495480,0.468430,0.024830,0.000000,0.002890,
graphics-pbrt.22.ground.smt2,,nelson_simple,1,0,unsat,1.801388,0.080000,0.830210,0.602830,0.030950,0.000000,0.004040,
graphics-pbrt.22.ground.smt2,,par_async,1,0,unsat,1.495009,0.083150,0.552980,0.491040,0.132210,0.000000,0.001600,
graphics-pbrt.22.ground.smt2,,par_async,2,0,unsat,1.474272,0.081020,0.558120,0.490630,0.106600,0.000000,0.002460,
graphics-pbrt.22.ground.smt2,,par_async,4,0,unsat,1.436279,0.081270,0.535040,0.493400,0.085960,0.000000,0.004850,
graphics-pbrt.22.ground.smt2,,par_async,8,0,unsat,1.331301,0.073490,0.474280,0.461860,0.076450,0.000000,0.010910,
graphics-pbrt.22.ground.smt2,,par_async,16,0,unsat,1.750674,0.074400,0.730530,0.545310,0.083260,0.000000,0.027210,
graphics-pbrt.22.ground.smt2,,par_async,32,0,unsat,1.466175,0.086400,0.543110,0.486730,0.065650,0.000000,0.041710,
graphics-pbrt.22.ground.smt2,,par_async,64,0,unsat,1.527650,0.079280,0.538980,0.514820,0.076670,0.000000,0.086220,
graphics-pbrt.22.ground.smt2,,par_async,128,0,unsat,1.664715,0.079000,0.536090,0.600490,0.098500,0.000000,0.126180,
graphics-pbrt.22.ground.smt2,,par_async,144,0,unsat,1.703492,0.082710,0.646080,0.530250,0.085030,0.000000,0.135980,
graphics-pbrt.23.ground.smt2,,nelson_topo_iter,1,0,unsat,1.159483,0.062130,0.431210,0.419860,0.022630,0.000000,0.002670,
graphics-pbrt.23.ground.smt2,,nelson_simple,1,0,unsat,1.242954,0.057360,0.470060,0.468050,0.028300,0.000000,0.002660,
graphics-pbrt.23.ground.smt2,,par_async,1,0,unsat,1.824768,0.055970,0.822830,0.534010,0.174610,0.000000,0.002000,
graphics-pbrt.23.ground.smt2,,par_async,2,0,unsat,1.312183,0.058260,0.490950,0.435140,0.101560,0.000000,0.002290,
graphics-pbrt.23.ground.smt2,,par_async,4,0,unsat,1.219719,0.057290,0.437930,0.408350,0.090090,0.000000,0.004270,
graphics-pbrt.23.ground.smt2,,par_async,8,0,unsat,1.265410,0.051590,0.477820,0.433790,0.075830,0.000000,0.009640,
graphics-pbrt.23.ground.smt2,,par_async,16,0,unsat,1.262045,0.055980,0.479740,0.414800,0.072010,0.000000,0.022510,
graphics-pbrt.23.ground.smt2,,par_async,32,0,unsat,1.303953,0.051250,0.479980,0.448880,0.072290,0.000000,0.035220,
graphics-pbrt.23.ground.smt2,,par_async,64,0,unsat,1.468084,0.055910,0.478750,0.547010,0.092720,0.000000,0.081650,
graphics-pbrt.23.ground.smt2,,par_async,128,0,unsat,1.379493,0.057990,0.449140,0.473310,0.085430,0.000000,0.106780,
graphics-pbrt.23.ground.smt2,,par_async,144,0,unsat,1.631884,0.063470,0.665110,0.469280,0.084090,0.000000,0.130620,
graphics-pbrt.24.ground.smt2,,nelson_topo_iter,1,0,unsat,1.379576,0.084920,0.516200,0.496180,0.029180,0.000000,0.003430,
graphics-pbrt.24.ground.smt2,,nelson_simple,1,0,unsat,1.977663,0.110600,0.958040,0.602720,0.042060,0.000000,0.004730,
graphics-pbrt.24.ground.smt2,,par_async,1,0,unsat,2.124709,0.102080,0.971730,0.580070,0.208990,0.000000,0.002370,
graphics-pbrt.24.ground.smt2,,par_async,2,0,unsat,1.448363,0.088760,0.515990,0.479130,0.111680,0.000000,0.001420,
graphics-pbrt.24.ground.smt2,,par_async,4,0,unsat,1.452742,0.087990,0.539240,0.479900,0.083240,0.000000,0.001150,
graphics-pbrt.24.ground.smt2,,par_async,8,0,unsat,1.930042,0.108010,0.958390,0.549030,0.065300,0.000000,0.001610,
graphics-pbrt.24.ground.smt2,,par_async,16,0,unsat,1.945685,0.085330,0.930460,0.584930,0.067810,0.000000,0.001900,
graphics-pbrt.24.ground.smt2,,par_async,32,0,unsat,1.794632,0.089620,0.787060,0.582510,0.068590,0.000000,0.002110,
graphics-pbrt.24.ground.smt2,,par_async,64,0,unsat,1.564598,0.088890,0.602060,0.539890,0.075360,0.000000,0.003080,
graphics-pbrt.24.ground.smt2,,par_async,128,0,unsat,1.928009,0.086860,0.627690,0.836390,0.100660,0.000000,0.003110,
graphics-pbrt.24.ground.smt2,,par_async,144,0,unsat,1.584208,0.090960,0.558320,0.577450,0.096100,0.000000,0.003150,
graphics-pbrt.25.ground.smt2,,nelson_topo_iter,1,0,unsat,2.723160,0.164290,1.174050,0.881420,0.049370,0.000000,0.004020,
graphics-pbrt.25.ground.smt2,,nelson_simple,1,0,unsat,3.281623,0.227780,1.636080,0.924810,0.040410,0.000000,0.004330,
graphics-pbrt.25.ground.smt2,,par_async,1,0,unsat,2.891403,0.167280,1.159890,0.855840,0.253130,0.000000,0.002340,
graphics-pbrt.25.ground.smt2,,par_async,2,0,unsat,2.818539,0.162020,1.163450,0.860820,0.165330,0.000000,0.001890,
graphics-pbrt.25.ground.smt2,,par_async,4,0,unsat,3.322928,0.222880,1.635930,0.891090,0.116000,0.000000,0.001730,
graphics-pbrt.25.ground.smt2,,par_async,8,0,unsat,2.973181,0.166930,1.368670,0.893850,0.061700,0.000000,0.002110,
graphics-pbrt.25.ground.smt2,,par_async,16,0,unsat,2.712022,0.162890,1.160670,0.866130,0.043620,0.000000,0.002470,
graphics-pbrt.25.ground.smt2,,par_async,32,0,unsat,3.292379,0.229710,1.638470,0.899090,0.046220,0.000000,0.002380,
graphics-pbrt.25.ground.smt2,,par_async,64,0,unsat,2.771730,0.167880,1.170130,0.906240,0.059010,0.000000,0.003570,
graphics-pbrt.25.ground.smt2,,par_async,128,0,unsat,2.906546,0.167370,1.057300,1.097430,0.068220,0.000000,0.004000,
graphics-pbrt.25.ground.smt2,,par_async,144,0,unsat,3.886952,0.220240,1.747260,1.351920,0.071130,0.000000,0.004240,
graphics-pbrt.26.ground.smt2,,nelson_topo_iter,1,0,unsat,1.714534,0.084640,0.726170,0.601370,0.038460,0.000000,0.004580,
graphics-pbrt.26.ground.smt2,,nelson_simple,1,0,unsat,1.370016,0.076530,0.493520,0.498500,0.039230,0.000000,0.003330,
graphics-pbrt.26.ground.smt2,,par_async,1,0,unsat,2.075610,0.078310,0.940390,0.603280,0.187760,0.000000,0.002340,
graphics-pbrt.26.ground.smt2,,par_async,2,0,unsat,1.996520,0.099850,0.932170,0.579220,0.121310,0.000000,0.001490,
graphics-pbrt.26.ground.smt2,,par_async,4,0,unsat,1.973771,0.097340,0.934970,0.575550,0.088190,0.000000,0.001270,
graphics-pbrt.26.ground.smt2,,par_async,8,0,unsat,1.965043,0.084120,0.952690,0.576430,0.074040,0.000000,0.001750,
graphics-pbrt.26.ground.smt2,,par_async,16,0,unsat,1.971486,0.079590,0.944150,0.587810,0.065330,0.000000,0.002150,
graphics-pbrt.26.ground.smt2,,par_async,32,0,unsat,1.526249,0.076980,0.605730,0.524550,0.058600,0.000000,0.001730,
graphics-pbrt.26.ground.smt2,,par_async,64,0,unsat,1.915501,0.078170,0.897970,0.602480,0.073960,0.000000,0.002910,
graphics-pbrt.26.ground.smt2,,par_async,128,0,unsat,1.723285,0.076590,0.715390,0.582350,0.088160,0.000000,0.002810,
graphics-pbrt.26.ground.smt2,,par_async,144,0,unsat,1.565221,0.082770,0.530990,0.601390,0.088560,0.000000,0.002860,
graphics-pbrt.27.ground.smt2,,nelson_topo_iter,1,0,unsat,1.786844,0.101900,0.761420,0.594510,0.027420,0.000000,0.003120,
graphics-pbrt.27.ground.smt2,,nelson_simple,1,0,unsat,2.268465,0.096310,1.117850,0.701420,0.031180,0.000000,0.004410,
graphics-pbrt.27.ground.smt2,,par_async,1,0,unsat,1.834443,0.094190,0.713680,0.570790,0.140970,0.000000,0.001710,
graphics-pbrt.27.ground.smt2,,par_async,2,0,unsat,2.324783,0.144690,1.057320,0.672170,0.129210,0.000000,0.001490,
graphics-pbrt.27.ground.smt2,,par_async,4,0,unsat,2.130639,0.094470,0.939000,0.681670,0.085550,0.000000,0.001240,
graphics-pbrt.27.ground.smt2,,par_async,8,0,unsat,2.270123,0.124210,1.093930,0.666780,0.065030,0.000000,0.001620,
graphics-pbrt.27.ground.smt2,,par_async,16,0,unsat,1.766975,0.093880,0.734680,0.572150,0.050200,0.000000,0.001710,
graphics-pbrt.27.ground.smt2,,par_async,32,0,unsat,2.291190,0.140320,1.061640,0.706850,0.059580,0.000000,0.001870,
graphics-pbrt.27.ground.smt2,,par_async,64,0,unsat,2.049838,0.095540,0.869240,0.689180,0.072630,0.000000,0.003640,
graphics-pbrt.27.ground.smt2,,par_async,128,0,unsat,2.265868,0.095800,0.997110,0.751200,0.089700,0.000000,0.003030,
graphics-pbrt.27.ground.smt2,,par_async,144,0,unsat,2.210263,0.098900,0.722820,0.960850,0.098920,0.000000,0.003920,
graphics-pbrt.28.ground.smt2,,nelson_topo_iter,1,0,unsat,1.735342,0.084530,0.772230,0.588650,0.043660,0.000000,0.003970,
graphics-pbrt.28.ground.smt2,,nelson_simple,1,0,unsat,1.310879,0.089820,0.484700,0.467700,0.023980,0.000000,0.002940,
graphics-pbrt.28.ground.smt2,,par_async,1,0,unsat,2.006485,0.083470,0.918200,0.581090,0.180040,0.000000,0.002190,
graphics-pbrt.28.ground.smt2,,par_async,2,0,unsat,1.944241,0.083630,0.915590,0.568210,0.134040,0.000000,0.002390,
graphics-pbrt.28.ground.smt2,,par_async,4,0,unsat,1.736796,0.084990,0.737690,0.553530,0.107230,0.000000,0.005540,
graphics-pbrt.28.ground.smt2,,par_async,8,0,unsat,1.405275,0.082590,0.533500,0.462070,0.079210,0.000000,0.010910,
graphics-pbrt.28.ground.smt2,,par_async,16,0,unsat,1.960495,0.099050,0.929640,0.548040,0.085380,0.000000,0.027640,
graphics-pbrt.28.ground.smt2,,par_async,32,0,unsat,1.852233,0.081330,0.847990,0.559180,0.078790,0.000000,0.046100,
graphics-pbrt.28.ground.smt2,,par_async,64,0,unsat,1.685653,0.081890,0.633740,0.564510,0.084450,0.000000,0.087010,
graphics-pbrt.28.ground.smt2,,par_async,128,0,unsat,1.851795,0.088310,0.737940,0.582970,0.081300,0.000000,0.130590,
graphics-pbrt.28.ground.smt2,,par_async,144,0,unsat,1.734637,0.088780,0.664040,0.524760,0.083830,0.000000,0.133930,
graphics-pbrt.29.ground.smt2,,nelson_topo_iter,1,0,unsat,1.162602,0.058950,0.449340,0.413610,0.022850,0.000000,0.002690,
graphics-pbrt.29.ground.smt2,,nelson_simple,1,0,unsat,1.266497,0.057080,0.490380,0.468270,0.029320,0.000000,0.002670,
graphics-pbrt.29.ground.smt2,,par_async,1,0,unsat,1.820942,0.069650,0.823570,0.521050,0.173410,0.000000,0.001980,
graphics-pbrt.29.ground.smt2,,par_async,2,0,unsat,1.504881,0.058390,0.572330,0.505830,0.132150,0.000000,0.002870,
graphics-pbrt.29.ground.smt2,,par_async,4,0,unsat,1.492484,0.056990,0.607000,0.487050,0.105070,0.000000,0.005020,
graphics-pbrt.29.ground.smt2,,par_async,8,0,unsat,1.480967,0.059500,0.593250,0.494240,0.092910,0.000000,0.012760,
graphics-pbrt.29.ground.smt2,,par_async,16,0,unsat,1.462558,0.055560,0.580750,0.489630,0.081260,0.000000,0.023920,
graphics-pbrt.29.ground.smt2,,par_async,32,0,unsat,1.336695,0.058450,0.512800,0.436380,0.066650,0.000000,0.034530,
graphics-pbrt.29.ground.smt2,,par_async,64,0,unsat,1.352801,0.060780,0.453600,0.452910,0.084620,0.000000,0.084730,
graphics-pbrt.29.ground.smt2,,par_async,128,0,unsat,1.534647,0.055860,0.607190,0.476460,0.083320,0.000000,0.109110,
graphics-pbrt.29.ground.smt2,,par_async,144,0,unsat,1.618799,0.067020,0.629340,0.500500,0.088510,0.000000,0.129450,
graphics-pbrt.3.ground.smt2,,nelson_topo_iter,1,0,unsat,0.781740,0.053890,0.287140,0.271430,0.028690,0.000000,0.001970,
graphics-pbrt.3.ground.smt2,,nelson_simple,1,0,unsat,1.260026,0.048400,0.560460,0.422230,0.074340,0.000000,0.003630,
graphics-pbrt.3.ground.smt2,,par_async,1,0,unsat,0.987795,0.051520,0.298850,0.313600,0.179730,0.000000,0.001420,
graphics-pbrt.3.ground.smt2,,par_async,2,0,unsat,0.935821,0.049450,0.299370,0.308730,0.133470,0.000000,0.001730,
graphics-pbrt.3.ground.smt2,,par_async,4,0,unsat,0.835324,0.047770,0.290150,0.264540,0.092050,0.000000,0.002920,
graphics-pbrt.3.ground.smt2,,par_async,8,0,unsat,1.183222,0.047820,0.493980,0.368560,0.113480,0.000000,0.009900,
graphics-pbrt.3.ground.smt2,,par_async,16,0,unsat,0.849922,0.047030,0.271870,0.284780,0.076610,0.000000,0.016810,
graphics-pbrt.3.ground.smt2,,par_async,32,0,unsat,1.274430,0.047770,0.572120,0.377540,0.103930,0.000000,0.029540,
graphics-pbrt.3.ground.smt2,,par_async,64,0,unsat,0.983070,0.047850,0.324920,0.320940,0.088200,0.000000,0.062130,
graphics-pbrt.3.ground.smt2,,par_async,128,0,unsat,1.032329,0.047760,0.343340,0.324870,0.095070,0.000000,0.086680,
graphics-pbrt.3.ground.smt2,,par_async,144,0,unsat,1.026870,0.046930,0.347950,0.316000,0.095180,0.000000,0.088560,
graphics-pbrt.30.ground.smt2,,nelson_topo_iter,1,0,unsat,1.549830,0.088790,0.665190,0.502560,0.037010,0.000000,0.003270,
graphics-pbrt.30.ground.smt2,,nelson_simple,1,0,unsat,1.699147,0.088710,0.696170,0.598480,0.041350,0.000000,0.004490,
graphics-pbrt.30.ground.smt2,,par_async,1,0,unsat,2.116810,0.125010,0.956860,0.571920,0.189390,0.000000,0.002250,
graphics-pbrt.30.ground.smt2,,par_async,2,0,unsat,1.461031,0.089430,0.527190,0.470280,0.111240,0.000000,0.002510,
graphics-pbrt.30.ground.smt2,,par_async,4,0,unsat,1.491794,0.088380,0.556440,0.481560,0.094800,0.000000,0.004850,
graphics-pbrt.30.ground.smt2,,par_async,8,0,unsat,1.418353,0.080360,0.506590,0.483730,0.083370,0.000000,0.011520,
graphics-pbrt.30.ground.smt2,,par_async,16,0,unsat,2.050483,0.124090,0.967100,0.565130,0.088460,0.000000,0.028110,
graphics-pbrt.30.ground.smt2,,par_async,32,0,unsat,1.474149,0.088270,0.518660,0.488130,0.073020,0.000000,0.043120,
graphics-pbrt.30.ground.smt2,,par_async,64,0,unsat,1.553052,0.082940,0.503140,0.530640,0.091380,0.000000,0.089830,
graphics-pbrt.30.ground.smt2,,par_async,128,0,unsat,1.693568,0.088730,0.542160,0.574280,0.093520,0.000000,0.141120,
graphics-pbrt.30.ground.smt2,,par_async,144,0,unsat,1.839450,0.088950,0.630910,0.626140,0.096610,0.000000,0.152420,
graphics-pbrt.31.ground.smt2,,nelson_topo_iter,1,0,unsat,2.611413,0.161100,1.049360,0.885580,0.050990,0.000000,0.004040,
graphics-pbrt.31.ground.smt2,,nelson_simple,1,0,unsat,2.702661,0.166080,1.159900,0.880050,0.047010,0.000000,0.004180,
graphics-pbrt.31.ground.smt2,,par_async,1,0,unsat,3.480985,0.206310,1.659150,0.905930,0.254620,0.000000,0.002330,
graphics-pbrt.31.ground.smt2,,par_async,2,0,unsat,3.364281,0.187330,1.667690,0.897370,0.155080,0.000000,0.001860,
graphics-pbrt.31.ground.smt2,,par_async,4,0,unsat,2.732715,0.159650,1.158690,0.858650,0.100040,0.000000,0.001680,
graphics-pbrt.31.ground.smt2,,par_async,8,0,unsat,3.287203,0.247690,1.594750,0.888680,0.059260,0.000000,0.001990,
graphics-pbrt.31.ground.smt2,,par_async,16,0,unsat,2.924506,0.158090,1.367970,0.878510,0.043710,0.000000,0.002410,
graphics-pbrt.31.ground.smt2,,par_async,32,0,unsat,2.687381,0.164940,1.155120,0.861170,0.043940,0.000000,0.002330,
graphics-pbrt.31.ground.smt2,,par_async,64,0,unsat,3.316649,0.191480,1.678390,0.915680,0.062540,0.000000,0.004240,
graphics-pbrt.31.ground.smt2,,par_async,128,0,unsat,2.824219,0.167610,1.163400,0.939020,0.072740,0.000000,0.004950,
graphics-pbrt.31.ground.smt2,,par_async,144,0,unsat,2.912516,0.170110,1.052770,1.118360,0.077060,0.000000,0.003980,
graphics-pbrt.32.ground.smt2,,nelson_topo_iter,1,0,unsat,1.332711,0.047740,0.646330,0.442200,0.022980,0.000000,0.002980,
graphics-pbrt.32.ground.smt2,,nelson_simple,1,0,unsat,1.019746,0.047360,0.375300,0.387510,0.035370,0.000000,0.002970,
graphics-pbrt.32.ground.smt2,,par_async,1,0,unsat,1.116450,0.047190,0.395380,0.388160,0.118600,0.000000,0.001550,
graphics-pbrt.32.ground.smt2,,par_async,2,0,unsat,1.385939,0.048570,0.638190,0.437160,0.089200,0.000000,0.002020,
graphics-pbrt.32.ground.smt2,,par_async,4,0,unsat,1.100537,0.047670,0.424970,0.386970,0.070910,0.000000,0.004030,
graphics-pbrt.32.ground.smt2,,par_async,8,0,unsat,1.352011,0.048640,0.635710,0.430540,0.063550,0.000000,0.008250,
graphics-pbrt.32.ground.smt2,,par_async,16,0,unsat,1.018308,0.048670,0.372170,0.356300,0.056080,0.000000,0.020220,
graphics-pbrt.32.ground.smt2,,par_async,32,0,unsat,0.985397,0.046510,0.354770,0.344840,0.046810,0.000000,0.031330,
graphics-pbrt.32.ground.smt2,,par_async,64,0,unsat,1.050864,0.045430,0.385510,0.332780,0.055640,0.000000,0.072890,
graphics-pbrt.32.ground.smt2,,par_async,128,0,unsat,1.130679,0.044430,0.390460,0.384230,0.069400,0.000000,0.089530,
graphics-pbrt.32.ground.smt2,,par_async,144,0,unsat,1.271052,0.048210,0.472180,0.429800,0.068910,0.000000,0.096360,
graphics-pbrt.33.ground.smt2,,nelson_topo_iter,1,0,unsat,0.605045,0.030000,0.230490,0.227940,0.024060,0.000000,0.002040,
graphics-pbrt.33.ground.smt2,,nelson_simple,1,0,unsat,0.760103,0.029030,0.262630,0.315300,0.042500,0.000000,0.003030,
graphics-pbrt.33.ground.smt2,,par_async,1,0,unsat,0.617064,0.032260,0.209610,0.214130,0.068560,0.000000,0.000910,
graphics-pbrt.33.ground.smt2,,par_async,2,0,unsat,0.606254,0.027380,0.209020,0.210710,0.065810,0.000000,0.001420,
graphics-pbrt.33.ground.smt2,,par_async,4,0,unsat,0.571474,0.025650,0.182950,0.213430,0.054440,0.000000,0.002400,
graphics-pbrt.33.ground.smt2,,par_async,8,0,unsat,0.755625,0.025160,0.243850,0.310130,0.072590,0.000000,0.006030,
graphics-pbrt.33.ground.smt2,,par_async,16,0,unsat,0.579972,0.027380,0.184760,0.219250,0.043700,0.000000,0.012680,
graphics-pbrt.33.ground.smt2,,par_async,32,0,unsat,0.637677,0.026770,0.235540,0.220200,0.042790,0.000000,0.019680,
graphics-pbrt.33.ground.smt2,,par_async,64,0,unsat,0.739649,0.027160,0.252260,0.255300,0.052510,0.000000,0.046110,
graphics-pbrt.33.ground.smt2,,par_async,128,0,unsat,0.769638,0.026040,0.225070,0.306830,0.058250,0.000000,0.067830,
graphics-pbrt.33.ground.smt2,,par_async,144,0,unsat,0.675033,0.025370,0.190970,0.245770,0.048800,0.000000,0.075750,
graphics-pbrt.34.ground.smt2,,nelson_topo_iter,1,0,unsat,2.604887,0.174850,1.056110,0.870800,0.049220,0.000000,0.004040,
graphics-pbrt.34.ground.smt2,,nelson_simple,1,0,unsat,2.748745,0.174290,1.172250,0.878490,0.056090,0.000000,0.004200,
graphics-pbrt.34.ground.smt2,,par_async,1,0,unsat,3.494625,0.203230,1.683540,0.899690,0.252940,0.000000,0.002350,
graphics-pbrt.34.ground.smt2,,par_async,2,0,unsat,3.612017,0.187390,1.959950,0.847860,0.160440,0.000000,0.001800,
graphics-pbrt.34.ground.smt2,,par_async,4,0,unsat,3.313670,0.267700,1.605830,0.879980,0.107790,0.000000,0.001600,
graphics-pbrt.34.ground.smt2,,par_async,8,0,unsat,3.023250,0.171560,1.463750,0.861360,0.070240,0.000000,0.002540,
graphics-pbrt.34.ground.smt2,,par_async,16,0,unsat,3.248456,0.170870,1.648760,0.914440,0.050680,0.000000,0.002450,
graphics-pbrt.34.ground.smt2,,par_async,32,0,unsat,2.605980,0.172520,1.062140,0.862640,0.046470,0.000000,0.002400,
graphics-pbrt.34.ground.smt2,,par_async,64,0,unsat,2.798456,0.175230,1.169630,0.909910,0.057450,0.000000,0.003930,
graphics-pbrt.34.ground.smt2,,par_async,128,0,unsat,3.929869,0.262160,1.620380,1.413560,0.073060,0.000000,0.004240,
graphics-pbrt.34.ground.smt2,,par_async,144,0,unsat,3.824463,0.226480,1.652290,1.389290,0.071390,0.000000,0.004270,
graphics-pbrt.35.ground.smt2,,nelson_topo_iter,1,0,unsat,2.737387,0.175430,1.171470,0.883500,0.051540,0.000000,0.004060,
graphics-pbrt.35.ground.smt2,,nelson_simple,1,0,unsat,3.296987,0.258210,1.612020,0.915680,0.046710,0.000000,0.004240,
graphics-pbrt.35.ground.smt2,,par_async,1,0,unsat,3.162205,0.167450,1.423250,0.868960,0.252350,0.000000,0.002460,
graphics-pbrt.35.ground.smt2,,par_async,2,0,unsat,3.397124,0.228590,1.644670,0.903170,0.168730,0.000000,0.001570,
graphics-pbrt.35.ground.smt2,,par_async,4,0,unsat,3.191400,0.151280,1.534130,0.949760,0.104360,0.000000,0.001530,
graphics-pbrt.35.ground.smt2,,par_async,8,0,unsat,2.619570,0.167710,1.073190,0.864910,0.061070,0.000000,0.002140,
graphics-pbrt.35.ground.smt2,,par_async,16,0,unsat,2.712387,0.170510,1.174930,0.864740,0.043860,0.000000,0.002360,
graphics-pbrt.35.ground.smt2,,par_async,32,0,unsat,3.347710,0.184420,1.734790,0.906580,0.047840,0.000000,0.002660,
graphics-pbrt.35.ground.smt2,,par_async,64,0,unsat,2.802473,0.172060,1.186430,0.912530,0.061060,0.000000,0.003640,
graphics-pbrt.35.ground.smt2,,par_async,128,0,unsat,3.011703,0.171210,1.065390,1.209900,0.074800,0.000000,0.004570,
graphics-pbrt.35.ground.smt2,,par_async,144,0,unsat,2.807696,0.172160,1.079720,1.021780,0.071460,0.000000,0.004170,
graphics-pbrt.36.ground.smt2,,nelson_topo_iter,1,0,unsat,3.272933,0.175050,1.622710,0.968270,0.050030,0.000000,0.004020,
graphics-pbrt.36.ground.smt2,,nelson_simple,1,0,unsat,2.708658,0.166820,1.165190,0.888490,0.039790,0.000000,0.004300,
graphics-pbrt.36.ground.smt2,,par_async,1,0,unsat,3.403781,0.168290,1.555090,0.960890,0.259630,0.000000,0.002390,
graphics-pbrt.36.ground.smt2,,par_async,2,0,unsat,2.809208,0.170450,1.164090,0.856940,0.160250,0.000000,0.001810,
graphics-pbrt.36.ground.smt2,,par_async,4,0,unsat,2.663695,0.168500,1.058130,0.874770,0.094910,0.000000,0.001580,
graphics-pbrt.36.ground.smt2,,par_async,8,0,unsat,2.730699,0.167380,1.161080,0.868690,0.062290,0.000000,0.002010,
graphics-pbrt.36.ground.smt2,,par_async,16,0,unsat,3.308401,0.216650,1.639660,0.899720,0.048820,0.000000,0.002380,
graphics-pbrt.36.ground.smt2,,par_async,32,0,unsat,2.894931,0.170510,1.154660,0.868040,0.048860,0.000000,0.002410,
graphics-pbrt.36.ground.smt2,,par_async,64,0,unsat,2.860327,0.171900,1.171520,0.986120,0.059250,0.000000,0.004040,
graphics-pbrt.36.ground.smt2,,par_async,128,0,unsat,3.666060,0.251480,1.593840,1.243170,0.067580,0.000000,0.004930,
graphics-pbrt.36.ground.smt2,,par_async,144,0,unsat,2.874911,0.177170,1.165140,0.968160,0.073550,0.000000,0.003950,
graphics-pbrt.37.ground.smt2,,nelson_topo_iter,1,0,unsat,1.537684,0.096440,0.560600,0.550890,0.031210,0.000000,0.003520,
graphics-pbrt.37.ground.smt2,,nelson_simple,1,0,unsat,1.550881,0.093090,0.573160,0.549620,0.039460,0.000000,0.003700,
graphics-pbrt.37.ground.smt2,,par_async,1,0,unsat,1.757390,0.093000,0.626680,0.561390,0.193710,0.000000,0.001830,
graphics-pbrt.37.ground.smt2,,par_async,2,0,unsat,2.237679,0.092900,1.052500,0.633090,0.157370,0.000000,0.001560,
graphics-pbrt.37.ground.smt2,,par_async,4,0,unsat,1.675249,0.091330,0.636250,0.554200,0.099340,0.000000,0.001180,
graphics-pbrt.37.ground.smt2,,par_async,8,0,unsat,1.853936,0.093080,0.760570,0.625660,0.083820,0.000000,0.001850,
graphics-pbrt.37.ground.smt2,,par_async,16,0,unsat,1.695764,0.090190,0.664680,0.550310,0.063930,0.000000,0.002060,
graphics-pbrt.37.ground.smt2,,par_async,32,0,unsat,2.048719,0.093090,0.953540,0.643820,0.068480,0.000000,0.001850,
graphics-pbrt.37.ground.smt2,,par_async,64,0,unsat,2.154420,0.094330,0.973320,0.676710,0.091850,0.000000,0.002940,
graphics-pbrt.37.ground.smt2,,par_async,128,0,unsat,1.759775,0.096210,0.583270,0.672960,0.104820,0.000000,0.004310,
graphics-pbrt.37.ground.smt2,,par_async,144,0,unsat,1.794621,0.094840,0.681970,0.606910,0.104110,0.000000,0.002990,
graphics-pbrt.38.ground.smt2,,nelson_topo_iter,1,0,unsat,1.666652,0.091750,0.667900,0.578290,0.030630,0.000000,0.003550,
graphics-pbrt.38.ground.smt2,,nelson_simple,1,0,unsat,1.829103,0.092000,0.721950,0.667230,0.044210,0.000000,0.005070,
graphics-pbrt.38.ground.smt2,,par_async,1,0,unsat,1.677875,0.093510,0.564830,0.533300,0.191250,0.000000,0.001840,
graphics-pbrt.38.ground.smt2,,par_async,2,0,unsat,1.949554,0.091080,0.764410,0.638750,0.167120,0.000000,0.001570,
graphics-pbrt.38.ground.smt2,,par_async,4,0,unsat,1.686686,0.093150,0.672590,0.537150,0.097310,0.000000,0.001210,
graphics-pbrt.38.ground.smt2,,par_async,8,0,unsat,2.124961,0.095080,1.011210,0.633440,0.077390,0.000000,0.001780,
graphics-pbrt.38.ground.smt2,,par_async,16,0,unsat,1.579469,0.085840,0.544980,0.542290,0.069450,0.000000,0.002250,
graphics-pbrt.38.ground.smt2,,par_async,32,0,unsat,1.657430,0.091610,0.659010,0.553790,0.060770,0.000000,0.001830,
graphics-pbrt.38.ground.smt2,,par_async,64,0,unsat,1.912104,0.092170,0.771690,0.661620,0.090030,0.000000,0.002980,
graphics-pbrt.38.ground.smt2,,par_async,128,0,unsat,1.743095,0.093840,0.664320,0.600030,0.096630,0.000000,0.003010,
graphics-pbrt.38.ground.smt2,,par_async,144,0,unsat,2.185149,0.115710,1.035280,0.634140,0.099170,0.000000,0.003140,
graphics-pbrt.39.ground.smt2,,nelson_topo_iter,1,0,unsat,1.183945,0.052700,0.438020,0.437710,0.048710,0.000000,0.002620,
graphics-pbrt.39.ground.smt2,,nelson_simple,1,0,unsat,1.338835,0.057890,0.547960,0.468240,0.052630,0.000000,0.003660,
graphics-pbrt.39.ground.smt2,,par_async,1,0,unsat,1.175359,0.052880,0.410500,0.419950,0.094030,0.000000,0.001340,
graphics-pbrt.39.ground.smt2,,par_async,2,0,unsat,1.410302,0.052310,0.594410,0.465520,0.094610,0.000000,0.002640,
graphics-pbrt.39.ground.smt2,,par_async,4,0,unsat,1.120379,0.048430,0.401290,0.406690,0.063910,0.000000,0.003980,
graphics-pbrt.39.ground.smt2,,par_async,8,0,unsat,1.433404,0.050400,0.639260,0.470980,0.060260,0.000000,0.009380,
graphics-pbrt.39.ground.smt2,,par_async,16,0,unsat,1.148938,0.046560,0.417270,0.395810,0.045750,0.000000,0.022850,
graphics-pbrt.39.ground.smt2,,par_async,32,0,unsat,1.582501,0.050940,0.745880,0.491180,0.055360,0.000000,0.031350,
graphics-pbrt.39.ground.smt2,,par_async,64,0,unsat,1.187898,0.050140,0.410280,0.401110,0.052990,0.000000,0.073900,
graphics-pbrt.39.ground.smt2,,par_async,128,0,unsat,1.412551,0.051060,0.454800,0.534210,0.065620,0.000000,0.110830,
graphics-pbrt.39.ground.smt2,,par_async,144,0,unsat,1.307783,0.056890,0.438310,0.435890,0.061580,0.000000,0.121650,
graphics-pbrt.4.ground.smt2,,nelson_topo_iter,1,0,unsat,2.348637,0.110730,1.003910,0.773040,0.069570,0.000000,0.003200,
graphics-pbrt.4.ground.smt2,,nelson_simple,1,0,unsat,2.332234,0.105560,0.981880,0.803770,0.046220,0.000000,0.003330,
graphics-pbrt.4.ground.smt2,,par_async,1,0,unsat,2.199475,0.104750,0.871230,0.689950,0.134940,0.000000,0.001730,
graphics-pbrt.4.ground.smt2,,par_async,2,0,unsat,2.421085,0.105140,1.049560,0.764960,0.103250,0.000000,0.002600,
graphics-pbrt.4.ground.smt2,,par_async,4,0,unsat,2.110169,0.094180,0.843700,0.687160,0.082560,0.000000,0.004450,
graphics-pbrt.4.ground.smt2,,par_async,8,0,unsat,2.698927,0.103600,1.265940,0.829850,0.080890,0.000000,0.018740,
graphics-pbrt.4.ground.smt2,,par_async,16,0,unsat,2.053330,0.105340,0.767750,0.697820,0.064770,0.000000,0.026420,
graphics-pbrt.4.ground.smt2,,par_async,32,0,unsat,2.177645,0.104590,0.876240,0.697390,0.060400,0.000000,0.040980,
graphics-pbrt.4.ground.smt2,,par_async,64,0,unsat,2.461546,0.104650,1.009620,0.767980,0.078070,0.000000,0.094540,
graphics-pbrt.4.ground.smt2,,par_async,128,0,unsat,2.402032,0.105160,0.867570,0.847380,0.085460,0.000000,0.128560,
graphics-pbrt.4.ground.smt2,,par_async,144,0,unsat,2.424086,0.108540,0.871830,0.823230,0.090910,0.000000,0.135450,
graphics-pbrt.40.ground.smt2,,nelson_topo_iter,1,0,unsat,1.054075,0.051600,0.392680,0.369470,0.046930,0.000000,0.002640,
graphics-pbrt.40.ground.smt2,,nelson_simple,1,0,unsat,1.114188,0.052630,0.395700,0.425500,0.042660,0.000000,0.002620,
graphics-pbrt.40.ground.smt2,,par_async,1,0,unsat,1.144237,0.055820,0.405080,0.398340,0.092740,0.000000,0.001370,
graphics-pbrt.40.ground.smt2,,par_async,2,0,unsat,1.538221,0.049880,0.712580,0.491510,0.086700,0.000000,0.002260,
graphics-pbrt.40.ground.smt2,,par_async,4,0,unsat,1.525067,0.050090,0.720720,0.480370,0.069650,0.000000,0.003980,
graphics-pbrt.40.ground.smt2,,par_async,8,0,unsat,1.524688,0.051680,0.733850,0.471660,0.057490,0.000000,0.009150,
graphics-pbrt.40.ground.smt2,,par_async,16,0,unsat,1.534145,0.056490,0.729500,0.467330,0.051640,0.000000,0.023320,
graphics-pbrt.40.ground.smt2,,par_async,32,0,unsat,1.069781,0.052430,0.380050,0.362960,0.046010,0.000000,0.027360,
graphics-pbrt.40.ground.smt2,,par_async,64,0,unsat,1.159115,0.048590,0.398940,0.392840,0.053710,0.000000,0.078870,
graphics-pbrt.40.ground.smt2,,par_async,128,0,unsat,1.286476,0.050640,0.452820,0.421630,0.055710,0.000000,0.116000,
graphics-pbrt.40.ground.smt2,,par_async,144,0,unsat,1.361602,0.044670,0.349400,0.590240,0.074600,0.000000,0.118330,
graphics-pbrt.41.ground.smt2,,nelson_topo_iter,1,0,unsat,1.718471,0.088110,0.666130,0.640380,0.040080,0.000000,0.004760,
graphics-pbrt.41.ground.smt2,,nelson_simple,1,0,unsat,1.436164,0.079570,0.521780,0.523280,0.032520,0.000000,0.003520,
graphics-pbrt.41.ground.smt2,,par_async,1,0,unsat,1.552072,0.077990,0.506980,0.505570,0.179590,0.000000,0.001740,
graphics-pbrt.41.ground.smt2,,par_async,2,0,unsat,1.498820,0.077660,0.515330,0.502010,0.122520,0.000000,0.001450,
graphics-pbrt.41.ground.smt2,,par_async,4,0,unsat,1.501816,0.077710,0.542460,0.509820,0.089880,0.000000,0.001230,
graphics-pbrt.41.ground.smt2,,par_async,8,0,unsat,1.449276,0.069800,0.505160,0.520750,0.067500,0.000000,0.001580,
graphics-pbrt.41.ground.smt2,,par_async,16,0,unsat,1.415823,0.071380,0.493290,0.516880,0.056460,0.000000,0.001770,
graphics-pbrt.41.ground.smt2,,par_async,32,0,unsat,2.026577,0.088320,0.970850,0.599070,0.073370,0.000000,0.001840,
graphics-pbrt.41.ground.smt2,,par_async,64,0,unsat,2.077468,0.109680,0.949150,0.639320,0.083760,0.000000,0.003120,
graphics-pbrt.41.ground.smt2,,par_async,128,0,unsat,1.600592,0.079400,0.541690,0.618330,0.088390,0.000000,0.003070,
graphics-pbrt.41.ground.smt2,,par_async,144,0,unsat,1.979362,0.077650,0.605750,0.897100,0.106550,0.000000,0.004040,
graphics-pbrt.42.ground.smt2,,nelson_topo_iter,1,0,unsat,1.182412,0.057840,0.420960,0.455840,0.052820,0.000000,0.002920,
graphics-pbrt.42.ground.smt2,,nelson_simple,1,0,unsat,1.433452,0.052330,0.602070,0.515450,0.053650,0.000000,0.004120,
graphics-pbrt.42.ground.smt2,,par_async,1,0,unsat,1.184495,0.053110,0.436120,0.415890,0.085250,0.000000,0.001530,
graphics-pbrt.42.ground.smt2,,par_async,2,0,unsat,1.579202,0.052890,0.753750,0.496260,0.077520,0.000000,0.002670,
graphics-pbrt.42.ground.smt2,,par_async,4,0,unsat,1.119768,0.054350,0.438180,0.372880,0.054250,0.000000,0.004500,
graphics-pbrt.42.ground.smt2,,par_async,8,0,unsat,1.160651,0.052530,0.430200,0.427260,0.047310,0.000000,0.010470,
graphics-pbrt.42.ground.smt2,,par_async,16,0,unsat,1.225436,0.046440,0.443600,0.460730,0.049800,0.000000,0.025070,
graphics-pbrt.42.ground.smt2,,par_async,32,0,unsat,1.188172,0.052440,0.413730,0.384930,0.040590,0.000000,0.040530,
graphics-pbrt.42.ground.smt2,,par_async,64,0,unsat,1.304781,0.056760,0.461570,0.443700,0.051820,0.000000,0.099830,
graphics-pbrt.42.ground.smt2,,par_async,128,0,unsat,1.300123,0.052910,0.419490,0.435840,0.056110,0.000000,0.139670,
graphics-pbrt.42.ground.smt2,,par_async,144,0,unsat,1.501180,0.047930,0.442020,0.624510,0.066060,0.000000,0.139120,
graphics-pbrt.44.ground.smt2,,nelson_topo_iter,1,0,unsat,1.025026,0.050070,0.384360,0.373160,0.060310,0.000000,0.002880,
graphics-pbrt.44.ground.smt2,,nelson_simple,1,0,unsat,1.349833,0.045700,0.575240,0.494190,0.066400,0.000000,0.004020,
graphics-pbrt.44.ground.smt2,,par_async,1,0,unsat,1.028249,0.046360,0.336650,0.370280,0.119900,0.000000,0.001460,
graphics-pbrt.44.ground.smt2,,par_async,2,0,unsat,1.114950,0.046770,0.400050,0.398670,0.107790,0.000000,0.002540,
graphics-pbrt.44.ground.smt2,,par_async,4,0,unsat,1.157329,0.044040,0.430690,0.426330,0.088930,0.000000,0.005150,
graphics-pbrt.44.ground.smt2,,par_async,8,0,unsat,0.938077,0.047200,0.324850,0.320310,0.072080,0.000000,0.018790,
graphics-pbrt.44.ground.smt2,,par_async,16,0,unsat,1.399250,0.044520,0.640400,0.446170,0.067540,0.000000,0.025160,
graphics-pbrt.44.ground.smt2,,par_async,32,0,unsat,1.181252,0.046370,0.433390,0.417450,0.073680,0.000000,0.041790,
graphics-pbrt.44.ground.smt2,,par_async,64,0,unsat,1.080835,0.045000,0.350090,0.360420,0.067510,0.000000,0.092420,
graphics-pbrt.44.ground.smt2,,par_async,128,0,unsat,1.108894,0.046020,0.340780,0.376310,0.071650,0.000000,0.131700,
graphics-pbrt.44.ground.smt2,,par_async,144,0,unsat,1.158652,0.047080,0.385510,0.390830,0.072490,0.000000,0.119920,
graphics-pbrt.45.ground.smt2,,nelson_topo_iter,1,0,unsat,0.011125,0.000280,0.000430,0.003230,0.000030,0.000000,0.000020,
graphics-pbrt.45.ground.smt2,,nelson_simple,1,0,unsat,0.011239,0.000260,0.000430,0.004020,0.000040,0.000000,0.000020,
graphics-pbrt.45.ground.smt2,,par_async,1,0,unsat,0.010728,0.000190,0.000320,0.003820,0.000480,0.000000,0.000030,
graphics-pbrt.45.ground.smt2,,par_async,2,0,unsat,0.006067,0.000120,0.000220,0.001620,0.000220,0.000000,0.000020,
graphics-pbrt.45.ground.smt2,,par_async,4,0,unsat,0.011964,0.000220,0.000370,0.004000,0.000430,0.000000,0.000030,
graphics-pbrt.45.ground.smt2,,par_async,8,0,unsat,0.012866,0.000270,0.000430,0.004740,0.000510,0.000000,0.000030,
graphics-pbrt.45.ground.smt2,,par_async,16,0,unsat,0.006854,0.000120,0.000210,0.002180,0.000210,0.000000,0.000020,
graphics-pbrt.45.ground.smt2,,par_async,32,0,unsat,0.010634,0.000140,0.000240,0.003540,0.000340,0.000000,0.000020,
graphics-pbrt.45.ground.smt2,,par_async,64,0,unsat,0.014033,0.000300,0.000320,0.006070,0.000310,0.000000,0.000020,
graphics-pbrt.45.ground.smt2,,par_async,128,0,unsat,0.018332,0.000240,0.000410,0.009740,0.000310,0.000000,0.000020,
graphics-pbrt.45.ground.smt2,,par_async,144,0,unsat,0.018241,0.000220,0.000370,0.009740,0.000310,0.000000,0.000020,
graphics-pbrt.46.ground.smt2,,nelson_topo_iter,1,0,unsat,0.946452,0.059890,0.341520,0.327200,0.048650,0.000000,0.002650,
graphics-pbrt.46.ground.smt2,,nelson_simple,1,0,unsat,1.426107,0.056430,0.683010,0.462080,0.047070,0.000000,0.003860,
graphics-pbrt.46.ground.smt2,,par_async,1,0,unsat,1.456842,0.053150,0.650670,0.466180,0.109800,0.000000,0.001830,
graphics-pbrt.46.ground.smt2,,par_async,2,0,unsat,1.361892,0.053930,0.591070,0.441210,0.095130,0.000000,0.004160,
graphics-pbrt.46.ground.smt2,,par_async,4,0,unsat,1.059695,0.053280,0.416820,0.364310,0.055780,0.000000,0.004130,
graphics-pbrt.46.ground.smt2,,par_async,8,0,unsat,1.125013,0.051790,0.441260,0.397760,0.051570,0.000000,0.009040,
graphics-pbrt.46.ground.smt2,,par_async,16,0,unsat,1.027170,0.055320,0.397350,0.322400,0.041830,0.000000,0.025410,
graphics-pbrt.46.ground.smt2,,par_async,32,0,unsat,1.426819,0.052620,0.670010,0.449370,0.047690,0.000000,0.033390,
graphics-pbrt.46.ground.smt2,,par_async,64,0,unsat,1.263142,0.053890,0.464970,0.422950,0.058750,0.000000,0.086420,
graphics-pbrt.46.ground.smt2,,par_async,128,0,unsat,1.128472,0.056220,0.370670,0.374410,0.053300,0.000000,0.110450,
graphics-pbrt.46.ground.smt2,,par_async,144,0,unsat,1.264769,0.056630,0.415210,0.456740,0.065440,0.000000,0.108420,
graphics-pbrt.47.ground.smt2,,nelson_topo_iter,1,0,unsat,0.913575,0.061730,0.332340,0.317020,0.038590,0.000000,0.002620,
graphics-pbrt.47.ground.smt2,,nelson_simple,1,0,unsat,1.397427,0.058480,0.647710,0.471930,0.044480,0.000000,0.003700,
graphics-pbrt.47.ground.smt2,,par_async,1,0,unsat,1.209129,0.054250,0.463590,0.415750,0.101550,0.000000,0.001820,
graphics-pbrt.47.ground.smt2,,par_async,2,0,unsat,0.926379,0.052760,0.323660,0.325880,0.058000,0.000000,0.001780,
graphics-pbrt.47.ground.smt2,,par_async,4,0,unsat,1.392288,0.051420,0.673870,0.440970,0.055290,0.000000,0.003940,
graphics-pbrt.47.ground.smt2,,par_async,8,0,unsat,1.068515,0.048630,0.396300,0.390180,0.048850,0.000000,0.010810,
graphics-pbrt.47.ground.smt2,,par_async,16,0,unsat,1.404695,0.054290,0.660940,0.450270,0.045220,0.000000,0.024260,
graphics-pbrt.47.ground.smt2,,par_async,32,0,unsat,1.133646,0.050630,0.434210,0.396190,0.046130,0.000000,0.036000,
graphics-pbrt.47.ground.smt2,,par_async,64,0,unsat,1.447377,0.054480,0.668200,0.428920,0.053360,0.000000,0.078940,
graphics-pbrt.47.ground.smt2,,par_async,128,0,unsat,1.398031,0.053390,0.459070,0.550470,0.059240,0.000000,0.114640,
graphics-pbrt.47.ground.smt2,,par_async,144,0,unsat,1.181530,0.052160,0.386920,0.409620,0.055590,0.000000,0.117420,
graphics-pbrt.48.ground.smt2,,nelson_topo_iter,1,0,unsat,1.221050,0.062840,0.526520,0.404220,0.054960,0.000000,0.003570,
graphics-pbrt.48.ground.smt2,,nelson_simple,1,0,unsat,1.010057,0.055220,0.361380,0.385260,0.038430,0.000000,0.002720,
graphics-pbrt.48.ground.smt2,,par_async,1,0,unsat,1.012593,0.051310,0.343210,0.368760,0.082750,0.000000,0.001350,
graphics-pbrt.48.ground.smt2,,par_async,2,0,unsat,0.986339,0.047670,0.333740,0.367320,0.067210,0.000000,0.001740,
graphics-pbrt.48.ground.smt2,,par_async,4,0,unsat,0.955583,0.046110,0.322950,0.361840,0.055840,0.000000,0.003810,
graphics-pbrt.48.ground.smt2,,par_async,8,0,unsat,0.948748,0.048150,0.320200,0.359020,0.046300,0.000000,0.010160,
graphics-pbrt.48.ground.smt2,,par_async,16,0,unsat,1.024085,0.050620,0.383390,0.360530,0.040960,0.000000,0.020220,
graphics-pbrt.48.ground.smt2,,par_async,32,0,unsat,0.947039,0.049400,0.315090,0.322810,0.038030,0.000000,0.035390,
graphics-pbrt.48.ground.smt2,,par_async,64,0,unsat,1.083213,0.052620,0.366180,0.357070,0.044000,0.000000,0.074940,
graphics-pbrt.48.ground.smt2,,par_async,128,0,unsat,1.164302,0.056300,0.402700,0.386760,0.050830,0.000000,0.115510,
graphics-pbrt.48.ground.smt2,,par_async,144,0,unsat,1.204549,0.050130,0.401100,0.425970,0.060030,0.000000,0.107510,
graphics-pbrt.49.ground.smt2,,nelson_topo_iter,1,0,unsat,1.005213,0.051380,0.357340,0.369450,0.042540,0.000000,0.002910,
graphics-pbrt.49.ground.smt2,,nelson_simple,1,0,unsat,1.004887,0.048460,0.361520,0.371630,0.036170,0.000000,0.003010,
graphics-pbrt.49.ground.smt2,,par_async,1,0,unsat,1.005870,0.046730,0.347410,0.348240,0.076870,0.000000,0.001490,
graphics-pbrt.49.ground.smt2,,par_async,2,0,unsat,0.981795,0.043460,0.345090,0.348530,0.058490,0.000000,0.002300,
graphics-pbrt.49.ground.smt2,,par_async,4,0,unsat,0.982780,0.045410,0.343870,0.360320,0.048540,0.000000,0.003720,
graphics-pbrt.49.ground.smt2,,par_async,8,0,unsat,0.977410,0.045850,0.338130,0.357360,0.041330,0.000000,0.010000,
graphics-pbrt.49.ground.smt2,,par_async,16,0,unsat,1.500300,0.070990,0.696950,0.463100,0.042600,0.000000,0.030390,
graphics-pbrt.49.ground.smt2,,par_async,32,0,unsat,1.085431,0.052560,0.379810,0.387970,0.035910,0.000000,0.037910,
graphics-pbrt.49.ground.smt2,,par_async,64,0,unsat,1.151859,0.046970,0.386260,0.396920,0.043920,0.000000,0.095450,
graphics-pbrt.49.ground.smt2,,par_async,128,0,unsat,1.311650,0.047550,0.446010,0.455030,0.053000,0.000000,0.134200,
graphics-pbrt.49.ground.smt2,,par_async,144,0,unsat,1.228307,0.053740,0.373370,0.456670,0.045100,0.000000,0.129240,
graphics-pbrt.51.ground.smt2,,nelson_topo_iter,1,0,unsat,1.405649,0.078930,0.579270,0.467270,0.050970,0.000000,0.002730,
graphics-pbrt.51.ground.smt2,,nelson_simple,1,0,unsat,1.372555,0.087570,0.536010,0.481720,0.035480,0.000000,0.002910,
graphics-pbrt.51.ground.smt2,,par_async,1,0,unsat,1.325679,0.081460,0.469960,0.436830,0.106750,0.000000,0.001560,
graphics-pbrt.51.ground.smt2,,par_async,2,0,unsat,1.857384,0.078570,0.887280,0.552320,0.100900,0.000000,0.004250,
graphics-pbrt.51.ground.smt2,,par_async,4,0,unsat,1.388378,0.082100,0.545290,0.454930,0.069720,0.000000,0.004220,
graphics-pbrt.51.ground.smt2,,par_async,8,0,unsat,1.419023,0.078930,0.565190,0.467160,0.058590,0.000000,0.010920,
graphics-pbrt.51.ground.smt2,,par_async,16,0,unsat,1.306971,0.080820,0.465570,0.445140,0.055270,0.000000,0.021610,
graphics-pbrt.51.ground.smt2,,par_async,32,0,unsat,1.417950,0.073070,0.549430,0.450900,0.051020,0.000000,0.048460,
graphics-pbrt.51.ground.smt2,,par_async,64,0,unsat,1.675652,0.079870,0.651340,0.558200,0.071880,0.000000,0.084490,
graphics-pbrt.51.ground.smt2,,par_async,128,0,unsat,1.836453,0.088690,0.709700,0.595740,0.082400,0.000000,0.134400,
graphics-pbrt.51.ground.smt2,,par_async,144,0,unsat,1.690458,0.080830,0.600660,0.584630,0.071480,0.000000,0.131640,
graphics-pbrt.52.ground.smt2,,nelson_topo_iter,1,0,unsat,1.717558,0.090260,0.682040,0.609360,0.084080,0.000000,0.003180,
graphics-pbrt.52.ground.smt2,,nelson_simple,1,0,unsat,1.476908,0.077590,0.577320,0.526680,0.043340,0.000000,0.003260,
graphics-pbrt.52.ground.smt2,,par_async,1,0,unsat,1.523134,0.075560,0.555900,0.518810,0.132860,0.000000,0.001740,
graphics-pbrt.52.ground.smt2,,par_async,2,0,unsat,1.512197,0.077090,0.577330,0.504700,0.102960,0.000000,0.002380,
graphics-pbrt.52.ground.smt2,,par_async,4,0,unsat,1.462069,0.068300,0.559030,0.507360,0.085500,0.000000,0.004970,
graphics-pbrt.52.ground.smt2,,par_async,8,0,unsat,1.496870,0.077980,0.564520,0.509150,0.079600,0.000000,0.013220,
graphics-pbrt.52.ground.smt2,,par_async,16,0,unsat,1.534607,0.077120,0.615120,0.508380,0.067500,0.000000,0.026460,
graphics-pbrt.52.ground.smt2,,par_async,32,0,unsat,1.597301,0.067940,0.551790,0.509040,0.065490,0.000000,0.051640,
graphics-pbrt.52.ground.smt2,,par_async,64,0,unsat,1.786234,0.080460,0.643160,0.605800,0.101750,0.000000,0.101830,
graphics-pbrt.52.ground.smt2,,par_async,128,0,unsat,1.660634,0.077410,0.552470,0.581300,0.081940,0.000000,0.147100,
graphics-pbrt.52.ground.smt2,,par_async,144,0,unsat,1.987504,0.069560,0.565720,0.854430,0.099980,0.000000,0.147390,
graphics-pbrt.53.ground.smt2,,nelson_topo_iter,1,0,unsat,1.729018,0.096010,0.698220,0.576910,0.072020,0.000000,0.003610,
graphics-pbrt.53.ground.smt2,,nelson_simple,1,0,unsat,2.258156,0.120750,1.066990,0.708980,0.069980,0.000000,0.005150,
graphics-pbrt.53.ground.smt2,,par_async,1,0,unsat,1.809814,0.088630,0.706120,0.558800,0.158110,0.000000,0.001930,
graphics-pbrt.53.ground.smt2,,par_async,2,0,unsat,1.639092,0.089290,0.596580,0.558100,0.109020,0.000000,0.001420,
graphics-pbrt.53.ground.smt2,,par_async,4,0,unsat,1.734351,0.093150,0.710180,0.562620,0.085600,0.000000,0.001270,
graphics-pbrt.53.ground.smt2,,par_async,8,0,unsat,2.254385,0.089360,1.106220,0.671070,0.083030,0.000000,0.001870,
graphics-pbrt.53.ground.smt2,,par_async,16,0,unsat,1.746467,0.088380,0.733770,0.568540,0.060440,0.000000,0.001930,
graphics-pbrt.53.ground.smt2,,par_async,32,0,unsat,2.332292,0.089950,1.108240,0.693750,0.078090,0.000000,0.002220,
graphics-pbrt.53.ground.smt2,,par_async,64,0,unsat,1.949198,0.090390,0.758470,0.708250,0.090740,0.000000,0.003100,
graphics-pbrt.53.ground.smt2,,par_async,128,0,unsat,1.862008,0.089600,0.733720,0.633030,0.101190,0.000020,0.003110,
graphics-pbrt.53.ground.smt2,,par_async,144,0,unsat,1.936189,0.096780,0.614750,0.808680,0.109610,0.000000,0.004340,
graphics-pbrt.54.ground.smt2,,nelson_topo_iter,1,0,unsat,1.346549,0.067380,0.493600,0.502230,0.032630,0.000000,0.003940,
graphics-pbrt.54.ground.smt2,,nelson_simple,1,0,unsat,1.840766,0.058780,0.824870,0.645000,0.043440,0.000000,0.005900,
graphics-pbrt.54.ground.smt2,,par_async,1,0,unsat,1.541726,0.057990,0.543150,0.518200,0.178660,0.000000,0.002000,
graphics-pbrt.54.ground.smt2,,par_async,2,0,unsat,1.491740,0.059080,0.571450,0.503400,0.105190,0.000000,0.001370,
graphics-pbrt.54.ground.smt2,,par_async,4,0,unsat,1.459462,0.058480,0.564160,0.503220,0.084250,0.000000,0.001380,
graphics-pbrt.54.ground.smt2,,par_async,8,0,unsat,1.426185,0.058660,0.549960,0.512460,0.057710,0.000000,0.001790,
graphics-pbrt.54.ground.smt2,,par_async,16,0,unsat,1.440162,0.057680,0.553630,0.523650,0.050650,0.000000,0.002300,
graphics-pbrt.54.ground.smt2,,par_async,32,0,unsat,1.390125,0.057930,0.515510,0.515530,0.052920,0.000000,0.002210,
graphics-pbrt.54.ground.smt2,,par_async,64,0,unsat,1.934343,0.058350,0.932560,0.610590,0.070260,0.000000,0.003040,
graphics-pbrt.54.ground.smt2,,par_async,128,0,unsat,1.770268,0.055710,0.775120,0.588810,0.079270,0.000000,0.003720,
graphics-pbrt.54.ground.smt2,,par_async,144,0,unsat,1.572260,0.066410,0.581020,0.569490,0.091440,0.000000,0.003550,
graphics-pbrt.55.ground.smt2,,nelson_topo_iter,1,0,unsat,1.393838,0.086660,0.551230,0.474780,0.050830,0.000000,0.002750,
graphics-pbrt.55.ground.smt2,,nelson_simple,1,0,unsat,1.247006,0.076240,0.456380,0.447340,0.037180,0.000000,0.002820,
graphics-pbrt.55.ground.smt2,,par_async,1,0,unsat,1.803355,0.078700,0.788350,0.560860,0.138250,0.000000,0.002050,
graphics-pbrt.55.ground.smt2,,par_async,2,0,unsat,1.392221,0.081090,0.531770,0.465160,0.082630,0.000000,0.002830,
graphics-pbrt.55.ground.smt2,,par_async,4,0,unsat,1.332206,0.078810,0.510000,0.432820,0.069000,0.000000,0.004890,
graphics-pbrt.55.ground.smt2,,par_async,8,0,unsat,1.819684,0.071920,0.880320,0.552330,0.070160,0.000000,0.011680,
graphics-pbrt.55.ground.smt2,,par_async,16,0,unsat,1.492050,0.079680,0.583930,0.453310,0.054600,0.000000,0.022720,
graphics-pbrt.55.ground.smt2,,par_async,32,0,unsat,1.479215,0.084950,0.535570,0.470250,0.053390,0.000000,0.044820,
graphics-pbrt.55.ground.smt2,,par_async,64,0,unsat,1.474472,0.080800,0.508490,0.504950,0.064340,0.000000,0.088560,
graphics-pbrt.55.ground.smt2,,par_async,128,0,unsat,1.714851,0.078720,0.557050,0.647410,0.085180,0.000000,0.120770,
graphics-pbrt.55.ground.smt2,,par_async,144,0,unsat,1.640138,0.078700,0.598340,0.543930,0.070300,0.000000,0.121460,
graphics-pbrt.56.ground.smt2,,nelson_topo_iter,1,0,unsat,1.402020,0.078430,0.506540,0.498990,0.067960,0.000000,0.003160,
graphics-pbrt.56.ground.smt2,,nelson_simple,1,0,unsat,1.937304,0.076480,0.942640,0.615320,0.054530,0.000000,0.004460,
graphics-pbrt.56.ground.smt2,,par_async,1,0,unsat,1.971540,0.078480,0.846940,0.613500,0.182630,0.000000,0.002490,
graphics-pbrt.56.ground.smt2,,par_async,2,0,unsat,1.779417,0.077200,0.738550,0.578950,0.127470,0.000000,0.003800,
graphics-pbrt.56.ground.smt2,,par_async,4,0,unsat,1.497180,0.078330,0.548930,0.524140,0.092960,0.000000,0.005010,
graphics-pbrt.56.ground.smt2,,par_async,8,0,unsat,1.405002,0.076870,0.508680,0.482900,0.078450,0.000000,0.011910,
graphics-pbrt.56.ground.smt2,,par_async,16,0,unsat,1.529181,0.075990,0.532380,0.552360,0.070360,0.000000,0.027510,
graphics-pbrt.56.ground.smt2,,par_async,32,0,unsat,1.415482,0.067620,0.486530,0.505220,0.071900,0.000000,0.043490,
graphics-pbrt.56.ground.smt2,,par_async,64,0,unsat,2.093121,0.091600,0.943690,0.607370,0.098550,0.000000,0.107770,
graphics-pbrt.56.ground.smt2,,par_async,128,0,unsat,1.652116,0.076180,0.505150,0.611150,0.090820,0.000000,0.137220,
graphics-pbrt.56.ground.smt2,,par_async,144,0,unsat,2.007020,0.082340,0.578100,0.858500,0.105610,0.000000,0.150910,
graphics-pbrt.57.ground.smt2,,nelson_topo_iter,1,0,unsat,1.768903,0.089560,0.717820,0.573150,0.091610,0.000000,0.003620,
graphics-pbrt.57.ground.smt2,,nelson_simple,1,0,unsat,2.274613,0.130800,1.061360,0.709950,0.068320,0.000000,0.005120,
graphics-pbrt.57.ground.smt2,,par_async,1,0,unsat,1.802305,0.091380,0.709450,0.561300,0.154500,0.000000,0.002020,
graphics-pbrt.57.ground.smt2,,par_async,2,0,unsat,1.651115,0.095060,0.588250,0.556270,0.111490,0.000000,0.002130,
graphics-pbrt.57.ground.smt2,,par_async,4,0,unsat,1.748923,0.090160,0.716170,0.565010,0.087820,0.000000,0.001250,
graphics-pbrt.57.ground.smt2,,par_async,8,0,unsat,2.246068,0.110730,1.076520,0.671240,0.082200,0.000000,0.001930,
graphics-pbrt.57.ground.smt2,,par_async,16,0,unsat,1.768860,0.089610,0.705460,0.581740,0.064230,0.000000,0.001970,
graphics-pbrt.57.ground.smt2,,par_async,32,0,unsat,2.230072,0.116050,1.065350,0.674380,0.072400,0.000000,0.002200,
graphics-pbrt.57.ground.smt2,,par_async,64,0,unsat,1.802818,0.088250,0.719800,0.619740,0.077590,0.000000,0.002910,
graphics-pbrt.57.ground.smt2,,par_async,128,0,unsat,1.762620,0.088970,0.605930,0.681400,0.092630,0.000000,0.003420,
graphics-pbrt.57.ground.smt2,,par_async,144,0,unsat,1.937637,0.089610,0.774180,0.678230,0.100970,0.000000,0.003520,
graphics-pbrt.58.ground.smt2,,nelson_topo_iter,1,0,unsat,0.126339,0.008150,0.051220,0.042410,0.005680,0.000000,0.000560,
graphics-pbrt.58.ground.smt2,,nelson_simple,1,0,unsat,0.121389,0.008270,0.049880,0.040970,0.005040,0.000000,0.000530,
graphics-pbrt.58.ground.smt2,,par_async,1,0,unsat,0.205237,0.009130,0.058080,0.072610,0.039680,0.000000,0.000570,
graphics-pbrt.58.ground.smt2,,par_async,2,0,unsat,0.132197,0.008490,0.051220,0.039120,0.015810,0.000000,0.000350,
graphics-pbrt.58.ground.smt2,,par_async,4,0,unsat,0.129375,0.008970,0.051800,0.038270,0.012970,0.000000,0.000650,
graphics-pbrt.58.ground.smt2,,par_async,8,0,unsat,0.137941,0.008010,0.050040,0.045240,0.013390,0.000000,0.001510,
graphics-pbrt.58.ground.smt2,,par_async,16,0,unsat,0.126953,0.005960,0.048820,0.038600,0.009740,0.000000,0.004120,
graphics-pbrt.58.ground.smt2,,par_async,32,0,unsat,0.135942,0.007170,0.050160,0.040860,0.009810,0.000000,0.009270,
graphics-pbrt.58.ground.smt2,,par_async,64,0,unsat,0.156535,0.006140,0.049540,0.057920,0.013730,0.000000,0.012370,
graphics-pbrt.58.ground.smt2,,par_async,128,0,unsat,0.214946,0.006480,0.068120,0.085800,0.013700,0.000000,0.020960,
graphics-pbrt.58.ground.smt2,,par_async,144,0,unsat,0.197852,0.006040,0.049150,0.084590,0.013860,0.000000,0.021690,
graphics-pbrt.6.ground.smt2,,nelson_topo_iter,1,0,unsat,0.937587,0.041270,0.358260,0.346280,0.042080,0.000000,0.002950,
graphics-pbrt.6.ground.smt2,,nelson_simple,1,0,unsat,1.211474,0.049150,0.491020,0.426650,0.073810,0.000000,0.003510,
graphics-pbrt.6.ground.smt2,,par_async,1,0,unsat,0.906277,0.044750,0.293800,0.290660,0.132890,0.000000,0.001110,
graphics-pbrt.6.ground.smt2,,par_async,2,0,unsat,1.346365,0.043770,0.599020,0.407230,0.144170,0.000000,0.002090,
graphics-pbrt.6.ground.smt2,,par_async,4,0,unsat,0.965927,0.041970,0.313510,0.345560,0.111510,0.000000,0.003190,
graphics-pbrt.6.ground.smt2,,par_async,8,0,unsat,1.009817,0.045030,0.373370,0.345140,0.093290,0.000000,0.007580,
graphics-pbrt.6.ground.smt2,,par_async,16,0,unsat,1.068581,0.043690,0.396160,0.380760,0.083610,0.000000,0.017640,
graphics-pbrt.6.ground.smt2,,par_async,32,0,unsat,0.918546,0.040340,0.313080,0.320480,0.075710,0.000000,0.022920,
graphics-pbrt.6.ground.smt2,,par_async,64,0,unsat,0.970023,0.041300,0.323760,0.311510,0.086940,0.000000,0.060550,
graphics-pbrt.6.ground.smt2,,par_async,128,0,unsat,1.024590,0.044570,0.329240,0.325910,0.094460,0.000000,0.093960,
graphics-pbrt.6.ground.smt2,,par_async,144,0,unsat,1.068221,0.045370,0.341430,0.368910,0.099960,0.000000,0.082060,
graphics-pbrt.60.ground.smt2,,nelson_topo_iter,1,0,unsat,0.013575,0.000460,0.001020,0.003740,0.000120,0.000000,0.000040,
graphics-pbrt.60.ground.smt2,,nelson_simple,1,0,unsat,0.012894,0.000270,0.001180,0.004260,0.000180,0.000000,0.000040,
graphics-pbrt.60.ground.smt2,,par_async,1,0,unsat,0.012855,0.000290,0.001240,0.004280,0.000340,0.000000,0.000030,
graphics-pbrt.60.ground.smt2,,par_async,2,0,unsat,0.008368,0.000200,0.000870,0.002470,0.000270,0.000000,0.000030,
graphics-pbrt.60.ground.smt2,,par_async,4,0,unsat,0.014964,0.000390,0.001630,0.005240,0.000380,0.000000,0.000040,
graphics-pbrt.60.ground.smt2,,par_async,8,0,unsat,0.013426,0.000320,0.001680,0.004550,0.000260,0.000000,0.000030,
graphics-pbrt.60.ground.smt2,,par_async,16,0,unsat,0.016532,0.000400,0.001880,0.006540,0.000260,0.000000,0.000030,
graphics-pbrt.60.ground.smt2,,par_async,32,0,unsat,0.018802,0.000430,0.001860,0.008480,0.000260,0.000000,0.000040,
graphics-pbrt.60.ground.smt2,,par_async,64,0,unsat,0.026104,0.000280,0.001050,0.015200,0.001600,0.000000,0.000100,
graphics-pbrt.60.ground.smt2,,par_async,128,0,unsat,0.028832,0.000270,0.001060,0.018370,0.000610,0.000000,0.000250,
graphics-pbrt.60.ground.smt2,,par_async,144,0,unsat,0.035069,0.000300,0.001070,0.019700,0.000640,0.000000,0.000320,
graphics-pbrt.61.ground.smt2,,nelson_topo_iter,1,0,unsat,1.489984,0.089960,0.550420,0.518560,0.078470,0.000000,0.003940,
graphics-pbrt.61.ground.smt2,,nelson_simple,1,0,unsat,1.443985,0.087710,0.519030,0.513520,0.065480,0.000000,0.004290,
graphics-pbrt.61.ground.smt2,,par_async,1,0,unsat,2.090794,0.108170,0.954340,0.598520,0.174720,0.000000,0.002660,
graphics-pbrt.61.ground.smt2,,par_async,2,0,unsat,1.459156,0.088140,0.515300,0.494830,0.106930,0.000000,0.002440,
graphics-pbrt.61.ground.smt2,,par_async,4,0,unsat,1.463111,0.085250,0.545060,0.496130,0.085400,0.000000,0.004810,
graphics-pbrt.61.ground.smt2,,par_async,8,0,unsat,2.002652,0.118110,0.943420,0.584740,0.088360,0.000000,0.014950,
graphics-pbrt.61.ground.smt2,,par_async,16,0,unsat,2.022479,0.129030,0.940860,0.585080,0.079500,0.000000,0.030260,
graphics-pbrt.61.ground.smt2,,par_async,32,0,unsat,1.489338,0.086920,0.523390,0.500980,0.067000,0.000000,0.054120,
graphics-pbrt.61.ground.smt2,,par_async,64,0,unsat,2.174737,0.136410,0.931350,0.624140,0.094890,0.000000,0.117220,
graphics-pbrt.61.ground.smt2,,par_async,128,0,unsat,2.049151,0.087020,0.598360,0.843490,0.106850,0.000000,0.161580,
graphics-pbrt.61.ground.smt2,,par_async,144,0,unsat,1.871603,0.094830,0.605960,0.668320,0.099990,0.000000,0.155390,
graphics-pbrt.62.ground.smt2,,nelson_topo_iter,1,0,unsat,1.472384,0.089280,0.544120,0.532960,0.051840,0.000000,0.003490,
graphics-pbrt.62.ground.smt2,,nelson_simple,1,0,unsat,1.473647,0.081360,0.528520,0.532370,0.066290,0.000000,0.003620,
graphics-pbrt.62.ground.smt2,,par_async,1,0,unsat,1.664855,0.083530,0.529830,0.527910,0.252830,0.000000,0.001970,
graphics-pbrt.62.ground.smt2,,par_async,2,0,unsat,1.622506,0.082610,0.626490,0.525590,0.132920,0.000000,0.001240,
graphics-pbrt.62.ground.smt2,,par_async,4,0,unsat,1.576713,0.075340,0.632170,0.520630,0.093280,0.000000,0.001400,
graphics-pbrt.62.ground.smt2,,par_async,8,0,unsat,2.056909,0.082890,1.007430,0.611960,0.062290,0.000000,0.001870,
graphics-pbrt.62.ground.smt2,,par_async,16,0,unsat,2.031585,0.106170,0.988500,0.617230,0.044260,0.000000,0.002160,
graphics-pbrt.62.ground.smt2,,par_async,32,0,unsat,2.016344,0.130390,0.962110,0.616790,0.043470,0.000000,0.002150,
graphics-pbrt.62.ground.smt2,,par_async,64,0,unsat,1.527443,0.080580,0.544320,0.581840,0.058390,0.000000,0.003460,
graphics-pbrt.62.ground.smt2,,par_async,128,0,unsat,1.585375,0.081740,0.555930,0.624320,0.063970,0.000000,0.003060,
graphics-pbrt.62.ground.smt2,,par_async,144,0,unsat,1.639110,0.083650,0.621070,0.593570,0.071030,0.000000,0.003920,
graphics-pbrt.63.ground.smt2,,nelson_topo_iter,1,0,unsat,1.034429,0.047620,0.381590,0.404350,0.054800,0.000000,0.003420,
graphics-pbrt.63.ground.smt2,,nelson_simple,1,0,unsat,1.052398,0.051130,0.371840,0.409020,0.068120,0.000000,0.003510,
graphics-pbrt.63.ground.smt2,,par_async,1,0,unsat,1.468797,0.048600,0.590730,0.449500,0.233640,0.000000,0.001940,
graphics-pbrt.63.ground.smt2,,par_async,2,0,unsat,1.029784,0.044190,0.378260,0.339550,0.127920,0.000000,0.001690,
graphics-pbrt.63.ground.smt2,,par_async,4,0,unsat,1.150288,0.045060,0.445340,0.383060,0.129410,0.000000,0.004250,
graphics-pbrt.63.ground.smt2,,par_async,8,0,unsat,0.882604,0.044860,0.292130,0.300030,0.096090,0.000000,0.008720,
graphics-pbrt.63.ground.smt2,,par_async,16,0,unsat,1.272579,0.048570,0.605530,0.360210,0.088440,0.000000,0.027120,
graphics-pbrt.63.ground.smt2,,par_async,32,0,unsat,1.002328,0.045850,0.355300,0.332180,0.085320,0.000000,0.041980,
graphics-pbrt.63.ground.smt2,,par_async,64,0,unsat,1.072956,0.045350,0.340600,0.356690,0.105810,0.000000,0.083600,
graphics-pbrt.63.ground.smt2,,par_async,128,0,unsat,1.170422,0.046890,0.356860,0.400100,0.126380,0.000000,0.104520,
graphics-pbrt.63.ground.smt2,,par_async,144,0,unsat,1.269224,0.045630,0.368780,0.481950,0.128370,0.000000,0.115390,
graphics-pbrt.64.ground.smt2,,nelson_topo_iter,1,0,unsat,1.706714,0.095680,0.730610,0.567670,0.032310,0.000000,0.003940,
graphics-pbrt.64.ground.smt2,,nelson_simple,1,0,unsat,2.248418,0.095720,1.084560,0.691970,0.081910,0.000000,0.005360,
graphics-pbrt.64.ground.smt2,,par_async,1,0,unsat,1.792434,0.094590,0.671980,0.567870,0.177030,0.000000,0.001920,
graphics-pbrt.64.ground.smt2,,par_async,2,0,unsat,2.270183,0.105650,1.061690,0.651510,0.155520,0.000000,0.001700,
graphics-pbrt.64.ground.smt2,,par_async,4,0,unsat,1.742183,0.096610,0.715070,0.554290,0.093600,0.000000,0.001370,
graphics-pbrt.64.ground.smt2,,par_async,8,0,unsat,1.915885,0.113220,0.888700,0.555980,0.073620,0.000000,0.001670,
graphics-pbrt.64.ground.smt2,,par_async,16,0,unsat,2.208889,0.104200,1.081730,0.640470,0.066500,0.000000,0.002090,
graphics-pbrt.64.ground.smt2,,par_async,32,0,unsat,1.567178,0.096260,0.574540,0.551150,0.058760,0.000000,0.001980,
graphics-pbrt.64.ground.smt2,,par_async,64,0,unsat,1.707725,0.102760,0.657970,0.580140,0.078610,0.000000,0.002900,
graphics-pbrt.64.ground.smt2,,par_async,128,0,unsat,2.286384,0.095070,0.883960,0.874580,0.107720,0.000000,0.003340,
graphics-pbrt.64.ground.smt2,,par_async,144,0,unsat,2.197560,0.104790,0.662590,0.929980,0.110240,0.000000,0.004300,
graphics-pbrt.65.ground.smt2,,nelson_topo_iter,1,0,unsat,2.043458,0.097890,0.905260,0.689020,0.059300,0.000000,0.005290,
graphics-pbrt.65.ground.smt2,,nelson_simple,1,0,unsat,2.155903,0.092700,1.046830,0.670600,0.044680,0.000000,0.005420,
graphics-pbrt.65.ground.smt2,,par_async,1,0,unsat,1.637005,0.091030,0.550380,0.535080,0.174310,0.000000,0.001980,
graphics-pbrt.65.ground.smt2,,par_async,2,0,unsat,1.688656,0.090040,0.649230,0.547660,0.125420,0.000000,0.001550,
graphics-pbrt.65.ground.smt2,,par_async,4,0,unsat,2.115315,0.089390,0.972410,0.655520,0.102100,0.000000,0.001430,
graphics-pbrt.65.ground.smt2,,par_async,8,0,unsat,2.127771,0.126200,1.003610,0.630130,0.072180,0.000000,0.001970,
graphics-pbrt.65.ground.smt2,,par_async,16,0,unsat,1.637815,0.088140,0.652930,0.558040,0.054820,0.000000,0.002040,
graphics-pbrt.65.ground.smt2,,par_async,32,0,unsat,1.657718,0.090710,0.660970,0.569320,0.058110,0.000000,0.002040,
graphics-pbrt.65.ground.smt2,,par_async,64,0,unsat,2.137071,0.089740,0.996420,0.668410,0.080020,0.000000,0.003350,
graphics-pbrt.65.ground.smt2,,par_async,128,0,unsat,1.827512,0.090900,0.571660,0.772530,0.099180,0.000000,0.003430,
graphics-pbrt.65.ground.smt2,,par_async,144,0,unsat,1.975066,0.092420,0.840000,0.666820,0.095050,0.000000,0.003360,
graphics-pbrt.66.ground.smt2,,nelson_topo_iter,1,0,unsat,1.200758,0.050890,0.497800,0.445960,0.040900,0.000000,0.003520,
graphics-pbrt.66.ground.smt2,,nelson_simple,1,0,unsat,0.937458,0.056800,0.339790,0.352190,0.030240,0.000000,0.002630,
graphics-pbrt.66.ground.smt2,,par_async,1,0,unsat,1.494206,0.064290,0.666160,0.454280,0.148280,0.000000,0.002000,
graphics-pbrt.66.ground.smt2,,par_async,2,0,unsat,1.473606,0.063020,0.673530,0.459170,0.112910,0.000000,0.002800,
graphics-pbrt.66.ground.smt2,,par_async,4,0,unsat,1.436516,0.051700,0.678260,0.454040,0.088620,0.000000,0.004480,
graphics-pbrt.66.ground.smt2,,par_async,8,0,unsat,1.360505,0.049780,0.604780,0.450320,0.083280,0.000000,0.010440,
graphics-pbrt.66.ground.smt2,,par_async,16,0,unsat,1.046348,0.051080,0.386310,0.370520,0.058690,0.000000,0.023940,
graphics-pbrt.66.ground.smt2,,par_async,32,0,unsat,1.202508,0.050600,0.440200,0.438550,0.074030,0.000000,0.038310,
graphics-pbrt.66.ground.smt2,,par_async,64,0,unsat,1.517639,0.070190,0.660900,0.463010,0.080930,0.000000,0.086120,
graphics-pbrt.66.ground.smt2,,par_async,128,0,unsat,1.192433,0.049480,0.345530,0.442060,0.082290,0.000000,0.123620,
graphics-pbrt.66.ground.smt2,,par_async,144,0,unsat,1.236439,0.051010,0.418950,0.415110,0.072940,0.000000,0.130510,
graphics-pbrt.67.ground.smt2,,nelson_topo_iter,1,0,unsat,1.798083,0.091240,0.723640,0.656010,0.059500,0.000000,0.003630,
graphics-pbrt.67.ground.smt2,,nelson_simple,1,0,unsat,1.600149,0.080680,0.634290,0.547490,0.071660,0.000000,0.003660,
graphics-pbrt.67.ground.smt2,,par_async,1,0,unsat,2.338691,0.090930,1.005300,0.646490,0.334700,0.000000,0.002750,
graphics-pbrt.67.ground.smt2,,par_async,2,0,unsat,1.654672,0.086720,0.602250,0.540620,0.165520,0.000000,0.001570,
graphics-pbrt.67.ground.smt2,,par_async,4,0,unsat,1.969937,0.081560,0.878430,0.638390,0.106430,0.000000,0.001450,
graphics-pbrt.67.ground.smt2,,par_async,8,0,unsat,1.802057,0.082720,0.771160,0.614300,0.060520,0.000000,0.001910,
graphics-pbrt.67.ground.smt2,,par_async,16,0,unsat,1.539544,0.083650,0.603800,0.548370,0.043850,0.000000,0.001830,
graphics-pbrt.67.ground.smt2,,par_async,32,0,unsat,1.546513,0.079460,0.617440,0.540940,0.043380,0.000000,0.001910,
graphics-pbrt.67.ground.smt2,,par_async,64,0,unsat,1.607623,0.081280,0.637060,0.562890,0.060310,0.000000,0.003140,
graphics-pbrt.67.ground.smt2,,par_async,128,0,unsat,1.816619,0.081320,0.766920,0.637570,0.067560,0.000000,0.003230,
graphics-pbrt.67.ground.smt2,,par_async,144,0,unsat,1.703805,0.087910,0.615400,0.652560,0.084160,0.000000,0.003260,
graphics-pbrt.68.ground.smt2,,nelson_topo_iter,1,0,unsat,1.077601,0.053430,0.413400,0.405180,0.056120,0.000000,0.003420,
graphics-pbrt.68.ground.smt2,,nelson_simple,1,0,unsat,1.348646,0.047650,0.610480,0.463830,0.071380,0.000000,0.003420,
graphics-pbrt.68.ground.smt2,,par_async,1,0,unsat,1.029524,0.046160,0.327670,0.348340,0.164960,0.000000,0.001360,
graphics-pbrt.68.ground.smt2,,par_async,2,0,unsat,1.185384,0.046080,0.421930,0.406460,0.164460,0.000000,0.002420,
graphics-pbrt.68.ground.smt2,,par_async,4,0,unsat,1.390693,0.047910,0.635690,0.429240,0.130860,0.000000,0.004310,
graphics-pbrt.68.ground.smt2,,par_async,8,0,unsat,1.150355,0.046040,0.447140,0.383700,0.116310,0.000000,0.010290,
graphics-pbrt.68.ground.smt2,,par_async,16,0,unsat,0.930919,0.047630,0.318900,0.301010,0.087610,0.000000,0.021830,
graphics-pbrt.68.ground.smt2,,par_async,32,0,unsat,1.374080,0.046340,0.596750,0.427170,0.107350,0.000000,0.039630,
graphics-pbrt.68.ground.smt2,,par_async,64,0,unsat,1.092270,0.045150,0.360810,0.358630,0.109930,0.000000,0.080070,
graphics-pbrt.68.ground.smt2,,par_async,128,0,unsat,1.425927,0.044980,0.443300,0.565720,0.131680,0.000000,0.103950,
graphics-pbrt.68.ground.smt2,,par_async,144,0,unsat,1.168924,0.046470,0.365510,0.385590,0.124490,0.000000,0.110430,
graphics-pbrt.69.ground.smt2,,nelson_topo_iter,1,0,unsat,1.605499,0.089860,0.587820,0.549680,0.099660,0.000000,0.003970,
graphics-pbrt.69.ground.smt2,,nelson_simple,1,0,unsat,1.525798,0.091760,0.542260,0.558780,0.056170,0.000000,0.004190,
graphics-pbrt.69.ground.smt2,,par_async,1,0,unsat,1.689650,0.086100,0.623890,0.570850,0.138880,0.000000,0.002060,
graphics-pbrt.69.ground.smt2,,par_async,2,0,unsat,2.062516,0.087260,0.899540,0.668620,0.124140,0.000000,0.001790,
graphics-pbrt.69.ground.smt2,,par_async,4,0,unsat,2.173601,0.087900,1.048900,0.642620,0.098880,0.000000,0.001520,
graphics-pbrt.69.ground.smt2,,par_async,8,0,unsat,1.570261,0.087710,0.593140,0.549410,0.071590,0.000000,0.001770,
graphics-pbrt.69.ground.smt2,,par_async,16,0,unsat,1.597470,0.078110,0.614020,0.560650,0.064500,0.000000,0.002040,
graphics-pbrt.69.ground.smt2,,par_async,32,0,unsat,1.601513,0.081660,0.635690,0.550470,0.065290,0.000000,0.002070,
graphics-pbrt.69.ground.smt2,,par_async,64,0,unsat,1.675143,0.085930,0.668860,0.572250,0.078320,0.000000,0.003270,
graphics-pbrt.69.ground.smt2,,par_async,128,0,unsat,1.722712,0.083910,0.562540,0.678920,0.103200,0.000000,0.003470,
graphics-pbrt.69.ground.smt2,,par_async,144,0,unsat,1.744481,0.088150,0.675870,0.609680,0.103080,0.000000,0.003450,
graphics-pbrt.7.ground.smt2,,nelson_topo_iter,1,0,unsat,1.285832,0.061680,0.604710,0.421690,0.042290,0.000000,0.002840,
graphics-pbrt.7.ground.smt2,,nelson_simple,1,0,unsat,0.962145,0.045740,0.340840,0.358040,0.064150,0.000000,0.002890,
graphics-pbrt.7.ground.smt2,,par_async,1,0,unsat,0.995756,0.045500,0.322380,0.325010,0.154600,0.000000,0.001070,
graphics-pbrt.7.ground.smt2,,par_async,2,0,unsat,0.989930,0.044790,0.358140,0.322150,0.117960,0.000000,0.001700,
graphics-pbrt.7.ground.smt2,,par_async,4,0,unsat,0.974616,0.043620,0.359480,0.320340,0.102550,0.000000,0.003320,
graphics-pbrt.7.ground.smt2,,par_async,8,0,unsat,0.886649,0.040630,0.275270,0.322900,0.090830,0.000000,0.007970,
graphics-pbrt.7.ground.smt2,,par_async,16,0,unsat,0.852275,0.039540,0.276690,0.296420,0.075090,0.000000,0.016150,
graphics-pbrt.7.ground.smt2,,par_async,32,0,unsat,1.288668,0.044500,0.579470,0.392820,0.097090,0.000000,0.027710,
graphics-pbrt.7.ground.smt2,,par_async,64,0,unsat,1.008918,0.042000,0.324240,0.343780,0.091840,0.000000,0.060260,
graphics-pbrt.7.ground.smt2,,par_async,128,0,unsat,1.039509,0.043440,0.351000,0.330110,0.093280,0.000000,0.082710,
graphics-pbrt.7.ground.smt2,,par_async,144,0,unsat,1.063952,0.044850,0.356520,0.343330,0.090690,0.000000,0.089460,
graphics-pbrt.71.ground.smt2,,nelson_topo_iter,1,0,unsat,2.625002,0.194720,1.063820,0.836460,0.053450,0.000000,0.003450,
graphics-pbrt.71.ground.smt2,,nelson_simple,1,0,unsat,3.174688,0.263770,1.488200,0.893310,0.046750,0.000000,0.003640,
graphics-pbrt.71.ground.smt2,,par_async,1,0,unsat,2.692655,0.184910,1.051910,0.815870,0.160490,0.000000,0.001760,
graphics-pbrt.71.ground.smt2,,par_async,2,0,unsat,3.362133,0.187010,1.464170,0.914960,0.133770,0.000000,0.002740,
graphics-pbrt.71.ground.smt2,,par_async,4,0,unsat,2.640230,0.191030,1.068890,0.818760,0.085390,0.000000,0.001160,
graphics-pbrt.71.ground.smt2,,par_async,8,0,unsat,3.045827,0.176280,1.419380,0.914380,0.066200,0.000000,0.001520,
graphics-pbrt.71.ground.smt2,,par_async,16,0,unsat,3.169152,0.205390,1.543480,0.880070,0.060700,0.000000,0.001800,
graphics-pbrt.71.ground.smt2,,par_async,32,0,unsat,2.500873,0.184280,0.949810,0.824180,0.064140,0.000000,0.001750,
graphics-pbrt.71.ground.smt2,,par_async,64,0,unsat,2.596884,0.185120,0.964970,0.875030,0.079580,0.000000,0.002850,
graphics-pbrt.71.ground.smt2,,par_async,128,0,unsat,2.772247,0.181040,1.052180,0.956080,0.093100,0.000000,0.002940,
graphics-pbrt.71.ground.smt2,,par_async,144,0,unsat,3.307451,0.242390,1.507040,0.963050,0.096470,0.000000,0.003060,
graphics-pbrt.72.ground.smt2,,nelson_topo_iter,1,0,unsat,2.695690,0.193330,1.103080,0.864120,0.040000,0.000000,0.003630,
graphics-pbrt.72.ground.smt2,,nelson_simple,1,0,unsat,3.265334,0.250030,1.566500,0.913550,0.038610,0.000000,0.003600,
graphics-pbrt.72.ground.smt2,,par_async,1,0,unsat,2.794379,0.184560,1.099490,0.847630,0.160550,0.000000,0.001750,
graphics-pbrt.72.ground.smt2,,par_async,2,0,unsat,3.296431,0.286020,1.507320,0.886990,0.114570,0.000000,0.001470,
graphics-pbrt.72.ground.smt2,,par_async,4,0,unsat,2.987022,0.188730,1.343170,0.870160,0.083470,0.000000,0.001230,
graphics-pbrt.72.ground.smt2,,par_async,8,0,unsat,2.961604,0.188230,1.321970,0.879780,0.066530,0.000000,0.001620,
graphics-pbrt.72.ground.smt2,,par_async,16,0,unsat,2.888508,0.184780,1.095310,0.853800,0.055390,0.000000,0.001840,
graphics-pbrt.72.ground.smt2,,par_async,32,0,unsat,2.702389,0.194040,1.089290,0.857550,0.056260,0.000000,0.001800,
graphics-pbrt.72.ground.smt2,,par_async,64,0,unsat,3.174197,0.185930,1.506970,0.895180,0.066690,0.000000,0.002690,
graphics-pbrt.72.ground.smt2,,par_async,128,0,unsat,3.332735,0.290080,1.520230,0.926080,0.088390,0.000000,0.002960,
graphics-pbrt.72.ground.smt2,,par_async,144,0,unsat,3.358602,0.199910,1.534340,1.017240,0.090350,0.000000,0.004630,
graphics-pbrt.73.ground.smt2,,nelson_topo_iter,1,0,unsat,1.081908,0.065730,0.425390,0.392760,0.025830,0.000000,0.003300,
graphics-pbrt.73.ground.smt2,,nelson_simple,1,0,unsat,1.184910,0.060950,0.467660,0.434770,0.037330,0.000000,0.003340,
graphics-pbrt.73.ground.smt2,,par_async,1,0,unsat,1.614250,0.067970,0.748680,0.445850,0.170020,0.000000,0.001700,
graphics-pbrt.73.ground.smt2,,par_async,2,0,unsat,1.044555,0.062240,0.385470,0.320810,0.101240,0.000000,0.001650,
graphics-pbrt.73.ground.smt2,,par_async,4,0,unsat,1.102571,0.059270,0.390100,0.383210,0.096050,0.000000,0.003370,
graphics-pbrt.73.ground.smt2,,par_async,8,0,unsat,1.026597,0.055610,0.371040,0.339630,0.078370,0.000000,0.008970,
graphics-pbrt.73.ground.smt2,,par_async,16,0,unsat,1.090514,0.054310,0.395890,0.373280,0.068530,0.000000,0.020400,
graphics-pbrt.73.ground.smt2,,par_async,32,0,unsat,1.291558,0.061050,0.542720,0.402500,0.077790,0.000000,0.029610,
graphics-pbrt.73.ground.smt2,,par_async,64,0,unsat,1.192150,0.060140,0.430670,0.383650,0.080920,0.000000,0.068380,
graphics-pbrt.73.ground.smt2,,par_async,128,0,unsat,1.521697,0.058430,0.473710,0.614250,0.110730,0.000000,0.101190,
graphics-pbrt.73.ground.smt2,,par_async,144,0,unsat,1.234180,0.059260,0.428670,0.394180,0.085920,0.000000,0.102680,
graphics-pbrt.74.ground.smt2,,nelson_topo_iter,1,0,unsat,1.020973,0.083380,0.401230,0.339200,0.018790,0.000000,0.002190,
graphics-pbrt.74.ground.smt2,,nelson_simple,1,0,unsat,1.016116,0.076630,0.395540,0.337100,0.023350,0.000000,0.002360,
graphics-pbrt.74.ground.smt2,,par_async,1,0,unsat,1.185420,0.077580,0.414420,0.396160,0.122080,0.000000,0.001190,
graphics-pbrt.74.ground.smt2,,par_async,2,0,unsat,1.243598,0.071990,0.464200,0.412100,0.114810,0.000000,0.002380,
graphics-pbrt.74.ground.smt2,,par_async,4,0,unsat,1.101341,0.076770,0.432210,0.330760,0.082840,0.000000,0.003340,
graphics-pbrt.74.ground.smt2,,par_async,8,0,unsat,1.156689,0.078040,0.435610,0.388570,0.072370,0.000000,0.008090,
graphics-pbrt.74.ground.smt2,,par_async,16,0,unsat,1.125912,0.069180,0.434820,0.363420,0.064020,0.000000,0.018930,
graphics-pbrt.74.ground.smt2,,par_async,32,0,unsat,1.296825,0.079240,0.538380,0.397550,0.074450,0.000000,0.026230,
graphics-pbrt.74.ground.smt2,,par_async,64,0,unsat,1.285515,0.077920,0.482680,0.397520,0.076580,0.000000,0.071710,
graphics-pbrt.74.ground.smt2,,par_async,128,0,unsat,1.231958,0.077610,0.404320,0.404130,0.082330,0.000000,0.101040,
graphics-pbrt.74.ground.smt2,,par_async,144,0,unsat,1.483149,0.076570,0.482010,0.550620,0.095250,0.000000,0.110680,
graphics-pbrt.75.ground.smt2,,nelson_topo_iter,1,0,unsat,1.434512,0.098330,0.616880,0.461710,0.023630,0.000000,0.002790,
graphics-pbrt.75.ground.smt2,,nelson_simple,1,0,unsat,1.397440,0.089860,0.568420,0.481470,0.025470,0.000000,0.002830,
graphics-pbrt.75.ground.smt2,,par_async,1,0,unsat,1.349088,0.089120,0.478770,0.431210,0.129250,0.000000,0.001480,
graphics-pbrt.75.ground.smt2,,par_async,2,0,unsat,1.933800,0.090140,0.951050,0.533580,0.128650,0.000000,0.002580,
graphics-pbrt.75.ground.smt2,,par_async,4,0,unsat,1.822069,0.092140,0.840360,0.552530,0.103750,0.000000,0.004710,
graphics-pbrt.75.ground.smt2,,par_async,8,0,unsat,1.474487,0.090390,0.606880,0.455400,0.080490,0.000000,0.019860,
graphics-pbrt.75.ground.smt2,,par_async,16,0,unsat,1.526503,0.090710,0.578750,0.462370,0.069210,0.000000,0.024960,
graphics-pbrt.75.ground.smt2,,par_async,32,0,unsat,1.462574,0.096390,0.566550,0.459190,0.065960,0.000000,0.045300,
graphics-pbrt.75.ground.smt2,,par_async,64,0,unsat,1.513090,0.087990,0.564740,0.479500,0.081860,0.000000,0.088070,
graphics-pbrt.75.ground.smt2,,par_async,128,0,unsat,1.709988,0.088380,0.555270,0.628780,0.096940,0.000000,0.110100,
graphics-pbrt.75.ground.smt2,,par_async,144,0,unsat,1.757459,0.091410,0.656830,0.579920,0.092850,0.000000,0.115420,
graphics-pbrt.79.ground.smt2,,nelson_topo_iter,1,0,unsat,1.354870,0.085880,0.528860,0.493150,0.022950,0.000000,0.002760,
graphics-pbrt.79.ground.smt2,,nelson_simple,1,0,unsat,1.823288,0.105420,0.892640,0.561860,0.030380,0.000000,0.003840,
graphics-pbrt.79.ground.smt2,,par_async,1,0,unsat,1.659325,0.078020,0.651410,0.523060,0.169780,0.000000,0.001990,
graphics-pbrt.79.ground.smt2,,par_async,2,0,unsat,1.894285,0.098290,0.909370,0.530740,0.126160,0.000000,0.002490,
graphics-pbrt.79.ground.smt2,,par_async,4,0,unsat,1.774712,0.077040,0.799560,0.557800,0.101280,0.000000,0.004570,
graphics-pbrt.79.ground.smt2,,par_async,8,0,unsat,1.379994,0.079070,0.528250,0.471830,0.074430,0.000000,0.009720,
graphics-pbrt.79.ground.smt2,,par_async,16,0,unsat,1.352645,0.079140,0.519590,0.436230,0.068320,0.000000,0.023250,
graphics-pbrt.79.ground.smt2,,par_async,32,0,unsat,1.676195,0.074860,0.709410,0.537420,0.083490,0.000000,0.037410,
graphics-pbrt.79.ground.smt2,,par_async,64,0,unsat,1.422319,0.076670,0.487620,0.476120,0.079150,0.000000,0.085770,
graphics-pbrt.79.ground.smt2,,par_async,128,0,unsat,1.765333,0.084140,0.726670,0.549310,0.083930,0.000000,0.120160,
graphics-pbrt.79.ground.smt2,,par_async,144,0,unsat,1.859810,0.082570,0.561690,0.785170,0.097070,0.000000,0.109600,
graphics-pbrt.8.ground.smt2,,nelson_topo_iter,1,0,unsat,1.912157,0.118020,0.708400,0.659810,0.076920,0.000000,0.003690,
graphics-pbrt.8.ground.smt2,,nelson_simple,1,0,unsat,1.919892,0.120910,0.690410,0.658610,0.098880,0.000000,0.004070,
graphics-pbrt.8.ground.smt2,,par_async,1,0,unsat,2.730929,0.129780,1.212740,0.766280,0.268490,0.000000,0.002000,
graphics-pbrt.8.ground.smt2,,par_async,2,0,unsat,2.090483,0.115680,0.806360,0.638820,0.194940,0.000000,0.001510,
graphics-pbrt.8.ground.smt2,,par_async,4,0,unsat,2.053720,0.114960,0.800400,0.641790,0.144830,0.000000,0.001260,
graphics-pbrt.8.ground.smt2,,par_async,8,0,unsat,2.406686,0.115100,1.035830,0.763460,0.130960,0.000000,0.001860,
graphics-pbrt.8.ground.smt2,,par_async,16,0,unsat,2.132672,0.112720,0.802660,0.649470,0.098360,0.000000,0.001950,
graphics-pbrt.8.ground.smt2,,par_async,32,0,unsat,2.455061,0.119210,1.150090,0.723510,0.107890,0.000000,0.001960,
graphics-pbrt.8.ground.smt2,,par_async,64,0,unsat,2.363403,0.114470,1.011220,0.756000,0.126380,0.000000,0.003120,
graphics-pbrt.8.ground.smt2,,par_async,128,0,unsat,2.188101,0.115830,0.824040,0.758590,0.141990,0.000000,0.003140,
graphics-pbrt.8.ground.smt2,,par_async,144,0,unsat,2.588970,0.119280,1.195920,0.769440,0.147950,0.000000,0.004290,
graphics-pbrt.80.ground.smt2,,nelson_topo_iter,1,0,unsat,1.975044,0.101690,0.977000,0.591140,0.043410,0.000000,0.004020,
graphics-pbrt.80.ground.smt2,,nelson_simple,1,0,unsat,1.946864,0.081630,0.969500,0.599280,0.031830,0.000000,0.004100,
graphics-pbrt.80.ground.smt2,,par_async,1,0,unsat,1.962130,0.081160,0.856440,0.593060,0.181390,0.000000,0.002080,
graphics-pbrt.80.ground.smt2,,par_async,2,0,unsat,1.838077,0.082350,0.790720,0.579880,0.134430,0.000000,0.002850,
graphics-pbrt.80.ground.smt2,,par_async,4,0,unsat,1.544304,0.082170,0.633500,0.481790,0.089420,0.000000,0.004260,
graphics-pbrt.80.ground.smt2,,par_async,8,0,unsat,1.488027,0.079510,0.590020,0.487760,0.077940,0.000000,0.009610,
graphics-pbrt.80.ground.smt2,,par_async,16,0,unsat,1.541788,0.080910,0.634790,0.479160,0.071250,0.000000,0.024720,
graphics-pbrt.80.ground.smt2,,par_async,32,0,unsat,1.547695,0.080130,0.611770,0.485570,0.070040,0.000000,0.046480,
graphics-pbrt.80.ground.smt2,,par_async,64,0,unsat,1.819585,0.080090,0.694360,0.598270,0.098560,0.000000,0.093820,
graphics-pbrt.80.ground.smt2,,par_async,128,0,unsat,1.694122,0.087690,0.568800,0.574730,0.086200,0.000000,0.140090,
graphics-pbrt.80.ground.smt2,,par_async,144,0,unsat,1.757242,0.079730,0.675400,0.546090,0.086320,0.000000,0.131230,
graphics-pbrt.81.ground.smt2,,nelson_topo_iter,1,0,unsat,1.470675,0.092610,0.561530,0.514110,0.025860,0.000000,0.003020,
graphics-pbrt.81.ground.smt2,,nelson_simple,1,0,unsat,1.460768,0.087650,0.545920,0.518070,0.029950,0.000000,0.003160,
graphics-pbrt.81.ground.smt2,,par_async,1,0,unsat,2.203237,0.124480,0.992150,0.610730,0.199230,0.000000,0.002250,
graphics-pbrt.81.ground.smt2,,par_async,2,0,unsat,1.633195,0.087000,0.638140,0.516620,0.120680,0.000000,0.002670,
graphics-pbrt.81.ground.smt2,,par_async,4,0,unsat,1.943970,0.087600,0.834270,0.610820,0.118600,0.000000,0.005460,
graphics-pbrt.81.ground.smt2,,par_async,8,0,unsat,1.801668,0.089080,0.711130,0.605150,0.103180,0.000000,0.013270,
graphics-pbrt.81.ground.smt2,,par_async,16,0,unsat,1.818564,0.084980,0.669760,0.529520,0.079710,0.000000,0.043680,
graphics-pbrt.81.ground.smt2,,par_async,32,0,unsat,2.157892,0.096510,1.043190,0.607420,0.090610,0.000000,0.041280,
graphics-pbrt.81.ground.smt2,,par_async,64,0,unsat,1.739898,0.085950,0.579440,0.615360,0.091730,0.000000,0.096630,
graphics-pbrt.81.ground.smt2,,par_async,128,0,unsat,1.975814,0.087330,0.784000,0.614580,0.096700,0.000000,0.132870,
graphics-pbrt.81.ground.smt2,,par_async,144,0,unsat,1.807428,0.083470,0.660420,0.570300,0.098250,0.000000,0.130860,
graphics-pbrt.82.ground.smt2,,nelson_topo_iter,1,0,unsat,1.321840,0.080150,0.488690,0.471990,0.039650,0.000000,0.002830,
graphics-pbrt.82.ground.smt2,,nelson_simple,1,0,unsat,1.938623,0.070010,0.927670,0.599170,0.082020,0.000000,0.004000,
graphics-pbrt.82.ground.smt2,,par_async,1,0,unsat,1.955142,0.080790,0.772510,0.573560,0.266070,0.000000,0.002130,
graphics-pbrt.82.ground.smt2,,par_async,2,0,unsat,1.746785,0.081130,0.670150,0.552590,0.193580,0.000000,0.003620,
graphics-pbrt.82.ground.smt2,,par_async,4,0,unsat,1.468117,0.080400,0.543550,0.456550,0.133090,0.000000,0.004120,
graphics-pbrt.82.ground.smt2,,par_async,8,0,unsat,1.413294,0.079270,0.489790,0.466380,0.114560,0.000000,0.011480,
graphics-pbrt.82.ground.smt2,,par_async,16,0,unsat,1.842074,0.072650,0.816620,0.558410,0.117920,0.000000,0.026430,
graphics-pbrt.82.ground.smt2,,par_async,32,0,unsat,1.703791,0.080050,0.671250,0.544770,0.120660,0.000000,0.038060,
graphics-pbrt.82.ground.smt2,,par_async,64,0,unsat,1.990285,0.092650,0.823730,0.593330,0.152200,0.000000,0.086830,
graphics-pbrt.82.ground.smt2,,par_async,128,0,unsat,1.895775,0.084970,0.691250,0.604230,0.147630,0.000000,0.126160,
graphics-pbrt.82.ground.smt2,,par_async,144,0,unsat,1.803883,0.081070,0.669080,0.560930,0.132000,0.000000,0.118460,
graphics-pbrt.84.ground.smt2,,nelson_topo_iter,1,0,unsat,1.703072,0.104450,0.687040,0.562890,0.047390,0.000000,0.003010,
graphics-pbrt.84.ground.smt2,,nelson_simple,1,0,unsat,2.284945,0.111130,1.070570,0.680750,0.104150,0.000000,0.004230,
graphics-pbrt.84.ground.smt2,,par_async,1,0,unsat,1.915735,0.101430,0.701000,0.541820,0.276660,0.000000,0.001590,
graphics-pbrt.84.ground.smt2,,par_async,2,0,unsat,1.759117,0.103720,0.595020,0.529850,0.221670,0.000000,0.001910,
graphics-pbrt.84.ground.smt2,,par_async,4,0,unsat,2.186114,0.102970,0.883640,0.651460,0.226350,0.000000,0.004990,
graphics-pbrt.84.ground.smt2,,par_async,8,0,unsat,1.779252,0.105120,0.651770,0.549770,0.166570,0.000000,0.010830,
graphics-pbrt.84.ground.smt2,,par_async,16,0,unsat,2.062167,0.103450,0.816740,0.646090,0.166280,0.000000,0.024720,
graphics-pbrt.84.ground.smt2,,par_async,32,0,unsat,2.293492,0.101460,0.968460,0.674780,0.190000,0.000000,0.042190,
graphics-pbrt.84.ground.smt2,,par_async,64,0,unsat,1.972247,0.104230,0.710440,0.591820,0.179300,0.000000,0.084980,
graphics-pbrt.84.ground.smt2,,par_async,128,0,unsat,2.075388,0.103610,0.685900,0.692330,0.184190,0.000000,0.115030,
graphics-pbrt.84.ground.smt2,,par_async,144,0,unsat,2.008621,0.104590,0.697320,0.602880,0.185460,0.000000,0.131270,
graphics-pbrt.85.ground.smt2,,nelson_topo_iter,1,0,unsat,1.635718,0.083710,0.644860,0.562650,0.056130,0.000000,0.003110,
graphics-pbrt.85.ground.smt2,,nelson_simple,1,0,unsat,2.013061,0.079650,0.856800,0.686060,0.082670,0.000000,0.004470,
graphics-pbrt.85.ground.smt2,,par_async,1,0,unsat,2.375421,0.084000,1.012390,0.660040,0.320330,0.000000,0.002400,
graphics-pbrt.85.ground.smt2,,par_async,2,0,unsat,1.766377,0.082220,0.671980,0.542620,0.187480,0.000000,0.002650,
graphics-pbrt.85.ground.smt2,,par_async,4,0,unsat,2.276936,0.120910,1.027470,0.644190,0.192140,0.000000,0.005860,
graphics-pbrt.85.ground.smt2,,par_async,8,0,unsat,1.979078,0.082140,0.806480,0.633860,0.162550,0.000000,0.011300,
graphics-pbrt.85.ground.smt2,,par_async,16,0,unsat,1.789303,0.080100,0.702540,0.547780,0.127610,0.000000,0.027100,
graphics-pbrt.85.ground.smt2,,par_async,32,0,unsat,1.672294,0.082720,0.581360,0.548340,0.121370,0.000000,0.046840,
graphics-pbrt.85.ground.smt2,,par_async,64,0,unsat,2.069351,0.082700,0.680380,0.745890,0.172320,0.000000,0.091280,
graphics-pbrt.85.ground.smt2,,par_async,128,0,unsat,2.020083,0.080620,0.713080,0.653140,0.160100,0.000000,0.129440,
graphics-pbrt.85.ground.smt2,,par_async,144,0,unsat,2.123497,0.088810,0.804760,0.667720,0.158270,0.000000,0.131450,
graphics-pbrt.86.ground.smt2,,nelson_topo_iter,1,0,unsat,0.970287,0.045210,0.396700,0.343490,0.047830,0.000000,0.002760,
graphics-pbrt.86.ground.smt2,,nelson_simple,1,0,unsat,1.212383,0.041000,0.567040,0.402690,0.042670,0.000000,0.003610,
graphics-pbrt.86.ground.smt2,,par_async,1,0,unsat,0.837636,0.042220,0.286190,0.290440,0.083270,0.000000,0.001450,
graphics-pbrt.86.ground.smt2,,par_async,2,0,unsat,1.225465,0.039970,0.587210,0.381320,0.078410,0.000000,0.001930,
graphics-pbrt.86.ground.smt2,,par_async,4,0,unsat,0.857679,0.040590,0.330140,0.298320,0.050000,0.000000,0.003090,
graphics-pbrt.86.ground.smt2,,par_async,8,0,unsat,0.829196,0.039810,0.335250,0.274040,0.039210,0.000000,0.007410,
graphics-pbrt.86.ground.smt2,,par_async,16,0,unsat,0.936241,0.037220,0.355260,0.346180,0.043330,0.000000,0.018110,
graphics-pbrt.86.ground.smt2,,par_async,32,0,unsat,0.841178,0.039930,0.292500,0.310870,0.037270,0.000000,0.022360,
graphics-pbrt.86.ground.smt2,,par_async,64,0,unsat,0.917957,0.040070,0.309140,0.325900,0.042060,0.000000,0.066260,
graphics-pbrt.86.ground.smt2,,par_async,128,0,unsat,1.122463,0.040650,0.306630,0.491970,0.062900,0.000000,0.094810,
graphics-pbrt.86.ground.smt2,,par_async,144,0,unsat,0.960000,0.042310,0.340230,0.309690,0.044760,0.000000,0.093080,
graphics-pbrt.87.ground.smt2,,nelson_topo_iter,1,0,unsat,1.559687,0.077350,0.622200,0.533830,0.049480,0.000000,0.003000,
graphics-pbrt.87.ground.smt2,,nelson_simple,1,0,unsat,1.544414,0.085390,0.604460,0.526310,0.060040,0.000000,0.003070,
graphics-pbrt.87.ground.smt2,,par_async,1,0,unsat,1.675571,0.078770,0.625820,0.499230,0.210930,0.000000,0.001630,
graphics-pbrt.87.ground.smt2,,par_async,2,0,unsat,2.168254,0.078970,1.006470,0.591940,0.209320,0.000000,0.002600,
graphics-pbrt.87.ground.smt2,,par_async,4,0,unsat,1.517051,0.078080,0.528270,0.492200,0.142690,0.000000,0.004480,
graphics-pbrt.87.ground.smt2,,par_async,8,0,unsat,1.591613,0.070230,0.510260,0.598460,0.139250,0.000000,0.011270,
graphics-pbrt.87.ground.smt2,,par_async,16,0,unsat,1.616352,0.070220,0.583200,0.516900,0.116150,0.000000,0.028930,
graphics-pbrt.87.ground.smt2,,par_async,32,0,unsat,1.749709,0.069980,0.699200,0.553720,0.108900,0.000000,0.033350,
graphics-pbrt.87.ground.smt2,,par_async,64,0,unsat,1.703102,0.078860,0.554980,0.541660,0.138030,0.000000,0.088410,
graphics-pbrt.87.ground.smt2,,par_async,128,0,unsat,1.877938,0.080550,0.681470,0.583560,0.147120,0.000000,0.127240,
graphics-pbrt.87.ground.smt2,,par_async,144,0,unsat,2.095300,0.084910,0.630250,0.831450,0.170180,0.000000,0.125440,
graphics-pbrt.88.ground.smt2,,nelson_topo_iter,1,0,unsat,1.880315,0.094660,0.750940,0.633230,0.065460,0.000000,0.003240,
graphics-pbrt.88.ground.smt2,,nelson_simple,1,0,unsat,1.874062,0.088910,0.750520,0.636780,0.063600,0.000000,0.003400,
graphics-pbrt.88.ground.smt2,,par_async,1,0,unsat,1.948438,0.087320,0.670790,0.609120,0.239350,0.000000,0.001790,
graphics-pbrt.88.ground.smt2,,par_async,2,0,unsat,1.895854,0.109470,0.668160,0.607330,0.169590,0.000000,0.001680,
graphics-pbrt.88.ground.smt2,,par_async,4,0,unsat,2.196612,0.079590,0.920360,0.713990,0.138760,0.000000,0.001130,
graphics-pbrt.88.ground.smt2,,par_async,8,0,unsat,1.780609,0.079350,0.620870,0.625980,0.112730,0.000000,0.001520,
graphics-pbrt.88.ground.smt2,,par_async,16,0,unsat,2.358824,0.088440,1.072810,0.732510,0.112180,0.000000,0.001750,
graphics-pbrt.88.ground.smt2,,par_async,32,0,unsat,1.918106,0.086660,0.765150,0.623870,0.098820,0.000000,0.001720,
graphics-pbrt.88.ground.smt2,,par_async,64,0,unsat,1.998136,0.088680,0.751150,0.666050,0.130190,0.000000,0.003070,
graphics-pbrt.88.ground.smt2,,par_async,128,0,unsat,2.197467,0.087650,0.765410,0.818920,0.165430,0.000000,0.003050,
graphics-pbrt.88.ground.smt2,,par_async,144,0,unsat,2.472168,0.096040,0.916660,0.927570,0.169850,0.000000,0.003130,
graphics-pbrt.89.ground.smt2,,nelson_topo_iter,1,0,unsat,2.080795,0.095620,0.873650,0.722350,0.052080,0.000000,0.002980,
graphics-pbrt.89.ground.smt2,,nelson_simple,1,0,unsat,2.334068,0.086960,1.103130,0.728390,0.075580,0.000000,0.004250,
graphics-pbrt.89.ground.smt2,,par_async,1,0,unsat,1.819226,0.075210,0.614910,0.580770,0.218130,0.000000,0.001610,
graphics-pbrt.89.ground.smt2,,par_async,2,0,unsat,1.766873,0.073620,0.609560,0.579500,0.173660,0.000000,0.001940,
graphics-pbrt.89.ground.smt2,,par_async,4,0,unsat,2.187387,0.086390,0.919840,0.690510,0.150440,0.000000,0.004420,
graphics-pbrt.89.ground.smt2,,par_async,8,0,unsat,2.399751,0.112460,1.106070,0.699890,0.149320,0.000000,0.012540,
graphics-pbrt.89.ground.smt2,,par_async,16,0,unsat,2.336371,0.084790,1.057870,0.699630,0.137040,0.000000,0.028550,
graphics-pbrt.89.ground.smt2,,par_async,32,0,unsat,1.931881,0.078520,0.742150,0.597160,0.118460,0.000000,0.044840,
graphics-pbrt.89.ground.smt2,,par_async,64,0,unsat,2.038147,0.089850,0.750840,0.645300,0.141980,0.000000,0.094320,
graphics-pbrt.89.ground.smt2,,par_async,128,0,unsat,2.083315,0.086370,0.756970,0.662860,0.158880,0.000000,0.114370,
graphics-pbrt.89.ground.smt2,,par_async,144,0,unsat,2.382172,0.090440,0.831430,0.830380,0.178050,0.000000,0.133050,
graphics-pbrt.9.ground.smt2,,nelson_topo_iter,1,0,unsat,1.201436,0.081180,0.421380,0.459110,0.033830,0.000000,0.002800,
graphics-pbrt.9.ground.smt2,,nelson_simple,1,0,unsat,1.441075,0.067840,0.610310,0.499320,0.048040,0.000000,0.003840,
graphics-pbrt.9.ground.smt2,,par_async,1,0,unsat,1.510422,0.077730,0.545210,0.479120,0.205200,0.000000,0.002000,
graphics-pbrt.9.ground.smt2,,par_async,2,0,unsat,1.519083,0.078660,0.613330,0.467050,0.152910,0.000000,0.002330,
graphics-pbrt.9.ground.smt2,,par_async,4,0,unsat,1.471943,0.075780,0.574620,0.465080,0.123160,0.000000,0.006050,
graphics-pbrt.9.ground.smt2,,par_async,8,0,unsat,1.297531,0.075460,0.515030,0.411150,0.089270,0.000000,0.009980,
graphics-pbrt.9.ground.smt2,,par_async,16,0,unsat,1.287995,0.074150,0.475890,0.439100,0.079930,0.000000,0.021990,
graphics-pbrt.9.ground.smt2,,par_async,32,0,unsat,1.565941,0.067470,0.668210,0.497120,0.091800,0.000000,0.040140,
graphics-pbrt.9.ground.smt2,,par_async,64,0,unsat,1.745662,0.085440,0.763350,0.488060,0.100850,0.000000,0.080050,
graphics-pbrt.9.ground.smt2,,par_async,128,0,unsat,1.438683,0.079830,0.463900,0.497060,0.102430,0.000000,0.113330,
graphics-pbrt.9.ground.smt2,,par_async,144,0,unsat,1.435673,0.077430,0.451120,0.497950,0.098840,0.000000,0.114210,
graphics-pbrt.90.ground.smt2,,nelson_topo_iter,1,0,unsat,0.907808,0.057850,0.350440,0.319120,0.018320,0.000000,0.002190,
graphics-pbrt.90.ground.smt2,,nelson_simple,1,0,unsat,1.422196,0.079490,0.692420,0.444420,0.029070,0.000000,0.003100,
graphics-pbrt.90.ground.smt2,,par_async,1,0,unsat,1.503150,0.057480,0.686440,0.446580,0.146130,0.000000,0.001580,
graphics-pbrt.90.ground.smt2,,par_async,2,0,unsat,1.454149,0.055730,0.678100,0.444300,0.109280,0.000000,0.002080,
graphics-pbrt.90.ground.smt2,,par_async,4,0,unsat,1.413710,0.058070,0.648580,0.443130,0.092050,0.000000,0.004100,
graphics-pbrt.90.ground.smt2,,par_async,8,0,unsat,1.115648,0.056190,0.436930,0.372380,0.075330,0.000000,0.008920,
graphics-pbrt.90.ground.smt2,,par_async,16,0,unsat,1.440071,0.058480,0.682110,0.442890,0.068130,0.000000,0.019940,
graphics-pbrt.90.ground.smt2,,par_async,32,0,unsat,1.182576,0.058060,0.453910,0.388480,0.071120,0.000000,0.045010,
graphics-pbrt.90.ground.smt2,,par_async,64,0,unsat,1.078303,0.058690,0.359910,0.355180,0.071330,0.000000,0.061760,
graphics-pbrt.90.ground.smt2,,par_async,128,0,unsat,1.135354,0.058800,0.368330,0.377550,0.072360,0.000000,0.103000,
graphics-pbrt.90.ground.smt2,,par_async,144,0,unsat,1.216411,0.057120,0.425320,0.401520,0.072890,0.000000,0.106650,
graphics-pbrt.91.ground.smt2,,nelson_topo_iter,1,0,unsat,1.495786,0.086240,0.633320,0.521960,0.032590,0.000000,0.003730,
graphics-pbrt.91.ground.smt2,,nelson_simple,1,0,unsat,1.799913,0.093490,0.893370,0.539870,0.037390,0.000000,0.003700,
graphics-pbrt.91.ground.smt2,,par_async,1,0,unsat,1.411099,0.086080,0.534650,0.436380,0.137970,0.000000,0.001600,
graphics-pbrt.91.ground.smt2,,par_async,2,0,unsat,1.251599,0.072750,0.446850,0.410070,0.109330,0.000000,0.002110,
graphics-pbrt.91.ground.smt2,,par_async,4,0,unsat,1.725849,0.081500,0.774590,0.517260,0.111700,0.000000,0.005030,
graphics-pbrt.91.ground.smt2,,par_async,8,0,unsat,1.347169,0.083280,0.491670,0.458630,0.085450,0.000000,0.009470,
graphics-pbrt.91.ground.smt2,,par_async,16,0,unsat,1.836332,0.112180,0.870660,0.504130,0.090510,0.000000,0.023730,
graphics-pbrt.91.ground.smt2,,par_async,32,0,unsat,1.497737,0.077670,0.582830,0.491510,0.083800,0.000000,0.040130,
graphics-pbrt.91.ground.smt2,,par_async,64,0,unsat,1.677407,0.083870,0.636700,0.530930,0.104760,0.000000,0.088920,
graphics-pbrt.91.ground.smt2,,par_async,128,0,unsat,1.838183,0.099280,0.700550,0.606000,0.105310,0.000000,0.121780,
graphics-pbrt.91.ground.smt2,,par_async,144,0,unsat,1.645314,0.091400,0.595930,0.525090,0.099750,0.000000,0.130660,
graphics-pbrt.92.ground.smt2,,nelson_topo_iter,1,0,unsat,1.476759,0.071060,0.595850,0.535690,0.033440,0.000000,0.003760,
graphics-pbrt.92.ground.smt2,,nelson_simple,1,0,unsat,1.789722,0.063290,0.887140,0.563620,0.038120,0.000000,0.003850,
graphics-pbrt.92.ground.smt2,,par_async,1,0,unsat,1.423083,0.061380,0.522580,0.452190,0.167920,0.000000,0.001590,
graphics-pbrt.92.ground.smt2,,par_async,2,0,unsat,1.382831,0.059620,0.508410,0.461530,0.129830,0.000000,0.001770,
graphics-pbrt.92.ground.smt2,,par_async,4,0,unsat,1.259208,0.054460,0.440270,0.420690,0.114480,0.000000,0.003550,
graphics-pbrt.92.ground.smt2,,par_async,8,0,unsat,1.545409,0.057890,0.637360,0.500180,0.115470,0.000000,0.010850,
graphics-pbrt.92.ground.smt2,,par_async,16,0,unsat,1.867611,0.062560,0.812340,0.551810,0.106530,0.000000,0.026150,
graphics-pbrt.92.ground.smt2,,par_async,32,0,unsat,1.442277,0.066740,0.535670,0.450520,0.086950,0.000000,0.039210,
graphics-pbrt.92.ground.smt2,,par_async,64,0,unsat,1.471837,0.064660,0.524040,0.487120,0.108440,0.000000,0.075980,
graphics-pbrt.92.ground.smt2,,par_async,128,0,unsat,1.507605,0.058890,0.509650,0.514150,0.108040,0.000000,0.113500,
graphics-pbrt.92.ground.smt2,,par_async,144,0,unsat,1.531778,0.061510,0.512150,0.523070,0.108300,0.000000,0.121790,
graphics-pbrt.93.ground.smt2,,nelson_topo_iter,1,0,unsat,1.299315,0.064660,0.493240,0.491860,0.024110,0.000000,0.002760,
graphics-pbrt.93.ground.smt2,,nelson_simple,1,0,unsat,1.800209,0.076500,0.886860,0.557090,0.041070,0.000000,0.003880,
graphics-pbrt.93.ground.smt2,,par_async,1,0,unsat,1.474653,0.061630,0.545440,0.484310,0.160660,0.000000,0.001490,
graphics-pbrt.93.ground.smt2,,par_async,2,0,unsat,1.381168,0.061190,0.541870,0.448180,0.095880,0.000000,0.002260,
graphics-pbrt.93.ground.smt2,,par_async,4,0,unsat,1.396921,0.059270,0.553250,0.469090,0.085870,0.000000,0.004890,
graphics-pbrt.93.ground.smt2,,par_async,8,0,unsat,1.244595,0.055510,0.450650,0.432410,0.077150,0.000000,0.008260,
graphics-pbrt.93.ground.smt2,,par_async,16,0,unsat,1.543900,0.060470,0.625450,0.518000,0.081090,0.000000,0.028710,
graphics-pbrt.93.ground.smt2,,par_async,32,0,unsat,1.569763,0.060510,0.649060,0.515180,0.076740,0.000000,0.042490,
graphics-pbrt.93.ground.smt2,,par_async,64,0,unsat,1.710522,0.060380,0.686250,0.552090,0.091230,0.000000,0.090050,
graphics-pbrt.93.ground.smt2,,par_async,128,0,unsat,1.534452,0.060640,0.472280,0.543180,0.095770,0.000000,0.124550,
graphics-pbrt.93.ground.smt2,,par_async,144,0,unsat,1.439749,0.058480,0.447410,0.515880,0.081800,0.000000,0.126270,
graphics-pbrt.94.ground.smt2,,nelson_topo_iter,1,0,unsat,1.238696,0.069960,0.464270,0.448120,0.031390,0.000000,0.002860,
graphics-pbrt.94.ground.smt2,,nelson_simple,1,0,unsat,1.543381,0.060260,0.661760,0.546150,0.041630,0.000000,0.003930,
graphics-pbrt.94.ground.smt2,,par_async,1,0,unsat,1.862089,0.062530,0.825040,0.566310,0.169330,0.000000,0.002020,
graphics-pbrt.94.ground.smt2,,par_async,2,0,unsat,1.559736,0.062370,0.599120,0.526460,0.140630,0.000000,0.004020,
graphics-pbrt.94.ground.smt2,,par_async,4,0,unsat,1.498527,0.063190,0.574030,0.526490,0.102930,0.000000,0.004460,
graphics-pbrt.94.ground.smt2,,par_async,8,0,unsat,1.560461,0.063030,0.648700,0.514760,0.088480,0.000000,0.011700,
graphics-pbrt.94.ground.smt2,,par_async,16,0,unsat,1.752443,0.063520,0.791900,0.555910,0.080330,0.000000,0.026340,
graphics-pbrt.94.ground.smt2,,par_async,32,0,unsat,1.398430,0.062790,0.515780,0.484060,0.066850,0.000000,0.033000,
graphics-pbrt.94.ground.smt2,,par_async,64,0,unsat,1.905858,0.087570,0.874110,0.558240,0.092560,0.000000,0.076410,
graphics-pbrt.94.ground.smt2,,par_async,128,0,unsat,1.654746,0.060350,0.620890,0.553130,0.081910,0.000000,0.115960,
graphics-pbrt.94.ground.smt2,,par_async,144,0,unsat,1.473766,0.062300,0.467360,0.511260,0.083290,0.000000,0.125690,
graphics-pbrt.95.ground.smt2,,nelson_topo_iter,1,0,unsat,1.280590,0.084040,0.467600,0.449000,0.051620,0.000000,0.002780,
graphics-pbrt.95.ground.smt2,,nelson_simple,1,0,unsat,1.636286,0.078100,0.699730,0.560570,0.048130,0.000000,0.003890,
graphics-pbrt.95.ground.smt2,,par_async,1,0,unsat,1.898043,0.090630,0.894890,0.540190,0.135630,0.000000,0.002060,
graphics-pbrt.95.ground.smt2,,par_async,2,0,unsat,1.788660,0.079700,0.793920,0.560820,0.102600,0.000000,0.002800,
graphics-pbrt.95.ground.smt2,,par_async,4,0,unsat,1.410536,0.079380,0.552030,0.471500,0.067530,0.000000,0.004830,
graphics-pbrt.95.ground.smt2,,par_async,8,0,unsat,1.294007,0.078330,0.484960,0.436660,0.058040,0.000000,0.010150,
graphics-pbrt.95.ground.smt2,,par_async,16,0,unsat,1.617364,0.076460,0.704880,0.515440,0.062590,0.000000,0.025800,
graphics-pbrt.95.ground.smt2,,par_async,32,0,unsat,1.873165,0.086570,0.896340,0.537760,0.063760,0.000000,0.045280,
graphics-pbrt.95.ground.smt2,,par_async,64,0,unsat,1.590409,0.078620,0.657200,0.478830,0.060710,0.000000,0.090650,
graphics-pbrt.95.ground.smt2,,par_async,128,0,unsat,1.679431,0.077040,0.652790,0.522590,0.071180,0.000000,0.125510,
graphics-pbrt.95.ground.smt2,,par_async,144,0,unsat,1.524266,0.080090,0.471670,0.546530,0.069370,0.000000,0.145510,
graphics-pbrt.96.ground.smt2,,nelson_topo_iter,1,0,unsat,1.355536,0.067940,0.517150,0.506980,0.033030,0.000000,0.002950,
graphics-pbrt.96.ground.smt2,,nelson_simple,1,0,unsat,1.842973,0.082630,0.896790,0.569160,0.042650,0.000000,0.004140,
graphics-pbrt.96.ground.smt2,,par_async,1,0,unsat,1.790008,0.062010,0.745530,0.556110,0.173990,0.000000,0.002230,
graphics-pbrt.96.ground.smt2,,par_async,2,0,unsat,1.322791,0.061730,0.478790,0.437490,0.102820,0.000000,0.002240,
graphics-pbrt.96.ground.smt2,,par_async,4,0,unsat,1.872945,0.060720,0.921090,0.544250,0.105350,0.000000,0.004930,
graphics-pbrt.96.ground.smt2,,par_async,8,0,unsat,1.536354,0.058090,0.601880,0.529730,0.094940,0.000000,0.010560,
graphics-pbrt.96.ground.smt2,,par_async,16,0,unsat,1.803160,0.062490,0.813440,0.567860,0.084660,0.000000,0.025170,
graphics-pbrt.96.ground.smt2,,par_async,32,0,unsat,1.495304,0.062980,0.563360,0.495280,0.067520,0.000000,0.038180,
graphics-pbrt.96.ground.smt2,,par_async,64,0,unsat,1.551816,0.061740,0.542390,0.514490,0.082040,0.000000,0.094130,
graphics-pbrt.96.ground.smt2,,par_async,128,0,unsat,1.626137,0.063670,0.565120,0.556540,0.086250,0.000000,0.129950,
graphics-pbrt.96.ground.smt2,,par_async,144,0,unsat,1.652915,0.067370,0.611710,0.529760,0.084750,0.000000,0.143290,
graphics-pbrt.97.ground.smt2,,nelson_topo_iter,1,0,unsat,1.546492,0.087850,0.621070,0.547310,0.073260,0.000000,0.004250,
graphics-pbrt.97.ground.smt2,,nelson_simple,1,0,unsat,1.253982,0.075560,0.452900,0.447200,0.059430,0.000000,0.003070,
graphics-pbrt.97.ground.smt2,,par_async,1,0,unsat,1.607502,0.073430,0.551670,0.529540,0.237340,0.000000,0.002270,
graphics-pbrt.97.ground.smt2,,par_async,2,0,unsat,1.907305,0.077940,0.883970,0.550060,0.177970,0.000000,0.001400,
graphics-pbrt.97.ground.smt2,,par_async,4,0,unsat,1.560206,0.075630,0.613340,0.517350,0.137780,0.000000,0.001410,
graphics-pbrt.97.ground.smt2,,par_async,8,0,unsat,1.786514,0.077100,0.813740,0.559750,0.116220,0.000000,0.001640,
graphics-pbrt.97.ground.smt2,,par_async,16,0,unsat,1.408347,0.077070,0.552700,0.471210,0.091910,0.000000,0.001700,
graphics-pbrt.97.ground.smt2,,par_async,32,0,unsat,1.312789,0.074940,0.481690,0.446610,0.092050,0.000000,0.001970,
graphics-pbrt.97.ground.smt2,,par_async,64,0,unsat,1.642380,0.075260,0.678180,0.536310,0.129660,0.000000,0.002700,
graphics-pbrt.97.ground.smt2,,par_async,128,0,unsat,1.400746,0.075420,0.462110,0.518200,0.130900,0.000000,0.002700,
graphics-pbrt.97.ground.smt2,,par_async,144,0,unsat,1.678755,0.083940,0.703110,0.533600,0.135980,0.000000,0.002900,
graphics-pbrt.98.ground.smt2,,nelson_topo_iter,1,0,unsat,1.253727,0.061470,0.463750,0.478230,0.034920,0.000000,0.002670,
graphics-pbrt.98.ground.smt2,,nelson_simple,1,0,unsat,1.611220,0.055710,0.713370,0.555930,0.063200,0.000000,0.003640,
graphics-pbrt.98.ground.smt2,,par_async,1,0,unsat,1.349944,0.055250,0.504680,0.393870,0.189750,0.000000,0.001480,
graphics-pbrt.98.ground.smt2,,par_async,2,0,unsat,1.479732,0.053760,0.535810,0.486020,0.191090,0.000000,0.002510,
graphics-pbrt.98.ground.smt2,,par_async,4,0,unsat,1.286498,0.050520,0.456800,0.429080,0.131110,0.000000,0.004200,
graphics-pbrt.98.ground.smt2,,par_async,8,0,unsat,1.216300,0.054540,0.427550,0.400210,0.118180,0.000000,0.008900,
graphics-pbrt.98.ground.smt2,,par_async,16,0,unsat,1.436955,0.050110,0.471400,0.473450,0.121070,0.000000,0.031270,
graphics-pbrt.98.ground.smt2,,par_async,32,0,unsat,1.307339,0.058490,0.447550,0.439260,0.100740,0.000000,0.046700,
graphics-pbrt.98.ground.smt2,,par_async,64,0,unsat,1.354271,0.056050,0.434390,0.445440,0.125350,0.000000,0.083750,
graphics-pbrt.98.ground.smt2,,par_async,128,0,unsat,1.551291,0.056440,0.580120,0.470830,0.130270,0.000000,0.122610,
graphics-pbrt.98.ground.smt2,,par_async,144,0,unsat,1.489454,0.060430,0.517620,0.479870,0.127710,0.000000,0.111930,
graphics-pbrt.99.ground.smt2,,nelson_topo_iter,1,0,unsat,1.364695,0.086360,0.553560,0.445570,0.050670,0.000000,0.002730,
graphics-pbrt.99.ground.smt2,,nelson_simple,1,0,unsat,1.631257,0.077660,0.712040,0.546950,0.045660,0.000000,0.003880,
graphics-pbrt.99.ground.smt2,,par_async,1,0,unsat,1.915797,0.083960,0.907510,0.545170,0.139910,0.000000,0.002050,
graphics-pbrt.99.ground.smt2,,par_async,2,0,unsat,1.766571,0.079130,0.799140,0.559030,0.088450,0.000000,0.002300,
graphics-pbrt.99.ground.smt2,,par_async,4,0,unsat,1.421522,0.080950,0.552180,0.476620,0.069840,0.000000,0.004130,
graphics-pbrt.99.ground.smt2,,par_async,8,0,unsat,1.291501,0.079780,0.474400,0.441210,0.058320,0.000000,0.011050,
graphics-pbrt.99.ground.smt2,,par_async,16,0,unsat,1.622992,0.076650,0.676660,0.515720,0.065070,0.000000,0.028310,
graphics-pbrt.99.ground.smt2,,par_async,32,0,unsat,1.882117,0.091400,0.902120,0.535080,0.065870,0.000000,0.047070,
graphics-pbrt.99.ground.smt2,,par_async,64,0,unsat,1.591061,0.074200,0.655940,0.477390,0.064760,0.000000,0.088070,
graphics-pbrt.99.ground.smt2,,par_async,128,0,unsat,1.701878,0.078960,0.656600,0.535410,0.077450,0.000000,0.125530,
graphics-pbrt.99.ground.smt2,,par_async,144,0,unsat,1.569787,0.077170,0.525910,0.533350,0.066860,0.000000,0.129910,
hamming-machine-decide.0.ground.smt2,,nelson_topo_iter,1,0,unsat,0.501801,0.031190,0.196340,0.167860,0.020100,0.000000,0.001410,
hamming-machine-decide.0.ground.smt2,,nelson_simple,1,0,unsat,0.499810,0.027190,0.189990,0.180180,0.016210,0.000000,0.001430,
hamming-machine-decide.0.ground.smt2,,par_async,1,0,unsat,0.505550,0.026480,0.186140,0.174820,0.033290,0.000000,0.000820,
hamming-machine-decide.0.ground.smt2,,par_async,2,0,unsat,0.467622,0.025020,0.158540,0.173180,0.026300,0.000000,0.000970,
hamming-machine-decide.0.ground.smt2,,par_async,4,0,unsat,0.470914,0.025730,0.161680,0.175930,0.021540,0.000000,0.001650,
hamming-machine-decide.0.ground.smt2,,par_async,8,0,unsat,0.460591,0.025730,0.159590,0.167340,0.019510,0.000000,0.003890,
hamming-machine-decide.0.ground.smt2,,par_async,16,0,unsat,0.475355,0.023570,0.159010,0.179580,0.016340,0.000000,0.008810,
hamming-machine-decide.0.ground.smt2,,par_async,32,0,unsat,0.485798,0.025560,0.158570,0.180930,0.015250,0.000000,0.015890,
hamming-machine-decide.0.ground.smt2,,par_async,64,0,unsat,0.569323,0.025570,0.202240,0.197000,0.020550,0.000000,0.039290,
hamming-machine-decide.0.ground.smt2,,par_async,128,0,unsat,0.647088,0.025150,0.204500,0.253250,0.028380,0.000000,0.052350,
hamming-machine-decide.0.ground.smt2,,par_async,144,0,unsat,0.623268,0.028500,0.206560,0.224030,0.021990,0.000000,0.060700,
hamming-machine-decide.1.ground.smt2,,nelson_topo_iter,1,0,unsat,0.590481,0.028500,0.226710,0.214950,0.024560,0.000000,0.001700,
hamming-machine-decide.1.ground.smt2,,nelson_simple,1,0,unsat,0.800228,0.039830,0.375470,0.261400,0.021650,0.000000,0.001920,
hamming-machine-decide.1.ground.smt2,,par_async,1,0,unsat,0.594265,0.028880,0.195820,0.222250,0.048100,0.000000,0.001070,
hamming-machine-decide.1.ground.smt2,,par_async,2,0,unsat,0.773046,0.026910,0.306090,0.304480,0.036670,0.000000,0.001200,
hamming-machine-decide.1.ground.smt2,,par_async,4,0,unsat,0.528270,0.027350,0.206290,0.187110,0.021820,0.000000,0.001800,
hamming-machine-decide.1.ground.smt2,,par_async,8,0,unsat,0.525776,0.027120,0.206620,0.184460,0.018750,0.000000,0.004040,
hamming-machine-decide.1.ground.smt2,,par_async,16,0,unsat,0.483900,0.024190,0.162740,0.176840,0.016620,0.000000,0.009890,
hamming-machine-decide.1.ground.smt2,,par_async,32,0,unsat,0.540685,0.027220,0.207200,0.188560,0.017290,0.000000,0.014120,
hamming-machine-decide.1.ground.smt2,,par_async,64,0,unsat,0.599153,0.024860,0.200850,0.229820,0.022560,0.000000,0.037340,
hamming-machine-decide.1.ground.smt2,,par_async,128,0,unsat,0.604686,0.025990,0.209820,0.220430,0.023300,0.000000,0.044650,
hamming-machine-decide.1.ground.smt2,,par_async,144,0,unsat,0.721794,0.024900,0.306350,0.222030,0.028320,0.000000,0.054940,
hamming-overflow-underflow.0.ground.smt2,,nelson_topo_iter,1,0,unsat,0.400726,0.020170,0.154010,0.144220,0.021840,0.000000,0.001420,
hamming-overflow-underflow.0.ground.smt2,,nelson_simple,1,0,unsat,0.396951,0.020320,0.150580,0.150500,0.013730,0.000000,0.001190,
hamming-overflow-underflow.0.ground.smt2,,par_async,1,0,unsat,0.655497,0.018180,0.265660,0.250190,0.050650,0.000000,0.001050,
hamming-overflow-underflow.0.ground.smt2,,par_async,2,0,unsat,0.360037,0.020830,0.120200,0.129710,0.024260,0.000000,0.000820,
hamming-overflow-underflow.0.ground.smt2,,par_async,4,0,unsat,0.635848,0.020510,0.272740,0.239990,0.031430,0.000000,0.002000,
hamming-overflow-underflow.0.ground.smt2,,par_async,8,0,unsat,0.358075,0.019150,0.119580,0.136920,0.018070,0.000000,0.004220,
hamming-overflow-underflow.0.ground.smt2,,par_async,16,0,unsat,0.634190,0.018750,0.277070,0.242060,0.026080,0.000000,0.008760,
hamming-overflow-underflow.0.ground.smt2,,par_async,32,0,unsat,0.352062,0.016370,0.115850,0.123960,0.015890,0.000000,0.015720,
hamming-overflow-underflow.0.ground.smt2,,par_async,64,0,unsat,0.628868,0.017090,0.262470,0.222890,0.028510,0.000000,0.034970,
hamming-overflow-underflow.0.ground.smt2,,par_async,128,0,unsat,0.473580,0.017910,0.147300,0.171920,0.021970,0.000000,0.056330,
hamming-overflow-underflow.0.ground.smt2,,par_async,144,0,unsat,0.504668,0.019700,0.149180,0.191870,0.024330,0.000000,0.057430,
hamming-overflow-underflow.1.ground.smt2,,nelson_topo_iter,1,0,unsat,0.952251,0.047350,0.350690,0.357390,0.055120,0.000000,0.003520,
hamming-overflow-underflow.1.ground.smt2,,nelson_simple,1,0,unsat,0.869019,0.046400,0.327550,0.304210,0.051070,0.000000,0.002550,
hamming-overflow-underflow.1.ground.smt2,,par_async,1,0,unsat,1.456668,0.046020,0.617900,0.443070,0.207250,0.000000,0.001830,
hamming-overflow-underflow.1.ground.smt2,,par_async,2,0,unsat,1.250373,0.043950,0.460690,0.423520,0.169300,0.000000,0.002630,
hamming-overflow-underflow.1.ground.smt2,,par_async,4,0,unsat,1.014436,0.045940,0.362310,0.340850,0.121620,0.000000,0.004050,
hamming-overflow-underflow.1.ground.smt2,,par_async,8,0,unsat,0.941605,0.045810,0.310180,0.338370,0.099670,0.000000,0.009270,
hamming-overflow-underflow.1.ground.smt2,,par_async,16,0,unsat,1.019630,0.044480,0.356900,0.340400,0.090820,0.000000,0.020950,
hamming-overflow-underflow.1.ground.smt2,,par_async,32,0,unsat,0.973309,0.048540,0.327910,0.337260,0.089870,0.000000,0.028980,
hamming-overflow-underflow.1.ground.smt2,,par_async,64,0,unsat,1.014293,0.044930,0.324910,0.333410,0.099690,0.000000,0.074110,
hamming-overflow-underflow.1.ground.smt2,,par_async,128,0,unsat,1.097428,0.045110,0.318390,0.391170,0.108500,0.000000,0.109760,
hamming-overflow-underflow.1.ground.smt2,,par_async,144,0,unsat,1.116725,0.045590,0.371890,0.338880,0.125660,0.000000,0.103020,
hamming-overflow-underflow.2.ground.smt2,,nelson_topo_iter,1,0,unsat,0.672337,0.029370,0.254040,0.247760,0.043070,0.000000,0.002470,
hamming-overflow-underflow.2.ground.smt2,,nelson_simple,1,0,unsat,0.994521,0.034460,0.467070,0.329640,0.042740,0.000000,0.003470,
hamming-overflow-underflow.2.ground.smt2,,par_async,1,0,unsat,1.038007,0.032910,0.458490,0.315910,0.113990,0.000000,0.001800,
hamming-overflow-underflow.2.ground.smt2,,par_async,2,0,unsat,0.599652,0.034550,0.222800,0.191850,0.050830,0.000000,0.001400,
hamming-overflow-underflow.2.ground.smt2,,par_async,4,0,unsat,0.681706,0.029900,0.256820,0.246640,0.047930,0.000000,0.002920,
hamming-overflow-underflow.2.ground.smt2,,par_async,8,0,unsat,0.611310,0.027730,0.200360,0.229020,0.044530,0.000000,0.011630,
hamming-overflow-underflow.2.ground.smt2,,par_async,16,0,unsat,0.879520,0.026490,0.325720,0.353930,0.050090,0.000000,0.016890,
hamming-overflow-underflow.2.ground.smt2,,par_async,32,0,unsat,0.711492,0.030130,0.259680,0.247080,0.042630,0.000000,0.030330,
hamming-overflow-underflow.2.ground.smt2,,par_async,64,0,unsat,1.055301,0.035330,0.466150,0.341030,0.058120,0.000000,0.056160,
hamming-overflow-underflow.2.ground.smt2,,par_async,128,0,unsat,0.763073,0.029700,0.249490,0.265310,0.047330,0.000000,0.082580,
hamming-overflow-underflow.2.ground.smt2,,par_async,144,0,unsat,0.773415,0.030330,0.253550,0.265830,0.044420,0.000000,0.086750,
hamming-quadratic.0.ground.smt2,,nelson_topo_iter,1,0,unsat,1.472479,0.074470,0.562320,0.533590,0.059960,0.000000,0.003100,
hamming-quadratic.0.ground.smt2,,nelson_simple,1,0,unsat,1.370728,0.079500,0.496900,0.495940,0.047570,0.000000,0.003310,
hamming-quadratic.0.ground.smt2,,par_async,1,0,unsat,2.016759,0.086280,0.951720,0.582010,0.148120,0.000000,0.002210,
hamming-quadratic.0.ground.smt2,,par_async,2,0,unsat,1.975751,0.086510,0.959850,0.564630,0.109440,0.000000,0.003450,
hamming-quadratic.0.ground.smt2,,par_async,4,0,unsat,1.903029,0.078770,0.899380,0.580980,0.085650,0.000000,0.005020,
hamming-quadratic.0.ground.smt2,,par_async,8,0,unsat,1.931247,0.079260,0.920860,0.591410,0.073900,0.000000,0.012050,
hamming-quadratic.0.ground.smt2,,par_async,16,0,unsat,1.714396,0.077500,0.707130,0.555010,0.067400,0.000000,0.027130,
hamming-quadratic.0.ground.smt2,,par_async,32,0,unsat,1.948220,0.096040,0.928420,0.567520,0.061210,0.000000,0.036440,
hamming-quadratic.0.ground.smt2,,par_async,64,0,unsat,1.936220,0.075440,0.858930,0.578940,0.067010,0.000000,0.106270,
hamming-quadratic.0.ground.smt2,,par_async,128,0,unsat,1.789305,0.078020,0.691540,0.562350,0.073030,0.000000,0.138840,
hamming-quadratic.0.ground.smt2,,par_async,144,0,unsat,1.851511,0.083170,0.587780,0.716860,0.085340,0.000000,0.138210,
hamming-quadratic.10.ground.smt2,,nelson_topo_iter,1,0,unsat,1.673534,0.088890,0.677830,0.575080,0.093580,0.000000,0.003990,
hamming-quadratic.10.ground.smt2,,nelson_simple,1,0,unsat,1.426247,0.075590,0.552460,0.508610,0.044310,0.000000,0.003150,
hamming-quadratic.10.ground.smt2,,par_async,1,0,unsat,1.371333,0.075610,0.479280,0.461530,0.117720,0.000000,0.001650,
hamming-quadratic.10.ground.smt2,,par_async,2,0,unsat,1.917768,0.093940,0.905920,0.560120,0.115950,0.000000,0.003740,
hamming-quadratic.10.ground.smt2,,par_async,4,0,unsat,1.891411,0.076550,0.900150,0.571870,0.093300,0.000000,0.005070,
hamming-quadratic.10.ground.smt2,,par_async,8,0,unsat,1.627261,0.076350,0.674640,0.541450,0.078870,0.000000,0.012090,
hamming-quadratic.10.ground.smt2,,par_async,16,0,unsat,1.889409,0.077100,0.912250,0.562680,0.067390,0.000000,0.029860,
hamming-quadratic.10.ground.smt2,,par_async,32,0,unsat,1.637889,0.073700,0.672830,0.539900,0.062710,0.000000,0.047560,
hamming-quadratic.10.ground.smt2,,par_async,64,0,unsat,1.946991,0.078150,0.850610,0.596520,0.083050,0.000000,0.087200,
hamming-quadratic.10.ground.smt2,,par_async,128,0,unsat,1.740774,0.077150,0.673470,0.548240,0.071320,0.000000,0.138920,
hamming-quadratic.10.ground.smt2,,par_async,144,0,unsat,1.686184,0.082710,0.541460,0.593340,0.084580,0.000000,0.138660,
hamming-quadratic.11.ground.smt2,,nelson_topo_iter,1,0,unsat,1.062139,0.047000,0.422730,0.406860,0.027160,0.000000,0.003210,
hamming-quadratic.11.ground.smt2,,nelson_simple,1,0,unsat,1.356607,0.053240,0.633070,0.482210,0.025960,0.000000,0.003200,
hamming-quadratic.11.ground.smt2,,par_async,1,0,unsat,1.040653,0.048520,0.359190,0.362100,0.116740,0.000000,0.001330,
hamming-quadratic.11.ground.smt2,,par_async,2,0,unsat,1.088044,0.047380,0.384990,0.383560,0.112660,0.000000,0.002420,
hamming-quadratic.11.ground.smt2,,par_async,4,0,unsat,1.205714,0.044360,0.466730,0.425630,0.097550,0.000000,0.004270,
hamming-quadratic.11.ground.smt2,,par_async,8,0,unsat,0.932565,0.048900,0.334580,0.314770,0.068920,0.000000,0.010590,
hamming-quadratic.11.ground.smt2,,par_async,16,0,unsat,1.389316,0.068220,0.638950,0.423450,0.067440,0.000000,0.021030,
hamming-quadratic.11.ground.smt2,,par_async,32,0,unsat,1.287796,0.044710,0.524200,0.404470,0.074750,0.000000,0.033380,
hamming-quadratic.11.ground.smt2,,par_async,64,0,unsat,1.099910,0.052180,0.371370,0.381300,0.072170,0.000000,0.075370,
hamming-quadratic.11.ground.smt2,,par_async,128,0,unsat,1.138617,0.047090,0.390830,0.384780,0.073670,0.000000,0.099130,
hamming-quadratic.11.ground.smt2,,par_async,144,0,unsat,1.186719,0.048360,0.374390,0.431900,0.082890,0.000000,0.102570,
hamming-quadratic.12.ground.smt2,,nelson_topo_iter,1,0,unsat,1.152498,0.056330,0.431300,0.440630,0.029330,0.000000,0.002360,
hamming-quadratic.12.ground.smt2,,nelson_simple,1,0,unsat,1.156971,0.053730,0.450430,0.416920,0.037000,0.000000,0.002440,
hamming-quadratic.12.ground.smt2,,par_async,1,0,unsat,1.101002,0.045990,0.375130,0.362500,0.127070,0.000000,0.001340,
hamming-quadratic.12.ground.smt2,,par_async,2,0,unsat,1.073129,0.045200,0.365640,0.364130,0.104220,0.000000,0.001970,
hamming-quadratic.12.ground.smt2,,par_async,4,0,unsat,1.217423,0.053730,0.457520,0.425390,0.086910,0.000000,0.003280,
hamming-quadratic.12.ground.smt2,,par_async,8,0,unsat,1.246619,0.049970,0.460390,0.444540,0.085440,0.000000,0.008120,
hamming-quadratic.12.ground.smt2,,par_async,16,0,unsat,1.140085,0.055220,0.436860,0.368420,0.068430,0.000000,0.017040,
hamming-quadratic.12.ground.smt2,,par_async,32,0,unsat,1.221989,0.054590,0.465350,0.410390,0.067800,0.000000,0.032570,
hamming-quadratic.12.ground.smt2,,par_async,64,0,unsat,1.606289,0.052110,0.691660,0.502490,0.092710,0.000000,0.072550,
hamming-quadratic.12.ground.smt2,,par_async,128,0,unsat,1.385761,0.053500,0.401730,0.548740,0.096820,0.000000,0.102140,
hamming-quadratic.12.ground.smt2,,par_async,144,0,unsat,1.415689,0.060000,0.477510,0.494450,0.088930,0.000000,0.104530,
hamming-quadratic.13.ground.smt2,,nelson_topo_iter,1,0,unsat,1.029335,0.050630,0.414500,0.368830,0.030840,0.000000,0.002420,
hamming-quadratic.13.ground.smt2,,nelson_simple,1,0,unsat,0.905810,0.041660,0.321520,0.332740,0.042740,0.000000,0.002410,
hamming-quadratic.13.ground.smt2,,par_async,1,0,unsat,1.096261,0.048650,0.381940,0.372720,0.128930,0.000000,0.001360,
hamming-quadratic.13.ground.smt2,,par_async,2,0,unsat,1.300238,0.046210,0.500590,0.440240,0.137720,0.000000,0.004750,
hamming-quadratic.13.ground.smt2,,par_async,4,0,unsat,1.139963,0.049350,0.421170,0.376470,0.106150,0.000000,0.004170,
hamming-quadratic.13.ground.smt2,,par_async,8,0,unsat,1.023247,0.044540,0.363670,0.367020,0.078020,0.000000,0.007860,
hamming-quadratic.13.ground.smt2,,par_async,16,0,unsat,1.205559,0.049260,0.466030,0.415720,0.081120,0.000000,0.022400,
hamming-quadratic.13.ground.smt2,,par_async,32,0,unsat,1.019833,0.050120,0.361650,0.342450,0.068390,0.000000,0.031460,
hamming-quadratic.13.ground.smt2,,par_async,64,0,unsat,1.124734,0.049180,0.368980,0.361900,0.080250,0.000000,0.070390,
hamming-quadratic.13.ground.smt2,,par_async,128,0,unsat,1.167192,0.052560,0.375210,0.397260,0.087820,0.000000,0.099500,
hamming-quadratic.13.ground.smt2,,par_async,144,0,unsat,1.366176,0.051220,0.449780,0.475640,0.103040,0.000000,0.115650,
hamming-quadratic.14.ground.smt2,,nelson_topo_iter,1,0,unsat,1.046443,0.050880,0.412380,0.388430,0.029870,0.000000,0.002400,
hamming-quadratic.14.ground.smt2,,nelson_simple,1,0,unsat,1.047127,0.056050,0.385550,0.389820,0.042050,0.000000,0.002430,
hamming-quadratic.14.ground.smt2,,par_async,1,0,unsat,1.271919,0.049960,0.450440,0.424950,0.174850,0.000000,0.001760,
hamming-quadratic.14.ground.smt2,,par_async,2,0,unsat,0.979723,0.051350,0.337250,0.319320,0.103920,0.000000,0.002070,
hamming-quadratic.14.ground.smt2,,par_async,4,0,unsat,0.991134,0.048970,0.353940,0.328880,0.090890,0.000000,0.003230,
hamming-quadratic.14.ground.smt2,,par_async,8,0,unsat,0.963217,0.046430,0.322940,0.344110,0.077150,0.000000,0.009280,
hamming-quadratic.14.ground.smt2,,par_async,16,0,unsat,0.957830,0.044980,0.320550,0.331740,0.067830,0.000000,0.022170,
hamming-quadratic.14.ground.smt2,,par_async,32,0,unsat,1.475086,0.056240,0.682640,0.444940,0.079080,0.000000,0.038220,
hamming-quadratic.14.ground.smt2,,par_async,64,0,unsat,1.496640,0.048190,0.651260,0.467130,0.093910,0.000000,0.074730,
hamming-quadratic.14.ground.smt2,,par_async,128,0,unsat,1.280448,0.046960,0.499370,0.390590,0.084640,0.000000,0.108830,
hamming-quadratic.14.ground.smt2,,par_async,144,0,unsat,1.217655,0.049370,0.418090,0.403110,0.087830,0.000000,0.102450,
hamming-quadratic.15.ground.smt2,,nelson_topo_iter,1,0,unsat,1.530934,0.078780,0.637650,0.542970,0.044120,0.000000,0.003880,
hamming-quadratic.15.ground.smt2,,nelson_simple,1,0,unsat,1.820367,0.102800,0.878140,0.551430,0.047980,0.000000,0.003830,
hamming-quadratic.15.ground.smt2,,par_async,1,0,unsat,1.599351,0.081530,0.597760,0.523190,0.170810,0.000000,0.002110,
hamming-quadratic.15.ground.smt2,,par_async,2,0,unsat,1.861745,0.076120,0.879460,0.549150,0.127710,0.000000,0.002690,
hamming-quadratic.15.ground.smt2,,par_async,4,0,unsat,1.564707,0.077060,0.627350,0.515940,0.100070,0.000000,0.004970,
hamming-quadratic.15.ground.smt2,,par_async,8,0,unsat,1.655813,0.076260,0.723430,0.530890,0.088160,0.000000,0.012100,
hamming-quadratic.15.ground.smt2,,par_async,16,0,unsat,1.845447,0.103390,0.874610,0.518470,0.082260,0.000000,0.026180,
hamming-quadratic.15.ground.smt2,,par_async,32,0,unsat,1.646022,0.075210,0.673750,0.529050,0.085090,0.000000,0.042310,
hamming-quadratic.15.ground.smt2,,par_async,64,0,unsat,1.940304,0.098090,0.890840,0.552440,0.093760,0.000000,0.087360,
hamming-quadratic.15.ground.smt2,,par_async,128,0,unsat,1.667049,0.077430,0.621180,0.546530,0.084770,0.000000,0.120320,
hamming-quadratic.15.ground.smt2,,par_async,144,0,unsat,1.445658,0.067340,0.442860,0.512740,0.079760,0.000000,0.127570,
hamming-quadratic.16.ground.smt2,,nelson_topo_iter,1,0,unsat,1.181175,0.057490,0.432020,0.427800,0.032720,0.000000,0.002600,
hamming-quadratic.16.ground.smt2,,nelson_simple,1,0,unsat,1.305110,0.058910,0.511830,0.466650,0.036060,0.000000,0.002580,
hamming-quadratic.16.ground.smt2,,par_async,1,0,unsat,1.255920,0.055060,0.423960,0.418100,0.130330,0.000000,0.001370,
hamming-quadratic.16.ground.smt2,,par_async,2,0,unsat,1.332445,0.055020,0.498080,0.448200,0.101250,0.000000,0.001960,
hamming-quadratic.16.ground.smt2,,par_async,4,0,unsat,1.215687,0.055090,0.430490,0.416910,0.085390,0.000000,0.003580,
hamming-quadratic.16.ground.smt2,,par_async,8,0,unsat,1.460945,0.054930,0.572200,0.499220,0.087520,0.000000,0.010770,
hamming-quadratic.16.ground.smt2,,par_async,16,0,unsat,1.511774,0.060820,0.610320,0.500070,0.080070,0.000000,0.024870,
hamming-quadratic.16.ground.smt2,,par_async,32,0,unsat,1.470003,0.058270,0.561090,0.517850,0.066760,0.000000,0.035620,
hamming-quadratic.16.ground.smt2,,par_async,64,0,unsat,1.451931,0.059050,0.544100,0.472380,0.079690,0.000000,0.081180,
hamming-quadratic.16.ground.smt2,,par_async,128,0,unsat,1.759334,0.057630,0.555170,0.731500,0.095930,0.000000,0.110420,
hamming-quadratic.16.ground.smt2,,par_async,144,0,unsat,1.627381,0.060060,0.662510,0.495660,0.083510,0.000000,0.119010,
hamming-quadratic.17.ground.smt2,,nelson_topo_iter,1,0,unsat,1.087703,0.054370,0.399880,0.379870,0.037680,0.000000,0.002420,
hamming-quadratic.17.ground.smt2,,nelson_simple,1,0,unsat,1.204675,0.065120,0.470310,0.427320,0.032510,0.000000,0.002330,
hamming-quadratic.17.ground.smt2,,par_async,1,0,unsat,1.700669,0.059070,0.806920,0.504810,0.111110,0.000000,0.001750,
hamming-quadratic.17.ground.smt2,,par_async,2,0,unsat,1.127720,0.060900,0.425800,0.370560,0.067070,0.000000,0.001590,
hamming-quadratic.17.ground.smt2,,par_async,4,0,unsat,1.207248,0.062650,0.462330,0.414220,0.057720,0.000000,0.003110,
hamming-quadratic.17.ground.smt2,,par_async,8,0,unsat,1.642289,0.057390,0.811390,0.490590,0.056090,0.000000,0.010220,
hamming-quadratic.17.ground.smt2,,par_async,16,0,unsat,1.179064,0.057280,0.453500,0.379250,0.042050,0.000000,0.024830,
hamming-quadratic.17.ground.smt2,,par_async,32,0,unsat,1.292327,0.056690,0.518150,0.406000,0.041830,0.000000,0.036300,
hamming-quadratic.17.ground.smt2,,par_async,64,0,unsat,1.249736,0.058810,0.449650,0.414340,0.054220,0.000000,0.068600,
hamming-quadratic.17.ground.smt2,,par_async,128,0,unsat,1.678018,0.057150,0.532360,0.712720,0.068130,0.000000,0.116460,
hamming-quadratic.17.ground.smt2,,par_async,144,0,unsat,1.575008,0.070780,0.648050,0.486910,0.061590,0.000000,0.108530,
hamming-quadratic.18.ground.smt2,,nelson_topo_iter,1,0,unsat,1.242146,0.077080,0.469070,0.453450,0.026430,0.000000,0.002880,
hamming-quadratic.18.ground.smt2,,nelson_simple,1,0,unsat,1.531588,0.076710,0.622000,0.548760,0.048380,0.000000,0.004250,
hamming-quadratic.18.ground.smt2,,par_async,1,0,unsat,1.753147,0.078860,0.722900,0.542250,0.175120,0.000000,0.002180,
hamming-quadratic.18.ground.smt2,,par_async,2,0,unsat,1.287765,0.077070,0.459410,0.427140,0.106920,0.000000,0.002550,
hamming-quadratic.18.ground.smt2,,par_async,4,0,unsat,1.832616,0.076710,0.869490,0.555490,0.104850,0.000000,0.005370,
hamming-quadratic.18.ground.smt2,,par_async,8,0,unsat,1.379348,0.078620,0.530340,0.462610,0.080670,0.000000,0.012040,
hamming-quadratic.18.ground.smt2,,par_async,16,0,unsat,1.395677,0.076650,0.537330,0.473780,0.072290,0.000000,0.024180,
hamming-quadratic.18.ground.smt2,,par_async,32,0,unsat,1.825991,0.100730,0.867750,0.528270,0.073470,0.000000,0.041090,
hamming-quadratic.18.ground.smt2,,par_async,64,0,unsat,1.846127,0.075260,0.588990,0.752400,0.094040,0.000000,0.095990,
hamming-quadratic.18.ground.smt2,,par_async,128,0,unsat,1.706013,0.080610,0.539390,0.645900,0.101840,0.000000,0.133570,
hamming-quadratic.18.ground.smt2,,par_async,144,0,unsat,1.596764,0.077150,0.593810,0.499000,0.086240,0.000000,0.134860,
hamming-quadratic.19.ground.smt2,,nelson_topo_iter,1,0,unsat,1.481614,0.067440,0.608370,0.523450,0.042970,0.000000,0.003480,
hamming-quadratic.19.ground.smt2,,nelson_simple,1,0,unsat,1.790967,0.061900,0.878690,0.554320,0.049290,0.000000,0.003570,
hamming-quadratic.19.ground.smt2,,par_async,1,0,unsat,1.400274,0.059980,0.514630,0.462720,0.130590,0.000000,0.001390,
hamming-quadratic.19.ground.smt2,,par_async,2,0,unsat,1.374166,0.060710,0.508320,0.472280,0.103050,0.000000,0.002090,
hamming-quadratic.19.ground.smt2,,par_async,4,0,unsat,1.822883,0.088130,0.863360,0.516090,0.105420,0.000000,0.004490,
hamming-quadratic.19.ground.smt2,,par_async,8,0,unsat,1.645381,0.062400,0.710190,0.529570,0.088580,0.000000,0.010380,
hamming-quadratic.19.ground.smt2,,par_async,16,0,unsat,1.813479,0.075980,0.867150,0.523600,0.083150,0.000000,0.023310,
hamming-quadratic.19.ground.smt2,,par_async,32,0,unsat,1.502076,0.060320,0.591270,0.507380,0.077370,0.000000,0.040400,
hamming-quadratic.19.ground.smt2,,par_async,64,0,unsat,1.544247,0.058910,0.566360,0.523570,0.088260,0.000000,0.078310,
hamming-quadratic.19.ground.smt2,,par_async,128,0,unsat,1.592981,0.061180,0.621290,0.496090,0.080270,0.000000,0.114280,
hamming-quadratic.19.ground.smt2,,par_async,144,0,unsat,1.566532,0.058830,0.591190,0.496550,0.081010,0.000000,0.116380,
hamming-quadratic.2.ground.smt2,,nelson_topo_iter,1,0,unsat,1.803425,0.095640,0.763860,0.616750,0.050800,0.000000,0.002990,
hamming-quadratic.2.ground.smt2,,nelson_simple,1,0,unsat,1.768669,0.082990,0.720980,0.626330,0.054720,0.000000,0.004250,
hamming-quadratic.2.ground.smt2,,par_async,1,0,unsat,1.496363,0.084130,0.541760,0.496820,0.100580,0.000000,0.001630,
hamming-quadratic.2.ground.smt2,,par_async,2,0,unsat,1.495130,0.084330,0.541410,0.499490,0.099940,0.000000,0.004430,
hamming-quadratic.2.ground.smt2,,par_async,4,0,unsat,1.465643,0.082030,0.533540,0.500680,0.070870,0.000000,0.004670,
hamming-quadratic.2.ground.smt2,,par_async,8,0,unsat,1.457286,0.075670,0.526470,0.509850,0.060920,0.000000,0.012060,
hamming-quadratic.2.ground.smt2,,par_async,16,0,unsat,2.074185,0.116920,0.973410,0.595400,0.065840,0.000000,0.036160,
hamming-quadratic.2.ground.smt2,,par_async,32,0,unsat,1.548688,0.085170,0.564670,0.509560,0.048190,0.000000,0.045190,
hamming-quadratic.2.ground.smt2,,par_async,64,0,unsat,1.697319,0.087240,0.625010,0.562390,0.065440,0.000000,0.092200,
hamming-quadratic.2.ground.smt2,,par_async,128,0,unsat,1.974680,0.088160,0.776260,0.631750,0.075450,0.000000,0.140650,
hamming-quadratic.2.ground.smt2,,par_async,144,0,unsat,1.878767,0.090150,0.729680,0.603480,0.068850,0.000000,0.125840,
hamming-quadratic.20.ground.smt2,,nelson_topo_iter,1,0,unsat,1.132959,0.058860,0.437800,0.424720,0.028970,0.000000,0.002580,
hamming-quadratic.20.ground.smt2,,nelson_simple,1,0,unsat,1.247278,0.064190,0.474310,0.465150,0.044790,0.000000,0.003520,
hamming-quadratic.20.ground.smt2,,par_async,1,0,unsat,1.109894,0.058160,0.378200,0.356390,0.130260,0.000000,0.001380,
hamming-quadratic.20.ground.smt2,,par_async,2,0,unsat,1.180384,0.058390,0.418120,0.414000,0.105560,0.000000,0.001750,
hamming-quadratic.20.ground.smt2,,par_async,4,0,unsat,1.290691,0.052990,0.506030,0.440680,0.100070,0.000000,0.004130,
hamming-quadratic.20.ground.smt2,,par_async,8,0,unsat,1.188969,0.055980,0.456330,0.409060,0.077270,0.000000,0.009650,
hamming-quadratic.20.ground.smt2,,par_async,16,0,unsat,1.385301,0.058090,0.573410,0.411200,0.069330,0.000000,0.023960,
hamming-quadratic.20.ground.smt2,,par_async,32,0,unsat,1.210969,0.063950,0.452050,0.400670,0.069570,0.000000,0.037930,
hamming-quadratic.20.ground.smt2,,par_async,64,0,unsat,1.755496,0.058020,0.753160,0.558890,0.094930,0.000000,0.078950,
hamming-quadratic.20.ground.smt2,,par_async,128,0,unsat,1.282281,0.062380,0.427250,0.439170,0.087530,0.000000,0.099140,
hamming-quadratic.20.ground.smt2,,par_async,144,0,unsat,1.407153,0.057560,0.546850,0.424120,0.086560,0.000000,0.118290,
hamming-quadratic.21.ground.smt2,,nelson_topo_iter,1,0,unsat,1.412454,0.080030,0.593950,0.467160,0.028450,0.000000,0.003020,
hamming-quadratic.21.ground.smt2,,nelson_simple,1,0,unsat,1.518252,0.076830,0.576540,0.565120,0.052640,0.000000,0.004040,
hamming-quadratic.21.ground.smt2,,par_async,1,0,unsat,1.702735,0.079350,0.664860,0.538380,0.174020,0.000000,0.002290,
hamming-quadratic.21.ground.smt2,,par_async,2,0,unsat,1.923577,0.114280,0.907130,0.534540,0.130190,0.000000,0.002610,
hamming-quadratic.21.ground.smt2,,par_async,4,0,unsat,1.826128,0.079710,0.839110,0.558200,0.108310,0.000000,0.005360,
hamming-quadratic.21.ground.smt2,,par_async,8,0,unsat,1.422828,0.079080,0.555800,0.467620,0.080910,0.000000,0.010390,
hamming-quadratic.21.ground.smt2,,par_async,16,0,unsat,1.466449,0.075020,0.531010,0.482790,0.073060,0.000000,0.026600,
hamming-quadratic.21.ground.smt2,,par_async,32,0,unsat,1.514715,0.082450,0.569600,0.508360,0.074040,0.000000,0.042470,
hamming-quadratic.21.ground.smt2,,par_async,64,0,unsat,1.570744,0.077450,0.584880,0.506630,0.086540,0.000000,0.086590,
hamming-quadratic.21.ground.smt2,,par_async,128,0,unsat,1.713738,0.077610,0.580870,0.600190,0.102680,0.000000,0.130660,
hamming-quadratic.21.ground.smt2,,par_async,144,0,unsat,1.742674,0.081280,0.640780,0.560520,0.089220,0.000000,0.142540,
hamming-quadratic.22.ground.smt2,,nelson_topo_iter,1,0,unsat,1.493906,0.096160,0.601620,0.505710,0.034070,0.000000,0.002700,
hamming-quadratic.22.ground.smt2,,nelson_simple,1,0,unsat,1.481755,0.086960,0.582980,0.509710,0.043210,0.000000,0.002780,
hamming-quadratic.22.ground.smt2,,par_async,1,0,unsat,1.557673,0.087770,0.584610,0.494420,0.136170,0.000000,0.001470,
hamming-quadratic.22.ground.smt2,,par_async,2,0,unsat,1.494990,0.079870,0.576210,0.484230,0.105370,0.000000,0.002120,
hamming-quadratic.22.ground.smt2,,par_async,4,0,unsat,1.524638,0.086880,0.596590,0.487050,0.091380,0.000000,0.003620,
hamming-quadratic.22.ground.smt2,,par_async,8,0,unsat,1.540163,0.088500,0.599180,0.501920,0.079770,0.000000,0.012120,
hamming-quadratic.22.ground.smt2,,par_async,16,0,unsat,1.727500,0.086780,0.724680,0.549150,0.084640,0.000000,0.024440,
hamming-quadratic.22.ground.smt2,,par_async,32,0,unsat,2.025102,0.132320,0.935000,0.552160,0.087910,0.000000,0.055270,
hamming-quadratic.22.ground.smt2,,par_async,64,0,unsat,1.620044,0.089220,0.525310,0.573800,0.085090,0.000000,0.076030,
hamming-quadratic.22.ground.smt2,,par_async,128,0,unsat,1.913535,0.080700,0.563450,0.806510,0.104710,0.000000,0.115200,
hamming-quadratic.22.ground.smt2,,par_async,144,0,unsat,1.638533,0.089980,0.523080,0.561910,0.088920,0.000000,0.121880,
hamming-quadratic.23.ground.smt2,,nelson_topo_iter,1,0,unsat,1.209417,0.063050,0.479100,0.428820,0.036020,0.000000,0.002290,
hamming-quadratic.23.ground.smt2,,nelson_simple,1,0,unsat,1.641768,0.058040,0.805390,0.517480,0.040270,0.000000,0.003310,
hamming-quadratic.23.ground.smt2,,par_async,1,0,unsat,1.150484,0.059390,0.423350,0.371740,0.081990,0.000000,0.001270,
hamming-quadratic.23.ground.smt2,,par_async,2,0,unsat,1.224763,0.057630,0.480720,0.414090,0.064410,0.000000,0.001690,
hamming-quadratic.23.ground.smt2,,par_async,4,0,unsat,1.659023,0.055890,0.818620,0.493000,0.068180,0.000000,0.004190,
hamming-quadratic.23.ground.smt2,,par_async,8,0,unsat,1.127421,0.058260,0.426050,0.377860,0.047790,0.000000,0.008570,
hamming-quadratic.23.ground.smt2,,par_async,16,0,unsat,1.257529,0.057500,0.517650,0.411380,0.043630,0.000000,0.020140,
hamming-quadratic.23.ground.smt2,,par_async,32,0,unsat,1.721175,0.071440,0.814010,0.479030,0.048880,0.000000,0.033190,
hamming-quadratic.23.ground.smt2,,par_async,64,0,unsat,1.329731,0.063730,0.497110,0.436660,0.049060,0.000000,0.075340,
hamming-quadratic.23.ground.smt2,,par_async,128,0,unsat,1.315807,0.057940,0.446110,0.446560,0.060990,0.000000,0.102550,
hamming-quadratic.23.ground.smt2,,par_async,144,0,unsat,1.645514,0.058520,0.526960,0.657520,0.074950,0.000000,0.117160,
hamming-quadratic.24.ground.smt2,,nelson_topo_iter,1,0,unsat,1.648757,0.098230,0.704660,0.572120,0.043130,0.000000,0.003940,
hamming-quadratic.24.ground.smt2,,nelson_simple,1,0,unsat,1.340717,0.078490,0.512590,0.494330,0.033710,0.000000,0.002980,
hamming-quadratic.24.ground.smt2,,par_async,1,0,unsat,1.922118,0.102550,0.895600,0.525160,0.169950,0.000000,0.002230,
hamming-quadratic.24.ground.smt2,,par_async,2,0,unsat,1.861616,0.077920,0.881820,0.544340,0.128100,0.000000,0.002860,
hamming-quadratic.24.ground.smt2,,par_async,4,0,unsat,1.549112,0.076360,0.624490,0.516580,0.103180,0.000000,0.004880,
hamming-quadratic.24.ground.smt2,,par_async,8,0,unsat,1.573928,0.078310,0.668360,0.505550,0.087430,0.000000,0.010630,
hamming-quadratic.24.ground.smt2,,par_async,16,0,unsat,1.750420,0.076480,0.774250,0.535510,0.079830,0.000000,0.023180,
hamming-quadratic.24.ground.smt2,,par_async,32,0,unsat,1.423103,0.081360,0.542270,0.465960,0.064570,0.000000,0.038660,
hamming-quadratic.24.ground.smt2,,par_async,64,0,unsat,1.422715,0.077460,0.489890,0.466990,0.078830,0.000000,0.091140,
hamming-quadratic.24.ground.smt2,,par_async,128,0,unsat,1.812433,0.096130,0.798740,0.494880,0.080140,0.000000,0.128340,
hamming-quadratic.24.ground.smt2,,par_async,144,0,unsat,1.673288,0.084800,0.633860,0.507380,0.082960,0.000000,0.149060,
hamming-quadratic.25.ground.smt2,,nelson_topo_iter,1,0,unsat,1.528779,0.083860,0.638420,0.539210,0.035770,0.000000,0.003980,
hamming-quadratic.25.ground.smt2,,nelson_simple,1,0,unsat,1.258328,0.086750,0.464470,0.444840,0.038600,0.000000,0.002890,
hamming-quadratic.25.ground.smt2,,par_async,1,0,unsat,1.423946,0.075690,0.535500,0.453940,0.132020,0.000000,0.001590,
hamming-quadratic.25.ground.smt2,,par_async,2,0,unsat,1.377014,0.074470,0.511530,0.468970,0.106730,0.000000,0.002170,
hamming-quadratic.25.ground.smt2,,par_async,4,0,unsat,1.277159,0.076130,0.461810,0.431540,0.090700,0.000000,0.004490,
hamming-quadratic.25.ground.smt2,,par_async,8,0,unsat,1.591368,0.074300,0.684360,0.514820,0.088640,0.000000,0.011520,
hamming-quadratic.25.ground.smt2,,par_async,16,0,unsat,1.833150,0.076950,0.887060,0.532060,0.080620,0.000000,0.031940,
hamming-quadratic.25.ground.smt2,,par_async,32,0,unsat,1.501811,0.075380,0.575390,0.513580,0.075920,0.000000,0.040850,
hamming-quadratic.25.ground.smt2,,par_async,64,0,unsat,1.495869,0.075010,0.558960,0.469900,0.078480,0.000000,0.097070,
hamming-quadratic.25.ground.smt2,,par_async,128,0,unsat,1.819129,0.075750,0.566280,0.746990,0.099820,0.000000,0.121040,
hamming-quadratic.25.ground.smt2,,par_async,144,0,unsat,1.465515,0.076000,0.477310,0.489790,0.086420,0.000000,0.126660,
hamming-quadratic.3.ground.smt2,,nelson_topo_iter,1,0,unsat,1.072230,0.061450,0.417090,0.372530,0.033290,0.000000,0.002550,
hamming-quadratic.3.ground.smt2,,nelson_simple,1,0,unsat,1.052000,0.065050,0.378810,0.375150,0.043680,0.000000,0.002590,
hamming-quadratic.3.ground.smt2,,par_async,1,0,unsat,1.195082,0.057400,0.407410,0.417930,0.129010,0.000000,0.001400,
hamming-quadratic.3.ground.smt2,,par_async,2,0,unsat,1.617524,0.059280,0.736700,0.499400,0.127840,0.000000,0.002770,
hamming-quadratic.3.ground.smt2,,par_async,4,0,unsat,1.593628,0.080830,0.751040,0.467120,0.102100,0.000000,0.004080,
hamming-quadratic.3.ground.smt2,,par_async,8,0,unsat,1.225887,0.059690,0.477380,0.418000,0.076200,0.000000,0.008940,
hamming-quadratic.3.ground.smt2,,par_async,16,0,unsat,1.415850,0.058110,0.555230,0.443050,0.079280,0.000000,0.022370,
hamming-quadratic.3.ground.smt2,,par_async,32,0,unsat,1.230873,0.063820,0.479240,0.399790,0.066320,0.000000,0.035260,
hamming-quadratic.3.ground.smt2,,par_async,64,0,unsat,1.667030,0.063570,0.766710,0.486290,0.083420,0.000000,0.075790,
hamming-quadratic.3.ground.smt2,,par_async,128,0,unsat,1.357479,0.064220,0.438740,0.482750,0.099610,0.000000,0.098910,
hamming-quadratic.3.ground.smt2,,par_async,144,0,unsat,1.433710,0.066000,0.530890,0.436550,0.090710,0.000000,0.128280,
hamming-quadratic.4.ground.smt2,,nelson_topo_iter,1,0,unsat,0.955178,0.045820,0.391330,0.341940,0.019920,0.000000,0.002330,
hamming-quadratic.4.ground.smt2,,nelson_simple,1,0,unsat,0.833199,0.040870,0.304840,0.313210,0.019160,0.000000,0.002390,
hamming-quadratic.4.ground.smt2,,par_async,1,0,unsat,1.022516,0.051850,0.341610,0.362190,0.110810,0.000000,0.001340,
hamming-quadratic.4.ground.smt2,,par_async,2,0,unsat,0.991161,0.045770,0.346970,0.357930,0.084940,0.000000,0.002320,
hamming-quadratic.4.ground.smt2,,par_async,4,0,unsat,1.024984,0.046770,0.395470,0.357380,0.067520,0.000000,0.003910,
hamming-quadratic.4.ground.smt2,,par_async,8,0,unsat,0.960249,0.042980,0.329710,0.360220,0.063670,0.000000,0.009270,
hamming-quadratic.4.ground.smt2,,par_async,16,0,unsat,0.913540,0.041180,0.323620,0.316310,0.054330,0.000000,0.021570,
hamming-quadratic.4.ground.smt2,,par_async,32,0,unsat,1.009544,0.045540,0.345740,0.363380,0.055880,0.000000,0.042230,
hamming-quadratic.4.ground.smt2,,par_async,64,0,unsat,1.048995,0.045480,0.351900,0.358720,0.057240,0.000000,0.077700,
hamming-quadratic.4.ground.smt2,,par_async,128,0,unsat,1.116281,0.047370,0.370240,0.372790,0.068790,0.000000,0.110910,
hamming-quadratic.4.ground.smt2,,par_async,144,0,unsat,1.161003,0.047960,0.390390,0.398680,0.074510,0.000000,0.102310,
hamming-quadratic.5.ground.smt2,,nelson_topo_iter,1,0,unsat,1.802747,0.086360,0.751480,0.625080,0.067760,0.000000,0.003150,
hamming-quadratic.5.ground.smt2,,nelson_simple,1,0,unsat,1.693259,0.080570,0.645810,0.624790,0.055440,0.000000,0.004480,
hamming-quadratic.5.ground.smt2,,par_async,1,0,unsat,2.098893,0.097340,0.989220,0.598320,0.140930,0.000000,0.002210,
hamming-quadratic.5.ground.smt2,,par_async,2,0,unsat,1.461659,0.080650,0.531760,0.492030,0.085680,0.000000,0.002280,
hamming-quadratic.5.ground.smt2,,par_async,4,0,unsat,1.472860,0.079280,0.555450,0.496700,0.071090,0.000000,0.004280,
hamming-quadratic.5.ground.smt2,,par_async,8,0,unsat,2.015043,0.110960,0.964480,0.589310,0.066950,0.000000,0.012210,
hamming-quadratic.5.ground.smt2,,par_async,16,0,unsat,1.487896,0.082430,0.560450,0.504220,0.054330,0.000000,0.024010,
hamming-quadratic.5.ground.smt2,,par_async,32,0,unsat,2.052014,0.115960,0.960370,0.588000,0.062140,0.000000,0.043790,
hamming-quadratic.5.ground.smt2,,par_async,64,0,unsat,1.612382,0.079290,0.561370,0.540470,0.066260,0.000000,0.096950,
hamming-quadratic.5.ground.smt2,,par_async,128,0,unsat,1.951349,0.081600,0.631270,0.773620,0.075460,0.000000,0.122930,
hamming-quadratic.5.ground.smt2,,par_async,144,0,unsat,1.734460,0.087810,0.519080,0.659700,0.073930,0.000000,0.141520,
hamming-quadratic.6.ground.smt2,,nelson_topo_iter,1,0,unsat,1.303632,0.052750,0.535730,0.471870,0.045240,0.000000,0.003670,
hamming-quadratic.6.ground.smt2,,nelson_simple,1,0,unsat,1.166037,0.055370,0.420790,0.445050,0.051400,0.000000,0.002770,
hamming-quadratic.6.ground.smt2,,par_async,1,0,unsat,1.487111,0.053880,0.565890,0.475240,0.195530,0.000000,0.001950,
hamming-quadratic.6.ground.smt2,,par_async,2,0,unsat,1.374971,0.055650,0.516180,0.466250,0.142180,0.000000,0.002550,
hamming-quadratic.6.ground.smt2,,par_async,4,0,unsat,1.222244,0.052420,0.462520,0.416050,0.094480,0.000000,0.004370,
hamming-quadratic.6.ground.smt2,,par_async,8,0,unsat,1.603101,0.053580,0.745940,0.505440,0.098060,0.000000,0.010300,
hamming-quadratic.6.ground.smt2,,par_async,16,0,unsat,1.144085,0.054950,0.418050,0.377010,0.076870,0.000000,0.024320,
hamming-quadratic.6.ground.smt2,,par_async,32,0,unsat,1.219180,0.051850,0.440210,0.426370,0.073120,0.000000,0.042030,
hamming-quadratic.6.ground.smt2,,par_async,64,0,unsat,1.438072,0.051350,0.554160,0.473140,0.088900,0.000000,0.079460,
hamming-quadratic.6.ground.smt2,,par_async,128,0,unsat,1.611158,0.054140,0.483100,0.652710,0.113020,0.000000,0.120220,
hamming-quadratic.6.ground.smt2,,par_async,144,0,unsat,1.349905,0.054010,0.462320,0.431430,0.090480,0.000000,0.131540,
hamming-quadratic.7.ground.smt2,,nelson_topo_iter,1,0,unsat,1.162077,0.053910,0.465820,0.420990,0.033770,0.000000,0.002680,
hamming-quadratic.7.ground.smt2,,nelson_simple,1,0,unsat,1.578180,0.053590,0.746890,0.518660,0.060940,0.000000,0.003790,
hamming-quadratic.7.ground.smt2,,par_async,1,0,unsat,1.141914,0.054570,0.380260,0.373320,0.142920,0.000000,0.001420,
hamming-quadratic.7.ground.smt2,,par_async,2,0,unsat,1.186351,0.052930,0.403550,0.432430,0.108960,0.000000,0.002150,
hamming-quadratic.7.ground.smt2,,par_async,4,0,unsat,1.164732,0.048410,0.428690,0.399850,0.096200,0.000000,0.004660,
hamming-quadratic.7.ground.smt2,,par_async,8,0,unsat,1.067137,0.049420,0.361530,0.376080,0.082840,0.000000,0.010450,
hamming-quadratic.7.ground.smt2,,par_async,16,0,unsat,1.167863,0.049630,0.374610,0.379150,0.077210,0.000000,0.023880,
hamming-quadratic.7.ground.smt2,,par_async,32,0,unsat,1.238576,0.058960,0.452250,0.421300,0.081620,0.000000,0.036720,
hamming-quadratic.7.ground.smt2,,par_async,64,0,unsat,1.777961,0.065830,0.747630,0.508570,0.102510,0.000000,0.097160,
hamming-quadratic.7.ground.smt2,,par_async,128,0,unsat,1.428681,0.060990,0.452390,0.508680,0.106500,0.000000,0.114450,
hamming-quadratic.7.ground.smt2,,par_async,144,0,unsat,1.341161,0.053740,0.436780,0.453390,0.092420,0.000000,0.127200,
hamming-quadratic.8.ground.smt2,,nelson_topo_iter,1,0,unsat,1.409834,0.080980,0.503930,0.496340,0.069180,0.000000,0.003090,
hamming-quadratic.8.ground.smt2,,nelson_simple,1,0,unsat,1.985464,0.083930,0.969840,0.608110,0.056860,0.000000,0.004380,
hamming-quadratic.8.ground.smt2,,par_async,1,0,unsat,2.043890,0.079790,0.972930,0.590680,0.144620,0.000000,0.002250,
hamming-quadratic.8.ground.smt2,,par_async,2,0,unsat,2.001368,0.101870,0.954130,0.575000,0.103770,0.000000,0.003010,
hamming-quadratic.8.ground.smt2,,par_async,4,0,unsat,1.975679,0.104760,0.951300,0.574430,0.082770,0.000000,0.005180,
hamming-quadratic.8.ground.smt2,,par_async,8,0,unsat,1.987878,0.093090,0.983720,0.568400,0.067620,0.000000,0.012960,
hamming-quadratic.8.ground.smt2,,par_async,16,0,unsat,1.987724,0.085070,0.965670,0.578470,0.066340,0.000000,0.027690,
hamming-quadratic.8.ground.smt2,,par_async,32,0,unsat,2.040343,0.079490,0.991390,0.581070,0.063970,0.000000,0.046230,
hamming-quadratic.8.ground.smt2,,par_async,64,0,unsat,2.001655,0.094630,0.952460,0.538840,0.065010,0.000000,0.094020,
hamming-quadratic.8.ground.smt2,,par_async,128,0,unsat,2.181954,0.089850,0.803120,0.840950,0.077440,0.000000,0.124870,
hamming-quadratic.8.ground.smt2,,par_async,144,0,unsat,1.930986,0.085430,0.574530,0.821390,0.081190,0.000000,0.127910,
hamming-quadratic.9.ground.smt2,,nelson_topo_iter,1,0,unsat,1.131112,0.077530,0.420120,0.395020,0.036540,0.000000,0.004840,
hamming-quadratic.9.ground.smt2,,nelson_simple,1,0,unsat,1.233565,0.083330,0.458000,0.436610,0.054550,0.000000,0.002570,
hamming-quadratic.9.ground.smt2,,par_async,1,0,unsat,1.781623,0.082240,0.806400,0.498200,0.192650,0.000000,0.001930,
hamming-quadratic.9.ground.smt2,,par_async,2,0,unsat,1.271507,0.078080,0.470950,0.416850,0.112230,0.000000,0.002170,
hamming-quadratic.9.ground.smt2,,par_async,4,0,unsat,1.691016,0.112710,0.787700,0.474600,0.111420,0.000000,0.004010,
hamming-quadratic.9.ground.smt2,,par_async,8,0,unsat,1.278486,0.078390,0.487140,0.423330,0.084320,0.000000,0.009590,
hamming-quadratic.9.ground.smt2,,par_async,16,0,unsat,1.763749,0.098000,0.799640,0.482230,0.088150,0.000000,0.021780,
hamming-quadratic.9.ground.smt2,,par_async,32,0,unsat,1.291708,0.084090,0.484910,0.419280,0.074440,0.000000,0.033380,
hamming-quadratic.9.ground.smt2,,par_async,64,0,unsat,1.303639,0.076220,0.435320,0.425860,0.092310,0.000000,0.085670,
hamming-quadratic.9.ground.smt2,,par_async,128,0,unsat,1.448060,0.081370,0.501970,0.465900,0.087420,0.000000,0.119310,
hamming-quadratic.9.ground.smt2,,par_async,144,0,unsat,1.691458,0.081620,0.509440,0.694420,0.106610,0.000000,0.118720,
hamming-rearrangement.0.ground.smt2,,nelson_topo_iter,1,0,unsat,1.233742,0.066950,0.508150,0.422390,0.048240,0.000000,0.003100,
hamming-rearrangement.0.ground.smt2,,nelson_simple,1,0,unsat,1.103505,0.062170,0.426160,0.402860,0.033430,0.000000,0.002320,
hamming-rearrangement.0.ground.smt2,,par_async,1,0,unsat,1.379331,0.061340,0.573560,0.424650,0.133030,0.000000,0.001790,
hamming-rearrangement.0.ground.smt2,,par_async,2,0,unsat,1.108976,0.057640,0.394970,0.395570,0.081850,0.000000,0.001900,
hamming-rearrangement.0.ground.smt2,,par_async,4,0,unsat,1.261030,0.057920,0.515670,0.417800,0.082110,0.000000,0.003910,
hamming-rearrangement.0.ground.smt2,,par_async,8,0,unsat,1.033050,0.056120,0.368730,0.352850,0.061970,0.000000,0.008230,
hamming-rearrangement.0.ground.smt2,,par_async,16,0,unsat,1.058363,0.061050,0.388520,0.347230,0.055770,0.000000,0.020050,
hamming-rearrangement.0.ground.smt2,,par_async,32,0,unsat,1.115460,0.058070,0.388390,0.400260,0.057310,0.000000,0.032950,
hamming-rearrangement.0.ground.smt2,,par_async,64,0,unsat,1.259680,0.060720,0.473400,0.411680,0.065930,0.000000,0.062940,
hamming-rearrangement.0.ground.smt2,,par_async,128,0,unsat,1.210788,0.060640,0.392690,0.408520,0.071880,0.000000,0.106980,
hamming-rearrangement.0.ground.smt2,,par_async,144,0,unsat,1.341982,0.061810,0.477260,0.450130,0.073270,0.000000,0.109170,
hamming-rearrangement.1.ground.smt2,,nelson_topo_iter,1,0,unsat,1.409315,0.080820,0.510380,0.499880,0.075660,0.000000,0.003600,
hamming-rearrangement.1.ground.smt2,,nelson_simple,1,0,unsat,1.982928,0.116180,0.921720,0.626670,0.064120,0.000000,0.005150,
hamming-rearrangement.1.ground.smt2,,par_async,1,0,unsat,2.096390,0.109480,0.935180,0.584840,0.222200,0.000000,0.002640,
hamming-rearrangement.1.ground.smt2,,par_async,2,0,unsat,1.419961,0.080420,0.500210,0.479980,0.121970,0.000000,0.001520,
hamming-rearrangement.1.ground.smt2,,par_async,4,0,unsat,1.976971,0.112890,0.921740,0.578350,0.121070,0.000000,0.001420,
hamming-rearrangement.1.ground.smt2,,par_async,8,0,unsat,1.974047,0.108400,0.934580,0.573580,0.104420,0.000000,0.001910,
hamming-rearrangement.1.ground.smt2,,par_async,16,0,unsat,1.955094,0.090750,0.942400,0.580640,0.091700,0.000000,0.002090,
hamming-rearrangement.1.ground.smt2,,par_async,32,0,unsat,1.883438,0.079930,0.870060,0.597450,0.097650,0.000000,0.002010,
hamming-rearrangement.1.ground.smt2,,par_async,64,0,unsat,1.718023,0.077870,0.657470,0.613100,0.118850,0.000000,0.003230,
hamming-rearrangement.1.ground.smt2,,par_async,128,0,unsat,1.543618,0.079950,0.529770,0.583080,0.116280,0.000000,0.003030,
hamming-rearrangement.1.ground.smt2,,par_async,144,0,unsat,1.555866,0.080350,0.519510,0.587230,0.128210,0.000000,0.003180,
hamming-rearrangement.10.ground.smt2,,nelson_topo_iter,1,0,unsat,1.025656,0.053040,0.339770,0.399840,0.060330,0.000000,0.003250,
hamming-rearrangement.10.ground.smt2,,nelson_simple,1,0,unsat,0.975488,0.045030,0.326470,0.395940,0.038760,0.000000,0.003310,
hamming-rearrangement.10.ground.smt2,,par_async,1,0,unsat,1.046948,0.046900,0.333350,0.380880,0.118670,0.000000,0.001840,
hamming-rearrangement.10.ground.smt2,,par_async,2,0,unsat,0.991943,0.043320,0.314400,0.376520,0.090300,0.000000,0.002320,
hamming-rearrangement.10.ground.smt2,,par_async,4,0,unsat,0.968625,0.041440,0.309160,0.374140,0.073050,0.000000,0.004600,
hamming-rearrangement.10.ground.smt2,,par_async,8,0,unsat,0.920614,0.043940,0.310660,0.333770,0.057330,0.000000,0.009010,
hamming-rearrangement.10.ground.smt2,,par_async,16,0,unsat,0.904751,0.039270,0.304430,0.327630,0.051130,0.000000,0.021760,
hamming-rearrangement.10.ground.smt2,,par_async,32,0,unsat,1.379204,0.042940,0.617620,0.461930,0.056990,0.000000,0.033160,
hamming-rearrangement.10.ground.smt2,,par_async,64,0,unsat,1.301667,0.046570,0.434660,0.488740,0.081460,0.000000,0.078320,
hamming-rearrangement.10.ground.smt2,,par_async,128,0,unsat,1.141805,0.048130,0.377130,0.382810,0.068340,0.000000,0.112340,
hamming-rearrangement.10.ground.smt2,,par_async,144,0,unsat,1.178742,0.047260,0.364710,0.425650,0.071050,0.000000,0.115410,
hamming-rearrangement.11.ground.smt2,,nelson_topo_iter,1,0,unsat,1.134527,0.051430,0.457390,0.402480,0.060960,0.000000,0.003390,
hamming-rearrangement.11.ground.smt2,,nelson_simple,1,0,unsat,0.908298,0.055050,0.347260,0.321860,0.031130,0.000000,0.002530,
hamming-rearrangement.11.ground.smt2,,par_async,1,0,unsat,1.461279,0.071260,0.665770,0.432100,0.138230,0.000000,0.001910,
hamming-rearrangement.11.ground.smt2,,par_async,2,0,unsat,1.443573,0.056380,0.688980,0.434820,0.106100,0.000000,0.002990,
hamming-rearrangement.11.ground.smt2,,par_async,4,0,unsat,1.421212,0.052240,0.666180,0.451160,0.090990,0.000000,0.004780,
hamming-rearrangement.11.ground.smt2,,par_async,8,0,unsat,1.160163,0.052790,0.463820,0.400020,0.075160,0.000000,0.011130,
hamming-rearrangement.11.ground.smt2,,par_async,16,0,unsat,1.418488,0.066560,0.683960,0.408660,0.077220,0.000000,0.021940,
hamming-rearrangement.11.ground.smt2,,par_async,32,0,unsat,1.118728,0.051940,0.425570,0.374490,0.066710,0.000000,0.045470,
hamming-rearrangement.11.ground.smt2,,par_async,64,0,unsat,1.067978,0.050670,0.363360,0.355830,0.067910,0.000000,0.084540,
hamming-rearrangement.11.ground.smt2,,par_async,128,0,unsat,1.255634,0.048800,0.349780,0.517980,0.089080,0.000000,0.103090,
hamming-rearrangement.11.ground.smt2,,par_async,144,0,unsat,1.382851,0.048590,0.409000,0.560040,0.090010,0.000000,0.131340,
hamming-rearrangement.12.ground.smt2,,nelson_topo_iter,1,0,unsat,1.247875,0.053100,0.500470,0.446090,0.042160,0.000000,0.002640,
hamming-rearrangement.12.ground.smt2,,nelson_simple,1,0,unsat,1.648168,0.062630,0.792440,0.529620,0.045620,0.000000,0.003740,
hamming-rearrangement.12.ground.smt2,,par_async,1,0,unsat,1.263021,0.055970,0.441790,0.454420,0.105060,0.000000,0.001490,
hamming-rearrangement.12.ground.smt2,,par_async,2,0,unsat,1.686251,0.055350,0.785610,0.526170,0.105470,0.000000,0.002770,
hamming-rearrangement.12.ground.smt2,,par_async,4,0,unsat,1.120141,0.051100,0.392720,0.392760,0.072670,0.000000,0.004380,
hamming-rearrangement.12.ground.smt2,,par_async,8,0,unsat,1.231886,0.054060,0.467670,0.431610,0.063830,0.000000,0.009500,
hamming-rearrangement.12.ground.smt2,,par_async,16,0,unsat,1.679819,0.053390,0.788110,0.505720,0.063110,0.000000,0.025060,
hamming-rearrangement.12.ground.smt2,,par_async,32,0,unsat,1.155200,0.054660,0.408610,0.397330,0.053490,0.000000,0.033640,
hamming-rearrangement.12.ground.smt2,,par_async,64,0,unsat,1.349708,0.052870,0.492480,0.452410,0.073200,0.000000,0.081320,
hamming-rearrangement.12.ground.smt2,,par_async,128,0,unsat,1.340948,0.053920,0.454990,0.466170,0.068070,0.000000,0.111210,
hamming-rearrangement.12.ground.smt2,,par_async,144,0,unsat,1.483010,0.062670,0.574490,0.456050,0.069020,0.000000,0.128030,
hamming-rearrangement.13.ground.smt2,,nelson_topo_iter,1,0,unsat,0.809570,0.038600,0.310000,0.310590,0.022480,0.000000,0.002680,
hamming-rearrangement.13.ground.smt2,,nelson_simple,1,0,unsat,0.757095,0.045220,0.265570,0.296560,0.020410,0.000000,0.002760,
hamming-rearrangement.13.ground.smt2,,par_async,1,0,unsat,0.726379,0.040610,0.260940,0.240000,0.064030,0.000000,0.001090,
hamming-rearrangement.13.ground.smt2,,par_async,2,0,unsat,0.770916,0.040330,0.267230,0.279100,0.060870,0.000000,0.001690,
hamming-rearrangement.13.ground.smt2,,par_async,4,0,unsat,0.676910,0.039230,0.229760,0.242100,0.042740,0.000000,0.002710,
hamming-rearrangement.13.ground.smt2,,par_async,8,0,unsat,0.732778,0.035070,0.233910,0.282060,0.044000,0.000000,0.015240,
hamming-rearrangement.13.ground.smt2,,par_async,16,0,unsat,1.113941,0.038820,0.505660,0.367280,0.052800,0.000000,0.016750,
hamming-rearrangement.13.ground.smt2,,par_async,32,0,unsat,0.743875,0.037320,0.234940,0.283620,0.033550,0.000000,0.026110,
hamming-rearrangement.13.ground.smt2,,par_async,64,0,unsat,0.868518,0.039690,0.302830,0.306490,0.042230,0.000000,0.058470,
hamming-rearrangement.13.ground.smt2,,par_async,128,0,unsat,0.972418,0.037340,0.233830,0.439810,0.049600,0.000000,0.089090,
hamming-rearrangement.13.ground.smt2,,par_async,144,0,unsat,0.864896,0.038770,0.260930,0.315050,0.043750,0.000000,0.094000,
hamming-rearrangement.14.ground.smt2,,nelson_topo_iter,1,0,unsat,1.381132,0.059790,0.604080,0.471440,0.056890,0.000000,0.003720,
hamming-rearrangement.14.ground.smt2,,nelson_simple,1,0,unsat,1.471874,0.053950,0.665880,0.517920,0.050260,0.000000,0.003820,
hamming-rearrangement.14.ground.smt2,,par_async,1,0,unsat,1.482613,0.054360,0.634700,0.481880,0.132990,0.000000,0.002050,
hamming-rearrangement.14.ground.smt2,,par_async,2,0,unsat,1.338503,0.054580,0.511170,0.440640,0.101280,0.000000,0.002540,
hamming-rearrangement.14.ground.smt2,,par_async,4,0,unsat,1.145828,0.060080,0.448090,0.396170,0.063860,0.000000,0.004330,
hamming-rearrangement.14.ground.smt2,,par_async,8,0,unsat,1.237307,0.052390,0.481090,0.430310,0.071300,0.000000,0.022840,
hamming-rearrangement.14.ground.smt2,,par_async,16,0,unsat,1.042374,0.050760,0.352880,0.364110,0.051110,0.000000,0.025610,
hamming-rearrangement.14.ground.smt2,,par_async,32,0,unsat,1.028798,0.050840,0.348400,0.360450,0.050850,0.000000,0.041280,
hamming-rearrangement.14.ground.smt2,,par_async,64,0,unsat,1.179033,0.051570,0.401250,0.409410,0.065420,0.000000,0.080210,
hamming-rearrangement.14.ground.smt2,,par_async,128,0,unsat,1.355744,0.052170,0.430700,0.502370,0.079690,0.000000,0.123430,
hamming-rearrangement.14.ground.smt2,,par_async,144,0,unsat,1.293222,0.053130,0.414370,0.463570,0.071290,0.000000,0.128460,
hamming-rearrangement.15.ground.smt2,,nelson_topo_iter,1,0,unsat,1.566342,0.088130,0.637040,0.571270,0.036070,0.000000,0.004360,
hamming-rearrangement.15.ground.smt2,,nelson_simple,1,0,unsat,1.270180,0.079750,0.457150,0.477700,0.026450,0.000000,0.003280,
hamming-rearrangement.15.ground.smt2,,par_async,1,0,unsat,1.718384,0.076960,0.559420,0.551030,0.295350,0.000000,0.002370,
hamming-rearrangement.15.ground.smt2,,par_async,2,0,unsat,1.975880,0.114930,0.882180,0.548990,0.176170,0.000000,0.001680,
hamming-rearrangement.15.ground.smt2,,par_async,4,0,unsat,1.799832,0.095790,0.771830,0.574690,0.119060,0.000000,0.001290,
hamming-rearrangement.15.ground.smt2,,par_async,8,0,unsat,1.405168,0.078890,0.540470,0.481360,0.073740,0.000000,0.001520,
hamming-rearrangement.15.ground.smt2,,par_async,16,0,unsat,1.513376,0.080740,0.596400,0.541480,0.063780,0.000000,0.001870,
hamming-rearrangement.15.ground.smt2,,par_async,32,0,unsat,1.454383,0.077550,0.564830,0.487810,0.058870,0.000000,0.001730,
hamming-rearrangement.15.ground.smt2,,par_async,64,0,unsat,1.457913,0.080390,0.558060,0.510710,0.074690,0.000000,0.002510,
hamming-rearrangement.15.ground.smt2,,par_async,128,0,unsat,1.506715,0.076560,0.544450,0.558440,0.093320,0.000000,0.003100,
hamming-rearrangement.15.ground.smt2,,par_async,144,0,unsat,1.548421,0.077290,0.536490,0.584610,0.104120,0.000000,0.002970,
hamming-rearrangement.16.ground.smt2,,nelson_topo_iter,1,0,unsat,0.921690,0.045160,0.345960,0.353550,0.025450,0.000000,0.003090,
hamming-rearrangement.16.ground.smt2,,nelson_simple,1,0,unsat,0.836285,0.044480,0.313750,0.309130,0.017950,0.000000,0.002350,
hamming-rearrangement.16.ground.smt2,,par_async,1,0,unsat,1.412164,0.042560,0.612840,0.431170,0.171560,0.000000,0.001690,
hamming-rearrangement.16.ground.smt2,,par_async,2,0,unsat,1.081619,0.041580,0.374350,0.385080,0.125940,0.000000,0.002030,
hamming-rearrangement.16.ground.smt2,,par_async,4,0,unsat,1.267627,0.045190,0.558880,0.390180,0.117380,0.000000,0.004260,
hamming-rearrangement.16.ground.smt2,,par_async,8,0,unsat,0.905579,0.045800,0.330870,0.296000,0.074930,0.000000,0.008560,
hamming-rearrangement.16.ground.smt2,,par_async,16,0,unsat,0.998756,0.042610,0.374720,0.334690,0.074810,0.000000,0.021390,
hamming-rearrangement.16.ground.smt2,,par_async,32,0,unsat,0.919480,0.044230,0.318220,0.305030,0.066990,0.000000,0.029800,
hamming-rearrangement.16.ground.smt2,,par_async,64,0,unsat,0.934812,0.042230,0.280270,0.323730,0.074640,0.000000,0.068440,
hamming-rearrangement.16.ground.smt2,,par_async,128,0,unsat,1.423100,0.043560,0.467230,0.562650,0.096470,0.000000,0.109270,
hamming-rearrangement.16.ground.smt2,,par_async,144,0,unsat,1.113365,0.041260,0.359510,0.369280,0.093310,0.000000,0.106960,
hamming-rearrangement.17.ground.smt2,,nelson_topo_iter,1,0,unsat,0.039589,0.001910,0.011520,0.012850,0.001390,0.000000,0.000170,
hamming-rearrangement.17.ground.smt2,,nelson_simple,1,0,unsat,0.037459,0.001490,0.014110,0.012960,0.001180,0.000000,0.000180,
hamming-rearrangement.17.ground.smt2,,par_async,1,0,unsat,0.037213,0.001450,0.013720,0.012240,0.002280,0.000000,0.000120,
hamming-rearrangement.17.ground.smt2,,par_async,2,0,unsat,0.037011,0.001440,0.013550,0.012380,0.001930,0.000000,0.000210,
hamming-rearrangement.17.ground.smt2,,par_async,4,0,unsat,0.036397,0.001490,0.012960,0.012370,0.001680,0.000000,0.000320,
hamming-rearrangement.17.ground.smt2,,par_async,8,0,unsat,0.037408,0.001650,0.012840,0.011740,0.001340,0.000000,0.001280,
hamming-rearrangement.17.ground.smt2,,par_async,16,0,unsat,0.032018,0.000790,0.009700,0.010920,0.001160,0.000000,0.003410,
hamming-rearrangement.17.ground.smt2,,par_async,32,0,unsat,0.041430,0.001480,0.012590,0.012000,0.001080,0.000000,0.005530,
hamming-rearrangement.17.ground.smt2,,par_async,64,0,unsat,0.050364,0.001070,0.010770,0.020990,0.001930,0.000000,0.006850,
hamming-rearrangement.17.ground.smt2,,par_async,128,0,unsat,0.068131,0.001110,0.011330,0.035910,0.002790,0.000000,0.007220,
hamming-rearrangement.17.ground.smt2,,par_async,144,0,unsat,0.075460,0.001330,0.011810,0.040130,0.002280,0.000000,0.008080,
hamming-rearrangement.18.ground.smt2,,nelson_topo_iter,1,0,unsat,2.102435,0.095660,0.951510,0.676590,0.117570,0.000000,0.005240,
hamming-rearrangement.18.ground.smt2,,nelson_simple,1,0,unsat,1.541202,0.083410,0.568710,0.552360,0.073310,0.000000,0.004010,
hamming-rearrangement.18.ground.smt2,,par_async,1,0,unsat,1.803630,0.079790,0.636790,0.566110,0.262950,0.000000,0.002140,
hamming-rearrangement.18.ground.smt2,,par_async,2,0,unsat,2.257737,0.082010,1.050220,0.642740,0.213850,0.000000,0.001890,
hamming-rearrangement.18.ground.smt2,,par_async,4,0,unsat,1.699743,0.081380,0.686310,0.540710,0.130460,0.000000,0.001420,
hamming-rearrangement.18.ground.smt2,,par_async,8,0,unsat,1.618697,0.080040,0.641700,0.538360,0.097960,0.000000,0.001870,
hamming-rearrangement.18.ground.smt2,,par_async,16,0,unsat,2.124648,0.122370,1.000190,0.635800,0.094360,0.000000,0.002320,
hamming-rearrangement.18.ground.smt2,,par_async,32,0,unsat,1.634526,0.081040,0.646420,0.554770,0.088500,0.000000,0.002270,
hamming-rearrangement.18.ground.smt2,,par_async,64,0,unsat,1.663061,0.072930,0.652760,0.578040,0.098000,0.000000,0.003410,
hamming-rearrangement.18.ground.smt2,,par_async,128,0,unsat,2.222302,0.081350,0.965730,0.761960,0.130190,0.000000,0.003790,
hamming-rearrangement.18.ground.smt2,,par_async,144,0,unsat,1.782134,0.087440,0.680450,0.631910,0.118020,0.000000,0.004530,
hamming-rearrangement.19.ground.smt2,,nelson_topo_iter,1,0,unsat,1.911217,0.096890,0.870020,0.627400,0.029610,0.000000,0.003550,
hamming-rearrangement.19.ground.smt2,,nelson_simple,1,0,unsat,1.976623,0.087310,0.934240,0.637260,0.029510,0.000000,0.003540,
hamming-rearrangement.19.ground.smt2,,par_async,1,0,unsat,1.961323,0.087270,0.823210,0.606240,0.154280,0.000000,0.001900,
hamming-rearrangement.19.ground.smt2,,par_async,2,0,unsat,1.808726,0.087040,0.725730,0.595740,0.114560,0.000000,0.002320,
hamming-rearrangement.19.ground.smt2,,par_async,4,0,unsat,1.625431,0.086240,0.662320,0.516950,0.077430,0.000000,0.004200,
hamming-rearrangement.19.ground.smt2,,par_async,8,0,unsat,1.585621,0.083410,0.635530,0.506490,0.070400,0.000000,0.009740,
hamming-rearrangement.19.ground.smt2,,par_async,16,0,unsat,1.927877,0.085260,0.812540,0.593630,0.072250,0.000000,0.024480,
hamming-rearrangement.19.ground.smt2,,par_async,32,0,unsat,1.617024,0.088010,0.633130,0.521750,0.066760,0.000000,0.030120,
hamming-rearrangement.19.ground.smt2,,par_async,64,0,unsat,1.971341,0.084890,0.842600,0.615560,0.074350,0.000000,0.081730,
hamming-rearrangement.19.ground.smt2,,par_async,128,0,unsat,2.119961,0.086200,0.886570,0.661650,0.091050,0.000000,0.118770,
hamming-rearrangement.19.ground.smt2,,par_async,144,0,unsat,2.232049,0.091830,0.801170,0.847230,0.093080,0.000000,0.125900,
hamming-rearrangement.20.ground.smt2,,nelson_topo_iter,1,0,unsat,1.373000,0.080300,0.504510,0.502940,0.060880,0.000000,0.003380,
hamming-rearrangement.20.ground.smt2,,nelson_simple,1,0,unsat,1.281545,0.076890,0.459130,0.463400,0.064950,0.000000,0.003530,
hamming-rearrangement.20.ground.smt2,,par_async,1,0,unsat,1.883275,0.074180,0.682050,0.558220,0.337860,0.000000,0.002540,
hamming-rearrangement.20.ground.smt2,,par_async,2,0,unsat,1.457949,0.076580,0.524400,0.472170,0.167380,0.000000,0.001460,
hamming-rearrangement.20.ground.smt2,,par_async,4,0,unsat,1.446683,0.075230,0.553950,0.475400,0.125220,0.000000,0.001240,
hamming-rearrangement.20.ground.smt2,,par_async,8,0,unsat,1.315404,0.075930,0.477740,0.452940,0.091550,0.000000,0.001680,
hamming-rearrangement.20.ground.smt2,,par_async,16,0,unsat,1.839154,0.076700,0.884920,0.550360,0.095310,0.000000,0.001960,
hamming-rearrangement.20.ground.smt2,,par_async,32,0,unsat,1.542921,0.076340,0.612140,0.534130,0.093800,0.000000,0.002020,
hamming-rearrangement.20.ground.smt2,,par_async,64,0,unsat,1.536271,0.076130,0.640430,0.492900,0.102120,0.000000,0.003060,
hamming-rearrangement.20.ground.smt2,,par_async,128,0,unsat,1.552994,0.074740,0.621080,0.515390,0.118220,0.000000,0.003110,
hamming-rearrangement.20.ground.smt2,,par_async,144,0,unsat,1.649340,0.074010,0.678060,0.543280,0.125700,0.000000,0.004190,
hamming-rearrangement.21.ground.smt2,,nelson_topo_iter,1,0,unsat,0.995206,0.055700,0.370040,0.356850,0.046880,0.000000,0.002890,
hamming-rearrangement.21.ground.smt2,,nelson_simple,1,0,unsat,0.954135,0.046960,0.336040,0.353310,0.049920,0.000000,0.002960,
hamming-rearrangement.21.ground.smt2,,par_async,1,0,unsat,1.053336,0.050450,0.340180,0.332130,0.168450,0.000000,0.001690,
hamming-rearrangement.21.ground.smt2,,par_async,2,0,unsat,0.989595,0.043270,0.317120,0.332630,0.133720,0.000000,0.002330,
hamming-rearrangement.21.ground.smt2,,par_async,4,0,unsat,0.971305,0.041100,0.319250,0.334120,0.115220,0.000000,0.004470,
hamming-rearrangement.21.ground.smt2,,par_async,8,0,unsat,1.074832,0.048060,0.408750,0.343840,0.102490,0.000000,0.010540,
hamming-rearrangement.21.ground.smt2,,par_async,16,0,unsat,1.012546,0.042220,0.316710,0.338500,0.093400,0.000000,0.034000,
hamming-rearrangement.21.ground.smt2,,par_async,32,0,unsat,0.995987,0.044050,0.324370,0.341040,0.086720,0.000000,0.041450,
hamming-rearrangement.21.ground.smt2,,par_async,64,0,unsat,1.202053,0.047740,0.393560,0.398380,0.109460,0.000000,0.089320,
hamming-rearrangement.21.ground.smt2,,par_async,128,0,unsat,1.365566,0.050160,0.416510,0.485530,0.132490,0.000000,0.126390,
hamming-rearrangement.21.ground.smt2,,par_async,144,0,unsat,1.295961,0.049720,0.401060,0.425520,0.131430,0.000000,0.134610,
hamming-rearrangement.22.ground.smt2,,nelson_topo_iter,1,0,unsat,1.196343,0.060810,0.490730,0.416730,0.028170,0.000000,0.003210,
hamming-rearrangement.22.ground.smt2,,nelson_simple,1,0,unsat,1.192391,0.062720,0.422390,0.480380,0.026300,0.000000,0.003210,
hamming-rearrangement.22.ground.smt2,,par_async,1,0,unsat,1.297279,0.056590,0.476320,0.395820,0.174320,0.000000,0.001750,
hamming-rearrangement.22.ground.smt2,,par_async,2,0,unsat,1.266325,0.061370,0.432300,0.453910,0.119360,0.000000,0.001430,
hamming-rearrangement.22.ground.smt2,,par_async,4,0,unsat,1.673694,0.056790,0.797420,0.521320,0.096290,0.000000,0.001280,
hamming-rearrangement.22.ground.smt2,,par_async,8,0,unsat,1.235115,0.057900,0.457710,0.457500,0.067720,0.000000,0.001530,
hamming-rearrangement.22.ground.smt2,,par_async,16,0,unsat,1.449064,0.056810,0.632820,0.490250,0.058040,0.000000,0.001950,
hamming-rearrangement.22.ground.smt2,,par_async,32,0,unsat,1.418267,0.057050,0.532140,0.486750,0.068260,0.000000,0.001900,
hamming-rearrangement.22.ground.smt2,,par_async,64,0,unsat,1.253052,0.058820,0.473670,0.452830,0.071560,0.000000,0.002690,
hamming-rearrangement.22.ground.smt2,,par_async,128,0,unsat,1.654025,0.060180,0.791160,0.512060,0.087980,0.000000,0.002920,
hamming-rearrangement.22.ground.smt2,,par_async,144,0,unsat,1.322003,0.056410,0.457070,0.493930,0.105190,0.000000,0.003840,
hamming-rearrangement.23.ground.smt2,,nelson_topo_iter,1,0,unsat,1.595250,0.064170,0.725140,0.540650,0.057420,0.000000,0.004350,
hamming-rearrangement.23.ground.smt2,,nelson_simple,1,0,unsat,1.131725,0.058220,0.411500,0.415270,0.051740,0.000000,0.003220,
hamming-rearrangement.23.ground.smt2,,par_async,1,0,unsat,1.339454,0.056680,0.452340,0.449890,0.194060,0.000000,0.001700,
hamming-rearrangement.23.ground.smt2,,par_async,2,0,unsat,1.153937,0.052000,0.380910,0.394680,0.137580,0.000000,0.001070,
hamming-rearrangement.23.ground.smt2,,par_async,4,0,unsat,1.217407,0.050360,0.411960,0.457400,0.104260,0.000000,0.001130,
hamming-rearrangement.23.ground.smt2,,par_async,8,0,unsat,1.533805,0.050840,0.672400,0.519000,0.097100,0.000000,0.001620,
hamming-rearrangement.23.ground.smt2,,par_async,16,0,unsat,1.559169,0.056760,0.710590,0.509440,0.086310,0.000000,0.001830,
hamming-rearrangement.23.ground.smt2,,par_async,32,0,unsat,1.640614,0.065920,0.783200,0.504360,0.088390,0.000000,0.002080,
hamming-rearrangement.23.ground.smt2,,par_async,64,0,unsat,1.255306,0.057140,0.456880,0.453800,0.095930,0.000000,0.002540,
hamming-rearrangement.23.ground.smt2,,par_async,128,0,unsat,1.558378,0.055410,0.589620,0.587610,0.123200,0.000000,0.002760,
hamming-rearrangement.23.ground.smt2,,par_async,144,0,unsat,1.630255,0.063530,0.687190,0.536270,0.134240,0.000000,0.002990,
hamming-rearrangement.24.ground.smt2,,nelson_topo_iter,1,0,unsat,1.180254,0.062000,0.433950,0.431120,0.051170,0.000000,0.003220,
hamming-rearrangement.24.ground.smt2,,nelson_simple,1,0,unsat,1.256728,0.055770,0.470950,0.470790,0.055460,0.000000,0.003260,
hamming-rearrangement.24.ground.smt2,,par_async,1,0,unsat,1.902284,0.078770,0.783770,0.531520,0.302920,0.000000,0.002420,
hamming-rearrangement.24.ground.smt2,,par_async,2,0,unsat,1.803556,0.056710,0.791960,0.550440,0.199230,0.000000,0.001520,
hamming-rearrangement.24.ground.smt2,,par_async,4,0,unsat,1.284379,0.055370,0.451050,0.457150,0.119560,0.000000,0.001200,
hamming-rearrangement.24.ground.smt2,,par_async,8,0,unsat,1.692427,0.074310,0.787690,0.517500,0.109360,0.000000,0.001730,
hamming-rearrangement.24.ground.smt2,,par_async,16,0,unsat,1.223385,0.052410,0.431710,0.459780,0.079720,0.000000,0.001760,
hamming-rearrangement.24.ground.smt2,,par_async,32,0,unsat,1.605303,0.055620,0.722350,0.527230,0.093710,0.000000,0.001820,
hamming-rearrangement.24.ground.smt2,,par_async,64,0,unsat,1.267334,0.056870,0.432950,0.456560,0.109170,0.000000,0.002980,
hamming-rearrangement.24.ground.smt2,,par_async,128,0,unsat,1.640339,0.055720,0.513790,0.721300,0.132330,0.000000,0.002970,
hamming-rearrangement.24.ground.smt2,,par_async,144,0,unsat,1.538845,0.062520,0.645490,0.499270,0.122960,0.000000,0.003980,
hamming-rearrangement.25.ground.smt2,,nelson_topo_iter,1,0,unsat,1.038620,0.045170,0.474270,0.352440,0.040160,0.000000,0.003490,
hamming-rearrangement.25.ground.smt2,,nelson_simple,1,0,unsat,1.109723,0.059740,0.519430,0.366460,0.037550,0.000000,0.003950,
hamming-rearrangement.25.ground.smt2,,par_async,1,0,unsat,0.871207,0.037710,0.299590,0.286460,0.136840,0.000000,0.001600,
hamming-rearrangement.25.ground.smt2,,par_async,2,0,unsat,1.166241,0.049410,0.527880,0.349640,0.125180,0.000000,0.002690,
hamming-rearrangement.25.ground.smt2,,par_async,4,0,unsat,0.765565,0.041240,0.262760,0.269900,0.079230,0.000000,0.003520,
hamming-rearrangement.25.ground.smt2,,par_async,8,0,unsat,1.084988,0.038960,0.471250,0.351900,0.086830,0.000000,0.009830,
hamming-rearrangement.25.ground.smt2,,par_async,16,0,unsat,1.138460,0.060080,0.519640,0.341620,0.083650,0.000000,0.021080,
hamming-rearrangement.25.ground.smt2,,par_async,32,0,unsat,0.801988,0.041570,0.278650,0.274540,0.060830,0.000000,0.031960,
hamming-rearrangement.25.ground.smt2,,par_async,64,0,unsat,1.097500,0.039670,0.457600,0.339540,0.076290,0.000000,0.075080,
hamming-rearrangement.25.ground.smt2,,par_async,128,0,unsat,0.871743,0.038080,0.227410,0.338480,0.078020,0.000000,0.086170,
hamming-rearrangement.25.ground.smt2,,par_async,144,0,unsat,0.955027,0.041470,0.316690,0.321780,0.069610,0.000000,0.100290,
hamming-rearrangement.26.ground.smt2,,nelson_topo_iter,1,0,unsat,0.678810,0.041320,0.261880,0.252920,0.021930,0.000000,0.002900,
hamming-rearrangement.26.ground.smt2,,nelson_simple,1,0,unsat,0.616089,0.039330,0.223040,0.240730,0.016710,0.000000,0.002000,
hamming-rearrangement.26.ground.smt2,,par_async,1,0,unsat,0.721073,0.040600,0.224710,0.234530,0.123980,0.000000,0.001480,
hamming-rearrangement.26.ground.smt2,,par_async,2,0,unsat,0.916867,0.037380,0.312710,0.350620,0.107360,0.000000,0.002600,
hamming-rearrangement.26.ground.smt2,,par_async,4,0,unsat,0.754290,0.042420,0.268270,0.254200,0.081490,0.000000,0.003850,
hamming-rearrangement.26.ground.smt2,,par_async,8,0,unsat,0.609924,0.039180,0.208410,0.203380,0.056660,0.000000,0.007680,
hamming-rearrangement.26.ground.smt2,,par_async,16,0,unsat,0.689167,0.039070,0.261290,0.219340,0.051070,0.000000,0.019830,
hamming-rearrangement.26.ground.smt2,,par_async,32,0,unsat,0.848184,0.039820,0.302450,0.303420,0.065190,0.000000,0.039500,
hamming-rearrangement.26.ground.smt2,,par_async,64,0,unsat,0.749249,0.041430,0.251990,0.241310,0.058020,0.000000,0.059620,
hamming-rearrangement.26.ground.smt2,,par_async,128,0,unsat,0.911604,0.040400,0.344390,0.282230,0.067800,0.000000,0.086940,
hamming-rearrangement.26.ground.smt2,,par_async,144,0,unsat,0.808362,0.041490,0.259460,0.264720,0.061940,0.000000,0.090980,
hamming-rearrangement.27.ground.smt2,,nelson_topo_iter,1,0,unsat,0.710689,0.031490,0.279250,0.272530,0.021750,0.000000,0.002670,
hamming-rearrangement.27.ground.smt2,,nelson_simple,1,0,unsat,1.032915,0.032850,0.440530,0.391770,0.037880,0.000000,0.003570,
hamming-rearrangement.27.ground.smt2,,par_async,1,0,unsat,1.155680,0.033210,0.471970,0.360240,0.169100,0.000000,0.002050,
hamming-rearrangement.27.ground.smt2,,par_async,2,0,unsat,0.764813,0.033290,0.282240,0.253070,0.089990,0.000000,0.002000,
hamming-rearrangement.27.ground.smt2,,par_async,4,0,unsat,0.852349,0.032010,0.317540,0.309710,0.081770,0.000000,0.003280,
hamming-rearrangement.27.ground.smt2,,par_async,8,0,unsat,0.673628,0.029500,0.218550,0.252590,0.062320,0.000000,0.006550,
hamming-rearrangement.27.ground.smt2,,par_async,16,0,unsat,0.921706,0.031260,0.359230,0.338470,0.065530,0.000000,0.019090,
hamming-rearrangement.27.ground.smt2,,par_async,32,0,unsat,0.777629,0.032710,0.282830,0.256080,0.054730,0.000000,0.028010,
hamming-rearrangement.27.ground.smt2,,par_async,64,0,unsat,0.890889,0.031930,0.251920,0.371050,0.070890,0.000000,0.061080,
hamming-rearrangement.27.ground.smt2,,par_async,128,0,unsat,1.009398,0.030520,0.345750,0.371890,0.076980,0.000000,0.082510,
hamming-rearrangement.27.ground.smt2,,par_async,144,0,unsat,1.031604,0.034960,0.378370,0.350190,0.072020,0.000000,0.092590,
hamming-rearrangement.28.ground.smt2,,nelson_topo_iter,1,0,unsat,0.548576,0.022200,0.216680,0.208150,0.029680,0.000000,0.002080,
hamming-rearrangement.28.ground.smt2,,nelson_simple,1,0,unsat,0.378728,0.020750,0.147100,0.132520,0.013340,0.000000,0.001100,
hamming-rearrangement.28.ground.smt2,,par_async,1,0,unsat,0.638093,0.019910,0.226590,0.244200,0.069100,0.000000,0.001570,
hamming-rearrangement.28.ground.smt2,,par_async,2,0,unsat,0.353019,0.020090,0.118610,0.127050,0.022710,0.000000,0.001130,
hamming-rearrangement.28.ground.smt2,,par_async,4,0,unsat,0.322565,0.014450,0.117660,0.114160,0.019260,0.000000,0.001530,
hamming-rearrangement.28.ground.smt2,,par_async,8,0,unsat,0.401065,0.018760,0.150470,0.146880,0.019660,0.000000,0.003710,
hamming-rearrangement.28.ground.smt2,,par_async,16,0,unsat,0.357784,0.018300,0.116690,0.135310,0.015890,0.000000,0.009330,
hamming-rearrangement.28.ground.smt2,,par_async,32,0,unsat,0.577410,0.020660,0.237780,0.212400,0.028090,0.000000,0.017160,
hamming-rearrangement.28.ground.smt2,,par_async,64,0,unsat,0.448873,0.017890,0.149160,0.165030,0.021840,0.000000,0.032010,
hamming-rearrangement.28.ground.smt2,,par_async,128,0,unsat,0.470401,0.016800,0.148250,0.173840,0.024510,0.000000,0.049160,
hamming-rearrangement.28.ground.smt2,,par_async,144,0,unsat,0.628469,0.026100,0.279970,0.185900,0.024950,0.000000,0.050990,
hamming-rearrangement.3.ground.smt2,,nelson_topo_iter,1,0,unsat,1.334162,0.061130,0.550930,0.484960,0.024090,0.000000,0.002850,
hamming-rearrangement.3.ground.smt2,,nelson_simple,1,0,unsat,1.808765,0.072350,0.941710,0.542510,0.029670,0.000000,0.003880,
hamming-rearrangement.3.ground.smt2,,par_async,1,0,unsat,1.545599,0.064770,0.565500,0.518710,0.174060,0.000000,0.002180,
hamming-rearrangement.3.ground.smt2,,par_async,2,0,unsat,1.621007,0.068660,0.681500,0.518300,0.129790,0.000000,0.002580,
hamming-rearrangement.3.ground.smt2,,par_async,4,0,unsat,1.793235,0.062340,0.877900,0.529350,0.097810,0.000000,0.006370,
hamming-rearrangement.3.ground.smt2,,par_async,8,0,unsat,1.382357,0.060980,0.583980,0.438540,0.076230,0.000000,0.009800,
hamming-rearrangement.3.ground.smt2,,par_async,16,0,unsat,1.355618,0.060540,0.497270,0.465870,0.069120,0.000000,0.024760,
hamming-rearrangement.3.ground.smt2,,par_async,32,0,unsat,1.536395,0.065290,0.618220,0.523040,0.071090,0.000000,0.035020,
hamming-rearrangement.3.ground.smt2,,par_async,64,0,unsat,1.392209,0.058690,0.473800,0.473140,0.080030,0.000000,0.089080,
hamming-rearrangement.3.ground.smt2,,par_async,128,0,unsat,1.771493,0.062800,0.769970,0.516360,0.081410,0.000000,0.122350,
hamming-rearrangement.3.ground.smt2,,par_async,144,0,unsat,1.565324,0.066370,0.507450,0.557630,0.094630,0.000000,0.127430,
hamming-rearrangement.4.ground.smt2,,nelson_topo_iter,1,0,unsat,1.686945,0.081610,0.675260,0.587850,0.047930,0.000000,0.004090,
hamming-rearrangement.4.ground.smt2,,nelson_simple,1,0,unsat,2.242264,0.095680,1.076320,0.720160,0.052110,0.000000,0.005940,
hamming-rearrangement.4.ground.smt2,,par_async,1,0,unsat,1.710344,0.076510,0.577630,0.566740,0.205030,0.000000,0.002120,
hamming-rearrangement.4.ground.smt2,,par_async,2,0,unsat,2.301439,0.086250,1.082720,0.675440,0.153260,0.000000,0.001910,
hamming-rearrangement.4.ground.smt2,,par_async,4,0,unsat,1.778149,0.088010,0.730740,0.568770,0.086740,0.000000,0.001590,
hamming-rearrangement.4.ground.smt2,,par_async,8,0,unsat,1.700113,0.083510,0.673100,0.576190,0.061310,0.000000,0.001850,
hamming-rearrangement.4.ground.smt2,,par_async,16,0,unsat,1.721388,0.089230,0.704040,0.584520,0.045130,0.000000,0.002100,
hamming-rearrangement.4.ground.smt2,,par_async,32,0,unsat,2.207745,0.088780,1.083790,0.678040,0.049990,0.000000,0.002110,
hamming-rearrangement.4.ground.smt2,,par_async,64,0,unsat,1.824725,0.087080,0.735100,0.647120,0.060780,0.000000,0.003480,
hamming-rearrangement.4.ground.smt2,,par_async,128,0,unsat,2.175526,0.086260,1.082970,0.636450,0.073220,0.000000,0.003800,
hamming-rearrangement.4.ground.smt2,,par_async,144,0,unsat,1.774069,0.094010,0.673960,0.628860,0.081270,0.000000,0.003820,
hamming-rearrangement.5.ground.smt2,,nelson_topo_iter,1,0,unsat,1.600550,0.078890,0.678940,0.540130,0.092350,0.000000,0.004600,
hamming-rearrangement.5.ground.smt2,,nelson_simple,1,0,unsat,1.789805,0.104240,0.833150,0.558200,0.068400,0.000000,0.004720,
hamming-rearrangement.5.ground.smt2,,par_async,1,0,unsat,1.532669,0.080690,0.532480,0.511360,0.197280,0.000000,0.002490,
hamming-rearrangement.5.ground.smt2,,par_async,2,0,unsat,1.558226,0.081520,0.591140,0.512740,0.159300,0.000000,0.002920,
hamming-rearrangement.5.ground.smt2,,par_async,4,0,unsat,1.745171,0.080350,0.788500,0.542810,0.118800,0.000000,0.006000,
hamming-rearrangement.5.ground.smt2,,par_async,8,0,unsat,1.383431,0.079330,0.523200,0.464610,0.094610,0.000000,0.012440,
hamming-rearrangement.5.ground.smt2,,par_async,16,0,unsat,1.772241,0.104960,0.823920,0.511040,0.089930,0.000000,0.029610,
hamming-rearrangement.5.ground.smt2,,par_async,32,0,unsat,1.374221,0.076710,0.538310,0.439150,0.073940,0.000000,0.042210,
hamming-rearrangement.5.ground.smt2,,par_async,64,0,unsat,1.446831,0.077870,0.490510,0.476280,0.102470,0.000000,0.101530,
hamming-rearrangement.5.ground.smt2,,par_async,128,0,unsat,1.475361,0.076590,0.445540,0.503160,0.105260,0.000000,0.150480,
hamming-rearrangement.5.ground.smt2,,par_async,144,0,unsat,1.480577,0.085580,0.442210,0.520070,0.100650,0.000000,0.139810,
hamming-rearrangement.6.ground.smt2,,nelson_topo_iter,1,0,unsat,1.423104,0.077710,0.502450,0.521980,0.084800,0.000000,0.004270,
hamming-rearrangement.6.ground.smt2,,nelson_simple,1,0,unsat,1.983864,0.095480,0.934120,0.634140,0.075490,0.000000,0.006170,
hamming-rearrangement.6.ground.smt2,,par_async,1,0,unsat,2.131050,0.096910,0.944040,0.603800,0.237330,0.000000,0.003110,
hamming-rearrangement.6.ground.smt2,,par_async,2,0,unsat,1.430822,0.079690,0.500830,0.488530,0.113610,0.000000,0.001840,
hamming-rearrangement.6.ground.smt2,,par_async,4,0,unsat,1.389816,0.079490,0.504500,0.493220,0.077210,0.000000,0.001480,
hamming-rearrangement.6.ground.smt2,,par_async,8,0,unsat,1.927660,0.072310,0.928370,0.607120,0.063650,0.000000,0.002300,
hamming-rearrangement.6.ground.smt2,,par_async,16,0,unsat,1.664736,0.079740,0.714960,0.581550,0.046420,0.000000,0.002350,
hamming-rearrangement.6.ground.smt2,,par_async,32,0,unsat,1.954783,0.110740,0.937610,0.595090,0.050310,0.000000,0.002550,
hamming-rearrangement.6.ground.smt2,,par_async,64,0,unsat,2.009407,0.088060,0.942480,0.669550,0.057590,0.000000,0.003990,
hamming-rearrangement.6.ground.smt2,,par_async,128,0,unsat,1.816348,0.095960,0.683100,0.712170,0.072400,0.000000,0.004010,
hamming-rearrangement.6.ground.smt2,,par_async,144,0,unsat,1.840067,0.083770,0.567910,0.859270,0.073730,0.000000,0.004000,
hamming-rearrangement.7.ground.smt2,,nelson_topo_iter,1,0,unsat,1.442153,0.079890,0.548870,0.540220,0.042740,0.000000,0.003910,
hamming-rearrangement.7.ground.smt2,,nelson_simple,1,0,unsat,1.330808,0.078310,0.485980,0.494600,0.036280,0.000000,0.004000,
hamming-rearrangement.7.ground.smt2,,par_async,1,0,unsat,2.050456,0.070020,0.850850,0.612450,0.282690,0.000000,0.002970,
hamming-rearrangement.7.ground.smt2,,par_async,2,0,unsat,1.979365,0.083270,0.921270,0.588130,0.151540,0.000000,0.002010,
hamming-rearrangement.7.ground.smt2,,par_async,4,0,unsat,1.914952,0.079770,0.923620,0.584250,0.090140,0.000000,0.001520,
hamming-rearrangement.7.ground.smt2,,par_async,8,0,unsat,1.593100,0.078170,0.662830,0.565320,0.054260,0.000000,0.002010,
hamming-rearrangement.7.ground.smt2,,par_async,16,0,unsat,1.884989,0.076400,0.952340,0.580410,0.039590,0.000000,0.002220,
hamming-rearrangement.7.ground.smt2,,par_async,32,0,unsat,1.602715,0.072230,0.636060,0.600520,0.040160,0.000000,0.002400,
hamming-rearrangement.7.ground.smt2,,par_async,64,0,unsat,2.143949,0.078400,0.918670,0.849970,0.053900,0.000000,0.003630,
hamming-rearrangement.7.ground.smt2,,par_async,128,0,unsat,1.428591,0.079180,0.477810,0.577370,0.061470,0.000000,0.003560,
hamming-rearrangement.7.ground.smt2,,par_async,144,0,unsat,1.868532,0.107670,0.902320,0.556800,0.065170,0.000000,0.003630,
hamming-rearrangement.8.ground.smt2,,nelson_topo_iter,1,0,unsat,1.344778,0.057540,0.553070,0.464800,0.087070,0.000000,0.003830,
hamming-rearrangement.8.ground.smt2,,nelson_simple,1,0,unsat,1.141960,0.053320,0.402990,0.431800,0.066510,0.000000,0.002880,
hamming-rearrangement.8.ground.smt2,,par_async,1,0,unsat,1.652034,0.052380,0.615880,0.479510,0.318070,0.000000,0.002090,
hamming-rearrangement.8.ground.smt2,,par_async,2,0,unsat,1.693149,0.075090,0.717220,0.474260,0.240320,0.000000,0.002930,
hamming-rearrangement.8.ground.smt2,,par_async,4,0,unsat,1.203588,0.052110,0.397390,0.409720,0.163330,0.000000,0.004860,
hamming-rearrangement.8.ground.smt2,,par_async,8,0,unsat,1.642527,0.053530,0.722310,0.496520,0.169290,0.000000,0.011110,
hamming-rearrangement.8.ground.smt2,,par_async,16,0,unsat,1.200384,0.053490,0.438310,0.365060,0.132100,0.000000,0.026880,
hamming-rearrangement.8.ground.smt2,,par_async,32,0,unsat,1.196728,0.048250,0.387890,0.408000,0.129030,0.000000,0.045100,
hamming-rearrangement.8.ground.smt2,,par_async,64,0,unsat,1.591858,0.051930,0.610270,0.484840,0.180480,0.000000,0.085840,
hamming-rearrangement.8.ground.smt2,,par_async,128,0,unsat,1.331909,0.052200,0.379050,0.468250,0.154980,0.000000,0.110650,
hamming-rearrangement.8.ground.smt2,,par_async,144,0,unsat,1.452464,0.053330,0.452550,0.481200,0.164340,0.000000,0.138780,
hamming-rearrangement.9.ground.smt2,,nelson_topo_iter,1,0,unsat,0.911701,0.045260,0.342470,0.340170,0.043050,0.000000,0.002350,
hamming-rearrangement.9.ground.smt2,,nelson_simple,1,0,unsat,0.885723,0.045880,0.303860,0.349780,0.038700,0.000000,0.003230,
hamming-rearrangement.9.ground.smt2,,par_async,1,0,unsat,0.940725,0.046180,0.293610,0.329530,0.128160,0.000000,0.001770,
hamming-rearrangement.9.ground.smt2,,par_async,2,0,unsat,0.851910,0.043070,0.269860,0.309540,0.085970,0.000000,0.002210,
hamming-rearrangement.9.ground.smt2,,par_async,4,0,unsat,1.147868,0.041810,0.461230,0.391000,0.095530,0.000000,0.004470,
hamming-rearrangement.9.ground.smt2,,par_async,8,0,unsat,0.815483,0.044320,0.268370,0.286590,0.065410,0.000000,0.009380,
hamming-rearrangement.9.ground.smt2,,par_async,16,0,unsat,1.118708,0.043560,0.456270,0.380930,0.070650,0.000000,0.022190,
hamming-rearrangement.9.ground.smt2,,par_async,32,0,unsat,1.304654,0.058530,0.589240,0.407140,0.066390,0.000000,0.039100,
hamming-rearrangement.9.ground.smt2,,par_async,64,0,unsat,1.043230,0.043730,0.345510,0.360800,0.079770,0.000000,0.079730,
hamming-rearrangement.9.ground.smt2,,par_async,128,0,unsat,1.041531,0.043840,0.345350,0.335380,0.075890,0.000000,0.109350,
hamming-rearrangement.9.ground.smt2,,par_async,144,0,unsat,1.044410,0.043180,0.343540,0.352880,0.072750,0.000000,0.103250,
hamming-series.0.ground.smt2,,nelson_topo_iter,1,0,unsat,0.409853,0.016940,0.155620,0.152370,0.022120,0.000000,0.001580,
hamming-series.0.ground.smt2,,nelson_simple,1,0,unsat,0.388913,0.020700,0.121820,0.156110,0.020450,0.000000,0.001810,
hamming-series.0.ground.smt2,,par_async,1,0,unsat,0.511691,0.021380,0.147910,0.182400,0.068880,0.000000,0.001590,
hamming-series.0.ground.smt2,,par_async,2,0,unsat,0.359099,0.021260,0.121310,0.127960,0.027560,0.000000,0.001060,
hamming-series.0.ground.smt2,,par_async,4,0,unsat,0.385655,0.022710,0.147650,0.130250,0.019900,0.000000,0.001790,
hamming-series.0.ground.smt2,,par_async,8,0,unsat,0.627795,0.018030,0.260880,0.240920,0.032330,0.000000,0.004960,
hamming-series.0.ground.smt2,,par_async,16,0,unsat,0.405434,0.018690,0.150930,0.145190,0.016280,0.000000,0.010400,
hamming-series.0.ground.smt2,,par_async,32,0,unsat,0.397135,0.016880,0.147710,0.133970,0.015560,0.000000,0.020400,
hamming-series.0.ground.smt2,,par_async,64,0,unsat,0.445703,0.017580,0.151180,0.163430,0.020740,0.000000,0.034300,
hamming-series.0.ground.smt2,,par_async,128,0,unsat,0.481880,0.017300,0.151850,0.180650,0.024460,0.000000,0.050480,
hamming-series.0.ground.smt2,,par_async,144,0,unsat,0.457661,0.015950,0.113790,0.191950,0.023960,0.000000,0.053410,
hamming-series.1.ground.smt2,,nelson_topo_iter,1,0,unsat,0.373201,0.014890,0.139610,0.135650,0.025290,0.000000,0.001410,
hamming-series.1.ground.smt2,,nelson_simple,1,0,unsat,0.349957,0.017790,0.141090,0.124070,0.010910,0.000000,0.001020,
hamming-series.1.ground.smt2,,par_async,1,0,unsat,0.362451,0.017020,0.139600,0.121500,0.026330,0.000000,0.000590,
hamming-series.1.ground.smt2,,par_async,2,0,unsat,0.403439,0.015920,0.104550,0.179370,0.034810,0.000000,0.001210,
hamming-series.1.ground.smt2,,par_async,4,0,unsat,0.300831,0.015110,0.107420,0.103660,0.019330,0.000000,0.001570,
hamming-series.1.ground.smt2,,par_async,8,0,unsat,0.293822,0.013240,0.105270,0.105840,0.015230,0.000000,0.003760,
hamming-series.1.ground.smt2,,par_async,16,0,unsat,0.479660,0.015150,0.159110,0.194270,0.028830,0.000000,0.008640,
hamming-series.1.ground.smt2,,par_async,32,0,unsat,0.426145,0.017910,0.149510,0.164760,0.022960,0.000000,0.014000,
hamming-series.1.ground.smt2,,par_async,64,0,unsat,0.457292,0.016460,0.138490,0.192080,0.025650,0.000000,0.029070,
hamming-series.1.ground.smt2,,par_async,128,0,unsat,0.455571,0.016490,0.140490,0.169770,0.024120,0.000000,0.050900,
hamming-series.1.ground.smt2,,par_async,144,0,unsat,0.454139,0.017440,0.139800,0.171520,0.024040,0.000000,0.048190,
hamming-series.10.ground.smt2,,nelson_topo_iter,1,0,unsat,1.217292,0.053580,0.466030,0.453000,0.063440,0.000000,0.003380,
hamming-series.10.ground.smt2,,nelson_simple,1,0,unsat,1.652652,0.052370,0.746300,0.554720,0.100880,0.000000,0.004680,
hamming-series.10.ground.smt2,,par_async,1,0,unsat,1.299558,0.049440,0.466610,0.381540,0.223490,0.000000,0.001780,
hamming-series.10.ground.smt2,,par_async,2,0,unsat,1.544067,0.052520,0.600770,0.494750,0.210450,0.000000,0.001430,
hamming-series.10.ground.smt2,,par_async,4,0,unsat,1.650465,0.053570,0.728010,0.526260,0.153070,0.000000,0.001330,
hamming-series.10.ground.smt2,,par_async,8,0,unsat,1.174751,0.053470,0.436810,0.387850,0.114130,0.000000,0.001570,
hamming-series.10.ground.smt2,,par_async,16,0,unsat,1.187886,0.050630,0.429750,0.429450,0.094520,0.000000,0.001760,
hamming-series.10.ground.smt2,,par_async,32,0,unsat,1.452260,0.048950,0.620790,0.478050,0.112320,0.000000,0.002030,
hamming-series.10.ground.smt2,,par_async,64,0,unsat,1.368513,0.051160,0.515650,0.489010,0.123980,0.000000,0.002770,
hamming-series.10.ground.smt2,,par_async,128,0,unsat,1.317839,0.049630,0.464190,0.474140,0.139080,0.000000,0.003120,
hamming-series.10.ground.smt2,,par_async,144,0,unsat,1.331228,0.047320,0.373020,0.555320,0.160130,0.000000,0.002990,
hamming-series.11.ground.smt2,,nelson_topo_iter,1,0,unsat,1.160990,0.050300,0.422590,0.416510,0.088570,0.000000,0.003330,
hamming-series.11.ground.smt2,,nelson_simple,1,0,unsat,1.057675,0.053050,0.377410,0.386550,0.060770,0.000000,0.003500,
hamming-series.11.ground.smt2,,par_async,1,0,unsat,1.213478,0.055970,0.434140,0.365010,0.186280,0.000000,0.001740,
hamming-series.11.ground.smt2,,par_async,2,0,unsat,1.375345,0.051580,0.477170,0.468380,0.194400,0.000000,0.003050,
hamming-series.11.ground.smt2,,par_async,4,0,unsat,1.233160,0.050830,0.452130,0.416740,0.132640,0.000000,0.005590,
hamming-series.11.ground.smt2,,par_async,8,0,unsat,1.622113,0.049620,0.716760,0.514340,0.138930,0.000000,0.013030,
hamming-series.11.ground.smt2,,par_async,16,0,unsat,1.173666,0.053270,0.435950,0.373670,0.101680,0.000000,0.027840,
hamming-series.11.ground.smt2,,par_async,32,0,unsat,1.209359,0.051260,0.415540,0.415670,0.102080,0.000000,0.050730,
hamming-series.11.ground.smt2,,par_async,64,0,unsat,1.431658,0.050470,0.563800,0.428880,0.129290,0.000000,0.092400,
hamming-series.11.ground.smt2,,par_async,128,0,unsat,1.404033,0.051030,0.449310,0.466610,0.129230,0.000000,0.146080,
hamming-series.11.ground.smt2,,par_async,144,0,unsat,1.467010,0.051630,0.453740,0.501050,0.150780,0.000000,0.140740,
hamming-series.14.ground.smt2,,nelson_topo_iter,1,0,unsat,1.447778,0.083730,0.597420,0.487640,0.039290,0.000000,0.002950,
hamming-series.14.ground.smt2,,nelson_simple,1,0,unsat,1.455100,0.075600,0.545240,0.509290,0.074910,0.000000,0.003130,
hamming-series.14.ground.smt2,,par_async,1,0,unsat,1.463289,0.074670,0.484260,0.447830,0.214610,0.000000,0.001580,
hamming-series.14.ground.smt2,,par_async,2,0,unsat,1.400169,0.068770,0.476100,0.445100,0.171310,0.000000,0.002220,
hamming-series.14.ground.smt2,,par_async,4,0,unsat,1.985726,0.104490,0.902340,0.542720,0.175370,0.000000,0.005270,
hamming-series.14.ground.smt2,,par_async,8,0,unsat,1.982932,0.099300,0.925630,0.539190,0.151060,0.000000,0.012890,
hamming-series.14.ground.smt2,,par_async,16,0,unsat,1.971515,0.092970,0.912720,0.544300,0.139980,0.000000,0.027530,
hamming-series.14.ground.smt2,,par_async,32,0,unsat,1.688845,0.076150,0.617470,0.558540,0.142420,0.000000,0.041330,
hamming-series.14.ground.smt2,,par_async,64,0,unsat,1.640369,0.075900,0.557250,0.490640,0.138390,0.000000,0.107430,
hamming-series.14.ground.smt2,,par_async,128,0,unsat,1.778704,0.077720,0.590140,0.608970,0.144600,0.000000,0.130780,
hamming-series.14.ground.smt2,,par_async,144,0,unsat,1.638862,0.074330,0.501710,0.551790,0.149590,0.000000,0.142710,
hamming-series.15.ground.smt2,,nelson_topo_iter,1,0,unsat,1.378996,0.074720,0.515120,0.510780,0.039160,0.000000,0.002980,
hamming-series.15.ground.smt2,,nelson_simple,1,0,unsat,1.366905,0.076740,0.486990,0.471710,0.083330,0.000000,0.003180,
hamming-series.15.ground.smt2,,par_async,1,0,unsat,2.121340,0.075460,0.928740,0.571140,0.296710,0.000000,0.002170,
hamming-series.15.ground.smt2,,par_async,2,0,unsat,1.426643,0.078300,0.477640,0.452500,0.175480,0.000000,0.002510,
hamming-series.15.ground.smt2,,par_async,4,0,unsat,2.011312,0.097550,0.920720,0.555630,0.181050,0.000000,0.005180,
hamming-series.15.ground.smt2,,par_async,8,0,unsat,1.977100,0.106990,0.920190,0.541450,0.152070,0.000000,0.012430,
hamming-series.15.ground.smt2,,par_async,16,0,unsat,2.003379,0.095980,0.921370,0.555390,0.148020,0.000000,0.028550,
hamming-series.15.ground.smt2,,par_async,32,0,unsat,2.001865,0.094180,0.912760,0.551890,0.138670,0.000000,0.048540,
hamming-series.15.ground.smt2,,par_async,64,0,unsat,1.893155,0.086350,0.733740,0.577600,0.161380,0.000000,0.087010,
hamming-series.15.ground.smt2,,par_async,128,0,unsat,1.810153,0.078150,0.678860,0.545330,0.142230,0.000000,0.139140,
hamming-series.15.ground.smt2,,par_async,144,0,unsat,1.778164,0.067610,0.520640,0.670320,0.166270,0.000000,0.121040,
hamming-series.16.ground.smt2,,nelson_topo_iter,1,0,unsat,1.698921,0.085740,0.660060,0.613630,0.078330,0.000000,0.004580,
hamming-series.16.ground.smt2,,nelson_simple,1,0,unsat,1.499531,0.084610,0.558190,0.534920,0.074550,0.000000,0.003580,
hamming-series.16.ground.smt2,,par_async,1,0,unsat,1.662215,0.078160,0.567830,0.522600,0.237250,0.000000,0.001770,
hamming-series.16.ground.smt2,,par_async,2,0,unsat,1.850366,0.076840,0.720350,0.578090,0.216870,0.000000,0.001450,
hamming-series.16.ground.smt2,,par_async,4,0,unsat,1.544826,0.078570,0.562070,0.516570,0.139790,0.000000,0.001110,
hamming-series.16.ground.smt2,,par_async,8,0,unsat,1.576938,0.078190,0.633180,0.500810,0.118450,0.000000,0.001550,
hamming-series.16.ground.smt2,,par_async,16,0,unsat,1.498810,0.070620,0.576610,0.501240,0.100480,0.000000,0.001760,
hamming-series.16.ground.smt2,,par_async,32,0,unsat,1.699354,0.077530,0.675290,0.573000,0.117880,0.000000,0.001970,
hamming-series.16.ground.smt2,,par_async,64,0,unsat,2.051166,0.107480,0.932480,0.601160,0.143610,0.000000,0.002930,
hamming-series.16.ground.smt2,,par_async,128,0,unsat,1.597000,0.078570,0.524480,0.590020,0.148420,0.000000,0.002920,
hamming-series.16.ground.smt2,,par_async,144,0,unsat,1.640619,0.077190,0.589350,0.564460,0.144700,0.000000,0.003870,
hamming-series.17.ground.smt2,,nelson_topo_iter,1,0,unsat,1.477164,0.064070,0.601920,0.545660,0.036120,0.000000,0.004160,
hamming-series.17.ground.smt2,,nelson_simple,1,0,unsat,1.303431,0.058730,0.521060,0.471670,0.024280,0.000000,0.003110,
hamming-series.17.ground.smt2,,par_async,1,0,unsat,1.293429,0.056910,0.451730,0.423070,0.145680,0.000000,0.001630,
hamming-series.17.ground.smt2,,par_async,2,0,unsat,1.604295,0.054010,0.657860,0.519420,0.142450,0.000000,0.002570,
hamming-series.17.ground.smt2,,par_async,4,0,unsat,1.808042,0.060330,0.870960,0.531990,0.118250,0.000000,0.005260,
hamming-series.17.ground.smt2,,par_async,8,0,unsat,1.348736,0.058060,0.520130,0.450930,0.084220,0.000000,0.010380,
hamming-series.17.ground.smt2,,par_async,16,0,unsat,1.389887,0.056950,0.541960,0.464680,0.078910,0.000000,0.026520,
hamming-series.17.ground.smt2,,par_async,32,0,unsat,1.801561,0.083970,0.840790,0.517690,0.087020,0.000000,0.041930,
hamming-series.17.ground.smt2,,par_async,64,0,unsat,1.599574,0.057160,0.581860,0.548840,0.102550,0.000000,0.082230,
hamming-series.17.ground.smt2,,par_async,128,0,unsat,1.590704,0.058970,0.612340,0.497270,0.091040,0.000000,0.125850,
hamming-series.17.ground.smt2,,par_async,144,0,unsat,1.707869,0.071360,0.661930,0.528890,0.091050,0.000000,0.132640,
hamming-series.18.ground.smt2,,nelson_topo_iter,1,0,unsat,1.214101,0.059390,0.454940,0.468980,0.023980,0.000000,0.002940,
hamming-series.18.ground.smt2,,nelson_simple,1,0,unsat,1.680144,0.055200,0.819620,0.547250,0.031460,0.000000,0.004020,
hamming-series.18.ground.smt2,,par_async,1,0,unsat,1.228542,0.057270,0.439340,0.396570,0.130080,0.000000,0.001580,
hamming-series.18.ground.smt2,,par_async,2,0,unsat,1.623783,0.054230,0.709690,0.518330,0.128890,0.000000,0.002540,
hamming-series.18.ground.smt2,,par_async,4,0,unsat,1.712794,0.054820,0.827230,0.509500,0.104040,0.000000,0.004750,
hamming-series.18.ground.smt2,,par_async,8,0,unsat,1.274944,0.057440,0.477910,0.442520,0.076720,0.000000,0.010270,
hamming-series.18.ground.smt2,,par_async,16,0,unsat,1.715654,0.053870,0.822180,0.512560,0.080900,0.000000,0.028400,
hamming-series.18.ground.smt2,,par_async,32,0,unsat,1.268813,0.056700,0.461640,0.436540,0.072840,0.000000,0.035640,
hamming-series.18.ground.smt2,,par_async,64,0,unsat,1.738097,0.055020,0.742870,0.532000,0.092270,0.000000,0.097680,
hamming-series.18.ground.smt2,,par_async,128,0,unsat,1.435566,0.057000,0.483080,0.491810,0.082080,0.000000,0.128140,
hamming-series.18.ground.smt2,,par_async,144,0,unsat,1.380524,0.053330,0.434340,0.492330,0.080870,0.000000,0.127210,
hamming-series.19.ground.smt2,,nelson_topo_iter,1,0,unsat,1.254960,0.066840,0.534030,0.430810,0.046790,0.000000,0.003760,
hamming-series.19.ground.smt2,,nelson_simple,1,0,unsat,1.093756,0.056900,0.413910,0.399020,0.053800,0.000000,0.002910,
hamming-series.19.ground.smt2,,par_async,1,0,unsat,1.419109,0.052170,0.527280,0.444480,0.221820,0.000000,0.001950,
hamming-series.19.ground.smt2,,par_async,2,0,unsat,1.126593,0.052280,0.387780,0.386160,0.130780,0.000000,0.001810,
hamming-series.19.ground.smt2,,par_async,4,0,unsat,1.355885,0.054410,0.619760,0.391210,0.117000,0.000000,0.004090,
hamming-series.19.ground.smt2,,par_async,8,0,unsat,1.091087,0.049000,0.381530,0.386320,0.096420,0.000000,0.010580,
hamming-series.19.ground.smt2,,par_async,16,0,unsat,1.276697,0.052170,0.502450,0.416840,0.101510,0.000000,0.029950,
hamming-series.19.ground.smt2,,par_async,32,0,unsat,1.152954,0.055530,0.393870,0.398360,0.090530,0.000000,0.043430,
hamming-series.19.ground.smt2,,par_async,64,0,unsat,1.251067,0.054080,0.454360,0.390080,0.108170,0.000000,0.084610,
hamming-series.19.ground.smt2,,par_async,128,0,unsat,1.466006,0.054930,0.371510,0.645280,0.128160,0.000000,0.113680,
hamming-series.19.ground.smt2,,par_async,144,0,unsat,1.389201,0.060860,0.498410,0.444640,0.121410,0.000000,0.109670,
hamming-series.21.ground.smt2,,nelson_topo_iter,1,0,unsat,1.651689,0.088610,0.678110,0.536330,0.046910,0.000000,0.003000,
hamming-series.21.ground.smt2,,nelson_simple,1,0,unsat,1.551427,0.085070,0.558250,0.545960,0.060220,0.000000,0.002940,
hamming-series.21.ground.smt2,,par_async,1,0,unsat,1.669632,0.084920,0.564740,0.519120,0.202860,0.000000,0.001550,
hamming-series.21.ground.smt2,,par_async,2,0,unsat,1.747194,0.087720,0.670330,0.523740,0.163130,0.000000,0.002320,
hamming-series.21.ground.smt2,,par_async,4,0,unsat,2.238295,0.119070,1.014450,0.627990,0.165560,0.000000,0.004940,
hamming-series.21.ground.smt2,,par_async,8,0,unsat,1.728174,0.086180,0.667080,0.541710,0.122430,0.000000,0.010670,
hamming-series.21.ground.smt2,,par_async,16,0,unsat,2.298498,0.104540,1.036220,0.622070,0.131350,0.000000,0.030640,
hamming-series.21.ground.smt2,,par_async,32,0,unsat,1.735963,0.086950,0.659340,0.541240,0.108140,0.000000,0.036660,
hamming-series.21.ground.smt2,,par_async,64,0,unsat,1.815823,0.083700,0.644630,0.568140,0.128290,0.000000,0.092800,
hamming-series.21.ground.smt2,,par_async,128,0,unsat,2.078853,0.085360,0.820370,0.636790,0.133800,0.000000,0.124310,
hamming-series.21.ground.smt2,,par_async,144,0,unsat,2.035758,0.079730,0.752360,0.632650,0.134490,0.000000,0.151180,
hamming-series.22.ground.smt2,,nelson_topo_iter,1,0,unsat,1.146331,0.045920,0.500740,0.411620,0.031200,0.000000,0.003730,
hamming-series.22.ground.smt2,,nelson_simple,1,0,unsat,0.889547,0.048510,0.338170,0.327670,0.021400,0.000000,0.002740,
hamming-series.22.ground.smt2,,par_async,1,0,unsat,1.515957,0.048780,0.664100,0.446980,0.200840,0.000000,0.002000,
hamming-series.22.ground.smt2,,par_async,2,0,unsat,1.037297,0.047040,0.394970,0.330330,0.117350,0.000000,0.002070,
hamming-series.22.ground.smt2,,par_async,4,0,unsat,0.981797,0.045230,0.368710,0.314800,0.099940,0.000000,0.004270,
hamming-series.22.ground.smt2,,par_async,8,0,unsat,1.415635,0.066070,0.649590,0.434600,0.102360,0.000000,0.011510,
hamming-series.22.ground.smt2,,par_async,16,0,unsat,1.248463,0.044910,0.518440,0.404600,0.101250,0.000000,0.025880,
hamming-series.22.ground.smt2,,par_async,32,0,unsat,1.051602,0.047510,0.358370,0.362550,0.087110,0.000000,0.042790,
hamming-series.22.ground.smt2,,par_async,64,0,unsat,1.147415,0.047300,0.384300,0.392670,0.093940,0.000000,0.083520,
hamming-series.22.ground.smt2,,par_async,128,0,unsat,1.198119,0.043050,0.362880,0.421680,0.110150,0.000000,0.115550,
hamming-series.22.ground.smt2,,par_async,144,0,unsat,1.220671,0.050630,0.361200,0.436180,0.107140,0.000000,0.128660,
hamming-series.23.ground.smt2,,nelson_topo_iter,1,0,unsat,3.036853,0.173690,1.191580,0.995270,0.097260,0.000000,0.004510,
hamming-series.23.ground.smt2,,nelson_simple,1,0,unsat,3.497283,0.176330,1.538770,1.108880,0.076180,0.000000,0.004820,
hamming-series.23.ground.smt2,,par_async,1,0,unsat,3.576714,0.167810,1.584560,1.064210,0.185960,0.000000,0.002300,
hamming-series.23.ground.smt2,,par_async,2,0,unsat,3.635988,0.201240,1.709710,1.016570,0.130610,0.000000,0.001870,
hamming-series.23.ground.smt2,,par_async,4,0,unsat,3.016978,0.168380,1.073000,0.982960,0.109700,0.000000,0.001820,
hamming-series.23.ground.smt2,,par_async,8,0,unsat,2.889908,0.170850,1.074090,0.991740,0.070890,0.000000,0.001970,
hamming-series.23.ground.smt2,,par_async,16,0,unsat,3.578595,0.225990,1.672700,1.025840,0.063020,0.000000,0.002280,
hamming-series.23.ground.smt2,,par_async,32,0,unsat,2.875496,0.169130,1.065670,0.993620,0.058150,0.000000,0.002320,
hamming-series.23.ground.smt2,,par_async,64,0,unsat,3.656813,0.190710,1.698440,1.108430,0.067790,0.000000,0.003540,
hamming-series.23.ground.smt2,,par_async,128,0,unsat,2.998243,0.168800,1.077160,1.051230,0.087350,0.000000,0.003850,
hamming-series.23.ground.smt2,,par_async,144,0,unsat,3.092726,0.169900,1.088990,1.131540,0.095750,0.000000,0.004710,
hamming-series.24.ground.smt2,,nelson_topo_iter,1,0,unsat,1.581515,0.081430,0.624580,0.568490,0.029790,0.000000,0.003100,
hamming-series.24.ground.smt2,,nelson_simple,1,0,unsat,1.623407,0.083430,0.649060,0.576000,0.035920,0.000000,0.003240,
hamming-series.24.ground.smt2,,par_async,1,0,unsat,2.088552,0.072950,0.793600,0.640450,0.290870,0.000000,0.002410,
hamming-series.24.ground.smt2,,par_async,2,0,unsat,2.230609,0.091870,1.027670,0.633090,0.201790,0.000000,0.001570,
hamming-series.24.ground.smt2,,par_async,4,0,unsat,1.662988,0.081390,0.632530,0.544960,0.130160,0.000000,0.001160,
hamming-series.24.ground.smt2,,par_async,8,0,unsat,1.804658,0.072170,0.709280,0.624760,0.123540,0.000000,0.001760,
hamming-series.24.ground.smt2,,par_async,16,0,unsat,1.624163,0.082710,0.618120,0.548400,0.093140,0.000000,0.001600,
hamming-series.24.ground.smt2,,par_async,32,0,unsat,1.792798,0.080660,0.689870,0.628410,0.113250,0.000000,0.001990,
hamming-series.24.ground.smt2,,par_async,64,0,unsat,1.609661,0.080790,0.560470,0.586170,0.111850,0.000000,0.002520,
hamming-series.24.ground.smt2,,par_async,128,0,unsat,2.056353,0.081620,0.638950,0.900960,0.154480,0.000000,0.002710,
hamming-series.24.ground.smt2,,par_async,144,0,unsat,1.906265,0.082990,0.656650,0.726670,0.151910,0.000000,0.002900,
hamming-series.25.ground.smt2,,nelson_topo_iter,1,0,unsat,1.250132,0.063130,0.453450,0.482300,0.056950,0.000000,0.003200,
hamming-series.25.ground.smt2,,nelson_simple,1,0,unsat,1.682437,0.057170,0.795210,0.569270,0.063090,0.000000,0.004590,
hamming-series.25.ground.smt2,,par_async,1,0,unsat,1.215472,0.059040,0.426320,0.398240,0.145210,0.000000,0.001800,
hamming-series.25.ground.smt2,,par_async,2,0,unsat,1.427228,0.058220,0.566150,0.494340,0.117120,0.000000,0.001880,
hamming-series.25.ground.smt2,,par_async,4,0,unsat,1.238472,0.059210,0.471480,0.441090,0.078800,0.000000,0.001130,
hamming-series.25.ground.smt2,,par_async,8,0,unsat,1.654061,0.057080,0.817980,0.513230,0.070050,0.000000,0.001750,
hamming-series.25.ground.smt2,,par_async,16,0,unsat,1.251355,0.058210,0.484360,0.466170,0.052990,0.000000,0.001750,
hamming-series.25.ground.smt2,,par_async,32,0,unsat,1.606407,0.057840,0.755760,0.533650,0.061260,0.000000,0.002010,
hamming-series.25.ground.smt2,,par_async,64,0,unsat,1.651472,0.063230,0.816390,0.504280,0.068700,0.000000,0.003000,
hamming-series.25.ground.smt2,,par_async,128,0,unsat,1.311464,0.056410,0.501050,0.478240,0.083510,0.000000,0.002890,
hamming-series.25.ground.smt2,,par_async,144,0,unsat,1.606076,0.055940,0.745210,0.514450,0.091880,0.000000,0.003000,
hamming-series.26.ground.smt2,,nelson_topo_iter,1,0,unsat,0.669956,0.036070,0.269100,0.233460,0.020560,0.000000,0.001300,
hamming-series.26.ground.smt2,,nelson_simple,1,0,unsat,0.659040,0.032010,0.249660,0.246080,0.020330,0.000000,0.001750,
hamming-series.26.ground.smt2,,par_async,1,0,unsat,0.581385,0.026170,0.218010,0.199120,0.032630,0.000000,0.000830,
hamming-series.26.ground.smt2,,par_async,2,0,unsat,0.572349,0.026140,0.213340,0.199610,0.027020,0.000000,0.001070,
hamming-series.26.ground.smt2,,par_async,4,0,unsat,0.649577,0.032830,0.272840,0.206390,0.025050,0.000000,0.002060,
hamming-series.26.ground.smt2,,par_async,8,0,unsat,0.621901,0.030200,0.214840,0.240000,0.023420,0.000000,0.004930,
hamming-series.26.ground.smt2,,par_async,16,0,unsat,0.638258,0.030060,0.225320,0.239830,0.021910,0.000000,0.011040,
hamming-series.26.ground.smt2,,par_async,32,0,unsat,0.993439,0.031030,0.466000,0.335810,0.028580,0.000000,0.019240,
hamming-series.26.ground.smt2,,par_async,64,0,unsat,0.964414,0.032490,0.461630,0.288980,0.025670,0.000000,0.047710,
hamming-series.26.ground.smt2,,par_async,128,0,unsat,0.820936,0.031310,0.328430,0.274200,0.027940,0.000000,0.054730,
hamming-series.26.ground.smt2,,par_async,144,0,unsat,0.776836,0.036370,0.277050,0.274520,0.027520,0.000000,0.060130,
hamming-series.3.ground.smt2,,nelson_topo_iter,1,0,unsat,1.942621,0.101760,0.887450,0.622510,0.079910,0.000000,0.004910,
hamming-series.3.ground.smt2,,nelson_simple,1,0,unsat,2.002892,0.085520,0.958600,0.623740,0.081030,0.000000,0.005180,
hamming-series.3.ground.smt2,,par_async,1,0,unsat,2.255664,0.077330,0.979290,0.600700,0.359600,0.000000,0.003110,
hamming-series.3.ground.smt2,,par_async,2,0,unsat,1.565462,0.077940,0.568100,0.511450,0.171400,0.000000,0.001740,
hamming-series.3.ground.smt2,,par_async,4,0,unsat,1.514952,0.078690,0.588220,0.500810,0.106510,0.000000,0.001370,
hamming-series.3.ground.smt2,,par_async,8,0,unsat,1.447845,0.069670,0.564860,0.506920,0.071420,0.000000,0.001810,
hamming-series.3.ground.smt2,,par_async,16,0,unsat,1.446428,0.079020,0.571820,0.505820,0.052630,0.000000,0.001950,
hamming-series.3.ground.smt2,,par_async,32,0,unsat,1.509641,0.069500,0.540170,0.597960,0.057830,0.000000,0.002140,
hamming-series.3.ground.smt2,,par_async,64,0,unsat,1.503776,0.078800,0.588840,0.534420,0.063860,0.000000,0.003240,
hamming-series.3.ground.smt2,,par_async,128,0,unsat,1.637756,0.077060,0.583680,0.642100,0.084950,0.000000,0.003370,
hamming-series.3.ground.smt2,,par_async,144,0,unsat,1.698775,0.085500,0.699480,0.582620,0.083390,0.000000,0.003440,
hamming-series.4.ground.smt2,,nelson_topo_iter,1,0,unsat,1.338111,0.086300,0.495560,0.483270,0.045310,0.000000,0.003410,
hamming-series.4.ground.smt2,,nelson_simple,1,0,unsat,1.884029,0.078170,0.868740,0.626570,0.073880,0.000000,0.004730,
hamming-series.4.ground.smt2,,par_async,1,0,unsat,1.643412,0.079670,0.566460,0.490800,0.269130,0.000000,0.001870,
hamming-series.4.ground.smt2,,par_async,2,0,unsat,2.044456,0.078320,0.911870,0.595690,0.220450,0.000000,0.001510,
hamming-series.4.ground.smt2,,par_async,4,0,unsat,1.739569,0.077610,0.714020,0.557440,0.149260,0.000000,0.001360,
hamming-series.4.ground.smt2,,par_async,8,0,unsat,1.448048,0.078270,0.545030,0.500420,0.097390,0.000000,0.001590,
hamming-series.4.ground.smt2,,par_async,16,0,unsat,1.457450,0.077130,0.566600,0.502360,0.080600,0.000000,0.001840,
hamming-series.4.ground.smt2,,par_async,32,0,unsat,1.381046,0.076650,0.501120,0.475290,0.092890,0.000000,0.001910,
hamming-series.4.ground.smt2,,par_async,64,0,unsat,2.006560,0.091600,0.920910,0.634070,0.118650,0.000000,0.003170,
hamming-series.4.ground.smt2,,par_async,128,0,unsat,2.071052,0.095910,0.915720,0.676760,0.132140,0.000000,0.003380,
hamming-series.4.ground.smt2,,par_async,144,0,unsat,1.538616,0.085780,0.505020,0.589910,0.124650,0.000000,0.003180,
hamming-series.6.ground.smt2,,nelson_topo_iter,1,0,unsat,0.746397,0.036220,0.276470,0.273660,0.042560,0.000000,0.002440,
hamming-series.6.ground.smt2,,nelson_simple,1,0,unsat,0.883627,0.030680,0.304910,0.382110,0.042400,0.000000,0.003570,
hamming-series.6.ground.smt2,,par_async,1,0,unsat,0.800123,0.034710,0.262560,0.283800,0.101130,0.000000,0.001730,
hamming-series.6.ground.smt2,,par_async,2,0,unsat,1.148736,0.042550,0.522840,0.359910,0.100290,0.000000,0.003740,
hamming-series.6.ground.smt2,,par_async,4,0,unsat,0.796925,0.032250,0.302780,0.281260,0.060470,0.000000,0.004170,
hamming-series.6.ground.smt2,,par_async,8,0,unsat,1.136398,0.032710,0.518890,0.359010,0.075310,0.000000,0.020340,
hamming-series.6.ground.smt2,,par_async,16,0,unsat,0.679995,0.031440,0.225400,0.245290,0.042960,0.000000,0.018410,
hamming-series.6.ground.smt2,,par_async,32,0,unsat,0.819449,0.032010,0.302970,0.284160,0.049350,0.000000,0.031150,
hamming-series.6.ground.smt2,,par_async,64,0,unsat,0.840304,0.031980,0.284710,0.280980,0.052380,0.000000,0.076250,
hamming-series.6.ground.smt2,,par_async,128,0,unsat,1.054957,0.031220,0.363640,0.369380,0.072290,0.000000,0.107350,
hamming-series.6.ground.smt2,,par_async,144,0,unsat,1.039543,0.034360,0.399630,0.331010,0.056740,0.000000,0.109110,
hamming-series.7.ground.smt2,,nelson_topo_iter,1,0,unsat,0.972089,0.047250,0.349960,0.355750,0.060410,0.000000,0.003220,
hamming-series.7.ground.smt2,,nelson_simple,1,0,unsat,1.443669,0.064640,0.657130,0.498370,0.056940,0.000000,0.004620,
hamming-series.7.ground.smt2,,par_async,1,0,unsat,1.524285,0.053500,0.662240,0.491480,0.150890,0.000000,0.002600,
hamming-series.7.ground.smt2,,par_async,2,0,unsat,1.481434,0.051820,0.675340,0.476660,0.110020,0.000000,0.003170,
hamming-series.7.ground.smt2,,par_async,4,0,unsat,1.458404,0.048000,0.673220,0.479240,0.088160,0.000000,0.005130,
hamming-series.7.ground.smt2,,par_async,8,0,unsat,1.449935,0.048090,0.657760,0.495420,0.072800,0.000000,0.010490,
hamming-series.7.ground.smt2,,par_async,16,0,unsat,1.118748,0.043610,0.393550,0.422920,0.067280,0.000000,0.028300,
hamming-series.7.ground.smt2,,par_async,32,0,unsat,1.475055,0.054570,0.671430,0.473720,0.065310,0.000000,0.044710,
hamming-series.7.ground.smt2,,par_async,64,0,unsat,1.491707,0.045300,0.608900,0.496260,0.082400,0.000000,0.097070,
hamming-series.7.ground.smt2,,par_async,128,0,unsat,1.387027,0.046610,0.474600,0.499450,0.083890,0.000000,0.130280,
hamming-series.7.ground.smt2,,par_async,144,0,unsat,1.353435,0.047160,0.394690,0.521740,0.086340,0.000000,0.148150,
hamming-series.8.ground.smt2,,nelson_topo_iter,1,0,unsat,1.394828,0.058690,0.573020,0.500970,0.037600,0.000000,0.002910,
hamming-series.8.ground.smt2,,nelson_simple,1,0,unsat,1.371932,0.059000,0.501790,0.528220,0.056910,0.000000,0.002940,
hamming-series.8.ground.smt2,,par_async,1,0,unsat,2.012185,0.059600,0.901030,0.569530,0.251110,0.000000,0.002280,
hamming-series.8.ground.smt2,,par_async,2,0,unsat,1.937876,0.069190,0.898510,0.560580,0.177520,0.000000,0.001380,
hamming-series.8.ground.smt2,,par_async,4,0,unsat,1.693477,0.060180,0.722500,0.548070,0.131450,0.000000,0.001220,
hamming-series.8.ground.smt2,,par_async,8,0,unsat,1.325982,0.062140,0.481780,0.458590,0.095500,0.000000,0.001550,
hamming-series.8.ground.smt2,,par_async,16,0,unsat,1.818204,0.059210,0.852200,0.562330,0.092730,0.000000,0.001830,
hamming-series.8.ground.smt2,,par_async,32,0,unsat,1.414144,0.061520,0.545340,0.482850,0.090900,0.000000,0.001670,
hamming-series.8.ground.smt2,,par_async,64,0,unsat,1.436038,0.058870,0.547670,0.505610,0.095510,0.000000,0.002600,
hamming-series.8.ground.smt2,,par_async,128,0,unsat,1.465132,0.057950,0.496840,0.558710,0.122610,0.000000,0.002860,
hamming-series.8.ground.smt2,,par_async,144,0,unsat,1.460496,0.059160,0.489510,0.542430,0.132200,0.000000,0.002960,
hamming-trigonometry.0.ground.smt2,,nelson_topo_iter,1,0,unsat,1.043481,0.058980,0.373750,0.369030,0.053160,0.000000,0.003120,
hamming-trigonometry.0.ground.smt2,,nelson_simple,1,0,unsat,1.019051,0.053080,0.363960,0.372330,0.044160,0.000000,0.003050,
hamming-trigonometry.0.ground.smt2,,par_async,1,0,unsat,1.064500,0.051600,0.357360,0.356200,0.118890,0.000000,0.001570,
hamming-trigonometry.0.ground.smt2,,par_async,2,0,unsat,1.111295,0.053100,0.372080,0.406730,0.099080,0.000000,0.002050,
hamming-trigonometry.0.ground.smt2,,par_async,4,0,unsat,1.089395,0.048290,0.383730,0.396840,0.077930,0.000000,0.003860,
hamming-trigonometry.0.ground.smt2,,par_async,8,0,unsat,1.271562,0.049000,0.498430,0.448360,0.078440,0.000000,0.011620,
hamming-trigonometry.0.ground.smt2,,par_async,16,0,unsat,1.151411,0.052420,0.417990,0.404980,0.064550,0.000000,0.026130,
hamming-trigonometry.0.ground.smt2,,par_async,32,0,unsat,1.198347,0.055260,0.426880,0.429620,0.064500,0.000000,0.040260,
hamming-trigonometry.0.ground.smt2,,par_async,64,0,unsat,1.579573,0.060080,0.712420,0.454360,0.083700,0.000000,0.086150,
hamming-trigonometry.0.ground.smt2,,par_async,128,0,unsat,1.345288,0.053190,0.378810,0.522940,0.093100,0.000000,0.123910,
hamming-trigonometry.0.ground.smt2,,par_async,144,0,unsat,1.509360,0.054190,0.434410,0.636280,0.091240,0.000000,0.126270,
hamming-trigonometry.1.ground.smt2,,nelson_topo_iter,1,0,unsat,1.143743,0.050440,0.456190,0.410080,0.033080,0.000000,0.003900,
hamming-trigonometry.1.ground.smt2,,nelson_simple,1,0,unsat,1.039237,0.049700,0.371690,0.396660,0.027720,0.000000,0.003320,
hamming-trigonometry.1.ground.smt2,,par_async,1,0,unsat,1.083770,0.045220,0.357990,0.374320,0.116240,0.000000,0.001680,
hamming-trigonometry.1.ground.smt2,,par_async,2,0,unsat,1.145961,0.046900,0.386270,0.430740,0.092430,0.000000,0.002490,
hamming-trigonometry.1.ground.smt2,,par_async,4,0,unsat,1.250501,0.047120,0.451400,0.461650,0.091050,0.000000,0.004990,
hamming-trigonometry.1.ground.smt2,,par_async,8,0,unsat,1.185670,0.051020,0.434980,0.430080,0.072010,0.000000,0.011850,
hamming-trigonometry.1.ground.smt2,,par_async,16,0,unsat,1.198443,0.051070,0.433460,0.412980,0.062140,0.000000,0.028670,
hamming-trigonometry.1.ground.smt2,,par_async,32,0,unsat,1.598070,0.045820,0.736700,0.498110,0.071460,0.000000,0.050910,
hamming-trigonometry.1.ground.smt2,,par_async,64,0,unsat,1.210779,0.052060,0.398160,0.412840,0.074910,0.000000,0.091440,
hamming-trigonometry.1.ground.smt2,,par_async,128,0,unsat,1.490660,0.049210,0.457620,0.576330,0.090130,0.000000,0.137260,
hamming-trigonometry.1.ground.smt2,,par_async,144,0,unsat,1.552480,0.051400,0.459960,0.636560,0.089340,0.000000,0.129910,
hamming-trigonometry.11.ground.smt2,,nelson_topo_iter,1,0,unsat,0.857803,0.046320,0.319260,0.321800,0.041670,0.000000,0.002570,
hamming-trigonometry.11.ground.smt2,,nelson_simple,1,0,unsat,0.813079,0.039810,0.283920,0.317960,0.040970,0.000000,0.003550,
hamming-trigonometry.11.ground.smt2,,par_async,1,0,unsat,1.234630,0.046150,0.551450,0.388420,0.117150,0.000000,0.001750,
hamming-trigonometry.11.ground.smt2,,par_async,2,0,unsat,0.787427,0.038360,0.246850,0.299840,0.073790,0.000000,0.001840,
hamming-trigonometry.11.ground.smt2,,par_async,4,0,unsat,0.817788,0.039900,0.312690,0.278970,0.053730,0.000000,0.003340,
hamming-trigonometry.11.ground.smt2,,par_async,8,0,unsat,0.877241,0.035880,0.296530,0.345170,0.057500,0.000000,0.009550,
hamming-trigonometry.11.ground.smt2,,par_async,16,0,unsat,0.874624,0.038400,0.320210,0.296460,0.044430,0.000000,0.022510,
hamming-trigonometry.11.ground.smt2,,par_async,32,0,unsat,0.817111,0.041910,0.291950,0.280170,0.041160,0.000000,0.031510,
hamming-trigonometry.11.ground.smt2,,par_async,64,0,unsat,1.206491,0.040000,0.515040,0.390940,0.057210,0.000000,0.076580,
hamming-trigonometry.11.ground.smt2,,par_async,128,0,unsat,0.959817,0.040180,0.283200,0.353240,0.060410,0.000000,0.101760,
hamming-trigonometry.11.ground.smt2,,par_async,144,0,unsat,0.978216,0.038960,0.289150,0.350870,0.061450,0.000000,0.115420,
hamming-trigonometry.12.ground.smt2,,nelson_topo_iter,1,0,unsat,1.122077,0.052730,0.421060,0.421770,0.031110,0.000000,0.003740,
hamming-trigonometry.12.ground.smt2,,nelson_simple,1,0,unsat,1.187785,0.052530,0.428190,0.477850,0.029970,0.000000,0.003790,
hamming-trigonometry.12.ground.smt2,,par_async,1,0,unsat,1.723465,0.052050,0.678590,0.547200,0.245680,0.000000,0.002600,
hamming-trigonometry.12.ground.smt2,,par_async,2,0,unsat,1.171618,0.053840,0.398310,0.393600,0.135760,0.000000,0.001910,
hamming-trigonometry.12.ground.smt2,,par_async,4,0,unsat,1.263797,0.052420,0.483220,0.442570,0.095740,0.000000,0.001410,
hamming-trigonometry.12.ground.smt2,,par_async,8,0,unsat,1.081813,0.047100,0.369410,0.404420,0.065690,0.000000,0.001690,
hamming-trigonometry.12.ground.smt2,,par_async,16,0,unsat,1.125971,0.052860,0.412170,0.406510,0.061130,0.000000,0.001890,
hamming-trigonometry.12.ground.smt2,,par_async,32,0,unsat,1.231801,0.051880,0.476290,0.444490,0.059170,0.000000,0.002000,
hamming-trigonometry.12.ground.smt2,,par_async,64,0,unsat,1.653588,0.052860,0.774660,0.539750,0.075980,0.000000,0.003150,
hamming-trigonometry.12.ground.smt2,,par_async,128,0,unsat,1.256566,0.053170,0.441940,0.476640,0.088330,0.000000,0.003360,
hamming-trigonometry.12.ground.smt2,,par_async,144,0,unsat,1.386488,0.053970,0.571450,0.469270,0.091990,0.000000,0.003610,
hamming-trigonometry.13.ground.smt2,,nelson_topo_iter,1,0,unsat,1.085896,0.048310,0.411470,0.421210,0.036650,0.000000,0.003450,
hamming-trigonometry.13.ground.smt2,,nelson_simple,1,0,unsat,1.364730,0.053870,0.557020,0.520000,0.055700,0.000000,0.004780,
hamming-trigonometry.13.ground.smt2,,par_async,1,0,unsat,1.182245,0.050250,0.381620,0.422390,0.157180,0.000000,0.001750,
hamming-trigonometry.13.ground.smt2,,par_async,2,0,unsat,1.537057,0.047920,0.670960,0.510970,0.131380,0.000000,0.001510,
hamming-trigonometry.13.ground.smt2,,par_async,4,0,unsat,1.517621,0.050040,0.695800,0.500380,0.092640,0.000000,0.001360,
hamming-trigonometry.13.ground.smt2,,par_async,8,0,unsat,1.482112,0.049540,0.691130,0.490290,0.071840,0.000000,0.001790,
hamming-trigonometry.13.ground.smt2,,par_async,16,0,unsat,1.471714,0.048670,0.683740,0.495790,0.062950,0.000000,0.001980,
hamming-trigonometry.13.ground.smt2,,par_async,32,0,unsat,1.396077,0.049110,0.623320,0.484200,0.061340,0.000000,0.001980,
hamming-trigonometry.13.ground.smt2,,par_async,64,0,unsat,1.186951,0.047220,0.451430,0.438300,0.071540,0.000000,0.002760,
hamming-trigonometry.13.ground.smt2,,par_async,128,0,unsat,1.506851,0.056980,0.694120,0.486990,0.091820,0.000000,0.003030,
hamming-trigonometry.13.ground.smt2,,par_async,144,0,unsat,1.511852,0.060600,0.687990,0.478910,0.099830,0.000000,0.003180,
hamming-trigonometry.14.ground.smt2,,nelson_topo_iter,1,0,unsat,1.548943,0.076370,0.718440,0.526500,0.039970,0.000000,0.004940,
hamming-trigonometry.14.ground.smt2,,nelson_simple,1,0,unsat,1.041067,0.055540,0.366900,0.404940,0.027940,0.000000,0.003730,
hamming-trigonometry.14.ground.smt2,,par_async,1,0,unsat,1.156103,0.050130,0.382690,0.378110,0.166300,0.000000,0.001820,
hamming-trigonometry.14.ground.smt2,,par_async,2,0,unsat,1.187073,0.049810,0.418350,0.423260,0.116130,0.000000,0.001500,
hamming-trigonometry.14.ground.smt2,,par_async,4,0,unsat,1.548816,0.046150,0.713680,0.514050,0.092430,0.000000,0.001240,
hamming-trigonometry.14.ground.smt2,,par_async,8,0,unsat,1.553449,0.059020,0.731480,0.497280,0.075810,0.000000,0.001810,
hamming-trigonometry.14.ground.smt2,,par_async,16,0,unsat,1.053379,0.051170,0.374750,0.383090,0.058210,0.000000,0.001950,
hamming-trigonometry.14.ground.smt2,,par_async,32,0,unsat,1.187603,0.049160,0.428970,0.462250,0.056880,0.000000,0.001910,
hamming-trigonometry.14.ground.smt2,,par_async,64,0,unsat,1.103904,0.044760,0.404770,0.394820,0.072740,0.000000,0.003230,
hamming-trigonometry.14.ground.smt2,,par_async,128,0,unsat,1.364281,0.049350,0.588060,0.447730,0.087250,0.000000,0.003350,
hamming-trigonometry.14.ground.smt2,,par_async,144,0,unsat,1.254735,0.051000,0.395230,0.514320,0.100530,0.000000,0.003430,
hamming-trigonometry.15.ground.smt2,,nelson_topo_iter,1,0,unsat,1.495427,0.073090,0.684410,0.510020,0.050280,0.000000,0.004840,
hamming-trigonometry.15.ground.smt2,,nelson_simple,1,0,unsat,0.996753,0.058380,0.357040,0.379380,0.026890,0.000000,0.003680,
hamming-trigonometry.15.ground.smt2,,par_async,1,0,unsat,1.641183,0.067160,0.687360,0.492800,0.211570,0.000000,0.002500,
hamming-trigonometry.15.ground.smt2,,par_async,2,0,unsat,1.112420,0.047310,0.350100,0.422840,0.120220,0.000000,0.001410,
hamming-trigonometry.15.ground.smt2,,par_async,4,0,unsat,1.172431,0.047440,0.416940,0.440730,0.089250,0.000000,0.001280,
hamming-trigonometry.15.ground.smt2,,par_async,8,0,unsat,1.357670,0.044340,0.593280,0.470700,0.069410,0.000000,0.001720,
hamming-trigonometry.15.ground.smt2,,par_async,16,0,unsat,1.196287,0.048870,0.449750,0.452340,0.062420,0.000000,0.002200,
hamming-trigonometry.15.ground.smt2,,par_async,32,0,unsat,1.485989,0.060850,0.695050,0.485520,0.061110,0.000000,0.002040,
hamming-trigonometry.15.ground.smt2,,par_async,64,0,unsat,1.454095,0.050000,0.703700,0.443750,0.069270,0.000000,0.002780,
hamming-trigonometry.15.ground.smt2,,par_async,128,0,unsat,1.402490,0.049390,0.645290,0.441720,0.085060,0.000000,0.003060,
hamming-trigonometry.15.ground.smt2,,par_async,144,0,unsat,1.266372,0.047620,0.462050,0.478100,0.094480,0.000000,0.003040,
hamming-trigonometry.16.ground.smt2,,nelson_topo_iter,1,0,unsat,0.821441,0.047590,0.285670,0.309030,0.056150,0.000000,0.003130,
hamming-trigonometry.16.ground.smt2,,nelson_simple,1,0,unsat,1.160197,0.041970,0.511990,0.407450,0.057750,0.000000,0.004290,
hamming-trigonometry.16.ground.smt2,,par_async,1,0,unsat,0.789609,0.042280,0.259230,0.269150,0.097830,0.000000,0.001280,
hamming-trigonometry.16.ground.smt2,,par_async,2,0,unsat,1.193463,0.042100,0.474180,0.408270,0.126830,0.000000,0.003260,
hamming-trigonometry.16.ground.smt2,,par_async,4,0,unsat,0.847303,0.041550,0.315190,0.294420,0.072630,0.000000,0.003560,
hamming-trigonometry.16.ground.smt2,,par_async,8,0,unsat,1.164508,0.041260,0.510020,0.377980,0.089770,0.000000,0.009600,
hamming-trigonometry.16.ground.smt2,,par_async,16,0,unsat,0.781161,0.039110,0.269010,0.267540,0.059460,0.000000,0.023230,
hamming-trigonometry.16.ground.smt2,,par_async,32,0,unsat,0.812538,0.038220,0.267660,0.285550,0.058830,0.000000,0.043450,
hamming-trigonometry.16.ground.smt2,,par_async,64,0,unsat,0.887729,0.040240,0.274860,0.310560,0.069020,0.000000,0.075010,
hamming-trigonometry.16.ground.smt2,,par_async,128,0,unsat,1.071127,0.039640,0.284360,0.449540,0.083000,0.000000,0.100370,
hamming-trigonometry.16.ground.smt2,,par_async,144,0,unsat,1.105069,0.040010,0.269030,0.463200,0.093240,0.000000,0.123300,
hamming-trigonometry.18.ground.smt2,,nelson_topo_iter,1,0,unsat,1.195406,0.053790,0.482090,0.447710,0.028510,0.000000,0.003580,
hamming-trigonometry.18.ground.smt2,,nelson_simple,1,0,unsat,1.581090,0.052410,0.753470,0.547020,0.035550,0.000000,0.004810,
hamming-trigonometry.18.ground.smt2,,par_async,1,0,unsat,1.179370,0.054190,0.379730,0.387220,0.173920,0.000000,0.001780,
hamming-trigonometry.18.ground.smt2,,par_async,2,0,unsat,1.230684,0.053020,0.447640,0.432660,0.113300,0.000000,0.001190,
hamming-trigonometry.18.ground.smt2,,par_async,4,0,unsat,1.333320,0.047140,0.553720,0.449580,0.095750,0.000000,0.001270,
hamming-trigonometry.18.ground.smt2,,par_async,8,0,unsat,1.141654,0.048560,0.413330,0.428820,0.065450,0.000000,0.001540,
hamming-trigonometry.18.ground.smt2,,par_async,16,0,unsat,1.499054,0.050490,0.687390,0.501810,0.069030,0.000000,0.002000,
hamming-trigonometry.18.ground.smt2,,par_async,32,0,unsat,1.372066,0.049460,0.593910,0.467640,0.066900,0.000000,0.002030,
hamming-trigonometry.18.ground.smt2,,par_async,64,0,unsat,1.248030,0.053310,0.479030,0.446840,0.076730,0.000000,0.003140,
hamming-trigonometry.18.ground.smt2,,par_async,128,0,unsat,1.197020,0.051560,0.411440,0.453410,0.091240,0.000000,0.002930,
hamming-trigonometry.18.ground.smt2,,par_async,144,0,unsat,1.259204,0.056020,0.446100,0.466180,0.096630,0.000000,0.003930,
hamming-trigonometry.2.ground.smt2,,nelson_topo_iter,1,0,unsat,1.563196,0.057820,0.751900,0.521130,0.035120,0.000000,0.004410,
hamming-trigonometry.2.ground.smt2,,nelson_simple,1,0,unsat,1.126211,0.049050,0.466050,0.388630,0.027660,0.000000,0.003330,
hamming-trigonometry.2.ground.smt2,,par_async,1,0,unsat,1.164132,0.048000,0.379550,0.431920,0.116200,0.000000,0.001770,
hamming-trigonometry.2.ground.smt2,,par_async,2,0,unsat,1.276897,0.046000,0.457510,0.465800,0.114030,0.000000,0.002530,
hamming-trigonometry.2.ground.smt2,,par_async,4,0,unsat,1.174938,0.051330,0.430370,0.424600,0.078350,0.000000,0.004550,
hamming-trigonometry.2.ground.smt2,,par_async,8,0,unsat,1.245568,0.050670,0.469550,0.443940,0.079390,0.000000,0.011820,
hamming-trigonometry.2.ground.smt2,,par_async,16,0,unsat,1.107250,0.052180,0.380130,0.390900,0.063560,0.000000,0.026700,
hamming-trigonometry.2.ground.smt2,,par_async,32,0,unsat,1.169928,0.048450,0.408200,0.424810,0.061100,0.000000,0.039980,
hamming-trigonometry.2.ground.smt2,,par_async,64,0,unsat,1.279317,0.048120,0.439010,0.433700,0.074130,0.000000,0.099210,
hamming-trigonometry.2.ground.smt2,,par_async,128,0,unsat,1.231192,0.049300,0.372880,0.436710,0.074860,0.000000,0.122420,
hamming-trigonometry.2.ground.smt2,,par_async,144,0,unsat,1.503157,0.050640,0.441710,0.586150,0.087620,0.000000,0.149800,
hamming-trigonometry.3.ground.smt2,,nelson_topo_iter,1,0,unsat,1.192891,0.058880,0.475830,0.434460,0.035970,0.000000,0.003560,
hamming-trigonometry.3.ground.smt2,,nelson_simple,1,0,unsat,1.075978,0.052950,0.392140,0.408900,0.028480,0.000000,0.003600,
hamming-trigonometry.3.ground.smt2,,par_async,1,0,unsat,1.175474,0.054350,0.394920,0.387540,0.150610,0.000000,0.001790,
hamming-trigonometry.3.ground.smt2,,par_async,2,0,unsat,1.192136,0.049570,0.418340,0.436090,0.099360,0.000000,0.001130,
hamming-trigonometry.3.ground.smt2,,par_async,4,0,unsat,1.561071,0.048440,0.721640,0.509200,0.087340,0.000000,0.001320,
hamming-trigonometry.3.ground.smt2,,par_async,8,0,unsat,1.107070,0.054960,0.398510,0.399680,0.060900,0.000000,0.001570,
hamming-trigonometry.3.ground.smt2,,par_async,16,0,unsat,1.193740,0.053030,0.461080,0.441150,0.046740,0.000000,0.001810,
hamming-trigonometry.3.ground.smt2,,par_async,32,0,unsat,1.286290,0.049500,0.468550,0.495360,0.061430,0.000000,0.001980,
hamming-trigonometry.3.ground.smt2,,par_async,64,0,unsat,1.224998,0.053080,0.442570,0.469540,0.066910,0.000000,0.003030,
hamming-trigonometry.3.ground.smt2,,par_async,128,0,unsat,1.560019,0.052980,0.533290,0.683970,0.089580,0.000000,0.003090,
hamming-trigonometry.3.ground.smt2,,par_async,144,0,unsat,1.421392,0.054130,0.619180,0.466530,0.082480,0.000000,0.003970,
hamming-trigonometry.4.ground.smt2,,nelson_topo_iter,1,0,unsat,1.279885,0.056330,0.474210,0.493220,0.059330,0.000000,0.004570,
hamming-trigonometry.4.ground.smt2,,nelson_simple,1,0,unsat,1.089264,0.052000,0.375250,0.392300,0.079640,0.000000,0.003520,
hamming-trigonometry.4.ground.smt2,,par_async,1,0,unsat,1.315214,0.049240,0.399970,0.438620,0.241730,0.000000,0.001650,
hamming-trigonometry.4.ground.smt2,,par_async,2,0,unsat,1.676915,0.073640,0.719480,0.491760,0.203100,0.000000,0.001290,
hamming-trigonometry.4.ground.smt2,,par_async,4,0,unsat,1.259173,0.050830,0.452850,0.427290,0.142810,0.000000,0.001180,
hamming-trigonometry.4.ground.smt2,,par_async,8,0,unsat,1.628137,0.050770,0.726020,0.515700,0.143010,0.000000,0.001920,
hamming-trigonometry.4.ground.smt2,,par_async,16,0,unsat,1.140703,0.048530,0.348900,0.390520,0.107650,0.000000,0.001640,
hamming-trigonometry.4.ground.smt2,,par_async,32,0,unsat,1.196458,0.051030,0.379920,0.452750,0.115820,0.000000,0.001870,
hamming-trigonometry.4.ground.smt2,,par_async,64,0,unsat,1.392248,0.048660,0.563360,0.458760,0.130150,0.000000,0.002510,
hamming-trigonometry.4.ground.smt2,,par_async,128,0,unsat,1.438953,0.048770,0.458790,0.561740,0.175340,0.000000,0.002690,
hamming-trigonometry.4.ground.smt2,,par_async,144,0,unsat,1.286405,0.051070,0.439300,0.452360,0.153090,0.000000,0.003710,
hamming-trigonometry.5.ground.smt2,,nelson_topo_iter,1,0,unsat,1.052624,0.050180,0.383120,0.386140,0.042950,0.000000,0.003320,
hamming-trigonometry.5.ground.smt2,,nelson_simple,1,0,unsat,1.078605,0.050780,0.372730,0.388880,0.077080,0.000000,0.003430,
hamming-trigonometry.5.ground.smt2,,par_async,1,0,unsat,1.284248,0.051080,0.391820,0.429940,0.226420,0.000000,0.001650,
hamming-trigonometry.5.ground.smt2,,par_async,2,0,unsat,1.693631,0.051200,0.726360,0.497540,0.227640,0.000000,0.002980,
hamming-trigonometry.5.ground.smt2,,par_async,4,0,unsat,1.265076,0.051280,0.448880,0.420140,0.151080,0.000000,0.004800,
hamming-trigonometry.5.ground.smt2,,par_async,8,0,unsat,1.632879,0.051340,0.716710,0.501650,0.155140,0.000000,0.011260,
hamming-trigonometry.5.ground.smt2,,par_async,16,0,unsat,1.194852,0.051070,0.431500,0.379800,0.121580,0.000000,0.026390,
hamming-trigonometry.5.ground.smt2,,par_async,32,0,unsat,1.244421,0.048160,0.431180,0.409620,0.116140,0.000000,0.043180,
hamming-trigonometry.5.ground.smt2,,par_async,64,0,unsat,1.653377,0.055390,0.657620,0.502300,0.163470,0.000000,0.095020,
hamming-trigonometry.5.ground.smt2,,par_async,128,0,unsat,1.334649,0.050780,0.389840,0.440990,0.153110,0.000000,0.131610,
hamming-trigonometry.5.ground.smt2,,par_async,144,0,unsat,1.434318,0.052450,0.442730,0.479410,0.156880,0.000000,0.129300,
hamming-trigonometry.7.ground.smt2,,nelson_topo_iter,1,0,unsat,1.057746,0.045240,0.385580,0.387110,0.066750,0.000000,0.003220,
hamming-trigonometry.7.ground.smt2,,nelson_simple,1,0,unsat,1.479865,0.052500,0.686520,0.496830,0.059930,0.000000,0.004530,
hamming-trigonometry.7.ground.smt2,,par_async,1,0,unsat,1.527462,0.050370,0.680110,0.477500,0.143250,0.000000,0.002290,
hamming-trigonometry.7.ground.smt2,,par_async,2,0,unsat,1.486457,0.051740,0.689510,0.470100,0.101270,0.000000,0.002760,
hamming-trigonometry.7.ground.smt2,,par_async,4,0,unsat,1.457256,0.047480,0.682110,0.468970,0.082080,0.000000,0.005000,
hamming-trigonometry.7.ground.smt2,,par_async,8,0,unsat,1.440941,0.049440,0.666470,0.476770,0.067850,0.000000,0.012550,
hamming-trigonometry.7.ground.smt2,,par_async,16,0,unsat,1.437392,0.048460,0.626600,0.475390,0.068430,0.000000,0.026280,
hamming-trigonometry.7.ground.smt2,,par_async,32,0,unsat,1.157499,0.045780,0.421280,0.404670,0.058570,0.000000,0.049990,
hamming-trigonometry.7.ground.smt2,,par_async,64,0,unsat,1.155984,0.043800,0.399370,0.389350,0.062170,0.000000,0.079970,
hamming-trigonometry.7.ground.smt2,,par_async,128,0,unsat,1.177856,0.047610,0.360860,0.409710,0.066540,0.000000,0.129340,
hamming-trigonometry.7.ground.smt2,,par_async,144,0,unsat,1.326920,0.049000,0.413360,0.477110,0.079820,0.000000,0.136410,
hamming-trigonometry.8.ground.smt2,,nelson_topo_iter,1,0,unsat,0.867938,0.042890,0.320080,0.336690,0.025920,0.000000,0.003390,
hamming-trigonometry.8.ground.smt2,,nelson_simple,1,0,unsat,0.752628,0.035730,0.265570,0.288330,0.023950,0.000000,0.002480,
hamming-trigonometry.8.ground.smt2,,par_async,1,0,unsat,0.959193,0.043360,0.314720,0.326560,0.133920,0.000000,0.001290,
hamming-trigonometry.8.ground.smt2,,par_async,2,0,unsat,0.885002,0.039680,0.272820,0.324210,0.104830,0.000000,0.002520,
hamming-trigonometry.8.ground.smt2,,par_async,4,0,unsat,0.818773,0.037370,0.270750,0.294960,0.073760,0.000000,0.003630,
hamming-trigonometry.8.ground.smt2,,par_async,8,0,unsat,1.246136,0.040020,0.530610,0.422710,0.094810,0.000000,0.009560,
hamming-trigonometry.8.ground.smt2,,par_async,16,0,unsat,0.972953,0.043480,0.342280,0.320310,0.064210,0.000000,0.023400,
hamming-trigonometry.8.ground.smt2,,par_async,32,0,unsat,0.945463,0.044980,0.311020,0.325840,0.066700,0.000000,0.041380,
hamming-trigonometry.8.ground.smt2,,par_async,64,0,unsat,0.961980,0.044720,0.308900,0.320100,0.068750,0.000000,0.081420,
hamming-trigonometry.8.ground.smt2,,par_async,128,0,unsat,1.191113,0.042200,0.313840,0.518930,0.082310,0.000000,0.103610,
hamming-trigonometry.8.ground.smt2,,par_async,144,0,unsat,1.051002,0.045110,0.348610,0.353130,0.074380,0.000000,0.099020,
hamming-trigonometry.9.ground.smt2,,nelson_topo_iter,1,0,unsat,0.740216,0.033000,0.277490,0.289450,0.026140,0.000000,0.003260,
hamming-trigonometry.9.ground.smt2,,nelson_simple,1,0,unsat,0.648541,0.032480,0.246240,0.235420,0.021160,0.000000,0.002390,
hamming-trigonometry.9.ground.smt2,,par_async,1,0,unsat,0.815439,0.031960,0.265780,0.269470,0.134870,0.000000,0.001670,
hamming-trigonometry.9.ground.smt2,,par_async,2,0,unsat,1.021978,0.029790,0.494290,0.302900,0.082450,0.000000,0.001920,
hamming-trigonometry.9.ground.smt2,,par_async,4,0,unsat,1.106432,0.037160,0.502800,0.336190,0.104190,0.000000,0.004270,
hamming-trigonometry.9.ground.smt2,,par_async,8,0,unsat,0.657566,0.030030,0.214840,0.231680,0.060550,0.000000,0.008820,
hamming-trigonometry.9.ground.smt2,,par_async,16,0,unsat,0.794024,0.030190,0.281490,0.265610,0.063880,0.000000,0.020970,
hamming-trigonometry.9.ground.smt2,,par_async,32,0,unsat,0.712070,0.030890,0.217050,0.260020,0.058220,0.000000,0.032790,
hamming-trigonometry.9.ground.smt2,,par_async,64,0,unsat,0.866774,0.031030,0.280770,0.288420,0.063370,0.000000,0.067400,
hamming-trigonometry.9.ground.smt2,,par_async,128,0,unsat,0.980607,0.030740,0.241270,0.424020,0.086000,0.000000,0.091410,
hamming-trigonometry.9.ground.smt2,,par_async,144,0,unsat,0.973344,0.031830,0.238070,0.418870,0.076730,0.000000,0.099200,
haskell.1.ground.smt2,,nelson_topo_iter,1,0,unsat,1.072975,0.054220,0.368670,0.429260,0.040660,0.000000,0.003400,
haskell.1.ground.smt2,,nelson_simple,1,0,unsat,1.056457,0.051600,0.378820,0.422700,0.029620,0.000000,0.002580,
haskell.1.ground.smt2,,par_async,1,0,unsat,1.157477,0.051670,0.402970,0.396850,0.130670,0.000000,0.001370,
haskell.1.ground.smt2,,par_async,2,0,unsat,1.440698,0.046650,0.618490,0.472010,0.129280,0.000000,0.002200,
haskell.1.ground.smt2,,par_async,4,0,unsat,1.212428,0.050310,0.460840,0.417620,0.102730,0.000000,0.004400,
haskell.1.ground.smt2,,par_async,8,0,unsat,1.021380,0.053270,0.357450,0.352620,0.076390,0.000000,0.008460,
haskell.1.ground.smt2,,par_async,16,0,unsat,1.146668,0.049210,0.427140,0.347620,0.067940,0.000000,0.023330,
haskell.1.ground.smt2,,par_async,32,0,unsat,1.138578,0.056410,0.418790,0.390220,0.065610,0.000000,0.030620,
haskell.1.ground.smt2,,par_async,64,0,unsat,1.351584,0.051640,0.473570,0.448640,0.094050,0.000000,0.078370,
haskell.1.ground.smt2,,par_async,128,0,unsat,1.243136,0.054430,0.411970,0.435030,0.086520,0.000000,0.093100,
haskell.1.ground.smt2,,par_async,144,0,unsat,1.346170,0.052750,0.485870,0.438780,0.085710,0.000000,0.118040,
haskell.10.ground.smt2,,nelson_topo_iter,1,0,unsat,1.156479,0.055660,0.483410,0.413050,0.025570,0.000000,0.002600,
haskell.10.ground.smt2,,nelson_simple,1,0,unsat,1.576773,0.056760,0.768710,0.515840,0.039800,0.000000,0.003640,
haskell.10.ground.smt2,,par_async,1,0,unsat,1.072363,0.051110,0.370590,0.362300,0.102420,0.000000,0.001480,
haskell.10.ground.smt2,,par_async,2,0,unsat,1.095310,0.054390,0.412250,0.362950,0.084760,0.000000,0.002290,
haskell.10.ground.smt2,,par_async,4,0,unsat,1.136846,0.051150,0.414330,0.417460,0.072170,0.000000,0.004440,
haskell.10.ground.smt2,,par_async,8,0,unsat,1.243794,0.050280,0.482400,0.445980,0.072090,0.000000,0.010100,
haskell.10.ground.smt2,,par_async,16,0,unsat,1.137849,0.055530,0.437470,0.369850,0.057920,0.000000,0.024530,
haskell.10.ground.smt2,,par_async,32,0,unsat,1.200185,0.057250,0.462680,0.415600,0.053370,0.000000,0.033790,
haskell.10.ground.smt2,,par_async,64,0,unsat,1.567219,0.055580,0.674230,0.500530,0.077020,0.000000,0.087170,
haskell.10.ground.smt2,,par_async,128,0,unsat,1.482768,0.060520,0.642470,0.437010,0.068580,0.000000,0.105340,
haskell.10.ground.smt2,,par_async,144,0,unsat,1.431582,0.062560,0.575340,0.429710,0.072700,0.000000,0.118710,
haskell.100.ground.smt2,,nelson_topo_iter,1,0,unsat,0.018383,0.000650,0.003220,0.004910,0.000190,0.000000,0.000060,
haskell.100.ground.smt2,,nelson_simple,1,0,unsat,0.016120,0.000590,0.002480,0.004890,0.000190,0.000000,0.000050,
haskell.100.ground.smt2,,par_async,1,0,unsat,0.018671,0.000620,0.003450,0.006600,0.000370,0.000000,0.000040,
haskell.100.ground.smt2,,par_async,2,0,unsat,0.017986,0.000580,0.003480,0.005700,0.000370,0.000000,0.000040,
haskell.100.ground.smt2,,par_async,4,0,unsat,0.018326,0.000570,0.003270,0.006400,0.000380,0.000000,0.000050,
haskell.100.ground.smt2,,par_async,8,0,unsat,0.014473,0.000490,0.002520,0.003660,0.000350,0.000000,0.000130,
haskell.100.ground.smt2,,par_async,16,0,unsat,0.016958,0.000460,0.002990,0.005720,0.000360,0.000000,0.000070,
haskell.100.ground.smt2,,par_async,32,0,unsat,0.016653,0.000290,0.001640,0.008000,0.000500,0.000000,0.000600,
haskell.100.ground.smt2,,par_async,64,0,unsat,0.024698,0.000390,0.001980,0.012960,0.000780,0.000000,0.001400,
haskell.100.ground.smt2,,par_async,128,0,unsat,0.027797,0.000360,0.002060,0.016280,0.000580,0.000000,0.000640,
haskell.100.ground.smt2,,par_async,144,0,unsat,0.034271,0.000340,0.001910,0.019740,0.001060,0.000000,0.002380,
haskell.1000.ground.smt2,,nelson_topo_iter,1,0,unsat,1.398101,0.076890,0.538050,0.520420,0.039630,0.000000,0.003200,
haskell.1000.ground.smt2,,nelson_simple,1,0,unsat,1.267823,0.075400,0.456260,0.473580,0.033670,0.000000,0.003320,
haskell.1000.ground.smt2,,par_async,1,0,unsat,1.670731,0.076590,0.596040,0.546800,0.219980,0.000000,0.002340,
haskell.1000.ground.smt2,,par_async,2,0,unsat,1.906882,0.090320,0.880110,0.557560,0.145810,0.000000,0.001350,
haskell.1000.ground.smt2,,par_async,4,0,unsat,1.598056,0.076120,0.645180,0.540750,0.099910,0.000000,0.001310,
haskell.1000.ground.smt2,,par_async,8,0,unsat,1.828729,0.093810,0.876770,0.549120,0.074600,0.000000,0.001600,
haskell.1000.ground.smt2,,par_async,16,0,unsat,1.537523,0.077210,0.623060,0.539540,0.062000,0.000000,0.001820,
haskell.1000.ground.smt2,,par_async,32,0,unsat,1.662156,0.078710,0.720700,0.561550,0.068690,0.000000,0.001900,
haskell.1000.ground.smt2,,par_async,64,0,unsat,1.863745,0.105530,0.859730,0.569560,0.085550,0.000000,0.002860,
haskell.1000.ground.smt2,,par_async,128,0,unsat,1.627413,0.075140,0.664470,0.556160,0.096920,0.000000,0.002930,
haskell.1000.ground.smt2,,par_async,144,0,unsat,1.948826,0.115630,0.863390,0.617380,0.109150,0.000000,0.003050,
haskell.1001.ground.smt2,,nelson_topo_iter,1,0,unsat,1.438314,0.061050,0.615500,0.513800,0.037430,0.000000,0.004170,
haskell.1001.ground.smt2,,nelson_simple,1,0,unsat,1.692513,0.061350,0.798260,0.566660,0.045320,0.000000,0.004300,
haskell.1001.ground.smt2,,par_async,1,0,unsat,1.263456,0.059650,0.419890,0.405610,0.175660,0.000000,0.001640,
haskell.1001.ground.smt2,,par_async,2,0,unsat,1.537019,0.058540,0.598620,0.486770,0.173770,0.000000,0.002460,
haskell.1001.ground.smt2,,par_async,4,0,unsat,1.561070,0.056060,0.650770,0.503350,0.138530,0.000000,0.005680,
haskell.1001.ground.smt2,,par_async,8,0,unsat,1.701583,0.061740,0.782420,0.515060,0.121870,0.000000,0.012680,
haskell.1001.ground.smt2,,par_async,16,0,unsat,1.335971,0.062660,0.472570,0.453270,0.091520,0.000000,0.028140,
haskell.1001.ground.smt2,,par_async,32,0,unsat,1.344009,0.057670,0.516080,0.414490,0.094420,0.000000,0.044120,
haskell.1001.ground.smt2,,par_async,64,0,unsat,1.796576,0.062270,0.575880,0.716530,0.127750,0.000000,0.097000,
haskell.1001.ground.smt2,,par_async,128,0,unsat,1.397598,0.063690,0.431870,0.474420,0.114400,0.000000,0.127780,
haskell.1001.ground.smt2,,par_async,144,0,unsat,1.411339,0.061690,0.429700,0.464330,0.116810,0.000000,0.142880,
haskell.1002.ground.smt2,,nelson_topo_iter,1,0,unsat,1.171898,0.060490,0.481330,0.404940,0.031890,0.000000,0.002880,
haskell.1002.ground.smt2,,nelson_simple,1,0,unsat,1.083688,0.055400,0.400810,0.392340,0.035360,0.000000,0.002990,
haskell.1002.ground.smt2,,par_async,1,0,unsat,1.223741,0.055620,0.424980,0.432750,0.120880,0.000000,0.001590,
haskell.1002.ground.smt2,,par_async,2,0,unsat,1.613262,0.050780,0.732850,0.518120,0.116670,0.000000,0.002690,
haskell.1002.ground.smt2,,par_async,4,0,unsat,1.072001,0.049970,0.369830,0.376130,0.082050,0.000000,0.004390,
haskell.1002.ground.smt2,,par_async,8,0,unsat,1.119675,0.054640,0.408040,0.383010,0.072390,0.000000,0.012640,
haskell.1002.ground.smt2,,par_async,16,0,unsat,1.257240,0.053360,0.486960,0.413350,0.065530,0.000000,0.025390,
haskell.1002.ground.smt2,,par_async,32,0,unsat,1.612599,0.050340,0.774160,0.489750,0.071350,0.000000,0.034790,
haskell.1002.ground.smt2,,par_async,64,0,unsat,1.245739,0.054500,0.423240,0.421130,0.080470,0.000000,0.083560,
haskell.1002.ground.smt2,,par_async,128,0,unsat,1.620990,0.053610,0.476470,0.686720,0.093590,0.000000,0.130650,
haskell.1002.ground.smt2,,par_async,144,0,unsat,1.385441,0.057300,0.495250,0.444920,0.079780,0.000000,0.121890,
haskell.1003.ground.smt2,,nelson_topo_iter,1,0,unsat,1.414065,0.082830,0.584060,0.461540,0.057850,0.000000,0.002930,
haskell.1003.ground.smt2,,nelson_simple,1,0,unsat,1.369248,0.076480,0.537050,0.484480,0.039040,0.000000,0.003030,
haskell.1003.ground.smt2,,par_async,1,0,unsat,1.336224,0.077530,0.481560,0.443920,0.106170,0.000000,0.001610,
haskell.1003.ground.smt2,,par_async,2,0,unsat,1.828271,0.082940,0.862800,0.544080,0.104090,0.000000,0.002970,
haskell.1003.ground.smt2,,par_async,4,0,unsat,1.571744,0.076660,0.639550,0.528350,0.086800,0.000000,0.005180,
haskell.1003.ground.smt2,,par_async,8,0,unsat,1.832877,0.078890,0.879680,0.560610,0.070460,0.000000,0.011160,
haskell.1003.ground.smt2,,par_async,16,0,unsat,1.473903,0.078740,0.578590,0.463890,0.056870,0.000000,0.025530,
haskell.1003.ground.smt2,,par_async,32,0,unsat,1.457000,0.086990,0.554590,0.473660,0.051140,0.000000,0.040580,
haskell.1003.ground.smt2,,par_async,64,0,unsat,1.485437,0.079380,0.531900,0.474090,0.061440,0.000000,0.090250,
haskell.1003.ground.smt2,,par_async,128,0,unsat,1.572488,0.079070,0.541460,0.538070,0.067860,0.000000,0.132780,
haskell.1003.ground.smt2,,par_async,144,0,unsat,1.666108,0.077730,0.529350,0.613240,0.078700,0.000000,0.144430,
haskell.1004.ground.smt2,,nelson_topo_iter,1,0,unsat,1.309945,0.059330,0.534070,0.445510,0.048100,0.000000,0.003080,
haskell.1004.ground.smt2,,nelson_simple,1,0,unsat,1.264337,0.058280,0.470300,0.482510,0.040350,0.000000,0.003120,
haskell.1004.ground.smt2,,par_async,1,0,unsat,1.786195,0.058120,0.821540,0.540650,0.147330,0.000000,0.002150,
haskell.1004.ground.smt2,,par_async,2,0,unsat,1.291298,0.060040,0.484560,0.447540,0.089270,0.000000,0.002100,
haskell.1004.ground.smt2,,par_async,4,0,unsat,1.721090,0.081080,0.815900,0.509340,0.093640,0.000000,0.004940,
haskell.1004.ground.smt2,,par_async,8,0,unsat,1.275320,0.058830,0.481920,0.447740,0.067810,0.000000,0.010060,
haskell.1004.ground.smt2,,par_async,16,0,unsat,1.767618,0.076300,0.833360,0.534150,0.072770,0.000000,0.031590,
haskell.1004.ground.smt2,,par_async,32,0,unsat,1.467708,0.060130,0.562630,0.496650,0.071900,0.000000,0.047310,
haskell.1004.ground.smt2,,par_async,64,0,unsat,1.464113,0.060350,0.515270,0.468170,0.074870,0.000000,0.108100,
haskell.1004.ground.smt2,,par_async,128,0,unsat,1.505608,0.060150,0.498290,0.507970,0.090230,0.000000,0.134260,
haskell.1004.ground.smt2,,par_async,144,0,unsat,1.733113,0.065750,0.512140,0.717710,0.102030,0.000000,0.129640,
haskell.1005.ground.smt2,,nelson_topo_iter,1,0,unsat,1.649453,0.086530,0.630050,0.589570,0.091980,0.000000,0.004460,
haskell.1005.ground.smt2,,nelson_simple,1,0,unsat,1.368236,0.079170,0.481260,0.514300,0.055220,0.000000,0.004680,
haskell.1005.ground.smt2,,par_async,1,0,unsat,1.970903,0.088780,0.906450,0.576090,0.158850,0.000000,0.002390,
haskell.1005.ground.smt2,,par_async,2,0,unsat,1.921616,0.074450,0.904960,0.578630,0.121010,0.000000,0.003460,
haskell.1005.ground.smt2,,par_async,4,0,unsat,1.439418,0.079010,0.576760,0.468000,0.079470,0.000000,0.004140,
haskell.1005.ground.smt2,,par_async,8,0,unsat,1.545283,0.076140,0.580790,0.556790,0.083280,0.000000,0.010510,
haskell.1005.ground.smt2,,par_async,16,0,unsat,1.680761,0.078160,0.687820,0.547900,0.072540,0.000000,0.027210,
haskell.1005.ground.smt2,,par_async,32,0,unsat,1.446002,0.078500,0.482300,0.513910,0.067500,0.000000,0.063300,
haskell.1005.ground.smt2,,par_async,64,0,unsat,1.936273,0.089580,0.865280,0.569450,0.074490,0.000000,0.091020,
haskell.1005.ground.smt2,,par_async,128,0,unsat,1.777593,0.076820,0.688430,0.565160,0.082520,0.000000,0.130190,
haskell.1005.ground.smt2,,par_async,144,0,unsat,1.708794,0.079450,0.552650,0.631350,0.091420,0.000000,0.130790,
haskell.1006.ground.smt2,,nelson_topo_iter,1,0,unsat,1.332535,0.056120,0.524030,0.484180,0.055790,0.000000,0.003750,
haskell.1006.ground.smt2,,nelson_simple,1,0,unsat,1.176204,0.062300,0.431560,0.447110,0.037180,0.000000,0.002850,
haskell.1006.ground.smt2,,par_async,1,0,unsat,1.659099,0.055350,0.761390,0.521120,0.118640,0.000000,0.002000,
haskell.1006.ground.smt2,,par_async,2,0,unsat,1.114653,0.056840,0.410270,0.376320,0.072830,0.000000,0.002010,
haskell.1006.ground.smt2,,par_async,4,0,unsat,1.188580,0.055480,0.452780,0.423350,0.060720,0.000000,0.003360,
haskell.1006.ground.smt2,,par_async,8,0,unsat,1.278494,0.049850,0.512990,0.455700,0.055280,0.000000,0.010580,
haskell.1006.ground.smt2,,par_async,16,0,unsat,1.181622,0.056600,0.420350,0.435540,0.045500,0.000000,0.023710,
haskell.1006.ground.smt2,,par_async,32,0,unsat,1.424698,0.055010,0.533220,0.470470,0.058670,0.000000,0.036770,
haskell.1006.ground.smt2,,par_async,64,0,unsat,1.313964,0.059160,0.469680,0.442320,0.053740,0.000000,0.093110,
haskell.1006.ground.smt2,,par_async,128,0,unsat,1.271148,0.056400,0.409750,0.444850,0.061450,0.000000,0.111240,
haskell.1006.ground.smt2,,par_async,144,0,unsat,1.353582,0.054100,0.444090,0.483710,0.061770,0.000000,0.124420,
haskell.1007.ground.smt2,,nelson_topo_iter,1,0,unsat,1.177048,0.061290,0.455410,0.444420,0.024870,0.000000,0.002890,
haskell.1007.ground.smt2,,nelson_simple,1,0,unsat,1.568233,0.055760,0.716090,0.546280,0.045940,0.000000,0.004130,
haskell.1007.ground.smt2,,par_async,1,0,unsat,1.711834,0.056480,0.770410,0.514320,0.169520,0.000000,0.002100,
haskell.1007.ground.smt2,,par_async,2,0,unsat,1.227555,0.056770,0.434920,0.437180,0.104210,0.000000,0.002600,
haskell.1007.ground.smt2,,par_async,4,0,unsat,1.480256,0.054190,0.623180,0.498550,0.101950,0.000000,0.004890,
haskell.1007.ground.smt2,,par_async,8,0,unsat,1.508067,0.056370,0.659970,0.492090,0.089360,0.000000,0.011450,
haskell.1007.ground.smt2,,par_async,16,0,unsat,1.406358,0.055970,0.600590,0.446900,0.085040,0.000000,0.031430,
haskell.1007.ground.smt2,,par_async,32,0,unsat,1.250978,0.053640,0.474440,0.410990,0.065920,0.000000,0.052720,
haskell.1007.ground.smt2,,par_async,64,0,unsat,1.262936,0.054480,0.417080,0.427360,0.078080,0.000000,0.093350,
haskell.1007.ground.smt2,,par_async,128,0,unsat,1.596407,0.054820,0.485030,0.632240,0.100910,0.000000,0.137530,
haskell.1007.ground.smt2,,par_async,144,0,unsat,1.455397,0.058120,0.486550,0.493850,0.091330,0.000000,0.133150,
haskell.1008.ground.smt2,,nelson_topo_iter,1,0,unsat,1.353810,0.077640,0.548020,0.463360,0.039290,0.000000,0.003240,
haskell.1008.ground.smt2,,nelson_simple,1,0,unsat,1.328373,0.078350,0.517420,0.482830,0.035160,0.000000,0.003310,
haskell.1008.ground.smt2,,par_async,1,0,unsat,1.335508,0.076750,0.434920,0.428250,0.179720,0.000000,0.001680,
haskell.1008.ground.smt2,,par_async,2,0,unsat,1.668045,0.071050,0.679840,0.537900,0.162300,0.000000,0.001540,
haskell.1008.ground.smt2,,par_async,4,0,unsat,1.252397,0.072330,0.422040,0.429910,0.114830,0.000000,0.001260,
haskell.1008.ground.smt2,,par_async,8,0,unsat,1.513134,0.078670,0.584430,0.512760,0.112330,0.000000,0.002150,
haskell.1008.ground.smt2,,par_async,16,0,unsat,1.484651,0.079270,0.564840,0.513430,0.096240,0.000000,0.001900,
haskell.1008.ground.smt2,,par_async,32,0,unsat,1.469008,0.077390,0.526290,0.522790,0.103310,0.000000,0.001940,
haskell.1008.ground.smt2,,par_async,64,0,unsat,1.419120,0.078690,0.535260,0.479200,0.106670,0.000000,0.002640,
haskell.1008.ground.smt2,,par_async,128,0,unsat,1.544814,0.077650,0.520470,0.588280,0.133380,0.000000,0.003710,
haskell.1008.ground.smt2,,par_async,144,0,unsat,1.455158,0.083220,0.506790,0.498630,0.126040,0.000000,0.003940,
haskell.1009.ground.smt2,,nelson_topo_iter,1,0,unsat,1.310264,0.075680,0.493110,0.475360,0.058570,0.000000,0.003020,
haskell.1009.ground.smt2,,nelson_simple,1,0,unsat,1.747029,0.095380,0.827580,0.540480,0.051840,0.000000,0.004310,
haskell.1009.ground.smt2,,par_async,1,0,unsat,1.333252,0.075770,0.498140,0.442740,0.107090,0.000000,0.001630,
haskell.1009.ground.smt2,,par_async,2,0,unsat,1.217295,0.075510,0.440680,0.406600,0.086200,0.000000,0.002050,
haskell.1009.ground.smt2,,par_async,4,0,unsat,1.267346,0.067420,0.483040,0.434430,0.070780,0.000000,0.004330,
haskell.1009.ground.smt2,,par_async,8,0,unsat,1.196498,0.068320,0.429550,0.417710,0.064020,0.000000,0.011160,
haskell.1009.ground.smt2,,par_async,16,0,unsat,1.271372,0.065650,0.471820,0.443600,0.055820,0.000000,0.026570,
haskell.1009.ground.smt2,,par_async,32,0,unsat,1.234966,0.074460,0.439650,0.416270,0.049800,0.000000,0.044340,
haskell.1009.ground.smt2,,par_async,64,0,unsat,1.365097,0.066930,0.472680,0.465890,0.066320,0.000000,0.090850,
haskell.1009.ground.smt2,,par_async,128,0,unsat,1.482478,0.073910,0.503720,0.509180,0.071370,0.000000,0.123600,
haskell.1009.ground.smt2,,par_async,144,0,unsat,1.461099,0.081720,0.479470,0.506290,0.069870,0.000000,0.120900,
haskell.101.ground.smt2,,nelson_topo_iter,1,0,unsat,0.016694,0.000460,0.002410,0.005670,0.000220,0.000000,0.000060,
haskell.101.ground.smt2,,nelson_simple,1,0,unsat,0.017879,0.000600,0.003180,0.004720,0.000160,0.000000,0.000060,
haskell.101.ground.smt2,,par_async,1,0,unsat,0.017508,0.000560,0.003190,0.005530,0.000350,0.000000,0.000030,
haskell.101.ground.smt2,,par_async,2,0,unsat,0.016661,0.000530,0.002960,0.005260,0.000330,0.000000,0.000040,
haskell.101.ground.smt2,,par_async,4,0,unsat,0.016735,0.000570,0.003140,0.005010,0.000350,0.000000,0.000040,
haskell.101.ground.smt2,,par_async,8,0,unsat,0.013646,0.000300,0.001690,0.003900,0.000380,0.000000,0.000050,
haskell.101.ground.smt2,,par_async,16,0,unsat,0.015249,0.000360,0.002090,0.005210,0.000400,0.000000,0.000060,
haskell.101.ground.smt2,,par_async,32,0,unsat,0.015700,0.000460,0.002260,0.004830,0.000410,0.000000,0.000070,
haskell.101.ground.smt2,,par_async,64,0,unsat,0.023677,0.000510,0.002570,0.010870,0.000530,0.000000,0.000640,
haskell.101.ground.smt2,,par_async,128,0,unsat,0.038751,0.000370,0.001800,0.026200,0.000850,0.000000,0.000140,
haskell.101.ground.smt2,,par_async,144,0,unsat,0.042171,0.000370,0.001920,0.025820,0.002880,0.000000,0.002700,
haskell.1010.ground.smt2,,nelson_topo_iter,1,0,unsat,1.247240,0.054920,0.485480,0.474360,0.043510,0.000000,0.003810,
haskell.1010.ground.smt2,,nelson_simple,1,0,unsat,1.032667,0.054180,0.378800,0.383650,0.026300,0.000000,0.002890,
haskell.1010.ground.smt2,,par_async,1,0,unsat,1.083402,0.051230,0.371560,0.358200,0.119140,0.000000,0.001480,
haskell.1010.ground.smt2,,par_async,2,0,unsat,1.111896,0.047050,0.365600,0.417900,0.100700,0.000000,0.001770,
haskell.1010.ground.smt2,,par_async,4,0,unsat,1.233423,0.051720,0.463040,0.429470,0.096870,0.000000,0.005140,
haskell.1010.ground.smt2,,par_async,8,0,unsat,1.549635,0.080900,0.723200,0.463110,0.083720,0.000000,0.012290,
haskell.1010.ground.smt2,,par_async,16,0,unsat,1.180997,0.054020,0.422710,0.360350,0.065220,0.000000,0.024870,
haskell.1010.ground.smt2,,par_async,32,0,unsat,1.168329,0.058800,0.433380,0.400120,0.063380,0.000010,0.031900,
haskell.1010.ground.smt2,,par_async,64,0,unsat,1.341293,0.046430,0.541280,0.417400,0.075230,0.000000,0.089360,
haskell.1010.ground.smt2,,par_async,128,0,unsat,1.289975,0.051150,0.453010,0.431450,0.080170,0.000000,0.108380,
haskell.1010.ground.smt2,,par_async,144,0,unsat,1.415467,0.047470,0.344400,0.635960,0.098050,0.000000,0.118280,
haskell.1011.ground.smt2,,nelson_topo_iter,1,0,unsat,1.370141,0.059130,0.573210,0.489590,0.042410,0.000000,0.003870,
haskell.1011.ground.smt2,,nelson_simple,1,0,unsat,1.475393,0.065350,0.637120,0.513870,0.044250,0.000000,0.004010,
haskell.1011.ground.smt2,,par_async,1,0,unsat,1.516002,0.058980,0.587140,0.482900,0.182640,0.000000,0.002080,
haskell.1011.ground.smt2,,par_async,2,0,unsat,1.169379,0.055150,0.419840,0.388460,0.108460,0.000000,0.002170,
haskell.1011.ground.smt2,,par_async,4,0,unsat,1.689862,0.075210,0.798680,0.495860,0.111170,0.000000,0.004870,
haskell.1011.ground.smt2,,par_async,8,0,unsat,1.219749,0.054350,0.430920,0.442640,0.083360,0.000000,0.010100,
haskell.1011.ground.smt2,,par_async,16,0,unsat,1.593902,0.055290,0.701540,0.500520,0.086460,0.000000,0.024090,
haskell.1011.ground.smt2,,par_async,32,0,unsat,1.422956,0.061310,0.565340,0.461680,0.082470,0.000000,0.046220,
haskell.1011.ground.smt2,,par_async,64,0,unsat,1.545956,0.058780,0.654960,0.461370,0.089970,0.000000,0.079880,
haskell.1011.ground.smt2,,par_async,128,0,unsat,1.463005,0.059180,0.532210,0.470060,0.091280,0.000000,0.122390,
haskell.1011.ground.smt2,,par_async,144,0,unsat,1.455628,0.058490,0.511580,0.470650,0.093090,0.000000,0.131860,
haskell.1013.ground.smt2,,nelson_topo_iter,1,0,unsat,1.298003,0.057180,0.522310,0.437420,0.060310,0.000000,0.003030,
haskell.1013.ground.smt2,,nelson_simple,1,0,unsat,1.253615,0.056000,0.457950,0.478180,0.043460,0.000000,0.003140,
haskell.1013.ground.smt2,,par_async,1,0,unsat,1.756000,0.053810,0.807270,0.542350,0.137860,0.000000,0.002210,
haskell.1013.ground.smt2,,par_async,2,0,unsat,1.303238,0.054960,0.443280,0.480230,0.099220,0.000000,0.003440,
haskell.1013.ground.smt2,,par_async,4,0,unsat,1.712837,0.080310,0.825330,0.508720,0.080790,0.000000,0.004810,
haskell.1013.ground.smt2,,par_async,8,0,unsat,1.295896,0.056470,0.520440,0.443060,0.060780,0.000000,0.010780,
haskell.1013.ground.smt2,,par_async,16,0,unsat,1.803662,0.083080,0.810670,0.510320,0.062250,0.000000,0.025570,
haskell.1013.ground.smt2,,par_async,32,0,unsat,1.490399,0.063780,0.622680,0.487900,0.062890,0.000000,0.040840,
haskell.1013.ground.smt2,,par_async,64,0,unsat,1.542401,0.058420,0.564490,0.519900,0.076530,0.000000,0.106190,
haskell.1013.ground.smt2,,par_async,128,0,unsat,1.582824,0.058470,0.552300,0.570320,0.074910,0.000000,0.124700,
haskell.1013.ground.smt2,,par_async,144,0,unsat,1.514522,0.063850,0.566530,0.479970,0.066210,0.000000,0.137090,
haskell.1014.ground.smt2,,nelson_topo_iter,1,0,unsat,1.455668,0.057000,0.557110,0.528600,0.091110,0.000000,0.004500,
haskell.1014.ground.smt2,,nelson_simple,1,0,unsat,1.732496,0.058870,0.812010,0.578920,0.055460,0.000000,0.004620,
haskell.1014.ground.smt2,,par_async,1,0,unsat,1.293004,0.058410,0.447690,0.477330,0.105230,0.000000,0.001710,
haskell.1014.ground.smt2,,par_async,2,0,unsat,1.751354,0.058250,0.828810,0.544780,0.105470,0.000000,0.003580,
haskell.1014.ground.smt2,,par_async,4,0,unsat,1.308464,0.059410,0.513680,0.455860,0.070760,0.000000,0.004820,
haskell.1014.ground.smt2,,par_async,8,0,unsat,1.706955,0.071750,0.811820,0.526880,0.071360,0.000000,0.011940,
haskell.1014.ground.smt2,,par_async,16,0,unsat,1.281994,0.060240,0.477550,0.456210,0.052180,0.000000,0.026470,
haskell.1014.ground.smt2,,par_async,32,0,unsat,1.780312,0.065900,0.815910,0.525510,0.059810,0.000000,0.041830,
haskell.1014.ground.smt2,,par_async,64,0,unsat,1.420094,0.059750,0.493280,0.477470,0.063830,0.000000,0.105720,
haskell.1014.ground.smt2,,par_async,128,0,unsat,1.442746,0.061380,0.485640,0.509670,0.066820,0.000000,0.128180,
haskell.1014.ground.smt2,,par_async,144,0,unsat,1.443364,0.062080,0.483590,0.495730,0.067650,0.000000,0.138300,
haskell.1015.ground.smt2,,nelson_topo_iter,1,0,unsat,1.195160,0.065360,0.437630,0.441120,0.037800,0.000000,0.003080,
haskell.1015.ground.smt2,,nelson_simple,1,0,unsat,1.303886,0.058730,0.511210,0.469740,0.038040,0.000000,0.003180,
haskell.1015.ground.smt2,,par_async,1,0,unsat,1.323949,0.059810,0.452630,0.423770,0.167850,0.000000,0.001650,
haskell.1015.ground.smt2,,par_async,2,0,unsat,1.754888,0.054780,0.763420,0.552160,0.161460,0.000000,0.002930,
haskell.1015.ground.smt2,,par_async,4,0,unsat,1.389649,0.059560,0.538810,0.458210,0.111960,0.000000,0.004640,
haskell.1015.ground.smt2,,par_async,8,0,unsat,1.269604,0.059400,0.447240,0.432190,0.103520,0.000000,0.011260,
haskell.1015.ground.smt2,,par_async,16,0,unsat,1.500100,0.058150,0.592230,0.502960,0.102660,0.000000,0.028170,
haskell.1015.ground.smt2,,par_async,32,0,unsat,1.397925,0.059150,0.538210,0.442760,0.088540,0.000000,0.051340,
haskell.1015.ground.smt2,,par_async,64,0,unsat,1.512196,0.058870,0.521090,0.481850,0.104720,0.000000,0.104560,
haskell.1015.ground.smt2,,par_async,128,0,unsat,1.757681,0.061730,0.519770,0.719890,0.121140,0.000000,0.139170,
haskell.1015.ground.smt2,,par_async,144,0,unsat,1.537665,0.064340,0.524330,0.503440,0.108540,0.000000,0.136390,
haskell.1016.ground.smt2,,nelson_topo_iter,1,0,unsat,0.972018,0.055270,0.341450,0.374580,0.023530,0.000000,0.002710,
haskell.1016.ground.smt2,,nelson_simple,1,0,unsat,1.503696,0.066830,0.716390,0.491490,0.033570,0.000000,0.003840,
haskell.1016.ground.smt2,,par_async,1,0,unsat,1.605664,0.069800,0.708760,0.472370,0.159900,0.000000,0.002000,
haskell.1016.ground.smt2,,par_async,2,0,unsat,1.059589,0.053930,0.376520,0.348470,0.098620,0.000000,0.002240,
haskell.1016.ground.smt2,,par_async,4,0,unsat,1.101035,0.050310,0.374950,0.409140,0.084730,0.000000,0.004280,
haskell.1016.ground.smt2,,par_async,8,0,unsat,1.102414,0.047270,0.385010,0.410990,0.071920,0.000000,0.010350,
haskell.1016.ground.smt2,,par_async,16,0,unsat,1.344330,0.050350,0.561490,0.443330,0.079880,0.000000,0.025770,
haskell.1016.ground.smt2,,par_async,32,0,unsat,1.126055,0.049470,0.370370,0.425310,0.065550,0.000000,0.037530,
haskell.1016.ground.smt2,,par_async,64,0,unsat,1.305897,0.051040,0.463130,0.454500,0.085220,0.000000,0.082340,
haskell.1016.ground.smt2,,par_async,128,0,unsat,1.230784,0.051500,0.396050,0.415200,0.082720,0.000000,0.113300,
haskell.1016.ground.smt2,,par_async,144,0,unsat,1.303561,0.051580,0.441420,0.412060,0.077940,0.000000,0.130130,
haskell.1017.ground.smt2,,nelson_topo_iter,1,0,unsat,1.488385,0.085410,0.569710,0.540590,0.043500,0.000000,0.003290,
haskell.1017.ground.smt2,,nelson_simple,1,0,unsat,1.510044,0.090410,0.570920,0.547900,0.036990,0.000000,0.003430,
haskell.1017.ground.smt2,,par_async,1,0,unsat,1.622997,0.083990,0.575270,0.523300,0.190380,0.000000,0.001830,
haskell.1017.ground.smt2,,par_async,2,0,unsat,1.790255,0.084490,0.675490,0.597900,0.175180,0.000000,0.001590,
haskell.1017.ground.smt2,,par_async,4,0,unsat,1.453014,0.082970,0.513140,0.498010,0.108820,0.000000,0.001260,
haskell.1017.ground.smt2,,par_async,8,0,unsat,1.471068,0.082880,0.539920,0.507500,0.087440,0.000000,0.001640,
haskell.1017.ground.smt2,,par_async,16,0,unsat,1.405411,0.084980,0.495980,0.499220,0.074240,0.000000,0.001760,
haskell.1017.ground.smt2,,par_async,32,0,unsat,1.881207,0.073680,0.836040,0.605550,0.085900,0.000000,0.002220,
haskell.1017.ground.smt2,,par_async,64,0,unsat,1.828216,0.084160,0.746780,0.618240,0.106190,0.000000,0.002910,
haskell.1017.ground.smt2,,par_async,128,0,unsat,1.915306,0.082670,0.593210,0.847790,0.114060,0.000000,0.002890,
haskell.1017.ground.smt2,,par_async,144,0,unsat,1.556657,0.085480,0.541270,0.560160,0.112330,0.000000,0.003850,
haskell.1019.ground.smt2,,nelson_topo_iter,1,0,unsat,0.016723,0.000600,0.002580,0.004700,0.000150,0.000000,0.000060,
haskell.1019.ground.smt2,,nelson_simple,1,0,unsat,0.017619,0.000500,0.002680,0.006390,0.000260,0.000000,0.000090,
haskell.1019.ground.smt2,,par_async,1,0,unsat,0.017233,0.000540,0.003040,0.006120,0.000340,0.000000,0.000040,
haskell.1019.ground.smt2,,par_async,2,0,unsat,0.014408,0.000470,0.002960,0.003230,0.000350,0.000000,0.000040,
haskell.1019.ground.smt2,,par_async,4,0,unsat,0.018044,0.000550,0.003220,0.006210,0.000340,0.000000,0.000040,
haskell.1019.ground.smt2,,par_async,8,0,unsat,0.016439,0.000460,0.002970,0.004800,0.000330,0.000000,0.000630,
haskell.1019.ground.smt2,,par_async,16,0,unsat,0.016432,0.000430,0.002170,0.006250,0.000360,0.000000,0.000420,
haskell.1019.ground.smt2,,par_async,32,0,unsat,0.019526,0.000600,0.003200,0.006810,0.000330,0.000000,0.000530,
haskell.1019.ground.smt2,,par_async,64,0,unsat,0.031629,0.000630,0.001880,0.019770,0.000510,0.000000,0.000320,
haskell.1019.ground.smt2,,par_async,128,0,unsat,0.030069,0.000270,0.001550,0.018220,0.001010,0.000000,0.001370,
haskell.1019.ground.smt2,,par_async,144,0,unsat,0.045239,0.000370,0.001840,0.023710,0.007070,0.000000,0.002510,
haskell.1020.ground.smt2,,nelson_topo_iter,1,0,unsat,2.011503,0.089130,0.945620,0.650360,0.041920,0.000000,0.004110,
haskell.1020.ground.smt2,,nelson_simple,1,0,unsat,2.047581,0.087080,0.953140,0.650050,0.074400,0.000000,0.004260,
haskell.1020.ground.smt2,,par_async,1,0,unsat,2.193192,0.085860,1.006050,0.607180,0.214710,0.000000,0.002240,
haskell.1020.ground.smt2,,par_async,2,0,unsat,1.519536,0.089990,0.526500,0.498330,0.127650,0.000000,0.002270,
haskell.1020.ground.smt2,,par_async,4,0,unsat,1.594439,0.082430,0.599380,0.529470,0.109720,0.000000,0.005010,
haskell.1020.ground.smt2,,par_async,8,0,unsat,1.664825,0.083270,0.674610,0.515490,0.102010,0.000000,0.011600,
haskell.1020.ground.smt2,,par_async,16,0,unsat,2.130974,0.082630,1.016860,0.601080,0.099900,0.000000,0.029400,
haskell.1020.ground.smt2,,par_async,32,0,unsat,1.549891,0.084680,0.544100,0.512660,0.085500,0.000000,0.047910,
haskell.1020.ground.smt2,,par_async,64,0,unsat,1.700868,0.081570,0.572640,0.558120,0.095710,0.000000,0.083130,
haskell.1020.ground.smt2,,par_async,128,0,unsat,1.815640,0.084280,0.674130,0.579460,0.106410,0.000000,0.118550,
haskell.1020.ground.smt2,,par_async,144,0,unsat,1.723163,0.085020,0.531180,0.625470,0.104290,0.000000,0.124470,
haskell.1021.ground.smt2,,nelson_topo_iter,1,0,unsat,1.944655,0.094370,0.803940,0.692320,0.050290,0.000000,0.003160,
haskell.1021.ground.smt2,,nelson_simple,1,0,unsat,1.713754,0.088690,0.685680,0.592550,0.045150,0.000000,0.003190,
haskell.1021.ground.smt2,,par_async,1,0,unsat,2.363715,0.109440,1.050840,0.677790,0.232270,0.000000,0.001730,
haskell.1021.ground.smt2,,par_async,2,0,unsat,2.103723,0.088490,0.857930,0.676080,0.155980,0.000000,0.001430,
haskell.1021.ground.smt2,,par_async,4,0,unsat,2.142723,0.091470,0.955170,0.672970,0.105540,0.000000,0.001310,
haskell.1021.ground.smt2,,par_async,8,0,unsat,1.619081,0.090050,0.587260,0.569750,0.067530,0.000000,0.001490,
haskell.1021.ground.smt2,,par_async,16,0,unsat,1.758773,0.088080,0.711620,0.575980,0.056350,0.000000,0.001700,
haskell.1021.ground.smt2,,par_async,32,0,unsat,2.204175,0.102590,1.071270,0.663270,0.065920,0.000000,0.001900,
haskell.1021.ground.smt2,,par_async,64,0,unsat,1.730361,0.088310,0.660460,0.600660,0.080220,0.000000,0.002930,
haskell.1021.ground.smt2,,par_async,128,0,unsat,2.118013,0.086340,0.910630,0.717170,0.100020,0.000000,0.002990,
haskell.1021.ground.smt2,,par_async,144,0,unsat,2.233371,0.139280,1.022910,0.668180,0.095180,0.000000,0.003060,
haskell.1022.ground.smt2,,nelson_topo_iter,1,0,unsat,1.793601,0.096030,0.722320,0.608710,0.075460,0.000000,0.003750,
haskell.1022.ground.smt2,,nelson_simple,1,0,unsat,1.669608,0.096370,0.606440,0.604040,0.056790,0.000000,0.003910,
haskell.1022.ground.smt2,,par_async,1,0,unsat,1.831095,0.094260,0.699730,0.590090,0.154550,0.000000,0.002040,
haskell.1022.ground.smt2,,par_async,2,0,unsat,1.691010,0.096370,0.601750,0.585620,0.115160,0.000000,0.001700,
haskell.1022.ground.smt2,,par_async,4,0,unsat,1.772327,0.096000,0.713800,0.580700,0.085040,0.000000,0.001330,
haskell.1022.ground.smt2,,par_async,8,0,unsat,2.261458,0.140940,1.047180,0.686720,0.080370,0.000000,0.002070,
haskell.1022.ground.smt2,,par_async,16,0,unsat,2.077363,0.093450,0.814850,0.686220,0.067340,0.000000,0.002040,
haskell.1022.ground.smt2,,par_async,32,0,unsat,2.173639,0.103090,0.985290,0.702480,0.069330,0.000000,0.002280,
haskell.1022.ground.smt2,,par_async,64,0,unsat,1.771418,0.100020,0.609670,0.682240,0.078520,0.000000,0.003470,
haskell.1022.ground.smt2,,par_async,128,0,unsat,2.015180,0.094670,0.799600,0.732420,0.090360,0.000000,0.003600,
haskell.1022.ground.smt2,,par_async,144,0,unsat,2.125984,0.097650,0.904160,0.721440,0.096730,0.000000,0.003660,
haskell.1023.ground.smt2,,nelson_topo_iter,1,0,unsat,1.731468,0.081540,0.776310,0.594590,0.038920,0.000000,0.004260,
haskell.1023.ground.smt2,,nelson_simple,1,0,unsat,1.345140,0.075450,0.511650,0.509740,0.025380,0.000000,0.003220,
haskell.1023.ground.smt2,,par_async,1,0,unsat,1.395404,0.076080,0.460070,0.455710,0.182490,0.000000,0.001690,
haskell.1023.ground.smt2,,par_async,2,0,unsat,1.932143,0.076540,0.880310,0.570600,0.173190,0.000000,0.001370,
haskell.1023.ground.smt2,,par_async,4,0,unsat,1.719131,0.076540,0.729470,0.557800,0.126730,0.000000,0.001250,
haskell.1023.ground.smt2,,par_async,8,0,unsat,1.370531,0.076080,0.512130,0.462270,0.095730,0.000000,0.001550,
haskell.1023.ground.smt2,,par_async,16,0,unsat,1.860284,0.075450,0.884510,0.563450,0.096180,0.000000,0.001880,
haskell.1023.ground.smt2,,par_async,32,0,unsat,1.587944,0.075160,0.644470,0.538790,0.096020,0.000000,0.001890,
haskell.1023.ground.smt2,,par_async,64,0,unsat,1.635256,0.076820,0.690020,0.525340,0.107880,0.000000,0.002620,
haskell.1023.ground.smt2,,par_async,128,0,unsat,1.425773,0.076290,0.478260,0.517980,0.121530,0.000000,0.002700,
haskell.1023.ground.smt2,,par_async,144,0,unsat,1.885166,0.074110,0.743220,0.671870,0.141920,0.000000,0.003070,
haskell.1024.ground.smt2,,nelson_topo_iter,1,0,unsat,1.616816,0.083070,0.674390,0.572670,0.043630,0.000000,0.004010,
haskell.1024.ground.smt2,,nelson_simple,1,0,unsat,1.879082,0.091060,0.914940,0.585190,0.031410,0.000000,0.004230,
haskell.1024.ground.smt2,,par_async,1,0,unsat,1.810722,0.085600,0.719390,0.555420,0.208650,0.000000,0.002170,
haskell.1024.ground.smt2,,par_async,2,0,unsat,1.468593,0.084680,0.529140,0.492050,0.122630,0.000000,0.002520,
haskell.1024.ground.smt2,,par_async,4,0,unsat,1.372582,0.084100,0.491000,0.455130,0.105270,0.000000,0.004750,
haskell.1024.ground.smt2,,par_async,8,0,unsat,1.928791,0.104320,0.905010,0.544580,0.109700,0.000000,0.012080,
haskell.1024.ground.smt2,,par_async,16,0,unsat,1.495875,0.080490,0.580360,0.463980,0.084820,0.000000,0.027500,
haskell.1024.ground.smt2,,par_async,32,0,unsat,1.468659,0.082040,0.575200,0.462930,0.078170,0.000000,0.038640,
haskell.1024.ground.smt2,,par_async,64,0,unsat,1.755298,0.082010,0.691870,0.556470,0.100530,0.000000,0.089630,
haskell.1024.ground.smt2,,par_async,128,0,unsat,1.652302,0.081880,0.551390,0.557730,0.099200,0.000000,0.142460,
haskell.1024.ground.smt2,,par_async,144,0,unsat,1.767528,0.082070,0.586580,0.612520,0.109920,0.000000,0.146250,
haskell.1025.ground.smt2,,nelson_topo_iter,1,0,unsat,0.015379,0.000490,0.002080,0.005140,0.000160,0.000000,0.000050,
haskell.1025.ground.smt2,,nelson_simple,1,0,unsat,0.017563,0.000520,0.002800,0.006620,0.000270,0.000000,0.000070,
haskell.1025.ground.smt2,,par_async,1,0,unsat,0.015655,0.000530,0.003040,0.005110,0.000380,0.000000,0.000030,
haskell.1025.ground.smt2,,par_async,2,0,unsat,0.013223,0.000510,0.001780,0.003400,0.000340,0.000000,0.000120,
haskell.1025.ground.smt2,,par_async,4,0,unsat,0.014663,0.000460,0.002300,0.005680,0.000400,0.000000,0.000120,
haskell.1025.ground.smt2,,par_async,8,0,unsat,0.014579,0.000420,0.001920,0.004260,0.000380,0.000000,0.000330,
haskell.1025.ground.smt2,,par_async,16,0,unsat,0.013643,0.000300,0.001810,0.004470,0.000340,0.000000,0.000420,
haskell.1025.ground.smt2,,par_async,32,0,unsat,0.018690,0.000500,0.002910,0.007570,0.000350,0.000000,0.000480,
haskell.1025.ground.smt2,,par_async,64,0,unsat,0.024267,0.000630,0.001740,0.012650,0.000470,0.000000,0.000470,
haskell.1025.ground.smt2,,par_async,128,0,unsat,0.033038,0.000350,0.001840,0.018550,0.002970,0.000000,0.001050,
haskell.1025.ground.smt2,,par_async,144,0,unsat,0.034066,0.000400,0.001760,0.020320,0.000690,0.000000,0.001450,
haskell.1026.ground.smt2,,nelson_topo_iter,1,0,unsat,1.573164,0.087530,0.662780,0.540040,0.030470,0.000000,0.003380,
haskell.1026.ground.smt2,,nelson_simple,1,0,unsat,1.796023,0.084650,0.753510,0.647800,0.037450,0.000000,0.004800,
haskell.1026.ground.smt2,,par_async,1,0,unsat,1.569160,0.075470,0.530940,0.520740,0.186180,0.000000,0.001850,
haskell.1026.ground.smt2,,par_async,2,0,unsat,1.611332,0.085810,0.604800,0.536320,0.127700,0.000000,0.001910,
haskell.1026.ground.smt2,,par_async,4,0,unsat,1.799589,0.087450,0.758870,0.611970,0.080470,0.000000,0.001400,
haskell.1026.ground.smt2,,par_async,8,0,unsat,1.542907,0.086550,0.606540,0.546030,0.045700,0.000000,0.001510,
haskell.1026.ground.smt2,,par_async,16,0,unsat,1.674133,0.087440,0.596210,0.586100,0.034310,0.000000,0.001730,
haskell.1026.ground.smt2,,par_async,32,0,unsat,1.810607,0.090150,0.787070,0.619240,0.037930,0.000000,0.002040,
haskell.1026.ground.smt2,,par_async,64,0,unsat,1.701053,0.087770,0.624260,0.565690,0.046130,0.000000,0.002790,
haskell.1026.ground.smt2,,par_async,128,0,unsat,2.228759,0.092990,0.914520,0.884610,0.063030,0.000000,0.003100,
haskell.1026.ground.smt2,,par_async,144,0,unsat,1.740834,0.093600,0.561020,0.740290,0.068290,0.000000,0.003300,
haskell.1027.ground.smt2,,nelson_topo_iter,1,0,unsat,1.905498,0.092010,0.805170,0.679060,0.043070,0.000000,0.004040,
haskell.1027.ground.smt2,,nelson_simple,1,0,unsat,1.659061,0.093790,0.673010,0.574680,0.031880,0.000000,0.003580,
haskell.1027.ground.smt2,,par_async,1,0,unsat,2.305805,0.082960,0.942070,0.679750,0.319410,0.000000,0.002590,
haskell.1027.ground.smt2,,par_async,2,0,unsat,1.754886,0.091740,0.664340,0.558120,0.153480,0.000000,0.001550,
haskell.1027.ground.smt2,,par_async,4,0,unsat,2.188990,0.100500,1.043250,0.644000,0.106450,0.000000,0.001490,
haskell.1027.ground.smt2,,par_async,8,0,unsat,1.674967,0.092530,0.662200,0.568800,0.071360,0.000000,0.001650,
haskell.1027.ground.smt2,,par_async,16,0,unsat,1.822924,0.091610,0.762900,0.636570,0.052790,0.000000,0.002090,
haskell.1027.ground.smt2,,par_async,32,0,unsat,1.712146,0.093750,0.674090,0.606300,0.052100,0.000000,0.001910,
haskell.1027.ground.smt2,,par_async,64,0,unsat,1.904060,0.089400,0.833720,0.634190,0.063300,0.000000,0.003170,
haskell.1027.ground.smt2,,par_async,128,0,unsat,1.785036,0.092060,0.722630,0.612380,0.075300,0.000000,0.003040,
haskell.1027.ground.smt2,,par_async,144,0,unsat,1.705402,0.097130,0.577380,0.665530,0.080780,0.000000,0.003340,
haskell.1029.ground.smt2,,nelson_topo_iter,1,0,unsat,1.567856,0.088380,0.642470,0.529010,0.034100,0.000000,0.003000,
haskell.1029.ground.smt2,,nelson_simple,1,0,unsat,1.789587,0.080930,0.739310,0.624090,0.063650,0.000000,0.004250,
haskell.1029.ground.smt2,,par_async,1,0,unsat,1.565492,0.082400,0.536410,0.503660,0.163260,0.000000,0.001660,
haskell.1029.ground.smt2,,par_async,2,0,unsat,1.592171,0.080910,0.597500,0.519360,0.122220,0.000000,0.002520,
haskell.1029.ground.smt2,,par_async,4,0,unsat,1.573908,0.072210,0.622530,0.507370,0.107260,0.000000,0.005110,
haskell.1029.ground.smt2,,par_async,8,0,unsat,1.911114,0.082250,0.820650,0.606580,0.111000,0.000000,0.012530,
haskell.1029.ground.smt2,,par_async,16,0,unsat,1.723932,0.081500,0.707570,0.534750,0.097760,0.000000,0.029270,
haskell.1029.ground.smt2,,par_async,32,0,unsat,2.092200,0.091210,0.992020,0.591780,0.096240,0.000000,0.046530,
haskell.1029.ground.smt2,,par_async,64,0,unsat,1.653499,0.080670,0.556510,0.548360,0.099230,0.000000,0.088490,
haskell.1029.ground.smt2,,par_async,128,0,unsat,1.846871,0.076160,0.600000,0.652370,0.115730,0.000000,0.136680,
haskell.1029.ground.smt2,,par_async,144,0,unsat,1.726338,0.072800,0.521220,0.604500,0.103200,0.000000,0.136910,
haskell.103.ground.smt2,,nelson_topo_iter,1,0,unsat,0.019699,0.000700,0.004090,0.005050,0.000250,0.000000,0.000080,
haskell.103.ground.smt2,,nelson_simple,1,0,unsat,0.019426,0.000650,0.004110,0.006190,0.000280,0.000000,0.000060,
haskell.103.ground.smt2,,par_async,1,0,unsat,0.018550,0.000630,0.003830,0.006240,0.000430,0.000000,0.000050,
haskell.103.ground.smt2,,par_async,2,0,unsat,0.015330,0.000390,0.002550,0.004620,0.000570,0.000000,0.000050,
haskell.103.ground.smt2,,par_async,4,0,unsat,0.014551,0.000510,0.002800,0.003690,0.000450,0.000000,0.000120,
haskell.103.ground.smt2,,par_async,8,0,unsat,0.019553,0.000660,0.004110,0.006320,0.000390,0.000000,0.000370,
haskell.103.ground.smt2,,par_async,16,0,unsat,0.016518,0.000540,0.003340,0.004360,0.000390,0.000000,0.000320,
haskell.103.ground.smt2,,par_async,32,0,unsat,0.019365,0.000630,0.003130,0.006940,0.000400,0.000000,0.000310,
haskell.103.ground.smt2,,par_async,64,0,unsat,0.030088,0.000530,0.003180,0.017050,0.000630,0.000000,0.000200,
haskell.103.ground.smt2,,par_async,128,0,unsat,0.035415,0.000380,0.002090,0.022320,0.001230,0.000000,0.001200,
haskell.103.ground.smt2,,par_async,144,0,unsat,0.036501,0.000430,0.002120,0.022810,0.000940,0.000000,0.000420,
haskell.1030.ground.smt2,,nelson_topo_iter,1,0,unsat,1.515987,0.086250,0.564130,0.559580,0.040750,0.000000,0.003430,
haskell.1030.ground.smt2,,nelson_simple,1,0,unsat,1.505091,0.090940,0.544670,0.557200,0.031060,0.000000,0.003480,
haskell.1030.ground.smt2,,par_async,1,0,unsat,1.698343,0.084040,0.555170,0.543850,0.243260,0.000000,0.001890,
haskell.1030.ground.smt2,,par_async,2,0,unsat,1.686907,0.083170,0.646590,0.542930,0.148200,0.000000,0.001520,
haskell.1030.ground.smt2,,par_async,4,0,unsat,2.125592,0.091190,1.023170,0.635910,0.100610,0.000000,0.001360,
haskell.1030.ground.smt2,,par_async,8,0,unsat,1.537785,0.083830,0.567250,0.559380,0.054320,0.000000,0.001610,
haskell.1030.ground.smt2,,par_async,16,0,unsat,1.505150,0.084370,0.553670,0.542860,0.043470,0.000000,0.001900,
haskell.1030.ground.smt2,,par_async,32,0,unsat,1.700678,0.082750,0.637090,0.564020,0.045220,0.000000,0.001910,
haskell.1030.ground.smt2,,par_async,64,0,unsat,1.972665,0.088760,0.860670,0.668430,0.057650,0.000000,0.003400,
haskell.1030.ground.smt2,,par_async,128,0,unsat,1.886297,0.086620,0.804880,0.649290,0.068370,0.000000,0.003290,
haskell.1030.ground.smt2,,par_async,144,0,unsat,1.854451,0.089460,0.654440,0.758070,0.071800,0.000000,0.003120,
haskell.1031.ground.smt2,,nelson_topo_iter,1,0,unsat,1.328523,0.083050,0.499900,0.479800,0.037510,0.000000,0.003310,
haskell.1031.ground.smt2,,nelson_simple,1,0,unsat,1.847519,0.084090,0.852210,0.616590,0.047990,0.000000,0.004490,
haskell.1031.ground.smt2,,par_async,1,0,unsat,1.525437,0.089950,0.532870,0.492890,0.177590,0.000000,0.001800,
haskell.1031.ground.smt2,,par_async,2,0,unsat,1.477905,0.080680,0.556980,0.478810,0.131450,0.000000,0.001350,
haskell.1031.ground.smt2,,par_async,4,0,unsat,1.487594,0.080240,0.578430,0.481190,0.112530,0.000000,0.001100,
haskell.1031.ground.smt2,,par_async,8,0,unsat,1.442009,0.081950,0.537370,0.486720,0.096390,0.000000,0.001460,
haskell.1031.ground.smt2,,par_async,16,0,unsat,1.465682,0.080500,0.575820,0.492440,0.082540,0.000000,0.001700,
haskell.1031.ground.smt2,,par_async,32,0,unsat,1.449592,0.081950,0.537730,0.504100,0.085590,0.000000,0.001740,
haskell.1031.ground.smt2,,par_async,64,0,unsat,1.475644,0.081240,0.500400,0.537520,0.111410,0.000000,0.002760,
haskell.1031.ground.smt2,,par_async,128,0,unsat,1.483598,0.082070,0.499650,0.541510,0.124630,0.000000,0.002910,
haskell.1031.ground.smt2,,par_async,144,0,unsat,1.491618,0.083470,0.494950,0.548520,0.128780,0.000000,0.003850,
haskell.1032.ground.smt2,,nelson_topo_iter,1,0,unsat,1.345014,0.085970,0.503670,0.478180,0.035620,0.000000,0.003130,
haskell.1032.ground.smt2,,nelson_simple,1,0,unsat,1.825219,0.076760,0.834340,0.609950,0.051510,0.000000,0.004270,
haskell.1032.ground.smt2,,par_async,1,0,unsat,1.502191,0.077410,0.542330,0.494080,0.148830,0.000000,0.001620,
haskell.1032.ground.smt2,,par_async,2,0,unsat,1.479334,0.076300,0.542370,0.491780,0.116420,0.000000,0.002040,
haskell.1032.ground.smt2,,par_async,4,0,unsat,1.436257,0.068720,0.518250,0.503430,0.097830,0.000000,0.004590,
haskell.1032.ground.smt2,,par_async,8,0,unsat,1.346831,0.070860,0.462070,0.469810,0.090830,0.000000,0.011390,
haskell.1032.ground.smt2,,par_async,16,0,unsat,1.963798,0.083320,0.923940,0.557650,0.094130,0.000000,0.026750,
haskell.1032.ground.smt2,,par_async,32,0,unsat,1.890682,0.075680,0.836450,0.575180,0.094750,0.000000,0.062000,
haskell.1032.ground.smt2,,par_async,64,0,unsat,1.757800,0.078340,0.689450,0.554270,0.092890,0.000000,0.091790,
haskell.1032.ground.smt2,,par_async,128,0,unsat,1.574150,0.077970,0.495260,0.549130,0.097810,0.000000,0.123960,
haskell.1032.ground.smt2,,par_async,144,0,unsat,1.719217,0.083800,0.543300,0.600330,0.110290,0.000000,0.150530,
haskell.1033.ground.smt2,,nelson_topo_iter,1,0,unsat,0.017780,0.000620,0.003000,0.004740,0.000160,0.000000,0.000060,
haskell.1033.ground.smt2,,nelson_simple,1,0,unsat,0.016802,0.000460,0.002460,0.005910,0.000230,0.000000,0.000080,
haskell.1033.ground.smt2,,par_async,1,0,unsat,0.017874,0.000530,0.003040,0.006460,0.000360,0.000000,0.000030,
haskell.1033.ground.smt2,,par_async,2,0,unsat,0.014547,0.000480,0.002940,0.003250,0.000440,0.000000,0.000030,
haskell.1033.ground.smt2,,par_async,4,0,unsat,0.015066,0.000480,0.002920,0.003920,0.000330,0.000000,0.000110,
haskell.1033.ground.smt2,,par_async,8,0,unsat,0.018849,0.000520,0.003050,0.006750,0.000340,0.000000,0.000630,
haskell.1033.ground.smt2,,par_async,16,0,unsat,0.018734,0.000570,0.003220,0.006270,0.000340,0.000000,0.000440,
haskell.1033.ground.smt2,,par_async,32,0,unsat,0.016204,0.000460,0.002750,0.004850,0.000340,0.000000,0.000570,
haskell.1033.ground.smt2,,par_async,64,0,unsat,0.025917,0.000260,0.001550,0.017440,0.000380,0.000000,0.000840,
haskell.1033.ground.smt2,,par_async,128,0,unsat,0.036374,0.000340,0.001830,0.023400,0.000850,0.000000,0.000610,
haskell.1033.ground.smt2,,par_async,144,0,unsat,0.035442,0.000340,0.001810,0.021090,0.002860,0.000000,0.000570,
haskell.1034.ground.smt2,,nelson_topo_iter,1,0,unsat,1.224945,0.055040,0.476560,0.468820,0.035140,0.000000,0.003060,
haskell.1034.ground.smt2,,nelson_simple,1,0,unsat,1.452359,0.056120,0.613960,0.516980,0.062080,0.000000,0.004120,
haskell.1034.ground.smt2,,par_async,1,0,unsat,1.307965,0.053330,0.495820,0.422770,0.142630,0.000000,0.001550,
haskell.1034.ground.smt2,,par_async,2,0,unsat,1.169829,0.055190,0.408670,0.388730,0.118320,0.000000,0.002270,
haskell.1034.ground.smt2,,par_async,4,0,unsat,1.198384,0.050010,0.427360,0.427990,0.096380,0.000000,0.004310,
haskell.1034.ground.smt2,,par_async,8,0,unsat,1.629621,0.048840,0.770040,0.510280,0.095720,0.000000,0.010040,
haskell.1034.ground.smt2,,par_async,16,0,unsat,1.155864,0.055850,0.407820,0.390960,0.079350,0.000000,0.026800,
haskell.1034.ground.smt2,,par_async,32,0,unsat,1.266355,0.055480,0.482310,0.419610,0.074290,0.000000,0.037130,
haskell.1034.ground.smt2,,par_async,64,0,unsat,1.301627,0.056280,0.443720,0.424150,0.091180,0.000000,0.097800,
haskell.1034.ground.smt2,,par_async,128,0,unsat,1.677927,0.054160,0.485830,0.702060,0.114010,0.000000,0.135420,
haskell.1034.ground.smt2,,par_async,144,0,unsat,1.511709,0.065220,0.576800,0.454990,0.093550,0.000000,0.135990,
haskell.1035.ground.smt2,,nelson_topo_iter,1,0,unsat,1.436836,0.065420,0.553130,0.520210,0.092390,0.000000,0.004430,
haskell.1035.ground.smt2,,nelson_simple,1,0,unsat,1.691952,0.058120,0.798110,0.559470,0.060910,0.000000,0.004560,
haskell.1035.ground.smt2,,par_async,1,0,unsat,1.280530,0.058400,0.440690,0.470920,0.113500,0.000000,0.001750,
haskell.1035.ground.smt2,,par_async,2,0,unsat,1.693872,0.054510,0.785080,0.541480,0.109140,0.000000,0.002900,
haskell.1035.ground.smt2,,par_async,4,0,unsat,1.285773,0.058730,0.477300,0.465630,0.081430,0.000000,0.005180,
haskell.1035.ground.smt2,,par_async,8,0,unsat,1.656707,0.055830,0.775800,0.542900,0.070160,0.000000,0.012410,
haskell.1035.ground.smt2,,par_async,16,0,unsat,1.161271,0.053490,0.393320,0.422420,0.061730,0.000000,0.031410,
haskell.1035.ground.smt2,,par_async,32,0,unsat,1.253209,0.051110,0.428240,0.468590,0.059100,0.000000,0.048030,
haskell.1035.ground.smt2,,par_async,64,0,unsat,1.755005,0.054130,0.801580,0.518170,0.079560,0.000000,0.101470,
haskell.1035.ground.smt2,,par_async,128,0,unsat,1.637197,0.057410,0.495050,0.679950,0.085480,0.000000,0.127620,
haskell.1035.ground.smt2,,par_async,144,0,unsat,1.497180,0.062850,0.499840,0.516460,0.071370,0.000000,0.159100,
haskell.1036.ground.smt2,,nelson_topo_iter,1,0,unsat,1.404815,0.080950,0.563480,0.483860,0.035210,0.000000,0.004740,
haskell.1036.ground.smt2,,nelson_simple,1,0,unsat,1.552565,0.078630,0.588090,0.575420,0.053010,0.000000,0.004230,
haskell.1036.ground.smt2,,par_async,1,0,unsat,1.740818,0.079850,0.673850,0.547100,0.197060,0.000000,0.002210,
haskell.1036.ground.smt2,,par_async,2,0,unsat,1.366751,0.077360,0.477260,0.449770,0.120080,0.000000,0.002430,
haskell.1036.ground.smt2,,par_async,4,0,unsat,1.854181,0.075900,0.826470,0.575090,0.125520,0.000000,0.005210,
haskell.1036.ground.smt2,,par_async,8,0,unsat,1.444295,0.078430,0.549380,0.473640,0.085490,0.000000,0.011340,
haskell.1036.ground.smt2,,par_async,16,0,unsat,1.602012,0.077590,0.588470,0.476960,0.083610,0.000000,0.025660,
haskell.1036.ground.smt2,,par_async,32,0,unsat,1.690272,0.084620,0.688300,0.533140,0.088370,0.000000,0.041480,
haskell.1036.ground.smt2,,par_async,64,0,unsat,1.490684,0.080280,0.497210,0.490040,0.099000,0.000000,0.091520,
haskell.1036.ground.smt2,,par_async,128,0,unsat,1.906976,0.097240,0.771440,0.575610,0.097010,0.000000,0.138720,
haskell.1036.ground.smt2,,par_async,144,0,unsat,1.720165,0.083540,0.625070,0.544130,0.097700,0.000000,0.140370,
haskell.1037.ground.smt2,,nelson_topo_iter,1,0,unsat,1.620577,0.090860,0.633640,0.571910,0.041930,0.000000,0.003120,
haskell.1037.ground.smt2,,nelson_simple,1,0,unsat,1.636230,0.100860,0.647260,0.556030,0.050150,0.000000,0.003240,
haskell.1037.ground.smt2,,par_async,1,0,unsat,2.310638,0.095360,1.032680,0.640230,0.268380,0.000000,0.002370,
haskell.1037.ground.smt2,,par_async,2,0,unsat,1.705686,0.090590,0.639120,0.551400,0.150490,0.000000,0.001390,
haskell.1037.ground.smt2,,par_async,4,0,unsat,2.026351,0.089200,0.875810,0.645590,0.134650,0.000000,0.001400,
haskell.1037.ground.smt2,,par_async,8,0,unsat,2.154107,0.097810,1.038640,0.630270,0.105330,0.000000,0.001770,
haskell.1037.ground.smt2,,par_async,16,0,unsat,1.674120,0.091440,0.660750,0.565440,0.078330,0.000000,0.001720,
haskell.1037.ground.smt2,,par_async,32,0,unsat,1.631564,0.087730,0.654860,0.538220,0.077660,0.000000,0.001850,
haskell.1037.ground.smt2,,par_async,64,0,unsat,2.192076,0.088300,0.989340,0.699230,0.111210,0.000000,0.002710,
haskell.1037.ground.smt2,,par_async,128,0,unsat,1.760819,0.091070,0.575950,0.678850,0.130480,0.000000,0.002840,
haskell.1037.ground.smt2,,par_async,144,0,unsat,1.950576,0.098040,0.791400,0.652060,0.116870,0.000000,0.003730,
haskell.1038.ground.smt2,,nelson_topo_iter,1,0,unsat,1.756447,0.086180,0.744860,0.615420,0.055950,0.000000,0.004410,
haskell.1038.ground.smt2,,nelson_simple,1,0,unsat,1.398856,0.078470,0.501910,0.517480,0.038300,0.000000,0.003360,
haskell.1038.ground.smt2,,par_async,1,0,unsat,2.172159,0.096680,0.964600,0.596740,0.259060,0.000000,0.002390,
haskell.1038.ground.smt2,,par_async,2,0,unsat,1.577547,0.086480,0.565810,0.528370,0.146120,0.000000,0.001410,
haskell.1038.ground.smt2,,par_async,4,0,unsat,1.548533,0.084980,0.581470,0.512420,0.110970,0.000000,0.001260,
haskell.1038.ground.smt2,,par_async,8,0,unsat,1.706063,0.083090,0.673390,0.586050,0.102660,0.000000,0.001780,
haskell.1038.ground.smt2,,par_async,16,0,unsat,1.998279,0.105440,0.957670,0.577800,0.087340,0.000000,0.001940,
haskell.1038.ground.smt2,,par_async,32,0,unsat,2.013534,0.105500,0.959850,0.583320,0.091260,0.000000,0.001920,
haskell.1038.ground.smt2,,par_async,64,0,unsat,2.072466,0.108870,0.950450,0.616770,0.118350,0.000000,0.003210,
haskell.1038.ground.smt2,,par_async,128,0,unsat,1.567217,0.087520,0.531940,0.572130,0.121490,0.000000,0.002840,
haskell.1038.ground.smt2,,par_async,144,0,unsat,1.756779,0.087980,0.587820,0.697380,0.129480,0.000000,0.003300,
haskell.1039.ground.smt2,,nelson_topo_iter,1,0,unsat,1.832544,0.081400,0.767730,0.656010,0.056220,0.000000,0.004080,
haskell.1039.ground.smt2,,nelson_simple,1,0,unsat,1.594239,0.082950,0.616720,0.568180,0.043300,0.000000,0.005110,
haskell.1039.ground.smt2,,par_async,1,0,unsat,1.929990,0.083960,0.745420,0.630730,0.202560,0.000000,0.001800,
haskell.1039.ground.smt2,,par_async,2,0,unsat,1.649632,0.085170,0.650500,0.532260,0.113580,0.000000,0.001480,
haskell.1039.ground.smt2,,par_async,4,0,unsat,2.081396,0.083440,1.002490,0.633870,0.087480,0.000000,0.001360,
haskell.1039.ground.smt2,,par_async,8,0,unsat,2.075939,0.101930,0.994330,0.619380,0.069300,0.000000,0.001770,
haskell.1039.ground.smt2,,par_async,16,0,unsat,1.479500,0.083820,0.534180,0.531210,0.051490,0.000000,0.001810,
haskell.1039.ground.smt2,,par_async,32,0,unsat,1.499638,0.082880,0.554410,0.533740,0.051420,0.000000,0.001930,
haskell.1039.ground.smt2,,par_async,64,0,unsat,1.569242,0.081420,0.542390,0.589620,0.068660,0.000000,0.003000,
haskell.1039.ground.smt2,,par_async,128,0,unsat,1.727388,0.082980,0.548580,0.647340,0.088300,0.000000,0.003030,
haskell.1039.ground.smt2,,par_async,144,0,unsat,1.990445,0.091330,0.846600,0.673700,0.093360,0.000000,0.003370,
haskell.104.ground.smt2,,nelson_topo_iter,1,0,unsat,0.018669,0.000640,0.003480,0.005160,0.000180,0.000000,0.000060,
haskell.104.ground.smt2,,nelson_simple,1,0,unsat,0.018115,0.000580,0.003490,0.005730,0.000200,0.000000,0.000060,
haskell.104.ground.smt2,,par_async,1,0,unsat,0.018408,0.000600,0.003500,0.006200,0.000370,0.000000,0.000040,
haskell.104.ground.smt2,,par_async,2,0,unsat,0.018799,0.000550,0.003250,0.006980,0.000360,0.000000,0.000040,
haskell.104.ground.smt2,,par_async,4,0,unsat,0.015029,0.000480,0.003170,0.003480,0.000370,0.000000,0.000110,
haskell.104.ground.smt2,,par_async,8,0,unsat,0.018797,0.000560,0.003280,0.006380,0.000380,0.000000,0.000210,
haskell.104.ground.smt2,,par_async,16,0,unsat,0.016240,0.000470,0.003170,0.004670,0.000350,0.000000,0.000170,
haskell.104.ground.smt2,,par_async,32,0,unsat,0.018315,0.000400,0.002080,0.006990,0.000380,0.000000,0.000220,
haskell.104.ground.smt2,,par_async,64,0,unsat,0.031022,0.000600,0.002430,0.018060,0.000550,0.000000,0.000830,
haskell.104.ground.smt2,,par_async,128,0,unsat,0.034705,0.000290,0.001960,0.017320,0.005990,0.000000,0.001070,
haskell.104.ground.smt2,,par_async,144,0,unsat,0.037319,0.000400,0.003940,0.020850,0.000930,0.000000,0.000790,
haskell.1040.ground.smt2,,nelson_topo_iter,1,0,unsat,0.013715,0.000520,0.002010,0.003540,0.000160,0.000000,0.000060,
haskell.1040.ground.smt2,,nelson_simple,1,0,unsat,0.016177,0.000580,0.003120,0.004820,0.000170,0.000000,0.000050,
haskell.1040.ground.smt2,,par_async,1,0,unsat,0.014287,0.000470,0.003030,0.003260,0.000340,0.000000,0.000030,
haskell.1040.ground.smt2,,par_async,2,0,unsat,0.013109,0.000510,0.001640,0.003360,0.000340,0.000000,0.000040,
haskell.1040.ground.smt2,,par_async,4,0,unsat,0.017491,0.000540,0.003080,0.005990,0.000350,0.000000,0.000040,
haskell.1040.ground.smt2,,par_async,8,0,unsat,0.018897,0.000540,0.003060,0.006810,0.000320,0.000000,0.000630,
haskell.1040.ground.smt2,,par_async,16,0,unsat,0.018260,0.000530,0.003050,0.006370,0.000350,0.000000,0.000170,
haskell.1040.ground.smt2,,par_async,32,0,unsat,0.016265,0.000300,0.001640,0.005700,0.000340,0.000000,0.000570,
haskell.1040.ground.smt2,,par_async,64,0,unsat,0.020402,0.000270,0.001600,0.009200,0.001040,0.000000,0.000700,
haskell.1040.ground.smt2,,par_async,128,0,unsat,0.035775,0.000410,0.001950,0.020830,0.000980,0.000000,0.001400,
haskell.1040.ground.smt2,,par_async,144,0,unsat,0.038070,0.000360,0.001820,0.023090,0.000980,0.000000,0.001320,
haskell.1041.ground.smt2,,nelson_topo_iter,1,0,unsat,1.575274,0.078810,0.621200,0.585160,0.054320,0.000000,0.004500,
haskell.1041.ground.smt2,,nelson_simple,1,0,unsat,1.763628,0.078260,0.762810,0.611110,0.061760,0.000000,0.004530,
haskell.1041.ground.smt2,,par_async,1,0,unsat,1.506604,0.078850,0.527540,0.508770,0.156090,0.000000,0.001770,
haskell.1041.ground.smt2,,par_async,2,0,unsat,1.471456,0.076760,0.520250,0.512270,0.120230,0.000000,0.001490,
haskell.1041.ground.smt2,,par_async,4,0,unsat,1.318910,0.077720,0.468760,0.460310,0.082550,0.000000,0.001250,
haskell.1041.ground.smt2,,par_async,8,0,unsat,1.868443,0.067670,0.865460,0.622050,0.074230,0.000000,0.001690,
haskell.1041.ground.smt2,,par_async,16,0,unsat,1.571972,0.078680,0.643170,0.547800,0.057840,0.000000,0.001920,
haskell.1041.ground.smt2,,par_async,32,0,unsat,1.760420,0.077460,0.791200,0.587050,0.059270,0.000000,0.001990,
haskell.1041.ground.smt2,,par_async,64,0,unsat,1.471812,0.078030,0.542340,0.544560,0.066870,0.000000,0.002900,
haskell.1041.ground.smt2,,par_async,128,0,unsat,1.516673,0.077560,0.541940,0.569410,0.085740,0.000000,0.003210,
haskell.1041.ground.smt2,,par_async,144,0,unsat,1.508684,0.075760,0.537040,0.571820,0.086280,0.000000,0.003040,
haskell.1042.ground.smt2,,nelson_topo_iter,1,0,unsat,1.470778,0.082410,0.582140,0.511300,0.045460,0.000000,0.003030,
haskell.1042.ground.smt2,,nelson_simple,1,0,unsat,1.328524,0.077520,0.474950,0.475450,0.051170,0.000000,0.003080,
haskell.1042.ground.smt2,,par_async,1,0,unsat,1.513413,0.072400,0.582090,0.456150,0.161750,0.000000,0.001590,
haskell.1042.ground.smt2,,par_async,2,0,unsat,1.927582,0.070000,0.921380,0.562690,0.134830,0.000000,0.001980,
haskell.1042.ground.smt2,,par_async,4,0,unsat,1.801161,0.076680,0.835640,0.526830,0.110230,0.000000,0.004640,
haskell.1042.ground.smt2,,par_async,8,0,unsat,1.477981,0.077630,0.562110,0.491840,0.095070,0.000000,0.012010,
haskell.1042.ground.smt2,,par_async,16,0,unsat,1.480955,0.075180,0.539610,0.495660,0.091010,0.000000,0.030280,
haskell.1042.ground.smt2,,par_async,32,0,unsat,1.560905,0.076860,0.563560,0.515110,0.088890,0.000000,0.039850,
haskell.1042.ground.smt2,,par_async,64,0,unsat,1.599062,0.082470,0.561320,0.512440,0.104990,0.000000,0.092110,
haskell.1042.ground.smt2,,par_async,128,0,unsat,1.746323,0.077480,0.660360,0.535400,0.106250,0.000000,0.130940,
haskell.1042.ground.smt2,,par_async,144,0,unsat,1.602752,0.076370,0.501980,0.553600,0.106600,0.000000,0.139750,
haskell.1043.ground.smt2,,nelson_topo_iter,1,0,unsat,1.457609,0.086000,0.562620,0.513410,0.045080,0.000000,0.002980,
haskell.1043.ground.smt2,,nelson_simple,1,0,unsat,1.340533,0.077310,0.489820,0.476900,0.049830,0.000000,0.003170,
haskell.1043.ground.smt2,,par_async,1,0,unsat,2.052669,0.077440,0.931640,0.569320,0.221920,0.000000,0.002200,
haskell.1043.ground.smt2,,par_async,2,0,unsat,1.996543,0.109960,0.914710,0.551570,0.160890,0.000000,0.002700,
haskell.1043.ground.smt2,,par_async,4,0,unsat,1.979788,0.109250,0.911270,0.559200,0.134110,0.000000,0.005590,
haskell.1043.ground.smt2,,par_async,8,0,unsat,1.931482,0.095500,0.914620,0.551030,0.107610,0.000000,0.014260,
haskell.1043.ground.smt2,,par_async,16,0,unsat,1.953850,0.077420,0.932690,0.562660,0.105490,0.000000,0.025020,
haskell.1043.ground.smt2,,par_async,32,0,unsat,1.709886,0.075050,0.697750,0.543970,0.101610,0.000000,0.045960,
haskell.1043.ground.smt2,,par_async,64,0,unsat,1.529682,0.077040,0.512840,0.505910,0.107550,0.000000,0.085010,
haskell.1043.ground.smt2,,par_async,128,0,unsat,1.576322,0.075060,0.490320,0.558650,0.109150,0.000000,0.121290,
haskell.1043.ground.smt2,,par_async,144,0,unsat,1.742519,0.084930,0.545400,0.604030,0.125240,0.000000,0.145190,
haskell.1044.ground.smt2,,nelson_topo_iter,1,0,unsat,1.610047,0.076730,0.657700,0.570450,0.060600,0.000000,0.004120,
haskell.1044.ground.smt2,,nelson_simple,1,0,unsat,1.310043,0.075450,0.468970,0.467560,0.050030,0.000000,0.003040,
haskell.1044.ground.smt2,,par_async,1,0,unsat,1.886888,0.080160,0.756720,0.569320,0.220170,0.000000,0.002190,
haskell.1044.ground.smt2,,par_async,2,0,unsat,1.497042,0.085020,0.557950,0.478790,0.129090,0.000000,0.002430,
haskell.1044.ground.smt2,,par_async,4,0,unsat,1.496164,0.077200,0.573380,0.481070,0.112000,0.000000,0.004890,
haskell.1044.ground.smt2,,par_async,8,0,unsat,1.519260,0.075850,0.609820,0.480650,0.098960,0.000000,0.011310,
haskell.1044.ground.smt2,,par_async,16,0,unsat,1.617713,0.076390,0.620450,0.541940,0.106260,0.000000,0.026070,
haskell.1044.ground.smt2,,par_async,32,0,unsat,1.725084,0.077800,0.714390,0.552520,0.089890,0.000000,0.040380,
haskell.1044.ground.smt2,,par_async,64,0,unsat,1.515133,0.077130,0.507170,0.507740,0.103470,0.000000,0.089370,
haskell.1044.ground.smt2,,par_async,128,0,unsat,1.590923,0.078690,0.493100,0.557640,0.108420,0.000000,0.123150,
haskell.1044.ground.smt2,,par_async,144,0,unsat,1.895148,0.084480,0.560310,0.761490,0.127090,0.000000,0.141820,
haskell.1045.ground.smt2,,nelson_topo_iter,1,0,unsat,1.190818,0.057870,0.424860,0.442740,0.055570,0.000000,0.003270,
haskell.1045.ground.smt2,,nelson_simple,1,0,unsat,1.381251,0.064390,0.514720,0.549120,0.041030,0.000000,0.004680,
haskell.1045.ground.smt2,,par_async,1,0,unsat,1.360169,0.059040,0.476810,0.485750,0.134370,0.000000,0.001830,
haskell.1045.ground.smt2,,par_async,2,0,unsat,1.186005,0.056570,0.413240,0.426660,0.086330,0.000000,0.001550,
haskell.1045.ground.smt2,,par_async,4,0,unsat,1.253800,0.049900,0.460190,0.477030,0.061250,0.000000,0.001300,
haskell.1045.ground.smt2,,par_async,8,0,unsat,1.676666,0.050040,0.839650,0.535300,0.046710,0.000000,0.001620,
haskell.1045.ground.smt2,,par_async,16,0,unsat,1.262897,0.058840,0.467780,0.490040,0.039340,0.000000,0.001750,
haskell.1045.ground.smt2,,par_async,32,0,unsat,1.659900,0.055440,0.774700,0.568960,0.045430,0.000000,0.001960,
haskell.1045.ground.smt2,,par_async,64,0,unsat,1.250938,0.059200,0.459800,0.468030,0.054010,0.000000,0.002740,
haskell.1045.ground.smt2,,par_async,128,0,unsat,1.489778,0.055990,0.585930,0.559120,0.072810,0.000000,0.003150,
haskell.1045.ground.smt2,,par_async,144,0,unsat,1.487074,0.064010,0.555690,0.571910,0.074630,0.000000,0.004120,
haskell.1046.ground.smt2,,nelson_topo_iter,1,0,unsat,0.017288,0.000660,0.003730,0.004730,0.000220,0.000000,0.000050,
haskell.1046.ground.smt2,,nelson_simple,1,0,unsat,0.017010,0.000520,0.003400,0.006020,0.000230,0.000000,0.000050,
haskell.1046.ground.smt2,,par_async,1,0,unsat,0.017890,0.000510,0.003200,0.006570,0.000630,0.000000,0.000040,
haskell.1046.ground.smt2,,par_async,2,0,unsat,0.017620,0.000560,0.003400,0.006240,0.000410,0.000000,0.000040,
haskell.1046.ground.smt2,,par_async,4,0,unsat,0.014387,0.000470,0.002920,0.003390,0.000410,0.000000,0.000310,
haskell.1046.ground.smt2,,par_async,8,0,unsat,0.018648,0.000570,0.003690,0.006240,0.000400,0.000000,0.000290,
haskell.1046.ground.smt2,,par_async,16,0,unsat,0.014323,0.000480,0.002260,0.004120,0.000350,0.000000,0.000050,
haskell.1046.ground.smt2,,par_async,32,0,unsat,0.017222,0.000470,0.002720,0.007170,0.000370,0.000000,0.000250,
haskell.1046.ground.smt2,,par_async,64,0,unsat,0.027197,0.000440,0.002270,0.015810,0.000490,0.000000,0.000440,
haskell.1046.ground.smt2,,par_async,128,0,unsat,0.033130,0.000360,0.002100,0.019160,0.000970,0.000000,0.001850,
haskell.1046.ground.smt2,,par_async,144,0,unsat,0.038673,0.000430,0.002120,0.022280,0.001190,0.000000,0.001920,
haskell.1048.ground.smt2,,nelson_topo_iter,1,0,unsat,0.043071,0.001540,0.013440,0.016400,0.001100,0.000000,0.000200,
haskell.1048.ground.smt2,,nelson_simple,1,0,unsat,0.042263,0.002110,0.014330,0.014490,0.001210,0.000000,0.000200,
haskell.1048.ground.smt2,,par_async,1,0,unsat,0.044111,0.001920,0.016710,0.013920,0.002120,0.000000,0.000120,
haskell.1048.ground.smt2,,par_async,2,0,unsat,0.043454,0.001930,0.016430,0.013690,0.001820,0.000000,0.000260,
haskell.1048.ground.smt2,,par_async,4,0,unsat,0.031700,0.000880,0.011100,0.011460,0.001420,0.000000,0.000360,
haskell.1048.ground.smt2,,par_async,8,0,unsat,0.031754,0.000820,0.010970,0.011480,0.001140,0.000000,0.000960,
haskell.1048.ground.smt2,,par_async,16,0,unsat,0.038923,0.001330,0.012960,0.013800,0.001030,0.000000,0.002810,
haskell.1048.ground.smt2,,par_async,32,0,unsat,0.041571,0.000990,0.013140,0.012880,0.001010,0.000000,0.004860,
haskell.1048.ground.smt2,,par_async,64,0,unsat,0.061034,0.001290,0.012900,0.030120,0.001510,0.000000,0.006840,
haskell.1048.ground.smt2,,par_async,128,0,unsat,0.070490,0.001260,0.012830,0.036790,0.001720,0.000000,0.006980,
haskell.1048.ground.smt2,,par_async,144,0,unsat,0.076246,0.001410,0.013480,0.040780,0.001810,0.000000,0.007170,
haskell.1049.ground.smt2,,nelson_topo_iter,1,0,unsat,0.036626,0.001330,0.012960,0.013900,0.000990,0.000000,0.000170,
haskell.1049.ground.smt2,,nelson_simple,1,0,unsat,0.040202,0.002000,0.014040,0.013860,0.001130,0.000000,0.000160,
haskell.1049.ground.smt2,,par_async,1,0,unsat,0.040185,0.001990,0.013680,0.013370,0.002000,0.000000,0.000110,
haskell.1049.ground.smt2,,par_async,2,0,unsat,0.042916,0.001820,0.016390,0.013550,0.001790,0.000000,0.000130,
haskell.1049.ground.smt2,,par_async,4,0,unsat,0.041794,0.002050,0.015600,0.013420,0.001240,0.000000,0.000310,
haskell.1049.ground.smt2,,par_async,8,0,unsat,0.041915,0.002050,0.014780,0.013720,0.001080,0.000000,0.000980,
haskell.1049.ground.smt2,,par_async,16,0,unsat,0.040853,0.001110,0.013510,0.013010,0.001010,0.000000,0.003170,
haskell.1049.ground.smt2,,par_async,32,0,unsat,0.038463,0.000870,0.011180,0.013030,0.001000,0.000000,0.004830,
haskell.1049.ground.smt2,,par_async,64,0,unsat,0.057975,0.001310,0.013210,0.027040,0.001570,0.000000,0.006490,
haskell.1049.ground.smt2,,par_async,128,0,unsat,0.067371,0.001290,0.013150,0.033800,0.001760,0.000000,0.007130,
haskell.1049.ground.smt2,,par_async,144,0,unsat,0.086493,0.001680,0.016910,0.047780,0.001760,0.000000,0.007150,
haskell.105.ground.smt2,,nelson_topo_iter,1,0,unsat,0.011275,0.000350,0.001750,0.004350,0.000150,0.000000,0.000040,
haskell.105.ground.smt2,,nelson_simple,1,0,unsat,0.014702,0.000480,0.002830,0.004710,0.000150,0.000000,0.000040,
haskell.105.ground.smt2,,par_async,1,0,unsat,0.015047,0.000570,0.002010,0.004870,0.000370,0.000000,0.000040,
haskell.105.ground.smt2,,par_async,2,0,unsat,0.009783,0.000240,0.001470,0.003030,0.000310,0.000000,0.000050,
haskell.105.ground.smt2,,par_async,4,0,unsat,0.015734,0.000540,0.002990,0.004670,0.000300,0.000000,0.000100,
haskell.105.ground.smt2,,par_async,8,0,unsat,0.016757,0.000420,0.002320,0.006050,0.000380,0.000000,0.000060,
haskell.105.ground.smt2,,par_async,16,0,unsat,0.010603,0.000260,0.001470,0.003690,0.000290,0.000000,0.000050,
haskell.105.ground.smt2,,par_async,32,0,unsat,0.017314,0.000520,0.002860,0.005890,0.000310,0.000000,0.000080,
haskell.105.ground.smt2,,par_async,64,0,unsat,0.021705,0.000570,0.002300,0.009120,0.001230,0.000000,0.000140,
haskell.105.ground.smt2,,par_async,128,0,unsat,0.032622,0.000250,0.001480,0.019580,0.002580,0.000000,0.001070,
haskell.105.ground.smt2,,par_async,144,0,unsat,0.035414,0.000270,0.001590,0.024270,0.000700,0.000000,0.000490,
haskell.1051.ground.smt2,,nelson_topo_iter,1,0,unsat,0.033496,0.001280,0.011410,0.012530,0.001240,0.000000,0.000160,
haskell.1051.ground.smt2,,nelson_simple,1,0,unsat,0.037484,0.001510,0.014090,0.012730,0.000980,0.000000,0.000150,
haskell.1051.ground.smt2,,par_async,1,0,unsat,0.038690,0.001820,0.014120,0.012100,0.001970,0.000000,0.000100,
haskell.1051.ground.smt2,,par_async,2,0,unsat,0.038503,0.001800,0.014250,0.011980,0.001790,0.000000,0.000170,
haskell.1051.ground.smt2,,par_async,4,0,unsat,0.030067,0.000910,0.010220,0.010790,0.001220,0.000000,0.000280,
haskell.1051.ground.smt2,,par_async,8,0,unsat,0.033444,0.001490,0.010950,0.010420,0.001190,0.000000,0.000930,
haskell.1051.ground.smt2,,par_async,16,0,unsat,0.057800,0.001760,0.019450,0.022300,0.001670,0.000000,0.001570,
haskell.1051.ground.smt2,,par_async,32,0,unsat,0.039380,0.000850,0.010060,0.011790,0.001170,0.000000,0.004710,
haskell.1051.ground.smt2,,par_async,64,0,unsat,0.057067,0.001290,0.011710,0.027590,0.001750,0.000000,0.005580,
haskell.1051.ground.smt2,,par_async,128,0,unsat,0.069634,0.001280,0.015070,0.034320,0.002920,0.000000,0.005450,
haskell.1051.ground.smt2,,par_async,144,0,unsat,0.064032,0.001320,0.011530,0.032550,0.001960,0.000000,0.006320,
haskell.1053.ground.smt2,,nelson_topo_iter,1,0,unsat,0.033767,0.001440,0.012970,0.012150,0.000890,0.000000,0.000160,
haskell.1053.ground.smt2,,nelson_simple,1,0,unsat,0.035775,0.001910,0.011670,0.012310,0.000960,0.000000,0.000160,
haskell.1053.ground.smt2,,par_async,1,0,unsat,0.038006,0.001570,0.013880,0.011970,0.001870,0.000000,0.000110,
haskell.1053.ground.smt2,,par_async,2,0,unsat,0.038143,0.001870,0.013910,0.011720,0.001660,0.000000,0.000120,
haskell.1053.ground.smt2,,par_async,4,0,unsat,0.030144,0.000880,0.010390,0.010220,0.001430,0.000000,0.000200,
haskell.1053.ground.smt2,,par_async,8,0,unsat,0.032316,0.001440,0.010470,0.010140,0.001080,0.000000,0.000670,
haskell.1053.ground.smt2,,par_async,16,0,unsat,0.039054,0.001870,0.011380,0.014070,0.001090,0.000000,0.001770,
haskell.1053.ground.smt2,,par_async,32,0,unsat,0.041552,0.001800,0.013430,0.013380,0.000980,0.000000,0.003130,
haskell.1053.ground.smt2,,par_async,64,0,unsat,0.051712,0.001280,0.011040,0.024070,0.001570,0.000000,0.005530,
haskell.1053.ground.smt2,,par_async,128,0,unsat,0.072149,0.001800,0.013700,0.034610,0.002390,0.000000,0.006680,
haskell.1053.ground.smt2,,par_async,144,0,unsat,0.065781,0.001100,0.010590,0.034570,0.002110,0.000000,0.006040,
haskell.1054.ground.smt2,,nelson_topo_iter,1,0,unsat,0.032977,0.001350,0.012050,0.012110,0.000840,0.000000,0.000150,
haskell.1054.ground.smt2,,nelson_simple,1,0,unsat,0.037600,0.001390,0.012770,0.014390,0.000870,0.000000,0.000140,
haskell.1054.ground.smt2,,par_async,1,0,unsat,0.035360,0.001330,0.011890,0.011570,0.001850,0.000000,0.000090,
haskell.1054.ground.smt2,,par_async,2,0,unsat,0.037051,0.001670,0.013590,0.011800,0.001500,0.000000,0.000180,
haskell.1054.ground.smt2,,par_async,4,0,unsat,0.037574,0.001850,0.013340,0.011890,0.001360,0.000000,0.000320,
haskell.1054.ground.smt2,,par_async,8,0,unsat,0.039220,0.001870,0.014200,0.012170,0.001070,0.000000,0.000940,
haskell.1054.ground.smt2,,par_async,16,0,unsat,0.034809,0.000820,0.009360,0.010480,0.001030,0.000000,0.005260,
haskell.1054.ground.smt2,,par_async,32,0,unsat,0.037617,0.001200,0.010770,0.013120,0.000950,0.000000,0.004090,
haskell.1054.ground.smt2,,par_async,64,0,unsat,0.049963,0.001180,0.010790,0.023230,0.001550,0.000000,0.005540,
haskell.1054.ground.smt2,,par_async,128,0,unsat,0.063771,0.000840,0.009410,0.036230,0.001860,0.000000,0.006070,
haskell.1054.ground.smt2,,par_async,144,0,unsat,0.072574,0.001210,0.010740,0.040040,0.002420,0.000000,0.006580,
haskell.1055.ground.smt2,,nelson_topo_iter,1,0,unsat,1.261931,0.059420,0.500320,0.468700,0.040550,0.000000,0.003210,
haskell.1055.ground.smt2,,nelson_simple,1,0,unsat,1.134731,0.061520,0.404400,0.433130,0.031840,0.000000,0.003330,
haskell.1055.ground.smt2,,par_async,1,0,unsat,1.297426,0.055130,0.449510,0.472350,0.125800,0.000000,0.001940,
haskell.1055.ground.smt2,,par_async,2,0,unsat,1.713080,0.056410,0.811800,0.538600,0.102720,0.000000,0.001630,
haskell.1055.ground.smt2,,par_async,4,0,unsat,1.250308,0.054600,0.476260,0.462360,0.060990,0.000000,0.001170,
haskell.1055.ground.smt2,,par_async,8,0,unsat,1.644621,0.056280,0.793130,0.540200,0.052100,0.000000,0.001890,
haskell.1055.ground.smt2,,par_async,16,0,unsat,1.094828,0.052650,0.390920,0.419540,0.038780,0.000000,0.001750,
haskell.1055.ground.smt2,,par_async,32,0,unsat,1.254014,0.054040,0.478140,0.470700,0.042450,0.000000,0.001780,
haskell.1055.ground.smt2,,par_async,64,0,unsat,1.687411,0.055710,0.792400,0.567160,0.058720,0.000000,0.003050,
haskell.1055.ground.smt2,,par_async,128,0,unsat,1.250273,0.055320,0.432490,0.489260,0.067480,0.000000,0.003760,
haskell.1055.ground.smt2,,par_async,144,0,unsat,1.447487,0.060580,0.622550,0.491700,0.069230,0.000000,0.002990,
haskell.1056.ground.smt2,,nelson_topo_iter,1,0,unsat,0.017481,0.000620,0.003390,0.004560,0.000220,0.000000,0.000050,
haskell.1056.ground.smt2,,nelson_simple,1,0,unsat,0.018342,0.000650,0.002490,0.005110,0.000270,0.000000,0.000070,
haskell.1056.ground.smt2,,par_async,1,0,unsat,0.018054,0.000550,0.003500,0.005970,0.000410,0.000000,0.000040,
haskell.1056.ground.smt2,,par_async,2,0,unsat,0.018909,0.000560,0.003470,0.006870,0.000440,0.000000,0.000040,
haskell.1056.ground.smt2,,par_async,4,0,unsat,0.018851,0.000610,0.003740,0.005780,0.000420,0.000000,0.000320,
haskell.1056.ground.smt2,,par_async,8,0,unsat,0.015598,0.000480,0.003430,0.003700,0.000360,0.000000,0.000300,
haskell.1056.ground.smt2,,par_async,16,0,unsat,0.019723,0.000610,0.003770,0.006910,0.000370,0.000000,0.000040,
haskell.1056.ground.smt2,,par_async,32,0,unsat,0.019539,0.000590,0.003310,0.006830,0.000390,0.000000,0.000290,
haskell.1056.ground.smt2,,par_async,64,0,unsat,0.020953,0.000280,0.001760,0.010110,0.001450,0.000000,0.000960,
haskell.1056.ground.smt2,,par_async,128,0,unsat,0.029795,0.000380,0.002140,0.018600,0.000630,0.000000,0.000360,
haskell.1056.ground.smt2,,par_async,144,0,unsat,0.034388,0.000380,0.002110,0.020590,0.000780,0.000000,0.001610,
haskell.1058.ground.smt2,,nelson_topo_iter,1,0,unsat,0.037922,0.001380,0.012940,0.015770,0.001030,0.000000,0.000170,
haskell.1058.ground.smt2,,nelson_simple,1,0,unsat,0.039287,0.001850,0.013470,0.013790,0.001120,0.000000,0.000160,
haskell.1058.ground.smt2,,par_async,1,0,unsat,0.039133,0.001530,0.013550,0.013200,0.001920,0.000000,0.000100,
haskell.1058.ground.smt2,,par_async,2,0,unsat,0.041914,0.001890,0.015820,0.013430,0.001710,0.000000,0.000140,
haskell.1058.ground.smt2,,par_async,4,0,unsat,0.042840,0.001900,0.016580,0.013550,0.001330,0.000000,0.000300,
haskell.1058.ground.smt2,,par_async,8,0,unsat,0.037082,0.001050,0.012790,0.012350,0.001070,0.000000,0.000980,
haskell.1058.ground.smt2,,par_async,16,0,unsat,0.038127,0.001580,0.011570,0.012170,0.000970,0.000000,0.002930,
haskell.1058.ground.smt2,,par_async,32,0,unsat,0.042301,0.001250,0.012920,0.014670,0.001000,0.000000,0.004860,
haskell.1058.ground.smt2,,par_async,64,0,unsat,0.055160,0.000900,0.011320,0.025340,0.001580,0.000000,0.006770,
haskell.1058.ground.smt2,,par_async,128,0,unsat,0.066898,0.001310,0.012760,0.032830,0.001740,0.000000,0.007610,
haskell.1058.ground.smt2,,par_async,144,0,unsat,0.076745,0.001600,0.013380,0.042300,0.001750,0.000000,0.006870,
haskell.1059.ground.smt2,,nelson_topo_iter,1,0,unsat,0.035339,0.001060,0.011830,0.014100,0.001750,0.000000,0.000180,
haskell.1059.ground.smt2,,nelson_simple,1,0,unsat,0.041030,0.001510,0.015000,0.014470,0.001250,0.000000,0.000170,
haskell.1059.ground.smt2,,par_async,1,0,unsat,0.041317,0.002040,0.014360,0.013580,0.002070,0.000000,0.000110,
haskell.1059.ground.smt2,,par_async,2,0,unsat,0.043062,0.001800,0.016520,0.013640,0.001780,0.000000,0.000120,
haskell.1059.ground.smt2,,par_async,4,0,unsat,0.041895,0.002010,0.015690,0.013410,0.001270,0.000000,0.000350,
haskell.1059.ground.smt2,,par_async,8,0,unsat,0.037971,0.001610,0.013470,0.011830,0.001060,0.000000,0.001100,
haskell.1059.ground.smt2,,par_async,16,0,unsat,0.041456,0.001720,0.013190,0.013080,0.001070,0.000000,0.003220,
haskell.1059.ground.smt2,,par_async,32,0,unsat,0.039440,0.000870,0.011250,0.012870,0.001000,0.000000,0.004980,
haskell.1059.ground.smt2,,par_async,64,0,unsat,0.053635,0.001320,0.012990,0.023180,0.001560,0.000000,0.006460,
haskell.1059.ground.smt2,,par_async,128,0,unsat,0.068315,0.001260,0.013020,0.035200,0.001700,0.000000,0.007290,
haskell.1059.ground.smt2,,par_async,144,0,unsat,0.078885,0.001260,0.013000,0.041840,0.003830,0.000000,0.007390,
haskell.1060.ground.smt2,,nelson_topo_iter,1,0,unsat,0.252399,0.013040,0.103110,0.089810,0.012850,0.000000,0.001030,
haskell.1060.ground.smt2,,nelson_simple,1,0,unsat,0.284819,0.015510,0.099620,0.105450,0.018960,0.000000,0.001400,
haskell.1060.ground.smt2,,par_async,1,0,unsat,0.262140,0.011330,0.101330,0.083930,0.028200,0.000000,0.000480,
haskell.1060.ground.smt2,,par_async,2,0,unsat,0.311203,0.015130,0.103320,0.110340,0.036760,0.000000,0.001160,
haskell.1060.ground.smt2,,par_async,4,0,unsat,0.232424,0.014660,0.082350,0.077020,0.019810,0.000000,0.001410,
haskell.1060.ground.smt2,,par_async,8,0,unsat,0.314758,0.015000,0.112690,0.113360,0.025530,0.000000,0.003740,
haskell.1060.ground.smt2,,par_async,16,0,unsat,0.244212,0.014680,0.082120,0.082440,0.015400,0.000000,0.008240,
haskell.1060.ground.smt2,,par_async,32,0,unsat,0.425841,0.012320,0.167740,0.161920,0.030890,0.000000,0.010680,
haskell.1060.ground.smt2,,par_async,64,0,unsat,0.334071,0.014560,0.108000,0.119930,0.021800,0.000000,0.031600,
haskell.1060.ground.smt2,,par_async,128,0,unsat,0.345201,0.014250,0.101740,0.128580,0.021980,0.000000,0.039100,
haskell.1060.ground.smt2,,par_async,144,0,unsat,0.359194,0.013030,0.101310,0.132710,0.024710,0.000000,0.041880,
haskell.1061.ground.smt2,,nelson_topo_iter,1,0,unsat,0.014388,0.000370,0.001680,0.004770,0.000160,0.000000,0.000040,
haskell.1061.ground.smt2,,nelson_simple,1,0,unsat,0.012202,0.000280,0.001190,0.003860,0.000170,0.000000,0.000040,
haskell.1061.ground.smt2,,par_async,1,0,unsat,0.009922,0.000220,0.001120,0.003600,0.000220,0.000000,0.000030,
haskell.1061.ground.smt2,,par_async,2,0,unsat,0.013172,0.000390,0.001240,0.004290,0.000260,0.000000,0.000030,
haskell.1061.ground.smt2,,par_async,4,0,unsat,0.013367,0.000380,0.001840,0.003990,0.000220,0.000000,0.000030,
haskell.1061.ground.smt2,,par_async,8,0,unsat,0.016488,0.000350,0.001620,0.007270,0.000360,0.000000,0.000170,
haskell.1061.ground.smt2,,par_async,16,0,unsat,0.015003,0.000400,0.001850,0.005290,0.000210,0.000000,0.000030,
haskell.1061.ground.smt2,,par_async,32,0,unsat,0.014523,0.000360,0.001580,0.005460,0.000220,0.000000,0.000030,
haskell.1061.ground.smt2,,par_async,64,0,unsat,0.018103,0.000370,0.001700,0.007930,0.000290,0.000000,0.000110,
haskell.1061.ground.smt2,,par_async,128,0,unsat,0.030010,0.000290,0.001320,0.019060,0.000430,0.000000,0.000290,
haskell.1061.ground.smt2,,par_async,144,0,unsat,0.037557,0.000270,0.001120,0.022850,0.001680,0.000000,0.001960,
haskell.1062.ground.smt2,,nelson_topo_iter,1,0,unsat,0.599690,0.031580,0.239590,0.221060,0.019080,0.000000,0.001970,
haskell.1062.ground.smt2,,nelson_simple,1,0,unsat,0.612538,0.030330,0.225330,0.231850,0.027960,0.000000,0.002060,
haskell.1062.ground.smt2,,par_async,1,0,unsat,0.882473,0.030000,0.305970,0.344380,0.098170,0.000000,0.001450,
haskell.1062.ground.smt2,,par_async,2,0,unsat,0.655716,0.030620,0.237410,0.228160,0.062720,0.000000,0.001760,
haskell.1062.ground.smt2,,par_async,4,0,unsat,0.818452,0.028850,0.322440,0.311330,0.054430,0.000000,0.002810,
haskell.1062.ground.smt2,,par_async,8,0,unsat,0.636579,0.032980,0.244130,0.218260,0.042410,0.000000,0.005770,
haskell.1062.ground.smt2,,par_async,16,0,unsat,0.838885,0.029910,0.314460,0.339080,0.047770,0.000000,0.013010,
haskell.1062.ground.smt2,,par_async,32,0,unsat,0.600059,0.029060,0.210810,0.204750,0.035870,0.000000,0.025490,
haskell.1062.ground.smt2,,par_async,64,0,unsat,0.678544,0.029360,0.238850,0.233780,0.039110,0.000000,0.048040,
haskell.1062.ground.smt2,,par_async,128,0,unsat,0.907160,0.028120,0.349310,0.320940,0.054280,0.000000,0.067710,
haskell.1062.ground.smt2,,par_async,144,0,unsat,0.737130,0.027240,0.250490,0.256290,0.046620,0.000000,0.070050,
haskell.1063.ground.smt2,,nelson_topo_iter,1,0,unsat,0.013813,0.000390,0.002050,0.004450,0.000140,0.000000,0.000040,
haskell.1063.ground.smt2,,nelson_simple,1,0,unsat,0.014172,0.000440,0.001760,0.003980,0.000130,0.000000,0.000040,
haskell.1063.ground.smt2,,par_async,1,0,unsat,0.013516,0.000290,0.001540,0.004410,0.000320,0.000000,0.000040,
haskell.1063.ground.smt2,,par_async,2,0,unsat,0.008495,0.000190,0.001140,0.002600,0.000240,0.000000,0.000030,
haskell.1063.ground.smt2,,par_async,4,0,unsat,0.013588,0.000430,0.001550,0.004300,0.000260,0.000000,0.000030,
haskell.1063.ground.smt2,,par_async,8,0,unsat,0.016128,0.000420,0.002390,0.005760,0.000260,0.000000,0.000030,
haskell.1063.ground.smt2,,par_async,16,0,unsat,0.013402,0.000390,0.002220,0.003460,0.000260,0.000000,0.000040,
haskell.1063.ground.smt2,,par_async,32,0,unsat,0.016027,0.000410,0.001700,0.006170,0.000300,0.000000,0.000100,
haskell.1063.ground.smt2,,par_async,64,0,unsat,0.023051,0.000340,0.001710,0.012610,0.001250,0.000000,0.000100,
haskell.1063.ground.smt2,,par_async,128,0,unsat,0.028708,0.000270,0.001370,0.018760,0.000430,0.000000,0.000130,
haskell.1063.ground.smt2,,par_async,144,0,unsat,0.030037,0.000220,0.001160,0.019020,0.001150,0.000000,0.000080,
haskell.1065.ground.smt2,,nelson_topo_iter,1,0,unsat,2.089413,0.094000,0.861840,0.767280,0.050410,0.000000,0.004230,
haskell.1065.ground.smt2,,nelson_simple,1,0,unsat,2.441199,0.095170,1.153790,0.796620,0.066240,0.000000,0.006250,
haskell.1065.ground.smt2,,par_async,1,0,unsat,1.910198,0.082430,0.622620,0.639500,0.239530,0.000000,0.002260,
haskell.1065.ground.smt2,,par_async,2,0,unsat,1.924912,0.093020,0.743100,0.622250,0.142160,0.000000,0.001850,
haskell.1065.ground.smt2,,par_async,4,0,unsat,1.905122,0.096510,0.757580,0.637700,0.085870,0.000000,0.001530,
haskell.1065.ground.smt2,,par_async,8,0,unsat,1.772356,0.093690,0.658440,0.632550,0.064650,0.000000,0.002020,
haskell.1065.ground.smt2,,par_async,16,0,unsat,2.355239,0.094260,1.060930,0.754610,0.044970,0.000000,0.002450,
haskell.1065.ground.smt2,,par_async,32,0,unsat,1.866824,0.098880,0.755350,0.637050,0.039500,0.000000,0.002200,
haskell.1065.ground.smt2,,par_async,64,0,unsat,1.865158,0.093710,0.657470,0.728160,0.051650,0.000000,0.003260,
haskell.1065.ground.smt2,,par_async,128,0,unsat,2.412033,0.119020,1.128330,0.774980,0.066540,0.000000,0.004160,
haskell.1065.ground.smt2,,par_async,144,0,unsat,2.555349,0.098800,1.029350,0.991700,0.068650,0.000000,0.003920,
haskell.1066.ground.smt2,,nelson_topo_iter,1,0,unsat,1.875331,0.089560,0.893310,0.584730,0.080040,0.000000,0.003730,
haskell.1066.ground.smt2,,nelson_simple,1,0,unsat,1.519201,0.085040,0.623960,0.525050,0.056190,0.000000,0.003910,
haskell.1066.ground.smt2,,par_async,1,0,unsat,1.623857,0.084620,0.682720,0.499490,0.134450,0.000000,0.002020,
haskell.1066.ground.smt2,,par_async,2,0,unsat,1.836288,0.087500,0.911200,0.517770,0.103170,0.000000,0.002420,
haskell.1066.ground.smt2,,par_async,4,0,unsat,1.528151,0.085900,0.646400,0.496610,0.080030,0.000000,0.004540,
haskell.1066.ground.smt2,,par_async,8,0,unsat,1.549376,0.085620,0.674550,0.495490,0.068960,0.000000,0.011690,
haskell.1066.ground.smt2,,par_async,16,0,unsat,1.605055,0.083240,0.710020,0.490950,0.062870,0.000000,0.024560,
haskell.1066.ground.smt2,,par_async,32,0,unsat,1.842199,0.096840,0.903280,0.506190,0.060660,0.000000,0.038830,
haskell.1066.ground.smt2,,par_async,64,0,unsat,1.603141,0.083110,0.614200,0.536530,0.073270,0.000000,0.091450,
haskell.1066.ground.smt2,,par_async,128,0,unsat,1.574837,0.081200,0.610120,0.491430,0.069120,0.000000,0.123310,
haskell.1066.ground.smt2,,par_async,144,0,unsat,1.957833,0.102410,0.722680,0.721620,0.076760,0.000000,0.140040,
haskell.1067.ground.smt2,,nelson_topo_iter,1,0,unsat,1.302979,0.062350,0.538880,0.428890,0.042290,0.000000,0.002640,
haskell.1067.ground.smt2,,nelson_simple,1,0,unsat,1.285745,0.054910,0.490080,0.474380,0.038190,0.000000,0.002830,
haskell.1067.ground.smt2,,par_async,1,0,unsat,1.252272,0.061260,0.458360,0.417460,0.091010,0.000000,0.001430,
haskell.1067.ground.smt2,,par_async,2,0,unsat,1.313912,0.055800,0.504240,0.446400,0.072340,0.000000,0.002350,
haskell.1067.ground.smt2,,par_async,4,0,unsat,1.196962,0.057640,0.426210,0.419580,0.061790,0.000000,0.003970,
haskell.1067.ground.smt2,,par_async,8,0,unsat,1.295059,0.055500,0.502560,0.449940,0.053120,0.000000,0.010940,
haskell.1067.ground.smt2,,par_async,16,0,unsat,1.369587,0.059850,0.519090,0.467080,0.046680,0.000000,0.023090,
haskell.1067.ground.smt2,,par_async,32,0,unsat,1.812777,0.061100,0.868850,0.545130,0.059120,0.000000,0.043580,
haskell.1067.ground.smt2,,par_async,64,0,unsat,1.583568,0.060690,0.599060,0.537900,0.068390,0.000000,0.090900,
haskell.1067.ground.smt2,,par_async,128,0,unsat,1.548371,0.059490,0.558480,0.536370,0.063500,0.000000,0.118270,
haskell.1067.ground.smt2,,par_async,144,0,unsat,1.540932,0.061520,0.591320,0.494500,0.061810,0.000000,0.116570,
haskell.1068.ground.smt2,,nelson_topo_iter,1,0,unsat,1.859646,0.093100,0.754640,0.641730,0.087400,0.000000,0.003200,
haskell.1068.ground.smt2,,nelson_simple,1,0,unsat,1.805036,0.093770,0.715500,0.640580,0.066230,0.000000,0.004750,
haskell.1068.ground.smt2,,par_async,1,0,unsat,1.542877,0.087560,0.544730,0.509810,0.132220,0.000000,0.001700,
haskell.1068.ground.smt2,,par_async,2,0,unsat,1.629310,0.088850,0.619010,0.540270,0.106540,0.000000,0.002520,
haskell.1068.ground.smt2,,par_async,4,0,unsat,1.589831,0.079390,0.636010,0.513210,0.089800,0.000000,0.005110,
haskell.1068.ground.smt2,,par_async,8,0,unsat,2.086669,0.089140,0.968740,0.630080,0.089820,0.000000,0.012280,
haskell.1068.ground.smt2,,par_async,16,0,unsat,2.108277,0.108520,1.006450,0.610460,0.077590,0.000000,0.029790,
haskell.1068.ground.smt2,,par_async,32,0,unsat,1.583403,0.087640,0.557470,0.537250,0.065710,0.000000,0.047490,
haskell.1068.ground.smt2,,par_async,64,0,unsat,1.754803,0.088470,0.646980,0.562500,0.085010,0.000000,0.094440,
haskell.1068.ground.smt2,,par_async,128,0,unsat,1.977671,0.087080,0.806050,0.593120,0.083170,0.000000,0.151610,
haskell.1068.ground.smt2,,par_async,144,0,unsat,1.959615,0.089760,0.766090,0.605420,0.094740,0.000000,0.139680,
haskell.1069.ground.smt2,,nelson_topo_iter,1,0,unsat,1.972967,0.090130,0.821570,0.688420,0.084050,0.000000,0.003530,
haskell.1069.ground.smt2,,nelson_simple,1,0,unsat,1.966229,0.093080,0.812430,0.690220,0.068170,0.000000,0.004570,
haskell.1069.ground.smt2,,par_async,1,0,unsat,2.010764,0.087830,0.766980,0.668430,0.196370,0.000000,0.002030,
haskell.1069.ground.smt2,,par_async,2,0,unsat,1.972748,0.087570,0.785730,0.659310,0.149430,0.000000,0.002410,
haskell.1069.ground.smt2,,par_async,4,0,unsat,1.890282,0.085730,0.719980,0.656680,0.131360,0.000000,0.006250,
haskell.1069.ground.smt2,,par_async,8,0,unsat,1.759047,0.086430,0.713820,0.566340,0.093060,0.000000,0.012040,
haskell.1069.ground.smt2,,par_async,16,0,unsat,2.233183,0.087230,1.073710,0.651940,0.096760,0.000000,0.030180,
haskell.1069.ground.smt2,,par_async,32,0,unsat,1.768353,0.085990,0.696080,0.568020,0.083520,0.000000,0.043540,
haskell.1069.ground.smt2,,par_async,64,0,unsat,2.130004,0.078150,0.867530,0.674580,0.117270,0.000000,0.103200,
haskell.1069.ground.smt2,,par_async,128,0,unsat,1.952826,0.088050,0.594760,0.713370,0.119160,0.000000,0.155500,
haskell.1069.ground.smt2,,par_async,144,0,unsat,2.234717,0.111880,0.845040,0.741710,0.116630,0.000000,0.151570,
haskell.11.ground.smt2,,nelson_topo_iter,1,0,unsat,1.175800,0.057640,0.432240,0.453610,0.038110,0.000000,0.003150,
haskell.11.ground.smt2,,nelson_simple,1,0,unsat,1.642121,0.056920,0.778010,0.554560,0.047870,0.000000,0.004250,
haskell.11.ground.smt2,,par_async,1,0,unsat,1.192738,0.055690,0.399050,0.394110,0.157780,0.000000,0.001690,
haskell.11.ground.smt2,,par_async,2,0,unsat,1.235351,0.054590,0.462350,0.426560,0.105900,0.000000,0.001380,
haskell.11.ground.smt2,,par_async,4,0,unsat,1.662105,0.072650,0.789590,0.497990,0.105040,0.000000,0.001310,
haskell.11.ground.smt2,,par_async,8,0,unsat,1.195402,0.056780,0.425670,0.451270,0.074550,0.000000,0.001530,
haskell.11.ground.smt2,,par_async,16,0,unsat,1.420887,0.056060,0.626230,0.474360,0.071420,0.000000,0.001860,
haskell.11.ground.smt2,,par_async,32,0,unsat,1.204659,0.055080,0.436700,0.448260,0.070950,0.000000,0.001780,
haskell.11.ground.smt2,,par_async,64,0,unsat,1.656135,0.065290,0.779750,0.521630,0.089360,0.000000,0.002630,
haskell.11.ground.smt2,,par_async,128,0,unsat,1.298086,0.057420,0.470480,0.481900,0.097230,0.000000,0.002630,
haskell.11.ground.smt2,,par_async,144,0,unsat,1.686001,0.061870,0.781180,0.529360,0.108900,0.000000,0.002940,
haskell.112.ground.smt2,,nelson_topo_iter,1,0,unsat,1.032851,0.054340,0.352090,0.394440,0.077740,0.000000,0.003450,
haskell.112.ground.smt2,,nelson_simple,1,0,unsat,1.001481,0.046900,0.329780,0.394830,0.075550,0.000000,0.003530,
haskell.112.ground.smt2,,par_async,1,0,unsat,1.116355,0.049370,0.337880,0.371160,0.207890,0.000000,0.001440,
haskell.112.ground.smt2,,par_async,2,0,unsat,1.047426,0.043010,0.339730,0.369820,0.145010,0.000000,0.001880,
haskell.112.ground.smt2,,par_async,4,0,unsat,1.129849,0.046930,0.408360,0.383350,0.137840,0.000000,0.003910,
haskell.112.ground.smt2,,par_async,8,0,unsat,1.439824,0.045360,0.647530,0.454550,0.129010,0.000000,0.010280,
haskell.112.ground.smt2,,par_async,16,0,unsat,1.259281,0.049450,0.512450,0.397070,0.122960,0.000000,0.023060,
haskell.112.ground.smt2,,par_async,32,0,unsat,1.048538,0.048960,0.336080,0.367320,0.108170,0.000000,0.037320,
haskell.112.ground.smt2,,par_async,64,0,unsat,1.112213,0.046930,0.373880,0.354050,0.118720,0.000000,0.074850,
haskell.112.ground.smt2,,par_async,128,0,unsat,1.254406,0.048270,0.397620,0.416150,0.148480,0.000000,0.109070,
haskell.112.ground.smt2,,par_async,144,0,unsat,1.202628,0.046690,0.345360,0.425110,0.129770,0.000000,0.120440,
haskell.115.ground.smt2,,nelson_topo_iter,1,0,unsat,1.023218,0.050210,0.418640,0.379110,0.022800,0.000000,0.002560,
haskell.115.ground.smt2,,nelson_simple,1,0,unsat,1.114421,0.048460,0.433800,0.434630,0.035380,0.000000,0.003520,
haskell.115.ground.smt2,,par_async,1,0,unsat,1.473859,0.049500,0.660780,0.470990,0.136920,0.000000,0.001930,
haskell.115.ground.smt2,,par_async,2,0,unsat,1.446366,0.052150,0.663770,0.470380,0.101750,0.000000,0.002420,
haskell.115.ground.smt2,,par_async,4,0,unsat,1.264041,0.051110,0.522870,0.435790,0.088210,0.000000,0.004470,
haskell.115.ground.smt2,,par_async,8,0,unsat,0.970451,0.052310,0.365370,0.325790,0.062760,0.000000,0.010160,
haskell.115.ground.smt2,,par_async,16,0,unsat,0.985125,0.049200,0.383260,0.323600,0.054770,0.000000,0.021830,
haskell.115.ground.smt2,,par_async,32,0,unsat,0.968108,0.044830,0.315930,0.366580,0.059480,0.000000,0.031430,
haskell.115.ground.smt2,,par_async,64,0,unsat,1.065232,0.047740,0.369470,0.355450,0.063150,0.000000,0.079760,
haskell.115.ground.smt2,,par_async,128,0,unsat,1.113968,0.049810,0.364290,0.382390,0.069340,0.000000,0.108570,
haskell.115.ground.smt2,,par_async,144,0,unsat,1.231796,0.047920,0.418450,0.425330,0.076100,0.000000,0.117100,
haskell.117.ground.smt2,,nelson_topo_iter,1,0,unsat,1.188378,0.057200,0.483470,0.442040,0.033500,0.000000,0.003910,
haskell.117.ground.smt2,,nelson_simple,1,0,unsat,1.074082,0.053440,0.381670,0.433380,0.032020,0.000000,0.002890,
haskell.117.ground.smt2,,par_async,1,0,unsat,1.161705,0.052360,0.400170,0.406820,0.137950,0.000000,0.001560,
haskell.117.ground.smt2,,par_async,2,0,unsat,1.326324,0.047720,0.523520,0.447690,0.138580,0.000000,0.004150,
haskell.117.ground.smt2,,par_async,4,0,unsat,1.151995,0.051480,0.451160,0.391780,0.089100,0.000000,0.004430,
haskell.117.ground.smt2,,par_async,8,0,unsat,1.416836,0.052010,0.620520,0.459360,0.104300,0.000000,0.011720,
haskell.117.ground.smt2,,par_async,16,0,unsat,1.147776,0.052920,0.448020,0.380930,0.075810,0.000000,0.024960,
haskell.117.ground.smt2,,par_async,32,0,unsat,1.552237,0.052420,0.713700,0.493360,0.086600,0.000000,0.033440,
haskell.117.ground.smt2,,par_async,64,0,unsat,1.552064,0.052170,0.694200,0.461170,0.094770,0.000000,0.090120,
haskell.117.ground.smt2,,par_async,128,0,unsat,1.277733,0.054030,0.443550,0.412990,0.089930,0.000000,0.126360,
haskell.117.ground.smt2,,par_async,144,0,unsat,1.313288,0.051460,0.451860,0.439270,0.086290,0.000000,0.129730,
haskell.118.ground.smt2,,nelson_topo_iter,1,0,unsat,1.531558,0.084420,0.570880,0.542380,0.034840,0.000000,0.003020,
haskell.118.ground.smt2,,nelson_simple,1,0,unsat,1.507697,0.078150,0.548760,0.549140,0.029960,0.000000,0.003150,
haskell.118.ground.smt2,,par_async,1,0,unsat,1.696180,0.085660,0.638610,0.550440,0.126480,0.000000,0.001630,
haskell.118.ground.smt2,,par_async,2,0,unsat,2.037212,0.084970,0.855370,0.643100,0.131990,0.000000,0.003010,
haskell.118.ground.smt2,,par_async,4,0,unsat,2.143993,0.088130,0.996610,0.640550,0.103440,0.000000,0.004500,
haskell.118.ground.smt2,,par_async,8,0,unsat,1.571034,0.087970,0.556650,0.541850,0.077520,0.000000,0.011770,
haskell.118.ground.smt2,,par_async,16,0,unsat,1.709866,0.085610,0.671070,0.553890,0.070460,0.000000,0.026640,
haskell.118.ground.smt2,,par_async,32,0,unsat,1.942264,0.083640,0.810710,0.621360,0.076010,0.000000,0.045140,
haskell.118.ground.smt2,,par_async,64,0,unsat,1.805542,0.084800,0.681610,0.570440,0.080040,0.000000,0.099200,
haskell.118.ground.smt2,,par_async,128,0,unsat,1.815191,0.085130,0.576690,0.646700,0.083890,0.000000,0.148790,
haskell.118.ground.smt2,,par_async,144,0,unsat,2.161249,0.092490,0.797210,0.748230,0.093820,0.000000,0.151720,
haskell.119.ground.smt2,,nelson_topo_iter,1,0,unsat,1.739501,0.103050,0.630250,0.621710,0.051650,0.000000,0.003170,
haskell.119.ground.smt2,,nelson_simple,1,0,unsat,2.035442,0.104170,0.805770,0.742090,0.045360,0.000000,0.003260,
haskell.119.ground.smt2,,par_async,1,0,unsat,2.185409,0.104270,0.876740,0.712800,0.167840,0.000000,0.001690,
haskell.119.ground.smt2,,par_async,2,0,unsat,2.428330,0.139050,1.115770,0.712040,0.141720,0.000000,0.002640,
haskell.119.ground.smt2,,par_async,4,0,unsat,2.444068,0.106620,1.163180,0.716440,0.131310,0.000000,0.005400,
haskell.119.ground.smt2,,par_async,8,0,unsat,2.408249,0.101940,1.128930,0.713210,0.113560,0.000000,0.013290,
haskell.119.ground.smt2,,par_async,16,0,unsat,2.143713,0.102090,0.900190,0.706700,0.086540,0.000000,0.027720,
haskell.119.ground.smt2,,par_async,32,0,unsat,2.472181,0.105850,1.164570,0.712300,0.102400,0.000000,0.048380,
haskell.119.ground.smt2,,par_async,64,0,unsat,2.527058,0.102230,1.129490,0.740950,0.118090,0.000000,0.098480,
haskell.119.ground.smt2,,par_async,128,0,unsat,2.531469,0.105910,1.123630,0.721080,0.106500,0.000000,0.140780,
haskell.119.ground.smt2,,par_async,144,0,unsat,2.457392,0.114670,1.077380,0.668960,0.106980,0.000000,0.157320,
haskell.12.ground.smt2,,nelson_topo_iter,1,0,unsat,0.017233,0.000540,0.002950,0.005350,0.000150,0.000000,0.000040,
haskell.12.ground.smt2,,nelson_simple,1,0,unsat,0.017251,0.000490,0.002990,0.006300,0.000280,0.000000,0.000070,
haskell.12.ground.smt2,,par_async,1,0,unsat,0.016812,0.000500,0.002990,0.006340,0.000330,0.000000,0.000030,
haskell.12.ground.smt2,,par_async,2,0,unsat,0.018028,0.000520,0.002950,0.006690,0.000580,0.000000,0.000050,
haskell.12.ground.smt2,,par_async,4,0,unsat,0.012800,0.000430,0.002300,0.003070,0.000320,0.000000,0.000040,
haskell.12.ground.smt2,,par_async,8,0,unsat,0.017659,0.000550,0.003140,0.006390,0.000300,0.000000,0.000120,
haskell.12.ground.smt2,,par_async,16,0,unsat,0.016272,0.000450,0.002930,0.005270,0.000310,0.000000,0.000370,
haskell.12.ground.smt2,,par_async,32,0,unsat,0.014009,0.000250,0.001470,0.004290,0.000300,0.000000,0.000460,
haskell.12.ground.smt2,,par_async,64,0,unsat,0.027947,0.000450,0.002160,0.013230,0.003320,0.000000,0.000950,
haskell.12.ground.smt2,,par_async,128,0,unsat,0.035906,0.000340,0.001820,0.023570,0.000870,0.000000,0.001420,
haskell.12.ground.smt2,,par_async,144,0,unsat,0.033749,0.000440,0.001910,0.018380,0.000790,0.000000,0.002500,
haskell.120.ground.smt2,,nelson_topo_iter,1,0,unsat,1.390169,0.061160,0.546650,0.510980,0.039860,0.000000,0.003170,
haskell.120.ground.smt2,,nelson_simple,1,0,unsat,1.274797,0.061320,0.473460,0.472390,0.033080,0.000000,0.003330,
haskell.120.ground.smt2,,par_async,1,0,unsat,1.674536,0.060300,0.611430,0.555840,0.209870,0.000000,0.002360,
haskell.120.ground.smt2,,par_async,2,0,unsat,1.895634,0.074180,0.878080,0.559090,0.151690,0.000000,0.001360,
haskell.120.ground.smt2,,par_async,4,0,unsat,1.623149,0.060070,0.668320,0.547560,0.115130,0.000000,0.001290,
haskell.120.ground.smt2,,par_async,8,0,unsat,1.827290,0.083830,0.864980,0.546400,0.096770,0.000000,0.001560,
haskell.120.ground.smt2,,par_async,16,0,unsat,1.580931,0.060870,0.653630,0.528930,0.084520,0.000000,0.001840,
haskell.120.ground.smt2,,par_async,32,0,unsat,1.742805,0.061190,0.791900,0.564870,0.086530,0.000000,0.002030,
haskell.120.ground.smt2,,par_async,64,0,unsat,1.413989,0.061000,0.516870,0.515130,0.089930,0.000000,0.002720,
haskell.120.ground.smt2,,par_async,128,0,unsat,1.426222,0.060110,0.483880,0.539050,0.113340,0.000000,0.002960,
haskell.120.ground.smt2,,par_async,144,0,unsat,2.090396,0.080650,0.864680,0.782720,0.125190,0.000000,0.003080,
haskell.122.ground.smt2,,nelson_topo_iter,1,0,unsat,1.817036,0.103200,0.676190,0.644410,0.043240,0.000000,0.003270,
haskell.122.ground.smt2,,nelson_simple,1,0,unsat,2.456993,0.094580,1.180010,0.772670,0.054770,0.000000,0.004720,
haskell.122.ground.smt2,,par_async,1,0,unsat,2.494494,0.096100,1.092750,0.751050,0.200340,0.000000,0.002430,
haskell.122.ground.smt2,,par_async,2,0,unsat,2.436553,0.096810,1.119820,0.742910,0.124130,0.000000,0.001540,
haskell.122.ground.smt2,,par_async,4,0,unsat,2.245733,0.095300,1.002310,0.715300,0.079690,0.000000,0.001140,
haskell.122.ground.smt2,,par_async,8,0,unsat,1.811986,0.095510,0.663900,0.637220,0.063060,0.000000,0.001530,
haskell.122.ground.smt2,,par_async,16,0,unsat,2.343985,0.096070,1.099170,0.739740,0.054540,0.000000,0.001990,
haskell.122.ground.smt2,,par_async,32,0,unsat,1.945842,0.096300,0.786250,0.656770,0.055720,0.000000,0.001800,
haskell.122.ground.smt2,,par_async,64,0,unsat,1.969788,0.095020,0.775010,0.673160,0.067210,0.000000,0.003190,
haskell.122.ground.smt2,,par_async,128,0,unsat,2.129690,0.096470,0.785620,0.816080,0.081980,0.000000,0.002750,
haskell.122.ground.smt2,,par_async,144,0,unsat,2.065318,0.103460,0.782000,0.738930,0.087510,0.000000,0.003830,
haskell.123.ground.smt2,,nelson_topo_iter,1,0,unsat,1.900835,0.092430,0.833400,0.642730,0.047270,0.000000,0.004060,
haskell.123.ground.smt2,,nelson_simple,1,0,unsat,1.593585,0.084960,0.643660,0.542410,0.033080,0.000000,0.003020,
haskell.123.ground.smt2,,par_async,1,0,unsat,1.925027,0.083620,0.734000,0.614000,0.197450,0.000000,0.001600,
haskell.123.ground.smt2,,par_async,2,0,unsat,1.644862,0.084470,0.640160,0.519240,0.118570,0.000000,0.002500,
haskell.123.ground.smt2,,par_async,4,0,unsat,2.052371,0.083350,0.910010,0.625710,0.122250,0.000000,0.005620,
haskell.123.ground.smt2,,par_async,8,0,unsat,2.141552,0.085640,1.028090,0.605210,0.104410,0.000000,0.012360,
haskell.123.ground.smt2,,par_async,16,0,unsat,1.682906,0.084530,0.659930,0.541430,0.081590,0.000000,0.024480,
haskell.123.ground.smt2,,par_async,32,0,unsat,1.827045,0.084130,0.691920,0.606630,0.090020,0.000000,0.051690,
haskell.123.ground.smt2,,par_async,64,0,unsat,1.720977,0.081860,0.559100,0.559050,0.092210,0.000000,0.100680,
haskell.123.ground.smt2,,par_async,128,0,unsat,1.992360,0.085740,0.772730,0.609210,0.096490,0.000000,0.120570,
haskell.123.ground.smt2,,par_async,144,0,unsat,2.011929,0.087320,0.721160,0.665420,0.113990,0.000000,0.139020,
haskell.124.ground.smt2,,nelson_topo_iter,1,0,unsat,1.086754,0.047540,0.409850,0.433660,0.030650,0.000000,0.003720,
haskell.124.ground.smt2,,nelson_simple,1,0,unsat,1.378998,0.048940,0.632650,0.492680,0.030500,0.000000,0.003560,
haskell.124.ground.smt2,,par_async,1,0,unsat,1.117482,0.048680,0.373740,0.391240,0.140910,0.000000,0.001900,
haskell.124.ground.smt2,,par_async,2,0,unsat,1.423477,0.048590,0.633280,0.469990,0.107220,0.000000,0.002520,
haskell.124.ground.smt2,,par_async,4,0,unsat,1.136103,0.048320,0.420460,0.415480,0.084350,0.000000,0.004400,
haskell.124.ground.smt2,,par_async,8,0,unsat,1.391014,0.048180,0.648070,0.449710,0.072280,0.000000,0.010500,
haskell.124.ground.smt2,,par_async,16,0,unsat,1.152617,0.047680,0.452010,0.403930,0.066300,0.000000,0.021480,
haskell.124.ground.smt2,,par_async,32,0,unsat,1.421310,0.062820,0.642750,0.441400,0.064040,0.000000,0.045600,
haskell.124.ground.smt2,,par_async,64,0,unsat,1.294296,0.047900,0.569740,0.374920,0.063030,0.000000,0.082780,
haskell.124.ground.smt2,,par_async,128,0,unsat,1.179376,0.045220,0.397770,0.394740,0.070350,0.000000,0.121750,
haskell.124.ground.smt2,,par_async,144,0,unsat,1.314173,0.048020,0.396250,0.523460,0.085990,0.000000,0.108950,
haskell.125.ground.smt2,,nelson_topo_iter,1,0,unsat,0.999446,0.048320,0.379650,0.390810,0.022690,0.000000,0.002570,
haskell.125.ground.smt2,,nelson_simple,1,0,unsat,0.976791,0.049080,0.353300,0.388650,0.029650,0.000000,0.002590,
haskell.125.ground.smt2,,par_async,1,0,unsat,1.034106,0.053890,0.336720,0.369490,0.118350,0.000000,0.001390,
haskell.125.ground.smt2,,par_async,2,0,unsat,0.987009,0.045340,0.330670,0.365120,0.089450,0.000000,0.002160,
haskell.125.ground.smt2,,par_async,4,0,unsat,1.024879,0.045750,0.383660,0.368420,0.069370,0.000000,0.003560,
haskell.125.ground.smt2,,par_async,8,0,unsat,0.954264,0.043050,0.316880,0.362300,0.064010,0.000000,0.010730,
haskell.125.ground.smt2,,par_async,16,0,unsat,1.039734,0.045800,0.384780,0.362040,0.058150,0.000000,0.026050,
haskell.125.ground.smt2,,par_async,32,0,unsat,0.972727,0.043830,0.316570,0.365300,0.056270,0.000000,0.035910,
haskell.125.ground.smt2,,par_async,64,0,unsat,1.112521,0.045820,0.372750,0.391260,0.063580,0.000000,0.090170,
haskell.125.ground.smt2,,par_async,128,0,unsat,1.170377,0.044810,0.397260,0.407110,0.075900,0.000000,0.100120,
haskell.125.ground.smt2,,par_async,144,0,unsat,1.297765,0.054750,0.517170,0.388780,0.065250,0.000000,0.120880,
haskell.126.ground.smt2,,nelson_topo_iter,1,0,unsat,1.201826,0.059340,0.485510,0.441740,0.026550,0.000000,0.002990,
haskell.126.ground.smt2,,nelson_simple,1,0,unsat,1.648353,0.070890,0.801060,0.537040,0.040230,0.000000,0.004140,
haskell.126.ground.smt2,,par_async,1,0,unsat,1.296667,0.058230,0.445740,0.454300,0.144710,0.000000,0.001640,
haskell.126.ground.smt2,,par_async,2,0,unsat,1.727494,0.057420,0.800380,0.517820,0.148040,0.000000,0.002810,
haskell.126.ground.smt2,,par_async,4,0,unsat,1.233252,0.057660,0.451160,0.441510,0.093330,0.000000,0.004410,
haskell.126.ground.smt2,,par_async,8,0,unsat,1.671980,0.055960,0.800980,0.518910,0.093040,0.000000,0.011400,
haskell.126.ground.smt2,,par_async,16,0,unsat,1.310053,0.057440,0.493060,0.448030,0.075460,0.000000,0.024560,
haskell.126.ground.smt2,,par_async,32,0,unsat,1.620327,0.056220,0.719950,0.511290,0.090280,0.000000,0.042050,
haskell.126.ground.smt2,,par_async,64,0,unsat,1.974824,0.076560,0.797710,0.708980,0.103660,0.000000,0.097430,
haskell.126.ground.smt2,,par_async,128,0,unsat,1.547040,0.057170,0.622440,0.464720,0.089230,0.000000,0.134830,
haskell.126.ground.smt2,,par_async,144,0,unsat,1.368822,0.056410,0.417450,0.474400,0.096520,0.000000,0.132560,
haskell.127.ground.smt2,,nelson_topo_iter,1,0,unsat,0.015118,0.000450,0.001160,0.003870,0.000110,0.000000,0.000050,
haskell.127.ground.smt2,,nelson_simple,1,0,unsat,0.015459,0.000380,0.001360,0.005530,0.000180,0.000000,0.000060,
haskell.127.ground.smt2,,par_async,1,0,unsat,0.015795,0.000390,0.001380,0.005700,0.000370,0.000000,0.000060,
haskell.127.ground.smt2,,par_async,2,0,unsat,0.015652,0.000390,0.001360,0.005800,0.000360,0.000000,0.000050,
haskell.127.ground.smt2,,par_async,4,0,unsat,0.015428,0.000390,0.001370,0.005990,0.000240,0.000000,0.000030,
haskell.127.ground.smt2,,par_async,8,0,unsat,0.012350,0.000310,0.001160,0.003930,0.000200,0.000000,0.000030,
haskell.127.ground.smt2,,par_async,16,0,unsat,0.012011,0.000230,0.000740,0.003670,0.000260,0.000000,0.000040,
haskell.127.ground.smt2,,par_async,32,0,unsat,0.016339,0.000390,0.001440,0.006300,0.000230,0.000000,0.000040,
haskell.127.ground.smt2,,par_async,64,0,unsat,0.024025,0.000350,0.001220,0.007820,0.002810,0.000000,0.000470,
haskell.127.ground.smt2,,par_async,128,0,unsat,0.024834,0.000250,0.000820,0.014980,0.000500,0.000000,0.000080,
haskell.127.ground.smt2,,par_async,144,0,unsat,0.035906,0.000360,0.000790,0.021140,0.000490,0.000000,0.000080,
haskell.128.ground.smt2,,nelson_topo_iter,1,0,unsat,0.171800,0.009670,0.070590,0.061280,0.008340,0.000000,0.000760,
haskell.128.ground.smt2,,nelson_simple,1,0,unsat,0.140362,0.010740,0.055980,0.047940,0.005430,0.000000,0.000560,
haskell.128.ground.smt2,,par_async,1,0,unsat,0.208725,0.008240,0.066560,0.075100,0.025070,0.000000,0.000980,
haskell.128.ground.smt2,,par_async,2,0,unsat,0.189021,0.008050,0.067920,0.068220,0.015150,0.000000,0.001040,
haskell.128.ground.smt2,,par_async,4,0,unsat,0.167344,0.009160,0.068640,0.056150,0.009000,0.000000,0.001150,
haskell.128.ground.smt2,,par_async,8,0,unsat,0.256346,0.010350,0.095500,0.099860,0.013800,0.000000,0.003380,
haskell.128.ground.smt2,,par_async,16,0,unsat,0.170112,0.006430,0.069870,0.057640,0.006650,0.000000,0.006150,
haskell.128.ground.smt2,,par_async,32,0,unsat,0.187788,0.010030,0.068390,0.064330,0.008430,0.000000,0.009090,
haskell.128.ground.smt2,,par_async,64,0,unsat,0.208955,0.007930,0.067070,0.078760,0.008260,0.000000,0.024750,
haskell.128.ground.smt2,,par_async,128,0,unsat,0.232628,0.007870,0.064750,0.094630,0.009470,0.000000,0.028490,
haskell.128.ground.smt2,,par_async,144,0,unsat,0.243707,0.009030,0.066350,0.094130,0.008870,0.000000,0.038610,
haskell.129.ground.smt2,,nelson_topo_iter,1,0,unsat,0.156843,0.006270,0.064680,0.057480,0.007840,0.000000,0.000720,
haskell.129.ground.smt2,,nelson_simple,1,0,unsat,0.215295,0.009840,0.070380,0.092840,0.010700,0.000000,0.001230,
haskell.129.ground.smt2,,par_async,1,0,unsat,0.175479,0.009680,0.069990,0.058900,0.013330,0.000000,0.000510,
haskell.129.ground.smt2,,par_async,2,0,unsat,0.165000,0.010320,0.066200,0.054930,0.010480,0.000000,0.000730,
haskell.129.ground.smt2,,par_async,4,0,unsat,0.215040,0.009760,0.088760,0.076110,0.012080,0.000000,0.001220,
haskell.129.ground.smt2,,par_async,8,0,unsat,0.165315,0.009500,0.067970,0.052170,0.007920,0.000000,0.006080,
haskell.129.ground.smt2,,par_async,16,0,unsat,0.170628,0.009540,0.067230,0.054710,0.007240,0.000000,0.008370,
haskell.129.ground.smt2,,par_async,32,0,unsat,0.174900,0.009660,0.067480,0.058000,0.006540,0.000000,0.010890,
haskell.129.ground.smt2,,par_async,64,0,unsat,0.191885,0.005980,0.066890,0.069480,0.008490,0.000000,0.017250,
haskell.129.ground.smt2,,par_async,128,0,unsat,0.242628,0.007170,0.066930,0.099210,0.009330,0.000000,0.035540,
haskell.129.ground.smt2,,par_async,144,0,unsat,0.247560,0.007960,0.066860,0.099980,0.009060,0.000000,0.039770,
haskell.13.ground.smt2,,nelson_topo_iter,1,0,unsat,1.249606,0.052190,0.491340,0.477760,0.037860,0.000000,0.003960,
haskell.13.ground.smt2,,nelson_simple,1,0,unsat,1.144700,0.056150,0.417640,0.450760,0.030740,0.000000,0.002870,
haskell.13.ground.smt2,,par_async,1,0,unsat,1.302018,0.052270,0.449730,0.456760,0.153600,0.000000,0.002130,
haskell.13.ground.smt2,,par_async,2,0,unsat,1.063319,0.051300,0.369510,0.366500,0.092920,0.000000,0.002150,
haskell.13.ground.smt2,,par_async,4,0,unsat,1.204939,0.053450,0.467910,0.420570,0.077270,0.000000,0.004330,
haskell.13.ground.smt2,,par_async,8,0,unsat,1.344982,0.047500,0.557820,0.461130,0.080420,0.000000,0.013590,
haskell.13.ground.smt2,,par_async,16,0,unsat,1.215225,0.054420,0.476390,0.411890,0.066070,0.000000,0.025170,
haskell.13.ground.smt2,,par_async,32,0,unsat,1.570118,0.052870,0.717360,0.490450,0.070890,0.000000,0.051410,
haskell.13.ground.smt2,,par_async,64,0,unsat,1.685969,0.074240,0.762260,0.491000,0.086870,0.000000,0.076640,
haskell.13.ground.smt2,,par_async,128,0,unsat,1.367834,0.054950,0.443350,0.479600,0.087200,0.000000,0.129630,
haskell.13.ground.smt2,,par_async,144,0,unsat,1.306646,0.058890,0.397100,0.455460,0.072970,0.000000,0.138810,
haskell.130.ground.smt2,,nelson_topo_iter,1,0,unsat,1.620490,0.090740,0.655730,0.541350,0.047120,0.000000,0.002980,
haskell.130.ground.smt2,,nelson_simple,1,0,unsat,2.095329,0.109340,0.994470,0.643980,0.051780,0.000000,0.004160,
haskell.130.ground.smt2,,par_async,1,0,unsat,1.551749,0.084170,0.551990,0.519870,0.106680,0.000000,0.001610,
haskell.130.ground.smt2,,par_async,2,0,unsat,1.610205,0.081410,0.616310,0.545810,0.081060,0.000000,0.002060,
haskell.130.ground.smt2,,par_async,4,0,unsat,1.638582,0.082330,0.672110,0.528960,0.069020,0.000000,0.004740,
haskell.130.ground.smt2,,par_async,8,0,unsat,2.023839,0.079220,0.946680,0.629400,0.062060,0.000000,0.010590,
haskell.130.ground.smt2,,par_async,16,0,unsat,1.944277,0.074560,0.846810,0.638060,0.063210,0.000000,0.028360,
haskell.130.ground.smt2,,par_async,32,0,unsat,1.962520,0.081120,0.865070,0.625540,0.055990,0.000000,0.050590,
haskell.130.ground.smt2,,par_async,64,0,unsat,2.002553,0.080850,0.825300,0.654860,0.068880,0.000000,0.097590,
haskell.130.ground.smt2,,par_async,128,0,unsat,1.995686,0.083520,0.816220,0.628020,0.061380,0.000000,0.129600,
haskell.130.ground.smt2,,par_async,144,0,unsat,1.995346,0.087810,0.779870,0.631190,0.070640,0.000000,0.131460,
haskell.131.ground.smt2,,nelson_topo_iter,1,0,unsat,1.785578,0.090320,0.768090,0.608560,0.044160,0.000000,0.003740,
haskell.131.ground.smt2,,nelson_simple,1,0,unsat,1.433426,0.088850,0.533400,0.507280,0.034940,0.000000,0.002770,
haskell.131.ground.smt2,,par_async,1,0,unsat,1.516745,0.089070,0.537450,0.492410,0.125740,0.000000,0.001520,
haskell.131.ground.smt2,,par_async,2,0,unsat,1.485408,0.089120,0.534230,0.486330,0.101910,0.000000,0.002270,
haskell.131.ground.smt2,,par_async,4,0,unsat,1.465010,0.089940,0.538590,0.488550,0.088080,0.000000,0.004320,
haskell.131.ground.smt2,,par_async,8,0,unsat,2.051024,0.127180,0.981890,0.579820,0.086580,0.000000,0.010130,
haskell.131.ground.smt2,,par_async,16,0,unsat,1.490620,0.091120,0.541960,0.495440,0.070650,0.000000,0.024950,
haskell.131.ground.smt2,,par_async,32,0,unsat,1.580475,0.089070,0.559540,0.546750,0.071320,0.000000,0.040900,
haskell.131.ground.smt2,,par_async,64,0,unsat,1.898905,0.088920,0.607340,0.750110,0.100360,0.000000,0.083290,
haskell.131.ground.smt2,,par_async,128,0,unsat,1.654509,0.090160,0.542190,0.585000,0.081860,0.000000,0.115580,
haskell.131.ground.smt2,,par_async,144,0,unsat,1.811959,0.098880,0.630920,0.603850,0.086180,0.000000,0.134260,
haskell.132.ground.smt2,,nelson_topo_iter,1,0,unsat,2.129636,0.114570,0.936340,0.692450,0.072040,0.000000,0.003340,
haskell.132.ground.smt2,,nelson_simple,1,0,unsat,1.745402,0.104720,0.660660,0.616990,0.050250,0.000000,0.003510,
haskell.132.ground.smt2,,par_async,1,0,unsat,2.467563,0.105200,1.151000,0.723930,0.171740,0.000000,0.002440,
haskell.132.ground.smt2,,par_async,2,0,unsat,2.107228,0.094730,0.894660,0.703480,0.095310,0.000000,0.002820,
haskell.132.ground.smt2,,par_async,4,0,unsat,2.440815,0.118600,1.182950,0.715620,0.099410,0.000000,0.006640,
haskell.132.ground.smt2,,par_async,8,0,unsat,2.354010,0.104750,1.117490,0.711950,0.085010,0.000000,0.012810,
haskell.132.ground.smt2,,par_async,16,0,unsat,1.880999,0.102120,0.766620,0.608140,0.061680,0.000000,0.029520,
haskell.132.ground.smt2,,par_async,32,0,unsat,1.919957,0.105290,0.794800,0.610460,0.062330,0.000000,0.037160,
haskell.132.ground.smt2,,par_async,64,0,unsat,1.946693,0.104400,0.690810,0.637270,0.076290,0.000000,0.114070,
haskell.132.ground.smt2,,par_async,128,0,unsat,2.712964,0.149030,1.165650,0.848590,0.091850,0.000000,0.132500,
haskell.132.ground.smt2,,par_async,144,0,unsat,2.124009,0.111870,0.787940,0.701540,0.079270,0.000000,0.154790,
haskell.133.ground.smt2,,nelson_topo_iter,1,0,unsat,1.928406,0.085330,0.807990,0.672130,0.073780,0.000000,0.003360,
haskell.133.ground.smt2,,nelson_simple,1,0,unsat,1.641315,0.088590,0.637620,0.575740,0.045100,0.000000,0.003390,
haskell.133.ground.smt2,,par_async,1,0,unsat,2.202307,0.083920,1.031530,0.655970,0.141160,0.000000,0.002430,
haskell.133.ground.smt2,,par_async,2,0,unsat,1.560340,0.083970,0.560840,0.543120,0.079700,0.000000,0.002770,
haskell.133.ground.smt2,,par_async,4,0,unsat,1.627354,0.083650,0.634750,0.561940,0.065280,0.000000,0.005320,
haskell.133.ground.smt2,,par_async,8,0,unsat,1.884572,0.082620,0.795290,0.637040,0.068580,0.000000,0.012540,
haskell.133.ground.smt2,,par_async,16,0,unsat,1.641381,0.081700,0.624760,0.567030,0.047620,0.000000,0.028480,
haskell.133.ground.smt2,,par_async,32,0,unsat,1.922925,0.082840,0.802290,0.638400,0.054020,0.000000,0.053760,
haskell.133.ground.smt2,,par_async,64,0,unsat,1.782438,0.081010,0.655210,0.590470,0.062990,0.000000,0.102350,
haskell.133.ground.smt2,,par_async,128,0,unsat,1.805808,0.083270,0.561830,0.688290,0.064920,0.000000,0.142600,
haskell.133.ground.smt2,,par_async,144,0,unsat,2.039233,0.090320,0.794860,0.649540,0.059970,0.000000,0.153200,
haskell.134.ground.smt2,,nelson_topo_iter,1,0,unsat,1.369058,0.055340,0.608190,0.474990,0.047100,0.000000,0.003760,
haskell.134.ground.smt2,,nelson_simple,1,0,unsat,1.122833,0.055500,0.435910,0.425180,0.028240,0.000000,0.002810,
haskell.134.ground.smt2,,par_async,1,0,unsat,1.549405,0.054130,0.665060,0.501310,0.145530,0.000000,0.002120,
haskell.134.ground.smt2,,par_async,2,0,unsat,1.587746,0.054620,0.743570,0.495400,0.108570,0.000000,0.002760,
haskell.134.ground.smt2,,par_async,4,0,unsat,1.512236,0.071770,0.745670,0.444750,0.071160,0.000000,0.003610,
haskell.134.ground.smt2,,par_async,8,0,unsat,1.546229,0.074330,0.738450,0.465920,0.076320,0.000000,0.010720,
haskell.134.ground.smt2,,par_async,16,0,unsat,1.056180,0.048860,0.369590,0.369310,0.061110,0.000000,0.026830,
haskell.134.ground.smt2,,par_async,32,0,unsat,1.202343,0.051830,0.420470,0.442900,0.060250,0.000000,0.049240,
haskell.134.ground.smt2,,par_async,64,0,unsat,1.288290,0.046590,0.427490,0.469630,0.080810,0.000000,0.081530,
haskell.134.ground.smt2,,par_async,128,0,unsat,1.241048,0.054990,0.408240,0.422930,0.073620,0.000000,0.119310,
haskell.134.ground.smt2,,par_async,144,0,unsat,1.584717,0.052870,0.468910,0.686580,0.085690,0.000000,0.123950,
haskell.135.ground.smt2,,nelson_topo_iter,1,0,unsat,1.572566,0.089280,0.634740,0.523190,0.040420,0.000000,0.002750,
haskell.135.ground.smt2,,nelson_simple,1,0,unsat,2.132793,0.123570,1.037000,0.629580,0.044990,0.000000,0.003840,
haskell.135.ground.smt2,,par_async,1,0,unsat,1.621458,0.091020,0.595880,0.539610,0.115030,0.000000,0.001550,
haskell.135.ground.smt2,,par_async,2,0,unsat,1.618724,0.082580,0.642240,0.509330,0.096770,0.000000,0.001930,
haskell.135.ground.smt2,,par_async,4,0,unsat,1.983543,0.082300,0.889310,0.616940,0.095570,0.000000,0.005230,
haskell.135.ground.smt2,,par_async,8,0,unsat,2.016814,0.085170,0.923990,0.618020,0.081410,0.000000,0.010830,
haskell.135.ground.smt2,,par_async,16,0,unsat,1.977373,0.083920,0.879870,0.613020,0.075390,0.000000,0.030750,
haskell.135.ground.smt2,,par_async,32,0,unsat,1.943275,0.084320,0.843480,0.612000,0.068030,0.000000,0.040940,
haskell.135.ground.smt2,,par_async,64,0,unsat,1.937567,0.083020,0.762130,0.634130,0.085090,0.000000,0.084370,
haskell.135.ground.smt2,,par_async,128,0,unsat,2.017287,0.081920,0.649430,0.791360,0.085300,0.000000,0.127840,
haskell.135.ground.smt2,,par_async,144,0,unsat,1.786492,0.090380,0.624440,0.581080,0.076430,0.000000,0.135110,
haskell.136.ground.smt2,,nelson_topo_iter,1,0,unsat,1.571444,0.085750,0.575510,0.553820,0.058210,0.000000,0.002920,
haskell.136.ground.smt2,,nelson_simple,1,0,unsat,1.542252,0.084850,0.566990,0.553870,0.042390,0.000000,0.003010,
haskell.136.ground.smt2,,par_async,1,0,unsat,1.682061,0.084880,0.651940,0.548440,0.101830,0.000000,0.001630,
haskell.136.ground.smt2,,par_async,2,0,unsat,1.974282,0.086160,0.830980,0.643300,0.103240,0.000000,0.003230,
haskell.136.ground.smt2,,par_async,4,0,unsat,1.964391,0.086470,0.843590,0.641250,0.081620,0.000000,0.005110,
haskell.136.ground.smt2,,par_async,8,0,unsat,1.803700,0.086370,0.697400,0.636680,0.070600,0.000000,0.012440,
haskell.136.ground.smt2,,par_async,16,0,unsat,1.674904,0.084180,0.670700,0.558950,0.048130,0.000000,0.024990,
haskell.136.ground.smt2,,par_async,32,0,unsat,1.858777,0.081510,0.753590,0.624210,0.054830,0.000000,0.050100,
haskell.136.ground.smt2,,par_async,64,0,unsat,1.778585,0.086910,0.662740,0.578180,0.060500,0.000000,0.092980,
haskell.136.ground.smt2,,par_async,128,0,unsat,2.400098,0.085940,0.895330,0.899030,0.075440,0.000000,0.120800,
haskell.136.ground.smt2,,par_async,144,0,unsat,1.983935,0.092540,0.744210,0.670940,0.064050,0.000000,0.127790,
haskell.137.ground.smt2,,nelson_topo_iter,1,0,unsat,1.735167,0.082590,0.674990,0.618320,0.073760,0.000000,0.003910,
haskell.137.ground.smt2,,nelson_simple,1,0,unsat,1.453893,0.092180,0.524720,0.518810,0.038750,0.000000,0.002990,
haskell.137.ground.smt2,,par_async,1,0,unsat,2.101340,0.100460,0.980710,0.601710,0.133690,0.000000,0.002120,
haskell.137.ground.smt2,,par_async,2,0,unsat,1.475448,0.083150,0.534750,0.499010,0.082220,0.000000,0.002000,
haskell.137.ground.smt2,,par_async,4,0,unsat,1.459524,0.082470,0.536530,0.499390,0.065850,0.000000,0.003620,
haskell.137.ground.smt2,,par_async,8,0,unsat,2.012281,0.120590,0.954300,0.588240,0.060840,0.000000,0.011710,
haskell.137.ground.smt2,,par_async,16,0,unsat,1.487835,0.082460,0.520190,0.507910,0.046750,0.000000,0.025590,
haskell.137.ground.smt2,,par_async,32,0,unsat,2.048278,0.118320,0.952200,0.589160,0.057850,0.000000,0.040470,
haskell.137.ground.smt2,,par_async,64,0,unsat,1.624643,0.082370,0.524660,0.571680,0.060760,0.000000,0.090990,
haskell.137.ground.smt2,,par_async,128,0,unsat,1.762753,0.082830,0.624500,0.605960,0.064900,0.000000,0.120450,
haskell.137.ground.smt2,,par_async,144,0,unsat,2.266873,0.092940,0.828080,0.867270,0.071380,0.000000,0.127350,
haskell.139.ground.smt2,,nelson_topo_iter,1,0,unsat,0.020331,0.000760,0.004800,0.005940,0.000350,0.000000,0.000070,
haskell.139.ground.smt2,,nelson_simple,1,0,unsat,0.021403,0.000780,0.004310,0.006270,0.000380,0.000000,0.000090,
haskell.139.ground.smt2,,par_async,1,0,unsat,0.022710,0.000680,0.006270,0.007000,0.000750,0.000000,0.000050,
haskell.139.ground.smt2,,par_async,2,0,unsat,0.022641,0.000670,0.005760,0.007550,0.000640,0.000000,0.000100,
haskell.139.ground.smt2,,par_async,4,0,unsat,0.019367,0.000490,0.004920,0.005980,0.000620,0.000000,0.000500,
haskell.139.ground.smt2,,par_async,8,0,unsat,0.023666,0.000770,0.006570,0.007120,0.000580,0.000000,0.000400,
haskell.139.ground.smt2,,par_async,16,0,unsat,0.020627,0.000620,0.005190,0.005280,0.000570,0.000000,0.001350,
haskell.139.ground.smt2,,par_async,32,0,unsat,0.023033,0.000520,0.004120,0.008590,0.000590,0.000000,0.001150,
haskell.139.ground.smt2,,par_async,64,0,unsat,0.025187,0.000340,0.003110,0.014250,0.000790,0.000000,0.000970,
haskell.139.ground.smt2,,par_async,128,0,unsat,0.044772,0.000460,0.003690,0.028840,0.001180,0.000000,0.001820,
haskell.139.ground.smt2,,par_async,144,0,unsat,0.041455,0.000480,0.003650,0.025210,0.001470,0.000000,0.002270,
haskell.14.ground.smt2,,nelson_topo_iter,1,0,unsat,1.988544,0.121660,0.944010,0.610840,0.055850,0.000000,0.004260,
haskell.14.ground.smt2,,nelson_simple,1,0,unsat,1.991002,0.118190,0.954660,0.618250,0.042410,0.000000,0.004390,
haskell.14.ground.smt2,,par_async,1,0,unsat,1.493591,0.109790,0.523990,0.483220,0.140150,0.000000,0.001780,
haskell.14.ground.smt2,,par_async,2,0,unsat,2.022375,0.105770,0.959480,0.578240,0.129580,0.000000,0.002110,
haskell.14.ground.smt2,,par_async,4,0,unsat,2.019268,0.126460,0.942560,0.579290,0.102100,0.000000,0.001290,
haskell.14.ground.smt2,,par_async,8,0,unsat,1.408257,0.085820,0.510310,0.499370,0.071270,0.000000,0.001540,
haskell.14.ground.smt2,,par_async,16,0,unsat,1.970066,0.088650,0.982350,0.584140,0.066110,0.000000,0.001940,
haskell.14.ground.smt2,,par_async,32,0,unsat,1.879369,0.083240,0.884440,0.592970,0.069210,0.000000,0.001920,
haskell.14.ground.smt2,,par_async,64,0,unsat,1.660393,0.085420,0.705540,0.542210,0.080010,0.000000,0.002950,
haskell.14.ground.smt2,,par_async,128,0,unsat,2.000320,0.087040,0.983230,0.583300,0.093660,0.000000,0.002920,
haskell.14.ground.smt2,,par_async,144,0,unsat,1.936969,0.097890,0.933100,0.566190,0.096260,0.000000,0.003400,
haskell.140.ground.smt2,,nelson_topo_iter,1,0,unsat,0.998760,0.051560,0.418700,0.365190,0.025490,0.000000,0.003040,
haskell.140.ground.smt2,,nelson_simple,1,0,unsat,1.264325,0.045860,0.576470,0.432430,0.063170,0.000000,0.003950,
haskell.140.ground.smt2,,par_async,1,0,unsat,0.912226,0.048110,0.294330,0.312840,0.119790,0.000000,0.001610,
haskell.140.ground.smt2,,par_async,2,0,unsat,0.942721,0.047350,0.350150,0.320660,0.089530,0.000000,0.001890,
haskell.140.ground.smt2,,par_async,4,0,unsat,1.270708,0.060640,0.596950,0.395770,0.076330,0.000000,0.004020,
haskell.140.ground.smt2,,par_async,8,0,unsat,0.921739,0.048770,0.358600,0.314300,0.059630,0.000000,0.008400,
haskell.140.ground.smt2,,par_async,16,0,unsat,0.874120,0.046690,0.307920,0.311820,0.054540,0.000000,0.017910,
haskell.140.ground.smt2,,par_async,32,0,unsat,0.835894,0.043860,0.277240,0.296920,0.053070,0.000000,0.030320,
haskell.140.ground.smt2,,par_async,64,0,unsat,1.154299,0.045270,0.481290,0.368780,0.065590,0.000000,0.064010,
haskell.140.ground.smt2,,par_async,128,0,unsat,1.093752,0.043750,0.271480,0.443920,0.080270,0.000000,0.099650,
haskell.140.ground.smt2,,par_async,144,0,unsat,1.032790,0.048700,0.271680,0.409990,0.074250,0.000000,0.097470,
haskell.141.ground.smt2,,nelson_topo_iter,1,0,unsat,0.864850,0.044660,0.336800,0.325960,0.025740,0.000000,0.002870,
haskell.141.ground.smt2,,nelson_simple,1,0,unsat,0.797695,0.043200,0.300900,0.296140,0.024360,0.000000,0.002100,
haskell.141.ground.smt2,,par_async,1,0,unsat,1.175522,0.042950,0.444930,0.402460,0.138450,0.000000,0.001850,
haskell.141.ground.smt2,,par_async,2,0,unsat,0.766203,0.041260,0.261350,0.259380,0.072100,0.000000,0.001600,
haskell.141.ground.smt2,,par_async,4,0,unsat,0.930657,0.041480,0.351590,0.324520,0.075590,0.000000,0.004160,
haskell.141.ground.smt2,,par_async,8,0,unsat,0.821796,0.040200,0.277130,0.305510,0.059770,0.000000,0.008350,
haskell.141.ground.smt2,,par_async,16,0,unsat,0.934877,0.043100,0.350410,0.321260,0.054390,0.000000,0.020140,
haskell.141.ground.smt2,,par_async,32,0,unsat,1.268760,0.043070,0.594460,0.404520,0.062620,0.000000,0.028950,
haskell.141.ground.smt2,,par_async,64,0,unsat,0.946120,0.043680,0.327360,0.319460,0.056000,0.000000,0.074530,
haskell.141.ground.smt2,,par_async,128,0,unsat,1.017219,0.041630,0.350260,0.347570,0.060230,0.000000,0.095930,
haskell.141.ground.smt2,,par_async,144,0,unsat,0.987048,0.043090,0.329290,0.335030,0.059900,0.000000,0.102140,
haskell.142.ground.smt2,,nelson_topo_iter,1,0,unsat,0.874920,0.046490,0.345040,0.326230,0.025250,0.000000,0.002860,
haskell.142.ground.smt2,,nelson_simple,1,0,unsat,0.776848,0.049420,0.294700,0.273330,0.026290,0.000000,0.002140,
haskell.142.ground.smt2,,par_async,1,0,unsat,1.267024,0.043880,0.507540,0.421600,0.152080,0.000000,0.002030,
haskell.142.ground.smt2,,par_async,2,0,unsat,0.866980,0.043640,0.288770,0.313530,0.088630,0.000000,0.002570,
haskell.142.ground.smt2,,par_async,4,0,unsat,1.246729,0.050410,0.586700,0.396850,0.075040,0.000000,0.004200,
haskell.142.ground.smt2,,par_async,8,0,unsat,0.902609,0.043240,0.345140,0.315200,0.060090,0.000000,0.007910,
haskell.142.ground.smt2,,par_async,16,0,unsat,0.893113,0.043410,0.332710,0.310620,0.053850,0.000000,0.020480,
haskell.142.ground.smt2,,par_async,32,0,unsat,0.813091,0.037810,0.267180,0.302320,0.047530,0.000000,0.027530,
haskell.142.ground.smt2,,par_async,64,0,unsat,1.083535,0.040780,0.378200,0.373230,0.064780,0.000000,0.091220,
haskell.142.ground.smt2,,par_async,128,0,unsat,1.246306,0.046340,0.581980,0.330950,0.061260,0.000000,0.101770,
haskell.142.ground.smt2,,par_async,144,0,unsat,0.996849,0.041900,0.320490,0.356080,0.061270,0.000000,0.094230,
haskell.143.ground.smt2,,nelson_topo_iter,1,0,unsat,0.011865,0.000280,0.000610,0.003460,0.000040,0.000000,0.000030,
haskell.143.ground.smt2,,nelson_simple,1,0,unsat,0.005987,0.000120,0.000270,0.001800,0.000040,0.000000,0.000020,
haskell.143.ground.smt2,,par_async,1,0,unsat,0.011814,0.000290,0.000610,0.004020,0.000330,0.000000,0.000020,
haskell.143.ground.smt2,,par_async,2,0,unsat,0.008149,0.000180,0.000400,0.002210,0.000250,0.000000,0.000020,
haskell.143.ground.smt2,,par_async,4,0,unsat,0.011983,0.000250,0.000510,0.004280,0.000460,0.000000,0.000030,
haskell.143.ground.smt2,,par_async,8,0,unsat,0.008351,0.000160,0.000390,0.002400,0.000240,0.000000,0.000020,
haskell.143.ground.smt2,,par_async,16,0,unsat,0.013093,0.000210,0.000470,0.004760,0.000420,0.000000,0.000030,
haskell.143.ground.smt2,,par_async,32,0,unsat,0.013074,0.000240,0.000570,0.005070,0.000330,0.000000,0.000020,
haskell.143.ground.smt2,,par_async,64,0,unsat,0.016357,0.000260,0.000580,0.007150,0.000480,0.000000,0.000500,
haskell.143.ground.smt2,,par_async,128,0,unsat,0.028330,0.000210,0.000360,0.013120,0.002860,0.000000,0.001250,
haskell.143.ground.smt2,,par_async,144,0,unsat,0.035907,0.000210,0.000390,0.017840,0.000880,0.000000,0.005980,
haskell.146.ground.smt2,,nelson_topo_iter,1,0,unsat,0.049835,0.002270,0.018480,0.019240,0.001830,0.000000,0.000270,
haskell.146.ground.smt2,,nelson_simple,1,0,unsat,0.054555,0.002830,0.020290,0.019380,0.002140,0.000000,0.000300,
haskell.146.ground.smt2,,par_async,1,0,unsat,0.055883,0.003050,0.021020,0.018080,0.003570,0.000000,0.000180,
haskell.146.ground.smt2,,par_async,2,0,unsat,0.082184,0.003250,0.028450,0.031910,0.004860,0.000000,0.000340,
haskell.146.ground.smt2,,par_async,4,0,unsat,0.052415,0.002650,0.018450,0.018630,0.002170,0.000000,0.000320,
haskell.146.ground.smt2,,par_async,8,0,unsat,0.045284,0.001400,0.015940,0.016220,0.001680,0.000000,0.000820,
haskell.146.ground.smt2,,par_async,16,0,unsat,0.048408,0.001570,0.016980,0.017090,0.001870,0.000000,0.003160,
haskell.146.ground.smt2,,par_async,32,0,unsat,0.053350,0.002050,0.018330,0.019060,0.001530,0.000000,0.003570,
haskell.146.ground.smt2,,par_async,64,0,unsat,0.075608,0.002140,0.018410,0.033860,0.002440,0.000000,0.008370,
haskell.146.ground.smt2,,par_async,128,0,unsat,0.079192,0.001970,0.018030,0.034660,0.002880,0.000000,0.011480,
haskell.146.ground.smt2,,par_async,144,0,unsat,0.092705,0.002040,0.019560,0.045060,0.002490,0.000000,0.011590,
haskell.147.ground.smt2,,nelson_topo_iter,1,0,unsat,0.079591,0.002730,0.034520,0.029860,0.002270,0.000000,0.000330,
haskell.147.ground.smt2,,nelson_simple,1,0,unsat,0.088064,0.003710,0.036900,0.031600,0.002560,0.000000,0.000360,
haskell.147.ground.smt2,,par_async,1,0,unsat,0.090389,0.004420,0.037250,0.029310,0.005940,0.000000,0.000240,
haskell.147.ground.smt2,,par_async,2,0,unsat,0.073476,0.001980,0.030370,0.026230,0.004440,0.000000,0.000240,
haskell.147.ground.smt2,,par_async,4,0,unsat,0.080967,0.003090,0.034450,0.028400,0.003660,0.000000,0.000510,
haskell.147.ground.smt2,,par_async,8,0,unsat,0.084856,0.003330,0.034050,0.028160,0.003020,0.000000,0.001440,
haskell.147.ground.smt2,,par_async,16,0,unsat,0.087657,0.003830,0.034730,0.029360,0.002680,0.000000,0.003670,
haskell.147.ground.smt2,,par_async,32,0,unsat,0.091598,0.004240,0.034630,0.029780,0.002680,0.000000,0.007210,
haskell.147.ground.smt2,,par_async,64,0,unsat,0.110869,0.002910,0.034090,0.045970,0.004020,0.000000,0.010250,
haskell.147.ground.smt2,,par_async,128,0,unsat,0.140461,0.002950,0.034060,0.066800,0.004720,0.000000,0.015520,
haskell.147.ground.smt2,,par_async,144,0,unsat,0.141230,0.002890,0.033450,0.070130,0.004450,0.000000,0.014080,
haskell.149.ground.smt2,,nelson_topo_iter,1,0,unsat,0.011172,0.000230,0.000340,0.003850,0.000050,0.000000,0.000030,
haskell.149.ground.smt2,,nelson_simple,1,0,unsat,0.012477,0.000260,0.000410,0.004280,0.000050,0.000000,0.000040,
haskell.149.ground.smt2,,par_async,1,0,unsat,0.010792,0.000240,0.000390,0.003080,0.000300,0.000000,0.000010,
haskell.149.ground.smt2,,par_async,2,0,unsat,0.010870,0.000180,0.000270,0.003380,0.000350,0.000000,0.000020,
haskell.149.ground.smt2,,par_async,4,0,unsat,0.012638,0.000230,0.000370,0.004460,0.000510,0.000000,0.000030,
haskell.149.ground.smt2,,par_async,8,0,unsat,0.013364,0.000260,0.000430,0.004940,0.000510,0.000000,0.000070,
haskell.149.ground.smt2,,par_async,16,0,unsat,0.013090,0.000240,0.000400,0.005040,0.000320,0.000000,0.000020,
haskell.149.ground.smt2,,par_async,32,0,unsat,0.012628,0.000230,0.000360,0.004530,0.000320,0.000000,0.000020,
haskell.149.ground.smt2,,par_async,64,0,unsat,0.016960,0.000160,0.000240,0.006850,0.001280,0.000000,0.000510,
haskell.149.ground.smt2,,par_async,128,0,unsat,0.020679,0.000260,0.000410,0.010800,0.000350,0.000000,0.000030,
haskell.149.ground.smt2,,par_async,144,0,unsat,0.034417,0.000230,0.000360,0.011420,0.009270,0.000000,0.001890,
haskell.15.ground.smt2,,nelson_topo_iter,1,0,unsat,1.350278,0.056900,0.559140,0.502850,0.048910,0.000000,0.004140,
haskell.15.ground.smt2,,nelson_simple,1,0,unsat,1.133046,0.055730,0.407110,0.453500,0.035210,0.000000,0.003150,
haskell.15.ground.smt2,,par_async,1,0,unsat,1.248402,0.055680,0.451690,0.409470,0.149180,0.000000,0.001650,
haskell.15.ground.smt2,,par_async,2,0,unsat,1.631297,0.081270,0.738670,0.482200,0.145650,0.000000,0.002600,
haskell.15.ground.smt2,,par_async,4,0,unsat,1.231839,0.056440,0.477490,0.418080,0.098780,0.000000,0.004920,
haskell.15.ground.smt2,,par_async,8,0,unsat,1.424073,0.055380,0.606060,0.456330,0.108790,0.000000,0.012860,
haskell.15.ground.smt2,,par_async,16,0,unsat,1.289313,0.054510,0.472520,0.458840,0.093250,0.000000,0.028210,
haskell.15.ground.smt2,,par_async,32,0,unsat,1.195331,0.054920,0.411230,0.406250,0.096820,0.000000,0.040620,
haskell.15.ground.smt2,,par_async,64,0,unsat,1.392750,0.056020,0.481840,0.474840,0.103760,0.000000,0.097450,
haskell.15.ground.smt2,,par_async,128,0,unsat,1.340264,0.054100,0.430150,0.448760,0.100600,0.000000,0.132980,
haskell.15.ground.smt2,,par_async,144,0,unsat,1.394576,0.054100,0.392540,0.499470,0.107230,0.000000,0.151970,
haskell.150.ground.smt2,,nelson_topo_iter,1,0,unsat,0.011508,0.000290,0.000510,0.002830,0.000030,0.000000,0.000020,
haskell.150.ground.smt2,,nelson_simple,1,0,unsat,0.010761,0.000260,0.000450,0.003330,0.000030,0.000000,0.000020,
haskell.150.ground.smt2,,par_async,1,0,unsat,0.012072,0.000250,0.000410,0.004100,0.000470,0.000000,0.000020,
haskell.150.ground.smt2,,par_async,2,0,unsat,0.012016,0.000220,0.000370,0.003950,0.000420,0.000000,0.000030,
haskell.150.ground.smt2,,par_async,4,0,unsat,0.007996,0.000140,0.000210,0.001790,0.000230,0.000000,0.000020,
haskell.150.ground.smt2,,par_async,8,0,unsat,0.012755,0.000240,0.000410,0.004510,0.000430,0.000000,0.000030,
haskell.150.ground.smt2,,par_async,16,0,unsat,0.008710,0.000170,0.000270,0.002900,0.000320,0.000000,0.000020,
haskell.150.ground.smt2,,par_async,32,0,unsat,0.010756,0.000170,0.000260,0.003900,0.000360,0.000000,0.000030,
haskell.150.ground.smt2,,par_async,64,0,unsat,0.025241,0.000230,0.000420,0.006120,0.003690,0.000000,0.000430,
haskell.150.ground.smt2,,par_async,128,0,unsat,0.019507,0.000160,0.000260,0.011840,0.000420,0.000000,0.000080,
haskell.150.ground.smt2,,par_async,144,0,unsat,0.026875,0.000160,0.000250,0.017570,0.000530,0.000000,0.000050,
haskell.151.ground.smt2,,nelson_topo_iter,1,0,unsat,0.400329,0.015240,0.152610,0.158240,0.016680,0.000000,0.001860,
haskell.151.ground.smt2,,nelson_simple,1,0,unsat,0.630876,0.014740,0.236200,0.277440,0.032070,0.000000,0.002390,
haskell.151.ground.smt2,,par_async,1,0,unsat,0.428174,0.018070,0.149810,0.148750,0.044410,0.000000,0.000860,
haskell.151.ground.smt2,,par_async,2,0,unsat,0.411909,0.017190,0.149110,0.147810,0.033330,0.000000,0.001200,
haskell.151.ground.smt2,,par_async,4,0,unsat,0.610677,0.016020,0.198210,0.255330,0.057860,0.000000,0.004040,
haskell.151.ground.smt2,,par_async,8,0,unsat,0.351374,0.016330,0.118610,0.128320,0.024910,0.000000,0.005050,
haskell.151.ground.smt2,,par_async,16,0,unsat,0.604841,0.017330,0.203650,0.254550,0.047720,0.000000,0.012540,
haskell.151.ground.smt2,,par_async,32,0,unsat,0.375065,0.016590,0.115180,0.138190,0.021540,0.000000,0.022540,
haskell.151.ground.smt2,,par_async,64,0,unsat,0.528686,0.015290,0.163090,0.213230,0.033630,0.000000,0.042860,
haskell.151.ground.smt2,,par_async,128,0,unsat,0.537833,0.014890,0.173000,0.198410,0.033330,0.000000,0.062800,
haskell.151.ground.smt2,,par_async,144,0,unsat,0.564630,0.015740,0.196410,0.195320,0.032780,0.000000,0.068430,
haskell.152.ground.smt2,,nelson_topo_iter,1,0,unsat,0.161945,0.007860,0.063740,0.058100,0.010430,0.000000,0.000720,
haskell.152.ground.smt2,,nelson_simple,1,0,unsat,0.172849,0.009400,0.070700,0.061550,0.006950,0.000000,0.000760,
haskell.152.ground.smt2,,par_async,1,0,unsat,0.171641,0.008090,0.066450,0.057760,0.013480,0.000000,0.000650,
haskell.152.ground.smt2,,par_async,2,0,unsat,0.191375,0.009090,0.068380,0.067760,0.015080,0.000000,0.000940,
haskell.152.ground.smt2,,par_async,4,0,unsat,0.170525,0.008890,0.068320,0.056680,0.009870,0.000000,0.003220,
haskell.152.ground.smt2,,par_async,8,0,unsat,0.194222,0.008530,0.067100,0.067480,0.012710,0.000000,0.005050,
haskell.152.ground.smt2,,par_async,16,0,unsat,0.176116,0.008640,0.070710,0.055700,0.006020,0.000000,0.007930,
haskell.152.ground.smt2,,par_async,32,0,unsat,0.175466,0.005940,0.064840,0.061230,0.006310,0.000000,0.011480,
haskell.152.ground.smt2,,par_async,64,0,unsat,0.207706,0.006630,0.068230,0.079030,0.008390,0.000000,0.022320,
haskell.152.ground.smt2,,par_async,128,0,unsat,0.247057,0.005900,0.067020,0.100970,0.008830,0.000000,0.035410,
haskell.152.ground.smt2,,par_async,144,0,unsat,0.236026,0.007300,0.064120,0.093010,0.007810,0.000000,0.038480,
haskell.154.ground.smt2,,nelson_topo_iter,1,0,unsat,0.272709,0.012650,0.104300,0.105150,0.013400,0.000000,0.001110,
haskell.154.ground.smt2,,nelson_simple,1,0,unsat,0.269769,0.011310,0.106040,0.103680,0.010470,0.000000,0.001080,
haskell.154.ground.smt2,,par_async,1,0,unsat,0.288323,0.012940,0.102750,0.111090,0.019140,0.000000,0.000660,
haskell.154.ground.smt2,,par_async,2,0,unsat,0.326985,0.015080,0.113390,0.127830,0.023330,0.000000,0.001130,
haskell.154.ground.smt2,,par_async,4,0,unsat,0.276348,0.011370,0.103960,0.099360,0.017320,0.000000,0.001900,
haskell.154.ground.smt2,,par_async,8,0,unsat,0.290802,0.014450,0.108660,0.109590,0.012770,0.000000,0.003810,
haskell.154.ground.smt2,,par_async,16,0,unsat,0.306287,0.013030,0.108390,0.118420,0.014570,0.000000,0.010960,
haskell.154.ground.smt2,,par_async,32,0,unsat,0.305388,0.011610,0.105060,0.117240,0.011850,0.000000,0.015330,
haskell.154.ground.smt2,,par_async,64,0,unsat,0.446444,0.012990,0.167290,0.167840,0.019460,0.000000,0.035000,
haskell.154.ground.smt2,,par_async,128,0,unsat,0.377042,0.013410,0.116090,0.145460,0.015790,0.000000,0.041660,
haskell.154.ground.smt2,,par_async,144,0,unsat,0.369762,0.012350,0.103060,0.146410,0.016190,0.000000,0.047890,
haskell.156.ground.smt2,,nelson_topo_iter,1,0,unsat,1.046430,0.049610,0.400070,0.393280,0.043560,0.000000,0.002430,
haskell.156.ground.smt2,,nelson_simple,1,0,unsat,1.037173,0.048100,0.368890,0.392940,0.057810,0.000000,0.002380,
haskell.156.ground.smt2,,par_async,1,0,unsat,1.088022,0.045880,0.361220,0.376870,0.143310,0.000000,0.001270,
haskell.156.ground.smt2,,par_async,2,0,unsat,1.191500,0.041660,0.423460,0.417640,0.141240,0.000000,0.001960,
haskell.156.ground.smt2,,par_async,4,0,unsat,1.024332,0.047990,0.384000,0.328240,0.099320,0.000000,0.003150,
haskell.156.ground.smt2,,par_async,8,0,unsat,0.990697,0.048680,0.340960,0.340410,0.090150,0.000000,0.007700,
haskell.156.ground.smt2,,par_async,16,0,unsat,0.987782,0.041650,0.322680,0.341710,0.081290,0.000000,0.028240,
haskell.156.ground.smt2,,par_async,32,0,unsat,1.046734,0.048700,0.359810,0.343560,0.080260,0.000000,0.032470,
haskell.156.ground.smt2,,par_async,64,0,unsat,1.110356,0.049840,0.363800,0.358180,0.095810,0.000000,0.078810,
haskell.156.ground.smt2,,par_async,128,0,unsat,1.142782,0.048550,0.369970,0.382940,0.101210,0.000000,0.092950,
haskell.156.ground.smt2,,par_async,144,0,unsat,1.266310,0.048670,0.405460,0.436040,0.117050,0.000000,0.102760,
haskell.158.ground.smt2,,nelson_topo_iter,1,0,unsat,0.222230,0.013460,0.081810,0.080270,0.007640,0.000000,0.000620,
haskell.158.ground.smt2,,nelson_simple,1,0,unsat,0.274808,0.012390,0.098450,0.105110,0.010400,0.000000,0.001200,
haskell.158.ground.smt2,,par_async,1,0,unsat,0.246758,0.014290,0.098100,0.083450,0.014590,0.000000,0.000430,
haskell.158.ground.smt2,,par_async,2,0,unsat,0.228984,0.015000,0.079760,0.079860,0.014750,0.000000,0.000800,
haskell.158.ground.smt2,,par_async,4,0,unsat,0.254978,0.011910,0.097640,0.093810,0.011360,0.000000,0.001060,
haskell.158.ground.smt2,,par_async,8,0,unsat,0.218735,0.010320,0.075290,0.082110,0.008420,0.000000,0.002490,
haskell.158.ground.smt2,,par_async,16,0,unsat,0.267166,0.014070,0.101980,0.096160,0.008220,0.000000,0.005670,
haskell.158.ground.smt2,,par_async,32,0,unsat,0.234879,0.010080,0.077840,0.088700,0.006960,0.000000,0.013900,
haskell.158.ground.smt2,,par_async,64,0,unsat,0.286381,0.011900,0.096850,0.108780,0.009730,0.000000,0.019600,
haskell.158.ground.smt2,,par_async,128,0,unsat,0.352985,0.012240,0.098740,0.156580,0.012550,0.000000,0.028120,
haskell.158.ground.smt2,,par_async,144,0,unsat,0.333046,0.013970,0.101340,0.129610,0.012300,0.000000,0.032720,
haskell.16.ground.smt2,,nelson_topo_iter,1,0,unsat,0.015710,0.000490,0.002790,0.004850,0.000150,0.000000,0.000040,
haskell.16.ground.smt2,,nelson_simple,1,0,unsat,0.014201,0.000520,0.002180,0.004180,0.000160,0.000000,0.000040,
haskell.16.ground.smt2,,par_async,1,0,unsat,0.016170,0.000430,0.002470,0.005620,0.000500,0.000000,0.000050,
haskell.16.ground.smt2,,par_async,2,0,unsat,0.017196,0.000480,0.002770,0.006460,0.000500,0.000000,0.000060,
haskell.16.ground.smt2,,par_async,4,0,unsat,0.017429,0.000510,0.003000,0.006520,0.000310,0.000000,0.000050,
haskell.16.ground.smt2,,par_async,8,0,unsat,0.014044,0.000290,0.001800,0.004080,0.000350,0.000000,0.000580,
haskell.16.ground.smt2,,par_async,16,0,unsat,0.016004,0.000450,0.002950,0.004620,0.000300,0.000000,0.000530,
haskell.16.ground.smt2,,par_async,32,0,unsat,0.017548,0.000600,0.002330,0.006200,0.000320,0.000000,0.000490,
haskell.16.ground.smt2,,par_async,64,0,unsat,0.025244,0.000250,0.001510,0.015980,0.000360,0.000000,0.000750,
haskell.16.ground.smt2,,par_async,128,0,unsat,0.032947,0.000350,0.001760,0.021700,0.000910,0.000000,0.000700,
haskell.16.ground.smt2,,par_async,144,0,unsat,0.035417,0.000370,0.001850,0.021680,0.001100,0.000000,0.001310,
haskell.160.ground.smt2,,nelson_topo_iter,1,0,unsat,0.600380,0.027790,0.231560,0.222840,0.021390,0.000000,0.001330,
haskell.160.ground.smt2,,nelson_simple,1,0,unsat,0.819231,0.027590,0.309160,0.352740,0.016230,0.000000,0.001710,
haskell.160.ground.smt2,,par_async,1,0,unsat,0.578764,0.029970,0.203710,0.212550,0.033230,0.000000,0.000920,
haskell.160.ground.smt2,,par_async,2,0,unsat,0.633856,0.028150,0.237600,0.232460,0.028360,0.000000,0.001230,
haskell.160.ground.smt2,,par_async,4,0,unsat,0.857258,0.031330,0.350120,0.332530,0.026330,0.000000,0.002340,
haskell.160.ground.smt2,,par_async,8,0,unsat,0.615485,0.030500,0.237770,0.221440,0.017680,0.000000,0.005300,
haskell.160.ground.smt2,,par_async,16,0,unsat,0.813881,0.028990,0.305370,0.340150,0.022470,0.000000,0.009920,
haskell.160.ground.smt2,,par_async,32,0,unsat,0.612101,0.028520,0.231560,0.215280,0.016240,0.000000,0.017080,
haskell.160.ground.smt2,,par_async,64,0,unsat,0.674835,0.028490,0.239810,0.253620,0.021750,0.000000,0.030390,
haskell.160.ground.smt2,,par_async,128,0,unsat,0.858692,0.029090,0.385990,0.269050,0.021150,0.000000,0.055420,
haskell.160.ground.smt2,,par_async,144,0,unsat,0.664952,0.028930,0.236140,0.240330,0.018600,0.000000,0.047780,
haskell.161.ground.smt2,,nelson_topo_iter,1,0,unsat,0.866988,0.028480,0.404670,0.292730,0.028510,0.000000,0.001660,
haskell.161.ground.smt2,,nelson_simple,1,0,unsat,0.751795,0.031220,0.264670,0.321500,0.020270,0.000000,0.002100,
haskell.161.ground.smt2,,par_async,1,0,unsat,0.586005,0.030850,0.210990,0.213710,0.032390,0.000000,0.000910,
haskell.161.ground.smt2,,par_async,2,0,unsat,0.546826,0.029260,0.203890,0.190470,0.023770,0.000000,0.001010,
haskell.161.ground.smt2,,par_async,4,0,unsat,0.611887,0.026930,0.239290,0.219670,0.021020,0.000000,0.002150,
haskell.161.ground.smt2,,par_async,8,0,unsat,0.639413,0.027140,0.208260,0.262850,0.022280,0.000000,0.004690,
haskell.161.ground.smt2,,par_async,16,0,unsat,0.873202,0.034140,0.423960,0.283180,0.020410,0.000000,0.009330,
haskell.161.ground.smt2,,par_async,32,0,unsat,0.740293,0.028300,0.280030,0.288300,0.023360,0.000000,0.018540,
haskell.161.ground.smt2,,par_async,64,0,unsat,0.632198,0.028880,0.229180,0.228170,0.016870,0.000000,0.033130,
haskell.161.ground.smt2,,par_async,128,0,unsat,0.672354,0.027860,0.228660,0.255300,0.020110,0.000000,0.049520,
haskell.161.ground.smt2,,par_async,144,0,unsat,0.728526,0.028060,0.272400,0.258320,0.020640,0.000000,0.052620,
haskell.162.ground.smt2,,nelson_topo_iter,1,0,unsat,0.581791,0.028260,0.226510,0.213810,0.016040,0.000000,0.001290,
haskell.162.ground.smt2,,nelson_simple,1,0,unsat,0.576978,0.029080,0.225140,0.212600,0.012210,0.000000,0.001290,
haskell.162.ground.smt2,,par_async,1,0,unsat,0.653235,0.028890,0.223510,0.248310,0.039930,0.000000,0.001130,
haskell.162.ground.smt2,,par_async,2,0,unsat,0.849365,0.028060,0.374530,0.304130,0.030170,0.000000,0.001430,
haskell.162.ground.smt2,,par_async,4,0,unsat,0.657211,0.029950,0.240530,0.249100,0.024200,0.000000,0.002040,
haskell.162.ground.smt2,,par_async,8,0,unsat,0.864168,0.029440,0.401500,0.293660,0.022400,0.000000,0.004530,
haskell.162.ground.smt2,,par_async,16,0,unsat,0.588244,0.027560,0.232040,0.204290,0.016510,0.000000,0.010160,
haskell.162.ground.smt2,,par_async,32,0,unsat,0.826636,0.028840,0.345030,0.314150,0.018750,0.000000,0.019570,
haskell.162.ground.smt2,,par_async,64,0,unsat,0.624302,0.029910,0.226310,0.226170,0.017570,0.000000,0.031570,
haskell.162.ground.smt2,,par_async,128,0,unsat,0.684983,0.027880,0.250560,0.252150,0.019380,0.000000,0.045680,
haskell.162.ground.smt2,,par_async,144,0,unsat,0.655763,0.026520,0.226110,0.244020,0.018870,0.000000,0.051820,
haskell.163.ground.smt2,,nelson_topo_iter,1,0,unsat,0.576970,0.028870,0.230400,0.204570,0.016110,0.000000,0.001350,
haskell.163.ground.smt2,,nelson_simple,1,0,unsat,0.606141,0.031070,0.211330,0.239840,0.014490,0.000000,0.001480,
haskell.163.ground.smt2,,par_async,1,0,unsat,0.872848,0.029670,0.349450,0.334930,0.041870,0.000000,0.001210,
haskell.163.ground.smt2,,par_async,2,0,unsat,0.556158,0.029830,0.199010,0.204500,0.022100,0.000000,0.001090,
haskell.163.ground.smt2,,par_async,4,0,unsat,0.731483,0.027350,0.265330,0.291520,0.025990,0.000000,0.002430,
haskell.163.ground.smt2,,par_async,8,0,unsat,0.608250,0.029480,0.234090,0.227850,0.014520,0.000000,0.003900,
haskell.163.ground.smt2,,par_async,16,0,unsat,0.624226,0.028390,0.235470,0.236580,0.015160,0.000000,0.009860,
haskell.163.ground.smt2,,par_async,32,0,unsat,0.662518,0.029600,0.238430,0.258340,0.018400,0.000000,0.015650,
haskell.163.ground.smt2,,par_async,64,0,unsat,0.839280,0.027820,0.377260,0.280950,0.019360,0.000000,0.031710,
haskell.163.ground.smt2,,par_async,128,0,unsat,0.654177,0.027950,0.231970,0.240530,0.017710,0.000000,0.043400,
haskell.163.ground.smt2,,par_async,144,0,unsat,0.789853,0.028550,0.327900,0.267180,0.019930,0.000000,0.052590,
haskell.164.ground.smt2,,nelson_topo_iter,1,0,unsat,0.252391,0.013680,0.104630,0.090200,0.007150,0.000000,0.000810,
haskell.164.ground.smt2,,nelson_simple,1,0,unsat,0.429452,0.015420,0.175450,0.166890,0.014150,0.000000,0.001570,
haskell.164.ground.smt2,,par_async,1,0,unsat,0.375101,0.013150,0.115250,0.158590,0.031890,0.000000,0.001050,
haskell.164.ground.smt2,,par_async,2,0,unsat,0.248954,0.014930,0.100840,0.080340,0.010160,0.000000,0.000640,
haskell.164.ground.smt2,,par_async,4,0,unsat,0.253424,0.011290,0.098320,0.086860,0.009500,0.000000,0.001770,
haskell.164.ground.smt2,,par_async,8,0,unsat,0.242956,0.011880,0.096320,0.082460,0.007590,0.000000,0.002620,
haskell.164.ground.smt2,,par_async,16,0,unsat,0.263410,0.013980,0.100970,0.094950,0.007170,0.000000,0.006130,
haskell.164.ground.smt2,,par_async,32,0,unsat,0.235985,0.012830,0.079390,0.086110,0.006260,0.000000,0.010840,
haskell.164.ground.smt2,,par_async,64,0,unsat,0.297414,0.013080,0.101600,0.113880,0.009070,0.000000,0.019480,
haskell.164.ground.smt2,,par_async,128,0,unsat,0.335802,0.011760,0.100170,0.140660,0.011820,0.000000,0.027710,
haskell.164.ground.smt2,,par_async,144,0,unsat,0.338985,0.013250,0.101660,0.135610,0.011430,0.000000,0.039620,
haskell.165.ground.smt2,,nelson_topo_iter,1,0,unsat,0.545904,0.024970,0.231990,0.183170,0.008620,0.000000,0.000970,
haskell.165.ground.smt2,,nelson_simple,1,0,unsat,0.537828,0.031710,0.217720,0.178870,0.009310,0.000000,0.000980,
haskell.165.ground.smt2,,par_async,1,0,unsat,0.592894,0.029690,0.218260,0.217430,0.028060,0.000000,0.000890,
haskell.165.ground.smt2,,par_async,2,0,unsat,0.562179,0.028210,0.204330,0.209410,0.021510,0.000000,0.000880,
haskell.165.ground.smt2,,par_async,4,0,unsat,0.528968,0.024960,0.180620,0.207360,0.016890,0.000000,0.001790,
haskell.165.ground.smt2,,par_async,8,0,unsat,0.527661,0.027430,0.183230,0.204190,0.014560,0.000000,0.004450,
haskell.165.ground.smt2,,par_async,16,0,unsat,0.647604,0.025450,0.243030,0.247550,0.018320,0.000000,0.009380,
haskell.165.ground.smt2,,par_async,32,0,unsat,0.834636,0.027220,0.387580,0.280590,0.016590,0.000000,0.019940,
haskell.165.ground.smt2,,par_async,64,0,unsat,0.670211,0.027820,0.242860,0.245990,0.018440,0.000000,0.031860,
haskell.165.ground.smt2,,par_async,128,0,unsat,0.944682,0.029600,0.408620,0.335680,0.021580,0.000000,0.056320,
haskell.165.ground.smt2,,par_async,144,0,unsat,0.731078,0.029280,0.290850,0.243020,0.015760,0.000000,0.058660,
haskell.166.ground.smt2,,nelson_topo_iter,1,0,unsat,0.010881,0.000230,0.000300,0.003270,0.000030,0.000000,0.000030,
haskell.166.ground.smt2,,nelson_simple,1,0,unsat,0.010577,0.000170,0.000270,0.003120,0.000030,0.000000,0.000020,
haskell.166.ground.smt2,,par_async,1,0,unsat,0.011028,0.000260,0.000480,0.003030,0.000340,0.000000,0.000020,
haskell.166.ground.smt2,,par_async,2,0,unsat,0.011155,0.000200,0.000340,0.003580,0.000380,0.000000,0.000020,
haskell.166.ground.smt2,,par_async,4,0,unsat,0.013391,0.000280,0.000460,0.004650,0.000510,0.000000,0.000030,
haskell.166.ground.smt2,,par_async,8,0,unsat,0.011676,0.000260,0.000400,0.003780,0.000260,0.000000,0.000030,
haskell.166.ground.smt2,,par_async,16,0,unsat,0.012444,0.000310,0.000400,0.004120,0.000380,0.000000,0.000020,
haskell.166.ground.smt2,,par_async,32,0,unsat,0.014581,0.000270,0.000460,0.005630,0.000360,0.000000,0.000020,
haskell.166.ground.smt2,,par_async,64,0,unsat,0.018861,0.000270,0.000450,0.006820,0.000560,0.000000,0.000520,
haskell.166.ground.smt2,,par_async,128,0,unsat,0.024286,0.000150,0.000220,0.013260,0.000620,0.000000,0.000040,
haskell.166.ground.smt2,,par_async,144,0,unsat,0.033930,0.000210,0.000280,0.019460,0.000600,0.000000,0.000040,
haskell.167.ground.smt2,,nelson_topo_iter,1,0,unsat,0.819671,0.036740,0.309040,0.328080,0.029380,0.000000,0.002870,
haskell.167.ground.smt2,,nelson_simple,1,0,unsat,0.736928,0.033850,0.267330,0.290000,0.028620,0.000000,0.002850,
haskell.167.ground.smt2,,par_async,1,0,unsat,1.187600,0.031700,0.449600,0.401370,0.172060,0.000000,0.002150,
haskell.167.ground.smt2,,par_async,2,0,unsat,0.719603,0.030880,0.226530,0.269990,0.076640,0.000000,0.001810,
haskell.167.ground.smt2,,par_async,4,0,unsat,0.908797,0.031370,0.321550,0.347970,0.087600,0.000000,0.003550,
haskell.167.ground.smt2,,par_async,8,0,unsat,0.718933,0.029760,0.227670,0.273750,0.064490,0.000000,0.009030,
haskell.167.ground.smt2,,par_async,16,0,unsat,1.063017,0.028500,0.431310,0.387410,0.079650,0.000000,0.018140,
haskell.167.ground.smt2,,par_async,32,0,unsat,1.165781,0.031830,0.525950,0.346110,0.078880,0.000000,0.029850,
haskell.167.ground.smt2,,par_async,64,0,unsat,0.992715,0.032210,0.265370,0.440290,0.075310,0.000000,0.064780,
haskell.167.ground.smt2,,par_async,128,0,unsat,0.866192,0.032830,0.260920,0.315420,0.064630,0.000000,0.085460,
haskell.167.ground.smt2,,par_async,144,0,unsat,1.091852,0.038820,0.417800,0.348490,0.074930,0.000000,0.100960,
haskell.168.ground.smt2,,nelson_topo_iter,1,0,unsat,0.620208,0.028770,0.218750,0.240630,0.018180,0.000000,0.002100,
haskell.168.ground.smt2,,nelson_simple,1,0,unsat,0.725898,0.031940,0.254320,0.288140,0.034990,0.000000,0.002960,
haskell.168.ground.smt2,,par_async,1,0,unsat,0.682339,0.025270,0.220630,0.229350,0.094890,0.000000,0.001180,
haskell.168.ground.smt2,,par_async,2,0,unsat,0.767051,0.032250,0.249710,0.277290,0.091280,0.000000,0.002040,
haskell.168.ground.smt2,,par_async,4,0,unsat,1.019695,0.028490,0.378940,0.386190,0.091870,0.000000,0.004210,
haskell.168.ground.smt2,,par_async,8,0,unsat,0.965600,0.032870,0.374190,0.350610,0.074380,0.000000,0.010150,
haskell.168.ground.smt2,,par_async,16,0,unsat,0.962229,0.029860,0.346760,0.366800,0.067110,0.000000,0.021870,
haskell.168.ground.smt2,,par_async,32,0,unsat,0.881159,0.031080,0.320000,0.315410,0.062600,0.000000,0.037340,
haskell.168.ground.smt2,,par_async,64,0,unsat,0.803307,0.030720,0.259470,0.273610,0.062370,0.000000,0.064020,
haskell.168.ground.smt2,,par_async,128,0,unsat,0.912463,0.030320,0.267610,0.324330,0.074550,0.000000,0.103350,
haskell.168.ground.smt2,,par_async,144,0,unsat,0.988628,0.030930,0.313110,0.354570,0.077510,0.000000,0.103200,
haskell.169.ground.smt2,,nelson_topo_iter,1,0,unsat,0.711489,0.029790,0.263610,0.283660,0.021460,0.000000,0.002110,
haskell.169.ground.smt2,,nelson_simple,1,0,unsat,0.719635,0.034910,0.240000,0.292740,0.034890,0.000000,0.002930,
haskell.169.ground.smt2,,par_async,1,0,unsat,1.126631,0.031880,0.397080,0.399710,0.164270,0.000000,0.002020,
haskell.169.ground.smt2,,par_async,2,0,unsat,0.851998,0.032260,0.283770,0.321460,0.096740,0.000000,0.002090,
haskell.169.ground.smt2,,par_async,4,0,unsat,0.883713,0.030040,0.318830,0.331530,0.081880,0.000000,0.004200,
haskell.169.ground.smt2,,par_async,8,0,unsat,0.716377,0.031430,0.224860,0.271870,0.065050,0.000000,0.008590,
haskell.169.ground.smt2,,par_async,16,0,unsat,1.099822,0.030720,0.490450,0.360360,0.080850,0.000000,0.017120,
haskell.169.ground.smt2,,par_async,32,0,unsat,0.765588,0.032250,0.276560,0.265190,0.050220,0.000000,0.028440,
haskell.169.ground.smt2,,par_async,64,0,unsat,0.890313,0.030580,0.291720,0.313540,0.071830,0.000000,0.071680,
haskell.169.ground.smt2,,par_async,128,0,unsat,0.889338,0.031030,0.266980,0.317990,0.069630,0.000000,0.097950,
haskell.169.ground.smt2,,par_async,144,0,unsat,1.002355,0.029440,0.254140,0.435610,0.074800,0.000000,0.094210,
haskell.17.ground.smt2,,nelson_topo_iter,1,0,unsat,1.152998,0.050490,0.415240,0.438930,0.039960,0.000000,0.003010,
haskell.17.ground.smt2,,nelson_simple,1,0,unsat,1.302174,0.059260,0.502610,0.479020,0.048340,0.000000,0.003130,
haskell.17.ground.smt2,,par_async,1,0,unsat,1.247815,0.051660,0.420620,0.423310,0.148040,0.000000,0.001680,
haskell.17.ground.smt2,,par_async,2,0,unsat,1.307243,0.053430,0.489300,0.448910,0.110760,0.000000,0.001300,
haskell.17.ground.smt2,,par_async,4,0,unsat,1.189025,0.051190,0.421760,0.422820,0.088140,0.000000,0.001200,
haskell.17.ground.smt2,,par_async,8,0,unsat,1.434890,0.058570,0.569420,0.503180,0.082960,0.000000,0.001540,
haskell.17.ground.smt2,,par_async,16,0,unsat,1.249731,0.052950,0.470140,0.460150,0.059420,0.000000,0.001650,
haskell.17.ground.smt2,,par_async,32,0,unsat,1.723600,0.071910,0.834000,0.527990,0.070970,0.000000,0.001860,
haskell.17.ground.smt2,,par_async,64,0,unsat,1.541455,0.059520,0.514450,0.656240,0.092290,0.000000,0.002940,
haskell.17.ground.smt2,,par_async,128,0,unsat,1.627472,0.060260,0.533240,0.704490,0.110920,0.000000,0.002750,
haskell.17.ground.smt2,,par_async,144,0,unsat,1.696456,0.063150,0.792900,0.520510,0.104300,0.000000,0.002850,
haskell.170.ground.smt2,,nelson_topo_iter,1,0,unsat,0.986545,0.053350,0.380870,0.343920,0.028110,0.000000,0.002310,
haskell.170.ground.smt2,,nelson_simple,1,0,unsat,0.981004,0.054420,0.368060,0.344810,0.033960,0.000000,0.002370,
haskell.170.ground.smt2,,par_async,1,0,unsat,1.044479,0.061840,0.368380,0.349350,0.085750,0.000000,0.001300,
haskell.170.ground.smt2,,par_async,2,0,unsat,0.990889,0.051400,0.354370,0.337200,0.069370,0.000000,0.002040,
haskell.170.ground.smt2,,par_async,4,0,unsat,1.020861,0.051970,0.391400,0.337040,0.059100,0.000000,0.003160,
haskell.170.ground.smt2,,par_async,8,0,unsat,1.107952,0.051120,0.424200,0.389420,0.058500,0.000000,0.008380,
haskell.170.ground.smt2,,par_async,16,0,unsat,1.092609,0.052190,0.387550,0.389510,0.047110,0.000000,0.021660,
haskell.170.ground.smt2,,par_async,32,0,unsat,1.098831,0.050350,0.420520,0.375740,0.045500,0.000000,0.031230,
haskell.170.ground.smt2,,par_async,64,0,unsat,1.451097,0.051890,0.614600,0.482160,0.071310,0.000000,0.069420,
haskell.170.ground.smt2,,par_async,128,0,unsat,1.372452,0.052520,0.588310,0.406600,0.057320,0.000000,0.101030,
haskell.170.ground.smt2,,par_async,144,0,unsat,1.253231,0.052460,0.439410,0.433080,0.057630,0.000000,0.100500,
haskell.171.ground.smt2,,nelson_topo_iter,1,0,unsat,1.392079,0.055660,0.621040,0.482650,0.040800,0.000000,0.003480,
haskell.171.ground.smt2,,nelson_simple,1,0,unsat,1.474932,0.057720,0.647150,0.518210,0.048760,0.000000,0.003640,
haskell.171.ground.smt2,,par_async,1,0,unsat,1.454864,0.051980,0.582680,0.480630,0.142770,0.000000,0.001900,
haskell.171.ground.smt2,,par_async,2,0,unsat,1.292028,0.052870,0.484870,0.458560,0.100840,0.000000,0.002340,
haskell.171.ground.smt2,,par_async,4,0,unsat,1.176447,0.050850,0.437730,0.428060,0.069980,0.000000,0.003630,
haskell.171.ground.smt2,,par_async,8,0,unsat,1.192921,0.051380,0.439560,0.435860,0.066810,0.000000,0.011790,
haskell.171.ground.smt2,,par_async,16,0,unsat,1.531932,0.044970,0.733470,0.483580,0.059840,0.000000,0.021490,
haskell.171.ground.smt2,,par_async,32,0,unsat,1.590116,0.070580,0.724950,0.485200,0.069080,0.000000,0.042290,
haskell.171.ground.smt2,,par_async,64,0,unsat,1.189782,0.051880,0.394430,0.408520,0.063170,0.000000,0.083090,
haskell.171.ground.smt2,,par_async,128,0,unsat,1.376129,0.052540,0.456410,0.507270,0.078580,0.000000,0.104660,
haskell.171.ground.smt2,,par_async,144,0,unsat,1.263406,0.058290,0.404410,0.442990,0.067520,0.000000,0.117970,
haskell.172.ground.smt2,,nelson_topo_iter,1,0,unsat,0.789393,0.040560,0.297950,0.293650,0.035500,0.000000,0.002380,
haskell.172.ground.smt2,,nelson_simple,1,0,unsat,0.744737,0.043060,0.260610,0.279880,0.042110,0.000000,0.002370,
haskell.172.ground.smt2,,par_async,1,0,unsat,1.180980,0.040500,0.531330,0.343320,0.140450,0.000000,0.001770,
haskell.172.ground.smt2,,par_async,2,0,unsat,0.689715,0.037910,0.225830,0.247290,0.061090,0.000000,0.001840,
haskell.172.ground.smt2,,par_async,4,0,unsat,0.951065,0.040620,0.358200,0.356220,0.067910,0.000000,0.003090,
haskell.172.ground.smt2,,par_async,8,0,unsat,0.797989,0.040070,0.296530,0.274880,0.055650,0.000000,0.007180,
haskell.172.ground.smt2,,par_async,16,0,unsat,0.724503,0.042710,0.248190,0.258060,0.042910,0.000000,0.014960,
haskell.172.ground.smt2,,par_async,32,0,unsat,0.805719,0.039810,0.277690,0.285910,0.052580,0.000000,0.026800,
haskell.172.ground.smt2,,par_async,64,0,unsat,0.823376,0.041610,0.273090,0.284240,0.050630,0.000000,0.055770,
haskell.172.ground.smt2,,par_async,128,0,unsat,1.013444,0.042080,0.394200,0.322150,0.061320,0.000000,0.088640,
haskell.172.ground.smt2,,par_async,144,0,unsat,1.007627,0.040410,0.363370,0.353240,0.059120,0.000000,0.084040,
haskell.177.ground.smt2,,nelson_topo_iter,1,0,unsat,1.063013,0.043330,0.458440,0.371470,0.035340,0.000000,0.002940,
haskell.177.ground.smt2,,nelson_simple,1,0,unsat,0.826197,0.047030,0.303190,0.290840,0.035250,0.000000,0.002220,
haskell.177.ground.smt2,,par_async,1,0,unsat,0.827786,0.036570,0.279890,0.280180,0.085750,0.000000,0.001170,
haskell.177.ground.smt2,,par_async,2,0,unsat,0.918661,0.043750,0.312770,0.329420,0.081950,0.000000,0.001880,
haskell.177.ground.smt2,,par_async,4,0,unsat,0.807515,0.040270,0.275280,0.282910,0.057450,0.000000,0.003160,
haskell.177.ground.smt2,,par_async,8,0,unsat,1.069083,0.038540,0.425740,0.382510,0.061640,0.000000,0.009400,
haskell.177.ground.smt2,,par_async,16,0,unsat,1.298569,0.041400,0.613800,0.414630,0.054180,0.000000,0.022240,
haskell.177.ground.smt2,,par_async,32,0,unsat,0.972362,0.041990,0.364990,0.330650,0.048230,0.000000,0.037760,
haskell.177.ground.smt2,,par_async,64,0,unsat,0.970945,0.043400,0.342210,0.325430,0.052820,0.000000,0.065940,
haskell.177.ground.smt2,,par_async,128,0,unsat,1.021532,0.043030,0.337380,0.350090,0.057360,0.000000,0.095580,
haskell.177.ground.smt2,,par_async,144,0,unsat,1.042638,0.044120,0.334700,0.363060,0.066380,0.000000,0.094490,
haskell.178.ground.smt2,,nelson_topo_iter,1,0,unsat,0.944127,0.048330,0.368400,0.349300,0.027610,0.000000,0.002310,
haskell.178.ground.smt2,,nelson_simple,1,0,unsat,0.921383,0.044260,0.323030,0.352600,0.047870,0.000000,0.003090,
haskell.178.ground.smt2,,par_async,1,0,unsat,1.011419,0.045470,0.312920,0.348730,0.149890,0.000000,0.001660,
haskell.178.ground.smt2,,par_async,2,0,unsat,0.923382,0.042100,0.283700,0.336920,0.108340,0.000000,0.002040,
haskell.178.ground.smt2,,par_async,4,0,unsat,0.878019,0.041010,0.286620,0.313720,0.079680,0.000000,0.003870,
haskell.178.ground.smt2,,par_async,8,0,unsat,1.311830,0.042790,0.607060,0.422380,0.078460,0.000000,0.009600,
haskell.178.ground.smt2,,par_async,16,0,unsat,0.929038,0.041360,0.308350,0.337300,0.069450,0.000000,0.019870,
haskell.178.ground.smt2,,par_async,32,0,unsat,0.992741,0.046030,0.351170,0.336680,0.066680,0.000000,0.038170,
haskell.178.ground.smt2,,par_async,64,0,unsat,1.027952,0.046580,0.345100,0.337090,0.070480,0.000000,0.077700,
haskell.178.ground.smt2,,par_async,128,0,unsat,1.051488,0.044580,0.353850,0.347960,0.078550,0.000000,0.089130,
haskell.178.ground.smt2,,par_async,144,0,unsat,1.128784,0.043120,0.349150,0.392900,0.087870,0.000000,0.107290,
haskell.179.ground.smt2,,nelson_topo_iter,1,0,unsat,1.071639,0.051120,0.429740,0.373950,0.029360,0.000000,0.002340,
haskell.179.ground.smt2,,nelson_simple,1,0,unsat,1.485210,0.057550,0.701870,0.481760,0.050410,0.000000,0.003300,
haskell.179.ground.smt2,,par_async,1,0,unsat,1.526893,0.052290,0.713100,0.464410,0.107820,0.000000,0.001680,
haskell.179.ground.smt2,,par_async,2,0,unsat,1.509306,0.066900,0.711660,0.456400,0.084700,0.000000,0.002260,
haskell.179.ground.smt2,,par_async,4,0,unsat,1.473690,0.070260,0.689120,0.453580,0.067160,0.000000,0.004120,
haskell.179.ground.smt2,,par_async,8,0,unsat,1.478275,0.057700,0.702400,0.462440,0.059290,0.000000,0.010290,
haskell.179.ground.smt2,,par_async,16,0,unsat,1.491693,0.051340,0.699720,0.463810,0.050150,0.000000,0.021560,
haskell.179.ground.smt2,,par_async,32,0,unsat,1.504872,0.052440,0.702260,0.472650,0.053510,0.000000,0.040060,
haskell.179.ground.smt2,,par_async,64,0,unsat,1.470604,0.049080,0.701910,0.414180,0.051130,0.000000,0.074470,
haskell.179.ground.smt2,,par_async,128,0,unsat,1.328984,0.049470,0.526190,0.407340,0.057000,0.000000,0.117490,
haskell.179.ground.smt2,,par_async,144,0,unsat,1.226293,0.051280,0.429960,0.409360,0.056620,0.000000,0.108850,
haskell.18.ground.smt2,,nelson_topo_iter,1,0,unsat,1.399086,0.060630,0.623610,0.465880,0.057520,0.000000,0.003150,
haskell.18.ground.smt2,,nelson_simple,1,0,unsat,1.513650,0.057290,0.704720,0.515790,0.045420,0.000000,0.003360,
haskell.18.ground.smt2,,par_async,1,0,unsat,1.641323,0.058040,0.790320,0.503250,0.103440,0.000000,0.001930,
haskell.18.ground.smt2,,par_async,2,0,unsat,1.087473,0.056920,0.418320,0.366460,0.065680,0.000000,0.001840,
haskell.18.ground.smt2,,par_async,4,0,unsat,1.202772,0.057130,0.494900,0.423380,0.051340,0.000000,0.003910,
haskell.18.ground.smt2,,par_async,8,0,unsat,1.266478,0.050570,0.523840,0.452030,0.051960,0.000000,0.010390,
haskell.18.ground.smt2,,par_async,16,0,unsat,1.192373,0.058430,0.471830,0.425250,0.040070,0.000000,0.019950,
haskell.18.ground.smt2,,par_async,32,0,unsat,1.312207,0.059230,0.518000,0.471820,0.046180,0.000000,0.039540,
haskell.18.ground.smt2,,par_async,64,0,unsat,1.205759,0.063820,0.429620,0.405870,0.055310,0.000000,0.080350,
haskell.18.ground.smt2,,par_async,128,0,unsat,1.618132,0.057620,0.506820,0.706010,0.064700,0.000000,0.107420,
haskell.18.ground.smt2,,par_async,144,0,unsat,1.402781,0.058680,0.569180,0.431950,0.054860,0.000000,0.123670,
haskell.183.ground.smt2,,nelson_topo_iter,1,0,unsat,1.170916,0.059840,0.472310,0.407900,0.031650,0.000000,0.002400,
haskell.183.ground.smt2,,nelson_simple,1,0,unsat,1.595378,0.069680,0.751050,0.500760,0.059880,0.000000,0.003240,
haskell.183.ground.smt2,,par_async,1,0,unsat,1.090038,0.053680,0.377380,0.371310,0.087380,0.000000,0.001300,
haskell.183.ground.smt2,,par_async,2,0,unsat,1.174591,0.053720,0.430170,0.422680,0.070490,0.000000,0.001730,
haskell.183.ground.smt2,,par_async,4,0,unsat,1.254674,0.049100,0.481360,0.452930,0.069230,0.000000,0.003790,
haskell.183.ground.smt2,,par_async,8,0,unsat,1.062076,0.049050,0.375160,0.375960,0.053740,0.000000,0.009970,
haskell.183.ground.smt2,,par_async,16,0,unsat,1.208473,0.051740,0.479360,0.415790,0.045960,0.000000,0.018390,
haskell.183.ground.smt2,,par_async,32,0,unsat,1.492573,0.054370,0.656740,0.485480,0.056310,0.000000,0.038070,
haskell.183.ground.smt2,,par_async,64,0,unsat,1.454230,0.052840,0.583150,0.476010,0.068400,0.000000,0.074420,
haskell.183.ground.smt2,,par_async,128,0,unsat,1.519345,0.053430,0.490770,0.613010,0.073070,0.000000,0.102700,
haskell.183.ground.smt2,,par_async,144,0,unsat,1.586793,0.061540,0.473470,0.668670,0.073420,0.000000,0.116000,
haskell.186.ground.smt2,,nelson_topo_iter,1,0,unsat,1.479879,0.058170,0.597660,0.536510,0.045960,0.000000,0.003590,
haskell.186.ground.smt2,,nelson_simple,1,0,unsat,1.767525,0.058760,0.857650,0.567120,0.047040,0.000000,0.003720,
haskell.186.ground.smt2,,par_async,1,0,unsat,1.358289,0.060400,0.496830,0.464860,0.111790,0.000000,0.001470,
haskell.186.ground.smt2,,par_async,2,0,unsat,1.248583,0.060010,0.450070,0.423650,0.090360,0.000000,0.002190,
haskell.186.ground.smt2,,par_async,4,0,unsat,1.463297,0.059220,0.570360,0.513260,0.088370,0.000000,0.004770,
haskell.186.ground.smt2,,par_async,8,0,unsat,1.325665,0.060820,0.512330,0.449960,0.067650,0.000000,0.010470,
haskell.186.ground.smt2,,par_async,16,0,unsat,1.261883,0.057870,0.475400,0.429160,0.057880,0.000000,0.022320,
haskell.186.ground.smt2,,par_async,32,0,unsat,1.490280,0.052580,0.598770,0.507470,0.069810,0.000000,0.037130,
haskell.186.ground.smt2,,par_async,64,0,unsat,1.612598,0.059690,0.601250,0.565090,0.084320,0.000000,0.082640,
haskell.186.ground.smt2,,par_async,128,0,unsat,1.643690,0.059820,0.643190,0.536190,0.071120,0.000000,0.121140,
haskell.186.ground.smt2,,par_async,144,0,unsat,1.470146,0.058460,0.466350,0.514870,0.075090,0.000000,0.134740,
haskell.187.ground.smt2,,nelson_topo_iter,1,0,unsat,1.097193,0.055340,0.414680,0.388620,0.030320,0.000000,0.002400,
haskell.187.ground.smt2,,nelson_simple,1,0,unsat,1.178539,0.054150,0.431350,0.454890,0.030570,0.000000,0.002420,
haskell.187.ground.smt2,,par_async,1,0,unsat,1.396246,0.051540,0.535300,0.477010,0.118060,0.000000,0.001750,
haskell.187.ground.smt2,,par_async,2,0,unsat,1.184239,0.052750,0.431080,0.424580,0.071060,0.000000,0.001980,
haskell.187.ground.smt2,,par_async,4,0,unsat,1.638321,0.054280,0.779780,0.510640,0.072300,0.000000,0.004030,
haskell.187.ground.smt2,,par_async,8,0,unsat,1.117581,0.055750,0.405200,0.388300,0.054040,0.000000,0.008700,
haskell.187.ground.smt2,,par_async,16,0,unsat,1.264207,0.053720,0.512080,0.420720,0.046540,0.000000,0.019440,
haskell.187.ground.smt2,,par_async,32,0,unsat,1.645728,0.053040,0.791870,0.502500,0.052720,0.000000,0.037010,
haskell.187.ground.smt2,,par_async,64,0,unsat,1.258547,0.056270,0.430000,0.426720,0.060140,0.000000,0.078020,
haskell.187.ground.smt2,,par_async,128,0,unsat,1.410131,0.055260,0.492660,0.501730,0.062920,0.000000,0.103910,
haskell.187.ground.smt2,,par_async,144,0,unsat,1.646964,0.063840,0.491070,0.709180,0.077130,0.000000,0.106560,
haskell.188.ground.smt2,,nelson_topo_iter,1,0,unsat,0.059720,0.003080,0.022240,0.021050,0.001790,0.000000,0.000260,
haskell.188.ground.smt2,,nelson_simple,1,0,unsat,0.064131,0.003480,0.022180,0.021780,0.002030,0.000000,0.000250,
haskell.188.ground.smt2,,par_async,1,0,unsat,0.060974,0.003180,0.023460,0.020030,0.003750,0.000000,0.000170,
haskell.188.ground.smt2,,par_async,2,0,unsat,0.060885,0.003110,0.024640,0.019780,0.003020,0.000000,0.000240,
haskell.188.ground.smt2,,par_async,4,0,unsat,0.054980,0.002330,0.021620,0.019470,0.002230,0.000000,0.000380,
haskell.188.ground.smt2,,par_async,8,0,unsat,0.053015,0.002460,0.018780,0.018170,0.001730,0.000000,0.001060,
haskell.188.ground.smt2,,par_async,16,0,unsat,0.064145,0.003310,0.025050,0.020190,0.001590,0.000000,0.003490,
haskell.188.ground.smt2,,par_async,32,0,unsat,0.062019,0.002160,0.021190,0.020310,0.001560,0.000000,0.007280,
haskell.188.ground.smt2,,par_async,64,0,unsat,0.078433,0.002210,0.020720,0.031490,0.002560,0.000000,0.011080,
haskell.188.ground.smt2,,par_async,128,0,unsat,0.097412,0.002160,0.020640,0.048240,0.002810,0.000000,0.011180,
haskell.188.ground.smt2,,par_async,144,0,unsat,0.103959,0.002480,0.022220,0.052190,0.003120,0.000000,0.011140,
haskell.189.ground.smt2,,nelson_topo_iter,1,0,unsat,1.454582,0.074220,0.579790,0.513110,0.036700,0.000000,0.003110,
haskell.189.ground.smt2,,nelson_simple,1,0,unsat,1.438775,0.079070,0.534150,0.530070,0.038200,0.000000,0.003130,
haskell.189.ground.smt2,,par_async,1,0,unsat,1.387588,0.076520,0.482740,0.465380,0.119450,0.000000,0.001720,
haskell.189.ground.smt2,,par_async,2,0,unsat,1.946093,0.075140,0.922300,0.577380,0.120120,0.000000,0.002910,
haskell.189.ground.smt2,,par_async,4,0,unsat,1.663217,0.072570,0.692940,0.550820,0.094740,0.000000,0.005170,
haskell.189.ground.smt2,,par_async,8,0,unsat,1.379521,0.077970,0.493510,0.478070,0.074770,0.000000,0.011550,
haskell.189.ground.smt2,,par_async,16,0,unsat,1.928854,0.076140,0.921000,0.567860,0.078340,0.000000,0.030190,
haskell.189.ground.smt2,,par_async,32,0,unsat,1.739758,0.078700,0.715200,0.558330,0.073500,0.000000,0.042610,
haskell.189.ground.smt2,,par_async,64,0,unsat,1.512730,0.076920,0.489650,0.530510,0.077270,0.000000,0.097040,
haskell.189.ground.smt2,,par_async,128,0,unsat,1.808096,0.075780,0.550980,0.715190,0.092660,0.000000,0.135300,
haskell.189.ground.smt2,,par_async,144,0,unsat,1.771178,0.078340,0.656220,0.572890,0.081790,0.000000,0.141340,
haskell.19.ground.smt2,,nelson_topo_iter,1,0,unsat,1.889574,0.104130,0.800290,0.618150,0.060670,0.000000,0.003180,
haskell.19.ground.smt2,,nelson_simple,1,0,unsat,1.748970,0.096260,0.672260,0.622810,0.052760,0.000000,0.003180,
haskell.19.ground.smt2,,par_async,1,0,unsat,2.265781,0.095430,0.983710,0.739290,0.129270,0.000000,0.002600,
haskell.19.ground.smt2,,par_async,2,0,unsat,1.741221,0.097810,0.678110,0.598830,0.069220,0.000000,0.001520,
haskell.19.ground.smt2,,par_async,4,0,unsat,2.230393,0.096410,1.025620,0.733050,0.055720,0.000000,0.001500,
haskell.19.ground.smt2,,par_async,8,0,unsat,1.751305,0.097170,0.673460,0.616940,0.039400,0.000000,0.001660,
haskell.19.ground.smt2,,par_async,16,0,unsat,2.277437,0.099770,1.095660,0.722260,0.039010,0.000000,0.001970,
haskell.19.ground.smt2,,par_async,32,0,unsat,1.733269,0.097040,0.678870,0.608960,0.039670,0.000000,0.001910,
haskell.19.ground.smt2,,par_async,64,0,unsat,1.851454,0.087010,0.773900,0.644290,0.046350,0.000000,0.002900,
haskell.19.ground.smt2,,par_async,128,0,unsat,1.999319,0.097240,0.822530,0.720070,0.059620,0.000000,0.003010,
haskell.19.ground.smt2,,par_async,144,0,unsat,2.070160,0.099630,0.810490,0.721840,0.069840,0.000000,0.003110,
haskell.190.ground.smt2,,nelson_topo_iter,1,0,unsat,1.447484,0.055410,0.572260,0.549760,0.038320,0.000000,0.004720,
haskell.190.ground.smt2,,nelson_simple,1,0,unsat,1.244953,0.050210,0.452530,0.496180,0.028770,0.000000,0.003580,
haskell.190.ground.smt2,,par_async,1,0,unsat,1.922948,0.054990,0.828220,0.549890,0.259310,0.000000,0.002350,
haskell.190.ground.smt2,,par_async,2,0,unsat,1.767930,0.055050,0.750680,0.564860,0.164260,0.000000,0.001500,
haskell.190.ground.smt2,,par_async,4,0,unsat,1.308098,0.055620,0.453350,0.479760,0.097410,0.000000,0.001230,
haskell.190.ground.smt2,,par_async,8,0,unsat,1.732514,0.058600,0.829920,0.535960,0.082120,0.000000,0.001670,
haskell.190.ground.smt2,,par_async,16,0,unsat,1.310555,0.055600,0.508840,0.464390,0.064680,0.000000,0.001740,
haskell.190.ground.smt2,,par_async,32,0,unsat,1.788906,0.078640,0.801050,0.528360,0.071810,0.000000,0.001790,
haskell.190.ground.smt2,,par_async,64,0,unsat,1.537809,0.062310,0.626930,0.539600,0.090160,0.000000,0.002830,
haskell.190.ground.smt2,,par_async,128,0,unsat,1.732309,0.055250,0.557320,0.775660,0.109020,0.000000,0.003120,
haskell.190.ground.smt2,,par_async,144,0,unsat,1.321692,0.057700,0.443180,0.489800,0.100890,0.000000,0.002940,
haskell.191.ground.smt2,,nelson_topo_iter,1,0,unsat,0.572221,0.025320,0.204040,0.219840,0.030640,0.000000,0.002130,
haskell.191.ground.smt2,,nelson_simple,1,0,unsat,0.771780,0.028740,0.323200,0.290230,0.033610,0.000000,0.002250,
haskell.191.ground.smt2,,par_async,1,0,unsat,0.538003,0.027840,0.173430,0.171580,0.085330,0.000000,0.000930,
haskell.191.ground.smt2,,par_async,2,0,unsat,0.516794,0.025240,0.167040,0.171940,0.069380,0.000000,0.001340,
haskell.191.ground.smt2,,par_async,4,0,unsat,0.466411,0.024190,0.144760,0.166740,0.052040,0.000000,0.001760,
haskell.191.ground.smt2,,par_async,8,0,unsat,0.505631,0.023290,0.185710,0.172710,0.043370,0.000000,0.004410,
haskell.191.ground.smt2,,par_async,16,0,unsat,0.470748,0.023840,0.145670,0.171850,0.041500,0.000000,0.009810,
haskell.191.ground.smt2,,par_async,32,0,unsat,0.495017,0.022770,0.161370,0.173910,0.039690,0.000000,0.016540,
haskell.191.ground.smt2,,par_async,64,0,unsat,0.544054,0.021770,0.165280,0.194570,0.046260,0.000000,0.040180,
haskell.191.ground.smt2,,par_async,128,0,unsat,0.590521,0.025890,0.178350,0.208130,0.047550,0.000000,0.058740,
haskell.191.ground.smt2,,par_async,144,0,unsat,0.597608,0.021980,0.181990,0.213500,0.051630,0.000000,0.055150,
haskell.192.ground.smt2,,nelson_topo_iter,1,0,unsat,0.433965,0.014330,0.163260,0.163450,0.023260,0.000000,0.001590,
haskell.192.ground.smt2,,nelson_simple,1,0,unsat,0.573698,0.017720,0.186520,0.244100,0.034770,0.000000,0.002650,
haskell.192.ground.smt2,,par_async,1,0,unsat,0.679296,0.018310,0.245960,0.236800,0.103770,0.000000,0.000980,
haskell.192.ground.smt2,,par_async,2,0,unsat,0.431880,0.018900,0.146720,0.150040,0.050010,0.000000,0.002550,
haskell.192.ground.smt2,,par_async,4,0,unsat,0.370735,0.017250,0.141080,0.114040,0.034360,0.000000,0.001460,
haskell.192.ground.smt2,,par_async,8,0,unsat,0.623658,0.017470,0.228090,0.234160,0.060690,0.000000,0.004860,
haskell.192.ground.smt2,,par_async,16,0,unsat,0.435971,0.017520,0.150700,0.154050,0.034080,0.000000,0.009990,
haskell.192.ground.smt2,,par_async,32,0,unsat,0.404728,0.017430,0.143850,0.136930,0.028290,0.000000,0.014380,
haskell.192.ground.smt2,,par_async,64,0,unsat,0.550481,0.015160,0.186280,0.209090,0.047180,0.000000,0.031380,
haskell.192.ground.smt2,,par_async,128,0,unsat,0.551697,0.015640,0.210660,0.185500,0.034090,0.000000,0.044810,
haskell.192.ground.smt2,,par_async,144,0,unsat,0.484010,0.014940,0.142990,0.177720,0.040590,0.000000,0.045630,
haskell.196.ground.smt2,,nelson_topo_iter,1,0,unsat,1.002636,0.044450,0.387300,0.356080,0.041350,0.000000,0.003140,
haskell.196.ground.smt2,,nelson_simple,1,0,unsat,0.987671,0.050620,0.364330,0.357250,0.042100,0.000000,0.002790,
haskell.196.ground.smt2,,par_async,1,0,unsat,1.624195,0.068080,0.700130,0.468690,0.195930,0.000000,0.001940,
haskell.196.ground.smt2,,par_async,2,0,unsat,1.137889,0.050730,0.364000,0.337650,0.123780,0.000000,0.002810,
haskell.196.ground.smt2,,par_async,4,0,unsat,1.121024,0.055750,0.406230,0.384300,0.099790,0.000000,0.004460,
haskell.196.ground.smt2,,par_async,8,0,unsat,1.328295,0.047630,0.577080,0.416490,0.103450,0.000000,0.009000,
haskell.196.ground.smt2,,par_async,16,0,unsat,1.089084,0.046260,0.366280,0.401390,0.076610,0.000000,0.023070,
haskell.196.ground.smt2,,par_async,32,0,unsat,1.210094,0.048310,0.450990,0.415580,0.085420,0.000000,0.033240,
haskell.196.ground.smt2,,par_async,64,0,unsat,1.150723,0.049160,0.378200,0.384170,0.090630,0.000000,0.081860,
haskell.196.ground.smt2,,par_async,128,0,unsat,1.235558,0.048140,0.420910,0.403910,0.091000,0.000000,0.110730,
haskell.196.ground.smt2,,par_async,144,0,unsat,1.520187,0.048000,0.431600,0.631770,0.117660,0.000000,0.124940,
haskell.199.ground.smt2,,nelson_topo_iter,1,0,unsat,1.134875,0.052590,0.456720,0.399300,0.042590,0.000000,0.002550,
haskell.199.ground.smt2,,nelson_simple,1,0,unsat,1.074723,0.051680,0.382330,0.393040,0.052740,0.000000,0.002560,
haskell.199.ground.smt2,,par_async,1,0,unsat,1.174719,0.051220,0.387940,0.438070,0.110130,0.000000,0.001400,
haskell.199.ground.smt2,,par_async,2,0,unsat,1.222698,0.048820,0.425140,0.453080,0.104660,0.000000,0.002820,
haskell.199.ground.smt2,,par_async,4,0,unsat,1.115317,0.052910,0.420690,0.377230,0.072340,0.000000,0.004240,
haskell.199.ground.smt2,,par_async,8,0,unsat,1.161466,0.051880,0.412610,0.439680,0.063610,0.000000,0.010460,
haskell.199.ground.smt2,,par_async,16,0,unsat,1.283345,0.051320,0.500390,0.455890,0.066430,0.000000,0.022610,
haskell.199.ground.smt2,,par_async,32,0,unsat,1.113027,0.050210,0.390780,0.377880,0.053930,0.000000,0.042990,
haskell.199.ground.smt2,,par_async,64,0,unsat,1.283498,0.054240,0.448410,0.445300,0.069430,0.000000,0.086260,
haskell.199.ground.smt2,,par_async,128,0,unsat,1.503448,0.061940,0.639360,0.450650,0.069340,0.000000,0.115070,
haskell.199.ground.smt2,,par_async,144,0,unsat,1.477516,0.061360,0.585850,0.464120,0.071790,0.000000,0.120000,
haskell.2.ground.smt2,,nelson_topo_iter,1,0,unsat,0.015373,0.000460,0.002100,0.004770,0.000140,0.000000,0.000030,
haskell.2.ground.smt2,,nelson_simple,1,0,unsat,0.013411,0.000410,0.002130,0.004080,0.000130,0.000000,0.000030,
haskell.2.ground.smt2,,par_async,1,0,unsat,0.015263,0.000380,0.001930,0.005630,0.000420,0.000000,0.000040,
haskell.2.ground.smt2,,par_async,2,0,unsat,0.015344,0.000380,0.001930,0.006200,0.000210,0.000000,0.000090,
haskell.2.ground.smt2,,par_async,4,0,unsat,0.011089,0.000260,0.001350,0.003620,0.000300,0.000000,0.000030,
haskell.2.ground.smt2,,par_async,8,0,unsat,0.008407,0.000200,0.000980,0.002770,0.000200,0.000000,0.000030,
haskell.2.ground.smt2,,par_async,16,0,unsat,0.008878,0.000190,0.000980,0.003120,0.000230,0.000000,0.000050,
haskell.2.ground.smt2,,par_async,32,0,unsat,0.014075,0.000350,0.001700,0.005580,0.000210,0.000000,0.000050,
haskell.2.ground.smt2,,par_async,64,0,unsat,0.021548,0.000310,0.001520,0.010870,0.001080,0.000000,0.000320,
haskell.2.ground.smt2,,par_async,128,0,unsat,0.037219,0.000400,0.001190,0.023000,0.000810,0.000000,0.001250,
haskell.2.ground.smt2,,par_async,144,0,unsat,0.026844,0.000260,0.001210,0.015900,0.000580,0.000000,0.000450,
haskell.200.ground.smt2,,nelson_topo_iter,1,0,unsat,1.346433,0.063190,0.524250,0.489300,0.040790,0.000000,0.002600,
haskell.200.ground.smt2,,nelson_simple,1,0,unsat,1.255593,0.067030,0.460290,0.442510,0.055820,0.000000,0.002640,
haskell.200.ground.smt2,,par_async,1,0,unsat,1.388134,0.059800,0.543330,0.459890,0.103930,0.000000,0.001440,
haskell.200.ground.smt2,,par_async,2,0,unsat,1.367557,0.059710,0.516940,0.479980,0.087020,0.000000,0.002220,
haskell.200.ground.smt2,,par_async,4,0,unsat,1.225909,0.051210,0.447850,0.429170,0.074240,0.000000,0.004300,
haskell.200.ground.smt2,,par_async,8,0,unsat,1.499006,0.060010,0.601040,0.523850,0.071880,0.000000,0.011230,
haskell.200.ground.smt2,,par_async,16,0,unsat,1.389782,0.061140,0.540350,0.455870,0.053840,0.000000,0.022680,
haskell.200.ground.smt2,,par_async,32,0,unsat,1.376037,0.062660,0.515730,0.490130,0.057560,0.000000,0.028690,
haskell.200.ground.smt2,,par_async,64,0,unsat,1.397773,0.062460,0.490840,0.464680,0.067830,0.000000,0.080290,
haskell.200.ground.smt2,,par_async,128,0,unsat,1.641273,0.058790,0.652140,0.520510,0.073030,0.000000,0.121370,
haskell.200.ground.smt2,,par_async,144,0,unsat,1.491503,0.060190,0.491390,0.528960,0.072100,0.000000,0.124800,
haskell.201.ground.smt2,,nelson_topo_iter,1,0,unsat,1.263809,0.058100,0.490240,0.451780,0.042500,0.000000,0.002590,
haskell.201.ground.smt2,,nelson_simple,1,0,unsat,1.565783,0.060290,0.628510,0.560710,0.072690,0.000000,0.003630,
haskell.201.ground.smt2,,par_async,1,0,unsat,1.873554,0.061360,0.874310,0.566380,0.138220,0.000000,0.003630,
haskell.201.ground.smt2,,par_async,2,0,unsat,1.388892,0.061650,0.544230,0.466110,0.087250,0.000000,0.002090,
haskell.201.ground.smt2,,par_async,4,0,unsat,1.379011,0.059480,0.543440,0.480370,0.072560,0.000000,0.004220,
haskell.201.ground.smt2,,par_async,8,0,unsat,1.257432,0.054880,0.445250,0.449310,0.067640,0.000000,0.010980,
haskell.201.ground.smt2,,par_async,16,0,unsat,1.544662,0.059830,0.641340,0.517000,0.063660,0.000000,0.026420,
haskell.201.ground.smt2,,par_async,32,0,unsat,1.545640,0.057740,0.622930,0.521890,0.066480,0.000000,0.041590,
haskell.201.ground.smt2,,par_async,64,0,unsat,1.659809,0.059820,0.652620,0.558520,0.078430,0.000000,0.081790,
haskell.201.ground.smt2,,par_async,128,0,unsat,1.400275,0.059560,0.481120,0.472190,0.064480,0.000000,0.119750,
haskell.201.ground.smt2,,par_async,144,0,unsat,1.501853,0.054590,0.556740,0.486810,0.068100,0.000000,0.118150,
haskell.202.ground.smt2,,nelson_topo_iter,1,0,unsat,1.489785,0.061690,0.594750,0.537130,0.054880,0.000000,0.003610,
haskell.202.ground.smt2,,nelson_simple,1,0,unsat,1.812791,0.065160,0.879740,0.569440,0.062460,0.000000,0.003590,
haskell.202.ground.smt2,,par_async,1,0,unsat,1.382418,0.060890,0.545700,0.456610,0.098720,0.000000,0.001480,
haskell.202.ground.smt2,,par_async,2,0,unsat,1.272895,0.059420,0.467610,0.433480,0.085380,0.000000,0.002430,
haskell.202.ground.smt2,,par_async,4,0,unsat,1.738227,0.054820,0.809900,0.551970,0.087670,0.000000,0.012810,
haskell.202.ground.smt2,,par_async,8,0,unsat,1.380153,0.058650,0.554030,0.472780,0.059250,0.000000,0.010240,
haskell.202.ground.smt2,,par_async,16,0,unsat,1.788203,0.087660,0.865700,0.518510,0.068290,0.000000,0.022930,
haskell.202.ground.smt2,,par_async,32,0,unsat,1.547918,0.061660,0.631090,0.519630,0.065440,0.000000,0.048040,
haskell.202.ground.smt2,,par_async,64,0,unsat,1.643932,0.059830,0.652630,0.549150,0.076170,0.000000,0.078580,
haskell.202.ground.smt2,,par_async,128,0,unsat,1.711737,0.066370,0.645020,0.548130,0.078520,0.000000,0.123970,
haskell.202.ground.smt2,,par_async,144,0,unsat,1.752716,0.063380,0.530060,0.760790,0.071510,0.000000,0.124680,
haskell.203.ground.smt2,,nelson_topo_iter,1,0,unsat,1.163798,0.043050,0.459560,0.424630,0.068850,0.000000,0.003490,
haskell.203.ground.smt2,,nelson_simple,1,0,unsat,0.958734,0.043260,0.341130,0.347370,0.054370,0.000000,0.002570,
haskell.203.ground.smt2,,par_async,1,0,unsat,1.127269,0.049280,0.375380,0.338490,0.200500,0.000000,0.001420,
haskell.203.ground.smt2,,par_async,2,0,unsat,1.251417,0.046140,0.412840,0.413910,0.206760,0.000000,0.002400,
haskell.203.ground.smt2,,par_async,4,0,unsat,1.585547,0.050390,0.716280,0.455140,0.171630,0.000000,0.012570,
haskell.203.ground.smt2,,par_async,8,0,unsat,1.050817,0.052640,0.349330,0.352740,0.121310,0.000000,0.010710,
haskell.203.ground.smt2,,par_async,16,0,unsat,1.172069,0.047270,0.428320,0.388980,0.117450,0.000000,0.026060,
haskell.203.ground.smt2,,par_async,32,0,unsat,1.141736,0.046980,0.418970,0.374370,0.104530,0.000000,0.032390,
haskell.203.ground.smt2,,par_async,64,0,unsat,1.454854,0.048230,0.572190,0.441690,0.151400,0.000000,0.080200,
haskell.203.ground.smt2,,par_async,128,0,unsat,1.298690,0.048670,0.435370,0.415440,0.133630,0.000000,0.114960,
haskell.203.ground.smt2,,par_async,144,0,unsat,1.217129,0.043820,0.344860,0.418530,0.147330,0.000000,0.104940,
haskell.204.ground.smt2,,nelson_topo_iter,1,0,unsat,1.041432,0.049910,0.411480,0.364610,0.055150,0.000000,0.002510,
haskell.204.ground.smt2,,nelson_simple,1,0,unsat,1.465604,0.048070,0.679900,0.487720,0.076870,0.000000,0.003540,
haskell.204.ground.smt2,,par_async,1,0,unsat,1.623385,0.049800,0.667770,0.476790,0.262240,0.000000,0.001900,
haskell.204.ground.smt2,,par_async,2,0,unsat,1.036268,0.050740,0.344450,0.324010,0.154310,0.000000,0.001930,
haskell.204.ground.smt2,,par_async,4,0,unsat,1.024191,0.047780,0.346350,0.337560,0.129770,0.000000,0.003390,
haskell.204.ground.smt2,,par_async,8,0,unsat,0.984926,0.043760,0.317120,0.336090,0.117420,0.000000,0.009000,
haskell.204.ground.smt2,,par_async,16,0,unsat,1.059504,0.045550,0.395400,0.334690,0.106400,0.000000,0.018060,
haskell.204.ground.smt2,,par_async,32,0,unsat,1.003101,0.041970,0.325500,0.339170,0.103180,0.000000,0.031860,
haskell.204.ground.smt2,,par_async,64,0,unsat,1.152741,0.046950,0.375460,0.364770,0.132210,0.000000,0.079930,
haskell.204.ground.smt2,,par_async,128,0,unsat,1.193976,0.044630,0.358270,0.408730,0.131470,0.000000,0.108160,
haskell.204.ground.smt2,,par_async,144,0,unsat,1.367970,0.050640,0.444170,0.466710,0.137140,0.000000,0.118750,
haskell.206.ground.smt2,,nelson_topo_iter,1,0,unsat,1.077002,0.053820,0.445400,0.389060,0.024560,0.000000,0.002910,
haskell.206.ground.smt2,,nelson_simple,1,0,unsat,1.493989,0.048960,0.728310,0.510080,0.032100,0.000000,0.003940,
haskell.206.ground.smt2,,par_async,1,0,unsat,1.603243,0.050770,0.713150,0.487940,0.183540,0.000000,0.002160,
haskell.206.ground.smt2,,par_async,2,0,unsat,1.044374,0.050240,0.368960,0.344650,0.112210,0.000000,0.002420,
haskell.206.ground.smt2,,par_async,4,0,unsat,1.069825,0.048840,0.422000,0.341940,0.090010,0.000000,0.004140,
haskell.206.ground.smt2,,par_async,8,0,unsat,1.005777,0.044360,0.351960,0.350570,0.084450,0.000000,0.010350,
haskell.206.ground.smt2,,par_async,16,0,unsat,1.081056,0.046750,0.359750,0.347110,0.076240,0.000000,0.025460,
haskell.206.ground.smt2,,par_async,32,0,unsat,1.132494,0.054070,0.380980,0.398970,0.086540,0.000000,0.043270,
haskell.206.ground.smt2,,par_async,64,0,unsat,1.190880,0.046470,0.413730,0.400680,0.079790,0.000000,0.085720,
haskell.206.ground.smt2,,par_async,128,0,unsat,1.379200,0.050760,0.400280,0.531890,0.097860,0.000000,0.135850,
haskell.206.ground.smt2,,par_async,144,0,unsat,1.400056,0.048300,0.476580,0.470240,0.099760,0.000000,0.143420,
haskell.208.ground.smt2,,nelson_topo_iter,1,0,unsat,1.142692,0.050560,0.452840,0.404400,0.066650,0.000000,0.002950,
haskell.208.ground.smt2,,nelson_simple,1,0,unsat,1.568096,0.054630,0.730170,0.506400,0.091830,0.000000,0.004070,
haskell.208.ground.smt2,,par_async,1,0,unsat,1.211411,0.053540,0.381090,0.371430,0.236200,0.000000,0.001640,
haskell.208.ground.smt2,,par_async,2,0,unsat,1.226879,0.051070,0.426650,0.400010,0.181590,0.000000,0.001930,
haskell.208.ground.smt2,,par_async,4,0,unsat,1.665936,0.055210,0.740870,0.480490,0.197910,0.000000,0.005480,
haskell.208.ground.smt2,,par_async,8,0,unsat,1.254661,0.052270,0.463510,0.416380,0.140860,0.000000,0.011830,
haskell.208.ground.smt2,,par_async,16,0,unsat,1.600368,0.049790,0.715300,0.490760,0.145780,0.000000,0.027170,
haskell.208.ground.smt2,,par_async,32,0,unsat,1.672544,0.072630,0.721530,0.474830,0.150190,0.000000,0.042780,
haskell.208.ground.smt2,,par_async,64,0,unsat,1.313002,0.054940,0.409340,0.435180,0.150270,0.000000,0.097640,
haskell.208.ground.smt2,,par_async,128,0,unsat,1.429009,0.054120,0.523190,0.420250,0.152850,0.000000,0.126680,
haskell.208.ground.smt2,,par_async,144,0,unsat,1.383395,0.049940,0.451790,0.407620,0.162510,0.000000,0.149270,
haskell.21.ground.smt2,,nelson_topo_iter,1,0,unsat,1.890846,0.105090,0.810590,0.623470,0.058750,0.000000,0.003060,
haskell.21.ground.smt2,,nelson_simple,1,0,unsat,1.868512,0.099020,0.796210,0.628470,0.051160,0.000000,0.003150,
haskell.21.ground.smt2,,par_async,1,0,unsat,1.782875,0.099700,0.687330,0.609670,0.095050,0.000000,0.001930,
haskell.21.ground.smt2,,par_async,2,0,unsat,2.308566,0.099320,1.081910,0.733450,0.077550,0.000000,0.001680,
haskell.21.ground.smt2,,par_async,4,0,unsat,1.852648,0.098440,0.790880,0.607900,0.047750,0.000000,0.001240,
haskell.21.ground.smt2,,par_async,8,0,unsat,2.372484,0.147750,1.154710,0.726130,0.039160,0.000000,0.001690,
haskell.21.ground.smt2,,par_async,16,0,unsat,2.404288,0.100900,1.219650,0.727650,0.038140,0.000000,0.001960,
haskell.21.ground.smt2,,par_async,32,0,unsat,2.086835,0.098630,0.931730,0.718600,0.033460,0.000000,0.001920,
haskell.21.ground.smt2,,par_async,64,0,unsat,2.361830,0.099500,1.124080,0.766190,0.050410,0.000000,0.002920,
haskell.21.ground.smt2,,par_async,128,0,unsat,2.002249,0.098890,0.810860,0.726320,0.058140,0.000000,0.003170,
haskell.21.ground.smt2,,par_async,144,0,unsat,1.976756,0.088770,0.796270,0.728340,0.061670,0.000000,0.003200,
haskell.210.ground.smt2,,nelson_topo_iter,1,0,unsat,1.222101,0.058080,0.454960,0.461500,0.063820,0.000000,0.003280,
haskell.210.ground.smt2,,nelson_simple,1,0,unsat,1.685110,0.053880,0.778090,0.556960,0.099550,0.000000,0.004670,
haskell.210.ground.smt2,,par_async,1,0,unsat,1.388631,0.055140,0.428030,0.465210,0.256570,0.000000,0.001800,
haskell.210.ground.smt2,,par_async,2,0,unsat,1.235528,0.055910,0.406780,0.394420,0.193120,0.000000,0.001760,
haskell.210.ground.smt2,,par_async,4,0,unsat,1.268105,0.054200,0.458600,0.432370,0.137480,0.000000,0.001160,
haskell.210.ground.smt2,,par_async,8,0,unsat,1.131851,0.049760,0.379420,0.405990,0.111130,0.000000,0.001570,
haskell.210.ground.smt2,,par_async,16,0,unsat,1.261004,0.054010,0.483370,0.442220,0.096150,0.000000,0.001810,
haskell.210.ground.smt2,,par_async,32,0,unsat,1.690423,0.053250,0.768180,0.541820,0.127170,0.000000,0.002170,
haskell.210.ground.smt2,,par_async,64,0,unsat,1.232229,0.054230,0.428670,0.431590,0.127410,0.000000,0.002780,
haskell.210.ground.smt2,,par_async,128,0,unsat,1.430422,0.053790,0.501010,0.522420,0.156940,0.000000,0.003010,
haskell.210.ground.smt2,,par_async,144,0,unsat,1.445889,0.054290,0.474220,0.554480,0.160160,0.000000,0.003110,
haskell.211.ground.smt2,,nelson_topo_iter,1,0,unsat,0.015377,0.000560,0.001820,0.004120,0.000160,0.000000,0.000040,
haskell.211.ground.smt2,,nelson_simple,1,0,unsat,0.015489,0.000480,0.002520,0.005570,0.000170,0.000000,0.000040,
haskell.211.ground.smt2,,par_async,1,0,unsat,0.012098,0.000270,0.001510,0.003170,0.000340,0.000000,0.000040,
haskell.211.ground.smt2,,par_async,2,0,unsat,0.010985,0.000300,0.001660,0.003330,0.000340,0.000000,0.000030,
haskell.211.ground.smt2,,par_async,4,0,unsat,0.012401,0.000370,0.002110,0.004330,0.000290,0.000000,0.000100,
haskell.211.ground.smt2,,par_async,8,0,unsat,0.015257,0.000500,0.002720,0.004530,0.000280,0.000000,0.000030,
haskell.211.ground.smt2,,par_async,16,0,unsat,0.014349,0.000440,0.002490,0.004070,0.000280,0.000000,0.000050,
haskell.211.ground.smt2,,par_async,32,0,unsat,0.016338,0.000430,0.002100,0.007020,0.000370,0.000000,0.000070,
haskell.211.ground.smt2,,par_async,64,0,unsat,0.020476,0.000320,0.001810,0.010670,0.001200,0.000000,0.000350,
haskell.211.ground.smt2,,par_async,128,0,unsat,0.033904,0.000360,0.001780,0.016700,0.004870,0.000000,0.001540,
haskell.211.ground.smt2,,par_async,144,0,unsat,0.037253,0.000390,0.001540,0.025400,0.000650,0.000000,0.000300,
haskell.213.ground.smt2,,nelson_topo_iter,1,0,unsat,0.797668,0.025320,0.301260,0.343300,0.034880,0.000000,0.002890,
haskell.213.ground.smt2,,nelson_simple,1,0,unsat,0.552378,0.029730,0.185840,0.210980,0.043690,0.000000,0.002160,
haskell.213.ground.smt2,,par_async,1,0,unsat,0.609263,0.026190,0.186190,0.204540,0.106490,0.000000,0.001290,
haskell.213.ground.smt2,,par_async,2,0,unsat,0.592771,0.024020,0.205970,0.201700,0.077690,0.000000,0.001750,
haskell.213.ground.smt2,,par_async,4,0,unsat,0.853483,0.025580,0.353340,0.297680,0.078710,0.000000,0.003250,
haskell.213.ground.smt2,,par_async,8,0,unsat,0.601203,0.027490,0.174630,0.230450,0.068220,0.000000,0.006850,
haskell.213.ground.smt2,,par_async,16,0,unsat,0.768557,0.025920,0.285520,0.295880,0.061880,0.000000,0.015950,
haskell.213.ground.smt2,,par_async,32,0,unsat,0.573417,0.025910,0.199750,0.200340,0.046400,0.000000,0.021130,
haskell.213.ground.smt2,,par_async,64,0,unsat,0.643020,0.024120,0.198800,0.239810,0.055060,0.000000,0.047680,
haskell.213.ground.smt2,,par_async,128,0,unsat,0.737895,0.025230,0.234720,0.255920,0.061900,0.000000,0.083560,
haskell.213.ground.smt2,,par_async,144,0,unsat,0.702410,0.024740,0.198740,0.269510,0.060900,0.000000,0.071230,
haskell.215.ground.smt2,,nelson_topo_iter,1,0,unsat,0.666481,0.027760,0.250430,0.254640,0.035070,0.000000,0.002750,
haskell.215.ground.smt2,,nelson_simple,1,0,unsat,0.572963,0.025480,0.191960,0.212500,0.040260,0.000000,0.002070,
haskell.215.ground.smt2,,par_async,1,0,unsat,0.699947,0.028930,0.221280,0.242700,0.108990,0.000000,0.001110,
haskell.215.ground.smt2,,par_async,2,0,unsat,0.677178,0.028850,0.200140,0.242210,0.105190,0.000000,0.002260,
haskell.215.ground.smt2,,par_async,4,0,unsat,1.022314,0.027320,0.432880,0.329750,0.113120,0.000000,0.004180,
haskell.215.ground.smt2,,par_async,8,0,unsat,1.048823,0.036220,0.483440,0.303860,0.100050,0.000000,0.008630,
haskell.215.ground.smt2,,par_async,16,0,unsat,0.734171,0.030620,0.255690,0.256890,0.069410,0.000000,0.019340,
haskell.215.ground.smt2,,par_async,32,0,unsat,0.734642,0.030430,0.257330,0.249770,0.070780,0.000000,0.027640,
haskell.215.ground.smt2,,par_async,64,0,unsat,0.742791,0.029670,0.236040,0.243150,0.072320,0.000000,0.066510,
haskell.215.ground.smt2,,par_async,128,0,unsat,0.790903,0.028820,0.240880,0.261320,0.073050,0.000000,0.097270,
haskell.215.ground.smt2,,par_async,144,0,unsat,0.794068,0.029420,0.233520,0.276500,0.073270,0.000000,0.086940,
haskell.216.ground.smt2,,nelson_topo_iter,1,0,unsat,0.534555,0.023780,0.194310,0.208630,0.025820,0.000000,0.002180,
haskell.216.ground.smt2,,nelson_simple,1,0,unsat,0.830379,0.025790,0.282880,0.362930,0.059410,0.000000,0.002910,
haskell.216.ground.smt2,,par_async,1,0,unsat,0.565974,0.027050,0.177700,0.178150,0.098880,0.000000,0.001230,
haskell.216.ground.smt2,,par_async,2,0,unsat,0.664668,0.026790,0.208120,0.241570,0.092500,0.000000,0.001790,
haskell.216.ground.smt2,,par_async,4,0,unsat,0.823631,0.024070,0.303810,0.320360,0.077830,0.000000,0.003400,
haskell.216.ground.smt2,,par_async,8,0,unsat,0.611141,0.026900,0.206700,0.218350,0.062270,0.000000,0.007000,
haskell.216.ground.smt2,,par_async,16,0,unsat,0.596003,0.025780,0.182230,0.223790,0.059660,0.000000,0.020970,
haskell.216.ground.smt2,,par_async,32,0,unsat,0.850493,0.024970,0.358370,0.295860,0.060720,0.000000,0.024340,
haskell.216.ground.smt2,,par_async,64,0,unsat,0.649132,0.026330,0.209080,0.219020,0.055200,0.000000,0.058250,
haskell.216.ground.smt2,,par_async,128,0,unsat,0.756283,0.024660,0.286510,0.234710,0.056070,0.000000,0.077430,
haskell.216.ground.smt2,,par_async,144,0,unsat,0.688571,0.023900,0.201340,0.241570,0.059770,0.000000,0.083350,
haskell.217.ground.smt2,,nelson_topo_iter,1,0,unsat,1.294994,0.052450,0.513180,0.477550,0.055030,0.000000,0.005270,
haskell.217.ground.smt2,,nelson_simple,1,0,unsat,1.177202,0.055500,0.455380,0.439970,0.035850,0.000000,0.002680,
haskell.217.ground.smt2,,par_async,1,0,unsat,1.679379,0.054180,0.755550,0.518530,0.147740,0.000000,0.002040,
haskell.217.ground.smt2,,par_async,2,0,unsat,1.112273,0.055810,0.398410,0.371770,0.095320,0.000000,0.003000,
haskell.217.ground.smt2,,par_async,4,0,unsat,1.181342,0.053060,0.430730,0.427770,0.075900,0.000000,0.003930,
haskell.217.ground.smt2,,par_async,8,0,unsat,1.411719,0.048870,0.600670,0.477130,0.083800,0.000000,0.011010,
haskell.217.ground.smt2,,par_async,16,0,unsat,1.295569,0.057200,0.482670,0.455030,0.078370,0.000000,0.028250,
haskell.217.ground.smt2,,par_async,32,0,unsat,1.155760,0.055260,0.424140,0.382340,0.061720,0.000000,0.046090,
haskell.217.ground.smt2,,par_async,64,0,unsat,1.305165,0.052710,0.455630,0.442470,0.082170,0.000000,0.090050,
haskell.217.ground.smt2,,par_async,128,0,unsat,1.278734,0.052610,0.412490,0.440610,0.079170,0.000000,0.118550,
haskell.217.ground.smt2,,par_async,144,0,unsat,1.480501,0.053420,0.505670,0.510520,0.089490,0.000000,0.136440,
haskell.218.ground.smt2,,nelson_topo_iter,1,0,unsat,0.016183,0.000490,0.002240,0.004320,0.000120,0.000000,0.000040,
haskell.218.ground.smt2,,nelson_simple,1,0,unsat,0.016467,0.000450,0.002210,0.005890,0.000150,0.000000,0.000040,
haskell.218.ground.smt2,,par_async,1,0,unsat,0.015988,0.000460,0.002200,0.005520,0.000240,0.000000,0.000030,
haskell.218.ground.smt2,,par_async,2,0,unsat,0.012985,0.000370,0.001980,0.003140,0.000240,0.000000,0.000030,
haskell.218.ground.smt2,,par_async,4,0,unsat,0.017280,0.000440,0.002200,0.006670,0.000370,0.000000,0.000030,
haskell.218.ground.smt2,,par_async,8,0,unsat,0.012506,0.000330,0.001710,0.004270,0.000220,0.000000,0.000030,
haskell.218.ground.smt2,,par_async,16,0,unsat,0.017121,0.000430,0.002180,0.006520,0.000240,0.000000,0.000030,
haskell.218.ground.smt2,,par_async,32,0,unsat,0.016250,0.000450,0.001690,0.006020,0.000250,0.000000,0.000040,
haskell.218.ground.smt2,,par_async,64,0,unsat,0.025555,0.000370,0.001790,0.015330,0.000400,0.000000,0.000260,
haskell.218.ground.smt2,,par_async,128,0,unsat,0.030910,0.000220,0.001100,0.021650,0.000460,0.000000,0.000290,
haskell.218.ground.smt2,,par_async,144,0,unsat,0.033511,0.000210,0.001050,0.022240,0.000690,0.000000,0.001410,
haskell.219.ground.smt2,,nelson_topo_iter,1,0,unsat,0.012863,0.000340,0.001370,0.004160,0.000140,0.000000,0.000040,
haskell.219.ground.smt2,,nelson_simple,1,0,unsat,0.013434,0.000460,0.001790,0.004180,0.000130,0.000000,0.000030,
haskell.219.ground.smt2,,par_async,1,0,unsat,0.013352,0.000290,0.001530,0.004380,0.000270,0.000000,0.000030,
haskell.219.ground.smt2,,par_async,2,0,unsat,0.015388,0.000440,0.002480,0.005340,0.000240,0.000000,0.000090,
haskell.219.ground.smt2,,par_async,4,0,unsat,0.016305,0.000390,0.002200,0.006100,0.000410,0.000000,0.000040,
haskell.219.ground.smt2,,par_async,8,0,unsat,0.014279,0.000370,0.002260,0.004590,0.000240,0.000000,0.000020,
haskell.219.ground.smt2,,par_async,16,0,unsat,0.012767,0.000330,0.001390,0.004070,0.000270,0.000000,0.000050,
haskell.219.ground.smt2,,par_async,32,0,unsat,0.015306,0.000300,0.001540,0.006450,0.000270,0.000000,0.000060,
haskell.219.ground.smt2,,par_async,64,0,unsat,0.022360,0.000460,0.002530,0.010040,0.000470,0.000000,0.000520,
haskell.219.ground.smt2,,par_async,128,0,unsat,0.028796,0.000240,0.001280,0.017200,0.000820,0.000000,0.000270,
haskell.219.ground.smt2,,par_async,144,0,unsat,0.034176,0.000350,0.001480,0.020410,0.001040,0.000000,0.000120,
haskell.22.ground.smt2,,nelson_topo_iter,1,0,unsat,1.299008,0.062390,0.553510,0.444660,0.044670,0.000000,0.002400,
haskell.22.ground.smt2,,nelson_simple,1,0,unsat,1.148745,0.059380,0.448120,0.404960,0.036920,0.000000,0.002370,
haskell.22.ground.smt2,,par_async,1,0,unsat,1.257284,0.058160,0.484790,0.447730,0.077250,0.000000,0.001590,
haskell.22.ground.smt2,,par_async,2,0,unsat,1.425445,0.055010,0.651200,0.460110,0.069010,0.000000,0.001830,
haskell.22.ground.smt2,,par_async,4,0,unsat,1.243278,0.057780,0.526350,0.409100,0.057230,0.000000,0.003370,
haskell.22.ground.smt2,,par_async,8,0,unsat,1.137559,0.054560,0.429170,0.400710,0.053640,0.000000,0.010010,
haskell.22.ground.smt2,,par_async,16,0,unsat,1.267895,0.060280,0.514410,0.439250,0.042260,0.000000,0.021120,
haskell.22.ground.smt2,,par_async,32,0,unsat,1.746765,0.081690,0.850860,0.515270,0.057440,0.000000,0.045070,
haskell.22.ground.smt2,,par_async,64,0,unsat,1.665699,0.060510,0.556120,0.713880,0.066470,0.000000,0.074440,
haskell.22.ground.smt2,,par_async,128,0,unsat,1.542701,0.060620,0.649730,0.467810,0.056040,0.000000,0.121810,
haskell.22.ground.smt2,,par_async,144,0,unsat,1.553722,0.059390,0.630750,0.504980,0.058020,0.000000,0.120660,
haskell.220.ground.smt2,,nelson_topo_iter,1,0,unsat,0.017746,0.000490,0.002220,0.005260,0.000200,0.000000,0.000040,
haskell.220.ground.smt2,,nelson_simple,1,0,unsat,0.014955,0.000420,0.002080,0.005590,0.000230,0.000000,0.000060,
haskell.220.ground.smt2,,par_async,1,0,unsat,0.014081,0.000420,0.002330,0.004610,0.000270,0.000000,0.000030,
haskell.220.ground.smt2,,par_async,2,0,unsat,0.014625,0.000450,0.002100,0.005270,0.000370,0.000000,0.000040,
haskell.220.ground.smt2,,par_async,4,0,unsat,0.013686,0.000500,0.001770,0.004270,0.000250,0.000000,0.000040,
haskell.220.ground.smt2,,par_async,8,0,unsat,0.012019,0.000400,0.001410,0.003470,0.000280,0.000000,0.000050,
haskell.220.ground.smt2,,par_async,16,0,unsat,0.013441,0.000420,0.002300,0.003650,0.000250,0.000000,0.000050,
haskell.220.ground.smt2,,par_async,32,0,unsat,0.013526,0.000430,0.001960,0.004000,0.000250,0.000000,0.000050,
haskell.220.ground.smt2,,par_async,64,0,unsat,0.017285,0.000510,0.001450,0.007810,0.000370,0.000000,0.000110,
haskell.220.ground.smt2,,par_async,128,0,unsat,0.034470,0.000410,0.001830,0.020800,0.001510,0.000000,0.000340,
haskell.220.ground.smt2,,par_async,144,0,unsat,0.027637,0.000240,0.001210,0.016030,0.000730,0.000000,0.000300,
haskell.221.ground.smt2,,nelson_topo_iter,1,0,unsat,0.335657,0.015320,0.120020,0.129230,0.012410,0.000000,0.001410,
haskell.221.ground.smt2,,nelson_simple,1,0,unsat,0.417849,0.016500,0.149860,0.167610,0.016700,0.000000,0.001500,
haskell.221.ground.smt2,,par_async,1,0,unsat,0.695741,0.016590,0.262560,0.262240,0.083780,0.000000,0.001490,
haskell.221.ground.smt2,,par_async,2,0,unsat,0.411880,0.017550,0.147180,0.149470,0.034500,0.000000,0.001080,
haskell.221.ground.smt2,,par_async,4,0,unsat,0.380892,0.016120,0.117710,0.150100,0.029820,0.000000,0.002570,
haskell.221.ground.smt2,,par_async,8,0,unsat,0.607905,0.015680,0.208460,0.251510,0.048720,0.000000,0.007870,
haskell.221.ground.smt2,,par_async,16,0,unsat,0.436884,0.014610,0.152020,0.167400,0.026340,0.000000,0.012420,
haskell.221.ground.smt2,,par_async,32,0,unsat,0.665117,0.014000,0.272210,0.255720,0.036250,0.000000,0.025690,
haskell.221.ground.smt2,,par_async,64,0,unsat,0.483863,0.015010,0.147510,0.180040,0.032640,0.000000,0.044410,
haskell.221.ground.smt2,,par_async,128,0,unsat,0.516914,0.015990,0.150370,0.190060,0.034680,0.000000,0.068210,
haskell.221.ground.smt2,,par_async,144,0,unsat,0.533548,0.015570,0.149760,0.202590,0.034800,0.000000,0.070970,
haskell.222.ground.smt2,,nelson_topo_iter,1,0,unsat,0.021247,0.000880,0.005670,0.006560,0.000510,0.000000,0.000080,
haskell.222.ground.smt2,,nelson_simple,1,0,unsat,0.014616,0.000440,0.003890,0.005140,0.000400,0.000000,0.000070,
haskell.222.ground.smt2,,par_async,1,0,unsat,0.017419,0.000630,0.004550,0.006390,0.000830,0.000000,0.000050,
haskell.222.ground.smt2,,par_async,2,0,unsat,0.023034,0.000860,0.006830,0.007170,0.000910,0.000000,0.000070,
haskell.222.ground.smt2,,par_async,4,0,unsat,0.023570,0.001020,0.007110,0.006760,0.000760,0.000000,0.000260,
haskell.222.ground.smt2,,par_async,8,0,unsat,0.022057,0.001020,0.005380,0.006730,0.000730,0.000000,0.000500,
haskell.222.ground.smt2,,par_async,16,0,unsat,0.025522,0.000990,0.007830,0.007370,0.000700,0.000000,0.000950,
haskell.222.ground.smt2,,par_async,32,0,unsat,0.024960,0.000880,0.007230,0.007320,0.000660,0.000000,0.001140,
haskell.222.ground.smt2,,par_async,64,0,unsat,0.031033,0.000660,0.004750,0.014630,0.001060,0.000000,0.001800,
haskell.222.ground.smt2,,par_async,128,0,unsat,0.043104,0.000700,0.004660,0.026220,0.001410,0.000000,0.001570,
haskell.222.ground.smt2,,par_async,144,0,unsat,0.041802,0.000660,0.004660,0.022620,0.001740,0.000000,0.003040,
haskell.223.ground.smt2,,nelson_topo_iter,1,0,unsat,0.016503,0.000610,0.004130,0.006350,0.000320,0.000000,0.000070,
haskell.223.ground.smt2,,nelson_simple,1,0,unsat,0.021786,0.000930,0.005600,0.006040,0.000290,0.000000,0.000060,
haskell.223.ground.smt2,,par_async,1,0,unsat,0.019599,0.000880,0.004760,0.006220,0.000630,0.000000,0.000050,
haskell.223.ground.smt2,,par_async,2,0,unsat,0.022952,0.000850,0.007000,0.007100,0.000590,0.000000,0.000120,
haskell.223.ground.smt2,,par_async,4,0,unsat,0.022002,0.000800,0.006600,0.006600,0.000550,0.000000,0.000340,
haskell.223.ground.smt2,,par_async,8,0,unsat,0.022988,0.000870,0.007000,0.007170,0.000520,0.000000,0.000470,
haskell.223.ground.smt2,,par_async,16,0,unsat,0.020841,0.000540,0.004970,0.006700,0.000520,0.000000,0.001070,
haskell.223.ground.smt2,,par_async,32,0,unsat,0.020452,0.000590,0.004210,0.008100,0.000510,0.000000,0.000750,
haskell.223.ground.smt2,,par_async,64,0,unsat,0.026736,0.000390,0.003640,0.012230,0.000870,0.000000,0.002600,
haskell.223.ground.smt2,,par_async,128,0,unsat,0.040606,0.000580,0.004220,0.022920,0.001680,0.000000,0.002460,
haskell.223.ground.smt2,,par_async,144,0,unsat,0.046546,0.000690,0.004310,0.028860,0.001180,0.000000,0.002010,
haskell.224.ground.smt2,,nelson_topo_iter,1,0,unsat,0.016896,0.000640,0.004390,0.006530,0.000320,0.000000,0.000070,
haskell.224.ground.smt2,,nelson_simple,1,0,unsat,0.020533,0.000660,0.004870,0.007190,0.000350,0.000000,0.000080,
haskell.224.ground.smt2,,par_async,1,0,unsat,0.021004,0.000980,0.005300,0.006420,0.000720,0.000000,0.000050,
haskell.224.ground.smt2,,par_async,2,0,unsat,0.019386,0.000570,0.005160,0.006180,0.000640,0.000000,0.000050,
haskell.224.ground.smt2,,par_async,4,0,unsat,0.015201,0.000460,0.003660,0.005100,0.000610,0.000000,0.000470,
haskell.224.ground.smt2,,par_async,8,0,unsat,0.014839,0.000420,0.003670,0.005040,0.000550,0.000000,0.000220,
haskell.224.ground.smt2,,par_async,16,0,unsat,0.025156,0.000980,0.007460,0.007240,0.000550,0.000000,0.001090,
haskell.224.ground.smt2,,par_async,32,0,unsat,0.021258,0.000600,0.004320,0.007850,0.000560,0.000000,0.000970,
haskell.224.ground.smt2,,par_async,64,0,unsat,0.029342,0.000510,0.004000,0.015500,0.000960,0.000000,0.002420,
haskell.224.ground.smt2,,par_async,128,0,unsat,0.042067,0.000620,0.004380,0.025210,0.001260,0.000000,0.002490,
haskell.224.ground.smt2,,par_async,144,0,unsat,0.043759,0.000520,0.004120,0.027390,0.001090,0.000000,0.002090,
haskell.225.ground.smt2,,nelson_topo_iter,1,0,unsat,0.045910,0.002310,0.017520,0.016860,0.001660,0.000000,0.000200,
haskell.225.ground.smt2,,nelson_simple,1,0,unsat,0.050758,0.003430,0.018820,0.017070,0.001480,0.000000,0.000200,
haskell.225.ground.smt2,,par_async,1,0,unsat,0.052016,0.002970,0.020360,0.016270,0.002670,0.000000,0.000130,
haskell.225.ground.smt2,,par_async,2,0,unsat,0.048559,0.003330,0.017210,0.015930,0.002070,0.000000,0.000150,
haskell.225.ground.smt2,,par_async,4,0,unsat,0.051860,0.003370,0.020310,0.016280,0.001800,0.000000,0.000420,
haskell.225.ground.smt2,,par_async,8,0,unsat,0.046193,0.002710,0.017210,0.014420,0.001330,0.000000,0.000990,
haskell.225.ground.smt2,,par_async,16,0,unsat,0.055056,0.003410,0.017160,0.016710,0.001290,0.000000,0.003920,
haskell.225.ground.smt2,,par_async,32,0,unsat,0.053999,0.002600,0.017960,0.017560,0.001270,0.000000,0.006330,
haskell.225.ground.smt2,,par_async,64,0,unsat,0.067981,0.002190,0.017120,0.028560,0.002060,0.000000,0.008010,
haskell.225.ground.smt2,,par_async,128,0,unsat,0.090710,0.003420,0.018460,0.047150,0.002360,0.000000,0.008400,
haskell.225.ground.smt2,,par_async,144,0,unsat,0.089945,0.002350,0.017370,0.047200,0.002390,0.000000,0.008590,
haskell.226.ground.smt2,,nelson_topo_iter,1,0,unsat,0.045332,0.002070,0.017570,0.016830,0.001210,0.000000,0.000190,
haskell.226.ground.smt2,,nelson_simple,1,0,unsat,0.048992,0.002390,0.018900,0.016870,0.001250,0.000000,0.000180,
haskell.226.ground.smt2,,par_async,1,0,unsat,0.051691,0.002980,0.019880,0.016530,0.002660,0.000000,0.000120,
haskell.226.ground.smt2,,par_async,2,0,unsat,0.043714,0.002220,0.014860,0.015030,0.002100,0.000000,0.000150,
haskell.226.ground.smt2,,par_async,4,0,unsat,0.045853,0.002210,0.017480,0.016300,0.001730,0.000000,0.000380,
haskell.226.ground.smt2,,par_async,8,0,unsat,0.046587,0.002280,0.017650,0.015080,0.001400,0.000000,0.001250,
haskell.226.ground.smt2,,par_async,16,0,unsat,0.046182,0.001370,0.014890,0.015180,0.001290,0.000000,0.003300,
haskell.226.ground.smt2,,par_async,32,0,unsat,0.053190,0.001360,0.015180,0.020200,0.001450,0.000000,0.005950,
haskell.226.ground.smt2,,par_async,64,0,unsat,0.069841,0.001370,0.015190,0.035460,0.001940,0.000000,0.006980,
haskell.226.ground.smt2,,par_async,128,0,unsat,0.086040,0.002010,0.020040,0.042470,0.002830,0.000000,0.007580,
haskell.226.ground.smt2,,par_async,144,0,unsat,0.082764,0.002110,0.017070,0.041200,0.002430,0.000000,0.009090,
haskell.227.ground.smt2,,nelson_topo_iter,1,0,unsat,0.041836,0.001510,0.015980,0.016100,0.001090,0.000000,0.000180,
haskell.227.ground.smt2,,nelson_simple,1,0,unsat,0.041540,0.001190,0.015420,0.014670,0.001090,0.000000,0.000170,
haskell.227.ground.smt2,,par_async,1,0,unsat,0.048598,0.002160,0.019290,0.015450,0.002410,0.000000,0.000130,
haskell.227.ground.smt2,,par_async,2,0,unsat,0.046127,0.001770,0.017620,0.014880,0.002610,0.000000,0.000210,
haskell.227.ground.smt2,,par_async,4,0,unsat,0.059518,0.001820,0.016440,0.026080,0.002670,0.000000,0.000680,
haskell.227.ground.smt2,,par_async,8,0,unsat,0.040427,0.001120,0.015080,0.014290,0.001450,0.000000,0.001200,
haskell.227.ground.smt2,,par_async,16,0,unsat,0.048154,0.001670,0.016700,0.016920,0.001380,0.000000,0.003250,
haskell.227.ground.smt2,,par_async,32,0,unsat,0.056174,0.001490,0.016250,0.023180,0.001340,0.000000,0.005670,
haskell.227.ground.smt2,,par_async,64,0,unsat,0.063595,0.001430,0.015970,0.028140,0.002010,0.000000,0.006890,
haskell.227.ground.smt2,,par_async,128,0,unsat,0.076026,0.001030,0.014180,0.039410,0.002550,0.000000,0.008150,
haskell.227.ground.smt2,,par_async,144,0,unsat,0.086267,0.001390,0.016410,0.046900,0.002160,0.000000,0.007600,
haskell.228.ground.smt2,,nelson_topo_iter,1,0,unsat,0.042909,0.001990,0.016130,0.016200,0.001150,0.000000,0.000180,
haskell.228.ground.smt2,,nelson_simple,1,0,unsat,0.050742,0.002930,0.018440,0.016460,0.001180,0.000000,0.000170,
haskell.228.ground.smt2,,par_async,1,0,unsat,0.048643,0.002800,0.018570,0.015840,0.002240,0.000000,0.000120,
haskell.228.ground.smt2,,par_async,2,0,unsat,0.046771,0.002460,0.018210,0.015870,0.001850,0.000000,0.000130,
haskell.228.ground.smt2,,par_async,4,0,unsat,0.047261,0.003130,0.016810,0.015800,0.001430,0.000000,0.000330,
haskell.228.ground.smt2,,par_async,8,0,unsat,0.038099,0.001260,0.014070,0.013910,0.001100,0.000000,0.000960,
haskell.228.ground.smt2,,par_async,16,0,unsat,0.040693,0.001270,0.013890,0.014270,0.001080,0.000000,0.003550,
haskell.228.ground.smt2,,par_async,32,0,unsat,0.045997,0.001300,0.013930,0.015230,0.001050,0.000000,0.005530,
haskell.228.ground.smt2,,par_async,64,0,unsat,0.068975,0.001670,0.016680,0.032020,0.001700,0.000000,0.007520,
haskell.228.ground.smt2,,par_async,128,0,unsat,0.088444,0.002260,0.017360,0.046780,0.001750,0.000000,0.007610,
haskell.228.ground.smt2,,par_async,144,0,unsat,0.085463,0.002060,0.016780,0.045130,0.002960,0.000000,0.007440,
haskell.229.ground.smt2,,nelson_topo_iter,1,0,unsat,2.164158,0.117170,0.885940,0.732930,0.062020,0.000000,0.003160,
haskell.229.ground.smt2,,nelson_simple,1,0,unsat,2.248811,0.118890,0.957630,0.743040,0.049660,0.000000,0.003360,
haskell.229.ground.smt2,,par_async,1,0,unsat,2.872665,0.147420,1.406520,0.823800,0.116640,0.000000,0.002030,
haskell.229.ground.smt2,,par_async,2,0,unsat,2.693744,0.119710,1.241880,0.873480,0.074850,0.000000,0.001550,
haskell.229.ground.smt2,,par_async,4,0,unsat,2.143227,0.118170,0.859710,0.723140,0.059270,0.000000,0.001460,
haskell.229.ground.smt2,,par_async,8,0,unsat,2.208299,0.106920,0.957720,0.731700,0.040210,0.000000,0.001780,
haskell.229.ground.smt2,,par_async,16,0,unsat,2.806774,0.118410,1.446110,0.827980,0.032130,0.000000,0.002130,
haskell.229.ground.smt2,,par_async,32,0,unsat,2.225972,0.117240,0.962020,0.730860,0.032910,0.000000,0.002050,
haskell.229.ground.smt2,,par_async,64,0,unsat,2.818032,0.124260,1.429910,0.828400,0.042660,0.000000,0.003290,
haskell.229.ground.smt2,,par_async,128,0,unsat,2.745169,0.119410,0.977460,1.195870,0.058760,0.000000,0.003200,
haskell.229.ground.smt2,,par_async,144,0,unsat,2.924608,0.164060,1.395880,0.907690,0.062970,0.000000,0.003190,
haskell.231.ground.smt2,,nelson_topo_iter,1,0,unsat,0.016460,0.000540,0.002610,0.005180,0.000150,0.000000,0.000040,
haskell.231.ground.smt2,,nelson_simple,1,0,unsat,0.015981,0.000550,0.002020,0.004520,0.000170,0.000000,0.000050,
haskell.231.ground.smt2,,par_async,1,0,unsat,0.017520,0.000490,0.002530,0.006310,0.000540,0.000000,0.000060,
haskell.231.ground.smt2,,par_async,2,0,unsat,0.016247,0.000520,0.002680,0.004900,0.000280,0.000000,0.000040,
haskell.231.ground.smt2,,par_async,4,0,unsat,0.014026,0.000440,0.002440,0.003580,0.000280,0.000000,0.000110,
haskell.231.ground.smt2,,par_async,8,0,unsat,0.010055,0.000250,0.001250,0.003210,0.000280,0.000000,0.000050,
haskell.231.ground.smt2,,par_async,16,0,unsat,0.017312,0.000470,0.002360,0.006560,0.000290,0.000000,0.000320,
haskell.231.ground.smt2,,par_async,32,0,unsat,0.015474,0.000430,0.002230,0.004660,0.000330,0.000000,0.000270,
haskell.231.ground.smt2,,par_async,64,0,unsat,0.023982,0.000550,0.002720,0.009230,0.000440,0.000000,0.000950,
haskell.231.ground.smt2,,par_async,128,0,unsat,0.037569,0.000340,0.001520,0.024440,0.000580,0.000000,0.001770,
haskell.231.ground.smt2,,par_async,144,0,unsat,0.032848,0.000330,0.001480,0.020880,0.000880,0.000000,0.000370,
haskell.232.ground.smt2,,nelson_topo_iter,1,0,unsat,0.953473,0.046630,0.374540,0.361310,0.026560,0.000000,0.003160,
haskell.232.ground.smt2,,nelson_simple,1,0,unsat,0.862790,0.045800,0.322690,0.319750,0.021730,0.000000,0.002450,
haskell.232.ground.smt2,,par_async,1,0,unsat,1.398600,0.046580,0.627860,0.442830,0.129750,0.000000,0.001810,
haskell.232.ground.smt2,,par_async,2,0,unsat,1.048449,0.043140,0.369410,0.392140,0.094840,0.000000,0.002550,
haskell.232.ground.smt2,,par_async,4,0,unsat,1.238134,0.044490,0.541890,0.400900,0.091660,0.000000,0.004750,
haskell.232.ground.smt2,,par_async,8,0,unsat,0.936485,0.046690,0.317490,0.346860,0.064180,0.000000,0.009080,
haskell.232.ground.smt2,,par_async,16,0,unsat,1.003123,0.046900,0.383160,0.346290,0.058170,0.000000,0.022220,
haskell.232.ground.smt2,,par_async,32,0,unsat,0.922039,0.045780,0.339460,0.309320,0.050050,0.000000,0.032470,
haskell.232.ground.smt2,,par_async,64,0,unsat,1.369244,0.055080,0.632570,0.391040,0.067360,0.000000,0.075670,
haskell.232.ground.smt2,,par_async,128,0,unsat,1.056550,0.045400,0.340200,0.366500,0.064210,0.000000,0.105180,
haskell.232.ground.smt2,,par_async,144,0,unsat,1.162586,0.041360,0.351030,0.441320,0.075010,0.000000,0.116130,
haskell.233.ground.smt2,,nelson_topo_iter,1,0,unsat,1.003132,0.058330,0.389940,0.342740,0.033980,0.000000,0.002260,
haskell.233.ground.smt2,,nelson_simple,1,0,unsat,0.999478,0.060250,0.387170,0.340100,0.030770,0.000000,0.002310,
haskell.233.ground.smt2,,par_async,1,0,unsat,1.044364,0.058930,0.376940,0.330130,0.098800,0.000000,0.001300,
haskell.233.ground.smt2,,par_async,2,0,unsat,1.013412,0.056300,0.362170,0.331070,0.083150,0.000000,0.002020,
haskell.233.ground.smt2,,par_async,4,0,unsat,1.154007,0.059030,0.451360,0.389830,0.069750,0.000000,0.003820,
haskell.233.ground.smt2,,par_async,8,0,unsat,1.101385,0.055740,0.415680,0.372000,0.065400,0.000000,0.008990,
haskell.233.ground.smt2,,par_async,16,0,unsat,1.459512,0.060260,0.678720,0.449670,0.066520,0.000000,0.020690,
haskell.233.ground.smt2,,par_async,32,0,unsat,1.363070,0.062120,0.597590,0.413610,0.066660,0.000000,0.042530,
haskell.233.ground.smt2,,par_async,64,0,unsat,1.234365,0.060310,0.458830,0.395610,0.066890,0.000000,0.076630,
haskell.233.ground.smt2,,par_async,128,0,unsat,1.387014,0.059140,0.580030,0.401140,0.071510,0.000000,0.104940,
haskell.233.ground.smt2,,par_async,144,0,unsat,1.553815,0.065640,0.468100,0.646930,0.091610,0.000000,0.110390,
haskell.234.ground.smt2,,nelson_topo_iter,1,0,unsat,1.273423,0.059300,0.514840,0.430760,0.063660,0.000000,0.003060,
haskell.234.ground.smt2,,nelson_simple,1,0,unsat,1.227614,0.054800,0.450710,0.480550,0.044190,0.000000,0.003200,
haskell.234.ground.smt2,,par_async,1,0,unsat,1.822841,0.057210,0.824320,0.539630,0.186540,0.000000,0.002270,
haskell.234.ground.smt2,,par_async,2,0,unsat,1.277347,0.056900,0.461240,0.448030,0.115930,0.000000,0.002230,
haskell.234.ground.smt2,,par_async,4,0,unsat,1.725170,0.077860,0.805140,0.512440,0.119400,0.000000,0.004950,
haskell.234.ground.smt2,,par_async,8,0,unsat,1.305706,0.057140,0.464290,0.487480,0.088250,0.000000,0.012770,
haskell.234.ground.smt2,,par_async,16,0,unsat,1.243011,0.054580,0.475420,0.413220,0.077560,0.000000,0.024070,
haskell.234.ground.smt2,,par_async,32,0,unsat,1.436105,0.057420,0.532420,0.513080,0.091770,0.000000,0.039940,
haskell.234.ground.smt2,,par_async,64,0,unsat,1.401782,0.055860,0.500400,0.440190,0.103520,0.000000,0.094530,
haskell.234.ground.smt2,,par_async,128,0,unsat,1.387020,0.057530,0.435260,0.476020,0.101730,0.000000,0.131080,
haskell.234.ground.smt2,,par_async,144,0,unsat,1.600403,0.062530,0.606760,0.496650,0.107100,0.000000,0.136020,
haskell.235.ground.smt2,,nelson_topo_iter,1,0,unsat,1.348399,0.079190,0.536840,0.486480,0.030510,0.000000,0.002880,
haskell.235.ground.smt2,,nelson_simple,1,0,unsat,1.772527,0.082020,0.876290,0.554400,0.029130,0.000000,0.003880,
haskell.235.ground.smt2,,par_async,1,0,unsat,1.393160,0.076530,0.531210,0.448880,0.121540,0.000000,0.001560,
haskell.235.ground.smt2,,par_async,2,0,unsat,1.365359,0.074640,0.502120,0.472170,0.099290,0.000000,0.002320,
haskell.235.ground.smt2,,par_async,4,0,unsat,1.812706,0.096120,0.869190,0.523500,0.100500,0.000000,0.005330,
haskell.235.ground.smt2,,par_async,8,0,unsat,1.493583,0.076180,0.595220,0.505910,0.086720,0.000000,0.010710,
haskell.235.ground.smt2,,par_async,16,0,unsat,1.537739,0.075780,0.617470,0.502460,0.082950,0.000000,0.030360,
haskell.235.ground.smt2,,par_async,32,0,unsat,1.593862,0.075380,0.642810,0.527200,0.081710,0.000000,0.038000,
haskell.235.ground.smt2,,par_async,64,0,unsat,1.821240,0.074300,0.738190,0.560600,0.095770,0.000000,0.082380,
haskell.235.ground.smt2,,par_async,128,0,unsat,1.522672,0.075580,0.541100,0.490490,0.080830,0.000000,0.120180,
haskell.235.ground.smt2,,par_async,144,0,unsat,1.684581,0.080720,0.586570,0.586990,0.095180,0.000000,0.125230,
haskell.238.ground.smt2,,nelson_topo_iter,1,0,unsat,0.142327,0.010180,0.058500,0.046440,0.007410,0.000000,0.000610,
haskell.238.ground.smt2,,nelson_simple,1,0,unsat,0.134701,0.008730,0.056800,0.046460,0.004290,0.000000,0.000600,
haskell.238.ground.smt2,,par_async,1,0,unsat,0.143242,0.008630,0.056360,0.043950,0.017420,0.000000,0.000360,
haskell.238.ground.smt2,,par_async,2,0,unsat,0.136230,0.008480,0.056160,0.041170,0.013640,0.000000,0.000550,
haskell.238.ground.smt2,,par_async,4,0,unsat,0.136766,0.011150,0.054460,0.041370,0.011630,0.000000,0.000820,
haskell.238.ground.smt2,,par_async,8,0,unsat,0.135698,0.008480,0.056050,0.042630,0.009670,0.000000,0.001740,
haskell.238.ground.smt2,,par_async,16,0,unsat,0.139803,0.009500,0.055530,0.043350,0.008730,0.000000,0.004710,
haskell.238.ground.smt2,,par_async,32,0,unsat,0.160150,0.006890,0.055420,0.054500,0.013740,0.000000,0.005300,
haskell.238.ground.smt2,,par_async,64,0,unsat,0.172316,0.008770,0.053850,0.062070,0.011370,0.000000,0.016320,
haskell.238.ground.smt2,,par_async,128,0,unsat,0.213061,0.006920,0.054700,0.088180,0.012420,0.000000,0.025790,
haskell.238.ground.smt2,,par_async,144,0,unsat,0.214698,0.008510,0.059030,0.086680,0.012440,0.000000,0.027950,
haskell.239.ground.smt2,,nelson_topo_iter,1,0,unsat,0.575846,0.026850,0.199630,0.228790,0.019450,0.000000,0.002250,
haskell.239.ground.smt2,,nelson_simple,1,0,unsat,0.725410,0.033240,0.264170,0.287440,0.025210,0.000000,0.002590,
haskell.239.ground.smt2,,par_async,1,0,unsat,1.057761,0.036260,0.489880,0.312890,0.093510,0.000000,0.001760,
haskell.239.ground.smt2,,par_async,2,0,unsat,0.681799,0.034850,0.264690,0.235680,0.042000,0.000000,0.001420,
haskell.239.ground.smt2,,par_async,4,0,unsat,0.691789,0.031280,0.266970,0.242390,0.043080,0.000000,0.002980,
haskell.239.ground.smt2,,par_async,8,0,unsat,0.946451,0.028750,0.382560,0.359610,0.046960,0.000000,0.007780,
haskell.239.ground.smt2,,par_async,16,0,unsat,0.747005,0.031920,0.257720,0.289410,0.042820,0.000000,0.014440,
haskell.239.ground.smt2,,par_async,32,0,unsat,0.699619,0.033410,0.253730,0.250940,0.030710,0.000000,0.022630,
haskell.239.ground.smt2,,par_async,64,0,unsat,0.664521,0.029430,0.213630,0.230350,0.034020,0.000000,0.058710,
haskell.239.ground.smt2,,par_async,128,0,unsat,0.943669,0.032610,0.395480,0.293140,0.042040,0.000000,0.080290,
haskell.239.ground.smt2,,par_async,144,0,unsat,0.846825,0.032070,0.306260,0.285340,0.038300,0.000000,0.085830,
haskell.24.ground.smt2,,nelson_topo_iter,1,0,unsat,0.013242,0.000430,0.001630,0.003880,0.000140,0.000000,0.000040,
haskell.24.ground.smt2,,nelson_simple,1,0,unsat,0.013007,0.000280,0.001480,0.004090,0.000150,0.000000,0.000040,
haskell.24.ground.smt2,,par_async,1,0,unsat,0.011642,0.000350,0.001880,0.003100,0.000220,0.000000,0.000030,
haskell.24.ground.smt2,,par_async,2,0,unsat,0.015314,0.000460,0.001600,0.004090,0.000240,0.000000,0.000030,
haskell.24.ground.smt2,,par_async,4,0,unsat,0.015998,0.000430,0.002150,0.005660,0.000220,0.000000,0.000030,
haskell.24.ground.smt2,,par_async,8,0,unsat,0.014240,0.000400,0.001960,0.004670,0.000220,0.000000,0.000050,
haskell.24.ground.smt2,,par_async,16,0,unsat,0.015366,0.000410,0.001430,0.005620,0.000260,0.000000,0.000060,
haskell.24.ground.smt2,,par_async,32,0,unsat,0.012642,0.000230,0.001130,0.004890,0.000240,0.000000,0.000070,
haskell.24.ground.smt2,,par_async,64,0,unsat,0.013528,0.000200,0.000980,0.006290,0.000340,0.000000,0.000120,
haskell.24.ground.smt2,,par_async,128,0,unsat,0.036808,0.000290,0.001310,0.022710,0.002870,0.000000,0.000830,
haskell.24.ground.smt2,,par_async,144,0,unsat,0.032477,0.000280,0.001160,0.019640,0.000720,0.000000,0.001450,
haskell.240.ground.smt2,,nelson_topo_iter,1,0,unsat,0.737413,0.029500,0.309260,0.285280,0.021410,0.000000,0.002220,
haskell.240.ground.smt2,,nelson_simple,1,0,unsat,0.544661,0.029890,0.197810,0.207920,0.021700,0.000000,0.001960,
haskell.240.ground.smt2,,par_async,1,0,unsat,0.561087,0.028610,0.194190,0.186370,0.066770,0.000000,0.001220,
haskell.240.ground.smt2,,par_async,2,0,unsat,0.603757,0.026190,0.185330,0.232820,0.061760,0.000000,0.001940,
haskell.240.ground.smt2,,par_async,4,0,unsat,0.822034,0.028930,0.318010,0.321230,0.053730,0.000000,0.003050,
haskell.240.ground.smt2,,par_async,8,0,unsat,0.568263,0.030060,0.213700,0.199410,0.034470,0.000000,0.006610,
haskell.240.ground.smt2,,par_async,16,0,unsat,0.592916,0.025700,0.215730,0.214430,0.037870,0.000000,0.013770,
haskell.240.ground.smt2,,par_async,32,0,unsat,0.764250,0.026400,0.253310,0.321270,0.049390,0.000000,0.027030,
haskell.240.ground.smt2,,par_async,64,0,unsat,0.630496,0.028850,0.208670,0.223030,0.036110,0.000000,0.052500,
haskell.240.ground.smt2,,par_async,128,0,unsat,0.628523,0.025850,0.212010,0.200190,0.034730,0.000000,0.068530,
haskell.240.ground.smt2,,par_async,144,0,unsat,0.685832,0.026030,0.228400,0.241320,0.036900,0.000000,0.076300,
haskell.241.ground.smt2,,nelson_topo_iter,1,0,unsat,0.130434,0.006460,0.055050,0.045790,0.005900,0.000000,0.000610,
haskell.241.ground.smt2,,nelson_simple,1,0,unsat,0.135775,0.009060,0.055430,0.047110,0.006150,0.000000,0.000610,
haskell.241.ground.smt2,,par_async,1,0,unsat,0.125449,0.004830,0.047850,0.040480,0.017510,0.000000,0.000350,
haskell.241.ground.smt2,,par_async,2,0,unsat,0.235579,0.009060,0.096560,0.079950,0.023450,0.000000,0.000640,
haskell.241.ground.smt2,,par_async,4,0,unsat,0.136646,0.008200,0.055100,0.042050,0.011840,0.000000,0.000830,
haskell.241.ground.smt2,,par_async,8,0,unsat,0.132566,0.007080,0.054840,0.043340,0.009720,0.000000,0.001510,
haskell.241.ground.smt2,,par_async,16,0,unsat,0.137928,0.010460,0.053900,0.042720,0.008700,0.000000,0.004260,
haskell.241.ground.smt2,,par_async,32,0,unsat,0.139718,0.006970,0.054920,0.045840,0.009230,0.000000,0.006130,
haskell.241.ground.smt2,,par_async,64,0,unsat,0.177914,0.006650,0.055810,0.066910,0.011710,0.000000,0.017270,
haskell.241.ground.smt2,,par_async,128,0,unsat,0.209759,0.007030,0.057270,0.087430,0.012630,0.000000,0.023220,
haskell.241.ground.smt2,,par_async,144,0,unsat,0.207364,0.006940,0.053880,0.087920,0.012100,0.000000,0.022490,
haskell.242.ground.smt2,,nelson_topo_iter,1,0,unsat,0.085564,0.005070,0.031860,0.029880,0.006210,0.000000,0.000420,
haskell.242.ground.smt2,,nelson_simple,1,0,unsat,0.103582,0.006040,0.036630,0.040320,0.005440,0.000000,0.000560,
haskell.242.ground.smt2,,par_async,1,0,unsat,0.095643,0.005940,0.036660,0.029540,0.010670,0.000000,0.000250,
haskell.242.ground.smt2,,par_async,2,0,unsat,0.089205,0.005190,0.034240,0.028290,0.008440,0.000000,0.000300,
haskell.242.ground.smt2,,par_async,4,0,unsat,0.090536,0.005410,0.034980,0.029360,0.007420,0.000000,0.000670,
haskell.242.ground.smt2,,par_async,8,0,unsat,0.087662,0.005080,0.034450,0.028220,0.005630,0.000000,0.001560,
haskell.242.ground.smt2,,par_async,16,0,unsat,0.093269,0.004540,0.035240,0.029160,0.004740,0.000000,0.004450,
haskell.242.ground.smt2,,par_async,32,0,unsat,0.102235,0.004390,0.034850,0.030410,0.005160,0.000000,0.010780,
haskell.242.ground.smt2,,par_async,64,0,unsat,0.126073,0.004370,0.034130,0.048220,0.006760,0.000000,0.018990,
haskell.242.ground.smt2,,par_async,128,0,unsat,0.145436,0.004290,0.034030,0.065440,0.007580,0.000000,0.018870,
haskell.242.ground.smt2,,par_async,144,0,unsat,0.149218,0.005460,0.034060,0.065270,0.007270,0.000000,0.019340,
haskell.244.ground.smt2,,nelson_topo_iter,1,0,unsat,1.040497,0.053360,0.428670,0.353440,0.029380,0.000000,0.002410,
haskell.244.ground.smt2,,nelson_simple,1,0,unsat,1.006913,0.055990,0.382190,0.351910,0.032590,0.000000,0.002430,
haskell.244.ground.smt2,,par_async,1,0,unsat,1.053748,0.051640,0.359550,0.342050,0.121700,0.000000,0.001300,
haskell.244.ground.smt2,,par_async,2,0,unsat,1.106511,0.051020,0.372440,0.404040,0.101050,0.000000,0.002040,
haskell.244.ground.smt2,,par_async,4,0,unsat,1.245982,0.055160,0.483380,0.417450,0.098260,0.000000,0.004080,
haskell.244.ground.smt2,,par_async,8,0,unsat,1.018926,0.052910,0.349090,0.358010,0.073120,0.000000,0.008790,
haskell.244.ground.smt2,,par_async,16,0,unsat,1.104920,0.055580,0.398580,0.357180,0.063790,0.000000,0.019300,
haskell.244.ground.smt2,,par_async,32,0,unsat,1.165755,0.060420,0.428200,0.397830,0.060270,0.000000,0.026750,
haskell.244.ground.smt2,,par_async,64,0,unsat,1.295105,0.054630,0.482050,0.435930,0.077230,0.000000,0.063840,
haskell.244.ground.smt2,,par_async,128,0,unsat,1.239415,0.056670,0.396530,0.442980,0.082160,0.000000,0.099810,
haskell.244.ground.smt2,,par_async,144,0,unsat,1.531479,0.053830,0.460210,0.639680,0.092710,0.000000,0.118910,
haskell.245.ground.smt2,,nelson_topo_iter,1,0,unsat,1.138054,0.047700,0.444630,0.403770,0.065290,0.000000,0.002940,
haskell.245.ground.smt2,,nelson_simple,1,0,unsat,1.025634,0.051580,0.370200,0.374060,0.044690,0.000000,0.003040,
haskell.245.ground.smt2,,par_async,1,0,unsat,1.090361,0.049040,0.370760,0.363910,0.131530,0.000000,0.001550,
haskell.245.ground.smt2,,par_async,2,0,unsat,1.044789,0.048710,0.370630,0.345320,0.105480,0.000000,0.002450,
haskell.245.ground.smt2,,par_async,4,0,unsat,1.158588,0.048690,0.448820,0.403290,0.084270,0.000000,0.004270,
haskell.245.ground.smt2,,par_async,8,0,unsat,1.196866,0.045950,0.448370,0.438170,0.080000,0.000000,0.010760,
haskell.245.ground.smt2,,par_async,16,0,unsat,1.103190,0.047220,0.414090,0.360110,0.069360,0.000000,0.025680,
haskell.245.ground.smt2,,par_async,32,0,unsat,1.137416,0.048920,0.402720,0.411050,0.068910,0.000000,0.032580,
haskell.245.ground.smt2,,par_async,64,0,unsat,1.297137,0.048810,0.446300,0.454350,0.088910,0.000000,0.086060,
haskell.245.ground.smt2,,par_async,128,0,unsat,1.215816,0.050360,0.380550,0.412340,0.088000,0.000000,0.128070,
haskell.245.ground.smt2,,par_async,144,0,unsat,1.464943,0.048180,0.454470,0.553470,0.102730,0.000000,0.140030,
haskell.246.ground.smt2,,nelson_topo_iter,1,0,unsat,0.938567,0.042160,0.349590,0.351270,0.050260,0.000000,0.002370,
haskell.246.ground.smt2,,nelson_simple,1,0,unsat,0.870926,0.041670,0.298100,0.341870,0.042380,0.000000,0.003300,
haskell.246.ground.smt2,,par_async,1,0,unsat,0.870326,0.041570,0.297400,0.297730,0.092890,0.000000,0.001320,
haskell.246.ground.smt2,,par_async,2,0,unsat,1.276415,0.038240,0.567220,0.414650,0.110520,0.000000,0.002200,
haskell.246.ground.smt2,,par_async,4,0,unsat,0.901444,0.042160,0.309370,0.326070,0.075600,0.000000,0.004080,
haskell.246.ground.smt2,,par_async,8,0,unsat,0.927656,0.041050,0.346450,0.324290,0.062580,0.000000,0.010160,
haskell.246.ground.smt2,,par_async,16,0,unsat,0.909822,0.039990,0.341490,0.296710,0.052080,0.000000,0.020090,
haskell.246.ground.smt2,,par_async,32,0,unsat,1.309795,0.037880,0.579690,0.441820,0.067360,0.000000,0.032980,
haskell.246.ground.smt2,,par_async,64,0,unsat,1.113954,0.043320,0.365640,0.416360,0.071200,0.000000,0.077430,
haskell.246.ground.smt2,,par_async,128,0,unsat,1.150627,0.044750,0.369050,0.426350,0.072550,0.000000,0.110520,
haskell.246.ground.smt2,,par_async,144,0,unsat,1.052927,0.043500,0.332460,0.375360,0.069770,0.000000,0.099030,
haskell.247.ground.smt2,,nelson_topo_iter,1,0,unsat,1.020194,0.049650,0.371990,0.366430,0.055970,0.000000,0.003010,
haskell.247.ground.smt2,,nelson_simple,1,0,unsat,1.008041,0.049250,0.368640,0.364730,0.043730,0.000000,0.002990,
haskell.247.ground.smt2,,par_async,1,0,unsat,1.058757,0.049190,0.370960,0.344170,0.122640,0.000000,0.001550,
haskell.247.ground.smt2,,par_async,2,0,unsat,1.090185,0.044600,0.359870,0.408580,0.105820,0.000000,0.002310,
haskell.247.ground.smt2,,par_async,4,0,unsat,1.140684,0.048260,0.448090,0.385100,0.084700,0.000000,0.004560,
haskell.247.ground.smt2,,par_async,8,0,unsat,1.494831,0.043890,0.691230,0.484420,0.087430,0.000000,0.011860,
haskell.247.ground.smt2,,par_async,16,0,unsat,1.577609,0.054070,0.765770,0.472130,0.079730,0.000000,0.028630,
haskell.247.ground.smt2,,par_async,32,0,unsat,1.537459,0.050200,0.717880,0.476210,0.075510,0.000000,0.042540,
haskell.247.ground.smt2,,par_async,64,0,unsat,1.166627,0.051550,0.364010,0.387810,0.083470,0.000000,0.084840,
haskell.247.ground.smt2,,par_async,128,0,unsat,1.248170,0.049380,0.414850,0.417880,0.081860,0.000000,0.128580,
haskell.247.ground.smt2,,par_async,144,0,unsat,1.565271,0.050160,0.448760,0.659770,0.096050,0.000000,0.155580,
haskell.248.ground.smt2,,nelson_topo_iter,1,0,unsat,1.047005,0.044880,0.409650,0.364810,0.061170,0.000000,0.002790,
haskell.248.ground.smt2,,nelson_simple,1,0,unsat,0.978748,0.046730,0.345260,0.372120,0.042980,0.000000,0.002860,
haskell.248.ground.smt2,,par_async,1,0,unsat,1.013414,0.048480,0.339140,0.334640,0.125430,0.000000,0.001500,
haskell.248.ground.smt2,,par_async,2,0,unsat,0.987847,0.042700,0.323480,0.355870,0.100060,0.000000,0.001790,
haskell.248.ground.smt2,,par_async,4,0,unsat,0.952084,0.039800,0.318930,0.338700,0.084750,0.000000,0.004470,
haskell.248.ground.smt2,,par_async,8,0,unsat,1.457340,0.043750,0.685810,0.457100,0.085080,0.000000,0.010040,
haskell.248.ground.smt2,,par_async,16,0,unsat,1.384254,0.044400,0.599280,0.455980,0.085210,0.000000,0.031010,
haskell.248.ground.smt2,,par_async,32,0,unsat,1.162678,0.044700,0.425650,0.403560,0.076080,0.000000,0.042720,
haskell.248.ground.smt2,,par_async,64,0,unsat,1.556244,0.049720,0.700360,0.469360,0.092260,0.000000,0.085420,
haskell.248.ground.smt2,,par_async,128,0,unsat,1.245188,0.045610,0.350480,0.458840,0.101710,0.000000,0.135530,
haskell.248.ground.smt2,,par_async,144,0,unsat,1.243536,0.044890,0.416000,0.416930,0.086650,0.000000,0.125490,
haskell.249.ground.smt2,,nelson_topo_iter,1,0,unsat,1.005472,0.043950,0.346580,0.372990,0.064460,0.000000,0.003000,
haskell.249.ground.smt2,,nelson_simple,1,0,unsat,1.041969,0.053840,0.366880,0.388680,0.045660,0.000000,0.003070,
haskell.249.ground.smt2,,par_async,1,0,unsat,1.089963,0.049620,0.375350,0.357560,0.130340,0.000000,0.001580,
haskell.249.ground.smt2,,par_async,2,0,unsat,1.142662,0.048060,0.388220,0.423220,0.105460,0.000000,0.002310,
haskell.249.ground.smt2,,par_async,4,0,unsat,1.228989,0.047860,0.460330,0.428490,0.106970,0.000000,0.004970,
haskell.249.ground.smt2,,par_async,8,0,unsat,1.043713,0.049490,0.367520,0.362600,0.077480,0.000000,0.011490,
haskell.249.ground.smt2,,par_async,16,0,unsat,1.170275,0.046930,0.430460,0.413730,0.076250,0.000000,0.025710,
haskell.249.ground.smt2,,par_async,32,0,unsat,1.197315,0.047770,0.465380,0.397430,0.067040,0.000000,0.042900,
haskell.249.ground.smt2,,par_async,64,0,unsat,1.489893,0.047510,0.660430,0.422230,0.080560,0.000000,0.098280,
haskell.249.ground.smt2,,par_async,128,0,unsat,1.553107,0.049770,0.453530,0.664800,0.101760,0.000000,0.116720,
haskell.249.ground.smt2,,par_async,144,0,unsat,1.389011,0.053520,0.518720,0.431060,0.087560,0.000000,0.136590,
haskell.25.ground.smt2,,nelson_topo_iter,1,0,unsat,1.497421,0.091810,0.621880,0.500680,0.029160,0.000000,0.001930,
haskell.25.ground.smt2,,nelson_simple,1,0,unsat,1.992637,0.087770,0.973190,0.626570,0.032040,0.000000,0.002670,
haskell.25.ground.smt2,,par_async,1,0,unsat,2.014573,0.088250,0.966540,0.609210,0.089860,0.000000,0.001840,
haskell.25.ground.smt2,,par_async,2,0,unsat,2.026156,0.088800,1.021780,0.587380,0.066610,0.000000,0.002190,
haskell.25.ground.smt2,,par_async,4,0,unsat,2.007025,0.086100,0.981950,0.592560,0.054380,0.000000,0.004160,
haskell.25.ground.smt2,,par_async,8,0,unsat,1.505942,0.086890,0.616690,0.495110,0.043680,0.000000,0.007300,
haskell.25.ground.smt2,,par_async,16,0,unsat,1.975841,0.086270,0.984760,0.583550,0.042670,0.000000,0.019920,
haskell.25.ground.smt2,,par_async,32,0,unsat,1.988651,0.087990,0.980620,0.589460,0.044800,0.000000,0.031010,
haskell.25.ground.smt2,,par_async,64,0,unsat,1.957279,0.084630,0.851180,0.623990,0.054450,0.000000,0.077230,
haskell.25.ground.smt2,,par_async,128,0,unsat,1.912818,0.087120,0.772430,0.596940,0.049890,0.000000,0.098580,
haskell.25.ground.smt2,,par_async,144,0,unsat,1.695934,0.089830,0.639870,0.560170,0.050710,0.000000,0.110030,
haskell.250.ground.smt2,,nelson_topo_iter,1,0,unsat,1.160484,0.047080,0.491890,0.396590,0.065830,0.000000,0.003640,
haskell.250.ground.smt2,,nelson_simple,1,0,unsat,0.859065,0.043350,0.305250,0.319820,0.038700,0.000000,0.002590,
haskell.250.ground.smt2,,par_async,1,0,unsat,1.411572,0.048950,0.621160,0.439110,0.140090,0.000000,0.001880,
haskell.250.ground.smt2,,par_async,2,0,unsat,1.290607,0.042340,0.526650,0.442470,0.125910,0.000000,0.003550,
haskell.250.ground.smt2,,par_async,4,0,unsat,0.957097,0.045530,0.320070,0.355960,0.082050,0.000000,0.004050,
haskell.250.ground.smt2,,par_async,8,0,unsat,0.975600,0.042350,0.361750,0.346810,0.068020,0.000000,0.008350,
haskell.250.ground.smt2,,par_async,16,0,unsat,0.874414,0.040690,0.285750,0.312590,0.056710,0.000000,0.025990,
haskell.250.ground.smt2,,par_async,32,0,unsat,1.312334,0.048340,0.621690,0.392970,0.064450,0.000000,0.037380,
haskell.250.ground.smt2,,par_async,64,0,unsat,1.173240,0.042830,0.392240,0.428400,0.081810,0.000000,0.080380,
haskell.250.ground.smt2,,par_async,128,0,unsat,1.279548,0.044810,0.528410,0.383630,0.071630,0.000000,0.109210,
haskell.250.ground.smt2,,par_async,144,0,unsat,1.095177,0.049400,0.360050,0.371110,0.072200,0.000000,0.104040,
haskell.251.ground.smt2,,nelson_topo_iter,1,0,unsat,0.982000,0.048200,0.371300,0.382590,0.022950,0.000000,0.002790,
haskell.251.ground.smt2,,nelson_simple,1,0,unsat,1.288592,0.049110,0.546460,0.483030,0.034890,0.000000,0.004570,
haskell.251.ground.smt2,,par_async,1,0,unsat,1.073218,0.050610,0.344170,0.382150,0.142990,0.000000,0.001470,
haskell.251.ground.smt2,,par_async,2,0,unsat,1.033824,0.047810,0.362090,0.376430,0.094920,0.000000,0.001870,
haskell.251.ground.smt2,,par_async,4,0,unsat,1.040161,0.049010,0.383580,0.373020,0.075040,0.000000,0.003800,
haskell.251.ground.smt2,,par_async,8,0,unsat,0.993661,0.044470,0.346960,0.371410,0.067490,0.000000,0.010780,
haskell.251.ground.smt2,,par_async,16,0,unsat,1.025822,0.045450,0.350300,0.371770,0.061020,0.000000,0.026770,
haskell.251.ground.smt2,,par_async,32,0,unsat,1.148946,0.048740,0.421980,0.404340,0.072630,0.000000,0.036290,
haskell.251.ground.smt2,,par_async,64,0,unsat,1.473367,0.049790,0.625260,0.466560,0.085920,0.000000,0.088370,
haskell.251.ground.smt2,,par_async,128,0,unsat,1.266036,0.049760,0.439010,0.438670,0.083330,0.000000,0.119720,
haskell.251.ground.smt2,,par_async,144,0,unsat,1.171380,0.053660,0.379850,0.392650,0.075720,0.000000,0.126110,
haskell.252.ground.smt2,,nelson_topo_iter,1,0,unsat,0.905164,0.043850,0.359960,0.336880,0.019740,0.000000,0.002340,
haskell.252.ground.smt2,,nelson_simple,1,0,unsat,0.907402,0.043450,0.335530,0.356530,0.025160,0.000000,0.002350,
haskell.252.ground.smt2,,par_async,1,0,unsat,0.968935,0.043940,0.300350,0.340680,0.137510,0.000000,0.001780,
haskell.252.ground.smt2,,par_async,2,0,unsat,0.832984,0.039510,0.281300,0.284120,0.082960,0.000000,0.001720,
haskell.252.ground.smt2,,par_async,4,0,unsat,1.312823,0.039970,0.619730,0.415190,0.085850,0.000000,0.004520,
haskell.252.ground.smt2,,par_async,8,0,unsat,0.897475,0.042350,0.305050,0.328000,0.069700,0.000000,0.008480,
haskell.252.ground.smt2,,par_async,16,0,unsat,0.972920,0.042610,0.363490,0.330250,0.061110,0.000000,0.022360,
haskell.252.ground.smt2,,par_async,32,0,unsat,0.945267,0.044030,0.328150,0.334400,0.061730,0.000000,0.029480,
haskell.252.ground.smt2,,par_async,64,0,unsat,0.947711,0.038840,0.282490,0.329500,0.071390,0.000000,0.077880,
haskell.252.ground.smt2,,par_async,128,0,unsat,1.116182,0.043210,0.347920,0.395660,0.079150,0.000000,0.112790,
haskell.252.ground.smt2,,par_async,144,0,unsat,1.013319,0.043260,0.278500,0.353570,0.080230,0.000000,0.117200,
haskell.253.ground.smt2,,nelson_topo_iter,1,0,unsat,0.638063,0.029370,0.241880,0.232730,0.038440,0.000000,0.002240,
haskell.253.ground.smt2,,nelson_simple,1,0,unsat,0.654172,0.031650,0.209790,0.269650,0.035240,0.000000,0.002610,
haskell.253.ground.smt2,,par_async,1,0,unsat,1.013299,0.031280,0.448740,0.311640,0.107490,0.000000,0.001640,
haskell.253.ground.smt2,,par_async,2,0,unsat,0.666707,0.029200,0.248250,0.228090,0.064060,0.000000,0.001520,
haskell.253.ground.smt2,,par_async,4,0,unsat,0.620312,0.030590,0.219940,0.221820,0.049880,0.000000,0.002700,
haskell.253.ground.smt2,,par_async,8,0,unsat,0.642610,0.030610,0.226900,0.234080,0.045950,0.000000,0.007240,
haskell.253.ground.smt2,,par_async,16,0,unsat,0.923418,0.029790,0.385320,0.328990,0.053640,0.000000,0.015680,
haskell.253.ground.smt2,,par_async,32,0,unsat,0.762208,0.029810,0.275640,0.277430,0.049920,0.000000,0.024630,
haskell.253.ground.smt2,,par_async,64,0,unsat,0.742486,0.029860,0.252870,0.262430,0.049800,0.000000,0.051730,
haskell.253.ground.smt2,,par_async,128,0,unsat,0.778461,0.030600,0.254080,0.278500,0.051600,0.000000,0.074950,
haskell.253.ground.smt2,,par_async,144,0,unsat,0.772593,0.027890,0.246600,0.278730,0.051100,0.000000,0.076020,
haskell.254.ground.smt2,,nelson_topo_iter,1,0,unsat,0.725112,0.029360,0.250420,0.280270,0.051220,0.000000,0.002980,
haskell.254.ground.smt2,,nelson_simple,1,0,unsat,0.730121,0.031840,0.247870,0.275690,0.059850,0.000000,0.003050,
haskell.254.ground.smt2,,par_async,1,0,unsat,0.729595,0.025990,0.217890,0.218210,0.157540,0.000000,0.001110,
haskell.254.ground.smt2,,par_async,2,0,unsat,0.762266,0.031800,0.243390,0.246170,0.128330,0.000000,0.001540,
haskell.254.ground.smt2,,par_async,4,0,unsat,0.833600,0.030110,0.267940,0.289910,0.123900,0.000000,0.003570,
haskell.254.ground.smt2,,par_async,8,0,unsat,0.744278,0.029540,0.224470,0.260400,0.109970,0.000000,0.007790,
haskell.254.ground.smt2,,par_async,16,0,unsat,1.120939,0.029890,0.468620,0.358100,0.130140,0.000000,0.019030,
haskell.254.ground.smt2,,par_async,32,0,unsat,0.735073,0.029350,0.217560,0.248620,0.093960,0.000000,0.031950,
haskell.254.ground.smt2,,par_async,64,0,unsat,0.877045,0.030820,0.280460,0.281200,0.104460,0.000000,0.069340,
haskell.254.ground.smt2,,par_async,128,0,unsat,0.883448,0.030420,0.254330,0.299240,0.109410,0.000000,0.086520,
haskell.254.ground.smt2,,par_async,144,0,unsat,0.865232,0.027770,0.215800,0.302820,0.120600,0.000000,0.087160,
haskell.255.ground.smt2,,nelson_topo_iter,1,0,unsat,0.952664,0.044820,0.380610,0.351920,0.029890,0.000000,0.002860,
haskell.255.ground.smt2,,nelson_simple,1,0,unsat,1.362930,0.047420,0.621600,0.493910,0.046030,0.000000,0.004070,
haskell.255.ground.smt2,,par_async,1,0,unsat,1.061999,0.047860,0.343100,0.366440,0.156310,0.000000,0.001510,
haskell.255.ground.smt2,,par_async,2,0,unsat,1.105751,0.045800,0.368580,0.391730,0.146660,0.000000,0.002760,
haskell.255.ground.smt2,,par_async,4,0,unsat,1.395904,0.047220,0.623950,0.454970,0.117350,0.000000,0.004940,
haskell.255.ground.smt2,,par_async,8,0,unsat,1.069367,0.052360,0.366060,0.388430,0.101290,0.000000,0.011090,
haskell.255.ground.smt2,,par_async,16,0,unsat,1.180474,0.046930,0.466270,0.394890,0.091490,0.000000,0.030560,
haskell.255.ground.smt2,,par_async,32,0,unsat,1.035067,0.045400,0.352380,0.347160,0.097490,0.000000,0.039680,
haskell.255.ground.smt2,,par_async,64,0,unsat,1.070424,0.044500,0.342330,0.351800,0.091970,0.000000,0.084200,
haskell.255.ground.smt2,,par_async,128,0,unsat,1.131416,0.046460,0.346810,0.377660,0.095510,0.000000,0.129180,
haskell.255.ground.smt2,,par_async,144,0,unsat,1.184312,0.044650,0.384690,0.396950,0.095690,0.000000,0.128440,
haskell.256.ground.smt2,,nelson_topo_iter,1,0,unsat,0.962445,0.042340,0.359240,0.353510,0.054920,0.000000,0.003120,
haskell.256.ground.smt2,,nelson_simple,1,0,unsat,1.263717,0.041730,0.586390,0.437040,0.050680,0.000000,0.003250,
haskell.256.ground.smt2,,par_async,1,0,unsat,0.928738,0.042750,0.299730,0.328040,0.113380,0.000000,0.001680,
haskell.256.ground.smt2,,par_async,2,0,unsat,0.925888,0.041260,0.334210,0.321440,0.085210,0.000000,0.002280,
haskell.256.ground.smt2,,par_async,4,0,unsat,0.870374,0.041560,0.334720,0.291000,0.061390,0.000000,0.003160,
haskell.256.ground.smt2,,par_async,8,0,unsat,1.240728,0.039180,0.558530,0.406130,0.080890,0.000000,0.009760,
haskell.256.ground.smt2,,par_async,16,0,unsat,0.856061,0.038690,0.268250,0.313730,0.053890,0.000000,0.021380,
haskell.256.ground.smt2,,par_async,32,0,unsat,0.803582,0.036290,0.264790,0.285030,0.047840,0.000000,0.029460,
haskell.256.ground.smt2,,par_async,64,0,unsat,1.066962,0.040600,0.372880,0.380540,0.066320,0.000000,0.066830,
haskell.256.ground.smt2,,par_async,128,0,unsat,1.162241,0.041490,0.378700,0.417780,0.080560,0.000000,0.106590,
haskell.256.ground.smt2,,par_async,144,0,unsat,0.998631,0.041740,0.290350,0.361630,0.063200,0.000000,0.106020,
haskell.257.ground.smt2,,nelson_topo_iter,1,0,unsat,0.722592,0.044700,0.282830,0.254470,0.019300,0.000000,0.002350,
haskell.257.ground.smt2,,nelson_simple,1,0,unsat,0.817046,0.041260,0.291600,0.324820,0.027710,0.000000,0.003470,
haskell.257.ground.smt2,,par_async,1,0,unsat,0.927877,0.040540,0.325110,0.310600,0.129800,0.000000,0.001710,
haskell.257.ground.smt2,,par_async,2,0,unsat,0.726836,0.035300,0.246560,0.246260,0.077270,0.000000,0.002050,
haskell.257.ground.smt2,,par_async,4,0,unsat,0.860760,0.041410,0.327420,0.291070,0.074520,0.000000,0.003470,
haskell.257.ground.smt2,,par_async,8,0,unsat,0.752868,0.040250,0.249950,0.272840,0.058800,0.000000,0.008900,
haskell.257.ground.smt2,,par_async,16,0,unsat,0.881371,0.038010,0.310890,0.324570,0.060460,0.000000,0.022390,
haskell.257.ground.smt2,,par_async,32,0,unsat,0.794838,0.042150,0.255270,0.292490,0.056680,0.000000,0.024930,
haskell.257.ground.smt2,,par_async,64,0,unsat,0.898489,0.042330,0.316040,0.290930,0.056660,0.000000,0.075480,
haskell.257.ground.smt2,,par_async,128,0,unsat,1.199101,0.042290,0.410210,0.417700,0.078250,0.000000,0.108860,
haskell.257.ground.smt2,,par_async,144,0,unsat,0.936484,0.046060,0.278900,0.336050,0.063130,0.000000,0.100290,
haskell.258.ground.smt2,,nelson_topo_iter,1,0,unsat,0.802935,0.045630,0.299150,0.293990,0.030000,0.000000,0.002670,
haskell.258.ground.smt2,,nelson_simple,1,0,unsat,1.266787,0.044450,0.586570,0.451350,0.039720,0.000000,0.005040,
haskell.258.ground.smt2,,par_async,1,0,unsat,0.991993,0.046320,0.299960,0.334370,0.175430,0.000000,0.001960,
haskell.258.ground.smt2,,par_async,2,0,unsat,0.983452,0.045250,0.347270,0.328730,0.125870,0.000000,0.002770,
haskell.258.ground.smt2,,par_async,4,0,unsat,0.840046,0.040920,0.275390,0.296720,0.090690,0.000000,0.004230,
haskell.258.ground.smt2,,par_async,8,0,unsat,1.302470,0.040870,0.605310,0.415040,0.093690,0.000000,0.011280,
haskell.258.ground.smt2,,par_async,16,0,unsat,0.914365,0.043400,0.299310,0.331600,0.082170,0.000000,0.024450,
haskell.258.ground.smt2,,par_async,32,0,unsat,0.958255,0.042560,0.314840,0.350880,0.076640,0.000000,0.039120,
haskell.258.ground.smt2,,par_async,64,0,unsat,1.015158,0.043990,0.329580,0.344950,0.084120,0.000000,0.078830,
haskell.258.ground.smt2,,par_async,128,0,unsat,1.048823,0.045400,0.328420,0.345170,0.086400,0.000000,0.121160,
haskell.258.ground.smt2,,par_async,144,0,unsat,1.097064,0.047560,0.355450,0.366780,0.091060,0.000000,0.115100,
haskell.259.ground.smt2,,nelson_topo_iter,1,0,unsat,0.840805,0.042050,0.328070,0.317820,0.028730,0.000000,0.002500,
haskell.259.ground.smt2,,nelson_simple,1,0,unsat,0.793692,0.043350,0.281050,0.316670,0.026090,0.000000,0.003410,
haskell.259.ground.smt2,,par_async,1,0,unsat,0.788157,0.036130,0.252530,0.250550,0.127740,0.000000,0.001320,
haskell.259.ground.smt2,,par_async,2,0,unsat,0.884125,0.044220,0.290990,0.297850,0.123660,0.000000,0.002240,
haskell.259.ground.smt2,,par_async,4,0,unsat,0.784325,0.039300,0.261020,0.272280,0.086480,0.000000,0.003300,
haskell.259.ground.smt2,,par_async,8,0,unsat,0.967870,0.038490,0.365140,0.347250,0.082560,0.000000,0.007970,
haskell.259.ground.smt2,,par_async,16,0,unsat,0.997398,0.038370,0.356670,0.366550,0.083670,0.000000,0.021550,
haskell.259.ground.smt2,,par_async,32,0,unsat,1.201217,0.043340,0.491370,0.397660,0.096780,0.000000,0.036000,
haskell.259.ground.smt2,,par_async,64,0,unsat,0.939376,0.043960,0.314990,0.298980,0.082750,0.000000,0.078900,
haskell.259.ground.smt2,,par_async,128,0,unsat,1.076509,0.044180,0.290100,0.424620,0.097890,0.000000,0.103310,
haskell.259.ground.smt2,,par_async,144,0,unsat,1.029583,0.042840,0.293080,0.359640,0.092750,0.000000,0.117890,
haskell.26.ground.smt2,,nelson_topo_iter,1,0,unsat,1.734298,0.094700,0.643940,0.628820,0.032510,0.000000,0.002230,
haskell.26.ground.smt2,,nelson_simple,1,0,unsat,2.198685,0.091970,0.952750,0.769710,0.032070,0.000000,0.003090,
haskell.26.ground.smt2,,par_async,1,0,unsat,1.726973,0.084670,0.622540,0.611380,0.068180,0.000000,0.001520,
haskell.26.ground.smt2,,par_async,2,0,unsat,1.842755,0.093100,0.751950,0.612240,0.056940,0.000000,0.002270,
haskell.26.ground.smt2,,par_async,4,0,unsat,1.735652,0.093550,0.638390,0.612810,0.049050,0.000000,0.003840,
haskell.26.ground.smt2,,par_async,8,0,unsat,2.301121,0.093240,1.068940,0.734430,0.051070,0.000000,0.011100,
haskell.26.ground.smt2,,par_async,16,0,unsat,1.836655,0.084620,0.725940,0.626950,0.040270,0.000000,0.020420,
haskell.26.ground.smt2,,par_async,32,0,unsat,2.384524,0.131050,1.100040,0.723230,0.042410,0.000000,0.038620,
haskell.26.ground.smt2,,par_async,64,0,unsat,2.427392,0.095640,1.104370,0.757670,0.053790,0.000000,0.081060,
haskell.26.ground.smt2,,par_async,128,0,unsat,2.279145,0.093790,0.953460,0.750470,0.047230,0.000000,0.111940,
haskell.26.ground.smt2,,par_async,144,0,unsat,2.183203,0.100670,0.636140,0.915990,0.052770,0.000000,0.121750,
haskell.261.ground.smt2,,nelson_topo_iter,1,0,unsat,0.833267,0.043440,0.308020,0.325820,0.027780,0.000000,0.003440,
haskell.261.ground.smt2,,nelson_simple,1,0,unsat,0.723544,0.044130,0.275200,0.260660,0.020000,0.000000,0.002510,
haskell.261.ground.smt2,,par_async,1,0,unsat,1.027931,0.042640,0.355140,0.367120,0.136720,0.000000,0.001760,
haskell.261.ground.smt2,,par_async,2,0,unsat,0.961981,0.037860,0.332920,0.362830,0.102260,0.000000,0.002430,
haskell.261.ground.smt2,,par_async,4,0,unsat,0.970162,0.044750,0.348890,0.363490,0.082620,0.000000,0.004690,
haskell.261.ground.smt2,,par_async,8,0,unsat,0.978469,0.043600,0.362820,0.364640,0.072440,0.000000,0.010180,
haskell.261.ground.smt2,,par_async,16,0,unsat,0.866463,0.043830,0.323970,0.292190,0.061310,0.000000,0.020630,
haskell.261.ground.smt2,,par_async,32,0,unsat,0.841394,0.040950,0.284800,0.296560,0.059650,0.000000,0.035000,
haskell.261.ground.smt2,,par_async,64,0,unsat,1.287799,0.042400,0.567680,0.399840,0.078480,0.000000,0.080190,
haskell.261.ground.smt2,,par_async,128,0,unsat,0.975378,0.043590,0.313340,0.334350,0.066540,0.000000,0.105960,
haskell.261.ground.smt2,,par_async,144,0,unsat,0.960398,0.042350,0.302420,0.321850,0.066910,0.000000,0.116420,
haskell.262.ground.smt2,,nelson_topo_iter,1,0,unsat,0.779055,0.038370,0.278260,0.298080,0.019390,0.000000,0.002340,
haskell.262.ground.smt2,,nelson_simple,1,0,unsat,1.279248,0.046650,0.619260,0.437010,0.024080,0.000000,0.003210,
haskell.262.ground.smt2,,par_async,1,0,unsat,0.975072,0.044630,0.330930,0.336830,0.116620,0.000000,0.001300,
haskell.262.ground.smt2,,par_async,2,0,unsat,0.972398,0.042060,0.360530,0.332400,0.092310,0.000000,0.001750,
haskell.262.ground.smt2,,par_async,4,0,unsat,0.891147,0.038010,0.287820,0.332750,0.082120,0.000000,0.003980,
haskell.262.ground.smt2,,par_async,8,0,unsat,0.843455,0.039470,0.284510,0.303590,0.063400,0.000000,0.009220,
haskell.262.ground.smt2,,par_async,16,0,unsat,1.314344,0.039430,0.607610,0.420700,0.072040,0.000000,0.023950,
haskell.262.ground.smt2,,par_async,32,0,unsat,0.991377,0.043150,0.367540,0.336410,0.061210,0.000000,0.032840,
haskell.262.ground.smt2,,par_async,64,0,unsat,1.031707,0.043600,0.347990,0.350950,0.068300,0.000000,0.075440,
haskell.262.ground.smt2,,par_async,128,0,unsat,1.066884,0.042900,0.353010,0.349990,0.070460,0.000000,0.111370,
haskell.262.ground.smt2,,par_async,144,0,unsat,1.065100,0.041140,0.348230,0.364020,0.069190,0.000000,0.110170,
haskell.263.ground.smt2,,nelson_topo_iter,1,0,unsat,1.107122,0.049330,0.448140,0.420840,0.030570,0.000000,0.003720,
haskell.263.ground.smt2,,nelson_simple,1,0,unsat,0.891576,0.053830,0.325940,0.332930,0.022090,0.000000,0.002860,
haskell.263.ground.smt2,,par_async,1,0,unsat,1.489189,0.048630,0.666520,0.467310,0.146760,0.000000,0.001990,
haskell.263.ground.smt2,,par_async,2,0,unsat,1.452592,0.049390,0.658710,0.467590,0.109020,0.000000,0.002530,
haskell.263.ground.smt2,,par_async,4,0,unsat,1.386932,0.049530,0.619040,0.457060,0.097150,0.000000,0.005030,
haskell.263.ground.smt2,,par_async,8,0,unsat,1.054739,0.049300,0.412650,0.362750,0.064590,0.000000,0.009730,
haskell.263.ground.smt2,,par_async,16,0,unsat,1.187909,0.047100,0.477690,0.417900,0.067740,0.000000,0.023040,
haskell.263.ground.smt2,,par_async,32,0,unsat,1.124036,0.049480,0.419750,0.376350,0.063340,0.000000,0.037760,
haskell.263.ground.smt2,,par_async,64,0,unsat,1.120921,0.051050,0.354850,0.400290,0.070540,0.000000,0.094170,
haskell.263.ground.smt2,,par_async,128,0,unsat,1.175246,0.048660,0.408420,0.391110,0.072700,0.000000,0.110540,
haskell.263.ground.smt2,,par_async,144,0,unsat,1.422069,0.049090,0.406110,0.595920,0.088950,0.000000,0.131820,
haskell.265.ground.smt2,,nelson_topo_iter,1,0,unsat,0.799620,0.031670,0.296250,0.298360,0.054310,0.000000,0.003010,
haskell.265.ground.smt2,,nelson_simple,1,0,unsat,0.743341,0.032840,0.252880,0.283330,0.057480,0.000000,0.003110,
haskell.265.ground.smt2,,par_async,1,0,unsat,1.222919,0.032100,0.427040,0.400770,0.234390,0.000000,0.002040,
haskell.265.ground.smt2,,par_async,2,0,unsat,0.724373,0.031690,0.224060,0.253110,0.101930,0.000000,0.001720,
haskell.265.ground.smt2,,par_async,4,0,unsat,0.875828,0.031290,0.308820,0.299550,0.116100,0.000000,0.003720,
haskell.265.ground.smt2,,par_async,8,0,unsat,0.736460,0.030830,0.229220,0.270670,0.084850,0.000000,0.008080,
haskell.265.ground.smt2,,par_async,16,0,unsat,0.940515,0.031820,0.416470,0.273820,0.087100,0.000000,0.016850,
haskell.265.ground.smt2,,par_async,32,0,unsat,0.814018,0.030460,0.267300,0.285580,0.084600,0.000000,0.029050,
haskell.265.ground.smt2,,par_async,64,0,unsat,0.863954,0.032640,0.263380,0.299940,0.084100,0.000000,0.072040,
haskell.265.ground.smt2,,par_async,128,0,unsat,0.998831,0.031060,0.274570,0.399490,0.104880,0.000000,0.080510,
haskell.265.ground.smt2,,par_async,144,0,unsat,0.949873,0.030410,0.221860,0.393310,0.106990,0.000000,0.091590,
