[gates_bench] ./miter-cc-benchmarks/hwmcc12_with_not/6s163-xits-opt.gates ...
  literals=3836213  NOT=1115222  gates=5675417  total_classes=10626852  read=0.760s parse=0.617s build=1.194s
[pe] round=  0 work= 10493552 frontier=  5437767 next=    24065 consolidate=3380.991ms frontier=397.678ms semisort=1094.352ms (keyed=147.708ms group_by= 21.258ms per_group=344.306ms)
[pe] round=  1 work=    24065 frontier=   237543 next=    16558 consolidate= 27.287ms frontier=  1.150ms semisort= 63.314ms (keyed= 1.618ms group_by= 35.463ms per_group= 9.222ms)
[pe] round=  2 work=    16558 frontier=    56774 next=     1307 consolidate= 16.566ms frontier=  0.749ms semisort= 14.592ms (keyed= 0.111ms group_by=  8.319ms per_group= 1.453ms)
[pe] round=  3 work=     1307 frontier=    29389 next=      920 consolidate=  1.346ms frontier=  0.048ms semisort=  6.214ms (keyed= 0.058ms group_by=  3.704ms per_group= 0.684ms)
[pe] round=  4 work=      920 frontier=    12744 next=     1826 consolidate=  0.917ms frontier=  0.034ms semisort=  3.412ms (keyed= 0.024ms group_by=  1.534ms per_group= 0.893ms)
[pe] round=  5 work=     1826 frontier=     7383 next=      421 consolidate=  1.676ms frontier=  0.055ms semisort=  1.598ms (keyed= 0.022ms group_by=  0.664ms per_group= 0.253ms)
[pe] round=  6 work=      421 frontier=     1777 next=      150 consolidate=  0.421ms frontier=  0.013ms semisort=  0.283ms (keyed= 0.007ms group_by=  0.087ms per_group= 0.066ms)
[pe] round=  7 work=      150 frontier=      328 next=      115 consolidate=  0.136ms frontier=  0.006ms semisort=  0.062ms (keyed= 0.001ms group_by=  0.014ms per_group= 0.028ms)
[pe] round=  8 work=      115 frontier=     1774 next=      138 consolidate=  0.110ms frontier=  0.005ms semisort=  0.229ms (keyed= 0.002ms group_by=  0.072ms per_group= 0.058ms)
[pe] round=  9 work=      138 frontier=      912 next=       39 consolidate=  0.126ms frontier=  0.005ms semisort=  0.104ms (keyed= 0.001ms group_by=  0.037ms per_group= 0.022ms)
[pe] round= 10 work=       39 frontier=      124 next=       38 consolidate=  0.035ms frontier=  0.002ms semisort=  0.025ms (keyed= 0.000ms group_by=  0.005ms per_group= 0.010ms)
[pe] round= 11 work=       38 frontier=      670 next=       40 consolidate=  0.035ms frontier=  0.002ms semisort=  0.082ms (keyed= 0.001ms group_by=  0.028ms per_group= 0.020ms)
[pe] round= 12 work=       40 frontier=      279 next=       16 consolidate=  0.039ms frontier=  0.002ms semisort=  0.033ms (keyed= 0.001ms group_by=  0.012ms per_group= 0.008ms)
[pe] round= 13 work=       16 frontier=       67 next=       13 consolidate=  0.016ms frontier=  0.001ms semisort=  0.013ms (keyed= 0.000ms group_by=  0.003ms per_group= 0.005ms)
[pe] round= 14 work=       13 frontier=      333 next=       12 consolidate=  0.014ms frontier=  0.001ms semisort=  0.037ms (keyed= 0.001ms group_by=  0.011ms per_group= 0.008ms)
[pe] round= 15 work=       12 frontier=      124 next=        5 consolidate=  0.013ms frontier=  0.001ms semisort=  0.015ms (keyed= 0.000ms group_by=  0.005ms per_group= 0.004ms)
[pe] round= 16 work=        5 frontier=       10 next=        5 consolidate=  0.005ms frontier=  0.001ms semisort=  0.004ms (keyed= 0.000ms group_by=  0.001ms per_group= 0.002ms)
[pe] round= 17 work=        5 frontier=      431 next=        6 consolidate=  0.006ms frontier=  0.001ms semisort=  0.042ms (keyed= 0.001ms group_by=  0.013ms per_group= 0.008ms)
[pe] round= 18 work=        6 frontier=      140 next=        4 consolidate=  0.006ms frontier=  0.001ms semisort=  0.015ms (keyed= 0.000ms group_by=  0.005ms per_group= 0.004ms)
[pe] round= 19 work=        4 frontier=       12 next=        3 consolidate=  0.005ms frontier=  0.001ms semisort=  0.004ms (keyed= 0.000ms group_by=  0.001ms per_group= 0.001ms)
[pe] round= 20 work=        3 frontier=        6 next=        3 consolidate=  0.004ms frontier=  0.001ms semisort=  0.003ms (keyed= 0.000ms group_by=  0.000ms per_group= 0.001ms)
[pe] round= 21 work=        3 frontier=       39 next=        4 consolidate=  0.003ms frontier=  0.001ms semisort=  0.008ms (keyed= 0.000ms group_by=  0.002ms per_group= 0.002ms)
[pe] round= 22 work=        4 frontier=       12 next=        3 consolidate=  0.005ms frontier=  0.001ms semisort=  0.004ms (keyed= 0.000ms group_by=  0.001ms per_group= 0.001ms)
[pe] round= 23 work=        3 frontier=       12 next=        3 consolidate=  0.004ms frontier=  0.001ms semisort=  0.003ms (keyed= 0.000ms group_by=  0.001ms per_group= 0.001ms)
[pe] round= 24 work=        3 frontier=        6 next=        3 consolidate=  0.003ms frontier=  0.000ms semisort=  0.003ms (keyed= 0.000ms group_by=  0.000ms per_group= 0.001ms)
[pe] round= 25 work=        3 frontier=       37 next=        5 consolidate=  0.004ms frontier=  0.000ms semisort=  0.008ms (keyed= 0.000ms group_by=  0.002ms per_group= 0.002ms)
[pe] round= 26 work=        5 frontier=       15 next=        2 consolidate=  0.005ms frontier=  0.001ms semisort=  0.004ms (keyed= 0.000ms group_by=  0.001ms per_group= 0.001ms)
[pe] round= 27 work=        2 frontier=        8 next=        2 consolidate=  0.003ms frontier=  0.000ms semisort=  0.003ms (keyed= 0.000ms group_by=  0.000ms per_group= 0.001ms)
[pe] round= 28 work=        2 frontier=        4 next=        2 consolidate=  0.003ms frontier=  0.001ms semisort=  0.002ms (keyed= 0.000ms group_by=  0.000ms per_group= 0.001ms)
[pe] round= 29 work=        2 frontier=       26 next=        3 consolidate=  0.003ms frontier=  0.000ms semisort=  0.006ms (keyed= 0.000ms group_by=  0.001ms per_group= 0.002ms)
[pe] round= 30 work=        3 frontier=        8 next=        2 consolidate=  0.004ms frontier=  0.000ms semisort=  0.003ms (keyed= 0.000ms group_by=  0.000ms per_group= 0.001ms)
[pe] round= 31 work=        2 frontier=        8 next=        2 consolidate=  0.003ms frontier=  0.000ms semisort=  0.003ms (keyed= 0.000ms group_by=  0.000ms per_group= 0.001ms)
[pe] round= 32 work=        2 frontier=        4 next=        2 consolidate=  0.002ms frontier=  0.000ms semisort=  0.002ms (keyed= 0.000ms group_by=  0.000ms per_group= 0.001ms)
[pe] round= 33 work=        2 frontier=       26 next=        3 consolidate=  0.003ms frontier=  0.000ms semisort=  0.005ms (keyed= 0.000ms group_by=  0.001ms per_group= 0.002ms)
[pe] round= 34 work=        3 frontier=        8 next=        2 consolidate=  0.003ms frontier=  0.000ms semisort=  0.003ms (keyed= 0.000ms group_by=  0.000ms per_group= 0.001ms)
[pe] round= 35 work=        2 frontier=        8 next=        2 consolidate=  0.003ms frontier=  0.000ms semisort=  0.003ms (keyed= 0.000ms group_by=  0.000ms per_group= 0.001ms)
[pe] round= 36 work=        2 frontier=        4 next=        2 consolidate=  0.003ms frontier=  0.000ms semisort=  0.002ms (keyed= 0.000ms group_by=  0.000ms per_group= 0.001ms)
[pe] round= 37 work=        2 frontier=       26 next=        3 consolidate=  0.003ms frontier=  0.000ms semisort=  0.006ms (keyed= 0.000ms group_by=  0.001ms per_group= 0.002ms)
[pe] round= 38 work=        3 frontier=        8 next=        2 consolidate=  0.003ms frontier=  0.000ms semisort=  0.003ms (keyed= 0.000ms group_by=  0.000ms per_group= 0.001ms)
[pe] round= 39 work=        2 frontier=        8 next=        2 consolidate=  0.003ms frontier=  0.000ms semisort=  0.002ms (keyed= 0.000ms group_by=  0.000ms per_group= 0.001ms)
[pe] round= 40 work=        2 frontier=        4 next=        2 consolidate=  0.002ms frontier=  0.000ms semisort=  0.002ms (keyed= 0.000ms group_by=  0.000ms per_group= 0.001ms)
[pe] round= 41 work=        2 frontier=       26 next=        3 consolidate=  0.003ms frontier=  0.000ms semisort=  0.005ms (keyed= 0.000ms group_by=  0.001ms per_group= 0.002ms)
[pe] round= 42 work=        3 frontier=        8 next=        2 consolidate=  0.003ms frontier=  0.000ms semisort=  0.003ms (keyed= 0.000ms group_by=  0.000ms per_group= 0.001ms)
[pe] round= 43 work=        2 frontier=        8 next=        2 consolidate=  0.002ms frontier=  0.000ms semisort=  0.002ms (keyed= 0.000ms group_by=  0.000ms per_group= 0.001ms)
[pe] round= 44 work=        2 frontier=        4 next=        2 consolidate=  0.003ms frontier=  0.000ms semisort=  0.002ms (keyed= 0.000ms group_by=  0.000ms per_group= 0.001ms)
[pe] round= 45 work=        2 frontier=       26 next=        3 consolidate=  0.007ms frontier=  0.000ms semisort=  0.006ms (keyed= 0.000ms group_by=  0.001ms per_group= 0.002ms)
[pe] round= 46 work=        3 frontier=        8 next=        2 consolidate=  0.004ms frontier=  0.000ms semisort=  0.002ms (keyed= 0.000ms group_by=  0.000ms per_group= 0.001ms)
[pe] round= 47 work=        2 frontier=        8 next=        2 consolidate=  0.003ms frontier=  0.000ms semisort=  0.003ms (keyed= 0.000ms group_by=  0.001ms per_group= 0.001ms)
[pe] round= 48 work=        2 frontier=        4 next=        2 consolidate=  0.003ms frontier=  0.000ms semisort=  0.002ms (keyed= 0.000ms group_by=  0.000ms per_group= 0.001ms)
[pe] round= 49 work=        2 frontier=       26 next=        3 consolidate=  0.003ms frontier=  0.000ms semisort=  0.005ms (keyed= 0.000ms group_by=  0.001ms per_group= 0.002ms)
[pe] round= 50 work=        3 frontier=        8 next=        2 consolidate=  0.003ms frontier=  0.000ms semisort=  0.003ms (keyed= 0.000ms group_by=  0.001ms per_group= 0.001ms)
[pe] round= 51 work=        2 frontier=        8 next=        2 consolidate=  0.003ms frontier=  0.000ms semisort=  0.002ms (keyed= 0.000ms group_by=  0.000ms per_group= 0.001ms)
[pe] round= 52 work=        2 frontier=        4 next=        2 consolidate=  0.003ms frontier=  0.000ms semisort=  0.002ms (keyed= 0.000ms group_by=  0.000ms per_group= 0.001ms)
[pe] round= 53 work=        2 frontier=       26 next=        3 consolidate=  0.003ms frontier=  0.000ms semisort=  0.005ms (keyed= 0.000ms group_by=  0.001ms per_group= 0.002ms)
[pe] round= 54 work=        3 frontier=        8 next=        2 consolidate=  0.003ms frontier=  0.000ms semisort=  0.003ms (keyed= 0.000ms group_by=  0.000ms per_group= 0.001ms)
[pe] round= 55 work=        2 frontier=        8 next=        2 consolidate=  0.003ms frontier=  0.000ms semisort=  0.002ms (keyed= 0.000ms group_by=  0.000ms per_group= 0.001ms)
[pe] round= 56 work=        2 frontier=        4 next=        2 consolidate=  0.003ms frontier=  0.000ms semisort=  0.002ms (keyed= 0.000ms group_by=  0.000ms per_group= 0.001ms)
[pe] round= 57 work=        2 frontier=       26 next=        3 consolidate=  0.003ms frontier=  0.000ms semisort=  0.005ms (keyed= 0.000ms group_by=  0.001ms per_group= 0.002ms)
[pe] round= 58 work=        3 frontier=        8 next=        2 consolidate=  0.003ms frontier=  0.000ms semisort=  0.003ms (keyed= 0.000ms group_by=  0.000ms per_group= 0.001ms)
[pe] round= 59 work=        2 frontier=        8 next=        2 consolidate=  0.002ms frontier=  0.000ms semisort=  0.002ms (keyed= 0.000ms group_by=  0.000ms per_group= 0.001ms)
[pe] round= 60 work=        2 frontier=        4 next=        2 consolidate=  0.002ms frontier=  0.000ms semisort=  0.002ms (keyed= 0.000ms group_by=  0.000ms per_group= 0.001ms)
[pe] round= 61 work=        2 frontier=       26 next=        3 consolidate=  0.003ms frontier=  0.000ms semisort=  0.005ms (keyed= 0.000ms group_by=  0.001ms per_group= 0.002ms)
[pe] round= 62 work=        3 frontier=        8 next=        2 consolidate=  0.003ms frontier=  0.000ms semisort=  0.003ms (keyed= 0.000ms group_by=  0.001ms per_group= 0.001ms)
[pe] round= 63 work=        2 frontier=        8 next=        2 consolidate=  0.003ms frontier=  0.000ms semisort=  0.002ms (keyed= 0.000ms group_by=  0.001ms per_group= 0.001ms)
[pe] round= 64 work=        2 frontier=        4 next=        2 consolidate=  0.002ms frontier=  0.000ms semisort=  0.002ms (keyed= 0.000ms group_by=  0.000ms per_group= 0.001ms)
[pe] round= 65 work=        2 frontier=       26 next=        3 consolidate=  0.003ms frontier=  0.000ms semisort=  0.005ms (keyed= 0.000ms group_by=  0.001ms per_group= 0.001ms)
[pe] round= 66 work=        3 frontier=        8 next=        2 consolidate=  0.003ms frontier=  0.000ms semisort=  0.003ms (keyed= 0.000ms group_by=  0.000ms per_group= 0.001ms)
[pe] round= 67 work=        2 frontier=        8 next=        2 consolidate=  0.002ms frontier=  0.000ms semisort=  0.002ms (keyed= 0.000ms group_by=  0.000ms per_group= 0.001ms)
[pe] round= 68 work=        2 frontier=        4 next=        2 consolidate=  0.003ms frontier=  0.000ms semisort=  0.002ms (keyed= 0.000ms group_by=  0.000ms per_group= 0.001ms)
[pe] round= 69 work=        2 frontier=       26 next=        3 consolidate=  0.003ms frontier=  0.000ms semisort=  0.005ms (keyed= 0.000ms group_by=  0.001ms per_group= 0.001ms)
[pe] round= 70 work=        3 frontier=        8 next=        2 consolidate=  0.003ms frontier=  0.000ms semisort=  0.003ms (keyed= 0.000ms group_by=  0.001ms per_group= 0.001ms)
[pe] round= 71 work=        2 frontier=        8 next=        2 consolidate=  0.003ms frontier=  0.000ms semisort=  0.002ms (keyed= 0.000ms group_by=  0.000ms per_group= 0.001ms)
[pe] round= 72 work=        2 frontier=        4 next=        2 consolidate=  0.002ms frontier=  0.000ms semisort=  0.002ms (keyed= 0.000ms group_by=  0.000ms per_group= 0.001ms)
[pe] round= 73 work=        2 frontier=       26 next=        3 consolidate=  0.002ms frontier=  0.000ms semisort=  0.005ms (keyed= 0.000ms group_by=  0.001ms per_group= 0.002ms)
[pe] round= 74 work=        3 frontier=        8 next=        2 consolidate=  0.003ms frontier=  0.000ms semisort=  0.003ms (keyed= 0.000ms group_by=  0.000ms per_group= 0.001ms)
[pe] round= 75 work=        2 frontier=        8 next=        2 consolidate=  0.002ms frontier=  0.000ms semisort=  0.002ms (keyed= 0.000ms group_by=  0.000ms per_group= 0.001ms)
[pe] round= 76 work=        2 frontier=        4 next=        2 consolidate=  0.002ms frontier=  0.000ms semisort=  0.002ms (keyed= 0.000ms group_by=  0.000ms per_group= 0.001ms)
[pe] round= 77 work=        2 frontier=       26 next=        3 consolidate=  0.003ms frontier=  0.000ms semisort=  0.005ms (keyed= 0.000ms group_by=  0.001ms per_group= 0.002ms)
[pe] round= 78 work=        3 frontier=        8 next=        2 consolidate=  0.003ms frontier=  0.000ms semisort=  0.003ms (keyed= 0.000ms group_by=  0.000ms per_group= 0.001ms)
[pe] round= 79 work=        2 frontier=        8 next=        2 consolidate=  0.003ms frontier=  0.000ms semisort=  0.003ms (keyed= 0.000ms group_by=  0.000ms per_group= 0.001ms)
[pe] round= 80 work=        2 frontier=        4 next=        2 consolidate=  0.002ms frontier=  0.000ms semisort=  0.002ms (keyed= 0.000ms group_by=  0.000ms per_group= 0.001ms)
[pe] round= 81 work=        2 frontier=       26 next=        3 consolidate=  0.003ms frontier=  0.000ms semisort=  0.005ms (keyed= 0.000ms group_by=  0.001ms per_group= 0.001ms)
[pe] round= 82 work=        3 frontier=        8 next=        2 consolidate=  0.003ms frontier=  0.000ms semisort=  0.003ms (keyed= 0.000ms group_by=  0.000ms per_group= 0.001ms)
[pe] round= 83 work=        2 frontier=        8 next=        2 consolidate=  0.003ms frontier=  0.000ms semisort=  0.002ms (keyed= 0.000ms group_by=  0.000ms per_group= 0.001ms)
[pe] round= 84 work=        2 frontier=        4 next=        2 consolidate=  0.002ms frontier=  0.000ms semisort=  0.002ms (keyed= 0.000ms group_by=  0.000ms per_group= 0.001ms)
[pe] round= 85 work=        2 frontier=       26 next=        3 consolidate=  0.003ms frontier=  0.000ms semisort=  0.005ms (keyed= 0.000ms group_by=  0.001ms per_group= 0.001ms)
[pe] round= 86 work=        3 frontier=        8 next=        2 consolidate=  0.003ms frontier=  0.000ms semisort=  0.003ms (keyed= 0.000ms group_by=  0.000ms per_group= 0.001ms)
[pe] round= 87 work=        2 frontier=        8 next=        2 consolidate=  0.003ms frontier=  0.000ms semisort=  0.002ms (keyed= 0.000ms group_by=  0.000ms per_group= 0.001ms)
[pe] round= 88 work=        2 frontier=        4 next=        2 consolidate=  0.002ms frontier=  0.000ms semisort=  0.002ms (keyed= 0.000ms group_by=  0.000ms per_group= 0.001ms)
[pe] round= 89 work=        2 frontier=       26 next=        3 consolidate=  0.002ms frontier=  0.000ms semisort=  0.005ms (keyed= 0.000ms group_by=  0.001ms per_group= 0.002ms)
[pe] round= 90 work=        3 frontier=        8 next=        2 consolidate=  0.003ms frontier=  0.000ms semisort=  0.003ms (keyed= 0.000ms group_by=  0.000ms per_group= 0.001ms)
[pe] round= 91 work=        2 frontier=        8 next=        2 consolidate=  0.003ms frontier=  0.000ms semisort=  0.002ms (keyed= 0.000ms group_by=  0.000ms per_group= 0.001ms)
[pe] round= 92 work=        2 frontier=        4 next=        2 consolidate=  0.002ms frontier=  0.000ms semisort=  0.002ms (keyed= 0.000ms group_by=  0.000ms per_group= 0.001ms)
[pe] round= 93 work=        2 frontier=       26 next=        3 consolidate=  0.003ms frontier=  0.000ms semisort=  0.005ms (keyed= 0.000ms group_by=  0.001ms per_group= 0.001ms)
[pe] round= 94 work=        3 frontier=        8 next=        2 consolidate=  0.003ms frontier=  0.000ms semisort=  0.003ms (keyed= 0.000ms group_by=  0.000ms per_group= 0.001ms)
[pe] round= 95 work=        2 frontier=        8 next=        2 consolidate=  0.003ms frontier=  0.000ms semisort=  0.002ms (keyed= 0.000ms group_by=  0.000ms per_group= 0.001ms)
[pe] round= 96 work=        2 frontier=        4 next=        2 consolidate=  0.003ms frontier=  0.000ms semisort=  0.002ms (keyed= 0.000ms group_by=  0.000ms per_group= 0.001ms)
[pe] round= 97 work=        2 frontier=       26 next=        3 consolidate=  0.002ms frontier=  0.000ms semisort=  0.005ms (keyed= 0.000ms group_by=  0.001ms per_group= 0.002ms)
[pe] round= 98 work=        3 frontier=        8 next=        2 consolidate=  0.004ms frontier=  0.000ms semisort=  0.002ms (keyed= 0.000ms group_by=  0.000ms per_group= 0.001ms)
[pe] round= 99 work=        2 frontier=        8 next=        2 consolidate=  0.003ms frontier=  0.000ms semisort=  0.002ms (keyed= 0.000ms group_by=  0.000ms per_group= 0.001ms)
[pe] round=100 work=        2 frontier=        4 next=        2 consolidate=  0.002ms frontier=  0.000ms semisort=  0.002ms (keyed= 0.000ms group_by=  0.000ms per_group= 0.001ms)
[pe] round=101 work=        2 frontier=       26 next=        3 consolidate=  0.003ms frontier=  0.000ms semisort=  0.005ms (keyed= 0.000ms group_by=  0.001ms per_group= 0.001ms)
[pe] round=102 work=        3 frontier=        8 next=        2 consolidate=  0.003ms frontier=  0.000ms semisort=  0.002ms (keyed= 0.000ms group_by=  0.000ms per_group= 0.001ms)
[pe] round=103 work=        2 frontier=        8 next=        2 consolidate=  0.003ms frontier=  0.000ms semisort=  0.002ms (keyed= 0.000ms group_by=  0.000ms per_group= 0.001ms)
[pe] round=104 work=        2 frontier=        4 next=        2 consolidate=  0.003ms frontier=  0.000ms semisort=  0.002ms (keyed= 0.000ms group_by=  0.000ms per_group= 0.001ms)
[pe] round=105 work=        2 frontier=       26 next=        3 consolidate=  0.003ms frontier=  0.000ms semisort=  0.005ms (keyed= 0.000ms group_by=  0.001ms per_group= 0.002ms)
[pe] round=106 work=        3 frontier=        8 next=        2 consolidate=  0.003ms frontier=  0.000ms semisort=  0.003ms (keyed= 0.000ms group_by=  0.000ms per_group= 0.001ms)
[pe] round=107 work=        2 frontier=        8 next=        2 consolidate=  0.003ms frontier=  0.000ms semisort=  0.002ms (keyed= 0.000ms group_by=  0.000ms per_group= 0.001ms)
[pe] round=108 work=        2 frontier=        4 next=        2 consolidate=  0.002ms frontier=  0.000ms semisort=  0.002ms (keyed= 0.000ms group_by=  0.000ms per_group= 0.001ms)
[pe] round=109 work=        2 frontier=       26 next=        3 consolidate=  0.003ms frontier=  0.000ms semisort=  0.005ms (keyed= 0.000ms group_by=  0.001ms per_group= 0.001ms)
[pe] round=110 work=        3 frontier=        8 next=        2 consolidate=  0.003ms frontier=  0.000ms semisort=  0.003ms (keyed= 0.000ms group_by=  0.000ms per_group= 0.001ms)
[pe] round=111 work=        2 frontier=        8 next=        2 consolidate=  0.002ms frontier=  0.000ms semisort=  0.003ms (keyed= 0.000ms group_by=  0.001ms per_group= 0.001ms)
[pe] round=112 work=        2 frontier=        4 next=        2 consolidate=  0.002ms frontier=  0.000ms semisort=  0.002ms (keyed= 0.000ms group_by=  0.000ms per_group= 0.001ms)
[pe] round=113 work=        2 frontier=       26 next=        3 consolidate=  0.003ms frontier=  0.000ms semisort=  0.005ms (keyed= 0.000ms group_by=  0.001ms per_group= 0.001ms)
[pe] round=114 work=        3 frontier=        8 next=        2 consolidate=  0.003ms frontier=  0.000ms semisort=  0.003ms (keyed= 0.000ms group_by=  0.000ms per_group= 0.001ms)
[pe] round=115 work=        2 frontier=        8 next=        2 consolidate=  0.002ms frontier=  0.000ms semisort=  0.002ms (keyed= 0.000ms group_by=  0.000ms per_group= 0.001ms)
[pe] round=116 work=        2 frontier=        4 next=        2 consolidate=  0.002ms frontier=  0.000ms semisort=  0.002ms (keyed= 0.000ms group_by=  0.000ms per_group= 0.001ms)
[pe] round=117 work=        2 frontier=       26 next=        3 consolidate=  0.002ms frontier=  0.000ms semisort=  0.005ms (keyed= 0.000ms group_by=  0.001ms per_group= 0.001ms)
[pe] round=118 work=        3 frontier=        8 next=        2 consolidate=  0.004ms frontier=  0.000ms semisort=  0.002ms (keyed= 0.000ms group_by=  0.000ms per_group= 0.001ms)
[pe] round=119 work=        2 frontier=        8 next=        2 consolidate=  0.002ms frontier=  0.000ms semisort=  0.002ms (keyed= 0.000ms group_by=  0.000ms per_group= 0.001ms)
[pe] round=120 work=        2 frontier=        4 next=        2 consolidate=  0.003ms frontier=  0.000ms semisort=  0.002ms (keyed= 0.000ms group_by=  0.000ms per_group= 0.001ms)
[pe] round=121 work=        2 frontier=       26 next=        3 consolidate=  0.003ms frontier=  0.000ms semisort=  0.004ms (keyed= 0.000ms group_by=  0.001ms per_group= 0.001ms)
[pe] round=122 work=        3 frontier=        8 next=        2 consolidate=  0.003ms frontier=  0.000ms semisort=  0.002ms (keyed= 0.000ms group_by=  0.000ms per_group= 0.001ms)
[pe] round=123 work=        2 frontier=        8 next=        2 consolidate=  0.002ms frontier=  0.000ms semisort=  0.002ms (keyed= 0.000ms group_by=  0.000ms per_group= 0.001ms)
[pe] round=124 work=        2 frontier=        4 next=        2 consolidate=  0.002ms frontier=  0.000ms semisort=  0.002ms (keyed= 0.000ms group_by=  0.000ms per_group= 0.001ms)
[pe] round=125 work=        2 frontier=       26 next=        3 consolidate=  0.002ms frontier=  0.000ms semisort=  0.004ms (keyed= 0.000ms group_by=  0.001ms per_group= 0.001ms)
[pe] round=126 work=        3 frontier=        8 next=        2 consolidate=  0.003ms frontier=  0.000ms semisort=  0.003ms (keyed= 0.000ms group_by=  0.000ms per_group= 0.001ms)
[pe] round=127 work=        2 frontier=        8 next=        2 consolidate=  0.002ms frontier=  0.000ms semisort=  0.002ms (keyed= 0.000ms group_by=  0.000ms per_group= 0.001ms)
[pe] round=128 work=        2 frontier=        4 next=        2 consolidate=  0.002ms frontier=  0.000ms semisort=  0.002ms (keyed= 0.000ms group_by=  0.000ms per_group= 0.001ms)
[pe] round=129 work=        2 frontier=       26 next=        3 consolidate=  0.002ms frontier=  0.000ms semisort=  0.005ms (keyed= 0.000ms group_by=  0.001ms per_group= 0.001ms)
[pe] round=130 work=        3 frontier=        8 next=        2 consolidate=  0.003ms frontier=  0.000ms semisort=  0.002ms (keyed= 0.000ms group_by=  0.000ms per_group= 0.001ms)
[pe] round=131 work=        2 frontier=        8 next=        2 consolidate=  0.002ms frontier=  0.000ms semisort=  0.002ms (keyed= 0.000ms group_by=  0.000ms per_group= 0.001ms)
[pe] round=132 work=        2 frontier=        4 next=        2 consolidate=  0.003ms frontier=  0.000ms semisort=  0.002ms (keyed= 0.000ms group_by=  0.000ms per_group= 0.001ms)
[pe] round=133 work=        2 frontier=       26 next=        3 consolidate=  0.002ms frontier=  0.000ms semisort=  0.004ms (keyed= 0.000ms group_by=  0.001ms per_group= 0.002ms)
[pe] round=134 work=        3 frontier=        8 next=        2 consolidate=  0.003ms frontier=  0.000ms semisort=  0.002ms (keyed= 0.000ms group_by=  0.001ms per_group= 0.001ms)
[pe] round=135 work=        2 frontier=        8 next=        2 consolidate=  0.002ms frontier=  0.000ms semisort=  0.002ms (keyed= 0.000ms group_by=  0.000ms per_group= 0.001ms)
[pe] round=136 work=        2 frontier=        4 next=        2 consolidate=  0.003ms frontier=  0.000ms semisort=  0.002ms (keyed= 0.000ms group_by=  0.000ms per_group= 0.001ms)
[pe] round=137 work=        2 frontier=       26 next=        3 consolidate=  0.002ms frontier=  0.000ms semisort=  0.005ms (keyed= 0.000ms group_by=  0.001ms per_group= 0.001ms)
[pe] round=138 work=        3 frontier=        8 next=        2 consolidate=  0.003ms frontier=  0.000ms semisort=  0.002ms (keyed= 0.000ms group_by=  0.000ms per_group= 0.001ms)
[pe] round=139 work=        2 frontier=        8 next=        2 consolidate=  0.002ms frontier=  0.000ms semisort=  0.002ms (keyed= 0.000ms group_by=  0.000ms per_group= 0.001ms)
[pe] round=140 work=        2 frontier=        4 next=        2 consolidate=  0.002ms frontier=  0.000ms semisort=  0.002ms (keyed= 0.000ms group_by=  0.000ms per_group= 0.001ms)
[pe] round=141 work=        2 frontier=       26 next=        3 consolidate=  0.002ms frontier=  0.000ms semisort=  0.005ms (keyed= 0.000ms group_by=  0.001ms per_group= 0.001ms)
[pe] round=142 work=        3 frontier=        8 next=        2 consolidate=  0.003ms frontier=  0.000ms semisort=  0.002ms (keyed= 0.000ms group_by=  0.000ms per_group= 0.001ms)
[pe] round=143 work=        2 frontier=        8 next=        2 consolidate=  0.002ms frontier=  0.000ms semisort=  0.002ms (keyed= 0.000ms group_by=  0.000ms per_group= 0.001ms)
[pe] round=144 work=        2 frontier=        4 next=        2 consolidate=  0.002ms frontier=  0.000ms semisort=  0.002ms (keyed= 0.000ms group_by=  0.000ms per_group= 0.001ms)
[pe] round=145 work=        2 frontier=       26 next=        3 consolidate=  0.002ms frontier=  0.000ms semisort=  0.005ms (keyed= 0.000ms group_by=  0.001ms per_group= 0.001ms)
[pe] round=146 work=        3 frontier=        8 next=        2 consolidate=  0.003ms frontier=  0.000ms semisort=  0.002ms (keyed= 0.000ms group_by=  0.000ms per_group= 0.001ms)
[pe] round=147 work=        2 frontier=        8 next=        2 consolidate=  0.002ms frontier=  0.000ms semisort=  0.002ms (keyed= 0.000ms group_by=  0.000ms per_group= 0.001ms)
[pe] round=148 work=        2 frontier=        4 next=        2 consolidate=  0.002ms frontier=  0.000ms semisort=  0.002ms (keyed= 0.000ms group_by=  0.000ms per_group= 0.001ms)
[pe] round=149 work=        2 frontier=       26 next=        3 consolidate=  0.002ms frontier=  0.000ms semisort=  0.005ms (keyed= 0.000ms group_by=  0.001ms per_group= 0.001ms)
[pe] round=150 work=        3 frontier=        8 next=        2 consolidate=  0.003ms frontier=  0.000ms semisort=  0.002ms (keyed= 0.000ms group_by=  0.001ms per_group= 0.001ms)
[pe] round=151 work=        2 frontier=        8 next=        2 consolidate=  0.003ms frontier=  0.000ms semisort=  0.002ms (keyed= 0.000ms group_by=  0.000ms per_group= 0.001ms)
[pe] round=152 work=        2 frontier=        4 next=        2 consolidate=  0.002ms frontier=  0.000ms semisort=  0.002ms (keyed= 0.000ms group_by=  0.000ms per_group= 0.001ms)
[pe] round=153 work=        2 frontier=       26 next=        3 consolidate=  0.003ms frontier=  0.000ms semisort=  0.005ms (keyed= 0.000ms group_by=  0.001ms per_group= 0.001ms)
[pe] round=154 work=        3 frontier=        8 next=        2 consolidate=  0.003ms frontier=  0.000ms semisort=  0.002ms (keyed= 0.000ms group_by=  0.000ms per_group= 0.001ms)
[pe] round=155 work=        2 frontier=        8 next=        2 consolidate=  0.002ms frontier=  0.000ms semisort=  0.002ms (keyed= 0.000ms group_by=  0.000ms per_group= 0.001ms)
[pe] round=156 work=        2 frontier=        4 next=        2 consolidate=  0.002ms frontier=  0.000ms semisort=  0.002ms (keyed= 0.000ms group_by=  0.000ms per_group= 0.001ms)
[pe] round=157 work=        2 frontier=       26 next=        3 consolidate=  0.002ms frontier=  0.000ms semisort=  0.005ms (keyed= 0.000ms group_by=  0.001ms per_group= 0.001ms)
[pe] round=158 work=        3 frontier=        8 next=        2 consolidate=  0.003ms frontier=  0.000ms semisort=  0.002ms (keyed= 0.000ms group_by=  0.000ms per_group= 0.001ms)
[pe] round=159 work=        2 frontier=        8 next=        2 consolidate=  0.002ms frontier=  0.000ms semisort=  0.002ms (keyed= 0.000ms group_by=  0.000ms per_group= 0.001ms)
[pe] round=160 work=        2 frontier=        4 next=        2 consolidate=  0.002ms frontier=  0.000ms semisort=  0.002ms (keyed= 0.000ms group_by=  0.000ms per_group= 0.001ms)
[pe] round=161 work=        2 frontier=       26 next=        3 consolidate=  0.002ms frontier=  0.000ms semisort=  0.005ms (keyed= 0.000ms group_by=  0.001ms per_group= 0.001ms)
[pe] round=162 work=        3 frontier=        8 next=        2 consolidate=  0.003ms frontier=  0.000ms semisort=  0.002ms (keyed= 0.000ms group_by=  0.001ms per_group= 0.001ms)
[pe] round=163 work=        2 frontier=        8 next=        2 consolidate=  0.002ms frontier=  0.000ms semisort=  0.002ms (keyed= 0.000ms group_by=  0.000ms per_group= 0.001ms)
[pe] round=164 work=        2 frontier=        4 next=        2 consolidate=  0.002ms frontier=  0.000ms semisort=  0.002ms (keyed= 0.000ms group_by=  0.000ms per_group= 0.001ms)
[pe] round=165 work=        2 frontier=       26 next=        3 consolidate=  0.002ms frontier=  0.000ms semisort=  0.004ms (keyed= 0.000ms group_by=  0.001ms per_group= 0.001ms)
[pe] round=166 work=        3 frontier=        8 next=        2 consolidate=  0.003ms frontier=  0.000ms semisort=  0.002ms (keyed= 0.000ms group_by=  0.000ms per_group= 0.001ms)
[pe] round=167 work=        2 frontier=        8 next=        2 consolidate=  0.002ms frontier=  0.000ms semisort=  0.002ms (keyed= 0.000ms group_by=  0.000ms per_group= 0.001ms)
[pe] round=168 work=        2 frontier=        4 next=        2 consolidate=  0.002ms frontier=  0.000ms semisort=  0.006ms (keyed= 0.000ms group_by=  0.004ms per_group= 0.001ms)
[pe] round=169 work=        2 frontier=       26 next=        3 consolidate=  0.003ms frontier=  0.000ms semisort=  0.005ms (keyed= 0.000ms group_by=  0.001ms per_group= 0.002ms)
[pe] round=170 work=        3 frontier=        8 next=        2 consolidate=  0.003ms frontier=  0.000ms semisort=  0.002ms (keyed= 0.000ms group_by=  0.000ms per_group= 0.001ms)
[pe] round=171 work=        2 frontier=        8 next=        2 consolidate=  0.002ms frontier=  0.000ms semisort=  0.002ms (keyed= 0.000ms group_by=  0.000ms per_group= 0.001ms)
[pe] round=172 work=        2 frontier=        4 next=        2 consolidate=  0.002ms frontier=  0.000ms semisort=  0.002ms (keyed= 0.000ms group_by=  0.000ms per_group= 0.001ms)
[pe] round=173 work=        2 frontier=       26 next=        3 consolidate=  0.002ms frontier=  0.000ms semisort=  0.005ms (keyed= 0.000ms group_by=  0.001ms per_group= 0.002ms)
[pe] round=174 work=        3 frontier=        8 next=        2 consolidate=  0.003ms frontier=  0.000ms semisort=  0.002ms (keyed= 0.000ms group_by=  0.000ms per_group= 0.001ms)
[pe] round=175 work=        2 frontier=        8 next=        2 consolidate=  0.002ms frontier=  0.000ms semisort=  0.002ms (keyed= 0.000ms group_by=  0.000ms per_group= 0.001ms)
[pe] round=176 work=        2 frontier=        4 next=        2 consolidate=  0.003ms frontier=  0.000ms semisort=  0.002ms (keyed= 0.000ms group_by=  0.000ms per_group= 0.001ms)
[pe] round=177 work=        2 frontier=       26 next=        3 consolidate=  0.002ms frontier=  0.000ms semisort=  0.004ms (keyed= 0.000ms group_by=  0.001ms per_group= 0.001ms)
[pe] round=178 work=        3 frontier=        8 next=        2 consolidate=  0.003ms frontier=  0.000ms semisort=  0.002ms (keyed= 0.000ms group_by=  0.000ms per_group= 0.001ms)
[pe] round=179 work=        2 frontier=        8 next=        2 consolidate=  0.002ms frontier=  0.000ms semisort=  0.002ms (keyed= 0.000ms group_by=  0.000ms per_group= 0.001ms)
[pe] round=180 work=        2 frontier=        4 next=        2 consolidate=  0.002ms frontier=  0.000ms semisort=  0.002ms (keyed= 0.000ms group_by=  0.000ms per_group= 0.001ms)
[pe] round=181 work=        2 frontier=       26 next=        3 consolidate=  0.002ms frontier=  0.000ms semisort=  0.005ms (keyed= 0.000ms group_by=  0.001ms per_group= 0.001ms)
[pe] round=182 work=        3 frontier=        8 next=        2 consolidate=  0.003ms frontier=  0.000ms semisort=  0.002ms (keyed= 0.000ms group_by=  0.000ms per_group= 0.001ms)
[pe] round=183 work=        2 frontier=        8 next=        2 consolidate=  0.002ms frontier=  0.000ms semisort=  0.002ms (keyed= 0.000ms group_by=  0.000ms per_group= 0.001ms)
[pe] round=184 work=        2 frontier=        4 next=        2 consolidate=  0.002ms frontier=  0.000ms semisort=  0.002ms (keyed= 0.000ms group_by=  0.000ms per_group= 0.001ms)
[pe] round=185 work=        2 frontier=       26 next=        3 consolidate=  0.002ms frontier=  0.000ms semisort=  0.004ms (keyed= 0.000ms group_by=  0.001ms per_group= 0.002ms)
[pe] round=186 work=        3 frontier=        8 next=        2 consolidate=  0.003ms frontier=  0.000ms semisort=  0.002ms (keyed= 0.000ms group_by=  0.000ms per_group= 0.001ms)
[pe] round=187 work=        2 frontier=        8 next=        2 consolidate=  0.002ms frontier=  0.000ms semisort=  0.002ms (keyed= 0.000ms group_by=  0.000ms per_group= 0.001ms)
[pe] round=188 work=        2 frontier=        4 next=        2 consolidate=  0.002ms frontier=  0.000ms semisort=  0.002ms (keyed= 0.000ms group_by=  0.000ms per_group= 0.001ms)
[pe] round=189 work=        2 frontier=       26 next=        3 consolidate=  0.002ms frontier=  0.000ms semisort=  0.005ms (keyed= 0.000ms group_by=  0.001ms per_group= 0.001ms)
[pe] round=190 work=        3 frontier=        8 next=        2 consolidate=  0.003ms frontier=  0.000ms semisort=  0.002ms (keyed= 0.000ms group_by=  0.000ms per_group= 0.001ms)
[pe] round=191 work=        2 frontier=        8 next=        2 consolidate=  0.002ms frontier=  0.000ms semisort=  0.002ms (keyed= 0.000ms group_by=  0.000ms per_group= 0.001ms)
[pe] round=192 work=        2 frontier=        4 next=        2 consolidate=  0.002ms frontier=  0.000ms semisort=  0.002ms (keyed= 0.000ms group_by=  0.000ms per_group= 0.001ms)
[pe] round=193 work=        2 frontier=       26 next=        3 consolidate=  0.002ms frontier=  0.000ms semisort=  0.004ms (keyed= 0.000ms group_by=  0.001ms per_group= 0.001ms)
[pe] round=194 work=        3 frontier=        8 next=        2 consolidate=  0.003ms frontier=  0.000ms semisort=  0.002ms (keyed= 0.000ms group_by=  0.000ms per_group= 0.001ms)
[pe] round=195 work=        2 frontier=        8 next=        2 consolidate=  0.002ms frontier=  0.000ms semisort=  0.002ms (keyed= 0.000ms group_by=  0.000ms per_group= 0.001ms)
[pe] round=196 work=        2 frontier=        4 next=        2 consolidate=  0.002ms frontier=  0.000ms semisort=  0.002ms (keyed= 0.000ms group_by=  0.000ms per_group= 0.001ms)
[pe] round=197 work=        2 frontier=       26 next=        3 consolidate=  0.002ms frontier=  0.000ms semisort=  0.004ms (keyed= 0.000ms group_by=  0.001ms per_group= 0.001ms)
[pe] round=198 work=        3 frontier=        8 next=        2 consolidate=  0.003ms frontier=  0.000ms semisort=  0.002ms (keyed= 0.000ms group_by=  0.001ms per_group= 0.001ms)
[pe] round=199 work=        2 frontier=        8 next=        2 consolidate=  0.002ms frontier=  0.000ms semisort=  0.002ms (keyed= 0.000ms group_by=  0.000ms per_group= 0.001ms)
[pe] round=200 work=        2 frontier=        4 next=        2 consolidate=  0.002ms frontier=  0.000ms semisort=  0.002ms (keyed= 0.000ms group_by=  0.000ms per_group= 0.001ms)
[pe] round=201 work=        2 frontier=       26 next=        3 consolidate=  0.002ms frontier=  0.000ms semisort=  0.004ms (keyed= 0.000ms group_by=  0.001ms per_group= 0.001ms)
[pe] round=202 work=        3 frontier=        8 next=        2 consolidate=  0.003ms frontier=  0.000ms semisort=  0.002ms (keyed= 0.000ms group_by=  0.000ms per_group= 0.001ms)
[pe] round=203 work=        2 frontier=        8 next=        2 consolidate=  0.002ms frontier=  0.000ms semisort=  0.002ms (keyed= 0.000ms group_by=  0.000ms per_group= 0.001ms)
[pe] round=204 work=        2 frontier=        4 next=        2 consolidate=  0.002ms frontier=  0.000ms semisort=  0.002ms (keyed= 0.000ms group_by=  0.000ms per_group= 0.001ms)
[pe] round=205 work=        2 frontier=       26 next=        3 consolidate=  0.002ms frontier=  0.000ms semisort=  0.004ms (keyed= 0.000ms group_by=  0.001ms per_group= 0.001ms)
[pe] round=206 work=        3 frontier=        8 next=        2 consolidate=  0.003ms frontier=  0.000ms semisort=  0.003ms (keyed= 0.000ms group_by=  0.001ms per_group= 0.001ms)
[pe] round=207 work=        2 frontier=        8 next=        2 consolidate=  0.002ms frontier=  0.000ms semisort=  0.002ms (keyed= 0.000ms group_by=  0.000ms per_group= 0.001ms)
[pe] round=208 work=        2 frontier=        4 next=        2 consolidate=  0.002ms frontier=  0.000ms semisort=  0.002ms (keyed= 0.000ms group_by=  0.000ms per_group= 0.001ms)
[pe] round=209 work=        2 frontier=       26 next=        3 consolidate=  0.002ms frontier=  0.000ms semisort=  0.004ms (keyed= 0.000ms group_by=  0.001ms per_group= 0.001ms)
[pe] round=210 work=        3 frontier=        8 next=        2 consolidate=  0.003ms frontier=  0.000ms semisort=  0.002ms (keyed= 0.000ms group_by=  0.000ms per_group= 0.001ms)
[pe] round=211 work=        2 frontier=        8 next=        2 consolidate=  0.002ms frontier=  0.000ms semisort=  0.002ms (keyed= 0.000ms group_by=  0.000ms per_group= 0.001ms)
[pe] round=212 work=        2 frontier=        4 next=        2 consolidate=  0.002ms frontier=  0.000ms semisort=  0.002ms (keyed= 0.000ms group_by=  0.000ms per_group= 0.001ms)
[pe] round=213 work=        2 frontier=       26 next=        3 consolidate=  0.002ms frontier=  0.000ms semisort=  0.004ms (keyed= 0.000ms group_by=  0.001ms per_group= 0.001ms)
[pe] round=214 work=        3 frontier=        8 next=        2 consolidate=  0.003ms frontier=  0.000ms semisort=  0.002ms (keyed= 0.000ms group_by=  0.000ms per_group= 0.001ms)
[pe] round=215 work=        2 frontier=        8 next=        2 consolidate=  0.003ms frontier=  0.000ms semisort=  0.002ms (keyed= 0.000ms group_by=  0.000ms per_group= 0.001ms)
[pe] round=216 work=        2 frontier=        4 next=        2 consolidate=  0.002ms frontier=  0.000ms semisort=  0.002ms (keyed= 0.000ms group_by=  0.000ms per_group= 0.001ms)
[pe] round=217 work=        2 frontier=       26 next=        3 consolidate=  0.002ms frontier=  0.000ms semisort=  0.004ms (keyed= 0.000ms group_by=  0.001ms per_group= 0.001ms)
[pe] round=218 work=        3 frontier=        8 next=        2 consolidate=  0.003ms frontier=  0.000ms semisort=  0.003ms (keyed= 0.000ms group_by=  0.001ms per_group= 0.001ms)
[pe] round=219 work=        2 frontier=        8 next=        2 consolidate=  0.002ms frontier=  0.000ms semisort=  0.002ms (keyed= 0.000ms group_by=  0.000ms per_group= 0.001ms)
[pe] round=220 work=        2 frontier=        4 next=        2 consolidate=  0.002ms frontier=  0.000ms semisort=  0.002ms (keyed= 0.000ms group_by=  0.000ms per_group= 0.001ms)
[pe] round=221 work=        2 frontier=       26 next=        3 consolidate=  0.002ms frontier=  0.000ms semisort=  0.004ms (keyed= 0.000ms group_by=  0.001ms per_group= 0.001ms)
[pe] round=222 work=        3 frontier=        8 next=        2 consolidate=  0.003ms frontier=  0.000ms semisort=  0.002ms (keyed= 0.000ms group_by=  0.000ms per_group= 0.001ms)
[pe] round=223 work=        2 frontier=        8 next=        2 consolidate=  0.002ms frontier=  0.000ms semisort=  0.002ms (keyed= 0.000ms group_by=  0.000ms per_group= 0.001ms)
[pe] round=224 work=        2 frontier=        4 next=        2 consolidate=  0.002ms frontier=  0.000ms semisort=  0.002ms (keyed= 0.000ms group_by=  0.000ms per_group= 0.001ms)
[pe] round=225 work=        2 frontier=       26 next=        3 consolidate=  0.002ms frontier=  0.000ms semisort=  0.004ms (keyed= 0.000ms group_by=  0.001ms per_group= 0.001ms)
[pe] round=226 work=        3 frontier=        8 next=        2 consolidate=  0.003ms frontier=  0.000ms semisort=  0.002ms (keyed= 0.000ms group_by=  0.000ms per_group= 0.001ms)
[pe] round=227 work=        2 frontier=        8 next=        2 consolidate=  0.002ms frontier=  0.000ms semisort=  0.002ms (keyed= 0.000ms group_by=  0.000ms per_group= 0.001ms)
[pe] round=228 work=        2 frontier=        4 next=        2 consolidate=  0.002ms frontier=  0.000ms semisort=  0.002ms (keyed= 0.000ms group_by=  0.000ms per_group= 0.001ms)
[pe] round=229 work=        2 frontier=       26 next=        3 consolidate=  0.002ms frontier=  0.000ms semisort=  0.004ms (keyed= 0.000ms group_by=  0.001ms per_group= 0.001ms)
[pe] round=230 work=        3 frontier=        8 next=        2 consolidate=  0.003ms frontier=  0.000ms semisort=  0.002ms (keyed= 0.000ms group_by=  0.000ms per_group= 0.001ms)
[pe] round=231 work=        2 frontier=        8 next=        2 consolidate=  0.002ms frontier=  0.000ms semisort=  0.002ms (keyed= 0.000ms group_by=  0.000ms per_group= 0.001ms)
[pe] round=232 work=        2 frontier=        4 next=        2 consolidate=  0.002ms frontier=  0.000ms semisort=  0.002ms (keyed= 0.000ms group_by=  0.000ms per_group= 0.001ms)
[pe] round=233 work=        2 frontier=       26 next=        3 consolidate=  0.002ms frontier=  0.000ms semisort=  0.004ms (keyed= 0.000ms group_by=  0.001ms per_group= 0.001ms)
[pe] round=234 work=        3 frontier=        8 next=        2 consolidate=  0.003ms frontier=  0.000ms semisort=  0.002ms (keyed= 0.000ms group_by=  0.000ms per_group= 0.001ms)
[pe] round=235 work=        2 frontier=        8 next=        2 consolidate=  0.002ms frontier=  0.000ms semisort=  0.002ms (keyed= 0.000ms group_by=  0.000ms per_group= 0.001ms)
[pe] round=236 work=        2 frontier=        4 next=        2 consolidate=  0.002ms frontier=  0.000ms semisort=  0.002ms (keyed= 0.000ms group_by=  0.000ms per_group= 0.001ms)
[pe] round=237 work=        2 frontier=       26 next=        3 consolidate=  0.002ms frontier=  0.000ms semisort=  0.004ms (keyed= 0.000ms group_by=  0.001ms per_group= 0.001ms)
[pe] round=238 work=        3 frontier=        8 next=        2 consolidate=  0.003ms frontier=  0.000ms semisort=  0.002ms (keyed= 0.000ms group_by=  0.000ms per_group= 0.001ms)
[pe] round=239 work=        2 frontier=        8 next=        2 consolidate=  0.002ms frontier=  0.000ms semisort=  0.002ms (keyed= 0.000ms group_by=  0.000ms per_group= 0.001ms)
[pe] round=240 work=        2 frontier=        4 next=        2 consolidate=  0.002ms frontier=  0.000ms semisort=  0.002ms (keyed= 0.000ms group_by=  0.000ms per_group= 0.001ms)
[pe] round=241 work=        2 frontier=       26 next=        3 consolidate=  0.002ms frontier=  0.000ms semisort=  0.005ms (keyed= 0.000ms group_by=  0.001ms per_group= 0.001ms)
[pe] round=242 work=        3 frontier=        8 next=        2 consolidate=  0.003ms frontier=  0.000ms semisort=  0.002ms (keyed= 0.000ms group_by=  0.000ms per_group= 0.001ms)
[pe] round=243 work=        2 frontier=        8 next=        2 consolidate=  0.002ms frontier=  0.000ms semisort=  0.002ms (keyed= 0.000ms group_by=  0.000ms per_group= 0.001ms)
[pe] round=244 work=        2 frontier=        4 next=        2 consolidate=  0.002ms frontier=  0.000ms semisort=  0.002ms (keyed= 0.000ms group_by=  0.000ms per_group= 0.001ms)
[pe] round=245 work=        2 frontier=       26 next=        3 consolidate=  0.002ms frontier=  0.000ms semisort=  0.004ms (keyed= 0.000ms group_by=  0.001ms per_group= 0.001ms)
[pe] round=246 work=        3 frontier=        8 next=        2 consolidate=  0.003ms frontier=  0.000ms semisort=  0.002ms (keyed= 0.000ms group_by=  0.000ms per_group= 0.001ms)
[pe] round=247 work=        2 frontier=        8 next=        2 consolidate=  0.002ms frontier=  0.000ms semisort=  0.002ms (keyed= 0.000ms group_by=  0.000ms per_group= 0.001ms)
[pe] round=248 work=        2 frontier=        4 next=        2 consolidate=  0.002ms frontier=  0.000ms semisort=  0.002ms (keyed= 0.000ms group_by=  0.000ms per_group= 0.001ms)
[pe] round=249 work=        2 frontier=       26 next=        3 consolidate=  0.002ms frontier=  0.000ms semisort=  0.005ms (keyed= 0.000ms group_by=  0.001ms per_group= 0.001ms)
[pe] round=250 work=        3 frontier=        8 next=        2 consolidate=  0.003ms frontier=  0.000ms semisort=  0.002ms (keyed= 0.000ms group_by=  0.000ms per_group= 0.001ms)
[pe] round=251 work=        2 frontier=        8 next=        2 consolidate=  0.002ms frontier=  0.000ms semisort=  0.002ms (keyed= 0.000ms group_by=  0.000ms per_group= 0.001ms)
[pe] round=252 work=        2 frontier=        4 next=        2 consolidate=  0.002ms frontier=  0.000ms semisort=  0.002ms (keyed= 0.000ms group_by=  0.000ms per_group= 0.001ms)
[pe] round=253 work=        2 frontier=       26 next=        3 consolidate=  0.002ms frontier=  0.000ms semisort=  0.005ms (keyed= 0.000ms group_by=  0.001ms per_group= 0.001ms)
[pe] round=254 work=        3 frontier=        8 next=        2 consolidate=  0.003ms frontier=  0.000ms semisort=  0.003ms (keyed= 0.000ms group_by=  0.000ms per_group= 0.001ms)
[pe] round=255 work=        2 frontier=        8 next=        2 consolidate=  0.003ms frontier=  0.000ms semisort=  0.002ms (keyed= 0.000ms group_by=  0.000ms per_group= 0.001ms)
[pe] round=256 work=        2 frontier=        4 next=        2 consolidate=  0.003ms frontier=  0.000ms semisort=  0.002ms (keyed= 0.000ms group_by=  0.000ms per_group= 0.001ms)
[pe] round=257 work=        2 frontier=       18 next=        2 consolidate=  0.002ms frontier=  0.000ms semisort=  0.004ms (keyed= 0.000ms group_by=  0.001ms per_group= 0.001ms)
[pe] round=258 work=        2 frontier=        4 next=        0 consolidate=  0.002ms frontier=  0.000ms semisort=  0.002ms (keyed= 0.000ms group_by=  0.000ms per_group= 0.001ms)
[pe] round=  0 work= 10493552 frontier=  5437767 next=    24065 consolidate=3456.750ms frontier=387.244ms semisort=1091.617ms (keyed=147.113ms group_by= 20.808ms per_group=343.563ms)
[pe] round=  1 work=    24065 frontier=   237543 next=    16558 consolidate= 27.545ms frontier=  1.160ms semisort= 56.774ms (keyed= 0.790ms group_by= 30.810ms per_group= 9.385ms)
[pe] round=  2 work=    16558 frontier=    56774 next=     1307 consolidate= 17.170ms frontier=  0.783ms semisort= 13.683ms (keyed= 0.113ms group_by=  7.450ms per_group= 1.463ms)
[pe] round=  3 work=     1307 frontier=    29389 next=      920 consolidate=  1.369ms frontier=  0.047ms semisort=  5.955ms (keyed= 0.059ms group_by=  3.469ms per_group= 0.690ms)
[pe] round=  4 work=      920 frontier=    12744 next=     1826 consolidate=  0.936ms frontier=  0.029ms semisort=  3.405ms (keyed= 0.023ms group_by=  1.509ms per_group= 0.931ms)
[pe] round=  5 work=     1826 frontier=     7383 next=      421 consolidate=  1.708ms frontier=  0.054ms semisort=  1.602ms (keyed= 0.017ms group_by=  0.669ms per_group= 0.261ms)
[pe] round=  6 work=      421 frontier=     1777 next=      150 consolidate=  0.439ms frontier=  0.012ms semisort=  0.272ms (keyed= 0.003ms group_by=  0.083ms per_group= 0.061ms)
[pe] round=  7 work=      150 frontier=      328 next=      115 consolidate=  0.138ms frontier=  0.005ms semisort=  0.063ms (keyed= 0.001ms group_by=  0.014ms per_group= 0.028ms)
[pe] round=  8 work=      115 frontier=     1774 next=      138 consolidate=  0.112ms frontier=  0.005ms semisort=  0.225ms (keyed= 0.002ms group_by=  0.071ms per_group= 0.053ms)
[pe] round=  9 work=      138 frontier=      912 next=       39 consolidate=  0.131ms frontier=  0.005ms semisort=  0.112ms (keyed= 0.001ms group_by=  0.041ms per_group= 0.023ms)
[pe] round= 10 work=       39 frontier=      124 next=       38 consolidate=  0.037ms frontier=  0.002ms semisort=  0.026ms (keyed= 0.000ms group_by=  0.006ms per_group= 0.010ms)
[pe] round= 11 work=       38 frontier=      670 next=       40 consolidate=  0.037ms frontier=  0.002ms semisort=  0.080ms (keyed= 0.001ms group_by=  0.026ms per_group= 0.019ms)
[pe] round= 12 work=       40 frontier=      279 next=       16 consolidate=  0.040ms frontier=  0.002ms semisort=  0.034ms (keyed= 0.001ms group_by=  0.012ms per_group= 0.008ms)
[pe] round= 13 work=       16 frontier=       67 next=       13 consolidate=  0.016ms frontier=  0.001ms semisort=  0.014ms (keyed= 0.000ms group_by=  0.003ms per_group= 0.005ms)
[pe] round= 14 work=       13 frontier=      333 next=       12 consolidate=  0.014ms frontier=  0.001ms semisort=  0.036ms (keyed= 0.001ms group_by=  0.011ms per_group= 0.008ms)
[pe] round= 15 work=       12 frontier=      124 next=        5 consolidate=  0.012ms frontier=  0.001ms semisort=  0.015ms (keyed= 0.000ms group_by=  0.005ms per_group= 0.004ms)
[pe] round= 16 work=        5 frontier=       10 next=        5 consolidate=  0.006ms frontier=  0.001ms semisort=  0.004ms (keyed= 0.000ms group_by=  0.001ms per_group= 0.002ms)
[pe] round= 17 work=        5 frontier=      431 next=        6 consolidate=  0.007ms frontier=  0.001ms semisort=  0.042ms (keyed= 0.001ms group_by=  0.014ms per_group= 0.008ms)
[pe] round= 18 work=        6 frontier=      140 next=        4 consolidate=  0.007ms frontier=  0.001ms semisort=  0.015ms (keyed= 0.000ms group_by=  0.005ms per_group= 0.004ms)
[pe] round= 19 work=        4 frontier=       12 next=        3 consolidate=  0.005ms frontier=  0.001ms semisort=  0.004ms (keyed= 0.000ms group_by=  0.001ms per_group= 0.001ms)
[pe] round= 20 work=        3 frontier=        6 next=        3 consolidate=  0.004ms frontier=  0.001ms semisort=  0.003ms (keyed= 0.000ms group_by=  0.000ms per_group= 0.001ms)
[pe] round= 21 work=        3 frontier=       39 next=        4 consolidate=  0.004ms frontier=  0.001ms semisort=  0.008ms (keyed= 0.000ms group_by=  0.002ms per_group= 0.002ms)
[pe] round= 22 work=        4 frontier=       12 next=        3 consolidate=  0.004ms frontier=  0.001ms semisort=  0.004ms (keyed= 0.000ms group_by=  0.001ms per_group= 0.001ms)
[pe] round= 23 work=        3 frontier=       12 next=        3 consolidate=  0.004ms frontier=  0.000ms semisort=  0.003ms (keyed= 0.000ms group_by=  0.001ms per_group= 0.001ms)
[pe] round= 24 work=        3 frontier=        6 next=        3 consolidate=  0.003ms frontier=  0.000ms semisort=  0.002ms (keyed= 0.000ms group_by=  0.000ms per_group= 0.001ms)
[pe] round= 25 work=        3 frontier=       37 next=        5 consolidate=  0.004ms frontier=  0.000ms semisort=  0.008ms (keyed= 0.000ms group_by=  0.002ms per_group= 0.002ms)
[pe] round= 26 work=        5 frontier=       15 next=        2 consolidate=  0.005ms frontier=  0.001ms semisort=  0.004ms (keyed= 0.000ms group_by=  0.001ms per_group= 0.001ms)
[pe] round= 27 work=        2 frontier=        8 next=        2 consolidate=  0.003ms frontier=  0.000ms semisort=  0.003ms (keyed= 0.000ms group_by=  0.000ms per_group= 0.001ms)
[pe] round= 28 work=        2 frontier=        4 next=        2 consolidate=  0.003ms frontier=  0.000ms semisort=  0.002ms (keyed= 0.000ms group_by=  0.000ms per_group= 0.001ms)
[pe] round= 29 work=        2 frontier=       26 next=        3 consolidate=  0.003ms frontier=  0.000ms semisort=  0.006ms (keyed= 0.000ms group_by=  0.001ms per_group= 0.002ms)
[pe] round= 30 work=        3 frontier=        8 next=        2 consolidate=  0.004ms frontier=  0.000ms semisort=  0.003ms (keyed= 0.000ms group_by=  0.000ms per_group= 0.001ms)
[pe] round= 31 work=        2 frontier=        8 next=        2 consolidate=  0.003ms frontier=  0.000ms semisort=  0.003ms (keyed= 0.000ms group_by=  0.000ms per_group= 0.001ms)
[pe] round= 32 work=        2 frontier=        4 next=        2 consolidate=  0.003ms frontier=  0.000ms semisort=  0.002ms (keyed= 0.000ms group_by=  0.000ms per_group= 0.001ms)
[pe] round= 33 work=        2 frontier=       26 next=        3 consolidate=  0.003ms frontier=  0.000ms semisort=  0.005ms (keyed= 0.000ms group_by=  0.001ms per_group= 0.002ms)
[pe] round= 34 work=        3 frontier=        8 next=        2 consolidate=  0.003ms frontier=  0.000ms semisort=  0.003ms (keyed= 0.000ms group_by=  0.000ms per_group= 0.001ms)
[pe] round= 35 work=        2 frontier=        8 next=        2 consolidate=  0.003ms frontier=  0.000ms semisort=  0.002ms (keyed= 0.000ms group_by=  0.000ms per_group= 0.001ms)
[pe] round= 36 work=        2 frontier=        4 next=        2 consolidate=  0.003ms frontier=  0.000ms semisort=  0.002ms (keyed= 0.000ms group_by=  0.000ms per_group= 0.001ms)
[pe] round= 37 work=        2 frontier=       26 next=        3 consolidate=  0.003ms frontier=  0.000ms semisort=  0.005ms (keyed= 0.000ms group_by=  0.001ms per_group= 0.002ms)
[pe] round= 38 work=        3 frontier=        8 next=        2 consolidate=  0.003ms frontier=  0.000ms semisort=  0.003ms (keyed= 0.000ms group_by=  0.000ms per_group= 0.001ms)
[pe] round= 39 work=        2 frontier=        8 next=        2 consolidate=  0.003ms frontier=  0.000ms semisort=  0.002ms (keyed= 0.000ms group_by=  0.000ms per_group= 0.001ms)
[pe] round= 40 work=        2 frontier=        4 next=        2 consolidate=  0.002ms frontier=  0.000ms semisort=  0.002ms (keyed= 0.000ms group_by=  0.000ms per_group= 0.001ms)
[pe] round= 41 work=        2 frontier=       26 next=        3 consolidate=  0.003ms frontier=  0.000ms semisort=  0.005ms (keyed= 0.000ms group_by=  0.001ms per_group= 0.002ms)
[pe] round= 42 work=        3 frontier=        8 next=        2 consolidate=  0.003ms frontier=  0.000ms semisort=  0.003ms (keyed= 0.000ms group_by=  0.000ms per_group= 0.001ms)
[pe] round= 43 work=        2 frontier=        8 next=        2 consolidate=  0.003ms frontier=  0.000ms semisort=  0.002ms (keyed= 0.000ms group_by=  0.000ms per_group= 0.001ms)
[pe] round= 44 work=        2 frontier=        4 next=        2 consolidate=  0.002ms frontier=  0.000ms semisort=  0.002ms (keyed= 0.000ms group_by=  0.000ms per_group= 0.001ms)
[pe] round= 45 work=        2 frontier=       26 next=        3 consolidate=  0.003ms frontier=  0.000ms semisort=  0.005ms (keyed= 0.000ms group_by=  0.001ms per_group= 0.001ms)
[pe] round= 46 work=        3 frontier=        8 next=        2 consolidate=  0.004ms frontier=  0.000ms semisort=  0.003ms (keyed= 0.000ms group_by=  0.000ms per_group= 0.001ms)
[pe] round= 47 work=        2 frontier=        8 next=        2 consolidate=  0.003ms frontier=  0.000ms semisort=  0.003ms (keyed= 0.000ms group_by=  0.001ms per_group= 0.001ms)
[pe] round= 48 work=        2 frontier=        4 next=        2 consolidate=  0.003ms frontier=  0.000ms semisort=  0.002ms (keyed= 0.000ms group_by=  0.000ms per_group= 0.001ms)
[pe] round= 49 work=        2 frontier=       26 next=        3 consolidate=  0.003ms frontier=  0.000ms semisort=  0.005ms (keyed= 0.000ms group_by=  0.001ms per_group= 0.002ms)
[pe] round= 50 work=        3 frontier=        8 next=        2 consolidate=  0.003ms frontier=  0.000ms semisort=  0.003ms (keyed= 0.000ms group_by=  0.001ms per_group= 0.001ms)
[pe] round= 51 work=        2 frontier=        8 next=        2 consolidate=  0.003ms frontier=  0.000ms semisort=  0.002ms (keyed= 0.000ms group_by=  0.000ms per_group= 0.001ms)
[pe] round= 52 work=        2 frontier=        4 next=        2 consolidate=  0.003ms frontier=  0.000ms semisort=  0.002ms (keyed= 0.000ms group_by=  0.000ms per_group= 0.001ms)
[pe] round= 53 work=        2 frontier=       26 next=        3 consolidate=  0.003ms frontier=  0.000ms semisort=  0.005ms (keyed= 0.000ms group_by=  0.001ms per_group= 0.002ms)
[pe] round= 54 work=        3 frontier=        8 next=        2 consolidate=  0.004ms frontier=  0.000ms semisort=  0.003ms (keyed= 0.000ms group_by=  0.000ms per_group= 0.001ms)
[pe] round= 55 work=        2 frontier=        8 next=        2 consolidate=  0.002ms frontier=  0.000ms semisort=  0.002ms (keyed= 0.000ms group_by=  0.000ms per_group= 0.001ms)
[pe] round= 56 work=        2 frontier=        4 next=        2 consolidate=  0.002ms frontier=  0.000ms semisort=  0.002ms (keyed= 0.000ms group_by=  0.000ms per_group= 0.001ms)
[pe] round= 57 work=        2 frontier=       26 next=        3 consolidate=  0.003ms frontier=  0.000ms semisort=  0.005ms (keyed= 0.000ms group_by=  0.001ms per_group= 0.002ms)
[pe] round= 58 work=        3 frontier=        8 next=        2 consolidate=  0.003ms frontier=  0.000ms semisort=  0.003ms (keyed= 0.000ms group_by=  0.000ms per_group= 0.001ms)
[pe] round= 59 work=        2 frontier=        8 next=        2 consolidate=  0.002ms frontier=  0.000ms semisort=  0.002ms (keyed= 0.000ms group_by=  0.000ms per_group= 0.001ms)
[pe] round= 60 work=        2 frontier=        4 next=        2 consolidate=  0.003ms frontier=  0.000ms semisort=  0.002ms (keyed= 0.000ms group_by=  0.000ms per_group= 0.001ms)
[pe] round= 61 work=        2 frontier=       26 next=        3 consolidate=  0.003ms frontier=  0.000ms semisort=  0.005ms (keyed= 0.000ms group_by=  0.001ms per_group= 0.002ms)
[pe] round= 62 work=        3 frontier=        8 next=        2 consolidate=  0.004ms frontier=  0.000ms semisort=  0.003ms (keyed= 0.000ms group_by=  0.001ms per_group= 0.001ms)
[pe] round= 63 work=        2 frontier=        8 next=        2 consolidate=  0.003ms frontier=  0.000ms semisort=  0.002ms (keyed= 0.000ms group_by=  0.000ms per_group= 0.001ms)
[pe] round= 64 work=        2 frontier=        4 next=        2 consolidate=  0.002ms frontier=  0.000ms semisort=  0.002ms (keyed= 0.000ms group_by=  0.000ms per_group= 0.001ms)
[pe] round= 65 work=        2 frontier=       26 next=        3 consolidate=  0.003ms frontier=  0.000ms semisort=  0.005ms (keyed= 0.000ms group_by=  0.001ms per_group= 0.001ms)
[pe] round= 66 work=        3 frontier=        8 next=        2 consolidate=  0.003ms frontier=  0.000ms semisort=  0.002ms (keyed= 0.000ms group_by=  0.000ms per_group= 0.001ms)
[pe] round= 67 work=        2 frontier=        8 next=        2 consolidate=  0.003ms frontier=  0.000ms semisort=  0.002ms (keyed= 0.000ms group_by=  0.000ms per_group= 0.001ms)
[pe] round= 68 work=        2 frontier=        4 next=        2 consolidate=  0.003ms frontier=  0.000ms semisort=  0.002ms (keyed= 0.000ms group_by=  0.000ms per_group= 0.001ms)
[pe] round= 69 work=        2 frontier=       26 next=        3 consolidate=  0.003ms frontier=  0.000ms semisort=  0.005ms (keyed= 0.000ms group_by=  0.001ms per_group= 0.001ms)
[pe] round= 70 work=        3 frontier=        8 next=        2 consolidate=  0.004ms frontier=  0.000ms semisort=  0.003ms (keyed= 0.000ms group_by=  0.000ms per_group= 0.001ms)
[pe] round= 71 work=        2 frontier=        8 next=        2 consolidate=  0.003ms frontier=  0.000ms semisort=  0.006ms (keyed= 0.000ms group_by=  0.000ms per_group= 0.004ms)
[pe] round= 72 work=        2 frontier=        4 next=        2 consolidate=  0.003ms frontier=  0.001ms semisort=  0.002ms (keyed= 0.000ms group_by=  0.000ms per_group= 0.001ms)
[pe] round= 73 work=        2 frontier=       26 next=        3 consolidate=  0.002ms frontier=  0.000ms semisort=  0.005ms (keyed= 0.000ms group_by=  0.001ms per_group= 0.002ms)
[pe] round= 74 work=        3 frontier=        8 next=        2 consolidate=  0.003ms frontier=  0.000ms semisort=  0.003ms (keyed= 0.000ms group_by=  0.000ms per_group= 0.001ms)
[pe] round= 75 work=        2 frontier=        8 next=        2 consolidate=  0.003ms frontier=  0.000ms semisort=  0.002ms (keyed= 0.000ms group_by=  0.000ms per_group= 0.001ms)
[pe] round= 76 work=        2 frontier=        4 next=        2 consolidate=  0.002ms frontier=  0.000ms semisort=  0.002ms (keyed= 0.000ms group_by=  0.000ms per_group= 0.001ms)
[pe] round= 77 work=        2 frontier=       26 next=        3 consolidate=  0.003ms frontier=  0.000ms semisort=  0.005ms (keyed= 0.000ms group_by=  0.001ms per_group= 0.002ms)
[pe] round= 78 work=        3 frontier=        8 next=        2 consolidate=  0.004ms frontier=  0.000ms semisort=  0.002ms (keyed= 0.000ms group_by=  0.000ms per_group= 0.001ms)
[pe] round= 79 work=        2 frontier=        8 next=        2 consolidate=  0.003ms frontier=  0.000ms semisort=  0.002ms (keyed= 0.000ms group_by=  0.000ms per_group= 0.001ms)
[pe] round= 80 work=        2 frontier=        4 next=        2 consolidate=  0.003ms frontier=  0.000ms semisort=  0.002ms (keyed= 0.000ms group_by=  0.000ms per_group= 0.001ms)
[pe] round= 81 work=        2 frontier=       26 next=        3 consolidate=  0.003ms frontier=  0.000ms semisort=  0.005ms (keyed= 0.000ms group_by=  0.001ms per_group= 0.001ms)
[pe] round= 82 work=        3 frontier=        8 next=        2 consolidate=  0.003ms frontier=  0.000ms semisort=  0.003ms (keyed= 0.000ms group_by=  0.000ms per_group= 0.001ms)
[pe] round= 83 work=        2 frontier=        8 next=        2 consolidate=  0.003ms frontier=  0.000ms semisort=  0.002ms (keyed= 0.000ms group_by=  0.000ms per_group= 0.001ms)
[pe] round= 84 work=        2 frontier=        4 next=        2 consolidate=  0.003ms frontier=  0.000ms semisort=  0.002ms (keyed= 0.000ms group_by=  0.000ms per_group= 0.001ms)
[pe] round= 85 work=        2 frontier=       26 next=        3 consolidate=  0.003ms frontier=  0.000ms semisort=  0.005ms (keyed= 0.000ms group_by=  0.001ms per_group= 0.001ms)
[pe] round= 86 work=        3 frontier=        8 next=        2 consolidate=  0.003ms frontier=  0.000ms semisort=  0.002ms (keyed= 0.000ms group_by=  0.000ms per_group= 0.001ms)
[pe] round= 87 work=        2 frontier=        8 next=        2 consolidate=  0.003ms frontier=  0.000ms semisort=  0.002ms (keyed= 0.000ms group_by=  0.000ms per_group= 0.001ms)
[pe] round= 88 work=        2 frontier=        4 next=        2 consolidate=  0.002ms frontier=  0.000ms semisort=  0.002ms (keyed= 0.000ms group_by=  0.000ms per_group= 0.001ms)
[pe] round= 89 work=        2 frontier=       26 next=        3 consolidate=  0.003ms frontier=  0.000ms semisort=  0.005ms (keyed= 0.000ms group_by=  0.001ms per_group= 0.001ms)
[pe] round= 90 work=        3 frontier=        8 next=        2 consolidate=  0.003ms frontier=  0.000ms semisort=  0.003ms (keyed= 0.000ms group_by=  0.000ms per_group= 0.001ms)
[pe] round= 91 work=        2 frontier=        8 next=        2 consolidate=  0.003ms frontier=  0.000ms semisort=  0.002ms (keyed= 0.000ms group_by=  0.000ms per_group= 0.001ms)
[pe] round= 92 work=        2 frontier=        4 next=        2 consolidate=  0.003ms frontier=  0.000ms semisort=  0.002ms (keyed= 0.000ms group_by=  0.000ms per_group= 0.001ms)
[pe] round= 93 work=        2 frontier=       26 next=        3 consolidate=  0.003ms frontier=  0.000ms semisort=  0.005ms (keyed= 0.000ms group_by=  0.001ms per_group= 0.001ms)
[pe] round= 94 work=        3 frontier=        8 next=        2 consolidate=  0.003ms frontier=  0.000ms semisort=  0.002ms (keyed= 0.000ms group_by=  0.000ms per_group= 0.001ms)
[pe] round= 95 work=        2 frontier=        8 next=        2 consolidate=  0.003ms frontier=  0.000ms semisort=  0.002ms (keyed= 0.000ms group_by=  0.000ms per_group= 0.001ms)
[pe] round= 96 work=        2 frontier=        4 next=        2 consolidate=  0.003ms frontier=  0.000ms semisort=  0.002ms (keyed= 0.000ms group_by=  0.000ms per_group= 0.001ms)
[pe] round= 97 work=        2 frontier=       26 next=        3 consolidate=  0.003ms frontier=  0.000ms semisort=  0.005ms (keyed= 0.000ms group_by=  0.001ms per_group= 0.001ms)
[pe] round= 98 work=        3 frontier=        8 next=        2 consolidate=  0.003ms frontier=  0.000ms semisort=  0.003ms (keyed= 0.000ms group_by=  0.000ms per_group= 0.001ms)
[pe] round= 99 work=        2 frontier=        8 next=        2 consolidate=  0.003ms frontier=  0.000ms semisort=  0.002ms (keyed= 0.000ms group_by=  0.000ms per_group= 0.001ms)
[pe] round=100 work=        2 frontier=        4 next=        2 consolidate=  0.002ms frontier=  0.000ms semisort=  0.002ms (keyed= 0.000ms group_by=  0.000ms per_group= 0.001ms)
[pe] round=101 work=        2 frontier=       26 next=        3 consolidate=  0.003ms frontier=  0.000ms semisort=  0.005ms (keyed= 0.000ms group_by=  0.001ms per_group= 0.002ms)
[pe] round=102 work=        3 frontier=        8 next=        2 consolidate=  0.004ms frontier=  0.000ms semisort=  0.003ms (keyed= 0.000ms group_by=  0.000ms per_group= 0.001ms)
[pe] round=103 work=        2 frontier=        8 next=        2 consolidate=  0.003ms frontier=  0.000ms semisort=  0.002ms (keyed= 0.000ms group_by=  0.000ms per_group= 0.001ms)
[pe] round=104 work=        2 frontier=        4 next=        2 consolidate=  0.003ms frontier=  0.000ms semisort=  0.002ms (keyed= 0.000ms group_by=  0.000ms per_group= 0.001ms)
[pe] round=105 work=        2 frontier=       26 next=        3 consolidate=  0.003ms frontier=  0.000ms semisort=  0.005ms (keyed= 0.000ms group_by=  0.001ms per_group= 0.001ms)
[pe] round=106 work=        3 frontier=        8 next=        2 consolidate=  0.003ms frontier=  0.000ms semisort=  0.003ms (keyed= 0.000ms group_by=  0.000ms per_group= 0.001ms)
[pe] round=107 work=        2 frontier=        8 next=        2 consolidate=  0.003ms frontier=  0.000ms semisort=  0.002ms (keyed= 0.000ms group_by=  0.000ms per_group= 0.001ms)
[pe] round=108 work=        2 frontier=        4 next=        2 consolidate=  0.002ms frontier=  0.000ms semisort=  0.002ms (keyed= 0.000ms group_by=  0.000ms per_group= 0.001ms)
[pe] round=109 work=        2 frontier=       26 next=        3 consolidate=  0.003ms frontier=  0.000ms semisort=  0.005ms (keyed= 0.000ms group_by=  0.001ms per_group= 0.001ms)
[pe] round=110 work=        3 frontier=        8 next=        2 consolidate=  0.003ms frontier=  0.000ms semisort=  0.003ms (keyed= 0.000ms group_by=  0.000ms per_group= 0.001ms)
[pe] round=111 work=        2 frontier=        8 next=        2 consolidate=  0.002ms frontier=  0.000ms semisort=  0.002ms (keyed= 0.000ms group_by=  0.000ms per_group= 0.001ms)
[pe] round=112 work=        2 frontier=        4 next=        2 consolidate=  0.003ms frontier=  0.000ms semisort=  0.002ms (keyed= 0.000ms group_by=  0.000ms per_group= 0.001ms)
[pe] round=113 work=        2 frontier=       26 next=        3 consolidate=  0.003ms frontier=  0.000ms semisort=  0.005ms (keyed= 0.000ms group_by=  0.001ms per_group= 0.001ms)
[pe] round=114 work=        3 frontier=        8 next=        2 consolidate=  0.003ms frontier=  0.000ms semisort=  0.003ms (keyed= 0.000ms group_by=  0.000ms per_group= 0.001ms)
[pe] round=115 work=        2 frontier=        8 next=        2 consolidate=  0.003ms frontier=  0.000ms semisort=  0.002ms (keyed= 0.000ms group_by=  0.000ms per_group= 0.001ms)
[pe] round=116 work=        2 frontier=        4 next=        2 consolidate=  0.003ms frontier=  0.000ms semisort=  0.002ms (keyed= 0.000ms group_by=  0.000ms per_group= 0.001ms)
[pe] round=117 work=        2 frontier=       26 next=        3 consolidate=  0.003ms frontier=  0.000ms semisort=  0.005ms (keyed= 0.000ms group_by=  0.001ms per_group= 0.002ms)
[pe] round=118 work=        3 frontier=        8 next=        2 consolidate=  0.004ms frontier=  0.000ms semisort=  0.003ms (keyed= 0.000ms group_by=  0.000ms per_group= 0.001ms)
[pe] round=119 work=        2 frontier=        8 next=        2 consolidate=  0.003ms frontier=  0.000ms semisort=  0.002ms (keyed= 0.000ms group_by=  0.000ms per_group= 0.001ms)
[pe] round=120 work=        2 frontier=        4 next=        2 consolidate=  0.002ms frontier=  0.000ms semisort=  0.002ms (keyed= 0.000ms group_by=  0.000ms per_group= 0.001ms)
[pe] round=121 work=        2 frontier=       26 next=        3 consolidate=  0.003ms frontier=  0.000ms semisort=  0.005ms (keyed= 0.000ms group_by=  0.001ms per_group= 0.001ms)
[pe] round=122 work=        3 frontier=        8 next=        2 consolidate=  0.003ms frontier=  0.000ms semisort=  0.003ms (keyed= 0.000ms group_by=  0.000ms per_group= 0.001ms)
[pe] round=123 work=        2 frontier=        8 next=        2 consolidate=  0.003ms frontier=  0.000ms semisort=  0.002ms (keyed= 0.000ms group_by=  0.000ms per_group= 0.001ms)
[pe] round=124 work=        2 frontier=        4 next=        2 consolidate=  0.002ms frontier=  0.000ms semisort=  0.002ms (keyed= 0.000ms group_by=  0.000ms per_group= 0.001ms)
[pe] round=125 work=        2 frontier=       26 next=        3 consolidate=  0.003ms frontier=  0.000ms semisort=  0.005ms (keyed= 0.000ms group_by=  0.001ms per_group= 0.001ms)
[pe] round=126 work=        3 frontier=        8 next=        2 consolidate=  0.004ms frontier=  0.000ms semisort=  0.002ms (keyed= 0.000ms group_by=  0.000ms per_group= 0.001ms)
[pe] round=127 work=        2 frontier=        8 next=        2 consolidate=  0.003ms frontier=  0.000ms semisort=  0.002ms (keyed= 0.000ms group_by=  0.000ms per_group= 0.001ms)
[pe] round=128 work=        2 frontier=        4 next=        2 consolidate=  0.003ms frontier=  0.000ms semisort=  0.002ms (keyed= 0.000ms group_by=  0.000ms per_group= 0.001ms)
[pe] round=129 work=        2 frontier=       26 next=        3 consolidate=  0.003ms frontier=  0.000ms semisort=  0.005ms (keyed= 0.000ms group_by=  0.001ms per_group= 0.001ms)
[pe] round=130 work=        3 frontier=        8 next=        2 consolidate=  0.003ms frontier=  0.000ms semisort=  0.002ms (keyed= 0.000ms group_by=  0.000ms per_group= 0.001ms)
[pe] round=131 work=        2 frontier=        8 next=        2 consolidate=  0.003ms frontier=  0.000ms semisort=  0.007ms (keyed= 0.000ms group_by=  0.000ms per_group= 0.001ms)
[pe] round=132 work=        2 frontier=        4 next=        2 consolidate=  0.002ms frontier=  0.000ms semisort=  0.002ms (keyed= 0.000ms group_by=  0.000ms per_group= 0.001ms)
[pe] round=133 work=        2 frontier=       26 next=        3 consolidate=  0.003ms frontier=  0.000ms semisort=  0.005ms (keyed= 0.000ms group_by=  0.001ms per_group= 0.002ms)
[pe] round=134 work=        3 frontier=        8 next=        2 consolidate=  0.003ms frontier=  0.000ms semisort=  0.003ms (keyed= 0.000ms group_by=  0.001ms per_group= 0.001ms)
[pe] round=135 work=        2 frontier=        8 next=        2 consolidate=  0.003ms frontier=  0.000ms semisort=  0.002ms (keyed= 0.000ms group_by=  0.000ms per_group= 0.001ms)
[pe] round=136 work=        2 frontier=        4 next=        2 consolidate=  0.003ms frontier=  0.000ms semisort=  0.002ms (keyed= 0.000ms group_by=  0.000ms per_group= 0.001ms)
[pe] round=137 work=        2 frontier=       26 next=        3 consolidate=  0.002ms frontier=  0.000ms semisort=  0.004ms (keyed= 0.000ms group_by=  0.001ms per_group= 0.001ms)
[pe] round=138 work=        3 frontier=        8 next=        2 consolidate=  0.003ms frontier=  0.000ms semisort=  0.002ms (keyed= 0.000ms group_by=  0.000ms per_group= 0.001ms)
[pe] round=139 work=        2 frontier=        8 next=        2 consolidate=  0.002ms frontier=  0.000ms semisort=  0.002ms (keyed= 0.000ms group_by=  0.000ms per_group= 0.001ms)
[pe] round=140 work=        2 frontier=        4 next=        2 consolidate=  0.003ms frontier=  0.000ms semisort=  0.002ms (keyed= 0.000ms group_by=  0.000ms per_group= 0.001ms)
[pe] round=141 work=        2 frontier=       26 next=        3 consolidate=  0.002ms frontier=  0.000ms semisort=  0.005ms (keyed= 0.000ms group_by=  0.001ms per_group= 0.002ms)
[pe] round=142 work=        3 frontier=        8 next=        2 consolidate=  0.003ms frontier=  0.000ms semisort=  0.002ms (keyed= 0.000ms group_by=  0.000ms per_group= 0.001ms)
[pe] round=143 work=        2 frontier=        8 next=        2 consolidate=  0.003ms frontier=  0.000ms semisort=  0.002ms (keyed= 0.000ms group_by=  0.000ms per_group= 0.001ms)
[pe] round=144 work=        2 frontier=        4 next=        2 consolidate=  0.003ms frontier=  0.000ms semisort=  0.002ms (keyed= 0.000ms group_by=  0.000ms per_group= 0.001ms)
[pe] round=145 work=        2 frontier=       26 next=        3 consolidate=  0.002ms frontier=  0.000ms semisort=  0.005ms (keyed= 0.000ms group_by=  0.001ms per_group= 0.001ms)
[pe] round=146 work=        3 frontier=        8 next=        2 consolidate=  0.003ms frontier=  0.000ms semisort=  0.002ms (keyed= 0.000ms group_by=  0.000ms per_group= 0.001ms)
[pe] round=147 work=        2 frontier=        8 next=        2 consolidate=  0.002ms frontier=  0.000ms semisort=  0.002ms (keyed= 0.000ms group_by=  0.000ms per_group= 0.001ms)
[pe] round=148 work=        2 frontier=        4 next=        2 consolidate=  0.002ms frontier=  0.000ms semisort=  0.002ms (keyed= 0.000ms group_by=  0.000ms per_group= 0.001ms)
[pe] round=149 work=        2 frontier=       26 next=        3 consolidate=  0.002ms frontier=  0.000ms semisort=  0.005ms (keyed= 0.000ms group_by=  0.001ms per_group= 0.001ms)
[pe] round=150 work=        3 frontier=        8 next=        2 consolidate=  0.004ms frontier=  0.000ms semisort=  0.002ms (keyed= 0.000ms group_by=  0.000ms per_group= 0.001ms)
[pe] round=151 work=        2 frontier=        8 next=        2 consolidate=  0.002ms frontier=  0.000ms semisort=  0.002ms (keyed= 0.000ms group_by=  0.000ms per_group= 0.001ms)
[pe] round=152 work=        2 frontier=        4 next=        2 consolidate=  0.002ms frontier=  0.000ms semisort=  0.002ms (keyed= 0.000ms group_by=  0.000ms per_group= 0.001ms)
[pe] round=153 work=        2 frontier=       26 next=        3 consolidate=  0.002ms frontier=  0.000ms semisort=  0.005ms (keyed= 0.000ms group_by=  0.001ms per_group= 0.001ms)
[pe] round=154 work=        3 frontier=        8 next=        2 consolidate=  0.003ms frontier=  0.000ms semisort=  0.002ms (keyed= 0.000ms group_by=  0.000ms per_group= 0.001ms)
[pe] round=155 work=        2 frontier=        8 next=        2 consolidate=  0.002ms frontier=  0.000ms semisort=  0.002ms (keyed= 0.000ms group_by=  0.000ms per_group= 0.001ms)
[pe] round=156 work=        2 frontier=        4 next=        2 consolidate=  0.002ms frontier=  0.000ms semisort=  0.002ms (keyed= 0.000ms group_by=  0.000ms per_group= 0.001ms)
[pe] round=157 work=        2 frontier=       26 next=        3 consolidate=  0.002ms frontier=  0.000ms semisort=  0.005ms (keyed= 0.000ms group_by=  0.001ms per_group= 0.001ms)
[pe] round=158 work=        3 frontier=        8 next=        2 consolidate=  0.003ms frontier=  0.000ms semisort=  0.002ms (keyed= 0.000ms group_by=  0.000ms per_group= 0.001ms)
[pe] round=159 work=        2 frontier=        8 next=        2 consolidate=  0.002ms frontier=  0.000ms semisort=  0.002ms (keyed= 0.000ms group_by=  0.000ms per_group= 0.001ms)
[pe] round=160 work=        2 frontier=        4 next=        2 consolidate=  0.002ms frontier=  0.000ms semisort=  0.002ms (keyed= 0.000ms group_by=  0.000ms per_group= 0.001ms)
[pe] round=161 work=        2 frontier=       26 next=        3 consolidate=  0.002ms frontier=  0.000ms semisort=  0.004ms (keyed= 0.000ms group_by=  0.001ms per_group= 0.001ms)
[pe] round=162 work=        3 frontier=        8 next=        2 consolidate=  0.003ms frontier=  0.000ms semisort=  0.003ms (keyed= 0.000ms group_by=  0.001ms per_group= 0.001ms)
[pe] round=163 work=        2 frontier=        8 next=        2 consolidate=  0.002ms frontier=  0.000ms semisort=  0.002ms (keyed= 0.000ms group_by=  0.000ms per_group= 0.001ms)
[pe] round=164 work=        2 frontier=        4 next=        2 consolidate=  0.002ms frontier=  0.000ms semisort=  0.002ms (keyed= 0.000ms group_by=  0.000ms per_group= 0.001ms)
[pe] round=165 work=        2 frontier=       26 next=        3 consolidate=  0.002ms frontier=  0.000ms semisort=  0.004ms (keyed= 0.000ms group_by=  0.001ms per_group= 0.002ms)
[pe] round=166 work=        3 frontier=        8 next=        2 consolidate=  0.003ms frontier=  0.000ms semisort=  0.002ms (keyed= 0.000ms group_by=  0.000ms per_group= 0.001ms)
[pe] round=167 work=        2 frontier=        8 next=        2 consolidate=  0.002ms frontier=  0.000ms semisort=  0.002ms (keyed= 0.000ms group_by=  0.000ms per_group= 0.001ms)
[pe] round=168 work=        2 frontier=        4 next=        2 consolidate=  0.003ms frontier=  0.000ms semisort=  0.002ms (keyed= 0.000ms group_by=  0.000ms per_group= 0.001ms)
[pe] round=169 work=        2 frontier=       26 next=        3 consolidate=  0.002ms frontier=  0.000ms semisort=  0.004ms (keyed= 0.000ms group_by=  0.001ms per_group= 0.001ms)
[pe] round=170 work=        3 frontier=        8 next=        2 consolidate=  0.003ms frontier=  0.000ms semisort=  0.002ms (keyed= 0.000ms group_by=  0.000ms per_group= 0.001ms)
[pe] round=171 work=        2 frontier=        8 next=        2 consolidate=  0.002ms frontier=  0.000ms semisort=  0.002ms (keyed= 0.000ms group_by=  0.000ms per_group= 0.001ms)
[pe] round=172 work=        2 frontier=        4 next=        2 consolidate=  0.002ms frontier=  0.000ms semisort=  0.002ms (keyed= 0.000ms group_by=  0.000ms per_group= 0.001ms)
[pe] round=173 work=        2 frontier=       26 next=        3 consolidate=  0.002ms frontier=  0.000ms semisort=  0.005ms (keyed= 0.000ms group_by=  0.001ms per_group= 0.001ms)
[pe] round=174 work=        3 frontier=        8 next=        2 consolidate=  0.003ms frontier=  0.000ms semisort=  0.002ms (keyed= 0.000ms group_by=  0.000ms per_group= 0.001ms)
[pe] round=175 work=        2 frontier=        8 next=        2 consolidate=  0.002ms frontier=  0.000ms semisort=  0.002ms (keyed= 0.000ms group_by=  0.000ms per_group= 0.001ms)
[pe] round=176 work=        2 frontier=        4 next=        2 consolidate=  0.002ms frontier=  0.000ms semisort=  0.002ms (keyed= 0.000ms group_by=  0.000ms per_group= 0.001ms)
[pe] round=177 work=        2 frontier=       26 next=        3 consolidate=  0.002ms frontier=  0.000ms semisort=  0.004ms (keyed= 0.000ms group_by=  0.001ms per_group= 0.001ms)
[pe] round=178 work=        3 frontier=        8 next=        2 consolidate=  0.003ms frontier=  0.000ms semisort=  0.002ms (keyed= 0.000ms group_by=  0.000ms per_group= 0.001ms)
[pe] round=179 work=        2 frontier=        8 next=        2 consolidate=  0.002ms frontier=  0.000ms semisort=  0.002ms (keyed= 0.000ms group_by=  0.000ms per_group= 0.001ms)
[pe] round=180 work=        2 frontier=        4 next=        2 consolidate=  0.003ms frontier=  0.000ms semisort=  0.002ms (keyed= 0.000ms group_by=  0.000ms per_group= 0.001ms)
[pe] round=181 work=        2 frontier=       26 next=        3 consolidate=  0.002ms frontier=  0.000ms semisort=  0.005ms (keyed= 0.000ms group_by=  0.001ms per_group= 0.001ms)
[pe] round=182 work=        3 frontier=        8 next=        2 consolidate=  0.003ms frontier=  0.000ms semisort=  0.002ms (keyed= 0.000ms group_by=  0.000ms per_group= 0.001ms)
[pe] round=183 work=        2 frontier=        8 next=        2 consolidate=  0.003ms frontier=  0.000ms semisort=  0.002ms (keyed= 0.000ms group_by=  0.000ms per_group= 0.001ms)
[pe] round=184 work=        2 frontier=        4 next=        2 consolidate=  0.003ms frontier=  0.000ms semisort=  0.002ms (keyed= 0.000ms group_by=  0.000ms per_group= 0.001ms)
[pe] round=185 work=        2 frontier=       26 next=        3 consolidate=  0.002ms frontier=  0.000ms semisort=  0.004ms (keyed= 0.000ms group_by=  0.001ms per_group= 0.001ms)
[pe] round=186 work=        3 frontier=        8 next=        2 consolidate=  0.003ms frontier=  0.000ms semisort=  0.002ms (keyed= 0.000ms group_by=  0.000ms per_group= 0.001ms)
[pe] round=187 work=        2 frontier=        8 next=        2 consolidate=  0.003ms frontier=  0.000ms semisort=  0.002ms (keyed= 0.000ms group_by=  0.000ms per_group= 0.001ms)
[pe] round=188 work=        2 frontier=        4 next=        2 consolidate=  0.002ms frontier=  0.000ms semisort=  0.002ms (keyed= 0.000ms group_by=  0.000ms per_group= 0.001ms)
[pe] round=189 work=        2 frontier=       26 next=        3 consolidate=  0.002ms frontier=  0.000ms semisort=  0.004ms (keyed= 0.000ms group_by=  0.001ms per_group= 0.001ms)
[pe] round=190 work=        3 frontier=        8 next=        2 consolidate=  0.003ms frontier=  0.000ms semisort=  0.002ms (keyed= 0.000ms group_by=  0.000ms per_group= 0.001ms)
[pe] round=191 work=        2 frontier=        8 next=        2 consolidate=  0.002ms frontier=  0.000ms semisort=  0.002ms (keyed= 0.000ms group_by=  0.000ms per_group= 0.001ms)
[pe] round=192 work=        2 frontier=        4 next=        2 consolidate=  0.002ms frontier=  0.000ms semisort=  0.002ms (keyed= 0.000ms group_by=  0.000ms per_group= 0.001ms)
[pe] round=193 work=        2 frontier=       26 next=        3 consolidate=  0.003ms frontier=  0.001ms semisort=  0.004ms (keyed= 0.000ms group_by=  0.001ms per_group= 0.002ms)
[pe] round=194 work=        3 frontier=        8 next=        2 consolidate=  0.004ms frontier=  0.000ms semisort=  0.002ms (keyed= 0.000ms group_by=  0.000ms per_group= 0.001ms)
[pe] round=195 work=        2 frontier=        8 next=        2 consolidate=  0.003ms frontier=  0.000ms semisort=  0.002ms (keyed= 0.000ms group_by=  0.000ms per_group= 0.001ms)
[pe] round=196 work=        2 frontier=        4 next=        2 consolidate=  0.002ms frontier=  0.000ms semisort=  0.002ms (keyed= 0.000ms group_by=  0.000ms per_group= 0.001ms)
[pe] round=197 work=        2 frontier=       26 next=        3 consolidate=  0.002ms frontier=  0.000ms semisort=  0.004ms (keyed= 0.000ms group_by=  0.001ms per_group= 0.001ms)
[pe] round=198 work=        3 frontier=        8 next=        2 consolidate=  0.003ms frontier=  0.000ms semisort=  0.002ms (keyed= 0.000ms group_by=  0.001ms per_group= 0.001ms)
[pe] round=199 work=        2 frontier=        8 next=        2 consolidate=  0.002ms frontier=  0.000ms semisort=  0.002ms (keyed= 0.000ms group_by=  0.000ms per_group= 0.001ms)
[pe] round=200 work=        2 frontier=        4 next=        2 consolidate=  0.002ms frontier=  0.000ms semisort=  0.002ms (keyed= 0.000ms group_by=  0.000ms per_group= 0.001ms)
[pe] round=201 work=        2 frontier=       26 next=        3 consolidate=  0.002ms frontier=  0.000ms semisort=  0.005ms (keyed= 0.000ms group_by=  0.001ms per_group= 0.001ms)
[pe] round=202 work=        3 frontier=        8 next=        2 consolidate=  0.003ms frontier=  0.000ms semisort=  0.002ms (keyed= 0.000ms group_by=  0.000ms per_group= 0.001ms)
[pe] round=203 work=        2 frontier=        8 next=        2 consolidate=  0.002ms frontier=  0.000ms semisort=  0.002ms (keyed= 0.000ms group_by=  0.000ms per_group= 0.001ms)
[pe] round=204 work=        2 frontier=        4 next=        2 consolidate=  0.003ms frontier=  0.000ms semisort=  0.002ms (keyed= 0.000ms group_by=  0.000ms per_group= 0.001ms)
[pe] round=205 work=        2 frontier=       26 next=        3 consolidate=  0.002ms frontier=  0.000ms semisort=  0.005ms (keyed= 0.000ms group_by=  0.001ms per_group= 0.002ms)
[pe] round=206 work=        3 frontier=        8 next=        2 consolidate=  0.003ms frontier=  0.000ms semisort=  0.002ms (keyed= 0.000ms group_by=  0.000ms per_group= 0.001ms)
[pe] round=207 work=        2 frontier=        8 next=        2 consolidate=  0.003ms frontier=  0.000ms semisort=  0.002ms (keyed= 0.000ms group_by=  0.000ms per_group= 0.001ms)
[pe] round=208 work=        2 frontier=        4 next=        2 consolidate=  0.003ms frontier=  0.000ms semisort=  0.002ms (keyed= 0.000ms group_by=  0.000ms per_group= 0.001ms)
[pe] round=209 work=        2 frontier=       26 next=        3 consolidate=  0.002ms frontier=  0.000ms semisort=  0.005ms (keyed= 0.000ms group_by=  0.001ms per_group= 0.002ms)
[pe] round=210 work=        3 frontier=        8 next=        2 consolidate=  0.003ms frontier=  0.000ms semisort=  0.002ms (keyed= 0.000ms group_by=  0.000ms per_group= 0.001ms)
[pe] round=211 work=        2 frontier=        8 next=        2 consolidate=  0.002ms frontier=  0.000ms semisort=  0.002ms (keyed= 0.000ms group_by=  0.000ms per_group= 0.001ms)
[pe] round=212 work=        2 frontier=        4 next=        2 consolidate=  0.002ms frontier=  0.000ms semisort=  0.002ms (keyed= 0.000ms group_by=  0.000ms per_group= 0.001ms)
[pe] round=213 work=        2 frontier=       26 next=        3 consolidate=  0.002ms frontier=  0.000ms semisort=  0.005ms (keyed= 0.000ms group_by=  0.001ms per_group= 0.001ms)
[pe] round=214 work=        3 frontier=        8 next=        2 consolidate=  0.003ms frontier=  0.000ms semisort=  0.002ms (keyed= 0.000ms group_by=  0.000ms per_group= 0.001ms)
[pe] round=215 work=        2 frontier=        8 next=        2 consolidate=  0.002ms frontier=  0.000ms semisort=  0.002ms (keyed= 0.000ms group_by=  0.000ms per_group= 0.001ms)
[pe] round=216 work=        2 frontier=        4 next=        2 consolidate=  0.002ms frontier=  0.000ms semisort=  0.002ms (keyed= 0.000ms group_by=  0.000ms per_group= 0.001ms)
[pe] round=217 work=        2 frontier=       26 next=        3 consolidate=  0.002ms frontier=  0.000ms semisort=  0.004ms (keyed= 0.000ms group_by=  0.001ms per_group= 0.001ms)
[pe] round=218 work=        3 frontier=        8 next=        2 consolidate=  0.003ms frontier=  0.000ms semisort=  0.003ms (keyed= 0.000ms group_by=  0.001ms per_group= 0.001ms)
[pe] round=219 work=        2 frontier=        8 next=        2 consolidate=  0.002ms frontier=  0.000ms semisort=  0.002ms (keyed= 0.000ms group_by=  0.000ms per_group= 0.001ms)
[pe] round=220 work=        2 frontier=        4 next=        2 consolidate=  0.002ms frontier=  0.000ms semisort=  0.002ms (keyed= 0.000ms group_by=  0.000ms per_group= 0.001ms)
[pe] round=221 work=        2 frontier=       26 next=        3 consolidate=  0.002ms frontier=  0.000ms semisort=  0.004ms (keyed= 0.000ms group_by=  0.001ms per_group= 0.001ms)
[pe] round=222 work=        3 frontier=        8 next=        2 consolidate=  0.003ms frontier=  0.000ms semisort=  0.002ms (keyed= 0.000ms group_by=  0.000ms per_group= 0.001ms)
[pe] round=223 work=        2 frontier=        8 next=        2 consolidate=  0.002ms frontier=  0.000ms semisort=  0.002ms (keyed= 0.000ms group_by=  0.000ms per_group= 0.001ms)
[pe] round=224 work=        2 frontier=        4 next=        2 consolidate=  0.002ms frontier=  0.000ms semisort=  0.002ms (keyed= 0.000ms group_by=  0.000ms per_group= 0.001ms)
[pe] round=225 work=        2 frontier=       26 next=        3 consolidate=  0.002ms frontier=  0.000ms semisort=  0.004ms (keyed= 0.000ms group_by=  0.001ms per_group= 0.002ms)
[pe] round=226 work=        3 frontier=        8 next=        2 consolidate=  0.003ms frontier=  0.000ms semisort=  0.002ms (keyed= 0.000ms group_by=  0.000ms per_group= 0.001ms)
[pe] round=227 work=        2 frontier=        8 next=        2 consolidate=  0.002ms frontier=  0.000ms semisort=  0.002ms (keyed= 0.000ms group_by=  0.000ms per_group= 0.001ms)
[pe] round=228 work=        2 frontier=        4 next=        2 consolidate=  0.002ms frontier=  0.000ms semisort=  0.002ms (keyed= 0.000ms group_by=  0.000ms per_group= 0.001ms)
[pe] round=229 work=        2 frontier=       26 next=        3 consolidate=  0.002ms frontier=  0.000ms semisort=  0.004ms (keyed= 0.000ms group_by=  0.001ms per_group= 0.001ms)
[pe] round=230 work=        3 frontier=        8 next=        2 consolidate=  0.003ms frontier=  0.000ms semisort=  0.002ms (keyed= 0.000ms group_by=  0.000ms per_group= 0.001ms)
[pe] round=231 work=        2 frontier=        8 next=        2 consolidate=  0.002ms frontier=  0.000ms semisort=  0.002ms (keyed= 0.000ms group_by=  0.000ms per_group= 0.001ms)
[pe] round=232 work=        2 frontier=        4 next=        2 consolidate=  0.002ms frontier=  0.000ms semisort=  0.002ms (keyed= 0.000ms group_by=  0.000ms per_group= 0.001ms)
[pe] round=233 work=        2 frontier=       26 next=        3 consolidate=  0.002ms frontier=  0.000ms semisort=  0.004ms (keyed= 0.000ms group_by=  0.001ms per_group= 0.001ms)
[pe] round=234 work=        3 frontier=        8 next=        2 consolidate=  0.003ms frontier=  0.000ms semisort=  0.002ms (keyed= 0.000ms group_by=  0.000ms per_group= 0.001ms)
[pe] round=235 work=        2 frontier=        8 next=        2 consolidate=  0.002ms frontier=  0.000ms semisort=  0.002ms (keyed= 0.000ms group_by=  0.000ms per_group= 0.001ms)
[pe] round=236 work=        2 frontier=        4 next=        2 consolidate=  0.002ms frontier=  0.000ms semisort=  0.002ms (keyed= 0.000ms group_by=  0.000ms per_group= 0.001ms)
[pe] round=237 work=        2 frontier=       26 next=        3 consolidate=  0.002ms frontier=  0.000ms semisort=  0.004ms (keyed= 0.000ms group_by=  0.001ms per_group= 0.001ms)
[pe] round=238 work=        3 frontier=        8 next=        2 consolidate=  0.003ms frontier=  0.000ms semisort=  0.002ms (keyed= 0.000ms group_by=  0.000ms per_group= 0.001ms)
[pe] round=239 work=        2 frontier=        8 next=        2 consolidate=  0.002ms frontier=  0.000ms semisort=  0.002ms (keyed= 0.000ms group_by=  0.000ms per_group= 0.001ms)
[pe] round=240 work=        2 frontier=        4 next=        2 consolidate=  0.002ms frontier=  0.000ms semisort=  0.002ms (keyed= 0.000ms group_by=  0.000ms per_group= 0.001ms)
[pe] round=241 work=        2 frontier=       26 next=        3 consolidate=  0.002ms frontier=  0.000ms semisort=  0.005ms (keyed= 0.000ms group_by=  0.001ms per_group= 0.001ms)
[pe] round=242 work=        3 frontier=        8 next=        2 consolidate=  0.003ms frontier=  0.000ms semisort=  0.003ms (keyed= 0.000ms group_by=  0.000ms per_group= 0.001ms)
[pe] round=243 work=        2 frontier=        8 next=        2 consolidate=  0.002ms frontier=  0.000ms semisort=  0.002ms (keyed= 0.000ms group_by=  0.000ms per_group= 0.001ms)
[pe] round=244 work=        2 frontier=        4 next=        2 consolidate=  0.002ms frontier=  0.000ms semisort=  0.002ms (keyed= 0.000ms group_by=  0.000ms per_group= 0.001ms)
[pe] round=245 work=        2 frontier=       26 next=        3 consolidate=  0.002ms frontier=  0.000ms semisort=  0.004ms (keyed= 0.000ms group_by=  0.001ms per_group= 0.001ms)
[pe] round=246 work=        3 frontier=        8 next=        2 consolidate=  0.003ms frontier=  0.000ms semisort=  0.002ms (keyed= 0.000ms group_by=  0.000ms per_group= 0.001ms)
[pe] round=247 work=        2 frontier=        8 next=        2 consolidate=  0.002ms frontier=  0.000ms semisort=  0.002ms (keyed= 0.000ms group_by=  0.000ms per_group= 0.001ms)
[pe] round=248 work=        2 frontier=        4 next=        2 consolidate=  0.002ms frontier=  0.000ms semisort=  0.002ms (keyed= 0.000ms group_by=  0.000ms per_group= 0.001ms)
[pe] round=249 work=        2 frontier=       26 next=        3 consolidate=  0.002ms frontier=  0.000ms semisort=  0.005ms (keyed= 0.000ms group_by=  0.001ms per_group= 0.001ms)
[pe] round=250 work=        3 frontier=        8 next=        2 consolidate=  0.003ms frontier=  0.000ms semisort=  0.002ms (keyed= 0.000ms group_by=  0.000ms per_group= 0.001ms)
[pe] round=251 work=        2 frontier=        8 next=        2 consolidate=  0.002ms frontier=  0.000ms semisort=  0.002ms (keyed= 0.000ms group_by=  0.000ms per_group= 0.001ms)
[pe] round=252 work=        2 frontier=        4 next=        2 consolidate=  0.002ms frontier=  0.000ms semisort=  0.002ms (keyed= 0.000ms group_by=  0.000ms per_group= 0.001ms)
[pe] round=253 work=        2 frontier=       26 next=        3 consolidate=  0.002ms frontier=  0.000ms semisort=  0.005ms (keyed= 0.000ms group_by=  0.001ms per_group= 0.001ms)
[pe] round=254 work=        3 frontier=        8 next=        2 consolidate=  0.003ms frontier=  0.000ms semisort=  0.003ms (keyed= 0.000ms group_by=  0.001ms per_group= 0.001ms)
[pe] round=255 work=        2 frontier=        8 next=        2 consolidate=  0.002ms frontier=  0.000ms semisort=  0.003ms (keyed= 0.000ms group_by=  0.000ms per_group= 0.001ms)
[pe] round=256 work=        2 frontier=        4 next=        2 consolidate=  0.002ms frontier=  0.000ms semisort=  0.002ms (keyed= 0.000ms group_by=  0.000ms per_group= 0.001ms)
[pe] round=257 work=        2 frontier=       18 next=        2 consolidate=  0.002ms frontier=  0.000ms semisort=  0.004ms (keyed= 0.000ms group_by=  0.001ms per_group= 0.002ms)
[pe] round=258 work=        2 frontier=        4 next=        0 consolidate=  0.002ms frontier=  0.000ms semisort=  0.002ms (keyed= 0.000ms group_by=  0.000ms per_group= 0.001ms)
[pe] round=  0 work= 10493552 frontier=  5437767 next=    24065 consolidate=3699.175ms frontier=388.180ms semisort=1095.039ms (keyed=147.033ms group_by= 21.316ms per_group=344.521ms)
[pe] round=  1 work=    24065 frontier=   237543 next=    16558 consolidate= 27.505ms frontier=  1.176ms semisort= 56.926ms (keyed= 0.791ms group_by= 30.896ms per_group= 9.408ms)
[pe] round=  2 work=    16558 frontier=    56774 next=     1307 consolidate= 17.247ms frontier=  0.768ms semisort= 13.604ms (keyed= 0.109ms group_by=  7.380ms per_group= 1.483ms)
[pe] round=  3 work=     1307 frontier=    29389 next=      920 consolidate=  1.369ms frontier=  0.047ms semisort=  5.981ms (keyed= 0.060ms group_by=  3.475ms per_group= 0.687ms)
[pe] round=  4 work=      920 frontier=    12744 next=     1826 consolidate=  0.939ms frontier=  0.029ms semisort=  3.401ms (keyed= 0.024ms group_by=  1.513ms per_group= 0.918ms)
[pe] round=  5 work=     1826 frontier=     7383 next=      421 consolidate=  1.723ms frontier=  0.054ms semisort=  1.610ms (keyed= 0.018ms group_by=  0.675ms per_group= 0.264ms)
[pe] round=  6 work=      421 frontier=     1777 next=      150 consolidate=  0.439ms frontier=  0.013ms semisort=  0.267ms (keyed= 0.003ms group_by=  0.083ms per_group= 0.060ms)
[pe] round=  7 work=      150 frontier=      328 next=      115 consolidate=  0.137ms frontier=  0.005ms semisort=  0.068ms (keyed= 0.001ms group_by=  0.019ms per_group= 0.029ms)
[pe] round=  8 work=      115 frontier=     1774 next=      138 consolidate=  0.114ms frontier=  0.006ms semisort=  0.225ms (keyed= 0.002ms group_by=  0.071ms per_group= 0.054ms)
[pe] round=  9 work=      138 frontier=      912 next=       39 consolidate=  0.133ms frontier=  0.005ms semisort=  0.106ms (keyed= 0.001ms group_by=  0.037ms per_group= 0.023ms)
[pe] round= 10 work=       39 frontier=      124 next=       38 consolidate=  0.036ms frontier=  0.002ms semisort=  0.025ms (keyed= 0.000ms group_by=  0.006ms per_group= 0.010ms)
[pe] round= 11 work=       38 frontier=      670 next=       40 consolidate=  0.037ms frontier=  0.002ms semisort=  0.082ms (keyed= 0.001ms group_by=  0.027ms per_group= 0.020ms)
[pe] round= 12 work=       40 frontier=      279 next=       16 consolidate=  0.039ms frontier=  0.002ms semisort=  0.033ms (keyed= 0.001ms group_by=  0.012ms per_group= 0.009ms)
[pe] round= 13 work=       16 frontier=       67 next=       13 consolidate=  0.016ms frontier=  0.001ms semisort=  0.013ms (keyed= 0.000ms group_by=  0.003ms per_group= 0.005ms)
[pe] round= 14 work=       13 frontier=      333 next=       12 consolidate=  0.014ms frontier=  0.001ms semisort=  0.040ms (keyed= 0.001ms group_by=  0.011ms per_group= 0.012ms)
[pe] round= 15 work=       12 frontier=      124 next=        5 consolidate=  0.013ms frontier=  0.001ms semisort=  0.016ms (keyed= 0.000ms group_by=  0.005ms per_group= 0.004ms)
[pe] round= 16 work=        5 frontier=       10 next=        5 consolidate=  0.006ms frontier=  0.001ms semisort=  0.004ms (keyed= 0.000ms group_by=  0.001ms per_group= 0.002ms)
[pe] round= 17 work=        5 frontier=      431 next=        6 consolidate=  0.006ms frontier=  0.001ms semisort=  0.042ms (keyed= 0.001ms group_by=  0.013ms per_group= 0.008ms)
[pe] round= 18 work=        6 frontier=      140 next=        4 consolidate=  0.006ms frontier=  0.001ms semisort=  0.015ms (keyed= 0.000ms group_by=  0.005ms per_group= 0.004ms)
[pe] round= 19 work=        4 frontier=       12 next=        3 consolidate=  0.005ms frontier=  0.001ms semisort=  0.004ms (keyed= 0.000ms group_by=  0.001ms per_group= 0.001ms)
[pe] round= 20 work=        3 frontier=        6 next=        3 consolidate=  0.003ms frontier=  0.001ms semisort=  0.003ms (keyed= 0.000ms group_by=  0.000ms per_group= 0.001ms)
[pe] round= 21 work=        3 frontier=       39 next=        4 consolidate=  0.004ms frontier=  0.001ms semisort=  0.008ms (keyed= 0.000ms group_by=  0.002ms per_group= 0.002ms)
[pe] round= 22 work=        4 frontier=       12 next=        3 consolidate=  0.005ms frontier=  0.001ms semisort=  0.004ms (keyed= 0.000ms group_by=  0.001ms per_group= 0.001ms)
[pe] round= 23 work=        3 frontier=       12 next=        3 consolidate=  0.003ms frontier=  0.001ms semisort=  0.003ms (keyed= 0.000ms group_by=  0.000ms per_group= 0.001ms)
[pe] round= 24 work=        3 frontier=        6 next=        3 consolidate=  0.003ms frontier=  0.000ms semisort=  0.002ms (keyed= 0.000ms group_by=  0.000ms per_group= 0.001ms)
[pe] round= 25 work=        3 frontier=       37 next=        5 consolidate=  0.004ms frontier=  0.000ms semisort=  0.008ms (keyed= 0.000ms group_by=  0.002ms per_group= 0.002ms)
[pe] round= 26 work=        5 frontier=       15 next=        2 consolidate=  0.006ms frontier=  0.001ms semisort=  0.004ms (keyed= 0.000ms group_by=  0.001ms per_group= 0.001ms)
[pe] round= 27 work=        2 frontier=        8 next=        2 consolidate=  0.003ms frontier=  0.000ms semisort=  0.003ms (keyed= 0.000ms group_by=  0.000ms per_group= 0.001ms)
[pe] round= 28 work=        2 frontier=        4 next=        2 consolidate=  0.003ms frontier=  0.000ms semisort=  0.002ms (keyed= 0.000ms group_by=  0.000ms per_group= 0.001ms)
[pe] round= 29 work=        2 frontier=       26 next=        3 consolidate=  0.003ms frontier=  0.000ms semisort=  0.006ms (keyed= 0.000ms group_by=  0.001ms per_group= 0.002ms)
[pe] round= 30 work=        3 frontier=        8 next=        2 consolidate=  0.004ms frontier=  0.000ms semisort=  0.003ms (keyed= 0.000ms group_by=  0.000ms per_group= 0.001ms)
[pe] round= 31 work=        2 frontier=        8 next=        2 consolidate=  0.003ms frontier=  0.000ms semisort=  0.003ms (keyed= 0.000ms group_by=  0.000ms per_group= 0.001ms)
[pe] round= 32 work=        2 frontier=        4 next=        2 consolidate=  0.003ms frontier=  0.000ms semisort=  0.002ms (keyed= 0.000ms group_by=  0.000ms per_group= 0.001ms)
[pe] round= 33 work=        2 frontier=       26 next=        3 consolidate=  0.003ms frontier=  0.000ms semisort=  0.005ms (keyed= 0.000ms group_by=  0.001ms per_group= 0.002ms)
[pe] round= 34 work=        3 frontier=        8 next=        2 consolidate=  0.003ms frontier=  0.000ms semisort=  0.003ms (keyed= 0.000ms group_by=  0.000ms per_group= 0.001ms)
[pe] round= 35 work=        2 frontier=        8 next=        2 consolidate=  0.003ms frontier=  0.000ms semisort=  0.002ms (keyed= 0.000ms group_by=  0.000ms per_group= 0.001ms)
[pe] round= 36 work=        2 frontier=        4 next=        2 consolidate=  0.002ms frontier=  0.000ms semisort=  0.002ms (keyed= 0.000ms group_by=  0.000ms per_group= 0.001ms)
[pe] round= 37 work=        2 frontier=       26 next=        3 consolidate=  0.003ms frontier=  0.000ms semisort=  0.005ms (keyed= 0.000ms group_by=  0.001ms per_group= 0.002ms)
[pe] round= 38 work=        3 frontier=        8 next=        2 consolidate=  0.003ms frontier=  0.000ms semisort=  0.002ms (keyed= 0.000ms group_by=  0.000ms per_group= 0.001ms)
[pe] round= 39 work=        2 frontier=        8 next=        2 consolidate=  0.003ms frontier=  0.000ms semisort=  0.003ms (keyed= 0.000ms group_by=  0.000ms per_group= 0.001ms)
[pe] round= 40 work=        2 frontier=        4 next=        2 consolidate=  0.003ms frontier=  0.000ms semisort=  0.002ms (keyed= 0.000ms group_by=  0.000ms per_group= 0.001ms)
[pe] round= 41 work=        2 frontier=       26 next=        3 consolidate=  0.002ms frontier=  0.000ms semisort=  0.005ms (keyed= 0.000ms group_by=  0.001ms per_group= 0.002ms)
[pe] round= 42 work=        3 frontier=        8 next=        2 consolidate=  0.003ms frontier=  0.000ms semisort=  0.003ms (keyed= 0.000ms group_by=  0.000ms per_group= 0.001ms)
[pe] round= 43 work=        2 frontier=        8 next=        2 consolidate=  0.003ms frontier=  0.000ms semisort=  0.002ms (keyed= 0.000ms group_by=  0.000ms per_group= 0.001ms)
[pe] round= 44 work=        2 frontier=        4 next=        2 consolidate=  0.003ms frontier=  0.000ms semisort=  0.002ms (keyed= 0.000ms group_by=  0.000ms per_group= 0.001ms)
[pe] round= 45 work=        2 frontier=       26 next=        3 consolidate=  0.003ms frontier=  0.000ms semisort=  0.005ms (keyed= 0.000ms group_by=  0.001ms per_group= 0.002ms)
[pe] round= 46 work=        3 frontier=        8 next=        2 consolidate=  0.004ms frontier=  0.000ms semisort=  0.002ms (keyed= 0.000ms group_by=  0.000ms per_group= 0.001ms)
[pe] round= 47 work=        2 frontier=        8 next=        2 consolidate=  0.003ms frontier=  0.000ms semisort=  0.003ms (keyed= 0.000ms group_by=  0.001ms per_group= 0.001ms)
[pe] round= 48 work=        2 frontier=        4 next=        2 consolidate=  0.003ms frontier=  0.000ms semisort=  0.002ms (keyed= 0.000ms group_by=  0.000ms per_group= 0.001ms)
[pe] round= 49 work=        2 frontier=       26 next=        3 consolidate=  0.003ms frontier=  0.000ms semisort=  0.005ms (keyed= 0.000ms group_by=  0.001ms per_group= 0.002ms)
[pe] round= 50 work=        3 frontier=        8 next=        2 consolidate=  0.003ms frontier=  0.000ms semisort=  0.003ms (keyed= 0.000ms group_by=  0.001ms per_group= 0.001ms)
[pe] round= 51 work=        2 frontier=        8 next=        2 consolidate=  0.003ms frontier=  0.000ms semisort=  0.002ms (keyed= 0.000ms group_by=  0.000ms per_group= 0.001ms)
[pe] round= 52 work=        2 frontier=        4 next=        2 consolidate=  0.003ms frontier=  0.000ms semisort=  0.002ms (keyed= 0.000ms group_by=  0.000ms per_group= 0.001ms)
[pe] round= 53 work=        2 frontier=       26 next=        3 consolidate=  0.003ms frontier=  0.000ms semisort=  0.005ms (keyed= 0.000ms group_by=  0.001ms per_group= 0.002ms)
[pe] round= 54 work=        3 frontier=        8 next=        2 consolidate=  0.003ms frontier=  0.000ms semisort=  0.003ms (keyed= 0.000ms group_by=  0.000ms per_group= 0.001ms)
[pe] round= 55 work=        2 frontier=        8 next=        2 consolidate=  0.003ms frontier=  0.000ms semisort=  0.002ms (keyed= 0.000ms group_by=  0.000ms per_group= 0.001ms)
[pe] round= 56 work=        2 frontier=        4 next=        2 consolidate=  0.003ms frontier=  0.000ms semisort=  0.002ms (keyed= 0.000ms group_by=  0.000ms per_group= 0.001ms)
[pe] round= 57 work=        2 frontier=       26 next=        3 consolidate=  0.002ms frontier=  0.000ms semisort=  0.005ms (keyed= 0.000ms group_by=  0.001ms per_group= 0.001ms)
[pe] round= 58 work=        3 frontier=        8 next=        2 consolidate=  0.003ms frontier=  0.000ms semisort=  0.002ms (keyed= 0.000ms group_by=  0.000ms per_group= 0.001ms)
[pe] round= 59 work=        2 frontier=        8 next=        2 consolidate=  0.002ms frontier=  0.000ms semisort=  0.002ms (keyed= 0.000ms group_by=  0.000ms per_group= 0.001ms)
[pe] round= 60 work=        2 frontier=        4 next=        2 consolidate=  0.003ms frontier=  0.000ms semisort=  0.002ms (keyed= 0.000ms group_by=  0.000ms per_group= 0.001ms)
[pe] round= 61 work=        2 frontier=       26 next=        3 consolidate=  0.003ms frontier=  0.000ms semisort=  0.005ms (keyed= 0.000ms group_by=  0.001ms per_group= 0.002ms)
[pe] round= 62 work=        3 frontier=        8 next=        2 consolidate=  0.004ms frontier=  0.000ms semisort=  0.003ms (keyed= 0.000ms group_by=  0.001ms per_group= 0.001ms)
[pe] round= 63 work=        2 frontier=        8 next=        2 consolidate=  0.003ms frontier=  0.000ms semisort=  0.002ms (keyed= 0.000ms group_by=  0.000ms per_group= 0.001ms)
[pe] round= 64 work=        2 frontier=        4 next=        2 consolidate=  0.002ms frontier=  0.000ms semisort=  0.002ms (keyed= 0.000ms group_by=  0.000ms per_group= 0.001ms)
[pe] round= 65 work=        2 frontier=       26 next=        3 consolidate=  0.003ms frontier=  0.000ms semisort=  0.005ms (keyed= 0.000ms group_by=  0.001ms per_group= 0.001ms)
[pe] round= 66 work=        3 frontier=        8 next=        2 consolidate=  0.003ms frontier=  0.000ms semisort=  0.003ms (keyed= 0.000ms group_by=  0.000ms per_group= 0.001ms)
[pe] round= 67 work=        2 frontier=        8 next=        2 consolidate=  0.002ms frontier=  0.000ms semisort=  0.002ms (keyed= 0.000ms group_by=  0.000ms per_group= 0.001ms)
[pe] round= 68 work=        2 frontier=        4 next=        2 consolidate=  0.002ms frontier=  0.000ms semisort=  0.002ms (keyed= 0.000ms group_by=  0.000ms per_group= 0.001ms)
[pe] round= 69 work=        2 frontier=       26 next=        3 consolidate=  0.002ms frontier=  0.000ms semisort=  0.005ms (keyed= 0.000ms group_by=  0.001ms per_group= 0.001ms)
[pe] round= 70 work=        3 frontier=        8 next=        2 consolidate=  0.004ms frontier=  0.000ms semisort=  0.003ms (keyed= 0.000ms group_by=  0.001ms per_group= 0.001ms)
[pe] round= 71 work=        2 frontier=        8 next=        2 consolidate=  0.003ms frontier=  0.000ms semisort=  0.002ms (keyed= 0.000ms group_by=  0.000ms per_group= 0.001ms)
[pe] round= 72 work=        2 frontier=        4 next=        2 consolidate=  0.003ms frontier=  0.000ms semisort=  0.002ms (keyed= 0.000ms group_by=  0.000ms per_group= 0.001ms)
[pe] round= 73 work=        2 frontier=       26 next=        3 consolidate=  0.003ms frontier=  0.000ms semisort=  0.005ms (keyed= 0.000ms group_by=  0.001ms per_group= 0.002ms)
[pe] round= 74 work=        3 frontier=        8 next=        2 consolidate=  0.003ms frontier=  0.000ms semisort=  0.003ms (keyed= 0.000ms group_by=  0.000ms per_group= 0.001ms)
[pe] round= 75 work=        2 frontier=        8 next=        2 consolidate=  0.002ms frontier=  0.000ms semisort=  0.002ms (keyed= 0.000ms group_by=  0.000ms per_group= 0.001ms)
[pe] round= 76 work=        2 frontier=        4 next=        2 consolidate=  0.003ms frontier=  0.000ms semisort=  0.002ms (keyed= 0.000ms group_by=  0.000ms per_group= 0.001ms)
[pe] round= 77 work=        2 frontier=       26 next=        3 consolidate=  0.003ms frontier=  0.000ms semisort=  0.005ms (keyed= 0.000ms group_by=  0.001ms per_group= 0.002ms)
[pe] round= 78 work=        3 frontier=        8 next=        2 consolidate=  0.004ms frontier=  0.000ms semisort=  0.003ms (keyed= 0.000ms group_by=  0.000ms per_group= 0.001ms)
[pe] round= 79 work=        2 frontier=        8 next=        2 consolidate=  0.003ms frontier=  0.000ms semisort=  0.003ms (keyed= 0.000ms group_by=  0.000ms per_group= 0.001ms)
[pe] round= 80 work=        2 frontier=        4 next=        2 consolidate=  0.002ms frontier=  0.000ms semisort=  0.002ms (keyed= 0.000ms group_by=  0.000ms per_group= 0.001ms)
[pe] round= 81 work=        2 frontier=       26 next=        3 consolidate=  0.003ms frontier=  0.000ms semisort=  0.005ms (keyed= 0.000ms group_by=  0.001ms per_group= 0.002ms)
[pe] round= 82 work=        3 frontier=        8 next=        2 consolidate=  0.003ms frontier=  0.000ms semisort=  0.003ms (keyed= 0.000ms group_by=  0.000ms per_group= 0.001ms)
[pe] round= 83 work=        2 frontier=        8 next=        2 consolidate=  0.002ms frontier=  0.000ms semisort=  0.002ms (keyed= 0.000ms group_by=  0.000ms per_group= 0.001ms)
[pe] round= 84 work=        2 frontier=        4 next=        2 consolidate=  0.002ms frontier=  0.000ms semisort=  0.002ms (keyed= 0.000ms group_by=  0.000ms per_group= 0.001ms)
[pe] round= 85 work=        2 frontier=       26 next=        3 consolidate=  0.003ms frontier=  0.000ms semisort=  0.005ms (keyed= 0.000ms group_by=  0.001ms per_group= 0.001ms)
[pe] round= 86 work=        3 frontier=        8 next=        2 consolidate=  0.004ms frontier=  0.000ms semisort=  0.003ms (keyed= 0.000ms group_by=  0.000ms per_group= 0.001ms)
[pe] round= 87 work=        2 frontier=        8 next=        2 consolidate=  0.003ms frontier=  0.000ms semisort=  0.002ms (keyed= 0.000ms group_by=  0.000ms per_group= 0.001ms)
[pe] round= 88 work=        2 frontier=        4 next=        2 consolidate=  0.002ms frontier=  0.000ms semisort=  0.002ms (keyed= 0.000ms group_by=  0.000ms per_group= 0.001ms)
[pe] round= 89 work=        2 frontier=       26 next=        3 consolidate=  0.003ms frontier=  0.000ms semisort=  0.005ms (keyed= 0.000ms group_by=  0.001ms per_group= 0.001ms)
[pe] round= 90 work=        3 frontier=        8 next=        2 consolidate=  0.003ms frontier=  0.000ms semisort=  0.003ms (keyed= 0.000ms group_by=  0.000ms per_group= 0.001ms)
[pe] round= 91 work=        2 frontier=        8 next=        2 consolidate=  0.003ms frontier=  0.000ms semisort=  0.002ms (keyed= 0.000ms group_by=  0.000ms per_group= 0.001ms)
[pe] round= 92 work=        2 frontier=        4 next=        2 consolidate=  0.003ms frontier=  0.000ms semisort=  0.002ms (keyed= 0.000ms group_by=  0.000ms per_group= 0.001ms)
[pe] round= 93 work=        2 frontier=       26 next=        3 consolidate=  0.003ms frontier=  0.000ms semisort=  0.005ms (keyed= 0.000ms group_by=  0.001ms per_group= 0.001ms)
[pe] round= 94 work=        3 frontier=        8 next=        2 consolidate=  0.004ms frontier=  0.000ms semisort=  0.003ms (keyed= 0.000ms group_by=  0.000ms per_group= 0.001ms)
[pe] round= 95 work=        2 frontier=        8 next=        2 consolidate=  0.003ms frontier=  0.000ms semisort=  0.002ms (keyed= 0.000ms group_by=  0.000ms per_group= 0.001ms)
[pe] round= 96 work=        2 frontier=        4 next=        2 consolidate=  0.002ms frontier=  0.000ms semisort=  0.002ms (keyed= 0.000ms group_by=  0.000ms per_group= 0.001ms)
[pe] round= 97 work=        2 frontier=       26 next=        3 consolidate=  0.003ms frontier=  0.000ms semisort=  0.005ms (keyed= 0.000ms group_by=  0.001ms per_group= 0.002ms)
[pe] round= 98 work=        3 frontier=        8 next=        2 consolidate=  0.003ms frontier=  0.000ms semisort=  0.002ms (keyed= 0.000ms group_by=  0.000ms per_group= 0.001ms)
[pe] round= 99 work=        2 frontier=        8 next=        2 consolidate=  0.002ms frontier=  0.000ms semisort=  0.002ms (keyed= 0.000ms group_by=  0.000ms per_group= 0.001ms)
[pe] round=100 work=        2 frontier=        4 next=        2 consolidate=  0.002ms frontier=  0.000ms semisort=  0.002ms (keyed= 0.000ms group_by=  0.000ms per_group= 0.001ms)
[pe] round=101 work=        2 frontier=       26 next=        3 consolidate=  0.003ms frontier=  0.000ms semisort=  0.005ms (keyed= 0.000ms group_by=  0.001ms per_group= 0.001ms)
[pe] round=102 work=        3 frontier=        8 next=        2 consolidate=  0.004ms frontier=  0.000ms semisort=  0.002ms (keyed= 0.000ms group_by=  0.000ms per_group= 0.001ms)
[pe] round=103 work=        2 frontier=        8 next=        2 consolidate=  0.003ms frontier=  0.000ms semisort=  0.002ms (keyed= 0.000ms group_by=  0.000ms per_group= 0.001ms)
[pe] round=104 work=        2 frontier=        4 next=        2 consolidate=  0.002ms frontier=  0.000ms semisort=  0.002ms (keyed= 0.000ms group_by=  0.000ms per_group= 0.001ms)
[pe] round=105 work=        2 frontier=       26 next=        3 consolidate=  0.003ms frontier=  0.000ms semisort=  0.005ms (keyed= 0.000ms group_by=  0.001ms per_group= 0.001ms)
[pe] round=106 work=        3 frontier=        8 next=        2 consolidate=  0.003ms frontier=  0.000ms semisort=  0.003ms (keyed= 0.000ms group_by=  0.000ms per_group= 0.001ms)
[pe] round=107 work=        2 frontier=        8 next=        2 consolidate=  0.003ms frontier=  0.000ms semisort=  0.002ms (keyed= 0.000ms group_by=  0.000ms per_group= 0.001ms)
[pe] round=108 work=        2 frontier=        4 next=        2 consolidate=  0.003ms frontier=  0.000ms semisort=  0.002ms (keyed= 0.000ms group_by=  0.000ms per_group= 0.001ms)
[pe] round=109 work=        2 frontier=       26 next=        3 consolidate=  0.003ms frontier=  0.000ms semisort=  0.005ms (keyed= 0.000ms group_by=  0.001ms per_group= 0.001ms)
[pe] round=110 work=        3 frontier=        8 next=        2 consolidate=  0.003ms frontier=  0.000ms semisort=  0.003ms (keyed= 0.000ms group_by=  0.000ms per_group= 0.001ms)
[pe] round=111 work=        2 frontier=        8 next=        2 consolidate=  0.002ms frontier=  0.000ms semisort=  0.003ms (keyed= 0.000ms group_by=  0.000ms per_group= 0.001ms)
[pe] round=112 work=        2 frontier=        4 next=        2 consolidate=  0.003ms frontier=  0.000ms semisort=  0.002ms (keyed= 0.000ms group_by=  0.000ms per_group= 0.001ms)
[pe] round=113 work=        2 frontier=       26 next=        3 consolidate=  0.003ms frontier=  0.000ms semisort=  0.005ms (keyed= 0.000ms group_by=  0.001ms per_group= 0.001ms)
[pe] round=114 work=        3 frontier=        8 next=        2 consolidate=  0.003ms frontier=  0.000ms semisort=  0.003ms (keyed= 0.000ms group_by=  0.000ms per_group= 0.001ms)
[pe] round=115 work=        2 frontier=        8 next=        2 consolidate=  0.003ms frontier=  0.000ms semisort=  0.002ms (keyed= 0.000ms group_by=  0.000ms per_group= 0.001ms)
[pe] round=116 work=        2 frontier=        4 next=        2 consolidate=  0.002ms frontier=  0.000ms semisort=  0.002ms (keyed= 0.000ms group_by=  0.000ms per_group= 0.001ms)
[pe] round=117 work=        2 frontier=       26 next=        3 consolidate=  0.003ms frontier=  0.000ms semisort=  0.005ms (keyed= 0.000ms group_by=  0.001ms per_group= 0.001ms)
[pe] round=118 work=        3 frontier=        8 next=        2 consolidate=  0.004ms frontier=  0.000ms semisort=  0.003ms (keyed= 0.000ms group_by=  0.000ms per_group= 0.001ms)
[pe] round=119 work=        2 frontier=        8 next=        2 consolidate=  0.002ms frontier=  0.000ms semisort=  0.002ms (keyed= 0.000ms group_by=  0.000ms per_group= 0.001ms)
[pe] round=120 work=        2 frontier=        4 next=        2 consolidate=  0.003ms frontier=  0.000ms semisort=  0.008ms (keyed= 0.000ms group_by=  0.000ms per_group= 0.001ms)
[pe] round=121 work=        2 frontier=       26 next=        3 consolidate=  0.003ms frontier=  0.000ms semisort=  0.005ms (keyed= 0.000ms group_by=  0.001ms per_group= 0.002ms)
[pe] round=122 work=        3 frontier=        8 next=        2 consolidate=  0.003ms frontier=  0.000ms semisort=  0.002ms (keyed= 0.000ms group_by=  0.000ms per_group= 0.001ms)
[pe] round=123 work=        2 frontier=        8 next=        2 consolidate=  0.003ms frontier=  0.000ms semisort=  0.002ms (keyed= 0.000ms group_by=  0.000ms per_group= 0.001ms)
[pe] round=124 work=        2 frontier=        4 next=        2 consolidate=  0.002ms frontier=  0.000ms semisort=  0.002ms (keyed= 0.000ms group_by=  0.000ms per_group= 0.001ms)
[pe] round=125 work=        2 frontier=       26 next=        3 consolidate=  0.003ms frontier=  0.000ms semisort=  0.004ms (keyed= 0.000ms group_by=  0.001ms per_group= 0.001ms)
[pe] round=126 work=        3 frontier=        8 next=        2 consolidate=  0.003ms frontier=  0.000ms semisort=  0.002ms (keyed= 0.000ms group_by=  0.000ms per_group= 0.001ms)
[pe] round=127 work=        2 frontier=        8 next=        2 consolidate=  0.003ms frontier=  0.000ms semisort=  0.002ms (keyed= 0.000ms group_by=  0.000ms per_group= 0.001ms)
[pe] round=128 work=        2 frontier=        4 next=        2 consolidate=  0.002ms frontier=  0.000ms semisort=  0.002ms (keyed= 0.000ms group_by=  0.000ms per_group= 0.001ms)
[pe] round=129 work=        2 frontier=       26 next=        3 consolidate=  0.002ms frontier=  0.000ms semisort=  0.005ms (keyed= 0.000ms group_by=  0.001ms per_group= 0.001ms)
[pe] round=130 work=        3 frontier=        8 next=        2 consolidate=  0.003ms frontier=  0.000ms semisort=  0.002ms (keyed= 0.000ms group_by=  0.000ms per_group= 0.001ms)
[pe] round=131 work=        2 frontier=        8 next=        2 consolidate=  0.003ms frontier=  0.000ms semisort=  0.002ms (keyed= 0.000ms group_by=  0.000ms per_group= 0.001ms)
[pe] round=132 work=        2 frontier=        4 next=        2 consolidate=  0.002ms frontier=  0.000ms semisort=  0.002ms (keyed= 0.000ms group_by=  0.000ms per_group= 0.001ms)
[pe] round=133 work=        2 frontier=       26 next=        3 consolidate=  0.003ms frontier=  0.000ms semisort=  0.005ms (keyed= 0.000ms group_by=  0.001ms per_group= 0.002ms)
[pe] round=134 work=        3 frontier=        8 next=        2 consolidate=  0.003ms frontier=  0.000ms semisort=  0.003ms (keyed= 0.000ms group_by=  0.001ms per_group= 0.001ms)
[pe] round=135 work=        2 frontier=        8 next=        2 consolidate=  0.002ms frontier=  0.000ms semisort=  0.002ms (keyed= 0.000ms group_by=  0.000ms per_group= 0.001ms)
[pe] round=136 work=        2 frontier=        4 next=        2 consolidate=  0.002ms frontier=  0.000ms semisort=  0.002ms (keyed= 0.000ms group_by=  0.000ms per_group= 0.001ms)
[pe] round=137 work=        2 frontier=       26 next=        3 consolidate=  0.002ms frontier=  0.000ms semisort=  0.004ms (keyed= 0.000ms group_by=  0.001ms per_group= 0.001ms)
[pe] round=138 work=        3 frontier=        8 next=        2 consolidate=  0.003ms frontier=  0.000ms semisort=  0.002ms (keyed= 0.000ms group_by=  0.000ms per_group= 0.001ms)
[pe] round=139 work=        2 frontier=        8 next=        2 consolidate=  0.003ms frontier=  0.000ms semisort=  0.002ms (keyed= 0.000ms group_by=  0.000ms per_group= 0.001ms)
[pe] round=140 work=        2 frontier=        4 next=        2 consolidate=  0.002ms frontier=  0.000ms semisort=  0.002ms (keyed= 0.000ms group_by=  0.000ms per_group= 0.001ms)
[pe] round=141 work=        2 frontier=       26 next=        3 consolidate=  0.003ms frontier=  0.000ms semisort=  0.005ms (keyed= 0.000ms group_by=  0.001ms per_group= 0.001ms)
[pe] round=142 work=        3 frontier=        8 next=        2 consolidate=  0.003ms frontier=  0.000ms semisort=  0.002ms (keyed= 0.000ms group_by=  0.000ms per_group= 0.001ms)
[pe] round=143 work=        2 frontier=        8 next=        2 consolidate=  0.003ms frontier=  0.000ms semisort=  0.002ms (keyed= 0.000ms group_by=  0.000ms per_group= 0.001ms)
[pe] round=144 work=        2 frontier=        4 next=        2 consolidate=  0.002ms frontier=  0.000ms semisort=  0.002ms (keyed= 0.000ms group_by=  0.000ms per_group= 0.001ms)
[pe] round=145 work=        2 frontier=       26 next=        3 consolidate=  0.002ms frontier=  0.000ms semisort=  0.004ms (keyed= 0.000ms group_by=  0.001ms per_group= 0.001ms)
[pe] round=146 work=        3 frontier=        8 next=        2 consolidate=  0.003ms frontier=  0.000ms semisort=  0.002ms (keyed= 0.000ms group_by=  0.000ms per_group= 0.001ms)
[pe] round=147 work=        2 frontier=        8 next=        2 consolidate=  0.003ms frontier=  0.000ms semisort=  0.002ms (keyed= 0.000ms group_by=  0.000ms per_group= 0.001ms)
[pe] round=148 work=        2 frontier=        4 next=        2 consolidate=  0.002ms frontier=  0.000ms semisort=  0.002ms (keyed= 0.000ms group_by=  0.000ms per_group= 0.001ms)
[pe] round=149 work=        2 frontier=       26 next=        3 consolidate=  0.002ms frontier=  0.000ms semisort=  0.005ms (keyed= 0.000ms group_by=  0.001ms per_group= 0.001ms)
[pe] round=150 work=        3 frontier=        8 next=        2 consolidate=  0.003ms frontier=  0.000ms semisort=  0.002ms (keyed= 0.000ms group_by=  0.000ms per_group= 0.001ms)
[pe] round=151 work=        2 frontier=        8 next=        2 consolidate=  0.002ms frontier=  0.000ms semisort=  0.002ms (keyed= 0.000ms group_by=  0.000ms per_group= 0.001ms)
[pe] round=152 work=        2 frontier=        4 next=        2 consolidate=  0.002ms frontier=  0.000ms semisort=  0.002ms (keyed= 0.000ms group_by=  0.000ms per_group= 0.001ms)
[pe] round=153 work=        2 frontier=       26 next=        3 consolidate=  0.002ms frontier=  0.000ms semisort=  0.005ms (keyed= 0.000ms group_by=  0.001ms per_group= 0.001ms)
[pe] round=154 work=        3 frontier=        8 next=        2 consolidate=  0.003ms frontier=  0.000ms semisort=  0.002ms (keyed= 0.000ms group_by=  0.000ms per_group= 0.001ms)
[pe] round=155 work=        2 frontier=        8 next=        2 consolidate=  0.003ms frontier=  0.000ms semisort=  0.002ms (keyed= 0.000ms group_by=  0.000ms per_group= 0.001ms)
[pe] round=156 work=        2 frontier=        4 next=        2 consolidate=  0.002ms frontier=  0.000ms semisort=  0.002ms (keyed= 0.000ms group_by=  0.000ms per_group= 0.001ms)
[pe] round=157 work=        2 frontier=       26 next=        3 consolidate=  0.002ms frontier=  0.000ms semisort=  0.005ms (keyed= 0.000ms group_by=  0.001ms per_group= 0.001ms)
[pe] round=158 work=        3 frontier=        8 next=        2 consolidate=  0.003ms frontier=  0.000ms semisort=  0.002ms (keyed= 0.000ms group_by=  0.000ms per_group= 0.001ms)
[pe] round=159 work=        2 frontier=        8 next=        2 consolidate=  0.002ms frontier=  0.000ms semisort=  0.002ms (keyed= 0.000ms group_by=  0.000ms per_group= 0.001ms)
[pe] round=160 work=        2 frontier=        4 next=        2 consolidate=  0.002ms frontier=  0.000ms semisort=  0.002ms (keyed= 0.000ms group_by=  0.000ms per_group= 0.001ms)
[pe] round=161 work=        2 frontier=       26 next=        3 consolidate=  0.003ms frontier=  0.000ms semisort=  0.005ms (keyed= 0.000ms group_by=  0.001ms per_group= 0.001ms)
[pe] round=162 work=        3 frontier=        8 next=        2 consolidate=  0.003ms frontier=  0.000ms semisort=  0.003ms (keyed= 0.000ms group_by=  0.001ms per_group= 0.001ms)
[pe] round=163 work=        2 frontier=        8 next=        2 consolidate=  0.002ms frontier=  0.000ms semisort=  0.002ms (keyed= 0.000ms group_by=  0.000ms per_group= 0.001ms)
[pe] round=164 work=        2 frontier=        4 next=        2 consolidate=  0.002ms frontier=  0.000ms semisort=  0.002ms (keyed= 0.000ms group_by=  0.000ms per_group= 0.001ms)
[pe] round=165 work=        2 frontier=       26 next=        3 consolidate=  0.002ms frontier=  0.000ms semisort=  0.004ms (keyed= 0.000ms group_by=  0.001ms per_group= 0.001ms)
[pe] round=166 work=        3 frontier=        8 next=        2 consolidate=  0.003ms frontier=  0.000ms semisort=  0.002ms (keyed= 0.000ms group_by=  0.000ms per_group= 0.001ms)
[pe] round=167 work=        2 frontier=        8 next=        2 consolidate=  0.002ms frontier=  0.000ms semisort=  0.002ms (keyed= 0.000ms group_by=  0.000ms per_group= 0.001ms)
[pe] round=168 work=        2 frontier=        4 next=        2 consolidate=  0.002ms frontier=  0.000ms semisort=  0.002ms (keyed= 0.000ms group_by=  0.000ms per_group= 0.001ms)
[pe] round=169 work=        2 frontier=       26 next=        3 consolidate=  0.002ms frontier=  0.000ms semisort=  0.004ms (keyed= 0.000ms group_by=  0.001ms per_group= 0.001ms)
[pe] round=170 work=        3 frontier=        8 next=        2 consolidate=  0.003ms frontier=  0.000ms semisort=  0.002ms (keyed= 0.000ms group_by=  0.000ms per_group= 0.001ms)
[pe] round=171 work=        2 frontier=        8 next=        2 consolidate=  0.002ms frontier=  0.000ms semisort=  0.002ms (keyed= 0.000ms group_by=  0.000ms per_group= 0.001ms)
[pe] round=172 work=        2 frontier=        4 next=        2 consolidate=  0.002ms frontier=  0.000ms semisort=  0.002ms (keyed= 0.000ms group_by=  0.000ms per_group= 0.001ms)
[pe] round=173 work=        2 frontier=       26 next=        3 consolidate=  0.003ms frontier=  0.000ms semisort=  0.005ms (keyed= 0.000ms group_by=  0.001ms per_group= 0.002ms)
[pe] round=174 work=        3 frontier=        8 next=        2 consolidate=  0.003ms frontier=  0.000ms semisort=  0.002ms (keyed= 0.000ms group_by=  0.000ms per_group= 0.001ms)
[pe] round=175 work=        2 frontier=        8 next=        2 consolidate=  0.003ms frontier=  0.000ms semisort=  0.002ms (keyed= 0.000ms group_by=  0.000ms per_group= 0.001ms)
[pe] round=176 work=        2 frontier=        4 next=        2 consolidate=  0.002ms frontier=  0.000ms semisort=  0.002ms (keyed= 0.000ms group_by=  0.000ms per_group= 0.001ms)
[pe] round=177 work=        2 frontier=       26 next=        3 consolidate=  0.002ms frontier=  0.000ms semisort=  0.004ms (keyed= 0.000ms group_by=  0.001ms per_group= 0.001ms)
[pe] round=178 work=        3 frontier=        8 next=        2 consolidate=  0.003ms frontier=  0.000ms semisort=  0.002ms (keyed= 0.000ms group_by=  0.000ms per_group= 0.001ms)
[pe] round=179 work=        2 frontier=        8 next=        2 consolidate=  0.002ms frontier=  0.000ms semisort=  0.002ms (keyed= 0.000ms group_by=  0.000ms per_group= 0.001ms)
[pe] round=180 work=        2 frontier=        4 next=        2 consolidate=  0.002ms frontier=  0.000ms semisort=  0.002ms (keyed= 0.000ms group_by=  0.000ms per_group= 0.001ms)
[pe] round=181 work=        2 frontier=       26 next=        3 consolidate=  0.002ms frontier=  0.000ms semisort=  0.005ms (keyed= 0.000ms group_by=  0.001ms per_group= 0.001ms)
[pe] round=182 work=        3 frontier=        8 next=        2 consolidate=  0.003ms frontier=  0.000ms semisort=  0.002ms (keyed= 0.000ms group_by=  0.000ms per_group= 0.001ms)
[pe] round=183 work=        2 frontier=        8 next=        2 consolidate=  0.002ms frontier=  0.000ms semisort=  0.002ms (keyed= 0.000ms group_by=  0.000ms per_group= 0.001ms)
[pe] round=184 work=        2 frontier=        4 next=        2 consolidate=  0.002ms frontier=  0.000ms semisort=  0.002ms (keyed= 0.000ms group_by=  0.000ms per_group= 0.001ms)
[pe] round=185 work=        2 frontier=       26 next=        3 consolidate=  0.002ms frontier=  0.000ms semisort=  0.004ms (keyed= 0.000ms group_by=  0.001ms per_group= 0.002ms)
[pe] round=186 work=        3 frontier=        8 next=        2 consolidate=  0.003ms frontier=  0.000ms semisort=  0.002ms (keyed= 0.000ms group_by=  0.000ms per_group= 0.001ms)
[pe] round=187 work=        2 frontier=        8 next=        2 consolidate=  0.002ms frontier=  0.000ms semisort=  0.002ms (keyed= 0.000ms group_by=  0.000ms per_group= 0.001ms)
[pe] round=188 work=        2 frontier=        4 next=        2 consolidate=  0.002ms frontier=  0.000ms semisort=  0.002ms (keyed= 0.000ms group_by=  0.000ms per_group= 0.001ms)
[pe] round=189 work=        2 frontier=       26 next=        3 consolidate=  0.002ms frontier=  0.000ms semisort=  0.004ms (keyed= 0.000ms group_by=  0.001ms per_group= 0.001ms)
[pe] round=190 work=        3 frontier=        8 next=        2 consolidate=  0.003ms frontier=  0.000ms semisort=  0.002ms (keyed= 0.000ms group_by=  0.000ms per_group= 0.001ms)
[pe] round=191 work=        2 frontier=        8 next=        2 consolidate=  0.002ms frontier=  0.000ms semisort=  0.002ms (keyed= 0.000ms group_by=  0.000ms per_group= 0.001ms)
[pe] round=192 work=        2 frontier=        4 next=        2 consolidate=  0.002ms frontier=  0.000ms semisort=  0.002ms (keyed= 0.000ms group_by=  0.000ms per_group= 0.001ms)
[pe] round=193 work=        2 frontier=       26 next=        3 consolidate=  0.002ms frontier=  0.000ms semisort=  0.004ms (keyed= 0.000ms group_by=  0.001ms per_group= 0.002ms)
[pe] round=194 work=        3 frontier=        8 next=        2 consolidate=  0.003ms frontier=  0.000ms semisort=  0.002ms (keyed= 0.000ms group_by=  0.000ms per_group= 0.001ms)
[pe] round=195 work=        2 frontier=        8 next=        2 consolidate=  0.002ms frontier=  0.000ms semisort=  0.002ms (keyed= 0.000ms group_by=  0.000ms per_group= 0.001ms)
[pe] round=196 work=        2 frontier=        4 next=        2 consolidate=  0.003ms frontier=  0.000ms semisort=  0.002ms (keyed= 0.000ms group_by=  0.000ms per_group= 0.001ms)
[pe] round=197 work=        2 frontier=       26 next=        3 consolidate=  0.002ms frontier=  0.000ms semisort=  0.004ms (keyed= 0.000ms group_by=  0.001ms per_group= 0.002ms)
[pe] round=198 work=        3 frontier=        8 next=        2 consolidate=  0.003ms frontier=  0.000ms semisort=  0.002ms (keyed= 0.000ms group_by=  0.001ms per_group= 0.001ms)
[pe] round=199 work=        2 frontier=        8 next=        2 consolidate=  0.003ms frontier=  0.000ms semisort=  0.002ms (keyed= 0.000ms group_by=  0.000ms per_group= 0.001ms)
[pe] round=200 work=        2 frontier=        4 next=        2 consolidate=  0.002ms frontier=  0.000ms semisort=  0.002ms (keyed= 0.000ms group_by=  0.000ms per_group= 0.001ms)
[pe] round=201 work=        2 frontier=       26 next=        3 consolidate=  0.002ms frontier=  0.000ms semisort=  0.004ms (keyed= 0.000ms group_by=  0.001ms per_group= 0.001ms)
[pe] round=202 work=        3 frontier=        8 next=        2 consolidate=  0.003ms frontier=  0.000ms semisort=  0.002ms (keyed= 0.000ms group_by=  0.000ms per_group= 0.001ms)
[pe] round=203 work=        2 frontier=        8 next=        2 consolidate=  0.003ms frontier=  0.000ms semisort=  0.002ms (keyed= 0.000ms group_by=  0.000ms per_group= 0.001ms)
[pe] round=204 work=        2 frontier=        4 next=        2 consolidate=  0.003ms frontier=  0.000ms semisort=  0.002ms (keyed= 0.000ms group_by=  0.000ms per_group= 0.001ms)
[pe] round=205 work=        2 frontier=       26 next=        3 consolidate=  0.002ms frontier=  0.000ms semisort=  0.004ms (keyed= 0.000ms group_by=  0.001ms per_group= 0.002ms)
[pe] round=206 work=        3 frontier=        8 next=        2 consolidate=  0.003ms frontier=  0.000ms semisort=  0.002ms (keyed= 0.000ms group_by=  0.000ms per_group= 0.001ms)
[pe] round=207 work=        2 frontier=        8 next=        2 consolidate=  0.002ms frontier=  0.000ms semisort=  0.002ms (keyed= 0.000ms group_by=  0.000ms per_group= 0.001ms)
[pe] round=208 work=        2 frontier=        4 next=        2 consolidate=  0.002ms frontier=  0.000ms semisort=  0.002ms (keyed= 0.000ms group_by=  0.000ms per_group= 0.001ms)
[pe] round=209 work=        2 frontier=       26 next=        3 consolidate=  0.002ms frontier=  0.000ms semisort=  0.004ms (keyed= 0.000ms group_by=  0.001ms per_group= 0.001ms)
[pe] round=210 work=        3 frontier=        8 next=        2 consolidate=  0.003ms frontier=  0.000ms semisort=  0.002ms (keyed= 0.000ms group_by=  0.000ms per_group= 0.001ms)
[pe] round=211 work=        2 frontier=        8 next=        2 consolidate=  0.002ms frontier=  0.000ms semisort=  0.003ms (keyed= 0.000ms group_by=  0.000ms per_group= 0.001ms)
[pe] round=212 work=        2 frontier=        4 next=        2 consolidate=  0.002ms frontier=  0.000ms semisort=  0.002ms (keyed= 0.000ms group_by=  0.000ms per_group= 0.001ms)
[pe] round=213 work=        2 frontier=       26 next=        3 consolidate=  0.002ms frontier=  0.000ms semisort=  0.005ms (keyed= 0.000ms group_by=  0.001ms per_group= 0.001ms)
[pe] round=214 work=        3 frontier=        8 next=        2 consolidate=  0.003ms frontier=  0.000ms semisort=  0.002ms (keyed= 0.000ms group_by=  0.000ms per_group= 0.001ms)
[pe] round=215 work=        2 frontier=        8 next=        2 consolidate=  0.002ms frontier=  0.000ms semisort=  0.002ms (keyed= 0.000ms group_by=  0.000ms per_group= 0.001ms)
[pe] round=216 work=        2 frontier=        4 next=        2 consolidate=  0.003ms frontier=  0.000ms semisort=  0.002ms (keyed= 0.000ms group_by=  0.000ms per_group= 0.001ms)
[pe] round=217 work=        2 frontier=       26 next=        3 consolidate=  0.002ms frontier=  0.000ms semisort=  0.005ms (keyed= 0.000ms group_by=  0.001ms per_group= 0.001ms)
[pe] round=218 work=        3 frontier=        8 next=        2 consolidate=  0.003ms frontier=  0.000ms semisort=  0.003ms (keyed= 0.000ms group_by=  0.001ms per_group= 0.001ms)
[pe] round=219 work=        2 frontier=        8 next=        2 consolidate=  0.002ms frontier=  0.000ms semisort=  0.002ms (keyed= 0.000ms group_by=  0.000ms per_group= 0.001ms)
[pe] round=220 work=        2 frontier=        4 next=        2 consolidate=  0.003ms frontier=  0.000ms semisort=  0.002ms (keyed= 0.000ms group_by=  0.000ms per_group= 0.001ms)
[pe] round=221 work=        2 frontier=       26 next=        3 consolidate=  0.002ms frontier=  0.000ms semisort=  0.004ms (keyed= 0.000ms group_by=  0.001ms per_group= 0.001ms)
[pe] round=222 work=        3 frontier=        8 next=        2 consolidate=  0.003ms frontier=  0.000ms semisort=  0.002ms (keyed= 0.000ms group_by=  0.000ms per_group= 0.001ms)
[pe] round=223 work=        2 frontier=        8 next=        2 consolidate=  0.002ms frontier=  0.000ms semisort=  0.002ms (keyed= 0.000ms group_by=  0.000ms per_group= 0.001ms)
[pe] round=224 work=        2 frontier=        4 next=        2 consolidate=  0.002ms frontier=  0.000ms semisort=  0.002ms (keyed= 0.000ms group_by=  0.000ms per_group= 0.001ms)
[pe] round=225 work=        2 frontier=       26 next=        3 consolidate=  0.002ms frontier=  0.000ms semisort=  0.005ms (keyed= 0.000ms group_by=  0.001ms per_group= 0.001ms)
[pe] round=226 work=        3 frontier=        8 next=        2 consolidate=  0.003ms frontier=  0.000ms semisort=  0.002ms (keyed= 0.000ms group_by=  0.000ms per_group= 0.001ms)
[pe] round=227 work=        2 frontier=        8 next=        2 consolidate=  0.002ms frontier=  0.000ms semisort=  0.002ms (keyed= 0.000ms group_by=  0.000ms per_group= 0.001ms)
[pe] round=228 work=        2 frontier=        4 next=        2 consolidate=  0.002ms frontier=  0.000ms semisort=  0.002ms (keyed= 0.000ms group_by=  0.000ms per_group= 0.001ms)
[pe] round=229 work=        2 frontier=       26 next=        3 consolidate=  0.003ms frontier=  0.000ms semisort=  0.004ms (keyed= 0.000ms group_by=  0.001ms per_group= 0.001ms)
[pe] round=230 work=        3 frontier=        8 next=        2 consolidate=  0.003ms frontier=  0.000ms semisort=  0.002ms (keyed= 0.000ms group_by=  0.000ms per_group= 0.001ms)
[pe] round=231 work=        2 frontier=        8 next=        2 consolidate=  0.002ms frontier=  0.000ms semisort=  0.002ms (keyed= 0.000ms group_by=  0.000ms per_group= 0.001ms)
[pe] round=232 work=        2 frontier=        4 next=        2 consolidate=  0.002ms frontier=  0.000ms semisort=  0.002ms (keyed= 0.000ms group_by=  0.000ms per_group= 0.001ms)
[pe] round=233 work=        2 frontier=       26 next=        3 consolidate=  0.002ms frontier=  0.000ms semisort=  0.004ms (keyed= 0.000ms group_by=  0.001ms per_group= 0.001ms)
[pe] round=234 work=        3 frontier=        8 next=        2 consolidate=  0.003ms frontier=  0.000ms semisort=  0.002ms (keyed= 0.000ms group_by=  0.000ms per_group= 0.001ms)
[pe] round=235 work=        2 frontier=        8 next=        2 consolidate=  0.002ms frontier=  0.000ms semisort=  0.002ms (keyed= 0.000ms group_by=  0.000ms per_group= 0.001ms)
[pe] round=236 work=        2 frontier=        4 next=        2 consolidate=  0.002ms frontier=  0.000ms semisort=  0.002ms (keyed= 0.000ms group_by=  0.000ms per_group= 0.001ms)
[pe] round=237 work=        2 frontier=       26 next=        3 consolidate=  0.002ms frontier=  0.000ms semisort=  0.004ms (keyed= 0.000ms group_by=  0.001ms per_group= 0.001ms)
[pe] round=238 work=        3 frontier=        8 next=        2 consolidate=  0.003ms frontier=  0.000ms semisort=  0.002ms (keyed= 0.000ms group_by=  0.000ms per_group= 0.001ms)
[pe] round=239 work=        2 frontier=        8 next=        2 consolidate=  0.002ms frontier=  0.000ms semisort=  0.002ms (keyed= 0.000ms group_by=  0.000ms per_group= 0.001ms)
[pe] round=240 work=        2 frontier=        4 next=        2 consolidate=  0.002ms frontier=  0.000ms semisort=  0.002ms (keyed= 0.000ms group_by=  0.000ms per_group= 0.001ms)
[pe] round=241 work=        2 frontier=       26 next=        3 consolidate=  0.002ms frontier=  0.000ms semisort=  0.005ms (keyed= 0.000ms group_by=  0.001ms per_group= 0.001ms)
[pe] round=242 work=        3 frontier=        8 next=        2 consolidate=  0.003ms frontier=  0.000ms semisort=  0.002ms (keyed= 0.000ms group_by=  0.000ms per_group= 0.001ms)
[pe] round=243 work=        2 frontier=        8 next=        2 consolidate=  0.003ms frontier=  0.000ms semisort=  0.002ms (keyed= 0.000ms group_by=  0.000ms per_group= 0.001ms)
[pe] round=244 work=        2 frontier=        4 next=        2 consolidate=  0.002ms frontier=  0.000ms semisort=  0.002ms (keyed= 0.000ms group_by=  0.000ms per_group= 0.001ms)
[pe] round=245 work=        2 frontier=       26 next=        3 consolidate=  0.006ms frontier=  0.001ms semisort=  0.005ms (keyed= 0.000ms group_by=  0.001ms per_group= 0.002ms)
[pe] round=246 work=        3 frontier=        8 next=        2 consolidate=  0.003ms frontier=  0.000ms semisort=  0.002ms (keyed= 0.000ms group_by=  0.000ms per_group= 0.001ms)
[pe] round=247 work=        2 frontier=        8 next=        2 consolidate=  0.002ms frontier=  0.000ms semisort=  0.002ms (keyed= 0.000ms group_by=  0.000ms per_group= 0.001ms)
[pe] round=248 work=        2 frontier=        4 next=        2 consolidate=  0.003ms frontier=  0.000ms semisort=  0.002ms (keyed= 0.000ms group_by=  0.000ms per_group= 0.001ms)
[pe] round=249 work=        2 frontier=       26 next=        3 consolidate=  0.002ms frontier=  0.000ms semisort=  0.005ms (keyed= 0.000ms group_by=  0.001ms per_group= 0.001ms)
[pe] round=250 work=        3 frontier=        8 next=        2 consolidate=  0.004ms frontier=  0.000ms semisort=  0.002ms (keyed= 0.000ms group_by=  0.000ms per_group= 0.001ms)
[pe] round=251 work=        2 frontier=        8 next=        2 consolidate=  0.002ms frontier=  0.000ms semisort=  0.002ms (keyed= 0.000ms group_by=  0.000ms per_group= 0.001ms)
[pe] round=252 work=        2 frontier=        4 next=        2 consolidate=  0.002ms frontier=  0.000ms semisort=  0.002ms (keyed= 0.000ms group_by=  0.000ms per_group= 0.001ms)
[pe] round=253 work=        2 frontier=       26 next=        3 consolidate=  0.002ms frontier=  0.000ms semisort=  0.005ms (keyed= 0.000ms group_by=  0.001ms per_group= 0.001ms)
[pe] round=254 work=        3 frontier=        8 next=        2 consolidate=  0.003ms frontier=  0.000ms semisort=  0.003ms (keyed= 0.000ms group_by=  0.000ms per_group= 0.001ms)
[pe] round=255 work=        2 frontier=        8 next=        2 consolidate=  0.003ms frontier=  0.000ms semisort=  0.002ms (keyed= 0.000ms group_by=  0.000ms per_group= 0.001ms)
[pe] round=256 work=        2 frontier=        4 next=        2 consolidate=  0.003ms frontier=  0.000ms semisort=  0.002ms (keyed= 0.000ms group_by=  0.000ms per_group= 0.001ms)
[pe] round=257 work=        2 frontier=       18 next=        2 consolidate=  0.002ms frontier=  0.000ms semisort=  0.004ms (keyed= 0.000ms group_by=  0.001ms per_group= 0.001ms)
[pe] round=258 work=        2 frontier=        4 next=        0 consolidate=  0.002ms frontier=  0.000ms semisort=  0.002ms (keyed= 0.000ms group_by=  0.000ms per_group= 0.001ms)
[pe] round=  0 work= 10493552 frontier=  5437767 next=    24065 consolidate=3853.157ms frontier=385.224ms semisort=1097.828ms (keyed=147.152ms group_by= 21.069ms per_group=347.046ms)
[pe] round=  1 work=    24065 frontier=   237543 next=    16558 consolidate= 30.847ms frontier=  1.160ms semisort= 57.991ms (keyed= 0.794ms group_by= 30.865ms per_group=10.187ms)
[pe] round=  2 work=    16558 frontier=    56774 next=     1307 consolidate= 18.644ms frontier=  0.803ms semisort= 13.798ms (keyed= 0.113ms group_by=  7.444ms per_group= 1.566ms)
[pe] round=  3 work=     1307 frontier=    29389 next=      920 consolidate=  1.423ms frontier=  0.047ms semisort=  5.974ms (keyed= 0.059ms group_by=  3.477ms per_group= 0.748ms)
[pe] round=  4 work=      920 frontier=    12744 next=     1826 consolidate=  0.942ms frontier=  0.029ms semisort=  3.481ms (keyed= 0.026ms group_by=  1.509ms per_group= 0.963ms)
[pe] round=  5 work=     1826 frontier=     7383 next=      421 consolidate=  1.723ms frontier=  0.051ms semisort=  1.646ms (keyed= 0.014ms group_by=  0.705ms per_group= 0.264ms)
[pe] round=  6 work=      421 frontier=     1777 next=      150 consolidate=  0.435ms frontier=  0.013ms semisort=  0.283ms (keyed= 0.003ms group_by=  0.083ms per_group= 0.065ms)
[pe] round=  7 work=      150 frontier=      328 next=      115 consolidate=  0.136ms frontier=  0.006ms semisort=  0.063ms (keyed= 0.001ms group_by=  0.014ms per_group= 0.029ms)
[pe] round=  8 work=      115 frontier=     1774 next=      138 consolidate=  0.111ms frontier=  0.005ms semisort=  0.225ms (keyed= 0.002ms group_by=  0.071ms per_group= 0.053ms)
[pe] round=  9 work=      138 frontier=      912 next=       39 consolidate=  0.130ms frontier=  0.005ms semisort=  0.107ms (keyed= 0.001ms group_by=  0.038ms per_group= 0.023ms)
[pe] round= 10 work=       39 frontier=      124 next=       38 consolidate=  0.039ms frontier=  0.002ms semisort=  0.026ms (keyed= 0.000ms group_by=  0.006ms per_group= 0.011ms)
[pe] round= 11 work=       38 frontier=      670 next=       40 consolidate=  0.037ms frontier=  0.002ms semisort=  0.080ms (keyed= 0.001ms group_by=  0.026ms per_group= 0.019ms)
[pe] round= 12 work=       40 frontier=      279 next=       16 consolidate=  0.039ms frontier=  0.002ms semisort=  0.034ms (keyed= 0.001ms group_by=  0.012ms per_group= 0.008ms)
[pe] round= 13 work=       16 frontier=       67 next=       13 consolidate=  0.016ms frontier=  0.001ms semisort=  0.014ms (keyed= 0.000ms group_by=  0.003ms per_group= 0.005ms)
[pe] round= 14 work=       13 frontier=      333 next=       12 consolidate=  0.014ms frontier=  0.001ms semisort=  0.036ms (keyed= 0.001ms group_by=  0.011ms per_group= 0.008ms)
[pe] round= 15 work=       12 frontier=      124 next=        5 consolidate=  0.012ms frontier=  0.001ms semisort=  0.015ms (keyed= 0.000ms group_by=  0.005ms per_group= 0.004ms)
[pe] round= 16 work=        5 frontier=       10 next=        5 consolidate=  0.005ms frontier=  0.001ms semisort=  0.004ms (keyed= 0.000ms group_by=  0.001ms per_group= 0.002ms)
[pe] round= 17 work=        5 frontier=      431 next=        6 consolidate=  0.006ms frontier=  0.001ms semisort=  0.042ms (keyed= 0.001ms group_by=  0.013ms per_group= 0.008ms)
[pe] round= 18 work=        6 frontier=      140 next=        4 consolidate=  0.007ms frontier=  0.001ms semisort=  0.015ms (keyed= 0.000ms group_by=  0.005ms per_group= 0.004ms)
[pe] round= 19 work=        4 frontier=       12 next=        3 consolidate=  0.005ms frontier=  0.001ms semisort=  0.004ms (keyed= 0.000ms group_by=  0.001ms per_group= 0.001ms)
[pe] round= 20 work=        3 frontier=        6 next=        3 consolidate=  0.004ms frontier=  0.001ms semisort=  0.003ms (keyed= 0.000ms group_by=  0.000ms per_group= 0.001ms)
[pe] round= 21 work=        3 frontier=       39 next=        4 consolidate=  0.004ms frontier=  0.001ms semisort=  0.008ms (keyed= 0.000ms group_by=  0.002ms per_group= 0.002ms)
[pe] round= 22 work=        4 frontier=       12 next=        3 consolidate=  0.004ms frontier=  0.001ms semisort=  0.004ms (keyed= 0.000ms group_by=  0.001ms per_group= 0.001ms)
[pe] round= 23 work=        3 frontier=       12 next=        3 consolidate=  0.004ms frontier=  0.001ms semisort=  0.003ms (keyed= 0.000ms group_by=  0.001ms per_group= 0.001ms)
[pe] round= 24 work=        3 frontier=        6 next=        3 consolidate=  0.003ms frontier=  0.000ms semisort=  0.003ms (keyed= 0.000ms group_by=  0.001ms per_group= 0.001ms)
[pe] round= 25 work=        3 frontier=       37 next=        5 consolidate=  0.004ms frontier=  0.000ms semisort=  0.008ms (keyed= 0.000ms group_by=  0.002ms per_group= 0.003ms)
[pe] round= 26 work=        5 frontier=       15 next=        2 consolidate=  0.006ms frontier=  0.001ms semisort=  0.004ms (keyed= 0.000ms group_by=  0.001ms per_group= 0.001ms)
[pe] round= 27 work=        2 frontier=        8 next=        2 consolidate=  0.003ms frontier=  0.000ms semisort=  0.003ms (keyed= 0.000ms group_by=  0.000ms per_group= 0.001ms)
[pe] round= 28 work=        2 frontier=        4 next=        2 consolidate=  0.003ms frontier=  0.000ms semisort=  0.002ms (keyed= 0.000ms group_by=  0.000ms per_group= 0.001ms)
[pe] round= 29 work=        2 frontier=       26 next=        3 consolidate=  0.003ms frontier=  0.000ms semisort=  0.006ms (keyed= 0.000ms group_by=  0.001ms per_group= 0.002ms)
[pe] round= 30 work=        3 frontier=        8 next=        2 consolidate=  0.004ms frontier=  0.000ms semisort=  0.003ms (keyed= 0.000ms group_by=  0.000ms per_group= 0.001ms)
[pe] round= 31 work=        2 frontier=        8 next=        2 consolidate=  0.003ms frontier=  0.000ms semisort=  0.003ms (keyed= 0.000ms group_by=  0.000ms per_group= 0.001ms)
[pe] round= 32 work=        2 frontier=        4 next=        2 consolidate=  0.003ms frontier=  0.000ms semisort=  0.002ms (keyed= 0.000ms group_by=  0.000ms per_group= 0.001ms)
[pe] round= 33 work=        2 frontier=       26 next=        3 consolidate=  0.003ms frontier=  0.000ms semisort=  0.005ms (keyed= 0.000ms group_by=  0.001ms per_group= 0.002ms)
[pe] round= 34 work=        3 frontier=        8 next=        2 consolidate=  0.003ms frontier=  0.000ms semisort=  0.003ms (keyed= 0.000ms group_by=  0.000ms per_group= 0.001ms)
[pe] round= 35 work=        2 frontier=        8 next=        2 consolidate=  0.003ms frontier=  0.000ms semisort=  0.003ms (keyed= 0.000ms group_by=  0.000ms per_group= 0.001ms)
[pe] round= 36 work=        2 frontier=        4 next=        2 consolidate=  0.003ms frontier=  0.000ms semisort=  0.002ms (keyed= 0.000ms group_by=  0.000ms per_group= 0.001ms)
[pe] round= 37 work=        2 frontier=       26 next=        3 consolidate=  0.003ms frontier=  0.000ms semisort=  0.005ms (keyed= 0.000ms group_by=  0.001ms per_group= 0.002ms)
[pe] round= 38 work=        3 frontier=        8 next=        2 consolidate=  0.004ms frontier=  0.000ms semisort=  0.003ms (keyed= 0.000ms group_by=  0.000ms per_group= 0.001ms)
[pe] round= 39 work=        2 frontier=        8 next=        2 consolidate=  0.003ms frontier=  0.000ms semisort=  0.002ms (keyed= 0.000ms group_by=  0.000ms per_group= 0.001ms)
[pe] round= 40 work=        2 frontier=        4 next=        2 consolidate=  0.003ms frontier=  0.000ms semisort=  0.002ms (keyed= 0.000ms group_by=  0.000ms per_group= 0.001ms)
[pe] round= 41 work=        2 frontier=       26 next=        3 consolidate=  0.003ms frontier=  0.000ms semisort=  0.005ms (keyed= 0.000ms group_by=  0.001ms per_group= 0.002ms)
[pe] round= 42 work=        3 frontier=        8 next=        2 consolidate=  0.003ms frontier=  0.000ms semisort=  0.003ms (keyed= 0.000ms group_by=  0.000ms per_group= 0.001ms)
[pe] round= 43 work=        2 frontier=        8 next=        2 consolidate=  0.003ms frontier=  0.000ms semisort=  0.002ms (keyed= 0.000ms group_by=  0.000ms per_group= 0.001ms)
[pe] round= 44 work=        2 frontier=        4 next=        2 consolidate=  0.003ms frontier=  0.000ms semisort=  0.002ms (keyed= 0.000ms group_by=  0.000ms per_group= 0.001ms)
[pe] round= 45 work=        2 frontier=       26 next=        3 consolidate=  0.003ms frontier=  0.000ms semisort=  0.005ms (keyed= 0.000ms group_by=  0.001ms per_group= 0.002ms)
[pe] round= 46 work=        3 frontier=        8 next=        2 consolidate=  0.004ms frontier=  0.000ms semisort=  0.002ms (keyed= 0.000ms group_by=  0.000ms per_group= 0.001ms)
[pe] round= 47 work=        2 frontier=        8 next=        2 consolidate=  0.003ms frontier=  0.000ms semisort=  0.002ms (keyed= 0.000ms group_by=  0.001ms per_group= 0.001ms)
[pe] round= 48 work=        2 frontier=        4 next=        2 consolidate=  0.003ms frontier=  0.000ms semisort=  0.002ms (keyed= 0.000ms group_by=  0.000ms per_group= 0.001ms)
[pe] round= 49 work=        2 frontier=       26 next=        3 consolidate=  0.003ms frontier=  0.000ms semisort=  0.005ms (keyed= 0.000ms group_by=  0.001ms per_group= 0.002ms)
[pe] round= 50 work=        3 frontier=        8 next=        2 consolidate=  0.003ms frontier=  0.000ms semisort=  0.003ms (keyed= 0.000ms group_by=  0.001ms per_group= 0.001ms)
[pe] round= 51 work=        2 frontier=        8 next=        2 consolidate=  0.003ms frontier=  0.000ms semisort=  0.002ms (keyed= 0.000ms group_by=  0.000ms per_group= 0.001ms)
[pe] round= 52 work=        2 frontier=        4 next=        2 consolidate=  0.002ms frontier=  0.000ms semisort=  0.002ms (keyed= 0.000ms group_by=  0.000ms per_group= 0.001ms)
[pe] round= 53 work=        2 frontier=       26 next=        3 consolidate=  0.003ms frontier=  0.000ms semisort=  0.005ms (keyed= 0.000ms group_by=  0.001ms per_group= 0.002ms)
[pe] round= 54 work=        3 frontier=        8 next=        2 consolidate=  0.004ms frontier=  0.000ms semisort=  0.003ms (keyed= 0.000ms group_by=  0.000ms per_group= 0.001ms)
[pe] round= 55 work=        2 frontier=        8 next=        2 consolidate=  0.003ms frontier=  0.000ms semisort=  0.002ms (keyed= 0.000ms group_by=  0.000ms per_group= 0.001ms)
[pe] round= 56 work=        2 frontier=        4 next=        2 consolidate=  0.003ms frontier=  0.000ms semisort=  0.002ms (keyed= 0.000ms group_by=  0.000ms per_group= 0.001ms)
[pe] round= 57 work=        2 frontier=       26 next=        3 consolidate=  0.003ms frontier=  0.000ms semisort=  0.005ms (keyed= 0.000ms group_by=  0.001ms per_group= 0.001ms)
[pe] round= 58 work=        3 frontier=        8 next=        2 consolidate=  0.003ms frontier=  0.000ms semisort=  0.002ms (keyed= 0.000ms group_by=  0.000ms per_group= 0.001ms)
[pe] round= 59 work=        2 frontier=        8 next=        2 consolidate=  0.002ms frontier=  0.000ms semisort=  0.002ms (keyed= 0.000ms group_by=  0.000ms per_group= 0.001ms)
[pe] round= 60 work=        2 frontier=        4 next=        2 consolidate=  0.003ms frontier=  0.000ms semisort=  0.002ms (keyed= 0.000ms group_by=  0.000ms per_group= 0.001ms)
[pe] round= 61 work=        2 frontier=       26 next=        3 consolidate=  0.003ms frontier=  0.000ms semisort=  0.005ms (keyed= 0.000ms group_by=  0.001ms per_group= 0.002ms)
[pe] round= 62 work=        3 frontier=        8 next=        2 consolidate=  0.004ms frontier=  0.000ms semisort=  0.003ms (keyed= 0.000ms group_by=  0.001ms per_group= 0.001ms)
[pe] round= 63 work=        2 frontier=        8 next=        2 consolidate=  0.003ms frontier=  0.000ms semisort=  0.002ms (keyed= 0.000ms group_by=  0.001ms per_group= 0.001ms)
[pe] round= 64 work=        2 frontier=        4 next=        2 consolidate=  0.002ms frontier=  0.000ms semisort=  0.002ms (keyed= 0.000ms group_by=  0.000ms per_group= 0.001ms)
[pe] round= 65 work=        2 frontier=       26 next=        3 consolidate=  0.002ms frontier=  0.000ms semisort=  0.005ms (keyed= 0.000ms group_by=  0.001ms per_group= 0.001ms)
[pe] round= 66 work=        3 frontier=        8 next=        2 consolidate=  0.003ms frontier=  0.000ms semisort=  0.003ms (keyed= 0.000ms group_by=  0.000ms per_group= 0.001ms)
[pe] round= 67 work=        2 frontier=        8 next=        2 consolidate=  0.003ms frontier=  0.000ms semisort=  0.002ms (keyed= 0.000ms group_by=  0.000ms per_group= 0.001ms)
[pe] round= 68 work=        2 frontier=        4 next=        2 consolidate=  0.003ms frontier=  0.000ms semisort=  0.002ms (keyed= 0.000ms group_by=  0.000ms per_group= 0.001ms)
[pe] round= 69 work=        2 frontier=       26 next=        3 consolidate=  0.002ms frontier=  0.000ms semisort=  0.005ms (keyed= 0.000ms group_by=  0.001ms per_group= 0.001ms)
[pe] round= 70 work=        3 frontier=        8 next=        2 consolidate=  0.004ms frontier=  0.000ms semisort=  0.003ms (keyed= 0.000ms group_by=  0.001ms per_group= 0.001ms)
[pe] round= 71 work=        2 frontier=        8 next=        2 consolidate=  0.003ms frontier=  0.000ms semisort=  0.002ms (keyed= 0.000ms group_by=  0.000ms per_group= 0.001ms)
[pe] round= 72 work=        2 frontier=        4 next=        2 consolidate=  0.002ms frontier=  0.000ms semisort=  0.002ms (keyed= 0.000ms group_by=  0.000ms per_group= 0.001ms)
[pe] round= 73 work=        2 frontier=       26 next=        3 consolidate=  0.002ms frontier=  0.000ms semisort=  0.005ms (keyed= 0.000ms group_by=  0.001ms per_group= 0.002ms)
[pe] round= 74 work=        3 frontier=        8 next=        2 consolidate=  0.003ms frontier=  0.000ms semisort=  0.002ms (keyed= 0.000ms group_by=  0.000ms per_group= 0.001ms)
[pe] round= 75 work=        2 frontier=        8 next=        2 consolidate=  0.003ms frontier=  0.000ms semisort=  0.002ms (keyed= 0.000ms group_by=  0.000ms per_group= 0.001ms)
[pe] round= 76 work=        2 frontier=        4 next=        2 consolidate=  0.003ms frontier=  0.000ms semisort=  0.002ms (keyed= 0.000ms group_by=  0.000ms per_group= 0.001ms)
[pe] round= 77 work=        2 frontier=       26 next=        3 consolidate=  0.002ms frontier=  0.000ms semisort=  0.005ms (keyed= 0.000ms group_by=  0.001ms per_group= 0.002ms)
[pe] round= 78 work=        3 frontier=        8 next=        2 consolidate=  0.007ms frontier=  0.000ms semisort=  0.003ms (keyed= 0.000ms group_by=  0.000ms per_group= 0.001ms)
[pe] round= 79 work=        2 frontier=        8 next=        2 consolidate=  0.003ms frontier=  0.000ms semisort=  0.003ms (keyed= 0.000ms group_by=  0.000ms per_group= 0.001ms)
[pe] round= 80 work=        2 frontier=        4 next=        2 consolidate=  0.002ms frontier=  0.000ms semisort=  0.002ms (keyed= 0.000ms group_by=  0.000ms per_group= 0.001ms)
[pe] round= 81 work=        2 frontier=       26 next=        3 consolidate=  0.003ms frontier=  0.000ms semisort=  0.005ms (keyed= 0.000ms group_by=  0.001ms per_group= 0.001ms)
[pe] round= 82 work=        3 frontier=        8 next=        2 consolidate=  0.003ms frontier=  0.000ms semisort=  0.003ms (keyed= 0.000ms group_by=  0.000ms per_group= 0.001ms)
[pe] round= 83 work=        2 frontier=        8 next=        2 consolidate=  0.003ms frontier=  0.000ms semisort=  0.002ms (keyed= 0.000ms group_by=  0.000ms per_group= 0.001ms)
[pe] round= 84 work=        2 frontier=        4 next=        2 consolidate=  0.003ms frontier=  0.000ms semisort=  0.002ms (keyed= 0.000ms group_by=  0.000ms per_group= 0.001ms)
[pe] round= 85 work=        2 frontier=       26 next=        3 consolidate=  0.003ms frontier=  0.000ms semisort=  0.005ms (keyed= 0.000ms group_by=  0.001ms per_group= 0.001ms)
[pe] round= 86 work=        3 frontier=        8 next=        2 consolidate=  0.004ms frontier=  0.000ms semisort=  0.002ms (keyed= 0.000ms group_by=  0.000ms per_group= 0.001ms)
[pe] round= 87 work=        2 frontier=        8 next=        2 consolidate=  0.003ms frontier=  0.000ms semisort=  0.002ms (keyed= 0.000ms group_by=  0.000ms per_group= 0.001ms)
[pe] round= 88 work=        2 frontier=        4 next=        2 consolidate=  0.002ms frontier=  0.000ms semisort=  0.002ms (keyed= 0.000ms group_by=  0.000ms per_group= 0.001ms)
[pe] round= 89 work=        2 frontier=       26 next=        3 consolidate=  0.002ms frontier=  0.000ms semisort=  0.005ms (keyed= 0.000ms group_by=  0.001ms per_group= 0.002ms)
[pe] round= 90 work=        3 frontier=        8 next=        2 consolidate=  0.003ms frontier=  0.000ms semisort=  0.003ms (keyed= 0.000ms group_by=  0.000ms per_group= 0.001ms)
[pe] round= 91 work=        2 frontier=        8 next=        2 consolidate=  0.003ms frontier=  0.000ms semisort=  0.002ms (keyed= 0.000ms group_by=  0.000ms per_group= 0.001ms)
[pe] round= 92 work=        2 frontier=        4 next=        2 consolidate=  0.003ms frontier=  0.000ms semisort=  0.002ms (keyed= 0.000ms group_by=  0.000ms per_group= 0.001ms)
[pe] round= 93 work=        2 frontier=       26 next=        3 consolidate=  0.003ms frontier=  0.000ms semisort=  0.005ms (keyed= 0.000ms group_by=  0.001ms per_group= 0.001ms)
[pe] round= 94 work=        3 frontier=        8 next=        2 consolidate=  0.004ms frontier=  0.000ms semisort=  0.002ms (keyed= 0.000ms group_by=  0.000ms per_group= 0.001ms)
[pe] round= 95 work=        2 frontier=        8 next=        2 consolidate=  0.003ms frontier=  0.000ms semisort=  0.002ms (keyed= 0.000ms group_by=  0.000ms per_group= 0.001ms)
[pe] round= 96 work=        2 frontier=        4 next=        2 consolidate=  0.003ms frontier=  0.000ms semisort=  0.002ms (keyed= 0.000ms group_by=  0.000ms per_group= 0.001ms)
[pe] round= 97 work=        2 frontier=       26 next=        3 consolidate=  0.003ms frontier=  0.000ms semisort=  0.005ms (keyed= 0.000ms group_by=  0.001ms per_group= 0.001ms)
[pe] round= 98 work=        3 frontier=        8 next=        2 consolidate=  0.003ms frontier=  0.000ms semisort=  0.002ms (keyed= 0.000ms group_by=  0.000ms per_group= 0.001ms)
[pe] round= 99 work=        2 frontier=        8 next=        2 consolidate=  0.003ms frontier=  0.000ms semisort=  0.002ms (keyed= 0.000ms group_by=  0.000ms per_group= 0.001ms)
[pe] round=100 work=        2 frontier=        4 next=        2 consolidate=  0.002ms frontier=  0.000ms semisort=  0.002ms (keyed= 0.000ms group_by=  0.000ms per_group= 0.001ms)
[pe] round=101 work=        2 frontier=       26 next=        3 consolidate=  0.003ms frontier=  0.000ms semisort=  0.005ms (keyed= 0.000ms group_by=  0.001ms per_group= 0.001ms)
[pe] round=102 work=        3 frontier=        8 next=        2 consolidate=  0.003ms frontier=  0.000ms semisort=  0.002ms (keyed= 0.000ms group_by=  0.000ms per_group= 0.001ms)
[pe] round=103 work=        2 frontier=        8 next=        2 consolidate=  0.003ms frontier=  0.000ms semisort=  0.002ms (keyed= 0.000ms group_by=  0.000ms per_group= 0.001ms)
[pe] round=104 work=        2 frontier=        4 next=        2 consolidate=  0.002ms frontier=  0.000ms semisort=  0.002ms (keyed= 0.000ms group_by=  0.000ms per_group= 0.001ms)
[pe] round=105 work=        2 frontier=       26 next=        3 consolidate=  0.003ms frontier=  0.000ms semisort=  0.005ms (keyed= 0.000ms group_by=  0.001ms per_group= 0.002ms)
[pe] round=106 work=        3 frontier=        8 next=        2 consolidate=  0.003ms frontier=  0.000ms semisort=  0.003ms (keyed= 0.000ms group_by=  0.000ms per_group= 0.001ms)
[pe] round=107 work=        2 frontier=        8 next=        2 consolidate=  0.003ms frontier=  0.000ms semisort=  0.002ms (keyed= 0.000ms group_by=  0.000ms per_group= 0.001ms)
[pe] round=108 work=        2 frontier=        4 next=        2 consolidate=  0.002ms frontier=  0.000ms semisort=  0.002ms (keyed= 0.000ms group_by=  0.000ms per_group= 0.001ms)
[pe] round=109 work=        2 frontier=       26 next=        3 consolidate=  0.003ms frontier=  0.000ms semisort=  0.005ms (keyed= 0.000ms group_by=  0.001ms per_group= 0.001ms)
[pe] round=110 work=        3 frontier=        8 next=        2 consolidate=  0.003ms frontier=  0.000ms semisort=  0.003ms (keyed= 0.000ms group_by=  0.000ms per_group= 0.001ms)
[pe] round=111 work=        2 frontier=        8 next=        2 consolidate=  0.003ms frontier=  0.000ms semisort=  0.003ms (keyed= 0.000ms group_by=  0.000ms per_group= 0.001ms)
[pe] round=112 work=        2 frontier=        4 next=        2 consolidate=  0.003ms frontier=  0.000ms semisort=  0.002ms (keyed= 0.000ms group_by=  0.000ms per_group= 0.001ms)
[pe] round=113 work=        2 frontier=       26 next=        3 consolidate=  0.003ms frontier=  0.000ms semisort=  0.005ms (keyed= 0.000ms group_by=  0.001ms per_group= 0.001ms)
[pe] round=114 work=        3 frontier=        8 next=        2 consolidate=  0.003ms frontier=  0.000ms semisort=  0.003ms (keyed= 0.000ms group_by=  0.000ms per_group= 0.001ms)
[pe] round=115 work=        2 frontier=        8 next=        2 consolidate=  0.002ms frontier=  0.000ms semisort=  0.002ms (keyed= 0.000ms group_by=  0.000ms per_group= 0.001ms)
[pe] round=116 work=        2 frontier=        4 next=        2 consolidate=  0.003ms frontier=  0.000ms semisort=  0.002ms (keyed= 0.000ms group_by=  0.000ms per_group= 0.001ms)
[pe] round=117 work=        2 frontier=       26 next=        3 consolidate=  0.003ms frontier=  0.000ms semisort=  0.005ms (keyed= 0.000ms group_by=  0.001ms per_group= 0.002ms)
[pe] round=118 work=        3 frontier=        8 next=        2 consolidate=  0.004ms frontier=  0.000ms semisort=  0.003ms (keyed= 0.000ms group_by=  0.000ms per_group= 0.001ms)
[pe] round=119 work=        2 frontier=        8 next=        2 consolidate=  0.003ms frontier=  0.000ms semisort=  0.002ms (keyed= 0.000ms group_by=  0.000ms per_group= 0.001ms)
[pe] round=120 work=        2 frontier=        4 next=        2 consolidate=  0.003ms frontier=  0.000ms semisort=  0.002ms (keyed= 0.000ms group_by=  0.000ms per_group= 0.001ms)
[pe] round=121 work=        2 frontier=       26 next=        3 consolidate=  0.003ms frontier=  0.000ms semisort=  0.005ms (keyed= 0.000ms group_by=  0.001ms per_group= 0.001ms)
[pe] round=122 work=        3 frontier=        8 next=        2 consolidate=  0.003ms frontier=  0.000ms semisort=  0.003ms (keyed= 0.000ms group_by=  0.000ms per_group= 0.001ms)
[pe] round=123 work=        2 frontier=        8 next=        2 consolidate=  0.003ms frontier=  0.000ms semisort=  0.002ms (keyed= 0.000ms group_by=  0.000ms per_group= 0.001ms)
[pe] round=124 work=        2 frontier=        4 next=        2 consolidate=  0.003ms frontier=  0.000ms semisort=  0.002ms (keyed= 0.000ms group_by=  0.000ms per_group= 0.001ms)
[pe] round=125 work=        2 frontier=       26 next=        3 consolidate=  0.003ms frontier=  0.000ms semisort=  0.005ms (keyed= 0.000ms group_by=  0.001ms per_group= 0.001ms)
[pe] round=126 work=        3 frontier=        8 next=        2 consolidate=  0.004ms frontier=  0.000ms semisort=  0.002ms (keyed= 0.000ms group_by=  0.000ms per_group= 0.001ms)
[pe] round=127 work=        2 frontier=        8 next=        2 consolidate=  0.003ms frontier=  0.000ms semisort=  0.002ms (keyed= 0.000ms group_by=  0.000ms per_group= 0.001ms)
[pe] round=128 work=        2 frontier=        4 next=        2 consolidate=  0.003ms frontier=  0.000ms semisort=  0.002ms (keyed= 0.000ms group_by=  0.000ms per_group= 0.001ms)
[pe] round=129 work=        2 frontier=       26 next=        3 consolidate=  0.002ms frontier=  0.000ms semisort=  0.005ms (keyed= 0.000ms group_by=  0.001ms per_group= 0.001ms)
[pe] round=130 work=        3 frontier=        8 next=        2 consolidate=  0.003ms frontier=  0.000ms semisort=  0.002ms (keyed= 0.000ms group_by=  0.000ms per_group= 0.001ms)
[pe] round=131 work=        2 frontier=        8 next=        2 consolidate=  0.003ms frontier=  0.000ms semisort=  0.002ms (keyed= 0.000ms group_by=  0.000ms per_group= 0.001ms)
[pe] round=132 work=        2 frontier=        4 next=        2 consolidate=  0.002ms frontier=  0.000ms semisort=  0.002ms (keyed= 0.000ms group_by=  0.000ms per_group= 0.001ms)
[pe] round=133 work=        2 frontier=       26 next=        3 consolidate=  0.003ms frontier=  0.000ms semisort=  0.005ms (keyed= 0.000ms group_by=  0.001ms per_group= 0.001ms)
[pe] round=134 work=        3 frontier=        8 next=        2 consolidate=  0.003ms frontier=  0.000ms semisort=  0.003ms (keyed= 0.000ms group_by=  0.001ms per_group= 0.001ms)
[pe] round=135 work=        2 frontier=        8 next=        2 consolidate=  0.003ms frontier=  0.000ms semisort=  0.002ms (keyed= 0.000ms group_by=  0.000ms per_group= 0.001ms)
[pe] round=136 work=        2 frontier=        4 next=        2 consolidate=  0.003ms frontier=  0.000ms semisort=  0.002ms (keyed= 0.000ms group_by=  0.000ms per_group= 0.001ms)
[pe] round=137 work=        2 frontier=       26 next=        3 consolidate=  0.003ms frontier=  0.000ms semisort=  0.005ms (keyed= 0.000ms group_by=  0.001ms per_group= 0.001ms)
[pe] round=138 work=        3 frontier=        8 next=        2 consolidate=  0.003ms frontier=  0.000ms semisort=  0.002ms (keyed= 0.000ms group_by=  0.000ms per_group= 0.001ms)
[pe] round=139 work=        2 frontier=        8 next=        2 consolidate=  0.003ms frontier=  0.000ms semisort=  0.002ms (keyed= 0.000ms group_by=  0.000ms per_group= 0.001ms)
[pe] round=140 work=        2 frontier=        4 next=        2 consolidate=  0.003ms frontier=  0.000ms semisort=  0.002ms (keyed= 0.000ms group_by=  0.000ms per_group= 0.001ms)
[pe] round=141 work=        2 frontier=       26 next=        3 consolidate=  0.003ms frontier=  0.000ms semisort=  0.005ms (keyed= 0.000ms group_by=  0.001ms per_group= 0.001ms)
[pe] round=142 work=        3 frontier=        8 next=        2 consolidate=  0.003ms frontier=  0.000ms semisort=  0.002ms (keyed= 0.000ms group_by=  0.000ms per_group= 0.001ms)
[pe] round=143 work=        2 frontier=        8 next=        2 consolidate=  0.002ms frontier=  0.000ms semisort=  0.002ms (keyed= 0.000ms group_by=  0.000ms per_group= 0.001ms)
[pe] round=144 work=        2 frontier=        4 next=        2 consolidate=  0.003ms frontier=  0.000ms semisort=  0.002ms (keyed= 0.000ms group_by=  0.000ms per_group= 0.001ms)
[pe] round=145 work=        2 frontier=       26 next=        3 consolidate=  0.003ms frontier=  0.000ms semisort=  0.005ms (keyed= 0.000ms group_by=  0.001ms per_group= 0.001ms)
[pe] round=146 work=        3 frontier=        8 next=        2 consolidate=  0.003ms frontier=  0.000ms semisort=  0.003ms (keyed= 0.000ms group_by=  0.000ms per_group= 0.001ms)
[pe] round=147 work=        2 frontier=        8 next=        2 consolidate=  0.003ms frontier=  0.000ms semisort=  0.002ms (keyed= 0.000ms group_by=  0.000ms per_group= 0.001ms)
[pe] round=148 work=        2 frontier=        4 next=        2 consolidate=  0.003ms frontier=  0.000ms semisort=  0.002ms (keyed= 0.000ms group_by=  0.000ms per_group= 0.001ms)
[pe] round=149 work=        2 frontier=       26 next=        3 consolidate=  0.003ms frontier=  0.000ms semisort=  0.005ms (keyed= 0.000ms group_by=  0.001ms per_group= 0.001ms)
[pe] round=150 work=        3 frontier=        8 next=        2 consolidate=  0.004ms frontier=  0.000ms semisort=  0.002ms (keyed= 0.000ms group_by=  0.000ms per_group= 0.001ms)
[pe] round=151 work=        2 frontier=        8 next=        2 consolidate=  0.003ms frontier=  0.000ms semisort=  0.002ms (keyed= 0.000ms group_by=  0.000ms per_group= 0.001ms)
[pe] round=152 work=        2 frontier=        4 next=        2 consolidate=  0.003ms frontier=  0.000ms semisort=  0.002ms (keyed= 0.000ms group_by=  0.000ms per_group= 0.001ms)
[pe] round=153 work=        2 frontier=       26 next=        3 consolidate=  0.003ms frontier=  0.000ms semisort=  0.005ms (keyed= 0.000ms group_by=  0.001ms per_group= 0.001ms)
[pe] round=154 work=        3 frontier=        8 next=        2 consolidate=  0.003ms frontier=  0.000ms semisort=  0.002ms (keyed= 0.000ms group_by=  0.000ms per_group= 0.001ms)
[pe] round=155 work=        2 frontier=        8 next=        2 consolidate=  0.003ms frontier=  0.000ms semisort=  0.002ms (keyed= 0.000ms group_by=  0.000ms per_group= 0.001ms)
[pe] round=156 work=        2 frontier=        4 next=        2 consolidate=  0.002ms frontier=  0.000ms semisort=  0.002ms (keyed= 0.000ms group_by=  0.000ms per_group= 0.001ms)
[pe] round=157 work=        2 frontier=       26 next=        3 consolidate=  0.003ms frontier=  0.000ms semisort=  0.005ms (keyed= 0.000ms group_by=  0.001ms per_group= 0.001ms)
[pe] round=158 work=        3 frontier=        8 next=        2 consolidate=  0.003ms frontier=  0.000ms semisort=  0.003ms (keyed= 0.000ms group_by=  0.000ms per_group= 0.001ms)
[pe] round=159 work=        2 frontier=        8 next=        2 consolidate=  0.002ms frontier=  0.000ms semisort=  0.002ms (keyed= 0.000ms group_by=  0.000ms per_group= 0.001ms)
[pe] round=160 work=        2 frontier=        4 next=        2 consolidate=  0.003ms frontier=  0.000ms semisort=  0.002ms (keyed= 0.000ms group_by=  0.000ms per_group= 0.001ms)
[pe] round=161 work=        2 frontier=       26 next=        3 consolidate=  0.003ms frontier=  0.000ms semisort=  0.005ms (keyed= 0.000ms group_by=  0.001ms per_group= 0.001ms)
[pe] round=162 work=        3 frontier=        8 next=        2 consolidate=  0.003ms frontier=  0.000ms semisort=  0.003ms (keyed= 0.000ms group_by=  0.001ms per_group= 0.001ms)
[pe] round=163 work=        2 frontier=        8 next=        2 consolidate=  0.003ms frontier=  0.000ms semisort=  0.002ms (keyed= 0.000ms group_by=  0.000ms per_group= 0.001ms)
[pe] round=164 work=        2 frontier=        4 next=        2 consolidate=  0.003ms frontier=  0.000ms semisort=  0.002ms (keyed= 0.000ms group_by=  0.000ms per_group= 0.001ms)
[pe] round=165 work=        2 frontier=       26 next=        3 consolidate=  0.003ms frontier=  0.000ms semisort=  0.005ms (keyed= 0.000ms group_by=  0.001ms per_group= 0.001ms)
[pe] round=166 work=        3 frontier=        8 next=        2 consolidate=  0.003ms frontier=  0.000ms semisort=  0.003ms (keyed= 0.000ms group_by=  0.000ms per_group= 0.001ms)
[pe] round=167 work=        2 frontier=        8 next=        2 consolidate=  0.003ms frontier=  0.000ms semisort=  0.002ms (keyed= 0.000ms group_by=  0.000ms per_group= 0.001ms)
[pe] round=168 work=        2 frontier=        4 next=        2 consolidate=  0.003ms frontier=  0.000ms semisort=  0.002ms (keyed= 0.000ms group_by=  0.000ms per_group= 0.001ms)
[pe] round=169 work=        2 frontier=       26 next=        3 consolidate=  0.002ms frontier=  0.000ms semisort=  0.005ms (keyed= 0.000ms group_by=  0.001ms per_group= 0.002ms)
[pe] round=170 work=        3 frontier=        8 next=        2 consolidate=  0.003ms frontier=  0.000ms semisort=  0.003ms (keyed= 0.000ms group_by=  0.000ms per_group= 0.001ms)
[pe] round=171 work=        2 frontier=        8 next=        2 consolidate=  0.003ms frontier=  0.000ms semisort=  0.002ms (keyed= 0.000ms group_by=  0.000ms per_group= 0.001ms)
[pe] round=172 work=        2 frontier=        4 next=        2 consolidate=  0.003ms frontier=  0.000ms semisort=  0.002ms (keyed= 0.000ms group_by=  0.000ms per_group= 0.001ms)
[pe] round=173 work=        2 frontier=       26 next=        3 consolidate=  0.003ms frontier=  0.000ms semisort=  0.005ms (keyed= 0.000ms group_by=  0.001ms per_group= 0.002ms)
[pe] round=174 work=        3 frontier=        8 next=        2 consolidate=  0.003ms frontier=  0.000ms semisort=  0.002ms (keyed= 0.000ms group_by=  0.000ms per_group= 0.001ms)
[pe] round=175 work=        2 frontier=        8 next=        2 consolidate=  0.003ms frontier=  0.000ms semisort=  0.002ms (keyed= 0.000ms group_by=  0.000ms per_group= 0.001ms)
[pe] round=176 work=        2 frontier=        4 next=        2 consolidate=  0.003ms frontier=  0.000ms semisort=  0.002ms (keyed= 0.000ms group_by=  0.000ms per_group= 0.001ms)
[pe] round=177 work=        2 frontier=       26 next=        3 consolidate=  0.003ms frontier=  0.000ms semisort=  0.004ms (keyed= 0.000ms group_by=  0.001ms per_group= 0.002ms)
[pe] round=178 work=        3 frontier=        8 next=        2 consolidate=  0.003ms frontier=  0.000ms semisort=  0.003ms (keyed= 0.000ms group_by=  0.000ms per_group= 0.001ms)
[pe] round=179 work=        2 frontier=        8 next=        2 consolidate=  0.002ms frontier=  0.000ms semisort=  0.002ms (keyed= 0.000ms group_by=  0.000ms per_group= 0.001ms)
[pe] round=180 work=        2 frontier=        4 next=        2 consolidate=  0.003ms frontier=  0.000ms semisort=  0.002ms (keyed= 0.000ms group_by=  0.000ms per_group= 0.001ms)
[pe] round=181 work=        2 frontier=       26 next=        3 consolidate=  0.003ms frontier=  0.000ms semisort=  0.005ms (keyed= 0.000ms group_by=  0.001ms per_group= 0.002ms)
[pe] round=182 work=        3 frontier=        8 next=        2 consolidate=  0.004ms frontier=  0.000ms semisort=  0.002ms (keyed= 0.000ms group_by=  0.000ms per_group= 0.001ms)
[pe] round=183 work=        2 frontier=        8 next=        2 consolidate=  0.003ms frontier=  0.000ms semisort=  0.002ms (keyed= 0.000ms group_by=  0.000ms per_group= 0.001ms)
[pe] round=184 work=        2 frontier=        4 next=        2 consolidate=  0.003ms frontier=  0.000ms semisort=  0.002ms (keyed= 0.000ms group_by=  0.000ms per_group= 0.001ms)
[pe] round=185 work=        2 frontier=       26 next=        3 consolidate=  0.003ms frontier=  0.000ms semisort=  0.005ms (keyed= 0.000ms group_by=  0.001ms per_group= 0.001ms)
[pe] round=186 work=        3 frontier=        8 next=        2 consolidate=  0.003ms frontier=  0.000ms semisort=  0.003ms (keyed= 0.000ms group_by=  0.000ms per_group= 0.001ms)
[pe] round=187 work=        2 frontier=        8 next=        2 consolidate=  0.003ms frontier=  0.000ms semisort=  0.002ms (keyed= 0.000ms group_by=  0.000ms per_group= 0.001ms)
[pe] round=188 work=        2 frontier=        4 next=        2 consolidate=  0.003ms frontier=  0.000ms semisort=  0.002ms (keyed= 0.000ms group_by=  0.000ms per_group= 0.001ms)
[pe] round=189 work=        2 frontier=       26 next=        3 consolidate=  0.003ms frontier=  0.000ms semisort=  0.005ms (keyed= 0.000ms group_by=  0.001ms per_group= 0.001ms)
[pe] round=190 work=        3 frontier=        8 next=        2 consolidate=  0.003ms frontier=  0.000ms semisort=  0.002ms (keyed= 0.000ms group_by=  0.000ms per_group= 0.001ms)
[pe] round=191 work=        2 frontier=        8 next=        2 consolidate=  0.003ms frontier=  0.000ms semisort=  0.002ms (keyed= 0.000ms group_by=  0.000ms per_group= 0.001ms)
[pe] round=192 work=        2 frontier=        4 next=        2 consolidate=  0.003ms frontier=  0.000ms semisort=  0.002ms (keyed= 0.000ms group_by=  0.000ms per_group= 0.001ms)
[pe] round=193 work=        2 frontier=       26 next=        3 consolidate=  0.003ms frontier=  0.000ms semisort=  0.005ms (keyed= 0.000ms group_by=  0.001ms per_group= 0.001ms)
[pe] round=194 work=        3 frontier=        8 next=        2 consolidate=  0.003ms frontier=  0.000ms semisort=  0.003ms (keyed= 0.000ms group_by=  0.000ms per_group= 0.001ms)
[pe] round=195 work=        2 frontier=        8 next=        2 consolidate=  0.003ms frontier=  0.000ms semisort=  0.002ms (keyed= 0.000ms group_by=  0.000ms per_group= 0.001ms)
[pe] round=196 work=        2 frontier=        4 next=        2 consolidate=  0.003ms frontier=  0.000ms semisort=  0.002ms (keyed= 0.000ms group_by=  0.000ms per_group= 0.001ms)
[pe] round=197 work=        2 frontier=       26 next=        3 consolidate=  0.003ms frontier=  0.000ms semisort=  0.008ms (keyed= 0.000ms group_by=  0.001ms per_group= 0.002ms)
[pe] round=198 work=        3 frontier=        8 next=        2 consolidate=  0.003ms frontier=  0.000ms semisort=  0.003ms (keyed= 0.000ms group_by=  0.001ms per_group= 0.001ms)
[pe] round=199 work=        2 frontier=        8 next=        2 consolidate=  0.003ms frontier=  0.000ms semisort=  0.002ms (keyed= 0.000ms group_by=  0.000ms per_group= 0.001ms)
[pe] round=200 work=        2 frontier=        4 next=        2 consolidate=  0.003ms frontier=  0.000ms semisort=  0.002ms (keyed= 0.000ms group_by=  0.000ms per_group= 0.001ms)
[pe] round=201 work=        2 frontier=       26 next=        3 consolidate=  0.003ms frontier=  0.000ms semisort=  0.005ms (keyed= 0.000ms group_by=  0.001ms per_group= 0.001ms)
[pe] round=202 work=        3 frontier=        8 next=        2 consolidate=  0.004ms frontier=  0.000ms semisort=  0.002ms (keyed= 0.000ms group_by=  0.000ms per_group= 0.001ms)
[pe] round=203 work=        2 frontier=        8 next=        2 consolidate=  0.003ms frontier=  0.000ms semisort=  0.002ms (keyed= 0.000ms group_by=  0.000ms per_group= 0.001ms)
[pe] round=204 work=        2 frontier=        4 next=        2 consolidate=  0.003ms frontier=  0.000ms semisort=  0.002ms (keyed= 0.000ms group_by=  0.000ms per_group= 0.001ms)
[pe] round=205 work=        2 frontier=       26 next=        3 consolidate=  0.003ms frontier=  0.000ms semisort=  0.005ms (keyed= 0.000ms group_by=  0.001ms per_group= 0.001ms)
[pe] round=206 work=        3 frontier=        8 next=        2 consolidate=  0.003ms frontier=  0.000ms semisort=  0.003ms (keyed= 0.000ms group_by=  0.000ms per_group= 0.001ms)
[pe] round=207 work=        2 frontier=        8 next=        2 consolidate=  0.003ms frontier=  0.000ms semisort=  0.002ms (keyed= 0.000ms group_by=  0.000ms per_group= 0.001ms)
[pe] round=208 work=        2 frontier=        4 next=        2 consolidate=  0.003ms frontier=  0.000ms semisort=  0.002ms (keyed= 0.000ms group_by=  0.000ms per_group= 0.001ms)
[pe] round=209 work=        2 frontier=       26 next=        3 consolidate=  0.002ms frontier=  0.000ms semisort=  0.005ms (keyed= 0.000ms group_by=  0.001ms per_group= 0.001ms)
[pe] round=210 work=        3 frontier=        8 next=        2 consolidate=  0.003ms frontier=  0.000ms semisort=  0.002ms (keyed= 0.000ms group_by=  0.000ms per_group= 0.001ms)
[pe] round=211 work=        2 frontier=        8 next=        2 consolidate=  0.003ms frontier=  0.000ms semisort=  0.002ms (keyed= 0.000ms group_by=  0.000ms per_group= 0.001ms)
[pe] round=212 work=        2 frontier=        4 next=        2 consolidate=  0.003ms frontier=  0.000ms semisort=  0.002ms (keyed= 0.000ms group_by=  0.000ms per_group= 0.001ms)
[pe] round=213 work=        2 frontier=       26 next=        3 consolidate=  0.003ms frontier=  0.000ms semisort=  0.005ms (keyed= 0.000ms group_by=  0.001ms per_group= 0.001ms)
[pe] round=214 work=        3 frontier=        8 next=        2 consolidate=  0.004ms frontier=  0.000ms semisort=  0.002ms (keyed= 0.000ms group_by=  0.000ms per_group= 0.001ms)
[pe] round=215 work=        2 frontier=        8 next=        2 consolidate=  0.003ms frontier=  0.000ms semisort=  0.002ms (keyed= 0.000ms group_by=  0.000ms per_group= 0.001ms)
[pe] round=216 work=        2 frontier=        4 next=        2 consolidate=  0.002ms frontier=  0.000ms semisort=  0.002ms (keyed= 0.000ms group_by=  0.000ms per_group= 0.001ms)
[pe] round=217 work=        2 frontier=       26 next=        3 consolidate=  0.003ms frontier=  0.000ms semisort=  0.005ms (keyed= 0.000ms group_by=  0.001ms per_group= 0.001ms)
[pe] round=218 work=        3 frontier=        8 next=        2 consolidate=  0.003ms frontier=  0.000ms semisort=  0.003ms (keyed= 0.000ms group_by=  0.001ms per_group= 0.001ms)
[pe] round=219 work=        2 frontier=        8 next=        2 consolidate=  0.002ms frontier=  0.000ms semisort=  0.002ms (keyed= 0.000ms group_by=  0.000ms per_group= 0.001ms)
[pe] round=220 work=        2 frontier=        4 next=        2 consolidate=  0.003ms frontier=  0.000ms semisort=  0.002ms (keyed= 0.000ms group_by=  0.000ms per_group= 0.001ms)
[pe] round=221 work=        2 frontier=       26 next=        3 consolidate=  0.003ms frontier=  0.000ms semisort=  0.005ms (keyed= 0.000ms group_by=  0.001ms per_group= 0.001ms)
[pe] round=222 work=        3 frontier=        8 next=        2 consolidate=  0.003ms frontier=  0.000ms semisort=  0.002ms (keyed= 0.000ms group_by=  0.000ms per_group= 0.001ms)
[pe] round=223 work=        2 frontier=        8 next=        2 consolidate=  0.003ms frontier=  0.000ms semisort=  0.002ms (keyed= 0.000ms group_by=  0.000ms per_group= 0.001ms)
[pe] round=224 work=        2 frontier=        4 next=        2 consolidate=  0.003ms frontier=  0.000ms semisort=  0.002ms (keyed= 0.000ms group_by=  0.000ms per_group= 0.001ms)
[pe] round=225 work=        2 frontier=       26 next=        3 consolidate=  0.003ms frontier=  0.000ms semisort=  0.005ms (keyed= 0.000ms group_by=  0.001ms per_group= 0.001ms)
[pe] round=226 work=        3 frontier=        8 next=        2 consolidate=  0.003ms frontier=  0.000ms semisort=  0.002ms (keyed= 0.000ms group_by=  0.000ms per_group= 0.001ms)
[pe] round=227 work=        2 frontier=        8 next=        2 consolidate=  0.002ms frontier=  0.000ms semisort=  0.002ms (keyed= 0.000ms group_by=  0.000ms per_group= 0.001ms)
[pe] round=228 work=        2 frontier=        4 next=        2 consolidate=  0.003ms frontier=  0.000ms semisort=  0.002ms (keyed= 0.000ms group_by=  0.000ms per_group= 0.001ms)
[pe] round=229 work=        2 frontier=       26 next=        3 consolidate=  0.003ms frontier=  0.000ms semisort=  0.005ms (keyed= 0.000ms group_by=  0.001ms per_group= 0.001ms)
[pe] round=230 work=        3 frontier=        8 next=        2 consolidate=  0.003ms frontier=  0.000ms semisort=  0.003ms (keyed= 0.000ms group_by=  0.000ms per_group= 0.001ms)
[pe] round=231 work=        2 frontier=        8 next=        2 consolidate=  0.003ms frontier=  0.000ms semisort=  0.002ms (keyed= 0.000ms group_by=  0.000ms per_group= 0.001ms)
[pe] round=232 work=        2 frontier=        4 next=        2 consolidate=  0.003ms frontier=  0.000ms semisort=  0.002ms (keyed= 0.000ms group_by=  0.000ms per_group= 0.001ms)
[pe] round=233 work=        2 frontier=       26 next=        3 consolidate=  0.002ms frontier=  0.000ms semisort=  0.005ms (keyed= 0.000ms group_by=  0.001ms per_group= 0.001ms)
[pe] round=234 work=        3 frontier=        8 next=        2 consolidate=  0.003ms frontier=  0.000ms semisort=  0.002ms (keyed= 0.000ms group_by=  0.000ms per_group= 0.001ms)
[pe] round=235 work=        2 frontier=        8 next=        2 consolidate=  0.003ms frontier=  0.000ms semisort=  0.002ms (keyed= 0.000ms group_by=  0.000ms per_group= 0.001ms)
[pe] round=236 work=        2 frontier=        4 next=        2 consolidate=  0.003ms frontier=  0.000ms semisort=  0.002ms (keyed= 0.000ms group_by=  0.000ms per_group= 0.001ms)
[pe] round=237 work=        2 frontier=       26 next=        3 consolidate=  0.003ms frontier=  0.000ms semisort=  0.005ms (keyed= 0.000ms group_by=  0.001ms per_group= 0.001ms)
[pe] round=238 work=        3 frontier=        8 next=        2 consolidate=  0.004ms frontier=  0.000ms semisort=  0.002ms (keyed= 0.000ms group_by=  0.000ms per_group= 0.001ms)
[pe] round=239 work=        2 frontier=        8 next=        2 consolidate=  0.003ms frontier=  0.000ms semisort=  0.002ms (keyed= 0.000ms group_by=  0.000ms per_group= 0.001ms)
[pe] round=240 work=        2 frontier=        4 next=        2 consolidate=  0.003ms frontier=  0.000ms semisort=  0.002ms (keyed= 0.000ms group_by=  0.000ms per_group= 0.001ms)
[pe] round=241 work=        2 frontier=       26 next=        3 consolidate=  0.003ms frontier=  0.000ms semisort=  0.005ms (keyed= 0.000ms group_by=  0.001ms per_group= 0.001ms)
[pe] round=242 work=        3 frontier=        8 next=        2 consolidate=  0.003ms frontier=  0.000ms semisort=  0.003ms (keyed= 0.000ms group_by=  0.000ms per_group= 0.001ms)
[pe] round=243 work=        2 frontier=        8 next=        2 consolidate=  0.003ms frontier=  0.000ms semisort=  0.002ms (keyed= 0.000ms group_by=  0.000ms per_group= 0.001ms)
[pe] round=244 work=        2 frontier=        4 next=        2 consolidate=  0.002ms frontier=  0.000ms semisort=  0.002ms (keyed= 0.000ms group_by=  0.000ms per_group= 0.001ms)
[pe] round=245 work=        2 frontier=       26 next=        3 consolidate=  0.003ms frontier=  0.000ms semisort=  0.005ms (keyed= 0.000ms group_by=  0.001ms per_group= 0.001ms)
[pe] round=246 work=        3 frontier=        8 next=        2 consolidate=  0.004ms frontier=  0.000ms semisort=  0.003ms (keyed= 0.000ms group_by=  0.000ms per_group= 0.001ms)
[pe] round=247 work=        2 frontier=        8 next=        2 consolidate=  0.002ms frontier=  0.000ms semisort=  0.002ms (keyed= 0.000ms group_by=  0.000ms per_group= 0.001ms)
[pe] round=248 work=        2 frontier=        4 next=        2 consolidate=  0.003ms frontier=  0.000ms semisort=  0.002ms (keyed= 0.000ms group_by=  0.000ms per_group= 0.001ms)
[pe] round=249 work=        2 frontier=       26 next=        3 consolidate=  0.002ms frontier=  0.000ms semisort=  0.005ms (keyed= 0.000ms group_by=  0.001ms per_group= 0.001ms)
[pe] round=250 work=        3 frontier=        8 next=        2 consolidate=  0.003ms frontier=  0.000ms semisort=  0.003ms (keyed= 0.000ms group_by=  0.000ms per_group= 0.001ms)
[pe] round=251 work=        2 frontier=        8 next=        2 consolidate=  0.003ms frontier=  0.000ms semisort=  0.003ms (keyed= 0.000ms group_by=  0.000ms per_group= 0.001ms)
[pe] round=252 work=        2 frontier=        4 next=        2 consolidate=  0.002ms frontier=  0.000ms semisort=  0.002ms (keyed= 0.000ms group_by=  0.000ms per_group= 0.001ms)
[pe] round=253 work=        2 frontier=       26 next=        3 consolidate=  0.002ms frontier=  0.000ms semisort=  0.005ms (keyed= 0.000ms group_by=  0.001ms per_group= 0.001ms)
[pe] round=254 work=        3 frontier=        8 next=        2 consolidate=  0.004ms frontier=  0.000ms semisort=  0.003ms (keyed= 0.000ms group_by=  0.000ms per_group= 0.001ms)
[pe] round=255 work=        2 frontier=        8 next=        2 consolidate=  0.003ms frontier=  0.000ms semisort=  0.003ms (keyed= 0.000ms group_by=  0.000ms per_group= 0.001ms)
[pe] round=256 work=        2 frontier=        4 next=        2 consolidate=  0.003ms frontier=  0.000ms semisort=  0.002ms (keyed= 0.000ms group_by=  0.000ms per_group= 0.001ms)
[pe] round=257 work=        2 frontier=       18 next=        2 consolidate=  0.003ms frontier=  0.000ms semisort=  0.005ms (keyed= 0.000ms group_by=  0.001ms per_group= 0.001ms)
[pe] round=258 work=        2 frontier=        4 next=        0 consolidate=  0.002ms frontier=  0.000ms semisort=  0.002ms (keyed= 0.000ms group_by=  0.000ms per_group= 0.001ms)
[pe] round=  0 work= 10493552 frontier=  5437767 next=    24065 consolidate=3900.783ms frontier=388.353ms semisort=1097.687ms (keyed=147.086ms group_by= 21.222ms per_group=347.908ms)
[pe] round=  1 work=    24065 frontier=   237543 next=    16558 consolidate= 30.970ms frontier=  1.137ms semisort= 60.311ms (keyed= 0.786ms group_by= 32.696ms per_group=10.627ms)
[pe] round=  2 work=    16558 frontier=    56774 next=     1307 consolidate= 18.734ms frontier=  0.787ms semisort= 14.246ms (keyed= 0.112ms group_by=  7.774ms per_group= 1.595ms)
[pe] round=  3 work=     1307 frontier=    29389 next=      920 consolidate=  1.423ms frontier=  0.047ms semisort=  6.101ms (keyed= 0.059ms group_by=  3.504ms per_group= 0.762ms)
[pe] round=  4 work=      920 frontier=    12744 next=     1826 consolidate=  0.947ms frontier=  0.029ms semisort=  3.511ms (keyed= 0.024ms group_by=  1.531ms per_group= 0.972ms)
[pe] round=  5 work=     1826 frontier=     7383 next=      421 consolidate=  1.738ms frontier=  0.052ms semisort=  1.635ms (keyed= 0.019ms group_by=  0.681ms per_group= 0.269ms)
[pe] round=  6 work=      421 frontier=     1777 next=      150 consolidate=  0.446ms frontier=  0.013ms semisort=  0.270ms (keyed= 0.003ms group_by=  0.083ms per_group= 0.061ms)
[pe] round=  7 work=      150 frontier=      328 next=      115 consolidate=  0.140ms frontier=  0.006ms semisort=  0.063ms (keyed= 0.001ms group_by=  0.014ms per_group= 0.028ms)
[pe] round=  8 work=      115 frontier=     1774 next=      138 consolidate=  0.111ms frontier=  0.005ms semisort=  0.224ms (keyed= 0.002ms group_by=  0.071ms per_group= 0.052ms)
[pe] round=  9 work=      138 frontier=      912 next=       39 consolidate=  0.137ms frontier=  0.006ms semisort=  0.111ms (keyed= 0.001ms group_by=  0.037ms per_group= 0.026ms)
[pe] round= 10 work=       39 frontier=      124 next=       38 consolidate=  0.036ms frontier=  0.002ms semisort=  0.025ms (keyed= 0.000ms group_by=  0.006ms per_group= 0.011ms)
[pe] round= 11 work=       38 frontier=      670 next=       40 consolidate=  0.035ms frontier=  0.002ms semisort=  0.080ms (keyed= 0.001ms group_by=  0.026ms per_group= 0.019ms)
[pe] round= 12 work=       40 frontier=      279 next=       16 consolidate=  0.039ms frontier=  0.002ms semisort=  0.034ms (keyed= 0.001ms group_by=  0.012ms per_group= 0.008ms)
[pe] round= 13 work=       16 frontier=       67 next=       13 consolidate=  0.016ms frontier=  0.001ms semisort=  0.014ms (keyed= 0.000ms group_by=  0.003ms per_group= 0.005ms)
[pe] round= 14 work=       13 frontier=      333 next=       12 consolidate=  0.014ms frontier=  0.001ms semisort=  0.037ms (keyed= 0.001ms group_by=  0.011ms per_group= 0.008ms)
[pe] round= 15 work=       12 frontier=      124 next=        5 consolidate=  0.012ms frontier=  0.001ms semisort=  0.015ms (keyed= 0.000ms group_by=  0.005ms per_group= 0.004ms)
[pe] round= 16 work=        5 frontier=       10 next=        5 consolidate=  0.006ms frontier=  0.001ms semisort=  0.004ms (keyed= 0.000ms group_by=  0.001ms per_group= 0.002ms)
[pe] round= 17 work=        5 frontier=      431 next=        6 consolidate=  0.006ms frontier=  0.001ms semisort=  0.041ms (keyed= 0.001ms group_by=  0.013ms per_group= 0.008ms)
[pe] round= 18 work=        6 frontier=      140 next=        4 consolidate=  0.007ms frontier=  0.001ms semisort=  0.015ms (keyed= 0.000ms group_by=  0.005ms per_group= 0.004ms)
[pe] round= 19 work=        4 frontier=       12 next=        3 consolidate=  0.006ms frontier=  0.001ms semisort=  0.004ms (keyed= 0.000ms group_by=  0.001ms per_group= 0.001ms)
[pe] round= 20 work=        3 frontier=        6 next=        3 consolidate=  0.004ms frontier=  0.001ms semisort=  0.003ms (keyed= 0.000ms group_by=  0.000ms per_group= 0.001ms)
[pe] round= 21 work=        3 frontier=       39 next=        4 consolidate=  0.004ms frontier=  0.001ms semisort=  0.008ms (keyed= 0.000ms group_by=  0.002ms per_group= 0.002ms)
[pe] round= 22 work=        4 frontier=       12 next=        3 consolidate=  0.005ms frontier=  0.001ms semisort=  0.004ms (keyed= 0.000ms group_by=  0.001ms per_group= 0.001ms)
[pe] round= 23 work=        3 frontier=       12 next=        3 consolidate=  0.003ms frontier=  0.000ms semisort=  0.003ms (keyed= 0.000ms group_by=  0.000ms per_group= 0.001ms)
[pe] round= 24 work=        3 frontier=        6 next=        3 consolidate=  0.003ms frontier=  0.000ms semisort=  0.002ms (keyed= 0.000ms group_by=  0.001ms per_group= 0.001ms)
[pe] round= 25 work=        3 frontier=       37 next=        5 consolidate=  0.004ms frontier=  0.000ms semisort=  0.008ms (keyed= 0.000ms group_by=  0.002ms per_group= 0.002ms)
[pe] round= 26 work=        5 frontier=       15 next=        2 consolidate=  0.006ms frontier=  0.001ms semisort=  0.004ms (keyed= 0.000ms group_by=  0.001ms per_group= 0.001ms)
[pe] round= 27 work=        2 frontier=        8 next=        2 consolidate=  0.003ms frontier=  0.001ms semisort=  0.003ms (keyed= 0.000ms group_by=  0.000ms per_group= 0.001ms)
[pe] round= 28 work=        2 frontier=        4 next=        2 consolidate=  0.003ms frontier=  0.000ms semisort=  0.002ms (keyed= 0.000ms group_by=  0.000ms per_group= 0.001ms)
[pe] round= 29 work=        2 frontier=       26 next=        3 consolidate=  0.003ms frontier=  0.000ms semisort=  0.006ms (keyed= 0.000ms group_by=  0.001ms per_group= 0.002ms)
[pe] round= 30 work=        3 frontier=        8 next=        2 consolidate=  0.004ms frontier=  0.000ms semisort=  0.003ms (keyed= 0.000ms group_by=  0.000ms per_group= 0.001ms)
[pe] round= 31 work=        2 frontier=        8 next=        2 consolidate=  0.003ms frontier=  0.000ms semisort=  0.003ms (keyed= 0.000ms group_by=  0.000ms per_group= 0.001ms)
[pe] round= 32 work=        2 frontier=        4 next=        2 consolidate=  0.002ms frontier=  0.000ms semisort=  0.002ms (keyed= 0.000ms group_by=  0.000ms per_group= 0.001ms)
[pe] round= 33 work=        2 frontier=       26 next=        3 consolidate=  0.002ms frontier=  0.000ms semisort=  0.005ms (keyed= 0.000ms group_by=  0.001ms per_group= 0.002ms)
[pe] round= 34 work=        3 frontier=        8 next=        2 consolidate=  0.003ms frontier=  0.000ms semisort=  0.003ms (keyed= 0.000ms group_by=  0.001ms per_group= 0.001ms)
[pe] round= 35 work=        2 frontier=        8 next=        2 consolidate=  0.003ms frontier=  0.000ms semisort=  0.002ms (keyed= 0.000ms group_by=  0.000ms per_group= 0.001ms)
[pe] round= 36 work=        2 frontier=        4 next=        2 consolidate=  0.003ms frontier=  0.000ms semisort=  0.002ms (keyed= 0.000ms group_by=  0.000ms per_group= 0.001ms)
[pe] round= 37 work=        2 frontier=       26 next=        3 consolidate=  0.003ms frontier=  0.000ms semisort=  0.005ms (keyed= 0.000ms group_by=  0.001ms per_group= 0.002ms)
[pe] round= 38 work=        3 frontier=        8 next=        2 consolidate=  0.004ms frontier=  0.000ms semisort=  0.002ms (keyed= 0.000ms group_by=  0.000ms per_group= 0.001ms)
[pe] round= 39 work=        2 frontier=        8 next=        2 consolidate=  0.003ms frontier=  0.000ms semisort=  0.002ms (keyed= 0.000ms group_by=  0.000ms per_group= 0.001ms)
[pe] round= 40 work=        2 frontier=        4 next=        2 consolidate=  0.002ms frontier=  0.000ms semisort=  0.002ms (keyed= 0.000ms group_by=  0.000ms per_group= 0.001ms)
[pe] round= 41 work=        2 frontier=       26 next=        3 consolidate=  0.003ms frontier=  0.000ms semisort=  0.005ms (keyed= 0.000ms group_by=  0.001ms per_group= 0.002ms)
[pe] round= 42 work=        3 frontier=        8 next=        2 consolidate=  0.003ms frontier=  0.000ms semisort=  0.003ms (keyed= 0.000ms group_by=  0.000ms per_group= 0.001ms)
[pe] round= 43 work=        2 frontier=        8 next=        2 consolidate=  0.002ms frontier=  0.000ms semisort=  0.002ms (keyed= 0.000ms group_by=  0.000ms per_group= 0.001ms)
[pe] round= 44 work=        2 frontier=        4 next=        2 consolidate=  0.003ms frontier=  0.000ms semisort=  0.002ms (keyed= 0.000ms group_by=  0.000ms per_group= 0.001ms)
[pe] round= 45 work=        2 frontier=       26 next=        3 consolidate=  0.003ms frontier=  0.000ms semisort=  0.005ms (keyed= 0.000ms group_by=  0.001ms per_group= 0.002ms)
[pe] round= 46 work=        3 frontier=        8 next=        2 consolidate=  0.004ms frontier=  0.000ms semisort=  0.003ms (keyed= 0.000ms group_by=  0.000ms per_group= 0.001ms)
[pe] round= 47 work=        2 frontier=        8 next=        2 consolidate=  0.003ms frontier=  0.000ms semisort=  0.002ms (keyed= 0.000ms group_by=  0.001ms per_group= 0.001ms)
[pe] round= 48 work=        2 frontier=        4 next=        2 consolidate=  0.002ms frontier=  0.000ms semisort=  0.002ms (keyed= 0.000ms group_by=  0.000ms per_group= 0.001ms)
[pe] round= 49 work=        2 frontier=       26 next=        3 consolidate=  0.002ms frontier=  0.000ms semisort=  0.005ms (keyed= 0.000ms group_by=  0.001ms per_group= 0.002ms)
[pe] round= 50 work=        3 frontier=        8 next=        2 consolidate=  0.003ms frontier=  0.000ms semisort=  0.003ms (keyed= 0.000ms group_by=  0.001ms per_group= 0.001ms)
[pe] round= 51 work=        2 frontier=        8 next=        2 consolidate=  0.003ms frontier=  0.000ms semisort=  0.002ms (keyed= 0.000ms group_by=  0.000ms per_group= 0.001ms)
[pe] round= 52 work=        2 frontier=        4 next=        2 consolidate=  0.003ms frontier=  0.000ms semisort=  0.002ms (keyed= 0.000ms group_by=  0.000ms per_group= 0.001ms)
[pe] round= 53 work=        2 frontier=       26 next=        3 consolidate=  0.003ms frontier=  0.000ms semisort=  0.005ms (keyed= 0.000ms group_by=  0.001ms per_group= 0.002ms)
[pe] round= 54 work=        3 frontier=        8 next=        2 consolidate=  0.004ms frontier=  0.000ms semisort=  0.003ms (keyed= 0.000ms group_by=  0.000ms per_group= 0.001ms)
[pe] round= 55 work=        2 frontier=        8 next=        2 consolidate=  0.003ms frontier=  0.000ms semisort=  0.002ms (keyed= 0.000ms group_by=  0.000ms per_group= 0.001ms)
[pe] round= 56 work=        2 frontier=        4 next=        2 consolidate=  0.003ms frontier=  0.000ms semisort=  0.002ms (keyed= 0.000ms group_by=  0.000ms per_group= 0.001ms)
[pe] round= 57 work=        2 frontier=       26 next=        3 consolidate=  0.003ms frontier=  0.000ms semisort=  0.005ms (keyed= 0.000ms group_by=  0.001ms per_group= 0.001ms)
[pe] round= 58 work=        3 frontier=        8 next=        2 consolidate=  0.003ms frontier=  0.000ms semisort=  0.002ms (keyed= 0.000ms group_by=  0.000ms per_group= 0.001ms)
[pe] round= 59 work=        2 frontier=        8 next=        2 consolidate=  0.003ms frontier=  0.000ms semisort=  0.002ms (keyed= 0.000ms group_by=  0.000ms per_group= 0.001ms)
[pe] round= 60 work=        2 frontier=        4 next=        2 consolidate=  0.003ms frontier=  0.000ms semisort=  0.002ms (keyed= 0.000ms group_by=  0.000ms per_group= 0.001ms)
[pe] round= 61 work=        2 frontier=       26 next=        3 consolidate=  0.003ms frontier=  0.000ms semisort=  0.005ms (keyed= 0.000ms group_by=  0.001ms per_group= 0.002ms)
[pe] round= 62 work=        3 frontier=        8 next=        2 consolidate=  0.003ms frontier=  0.000ms semisort=  0.003ms (keyed= 0.000ms group_by=  0.001ms per_group= 0.001ms)
[pe] round= 63 work=        2 frontier=        8 next=        2 consolidate=  0.003ms frontier=  0.000ms semisort=  0.002ms (keyed= 0.000ms group_by=  0.001ms per_group= 0.001ms)
[pe] round= 64 work=        2 frontier=        4 next=        2 consolidate=  0.003ms frontier=  0.000ms semisort=  0.002ms (keyed= 0.000ms group_by=  0.000ms per_group= 0.001ms)
[pe] round= 65 work=        2 frontier=       26 next=        3 consolidate=  0.003ms frontier=  0.000ms semisort=  0.005ms (keyed= 0.000ms group_by=  0.001ms per_group= 0.001ms)
[pe] round= 66 work=        3 frontier=        8 next=        2 consolidate=  0.003ms frontier=  0.000ms semisort=  0.003ms (keyed= 0.000ms group_by=  0.000ms per_group= 0.001ms)
[pe] round= 67 work=        2 frontier=        8 next=        2 consolidate=  0.003ms frontier=  0.000ms semisort=  0.002ms (keyed= 0.000ms group_by=  0.000ms per_group= 0.001ms)
[pe] round= 68 work=        2 frontier=        4 next=        2 consolidate=  0.002ms frontier=  0.000ms semisort=  0.002ms (keyed= 0.000ms group_by=  0.000ms per_group= 0.001ms)
[pe] round= 69 work=        2 frontier=       26 next=        3 consolidate=  0.003ms frontier=  0.000ms semisort=  0.005ms (keyed= 0.000ms group_by=  0.001ms per_group= 0.001ms)
[pe] round= 70 work=        3 frontier=        8 next=        2 consolidate=  0.004ms frontier=  0.000ms semisort=  0.003ms (keyed= 0.000ms group_by=  0.001ms per_group= 0.001ms)
[pe] round= 71 work=        2 frontier=        8 next=        2 consolidate=  0.003ms frontier=  0.000ms semisort=  0.002ms (keyed= 0.000ms group_by=  0.000ms per_group= 0.001ms)
[pe] round= 72 work=        2 frontier=        4 next=        2 consolidate=  0.003ms frontier=  0.000ms semisort=  0.002ms (keyed= 0.000ms group_by=  0.000ms per_group= 0.001ms)
[pe] round= 73 work=        2 frontier=       26 next=        3 consolidate=  0.002ms frontier=  0.000ms semisort=  0.005ms (keyed= 0.000ms group_by=  0.001ms per_group= 0.002ms)
[pe] round= 74 work=        3 frontier=        8 next=        2 consolidate=  0.004ms frontier=  0.000ms semisort=  0.003ms (keyed= 0.000ms group_by=  0.000ms per_group= 0.001ms)
[pe] round= 75 work=        2 frontier=        8 next=        2 consolidate=  0.002ms frontier=  0.000ms semisort=  0.002ms (keyed= 0.000ms group_by=  0.000ms per_group= 0.001ms)
[pe] round= 76 work=        2 frontier=        4 next=        2 consolidate=  0.002ms frontier=  0.000ms semisort=  0.002ms (keyed= 0.000ms group_by=  0.000ms per_group= 0.001ms)
[pe] round= 77 work=        2 frontier=       26 next=        3 consolidate=  0.003ms frontier=  0.000ms semisort=  0.005ms (keyed= 0.000ms group_by=  0.001ms per_group= 0.001ms)
[pe] round= 78 work=        3 frontier=        8 next=        2 consolidate=  0.003ms frontier=  0.000ms semisort=  0.003ms (keyed= 0.000ms group_by=  0.000ms per_group= 0.001ms)
[pe] round= 79 work=        2 frontier=        8 next=        2 consolidate=  0.003ms frontier=  0.000ms semisort=  0.002ms (keyed= 0.000ms group_by=  0.000ms per_group= 0.001ms)
[pe] round= 80 work=        2 frontier=        4 next=        2 consolidate=  0.002ms frontier=  0.000ms semisort=  0.002ms (keyed= 0.000ms group_by=  0.000ms per_group= 0.001ms)
[pe] round= 81 work=        2 frontier=       26 next=        3 consolidate=  0.002ms frontier=  0.000ms semisort=  0.005ms (keyed= 0.000ms group_by=  0.001ms per_group= 0.002ms)
[pe] round= 82 work=        3 frontier=        8 next=        2 consolidate=  0.003ms frontier=  0.000ms semisort=  0.003ms (keyed= 0.000ms group_by=  0.000ms per_group= 0.001ms)
[pe] round= 83 work=        2 frontier=        8 next=        2 consolidate=  0.003ms frontier=  0.000ms semisort=  0.002ms (keyed= 0.000ms group_by=  0.000ms per_group= 0.001ms)
[pe] round= 84 work=        2 frontier=        4 next=        2 consolidate=  0.003ms frontier=  0.000ms semisort=  0.002ms (keyed= 0.000ms group_by=  0.000ms per_group= 0.001ms)
[pe] round= 85 work=        2 frontier=       26 next=        3 consolidate=  0.003ms frontier=  0.000ms semisort=  0.004ms (keyed= 0.000ms group_by=  0.001ms per_group= 0.001ms)
[pe] round= 86 work=        3 frontier=        8 next=        2 consolidate=  0.003ms frontier=  0.000ms semisort=  0.003ms (keyed= 0.000ms group_by=  0.000ms per_group= 0.001ms)
[pe] round= 87 work=        2 frontier=        8 next=        2 consolidate=  0.003ms frontier=  0.000ms semisort=  0.002ms (keyed= 0.000ms group_by=  0.000ms per_group= 0.001ms)
[pe] round= 88 work=        2 frontier=        4 next=        2 consolidate=  0.003ms frontier=  0.000ms semisort=  0.002ms (keyed= 0.000ms group_by=  0.000ms per_group= 0.001ms)
[pe] round= 89 work=        2 frontier=       26 next=        3 consolidate=  0.003ms frontier=  0.000ms semisort=  0.005ms (keyed= 0.000ms group_by=  0.001ms per_group= 0.001ms)
[pe] round= 90 work=        3 frontier=        8 next=        2 consolidate=  0.003ms frontier=  0.000ms semisort=  0.003ms (keyed= 0.000ms group_by=  0.000ms per_group= 0.001ms)
[pe] round= 91 work=        2 frontier=        8 next=        2 consolidate=  0.003ms frontier=  0.000ms semisort=  0.002ms (keyed= 0.000ms group_by=  0.000ms per_group= 0.001ms)
[pe] round= 92 work=        2 frontier=        4 next=        2 consolidate=  0.003ms frontier=  0.000ms semisort=  0.002ms (keyed= 0.000ms group_by=  0.000ms per_group= 0.001ms)
[pe] round= 93 work=        2 frontier=       26 next=        3 consolidate=  0.003ms frontier=  0.000ms semisort=  0.005ms (keyed= 0.000ms group_by=  0.001ms per_group= 0.001ms)
[pe] round= 94 work=        3 frontier=        8 next=        2 consolidate=  0.004ms frontier=  0.000ms semisort=  0.002ms (keyed= 0.000ms group_by=  0.000ms per_group= 0.001ms)
[pe] round= 95 work=        2 frontier=        8 next=        2 consolidate=  0.002ms frontier=  0.000ms semisort=  0.002ms (keyed= 0.000ms group_by=  0.000ms per_group= 0.001ms)
[pe] round= 96 work=        2 frontier=        4 next=        2 consolidate=  0.002ms frontier=  0.000ms semisort=  0.002ms (keyed= 0.000ms group_by=  0.000ms per_group= 0.001ms)
[pe] round= 97 work=        2 frontier=       26 next=        3 consolidate=  0.003ms frontier=  0.000ms semisort=  0.005ms (keyed= 0.000ms group_by=  0.001ms per_group= 0.001ms)
[pe] round= 98 work=        3 frontier=        8 next=        2 consolidate=  0.004ms frontier=  0.000ms semisort=  0.002ms (keyed= 0.000ms group_by=  0.000ms per_group= 0.001ms)
[pe] round= 99 work=        2 frontier=        8 next=        2 consolidate=  0.003ms frontier=  0.000ms semisort=  0.002ms (keyed= 0.000ms group_by=  0.000ms per_group= 0.001ms)
[pe] round=100 work=        2 frontier=        4 next=        2 consolidate=  0.002ms frontier=  0.000ms semisort=  0.002ms (keyed= 0.000ms group_by=  0.000ms per_group= 0.001ms)
[pe] round=101 work=        2 frontier=       26 next=        3 consolidate=  0.003ms frontier=  0.000ms semisort=  0.005ms (keyed= 0.000ms group_by=  0.001ms per_group= 0.001ms)
[pe] round=102 work=        3 frontier=        8 next=        2 consolidate=  0.003ms frontier=  0.000ms semisort=  0.003ms (keyed= 0.000ms group_by=  0.000ms per_group= 0.001ms)
[pe] round=103 work=        2 frontier=        8 next=        2 consolidate=  0.003ms frontier=  0.000ms semisort=  0.002ms (keyed= 0.000ms group_by=  0.000ms per_group= 0.001ms)
[pe] round=104 work=        2 frontier=        4 next=        2 consolidate=  0.003ms frontier=  0.000ms semisort=  0.002ms (keyed= 0.000ms group_by=  0.000ms per_group= 0.001ms)
[pe] round=105 work=        2 frontier=       26 next=        3 consolidate=  0.003ms frontier=  0.000ms semisort=  0.005ms (keyed= 0.000ms group_by=  0.001ms per_group= 0.001ms)
[pe] round=106 work=        3 frontier=        8 next=        2 consolidate=  0.003ms frontier=  0.000ms semisort=  0.003ms (keyed= 0.000ms group_by=  0.000ms per_group= 0.001ms)
[pe] round=107 work=        2 frontier=        8 next=        2 consolidate=  0.002ms frontier=  0.000ms semisort=  0.002ms (keyed= 0.000ms group_by=  0.000ms per_group= 0.001ms)
[pe] round=108 work=        2 frontier=        4 next=        2 consolidate=  0.002ms frontier=  0.000ms semisort=  0.002ms (keyed= 0.000ms group_by=  0.000ms per_group= 0.001ms)
[pe] round=109 work=        2 frontier=       26 next=        3 consolidate=  0.003ms frontier=  0.000ms semisort=  0.005ms (keyed= 0.000ms group_by=  0.001ms per_group= 0.001ms)
[pe] round=110 work=        3 frontier=        8 next=        2 consolidate=  0.004ms frontier=  0.000ms semisort=  0.003ms (keyed= 0.000ms group_by=  0.000ms per_group= 0.001ms)
[pe] round=111 work=        2 frontier=        8 next=        2 consolidate=  0.003ms frontier=  0.000ms semisort=  0.003ms (keyed= 0.000ms group_by=  0.000ms per_group= 0.001ms)
[pe] round=112 work=        2 frontier=        4 next=        2 consolidate=  0.003ms frontier=  0.000ms semisort=  0.002ms (keyed= 0.000ms group_by=  0.000ms per_group= 0.001ms)
[pe] round=113 work=        2 frontier=       26 next=        3 consolidate=  0.003ms frontier=  0.000ms semisort=  0.005ms (keyed= 0.000ms group_by=  0.001ms per_group= 0.001ms)
[pe] round=114 work=        3 frontier=        8 next=        2 consolidate=  0.003ms frontier=  0.000ms semisort=  0.003ms (keyed= 0.000ms group_by=  0.000ms per_group= 0.001ms)
[pe] round=115 work=        2 frontier=        8 next=        2 consolidate=  0.003ms frontier=  0.000ms semisort=  0.002ms (keyed= 0.000ms group_by=  0.000ms per_group= 0.001ms)
[pe] round=116 work=        2 frontier=        4 next=        2 consolidate=  0.002ms frontier=  0.000ms semisort=  0.002ms (keyed= 0.000ms group_by=  0.000ms per_group= 0.001ms)
[pe] round=117 work=        2 frontier=       26 next=        3 consolidate=  0.003ms frontier=  0.000ms semisort=  0.005ms (keyed= 0.000ms group_by=  0.001ms per_group= 0.001ms)
[pe] round=118 work=        3 frontier=        8 next=        2 consolidate=  0.004ms frontier=  0.000ms semisort=  0.003ms (keyed= 0.000ms group_by=  0.000ms per_group= 0.001ms)
[pe] round=119 work=        2 frontier=        8 next=        2 consolidate=  0.003ms frontier=  0.000ms semisort=  0.002ms (keyed= 0.000ms group_by=  0.000ms per_group= 0.001ms)
[pe] round=120 work=        2 frontier=        4 next=        2 consolidate=  0.003ms frontier=  0.000ms semisort=  0.002ms (keyed= 0.000ms group_by=  0.000ms per_group= 0.001ms)
[pe] round=121 work=        2 frontier=       26 next=        3 consolidate=  0.003ms frontier=  0.000ms semisort=  0.005ms (keyed= 0.000ms group_by=  0.001ms per_group= 0.001ms)
[pe] round=122 work=        3 frontier=        8 next=        2 consolidate=  0.003ms frontier=  0.000ms semisort=  0.002ms (keyed= 0.000ms group_by=  0.000ms per_group= 0.001ms)
[pe] round=123 work=        2 frontier=        8 next=        2 consolidate=  0.003ms frontier=  0.000ms semisort=  0.003ms (keyed= 0.000ms group_by=  0.000ms per_group= 0.001ms)
[pe] round=124 work=        2 frontier=        4 next=        2 consolidate=  0.003ms frontier=  0.000ms semisort=  0.002ms (keyed= 0.000ms group_by=  0.000ms per_group= 0.001ms)
[pe] round=125 work=        2 frontier=       26 next=        3 consolidate=  0.003ms frontier=  0.000ms semisort=  0.005ms (keyed= 0.000ms group_by=  0.001ms per_group= 0.002ms)
[pe] round=126 work=        3 frontier=        8 next=        2 consolidate=  0.003ms frontier=  0.000ms semisort=  0.003ms (keyed= 0.000ms group_by=  0.000ms per_group= 0.001ms)
[pe] round=127 work=        2 frontier=        8 next=        2 consolidate=  0.003ms frontier=  0.000ms semisort=  0.002ms (keyed= 0.000ms group_by=  0.000ms per_group= 0.001ms)
[pe] round=128 work=        2 frontier=        4 next=        2 consolidate=  0.003ms frontier=  0.000ms semisort=  0.002ms (keyed= 0.000ms group_by=  0.000ms per_group= 0.001ms)
[pe] round=129 work=        2 frontier=       26 next=        3 consolidate=  0.002ms frontier=  0.000ms semisort=  0.005ms (keyed= 0.000ms group_by=  0.001ms per_group= 0.001ms)
[pe] round=130 work=        3 frontier=        8 next=        2 consolidate=  0.003ms frontier=  0.000ms semisort=  0.002ms (keyed= 0.000ms group_by=  0.000ms per_group= 0.001ms)
[pe] round=131 work=        2 frontier=        8 next=        2 consolidate=  0.003ms frontier=  0.000ms semisort=  0.002ms (keyed= 0.000ms group_by=  0.000ms per_group= 0.001ms)
[pe] round=132 work=        2 frontier=        4 next=        2 consolidate=  0.002ms frontier=  0.000ms semisort=  0.002ms (keyed= 0.000ms group_by=  0.000ms per_group= 0.001ms)
[pe] round=133 work=        2 frontier=       26 next=        3 consolidate=  0.003ms frontier=  0.000ms semisort=  0.005ms (keyed= 0.000ms group_by=  0.001ms per_group= 0.001ms)
[pe] round=134 work=        3 frontier=        8 next=        2 consolidate=  0.003ms frontier=  0.000ms semisort=  0.003ms (keyed= 0.000ms group_by=  0.001ms per_group= 0.001ms)
[pe] round=135 work=        2 frontier=        8 next=        2 consolidate=  0.003ms frontier=  0.000ms semisort=  0.002ms (keyed= 0.000ms group_by=  0.000ms per_group= 0.001ms)
[pe] round=136 work=        2 frontier=        4 next=        2 consolidate=  0.003ms frontier=  0.000ms semisort=  0.002ms (keyed= 0.000ms group_by=  0.000ms per_group= 0.001ms)
[pe] round=137 work=        2 frontier=       26 next=        3 consolidate=  0.003ms frontier=  0.000ms semisort=  0.005ms (keyed= 0.000ms group_by=  0.001ms per_group= 0.001ms)
[pe] round=138 work=        3 frontier=        8 next=        2 consolidate=  0.003ms frontier=  0.000ms semisort=  0.002ms (keyed= 0.000ms group_by=  0.000ms per_group= 0.001ms)
[pe] round=139 work=        2 frontier=        8 next=        2 consolidate=  0.003ms frontier=  0.000ms semisort=  0.002ms (keyed= 0.000ms group_by=  0.000ms per_group= 0.001ms)
[pe] round=140 work=        2 frontier=        4 next=        2 consolidate=  0.003ms frontier=  0.000ms semisort=  0.002ms (keyed= 0.000ms group_by=  0.000ms per_group= 0.001ms)
[pe] round=141 work=        2 frontier=       26 next=        3 consolidate=  0.002ms frontier=  0.000ms semisort=  0.005ms (keyed= 0.000ms group_by=  0.001ms per_group= 0.002ms)
[pe] round=142 work=        3 frontier=        8 next=        2 consolidate=  0.004ms frontier=  0.000ms semisort=  0.003ms (keyed= 0.000ms group_by=  0.000ms per_group= 0.001ms)
[pe] round=143 work=        2 frontier=        8 next=        2 consolidate=  0.003ms frontier=  0.000ms semisort=  0.002ms (keyed= 0.000ms group_by=  0.000ms per_group= 0.001ms)
[pe] round=144 work=        2 frontier=        4 next=        2 consolidate=  0.003ms frontier=  0.000ms semisort=  0.002ms (keyed= 0.000ms group_by=  0.000ms per_group= 0.001ms)
[pe] round=145 work=        2 frontier=       26 next=        3 consolidate=  0.003ms frontier=  0.000ms semisort=  0.005ms (keyed= 0.000ms group_by=  0.001ms per_group= 0.002ms)
[pe] round=146 work=        3 frontier=        8 next=        2 consolidate=  0.003ms frontier=  0.000ms semisort=  0.003ms (keyed= 0.000ms group_by=  0.000ms per_group= 0.001ms)
[pe] round=147 work=        2 frontier=        8 next=        2 consolidate=  0.003ms frontier=  0.000ms semisort=  0.002ms (keyed= 0.000ms group_by=  0.000ms per_group= 0.001ms)
[pe] round=148 work=        2 frontier=        4 next=        2 consolidate=  0.002ms frontier=  0.000ms semisort=  0.002ms (keyed= 0.000ms group_by=  0.000ms per_group= 0.001ms)
[pe] round=149 work=        2 frontier=       26 next=        3 consolidate=  0.002ms frontier=  0.000ms semisort=  0.005ms (keyed= 0.000ms group_by=  0.001ms per_group= 0.001ms)
[pe] round=150 work=        3 frontier=        8 next=        2 consolidate=  0.003ms frontier=  0.000ms semisort=  0.002ms (keyed= 0.000ms group_by=  0.000ms per_group= 0.001ms)
[pe] round=151 work=        2 frontier=        8 next=        2 consolidate=  0.003ms frontier=  0.000ms semisort=  0.002ms (keyed= 0.000ms group_by=  0.000ms per_group= 0.001ms)
[pe] round=152 work=        2 frontier=        4 next=        2 consolidate=  0.003ms frontier=  0.000ms semisort=  0.002ms (keyed= 0.000ms group_by=  0.000ms per_group= 0.001ms)
[pe] round=153 work=        2 frontier=       26 next=        3 consolidate=  0.003ms frontier=  0.000ms semisort=  0.005ms (keyed= 0.000ms group_by=  0.001ms per_group= 0.001ms)
[pe] round=154 work=        3 frontier=        8 next=        2 consolidate=  0.003ms frontier=  0.000ms semisort=  0.002ms (keyed= 0.000ms group_by=  0.000ms per_group= 0.001ms)
[pe] round=155 work=        2 frontier=        8 next=        2 consolidate=  0.003ms frontier=  0.000ms semisort=  0.002ms (keyed= 0.000ms group_by=  0.000ms per_group= 0.001ms)
[pe] round=156 work=        2 frontier=        4 next=        2 consolidate=  0.002ms frontier=  0.000ms semisort=  0.002ms (keyed= 0.000ms group_by=  0.000ms per_group= 0.001ms)
[pe] round=157 work=        2 frontier=       26 next=        3 consolidate=  0.002ms frontier=  0.000ms semisort=  0.005ms (keyed= 0.000ms group_by=  0.001ms per_group= 0.001ms)
[pe] round=158 work=        3 frontier=        8 next=        2 consolidate=  0.003ms frontier=  0.000ms semisort=  0.003ms (keyed= 0.000ms group_by=  0.000ms per_group= 0.001ms)
[pe] round=159 work=        2 frontier=        8 next=        2 consolidate=  0.003ms frontier=  0.000ms semisort=  0.002ms (keyed= 0.000ms group_by=  0.000ms per_group= 0.001ms)
[pe] round=160 work=        2 frontier=        4 next=        2 consolidate=  0.003ms frontier=  0.000ms semisort=  0.002ms (keyed= 0.000ms group_by=  0.000ms per_group= 0.001ms)
[pe] round=161 work=        2 frontier=       26 next=        3 consolidate=  0.002ms frontier=  0.000ms semisort=  0.005ms (keyed= 0.000ms group_by=  0.001ms per_group= 0.001ms)
[pe] round=162 work=        3 frontier=        8 next=        2 consolidate=  0.003ms frontier=  0.000ms semisort=  0.003ms (keyed= 0.000ms group_by=  0.001ms per_group= 0.001ms)
[pe] round=163 work=        2 frontier=        8 next=        2 consolidate=  0.003ms frontier=  0.000ms semisort=  0.002ms (keyed= 0.000ms group_by=  0.000ms per_group= 0.001ms)
[pe] round=164 work=        2 frontier=        4 next=        2 consolidate=  0.003ms frontier=  0.000ms semisort=  0.002ms (keyed= 0.000ms group_by=  0.000ms per_group= 0.001ms)
[pe] round=165 work=        2 frontier=       26 next=        3 consolidate=  0.002ms frontier=  0.000ms semisort=  0.004ms (keyed= 0.000ms group_by=  0.001ms per_group= 0.001ms)
[pe] round=166 work=        3 frontier=        8 next=        2 consolidate=  0.003ms frontier=  0.000ms semisort=  0.003ms (keyed= 0.000ms group_by=  0.000ms per_group= 0.001ms)
[pe] round=167 work=        2 frontier=        8 next=        2 consolidate=  0.002ms frontier=  0.000ms semisort=  0.002ms (keyed= 0.000ms group_by=  0.000ms per_group= 0.001ms)
[pe] round=168 work=        2 frontier=        4 next=        2 consolidate=  0.003ms frontier=  0.000ms semisort=  0.002ms (keyed= 0.000ms group_by=  0.000ms per_group= 0.001ms)
[pe] round=169 work=        2 frontier=       26 next=        3 consolidate=  0.002ms frontier=  0.000ms semisort=  0.005ms (keyed= 0.000ms group_by=  0.001ms per_group= 0.001ms)
[pe] round=170 work=        3 frontier=        8 next=        2 consolidate=  0.003ms frontier=  0.000ms semisort=  0.003ms (keyed= 0.000ms group_by=  0.000ms per_group= 0.001ms)
[pe] round=171 work=        2 frontier=        8 next=        2 consolidate=  0.003ms frontier=  0.000ms semisort=  0.002ms (keyed= 0.000ms group_by=  0.000ms per_group= 0.001ms)
[pe] round=172 work=        2 frontier=        4 next=        2 consolidate=  0.003ms frontier=  0.000ms semisort=  0.002ms (keyed= 0.000ms group_by=  0.000ms per_group= 0.001ms)
[pe] round=173 work=        2 frontier=       26 next=        3 consolidate=  0.003ms frontier=  0.000ms semisort=  0.005ms (keyed= 0.000ms group_by=  0.001ms per_group= 0.002ms)
[pe] round=174 work=        3 frontier=        8 next=        2 consolidate=  0.004ms frontier=  0.000ms semisort=  0.003ms (keyed= 0.000ms group_by=  0.000ms per_group= 0.001ms)
[pe] round=175 work=        2 frontier=        8 next=        2 consolidate=  0.003ms frontier=  0.000ms semisort=  0.002ms (keyed= 0.000ms group_by=  0.000ms per_group= 0.001ms)
[pe] round=176 work=        2 frontier=        4 next=        2 consolidate=  0.003ms frontier=  0.000ms semisort=  0.002ms (keyed= 0.000ms group_by=  0.000ms per_group= 0.001ms)
[pe] round=177 work=        2 frontier=       26 next=        3 consolidate=  0.003ms frontier=  0.000ms semisort=  0.008ms (keyed= 0.000ms group_by=  0.001ms per_group= 0.001ms)
[pe] round=178 work=        3 frontier=        8 next=        2 consolidate=  0.004ms frontier=  0.001ms semisort=  0.003ms (keyed= 0.000ms group_by=  0.000ms per_group= 0.001ms)
[pe] round=179 work=        2 frontier=        8 next=        2 consolidate=  0.002ms frontier=  0.000ms semisort=  0.002ms (keyed= 0.000ms group_by=  0.000ms per_group= 0.001ms)
[pe] round=180 work=        2 frontier=        4 next=        2 consolidate=  0.003ms frontier=  0.000ms semisort=  0.002ms (keyed= 0.000ms group_by=  0.000ms per_group= 0.001ms)
[pe] round=181 work=        2 frontier=       26 next=        3 consolidate=  0.003ms frontier=  0.000ms semisort=  0.005ms (keyed= 0.000ms group_by=  0.001ms per_group= 0.001ms)
[pe] round=182 work=        3 frontier=        8 next=        2 consolidate=  0.004ms frontier=  0.000ms semisort=  0.002ms (keyed= 0.000ms group_by=  0.000ms per_group= 0.001ms)
[pe] round=183 work=        2 frontier=        8 next=        2 consolidate=  0.003ms frontier=  0.000ms semisort=  0.002ms (keyed= 0.000ms group_by=  0.000ms per_group= 0.001ms)
[pe] round=184 work=        2 frontier=        4 next=        2 consolidate=  0.003ms frontier=  0.000ms semisort=  0.002ms (keyed= 0.000ms group_by=  0.000ms per_group= 0.001ms)
[pe] round=185 work=        2 frontier=       26 next=        3 consolidate=  0.002ms frontier=  0.000ms semisort=  0.005ms (keyed= 0.000ms group_by=  0.001ms per_group= 0.001ms)
[pe] round=186 work=        3 frontier=        8 next=        2 consolidate=  0.003ms frontier=  0.000ms semisort=  0.003ms (keyed= 0.000ms group_by=  0.000ms per_group= 0.001ms)
[pe] round=187 work=        2 frontier=        8 next=        2 consolidate=  0.003ms frontier=  0.000ms semisort=  0.002ms (keyed= 0.000ms group_by=  0.000ms per_group= 0.001ms)
[pe] round=188 work=        2 frontier=        4 next=        2 consolidate=  0.003ms frontier=  0.000ms semisort=  0.002ms (keyed= 0.000ms group_by=  0.000ms per_group= 0.001ms)
[pe] round=189 work=        2 frontier=       26 next=        3 consolidate=  0.003ms frontier=  0.000ms semisort=  0.005ms (keyed= 0.000ms group_by=  0.001ms per_group= 0.002ms)
[pe] round=190 work=        3 frontier=        8 next=        2 consolidate=  0.003ms frontier=  0.000ms semisort=  0.002ms (keyed= 0.000ms group_by=  0.000ms per_group= 0.001ms)
[pe] round=191 work=        2 frontier=        8 next=        2 consolidate=  0.003ms frontier=  0.000ms semisort=  0.002ms (keyed= 0.000ms group_by=  0.000ms per_group= 0.001ms)
[pe] round=192 work=        2 frontier=        4 next=        2 consolidate=  0.002ms frontier=  0.000ms semisort=  0.002ms (keyed= 0.000ms group_by=  0.000ms per_group= 0.001ms)
[pe] round=193 work=        2 frontier=       26 next=        3 consolidate=  0.003ms frontier=  0.000ms semisort=  0.005ms (keyed= 0.000ms group_by=  0.001ms per_group= 0.002ms)
[pe] round=194 work=        3 frontier=        8 next=        2 consolidate=  0.003ms frontier=  0.000ms semisort=  0.002ms (keyed= 0.000ms group_by=  0.000ms per_group= 0.001ms)
[pe] round=195 work=        2 frontier=        8 next=        2 consolidate=  0.003ms frontier=  0.000ms semisort=  0.002ms (keyed= 0.000ms group_by=  0.000ms per_group= 0.001ms)
[pe] round=196 work=        2 frontier=        4 next=        2 consolidate=  0.003ms frontier=  0.000ms semisort=  0.002ms (keyed= 0.000ms group_by=  0.000ms per_group= 0.001ms)
[pe] round=197 work=        2 frontier=       26 next=        3 consolidate=  0.003ms frontier=  0.000ms semisort=  0.005ms (keyed= 0.000ms group_by=  0.001ms per_group= 0.001ms)
[pe] round=198 work=        3 frontier=        8 next=        2 consolidate=  0.003ms frontier=  0.000ms semisort=  0.003ms (keyed= 0.000ms group_by=  0.001ms per_group= 0.001ms)
[pe] round=199 work=        2 frontier=        8 next=        2 consolidate=  0.002ms frontier=  0.000ms semisort=  0.002ms (keyed= 0.000ms group_by=  0.000ms per_group= 0.001ms)
[pe] round=200 work=        2 frontier=        4 next=        2 consolidate=  0.003ms frontier=  0.000ms semisort=  0.002ms (keyed= 0.000ms group_by=  0.000ms per_group= 0.001ms)
[pe] round=201 work=        2 frontier=       26 next=        3 consolidate=  0.002ms frontier=  0.000ms semisort=  0.005ms (keyed= 0.000ms group_by=  0.001ms per_group= 0.001ms)
[pe] round=202 work=        3 frontier=        8 next=        2 consolidate=  0.003ms frontier=  0.000ms semisort=  0.003ms (keyed= 0.000ms group_by=  0.000ms per_group= 0.001ms)
[pe] round=203 work=        2 frontier=        8 next=        2 consolidate=  0.003ms frontier=  0.000ms semisort=  0.002ms (keyed= 0.000ms group_by=  0.000ms per_group= 0.001ms)
[pe] round=204 work=        2 frontier=        4 next=        2 consolidate=  0.003ms frontier=  0.000ms semisort=  0.002ms (keyed= 0.000ms group_by=  0.000ms per_group= 0.001ms)
[pe] round=205 work=        2 frontier=       26 next=        3 consolidate=  0.003ms frontier=  0.000ms semisort=  0.005ms (keyed= 0.000ms group_by=  0.001ms per_group= 0.001ms)
[pe] round=206 work=        3 frontier=        8 next=        2 consolidate=  0.003ms frontier=  0.000ms semisort=  0.003ms (keyed= 0.000ms group_by=  0.000ms per_group= 0.001ms)
[pe] round=207 work=        2 frontier=        8 next=        2 consolidate=  0.003ms frontier=  0.000ms semisort=  0.002ms (keyed= 0.000ms group_by=  0.000ms per_group= 0.001ms)
[pe] round=208 work=        2 frontier=        4 next=        2 consolidate=  0.003ms frontier=  0.000ms semisort=  0.002ms (keyed= 0.000ms group_by=  0.000ms per_group= 0.001ms)
[pe] round=209 work=        2 frontier=       26 next=        3 consolidate=  0.002ms frontier=  0.000ms semisort=  0.005ms (keyed= 0.000ms group_by=  0.001ms per_group= 0.002ms)
[pe] round=210 work=        3 frontier=        8 next=        2 consolidate=  0.003ms frontier=  0.000ms semisort=  0.003ms (keyed= 0.000ms group_by=  0.000ms per_group= 0.001ms)
[pe] round=211 work=        2 frontier=        8 next=        2 consolidate=  0.003ms frontier=  0.000ms semisort=  0.002ms (keyed= 0.000ms group_by=  0.000ms per_group= 0.001ms)
[pe] round=212 work=        2 frontier=        4 next=        2 consolidate=  0.003ms frontier=  0.000ms semisort=  0.002ms (keyed= 0.000ms group_by=  0.000ms per_group= 0.001ms)
[pe] round=213 work=        2 frontier=       26 next=        3 consolidate=  0.003ms frontier=  0.000ms semisort=  0.005ms (keyed= 0.000ms group_by=  0.001ms per_group= 0.002ms)
[pe] round=214 work=        3 frontier=        8 next=        2 consolidate=  0.003ms frontier=  0.000ms semisort=  0.002ms (keyed= 0.000ms group_by=  0.000ms per_group= 0.001ms)
[pe] round=215 work=        2 frontier=        8 next=        2 consolidate=  0.003ms frontier=  0.000ms semisort=  0.002ms (keyed= 0.000ms group_by=  0.000ms per_group= 0.001ms)
[pe] round=216 work=        2 frontier=        4 next=        2 consolidate=  0.003ms frontier=  0.000ms semisort=  0.002ms (keyed= 0.000ms group_by=  0.000ms per_group= 0.001ms)
[pe] round=217 work=        2 frontier=       26 next=        3 consolidate=  0.003ms frontier=  0.000ms semisort=  0.005ms (keyed= 0.000ms group_by=  0.001ms per_group= 0.001ms)
[pe] round=218 work=        3 frontier=        8 next=        2 consolidate=  0.004ms frontier=  0.000ms semisort=  0.003ms (keyed= 0.000ms group_by=  0.001ms per_group= 0.001ms)
[pe] round=219 work=        2 frontier=        8 next=        2 consolidate=  0.002ms frontier=  0.000ms semisort=  0.002ms (keyed= 0.000ms group_by=  0.000ms per_group= 0.001ms)
[pe] round=220 work=        2 frontier=        4 next=        2 consolidate=  0.003ms frontier=  0.000ms semisort=  0.002ms (keyed= 0.000ms group_by=  0.000ms per_group= 0.001ms)
[pe] round=221 work=        2 frontier=       26 next=        3 consolidate=  0.003ms frontier=  0.000ms semisort=  0.005ms (keyed= 0.000ms group_by=  0.001ms per_group= 0.001ms)
[pe] round=222 work=        3 frontier=        8 next=        2 consolidate=  0.003ms frontier=  0.000ms semisort=  0.002ms (keyed= 0.000ms group_by=  0.000ms per_group= 0.001ms)
[pe] round=223 work=        2 frontier=        8 next=        2 consolidate=  0.003ms frontier=  0.000ms semisort=  0.002ms (keyed= 0.000ms group_by=  0.000ms per_group= 0.001ms)
[pe] round=224 work=        2 frontier=        4 next=        2 consolidate=  0.003ms frontier=  0.000ms semisort=  0.002ms (keyed= 0.000ms group_by=  0.000ms per_group= 0.001ms)
[pe] round=225 work=        2 frontier=       26 next=        3 consolidate=  0.003ms frontier=  0.000ms semisort=  0.005ms (keyed= 0.000ms group_by=  0.001ms per_group= 0.001ms)
[pe] round=226 work=        3 frontier=        8 next=        2 consolidate=  0.004ms frontier=  0.000ms semisort=  0.002ms (keyed= 0.000ms group_by=  0.000ms per_group= 0.001ms)
[pe] round=227 work=        2 frontier=        8 next=        2 consolidate=  0.002ms frontier=  0.000ms semisort=  0.002ms (keyed= 0.000ms group_by=  0.000ms per_group= 0.001ms)
[pe] round=228 work=        2 frontier=        4 next=        2 consolidate=  0.003ms frontier=  0.000ms semisort=  0.002ms (keyed= 0.000ms group_by=  0.000ms per_group= 0.001ms)
[pe] round=229 work=        2 frontier=       26 next=        3 consolidate=  0.003ms frontier=  0.000ms semisort=  0.005ms (keyed= 0.000ms group_by=  0.001ms per_group= 0.001ms)
[pe] round=230 work=        3 frontier=        8 next=        2 consolidate=  0.003ms frontier=  0.000ms semisort=  0.003ms (keyed= 0.000ms group_by=  0.000ms per_group= 0.001ms)
[pe] round=231 work=        2 frontier=        8 next=        2 consolidate=  0.002ms frontier=  0.000ms semisort=  0.002ms (keyed= 0.000ms group_by=  0.000ms per_group= 0.001ms)
[pe] round=232 work=        2 frontier=        4 next=        2 consolidate=  0.003ms frontier=  0.000ms semisort=  0.002ms (keyed= 0.000ms group_by=  0.000ms per_group= 0.001ms)
[pe] round=233 work=        2 frontier=       26 next=        3 consolidate=  0.002ms frontier=  0.000ms semisort=  0.005ms (keyed= 0.000ms group_by=  0.001ms per_group= 0.002ms)
[pe] round=234 work=        3 frontier=        8 next=        2 consolidate=  0.003ms frontier=  0.000ms semisort=  0.003ms (keyed= 0.000ms group_by=  0.000ms per_group= 0.001ms)
[pe] round=235 work=        2 frontier=        8 next=        2 consolidate=  0.003ms frontier=  0.000ms semisort=  0.003ms (keyed= 0.000ms group_by=  0.000ms per_group= 0.001ms)
[pe] round=236 work=        2 frontier=        4 next=        2 consolidate=  0.003ms frontier=  0.000ms semisort=  0.002ms (keyed= 0.000ms group_by=  0.000ms per_group= 0.001ms)
[pe] round=237 work=        2 frontier=       26 next=        3 consolidate=  0.003ms frontier=  0.000ms semisort=  0.005ms (keyed= 0.000ms group_by=  0.001ms per_group= 0.001ms)
[pe] round=238 work=        3 frontier=        8 next=        2 consolidate=  0.003ms frontier=  0.000ms semisort=  0.003ms (keyed= 0.000ms group_by=  0.000ms per_group= 0.001ms)
[pe] round=239 work=        2 frontier=        8 next=        2 consolidate=  0.003ms frontier=  0.000ms semisort=  0.003ms (keyed= 0.000ms group_by=  0.000ms per_group= 0.001ms)
[pe] round=240 work=        2 frontier=        4 next=        2 consolidate=  0.003ms frontier=  0.000ms semisort=  0.002ms (keyed= 0.000ms group_by=  0.000ms per_group= 0.001ms)
[pe] round=241 work=        2 frontier=       26 next=        3 consolidate=  0.003ms frontier=  0.000ms semisort=  0.005ms (keyed= 0.000ms group_by=  0.001ms per_group= 0.001ms)
[pe] round=242 work=        3 frontier=        8 next=        2 consolidate=  0.003ms frontier=  0.000ms semisort=  0.003ms (keyed= 0.000ms group_by=  0.000ms per_group= 0.001ms)
[pe] round=243 work=        2 frontier=        8 next=        2 consolidate=  0.003ms frontier=  0.000ms semisort=  0.002ms (keyed= 0.000ms group_by=  0.000ms per_group= 0.001ms)
[pe] round=244 work=        2 frontier=        4 next=        2 consolidate=  0.002ms frontier=  0.000ms semisort=  0.002ms (keyed= 0.000ms group_by=  0.000ms per_group= 0.001ms)
[pe] round=245 work=        2 frontier=       26 next=        3 consolidate=  0.003ms frontier=  0.000ms semisort=  0.005ms (keyed= 0.000ms group_by=  0.001ms per_group= 0.001ms)
[pe] round=246 work=        3 frontier=        8 next=        2 consolidate=  0.004ms frontier=  0.000ms semisort=  0.003ms (keyed= 0.000ms group_by=  0.000ms per_group= 0.001ms)
[pe] round=247 work=        2 frontier=        8 next=        2 consolidate=  0.003ms frontier=  0.000ms semisort=  0.002ms (keyed= 0.000ms group_by=  0.000ms per_group= 0.001ms)
[pe] round=248 work=        2 frontier=        4 next=        2 consolidate=  0.003ms frontier=  0.000ms semisort=  0.002ms (keyed= 0.000ms group_by=  0.000ms per_group= 0.001ms)
[pe] round=249 work=        2 frontier=       26 next=        3 consolidate=  0.002ms frontier=  0.000ms semisort=  0.005ms (keyed= 0.000ms group_by=  0.001ms per_group= 0.001ms)
[pe] round=250 work=        3 frontier=        8 next=        2 consolidate=  0.003ms frontier=  0.000ms semisort=  0.003ms (keyed= 0.000ms group_by=  0.000ms per_group= 0.001ms)
[pe] round=251 work=        2 frontier=        8 next=        2 consolidate=  0.003ms frontier=  0.000ms semisort=  0.002ms (keyed= 0.000ms group_by=  0.000ms per_group= 0.001ms)
[pe] round=252 work=        2 frontier=        4 next=        2 consolidate=  0.003ms frontier=  0.000ms semisort=  0.002ms (keyed= 0.000ms group_by=  0.000ms per_group= 0.001ms)
[pe] round=253 work=        2 frontier=       26 next=        3 consolidate=  0.003ms frontier=  0.000ms semisort=  0.005ms (keyed= 0.000ms group_by=  0.001ms per_group= 0.001ms)
[pe] round=254 work=        3 frontier=        8 next=        2 consolidate=  0.004ms frontier=  0.000ms semisort=  0.003ms (keyed= 0.000ms group_by=  0.000ms per_group= 0.001ms)
[pe] round=255 work=        2 frontier=        8 next=        2 consolidate=  0.003ms frontier=  0.000ms semisort=  0.003ms (keyed= 0.000ms group_by=  0.000ms per_group= 0.001ms)
[pe] round=256 work=        2 frontier=        4 next=        2 consolidate=  0.003ms frontier=  0.000ms semisort=  0.002ms (keyed= 0.000ms group_by=  0.000ms per_group= 0.001ms)
[pe] round=257 work=        2 frontier=       18 next=        2 consolidate=  0.003ms frontier=  0.000ms semisort=  0.005ms (keyed= 0.000ms group_by=  0.001ms per_group= 0.001ms)
[pe] round=258 work=        2 frontier=        4 next=        0 consolidate=  0.003ms frontier=  0.000ms semisort=  0.002ms (keyed= 0.000ms group_by=  0.000ms per_group= 0.001ms)
[pe] round=  0 work= 10493552 frontier=  5437767 next=    24065 consolidate=3934.052ms frontier=389.279ms semisort=1099.314ms (keyed=146.640ms group_by= 21.206ms per_group=347.698ms)
[pe] round=  1 work=    24065 frontier=   237543 next=    16558 consolidate= 31.070ms frontier=  1.163ms semisort= 60.731ms (keyed= 0.789ms group_by= 32.903ms per_group=10.847ms)
[pe] round=  2 work=    16558 frontier=    56774 next=     1307 consolidate= 18.794ms frontier=  0.814ms semisort= 14.344ms (keyed= 0.113ms group_by=  7.826ms per_group= 1.597ms)
[pe] round=  3 work=     1307 frontier=    29389 next=      920 consolidate=  1.431ms frontier=  0.047ms semisort=  6.238ms (keyed= 0.060ms group_by=  3.673ms per_group= 0.743ms)
[pe] round=  4 work=      920 frontier=    12744 next=     1826 consolidate=  0.954ms frontier=  0.029ms semisort=  3.601ms (keyed= 0.025ms group_by=  1.546ms per_group= 1.053ms)
[pe] round=  5 work=     1826 frontier=     7383 next=      421 consolidate=  1.744ms frontier=  0.052ms semisort=  1.655ms (keyed= 0.019ms group_by=  0.704ms per_group= 0.271ms)
[pe] round=  6 work=      421 frontier=     1777 next=      150 consolidate=  0.436ms frontier=  0.013ms semisort=  0.276ms (keyed= 0.003ms group_by=  0.081ms per_group= 0.060ms)
[pe] round=  7 work=      150 frontier=      328 next=      115 consolidate=  0.136ms frontier=  0.006ms semisort=  0.064ms (keyed= 0.001ms group_by=  0.014ms per_group= 0.029ms)
[pe] round=  8 work=      115 frontier=     1774 next=      138 consolidate=  0.111ms frontier=  0.005ms semisort=  0.224ms (keyed= 0.002ms group_by=  0.070ms per_group= 0.052ms)
[pe] round=  9 work=      138 frontier=      912 next=       39 consolidate=  0.134ms frontier=  0.005ms semisort=  0.106ms (keyed= 0.001ms group_by=  0.037ms per_group= 0.022ms)
[pe] round= 10 work=       39 frontier=      124 next=       38 consolidate=  0.037ms frontier=  0.002ms semisort=  0.025ms (keyed= 0.000ms group_by=  0.006ms per_group= 0.011ms)
[pe] round= 11 work=       38 frontier=      670 next=       40 consolidate=  0.034ms frontier=  0.002ms semisort=  0.086ms (keyed= 0.001ms group_by=  0.026ms per_group= 0.024ms)
[pe] round= 12 work=       40 frontier=      279 next=       16 consolidate=  0.038ms frontier=  0.002ms semisort=  0.034ms (keyed= 0.001ms group_by=  0.012ms per_group= 0.009ms)
[pe] round= 13 work=       16 frontier=       67 next=       13 consolidate=  0.016ms frontier=  0.001ms semisort=  0.013ms (keyed= 0.000ms group_by=  0.003ms per_group= 0.005ms)
[pe] round= 14 work=       13 frontier=      333 next=       12 consolidate=  0.014ms frontier=  0.001ms semisort=  0.037ms (keyed= 0.001ms group_by=  0.011ms per_group= 0.008ms)
[pe] round= 15 work=       12 frontier=      124 next=        5 consolidate=  0.012ms frontier=  0.001ms semisort=  0.015ms (keyed= 0.000ms group_by=  0.005ms per_group= 0.004ms)
[pe] round= 16 work=        5 frontier=       10 next=        5 consolidate=  0.005ms frontier=  0.001ms semisort=  0.004ms (keyed= 0.000ms group_by=  0.001ms per_group= 0.002ms)
[pe] round= 17 work=        5 frontier=      431 next=        6 consolidate=  0.006ms frontier=  0.001ms semisort=  0.043ms (keyed= 0.001ms group_by=  0.014ms per_group= 0.008ms)
[pe] round= 18 work=        6 frontier=      140 next=        4 consolidate=  0.007ms frontier=  0.001ms semisort=  0.015ms (keyed= 0.000ms group_by=  0.005ms per_group= 0.004ms)
[pe] round= 19 work=        4 frontier=       12 next=        3 consolidate=  0.005ms frontier=  0.001ms semisort=  0.004ms (keyed= 0.000ms group_by=  0.001ms per_group= 0.001ms)
[pe] round= 20 work=        3 frontier=        6 next=        3 consolidate=  0.003ms frontier=  0.001ms semisort=  0.003ms (keyed= 0.000ms group_by=  0.000ms per_group= 0.001ms)
[pe] round= 21 work=        3 frontier=       39 next=        4 consolidate=  0.003ms frontier=  0.001ms semisort=  0.008ms (keyed= 0.000ms group_by=  0.002ms per_group= 0.002ms)
[pe] round= 22 work=        4 frontier=       12 next=        3 consolidate=  0.005ms frontier=  0.001ms semisort=  0.004ms (keyed= 0.000ms group_by=  0.001ms per_group= 0.001ms)
[pe] round= 23 work=        3 frontier=       12 next=        3 consolidate=  0.004ms frontier=  0.000ms semisort=  0.003ms (keyed= 0.000ms group_by=  0.000ms per_group= 0.001ms)
[pe] round= 24 work=        3 frontier=        6 next=        3 consolidate=  0.003ms frontier=  0.001ms semisort=  0.003ms (keyed= 0.000ms group_by=  0.001ms per_group= 0.001ms)
[pe] round= 25 work=        3 frontier=       37 next=        5 consolidate=  0.004ms frontier=  0.001ms semisort=  0.008ms (keyed= 0.000ms group_by=  0.002ms per_group= 0.002ms)
[pe] round= 26 work=        5 frontier=       15 next=        2 consolidate=  0.006ms frontier=  0.001ms semisort=  0.004ms (keyed= 0.000ms group_by=  0.001ms per_group= 0.001ms)
[pe] round= 27 work=        2 frontier=        8 next=        2 consolidate=  0.003ms frontier=  0.000ms semisort=  0.003ms (keyed= 0.000ms group_by=  0.000ms per_group= 0.001ms)
[pe] round= 28 work=        2 frontier=        4 next=        2 consolidate=  0.003ms frontier=  0.000ms semisort=  0.002ms (keyed= 0.000ms group_by=  0.000ms per_group= 0.001ms)
[pe] round= 29 work=        2 frontier=       26 next=        3 consolidate=  0.003ms frontier=  0.000ms semisort=  0.005ms (keyed= 0.000ms group_by=  0.001ms per_group= 0.002ms)
[pe] round= 30 work=        3 frontier=        8 next=        2 consolidate=  0.004ms frontier=  0.000ms semisort=  0.003ms (keyed= 0.000ms group_by=  0.000ms per_group= 0.001ms)
[pe] round= 31 work=        2 frontier=        8 next=        2 consolidate=  0.003ms frontier=  0.000ms semisort=  0.003ms (keyed= 0.000ms group_by=  0.000ms per_group= 0.001ms)
[pe] round= 32 work=        2 frontier=        4 next=        2 consolidate=  0.003ms frontier=  0.000ms semisort=  0.002ms (keyed= 0.000ms group_by=  0.000ms per_group= 0.001ms)
[pe] round= 33 work=        2 frontier=       26 next=        3 consolidate=  0.003ms frontier=  0.000ms semisort=  0.005ms (keyed= 0.000ms group_by=  0.001ms per_group= 0.002ms)
[pe] round= 34 work=        3 frontier=        8 next=        2 consolidate=  0.003ms frontier=  0.000ms semisort=  0.003ms (keyed= 0.000ms group_by=  0.000ms per_group= 0.001ms)
[pe] round= 35 work=        2 frontier=        8 next=        2 consolidate=  0.003ms frontier=  0.000ms semisort=  0.002ms (keyed= 0.000ms group_by=  0.000ms per_group= 0.001ms)
[pe] round= 36 work=        2 frontier=        4 next=        2 consolidate=  0.003ms frontier=  0.000ms semisort=  0.002ms (keyed= 0.000ms group_by=  0.000ms per_group= 0.001ms)
[pe] round= 37 work=        2 frontier=       26 next=        3 consolidate=  0.003ms frontier=  0.000ms semisort=  0.005ms (keyed= 0.000ms group_by=  0.001ms per_group= 0.002ms)
[pe] round= 38 work=        3 frontier=        8 next=        2 consolidate=  0.004ms frontier=  0.000ms semisort=  0.002ms (keyed= 0.000ms group_by=  0.000ms per_group= 0.001ms)
[pe] round= 39 work=        2 frontier=        8 next=        2 consolidate=  0.003ms frontier=  0.000ms semisort=  0.002ms (keyed= 0.000ms group_by=  0.000ms per_group= 0.001ms)
[pe] round= 40 work=        2 frontier=        4 next=        2 consolidate=  0.003ms frontier=  0.000ms semisort=  0.002ms (keyed= 0.000ms group_by=  0.000ms per_group= 0.001ms)
[pe] round= 41 work=        2 frontier=       26 next=        3 consolidate=  0.003ms frontier=  0.000ms semisort=  0.005ms (keyed= 0.000ms group_by=  0.001ms per_group= 0.002ms)
[pe] round= 42 work=        3 frontier=        8 next=        2 consolidate=  0.003ms frontier=  0.000ms semisort=  0.003ms (keyed= 0.000ms group_by=  0.000ms per_group= 0.001ms)
[pe] round= 43 work=        2 frontier=        8 next=        2 consolidate=  0.003ms frontier=  0.000ms semisort=  0.002ms (keyed= 0.000ms group_by=  0.000ms per_group= 0.001ms)
[pe] round= 44 work=        2 frontier=        4 next=        2 consolidate=  0.003ms frontier=  0.000ms semisort=  0.002ms (keyed= 0.000ms group_by=  0.000ms per_group= 0.001ms)
[pe] round= 45 work=        2 frontier=       26 next=        3 consolidate=  0.003ms frontier=  0.000ms semisort=  0.005ms (keyed= 0.000ms group_by=  0.001ms per_group= 0.002ms)
[pe] round= 46 work=        3 frontier=        8 next=        2 consolidate=  0.004ms frontier=  0.000ms semisort=  0.003ms (keyed= 0.000ms group_by=  0.000ms per_group= 0.001ms)
[pe] round= 47 work=        2 frontier=        8 next=        2 consolidate=  0.002ms frontier=  0.000ms semisort=  0.003ms (keyed= 0.000ms group_by=  0.001ms per_group= 0.001ms)
[pe] round= 48 work=        2 frontier=        4 next=        2 consolidate=  0.002ms frontier=  0.000ms semisort=  0.002ms (keyed= 0.000ms group_by=  0.000ms per_group= 0.001ms)
[pe] round= 49 work=        2 frontier=       26 next=        3 consolidate=  0.003ms frontier=  0.000ms semisort=  0.005ms (keyed= 0.000ms group_by=  0.001ms per_group= 0.002ms)
[pe] round= 50 work=        3 frontier=        8 next=        2 consolidate=  0.003ms frontier=  0.000ms semisort=  0.003ms (keyed= 0.000ms group_by=  0.001ms per_group= 0.001ms)
[pe] round= 51 work=        2 frontier=        8 next=        2 consolidate=  0.002ms frontier=  0.000ms semisort=  0.002ms (keyed= 0.000ms group_by=  0.000ms per_group= 0.001ms)
[pe] round= 52 work=        2 frontier=        4 next=        2 consolidate=  0.003ms frontier=  0.000ms semisort=  0.002ms (keyed= 0.000ms group_by=  0.000ms per_group= 0.001ms)
[pe] round= 53 work=        2 frontier=       26 next=        3 consolidate=  0.003ms frontier=  0.000ms semisort=  0.005ms (keyed= 0.000ms group_by=  0.001ms per_group= 0.002ms)
[pe] round= 54 work=        3 frontier=        8 next=        2 consolidate=  0.004ms frontier=  0.000ms semisort=  0.003ms (keyed= 0.000ms group_by=  0.000ms per_group= 0.001ms)
[pe] round= 55 work=        2 frontier=        8 next=        2 consolidate=  0.003ms frontier=  0.000ms semisort=  0.002ms (keyed= 0.000ms group_by=  0.000ms per_group= 0.001ms)
[pe] round= 56 work=        2 frontier=        4 next=        2 consolidate=  0.003ms frontier=  0.000ms semisort=  0.002ms (keyed= 0.000ms group_by=  0.000ms per_group= 0.001ms)
[pe] round= 57 work=        2 frontier=       26 next=        3 consolidate=  0.002ms frontier=  0.000ms semisort=  0.005ms (keyed= 0.000ms group_by=  0.001ms per_group= 0.002ms)
[pe] round= 58 work=        3 frontier=        8 next=        2 consolidate=  0.003ms frontier=  0.000ms semisort=  0.003ms (keyed= 0.000ms group_by=  0.000ms per_group= 0.001ms)
[pe] round= 59 work=        2 frontier=        8 next=        2 consolidate=  0.002ms frontier=  0.000ms semisort=  0.002ms (keyed= 0.000ms group_by=  0.000ms per_group= 0.001ms)
[pe] round= 60 work=        2 frontier=        4 next=        2 consolidate=  0.003ms frontier=  0.000ms semisort=  0.002ms (keyed= 0.000ms group_by=  0.000ms per_group= 0.001ms)
[pe] round= 61 work=        2 frontier=       26 next=        3 consolidate=  0.003ms frontier=  0.000ms semisort=  0.005ms (keyed= 0.000ms group_by=  0.001ms per_group= 0.002ms)
[pe] round= 62 work=        3 frontier=        8 next=        2 consolidate=  0.003ms frontier=  0.000ms semisort=  0.003ms (keyed= 0.000ms group_by=  0.001ms per_group= 0.001ms)
[pe] round= 63 work=        2 frontier=        8 next=        2 consolidate=  0.003ms frontier=  0.000ms semisort=  0.002ms (keyed= 0.000ms group_by=  0.001ms per_group= 0.001ms)
[pe] round= 64 work=        2 frontier=        4 next=        2 consolidate=  0.002ms frontier=  0.000ms semisort=  0.002ms (keyed= 0.000ms group_by=  0.000ms per_group= 0.001ms)
[pe] round= 65 work=        2 frontier=       26 next=        3 consolidate=  0.003ms frontier=  0.000ms semisort=  0.005ms (keyed= 0.000ms group_by=  0.001ms per_group= 0.001ms)
[pe] round= 66 work=        3 frontier=        8 next=        2 consolidate=  0.003ms frontier=  0.000ms semisort=  0.003ms (keyed= 0.000ms group_by=  0.000ms per_group= 0.001ms)
[pe] round= 67 work=        2 frontier=        8 next=        2 consolidate=  0.003ms frontier=  0.000ms semisort=  0.002ms (keyed= 0.000ms group_by=  0.000ms per_group= 0.001ms)
[pe] round= 68 work=        2 frontier=        4 next=        2 consolidate=  0.003ms frontier=  0.000ms semisort=  0.002ms (keyed= 0.000ms group_by=  0.000ms per_group= 0.001ms)
[pe] round= 69 work=        2 frontier=       26 next=        3 consolidate=  0.002ms frontier=  0.000ms semisort=  0.005ms (keyed= 0.000ms group_by=  0.001ms per_group= 0.001ms)
[pe] round= 70 work=        3 frontier=        8 next=        2 consolidate=  0.003ms frontier=  0.000ms semisort=  0.003ms (keyed= 0.000ms group_by=  0.001ms per_group= 0.001ms)
[pe] round= 71 work=        2 frontier=        8 next=        2 consolidate=  0.003ms frontier=  0.000ms semisort=  0.002ms (keyed= 0.000ms group_by=  0.000ms per_group= 0.001ms)
[pe] round= 72 work=        2 frontier=        4 next=        2 consolidate=  0.003ms frontier=  0.000ms semisort=  0.002ms (keyed= 0.000ms group_by=  0.000ms per_group= 0.001ms)
[pe] round= 73 work=        2 frontier=       26 next=        3 consolidate=  0.003ms frontier=  0.000ms semisort=  0.005ms (keyed= 0.000ms group_by=  0.001ms per_group= 0.001ms)
[pe] round= 74 work=        3 frontier=        8 next=        2 consolidate=  0.003ms frontier=  0.000ms semisort=  0.003ms (keyed= 0.000ms group_by=  0.000ms per_group= 0.001ms)
[pe] round= 75 work=        2 frontier=        8 next=        2 consolidate=  0.002ms frontier=  0.000ms semisort=  0.002ms (keyed= 0.000ms group_by=  0.000ms per_group= 0.001ms)
[pe] round= 76 work=        2 frontier=        4 next=        2 consolidate=  0.003ms frontier=  0.000ms semisort=  0.002ms (keyed= 0.000ms group_by=  0.000ms per_group= 0.001ms)
[pe] round= 77 work=        2 frontier=       26 next=        3 consolidate=  0.003ms frontier=  0.000ms semisort=  0.005ms (keyed= 0.000ms group_by=  0.001ms per_group= 0.002ms)
[pe] round= 78 work=        3 frontier=        8 next=        2 consolidate=  0.004ms frontier=  0.000ms semisort=  0.003ms (keyed= 0.000ms group_by=  0.000ms per_group= 0.001ms)
[pe] round= 79 work=        2 frontier=        8 next=        2 consolidate=  0.003ms frontier=  0.000ms semisort=  0.002ms (keyed= 0.000ms group_by=  0.000ms per_group= 0.001ms)
[pe] round= 80 work=        2 frontier=        4 next=        2 consolidate=  0.003ms frontier=  0.000ms semisort=  0.002ms (keyed= 0.000ms group_by=  0.000ms per_group= 0.001ms)
[pe] round= 81 work=        2 frontier=       26 next=        3 consolidate=  0.002ms frontier=  0.000ms semisort=  0.005ms (keyed= 0.000ms group_by=  0.001ms per_group= 0.001ms)
[pe] round= 82 work=        3 frontier=        8 next=        2 consolidate=  0.003ms frontier=  0.000ms semisort=  0.003ms (keyed= 0.000ms group_by=  0.000ms per_group= 0.001ms)
[pe] round= 83 work=        2 frontier=        8 next=        2 consolidate=  0.003ms frontier=  0.000ms semisort=  0.002ms (keyed= 0.000ms group_by=  0.000ms per_group= 0.001ms)
[pe] round= 84 work=        2 frontier=        4 next=        2 consolidate=  0.002ms frontier=  0.000ms semisort=  0.002ms (keyed= 0.000ms group_by=  0.000ms per_group= 0.001ms)
[pe] round= 85 work=        2 frontier=       26 next=        3 consolidate=  0.003ms frontier=  0.000ms semisort=  0.004ms (keyed= 0.000ms group_by=  0.001ms per_group= 0.001ms)
[pe] round= 86 work=        3 frontier=        8 next=        2 consolidate=  0.003ms frontier=  0.000ms semisort=  0.003ms (keyed= 0.000ms group_by=  0.000ms per_group= 0.001ms)
[pe] round= 87 work=        2 frontier=        8 next=        2 consolidate=  0.003ms frontier=  0.000ms semisort=  0.002ms (keyed= 0.000ms group_by=  0.000ms per_group= 0.001ms)
[pe] round= 88 work=        2 frontier=        4 next=        2 consolidate=  0.003ms frontier=  0.000ms semisort=  0.002ms (keyed= 0.000ms group_by=  0.000ms per_group= 0.001ms)
[pe] round= 89 work=        2 frontier=       26 next=        3 consolidate=  0.002ms frontier=  0.000ms semisort=  0.005ms (keyed= 0.000ms group_by=  0.001ms per_group= 0.002ms)
[pe] round= 90 work=        3 frontier=        8 next=        2 consolidate=  0.003ms frontier=  0.000ms semisort=  0.003ms (keyed= 0.000ms group_by=  0.000ms per_group= 0.001ms)
[pe] round= 91 work=        2 frontier=        8 next=        2 consolidate=  0.002ms frontier=  0.000ms semisort=  0.002ms (keyed= 0.000ms group_by=  0.000ms per_group= 0.001ms)
[pe] round= 92 work=        2 frontier=        4 next=        2 consolidate=  0.002ms frontier=  0.000ms semisort=  0.002ms (keyed= 0.000ms group_by=  0.000ms per_group= 0.001ms)
[pe] round= 93 work=        2 frontier=       26 next=        3 consolidate=  0.003ms frontier=  0.000ms semisort=  0.005ms (keyed= 0.000ms group_by=  0.001ms per_group= 0.002ms)
[pe] round= 94 work=        3 frontier=        8 next=        2 consolidate=  0.003ms frontier=  0.000ms semisort=  0.002ms (keyed= 0.000ms group_by=  0.000ms per_group= 0.001ms)
[pe] round= 95 work=        2 frontier=        8 next=        2 consolidate=  0.003ms frontier=  0.000ms semisort=  0.002ms (keyed= 0.000ms group_by=  0.000ms per_group= 0.001ms)
[pe] round= 96 work=        2 frontier=        4 next=        2 consolidate=  0.003ms frontier=  0.000ms semisort=  0.002ms (keyed= 0.000ms group_by=  0.000ms per_group= 0.001ms)
[pe] round= 97 work=        2 frontier=       26 next=        3 consolidate=  0.003ms frontier=  0.000ms semisort=  0.005ms (keyed= 0.000ms group_by=  0.001ms per_group= 0.001ms)
[pe] round= 98 work=        3 frontier=        8 next=        2 consolidate=  0.008ms frontier=  0.000ms semisort=  0.003ms (keyed= 0.000ms group_by=  0.000ms per_group= 0.001ms)
[pe] round= 99 work=        2 frontier=        8 next=        2 consolidate=  0.003ms frontier=  0.000ms semisort=  0.002ms (keyed= 0.000ms group_by=  0.000ms per_group= 0.001ms)
[pe] round=100 work=        2 frontier=        4 next=        2 consolidate=  0.002ms frontier=  0.000ms semisort=  0.002ms (keyed= 0.000ms group_by=  0.000ms per_group= 0.001ms)
[pe] round=101 work=        2 frontier=       26 next=        3 consolidate=  0.003ms frontier=  0.000ms semisort=  0.005ms (keyed= 0.000ms group_by=  0.001ms per_group= 0.002ms)
[pe] round=102 work=        3 frontier=        8 next=        2 consolidate=  0.004ms frontier=  0.000ms semisort=  0.003ms (keyed= 0.000ms group_by=  0.000ms per_group= 0.001ms)
[pe] round=103 work=        2 frontier=        8 next=        2 consolidate=  0.003ms frontier=  0.000ms semisort=  0.002ms (keyed= 0.000ms group_by=  0.000ms per_group= 0.001ms)
[pe] round=104 work=        2 frontier=        4 next=        2 consolidate=  0.003ms frontier=  0.000ms semisort=  0.002ms (keyed= 0.000ms group_by=  0.000ms per_group= 0.001ms)
[pe] round=105 work=        2 frontier=       26 next=        3 consolidate=  0.002ms frontier=  0.000ms semisort=  0.005ms (keyed= 0.000ms group_by=  0.001ms per_group= 0.002ms)
[pe] round=106 work=        3 frontier=        8 next=        2 consolidate=  0.003ms frontier=  0.000ms semisort=  0.003ms (keyed= 0.000ms group_by=  0.000ms per_group= 0.001ms)
[pe] round=107 work=        2 frontier=        8 next=        2 consolidate=  0.003ms frontier=  0.000ms semisort=  0.002ms (keyed= 0.000ms group_by=  0.000ms per_group= 0.001ms)
[pe] round=108 work=        2 frontier=        4 next=        2 consolidate=  0.002ms frontier=  0.000ms semisort=  0.002ms (keyed= 0.000ms group_by=  0.000ms per_group= 0.001ms)
[pe] round=109 work=        2 frontier=       26 next=        3 consolidate=  0.003ms frontier=  0.000ms semisort=  0.005ms (keyed= 0.000ms group_by=  0.001ms per_group= 0.002ms)
[pe] round=110 work=        3 frontier=        8 next=        2 consolidate=  0.003ms frontier=  0.000ms semisort=  0.003ms (keyed= 0.000ms group_by=  0.000ms per_group= 0.001ms)
[pe] round=111 work=        2 frontier=        8 next=        2 consolidate=  0.003ms frontier=  0.000ms semisort=  0.003ms (keyed= 0.000ms group_by=  0.000ms per_group= 0.001ms)
[pe] round=112 work=        2 frontier=        4 next=        2 consolidate=  0.003ms frontier=  0.000ms semisort=  0.002ms (keyed= 0.000ms group_by=  0.000ms per_group= 0.001ms)
[pe] round=113 work=        2 frontier=       26 next=        3 consolidate=  0.003ms frontier=  0.000ms semisort=  0.005ms (keyed= 0.000ms group_by=  0.001ms per_group= 0.001ms)
[pe] round=114 work=        3 frontier=        8 next=        2 consolidate=  0.003ms frontier=  0.000ms semisort=  0.003ms (keyed= 0.000ms group_by=  0.000ms per_group= 0.001ms)
[pe] round=115 work=        2 frontier=        8 next=        2 consolidate=  0.003ms frontier=  0.000ms semisort=  0.002ms (keyed= 0.000ms group_by=  0.000ms per_group= 0.001ms)
[pe] round=116 work=        2 frontier=        4 next=        2 consolidate=  0.002ms frontier=  0.000ms semisort=  0.002ms (keyed= 0.000ms group_by=  0.000ms per_group= 0.001ms)
[pe] round=117 work=        2 frontier=       26 next=        3 consolidate=  0.002ms frontier=  0.000ms semisort=  0.005ms (keyed= 0.000ms group_by=  0.001ms per_group= 0.002ms)
[pe] round=118 work=        3 frontier=        8 next=        2 consolidate=  0.004ms frontier=  0.000ms semisort=  0.003ms (keyed= 0.000ms group_by=  0.000ms per_group= 0.001ms)
[pe] round=119 work=        2 frontier=        8 next=        2 consolidate=  0.003ms frontier=  0.000ms semisort=  0.002ms (keyed= 0.000ms group_by=  0.000ms per_group= 0.001ms)
[pe] round=120 work=        2 frontier=        4 next=        2 consolidate=  0.003ms frontier=  0.000ms semisort=  0.002ms (keyed= 0.000ms group_by=  0.000ms per_group= 0.001ms)
[pe] round=121 work=        2 frontier=       26 next=        3 consolidate=  0.003ms frontier=  0.000ms semisort=  0.005ms (keyed= 0.000ms group_by=  0.001ms per_group= 0.001ms)
[pe] round=122 work=        3 frontier=        8 next=        2 consolidate=  0.003ms frontier=  0.000ms semisort=  0.002ms (keyed= 0.000ms group_by=  0.000ms per_group= 0.001ms)
[pe] round=123 work=        2 frontier=        8 next=        2 consolidate=  0.003ms frontier=  0.000ms semisort=  0.002ms (keyed= 0.000ms group_by=  0.000ms per_group= 0.001ms)
[pe] round=124 work=        2 frontier=        4 next=        2 consolidate=  0.002ms frontier=  0.000ms semisort=  0.002ms (keyed= 0.000ms group_by=  0.000ms per_group= 0.001ms)
[pe] round=125 work=        2 frontier=       26 next=        3 consolidate=  0.003ms frontier=  0.000ms semisort=  0.005ms (keyed= 0.000ms group_by=  0.001ms per_group= 0.001ms)
[pe] round=126 work=        3 frontier=        8 next=        2 consolidate=  0.003ms frontier=  0.000ms semisort=  0.003ms (keyed= 0.000ms group_by=  0.000ms per_group= 0.001ms)
[pe] round=127 work=        2 frontier=        8 next=        2 consolidate=  0.003ms frontier=  0.000ms semisort=  0.002ms (keyed= 0.000ms group_by=  0.000ms per_group= 0.001ms)
[pe] round=128 work=        2 frontier=        4 next=        2 consolidate=  0.003ms frontier=  0.000ms semisort=  0.002ms (keyed= 0.000ms group_by=  0.000ms per_group= 0.001ms)
[pe] round=129 work=        2 frontier=       26 next=        3 consolidate=  0.003ms frontier=  0.000ms semisort=  0.005ms (keyed= 0.000ms group_by=  0.001ms per_group= 0.001ms)
[pe] round=130 work=        3 frontier=        8 next=        2 consolidate=  0.003ms frontier=  0.000ms semisort=  0.002ms (keyed= 0.000ms group_by=  0.000ms per_group= 0.001ms)
[pe] round=131 work=        2 frontier=        8 next=        2 consolidate=  0.003ms frontier=  0.000ms semisort=  0.002ms (keyed= 0.000ms group_by=  0.000ms per_group= 0.001ms)
[pe] round=132 work=        2 frontier=        4 next=        2 consolidate=  0.003ms frontier=  0.000ms semisort=  0.002ms (keyed= 0.000ms group_by=  0.000ms per_group= 0.001ms)
[pe] round=133 work=        2 frontier=       26 next=        3 consolidate=  0.003ms frontier=  0.000ms semisort=  0.005ms (keyed= 0.000ms group_by=  0.001ms per_group= 0.001ms)
[pe] round=134 work=        3 frontier=        8 next=        2 consolidate=  0.003ms frontier=  0.000ms semisort=  0.003ms (keyed= 0.000ms group_by=  0.001ms per_group= 0.001ms)
[pe] round=135 work=        2 frontier=        8 next=        2 consolidate=  0.003ms frontier=  0.000ms semisort=  0.002ms (keyed= 0.000ms group_by=  0.000ms per_group= 0.001ms)
[pe] round=136 work=        2 frontier=        4 next=        2 consolidate=  0.003ms frontier=  0.000ms semisort=  0.002ms (keyed= 0.000ms group_by=  0.000ms per_group= 0.001ms)
[pe] round=137 work=        2 frontier=       26 next=        3 consolidate=  0.003ms frontier=  0.000ms semisort=  0.005ms (keyed= 0.000ms group_by=  0.001ms per_group= 0.001ms)
[pe] round=138 work=        3 frontier=        8 next=        2 consolidate=  0.003ms frontier=  0.000ms semisort=  0.002ms (keyed= 0.000ms group_by=  0.000ms per_group= 0.001ms)
[pe] round=139 work=        2 frontier=        8 next=        2 consolidate=  0.003ms frontier=  0.000ms semisort=  0.002ms (keyed= 0.000ms group_by=  0.000ms per_group= 0.001ms)
[pe] round=140 work=        2 frontier=        4 next=        2 consolidate=  0.003ms frontier=  0.000ms semisort=  0.002ms (keyed= 0.000ms group_by=  0.000ms per_group= 0.001ms)
[pe] round=141 work=        2 frontier=       26 next=        3 consolidate=  0.003ms frontier=  0.000ms semisort=  0.005ms (keyed= 0.000ms group_by=  0.001ms per_group= 0.001ms)
[pe] round=142 work=        3 frontier=        8 next=        2 consolidate=  0.003ms frontier=  0.000ms semisort=  0.002ms (keyed= 0.000ms group_by=  0.000ms per_group= 0.001ms)
[pe] round=143 work=        2 frontier=        8 next=        2 consolidate=  0.003ms frontier=  0.000ms semisort=  0.003ms (keyed= 0.000ms group_by=  0.000ms per_group= 0.001ms)
[pe] round=144 work=        2 frontier=        4 next=        2 consolidate=  0.003ms frontier=  0.000ms semisort=  0.002ms (keyed= 0.000ms group_by=  0.000ms per_group= 0.001ms)
[pe] round=145 work=        2 frontier=       26 next=        3 consolidate=  0.003ms frontier=  0.000ms semisort=  0.005ms (keyed= 0.000ms group_by=  0.001ms per_group= 0.002ms)
[pe] round=146 work=        3 frontier=        8 next=        2 consolidate=  0.004ms frontier=  0.000ms semisort=  0.003ms (keyed= 0.000ms group_by=  0.000ms per_group= 0.001ms)
[pe] round=147 work=        2 frontier=        8 next=        2 consolidate=  0.003ms frontier=  0.000ms semisort=  0.002ms (keyed= 0.000ms group_by=  0.000ms per_group= 0.001ms)
[pe] round=148 work=        2 frontier=        4 next=        2 consolidate=  0.002ms frontier=  0.000ms semisort=  0.002ms (keyed= 0.000ms group_by=  0.000ms per_group= 0.001ms)
[pe] round=149 work=        2 frontier=       26 next=        3 consolidate=  0.003ms frontier=  0.000ms semisort=  0.005ms (keyed= 0.000ms group_by=  0.001ms per_group= 0.001ms)
[pe] round=150 work=        3 frontier=        8 next=        2 consolidate=  0.003ms frontier=  0.000ms semisort=  0.002ms (keyed= 0.000ms group_by=  0.001ms per_group= 0.001ms)
[pe] round=151 work=        2 frontier=        8 next=        2 consolidate=  0.003ms frontier=  0.000ms semisort=  0.002ms (keyed= 0.000ms group_by=  0.000ms per_group= 0.001ms)
[pe] round=152 work=        2 frontier=        4 next=        2 consolidate=  0.003ms frontier=  0.000ms semisort=  0.002ms (keyed= 0.000ms group_by=  0.000ms per_group= 0.001ms)
[pe] round=153 work=        2 frontier=       26 next=        3 consolidate=  0.003ms frontier=  0.000ms semisort=  0.005ms (keyed= 0.000ms group_by=  0.001ms per_group= 0.001ms)
[pe] round=154 work=        3 frontier=        8 next=        2 consolidate=  0.003ms frontier=  0.000ms semisort=  0.003ms (keyed= 0.000ms group_by=  0.000ms per_group= 0.001ms)
[pe] round=155 work=        2 frontier=        8 next=        2 consolidate=  0.002ms frontier=  0.000ms semisort=  0.002ms (keyed= 0.000ms group_by=  0.000ms per_group= 0.001ms)
[pe] round=156 work=        2 frontier=        4 next=        2 consolidate=  0.002ms frontier=  0.000ms semisort=  0.002ms (keyed= 0.000ms group_by=  0.000ms per_group= 0.001ms)
[pe] round=157 work=        2 frontier=       26 next=        3 consolidate=  0.003ms frontier=  0.000ms semisort=  0.005ms (keyed= 0.000ms group_by=  0.001ms per_group= 0.001ms)
[pe] round=158 work=        3 frontier=        8 next=        2 consolidate=  0.004ms frontier=  0.000ms semisort=  0.002ms (keyed= 0.000ms group_by=  0.000ms per_group= 0.001ms)
[pe] round=159 work=        2 frontier=        8 next=        2 consolidate=  0.003ms frontier=  0.000ms semisort=  0.002ms (keyed= 0.000ms group_by=  0.000ms per_group= 0.001ms)
[pe] round=160 work=        2 frontier=        4 next=        2 consolidate=  0.003ms frontier=  0.000ms semisort=  0.002ms (keyed= 0.000ms group_by=  0.000ms per_group= 0.001ms)
[pe] round=161 work=        2 frontier=       26 next=        3 consolidate=  0.003ms frontier=  0.000ms semisort=  0.005ms (keyed= 0.000ms group_by=  0.001ms per_group= 0.001ms)
[pe] round=162 work=        3 frontier=        8 next=        2 consolidate=  0.004ms frontier=  0.000ms semisort=  0.003ms (keyed= 0.000ms group_by=  0.001ms per_group= 0.001ms)
[pe] round=163 work=        2 frontier=        8 next=        2 consolidate=  0.003ms frontier=  0.000ms semisort=  0.002ms (keyed= 0.000ms group_by=  0.000ms per_group= 0.001ms)
[pe] round=164 work=        2 frontier=        4 next=        2 consolidate=  0.002ms frontier=  0.000ms semisort=  0.002ms (keyed= 0.000ms group_by=  0.000ms per_group= 0.001ms)
[pe] round=165 work=        2 frontier=       26 next=        3 consolidate=  0.002ms frontier=  0.000ms semisort=  0.004ms (keyed= 0.000ms group_by=  0.001ms per_group= 0.001ms)
[pe] round=166 work=        3 frontier=        8 next=        2 consolidate=  0.003ms frontier=  0.000ms semisort=  0.003ms (keyed= 0.000ms group_by=  0.000ms per_group= 0.001ms)
[pe] round=167 work=        2 frontier=        8 next=        2 consolidate=  0.003ms frontier=  0.000ms semisort=  0.002ms (keyed= 0.000ms group_by=  0.000ms per_group= 0.001ms)
[pe] round=168 work=        2 frontier=        4 next=        2 consolidate=  0.003ms frontier=  0.000ms semisort=  0.002ms (keyed= 0.000ms group_by=  0.000ms per_group= 0.001ms)
[pe] round=169 work=        2 frontier=       26 next=        3 consolidate=  0.002ms frontier=  0.000ms semisort=  0.005ms (keyed= 0.000ms group_by=  0.001ms per_group= 0.001ms)
[pe] round=170 work=        3 frontier=        8 next=        2 consolidate=  0.003ms frontier=  0.000ms semisort=  0.003ms (keyed= 0.000ms group_by=  0.000ms per_group= 0.001ms)
[pe] round=171 work=        2 frontier=        8 next=        2 consolidate=  0.003ms frontier=  0.000ms semisort=  0.002ms (keyed= 0.000ms group_by=  0.000ms per_group= 0.001ms)
[pe] round=172 work=        2 frontier=        4 next=        2 consolidate=  0.002ms frontier=  0.000ms semisort=  0.002ms (keyed= 0.000ms group_by=  0.000ms per_group= 0.001ms)
[pe] round=173 work=        2 frontier=       26 next=        3 consolidate=  0.003ms frontier=  0.000ms semisort=  0.005ms (keyed= 0.000ms group_by=  0.001ms per_group= 0.001ms)
[pe] round=174 work=        3 frontier=        8 next=        2 consolidate=  0.003ms frontier=  0.000ms semisort=  0.003ms (keyed= 0.000ms group_by=  0.000ms per_group= 0.001ms)
[pe] round=175 work=        2 frontier=        8 next=        2 consolidate=  0.003ms frontier=  0.000ms semisort=  0.002ms (keyed= 0.000ms group_by=  0.000ms per_group= 0.001ms)
[pe] round=176 work=        2 frontier=        4 next=        2 consolidate=  0.002ms frontier=  0.000ms semisort=  0.002ms (keyed= 0.000ms group_by=  0.000ms per_group= 0.001ms)
[pe] round=177 work=        2 frontier=       26 next=        3 consolidate=  0.003ms frontier=  0.000ms semisort=  0.005ms (keyed= 0.000ms group_by=  0.001ms per_group= 0.002ms)
[pe] round=178 work=        3 frontier=        8 next=        2 consolidate=  0.004ms frontier=  0.000ms semisort=  0.003ms (keyed= 0.000ms group_by=  0.000ms per_group= 0.001ms)
[pe] round=179 work=        2 frontier=        8 next=        2 consolidate=  0.002ms frontier=  0.000ms semisort=  0.002ms (keyed= 0.000ms group_by=  0.000ms per_group= 0.001ms)
[pe] round=180 work=        2 frontier=        4 next=        2 consolidate=  0.003ms frontier=  0.000ms semisort=  0.002ms (keyed= 0.000ms group_by=  0.000ms per_group= 0.001ms)
[pe] round=181 work=        2 frontier=       26 next=        3 consolidate=  0.003ms frontier=  0.000ms semisort=  0.005ms (keyed= 0.000ms group_by=  0.001ms per_group= 0.002ms)
[pe] round=182 work=        3 frontier=        8 next=        2 consolidate=  0.003ms frontier=  0.000ms semisort=  0.002ms (keyed= 0.000ms group_by=  0.000ms per_group= 0.001ms)
[pe] round=183 work=        2 frontier=        8 next=        2 consolidate=  0.003ms frontier=  0.000ms semisort=  0.002ms (keyed= 0.000ms group_by=  0.000ms per_group= 0.001ms)
[pe] round=184 work=        2 frontier=        4 next=        2 consolidate=  0.003ms frontier=  0.000ms semisort=  0.002ms (keyed= 0.000ms group_by=  0.000ms per_group= 0.001ms)
[pe] round=185 work=        2 frontier=       26 next=        3 consolidate=  0.002ms frontier=  0.000ms semisort=  0.005ms (keyed= 0.000ms group_by=  0.001ms per_group= 0.001ms)
[pe] round=186 work=        3 frontier=        8 next=        2 consolidate=  0.003ms frontier=  0.000ms semisort=  0.002ms (keyed= 0.000ms group_by=  0.000ms per_group= 0.001ms)
[pe] round=187 work=        2 frontier=        8 next=        2 consolidate=  0.003ms frontier=  0.000ms semisort=  0.002ms (keyed= 0.000ms group_by=  0.000ms per_group= 0.001ms)
[pe] round=188 work=        2 frontier=        4 next=        2 consolidate=  0.003ms frontier=  0.000ms semisort=  0.002ms (keyed= 0.000ms group_by=  0.000ms per_group= 0.001ms)
[pe] round=189 work=        2 frontier=       26 next=        3 consolidate=  0.003ms frontier=  0.000ms semisort=  0.005ms (keyed= 0.000ms group_by=  0.001ms per_group= 0.001ms)
[pe] round=190 work=        3 frontier=        8 next=        2 consolidate=  0.003ms frontier=  0.000ms semisort=  0.002ms (keyed= 0.000ms group_by=  0.000ms per_group= 0.001ms)
[pe] round=191 work=        2 frontier=        8 next=        2 consolidate=  0.003ms frontier=  0.000ms semisort=  0.002ms (keyed= 0.000ms group_by=  0.000ms per_group= 0.001ms)
[pe] round=192 work=        2 frontier=        4 next=        2 consolidate=  0.003ms frontier=  0.000ms semisort=  0.002ms (keyed= 0.000ms group_by=  0.000ms per_group= 0.001ms)
[pe] round=193 work=        2 frontier=       26 next=        3 consolidate=  0.003ms frontier=  0.000ms semisort=  0.005ms (keyed= 0.000ms group_by=  0.001ms per_group= 0.001ms)
[pe] round=194 work=        3 frontier=        8 next=        2 consolidate=  0.003ms frontier=  0.000ms semisort=  0.002ms (keyed= 0.000ms group_by=  0.000ms per_group= 0.001ms)
[pe] round=195 work=        2 frontier=        8 next=        2 consolidate=  0.003ms frontier=  0.000ms semisort=  0.002ms (keyed= 0.000ms group_by=  0.000ms per_group= 0.001ms)
[pe] round=196 work=        2 frontier=        4 next=        2 consolidate=  0.003ms frontier=  0.000ms semisort=  0.002ms (keyed= 0.000ms group_by=  0.000ms per_group= 0.001ms)
[pe] round=197 work=        2 frontier=       26 next=        3 consolidate=  0.003ms frontier=  0.000ms semisort=  0.005ms (keyed= 0.000ms group_by=  0.001ms per_group= 0.001ms)
[pe] round=198 work=        3 frontier=        8 next=        2 consolidate=  0.003ms frontier=  0.000ms semisort=  0.003ms (keyed= 0.000ms group_by=  0.001ms per_group= 0.001ms)
[pe] round=199 work=        2 frontier=        8 next=        2 consolidate=  0.003ms frontier=  0.000ms semisort=  0.002ms (keyed= 0.000ms group_by=  0.000ms per_group= 0.001ms)
[pe] round=200 work=        2 frontier=        4 next=        2 consolidate=  0.003ms frontier=  0.000ms semisort=  0.002ms (keyed= 0.000ms group_by=  0.000ms per_group= 0.001ms)
[pe] round=201 work=        2 frontier=       26 next=        3 consolidate=  0.003ms frontier=  0.000ms semisort=  0.005ms (keyed= 0.000ms group_by=  0.001ms per_group= 0.001ms)
[pe] round=202 work=        3 frontier=        8 next=        2 consolidate=  0.004ms frontier=  0.000ms semisort=  0.003ms (keyed= 0.000ms group_by=  0.000ms per_group= 0.001ms)
[pe] round=203 work=        2 frontier=        8 next=        2 consolidate=  0.003ms frontier=  0.000ms semisort=  0.002ms (keyed= 0.000ms group_by=  0.000ms per_group= 0.001ms)
[pe] round=204 work=        2 frontier=        4 next=        2 consolidate=  0.003ms frontier=  0.000ms semisort=  0.002ms (keyed= 0.000ms group_by=  0.000ms per_group= 0.001ms)
[pe] round=205 work=        2 frontier=       26 next=        3 consolidate=  0.003ms frontier=  0.000ms semisort=  0.005ms (keyed= 0.000ms group_by=  0.001ms per_group= 0.002ms)
[pe] round=206 work=        3 frontier=        8 next=        2 consolidate=  0.004ms frontier=  0.000ms semisort=  0.002ms (keyed= 0.000ms group_by=  0.000ms per_group= 0.001ms)
[pe] round=207 work=        2 frontier=        8 next=        2 consolidate=  0.003ms frontier=  0.000ms semisort=  0.002ms (keyed= 0.000ms group_by=  0.000ms per_group= 0.001ms)
[pe] round=208 work=        2 frontier=        4 next=        2 consolidate=  0.003ms frontier=  0.000ms semisort=  0.002ms (keyed= 0.000ms group_by=  0.000ms per_group= 0.001ms)
[pe] round=209 work=        2 frontier=       26 next=        3 consolidate=  0.003ms frontier=  0.000ms semisort=  0.005ms (keyed= 0.000ms group_by=  0.001ms per_group= 0.001ms)
[pe] round=210 work=        3 frontier=        8 next=        2 consolidate=  0.004ms frontier=  0.000ms semisort=  0.002ms (keyed= 0.000ms group_by=  0.000ms per_group= 0.001ms)
[pe] round=211 work=        2 frontier=        8 next=        2 consolidate=  0.003ms frontier=  0.000ms semisort=  0.002ms (keyed= 0.000ms group_by=  0.000ms per_group= 0.001ms)
[pe] round=212 work=        2 frontier=        4 next=        2 consolidate=  0.003ms frontier=  0.000ms semisort=  0.002ms (keyed= 0.000ms group_by=  0.000ms per_group= 0.001ms)
[pe] round=213 work=        2 frontier=       26 next=        3 consolidate=  0.003ms frontier=  0.000ms semisort=  0.005ms (keyed= 0.000ms group_by=  0.001ms per_group= 0.001ms)
[pe] round=214 work=        3 frontier=        8 next=        2 consolidate=  0.004ms frontier=  0.000ms semisort=  0.002ms (keyed= 0.000ms group_by=  0.000ms per_group= 0.001ms)
[pe] round=215 work=        2 frontier=        8 next=        2 consolidate=  0.003ms frontier=  0.000ms semisort=  0.002ms (keyed= 0.000ms group_by=  0.000ms per_group= 0.001ms)
[pe] round=216 work=        2 frontier=        4 next=        2 consolidate=  0.003ms frontier=  0.000ms semisort=  0.002ms (keyed= 0.000ms group_by=  0.000ms per_group= 0.001ms)
[pe] round=217 work=        2 frontier=       26 next=        3 consolidate=  0.003ms frontier=  0.000ms semisort=  0.005ms (keyed= 0.000ms group_by=  0.001ms per_group= 0.002ms)
[pe] round=218 work=        3 frontier=        8 next=        2 consolidate=  0.003ms frontier=  0.000ms semisort=  0.003ms (keyed= 0.000ms group_by=  0.001ms per_group= 0.001ms)
[pe] round=219 work=        2 frontier=        8 next=        2 consolidate=  0.002ms frontier=  0.000ms semisort=  0.002ms (keyed= 0.000ms group_by=  0.000ms per_group= 0.001ms)
[pe] round=220 work=        2 frontier=        4 next=        2 consolidate=  0.003ms frontier=  0.000ms semisort=  0.002ms (keyed= 0.000ms group_by=  0.000ms per_group= 0.001ms)
[pe] round=221 work=        2 frontier=       26 next=        3 consolidate=  0.003ms frontier=  0.000ms semisort=  0.005ms (keyed= 0.000ms group_by=  0.001ms per_group= 0.001ms)
[pe] round=222 work=        3 frontier=        8 next=        2 consolidate=  0.003ms frontier=  0.000ms semisort=  0.002ms (keyed= 0.000ms group_by=  0.000ms per_group= 0.001ms)
[pe] round=223 work=        2 frontier=        8 next=        2 consolidate=  0.003ms frontier=  0.000ms semisort=  0.002ms (keyed= 0.000ms group_by=  0.000ms per_group= 0.001ms)
[pe] round=224 work=        2 frontier=        4 next=        2 consolidate=  0.003ms frontier=  0.000ms semisort=  0.002ms (keyed= 0.000ms group_by=  0.000ms per_group= 0.001ms)
[pe] round=225 work=        2 frontier=       26 next=        3 consolidate=  0.003ms frontier=  0.000ms semisort=  0.005ms (keyed= 0.000ms group_by=  0.001ms per_group= 0.001ms)
[pe] round=226 work=        3 frontier=        8 next=        2 consolidate=  0.003ms frontier=  0.000ms semisort=  0.002ms (keyed= 0.000ms group_by=  0.000ms per_group= 0.001ms)
[pe] round=227 work=        2 frontier=        8 next=        2 consolidate=  0.003ms frontier=  0.000ms semisort=  0.002ms (keyed= 0.000ms group_by=  0.000ms per_group= 0.001ms)
[pe] round=228 work=        2 frontier=        4 next=        2 consolidate=  0.003ms frontier=  0.000ms semisort=  0.002ms (keyed= 0.000ms group_by=  0.000ms per_group= 0.001ms)
[pe] round=229 work=        2 frontier=       26 next=        3 consolidate=  0.003ms frontier=  0.000ms semisort=  0.004ms (keyed= 0.000ms group_by=  0.001ms per_group= 0.001ms)
[pe] round=230 work=        3 frontier=        8 next=        2 consolidate=  0.003ms frontier=  0.000ms semisort=  0.003ms (keyed= 0.000ms group_by=  0.000ms per_group= 0.001ms)
[pe] round=231 work=        2 frontier=        8 next=        2 consolidate=  0.003ms frontier=  0.000ms semisort=  0.002ms (keyed= 0.000ms group_by=  0.000ms per_group= 0.001ms)
[pe] round=232 work=        2 frontier=        4 next=        2 consolidate=  0.002ms frontier=  0.000ms semisort=  0.002ms (keyed= 0.000ms group_by=  0.000ms per_group= 0.001ms)
[pe] round=233 work=        2 frontier=       26 next=        3 consolidate=  0.002ms frontier=  0.000ms semisort=  0.005ms (keyed= 0.000ms group_by=  0.001ms per_group= 0.001ms)
[pe] round=234 work=        3 frontier=        8 next=        2 consolidate=  0.003ms frontier=  0.000ms semisort=  0.003ms (keyed= 0.000ms group_by=  0.000ms per_group= 0.001ms)
[pe] round=235 work=        2 frontier=        8 next=        2 consolidate=  0.003ms frontier=  0.000ms semisort=  0.002ms (keyed= 0.000ms group_by=  0.000ms per_group= 0.001ms)
[pe] round=236 work=        2 frontier=        4 next=        2 consolidate=  0.002ms frontier=  0.000ms semisort=  0.002ms (keyed= 0.000ms group_by=  0.000ms per_group= 0.001ms)
[pe] round=237 work=        2 frontier=       26 next=        3 consolidate=  0.002ms frontier=  0.000ms semisort=  0.005ms (keyed= 0.000ms group_by=  0.001ms per_group= 0.001ms)
[pe] round=238 work=        3 frontier=        8 next=        2 consolidate=  0.004ms frontier=  0.000ms semisort=  0.003ms (keyed= 0.000ms group_by=  0.000ms per_group= 0.001ms)
[pe] round=239 work=        2 frontier=        8 next=        2 consolidate=  0.003ms frontier=  0.000ms semisort=  0.002ms (keyed= 0.000ms group_by=  0.000ms per_group= 0.001ms)
[pe] round=240 work=        2 frontier=        4 next=        2 consolidate=  0.003ms frontier=  0.000ms semisort=  0.002ms (keyed= 0.000ms group_by=  0.000ms per_group= 0.001ms)
[pe] round=241 work=        2 frontier=       26 next=        3 consolidate=  0.003ms frontier=  0.000ms semisort=  0.005ms (keyed= 0.000ms group_by=  0.001ms per_group= 0.001ms)
[pe] round=242 work=        3 frontier=        8 next=        2 consolidate=  0.003ms frontier=  0.000ms semisort=  0.003ms (keyed= 0.000ms group_by=  0.000ms per_group= 0.001ms)
[pe] round=243 work=        2 frontier=        8 next=        2 consolidate=  0.003ms frontier=  0.000ms semisort=  0.002ms (keyed= 0.000ms group_by=  0.000ms per_group= 0.001ms)
[pe] round=244 work=        2 frontier=        4 next=        2 consolidate=  0.002ms frontier=  0.000ms semisort=  0.002ms (keyed= 0.000ms group_by=  0.000ms per_group= 0.001ms)
[pe] round=245 work=        2 frontier=       26 next=        3 consolidate=  0.003ms frontier=  0.000ms semisort=  0.005ms (keyed= 0.000ms group_by=  0.001ms per_group= 0.001ms)
[pe] round=246 work=        3 frontier=        8 next=        2 consolidate=  0.004ms frontier=  0.000ms semisort=  0.003ms (keyed= 0.000ms group_by=  0.000ms per_group= 0.001ms)
[pe] round=247 work=        2 frontier=        8 next=        2 consolidate=  0.003ms frontier=  0.000ms semisort=  0.002ms (keyed= 0.000ms group_by=  0.000ms per_group= 0.001ms)
[pe] round=248 work=        2 frontier=        4 next=        2 consolidate=  0.003ms frontier=  0.000ms semisort=  0.002ms (keyed= 0.000ms group_by=  0.000ms per_group= 0.001ms)
[pe] round=249 work=        2 frontier=       26 next=        3 consolidate=  0.003ms frontier=  0.000ms semisort=  0.005ms (keyed= 0.000ms group_by=  0.001ms per_group= 0.002ms)
[pe] round=250 work=        3 frontier=        8 next=        2 consolidate=  0.003ms frontier=  0.000ms semisort=  0.003ms (keyed= 0.000ms group_by=  0.000ms per_group= 0.001ms)
[pe] round=251 work=        2 frontier=        8 next=        2 consolidate=  0.003ms frontier=  0.000ms semisort=  0.002ms (keyed= 0.000ms group_by=  0.000ms per_group= 0.001ms)
[pe] round=252 work=        2 frontier=        4 next=        2 consolidate=  0.003ms frontier=  0.000ms semisort=  0.002ms (keyed= 0.000ms group_by=  0.000ms per_group= 0.001ms)
[pe] round=253 work=        2 frontier=       26 next=        3 consolidate=  0.003ms frontier=  0.000ms semisort=  0.005ms (keyed= 0.000ms group_by=  0.001ms per_group= 0.001ms)
[pe] round=254 work=        3 frontier=        8 next=        2 consolidate=  0.003ms frontier=  0.000ms semisort=  0.003ms (keyed= 0.000ms group_by=  0.001ms per_group= 0.001ms)
[pe] round=255 work=        2 frontier=        8 next=        2 consolidate=  0.003ms frontier=  0.000ms semisort=  0.003ms (keyed= 0.000ms group_by=  0.000ms per_group= 0.001ms)
[pe] round=256 work=        2 frontier=        4 next=        2 consolidate=  0.003ms frontier=  0.000ms semisort=  0.002ms (keyed= 0.000ms group_by=  0.000ms per_group= 0.001ms)
[pe] round=257 work=        2 frontier=       18 next=        2 consolidate=  0.003ms frontier=  0.000ms semisort=  0.005ms (keyed= 0.000ms group_by=  0.001ms per_group= 0.001ms)
[pe] round=258 work=        2 frontier=        4 next=        0 consolidate=  0.003ms frontier=  0.000ms semisort=  0.002ms (keyed= 0.000ms group_by=  0.000ms per_group= 0.001ms)
[pe-async] round=  0 R=2 dirty=  5437767 runs=  3698023 filter=104.183ms semisort=487.691ms
[pe-async] round=  1 R=3 dirty=   226832 runs=   128424 filter=129.134ms semisort= 22.277ms
[pe-async] round=  2 R=4 dirty=    55915 runs=    52852 filter=109.515ms semisort=  4.141ms
[pe-async] round=  3 R=5 dirty=    29367 runs=    19922 filter=103.192ms semisort=  2.568ms
[pe-async] round=  4 R=6 dirty=    12610 runs=     9634 filter=101.809ms semisort=  1.460ms
[pe-async] round=  5 R=7 dirty=     7181 runs=     5780 filter=100.771ms semisort=  0.692ms
[pe-async] round=  6 R=8 dirty=     1740 runs=     1265 filter=100.260ms semisort=  0.167ms
[pe-async] round=  7 R=9 dirty=      328 runs=      173 filter= 99.516ms semisort=  0.047ms
[pe-async] round=  8 R=10 dirty=     1728 runs=     1045 filter=100.022ms semisort=  0.150ms
[pe-async] round=  9 R=11 dirty=      886 runs=      720 filter= 99.483ms semisort=  0.081ms
[pe-async] round= 10 R=12 dirty=      124 runs=       70 filter= 99.074ms semisort=  0.023ms
[pe-async] round= 11 R=13 dirty=      655 runs=      399 filter= 98.701ms semisort=  0.062ms
[pe-async] round= 12 R=14 dirty=      274 runs=      231 filter= 99.365ms semisort=  0.032ms
[pe-async] round= 13 R=15 dirty=       67 runs=       35 filter= 99.039ms semisort=  0.020ms
[pe-async] round= 14 R=16 dirty=      329 runs=      214 filter= 99.069ms semisort=  0.036ms
[pe-async] round= 15 R=17 dirty=      123 runs=      108 filter= 98.699ms semisort=  0.024ms
[pe-async] round= 16 R=18 dirty=       10 runs=        5 filter= 98.308ms semisort=  0.009ms
[pe-async] round= 17 R=19 dirty=      430 runs=      280 filter= 98.226ms semisort=  0.038ms
[pe-async] round= 18 R=20 dirty=      140 runs=      136 filter= 98.232ms semisort=  0.018ms
[pe-async] round= 19 R=21 dirty=       12 runs=        3 filter= 98.222ms semisort=  0.009ms
[pe-async] round= 20 R=22 dirty=        6 runs=        3 filter= 98.537ms semisort=  0.008ms
[pe-async] round= 21 R=23 dirty=       39 runs=       20 filter= 98.239ms semisort=  0.014ms
[pe-async] round= 22 R=24 dirty=       12 runs=        9 filter= 98.240ms semisort=  0.008ms
[pe-async] round= 23 R=25 dirty=       12 runs=        3 filter= 97.756ms semisort=  0.008ms
[pe-async] round= 24 R=26 dirty=        6 runs=        3 filter= 98.308ms semisort=  0.007ms
[pe-async] round= 25 R=27 dirty=       37 runs=       19 filter= 98.221ms semisort=  0.011ms
[pe-async] round= 26 R=28 dirty=       15 runs=       12 filter= 98.631ms semisort=  0.009ms
[pe-async] round= 27 R=29 dirty=        8 runs=        2 filter= 97.592ms semisort=  0.008ms
[pe-async] round= 28 R=30 dirty=        4 runs=        2 filter= 98.200ms semisort=  0.008ms
[pe-async] round= 29 R=31 dirty=       26 runs=       13 filter= 98.321ms semisort=  0.009ms
[pe-async] round= 30 R=32 dirty=        8 runs=        6 filter= 98.456ms semisort=  0.007ms
[pe-async] round= 31 R=33 dirty=        8 runs=        2 filter= 98.525ms semisort=  0.008ms
[pe-async] round= 32 R=34 dirty=        4 runs=        2 filter= 98.295ms semisort=  0.006ms
[pe-async] round= 33 R=35 dirty=       26 runs=       13 filter= 98.267ms semisort=  0.010ms
[pe-async] round= 34 R=36 dirty=        8 runs=        6 filter= 98.410ms semisort=  0.007ms
[pe-async] round= 35 R=37 dirty=        8 runs=        2 filter= 98.455ms semisort=  0.007ms
[pe-async] round= 36 R=38 dirty=        4 runs=        2 filter= 98.269ms semisort=  0.006ms
[pe-async] round= 37 R=39 dirty=       26 runs=       13 filter= 98.496ms semisort=  0.010ms
[pe-async] round= 38 R=40 dirty=        8 runs=        6 filter= 98.117ms semisort=  0.007ms
[pe-async] round= 39 R=41 dirty=        8 runs=        2 filter= 98.741ms semisort=  0.007ms
[pe-async] round= 40 R=42 dirty=        4 runs=        2 filter= 98.268ms semisort=  0.007ms
[pe-async] round= 41 R=43 dirty=       26 runs=       13 filter= 97.559ms semisort=  0.010ms
[pe-async] round= 42 R=44 dirty=        8 runs=        6 filter= 97.546ms semisort=  0.007ms
[pe-async] round= 43 R=45 dirty=        8 runs=        2 filter= 97.369ms semisort=  0.007ms
[pe-async] round= 44 R=46 dirty=        4 runs=        2 filter= 97.479ms semisort=  0.007ms
[pe-async] round= 45 R=47 dirty=       26 runs=       13 filter= 97.778ms semisort=  0.010ms
[pe-async] round= 46 R=48 dirty=        8 runs=        6 filter= 97.747ms semisort=  0.007ms
[pe-async] round= 47 R=49 dirty=        8 runs=        2 filter= 97.326ms semisort=  0.008ms
[pe-async] round= 48 R=50 dirty=        4 runs=        2 filter= 97.485ms semisort=  0.006ms
[pe-async] round= 49 R=51 dirty=       26 runs=       13 filter= 97.604ms semisort=  0.010ms
[pe-async] round= 50 R=52 dirty=        8 runs=        6 filter= 97.277ms semisort=  0.007ms
[pe-async] round= 51 R=53 dirty=        8 runs=        2 filter= 97.406ms semisort=  0.007ms
[pe-async] round= 52 R=54 dirty=        4 runs=        2 filter= 97.228ms semisort=  0.006ms
[pe-async] round= 53 R=55 dirty=       26 runs=       13 filter= 97.248ms semisort=  0.009ms
[pe-async] round= 54 R=56 dirty=        8 runs=        6 filter= 97.208ms semisort=  0.007ms
[pe-async] round= 55 R=57 dirty=        8 runs=        2 filter= 97.392ms semisort=  0.007ms
[pe-async] round= 56 R=58 dirty=        4 runs=        2 filter= 97.378ms semisort=  0.006ms
[pe-async] round= 57 R=59 dirty=       26 runs=       13 filter= 97.290ms semisort=  0.009ms
[pe-async] round= 58 R=60 dirty=        8 runs=        6 filter= 97.196ms semisort=  0.007ms
[pe-async] round= 59 R=61 dirty=        8 runs=        2 filter= 97.219ms semisort=  0.007ms
[pe-async] round= 60 R=62 dirty=        4 runs=        2 filter= 97.303ms semisort=  0.006ms
[pe-async] round= 61 R=63 dirty=       26 runs=       13 filter= 97.253ms semisort=  0.011ms
[pe-async] round= 62 R=64 dirty=        8 runs=        6 filter= 97.215ms semisort=  0.006ms
[pe-async] round= 63 R=65 dirty=        8 runs=        2 filter= 97.107ms semisort=  0.007ms
[pe-async] round= 64 R=66 dirty=        4 runs=        2 filter= 97.274ms semisort=  0.006ms
[pe-async] round= 65 R=67 dirty=       26 runs=       13 filter= 96.828ms semisort=  0.010ms
[pe-async] round= 66 R=68 dirty=        8 runs=        6 filter= 96.811ms semisort=  0.007ms
[pe-async] round= 67 R=69 dirty=        8 runs=        2 filter= 97.133ms semisort=  0.007ms
[pe-async] round= 68 R=70 dirty=        4 runs=        2 filter= 96.819ms semisort=  0.006ms
[pe-async] round= 69 R=71 dirty=       26 runs=       13 filter= 96.997ms semisort=  0.009ms
[pe-async] round= 70 R=72 dirty=        8 runs=        6 filter= 97.311ms semisort=  0.006ms
[pe-async] round= 71 R=73 dirty=        8 runs=        2 filter= 96.753ms semisort=  0.007ms
[pe-async] round= 72 R=74 dirty=        4 runs=        2 filter= 96.928ms semisort=  0.007ms
[pe-async] round= 73 R=75 dirty=       26 runs=       13 filter= 97.292ms semisort=  0.009ms
[pe-async] round= 74 R=76 dirty=        8 runs=        6 filter= 96.905ms semisort=  0.007ms
[pe-async] round= 75 R=77 dirty=        8 runs=        2 filter= 97.756ms semisort=  0.007ms
[pe-async] round= 76 R=78 dirty=        4 runs=        2 filter= 96.726ms semisort=  0.006ms
[pe-async] round= 77 R=79 dirty=       26 runs=       13 filter= 96.933ms semisort=  0.010ms
[pe-async] round= 78 R=80 dirty=        8 runs=        6 filter= 97.132ms semisort=  0.007ms
[pe-async] round= 79 R=81 dirty=        8 runs=        2 filter= 96.968ms semisort=  0.007ms
[pe-async] round= 80 R=82 dirty=        4 runs=        2 filter= 96.722ms semisort=  0.006ms
[pe-async] round= 81 R=83 dirty=       26 runs=       13 filter= 96.917ms semisort=  0.010ms
[pe-async] round= 82 R=84 dirty=        8 runs=        6 filter= 96.855ms semisort=  0.007ms
[pe-async] round= 83 R=85 dirty=        8 runs=        2 filter= 97.144ms semisort=  0.007ms
[pe-async] round= 84 R=86 dirty=        4 runs=        2 filter= 96.567ms semisort=  0.006ms
[pe-async] round= 85 R=87 dirty=       26 runs=       13 filter= 96.355ms semisort=  0.010ms
[pe-async] round= 86 R=88 dirty=        8 runs=        6 filter= 96.790ms semisort=  0.007ms
[pe-async] round= 87 R=89 dirty=        8 runs=        2 filter= 96.380ms semisort=  0.006ms
[pe-async] round= 88 R=90 dirty=        4 runs=        2 filter= 97.120ms semisort=  0.007ms
[pe-async] round= 89 R=91 dirty=       26 runs=       13 filter= 96.482ms semisort=  0.010ms
[pe-async] round= 90 R=92 dirty=        8 runs=        6 filter= 97.475ms semisort=  0.007ms
[pe-async] round= 91 R=93 dirty=        8 runs=        2 filter= 97.312ms semisort=  0.007ms
[pe-async] round= 92 R=94 dirty=        4 runs=        2 filter= 96.714ms semisort=  0.006ms
[pe-async] round= 93 R=95 dirty=       26 runs=       13 filter= 97.214ms semisort=  0.010ms
[pe-async] round= 94 R=96 dirty=        8 runs=        6 filter= 96.759ms semisort=  0.007ms
[pe-async] round= 95 R=97 dirty=        8 runs=        2 filter= 97.432ms semisort=  0.007ms
[pe-async] round= 96 R=98 dirty=        4 runs=        2 filter= 96.560ms semisort=  0.007ms
[pe-async] round= 97 R=99 dirty=       26 runs=       13 filter= 97.049ms semisort=  0.010ms
[pe-async] round= 98 R=100 dirty=        8 runs=        6 filter= 97.198ms semisort=  0.006ms
[pe-async] round= 99 R=101 dirty=        8 runs=        2 filter= 96.834ms semisort=  0.007ms
[pe-async] round=100 R=102 dirty=        4 runs=        2 filter= 96.729ms semisort=  0.007ms
[pe-async] round=101 R=103 dirty=       26 runs=       13 filter= 96.551ms semisort=  0.009ms
[pe-async] round=102 R=104 dirty=        8 runs=        6 filter= 96.350ms semisort=  0.007ms
[pe-async] round=103 R=105 dirty=        8 runs=        2 filter= 96.765ms semisort=  0.007ms
[pe-async] round=104 R=106 dirty=        4 runs=        2 filter= 96.277ms semisort=  0.007ms
[pe-async] round=105 R=107 dirty=       26 runs=       13 filter= 97.720ms semisort=  0.011ms
[pe-async] round=106 R=108 dirty=        8 runs=        6 filter= 98.245ms semisort=  0.007ms
[pe-async] round=107 R=109 dirty=        8 runs=        2 filter= 97.138ms semisort=  0.007ms
[pe-async] round=108 R=110 dirty=        4 runs=        2 filter= 97.312ms semisort=  0.006ms
[pe-async] round=109 R=111 dirty=       26 runs=       13 filter= 96.728ms semisort=  0.010ms
[pe-async] round=110 R=112 dirty=        8 runs=        6 filter= 96.283ms semisort=  0.007ms
[pe-async] round=111 R=113 dirty=        8 runs=        2 filter= 96.459ms semisort=  0.007ms
[pe-async] round=112 R=114 dirty=        4 runs=        2 filter= 96.535ms semisort=  0.006ms
[pe-async] round=113 R=115 dirty=       26 runs=       13 filter= 96.096ms semisort=  0.009ms
[pe-async] round=114 R=116 dirty=        8 runs=        6 filter= 97.297ms semisort=  0.006ms
[pe-async] round=115 R=117 dirty=        8 runs=        2 filter= 96.763ms semisort=  0.007ms
[pe-async] round=116 R=118 dirty=        4 runs=        2 filter= 97.084ms semisort=  0.007ms
[pe-async] round=117 R=119 dirty=       26 runs=       13 filter= 97.092ms semisort=  0.009ms
[pe-async] round=118 R=120 dirty=        8 runs=        6 filter= 97.533ms semisort=  0.007ms
[pe-async] round=119 R=121 dirty=        8 runs=        2 filter= 96.836ms semisort=  0.007ms
[pe-async] round=120 R=122 dirty=        4 runs=        2 filter= 96.917ms semisort=  0.007ms
[pe-async] round=121 R=123 dirty=       26 runs=       13 filter= 97.279ms semisort=  0.009ms
[pe-async] round=122 R=124 dirty=        8 runs=        6 filter= 96.453ms semisort=  0.007ms
[pe-async] round=123 R=125 dirty=        8 runs=        2 filter= 96.505ms semisort=  0.007ms
[pe-async] round=124 R=126 dirty=        4 runs=        2 filter= 97.138ms semisort=  0.006ms
[pe-async] round=125 R=127 dirty=       26 runs=       13 filter= 96.740ms semisort=  0.010ms
[pe-async] round=126 R=128 dirty=        8 runs=        6 filter= 96.341ms semisort=  0.006ms
[pe-async] round=127 R=129 dirty=        8 runs=        2 filter= 96.234ms semisort=  0.007ms
[pe-async] round=128 R=130 dirty=        4 runs=        2 filter= 96.774ms semisort=  0.006ms
[pe-async] round=129 R=131 dirty=       26 runs=       13 filter= 96.390ms semisort=  0.011ms
[pe-async] round=130 R=132 dirty=        8 runs=        6 filter= 96.865ms semisort=  0.007ms
[pe-async] round=131 R=133 dirty=        8 runs=        2 filter= 97.014ms semisort=  0.007ms
[pe-async] round=132 R=134 dirty=        4 runs=        2 filter= 96.288ms semisort=  0.006ms
[pe-async] round=133 R=135 dirty=       26 runs=       13 filter= 96.580ms semisort=  0.009ms
[pe-async] round=134 R=136 dirty=        8 runs=        6 filter= 96.587ms semisort=  0.007ms
[pe-async] round=135 R=137 dirty=        8 runs=        2 filter= 96.919ms semisort=  0.007ms
[pe-async] round=136 R=138 dirty=        4 runs=        2 filter= 96.231ms semisort=  0.006ms
[pe-async] round=137 R=139 dirty=       26 runs=       13 filter= 96.523ms semisort=  0.010ms
[pe-async] round=138 R=140 dirty=        8 runs=        6 filter= 96.504ms semisort=  0.007ms
[pe-async] round=139 R=141 dirty=        8 runs=        2 filter= 96.672ms semisort=  0.007ms
[pe-async] round=140 R=142 dirty=        4 runs=        2 filter= 96.842ms semisort=  0.007ms
[pe-async] round=141 R=143 dirty=       26 runs=       13 filter= 97.246ms semisort=  0.009ms
[pe-async] round=142 R=144 dirty=        8 runs=        6 filter= 96.408ms semisort=  0.007ms
[pe-async] round=143 R=145 dirty=        8 runs=        2 filter= 95.993ms semisort=  0.008ms
[pe-async] round=144 R=146 dirty=        4 runs=        2 filter= 96.392ms semisort=  0.006ms
[pe-async] round=145 R=147 dirty=       26 runs=       13 filter= 96.422ms semisort=  0.010ms
[pe-async] round=146 R=148 dirty=        8 runs=        6 filter= 96.265ms semisort=  0.006ms
[pe-async] round=147 R=149 dirty=        8 runs=        2 filter= 96.471ms semisort=  0.008ms
[pe-async] round=148 R=150 dirty=        4 runs=        2 filter= 95.966ms semisort=  0.007ms
[pe-async] round=149 R=151 dirty=       26 runs=       13 filter= 96.478ms semisort=  0.009ms
[pe-async] round=150 R=152 dirty=        8 runs=        6 filter= 96.394ms semisort=  0.008ms
[pe-async] round=151 R=153 dirty=        8 runs=        2 filter= 96.213ms semisort=  0.007ms
[pe-async] round=152 R=154 dirty=        4 runs=        2 filter= 96.755ms semisort=  0.006ms
[pe-async] round=153 R=155 dirty=       26 runs=       13 filter= 96.513ms semisort=  0.009ms
[pe-async] round=154 R=156 dirty=        8 runs=        6 filter= 96.448ms semisort=  0.007ms
[pe-async] round=155 R=157 dirty=        8 runs=        2 filter= 96.118ms semisort=  0.006ms
[pe-async] round=156 R=158 dirty=        4 runs=        2 filter= 96.260ms semisort=  0.006ms
[pe-async] round=157 R=159 dirty=       26 runs=       13 filter= 96.242ms semisort=  0.010ms
[pe-async] round=158 R=160 dirty=        8 runs=        6 filter= 96.235ms semisort=  0.007ms
[pe-async] round=159 R=161 dirty=        8 runs=        2 filter= 96.007ms semisort=  0.006ms
[pe-async] round=160 R=162 dirty=        4 runs=        2 filter= 96.443ms semisort=  0.006ms
[pe-async] round=161 R=163 dirty=       26 runs=       13 filter= 96.618ms semisort=  0.009ms
[pe-async] round=162 R=164 dirty=        8 runs=        6 filter= 97.302ms semisort=  0.007ms
[pe-async] round=163 R=165 dirty=        8 runs=        2 filter= 97.011ms semisort=  0.006ms
[pe-async] round=164 R=166 dirty=        4 runs=        2 filter= 96.441ms semisort=  0.006ms
[pe-async] round=165 R=167 dirty=       26 runs=       13 filter= 96.476ms semisort=  0.009ms
[pe-async] round=166 R=168 dirty=        8 runs=        6 filter= 98.035ms semisort=  0.007ms
[pe-async] round=167 R=169 dirty=        8 runs=        2 filter= 97.651ms semisort=  0.007ms
[pe-async] round=168 R=170 dirty=        4 runs=        2 filter= 97.097ms semisort=  0.006ms
[pe-async] round=169 R=171 dirty=       26 runs=       13 filter= 96.854ms semisort=  0.009ms
[pe-async] round=170 R=172 dirty=        8 runs=        6 filter= 96.795ms semisort=  0.007ms
[pe-async] round=171 R=173 dirty=        8 runs=        2 filter= 96.543ms semisort=  0.008ms
[pe-async] round=172 R=174 dirty=        4 runs=        2 filter= 96.952ms semisort=  0.007ms
[pe-async] round=173 R=175 dirty=       26 runs=       13 filter= 97.040ms semisort=  0.010ms
[pe-async] round=174 R=176 dirty=        8 runs=        6 filter= 96.664ms semisort=  0.007ms
[pe-async] round=175 R=177 dirty=        8 runs=        2 filter= 96.974ms semisort=  0.006ms
[pe-async] round=176 R=178 dirty=        4 runs=        2 filter= 97.707ms semisort=  0.007ms
[pe-async] round=177 R=179 dirty=       26 runs=       13 filter= 98.035ms semisort=  0.010ms
[pe-async] round=178 R=180 dirty=        8 runs=        6 filter= 97.666ms semisort=  0.007ms
[pe-async] round=179 R=181 dirty=        8 runs=        2 filter= 97.166ms semisort=  0.007ms
[pe-async] round=180 R=182 dirty=        4 runs=        2 filter= 96.387ms semisort=  0.006ms
[pe-async] round=181 R=183 dirty=       26 runs=       13 filter= 96.551ms semisort=  0.009ms
[pe-async] round=182 R=184 dirty=        8 runs=        6 filter= 96.557ms semisort=  0.007ms
[pe-async] round=183 R=185 dirty=        8 runs=        2 filter= 96.885ms semisort=  0.007ms
[pe-async] round=184 R=186 dirty=        4 runs=        2 filter= 96.375ms semisort=  0.006ms
[pe-async] round=185 R=187 dirty=       26 runs=       13 filter= 96.234ms semisort=  0.009ms
[pe-async] round=186 R=188 dirty=        8 runs=        6 filter= 96.211ms semisort=  0.007ms
[pe-async] round=187 R=189 dirty=        8 runs=        2 filter= 97.330ms semisort=  0.007ms
[pe-async] round=188 R=190 dirty=        4 runs=        2 filter= 96.930ms semisort=  0.007ms
[pe-async] round=189 R=191 dirty=       26 runs=       13 filter= 96.837ms semisort=  0.009ms
[pe-async] round=190 R=192 dirty=        8 runs=        6 filter= 96.514ms semisort=  0.007ms
[pe-async] round=191 R=193 dirty=        8 runs=        2 filter= 97.177ms semisort=  0.007ms
[pe-async] round=192 R=194 dirty=        4 runs=        2 filter= 96.766ms semisort=  0.006ms
[pe-async] round=193 R=195 dirty=       26 runs=       13 filter= 96.859ms semisort=  0.009ms
[pe-async] round=194 R=196 dirty=        8 runs=        6 filter= 96.735ms semisort=  0.007ms
[pe-async] round=195 R=197 dirty=        8 runs=        2 filter= 96.553ms semisort=  0.007ms
[pe-async] round=196 R=198 dirty=        4 runs=        2 filter= 96.433ms semisort=  0.007ms
[pe-async] round=197 R=199 dirty=       26 runs=       13 filter= 96.276ms semisort=  0.009ms
[pe-async] round=198 R=200 dirty=        8 runs=        6 filter= 96.302ms semisort=  0.007ms
[pe-async] round=199 R=201 dirty=        8 runs=        2 filter= 96.334ms semisort=  0.007ms
[pe-async] round=200 R=202 dirty=        4 runs=        2 filter= 96.591ms semisort=  0.006ms
[pe-async] round=201 R=203 dirty=       26 runs=       13 filter= 95.900ms semisort=  0.010ms
[pe-async] round=202 R=204 dirty=        8 runs=        6 filter= 96.226ms semisort=  0.007ms
[pe-async] round=203 R=205 dirty=        8 runs=        2 filter= 96.373ms semisort=  0.007ms
[pe-async] round=204 R=206 dirty=        4 runs=        2 filter= 96.221ms semisort=  0.006ms
[pe-async] round=205 R=207 dirty=       26 runs=       13 filter= 96.157ms semisort=  0.013ms
[pe-async] round=206 R=208 dirty=        8 runs=        6 filter= 96.679ms semisort=  0.007ms
[pe-async] round=207 R=209 dirty=        8 runs=        2 filter= 96.387ms semisort=  0.007ms
[pe-async] round=208 R=210 dirty=        4 runs=        2 filter= 96.287ms semisort=  0.006ms
[pe-async] round=209 R=211 dirty=       26 runs=       13 filter= 96.383ms semisort=  0.009ms
[pe-async] round=210 R=212 dirty=        8 runs=        6 filter= 96.306ms semisort=  0.007ms
[pe-async] round=211 R=213 dirty=        8 runs=        2 filter= 96.293ms semisort=  0.006ms
[pe-async] round=212 R=214 dirty=        4 runs=        2 filter= 96.314ms semisort=  0.007ms
[pe-async] round=213 R=215 dirty=       26 runs=       13 filter= 96.011ms semisort=  0.009ms
[pe-async] round=214 R=216 dirty=        8 runs=        6 filter= 96.056ms semisort=  0.006ms
[pe-async] round=215 R=217 dirty=        8 runs=        2 filter= 96.079ms semisort=  0.007ms
[pe-async] round=216 R=218 dirty=        4 runs=        2 filter= 96.682ms semisort=  0.007ms
[pe-async] round=217 R=219 dirty=       26 runs=       13 filter= 96.998ms semisort=  0.010ms
[pe-async] round=218 R=220 dirty=        8 runs=        6 filter= 97.281ms semisort=  0.007ms
[pe-async] round=219 R=221 dirty=        8 runs=        2 filter= 96.176ms semisort=  0.008ms
[pe-async] round=220 R=222 dirty=        4 runs=        2 filter= 96.548ms semisort=  0.006ms
[pe-async] round=221 R=223 dirty=       26 runs=       13 filter= 96.563ms semisort=  0.011ms
[pe-async] round=222 R=224 dirty=        8 runs=        6 filter= 96.785ms semisort=  0.007ms
[pe-async] round=223 R=225 dirty=        8 runs=        2 filter= 96.319ms semisort=  0.007ms
[pe-async] round=224 R=226 dirty=        4 runs=        2 filter= 96.352ms semisort=  0.006ms
[pe-async] round=225 R=227 dirty=       26 runs=       13 filter= 95.814ms semisort=  0.010ms
[pe-async] round=226 R=228 dirty=        8 runs=        6 filter= 96.220ms semisort=  0.006ms
[pe-async] round=227 R=229 dirty=        8 runs=        2 filter= 96.769ms semisort=  0.007ms
[pe-async] round=228 R=230 dirty=        4 runs=        2 filter= 96.761ms semisort=  0.006ms
[pe-async] round=229 R=231 dirty=       26 runs=       13 filter= 96.628ms semisort=  0.010ms
[pe-async] round=230 R=232 dirty=        8 runs=        6 filter= 96.473ms semisort=  0.007ms
[pe-async] round=231 R=233 dirty=        8 runs=        2 filter= 96.370ms semisort=  0.007ms
[pe-async] round=232 R=234 dirty=        4 runs=        2 filter= 96.829ms semisort=  0.007ms
[pe-async] round=233 R=235 dirty=       26 runs=       13 filter= 96.186ms semisort=  0.009ms
[pe-async] round=234 R=236 dirty=        8 runs=        6 filter= 98.196ms semisort=  0.008ms
[pe-async] round=235 R=237 dirty=        8 runs=        2 filter= 99.040ms semisort=  0.007ms
[pe-async] round=236 R=238 dirty=        4 runs=        2 filter= 97.766ms semisort=  0.006ms
[pe-async] round=237 R=239 dirty=       26 runs=       13 filter= 97.474ms semisort=  0.010ms
[pe-async] round=238 R=240 dirty=        8 runs=        6 filter= 96.740ms semisort=  0.007ms
[pe-async] round=239 R=241 dirty=        8 runs=        2 filter= 96.675ms semisort=  0.008ms
[pe-async] round=240 R=242 dirty=        4 runs=        2 filter= 97.122ms semisort=  0.006ms
[pe-async] round=241 R=243 dirty=       26 runs=       13 filter= 96.666ms semisort=  0.010ms
[pe-async] round=242 R=244 dirty=        8 runs=        6 filter= 96.654ms semisort=  0.007ms
[pe-async] round=243 R=245 dirty=        8 runs=        2 filter= 96.386ms semisort=  0.007ms
[pe-async] round=244 R=246 dirty=        4 runs=        2 filter= 96.659ms semisort=  0.007ms
[pe-async] round=245 R=247 dirty=       26 runs=       13 filter= 98.155ms semisort=  0.009ms
[pe-async] round=246 R=248 dirty=        8 runs=        6 filter= 97.660ms semisort=  0.011ms
[pe-async] round=247 R=249 dirty=        8 runs=        2 filter= 98.133ms semisort=  0.007ms
[pe-async] round=248 R=250 dirty=        4 runs=        2 filter= 97.966ms semisort=  0.006ms
[pe-async] round=249 R=251 dirty=       26 runs=       13 filter= 96.941ms semisort=  0.010ms
[pe-async] round=250 R=252 dirty=        8 runs=        6 filter= 97.178ms semisort=  0.007ms
[pe-async] round=251 R=253 dirty=        8 runs=        2 filter= 96.916ms semisort=  0.007ms
[pe-async] round=252 R=254 dirty=        4 runs=        2 filter= 97.235ms semisort=  0.006ms
[pe-async] round=253 R=255 dirty=       26 runs=       13 filter= 96.669ms semisort=  0.010ms
[pe-async] round=254 R=256 dirty=        8 runs=        6 filter= 96.829ms semisort=  0.006ms
[pe-async] round=255 R=257 dirty=        8 runs=        2 filter= 96.854ms semisort=  0.007ms
[pe-async] round=256 R=258 dirty=        4 runs=        2 filter= 97.043ms semisort=  0.006ms
[pe-async] round=257 R=259 dirty=       18 runs=       10 filter= 96.546ms semisort=  0.008ms
[pe-async] round=258 R=260 dirty=        4 runs=        4 filter= 96.729ms semisort=  0.007ms
[pe-async] round=259 R=261 dirty=        0 filter= 97.186ms (clean break)
[pe-async] round=  0 R=2 dirty=  5437767 runs=  3698023 filter= 97.447ms semisort=494.489ms
[pe-async] round=  1 R=3 dirty=   226832 runs=   128424 filter=129.901ms semisort= 22.456ms
[pe-async] round=  2 R=4 dirty=    55915 runs=    52852 filter=110.803ms semisort=  4.109ms
[pe-async] round=  3 R=5 dirty=    29367 runs=    19922 filter=103.105ms semisort=  2.707ms
[pe-async] round=  4 R=6 dirty=    12610 runs=     9634 filter=102.080ms semisort=  1.469ms
[pe-async] round=  5 R=7 dirty=     7181 runs=     5780 filter=100.804ms semisort=  0.682ms
[pe-async] round=  6 R=8 dirty=     1740 runs=     1265 filter= 99.619ms semisort=  0.165ms
[pe-async] round=  7 R=9 dirty=      328 runs=      173 filter= 99.587ms semisort=  0.046ms
[pe-async] round=  8 R=10 dirty=     1728 runs=     1045 filter= 99.997ms semisort=  0.147ms
[pe-async] round=  9 R=11 dirty=      886 runs=      720 filter= 99.538ms semisort=  0.080ms
[pe-async] round= 10 R=12 dirty=      124 runs=       70 filter= 98.630ms semisort=  0.027ms
[pe-async] round= 11 R=13 dirty=      655 runs=      399 filter= 98.494ms semisort=  0.061ms
[pe-async] round= 12 R=14 dirty=      274 runs=      231 filter= 99.409ms semisort=  0.032ms
[pe-async] round= 13 R=15 dirty=       67 runs=       35 filter= 98.913ms semisort=  0.017ms
[pe-async] round= 14 R=16 dirty=      329 runs=      214 filter= 99.717ms semisort=  0.036ms
[pe-async] round= 15 R=17 dirty=      123 runs=      108 filter= 98.915ms semisort=  0.019ms
[pe-async] round= 16 R=18 dirty=       10 runs=        5 filter= 98.539ms semisort=  0.009ms
[pe-async] round= 17 R=19 dirty=      430 runs=      280 filter= 98.528ms semisort=  0.043ms
[pe-async] round= 18 R=20 dirty=      140 runs=      136 filter= 98.444ms semisort=  0.017ms
[pe-async] round= 19 R=21 dirty=       12 runs=        3 filter= 98.010ms semisort=  0.008ms
[pe-async] round= 20 R=22 dirty=        6 runs=        3 filter= 98.343ms semisort=  0.007ms
[pe-async] round= 21 R=23 dirty=       39 runs=       20 filter= 98.524ms semisort=  0.011ms
[pe-async] round= 22 R=24 dirty=       12 runs=        9 filter= 98.188ms semisort=  0.008ms
[pe-async] round= 23 R=25 dirty=       12 runs=        3 filter= 97.989ms semisort=  0.007ms
[pe-async] round= 24 R=26 dirty=        6 runs=        3 filter= 98.924ms semisort=  0.007ms
[pe-async] round= 25 R=27 dirty=       37 runs=       19 filter= 98.467ms semisort=  0.011ms
[pe-async] round= 26 R=28 dirty=       15 runs=       12 filter= 98.376ms semisort=  0.008ms
[pe-async] round= 27 R=29 dirty=        8 runs=        2 filter= 97.692ms semisort=  0.007ms
[pe-async] round= 28 R=30 dirty=        4 runs=        2 filter= 98.489ms semisort=  0.007ms
[pe-async] round= 29 R=31 dirty=       26 runs=       13 filter= 98.310ms semisort=  0.010ms
[pe-async] round= 30 R=32 dirty=        8 runs=        6 filter= 98.552ms semisort=  0.008ms
[pe-async] round= 31 R=33 dirty=        8 runs=        2 filter= 98.505ms semisort=  0.008ms
[pe-async] round= 32 R=34 dirty=        4 runs=        2 filter= 98.145ms semisort=  0.006ms
[pe-async] round= 33 R=35 dirty=       26 runs=       13 filter= 97.323ms semisort=  0.009ms
[pe-async] round= 34 R=36 dirty=        8 runs=        6 filter= 98.122ms semisort=  0.007ms
[pe-async] round= 35 R=37 dirty=        8 runs=        2 filter= 97.502ms semisort=  0.007ms
[pe-async] round= 36 R=38 dirty=        4 runs=        2 filter= 98.015ms semisort=  0.007ms
[pe-async] round= 37 R=39 dirty=       26 runs=       13 filter= 97.844ms semisort=  0.009ms
[pe-async] round= 38 R=40 dirty=        8 runs=        6 filter= 98.176ms semisort=  0.007ms
[pe-async] round= 39 R=41 dirty=        8 runs=        2 filter= 97.858ms semisort=  0.007ms
[pe-async] round= 40 R=42 dirty=        4 runs=        2 filter= 97.886ms semisort=  0.007ms
[pe-async] round= 41 R=43 dirty=       26 runs=       13 filter= 97.374ms semisort=  0.009ms
[pe-async] round= 42 R=44 dirty=        8 runs=        6 filter= 97.414ms semisort=  0.006ms
[pe-async] round= 43 R=45 dirty=        8 runs=        2 filter= 97.362ms semisort=  0.007ms
[pe-async] round= 44 R=46 dirty=        4 runs=        2 filter= 97.314ms semisort=  0.006ms
[pe-async] round= 45 R=47 dirty=       26 runs=       13 filter= 97.507ms semisort=  0.009ms
[pe-async] round= 46 R=48 dirty=        8 runs=        6 filter= 97.284ms semisort=  0.008ms
[pe-async] round= 47 R=49 dirty=        8 runs=        2 filter= 98.425ms semisort=  0.007ms
[pe-async] round= 48 R=50 dirty=        4 runs=        2 filter= 98.319ms semisort=  0.006ms
[pe-async] round= 49 R=51 dirty=       26 runs=       13 filter= 97.512ms semisort=  0.009ms
[pe-async] round= 50 R=52 dirty=        8 runs=        6 filter= 97.347ms semisort=  0.006ms
[pe-async] round= 51 R=53 dirty=        8 runs=        2 filter= 98.083ms semisort=  0.006ms
[pe-async] round= 52 R=54 dirty=        4 runs=        2 filter= 97.465ms semisort=  0.006ms
[pe-async] round= 53 R=55 dirty=       26 runs=       13 filter= 97.476ms semisort=  0.009ms
[pe-async] round= 54 R=56 dirty=        8 runs=        6 filter= 97.428ms semisort=  0.006ms
[pe-async] round= 55 R=57 dirty=        8 runs=        2 filter= 97.335ms semisort=  0.007ms
[pe-async] round= 56 R=58 dirty=        4 runs=        2 filter= 97.148ms semisort=  0.006ms
[pe-async] round= 57 R=59 dirty=       26 runs=       13 filter= 98.812ms semisort=  0.010ms
[pe-async] round= 58 R=60 dirty=        8 runs=        6 filter= 98.093ms semisort=  0.007ms
[pe-async] round= 59 R=61 dirty=        8 runs=        2 filter= 98.305ms semisort=  0.007ms
[pe-async] round= 60 R=62 dirty=        4 runs=        2 filter= 97.480ms semisort=  0.006ms
[pe-async] round= 61 R=63 dirty=       26 runs=       13 filter= 97.331ms semisort=  0.009ms
[pe-async] round= 62 R=64 dirty=        8 runs=        6 filter= 97.330ms semisort=  0.007ms
[pe-async] round= 63 R=65 dirty=        8 runs=        2 filter= 97.034ms semisort=  0.007ms
[pe-async] round= 64 R=66 dirty=        4 runs=        2 filter= 97.628ms semisort=  0.006ms
[pe-async] round= 65 R=67 dirty=       26 runs=       13 filter= 97.649ms semisort=  0.009ms
[pe-async] round= 66 R=68 dirty=        8 runs=        6 filter= 96.639ms semisort=  0.006ms
[pe-async] round= 67 R=69 dirty=        8 runs=        2 filter= 97.298ms semisort=  0.007ms
[pe-async] round= 68 R=70 dirty=        4 runs=        2 filter= 98.198ms semisort=  0.006ms
[pe-async] round= 69 R=71 dirty=       26 runs=       13 filter= 97.402ms semisort=  0.010ms
[pe-async] round= 70 R=72 dirty=        8 runs=        6 filter= 97.130ms semisort=  0.006ms
[pe-async] round= 71 R=73 dirty=        8 runs=        2 filter= 97.304ms semisort=  0.007ms
[pe-async] round= 72 R=74 dirty=        4 runs=        2 filter= 97.496ms semisort=  0.006ms
[pe-async] round= 73 R=75 dirty=       26 runs=       13 filter= 97.320ms semisort=  0.009ms
[pe-async] round= 74 R=76 dirty=        8 runs=        6 filter= 97.462ms semisort=  0.007ms
[pe-async] round= 75 R=77 dirty=        8 runs=        2 filter= 96.811ms semisort=  0.007ms
[pe-async] round= 76 R=78 dirty=        4 runs=        2 filter= 96.992ms semisort=  0.006ms
[pe-async] round= 77 R=79 dirty=       26 runs=       13 filter= 96.734ms semisort=  0.009ms
[pe-async] round= 78 R=80 dirty=        8 runs=        6 filter= 96.818ms semisort=  0.009ms
[pe-async] round= 79 R=81 dirty=        8 runs=        2 filter= 96.931ms semisort=  0.007ms
[pe-async] round= 80 R=82 dirty=        4 runs=        2 filter= 96.290ms semisort=  0.006ms
[pe-async] round= 81 R=83 dirty=       26 runs=       13 filter= 96.296ms semisort=  0.009ms
[pe-async] round= 82 R=84 dirty=        8 runs=        6 filter= 96.439ms semisort=  0.007ms
[pe-async] round= 83 R=85 dirty=        8 runs=        2 filter= 96.360ms semisort=  0.007ms
[pe-async] round= 84 R=86 dirty=        4 runs=        2 filter= 96.845ms semisort=  0.006ms
[pe-async] round= 85 R=87 dirty=       26 runs=       13 filter= 97.271ms semisort=  0.009ms
[pe-async] round= 86 R=88 dirty=        8 runs=        6 filter= 97.465ms semisort=  0.007ms
[pe-async] round= 87 R=89 dirty=        8 runs=        2 filter= 98.358ms semisort=  0.007ms
[pe-async] round= 88 R=90 dirty=        4 runs=        2 filter= 98.074ms semisort=  0.006ms
[pe-async] round= 89 R=91 dirty=       26 runs=       13 filter= 97.166ms semisort=  0.009ms
[pe-async] round= 90 R=92 dirty=        8 runs=        6 filter= 97.069ms semisort=  0.007ms
[pe-async] round= 91 R=93 dirty=        8 runs=        2 filter= 97.381ms semisort=  0.007ms
[pe-async] round= 92 R=94 dirty=        4 runs=        2 filter= 96.924ms semisort=  0.006ms
[pe-async] round= 93 R=95 dirty=       26 runs=       13 filter= 97.659ms semisort=  0.008ms
[pe-async] round= 94 R=96 dirty=        8 runs=        6 filter= 96.902ms semisort=  0.006ms
[pe-async] round= 95 R=97 dirty=        8 runs=        2 filter= 96.751ms semisort=  0.007ms
[pe-async] round= 96 R=98 dirty=        4 runs=        2 filter= 96.959ms semisort=  0.007ms
[pe-async] round= 97 R=99 dirty=       26 runs=       13 filter= 96.964ms semisort=  0.009ms
[pe-async] round= 98 R=100 dirty=        8 runs=        6 filter= 97.832ms semisort=  0.007ms
[pe-async] round= 99 R=101 dirty=        8 runs=        2 filter= 97.735ms semisort=  0.007ms
[pe-async] round=100 R=102 dirty=        4 runs=        2 filter= 96.687ms semisort=  0.006ms
[pe-async] round=101 R=103 dirty=       26 runs=       13 filter= 96.776ms semisort=  0.010ms
[pe-async] round=102 R=104 dirty=        8 runs=        6 filter= 96.816ms semisort=  0.007ms
[pe-async] round=103 R=105 dirty=        8 runs=        2 filter= 96.763ms semisort=  0.006ms
[pe-async] round=104 R=106 dirty=        4 runs=        2 filter= 97.006ms semisort=  0.007ms
[pe-async] round=105 R=107 dirty=       26 runs=       13 filter= 96.572ms semisort=  0.009ms
[pe-async] round=106 R=108 dirty=        8 runs=        6 filter= 96.783ms semisort=  0.007ms
[pe-async] round=107 R=109 dirty=        8 runs=        2 filter= 96.652ms semisort=  0.007ms
[pe-async] round=108 R=110 dirty=        4 runs=        2 filter= 96.556ms semisort=  0.006ms
[pe-async] round=109 R=111 dirty=       26 runs=       13 filter= 96.586ms semisort=  0.010ms
[pe-async] round=110 R=112 dirty=        8 runs=        6 filter= 96.353ms semisort=  0.007ms
[pe-async] round=111 R=113 dirty=        8 runs=        2 filter= 96.938ms semisort=  0.008ms
[pe-async] round=112 R=114 dirty=        4 runs=        2 filter= 96.942ms semisort=  0.006ms
[pe-async] round=113 R=115 dirty=       26 runs=       13 filter= 96.315ms semisort=  0.010ms
[pe-async] round=114 R=116 dirty=        8 runs=        6 filter= 96.754ms semisort=  0.006ms
[pe-async] round=115 R=117 dirty=        8 runs=        2 filter= 96.499ms semisort=  0.006ms
[pe-async] round=116 R=118 dirty=        4 runs=        2 filter= 96.937ms semisort=  0.007ms
[pe-async] round=117 R=119 dirty=       26 runs=       13 filter= 96.569ms semisort=  0.009ms
[pe-async] round=118 R=120 dirty=        8 runs=        6 filter= 96.292ms semisort=  0.006ms
[pe-async] round=119 R=121 dirty=        8 runs=        2 filter= 96.522ms semisort=  0.007ms
[pe-async] round=120 R=122 dirty=        4 runs=        2 filter= 96.226ms semisort=  0.007ms
[pe-async] round=121 R=123 dirty=       26 runs=       13 filter= 96.220ms semisort=  0.009ms
[pe-async] round=122 R=124 dirty=        8 runs=        6 filter= 96.114ms semisort=  0.006ms
[pe-async] round=123 R=125 dirty=        8 runs=        2 filter= 96.274ms semisort=  0.006ms
[pe-async] round=124 R=126 dirty=        4 runs=        2 filter= 97.062ms semisort=  0.006ms
[pe-async] round=125 R=127 dirty=       26 runs=       13 filter= 96.222ms semisort=  0.009ms
[pe-async] round=126 R=128 dirty=        8 runs=        6 filter= 96.430ms semisort=  0.006ms
[pe-async] round=127 R=129 dirty=        8 runs=        2 filter= 96.708ms semisort=  0.006ms
[pe-async] round=128 R=130 dirty=        4 runs=        2 filter= 96.377ms semisort=  0.006ms
[pe-async] round=129 R=131 dirty=       26 runs=       13 filter= 96.179ms semisort=  0.010ms
[pe-async] round=130 R=132 dirty=        8 runs=        6 filter= 96.520ms semisort=  0.007ms
[pe-async] round=131 R=133 dirty=        8 runs=        2 filter= 96.637ms semisort=  0.007ms
[pe-async] round=132 R=134 dirty=        4 runs=        2 filter= 96.742ms semisort=  0.006ms
[pe-async] round=133 R=135 dirty=       26 runs=       13 filter= 96.297ms semisort=  0.010ms
[pe-async] round=134 R=136 dirty=        8 runs=        6 filter= 96.321ms semisort=  0.007ms
[pe-async] round=135 R=137 dirty=        8 runs=        2 filter= 96.284ms semisort=  0.007ms
[pe-async] round=136 R=138 dirty=        4 runs=        2 filter= 96.388ms semisort=  0.006ms
[pe-async] round=137 R=139 dirty=       26 runs=       13 filter= 96.473ms semisort=  0.010ms
[pe-async] round=138 R=140 dirty=        8 runs=        6 filter= 96.202ms semisort=  0.007ms
[pe-async] round=139 R=141 dirty=        8 runs=        2 filter= 96.158ms semisort=  0.007ms
[pe-async] round=140 R=142 dirty=        4 runs=        2 filter= 96.340ms semisort=  0.006ms
[pe-async] round=141 R=143 dirty=       26 runs=       13 filter= 96.295ms semisort=  0.010ms
[pe-async] round=142 R=144 dirty=        8 runs=        6 filter= 96.161ms semisort=  0.006ms
[pe-async] round=143 R=145 dirty=        8 runs=        2 filter= 96.257ms semisort=  0.008ms
[pe-async] round=144 R=146 dirty=        4 runs=        2 filter= 96.522ms semisort=  0.006ms
[pe-async] round=145 R=147 dirty=       26 runs=       13 filter= 95.681ms semisort=  0.009ms
[pe-async] round=146 R=148 dirty=        8 runs=        6 filter= 96.241ms semisort=  0.007ms
[pe-async] round=147 R=149 dirty=        8 runs=        2 filter= 96.375ms semisort=  0.006ms
[pe-async] round=148 R=150 dirty=        4 runs=        2 filter= 96.577ms semisort=  0.006ms
[pe-async] round=149 R=151 dirty=       26 runs=       13 filter= 96.283ms semisort=  0.009ms
[pe-async] round=150 R=152 dirty=        8 runs=        6 filter= 96.089ms semisort=  0.007ms
[pe-async] round=151 R=153 dirty=        8 runs=        2 filter= 96.254ms semisort=  0.007ms
[pe-async] round=152 R=154 dirty=        4 runs=        2 filter= 96.883ms semisort=  0.006ms
[pe-async] round=153 R=155 dirty=       26 runs=       13 filter= 96.427ms semisort=  0.009ms
[pe-async] round=154 R=156 dirty=        8 runs=        6 filter= 96.167ms semisort=  0.006ms
[pe-async] round=155 R=157 dirty=        8 runs=        2 filter= 96.601ms semisort=  0.007ms
[pe-async] round=156 R=158 dirty=        4 runs=        2 filter= 96.388ms semisort=  0.006ms
[pe-async] round=157 R=159 dirty=       26 runs=       13 filter= 96.880ms semisort=  0.009ms
[pe-async] round=158 R=160 dirty=        8 runs=        6 filter= 96.767ms semisort=  0.007ms
[pe-async] round=159 R=161 dirty=        8 runs=        2 filter= 96.701ms semisort=  0.006ms
[pe-async] round=160 R=162 dirty=        4 runs=        2 filter= 96.157ms semisort=  0.006ms
[pe-async] round=161 R=163 dirty=       26 runs=       13 filter= 96.288ms semisort=  0.009ms
[pe-async] round=162 R=164 dirty=        8 runs=        6 filter= 96.370ms semisort=  0.007ms
[pe-async] round=163 R=165 dirty=        8 runs=        2 filter= 96.424ms semisort=  0.006ms
[pe-async] round=164 R=166 dirty=        4 runs=        2 filter= 96.394ms semisort=  0.006ms
[pe-async] round=165 R=167 dirty=       26 runs=       13 filter= 96.266ms semisort=  0.008ms
[pe-async] round=166 R=168 dirty=        8 runs=        6 filter= 96.126ms semisort=  0.006ms
[pe-async] round=167 R=169 dirty=        8 runs=        2 filter= 96.313ms semisort=  0.006ms
[pe-async] round=168 R=170 dirty=        4 runs=        2 filter= 96.817ms semisort=  0.007ms
[pe-async] round=169 R=171 dirty=       26 runs=       13 filter= 97.301ms semisort=  0.009ms
[pe-async] round=170 R=172 dirty=        8 runs=        6 filter= 99.586ms semisort=  0.008ms
[pe-async] round=171 R=173 dirty=        8 runs=        2 filter= 98.563ms semisort=  0.007ms
[pe-async] round=172 R=174 dirty=        4 runs=        2 filter= 98.060ms semisort=  0.006ms
[pe-async] round=173 R=175 dirty=       26 runs=       13 filter= 97.394ms semisort=  0.009ms
[pe-async] round=174 R=176 dirty=        8 runs=        6 filter= 97.041ms semisort=  0.006ms
[pe-async] round=175 R=177 dirty=        8 runs=        2 filter= 97.027ms semisort=  0.008ms
[pe-async] round=176 R=178 dirty=        4 runs=        2 filter= 96.694ms semisort=  0.006ms
[pe-async] round=177 R=179 dirty=       26 runs=       13 filter= 97.223ms semisort=  0.009ms
[pe-async] round=178 R=180 dirty=        8 runs=        6 filter= 97.052ms semisort=  0.007ms
[pe-async] round=179 R=181 dirty=        8 runs=        2 filter= 97.553ms semisort=  0.006ms
[pe-async] round=180 R=182 dirty=        4 runs=        2 filter= 97.550ms semisort=  0.007ms
[pe-async] round=181 R=183 dirty=       26 runs=       13 filter= 98.101ms semisort=  0.009ms
[pe-async] round=182 R=184 dirty=        8 runs=        6 filter= 97.207ms semisort=  0.007ms
[pe-async] round=183 R=185 dirty=        8 runs=        2 filter= 96.803ms semisort=  0.007ms
[pe-async] round=184 R=186 dirty=        4 runs=        2 filter= 96.890ms semisort=  0.006ms
[pe-async] round=185 R=187 dirty=       26 runs=       13 filter= 96.483ms semisort=  0.010ms
[pe-async] round=186 R=188 dirty=        8 runs=        6 filter= 97.675ms semisort=  0.006ms
[pe-async] round=187 R=189 dirty=        8 runs=        2 filter= 96.966ms semisort=  0.007ms
[pe-async] round=188 R=190 dirty=        4 runs=        2 filter= 96.589ms semisort=  0.007ms
[pe-async] round=189 R=191 dirty=       26 runs=       13 filter= 96.599ms semisort=  0.009ms
[pe-async] round=190 R=192 dirty=        8 runs=        6 filter= 96.662ms semisort=  0.007ms
[pe-async] round=191 R=193 dirty=        8 runs=        2 filter= 97.074ms semisort=  0.007ms
[pe-async] round=192 R=194 dirty=        4 runs=        2 filter= 96.722ms semisort=  0.007ms
[pe-async] round=193 R=195 dirty=       26 runs=       13 filter= 96.984ms semisort=  0.009ms
[pe-async] round=194 R=196 dirty=        8 runs=        6 filter= 96.797ms semisort=  0.007ms
[pe-async] round=195 R=197 dirty=        8 runs=        2 filter= 96.668ms semisort=  0.007ms
[pe-async] round=196 R=198 dirty=        4 runs=        2 filter= 96.613ms semisort=  0.006ms
[pe-async] round=197 R=199 dirty=       26 runs=       13 filter= 96.585ms semisort=  0.009ms
[pe-async] round=198 R=200 dirty=        8 runs=        6 filter= 96.367ms semisort=  0.007ms
[pe-async] round=199 R=201 dirty=        8 runs=        2 filter= 96.478ms semisort=  0.007ms
[pe-async] round=200 R=202 dirty=        4 runs=        2 filter= 96.138ms semisort=  0.006ms
[pe-async] round=201 R=203 dirty=       26 runs=       13 filter= 96.511ms semisort=  0.009ms
[pe-async] round=202 R=204 dirty=        8 runs=        6 filter= 95.991ms semisort=  0.006ms
[pe-async] round=203 R=205 dirty=        8 runs=        2 filter= 96.417ms semisort=  0.007ms
[pe-async] round=204 R=206 dirty=        4 runs=        2 filter= 96.079ms semisort=  0.006ms
[pe-async] round=205 R=207 dirty=       26 runs=       13 filter= 96.580ms semisort=  0.009ms
[pe-async] round=206 R=208 dirty=        8 runs=        6 filter= 96.579ms semisort=  0.007ms
[pe-async] round=207 R=209 dirty=        8 runs=        2 filter= 96.265ms semisort=  0.007ms
[pe-async] round=208 R=210 dirty=        4 runs=        2 filter= 96.186ms semisort=  0.006ms
[pe-async] round=209 R=211 dirty=       26 runs=       13 filter= 96.227ms semisort=  0.009ms
[pe-async] round=210 R=212 dirty=        8 runs=        6 filter= 96.828ms semisort=  0.007ms
[pe-async] round=211 R=213 dirty=        8 runs=        2 filter= 96.411ms semisort=  0.006ms
[pe-async] round=212 R=214 dirty=        4 runs=        2 filter= 95.713ms semisort=  0.006ms
[pe-async] round=213 R=215 dirty=       26 runs=       13 filter= 95.750ms semisort=  0.009ms
[pe-async] round=214 R=216 dirty=        8 runs=        6 filter= 96.183ms semisort=  0.007ms
[pe-async] round=215 R=217 dirty=        8 runs=        2 filter= 96.334ms semisort=  0.007ms
[pe-async] round=216 R=218 dirty=        4 runs=        2 filter= 96.103ms semisort=  0.006ms
[pe-async] round=217 R=219 dirty=       26 runs=       13 filter= 96.558ms semisort=  0.009ms
[pe-async] round=218 R=220 dirty=        8 runs=        6 filter= 95.810ms semisort=  0.008ms
[pe-async] round=219 R=221 dirty=        8 runs=        2 filter= 96.114ms semisort=  0.007ms
[pe-async] round=220 R=222 dirty=        4 runs=        2 filter= 96.297ms semisort=  0.006ms
[pe-async] round=221 R=223 dirty=       26 runs=       13 filter= 96.136ms semisort=  0.009ms
[pe-async] round=222 R=224 dirty=        8 runs=        6 filter= 96.241ms semisort=  0.007ms
[pe-async] round=223 R=225 dirty=        8 runs=        2 filter= 95.803ms semisort=  0.007ms
[pe-async] round=224 R=226 dirty=        4 runs=        2 filter= 96.077ms semisort=  0.005ms
[pe-async] round=225 R=227 dirty=       26 runs=       13 filter= 95.977ms semisort=  0.009ms
[pe-async] round=226 R=228 dirty=        8 runs=        6 filter= 96.190ms semisort=  0.006ms
[pe-async] round=227 R=229 dirty=        8 runs=        2 filter= 96.550ms semisort=  0.007ms
[pe-async] round=228 R=230 dirty=        4 runs=        2 filter= 96.031ms semisort=  0.010ms
[pe-async] round=229 R=231 dirty=       26 runs=       13 filter= 96.350ms semisort=  0.009ms
[pe-async] round=230 R=232 dirty=        8 runs=        6 filter= 96.681ms semisort=  0.007ms
[pe-async] round=231 R=233 dirty=        8 runs=        2 filter= 96.832ms semisort=  0.007ms
[pe-async] round=232 R=234 dirty=        4 runs=        2 filter= 95.586ms semisort=  0.006ms
[pe-async] round=233 R=235 dirty=       26 runs=       13 filter= 96.165ms semisort=  0.008ms
[pe-async] round=234 R=236 dirty=        8 runs=        6 filter= 96.266ms semisort=  0.007ms
[pe-async] round=235 R=237 dirty=        8 runs=        2 filter= 96.542ms semisort=  0.007ms
[pe-async] round=236 R=238 dirty=        4 runs=        2 filter= 96.026ms semisort=  0.006ms
[pe-async] round=237 R=239 dirty=       26 runs=       13 filter= 95.751ms semisort=  0.009ms
[pe-async] round=238 R=240 dirty=        8 runs=        6 filter= 95.939ms semisort=  0.007ms
[pe-async] round=239 R=241 dirty=        8 runs=        2 filter= 96.257ms semisort=  0.007ms
[pe-async] round=240 R=242 dirty=        4 runs=        2 filter= 95.773ms semisort=  0.006ms
[pe-async] round=241 R=243 dirty=       26 runs=       13 filter= 97.499ms semisort=  0.011ms
[pe-async] round=242 R=244 dirty=        8 runs=        6 filter= 97.130ms semisort=  0.007ms
[pe-async] round=243 R=245 dirty=        8 runs=        2 filter= 96.759ms semisort=  0.007ms
[pe-async] round=244 R=246 dirty=        4 runs=        2 filter= 96.674ms semisort=  0.006ms
[pe-async] round=245 R=247 dirty=       26 runs=       13 filter= 96.634ms semisort=  0.009ms
[pe-async] round=246 R=248 dirty=        8 runs=        6 filter= 96.643ms semisort=  0.006ms
[pe-async] round=247 R=249 dirty=        8 runs=        2 filter= 95.818ms semisort=  0.006ms
[pe-async] round=248 R=250 dirty=        4 runs=        2 filter= 96.648ms semisort=  0.006ms
[pe-async] round=249 R=251 dirty=       26 runs=       13 filter= 95.900ms semisort=  0.010ms
[pe-async] round=250 R=252 dirty=        8 runs=        6 filter= 96.785ms semisort=  0.007ms
[pe-async] round=251 R=253 dirty=        8 runs=        2 filter= 96.457ms semisort=  0.007ms
[pe-async] round=252 R=254 dirty=        4 runs=        2 filter= 96.406ms semisort=  0.006ms
[pe-async] round=253 R=255 dirty=       26 runs=       13 filter= 96.452ms semisort=  0.010ms
[pe-async] round=254 R=256 dirty=        8 runs=        6 filter= 96.027ms semisort=  0.007ms
[pe-async] round=255 R=257 dirty=        8 runs=        2 filter= 96.309ms semisort=  0.006ms
[pe-async] round=256 R=258 dirty=        4 runs=        2 filter= 96.287ms semisort=  0.006ms
[pe-async] round=257 R=259 dirty=       18 runs=       10 filter= 96.113ms semisort=  0.008ms
[pe-async] round=258 R=260 dirty=        4 runs=        4 filter= 96.304ms semisort=  0.006ms
[pe-async] round=259 R=261 dirty=        0 filter= 96.299ms (clean break)
[pe-async] round=  0 R=2 dirty=  5437767 runs=  3698023 filter= 96.632ms semisort=495.408ms
[pe-async] round=  1 R=3 dirty=   226832 runs=   128424 filter=130.970ms semisort= 22.422ms
[pe-async] round=  2 R=4 dirty=    55915 runs=    52852 filter=110.614ms semisort=  4.110ms
[pe-async] round=  3 R=5 dirty=    29367 runs=    19922 filter=102.273ms semisort=  2.613ms
[pe-async] round=  4 R=6 dirty=    12610 runs=     9634 filter=101.499ms semisort=  1.464ms
[pe-async] round=  5 R=7 dirty=     7181 runs=     5780 filter=100.500ms semisort=  0.687ms
[pe-async] round=  6 R=8 dirty=     1740 runs=     1265 filter= 99.277ms semisort=  0.164ms
[pe-async] round=  7 R=9 dirty=      328 runs=      173 filter= 99.344ms semisort=  0.049ms
[pe-async] round=  8 R=10 dirty=     1728 runs=     1045 filter= 99.512ms semisort=  0.147ms
[pe-async] round=  9 R=11 dirty=      886 runs=      720 filter=100.481ms semisort=  0.092ms
[pe-async] round= 10 R=12 dirty=      124 runs=       70 filter= 99.611ms semisort=  0.025ms
[pe-async] round= 11 R=13 dirty=      655 runs=      399 filter=100.835ms semisort=  0.061ms
[pe-async] round= 12 R=14 dirty=      274 runs=      231 filter= 99.913ms semisort=  0.032ms
[pe-async] round= 13 R=15 dirty=       67 runs=       35 filter= 99.917ms semisort=  0.017ms
[pe-async] round= 14 R=16 dirty=      329 runs=      214 filter= 99.498ms semisort=  0.036ms
[pe-async] round= 15 R=17 dirty=      123 runs=      108 filter= 98.480ms semisort=  0.019ms
[pe-async] round= 16 R=18 dirty=       10 runs=        5 filter= 98.575ms semisort=  0.009ms
[pe-async] round= 17 R=19 dirty=      430 runs=      280 filter= 98.725ms semisort=  0.039ms
[pe-async] round= 18 R=20 dirty=      140 runs=      136 filter= 98.312ms semisort=  0.026ms
[pe-async] round= 19 R=21 dirty=       12 runs=        3 filter= 98.673ms semisort=  0.008ms
[pe-async] round= 20 R=22 dirty=        6 runs=        3 filter= 98.336ms semisort=  0.007ms
[pe-async] round= 21 R=23 dirty=       39 runs=       20 filter= 98.722ms semisort=  0.012ms
[pe-async] round= 22 R=24 dirty=       12 runs=        9 filter= 98.366ms semisort=  0.008ms
[pe-async] round= 23 R=25 dirty=       12 runs=        3 filter= 98.231ms semisort=  0.009ms
[pe-async] round= 24 R=26 dirty=        6 runs=        3 filter= 98.572ms semisort=  0.007ms
[pe-async] round= 25 R=27 dirty=       37 runs=       19 filter= 98.410ms semisort=  0.011ms
[pe-async] round= 26 R=28 dirty=       15 runs=       12 filter= 98.362ms semisort=  0.008ms
[pe-async] round= 27 R=29 dirty=        8 runs=        2 filter= 98.445ms semisort=  0.008ms
[pe-async] round= 28 R=30 dirty=        4 runs=        2 filter= 97.495ms semisort=  0.006ms
[pe-async] round= 29 R=31 dirty=       26 runs=       13 filter= 98.112ms semisort=  0.010ms
[pe-async] round= 30 R=32 dirty=        8 runs=        6 filter= 97.724ms semisort=  0.007ms
[pe-async] round= 31 R=33 dirty=        8 runs=        2 filter= 98.101ms semisort=  0.007ms
[pe-async] round= 32 R=34 dirty=        4 runs=        2 filter= 97.472ms semisort=  0.006ms
[pe-async] round= 33 R=35 dirty=       26 runs=       13 filter= 97.361ms semisort=  0.010ms
[pe-async] round= 34 R=36 dirty=        8 runs=        6 filter= 97.881ms semisort=  0.007ms
[pe-async] round= 35 R=37 dirty=        8 runs=        2 filter= 97.417ms semisort=  0.008ms
[pe-async] round= 36 R=38 dirty=        4 runs=        2 filter= 97.422ms semisort=  0.006ms
[pe-async] round= 37 R=39 dirty=       26 runs=       13 filter= 97.224ms semisort=  0.009ms
[pe-async] round= 38 R=40 dirty=        8 runs=        6 filter= 97.523ms semisort=  0.007ms
[pe-async] round= 39 R=41 dirty=        8 runs=        2 filter= 97.480ms semisort=  0.008ms
[pe-async] round= 40 R=42 dirty=        4 runs=        2 filter= 98.287ms semisort=  0.007ms
[pe-async] round= 41 R=43 dirty=       26 runs=       13 filter= 98.293ms semisort=  0.010ms
[pe-async] round= 42 R=44 dirty=        8 runs=        6 filter= 97.350ms semisort=  0.007ms
[pe-async] round= 43 R=45 dirty=        8 runs=        2 filter= 97.353ms semisort=  0.007ms
[pe-async] round= 44 R=46 dirty=        4 runs=        2 filter= 97.318ms semisort=  0.006ms
[pe-async] round= 45 R=47 dirty=       26 runs=       13 filter= 97.294ms semisort=  0.010ms
[pe-async] round= 46 R=48 dirty=        8 runs=        6 filter= 97.350ms semisort=  0.007ms
[pe-async] round= 47 R=49 dirty=        8 runs=        2 filter= 97.228ms semisort=  0.007ms
[pe-async] round= 48 R=50 dirty=        4 runs=        2 filter= 97.396ms semisort=  0.006ms
[pe-async] round= 49 R=51 dirty=       26 runs=       13 filter= 97.181ms semisort=  0.009ms
[pe-async] round= 50 R=52 dirty=        8 runs=        6 filter= 96.877ms semisort=  0.006ms
[pe-async] round= 51 R=53 dirty=        8 runs=        2 filter= 96.943ms semisort=  0.007ms
[pe-async] round= 52 R=54 dirty=        4 runs=        2 filter= 97.292ms semisort=  0.006ms
[pe-async] round= 53 R=55 dirty=       26 runs=       13 filter= 98.353ms semisort=  0.011ms
[pe-async] round= 54 R=56 dirty=        8 runs=        6 filter= 98.509ms semisort=  0.007ms
[pe-async] round= 55 R=57 dirty=        8 runs=        2 filter= 97.436ms semisort=  0.007ms
[pe-async] round= 56 R=58 dirty=        4 runs=        2 filter= 97.531ms semisort=  0.006ms
[pe-async] round= 57 R=59 dirty=       26 runs=       13 filter= 97.387ms semisort=  0.009ms
[pe-async] round= 58 R=60 dirty=        8 runs=        6 filter= 97.175ms semisort=  0.006ms
[pe-async] round= 59 R=61 dirty=        8 runs=        2 filter= 97.396ms semisort=  0.007ms
[pe-async] round= 60 R=62 dirty=        4 runs=        2 filter= 96.855ms semisort=  0.006ms
[pe-async] round= 61 R=63 dirty=       26 runs=       13 filter= 98.006ms semisort=  0.009ms
[pe-async] round= 62 R=64 dirty=        8 runs=        6 filter= 97.934ms semisort=  0.006ms
[pe-async] round= 63 R=65 dirty=        8 runs=        2 filter= 97.618ms semisort=  0.007ms
[pe-async] round= 64 R=66 dirty=        4 runs=        2 filter= 97.420ms semisort=  0.006ms
[pe-async] round= 65 R=67 dirty=       26 runs=       13 filter= 97.350ms semisort=  0.009ms
[pe-async] round= 66 R=68 dirty=        8 runs=        6 filter= 97.421ms semisort=  0.007ms
[pe-async] round= 67 R=69 dirty=        8 runs=        2 filter= 97.292ms semisort=  0.008ms
[pe-async] round= 68 R=70 dirty=        4 runs=        2 filter= 98.852ms semisort=  0.006ms
[pe-async] round= 69 R=71 dirty=       26 runs=       13 filter= 99.019ms semisort=  0.010ms
[pe-async] round= 70 R=72 dirty=        8 runs=        6 filter= 98.708ms semisort=  0.007ms
[pe-async] round= 71 R=73 dirty=        8 runs=        2 filter= 97.681ms semisort=  0.007ms
[pe-async] round= 72 R=74 dirty=        4 runs=        2 filter= 98.026ms semisort=  0.006ms
[pe-async] round= 73 R=75 dirty=       26 runs=       13 filter= 97.399ms semisort=  0.010ms
[pe-async] round= 74 R=76 dirty=        8 runs=        6 filter= 97.211ms semisort=  0.006ms
[pe-async] round= 75 R=77 dirty=        8 runs=        2 filter= 97.498ms semisort=  0.006ms
[pe-async] round= 76 R=78 dirty=        4 runs=        2 filter= 96.880ms semisort=  0.006ms
[pe-async] round= 77 R=79 dirty=       26 runs=       13 filter= 97.315ms semisort=  0.010ms
[pe-async] round= 78 R=80 dirty=        8 runs=        6 filter= 97.250ms semisort=  0.007ms
[pe-async] round= 79 R=81 dirty=        8 runs=        2 filter= 97.099ms semisort=  0.007ms
[pe-async] round= 80 R=82 dirty=        4 runs=        2 filter= 99.359ms semisort=  0.008ms
[pe-async] round= 81 R=83 dirty=       26 runs=       13 filter= 99.097ms semisort=  0.009ms
[pe-async] round= 82 R=84 dirty=        8 runs=        6 filter= 98.481ms semisort=  0.009ms
[pe-async] round= 83 R=85 dirty=        8 runs=        2 filter= 98.063ms semisort=  0.007ms
[pe-async] round= 84 R=86 dirty=        4 runs=        2 filter= 97.532ms semisort=  0.006ms
[pe-async] round= 85 R=87 dirty=       26 runs=       13 filter= 98.027ms semisort=  0.009ms
[pe-async] round= 86 R=88 dirty=        8 runs=        6 filter= 97.595ms semisort=  0.008ms
[pe-async] round= 87 R=89 dirty=        8 runs=        2 filter= 99.965ms semisort=  0.007ms
[pe-async] round= 88 R=90 dirty=        4 runs=        2 filter= 98.955ms semisort=  0.006ms
[pe-async] round= 89 R=91 dirty=       26 runs=       13 filter= 97.618ms semisort=  0.009ms
[pe-async] round= 90 R=92 dirty=        8 runs=        6 filter= 98.070ms semisort=  0.007ms
[pe-async] round= 91 R=93 dirty=        8 runs=        2 filter= 97.659ms semisort=  0.006ms
[pe-async] round= 92 R=94 dirty=        4 runs=        2 filter= 97.290ms semisort=  0.006ms
[pe-async] round= 93 R=95 dirty=       26 runs=       13 filter= 97.264ms semisort=  0.009ms
[pe-async] round= 94 R=96 dirty=        8 runs=        6 filter= 97.217ms semisort=  0.007ms
[pe-async] round= 95 R=97 dirty=        8 runs=        2 filter= 97.018ms semisort=  0.007ms
[pe-async] round= 96 R=98 dirty=        4 runs=        2 filter= 97.119ms semisort=  0.007ms
[pe-async] round= 97 R=99 dirty=       26 runs=       13 filter= 96.859ms semisort=  0.009ms
[pe-async] round= 98 R=100 dirty=        8 runs=        6 filter= 96.772ms semisort=  0.007ms
[pe-async] round= 99 R=101 dirty=        8 runs=        2 filter= 97.349ms semisort=  0.007ms
[pe-async] round=100 R=102 dirty=        4 runs=        2 filter= 96.686ms semisort=  0.007ms
[pe-async] round=101 R=103 dirty=       26 runs=       13 filter= 97.080ms semisort=  0.009ms
[pe-async] round=102 R=104 dirty=        8 runs=        6 filter= 96.824ms semisort=  0.007ms
[pe-async] round=103 R=105 dirty=        8 runs=        2 filter= 97.066ms semisort=  0.007ms
[pe-async] round=104 R=106 dirty=        4 runs=        2 filter= 96.528ms semisort=  0.006ms
[pe-async] round=105 R=107 dirty=       26 runs=       13 filter= 96.491ms semisort=  0.010ms
[pe-async] round=106 R=108 dirty=        8 runs=        6 filter= 96.770ms semisort=  0.007ms
[pe-async] round=107 R=109 dirty=        8 runs=        2 filter= 96.858ms semisort=  0.007ms
[pe-async] round=108 R=110 dirty=        4 runs=        2 filter= 96.680ms semisort=  0.006ms
[pe-async] round=109 R=111 dirty=       26 runs=       13 filter= 96.185ms semisort=  0.009ms
[pe-async] round=110 R=112 dirty=        8 runs=        6 filter= 96.809ms semisort=  0.007ms
[pe-async] round=111 R=113 dirty=        8 runs=        2 filter= 97.270ms semisort=  0.008ms
[pe-async] round=112 R=114 dirty=        4 runs=        2 filter= 96.747ms semisort=  0.006ms
[pe-async] round=113 R=115 dirty=       26 runs=       13 filter= 96.656ms semisort=  0.009ms
[pe-async] round=114 R=116 dirty=        8 runs=        6 filter= 96.669ms semisort=  0.007ms
[pe-async] round=115 R=117 dirty=        8 runs=        2 filter= 96.310ms semisort=  0.007ms
[pe-async] round=116 R=118 dirty=        4 runs=        2 filter= 96.988ms semisort=  0.006ms
[pe-async] round=117 R=119 dirty=       26 runs=       13 filter= 96.549ms semisort=  0.009ms
[pe-async] round=118 R=120 dirty=        8 runs=        6 filter= 96.062ms semisort=  0.007ms
[pe-async] round=119 R=121 dirty=        8 runs=        2 filter= 96.498ms semisort=  0.007ms
[pe-async] round=120 R=122 dirty=        4 runs=        2 filter= 96.541ms semisort=  0.006ms
[pe-async] round=121 R=123 dirty=       26 runs=       13 filter= 97.257ms semisort=  0.010ms
[pe-async] round=122 R=124 dirty=        8 runs=        6 filter= 97.228ms semisort=  0.007ms
[pe-async] round=123 R=125 dirty=        8 runs=        2 filter= 97.253ms semisort=  0.007ms
[pe-async] round=124 R=126 dirty=        4 runs=        2 filter= 98.155ms semisort=  0.007ms
[pe-async] round=125 R=127 dirty=       26 runs=       13 filter= 97.536ms semisort=  0.010ms
[pe-async] round=126 R=128 dirty=        8 runs=        6 filter= 97.841ms semisort=  0.007ms
[pe-async] round=127 R=129 dirty=        8 runs=        2 filter= 97.273ms semisort=  0.007ms
[pe-async] round=128 R=130 dirty=        4 runs=        2 filter= 97.006ms semisort=  0.006ms
[pe-async] round=129 R=131 dirty=       26 runs=       13 filter= 96.598ms semisort=  0.010ms
[pe-async] round=130 R=132 dirty=        8 runs=        6 filter= 96.437ms semisort=  0.007ms
[pe-async] round=131 R=133 dirty=        8 runs=        2 filter= 97.060ms semisort=  0.008ms
[pe-async] round=132 R=134 dirty=        4 runs=        2 filter=100.217ms semisort=  0.007ms
[pe-async] round=133 R=135 dirty=       26 runs=       13 filter= 99.549ms semisort=  0.010ms
[pe-async] round=134 R=136 dirty=        8 runs=        6 filter= 98.365ms semisort=  0.006ms
[pe-async] round=135 R=137 dirty=        8 runs=        2 filter= 97.664ms semisort=  0.007ms
[pe-async] round=136 R=138 dirty=        4 runs=        2 filter= 97.348ms semisort=  0.006ms
[pe-async] round=137 R=139 dirty=       26 runs=       13 filter= 97.471ms semisort=  0.009ms
[pe-async] round=138 R=140 dirty=        8 runs=        6 filter= 97.230ms semisort=  0.007ms
[pe-async] round=139 R=141 dirty=        8 runs=        2 filter= 96.651ms semisort=  0.007ms
[pe-async] round=140 R=142 dirty=        4 runs=        2 filter= 96.599ms semisort=  0.006ms
[pe-async] round=141 R=143 dirty=       26 runs=       13 filter= 96.856ms semisort=  0.009ms
[pe-async] round=142 R=144 dirty=        8 runs=        6 filter= 96.984ms semisort=  0.008ms
[pe-async] round=143 R=145 dirty=        8 runs=        2 filter= 97.473ms semisort=  0.007ms
[pe-async] round=144 R=146 dirty=        4 runs=        2 filter= 97.188ms semisort=  0.006ms
[pe-async] round=145 R=147 dirty=       26 runs=       13 filter= 96.858ms semisort=  0.010ms
[pe-async] round=146 R=148 dirty=        8 runs=        6 filter= 96.616ms semisort=  0.006ms
[pe-async] round=147 R=149 dirty=        8 runs=        2 filter= 96.145ms semisort=  0.007ms
[pe-async] round=148 R=150 dirty=        4 runs=        2 filter= 96.234ms semisort=  0.006ms
[pe-async] round=149 R=151 dirty=       26 runs=       13 filter= 96.387ms semisort=  0.009ms
[pe-async] round=150 R=152 dirty=        8 runs=        6 filter= 96.416ms semisort=  0.007ms
[pe-async] round=151 R=153 dirty=        8 runs=        2 filter= 96.253ms semisort=  0.006ms
[pe-async] round=152 R=154 dirty=        4 runs=        2 filter= 97.062ms semisort=  0.008ms
[pe-async] round=153 R=155 dirty=       26 runs=       13 filter= 97.528ms semisort=  0.010ms
[pe-async] round=154 R=156 dirty=        8 runs=        6 filter= 97.750ms semisort=  0.012ms
[pe-async] round=155 R=157 dirty=        8 runs=        2 filter= 96.626ms semisort=  0.006ms
[pe-async] round=156 R=158 dirty=        4 runs=        2 filter= 96.428ms semisort=  0.006ms
[pe-async] round=157 R=159 dirty=       26 runs=       13 filter= 96.274ms semisort=  0.009ms
[pe-async] round=158 R=160 dirty=        8 runs=        6 filter= 96.592ms semisort=  0.006ms
[pe-async] round=159 R=161 dirty=        8 runs=        2 filter= 96.472ms semisort=  0.007ms
[pe-async] round=160 R=162 dirty=        4 runs=        2 filter= 96.675ms semisort=  0.006ms
[pe-async] round=161 R=163 dirty=       26 runs=       13 filter= 96.076ms semisort=  0.010ms
[pe-async] round=162 R=164 dirty=        8 runs=        6 filter= 96.200ms semisort=  0.008ms
[pe-async] round=163 R=165 dirty=        8 runs=        2 filter= 96.409ms semisort=  0.006ms
[pe-async] round=164 R=166 dirty=        4 runs=        2 filter= 96.862ms semisort=  0.006ms
[pe-async] round=165 R=167 dirty=       26 runs=       13 filter= 96.349ms semisort=  0.009ms
[pe-async] round=166 R=168 dirty=        8 runs=        6 filter= 95.933ms semisort=  0.006ms
[pe-async] round=167 R=169 dirty=        8 runs=        2 filter= 96.344ms semisort=  0.006ms
[pe-async] round=168 R=170 dirty=        4 runs=        2 filter= 96.246ms semisort=  0.006ms
[pe-async] round=169 R=171 dirty=       26 runs=       13 filter= 96.696ms semisort=  0.010ms
[pe-async] round=170 R=172 dirty=        8 runs=        6 filter= 96.351ms semisort=  0.007ms
[pe-async] round=171 R=173 dirty=        8 runs=        2 filter= 96.154ms semisort=  0.007ms
[pe-async] round=172 R=174 dirty=        4 runs=        2 filter= 96.506ms semisort=  0.006ms
[pe-async] round=173 R=175 dirty=       26 runs=       13 filter= 96.100ms semisort=  0.010ms
[pe-async] round=174 R=176 dirty=        8 runs=        6 filter= 96.153ms semisort=  0.006ms
[pe-async] round=175 R=177 dirty=        8 runs=        2 filter= 96.601ms semisort=  0.007ms
[pe-async] round=176 R=178 dirty=        4 runs=        2 filter= 95.994ms semisort=  0.006ms
[pe-async] round=177 R=179 dirty=       26 runs=       13 filter= 96.391ms semisort=  0.009ms
[pe-async] round=178 R=180 dirty=        8 runs=        6 filter= 96.450ms semisort=  0.006ms
[pe-async] round=179 R=181 dirty=        8 runs=        2 filter= 96.200ms semisort=  0.007ms
[pe-async] round=180 R=182 dirty=        4 runs=        2 filter= 96.173ms semisort=  0.006ms
[pe-async] round=181 R=183 dirty=       26 runs=       13 filter= 96.254ms semisort=  0.009ms
[pe-async] round=182 R=184 dirty=        8 runs=        6 filter= 96.128ms semisort=  0.007ms
[pe-async] round=183 R=185 dirty=        8 runs=        2 filter= 96.315ms semisort=  0.007ms
[pe-async] round=184 R=186 dirty=        4 runs=        2 filter= 98.692ms semisort=  0.007ms
[pe-async] round=185 R=187 dirty=       26 runs=       13 filter= 97.845ms semisort=  0.009ms
[pe-async] round=186 R=188 dirty=        8 runs=        6 filter= 97.136ms semisort=  0.007ms
[pe-async] round=187 R=189 dirty=        8 runs=        2 filter= 97.155ms semisort=  0.007ms
[pe-async] round=188 R=190 dirty=        4 runs=        2 filter= 96.707ms semisort=  0.007ms
[pe-async] round=189 R=191 dirty=       26 runs=       13 filter= 96.548ms semisort=  0.009ms
[pe-async] round=190 R=192 dirty=        8 runs=        6 filter= 96.583ms semisort=  0.007ms
[pe-async] round=191 R=193 dirty=        8 runs=        2 filter= 96.689ms semisort=  0.009ms
[pe-async] round=192 R=194 dirty=        4 runs=        2 filter= 96.616ms semisort=  0.007ms
[pe-async] round=193 R=195 dirty=       26 runs=       13 filter= 96.848ms semisort=  0.010ms
[pe-async] round=194 R=196 dirty=        8 runs=        6 filter= 96.645ms semisort=  0.007ms
[pe-async] round=195 R=197 dirty=        8 runs=        2 filter= 96.716ms semisort=  0.007ms
[pe-async] round=196 R=198 dirty=        4 runs=        2 filter= 97.082ms semisort=  0.006ms
[pe-async] round=197 R=199 dirty=       26 runs=       13 filter= 95.861ms semisort=  0.010ms
[pe-async] round=198 R=200 dirty=        8 runs=        6 filter= 96.627ms semisort=  0.006ms
[pe-async] round=199 R=201 dirty=        8 runs=        2 filter= 95.979ms semisort=  0.007ms
[pe-async] round=200 R=202 dirty=        4 runs=        2 filter= 96.183ms semisort=  0.006ms
[pe-async] round=201 R=203 dirty=       26 runs=       13 filter= 96.137ms semisort=  0.009ms
[pe-async] round=202 R=204 dirty=        8 runs=        6 filter= 96.492ms semisort=  0.006ms
[pe-async] round=203 R=205 dirty=        8 runs=        2 filter= 96.607ms semisort=  0.007ms
[pe-async] round=204 R=206 dirty=        4 runs=        2 filter= 96.468ms semisort=  0.007ms
[pe-async] round=205 R=207 dirty=       26 runs=       13 filter= 96.043ms semisort=  0.009ms
[pe-async] round=206 R=208 dirty=        8 runs=        6 filter= 96.252ms semisort=  0.007ms
[pe-async] round=207 R=209 dirty=        8 runs=        2 filter= 95.940ms semisort=  0.007ms
[pe-async] round=208 R=210 dirty=        4 runs=        2 filter= 96.700ms semisort=  0.006ms
[pe-async] round=209 R=211 dirty=       26 runs=       13 filter= 95.785ms semisort=  0.009ms
[pe-async] round=210 R=212 dirty=        8 runs=        6 filter= 96.599ms semisort=  0.007ms
[pe-async] round=211 R=213 dirty=        8 runs=        2 filter= 96.250ms semisort=  0.006ms
[pe-async] round=212 R=214 dirty=        4 runs=        2 filter= 96.226ms semisort=  0.006ms
[pe-async] round=213 R=215 dirty=       26 runs=       13 filter= 96.286ms semisort=  0.009ms
[pe-async] round=214 R=216 dirty=        8 runs=        6 filter= 95.926ms semisort=  0.007ms
[pe-async] round=215 R=217 dirty=        8 runs=        2 filter= 96.079ms semisort=  0.006ms
[pe-async] round=216 R=218 dirty=        4 runs=        2 filter= 95.787ms semisort=  0.006ms
[pe-async] round=217 R=219 dirty=       26 runs=       13 filter= 96.072ms semisort=  0.010ms
[pe-async] round=218 R=220 dirty=        8 runs=        6 filter= 95.624ms semisort=  0.007ms
[pe-async] round=219 R=221 dirty=        8 runs=        2 filter= 95.931ms semisort=  0.007ms
[pe-async] round=220 R=222 dirty=        4 runs=        2 filter= 96.143ms semisort=  0.006ms
[pe-async] round=221 R=223 dirty=       26 runs=       13 filter= 96.017ms semisort=  0.009ms
[pe-async] round=222 R=224 dirty=        8 runs=        6 filter= 96.151ms semisort=  0.006ms
[pe-async] round=223 R=225 dirty=        8 runs=        2 filter= 96.214ms semisort=  0.006ms
[pe-async] round=224 R=226 dirty=        4 runs=        2 filter= 95.743ms semisort=  0.006ms
[pe-async] round=225 R=227 dirty=       26 runs=       13 filter= 95.777ms semisort=  0.009ms
[pe-async] round=226 R=228 dirty=        8 runs=        6 filter= 95.824ms semisort=  0.006ms
[pe-async] round=227 R=229 dirty=        8 runs=        2 filter= 96.330ms semisort=  0.007ms
[pe-async] round=228 R=230 dirty=        4 runs=        2 filter= 96.184ms semisort=  0.006ms
[pe-async] round=229 R=231 dirty=       26 runs=       13 filter= 95.732ms semisort=  0.010ms
[pe-async] round=230 R=232 dirty=        8 runs=        6 filter= 95.816ms semisort=  0.006ms
[pe-async] round=231 R=233 dirty=        8 runs=        2 filter= 96.023ms semisort=  0.007ms
[pe-async] round=232 R=234 dirty=        4 runs=        2 filter= 95.831ms semisort=  0.006ms
[pe-async] round=233 R=235 dirty=       26 runs=       13 filter= 95.851ms semisort=  0.009ms
[pe-async] round=234 R=236 dirty=        8 runs=        6 filter= 95.699ms semisort=  0.006ms
[pe-async] round=235 R=237 dirty=        8 runs=        2 filter= 95.783ms semisort=  0.006ms
[pe-async] round=236 R=238 dirty=        4 runs=        2 filter= 95.712ms semisort=  0.005ms
[pe-async] round=237 R=239 dirty=       26 runs=       13 filter= 95.905ms semisort=  0.009ms
[pe-async] round=238 R=240 dirty=        8 runs=        6 filter= 95.855ms semisort=  0.006ms
[pe-async] round=239 R=241 dirty=        8 runs=        2 filter= 96.019ms semisort=  0.008ms
[pe-async] round=240 R=242 dirty=        4 runs=        2 filter= 96.083ms semisort=  0.006ms
[pe-async] round=241 R=243 dirty=       26 runs=       13 filter= 96.112ms semisort=  0.009ms
[pe-async] round=242 R=244 dirty=        8 runs=        6 filter= 95.820ms semisort=  0.006ms
[pe-async] round=243 R=245 dirty=        8 runs=        2 filter= 95.924ms semisort=  0.007ms
[pe-async] round=244 R=246 dirty=        4 runs=        2 filter= 95.811ms semisort=  0.006ms
[pe-async] round=245 R=247 dirty=       26 runs=       13 filter= 95.736ms semisort=  0.009ms
[pe-async] round=246 R=248 dirty=        8 runs=        6 filter= 96.116ms semisort=  0.007ms
[pe-async] round=247 R=249 dirty=        8 runs=        2 filter= 96.017ms semisort=  0.007ms
[pe-async] round=248 R=250 dirty=        4 runs=        2 filter= 95.724ms semisort=  0.006ms
[pe-async] round=249 R=251 dirty=       26 runs=       13 filter= 95.812ms semisort=  0.010ms
[pe-async] round=250 R=252 dirty=        8 runs=        6 filter= 95.591ms semisort=  0.007ms
[pe-async] round=251 R=253 dirty=        8 runs=        2 filter= 95.423ms semisort=  0.007ms
[pe-async] round=252 R=254 dirty=        4 runs=        2 filter= 95.634ms semisort=  0.006ms
[pe-async] round=253 R=255 dirty=       26 runs=       13 filter= 95.866ms semisort=  0.009ms
[pe-async] round=254 R=256 dirty=        8 runs=        6 filter= 95.810ms semisort=  0.007ms
[pe-async] round=255 R=257 dirty=        8 runs=        2 filter= 95.807ms semisort=  0.006ms
[pe-async] round=256 R=258 dirty=        4 runs=        2 filter= 96.113ms semisort=  0.006ms
[pe-async] round=257 R=259 dirty=       18 runs=       10 filter= 95.579ms semisort=  0.008ms
[pe-async] round=258 R=260 dirty=        4 runs=        4 filter= 95.837ms semisort=  0.006ms
[pe-async] round=259 R=261 dirty=        0 filter= 95.988ms (clean break)
[pe-async] round=  0 R=2 dirty=  5437767 runs=  3698023 filter= 96.289ms semisort=493.591ms
[pe-async] round=  1 R=3 dirty=   226832 runs=   128424 filter=129.382ms semisort= 22.426ms
[pe-async] round=  2 R=4 dirty=    55915 runs=    52852 filter=108.975ms semisort=  4.112ms
[pe-async] round=  3 R=5 dirty=    29367 runs=    19922 filter=102.698ms semisort=  2.750ms
[pe-async] round=  4 R=6 dirty=    12610 runs=     9634 filter=101.765ms semisort=  1.453ms
[pe-async] round=  5 R=7 dirty=     7181 runs=     5780 filter=100.159ms semisort=  0.697ms
[pe-async] round=  6 R=8 dirty=     1740 runs=     1265 filter=100.025ms semisort=  0.165ms
[pe-async] round=  7 R=9 dirty=      328 runs=      173 filter= 99.849ms semisort=  0.049ms
[pe-async] round=  8 R=10 dirty=     1728 runs=     1045 filter= 99.728ms semisort=  0.148ms
[pe-async] round=  9 R=11 dirty=      886 runs=      720 filter= 98.949ms semisort=  0.087ms
[pe-async] round= 10 R=12 dirty=      124 runs=       70 filter= 99.331ms semisort=  0.025ms
[pe-async] round= 11 R=13 dirty=      655 runs=      399 filter= 98.974ms semisort=  0.076ms
[pe-async] round= 12 R=14 dirty=      274 runs=      231 filter= 98.524ms semisort=  0.032ms
[pe-async] round= 13 R=15 dirty=       67 runs=       35 filter= 99.281ms semisort=  0.017ms
[pe-async] round= 14 R=16 dirty=      329 runs=      214 filter= 99.094ms semisort=  0.034ms
[pe-async] round= 15 R=17 dirty=      123 runs=      108 filter= 98.499ms semisort=  0.024ms
[pe-async] round= 16 R=18 dirty=       10 runs=        5 filter= 98.749ms semisort=  0.008ms
[pe-async] round= 17 R=19 dirty=      430 runs=      280 filter= 99.047ms semisort=  0.044ms
[pe-async] round= 18 R=20 dirty=      140 runs=      136 filter= 98.375ms semisort=  0.017ms
[pe-async] round= 19 R=21 dirty=       12 runs=        3 filter= 97.962ms semisort=  0.009ms
[pe-async] round= 20 R=22 dirty=        6 runs=        3 filter= 98.012ms semisort=  0.008ms
[pe-async] round= 21 R=23 dirty=       39 runs=       20 filter= 98.244ms semisort=  0.012ms
[pe-async] round= 22 R=24 dirty=       12 runs=        9 filter= 98.245ms semisort=  0.008ms
[pe-async] round= 23 R=25 dirty=       12 runs=        3 filter= 98.594ms semisort=  0.008ms
[pe-async] round= 24 R=26 dirty=        6 runs=        3 filter= 98.372ms semisort=  0.007ms
[pe-async] round= 25 R=27 dirty=       37 runs=       19 filter= 97.694ms semisort=  0.013ms
[pe-async] round= 26 R=28 dirty=       15 runs=       12 filter= 98.199ms semisort=  0.009ms
[pe-async] round= 27 R=29 dirty=        8 runs=        2 filter= 97.614ms semisort=  0.008ms
[pe-async] round= 28 R=30 dirty=        4 runs=        2 filter= 98.303ms semisort=  0.006ms
[pe-async] round= 29 R=31 dirty=       26 runs=       13 filter= 97.290ms semisort=  0.012ms
[pe-async] round= 30 R=32 dirty=        8 runs=        6 filter= 98.480ms semisort=  0.007ms
[pe-async] round= 31 R=33 dirty=        8 runs=        2 filter= 97.793ms semisort=  0.007ms
[pe-async] round= 32 R=34 dirty=        4 runs=        2 filter= 97.891ms semisort=  0.006ms
[pe-async] round= 33 R=35 dirty=       26 runs=       13 filter= 97.868ms semisort=  0.010ms
[pe-async] round= 34 R=36 dirty=        8 runs=        6 filter= 97.780ms semisort=  0.007ms
[pe-async] round= 35 R=37 dirty=        8 runs=        2 filter= 97.330ms semisort=  0.007ms
[pe-async] round= 36 R=38 dirty=        4 runs=        2 filter= 98.194ms semisort=  0.006ms
[pe-async] round= 37 R=39 dirty=       26 runs=       13 filter= 98.171ms semisort=  0.010ms
[pe-async] round= 38 R=40 dirty=        8 runs=        6 filter= 97.336ms semisort=  0.007ms
[pe-async] round= 39 R=41 dirty=        8 runs=        2 filter= 97.179ms semisort=  0.007ms
[pe-async] round= 40 R=42 dirty=        4 runs=        2 filter= 97.309ms semisort=  0.007ms
[pe-async] round= 41 R=43 dirty=       26 runs=       13 filter= 97.310ms semisort=  0.009ms
[pe-async] round= 42 R=44 dirty=        8 runs=        6 filter= 97.500ms semisort=  0.007ms
[pe-async] round= 43 R=45 dirty=        8 runs=        2 filter= 97.319ms semisort=  0.007ms
[pe-async] round= 44 R=46 dirty=        4 runs=        2 filter= 97.278ms semisort=  0.006ms
[pe-async] round= 45 R=47 dirty=       26 runs=       13 filter= 97.180ms semisort=  0.010ms
[pe-async] round= 46 R=48 dirty=        8 runs=        6 filter= 97.316ms semisort=  0.007ms
[pe-async] round= 47 R=49 dirty=        8 runs=        2 filter= 97.192ms semisort=  0.007ms
[pe-async] round= 48 R=50 dirty=        4 runs=        2 filter= 97.444ms semisort=  0.006ms
[pe-async] round= 49 R=51 dirty=       26 runs=       13 filter= 97.210ms semisort=  0.010ms
[pe-async] round= 50 R=52 dirty=        8 runs=        6 filter= 97.199ms semisort=  0.007ms
[pe-async] round= 51 R=53 dirty=        8 runs=        2 filter= 97.146ms semisort=  0.007ms
[pe-async] round= 52 R=54 dirty=        4 runs=        2 filter= 97.353ms semisort=  0.006ms
[pe-async] round= 53 R=55 dirty=       26 runs=       13 filter= 97.279ms semisort=  0.009ms
[pe-async] round= 54 R=56 dirty=        8 runs=        6 filter= 97.424ms semisort=  0.007ms
[pe-async] round= 55 R=57 dirty=        8 runs=        2 filter= 97.330ms semisort=  0.007ms
[pe-async] round= 56 R=58 dirty=        4 runs=        2 filter= 97.559ms semisort=  0.007ms
[pe-async] round= 57 R=59 dirty=       26 runs=       13 filter= 97.276ms semisort=  0.010ms
[pe-async] round= 58 R=60 dirty=        8 runs=        6 filter= 97.260ms semisort=  0.007ms
[pe-async] round= 59 R=61 dirty=        8 runs=        2 filter= 97.118ms semisort=  0.006ms
[pe-async] round= 60 R=62 dirty=        4 runs=        2 filter= 97.020ms semisort=  0.006ms
[pe-async] round= 61 R=63 dirty=       26 runs=       13 filter= 97.298ms semisort=  0.010ms
[pe-async] round= 62 R=64 dirty=        8 runs=        6 filter= 97.440ms semisort=  0.007ms
[pe-async] round= 63 R=65 dirty=        8 runs=        2 filter= 97.444ms semisort=  0.007ms
[pe-async] round= 64 R=66 dirty=        4 runs=        2 filter= 96.591ms semisort=  0.007ms
[pe-async] round= 65 R=67 dirty=       26 runs=       13 filter= 96.851ms semisort=  0.010ms
[pe-async] round= 66 R=68 dirty=        8 runs=        6 filter= 96.974ms semisort=  0.006ms
[pe-async] round= 67 R=69 dirty=        8 runs=        2 filter= 96.674ms semisort=  0.007ms
[pe-async] round= 68 R=70 dirty=        4 runs=        2 filter= 97.658ms semisort=  0.006ms
[pe-async] round= 69 R=71 dirty=       26 runs=       13 filter= 97.091ms semisort=  0.009ms
[pe-async] round= 70 R=72 dirty=        8 runs=        6 filter= 96.710ms semisort=  0.007ms
[pe-async] round= 71 R=73 dirty=        8 runs=        2 filter= 96.978ms semisort=  0.007ms
[pe-async] round= 72 R=74 dirty=        4 runs=        2 filter= 97.274ms semisort=  0.007ms
[pe-async] round= 73 R=75 dirty=       26 runs=       13 filter= 96.651ms semisort=  0.010ms
[pe-async] round= 74 R=76 dirty=        8 runs=        6 filter= 97.264ms semisort=  0.007ms
[pe-async] round= 75 R=77 dirty=        8 runs=        2 filter= 96.367ms semisort=  0.006ms
[pe-async] round= 76 R=78 dirty=        4 runs=        2 filter= 96.438ms semisort=  0.006ms
[pe-async] round= 77 R=79 dirty=       26 runs=       13 filter= 97.068ms semisort=  0.010ms
[pe-async] round= 78 R=80 dirty=        8 runs=        6 filter= 96.603ms semisort=  0.006ms
[pe-async] round= 79 R=81 dirty=        8 runs=        2 filter= 96.582ms semisort=  0.007ms
[pe-async] round= 80 R=82 dirty=        4 runs=        2 filter= 96.665ms semisort=  0.006ms
[pe-async] round= 81 R=83 dirty=       26 runs=       13 filter= 97.019ms semisort=  0.010ms
[pe-async] round= 82 R=84 dirty=        8 runs=        6 filter= 97.189ms semisort=  0.007ms
[pe-async] round= 83 R=85 dirty=        8 runs=        2 filter= 96.597ms semisort=  0.007ms
[pe-async] round= 84 R=86 dirty=        4 runs=        2 filter= 96.659ms semisort=  0.006ms
[pe-async] round= 85 R=87 dirty=       26 runs=       13 filter= 96.326ms semisort=  0.009ms
[pe-async] round= 86 R=88 dirty=        8 runs=        6 filter= 96.700ms semisort=  0.006ms
[pe-async] round= 87 R=89 dirty=        8 runs=        2 filter= 96.594ms semisort=  0.007ms
[pe-async] round= 88 R=90 dirty=        4 runs=        2 filter= 96.207ms semisort=  0.006ms
[pe-async] round= 89 R=91 dirty=       26 runs=       13 filter= 97.155ms semisort=  0.010ms
[pe-async] round= 90 R=92 dirty=        8 runs=        6 filter= 96.496ms semisort=  0.007ms
[pe-async] round= 91 R=93 dirty=        8 runs=        2 filter= 96.550ms semisort=  0.006ms
[pe-async] round= 92 R=94 dirty=        4 runs=        2 filter= 96.374ms semisort=  0.006ms
[pe-async] round= 93 R=95 dirty=       26 runs=       13 filter= 96.455ms semisort=  0.010ms
[pe-async] round= 94 R=96 dirty=        8 runs=        6 filter= 96.335ms semisort=  0.007ms
[pe-async] round= 95 R=97 dirty=        8 runs=        2 filter= 96.982ms semisort=  0.007ms
[pe-async] round= 96 R=98 dirty=        4 runs=        2 filter= 96.295ms semisort=  0.007ms
[pe-async] round= 97 R=99 dirty=       26 runs=       13 filter= 96.565ms semisort=  0.009ms
[pe-async] round= 98 R=100 dirty=        8 runs=        6 filter= 96.262ms semisort=  0.007ms
[pe-async] round= 99 R=101 dirty=        8 runs=        2 filter= 97.026ms semisort=  0.007ms
[pe-async] round=100 R=102 dirty=        4 runs=        2 filter= 97.009ms semisort=  0.006ms
[pe-async] round=101 R=103 dirty=       26 runs=       13 filter= 96.371ms semisort=  0.010ms
[pe-async] round=102 R=104 dirty=        8 runs=        6 filter= 96.990ms semisort=  0.006ms
[pe-async] round=103 R=105 dirty=        8 runs=        2 filter= 96.184ms semisort=  0.006ms
[pe-async] round=104 R=106 dirty=        4 runs=        2 filter= 96.668ms semisort=  0.006ms
[pe-async] round=105 R=107 dirty=       26 runs=       13 filter= 96.568ms semisort=  0.010ms
[pe-async] round=106 R=108 dirty=        8 runs=        6 filter= 96.226ms semisort=  0.007ms
[pe-async] round=107 R=109 dirty=        8 runs=        2 filter= 96.581ms semisort=  0.007ms
[pe-async] round=108 R=110 dirty=        4 runs=        2 filter= 96.380ms semisort=  0.006ms
[pe-async] round=109 R=111 dirty=       26 runs=       13 filter= 97.253ms semisort=  0.010ms
[pe-async] round=110 R=112 dirty=        8 runs=        6 filter= 96.718ms semisort=  0.007ms
[pe-async] round=111 R=113 dirty=        8 runs=        2 filter= 95.975ms semisort=  0.007ms
[pe-async] round=112 R=114 dirty=        4 runs=        2 filter= 96.204ms semisort=  0.006ms
[pe-async] round=113 R=115 dirty=       26 runs=       13 filter= 96.276ms semisort=  0.010ms
[pe-async] round=114 R=116 dirty=        8 runs=        6 filter= 96.622ms semisort=  0.006ms
[pe-async] round=115 R=117 dirty=        8 runs=        2 filter= 96.676ms semisort=  0.007ms
[pe-async] round=116 R=118 dirty=        4 runs=        2 filter= 95.871ms semisort=  0.006ms
[pe-async] round=117 R=119 dirty=       26 runs=       13 filter= 96.095ms semisort=  0.010ms
[pe-async] round=118 R=120 dirty=        8 runs=        6 filter= 96.405ms semisort=  0.007ms
[pe-async] round=119 R=121 dirty=        8 runs=        2 filter= 96.247ms semisort=  0.007ms
[pe-async] round=120 R=122 dirty=        4 runs=        2 filter= 96.282ms semisort=  0.006ms
[pe-async] round=121 R=123 dirty=       26 runs=       13 filter= 96.693ms semisort=  0.009ms
[pe-async] round=122 R=124 dirty=        8 runs=        6 filter= 96.339ms semisort=  0.006ms
[pe-async] round=123 R=125 dirty=        8 runs=        2 filter= 96.167ms semisort=  0.007ms
[pe-async] round=124 R=126 dirty=        4 runs=        2 filter= 96.434ms semisort=  0.006ms
[pe-async] round=125 R=127 dirty=       26 runs=       13 filter= 96.063ms semisort=  0.009ms
[pe-async] round=126 R=128 dirty=        8 runs=        6 filter= 96.271ms semisort=  0.007ms
[pe-async] round=127 R=129 dirty=        8 runs=        2 filter= 96.240ms semisort=  0.007ms
[pe-async] round=128 R=130 dirty=        4 runs=        2 filter= 96.568ms semisort=  0.006ms
[pe-async] round=129 R=131 dirty=       26 runs=       13 filter= 96.624ms semisort=  0.010ms
[pe-async] round=130 R=132 dirty=        8 runs=        6 filter= 96.506ms semisort=  0.007ms
[pe-async] round=131 R=133 dirty=        8 runs=        2 filter= 96.532ms semisort=  0.007ms
[pe-async] round=132 R=134 dirty=        4 runs=        2 filter= 96.347ms semisort=  0.006ms
[pe-async] round=133 R=135 dirty=       26 runs=       13 filter= 95.906ms semisort=  0.009ms
[pe-async] round=134 R=136 dirty=        8 runs=        6 filter= 96.387ms semisort=  0.006ms
[pe-async] round=135 R=137 dirty=        8 runs=        2 filter= 96.414ms semisort=  0.007ms
[pe-async] round=136 R=138 dirty=        4 runs=        2 filter= 96.384ms semisort=  0.006ms
[pe-async] round=137 R=139 dirty=       26 runs=       13 filter= 95.987ms semisort=  0.011ms
[pe-async] round=138 R=140 dirty=        8 runs=        6 filter= 96.715ms semisort=  0.007ms
[pe-async] round=139 R=141 dirty=        8 runs=        2 filter= 96.106ms semisort=  0.007ms
[pe-async] round=140 R=142 dirty=        4 runs=        2 filter= 95.943ms semisort=  0.006ms
[pe-async] round=141 R=143 dirty=       26 runs=       13 filter= 96.374ms semisort=  0.011ms
[pe-async] round=142 R=144 dirty=        8 runs=        6 filter= 96.672ms semisort=  0.007ms
[pe-async] round=143 R=145 dirty=        8 runs=        2 filter= 96.393ms semisort=  0.007ms
[pe-async] round=144 R=146 dirty=        4 runs=        2 filter= 96.339ms semisort=  0.006ms
[pe-async] round=145 R=147 dirty=       26 runs=       13 filter= 96.259ms semisort=  0.009ms
[pe-async] round=146 R=148 dirty=        8 runs=        6 filter= 96.247ms semisort=  0.007ms
[pe-async] round=147 R=149 dirty=        8 runs=        2 filter= 96.214ms semisort=  0.007ms
[pe-async] round=148 R=150 dirty=        4 runs=        2 filter= 96.566ms semisort=  0.006ms
[pe-async] round=149 R=151 dirty=       26 runs=       13 filter= 96.184ms semisort=  0.009ms
[pe-async] round=150 R=152 dirty=        8 runs=        6 filter= 95.664ms semisort=  0.007ms
[pe-async] round=151 R=153 dirty=        8 runs=        2 filter= 96.981ms semisort=  0.007ms
[pe-async] round=152 R=154 dirty=        4 runs=        2 filter= 96.447ms semisort=  0.006ms
[pe-async] round=153 R=155 dirty=       26 runs=       13 filter= 96.135ms semisort=  0.009ms
[pe-async] round=154 R=156 dirty=        8 runs=        6 filter= 95.477ms semisort=  0.007ms
[pe-async] round=155 R=157 dirty=        8 runs=        2 filter= 96.208ms semisort=  0.007ms
[pe-async] round=156 R=158 dirty=        4 runs=        2 filter= 96.077ms semisort=  0.006ms
[pe-async] round=157 R=159 dirty=       26 runs=       13 filter= 96.463ms semisort=  0.010ms
[pe-async] round=158 R=160 dirty=        8 runs=        6 filter= 96.203ms semisort=  0.006ms
[pe-async] round=159 R=161 dirty=        8 runs=        2 filter= 96.442ms semisort=  0.007ms
[pe-async] round=160 R=162 dirty=        4 runs=        2 filter= 96.376ms semisort=  0.006ms
[pe-async] round=161 R=163 dirty=       26 runs=       13 filter= 95.919ms semisort=  0.010ms
[pe-async] round=162 R=164 dirty=        8 runs=        6 filter= 95.944ms semisort=  0.007ms
[pe-async] round=163 R=165 dirty=        8 runs=        2 filter= 96.078ms semisort=  0.007ms
[pe-async] round=164 R=166 dirty=        4 runs=        2 filter= 95.984ms semisort=  0.006ms
[pe-async] round=165 R=167 dirty=       26 runs=       13 filter= 96.255ms semisort=  0.010ms
[pe-async] round=166 R=168 dirty=        8 runs=        6 filter= 96.163ms semisort=  0.007ms
[pe-async] round=167 R=169 dirty=        8 runs=        2 filter= 96.281ms semisort=  0.007ms
[pe-async] round=168 R=170 dirty=        4 runs=        2 filter= 95.830ms semisort=  0.006ms
[pe-async] round=169 R=171 dirty=       26 runs=       13 filter= 96.188ms semisort=  0.009ms
[pe-async] round=170 R=172 dirty=        8 runs=        6 filter= 96.262ms semisort=  0.007ms
[pe-async] round=171 R=173 dirty=        8 runs=        2 filter= 95.865ms semisort=  0.007ms
[pe-async] round=172 R=174 dirty=        4 runs=        2 filter= 96.385ms semisort=  0.007ms
[pe-async] round=173 R=175 dirty=       26 runs=       13 filter= 96.160ms semisort=  0.009ms
[pe-async] round=174 R=176 dirty=        8 runs=        6 filter= 96.218ms semisort=  0.007ms
[pe-async] round=175 R=177 dirty=        8 runs=        2 filter= 96.265ms semisort=  0.007ms
[pe-async] round=176 R=178 dirty=        4 runs=        2 filter= 95.961ms semisort=  0.006ms
[pe-async] round=177 R=179 dirty=       26 runs=       13 filter= 96.439ms semisort=  0.010ms
[pe-async] round=178 R=180 dirty=        8 runs=        6 filter= 96.214ms semisort=  0.007ms
[pe-async] round=179 R=181 dirty=        8 runs=        2 filter= 96.262ms semisort=  0.006ms
[pe-async] round=180 R=182 dirty=        4 runs=        2 filter= 96.264ms semisort=  0.007ms
[pe-async] round=181 R=183 dirty=       26 runs=       13 filter= 96.319ms semisort=  0.009ms
[pe-async] round=182 R=184 dirty=        8 runs=        6 filter= 96.155ms semisort=  0.007ms
[pe-async] round=183 R=185 dirty=        8 runs=        2 filter= 96.498ms semisort=  0.007ms
[pe-async] round=184 R=186 dirty=        4 runs=        2 filter= 95.980ms semisort=  0.006ms
[pe-async] round=185 R=187 dirty=       26 runs=       13 filter= 95.880ms semisort=  0.009ms
[pe-async] round=186 R=188 dirty=        8 runs=        6 filter= 95.760ms semisort=  0.007ms
[pe-async] round=187 R=189 dirty=        8 runs=        2 filter= 96.486ms semisort=  0.007ms
[pe-async] round=188 R=190 dirty=        4 runs=        2 filter= 95.819ms semisort=  0.007ms
[pe-async] round=189 R=191 dirty=       26 runs=       13 filter= 96.139ms semisort=  0.009ms
[pe-async] round=190 R=192 dirty=        8 runs=        6 filter= 96.233ms semisort=  0.007ms
[pe-async] round=191 R=193 dirty=        8 runs=        2 filter= 95.804ms semisort=  0.007ms
[pe-async] round=192 R=194 dirty=        4 runs=        2 filter= 96.590ms semisort=  0.007ms
[pe-async] round=193 R=195 dirty=       26 runs=       13 filter= 96.520ms semisort=  0.009ms
[pe-async] round=194 R=196 dirty=        8 runs=        6 filter= 96.108ms semisort=  0.007ms
[pe-async] round=195 R=197 dirty=        8 runs=        2 filter= 95.679ms semisort=  0.007ms
[pe-async] round=196 R=198 dirty=        4 runs=        2 filter= 96.137ms semisort=  0.006ms
[pe-async] round=197 R=199 dirty=       26 runs=       13 filter= 96.056ms semisort=  0.009ms
[pe-async] round=198 R=200 dirty=        8 runs=        6 filter= 95.911ms semisort=  0.006ms
[pe-async] round=199 R=201 dirty=        8 runs=        2 filter= 96.154ms semisort=  0.007ms
[pe-async] round=200 R=202 dirty=        4 runs=        2 filter= 95.646ms semisort=  0.006ms
[pe-async] round=201 R=203 dirty=       26 runs=       13 filter= 96.213ms semisort=  0.010ms
[pe-async] round=202 R=204 dirty=        8 runs=        6 filter= 96.083ms semisort=  0.007ms
[pe-async] round=203 R=205 dirty=        8 runs=        2 filter= 96.374ms semisort=  0.007ms
[pe-async] round=204 R=206 dirty=        4 runs=        2 filter= 95.966ms semisort=  0.006ms
[pe-async] round=205 R=207 dirty=       26 runs=       13 filter= 96.110ms semisort=  0.010ms
[pe-async] round=206 R=208 dirty=        8 runs=        6 filter= 95.901ms semisort=  0.006ms
[pe-async] round=207 R=209 dirty=        8 runs=        2 filter= 95.935ms semisort=  0.006ms
[pe-async] round=208 R=210 dirty=        4 runs=        2 filter= 96.189ms semisort=  0.006ms
[pe-async] round=209 R=211 dirty=       26 runs=       13 filter= 96.082ms semisort=  0.009ms
[pe-async] round=210 R=212 dirty=        8 runs=        6 filter= 95.751ms semisort=  0.006ms
[pe-async] round=211 R=213 dirty=        8 runs=        2 filter= 96.042ms semisort=  0.006ms
[pe-async] round=212 R=214 dirty=        4 runs=        2 filter= 96.175ms semisort=  0.006ms
[pe-async] round=213 R=215 dirty=       26 runs=       13 filter= 95.398ms semisort=  0.009ms
[pe-async] round=214 R=216 dirty=        8 runs=        6 filter= 96.365ms semisort=  0.007ms
[pe-async] round=215 R=217 dirty=        8 runs=        2 filter= 95.837ms semisort=  0.007ms
[pe-async] round=216 R=218 dirty=        4 runs=        2 filter= 95.766ms semisort=  0.006ms
[pe-async] round=217 R=219 dirty=       26 runs=       13 filter= 96.074ms semisort=  0.009ms
[pe-async] round=218 R=220 dirty=        8 runs=        6 filter= 95.798ms semisort=  0.006ms
[pe-async] round=219 R=221 dirty=        8 runs=        2 filter= 95.790ms semisort=  0.007ms
[pe-async] round=220 R=222 dirty=        4 runs=        2 filter= 95.766ms semisort=  0.006ms
[pe-async] round=221 R=223 dirty=       26 runs=       13 filter= 96.080ms semisort=  0.009ms
[pe-async] round=222 R=224 dirty=        8 runs=        6 filter= 95.869ms semisort=  0.008ms
[pe-async] round=223 R=225 dirty=        8 runs=        2 filter= 96.006ms semisort=  0.007ms
[pe-async] round=224 R=226 dirty=        4 runs=        2 filter= 95.826ms semisort=  0.006ms
[pe-async] round=225 R=227 dirty=       26 runs=       13 filter= 95.843ms semisort=  0.010ms
[pe-async] round=226 R=228 dirty=        8 runs=        6 filter= 96.086ms semisort=  0.006ms
[pe-async] round=227 R=229 dirty=        8 runs=        2 filter= 95.800ms semisort=  0.006ms
[pe-async] round=228 R=230 dirty=        4 runs=        2 filter= 96.008ms semisort=  0.006ms
[pe-async] round=229 R=231 dirty=       26 runs=       13 filter= 96.070ms semisort=  0.010ms
[pe-async] round=230 R=232 dirty=        8 runs=        6 filter= 95.735ms semisort=  0.007ms
[pe-async] round=231 R=233 dirty=        8 runs=        2 filter= 95.657ms semisort=  0.007ms
[pe-async] round=232 R=234 dirty=        4 runs=        2 filter= 95.548ms semisort=  0.007ms
[pe-async] round=233 R=235 dirty=       26 runs=       13 filter= 96.048ms semisort=  0.010ms
[pe-async] round=234 R=236 dirty=        8 runs=        6 filter= 95.871ms semisort=  0.007ms
[pe-async] round=235 R=237 dirty=        8 runs=        2 filter= 95.903ms semisort=  0.007ms
[pe-async] round=236 R=238 dirty=        4 runs=        2 filter= 95.548ms semisort=  0.006ms
[pe-async] round=237 R=239 dirty=       26 runs=       13 filter= 96.072ms semisort=  0.010ms
[pe-async] round=238 R=240 dirty=        8 runs=        6 filter= 95.634ms semisort=  0.007ms
[pe-async] round=239 R=241 dirty=        8 runs=        2 filter= 95.872ms semisort=  0.008ms
[pe-async] round=240 R=242 dirty=        4 runs=        2 filter= 96.399ms semisort=  0.006ms
[pe-async] round=241 R=243 dirty=       26 runs=       13 filter= 95.746ms semisort=  0.010ms
[pe-async] round=242 R=244 dirty=        8 runs=        6 filter= 95.528ms semisort=  0.007ms
[pe-async] round=243 R=245 dirty=        8 runs=        2 filter= 95.715ms semisort=  0.006ms
[pe-async] round=244 R=246 dirty=        4 runs=        2 filter= 96.025ms semisort=  0.006ms
[pe-async] round=245 R=247 dirty=       26 runs=       13 filter= 96.173ms semisort=  0.010ms
[pe-async] round=246 R=248 dirty=        8 runs=        6 filter= 96.210ms semisort=  0.007ms
[pe-async] round=247 R=249 dirty=        8 runs=        2 filter= 95.948ms semisort=  0.006ms
[pe-async] round=248 R=250 dirty=        4 runs=        2 filter= 95.658ms semisort=  0.006ms
[pe-async] round=249 R=251 dirty=       26 runs=       13 filter= 95.494ms semisort=  0.010ms
[pe-async] round=250 R=252 dirty=        8 runs=        6 filter= 95.863ms semisort=  0.007ms
[pe-async] round=251 R=253 dirty=        8 runs=        2 filter= 95.596ms semisort=  0.006ms
[pe-async] round=252 R=254 dirty=        4 runs=        2 filter= 95.386ms semisort=  0.006ms
[pe-async] round=253 R=255 dirty=       26 runs=       13 filter= 95.935ms semisort=  0.010ms
[pe-async] round=254 R=256 dirty=        8 runs=        6 filter= 95.724ms semisort=  0.007ms
[pe-async] round=255 R=257 dirty=        8 runs=        2 filter= 95.725ms semisort=  0.006ms
[pe-async] round=256 R=258 dirty=        4 runs=        2 filter= 95.895ms semisort=  0.006ms
[pe-async] round=257 R=259 dirty=       18 runs=       10 filter= 95.886ms semisort=  0.009ms
[pe-async] round=258 R=260 dirty=        4 runs=        4 filter= 95.856ms semisort=  0.006ms
[pe-async] round=259 R=261 dirty=        0 filter= 96.221ms (clean break)
[pe-async] round=  0 R=2 dirty=  5437767 runs=  3698023 filter= 96.850ms semisort=491.865ms
[pe-async] round=  1 R=3 dirty=   226832 runs=   128424 filter=129.208ms semisort= 22.134ms
[pe-async] round=  2 R=4 dirty=    55915 runs=    52852 filter=109.879ms semisort=  4.137ms
[pe-async] round=  3 R=5 dirty=    29367 runs=    19922 filter=102.656ms semisort=  2.683ms
[pe-async] round=  4 R=6 dirty=    12610 runs=     9634 filter=101.505ms semisort=  1.453ms
[pe-async] round=  5 R=7 dirty=     7181 runs=     5780 filter=100.570ms semisort=  0.689ms
[pe-async] round=  6 R=8 dirty=     1740 runs=     1265 filter= 99.824ms semisort=  0.168ms
[pe-async] round=  7 R=9 dirty=      328 runs=      173 filter= 99.041ms semisort=  0.049ms
[pe-async] round=  8 R=10 dirty=     1728 runs=     1045 filter= 99.635ms semisort=  0.155ms
[pe-async] round=  9 R=11 dirty=      886 runs=      720 filter= 99.366ms semisort=  0.080ms
[pe-async] round= 10 R=12 dirty=      124 runs=       70 filter= 99.012ms semisort=  0.026ms
[pe-async] round= 11 R=13 dirty=      655 runs=      399 filter= 98.713ms semisort=  0.064ms
[pe-async] round= 12 R=14 dirty=      274 runs=      231 filter= 98.368ms semisort=  0.047ms
[pe-async] round= 13 R=15 dirty=       67 runs=       35 filter= 98.987ms semisort=  0.021ms
[pe-async] round= 14 R=16 dirty=      329 runs=      214 filter= 98.525ms semisort=  0.035ms
[pe-async] round= 15 R=17 dirty=      123 runs=      108 filter= 98.405ms semisort=  0.023ms
[pe-async] round= 16 R=18 dirty=       10 runs=        5 filter= 98.070ms semisort=  0.009ms
[pe-async] round= 17 R=19 dirty=      430 runs=      280 filter= 98.042ms semisort=  0.039ms
[pe-async] round= 18 R=20 dirty=      140 runs=      136 filter= 98.068ms semisort=  0.018ms
[pe-async] round= 19 R=21 dirty=       12 runs=        3 filter= 98.260ms semisort=  0.009ms
[pe-async] round= 20 R=22 dirty=        6 runs=        3 filter= 98.284ms semisort=  0.008ms
[pe-async] round= 21 R=23 dirty=       39 runs=       20 filter= 97.955ms semisort=  0.017ms
[pe-async] round= 22 R=24 dirty=       12 runs=        9 filter= 98.220ms semisort=  0.008ms
[pe-async] round= 23 R=25 dirty=       12 runs=        3 filter= 98.391ms semisort=  0.008ms
[pe-async] round= 24 R=26 dirty=        6 runs=        3 filter= 98.318ms semisort=  0.007ms
[pe-async] round= 25 R=27 dirty=       37 runs=       19 filter= 99.027ms semisort=  0.011ms
[pe-async] round= 26 R=28 dirty=       15 runs=       12 filter= 97.758ms semisort=  0.008ms
[pe-async] round= 27 R=29 dirty=        8 runs=        2 filter= 97.850ms semisort=  0.007ms
[pe-async] round= 28 R=30 dirty=        4 runs=        2 filter= 98.175ms semisort=  0.008ms
[pe-async] round= 29 R=31 dirty=       26 runs=       13 filter= 98.676ms semisort=  0.011ms
[pe-async] round= 30 R=32 dirty=        8 runs=        6 filter= 97.560ms semisort=  0.009ms
[pe-async] round= 31 R=33 dirty=        8 runs=        2 filter= 98.542ms semisort=  0.007ms
[pe-async] round= 32 R=34 dirty=        4 runs=        2 filter= 98.253ms semisort=  0.006ms
[pe-async] round= 33 R=35 dirty=       26 runs=       13 filter= 97.563ms semisort=  0.010ms
[pe-async] round= 34 R=36 dirty=        8 runs=        6 filter= 98.192ms semisort=  0.007ms
[pe-async] round= 35 R=37 dirty=        8 runs=        2 filter= 98.251ms semisort=  0.007ms
[pe-async] round= 36 R=38 dirty=        4 runs=        2 filter= 97.448ms semisort=  0.007ms
[pe-async] round= 37 R=39 dirty=       26 runs=       13 filter= 98.254ms semisort=  0.010ms
[pe-async] round= 38 R=40 dirty=        8 runs=        6 filter= 97.197ms semisort=  0.007ms
[pe-async] round= 39 R=41 dirty=        8 runs=        2 filter= 97.341ms semisort=  0.008ms
[pe-async] round= 40 R=42 dirty=        4 runs=        2 filter= 97.320ms semisort=  0.007ms
[pe-async] round= 41 R=43 dirty=       26 runs=       13 filter= 97.228ms semisort=  0.010ms
[pe-async] round= 42 R=44 dirty=        8 runs=        6 filter= 97.223ms semisort=  0.008ms
[pe-async] round= 43 R=45 dirty=        8 runs=        2 filter= 97.296ms semisort=  0.008ms
[pe-async] round= 44 R=46 dirty=        4 runs=        2 filter= 97.398ms semisort=  0.006ms
[pe-async] round= 45 R=47 dirty=       26 runs=       13 filter= 97.301ms semisort=  0.010ms
[pe-async] round= 46 R=48 dirty=        8 runs=        6 filter= 97.450ms semisort=  0.007ms
[pe-async] round= 47 R=49 dirty=        8 runs=        2 filter= 97.358ms semisort=  0.007ms
[pe-async] round= 48 R=50 dirty=        4 runs=        2 filter= 97.572ms semisort=  0.006ms
[pe-async] round= 49 R=51 dirty=       26 runs=       13 filter= 97.372ms semisort=  0.010ms
[pe-async] round= 50 R=52 dirty=        8 runs=        6 filter= 97.268ms semisort=  0.007ms
[pe-async] round= 51 R=53 dirty=        8 runs=        2 filter= 97.139ms semisort=  0.007ms
[pe-async] round= 52 R=54 dirty=        4 runs=        2 filter= 97.610ms semisort=  0.007ms
[pe-async] round= 53 R=55 dirty=       26 runs=       13 filter= 97.081ms semisort=  0.010ms
[pe-async] round= 54 R=56 dirty=        8 runs=        6 filter= 97.413ms semisort=  0.007ms
[pe-async] round= 55 R=57 dirty=        8 runs=        2 filter= 97.004ms semisort=  0.008ms
[pe-async] round= 56 R=58 dirty=        4 runs=        2 filter= 97.087ms semisort=  0.006ms
[pe-async] round= 57 R=59 dirty=       26 runs=       13 filter= 97.384ms semisort=  0.009ms
[pe-async] round= 58 R=60 dirty=        8 runs=        6 filter= 97.370ms semisort=  0.007ms
[pe-async] round= 59 R=61 dirty=        8 runs=        2 filter= 97.252ms semisort=  0.007ms
[pe-async] round= 60 R=62 dirty=        4 runs=        2 filter= 96.987ms semisort=  0.006ms
[pe-async] round= 61 R=63 dirty=       26 runs=       13 filter= 97.207ms semisort=  0.009ms
[pe-async] round= 62 R=64 dirty=        8 runs=        6 filter= 96.958ms semisort=  0.007ms
[pe-async] round= 63 R=65 dirty=        8 runs=        2 filter= 97.197ms semisort=  0.007ms
[pe-async] round= 64 R=66 dirty=        4 runs=        2 filter= 97.191ms semisort=  0.007ms
[pe-async] round= 65 R=67 dirty=       26 runs=       13 filter= 96.786ms semisort=  0.009ms
[pe-async] round= 66 R=68 dirty=        8 runs=        6 filter= 97.326ms semisort=  0.007ms
[pe-async] round= 67 R=69 dirty=        8 runs=        2 filter= 96.635ms semisort=  0.007ms
[pe-async] round= 68 R=70 dirty=        4 runs=        2 filter= 96.901ms semisort=  0.006ms
[pe-async] round= 69 R=71 dirty=       26 runs=       13 filter= 96.803ms semisort=  0.009ms
[pe-async] round= 70 R=72 dirty=        8 runs=        6 filter= 97.282ms semisort=  0.007ms
[pe-async] round= 71 R=73 dirty=        8 runs=        2 filter= 97.508ms semisort=  0.007ms
[pe-async] round= 72 R=74 dirty=        4 runs=        2 filter= 97.357ms semisort=  0.007ms
[pe-async] round= 73 R=75 dirty=       26 runs=       13 filter= 97.011ms semisort=  0.010ms
[pe-async] round= 74 R=76 dirty=        8 runs=        6 filter= 96.775ms semisort=  0.008ms
[pe-async] round= 75 R=77 dirty=        8 runs=        2 filter= 96.661ms semisort=  0.007ms
[pe-async] round= 76 R=78 dirty=        4 runs=        2 filter= 97.050ms semisort=  0.006ms
[pe-async] round= 77 R=79 dirty=       26 runs=       13 filter= 96.825ms semisort=  0.011ms
[pe-async] round= 78 R=80 dirty=        8 runs=        6 filter= 96.985ms semisort=  0.007ms
[pe-async] round= 79 R=81 dirty=        8 runs=        2 filter= 96.566ms semisort=  0.007ms
[pe-async] round= 80 R=82 dirty=        4 runs=        2 filter= 96.658ms semisort=  0.006ms
[pe-async] round= 81 R=83 dirty=       26 runs=       13 filter= 96.589ms semisort=  0.010ms
[pe-async] round= 82 R=84 dirty=        8 runs=        6 filter= 96.531ms semisort=  0.006ms
[pe-async] round= 83 R=85 dirty=        8 runs=        2 filter= 96.260ms semisort=  0.007ms
[pe-async] round= 84 R=86 dirty=        4 runs=        2 filter= 96.850ms semisort=  0.006ms
[pe-async] round= 85 R=87 dirty=       26 runs=       13 filter= 96.496ms semisort=  0.010ms
[pe-async] round= 86 R=88 dirty=        8 runs=        6 filter= 96.550ms semisort=  0.007ms
[pe-async] round= 87 R=89 dirty=        8 runs=        2 filter= 96.870ms semisort=  0.007ms
[pe-async] round= 88 R=90 dirty=        4 runs=        2 filter= 96.426ms semisort=  0.006ms
[pe-async] round= 89 R=91 dirty=       26 runs=       13 filter= 96.685ms semisort=  0.010ms
[pe-async] round= 90 R=92 dirty=        8 runs=        6 filter= 96.391ms semisort=  0.007ms
[pe-async] round= 91 R=93 dirty=        8 runs=        2 filter= 96.125ms semisort=  0.007ms
[pe-async] round= 92 R=94 dirty=        4 runs=        2 filter= 96.331ms semisort=  0.007ms
[pe-async] round= 93 R=95 dirty=       26 runs=       13 filter= 96.975ms semisort=  0.009ms
[pe-async] round= 94 R=96 dirty=        8 runs=        6 filter= 96.479ms semisort=  0.007ms
[pe-async] round= 95 R=97 dirty=        8 runs=        2 filter= 97.000ms semisort=  0.007ms
[pe-async] round= 96 R=98 dirty=        4 runs=        2 filter= 96.635ms semisort=  0.007ms
[pe-async] round= 97 R=99 dirty=       26 runs=       13 filter= 96.349ms semisort=  0.009ms
[pe-async] round= 98 R=100 dirty=        8 runs=        6 filter= 96.496ms semisort=  0.009ms
[pe-async] round= 99 R=101 dirty=        8 runs=        2 filter= 96.899ms semisort=  0.006ms
[pe-async] round=100 R=102 dirty=        4 runs=        2 filter= 96.304ms semisort=  0.006ms
[pe-async] round=101 R=103 dirty=       26 runs=       13 filter= 96.073ms semisort=  0.010ms
[pe-async] round=102 R=104 dirty=        8 runs=        6 filter= 96.514ms semisort=  0.007ms
[pe-async] round=103 R=105 dirty=        8 runs=        2 filter= 96.813ms semisort=  0.007ms
[pe-async] round=104 R=106 dirty=        4 runs=        2 filter= 96.867ms semisort=  0.006ms
[pe-async] round=105 R=107 dirty=       26 runs=       13 filter= 96.677ms semisort=  0.010ms
[pe-async] round=106 R=108 dirty=        8 runs=        6 filter= 96.472ms semisort=  0.007ms
[pe-async] round=107 R=109 dirty=        8 runs=        2 filter= 97.034ms semisort=  0.007ms
[pe-async] round=108 R=110 dirty=        4 runs=        2 filter= 96.290ms semisort=  0.007ms
[pe-async] round=109 R=111 dirty=       26 runs=       13 filter= 96.140ms semisort=  0.009ms
[pe-async] round=110 R=112 dirty=        8 runs=        6 filter= 96.464ms semisort=  0.007ms
[pe-async] round=111 R=113 dirty=        8 runs=        2 filter= 96.590ms semisort=  0.007ms
[pe-async] round=112 R=114 dirty=        4 runs=        2 filter= 96.482ms semisort=  0.006ms
[pe-async] round=113 R=115 dirty=       26 runs=       13 filter= 96.642ms semisort=  0.009ms
[pe-async] round=114 R=116 dirty=        8 runs=        6 filter= 96.877ms semisort=  0.007ms
[pe-async] round=115 R=117 dirty=        8 runs=        2 filter= 97.258ms semisort=  0.006ms
[pe-async] round=116 R=118 dirty=        4 runs=        2 filter= 96.751ms semisort=  0.007ms
[pe-async] round=117 R=119 dirty=       26 runs=       13 filter= 96.943ms semisort=  0.011ms
[pe-async] round=118 R=120 dirty=        8 runs=        6 filter= 96.744ms semisort=  0.007ms
[pe-async] round=119 R=121 dirty=        8 runs=        2 filter= 95.995ms semisort=  0.007ms
[pe-async] round=120 R=122 dirty=        4 runs=        2 filter= 96.862ms semisort=  0.007ms
[pe-async] round=121 R=123 dirty=       26 runs=       13 filter= 96.351ms semisort=  0.010ms
[pe-async] round=122 R=124 dirty=        8 runs=        6 filter= 96.279ms semisort=  0.007ms
[pe-async] round=123 R=125 dirty=        8 runs=        2 filter= 96.509ms semisort=  0.007ms
[pe-async] round=124 R=126 dirty=        4 runs=        2 filter= 96.395ms semisort=  0.006ms
[pe-async] round=125 R=127 dirty=       26 runs=       13 filter= 96.411ms semisort=  0.011ms
[pe-async] round=126 R=128 dirty=        8 runs=        6 filter= 97.105ms semisort=  0.007ms
[pe-async] round=127 R=129 dirty=        8 runs=        2 filter= 96.732ms semisort=  0.007ms
[pe-async] round=128 R=130 dirty=        4 runs=        2 filter= 96.995ms semisort=  0.006ms
[pe-async] round=129 R=131 dirty=       26 runs=       13 filter= 96.399ms semisort=  0.009ms
[pe-async] round=130 R=132 dirty=        8 runs=        6 filter= 96.674ms semisort=  0.007ms
[pe-async] round=131 R=133 dirty=        8 runs=        2 filter= 96.294ms semisort=  0.007ms
[pe-async] round=132 R=134 dirty=        4 runs=        2 filter= 96.166ms semisort=  0.006ms
[pe-async] round=133 R=135 dirty=       26 runs=       13 filter= 96.679ms semisort=  0.010ms
[pe-async] round=134 R=136 dirty=        8 runs=        6 filter= 96.246ms semisort=  0.007ms
[pe-async] round=135 R=137 dirty=        8 runs=        2 filter= 96.085ms semisort=  0.006ms
[pe-async] round=136 R=138 dirty=        4 runs=        2 filter= 96.515ms semisort=  0.007ms
[pe-async] round=137 R=139 dirty=       26 runs=       13 filter= 96.396ms semisort=  0.009ms
[pe-async] round=138 R=140 dirty=        8 runs=        6 filter= 96.319ms semisort=  0.007ms
[pe-async] round=139 R=141 dirty=        8 runs=        2 filter= 96.406ms semisort=  0.007ms
[pe-async] round=140 R=142 dirty=        4 runs=        2 filter= 96.393ms semisort=  0.006ms
[pe-async] round=141 R=143 dirty=       26 runs=       13 filter= 96.526ms semisort=  0.009ms
[pe-async] round=142 R=144 dirty=        8 runs=        6 filter= 96.277ms semisort=  0.007ms
[pe-async] round=143 R=145 dirty=        8 runs=        2 filter= 96.187ms semisort=  0.008ms
[pe-async] round=144 R=146 dirty=        4 runs=        2 filter= 96.350ms semisort=  0.006ms
[pe-async] round=145 R=147 dirty=       26 runs=       13 filter= 95.903ms semisort=  0.009ms
[pe-async] round=146 R=148 dirty=        8 runs=        6 filter= 96.673ms semisort=  0.007ms
[pe-async] round=147 R=149 dirty=        8 runs=        2 filter= 95.880ms semisort=  0.007ms
[pe-async] round=148 R=150 dirty=        4 runs=        2 filter= 96.285ms semisort=  0.007ms
[pe-async] round=149 R=151 dirty=       26 runs=       13 filter= 96.376ms semisort=  0.009ms
[pe-async] round=150 R=152 dirty=        8 runs=        6 filter= 96.286ms semisort=  0.007ms
[pe-async] round=151 R=153 dirty=        8 runs=        2 filter= 95.973ms semisort=  0.008ms
[pe-async] round=152 R=154 dirty=        4 runs=        2 filter= 96.665ms semisort=  0.006ms
[pe-async] round=153 R=155 dirty=       26 runs=       13 filter= 95.965ms semisort=  0.011ms
[pe-async] round=154 R=156 dirty=        8 runs=        6 filter= 95.861ms semisort=  0.007ms
[pe-async] round=155 R=157 dirty=        8 runs=        2 filter= 96.221ms semisort=  0.007ms
[pe-async] round=156 R=158 dirty=        4 runs=        2 filter= 96.154ms semisort=  0.006ms
[pe-async] round=157 R=159 dirty=       26 runs=       13 filter= 96.350ms semisort=  0.011ms
[pe-async] round=158 R=160 dirty=        8 runs=        6 filter= 96.509ms semisort=  0.007ms
[pe-async] round=159 R=161 dirty=        8 runs=        2 filter= 96.664ms semisort=  0.007ms
[pe-async] round=160 R=162 dirty=        4 runs=        2 filter= 95.893ms semisort=  0.006ms
[pe-async] round=161 R=163 dirty=       26 runs=       13 filter= 96.090ms semisort=  0.009ms
[pe-async] round=162 R=164 dirty=        8 runs=        6 filter= 95.943ms semisort=  0.007ms
[pe-async] round=163 R=165 dirty=        8 runs=        2 filter= 96.486ms semisort=  0.007ms
[pe-async] round=164 R=166 dirty=        4 runs=        2 filter= 96.472ms semisort=  0.006ms
[pe-async] round=165 R=167 dirty=       26 runs=       13 filter= 95.947ms semisort=  0.009ms
[pe-async] round=166 R=168 dirty=        8 runs=        6 filter= 96.170ms semisort=  0.007ms
[pe-async] round=167 R=169 dirty=        8 runs=        2 filter= 96.116ms semisort=  0.007ms
[pe-async] round=168 R=170 dirty=        4 runs=        2 filter= 96.274ms semisort=  0.006ms
[pe-async] round=169 R=171 dirty=       26 runs=       13 filter= 96.322ms semisort=  0.010ms
[pe-async] round=170 R=172 dirty=        8 runs=        6 filter= 95.993ms semisort=  0.007ms
[pe-async] round=171 R=173 dirty=        8 runs=        2 filter= 96.312ms semisort=  0.007ms
[pe-async] round=172 R=174 dirty=        4 runs=        2 filter= 96.291ms semisort=  0.007ms
[pe-async] round=173 R=175 dirty=       26 runs=       13 filter= 96.117ms semisort=  0.010ms
[pe-async] round=174 R=176 dirty=        8 runs=        6 filter= 96.382ms semisort=  0.006ms
[pe-async] round=175 R=177 dirty=        8 runs=        2 filter= 96.170ms semisort=  0.007ms
[pe-async] round=176 R=178 dirty=        4 runs=        2 filter= 96.253ms semisort=  0.006ms
[pe-async] round=177 R=179 dirty=       26 runs=       13 filter= 96.270ms semisort=  0.009ms
[pe-async] round=178 R=180 dirty=        8 runs=        6 filter= 96.143ms semisort=  0.007ms
[pe-async] round=179 R=181 dirty=        8 runs=        2 filter= 96.317ms semisort=  0.007ms
[pe-async] round=180 R=182 dirty=        4 runs=        2 filter= 96.525ms semisort=  0.007ms
[pe-async] round=181 R=183 dirty=       26 runs=       13 filter= 96.153ms semisort=  0.009ms
[pe-async] round=182 R=184 dirty=        8 runs=        6 filter= 96.028ms semisort=  0.007ms
[pe-async] round=183 R=185 dirty=        8 runs=        2 filter= 96.383ms semisort=  0.007ms
[pe-async] round=184 R=186 dirty=        4 runs=        2 filter= 96.025ms semisort=  0.006ms
[pe-async] round=185 R=187 dirty=       26 runs=       13 filter= 96.081ms semisort=  0.009ms
[pe-async] round=186 R=188 dirty=        8 runs=        6 filter= 96.114ms semisort=  0.007ms
[pe-async] round=187 R=189 dirty=        8 runs=        2 filter= 96.122ms semisort=  0.007ms
[pe-async] round=188 R=190 dirty=        4 runs=        2 filter= 96.575ms semisort=  0.007ms
[pe-async] round=189 R=191 dirty=       26 runs=       13 filter= 96.235ms semisort=  0.009ms
[pe-async] round=190 R=192 dirty=        8 runs=        6 filter= 96.372ms semisort=  0.007ms
[pe-async] round=191 R=193 dirty=        8 runs=        2 filter= 96.236ms semisort=  0.007ms
[pe-async] round=192 R=194 dirty=        4 runs=        2 filter= 96.304ms semisort=  0.006ms
[pe-async] round=193 R=195 dirty=       26 runs=       13 filter= 96.214ms semisort=  0.010ms
[pe-async] round=194 R=196 dirty=        8 runs=        6 filter= 95.611ms semisort=  0.007ms
[pe-async] round=195 R=197 dirty=        8 runs=        2 filter= 95.900ms semisort=  0.007ms
[pe-async] round=196 R=198 dirty=        4 runs=        2 filter= 96.111ms semisort=  0.006ms
[pe-async] round=197 R=199 dirty=       26 runs=       13 filter= 96.011ms semisort=  0.010ms
[pe-async] round=198 R=200 dirty=        8 runs=        6 filter= 96.195ms semisort=  0.007ms
[pe-async] round=199 R=201 dirty=        8 runs=        2 filter= 96.253ms semisort=  0.008ms
[pe-async] round=200 R=202 dirty=        4 runs=        2 filter= 96.815ms semisort=  0.006ms
[pe-async] round=201 R=203 dirty=       26 runs=       13 filter= 96.112ms semisort=  0.010ms
[pe-async] round=202 R=204 dirty=        8 runs=        6 filter= 96.443ms semisort=  0.007ms
[pe-async] round=203 R=205 dirty=        8 runs=        2 filter= 95.771ms semisort=  0.007ms
[pe-async] round=204 R=206 dirty=        4 runs=        2 filter= 95.865ms semisort=  0.007ms
[pe-async] round=205 R=207 dirty=       26 runs=       13 filter= 96.145ms semisort=  0.010ms
[pe-async] round=206 R=208 dirty=        8 runs=        6 filter= 96.009ms semisort=  0.007ms
[pe-async] round=207 R=209 dirty=        8 runs=        2 filter= 95.843ms semisort=  0.007ms
[pe-async] round=208 R=210 dirty=        4 runs=        2 filter= 96.262ms semisort=  0.006ms
[pe-async] round=209 R=211 dirty=       26 runs=       13 filter= 96.105ms semisort=  0.009ms
[pe-async] round=210 R=212 dirty=        8 runs=        6 filter= 95.850ms semisort=  0.007ms
[pe-async] round=211 R=213 dirty=        8 runs=        2 filter= 96.449ms semisort=  0.007ms
[pe-async] round=212 R=214 dirty=        4 runs=        2 filter= 96.089ms semisort=  0.007ms
[pe-async] round=213 R=215 dirty=       26 runs=       13 filter= 96.077ms semisort=  0.009ms
[pe-async] round=214 R=216 dirty=        8 runs=        6 filter= 95.621ms semisort=  0.007ms
[pe-async] round=215 R=217 dirty=        8 runs=        2 filter= 95.817ms semisort=  0.007ms
[pe-async] round=216 R=218 dirty=        4 runs=        2 filter= 95.971ms semisort=  0.006ms
[pe-async] round=217 R=219 dirty=       26 runs=       13 filter= 95.947ms semisort=  0.010ms
[pe-async] round=218 R=220 dirty=        8 runs=        6 filter= 96.248ms semisort=  0.007ms
[pe-async] round=219 R=221 dirty=        8 runs=        2 filter= 95.830ms semisort=  0.007ms
[pe-async] round=220 R=222 dirty=        4 runs=        2 filter= 96.011ms semisort=  0.006ms
[pe-async] round=221 R=223 dirty=       26 runs=       13 filter= 95.477ms semisort=  0.009ms
[pe-async] round=222 R=224 dirty=        8 runs=        6 filter= 96.531ms semisort=  0.007ms
[pe-async] round=223 R=225 dirty=        8 runs=        2 filter= 95.834ms semisort=  0.007ms
[pe-async] round=224 R=226 dirty=        4 runs=        2 filter= 95.449ms semisort=  0.006ms
[pe-async] round=225 R=227 dirty=       26 runs=       13 filter= 95.947ms semisort=  0.009ms
[pe-async] round=226 R=228 dirty=        8 runs=        6 filter= 95.502ms semisort=  0.006ms
[pe-async] round=227 R=229 dirty=        8 runs=        2 filter= 96.126ms semisort=  0.006ms
[pe-async] round=228 R=230 dirty=        4 runs=        2 filter= 96.164ms semisort=  0.006ms
[pe-async] round=229 R=231 dirty=       26 runs=       13 filter= 95.918ms semisort=  0.009ms
[pe-async] round=230 R=232 dirty=        8 runs=        6 filter= 95.940ms semisort=  0.007ms
[pe-async] round=231 R=233 dirty=        8 runs=        2 filter= 95.632ms semisort=  0.007ms
[pe-async] round=232 R=234 dirty=        4 runs=        2 filter= 95.885ms semisort=  0.006ms
[pe-async] round=233 R=235 dirty=       26 runs=       13 filter= 96.119ms semisort=  0.010ms
[pe-async] round=234 R=236 dirty=        8 runs=        6 filter= 96.373ms semisort=  0.007ms
[pe-async] round=235 R=237 dirty=        8 runs=        2 filter= 95.399ms semisort=  0.007ms
[pe-async] round=236 R=238 dirty=        4 runs=        2 filter= 96.122ms semisort=  0.006ms
[pe-async] round=237 R=239 dirty=       26 runs=       13 filter= 95.906ms semisort=  0.010ms
[pe-async] round=238 R=240 dirty=        8 runs=        6 filter= 96.017ms semisort=  0.007ms
[pe-async] round=239 R=241 dirty=        8 runs=        2 filter= 95.747ms semisort=  0.007ms
[pe-async] round=240 R=242 dirty=        4 runs=        2 filter= 96.098ms semisort=  0.008ms
[pe-async] round=241 R=243 dirty=       26 runs=       13 filter= 96.163ms semisort=  0.010ms
[pe-async] round=242 R=244 dirty=        8 runs=        6 filter= 96.255ms semisort=  0.007ms
[pe-async] round=243 R=245 dirty=        8 runs=        2 filter= 95.978ms semisort=  0.007ms
[pe-async] round=244 R=246 dirty=        4 runs=        2 filter= 95.648ms semisort=  0.006ms
[pe-async] round=245 R=247 dirty=       26 runs=       13 filter= 96.046ms semisort=  0.009ms
[pe-async] round=246 R=248 dirty=        8 runs=        6 filter= 95.491ms semisort=  0.006ms
[pe-async] round=247 R=249 dirty=        8 runs=        2 filter= 95.514ms semisort=  0.007ms
[pe-async] round=248 R=250 dirty=        4 runs=        2 filter= 96.004ms semisort=  0.006ms
[pe-async] round=249 R=251 dirty=       26 runs=       13 filter= 97.619ms semisort=  0.010ms
[pe-async] round=250 R=252 dirty=        8 runs=        6 filter= 97.548ms semisort=  0.007ms
[pe-async] round=251 R=253 dirty=        8 runs=        2 filter= 96.768ms semisort=  0.007ms
[pe-async] round=252 R=254 dirty=        4 runs=        2 filter= 97.170ms semisort=  0.006ms
[pe-async] round=253 R=255 dirty=       26 runs=       13 filter= 96.559ms semisort=  0.011ms
[pe-async] round=254 R=256 dirty=        8 runs=        6 filter= 96.163ms semisort=  0.007ms
[pe-async] round=255 R=257 dirty=        8 runs=        2 filter= 96.110ms semisort=  0.006ms
[pe-async] round=256 R=258 dirty=        4 runs=        2 filter= 96.229ms semisort=  0.006ms
[pe-async] round=257 R=259 dirty=       18 runs=       10 filter= 96.206ms semisort=  0.008ms
[pe-async] round=258 R=260 dirty=        4 runs=        4 filter= 96.305ms semisort=  0.005ms
[pe-async] round=259 R=261 dirty=        0 filter= 96.351ms (clean break)
[pe-async] round=  0 R=2 dirty=  5437767 runs=  3698023 filter= 96.261ms semisort=491.670ms
[pe-async] round=  1 R=3 dirty=   226832 runs=   128424 filter=129.503ms semisort= 22.112ms
[pe-async] round=  2 R=4 dirty=    55915 runs=    52852 filter=109.795ms semisort=  4.141ms
[pe-async] round=  3 R=5 dirty=    29367 runs=    19922 filter=102.603ms semisort=  2.626ms
[pe-async] round=  4 R=6 dirty=    12610 runs=     9634 filter=101.298ms semisort=  1.476ms
[pe-async] round=  5 R=7 dirty=     7181 runs=     5780 filter=100.427ms semisort=  0.754ms
[pe-async] round=  6 R=8 dirty=     1740 runs=     1265 filter= 99.815ms semisort=  0.167ms
[pe-async] round=  7 R=9 dirty=      328 runs=      173 filter= 99.727ms semisort=  0.053ms
[pe-async] round=  8 R=10 dirty=     1728 runs=     1045 filter= 99.461ms semisort=  0.148ms
[pe-async] round=  9 R=11 dirty=      886 runs=      720 filter= 99.237ms semisort=  0.100ms
[pe-async] round= 10 R=12 dirty=      124 runs=       70 filter= 99.650ms semisort=  0.027ms
[pe-async] round= 11 R=13 dirty=      655 runs=      399 filter= 99.646ms semisort=  0.065ms
[pe-async] round= 12 R=14 dirty=      274 runs=      231 filter= 99.563ms semisort=  0.033ms
[pe-async] round= 13 R=15 dirty=       67 runs=       35 filter= 98.605ms semisort=  0.017ms
[pe-async] round= 14 R=16 dirty=      329 runs=      214 filter= 98.598ms semisort=  0.034ms
[pe-async] round= 15 R=17 dirty=      123 runs=      108 filter= 98.260ms semisort=  0.019ms
[pe-async] round= 16 R=18 dirty=       10 runs=        5 filter= 98.548ms semisort=  0.009ms
[pe-async] round= 17 R=19 dirty=      430 runs=      280 filter= 98.342ms semisort=  0.042ms
[pe-async] round= 18 R=20 dirty=      140 runs=      136 filter= 98.206ms semisort=  0.025ms
[pe-async] round= 19 R=21 dirty=       12 runs=        3 filter= 98.226ms semisort=  0.008ms
[pe-async] round= 20 R=22 dirty=        6 runs=        3 filter= 98.302ms semisort=  0.008ms
[pe-async] round= 21 R=23 dirty=       39 runs=       20 filter= 98.301ms semisort=  0.012ms
[pe-async] round= 22 R=24 dirty=       12 runs=        9 filter= 97.651ms semisort=  0.008ms
[pe-async] round= 23 R=25 dirty=       12 runs=        3 filter= 98.118ms semisort=  0.008ms
[pe-async] round= 24 R=26 dirty=        6 runs=        3 filter= 97.678ms semisort=  0.007ms
[pe-async] round= 25 R=27 dirty=       37 runs=       19 filter= 97.898ms semisort=  0.013ms
[pe-async] round= 26 R=28 dirty=       15 runs=       12 filter= 98.306ms semisort=  0.009ms
[pe-async] round= 27 R=29 dirty=        8 runs=        2 filter= 97.659ms semisort=  0.008ms
[pe-async] round= 28 R=30 dirty=        4 runs=        2 filter= 98.503ms semisort=  0.007ms
[pe-async] round= 29 R=31 dirty=       26 runs=       13 filter= 98.357ms semisort=  0.010ms
[pe-async] round= 30 R=32 dirty=        8 runs=        6 filter= 97.597ms semisort=  0.007ms
[pe-async] round= 31 R=33 dirty=        8 runs=        2 filter= 97.666ms semisort=  0.007ms
[pe-async] round= 32 R=34 dirty=        4 runs=        2 filter= 97.645ms semisort=  0.007ms
[pe-async] round= 33 R=35 dirty=       26 runs=       13 filter= 97.423ms semisort=  0.010ms
[pe-async] round= 34 R=36 dirty=        8 runs=        6 filter= 98.443ms semisort=  0.007ms
[pe-async] round= 35 R=37 dirty=        8 runs=        2 filter= 97.370ms semisort=  0.007ms
[pe-async] round= 36 R=38 dirty=        4 runs=        2 filter= 97.103ms semisort=  0.006ms
[pe-async] round= 37 R=39 dirty=       26 runs=       13 filter= 97.402ms semisort=  0.009ms
[pe-async] round= 38 R=40 dirty=        8 runs=        6 filter= 97.407ms semisort=  0.007ms
[pe-async] round= 39 R=41 dirty=        8 runs=        2 filter= 98.063ms semisort=  0.007ms
[pe-async] round= 40 R=42 dirty=        4 runs=        2 filter= 97.515ms semisort=  0.007ms
[pe-async] round= 41 R=43 dirty=       26 runs=       13 filter= 98.059ms semisort=  0.009ms
[pe-async] round= 42 R=44 dirty=        8 runs=        6 filter= 97.611ms semisort=  0.007ms
[pe-async] round= 43 R=45 dirty=        8 runs=        2 filter= 97.831ms semisort=  0.007ms
[pe-async] round= 44 R=46 dirty=        4 runs=        2 filter= 97.409ms semisort=  0.006ms
[pe-async] round= 45 R=47 dirty=       26 runs=       13 filter= 97.509ms semisort=  0.008ms
[pe-async] round= 46 R=48 dirty=        8 runs=        6 filter= 97.366ms semisort=  0.007ms
[pe-async] round= 47 R=49 dirty=        8 runs=        2 filter= 97.244ms semisort=  0.007ms
[pe-async] round= 48 R=50 dirty=        4 runs=        2 filter= 97.134ms semisort=  0.006ms
[pe-async] round= 49 R=51 dirty=       26 runs=       13 filter= 97.103ms semisort=  0.009ms
[pe-async] round= 50 R=52 dirty=        8 runs=        6 filter= 97.153ms semisort=  0.007ms
[pe-async] round= 51 R=53 dirty=        8 runs=        2 filter= 97.293ms semisort=  0.008ms
[pe-async] round= 52 R=54 dirty=        4 runs=        2 filter= 97.292ms semisort=  0.006ms
[pe-async] round= 53 R=55 dirty=       26 runs=       13 filter= 97.393ms semisort=  0.010ms
[pe-async] round= 54 R=56 dirty=        8 runs=        6 filter= 97.093ms semisort=  0.007ms
[pe-async] round= 55 R=57 dirty=        8 runs=        2 filter= 97.426ms semisort=  0.007ms
[pe-async] round= 56 R=58 dirty=        4 runs=        2 filter= 97.501ms semisort=  0.006ms
[pe-async] round= 57 R=59 dirty=       26 runs=       13 filter= 97.223ms semisort=  0.009ms
[pe-async] round= 58 R=60 dirty=        8 runs=        6 filter= 97.449ms semisort=  0.007ms
[pe-async] round= 59 R=61 dirty=        8 runs=        2 filter= 97.069ms semisort=  0.007ms
[pe-async] round= 60 R=62 dirty=        4 runs=        2 filter= 97.409ms semisort=  0.005ms
[pe-async] round= 61 R=63 dirty=       26 runs=       13 filter= 97.402ms semisort=  0.009ms
[pe-async] round= 62 R=64 dirty=        8 runs=        6 filter= 97.045ms semisort=  0.006ms
[pe-async] round= 63 R=65 dirty=        8 runs=        2 filter= 97.803ms semisort=  0.007ms
[pe-async] round= 64 R=66 dirty=        4 runs=        2 filter= 97.125ms semisort=  0.007ms
[pe-async] round= 65 R=67 dirty=       26 runs=       13 filter= 96.891ms semisort=  0.009ms
[pe-async] round= 66 R=68 dirty=        8 runs=        6 filter= 96.490ms semisort=  0.007ms
[pe-async] round= 67 R=69 dirty=        8 runs=        2 filter= 96.490ms semisort=  0.007ms
[pe-async] round= 68 R=70 dirty=        4 runs=        2 filter= 97.391ms semisort=  0.006ms
[pe-async] round= 69 R=71 dirty=       26 runs=       13 filter= 96.897ms semisort=  0.009ms
[pe-async] round= 70 R=72 dirty=        8 runs=        6 filter= 96.783ms semisort=  0.006ms
[pe-async] round= 71 R=73 dirty=        8 runs=        2 filter= 96.727ms semisort=  0.007ms
[pe-async] round= 72 R=74 dirty=        4 runs=        2 filter= 96.590ms semisort=  0.007ms
[pe-async] round= 73 R=75 dirty=       26 runs=       13 filter= 97.630ms semisort=  0.009ms
[pe-async] round= 74 R=76 dirty=        8 runs=        6 filter= 96.673ms semisort=  0.007ms
[pe-async] round= 75 R=77 dirty=        8 runs=        2 filter= 96.827ms semisort=  0.007ms
[pe-async] round= 76 R=78 dirty=        4 runs=        2 filter= 96.620ms semisort=  0.006ms
[pe-async] round= 77 R=79 dirty=       26 runs=       13 filter= 96.687ms semisort=  0.010ms
[pe-async] round= 78 R=80 dirty=        8 runs=        6 filter= 96.398ms semisort=  0.007ms
[pe-async] round= 79 R=81 dirty=        8 runs=        2 filter= 96.640ms semisort=  0.007ms
[pe-async] round= 80 R=82 dirty=        4 runs=        2 filter= 96.641ms semisort=  0.006ms
[pe-async] round= 81 R=83 dirty=       26 runs=       13 filter= 97.255ms semisort=  0.009ms
[pe-async] round= 82 R=84 dirty=        8 runs=        6 filter= 96.708ms semisort=  0.007ms
[pe-async] round= 83 R=85 dirty=        8 runs=        2 filter= 97.006ms semisort=  0.007ms
[pe-async] round= 84 R=86 dirty=        4 runs=        2 filter= 96.899ms semisort=  0.006ms
[pe-async] round= 85 R=87 dirty=       26 runs=       13 filter= 96.261ms semisort=  0.009ms
[pe-async] round= 86 R=88 dirty=        8 runs=        6 filter= 96.407ms semisort=  0.007ms
[pe-async] round= 87 R=89 dirty=        8 runs=        2 filter= 96.990ms semisort=  0.007ms
[pe-async] round= 88 R=90 dirty=        4 runs=        2 filter= 96.665ms semisort=  0.006ms
[pe-async] round= 89 R=91 dirty=       26 runs=       13 filter= 96.558ms semisort=  0.009ms
[pe-async] round= 90 R=92 dirty=        8 runs=        6 filter= 96.657ms semisort=  0.007ms
[pe-async] round= 91 R=93 dirty=        8 runs=        2 filter= 96.921ms semisort=  0.007ms
[pe-async] round= 92 R=94 dirty=        4 runs=        2 filter= 96.686ms semisort=  0.007ms
[pe-async] round= 93 R=95 dirty=       26 runs=       13 filter= 96.270ms semisort=  0.009ms
[pe-async] round= 94 R=96 dirty=        8 runs=        6 filter= 96.980ms semisort=  0.007ms
[pe-async] round= 95 R=97 dirty=        8 runs=        2 filter= 96.499ms semisort=  0.007ms
[pe-async] round= 96 R=98 dirty=        4 runs=        2 filter= 96.475ms semisort=  0.007ms
[pe-async] round= 97 R=99 dirty=       26 runs=       13 filter= 96.342ms semisort=  0.010ms
[pe-async] round= 98 R=100 dirty=        8 runs=        6 filter= 96.554ms semisort=  0.007ms
[pe-async] round= 99 R=101 dirty=        8 runs=        2 filter= 96.423ms semisort=  0.007ms
[pe-async] round=100 R=102 dirty=        4 runs=        2 filter= 96.975ms semisort=  0.006ms
[pe-async] round=101 R=103 dirty=       26 runs=       13 filter= 97.242ms semisort=  0.009ms
[pe-async] round=102 R=104 dirty=        8 runs=        6 filter= 96.957ms semisort=  0.008ms
[pe-async] round=103 R=105 dirty=        8 runs=        2 filter= 97.383ms semisort=  0.007ms
[pe-async] round=104 R=106 dirty=        4 runs=        2 filter= 96.942ms semisort=  0.007ms
[pe-async] round=105 R=107 dirty=       26 runs=       13 filter= 96.515ms semisort=  0.010ms
[pe-async] round=106 R=108 dirty=        8 runs=        6 filter= 96.264ms semisort=  0.007ms
[pe-async] round=107 R=109 dirty=        8 runs=        2 filter= 96.294ms semisort=  0.007ms
[pe-async] round=108 R=110 dirty=        4 runs=        2 filter= 96.477ms semisort=  0.006ms
[pe-async] round=109 R=111 dirty=       26 runs=       13 filter= 96.749ms semisort=  0.010ms
[pe-async] round=110 R=112 dirty=        8 runs=        6 filter= 96.607ms semisort=  0.007ms
[pe-async] round=111 R=113 dirty=        8 runs=        2 filter= 96.147ms semisort=  0.007ms
[pe-async] round=112 R=114 dirty=        4 runs=        2 filter= 96.392ms semisort=  0.007ms
[pe-async] round=113 R=115 dirty=       26 runs=       13 filter= 96.685ms semisort=  0.009ms
[pe-async] round=114 R=116 dirty=        8 runs=        6 filter= 96.392ms semisort=  0.007ms
[pe-async] round=115 R=117 dirty=        8 runs=        2 filter= 96.359ms semisort=  0.006ms
[pe-async] round=116 R=118 dirty=        4 runs=        2 filter= 96.408ms semisort=  0.007ms
[pe-async] round=117 R=119 dirty=       26 runs=       13 filter= 96.225ms semisort=  0.008ms
[pe-async] round=118 R=120 dirty=        8 runs=        6 filter= 96.142ms semisort=  0.006ms
[pe-async] round=119 R=121 dirty=        8 runs=        2 filter= 96.815ms semisort=  0.007ms
[pe-async] round=120 R=122 dirty=        4 runs=        2 filter= 96.201ms semisort=  0.006ms
[pe-async] round=121 R=123 dirty=       26 runs=       13 filter= 96.278ms semisort=  0.009ms
[pe-async] round=122 R=124 dirty=        8 runs=        6 filter= 96.357ms semisort=  0.007ms
[pe-async] round=123 R=125 dirty=        8 runs=        2 filter= 96.215ms semisort=  0.007ms
[pe-async] round=124 R=126 dirty=        4 runs=        2 filter= 96.452ms semisort=  0.006ms
[pe-async] round=125 R=127 dirty=       26 runs=       13 filter= 96.541ms semisort=  0.009ms
[pe-async] round=126 R=128 dirty=        8 runs=        6 filter= 96.168ms semisort=  0.007ms
[pe-async] round=127 R=129 dirty=        8 runs=        2 filter= 96.461ms semisort=  0.007ms
[pe-async] round=128 R=130 dirty=        4 runs=        2 filter= 96.445ms semisort=  0.006ms
[pe-async] round=129 R=131 dirty=       26 runs=       13 filter= 96.204ms semisort=  0.010ms
[pe-async] round=130 R=132 dirty=        8 runs=        6 filter= 96.351ms semisort=  0.007ms
[pe-async] round=131 R=133 dirty=        8 runs=        2 filter= 96.362ms semisort=  0.006ms
[pe-async] round=132 R=134 dirty=        4 runs=        2 filter= 96.134ms semisort=  0.006ms
[pe-async] round=133 R=135 dirty=       26 runs=       13 filter= 96.418ms semisort=  0.009ms
[pe-async] round=134 R=136 dirty=        8 runs=        6 filter= 96.876ms semisort=  0.007ms
[pe-async] round=135 R=137 dirty=        8 runs=        2 filter= 96.616ms semisort=  0.006ms
[pe-async] round=136 R=138 dirty=        4 runs=        2 filter= 96.858ms semisort=  0.006ms
[pe-async] round=137 R=139 dirty=       26 runs=       13 filter= 96.312ms semisort=  0.009ms
[pe-async] round=138 R=140 dirty=        8 runs=        6 filter= 96.449ms semisort=  0.007ms
[pe-async] round=139 R=141 dirty=        8 runs=        2 filter= 96.111ms semisort=  0.007ms
[pe-async] round=140 R=142 dirty=        4 runs=        2 filter= 96.404ms semisort=  0.006ms
[pe-async] round=141 R=143 dirty=       26 runs=       13 filter= 96.359ms semisort=  0.009ms
[pe-async] round=142 R=144 dirty=        8 runs=        6 filter= 96.252ms semisort=  0.007ms
[pe-async] round=143 R=145 dirty=        8 runs=        2 filter= 96.612ms semisort=  0.007ms
[pe-async] round=144 R=146 dirty=        4 runs=        2 filter= 96.508ms semisort=  0.006ms
[pe-async] round=145 R=147 dirty=       26 runs=       13 filter= 96.375ms semisort=  0.009ms
[pe-async] round=146 R=148 dirty=        8 runs=        6 filter= 96.439ms semisort=  0.007ms
[pe-async] round=147 R=149 dirty=        8 runs=        2 filter= 95.996ms semisort=  0.006ms
[pe-async] round=148 R=150 dirty=        4 runs=        2 filter= 96.244ms semisort=  0.006ms
[pe-async] round=149 R=151 dirty=       26 runs=       13 filter= 96.379ms semisort=  0.009ms
[pe-async] round=150 R=152 dirty=        8 runs=        6 filter= 96.704ms semisort=  0.007ms
[pe-async] round=151 R=153 dirty=        8 runs=        2 filter= 96.474ms semisort=  0.007ms
[pe-async] round=152 R=154 dirty=        4 runs=        2 filter= 96.370ms semisort=  0.006ms
[pe-async] round=153 R=155 dirty=       26 runs=       13 filter= 95.909ms semisort=  0.009ms
[pe-async] round=154 R=156 dirty=        8 runs=        6 filter= 96.024ms semisort=  0.007ms
[pe-async] round=155 R=157 dirty=        8 runs=        2 filter= 95.961ms semisort=  0.007ms
[pe-async] round=156 R=158 dirty=        4 runs=        2 filter= 96.470ms semisort=  0.006ms
[pe-async] round=157 R=159 dirty=       26 runs=       13 filter= 96.428ms semisort=  0.009ms
[pe-async] round=158 R=160 dirty=        8 runs=        6 filter= 96.286ms semisort=  0.006ms
[pe-async] round=159 R=161 dirty=        8 runs=        2 filter= 96.459ms semisort=  0.007ms
[pe-async] round=160 R=162 dirty=        4 runs=        2 filter= 96.393ms semisort=  0.006ms
[pe-async] round=161 R=163 dirty=       26 runs=       13 filter= 96.467ms semisort=  0.009ms
[pe-async] round=162 R=164 dirty=        8 runs=        6 filter= 96.355ms semisort=  0.007ms
[pe-async] round=163 R=165 dirty=        8 runs=        2 filter= 96.135ms semisort=  0.007ms
[pe-async] round=164 R=166 dirty=        4 runs=        2 filter= 96.070ms semisort=  0.006ms
[pe-async] round=165 R=167 dirty=       26 runs=       13 filter= 96.323ms semisort=  0.009ms
[pe-async] round=166 R=168 dirty=        8 runs=        6 filter= 96.000ms semisort=  0.007ms
[pe-async] round=167 R=169 dirty=        8 runs=        2 filter= 97.136ms semisort=  0.006ms
[pe-async] round=168 R=170 dirty=        4 runs=        2 filter= 96.375ms semisort=  0.006ms
[pe-async] round=169 R=171 dirty=       26 runs=       13 filter= 96.149ms semisort=  0.009ms
[pe-async] round=170 R=172 dirty=        8 runs=        6 filter= 96.224ms semisort=  0.007ms
[pe-async] round=171 R=173 dirty=        8 runs=        2 filter= 96.265ms semisort=  0.007ms
[pe-async] round=172 R=174 dirty=        4 runs=        2 filter= 96.227ms semisort=  0.006ms
[pe-async] round=173 R=175 dirty=       26 runs=       13 filter= 96.195ms semisort=  0.009ms
[pe-async] round=174 R=176 dirty=        8 runs=        6 filter= 96.020ms semisort=  0.007ms
[pe-async] round=175 R=177 dirty=        8 runs=        2 filter= 95.902ms semisort=  0.007ms
[pe-async] round=176 R=178 dirty=        4 runs=        2 filter= 96.026ms semisort=  0.006ms
[pe-async] round=177 R=179 dirty=       26 runs=       13 filter= 96.217ms semisort=  0.009ms
[pe-async] round=178 R=180 dirty=        8 runs=        6 filter= 96.106ms semisort=  0.007ms
[pe-async] round=179 R=181 dirty=        8 runs=        2 filter= 96.285ms semisort=  0.006ms
[pe-async] round=180 R=182 dirty=        4 runs=        2 filter= 96.227ms semisort=  0.006ms
[pe-async] round=181 R=183 dirty=       26 runs=       13 filter= 95.988ms semisort=  0.009ms
[pe-async] round=182 R=184 dirty=        8 runs=        6 filter= 95.933ms semisort=  0.007ms
[pe-async] round=183 R=185 dirty=        8 runs=        2 filter= 96.046ms semisort=  0.007ms
[pe-async] round=184 R=186 dirty=        4 runs=        2 filter= 95.759ms semisort=  0.006ms
[pe-async] round=185 R=187 dirty=       26 runs=       13 filter= 96.073ms semisort=  0.009ms
[pe-async] round=186 R=188 dirty=        8 runs=        6 filter= 96.011ms semisort=  0.007ms
[pe-async] round=187 R=189 dirty=        8 runs=        2 filter= 95.767ms semisort=  0.007ms
[pe-async] round=188 R=190 dirty=        4 runs=        2 filter= 95.951ms semisort=  0.007ms
[pe-async] round=189 R=191 dirty=       26 runs=       13 filter= 95.932ms semisort=  0.009ms
[pe-async] round=190 R=192 dirty=        8 runs=        6 filter= 95.860ms semisort=  0.007ms
[pe-async] round=191 R=193 dirty=        8 runs=        2 filter= 95.848ms semisort=  0.006ms
[pe-async] round=192 R=194 dirty=        4 runs=        2 filter= 96.121ms semisort=  0.007ms
[pe-async] round=193 R=195 dirty=       26 runs=       13 filter= 96.314ms semisort=  0.008ms
[pe-async] round=194 R=196 dirty=        8 runs=        6 filter= 95.974ms semisort=  0.007ms
[pe-async] round=195 R=197 dirty=        8 runs=        2 filter= 95.708ms semisort=  0.006ms
[pe-async] round=196 R=198 dirty=        4 runs=        2 filter= 96.271ms semisort=  0.007ms
[pe-async] round=197 R=199 dirty=       26 runs=       13 filter= 96.236ms semisort=  0.009ms
[pe-async] round=198 R=200 dirty=        8 runs=        6 filter= 96.324ms semisort=  0.006ms
[pe-async] round=199 R=201 dirty=        8 runs=        2 filter= 95.808ms semisort=  0.007ms
[pe-async] round=200 R=202 dirty=        4 runs=        2 filter= 95.878ms semisort=  0.006ms
[pe-async] round=201 R=203 dirty=       26 runs=       13 filter= 96.259ms semisort=  0.009ms
[pe-async] round=202 R=204 dirty=        8 runs=        6 filter= 95.870ms semisort=  0.007ms
[pe-async] round=203 R=205 dirty=        8 runs=        2 filter= 95.807ms semisort=  0.007ms
[pe-async] round=204 R=206 dirty=        4 runs=        2 filter= 96.037ms semisort=  0.006ms
[pe-async] round=205 R=207 dirty=       26 runs=       13 filter= 95.771ms semisort=  0.009ms
[pe-async] round=206 R=208 dirty=        8 runs=        6 filter= 96.199ms semisort=  0.007ms
[pe-async] round=207 R=209 dirty=        8 runs=        2 filter= 96.083ms semisort=  0.006ms
[pe-async] round=208 R=210 dirty=        4 runs=        2 filter= 96.090ms semisort=  0.006ms
[pe-async] round=209 R=211 dirty=       26 runs=       13 filter= 95.993ms semisort=  0.010ms
[pe-async] round=210 R=212 dirty=        8 runs=        6 filter= 95.789ms semisort=  0.007ms
[pe-async] round=211 R=213 dirty=        8 runs=        2 filter= 95.834ms semisort=  0.007ms
[pe-async] round=212 R=214 dirty=        4 runs=        2 filter= 96.242ms semisort=  0.007ms
[pe-async] round=213 R=215 dirty=       26 runs=       13 filter= 96.266ms semisort=  0.009ms
[pe-async] round=214 R=216 dirty=        8 runs=        6 filter= 96.221ms semisort=  0.007ms
[pe-async] round=215 R=217 dirty=        8 runs=        2 filter= 96.269ms semisort=  0.007ms
[pe-async] round=216 R=218 dirty=        4 runs=        2 filter= 96.114ms semisort=  0.006ms
[pe-async] round=217 R=219 dirty=       26 runs=       13 filter= 96.405ms semisort=  0.010ms
[pe-async] round=218 R=220 dirty=        8 runs=        6 filter= 96.163ms semisort=  0.007ms
[pe-async] round=219 R=221 dirty=        8 runs=        2 filter= 96.098ms semisort=  0.007ms
[pe-async] round=220 R=222 dirty=        4 runs=        2 filter= 96.173ms semisort=  0.006ms
[pe-async] round=221 R=223 dirty=       26 runs=       13 filter= 96.037ms semisort=  0.010ms
[pe-async] round=222 R=224 dirty=        8 runs=        6 filter= 96.209ms semisort=  0.007ms
[pe-async] round=223 R=225 dirty=        8 runs=        2 filter= 96.376ms semisort=  0.007ms
[pe-async] round=224 R=226 dirty=        4 runs=        2 filter= 96.228ms semisort=  0.006ms
[pe-async] round=225 R=227 dirty=       26 runs=       13 filter= 96.078ms semisort=  0.009ms
[pe-async] round=226 R=228 dirty=        8 runs=        6 filter= 96.200ms semisort=  0.007ms
[pe-async] round=227 R=229 dirty=        8 runs=        2 filter= 96.417ms semisort=  0.007ms
[pe-async] round=228 R=230 dirty=        4 runs=        2 filter= 95.752ms semisort=  0.007ms
[pe-async] round=229 R=231 dirty=       26 runs=       13 filter= 96.732ms semisort=  0.009ms
[pe-async] round=230 R=232 dirty=        8 runs=        6 filter= 96.065ms semisort=  0.007ms
[pe-async] round=231 R=233 dirty=        8 runs=        2 filter= 95.853ms semisort=  0.007ms
[pe-async] round=232 R=234 dirty=        4 runs=        2 filter= 95.879ms semisort=  0.007ms
[pe-async] round=233 R=235 dirty=       26 runs=       13 filter= 95.668ms semisort=  0.008ms
[pe-async] round=234 R=236 dirty=        8 runs=        6 filter= 96.201ms semisort=  0.007ms
[pe-async] round=235 R=237 dirty=        8 runs=        2 filter= 95.941ms semisort=  0.007ms
[pe-async] round=236 R=238 dirty=        4 runs=        2 filter= 95.975ms semisort=  0.006ms
[pe-async] round=237 R=239 dirty=       26 runs=       13 filter= 96.166ms semisort=  0.008ms
[pe-async] round=238 R=240 dirty=        8 runs=        6 filter= 96.156ms semisort=  0.007ms
[pe-async] round=239 R=241 dirty=        8 runs=        2 filter= 96.206ms semisort=  0.008ms
[pe-async] round=240 R=242 dirty=        4 runs=        2 filter= 95.794ms semisort=  0.006ms
[pe-async] round=241 R=243 dirty=       26 runs=       13 filter= 96.224ms semisort=  0.010ms
[pe-async] round=242 R=244 dirty=        8 runs=        6 filter= 96.089ms semisort=  0.007ms
[pe-async] round=243 R=245 dirty=        8 runs=        2 filter= 95.927ms semisort=  0.007ms
[pe-async] round=244 R=246 dirty=        4 runs=        2 filter= 95.803ms semisort=  0.006ms
[pe-async] round=245 R=247 dirty=       26 runs=       13 filter= 96.168ms semisort=  0.009ms
[pe-async] round=246 R=248 dirty=        8 runs=        6 filter= 96.132ms semisort=  0.007ms
[pe-async] round=247 R=249 dirty=        8 runs=        2 filter= 96.229ms semisort=  0.007ms
[pe-async] round=248 R=250 dirty=        4 runs=        2 filter= 96.076ms semisort=  0.006ms
[pe-async] round=249 R=251 dirty=       26 runs=       13 filter= 95.859ms semisort=  0.014ms
[pe-async] round=250 R=252 dirty=        8 runs=        6 filter= 95.946ms semisort=  0.007ms
[pe-async] round=251 R=253 dirty=        8 runs=        2 filter= 95.591ms semisort=  0.007ms
[pe-async] round=252 R=254 dirty=        4 runs=        2 filter= 95.478ms semisort=  0.006ms
[pe-async] round=253 R=255 dirty=       26 runs=       13 filter= 95.727ms semisort=  0.009ms
[pe-async] round=254 R=256 dirty=        8 runs=        6 filter= 95.773ms semisort=  0.007ms
[pe-async] round=255 R=257 dirty=        8 runs=        2 filter= 95.817ms semisort=  0.006ms
[pe-async] round=256 R=258 dirty=        4 runs=        2 filter= 96.083ms semisort=  0.006ms
[pe-async] round=257 R=259 dirty=       18 runs=       10 filter= 95.618ms semisort=  0.008ms
[pe-async] round=258 R=260 dirty=        4 runs=        4 filter= 96.176ms semisort=  0.006ms
[pe-async] round=259 R=261 dirty=        0 filter= 96.159ms (clean break)
