[gates_bench] ./miter-cc-benchmarks/hwmcc12_with_not/6s104-xits-opt.gates ...
  literals=3893762  NOT=1312166  gates=5454645  total_classes=10660573  read=0.074s parse=0.077s build=0.206s
[pe] round=  0 work= 10460911 frontier=  5950187 next=    47386 consolidate=248.931ms frontier= 29.667ms semisort= 89.838ms (keyed=12.864ms group_by=  1.860ms per_group=29.118ms)
[pe] round=  1 work=    47386 frontier=   274132 next=    22307 consolidate=  4.044ms frontier=  0.369ms semisort=  4.892ms (keyed= 1.344ms group_by=  0.173ms per_group= 1.755ms)
[pe] round=  2 work=    22307 frontier=    94168 next=    11347 consolidate=  2.235ms frontier=  0.300ms semisort=  4.382ms (keyed= 0.272ms group_by=  2.564ms per_group= 0.627ms)
[pe] round=  3 work=    11347 frontier=    38990 next=     6320 consolidate=  1.184ms frontier=  0.156ms semisort=  1.499ms (keyed= 0.020ms group_by=  0.661ms per_group= 0.366ms)
[pe] round=  4 work=     6320 frontier=    18118 next=     3668 consolidate=  1.220ms frontier=  0.188ms semisort=  1.006ms (keyed= 0.015ms group_by=  0.429ms per_group= 0.225ms)
[pe] round=  5 work=     3668 frontier=    14200 next=     2998 consolidate=  0.641ms frontier=  0.117ms semisort=  0.822ms (keyed= 0.015ms group_by=  0.331ms per_group= 0.185ms)
[pe] round=  6 work=     2998 frontier=    14168 next=     2333 consolidate=  0.533ms frontier=  0.098ms semisort=  0.646ms (keyed= 0.015ms group_by=  0.249ms per_group= 0.152ms)
[pe] round=  7 work=     2333 frontier=    13358 next=     1381 consolidate=  0.451ms frontier=  0.068ms semisort=  0.674ms (keyed= 0.014ms group_by=  0.351ms per_group= 0.118ms)
[pe] round=  8 work=     1381 frontier=    14960 next=      914 consolidate=  0.328ms frontier=  0.072ms semisort=  0.543ms (keyed= 0.015ms group_by=  0.238ms per_group= 0.102ms)
[pe] round=  9 work=      914 frontier=     5537 next=      691 consolidate=  0.250ms frontier=  0.056ms semisort=  0.933ms (keyed= 0.011ms group_by=  0.654ms per_group= 0.143ms)
[pe] round= 10 work=      691 frontier=     9111 next=      460 consolidate=  0.212ms frontier=  0.055ms semisort=  1.034ms (keyed= 0.018ms group_by=  0.742ms per_group= 0.076ms)
[pe] round= 11 work=      460 frontier=     4999 next=      531 consolidate=  0.177ms frontier=  0.039ms semisort=  0.666ms (keyed= 0.014ms group_by=  0.478ms per_group= 0.071ms)
[pe] round= 12 work=      531 frontier=     4274 next=      372 consolidate=  0.177ms frontier=  0.039ms semisort=  0.642ms (keyed= 0.011ms group_by=  0.461ms per_group= 0.065ms)
[pe] round= 13 work=      372 frontier=     1790 next=      116 consolidate=  0.113ms frontier=  0.021ms semisort=  0.320ms (keyed= 0.005ms group_by=  0.167ms per_group= 0.063ms)
[pe] round= 14 work=      116 frontier=      268 next=       36 consolidate=  0.043ms frontier=  0.009ms semisort=  0.051ms (keyed= 0.001ms group_by=  0.013ms per_group= 0.017ms)
[pe] round= 15 work=       36 frontier=      116 next=       38 consolidate=  0.017ms frontier=  0.004ms semisort=  0.026ms (keyed= 0.000ms group_by=  0.004ms per_group= 0.012ms)
[pe] round= 16 work=       38 frontier=      182 next=       35 consolidate=  0.036ms frontier=  0.003ms semisort=  0.044ms (keyed= 0.001ms group_by=  0.012ms per_group= 0.017ms)
[pe] round= 17 work=       35 frontier=      122 next=       37 consolidate=  0.027ms frontier=  0.003ms semisort=  0.028ms (keyed= 0.000ms group_by=  0.005ms per_group= 0.014ms)
[pe] round= 18 work=       37 frontier=       80 next=       25 consolidate=  0.039ms frontier=  0.003ms semisort=  0.020ms (keyed= 0.000ms group_by=  0.004ms per_group= 0.010ms)
[pe] round= 19 work=       25 frontier=       76 next=       25 consolidate=  0.031ms frontier=  0.002ms semisort=  0.015ms (keyed= 0.000ms group_by=  0.003ms per_group= 0.008ms)
[pe] round= 20 work=       25 frontier=      138 next=       23 consolidate=  0.026ms frontier=  0.002ms semisort=  0.028ms (keyed= 0.000ms group_by=  0.008ms per_group= 0.010ms)
[pe] round= 21 work=       23 frontier=      102 next=       31 consolidate=  0.022ms frontier=  0.001ms semisort=  0.022ms (keyed= 0.000ms group_by=  0.004ms per_group= 0.010ms)
[pe] round= 22 work=       31 frontier=       76 next=       23 consolidate=  0.024ms frontier=  0.002ms semisort=  0.016ms (keyed= 0.000ms group_by=  0.004ms per_group= 0.007ms)
[pe] round= 23 work=       23 frontier=       68 next=       23 consolidate=  0.022ms frontier=  0.001ms semisort=  0.014ms (keyed= 0.000ms group_by=  0.003ms per_group= 0.007ms)
[pe] round= 24 work=       23 frontier=      134 next=       23 consolidate=  0.013ms frontier=  0.003ms semisort=  0.024ms (keyed= 0.000ms group_by=  0.006ms per_group= 0.008ms)
[pe] round= 25 work=       23 frontier=      102 next=       31 consolidate=  0.023ms frontier=  0.001ms semisort=  0.024ms (keyed= 0.000ms group_by=  0.004ms per_group= 0.011ms)
[pe] round= 26 work=       31 frontier=       76 next=       23 consolidate=  0.032ms frontier=  0.002ms semisort=  0.016ms (keyed= 0.000ms group_by=  0.003ms per_group= 0.007ms)
[pe] round= 27 work=       23 frontier=       68 next=       23 consolidate=  0.014ms frontier=  0.003ms semisort=  0.014ms (keyed= 0.000ms group_by=  0.002ms per_group= 0.007ms)
[pe] round= 28 work=       23 frontier=      134 next=       23 consolidate=  0.024ms frontier=  0.001ms semisort=  0.028ms (keyed= 0.000ms group_by=  0.005ms per_group= 0.011ms)
[pe] round= 29 work=       23 frontier=      102 next=       31 consolidate=  0.020ms frontier=  0.002ms semisort=  0.024ms (keyed= 0.000ms group_by=  0.004ms per_group= 0.011ms)
[pe] round= 30 work=       31 frontier=       76 next=       23 consolidate=  0.022ms frontier=  0.003ms semisort=  0.017ms (keyed= 0.000ms group_by=  0.004ms per_group= 0.008ms)
[pe] round= 31 work=       23 frontier=       68 next=       23 consolidate=  0.018ms frontier=  0.002ms semisort=  0.016ms (keyed= 0.000ms group_by=  0.003ms per_group= 0.008ms)
[pe] round= 32 work=       23 frontier=      134 next=       23 consolidate=  0.014ms frontier=  0.003ms semisort=  0.029ms (keyed= 0.001ms group_by=  0.007ms per_group= 0.011ms)
[pe] round= 33 work=       23 frontier=      102 next=       31 consolidate=  0.019ms frontier=  0.002ms semisort=  0.026ms (keyed= 0.000ms group_by=  0.004ms per_group= 0.012ms)
[pe] round= 34 work=       31 frontier=       76 next=       23 consolidate=  0.035ms frontier=  0.002ms semisort=  0.016ms (keyed= 0.000ms group_by=  0.003ms per_group= 0.007ms)
[pe] round= 35 work=       23 frontier=       68 next=       23 consolidate=  0.014ms frontier=  0.003ms semisort=  0.015ms (keyed= 0.000ms group_by=  0.002ms per_group= 0.007ms)
[pe] round= 36 work=       23 frontier=      134 next=       23 consolidate=  0.026ms frontier=  0.002ms semisort=  0.032ms (keyed= 0.001ms group_by=  0.008ms per_group= 0.012ms)
[pe] round= 37 work=       23 frontier=      102 next=       31 consolidate=  0.026ms frontier=  0.001ms semisort=  0.025ms (keyed= 0.000ms group_by=  0.004ms per_group= 0.013ms)
[pe] round= 38 work=       31 frontier=       76 next=       23 consolidate=  0.017ms frontier=  0.003ms semisort=  0.017ms (keyed= 0.000ms group_by=  0.003ms per_group= 0.007ms)
[pe] round= 39 work=       23 frontier=       68 next=       23 consolidate=  0.026ms frontier=  0.002ms semisort=  0.018ms (keyed= 0.000ms group_by=  0.003ms per_group= 0.009ms)
[pe] round= 40 work=       23 frontier=      134 next=       23 consolidate=  0.025ms frontier=  0.006ms semisort=  0.025ms (keyed= 0.000ms group_by=  0.006ms per_group= 0.008ms)
[pe] round= 41 work=       23 frontier=      102 next=       31 consolidate=  0.024ms frontier=  0.001ms semisort=  0.022ms (keyed= 0.000ms group_by=  0.004ms per_group= 0.011ms)
[pe] round= 42 work=       31 frontier=       76 next=       23 consolidate=  0.016ms frontier=  0.003ms semisort=  0.017ms (keyed= 0.000ms group_by=  0.003ms per_group= 0.007ms)
[pe] round= 43 work=       23 frontier=       68 next=       23 consolidate=  0.024ms frontier=  0.001ms semisort=  0.015ms (keyed= 0.000ms group_by=  0.002ms per_group= 0.007ms)
[pe] round= 44 work=       23 frontier=      134 next=       23 consolidate=  0.013ms frontier=  0.003ms semisort=  0.030ms (keyed= 0.001ms group_by=  0.007ms per_group= 0.012ms)
[pe] round= 45 work=       23 frontier=      102 next=       31 consolidate=  0.024ms frontier=  0.001ms semisort=  0.025ms (keyed= 0.000ms group_by=  0.004ms per_group= 0.011ms)
[pe] round= 46 work=       31 frontier=       76 next=       23 consolidate=  0.033ms frontier=  0.002ms semisort=  0.017ms (keyed= 0.000ms group_by=  0.003ms per_group= 0.007ms)
[pe] round= 47 work=       23 frontier=       68 next=       23 consolidate=  0.015ms frontier=  0.003ms semisort=  0.015ms (keyed= 0.000ms group_by=  0.003ms per_group= 0.007ms)
[pe] round= 48 work=       23 frontier=       22 next=       11 consolidate=  0.025ms frontier=  0.002ms semisort=  0.008ms (keyed= 0.000ms group_by=  0.001ms per_group= 0.004ms)
[pe] round= 49 work=       11 frontier=       62 next=       11 consolidate=  0.011ms frontier=  0.001ms semisort=  0.015ms (keyed= 0.000ms group_by=  0.002ms per_group= 0.007ms)
[pe] round= 50 work=       11 frontier=       28 next=       11 consolidate=  0.012ms frontier=  0.001ms semisort=  0.009ms (keyed= 0.000ms group_by=  0.001ms per_group= 0.004ms)
[pe] round= 51 work=       11 frontier=       44 next=       11 consolidate=  0.009ms frontier=  0.001ms semisort=  0.010ms (keyed= 0.000ms group_by=  0.002ms per_group= 0.004ms)
[pe] round= 52 work=       11 frontier=       22 next=       11 consolidate=  0.009ms frontier=  0.002ms semisort=  0.007ms (keyed= 0.000ms group_by=  0.001ms per_group= 0.003ms)
[pe] round= 53 work=       11 frontier=       62 next=       11 consolidate=  0.010ms frontier=  0.001ms semisort=  0.012ms (keyed= 0.000ms group_by=  0.002ms per_group= 0.004ms)
[pe] round= 54 work=       11 frontier=       28 next=       11 consolidate=  0.011ms frontier=  0.001ms semisort=  0.010ms (keyed= 0.000ms group_by=  0.001ms per_group= 0.006ms)
[pe] round= 55 work=       11 frontier=       44 next=       11 consolidate=  0.011ms frontier=  0.002ms semisort=  0.009ms (keyed= 0.000ms group_by=  0.001ms per_group= 0.004ms)
[pe] round= 56 work=       11 frontier=       22 next=       11 consolidate=  0.013ms frontier=  0.001ms semisort=  0.006ms (keyed= 0.000ms group_by=  0.001ms per_group= 0.003ms)
[pe] round= 57 work=       11 frontier=       62 next=       11 consolidate=  0.013ms frontier=  0.001ms semisort=  0.015ms (keyed= 0.000ms group_by=  0.002ms per_group= 0.007ms)
[pe] round= 58 work=       11 frontier=       28 next=       11 consolidate=  0.010ms frontier=  0.002ms semisort=  0.008ms (keyed= 0.000ms group_by=  0.002ms per_group= 0.004ms)
[pe] round= 59 work=       11 frontier=       44 next=       11 consolidate=  0.012ms frontier=  0.001ms semisort=  0.009ms (keyed= 0.000ms group_by=  0.001ms per_group= 0.003ms)
[pe] round= 60 work=       11 frontier=       22 next=       11 consolidate=  0.010ms frontier=  0.002ms semisort=  0.007ms (keyed= 0.000ms group_by=  0.001ms per_group= 0.003ms)
[pe] round= 61 work=       11 frontier=       62 next=       11 consolidate=  0.011ms frontier=  0.002ms semisort=  0.013ms (keyed= 0.000ms group_by=  0.003ms per_group= 0.005ms)
[pe] round= 62 work=       11 frontier=       28 next=       11 consolidate=  0.012ms frontier=  0.001ms semisort=  0.010ms (keyed= 0.000ms group_by=  0.001ms per_group= 0.005ms)
[pe] round= 63 work=       11 frontier=       44 next=       11 consolidate=  0.010ms frontier=  0.002ms semisort=  0.009ms (keyed= 0.000ms group_by=  0.001ms per_group= 0.004ms)
[pe] round= 64 work=       11 frontier=       22 next=       11 consolidate=  0.008ms frontier=  0.002ms semisort=  0.007ms (keyed= 0.000ms group_by=  0.001ms per_group= 0.004ms)
[pe] round= 65 work=       11 frontier=       62 next=       11 consolidate=  0.013ms frontier=  0.001ms semisort=  0.012ms (keyed= 0.000ms group_by=  0.002ms per_group= 0.004ms)
[pe] round= 66 work=       11 frontier=       28 next=       11 consolidate=  0.010ms frontier=  0.002ms semisort=  0.010ms (keyed= 0.000ms group_by=  0.001ms per_group= 0.006ms)
[pe] round= 67 work=       11 frontier=       44 next=       11 consolidate=  0.010ms frontier=  0.002ms semisort=  0.008ms (keyed= 0.000ms group_by=  0.001ms per_group= 0.003ms)
[pe] round= 68 work=       11 frontier=       22 next=       11 consolidate=  0.011ms frontier=  0.001ms semisort=  0.007ms (keyed= 0.000ms group_by=  0.001ms per_group= 0.003ms)
[pe] round= 69 work=       11 frontier=       62 next=       11 consolidate=  0.012ms frontier=  0.001ms semisort=  0.011ms (keyed= 0.000ms group_by=  0.002ms per_group= 0.004ms)
[pe] round= 70 work=       11 frontier=       28 next=       11 consolidate=  0.008ms frontier=  0.001ms semisort=  0.009ms (keyed= 0.000ms group_by=  0.002ms per_group= 0.004ms)
[pe] round= 71 work=       11 frontier=       44 next=       11 consolidate=  0.012ms frontier=  0.001ms semisort=  0.009ms (keyed= 0.000ms group_by=  0.001ms per_group= 0.003ms)
[pe] round= 72 work=       11 frontier=       22 next=       11 consolidate=  0.011ms frontier=  0.001ms semisort=  0.006ms (keyed= 0.000ms group_by=  0.001ms per_group= 0.003ms)
[pe] round= 73 work=       11 frontier=       62 next=       11 consolidate=  0.009ms frontier=  0.002ms semisort=  0.012ms (keyed= 0.000ms group_by=  0.002ms per_group= 0.004ms)
[pe] round= 74 work=       11 frontier=       28 next=       11 consolidate=  0.010ms frontier=  0.001ms semisort=  0.012ms (keyed= 0.000ms group_by=  0.004ms per_group= 0.004ms)
[pe] round= 75 work=       11 frontier=       44 next=       11 consolidate=  0.009ms frontier=  0.002ms semisort=  0.008ms (keyed= 0.000ms group_by=  0.001ms per_group= 0.003ms)
[pe] round= 76 work=       11 frontier=       22 next=       11 consolidate=  0.011ms frontier=  0.001ms semisort=  0.006ms (keyed= 0.000ms group_by=  0.001ms per_group= 0.004ms)
[pe] round= 77 work=       11 frontier=       62 next=       11 consolidate=  0.012ms frontier=  0.001ms semisort=  0.011ms (keyed= 0.000ms group_by=  0.002ms per_group= 0.004ms)
[pe] round= 78 work=       11 frontier=       28 next=       11 consolidate=  0.010ms frontier=  0.001ms semisort=  0.008ms (keyed= 0.000ms group_by=  0.002ms per_group= 0.004ms)
[pe] round= 79 work=       11 frontier=       44 next=       11 consolidate=  0.013ms frontier=  0.001ms semisort=  0.008ms (keyed= 0.000ms group_by=  0.002ms per_group= 0.003ms)
[pe] round= 80 work=       11 frontier=       22 next=       11 consolidate=  0.011ms frontier=  0.001ms semisort=  0.007ms (keyed= 0.000ms group_by=  0.001ms per_group= 0.003ms)
[pe] round= 81 work=       11 frontier=       62 next=       11 consolidate=  0.012ms frontier=  0.001ms semisort=  0.012ms (keyed= 0.000ms group_by=  0.002ms per_group= 0.004ms)
[pe] round= 82 work=       11 frontier=       28 next=       11 consolidate=  0.010ms frontier=  0.001ms semisort=  0.008ms (keyed= 0.000ms group_by=  0.001ms per_group= 0.004ms)
[pe] round= 83 work=       11 frontier=       44 next=       11 consolidate=  0.012ms frontier=  0.001ms semisort=  0.009ms (keyed= 0.000ms group_by=  0.001ms per_group= 0.004ms)
[pe] round= 84 work=       11 frontier=       22 next=       11 consolidate=  0.010ms frontier=  0.001ms semisort=  0.007ms (keyed= 0.000ms group_by=  0.001ms per_group= 0.003ms)
[pe] round= 85 work=       11 frontier=       62 next=       11 consolidate=  0.010ms frontier=  0.002ms semisort=  0.012ms (keyed= 0.000ms group_by=  0.002ms per_group= 0.005ms)
[pe] round= 86 work=       11 frontier=       28 next=       11 consolidate=  0.009ms frontier=  0.001ms semisort=  0.008ms (keyed= 0.000ms group_by=  0.001ms per_group= 0.004ms)
[pe] round= 87 work=       11 frontier=       44 next=       11 consolidate=  0.012ms frontier=  0.001ms semisort=  0.009ms (keyed= 0.000ms group_by=  0.001ms per_group= 0.003ms)
[pe] round= 88 work=       11 frontier=       22 next=       11 consolidate=  0.009ms frontier=  0.002ms semisort=  0.006ms (keyed= 0.000ms group_by=  0.001ms per_group= 0.003ms)
[pe] round= 89 work=       11 frontier=       62 next=       11 consolidate=  0.012ms frontier=  0.001ms semisort=  0.012ms (keyed= 0.000ms group_by=  0.002ms per_group= 0.004ms)
[pe] round= 90 work=       11 frontier=       28 next=       11 consolidate=  0.012ms frontier=  0.001ms semisort=  0.008ms (keyed= 0.000ms group_by=  0.001ms per_group= 0.004ms)
[pe] round= 91 work=       11 frontier=       44 next=       11 consolidate=  0.008ms frontier=  0.002ms semisort=  0.008ms (keyed= 0.000ms group_by=  0.001ms per_group= 0.003ms)
[pe] round= 92 work=       11 frontier=       22 next=       11 consolidate=  0.010ms frontier=  0.001ms semisort=  0.007ms (keyed= 0.000ms group_by=  0.001ms per_group= 0.004ms)
[pe] round= 93 work=       11 frontier=       62 next=       11 consolidate=  0.013ms frontier=  0.001ms semisort=  0.012ms (keyed= 0.000ms group_by=  0.002ms per_group= 0.004ms)
[pe] round= 94 work=       11 frontier=       28 next=       11 consolidate=  0.012ms frontier=  0.001ms semisort=  0.008ms (keyed= 0.000ms group_by=  0.001ms per_group= 0.004ms)
[pe] round= 95 work=       11 frontier=       44 next=       11 consolidate=  0.012ms frontier=  0.001ms semisort=  0.008ms (keyed= 0.000ms group_by=  0.001ms per_group= 0.003ms)
[pe] round= 96 work=       11 frontier=       22 next=       11 consolidate=  0.012ms frontier=  0.001ms semisort=  0.006ms (keyed= 0.000ms group_by=  0.001ms per_group= 0.003ms)
[pe] round= 97 work=       11 frontier=       62 next=       11 consolidate=  0.012ms frontier=  0.001ms semisort=  0.012ms (keyed= 0.000ms group_by=  0.002ms per_group= 0.004ms)
[pe] round= 98 work=       11 frontier=       28 next=       11 consolidate=  0.012ms frontier=  0.001ms semisort=  0.011ms (keyed= 0.000ms group_by=  0.001ms per_group= 0.006ms)
[pe] round= 99 work=       11 frontier=       44 next=       11 consolidate=  0.012ms frontier=  0.001ms semisort=  0.008ms (keyed= 0.000ms group_by=  0.001ms per_group= 0.003ms)
[pe] round=100 work=       11 frontier=       22 next=       11 consolidate=  0.011ms frontier=  0.002ms semisort=  0.007ms (keyed= 0.000ms group_by=  0.001ms per_group= 0.003ms)
[pe] round=101 work=       11 frontier=       62 next=       11 consolidate=  0.012ms frontier=  0.001ms semisort=  0.011ms (keyed= 0.000ms group_by=  0.002ms per_group= 0.004ms)
[pe] round=102 work=       11 frontier=       28 next=       11 consolidate=  0.010ms frontier=  0.001ms semisort=  0.008ms (keyed= 0.000ms group_by=  0.001ms per_group= 0.003ms)
[pe] round=103 work=       11 frontier=       44 next=       11 consolidate=  0.011ms frontier=  0.001ms semisort=  0.008ms (keyed= 0.000ms group_by=  0.001ms per_group= 0.003ms)
[pe] round=104 work=       11 frontier=       22 next=       11 consolidate=  0.010ms frontier=  0.001ms semisort=  0.006ms (keyed= 0.000ms group_by=  0.001ms per_group= 0.004ms)
[pe] round=105 work=       11 frontier=       62 next=       11 consolidate=  0.010ms frontier=  0.002ms semisort=  0.012ms (keyed= 0.000ms group_by=  0.002ms per_group= 0.004ms)
[pe] round=106 work=       11 frontier=       28 next=       11 consolidate=  0.011ms frontier=  0.001ms semisort=  0.008ms (keyed= 0.000ms group_by=  0.001ms per_group= 0.004ms)
[pe] round=107 work=       11 frontier=       44 next=       11 consolidate=  0.009ms frontier=  0.002ms semisort=  0.008ms (keyed= 0.000ms group_by=  0.001ms per_group= 0.003ms)
[pe] round=108 work=       11 frontier=       22 next=       11 consolidate=  0.010ms frontier=  0.001ms semisort=  0.007ms (keyed= 0.000ms group_by=  0.001ms per_group= 0.004ms)
[pe] round=109 work=       11 frontier=       62 next=       11 consolidate=  0.013ms frontier=  0.001ms semisort=  0.012ms (keyed= 0.000ms group_by=  0.002ms per_group= 0.004ms)
[pe] round=110 work=       11 frontier=       28 next=       11 consolidate=  0.008ms frontier=  0.002ms semisort=  0.009ms (keyed= 0.000ms group_by=  0.001ms per_group= 0.004ms)
[pe] round=111 work=       11 frontier=       44 next=       11 consolidate=  0.013ms frontier=  0.001ms semisort=  0.008ms (keyed= 0.000ms group_by=  0.001ms per_group= 0.003ms)
[pe] round=112 work=       11 frontier=       22 next=       11 consolidate=  0.011ms frontier=  0.001ms semisort=  0.006ms (keyed= 0.000ms group_by=  0.001ms per_group= 0.003ms)
[pe] round=113 work=       11 frontier=       62 next=       11 consolidate=  0.010ms frontier=  0.002ms semisort=  0.013ms (keyed= 0.000ms group_by=  0.002ms per_group= 0.005ms)
[pe] round=114 work=       11 frontier=       28 next=       11 consolidate=  0.011ms frontier=  0.001ms semisort=  0.011ms (keyed= 0.000ms group_by=  0.001ms per_group= 0.007ms)
[pe] round=115 work=       11 frontier=       44 next=       11 consolidate=  0.010ms frontier=  0.002ms semisort=  0.009ms (keyed= 0.000ms group_by=  0.001ms per_group= 0.004ms)
[pe] round=116 work=       11 frontier=       22 next=       11 consolidate=  0.009ms frontier=  0.002ms semisort=  0.007ms (keyed= 0.000ms group_by=  0.001ms per_group= 0.004ms)
[pe] round=117 work=       11 frontier=       62 next=       11 consolidate=  0.013ms frontier=  0.001ms semisort=  0.012ms (keyed= 0.000ms group_by=  0.002ms per_group= 0.004ms)
[pe] round=118 work=       11 frontier=       28 next=       11 consolidate=  0.014ms frontier=  0.001ms semisort=  0.008ms (keyed= 0.000ms group_by=  0.001ms per_group= 0.004ms)
[pe] round=119 work=       11 frontier=       44 next=       11 consolidate=  0.013ms frontier=  0.001ms semisort=  0.008ms (keyed= 0.000ms group_by=  0.001ms per_group= 0.003ms)
[pe] round=120 work=       11 frontier=       22 next=       11 consolidate=  0.011ms frontier=  0.001ms semisort=  0.006ms (keyed= 0.000ms group_by=  0.001ms per_group= 0.004ms)
[pe] round=121 work=       11 frontier=       62 next=       11 consolidate=  0.013ms frontier=  0.001ms semisort=  0.012ms (keyed= 0.000ms group_by=  0.002ms per_group= 0.004ms)
[pe] round=122 work=       11 frontier=       28 next=       11 consolidate=  0.010ms frontier=  0.001ms semisort=  0.008ms (keyed= 0.000ms group_by=  0.001ms per_group= 0.004ms)
[pe] round=123 work=       11 frontier=       44 next=       11 consolidate=  0.011ms frontier=  0.001ms semisort=  0.008ms (keyed= 0.000ms group_by=  0.001ms per_group= 0.003ms)
[pe] round=124 work=       11 frontier=       22 next=       11 consolidate=  0.010ms frontier=  0.001ms semisort=  0.007ms (keyed= 0.000ms group_by=  0.001ms per_group= 0.004ms)
[pe] round=125 work=       11 frontier=       62 next=       11 consolidate=  0.011ms frontier=  0.002ms semisort=  0.012ms (keyed= 0.000ms group_by=  0.002ms per_group= 0.004ms)
[pe] round=126 work=       11 frontier=       28 next=       11 consolidate=  0.009ms frontier=  0.001ms semisort=  0.009ms (keyed= 0.000ms group_by=  0.001ms per_group= 0.004ms)
[pe] round=127 work=       11 frontier=       44 next=       11 consolidate=  0.012ms frontier=  0.001ms semisort=  0.008ms (keyed= 0.000ms group_by=  0.001ms per_group= 0.003ms)
[pe] round=128 work=       11 frontier=       22 next=       11 consolidate=  0.009ms frontier=  0.002ms semisort=  0.006ms (keyed= 0.000ms group_by=  0.001ms per_group= 0.003ms)
[pe] round=129 work=       11 frontier=       62 next=       11 consolidate=  0.012ms frontier=  0.001ms semisort=  0.012ms (keyed= 0.000ms group_by=  0.002ms per_group= 0.004ms)
[pe] round=130 work=       11 frontier=       28 next=       11 consolidate=  0.011ms frontier=  0.001ms semisort=  0.008ms (keyed= 0.000ms group_by=  0.001ms per_group= 0.004ms)
[pe] round=131 work=       11 frontier=       44 next=       11 consolidate=  0.009ms frontier=  0.001ms semisort=  0.008ms (keyed= 0.000ms group_by=  0.002ms per_group= 0.003ms)
[pe] round=132 work=       11 frontier=       22 next=       11 consolidate=  0.011ms frontier=  0.001ms semisort=  0.007ms (keyed= 0.000ms group_by=  0.001ms per_group= 0.003ms)
[pe] round=133 work=       11 frontier=       62 next=       11 consolidate=  0.012ms frontier=  0.001ms semisort=  0.012ms (keyed= 0.000ms group_by=  0.002ms per_group= 0.004ms)
[pe] round=134 work=       11 frontier=       28 next=       11 consolidate=  0.009ms frontier=  0.001ms semisort=  0.008ms (keyed= 0.000ms group_by=  0.001ms per_group= 0.003ms)
[pe] round=135 work=       11 frontier=       44 next=       11 consolidate=  0.007ms frontier=  0.002ms semisort=  0.008ms (keyed= 0.000ms group_by=  0.001ms per_group= 0.003ms)
[pe] round=136 work=       11 frontier=       22 next=       11 consolidate=  0.011ms frontier=  0.001ms semisort=  0.007ms (keyed= 0.000ms group_by=  0.001ms per_group= 0.004ms)
[pe] round=137 work=       11 frontier=       62 next=       11 consolidate=  0.013ms frontier=  0.001ms semisort=  0.011ms (keyed= 0.000ms group_by=  0.002ms per_group= 0.004ms)
[pe] round=138 work=       11 frontier=       28 next=       11 consolidate=  0.009ms frontier=  0.002ms semisort=  0.008ms (keyed= 0.000ms group_by=  0.002ms per_group= 0.004ms)
[pe] round=139 work=       11 frontier=       44 next=       11 consolidate=  0.011ms frontier=  0.001ms semisort=  0.008ms (keyed= 0.000ms group_by=  0.001ms per_group= 0.003ms)
[pe] round=140 work=       11 frontier=       22 next=       11 consolidate=  0.011ms frontier=  0.001ms semisort=  0.007ms (keyed= 0.000ms group_by=  0.001ms per_group= 0.004ms)
[pe] round=141 work=       11 frontier=       62 next=       11 consolidate=  0.009ms frontier=  0.002ms semisort=  0.012ms (keyed= 0.000ms group_by=  0.002ms per_group= 0.005ms)
[pe] round=142 work=       11 frontier=       28 next=       11 consolidate=  0.009ms frontier=  0.001ms semisort=  0.009ms (keyed= 0.000ms group_by=  0.001ms per_group= 0.004ms)
[pe] round=143 work=       11 frontier=       44 next=       11 consolidate=  0.012ms frontier=  0.001ms semisort=  0.009ms (keyed= 0.000ms group_by=  0.001ms per_group= 0.003ms)
[pe] round=144 work=       11 frontier=       22 next=       11 consolidate=  0.011ms frontier=  0.001ms semisort=  0.007ms (keyed= 0.000ms group_by=  0.001ms per_group= 0.003ms)
[pe] round=145 work=       11 frontier=       62 next=       11 consolidate=  0.010ms frontier=  0.002ms semisort=  0.013ms (keyed= 0.000ms group_by=  0.002ms per_group= 0.005ms)
[pe] round=146 work=       11 frontier=       28 next=       11 consolidate=  0.011ms frontier=  0.001ms semisort=  0.009ms (keyed= 0.000ms group_by=  0.002ms per_group= 0.004ms)
[pe] round=147 work=       11 frontier=       44 next=       11 consolidate=  0.013ms frontier=  0.001ms semisort=  0.009ms (keyed= 0.000ms group_by=  0.001ms per_group= 0.004ms)
[pe] round=148 work=       11 frontier=       22 next=       11 consolidate=  0.009ms frontier=  0.002ms semisort=  0.007ms (keyed= 0.000ms group_by=  0.001ms per_group= 0.004ms)
[pe] round=149 work=       11 frontier=       62 next=       11 consolidate=  0.013ms frontier=  0.001ms semisort=  0.012ms (keyed= 0.000ms group_by=  0.002ms per_group= 0.004ms)
[pe] round=150 work=       11 frontier=       28 next=       11 consolidate=  0.013ms frontier=  0.001ms semisort=  0.008ms (keyed= 0.000ms group_by=  0.001ms per_group= 0.004ms)
[pe] round=151 work=       11 frontier=       44 next=       11 consolidate=  0.011ms frontier=  0.002ms semisort=  0.008ms (keyed= 0.000ms group_by=  0.001ms per_group= 0.003ms)
[pe] round=152 work=       11 frontier=       22 next=       11 consolidate=  0.011ms frontier=  0.001ms semisort=  0.006ms (keyed= 0.000ms group_by=  0.001ms per_group= 0.004ms)
[pe] round=153 work=       11 frontier=       62 next=       11 consolidate=  0.012ms frontier=  0.001ms semisort=  0.011ms (keyed= 0.000ms group_by=  0.002ms per_group= 0.004ms)
[pe] round=154 work=       11 frontier=       28 next=       11 consolidate=  0.012ms frontier=  0.001ms semisort=  0.008ms (keyed= 0.000ms group_by=  0.001ms per_group= 0.004ms)
[pe] round=155 work=       11 frontier=       44 next=       11 consolidate=  0.012ms frontier=  0.001ms semisort=  0.009ms (keyed= 0.000ms group_by=  0.001ms per_group= 0.003ms)
[pe] round=156 work=       11 frontier=       22 next=       11 consolidate=  0.015ms frontier=  0.001ms semisort=  0.007ms (keyed= 0.000ms group_by=  0.001ms per_group= 0.004ms)
[pe] round=157 work=       11 frontier=       62 next=       11 consolidate=  0.012ms frontier=  0.002ms semisort=  0.012ms (keyed= 0.000ms group_by=  0.002ms per_group= 0.005ms)
[pe] round=158 work=       11 frontier=       28 next=       11 consolidate=  0.011ms frontier=  0.001ms semisort=  0.008ms (keyed= 0.000ms group_by=  0.001ms per_group= 0.004ms)
[pe] round=159 work=       11 frontier=       44 next=       11 consolidate=  0.012ms frontier=  0.002ms semisort=  0.009ms (keyed= 0.000ms group_by=  0.001ms per_group= 0.004ms)
[pe] round=160 work=       11 frontier=       22 next=       11 consolidate=  0.011ms frontier=  0.002ms semisort=  0.007ms (keyed= 0.000ms group_by=  0.001ms per_group= 0.004ms)
[pe] round=161 work=       11 frontier=       62 next=       11 consolidate=  0.012ms frontier=  0.001ms semisort=  0.016ms (keyed= 0.000ms group_by=  0.006ms per_group= 0.004ms)
[pe] round=162 work=       11 frontier=       28 next=       11 consolidate=  0.009ms frontier=  0.002ms semisort=  0.009ms (keyed= 0.000ms group_by=  0.001ms per_group= 0.004ms)
[pe] round=163 work=       11 frontier=       44 next=       11 consolidate=  0.012ms frontier=  0.001ms semisort=  0.008ms (keyed= 0.000ms group_by=  0.001ms per_group= 0.003ms)
[pe] round=164 work=       11 frontier=       22 next=       11 consolidate=  0.011ms frontier=  0.001ms semisort=  0.007ms (keyed= 0.000ms group_by=  0.001ms per_group= 0.004ms)
[pe] round=165 work=       11 frontier=       62 next=       11 consolidate=  0.014ms frontier=  0.002ms semisort=  0.013ms (keyed= 0.000ms group_by=  0.002ms per_group= 0.004ms)
[pe] round=166 work=       11 frontier=       28 next=       11 consolidate=  0.010ms frontier=  0.001ms semisort=  0.008ms (keyed= 0.000ms group_by=  0.001ms per_group= 0.003ms)
[pe] round=167 work=       11 frontier=       44 next=       11 consolidate=  0.012ms frontier=  0.001ms semisort=  0.008ms (keyed= 0.000ms group_by=  0.001ms per_group= 0.003ms)
[pe] round=168 work=       11 frontier=       22 next=       11 consolidate=  0.011ms frontier=  0.001ms semisort=  0.006ms (keyed= 0.000ms group_by=  0.001ms per_group= 0.004ms)
[pe] round=169 work=       11 frontier=       62 next=       11 consolidate=  0.013ms frontier=  0.001ms semisort=  0.012ms (keyed= 0.000ms group_by=  0.002ms per_group= 0.004ms)
[pe] round=170 work=       11 frontier=       28 next=       11 consolidate=  0.011ms frontier=  0.001ms semisort=  0.008ms (keyed= 0.000ms group_by=  0.001ms per_group= 0.004ms)
[pe] round=171 work=       11 frontier=       44 next=       11 consolidate=  0.011ms frontier=  0.001ms semisort=  0.008ms (keyed= 0.000ms group_by=  0.001ms per_group= 0.003ms)
[pe] round=172 work=       11 frontier=       22 next=       11 consolidate=  0.010ms frontier=  0.001ms semisort=  0.007ms (keyed= 0.000ms group_by=  0.001ms per_group= 0.004ms)
[pe] round=173 work=       11 frontier=       62 next=       11 consolidate=  0.012ms frontier=  0.001ms semisort=  0.012ms (keyed= 0.000ms group_by=  0.002ms per_group= 0.004ms)
[pe] round=174 work=       11 frontier=       28 next=       11 consolidate=  0.009ms frontier=  0.001ms semisort=  0.008ms (keyed= 0.000ms group_by=  0.001ms per_group= 0.004ms)
[pe] round=175 work=       11 frontier=       44 next=       11 consolidate=  0.010ms frontier=  0.002ms semisort=  0.008ms (keyed= 0.000ms group_by=  0.001ms per_group= 0.003ms)
[pe] round=176 work=       11 frontier=       22 next=       11 consolidate=  0.011ms frontier=  0.001ms semisort=  0.007ms (keyed= 0.000ms group_by=  0.001ms per_group= 0.003ms)
[pe] round=177 work=       11 frontier=       62 next=       11 consolidate=  0.012ms frontier=  0.001ms semisort=  0.012ms (keyed= 0.000ms group_by=  0.002ms per_group= 0.004ms)
[pe] round=178 work=       11 frontier=       28 next=       11 consolidate=  0.009ms frontier=  0.002ms semisort=  0.008ms (keyed= 0.000ms group_by=  0.001ms per_group= 0.004ms)
[pe] round=179 work=       11 frontier=       44 next=       11 consolidate=  0.011ms frontier=  0.001ms semisort=  0.008ms (keyed= 0.000ms group_by=  0.001ms per_group= 0.004ms)
[pe] round=180 work=       11 frontier=       22 next=       11 consolidate=  0.011ms frontier=  0.001ms semisort=  0.007ms (keyed= 0.000ms group_by=  0.001ms per_group= 0.003ms)
[pe] round=181 work=       11 frontier=       62 next=       11 consolidate=  0.011ms frontier=  0.002ms semisort=  0.013ms (keyed= 0.000ms group_by=  0.003ms per_group= 0.005ms)
[pe] round=182 work=       11 frontier=       28 next=       11 consolidate=  0.010ms frontier=  0.001ms semisort=  0.008ms (keyed= 0.000ms group_by=  0.001ms per_group= 0.004ms)
[pe] round=183 work=       11 frontier=       44 next=       11 consolidate=  0.012ms frontier=  0.001ms semisort=  0.008ms (keyed= 0.000ms group_by=  0.001ms per_group= 0.003ms)
[pe] round=184 work=       11 frontier=       22 next=       11 consolidate=  0.013ms frontier=  0.002ms semisort=  0.007ms (keyed= 0.000ms group_by=  0.001ms per_group= 0.003ms)
[pe] round=185 work=       11 frontier=       62 next=       11 consolidate=  0.012ms frontier=  0.001ms semisort=  0.011ms (keyed= 0.000ms group_by=  0.002ms per_group= 0.004ms)
[pe] round=186 work=       11 frontier=       28 next=       11 consolidate=  0.012ms frontier=  0.001ms semisort=  0.008ms (keyed= 0.000ms group_by=  0.001ms per_group= 0.004ms)
[pe] round=187 work=       11 frontier=       44 next=       11 consolidate=  0.014ms frontier=  0.001ms semisort=  0.008ms (keyed= 0.000ms group_by=  0.001ms per_group= 0.003ms)
[pe] round=188 work=       11 frontier=       22 next=       11 consolidate=  0.010ms frontier=  0.001ms semisort=  0.007ms (keyed= 0.000ms group_by=  0.001ms per_group= 0.004ms)
[pe] round=189 work=       11 frontier=       62 next=       11 consolidate=  0.012ms frontier=  0.001ms semisort=  0.012ms (keyed= 0.000ms group_by=  0.002ms per_group= 0.004ms)
[pe] round=190 work=       11 frontier=       28 next=       11 consolidate=  0.010ms frontier=  0.001ms semisort=  0.008ms (keyed= 0.000ms group_by=  0.001ms per_group= 0.004ms)
[pe] round=191 work=       11 frontier=       44 next=       11 consolidate=  0.009ms frontier=  0.002ms semisort=  0.009ms (keyed= 0.000ms group_by=  0.001ms per_group= 0.004ms)
[pe] round=192 work=       11 frontier=       22 next=       11 consolidate=  0.011ms frontier=  0.001ms semisort=  0.007ms (keyed= 0.000ms group_by=  0.001ms per_group= 0.003ms)
[pe] round=193 work=       11 frontier=       62 next=       11 consolidate=  0.012ms frontier=  0.001ms semisort=  0.013ms (keyed= 0.000ms group_by=  0.002ms per_group= 0.004ms)
[pe] round=194 work=       11 frontier=       28 next=       11 consolidate=  0.010ms frontier=  0.001ms semisort=  0.008ms (keyed= 0.000ms group_by=  0.001ms per_group= 0.004ms)
[pe] round=195 work=       11 frontier=       44 next=       11 consolidate=  0.010ms frontier=  0.001ms semisort=  0.008ms (keyed= 0.000ms group_by=  0.001ms per_group= 0.003ms)
[pe] round=196 work=       11 frontier=       22 next=       11 consolidate=  0.010ms frontier=  0.001ms semisort=  0.007ms (keyed= 0.000ms group_by=  0.001ms per_group= 0.004ms)
[pe] round=197 work=       11 frontier=       62 next=       11 consolidate=  0.010ms frontier=  0.002ms semisort=  0.012ms (keyed= 0.000ms group_by=  0.002ms per_group= 0.004ms)
[pe] round=198 work=       11 frontier=       28 next=       11 consolidate=  0.010ms frontier=  0.001ms semisort=  0.007ms (keyed= 0.000ms group_by=  0.001ms per_group= 0.003ms)
[pe] round=199 work=       11 frontier=       44 next=       11 consolidate=  0.012ms frontier=  0.001ms semisort=  0.008ms (keyed= 0.000ms group_by=  0.001ms per_group= 0.003ms)
[pe] round=200 work=       11 frontier=       22 next=       11 consolidate=  0.008ms frontier=  0.002ms semisort=  0.007ms (keyed= 0.000ms group_by=  0.001ms per_group= 0.004ms)
[pe] round=201 work=       11 frontier=       62 next=       11 consolidate=  0.009ms frontier=  0.002ms semisort=  0.014ms (keyed= 0.000ms group_by=  0.002ms per_group= 0.005ms)
[pe] round=202 work=       11 frontier=       28 next=       11 consolidate=  0.011ms frontier=  0.001ms semisort=  0.008ms (keyed= 0.000ms group_by=  0.001ms per_group= 0.004ms)
[pe] round=203 work=       11 frontier=       44 next=       11 consolidate=  0.012ms frontier=  0.001ms semisort=  0.008ms (keyed= 0.000ms group_by=  0.001ms per_group= 0.003ms)
[pe] round=204 work=       11 frontier=       22 next=       11 consolidate=  0.011ms frontier=  0.001ms semisort=  0.007ms (keyed= 0.000ms group_by=  0.001ms per_group= 0.004ms)
[pe] round=205 work=       11 frontier=       62 next=       11 consolidate=  0.013ms frontier=  0.004ms semisort=  0.012ms (keyed= 0.000ms group_by=  0.002ms per_group= 0.004ms)
[pe] round=206 work=       11 frontier=       28 next=       11 consolidate=  0.008ms frontier=  0.001ms semisort=  0.010ms (keyed= 0.000ms group_by=  0.001ms per_group= 0.005ms)
[pe] round=207 work=       11 frontier=       44 next=       11 consolidate=  0.013ms frontier=  0.001ms semisort=  0.008ms (keyed= 0.000ms group_by=  0.001ms per_group= 0.003ms)
[pe] round=208 work=       11 frontier=       22 next=       11 consolidate=  0.011ms frontier=  0.001ms semisort=  0.007ms (keyed= 0.000ms group_by=  0.001ms per_group= 0.004ms)
[pe] round=209 work=       11 frontier=       70 next=       11 consolidate=  0.010ms frontier=  0.002ms semisort=  0.019ms (keyed= 0.001ms group_by=  0.004ms per_group= 0.007ms)
[pe] round=210 work=       11 frontier=       28 next=        7 consolidate=  0.012ms frontier=  0.001ms semisort=  0.008ms (keyed= 0.000ms group_by=  0.001ms per_group= 0.003ms)
[pe] round=211 work=        7 frontier=       28 next=        7 consolidate=  0.007ms frontier=  0.001ms semisort=  0.007ms (keyed= 0.000ms group_by=  0.001ms per_group= 0.003ms)
[pe] round=212 work=        7 frontier=       14 next=        7 consolidate=  0.009ms frontier=  0.001ms semisort=  0.005ms (keyed= 0.000ms group_by=  0.001ms per_group= 0.002ms)
[pe] round=213 work=        7 frontier=       46 next=        7 consolidate=  0.009ms frontier=  0.001ms semisort=  0.010ms (keyed= 0.000ms group_by=  0.002ms per_group= 0.003ms)
[pe] round=214 work=        7 frontier=       20 next=        7 consolidate=  0.007ms frontier=  0.001ms semisort=  0.007ms (keyed= 0.000ms group_by=  0.001ms per_group= 0.003ms)
[pe] round=215 work=        7 frontier=       28 next=        7 consolidate=  0.007ms frontier=  0.001ms semisort=  0.006ms (keyed= 0.000ms group_by=  0.001ms per_group= 0.002ms)
[pe] round=216 work=        7 frontier=       14 next=        7 consolidate=  0.008ms frontier=  0.001ms semisort=  0.005ms (keyed= 0.000ms group_by=  0.001ms per_group= 0.002ms)
[pe] round=217 work=        7 frontier=       46 next=        7 consolidate=  0.009ms frontier=  0.001ms semisort=  0.010ms (keyed= 0.000ms group_by=  0.002ms per_group= 0.003ms)
[pe] round=218 work=        7 frontier=       20 next=        7 consolidate=  0.007ms frontier=  0.001ms semisort=  0.006ms (keyed= 0.000ms group_by=  0.001ms per_group= 0.003ms)
[pe] round=219 work=        7 frontier=       28 next=        7 consolidate=  0.008ms frontier=  0.001ms semisort=  0.006ms (keyed= 0.000ms group_by=  0.001ms per_group= 0.002ms)
[pe] round=220 work=        7 frontier=       14 next=        7 consolidate=  0.006ms frontier=  0.002ms semisort=  0.005ms (keyed= 0.000ms group_by=  0.001ms per_group= 0.003ms)
[pe] round=221 work=        7 frontier=       46 next=        7 consolidate=  0.008ms frontier=  0.001ms semisort=  0.010ms (keyed= 0.000ms group_by=  0.002ms per_group= 0.003ms)
[pe] round=222 work=        7 frontier=       20 next=        7 consolidate=  0.007ms frontier=  0.001ms semisort=  0.006ms (keyed= 0.000ms group_by=  0.001ms per_group= 0.003ms)
[pe] round=223 work=        7 frontier=       28 next=        7 consolidate=  0.007ms frontier=  0.001ms semisort=  0.006ms (keyed= 0.000ms group_by=  0.001ms per_group= 0.002ms)
[pe] round=224 work=        7 frontier=       14 next=        7 consolidate=  0.006ms frontier=  0.001ms semisort=  0.004ms (keyed= 0.000ms group_by=  0.001ms per_group= 0.002ms)
[pe] round=225 work=        7 frontier=       46 next=        7 consolidate=  0.009ms frontier=  0.001ms semisort=  0.010ms (keyed= 0.000ms group_by=  0.002ms per_group= 0.003ms)
[pe] round=226 work=        7 frontier=       20 next=        7 consolidate=  0.008ms frontier=  0.001ms semisort=  0.006ms (keyed= 0.000ms group_by=  0.001ms per_group= 0.003ms)
[pe] round=227 work=        7 frontier=       28 next=        7 consolidate=  0.007ms frontier=  0.001ms semisort=  0.006ms (keyed= 0.000ms group_by=  0.001ms per_group= 0.002ms)
[pe] round=228 work=        7 frontier=       14 next=        7 consolidate=  0.007ms frontier=  0.001ms semisort=  0.005ms (keyed= 0.000ms group_by=  0.001ms per_group= 0.003ms)
[pe] round=229 work=        7 frontier=       46 next=        7 consolidate=  0.008ms frontier=  0.001ms semisort=  0.009ms (keyed= 0.000ms group_by=  0.002ms per_group= 0.003ms)
[pe] round=230 work=        7 frontier=       20 next=        7 consolidate=  0.007ms frontier=  0.001ms semisort=  0.006ms (keyed= 0.000ms group_by=  0.001ms per_group= 0.003ms)
[pe] round=231 work=        7 frontier=       28 next=        7 consolidate=  0.007ms frontier=  0.001ms semisort=  0.006ms (keyed= 0.000ms group_by=  0.001ms per_group= 0.002ms)
[pe] round=232 work=        7 frontier=       14 next=        7 consolidate=  0.007ms frontier=  0.001ms semisort=  0.005ms (keyed= 0.000ms group_by=  0.001ms per_group= 0.003ms)
[pe] round=233 work=        7 frontier=       46 next=        7 consolidate=  0.007ms frontier=  0.001ms semisort=  0.010ms (keyed= 0.000ms group_by=  0.002ms per_group= 0.003ms)
[pe] round=234 work=        7 frontier=       20 next=        7 consolidate=  0.007ms frontier=  0.001ms semisort=  0.006ms (keyed= 0.000ms group_by=  0.001ms per_group= 0.003ms)
[pe] round=235 work=        7 frontier=       28 next=        7 consolidate=  0.007ms frontier=  0.001ms semisort=  0.006ms (keyed= 0.000ms group_by=  0.001ms per_group= 0.002ms)
[pe] round=236 work=        7 frontier=       14 next=        7 consolidate=  0.008ms frontier=  0.001ms semisort=  0.005ms (keyed= 0.000ms group_by=  0.001ms per_group= 0.002ms)
[pe] round=237 work=        7 frontier=       46 next=        7 consolidate=  0.009ms frontier=  0.001ms semisort=  0.009ms (keyed= 0.000ms group_by=  0.001ms per_group= 0.003ms)
[pe] round=238 work=        7 frontier=       20 next=        7 consolidate=  0.007ms frontier=  0.001ms semisort=  0.006ms (keyed= 0.000ms group_by=  0.001ms per_group= 0.003ms)
[pe] round=239 work=        7 frontier=       28 next=        7 consolidate=  0.008ms frontier=  0.001ms semisort=  0.006ms (keyed= 0.000ms group_by=  0.001ms per_group= 0.002ms)
[pe] round=240 work=        7 frontier=       14 next=        7 consolidate=  0.007ms frontier=  0.001ms semisort=  0.004ms (keyed= 0.000ms group_by=  0.001ms per_group= 0.002ms)
[pe] round=241 work=        7 frontier=       46 next=        7 consolidate=  0.010ms frontier=  0.001ms semisort=  0.010ms (keyed= 0.000ms group_by=  0.002ms per_group= 0.003ms)
[pe] round=242 work=        7 frontier=       20 next=        7 consolidate=  0.007ms frontier=  0.001ms semisort=  0.007ms (keyed= 0.000ms group_by=  0.001ms per_group= 0.003ms)
[pe] round=243 work=        7 frontier=       28 next=        7 consolidate=  0.007ms frontier=  0.001ms semisort=  0.006ms (keyed= 0.000ms group_by=  0.001ms per_group= 0.003ms)
[pe] round=244 work=        7 frontier=       14 next=        7 consolidate=  0.008ms frontier=  0.001ms semisort=  0.005ms (keyed= 0.000ms group_by=  0.001ms per_group= 0.002ms)
[pe] round=245 work=        7 frontier=       46 next=        7 consolidate=  0.008ms frontier=  0.001ms semisort=  0.010ms (keyed= 0.000ms group_by=  0.002ms per_group= 0.003ms)
[pe] round=246 work=        7 frontier=       20 next=        7 consolidate=  0.008ms frontier=  0.001ms semisort=  0.007ms (keyed= 0.000ms group_by=  0.001ms per_group= 0.003ms)
[pe] round=247 work=        7 frontier=       28 next=        7 consolidate=  0.008ms frontier=  0.001ms semisort=  0.005ms (keyed= 0.000ms group_by=  0.001ms per_group= 0.002ms)
[pe] round=248 work=        7 frontier=       14 next=        7 consolidate=  0.006ms frontier=  0.001ms semisort=  0.005ms (keyed= 0.000ms group_by=  0.001ms per_group= 0.003ms)
[pe] round=249 work=        7 frontier=       46 next=        7 consolidate=  0.009ms frontier=  0.001ms semisort=  0.009ms (keyed= 0.000ms group_by=  0.002ms per_group= 0.003ms)
[pe] round=250 work=        7 frontier=       20 next=        7 consolidate=  0.008ms frontier=  0.001ms semisort=  0.006ms (keyed= 0.000ms group_by=  0.001ms per_group= 0.003ms)
[pe] round=251 work=        7 frontier=       28 next=        7 consolidate=  0.007ms frontier=  0.001ms semisort=  0.006ms (keyed= 0.000ms group_by=  0.001ms per_group= 0.002ms)
[pe] round=252 work=        7 frontier=       14 next=        7 consolidate=  0.008ms frontier=  0.001ms semisort=  0.005ms (keyed= 0.000ms group_by=  0.001ms per_group= 0.003ms)
[pe] round=253 work=        7 frontier=       46 next=        7 consolidate=  0.009ms frontier=  0.001ms semisort=  0.010ms (keyed= 0.000ms group_by=  0.002ms per_group= 0.003ms)
[pe] round=254 work=        7 frontier=       20 next=        7 consolidate=  0.008ms frontier=  0.001ms semisort=  0.006ms (keyed= 0.000ms group_by=  0.001ms per_group= 0.003ms)
[pe] round=255 work=        7 frontier=       28 next=        7 consolidate=  0.008ms frontier=  0.001ms semisort=  0.006ms (keyed= 0.000ms group_by=  0.001ms per_group= 0.002ms)
[pe] round=256 work=        7 frontier=       14 next=        7 consolidate=  0.007ms frontier=  0.001ms semisort=  0.005ms (keyed= 0.000ms group_by=  0.001ms per_group= 0.003ms)
[pe] round=257 work=        7 frontier=       46 next=        7 consolidate=  0.007ms frontier=  0.001ms semisort=  0.010ms (keyed= 0.000ms group_by=  0.002ms per_group= 0.003ms)
[pe] round=258 work=        7 frontier=       20 next=        7 consolidate=  0.007ms frontier=  0.001ms semisort=  0.006ms (keyed= 0.000ms group_by=  0.001ms per_group= 0.003ms)
[pe] round=259 work=        7 frontier=       28 next=        7 consolidate=  0.008ms frontier=  0.001ms semisort=  0.009ms (keyed= 0.000ms group_by=  0.001ms per_group= 0.006ms)
[pe] round=260 work=        7 frontier=       14 next=        7 consolidate=  0.008ms frontier=  0.002ms semisort=  0.005ms (keyed= 0.000ms group_by=  0.001ms per_group= 0.002ms)
[pe] round=261 work=        7 frontier=       46 next=        7 consolidate=  0.008ms frontier=  0.001ms semisort=  0.009ms (keyed= 0.000ms group_by=  0.002ms per_group= 0.003ms)
[pe] round=262 work=        7 frontier=       20 next=        7 consolidate=  0.007ms frontier=  0.001ms semisort=  0.006ms (keyed= 0.000ms group_by=  0.001ms per_group= 0.003ms)
[pe] round=263 work=        7 frontier=       28 next=        7 consolidate=  0.008ms frontier=  0.001ms semisort=  0.006ms (keyed= 0.000ms group_by=  0.001ms per_group= 0.002ms)
[pe] round=264 work=        7 frontier=       14 next=        7 consolidate=  0.007ms frontier=  0.001ms semisort=  0.005ms (keyed= 0.000ms group_by=  0.001ms per_group= 0.003ms)
[pe] round=265 work=        7 frontier=       46 next=        7 consolidate=  0.008ms frontier=  0.001ms semisort=  0.010ms (keyed= 0.000ms group_by=  0.002ms per_group= 0.003ms)
[pe] round=266 work=        7 frontier=       20 next=        7 consolidate=  0.008ms frontier=  0.001ms semisort=  0.006ms (keyed= 0.000ms group_by=  0.001ms per_group= 0.003ms)
[pe] round=267 work=        7 frontier=       28 next=        7 consolidate=  0.006ms frontier=  0.001ms semisort=  0.006ms (keyed= 0.000ms group_by=  0.001ms per_group= 0.002ms)
[pe] round=268 work=        7 frontier=       14 next=        7 consolidate=  0.008ms frontier=  0.001ms semisort=  0.005ms (keyed= 0.000ms group_by=  0.001ms per_group= 0.002ms)
[pe] round=269 work=        7 frontier=       46 next=        7 consolidate=  0.008ms frontier=  0.001ms semisort=  0.010ms (keyed= 0.000ms group_by=  0.002ms per_group= 0.003ms)
[pe] round=270 work=        7 frontier=       20 next=        7 consolidate=  0.007ms frontier=  0.001ms semisort=  0.007ms (keyed= 0.000ms group_by=  0.001ms per_group= 0.003ms)
[pe] round=271 work=        7 frontier=       28 next=        7 consolidate=  0.007ms frontier=  0.001ms semisort=  0.006ms (keyed= 0.000ms group_by=  0.001ms per_group= 0.002ms)
[pe] round=272 work=        7 frontier=       14 next=        7 consolidate=  0.006ms frontier=  0.001ms semisort=  0.004ms (keyed= 0.000ms group_by=  0.001ms per_group= 0.002ms)
[pe] round=273 work=        7 frontier=       46 next=        7 consolidate=  0.007ms frontier=  0.001ms semisort=  0.010ms (keyed= 0.000ms group_by=  0.002ms per_group= 0.004ms)
[pe] round=274 work=        7 frontier=       20 next=        7 consolidate=  0.007ms frontier=  0.001ms semisort=  0.006ms (keyed= 0.000ms group_by=  0.001ms per_group= 0.003ms)
[pe] round=275 work=        7 frontier=       28 next=        7 consolidate=  0.007ms frontier=  0.001ms semisort=  0.006ms (keyed= 0.000ms group_by=  0.001ms per_group= 0.003ms)
[pe] round=276 work=        7 frontier=       14 next=        7 consolidate=  0.007ms frontier=  0.001ms semisort=  0.005ms (keyed= 0.000ms group_by=  0.001ms per_group= 0.002ms)
[pe] round=277 work=        7 frontier=       46 next=        7 consolidate=  0.008ms frontier=  0.001ms semisort=  0.010ms (keyed= 0.000ms group_by=  0.002ms per_group= 0.003ms)
[pe] round=278 work=        7 frontier=       20 next=        7 consolidate=  0.007ms frontier=  0.001ms semisort=  0.006ms (keyed= 0.000ms group_by=  0.001ms per_group= 0.003ms)
[pe] round=279 work=        7 frontier=       28 next=        7 consolidate=  0.007ms frontier=  0.001ms semisort=  0.006ms (keyed= 0.000ms group_by=  0.001ms per_group= 0.002ms)
[pe] round=280 work=        7 frontier=       14 next=        7 consolidate=  0.006ms frontier=  0.001ms semisort=  0.004ms (keyed= 0.000ms group_by=  0.001ms per_group= 0.002ms)
[pe] round=281 work=        7 frontier=       46 next=        7 consolidate=  0.008ms frontier=  0.001ms semisort=  0.009ms (keyed= 0.000ms group_by=  0.002ms per_group= 0.003ms)
[pe] round=282 work=        7 frontier=       20 next=        7 consolidate=  0.008ms frontier=  0.001ms semisort=  0.006ms (keyed= 0.000ms group_by=  0.001ms per_group= 0.003ms)
[pe] round=283 work=        7 frontier=       28 next=        7 consolidate=  0.007ms frontier=  0.001ms semisort=  0.006ms (keyed= 0.000ms group_by=  0.001ms per_group= 0.002ms)
[pe] round=284 work=        7 frontier=       14 next=        7 consolidate=  0.007ms frontier=  0.001ms semisort=  0.005ms (keyed= 0.000ms group_by=  0.001ms per_group= 0.003ms)
[pe] round=285 work=        7 frontier=       46 next=        7 consolidate=  0.008ms frontier=  0.001ms semisort=  0.010ms (keyed= 0.000ms group_by=  0.002ms per_group= 0.003ms)
[pe] round=286 work=        7 frontier=       20 next=        7 consolidate=  0.007ms frontier=  0.001ms semisort=  0.006ms (keyed= 0.000ms group_by=  0.001ms per_group= 0.003ms)
[pe] round=287 work=        7 frontier=       28 next=        7 consolidate=  0.007ms frontier=  0.001ms semisort=  0.006ms (keyed= 0.000ms group_by=  0.001ms per_group= 0.002ms)
[pe] round=288 work=        7 frontier=       14 next=        7 consolidate=  0.006ms frontier=  0.001ms semisort=  0.005ms (keyed= 0.000ms group_by=  0.001ms per_group= 0.002ms)
[pe] round=289 work=        7 frontier=       46 next=        7 consolidate=  0.009ms frontier=  0.001ms semisort=  0.010ms (keyed= 0.000ms group_by=  0.001ms per_group= 0.003ms)
[pe] round=290 work=        7 frontier=       20 next=        7 consolidate=  0.007ms frontier=  0.001ms semisort=  0.006ms (keyed= 0.000ms group_by=  0.001ms per_group= 0.003ms)
[pe] round=291 work=        7 frontier=       28 next=        7 consolidate=  0.007ms frontier=  0.001ms semisort=  0.006ms (keyed= 0.000ms group_by=  0.001ms per_group= 0.002ms)
[pe] round=292 work=        7 frontier=       14 next=        7 consolidate=  0.007ms frontier=  0.001ms semisort=  0.005ms (keyed= 0.000ms group_by=  0.001ms per_group= 0.003ms)
[pe] round=293 work=        7 frontier=       46 next=        7 consolidate=  0.009ms frontier=  0.001ms semisort=  0.009ms (keyed= 0.000ms group_by=  0.002ms per_group= 0.003ms)
[pe] round=294 work=        7 frontier=       20 next=        7 consolidate=  0.007ms frontier=  0.001ms semisort=  0.006ms (keyed= 0.000ms group_by=  0.001ms per_group= 0.002ms)
[pe] round=295 work=        7 frontier=       28 next=        7 consolidate=  0.007ms frontier=  0.001ms semisort=  0.005ms (keyed= 0.000ms group_by=  0.001ms per_group= 0.002ms)
[pe] round=296 work=        7 frontier=       14 next=        7 consolidate=  0.006ms frontier=  0.001ms semisort=  0.005ms (keyed= 0.000ms group_by=  0.001ms per_group= 0.002ms)
[pe] round=297 work=        7 frontier=       46 next=        7 consolidate=  0.007ms frontier=  0.001ms semisort=  0.009ms (keyed= 0.000ms group_by=  0.001ms per_group= 0.003ms)
[pe] round=298 work=        7 frontier=       20 next=        7 consolidate=  0.007ms frontier=  0.001ms semisort=  0.006ms (keyed= 0.000ms group_by=  0.001ms per_group= 0.003ms)
[pe] round=299 work=        7 frontier=       28 next=        7 consolidate=  0.007ms frontier=  0.001ms semisort=  0.006ms (keyed= 0.000ms group_by=  0.001ms per_group= 0.002ms)
[pe] round=300 work=        7 frontier=       14 next=        7 consolidate=  0.007ms frontier=  0.001ms semisort=  0.005ms (keyed= 0.000ms group_by=  0.001ms per_group= 0.003ms)
[pe] round=301 work=        7 frontier=       46 next=        7 consolidate=  0.008ms frontier=  0.001ms semisort=  0.009ms (keyed= 0.000ms group_by=  0.001ms per_group= 0.003ms)
[pe] round=302 work=        7 frontier=       20 next=        7 consolidate=  0.007ms frontier=  0.001ms semisort=  0.007ms (keyed= 0.000ms group_by=  0.001ms per_group= 0.003ms)
[pe] round=303 work=        7 frontier=       28 next=        7 consolidate=  0.007ms frontier=  0.001ms semisort=  0.006ms (keyed= 0.000ms group_by=  0.001ms per_group= 0.002ms)
[pe] round=304 work=        7 frontier=       14 next=        7 consolidate=  0.006ms frontier=  0.001ms semisort=  0.005ms (keyed= 0.000ms group_by=  0.001ms per_group= 0.003ms)
[pe] round=305 work=        7 frontier=       46 next=        7 consolidate=  0.008ms frontier=  0.001ms semisort=  0.012ms (keyed= 0.000ms group_by=  0.002ms per_group= 0.005ms)
[pe] round=306 work=        7 frontier=       20 next=        7 consolidate=  0.008ms frontier=  0.001ms semisort=  0.007ms (keyed= 0.000ms group_by=  0.001ms per_group= 0.003ms)
[pe] round=307 work=        7 frontier=       28 next=        7 consolidate=  0.007ms frontier=  0.001ms semisort=  0.006ms (keyed= 0.000ms group_by=  0.001ms per_group= 0.003ms)
[pe] round=308 work=        7 frontier=       14 next=        7 consolidate=  0.008ms frontier=  0.001ms semisort=  0.004ms (keyed= 0.000ms group_by=  0.001ms per_group= 0.002ms)
[pe] round=309 work=        7 frontier=       46 next=        7 consolidate=  0.008ms frontier=  0.001ms semisort=  0.009ms (keyed= 0.000ms group_by=  0.001ms per_group= 0.003ms)
[pe] round=310 work=        7 frontier=       20 next=        7 consolidate=  0.010ms frontier=  0.001ms semisort=  0.007ms (keyed= 0.000ms group_by=  0.001ms per_group= 0.003ms)
[pe] round=311 work=        7 frontier=       28 next=        7 consolidate=  0.007ms frontier=  0.001ms semisort=  0.006ms (keyed= 0.000ms group_by=  0.001ms per_group= 0.002ms)
[pe] round=312 work=        7 frontier=       14 next=        7 consolidate=  0.007ms frontier=  0.001ms semisort=  0.005ms (keyed= 0.000ms group_by=  0.001ms per_group= 0.003ms)
[pe] round=313 work=        7 frontier=       46 next=        7 consolidate=  0.009ms frontier=  0.001ms semisort=  0.010ms (keyed= 0.000ms group_by=  0.002ms per_group= 0.003ms)
[pe] round=314 work=        7 frontier=       20 next=        7 consolidate=  0.008ms frontier=  0.001ms semisort=  0.007ms (keyed= 0.000ms group_by=  0.001ms per_group= 0.003ms)
[pe] round=315 work=        7 frontier=       28 next=        7 consolidate=  0.007ms frontier=  0.001ms semisort=  0.005ms (keyed= 0.000ms group_by=  0.001ms per_group= 0.002ms)
[pe] round=316 work=        7 frontier=       14 next=        7 consolidate=  0.012ms frontier=  0.001ms semisort=  0.006ms (keyed= 0.000ms group_by=  0.001ms per_group= 0.003ms)
[pe] round=317 work=        7 frontier=       46 next=        7 consolidate=  0.008ms frontier=  0.001ms semisort=  0.010ms (keyed= 0.000ms group_by=  0.002ms per_group= 0.003ms)
[pe] round=318 work=        7 frontier=       20 next=        3 consolidate=  0.007ms frontier=  0.001ms semisort=  0.006ms (keyed= 0.000ms group_by=  0.001ms per_group= 0.002ms)
[pe] round=319 work=        3 frontier=       12 next=        3 consolidate=  0.003ms frontier=  0.001ms semisort=  0.004ms (keyed= 0.000ms group_by=  0.001ms per_group= 0.001ms)
[pe] round=320 work=        3 frontier=        6 next=        3 consolidate=  0.003ms frontier=  0.000ms semisort=  0.003ms (keyed= 0.000ms group_by=  0.000ms per_group= 0.001ms)
[pe] round=321 work=        3 frontier=       30 next=        3 consolidate=  0.004ms frontier=  0.000ms semisort=  0.007ms (keyed= 0.000ms group_by=  0.002ms per_group= 0.002ms)
[pe] round=322 work=        3 frontier=       12 next=        3 consolidate=  0.004ms frontier=  0.000ms semisort=  0.004ms (keyed= 0.000ms group_by=  0.001ms per_group= 0.002ms)
[pe] round=323 work=        3 frontier=       12 next=        3 consolidate=  0.003ms frontier=  0.000ms semisort=  0.003ms (keyed= 0.000ms group_by=  0.000ms per_group= 0.001ms)
[pe] round=324 work=        3 frontier=        6 next=        3 consolidate=  0.003ms frontier=  0.000ms semisort=  0.003ms (keyed= 0.000ms group_by=  0.000ms per_group= 0.002ms)
[pe] round=325 work=        3 frontier=       30 next=        3 consolidate=  0.004ms frontier=  0.000ms semisort=  0.007ms (keyed= 0.000ms group_by=  0.001ms per_group= 0.002ms)
[pe] round=326 work=        3 frontier=       12 next=        3 consolidate=  0.003ms frontier=  0.000ms semisort=  0.004ms (keyed= 0.000ms group_by=  0.001ms per_group= 0.001ms)
[pe] round=327 work=        3 frontier=       12 next=        3 consolidate=  0.003ms frontier=  0.000ms semisort=  0.003ms (keyed= 0.000ms group_by=  0.000ms per_group= 0.001ms)
[pe] round=328 work=        3 frontier=        6 next=        3 consolidate=  0.003ms frontier=  0.000ms semisort=  0.002ms (keyed= 0.000ms group_by=  0.000ms per_group= 0.001ms)
[pe] round=329 work=        3 frontier=       30 next=        3 consolidate=  0.004ms frontier=  0.001ms semisort=  0.007ms (keyed= 0.000ms group_by=  0.001ms per_group= 0.002ms)
[pe] round=330 work=        3 frontier=       12 next=        3 consolidate=  0.003ms frontier=  0.000ms semisort=  0.004ms (keyed= 0.000ms group_by=  0.001ms per_group= 0.002ms)
[pe] round=331 work=        3 frontier=       12 next=        3 consolidate=  0.003ms frontier=  0.000ms semisort=  0.003ms (keyed= 0.000ms group_by=  0.000ms per_group= 0.001ms)
[pe] round=332 work=        3 frontier=        6 next=        3 consolidate=  0.003ms frontier=  0.000ms semisort=  0.003ms (keyed= 0.000ms group_by=  0.000ms per_group= 0.001ms)
[pe] round=333 work=        3 frontier=       30 next=        3 consolidate=  0.004ms frontier=  0.000ms semisort=  0.007ms (keyed= 0.000ms group_by=  0.001ms per_group= 0.002ms)
[pe] round=334 work=        3 frontier=       12 next=        3 consolidate=  0.003ms frontier=  0.000ms semisort=  0.005ms (keyed= 0.000ms group_by=  0.001ms per_group= 0.002ms)
[pe] round=335 work=        3 frontier=       12 next=        3 consolidate=  0.003ms frontier=  0.000ms semisort=  0.003ms (keyed= 0.000ms group_by=  0.001ms per_group= 0.001ms)
[pe] round=336 work=        3 frontier=        6 next=        3 consolidate=  0.003ms frontier=  0.000ms semisort=  0.003ms (keyed= 0.000ms group_by=  0.000ms per_group= 0.001ms)
[pe] round=337 work=        3 frontier=       30 next=        3 consolidate=  0.004ms frontier=  0.000ms semisort=  0.007ms (keyed= 0.000ms group_by=  0.001ms per_group= 0.002ms)
[pe] round=338 work=        3 frontier=       12 next=        3 consolidate=  0.003ms frontier=  0.000ms semisort=  0.005ms (keyed= 0.000ms group_by=  0.001ms per_group= 0.002ms)
[pe] round=339 work=        3 frontier=       12 next=        3 consolidate=  0.003ms frontier=  0.000ms semisort=  0.003ms (keyed= 0.000ms group_by=  0.000ms per_group= 0.001ms)
[pe] round=340 work=        3 frontier=        6 next=        3 consolidate=  0.003ms frontier=  0.000ms semisort=  0.003ms (keyed= 0.000ms group_by=  0.000ms per_group= 0.001ms)
[pe] round=341 work=        3 frontier=       30 next=        3 consolidate=  0.004ms frontier=  0.000ms semisort=  0.006ms (keyed= 0.000ms group_by=  0.001ms per_group= 0.001ms)
[pe] round=342 work=        3 frontier=       12 next=        3 consolidate=  0.003ms frontier=  0.000ms semisort=  0.004ms (keyed= 0.000ms group_by=  0.001ms per_group= 0.002ms)
[pe] round=343 work=        3 frontier=       12 next=        3 consolidate=  0.003ms frontier=  0.000ms semisort=  0.003ms (keyed= 0.000ms group_by=  0.000ms per_group= 0.001ms)
[pe] round=344 work=        3 frontier=        6 next=        3 consolidate=  0.003ms frontier=  0.000ms semisort=  0.002ms (keyed= 0.000ms group_by=  0.000ms per_group= 0.001ms)
[pe] round=345 work=        3 frontier=       30 next=        3 consolidate=  0.004ms frontier=  0.000ms semisort=  0.006ms (keyed= 0.000ms group_by=  0.001ms per_group= 0.002ms)
[pe] round=346 work=        3 frontier=       12 next=        3 consolidate=  0.003ms frontier=  0.000ms semisort=  0.004ms (keyed= 0.000ms group_by=  0.001ms per_group= 0.002ms)
[pe] round=347 work=        3 frontier=       12 next=        3 consolidate=  0.003ms frontier=  0.000ms semisort=  0.003ms (keyed= 0.000ms group_by=  0.000ms per_group= 0.001ms)
[pe] round=348 work=        3 frontier=        6 next=        3 consolidate=  0.003ms frontier=  0.000ms semisort=  0.003ms (keyed= 0.000ms group_by=  0.000ms per_group= 0.001ms)
[pe] round=349 work=        3 frontier=       30 next=        3 consolidate=  0.005ms frontier=  0.001ms semisort=  0.006ms (keyed= 0.000ms group_by=  0.001ms per_group= 0.002ms)
[pe] round=350 work=        3 frontier=       12 next=        3 consolidate=  0.003ms frontier=  0.000ms semisort=  0.004ms (keyed= 0.000ms group_by=  0.001ms per_group= 0.002ms)
[pe] round=351 work=        3 frontier=       12 next=        3 consolidate=  0.004ms frontier=  0.000ms semisort=  0.003ms (keyed= 0.000ms group_by=  0.000ms per_group= 0.001ms)
[pe] round=352 work=        3 frontier=        6 next=        3 consolidate=  0.003ms frontier=  0.000ms semisort=  0.003ms (keyed= 0.000ms group_by=  0.000ms per_group= 0.001ms)
[pe] round=353 work=        3 frontier=       30 next=        3 consolidate=  0.004ms frontier=  0.000ms semisort=  0.006ms (keyed= 0.000ms group_by=  0.001ms per_group= 0.002ms)
[pe] round=354 work=        3 frontier=       12 next=        3 consolidate=  0.003ms frontier=  0.000ms semisort=  0.004ms (keyed= 0.000ms group_by=  0.001ms per_group= 0.002ms)
[pe] round=355 work=        3 frontier=       12 next=        3 consolidate=  0.003ms frontier=  0.000ms semisort=  0.003ms (keyed= 0.000ms group_by=  0.000ms per_group= 0.001ms)
[pe] round=356 work=        3 frontier=        6 next=        3 consolidate=  0.003ms frontier=  0.000ms semisort=  0.002ms (keyed= 0.000ms group_by=  0.000ms per_group= 0.001ms)
[pe] round=357 work=        3 frontier=       30 next=        3 consolidate=  0.004ms frontier=  0.000ms semisort=  0.006ms (keyed= 0.000ms group_by=  0.001ms per_group= 0.002ms)
[pe] round=358 work=        3 frontier=       12 next=        3 consolidate=  0.003ms frontier=  0.000ms semisort=  0.004ms (keyed= 0.000ms group_by=  0.001ms per_group= 0.001ms)
[pe] round=359 work=        3 frontier=       12 next=        3 consolidate=  0.003ms frontier=  0.000ms semisort=  0.003ms (keyed= 0.000ms group_by=  0.000ms per_group= 0.001ms)
[pe] round=360 work=        3 frontier=        6 next=        3 consolidate=  0.003ms frontier=  0.000ms semisort=  0.002ms (keyed= 0.000ms group_by=  0.000ms per_group= 0.001ms)
[pe] round=361 work=        3 frontier=       30 next=        3 consolidate=  0.004ms frontier=  0.000ms semisort=  0.006ms (keyed= 0.000ms group_by=  0.001ms per_group= 0.002ms)
[pe] round=362 work=        3 frontier=       12 next=        3 consolidate=  0.003ms frontier=  0.000ms semisort=  0.004ms (keyed= 0.000ms group_by=  0.001ms per_group= 0.002ms)
[pe] round=363 work=        3 frontier=       12 next=        3 consolidate=  0.003ms frontier=  0.000ms semisort=  0.003ms (keyed= 0.000ms group_by=  0.000ms per_group= 0.001ms)
[pe] round=364 work=        3 frontier=        6 next=        3 consolidate=  0.003ms frontier=  0.000ms semisort=  0.002ms (keyed= 0.000ms group_by=  0.000ms per_group= 0.001ms)
[pe] round=365 work=        3 frontier=       30 next=        3 consolidate=  0.004ms frontier=  0.000ms semisort=  0.006ms (keyed= 0.000ms group_by=  0.001ms per_group= 0.002ms)
[pe] round=366 work=        3 frontier=       12 next=        3 consolidate=  0.003ms frontier=  0.000ms semisort=  0.004ms (keyed= 0.000ms group_by=  0.001ms per_group= 0.002ms)
[pe] round=367 work=        3 frontier=       12 next=        3 consolidate=  0.003ms frontier=  0.000ms semisort=  0.003ms (keyed= 0.000ms group_by=  0.000ms per_group= 0.001ms)
[pe] round=368 work=        3 frontier=        6 next=        3 consolidate=  0.003ms frontier=  0.000ms semisort=  0.003ms (keyed= 0.000ms group_by=  0.000ms per_group= 0.001ms)
[pe] round=369 work=        3 frontier=       30 next=        3 consolidate=  0.004ms frontier=  0.000ms semisort=  0.007ms (keyed= 0.000ms group_by=  0.001ms per_group= 0.002ms)
[pe] round=370 work=        3 frontier=       12 next=        3 consolidate=  0.004ms frontier=  0.001ms semisort=  0.005ms (keyed= 0.000ms group_by=  0.001ms per_group= 0.002ms)
[pe] round=371 work=        3 frontier=       12 next=        3 consolidate=  0.003ms frontier=  0.000ms semisort=  0.003ms (keyed= 0.000ms group_by=  0.000ms per_group= 0.001ms)
[pe] round=372 work=        3 frontier=        6 next=        3 consolidate=  0.004ms frontier=  0.000ms semisort=  0.003ms (keyed= 0.000ms group_by=  0.000ms per_group= 0.001ms)
[pe] round=373 work=        3 frontier=       30 next=        3 consolidate=  0.004ms frontier=  0.000ms semisort=  0.006ms (keyed= 0.000ms group_by=  0.001ms per_group= 0.002ms)
[pe] round=374 work=        3 frontier=       12 next=        3 consolidate=  0.003ms frontier=  0.000ms semisort=  0.004ms (keyed= 0.000ms group_by=  0.001ms per_group= 0.002ms)
[pe] round=375 work=        3 frontier=       12 next=        3 consolidate=  0.003ms frontier=  0.000ms semisort=  0.003ms (keyed= 0.000ms group_by=  0.000ms per_group= 0.001ms)
[pe] round=376 work=        3 frontier=        6 next=        3 consolidate=  0.004ms frontier=  0.001ms semisort=  0.003ms (keyed= 0.000ms group_by=  0.000ms per_group= 0.001ms)
[pe] round=377 work=        3 frontier=       30 next=        3 consolidate=  0.005ms frontier=  0.001ms semisort=  0.006ms (keyed= 0.000ms group_by=  0.001ms per_group= 0.002ms)
[pe] round=378 work=        3 frontier=       12 next=        3 consolidate=  0.004ms frontier=  0.000ms semisort=  0.004ms (keyed= 0.000ms group_by=  0.001ms per_group= 0.002ms)
[pe] round=379 work=        3 frontier=       12 next=        3 consolidate=  0.003ms frontier=  0.000ms semisort=  0.003ms (keyed= 0.000ms group_by=  0.000ms per_group= 0.001ms)
[pe] round=380 work=        3 frontier=        6 next=        3 consolidate=  0.003ms frontier=  0.000ms semisort=  0.003ms (keyed= 0.000ms group_by=  0.000ms per_group= 0.001ms)
[pe] round=381 work=        3 frontier=       30 next=        3 consolidate=  0.004ms frontier=  0.000ms semisort=  0.006ms (keyed= 0.000ms group_by=  0.001ms per_group= 0.002ms)
[pe] round=382 work=        3 frontier=       12 next=        3 consolidate=  0.003ms frontier=  0.000ms semisort=  0.004ms (keyed= 0.000ms group_by=  0.001ms per_group= 0.002ms)
[pe] round=383 work=        3 frontier=       12 next=        3 consolidate=  0.004ms frontier=  0.000ms semisort=  0.003ms (keyed= 0.000ms group_by=  0.000ms per_group= 0.001ms)
[pe] round=384 work=        3 frontier=        6 next=        3 consolidate=  0.003ms frontier=  0.000ms semisort=  0.003ms (keyed= 0.000ms group_by=  0.000ms per_group= 0.001ms)
[pe] round=385 work=        3 frontier=       30 next=        3 consolidate=  0.004ms frontier=  0.000ms semisort=  0.006ms (keyed= 0.000ms group_by=  0.001ms per_group= 0.002ms)
[pe] round=386 work=        3 frontier=       12 next=        3 consolidate=  0.004ms frontier=  0.000ms semisort=  0.004ms (keyed= 0.000ms group_by=  0.001ms per_group= 0.002ms)
[pe] round=387 work=        3 frontier=       12 next=        3 consolidate=  0.003ms frontier=  0.000ms semisort=  0.003ms (keyed= 0.000ms group_by=  0.001ms per_group= 0.001ms)
[pe] round=388 work=        3 frontier=        6 next=        3 consolidate=  0.003ms frontier=  0.000ms semisort=  0.003ms (keyed= 0.000ms group_by=  0.000ms per_group= 0.001ms)
[pe] round=389 work=        3 frontier=       30 next=        3 consolidate=  0.004ms frontier=  0.000ms semisort=  0.006ms (keyed= 0.000ms group_by=  0.001ms per_group= 0.001ms)
[pe] round=390 work=        3 frontier=       12 next=        3 consolidate=  0.003ms frontier=  0.000ms semisort=  0.004ms (keyed= 0.000ms group_by=  0.001ms per_group= 0.001ms)
[pe] round=391 work=        3 frontier=       12 next=        3 consolidate=  0.003ms frontier=  0.000ms semisort=  0.003ms (keyed= 0.000ms group_by=  0.000ms per_group= 0.001ms)
[pe] round=392 work=        3 frontier=        6 next=        3 consolidate=  0.003ms frontier=  0.000ms semisort=  0.003ms (keyed= 0.000ms group_by=  0.000ms per_group= 0.001ms)
[pe] round=393 work=        3 frontier=       30 next=        3 consolidate=  0.004ms frontier=  0.000ms semisort=  0.006ms (keyed= 0.000ms group_by=  0.001ms per_group= 0.002ms)
[pe] round=394 work=        3 frontier=       12 next=        3 consolidate=  0.003ms frontier=  0.000ms semisort=  0.004ms (keyed= 0.000ms group_by=  0.001ms per_group= 0.002ms)
[pe] round=395 work=        3 frontier=       12 next=        3 consolidate=  0.003ms frontier=  0.000ms semisort=  0.003ms (keyed= 0.000ms group_by=  0.000ms per_group= 0.001ms)
[pe] round=396 work=        3 frontier=        6 next=        3 consolidate=  0.003ms frontier=  0.000ms semisort=  0.003ms (keyed= 0.000ms group_by=  0.000ms per_group= 0.001ms)
[pe] round=397 work=        3 frontier=       30 next=        3 consolidate=  0.004ms frontier=  0.000ms semisort=  0.006ms (keyed= 0.000ms group_by=  0.001ms per_group= 0.002ms)
[pe] round=398 work=        3 frontier=       12 next=        3 consolidate=  0.003ms frontier=  0.000ms semisort=  0.005ms (keyed= 0.000ms group_by=  0.001ms per_group= 0.002ms)
[pe] round=399 work=        3 frontier=       12 next=        3 consolidate=  0.003ms frontier=  0.000ms semisort=  0.003ms (keyed= 0.000ms group_by=  0.000ms per_group= 0.001ms)
[pe] round=400 work=        3 frontier=        6 next=        3 consolidate=  0.003ms frontier=  0.000ms semisort=  0.003ms (keyed= 0.000ms group_by=  0.000ms per_group= 0.001ms)
[pe] round=401 work=        3 frontier=       30 next=        3 consolidate=  0.004ms frontier=  0.000ms semisort=  0.006ms (keyed= 0.000ms group_by=  0.001ms per_group= 0.002ms)
[pe] round=402 work=        3 frontier=       12 next=        3 consolidate=  0.003ms frontier=  0.000ms semisort=  0.004ms (keyed= 0.000ms group_by=  0.001ms per_group= 0.002ms)
[pe] round=403 work=        3 frontier=       12 next=        3 consolidate=  0.004ms frontier=  0.001ms semisort=  0.003ms (keyed= 0.000ms group_by=  0.001ms per_group= 0.001ms)
[pe] round=404 work=        3 frontier=        6 next=        3 consolidate=  0.003ms frontier=  0.000ms semisort=  0.003ms (keyed= 0.000ms group_by=  0.000ms per_group= 0.002ms)
[pe] round=405 work=        3 frontier=       30 next=        3 consolidate=  0.004ms frontier=  0.000ms semisort=  0.006ms (keyed= 0.000ms group_by=  0.001ms per_group= 0.002ms)
[pe] round=406 work=        3 frontier=       12 next=        3 consolidate=  0.003ms frontier=  0.000ms semisort=  0.004ms (keyed= 0.000ms group_by=  0.001ms per_group= 0.002ms)
[pe] round=407 work=        3 frontier=       12 next=        3 consolidate=  0.004ms frontier=  0.000ms semisort=  0.003ms (keyed= 0.000ms group_by=  0.000ms per_group= 0.001ms)
[pe] round=408 work=        3 frontier=        6 next=        3 consolidate=  0.003ms frontier=  0.000ms semisort=  0.006ms (keyed= 0.000ms group_by=  0.000ms per_group= 0.005ms)
[pe] round=409 work=        3 frontier=       30 next=        3 consolidate=  0.004ms frontier=  0.000ms semisort=  0.006ms (keyed= 0.000ms group_by=  0.001ms per_group= 0.002ms)
[pe] round=410 work=        3 frontier=       12 next=        3 consolidate=  0.003ms frontier=  0.000ms semisort=  0.004ms (keyed= 0.000ms group_by=  0.001ms per_group= 0.002ms)
[pe] round=411 work=        3 frontier=       12 next=        3 consolidate=  0.003ms frontier=  0.000ms semisort=  0.003ms (keyed= 0.000ms group_by=  0.000ms per_group= 0.001ms)
[pe] round=412 work=        3 frontier=        6 next=        3 consolidate=  0.003ms frontier=  0.000ms semisort=  0.003ms (keyed= 0.000ms group_by=  0.000ms per_group= 0.001ms)
[pe] round=413 work=        3 frontier=       30 next=        3 consolidate=  0.004ms frontier=  0.000ms semisort=  0.006ms (keyed= 0.000ms group_by=  0.001ms per_group= 0.002ms)
[pe] round=414 work=        3 frontier=       12 next=        3 consolidate=  0.003ms frontier=  0.000ms semisort=  0.004ms (keyed= 0.000ms group_by=  0.001ms per_group= 0.002ms)
[pe] round=415 work=        3 frontier=       12 next=        3 consolidate=  0.003ms frontier=  0.000ms semisort=  0.004ms (keyed= 0.000ms group_by=  0.000ms per_group= 0.001ms)
[pe] round=416 work=        3 frontier=        6 next=        3 consolidate=  0.003ms frontier=  0.000ms semisort=  0.003ms (keyed= 0.000ms group_by=  0.000ms per_group= 0.001ms)
[pe] round=417 work=        3 frontier=       30 next=        3 consolidate=  0.004ms frontier=  0.000ms semisort=  0.006ms (keyed= 0.000ms group_by=  0.001ms per_group= 0.002ms)
[pe] round=418 work=        3 frontier=       12 next=        3 consolidate=  0.003ms frontier=  0.000ms semisort=  0.004ms (keyed= 0.000ms group_by=  0.001ms per_group= 0.002ms)
[pe] round=419 work=        3 frontier=       12 next=        3 consolidate=  0.004ms frontier=  0.000ms semisort=  0.003ms (keyed= 0.000ms group_by=  0.000ms per_group= 0.001ms)
[pe] round=420 work=        3 frontier=        6 next=        3 consolidate=  0.003ms frontier=  0.000ms semisort=  0.003ms (keyed= 0.000ms group_by=  0.000ms per_group= 0.001ms)
[pe] round=421 work=        3 frontier=       30 next=        3 consolidate=  0.004ms frontier=  0.000ms semisort=  0.006ms (keyed= 0.000ms group_by=  0.001ms per_group= 0.001ms)
[pe] round=422 work=        3 frontier=       12 next=        3 consolidate=  0.003ms frontier=  0.000ms semisort=  0.004ms (keyed= 0.000ms group_by=  0.001ms per_group= 0.001ms)
[pe] round=423 work=        3 frontier=       12 next=        3 consolidate=  0.003ms frontier=  0.000ms semisort=  0.003ms (keyed= 0.000ms group_by=  0.000ms per_group= 0.001ms)
[pe] round=424 work=        3 frontier=        6 next=        3 consolidate=  0.003ms frontier=  0.000ms semisort=  0.003ms (keyed= 0.000ms group_by=  0.000ms per_group= 0.001ms)
[pe] round=425 work=        3 frontier=       30 next=        3 consolidate=  0.004ms frontier=  0.000ms semisort=  0.006ms (keyed= 0.000ms group_by=  0.001ms per_group= 0.002ms)
[pe] round=426 work=        3 frontier=       12 next=        3 consolidate=  0.003ms frontier=  0.000ms semisort=  0.004ms (keyed= 0.000ms group_by=  0.001ms per_group= 0.002ms)
[pe] round=427 work=        3 frontier=       12 next=        3 consolidate=  0.004ms frontier=  0.000ms semisort=  0.004ms (keyed= 0.000ms group_by=  0.000ms per_group= 0.001ms)
[pe] round=428 work=        3 frontier=        6 next=        3 consolidate=  0.003ms frontier=  0.000ms semisort=  0.003ms (keyed= 0.000ms group_by=  0.000ms per_group= 0.001ms)
[pe] round=429 work=        3 frontier=       31 next=        3 consolidate=  0.004ms frontier=  0.000ms semisort=  0.007ms (keyed= 0.000ms group_by=  0.001ms per_group= 0.002ms)
[pe] round=430 work=        3 frontier=        6 next=        2 consolidate=  0.003ms frontier=  0.000ms semisort=  0.003ms (keyed= 0.000ms group_by=  0.000ms per_group= 0.001ms)
[pe] round=431 work=        2 (tail-skip: all parents empty)
[pe] round=  0 work= 10460911 frontier=  5950187 next=    47386 consolidate=252.046ms frontier= 29.347ms semisort= 89.669ms (keyed=14.383ms group_by=  1.828ms per_group=28.170ms)
[pe] round=  1 work=    47386 frontier=   274132 next=    22307 consolidate=  4.132ms frontier=  0.362ms semisort=  4.733ms (keyed= 1.061ms group_by=  0.161ms per_group= 1.778ms)
[pe] round=  2 work=    22307 frontier=    94168 next=    11347 consolidate=  2.216ms frontier=  0.241ms semisort=  3.629ms (keyed= 0.074ms group_by=  1.876ms per_group= 0.682ms)
[pe] round=  3 work=    11347 frontier=    38990 next=     6320 consolidate=  1.293ms frontier=  0.215ms semisort=  1.443ms (keyed= 0.020ms group_by=  0.609ms per_group= 0.337ms)
[pe] round=  4 work=     6320 frontier=    18118 next=     3668 consolidate=  1.253ms frontier=  0.199ms semisort=  0.871ms (keyed= 0.017ms group_by=  0.334ms per_group= 0.179ms)
[pe] round=  5 work=     3668 frontier=    14200 next=     2998 consolidate=  0.631ms frontier=  0.108ms semisort=  0.695ms (keyed= 0.013ms group_by=  0.255ms per_group= 0.176ms)
[pe] round=  6 work=     2998 frontier=    14168 next=     2333 consolidate=  0.520ms frontier=  0.076ms semisort=  0.632ms (keyed= 0.015ms group_by=  0.245ms per_group= 0.159ms)
[pe] round=  7 work=     2333 frontier=    13358 next=     1381 consolidate=  0.429ms frontier=  0.082ms semisort=  0.585ms (keyed= 0.014ms group_by=  0.271ms per_group= 0.122ms)
[pe] round=  8 work=     1381 frontier=    14960 next=      914 consolidate=  0.288ms frontier=  0.062ms semisort=  0.687ms (keyed= 0.015ms group_by=  0.306ms per_group= 0.166ms)
[pe] round=  9 work=      914 frontier=     5537 next=      691 consolidate=  0.244ms frontier=  0.057ms semisort=  0.973ms (keyed= 0.011ms group_by=  0.651ms per_group= 0.131ms)
[pe] round= 10 work=      691 frontier=     9111 next=      460 consolidate=  0.198ms frontier=  0.056ms semisort=  1.038ms (keyed= 0.017ms group_by=  0.795ms per_group= 0.087ms)
[pe] round= 11 work=      460 frontier=     4999 next=      531 consolidate=  0.165ms frontier=  0.039ms semisort=  0.751ms (keyed= 0.013ms group_by=  0.507ms per_group= 0.124ms)
[pe] round= 12 work=      531 frontier=     4274 next=      372 consolidate=  0.174ms frontier=  0.039ms semisort=  0.718ms (keyed= 0.009ms group_by=  0.505ms per_group= 0.095ms)
[pe] round= 13 work=      372 frontier=     1790 next=      116 consolidate=  0.101ms frontier=  0.026ms semisort=  0.357ms (keyed= 0.006ms group_by=  0.198ms per_group= 0.071ms)
[pe] round= 14 work=      116 frontier=      268 next=       36 consolidate=  0.041ms frontier=  0.009ms semisort=  0.066ms (keyed= 0.001ms group_by=  0.014ms per_group= 0.027ms)
[pe] round= 15 work=       36 frontier=      116 next=       38 consolidate=  0.029ms frontier=  0.003ms semisort=  0.028ms (keyed= 0.001ms group_by=  0.004ms per_group= 0.014ms)
[pe] round= 16 work=       38 frontier=      182 next=       35 consolidate=  0.018ms frontier=  0.004ms semisort=  0.035ms (keyed= 0.000ms group_by=  0.008ms per_group= 0.013ms)
[pe] round= 17 work=       35 frontier=      122 next=       37 consolidate=  0.020ms frontier=  0.004ms semisort=  0.029ms (keyed= 0.000ms group_by=  0.005ms per_group= 0.014ms)
[pe] round= 18 work=       37 frontier=       80 next=       25 consolidate=  0.038ms frontier=  0.003ms semisort=  0.019ms (keyed= 0.000ms group_by=  0.003ms per_group= 0.008ms)
[pe] round= 19 work=       25 frontier=       76 next=       25 consolidate=  0.020ms frontier=  0.002ms semisort=  0.018ms (keyed= 0.000ms group_by=  0.003ms per_group= 0.009ms)
[pe] round= 20 work=       25 frontier=      138 next=       23 consolidate=  0.013ms frontier=  0.003ms semisort=  0.025ms (keyed= 0.000ms group_by=  0.005ms per_group= 0.009ms)
[pe] round= 21 work=       23 frontier=      102 next=       31 consolidate=  0.019ms frontier=  0.002ms semisort=  0.028ms (keyed= 0.000ms group_by=  0.004ms per_group= 0.014ms)
[pe] round= 22 work=       31 frontier=       76 next=       23 consolidate=  0.034ms frontier=  0.002ms semisort=  0.017ms (keyed= 0.000ms group_by=  0.003ms per_group= 0.008ms)
[pe] round= 23 work=       23 frontier=       68 next=       23 consolidate=  0.014ms frontier=  0.003ms semisort=  0.016ms (keyed= 0.000ms group_by=  0.002ms per_group= 0.008ms)
[pe] round= 24 work=       23 frontier=      134 next=       23 consolidate=  0.024ms frontier=  0.002ms semisort=  0.033ms (keyed= 0.001ms group_by=  0.007ms per_group= 0.012ms)
[pe] round= 25 work=       23 frontier=      102 next=       31 consolidate=  0.027ms frontier=  0.001ms semisort=  0.027ms (keyed= 0.000ms group_by=  0.004ms per_group= 0.013ms)
[pe] round= 26 work=       31 frontier=       76 next=       23 consolidate=  0.016ms frontier=  0.003ms semisort=  0.019ms (keyed= 0.000ms group_by=  0.004ms per_group= 0.008ms)
[pe] round= 27 work=       23 frontier=       68 next=       23 consolidate=  0.019ms frontier=  0.002ms semisort=  0.016ms (keyed= 0.000ms group_by=  0.003ms per_group= 0.007ms)
[pe] round= 28 work=       23 frontier=      134 next=       23 consolidate=  0.014ms frontier=  0.003ms semisort=  0.025ms (keyed= 0.000ms group_by=  0.005ms per_group= 0.009ms)
[pe] round= 29 work=       23 frontier=      102 next=       31 consolidate=  0.020ms frontier=  0.002ms semisort=  0.031ms (keyed= 0.000ms group_by=  0.004ms per_group= 0.012ms)
[pe] round= 30 work=       31 frontier=       76 next=       23 consolidate=  0.036ms frontier=  0.002ms semisort=  0.016ms (keyed= 0.000ms group_by=  0.003ms per_group= 0.007ms)
[pe] round= 31 work=       23 frontier=       68 next=       23 consolidate=  0.013ms frontier=  0.003ms semisort=  0.016ms (keyed= 0.000ms group_by=  0.002ms per_group= 0.008ms)
[pe] round= 32 work=       23 frontier=      134 next=       23 consolidate=  0.023ms frontier=  0.002ms semisort=  0.030ms (keyed= 0.001ms group_by=  0.007ms per_group= 0.011ms)
[pe] round= 33 work=       23 frontier=      102 next=       31 consolidate=  0.027ms frontier=  0.001ms semisort=  0.027ms (keyed= 0.000ms group_by=  0.004ms per_group= 0.013ms)
[pe] round= 34 work=       31 frontier=       76 next=       23 consolidate=  0.018ms frontier=  0.003ms semisort=  0.021ms (keyed= 0.001ms group_by=  0.005ms per_group= 0.009ms)
[pe] round= 35 work=       23 frontier=       68 next=       23 consolidate=  0.018ms frontier=  0.002ms semisort=  0.017ms (keyed= 0.000ms group_by=  0.003ms per_group= 0.008ms)
[pe] round= 36 work=       23 frontier=      134 next=       23 consolidate=  0.015ms frontier=  0.003ms semisort=  0.041ms (keyed= 0.001ms group_by=  0.011ms per_group= 0.019ms)
[pe] round= 37 work=       23 frontier=      102 next=       31 consolidate=  0.022ms frontier=  0.002ms semisort=  0.025ms (keyed= 0.000ms group_by=  0.003ms per_group= 0.010ms)
[pe] round= 38 work=       31 frontier=       76 next=       23 consolidate=  0.023ms frontier=  0.003ms semisort=  0.023ms (keyed= 0.000ms group_by=  0.004ms per_group= 0.011ms)
[pe] round= 39 work=       23 frontier=       68 next=       23 consolidate=  0.018ms frontier=  0.003ms semisort=  0.016ms (keyed= 0.000ms group_by=  0.003ms per_group= 0.008ms)
[pe] round= 40 work=       23 frontier=      134 next=       23 consolidate=  0.015ms frontier=  0.003ms semisort=  0.027ms (keyed= 0.001ms group_by=  0.006ms per_group= 0.009ms)
[pe] round= 41 work=       23 frontier=      102 next=       31 consolidate=  0.015ms frontier=  0.003ms semisort=  0.028ms (keyed= 0.000ms group_by=  0.004ms per_group= 0.015ms)
[pe] round= 42 work=       31 frontier=       76 next=       23 consolidate=  0.019ms frontier=  0.003ms semisort=  0.018ms (keyed= 0.000ms group_by=  0.003ms per_group= 0.008ms)
[pe] round= 43 work=       23 frontier=       68 next=       23 consolidate=  0.023ms frontier=  0.002ms semisort=  0.015ms (keyed= 0.000ms group_by=  0.002ms per_group= 0.007ms)
[pe] round= 44 work=       23 frontier=      134 next=       23 consolidate=  0.014ms frontier=  0.003ms semisort=  0.030ms (keyed= 0.001ms group_by=  0.007ms per_group= 0.012ms)
[pe] round= 45 work=       23 frontier=      102 next=       31 consolidate=  0.014ms frontier=  0.003ms semisort=  0.025ms (keyed= 0.000ms group_by=  0.004ms per_group= 0.012ms)
[pe] round= 46 work=       31 frontier=       76 next=       23 consolidate=  0.026ms frontier=  0.002ms semisort=  0.023ms (keyed= 0.001ms group_by=  0.005ms per_group= 0.009ms)
[pe] round= 47 work=       23 frontier=       68 next=       23 consolidate=  0.015ms frontier=  0.003ms semisort=  0.016ms (keyed= 0.000ms group_by=  0.003ms per_group= 0.008ms)
[pe] round= 48 work=       23 frontier=       22 next=       11 consolidate=  0.025ms frontier=  0.002ms semisort=  0.009ms (keyed= 0.000ms group_by=  0.001ms per_group= 0.004ms)
[pe] round= 49 work=       11 frontier=       62 next=       11 consolidate=  0.013ms frontier=  0.002ms semisort=  0.013ms (keyed= 0.000ms group_by=  0.002ms per_group= 0.005ms)
[pe] round= 50 work=       11 frontier=       28 next=       11 consolidate=  0.012ms frontier=  0.001ms semisort=  0.009ms (keyed= 0.000ms group_by=  0.001ms per_group= 0.004ms)
[pe] round= 51 work=       11 frontier=       44 next=       11 consolidate=  0.010ms frontier=  0.002ms semisort=  0.015ms (keyed= 0.000ms group_by=  0.002ms per_group= 0.009ms)
[pe] round= 52 work=       11 frontier=       22 next=       11 consolidate=  0.009ms frontier=  0.002ms semisort=  0.007ms (keyed= 0.000ms group_by=  0.001ms per_group= 0.003ms)
[pe] round= 53 work=       11 frontier=       62 next=       11 consolidate=  0.013ms frontier=  0.001ms semisort=  0.012ms (keyed= 0.000ms group_by=  0.002ms per_group= 0.004ms)
[pe] round= 54 work=       11 frontier=       28 next=       11 consolidate=  0.010ms frontier=  0.001ms semisort=  0.009ms (keyed= 0.000ms group_by=  0.001ms per_group= 0.004ms)
[pe] round= 55 work=       11 frontier=       44 next=       11 consolidate=  0.009ms frontier=  0.002ms semisort=  0.009ms (keyed= 0.000ms group_by=  0.002ms per_group= 0.004ms)
[pe] round= 56 work=       11 frontier=       22 next=       11 consolidate=  0.012ms frontier=  0.001ms semisort=  0.006ms (keyed= 0.000ms group_by=  0.001ms per_group= 0.003ms)
[pe] round= 57 work=       11 frontier=       62 next=       11 consolidate=  0.012ms frontier=  0.001ms semisort=  0.012ms (keyed= 0.000ms group_by=  0.002ms per_group= 0.004ms)
[pe] round= 58 work=       11 frontier=       28 next=       11 consolidate=  0.010ms frontier=  0.002ms semisort=  0.009ms (keyed= 0.000ms group_by=  0.001ms per_group= 0.004ms)
[pe] round= 59 work=       11 frontier=       44 next=       11 consolidate=  0.012ms frontier=  0.001ms semisort=  0.008ms (keyed= 0.000ms group_by=  0.001ms per_group= 0.003ms)
[pe] round= 60 work=       11 frontier=       22 next=       11 consolidate=  0.011ms frontier=  0.001ms semisort=  0.007ms (keyed= 0.000ms group_by=  0.001ms per_group= 0.003ms)
[pe] round= 61 work=       11 frontier=       62 next=       11 consolidate=  0.015ms frontier=  0.001ms semisort=  0.012ms (keyed= 0.000ms group_by=  0.002ms per_group= 0.004ms)
[pe] round= 62 work=       11 frontier=       28 next=       11 consolidate=  0.010ms frontier=  0.001ms semisort=  0.008ms (keyed= 0.000ms group_by=  0.001ms per_group= 0.004ms)
[pe] round= 63 work=       11 frontier=       44 next=       11 consolidate=  0.012ms frontier=  0.001ms semisort=  0.009ms (keyed= 0.000ms group_by=  0.001ms per_group= 0.004ms)
[pe] round= 64 work=       11 frontier=       22 next=       11 consolidate=  0.013ms frontier=  0.001ms semisort=  0.007ms (keyed= 0.000ms group_by=  0.001ms per_group= 0.003ms)
[pe] round= 65 work=       11 frontier=       62 next=       11 consolidate=  0.013ms frontier=  0.001ms semisort=  0.012ms (keyed= 0.000ms group_by=  0.002ms per_group= 0.004ms)
[pe] round= 66 work=       11 frontier=       28 next=       11 consolidate=  0.012ms frontier=  0.001ms semisort=  0.008ms (keyed= 0.000ms group_by=  0.001ms per_group= 0.004ms)
[pe] round= 67 work=       11 frontier=       44 next=       11 consolidate=  0.012ms frontier=  0.002ms semisort=  0.008ms (keyed= 0.000ms group_by=  0.001ms per_group= 0.003ms)
[pe] round= 68 work=       11 frontier=       22 next=       11 consolidate=  0.011ms frontier=  0.001ms semisort=  0.007ms (keyed= 0.000ms group_by=  0.001ms per_group= 0.004ms)
[pe] round= 69 work=       11 frontier=       62 next=       11 consolidate=  0.012ms frontier=  0.001ms semisort=  0.012ms (keyed= 0.000ms group_by=  0.002ms per_group= 0.004ms)
[pe] round= 70 work=       11 frontier=       28 next=       11 consolidate=  0.009ms frontier=  0.002ms semisort=  0.008ms (keyed= 0.000ms group_by=  0.001ms per_group= 0.004ms)
[pe] round= 71 work=       11 frontier=       44 next=       11 consolidate=  0.012ms frontier=  0.001ms semisort=  0.008ms (keyed= 0.000ms group_by=  0.001ms per_group= 0.003ms)
[pe] round= 72 work=       11 frontier=       22 next=       11 consolidate=  0.011ms frontier=  0.001ms semisort=  0.006ms (keyed= 0.000ms group_by=  0.001ms per_group= 0.004ms)
[pe] round= 73 work=       11 frontier=       62 next=       11 consolidate=  0.012ms frontier=  0.001ms semisort=  0.015ms (keyed= 0.000ms group_by=  0.003ms per_group= 0.006ms)
[pe] round= 74 work=       11 frontier=       28 next=       11 consolidate=  0.012ms frontier=  0.001ms semisort=  0.008ms (keyed= 0.000ms group_by=  0.001ms per_group= 0.004ms)
[pe] round= 75 work=       11 frontier=       44 next=       11 consolidate=  0.011ms frontier=  0.001ms semisort=  0.009ms (keyed= 0.000ms group_by=  0.002ms per_group= 0.004ms)
[pe] round= 76 work=       11 frontier=       22 next=       11 consolidate=  0.011ms frontier=  0.001ms semisort=  0.007ms (keyed= 0.000ms group_by=  0.001ms per_group= 0.004ms)
[pe] round= 77 work=       11 frontier=       62 next=       11 consolidate=  0.010ms frontier=  0.002ms semisort=  0.012ms (keyed= 0.000ms group_by=  0.003ms per_group= 0.004ms)
[pe] round= 78 work=       11 frontier=       28 next=       11 consolidate=  0.010ms frontier=  0.001ms semisort=  0.008ms (keyed= 0.000ms group_by=  0.001ms per_group= 0.004ms)
[pe] round= 79 work=       11 frontier=       44 next=       11 consolidate=  0.013ms frontier=  0.001ms semisort=  0.009ms (keyed= 0.000ms group_by=  0.001ms per_group= 0.004ms)
[pe] round= 80 work=       11 frontier=       22 next=       11 consolidate=  0.010ms frontier=  0.002ms semisort=  0.007ms (keyed= 0.000ms group_by=  0.001ms per_group= 0.003ms)
[pe] round= 81 work=       11 frontier=       62 next=       11 consolidate=  0.013ms frontier=  0.001ms semisort=  0.013ms (keyed= 0.000ms group_by=  0.002ms per_group= 0.005ms)
[pe] round= 82 work=       11 frontier=       28 next=       11 consolidate=  0.012ms frontier=  0.001ms semisort=  0.008ms (keyed= 0.000ms group_by=  0.001ms per_group= 0.004ms)
[pe] round= 83 work=       11 frontier=       44 next=       11 consolidate=  0.012ms frontier=  0.001ms semisort=  0.009ms (keyed= 0.000ms group_by=  0.001ms per_group= 0.004ms)
[pe] round= 84 work=       11 frontier=       22 next=       11 consolidate=  0.010ms frontier=  0.001ms semisort=  0.007ms (keyed= 0.000ms group_by=  0.001ms per_group= 0.003ms)
[pe] round= 85 work=       11 frontier=       62 next=       11 consolidate=  0.012ms frontier=  0.001ms semisort=  0.012ms (keyed= 0.000ms group_by=  0.002ms per_group= 0.004ms)
[pe] round= 86 work=       11 frontier=       28 next=       11 consolidate=  0.008ms frontier=  0.001ms semisort=  0.008ms (keyed= 0.000ms group_by=  0.001ms per_group= 0.004ms)
[pe] round= 87 work=       11 frontier=       44 next=       11 consolidate=  0.012ms frontier=  0.001ms semisort=  0.008ms (keyed= 0.000ms group_by=  0.001ms per_group= 0.003ms)
[pe] round= 88 work=       11 frontier=       22 next=       11 consolidate=  0.012ms frontier=  0.001ms semisort=  0.006ms (keyed= 0.000ms group_by=  0.001ms per_group= 0.003ms)
[pe] round= 89 work=       11 frontier=       62 next=       11 consolidate=  0.010ms frontier=  0.002ms semisort=  0.013ms (keyed= 0.000ms group_by=  0.002ms per_group= 0.005ms)
[pe] round= 90 work=       11 frontier=       28 next=       11 consolidate=  0.011ms frontier=  0.001ms semisort=  0.008ms (keyed= 0.000ms group_by=  0.001ms per_group= 0.004ms)
[pe] round= 91 work=       11 frontier=       44 next=       11 consolidate=  0.011ms frontier=  0.001ms semisort=  0.008ms (keyed= 0.000ms group_by=  0.001ms per_group= 0.003ms)
[pe] round= 92 work=       11 frontier=       22 next=       11 consolidate=  0.009ms frontier=  0.002ms semisort=  0.008ms (keyed= 0.000ms group_by=  0.001ms per_group= 0.004ms)
[pe] round= 93 work=       11 frontier=       62 next=       11 consolidate=  0.011ms frontier=  0.002ms semisort=  0.012ms (keyed= 0.000ms group_by=  0.002ms per_group= 0.004ms)
[pe] round= 94 work=       11 frontier=       28 next=       11 consolidate=  0.014ms frontier=  0.001ms semisort=  0.008ms (keyed= 0.000ms group_by=  0.001ms per_group= 0.004ms)
[pe] round= 95 work=       11 frontier=       44 next=       11 consolidate=  0.013ms frontier=  0.001ms semisort=  0.009ms (keyed= 0.000ms group_by=  0.001ms per_group= 0.004ms)
[pe] round= 96 work=       11 frontier=       22 next=       11 consolidate=  0.012ms frontier=  0.001ms semisort=  0.006ms (keyed= 0.000ms group_by=  0.001ms per_group= 0.003ms)
[pe] round= 97 work=       11 frontier=       62 next=       11 consolidate=  0.013ms frontier=  0.001ms semisort=  0.013ms (keyed= 0.000ms group_by=  0.002ms per_group= 0.004ms)
[pe] round= 98 work=       11 frontier=       28 next=       11 consolidate=  0.012ms frontier=  0.001ms semisort=  0.008ms (keyed= 0.000ms group_by=  0.001ms per_group= 0.004ms)
[pe] round= 99 work=       11 frontier=       44 next=       11 consolidate=  0.011ms frontier=  0.001ms semisort=  0.008ms (keyed= 0.000ms group_by=  0.001ms per_group= 0.003ms)
[pe] round=100 work=       11 frontier=       22 next=       11 consolidate=  0.010ms frontier=  0.001ms semisort=  0.007ms (keyed= 0.000ms group_by=  0.001ms per_group= 0.004ms)
[pe] round=101 work=       11 frontier=       62 next=       11 consolidate=  0.009ms frontier=  0.002ms semisort=  0.013ms (keyed= 0.000ms group_by=  0.002ms per_group= 0.005ms)
[pe] round=102 work=       11 frontier=       28 next=       11 consolidate=  0.011ms frontier=  0.001ms semisort=  0.008ms (keyed= 0.000ms group_by=  0.001ms per_group= 0.003ms)
[pe] round=103 work=       11 frontier=       44 next=       11 consolidate=  0.013ms frontier=  0.001ms semisort=  0.009ms (keyed= 0.000ms group_by=  0.001ms per_group= 0.004ms)
[pe] round=104 work=       11 frontier=       22 next=       11 consolidate=  0.009ms frontier=  0.002ms semisort=  0.006ms (keyed= 0.000ms group_by=  0.001ms per_group= 0.003ms)
[pe] round=105 work=       11 frontier=       62 next=       11 consolidate=  0.013ms frontier=  0.001ms semisort=  0.013ms (keyed= 0.000ms group_by=  0.003ms per_group= 0.004ms)
[pe] round=106 work=       11 frontier=       28 next=       11 consolidate=  0.012ms frontier=  0.001ms semisort=  0.008ms (keyed= 0.000ms group_by=  0.001ms per_group= 0.004ms)
[pe] round=107 work=       11 frontier=       44 next=       11 consolidate=  0.010ms frontier=  0.001ms semisort=  0.008ms (keyed= 0.000ms group_by=  0.001ms per_group= 0.003ms)
[pe] round=108 work=       11 frontier=       22 next=       11 consolidate=  0.011ms frontier=  0.001ms semisort=  0.007ms (keyed= 0.000ms group_by=  0.001ms per_group= 0.004ms)
[pe] round=109 work=       11 frontier=       62 next=       11 consolidate=  0.012ms frontier=  0.001ms semisort=  0.011ms (keyed= 0.000ms group_by=  0.002ms per_group= 0.004ms)
[pe] round=110 work=       11 frontier=       28 next=       11 consolidate=  0.011ms frontier=  0.001ms semisort=  0.008ms (keyed= 0.000ms group_by=  0.001ms per_group= 0.004ms)
[pe] round=111 work=       11 frontier=       44 next=       11 consolidate=  0.013ms frontier=  0.001ms semisort=  0.008ms (keyed= 0.000ms group_by=  0.001ms per_group= 0.003ms)
[pe] round=112 work=       11 frontier=       22 next=       11 consolidate=  0.013ms frontier=  0.001ms semisort=  0.006ms (keyed= 0.000ms group_by=  0.001ms per_group= 0.003ms)
[pe] round=113 work=       11 frontier=       62 next=       11 consolidate=  0.012ms frontier=  0.001ms semisort=  0.012ms (keyed= 0.000ms group_by=  0.002ms per_group= 0.005ms)
[pe] round=114 work=       11 frontier=       28 next=       11 consolidate=  0.011ms frontier=  0.001ms semisort=  0.008ms (keyed= 0.000ms group_by=  0.001ms per_group= 0.004ms)
[pe] round=115 work=       11 frontier=       44 next=       11 consolidate=  0.012ms frontier=  0.001ms semisort=  0.009ms (keyed= 0.000ms group_by=  0.001ms per_group= 0.004ms)
[pe] round=116 work=       11 frontier=       22 next=       11 consolidate=  0.011ms frontier=  0.001ms semisort=  0.007ms (keyed= 0.000ms group_by=  0.001ms per_group= 0.004ms)
[pe] round=117 work=       11 frontier=       62 next=       11 consolidate=  0.011ms frontier=  0.001ms semisort=  0.013ms (keyed= 0.000ms group_by=  0.002ms per_group= 0.005ms)
[pe] round=118 work=       11 frontier=       28 next=       11 consolidate=  0.010ms frontier=  0.001ms semisort=  0.009ms (keyed= 0.000ms group_by=  0.001ms per_group= 0.004ms)
[pe] round=119 work=       11 frontier=       44 next=       11 consolidate=  0.013ms frontier=  0.001ms semisort=  0.008ms (keyed= 0.000ms group_by=  0.001ms per_group= 0.003ms)
[pe] round=120 work=       11 frontier=       22 next=       11 consolidate=  0.013ms frontier=  0.001ms semisort=  0.007ms (keyed= 0.000ms group_by=  0.001ms per_group= 0.003ms)
[pe] round=121 work=       11 frontier=       62 next=       11 consolidate=  0.013ms frontier=  0.001ms semisort=  0.012ms (keyed= 0.000ms group_by=  0.002ms per_group= 0.004ms)
[pe] round=122 work=       11 frontier=       28 next=       11 consolidate=  0.014ms frontier=  0.001ms semisort=  0.009ms (keyed= 0.000ms group_by=  0.002ms per_group= 0.004ms)
[pe] round=123 work=       11 frontier=       44 next=       11 consolidate=  0.012ms frontier=  0.001ms semisort=  0.008ms (keyed= 0.000ms group_by=  0.001ms per_group= 0.003ms)
[pe] round=124 work=       11 frontier=       22 next=       11 consolidate=  0.011ms frontier=  0.001ms semisort=  0.007ms (keyed= 0.000ms group_by=  0.001ms per_group= 0.004ms)
[pe] round=125 work=       11 frontier=       62 next=       11 consolidate=  0.012ms frontier=  0.001ms semisort=  0.015ms (keyed= 0.000ms group_by=  0.002ms per_group= 0.007ms)
[pe] round=126 work=       11 frontier=       28 next=       11 consolidate=  0.014ms frontier=  0.001ms semisort=  0.008ms (keyed= 0.000ms group_by=  0.001ms per_group= 0.004ms)
[pe] round=127 work=       11 frontier=       44 next=       11 consolidate=  0.012ms frontier=  0.001ms semisort=  0.009ms (keyed= 0.000ms group_by=  0.001ms per_group= 0.004ms)
[pe] round=128 work=       11 frontier=       22 next=       11 consolidate=  0.009ms frontier=  0.002ms semisort=  0.006ms (keyed= 0.000ms group_by=  0.001ms per_group= 0.003ms)
[pe] round=129 work=       11 frontier=       62 next=       11 consolidate=  0.010ms frontier=  0.001ms semisort=  0.013ms (keyed= 0.000ms group_by=  0.002ms per_group= 0.005ms)
[pe] round=130 work=       11 frontier=       28 next=       11 consolidate=  0.012ms frontier=  0.001ms semisort=  0.008ms (keyed= 0.000ms group_by=  0.001ms per_group= 0.004ms)
[pe] round=131 work=       11 frontier=       44 next=       11 consolidate=  0.011ms frontier=  0.002ms semisort=  0.009ms (keyed= 0.000ms group_by=  0.002ms per_group= 0.003ms)
[pe] round=132 work=       11 frontier=       22 next=       11 consolidate=  0.010ms frontier=  0.001ms semisort=  0.007ms (keyed= 0.000ms group_by=  0.001ms per_group= 0.004ms)
[pe] round=133 work=       11 frontier=       62 next=       11 consolidate=  0.013ms frontier=  0.001ms semisort=  0.012ms (keyed= 0.000ms group_by=  0.002ms per_group= 0.004ms)
[pe] round=134 work=       11 frontier=       28 next=       11 consolidate=  0.009ms frontier=  0.001ms semisort=  0.008ms (keyed= 0.000ms group_by=  0.001ms per_group= 0.003ms)
[pe] round=135 work=       11 frontier=       44 next=       11 consolidate=  0.012ms frontier=  0.001ms semisort=  0.008ms (keyed= 0.000ms group_by=  0.001ms per_group= 0.004ms)
[pe] round=136 work=       11 frontier=       22 next=       11 consolidate=  0.011ms frontier=  0.001ms semisort=  0.006ms (keyed= 0.000ms group_by=  0.001ms per_group= 0.003ms)
[pe] round=137 work=       11 frontier=       62 next=       11 consolidate=  0.017ms frontier=  0.001ms semisort=  0.012ms (keyed= 0.000ms group_by=  0.002ms per_group= 0.004ms)
[pe] round=138 work=       11 frontier=       28 next=       11 consolidate=  0.011ms frontier=  0.001ms semisort=  0.008ms (keyed= 0.000ms group_by=  0.001ms per_group= 0.004ms)
[pe] round=139 work=       11 frontier=       44 next=       11 consolidate=  0.012ms frontier=  0.001ms semisort=  0.008ms (keyed= 0.000ms group_by=  0.001ms per_group= 0.003ms)
[pe] round=140 work=       11 frontier=       22 next=       11 consolidate=  0.010ms frontier=  0.001ms semisort=  0.007ms (keyed= 0.000ms group_by=  0.001ms per_group= 0.003ms)
[pe] round=141 work=       11 frontier=       62 next=       11 consolidate=  0.013ms frontier=  0.001ms semisort=  0.012ms (keyed= 0.000ms group_by=  0.002ms per_group= 0.004ms)
[pe] round=142 work=       11 frontier=       28 next=       11 consolidate=  0.010ms frontier=  0.001ms semisort=  0.009ms (keyed= 0.000ms group_by=  0.001ms per_group= 0.004ms)
[pe] round=143 work=       11 frontier=       44 next=       11 consolidate=  0.010ms frontier=  0.001ms semisort=  0.009ms (keyed= 0.000ms group_by=  0.001ms per_group= 0.004ms)
[pe] round=144 work=       11 frontier=       22 next=       11 consolidate=  0.011ms frontier=  0.001ms semisort=  0.006ms (keyed= 0.000ms group_by=  0.001ms per_group= 0.003ms)
[pe] round=145 work=       11 frontier=       62 next=       11 consolidate=  0.012ms frontier=  0.001ms semisort=  0.012ms (keyed= 0.000ms group_by=  0.002ms per_group= 0.004ms)
[pe] round=146 work=       11 frontier=       28 next=       11 consolidate=  0.011ms frontier=  0.001ms semisort=  0.008ms (keyed= 0.000ms group_by=  0.001ms per_group= 0.004ms)
[pe] round=147 work=       11 frontier=       44 next=       11 consolidate=  0.011ms frontier=  0.001ms semisort=  0.008ms (keyed= 0.000ms group_by=  0.001ms per_group= 0.004ms)
[pe] round=148 work=       11 frontier=       22 next=       11 consolidate=  0.010ms frontier=  0.001ms semisort=  0.007ms (keyed= 0.000ms group_by=  0.001ms per_group= 0.004ms)
[pe] round=149 work=       11 frontier=       62 next=       11 consolidate=  0.012ms frontier=  0.001ms semisort=  0.012ms (keyed= 0.000ms group_by=  0.002ms per_group= 0.004ms)
[pe] round=150 work=       11 frontier=       28 next=       11 consolidate=  0.010ms frontier=  0.001ms semisort=  0.009ms (keyed= 0.000ms group_by=  0.001ms per_group= 0.004ms)
[pe] round=151 work=       11 frontier=       44 next=       11 consolidate=  0.011ms frontier=  0.001ms semisort=  0.008ms (keyed= 0.000ms group_by=  0.001ms per_group= 0.003ms)
[pe] round=152 work=       11 frontier=       22 next=       11 consolidate=  0.011ms frontier=  0.001ms semisort=  0.006ms (keyed= 0.000ms group_by=  0.001ms per_group= 0.003ms)
[pe] round=153 work=       11 frontier=       62 next=       11 consolidate=  0.010ms frontier=  0.002ms semisort=  0.013ms (keyed= 0.000ms group_by=  0.002ms per_group= 0.005ms)
[pe] round=154 work=       11 frontier=       28 next=       11 consolidate=  0.011ms frontier=  0.001ms semisort=  0.008ms (keyed= 0.000ms group_by=  0.001ms per_group= 0.004ms)
[pe] round=155 work=       11 frontier=       44 next=       11 consolidate=  0.011ms frontier=  0.001ms semisort=  0.009ms (keyed= 0.000ms group_by=  0.001ms per_group= 0.003ms)
[pe] round=156 work=       11 frontier=       22 next=       11 consolidate=  0.009ms frontier=  0.002ms semisort=  0.007ms (keyed= 0.000ms group_by=  0.001ms per_group= 0.003ms)
[pe] round=157 work=       11 frontier=       62 next=       11 consolidate=  0.011ms frontier=  0.001ms semisort=  0.012ms (keyed= 0.000ms group_by=  0.002ms per_group= 0.004ms)
[pe] round=158 work=       11 frontier=       28 next=       11 consolidate=  0.010ms frontier=  0.001ms semisort=  0.008ms (keyed= 0.000ms group_by=  0.001ms per_group= 0.004ms)
[pe] round=159 work=       11 frontier=       44 next=       11 consolidate=  0.010ms frontier=  0.002ms semisort=  0.009ms (keyed= 0.000ms group_by=  0.001ms per_group= 0.004ms)
[pe] round=160 work=       11 frontier=       22 next=       11 consolidate=  0.011ms frontier=  0.001ms semisort=  0.006ms (keyed= 0.000ms group_by=  0.001ms per_group= 0.003ms)
[pe] round=161 work=       11 frontier=       62 next=       11 consolidate=  0.012ms frontier=  0.001ms semisort=  0.012ms (keyed= 0.000ms group_by=  0.002ms per_group= 0.004ms)
[pe] round=162 work=       11 frontier=       28 next=       11 consolidate=  0.011ms frontier=  0.001ms semisort=  0.008ms (keyed= 0.000ms group_by=  0.001ms per_group= 0.004ms)
[pe] round=163 work=       11 frontier=       44 next=       11 consolidate=  0.012ms frontier=  0.001ms semisort=  0.008ms (keyed= 0.000ms group_by=  0.001ms per_group= 0.003ms)
[pe] round=164 work=       11 frontier=       22 next=       11 consolidate=  0.010ms frontier=  0.001ms semisort=  0.007ms (keyed= 0.000ms group_by=  0.001ms per_group= 0.003ms)
[pe] round=165 work=       11 frontier=       62 next=       11 consolidate=  0.013ms frontier=  0.001ms semisort=  0.013ms (keyed= 0.000ms group_by=  0.002ms per_group= 0.004ms)
[pe] round=166 work=       11 frontier=       28 next=       11 consolidate=  0.009ms frontier=  0.001ms semisort=  0.009ms (keyed= 0.000ms group_by=  0.002ms per_group= 0.003ms)
[pe] round=167 work=       11 frontier=       44 next=       11 consolidate=  0.012ms frontier=  0.001ms semisort=  0.008ms (keyed= 0.000ms group_by=  0.001ms per_group= 0.004ms)
[pe] round=168 work=       11 frontier=       22 next=       11 consolidate=  0.011ms frontier=  0.001ms semisort=  0.006ms (keyed= 0.000ms group_by=  0.001ms per_group= 0.003ms)
[pe] round=169 work=       11 frontier=       62 next=       11 consolidate=  0.008ms frontier=  0.002ms semisort=  0.013ms (keyed= 0.000ms group_by=  0.002ms per_group= 0.005ms)
[pe] round=170 work=       11 frontier=       28 next=       11 consolidate=  0.011ms frontier=  0.001ms semisort=  0.008ms (keyed= 0.000ms group_by=  0.001ms per_group= 0.004ms)
[pe] round=171 work=       11 frontier=       44 next=       11 consolidate=  0.011ms frontier=  0.001ms semisort=  0.008ms (keyed= 0.000ms group_by=  0.001ms per_group= 0.003ms)
[pe] round=172 work=       11 frontier=       22 next=       11 consolidate=  0.009ms frontier=  0.002ms semisort=  0.007ms (keyed= 0.000ms group_by=  0.001ms per_group= 0.003ms)
[pe] round=173 work=       11 frontier=       62 next=       11 consolidate=  0.012ms frontier=  0.001ms semisort=  0.013ms (keyed= 0.000ms group_by=  0.003ms per_group= 0.004ms)
[pe] round=174 work=       11 frontier=       28 next=       11 consolidate=  0.010ms frontier=  0.001ms semisort=  0.009ms (keyed= 0.000ms group_by=  0.002ms per_group= 0.004ms)
[pe] round=175 work=       11 frontier=       44 next=       11 consolidate=  0.011ms frontier=  0.002ms semisort=  0.008ms (keyed= 0.000ms group_by=  0.001ms per_group= 0.003ms)
[pe] round=176 work=       11 frontier=       22 next=       11 consolidate=  0.011ms frontier=  0.001ms semisort=  0.006ms (keyed= 0.000ms group_by=  0.001ms per_group= 0.003ms)
[pe] round=177 work=       11 frontier=       62 next=       11 consolidate=  0.013ms frontier=  0.001ms semisort=  0.014ms (keyed= 0.000ms group_by=  0.003ms per_group= 0.005ms)
[pe] round=178 work=       11 frontier=       28 next=       11 consolidate=  0.009ms frontier=  0.001ms semisort=  0.008ms (keyed= 0.000ms group_by=  0.002ms per_group= 0.003ms)
[pe] round=179 work=       11 frontier=       44 next=       11 consolidate=  0.011ms frontier=  0.001ms semisort=  0.009ms (keyed= 0.000ms group_by=  0.001ms per_group= 0.004ms)
[pe] round=180 work=       11 frontier=       22 next=       11 consolidate=  0.015ms frontier=  0.001ms semisort=  0.007ms (keyed= 0.000ms group_by=  0.001ms per_group= 0.003ms)
[pe] round=181 work=       11 frontier=       62 next=       11 consolidate=  0.013ms frontier=  0.001ms semisort=  0.012ms (keyed= 0.000ms group_by=  0.002ms per_group= 0.004ms)
[pe] round=182 work=       11 frontier=       28 next=       11 consolidate=  0.009ms frontier=  0.001ms semisort=  0.008ms (keyed= 0.000ms group_by=  0.001ms per_group= 0.004ms)
[pe] round=183 work=       11 frontier=       44 next=       11 consolidate=  0.013ms frontier=  0.001ms semisort=  0.008ms (keyed= 0.000ms group_by=  0.001ms per_group= 0.003ms)
[pe] round=184 work=       11 frontier=       22 next=       11 consolidate=  0.011ms frontier=  0.001ms semisort=  0.007ms (keyed= 0.000ms group_by=  0.001ms per_group= 0.004ms)
[pe] round=185 work=       11 frontier=       62 next=       11 consolidate=  0.011ms frontier=  0.001ms semisort=  0.012ms (keyed= 0.000ms group_by=  0.002ms per_group= 0.004ms)
[pe] round=186 work=       11 frontier=       28 next=       11 consolidate=  0.011ms frontier=  0.001ms semisort=  0.009ms (keyed= 0.000ms group_by=  0.002ms per_group= 0.004ms)
[pe] round=187 work=       11 frontier=       44 next=       11 consolidate=  0.011ms frontier=  0.001ms semisort=  0.008ms (keyed= 0.000ms group_by=  0.001ms per_group= 0.003ms)
[pe] round=188 work=       11 frontier=       22 next=       11 consolidate=  0.011ms frontier=  0.001ms semisort=  0.007ms (keyed= 0.000ms group_by=  0.001ms per_group= 0.004ms)
[pe] round=189 work=       11 frontier=       62 next=       11 consolidate=  0.011ms frontier=  0.001ms semisort=  0.012ms (keyed= 0.000ms group_by=  0.002ms per_group= 0.004ms)
[pe] round=190 work=       11 frontier=       28 next=       11 consolidate=  0.010ms frontier=  0.001ms semisort=  0.008ms (keyed= 0.000ms group_by=  0.002ms per_group= 0.004ms)
[pe] round=191 work=       11 frontier=       44 next=       11 consolidate=  0.011ms frontier=  0.001ms semisort=  0.009ms (keyed= 0.000ms group_by=  0.001ms per_group= 0.004ms)
[pe] round=192 work=       11 frontier=       22 next=       11 consolidate=  0.012ms frontier=  0.001ms semisort=  0.007ms (keyed= 0.000ms group_by=  0.001ms per_group= 0.003ms)
[pe] round=193 work=       11 frontier=       62 next=       11 consolidate=  0.012ms frontier=  0.001ms semisort=  0.013ms (keyed= 0.000ms group_by=  0.002ms per_group= 0.004ms)
[pe] round=194 work=       11 frontier=       28 next=       11 consolidate=  0.011ms frontier=  0.001ms semisort=  0.009ms (keyed= 0.000ms group_by=  0.002ms per_group= 0.004ms)
[pe] round=195 work=       11 frontier=       44 next=       11 consolidate=  0.012ms frontier=  0.001ms semisort=  0.008ms (keyed= 0.000ms group_by=  0.001ms per_group= 0.003ms)
[pe] round=196 work=       11 frontier=       22 next=       11 consolidate=  0.011ms frontier=  0.001ms semisort=  0.007ms (keyed= 0.000ms group_by=  0.001ms per_group= 0.004ms)
[pe] round=197 work=       11 frontier=       62 next=       11 consolidate=  0.012ms frontier=  0.001ms semisort=  0.013ms (keyed= 0.000ms group_by=  0.003ms per_group= 0.004ms)
[pe] round=198 work=       11 frontier=       28 next=       11 consolidate=  0.012ms frontier=  0.001ms semisort=  0.008ms (keyed= 0.000ms group_by=  0.002ms per_group= 0.003ms)
[pe] round=199 work=       11 frontier=       44 next=       11 consolidate=  0.011ms frontier=  0.001ms semisort=  0.008ms (keyed= 0.000ms group_by=  0.001ms per_group= 0.004ms)
[pe] round=200 work=       11 frontier=       22 next=       11 consolidate=  0.011ms frontier=  0.001ms semisort=  0.007ms (keyed= 0.000ms group_by=  0.001ms per_group= 0.003ms)
[pe] round=201 work=       11 frontier=       62 next=       11 consolidate=  0.013ms frontier=  0.001ms semisort=  0.014ms (keyed= 0.000ms group_by=  0.003ms per_group= 0.005ms)
[pe] round=202 work=       11 frontier=       28 next=       11 consolidate=  0.012ms frontier=  0.001ms semisort=  0.008ms (keyed= 0.000ms group_by=  0.001ms per_group= 0.004ms)
[pe] round=203 work=       11 frontier=       44 next=       11 consolidate=  0.012ms frontier=  0.001ms semisort=  0.008ms (keyed= 0.000ms group_by=  0.001ms per_group= 0.003ms)
[pe] round=204 work=       11 frontier=       22 next=       11 consolidate=  0.009ms frontier=  0.002ms semisort=  0.007ms (keyed= 0.000ms group_by=  0.001ms per_group= 0.003ms)
[pe] round=205 work=       11 frontier=       62 next=       11 consolidate=  0.012ms frontier=  0.001ms semisort=  0.012ms (keyed= 0.000ms group_by=  0.002ms per_group= 0.004ms)
[pe] round=206 work=       11 frontier=       28 next=       11 consolidate=  0.010ms frontier=  0.001ms semisort=  0.009ms (keyed= 0.000ms group_by=  0.001ms per_group= 0.004ms)
[pe] round=207 work=       11 frontier=       44 next=       11 consolidate=  0.011ms frontier=  0.002ms semisort=  0.009ms (keyed= 0.000ms group_by=  0.001ms per_group= 0.003ms)
[pe] round=208 work=       11 frontier=       22 next=       11 consolidate=  0.011ms frontier=  0.001ms semisort=  0.007ms (keyed= 0.000ms group_by=  0.001ms per_group= 0.003ms)
[pe] round=209 work=       11 frontier=       70 next=       11 consolidate=  0.013ms frontier=  0.001ms semisort=  0.015ms (keyed= 0.000ms group_by=  0.002ms per_group= 0.005ms)
[pe] round=210 work=       11 frontier=       28 next=        7 consolidate=  0.008ms frontier=  0.002ms semisort=  0.008ms (keyed= 0.000ms group_by=  0.001ms per_group= 0.003ms)
[pe] round=211 work=        7 frontier=       28 next=        7 consolidate=  0.007ms frontier=  0.001ms semisort=  0.006ms (keyed= 0.000ms group_by=  0.001ms per_group= 0.003ms)
[pe] round=212 work=        7 frontier=       14 next=        7 consolidate=  0.008ms frontier=  0.001ms semisort=  0.005ms (keyed= 0.000ms group_by=  0.001ms per_group= 0.003ms)
[pe] round=213 work=        7 frontier=       46 next=        7 consolidate=  0.008ms frontier=  0.001ms semisort=  0.010ms (keyed= 0.000ms group_by=  0.002ms per_group= 0.003ms)
[pe] round=214 work=        7 frontier=       20 next=        7 consolidate=  0.007ms frontier=  0.001ms semisort=  0.007ms (keyed= 0.000ms group_by=  0.001ms per_group= 0.003ms)
[pe] round=215 work=        7 frontier=       28 next=        7 consolidate=  0.008ms frontier=  0.001ms semisort=  0.006ms (keyed= 0.000ms group_by=  0.001ms per_group= 0.002ms)
[pe] round=216 work=        7 frontier=       14 next=        7 consolidate=  0.007ms frontier=  0.001ms semisort=  0.005ms (keyed= 0.000ms group_by=  0.001ms per_group= 0.003ms)
[pe] round=217 work=        7 frontier=       46 next=        7 consolidate=  0.007ms frontier=  0.001ms semisort=  0.010ms (keyed= 0.000ms group_by=  0.001ms per_group= 0.003ms)
[pe] round=218 work=        7 frontier=       20 next=        7 consolidate=  0.008ms frontier=  0.001ms semisort=  0.007ms (keyed= 0.000ms group_by=  0.001ms per_group= 0.003ms)
[pe] round=219 work=        7 frontier=       28 next=        7 consolidate=  0.007ms frontier=  0.001ms semisort=  0.006ms (keyed= 0.000ms group_by=  0.001ms per_group= 0.002ms)
[pe] round=220 work=        7 frontier=       14 next=        7 consolidate=  0.007ms frontier=  0.001ms semisort=  0.006ms (keyed= 0.000ms group_by=  0.001ms per_group= 0.003ms)
[pe] round=221 work=        7 frontier=       46 next=        7 consolidate=  0.008ms frontier=  0.001ms semisort=  0.010ms (keyed= 0.000ms group_by=  0.002ms per_group= 0.003ms)
[pe] round=222 work=        7 frontier=       20 next=        7 consolidate=  0.008ms frontier=  0.001ms semisort=  0.007ms (keyed= 0.000ms group_by=  0.001ms per_group= 0.003ms)
[pe] round=223 work=        7 frontier=       28 next=        7 consolidate=  0.008ms frontier=  0.001ms semisort=  0.006ms (keyed= 0.000ms group_by=  0.001ms per_group= 0.002ms)
[pe] round=224 work=        7 frontier=       14 next=        7 consolidate=  0.007ms frontier=  0.001ms semisort=  0.005ms (keyed= 0.000ms group_by=  0.001ms per_group= 0.003ms)
[pe] round=225 work=        7 frontier=       46 next=        7 consolidate=  0.012ms frontier=  0.001ms semisort=  0.010ms (keyed= 0.000ms group_by=  0.002ms per_group= 0.004ms)
[pe] round=226 work=        7 frontier=       20 next=        7 consolidate=  0.008ms frontier=  0.001ms semisort=  0.006ms (keyed= 0.000ms group_by=  0.001ms per_group= 0.003ms)
[pe] round=227 work=        7 frontier=       28 next=        7 consolidate=  0.007ms frontier=  0.001ms semisort=  0.006ms (keyed= 0.000ms group_by=  0.001ms per_group= 0.002ms)
[pe] round=228 work=        7 frontier=       14 next=        7 consolidate=  0.006ms frontier=  0.001ms semisort=  0.005ms (keyed= 0.000ms group_by=  0.001ms per_group= 0.003ms)
[pe] round=229 work=        7 frontier=       46 next=        7 consolidate=  0.008ms frontier=  0.001ms semisort=  0.012ms (keyed= 0.000ms group_by=  0.002ms per_group= 0.005ms)
[pe] round=230 work=        7 frontier=       20 next=        7 consolidate=  0.008ms frontier=  0.001ms semisort=  0.006ms (keyed= 0.000ms group_by=  0.001ms per_group= 0.002ms)
[pe] round=231 work=        7 frontier=       28 next=        7 consolidate=  0.008ms frontier=  0.001ms semisort=  0.006ms (keyed= 0.000ms group_by=  0.001ms per_group= 0.002ms)
[pe] round=232 work=        7 frontier=       14 next=        7 consolidate=  0.007ms frontier=  0.001ms semisort=  0.005ms (keyed= 0.000ms group_by=  0.001ms per_group= 0.003ms)
[pe] round=233 work=        7 frontier=       46 next=        7 consolidate=  0.008ms frontier=  0.001ms semisort=  0.009ms (keyed= 0.000ms group_by=  0.002ms per_group= 0.003ms)
[pe] round=234 work=        7 frontier=       20 next=        7 consolidate=  0.007ms frontier=  0.001ms semisort=  0.006ms (keyed= 0.000ms group_by=  0.001ms per_group= 0.003ms)
[pe] round=235 work=        7 frontier=       28 next=        7 consolidate=  0.007ms frontier=  0.001ms semisort=  0.006ms (keyed= 0.000ms group_by=  0.001ms per_group= 0.002ms)
[pe] round=236 work=        7 frontier=       14 next=        7 consolidate=  0.008ms frontier=  0.001ms semisort=  0.005ms (keyed= 0.000ms group_by=  0.001ms per_group= 0.003ms)
[pe] round=237 work=        7 frontier=       46 next=        7 consolidate=  0.008ms frontier=  0.001ms semisort=  0.009ms (keyed= 0.000ms group_by=  0.001ms per_group= 0.003ms)
[pe] round=238 work=        7 frontier=       20 next=        7 consolidate=  0.006ms frontier=  0.001ms semisort=  0.006ms (keyed= 0.000ms group_by=  0.001ms per_group= 0.003ms)
[pe] round=239 work=        7 frontier=       28 next=        7 consolidate=  0.008ms frontier=  0.001ms semisort=  0.006ms (keyed= 0.000ms group_by=  0.001ms per_group= 0.002ms)
[pe] round=240 work=        7 frontier=       14 next=        7 consolidate=  0.007ms frontier=  0.001ms semisort=  0.005ms (keyed= 0.000ms group_by=  0.001ms per_group= 0.002ms)
[pe] round=241 work=        7 frontier=       46 next=        7 consolidate=  0.008ms frontier=  0.001ms semisort=  0.010ms (keyed= 0.000ms group_by=  0.002ms per_group= 0.003ms)
[pe] round=242 work=        7 frontier=       20 next=        7 consolidate=  0.008ms frontier=  0.001ms semisort=  0.007ms (keyed= 0.000ms group_by=  0.001ms per_group= 0.003ms)
[pe] round=243 work=        7 frontier=       28 next=        7 consolidate=  0.007ms frontier=  0.001ms semisort=  0.006ms (keyed= 0.000ms group_by=  0.001ms per_group= 0.002ms)
[pe] round=244 work=        7 frontier=       14 next=        7 consolidate=  0.006ms frontier=  0.001ms semisort=  0.005ms (keyed= 0.000ms group_by=  0.001ms per_group= 0.003ms)
[pe] round=245 work=        7 frontier=       46 next=        7 consolidate=  0.008ms frontier=  0.001ms semisort=  0.010ms (keyed= 0.000ms group_by=  0.002ms per_group= 0.003ms)
[pe] round=246 work=        7 frontier=       20 next=        7 consolidate=  0.007ms frontier=  0.001ms semisort=  0.007ms (keyed= 0.000ms group_by=  0.001ms per_group= 0.003ms)
[pe] round=247 work=        7 frontier=       28 next=        7 consolidate=  0.007ms frontier=  0.001ms semisort=  0.005ms (keyed= 0.000ms group_by=  0.001ms per_group= 0.002ms)
[pe] round=248 work=        7 frontier=       14 next=        7 consolidate=  0.007ms frontier=  0.001ms semisort=  0.005ms (keyed= 0.000ms group_by=  0.001ms per_group= 0.003ms)
[pe] round=249 work=        7 frontier=       46 next=        7 consolidate=  0.007ms frontier=  0.001ms semisort=  0.009ms (keyed= 0.000ms group_by=  0.001ms per_group= 0.003ms)
[pe] round=250 work=        7 frontier=       20 next=        7 consolidate=  0.007ms frontier=  0.001ms semisort=  0.006ms (keyed= 0.000ms group_by=  0.001ms per_group= 0.003ms)
[pe] round=251 work=        7 frontier=       28 next=        7 consolidate=  0.007ms frontier=  0.001ms semisort=  0.006ms (keyed= 0.000ms group_by=  0.001ms per_group= 0.002ms)
[pe] round=252 work=        7 frontier=       14 next=        7 consolidate=  0.007ms frontier=  0.001ms semisort=  0.005ms (keyed= 0.000ms group_by=  0.001ms per_group= 0.003ms)
[pe] round=253 work=        7 frontier=       46 next=        7 consolidate=  0.007ms frontier=  0.001ms semisort=  0.010ms (keyed= 0.000ms group_by=  0.001ms per_group= 0.003ms)
[pe] round=254 work=        7 frontier=       20 next=        7 consolidate=  0.007ms frontier=  0.001ms semisort=  0.006ms (keyed= 0.000ms group_by=  0.001ms per_group= 0.003ms)
[pe] round=255 work=        7 frontier=       28 next=        7 consolidate=  0.008ms frontier=  0.001ms semisort=  0.006ms (keyed= 0.000ms group_by=  0.001ms per_group= 0.002ms)
[pe] round=256 work=        7 frontier=       14 next=        7 consolidate=  0.007ms frontier=  0.001ms semisort=  0.005ms (keyed= 0.000ms group_by=  0.001ms per_group= 0.003ms)
[pe] round=257 work=        7 frontier=       46 next=        7 consolidate=  0.007ms frontier=  0.001ms semisort=  0.010ms (keyed= 0.000ms group_by=  0.001ms per_group= 0.003ms)
[pe] round=258 work=        7 frontier=       20 next=        7 consolidate=  0.006ms frontier=  0.002ms semisort=  0.006ms (keyed= 0.000ms group_by=  0.001ms per_group= 0.003ms)
[pe] round=259 work=        7 frontier=       28 next=        7 consolidate=  0.008ms frontier=  0.001ms semisort=  0.005ms (keyed= 0.000ms group_by=  0.001ms per_group= 0.002ms)
[pe] round=260 work=        7 frontier=       14 next=        7 consolidate=  0.007ms frontier=  0.001ms semisort=  0.005ms (keyed= 0.000ms group_by=  0.001ms per_group= 0.003ms)
[pe] round=261 work=        7 frontier=       46 next=        7 consolidate=  0.008ms frontier=  0.001ms semisort=  0.010ms (keyed= 0.000ms group_by=  0.002ms per_group= 0.003ms)
[pe] round=262 work=        7 frontier=       20 next=        7 consolidate=  0.008ms frontier=  0.001ms semisort=  0.006ms (keyed= 0.000ms group_by=  0.001ms per_group= 0.003ms)
[pe] round=263 work=        7 frontier=       28 next=        7 consolidate=  0.007ms frontier=  0.001ms semisort=  0.006ms (keyed= 0.000ms group_by=  0.001ms per_group= 0.002ms)
[pe] round=264 work=        7 frontier=       14 next=        7 consolidate=  0.007ms frontier=  0.001ms semisort=  0.005ms (keyed= 0.000ms group_by=  0.001ms per_group= 0.003ms)
[pe] round=265 work=        7 frontier=       46 next=        7 consolidate=  0.007ms frontier=  0.001ms semisort=  0.010ms (keyed= 0.000ms group_by=  0.002ms per_group= 0.004ms)
[pe] round=266 work=        7 frontier=       20 next=        7 consolidate=  0.007ms frontier=  0.001ms semisort=  0.006ms (keyed= 0.000ms group_by=  0.001ms per_group= 0.003ms)
[pe] round=267 work=        7 frontier=       28 next=        7 consolidate=  0.008ms frontier=  0.001ms semisort=  0.006ms (keyed= 0.000ms group_by=  0.001ms per_group= 0.002ms)
[pe] round=268 work=        7 frontier=       14 next=        7 consolidate=  0.008ms frontier=  0.001ms semisort=  0.005ms (keyed= 0.000ms group_by=  0.001ms per_group= 0.003ms)
[pe] round=269 work=        7 frontier=       46 next=        7 consolidate=  0.008ms frontier=  0.001ms semisort=  0.010ms (keyed= 0.000ms group_by=  0.002ms per_group= 0.003ms)
[pe] round=270 work=        7 frontier=       20 next=        7 consolidate=  0.008ms frontier=  0.001ms semisort=  0.007ms (keyed= 0.000ms group_by=  0.001ms per_group= 0.003ms)
[pe] round=271 work=        7 frontier=       28 next=        7 consolidate=  0.007ms frontier=  0.001ms semisort=  0.006ms (keyed= 0.000ms group_by=  0.001ms per_group= 0.002ms)
[pe] round=272 work=        7 frontier=       14 next=        7 consolidate=  0.006ms frontier=  0.001ms semisort=  0.005ms (keyed= 0.000ms group_by=  0.001ms per_group= 0.002ms)
[pe] round=273 work=        7 frontier=       46 next=        7 consolidate=  0.007ms frontier=  0.001ms semisort=  0.011ms (keyed= 0.000ms group_by=  0.002ms per_group= 0.003ms)
[pe] round=274 work=        7 frontier=       20 next=        7 consolidate=  0.008ms frontier=  0.001ms semisort=  0.006ms (keyed= 0.000ms group_by=  0.001ms per_group= 0.003ms)
[pe] round=275 work=        7 frontier=       28 next=        7 consolidate=  0.008ms frontier=  0.001ms semisort=  0.006ms (keyed= 0.000ms group_by=  0.001ms per_group= 0.003ms)
[pe] round=276 work=        7 frontier=       14 next=        7 consolidate=  0.007ms frontier=  0.001ms semisort=  0.005ms (keyed= 0.000ms group_by=  0.001ms per_group= 0.003ms)
[pe] round=277 work=        7 frontier=       46 next=        7 consolidate=  0.008ms frontier=  0.001ms semisort=  0.010ms (keyed= 0.000ms group_by=  0.002ms per_group= 0.003ms)
[pe] round=278 work=        7 frontier=       20 next=        7 consolidate=  0.008ms frontier=  0.001ms semisort=  0.007ms (keyed= 0.000ms group_by=  0.001ms per_group= 0.003ms)
[pe] round=279 work=        7 frontier=       28 next=        7 consolidate=  0.007ms frontier=  0.001ms semisort=  0.005ms (keyed= 0.000ms group_by=  0.001ms per_group= 0.002ms)
[pe] round=280 work=        7 frontier=       14 next=        7 consolidate=  0.007ms frontier=  0.001ms semisort=  0.005ms (keyed= 0.000ms group_by=  0.001ms per_group= 0.003ms)
[pe] round=281 work=        7 frontier=       46 next=        7 consolidate=  0.011ms frontier=  0.001ms semisort=  0.010ms (keyed= 0.000ms group_by=  0.002ms per_group= 0.003ms)
[pe] round=282 work=        7 frontier=       20 next=        7 consolidate=  0.007ms frontier=  0.001ms semisort=  0.007ms (keyed= 0.000ms group_by=  0.001ms per_group= 0.003ms)
[pe] round=283 work=        7 frontier=       28 next=        7 consolidate=  0.007ms frontier=  0.001ms semisort=  0.006ms (keyed= 0.000ms group_by=  0.001ms per_group= 0.002ms)
[pe] round=284 work=        7 frontier=       14 next=        7 consolidate=  0.008ms frontier=  0.001ms semisort=  0.006ms (keyed= 0.000ms group_by=  0.001ms per_group= 0.003ms)
[pe] round=285 work=        7 frontier=       46 next=        7 consolidate=  0.007ms frontier=  0.001ms semisort=  0.009ms (keyed= 0.000ms group_by=  0.001ms per_group= 0.003ms)
[pe] round=286 work=        7 frontier=       20 next=        7 consolidate=  0.007ms frontier=  0.001ms semisort=  0.006ms (keyed= 0.000ms group_by=  0.001ms per_group= 0.002ms)
[pe] round=287 work=        7 frontier=       28 next=        7 consolidate=  0.008ms frontier=  0.001ms semisort=  0.006ms (keyed= 0.000ms group_by=  0.001ms per_group= 0.002ms)
[pe] round=288 work=        7 frontier=       14 next=        7 consolidate=  0.007ms frontier=  0.001ms semisort=  0.005ms (keyed= 0.000ms group_by=  0.001ms per_group= 0.003ms)
[pe] round=289 work=        7 frontier=       46 next=        7 consolidate=  0.007ms frontier=  0.001ms semisort=  0.010ms (keyed= 0.000ms group_by=  0.002ms per_group= 0.003ms)
[pe] round=290 work=        7 frontier=       20 next=        7 consolidate=  0.008ms frontier=  0.001ms semisort=  0.006ms (keyed= 0.000ms group_by=  0.001ms per_group= 0.003ms)
[pe] round=291 work=        7 frontier=       28 next=        7 consolidate=  0.007ms frontier=  0.001ms semisort=  0.006ms (keyed= 0.000ms group_by=  0.001ms per_group= 0.002ms)
[pe] round=292 work=        7 frontier=       14 next=        7 consolidate=  0.007ms frontier=  0.001ms semisort=  0.005ms (keyed= 0.000ms group_by=  0.001ms per_group= 0.003ms)
[pe] round=293 work=        7 frontier=       46 next=        7 consolidate=  0.007ms frontier=  0.001ms semisort=  0.010ms (keyed= 0.000ms group_by=  0.002ms per_group= 0.004ms)
[pe] round=294 work=        7 frontier=       20 next=        7 consolidate=  0.007ms frontier=  0.001ms semisort=  0.006ms (keyed= 0.000ms group_by=  0.001ms per_group= 0.002ms)
[pe] round=295 work=        7 frontier=       28 next=        7 consolidate=  0.007ms frontier=  0.001ms semisort=  0.005ms (keyed= 0.000ms group_by=  0.001ms per_group= 0.002ms)
[pe] round=296 work=        7 frontier=       14 next=        7 consolidate=  0.007ms frontier=  0.001ms semisort=  0.005ms (keyed= 0.000ms group_by=  0.001ms per_group= 0.003ms)
[pe] round=297 work=        7 frontier=       46 next=        7 consolidate=  0.007ms frontier=  0.001ms semisort=  0.010ms (keyed= 0.000ms group_by=  0.001ms per_group= 0.003ms)
[pe] round=298 work=        7 frontier=       20 next=        7 consolidate=  0.007ms frontier=  0.002ms semisort=  0.007ms (keyed= 0.000ms group_by=  0.001ms per_group= 0.003ms)
[pe] round=299 work=        7 frontier=       28 next=        7 consolidate=  0.007ms frontier=  0.001ms semisort=  0.006ms (keyed= 0.000ms group_by=  0.001ms per_group= 0.002ms)
[pe] round=300 work=        7 frontier=       14 next=        7 consolidate=  0.008ms frontier=  0.001ms semisort=  0.006ms (keyed= 0.000ms group_by=  0.001ms per_group= 0.003ms)
[pe] round=301 work=        7 frontier=       46 next=        7 consolidate=  0.008ms frontier=  0.001ms semisort=  0.009ms (keyed= 0.000ms group_by=  0.001ms per_group= 0.003ms)
[pe] round=302 work=        7 frontier=       20 next=        7 consolidate=  0.007ms frontier=  0.001ms semisort=  0.007ms (keyed= 0.000ms group_by=  0.001ms per_group= 0.003ms)
[pe] round=303 work=        7 frontier=       28 next=        7 consolidate=  0.008ms frontier=  0.001ms semisort=  0.006ms (keyed= 0.000ms group_by=  0.001ms per_group= 0.002ms)
[pe] round=304 work=        7 frontier=       14 next=        7 consolidate=  0.007ms frontier=  0.001ms semisort=  0.005ms (keyed= 0.000ms group_by=  0.001ms per_group= 0.003ms)
[pe] round=305 work=        7 frontier=       46 next=        7 consolidate=  0.008ms frontier=  0.001ms semisort=  0.012ms (keyed= 0.000ms group_by=  0.002ms per_group= 0.005ms)
[pe] round=306 work=        7 frontier=       20 next=        7 consolidate=  0.008ms frontier=  0.001ms semisort=  0.007ms (keyed= 0.000ms group_by=  0.001ms per_group= 0.003ms)
[pe] round=307 work=        7 frontier=       28 next=        7 consolidate=  0.008ms frontier=  0.001ms semisort=  0.006ms (keyed= 0.000ms group_by=  0.001ms per_group= 0.003ms)
[pe] round=308 work=        7 frontier=       14 next=        7 consolidate=  0.008ms frontier=  0.001ms semisort=  0.006ms (keyed= 0.000ms group_by=  0.001ms per_group= 0.003ms)
[pe] round=309 work=        7 frontier=       46 next=        7 consolidate=  0.009ms frontier=  0.001ms semisort=  0.012ms (keyed= 0.000ms group_by=  0.002ms per_group= 0.005ms)
[pe] round=310 work=        7 frontier=       20 next=        7 consolidate=  0.008ms frontier=  0.001ms semisort=  0.007ms (keyed= 0.000ms group_by=  0.001ms per_group= 0.003ms)
[pe] round=311 work=        7 frontier=       28 next=        7 consolidate=  0.008ms frontier=  0.001ms semisort=  0.006ms (keyed= 0.000ms group_by=  0.001ms per_group= 0.002ms)
[pe] round=312 work=        7 frontier=       14 next=        7 consolidate=  0.008ms frontier=  0.001ms semisort=  0.005ms (keyed= 0.000ms group_by=  0.001ms per_group= 0.003ms)
[pe] round=313 work=        7 frontier=       46 next=        7 consolidate=  0.008ms frontier=  0.001ms semisort=  0.011ms (keyed= 0.000ms group_by=  0.002ms per_group= 0.003ms)
[pe] round=314 work=        7 frontier=       20 next=        7 consolidate=  0.008ms frontier=  0.001ms semisort=  0.007ms (keyed= 0.000ms group_by=  0.001ms per_group= 0.003ms)
[pe] round=315 work=        7 frontier=       28 next=        7 consolidate=  0.007ms frontier=  0.001ms semisort=  0.006ms (keyed= 0.000ms group_by=  0.001ms per_group= 0.002ms)
[pe] round=316 work=        7 frontier=       14 next=        7 consolidate=  0.008ms frontier=  0.001ms semisort=  0.005ms (keyed= 0.000ms group_by=  0.001ms per_group= 0.003ms)
[pe] round=317 work=        7 frontier=       46 next=        7 consolidate=  0.008ms frontier=  0.001ms semisort=  0.010ms (keyed= 0.000ms group_by=  0.001ms per_group= 0.003ms)
[pe] round=318 work=        7 frontier=       20 next=        3 consolidate=  0.008ms frontier=  0.001ms semisort=  0.006ms (keyed= 0.000ms group_by=  0.001ms per_group= 0.002ms)
[pe] round=319 work=        3 frontier=       12 next=        3 consolidate=  0.004ms frontier=  0.001ms semisort=  0.004ms (keyed= 0.000ms group_by=  0.000ms per_group= 0.001ms)
[pe] round=320 work=        3 frontier=        6 next=        3 consolidate=  0.003ms frontier=  0.000ms semisort=  0.003ms (keyed= 0.000ms group_by=  0.000ms per_group= 0.001ms)
[pe] round=321 work=        3 frontier=       30 next=        3 consolidate=  0.004ms frontier=  0.000ms semisort=  0.007ms (keyed= 0.000ms group_by=  0.001ms per_group= 0.002ms)
[pe] round=322 work=        3 frontier=       12 next=        3 consolidate=  0.005ms frontier=  0.001ms semisort=  0.004ms (keyed= 0.000ms group_by=  0.001ms per_group= 0.002ms)
[pe] round=323 work=        3 frontier=       12 next=        3 consolidate=  0.003ms frontier=  0.000ms semisort=  0.003ms (keyed= 0.000ms group_by=  0.000ms per_group= 0.001ms)
[pe] round=324 work=        3 frontier=        6 next=        3 consolidate=  0.003ms frontier=  0.000ms semisort=  0.003ms (keyed= 0.000ms group_by=  0.000ms per_group= 0.001ms)
[pe] round=325 work=        3 frontier=       30 next=        3 consolidate=  0.004ms frontier=  0.000ms semisort=  0.007ms (keyed= 0.000ms group_by=  0.001ms per_group= 0.002ms)
[pe] round=326 work=        3 frontier=       12 next=        3 consolidate=  0.003ms frontier=  0.000ms semisort=  0.004ms (keyed= 0.000ms group_by=  0.001ms per_group= 0.001ms)
[pe] round=327 work=        3 frontier=       12 next=        3 consolidate=  0.003ms frontier=  0.000ms semisort=  0.003ms (keyed= 0.000ms group_by=  0.000ms per_group= 0.001ms)
[pe] round=328 work=        3 frontier=        6 next=        3 consolidate=  0.005ms frontier=  0.001ms semisort=  0.002ms (keyed= 0.000ms group_by=  0.000ms per_group= 0.001ms)
[pe] round=329 work=        3 frontier=       30 next=        3 consolidate=  0.004ms frontier=  0.000ms semisort=  0.007ms (keyed= 0.000ms group_by=  0.001ms per_group= 0.002ms)
[pe] round=330 work=        3 frontier=       12 next=        3 consolidate=  0.004ms frontier=  0.001ms semisort=  0.004ms (keyed= 0.000ms group_by=  0.001ms per_group= 0.002ms)
[pe] round=331 work=        3 frontier=       12 next=        3 consolidate=  0.003ms frontier=  0.000ms semisort=  0.003ms (keyed= 0.000ms group_by=  0.000ms per_group= 0.001ms)
[pe] round=332 work=        3 frontier=        6 next=        3 consolidate=  0.004ms frontier=  0.000ms semisort=  0.002ms (keyed= 0.000ms group_by=  0.000ms per_group= 0.001ms)
[pe] round=333 work=        3 frontier=       30 next=        3 consolidate=  0.004ms frontier=  0.000ms semisort=  0.007ms (keyed= 0.000ms group_by=  0.001ms per_group= 0.002ms)
[pe] round=334 work=        3 frontier=       12 next=        3 consolidate=  0.003ms frontier=  0.000ms semisort=  0.005ms (keyed= 0.000ms group_by=  0.001ms per_group= 0.002ms)
[pe] round=335 work=        3 frontier=       12 next=        3 consolidate=  0.005ms frontier=  0.001ms semisort=  0.003ms (keyed= 0.000ms group_by=  0.001ms per_group= 0.001ms)
[pe] round=336 work=        3 frontier=        6 next=        3 consolidate=  0.003ms frontier=  0.000ms semisort=  0.003ms (keyed= 0.000ms group_by=  0.000ms per_group= 0.001ms)
[pe] round=337 work=        3 frontier=       30 next=        3 consolidate=  0.005ms frontier=  0.001ms semisort=  0.007ms (keyed= 0.000ms group_by=  0.001ms per_group= 0.002ms)
[pe] round=338 work=        3 frontier=       12 next=        3 consolidate=  0.003ms frontier=  0.000ms semisort=  0.004ms (keyed= 0.000ms group_by=  0.001ms per_group= 0.001ms)
[pe] round=339 work=        3 frontier=       12 next=        3 consolidate=  0.004ms frontier=  0.000ms semisort=  0.003ms (keyed= 0.000ms group_by=  0.000ms per_group= 0.001ms)
[pe] round=340 work=        3 frontier=        6 next=        3 consolidate=  0.003ms frontier=  0.000ms semisort=  0.003ms (keyed= 0.000ms group_by=  0.000ms per_group= 0.001ms)
[pe] round=341 work=        3 frontier=       30 next=        3 consolidate=  0.004ms frontier=  0.000ms semisort=  0.007ms (keyed= 0.000ms group_by=  0.001ms per_group= 0.002ms)
[pe] round=342 work=        3 frontier=       12 next=        3 consolidate=  0.003ms frontier=  0.000ms semisort=  0.005ms (keyed= 0.000ms group_by=  0.001ms per_group= 0.002ms)
[pe] round=343 work=        3 frontier=       12 next=        3 consolidate=  0.004ms frontier=  0.000ms semisort=  0.003ms (keyed= 0.000ms group_by=  0.000ms per_group= 0.001ms)
[pe] round=344 work=        3 frontier=        6 next=        3 consolidate=  0.004ms frontier=  0.001ms semisort=  0.002ms (keyed= 0.000ms group_by=  0.000ms per_group= 0.001ms)
[pe] round=345 work=        3 frontier=       30 next=        3 consolidate=  0.004ms frontier=  0.001ms semisort=  0.006ms (keyed= 0.000ms group_by=  0.001ms per_group= 0.002ms)
[pe] round=346 work=        3 frontier=       12 next=        3 consolidate=  0.003ms frontier=  0.000ms semisort=  0.004ms (keyed= 0.000ms group_by=  0.001ms per_group= 0.002ms)
[pe] round=347 work=        3 frontier=       12 next=        3 consolidate=  0.007ms frontier=  0.000ms semisort=  0.003ms (keyed= 0.000ms group_by=  0.001ms per_group= 0.001ms)
[pe] round=348 work=        3 frontier=        6 next=        3 consolidate=  0.004ms frontier=  0.000ms semisort=  0.003ms (keyed= 0.000ms group_by=  0.000ms per_group= 0.001ms)
[pe] round=349 work=        3 frontier=       30 next=        3 consolidate=  0.004ms frontier=  0.000ms semisort=  0.007ms (keyed= 0.000ms group_by=  0.001ms per_group= 0.002ms)
[pe] round=350 work=        3 frontier=       12 next=        3 consolidate=  0.003ms frontier=  0.000ms semisort=  0.004ms (keyed= 0.000ms group_by=  0.001ms per_group= 0.001ms)
[pe] round=351 work=        3 frontier=       12 next=        3 consolidate=  0.003ms frontier=  0.000ms semisort=  0.003ms (keyed= 0.000ms group_by=  0.000ms per_group= 0.001ms)
[pe] round=352 work=        3 frontier=        6 next=        3 consolidate=  0.003ms frontier=  0.000ms semisort=  0.002ms (keyed= 0.000ms group_by=  0.000ms per_group= 0.001ms)
[pe] round=353 work=        3 frontier=       30 next=        3 consolidate=  0.004ms frontier=  0.000ms semisort=  0.007ms (keyed= 0.000ms group_by=  0.001ms per_group= 0.002ms)
[pe] round=354 work=        3 frontier=       12 next=        3 consolidate=  0.004ms frontier=  0.001ms semisort=  0.004ms (keyed= 0.000ms group_by=  0.001ms per_group= 0.002ms)
[pe] round=355 work=        3 frontier=       12 next=        3 consolidate=  0.003ms frontier=  0.000ms semisort=  0.003ms (keyed= 0.000ms group_by=  0.000ms per_group= 0.001ms)
[pe] round=356 work=        3 frontier=        6 next=        3 consolidate=  0.003ms frontier=  0.000ms semisort=  0.003ms (keyed= 0.000ms group_by=  0.000ms per_group= 0.001ms)
[pe] round=357 work=        3 frontier=       30 next=        3 consolidate=  0.004ms frontier=  0.000ms semisort=  0.006ms (keyed= 0.000ms group_by=  0.001ms per_group= 0.002ms)
[pe] round=358 work=        3 frontier=       12 next=        3 consolidate=  0.003ms frontier=  0.000ms semisort=  0.004ms (keyed= 0.000ms group_by=  0.001ms per_group= 0.001ms)
[pe] round=359 work=        3 frontier=       12 next=        3 consolidate=  0.004ms frontier=  0.000ms semisort=  0.003ms (keyed= 0.000ms group_by=  0.000ms per_group= 0.001ms)
[pe] round=360 work=        3 frontier=        6 next=        3 consolidate=  0.003ms frontier=  0.000ms semisort=  0.002ms (keyed= 0.000ms group_by=  0.000ms per_group= 0.001ms)
[pe] round=361 work=        3 frontier=       30 next=        3 consolidate=  0.004ms frontier=  0.000ms semisort=  0.007ms (keyed= 0.000ms group_by=  0.001ms per_group= 0.002ms)
[pe] round=362 work=        3 frontier=       12 next=        3 consolidate=  0.003ms frontier=  0.000ms semisort=  0.004ms (keyed= 0.000ms group_by=  0.001ms per_group= 0.002ms)
[pe] round=363 work=        3 frontier=       12 next=        3 consolidate=  0.003ms frontier=  0.000ms semisort=  0.003ms (keyed= 0.000ms group_by=  0.000ms per_group= 0.001ms)
[pe] round=364 work=        3 frontier=        6 next=        3 consolidate=  0.003ms frontier=  0.000ms semisort=  0.002ms (keyed= 0.000ms group_by=  0.000ms per_group= 0.001ms)
[pe] round=365 work=        3 frontier=       30 next=        3 consolidate=  0.004ms frontier=  0.000ms semisort=  0.006ms (keyed= 0.000ms group_by=  0.001ms per_group= 0.002ms)
[pe] round=366 work=        3 frontier=       12 next=        3 consolidate=  0.003ms frontier=  0.000ms semisort=  0.005ms (keyed= 0.000ms group_by=  0.001ms per_group= 0.002ms)
[pe] round=367 work=        3 frontier=       12 next=        3 consolidate=  0.003ms frontier=  0.000ms semisort=  0.003ms (keyed= 0.000ms group_by=  0.000ms per_group= 0.001ms)
[pe] round=368 work=        3 frontier=        6 next=        3 consolidate=  0.003ms frontier=  0.000ms semisort=  0.003ms (keyed= 0.000ms group_by=  0.000ms per_group= 0.001ms)
[pe] round=369 work=        3 frontier=       30 next=        3 consolidate=  0.005ms frontier=  0.001ms semisort=  0.007ms (keyed= 0.000ms group_by=  0.001ms per_group= 0.002ms)
[pe] round=370 work=        3 frontier=       12 next=        3 consolidate=  0.004ms frontier=  0.000ms semisort=  0.004ms (keyed= 0.000ms group_by=  0.001ms per_group= 0.001ms)
[pe] round=371 work=        3 frontier=       12 next=        3 consolidate=  0.003ms frontier=  0.000ms semisort=  0.004ms (keyed= 0.000ms group_by=  0.001ms per_group= 0.001ms)
[pe] round=372 work=        3 frontier=        6 next=        3 consolidate=  0.003ms frontier=  0.000ms semisort=  0.003ms (keyed= 0.000ms group_by=  0.000ms per_group= 0.001ms)
[pe] round=373 work=        3 frontier=       30 next=        3 consolidate=  0.004ms frontier=  0.000ms semisort=  0.006ms (keyed= 0.000ms group_by=  0.001ms per_group= 0.002ms)
[pe] round=374 work=        3 frontier=       12 next=        3 consolidate=  0.003ms frontier=  0.000ms semisort=  0.004ms (keyed= 0.000ms group_by=  0.001ms per_group= 0.002ms)
[pe] round=375 work=        3 frontier=       12 next=        3 consolidate=  0.005ms frontier=  0.001ms semisort=  0.003ms (keyed= 0.000ms group_by=  0.001ms per_group= 0.001ms)
[pe] round=376 work=        3 frontier=        6 next=        3 consolidate=  0.003ms frontier=  0.000ms semisort=  0.003ms (keyed= 0.000ms group_by=  0.000ms per_group= 0.001ms)
[pe] round=377 work=        3 frontier=       30 next=        3 consolidate=  0.003ms frontier=  0.000ms semisort=  0.006ms (keyed= 0.000ms group_by=  0.001ms per_group= 0.001ms)
[pe] round=378 work=        3 frontier=       12 next=        3 consolidate=  0.003ms frontier=  0.000ms semisort=  0.004ms (keyed= 0.000ms group_by=  0.001ms per_group= 0.002ms)
[pe] round=379 work=        3 frontier=       12 next=        3 consolidate=  0.003ms frontier=  0.000ms semisort=  0.003ms (keyed= 0.000ms group_by=  0.000ms per_group= 0.001ms)
[pe] round=380 work=        3 frontier=        6 next=        3 consolidate=  0.003ms frontier=  0.000ms semisort=  0.003ms (keyed= 0.000ms group_by=  0.000ms per_group= 0.002ms)
[pe] round=381 work=        3 frontier=       30 next=        3 consolidate=  0.005ms frontier=  0.001ms semisort=  0.007ms (keyed= 0.000ms group_by=  0.001ms per_group= 0.002ms)
[pe] round=382 work=        3 frontier=       12 next=        3 consolidate=  0.003ms frontier=  0.000ms semisort=  0.005ms (keyed= 0.000ms group_by=  0.001ms per_group= 0.001ms)
[pe] round=383 work=        3 frontier=       12 next=        3 consolidate=  0.004ms frontier=  0.000ms semisort=  0.003ms (keyed= 0.000ms group_by=  0.000ms per_group= 0.001ms)
[pe] round=384 work=        3 frontier=        6 next=        3 consolidate=  0.003ms frontier=  0.000ms semisort=  0.002ms (keyed= 0.000ms group_by=  0.000ms per_group= 0.001ms)
[pe] round=385 work=        3 frontier=       30 next=        3 consolidate=  0.004ms frontier=  0.000ms semisort=  0.007ms (keyed= 0.000ms group_by=  0.001ms per_group= 0.002ms)
[pe] round=386 work=        3 frontier=       12 next=        3 consolidate=  0.004ms frontier=  0.000ms semisort=  0.004ms (keyed= 0.000ms group_by=  0.001ms per_group= 0.002ms)
[pe] round=387 work=        3 frontier=       12 next=        3 consolidate=  0.003ms frontier=  0.000ms semisort=  0.003ms (keyed= 0.000ms group_by=  0.000ms per_group= 0.001ms)
[pe] round=388 work=        3 frontier=        6 next=        3 consolidate=  0.003ms frontier=  0.000ms semisort=  0.003ms (keyed= 0.000ms group_by=  0.000ms per_group= 0.001ms)
[pe] round=389 work=        3 frontier=       30 next=        3 consolidate=  0.004ms frontier=  0.000ms semisort=  0.006ms (keyed= 0.000ms group_by=  0.001ms per_group= 0.002ms)
[pe] round=390 work=        3 frontier=       12 next=        3 consolidate=  0.003ms frontier=  0.000ms semisort=  0.004ms (keyed= 0.000ms group_by=  0.001ms per_group= 0.001ms)
[pe] round=391 work=        3 frontier=       12 next=        3 consolidate=  0.003ms frontier=  0.000ms semisort=  0.003ms (keyed= 0.000ms group_by=  0.000ms per_group= 0.001ms)
[pe] round=392 work=        3 frontier=        6 next=        3 consolidate=  0.003ms frontier=  0.000ms semisort=  0.003ms (keyed= 0.000ms group_by=  0.000ms per_group= 0.001ms)
[pe] round=393 work=        3 frontier=       30 next=        3 consolidate=  0.003ms frontier=  0.000ms semisort=  0.007ms (keyed= 0.000ms group_by=  0.001ms per_group= 0.002ms)
[pe] round=394 work=        3 frontier=       12 next=        3 consolidate=  0.005ms frontier=  0.001ms semisort=  0.004ms (keyed= 0.000ms group_by=  0.001ms per_group= 0.001ms)
[pe] round=395 work=        3 frontier=       12 next=        3 consolidate=  0.003ms frontier=  0.000ms semisort=  0.003ms (keyed= 0.000ms group_by=  0.000ms per_group= 0.001ms)
[pe] round=396 work=        3 frontier=        6 next=        3 consolidate=  0.003ms frontier=  0.000ms semisort=  0.002ms (keyed= 0.000ms group_by=  0.000ms per_group= 0.001ms)
[pe] round=397 work=        3 frontier=       30 next=        3 consolidate=  0.003ms frontier=  0.000ms semisort=  0.006ms (keyed= 0.000ms group_by=  0.001ms per_group= 0.001ms)
[pe] round=398 work=        3 frontier=       12 next=        3 consolidate=  0.003ms frontier=  0.000ms semisort=  0.004ms (keyed= 0.000ms group_by=  0.001ms per_group= 0.002ms)
[pe] round=399 work=        3 frontier=       12 next=        3 consolidate=  0.003ms frontier=  0.000ms semisort=  0.003ms (keyed= 0.000ms group_by=  0.000ms per_group= 0.001ms)
[pe] round=400 work=        3 frontier=        6 next=        3 consolidate=  0.003ms frontier=  0.000ms semisort=  0.003ms (keyed= 0.000ms group_by=  0.000ms per_group= 0.001ms)
[pe] round=401 work=        3 frontier=       30 next=        3 consolidate=  0.003ms frontier=  0.000ms semisort=  0.007ms (keyed= 0.000ms group_by=  0.001ms per_group= 0.002ms)
[pe] round=402 work=        3 frontier=       12 next=        3 consolidate=  0.004ms frontier=  0.001ms semisort=  0.004ms (keyed= 0.000ms group_by=  0.001ms per_group= 0.001ms)
[pe] round=403 work=        3 frontier=       12 next=        3 consolidate=  0.003ms frontier=  0.000ms semisort=  0.003ms (keyed= 0.000ms group_by=  0.000ms per_group= 0.001ms)
[pe] round=404 work=        3 frontier=        6 next=        3 consolidate=  0.004ms frontier=  0.000ms semisort=  0.003ms (keyed= 0.000ms group_by=  0.000ms per_group= 0.001ms)
[pe] round=405 work=        3 frontier=       30 next=        3 consolidate=  0.003ms frontier=  0.000ms semisort=  0.006ms (keyed= 0.000ms group_by=  0.001ms per_group= 0.002ms)
[pe] round=406 work=        3 frontier=       12 next=        3 consolidate=  0.003ms frontier=  0.000ms semisort=  0.004ms (keyed= 0.000ms group_by=  0.001ms per_group= 0.002ms)
[pe] round=407 work=        3 frontier=       12 next=        3 consolidate=  0.004ms frontier=  0.000ms semisort=  0.003ms (keyed= 0.000ms group_by=  0.000ms per_group= 0.001ms)
[pe] round=408 work=        3 frontier=        6 next=        3 consolidate=  0.003ms frontier=  0.000ms semisort=  0.003ms (keyed= 0.000ms group_by=  0.000ms per_group= 0.001ms)
[pe] round=409 work=        3 frontier=       30 next=        3 consolidate=  0.004ms frontier=  0.000ms semisort=  0.006ms (keyed= 0.000ms group_by=  0.001ms per_group= 0.002ms)
[pe] round=410 work=        3 frontier=       12 next=        3 consolidate=  0.004ms frontier=  0.000ms semisort=  0.004ms (keyed= 0.000ms group_by=  0.001ms per_group= 0.002ms)
[pe] round=411 work=        3 frontier=       12 next=        3 consolidate=  0.003ms frontier=  0.000ms semisort=  0.003ms (keyed= 0.000ms group_by=  0.000ms per_group= 0.001ms)
[pe] round=412 work=        3 frontier=        6 next=        3 consolidate=  0.003ms frontier=  0.000ms semisort=  0.003ms (keyed= 0.000ms group_by=  0.000ms per_group= 0.001ms)
[pe] round=413 work=        3 frontier=       30 next=        3 consolidate=  0.004ms frontier=  0.000ms semisort=  0.006ms (keyed= 0.000ms group_by=  0.001ms per_group= 0.002ms)
[pe] round=414 work=        3 frontier=       12 next=        3 consolidate=  0.003ms frontier=  0.000ms semisort=  0.004ms (keyed= 0.000ms group_by=  0.001ms per_group= 0.001ms)
[pe] round=415 work=        3 frontier=       12 next=        3 consolidate=  0.004ms frontier=  0.000ms semisort=  0.003ms (keyed= 0.000ms group_by=  0.000ms per_group= 0.001ms)
[pe] round=416 work=        3 frontier=        6 next=        3 consolidate=  0.003ms frontier=  0.000ms semisort=  0.003ms (keyed= 0.000ms group_by=  0.000ms per_group= 0.001ms)
[pe] round=417 work=        3 frontier=       30 next=        3 consolidate=  0.004ms frontier=  0.000ms semisort=  0.006ms (keyed= 0.000ms group_by=  0.001ms per_group= 0.002ms)
[pe] round=418 work=        3 frontier=       12 next=        3 consolidate=  0.003ms frontier=  0.000ms semisort=  0.004ms (keyed= 0.000ms group_by=  0.001ms per_group= 0.002ms)
[pe] round=419 work=        3 frontier=       12 next=        3 consolidate=  0.003ms frontier=  0.000ms semisort=  0.003ms (keyed= 0.000ms group_by=  0.001ms per_group= 0.001ms)
[pe] round=420 work=        3 frontier=        6 next=        3 consolidate=  0.003ms frontier=  0.000ms semisort=  0.003ms (keyed= 0.000ms group_by=  0.000ms per_group= 0.001ms)
[pe] round=421 work=        3 frontier=       30 next=        3 consolidate=  0.004ms frontier=  0.000ms semisort=  0.006ms (keyed= 0.000ms group_by=  0.001ms per_group= 0.002ms)
[pe] round=422 work=        3 frontier=       12 next=        3 consolidate=  0.003ms frontier=  0.000ms semisort=  0.004ms (keyed= 0.000ms group_by=  0.001ms per_group= 0.001ms)
[pe] round=423 work=        3 frontier=       12 next=        3 consolidate=  0.003ms frontier=  0.000ms semisort=  0.003ms (keyed= 0.000ms group_by=  0.000ms per_group= 0.001ms)
[pe] round=424 work=        3 frontier=        6 next=        3 consolidate=  0.003ms frontier=  0.000ms semisort=  0.003ms (keyed= 0.000ms group_by=  0.000ms per_group= 0.001ms)
[pe] round=425 work=        3 frontier=       30 next=        3 consolidate=  0.003ms frontier=  0.000ms semisort=  0.007ms (keyed= 0.000ms group_by=  0.002ms per_group= 0.002ms)
[pe] round=426 work=        3 frontier=       12 next=        3 consolidate=  0.003ms frontier=  0.000ms semisort=  0.004ms (keyed= 0.000ms group_by=  0.001ms per_group= 0.002ms)
[pe] round=427 work=        3 frontier=       12 next=        3 consolidate=  0.004ms frontier=  0.000ms semisort=  0.004ms (keyed= 0.000ms group_by=  0.000ms per_group= 0.001ms)
[pe] round=428 work=        3 frontier=        6 next=        3 consolidate=  0.003ms frontier=  0.000ms semisort=  0.003ms (keyed= 0.000ms group_by=  0.000ms per_group= 0.001ms)
[pe] round=429 work=        3 frontier=       31 next=        3 consolidate=  0.005ms frontier=  0.001ms semisort=  0.008ms (keyed= 0.000ms group_by=  0.002ms per_group= 0.003ms)
[pe] round=430 work=        3 frontier=        6 next=        2 consolidate=  0.003ms frontier=  0.000ms semisort=  0.003ms (keyed= 0.000ms group_by=  0.000ms per_group= 0.001ms)
[pe] round=431 work=        2 (tail-skip: all parents empty)
[pe] round=  0 work= 10460911 frontier=  5950187 next=    47386 consolidate=266.302ms frontier= 29.608ms semisort= 87.486ms (keyed=11.812ms group_by=  1.814ms per_group=28.299ms)
[pe] round=  1 work=    47386 frontier=   274132 next=    22307 consolidate=  4.096ms frontier=  0.296ms semisort=  4.323ms (keyed= 0.982ms group_by=  0.154ms per_group= 1.587ms)
[pe] round=  2 work=    22307 frontier=    94168 next=    11347 consolidate=  2.162ms frontier=  0.205ms semisort=  3.443ms (keyed= 0.072ms group_by=  1.754ms per_group= 0.674ms)
[pe] round=  3 work=    11347 frontier=    38990 next=     6320 consolidate=  1.190ms frontier=  0.156ms semisort=  1.453ms (keyed= 0.022ms group_by=  0.588ms per_group= 0.324ms)
[pe] round=  4 work=     6320 frontier=    18118 next=     3668 consolidate=  1.267ms frontier=  0.201ms semisort=  0.897ms (keyed= 0.013ms group_by=  0.378ms per_group= 0.182ms)
[pe] round=  5 work=     3668 frontier=    14200 next=     2998 consolidate=  0.701ms frontier=  0.104ms semisort=  0.716ms (keyed= 0.012ms group_by=  0.260ms per_group= 0.179ms)
[pe] round=  6 work=     2998 frontier=    14168 next=     2333 consolidate=  0.534ms frontier=  0.091ms semisort=  0.655ms (keyed= 0.014ms group_by=  0.268ms per_group= 0.154ms)
[pe] round=  7 work=     2333 frontier=    13358 next=     1381 consolidate=  0.511ms frontier=  0.084ms semisort=  0.563ms (keyed= 0.012ms group_by=  0.247ms per_group= 0.116ms)
[pe] round=  8 work=     1381 frontier=    14960 next=      914 consolidate=  0.354ms frontier=  0.075ms semisort=  0.660ms (keyed= 0.019ms group_by=  0.313ms per_group= 0.111ms)
[pe] round=  9 work=      914 frontier=     5537 next=      691 consolidate=  0.262ms frontier=  0.058ms semisort=  0.887ms (keyed= 0.009ms group_by=  0.646ms per_group= 0.125ms)
[pe] round= 10 work=      691 frontier=     9111 next=      460 consolidate=  0.224ms frontier=  0.056ms semisort=  1.088ms (keyed= 0.017ms group_by=  0.789ms per_group= 0.158ms)
[pe] round= 11 work=      460 frontier=     4999 next=      531 consolidate=  0.133ms frontier=  0.039ms semisort=  0.713ms (keyed= 0.009ms group_by=  0.468ms per_group= 0.121ms)
[pe] round= 12 work=      531 frontier=     4274 next=      372 consolidate=  0.181ms frontier=  0.042ms semisort=  0.679ms (keyed= 0.010ms group_by=  0.476ms per_group= 0.099ms)
[pe] round= 13 work=      372 frontier=     1790 next=      116 consolidate=  0.106ms frontier=  0.019ms semisort=  0.330ms (keyed= 0.006ms group_by=  0.186ms per_group= 0.052ms)
[pe] round= 14 work=      116 frontier=      268 next=       36 consolidate=  0.043ms frontier=  0.008ms semisort=  0.053ms (keyed= 0.001ms group_by=  0.014ms per_group= 0.018ms)
[pe] round= 15 work=       36 frontier=      116 next=       38 consolidate=  0.018ms frontier=  0.004ms semisort=  0.028ms (keyed= 0.000ms group_by=  0.005ms per_group= 0.014ms)
[pe] round= 16 work=       38 frontier=      182 next=       35 consolidate=  0.033ms frontier=  0.003ms semisort=  0.050ms (keyed= 0.001ms group_by=  0.015ms per_group= 0.022ms)
[pe] round= 17 work=       35 frontier=      122 next=       37 consolidate=  0.024ms frontier=  0.003ms semisort=  0.031ms (keyed= 0.000ms group_by=  0.005ms per_group= 0.015ms)
[pe] round= 18 work=       37 frontier=       80 next=       25 consolidate=  0.042ms frontier=  0.003ms semisort=  0.019ms (keyed= 0.000ms group_by=  0.003ms per_group= 0.009ms)
[pe] round= 19 work=       25 frontier=       76 next=       25 consolidate=  0.027ms frontier=  0.002ms semisort=  0.018ms (keyed= 0.000ms group_by=  0.002ms per_group= 0.010ms)
[pe] round= 20 work=       25 frontier=      138 next=       23 consolidate=  0.020ms frontier=  0.002ms semisort=  0.032ms (keyed= 0.001ms group_by=  0.009ms per_group= 0.011ms)
[pe] round= 21 work=       23 frontier=      102 next=       31 consolidate=  0.013ms frontier=  0.003ms semisort=  0.025ms (keyed= 0.000ms group_by=  0.004ms per_group= 0.011ms)
[pe] round= 22 work=       31 frontier=       76 next=       23 consolidate=  0.024ms frontier=  0.002ms semisort=  0.016ms (keyed= 0.000ms group_by=  0.002ms per_group= 0.008ms)
[pe] round= 23 work=       23 frontier=       68 next=       23 consolidate=  0.024ms frontier=  0.001ms semisort=  0.015ms (keyed= 0.000ms group_by=  0.002ms per_group= 0.008ms)
[pe] round= 24 work=       23 frontier=      134 next=       23 consolidate=  0.021ms frontier=  0.002ms semisort=  0.030ms (keyed= 0.001ms group_by=  0.008ms per_group= 0.011ms)
[pe] round= 25 work=       23 frontier=      102 next=       31 consolidate=  0.025ms frontier=  0.001ms semisort=  0.025ms (keyed= 0.000ms group_by=  0.004ms per_group= 0.011ms)
[pe] round= 26 work=       31 frontier=       76 next=       23 consolidate=  0.033ms frontier=  0.001ms semisort=  0.018ms (keyed= 0.000ms group_by=  0.003ms per_group= 0.008ms)
[pe] round= 27 work=       23 frontier=       68 next=       23 consolidate=  0.013ms frontier=  0.003ms semisort=  0.015ms (keyed= 0.000ms group_by=  0.003ms per_group= 0.007ms)
[pe] round= 28 work=       23 frontier=      134 next=       23 consolidate=  0.024ms frontier=  0.001ms semisort=  0.028ms (keyed= 0.000ms group_by=  0.005ms per_group= 0.012ms)
[pe] round= 29 work=       23 frontier=      102 next=       31 consolidate=  0.025ms frontier=  0.001ms semisort=  0.022ms (keyed= 0.000ms group_by=  0.004ms per_group= 0.010ms)
[pe] round= 30 work=       31 frontier=       76 next=       23 consolidate=  0.017ms frontier=  0.003ms semisort=  0.017ms (keyed= 0.000ms group_by=  0.003ms per_group= 0.007ms)
[pe] round= 31 work=       23 frontier=       68 next=       23 consolidate=  0.027ms frontier=  0.001ms semisort=  0.018ms (keyed= 0.000ms group_by=  0.002ms per_group= 0.009ms)
[pe] round= 32 work=       23 frontier=      134 next=       23 consolidate=  0.014ms frontier=  0.003ms semisort=  0.023ms (keyed= 0.000ms group_by=  0.005ms per_group= 0.009ms)
[pe] round= 33 work=       23 frontier=      102 next=       31 consolidate=  0.026ms frontier=  0.002ms semisort=  0.024ms (keyed= 0.000ms group_by=  0.004ms per_group= 0.011ms)
[pe] round= 34 work=       31 frontier=       76 next=       23 consolidate=  0.035ms frontier=  0.001ms semisort=  0.017ms (keyed= 0.000ms group_by=  0.003ms per_group= 0.008ms)
[pe] round= 35 work=       23 frontier=       68 next=       23 consolidate=  0.013ms frontier=  0.003ms semisort=  0.015ms (keyed= 0.000ms group_by=  0.002ms per_group= 0.007ms)
[pe] round= 36 work=       23 frontier=      134 next=       23 consolidate=  0.024ms frontier=  0.001ms semisort=  0.032ms (keyed= 0.001ms group_by=  0.008ms per_group= 0.012ms)
[pe] round= 37 work=       23 frontier=      102 next=       31 consolidate=  0.026ms frontier=  0.001ms semisort=  0.027ms (keyed= 0.000ms group_by=  0.004ms per_group= 0.013ms)
[pe] round= 38 work=       31 frontier=       76 next=       23 consolidate=  0.019ms frontier=  0.003ms semisort=  0.029ms (keyed= 0.000ms group_by=  0.011ms per_group= 0.010ms)
[pe] round= 39 work=       23 frontier=       68 next=       23 consolidate=  0.027ms frontier=  0.001ms semisort=  0.015ms (keyed= 0.000ms group_by=  0.003ms per_group= 0.008ms)
[pe] round= 40 work=       23 frontier=      134 next=       23 consolidate=  0.021ms frontier=  0.003ms semisort=  0.028ms (keyed= 0.001ms group_by=  0.006ms per_group= 0.010ms)
[pe] round= 41 work=       23 frontier=      102 next=       31 consolidate=  0.025ms frontier=  0.001ms semisort=  0.025ms (keyed= 0.000ms group_by=  0.004ms per_group= 0.012ms)
[pe] round= 42 work=       31 frontier=       76 next=       23 consolidate=  0.034ms frontier=  0.001ms semisort=  0.018ms (keyed= 0.000ms group_by=  0.003ms per_group= 0.008ms)
[pe] round= 43 work=       23 frontier=       68 next=       23 consolidate=  0.013ms frontier=  0.003ms semisort=  0.015ms (keyed= 0.000ms group_by=  0.002ms per_group= 0.007ms)
[pe] round= 44 work=       23 frontier=      134 next=       23 consolidate=  0.025ms frontier=  0.001ms semisort=  0.025ms (keyed= 0.000ms group_by=  0.005ms per_group= 0.009ms)
[pe] round= 45 work=       23 frontier=      102 next=       31 consolidate=  0.026ms frontier=  0.001ms semisort=  0.022ms (keyed= 0.000ms group_by=  0.004ms per_group= 0.010ms)
[pe] round= 46 work=       31 frontier=       76 next=       23 consolidate=  0.020ms frontier=  0.003ms semisort=  0.018ms (keyed= 0.000ms group_by=  0.003ms per_group= 0.008ms)
[pe] round= 47 work=       23 frontier=       68 next=       23 consolidate=  0.026ms frontier=  0.001ms semisort=  0.015ms (keyed= 0.000ms group_by=  0.003ms per_group= 0.007ms)
[pe] round= 48 work=       23 frontier=       22 next=       11 consolidate=  0.014ms frontier=  0.003ms semisort=  0.007ms (keyed= 0.000ms group_by=  0.001ms per_group= 0.003ms)
[pe] round= 49 work=       11 frontier=       62 next=       11 consolidate=  0.013ms frontier=  0.001ms semisort=  0.013ms (keyed= 0.000ms group_by=  0.002ms per_group= 0.005ms)
[pe] round= 50 work=       11 frontier=       28 next=       11 consolidate=  0.012ms frontier=  0.001ms semisort=  0.012ms (keyed= 0.000ms group_by=  0.001ms per_group= 0.007ms)
[pe] round= 51 work=       11 frontier=       44 next=       11 consolidate=  0.010ms frontier=  0.002ms semisort=  0.010ms (keyed= 0.000ms group_by=  0.002ms per_group= 0.004ms)
[pe] round= 52 work=       11 frontier=       22 next=       11 consolidate=  0.013ms frontier=  0.001ms semisort=  0.007ms (keyed= 0.000ms group_by=  0.001ms per_group= 0.003ms)
[pe] round= 53 work=       11 frontier=       62 next=       11 consolidate=  0.012ms frontier=  0.001ms semisort=  0.013ms (keyed= 0.000ms group_by=  0.003ms per_group= 0.004ms)
[pe] round= 54 work=       11 frontier=       28 next=       11 consolidate=  0.009ms frontier=  0.002ms semisort=  0.011ms (keyed= 0.000ms group_by=  0.001ms per_group= 0.006ms)
[pe] round= 55 work=       11 frontier=       44 next=       11 consolidate=  0.014ms frontier=  0.001ms semisort=  0.009ms (keyed= 0.000ms group_by=  0.001ms per_group= 0.003ms)
[pe] round= 56 work=       11 frontier=       22 next=       11 consolidate=  0.012ms frontier=  0.001ms semisort=  0.006ms (keyed= 0.000ms group_by=  0.001ms per_group= 0.003ms)
[pe] round= 57 work=       11 frontier=       62 next=       11 consolidate=  0.010ms frontier=  0.002ms semisort=  0.013ms (keyed= 0.000ms group_by=  0.002ms per_group= 0.005ms)
[pe] round= 58 work=       11 frontier=       28 next=       11 consolidate=  0.011ms frontier=  0.001ms semisort=  0.009ms (keyed= 0.000ms group_by=  0.001ms per_group= 0.004ms)
[pe] round= 59 work=       11 frontier=       44 next=       11 consolidate=  0.009ms frontier=  0.002ms semisort=  0.009ms (keyed= 0.000ms group_by=  0.001ms per_group= 0.004ms)
[pe] round= 60 work=       11 frontier=       22 next=       11 consolidate=  0.010ms frontier=  0.002ms semisort=  0.008ms (keyed= 0.000ms group_by=  0.001ms per_group= 0.004ms)
[pe] round= 61 work=       11 frontier=       62 next=       11 consolidate=  0.010ms frontier=  0.002ms semisort=  0.013ms (keyed= 0.000ms group_by=  0.002ms per_group= 0.005ms)
[pe] round= 62 work=       11 frontier=       28 next=       11 consolidate=  0.011ms frontier=  0.001ms semisort=  0.009ms (keyed= 0.000ms group_by=  0.001ms per_group= 0.004ms)
[pe] round= 63 work=       11 frontier=       44 next=       11 consolidate=  0.012ms frontier=  0.002ms semisort=  0.009ms (keyed= 0.000ms group_by=  0.001ms per_group= 0.004ms)
[pe] round= 64 work=       11 frontier=       22 next=       11 consolidate=  0.012ms frontier=  0.001ms semisort=  0.007ms (keyed= 0.000ms group_by=  0.001ms per_group= 0.003ms)
[pe] round= 65 work=       11 frontier=       62 next=       11 consolidate=  0.012ms frontier=  0.001ms semisort=  0.012ms (keyed= 0.000ms group_by=  0.002ms per_group= 0.004ms)
[pe] round= 66 work=       11 frontier=       28 next=       11 consolidate=  0.010ms frontier=  0.002ms semisort=  0.009ms (keyed= 0.000ms group_by=  0.002ms per_group= 0.004ms)
[pe] round= 67 work=       11 frontier=       44 next=       11 consolidate=  0.013ms frontier=  0.001ms semisort=  0.008ms (keyed= 0.000ms group_by=  0.001ms per_group= 0.003ms)
[pe] round= 68 work=       11 frontier=       22 next=       11 consolidate=  0.011ms frontier=  0.002ms semisort=  0.007ms (keyed= 0.000ms group_by=  0.001ms per_group= 0.004ms)
[pe] round= 69 work=       11 frontier=       62 next=       11 consolidate=  0.014ms frontier=  0.002ms semisort=  0.016ms (keyed= 0.000ms group_by=  0.002ms per_group= 0.008ms)
[pe] round= 70 work=       11 frontier=       28 next=       11 consolidate=  0.009ms frontier=  0.002ms semisort=  0.008ms (keyed= 0.000ms group_by=  0.001ms per_group= 0.004ms)
[pe] round= 71 work=       11 frontier=       44 next=       11 consolidate=  0.013ms frontier=  0.001ms semisort=  0.008ms (keyed= 0.000ms group_by=  0.001ms per_group= 0.004ms)
[pe] round= 72 work=       11 frontier=       22 next=       11 consolidate=  0.012ms frontier=  0.001ms semisort=  0.006ms (keyed= 0.000ms group_by=  0.001ms per_group= 0.003ms)
[pe] round= 73 work=       11 frontier=       62 next=       11 consolidate=  0.011ms frontier=  0.002ms semisort=  0.013ms (keyed= 0.000ms group_by=  0.002ms per_group= 0.005ms)
[pe] round= 74 work=       11 frontier=       28 next=       11 consolidate=  0.011ms frontier=  0.001ms semisort=  0.008ms (keyed= 0.000ms group_by=  0.001ms per_group= 0.004ms)
[pe] round= 75 work=       11 frontier=       44 next=       11 consolidate=  0.012ms frontier=  0.001ms semisort=  0.008ms (keyed= 0.000ms group_by=  0.001ms per_group= 0.003ms)
[pe] round= 76 work=       11 frontier=       22 next=       11 consolidate=  0.011ms frontier=  0.001ms semisort=  0.007ms (keyed= 0.000ms group_by=  0.001ms per_group= 0.004ms)
[pe] round= 77 work=       11 frontier=       62 next=       11 consolidate=  0.010ms frontier=  0.002ms semisort=  0.013ms (keyed= 0.000ms group_by=  0.003ms per_group= 0.005ms)
[pe] round= 78 work=       11 frontier=       28 next=       11 consolidate=  0.010ms frontier=  0.001ms semisort=  0.009ms (keyed= 0.000ms group_by=  0.001ms per_group= 0.004ms)
[pe] round= 79 work=       11 frontier=       44 next=       11 consolidate=  0.013ms frontier=  0.001ms semisort=  0.009ms (keyed= 0.000ms group_by=  0.001ms per_group= 0.004ms)
[pe] round= 80 work=       11 frontier=       22 next=       11 consolidate=  0.009ms frontier=  0.001ms semisort=  0.007ms (keyed= 0.000ms group_by=  0.001ms per_group= 0.003ms)
[pe] round= 81 work=       11 frontier=       62 next=       11 consolidate=  0.013ms frontier=  0.001ms semisort=  0.012ms (keyed= 0.000ms group_by=  0.002ms per_group= 0.005ms)
[pe] round= 82 work=       11 frontier=       28 next=       11 consolidate=  0.013ms frontier=  0.001ms semisort=  0.011ms (keyed= 0.000ms group_by=  0.002ms per_group= 0.006ms)
[pe] round= 83 work=       11 frontier=       44 next=       11 consolidate=  0.009ms frontier=  0.002ms semisort=  0.009ms (keyed= 0.000ms group_by=  0.001ms per_group= 0.004ms)
[pe] round= 84 work=       11 frontier=       22 next=       11 consolidate=  0.011ms frontier=  0.001ms semisort=  0.007ms (keyed= 0.000ms group_by=  0.001ms per_group= 0.003ms)
[pe] round= 85 work=       11 frontier=       62 next=       11 consolidate=  0.013ms frontier=  0.001ms semisort=  0.012ms (keyed= 0.000ms group_by=  0.002ms per_group= 0.004ms)
[pe] round= 86 work=       11 frontier=       28 next=       11 consolidate=  0.013ms frontier=  0.001ms semisort=  0.009ms (keyed= 0.000ms group_by=  0.001ms per_group= 0.004ms)
[pe] round= 87 work=       11 frontier=       44 next=       11 consolidate=  0.014ms frontier=  0.001ms semisort=  0.009ms (keyed= 0.000ms group_by=  0.001ms per_group= 0.003ms)
[pe] round= 88 work=       11 frontier=       22 next=       11 consolidate=  0.010ms frontier=  0.002ms semisort=  0.007ms (keyed= 0.000ms group_by=  0.001ms per_group= 0.004ms)
[pe] round= 89 work=       11 frontier=       62 next=       11 consolidate=  0.010ms frontier=  0.002ms semisort=  0.013ms (keyed= 0.000ms group_by=  0.002ms per_group= 0.005ms)
[pe] round= 90 work=       11 frontier=       28 next=       11 consolidate=  0.012ms frontier=  0.001ms semisort=  0.009ms (keyed= 0.000ms group_by=  0.001ms per_group= 0.004ms)
[pe] round= 91 work=       11 frontier=       44 next=       11 consolidate=  0.014ms frontier=  0.001ms semisort=  0.008ms (keyed= 0.000ms group_by=  0.001ms per_group= 0.003ms)
[pe] round= 92 work=       11 frontier=       22 next=       11 consolidate=  0.011ms frontier=  0.002ms semisort=  0.007ms (keyed= 0.000ms group_by=  0.001ms per_group= 0.004ms)
[pe] round= 93 work=       11 frontier=       62 next=       11 consolidate=  0.012ms frontier=  0.001ms semisort=  0.012ms (keyed= 0.000ms group_by=  0.002ms per_group= 0.004ms)
[pe] round= 94 work=       11 frontier=       28 next=       11 consolidate=  0.010ms frontier=  0.002ms semisort=  0.008ms (keyed= 0.000ms group_by=  0.001ms per_group= 0.004ms)
[pe] round= 95 work=       11 frontier=       44 next=       11 consolidate=  0.012ms frontier=  0.002ms semisort=  0.009ms (keyed= 0.000ms group_by=  0.001ms per_group= 0.004ms)
[pe] round= 96 work=       11 frontier=       22 next=       11 consolidate=  0.011ms frontier=  0.001ms semisort=  0.006ms (keyed= 0.000ms group_by=  0.001ms per_group= 0.003ms)
[pe] round= 97 work=       11 frontier=       62 next=       11 consolidate=  0.015ms frontier=  0.001ms semisort=  0.013ms (keyed= 0.000ms group_by=  0.002ms per_group= 0.005ms)
[pe] round= 98 work=       11 frontier=       28 next=       11 consolidate=  0.010ms frontier=  0.002ms semisort=  0.009ms (keyed= 0.000ms group_by=  0.002ms per_group= 0.004ms)
[pe] round= 99 work=       11 frontier=       44 next=       11 consolidate=  0.011ms frontier=  0.001ms semisort=  0.008ms (keyed= 0.000ms group_by=  0.001ms per_group= 0.003ms)
[pe] round=100 work=       11 frontier=       22 next=       11 consolidate=  0.010ms frontier=  0.002ms semisort=  0.007ms (keyed= 0.000ms group_by=  0.001ms per_group= 0.004ms)
[pe] round=101 work=       11 frontier=       62 next=       11 consolidate=  0.010ms frontier=  0.001ms semisort=  0.012ms (keyed= 0.000ms group_by=  0.002ms per_group= 0.005ms)
[pe] round=102 work=       11 frontier=       28 next=       11 consolidate=  0.010ms frontier=  0.001ms semisort=  0.008ms (keyed= 0.000ms group_by=  0.002ms per_group= 0.003ms)
[pe] round=103 work=       11 frontier=       44 next=       11 consolidate=  0.015ms frontier=  0.001ms semisort=  0.009ms (keyed= 0.000ms group_by=  0.001ms per_group= 0.003ms)
[pe] round=104 work=       11 frontier=       22 next=       11 consolidate=  0.013ms frontier=  0.001ms semisort=  0.006ms (keyed= 0.000ms group_by=  0.001ms per_group= 0.003ms)
[pe] round=105 work=       11 frontier=       62 next=       11 consolidate=  0.012ms frontier=  0.001ms semisort=  0.012ms (keyed= 0.000ms group_by=  0.003ms per_group= 0.004ms)
[pe] round=106 work=       11 frontier=       28 next=       11 consolidate=  0.010ms frontier=  0.002ms semisort=  0.008ms (keyed= 0.000ms group_by=  0.001ms per_group= 0.004ms)
[pe] round=107 work=       11 frontier=       44 next=       11 consolidate=  0.012ms frontier=  0.002ms semisort=  0.008ms (keyed= 0.000ms group_by=  0.001ms per_group= 0.003ms)
[pe] round=108 work=       11 frontier=       22 next=       11 consolidate=  0.012ms frontier=  0.001ms semisort=  0.007ms (keyed= 0.000ms group_by=  0.001ms per_group= 0.004ms)
[pe] round=109 work=       11 frontier=       62 next=       11 consolidate=  0.011ms frontier=  0.002ms semisort=  0.012ms (keyed= 0.000ms group_by=  0.002ms per_group= 0.005ms)
[pe] round=110 work=       11 frontier=       28 next=       11 consolidate=  0.011ms frontier=  0.001ms semisort=  0.009ms (keyed= 0.000ms group_by=  0.001ms per_group= 0.004ms)
[pe] round=111 work=       11 frontier=       44 next=       11 consolidate=  0.017ms frontier=  0.001ms semisort=  0.009ms (keyed= 0.000ms group_by=  0.002ms per_group= 0.004ms)
[pe] round=112 work=       11 frontier=       22 next=       11 consolidate=  0.009ms frontier=  0.002ms semisort=  0.007ms (keyed= 0.000ms group_by=  0.001ms per_group= 0.003ms)
[pe] round=113 work=       11 frontier=       62 next=       11 consolidate=  0.013ms frontier=  0.001ms semisort=  0.012ms (keyed= 0.000ms group_by=  0.002ms per_group= 0.005ms)
[pe] round=114 work=       11 frontier=       28 next=       11 consolidate=  0.012ms frontier=  0.001ms semisort=  0.007ms (keyed= 0.000ms group_by=  0.001ms per_group= 0.003ms)
[pe] round=115 work=       11 frontier=       44 next=       11 consolidate=  0.010ms frontier=  0.002ms semisort=  0.009ms (keyed= 0.000ms group_by=  0.001ms per_group= 0.004ms)
[pe] round=116 work=       11 frontier=       22 next=       11 consolidate=  0.011ms frontier=  0.001ms semisort=  0.007ms (keyed= 0.000ms group_by=  0.001ms per_group= 0.004ms)
[pe] round=117 work=       11 frontier=       62 next=       11 consolidate=  0.012ms frontier=  0.001ms semisort=  0.012ms (keyed= 0.000ms group_by=  0.002ms per_group= 0.004ms)
[pe] round=118 work=       11 frontier=       28 next=       11 consolidate=  0.009ms frontier=  0.002ms semisort=  0.009ms (keyed= 0.000ms group_by=  0.001ms per_group= 0.004ms)
[pe] round=119 work=       11 frontier=       44 next=       11 consolidate=  0.013ms frontier=  0.001ms semisort=  0.008ms (keyed= 0.000ms group_by=  0.001ms per_group= 0.003ms)
[pe] round=120 work=       11 frontier=       22 next=       11 consolidate=  0.012ms frontier=  0.001ms semisort=  0.006ms (keyed= 0.000ms group_by=  0.001ms per_group= 0.003ms)
[pe] round=121 work=       11 frontier=       62 next=       11 consolidate=  0.012ms frontier=  0.001ms semisort=  0.012ms (keyed= 0.000ms group_by=  0.002ms per_group= 0.004ms)
[pe] round=122 work=       11 frontier=       28 next=       11 consolidate=  0.011ms frontier=  0.001ms semisort=  0.008ms (keyed= 0.000ms group_by=  0.002ms per_group= 0.004ms)
[pe] round=123 work=       11 frontier=       44 next=       11 consolidate=  0.012ms frontier=  0.001ms semisort=  0.008ms (keyed= 0.000ms group_by=  0.001ms per_group= 0.003ms)
[pe] round=124 work=       11 frontier=       22 next=       11 consolidate=  0.011ms frontier=  0.001ms semisort=  0.007ms (keyed= 0.000ms group_by=  0.001ms per_group= 0.004ms)
[pe] round=125 work=       11 frontier=       62 next=       11 consolidate=  0.009ms frontier=  0.002ms semisort=  0.013ms (keyed= 0.000ms group_by=  0.003ms per_group= 0.005ms)
[pe] round=126 work=       11 frontier=       28 next=       11 consolidate=  0.010ms frontier=  0.001ms semisort=  0.008ms (keyed= 0.000ms group_by=  0.001ms per_group= 0.004ms)
[pe] round=127 work=       11 frontier=       44 next=       11 consolidate=  0.014ms frontier=  0.001ms semisort=  0.009ms (keyed= 0.000ms group_by=  0.001ms per_group= 0.004ms)
[pe] round=128 work=       11 frontier=       22 next=       11 consolidate=  0.010ms frontier=  0.002ms semisort=  0.006ms (keyed= 0.000ms group_by=  0.001ms per_group= 0.003ms)
[pe] round=129 work=       11 frontier=       62 next=       11 consolidate=  0.011ms frontier=  0.001ms semisort=  0.012ms (keyed= 0.000ms group_by=  0.002ms per_group= 0.004ms)
[pe] round=130 work=       11 frontier=       28 next=       11 consolidate=  0.014ms frontier=  0.001ms semisort=  0.011ms (keyed= 0.000ms group_by=  0.002ms per_group= 0.006ms)
[pe] round=131 work=       11 frontier=       44 next=       11 consolidate=  0.010ms frontier=  0.002ms semisort=  0.008ms (keyed= 0.000ms group_by=  0.002ms per_group= 0.003ms)
[pe] round=132 work=       11 frontier=       22 next=       11 consolidate=  0.011ms frontier=  0.001ms semisort=  0.007ms (keyed= 0.000ms group_by=  0.001ms per_group= 0.004ms)
[pe] round=133 work=       11 frontier=       62 next=       11 consolidate=  0.013ms frontier=  0.001ms semisort=  0.013ms (keyed= 0.000ms group_by=  0.002ms per_group= 0.005ms)
[pe] round=134 work=       11 frontier=       28 next=       11 consolidate=  0.011ms frontier=  0.001ms semisort=  0.008ms (keyed= 0.000ms group_by=  0.001ms per_group= 0.003ms)
[pe] round=135 work=       11 frontier=       44 next=       11 consolidate=  0.014ms frontier=  0.001ms semisort=  0.008ms (keyed= 0.000ms group_by=  0.001ms per_group= 0.004ms)
[pe] round=136 work=       11 frontier=       22 next=       11 consolidate=  0.010ms frontier=  0.002ms semisort=  0.006ms (keyed= 0.000ms group_by=  0.001ms per_group= 0.003ms)
[pe] round=137 work=       11 frontier=       62 next=       11 consolidate=  0.012ms frontier=  0.001ms semisort=  0.012ms (keyed= 0.000ms group_by=  0.002ms per_group= 0.004ms)
[pe] round=138 work=       11 frontier=       28 next=       11 consolidate=  0.012ms frontier=  0.001ms semisort=  0.009ms (keyed= 0.000ms group_by=  0.002ms per_group= 0.004ms)
[pe] round=139 work=       11 frontier=       44 next=       11 consolidate=  0.012ms frontier=  0.001ms semisort=  0.008ms (keyed= 0.000ms group_by=  0.001ms per_group= 0.003ms)
[pe] round=140 work=       11 frontier=       22 next=       11 consolidate=  0.013ms frontier=  0.001ms semisort=  0.007ms (keyed= 0.000ms group_by=  0.001ms per_group= 0.004ms)
[pe] round=141 work=       11 frontier=       62 next=       11 consolidate=  0.012ms frontier=  0.001ms semisort=  0.012ms (keyed= 0.000ms group_by=  0.002ms per_group= 0.004ms)
[pe] round=142 work=       11 frontier=       28 next=       11 consolidate=  0.010ms frontier=  0.002ms semisort=  0.009ms (keyed= 0.000ms group_by=  0.001ms per_group= 0.004ms)
[pe] round=143 work=       11 frontier=       44 next=       11 consolidate=  0.010ms frontier=  0.002ms semisort=  0.009ms (keyed= 0.000ms group_by=  0.001ms per_group= 0.004ms)
[pe] round=144 work=       11 frontier=       22 next=       11 consolidate=  0.012ms frontier=  0.001ms semisort=  0.006ms (keyed= 0.000ms group_by=  0.001ms per_group= 0.003ms)
[pe] round=145 work=       11 frontier=       62 next=       11 consolidate=  0.012ms frontier=  0.001ms semisort=  0.012ms (keyed= 0.000ms group_by=  0.002ms per_group= 0.004ms)
[pe] round=146 work=       11 frontier=       28 next=       11 consolidate=  0.011ms frontier=  0.001ms semisort=  0.008ms (keyed= 0.000ms group_by=  0.002ms per_group= 0.004ms)
[pe] round=147 work=       11 frontier=       44 next=       11 consolidate=  0.012ms frontier=  0.001ms semisort=  0.008ms (keyed= 0.000ms group_by=  0.001ms per_group= 0.004ms)
[pe] round=148 work=       11 frontier=       22 next=       11 consolidate=  0.011ms frontier=  0.001ms semisort=  0.007ms (keyed= 0.000ms group_by=  0.001ms per_group= 0.004ms)
[pe] round=149 work=       11 frontier=       62 next=       11 consolidate=  0.012ms frontier=  0.001ms semisort=  0.013ms (keyed= 0.000ms group_by=  0.002ms per_group= 0.004ms)
[pe] round=150 work=       11 frontier=       28 next=       11 consolidate=  0.010ms frontier=  0.001ms semisort=  0.009ms (keyed= 0.000ms group_by=  0.001ms per_group= 0.004ms)
[pe] round=151 work=       11 frontier=       44 next=       11 consolidate=  0.012ms frontier=  0.001ms semisort=  0.008ms (keyed= 0.000ms group_by=  0.001ms per_group= 0.003ms)
[pe] round=152 work=       11 frontier=       22 next=       11 consolidate=  0.011ms frontier=  0.001ms semisort=  0.006ms (keyed= 0.000ms group_by=  0.001ms per_group= 0.004ms)
[pe] round=153 work=       11 frontier=       62 next=       11 consolidate=  0.009ms frontier=  0.002ms semisort=  0.013ms (keyed= 0.000ms group_by=  0.003ms per_group= 0.004ms)
[pe] round=154 work=       11 frontier=       28 next=       11 consolidate=  0.011ms frontier=  0.002ms semisort=  0.008ms (keyed= 0.000ms group_by=  0.001ms per_group= 0.004ms)
[pe] round=155 work=       11 frontier=       44 next=       11 consolidate=  0.011ms frontier=  0.001ms semisort=  0.008ms (keyed= 0.000ms group_by=  0.001ms per_group= 0.003ms)
[pe] round=156 work=       11 frontier=       22 next=       11 consolidate=  0.012ms frontier=  0.001ms semisort=  0.007ms (keyed= 0.000ms group_by=  0.001ms per_group= 0.004ms)
[pe] round=157 work=       11 frontier=       62 next=       11 consolidate=  0.014ms frontier=  0.001ms semisort=  0.012ms (keyed= 0.000ms group_by=  0.002ms per_group= 0.005ms)
[pe] round=158 work=       11 frontier=       28 next=       11 consolidate=  0.010ms frontier=  0.001ms semisort=  0.008ms (keyed= 0.000ms group_by=  0.001ms per_group= 0.004ms)
[pe] round=159 work=       11 frontier=       44 next=       11 consolidate=  0.013ms frontier=  0.001ms semisort=  0.009ms (keyed= 0.000ms group_by=  0.001ms per_group= 0.004ms)
[pe] round=160 work=       11 frontier=       22 next=       11 consolidate=  0.012ms frontier=  0.001ms semisort=  0.006ms (keyed= 0.000ms group_by=  0.001ms per_group= 0.003ms)
[pe] round=161 work=       11 frontier=       62 next=       11 consolidate=  0.012ms frontier=  0.001ms semisort=  0.013ms (keyed= 0.000ms group_by=  0.002ms per_group= 0.005ms)
[pe] round=162 work=       11 frontier=       28 next=       11 consolidate=  0.011ms frontier=  0.001ms semisort=  0.008ms (keyed= 0.000ms group_by=  0.001ms per_group= 0.004ms)
[pe] round=163 work=       11 frontier=       44 next=       11 consolidate=  0.012ms frontier=  0.001ms semisort=  0.008ms (keyed= 0.000ms group_by=  0.001ms per_group= 0.003ms)
[pe] round=164 work=       11 frontier=       22 next=       11 consolidate=  0.010ms frontier=  0.001ms semisort=  0.007ms (keyed= 0.000ms group_by=  0.001ms per_group= 0.004ms)
[pe] round=165 work=       11 frontier=       62 next=       11 consolidate=  0.012ms frontier=  0.001ms semisort=  0.012ms (keyed= 0.000ms group_by=  0.002ms per_group= 0.004ms)
[pe] round=166 work=       11 frontier=       28 next=       11 consolidate=  0.009ms frontier=  0.002ms semisort=  0.008ms (keyed= 0.000ms group_by=  0.002ms per_group= 0.003ms)
[pe] round=167 work=       11 frontier=       44 next=       11 consolidate=  0.012ms frontier=  0.001ms semisort=  0.009ms (keyed= 0.000ms group_by=  0.001ms per_group= 0.003ms)
[pe] round=168 work=       11 frontier=       22 next=       11 consolidate=  0.011ms frontier=  0.001ms semisort=  0.007ms (keyed= 0.000ms group_by=  0.001ms per_group= 0.004ms)
[pe] round=169 work=       11 frontier=       62 next=       11 consolidate=  0.012ms frontier=  0.001ms semisort=  0.013ms (keyed= 0.000ms group_by=  0.002ms per_group= 0.004ms)
[pe] round=170 work=       11 frontier=       28 next=       11 consolidate=  0.012ms frontier=  0.001ms semisort=  0.008ms (keyed= 0.000ms group_by=  0.001ms per_group= 0.004ms)
[pe] round=171 work=       11 frontier=       44 next=       11 consolidate=  0.011ms frontier=  0.001ms semisort=  0.008ms (keyed= 0.000ms group_by=  0.001ms per_group= 0.003ms)
[pe] round=172 work=       11 frontier=       22 next=       11 consolidate=  0.010ms frontier=  0.001ms semisort=  0.007ms (keyed= 0.000ms group_by=  0.001ms per_group= 0.004ms)
[pe] round=173 work=       11 frontier=       62 next=       11 consolidate=  0.010ms frontier=  0.002ms semisort=  0.013ms (keyed= 0.000ms group_by=  0.002ms per_group= 0.005ms)
[pe] round=174 work=       11 frontier=       28 next=       11 consolidate=  0.010ms frontier=  0.001ms semisort=  0.008ms (keyed= 0.000ms group_by=  0.001ms per_group= 0.004ms)
[pe] round=175 work=       11 frontier=       44 next=       11 consolidate=  0.012ms frontier=  0.001ms semisort=  0.009ms (keyed= 0.000ms group_by=  0.001ms per_group= 0.003ms)
[pe] round=176 work=       11 frontier=       22 next=       11 consolidate=  0.009ms frontier=  0.002ms semisort=  0.007ms (keyed= 0.000ms group_by=  0.001ms per_group= 0.003ms)
[pe] round=177 work=       11 frontier=       62 next=       11 consolidate=  0.012ms frontier=  0.001ms semisort=  0.014ms (keyed= 0.000ms group_by=  0.003ms per_group= 0.005ms)
[pe] round=178 work=       11 frontier=       28 next=       11 consolidate=  0.011ms frontier=  0.001ms semisort=  0.008ms (keyed= 0.000ms group_by=  0.002ms per_group= 0.004ms)
[pe] round=179 work=       11 frontier=       44 next=       11 consolidate=  0.009ms frontier=  0.002ms semisort=  0.008ms (keyed= 0.000ms group_by=  0.001ms per_group= 0.003ms)
[pe] round=180 work=       11 frontier=       22 next=       11 consolidate=  0.011ms frontier=  0.001ms semisort=  0.007ms (keyed= 0.000ms group_by=  0.001ms per_group= 0.004ms)
[pe] round=181 work=       11 frontier=       62 next=       11 consolidate=  0.013ms frontier=  0.001ms semisort=  0.012ms (keyed= 0.000ms group_by=  0.002ms per_group= 0.004ms)
[pe] round=182 work=       11 frontier=       28 next=       11 consolidate=  0.008ms frontier=  0.002ms semisort=  0.009ms (keyed= 0.000ms group_by=  0.001ms per_group= 0.004ms)
[pe] round=183 work=       11 frontier=       44 next=       11 consolidate=  0.013ms frontier=  0.001ms semisort=  0.008ms (keyed= 0.000ms group_by=  0.001ms per_group= 0.003ms)
[pe] round=184 work=       11 frontier=       22 next=       11 consolidate=  0.012ms frontier=  0.001ms semisort=  0.006ms (keyed= 0.000ms group_by=  0.001ms per_group= 0.003ms)
[pe] round=185 work=       11 frontier=       62 next=       11 consolidate=  0.009ms frontier=  0.002ms semisort=  0.015ms (keyed= 0.000ms group_by=  0.002ms per_group= 0.006ms)
[pe] round=186 work=       11 frontier=       28 next=       11 consolidate=  0.011ms frontier=  0.001ms semisort=  0.008ms (keyed= 0.000ms group_by=  0.001ms per_group= 0.004ms)
[pe] round=187 work=       11 frontier=       44 next=       11 consolidate=  0.012ms frontier=  0.001ms semisort=  0.009ms (keyed= 0.000ms group_by=  0.002ms per_group= 0.003ms)
[pe] round=188 work=       11 frontier=       22 next=       11 consolidate=  0.009ms frontier=  0.002ms semisort=  0.007ms (keyed= 0.000ms group_by=  0.001ms per_group= 0.004ms)
[pe] round=189 work=       11 frontier=       62 next=       11 consolidate=  0.010ms frontier=  0.001ms semisort=  0.013ms (keyed= 0.000ms group_by=  0.003ms per_group= 0.005ms)
[pe] round=190 work=       11 frontier=       28 next=       11 consolidate=  0.014ms frontier=  0.001ms semisort=  0.008ms (keyed= 0.000ms group_by=  0.001ms per_group= 0.004ms)
[pe] round=191 work=       11 frontier=       44 next=       11 consolidate=  0.010ms frontier=  0.002ms semisort=  0.009ms (keyed= 0.000ms group_by=  0.001ms per_group= 0.004ms)
[pe] round=192 work=       11 frontier=       22 next=       11 consolidate=  0.010ms frontier=  0.001ms semisort=  0.007ms (keyed= 0.000ms group_by=  0.001ms per_group= 0.003ms)
[pe] round=193 work=       11 frontier=       62 next=       11 consolidate=  0.016ms frontier=  0.001ms semisort=  0.014ms (keyed= 0.000ms group_by=  0.002ms per_group= 0.005ms)
[pe] round=194 work=       11 frontier=       28 next=       11 consolidate=  0.009ms frontier=  0.002ms semisort=  0.009ms (keyed= 0.000ms group_by=  0.001ms per_group= 0.004ms)
[pe] round=195 work=       11 frontier=       44 next=       11 consolidate=  0.009ms frontier=  0.001ms semisort=  0.008ms (keyed= 0.000ms group_by=  0.001ms per_group= 0.003ms)
[pe] round=196 work=       11 frontier=       22 next=       11 consolidate=  0.007ms frontier=  0.002ms semisort=  0.007ms (keyed= 0.000ms group_by=  0.001ms per_group= 0.004ms)
[pe] round=197 work=       11 frontier=       62 next=       11 consolidate=  0.014ms frontier=  0.001ms semisort=  0.012ms (keyed= 0.000ms group_by=  0.002ms per_group= 0.004ms)
[pe] round=198 work=       11 frontier=       28 next=       11 consolidate=  0.010ms frontier=  0.001ms semisort=  0.008ms (keyed= 0.000ms group_by=  0.001ms per_group= 0.003ms)
[pe] round=199 work=       11 frontier=       44 next=       11 consolidate=  0.010ms frontier=  0.002ms semisort=  0.008ms (keyed= 0.000ms group_by=  0.001ms per_group= 0.003ms)
[pe] round=200 work=       11 frontier=       22 next=       11 consolidate=  0.012ms frontier=  0.001ms semisort=  0.006ms (keyed= 0.000ms group_by=  0.001ms per_group= 0.003ms)
[pe] round=201 work=       11 frontier=       62 next=       11 consolidate=  0.012ms frontier=  0.001ms semisort=  0.013ms (keyed= 0.000ms group_by=  0.002ms per_group= 0.004ms)
[pe] round=202 work=       11 frontier=       28 next=       11 consolidate=  0.010ms frontier=  0.002ms semisort=  0.008ms (keyed= 0.000ms group_by=  0.001ms per_group= 0.004ms)
[pe] round=203 work=       11 frontier=       44 next=       11 consolidate=  0.012ms frontier=  0.001ms semisort=  0.008ms (keyed= 0.000ms group_by=  0.001ms per_group= 0.003ms)
[pe] round=204 work=       11 frontier=       22 next=       11 consolidate=  0.011ms frontier=  0.001ms semisort=  0.007ms (keyed= 0.000ms group_by=  0.001ms per_group= 0.003ms)
[pe] round=205 work=       11 frontier=       62 next=       11 consolidate=  0.014ms frontier=  0.001ms semisort=  0.013ms (keyed= 0.000ms group_by=  0.003ms per_group= 0.004ms)
[pe] round=206 work=       11 frontier=       28 next=       11 consolidate=  0.009ms frontier=  0.001ms semisort=  0.009ms (keyed= 0.000ms group_by=  0.002ms per_group= 0.004ms)
[pe] round=207 work=       11 frontier=       44 next=       11 consolidate=  0.012ms frontier=  0.001ms semisort=  0.008ms (keyed= 0.000ms group_by=  0.001ms per_group= 0.003ms)
[pe] round=208 work=       11 frontier=       22 next=       11 consolidate=  0.011ms frontier=  0.001ms semisort=  0.006ms (keyed= 0.000ms group_by=  0.001ms per_group= 0.003ms)
[pe] round=209 work=       11 frontier=       70 next=       11 consolidate=  0.012ms frontier=  0.001ms semisort=  0.016ms (keyed= 0.000ms group_by=  0.003ms per_group= 0.005ms)
[pe] round=210 work=       11 frontier=       28 next=        7 consolidate=  0.012ms frontier=  0.001ms semisort=  0.008ms (keyed= 0.000ms group_by=  0.001ms per_group= 0.003ms)
[pe] round=211 work=        7 frontier=       28 next=        7 consolidate=  0.008ms frontier=  0.001ms semisort=  0.006ms (keyed= 0.000ms group_by=  0.001ms per_group= 0.003ms)
[pe] round=212 work=        7 frontier=       14 next=        7 consolidate=  0.008ms frontier=  0.001ms semisort=  0.005ms (keyed= 0.000ms group_by=  0.001ms per_group= 0.002ms)
[pe] round=213 work=        7 frontier=       46 next=        7 consolidate=  0.008ms frontier=  0.001ms semisort=  0.010ms (keyed= 0.000ms group_by=  0.002ms per_group= 0.003ms)
[pe] round=214 work=        7 frontier=       20 next=        7 consolidate=  0.006ms frontier=  0.001ms semisort=  0.007ms (keyed= 0.000ms group_by=  0.001ms per_group= 0.003ms)
[pe] round=215 work=        7 frontier=       28 next=        7 consolidate=  0.009ms frontier=  0.001ms semisort=  0.006ms (keyed= 0.000ms group_by=  0.001ms per_group= 0.002ms)
[pe] round=216 work=        7 frontier=       14 next=        7 consolidate=  0.007ms frontier=  0.001ms semisort=  0.005ms (keyed= 0.000ms group_by=  0.001ms per_group= 0.002ms)
[pe] round=217 work=        7 frontier=       46 next=        7 consolidate=  0.007ms frontier=  0.001ms semisort=  0.010ms (keyed= 0.000ms group_by=  0.001ms per_group= 0.003ms)
[pe] round=218 work=        7 frontier=       20 next=        7 consolidate=  0.007ms frontier=  0.001ms semisort=  0.006ms (keyed= 0.000ms group_by=  0.001ms per_group= 0.003ms)
[pe] round=219 work=        7 frontier=       28 next=        7 consolidate=  0.008ms frontier=  0.001ms semisort=  0.006ms (keyed= 0.000ms group_by=  0.001ms per_group= 0.002ms)
[pe] round=220 work=        7 frontier=       14 next=        7 consolidate=  0.007ms frontier=  0.001ms semisort=  0.006ms (keyed= 0.000ms group_by=  0.001ms per_group= 0.003ms)
[pe] round=221 work=        7 frontier=       46 next=        7 consolidate=  0.008ms frontier=  0.001ms semisort=  0.010ms (keyed= 0.000ms group_by=  0.002ms per_group= 0.003ms)
[pe] round=222 work=        7 frontier=       20 next=        7 consolidate=  0.007ms frontier=  0.001ms semisort=  0.006ms (keyed= 0.000ms group_by=  0.001ms per_group= 0.002ms)
[pe] round=223 work=        7 frontier=       28 next=        7 consolidate=  0.009ms frontier=  0.001ms semisort=  0.006ms (keyed= 0.000ms group_by=  0.001ms per_group= 0.003ms)
[pe] round=224 work=        7 frontier=       14 next=        7 consolidate=  0.007ms frontier=  0.001ms semisort=  0.005ms (keyed= 0.000ms group_by=  0.001ms per_group= 0.003ms)
[pe] round=225 work=        7 frontier=       46 next=        7 consolidate=  0.008ms frontier=  0.001ms semisort=  0.010ms (keyed= 0.000ms group_by=  0.002ms per_group= 0.003ms)
[pe] round=226 work=        7 frontier=       20 next=        7 consolidate=  0.008ms frontier=  0.001ms semisort=  0.007ms (keyed= 0.000ms group_by=  0.001ms per_group= 0.003ms)
[pe] round=227 work=        7 frontier=       28 next=        7 consolidate=  0.008ms frontier=  0.001ms semisort=  0.006ms (keyed= 0.000ms group_by=  0.001ms per_group= 0.002ms)
[pe] round=228 work=        7 frontier=       14 next=        7 consolidate=  0.008ms frontier=  0.001ms semisort=  0.005ms (keyed= 0.000ms group_by=  0.001ms per_group= 0.003ms)
[pe] round=229 work=        7 frontier=       46 next=        7 consolidate=  0.008ms frontier=  0.001ms semisort=  0.010ms (keyed= 0.000ms group_by=  0.001ms per_group= 0.003ms)
[pe] round=230 work=        7 frontier=       20 next=        7 consolidate=  0.007ms frontier=  0.001ms semisort=  0.006ms (keyed= 0.000ms group_by=  0.001ms per_group= 0.002ms)
[pe] round=231 work=        7 frontier=       28 next=        7 consolidate=  0.009ms frontier=  0.001ms semisort=  0.006ms (keyed= 0.000ms group_by=  0.001ms per_group= 0.002ms)
[pe] round=232 work=        7 frontier=       14 next=        7 consolidate=  0.007ms frontier=  0.001ms semisort=  0.005ms (keyed= 0.000ms group_by=  0.001ms per_group= 0.003ms)
[pe] round=233 work=        7 frontier=       46 next=        7 consolidate=  0.008ms frontier=  0.001ms semisort=  0.010ms (keyed= 0.000ms group_by=  0.001ms per_group= 0.003ms)
[pe] round=234 work=        7 frontier=       20 next=        7 consolidate=  0.008ms frontier=  0.001ms semisort=  0.006ms (keyed= 0.000ms group_by=  0.001ms per_group= 0.003ms)
[pe] round=235 work=        7 frontier=       28 next=        7 consolidate=  0.008ms frontier=  0.001ms semisort=  0.006ms (keyed= 0.000ms group_by=  0.001ms per_group= 0.002ms)
[pe] round=236 work=        7 frontier=       14 next=        7 consolidate=  0.008ms frontier=  0.001ms semisort=  0.005ms (keyed= 0.000ms group_by=  0.001ms per_group= 0.003ms)
[pe] round=237 work=        7 frontier=       46 next=        7 consolidate=  0.008ms frontier=  0.001ms semisort=  0.010ms (keyed= 0.000ms group_by=  0.001ms per_group= 0.003ms)
[pe] round=238 work=        7 frontier=       20 next=        7 consolidate=  0.007ms frontier=  0.001ms semisort=  0.007ms (keyed= 0.000ms group_by=  0.001ms per_group= 0.003ms)
[pe] round=239 work=        7 frontier=       28 next=        7 consolidate=  0.008ms frontier=  0.001ms semisort=  0.006ms (keyed= 0.000ms group_by=  0.001ms per_group= 0.002ms)
[pe] round=240 work=        7 frontier=       14 next=        7 consolidate=  0.007ms frontier=  0.001ms semisort=  0.004ms (keyed= 0.000ms group_by=  0.001ms per_group= 0.002ms)
[pe] round=241 work=        7 frontier=       46 next=        7 consolidate=  0.008ms frontier=  0.001ms semisort=  0.010ms (keyed= 0.000ms group_by=  0.002ms per_group= 0.004ms)
[pe] round=242 work=        7 frontier=       20 next=        7 consolidate=  0.008ms frontier=  0.001ms semisort=  0.006ms (keyed= 0.000ms group_by=  0.001ms per_group= 0.003ms)
[pe] round=243 work=        7 frontier=       28 next=        7 consolidate=  0.007ms frontier=  0.001ms semisort=  0.006ms (keyed= 0.000ms group_by=  0.001ms per_group= 0.003ms)
[pe] round=244 work=        7 frontier=       14 next=        7 consolidate=  0.007ms frontier=  0.001ms semisort=  0.005ms (keyed= 0.000ms group_by=  0.001ms per_group= 0.003ms)
[pe] round=245 work=        7 frontier=       46 next=        7 consolidate=  0.009ms frontier=  0.001ms semisort=  0.014ms (keyed= 0.000ms group_by=  0.005ms per_group= 0.003ms)
[pe] round=246 work=        7 frontier=       20 next=        7 consolidate=  0.007ms frontier=  0.001ms semisort=  0.007ms (keyed= 0.000ms group_by=  0.001ms per_group= 0.003ms)
[pe] round=247 work=        7 frontier=       28 next=        7 consolidate=  0.009ms frontier=  0.001ms semisort=  0.006ms (keyed= 0.000ms group_by=  0.001ms per_group= 0.002ms)
[pe] round=248 work=        7 frontier=       14 next=        7 consolidate=  0.007ms frontier=  0.001ms semisort=  0.004ms (keyed= 0.000ms group_by=  0.001ms per_group= 0.003ms)
[pe] round=249 work=        7 frontier=       46 next=        7 consolidate=  0.007ms frontier=  0.001ms semisort=  0.010ms (keyed= 0.000ms group_by=  0.001ms per_group= 0.003ms)
[pe] round=250 work=        7 frontier=       20 next=        7 consolidate=  0.008ms frontier=  0.001ms semisort=  0.007ms (keyed= 0.000ms group_by=  0.001ms per_group= 0.003ms)
[pe] round=251 work=        7 frontier=       28 next=        7 consolidate=  0.007ms frontier=  0.001ms semisort=  0.006ms (keyed= 0.000ms group_by=  0.001ms per_group= 0.002ms)
[pe] round=252 work=        7 frontier=       14 next=        7 consolidate=  0.008ms frontier=  0.001ms semisort=  0.006ms (keyed= 0.000ms group_by=  0.001ms per_group= 0.003ms)
[pe] round=253 work=        7 frontier=       46 next=        7 consolidate=  0.008ms frontier=  0.001ms semisort=  0.010ms (keyed= 0.000ms group_by=  0.001ms per_group= 0.004ms)
[pe] round=254 work=        7 frontier=       20 next=        7 consolidate=  0.007ms frontier=  0.001ms semisort=  0.007ms (keyed= 0.000ms group_by=  0.001ms per_group= 0.003ms)
[pe] round=255 work=        7 frontier=       28 next=        7 consolidate=  0.009ms frontier=  0.001ms semisort=  0.006ms (keyed= 0.000ms group_by=  0.001ms per_group= 0.002ms)
[pe] round=256 work=        7 frontier=       14 next=        7 consolidate=  0.007ms frontier=  0.001ms semisort=  0.005ms (keyed= 0.000ms group_by=  0.001ms per_group= 0.003ms)
[pe] round=257 work=        7 frontier=       46 next=        7 consolidate=  0.007ms frontier=  0.001ms semisort=  0.010ms (keyed= 0.000ms group_by=  0.002ms per_group= 0.003ms)
[pe] round=258 work=        7 frontier=       20 next=        7 consolidate=  0.008ms frontier=  0.001ms semisort=  0.006ms (keyed= 0.000ms group_by=  0.001ms per_group= 0.003ms)
[pe] round=259 work=        7 frontier=       28 next=        7 consolidate=  0.007ms frontier=  0.001ms semisort=  0.006ms (keyed= 0.000ms group_by=  0.001ms per_group= 0.002ms)
[pe] round=260 work=        7 frontier=       14 next=        7 consolidate=  0.007ms frontier=  0.001ms semisort=  0.005ms (keyed= 0.000ms group_by=  0.001ms per_group= 0.003ms)
[pe] round=261 work=        7 frontier=       46 next=        7 consolidate=  0.007ms frontier=  0.001ms semisort=  0.010ms (keyed= 0.000ms group_by=  0.002ms per_group= 0.003ms)
[pe] round=262 work=        7 frontier=       20 next=        7 consolidate=  0.007ms frontier=  0.001ms semisort=  0.006ms (keyed= 0.000ms group_by=  0.001ms per_group= 0.003ms)
[pe] round=263 work=        7 frontier=       28 next=        7 consolidate=  0.008ms frontier=  0.001ms semisort=  0.006ms (keyed= 0.000ms group_by=  0.001ms per_group= 0.002ms)
[pe] round=264 work=        7 frontier=       14 next=        7 consolidate=  0.008ms frontier=  0.001ms semisort=  0.005ms (keyed= 0.000ms group_by=  0.001ms per_group= 0.003ms)
[pe] round=265 work=        7 frontier=       46 next=        7 consolidate=  0.008ms frontier=  0.001ms semisort=  0.010ms (keyed= 0.000ms group_by=  0.002ms per_group= 0.004ms)
[pe] round=266 work=        7 frontier=       20 next=        7 consolidate=  0.008ms frontier=  0.001ms semisort=  0.006ms (keyed= 0.000ms group_by=  0.001ms per_group= 0.003ms)
[pe] round=267 work=        7 frontier=       28 next=        7 consolidate=  0.007ms frontier=  0.001ms semisort=  0.006ms (keyed= 0.000ms group_by=  0.001ms per_group= 0.002ms)
[pe] round=268 work=        7 frontier=       14 next=        7 consolidate=  0.007ms frontier=  0.001ms semisort=  0.005ms (keyed= 0.000ms group_by=  0.001ms per_group= 0.003ms)
[pe] round=269 work=        7 frontier=       46 next=        7 consolidate=  0.008ms frontier=  0.001ms semisort=  0.010ms (keyed= 0.000ms group_by=  0.002ms per_group= 0.003ms)
[pe] round=270 work=        7 frontier=       20 next=        7 consolidate=  0.007ms frontier=  0.001ms semisort=  0.007ms (keyed= 0.000ms group_by=  0.001ms per_group= 0.003ms)
[pe] round=271 work=        7 frontier=       28 next=        7 consolidate=  0.008ms frontier=  0.001ms semisort=  0.006ms (keyed= 0.000ms group_by=  0.001ms per_group= 0.002ms)
[pe] round=272 work=        7 frontier=       14 next=        7 consolidate=  0.007ms frontier=  0.001ms semisort=  0.005ms (keyed= 0.000ms group_by=  0.001ms per_group= 0.002ms)
[pe] round=273 work=        7 frontier=       46 next=        7 consolidate=  0.007ms frontier=  0.001ms semisort=  0.011ms (keyed= 0.000ms group_by=  0.002ms per_group= 0.004ms)
[pe] round=274 work=        7 frontier=       20 next=        7 consolidate=  0.009ms frontier=  0.001ms semisort=  0.006ms (keyed= 0.000ms group_by=  0.001ms per_group= 0.003ms)
[pe] round=275 work=        7 frontier=       28 next=        7 consolidate=  0.007ms frontier=  0.001ms semisort=  0.006ms (keyed= 0.000ms group_by=  0.001ms per_group= 0.002ms)
[pe] round=276 work=        7 frontier=       14 next=        7 consolidate=  0.008ms frontier=  0.001ms semisort=  0.005ms (keyed= 0.000ms group_by=  0.001ms per_group= 0.003ms)
[pe] round=277 work=        7 frontier=       46 next=        7 consolidate=  0.008ms frontier=  0.001ms semisort=  0.010ms (keyed= 0.000ms group_by=  0.002ms per_group= 0.003ms)
[pe] round=278 work=        7 frontier=       20 next=        7 consolidate=  0.007ms frontier=  0.001ms semisort=  0.007ms (keyed= 0.000ms group_by=  0.001ms per_group= 0.003ms)
[pe] round=279 work=        7 frontier=       28 next=        7 consolidate=  0.008ms frontier=  0.001ms semisort=  0.006ms (keyed= 0.000ms group_by=  0.001ms per_group= 0.002ms)
[pe] round=280 work=        7 frontier=       14 next=        7 consolidate=  0.006ms frontier=  0.001ms semisort=  0.005ms (keyed= 0.000ms group_by=  0.001ms per_group= 0.003ms)
[pe] round=281 work=        7 frontier=       46 next=        7 consolidate=  0.007ms frontier=  0.001ms semisort=  0.011ms (keyed= 0.000ms group_by=  0.002ms per_group= 0.004ms)
[pe] round=282 work=        7 frontier=       20 next=        7 consolidate=  0.007ms frontier=  0.002ms semisort=  0.007ms (keyed= 0.000ms group_by=  0.001ms per_group= 0.003ms)
[pe] round=283 work=        7 frontier=       28 next=        7 consolidate=  0.007ms frontier=  0.001ms semisort=  0.006ms (keyed= 0.000ms group_by=  0.001ms per_group= 0.002ms)
[pe] round=284 work=        7 frontier=       14 next=        7 consolidate=  0.008ms frontier=  0.001ms semisort=  0.006ms (keyed= 0.000ms group_by=  0.001ms per_group= 0.003ms)
[pe] round=285 work=        7 frontier=       46 next=        7 consolidate=  0.007ms frontier=  0.001ms semisort=  0.009ms (keyed= 0.000ms group_by=  0.002ms per_group= 0.003ms)
[pe] round=286 work=        7 frontier=       20 next=        7 consolidate=  0.008ms frontier=  0.001ms semisort=  0.007ms (keyed= 0.000ms group_by=  0.001ms per_group= 0.003ms)
[pe] round=287 work=        7 frontier=       28 next=        7 consolidate=  0.008ms frontier=  0.001ms semisort=  0.006ms (keyed= 0.000ms group_by=  0.001ms per_group= 0.003ms)
[pe] round=288 work=        7 frontier=       14 next=        7 consolidate=  0.007ms frontier=  0.001ms semisort=  0.005ms (keyed= 0.000ms group_by=  0.001ms per_group= 0.003ms)
[pe] round=289 work=        7 frontier=       46 next=        7 consolidate=  0.008ms frontier=  0.001ms semisort=  0.011ms (keyed= 0.000ms group_by=  0.002ms per_group= 0.003ms)
[pe] round=290 work=        7 frontier=       20 next=        7 consolidate=  0.008ms frontier=  0.001ms semisort=  0.006ms (keyed= 0.000ms group_by=  0.001ms per_group= 0.003ms)
[pe] round=291 work=        7 frontier=       28 next=        7 consolidate=  0.007ms frontier=  0.001ms semisort=  0.006ms (keyed= 0.000ms group_by=  0.001ms per_group= 0.002ms)
[pe] round=292 work=        7 frontier=       14 next=        7 consolidate=  0.007ms frontier=  0.001ms semisort=  0.005ms (keyed= 0.000ms group_by=  0.001ms per_group= 0.003ms)
[pe] round=293 work=        7 frontier=       46 next=        7 consolidate=  0.007ms frontier=  0.001ms semisort=  0.010ms (keyed= 0.000ms group_by=  0.002ms per_group= 0.003ms)
[pe] round=294 work=        7 frontier=       20 next=        7 consolidate=  0.008ms frontier=  0.001ms semisort=  0.006ms (keyed= 0.000ms group_by=  0.001ms per_group= 0.003ms)
[pe] round=295 work=        7 frontier=       28 next=        7 consolidate=  0.008ms frontier=  0.001ms semisort=  0.006ms (keyed= 0.000ms group_by=  0.001ms per_group= 0.002ms)
[pe] round=296 work=        7 frontier=       14 next=        7 consolidate=  0.007ms frontier=  0.001ms semisort=  0.005ms (keyed= 0.000ms group_by=  0.001ms per_group= 0.003ms)
[pe] round=297 work=        7 frontier=       46 next=        7 consolidate=  0.007ms frontier=  0.001ms semisort=  0.010ms (keyed= 0.000ms group_by=  0.001ms per_group= 0.003ms)
[pe] round=298 work=        7 frontier=       20 next=        7 consolidate=  0.008ms frontier=  0.001ms semisort=  0.007ms (keyed= 0.000ms group_by=  0.001ms per_group= 0.003ms)
[pe] round=299 work=        7 frontier=       28 next=        7 consolidate=  0.007ms frontier=  0.001ms semisort=  0.006ms (keyed= 0.000ms group_by=  0.001ms per_group= 0.002ms)
[pe] round=300 work=        7 frontier=       14 next=        7 consolidate=  0.008ms frontier=  0.001ms semisort=  0.005ms (keyed= 0.000ms group_by=  0.001ms per_group= 0.003ms)
[pe] round=301 work=        7 frontier=       46 next=        7 consolidate=  0.008ms frontier=  0.001ms semisort=  0.010ms (keyed= 0.000ms group_by=  0.002ms per_group= 0.003ms)
[pe] round=302 work=        7 frontier=       20 next=        7 consolidate=  0.007ms frontier=  0.001ms semisort=  0.006ms (keyed= 0.000ms group_by=  0.001ms per_group= 0.003ms)
[pe] round=303 work=        7 frontier=       28 next=        7 consolidate=  0.008ms frontier=  0.001ms semisort=  0.006ms (keyed= 0.000ms group_by=  0.001ms per_group= 0.002ms)
[pe] round=304 work=        7 frontier=       14 next=        7 consolidate=  0.007ms frontier=  0.001ms semisort=  0.005ms (keyed= 0.000ms group_by=  0.001ms per_group= 0.002ms)
[pe] round=305 work=        7 frontier=       46 next=        7 consolidate=  0.008ms frontier=  0.001ms semisort=  0.012ms (keyed= 0.000ms group_by=  0.002ms per_group= 0.005ms)
[pe] round=306 work=        7 frontier=       20 next=        7 consolidate=  0.008ms frontier=  0.001ms semisort=  0.007ms (keyed= 0.000ms group_by=  0.001ms per_group= 0.003ms)
[pe] round=307 work=        7 frontier=       28 next=        7 consolidate=  0.007ms frontier=  0.001ms semisort=  0.006ms (keyed= 0.000ms group_by=  0.001ms per_group= 0.002ms)
[pe] round=308 work=        7 frontier=       14 next=        7 consolidate=  0.007ms frontier=  0.001ms semisort=  0.005ms (keyed= 0.000ms group_by=  0.001ms per_group= 0.003ms)
[pe] round=309 work=        7 frontier=       46 next=        7 consolidate=  0.008ms frontier=  0.001ms semisort=  0.012ms (keyed= 0.000ms group_by=  0.002ms per_group= 0.005ms)
[pe] round=310 work=        7 frontier=       20 next=        7 consolidate=  0.007ms frontier=  0.001ms semisort=  0.007ms (keyed= 0.000ms group_by=  0.001ms per_group= 0.003ms)
[pe] round=311 work=        7 frontier=       28 next=        7 consolidate=  0.009ms frontier=  0.001ms semisort=  0.006ms (keyed= 0.000ms group_by=  0.001ms per_group= 0.002ms)
[pe] round=312 work=        7 frontier=       14 next=        7 consolidate=  0.006ms frontier=  0.001ms semisort=  0.004ms (keyed= 0.000ms group_by=  0.001ms per_group= 0.002ms)
[pe] round=313 work=        7 frontier=       46 next=        7 consolidate=  0.007ms frontier=  0.001ms semisort=  0.010ms (keyed= 0.000ms group_by=  0.002ms per_group= 0.003ms)
[pe] round=314 work=        7 frontier=       20 next=        7 consolidate=  0.009ms frontier=  0.001ms semisort=  0.006ms (keyed= 0.000ms group_by=  0.001ms per_group= 0.003ms)
[pe] round=315 work=        7 frontier=       28 next=        7 consolidate=  0.007ms frontier=  0.001ms semisort=  0.006ms (keyed= 0.000ms group_by=  0.001ms per_group= 0.002ms)
[pe] round=316 work=        7 frontier=       14 next=        7 consolidate=  0.007ms frontier=  0.001ms semisort=  0.005ms (keyed= 0.000ms group_by=  0.001ms per_group= 0.003ms)
[pe] round=317 work=        7 frontier=       46 next=        7 consolidate=  0.009ms frontier=  0.001ms semisort=  0.009ms (keyed= 0.000ms group_by=  0.001ms per_group= 0.003ms)
[pe] round=318 work=        7 frontier=       20 next=        3 consolidate=  0.007ms frontier=  0.001ms semisort=  0.005ms (keyed= 0.000ms group_by=  0.001ms per_group= 0.002ms)
[pe] round=319 work=        3 frontier=       12 next=        3 consolidate=  0.004ms frontier=  0.001ms semisort=  0.004ms (keyed= 0.000ms group_by=  0.000ms per_group= 0.001ms)
[pe] round=320 work=        3 frontier=        6 next=        3 consolidate=  0.004ms frontier=  0.000ms semisort=  0.003ms (keyed= 0.000ms group_by=  0.000ms per_group= 0.001ms)
[pe] round=321 work=        3 frontier=       30 next=        3 consolidate=  0.004ms frontier=  0.000ms semisort=  0.007ms (keyed= 0.000ms group_by=  0.001ms per_group= 0.002ms)
[pe] round=322 work=        3 frontier=       12 next=        3 consolidate=  0.004ms frontier=  0.000ms semisort=  0.004ms (keyed= 0.000ms group_by=  0.001ms per_group= 0.002ms)
[pe] round=323 work=        3 frontier=       12 next=        3 consolidate=  0.003ms frontier=  0.000ms semisort=  0.003ms (keyed= 0.000ms group_by=  0.001ms per_group= 0.001ms)
[pe] round=324 work=        3 frontier=        6 next=        3 consolidate=  0.003ms frontier=  0.000ms semisort=  0.003ms (keyed= 0.000ms group_by=  0.000ms per_group= 0.001ms)
[pe] round=325 work=        3 frontier=       30 next=        3 consolidate=  0.004ms frontier=  0.000ms semisort=  0.007ms (keyed= 0.000ms group_by=  0.001ms per_group= 0.002ms)
[pe] round=326 work=        3 frontier=       12 next=        3 consolidate=  0.003ms frontier=  0.000ms semisort=  0.004ms (keyed= 0.000ms group_by=  0.001ms per_group= 0.001ms)
[pe] round=327 work=        3 frontier=       12 next=        3 consolidate=  0.004ms frontier=  0.000ms semisort=  0.003ms (keyed= 0.000ms group_by=  0.000ms per_group= 0.001ms)
[pe] round=328 work=        3 frontier=        6 next=        3 consolidate=  0.003ms frontier=  0.000ms semisort=  0.002ms (keyed= 0.000ms group_by=  0.000ms per_group= 0.001ms)
[pe] round=329 work=        3 frontier=       30 next=        3 consolidate=  0.004ms frontier=  0.000ms semisort=  0.007ms (keyed= 0.000ms group_by=  0.001ms per_group= 0.002ms)
[pe] round=330 work=        3 frontier=       12 next=        3 consolidate=  0.003ms frontier=  0.000ms semisort=  0.004ms (keyed= 0.000ms group_by=  0.001ms per_group= 0.002ms)
[pe] round=331 work=        3 frontier=       12 next=        3 consolidate=  0.003ms frontier=  0.000ms semisort=  0.003ms (keyed= 0.000ms group_by=  0.000ms per_group= 0.001ms)
[pe] round=332 work=        3 frontier=        6 next=        3 consolidate=  0.003ms frontier=  0.000ms semisort=  0.003ms (keyed= 0.000ms group_by=  0.000ms per_group= 0.001ms)
[pe] round=333 work=        3 frontier=       30 next=        3 consolidate=  0.004ms frontier=  0.000ms semisort=  0.006ms (keyed= 0.000ms group_by=  0.001ms per_group= 0.002ms)
[pe] round=334 work=        3 frontier=       12 next=        3 consolidate=  0.003ms frontier=  0.000ms semisort=  0.004ms (keyed= 0.000ms group_by=  0.001ms per_group= 0.002ms)
[pe] round=335 work=        3 frontier=       12 next=        3 consolidate=  0.004ms frontier=  0.000ms semisort=  0.003ms (keyed= 0.000ms group_by=  0.000ms per_group= 0.001ms)
[pe] round=336 work=        3 frontier=        6 next=        3 consolidate=  0.003ms frontier=  0.000ms semisort=  0.003ms (keyed= 0.000ms group_by=  0.000ms per_group= 0.001ms)
[pe] round=337 work=        3 frontier=       30 next=        3 consolidate=  0.004ms frontier=  0.000ms semisort=  0.007ms (keyed= 0.000ms group_by=  0.001ms per_group= 0.002ms)
[pe] round=338 work=        3 frontier=       12 next=        3 consolidate=  0.003ms frontier=  0.000ms semisort=  0.004ms (keyed= 0.000ms group_by=  0.001ms per_group= 0.001ms)
[pe] round=339 work=        3 frontier=       12 next=        3 consolidate=  0.004ms frontier=  0.000ms semisort=  0.003ms (keyed= 0.000ms group_by=  0.000ms per_group= 0.001ms)
[pe] round=340 work=        3 frontier=        6 next=        3 consolidate=  0.003ms frontier=  0.000ms semisort=  0.003ms (keyed= 0.000ms group_by=  0.000ms per_group= 0.001ms)
[pe] round=341 work=        3 frontier=       30 next=        3 consolidate=  0.004ms frontier=  0.000ms semisort=  0.006ms (keyed= 0.000ms group_by=  0.001ms per_group= 0.002ms)
[pe] round=342 work=        3 frontier=       12 next=        3 consolidate=  0.003ms frontier=  0.000ms semisort=  0.004ms (keyed= 0.000ms group_by=  0.001ms per_group= 0.002ms)
[pe] round=343 work=        3 frontier=       12 next=        3 consolidate=  0.004ms frontier=  0.001ms semisort=  0.003ms (keyed= 0.000ms group_by=  0.001ms per_group= 0.001ms)
[pe] round=344 work=        3 frontier=        6 next=        3 consolidate=  0.003ms frontier=  0.000ms semisort=  0.002ms (keyed= 0.000ms group_by=  0.000ms per_group= 0.001ms)
[pe] round=345 work=        3 frontier=       30 next=        3 consolidate=  0.004ms frontier=  0.000ms semisort=  0.006ms (keyed= 0.000ms group_by=  0.001ms per_group= 0.002ms)
[pe] round=346 work=        3 frontier=       12 next=        3 consolidate=  0.004ms frontier=  0.000ms semisort=  0.004ms (keyed= 0.000ms group_by=  0.001ms per_group= 0.002ms)
[pe] round=347 work=        3 frontier=       12 next=        3 consolidate=  0.003ms frontier=  0.000ms semisort=  0.003ms (keyed= 0.000ms group_by=  0.000ms per_group= 0.001ms)
[pe] round=348 work=        3 frontier=        6 next=        3 consolidate=  0.003ms frontier=  0.000ms semisort=  0.003ms (keyed= 0.000ms group_by=  0.000ms per_group= 0.001ms)
[pe] round=349 work=        3 frontier=       30 next=        3 consolidate=  0.004ms frontier=  0.000ms semisort=  0.006ms (keyed= 0.000ms group_by=  0.001ms per_group= 0.002ms)
[pe] round=350 work=        3 frontier=       12 next=        3 consolidate=  0.003ms frontier=  0.000ms semisort=  0.004ms (keyed= 0.000ms group_by=  0.001ms per_group= 0.001ms)
[pe] round=351 work=        3 frontier=       12 next=        3 consolidate=  0.003ms frontier=  0.000ms semisort=  0.003ms (keyed= 0.000ms group_by=  0.000ms per_group= 0.001ms)
[pe] round=352 work=        3 frontier=        6 next=        3 consolidate=  0.003ms frontier=  0.000ms semisort=  0.002ms (keyed= 0.000ms group_by=  0.000ms per_group= 0.001ms)
[pe] round=353 work=        3 frontier=       30 next=        3 consolidate=  0.004ms frontier=  0.000ms semisort=  0.007ms (keyed= 0.000ms group_by=  0.001ms per_group= 0.002ms)
[pe] round=354 work=        3 frontier=       12 next=        3 consolidate=  0.004ms frontier=  0.000ms semisort=  0.004ms (keyed= 0.000ms group_by=  0.001ms per_group= 0.002ms)
[pe] round=355 work=        3 frontier=       12 next=        3 consolidate=  0.003ms frontier=  0.000ms semisort=  0.003ms (keyed= 0.000ms group_by=  0.000ms per_group= 0.001ms)
[pe] round=356 work=        3 frontier=        6 next=        3 consolidate=  0.004ms frontier=  0.000ms semisort=  0.002ms (keyed= 0.000ms group_by=  0.000ms per_group= 0.001ms)
[pe] round=357 work=        3 frontier=       30 next=        3 consolidate=  0.004ms frontier=  0.000ms semisort=  0.006ms (keyed= 0.000ms group_by=  0.001ms per_group= 0.002ms)
[pe] round=358 work=        3 frontier=       12 next=        3 consolidate=  0.003ms frontier=  0.000ms semisort=  0.004ms (keyed= 0.000ms group_by=  0.001ms per_group= 0.001ms)
[pe] round=359 work=        3 frontier=       12 next=        3 consolidate=  0.004ms frontier=  0.000ms semisort=  0.003ms (keyed= 0.000ms group_by=  0.001ms per_group= 0.001ms)
[pe] round=360 work=        3 frontier=        6 next=        3 consolidate=  0.003ms frontier=  0.000ms semisort=  0.003ms (keyed= 0.000ms group_by=  0.000ms per_group= 0.001ms)
[pe] round=361 work=        3 frontier=       30 next=        3 consolidate=  0.004ms frontier=  0.000ms semisort=  0.007ms (keyed= 0.000ms group_by=  0.001ms per_group= 0.002ms)
[pe] round=362 work=        3 frontier=       12 next=        3 consolidate=  0.004ms frontier=  0.000ms semisort=  0.004ms (keyed= 0.000ms group_by=  0.001ms per_group= 0.001ms)
[pe] round=363 work=        3 frontier=       12 next=        3 consolidate=  0.003ms frontier=  0.000ms semisort=  0.003ms (keyed= 0.000ms group_by=  0.000ms per_group= 0.001ms)
[pe] round=364 work=        3 frontier=        6 next=        3 consolidate=  0.004ms frontier=  0.001ms semisort=  0.003ms (keyed= 0.000ms group_by=  0.000ms per_group= 0.001ms)
[pe] round=365 work=        3 frontier=       30 next=        3 consolidate=  0.004ms frontier=  0.000ms semisort=  0.007ms (keyed= 0.000ms group_by=  0.001ms per_group= 0.002ms)
[pe] round=366 work=        3 frontier=       12 next=        3 consolidate=  0.003ms frontier=  0.000ms semisort=  0.004ms (keyed= 0.000ms group_by=  0.001ms per_group= 0.002ms)
[pe] round=367 work=        3 frontier=       12 next=        3 consolidate=  0.004ms frontier=  0.000ms semisort=  0.003ms (keyed= 0.000ms group_by=  0.000ms per_group= 0.001ms)
[pe] round=368 work=        3 frontier=        6 next=        3 consolidate=  0.003ms frontier=  0.000ms semisort=  0.003ms (keyed= 0.000ms group_by=  0.000ms per_group= 0.001ms)
[pe] round=369 work=        3 frontier=       30 next=        3 consolidate=  0.004ms frontier=  0.000ms semisort=  0.007ms (keyed= 0.000ms group_by=  0.001ms per_group= 0.002ms)
[pe] round=370 work=        3 frontier=       12 next=        3 consolidate=  0.004ms frontier=  0.001ms semisort=  0.004ms (keyed= 0.000ms group_by=  0.001ms per_group= 0.001ms)
[pe] round=371 work=        3 frontier=       12 next=        3 consolidate=  0.004ms frontier=  0.000ms semisort=  0.003ms (keyed= 0.000ms group_by=  0.000ms per_group= 0.001ms)
[pe] round=372 work=        3 frontier=        6 next=        3 consolidate=  0.004ms frontier=  0.000ms semisort=  0.003ms (keyed= 0.000ms group_by=  0.000ms per_group= 0.001ms)
[pe] round=373 work=        3 frontier=       30 next=        3 consolidate=  0.004ms frontier=  0.000ms semisort=  0.006ms (keyed= 0.000ms group_by=  0.001ms per_group= 0.002ms)
[pe] round=374 work=        3 frontier=       12 next=        3 consolidate=  0.003ms frontier=  0.000ms semisort=  0.004ms (keyed= 0.000ms group_by=  0.001ms per_group= 0.002ms)
[pe] round=375 work=        3 frontier=       12 next=        3 consolidate=  0.005ms frontier=  0.001ms semisort=  0.003ms (keyed= 0.000ms group_by=  0.001ms per_group= 0.001ms)
[pe] round=376 work=        3 frontier=        6 next=        3 consolidate=  0.004ms frontier=  0.001ms semisort=  0.003ms (keyed= 0.000ms group_by=  0.000ms per_group= 0.001ms)
[pe] round=377 work=        3 frontier=       30 next=        3 consolidate=  0.004ms frontier=  0.000ms semisort=  0.006ms (keyed= 0.000ms group_by=  0.001ms per_group= 0.001ms)
[pe] round=378 work=        3 frontier=       12 next=        3 consolidate=  0.004ms frontier=  0.000ms semisort=  0.004ms (keyed= 0.000ms group_by=  0.001ms per_group= 0.002ms)
[pe] round=379 work=        3 frontier=       12 next=        3 consolidate=  0.003ms frontier=  0.000ms semisort=  0.003ms (keyed= 0.000ms group_by=  0.000ms per_group= 0.001ms)
[pe] round=380 work=        3 frontier=        6 next=        3 consolidate=  0.004ms frontier=  0.000ms semisort=  0.003ms (keyed= 0.000ms group_by=  0.000ms per_group= 0.001ms)
[pe] round=381 work=        3 frontier=       30 next=        3 consolidate=  0.007ms frontier=  0.000ms semisort=  0.007ms (keyed= 0.000ms group_by=  0.001ms per_group= 0.002ms)
[pe] round=382 work=        3 frontier=       12 next=        3 consolidate=  0.003ms frontier=  0.000ms semisort=  0.005ms (keyed= 0.000ms group_by=  0.001ms per_group= 0.001ms)
[pe] round=383 work=        3 frontier=       12 next=        3 consolidate=  0.004ms frontier=  0.000ms semisort=  0.003ms (keyed= 0.000ms group_by=  0.000ms per_group= 0.001ms)
[pe] round=384 work=        3 frontier=        6 next=        3 consolidate=  0.003ms frontier=  0.000ms semisort=  0.003ms (keyed= 0.000ms group_by=  0.000ms per_group= 0.001ms)
[pe] round=385 work=        3 frontier=       30 next=        3 consolidate=  0.004ms frontier=  0.000ms semisort=  0.007ms (keyed= 0.000ms group_by=  0.001ms per_group= 0.002ms)
[pe] round=386 work=        3 frontier=       12 next=        3 consolidate=  0.004ms frontier=  0.000ms semisort=  0.004ms (keyed= 0.000ms group_by=  0.001ms per_group= 0.002ms)
[pe] round=387 work=        3 frontier=       12 next=        3 consolidate=  0.003ms frontier=  0.000ms semisort=  0.003ms (keyed= 0.000ms group_by=  0.000ms per_group= 0.001ms)
[pe] round=388 work=        3 frontier=        6 next=        3 consolidate=  0.003ms frontier=  0.000ms semisort=  0.002ms (keyed= 0.000ms group_by=  0.000ms per_group= 0.001ms)
[pe] round=389 work=        3 frontier=       30 next=        3 consolidate=  0.005ms frontier=  0.001ms semisort=  0.006ms (keyed= 0.000ms group_by=  0.001ms per_group= 0.002ms)
[pe] round=390 work=        3 frontier=       12 next=        3 consolidate=  0.003ms frontier=  0.000ms semisort=  0.004ms (keyed= 0.000ms group_by=  0.001ms per_group= 0.001ms)
[pe] round=391 work=        3 frontier=       12 next=        3 consolidate=  0.004ms frontier=  0.000ms semisort=  0.003ms (keyed= 0.000ms group_by=  0.000ms per_group= 0.001ms)
[pe] round=392 work=        3 frontier=        6 next=        3 consolidate=  0.003ms frontier=  0.000ms semisort=  0.003ms (keyed= 0.000ms group_by=  0.000ms per_group= 0.001ms)
[pe] round=393 work=        3 frontier=       30 next=        3 consolidate=  0.003ms frontier=  0.000ms semisort=  0.006ms (keyed= 0.000ms group_by=  0.001ms per_group= 0.002ms)
[pe] round=394 work=        3 frontier=       12 next=        3 consolidate=  0.003ms frontier=  0.000ms semisort=  0.004ms (keyed= 0.000ms group_by=  0.001ms per_group= 0.001ms)
[pe] round=395 work=        3 frontier=       12 next=        3 consolidate=  0.003ms frontier=  0.000ms semisort=  0.003ms (keyed= 0.000ms group_by=  0.000ms per_group= 0.001ms)
[pe] round=396 work=        3 frontier=        6 next=        3 consolidate=  0.004ms frontier=  0.001ms semisort=  0.003ms (keyed= 0.000ms group_by=  0.000ms per_group= 0.001ms)
[pe] round=397 work=        3 frontier=       30 next=        3 consolidate=  0.004ms frontier=  0.000ms semisort=  0.006ms (keyed= 0.000ms group_by=  0.001ms per_group= 0.002ms)
[pe] round=398 work=        3 frontier=       12 next=        3 consolidate=  0.003ms frontier=  0.000ms semisort=  0.004ms (keyed= 0.000ms group_by=  0.001ms per_group= 0.002ms)
[pe] round=399 work=        3 frontier=       12 next=        3 consolidate=  0.004ms frontier=  0.000ms semisort=  0.003ms (keyed= 0.000ms group_by=  0.000ms per_group= 0.001ms)
[pe] round=400 work=        3 frontier=        6 next=        3 consolidate=  0.003ms frontier=  0.000ms semisort=  0.003ms (keyed= 0.000ms group_by=  0.000ms per_group= 0.001ms)
[pe] round=401 work=        3 frontier=       30 next=        3 consolidate=  0.004ms frontier=  0.000ms semisort=  0.006ms (keyed= 0.000ms group_by=  0.001ms per_group= 0.002ms)
[pe] round=402 work=        3 frontier=       12 next=        3 consolidate=  0.003ms frontier=  0.000ms semisort=  0.004ms (keyed= 0.000ms group_by=  0.001ms per_group= 0.001ms)
[pe] round=403 work=        3 frontier=       12 next=        3 consolidate=  0.003ms frontier=  0.000ms semisort=  0.003ms (keyed= 0.000ms group_by=  0.000ms per_group= 0.001ms)
[pe] round=404 work=        3 frontier=        6 next=        3 consolidate=  0.004ms frontier=  0.000ms semisort=  0.003ms (keyed= 0.000ms group_by=  0.000ms per_group= 0.001ms)
[pe] round=405 work=        3 frontier=       30 next=        3 consolidate=  0.004ms frontier=  0.000ms semisort=  0.006ms (keyed= 0.000ms group_by=  0.001ms per_group= 0.002ms)
[pe] round=406 work=        3 frontier=       12 next=        3 consolidate=  0.003ms frontier=  0.000ms semisort=  0.004ms (keyed= 0.000ms group_by=  0.001ms per_group= 0.002ms)
[pe] round=407 work=        3 frontier=       12 next=        3 consolidate=  0.004ms frontier=  0.000ms semisort=  0.003ms (keyed= 0.000ms group_by=  0.000ms per_group= 0.001ms)
[pe] round=408 work=        3 frontier=        6 next=        3 consolidate=  0.003ms frontier=  0.000ms semisort=  0.003ms (keyed= 0.000ms group_by=  0.000ms per_group= 0.001ms)
[pe] round=409 work=        3 frontier=       30 next=        3 consolidate=  0.004ms frontier=  0.000ms semisort=  0.006ms (keyed= 0.000ms group_by=  0.001ms per_group= 0.002ms)
[pe] round=410 work=        3 frontier=       12 next=        3 consolidate=  0.003ms frontier=  0.000ms semisort=  0.004ms (keyed= 0.000ms group_by=  0.001ms per_group= 0.001ms)
[pe] round=411 work=        3 frontier=       12 next=        3 consolidate=  0.003ms frontier=  0.000ms semisort=  0.003ms (keyed= 0.000ms group_by=  0.000ms per_group= 0.001ms)
[pe] round=412 work=        3 frontier=        6 next=        3 consolidate=  0.003ms frontier=  0.000ms semisort=  0.003ms (keyed= 0.000ms group_by=  0.000ms per_group= 0.002ms)
[pe] round=413 work=        3 frontier=       30 next=        3 consolidate=  0.004ms frontier=  0.000ms semisort=  0.006ms (keyed= 0.000ms group_by=  0.001ms per_group= 0.002ms)
[pe] round=414 work=        3 frontier=       12 next=        3 consolidate=  0.004ms frontier=  0.000ms semisort=  0.004ms (keyed= 0.000ms group_by=  0.001ms per_group= 0.001ms)
[pe] round=415 work=        3 frontier=       12 next=        3 consolidate=  0.003ms frontier=  0.000ms semisort=  0.003ms (keyed= 0.000ms group_by=  0.000ms per_group= 0.001ms)
[pe] round=416 work=        3 frontier=        6 next=        3 consolidate=  0.003ms frontier=  0.000ms semisort=  0.003ms (keyed= 0.000ms group_by=  0.000ms per_group= 0.001ms)
[pe] round=417 work=        3 frontier=       30 next=        3 consolidate=  0.004ms frontier=  0.000ms semisort=  0.006ms (keyed= 0.000ms group_by=  0.001ms per_group= 0.002ms)
[pe] round=418 work=        3 frontier=       12 next=        3 consolidate=  0.004ms frontier=  0.000ms semisort=  0.004ms (keyed= 0.000ms group_by=  0.001ms per_group= 0.002ms)
[pe] round=419 work=        3 frontier=       12 next=        3 consolidate=  0.003ms frontier=  0.000ms semisort=  0.003ms (keyed= 0.000ms group_by=  0.000ms per_group= 0.001ms)
[pe] round=420 work=        3 frontier=        6 next=        3 consolidate=  0.003ms frontier=  0.000ms semisort=  0.003ms (keyed= 0.000ms group_by=  0.000ms per_group= 0.001ms)
[pe] round=421 work=        3 frontier=       30 next=        3 consolidate=  0.004ms frontier=  0.000ms semisort=  0.006ms (keyed= 0.000ms group_by=  0.001ms per_group= 0.002ms)
[pe] round=422 work=        3 frontier=       12 next=        3 consolidate=  0.003ms frontier=  0.000ms semisort=  0.004ms (keyed= 0.000ms group_by=  0.001ms per_group= 0.001ms)
[pe] round=423 work=        3 frontier=       12 next=        3 consolidate=  0.003ms frontier=  0.000ms semisort=  0.003ms (keyed= 0.000ms group_by=  0.000ms per_group= 0.001ms)
[pe] round=424 work=        3 frontier=        6 next=        3 consolidate=  0.003ms frontier=  0.000ms semisort=  0.003ms (keyed= 0.000ms group_by=  0.000ms per_group= 0.001ms)
[pe] round=425 work=        3 frontier=       30 next=        3 consolidate=  0.003ms frontier=  0.000ms semisort=  0.007ms (keyed= 0.000ms group_by=  0.001ms per_group= 0.002ms)
[pe] round=426 work=        3 frontier=       12 next=        3 consolidate=  0.003ms frontier=  0.000ms semisort=  0.004ms (keyed= 0.000ms group_by=  0.001ms per_group= 0.002ms)
[pe] round=427 work=        3 frontier=       12 next=        3 consolidate=  0.004ms frontier=  0.000ms semisort=  0.004ms (keyed= 0.000ms group_by=  0.000ms per_group= 0.001ms)
[pe] round=428 work=        3 frontier=        6 next=        3 consolidate=  0.004ms frontier=  0.000ms semisort=  0.003ms (keyed= 0.000ms group_by=  0.000ms per_group= 0.001ms)
[pe] round=429 work=        3 frontier=       31 next=        3 consolidate=  0.004ms frontier=  0.000ms semisort=  0.007ms (keyed= 0.000ms group_by=  0.002ms per_group= 0.002ms)
[pe] round=430 work=        3 frontier=        6 next=        2 consolidate=  0.003ms frontier=  0.000ms semisort=  0.003ms (keyed= 0.000ms group_by=  0.000ms per_group= 0.001ms)
[pe] round=431 work=        2 (tail-skip: all parents empty)
[pe] round=  0 work= 10460911 frontier=  5950187 next=    47386 consolidate=274.524ms frontier= 29.773ms semisort= 87.293ms (keyed=12.468ms group_by=  1.783ms per_group=28.049ms)
[pe] round=  1 work=    47386 frontier=   274132 next=    22307 consolidate=  4.029ms frontier=  0.286ms semisort=  4.276ms (keyed= 0.780ms group_by=  0.155ms per_group= 1.647ms)
[pe] round=  2 work=    22307 frontier=    94168 next=    11347 consolidate=  2.207ms frontier=  0.295ms semisort=  3.889ms (keyed= 0.064ms group_by=  2.231ms per_group= 0.683ms)
[pe] round=  3 work=    11347 frontier=    38990 next=     6320 consolidate=  1.156ms frontier=  0.258ms semisort=  1.517ms (keyed= 0.021ms group_by=  0.674ms per_group= 0.334ms)
[pe] round=  4 work=     6320 frontier=    18118 next=     3668 consolidate=  1.271ms frontier=  0.185ms semisort=  0.840ms (keyed= 0.013ms group_by=  0.312ms per_group= 0.206ms)
[pe] round=  5 work=     3668 frontier=    14200 next=     2998 consolidate=  0.633ms frontier=  0.100ms semisort=  0.831ms (keyed= 0.013ms group_by=  0.325ms per_group= 0.178ms)
[pe] round=  6 work=     2998 frontier=    14168 next=     2333 consolidate=  0.524ms frontier=  0.133ms semisort=  0.617ms (keyed= 0.014ms group_by=  0.233ms per_group= 0.151ms)
[pe] round=  7 work=     2333 frontier=    13358 next=     1381 consolidate=  0.438ms frontier=  0.070ms semisort=  0.616ms (keyed= 0.015ms group_by=  0.263ms per_group= 0.119ms)
[pe] round=  8 work=     1381 frontier=    14960 next=      914 consolidate=  0.352ms frontier=  0.073ms semisort=  0.620ms (keyed= 0.015ms group_by=  0.303ms per_group= 0.104ms)
[pe] round=  9 work=      914 frontier=     5537 next=      691 consolidate=  0.252ms frontier=  0.040ms semisort=  0.845ms (keyed= 0.009ms group_by=  0.636ms per_group= 0.079ms)
[pe] round= 10 work=      691 frontier=     9111 next=      460 consolidate=  0.257ms frontier=  0.062ms semisort=  0.968ms (keyed= 0.017ms group_by=  0.735ms per_group= 0.095ms)
[pe] round= 11 work=      460 frontier=     4999 next=      531 consolidate=  0.168ms frontier=  0.033ms semisort=  0.696ms (keyed= 0.011ms group_by=  0.487ms per_group= 0.091ms)
[pe] round= 12 work=      531 frontier=     4274 next=      372 consolidate=  0.175ms frontier=  0.039ms semisort=  0.680ms (keyed= 0.008ms group_by=  0.495ms per_group= 0.068ms)
[pe] round= 13 work=      372 frontier=     1790 next=      116 consolidate=  0.136ms frontier=  0.024ms semisort=  0.391ms (keyed= 0.005ms group_by=  0.216ms per_group= 0.086ms)
[pe] round= 14 work=      116 frontier=      268 next=       36 consolidate=  0.045ms frontier=  0.008ms semisort=  0.054ms (keyed= 0.001ms group_by=  0.016ms per_group= 0.017ms)
[pe] round= 15 work=       36 frontier=      116 next=       38 consolidate=  0.017ms frontier=  0.004ms semisort=  0.028ms (keyed= 0.001ms group_by=  0.005ms per_group= 0.013ms)
[pe] round= 16 work=       38 frontier=      182 next=       35 consolidate=  0.034ms frontier=  0.003ms semisort=  0.036ms (keyed= 0.000ms group_by=  0.008ms per_group= 0.013ms)
[pe] round= 17 work=       35 frontier=      122 next=       37 consolidate=  0.032ms frontier=  0.003ms semisort=  0.027ms (keyed= 0.000ms group_by=  0.004ms per_group= 0.013ms)
[pe] round= 18 work=       37 frontier=       80 next=       25 consolidate=  0.039ms frontier=  0.002ms semisort=  0.018ms (keyed= 0.000ms group_by=  0.003ms per_group= 0.008ms)
[pe] round= 19 work=       25 frontier=       76 next=       25 consolidate=  0.025ms frontier=  0.002ms semisort=  0.016ms (keyed= 0.000ms group_by=  0.002ms per_group= 0.008ms)
[pe] round= 20 work=       25 frontier=      138 next=       23 consolidate=  0.013ms frontier=  0.003ms semisort=  0.032ms (keyed= 0.000ms group_by=  0.006ms per_group= 0.010ms)
[pe] round= 21 work=       23 frontier=      102 next=       31 consolidate=  0.025ms frontier=  0.002ms semisort=  0.024ms (keyed= 0.000ms group_by=  0.004ms per_group= 0.011ms)
[pe] round= 22 work=       31 frontier=       76 next=       23 consolidate=  0.034ms frontier=  0.001ms semisort=  0.017ms (keyed= 0.000ms group_by=  0.003ms per_group= 0.008ms)
[pe] round= 23 work=       23 frontier=       68 next=       23 consolidate=  0.013ms frontier=  0.003ms semisort=  0.015ms (keyed= 0.000ms group_by=  0.002ms per_group= 0.007ms)
[pe] round= 24 work=       23 frontier=      134 next=       23 consolidate=  0.024ms frontier=  0.001ms semisort=  0.027ms (keyed= 0.000ms group_by=  0.006ms per_group= 0.011ms)
[pe] round= 25 work=       23 frontier=      102 next=       31 consolidate=  0.025ms frontier=  0.001ms semisort=  0.024ms (keyed= 0.000ms group_by=  0.004ms per_group= 0.011ms)
[pe] round= 26 work=       31 frontier=       76 next=       23 consolidate=  0.015ms frontier=  0.003ms semisort=  0.017ms (keyed= 0.000ms group_by=  0.003ms per_group= 0.008ms)
[pe] round= 27 work=       23 frontier=       68 next=       23 consolidate=  0.023ms frontier=  0.001ms semisort=  0.015ms (keyed= 0.000ms group_by=  0.003ms per_group= 0.007ms)
[pe] round= 28 work=       23 frontier=      134 next=       23 consolidate=  0.014ms frontier=  0.003ms semisort=  0.029ms (keyed= 0.001ms group_by=  0.007ms per_group= 0.010ms)
[pe] round= 29 work=       23 frontier=      102 next=       31 consolidate=  0.026ms frontier=  0.002ms semisort=  0.032ms (keyed= 0.001ms group_by=  0.008ms per_group= 0.013ms)
[pe] round= 30 work=       31 frontier=       76 next=       23 consolidate=  0.034ms frontier=  0.002ms semisort=  0.017ms (keyed= 0.000ms group_by=  0.003ms per_group= 0.008ms)
[pe] round= 31 work=       23 frontier=       68 next=       23 consolidate=  0.021ms frontier=  0.002ms semisort=  0.017ms (keyed= 0.000ms group_by=  0.002ms per_group= 0.008ms)
[pe] round= 32 work=       23 frontier=      134 next=       23 consolidate=  0.021ms frontier=  0.002ms semisort=  0.028ms (keyed= 0.000ms group_by=  0.007ms per_group= 0.011ms)
[pe] round= 33 work=       23 frontier=      102 next=       31 consolidate=  0.018ms frontier=  0.002ms semisort=  0.026ms (keyed= 0.000ms group_by=  0.004ms per_group= 0.013ms)
[pe] round= 34 work=       31 frontier=       76 next=       23 consolidate=  0.024ms frontier=  0.002ms semisort=  0.022ms (keyed= 0.000ms group_by=  0.005ms per_group= 0.010ms)
[pe] round= 35 work=       23 frontier=       68 next=       23 consolidate=  0.015ms frontier=  0.003ms semisort=  0.016ms (keyed= 0.000ms group_by=  0.002ms per_group= 0.008ms)
[pe] round= 36 work=       23 frontier=      134 next=       23 consolidate=  0.024ms frontier=  0.001ms semisort=  0.030ms (keyed= 0.001ms group_by=  0.007ms per_group= 0.011ms)
[pe] round= 37 work=       23 frontier=      102 next=       31 consolidate=  0.025ms frontier=  0.001ms semisort=  0.025ms (keyed= 0.000ms group_by=  0.003ms per_group= 0.012ms)
[pe] round= 38 work=       31 frontier=       76 next=       23 consolidate=  0.019ms frontier=  0.003ms semisort=  0.018ms (keyed= 0.000ms group_by=  0.003ms per_group= 0.008ms)
[pe] round= 39 work=       23 frontier=       68 next=       23 consolidate=  0.025ms frontier=  0.002ms semisort=  0.019ms (keyed= 0.000ms group_by=  0.003ms per_group= 0.009ms)
[pe] round= 40 work=       23 frontier=      134 next=       23 consolidate=  0.027ms frontier=  0.001ms semisort=  0.031ms (keyed= 0.000ms group_by=  0.005ms per_group= 0.015ms)
[pe] round= 41 work=       23 frontier=      102 next=       31 consolidate=  0.026ms frontier=  0.001ms semisort=  0.023ms (keyed= 0.000ms group_by=  0.004ms per_group= 0.011ms)
[pe] round= 42 work=       31 frontier=       76 next=       23 consolidate=  0.019ms frontier=  0.003ms semisort=  0.018ms (keyed= 0.000ms group_by=  0.003ms per_group= 0.008ms)
[pe] round= 43 work=       23 frontier=       68 next=       23 consolidate=  0.024ms frontier=  0.001ms semisort=  0.015ms (keyed= 0.000ms group_by=  0.002ms per_group= 0.007ms)
[pe] round= 44 work=       23 frontier=      134 next=       23 consolidate=  0.013ms frontier=  0.003ms semisort=  0.023ms (keyed= 0.000ms group_by=  0.005ms per_group= 0.009ms)
[pe] round= 45 work=       23 frontier=      102 next=       31 consolidate=  0.024ms frontier=  0.001ms semisort=  0.027ms (keyed= 0.000ms group_by=  0.004ms per_group= 0.012ms)
[pe] round= 46 work=       31 frontier=       76 next=       23 consolidate=  0.035ms frontier=  0.002ms semisort=  0.018ms (keyed= 0.000ms group_by=  0.003ms per_group= 0.007ms)
[pe] round= 47 work=       23 frontier=       68 next=       23 consolidate=  0.012ms frontier=  0.003ms semisort=  0.014ms (keyed= 0.000ms group_by=  0.002ms per_group= 0.007ms)
[pe] round= 48 work=       23 frontier=       22 next=       11 consolidate=  0.024ms frontier=  0.001ms semisort=  0.007ms (keyed= 0.000ms group_by=  0.001ms per_group= 0.003ms)
[pe] round= 49 work=       11 frontier=       62 next=       11 consolidate=  0.013ms frontier=  0.001ms semisort=  0.012ms (keyed= 0.000ms group_by=  0.002ms per_group= 0.004ms)
[pe] round= 50 work=       11 frontier=       28 next=       11 consolidate=  0.012ms frontier=  0.001ms semisort=  0.008ms (keyed= 0.000ms group_by=  0.001ms per_group= 0.004ms)
[pe] round= 51 work=       11 frontier=       44 next=       11 consolidate=  0.011ms frontier=  0.001ms semisort=  0.010ms (keyed= 0.000ms group_by=  0.002ms per_group= 0.004ms)
[pe] round= 52 work=       11 frontier=       22 next=       11 consolidate=  0.013ms frontier=  0.002ms semisort=  0.007ms (keyed= 0.000ms group_by=  0.001ms per_group= 0.003ms)
[pe] round= 53 work=       11 frontier=       62 next=       11 consolidate=  0.012ms frontier=  0.001ms semisort=  0.013ms (keyed= 0.000ms group_by=  0.003ms per_group= 0.004ms)
[pe] round= 54 work=       11 frontier=       28 next=       11 consolidate=  0.011ms frontier=  0.001ms semisort=  0.008ms (keyed= 0.000ms group_by=  0.001ms per_group= 0.004ms)
[pe] round= 55 work=       11 frontier=       44 next=       11 consolidate=  0.013ms frontier=  0.001ms semisort=  0.009ms (keyed= 0.000ms group_by=  0.001ms per_group= 0.004ms)
[pe] round= 56 work=       11 frontier=       22 next=       11 consolidate=  0.011ms frontier=  0.001ms semisort=  0.006ms (keyed= 0.000ms group_by=  0.001ms per_group= 0.003ms)
[pe] round= 57 work=       11 frontier=       62 next=       11 consolidate=  0.012ms frontier=  0.001ms semisort=  0.012ms (keyed= 0.000ms group_by=  0.002ms per_group= 0.005ms)
[pe] round= 58 work=       11 frontier=       28 next=       11 consolidate=  0.012ms frontier=  0.001ms semisort=  0.008ms (keyed= 0.000ms group_by=  0.001ms per_group= 0.004ms)
[pe] round= 59 work=       11 frontier=       44 next=       11 consolidate=  0.012ms frontier=  0.001ms semisort=  0.008ms (keyed= 0.000ms group_by=  0.001ms per_group= 0.003ms)
[pe] round= 60 work=       11 frontier=       22 next=       11 consolidate=  0.012ms frontier=  0.001ms semisort=  0.007ms (keyed= 0.000ms group_by=  0.001ms per_group= 0.003ms)
[pe] round= 61 work=       11 frontier=       62 next=       11 consolidate=  0.014ms frontier=  0.002ms semisort=  0.013ms (keyed= 0.000ms group_by=  0.002ms per_group= 0.004ms)
[pe] round= 62 work=       11 frontier=       28 next=       11 consolidate=  0.009ms frontier=  0.001ms semisort=  0.010ms (keyed= 0.000ms group_by=  0.002ms per_group= 0.005ms)
[pe] round= 63 work=       11 frontier=       44 next=       11 consolidate=  0.013ms frontier=  0.001ms semisort=  0.009ms (keyed= 0.000ms group_by=  0.001ms per_group= 0.004ms)
[pe] round= 64 work=       11 frontier=       22 next=       11 consolidate=  0.011ms frontier=  0.002ms semisort=  0.006ms (keyed= 0.000ms group_by=  0.001ms per_group= 0.003ms)
[pe] round= 65 work=       11 frontier=       62 next=       11 consolidate=  0.012ms frontier=  0.001ms semisort=  0.012ms (keyed= 0.000ms group_by=  0.002ms per_group= 0.004ms)
[pe] round= 66 work=       11 frontier=       28 next=       11 consolidate=  0.009ms frontier=  0.001ms semisort=  0.008ms (keyed= 0.000ms group_by=  0.002ms per_group= 0.003ms)
[pe] round= 67 work=       11 frontier=       44 next=       11 consolidate=  0.010ms frontier=  0.001ms semisort=  0.008ms (keyed= 0.000ms group_by=  0.001ms per_group= 0.003ms)
[pe] round= 68 work=       11 frontier=       22 next=       11 consolidate=  0.012ms frontier=  0.001ms semisort=  0.007ms (keyed= 0.000ms group_by=  0.001ms per_group= 0.003ms)
[pe] round= 69 work=       11 frontier=       62 next=       11 consolidate=  0.011ms frontier=  0.001ms semisort=  0.013ms (keyed= 0.000ms group_by=  0.002ms per_group= 0.004ms)
[pe] round= 70 work=       11 frontier=       28 next=       11 consolidate=  0.011ms frontier=  0.001ms semisort=  0.008ms (keyed= 0.000ms group_by=  0.002ms per_group= 0.004ms)
[pe] round= 71 work=       11 frontier=       44 next=       11 consolidate=  0.009ms frontier=  0.001ms semisort=  0.008ms (keyed= 0.000ms group_by=  0.001ms per_group= 0.003ms)
[pe] round= 72 work=       11 frontier=       22 next=       11 consolidate=  0.012ms frontier=  0.001ms semisort=  0.006ms (keyed= 0.000ms group_by=  0.001ms per_group= 0.003ms)
[pe] round= 73 work=       11 frontier=       62 next=       11 consolidate=  0.010ms frontier=  0.001ms semisort=  0.012ms (keyed= 0.000ms group_by=  0.002ms per_group= 0.004ms)
[pe] round= 74 work=       11 frontier=       28 next=       11 consolidate=  0.012ms frontier=  0.001ms semisort=  0.008ms (keyed= 0.000ms group_by=  0.001ms per_group= 0.003ms)
[pe] round= 75 work=       11 frontier=       44 next=       11 consolidate=  0.015ms frontier=  0.001ms semisort=  0.009ms (keyed= 0.000ms group_by=  0.001ms per_group= 0.004ms)
[pe] round= 76 work=       11 frontier=       22 next=       11 consolidate=  0.009ms frontier=  0.001ms semisort=  0.007ms (keyed= 0.000ms group_by=  0.001ms per_group= 0.004ms)
[pe] round= 77 work=       11 frontier=       62 next=       11 consolidate=  0.012ms frontier=  0.001ms semisort=  0.013ms (keyed= 0.000ms group_by=  0.003ms per_group= 0.004ms)
[pe] round= 78 work=       11 frontier=       28 next=       11 consolidate=  0.011ms frontier=  0.001ms semisort=  0.008ms (keyed= 0.000ms group_by=  0.002ms per_group= 0.004ms)
[pe] round= 79 work=       11 frontier=       44 next=       11 consolidate=  0.010ms frontier=  0.002ms semisort=  0.008ms (keyed= 0.000ms group_by=  0.002ms per_group= 0.004ms)
[pe] round= 80 work=       11 frontier=       22 next=       11 consolidate=  0.012ms frontier=  0.001ms semisort=  0.007ms (keyed= 0.000ms group_by=  0.001ms per_group= 0.003ms)
[pe] round= 81 work=       11 frontier=       62 next=       11 consolidate=  0.013ms frontier=  0.001ms semisort=  0.012ms (keyed= 0.000ms group_by=  0.002ms per_group= 0.005ms)
[pe] round= 82 work=       11 frontier=       28 next=       11 consolidate=  0.009ms frontier=  0.002ms semisort=  0.009ms (keyed= 0.000ms group_by=  0.002ms per_group= 0.004ms)
[pe] round= 83 work=       11 frontier=       44 next=       11 consolidate=  0.011ms frontier=  0.001ms semisort=  0.008ms (keyed= 0.000ms group_by=  0.001ms per_group= 0.003ms)
[pe] round= 84 work=       11 frontier=       22 next=       11 consolidate=  0.012ms frontier=  0.001ms semisort=  0.007ms (keyed= 0.000ms group_by=  0.001ms per_group= 0.003ms)
[pe] round= 85 work=       11 frontier=       62 next=       11 consolidate=  0.011ms frontier=  0.002ms semisort=  0.012ms (keyed= 0.000ms group_by=  0.002ms per_group= 0.005ms)
[pe] round= 86 work=       11 frontier=       28 next=       11 consolidate=  0.011ms frontier=  0.001ms semisort=  0.009ms (keyed= 0.000ms group_by=  0.002ms per_group= 0.004ms)
[pe] round= 87 work=       11 frontier=       44 next=       11 consolidate=  0.013ms frontier=  0.001ms semisort=  0.009ms (keyed= 0.000ms group_by=  0.001ms per_group= 0.004ms)
[pe] round= 88 work=       11 frontier=       22 next=       11 consolidate=  0.009ms frontier=  0.002ms semisort=  0.006ms (keyed= 0.000ms group_by=  0.001ms per_group= 0.003ms)
[pe] round= 89 work=       11 frontier=       62 next=       11 consolidate=  0.012ms frontier=  0.001ms semisort=  0.013ms (keyed= 0.000ms group_by=  0.002ms per_group= 0.004ms)
[pe] round= 90 work=       11 frontier=       28 next=       11 consolidate=  0.012ms frontier=  0.001ms semisort=  0.008ms (keyed= 0.000ms group_by=  0.002ms per_group= 0.004ms)
[pe] round= 91 work=       11 frontier=       44 next=       11 consolidate=  0.011ms frontier=  0.002ms semisort=  0.008ms (keyed= 0.000ms group_by=  0.001ms per_group= 0.003ms)
[pe] round= 92 work=       11 frontier=       22 next=       11 consolidate=  0.011ms frontier=  0.001ms semisort=  0.007ms (keyed= 0.000ms group_by=  0.001ms per_group= 0.003ms)
[pe] round= 93 work=       11 frontier=       62 next=       11 consolidate=  0.011ms frontier=  0.001ms semisort=  0.012ms (keyed= 0.000ms group_by=  0.002ms per_group= 0.004ms)
[pe] round= 94 work=       11 frontier=       28 next=       11 consolidate=  0.010ms frontier=  0.001ms semisort=  0.008ms (keyed= 0.000ms group_by=  0.002ms per_group= 0.004ms)
[pe] round= 95 work=       11 frontier=       44 next=       11 consolidate=  0.012ms frontier=  0.001ms semisort=  0.009ms (keyed= 0.000ms group_by=  0.001ms per_group= 0.004ms)
[pe] round= 96 work=       11 frontier=       22 next=       11 consolidate=  0.010ms frontier=  0.001ms semisort=  0.006ms (keyed= 0.000ms group_by=  0.001ms per_group= 0.003ms)
[pe] round= 97 work=       11 frontier=       62 next=       11 consolidate=  0.012ms frontier=  0.001ms semisort=  0.012ms (keyed= 0.000ms group_by=  0.002ms per_group= 0.004ms)
[pe] round= 98 work=       11 frontier=       28 next=       11 consolidate=  0.009ms frontier=  0.002ms semisort=  0.009ms (keyed= 0.000ms group_by=  0.002ms per_group= 0.004ms)
[pe] round= 99 work=       11 frontier=       44 next=       11 consolidate=  0.011ms frontier=  0.001ms semisort=  0.008ms (keyed= 0.000ms group_by=  0.001ms per_group= 0.003ms)
[pe] round=100 work=       11 frontier=       22 next=       11 consolidate=  0.012ms frontier=  0.001ms semisort=  0.006ms (keyed= 0.000ms group_by=  0.001ms per_group= 0.003ms)
[pe] round=101 work=       11 frontier=       62 next=       11 consolidate=  0.009ms frontier=  0.002ms semisort=  0.013ms (keyed= 0.000ms group_by=  0.002ms per_group= 0.005ms)
[pe] round=102 work=       11 frontier=       28 next=       11 consolidate=  0.011ms frontier=  0.001ms semisort=  0.008ms (keyed= 0.000ms group_by=  0.001ms per_group= 0.003ms)
[pe] round=103 work=       11 frontier=       44 next=       11 consolidate=  0.013ms frontier=  0.001ms semisort=  0.008ms (keyed= 0.000ms group_by=  0.001ms per_group= 0.003ms)
[pe] round=104 work=       11 frontier=       22 next=       11 consolidate=  0.008ms frontier=  0.001ms semisort=  0.006ms (keyed= 0.000ms group_by=  0.001ms per_group= 0.003ms)
[pe] round=105 work=       11 frontier=       62 next=       11 consolidate=  0.009ms frontier=  0.001ms semisort=  0.014ms (keyed= 0.000ms group_by=  0.003ms per_group= 0.005ms)
[pe] round=106 work=       11 frontier=       28 next=       11 consolidate=  0.011ms frontier=  0.001ms semisort=  0.008ms (keyed= 0.000ms group_by=  0.002ms per_group= 0.004ms)
[pe] round=107 work=       11 frontier=       44 next=       11 consolidate=  0.009ms frontier=  0.002ms semisort=  0.009ms (keyed= 0.000ms group_by=  0.001ms per_group= 0.004ms)
[pe] round=108 work=       11 frontier=       22 next=       11 consolidate=  0.012ms frontier=  0.001ms semisort=  0.007ms (keyed= 0.000ms group_by=  0.001ms per_group= 0.003ms)
[pe] round=109 work=       11 frontier=       62 next=       11 consolidate=  0.012ms frontier=  0.001ms semisort=  0.012ms (keyed= 0.000ms group_by=  0.002ms per_group= 0.004ms)
[pe] round=110 work=       11 frontier=       28 next=       11 consolidate=  0.009ms frontier=  0.002ms semisort=  0.009ms (keyed= 0.000ms group_by=  0.002ms per_group= 0.004ms)
[pe] round=111 work=       11 frontier=       44 next=       11 consolidate=  0.010ms frontier=  0.002ms semisort=  0.008ms (keyed= 0.000ms group_by=  0.001ms per_group= 0.004ms)
[pe] round=112 work=       11 frontier=       22 next=       11 consolidate=  0.012ms frontier=  0.001ms semisort=  0.007ms (keyed= 0.000ms group_by=  0.001ms per_group= 0.003ms)
[pe] round=113 work=       11 frontier=       62 next=       11 consolidate=  0.013ms frontier=  0.001ms semisort=  0.013ms (keyed= 0.000ms group_by=  0.002ms per_group= 0.005ms)
[pe] round=114 work=       11 frontier=       28 next=       11 consolidate=  0.011ms frontier=  0.001ms semisort=  0.012ms (keyed= 0.000ms group_by=  0.002ms per_group= 0.006ms)
[pe] round=115 work=       11 frontier=       44 next=       11 consolidate=  0.012ms frontier=  0.001ms semisort=  0.009ms (keyed= 0.000ms group_by=  0.001ms per_group= 0.004ms)
[pe] round=116 work=       11 frontier=       22 next=       11 consolidate=  0.011ms frontier=  0.001ms semisort=  0.007ms (keyed= 0.000ms group_by=  0.001ms per_group= 0.004ms)
[pe] round=117 work=       11 frontier=       62 next=       11 consolidate=  0.013ms frontier=  0.001ms semisort=  0.012ms (keyed= 0.000ms group_by=  0.002ms per_group= 0.004ms)
[pe] round=118 work=       11 frontier=       28 next=       11 consolidate=  0.011ms frontier=  0.001ms semisort=  0.015ms (keyed= 0.000ms group_by=  0.002ms per_group= 0.004ms)
[pe] round=119 work=       11 frontier=       44 next=       11 consolidate=  0.014ms frontier=  0.002ms semisort=  0.009ms (keyed= 0.000ms group_by=  0.002ms per_group= 0.004ms)
[pe] round=120 work=       11 frontier=       22 next=       11 consolidate=  0.012ms frontier=  0.001ms semisort=  0.006ms (keyed= 0.000ms group_by=  0.001ms per_group= 0.003ms)
[pe] round=121 work=       11 frontier=       62 next=       11 consolidate=  0.013ms frontier=  0.001ms semisort=  0.013ms (keyed= 0.000ms group_by=  0.002ms per_group= 0.005ms)
[pe] round=122 work=       11 frontier=       28 next=       11 consolidate=  0.009ms frontier=  0.002ms semisort=  0.008ms (keyed= 0.000ms group_by=  0.002ms per_group= 0.003ms)
[pe] round=123 work=       11 frontier=       44 next=       11 consolidate=  0.011ms frontier=  0.001ms semisort=  0.008ms (keyed= 0.000ms group_by=  0.001ms per_group= 0.003ms)
[pe] round=124 work=       11 frontier=       22 next=       11 consolidate=  0.012ms frontier=  0.001ms semisort=  0.007ms (keyed= 0.000ms group_by=  0.001ms per_group= 0.003ms)
[pe] round=125 work=       11 frontier=       62 next=       11 consolidate=  0.009ms frontier=  0.002ms semisort=  0.016ms (keyed= 0.000ms group_by=  0.003ms per_group= 0.008ms)
[pe] round=126 work=       11 frontier=       28 next=       11 consolidate=  0.013ms frontier=  0.001ms semisort=  0.008ms (keyed= 0.000ms group_by=  0.001ms per_group= 0.004ms)
[pe] round=127 work=       11 frontier=       44 next=       11 consolidate=  0.012ms frontier=  0.001ms semisort=  0.010ms (keyed= 0.000ms group_by=  0.002ms per_group= 0.004ms)
[pe] round=128 work=       11 frontier=       22 next=       11 consolidate=  0.008ms frontier=  0.002ms semisort=  0.006ms (keyed= 0.000ms group_by=  0.001ms per_group= 0.003ms)
[pe] round=129 work=       11 frontier=       62 next=       11 consolidate=  0.010ms frontier=  0.002ms semisort=  0.013ms (keyed= 0.000ms group_by=  0.002ms per_group= 0.005ms)
[pe] round=130 work=       11 frontier=       28 next=       11 consolidate=  0.012ms frontier=  0.001ms semisort=  0.008ms (keyed= 0.000ms group_by=  0.001ms per_group= 0.004ms)
[pe] round=131 work=       11 frontier=       44 next=       11 consolidate=  0.009ms frontier=  0.002ms semisort=  0.009ms (keyed= 0.000ms group_by=  0.002ms per_group= 0.003ms)
[pe] round=132 work=       11 frontier=       22 next=       11 consolidate=  0.012ms frontier=  0.001ms semisort=  0.006ms (keyed= 0.000ms group_by=  0.001ms per_group= 0.003ms)
[pe] round=133 work=       11 frontier=       62 next=       11 consolidate=  0.012ms frontier=  0.001ms semisort=  0.012ms (keyed= 0.000ms group_by=  0.002ms per_group= 0.004ms)
[pe] round=134 work=       11 frontier=       28 next=       11 consolidate=  0.014ms frontier=  0.002ms semisort=  0.008ms (keyed= 0.000ms group_by=  0.002ms per_group= 0.003ms)
[pe] round=135 work=       11 frontier=       44 next=       11 consolidate=  0.015ms frontier=  0.001ms semisort=  0.008ms (keyed= 0.000ms group_by=  0.001ms per_group= 0.004ms)
[pe] round=136 work=       11 frontier=       22 next=       11 consolidate=  0.011ms frontier=  0.001ms semisort=  0.007ms (keyed= 0.000ms group_by=  0.001ms per_group= 0.003ms)
[pe] round=137 work=       11 frontier=       62 next=       11 consolidate=  0.012ms frontier=  0.001ms semisort=  0.013ms (keyed= 0.000ms group_by=  0.002ms per_group= 0.005ms)
[pe] round=138 work=       11 frontier=       28 next=       11 consolidate=  0.010ms frontier=  0.001ms semisort=  0.008ms (keyed= 0.000ms group_by=  0.001ms per_group= 0.004ms)
[pe] round=139 work=       11 frontier=       44 next=       11 consolidate=  0.012ms frontier=  0.001ms semisort=  0.008ms (keyed= 0.000ms group_by=  0.001ms per_group= 0.004ms)
[pe] round=140 work=       11 frontier=       22 next=       11 consolidate=  0.010ms frontier=  0.001ms semisort=  0.007ms (keyed= 0.000ms group_by=  0.001ms per_group= 0.004ms)
[pe] round=141 work=       11 frontier=       62 next=       11 consolidate=  0.012ms frontier=  0.001ms semisort=  0.013ms (keyed= 0.000ms group_by=  0.003ms per_group= 0.004ms)
[pe] round=142 work=       11 frontier=       28 next=       11 consolidate=  0.011ms frontier=  0.001ms semisort=  0.009ms (keyed= 0.000ms group_by=  0.002ms per_group= 0.004ms)
[pe] round=143 work=       11 frontier=       44 next=       11 consolidate=  0.009ms frontier=  0.002ms semisort=  0.008ms (keyed= 0.000ms group_by=  0.001ms per_group= 0.004ms)
[pe] round=144 work=       11 frontier=       22 next=       11 consolidate=  0.012ms frontier=  0.001ms semisort=  0.007ms (keyed= 0.000ms group_by=  0.001ms per_group= 0.003ms)
[pe] round=145 work=       11 frontier=       62 next=       11 consolidate=  0.012ms frontier=  0.001ms semisort=  0.013ms (keyed= 0.000ms group_by=  0.002ms per_group= 0.005ms)
[pe] round=146 work=       11 frontier=       28 next=       11 consolidate=  0.011ms frontier=  0.001ms semisort=  0.008ms (keyed= 0.000ms group_by=  0.001ms per_group= 0.004ms)
[pe] round=147 work=       11 frontier=       44 next=       11 consolidate=  0.011ms frontier=  0.001ms semisort=  0.009ms (keyed= 0.000ms group_by=  0.001ms per_group= 0.004ms)
[pe] round=148 work=       11 frontier=       22 next=       11 consolidate=  0.013ms frontier=  0.001ms semisort=  0.007ms (keyed= 0.000ms group_by=  0.001ms per_group= 0.004ms)
[pe] round=149 work=       11 frontier=       62 next=       11 consolidate=  0.012ms frontier=  0.001ms semisort=  0.012ms (keyed= 0.000ms group_by=  0.002ms per_group= 0.004ms)
[pe] round=150 work=       11 frontier=       28 next=       11 consolidate=  0.011ms frontier=  0.001ms semisort=  0.009ms (keyed= 0.000ms group_by=  0.001ms per_group= 0.004ms)
[pe] round=151 work=       11 frontier=       44 next=       11 consolidate=  0.012ms frontier=  0.001ms semisort=  0.008ms (keyed= 0.000ms group_by=  0.001ms per_group= 0.003ms)
[pe] round=152 work=       11 frontier=       22 next=       11 consolidate=  0.010ms frontier=  0.001ms semisort=  0.006ms (keyed= 0.000ms group_by=  0.001ms per_group= 0.003ms)
[pe] round=153 work=       11 frontier=       62 next=       11 consolidate=  0.009ms frontier=  0.002ms semisort=  0.013ms (keyed= 0.000ms group_by=  0.002ms per_group= 0.005ms)
[pe] round=154 work=       11 frontier=       28 next=       11 consolidate=  0.009ms frontier=  0.001ms semisort=  0.008ms (keyed= 0.000ms group_by=  0.001ms per_group= 0.004ms)
[pe] round=155 work=       11 frontier=       44 next=       11 consolidate=  0.011ms frontier=  0.001ms semisort=  0.008ms (keyed= 0.000ms group_by=  0.001ms per_group= 0.003ms)
[pe] round=156 work=       11 frontier=       22 next=       11 consolidate=  0.008ms frontier=  0.002ms semisort=  0.007ms (keyed= 0.000ms group_by=  0.001ms per_group= 0.003ms)
[pe] round=157 work=       11 frontier=       62 next=       11 consolidate=  0.010ms frontier=  0.001ms semisort=  0.013ms (keyed= 0.000ms group_by=  0.002ms per_group= 0.005ms)
[pe] round=158 work=       11 frontier=       28 next=       11 consolidate=  0.011ms frontier=  0.001ms semisort=  0.008ms (keyed= 0.000ms group_by=  0.001ms per_group= 0.004ms)
[pe] round=159 work=       11 frontier=       44 next=       11 consolidate=  0.014ms frontier=  0.001ms semisort=  0.009ms (keyed= 0.000ms group_by=  0.001ms per_group= 0.004ms)
[pe] round=160 work=       11 frontier=       22 next=       11 consolidate=  0.011ms frontier=  0.001ms semisort=  0.006ms (keyed= 0.000ms group_by=  0.001ms per_group= 0.003ms)
[pe] round=161 work=       11 frontier=       62 next=       11 consolidate=  0.014ms frontier=  0.001ms semisort=  0.014ms (keyed= 0.000ms group_by=  0.003ms per_group= 0.006ms)
[pe] round=162 work=       11 frontier=       28 next=       11 consolidate=  0.011ms frontier=  0.001ms semisort=  0.009ms (keyed= 0.000ms group_by=  0.001ms per_group= 0.004ms)
[pe] round=163 work=       11 frontier=       44 next=       11 consolidate=  0.011ms frontier=  0.001ms semisort=  0.008ms (keyed= 0.000ms group_by=  0.001ms per_group= 0.004ms)
[pe] round=164 work=       11 frontier=       22 next=       11 consolidate=  0.011ms frontier=  0.002ms semisort=  0.007ms (keyed= 0.000ms group_by=  0.001ms per_group= 0.003ms)
[pe] round=165 work=       11 frontier=       62 next=       11 consolidate=  0.013ms frontier=  0.001ms semisort=  0.013ms (keyed= 0.000ms group_by=  0.003ms per_group= 0.004ms)
[pe] round=166 work=       11 frontier=       28 next=       11 consolidate=  0.011ms frontier=  0.001ms semisort=  0.008ms (keyed= 0.000ms group_by=  0.002ms per_group= 0.003ms)
[pe] round=167 work=       11 frontier=       44 next=       11 consolidate=  0.013ms frontier=  0.002ms semisort=  0.008ms (keyed= 0.000ms group_by=  0.001ms per_group= 0.004ms)
[pe] round=168 work=       11 frontier=       22 next=       11 consolidate=  0.011ms frontier=  0.002ms semisort=  0.006ms (keyed= 0.000ms group_by=  0.001ms per_group= 0.003ms)
[pe] round=169 work=       11 frontier=       62 next=       11 consolidate=  0.013ms frontier=  0.001ms semisort=  0.013ms (keyed= 0.000ms group_by=  0.002ms per_group= 0.005ms)
[pe] round=170 work=       11 frontier=       28 next=       11 consolidate=  0.011ms frontier=  0.002ms semisort=  0.008ms (keyed= 0.000ms group_by=  0.002ms per_group= 0.004ms)
[pe] round=171 work=       11 frontier=       44 next=       11 consolidate=  0.011ms frontier=  0.001ms semisort=  0.009ms (keyed= 0.000ms group_by=  0.001ms per_group= 0.003ms)
[pe] round=172 work=       11 frontier=       22 next=       11 consolidate=  0.012ms frontier=  0.001ms semisort=  0.007ms (keyed= 0.000ms group_by=  0.001ms per_group= 0.003ms)
[pe] round=173 work=       11 frontier=       62 next=       11 consolidate=  0.014ms frontier=  0.001ms semisort=  0.014ms (keyed= 0.000ms group_by=  0.003ms per_group= 0.005ms)
[pe] round=174 work=       11 frontier=       28 next=       11 consolidate=  0.010ms frontier=  0.001ms semisort=  0.009ms (keyed= 0.000ms group_by=  0.002ms per_group= 0.004ms)
[pe] round=175 work=       11 frontier=       44 next=       11 consolidate=  0.011ms frontier=  0.001ms semisort=  0.008ms (keyed= 0.000ms group_by=  0.001ms per_group= 0.004ms)
[pe] round=176 work=       11 frontier=       22 next=       11 consolidate=  0.011ms frontier=  0.001ms semisort=  0.006ms (keyed= 0.000ms group_by=  0.001ms per_group= 0.003ms)
[pe] round=177 work=       11 frontier=       62 next=       11 consolidate=  0.011ms frontier=  0.001ms semisort=  0.013ms (keyed= 0.000ms group_by=  0.003ms per_group= 0.005ms)
[pe] round=178 work=       11 frontier=       28 next=       11 consolidate=  0.011ms frontier=  0.001ms semisort=  0.008ms (keyed= 0.000ms group_by=  0.002ms per_group= 0.004ms)
[pe] round=179 work=       11 frontier=       44 next=       11 consolidate=  0.013ms frontier=  0.001ms semisort=  0.009ms (keyed= 0.000ms group_by=  0.001ms per_group= 0.004ms)
[pe] round=180 work=       11 frontier=       22 next=       11 consolidate=  0.012ms frontier=  0.001ms semisort=  0.007ms (keyed= 0.000ms group_by=  0.001ms per_group= 0.004ms)
[pe] round=181 work=       11 frontier=       62 next=       11 consolidate=  0.012ms frontier=  0.001ms semisort=  0.013ms (keyed= 0.000ms group_by=  0.002ms per_group= 0.005ms)
[pe] round=182 work=       11 frontier=       28 next=       11 consolidate=  0.010ms frontier=  0.001ms semisort=  0.008ms (keyed= 0.000ms group_by=  0.002ms per_group= 0.004ms)
[pe] round=183 work=       11 frontier=       44 next=       11 consolidate=  0.012ms frontier=  0.001ms semisort=  0.008ms (keyed= 0.000ms group_by=  0.001ms per_group= 0.003ms)
[pe] round=184 work=       11 frontier=       22 next=       11 consolidate=  0.011ms frontier=  0.001ms semisort=  0.006ms (keyed= 0.000ms group_by=  0.001ms per_group= 0.003ms)
[pe] round=185 work=       11 frontier=       62 next=       11 consolidate=  0.009ms frontier=  0.001ms semisort=  0.013ms (keyed= 0.000ms group_by=  0.002ms per_group= 0.005ms)
[pe] round=186 work=       11 frontier=       28 next=       11 consolidate=  0.011ms frontier=  0.001ms semisort=  0.008ms (keyed= 0.000ms group_by=  0.002ms per_group= 0.004ms)
[pe] round=187 work=       11 frontier=       44 next=       11 consolidate=  0.012ms frontier=  0.001ms semisort=  0.008ms (keyed= 0.000ms group_by=  0.001ms per_group= 0.003ms)
[pe] round=188 work=       11 frontier=       22 next=       11 consolidate=  0.011ms frontier=  0.001ms semisort=  0.007ms (keyed= 0.000ms group_by=  0.001ms per_group= 0.003ms)
[pe] round=189 work=       11 frontier=       62 next=       11 consolidate=  0.009ms frontier=  0.002ms semisort=  0.014ms (keyed= 0.000ms group_by=  0.003ms per_group= 0.005ms)
[pe] round=190 work=       11 frontier=       28 next=       11 consolidate=  0.011ms frontier=  0.001ms semisort=  0.008ms (keyed= 0.000ms group_by=  0.001ms per_group= 0.004ms)
[pe] round=191 work=       11 frontier=       44 next=       11 consolidate=  0.014ms frontier=  0.001ms semisort=  0.009ms (keyed= 0.000ms group_by=  0.001ms per_group= 0.004ms)
[pe] round=192 work=       11 frontier=       22 next=       11 consolidate=  0.008ms frontier=  0.002ms semisort=  0.006ms (keyed= 0.000ms group_by=  0.001ms per_group= 0.003ms)
[pe] round=193 work=       11 frontier=       62 next=       11 consolidate=  0.013ms frontier=  0.001ms semisort=  0.013ms (keyed= 0.000ms group_by=  0.003ms per_group= 0.005ms)
[pe] round=194 work=       11 frontier=       28 next=       11 consolidate=  0.012ms frontier=  0.001ms semisort=  0.011ms (keyed= 0.000ms group_by=  0.001ms per_group= 0.006ms)
[pe] round=195 work=       11 frontier=       44 next=       11 consolidate=  0.009ms frontier=  0.002ms semisort=  0.008ms (keyed= 0.000ms group_by=  0.001ms per_group= 0.004ms)
[pe] round=196 work=       11 frontier=       22 next=       11 consolidate=  0.012ms frontier=  0.001ms semisort=  0.006ms (keyed= 0.000ms group_by=  0.001ms per_group= 0.003ms)
[pe] round=197 work=       11 frontier=       62 next=       11 consolidate=  0.012ms frontier=  0.001ms semisort=  0.015ms (keyed= 0.000ms group_by=  0.002ms per_group= 0.006ms)
[pe] round=198 work=       11 frontier=       28 next=       11 consolidate=  0.010ms frontier=  0.002ms semisort=  0.008ms (keyed= 0.000ms group_by=  0.002ms per_group= 0.003ms)
[pe] round=199 work=       11 frontier=       44 next=       11 consolidate=  0.013ms frontier=  0.001ms semisort=  0.009ms (keyed= 0.000ms group_by=  0.002ms per_group= 0.004ms)
[pe] round=200 work=       11 frontier=       22 next=       11 consolidate=  0.009ms frontier=  0.002ms semisort=  0.006ms (keyed= 0.000ms group_by=  0.001ms per_group= 0.003ms)
[pe] round=201 work=       11 frontier=       62 next=       11 consolidate=  0.010ms frontier=  0.002ms semisort=  0.016ms (keyed= 0.000ms group_by=  0.002ms per_group= 0.007ms)
[pe] round=202 work=       11 frontier=       28 next=       11 consolidate=  0.012ms frontier=  0.004ms semisort=  0.008ms (keyed= 0.000ms group_by=  0.001ms per_group= 0.003ms)
[pe] round=203 work=       11 frontier=       44 next=       11 consolidate=  0.010ms frontier=  0.002ms semisort=  0.009ms (keyed= 0.000ms group_by=  0.001ms per_group= 0.003ms)
[pe] round=204 work=       11 frontier=       22 next=       11 consolidate=  0.012ms frontier=  0.001ms semisort=  0.006ms (keyed= 0.000ms group_by=  0.001ms per_group= 0.003ms)
[pe] round=205 work=       11 frontier=       62 next=       11 consolidate=  0.013ms frontier=  0.001ms semisort=  0.013ms (keyed= 0.000ms group_by=  0.002ms per_group= 0.004ms)
[pe] round=206 work=       11 frontier=       28 next=       11 consolidate=  0.009ms frontier=  0.002ms semisort=  0.009ms (keyed= 0.000ms group_by=  0.002ms per_group= 0.004ms)
[pe] round=207 work=       11 frontier=       44 next=       11 consolidate=  0.013ms frontier=  0.001ms semisort=  0.008ms (keyed= 0.000ms group_by=  0.001ms per_group= 0.003ms)
[pe] round=208 work=       11 frontier=       22 next=       11 consolidate=  0.012ms frontier=  0.001ms semisort=  0.006ms (keyed= 0.000ms group_by=  0.001ms per_group= 0.003ms)
[pe] round=209 work=       11 frontier=       70 next=       11 consolidate=  0.008ms frontier=  0.002ms semisort=  0.016ms (keyed= 0.000ms group_by=  0.003ms per_group= 0.005ms)
[pe] round=210 work=       11 frontier=       28 next=        7 consolidate=  0.011ms frontier=  0.001ms semisort=  0.008ms (keyed= 0.000ms group_by=  0.001ms per_group= 0.003ms)
[pe] round=211 work=        7 frontier=       28 next=        7 consolidate=  0.007ms frontier=  0.001ms semisort=  0.006ms (keyed= 0.000ms group_by=  0.001ms per_group= 0.003ms)
[pe] round=212 work=        7 frontier=       14 next=        7 consolidate=  0.009ms frontier=  0.001ms semisort=  0.005ms (keyed= 0.000ms group_by=  0.001ms per_group= 0.002ms)
[pe] round=213 work=        7 frontier=       46 next=        7 consolidate=  0.008ms frontier=  0.001ms semisort=  0.010ms (keyed= 0.000ms group_by=  0.002ms per_group= 0.003ms)
[pe] round=214 work=        7 frontier=       20 next=        7 consolidate=  0.008ms frontier=  0.001ms semisort=  0.006ms (keyed= 0.000ms group_by=  0.001ms per_group= 0.003ms)
[pe] round=215 work=        7 frontier=       28 next=        7 consolidate=  0.008ms frontier=  0.001ms semisort=  0.006ms (keyed= 0.000ms group_by=  0.001ms per_group= 0.002ms)
[pe] round=216 work=        7 frontier=       14 next=        7 consolidate=  0.008ms frontier=  0.001ms semisort=  0.005ms (keyed= 0.000ms group_by=  0.001ms per_group= 0.002ms)
[pe] round=217 work=        7 frontier=       46 next=        7 consolidate=  0.008ms frontier=  0.001ms semisort=  0.010ms (keyed= 0.000ms group_by=  0.001ms per_group= 0.004ms)
[pe] round=218 work=        7 frontier=       20 next=        7 consolidate=  0.008ms frontier=  0.001ms semisort=  0.006ms (keyed= 0.000ms group_by=  0.001ms per_group= 0.002ms)
[pe] round=219 work=        7 frontier=       28 next=        7 consolidate=  0.007ms frontier=  0.001ms semisort=  0.006ms (keyed= 0.000ms group_by=  0.001ms per_group= 0.002ms)
[pe] round=220 work=        7 frontier=       14 next=        7 consolidate=  0.008ms frontier=  0.001ms semisort=  0.005ms (keyed= 0.000ms group_by=  0.001ms per_group= 0.003ms)
[pe] round=221 work=        7 frontier=       46 next=        7 consolidate=  0.008ms frontier=  0.001ms semisort=  0.010ms (keyed= 0.000ms group_by=  0.002ms per_group= 0.004ms)
[pe] round=222 work=        7 frontier=       20 next=        7 consolidate=  0.007ms frontier=  0.001ms semisort=  0.006ms (keyed= 0.000ms group_by=  0.001ms per_group= 0.003ms)
[pe] round=223 work=        7 frontier=       28 next=        7 consolidate=  0.008ms frontier=  0.001ms semisort=  0.006ms (keyed= 0.000ms group_by=  0.001ms per_group= 0.003ms)
[pe] round=224 work=        7 frontier=       14 next=        7 consolidate=  0.008ms frontier=  0.001ms semisort=  0.005ms (keyed= 0.000ms group_by=  0.001ms per_group= 0.002ms)
[pe] round=225 work=        7 frontier=       46 next=        7 consolidate=  0.007ms frontier=  0.001ms semisort=  0.010ms (keyed= 0.000ms group_by=  0.002ms per_group= 0.004ms)
[pe] round=226 work=        7 frontier=       20 next=        7 consolidate=  0.007ms frontier=  0.001ms semisort=  0.006ms (keyed= 0.000ms group_by=  0.001ms per_group= 0.002ms)
[pe] round=227 work=        7 frontier=       28 next=        7 consolidate=  0.007ms frontier=  0.001ms semisort=  0.006ms (keyed= 0.000ms group_by=  0.001ms per_group= 0.003ms)
[pe] round=228 work=        7 frontier=       14 next=        7 consolidate=  0.008ms frontier=  0.001ms semisort=  0.005ms (keyed= 0.000ms group_by=  0.001ms per_group= 0.003ms)
[pe] round=229 work=        7 frontier=       46 next=        7 consolidate=  0.007ms frontier=  0.001ms semisort=  0.010ms (keyed= 0.000ms group_by=  0.001ms per_group= 0.004ms)
[pe] round=230 work=        7 frontier=       20 next=        7 consolidate=  0.007ms frontier=  0.001ms semisort=  0.006ms (keyed= 0.000ms group_by=  0.001ms per_group= 0.003ms)
[pe] round=231 work=        7 frontier=       28 next=        7 consolidate=  0.007ms frontier=  0.001ms semisort=  0.006ms (keyed= 0.000ms group_by=  0.001ms per_group= 0.002ms)
[pe] round=232 work=        7 frontier=       14 next=        7 consolidate=  0.007ms frontier=  0.001ms semisort=  0.005ms (keyed= 0.000ms group_by=  0.001ms per_group= 0.003ms)
[pe] round=233 work=        7 frontier=       46 next=        7 consolidate=  0.008ms frontier=  0.001ms semisort=  0.011ms (keyed= 0.000ms group_by=  0.002ms per_group= 0.004ms)
[pe] round=234 work=        7 frontier=       20 next=        7 consolidate=  0.007ms frontier=  0.001ms semisort=  0.006ms (keyed= 0.000ms group_by=  0.001ms per_group= 0.002ms)
[pe] round=235 work=        7 frontier=       28 next=        7 consolidate=  0.007ms frontier=  0.001ms semisort=  0.006ms (keyed= 0.000ms group_by=  0.001ms per_group= 0.003ms)
[pe] round=236 work=        7 frontier=       14 next=        7 consolidate=  0.008ms frontier=  0.001ms semisort=  0.006ms (keyed= 0.000ms group_by=  0.001ms per_group= 0.003ms)
[pe] round=237 work=        7 frontier=       46 next=        7 consolidate=  0.008ms frontier=  0.001ms semisort=  0.009ms (keyed= 0.000ms group_by=  0.001ms per_group= 0.003ms)
[pe] round=238 work=        7 frontier=       20 next=        7 consolidate=  0.007ms frontier=  0.001ms semisort=  0.006ms (keyed= 0.000ms group_by=  0.001ms per_group= 0.003ms)
[pe] round=239 work=        7 frontier=       28 next=        7 consolidate=  0.008ms frontier=  0.001ms semisort=  0.006ms (keyed= 0.000ms group_by=  0.001ms per_group= 0.002ms)
[pe] round=240 work=        7 frontier=       14 next=        7 consolidate=  0.008ms frontier=  0.001ms semisort=  0.005ms (keyed= 0.000ms group_by=  0.001ms per_group= 0.002ms)
[pe] round=241 work=        7 frontier=       46 next=        7 consolidate=  0.008ms frontier=  0.001ms semisort=  0.010ms (keyed= 0.000ms group_by=  0.002ms per_group= 0.003ms)
[pe] round=242 work=        7 frontier=       20 next=        7 consolidate=  0.007ms frontier=  0.001ms semisort=  0.007ms (keyed= 0.000ms group_by=  0.001ms per_group= 0.003ms)
[pe] round=243 work=        7 frontier=       28 next=        7 consolidate=  0.007ms frontier=  0.001ms semisort=  0.006ms (keyed= 0.000ms group_by=  0.001ms per_group= 0.003ms)
[pe] round=244 work=        7 frontier=       14 next=        7 consolidate=  0.008ms frontier=  0.001ms semisort=  0.005ms (keyed= 0.000ms group_by=  0.001ms per_group= 0.002ms)
[pe] round=245 work=        7 frontier=       46 next=        7 consolidate=  0.007ms frontier=  0.001ms semisort=  0.010ms (keyed= 0.000ms group_by=  0.002ms per_group= 0.004ms)
[pe] round=246 work=        7 frontier=       20 next=        7 consolidate=  0.007ms frontier=  0.001ms semisort=  0.006ms (keyed= 0.000ms group_by=  0.001ms per_group= 0.003ms)
[pe] round=247 work=        7 frontier=       28 next=        7 consolidate=  0.007ms frontier=  0.001ms semisort=  0.006ms (keyed= 0.000ms group_by=  0.001ms per_group= 0.002ms)
[pe] round=248 work=        7 frontier=       14 next=        7 consolidate=  0.007ms frontier=  0.001ms semisort=  0.005ms (keyed= 0.000ms group_by=  0.001ms per_group= 0.003ms)
[pe] round=249 work=        7 frontier=       46 next=        7 consolidate=  0.008ms frontier=  0.001ms semisort=  0.011ms (keyed= 0.000ms group_by=  0.002ms per_group= 0.004ms)
[pe] round=250 work=        7 frontier=       20 next=        7 consolidate=  0.008ms frontier=  0.001ms semisort=  0.006ms (keyed= 0.000ms group_by=  0.001ms per_group= 0.002ms)
[pe] round=251 work=        7 frontier=       28 next=        7 consolidate=  0.007ms frontier=  0.001ms semisort=  0.006ms (keyed= 0.000ms group_by=  0.001ms per_group= 0.002ms)
[pe] round=252 work=        7 frontier=       14 next=        7 consolidate=  0.009ms frontier=  0.001ms semisort=  0.005ms (keyed= 0.000ms group_by=  0.001ms per_group= 0.003ms)
[pe] round=253 work=        7 frontier=       46 next=        7 consolidate=  0.008ms frontier=  0.001ms semisort=  0.010ms (keyed= 0.000ms group_by=  0.001ms per_group= 0.004ms)
[pe] round=254 work=        7 frontier=       20 next=        7 consolidate=  0.011ms frontier=  0.001ms semisort=  0.007ms (keyed= 0.000ms group_by=  0.001ms per_group= 0.003ms)
[pe] round=255 work=        7 frontier=       28 next=        7 consolidate=  0.008ms frontier=  0.001ms semisort=  0.006ms (keyed= 0.000ms group_by=  0.001ms per_group= 0.002ms)
[pe] round=256 work=        7 frontier=       14 next=        7 consolidate=  0.006ms frontier=  0.001ms semisort=  0.005ms (keyed= 0.000ms group_by=  0.001ms per_group= 0.002ms)
[pe] round=257 work=        7 frontier=       46 next=        7 consolidate=  0.008ms frontier=  0.001ms semisort=  0.011ms (keyed= 0.000ms group_by=  0.001ms per_group= 0.004ms)
[pe] round=258 work=        7 frontier=       20 next=        7 consolidate=  0.007ms frontier=  0.001ms semisort=  0.006ms (keyed= 0.000ms group_by=  0.001ms per_group= 0.002ms)
[pe] round=259 work=        7 frontier=       28 next=        7 consolidate=  0.008ms frontier=  0.001ms semisort=  0.006ms (keyed= 0.000ms group_by=  0.001ms per_group= 0.003ms)
[pe] round=260 work=        7 frontier=       14 next=        7 consolidate=  0.008ms frontier=  0.001ms semisort=  0.005ms (keyed= 0.000ms group_by=  0.001ms per_group= 0.003ms)
[pe] round=261 work=        7 frontier=       46 next=        7 consolidate=  0.007ms frontier=  0.001ms semisort=  0.010ms (keyed= 0.000ms group_by=  0.002ms per_group= 0.004ms)
[pe] round=262 work=        7 frontier=       20 next=        7 consolidate=  0.007ms frontier=  0.001ms semisort=  0.006ms (keyed= 0.000ms group_by=  0.001ms per_group= 0.002ms)
[pe] round=263 work=        7 frontier=       28 next=        7 consolidate=  0.008ms frontier=  0.001ms semisort=  0.006ms (keyed= 0.000ms group_by=  0.001ms per_group= 0.002ms)
[pe] round=264 work=        7 frontier=       14 next=        7 consolidate=  0.006ms frontier=  0.001ms semisort=  0.005ms (keyed= 0.000ms group_by=  0.001ms per_group= 0.002ms)
[pe] round=265 work=        7 frontier=       46 next=        7 consolidate=  0.008ms frontier=  0.001ms semisort=  0.010ms (keyed= 0.000ms group_by=  0.002ms per_group= 0.004ms)
[pe] round=266 work=        7 frontier=       20 next=        7 consolidate=  0.007ms frontier=  0.001ms semisort=  0.006ms (keyed= 0.000ms group_by=  0.001ms per_group= 0.002ms)
[pe] round=267 work=        7 frontier=       28 next=        7 consolidate=  0.007ms frontier=  0.001ms semisort=  0.006ms (keyed= 0.000ms group_by=  0.001ms per_group= 0.003ms)
[pe] round=268 work=        7 frontier=       14 next=        7 consolidate=  0.008ms frontier=  0.001ms semisort=  0.006ms (keyed= 0.000ms group_by=  0.001ms per_group= 0.003ms)
[pe] round=269 work=        7 frontier=       46 next=        7 consolidate=  0.007ms frontier=  0.001ms semisort=  0.011ms (keyed= 0.000ms group_by=  0.002ms per_group= 0.004ms)
[pe] round=270 work=        7 frontier=       20 next=        7 consolidate=  0.007ms frontier=  0.001ms semisort=  0.006ms (keyed= 0.000ms group_by=  0.001ms per_group= 0.003ms)
[pe] round=271 work=        7 frontier=       28 next=        7 consolidate=  0.007ms frontier=  0.001ms semisort=  0.006ms (keyed= 0.000ms group_by=  0.001ms per_group= 0.002ms)
[pe] round=272 work=        7 frontier=       14 next=        7 consolidate=  0.006ms frontier=  0.001ms semisort=  0.005ms (keyed= 0.000ms group_by=  0.001ms per_group= 0.002ms)
[pe] round=273 work=        7 frontier=       46 next=        7 consolidate=  0.007ms frontier=  0.001ms semisort=  0.010ms (keyed= 0.000ms group_by=  0.002ms per_group= 0.004ms)
[pe] round=274 work=        7 frontier=       20 next=        7 consolidate=  0.007ms frontier=  0.001ms semisort=  0.006ms (keyed= 0.000ms group_by=  0.001ms per_group= 0.003ms)
[pe] round=275 work=        7 frontier=       28 next=        7 consolidate=  0.008ms frontier=  0.001ms semisort=  0.006ms (keyed= 0.000ms group_by=  0.001ms per_group= 0.003ms)
[pe] round=276 work=        7 frontier=       14 next=        7 consolidate=  0.008ms frontier=  0.001ms semisort=  0.005ms (keyed= 0.000ms group_by=  0.001ms per_group= 0.002ms)
[pe] round=277 work=        7 frontier=       46 next=        7 consolidate=  0.007ms frontier=  0.001ms semisort=  0.010ms (keyed= 0.000ms group_by=  0.001ms per_group= 0.004ms)
[pe] round=278 work=        7 frontier=       20 next=        7 consolidate=  0.007ms frontier=  0.001ms semisort=  0.006ms (keyed= 0.000ms group_by=  0.001ms per_group= 0.003ms)
[pe] round=279 work=        7 frontier=       28 next=        7 consolidate=  0.008ms frontier=  0.002ms semisort=  0.006ms (keyed= 0.000ms group_by=  0.001ms per_group= 0.002ms)
[pe] round=280 work=        7 frontier=       14 next=        7 consolidate=  0.006ms frontier=  0.001ms semisort=  0.004ms (keyed= 0.000ms group_by=  0.001ms per_group= 0.002ms)
[pe] round=281 work=        7 frontier=       46 next=        7 consolidate=  0.008ms frontier=  0.001ms semisort=  0.010ms (keyed= 0.000ms group_by=  0.001ms per_group= 0.004ms)
[pe] round=282 work=        7 frontier=       20 next=        7 consolidate=  0.008ms frontier=  0.001ms semisort=  0.006ms (keyed= 0.000ms group_by=  0.001ms per_group= 0.002ms)
[pe] round=283 work=        7 frontier=       28 next=        7 consolidate=  0.008ms frontier=  0.001ms semisort=  0.006ms (keyed= 0.000ms group_by=  0.001ms per_group= 0.002ms)
[pe] round=284 work=        7 frontier=       14 next=        7 consolidate=  0.009ms frontier=  0.001ms semisort=  0.006ms (keyed= 0.000ms group_by=  0.001ms per_group= 0.003ms)
[pe] round=285 work=        7 frontier=       46 next=        7 consolidate=  0.007ms frontier=  0.001ms semisort=  0.010ms (keyed= 0.000ms group_by=  0.002ms per_group= 0.004ms)
[pe] round=286 work=        7 frontier=       20 next=        7 consolidate=  0.007ms frontier=  0.001ms semisort=  0.006ms (keyed= 0.000ms group_by=  0.001ms per_group= 0.002ms)
[pe] round=287 work=        7 frontier=       28 next=        7 consolidate=  0.007ms frontier=  0.002ms semisort=  0.006ms (keyed= 0.000ms group_by=  0.001ms per_group= 0.003ms)
[pe] round=288 work=        7 frontier=       14 next=        7 consolidate=  0.007ms frontier=  0.001ms semisort=  0.005ms (keyed= 0.000ms group_by=  0.001ms per_group= 0.002ms)
[pe] round=289 work=        7 frontier=       46 next=        7 consolidate=  0.008ms frontier=  0.001ms semisort=  0.010ms (keyed= 0.000ms group_by=  0.002ms per_group= 0.003ms)
[pe] round=290 work=        7 frontier=       20 next=        7 consolidate=  0.008ms frontier=  0.001ms semisort=  0.006ms (keyed= 0.000ms group_by=  0.001ms per_group= 0.002ms)
[pe] round=291 work=        7 frontier=       28 next=        7 consolidate=  0.008ms frontier=  0.001ms semisort=  0.006ms (keyed= 0.000ms group_by=  0.001ms per_group= 0.002ms)
[pe] round=292 work=        7 frontier=       14 next=        7 consolidate=  0.008ms frontier=  0.001ms semisort=  0.005ms (keyed= 0.000ms group_by=  0.001ms per_group= 0.003ms)
[pe] round=293 work=        7 frontier=       46 next=        7 consolidate=  0.007ms frontier=  0.001ms semisort=  0.010ms (keyed= 0.000ms group_by=  0.002ms per_group= 0.003ms)
[pe] round=294 work=        7 frontier=       20 next=        7 consolidate=  0.008ms frontier=  0.001ms semisort=  0.006ms (keyed= 0.000ms group_by=  0.001ms per_group= 0.003ms)
[pe] round=295 work=        7 frontier=       28 next=        7 consolidate=  0.008ms frontier=  0.001ms semisort=  0.006ms (keyed= 0.000ms group_by=  0.001ms per_group= 0.002ms)
[pe] round=296 work=        7 frontier=       14 next=        7 consolidate=  0.007ms frontier=  0.001ms semisort=  0.005ms (keyed= 0.000ms group_by=  0.001ms per_group= 0.002ms)
[pe] round=297 work=        7 frontier=       46 next=        7 consolidate=  0.008ms frontier=  0.001ms semisort=  0.010ms (keyed= 0.000ms group_by=  0.001ms per_group= 0.004ms)
[pe] round=298 work=        7 frontier=       20 next=        7 consolidate=  0.009ms frontier=  0.001ms semisort=  0.006ms (keyed= 0.000ms group_by=  0.001ms per_group= 0.002ms)
[pe] round=299 work=        7 frontier=       28 next=        7 consolidate=  0.007ms frontier=  0.001ms semisort=  0.006ms (keyed= 0.000ms group_by=  0.001ms per_group= 0.003ms)
[pe] round=300 work=        7 frontier=       14 next=        7 consolidate=  0.009ms frontier=  0.001ms semisort=  0.005ms (keyed= 0.000ms group_by=  0.001ms per_group= 0.003ms)
[pe] round=301 work=        7 frontier=       46 next=        7 consolidate=  0.007ms frontier=  0.001ms semisort=  0.010ms (keyed= 0.000ms group_by=  0.002ms per_group= 0.003ms)
[pe] round=302 work=        7 frontier=       20 next=        7 consolidate=  0.009ms frontier=  0.001ms semisort=  0.007ms (keyed= 0.000ms group_by=  0.001ms per_group= 0.003ms)
[pe] round=303 work=        7 frontier=       28 next=        7 consolidate=  0.008ms frontier=  0.001ms semisort=  0.006ms (keyed= 0.000ms group_by=  0.001ms per_group= 0.002ms)
[pe] round=304 work=        7 frontier=       14 next=        7 consolidate=  0.007ms frontier=  0.001ms semisort=  0.005ms (keyed= 0.000ms group_by=  0.001ms per_group= 0.003ms)
[pe] round=305 work=        7 frontier=       46 next=        7 consolidate=  0.008ms frontier=  0.001ms semisort=  0.010ms (keyed= 0.000ms group_by=  0.001ms per_group= 0.004ms)
[pe] round=306 work=        7 frontier=       20 next=        7 consolidate=  0.008ms frontier=  0.001ms semisort=  0.007ms (keyed= 0.000ms group_by=  0.001ms per_group= 0.003ms)
[pe] round=307 work=        7 frontier=       28 next=        7 consolidate=  0.008ms frontier=  0.001ms semisort=  0.006ms (keyed= 0.000ms group_by=  0.001ms per_group= 0.002ms)
[pe] round=308 work=        7 frontier=       14 next=        7 consolidate=  0.008ms frontier=  0.001ms semisort=  0.005ms (keyed= 0.000ms group_by=  0.001ms per_group= 0.002ms)
[pe] round=309 work=        7 frontier=       46 next=        7 consolidate=  0.007ms frontier=  0.001ms semisort=  0.013ms (keyed= 0.000ms group_by=  0.002ms per_group= 0.006ms)
[pe] round=310 work=        7 frontier=       20 next=        7 consolidate=  0.008ms frontier=  0.001ms semisort=  0.006ms (keyed= 0.000ms group_by=  0.001ms per_group= 0.003ms)
[pe] round=311 work=        7 frontier=       28 next=        7 consolidate=  0.007ms frontier=  0.001ms semisort=  0.006ms (keyed= 0.000ms group_by=  0.001ms per_group= 0.002ms)
[pe] round=312 work=        7 frontier=       14 next=        7 consolidate=  0.007ms frontier=  0.001ms semisort=  0.004ms (keyed= 0.000ms group_by=  0.001ms per_group= 0.002ms)
[pe] round=313 work=        7 frontier=       46 next=        7 consolidate=  0.007ms frontier=  0.001ms semisort=  0.010ms (keyed= 0.000ms group_by=  0.001ms per_group= 0.004ms)
[pe] round=314 work=        7 frontier=       20 next=        7 consolidate=  0.008ms frontier=  0.001ms semisort=  0.006ms (keyed= 0.000ms group_by=  0.001ms per_group= 0.003ms)
[pe] round=315 work=        7 frontier=       28 next=        7 consolidate=  0.007ms frontier=  0.001ms semisort=  0.006ms (keyed= 0.000ms group_by=  0.001ms per_group= 0.002ms)
[pe] round=316 work=        7 frontier=       14 next=        7 consolidate=  0.008ms frontier=  0.001ms semisort=  0.005ms (keyed= 0.000ms group_by=  0.001ms per_group= 0.003ms)
[pe] round=317 work=        7 frontier=       46 next=        7 consolidate=  0.007ms frontier=  0.001ms semisort=  0.010ms (keyed= 0.000ms group_by=  0.001ms per_group= 0.004ms)
[pe] round=318 work=        7 frontier=       20 next=        3 consolidate=  0.008ms frontier=  0.001ms semisort=  0.006ms (keyed= 0.000ms group_by=  0.001ms per_group= 0.002ms)
[pe] round=319 work=        3 frontier=       12 next=        3 consolidate=  0.004ms frontier=  0.001ms semisort=  0.003ms (keyed= 0.000ms group_by=  0.001ms per_group= 0.001ms)
[pe] round=320 work=        3 frontier=        6 next=        3 consolidate=  0.003ms frontier=  0.000ms semisort=  0.003ms (keyed= 0.000ms group_by=  0.000ms per_group= 0.001ms)
[pe] round=321 work=        3 frontier=       30 next=        3 consolidate=  0.004ms frontier=  0.000ms semisort=  0.007ms (keyed= 0.000ms group_by=  0.001ms per_group= 0.002ms)
[pe] round=322 work=        3 frontier=       12 next=        3 consolidate=  0.004ms frontier=  0.000ms semisort=  0.004ms (keyed= 0.000ms group_by=  0.001ms per_group= 0.001ms)
[pe] round=323 work=        3 frontier=       12 next=        3 consolidate=  0.003ms frontier=  0.000ms semisort=  0.003ms (keyed= 0.000ms group_by=  0.000ms per_group= 0.001ms)
[pe] round=324 work=        3 frontier=        6 next=        3 consolidate=  0.003ms frontier=  0.000ms semisort=  0.002ms (keyed= 0.000ms group_by=  0.000ms per_group= 0.001ms)
[pe] round=325 work=        3 frontier=       30 next=        3 consolidate=  0.003ms frontier=  0.000ms semisort=  0.007ms (keyed= 0.000ms group_by=  0.001ms per_group= 0.002ms)
[pe] round=326 work=        3 frontier=       12 next=        3 consolidate=  0.004ms frontier=  0.000ms semisort=  0.004ms (keyed= 0.000ms group_by=  0.001ms per_group= 0.001ms)
[pe] round=327 work=        3 frontier=       12 next=        3 consolidate=  0.004ms frontier=  0.000ms semisort=  0.003ms (keyed= 0.000ms group_by=  0.000ms per_group= 0.001ms)
[pe] round=328 work=        3 frontier=        6 next=        3 consolidate=  0.003ms frontier=  0.000ms semisort=  0.002ms (keyed= 0.000ms group_by=  0.000ms per_group= 0.001ms)
[pe] round=329 work=        3 frontier=       30 next=        3 consolidate=  0.004ms frontier=  0.000ms semisort=  0.007ms (keyed= 0.000ms group_by=  0.002ms per_group= 0.002ms)
[pe] round=330 work=        3 frontier=       12 next=        3 consolidate=  0.003ms frontier=  0.000ms semisort=  0.005ms (keyed= 0.000ms group_by=  0.001ms per_group= 0.001ms)
[pe] round=331 work=        3 frontier=       12 next=        3 consolidate=  0.003ms frontier=  0.000ms semisort=  0.003ms (keyed= 0.000ms group_by=  0.000ms per_group= 0.001ms)
[pe] round=332 work=        3 frontier=        6 next=        3 consolidate=  0.003ms frontier=  0.000ms semisort=  0.002ms (keyed= 0.000ms group_by=  0.000ms per_group= 0.001ms)
[pe] round=333 work=        3 frontier=       30 next=        3 consolidate=  0.003ms frontier=  0.000ms semisort=  0.007ms (keyed= 0.000ms group_by=  0.002ms per_group= 0.002ms)
[pe] round=334 work=        3 frontier=       12 next=        3 consolidate=  0.003ms frontier=  0.000ms semisort=  0.004ms (keyed= 0.000ms group_by=  0.001ms per_group= 0.001ms)
[pe] round=335 work=        3 frontier=       12 next=        3 consolidate=  0.003ms frontier=  0.000ms semisort=  0.003ms (keyed= 0.000ms group_by=  0.000ms per_group= 0.001ms)
[pe] round=336 work=        3 frontier=        6 next=        3 consolidate=  0.003ms frontier=  0.000ms semisort=  0.003ms (keyed= 0.000ms group_by=  0.000ms per_group= 0.001ms)
[pe] round=337 work=        3 frontier=       30 next=        3 consolidate=  0.004ms frontier=  0.000ms semisort=  0.007ms (keyed= 0.000ms group_by=  0.001ms per_group= 0.002ms)
[pe] round=338 work=        3 frontier=       12 next=        3 consolidate=  0.004ms frontier=  0.000ms semisort=  0.004ms (keyed= 0.000ms group_by=  0.001ms per_group= 0.001ms)
[pe] round=339 work=        3 frontier=       12 next=        3 consolidate=  0.003ms frontier=  0.000ms semisort=  0.003ms (keyed= 0.000ms group_by=  0.000ms per_group= 0.001ms)
[pe] round=340 work=        3 frontier=        6 next=        3 consolidate=  0.003ms frontier=  0.000ms semisort=  0.002ms (keyed= 0.000ms group_by=  0.000ms per_group= 0.001ms)
[pe] round=341 work=        3 frontier=       30 next=        3 consolidate=  0.003ms frontier=  0.000ms semisort=  0.006ms (keyed= 0.000ms group_by=  0.001ms per_group= 0.002ms)
[pe] round=342 work=        3 frontier=       12 next=        3 consolidate=  0.003ms frontier=  0.000ms semisort=  0.004ms (keyed= 0.000ms group_by=  0.001ms per_group= 0.001ms)
[pe] round=343 work=        3 frontier=       12 next=        3 consolidate=  0.003ms frontier=  0.000ms semisort=  0.003ms (keyed= 0.000ms group_by=  0.000ms per_group= 0.001ms)
[pe] round=344 work=        3 frontier=        6 next=        3 consolidate=  0.003ms frontier=  0.000ms semisort=  0.002ms (keyed= 0.000ms group_by=  0.000ms per_group= 0.001ms)
[pe] round=345 work=        3 frontier=       30 next=        3 consolidate=  0.004ms frontier=  0.000ms semisort=  0.007ms (keyed= 0.000ms group_by=  0.001ms per_group= 0.002ms)
[pe] round=346 work=        3 frontier=       12 next=        3 consolidate=  0.004ms frontier=  0.000ms semisort=  0.004ms (keyed= 0.000ms group_by=  0.001ms per_group= 0.001ms)
[pe] round=347 work=        3 frontier=       12 next=        3 consolidate=  0.003ms frontier=  0.000ms semisort=  0.003ms (keyed= 0.000ms group_by=  0.000ms per_group= 0.001ms)
[pe] round=348 work=        3 frontier=        6 next=        3 consolidate=  0.004ms frontier=  0.000ms semisort=  0.002ms (keyed= 0.000ms group_by=  0.000ms per_group= 0.001ms)
[pe] round=349 work=        3 frontier=       30 next=        3 consolidate=  0.004ms frontier=  0.000ms semisort=  0.006ms (keyed= 0.000ms group_by=  0.001ms per_group= 0.002ms)
[pe] round=350 work=        3 frontier=       12 next=        3 consolidate=  0.003ms frontier=  0.000ms semisort=  0.004ms (keyed= 0.000ms group_by=  0.001ms per_group= 0.001ms)
[pe] round=351 work=        3 frontier=       12 next=        3 consolidate=  0.006ms frontier=  0.001ms semisort=  0.003ms (keyed= 0.000ms group_by=  0.001ms per_group= 0.001ms)
[pe] round=352 work=        3 frontier=        6 next=        3 consolidate=  0.003ms frontier=  0.000ms semisort=  0.002ms (keyed= 0.000ms group_by=  0.000ms per_group= 0.001ms)
[pe] round=353 work=        3 frontier=       30 next=        3 consolidate=  0.004ms frontier=  0.000ms semisort=  0.006ms (keyed= 0.000ms group_by=  0.001ms per_group= 0.002ms)
[pe] round=354 work=        3 frontier=       12 next=        3 consolidate=  0.004ms frontier=  0.000ms semisort=  0.004ms (keyed= 0.000ms group_by=  0.001ms per_group= 0.001ms)
[pe] round=355 work=        3 frontier=       12 next=        3 consolidate=  0.003ms frontier=  0.000ms semisort=  0.003ms (keyed= 0.000ms group_by=  0.000ms per_group= 0.001ms)
[pe] round=356 work=        3 frontier=        6 next=        3 consolidate=  0.004ms frontier=  0.000ms semisort=  0.002ms (keyed= 0.000ms group_by=  0.000ms per_group= 0.001ms)
[pe] round=357 work=        3 frontier=       30 next=        3 consolidate=  0.003ms frontier=  0.000ms semisort=  0.006ms (keyed= 0.000ms group_by=  0.001ms per_group= 0.001ms)
[pe] round=358 work=        3 frontier=       12 next=        3 consolidate=  0.003ms frontier=  0.000ms semisort=  0.004ms (keyed= 0.000ms group_by=  0.001ms per_group= 0.001ms)
[pe] round=359 work=        3 frontier=       12 next=        3 consolidate=  0.003ms frontier=  0.000ms semisort=  0.003ms (keyed= 0.000ms group_by=  0.000ms per_group= 0.001ms)
[pe] round=360 work=        3 frontier=        6 next=        3 consolidate=  0.003ms frontier=  0.000ms semisort=  0.002ms (keyed= 0.000ms group_by=  0.000ms per_group= 0.001ms)
[pe] round=361 work=        3 frontier=       30 next=        3 consolidate=  0.003ms frontier=  0.000ms semisort=  0.007ms (keyed= 0.000ms group_by=  0.001ms per_group= 0.002ms)
[pe] round=362 work=        3 frontier=       12 next=        3 consolidate=  0.004ms frontier=  0.000ms semisort=  0.004ms (keyed= 0.000ms group_by=  0.001ms per_group= 0.001ms)
[pe] round=363 work=        3 frontier=       12 next=        3 consolidate=  0.003ms frontier=  0.000ms semisort=  0.003ms (keyed= 0.000ms group_by=  0.000ms per_group= 0.001ms)
[pe] round=364 work=        3 frontier=        6 next=        3 consolidate=  0.003ms frontier=  0.000ms semisort=  0.002ms (keyed= 0.000ms group_by=  0.000ms per_group= 0.001ms)
[pe] round=365 work=        3 frontier=       30 next=        3 consolidate=  0.005ms frontier=  0.001ms semisort=  0.006ms (keyed= 0.000ms group_by=  0.001ms per_group= 0.002ms)
[pe] round=366 work=        3 frontier=       12 next=        3 consolidate=  0.003ms frontier=  0.000ms semisort=  0.004ms (keyed= 0.000ms group_by=  0.001ms per_group= 0.002ms)
[pe] round=367 work=        3 frontier=       12 next=        3 consolidate=  0.004ms frontier=  0.000ms semisort=  0.003ms (keyed= 0.000ms group_by=  0.000ms per_group= 0.001ms)
[pe] round=368 work=        3 frontier=        6 next=        3 consolidate=  0.003ms frontier=  0.000ms semisort=  0.002ms (keyed= 0.000ms group_by=  0.000ms per_group= 0.001ms)
[pe] round=369 work=        3 frontier=       30 next=        3 consolidate=  0.004ms frontier=  0.000ms semisort=  0.007ms (keyed= 0.000ms group_by=  0.002ms per_group= 0.002ms)
[pe] round=370 work=        3 frontier=       12 next=        3 consolidate=  0.004ms frontier=  0.000ms semisort=  0.004ms (keyed= 0.000ms group_by=  0.001ms per_group= 0.001ms)
[pe] round=371 work=        3 frontier=       12 next=        3 consolidate=  0.003ms frontier=  0.000ms semisort=  0.003ms (keyed= 0.000ms group_by=  0.000ms per_group= 0.001ms)
[pe] round=372 work=        3 frontier=        6 next=        3 consolidate=  0.003ms frontier=  0.000ms semisort=  0.003ms (keyed= 0.000ms group_by=  0.000ms per_group= 0.001ms)
[pe] round=373 work=        3 frontier=       30 next=        3 consolidate=  0.004ms frontier=  0.000ms semisort=  0.007ms (keyed= 0.000ms group_by=  0.001ms per_group= 0.002ms)
[pe] round=374 work=        3 frontier=       12 next=        3 consolidate=  0.004ms frontier=  0.000ms semisort=  0.004ms (keyed= 0.000ms group_by=  0.001ms per_group= 0.002ms)
[pe] round=375 work=        3 frontier=       12 next=        3 consolidate=  0.004ms frontier=  0.000ms semisort=  0.003ms (keyed= 0.000ms group_by=  0.000ms per_group= 0.001ms)
[pe] round=376 work=        3 frontier=        6 next=        3 consolidate=  0.003ms frontier=  0.000ms semisort=  0.002ms (keyed= 0.000ms group_by=  0.000ms per_group= 0.001ms)
[pe] round=377 work=        3 frontier=       30 next=        3 consolidate=  0.004ms frontier=  0.000ms semisort=  0.006ms (keyed= 0.000ms group_by=  0.001ms per_group= 0.002ms)
[pe] round=378 work=        3 frontier=       12 next=        3 consolidate=  0.003ms frontier=  0.000ms semisort=  0.004ms (keyed= 0.000ms group_by=  0.001ms per_group= 0.001ms)
[pe] round=379 work=        3 frontier=       12 next=        3 consolidate=  0.003ms frontier=  0.000ms semisort=  0.003ms (keyed= 0.000ms group_by=  0.000ms per_group= 0.001ms)
[pe] round=380 work=        3 frontier=        6 next=        3 consolidate=  0.004ms frontier=  0.000ms semisort=  0.002ms (keyed= 0.000ms group_by=  0.000ms per_group= 0.001ms)
[pe] round=381 work=        3 frontier=       30 next=        3 consolidate=  0.004ms frontier=  0.000ms semisort=  0.006ms (keyed= 0.000ms group_by=  0.001ms per_group= 0.002ms)
[pe] round=382 work=        3 frontier=       12 next=        3 consolidate=  0.003ms frontier=  0.000ms semisort=  0.004ms (keyed= 0.000ms group_by=  0.001ms per_group= 0.001ms)
[pe] round=383 work=        3 frontier=       12 next=        3 consolidate=  0.004ms frontier=  0.000ms semisort=  0.003ms (keyed= 0.000ms group_by=  0.000ms per_group= 0.001ms)
[pe] round=384 work=        3 frontier=        6 next=        3 consolidate=  0.003ms frontier=  0.000ms semisort=  0.002ms (keyed= 0.000ms group_by=  0.000ms per_group= 0.001ms)
[pe] round=385 work=        3 frontier=       30 next=        3 consolidate=  0.003ms frontier=  0.000ms semisort=  0.007ms (keyed= 0.000ms group_by=  0.001ms per_group= 0.002ms)
[pe] round=386 work=        3 frontier=       12 next=        3 consolidate=  0.003ms frontier=  0.000ms semisort=  0.004ms (keyed= 0.000ms group_by=  0.001ms per_group= 0.001ms)
[pe] round=387 work=        3 frontier=       12 next=        3 consolidate=  0.003ms frontier=  0.000ms semisort=  0.003ms (keyed= 0.000ms group_by=  0.000ms per_group= 0.001ms)
[pe] round=388 work=        3 frontier=        6 next=        3 consolidate=  0.004ms frontier=  0.000ms semisort=  0.002ms (keyed= 0.000ms group_by=  0.000ms per_group= 0.001ms)
[pe] round=389 work=        3 frontier=       30 next=        3 consolidate=  0.003ms frontier=  0.000ms semisort=  0.007ms (keyed= 0.000ms group_by=  0.002ms per_group= 0.002ms)
[pe] round=390 work=        3 frontier=       12 next=        3 consolidate=  0.003ms frontier=  0.000ms semisort=  0.004ms (keyed= 0.000ms group_by=  0.001ms per_group= 0.001ms)
[pe] round=391 work=        3 frontier=       12 next=        3 consolidate=  0.003ms frontier=  0.000ms semisort=  0.003ms (keyed= 0.000ms group_by=  0.000ms per_group= 0.001ms)
[pe] round=392 work=        3 frontier=        6 next=        3 consolidate=  0.003ms frontier=  0.000ms semisort=  0.002ms (keyed= 0.000ms group_by=  0.001ms per_group= 0.001ms)
[pe] round=393 work=        3 frontier=       30 next=        3 consolidate=  0.004ms frontier=  0.001ms semisort=  0.006ms (keyed= 0.000ms group_by=  0.001ms per_group= 0.002ms)
[pe] round=394 work=        3 frontier=       12 next=        3 consolidate=  0.004ms frontier=  0.000ms semisort=  0.004ms (keyed= 0.000ms group_by=  0.001ms per_group= 0.001ms)
[pe] round=395 work=        3 frontier=       12 next=        3 consolidate=  0.003ms frontier=  0.000ms semisort=  0.003ms (keyed= 0.000ms group_by=  0.000ms per_group= 0.001ms)
[pe] round=396 work=        3 frontier=        6 next=        3 consolidate=  0.003ms frontier=  0.000ms semisort=  0.002ms (keyed= 0.000ms group_by=  0.000ms per_group= 0.001ms)
[pe] round=397 work=        3 frontier=       30 next=        3 consolidate=  0.003ms frontier=  0.000ms semisort=  0.006ms (keyed= 0.000ms group_by=  0.001ms per_group= 0.002ms)
[pe] round=398 work=        3 frontier=       12 next=        3 consolidate=  0.007ms frontier=  0.000ms semisort=  0.004ms (keyed= 0.000ms group_by=  0.001ms per_group= 0.002ms)
[pe] round=399 work=        3 frontier=       12 next=        3 consolidate=  0.004ms frontier=  0.000ms semisort=  0.003ms (keyed= 0.000ms group_by=  0.000ms per_group= 0.001ms)
[pe] round=400 work=        3 frontier=        6 next=        3 consolidate=  0.003ms frontier=  0.000ms semisort=  0.002ms (keyed= 0.000ms group_by=  0.000ms per_group= 0.001ms)
[pe] round=401 work=        3 frontier=       30 next=        3 consolidate=  0.003ms frontier=  0.000ms semisort=  0.006ms (keyed= 0.000ms group_by=  0.001ms per_group= 0.002ms)
[pe] round=402 work=        3 frontier=       12 next=        3 consolidate=  0.003ms frontier=  0.000ms semisort=  0.004ms (keyed= 0.000ms group_by=  0.001ms per_group= 0.001ms)
[pe] round=403 work=        3 frontier=       12 next=        3 consolidate=  0.003ms frontier=  0.000ms semisort=  0.003ms (keyed= 0.000ms group_by=  0.000ms per_group= 0.001ms)
[pe] round=404 work=        3 frontier=        6 next=        3 consolidate=  0.004ms frontier=  0.000ms semisort=  0.003ms (keyed= 0.000ms group_by=  0.000ms per_group= 0.001ms)
[pe] round=405 work=        3 frontier=       30 next=        3 consolidate=  0.003ms frontier=  0.000ms semisort=  0.006ms (keyed= 0.000ms group_by=  0.001ms per_group= 0.002ms)
[pe] round=406 work=        3 frontier=       12 next=        3 consolidate=  0.003ms frontier=  0.000ms semisort=  0.004ms (keyed= 0.000ms group_by=  0.001ms per_group= 0.001ms)
[pe] round=407 work=        3 frontier=       12 next=        3 consolidate=  0.004ms frontier=  0.000ms semisort=  0.003ms (keyed= 0.000ms group_by=  0.000ms per_group= 0.001ms)
[pe] round=408 work=        3 frontier=        6 next=        3 consolidate=  0.003ms frontier=  0.000ms semisort=  0.002ms (keyed= 0.000ms group_by=  0.000ms per_group= 0.001ms)
[pe] round=409 work=        3 frontier=       30 next=        3 consolidate=  0.004ms frontier=  0.000ms semisort=  0.007ms (keyed= 0.000ms group_by=  0.001ms per_group= 0.002ms)
[pe] round=410 work=        3 frontier=       12 next=        3 consolidate=  0.004ms frontier=  0.000ms semisort=  0.004ms (keyed= 0.000ms group_by=  0.001ms per_group= 0.001ms)
[pe] round=411 work=        3 frontier=       12 next=        3 consolidate=  0.003ms frontier=  0.000ms semisort=  0.003ms (keyed= 0.000ms group_by=  0.000ms per_group= 0.001ms)
[pe] round=412 work=        3 frontier=        6 next=        3 consolidate=  0.004ms frontier=  0.000ms semisort=  0.003ms (keyed= 0.000ms group_by=  0.000ms per_group= 0.001ms)
[pe] round=413 work=        3 frontier=       30 next=        3 consolidate=  0.003ms frontier=  0.000ms semisort=  0.006ms (keyed= 0.000ms group_by=  0.001ms per_group= 0.002ms)
[pe] round=414 work=        3 frontier=       12 next=        3 consolidate=  0.003ms frontier=  0.000ms semisort=  0.004ms (keyed= 0.000ms group_by=  0.001ms per_group= 0.001ms)
[pe] round=415 work=        3 frontier=       12 next=        3 consolidate=  0.004ms frontier=  0.000ms semisort=  0.003ms (keyed= 0.000ms group_by=  0.000ms per_group= 0.001ms)
[pe] round=416 work=        3 frontier=        6 next=        3 consolidate=  0.003ms frontier=  0.000ms semisort=  0.002ms (keyed= 0.000ms group_by=  0.000ms per_group= 0.001ms)
[pe] round=417 work=        3 frontier=       30 next=        3 consolidate=  0.004ms frontier=  0.000ms semisort=  0.006ms (keyed= 0.000ms group_by=  0.001ms per_group= 0.002ms)
[pe] round=418 work=        3 frontier=       12 next=        3 consolidate=  0.003ms frontier=  0.000ms semisort=  0.005ms (keyed= 0.000ms group_by=  0.001ms per_group= 0.001ms)
[pe] round=419 work=        3 frontier=       12 next=        3 consolidate=  0.003ms frontier=  0.000ms semisort=  0.004ms (keyed= 0.000ms group_by=  0.000ms per_group= 0.001ms)
[pe] round=420 work=        3 frontier=        6 next=        3 consolidate=  0.004ms frontier=  0.000ms semisort=  0.002ms (keyed= 0.000ms group_by=  0.000ms per_group= 0.001ms)
[pe] round=421 work=        3 frontier=       30 next=        3 consolidate=  0.003ms frontier=  0.000ms semisort=  0.006ms (keyed= 0.000ms group_by=  0.001ms per_group= 0.002ms)
[pe] round=422 work=        3 frontier=       12 next=        3 consolidate=  0.003ms frontier=  0.000ms semisort=  0.004ms (keyed= 0.000ms group_by=  0.001ms per_group= 0.001ms)
[pe] round=423 work=        3 frontier=       12 next=        3 consolidate=  0.003ms frontier=  0.000ms semisort=  0.003ms (keyed= 0.000ms group_by=  0.000ms per_group= 0.001ms)
[pe] round=424 work=        3 frontier=        6 next=        3 consolidate=  0.003ms frontier=  0.000ms semisort=  0.002ms (keyed= 0.000ms group_by=  0.000ms per_group= 0.001ms)
[pe] round=425 work=        3 frontier=       30 next=        3 consolidate=  0.003ms frontier=  0.000ms semisort=  0.007ms (keyed= 0.000ms group_by=  0.002ms per_group= 0.002ms)
[pe] round=426 work=        3 frontier=       12 next=        3 consolidate=  0.004ms frontier=  0.000ms semisort=  0.005ms (keyed= 0.000ms group_by=  0.001ms per_group= 0.002ms)
[pe] round=427 work=        3 frontier=       12 next=        3 consolidate=  0.004ms frontier=  0.000ms semisort=  0.004ms (keyed= 0.000ms group_by=  0.000ms per_group= 0.002ms)
[pe] round=428 work=        3 frontier=        6 next=        3 consolidate=  0.004ms frontier=  0.000ms semisort=  0.003ms (keyed= 0.000ms group_by=  0.000ms per_group= 0.001ms)
[pe] round=429 work=        3 frontier=       31 next=        3 consolidate=  0.004ms frontier=  0.000ms semisort=  0.008ms (keyed= 0.000ms group_by=  0.002ms per_group= 0.003ms)
[pe] round=430 work=        3 frontier=        6 next=        2 consolidate=  0.003ms frontier=  0.000ms semisort=  0.003ms (keyed= 0.000ms group_by=  0.000ms per_group= 0.001ms)
[pe] round=431 work=        2 (tail-skip: all parents empty)
[pe] round=  0 work= 10460911 frontier=  5950187 next=    47386 consolidate=279.206ms frontier= 29.424ms semisort= 86.959ms (keyed=11.920ms group_by=  1.819ms per_group=28.010ms)
[pe] round=  1 work=    47386 frontier=   274132 next=    22307 consolidate=  4.214ms frontier=  0.285ms semisort=  4.237ms (keyed= 0.750ms group_by=  0.166ms per_group= 1.604ms)
[pe] round=  2 work=    22307 frontier=    94168 next=    11347 consolidate=  2.067ms frontier=  0.217ms semisort=  3.305ms (keyed= 0.056ms group_by=  1.610ms per_group= 0.711ms)
[pe] round=  3 work=    11347 frontier=    38990 next=     6320 consolidate=  1.167ms frontier=  0.218ms semisort=  1.578ms (keyed= 0.017ms group_by=  0.685ms per_group= 0.333ms)
[pe] round=  4 work=     6320 frontier=    18118 next=     3668 consolidate=  1.196ms frontier=  0.203ms semisort=  0.928ms (keyed= 0.015ms group_by=  0.347ms per_group= 0.180ms)
[pe] round=  5 work=     3668 frontier=    14200 next=     2998 consolidate=  0.674ms frontier=  0.103ms semisort=  0.750ms (keyed= 0.015ms group_by=  0.256ms per_group= 0.206ms)
[pe] round=  6 work=     2998 frontier=    14168 next=     2333 consolidate=  0.553ms frontier=  0.109ms semisort=  0.661ms (keyed= 0.015ms group_by=  0.287ms per_group= 0.151ms)
[pe] round=  7 work=     2333 frontier=    13358 next=     1381 consolidate=  0.466ms frontier=  0.085ms semisort=  0.592ms (keyed= 0.013ms group_by=  0.280ms per_group= 0.122ms)
[pe] round=  8 work=     1381 frontier=    14960 next=      914 consolidate=  0.309ms frontier=  0.068ms semisort=  0.569ms (keyed= 0.013ms group_by=  0.286ms per_group= 0.097ms)
[pe] round=  9 work=      914 frontier=     5537 next=      691 consolidate=  0.242ms frontier=  0.057ms semisort=  0.913ms (keyed= 0.010ms group_by=  0.664ms per_group= 0.130ms)
[pe] round= 10 work=      691 frontier=     9111 next=      460 consolidate=  0.252ms frontier=  0.059ms semisort=  0.964ms (keyed= 0.017ms group_by=  0.743ms per_group= 0.099ms)
[pe] round= 11 work=      460 frontier=     4999 next=      531 consolidate=  0.171ms frontier=  0.037ms semisort=  0.740ms (keyed= 0.011ms group_by=  0.519ms per_group= 0.094ms)
[pe] round= 12 work=      531 frontier=     4274 next=      372 consolidate=  0.177ms frontier=  0.036ms semisort=  0.713ms (keyed= 0.009ms group_by=  0.510ms per_group= 0.092ms)
[pe] round= 13 work=      372 frontier=     1790 next=      116 consolidate=  0.178ms frontier=  0.022ms semisort=  0.329ms (keyed= 0.005ms group_by=  0.183ms per_group= 0.058ms)
[pe] round= 14 work=      116 frontier=      268 next=       36 consolidate=  0.044ms frontier=  0.009ms semisort=  0.052ms (keyed= 0.001ms group_by=  0.014ms per_group= 0.018ms)
[pe] round= 15 work=       36 frontier=      116 next=       38 consolidate=  0.018ms frontier=  0.004ms semisort=  0.038ms (keyed= 0.001ms group_by=  0.008ms per_group= 0.013ms)
[pe] round= 16 work=       38 frontier=      182 next=       35 consolidate=  0.042ms frontier=  0.003ms semisort=  0.040ms (keyed= 0.001ms group_by=  0.010ms per_group= 0.013ms)
[pe] round= 17 work=       35 frontier=      122 next=       37 consolidate=  0.030ms frontier=  0.003ms semisort=  0.028ms (keyed= 0.000ms group_by=  0.006ms per_group= 0.013ms)
[pe] round= 18 work=       37 frontier=       80 next=       25 consolidate=  0.023ms frontier=  0.003ms semisort=  0.021ms (keyed= 0.000ms group_by=  0.004ms per_group= 0.010ms)
[pe] round= 19 work=       25 frontier=       76 next=       25 consolidate=  0.027ms frontier=  0.002ms semisort=  0.017ms (keyed= 0.000ms group_by=  0.002ms per_group= 0.009ms)
[pe] round= 20 work=       25 frontier=      138 next=       23 consolidate=  0.017ms frontier=  0.003ms semisort=  0.031ms (keyed= 0.001ms group_by=  0.007ms per_group= 0.011ms)
[pe] round= 21 work=       23 frontier=      102 next=       31 consolidate=  0.019ms frontier=  0.002ms semisort=  0.025ms (keyed= 0.000ms group_by=  0.003ms per_group= 0.013ms)
[pe] round= 22 work=       31 frontier=       76 next=       23 consolidate=  0.032ms frontier=  0.001ms semisort=  0.018ms (keyed= 0.000ms group_by=  0.003ms per_group= 0.009ms)
[pe] round= 23 work=       23 frontier=       68 next=       23 consolidate=  0.014ms frontier=  0.003ms semisort=  0.013ms (keyed= 0.000ms group_by=  0.002ms per_group= 0.007ms)
[pe] round= 24 work=       23 frontier=      134 next=       23 consolidate=  0.027ms frontier=  0.002ms semisort=  0.025ms (keyed= 0.000ms group_by=  0.005ms per_group= 0.011ms)
[pe] round= 25 work=       23 frontier=      102 next=       31 consolidate=  0.019ms frontier=  0.002ms semisort=  0.023ms (keyed= 0.000ms group_by=  0.004ms per_group= 0.011ms)
[pe] round= 26 work=       31 frontier=       76 next=       23 consolidate=  0.018ms frontier=  0.003ms semisort=  0.016ms (keyed= 0.000ms group_by=  0.003ms per_group= 0.007ms)
[pe] round= 27 work=       23 frontier=       68 next=       23 consolidate=  0.019ms frontier=  0.002ms semisort=  0.014ms (keyed= 0.000ms group_by=  0.002ms per_group= 0.006ms)
[pe] round= 28 work=       23 frontier=      134 next=       23 consolidate=  0.016ms frontier=  0.003ms semisort=  0.029ms (keyed= 0.001ms group_by=  0.007ms per_group= 0.011ms)
[pe] round= 29 work=       23 frontier=      102 next=       31 consolidate=  0.019ms frontier=  0.002ms semisort=  0.024ms (keyed= 0.000ms group_by=  0.004ms per_group= 0.010ms)
[pe] round= 30 work=       31 frontier=       76 next=       23 consolidate=  0.025ms frontier=  0.002ms semisort=  0.017ms (keyed= 0.000ms group_by=  0.003ms per_group= 0.007ms)
[pe] round= 31 work=       23 frontier=       68 next=       23 consolidate=  0.019ms frontier=  0.003ms semisort=  0.015ms (keyed= 0.000ms group_by=  0.002ms per_group= 0.008ms)
[pe] round= 32 work=       23 frontier=      134 next=       23 consolidate=  0.023ms frontier=  0.002ms semisort=  0.030ms (keyed= 0.001ms group_by=  0.007ms per_group= 0.012ms)
[pe] round= 33 work=       23 frontier=      102 next=       31 consolidate=  0.026ms frontier=  0.001ms semisort=  0.026ms (keyed= 0.000ms group_by=  0.004ms per_group= 0.013ms)
[pe] round= 34 work=       31 frontier=       76 next=       23 consolidate=  0.016ms frontier=  0.003ms semisort=  0.016ms (keyed= 0.000ms group_by=  0.003ms per_group= 0.007ms)
[pe] round= 35 work=       23 frontier=       68 next=       23 consolidate=  0.029ms frontier=  0.002ms semisort=  0.015ms (keyed= 0.000ms group_by=  0.002ms per_group= 0.007ms)
[pe] round= 36 work=       23 frontier=      134 next=       23 consolidate=  0.025ms frontier=  0.001ms semisort=  0.024ms (keyed= 0.000ms group_by=  0.005ms per_group= 0.009ms)
[pe] round= 37 work=       23 frontier=      102 next=       31 consolidate=  0.013ms frontier=  0.003ms semisort=  0.024ms (keyed= 0.000ms group_by=  0.004ms per_group= 0.011ms)
[pe] round= 38 work=       31 frontier=       76 next=       23 consolidate=  0.029ms frontier=  0.002ms semisort=  0.026ms (keyed= 0.001ms group_by=  0.005ms per_group= 0.010ms)
[pe] round= 39 work=       23 frontier=       68 next=       23 consolidate=  0.025ms frontier=  0.001ms semisort=  0.021ms (keyed= 0.000ms group_by=  0.003ms per_group= 0.012ms)
[pe] round= 40 work=       23 frontier=      134 next=       23 consolidate=  0.014ms frontier=  0.003ms semisort=  0.024ms (keyed= 0.000ms group_by=  0.005ms per_group= 0.009ms)
[pe] round= 41 work=       23 frontier=      102 next=       31 consolidate=  0.023ms frontier=  0.002ms semisort=  0.024ms (keyed= 0.000ms group_by=  0.004ms per_group= 0.011ms)
[pe] round= 42 work=       31 frontier=       76 next=       23 consolidate=  0.035ms frontier=  0.002ms semisort=  0.017ms (keyed= 0.000ms group_by=  0.003ms per_group= 0.007ms)
[pe] round= 43 work=       23 frontier=       68 next=       23 consolidate=  0.013ms frontier=  0.003ms semisort=  0.014ms (keyed= 0.000ms group_by=  0.002ms per_group= 0.007ms)
[pe] round= 44 work=       23 frontier=      134 next=       23 consolidate=  0.025ms frontier=  0.002ms semisort=  0.033ms (keyed= 0.001ms group_by=  0.008ms per_group= 0.012ms)
[pe] round= 45 work=       23 frontier=      102 next=       31 consolidate=  0.026ms frontier=  0.001ms semisort=  0.024ms (keyed= 0.000ms group_by=  0.004ms per_group= 0.010ms)
[pe] round= 46 work=       31 frontier=       76 next=       23 consolidate=  0.017ms frontier=  0.003ms semisort=  0.019ms (keyed= 0.000ms group_by=  0.004ms per_group= 0.008ms)
[pe] round= 47 work=       23 frontier=       68 next=       23 consolidate=  0.018ms frontier=  0.002ms semisort=  0.014ms (keyed= 0.000ms group_by=  0.003ms per_group= 0.007ms)
[pe] round= 48 work=       23 frontier=       22 next=       11 consolidate=  0.014ms frontier=  0.003ms semisort=  0.007ms (keyed= 0.000ms group_by=  0.001ms per_group= 0.004ms)
[pe] round= 49 work=       11 frontier=       62 next=       11 consolidate=  0.014ms frontier=  0.001ms semisort=  0.015ms (keyed= 0.000ms group_by=  0.002ms per_group= 0.006ms)
[pe] round= 50 work=       11 frontier=       28 next=       11 consolidate=  0.012ms frontier=  0.001ms semisort=  0.009ms (keyed= 0.000ms group_by=  0.001ms per_group= 0.004ms)
[pe] round= 51 work=       11 frontier=       44 next=       11 consolidate=  0.010ms frontier=  0.002ms semisort=  0.010ms (keyed= 0.000ms group_by=  0.002ms per_group= 0.004ms)
[pe] round= 52 work=       11 frontier=       22 next=       11 consolidate=  0.012ms frontier=  0.001ms semisort=  0.007ms (keyed= 0.000ms group_by=  0.001ms per_group= 0.003ms)
[pe] round= 53 work=       11 frontier=       62 next=       11 consolidate=  0.010ms frontier=  0.002ms semisort=  0.014ms (keyed= 0.000ms group_by=  0.003ms per_group= 0.005ms)
[pe] round= 54 work=       11 frontier=       28 next=       11 consolidate=  0.009ms frontier=  0.002ms semisort=  0.008ms (keyed= 0.000ms group_by=  0.001ms per_group= 0.004ms)
[pe] round= 55 work=       11 frontier=       44 next=       11 consolidate=  0.014ms frontier=  0.001ms semisort=  0.009ms (keyed= 0.000ms group_by=  0.001ms per_group= 0.004ms)
[pe] round= 56 work=       11 frontier=       22 next=       11 consolidate=  0.009ms frontier=  0.002ms semisort=  0.006ms (keyed= 0.000ms group_by=  0.001ms per_group= 0.003ms)
[pe] round= 57 work=       11 frontier=       62 next=       11 consolidate=  0.013ms frontier=  0.001ms semisort=  0.013ms (keyed= 0.000ms group_by=  0.002ms per_group= 0.005ms)
[pe] round= 58 work=       11 frontier=       28 next=       11 consolidate=  0.011ms frontier=  0.001ms semisort=  0.009ms (keyed= 0.000ms group_by=  0.001ms per_group= 0.004ms)
[pe] round= 59 work=       11 frontier=       44 next=       11 consolidate=  0.009ms frontier=  0.002ms semisort=  0.009ms (keyed= 0.000ms group_by=  0.001ms per_group= 0.003ms)
[pe] round= 60 work=       11 frontier=       22 next=       11 consolidate=  0.011ms frontier=  0.001ms semisort=  0.007ms (keyed= 0.000ms group_by=  0.001ms per_group= 0.003ms)
[pe] round= 61 work=       11 frontier=       62 next=       11 consolidate=  0.012ms frontier=  0.001ms semisort=  0.012ms (keyed= 0.000ms group_by=  0.002ms per_group= 0.004ms)
[pe] round= 62 work=       11 frontier=       28 next=       11 consolidate=  0.013ms frontier=  0.001ms semisort=  0.009ms (keyed= 0.000ms group_by=  0.001ms per_group= 0.004ms)
[pe] round= 63 work=       11 frontier=       44 next=       11 consolidate=  0.012ms frontier=  0.002ms semisort=  0.020ms (keyed= 0.001ms group_by=  0.003ms per_group= 0.006ms)
[pe] round= 64 work=       11 frontier=       22 next=       11 consolidate=  0.013ms frontier=  0.001ms semisort=  0.007ms (keyed= 0.000ms group_by=  0.001ms per_group= 0.004ms)
[pe] round= 65 work=       11 frontier=       62 next=       11 consolidate=  0.012ms frontier=  0.001ms semisort=  0.013ms (keyed= 0.000ms group_by=  0.003ms per_group= 0.004ms)
[pe] round= 66 work=       11 frontier=       28 next=       11 consolidate=  0.008ms frontier=  0.002ms semisort=  0.008ms (keyed= 0.000ms group_by=  0.001ms per_group= 0.003ms)
[pe] round= 67 work=       11 frontier=       44 next=       11 consolidate=  0.011ms frontier=  0.001ms semisort=  0.008ms (keyed= 0.000ms group_by=  0.001ms per_group= 0.003ms)
[pe] round= 68 work=       11 frontier=       22 next=       11 consolidate=  0.011ms frontier=  0.001ms semisort=  0.006ms (keyed= 0.000ms group_by=  0.001ms per_group= 0.003ms)
[pe] round= 69 work=       11 frontier=       62 next=       11 consolidate=  0.011ms frontier=  0.002ms semisort=  0.012ms (keyed= 0.000ms group_by=  0.002ms per_group= 0.004ms)
[pe] round= 70 work=       11 frontier=       28 next=       11 consolidate=  0.009ms frontier=  0.002ms semisort=  0.011ms (keyed= 0.000ms group_by=  0.001ms per_group= 0.006ms)
[pe] round= 71 work=       11 frontier=       44 next=       11 consolidate=  0.013ms frontier=  0.001ms semisort=  0.009ms (keyed= 0.000ms group_by=  0.001ms per_group= 0.004ms)
[pe] round= 72 work=       11 frontier=       22 next=       11 consolidate=  0.010ms frontier=  0.002ms semisort=  0.007ms (keyed= 0.000ms group_by=  0.001ms per_group= 0.003ms)
[pe] round= 73 work=       11 frontier=       62 next=       11 consolidate=  0.010ms frontier=  0.002ms semisort=  0.013ms (keyed= 0.000ms group_by=  0.002ms per_group= 0.005ms)
[pe] round= 74 work=       11 frontier=       28 next=       11 consolidate=  0.011ms frontier=  0.001ms semisort=  0.008ms (keyed= 0.000ms group_by=  0.001ms per_group= 0.003ms)
[pe] round= 75 work=       11 frontier=       44 next=       11 consolidate=  0.010ms frontier=  0.002ms semisort=  0.009ms (keyed= 0.000ms group_by=  0.001ms per_group= 0.003ms)
[pe] round= 76 work=       11 frontier=       22 next=       11 consolidate=  0.013ms frontier=  0.001ms semisort=  0.007ms (keyed= 0.000ms group_by=  0.001ms per_group= 0.004ms)
[pe] round= 77 work=       11 frontier=       62 next=       11 consolidate=  0.013ms frontier=  0.001ms semisort=  0.012ms (keyed= 0.000ms group_by=  0.002ms per_group= 0.004ms)
[pe] round= 78 work=       11 frontier=       28 next=       11 consolidate=  0.011ms frontier=  0.002ms semisort=  0.009ms (keyed= 0.000ms group_by=  0.002ms per_group= 0.004ms)
[pe] round= 79 work=       11 frontier=       44 next=       11 consolidate=  0.011ms frontier=  0.002ms semisort=  0.008ms (keyed= 0.000ms group_by=  0.002ms per_group= 0.003ms)
[pe] round= 80 work=       11 frontier=       22 next=       11 consolidate=  0.012ms frontier=  0.001ms semisort=  0.007ms (keyed= 0.000ms group_by=  0.001ms per_group= 0.003ms)
[pe] round= 81 work=       11 frontier=       62 next=       11 consolidate=  0.013ms frontier=  0.001ms semisort=  0.013ms (keyed= 0.000ms group_by=  0.002ms per_group= 0.005ms)
[pe] round= 82 work=       11 frontier=       28 next=       11 consolidate=  0.011ms frontier=  0.001ms semisort=  0.011ms (keyed= 0.000ms group_by=  0.002ms per_group= 0.006ms)
[pe] round= 83 work=       11 frontier=       44 next=       11 consolidate=  0.013ms frontier=  0.001ms semisort=  0.009ms (keyed= 0.000ms group_by=  0.001ms per_group= 0.004ms)
[pe] round= 84 work=       11 frontier=       22 next=       11 consolidate=  0.010ms frontier=  0.002ms semisort=  0.007ms (keyed= 0.000ms group_by=  0.001ms per_group= 0.003ms)
[pe] round= 85 work=       11 frontier=       62 next=       11 consolidate=  0.014ms frontier=  0.001ms semisort=  0.013ms (keyed= 0.000ms group_by=  0.002ms per_group= 0.005ms)
[pe] round= 86 work=       11 frontier=       28 next=       11 consolidate=  0.011ms frontier=  0.001ms semisort=  0.008ms (keyed= 0.000ms group_by=  0.002ms per_group= 0.004ms)
[pe] round= 87 work=       11 frontier=       44 next=       11 consolidate=  0.010ms frontier=  0.002ms semisort=  0.009ms (keyed= 0.000ms group_by=  0.001ms per_group= 0.003ms)
[pe] round= 88 work=       11 frontier=       22 next=       11 consolidate=  0.012ms frontier=  0.001ms semisort=  0.006ms (keyed= 0.000ms group_by=  0.001ms per_group= 0.003ms)
[pe] round= 89 work=       11 frontier=       62 next=       11 consolidate=  0.010ms frontier=  0.001ms semisort=  0.012ms (keyed= 0.000ms group_by=  0.002ms per_group= 0.005ms)
[pe] round= 90 work=       11 frontier=       28 next=       11 consolidate=  0.012ms frontier=  0.001ms semisort=  0.008ms (keyed= 0.000ms group_by=  0.001ms per_group= 0.004ms)
[pe] round= 91 work=       11 frontier=       44 next=       11 consolidate=  0.014ms frontier=  0.001ms semisort=  0.008ms (keyed= 0.000ms group_by=  0.001ms per_group= 0.003ms)
[pe] round= 92 work=       11 frontier=       22 next=       11 consolidate=  0.010ms frontier=  0.001ms semisort=  0.007ms (keyed= 0.000ms group_by=  0.001ms per_group= 0.004ms)
[pe] round= 93 work=       11 frontier=       62 next=       11 consolidate=  0.013ms frontier=  0.002ms semisort=  0.013ms (keyed= 0.000ms group_by=  0.002ms per_group= 0.004ms)
[pe] round= 94 work=       11 frontier=       28 next=       11 consolidate=  0.010ms frontier=  0.002ms semisort=  0.008ms (keyed= 0.000ms group_by=  0.001ms per_group= 0.004ms)
[pe] round= 95 work=       11 frontier=       44 next=       11 consolidate=  0.011ms frontier=  0.001ms semisort=  0.009ms (keyed= 0.000ms group_by=  0.001ms per_group= 0.004ms)
[pe] round= 96 work=       11 frontier=       22 next=       11 consolidate=  0.010ms frontier=  0.002ms semisort=  0.007ms (keyed= 0.000ms group_by=  0.001ms per_group= 0.003ms)
[pe] round= 97 work=       11 frontier=       62 next=       11 consolidate=  0.015ms frontier=  0.001ms semisort=  0.013ms (keyed= 0.000ms group_by=  0.002ms per_group= 0.005ms)
[pe] round= 98 work=       11 frontier=       28 next=       11 consolidate=  0.011ms frontier=  0.001ms semisort=  0.008ms (keyed= 0.000ms group_by=  0.002ms per_group= 0.004ms)
[pe] round= 99 work=       11 frontier=       44 next=       11 consolidate=  0.010ms frontier=  0.002ms semisort=  0.008ms (keyed= 0.000ms group_by=  0.001ms per_group= 0.003ms)
[pe] round=100 work=       11 frontier=       22 next=       11 consolidate=  0.012ms frontier=  0.001ms semisort=  0.007ms (keyed= 0.000ms group_by=  0.001ms per_group= 0.004ms)
[pe] round=101 work=       11 frontier=       62 next=       11 consolidate=  0.012ms frontier=  0.001ms semisort=  0.012ms (keyed= 0.000ms group_by=  0.002ms per_group= 0.004ms)
[pe] round=102 work=       11 frontier=       28 next=       11 consolidate=  0.010ms frontier=  0.002ms semisort=  0.011ms (keyed= 0.000ms group_by=  0.002ms per_group= 0.006ms)
[pe] round=103 work=       11 frontier=       44 next=       11 consolidate=  0.012ms frontier=  0.002ms semisort=  0.008ms (keyed= 0.000ms group_by=  0.002ms per_group= 0.004ms)
[pe] round=104 work=       11 frontier=       22 next=       11 consolidate=  0.014ms frontier=  0.001ms semisort=  0.011ms (keyed= 0.000ms group_by=  0.001ms per_group= 0.003ms)
[pe] round=105 work=       11 frontier=       62 next=       11 consolidate=  0.009ms frontier=  0.002ms semisort=  0.013ms (keyed= 0.000ms group_by=  0.002ms per_group= 0.006ms)
[pe] round=106 work=       11 frontier=       28 next=       11 consolidate=  0.012ms frontier=  0.001ms semisort=  0.008ms (keyed= 0.000ms group_by=  0.001ms per_group= 0.004ms)
[pe] round=107 work=       11 frontier=       44 next=       11 consolidate=  0.013ms frontier=  0.001ms semisort=  0.008ms (keyed= 0.000ms group_by=  0.001ms per_group= 0.003ms)
[pe] round=108 work=       11 frontier=       22 next=       11 consolidate=  0.010ms frontier=  0.002ms semisort=  0.007ms (keyed= 0.000ms group_by=  0.001ms per_group= 0.003ms)
[pe] round=109 work=       11 frontier=       62 next=       11 consolidate=  0.013ms frontier=  0.001ms semisort=  0.012ms (keyed= 0.000ms group_by=  0.002ms per_group= 0.004ms)
[pe] round=110 work=       11 frontier=       28 next=       11 consolidate=  0.010ms frontier=  0.001ms semisort=  0.009ms (keyed= 0.000ms group_by=  0.002ms per_group= 0.004ms)
[pe] round=111 work=       11 frontier=       44 next=       11 consolidate=  0.011ms frontier=  0.002ms semisort=  0.008ms (keyed= 0.000ms group_by=  0.001ms per_group= 0.003ms)
[pe] round=112 work=       11 frontier=       22 next=       11 consolidate=  0.012ms frontier=  0.001ms semisort=  0.007ms (keyed= 0.000ms group_by=  0.001ms per_group= 0.003ms)
[pe] round=113 work=       11 frontier=       62 next=       11 consolidate=  0.013ms frontier=  0.001ms semisort=  0.013ms (keyed= 0.000ms group_by=  0.002ms per_group= 0.005ms)
[pe] round=114 work=       11 frontier=       28 next=       11 consolidate=  0.011ms frontier=  0.002ms semisort=  0.009ms (keyed= 0.000ms group_by=  0.002ms per_group= 0.004ms)
[pe] round=115 work=       11 frontier=       44 next=       11 consolidate=  0.012ms frontier=  0.001ms semisort=  0.009ms (keyed= 0.000ms group_by=  0.001ms per_group= 0.004ms)
[pe] round=116 work=       11 frontier=       22 next=       11 consolidate=  0.012ms frontier=  0.001ms semisort=  0.007ms (keyed= 0.000ms group_by=  0.001ms per_group= 0.004ms)
[pe] round=117 work=       11 frontier=       62 next=       11 consolidate=  0.013ms frontier=  0.001ms semisort=  0.012ms (keyed= 0.000ms group_by=  0.002ms per_group= 0.004ms)
[pe] round=118 work=       11 frontier=       28 next=       11 consolidate=  0.010ms frontier=  0.001ms semisort=  0.008ms (keyed= 0.000ms group_by=  0.001ms per_group= 0.004ms)
[pe] round=119 work=       11 frontier=       44 next=       11 consolidate=  0.014ms frontier=  0.001ms semisort=  0.008ms (keyed= 0.000ms group_by=  0.001ms per_group= 0.003ms)
[pe] round=120 work=       11 frontier=       22 next=       11 consolidate=  0.009ms frontier=  0.001ms semisort=  0.006ms (keyed= 0.000ms group_by=  0.001ms per_group= 0.003ms)
[pe] round=121 work=       11 frontier=       62 next=       11 consolidate=  0.012ms frontier=  0.001ms semisort=  0.012ms (keyed= 0.000ms group_by=  0.002ms per_group= 0.004ms)
[pe] round=122 work=       11 frontier=       28 next=       11 consolidate=  0.011ms frontier=  0.001ms semisort=  0.009ms (keyed= 0.000ms group_by=  0.002ms per_group= 0.004ms)
[pe] round=123 work=       11 frontier=       44 next=       11 consolidate=  0.011ms frontier=  0.001ms semisort=  0.008ms (keyed= 0.000ms group_by=  0.001ms per_group= 0.003ms)
[pe] round=124 work=       11 frontier=       22 next=       11 consolidate=  0.011ms frontier=  0.001ms semisort=  0.007ms (keyed= 0.000ms group_by=  0.001ms per_group= 0.004ms)
[pe] round=125 work=       11 frontier=       62 next=       11 consolidate=  0.012ms frontier=  0.001ms semisort=  0.014ms (keyed= 0.000ms group_by=  0.002ms per_group= 0.006ms)
[pe] round=126 work=       11 frontier=       28 next=       11 consolidate=  0.010ms frontier=  0.001ms semisort=  0.008ms (keyed= 0.000ms group_by=  0.002ms per_group= 0.004ms)
[pe] round=127 work=       11 frontier=       44 next=       11 consolidate=  0.012ms frontier=  0.001ms semisort=  0.009ms (keyed= 0.000ms group_by=  0.001ms per_group= 0.003ms)
[pe] round=128 work=       11 frontier=       22 next=       11 consolidate=  0.010ms frontier=  0.001ms semisort=  0.007ms (keyed= 0.000ms group_by=  0.001ms per_group= 0.003ms)
[pe] round=129 work=       11 frontier=       62 next=       11 consolidate=  0.009ms frontier=  0.001ms semisort=  0.013ms (keyed= 0.000ms group_by=  0.003ms per_group= 0.005ms)
[pe] round=130 work=       11 frontier=       28 next=       11 consolidate=  0.009ms frontier=  0.001ms semisort=  0.011ms (keyed= 0.000ms group_by=  0.002ms per_group= 0.005ms)
[pe] round=131 work=       11 frontier=       44 next=       11 consolidate=  0.012ms frontier=  0.001ms semisort=  0.008ms (keyed= 0.000ms group_by=  0.002ms per_group= 0.003ms)
[pe] round=132 work=       11 frontier=       22 next=       11 consolidate=  0.012ms frontier=  0.001ms semisort=  0.007ms (keyed= 0.000ms group_by=  0.001ms per_group= 0.004ms)
[pe] round=133 work=       11 frontier=       62 next=       11 consolidate=  0.008ms frontier=  0.002ms semisort=  0.013ms (keyed= 0.000ms group_by=  0.002ms per_group= 0.005ms)
[pe] round=134 work=       11 frontier=       28 next=       11 consolidate=  0.010ms frontier=  0.001ms semisort=  0.008ms (keyed= 0.000ms group_by=  0.001ms per_group= 0.003ms)
[pe] round=135 work=       11 frontier=       44 next=       11 consolidate=  0.016ms frontier=  0.001ms semisort=  0.009ms (keyed= 0.000ms group_by=  0.001ms per_group= 0.004ms)
[pe] round=136 work=       11 frontier=       22 next=       11 consolidate=  0.009ms frontier=  0.002ms semisort=  0.007ms (keyed= 0.000ms group_by=  0.001ms per_group= 0.003ms)
[pe] round=137 work=       11 frontier=       62 next=       11 consolidate=  0.013ms frontier=  0.001ms semisort=  0.013ms (keyed= 0.000ms group_by=  0.002ms per_group= 0.005ms)
[pe] round=138 work=       11 frontier=       28 next=       11 consolidate=  0.012ms frontier=  0.001ms semisort=  0.008ms (keyed= 0.000ms group_by=  0.002ms per_group= 0.004ms)
[pe] round=139 work=       11 frontier=       44 next=       11 consolidate=  0.010ms frontier=  0.002ms semisort=  0.008ms (keyed= 0.000ms group_by=  0.001ms per_group= 0.003ms)
[pe] round=140 work=       11 frontier=       22 next=       11 consolidate=  0.011ms frontier=  0.001ms semisort=  0.007ms (keyed= 0.000ms group_by=  0.001ms per_group= 0.003ms)
[pe] round=141 work=       11 frontier=       62 next=       11 consolidate=  0.013ms frontier=  0.001ms semisort=  0.012ms (keyed= 0.000ms group_by=  0.002ms per_group= 0.004ms)
[pe] round=142 work=       11 frontier=       28 next=       11 consolidate=  0.010ms frontier=  0.002ms semisort=  0.009ms (keyed= 0.000ms group_by=  0.002ms per_group= 0.004ms)
[pe] round=143 work=       11 frontier=       44 next=       11 consolidate=  0.014ms frontier=  0.001ms semisort=  0.008ms (keyed= 0.000ms group_by=  0.001ms per_group= 0.003ms)
[pe] round=144 work=       11 frontier=       22 next=       11 consolidate=  0.012ms frontier=  0.001ms semisort=  0.006ms (keyed= 0.000ms group_by=  0.001ms per_group= 0.003ms)
[pe] round=145 work=       11 frontier=       62 next=       11 consolidate=  0.012ms frontier=  0.002ms semisort=  0.013ms (keyed= 0.000ms group_by=  0.002ms per_group= 0.005ms)
[pe] round=146 work=       11 frontier=       28 next=       11 consolidate=  0.011ms frontier=  0.001ms semisort=  0.018ms (keyed= 0.000ms group_by=  0.002ms per_group= 0.006ms)
[pe] round=147 work=       11 frontier=       44 next=       11 consolidate=  0.012ms frontier=  0.001ms semisort=  0.009ms (keyed= 0.000ms group_by=  0.001ms per_group= 0.004ms)
[pe] round=148 work=       11 frontier=       22 next=       11 consolidate=  0.011ms frontier=  0.001ms semisort=  0.007ms (keyed= 0.000ms group_by=  0.001ms per_group= 0.004ms)
[pe] round=149 work=       11 frontier=       62 next=       11 consolidate=  0.013ms frontier=  0.001ms semisort=  0.012ms (keyed= 0.000ms group_by=  0.002ms per_group= 0.004ms)
[pe] round=150 work=       11 frontier=       28 next=       11 consolidate=  0.010ms frontier=  0.001ms semisort=  0.009ms (keyed= 0.000ms group_by=  0.002ms per_group= 0.003ms)
[pe] round=151 work=       11 frontier=       44 next=       11 consolidate=  0.013ms frontier=  0.001ms semisort=  0.008ms (keyed= 0.000ms group_by=  0.001ms per_group= 0.004ms)
[pe] round=152 work=       11 frontier=       22 next=       11 consolidate=  0.011ms frontier=  0.001ms semisort=  0.006ms (keyed= 0.000ms group_by=  0.001ms per_group= 0.003ms)
[pe] round=153 work=       11 frontier=       62 next=       11 consolidate=  0.010ms frontier=  0.002ms semisort=  0.014ms (keyed= 0.000ms group_by=  0.002ms per_group= 0.005ms)
[pe] round=154 work=       11 frontier=       28 next=       11 consolidate=  0.012ms frontier=  0.001ms semisort=  0.009ms (keyed= 0.000ms group_by=  0.001ms per_group= 0.004ms)
[pe] round=155 work=       11 frontier=       44 next=       11 consolidate=  0.012ms frontier=  0.001ms semisort=  0.008ms (keyed= 0.000ms group_by=  0.001ms per_group= 0.003ms)
[pe] round=156 work=       11 frontier=       22 next=       11 consolidate=  0.009ms frontier=  0.002ms semisort=  0.007ms (keyed= 0.000ms group_by=  0.001ms per_group= 0.003ms)
[pe] round=157 work=       11 frontier=       62 next=       11 consolidate=  0.014ms frontier=  0.001ms semisort=  0.013ms (keyed= 0.000ms group_by=  0.003ms per_group= 0.004ms)
[pe] round=158 work=       11 frontier=       28 next=       11 consolidate=  0.011ms frontier=  0.001ms semisort=  0.009ms (keyed= 0.000ms group_by=  0.002ms per_group= 0.004ms)
[pe] round=159 work=       11 frontier=       44 next=       11 consolidate=  0.010ms frontier=  0.002ms semisort=  0.009ms (keyed= 0.000ms group_by=  0.001ms per_group= 0.004ms)
[pe] round=160 work=       11 frontier=       22 next=       11 consolidate=  0.011ms frontier=  0.001ms semisort=  0.006ms (keyed= 0.000ms group_by=  0.001ms per_group= 0.003ms)
[pe] round=161 work=       11 frontier=       62 next=       11 consolidate=  0.014ms frontier=  0.001ms semisort=  0.013ms (keyed= 0.000ms group_by=  0.002ms per_group= 0.004ms)
[pe] round=162 work=       11 frontier=       28 next=       11 consolidate=  0.008ms frontier=  0.002ms semisort=  0.009ms (keyed= 0.000ms group_by=  0.002ms per_group= 0.004ms)
[pe] round=163 work=       11 frontier=       44 next=       11 consolidate=  0.012ms frontier=  0.001ms semisort=  0.010ms (keyed= 0.000ms group_by=  0.003ms per_group= 0.003ms)
[pe] round=164 work=       11 frontier=       22 next=       11 consolidate=  0.012ms frontier=  0.001ms semisort=  0.007ms (keyed= 0.000ms group_by=  0.001ms per_group= 0.004ms)
[pe] round=165 work=       11 frontier=       62 next=       11 consolidate=  0.014ms frontier=  0.001ms semisort=  0.013ms (keyed= 0.000ms group_by=  0.002ms per_group= 0.005ms)
[pe] round=166 work=       11 frontier=       28 next=       11 consolidate=  0.011ms frontier=  0.001ms semisort=  0.008ms (keyed= 0.000ms group_by=  0.002ms per_group= 0.003ms)
[pe] round=167 work=       11 frontier=       44 next=       11 consolidate=  0.014ms frontier=  0.001ms semisort=  0.009ms (keyed= 0.000ms group_by=  0.001ms per_group= 0.004ms)
[pe] round=168 work=       11 frontier=       22 next=       11 consolidate=  0.009ms frontier=  0.002ms semisort=  0.007ms (keyed= 0.000ms group_by=  0.001ms per_group= 0.003ms)
[pe] round=169 work=       11 frontier=       62 next=       11 consolidate=  0.013ms frontier=  0.001ms semisort=  0.014ms (keyed= 0.000ms group_by=  0.003ms per_group= 0.004ms)
[pe] round=170 work=       11 frontier=       28 next=       11 consolidate=  0.012ms frontier=  0.001ms semisort=  0.008ms (keyed= 0.000ms group_by=  0.002ms per_group= 0.004ms)
[pe] round=171 work=       11 frontier=       44 next=       11 consolidate=  0.008ms frontier=  0.002ms semisort=  0.009ms (keyed= 0.000ms group_by=  0.001ms per_group= 0.004ms)
[pe] round=172 work=       11 frontier=       22 next=       11 consolidate=  0.012ms frontier=  0.001ms semisort=  0.007ms (keyed= 0.000ms group_by=  0.001ms per_group= 0.003ms)
[pe] round=173 work=       11 frontier=       62 next=       11 consolidate=  0.014ms frontier=  0.001ms semisort=  0.013ms (keyed= 0.000ms group_by=  0.002ms per_group= 0.004ms)
[pe] round=174 work=       11 frontier=       28 next=       11 consolidate=  0.010ms frontier=  0.002ms semisort=  0.009ms (keyed= 0.000ms group_by=  0.002ms per_group= 0.004ms)
[pe] round=175 work=       11 frontier=       44 next=       11 consolidate=  0.014ms frontier=  0.001ms semisort=  0.009ms (keyed= 0.000ms group_by=  0.001ms per_group= 0.003ms)
[pe] round=176 work=       11 frontier=       22 next=       11 consolidate=  0.011ms frontier=  0.001ms semisort=  0.006ms (keyed= 0.000ms group_by=  0.001ms per_group= 0.003ms)
[pe] round=177 work=       11 frontier=       62 next=       11 consolidate=  0.011ms frontier=  0.002ms semisort=  0.014ms (keyed= 0.000ms group_by=  0.003ms per_group= 0.005ms)
[pe] round=178 work=       11 frontier=       28 next=       11 consolidate=  0.011ms frontier=  0.001ms semisort=  0.008ms (keyed= 0.000ms group_by=  0.001ms per_group= 0.004ms)
[pe] round=179 work=       11 frontier=       44 next=       11 consolidate=  0.012ms frontier=  0.001ms semisort=  0.009ms (keyed= 0.000ms group_by=  0.001ms per_group= 0.004ms)
[pe] round=180 work=       11 frontier=       22 next=       11 consolidate=  0.009ms frontier=  0.002ms semisort=  0.007ms (keyed= 0.000ms group_by=  0.001ms per_group= 0.004ms)
[pe] round=181 work=       11 frontier=       62 next=       11 consolidate=  0.012ms frontier=  0.001ms semisort=  0.012ms (keyed= 0.000ms group_by=  0.002ms per_group= 0.005ms)
[pe] round=182 work=       11 frontier=       28 next=       11 consolidate=  0.011ms frontier=  0.001ms semisort=  0.008ms (keyed= 0.000ms group_by=  0.001ms per_group= 0.004ms)
[pe] round=183 work=       11 frontier=       44 next=       11 consolidate=  0.010ms frontier=  0.002ms semisort=  0.008ms (keyed= 0.000ms group_by=  0.001ms per_group= 0.004ms)
[pe] round=184 work=       11 frontier=       22 next=       11 consolidate=  0.012ms frontier=  0.001ms semisort=  0.007ms (keyed= 0.000ms group_by=  0.001ms per_group= 0.003ms)
[pe] round=185 work=       11 frontier=       62 next=       11 consolidate=  0.013ms frontier=  0.001ms semisort=  0.012ms (keyed= 0.000ms group_by=  0.002ms per_group= 0.005ms)
[pe] round=186 work=       11 frontier=       28 next=       11 consolidate=  0.009ms frontier=  0.002ms semisort=  0.008ms (keyed= 0.000ms group_by=  0.002ms per_group= 0.004ms)
[pe] round=187 work=       11 frontier=       44 next=       11 consolidate=  0.011ms frontier=  0.001ms semisort=  0.012ms (keyed= 0.000ms group_by=  0.001ms per_group= 0.007ms)
[pe] round=188 work=       11 frontier=       22 next=       11 consolidate=  0.010ms frontier=  0.002ms semisort=  0.007ms (keyed= 0.000ms group_by=  0.001ms per_group= 0.004ms)
[pe] round=189 work=       11 frontier=       62 next=       11 consolidate=  0.013ms frontier=  0.001ms semisort=  0.012ms (keyed= 0.000ms group_by=  0.002ms per_group= 0.004ms)
[pe] round=190 work=       11 frontier=       28 next=       11 consolidate=  0.011ms frontier=  0.001ms semisort=  0.009ms (keyed= 0.000ms group_by=  0.002ms per_group= 0.004ms)
[pe] round=191 work=       11 frontier=       44 next=       11 consolidate=  0.010ms frontier=  0.002ms semisort=  0.009ms (keyed= 0.000ms group_by=  0.001ms per_group= 0.004ms)
[pe] round=192 work=       11 frontier=       22 next=       11 consolidate=  0.011ms frontier=  0.001ms semisort=  0.007ms (keyed= 0.000ms group_by=  0.001ms per_group= 0.003ms)
[pe] round=193 work=       11 frontier=       62 next=       11 consolidate=  0.013ms frontier=  0.001ms semisort=  0.013ms (keyed= 0.000ms group_by=  0.002ms per_group= 0.005ms)
[pe] round=194 work=       11 frontier=       28 next=       11 consolidate=  0.009ms frontier=  0.002ms semisort=  0.009ms (keyed= 0.000ms group_by=  0.002ms per_group= 0.004ms)
[pe] round=195 work=       11 frontier=       44 next=       11 consolidate=  0.012ms frontier=  0.001ms semisort=  0.008ms (keyed= 0.000ms group_by=  0.001ms per_group= 0.003ms)
[pe] round=196 work=       11 frontier=       22 next=       11 consolidate=  0.012ms frontier=  0.001ms semisort=  0.007ms (keyed= 0.000ms group_by=  0.001ms per_group= 0.003ms)
[pe] round=197 work=       11 frontier=       62 next=       11 consolidate=  0.011ms frontier=  0.002ms semisort=  0.014ms (keyed= 0.000ms group_by=  0.003ms per_group= 0.005ms)
[pe] round=198 work=       11 frontier=       28 next=       11 consolidate=  0.011ms frontier=  0.001ms semisort=  0.008ms (keyed= 0.000ms group_by=  0.002ms per_group= 0.003ms)
[pe] round=199 work=       11 frontier=       44 next=       11 consolidate=  0.012ms frontier=  0.001ms semisort=  0.008ms (keyed= 0.000ms group_by=  0.001ms per_group= 0.004ms)
[pe] round=200 work=       11 frontier=       22 next=       11 consolidate=  0.010ms frontier=  0.002ms semisort=  0.007ms (keyed= 0.000ms group_by=  0.001ms per_group= 0.004ms)
[pe] round=201 work=       11 frontier=       62 next=       11 consolidate=  0.013ms frontier=  0.001ms semisort=  0.013ms (keyed= 0.000ms group_by=  0.002ms per_group= 0.005ms)
[pe] round=202 work=       11 frontier=       28 next=       11 consolidate=  0.011ms frontier=  0.001ms semisort=  0.008ms (keyed= 0.000ms group_by=  0.002ms per_group= 0.003ms)
[pe] round=203 work=       11 frontier=       44 next=       11 consolidate=  0.010ms frontier=  0.002ms semisort=  0.008ms (keyed= 0.000ms group_by=  0.001ms per_group= 0.003ms)
[pe] round=204 work=       11 frontier=       22 next=       11 consolidate=  0.012ms frontier=  0.001ms semisort=  0.007ms (keyed= 0.000ms group_by=  0.001ms per_group= 0.003ms)
[pe] round=205 work=       11 frontier=       62 next=       11 consolidate=  0.012ms frontier=  0.001ms semisort=  0.013ms (keyed= 0.000ms group_by=  0.002ms per_group= 0.004ms)
[pe] round=206 work=       11 frontier=       28 next=       11 consolidate=  0.008ms frontier=  0.002ms semisort=  0.009ms (keyed= 0.000ms group_by=  0.002ms per_group= 0.004ms)
[pe] round=207 work=       11 frontier=       44 next=       11 consolidate=  0.012ms frontier=  0.001ms semisort=  0.008ms (keyed= 0.000ms group_by=  0.001ms per_group= 0.003ms)
[pe] round=208 work=       11 frontier=       22 next=       11 consolidate=  0.012ms frontier=  0.001ms semisort=  0.006ms (keyed= 0.000ms group_by=  0.001ms per_group= 0.003ms)
[pe] round=209 work=       11 frontier=       70 next=       11 consolidate=  0.009ms frontier=  0.002ms semisort=  0.020ms (keyed= 0.001ms group_by=  0.004ms per_group= 0.006ms)
[pe] round=210 work=       11 frontier=       28 next=        7 consolidate=  0.013ms frontier=  0.001ms semisort=  0.008ms (keyed= 0.000ms group_by=  0.001ms per_group= 0.003ms)
[pe] round=211 work=        7 frontier=       28 next=        7 consolidate=  0.008ms frontier=  0.001ms semisort=  0.007ms (keyed= 0.000ms group_by=  0.001ms per_group= 0.003ms)
[pe] round=212 work=        7 frontier=       14 next=        7 consolidate=  0.008ms frontier=  0.001ms semisort=  0.005ms (keyed= 0.000ms group_by=  0.001ms per_group= 0.003ms)
[pe] round=213 work=        7 frontier=       46 next=        7 consolidate=  0.008ms frontier=  0.001ms semisort=  0.010ms (keyed= 0.000ms group_by=  0.002ms per_group= 0.003ms)
[pe] round=214 work=        7 frontier=       20 next=        7 consolidate=  0.007ms frontier=  0.001ms semisort=  0.007ms (keyed= 0.000ms group_by=  0.001ms per_group= 0.003ms)
[pe] round=215 work=        7 frontier=       28 next=        7 consolidate=  0.008ms frontier=  0.001ms semisort=  0.006ms (keyed= 0.000ms group_by=  0.001ms per_group= 0.002ms)
[pe] round=216 work=        7 frontier=       14 next=        7 consolidate=  0.007ms frontier=  0.001ms semisort=  0.005ms (keyed= 0.000ms group_by=  0.001ms per_group= 0.003ms)
[pe] round=217 work=        7 frontier=       46 next=        7 consolidate=  0.008ms frontier=  0.001ms semisort=  0.011ms (keyed= 0.000ms group_by=  0.002ms per_group= 0.004ms)
[pe] round=218 work=        7 frontier=       20 next=        7 consolidate=  0.008ms frontier=  0.001ms semisort=  0.006ms (keyed= 0.000ms group_by=  0.001ms per_group= 0.003ms)
[pe] round=219 work=        7 frontier=       28 next=        7 consolidate=  0.008ms frontier=  0.001ms semisort=  0.006ms (keyed= 0.000ms group_by=  0.001ms per_group= 0.002ms)
[pe] round=220 work=        7 frontier=       14 next=        7 consolidate=  0.007ms frontier=  0.001ms semisort=  0.006ms (keyed= 0.000ms group_by=  0.001ms per_group= 0.003ms)
[pe] round=221 work=        7 frontier=       46 next=        7 consolidate=  0.008ms frontier=  0.001ms semisort=  0.011ms (keyed= 0.000ms group_by=  0.002ms per_group= 0.004ms)
[pe] round=222 work=        7 frontier=       20 next=        7 consolidate=  0.007ms frontier=  0.001ms semisort=  0.006ms (keyed= 0.000ms group_by=  0.001ms per_group= 0.002ms)
[pe] round=223 work=        7 frontier=       28 next=        7 consolidate=  0.008ms frontier=  0.001ms semisort=  0.006ms (keyed= 0.000ms group_by=  0.001ms per_group= 0.003ms)
[pe] round=224 work=        7 frontier=       14 next=        7 consolidate=  0.007ms frontier=  0.001ms semisort=  0.005ms (keyed= 0.000ms group_by=  0.001ms per_group= 0.003ms)
[pe] round=225 work=        7 frontier=       46 next=        7 consolidate=  0.008ms frontier=  0.001ms semisort=  0.010ms (keyed= 0.000ms group_by=  0.001ms per_group= 0.003ms)
[pe] round=226 work=        7 frontier=       20 next=        7 consolidate=  0.008ms frontier=  0.001ms semisort=  0.006ms (keyed= 0.000ms group_by=  0.001ms per_group= 0.003ms)
[pe] round=227 work=        7 frontier=       28 next=        7 consolidate=  0.007ms frontier=  0.001ms semisort=  0.006ms (keyed= 0.000ms group_by=  0.001ms per_group= 0.002ms)
[pe] round=228 work=        7 frontier=       14 next=        7 consolidate=  0.009ms frontier=  0.001ms semisort=  0.005ms (keyed= 0.000ms group_by=  0.001ms per_group= 0.003ms)
[pe] round=229 work=        7 frontier=       46 next=        7 consolidate=  0.008ms frontier=  0.001ms semisort=  0.010ms (keyed= 0.000ms group_by=  0.002ms per_group= 0.004ms)
[pe] round=230 work=        7 frontier=       20 next=        7 consolidate=  0.007ms frontier=  0.001ms semisort=  0.005ms (keyed= 0.000ms group_by=  0.001ms per_group= 0.002ms)
[pe] round=231 work=        7 frontier=       28 next=        7 consolidate=  0.008ms frontier=  0.001ms semisort=  0.006ms (keyed= 0.000ms group_by=  0.001ms per_group= 0.002ms)
[pe] round=232 work=        7 frontier=       14 next=        7 consolidate=  0.007ms frontier=  0.001ms semisort=  0.005ms (keyed= 0.000ms group_by=  0.001ms per_group= 0.003ms)
[pe] round=233 work=        7 frontier=       46 next=        7 consolidate=  0.009ms frontier=  0.001ms semisort=  0.014ms (keyed= 0.000ms group_by=  0.001ms per_group= 0.008ms)
[pe] round=234 work=        7 frontier=       20 next=        7 consolidate=  0.008ms frontier=  0.001ms semisort=  0.006ms (keyed= 0.000ms group_by=  0.001ms per_group= 0.003ms)
[pe] round=235 work=        7 frontier=       28 next=        7 consolidate=  0.007ms frontier=  0.001ms semisort=  0.006ms (keyed= 0.000ms group_by=  0.001ms per_group= 0.002ms)
[pe] round=236 work=        7 frontier=       14 next=        7 consolidate=  0.009ms frontier=  0.001ms semisort=  0.005ms (keyed= 0.000ms group_by=  0.001ms per_group= 0.003ms)
[pe] round=237 work=        7 frontier=       46 next=        7 consolidate=  0.007ms frontier=  0.001ms semisort=  0.010ms (keyed= 0.000ms group_by=  0.002ms per_group= 0.004ms)
[pe] round=238 work=        7 frontier=       20 next=        7 consolidate=  0.008ms frontier=  0.001ms semisort=  0.006ms (keyed= 0.000ms group_by=  0.001ms per_group= 0.003ms)
[pe] round=239 work=        7 frontier=       28 next=        7 consolidate=  0.008ms frontier=  0.001ms semisort=  0.006ms (keyed= 0.000ms group_by=  0.001ms per_group= 0.002ms)
[pe] round=240 work=        7 frontier=       14 next=        7 consolidate=  0.007ms frontier=  0.001ms semisort=  0.005ms (keyed= 0.000ms group_by=  0.001ms per_group= 0.003ms)
[pe] round=241 work=        7 frontier=       46 next=        7 consolidate=  0.009ms frontier=  0.001ms semisort=  0.010ms (keyed= 0.000ms group_by=  0.002ms per_group= 0.004ms)
[pe] round=242 work=        7 frontier=       20 next=        7 consolidate=  0.008ms frontier=  0.001ms semisort=  0.006ms (keyed= 0.000ms group_by=  0.001ms per_group= 0.003ms)
[pe] round=243 work=        7 frontier=       28 next=        7 consolidate=  0.007ms frontier=  0.001ms semisort=  0.006ms (keyed= 0.000ms group_by=  0.001ms per_group= 0.003ms)
[pe] round=244 work=        7 frontier=       14 next=        7 consolidate=  0.008ms frontier=  0.001ms semisort=  0.005ms (keyed= 0.000ms group_by=  0.001ms per_group= 0.003ms)
[pe] round=245 work=        7 frontier=       46 next=        7 consolidate=  0.007ms frontier=  0.001ms semisort=  0.010ms (keyed= 0.000ms group_by=  0.002ms per_group= 0.004ms)
[pe] round=246 work=        7 frontier=       20 next=        7 consolidate=  0.008ms frontier=  0.001ms semisort=  0.006ms (keyed= 0.000ms group_by=  0.001ms per_group= 0.003ms)
[pe] round=247 work=        7 frontier=       28 next=        7 consolidate=  0.009ms frontier=  0.001ms semisort=  0.006ms (keyed= 0.000ms group_by=  0.001ms per_group= 0.002ms)
[pe] round=248 work=        7 frontier=       14 next=        7 consolidate=  0.007ms frontier=  0.001ms semisort=  0.004ms (keyed= 0.000ms group_by=  0.001ms per_group= 0.002ms)
[pe] round=249 work=        7 frontier=       46 next=        7 consolidate=  0.010ms frontier=  0.001ms semisort=  0.010ms (keyed= 0.000ms group_by=  0.001ms per_group= 0.004ms)
[pe] round=250 work=        7 frontier=       20 next=        7 consolidate=  0.008ms frontier=  0.001ms semisort=  0.007ms (keyed= 0.000ms group_by=  0.001ms per_group= 0.003ms)
[pe] round=251 work=        7 frontier=       28 next=        7 consolidate=  0.008ms frontier=  0.001ms semisort=  0.006ms (keyed= 0.000ms group_by=  0.001ms per_group= 0.002ms)
[pe] round=252 work=        7 frontier=       14 next=        7 consolidate=  0.009ms frontier=  0.001ms semisort=  0.006ms (keyed= 0.000ms group_by=  0.001ms per_group= 0.003ms)
[pe] round=253 work=        7 frontier=       46 next=        7 consolidate=  0.008ms frontier=  0.001ms semisort=  0.010ms (keyed= 0.000ms group_by=  0.001ms per_group= 0.003ms)
[pe] round=254 work=        7 frontier=       20 next=        7 consolidate=  0.008ms frontier=  0.001ms semisort=  0.006ms (keyed= 0.000ms group_by=  0.001ms per_group= 0.003ms)
[pe] round=255 work=        7 frontier=       28 next=        7 consolidate=  0.009ms frontier=  0.001ms semisort=  0.006ms (keyed= 0.000ms group_by=  0.001ms per_group= 0.003ms)
[pe] round=256 work=        7 frontier=       14 next=        7 consolidate=  0.006ms frontier=  0.001ms semisort=  0.005ms (keyed= 0.000ms group_by=  0.001ms per_group= 0.003ms)
[pe] round=257 work=        7 frontier=       46 next=        7 consolidate=  0.008ms frontier=  0.001ms semisort=  0.010ms (keyed= 0.000ms group_by=  0.002ms per_group= 0.004ms)
[pe] round=258 work=        7 frontier=       20 next=        7 consolidate=  0.006ms frontier=  0.001ms semisort=  0.006ms (keyed= 0.000ms group_by=  0.001ms per_group= 0.003ms)
[pe] round=259 work=        7 frontier=       28 next=        7 consolidate=  0.007ms frontier=  0.001ms semisort=  0.006ms (keyed= 0.000ms group_by=  0.001ms per_group= 0.002ms)
[pe] round=260 work=        7 frontier=       14 next=        7 consolidate=  0.009ms frontier=  0.001ms semisort=  0.005ms (keyed= 0.000ms group_by=  0.001ms per_group= 0.003ms)
[pe] round=261 work=        7 frontier=       46 next=        7 consolidate=  0.008ms frontier=  0.001ms semisort=  0.010ms (keyed= 0.000ms group_by=  0.001ms per_group= 0.004ms)
[pe] round=262 work=        7 frontier=       20 next=        7 consolidate=  0.008ms frontier=  0.001ms semisort=  0.006ms (keyed= 0.000ms group_by=  0.001ms per_group= 0.003ms)
[pe] round=263 work=        7 frontier=       28 next=        7 consolidate=  0.008ms frontier=  0.001ms semisort=  0.006ms (keyed= 0.000ms group_by=  0.001ms per_group= 0.002ms)
[pe] round=264 work=        7 frontier=       14 next=        7 consolidate=  0.007ms frontier=  0.001ms semisort=  0.005ms (keyed= 0.000ms group_by=  0.001ms per_group= 0.003ms)
[pe] round=265 work=        7 frontier=       46 next=        7 consolidate=  0.007ms frontier=  0.002ms semisort=  0.011ms (keyed= 0.000ms group_by=  0.002ms per_group= 0.004ms)
[pe] round=266 work=        7 frontier=       20 next=        7 consolidate=  0.008ms frontier=  0.001ms semisort=  0.006ms (keyed= 0.000ms group_by=  0.001ms per_group= 0.003ms)
[pe] round=267 work=        7 frontier=       28 next=        7 consolidate=  0.008ms frontier=  0.001ms semisort=  0.006ms (keyed= 0.000ms group_by=  0.001ms per_group= 0.002ms)
[pe] round=268 work=        7 frontier=       14 next=        7 consolidate=  0.008ms frontier=  0.001ms semisort=  0.005ms (keyed= 0.000ms group_by=  0.001ms per_group= 0.003ms)
[pe] round=269 work=        7 frontier=       46 next=        7 consolidate=  0.007ms frontier=  0.002ms semisort=  0.011ms (keyed= 0.000ms group_by=  0.002ms per_group= 0.004ms)
[pe] round=270 work=        7 frontier=       20 next=        7 consolidate=  0.006ms frontier=  0.001ms semisort=  0.007ms (keyed= 0.000ms group_by=  0.001ms per_group= 0.003ms)
[pe] round=271 work=        7 frontier=       28 next=        7 consolidate=  0.008ms frontier=  0.001ms semisort=  0.006ms (keyed= 0.000ms group_by=  0.001ms per_group= 0.002ms)
[pe] round=272 work=        7 frontier=       14 next=        7 consolidate=  0.007ms frontier=  0.001ms semisort=  0.005ms (keyed= 0.000ms group_by=  0.001ms per_group= 0.002ms)
[pe] round=273 work=        7 frontier=       46 next=        7 consolidate=  0.009ms frontier=  0.001ms semisort=  0.010ms (keyed= 0.000ms group_by=  0.002ms per_group= 0.004ms)
[pe] round=274 work=        7 frontier=       20 next=        7 consolidate=  0.007ms frontier=  0.001ms semisort=  0.006ms (keyed= 0.000ms group_by=  0.001ms per_group= 0.003ms)
[pe] round=275 work=        7 frontier=       28 next=        7 consolidate=  0.008ms frontier=  0.001ms semisort=  0.006ms (keyed= 0.000ms group_by=  0.001ms per_group= 0.003ms)
[pe] round=276 work=        7 frontier=       14 next=        7 consolidate=  0.008ms frontier=  0.001ms semisort=  0.005ms (keyed= 0.000ms group_by=  0.001ms per_group= 0.003ms)
[pe] round=277 work=        7 frontier=       46 next=        7 consolidate=  0.008ms frontier=  0.001ms semisort=  0.011ms (keyed= 0.000ms group_by=  0.002ms per_group= 0.004ms)
[pe] round=278 work=        7 frontier=       20 next=        7 consolidate=  0.007ms frontier=  0.001ms semisort=  0.006ms (keyed= 0.000ms group_by=  0.001ms per_group= 0.003ms)
[pe] round=279 work=        7 frontier=       28 next=        7 consolidate=  0.008ms frontier=  0.001ms semisort=  0.006ms (keyed= 0.000ms group_by=  0.001ms per_group= 0.002ms)
[pe] round=280 work=        7 frontier=       14 next=        7 consolidate=  0.009ms frontier=  0.001ms semisort=  0.004ms (keyed= 0.000ms group_by=  0.001ms per_group= 0.002ms)
[pe] round=281 work=        7 frontier=       46 next=        7 consolidate=  0.007ms frontier=  0.001ms semisort=  0.011ms (keyed= 0.000ms group_by=  0.002ms per_group= 0.004ms)
[pe] round=282 work=        7 frontier=       20 next=        7 consolidate=  0.007ms frontier=  0.002ms semisort=  0.006ms (keyed= 0.000ms group_by=  0.001ms per_group= 0.003ms)
[pe] round=283 work=        7 frontier=       28 next=        7 consolidate=  0.007ms frontier=  0.001ms semisort=  0.006ms (keyed= 0.000ms group_by=  0.001ms per_group= 0.002ms)
[pe] round=284 work=        7 frontier=       14 next=        7 consolidate=  0.008ms frontier=  0.001ms semisort=  0.005ms (keyed= 0.000ms group_by=  0.001ms per_group= 0.003ms)
[pe] round=285 work=        7 frontier=       46 next=        7 consolidate=  0.008ms frontier=  0.001ms semisort=  0.010ms (keyed= 0.000ms group_by=  0.002ms per_group= 0.003ms)
[pe] round=286 work=        7 frontier=       20 next=        7 consolidate=  0.008ms frontier=  0.001ms semisort=  0.006ms (keyed= 0.000ms group_by=  0.001ms per_group= 0.003ms)
[pe] round=287 work=        7 frontier=       28 next=        7 consolidate=  0.009ms frontier=  0.001ms semisort=  0.006ms (keyed= 0.000ms group_by=  0.001ms per_group= 0.003ms)
[pe] round=288 work=        7 frontier=       14 next=        7 consolidate=  0.007ms frontier=  0.002ms semisort=  0.005ms (keyed= 0.000ms group_by=  0.001ms per_group= 0.003ms)
[pe] round=289 work=        7 frontier=       46 next=        7 consolidate=  0.009ms frontier=  0.001ms semisort=  0.011ms (keyed= 0.000ms group_by=  0.002ms per_group= 0.004ms)
[pe] round=290 work=        7 frontier=       20 next=        7 consolidate=  0.008ms frontier=  0.001ms semisort=  0.006ms (keyed= 0.000ms group_by=  0.001ms per_group= 0.003ms)
[pe] round=291 work=        7 frontier=       28 next=        7 consolidate=  0.007ms frontier=  0.001ms semisort=  0.006ms (keyed= 0.000ms group_by=  0.001ms per_group= 0.002ms)
[pe] round=292 work=        7 frontier=       14 next=        7 consolidate=  0.008ms frontier=  0.001ms semisort=  0.005ms (keyed= 0.000ms group_by=  0.001ms per_group= 0.003ms)
[pe] round=293 work=        7 frontier=       46 next=        7 consolidate=  0.008ms frontier=  0.001ms semisort=  0.011ms (keyed= 0.000ms group_by=  0.002ms per_group= 0.004ms)
[pe] round=294 work=        7 frontier=       20 next=        7 consolidate=  0.007ms frontier=  0.001ms semisort=  0.006ms (keyed= 0.000ms group_by=  0.001ms per_group= 0.002ms)
[pe] round=295 work=        7 frontier=       28 next=        7 consolidate=  0.008ms frontier=  0.001ms semisort=  0.006ms (keyed= 0.000ms group_by=  0.001ms per_group= 0.002ms)
[pe] round=296 work=        7 frontier=       14 next=        7 consolidate=  0.007ms frontier=  0.001ms semisort=  0.005ms (keyed= 0.000ms group_by=  0.001ms per_group= 0.003ms)
[pe] round=297 work=        7 frontier=       46 next=        7 consolidate=  0.008ms frontier=  0.001ms semisort=  0.012ms (keyed= 0.000ms group_by=  0.002ms per_group= 0.004ms)
[pe] round=298 work=        7 frontier=       20 next=        7 consolidate=  0.008ms frontier=  0.001ms semisort=  0.006ms (keyed= 0.000ms group_by=  0.001ms per_group= 0.002ms)
[pe] round=299 work=        7 frontier=       28 next=        7 consolidate=  0.007ms frontier=  0.001ms semisort=  0.006ms (keyed= 0.000ms group_by=  0.001ms per_group= 0.002ms)
[pe] round=300 work=        7 frontier=       14 next=        7 consolidate=  0.007ms frontier=  0.002ms semisort=  0.006ms (keyed= 0.000ms group_by=  0.001ms per_group= 0.003ms)
[pe] round=301 work=        7 frontier=       46 next=        7 consolidate=  0.007ms frontier=  0.001ms semisort=  0.010ms (keyed= 0.000ms group_by=  0.002ms per_group= 0.003ms)
[pe] round=302 work=        7 frontier=       20 next=        7 consolidate=  0.008ms frontier=  0.001ms semisort=  0.006ms (keyed= 0.000ms group_by=  0.001ms per_group= 0.003ms)
[pe] round=303 work=        7 frontier=       28 next=        7 consolidate=  0.008ms frontier=  0.001ms semisort=  0.006ms (keyed= 0.000ms group_by=  0.001ms per_group= 0.002ms)
[pe] round=304 work=        7 frontier=       14 next=        7 consolidate=  0.007ms frontier=  0.001ms semisort=  0.005ms (keyed= 0.000ms group_by=  0.001ms per_group= 0.003ms)
[pe] round=305 work=        7 frontier=       46 next=        7 consolidate=  0.010ms frontier=  0.001ms semisort=  0.011ms (keyed= 0.000ms group_by=  0.002ms per_group= 0.004ms)
[pe] round=306 work=        7 frontier=       20 next=        7 consolidate=  0.008ms frontier=  0.001ms semisort=  0.006ms (keyed= 0.000ms group_by=  0.001ms per_group= 0.003ms)
[pe] round=307 work=        7 frontier=       28 next=        7 consolidate=  0.008ms frontier=  0.001ms semisort=  0.006ms (keyed= 0.000ms group_by=  0.001ms per_group= 0.003ms)
[pe] round=308 work=        7 frontier=       14 next=        7 consolidate=  0.008ms frontier=  0.001ms semisort=  0.005ms (keyed= 0.000ms group_by=  0.001ms per_group= 0.003ms)
[pe] round=309 work=        7 frontier=       46 next=        7 consolidate=  0.008ms frontier=  0.001ms semisort=  0.011ms (keyed= 0.000ms group_by=  0.002ms per_group= 0.004ms)
[pe] round=310 work=        7 frontier=       20 next=        7 consolidate=  0.007ms frontier=  0.001ms semisort=  0.007ms (keyed= 0.000ms group_by=  0.001ms per_group= 0.003ms)
[pe] round=311 work=        7 frontier=       28 next=        7 consolidate=  0.009ms frontier=  0.001ms semisort=  0.006ms (keyed= 0.000ms group_by=  0.001ms per_group= 0.002ms)
[pe] round=312 work=        7 frontier=       14 next=        7 consolidate=  0.007ms frontier=  0.001ms semisort=  0.004ms (keyed= 0.000ms group_by=  0.001ms per_group= 0.002ms)
[pe] round=313 work=        7 frontier=       46 next=        7 consolidate=  0.008ms frontier=  0.001ms semisort=  0.011ms (keyed= 0.000ms group_by=  0.002ms per_group= 0.004ms)
[pe] round=314 work=        7 frontier=       20 next=        7 consolidate=  0.007ms frontier=  0.001ms semisort=  0.006ms (keyed= 0.000ms group_by=  0.001ms per_group= 0.003ms)
[pe] round=315 work=        7 frontier=       28 next=        7 consolidate=  0.008ms frontier=  0.002ms semisort=  0.006ms (keyed= 0.000ms group_by=  0.001ms per_group= 0.002ms)
[pe] round=316 work=        7 frontier=       14 next=        7 consolidate=  0.009ms frontier=  0.001ms semisort=  0.005ms (keyed= 0.000ms group_by=  0.001ms per_group= 0.002ms)
[pe] round=317 work=        7 frontier=       46 next=        7 consolidate=  0.008ms frontier=  0.001ms semisort=  0.010ms (keyed= 0.000ms group_by=  0.001ms per_group= 0.004ms)
[pe] round=318 work=        7 frontier=       20 next=        3 consolidate=  0.007ms frontier=  0.001ms semisort=  0.006ms (keyed= 0.000ms group_by=  0.001ms per_group= 0.002ms)
[pe] round=319 work=        3 frontier=       12 next=        3 consolidate=  0.004ms frontier=  0.001ms semisort=  0.003ms (keyed= 0.000ms group_by=  0.000ms per_group= 0.001ms)
[pe] round=320 work=        3 frontier=        6 next=        3 consolidate=  0.005ms frontier=  0.001ms semisort=  0.003ms (keyed= 0.000ms group_by=  0.000ms per_group= 0.001ms)
[pe] round=321 work=        3 frontier=       30 next=        3 consolidate=  0.005ms frontier=  0.001ms semisort=  0.008ms (keyed= 0.000ms group_by=  0.001ms per_group= 0.003ms)
[pe] round=322 work=        3 frontier=       12 next=        3 consolidate=  0.004ms frontier=  0.000ms semisort=  0.004ms (keyed= 0.000ms group_by=  0.001ms per_group= 0.002ms)
[pe] round=323 work=        3 frontier=       12 next=        3 consolidate=  0.004ms frontier=  0.000ms semisort=  0.003ms (keyed= 0.000ms group_by=  0.000ms per_group= 0.001ms)
[pe] round=324 work=        3 frontier=        6 next=        3 consolidate=  0.004ms frontier=  0.000ms semisort=  0.003ms (keyed= 0.000ms group_by=  0.000ms per_group= 0.001ms)
[pe] round=325 work=        3 frontier=       30 next=        3 consolidate=  0.004ms frontier=  0.000ms semisort=  0.007ms (keyed= 0.000ms group_by=  0.001ms per_group= 0.002ms)
[pe] round=326 work=        3 frontier=       12 next=        3 consolidate=  0.003ms frontier=  0.000ms semisort=  0.004ms (keyed= 0.000ms group_by=  0.001ms per_group= 0.001ms)
[pe] round=327 work=        3 frontier=       12 next=        3 consolidate=  0.006ms frontier=  0.001ms semisort=  0.004ms (keyed= 0.000ms group_by=  0.001ms per_group= 0.001ms)
[pe] round=328 work=        3 frontier=        6 next=        3 consolidate=  0.004ms frontier=  0.000ms semisort=  0.002ms (keyed= 0.000ms group_by=  0.000ms per_group= 0.001ms)
[pe] round=329 work=        3 frontier=       30 next=        3 consolidate=  0.004ms frontier=  0.001ms semisort=  0.007ms (keyed= 0.000ms group_by=  0.001ms per_group= 0.002ms)
[pe] round=330 work=        3 frontier=       12 next=        3 consolidate=  0.004ms frontier=  0.000ms semisort=  0.004ms (keyed= 0.000ms group_by=  0.001ms per_group= 0.002ms)
[pe] round=331 work=        3 frontier=       12 next=        3 consolidate=  0.004ms frontier=  0.000ms semisort=  0.003ms (keyed= 0.000ms group_by=  0.000ms per_group= 0.001ms)
[pe] round=332 work=        3 frontier=        6 next=        3 consolidate=  0.003ms frontier=  0.000ms semisort=  0.002ms (keyed= 0.000ms group_by=  0.000ms per_group= 0.001ms)
[pe] round=333 work=        3 frontier=       30 next=        3 consolidate=  0.004ms frontier=  0.000ms semisort=  0.006ms (keyed= 0.000ms group_by=  0.001ms per_group= 0.002ms)
[pe] round=334 work=        3 frontier=       12 next=        3 consolidate=  0.003ms frontier=  0.000ms semisort=  0.005ms (keyed= 0.000ms group_by=  0.001ms per_group= 0.002ms)
[pe] round=335 work=        3 frontier=       12 next=        3 consolidate=  0.003ms frontier=  0.000ms semisort=  0.003ms (keyed= 0.000ms group_by=  0.000ms per_group= 0.001ms)
[pe] round=336 work=        3 frontier=        6 next=        3 consolidate=  0.004ms frontier=  0.001ms semisort=  0.003ms (keyed= 0.000ms group_by=  0.000ms per_group= 0.001ms)
[pe] round=337 work=        3 frontier=       30 next=        3 consolidate=  0.004ms frontier=  0.000ms semisort=  0.007ms (keyed= 0.000ms group_by=  0.002ms per_group= 0.002ms)
[pe] round=338 work=        3 frontier=       12 next=        3 consolidate=  0.004ms frontier=  0.001ms semisort=  0.004ms (keyed= 0.000ms group_by=  0.001ms per_group= 0.001ms)
[pe] round=339 work=        3 frontier=       12 next=        3 consolidate=  0.004ms frontier=  0.001ms semisort=  0.003ms (keyed= 0.000ms group_by=  0.001ms per_group= 0.001ms)
[pe] round=340 work=        3 frontier=        6 next=        3 consolidate=  0.004ms frontier=  0.000ms semisort=  0.003ms (keyed= 0.000ms group_by=  0.000ms per_group= 0.001ms)
[pe] round=341 work=        3 frontier=       30 next=        3 consolidate=  0.004ms frontier=  0.000ms semisort=  0.007ms (keyed= 0.000ms group_by=  0.001ms per_group= 0.002ms)
[pe] round=342 work=        3 frontier=       12 next=        3 consolidate=  0.003ms frontier=  0.000ms semisort=  0.004ms (keyed= 0.000ms group_by=  0.001ms per_group= 0.002ms)
[pe] round=343 work=        3 frontier=       12 next=        3 consolidate=  0.005ms frontier=  0.001ms semisort=  0.003ms (keyed= 0.000ms group_by=  0.001ms per_group= 0.001ms)
[pe] round=344 work=        3 frontier=        6 next=        3 consolidate=  0.004ms frontier=  0.001ms semisort=  0.002ms (keyed= 0.000ms group_by=  0.000ms per_group= 0.001ms)
[pe] round=345 work=        3 frontier=       30 next=        3 consolidate=  0.004ms frontier=  0.001ms semisort=  0.006ms (keyed= 0.000ms group_by=  0.001ms per_group= 0.002ms)
[pe] round=346 work=        3 frontier=       12 next=        3 consolidate=  0.004ms frontier=  0.001ms semisort=  0.005ms (keyed= 0.000ms group_by=  0.001ms per_group= 0.002ms)
[pe] round=347 work=        3 frontier=       12 next=        3 consolidate=  0.003ms frontier=  0.000ms semisort=  0.003ms (keyed= 0.000ms group_by=  0.000ms per_group= 0.001ms)
[pe] round=348 work=        3 frontier=        6 next=        3 consolidate=  0.004ms frontier=  0.000ms semisort=  0.003ms (keyed= 0.000ms group_by=  0.000ms per_group= 0.001ms)
[pe] round=349 work=        3 frontier=       30 next=        3 consolidate=  0.004ms frontier=  0.000ms semisort=  0.006ms (keyed= 0.000ms group_by=  0.001ms per_group= 0.002ms)
[pe] round=350 work=        3 frontier=       12 next=        3 consolidate=  0.003ms frontier=  0.000ms semisort=  0.004ms (keyed= 0.000ms group_by=  0.001ms per_group= 0.001ms)
[pe] round=351 work=        3 frontier=       12 next=        3 consolidate=  0.004ms frontier=  0.000ms semisort=  0.003ms (keyed= 0.000ms group_by=  0.000ms per_group= 0.001ms)
[pe] round=352 work=        3 frontier=        6 next=        3 consolidate=  0.005ms frontier=  0.001ms semisort=  0.003ms (keyed= 0.000ms group_by=  0.000ms per_group= 0.001ms)
[pe] round=353 work=        3 frontier=       30 next=        3 consolidate=  0.004ms frontier=  0.000ms semisort=  0.007ms (keyed= 0.000ms group_by=  0.001ms per_group= 0.002ms)
[pe] round=354 work=        3 frontier=       12 next=        3 consolidate=  0.004ms frontier=  0.000ms semisort=  0.005ms (keyed= 0.000ms group_by=  0.001ms per_group= 0.002ms)
[pe] round=355 work=        3 frontier=       12 next=        3 consolidate=  0.004ms frontier=  0.000ms semisort=  0.003ms (keyed= 0.000ms group_by=  0.000ms per_group= 0.001ms)
[pe] round=356 work=        3 frontier=        6 next=        3 consolidate=  0.004ms frontier=  0.001ms semisort=  0.002ms (keyed= 0.000ms group_by=  0.000ms per_group= 0.001ms)
[pe] round=357 work=        3 frontier=       30 next=        3 consolidate=  0.004ms frontier=  0.000ms semisort=  0.006ms (keyed= 0.000ms group_by=  0.001ms per_group= 0.002ms)
[pe] round=358 work=        3 frontier=       12 next=        3 consolidate=  0.003ms frontier=  0.000ms semisort=  0.004ms (keyed= 0.000ms group_by=  0.001ms per_group= 0.001ms)
[pe] round=359 work=        3 frontier=       12 next=        3 consolidate=  0.004ms frontier=  0.000ms semisort=  0.003ms (keyed= 0.000ms group_by=  0.000ms per_group= 0.001ms)
[pe] round=360 work=        3 frontier=        6 next=        3 consolidate=  0.004ms frontier=  0.000ms semisort=  0.002ms (keyed= 0.000ms group_by=  0.000ms per_group= 0.001ms)
[pe] round=361 work=        3 frontier=       30 next=        3 consolidate=  0.004ms frontier=  0.000ms semisort=  0.007ms (keyed= 0.000ms group_by=  0.001ms per_group= 0.002ms)
[pe] round=362 work=        3 frontier=       12 next=        3 consolidate=  0.005ms frontier=  0.001ms semisort=  0.005ms (keyed= 0.000ms group_by=  0.001ms per_group= 0.002ms)
[pe] round=363 work=        3 frontier=       12 next=        3 consolidate=  0.003ms frontier=  0.000ms semisort=  0.003ms (keyed= 0.000ms group_by=  0.000ms per_group= 0.001ms)
[pe] round=364 work=        3 frontier=        6 next=        3 consolidate=  0.004ms frontier=  0.000ms semisort=  0.002ms (keyed= 0.000ms group_by=  0.000ms per_group= 0.001ms)
[pe] round=365 work=        3 frontier=       30 next=        3 consolidate=  0.004ms frontier=  0.000ms semisort=  0.007ms (keyed= 0.000ms group_by=  0.001ms per_group= 0.002ms)
[pe] round=366 work=        3 frontier=       12 next=        3 consolidate=  0.003ms frontier=  0.000ms semisort=  0.005ms (keyed= 0.000ms group_by=  0.001ms per_group= 0.002ms)
[pe] round=367 work=        3 frontier=       12 next=        3 consolidate=  0.004ms frontier=  0.000ms semisort=  0.003ms (keyed= 0.000ms group_by=  0.000ms per_group= 0.001ms)
[pe] round=368 work=        3 frontier=        6 next=        3 consolidate=  0.003ms frontier=  0.004ms semisort=  0.002ms (keyed= 0.000ms group_by=  0.000ms per_group= 0.001ms)
[pe] round=369 work=        3 frontier=       30 next=        3 consolidate=  0.005ms frontier=  0.001ms semisort=  0.007ms (keyed= 0.000ms group_by=  0.002ms per_group= 0.002ms)
[pe] round=370 work=        3 frontier=       12 next=        3 consolidate=  0.004ms frontier=  0.000ms semisort=  0.004ms (keyed= 0.000ms group_by=  0.001ms per_group= 0.001ms)
[pe] round=371 work=        3 frontier=       12 next=        3 consolidate=  0.004ms frontier=  0.000ms semisort=  0.003ms (keyed= 0.000ms group_by=  0.000ms per_group= 0.001ms)
[pe] round=372 work=        3 frontier=        6 next=        3 consolidate=  0.004ms frontier=  0.000ms semisort=  0.003ms (keyed= 0.000ms group_by=  0.000ms per_group= 0.001ms)
[pe] round=373 work=        3 frontier=       30 next=        3 consolidate=  0.004ms frontier=  0.000ms semisort=  0.006ms (keyed= 0.000ms group_by=  0.001ms per_group= 0.002ms)
[pe] round=374 work=        3 frontier=       12 next=        3 consolidate=  0.003ms frontier=  0.000ms semisort=  0.004ms (keyed= 0.000ms group_by=  0.001ms per_group= 0.001ms)
[pe] round=375 work=        3 frontier=       12 next=        3 consolidate=  0.005ms frontier=  0.001ms semisort=  0.003ms (keyed= 0.000ms group_by=  0.001ms per_group= 0.001ms)
[pe] round=376 work=        3 frontier=        6 next=        3 consolidate=  0.004ms frontier=  0.001ms semisort=  0.002ms (keyed= 0.000ms group_by=  0.000ms per_group= 0.001ms)
[pe] round=377 work=        3 frontier=       30 next=        3 consolidate=  0.003ms frontier=  0.000ms semisort=  0.006ms (keyed= 0.000ms group_by=  0.001ms per_group= 0.002ms)
[pe] round=378 work=        3 frontier=       12 next=        3 consolidate=  0.004ms frontier=  0.000ms semisort=  0.004ms (keyed= 0.000ms group_by=  0.001ms per_group= 0.002ms)
[pe] round=379 work=        3 frontier=       12 next=        3 consolidate=  0.003ms frontier=  0.000ms semisort=  0.003ms (keyed= 0.000ms group_by=  0.000ms per_group= 0.001ms)
[pe] round=380 work=        3 frontier=        6 next=        3 consolidate=  0.003ms frontier=  0.000ms semisort=  0.003ms (keyed= 0.000ms group_by=  0.000ms per_group= 0.001ms)
[pe] round=381 work=        3 frontier=       30 next=        3 consolidate=  0.004ms frontier=  0.000ms semisort=  0.006ms (keyed= 0.000ms group_by=  0.001ms per_group= 0.002ms)
[pe] round=382 work=        3 frontier=       12 next=        3 consolidate=  0.003ms frontier=  0.000ms semisort=  0.004ms (keyed= 0.000ms group_by=  0.001ms per_group= 0.001ms)
[pe] round=383 work=        3 frontier=       12 next=        3 consolidate=  0.005ms frontier=  0.001ms semisort=  0.003ms (keyed= 0.000ms group_by=  0.001ms per_group= 0.001ms)
[pe] round=384 work=        3 frontier=        6 next=        3 consolidate=  0.004ms frontier=  0.000ms semisort=  0.002ms (keyed= 0.000ms group_by=  0.000ms per_group= 0.001ms)
[pe] round=385 work=        3 frontier=       30 next=        3 consolidate=  0.004ms frontier=  0.000ms semisort=  0.006ms (keyed= 0.000ms group_by=  0.001ms per_group= 0.002ms)
[pe] round=386 work=        3 frontier=       12 next=        3 consolidate=  0.004ms frontier=  0.000ms semisort=  0.004ms (keyed= 0.000ms group_by=  0.001ms per_group= 0.002ms)
[pe] round=387 work=        3 frontier=       12 next=        3 consolidate=  0.003ms frontier=  0.000ms semisort=  0.003ms (keyed= 0.000ms group_by=  0.000ms per_group= 0.001ms)
[pe] round=388 work=        3 frontier=        6 next=        3 consolidate=  0.003ms frontier=  0.000ms semisort=  0.003ms (keyed= 0.000ms group_by=  0.000ms per_group= 0.001ms)
[pe] round=389 work=        3 frontier=       30 next=        3 consolidate=  0.004ms frontier=  0.000ms semisort=  0.007ms (keyed= 0.000ms group_by=  0.001ms per_group= 0.002ms)
[pe] round=390 work=        3 frontier=       12 next=        3 consolidate=  0.003ms frontier=  0.000ms semisort=  0.004ms (keyed= 0.000ms group_by=  0.001ms per_group= 0.001ms)
[pe] round=391 work=        3 frontier=       12 next=        3 consolidate=  0.004ms frontier=  0.000ms semisort=  0.003ms (keyed= 0.000ms group_by=  0.000ms per_group= 0.001ms)
[pe] round=392 work=        3 frontier=        6 next=        3 consolidate=  0.003ms frontier=  0.000ms semisort=  0.002ms (keyed= 0.000ms group_by=  0.000ms per_group= 0.001ms)
[pe] round=393 work=        3 frontier=       30 next=        3 consolidate=  0.004ms frontier=  0.000ms semisort=  0.007ms (keyed= 0.000ms group_by=  0.001ms per_group= 0.002ms)
[pe] round=394 work=        3 frontier=       12 next=        3 consolidate=  0.003ms frontier=  0.000ms semisort=  0.004ms (keyed= 0.000ms group_by=  0.001ms per_group= 0.001ms)
[pe] round=395 work=        3 frontier=       12 next=        3 consolidate=  0.003ms frontier=  0.000ms semisort=  0.003ms (keyed= 0.000ms group_by=  0.000ms per_group= 0.001ms)
[pe] round=396 work=        3 frontier=        6 next=        3 consolidate=  0.004ms frontier=  0.000ms semisort=  0.002ms (keyed= 0.000ms group_by=  0.000ms per_group= 0.001ms)
[pe] round=397 work=        3 frontier=       30 next=        3 consolidate=  0.004ms frontier=  0.000ms semisort=  0.006ms (keyed= 0.000ms group_by=  0.001ms per_group= 0.002ms)
[pe] round=398 work=        3 frontier=       12 next=        3 consolidate=  0.003ms frontier=  0.000ms semisort=  0.004ms (keyed= 0.000ms group_by=  0.001ms per_group= 0.002ms)
[pe] round=399 work=        3 frontier=       12 next=        3 consolidate=  0.005ms frontier=  0.000ms semisort=  0.003ms (keyed= 0.000ms group_by=  0.000ms per_group= 0.001ms)
[pe] round=400 work=        3 frontier=        6 next=        3 consolidate=  0.003ms frontier=  0.000ms semisort=  0.003ms (keyed= 0.000ms group_by=  0.000ms per_group= 0.001ms)
[pe] round=401 work=        3 frontier=       30 next=        3 consolidate=  0.005ms frontier=  0.001ms semisort=  0.006ms (keyed= 0.000ms group_by=  0.001ms per_group= 0.002ms)
[pe] round=402 work=        3 frontier=       12 next=        3 consolidate=  0.003ms frontier=  0.000ms semisort=  0.004ms (keyed= 0.000ms group_by=  0.001ms per_group= 0.001ms)
[pe] round=403 work=        3 frontier=       12 next=        3 consolidate=  0.003ms frontier=  0.000ms semisort=  0.003ms (keyed= 0.000ms group_by=  0.000ms per_group= 0.001ms)
[pe] round=404 work=        3 frontier=        6 next=        3 consolidate=  0.003ms frontier=  0.000ms semisort=  0.003ms (keyed= 0.000ms group_by=  0.000ms per_group= 0.001ms)
[pe] round=405 work=        3 frontier=       30 next=        3 consolidate=  0.004ms frontier=  0.000ms semisort=  0.006ms (keyed= 0.000ms group_by=  0.001ms per_group= 0.002ms)
[pe] round=406 work=        3 frontier=       12 next=        3 consolidate=  0.003ms frontier=  0.000ms semisort=  0.004ms (keyed= 0.000ms group_by=  0.001ms per_group= 0.001ms)
[pe] round=407 work=        3 frontier=       12 next=        3 consolidate=  0.004ms frontier=  0.000ms semisort=  0.003ms (keyed= 0.000ms group_by=  0.000ms per_group= 0.001ms)
[pe] round=408 work=        3 frontier=        6 next=        3 consolidate=  0.003ms frontier=  0.000ms semisort=  0.002ms (keyed= 0.000ms group_by=  0.000ms per_group= 0.001ms)
[pe] round=409 work=        3 frontier=       30 next=        3 consolidate=  0.004ms frontier=  0.001ms semisort=  0.006ms (keyed= 0.000ms group_by=  0.001ms per_group= 0.002ms)
[pe] round=410 work=        3 frontier=       12 next=        3 consolidate=  0.005ms frontier=  0.001ms semisort=  0.004ms (keyed= 0.000ms group_by=  0.001ms per_group= 0.002ms)
[pe] round=411 work=        3 frontier=       12 next=        3 consolidate=  0.003ms frontier=  0.000ms semisort=  0.003ms (keyed= 0.000ms group_by=  0.000ms per_group= 0.001ms)
[pe] round=412 work=        3 frontier=        6 next=        3 consolidate=  0.004ms frontier=  0.000ms semisort=  0.003ms (keyed= 0.000ms group_by=  0.000ms per_group= 0.001ms)
[pe] round=413 work=        3 frontier=       30 next=        3 consolidate=  0.004ms frontier=  0.000ms semisort=  0.006ms (keyed= 0.000ms group_by=  0.002ms per_group= 0.002ms)
[pe] round=414 work=        3 frontier=       12 next=        3 consolidate=  0.003ms frontier=  0.000ms semisort=  0.004ms (keyed= 0.000ms group_by=  0.001ms per_group= 0.001ms)
[pe] round=415 work=        3 frontier=       12 next=        3 consolidate=  0.004ms frontier=  0.000ms semisort=  0.003ms (keyed= 0.000ms group_by=  0.000ms per_group= 0.001ms)
[pe] round=416 work=        3 frontier=        6 next=        3 consolidate=  0.003ms frontier=  0.000ms semisort=  0.002ms (keyed= 0.000ms group_by=  0.000ms per_group= 0.001ms)
[pe] round=417 work=        3 frontier=       30 next=        3 consolidate=  0.004ms frontier=  0.000ms semisort=  0.007ms (keyed= 0.000ms group_by=  0.002ms per_group= 0.002ms)
[pe] round=418 work=        3 frontier=       12 next=        3 consolidate=  0.004ms frontier=  0.000ms semisort=  0.004ms (keyed= 0.000ms group_by=  0.001ms per_group= 0.001ms)
[pe] round=419 work=        3 frontier=       12 next=        3 consolidate=  0.003ms frontier=  0.000ms semisort=  0.003ms (keyed= 0.000ms group_by=  0.000ms per_group= 0.001ms)
[pe] round=420 work=        3 frontier=        6 next=        3 consolidate=  0.003ms frontier=  0.000ms semisort=  0.003ms (keyed= 0.000ms group_by=  0.000ms per_group= 0.001ms)
[pe] round=421 work=        3 frontier=       30 next=        3 consolidate=  0.004ms frontier=  0.000ms semisort=  0.006ms (keyed= 0.000ms group_by=  0.001ms per_group= 0.002ms)
[pe] round=422 work=        3 frontier=       12 next=        3 consolidate=  0.003ms frontier=  0.000ms semisort=  0.004ms (keyed= 0.000ms group_by=  0.001ms per_group= 0.001ms)
[pe] round=423 work=        3 frontier=       12 next=        3 consolidate=  0.004ms frontier=  0.000ms semisort=  0.003ms (keyed= 0.000ms group_by=  0.000ms per_group= 0.001ms)
[pe] round=424 work=        3 frontier=        6 next=        3 consolidate=  0.003ms frontier=  0.000ms semisort=  0.002ms (keyed= 0.000ms group_by=  0.000ms per_group= 0.001ms)
[pe] round=425 work=        3 frontier=       30 next=        3 consolidate=  0.003ms frontier=  0.000ms semisort=  0.007ms (keyed= 0.000ms group_by=  0.001ms per_group= 0.002ms)
[pe] round=426 work=        3 frontier=       12 next=        3 consolidate=  0.004ms frontier=  0.000ms semisort=  0.004ms (keyed= 0.000ms group_by=  0.001ms per_group= 0.002ms)
[pe] round=427 work=        3 frontier=       12 next=        3 consolidate=  0.004ms frontier=  0.000ms semisort=  0.004ms (keyed= 0.000ms group_by=  0.000ms per_group= 0.002ms)
[pe] round=428 work=        3 frontier=        6 next=        3 consolidate=  0.003ms frontier=  0.000ms semisort=  0.003ms (keyed= 0.000ms group_by=  0.000ms per_group= 0.001ms)
[pe] round=429 work=        3 frontier=       31 next=        3 consolidate=  0.005ms frontier=  0.001ms semisort=  0.009ms (keyed= 0.000ms group_by=  0.001ms per_group= 0.004ms)
[pe] round=430 work=        3 frontier=        6 next=        2 consolidate=  0.003ms frontier=  0.000ms semisort=  0.003ms (keyed= 0.000ms group_by=  0.000ms per_group= 0.001ms)
[pe] round=431 work=        2 (tail-skip: all parents empty)
[pe] round=  0 work= 10460911 frontier=  5950187 next=    47386 consolidate=282.707ms frontier= 28.932ms semisort= 89.215ms (keyed=13.855ms group_by=  1.840ms per_group=28.435ms)
[pe] round=  1 work=    47386 frontier=   274132 next=    22307 consolidate=  4.277ms frontier=  0.428ms semisort=  4.426ms (keyed= 0.961ms group_by=  0.150ms per_group= 1.619ms)
[pe] round=  2 work=    22307 frontier=    94168 next=    11347 consolidate=  2.057ms frontier=  0.318ms semisort=  3.607ms (keyed= 0.062ms group_by=  1.872ms per_group= 0.706ms)
[pe] round=  3 work=    11347 frontier=    38990 next=     6320 consolidate=  1.244ms frontier=  0.258ms semisort=  1.555ms (keyed= 0.020ms group_by=  0.625ms per_group= 0.388ms)
[pe] round=  4 work=     6320 frontier=    18118 next=     3668 consolidate=  1.168ms frontier=  0.199ms semisort=  0.886ms (keyed= 0.013ms group_by=  0.316ms per_group= 0.182ms)
[pe] round=  5 work=     3668 frontier=    14200 next=     2998 consolidate=  0.670ms frontier=  0.111ms semisort=  0.814ms (keyed= 0.013ms group_by=  0.324ms per_group= 0.222ms)
[pe] round=  6 work=     2998 frontier=    14168 next=     2333 consolidate=  0.554ms frontier=  0.085ms semisort=  0.665ms (keyed= 0.015ms group_by=  0.259ms per_group= 0.172ms)
[pe] round=  7 work=     2333 frontier=    13358 next=     1381 consolidate=  0.463ms frontier=  0.082ms semisort=  0.560ms (keyed= 0.014ms group_by=  0.232ms per_group= 0.126ms)
[pe] round=  8 work=     1381 frontier=    14960 next=      914 consolidate=  0.284ms frontier=  0.070ms semisort=  0.674ms (keyed= 0.014ms group_by=  0.310ms per_group= 0.106ms)
[pe] round=  9 work=      914 frontier=     5537 next=      691 consolidate=  0.267ms frontier=  0.057ms semisort=  0.952ms (keyed= 0.009ms group_by=  0.655ms per_group= 0.140ms)
[pe] round= 10 work=      691 frontier=     9111 next=      460 consolidate=  0.196ms frontier=  0.057ms semisort=  1.035ms (keyed= 0.018ms group_by=  0.733ms per_group= 0.154ms)
[pe] round= 11 work=      460 frontier=     4999 next=      531 consolidate=  0.171ms frontier=  0.038ms semisort=  0.744ms (keyed= 0.013ms group_by=  0.488ms per_group= 0.124ms)
[pe] round= 12 work=      531 frontier=     4274 next=      372 consolidate=  0.178ms frontier=  0.040ms semisort=  0.719ms (keyed= 0.009ms group_by=  0.513ms per_group= 0.098ms)
[pe] round= 13 work=      372 frontier=     1790 next=      116 consolidate=  0.112ms frontier=  0.021ms semisort=  0.329ms (keyed= 0.006ms group_by=  0.171ms per_group= 0.066ms)
[pe] round= 14 work=      116 frontier=      268 next=       36 consolidate=  0.040ms frontier=  0.008ms semisort=  0.055ms (keyed= 0.001ms group_by=  0.016ms per_group= 0.017ms)
[pe] round= 15 work=       36 frontier=      116 next=       38 consolidate=  0.018ms frontier=  0.004ms semisort=  0.028ms (keyed= 0.000ms group_by=  0.005ms per_group= 0.013ms)
[pe] round= 16 work=       38 frontier=      182 next=       35 consolidate=  0.033ms frontier=  0.003ms semisort=  0.048ms (keyed= 0.001ms group_by=  0.012ms per_group= 0.013ms)
[pe] round= 17 work=       35 frontier=      122 next=       37 consolidate=  0.036ms frontier=  0.003ms semisort=  0.029ms (keyed= 0.000ms group_by=  0.006ms per_group= 0.012ms)
[pe] round= 18 work=       37 frontier=       80 next=       25 consolidate=  0.040ms frontier=  0.003ms semisort=  0.022ms (keyed= 0.000ms group_by=  0.004ms per_group= 0.010ms)
[pe] round= 19 work=       25 frontier=       76 next=       25 consolidate=  0.027ms frontier=  0.002ms semisort=  0.020ms (keyed= 0.000ms group_by=  0.003ms per_group= 0.011ms)
[pe] round= 20 work=       25 frontier=      138 next=       23 consolidate=  0.018ms frontier=  0.003ms semisort=  0.032ms (keyed= 0.001ms group_by=  0.008ms per_group= 0.011ms)
[pe] round= 21 work=       23 frontier=      102 next=       31 consolidate=  0.014ms frontier=  0.003ms semisort=  0.027ms (keyed= 0.000ms group_by=  0.004ms per_group= 0.014ms)
[pe] round= 22 work=       31 frontier=       76 next=       23 consolidate=  0.032ms frontier=  0.001ms semisort=  0.019ms (keyed= 0.000ms group_by=  0.003ms per_group= 0.009ms)
[pe] round= 23 work=       23 frontier=       68 next=       23 consolidate=  0.015ms frontier=  0.003ms semisort=  0.016ms (keyed= 0.000ms group_by=  0.002ms per_group= 0.008ms)
[pe] round= 24 work=       23 frontier=      134 next=       23 consolidate=  0.024ms frontier=  0.002ms semisort=  0.028ms (keyed= 0.001ms group_by=  0.006ms per_group= 0.009ms)
[pe] round= 25 work=       23 frontier=      102 next=       31 consolidate=  0.025ms frontier=  0.001ms semisort=  0.027ms (keyed= 0.000ms group_by=  0.004ms per_group= 0.013ms)
[pe] round= 26 work=       31 frontier=       76 next=       23 consolidate=  0.016ms frontier=  0.003ms semisort=  0.017ms (keyed= 0.000ms group_by=  0.003ms per_group= 0.008ms)
[pe] round= 27 work=       23 frontier=       68 next=       23 consolidate=  0.023ms frontier=  0.002ms semisort=  0.015ms (keyed= 0.000ms group_by=  0.002ms per_group= 0.007ms)
[pe] round= 28 work=       23 frontier=      134 next=       23 consolidate=  0.013ms frontier=  0.003ms semisort=  0.024ms (keyed= 0.000ms group_by=  0.005ms per_group= 0.008ms)
[pe] round= 29 work=       23 frontier=      102 next=       31 consolidate=  0.016ms frontier=  0.002ms semisort=  0.022ms (keyed= 0.000ms group_by=  0.004ms per_group= 0.010ms)
[pe] round= 30 work=       31 frontier=       76 next=       23 consolidate=  0.019ms frontier=  0.003ms semisort=  0.017ms (keyed= 0.000ms group_by=  0.003ms per_group= 0.008ms)
[pe] round= 31 work=       23 frontier=       68 next=       23 consolidate=  0.014ms frontier=  0.003ms semisort=  0.018ms (keyed= 0.000ms group_by=  0.003ms per_group= 0.009ms)
[pe] round= 32 work=       23 frontier=      134 next=       23 consolidate=  0.017ms frontier=  0.003ms semisort=  0.028ms (keyed= 0.001ms group_by=  0.007ms per_group= 0.010ms)
[pe] round= 33 work=       23 frontier=      102 next=       31 consolidate=  0.019ms frontier=  0.002ms semisort=  0.031ms (keyed= 0.000ms group_by=  0.008ms per_group= 0.011ms)
[pe] round= 34 work=       31 frontier=       76 next=       23 consolidate=  0.021ms frontier=  0.003ms semisort=  0.018ms (keyed= 0.000ms group_by=  0.003ms per_group= 0.008ms)
[pe] round= 35 work=       23 frontier=       68 next=       23 consolidate=  0.016ms frontier=  0.003ms semisort=  0.018ms (keyed= 0.000ms group_by=  0.002ms per_group= 0.008ms)
[pe] round= 36 work=       23 frontier=      134 next=       23 consolidate=  0.015ms frontier=  0.003ms semisort=  0.040ms (keyed= 0.001ms group_by=  0.014ms per_group= 0.013ms)
[pe] round= 37 work=       23 frontier=      102 next=       31 consolidate=  0.026ms frontier=  0.001ms semisort=  0.025ms (keyed= 0.000ms group_by=  0.004ms per_group= 0.009ms)
[pe] round= 38 work=       31 frontier=       76 next=       23 consolidate=  0.017ms frontier=  0.003ms semisort=  0.019ms (keyed= 0.000ms group_by=  0.003ms per_group= 0.009ms)
[pe] round= 39 work=       23 frontier=       68 next=       23 consolidate=  0.024ms frontier=  0.002ms semisort=  0.016ms (keyed= 0.000ms group_by=  0.003ms per_group= 0.008ms)
[pe] round= 40 work=       23 frontier=      134 next=       23 consolidate=  0.013ms frontier=  0.003ms semisort=  0.024ms (keyed= 0.000ms group_by=  0.004ms per_group= 0.009ms)
[pe] round= 41 work=       23 frontier=      102 next=       31 consolidate=  0.017ms frontier=  0.003ms semisort=  0.024ms (keyed= 0.000ms group_by=  0.004ms per_group= 0.009ms)
[pe] round= 42 work=       31 frontier=       76 next=       23 consolidate=  0.038ms frontier=  0.002ms semisort=  0.022ms (keyed= 0.000ms group_by=  0.005ms per_group= 0.009ms)
[pe] round= 43 work=       23 frontier=       68 next=       23 consolidate=  0.014ms frontier=  0.003ms semisort=  0.016ms (keyed= 0.000ms group_by=  0.002ms per_group= 0.008ms)
[pe] round= 44 work=       23 frontier=      134 next=       23 consolidate=  0.018ms frontier=  0.002ms semisort=  0.032ms (keyed= 0.001ms group_by=  0.009ms per_group= 0.012ms)
[pe] round= 45 work=       23 frontier=      102 next=       31 consolidate=  0.027ms frontier=  0.001ms semisort=  0.026ms (keyed= 0.000ms group_by=  0.004ms per_group= 0.012ms)
[pe] round= 46 work=       31 frontier=       76 next=       23 consolidate=  0.019ms frontier=  0.003ms semisort=  0.019ms (keyed= 0.000ms group_by=  0.004ms per_group= 0.008ms)
[pe] round= 47 work=       23 frontier=       68 next=       23 consolidate=  0.014ms frontier=  0.003ms semisort=  0.019ms (keyed= 0.000ms group_by=  0.003ms per_group= 0.009ms)
[pe] round= 48 work=       23 frontier=       22 next=       11 consolidate=  0.016ms frontier=  0.003ms semisort=  0.008ms (keyed= 0.000ms group_by=  0.001ms per_group= 0.003ms)
[pe] round= 49 work=       11 frontier=       62 next=       11 consolidate=  0.014ms frontier=  0.001ms semisort=  0.013ms (keyed= 0.000ms group_by=  0.002ms per_group= 0.004ms)
[pe] round= 50 work=       11 frontier=       28 next=       11 consolidate=  0.010ms frontier=  0.002ms semisort=  0.010ms (keyed= 0.000ms group_by=  0.001ms per_group= 0.006ms)
[pe] round= 51 work=       11 frontier=       44 next=       11 consolidate=  0.010ms frontier=  0.002ms semisort=  0.010ms (keyed= 0.000ms group_by=  0.002ms per_group= 0.004ms)
[pe] round= 52 work=       11 frontier=       22 next=       11 consolidate=  0.015ms frontier=  0.002ms semisort=  0.007ms (keyed= 0.000ms group_by=  0.001ms per_group= 0.003ms)
[pe] round= 53 work=       11 frontier=       62 next=       11 consolidate=  0.012ms frontier=  0.001ms semisort=  0.013ms (keyed= 0.000ms group_by=  0.003ms per_group= 0.004ms)
[pe] round= 54 work=       11 frontier=       28 next=       11 consolidate=  0.009ms frontier=  0.002ms semisort=  0.008ms (keyed= 0.000ms group_by=  0.001ms per_group= 0.004ms)
[pe] round= 55 work=       11 frontier=       44 next=       11 consolidate=  0.011ms frontier=  0.002ms semisort=  0.009ms (keyed= 0.000ms group_by=  0.001ms per_group= 0.004ms)
[pe] round= 56 work=       11 frontier=       22 next=       11 consolidate=  0.013ms frontier=  0.001ms semisort=  0.006ms (keyed= 0.000ms group_by=  0.001ms per_group= 0.003ms)
[pe] round= 57 work=       11 frontier=       62 next=       11 consolidate=  0.010ms frontier=  0.002ms semisort=  0.013ms (keyed= 0.000ms group_by=  0.002ms per_group= 0.005ms)
[pe] round= 58 work=       11 frontier=       28 next=       11 consolidate=  0.011ms frontier=  0.001ms semisort=  0.009ms (keyed= 0.000ms group_by=  0.001ms per_group= 0.004ms)
[pe] round= 59 work=       11 frontier=       44 next=       11 consolidate=  0.012ms frontier=  0.001ms semisort=  0.009ms (keyed= 0.000ms group_by=  0.001ms per_group= 0.004ms)
[pe] round= 60 work=       11 frontier=       22 next=       11 consolidate=  0.010ms frontier=  0.002ms semisort=  0.007ms (keyed= 0.000ms group_by=  0.001ms per_group= 0.004ms)
[pe] round= 61 work=       11 frontier=       62 next=       11 consolidate=  0.012ms frontier=  0.001ms semisort=  0.012ms (keyed= 0.000ms group_by=  0.002ms per_group= 0.004ms)
[pe] round= 62 work=       11 frontier=       28 next=       11 consolidate=  0.011ms frontier=  0.001ms semisort=  0.009ms (keyed= 0.000ms group_by=  0.002ms per_group= 0.004ms)
[pe] round= 63 work=       11 frontier=       44 next=       11 consolidate=  0.010ms frontier=  0.001ms semisort=  0.009ms (keyed= 0.000ms group_by=  0.001ms per_group= 0.004ms)
[pe] round= 64 work=       11 frontier=       22 next=       11 consolidate=  0.011ms frontier=  0.001ms semisort=  0.006ms (keyed= 0.000ms group_by=  0.001ms per_group= 0.003ms)
[pe] round= 65 work=       11 frontier=       62 next=       11 consolidate=  0.013ms frontier=  0.001ms semisort=  0.012ms (keyed= 0.000ms group_by=  0.002ms per_group= 0.004ms)
[pe] round= 66 work=       11 frontier=       28 next=       11 consolidate=  0.014ms frontier=  0.002ms semisort=  0.011ms (keyed= 0.000ms group_by=  0.002ms per_group= 0.006ms)
[pe] round= 67 work=       11 frontier=       44 next=       11 consolidate=  0.010ms frontier=  0.001ms semisort=  0.009ms (keyed= 0.000ms group_by=  0.001ms per_group= 0.004ms)
[pe] round= 68 work=       11 frontier=       22 next=       11 consolidate=  0.013ms frontier=  0.001ms semisort=  0.007ms (keyed= 0.000ms group_by=  0.001ms per_group= 0.003ms)
[pe] round= 69 work=       11 frontier=       62 next=       11 consolidate=  0.011ms frontier=  0.001ms semisort=  0.012ms (keyed= 0.000ms group_by=  0.002ms per_group= 0.004ms)
[pe] round= 70 work=       11 frontier=       28 next=       11 consolidate=  0.009ms frontier=  0.002ms semisort=  0.008ms (keyed= 0.000ms group_by=  0.001ms per_group= 0.004ms)
[pe] round= 71 work=       11 frontier=       44 next=       11 consolidate=  0.013ms frontier=  0.001ms semisort=  0.009ms (keyed= 0.000ms group_by=  0.001ms per_group= 0.004ms)
[pe] round= 72 work=       11 frontier=       22 next=       11 consolidate=  0.013ms frontier=  0.001ms semisort=  0.006ms (keyed= 0.000ms group_by=  0.001ms per_group= 0.003ms)
[pe] round= 73 work=       11 frontier=       62 next=       11 consolidate=  0.010ms frontier=  0.002ms semisort=  0.012ms (keyed= 0.000ms group_by=  0.002ms per_group= 0.005ms)
[pe] round= 74 work=       11 frontier=       28 next=       11 consolidate=  0.011ms frontier=  0.001ms semisort=  0.008ms (keyed= 0.000ms group_by=  0.001ms per_group= 0.004ms)
[pe] round= 75 work=       11 frontier=       44 next=       11 consolidate=  0.011ms frontier=  0.001ms semisort=  0.009ms (keyed= 0.000ms group_by=  0.001ms per_group= 0.004ms)
[pe] round= 76 work=       11 frontier=       22 next=       11 consolidate=  0.010ms frontier=  0.001ms semisort=  0.007ms (keyed= 0.000ms group_by=  0.001ms per_group= 0.004ms)
[pe] round= 77 work=       11 frontier=       62 next=       11 consolidate=  0.012ms frontier=  0.001ms semisort=  0.012ms (keyed= 0.000ms group_by=  0.003ms per_group= 0.004ms)
[pe] round= 78 work=       11 frontier=       28 next=       11 consolidate=  0.010ms frontier=  0.001ms semisort=  0.008ms (keyed= 0.000ms group_by=  0.001ms per_group= 0.004ms)
[pe] round= 79 work=       11 frontier=       44 next=       11 consolidate=  0.011ms frontier=  0.001ms semisort=  0.009ms (keyed= 0.000ms group_by=  0.001ms per_group= 0.004ms)
[pe] round= 80 work=       11 frontier=       22 next=       11 consolidate=  0.009ms frontier=  0.001ms semisort=  0.006ms (keyed= 0.000ms group_by=  0.001ms per_group= 0.003ms)
[pe] round= 81 work=       11 frontier=       62 next=       11 consolidate=  0.012ms frontier=  0.001ms semisort=  0.012ms (keyed= 0.000ms group_by=  0.002ms per_group= 0.004ms)
[pe] round= 82 work=       11 frontier=       28 next=       11 consolidate=  0.009ms frontier=  0.002ms semisort=  0.011ms (keyed= 0.000ms group_by=  0.001ms per_group= 0.006ms)
[pe] round= 83 work=       11 frontier=       44 next=       11 consolidate=  0.009ms frontier=  0.001ms semisort=  0.009ms (keyed= 0.000ms group_by=  0.001ms per_group= 0.004ms)
[pe] round= 84 work=       11 frontier=       22 next=       11 consolidate=  0.012ms frontier=  0.001ms semisort=  0.007ms (keyed= 0.000ms group_by=  0.001ms per_group= 0.003ms)
[pe] round= 85 work=       11 frontier=       62 next=       11 consolidate=  0.009ms frontier=  0.002ms semisort=  0.013ms (keyed= 0.000ms group_by=  0.002ms per_group= 0.004ms)
[pe] round= 86 work=       11 frontier=       28 next=       11 consolidate=  0.010ms frontier=  0.002ms semisort=  0.008ms (keyed= 0.000ms group_by=  0.002ms per_group= 0.004ms)
[pe] round= 87 work=       11 frontier=       44 next=       11 consolidate=  0.012ms frontier=  0.001ms semisort=  0.009ms (keyed= 0.000ms group_by=  0.001ms per_group= 0.004ms)
[pe] round= 88 work=       11 frontier=       22 next=       11 consolidate=  0.010ms frontier=  0.002ms semisort=  0.006ms (keyed= 0.000ms group_by=  0.001ms per_group= 0.003ms)
[pe] round= 89 work=       11 frontier=       62 next=       11 consolidate=  0.010ms frontier=  0.002ms semisort=  0.013ms (keyed= 0.000ms group_by=  0.002ms per_group= 0.005ms)
[pe] round= 90 work=       11 frontier=       28 next=       11 consolidate=  0.012ms frontier=  0.001ms semisort=  0.008ms (keyed= 0.000ms group_by=  0.001ms per_group= 0.004ms)
[pe] round= 91 work=       11 frontier=       44 next=       11 consolidate=  0.009ms frontier=  0.002ms semisort=  0.008ms (keyed= 0.000ms group_by=  0.001ms per_group= 0.003ms)
[pe] round= 92 work=       11 frontier=       22 next=       11 consolidate=  0.014ms frontier=  0.001ms semisort=  0.007ms (keyed= 0.000ms group_by=  0.001ms per_group= 0.003ms)
[pe] round= 93 work=       11 frontier=       62 next=       11 consolidate=  0.011ms frontier=  0.001ms semisort=  0.012ms (keyed= 0.000ms group_by=  0.002ms per_group= 0.004ms)
[pe] round= 94 work=       11 frontier=       28 next=       11 consolidate=  0.013ms frontier=  0.001ms semisort=  0.008ms (keyed= 0.000ms group_by=  0.002ms per_group= 0.004ms)
[pe] round= 95 work=       11 frontier=       44 next=       11 consolidate=  0.012ms frontier=  0.001ms semisort=  0.009ms (keyed= 0.000ms group_by=  0.001ms per_group= 0.004ms)
[pe] round= 96 work=       11 frontier=       22 next=       11 consolidate=  0.012ms frontier=  0.001ms semisort=  0.006ms (keyed= 0.000ms group_by=  0.001ms per_group= 0.003ms)
[pe] round= 97 work=       11 frontier=       62 next=       11 consolidate=  0.010ms frontier=  0.002ms semisort=  0.012ms (keyed= 0.000ms group_by=  0.002ms per_group= 0.004ms)
[pe] round= 98 work=       11 frontier=       28 next=       11 consolidate=  0.013ms frontier=  0.001ms semisort=  0.009ms (keyed= 0.000ms group_by=  0.002ms per_group= 0.004ms)
[pe] round= 99 work=       11 frontier=       44 next=       11 consolidate=  0.011ms frontier=  0.001ms semisort=  0.008ms (keyed= 0.000ms group_by=  0.001ms per_group= 0.004ms)
[pe] round=100 work=       11 frontier=       22 next=       11 consolidate=  0.011ms frontier=  0.002ms semisort=  0.006ms (keyed= 0.000ms group_by=  0.001ms per_group= 0.003ms)
[pe] round=101 work=       11 frontier=       62 next=       11 consolidate=  0.013ms frontier=  0.001ms semisort=  0.012ms (keyed= 0.000ms group_by=  0.002ms per_group= 0.004ms)
[pe] round=102 work=       11 frontier=       28 next=       11 consolidate=  0.010ms frontier=  0.001ms semisort=  0.008ms (keyed= 0.000ms group_by=  0.002ms per_group= 0.003ms)
[pe] round=103 work=       11 frontier=       44 next=       11 consolidate=  0.013ms frontier=  0.001ms semisort=  0.008ms (keyed= 0.000ms group_by=  0.001ms per_group= 0.003ms)
[pe] round=104 work=       11 frontier=       22 next=       11 consolidate=  0.014ms frontier=  0.001ms semisort=  0.006ms (keyed= 0.000ms group_by=  0.001ms per_group= 0.003ms)
[pe] round=105 work=       11 frontier=       62 next=       11 consolidate=  0.013ms frontier=  0.001ms semisort=  0.013ms (keyed= 0.000ms group_by=  0.002ms per_group= 0.005ms)
[pe] round=106 work=       11 frontier=       28 next=       11 consolidate=  0.011ms frontier=  0.002ms semisort=  0.008ms (keyed= 0.000ms group_by=  0.001ms per_group= 0.003ms)
[pe] round=107 work=       11 frontier=       44 next=       11 consolidate=  0.013ms frontier=  0.002ms semisort=  0.009ms (keyed= 0.000ms group_by=  0.001ms per_group= 0.004ms)
[pe] round=108 work=       11 frontier=       22 next=       11 consolidate=  0.012ms frontier=  0.001ms semisort=  0.010ms (keyed= 0.000ms group_by=  0.001ms per_group= 0.007ms)
[pe] round=109 work=       11 frontier=       62 next=       11 consolidate=  0.010ms frontier=  0.002ms semisort=  0.013ms (keyed= 0.000ms group_by=  0.002ms per_group= 0.005ms)
[pe] round=110 work=       11 frontier=       28 next=       11 consolidate=  0.011ms frontier=  0.001ms semisort=  0.009ms (keyed= 0.000ms group_by=  0.001ms per_group= 0.004ms)
[pe] round=111 work=       11 frontier=       44 next=       11 consolidate=  0.012ms frontier=  0.001ms semisort=  0.009ms (keyed= 0.000ms group_by=  0.002ms per_group= 0.004ms)
[pe] round=112 work=       11 frontier=       22 next=       11 consolidate=  0.009ms frontier=  0.002ms semisort=  0.007ms (keyed= 0.000ms group_by=  0.001ms per_group= 0.003ms)
[pe] round=113 work=       11 frontier=       62 next=       11 consolidate=  0.013ms frontier=  0.001ms semisort=  0.012ms (keyed= 0.000ms group_by=  0.002ms per_group= 0.004ms)
[pe] round=114 work=       11 frontier=       28 next=       11 consolidate=  0.011ms frontier=  0.001ms semisort=  0.008ms (keyed= 0.000ms group_by=  0.001ms per_group= 0.004ms)
[pe] round=115 work=       11 frontier=       44 next=       11 consolidate=  0.010ms frontier=  0.002ms semisort=  0.009ms (keyed= 0.000ms group_by=  0.001ms per_group= 0.003ms)
[pe] round=116 work=       11 frontier=       22 next=       11 consolidate=  0.011ms frontier=  0.001ms semisort=  0.006ms (keyed= 0.000ms group_by=  0.001ms per_group= 0.003ms)
[pe] round=117 work=       11 frontier=       62 next=       11 consolidate=  0.011ms frontier=  0.001ms semisort=  0.012ms (keyed= 0.000ms group_by=  0.002ms per_group= 0.004ms)
[pe] round=118 work=       11 frontier=       28 next=       11 consolidate=  0.013ms frontier=  0.002ms semisort=  0.009ms (keyed= 0.000ms group_by=  0.002ms per_group= 0.004ms)
[pe] round=119 work=       11 frontier=       44 next=       11 consolidate=  0.012ms frontier=  0.001ms semisort=  0.008ms (keyed= 0.000ms group_by=  0.001ms per_group= 0.004ms)
[pe] round=120 work=       11 frontier=       22 next=       11 consolidate=  0.011ms frontier=  0.001ms semisort=  0.006ms (keyed= 0.000ms group_by=  0.001ms per_group= 0.003ms)
[pe] round=121 work=       11 frontier=       62 next=       11 consolidate=  0.010ms frontier=  0.001ms semisort=  0.013ms (keyed= 0.000ms group_by=  0.002ms per_group= 0.005ms)
[pe] round=122 work=       11 frontier=       28 next=       11 consolidate=  0.011ms frontier=  0.001ms semisort=  0.008ms (keyed= 0.000ms group_by=  0.002ms per_group= 0.004ms)
[pe] round=123 work=       11 frontier=       44 next=       11 consolidate=  0.011ms frontier=  0.001ms semisort=  0.008ms (keyed= 0.000ms group_by=  0.001ms per_group= 0.003ms)
[pe] round=124 work=       11 frontier=       22 next=       11 consolidate=  0.012ms frontier=  0.001ms semisort=  0.007ms (keyed= 0.000ms group_by=  0.001ms per_group= 0.003ms)
[pe] round=125 work=       11 frontier=       62 next=       11 consolidate=  0.011ms frontier=  0.001ms semisort=  0.012ms (keyed= 0.000ms group_by=  0.002ms per_group= 0.004ms)
[pe] round=126 work=       11 frontier=       28 next=       11 consolidate=  0.011ms frontier=  0.001ms semisort=  0.008ms (keyed= 0.000ms group_by=  0.001ms per_group= 0.004ms)
[pe] round=127 work=       11 frontier=       44 next=       11 consolidate=  0.010ms frontier=  0.001ms semisort=  0.010ms (keyed= 0.000ms group_by=  0.001ms per_group= 0.004ms)
[pe] round=128 work=       11 frontier=       22 next=       11 consolidate=  0.011ms frontier=  0.001ms semisort=  0.006ms (keyed= 0.000ms group_by=  0.001ms per_group= 0.003ms)
[pe] round=129 work=       11 frontier=       62 next=       11 consolidate=  0.013ms frontier=  0.001ms semisort=  0.014ms (keyed= 0.000ms group_by=  0.003ms per_group= 0.005ms)
[pe] round=130 work=       11 frontier=       28 next=       11 consolidate=  0.010ms frontier=  0.002ms semisort=  0.008ms (keyed= 0.000ms group_by=  0.001ms per_group= 0.004ms)
[pe] round=131 work=       11 frontier=       44 next=       11 consolidate=  0.012ms frontier=  0.001ms semisort=  0.009ms (keyed= 0.000ms group_by=  0.002ms per_group= 0.004ms)
[pe] round=132 work=       11 frontier=       22 next=       11 consolidate=  0.012ms frontier=  0.001ms semisort=  0.006ms (keyed= 0.000ms group_by=  0.001ms per_group= 0.003ms)
[pe] round=133 work=       11 frontier=       62 next=       11 consolidate=  0.012ms frontier=  0.001ms semisort=  0.013ms (keyed= 0.000ms group_by=  0.002ms per_group= 0.004ms)
[pe] round=134 work=       11 frontier=       28 next=       11 consolidate=  0.010ms frontier=  0.001ms semisort=  0.008ms (keyed= 0.000ms group_by=  0.001ms per_group= 0.003ms)
[pe] round=135 work=       11 frontier=       44 next=       11 consolidate=  0.012ms frontier=  0.001ms semisort=  0.009ms (keyed= 0.000ms group_by=  0.001ms per_group= 0.004ms)
[pe] round=136 work=       11 frontier=       22 next=       11 consolidate=  0.012ms frontier=  0.001ms semisort=  0.007ms (keyed= 0.000ms group_by=  0.001ms per_group= 0.003ms)
[pe] round=137 work=       11 frontier=       62 next=       11 consolidate=  0.012ms frontier=  0.001ms semisort=  0.013ms (keyed= 0.000ms group_by=  0.002ms per_group= 0.005ms)
[pe] round=138 work=       11 frontier=       28 next=       11 consolidate=  0.011ms frontier=  0.001ms semisort=  0.008ms (keyed= 0.000ms group_by=  0.001ms per_group= 0.004ms)
[pe] round=139 work=       11 frontier=       44 next=       11 consolidate=  0.010ms frontier=  0.002ms semisort=  0.008ms (keyed= 0.000ms group_by=  0.001ms per_group= 0.004ms)
[pe] round=140 work=       11 frontier=       22 next=       11 consolidate=  0.012ms frontier=  0.001ms semisort=  0.007ms (keyed= 0.000ms group_by=  0.001ms per_group= 0.003ms)
[pe] round=141 work=       11 frontier=       62 next=       11 consolidate=  0.012ms frontier=  0.001ms semisort=  0.012ms (keyed= 0.000ms group_by=  0.002ms per_group= 0.004ms)
[pe] round=142 work=       11 frontier=       28 next=       11 consolidate=  0.010ms frontier=  0.002ms semisort=  0.009ms (keyed= 0.000ms group_by=  0.002ms per_group= 0.004ms)
[pe] round=143 work=       11 frontier=       44 next=       11 consolidate=  0.013ms frontier=  0.001ms semisort=  0.009ms (keyed= 0.000ms group_by=  0.001ms per_group= 0.004ms)
[pe] round=144 work=       11 frontier=       22 next=       11 consolidate=  0.011ms frontier=  0.001ms semisort=  0.007ms (keyed= 0.000ms group_by=  0.001ms per_group= 0.003ms)
[pe] round=145 work=       11 frontier=       62 next=       11 consolidate=  0.010ms frontier=  0.002ms semisort=  0.013ms (keyed= 0.000ms group_by=  0.002ms per_group= 0.005ms)
[pe] round=146 work=       11 frontier=       28 next=       11 consolidate=  0.012ms frontier=  0.001ms semisort=  0.008ms (keyed= 0.000ms group_by=  0.001ms per_group= 0.004ms)
[pe] round=147 work=       11 frontier=       44 next=       11 consolidate=  0.011ms frontier=  0.001ms semisort=  0.009ms (keyed= 0.000ms group_by=  0.001ms per_group= 0.004ms)
[pe] round=148 work=       11 frontier=       22 next=       11 consolidate=  0.010ms frontier=  0.002ms semisort=  0.007ms (keyed= 0.000ms group_by=  0.001ms per_group= 0.004ms)
[pe] round=149 work=       11 frontier=       62 next=       11 consolidate=  0.012ms frontier=  0.001ms semisort=  0.012ms (keyed= 0.000ms group_by=  0.002ms per_group= 0.004ms)
[pe] round=150 work=       11 frontier=       28 next=       11 consolidate=  0.015ms frontier=  0.001ms semisort=  0.011ms (keyed= 0.000ms group_by=  0.002ms per_group= 0.006ms)
[pe] round=151 work=       11 frontier=       44 next=       11 consolidate=  0.013ms frontier=  0.001ms semisort=  0.008ms (keyed= 0.000ms group_by=  0.001ms per_group= 0.004ms)
[pe] round=152 work=       11 frontier=       22 next=       11 consolidate=  0.010ms frontier=  0.001ms semisort=  0.007ms (keyed= 0.000ms group_by=  0.001ms per_group= 0.003ms)
[pe] round=153 work=       11 frontier=       62 next=       11 consolidate=  0.012ms frontier=  0.001ms semisort=  0.016ms (keyed= 0.000ms group_by=  0.002ms per_group= 0.007ms)
[pe] round=154 work=       11 frontier=       28 next=       11 consolidate=  0.013ms frontier=  0.001ms semisort=  0.009ms (keyed= 0.000ms group_by=  0.002ms per_group= 0.004ms)
[pe] round=155 work=       11 frontier=       44 next=       11 consolidate=  0.010ms frontier=  0.001ms semisort=  0.009ms (keyed= 0.000ms group_by=  0.002ms per_group= 0.003ms)
[pe] round=156 work=       11 frontier=       22 next=       11 consolidate=  0.012ms frontier=  0.001ms semisort=  0.007ms (keyed= 0.000ms group_by=  0.001ms per_group= 0.003ms)
[pe] round=157 work=       11 frontier=       62 next=       11 consolidate=  0.012ms frontier=  0.001ms semisort=  0.012ms (keyed= 0.000ms group_by=  0.002ms per_group= 0.004ms)
[pe] round=158 work=       11 frontier=       28 next=       11 consolidate=  0.011ms frontier=  0.001ms semisort=  0.009ms (keyed= 0.000ms group_by=  0.002ms per_group= 0.004ms)
[pe] round=159 work=       11 frontier=       44 next=       11 consolidate=  0.012ms frontier=  0.001ms semisort=  0.009ms (keyed= 0.000ms group_by=  0.001ms per_group= 0.004ms)
[pe] round=160 work=       11 frontier=       22 next=       11 consolidate=  0.011ms frontier=  0.001ms semisort=  0.006ms (keyed= 0.000ms group_by=  0.001ms per_group= 0.003ms)
[pe] round=161 work=       11 frontier=       62 next=       11 consolidate=  0.011ms frontier=  0.001ms semisort=  0.014ms (keyed= 0.000ms group_by=  0.003ms per_group= 0.005ms)
[pe] round=162 work=       11 frontier=       28 next=       11 consolidate=  0.009ms frontier=  0.001ms semisort=  0.008ms (keyed= 0.000ms group_by=  0.001ms per_group= 0.004ms)
[pe] round=163 work=       11 frontier=       44 next=       11 consolidate=  0.011ms frontier=  0.001ms semisort=  0.009ms (keyed= 0.000ms group_by=  0.001ms per_group= 0.004ms)
[pe] round=164 work=       11 frontier=       22 next=       11 consolidate=  0.012ms frontier=  0.001ms semisort=  0.007ms (keyed= 0.000ms group_by=  0.001ms per_group= 0.003ms)
[pe] round=165 work=       11 frontier=       62 next=       11 consolidate=  0.011ms frontier=  0.001ms semisort=  0.015ms (keyed= 0.000ms group_by=  0.002ms per_group= 0.006ms)
[pe] round=166 work=       11 frontier=       28 next=       11 consolidate=  0.011ms frontier=  0.001ms semisort=  0.008ms (keyed= 0.000ms group_by=  0.001ms per_group= 0.003ms)
[pe] round=167 work=       11 frontier=       44 next=       11 consolidate=  0.011ms frontier=  0.001ms semisort=  0.009ms (keyed= 0.000ms group_by=  0.002ms per_group= 0.004ms)
[pe] round=168 work=       11 frontier=       22 next=       11 consolidate=  0.011ms frontier=  0.001ms semisort=  0.007ms (keyed= 0.000ms group_by=  0.001ms per_group= 0.004ms)
[pe] round=169 work=       11 frontier=       62 next=       11 consolidate=  0.010ms frontier=  0.002ms semisort=  0.016ms (keyed= 0.000ms group_by=  0.003ms per_group= 0.005ms)
[pe] round=170 work=       11 frontier=       28 next=       11 consolidate=  0.012ms frontier=  0.001ms semisort=  0.008ms (keyed= 0.000ms group_by=  0.001ms per_group= 0.004ms)
[pe] round=171 work=       11 frontier=       44 next=       11 consolidate=  0.010ms frontier=  0.002ms semisort=  0.009ms (keyed= 0.000ms group_by=  0.001ms per_group= 0.004ms)
[pe] round=172 work=       11 frontier=       22 next=       11 consolidate=  0.009ms frontier=  0.002ms semisort=  0.007ms (keyed= 0.000ms group_by=  0.001ms per_group= 0.004ms)
[pe] round=173 work=       11 frontier=       62 next=       11 consolidate=  0.012ms frontier=  0.001ms semisort=  0.012ms (keyed= 0.000ms group_by=  0.002ms per_group= 0.004ms)
[pe] round=174 work=       11 frontier=       28 next=       11 consolidate=  0.011ms frontier=  0.002ms semisort=  0.009ms (keyed= 0.000ms group_by=  0.002ms per_group= 0.004ms)
[pe] round=175 work=       11 frontier=       44 next=       11 consolidate=  0.012ms frontier=  0.002ms semisort=  0.009ms (keyed= 0.000ms group_by=  0.001ms per_group= 0.004ms)
[pe] round=176 work=       11 frontier=       22 next=       11 consolidate=  0.012ms frontier=  0.001ms semisort=  0.007ms (keyed= 0.000ms group_by=  0.001ms per_group= 0.003ms)
[pe] round=177 work=       11 frontier=       62 next=       11 consolidate=  0.011ms frontier=  0.002ms semisort=  0.014ms (keyed= 0.000ms group_by=  0.003ms per_group= 0.005ms)
[pe] round=178 work=       11 frontier=       28 next=       11 consolidate=  0.010ms frontier=  0.002ms semisort=  0.008ms (keyed= 0.000ms group_by=  0.001ms per_group= 0.004ms)
[pe] round=179 work=       11 frontier=       44 next=       11 consolidate=  0.011ms frontier=  0.001ms semisort=  0.008ms (keyed= 0.000ms group_by=  0.001ms per_group= 0.004ms)
[pe] round=180 work=       11 frontier=       22 next=       11 consolidate=  0.010ms frontier=  0.002ms semisort=  0.007ms (keyed= 0.000ms group_by=  0.001ms per_group= 0.004ms)
[pe] round=181 work=       11 frontier=       62 next=       11 consolidate=  0.012ms frontier=  0.001ms semisort=  0.013ms (keyed= 0.000ms group_by=  0.002ms per_group= 0.004ms)
[pe] round=182 work=       11 frontier=       28 next=       11 consolidate=  0.012ms frontier=  0.001ms semisort=  0.009ms (keyed= 0.000ms group_by=  0.001ms per_group= 0.004ms)
[pe] round=183 work=       11 frontier=       44 next=       11 consolidate=  0.009ms frontier=  0.002ms semisort=  0.009ms (keyed= 0.000ms group_by=  0.001ms per_group= 0.004ms)
[pe] round=184 work=       11 frontier=       22 next=       11 consolidate=  0.011ms frontier=  0.001ms semisort=  0.006ms (keyed= 0.000ms group_by=  0.001ms per_group= 0.003ms)
[pe] round=185 work=       11 frontier=       62 next=       11 consolidate=  0.013ms frontier=  0.001ms semisort=  0.013ms (keyed= 0.000ms group_by=  0.002ms per_group= 0.005ms)
[pe] round=186 work=       11 frontier=       28 next=       11 consolidate=  0.009ms frontier=  0.002ms semisort=  0.008ms (keyed= 0.000ms group_by=  0.002ms per_group= 0.003ms)
[pe] round=187 work=       11 frontier=       44 next=       11 consolidate=  0.012ms frontier=  0.001ms semisort=  0.009ms (keyed= 0.000ms group_by=  0.001ms per_group= 0.003ms)
[pe] round=188 work=       11 frontier=       22 next=       11 consolidate=  0.013ms frontier=  0.001ms semisort=  0.007ms (keyed= 0.000ms group_by=  0.001ms per_group= 0.003ms)
[pe] round=189 work=       11 frontier=       62 next=       11 consolidate=  0.012ms frontier=  0.002ms semisort=  0.013ms (keyed= 0.000ms group_by=  0.002ms per_group= 0.005ms)
[pe] round=190 work=       11 frontier=       28 next=       11 consolidate=  0.009ms frontier=  0.002ms semisort=  0.008ms (keyed= 0.000ms group_by=  0.001ms per_group= 0.004ms)
[pe] round=191 work=       11 frontier=       44 next=       11 consolidate=  0.015ms frontier=  0.001ms semisort=  0.009ms (keyed= 0.000ms group_by=  0.001ms per_group= 0.004ms)
[pe] round=192 work=       11 frontier=       22 next=       11 consolidate=  0.011ms frontier=  0.001ms semisort=  0.006ms (keyed= 0.000ms group_by=  0.001ms per_group= 0.003ms)
[pe] round=193 work=       11 frontier=       62 next=       11 consolidate=  0.012ms frontier=  0.001ms semisort=  0.014ms (keyed= 0.000ms group_by=  0.003ms per_group= 0.005ms)
[pe] round=194 work=       11 frontier=       28 next=       11 consolidate=  0.011ms frontier=  0.002ms semisort=  0.008ms (keyed= 0.000ms group_by=  0.001ms per_group= 0.004ms)
[pe] round=195 work=       11 frontier=       44 next=       11 consolidate=  0.012ms frontier=  0.001ms semisort=  0.008ms (keyed= 0.000ms group_by=  0.001ms per_group= 0.004ms)
[pe] round=196 work=       11 frontier=       22 next=       11 consolidate=  0.011ms frontier=  0.001ms semisort=  0.006ms (keyed= 0.000ms group_by=  0.001ms per_group= 0.003ms)
[pe] round=197 work=       11 frontier=       62 next=       11 consolidate=  0.014ms frontier=  0.001ms semisort=  0.016ms (keyed= 0.000ms group_by=  0.003ms per_group= 0.006ms)
[pe] round=198 work=       11 frontier=       28 next=       11 consolidate=  0.012ms frontier=  0.001ms semisort=  0.008ms (keyed= 0.000ms group_by=  0.002ms per_group= 0.003ms)
[pe] round=199 work=       11 frontier=       44 next=       11 consolidate=  0.012ms frontier=  0.001ms semisort=  0.009ms (keyed= 0.000ms group_by=  0.002ms per_group= 0.004ms)
[pe] round=200 work=       11 frontier=       22 next=       11 consolidate=  0.009ms frontier=  0.002ms semisort=  0.006ms (keyed= 0.000ms group_by=  0.001ms per_group= 0.003ms)
[pe] round=201 work=       11 frontier=       62 next=       11 consolidate=  0.009ms frontier=  0.002ms semisort=  0.013ms (keyed= 0.000ms group_by=  0.003ms per_group= 0.005ms)
[pe] round=202 work=       11 frontier=       28 next=       11 consolidate=  0.012ms frontier=  0.001ms semisort=  0.008ms (keyed= 0.000ms group_by=  0.001ms per_group= 0.004ms)
[pe] round=203 work=       11 frontier=       44 next=       11 consolidate=  0.009ms frontier=  0.002ms semisort=  0.008ms (keyed= 0.000ms group_by=  0.001ms per_group= 0.004ms)
[pe] round=204 work=       11 frontier=       22 next=       11 consolidate=  0.011ms frontier=  0.001ms semisort=  0.007ms (keyed= 0.000ms group_by=  0.001ms per_group= 0.003ms)
[pe] round=205 work=       11 frontier=       62 next=       11 consolidate=  0.012ms frontier=  0.001ms semisort=  0.012ms (keyed= 0.000ms group_by=  0.002ms per_group= 0.004ms)
[pe] round=206 work=       11 frontier=       28 next=       11 consolidate=  0.009ms frontier=  0.002ms semisort=  0.008ms (keyed= 0.000ms group_by=  0.002ms per_group= 0.004ms)
[pe] round=207 work=       11 frontier=       44 next=       11 consolidate=  0.013ms frontier=  0.001ms semisort=  0.008ms (keyed= 0.000ms group_by=  0.001ms per_group= 0.004ms)
[pe] round=208 work=       11 frontier=       22 next=       11 consolidate=  0.011ms frontier=  0.001ms semisort=  0.006ms (keyed= 0.000ms group_by=  0.001ms per_group= 0.003ms)
[pe] round=209 work=       11 frontier=       70 next=       11 consolidate=  0.013ms frontier=  0.002ms semisort=  0.020ms (keyed= 0.000ms group_by=  0.004ms per_group= 0.007ms)
[pe] round=210 work=       11 frontier=       28 next=        7 consolidate=  0.010ms frontier=  0.001ms semisort=  0.008ms (keyed= 0.000ms group_by=  0.001ms per_group= 0.003ms)
[pe] round=211 work=        7 frontier=       28 next=        7 consolidate=  0.008ms frontier=  0.001ms semisort=  0.007ms (keyed= 0.000ms group_by=  0.001ms per_group= 0.003ms)
[pe] round=212 work=        7 frontier=       14 next=        7 consolidate=  0.009ms frontier=  0.001ms semisort=  0.005ms (keyed= 0.000ms group_by=  0.001ms per_group= 0.002ms)
[pe] round=213 work=        7 frontier=       46 next=        7 consolidate=  0.009ms frontier=  0.001ms semisort=  0.010ms (keyed= 0.000ms group_by=  0.002ms per_group= 0.003ms)
[pe] round=214 work=        7 frontier=       20 next=        7 consolidate=  0.007ms frontier=  0.001ms semisort=  0.007ms (keyed= 0.000ms group_by=  0.001ms per_group= 0.003ms)
[pe] round=215 work=        7 frontier=       28 next=        7 consolidate=  0.008ms frontier=  0.001ms semisort=  0.006ms (keyed= 0.000ms group_by=  0.001ms per_group= 0.002ms)
[pe] round=216 work=        7 frontier=       14 next=        7 consolidate=  0.007ms frontier=  0.001ms semisort=  0.005ms (keyed= 0.000ms group_by=  0.001ms per_group= 0.002ms)
[pe] round=217 work=        7 frontier=       46 next=        7 consolidate=  0.008ms frontier=  0.001ms semisort=  0.010ms (keyed= 0.000ms group_by=  0.001ms per_group= 0.004ms)
[pe] round=218 work=        7 frontier=       20 next=        7 consolidate=  0.008ms frontier=  0.001ms semisort=  0.007ms (keyed= 0.000ms group_by=  0.001ms per_group= 0.003ms)
[pe] round=219 work=        7 frontier=       28 next=        7 consolidate=  0.007ms frontier=  0.001ms semisort=  0.006ms (keyed= 0.000ms group_by=  0.001ms per_group= 0.002ms)
[pe] round=220 work=        7 frontier=       14 next=        7 consolidate=  0.009ms frontier=  0.001ms semisort=  0.006ms (keyed= 0.000ms group_by=  0.001ms per_group= 0.003ms)
[pe] round=221 work=        7 frontier=       46 next=        7 consolidate=  0.008ms frontier=  0.001ms semisort=  0.010ms (keyed= 0.000ms group_by=  0.002ms per_group= 0.003ms)
[pe] round=222 work=        7 frontier=       20 next=        7 consolidate=  0.008ms frontier=  0.001ms semisort=  0.006ms (keyed= 0.000ms group_by=  0.001ms per_group= 0.003ms)
[pe] round=223 work=        7 frontier=       28 next=        7 consolidate=  0.009ms frontier=  0.001ms semisort=  0.006ms (keyed= 0.000ms group_by=  0.001ms per_group= 0.002ms)
[pe] round=224 work=        7 frontier=       14 next=        7 consolidate=  0.007ms frontier=  0.001ms semisort=  0.005ms (keyed= 0.000ms group_by=  0.001ms per_group= 0.003ms)
[pe] round=225 work=        7 frontier=       46 next=        7 consolidate=  0.009ms frontier=  0.001ms semisort=  0.010ms (keyed= 0.000ms group_by=  0.002ms per_group= 0.003ms)
[pe] round=226 work=        7 frontier=       20 next=        7 consolidate=  0.007ms frontier=  0.001ms semisort=  0.006ms (keyed= 0.000ms group_by=  0.001ms per_group= 0.003ms)
[pe] round=227 work=        7 frontier=       28 next=        7 consolidate=  0.009ms frontier=  0.001ms semisort=  0.006ms (keyed= 0.000ms group_by=  0.001ms per_group= 0.002ms)
[pe] round=228 work=        7 frontier=       14 next=        7 consolidate=  0.007ms frontier=  0.001ms semisort=  0.005ms (keyed= 0.000ms group_by=  0.001ms per_group= 0.003ms)
[pe] round=229 work=        7 frontier=       46 next=        7 consolidate=  0.009ms frontier=  0.001ms semisort=  0.010ms (keyed= 0.000ms group_by=  0.002ms per_group= 0.004ms)
[pe] round=230 work=        7 frontier=       20 next=        7 consolidate=  0.008ms frontier=  0.001ms semisort=  0.006ms (keyed= 0.000ms group_by=  0.001ms per_group= 0.003ms)
[pe] round=231 work=        7 frontier=       28 next=        7 consolidate=  0.008ms frontier=  0.001ms semisort=  0.006ms (keyed= 0.000ms group_by=  0.001ms per_group= 0.003ms)
[pe] round=232 work=        7 frontier=       14 next=        7 consolidate=  0.007ms frontier=  0.001ms semisort=  0.005ms (keyed= 0.000ms group_by=  0.001ms per_group= 0.002ms)
[pe] round=233 work=        7 frontier=       46 next=        7 consolidate=  0.009ms frontier=  0.001ms semisort=  0.011ms (keyed= 0.000ms group_by=  0.001ms per_group= 0.004ms)
[pe] round=234 work=        7 frontier=       20 next=        7 consolidate=  0.007ms frontier=  0.001ms semisort=  0.006ms (keyed= 0.000ms group_by=  0.001ms per_group= 0.003ms)
[pe] round=235 work=        7 frontier=       28 next=        7 consolidate=  0.007ms frontier=  0.001ms semisort=  0.006ms (keyed= 0.000ms group_by=  0.001ms per_group= 0.002ms)
[pe] round=236 work=        7 frontier=       14 next=        7 consolidate=  0.008ms frontier=  0.001ms semisort=  0.005ms (keyed= 0.000ms group_by=  0.001ms per_group= 0.003ms)
[pe] round=237 work=        7 frontier=       46 next=        7 consolidate=  0.007ms frontier=  0.001ms semisort=  0.013ms (keyed= 0.000ms group_by=  0.001ms per_group= 0.004ms)
[pe] round=238 work=        7 frontier=       20 next=        7 consolidate=  0.008ms frontier=  0.001ms semisort=  0.006ms (keyed= 0.000ms group_by=  0.001ms per_group= 0.003ms)
[pe] round=239 work=        7 frontier=       28 next=        7 consolidate=  0.009ms frontier=  0.001ms semisort=  0.006ms (keyed= 0.000ms group_by=  0.001ms per_group= 0.002ms)
[pe] round=240 work=        7 frontier=       14 next=        7 consolidate=  0.007ms frontier=  0.001ms semisort=  0.005ms (keyed= 0.000ms group_by=  0.001ms per_group= 0.002ms)
[pe] round=241 work=        7 frontier=       46 next=        7 consolidate=  0.008ms frontier=  0.001ms semisort=  0.010ms (keyed= 0.000ms group_by=  0.002ms per_group= 0.003ms)
[pe] round=242 work=        7 frontier=       20 next=        7 consolidate=  0.008ms frontier=  0.001ms semisort=  0.006ms (keyed= 0.000ms group_by=  0.001ms per_group= 0.003ms)
[pe] round=243 work=        7 frontier=       28 next=        7 consolidate=  0.008ms frontier=  0.001ms semisort=  0.006ms (keyed= 0.000ms group_by=  0.001ms per_group= 0.002ms)
[pe] round=244 work=        7 frontier=       14 next=        7 consolidate=  0.008ms frontier=  0.001ms semisort=  0.005ms (keyed= 0.000ms group_by=  0.001ms per_group= 0.002ms)
[pe] round=245 work=        7 frontier=       46 next=        7 consolidate=  0.008ms frontier=  0.001ms semisort=  0.010ms (keyed= 0.000ms group_by=  0.002ms per_group= 0.004ms)
[pe] round=246 work=        7 frontier=       20 next=        7 consolidate=  0.008ms frontier=  0.001ms semisort=  0.006ms (keyed= 0.000ms group_by=  0.001ms per_group= 0.003ms)
[pe] round=247 work=        7 frontier=       28 next=        7 consolidate=  0.009ms frontier=  0.001ms semisort=  0.006ms (keyed= 0.000ms group_by=  0.001ms per_group= 0.002ms)
[pe] round=248 work=        7 frontier=       14 next=        7 consolidate=  0.006ms frontier=  0.001ms semisort=  0.004ms (keyed= 0.000ms group_by=  0.001ms per_group= 0.002ms)
[pe] round=249 work=        7 frontier=       46 next=        7 consolidate=  0.008ms frontier=  0.001ms semisort=  0.010ms (keyed= 0.000ms group_by=  0.001ms per_group= 0.004ms)
[pe] round=250 work=        7 frontier=       20 next=        7 consolidate=  0.008ms frontier=  0.001ms semisort=  0.006ms (keyed= 0.000ms group_by=  0.001ms per_group= 0.003ms)
[pe] round=251 work=        7 frontier=       28 next=        7 consolidate=  0.007ms frontier=  0.001ms semisort=  0.006ms (keyed= 0.000ms group_by=  0.001ms per_group= 0.002ms)
[pe] round=252 work=        7 frontier=       14 next=        7 consolidate=  0.008ms frontier=  0.001ms semisort=  0.005ms (keyed= 0.000ms group_by=  0.001ms per_group= 0.003ms)
[pe] round=253 work=        7 frontier=       46 next=        7 consolidate=  0.008ms frontier=  0.001ms semisort=  0.010ms (keyed= 0.000ms group_by=  0.001ms per_group= 0.003ms)
[pe] round=254 work=        7 frontier=       20 next=        7 consolidate=  0.008ms frontier=  0.001ms semisort=  0.006ms (keyed= 0.000ms group_by=  0.001ms per_group= 0.003ms)
[pe] round=255 work=        7 frontier=       28 next=        7 consolidate=  0.008ms frontier=  0.001ms semisort=  0.006ms (keyed= 0.000ms group_by=  0.001ms per_group= 0.003ms)
[pe] round=256 work=        7 frontier=       14 next=        7 consolidate=  0.006ms frontier=  0.001ms semisort=  0.005ms (keyed= 0.000ms group_by=  0.001ms per_group= 0.003ms)
[pe] round=257 work=        7 frontier=       46 next=        7 consolidate=  0.009ms frontier=  0.001ms semisort=  0.010ms (keyed= 0.000ms group_by=  0.001ms per_group= 0.004ms)
[pe] round=258 work=        7 frontier=       20 next=        7 consolidate=  0.007ms frontier=  0.001ms semisort=  0.006ms (keyed= 0.000ms group_by=  0.001ms per_group= 0.003ms)
[pe] round=259 work=        7 frontier=       28 next=        7 consolidate=  0.007ms frontier=  0.001ms semisort=  0.006ms (keyed= 0.000ms group_by=  0.001ms per_group= 0.002ms)
[pe] round=260 work=        7 frontier=       14 next=        7 consolidate=  0.008ms frontier=  0.001ms semisort=  0.005ms (keyed= 0.000ms group_by=  0.001ms per_group= 0.003ms)
[pe] round=261 work=        7 frontier=       46 next=        7 consolidate=  0.008ms frontier=  0.001ms semisort=  0.010ms (keyed= 0.000ms group_by=  0.002ms per_group= 0.004ms)
[pe] round=262 work=        7 frontier=       20 next=        7 consolidate=  0.008ms frontier=  0.001ms semisort=  0.006ms (keyed= 0.000ms group_by=  0.001ms per_group= 0.003ms)
[pe] round=263 work=        7 frontier=       28 next=        7 consolidate=  0.008ms frontier=  0.001ms semisort=  0.006ms (keyed= 0.000ms group_by=  0.001ms per_group= 0.002ms)
[pe] round=264 work=        7 frontier=       14 next=        7 consolidate=  0.006ms frontier=  0.001ms semisort=  0.005ms (keyed= 0.000ms group_by=  0.001ms per_group= 0.003ms)
[pe] round=265 work=        7 frontier=       46 next=        7 consolidate=  0.007ms frontier=  0.001ms semisort=  0.010ms (keyed= 0.000ms group_by=  0.002ms per_group= 0.003ms)
[pe] round=266 work=        7 frontier=       20 next=        7 consolidate=  0.008ms frontier=  0.001ms semisort=  0.006ms (keyed= 0.000ms group_by=  0.001ms per_group= 0.002ms)
[pe] round=267 work=        7 frontier=       28 next=        7 consolidate=  0.007ms frontier=  0.001ms semisort=  0.006ms (keyed= 0.000ms group_by=  0.001ms per_group= 0.003ms)
[pe] round=268 work=        7 frontier=       14 next=        7 consolidate=  0.009ms frontier=  0.001ms semisort=  0.005ms (keyed= 0.000ms group_by=  0.001ms per_group= 0.002ms)
[pe] round=269 work=        7 frontier=       46 next=        7 consolidate=  0.008ms frontier=  0.001ms semisort=  0.010ms (keyed= 0.000ms group_by=  0.002ms per_group= 0.003ms)
[pe] round=270 work=        7 frontier=       20 next=        7 consolidate=  0.008ms frontier=  0.001ms semisort=  0.006ms (keyed= 0.000ms group_by=  0.001ms per_group= 0.003ms)
[pe] round=271 work=        7 frontier=       28 next=        7 consolidate=  0.008ms frontier=  0.001ms semisort=  0.006ms (keyed= 0.000ms group_by=  0.001ms per_group= 0.002ms)
[pe] round=272 work=        7 frontier=       14 next=        7 consolidate=  0.007ms frontier=  0.001ms semisort=  0.005ms (keyed= 0.000ms group_by=  0.001ms per_group= 0.002ms)
[pe] round=273 work=        7 frontier=       46 next=        7 consolidate=  0.009ms frontier=  0.001ms semisort=  0.011ms (keyed= 0.000ms group_by=  0.002ms per_group= 0.004ms)
[pe] round=274 work=        7 frontier=       20 next=        7 consolidate=  0.006ms frontier=  0.001ms semisort=  0.006ms (keyed= 0.000ms group_by=  0.001ms per_group= 0.003ms)
[pe] round=275 work=        7 frontier=       28 next=        7 consolidate=  0.007ms frontier=  0.001ms semisort=  0.006ms (keyed= 0.000ms group_by=  0.001ms per_group= 0.003ms)
[pe] round=276 work=        7 frontier=       14 next=        7 consolidate=  0.008ms frontier=  0.001ms semisort=  0.005ms (keyed= 0.000ms group_by=  0.001ms per_group= 0.002ms)
[pe] round=277 work=        7 frontier=       46 next=        7 consolidate=  0.008ms frontier=  0.001ms semisort=  0.010ms (keyed= 0.000ms group_by=  0.002ms per_group= 0.004ms)
[pe] round=278 work=        7 frontier=       20 next=        7 consolidate=  0.008ms frontier=  0.001ms semisort=  0.007ms (keyed= 0.000ms group_by=  0.001ms per_group= 0.003ms)
[pe] round=279 work=        7 frontier=       28 next=        7 consolidate=  0.008ms frontier=  0.001ms semisort=  0.006ms (keyed= 0.000ms group_by=  0.001ms per_group= 0.002ms)
[pe] round=280 work=        7 frontier=       14 next=        7 consolidate=  0.007ms frontier=  0.001ms semisort=  0.004ms (keyed= 0.000ms group_by=  0.001ms per_group= 0.002ms)
[pe] round=281 work=        7 frontier=       46 next=        7 consolidate=  0.007ms frontier=  0.002ms semisort=  0.011ms (keyed= 0.000ms group_by=  0.002ms per_group= 0.004ms)
[pe] round=282 work=        7 frontier=       20 next=        7 consolidate=  0.007ms frontier=  0.001ms semisort=  0.006ms (keyed= 0.000ms group_by=  0.001ms per_group= 0.003ms)
[pe] round=283 work=        7 frontier=       28 next=        7 consolidate=  0.007ms frontier=  0.001ms semisort=  0.006ms (keyed= 0.000ms group_by=  0.001ms per_group= 0.002ms)
[pe] round=284 work=        7 frontier=       14 next=        7 consolidate=  0.009ms frontier=  0.001ms semisort=  0.005ms (keyed= 0.000ms group_by=  0.001ms per_group= 0.003ms)
[pe] round=285 work=        7 frontier=       46 next=        7 consolidate=  0.007ms frontier=  0.002ms semisort=  0.010ms (keyed= 0.000ms group_by=  0.002ms per_group= 0.004ms)
[pe] round=286 work=        7 frontier=       20 next=        7 consolidate=  0.009ms frontier=  0.001ms semisort=  0.006ms (keyed= 0.000ms group_by=  0.001ms per_group= 0.003ms)
[pe] round=287 work=        7 frontier=       28 next=        7 consolidate=  0.008ms frontier=  0.001ms semisort=  0.006ms (keyed= 0.000ms group_by=  0.001ms per_group= 0.003ms)
[pe] round=288 work=        7 frontier=       14 next=        7 consolidate=  0.007ms frontier=  0.001ms semisort=  0.005ms (keyed= 0.000ms group_by=  0.001ms per_group= 0.002ms)
[pe] round=289 work=        7 frontier=       46 next=        7 consolidate=  0.009ms frontier=  0.001ms semisort=  0.011ms (keyed= 0.000ms group_by=  0.002ms per_group= 0.004ms)
[pe] round=290 work=        7 frontier=       20 next=        7 consolidate=  0.008ms frontier=  0.001ms semisort=  0.006ms (keyed= 0.000ms group_by=  0.001ms per_group= 0.003ms)
[pe] round=291 work=        7 frontier=       28 next=        7 consolidate=  0.008ms frontier=  0.001ms semisort=  0.009ms (keyed= 0.000ms group_by=  0.004ms per_group= 0.003ms)
[pe] round=292 work=        7 frontier=       14 next=        7 consolidate=  0.008ms frontier=  0.001ms semisort=  0.005ms (keyed= 0.000ms group_by=  0.001ms per_group= 0.002ms)
[pe] round=293 work=        7 frontier=       46 next=        7 consolidate=  0.008ms frontier=  0.001ms semisort=  0.010ms (keyed= 0.000ms group_by=  0.002ms per_group= 0.004ms)
[pe] round=294 work=        7 frontier=       20 next=        7 consolidate=  0.007ms frontier=  0.001ms semisort=  0.006ms (keyed= 0.000ms group_by=  0.001ms per_group= 0.002ms)
[pe] round=295 work=        7 frontier=       28 next=        7 consolidate=  0.009ms frontier=  0.001ms semisort=  0.006ms (keyed= 0.000ms group_by=  0.001ms per_group= 0.002ms)
[pe] round=296 work=        7 frontier=       14 next=        7 consolidate=  0.006ms frontier=  0.001ms semisort=  0.005ms (keyed= 0.000ms group_by=  0.001ms per_group= 0.002ms)
[pe] round=297 work=        7 frontier=       46 next=        7 consolidate=  0.008ms frontier=  0.001ms semisort=  0.011ms (keyed= 0.000ms group_by=  0.001ms per_group= 0.004ms)
[pe] round=298 work=        7 frontier=       20 next=        7 consolidate=  0.007ms frontier=  0.001ms semisort=  0.006ms (keyed= 0.000ms group_by=  0.001ms per_group= 0.002ms)
[pe] round=299 work=        7 frontier=       28 next=        7 consolidate=  0.007ms frontier=  0.001ms semisort=  0.006ms (keyed= 0.000ms group_by=  0.001ms per_group= 0.003ms)
[pe] round=300 work=        7 frontier=       14 next=        7 consolidate=  0.008ms frontier=  0.001ms semisort=  0.005ms (keyed= 0.000ms group_by=  0.001ms per_group= 0.003ms)
[pe] round=301 work=        7 frontier=       46 next=        7 consolidate=  0.007ms frontier=  0.001ms semisort=  0.010ms (keyed= 0.000ms group_by=  0.002ms per_group= 0.004ms)
[pe] round=302 work=        7 frontier=       20 next=        7 consolidate=  0.007ms frontier=  0.001ms semisort=  0.006ms (keyed= 0.000ms group_by=  0.001ms per_group= 0.003ms)
[pe] round=303 work=        7 frontier=       28 next=        7 consolidate=  0.007ms frontier=  0.001ms semisort=  0.006ms (keyed= 0.000ms group_by=  0.001ms per_group= 0.002ms)
[pe] round=304 work=        7 frontier=       14 next=        7 consolidate=  0.007ms frontier=  0.001ms semisort=  0.005ms (keyed= 0.000ms group_by=  0.001ms per_group= 0.002ms)
[pe] round=305 work=        7 frontier=       46 next=        7 consolidate=  0.008ms frontier=  0.001ms semisort=  0.011ms (keyed= 0.000ms group_by=  0.002ms per_group= 0.004ms)
[pe] round=306 work=        7 frontier=       20 next=        7 consolidate=  0.008ms frontier=  0.001ms semisort=  0.006ms (keyed= 0.000ms group_by=  0.001ms per_group= 0.003ms)
[pe] round=307 work=        7 frontier=       28 next=        7 consolidate=  0.007ms frontier=  0.001ms semisort=  0.006ms (keyed= 0.000ms group_by=  0.001ms per_group= 0.002ms)
[pe] round=308 work=        7 frontier=       14 next=        7 consolidate=  0.007ms frontier=  0.002ms semisort=  0.005ms (keyed= 0.000ms group_by=  0.001ms per_group= 0.003ms)
[pe] round=309 work=        7 frontier=       46 next=        7 consolidate=  0.008ms frontier=  0.001ms semisort=  0.010ms (keyed= 0.000ms group_by=  0.002ms per_group= 0.004ms)
[pe] round=310 work=        7 frontier=       20 next=        7 consolidate=  0.007ms frontier=  0.001ms semisort=  0.006ms (keyed= 0.000ms group_by=  0.001ms per_group= 0.003ms)
[pe] round=311 work=        7 frontier=       28 next=        7 consolidate=  0.008ms frontier=  0.001ms semisort=  0.006ms (keyed= 0.000ms group_by=  0.001ms per_group= 0.002ms)
[pe] round=312 work=        7 frontier=       14 next=        7 consolidate=  0.006ms frontier=  0.001ms semisort=  0.004ms (keyed= 0.000ms group_by=  0.001ms per_group= 0.002ms)
[pe] round=313 work=        7 frontier=       46 next=        7 consolidate=  0.007ms frontier=  0.001ms semisort=  0.011ms (keyed= 0.000ms group_by=  0.002ms per_group= 0.004ms)
[pe] round=314 work=        7 frontier=       20 next=        7 consolidate=  0.007ms frontier=  0.001ms semisort=  0.007ms (keyed= 0.000ms group_by=  0.001ms per_group= 0.002ms)
[pe] round=315 work=        7 frontier=       28 next=        7 consolidate=  0.007ms frontier=  0.001ms semisort=  0.006ms (keyed= 0.000ms group_by=  0.001ms per_group= 0.002ms)
[pe] round=316 work=        7 frontier=       14 next=        7 consolidate=  0.010ms frontier=  0.001ms semisort=  0.005ms (keyed= 0.000ms group_by=  0.001ms per_group= 0.003ms)
[pe] round=317 work=        7 frontier=       46 next=        7 consolidate=  0.008ms frontier=  0.001ms semisort=  0.010ms (keyed= 0.000ms group_by=  0.002ms per_group= 0.004ms)
[pe] round=318 work=        7 frontier=       20 next=        3 consolidate=  0.007ms frontier=  0.001ms semisort=  0.005ms (keyed= 0.000ms group_by=  0.001ms per_group= 0.002ms)
[pe] round=319 work=        3 frontier=       12 next=        3 consolidate=  0.004ms frontier=  0.001ms semisort=  0.004ms (keyed= 0.000ms group_by=  0.000ms per_group= 0.001ms)
[pe] round=320 work=        3 frontier=        6 next=        3 consolidate=  0.004ms frontier=  0.001ms semisort=  0.003ms (keyed= 0.000ms group_by=  0.000ms per_group= 0.001ms)
[pe] round=321 work=        3 frontier=       30 next=        3 consolidate=  0.005ms frontier=  0.001ms semisort=  0.007ms (keyed= 0.000ms group_by=  0.001ms per_group= 0.002ms)
[pe] round=322 work=        3 frontier=       12 next=        3 consolidate=  0.004ms frontier=  0.000ms semisort=  0.004ms (keyed= 0.000ms group_by=  0.001ms per_group= 0.001ms)
[pe] round=323 work=        3 frontier=       12 next=        3 consolidate=  0.003ms frontier=  0.000ms semisort=  0.003ms (keyed= 0.000ms group_by=  0.000ms per_group= 0.001ms)
[pe] round=324 work=        3 frontier=        6 next=        3 consolidate=  0.004ms frontier=  0.000ms semisort=  0.002ms (keyed= 0.000ms group_by=  0.000ms per_group= 0.001ms)
[pe] round=325 work=        3 frontier=       30 next=        3 consolidate=  0.004ms frontier=  0.000ms semisort=  0.007ms (keyed= 0.000ms group_by=  0.001ms per_group= 0.002ms)
[pe] round=326 work=        3 frontier=       12 next=        3 consolidate=  0.003ms frontier=  0.000ms semisort=  0.004ms (keyed= 0.000ms group_by=  0.001ms per_group= 0.001ms)
[pe] round=327 work=        3 frontier=       12 next=        3 consolidate=  0.003ms frontier=  0.000ms semisort=  0.003ms (keyed= 0.000ms group_by=  0.000ms per_group= 0.001ms)
[pe] round=328 work=        3 frontier=        6 next=        3 consolidate=  0.003ms frontier=  0.000ms semisort=  0.002ms (keyed= 0.000ms group_by=  0.000ms per_group= 0.001ms)
[pe] round=329 work=        3 frontier=       30 next=        3 consolidate=  0.004ms frontier=  0.000ms semisort=  0.007ms (keyed= 0.000ms group_by=  0.001ms per_group= 0.002ms)
[pe] round=330 work=        3 frontier=       12 next=        3 consolidate=  0.003ms frontier=  0.000ms semisort=  0.004ms (keyed= 0.000ms group_by=  0.001ms per_group= 0.001ms)
[pe] round=331 work=        3 frontier=       12 next=        3 consolidate=  0.003ms frontier=  0.000ms semisort=  0.003ms (keyed= 0.000ms group_by=  0.000ms per_group= 0.001ms)
[pe] round=332 work=        3 frontier=        6 next=        3 consolidate=  0.003ms frontier=  0.000ms semisort=  0.002ms (keyed= 0.000ms group_by=  0.000ms per_group= 0.001ms)
[pe] round=333 work=        3 frontier=       30 next=        3 consolidate=  0.004ms frontier=  0.001ms semisort=  0.007ms (keyed= 0.000ms group_by=  0.001ms per_group= 0.002ms)
[pe] round=334 work=        3 frontier=       12 next=        3 consolidate=  0.005ms frontier=  0.001ms semisort=  0.004ms (keyed= 0.000ms group_by=  0.001ms per_group= 0.002ms)
[pe] round=335 work=        3 frontier=       12 next=        3 consolidate=  0.004ms frontier=  0.000ms semisort=  0.003ms (keyed= 0.000ms group_by=  0.000ms per_group= 0.001ms)
[pe] round=336 work=        3 frontier=        6 next=        3 consolidate=  0.003ms frontier=  0.000ms semisort=  0.003ms (keyed= 0.000ms group_by=  0.000ms per_group= 0.001ms)
[pe] round=337 work=        3 frontier=       30 next=        3 consolidate=  0.004ms frontier=  0.000ms semisort=  0.007ms (keyed= 0.000ms group_by=  0.002ms per_group= 0.002ms)
[pe] round=338 work=        3 frontier=       12 next=        3 consolidate=  0.003ms frontier=  0.000ms semisort=  0.005ms (keyed= 0.000ms group_by=  0.001ms per_group= 0.001ms)
[pe] round=339 work=        3 frontier=       12 next=        3 consolidate=  0.003ms frontier=  0.000ms semisort=  0.003ms (keyed= 0.000ms group_by=  0.000ms per_group= 0.001ms)
[pe] round=340 work=        3 frontier=        6 next=        3 consolidate=  0.004ms frontier=  0.000ms semisort=  0.003ms (keyed= 0.000ms group_by=  0.000ms per_group= 0.001ms)
[pe] round=341 work=        3 frontier=       30 next=        3 consolidate=  0.004ms frontier=  0.000ms semisort=  0.007ms (keyed= 0.000ms group_by=  0.001ms per_group= 0.002ms)
[pe] round=342 work=        3 frontier=       12 next=        3 consolidate=  0.003ms frontier=  0.000ms semisort=  0.004ms (keyed= 0.000ms group_by=  0.001ms per_group= 0.001ms)
[pe] round=343 work=        3 frontier=       12 next=        3 consolidate=  0.003ms frontier=  0.000ms semisort=  0.003ms (keyed= 0.000ms group_by=  0.000ms per_group= 0.001ms)
[pe] round=344 work=        3 frontier=        6 next=        3 consolidate=  0.003ms frontier=  0.000ms semisort=  0.002ms (keyed= 0.000ms group_by=  0.000ms per_group= 0.001ms)
[pe] round=345 work=        3 frontier=       30 next=        3 consolidate=  0.004ms frontier=  0.000ms semisort=  0.007ms (keyed= 0.000ms group_by=  0.001ms per_group= 0.002ms)
[pe] round=346 work=        3 frontier=       12 next=        3 consolidate=  0.003ms frontier=  0.000ms semisort=  0.004ms (keyed= 0.000ms group_by=  0.001ms per_group= 0.001ms)
[pe] round=347 work=        3 frontier=       12 next=        3 consolidate=  0.003ms frontier=  0.000ms semisort=  0.003ms (keyed= 0.000ms group_by=  0.000ms per_group= 0.001ms)
[pe] round=348 work=        3 frontier=        6 next=        3 consolidate=  0.004ms frontier=  0.000ms semisort=  0.003ms (keyed= 0.000ms group_by=  0.000ms per_group= 0.001ms)
[pe] round=349 work=        3 frontier=       30 next=        3 consolidate=  0.004ms frontier=  0.000ms semisort=  0.006ms (keyed= 0.000ms group_by=  0.001ms per_group= 0.002ms)
[pe] round=350 work=        3 frontier=       12 next=        3 consolidate=  0.003ms frontier=  0.000ms semisort=  0.004ms (keyed= 0.000ms group_by=  0.001ms per_group= 0.001ms)
[pe] round=351 work=        3 frontier=       12 next=        3 consolidate=  0.003ms frontier=  0.000ms semisort=  0.003ms (keyed= 0.000ms group_by=  0.000ms per_group= 0.001ms)
[pe] round=352 work=        3 frontier=        6 next=        3 consolidate=  0.003ms frontier=  0.000ms semisort=  0.002ms (keyed= 0.000ms group_by=  0.000ms per_group= 0.001ms)
[pe] round=353 work=        3 frontier=       30 next=        3 consolidate=  0.004ms frontier=  0.000ms semisort=  0.007ms (keyed= 0.000ms group_by=  0.001ms per_group= 0.002ms)
[pe] round=354 work=        3 frontier=       12 next=        3 consolidate=  0.004ms frontier=  0.000ms semisort=  0.004ms (keyed= 0.000ms group_by=  0.001ms per_group= 0.001ms)
[pe] round=355 work=        3 frontier=       12 next=        3 consolidate=  0.003ms frontier=  0.000ms semisort=  0.003ms (keyed= 0.000ms group_by=  0.000ms per_group= 0.001ms)
[pe] round=356 work=        3 frontier=        6 next=        3 consolidate=  0.004ms frontier=  0.000ms semisort=  0.002ms (keyed= 0.000ms group_by=  0.000ms per_group= 0.001ms)
[pe] round=357 work=        3 frontier=       30 next=        3 consolidate=  0.003ms frontier=  0.000ms semisort=  0.007ms (keyed= 0.000ms group_by=  0.001ms per_group= 0.002ms)
[pe] round=358 work=        3 frontier=       12 next=        3 consolidate=  0.003ms frontier=  0.000ms semisort=  0.004ms (keyed= 0.000ms group_by=  0.001ms per_group= 0.001ms)
[pe] round=359 work=        3 frontier=       12 next=        3 consolidate=  0.004ms frontier=  0.000ms semisort=  0.003ms (keyed= 0.000ms group_by=  0.000ms per_group= 0.001ms)
[pe] round=360 work=        3 frontier=        6 next=        3 consolidate=  0.003ms frontier=  0.000ms semisort=  0.002ms (keyed= 0.000ms group_by=  0.000ms per_group= 0.001ms)
[pe] round=361 work=        3 frontier=       30 next=        3 consolidate=  0.005ms frontier=  0.001ms semisort=  0.006ms (keyed= 0.000ms group_by=  0.001ms per_group= 0.002ms)
[pe] round=362 work=        3 frontier=       12 next=        3 consolidate=  0.004ms frontier=  0.000ms semisort=  0.004ms (keyed= 0.000ms group_by=  0.001ms per_group= 0.001ms)
[pe] round=363 work=        3 frontier=       12 next=        3 consolidate=  0.003ms frontier=  0.000ms semisort=  0.003ms (keyed= 0.000ms group_by=  0.000ms per_group= 0.001ms)
[pe] round=364 work=        3 frontier=        6 next=        3 consolidate=  0.004ms frontier=  0.000ms semisort=  0.002ms (keyed= 0.000ms group_by=  0.000ms per_group= 0.001ms)
[pe] round=365 work=        3 frontier=       30 next=        3 consolidate=  0.007ms frontier=  0.000ms semisort=  0.007ms (keyed= 0.000ms group_by=  0.001ms per_group= 0.002ms)
[pe] round=366 work=        3 frontier=       12 next=        3 consolidate=  0.004ms frontier=  0.000ms semisort=  0.004ms (keyed= 0.000ms group_by=  0.001ms per_group= 0.002ms)
[pe] round=367 work=        3 frontier=       12 next=        3 consolidate=  0.004ms frontier=  0.000ms semisort=  0.003ms (keyed= 0.000ms group_by=  0.000ms per_group= 0.001ms)
[pe] round=368 work=        3 frontier=        6 next=        3 consolidate=  0.003ms frontier=  0.000ms semisort=  0.003ms (keyed= 0.000ms group_by=  0.000ms per_group= 0.001ms)
[pe] round=369 work=        3 frontier=       30 next=        3 consolidate=  0.004ms frontier=  0.000ms semisort=  0.007ms (keyed= 0.000ms group_by=  0.001ms per_group= 0.002ms)
[pe] round=370 work=        3 frontier=       12 next=        3 consolidate=  0.003ms frontier=  0.000ms semisort=  0.004ms (keyed= 0.000ms group_by=  0.001ms per_group= 0.001ms)
[pe] round=371 work=        3 frontier=       12 next=        3 consolidate=  0.003ms frontier=  0.000ms semisort=  0.003ms (keyed= 0.000ms group_by=  0.000ms per_group= 0.001ms)
[pe] round=372 work=        3 frontier=        6 next=        3 consolidate=  0.003ms frontier=  0.000ms semisort=  0.003ms (keyed= 0.000ms group_by=  0.000ms per_group= 0.001ms)
[pe] round=373 work=        3 frontier=       30 next=        3 consolidate=  0.004ms frontier=  0.000ms semisort=  0.007ms (keyed= 0.000ms group_by=  0.001ms per_group= 0.002ms)
[pe] round=374 work=        3 frontier=       12 next=        3 consolidate=  0.003ms frontier=  0.000ms semisort=  0.005ms (keyed= 0.000ms group_by=  0.002ms per_group= 0.001ms)
[pe] round=375 work=        3 frontier=       12 next=        3 consolidate=  0.003ms frontier=  0.000ms semisort=  0.003ms (keyed= 0.000ms group_by=  0.000ms per_group= 0.001ms)
[pe] round=376 work=        3 frontier=        6 next=        3 consolidate=  0.003ms frontier=  0.000ms semisort=  0.003ms (keyed= 0.000ms group_by=  0.000ms per_group= 0.001ms)
[pe] round=377 work=        3 frontier=       30 next=        3 consolidate=  0.004ms frontier=  0.000ms semisort=  0.007ms (keyed= 0.000ms group_by=  0.001ms per_group= 0.002ms)
[pe] round=378 work=        3 frontier=       12 next=        3 consolidate=  0.003ms frontier=  0.000ms semisort=  0.004ms (keyed= 0.000ms group_by=  0.001ms per_group= 0.001ms)
[pe] round=379 work=        3 frontier=       12 next=        3 consolidate=  0.003ms frontier=  0.000ms semisort=  0.003ms (keyed= 0.000ms group_by=  0.000ms per_group= 0.001ms)
[pe] round=380 work=        3 frontier=        6 next=        3 consolidate=  0.003ms frontier=  0.000ms semisort=  0.003ms (keyed= 0.000ms group_by=  0.000ms per_group= 0.001ms)
[pe] round=381 work=        3 frontier=       30 next=        3 consolidate=  0.004ms frontier=  0.000ms semisort=  0.006ms (keyed= 0.000ms group_by=  0.002ms per_group= 0.002ms)
[pe] round=382 work=        3 frontier=       12 next=        3 consolidate=  0.003ms frontier=  0.000ms semisort=  0.004ms (keyed= 0.000ms group_by=  0.001ms per_group= 0.001ms)
[pe] round=383 work=        3 frontier=       12 next=        3 consolidate=  0.003ms frontier=  0.000ms semisort=  0.003ms (keyed= 0.000ms group_by=  0.000ms per_group= 0.001ms)
[pe] round=384 work=        3 frontier=        6 next=        3 consolidate=  0.003ms frontier=  0.000ms semisort=  0.002ms (keyed= 0.000ms group_by=  0.000ms per_group= 0.001ms)
[pe] round=385 work=        3 frontier=       30 next=        3 consolidate=  0.004ms frontier=  0.000ms semisort=  0.007ms (keyed= 0.000ms group_by=  0.001ms per_group= 0.002ms)
[pe] round=386 work=        3 frontier=       12 next=        3 consolidate=  0.004ms frontier=  0.001ms semisort=  0.004ms (keyed= 0.000ms group_by=  0.001ms per_group= 0.001ms)
[pe] round=387 work=        3 frontier=       12 next=        3 consolidate=  0.003ms frontier=  0.000ms semisort=  0.003ms (keyed= 0.000ms group_by=  0.000ms per_group= 0.001ms)
[pe] round=388 work=        3 frontier=        6 next=        3 consolidate=  0.004ms frontier=  0.000ms semisort=  0.002ms (keyed= 0.000ms group_by=  0.000ms per_group= 0.001ms)
[pe] round=389 work=        3 frontier=       30 next=        3 consolidate=  0.004ms frontier=  0.000ms semisort=  0.006ms (keyed= 0.000ms group_by=  0.001ms per_group= 0.002ms)
[pe] round=390 work=        3 frontier=       12 next=        3 consolidate=  0.004ms frontier=  0.000ms semisort=  0.004ms (keyed= 0.000ms group_by=  0.001ms per_group= 0.001ms)
[pe] round=391 work=        3 frontier=       12 next=        3 consolidate=  0.003ms frontier=  0.000ms semisort=  0.003ms (keyed= 0.000ms group_by=  0.000ms per_group= 0.001ms)
[pe] round=392 work=        3 frontier=        6 next=        3 consolidate=  0.003ms frontier=  0.000ms semisort=  0.003ms (keyed= 0.000ms group_by=  0.001ms per_group= 0.001ms)
[pe] round=393 work=        3 frontier=       30 next=        3 consolidate=  0.004ms frontier=  0.000ms semisort=  0.006ms (keyed= 0.000ms group_by=  0.001ms per_group= 0.002ms)
[pe] round=394 work=        3 frontier=       12 next=        3 consolidate=  0.004ms frontier=  0.000ms semisort=  0.004ms (keyed= 0.000ms group_by=  0.001ms per_group= 0.001ms)
[pe] round=395 work=        3 frontier=       12 next=        3 consolidate=  0.003ms frontier=  0.000ms semisort=  0.003ms (keyed= 0.000ms group_by=  0.000ms per_group= 0.001ms)
[pe] round=396 work=        3 frontier=        6 next=        3 consolidate=  0.003ms frontier=  0.000ms semisort=  0.002ms (keyed= 0.000ms group_by=  0.000ms per_group= 0.001ms)
[pe] round=397 work=        3 frontier=       30 next=        3 consolidate=  0.004ms frontier=  0.000ms semisort=  0.006ms (keyed= 0.000ms group_by=  0.001ms per_group= 0.002ms)
[pe] round=398 work=        3 frontier=       12 next=        3 consolidate=  0.003ms frontier=  0.000ms semisort=  0.004ms (keyed= 0.000ms group_by=  0.001ms per_group= 0.001ms)
[pe] round=399 work=        3 frontier=       12 next=        3 consolidate=  0.004ms frontier=  0.000ms semisort=  0.003ms (keyed= 0.000ms group_by=  0.000ms per_group= 0.001ms)
[pe] round=400 work=        3 frontier=        6 next=        3 consolidate=  0.003ms frontier=  0.000ms semisort=  0.003ms (keyed= 0.000ms group_by=  0.000ms per_group= 0.001ms)
[pe] round=401 work=        3 frontier=       30 next=        3 consolidate=  0.005ms frontier=  0.001ms semisort=  0.007ms (keyed= 0.000ms group_by=  0.001ms per_group= 0.002ms)
[pe] round=402 work=        3 frontier=       12 next=        3 consolidate=  0.004ms frontier=  0.000ms semisort=  0.004ms (keyed= 0.000ms group_by=  0.001ms per_group= 0.001ms)
[pe] round=403 work=        3 frontier=       12 next=        3 consolidate=  0.003ms frontier=  0.000ms semisort=  0.003ms (keyed= 0.000ms group_by=  0.000ms per_group= 0.001ms)
[pe] round=404 work=        3 frontier=        6 next=        3 consolidate=  0.004ms frontier=  0.000ms semisort=  0.003ms (keyed= 0.000ms group_by=  0.000ms per_group= 0.001ms)
[pe] round=405 work=        3 frontier=       30 next=        3 consolidate=  0.004ms frontier=  0.000ms semisort=  0.006ms (keyed= 0.000ms group_by=  0.001ms per_group= 0.002ms)
[pe] round=406 work=        3 frontier=       12 next=        3 consolidate=  0.003ms frontier=  0.000ms semisort=  0.004ms (keyed= 0.000ms group_by=  0.001ms per_group= 0.001ms)
[pe] round=407 work=        3 frontier=       12 next=        3 consolidate=  0.003ms frontier=  0.000ms semisort=  0.003ms (keyed= 0.000ms group_by=  0.000ms per_group= 0.001ms)
[pe] round=408 work=        3 frontier=        6 next=        3 consolidate=  0.003ms frontier=  0.000ms semisort=  0.002ms (keyed= 0.000ms group_by=  0.000ms per_group= 0.001ms)
[pe] round=409 work=        3 frontier=       30 next=        3 consolidate=  0.004ms frontier=  0.000ms semisort=  0.007ms (keyed= 0.000ms group_by=  0.001ms per_group= 0.002ms)
[pe] round=410 work=        3 frontier=       12 next=        3 consolidate=  0.004ms frontier=  0.000ms semisort=  0.004ms (keyed= 0.000ms group_by=  0.001ms per_group= 0.001ms)
[pe] round=411 work=        3 frontier=       12 next=        3 consolidate=  0.003ms frontier=  0.000ms semisort=  0.003ms (keyed= 0.000ms group_by=  0.000ms per_group= 0.001ms)
[pe] round=412 work=        3 frontier=        6 next=        3 consolidate=  0.003ms frontier=  0.000ms semisort=  0.003ms (keyed= 0.000ms group_by=  0.000ms per_group= 0.001ms)
[pe] round=413 work=        3 frontier=       30 next=        3 consolidate=  0.003ms frontier=  0.000ms semisort=  0.006ms (keyed= 0.000ms group_by=  0.001ms per_group= 0.002ms)
[pe] round=414 work=        3 frontier=       12 next=        3 consolidate=  0.003ms frontier=  0.000ms semisort=  0.004ms (keyed= 0.000ms group_by=  0.001ms per_group= 0.001ms)
[pe] round=415 work=        3 frontier=       12 next=        3 consolidate=  0.005ms frontier=  0.001ms semisort=  0.004ms (keyed= 0.000ms group_by=  0.001ms per_group= 0.001ms)
[pe] round=416 work=        3 frontier=        6 next=        3 consolidate=  0.003ms frontier=  0.000ms semisort=  0.002ms (keyed= 0.000ms group_by=  0.000ms per_group= 0.001ms)
[pe] round=417 work=        3 frontier=       30 next=        3 consolidate=  0.004ms frontier=  0.000ms semisort=  0.006ms (keyed= 0.000ms group_by=  0.001ms per_group= 0.002ms)
[pe] round=418 work=        3 frontier=       12 next=        3 consolidate=  0.004ms frontier=  0.000ms semisort=  0.004ms (keyed= 0.000ms group_by=  0.001ms per_group= 0.001ms)
[pe] round=419 work=        3 frontier=       12 next=        3 consolidate=  0.003ms frontier=  0.000ms semisort=  0.003ms (keyed= 0.000ms group_by=  0.000ms per_group= 0.001ms)
[pe] round=420 work=        3 frontier=        6 next=        3 consolidate=  0.003ms frontier=  0.000ms semisort=  0.003ms (keyed= 0.000ms group_by=  0.000ms per_group= 0.001ms)
[pe] round=421 work=        3 frontier=       30 next=        3 consolidate=  0.004ms frontier=  0.001ms semisort=  0.006ms (keyed= 0.000ms group_by=  0.001ms per_group= 0.002ms)
[pe] round=422 work=        3 frontier=       12 next=        3 consolidate=  0.003ms frontier=  0.000ms semisort=  0.004ms (keyed= 0.000ms group_by=  0.001ms per_group= 0.001ms)
[pe] round=423 work=        3 frontier=       12 next=        3 consolidate=  0.004ms frontier=  0.000ms semisort=  0.003ms (keyed= 0.000ms group_by=  0.000ms per_group= 0.001ms)
[pe] round=424 work=        3 frontier=        6 next=        3 consolidate=  0.003ms frontier=  0.000ms semisort=  0.002ms (keyed= 0.000ms group_by=  0.000ms per_group= 0.001ms)
[pe] round=425 work=        3 frontier=       30 next=        3 consolidate=  0.004ms frontier=  0.000ms semisort=  0.007ms (keyed= 0.000ms group_by=  0.001ms per_group= 0.002ms)
[pe] round=426 work=        3 frontier=       12 next=        3 consolidate=  0.004ms frontier=  0.001ms semisort=  0.004ms (keyed= 0.000ms group_by=  0.001ms per_group= 0.002ms)
[pe] round=427 work=        3 frontier=       12 next=        3 consolidate=  0.005ms frontier=  0.001ms semisort=  0.005ms (keyed= 0.000ms group_by=  0.001ms per_group= 0.001ms)
[pe] round=428 work=        3 frontier=        6 next=        3 consolidate=  0.004ms frontier=  0.000ms semisort=  0.003ms (keyed= 0.000ms group_by=  0.000ms per_group= 0.001ms)
[pe] round=429 work=        3 frontier=       31 next=        3 consolidate=  0.005ms frontier=  0.001ms semisort=  0.009ms (keyed= 0.000ms group_by=  0.002ms per_group= 0.004ms)
[pe] round=430 work=        3 frontier=        6 next=        2 consolidate=  0.003ms frontier=  0.000ms semisort=  0.003ms (keyed= 0.000ms group_by=  0.000ms per_group= 0.001ms)
[pe] round=431 work=        2 (tail-skip: all parents empty)
[pe-async] round=  0 R=2 dirty=  5950187 runs=  3886042 filter=  9.907ms semisort= 40.141ms
[pe-async] round=  1 R=3 dirty=   263635 runs=   150760 filter= 10.795ms semisort=  2.943ms
[pe-async] round=  2 R=4 dirty=    86522 runs=    58570 filter=  9.686ms semisort=  3.367ms
[pe-async] round=  3 R=5 dirty=    36944 runs=    18788 filter=  8.964ms semisort=  1.356ms
[pe-async] round=  4 R=6 dirty=    15663 runs=     8740 filter=  8.622ms semisort=  0.620ms
[pe-async] round=  5 R=7 dirty=    13473 runs=     5947 filter=  8.547ms semisort=  0.527ms
[pe-async] round=  6 R=8 dirty=    13658 runs=     7108 filter=  8.288ms semisort=  0.536ms
[pe-async] round=  7 R=9 dirty=    13105 runs=     6254 filter=  8.148ms semisort=  0.507ms
[pe-async] round=  8 R=10 dirty=    14858 runs=     7591 filter=  8.117ms semisort=  0.566ms
[pe-async] round=  9 R=11 dirty=     5451 runs=     2881 filter=  7.861ms semisort=  0.284ms
[pe-async] round= 10 R=12 dirty=     9075 runs=     3410 filter=  7.755ms semisort=  0.393ms
[pe-async] round= 11 R=13 dirty=     4967 runs=     2078 filter=  7.939ms semisort=  0.260ms
[pe-async] round= 12 R=14 dirty=     4266 runs=     2352 filter=  7.630ms semisort=  0.227ms
[pe-async] round= 13 R=15 dirty=     1778 runs=     1264 filter=  7.840ms semisort=  0.102ms
[pe-async] round= 14 R=16 dirty=      268 runs=      116 filter=  7.708ms semisort=  0.048ms
[pe-async] round= 15 R=17 dirty=      116 runs=       38 filter=  7.586ms semisort=  0.035ms
[pe-async] round= 16 R=18 dirty=      182 runs=       91 filter=  7.435ms semisort=  0.041ms
[pe-async] round= 17 R=19 dirty=      122 runs=       51 filter=  7.481ms semisort=  0.034ms
[pe-async] round= 18 R=20 dirty=       80 runs=       31 filter=  7.438ms semisort=  0.023ms
[pe-async] round= 19 R=21 dirty=       76 runs=       25 filter=  7.627ms semisort=  0.024ms
[pe-async] round= 20 R=22 dirty=      138 runs=       75 filter=  7.525ms semisort=  0.029ms
[pe-async] round= 21 R=23 dirty=      102 runs=       43 filter=  7.839ms semisort=  0.033ms
[pe-async] round= 22 R=24 dirty=       76 runs=       29 filter=  7.550ms semisort=  0.027ms
[pe-async] round= 23 R=25 dirty=       68 runs=       23 filter=  7.292ms semisort=  0.022ms
[pe-async] round= 24 R=26 dirty=      134 runs=       71 filter=  7.571ms semisort=  0.035ms
[pe-async] round= 25 R=27 dirty=      102 runs=       43 filter=  7.426ms semisort=  0.034ms
[pe-async] round= 26 R=28 dirty=       76 runs=       29 filter=  7.381ms semisort=  0.024ms
[pe-async] round= 27 R=29 dirty=       68 runs=       23 filter=  7.340ms semisort=  0.025ms
[pe-async] round= 28 R=30 dirty=      134 runs=       71 filter=  7.527ms semisort=  0.030ms
[pe-async] round= 29 R=31 dirty=      102 runs=       43 filter=  7.434ms semisort=  0.031ms
[pe-async] round= 30 R=32 dirty=       76 runs=       29 filter=  7.254ms semisort=  0.022ms
[pe-async] round= 31 R=33 dirty=       68 runs=       23 filter=  7.312ms semisort=  0.025ms
[pe-async] round= 32 R=34 dirty=      134 runs=       71 filter=  7.299ms semisort=  0.032ms
[pe-async] round= 33 R=35 dirty=      102 runs=       43 filter=  7.384ms semisort=  0.030ms
[pe-async] round= 34 R=36 dirty=       76 runs=       29 filter=  7.428ms semisort=  0.024ms
[pe-async] round= 35 R=37 dirty=       68 runs=       23 filter=  7.317ms semisort=  0.021ms
[pe-async] round= 36 R=38 dirty=      134 runs=       71 filter=  7.310ms semisort=  0.030ms
[pe-async] round= 37 R=39 dirty=      102 runs=       43 filter=  7.242ms semisort=  0.037ms
[pe-async] round= 38 R=40 dirty=       76 runs=       29 filter=  7.490ms semisort=  0.023ms
[pe-async] round= 39 R=41 dirty=       68 runs=       23 filter=  7.382ms semisort=  0.023ms
[pe-async] round= 40 R=42 dirty=      134 runs=       71 filter=  7.346ms semisort=  0.029ms
[pe-async] round= 41 R=43 dirty=      102 runs=       43 filter=  7.318ms semisort=  0.030ms
[pe-async] round= 42 R=44 dirty=       76 runs=       29 filter=  7.244ms semisort=  0.023ms
[pe-async] round= 43 R=45 dirty=       68 runs=       23 filter=  7.336ms semisort=  0.021ms
[pe-async] round= 44 R=46 dirty=      134 runs=       71 filter=  7.432ms semisort=  0.038ms
[pe-async] round= 45 R=47 dirty=      102 runs=       43 filter=  7.340ms semisort=  0.032ms
[pe-async] round= 46 R=48 dirty=       76 runs=       29 filter=  7.295ms semisort=  0.022ms
[pe-async] round= 47 R=49 dirty=       68 runs=       23 filter=  7.233ms semisort=  0.021ms
[pe-async] round= 48 R=50 dirty=       22 runs=       11 filter=  7.179ms semisort=  0.013ms
[pe-async] round= 49 R=51 dirty=       62 runs=       23 filter=  7.323ms semisort=  0.020ms
[pe-async] round= 50 R=52 dirty=       28 runs=       17 filter=  7.426ms semisort=  0.013ms
[pe-async] round= 51 R=53 dirty=       44 runs=       11 filter=  7.163ms semisort=  0.018ms
[pe-async] round= 52 R=54 dirty=       22 runs=       11 filter=  7.207ms semisort=  0.013ms
[pe-async] round= 53 R=55 dirty=       62 runs=       23 filter=  7.151ms semisort=  0.019ms
[pe-async] round= 54 R=56 dirty=       28 runs=       17 filter=  7.242ms semisort=  0.013ms
[pe-async] round= 55 R=57 dirty=       44 runs=       11 filter=  7.381ms semisort=  0.017ms
[pe-async] round= 56 R=58 dirty=       22 runs=       11 filter=  7.237ms semisort=  0.012ms
[pe-async] round= 57 R=59 dirty=       62 runs=       23 filter=  7.382ms semisort=  0.019ms
[pe-async] round= 58 R=60 dirty=       28 runs=       17 filter=  7.189ms semisort=  0.014ms
[pe-async] round= 59 R=61 dirty=       44 runs=       11 filter=  7.445ms semisort=  0.018ms
[pe-async] round= 60 R=62 dirty=       22 runs=       11 filter=  7.528ms semisort=  0.012ms
[pe-async] round= 61 R=63 dirty=       62 runs=       23 filter=  7.409ms semisort=  0.019ms
[pe-async] round= 62 R=64 dirty=       28 runs=       17 filter=  7.379ms semisort=  0.013ms
[pe-async] round= 63 R=65 dirty=       44 runs=       11 filter=  7.179ms semisort=  0.017ms
[pe-async] round= 64 R=66 dirty=       22 runs=       11 filter=  7.115ms semisort=  0.012ms
[pe-async] round= 65 R=67 dirty=       62 runs=       23 filter=  7.243ms semisort=  0.019ms
[pe-async] round= 66 R=68 dirty=       28 runs=       17 filter=  7.149ms semisort=  0.013ms
[pe-async] round= 67 R=69 dirty=       44 runs=       11 filter=  7.253ms semisort=  0.013ms
[pe-async] round= 68 R=70 dirty=       22 runs=       11 filter=  7.197ms semisort=  0.012ms
[pe-async] round= 69 R=71 dirty=       62 runs=       23 filter=  7.415ms semisort=  0.016ms
[pe-async] round= 70 R=72 dirty=       28 runs=       17 filter=  7.165ms semisort=  0.014ms
[pe-async] round= 71 R=73 dirty=       44 runs=       11 filter=  7.342ms semisort=  0.017ms
[pe-async] round= 72 R=74 dirty=       22 runs=       11 filter=  7.294ms semisort=  0.012ms
[pe-async] round= 73 R=75 dirty=       62 runs=       23 filter=  7.270ms semisort=  0.019ms
[pe-async] round= 74 R=76 dirty=       28 runs=       17 filter=  7.277ms semisort=  0.013ms
[pe-async] round= 75 R=77 dirty=       44 runs=       11 filter=  7.285ms semisort=  0.018ms
[pe-async] round= 76 R=78 dirty=       22 runs=       11 filter=  7.459ms semisort=  0.012ms
[pe-async] round= 77 R=79 dirty=       62 runs=       23 filter=  7.054ms semisort=  0.018ms
[pe-async] round= 78 R=80 dirty=       28 runs=       17 filter=  7.196ms semisort=  0.013ms
[pe-async] round= 79 R=81 dirty=       44 runs=       11 filter=  7.325ms semisort=  0.013ms
[pe-async] round= 80 R=82 dirty=       22 runs=       11 filter=  7.316ms semisort=  0.013ms
[pe-async] round= 81 R=83 dirty=       62 runs=       23 filter=  7.260ms semisort=  0.019ms
[pe-async] round= 82 R=84 dirty=       28 runs=       17 filter=  7.185ms semisort=  0.014ms
[pe-async] round= 83 R=85 dirty=       44 runs=       11 filter=  7.230ms semisort=  0.017ms
[pe-async] round= 84 R=86 dirty=       22 runs=       11 filter=  7.059ms semisort=  0.013ms
[pe-async] round= 85 R=87 dirty=       62 runs=       23 filter=  7.046ms semisort=  0.020ms
[pe-async] round= 86 R=88 dirty=       28 runs=       17 filter=  7.135ms semisort=  0.013ms
[pe-async] round= 87 R=89 dirty=       44 runs=       11 filter=  7.204ms semisort=  0.018ms
[pe-async] round= 88 R=90 dirty=       22 runs=       11 filter=  7.217ms semisort=  0.012ms
[pe-async] round= 89 R=91 dirty=       62 runs=       23 filter=  7.177ms semisort=  0.019ms
[pe-async] round= 90 R=92 dirty=       28 runs=       17 filter=  7.247ms semisort=  0.013ms
[pe-async] round= 91 R=93 dirty=       44 runs=       11 filter=  7.216ms semisort=  0.017ms
[pe-async] round= 92 R=94 dirty=       22 runs=       11 filter=  7.370ms semisort=  0.012ms
[pe-async] round= 93 R=95 dirty=       62 runs=       23 filter=  7.320ms semisort=  0.019ms
[pe-async] round= 94 R=96 dirty=       28 runs=       17 filter=  7.305ms semisort=  0.013ms
[pe-async] round= 95 R=97 dirty=       44 runs=       11 filter=  7.318ms semisort=  0.017ms
[pe-async] round= 96 R=98 dirty=       22 runs=       11 filter=  7.169ms semisort=  0.013ms
[pe-async] round= 97 R=99 dirty=       62 runs=       23 filter=  7.173ms semisort=  0.019ms
[pe-async] round= 98 R=100 dirty=       28 runs=       17 filter=  7.123ms semisort=  0.013ms
[pe-async] round= 99 R=101 dirty=       44 runs=       11 filter=  7.351ms semisort=  0.018ms
[pe-async] round=100 R=102 dirty=       22 runs=       11 filter=  7.209ms semisort=  0.013ms
[pe-async] round=101 R=103 dirty=       62 runs=       23 filter=  7.135ms semisort=  0.018ms
[pe-async] round=102 R=104 dirty=       28 runs=       17 filter=  7.276ms semisort=  0.014ms
[pe-async] round=103 R=105 dirty=       44 runs=       11 filter=  7.416ms semisort=  0.018ms
[pe-async] round=104 R=106 dirty=       22 runs=       11 filter=  7.093ms semisort=  0.012ms
[pe-async] round=105 R=107 dirty=       62 runs=       23 filter=  7.203ms semisort=  0.019ms
[pe-async] round=106 R=108 dirty=       28 runs=       17 filter=  7.374ms semisort=  0.013ms
[pe-async] round=107 R=109 dirty=       44 runs=       11 filter=  7.252ms semisort=  0.018ms
[pe-async] round=108 R=110 dirty=       22 runs=       11 filter=  7.086ms semisort=  0.013ms
[pe-async] round=109 R=111 dirty=       62 runs=       23 filter=  7.107ms semisort=  0.020ms
[pe-async] round=110 R=112 dirty=       28 runs=       17 filter=  7.056ms semisort=  0.013ms
[pe-async] round=111 R=113 dirty=       44 runs=       11 filter=  7.251ms semisort=  0.017ms
[pe-async] round=112 R=114 dirty=       22 runs=       11 filter=  7.310ms semisort=  0.013ms
[pe-async] round=113 R=115 dirty=       62 runs=       23 filter=  7.016ms semisort=  0.019ms
[pe-async] round=114 R=116 dirty=       28 runs=       17 filter=  6.926ms semisort=  0.020ms
[pe-async] round=115 R=117 dirty=       44 runs=       11 filter=  7.181ms semisort=  0.016ms
[pe-async] round=116 R=118 dirty=       22 runs=       11 filter=  7.224ms semisort=  0.014ms
[pe-async] round=117 R=119 dirty=       62 runs=       23 filter=  7.133ms semisort=  0.016ms
[pe-async] round=118 R=120 dirty=       28 runs=       17 filter=  7.171ms semisort=  0.014ms
[pe-async] round=119 R=121 dirty=       44 runs=       11 filter=  7.220ms semisort=  0.018ms
[pe-async] round=120 R=122 dirty=       22 runs=       11 filter=  7.146ms semisort=  0.013ms
[pe-async] round=121 R=123 dirty=       62 runs=       23 filter=  7.003ms semisort=  0.021ms
[pe-async] round=122 R=124 dirty=       28 runs=       17 filter=  7.190ms semisort=  0.013ms
[pe-async] round=123 R=125 dirty=       44 runs=       11 filter=  7.148ms semisort=  0.014ms
[pe-async] round=124 R=126 dirty=       22 runs=       11 filter=  7.216ms semisort=  0.013ms
[pe-async] round=125 R=127 dirty=       62 runs=       23 filter=  7.133ms semisort=  0.019ms
[pe-async] round=126 R=128 dirty=       28 runs=       17 filter=  7.098ms semisort=  0.013ms
[pe-async] round=127 R=129 dirty=       44 runs=       11 filter=  7.093ms semisort=  0.013ms
[pe-async] round=128 R=130 dirty=       22 runs=       11 filter=  7.092ms semisort=  0.012ms
[pe-async] round=129 R=131 dirty=       62 runs=       23 filter=  7.246ms semisort=  0.019ms
[pe-async] round=130 R=132 dirty=       28 runs=       17 filter=  7.262ms semisort=  0.022ms
[pe-async] round=131 R=133 dirty=       44 runs=       11 filter=  7.327ms semisort=  0.019ms
[pe-async] round=132 R=134 dirty=       22 runs=       11 filter=  7.236ms semisort=  0.013ms
[pe-async] round=133 R=135 dirty=       62 runs=       23 filter=  7.207ms semisort=  0.021ms
[pe-async] round=134 R=136 dirty=       28 runs=       17 filter=  7.177ms semisort=  0.013ms
[pe-async] round=135 R=137 dirty=       44 runs=       11 filter=  7.215ms semisort=  0.014ms
[pe-async] round=136 R=138 dirty=       22 runs=       11 filter=  7.173ms semisort=  0.013ms
[pe-async] round=137 R=139 dirty=       62 runs=       23 filter=  7.131ms semisort=  0.020ms
[pe-async] round=138 R=140 dirty=       28 runs=       17 filter=  7.036ms semisort=  0.016ms
[pe-async] round=139 R=141 dirty=       44 runs=       11 filter=  7.099ms semisort=  0.018ms
[pe-async] round=140 R=142 dirty=       22 runs=       11 filter=  6.968ms semisort=  0.013ms
[pe-async] round=141 R=143 dirty=       62 runs=       23 filter=  7.235ms semisort=  0.025ms
[pe-async] round=142 R=144 dirty=       28 runs=       17 filter=  7.118ms semisort=  0.013ms
[pe-async] round=143 R=145 dirty=       44 runs=       11 filter=  6.922ms semisort=  0.017ms
[pe-async] round=144 R=146 dirty=       22 runs=       11 filter=  7.109ms semisort=  0.013ms
[pe-async] round=145 R=147 dirty=       62 runs=       23 filter=  7.024ms semisort=  0.019ms
[pe-async] round=146 R=148 dirty=       28 runs=       17 filter=  6.963ms semisort=  0.013ms
[pe-async] round=147 R=149 dirty=       44 runs=       11 filter=  7.202ms semisort=  0.018ms
[pe-async] round=148 R=150 dirty=       22 runs=       11 filter=  7.142ms semisort=  0.012ms
[pe-async] round=149 R=151 dirty=       62 runs=       23 filter=  7.138ms semisort=  0.020ms
[pe-async] round=150 R=152 dirty=       28 runs=       17 filter=  7.161ms semisort=  0.013ms
[pe-async] round=151 R=153 dirty=       44 runs=       11 filter=  7.115ms semisort=  0.021ms
[pe-async] round=152 R=154 dirty=       22 runs=       11 filter=  7.167ms semisort=  0.013ms
[pe-async] round=153 R=155 dirty=       62 runs=       23 filter=  7.157ms semisort=  0.020ms
[pe-async] round=154 R=156 dirty=       28 runs=       17 filter=  7.134ms semisort=  0.013ms
[pe-async] round=155 R=157 dirty=       44 runs=       11 filter=  7.297ms semisort=  0.022ms
[pe-async] round=156 R=158 dirty=       22 runs=       11 filter=  7.153ms semisort=  0.013ms
[pe-async] round=157 R=159 dirty=       62 runs=       23 filter=  7.116ms semisort=  0.021ms
[pe-async] round=158 R=160 dirty=       28 runs=       17 filter=  7.236ms semisort=  0.013ms
[pe-async] round=159 R=161 dirty=       44 runs=       11 filter=  7.250ms semisort=  0.014ms
[pe-async] round=160 R=162 dirty=       22 runs=       11 filter=  7.167ms semisort=  0.013ms
[pe-async] round=161 R=163 dirty=       62 runs=       23 filter=  7.124ms semisort=  0.020ms
[pe-async] round=162 R=164 dirty=       28 runs=       17 filter=  7.104ms semisort=  0.013ms
[pe-async] round=163 R=165 dirty=       44 runs=       11 filter=  7.208ms semisort=  0.018ms
[pe-async] round=164 R=166 dirty=       22 runs=       11 filter=  7.214ms semisort=  0.013ms
[pe-async] round=165 R=167 dirty=       62 runs=       23 filter=  7.050ms semisort=  0.020ms
[pe-async] round=166 R=168 dirty=       28 runs=       17 filter=  7.283ms semisort=  0.013ms
[pe-async] round=167 R=169 dirty=       44 runs=       11 filter=  7.145ms semisort=  0.018ms
[pe-async] round=168 R=170 dirty=       22 runs=       11 filter=  7.223ms semisort=  0.013ms
[pe-async] round=169 R=171 dirty=       62 runs=       23 filter=  7.156ms semisort=  0.021ms
[pe-async] round=170 R=172 dirty=       28 runs=       17 filter=  7.071ms semisort=  0.013ms
[pe-async] round=171 R=173 dirty=       44 runs=       11 filter=  7.169ms semisort=  0.018ms
[pe-async] round=172 R=174 dirty=       22 runs=       11 filter=  7.245ms semisort=  0.013ms
[pe-async] round=173 R=175 dirty=       62 runs=       23 filter=  7.106ms semisort=  0.022ms
[pe-async] round=174 R=176 dirty=       28 runs=       17 filter=  7.127ms semisort=  0.014ms
[pe-async] round=175 R=177 dirty=       44 runs=       11 filter=  7.236ms semisort=  0.021ms
[pe-async] round=176 R=178 dirty=       22 runs=       11 filter=  7.219ms semisort=  0.013ms
[pe-async] round=177 R=179 dirty=       62 runs=       23 filter=  7.133ms semisort=  0.016ms
[pe-async] round=178 R=180 dirty=       28 runs=       17 filter=  7.036ms semisort=  0.013ms
[pe-async] round=179 R=181 dirty=       44 runs=       11 filter=  7.033ms semisort=  0.022ms
[pe-async] round=180 R=182 dirty=       22 runs=       11 filter=  7.043ms semisort=  0.013ms
[pe-async] round=181 R=183 dirty=       62 runs=       23 filter=  7.078ms semisort=  0.021ms
[pe-async] round=182 R=184 dirty=       28 runs=       17 filter=  7.289ms semisort=  0.013ms
[pe-async] round=183 R=185 dirty=       44 runs=       11 filter=  7.169ms semisort=  0.020ms
[pe-async] round=184 R=186 dirty=       22 runs=       11 filter=  7.301ms semisort=  0.013ms
[pe-async] round=185 R=187 dirty=       62 runs=       23 filter=  7.117ms semisort=  0.021ms
[pe-async] round=186 R=188 dirty=       28 runs=       17 filter=  7.141ms semisort=  0.014ms
[pe-async] round=187 R=189 dirty=       44 runs=       11 filter=  7.205ms semisort=  0.019ms
[pe-async] round=188 R=190 dirty=       22 runs=       11 filter=  7.182ms semisort=  0.013ms
[pe-async] round=189 R=191 dirty=       62 runs=       23 filter=  6.941ms semisort=  0.023ms
[pe-async] round=190 R=192 dirty=       28 runs=       17 filter=  7.012ms semisort=  0.014ms
[pe-async] round=191 R=193 dirty=       44 runs=       11 filter=  7.047ms semisort=  0.014ms
[pe-async] round=192 R=194 dirty=       22 runs=       11 filter=  7.278ms semisort=  0.013ms
[pe-async] round=193 R=195 dirty=       62 runs=       23 filter=  7.113ms semisort=  0.021ms
[pe-async] round=194 R=196 dirty=       28 runs=       17 filter=  7.059ms semisort=  0.013ms
[pe-async] round=195 R=197 dirty=       44 runs=       11 filter=  7.211ms semisort=  0.019ms
[pe-async] round=196 R=198 dirty=       22 runs=       11 filter=  7.195ms semisort=  0.013ms
[pe-async] round=197 R=199 dirty=       62 runs=       23 filter=  7.201ms semisort=  0.024ms
[pe-async] round=198 R=200 dirty=       28 runs=       17 filter=  7.241ms semisort=  0.014ms
[pe-async] round=199 R=201 dirty=       44 runs=       11 filter=  7.281ms semisort=  0.019ms
[pe-async] round=200 R=202 dirty=       22 runs=       11 filter=  7.178ms semisort=  0.014ms
[pe-async] round=201 R=203 dirty=       62 runs=       23 filter=  7.147ms semisort=  0.020ms
[pe-async] round=202 R=204 dirty=       28 runs=       17 filter=  7.036ms semisort=  0.013ms
[pe-async] round=203 R=205 dirty=       44 runs=       11 filter=  7.024ms semisort=  0.019ms
[pe-async] round=204 R=206 dirty=       22 runs=       11 filter=  6.972ms semisort=  0.014ms
[pe-async] round=205 R=207 dirty=       62 runs=       23 filter=  6.977ms semisort=  0.020ms
[pe-async] round=206 R=208 dirty=       28 runs=       17 filter=  6.973ms semisort=  0.014ms
[pe-async] round=207 R=209 dirty=       44 runs=       11 filter=  7.063ms semisort=  0.019ms
[pe-async] round=208 R=210 dirty=       22 runs=       11 filter=  6.884ms semisort=  0.013ms
[pe-async] round=209 R=211 dirty=       70 runs=       31 filter=  7.160ms semisort=  0.022ms
[pe-async] round=210 R=212 dirty=       28 runs=       21 filter=  7.072ms semisort=  0.012ms
[pe-async] round=211 R=213 dirty=       28 runs=        7 filter=  6.966ms semisort=  0.012ms
[pe-async] round=212 R=214 dirty=       14 runs=        7 filter=  7.206ms semisort=  0.012ms
[pe-async] round=213 R=215 dirty=       46 runs=       19 filter=  7.158ms semisort=  0.019ms
[pe-async] round=214 R=216 dirty=       20 runs=       13 filter=  7.104ms semisort=  0.013ms
[pe-async] round=215 R=217 dirty=       28 runs=        7 filter=  7.199ms semisort=  0.011ms
[pe-async] round=216 R=218 dirty=       14 runs=        7 filter=  7.158ms semisort=  0.011ms
[pe-async] round=217 R=219 dirty=       46 runs=       19 filter=  6.982ms semisort=  0.019ms
[pe-async] round=218 R=220 dirty=       20 runs=       13 filter=  7.016ms semisort=  0.013ms
[pe-async] round=219 R=221 dirty=       28 runs=        7 filter=  6.971ms semisort=  0.012ms
[pe-async] round=220 R=222 dirty=       14 runs=        7 filter=  7.229ms semisort=  0.011ms
[pe-async] round=221 R=223 dirty=       46 runs=       19 filter=  7.021ms semisort=  0.018ms
[pe-async] round=222 R=224 dirty=       20 runs=       13 filter=  7.013ms semisort=  0.012ms
[pe-async] round=223 R=225 dirty=       28 runs=        7 filter=  7.196ms semisort=  0.011ms
[pe-async] round=224 R=226 dirty=       14 runs=        7 filter=  7.207ms semisort=  0.010ms
[pe-async] round=225 R=227 dirty=       46 runs=       19 filter=  7.177ms semisort=  0.018ms
[pe-async] round=226 R=228 dirty=       20 runs=       13 filter=  7.064ms semisort=  0.013ms
[pe-async] round=227 R=229 dirty=       28 runs=        7 filter=  7.220ms semisort=  0.013ms
[pe-async] round=228 R=230 dirty=       14 runs=        7 filter=  7.383ms semisort=  0.011ms
[pe-async] round=229 R=231 dirty=       46 runs=       19 filter=  7.066ms semisort=  0.018ms
[pe-async] round=230 R=232 dirty=       20 runs=       13 filter=  7.346ms semisort=  0.012ms
[pe-async] round=231 R=233 dirty=       28 runs=        7 filter=  7.236ms semisort=  0.013ms
[pe-async] round=232 R=234 dirty=       14 runs=        7 filter=  6.969ms semisort=  0.010ms
[pe-async] round=233 R=235 dirty=       46 runs=       19 filter=  7.159ms semisort=  0.018ms
[pe-async] round=234 R=236 dirty=       20 runs=       13 filter=  7.014ms semisort=  0.012ms
[pe-async] round=235 R=237 dirty=       28 runs=        7 filter=  7.002ms semisort=  0.020ms
[pe-async] round=236 R=238 dirty=       14 runs=        7 filter=  7.167ms semisort=  0.011ms
[pe-async] round=237 R=239 dirty=       46 runs=       19 filter=  7.010ms semisort=  0.019ms
[pe-async] round=238 R=240 dirty=       20 runs=       13 filter=  7.114ms semisort=  0.012ms
[pe-async] round=239 R=241 dirty=       28 runs=        7 filter=  7.195ms semisort=  0.020ms
[pe-async] round=240 R=242 dirty=       14 runs=        7 filter=  7.272ms semisort=  0.011ms
[pe-async] round=241 R=243 dirty=       46 runs=       19 filter=  7.249ms semisort=  0.019ms
[pe-async] round=242 R=244 dirty=       20 runs=       13 filter=  7.059ms semisort=  0.012ms
[pe-async] round=243 R=245 dirty=       28 runs=        7 filter=  7.046ms semisort=  0.012ms
[pe-async] round=244 R=246 dirty=       14 runs=        7 filter=  7.290ms semisort=  0.011ms
[pe-async] round=245 R=247 dirty=       46 runs=       19 filter=  7.067ms semisort=  0.018ms
[pe-async] round=246 R=248 dirty=       20 runs=       13 filter=  7.058ms semisort=  0.011ms
[pe-async] round=247 R=249 dirty=       28 runs=        7 filter=  7.164ms semisort=  0.011ms
[pe-async] round=248 R=250 dirty=       14 runs=        7 filter=  7.272ms semisort=  0.011ms
[pe-async] round=249 R=251 dirty=       46 runs=       19 filter=  7.133ms semisort=  0.020ms
[pe-async] round=250 R=252 dirty=       20 runs=       13 filter=  7.290ms semisort=  0.012ms
[pe-async] round=251 R=253 dirty=       28 runs=        7 filter=  7.130ms semisort=  0.021ms
[pe-async] round=252 R=254 dirty=       14 runs=        7 filter=  7.293ms semisort=  0.010ms
[pe-async] round=253 R=255 dirty=       46 runs=       19 filter=  7.172ms semisort=  0.015ms
[pe-async] round=254 R=256 dirty=       20 runs=       13 filter=  7.141ms semisort=  0.012ms
[pe-async] round=255 R=257 dirty=       28 runs=        7 filter=  7.136ms semisort=  0.012ms
[pe-async] round=256 R=258 dirty=       14 runs=        7 filter=  7.169ms semisort=  0.010ms
[pe-async] round=257 R=259 dirty=       46 runs=       19 filter=  7.182ms semisort=  0.019ms
[pe-async] round=258 R=260 dirty=       20 runs=       13 filter=  7.150ms semisort=  0.012ms
[pe-async] round=259 R=261 dirty=       28 runs=        7 filter=  6.980ms semisort=  0.012ms
[pe-async] round=260 R=262 dirty=       14 runs=        7 filter=  6.995ms semisort=  0.011ms
[pe-async] round=261 R=263 dirty=       46 runs=       19 filter=  7.099ms semisort=  0.020ms
[pe-async] round=262 R=264 dirty=       20 runs=       13 filter=  7.156ms semisort=  0.012ms
[pe-async] round=263 R=265 dirty=       28 runs=        7 filter=  7.118ms semisort=  0.012ms
[pe-async] round=264 R=266 dirty=       14 runs=        7 filter=  7.071ms semisort=  0.011ms
[pe-async] round=265 R=267 dirty=       46 runs=       19 filter=  7.105ms semisort=  0.021ms
[pe-async] round=266 R=268 dirty=       20 runs=       13 filter=  7.056ms semisort=  0.011ms
[pe-async] round=267 R=269 dirty=       28 runs=        7 filter=  7.142ms semisort=  0.013ms
[pe-async] round=268 R=270 dirty=       14 runs=        7 filter=  7.066ms semisort=  0.011ms
[pe-async] round=269 R=271 dirty=       46 runs=       19 filter=  7.082ms semisort=  0.019ms
[pe-async] round=270 R=272 dirty=       20 runs=       13 filter=  7.010ms semisort=  0.012ms
[pe-async] round=271 R=273 dirty=       28 runs=        7 filter=  7.149ms semisort=  0.013ms
[pe-async] round=272 R=274 dirty=       14 runs=        7 filter=  7.105ms semisort=  0.011ms
[pe-async] round=273 R=275 dirty=       46 runs=       19 filter=  7.213ms semisort=  0.018ms
[pe-async] round=274 R=276 dirty=       20 runs=       13 filter=  7.192ms semisort=  0.011ms
[pe-async] round=275 R=277 dirty=       28 runs=        7 filter=  7.114ms semisort=  0.011ms
[pe-async] round=276 R=278 dirty=       14 runs=        7 filter=  7.161ms semisort=  0.011ms
[pe-async] round=277 R=279 dirty=       46 runs=       19 filter=  7.192ms semisort=  0.020ms
[pe-async] round=278 R=280 dirty=       20 runs=       13 filter=  7.268ms semisort=  0.012ms
[pe-async] round=279 R=281 dirty=       28 runs=        7 filter=  7.113ms semisort=  0.012ms
[pe-async] round=280 R=282 dirty=       14 runs=        7 filter=  7.146ms semisort=  0.012ms
[pe-async] round=281 R=283 dirty=       46 runs=       19 filter=  7.305ms semisort=  0.019ms
[pe-async] round=282 R=284 dirty=       20 runs=       13 filter=  7.280ms semisort=  0.012ms
[pe-async] round=283 R=285 dirty=       28 runs=        7 filter=  7.184ms semisort=  0.013ms
[pe-async] round=284 R=286 dirty=       14 runs=        7 filter=  7.117ms semisort=  0.011ms
[pe-async] round=285 R=287 dirty=       46 runs=       19 filter=  7.079ms semisort=  0.019ms
[pe-async] round=286 R=288 dirty=       20 runs=       13 filter=  7.119ms semisort=  0.012ms
[pe-async] round=287 R=289 dirty=       28 runs=        7 filter=  7.125ms semisort=  0.013ms
[pe-async] round=288 R=290 dirty=       14 runs=        7 filter=  7.202ms semisort=  0.011ms
[pe-async] round=289 R=291 dirty=       46 runs=       19 filter=  6.979ms semisort=  0.018ms
[pe-async] round=290 R=292 dirty=       20 runs=       13 filter=  7.202ms semisort=  0.012ms
[pe-async] round=291 R=293 dirty=       28 runs=        7 filter=  7.139ms semisort=  0.012ms
[pe-async] round=292 R=294 dirty=       14 runs=        7 filter=  7.106ms semisort=  0.011ms
[pe-async] round=293 R=295 dirty=       46 runs=       19 filter=  7.321ms semisort=  0.018ms
[pe-async] round=294 R=296 dirty=       20 runs=       13 filter=  7.274ms semisort=  0.017ms
[pe-async] round=295 R=297 dirty=       28 runs=        7 filter=  7.255ms semisort=  0.019ms
[pe-async] round=296 R=298 dirty=       14 runs=        7 filter=  6.976ms semisort=  0.010ms
[pe-async] round=297 R=299 dirty=       46 runs=       19 filter=  7.074ms semisort=  0.019ms
[pe-async] round=298 R=300 dirty=       20 runs=       13 filter=  6.873ms semisort=  0.012ms
[pe-async] round=299 R=301 dirty=       28 runs=        7 filter=  7.097ms semisort=  0.013ms
[pe-async] round=300 R=302 dirty=       14 runs=        7 filter=  7.186ms semisort=  0.011ms
[pe-async] round=301 R=303 dirty=       46 runs=       19 filter=  6.996ms semisort=  0.018ms
[pe-async] round=302 R=304 dirty=       20 runs=       13 filter=  6.948ms semisort=  0.012ms
[pe-async] round=303 R=305 dirty=       28 runs=        7 filter=  7.234ms semisort=  0.018ms
[pe-async] round=304 R=306 dirty=       14 runs=        7 filter=  7.049ms semisort=  0.017ms
[pe-async] round=305 R=307 dirty=       46 runs=       19 filter=  7.235ms semisort=  0.021ms
[pe-async] round=306 R=308 dirty=       20 runs=       13 filter=  7.192ms semisort=  0.011ms
[pe-async] round=307 R=309 dirty=       28 runs=        7 filter=  6.988ms semisort=  0.012ms
[pe-async] round=308 R=310 dirty=       14 runs=        7 filter=  7.200ms semisort=  0.011ms
[pe-async] round=309 R=311 dirty=       46 runs=       19 filter=  7.037ms semisort=  0.018ms
[pe-async] round=310 R=312 dirty=       20 runs=       13 filter=  7.063ms semisort=  0.013ms
[pe-async] round=311 R=313 dirty=       28 runs=        7 filter=  7.104ms semisort=  0.019ms
[pe-async] round=312 R=314 dirty=       14 runs=        7 filter=  6.996ms semisort=  0.010ms
[pe-async] round=313 R=315 dirty=       46 runs=       19 filter=  7.148ms semisort=  0.015ms
[pe-async] round=314 R=316 dirty=       20 runs=       13 filter=  7.124ms semisort=  0.012ms
[pe-async] round=315 R=317 dirty=       28 runs=        7 filter=  7.147ms semisort=  0.012ms
[pe-async] round=316 R=318 dirty=       14 runs=        7 filter=  7.289ms semisort=  0.011ms
[pe-async] round=317 R=319 dirty=       46 runs=       19 filter=  6.984ms semisort=  0.019ms
[pe-async] round=318 R=320 dirty=       20 runs=       17 filter=  7.274ms semisort=  0.011ms
[pe-async] round=319 R=321 dirty=       12 runs=        3 filter=  7.196ms semisort=  0.009ms
[pe-async] round=320 R=322 dirty=        6 runs=        3 filter=  7.220ms semisort=  0.009ms
[pe-async] round=321 R=323 dirty=       30 runs=       15 filter=  6.985ms semisort=  0.011ms
[pe-async] round=322 R=324 dirty=       12 runs=        9 filter=  7.180ms semisort=  0.010ms
[pe-async] round=323 R=325 dirty=       12 runs=        3 filter=  6.966ms semisort=  0.014ms
[pe-async] round=324 R=326 dirty=        6 runs=        3 filter=  7.105ms semisort=  0.008ms
[pe-async] round=325 R=327 dirty=       30 runs=       15 filter=  7.204ms semisort=  0.012ms
[pe-async] round=326 R=328 dirty=       12 runs=        9 filter=  7.259ms semisort=  0.009ms
[pe-async] round=327 R=329 dirty=       12 runs=        3 filter=  7.019ms semisort=  0.009ms
[pe-async] round=328 R=330 dirty=        6 runs=        3 filter=  7.138ms semisort=  0.008ms
[pe-async] round=329 R=331 dirty=       30 runs=       15 filter=  6.981ms semisort=  0.012ms
[pe-async] round=330 R=332 dirty=       12 runs=        9 filter=  7.140ms semisort=  0.014ms
[pe-async] round=331 R=333 dirty=       12 runs=        3 filter=  7.094ms semisort=  0.009ms
[pe-async] round=332 R=334 dirty=        6 runs=        3 filter=  7.305ms semisort=  0.009ms
[pe-async] round=333 R=335 dirty=       30 runs=       15 filter=  7.088ms semisort=  0.015ms
[pe-async] round=334 R=336 dirty=       12 runs=        9 filter=  7.133ms semisort=  0.010ms
[pe-async] round=335 R=337 dirty=       12 runs=        3 filter=  7.205ms semisort=  0.009ms
[pe-async] round=336 R=338 dirty=        6 runs=        3 filter=  7.131ms semisort=  0.009ms
[pe-async] round=337 R=339 dirty=       30 runs=       15 filter=  7.115ms semisort=  0.012ms
[pe-async] round=338 R=340 dirty=       12 runs=        9 filter=  7.101ms semisort=  0.009ms
[pe-async] round=339 R=341 dirty=       12 runs=        3 filter=  7.134ms semisort=  0.009ms
[pe-async] round=340 R=342 dirty=        6 runs=        3 filter=  7.191ms semisort=  0.007ms
[pe-async] round=341 R=343 dirty=       30 runs=       15 filter=  7.159ms semisort=  0.011ms
[pe-async] round=342 R=344 dirty=       12 runs=        9 filter=  7.442ms semisort=  0.018ms
[pe-async] round=343 R=345 dirty=       12 runs=        3 filter=  7.143ms semisort=  0.008ms
[pe-async] round=344 R=346 dirty=        6 runs=        3 filter=  7.173ms semisort=  0.007ms
[pe-async] round=345 R=347 dirty=       30 runs=       15 filter=  7.184ms semisort=  0.012ms
[pe-async] round=346 R=348 dirty=       12 runs=        9 filter=  7.434ms semisort=  0.010ms
[pe-async] round=347 R=349 dirty=       12 runs=        3 filter=  7.219ms semisort=  0.009ms
[pe-async] round=348 R=350 dirty=        6 runs=        3 filter=  7.094ms semisort=  0.013ms
[pe-async] round=349 R=351 dirty=       30 runs=       15 filter=  7.214ms semisort=  0.012ms
[pe-async] round=350 R=352 dirty=       12 runs=        9 filter=  7.183ms semisort=  0.014ms
[pe-async] round=351 R=353 dirty=       12 runs=        3 filter=  7.136ms semisort=  0.010ms
[pe-async] round=352 R=354 dirty=        6 runs=        3 filter=  7.301ms semisort=  0.011ms
[pe-async] round=353 R=355 dirty=       30 runs=       15 filter=  7.097ms semisort=  0.011ms
[pe-async] round=354 R=356 dirty=       12 runs=        9 filter=  7.024ms semisort=  0.009ms
[pe-async] round=355 R=357 dirty=       12 runs=        3 filter=  7.155ms semisort=  0.009ms
[pe-async] round=356 R=358 dirty=        6 runs=        3 filter=  7.155ms semisort=  0.008ms
[pe-async] round=357 R=359 dirty=       30 runs=       15 filter=  7.158ms semisort=  0.012ms
[pe-async] round=358 R=360 dirty=       12 runs=        9 filter=  7.134ms semisort=  0.010ms
[pe-async] round=359 R=361 dirty=       12 runs=        3 filter=  7.421ms semisort=  0.009ms
[pe-async] round=360 R=362 dirty=        6 runs=        3 filter=  7.260ms semisort=  0.013ms
[pe-async] round=361 R=363 dirty=       30 runs=       15 filter=  7.173ms semisort=  0.012ms
[pe-async] round=362 R=364 dirty=       12 runs=        9 filter=  7.149ms semisort=  0.010ms
[pe-async] round=363 R=365 dirty=       12 runs=        3 filter=  7.090ms semisort=  0.009ms
[pe-async] round=364 R=366 dirty=        6 runs=        3 filter=  7.138ms semisort=  0.008ms
[pe-async] round=365 R=367 dirty=       30 runs=       15 filter=  7.288ms semisort=  0.011ms
[pe-async] round=366 R=368 dirty=       12 runs=        9 filter=  7.067ms semisort=  0.010ms
[pe-async] round=367 R=369 dirty=       12 runs=        3 filter=  7.312ms semisort=  0.009ms
[pe-async] round=368 R=370 dirty=        6 runs=        3 filter=  7.137ms semisort=  0.018ms
[pe-async] round=369 R=371 dirty=       30 runs=       15 filter=  7.212ms semisort=  0.011ms
[pe-async] round=370 R=372 dirty=       12 runs=        9 filter=  7.053ms semisort=  0.009ms
[pe-async] round=371 R=373 dirty=       12 runs=        3 filter=  7.137ms semisort=  0.008ms
[pe-async] round=372 R=374 dirty=        6 runs=        3 filter=  7.055ms semisort=  0.012ms
[pe-async] round=373 R=375 dirty=       30 runs=       15 filter=  7.096ms semisort=  0.010ms
[pe-async] round=374 R=376 dirty=       12 runs=        9 filter=  7.237ms semisort=  0.010ms
[pe-async] round=375 R=377 dirty=       12 runs=        3 filter=  7.074ms semisort=  0.010ms
[pe-async] round=376 R=378 dirty=        6 runs=        3 filter=  7.160ms semisort=  0.008ms
[pe-async] round=377 R=379 dirty=       30 runs=       15 filter=  7.063ms semisort=  0.011ms
[pe-async] round=378 R=380 dirty=       12 runs=        9 filter=  7.072ms semisort=  0.010ms
[pe-async] round=379 R=381 dirty=       12 runs=        3 filter=  7.192ms semisort=  0.008ms
[pe-async] round=380 R=382 dirty=        6 runs=        3 filter=  7.193ms semisort=  0.008ms
[pe-async] round=381 R=383 dirty=       30 runs=       15 filter=  7.296ms semisort=  0.011ms
[pe-async] round=382 R=384 dirty=       12 runs=        9 filter=  7.105ms semisort=  0.009ms
[pe-async] round=383 R=385 dirty=       12 runs=        3 filter=  7.129ms semisort=  0.009ms
[pe-async] round=384 R=386 dirty=        6 runs=        3 filter=  7.385ms semisort=  0.012ms
[pe-async] round=385 R=387 dirty=       30 runs=       15 filter=  7.271ms semisort=  0.011ms
[pe-async] round=386 R=388 dirty=       12 runs=        9 filter=  7.136ms semisort=  0.009ms
[pe-async] round=387 R=389 dirty=       12 runs=        3 filter=  7.146ms semisort=  0.008ms
[pe-async] round=388 R=390 dirty=        6 runs=        3 filter=  7.162ms semisort=  0.008ms
[pe-async] round=389 R=391 dirty=       30 runs=       15 filter=  7.132ms semisort=  0.011ms
[pe-async] round=390 R=392 dirty=       12 runs=        9 filter=  7.176ms semisort=  0.013ms
[pe-async] round=391 R=393 dirty=       12 runs=        3 filter=  7.111ms semisort=  0.009ms
[pe-async] round=392 R=394 dirty=        6 runs=        3 filter=  6.994ms semisort=  0.007ms
[pe-async] round=393 R=395 dirty=       30 runs=       15 filter=  7.245ms semisort=  0.011ms
[pe-async] round=394 R=396 dirty=       12 runs=        9 filter=  7.091ms semisort=  0.013ms
[pe-async] round=395 R=397 dirty=       12 runs=        3 filter=  7.178ms semisort=  0.008ms
[pe-async] round=396 R=398 dirty=        6 runs=        3 filter=  7.066ms semisort=  0.011ms
[pe-async] round=397 R=399 dirty=       30 runs=       15 filter=  7.181ms semisort=  0.011ms
[pe-async] round=398 R=400 dirty=       12 runs=        9 filter=  7.223ms semisort=  0.014ms
[pe-async] round=399 R=401 dirty=       12 runs=        3 filter=  7.133ms semisort=  0.008ms
[pe-async] round=400 R=402 dirty=        6 runs=        3 filter=  6.896ms semisort=  0.007ms
[pe-async] round=401 R=403 dirty=       30 runs=       15 filter=  7.131ms semisort=  0.011ms
[pe-async] round=402 R=404 dirty=       12 runs=        9 filter=  7.084ms semisort=  0.009ms
[pe-async] round=403 R=405 dirty=       12 runs=        3 filter=  7.041ms semisort=  0.010ms
[pe-async] round=404 R=406 dirty=        6 runs=        3 filter=  7.181ms semisort=  0.007ms
[pe-async] round=405 R=407 dirty=       30 runs=       15 filter=  7.138ms semisort=  0.011ms
[pe-async] round=406 R=408 dirty=       12 runs=        9 filter=  7.169ms semisort=  0.009ms
[pe-async] round=407 R=409 dirty=       12 runs=        3 filter=  7.012ms semisort=  0.009ms
[pe-async] round=408 R=410 dirty=        6 runs=        3 filter=  6.938ms semisort=  0.009ms
[pe-async] round=409 R=411 dirty=       30 runs=       15 filter=  7.245ms semisort=  0.011ms
[pe-async] round=410 R=412 dirty=       12 runs=        9 filter=  7.127ms semisort=  0.010ms
[pe-async] round=411 R=413 dirty=       12 runs=        3 filter=  7.140ms semisort=  0.009ms
[pe-async] round=412 R=414 dirty=        6 runs=        3 filter=  7.153ms semisort=  0.009ms
[pe-async] round=413 R=415 dirty=       30 runs=       15 filter=  7.069ms semisort=  0.011ms
[pe-async] round=414 R=416 dirty=       12 runs=        9 filter=  7.055ms semisort=  0.015ms
[pe-async] round=415 R=417 dirty=       12 runs=        3 filter=  7.005ms semisort=  0.009ms
[pe-async] round=416 R=418 dirty=        6 runs=        3 filter=  7.070ms semisort=  0.013ms
[pe-async] round=417 R=419 dirty=       30 runs=       15 filter=  7.232ms semisort=  0.011ms
[pe-async] round=418 R=420 dirty=       12 runs=        9 filter=  7.014ms semisort=  0.009ms
[pe-async] round=419 R=421 dirty=       12 runs=        3 filter=  7.095ms semisort=  0.009ms
[pe-async] round=420 R=422 dirty=        6 runs=        3 filter=  7.019ms semisort=  0.009ms
[pe-async] round=421 R=423 dirty=       30 runs=       15 filter=  7.278ms semisort=  0.011ms
[pe-async] round=422 R=424 dirty=       12 runs=        9 filter=  7.153ms semisort=  0.009ms
[pe-async] round=423 R=425 dirty=       12 runs=        3 filter=  7.052ms semisort=  0.009ms
[pe-async] round=424 R=426 dirty=        6 runs=        3 filter=  7.308ms semisort=  0.008ms
[pe-async] round=425 R=427 dirty=       30 runs=       15 filter=  7.009ms semisort=  0.011ms
[pe-async] round=426 R=428 dirty=       12 runs=        9 filter=  7.104ms semisort=  0.009ms
[pe-async] round=427 R=429 dirty=       12 runs=        3 filter=  7.226ms semisort=  0.009ms
[pe-async] round=428 R=430 dirty=        6 runs=        3 filter=  7.035ms semisort=  0.012ms
[pe-async] round=429 R=431 dirty=       31 runs=       21 filter=  7.121ms semisort=  0.010ms
[pe-async] round=430 R=432 dirty=        6 runs=        4 filter=  7.075ms semisort=  0.007ms
[pe-async] round=431 R=433 dirty=        0 filter=  6.886ms (clean break)
[pe-async] round=  0 R=2 dirty=  5950187 runs=  3886042 filter=  7.873ms semisort= 40.128ms
[pe-async] round=  1 R=3 dirty=   263635 runs=   150760 filter= 10.526ms semisort=  2.852ms
[pe-async] round=  2 R=4 dirty=    86522 runs=    58570 filter=  9.689ms semisort=  3.619ms
[pe-async] round=  3 R=5 dirty=    36944 runs=    18788 filter=  9.095ms semisort=  1.528ms
[pe-async] round=  4 R=6 dirty=    15663 runs=     8740 filter=  8.459ms semisort=  0.620ms
[pe-async] round=  5 R=7 dirty=    13473 runs=     5947 filter=  8.507ms semisort=  0.534ms
[pe-async] round=  6 R=8 dirty=    13658 runs=     7108 filter=  8.294ms semisort=  0.552ms
[pe-async] round=  7 R=9 dirty=    13105 runs=     6254 filter=  8.142ms semisort=  0.515ms
[pe-async] round=  8 R=10 dirty=    14858 runs=     7591 filter=  8.156ms semisort=  0.558ms
[pe-async] round=  9 R=11 dirty=     5451 runs=     2881 filter=  8.001ms semisort=  0.310ms
[pe-async] round= 10 R=12 dirty=     9075 runs=     3410 filter=  7.950ms semisort=  0.518ms
[pe-async] round= 11 R=13 dirty=     4967 runs=     2078 filter=  7.728ms semisort=  0.245ms
[pe-async] round= 12 R=14 dirty=     4266 runs=     2352 filter=  7.884ms semisort=  0.221ms
[pe-async] round= 13 R=15 dirty=     1778 runs=     1264 filter=  7.668ms semisort=  0.117ms
[pe-async] round= 14 R=16 dirty=      268 runs=      116 filter=  7.840ms semisort=  0.053ms
[pe-async] round= 15 R=17 dirty=      116 runs=       38 filter=  7.607ms semisort=  0.038ms
[pe-async] round= 16 R=18 dirty=      182 runs=       91 filter=  7.664ms semisort=  0.044ms
[pe-async] round= 17 R=19 dirty=      122 runs=       51 filter=  7.482ms semisort=  0.044ms
[pe-async] round= 18 R=20 dirty=       80 runs=       31 filter=  7.534ms semisort=  0.027ms
[pe-async] round= 19 R=21 dirty=       76 runs=       25 filter=  7.711ms semisort=  0.026ms
[pe-async] round= 20 R=22 dirty=      138 runs=       75 filter=  7.681ms semisort=  0.032ms
[pe-async] round= 21 R=23 dirty=      102 runs=       43 filter=  7.858ms semisort=  0.041ms
[pe-async] round= 22 R=24 dirty=       76 runs=       29 filter=  7.397ms semisort=  0.025ms
[pe-async] round= 23 R=25 dirty=       68 runs=       23 filter=  7.375ms semisort=  0.023ms
[pe-async] round= 24 R=26 dirty=      134 runs=       71 filter=  7.372ms semisort=  0.030ms
[pe-async] round= 25 R=27 dirty=      102 runs=       43 filter=  7.529ms semisort=  0.034ms
[pe-async] round= 26 R=28 dirty=       76 runs=       29 filter=  7.532ms semisort=  0.023ms
[pe-async] round= 27 R=29 dirty=       68 runs=       23 filter=  7.598ms semisort=  0.024ms
[pe-async] round= 28 R=30 dirty=      134 runs=       71 filter=  7.340ms semisort=  0.035ms
[pe-async] round= 29 R=31 dirty=      102 runs=       43 filter=  7.419ms semisort=  0.033ms
[pe-async] round= 30 R=32 dirty=       76 runs=       29 filter=  7.421ms semisort=  0.024ms
[pe-async] round= 31 R=33 dirty=       68 runs=       23 filter=  7.497ms semisort=  0.025ms
[pe-async] round= 32 R=34 dirty=      134 runs=       71 filter=  7.242ms semisort=  0.031ms
[pe-async] round= 33 R=35 dirty=      102 runs=       43 filter=  7.263ms semisort=  0.032ms
[pe-async] round= 34 R=36 dirty=       76 runs=       29 filter=  7.455ms semisort=  0.027ms
[pe-async] round= 35 R=37 dirty=       68 runs=       23 filter=  7.384ms semisort=  0.023ms
[pe-async] round= 36 R=38 dirty=      134 runs=       71 filter=  7.509ms semisort=  0.032ms
[pe-async] round= 37 R=39 dirty=      102 runs=       43 filter=  7.505ms semisort=  0.035ms
[pe-async] round= 38 R=40 dirty=       76 runs=       29 filter=  7.344ms semisort=  0.024ms
[pe-async] round= 39 R=41 dirty=       68 runs=       23 filter=  7.474ms semisort=  0.031ms
[pe-async] round= 40 R=42 dirty=      134 runs=       71 filter=  7.428ms semisort=  0.031ms
[pe-async] round= 41 R=43 dirty=      102 runs=       43 filter=  7.403ms semisort=  0.033ms
[pe-async] round= 42 R=44 dirty=       76 runs=       29 filter=  7.509ms semisort=  0.031ms
[pe-async] round= 43 R=45 dirty=       68 runs=       23 filter=  7.349ms semisort=  0.024ms
[pe-async] round= 44 R=46 dirty=      134 runs=       71 filter=  7.406ms semisort=  0.034ms
[pe-async] round= 45 R=47 dirty=      102 runs=       43 filter=  7.476ms semisort=  0.034ms
[pe-async] round= 46 R=48 dirty=       76 runs=       29 filter=  7.299ms semisort=  0.023ms
[pe-async] round= 47 R=49 dirty=       68 runs=       23 filter=  7.760ms semisort=  0.023ms
[pe-async] round= 48 R=50 dirty=       22 runs=       11 filter=  7.185ms semisort=  0.013ms
[pe-async] round= 49 R=51 dirty=       62 runs=       23 filter=  7.266ms semisort=  0.016ms
[pe-async] round= 50 R=52 dirty=       28 runs=       17 filter=  7.418ms semisort=  0.014ms
[pe-async] round= 51 R=53 dirty=       44 runs=       11 filter=  7.254ms semisort=  0.021ms
[pe-async] round= 52 R=54 dirty=       22 runs=       11 filter=  7.293ms semisort=  0.013ms
[pe-async] round= 53 R=55 dirty=       62 runs=       23 filter=  7.363ms semisort=  0.021ms
[pe-async] round= 54 R=56 dirty=       28 runs=       17 filter=  7.353ms semisort=  0.014ms
[pe-async] round= 55 R=57 dirty=       44 runs=       11 filter=  7.426ms semisort=  0.018ms
[pe-async] round= 56 R=58 dirty=       22 runs=       11 filter=  7.332ms semisort=  0.012ms
[pe-async] round= 57 R=59 dirty=       62 runs=       23 filter=  7.337ms semisort=  0.022ms
[pe-async] round= 58 R=60 dirty=       28 runs=       17 filter=  7.539ms semisort=  0.014ms
[pe-async] round= 59 R=61 dirty=       44 runs=       11 filter=  7.421ms semisort=  0.018ms
[pe-async] round= 60 R=62 dirty=       22 runs=       11 filter=  7.432ms semisort=  0.014ms
[pe-async] round= 61 R=63 dirty=       62 runs=       23 filter=  7.284ms semisort=  0.016ms
[pe-async] round= 62 R=64 dirty=       28 runs=       17 filter=  7.375ms semisort=  0.013ms
[pe-async] round= 63 R=65 dirty=       44 runs=       11 filter=  7.490ms semisort=  0.019ms
[pe-async] round= 64 R=66 dirty=       22 runs=       11 filter=  7.412ms semisort=  0.014ms
[pe-async] round= 65 R=67 dirty=       62 runs=       23 filter=  7.469ms semisort=  0.020ms
[pe-async] round= 66 R=68 dirty=       28 runs=       17 filter=  7.301ms semisort=  0.014ms
[pe-async] round= 67 R=69 dirty=       44 runs=       11 filter=  7.368ms semisort=  0.017ms
[pe-async] round= 68 R=70 dirty=       22 runs=       11 filter=  7.253ms semisort=  0.014ms
[pe-async] round= 69 R=71 dirty=       62 runs=       23 filter=  7.090ms semisort=  0.017ms
[pe-async] round= 70 R=72 dirty=       28 runs=       17 filter=  7.190ms semisort=  0.014ms
[pe-async] round= 71 R=73 dirty=       44 runs=       11 filter=  7.377ms semisort=  0.017ms
[pe-async] round= 72 R=74 dirty=       22 runs=       11 filter=  7.418ms semisort=  0.014ms
[pe-async] round= 73 R=75 dirty=       62 runs=       23 filter=  7.288ms semisort=  0.019ms
[pe-async] round= 74 R=76 dirty=       28 runs=       17 filter=  7.419ms semisort=  0.014ms
[pe-async] round= 75 R=77 dirty=       44 runs=       11 filter=  7.311ms semisort=  0.017ms
[pe-async] round= 76 R=78 dirty=       22 runs=       11 filter=  7.155ms semisort=  0.014ms
[pe-async] round= 77 R=79 dirty=       62 runs=       23 filter=  7.300ms semisort=  0.020ms
[pe-async] round= 78 R=80 dirty=       28 runs=       17 filter=  7.390ms semisort=  0.015ms
[pe-async] round= 79 R=81 dirty=       44 runs=       11 filter=  7.312ms semisort=  0.019ms
[pe-async] round= 80 R=82 dirty=       22 runs=       11 filter=  7.295ms semisort=  0.014ms
[pe-async] round= 81 R=83 dirty=       62 runs=       23 filter=  7.224ms semisort=  0.020ms
[pe-async] round= 82 R=84 dirty=       28 runs=       17 filter=  7.384ms semisort=  0.014ms
[pe-async] round= 83 R=85 dirty=       44 runs=       11 filter=  7.237ms semisort=  0.018ms
[pe-async] round= 84 R=86 dirty=       22 runs=       11 filter=  7.181ms semisort=  0.014ms
[pe-async] round= 85 R=87 dirty=       62 runs=       23 filter=  7.205ms semisort=  0.023ms
[pe-async] round= 86 R=88 dirty=       28 runs=       17 filter=  7.245ms semisort=  0.014ms
[pe-async] round= 87 R=89 dirty=       44 runs=       11 filter=  7.380ms semisort=  0.020ms
[pe-async] round= 88 R=90 dirty=       22 runs=       11 filter=  7.341ms semisort=  0.014ms
[pe-async] round= 89 R=91 dirty=       62 runs=       23 filter=  7.221ms semisort=  0.021ms
[pe-async] round= 90 R=92 dirty=       28 runs=       17 filter=  7.126ms semisort=  0.014ms
[pe-async] round= 91 R=93 dirty=       44 runs=       11 filter=  7.265ms semisort=  0.019ms
[pe-async] round= 92 R=94 dirty=       22 runs=       11 filter=  7.306ms semisort=  0.013ms
[pe-async] round= 93 R=95 dirty=       62 runs=       23 filter=  7.372ms semisort=  0.022ms
[pe-async] round= 94 R=96 dirty=       28 runs=       17 filter=  7.304ms semisort=  0.014ms
[pe-async] round= 95 R=97 dirty=       44 runs=       11 filter=  7.148ms semisort=  0.018ms
[pe-async] round= 96 R=98 dirty=       22 runs=       11 filter=  7.224ms semisort=  0.013ms
[pe-async] round= 97 R=99 dirty=       62 runs=       23 filter=  7.265ms semisort=  0.020ms
[pe-async] round= 98 R=100 dirty=       28 runs=       17 filter=  7.173ms semisort=  0.014ms
[pe-async] round= 99 R=101 dirty=       44 runs=       11 filter=  7.281ms semisort=  0.019ms
[pe-async] round=100 R=102 dirty=       22 runs=       11 filter=  7.297ms semisort=  0.013ms
[pe-async] round=101 R=103 dirty=       62 runs=       23 filter=  7.189ms semisort=  0.020ms
[pe-async] round=102 R=104 dirty=       28 runs=       17 filter=  7.110ms semisort=  0.014ms
[pe-async] round=103 R=105 dirty=       44 runs=       11 filter=  7.158ms semisort=  0.018ms
[pe-async] round=104 R=106 dirty=       22 runs=       11 filter=  7.206ms semisort=  0.013ms
[pe-async] round=105 R=107 dirty=       62 runs=       23 filter=  7.245ms semisort=  0.022ms
[pe-async] round=106 R=108 dirty=       28 runs=       17 filter=  7.310ms semisort=  0.014ms
[pe-async] round=107 R=109 dirty=       44 runs=       11 filter=  7.286ms semisort=  0.019ms
[pe-async] round=108 R=110 dirty=       22 runs=       11 filter=  7.302ms semisort=  0.014ms
[pe-async] round=109 R=111 dirty=       62 runs=       23 filter=  7.201ms semisort=  0.021ms
[pe-async] round=110 R=112 dirty=       28 runs=       17 filter=  7.129ms semisort=  0.013ms
[pe-async] round=111 R=113 dirty=       44 runs=       11 filter=  7.390ms semisort=  0.018ms
[pe-async] round=112 R=114 dirty=       22 runs=       11 filter=  7.325ms semisort=  0.013ms
[pe-async] round=113 R=115 dirty=       62 runs=       23 filter=  7.170ms semisort=  0.019ms
[pe-async] round=114 R=116 dirty=       28 runs=       17 filter=  7.210ms semisort=  0.013ms
[pe-async] round=115 R=117 dirty=       44 runs=       11 filter=  7.354ms semisort=  0.018ms
[pe-async] round=116 R=118 dirty=       22 runs=       11 filter=  7.194ms semisort=  0.012ms
[pe-async] round=117 R=119 dirty=       62 runs=       23 filter=  7.217ms semisort=  0.019ms
[pe-async] round=118 R=120 dirty=       28 runs=       17 filter=  7.257ms semisort=  0.014ms
[pe-async] round=119 R=121 dirty=       44 runs=       11 filter=  7.243ms semisort=  0.019ms
[pe-async] round=120 R=122 dirty=       22 runs=       11 filter=  7.117ms semisort=  0.013ms
[pe-async] round=121 R=123 dirty=       62 runs=       23 filter=  7.075ms semisort=  0.021ms
[pe-async] round=122 R=124 dirty=       28 runs=       17 filter=  7.176ms semisort=  0.014ms
[pe-async] round=123 R=125 dirty=       44 runs=       11 filter=  7.296ms semisort=  0.019ms
[pe-async] round=124 R=126 dirty=       22 runs=       11 filter=  7.376ms semisort=  0.014ms
[pe-async] round=125 R=127 dirty=       62 runs=       23 filter=  7.178ms semisort=  0.020ms
[pe-async] round=126 R=128 dirty=       28 runs=       17 filter=  6.978ms semisort=  0.013ms
[pe-async] round=127 R=129 dirty=       44 runs=       11 filter=  7.313ms semisort=  0.019ms
[pe-async] round=128 R=130 dirty=       22 runs=       11 filter=  7.128ms semisort=  0.013ms
[pe-async] round=129 R=131 dirty=       62 runs=       23 filter=  6.994ms semisort=  0.020ms
[pe-async] round=130 R=132 dirty=       28 runs=       17 filter=  7.060ms semisort=  0.013ms
[pe-async] round=131 R=133 dirty=       44 runs=       11 filter=  7.319ms semisort=  0.019ms
[pe-async] round=132 R=134 dirty=       22 runs=       11 filter=  7.202ms semisort=  0.012ms
[pe-async] round=133 R=135 dirty=       62 runs=       23 filter=  7.254ms semisort=  0.021ms
[pe-async] round=134 R=136 dirty=       28 runs=       17 filter=  7.282ms semisort=  0.014ms
[pe-async] round=135 R=137 dirty=       44 runs=       11 filter=  7.398ms semisort=  0.018ms
[pe-async] round=136 R=138 dirty=       22 runs=       11 filter=  7.180ms semisort=  0.014ms
[pe-async] round=137 R=139 dirty=       62 runs=       23 filter=  7.238ms semisort=  0.020ms
[pe-async] round=138 R=140 dirty=       28 runs=       17 filter=  7.045ms semisort=  0.013ms
[pe-async] round=139 R=141 dirty=       44 runs=       11 filter=  7.032ms semisort=  0.017ms
[pe-async] round=140 R=142 dirty=       22 runs=       11 filter=  7.175ms semisort=  0.014ms
[pe-async] round=141 R=143 dirty=       62 runs=       23 filter=  7.065ms semisort=  0.021ms
[pe-async] round=142 R=144 dirty=       28 runs=       17 filter=  7.396ms semisort=  0.014ms
[pe-async] round=143 R=145 dirty=       44 runs=       11 filter=  7.269ms semisort=  0.017ms
[pe-async] round=144 R=146 dirty=       22 runs=       11 filter=  7.262ms semisort=  0.013ms
[pe-async] round=145 R=147 dirty=       62 runs=       23 filter=  7.263ms semisort=  0.020ms
[pe-async] round=146 R=148 dirty=       28 runs=       17 filter=  7.039ms semisort=  0.014ms
[pe-async] round=147 R=149 dirty=       44 runs=       11 filter=  7.096ms semisort=  0.022ms
[pe-async] round=148 R=150 dirty=       22 runs=       11 filter=  6.917ms semisort=  0.013ms
[pe-async] round=149 R=151 dirty=       62 runs=       23 filter=  7.121ms semisort=  0.022ms
[pe-async] round=150 R=152 dirty=       28 runs=       17 filter=  7.129ms semisort=  0.014ms
[pe-async] round=151 R=153 dirty=       44 runs=       11 filter=  7.341ms semisort=  0.019ms
[pe-async] round=152 R=154 dirty=       22 runs=       11 filter=  7.262ms semisort=  0.012ms
[pe-async] round=153 R=155 dirty=       62 runs=       23 filter=  7.127ms semisort=  0.020ms
[pe-async] round=154 R=156 dirty=       28 runs=       17 filter=  7.051ms semisort=  0.013ms
[pe-async] round=155 R=157 dirty=       44 runs=       11 filter=  7.255ms semisort=  0.020ms
[pe-async] round=156 R=158 dirty=       22 runs=       11 filter=  7.194ms semisort=  0.013ms
[pe-async] round=157 R=159 dirty=       62 runs=       23 filter=  7.161ms semisort=  0.021ms
[pe-async] round=158 R=160 dirty=       28 runs=       17 filter=  7.173ms semisort=  0.012ms
[pe-async] round=159 R=161 dirty=       44 runs=       11 filter=  7.241ms semisort=  0.018ms
[pe-async] round=160 R=162 dirty=       22 runs=       11 filter=  7.381ms semisort=  0.013ms
[pe-async] round=161 R=163 dirty=       62 runs=       23 filter=  7.307ms semisort=  0.020ms
[pe-async] round=162 R=164 dirty=       28 runs=       17 filter=  7.013ms semisort=  0.014ms
[pe-async] round=163 R=165 dirty=       44 runs=       11 filter=  7.167ms semisort=  0.018ms
[pe-async] round=164 R=166 dirty=       22 runs=       11 filter=  7.248ms semisort=  0.013ms
[pe-async] round=165 R=167 dirty=       62 runs=       23 filter=  7.311ms semisort=  0.020ms
[pe-async] round=166 R=168 dirty=       28 runs=       17 filter=  7.158ms semisort=  0.014ms
[pe-async] round=167 R=169 dirty=       44 runs=       11 filter=  6.983ms semisort=  0.022ms
[pe-async] round=168 R=170 dirty=       22 runs=       11 filter=  7.185ms semisort=  0.014ms
[pe-async] round=169 R=171 dirty=       62 runs=       23 filter=  7.097ms semisort=  0.019ms
[pe-async] round=170 R=172 dirty=       28 runs=       17 filter=  7.126ms semisort=  0.014ms
[pe-async] round=171 R=173 dirty=       44 runs=       11 filter=  6.964ms semisort=  0.019ms
[pe-async] round=172 R=174 dirty=       22 runs=       11 filter=  6.954ms semisort=  0.014ms
[pe-async] round=173 R=175 dirty=       62 runs=       23 filter=  7.133ms semisort=  0.022ms
[pe-async] round=174 R=176 dirty=       28 runs=       17 filter=  7.081ms semisort=  0.015ms
[pe-async] round=175 R=177 dirty=       44 runs=       11 filter=  7.187ms semisort=  0.018ms
[pe-async] round=176 R=178 dirty=       22 runs=       11 filter=  7.125ms semisort=  0.013ms
[pe-async] round=177 R=179 dirty=       62 runs=       23 filter=  7.334ms semisort=  0.019ms
[pe-async] round=178 R=180 dirty=       28 runs=       17 filter=  7.443ms semisort=  0.014ms
[pe-async] round=179 R=181 dirty=       44 runs=       11 filter=  7.153ms semisort=  0.018ms
[pe-async] round=180 R=182 dirty=       22 runs=       11 filter=  7.222ms semisort=  0.014ms
[pe-async] round=181 R=183 dirty=       62 runs=       23 filter=  7.222ms semisort=  0.020ms
[pe-async] round=182 R=184 dirty=       28 runs=       17 filter=  7.090ms semisort=  0.014ms
[pe-async] round=183 R=185 dirty=       44 runs=       11 filter=  6.872ms semisort=  0.019ms
[pe-async] round=184 R=186 dirty=       22 runs=       11 filter=  7.240ms semisort=  0.014ms
[pe-async] round=185 R=187 dirty=       62 runs=       23 filter=  7.198ms semisort=  0.018ms
[pe-async] round=186 R=188 dirty=       28 runs=       17 filter=  7.154ms semisort=  0.015ms
[pe-async] round=187 R=189 dirty=       44 runs=       11 filter=  7.105ms semisort=  0.014ms
[pe-async] round=188 R=190 dirty=       22 runs=       11 filter=  7.269ms semisort=  0.014ms
[pe-async] round=189 R=191 dirty=       62 runs=       23 filter=  7.111ms semisort=  0.029ms
[pe-async] round=190 R=192 dirty=       28 runs=       17 filter=  7.054ms semisort=  0.014ms
[pe-async] round=191 R=193 dirty=       44 runs=       11 filter=  7.100ms semisort=  0.018ms
[pe-async] round=192 R=194 dirty=       22 runs=       11 filter=  7.076ms semisort=  0.013ms
[pe-async] round=193 R=195 dirty=       62 runs=       23 filter=  7.327ms semisort=  0.021ms
[pe-async] round=194 R=196 dirty=       28 runs=       17 filter=  7.139ms semisort=  0.013ms
[pe-async] round=195 R=197 dirty=       44 runs=       11 filter=  7.078ms semisort=  0.018ms
[pe-async] round=196 R=198 dirty=       22 runs=       11 filter=  7.251ms semisort=  0.012ms
[pe-async] round=197 R=199 dirty=       62 runs=       23 filter=  7.410ms semisort=  0.022ms
[pe-async] round=198 R=200 dirty=       28 runs=       17 filter=  7.254ms semisort=  0.014ms
[pe-async] round=199 R=201 dirty=       44 runs=       11 filter=  7.334ms semisort=  0.019ms
[pe-async] round=200 R=202 dirty=       22 runs=       11 filter=  7.114ms semisort=  0.013ms
[pe-async] round=201 R=203 dirty=       62 runs=       23 filter=  7.190ms semisort=  0.021ms
[pe-async] round=202 R=204 dirty=       28 runs=       17 filter=  7.381ms semisort=  0.018ms
[pe-async] round=203 R=205 dirty=       44 runs=       11 filter=  7.287ms semisort=  0.017ms
[pe-async] round=204 R=206 dirty=       22 runs=       11 filter=  7.108ms semisort=  0.013ms
[pe-async] round=205 R=207 dirty=       62 runs=       23 filter=  7.236ms semisort=  0.021ms
[pe-async] round=206 R=208 dirty=       28 runs=       17 filter=  7.189ms semisort=  0.014ms
[pe-async] round=207 R=209 dirty=       44 runs=       11 filter=  7.055ms semisort=  0.018ms
[pe-async] round=208 R=210 dirty=       22 runs=       11 filter=  7.080ms semisort=  0.013ms
[pe-async] round=209 R=211 dirty=       70 runs=       31 filter=  7.227ms semisort=  0.021ms
[pe-async] round=210 R=212 dirty=       28 runs=       21 filter=  7.101ms semisort=  0.013ms
[pe-async] round=211 R=213 dirty=       28 runs=        7 filter=  7.391ms semisort=  0.012ms
[pe-async] round=212 R=214 dirty=       14 runs=        7 filter=  7.269ms semisort=  0.012ms
[pe-async] round=213 R=215 dirty=       46 runs=       19 filter=  7.148ms semisort=  0.019ms
[pe-async] round=214 R=216 dirty=       20 runs=       13 filter=  7.276ms semisort=  0.012ms
[pe-async] round=215 R=217 dirty=       28 runs=        7 filter=  7.089ms semisort=  0.012ms
[pe-async] round=216 R=218 dirty=       14 runs=        7 filter=  7.355ms semisort=  0.012ms
[pe-async] round=217 R=219 dirty=       46 runs=       19 filter=  7.183ms semisort=  0.019ms
[pe-async] round=218 R=220 dirty=       20 runs=       13 filter=  7.248ms semisort=  0.013ms
[pe-async] round=219 R=221 dirty=       28 runs=        7 filter=  7.326ms semisort=  0.013ms
[pe-async] round=220 R=222 dirty=       14 runs=        7 filter=  6.976ms semisort=  0.011ms
[pe-async] round=221 R=223 dirty=       46 runs=       19 filter=  6.977ms semisort=  0.020ms
[pe-async] round=222 R=224 dirty=       20 runs=       13 filter=  7.170ms semisort=  0.013ms
[pe-async] round=223 R=225 dirty=       28 runs=        7 filter=  7.198ms semisort=  0.012ms
[pe-async] round=224 R=226 dirty=       14 runs=        7 filter=  7.058ms semisort=  0.013ms
[pe-async] round=225 R=227 dirty=       46 runs=       19 filter=  7.352ms semisort=  0.020ms
[pe-async] round=226 R=228 dirty=       20 runs=       13 filter=  7.125ms semisort=  0.012ms
[pe-async] round=227 R=229 dirty=       28 runs=        7 filter=  7.086ms semisort=  0.023ms
[pe-async] round=228 R=230 dirty=       14 runs=        7 filter=  7.080ms semisort=  0.012ms
[pe-async] round=229 R=231 dirty=       46 runs=       19 filter=  7.088ms semisort=  0.015ms
[pe-async] round=230 R=232 dirty=       20 runs=       13 filter=  7.133ms semisort=  0.012ms
[pe-async] round=231 R=233 dirty=       28 runs=        7 filter=  7.224ms semisort=  0.012ms
[pe-async] round=232 R=234 dirty=       14 runs=        7 filter=  7.044ms semisort=  0.012ms
[pe-async] round=233 R=235 dirty=       46 runs=       19 filter=  7.195ms semisort=  0.018ms
[pe-async] round=234 R=236 dirty=       20 runs=       13 filter=  7.047ms semisort=  0.012ms
[pe-async] round=235 R=237 dirty=       28 runs=        7 filter=  7.215ms semisort=  0.011ms
[pe-async] round=236 R=238 dirty=       14 runs=        7 filter=  7.051ms semisort=  0.010ms
[pe-async] round=237 R=239 dirty=       46 runs=       19 filter=  6.926ms semisort=  0.018ms
[pe-async] round=238 R=240 dirty=       20 runs=       13 filter=  6.991ms semisort=  0.013ms
[pe-async] round=239 R=241 dirty=       28 runs=        7 filter=  7.084ms semisort=  0.012ms
[pe-async] round=240 R=242 dirty=       14 runs=        7 filter=  7.125ms semisort=  0.011ms
[pe-async] round=241 R=243 dirty=       46 runs=       19 filter=  7.335ms semisort=  0.014ms
[pe-async] round=242 R=244 dirty=       20 runs=       13 filter=  7.310ms semisort=  0.015ms
[pe-async] round=243 R=245 dirty=       28 runs=        7 filter=  7.112ms semisort=  0.012ms
[pe-async] round=244 R=246 dirty=       14 runs=        7 filter=  7.030ms semisort=  0.018ms
[pe-async] round=245 R=247 dirty=       46 runs=       19 filter=  6.976ms semisort=  0.016ms
[pe-async] round=246 R=248 dirty=       20 runs=       13 filter=  7.191ms semisort=  0.016ms
[pe-async] round=247 R=249 dirty=       28 runs=        7 filter=  7.042ms semisort=  0.012ms
[pe-async] round=248 R=250 dirty=       14 runs=        7 filter=  7.190ms semisort=  0.011ms
[pe-async] round=249 R=251 dirty=       46 runs=       19 filter=  7.172ms semisort=  0.017ms
[pe-async] round=250 R=252 dirty=       20 runs=       13 filter=  7.191ms semisort=  0.012ms
[pe-async] round=251 R=253 dirty=       28 runs=        7 filter=  7.363ms semisort=  0.012ms
[pe-async] round=252 R=254 dirty=       14 runs=        7 filter=  7.090ms semisort=  0.011ms
[pe-async] round=253 R=255 dirty=       46 runs=       19 filter=  7.024ms semisort=  0.018ms
[pe-async] round=254 R=256 dirty=       20 runs=       13 filter=  7.132ms semisort=  0.012ms
[pe-async] round=255 R=257 dirty=       28 runs=        7 filter=  7.174ms semisort=  0.012ms
[pe-async] round=256 R=258 dirty=       14 runs=        7 filter=  7.168ms semisort=  0.011ms
[pe-async] round=257 R=259 dirty=       46 runs=       19 filter=  7.133ms semisort=  0.018ms
[pe-async] round=258 R=260 dirty=       20 runs=       13 filter=  7.045ms semisort=  0.013ms
[pe-async] round=259 R=261 dirty=       28 runs=        7 filter=  7.325ms semisort=  0.013ms
[pe-async] round=260 R=262 dirty=       14 runs=        7 filter=  7.202ms semisort=  0.012ms
[pe-async] round=261 R=263 dirty=       46 runs=       19 filter=  7.099ms semisort=  0.019ms
[pe-async] round=262 R=264 dirty=       20 runs=       13 filter=  7.004ms semisort=  0.012ms
[pe-async] round=263 R=265 dirty=       28 runs=        7 filter=  7.125ms semisort=  0.012ms
[pe-async] round=264 R=266 dirty=       14 runs=        7 filter=  6.970ms semisort=  0.011ms
[pe-async] round=265 R=267 dirty=       46 runs=       19 filter=  6.999ms semisort=  0.019ms
[pe-async] round=266 R=268 dirty=       20 runs=       13 filter=  6.997ms semisort=  0.012ms
[pe-async] round=267 R=269 dirty=       28 runs=        7 filter=  7.021ms semisort=  0.013ms
[pe-async] round=268 R=270 dirty=       14 runs=        7 filter=  7.229ms semisort=  0.012ms
[pe-async] round=269 R=271 dirty=       46 runs=       19 filter=  7.234ms semisort=  0.016ms
[pe-async] round=270 R=272 dirty=       20 runs=       13 filter=  7.161ms semisort=  0.013ms
[pe-async] round=271 R=273 dirty=       28 runs=        7 filter=  7.097ms semisort=  0.013ms
[pe-async] round=272 R=274 dirty=       14 runs=        7 filter=  7.061ms semisort=  0.011ms
[pe-async] round=273 R=275 dirty=       46 runs=       19 filter=  7.031ms semisort=  0.019ms
[pe-async] round=274 R=276 dirty=       20 runs=       13 filter=  7.136ms semisort=  0.012ms
[pe-async] round=275 R=277 dirty=       28 runs=        7 filter=  7.126ms semisort=  0.018ms
[pe-async] round=276 R=278 dirty=       14 runs=        7 filter=  7.244ms semisort=  0.010ms
[pe-async] round=277 R=279 dirty=       46 runs=       19 filter=  7.243ms semisort=  0.018ms
[pe-async] round=278 R=280 dirty=       20 runs=       13 filter=  7.118ms semisort=  0.013ms
[pe-async] round=279 R=281 dirty=       28 runs=        7 filter=  7.141ms semisort=  0.012ms
[pe-async] round=280 R=282 dirty=       14 runs=        7 filter=  7.374ms semisort=  0.011ms
[pe-async] round=281 R=283 dirty=       46 runs=       19 filter=  7.111ms semisort=  0.018ms
[pe-async] round=282 R=284 dirty=       20 runs=       13 filter=  7.033ms semisort=  0.019ms
[pe-async] round=283 R=285 dirty=       28 runs=        7 filter=  7.212ms semisort=  0.012ms
[pe-async] round=284 R=286 dirty=       14 runs=        7 filter=  7.039ms semisort=  0.010ms
[pe-async] round=285 R=287 dirty=       46 runs=       19 filter=  7.008ms semisort=  0.018ms
[pe-async] round=286 R=288 dirty=       20 runs=       13 filter=  6.977ms semisort=  0.012ms
[pe-async] round=287 R=289 dirty=       28 runs=        7 filter=  6.987ms semisort=  0.011ms
[pe-async] round=288 R=290 dirty=       14 runs=        7 filter=  7.033ms semisort=  0.011ms
[pe-async] round=289 R=291 dirty=       46 runs=       19 filter=  7.242ms semisort=  0.018ms
[pe-async] round=290 R=292 dirty=       20 runs=       13 filter=  7.153ms semisort=  0.012ms
[pe-async] round=291 R=293 dirty=       28 runs=        7 filter=  6.990ms semisort=  0.013ms
[pe-async] round=292 R=294 dirty=       14 runs=        7 filter=  7.165ms semisort=  0.025ms
[pe-async] round=293 R=295 dirty=       46 runs=       19 filter=  7.022ms semisort=  0.018ms
[pe-async] round=294 R=296 dirty=       20 runs=       13 filter=  6.974ms semisort=  0.013ms
[pe-async] round=295 R=297 dirty=       28 runs=        7 filter=  7.138ms semisort=  0.012ms
[pe-async] round=296 R=298 dirty=       14 runs=        7 filter=  6.888ms semisort=  0.011ms
[pe-async] round=297 R=299 dirty=       46 runs=       19 filter=  7.090ms semisort=  0.019ms
[pe-async] round=298 R=300 dirty=       20 runs=       13 filter=  6.920ms semisort=  0.012ms
[pe-async] round=299 R=301 dirty=       28 runs=        7 filter=  7.114ms semisort=  0.013ms
[pe-async] round=300 R=302 dirty=       14 runs=        7 filter=  7.068ms semisort=  0.012ms
[pe-async] round=301 R=303 dirty=       46 runs=       19 filter=  7.146ms semisort=  0.018ms
[pe-async] round=302 R=304 dirty=       20 runs=       13 filter=  7.048ms semisort=  0.012ms
[pe-async] round=303 R=305 dirty=       28 runs=        7 filter=  7.151ms semisort=  0.013ms
[pe-async] round=304 R=306 dirty=       14 runs=        7 filter=  7.056ms semisort=  0.011ms
[pe-async] round=305 R=307 dirty=       46 runs=       19 filter=  7.216ms semisort=  0.018ms
[pe-async] round=306 R=308 dirty=       20 runs=       13 filter=  7.072ms semisort=  0.013ms
[pe-async] round=307 R=309 dirty=       28 runs=        7 filter=  7.232ms semisort=  0.012ms
[pe-async] round=308 R=310 dirty=       14 runs=        7 filter=  7.113ms semisort=  0.012ms
[pe-async] round=309 R=311 dirty=       46 runs=       19 filter=  7.058ms semisort=  0.018ms
[pe-async] round=310 R=312 dirty=       20 runs=       13 filter=  6.996ms semisort=  0.012ms
[pe-async] round=311 R=313 dirty=       28 runs=        7 filter=  7.263ms semisort=  0.012ms
[pe-async] round=312 R=314 dirty=       14 runs=        7 filter=  7.246ms semisort=  0.011ms
[pe-async] round=313 R=315 dirty=       46 runs=       19 filter=  7.089ms semisort=  0.016ms
[pe-async] round=314 R=316 dirty=       20 runs=       13 filter=  6.980ms semisort=  0.012ms
[pe-async] round=315 R=317 dirty=       28 runs=        7 filter=  7.130ms semisort=  0.011ms
[pe-async] round=316 R=318 dirty=       14 runs=        7 filter=  7.186ms semisort=  0.012ms
[pe-async] round=317 R=319 dirty=       46 runs=       19 filter=  7.235ms semisort=  0.018ms
[pe-async] round=318 R=320 dirty=       20 runs=       17 filter=  7.038ms semisort=  0.011ms
[pe-async] round=319 R=321 dirty=       12 runs=        3 filter=  6.883ms semisort=  0.009ms
[pe-async] round=320 R=322 dirty=        6 runs=        3 filter=  7.192ms semisort=  0.009ms
[pe-async] round=321 R=323 dirty=       30 runs=       15 filter=  7.064ms semisort=  0.011ms
[pe-async] round=322 R=324 dirty=       12 runs=        9 filter=  6.939ms semisort=  0.009ms
[pe-async] round=323 R=325 dirty=       12 runs=        3 filter=  7.176ms semisort=  0.010ms
[pe-async] round=324 R=326 dirty=        6 runs=        3 filter=  7.230ms semisort=  0.009ms
[pe-async] round=325 R=327 dirty=       30 runs=       15 filter=  7.288ms semisort=  0.011ms
[pe-async] round=326 R=328 dirty=       12 runs=        9 filter=  7.118ms semisort=  0.010ms
[pe-async] round=327 R=329 dirty=       12 runs=        3 filter=  7.031ms semisort=  0.010ms
[pe-async] round=328 R=330 dirty=        6 runs=        3 filter=  7.088ms semisort=  0.009ms
[pe-async] round=329 R=331 dirty=       30 runs=       15 filter=  7.017ms semisort=  0.010ms
[pe-async] round=330 R=332 dirty=       12 runs=        9 filter=  6.989ms semisort=  0.015ms
[pe-async] round=331 R=333 dirty=       12 runs=        3 filter=  6.869ms semisort=  0.008ms
[pe-async] round=332 R=334 dirty=        6 runs=        3 filter=  7.069ms semisort=  0.009ms
[pe-async] round=333 R=335 dirty=       30 runs=       15 filter=  6.958ms semisort=  0.012ms
[pe-async] round=334 R=336 dirty=       12 runs=        9 filter=  7.091ms semisort=  0.010ms
[pe-async] round=335 R=337 dirty=       12 runs=        3 filter=  6.948ms semisort=  0.008ms
[pe-async] round=336 R=338 dirty=        6 runs=        3 filter=  6.953ms semisort=  0.008ms
[pe-async] round=337 R=339 dirty=       30 runs=       15 filter=  7.144ms semisort=  0.012ms
[pe-async] round=338 R=340 dirty=       12 runs=        9 filter=  6.976ms semisort=  0.013ms
[pe-async] round=339 R=341 dirty=       12 runs=        3 filter=  7.077ms semisort=  0.009ms
[pe-async] round=340 R=342 dirty=        6 runs=        3 filter=  7.099ms semisort=  0.013ms
[pe-async] round=341 R=343 dirty=       30 runs=       15 filter=  7.153ms semisort=  0.011ms
[pe-async] round=342 R=344 dirty=       12 runs=        9 filter=  7.045ms semisort=  0.020ms
[pe-async] round=343 R=345 dirty=       12 runs=        3 filter=  7.198ms semisort=  0.009ms
[pe-async] round=344 R=346 dirty=        6 runs=        3 filter=  6.940ms semisort=  0.008ms
[pe-async] round=345 R=347 dirty=       30 runs=       15 filter=  7.091ms semisort=  0.012ms
[pe-async] round=346 R=348 dirty=       12 runs=        9 filter=  6.848ms semisort=  0.009ms
[pe-async] round=347 R=349 dirty=       12 runs=        3 filter=  7.047ms semisort=  0.010ms
[pe-async] round=348 R=350 dirty=        6 runs=        3 filter=  7.019ms semisort=  0.010ms
[pe-async] round=349 R=351 dirty=       30 runs=       15 filter=  6.955ms semisort=  0.012ms
[pe-async] round=350 R=352 dirty=       12 runs=        9 filter=  7.143ms semisort=  0.009ms
[pe-async] round=351 R=353 dirty=       12 runs=        3 filter=  6.985ms semisort=  0.010ms
[pe-async] round=352 R=354 dirty=        6 runs=        3 filter=  6.947ms semisort=  0.008ms
[pe-async] round=353 R=355 dirty=       30 runs=       15 filter=  6.877ms semisort=  0.011ms
[pe-async] round=354 R=356 dirty=       12 runs=        9 filter=  7.139ms semisort=  0.010ms
[pe-async] round=355 R=357 dirty=       12 runs=        3 filter=  6.860ms semisort=  0.013ms
[pe-async] round=356 R=358 dirty=        6 runs=        3 filter=  7.195ms semisort=  0.009ms
[pe-async] round=357 R=359 dirty=       30 runs=       15 filter=  7.063ms semisort=  0.011ms
[pe-async] round=358 R=360 dirty=       12 runs=        9 filter=  7.081ms semisort=  0.015ms
[pe-async] round=359 R=361 dirty=       12 runs=        3 filter=  7.110ms semisort=  0.009ms
[pe-async] round=360 R=362 dirty=        6 runs=        3 filter=  7.082ms semisort=  0.009ms
[pe-async] round=361 R=363 dirty=       30 runs=       15 filter=  7.056ms semisort=  0.012ms
[pe-async] round=362 R=364 dirty=       12 runs=        9 filter=  7.084ms semisort=  0.010ms
[pe-async] round=363 R=365 dirty=       12 runs=        3 filter=  7.201ms semisort=  0.016ms
[pe-async] round=364 R=366 dirty=        6 runs=        3 filter=  7.197ms semisort=  0.009ms
[pe-async] round=365 R=367 dirty=       30 runs=       15 filter=  7.063ms semisort=  0.011ms
[pe-async] round=366 R=368 dirty=       12 runs=        9 filter=  6.988ms semisort=  0.009ms
[pe-async] round=367 R=369 dirty=       12 runs=        3 filter=  7.151ms semisort=  0.009ms
[pe-async] round=368 R=370 dirty=        6 runs=        3 filter=  7.036ms semisort=  0.010ms
[pe-async] round=369 R=371 dirty=       30 runs=       15 filter=  6.885ms semisort=  0.011ms
[pe-async] round=370 R=372 dirty=       12 runs=        9 filter=  7.008ms semisort=  0.013ms
[pe-async] round=371 R=373 dirty=       12 runs=        3 filter=  7.214ms semisort=  0.009ms
[pe-async] round=372 R=374 dirty=        6 runs=        3 filter=  7.245ms semisort=  0.009ms
[pe-async] round=373 R=375 dirty=       30 runs=       15 filter=  7.112ms semisort=  0.011ms
[pe-async] round=374 R=376 dirty=       12 runs=        9 filter=  6.984ms semisort=  0.010ms
[pe-async] round=375 R=377 dirty=       12 runs=        3 filter=  7.174ms semisort=  0.010ms
[pe-async] round=376 R=378 dirty=        6 runs=        3 filter=  7.282ms semisort=  0.009ms
[pe-async] round=377 R=379 dirty=       30 runs=       15 filter=  7.230ms semisort=  0.011ms
[pe-async] round=378 R=380 dirty=       12 runs=        9 filter=  7.019ms semisort=  0.010ms
[pe-async] round=379 R=381 dirty=       12 runs=        3 filter=  7.148ms semisort=  0.009ms
[pe-async] round=380 R=382 dirty=        6 runs=        3 filter=  7.280ms semisort=  0.009ms
[pe-async] round=381 R=383 dirty=       30 runs=       15 filter=  7.095ms semisort=  0.012ms
[pe-async] round=382 R=384 dirty=       12 runs=        9 filter=  7.102ms semisort=  0.010ms
[pe-async] round=383 R=385 dirty=       12 runs=        3 filter=  7.240ms semisort=  0.009ms
[pe-async] round=384 R=386 dirty=        6 runs=        3 filter=  7.205ms semisort=  0.008ms
[pe-async] round=385 R=387 dirty=       30 runs=       15 filter=  7.000ms semisort=  0.011ms
[pe-async] round=386 R=388 dirty=       12 runs=        9 filter=  6.934ms semisort=  0.009ms
[pe-async] round=387 R=389 dirty=       12 runs=        3 filter=  7.038ms semisort=  0.013ms
[pe-async] round=388 R=390 dirty=        6 runs=        3 filter=  7.006ms semisort=  0.009ms
[pe-async] round=389 R=391 dirty=       30 runs=       15 filter=  6.880ms semisort=  0.010ms
[pe-async] round=390 R=392 dirty=       12 runs=        9 filter=  6.907ms semisort=  0.011ms
[pe-async] round=391 R=393 dirty=       12 runs=        3 filter=  7.175ms semisort=  0.009ms
[pe-async] round=392 R=394 dirty=        6 runs=        3 filter=  7.052ms semisort=  0.008ms
[pe-async] round=393 R=395 dirty=       30 runs=       15 filter=  6.908ms semisort=  0.011ms
[pe-async] round=394 R=396 dirty=       12 runs=        9 filter=  7.035ms semisort=  0.009ms
[pe-async] round=395 R=397 dirty=       12 runs=        3 filter=  6.886ms semisort=  0.008ms
[pe-async] round=396 R=398 dirty=        6 runs=        3 filter=  6.995ms semisort=  0.009ms
[pe-async] round=397 R=399 dirty=       30 runs=       15 filter=  7.030ms semisort=  0.012ms
[pe-async] round=398 R=400 dirty=       12 runs=        9 filter=  7.383ms semisort=  0.009ms
[pe-async] round=399 R=401 dirty=       12 runs=        3 filter=  6.941ms semisort=  0.020ms
[pe-async] round=400 R=402 dirty=        6 runs=        3 filter=  7.061ms semisort=  0.008ms
[pe-async] round=401 R=403 dirty=       30 runs=       15 filter=  7.109ms semisort=  0.012ms
[pe-async] round=402 R=404 dirty=       12 runs=        9 filter=  7.084ms semisort=  0.010ms
[pe-async] round=403 R=405 dirty=       12 runs=        3 filter=  7.006ms semisort=  0.010ms
[pe-async] round=404 R=406 dirty=        6 runs=        3 filter=  6.994ms semisort=  0.009ms
[pe-async] round=405 R=407 dirty=       30 runs=       15 filter=  7.260ms semisort=  0.015ms
[pe-async] round=406 R=408 dirty=       12 runs=        9 filter=  7.076ms semisort=  0.015ms
[pe-async] round=407 R=409 dirty=       12 runs=        3 filter=  6.978ms semisort=  0.009ms
[pe-async] round=408 R=410 dirty=        6 runs=        3 filter=  7.186ms semisort=  0.009ms
[pe-async] round=409 R=411 dirty=       30 runs=       15 filter=  7.011ms semisort=  0.011ms
[pe-async] round=410 R=412 dirty=       12 runs=        9 filter=  7.213ms semisort=  0.010ms
[pe-async] round=411 R=413 dirty=       12 runs=        3 filter=  7.061ms semisort=  0.009ms
[pe-async] round=412 R=414 dirty=        6 runs=        3 filter=  6.960ms semisort=  0.009ms
[pe-async] round=413 R=415 dirty=       30 runs=       15 filter=  7.115ms semisort=  0.012ms
[pe-async] round=414 R=416 dirty=       12 runs=        9 filter=  7.065ms semisort=  0.010ms
[pe-async] round=415 R=417 dirty=       12 runs=        3 filter=  7.123ms semisort=  0.009ms
[pe-async] round=416 R=418 dirty=        6 runs=        3 filter=  6.893ms semisort=  0.008ms
[pe-async] round=417 R=419 dirty=       30 runs=       15 filter=  6.984ms semisort=  0.011ms
[pe-async] round=418 R=420 dirty=       12 runs=        9 filter=  6.945ms semisort=  0.014ms
[pe-async] round=419 R=421 dirty=       12 runs=        3 filter=  7.040ms semisort=  0.009ms
[pe-async] round=420 R=422 dirty=        6 runs=        3 filter=  7.270ms semisort=  0.009ms
[pe-async] round=421 R=423 dirty=       30 runs=       15 filter=  7.090ms semisort=  0.011ms
[pe-async] round=422 R=424 dirty=       12 runs=        9 filter=  6.990ms semisort=  0.010ms
[pe-async] round=423 R=425 dirty=       12 runs=        3 filter=  7.027ms semisort=  0.009ms
[pe-async] round=424 R=426 dirty=        6 runs=        3 filter=  6.989ms semisort=  0.009ms
[pe-async] round=425 R=427 dirty=       30 runs=       15 filter=  6.988ms semisort=  0.011ms
[pe-async] round=426 R=428 dirty=       12 runs=        9 filter=  6.971ms semisort=  0.009ms
[pe-async] round=427 R=429 dirty=       12 runs=        3 filter=  7.064ms semisort=  0.009ms
[pe-async] round=428 R=430 dirty=        6 runs=        3 filter=  7.068ms semisort=  0.011ms
[pe-async] round=429 R=431 dirty=       31 runs=       21 filter=  7.302ms semisort=  0.010ms
[pe-async] round=430 R=432 dirty=        6 runs=        4 filter=  6.998ms semisort=  0.008ms
[pe-async] round=431 R=433 dirty=        0 filter=  7.105ms (clean break)
[pe-async] round=  0 R=2 dirty=  5950187 runs=  3886042 filter=  7.541ms semisort= 40.483ms
[pe-async] round=  1 R=3 dirty=   263635 runs=   150760 filter= 10.420ms semisort=  2.850ms
[pe-async] round=  2 R=4 dirty=    86522 runs=    58570 filter=  9.194ms semisort=  3.442ms
[pe-async] round=  3 R=5 dirty=    36944 runs=    18788 filter=  8.848ms semisort=  1.408ms
[pe-async] round=  4 R=6 dirty=    15663 runs=     8740 filter=  8.255ms semisort=  0.626ms
[pe-async] round=  5 R=7 dirty=    13473 runs=     5947 filter=  8.256ms semisort=  0.546ms
[pe-async] round=  6 R=8 dirty=    13658 runs=     7108 filter=  7.910ms semisort=  0.525ms
[pe-async] round=  7 R=9 dirty=    13105 runs=     6254 filter=  8.014ms semisort=  0.517ms
[pe-async] round=  8 R=10 dirty=    14858 runs=     7591 filter=  7.578ms semisort=  0.534ms
[pe-async] round=  9 R=11 dirty=     5451 runs=     2881 filter=  7.606ms semisort=  0.287ms
[pe-async] round= 10 R=12 dirty=     9075 runs=     3410 filter=  7.752ms semisort=  0.393ms
[pe-async] round= 11 R=13 dirty=     4967 runs=     2078 filter=  7.696ms semisort=  0.245ms
[pe-async] round= 12 R=14 dirty=     4266 runs=     2352 filter=  7.674ms semisort=  0.222ms
[pe-async] round= 13 R=15 dirty=     1778 runs=     1264 filter=  7.556ms semisort=  0.115ms
[pe-async] round= 14 R=16 dirty=      268 runs=      116 filter=  7.369ms semisort=  0.053ms
[pe-async] round= 15 R=17 dirty=      116 runs=       38 filter=  7.509ms semisort=  0.036ms
[pe-async] round= 16 R=18 dirty=      182 runs=       91 filter=  7.267ms semisort=  0.043ms
[pe-async] round= 17 R=19 dirty=      122 runs=       51 filter=  7.350ms semisort=  0.038ms
[pe-async] round= 18 R=20 dirty=       80 runs=       31 filter=  7.379ms semisort=  0.026ms
[pe-async] round= 19 R=21 dirty=       76 runs=       25 filter=  7.223ms semisort=  0.024ms
[pe-async] round= 20 R=22 dirty=      138 runs=       75 filter=  7.244ms semisort=  0.038ms
[pe-async] round= 21 R=23 dirty=      102 runs=       43 filter=  7.101ms semisort=  0.031ms
[pe-async] round= 22 R=24 dirty=       76 runs=       29 filter=  7.309ms semisort=  0.024ms
[pe-async] round= 23 R=25 dirty=       68 runs=       23 filter=  7.291ms semisort=  0.027ms
[pe-async] round= 24 R=26 dirty=      134 runs=       71 filter=  7.307ms semisort=  0.032ms
[pe-async] round= 25 R=27 dirty=      102 runs=       43 filter=  7.358ms semisort=  0.039ms
[pe-async] round= 26 R=28 dirty=       76 runs=       29 filter=  7.249ms semisort=  0.026ms
[pe-async] round= 27 R=29 dirty=       68 runs=       23 filter=  7.096ms semisort=  0.021ms
[pe-async] round= 28 R=30 dirty=      134 runs=       71 filter=  7.111ms semisort=  0.034ms
[pe-async] round= 29 R=31 dirty=      102 runs=       43 filter=  7.282ms semisort=  0.038ms
[pe-async] round= 30 R=32 dirty=       76 runs=       29 filter=  7.171ms semisort=  0.023ms
[pe-async] round= 31 R=33 dirty=       68 runs=       23 filter=  7.192ms semisort=  0.021ms
[pe-async] round= 32 R=34 dirty=      134 runs=       71 filter=  7.254ms semisort=  0.031ms
[pe-async] round= 33 R=35 dirty=      102 runs=       43 filter=  7.294ms semisort=  0.031ms
[pe-async] round= 34 R=36 dirty=       76 runs=       29 filter=  7.124ms semisort=  0.023ms
[pe-async] round= 35 R=37 dirty=       68 runs=       23 filter=  7.177ms semisort=  0.027ms
[pe-async] round= 36 R=38 dirty=      134 runs=       71 filter=  7.071ms semisort=  0.036ms
[pe-async] round= 37 R=39 dirty=      102 runs=       43 filter=  7.212ms semisort=  0.039ms
[pe-async] round= 38 R=40 dirty=       76 runs=       29 filter=  7.226ms semisort=  0.025ms
[pe-async] round= 39 R=41 dirty=       68 runs=       23 filter=  7.183ms semisort=  0.024ms
[pe-async] round= 40 R=42 dirty=      134 runs=       71 filter=  7.284ms semisort=  0.038ms
[pe-async] round= 41 R=43 dirty=      102 runs=       43 filter=  7.155ms semisort=  0.028ms
[pe-async] round= 42 R=44 dirty=       76 runs=       29 filter=  7.021ms semisort=  0.023ms
[pe-async] round= 43 R=45 dirty=       68 runs=       23 filter=  6.992ms semisort=  0.023ms
[pe-async] round= 44 R=46 dirty=      134 runs=       71 filter=  7.037ms semisort=  0.033ms
[pe-async] round= 45 R=47 dirty=      102 runs=       43 filter=  7.219ms semisort=  0.035ms
[pe-async] round= 46 R=48 dirty=       76 runs=       29 filter=  7.185ms semisort=  0.024ms
[pe-async] round= 47 R=49 dirty=       68 runs=       23 filter=  7.229ms semisort=  0.024ms
[pe-async] round= 48 R=50 dirty=       22 runs=       11 filter=  7.048ms semisort=  0.013ms
[pe-async] round= 49 R=51 dirty=       62 runs=       23 filter=  7.308ms semisort=  0.019ms
[pe-async] round= 50 R=52 dirty=       28 runs=       17 filter=  7.191ms semisort=  0.013ms
[pe-async] round= 51 R=53 dirty=       44 runs=       11 filter=  7.080ms semisort=  0.018ms
[pe-async] round= 52 R=54 dirty=       22 runs=       11 filter=  7.293ms semisort=  0.012ms
[pe-async] round= 53 R=55 dirty=       62 runs=       23 filter=  7.329ms semisort=  0.021ms
[pe-async] round= 54 R=56 dirty=       28 runs=       17 filter=  7.281ms semisort=  0.013ms
[pe-async] round= 55 R=57 dirty=       44 runs=       11 filter=  7.279ms semisort=  0.018ms
[pe-async] round= 56 R=58 dirty=       22 runs=       11 filter=  7.194ms semisort=  0.013ms
[pe-async] round= 57 R=59 dirty=       62 runs=       23 filter=  7.316ms semisort=  0.027ms
[pe-async] round= 58 R=60 dirty=       28 runs=       17 filter=  7.086ms semisort=  0.013ms
[pe-async] round= 59 R=61 dirty=       44 runs=       11 filter=  7.254ms semisort=  0.020ms
[pe-async] round= 60 R=62 dirty=       22 runs=       11 filter=  7.362ms semisort=  0.013ms
[pe-async] round= 61 R=63 dirty=       62 runs=       23 filter=  7.140ms semisort=  0.020ms
[pe-async] round= 62 R=64 dirty=       28 runs=       17 filter=  7.060ms semisort=  0.014ms
[pe-async] round= 63 R=65 dirty=       44 runs=       11 filter=  6.998ms semisort=  0.019ms
[pe-async] round= 64 R=66 dirty=       22 runs=       11 filter=  7.111ms semisort=  0.013ms
[pe-async] round= 65 R=67 dirty=       62 runs=       23 filter=  7.145ms semisort=  0.024ms
[pe-async] round= 66 R=68 dirty=       28 runs=       17 filter=  7.007ms semisort=  0.013ms
[pe-async] round= 67 R=69 dirty=       44 runs=       11 filter=  7.114ms semisort=  0.015ms
[pe-async] round= 68 R=70 dirty=       22 runs=       11 filter=  7.178ms semisort=  0.014ms
[pe-async] round= 69 R=71 dirty=       62 runs=       23 filter=  7.124ms semisort=  0.017ms
[pe-async] round= 70 R=72 dirty=       28 runs=       17 filter=  7.198ms semisort=  0.014ms
[pe-async] round= 71 R=73 dirty=       44 runs=       11 filter=  7.211ms semisort=  0.017ms
[pe-async] round= 72 R=74 dirty=       22 runs=       11 filter=  6.977ms semisort=  0.013ms
[pe-async] round= 73 R=75 dirty=       62 runs=       23 filter=  7.153ms semisort=  0.024ms
[pe-async] round= 74 R=76 dirty=       28 runs=       17 filter=  7.145ms semisort=  0.013ms
[pe-async] round= 75 R=77 dirty=       44 runs=       11 filter=  7.191ms semisort=  0.023ms
[pe-async] round= 76 R=78 dirty=       22 runs=       11 filter=  7.168ms semisort=  0.013ms
[pe-async] round= 77 R=79 dirty=       62 runs=       23 filter=  7.138ms semisort=  0.019ms
[pe-async] round= 78 R=80 dirty=       28 runs=       17 filter=  7.182ms semisort=  0.015ms
[pe-async] round= 79 R=81 dirty=       44 runs=       11 filter=  7.142ms semisort=  0.017ms
[pe-async] round= 80 R=82 dirty=       22 runs=       11 filter=  7.161ms semisort=  0.012ms
[pe-async] round= 81 R=83 dirty=       62 runs=       23 filter=  7.280ms semisort=  0.021ms
[pe-async] round= 82 R=84 dirty=       28 runs=       17 filter=  7.192ms semisort=  0.014ms
[pe-async] round= 83 R=85 dirty=       44 runs=       11 filter=  7.034ms semisort=  0.019ms
[pe-async] round= 84 R=86 dirty=       22 runs=       11 filter=  7.137ms semisort=  0.012ms
[pe-async] round= 85 R=87 dirty=       62 runs=       23 filter=  7.046ms semisort=  0.018ms
[pe-async] round= 86 R=88 dirty=       28 runs=       17 filter=  7.034ms semisort=  0.014ms
[pe-async] round= 87 R=89 dirty=       44 runs=       11 filter=  7.170ms semisort=  0.018ms
[pe-async] round= 88 R=90 dirty=       22 runs=       11 filter=  7.005ms semisort=  0.014ms
[pe-async] round= 89 R=91 dirty=       62 runs=       23 filter=  7.007ms semisort=  0.021ms
[pe-async] round= 90 R=92 dirty=       28 runs=       17 filter=  7.129ms semisort=  0.015ms
[pe-async] round= 91 R=93 dirty=       44 runs=       11 filter=  7.174ms semisort=  0.019ms
[pe-async] round= 92 R=94 dirty=       22 runs=       11 filter=  6.995ms semisort=  0.013ms
[pe-async] round= 93 R=95 dirty=       62 runs=       23 filter=  7.106ms semisort=  0.021ms
[pe-async] round= 94 R=96 dirty=       28 runs=       17 filter=  7.358ms semisort=  0.014ms
[pe-async] round= 95 R=97 dirty=       44 runs=       11 filter=  7.053ms semisort=  0.019ms
[pe-async] round= 96 R=98 dirty=       22 runs=       11 filter=  7.107ms semisort=  0.012ms
[pe-async] round= 97 R=99 dirty=       62 runs=       23 filter=  6.872ms semisort=  0.021ms
[pe-async] round= 98 R=100 dirty=       28 runs=       17 filter=  6.960ms semisort=  0.015ms
[pe-async] round= 99 R=101 dirty=       44 runs=       11 filter=  6.942ms semisort=  0.020ms
[pe-async] round=100 R=102 dirty=       22 runs=       11 filter=  7.045ms semisort=  0.014ms
[pe-async] round=101 R=103 dirty=       62 runs=       23 filter=  7.061ms semisort=  0.017ms
[pe-async] round=102 R=104 dirty=       28 runs=       17 filter=  7.054ms semisort=  0.013ms
[pe-async] round=103 R=105 dirty=       44 runs=       11 filter=  7.038ms semisort=  0.019ms
[pe-async] round=104 R=106 dirty=       22 runs=       11 filter=  6.933ms semisort=  0.012ms
[pe-async] round=105 R=107 dirty=       62 runs=       23 filter=  7.181ms semisort=  0.022ms
[pe-async] round=106 R=108 dirty=       28 runs=       17 filter=  7.132ms semisort=  0.014ms
[pe-async] round=107 R=109 dirty=       44 runs=       11 filter=  7.119ms semisort=  0.014ms
[pe-async] round=108 R=110 dirty=       22 runs=       11 filter=  7.031ms semisort=  0.013ms
[pe-async] round=109 R=111 dirty=       62 runs=       23 filter=  7.150ms semisort=  0.024ms
[pe-async] round=110 R=112 dirty=       28 runs=       17 filter=  7.195ms semisort=  0.014ms
[pe-async] round=111 R=113 dirty=       44 runs=       11 filter=  7.251ms semisort=  0.016ms
[pe-async] round=112 R=114 dirty=       22 runs=       11 filter=  7.186ms semisort=  0.013ms
[pe-async] round=113 R=115 dirty=       62 runs=       23 filter=  7.135ms semisort=  0.021ms
[pe-async] round=114 R=116 dirty=       28 runs=       17 filter=  7.051ms semisort=  0.013ms
[pe-async] round=115 R=117 dirty=       44 runs=       11 filter=  7.147ms semisort=  0.014ms
[pe-async] round=116 R=118 dirty=       22 runs=       11 filter=  7.152ms semisort=  0.013ms
[pe-async] round=117 R=119 dirty=       62 runs=       23 filter=  7.054ms semisort=  0.020ms
[pe-async] round=118 R=120 dirty=       28 runs=       17 filter=  6.967ms semisort=  0.013ms
[pe-async] round=119 R=121 dirty=       44 runs=       11 filter=  6.977ms semisort=  0.019ms
[pe-async] round=120 R=122 dirty=       22 runs=       11 filter=  6.985ms semisort=  0.013ms
[pe-async] round=121 R=123 dirty=       62 runs=       23 filter=  6.978ms semisort=  0.017ms
[pe-async] round=122 R=124 dirty=       28 runs=       17 filter=  7.124ms semisort=  0.012ms
[pe-async] round=123 R=125 dirty=       44 runs=       11 filter=  7.306ms semisort=  0.019ms
[pe-async] round=124 R=126 dirty=       22 runs=       11 filter=  6.897ms semisort=  0.013ms
[pe-async] round=125 R=127 dirty=       62 runs=       23 filter=  7.116ms semisort=  0.026ms
[pe-async] round=126 R=128 dirty=       28 runs=       17 filter=  6.970ms semisort=  0.013ms
[pe-async] round=127 R=129 dirty=       44 runs=       11 filter=  6.942ms semisort=  0.018ms
[pe-async] round=128 R=130 dirty=       22 runs=       11 filter=  6.893ms semisort=  0.012ms
[pe-async] round=129 R=131 dirty=       62 runs=       23 filter=  7.116ms semisort=  0.020ms
[pe-async] round=130 R=132 dirty=       28 runs=       17 filter=  7.254ms semisort=  0.013ms
[pe-async] round=131 R=133 dirty=       44 runs=       11 filter=  7.022ms semisort=  0.018ms
[pe-async] round=132 R=134 dirty=       22 runs=       11 filter=  7.053ms semisort=  0.013ms
[pe-async] round=133 R=135 dirty=       62 runs=       23 filter=  7.064ms semisort=  0.022ms
[pe-async] round=134 R=136 dirty=       28 runs=       17 filter=  6.957ms semisort=  0.022ms
[pe-async] round=135 R=137 dirty=       44 runs=       11 filter=  6.987ms semisort=  0.014ms
[pe-async] round=136 R=138 dirty=       22 runs=       11 filter=  6.973ms semisort=  0.012ms
[pe-async] round=137 R=139 dirty=       62 runs=       23 filter=  7.059ms semisort=  0.021ms
[pe-async] round=138 R=140 dirty=       28 runs=       17 filter=  6.908ms semisort=  0.013ms
[pe-async] round=139 R=141 dirty=       44 runs=       11 filter=  6.828ms semisort=  0.019ms
[pe-async] round=140 R=142 dirty=       22 runs=       11 filter=  6.987ms semisort=  0.012ms
[pe-async] round=141 R=143 dirty=       62 runs=       23 filter=  7.176ms semisort=  0.023ms
[pe-async] round=142 R=144 dirty=       28 runs=       17 filter=  6.903ms semisort=  0.013ms
[pe-async] round=143 R=145 dirty=       44 runs=       11 filter=  7.170ms semisort=  0.022ms
[pe-async] round=144 R=146 dirty=       22 runs=       11 filter=  7.106ms semisort=  0.012ms
[pe-async] round=145 R=147 dirty=       62 runs=       23 filter=  6.946ms semisort=  0.023ms
[pe-async] round=146 R=148 dirty=       28 runs=       17 filter=  6.833ms semisort=  0.013ms
[pe-async] round=147 R=149 dirty=       44 runs=       11 filter=  7.011ms semisort=  0.014ms
[pe-async] round=148 R=150 dirty=       22 runs=       11 filter=  6.820ms semisort=  0.012ms
[pe-async] round=149 R=151 dirty=       62 runs=       23 filter=  6.971ms semisort=  0.022ms
[pe-async] round=150 R=152 dirty=       28 runs=       17 filter=  7.074ms semisort=  0.014ms
[pe-async] round=151 R=153 dirty=       44 runs=       11 filter=  7.177ms semisort=  0.017ms
[pe-async] round=152 R=154 dirty=       22 runs=       11 filter=  7.178ms semisort=  0.013ms
[pe-async] round=153 R=155 dirty=       62 runs=       23 filter=  6.988ms semisort=  0.017ms
[pe-async] round=154 R=156 dirty=       28 runs=       17 filter=  7.074ms semisort=  0.015ms
[pe-async] round=155 R=157 dirty=       44 runs=       11 filter=  7.307ms semisort=  0.025ms
[pe-async] round=156 R=158 dirty=       22 runs=       11 filter=  7.212ms semisort=  0.013ms
[pe-async] round=157 R=159 dirty=       62 runs=       23 filter=  6.965ms semisort=  0.017ms
[pe-async] round=158 R=160 dirty=       28 runs=       17 filter=  7.116ms semisort=  0.014ms
[pe-async] round=159 R=161 dirty=       44 runs=       11 filter=  6.951ms semisort=  0.014ms
[pe-async] round=160 R=162 dirty=       22 runs=       11 filter=  7.054ms semisort=  0.013ms
[pe-async] round=161 R=163 dirty=       62 runs=       23 filter=  7.140ms semisort=  0.022ms
[pe-async] round=162 R=164 dirty=       28 runs=       17 filter=  7.122ms semisort=  0.014ms
[pe-async] round=163 R=165 dirty=       44 runs=       11 filter=  6.953ms semisort=  0.020ms
[pe-async] round=164 R=166 dirty=       22 runs=       11 filter=  7.242ms semisort=  0.013ms
[pe-async] round=165 R=167 dirty=       62 runs=       23 filter=  6.941ms semisort=  0.017ms
[pe-async] round=166 R=168 dirty=       28 runs=       17 filter=  6.950ms semisort=  0.014ms
[pe-async] round=167 R=169 dirty=       44 runs=       11 filter=  7.124ms semisort=  0.019ms
[pe-async] round=168 R=170 dirty=       22 runs=       11 filter=  6.957ms semisort=  0.012ms
[pe-async] round=169 R=171 dirty=       62 runs=       23 filter=  6.934ms semisort=  0.022ms
[pe-async] round=170 R=172 dirty=       28 runs=       17 filter=  7.042ms semisort=  0.014ms
[pe-async] round=171 R=173 dirty=       44 runs=       11 filter=  7.070ms semisort=  0.024ms
[pe-async] round=172 R=174 dirty=       22 runs=       11 filter=  6.982ms semisort=  0.013ms
[pe-async] round=173 R=175 dirty=       62 runs=       23 filter=  6.922ms semisort=  0.019ms
[pe-async] round=174 R=176 dirty=       28 runs=       17 filter=  6.944ms semisort=  0.014ms
[pe-async] round=175 R=177 dirty=       44 runs=       11 filter=  6.929ms semisort=  0.018ms
[pe-async] round=176 R=178 dirty=       22 runs=       11 filter=  6.931ms semisort=  0.014ms
[pe-async] round=177 R=179 dirty=       62 runs=       23 filter=  7.060ms semisort=  0.020ms
[pe-async] round=178 R=180 dirty=       28 runs=       17 filter=  6.921ms semisort=  0.013ms
[pe-async] round=179 R=181 dirty=       44 runs=       11 filter=  6.913ms semisort=  0.018ms
[pe-async] round=180 R=182 dirty=       22 runs=       11 filter=  6.946ms semisort=  0.012ms
[pe-async] round=181 R=183 dirty=       62 runs=       23 filter=  7.059ms semisort=  0.022ms
[pe-async] round=182 R=184 dirty=       28 runs=       17 filter=  7.109ms semisort=  0.013ms
[pe-async] round=183 R=185 dirty=       44 runs=       11 filter=  7.007ms semisort=  0.018ms
[pe-async] round=184 R=186 dirty=       22 runs=       11 filter=  6.952ms semisort=  0.013ms
[pe-async] round=185 R=187 dirty=       62 runs=       23 filter=  6.978ms semisort=  0.021ms
[pe-async] round=186 R=188 dirty=       28 runs=       17 filter=  6.850ms semisort=  0.013ms
[pe-async] round=187 R=189 dirty=       44 runs=       11 filter=  6.973ms semisort=  0.019ms
[pe-async] round=188 R=190 dirty=       22 runs=       11 filter=  6.893ms semisort=  0.012ms
[pe-async] round=189 R=191 dirty=       62 runs=       23 filter=  7.074ms semisort=  0.020ms
[pe-async] round=190 R=192 dirty=       28 runs=       17 filter=  6.808ms semisort=  0.013ms
[pe-async] round=191 R=193 dirty=       44 runs=       11 filter=  6.915ms semisort=  0.018ms
[pe-async] round=192 R=194 dirty=       22 runs=       11 filter=  6.964ms semisort=  0.013ms
[pe-async] round=193 R=195 dirty=       62 runs=       23 filter=  7.163ms semisort=  0.021ms
[pe-async] round=194 R=196 dirty=       28 runs=       17 filter=  6.924ms semisort=  0.014ms
[pe-async] round=195 R=197 dirty=       44 runs=       11 filter=  7.005ms semisort=  0.017ms
[pe-async] round=196 R=198 dirty=       22 runs=       11 filter=  6.980ms semisort=  0.013ms
[pe-async] round=197 R=199 dirty=       62 runs=       23 filter=  6.941ms semisort=  0.021ms
[pe-async] round=198 R=200 dirty=       28 runs=       17 filter=  7.098ms semisort=  0.014ms
[pe-async] round=199 R=201 dirty=       44 runs=       11 filter=  7.065ms semisort=  0.015ms
[pe-async] round=200 R=202 dirty=       22 runs=       11 filter=  7.073ms semisort=  0.013ms
[pe-async] round=201 R=203 dirty=       62 runs=       23 filter=  6.939ms semisort=  0.021ms
[pe-async] round=202 R=204 dirty=       28 runs=       17 filter=  6.987ms semisort=  0.014ms
[pe-async] round=203 R=205 dirty=       44 runs=       11 filter=  6.956ms semisort=  0.017ms
[pe-async] round=204 R=206 dirty=       22 runs=       11 filter=  6.990ms semisort=  0.014ms
[pe-async] round=205 R=207 dirty=       62 runs=       23 filter=  6.973ms semisort=  0.023ms
[pe-async] round=206 R=208 dirty=       28 runs=       17 filter=  6.948ms semisort=  0.014ms
[pe-async] round=207 R=209 dirty=       44 runs=       11 filter=  7.173ms semisort=  0.014ms
[pe-async] round=208 R=210 dirty=       22 runs=       11 filter=  6.971ms semisort=  0.013ms
[pe-async] round=209 R=211 dirty=       70 runs=       31 filter=  7.276ms semisort=  0.022ms
[pe-async] round=210 R=212 dirty=       28 runs=       21 filter=  7.097ms semisort=  0.013ms
[pe-async] round=211 R=213 dirty=       28 runs=        7 filter=  6.993ms semisort=  0.012ms
[pe-async] round=212 R=214 dirty=       14 runs=        7 filter=  6.967ms semisort=  0.011ms
[pe-async] round=213 R=215 dirty=       46 runs=       19 filter=  7.010ms semisort=  0.019ms
[pe-async] round=214 R=216 dirty=       20 runs=       13 filter=  7.148ms semisort=  0.012ms
[pe-async] round=215 R=217 dirty=       28 runs=        7 filter=  7.173ms semisort=  0.012ms
[pe-async] round=216 R=218 dirty=       14 runs=        7 filter=  6.950ms semisort=  0.012ms
[pe-async] round=217 R=219 dirty=       46 runs=       19 filter=  7.022ms semisort=  0.017ms
[pe-async] round=218 R=220 dirty=       20 runs=       13 filter=  6.943ms semisort=  0.012ms
[pe-async] round=219 R=221 dirty=       28 runs=        7 filter=  7.053ms semisort=  0.013ms
[pe-async] round=220 R=222 dirty=       14 runs=        7 filter=  7.192ms semisort=  0.012ms
[pe-async] round=221 R=223 dirty=       46 runs=       19 filter=  7.033ms semisort=  0.016ms
[pe-async] round=222 R=224 dirty=       20 runs=       13 filter=  6.992ms semisort=  0.012ms
[pe-async] round=223 R=225 dirty=       28 runs=        7 filter=  6.917ms semisort=  0.013ms
[pe-async] round=224 R=226 dirty=       14 runs=        7 filter=  7.108ms semisort=  0.011ms
[pe-async] round=225 R=227 dirty=       46 runs=       19 filter=  6.935ms semisort=  0.022ms
[pe-async] round=226 R=228 dirty=       20 runs=       13 filter=  7.083ms semisort=  0.012ms
[pe-async] round=227 R=229 dirty=       28 runs=        7 filter=  7.031ms semisort=  0.013ms
[pe-async] round=228 R=230 dirty=       14 runs=        7 filter=  7.111ms semisort=  0.011ms
[pe-async] round=229 R=231 dirty=       46 runs=       19 filter=  7.114ms semisort=  0.025ms
[pe-async] round=230 R=232 dirty=       20 runs=       13 filter=  7.019ms semisort=  0.013ms
[pe-async] round=231 R=233 dirty=       28 runs=        7 filter=  7.129ms semisort=  0.011ms
[pe-async] round=232 R=234 dirty=       14 runs=        7 filter=  6.961ms semisort=  0.011ms
[pe-async] round=233 R=235 dirty=       46 runs=       19 filter=  6.881ms semisort=  0.015ms
[pe-async] round=234 R=236 dirty=       20 runs=       13 filter=  6.895ms semisort=  0.012ms
[pe-async] round=235 R=237 dirty=       28 runs=        7 filter=  6.996ms semisort=  0.016ms
[pe-async] round=236 R=238 dirty=       14 runs=        7 filter=  7.150ms semisort=  0.011ms
[pe-async] round=237 R=239 dirty=       46 runs=       19 filter=  6.972ms semisort=  0.015ms
[pe-async] round=238 R=240 dirty=       20 runs=       13 filter=  6.896ms semisort=  0.012ms
[pe-async] round=239 R=241 dirty=       28 runs=        7 filter=  6.913ms semisort=  0.015ms
[pe-async] round=240 R=242 dirty=       14 runs=        7 filter=  7.072ms semisort=  0.011ms
[pe-async] round=241 R=243 dirty=       46 runs=       19 filter=  6.983ms semisort=  0.018ms
[pe-async] round=242 R=244 dirty=       20 runs=       13 filter=  6.989ms semisort=  0.012ms
[pe-async] round=243 R=245 dirty=       28 runs=        7 filter=  7.027ms semisort=  0.011ms
[pe-async] round=244 R=246 dirty=       14 runs=        7 filter=  7.064ms semisort=  0.011ms
[pe-async] round=245 R=247 dirty=       46 runs=       19 filter=  7.138ms semisort=  0.015ms
[pe-async] round=246 R=248 dirty=       20 runs=       13 filter=  6.805ms semisort=  0.012ms
[pe-async] round=247 R=249 dirty=       28 runs=        7 filter=  6.966ms semisort=  0.012ms
[pe-async] round=248 R=250 dirty=       14 runs=        7 filter=  6.985ms semisort=  0.012ms
[pe-async] round=249 R=251 dirty=       46 runs=       19 filter=  6.886ms semisort=  0.019ms
[pe-async] round=250 R=252 dirty=       20 runs=       13 filter=  6.884ms semisort=  0.017ms
[pe-async] round=251 R=253 dirty=       28 runs=        7 filter=  6.891ms semisort=  0.011ms
[pe-async] round=252 R=254 dirty=       14 runs=        7 filter=  6.966ms semisort=  0.016ms
[pe-async] round=253 R=255 dirty=       46 runs=       19 filter=  6.900ms semisort=  0.017ms
[pe-async] round=254 R=256 dirty=       20 runs=       13 filter=  7.104ms semisort=  0.012ms
[pe-async] round=255 R=257 dirty=       28 runs=        7 filter=  6.858ms semisort=  0.012ms
[pe-async] round=256 R=258 dirty=       14 runs=        7 filter=  6.898ms semisort=  0.010ms
[pe-async] round=257 R=259 dirty=       46 runs=       19 filter=  6.961ms semisort=  0.017ms
[pe-async] round=258 R=260 dirty=       20 runs=       13 filter=  7.026ms semisort=  0.011ms
[pe-async] round=259 R=261 dirty=       28 runs=        7 filter=  7.145ms semisort=  0.011ms
[pe-async] round=260 R=262 dirty=       14 runs=        7 filter=  7.006ms semisort=  0.010ms
[pe-async] round=261 R=263 dirty=       46 runs=       19 filter=  7.058ms semisort=  0.019ms
[pe-async] round=262 R=264 dirty=       20 runs=       13 filter=  6.950ms semisort=  0.012ms
[pe-async] round=263 R=265 dirty=       28 runs=        7 filter=  6.800ms semisort=  0.012ms
[pe-async] round=264 R=266 dirty=       14 runs=        7 filter=  6.957ms semisort=  0.011ms
[pe-async] round=265 R=267 dirty=       46 runs=       19 filter=  6.956ms semisort=  0.020ms
[pe-async] round=266 R=268 dirty=       20 runs=       13 filter=  7.021ms semisort=  0.012ms
[pe-async] round=267 R=269 dirty=       28 runs=        7 filter=  6.874ms semisort=  0.019ms
[pe-async] round=268 R=270 dirty=       14 runs=        7 filter=  6.946ms semisort=  0.010ms
[pe-async] round=269 R=271 dirty=       46 runs=       19 filter=  7.109ms semisort=  0.015ms
[pe-async] round=270 R=272 dirty=       20 runs=       13 filter=  6.900ms semisort=  0.012ms
[pe-async] round=271 R=273 dirty=       28 runs=        7 filter=  7.215ms semisort=  0.012ms
[pe-async] round=272 R=274 dirty=       14 runs=        7 filter=  7.105ms semisort=  0.012ms
[pe-async] round=273 R=275 dirty=       46 runs=       19 filter=  7.093ms semisort=  0.018ms
[pe-async] round=274 R=276 dirty=       20 runs=       13 filter=  6.804ms semisort=  0.019ms
[pe-async] round=275 R=277 dirty=       28 runs=        7 filter=  7.041ms semisort=  0.012ms
[pe-async] round=276 R=278 dirty=       14 runs=        7 filter=  6.847ms semisort=  0.011ms
[pe-async] round=277 R=279 dirty=       46 runs=       19 filter=  6.864ms semisort=  0.019ms
[pe-async] round=278 R=280 dirty=       20 runs=       13 filter=  6.970ms semisort=  0.012ms
[pe-async] round=279 R=281 dirty=       28 runs=        7 filter=  6.729ms semisort=  0.019ms
[pe-async] round=280 R=282 dirty=       14 runs=        7 filter=  7.108ms semisort=  0.011ms
[pe-async] round=281 R=283 dirty=       46 runs=       19 filter=  7.076ms semisort=  0.015ms
[pe-async] round=282 R=284 dirty=       20 runs=       13 filter=  6.780ms semisort=  0.011ms
[pe-async] round=283 R=285 dirty=       28 runs=        7 filter=  6.940ms semisort=  0.019ms
[pe-async] round=284 R=286 dirty=       14 runs=        7 filter=  6.978ms semisort=  0.011ms
[pe-async] round=285 R=287 dirty=       46 runs=       19 filter=  6.993ms semisort=  0.017ms
[pe-async] round=286 R=288 dirty=       20 runs=       13 filter=  7.009ms semisort=  0.012ms
[pe-async] round=287 R=289 dirty=       28 runs=        7 filter=  7.062ms semisort=  0.012ms
[pe-async] round=288 R=290 dirty=       14 runs=        7 filter=  7.009ms semisort=  0.010ms
[pe-async] round=289 R=291 dirty=       46 runs=       19 filter=  6.898ms semisort=  0.019ms
[pe-async] round=290 R=292 dirty=       20 runs=       13 filter=  7.019ms semisort=  0.012ms
[pe-async] round=291 R=293 dirty=       28 runs=        7 filter=  6.997ms semisort=  0.012ms
[pe-async] round=292 R=294 dirty=       14 runs=        7 filter=  6.917ms semisort=  0.010ms
[pe-async] round=293 R=295 dirty=       46 runs=       19 filter=  6.880ms semisort=  0.019ms
[pe-async] round=294 R=296 dirty=       20 runs=       13 filter=  6.800ms semisort=  0.011ms
[pe-async] round=295 R=297 dirty=       28 runs=        7 filter=  6.898ms semisort=  0.012ms
[pe-async] round=296 R=298 dirty=       14 runs=        7 filter=  6.967ms semisort=  0.010ms
[pe-async] round=297 R=299 dirty=       46 runs=       19 filter=  6.858ms semisort=  0.019ms
[pe-async] round=298 R=300 dirty=       20 runs=       13 filter=  7.053ms semisort=  0.011ms
[pe-async] round=299 R=301 dirty=       28 runs=        7 filter=  7.099ms semisort=  0.011ms
[pe-async] round=300 R=302 dirty=       14 runs=        7 filter=  7.196ms semisort=  0.011ms
[pe-async] round=301 R=303 dirty=       46 runs=       19 filter=  7.075ms semisort=  0.015ms
[pe-async] round=302 R=304 dirty=       20 runs=       13 filter=  6.974ms semisort=  0.012ms
[pe-async] round=303 R=305 dirty=       28 runs=        7 filter=  7.022ms semisort=  0.013ms
[pe-async] round=304 R=306 dirty=       14 runs=        7 filter=  6.971ms semisort=  0.011ms
[pe-async] round=305 R=307 dirty=       46 runs=       19 filter=  7.087ms semisort=  0.022ms
[pe-async] round=306 R=308 dirty=       20 runs=       13 filter=  7.194ms semisort=  0.011ms
[pe-async] round=307 R=309 dirty=       28 runs=        7 filter=  6.954ms semisort=  0.020ms
[pe-async] round=308 R=310 dirty=       14 runs=        7 filter=  7.005ms semisort=  0.010ms
[pe-async] round=309 R=311 dirty=       46 runs=       19 filter=  7.092ms semisort=  0.014ms
[pe-async] round=310 R=312 dirty=       20 runs=       13 filter=  7.100ms semisort=  0.011ms
[pe-async] round=311 R=313 dirty=       28 runs=        7 filter=  7.025ms semisort=  0.012ms
[pe-async] round=312 R=314 dirty=       14 runs=        7 filter=  7.010ms semisort=  0.010ms
[pe-async] round=313 R=315 dirty=       46 runs=       19 filter=  6.954ms semisort=  0.019ms
[pe-async] round=314 R=316 dirty=       20 runs=       13 filter=  7.026ms semisort=  0.013ms
[pe-async] round=315 R=317 dirty=       28 runs=        7 filter=  6.964ms semisort=  0.012ms
[pe-async] round=316 R=318 dirty=       14 runs=        7 filter=  7.072ms semisort=  0.011ms
[pe-async] round=317 R=319 dirty=       46 runs=       19 filter=  6.939ms semisort=  0.021ms
[pe-async] round=318 R=320 dirty=       20 runs=       17 filter=  7.303ms semisort=  0.011ms
[pe-async] round=319 R=321 dirty=       12 runs=        3 filter=  7.332ms semisort=  0.009ms
[pe-async] round=320 R=322 dirty=        6 runs=        3 filter=  7.060ms semisort=  0.009ms
[pe-async] round=321 R=323 dirty=       30 runs=       15 filter=  6.962ms semisort=  0.016ms
[pe-async] round=322 R=324 dirty=       12 runs=        9 filter=  7.122ms semisort=  0.010ms
[pe-async] round=323 R=325 dirty=       12 runs=        3 filter=  6.758ms semisort=  0.009ms
[pe-async] round=324 R=326 dirty=        6 runs=        3 filter=  7.052ms semisort=  0.009ms
[pe-async] round=325 R=327 dirty=       30 runs=       15 filter=  7.118ms semisort=  0.011ms
[pe-async] round=326 R=328 dirty=       12 runs=        9 filter=  6.963ms semisort=  0.010ms
[pe-async] round=327 R=329 dirty=       12 runs=        3 filter=  7.020ms semisort=  0.008ms
[pe-async] round=328 R=330 dirty=        6 runs=        3 filter=  6.913ms semisort=  0.007ms
[pe-async] round=329 R=331 dirty=       30 runs=       15 filter=  6.845ms semisort=  0.011ms
[pe-async] round=330 R=332 dirty=       12 runs=        9 filter=  6.920ms semisort=  0.010ms
[pe-async] round=331 R=333 dirty=       12 runs=        3 filter=  6.914ms semisort=  0.009ms
[pe-async] round=332 R=334 dirty=        6 runs=        3 filter=  7.022ms semisort=  0.008ms
[pe-async] round=333 R=335 dirty=       30 runs=       15 filter=  6.840ms semisort=  0.011ms
[pe-async] round=334 R=336 dirty=       12 runs=        9 filter=  6.948ms semisort=  0.010ms
[pe-async] round=335 R=337 dirty=       12 runs=        3 filter=  6.840ms semisort=  0.009ms
[pe-async] round=336 R=338 dirty=        6 runs=        3 filter=  6.799ms semisort=  0.009ms
[pe-async] round=337 R=339 dirty=       30 runs=       15 filter=  6.959ms semisort=  0.011ms
[pe-async] round=338 R=340 dirty=       12 runs=        9 filter=  7.008ms semisort=  0.009ms
[pe-async] round=339 R=341 dirty=       12 runs=        3 filter=  6.954ms semisort=  0.009ms
[pe-async] round=340 R=342 dirty=        6 runs=        3 filter=  7.035ms semisort=  0.009ms
[pe-async] round=341 R=343 dirty=       30 runs=       15 filter=  6.769ms semisort=  0.011ms
[pe-async] round=342 R=344 dirty=       12 runs=        9 filter=  7.014ms semisort=  0.009ms
[pe-async] round=343 R=345 dirty=       12 runs=        3 filter=  6.886ms semisort=  0.009ms
[pe-async] round=344 R=346 dirty=        6 runs=        3 filter=  6.808ms semisort=  0.009ms
[pe-async] round=345 R=347 dirty=       30 runs=       15 filter=  6.946ms semisort=  0.012ms
[pe-async] round=346 R=348 dirty=       12 runs=        9 filter=  6.822ms semisort=  0.009ms
[pe-async] round=347 R=349 dirty=       12 runs=        3 filter=  6.947ms semisort=  0.010ms
[pe-async] round=348 R=350 dirty=        6 runs=        3 filter=  6.955ms semisort=  0.008ms
[pe-async] round=349 R=351 dirty=       30 runs=       15 filter=  7.029ms semisort=  0.011ms
[pe-async] round=350 R=352 dirty=       12 runs=        9 filter=  7.096ms semisort=  0.010ms
[pe-async] round=351 R=353 dirty=       12 runs=        3 filter=  7.132ms semisort=  0.010ms
[pe-async] round=352 R=354 dirty=        6 runs=        3 filter=  7.014ms semisort=  0.008ms
[pe-async] round=353 R=355 dirty=       30 runs=       15 filter=  7.023ms semisort=  0.011ms
[pe-async] round=354 R=356 dirty=       12 runs=        9 filter=  6.929ms semisort=  0.011ms
[pe-async] round=355 R=357 dirty=       12 runs=        3 filter=  6.929ms semisort=  0.008ms
[pe-async] round=356 R=358 dirty=        6 runs=        3 filter=  6.939ms semisort=  0.008ms
[pe-async] round=357 R=359 dirty=       30 runs=       15 filter=  6.970ms semisort=  0.011ms
[pe-async] round=358 R=360 dirty=       12 runs=        9 filter=  6.788ms semisort=  0.010ms
[pe-async] round=359 R=361 dirty=       12 runs=        3 filter=  6.968ms semisort=  0.009ms
[pe-async] round=360 R=362 dirty=        6 runs=        3 filter=  6.993ms semisort=  0.013ms
[pe-async] round=361 R=363 dirty=       30 runs=       15 filter=  6.876ms semisort=  0.011ms
[pe-async] round=362 R=364 dirty=       12 runs=        9 filter=  6.830ms semisort=  0.009ms
[pe-async] round=363 R=365 dirty=       12 runs=        3 filter=  6.877ms semisort=  0.008ms
[pe-async] round=364 R=366 dirty=        6 runs=        3 filter=  6.909ms semisort=  0.008ms
[pe-async] round=365 R=367 dirty=       30 runs=       15 filter=  6.808ms semisort=  0.011ms
[pe-async] round=366 R=368 dirty=       12 runs=        9 filter=  7.231ms semisort=  0.010ms
[pe-async] round=367 R=369 dirty=       12 runs=        3 filter=  6.946ms semisort=  0.008ms
[pe-async] round=368 R=370 dirty=        6 runs=        3 filter=  6.984ms semisort=  0.009ms
[pe-async] round=369 R=371 dirty=       30 runs=       15 filter=  6.966ms semisort=  0.012ms
[pe-async] round=370 R=372 dirty=       12 runs=        9 filter=  7.180ms semisort=  0.009ms
[pe-async] round=371 R=373 dirty=       12 runs=        3 filter=  6.959ms semisort=  0.008ms
[pe-async] round=372 R=374 dirty=        6 runs=        3 filter=  6.947ms semisort=  0.008ms
[pe-async] round=373 R=375 dirty=       30 runs=       15 filter=  6.940ms semisort=  0.011ms
[pe-async] round=374 R=376 dirty=       12 runs=        9 filter=  7.066ms semisort=  0.009ms
[pe-async] round=375 R=377 dirty=       12 runs=        3 filter=  7.000ms semisort=  0.010ms
[pe-async] round=376 R=378 dirty=        6 runs=        3 filter=  7.044ms semisort=  0.011ms
[pe-async] round=377 R=379 dirty=       30 runs=       15 filter=  6.927ms semisort=  0.011ms
[pe-async] round=378 R=380 dirty=       12 runs=        9 filter=  6.977ms semisort=  0.009ms
[pe-async] round=379 R=381 dirty=       12 runs=        3 filter=  6.933ms semisort=  0.010ms
[pe-async] round=380 R=382 dirty=        6 runs=        3 filter=  6.815ms semisort=  0.008ms
[pe-async] round=381 R=383 dirty=       30 runs=       15 filter=  6.801ms semisort=  0.011ms
[pe-async] round=382 R=384 dirty=       12 runs=        9 filter=  6.905ms semisort=  0.011ms
[pe-async] round=383 R=385 dirty=       12 runs=        3 filter=  6.721ms semisort=  0.008ms
[pe-async] round=384 R=386 dirty=        6 runs=        3 filter=  7.139ms semisort=  0.008ms
[pe-async] round=385 R=387 dirty=       30 runs=       15 filter=  6.859ms semisort=  0.012ms
[pe-async] round=386 R=388 dirty=       12 runs=        9 filter=  7.072ms semisort=  0.010ms
[pe-async] round=387 R=389 dirty=       12 runs=        3 filter=  7.064ms semisort=  0.009ms
[pe-async] round=388 R=390 dirty=        6 runs=        3 filter=  6.964ms semisort=  0.008ms
[pe-async] round=389 R=391 dirty=       30 runs=       15 filter=  6.981ms semisort=  0.011ms
[pe-async] round=390 R=392 dirty=       12 runs=        9 filter=  6.961ms semisort=  0.010ms
[pe-async] round=391 R=393 dirty=       12 runs=        3 filter=  7.101ms semisort=  0.009ms
[pe-async] round=392 R=394 dirty=        6 runs=        3 filter=  6.851ms semisort=  0.008ms
[pe-async] round=393 R=395 dirty=       30 runs=       15 filter=  7.009ms semisort=  0.011ms
[pe-async] round=394 R=396 dirty=       12 runs=        9 filter=  6.954ms semisort=  0.010ms
[pe-async] round=395 R=397 dirty=       12 runs=        3 filter=  7.047ms semisort=  0.009ms
[pe-async] round=396 R=398 dirty=        6 runs=        3 filter=  6.949ms semisort=  0.008ms
[pe-async] round=397 R=399 dirty=       30 runs=       15 filter=  7.015ms semisort=  0.012ms
[pe-async] round=398 R=400 dirty=       12 runs=        9 filter=  6.793ms semisort=  0.009ms
[pe-async] round=399 R=401 dirty=       12 runs=        3 filter=  6.761ms semisort=  0.010ms
[pe-async] round=400 R=402 dirty=        6 runs=        3 filter=  7.274ms semisort=  0.009ms
[pe-async] round=401 R=403 dirty=       30 runs=       15 filter=  6.876ms semisort=  0.011ms
[pe-async] round=402 R=404 dirty=       12 runs=        9 filter=  6.939ms semisort=  0.015ms
[pe-async] round=403 R=405 dirty=       12 runs=        3 filter=  6.844ms semisort=  0.009ms
[pe-async] round=404 R=406 dirty=        6 runs=        3 filter=  6.990ms semisort=  0.009ms
[pe-async] round=405 R=407 dirty=       30 runs=       15 filter=  6.884ms semisort=  0.011ms
[pe-async] round=406 R=408 dirty=       12 runs=        9 filter=  7.008ms semisort=  0.010ms
[pe-async] round=407 R=409 dirty=       12 runs=        3 filter=  6.880ms semisort=  0.009ms
[pe-async] round=408 R=410 dirty=        6 runs=        3 filter=  6.926ms semisort=  0.009ms
[pe-async] round=409 R=411 dirty=       30 runs=       15 filter=  7.064ms semisort=  0.011ms
[pe-async] round=410 R=412 dirty=       12 runs=        9 filter=  6.925ms semisort=  0.010ms
[pe-async] round=411 R=413 dirty=       12 runs=        3 filter=  6.995ms semisort=  0.009ms
[pe-async] round=412 R=414 dirty=        6 runs=        3 filter=  7.040ms semisort=  0.011ms
[pe-async] round=413 R=415 dirty=       30 runs=       15 filter=  6.862ms semisort=  0.011ms
[pe-async] round=414 R=416 dirty=       12 runs=        9 filter=  7.031ms semisort=  0.009ms
[pe-async] round=415 R=417 dirty=       12 runs=        3 filter=  6.985ms semisort=  0.009ms
[pe-async] round=416 R=418 dirty=        6 runs=        3 filter=  7.099ms semisort=  0.008ms
[pe-async] round=417 R=419 dirty=       30 runs=       15 filter=  6.893ms semisort=  0.012ms
[pe-async] round=418 R=420 dirty=       12 runs=        9 filter=  7.037ms semisort=  0.009ms
[pe-async] round=419 R=421 dirty=       12 runs=        3 filter=  6.999ms semisort=  0.009ms
[pe-async] round=420 R=422 dirty=        6 runs=        3 filter=  6.835ms semisort=  0.008ms
[pe-async] round=421 R=423 dirty=       30 runs=       15 filter=  7.057ms semisort=  0.011ms
[pe-async] round=422 R=424 dirty=       12 runs=        9 filter=  7.027ms semisort=  0.013ms
[pe-async] round=423 R=425 dirty=       12 runs=        3 filter=  6.873ms semisort=  0.009ms
[pe-async] round=424 R=426 dirty=        6 runs=        3 filter=  6.948ms semisort=  0.014ms
[pe-async] round=425 R=427 dirty=       30 runs=       15 filter=  6.879ms semisort=  0.011ms
[pe-async] round=426 R=428 dirty=       12 runs=        9 filter=  6.945ms semisort=  0.009ms
[pe-async] round=427 R=429 dirty=       12 runs=        3 filter=  7.053ms semisort=  0.009ms
[pe-async] round=428 R=430 dirty=        6 runs=        3 filter=  7.003ms semisort=  0.014ms
[pe-async] round=429 R=431 dirty=       31 runs=       21 filter=  7.016ms semisort=  0.010ms
[pe-async] round=430 R=432 dirty=        6 runs=        4 filter=  7.002ms semisort=  0.008ms
[pe-async] round=431 R=433 dirty=        0 filter=  7.256ms (clean break)
[pe-async] round=  0 R=2 dirty=  5950187 runs=  3886042 filter=  7.835ms semisort= 39.815ms
[pe-async] round=  1 R=3 dirty=   263635 runs=   150760 filter= 10.496ms semisort=  2.723ms
[pe-async] round=  2 R=4 dirty=    86522 runs=    58570 filter=  9.508ms semisort=  3.432ms
[pe-async] round=  3 R=5 dirty=    36944 runs=    18788 filter=  8.904ms semisort=  1.464ms
[pe-async] round=  4 R=6 dirty=    15663 runs=     8740 filter=  8.542ms semisort=  0.606ms
[pe-async] round=  5 R=7 dirty=    13473 runs=     5947 filter=  8.255ms semisort=  0.547ms
[pe-async] round=  6 R=8 dirty=    13658 runs=     7108 filter=  8.277ms semisort=  0.537ms
[pe-async] round=  7 R=9 dirty=    13105 runs=     6254 filter=  8.239ms semisort=  0.532ms
[pe-async] round=  8 R=10 dirty=    14858 runs=     7591 filter=  7.848ms semisort=  0.610ms
[pe-async] round=  9 R=11 dirty=     5451 runs=     2881 filter=  7.769ms semisort=  0.264ms
[pe-async] round= 10 R=12 dirty=     9075 runs=     3410 filter=  7.889ms semisort=  0.397ms
[pe-async] round= 11 R=13 dirty=     4967 runs=     2078 filter=  7.782ms semisort=  0.274ms
[pe-async] round= 12 R=14 dirty=     4266 runs=     2352 filter=  7.732ms semisort=  0.218ms
[pe-async] round= 13 R=15 dirty=     1778 runs=     1264 filter=  7.800ms semisort=  0.105ms
[pe-async] round= 14 R=16 dirty=      268 runs=      116 filter=  7.665ms semisort=  0.051ms
[pe-async] round= 15 R=17 dirty=      116 runs=       38 filter=  7.787ms semisort=  0.044ms
[pe-async] round= 16 R=18 dirty=      182 runs=       91 filter=  7.583ms semisort=  0.040ms
[pe-async] round= 17 R=19 dirty=      122 runs=       51 filter=  7.580ms semisort=  0.036ms
[pe-async] round= 18 R=20 dirty=       80 runs=       31 filter=  7.336ms semisort=  0.026ms
[pe-async] round= 19 R=21 dirty=       76 runs=       25 filter=  7.597ms semisort=  0.035ms
[pe-async] round= 20 R=22 dirty=      138 runs=       75 filter=  7.472ms semisort=  0.030ms
[pe-async] round= 21 R=23 dirty=      102 runs=       43 filter=  7.589ms semisort=  0.034ms
[pe-async] round= 22 R=24 dirty=       76 runs=       29 filter=  7.333ms semisort=  0.031ms
[pe-async] round= 23 R=25 dirty=       68 runs=       23 filter=  7.571ms semisort=  0.027ms
[pe-async] round= 24 R=26 dirty=      134 runs=       71 filter=  7.462ms semisort=  0.032ms
[pe-async] round= 25 R=27 dirty=      102 runs=       43 filter=  7.258ms semisort=  0.032ms
[pe-async] round= 26 R=28 dirty=       76 runs=       29 filter=  7.385ms semisort=  0.026ms
[pe-async] round= 27 R=29 dirty=       68 runs=       23 filter=  7.587ms semisort=  0.024ms
[pe-async] round= 28 R=30 dirty=      134 runs=       71 filter=  7.489ms semisort=  0.028ms
[pe-async] round= 29 R=31 dirty=      102 runs=       43 filter=  7.296ms semisort=  0.033ms
[pe-async] round= 30 R=32 dirty=       76 runs=       29 filter=  7.197ms semisort=  0.023ms
[pe-async] round= 31 R=33 dirty=       68 runs=       23 filter=  7.356ms semisort=  0.029ms
[pe-async] round= 32 R=34 dirty=      134 runs=       71 filter=  7.326ms semisort=  0.035ms
[pe-async] round= 33 R=35 dirty=      102 runs=       43 filter=  7.264ms semisort=  0.030ms
[pe-async] round= 34 R=36 dirty=       76 runs=       29 filter=  7.387ms semisort=  0.025ms
[pe-async] round= 35 R=37 dirty=       68 runs=       23 filter=  7.429ms semisort=  0.024ms
[pe-async] round= 36 R=38 dirty=      134 runs=       71 filter=  7.127ms semisort=  0.029ms
[pe-async] round= 37 R=39 dirty=      102 runs=       43 filter=  7.182ms semisort=  0.031ms
[pe-async] round= 38 R=40 dirty=       76 runs=       29 filter=  7.224ms semisort=  0.026ms
[pe-async] round= 39 R=41 dirty=       68 runs=       23 filter=  7.131ms semisort=  0.030ms
[pe-async] round= 40 R=42 dirty=      134 runs=       71 filter=  7.186ms semisort=  0.030ms
[pe-async] round= 41 R=43 dirty=      102 runs=       43 filter=  7.232ms semisort=  0.037ms
[pe-async] round= 42 R=44 dirty=       76 runs=       29 filter=  7.215ms semisort=  0.025ms
[pe-async] round= 43 R=45 dirty=       68 runs=       23 filter=  7.061ms semisort=  0.023ms
[pe-async] round= 44 R=46 dirty=      134 runs=       71 filter=  7.331ms semisort=  0.030ms
[pe-async] round= 45 R=47 dirty=      102 runs=       43 filter=  7.368ms semisort=  0.032ms
[pe-async] round= 46 R=48 dirty=       76 runs=       29 filter=  7.447ms semisort=  0.022ms
[pe-async] round= 47 R=49 dirty=       68 runs=       23 filter=  7.233ms semisort=  0.024ms
[pe-async] round= 48 R=50 dirty=       22 runs=       11 filter=  7.240ms semisort=  0.012ms
[pe-async] round= 49 R=51 dirty=       62 runs=       23 filter=  7.311ms semisort=  0.019ms
[pe-async] round= 50 R=52 dirty=       28 runs=       17 filter=  7.138ms semisort=  0.013ms
[pe-async] round= 51 R=53 dirty=       44 runs=       11 filter=  7.231ms semisort=  0.014ms
[pe-async] round= 52 R=54 dirty=       22 runs=       11 filter=  7.332ms semisort=  0.013ms
[pe-async] round= 53 R=55 dirty=       62 runs=       23 filter=  7.232ms semisort=  0.020ms
[pe-async] round= 54 R=56 dirty=       28 runs=       17 filter=  7.239ms semisort=  0.014ms
[pe-async] round= 55 R=57 dirty=       44 runs=       11 filter=  7.025ms semisort=  0.019ms
[pe-async] round= 56 R=58 dirty=       22 runs=       11 filter=  7.072ms semisort=  0.014ms
[pe-async] round= 57 R=59 dirty=       62 runs=       23 filter=  7.187ms semisort=  0.020ms
[pe-async] round= 58 R=60 dirty=       28 runs=       17 filter=  7.247ms semisort=  0.014ms
[pe-async] round= 59 R=61 dirty=       44 runs=       11 filter=  7.200ms semisort=  0.019ms
[pe-async] round= 60 R=62 dirty=       22 runs=       11 filter=  6.990ms semisort=  0.013ms
[pe-async] round= 61 R=63 dirty=       62 runs=       23 filter=  7.250ms semisort=  0.017ms
[pe-async] round= 62 R=64 dirty=       28 runs=       17 filter=  7.085ms semisort=  0.014ms
[pe-async] round= 63 R=65 dirty=       44 runs=       11 filter=  7.120ms semisort=  0.019ms
[pe-async] round= 64 R=66 dirty=       22 runs=       11 filter=  7.170ms semisort=  0.014ms
[pe-async] round= 65 R=67 dirty=       62 runs=       23 filter=  7.276ms semisort=  0.021ms
[pe-async] round= 66 R=68 dirty=       28 runs=       17 filter=  7.370ms semisort=  0.014ms
[pe-async] round= 67 R=69 dirty=       44 runs=       11 filter=  7.289ms semisort=  0.018ms
[pe-async] round= 68 R=70 dirty=       22 runs=       11 filter=  7.133ms semisort=  0.013ms
[pe-async] round= 69 R=71 dirty=       62 runs=       23 filter=  7.124ms semisort=  0.020ms
[pe-async] round= 70 R=72 dirty=       28 runs=       17 filter=  7.159ms semisort=  0.013ms
[pe-async] round= 71 R=73 dirty=       44 runs=       11 filter=  7.445ms semisort=  0.019ms
[pe-async] round= 72 R=74 dirty=       22 runs=       11 filter=  7.325ms semisort=  0.013ms
[pe-async] round= 73 R=75 dirty=       62 runs=       23 filter=  7.221ms semisort=  0.019ms
[pe-async] round= 74 R=76 dirty=       28 runs=       17 filter=  7.141ms semisort=  0.013ms
[pe-async] round= 75 R=77 dirty=       44 runs=       11 filter=  7.191ms semisort=  0.014ms
[pe-async] round= 76 R=78 dirty=       22 runs=       11 filter=  7.240ms semisort=  0.013ms
[pe-async] round= 77 R=79 dirty=       62 runs=       23 filter=  7.170ms semisort=  0.020ms
[pe-async] round= 78 R=80 dirty=       28 runs=       17 filter=  6.998ms semisort=  0.014ms
[pe-async] round= 79 R=81 dirty=       44 runs=       11 filter=  7.181ms semisort=  0.020ms
[pe-async] round= 80 R=82 dirty=       22 runs=       11 filter=  7.203ms semisort=  0.013ms
[pe-async] round= 81 R=83 dirty=       62 runs=       23 filter=  7.244ms semisort=  0.019ms
[pe-async] round= 82 R=84 dirty=       28 runs=       17 filter=  7.294ms semisort=  0.014ms
[pe-async] round= 83 R=85 dirty=       44 runs=       11 filter=  7.169ms semisort=  0.019ms
[pe-async] round= 84 R=86 dirty=       22 runs=       11 filter=  6.974ms semisort=  0.012ms
[pe-async] round= 85 R=87 dirty=       62 runs=       23 filter=  7.218ms semisort=  0.020ms
[pe-async] round= 86 R=88 dirty=       28 runs=       17 filter=  7.221ms semisort=  0.014ms
[pe-async] round= 87 R=89 dirty=       44 runs=       11 filter=  7.194ms semisort=  0.022ms
[pe-async] round= 88 R=90 dirty=       22 runs=       11 filter=  7.194ms semisort=  0.013ms
[pe-async] round= 89 R=91 dirty=       62 runs=       23 filter=  7.115ms semisort=  0.021ms
[pe-async] round= 90 R=92 dirty=       28 runs=       17 filter=  7.237ms semisort=  0.014ms
[pe-async] round= 91 R=93 dirty=       44 runs=       11 filter=  7.334ms semisort=  0.019ms
[pe-async] round= 92 R=94 dirty=       22 runs=       11 filter=  7.188ms semisort=  0.013ms
[pe-async] round= 93 R=95 dirty=       62 runs=       23 filter=  7.265ms semisort=  0.019ms
[pe-async] round= 94 R=96 dirty=       28 runs=       17 filter=  7.134ms semisort=  0.013ms
[pe-async] round= 95 R=97 dirty=       44 runs=       11 filter=  7.255ms semisort=  0.019ms
[pe-async] round= 96 R=98 dirty=       22 runs=       11 filter=  7.032ms semisort=  0.013ms
[pe-async] round= 97 R=99 dirty=       62 runs=       23 filter=  7.208ms semisort=  0.020ms
[pe-async] round= 98 R=100 dirty=       28 runs=       17 filter=  7.029ms semisort=  0.014ms
[pe-async] round= 99 R=101 dirty=       44 runs=       11 filter=  7.056ms semisort=  0.018ms
[pe-async] round=100 R=102 dirty=       22 runs=       11 filter=  6.967ms semisort=  0.013ms
[pe-async] round=101 R=103 dirty=       62 runs=       23 filter=  6.958ms semisort=  0.018ms
[pe-async] round=102 R=104 dirty=       28 runs=       17 filter=  7.018ms semisort=  0.014ms
[pe-async] round=103 R=105 dirty=       44 runs=       11 filter=  7.041ms semisort=  0.018ms
[pe-async] round=104 R=106 dirty=       22 runs=       11 filter=  6.907ms semisort=  0.013ms
[pe-async] round=105 R=107 dirty=       62 runs=       23 filter=  7.129ms semisort=  0.020ms
[pe-async] round=106 R=108 dirty=       28 runs=       17 filter=  7.312ms semisort=  0.014ms
[pe-async] round=107 R=109 dirty=       44 runs=       11 filter=  7.242ms semisort=  0.021ms
[pe-async] round=108 R=110 dirty=       22 runs=       11 filter=  7.185ms semisort=  0.012ms
[pe-async] round=109 R=111 dirty=       62 runs=       23 filter=  7.035ms semisort=  0.019ms
[pe-async] round=110 R=112 dirty=       28 runs=       17 filter=  7.120ms semisort=  0.013ms
[pe-async] round=111 R=113 dirty=       44 runs=       11 filter=  7.055ms semisort=  0.019ms
[pe-async] round=112 R=114 dirty=       22 runs=       11 filter=  7.268ms semisort=  0.013ms
[pe-async] round=113 R=115 dirty=       62 runs=       23 filter=  7.097ms semisort=  0.020ms
[pe-async] round=114 R=116 dirty=       28 runs=       17 filter=  6.932ms semisort=  0.013ms
[pe-async] round=115 R=117 dirty=       44 runs=       11 filter=  7.142ms semisort=  0.024ms
[pe-async] round=116 R=118 dirty=       22 runs=       11 filter=  7.103ms semisort=  0.013ms
[pe-async] round=117 R=119 dirty=       62 runs=       23 filter=  7.106ms semisort=  0.017ms
[pe-async] round=118 R=120 dirty=       28 runs=       17 filter=  6.976ms semisort=  0.014ms
[pe-async] round=119 R=121 dirty=       44 runs=       11 filter=  6.990ms semisort=  0.021ms
[pe-async] round=120 R=122 dirty=       22 runs=       11 filter=  6.967ms semisort=  0.013ms
[pe-async] round=121 R=123 dirty=       62 runs=       23 filter=  6.984ms semisort=  0.018ms
[pe-async] round=122 R=124 dirty=       28 runs=       17 filter=  7.107ms semisort=  0.013ms
[pe-async] round=123 R=125 dirty=       44 runs=       11 filter=  7.076ms semisort=  0.021ms
[pe-async] round=124 R=126 dirty=       22 runs=       11 filter=  7.425ms semisort=  0.014ms
[pe-async] round=125 R=127 dirty=       62 runs=       23 filter=  7.116ms semisort=  0.018ms
[pe-async] round=126 R=128 dirty=       28 runs=       17 filter=  7.045ms semisort=  0.013ms
[pe-async] round=127 R=129 dirty=       44 runs=       11 filter=  7.106ms semisort=  0.018ms
[pe-async] round=128 R=130 dirty=       22 runs=       11 filter=  6.989ms semisort=  0.013ms
[pe-async] round=129 R=131 dirty=       62 runs=       23 filter=  7.209ms semisort=  0.020ms
[pe-async] round=130 R=132 dirty=       28 runs=       17 filter=  7.049ms semisort=  0.012ms
[pe-async] round=131 R=133 dirty=       44 runs=       11 filter=  7.157ms semisort=  0.020ms
[pe-async] round=132 R=134 dirty=       22 runs=       11 filter=  7.129ms semisort=  0.013ms
[pe-async] round=133 R=135 dirty=       62 runs=       23 filter=  7.180ms semisort=  0.020ms
[pe-async] round=134 R=136 dirty=       28 runs=       17 filter=  7.056ms semisort=  0.014ms
[pe-async] round=135 R=137 dirty=       44 runs=       11 filter=  7.040ms semisort=  0.018ms
[pe-async] round=136 R=138 dirty=       22 runs=       11 filter=  7.277ms semisort=  0.013ms
[pe-async] round=137 R=139 dirty=       62 runs=       23 filter=  7.047ms semisort=  0.016ms
[pe-async] round=138 R=140 dirty=       28 runs=       17 filter=  7.080ms semisort=  0.013ms
[pe-async] round=139 R=141 dirty=       44 runs=       11 filter=  7.106ms semisort=  0.019ms
[pe-async] round=140 R=142 dirty=       22 runs=       11 filter=  7.015ms semisort=  0.012ms
[pe-async] round=141 R=143 dirty=       62 runs=       23 filter=  6.988ms semisort=  0.017ms
[pe-async] round=142 R=144 dirty=       28 runs=       17 filter=  7.245ms semisort=  0.014ms
[pe-async] round=143 R=145 dirty=       44 runs=       11 filter=  7.155ms semisort=  0.019ms
[pe-async] round=144 R=146 dirty=       22 runs=       11 filter=  7.182ms semisort=  0.020ms
[pe-async] round=145 R=147 dirty=       62 runs=       23 filter=  7.152ms semisort=  0.022ms
[pe-async] round=146 R=148 dirty=       28 runs=       17 filter=  7.001ms semisort=  0.014ms
[pe-async] round=147 R=149 dirty=       44 runs=       11 filter=  7.095ms semisort=  0.018ms
[pe-async] round=148 R=150 dirty=       22 runs=       11 filter=  7.078ms semisort=  0.013ms
[pe-async] round=149 R=151 dirty=       62 runs=       23 filter=  7.090ms semisort=  0.026ms
[pe-async] round=150 R=152 dirty=       28 runs=       17 filter=  6.995ms semisort=  0.015ms
[pe-async] round=151 R=153 dirty=       44 runs=       11 filter=  7.160ms semisort=  0.017ms
[pe-async] round=152 R=154 dirty=       22 runs=       11 filter=  6.973ms semisort=  0.012ms
[pe-async] round=153 R=155 dirty=       62 runs=       23 filter=  6.962ms semisort=  0.020ms
[pe-async] round=154 R=156 dirty=       28 runs=       17 filter=  6.988ms semisort=  0.014ms
[pe-async] round=155 R=157 dirty=       44 runs=       11 filter=  7.257ms semisort=  0.019ms
[pe-async] round=156 R=158 dirty=       22 runs=       11 filter=  7.008ms semisort=  0.013ms
[pe-async] round=157 R=159 dirty=       62 runs=       23 filter=  7.281ms semisort=  0.017ms
[pe-async] round=158 R=160 dirty=       28 runs=       17 filter=  7.130ms semisort=  0.014ms
[pe-async] round=159 R=161 dirty=       44 runs=       11 filter=  7.158ms semisort=  0.018ms
[pe-async] round=160 R=162 dirty=       22 runs=       11 filter=  7.076ms semisort=  0.012ms
[pe-async] round=161 R=163 dirty=       62 runs=       23 filter=  6.855ms semisort=  0.020ms
[pe-async] round=162 R=164 dirty=       28 runs=       17 filter=  7.075ms semisort=  0.014ms
[pe-async] round=163 R=165 dirty=       44 runs=       11 filter=  7.147ms semisort=  0.017ms
[pe-async] round=164 R=166 dirty=       22 runs=       11 filter=  7.215ms semisort=  0.012ms
[pe-async] round=165 R=167 dirty=       62 runs=       23 filter=  7.277ms semisort=  0.025ms
[pe-async] round=166 R=168 dirty=       28 runs=       17 filter=  7.109ms semisort=  0.013ms
[pe-async] round=167 R=169 dirty=       44 runs=       11 filter=  7.151ms semisort=  0.018ms
[pe-async] round=168 R=170 dirty=       22 runs=       11 filter=  6.980ms semisort=  0.013ms
[pe-async] round=169 R=171 dirty=       62 runs=       23 filter=  6.979ms semisort=  0.021ms
[pe-async] round=170 R=172 dirty=       28 runs=       17 filter=  6.966ms semisort=  0.014ms
[pe-async] round=171 R=173 dirty=       44 runs=       11 filter=  7.306ms semisort=  0.019ms
[pe-async] round=172 R=174 dirty=       22 runs=       11 filter=  6.921ms semisort=  0.013ms
[pe-async] round=173 R=175 dirty=       62 runs=       23 filter=  7.039ms semisort=  0.021ms
[pe-async] round=174 R=176 dirty=       28 runs=       17 filter=  6.960ms semisort=  0.013ms
[pe-async] round=175 R=177 dirty=       44 runs=       11 filter=  7.040ms semisort=  0.018ms
[pe-async] round=176 R=178 dirty=       22 runs=       11 filter=  7.120ms semisort=  0.014ms
[pe-async] round=177 R=179 dirty=       62 runs=       23 filter=  6.999ms semisort=  0.020ms
[pe-async] round=178 R=180 dirty=       28 runs=       17 filter=  6.985ms semisort=  0.013ms
[pe-async] round=179 R=181 dirty=       44 runs=       11 filter=  7.000ms semisort=  0.017ms
[pe-async] round=180 R=182 dirty=       22 runs=       11 filter=  7.091ms semisort=  0.013ms
[pe-async] round=181 R=183 dirty=       62 runs=       23 filter=  7.112ms semisort=  0.021ms
[pe-async] round=182 R=184 dirty=       28 runs=       17 filter=  6.987ms semisort=  0.013ms
[pe-async] round=183 R=185 dirty=       44 runs=       11 filter=  7.172ms semisort=  0.022ms
[pe-async] round=184 R=186 dirty=       22 runs=       11 filter=  7.001ms semisort=  0.013ms
[pe-async] round=185 R=187 dirty=       62 runs=       23 filter=  7.096ms semisort=  0.026ms
[pe-async] round=186 R=188 dirty=       28 runs=       17 filter=  7.059ms semisort=  0.014ms
[pe-async] round=187 R=189 dirty=       44 runs=       11 filter=  7.032ms semisort=  0.017ms
[pe-async] round=188 R=190 dirty=       22 runs=       11 filter=  7.020ms semisort=  0.013ms
[pe-async] round=189 R=191 dirty=       62 runs=       23 filter=  7.295ms semisort=  0.021ms
[pe-async] round=190 R=192 dirty=       28 runs=       17 filter=  7.114ms semisort=  0.016ms
[pe-async] round=191 R=193 dirty=       44 runs=       11 filter=  7.160ms semisort=  0.019ms
[pe-async] round=192 R=194 dirty=       22 runs=       11 filter=  7.021ms semisort=  0.020ms
[pe-async] round=193 R=195 dirty=       62 runs=       23 filter=  7.065ms semisort=  0.017ms
[pe-async] round=194 R=196 dirty=       28 runs=       17 filter=  7.053ms semisort=  0.014ms
[pe-async] round=195 R=197 dirty=       44 runs=       11 filter=  6.885ms semisort=  0.019ms
[pe-async] round=196 R=198 dirty=       22 runs=       11 filter=  7.076ms semisort=  0.014ms
[pe-async] round=197 R=199 dirty=       62 runs=       23 filter=  6.954ms semisort=  0.020ms
[pe-async] round=198 R=200 dirty=       28 runs=       17 filter=  6.985ms semisort=  0.014ms
[pe-async] round=199 R=201 dirty=       44 runs=       11 filter=  7.033ms semisort=  0.018ms
[pe-async] round=200 R=202 dirty=       22 runs=       11 filter=  7.220ms semisort=  0.013ms
[pe-async] round=201 R=203 dirty=       62 runs=       23 filter=  7.206ms semisort=  0.025ms
[pe-async] round=202 R=204 dirty=       28 runs=       17 filter=  7.003ms semisort=  0.013ms
[pe-async] round=203 R=205 dirty=       44 runs=       11 filter=  7.139ms semisort=  0.018ms
[pe-async] round=204 R=206 dirty=       22 runs=       11 filter=  7.165ms semisort=  0.013ms
[pe-async] round=205 R=207 dirty=       62 runs=       23 filter=  7.137ms semisort=  0.019ms
[pe-async] round=206 R=208 dirty=       28 runs=       17 filter=  7.179ms semisort=  0.014ms
[pe-async] round=207 R=209 dirty=       44 runs=       11 filter=  7.158ms semisort=  0.014ms
[pe-async] round=208 R=210 dirty=       22 runs=       11 filter=  7.042ms semisort=  0.012ms
[pe-async] round=209 R=211 dirty=       70 runs=       31 filter=  7.123ms semisort=  0.022ms
[pe-async] round=210 R=212 dirty=       28 runs=       21 filter=  7.076ms semisort=  0.012ms
[pe-async] round=211 R=213 dirty=       28 runs=        7 filter=  7.060ms semisort=  0.013ms
[pe-async] round=212 R=214 dirty=       14 runs=        7 filter=  7.000ms semisort=  0.011ms
[pe-async] round=213 R=215 dirty=       46 runs=       19 filter=  6.961ms semisort=  0.015ms
[pe-async] round=214 R=216 dirty=       20 runs=       13 filter=  6.996ms semisort=  0.012ms
[pe-async] round=215 R=217 dirty=       28 runs=        7 filter=  6.990ms semisort=  0.012ms
[pe-async] round=216 R=218 dirty=       14 runs=        7 filter=  6.976ms semisort=  0.017ms
[pe-async] round=217 R=219 dirty=       46 runs=       19 filter=  6.986ms semisort=  0.017ms
[pe-async] round=218 R=220 dirty=       20 runs=       13 filter=  7.112ms semisort=  0.012ms
[pe-async] round=219 R=221 dirty=       28 runs=        7 filter=  6.991ms semisort=  0.012ms
[pe-async] round=220 R=222 dirty=       14 runs=        7 filter=  7.125ms semisort=  0.021ms
[pe-async] round=221 R=223 dirty=       46 runs=       19 filter=  7.064ms semisort=  0.022ms
[pe-async] round=222 R=224 dirty=       20 runs=       13 filter=  7.065ms semisort=  0.012ms
[pe-async] round=223 R=225 dirty=       28 runs=        7 filter=  7.127ms semisort=  0.019ms
[pe-async] round=224 R=226 dirty=       14 runs=        7 filter=  7.016ms semisort=  0.011ms
[pe-async] round=225 R=227 dirty=       46 runs=       19 filter=  7.091ms semisort=  0.022ms
[pe-async] round=226 R=228 dirty=       20 runs=       13 filter=  7.001ms semisort=  0.011ms
[pe-async] round=227 R=229 dirty=       28 runs=        7 filter=  7.024ms semisort=  0.018ms
[pe-async] round=228 R=230 dirty=       14 runs=        7 filter=  6.955ms semisort=  0.011ms
[pe-async] round=229 R=231 dirty=       46 runs=       19 filter=  7.090ms semisort=  0.015ms
[pe-async] round=230 R=232 dirty=       20 runs=       13 filter=  7.074ms semisort=  0.012ms
[pe-async] round=231 R=233 dirty=       28 runs=        7 filter=  6.982ms semisort=  0.012ms
[pe-async] round=232 R=234 dirty=       14 runs=        7 filter=  6.943ms semisort=  0.011ms
[pe-async] round=233 R=235 dirty=       46 runs=       19 filter=  7.016ms semisort=  0.017ms
[pe-async] round=234 R=236 dirty=       20 runs=       13 filter=  6.846ms semisort=  0.012ms
[pe-async] round=235 R=237 dirty=       28 runs=        7 filter=  6.932ms semisort=  0.019ms
[pe-async] round=236 R=238 dirty=       14 runs=        7 filter=  7.167ms semisort=  0.011ms
[pe-async] round=237 R=239 dirty=       46 runs=       19 filter=  7.421ms semisort=  0.020ms
[pe-async] round=238 R=240 dirty=       20 runs=       13 filter=  7.098ms semisort=  0.012ms
[pe-async] round=239 R=241 dirty=       28 runs=        7 filter=  7.112ms semisort=  0.021ms
[pe-async] round=240 R=242 dirty=       14 runs=        7 filter=  7.009ms semisort=  0.010ms
[pe-async] round=241 R=243 dirty=       46 runs=       19 filter=  7.043ms semisort=  0.023ms
[pe-async] round=242 R=244 dirty=       20 runs=       13 filter=  7.185ms semisort=  0.012ms
[pe-async] round=243 R=245 dirty=       28 runs=        7 filter=  6.984ms semisort=  0.012ms
[pe-async] round=244 R=246 dirty=       14 runs=        7 filter=  6.968ms semisort=  0.011ms
[pe-async] round=245 R=247 dirty=       46 runs=       19 filter=  7.182ms semisort=  0.015ms
[pe-async] round=246 R=248 dirty=       20 runs=       13 filter=  7.028ms semisort=  0.012ms
[pe-async] round=247 R=249 dirty=       28 runs=        7 filter=  7.080ms semisort=  0.012ms
[pe-async] round=248 R=250 dirty=       14 runs=        7 filter=  7.105ms semisort=  0.018ms
[pe-async] round=249 R=251 dirty=       46 runs=       19 filter=  7.160ms semisort=  0.021ms
[pe-async] round=250 R=252 dirty=       20 runs=       13 filter=  7.157ms semisort=  0.012ms
[pe-async] round=251 R=253 dirty=       28 runs=        7 filter=  7.143ms semisort=  0.011ms
[pe-async] round=252 R=254 dirty=       14 runs=        7 filter=  7.005ms semisort=  0.011ms
[pe-async] round=253 R=255 dirty=       46 runs=       19 filter=  6.981ms semisort=  0.015ms
[pe-async] round=254 R=256 dirty=       20 runs=       13 filter=  6.986ms semisort=  0.012ms
[pe-async] round=255 R=257 dirty=       28 runs=        7 filter=  6.987ms semisort=  0.012ms
[pe-async] round=256 R=258 dirty=       14 runs=        7 filter=  6.917ms semisort=  0.012ms
[pe-async] round=257 R=259 dirty=       46 runs=       19 filter=  7.039ms semisort=  0.021ms
[pe-async] round=258 R=260 dirty=       20 runs=       13 filter=  6.964ms semisort=  0.011ms
[pe-async] round=259 R=261 dirty=       28 runs=        7 filter=  6.995ms semisort=  0.012ms
[pe-async] round=260 R=262 dirty=       14 runs=        7 filter=  6.975ms semisort=  0.020ms
[pe-async] round=261 R=263 dirty=       46 runs=       19 filter=  6.973ms semisort=  0.015ms
[pe-async] round=262 R=264 dirty=       20 runs=       13 filter=  6.985ms semisort=  0.011ms
[pe-async] round=263 R=265 dirty=       28 runs=        7 filter=  6.927ms semisort=  0.011ms
[pe-async] round=264 R=266 dirty=       14 runs=        7 filter=  7.067ms semisort=  0.011ms
[pe-async] round=265 R=267 dirty=       46 runs=       19 filter=  7.096ms semisort=  0.015ms
[pe-async] round=266 R=268 dirty=       20 runs=       13 filter=  7.100ms semisort=  0.012ms
[pe-async] round=267 R=269 dirty=       28 runs=        7 filter=  7.042ms semisort=  0.012ms
[pe-async] round=268 R=270 dirty=       14 runs=        7 filter=  7.021ms semisort=  0.010ms
[pe-async] round=269 R=271 dirty=       46 runs=       19 filter=  7.024ms semisort=  0.019ms
[pe-async] round=270 R=272 dirty=       20 runs=       13 filter=  7.115ms semisort=  0.011ms
[pe-async] round=271 R=273 dirty=       28 runs=        7 filter=  7.145ms semisort=  0.016ms
[pe-async] round=272 R=274 dirty=       14 runs=        7 filter=  7.145ms semisort=  0.010ms
[pe-async] round=273 R=275 dirty=       46 runs=       19 filter=  6.978ms semisort=  0.019ms
[pe-async] round=274 R=276 dirty=       20 runs=       13 filter=  6.969ms semisort=  0.011ms
[pe-async] round=275 R=277 dirty=       28 runs=        7 filter=  7.002ms semisort=  0.012ms
[pe-async] round=276 R=278 dirty=       14 runs=        7 filter=  6.998ms semisort=  0.011ms
[pe-async] round=277 R=279 dirty=       46 runs=       19 filter=  7.023ms semisort=  0.017ms
[pe-async] round=278 R=280 dirty=       20 runs=       13 filter=  7.161ms semisort=  0.012ms
[pe-async] round=279 R=281 dirty=       28 runs=        7 filter=  7.228ms semisort=  0.012ms
[pe-async] round=280 R=282 dirty=       14 runs=        7 filter=  7.048ms semisort=  0.011ms
[pe-async] round=281 R=283 dirty=       46 runs=       19 filter=  7.208ms semisort=  0.020ms
[pe-async] round=282 R=284 dirty=       20 runs=       13 filter=  7.088ms semisort=  0.011ms
[pe-async] round=283 R=285 dirty=       28 runs=        7 filter=  7.136ms semisort=  0.020ms
[pe-async] round=284 R=286 dirty=       14 runs=        7 filter=  7.063ms semisort=  0.011ms
[pe-async] round=285 R=287 dirty=       46 runs=       19 filter=  7.052ms semisort=  0.015ms
[pe-async] round=286 R=288 dirty=       20 runs=       13 filter=  6.922ms semisort=  0.011ms
[pe-async] round=287 R=289 dirty=       28 runs=        7 filter=  6.973ms semisort=  0.012ms
[pe-async] round=288 R=290 dirty=       14 runs=        7 filter=  6.991ms semisort=  0.011ms
[pe-async] round=289 R=291 dirty=       46 runs=       19 filter=  6.913ms semisort=  0.014ms
[pe-async] round=290 R=292 dirty=       20 runs=       13 filter=  7.001ms semisort=  0.012ms
[pe-async] round=291 R=293 dirty=       28 runs=        7 filter=  7.027ms semisort=  0.013ms
[pe-async] round=292 R=294 dirty=       14 runs=        7 filter=  6.997ms semisort=  0.011ms
[pe-async] round=293 R=295 dirty=       46 runs=       19 filter=  7.048ms semisort=  0.018ms
[pe-async] round=294 R=296 dirty=       20 runs=       13 filter=  7.095ms semisort=  0.011ms
[pe-async] round=295 R=297 dirty=       28 runs=        7 filter=  7.053ms semisort=  0.020ms
[pe-async] round=296 R=298 dirty=       14 runs=        7 filter=  6.990ms semisort=  0.010ms
[pe-async] round=297 R=299 dirty=       46 runs=       19 filter=  6.972ms semisort=  0.018ms
[pe-async] round=298 R=300 dirty=       20 runs=       13 filter=  7.124ms semisort=  0.011ms
[pe-async] round=299 R=301 dirty=       28 runs=        7 filter=  7.156ms semisort=  0.012ms
[pe-async] round=300 R=302 dirty=       14 runs=        7 filter=  7.126ms semisort=  0.010ms
[pe-async] round=301 R=303 dirty=       46 runs=       19 filter=  7.175ms semisort=  0.020ms
[pe-async] round=302 R=304 dirty=       20 runs=       13 filter=  7.022ms semisort=  0.012ms
[pe-async] round=303 R=305 dirty=       28 runs=        7 filter=  6.968ms semisort=  0.012ms
[pe-async] round=304 R=306 dirty=       14 runs=        7 filter=  7.010ms semisort=  0.011ms
[pe-async] round=305 R=307 dirty=       46 runs=       19 filter=  7.020ms semisort=  0.019ms
[pe-async] round=306 R=308 dirty=       20 runs=       13 filter=  6.941ms semisort=  0.011ms
[pe-async] round=307 R=309 dirty=       28 runs=        7 filter=  7.011ms semisort=  0.012ms
[pe-async] round=308 R=310 dirty=       14 runs=        7 filter=  6.947ms semisort=  0.012ms
[pe-async] round=309 R=311 dirty=       46 runs=       19 filter=  7.033ms semisort=  0.019ms
[pe-async] round=310 R=312 dirty=       20 runs=       13 filter=  6.956ms semisort=  0.012ms
[pe-async] round=311 R=313 dirty=       28 runs=        7 filter=  6.996ms semisort=  0.011ms
[pe-async] round=312 R=314 dirty=       14 runs=        7 filter=  6.964ms semisort=  0.011ms
[pe-async] round=313 R=315 dirty=       46 runs=       19 filter=  7.081ms semisort=  0.017ms
[pe-async] round=314 R=316 dirty=       20 runs=       13 filter=  6.896ms semisort=  0.012ms
[pe-async] round=315 R=317 dirty=       28 runs=        7 filter=  6.976ms semisort=  0.021ms
[pe-async] round=316 R=318 dirty=       14 runs=        7 filter=  6.948ms semisort=  0.010ms
[pe-async] round=317 R=319 dirty=       46 runs=       19 filter=  6.970ms semisort=  0.021ms
[pe-async] round=318 R=320 dirty=       20 runs=       17 filter=  6.921ms semisort=  0.010ms
[pe-async] round=319 R=321 dirty=       12 runs=        3 filter=  6.950ms semisort=  0.010ms
[pe-async] round=320 R=322 dirty=        6 runs=        3 filter=  7.094ms semisort=  0.009ms
[pe-async] round=321 R=323 dirty=       30 runs=       15 filter=  7.135ms semisort=  0.012ms
[pe-async] round=322 R=324 dirty=       12 runs=        9 filter=  7.175ms semisort=  0.010ms
[pe-async] round=323 R=325 dirty=       12 runs=        3 filter=  7.075ms semisort=  0.010ms
[pe-async] round=324 R=326 dirty=        6 runs=        3 filter=  7.030ms semisort=  0.008ms
[pe-async] round=325 R=327 dirty=       30 runs=       15 filter=  7.128ms semisort=  0.011ms
[pe-async] round=326 R=328 dirty=       12 runs=        9 filter=  7.026ms semisort=  0.010ms
[pe-async] round=327 R=329 dirty=       12 runs=        3 filter=  6.982ms semisort=  0.009ms
[pe-async] round=328 R=330 dirty=        6 runs=        3 filter=  6.940ms semisort=  0.008ms
[pe-async] round=329 R=331 dirty=       30 runs=       15 filter=  7.252ms semisort=  0.011ms
[pe-async] round=330 R=332 dirty=       12 runs=        9 filter=  6.932ms semisort=  0.010ms
[pe-async] round=331 R=333 dirty=       12 runs=        3 filter=  6.905ms semisort=  0.009ms
[pe-async] round=332 R=334 dirty=        6 runs=        3 filter=  6.890ms semisort=  0.008ms
[pe-async] round=333 R=335 dirty=       30 runs=       15 filter=  6.937ms semisort=  0.011ms
[pe-async] round=334 R=336 dirty=       12 runs=        9 filter=  7.097ms semisort=  0.014ms
[pe-async] round=335 R=337 dirty=       12 runs=        3 filter=  7.053ms semisort=  0.009ms
[pe-async] round=336 R=338 dirty=        6 runs=        3 filter=  7.143ms semisort=  0.009ms
[pe-async] round=337 R=339 dirty=       30 runs=       15 filter=  7.086ms semisort=  0.012ms
[pe-async] round=338 R=340 dirty=       12 runs=        9 filter=  7.025ms semisort=  0.009ms
[pe-async] round=339 R=341 dirty=       12 runs=        3 filter=  6.928ms semisort=  0.010ms
[pe-async] round=340 R=342 dirty=        6 runs=        3 filter=  7.108ms semisort=  0.009ms
[pe-async] round=341 R=343 dirty=       30 runs=       15 filter=  7.086ms semisort=  0.011ms
[pe-async] round=342 R=344 dirty=       12 runs=        9 filter=  6.987ms semisort=  0.010ms
[pe-async] round=343 R=345 dirty=       12 runs=        3 filter=  6.923ms semisort=  0.009ms
[pe-async] round=344 R=346 dirty=        6 runs=        3 filter=  7.232ms semisort=  0.008ms
[pe-async] round=345 R=347 dirty=       30 runs=       15 filter=  7.115ms semisort=  0.012ms
[pe-async] round=346 R=348 dirty=       12 runs=        9 filter=  7.001ms semisort=  0.010ms
[pe-async] round=347 R=349 dirty=       12 runs=        3 filter=  7.028ms semisort=  0.010ms
[pe-async] round=348 R=350 dirty=        6 runs=        3 filter=  6.878ms semisort=  0.008ms
[pe-async] round=349 R=351 dirty=       30 runs=       15 filter=  7.152ms semisort=  0.011ms
[pe-async] round=350 R=352 dirty=       12 runs=        9 filter=  6.788ms semisort=  0.010ms
[pe-async] round=351 R=353 dirty=       12 runs=        3 filter=  6.995ms semisort=  0.014ms
[pe-async] round=352 R=354 dirty=        6 runs=        3 filter=  6.960ms semisort=  0.008ms
[pe-async] round=353 R=355 dirty=       30 runs=       15 filter=  6.994ms semisort=  0.011ms
[pe-async] round=354 R=356 dirty=       12 runs=        9 filter=  6.915ms semisort=  0.010ms
[pe-async] round=355 R=357 dirty=       12 runs=        3 filter=  6.877ms semisort=  0.009ms
[pe-async] round=356 R=358 dirty=        6 runs=        3 filter=  7.152ms semisort=  0.009ms
[pe-async] round=357 R=359 dirty=       30 runs=       15 filter=  7.060ms semisort=  0.011ms
[pe-async] round=358 R=360 dirty=       12 runs=        9 filter=  7.032ms semisort=  0.010ms
[pe-async] round=359 R=361 dirty=       12 runs=        3 filter=  7.062ms semisort=  0.009ms
[pe-async] round=360 R=362 dirty=        6 runs=        3 filter=  7.165ms semisort=  0.009ms
[pe-async] round=361 R=363 dirty=       30 runs=       15 filter=  7.194ms semisort=  0.012ms
[pe-async] round=362 R=364 dirty=       12 runs=        9 filter=  7.040ms semisort=  0.010ms
[pe-async] round=363 R=365 dirty=       12 runs=        3 filter=  6.963ms semisort=  0.009ms
[pe-async] round=364 R=366 dirty=        6 runs=        3 filter=  7.018ms semisort=  0.012ms
[pe-async] round=365 R=367 dirty=       30 runs=       15 filter=  7.106ms semisort=  0.011ms
[pe-async] round=366 R=368 dirty=       12 runs=        9 filter=  7.071ms semisort=  0.011ms
[pe-async] round=367 R=369 dirty=       12 runs=        3 filter=  6.967ms semisort=  0.009ms
[pe-async] round=368 R=370 dirty=        6 runs=        3 filter=  6.933ms semisort=  0.009ms
[pe-async] round=369 R=371 dirty=       30 runs=       15 filter=  6.989ms semisort=  0.016ms
[pe-async] round=370 R=372 dirty=       12 runs=        9 filter=  6.996ms semisort=  0.010ms
[pe-async] round=371 R=373 dirty=       12 runs=        3 filter=  7.113ms semisort=  0.009ms
[pe-async] round=372 R=374 dirty=        6 runs=        3 filter=  7.096ms semisort=  0.008ms
[pe-async] round=373 R=375 dirty=       30 runs=       15 filter=  6.928ms semisort=  0.012ms
[pe-async] round=374 R=376 dirty=       12 runs=        9 filter=  6.993ms semisort=  0.010ms
[pe-async] round=375 R=377 dirty=       12 runs=        3 filter=  7.039ms semisort=  0.010ms
[pe-async] round=376 R=378 dirty=        6 runs=        3 filter=  7.039ms semisort=  0.009ms
[pe-async] round=377 R=379 dirty=       30 runs=       15 filter=  7.098ms semisort=  0.011ms
[pe-async] round=378 R=380 dirty=       12 runs=        9 filter=  7.063ms semisort=  0.009ms
[pe-async] round=379 R=381 dirty=       12 runs=        3 filter=  7.294ms semisort=  0.009ms
[pe-async] round=380 R=382 dirty=        6 runs=        3 filter=  6.909ms semisort=  0.009ms
[pe-async] round=381 R=383 dirty=       30 runs=       15 filter=  6.989ms semisort=  0.011ms
[pe-async] round=382 R=384 dirty=       12 runs=        9 filter=  6.982ms semisort=  0.010ms
[pe-async] round=383 R=385 dirty=       12 runs=        3 filter=  7.132ms semisort=  0.009ms
[pe-async] round=384 R=386 dirty=        6 runs=        3 filter=  7.021ms semisort=  0.010ms
[pe-async] round=385 R=387 dirty=       30 runs=       15 filter=  7.074ms semisort=  0.012ms
[pe-async] round=386 R=388 dirty=       12 runs=        9 filter=  7.110ms semisort=  0.010ms
[pe-async] round=387 R=389 dirty=       12 runs=        3 filter=  7.235ms semisort=  0.009ms
[pe-async] round=388 R=390 dirty=        6 runs=        3 filter=  6.985ms semisort=  0.009ms
[pe-async] round=389 R=391 dirty=       30 runs=       15 filter=  6.966ms semisort=  0.011ms
[pe-async] round=390 R=392 dirty=       12 runs=        9 filter=  7.042ms semisort=  0.019ms
[pe-async] round=391 R=393 dirty=       12 runs=        3 filter=  7.049ms semisort=  0.008ms
[pe-async] round=392 R=394 dirty=        6 runs=        3 filter=  6.988ms semisort=  0.008ms
[pe-async] round=393 R=395 dirty=       30 runs=       15 filter=  7.130ms semisort=  0.012ms
[pe-async] round=394 R=396 dirty=       12 runs=        9 filter=  6.981ms semisort=  0.010ms
[pe-async] round=395 R=397 dirty=       12 runs=        3 filter=  7.091ms semisort=  0.009ms
[pe-async] round=396 R=398 dirty=        6 runs=        3 filter=  6.967ms semisort=  0.009ms
[pe-async] round=397 R=399 dirty=       30 runs=       15 filter=  6.993ms semisort=  0.012ms
[pe-async] round=398 R=400 dirty=       12 runs=        9 filter=  6.932ms semisort=  0.009ms
[pe-async] round=399 R=401 dirty=       12 runs=        3 filter=  7.039ms semisort=  0.010ms
[pe-async] round=400 R=402 dirty=        6 runs=        3 filter=  6.939ms semisort=  0.009ms
[pe-async] round=401 R=403 dirty=       30 runs=       15 filter=  6.968ms semisort=  0.012ms
[pe-async] round=402 R=404 dirty=       12 runs=        9 filter=  7.098ms semisort=  0.010ms
[pe-async] round=403 R=405 dirty=       12 runs=        3 filter=  6.938ms semisort=  0.010ms
[pe-async] round=404 R=406 dirty=        6 runs=        3 filter=  7.184ms semisort=  0.010ms
[pe-async] round=405 R=407 dirty=       30 runs=       15 filter=  7.060ms semisort=  0.011ms
[pe-async] round=406 R=408 dirty=       12 runs=        9 filter=  7.073ms semisort=  0.009ms
[pe-async] round=407 R=409 dirty=       12 runs=        3 filter=  7.097ms semisort=  0.009ms
[pe-async] round=408 R=410 dirty=        6 runs=        3 filter=  6.923ms semisort=  0.009ms
[pe-async] round=409 R=411 dirty=       30 runs=       15 filter=  7.058ms semisort=  0.011ms
[pe-async] round=410 R=412 dirty=       12 runs=        9 filter=  7.034ms semisort=  0.009ms
[pe-async] round=411 R=413 dirty=       12 runs=        3 filter=  7.133ms semisort=  0.009ms
[pe-async] round=412 R=414 dirty=        6 runs=        3 filter=  6.998ms semisort=  0.008ms
[pe-async] round=413 R=415 dirty=       30 runs=       15 filter=  7.129ms semisort=  0.012ms
[pe-async] round=414 R=416 dirty=       12 runs=        9 filter=  7.107ms semisort=  0.010ms
[pe-async] round=415 R=417 dirty=       12 runs=        3 filter=  7.018ms semisort=  0.008ms
[pe-async] round=416 R=418 dirty=        6 runs=        3 filter=  7.043ms semisort=  0.008ms
[pe-async] round=417 R=419 dirty=       30 runs=       15 filter=  6.932ms semisort=  0.011ms
[pe-async] round=418 R=420 dirty=       12 runs=        9 filter=  6.971ms semisort=  0.009ms
[pe-async] round=419 R=421 dirty=       12 runs=        3 filter=  7.044ms semisort=  0.009ms
[pe-async] round=420 R=422 dirty=        6 runs=        3 filter=  6.942ms semisort=  0.009ms
[pe-async] round=421 R=423 dirty=       30 runs=       15 filter=  6.988ms semisort=  0.011ms
[pe-async] round=422 R=424 dirty=       12 runs=        9 filter=  7.128ms semisort=  0.009ms
[pe-async] round=423 R=425 dirty=       12 runs=        3 filter=  7.105ms semisort=  0.010ms
[pe-async] round=424 R=426 dirty=        6 runs=        3 filter=  7.049ms semisort=  0.009ms
[pe-async] round=425 R=427 dirty=       30 runs=       15 filter=  6.981ms semisort=  0.012ms
[pe-async] round=426 R=428 dirty=       12 runs=        9 filter=  6.886ms semisort=  0.010ms
[pe-async] round=427 R=429 dirty=       12 runs=        3 filter=  7.112ms semisort=  0.015ms
[pe-async] round=428 R=430 dirty=        6 runs=        3 filter=  7.034ms semisort=  0.008ms
[pe-async] round=429 R=431 dirty=       31 runs=       21 filter=  7.007ms semisort=  0.011ms
[pe-async] round=430 R=432 dirty=        6 runs=        4 filter=  6.988ms semisort=  0.008ms
[pe-async] round=431 R=433 dirty=        0 filter=  7.007ms (clean break)
[pe-async] round=  0 R=2 dirty=  5950187 runs=  3886042 filter=  7.664ms semisort= 39.761ms
[pe-async] round=  1 R=3 dirty=   263635 runs=   150760 filter= 10.130ms semisort=  3.008ms
[pe-async] round=  2 R=4 dirty=    86522 runs=    58570 filter=  9.231ms semisort=  3.558ms
[pe-async] round=  3 R=5 dirty=    36944 runs=    18788 filter=  8.762ms semisort=  1.363ms
[pe-async] round=  4 R=6 dirty=    15663 runs=     8740 filter=  8.183ms semisort=  0.619ms
[pe-async] round=  5 R=7 dirty=    13473 runs=     5947 filter=  8.154ms semisort=  0.578ms
[pe-async] round=  6 R=8 dirty=    13658 runs=     7108 filter=  8.107ms semisort=  0.519ms
[pe-async] round=  7 R=9 dirty=    13105 runs=     6254 filter=  7.840ms semisort=  0.499ms
[pe-async] round=  8 R=10 dirty=    14858 runs=     7591 filter=  7.798ms semisort=  0.680ms
[pe-async] round=  9 R=11 dirty=     5451 runs=     2881 filter=  7.651ms semisort=  0.289ms
[pe-async] round= 10 R=12 dirty=     9075 runs=     3410 filter=  7.518ms semisort=  0.462ms
[pe-async] round= 11 R=13 dirty=     4967 runs=     2078 filter=  7.563ms semisort=  0.247ms
[pe-async] round= 12 R=14 dirty=     4266 runs=     2352 filter=  7.504ms semisort=  0.256ms
[pe-async] round= 13 R=15 dirty=     1778 runs=     1264 filter=  7.585ms semisort=  0.105ms
[pe-async] round= 14 R=16 dirty=      268 runs=      116 filter=  7.436ms semisort=  0.054ms
[pe-async] round= 15 R=17 dirty=      116 runs=       38 filter=  7.428ms semisort=  0.038ms
[pe-async] round= 16 R=18 dirty=      182 runs=       91 filter=  7.475ms semisort=  0.042ms
[pe-async] round= 17 R=19 dirty=      122 runs=       51 filter=  7.428ms semisort=  0.042ms
[pe-async] round= 18 R=20 dirty=       80 runs=       31 filter=  7.161ms semisort=  0.028ms
[pe-async] round= 19 R=21 dirty=       76 runs=       25 filter=  7.284ms semisort=  0.027ms
[pe-async] round= 20 R=22 dirty=      138 runs=       75 filter=  7.420ms semisort=  0.032ms
[pe-async] round= 21 R=23 dirty=      102 runs=       43 filter=  7.399ms semisort=  0.031ms
[pe-async] round= 22 R=24 dirty=       76 runs=       29 filter=  7.416ms semisort=  0.026ms
[pe-async] round= 23 R=25 dirty=       68 runs=       23 filter=  7.187ms semisort=  0.024ms
[pe-async] round= 24 R=26 dirty=      134 runs=       71 filter=  7.313ms semisort=  0.032ms
[pe-async] round= 25 R=27 dirty=      102 runs=       43 filter=  7.280ms semisort=  0.036ms
[pe-async] round= 26 R=28 dirty=       76 runs=       29 filter=  7.279ms semisort=  0.024ms
[pe-async] round= 27 R=29 dirty=       68 runs=       23 filter=  7.351ms semisort=  0.021ms
[pe-async] round= 28 R=30 dirty=      134 runs=       71 filter=  7.201ms semisort=  0.030ms
[pe-async] round= 29 R=31 dirty=      102 runs=       43 filter=  7.311ms semisort=  0.039ms
[pe-async] round= 30 R=32 dirty=       76 runs=       29 filter=  7.291ms semisort=  0.023ms
[pe-async] round= 31 R=33 dirty=       68 runs=       23 filter=  7.137ms semisort=  0.023ms
[pe-async] round= 32 R=34 dirty=      134 runs=       71 filter=  7.317ms semisort=  0.033ms
[pe-async] round= 33 R=35 dirty=      102 runs=       43 filter=  7.315ms semisort=  0.036ms
[pe-async] round= 34 R=36 dirty=       76 runs=       29 filter=  7.259ms semisort=  0.022ms
[pe-async] round= 35 R=37 dirty=       68 runs=       23 filter=  7.369ms semisort=  0.024ms
[pe-async] round= 36 R=38 dirty=      134 runs=       71 filter=  7.183ms semisort=  0.032ms
[pe-async] round= 37 R=39 dirty=      102 runs=       43 filter=  7.223ms semisort=  0.030ms
[pe-async] round= 38 R=40 dirty=       76 runs=       29 filter=  7.229ms semisort=  0.023ms
[pe-async] round= 39 R=41 dirty=       68 runs=       23 filter=  7.201ms semisort=  0.031ms
[pe-async] round= 40 R=42 dirty=      134 runs=       71 filter=  7.211ms semisort=  0.033ms
[pe-async] round= 41 R=43 dirty=      102 runs=       43 filter=  7.222ms semisort=  0.031ms
[pe-async] round= 42 R=44 dirty=       76 runs=       29 filter=  7.166ms semisort=  0.029ms
[pe-async] round= 43 R=45 dirty=       68 runs=       23 filter=  7.171ms semisort=  0.025ms
[pe-async] round= 44 R=46 dirty=      134 runs=       71 filter=  7.305ms semisort=  0.029ms
[pe-async] round= 45 R=47 dirty=      102 runs=       43 filter=  6.985ms semisort=  0.033ms
[pe-async] round= 46 R=48 dirty=       76 runs=       29 filter=  7.004ms semisort=  0.030ms
[pe-async] round= 47 R=49 dirty=       68 runs=       23 filter=  7.177ms semisort=  0.026ms
[pe-async] round= 48 R=50 dirty=       22 runs=       11 filter=  7.094ms semisort=  0.014ms
[pe-async] round= 49 R=51 dirty=       62 runs=       23 filter=  7.031ms semisort=  0.019ms
[pe-async] round= 50 R=52 dirty=       28 runs=       17 filter=  7.324ms semisort=  0.014ms
[pe-async] round= 51 R=53 dirty=       44 runs=       11 filter=  7.110ms semisort=  0.020ms
[pe-async] round= 52 R=54 dirty=       22 runs=       11 filter=  7.046ms semisort=  0.013ms
[pe-async] round= 53 R=55 dirty=       62 runs=       23 filter=  7.181ms semisort=  0.020ms
[pe-async] round= 54 R=56 dirty=       28 runs=       17 filter=  7.102ms semisort=  0.013ms
[pe-async] round= 55 R=57 dirty=       44 runs=       11 filter=  7.194ms semisort=  0.018ms
[pe-async] round= 56 R=58 dirty=       22 runs=       11 filter=  7.374ms semisort=  0.013ms
[pe-async] round= 57 R=59 dirty=       62 runs=       23 filter=  7.269ms semisort=  0.021ms
[pe-async] round= 58 R=60 dirty=       28 runs=       17 filter=  7.093ms semisort=  0.014ms
[pe-async] round= 59 R=61 dirty=       44 runs=       11 filter=  7.304ms semisort=  0.018ms
[pe-async] round= 60 R=62 dirty=       22 runs=       11 filter=  7.269ms semisort=  0.013ms
[pe-async] round= 61 R=63 dirty=       62 runs=       23 filter=  7.052ms semisort=  0.021ms
[pe-async] round= 62 R=64 dirty=       28 runs=       17 filter=  7.131ms semisort=  0.013ms
[pe-async] round= 63 R=65 dirty=       44 runs=       11 filter=  7.120ms semisort=  0.018ms
[pe-async] round= 64 R=66 dirty=       22 runs=       11 filter=  7.245ms semisort=  0.021ms
[pe-async] round= 65 R=67 dirty=       62 runs=       23 filter=  6.902ms semisort=  0.019ms
[pe-async] round= 66 R=68 dirty=       28 runs=       17 filter=  7.180ms semisort=  0.014ms
[pe-async] round= 67 R=69 dirty=       44 runs=       11 filter=  7.136ms semisort=  0.021ms
[pe-async] round= 68 R=70 dirty=       22 runs=       11 filter=  7.120ms semisort=  0.014ms
[pe-async] round= 69 R=71 dirty=       62 runs=       23 filter=  7.177ms semisort=  0.019ms
[pe-async] round= 70 R=72 dirty=       28 runs=       17 filter=  7.213ms semisort=  0.013ms
[pe-async] round= 71 R=73 dirty=       44 runs=       11 filter=  7.028ms semisort=  0.015ms
[pe-async] round= 72 R=74 dirty=       22 runs=       11 filter=  7.290ms semisort=  0.013ms
[pe-async] round= 73 R=75 dirty=       62 runs=       23 filter=  7.223ms semisort=  0.020ms
[pe-async] round= 74 R=76 dirty=       28 runs=       17 filter=  6.941ms semisort=  0.013ms
[pe-async] round= 75 R=77 dirty=       44 runs=       11 filter=  7.139ms semisort=  0.020ms
[pe-async] round= 76 R=78 dirty=       22 runs=       11 filter=  7.094ms semisort=  0.013ms
[pe-async] round= 77 R=79 dirty=       62 runs=       23 filter=  7.077ms semisort=  0.020ms
[pe-async] round= 78 R=80 dirty=       28 runs=       17 filter=  7.096ms semisort=  0.014ms
[pe-async] round= 79 R=81 dirty=       44 runs=       11 filter=  7.000ms semisort=  0.019ms
[pe-async] round= 80 R=82 dirty=       22 runs=       11 filter=  7.232ms semisort=  0.013ms
[pe-async] round= 81 R=83 dirty=       62 runs=       23 filter=  7.047ms semisort=  0.019ms
[pe-async] round= 82 R=84 dirty=       28 runs=       17 filter=  7.184ms semisort=  0.013ms
[pe-async] round= 83 R=85 dirty=       44 runs=       11 filter=  7.060ms semisort=  0.019ms
[pe-async] round= 84 R=86 dirty=       22 runs=       11 filter=  7.077ms semisort=  0.014ms
[pe-async] round= 85 R=87 dirty=       62 runs=       23 filter=  6.964ms semisort=  0.017ms
[pe-async] round= 86 R=88 dirty=       28 runs=       17 filter=  7.105ms semisort=  0.013ms
[pe-async] round= 87 R=89 dirty=       44 runs=       11 filter=  7.017ms semisort=  0.024ms
[pe-async] round= 88 R=90 dirty=       22 runs=       11 filter=  6.977ms semisort=  0.013ms
[pe-async] round= 89 R=91 dirty=       62 runs=       23 filter=  7.268ms semisort=  0.021ms
[pe-async] round= 90 R=92 dirty=       28 runs=       17 filter=  7.112ms semisort=  0.013ms
[pe-async] round= 91 R=93 dirty=       44 runs=       11 filter=  7.188ms semisort=  0.019ms
[pe-async] round= 92 R=94 dirty=       22 runs=       11 filter=  7.088ms semisort=  0.014ms
[pe-async] round= 93 R=95 dirty=       62 runs=       23 filter=  7.118ms semisort=  0.020ms
[pe-async] round= 94 R=96 dirty=       28 runs=       17 filter=  7.109ms semisort=  0.014ms
[pe-async] round= 95 R=97 dirty=       44 runs=       11 filter=  6.968ms semisort=  0.020ms
[pe-async] round= 96 R=98 dirty=       22 runs=       11 filter=  7.132ms semisort=  0.013ms
[pe-async] round= 97 R=99 dirty=       62 runs=       23 filter=  7.291ms semisort=  0.020ms
[pe-async] round= 98 R=100 dirty=       28 runs=       17 filter=  7.099ms semisort=  0.013ms
[pe-async] round= 99 R=101 dirty=       44 runs=       11 filter=  7.073ms semisort=  0.026ms
[pe-async] round=100 R=102 dirty=       22 runs=       11 filter=  7.069ms semisort=  0.012ms
[pe-async] round=101 R=103 dirty=       62 runs=       23 filter=  7.119ms semisort=  0.019ms
[pe-async] round=102 R=104 dirty=       28 runs=       17 filter=  6.959ms semisort=  0.014ms
[pe-async] round=103 R=105 dirty=       44 runs=       11 filter=  6.950ms semisort=  0.018ms
[pe-async] round=104 R=106 dirty=       22 runs=       11 filter=  7.099ms semisort=  0.013ms
[pe-async] round=105 R=107 dirty=       62 runs=       23 filter=  6.994ms semisort=  0.022ms
[pe-async] round=106 R=108 dirty=       28 runs=       17 filter=  6.973ms semisort=  0.013ms
[pe-async] round=107 R=109 dirty=       44 runs=       11 filter=  6.983ms semisort=  0.018ms
[pe-async] round=108 R=110 dirty=       22 runs=       11 filter=  6.885ms semisort=  0.012ms
[pe-async] round=109 R=111 dirty=       62 runs=       23 filter=  7.065ms semisort=  0.020ms
[pe-async] round=110 R=112 dirty=       28 runs=       17 filter=  7.173ms semisort=  0.014ms
[pe-async] round=111 R=113 dirty=       44 runs=       11 filter=  6.896ms semisort=  0.018ms
[pe-async] round=112 R=114 dirty=       22 runs=       11 filter=  6.865ms semisort=  0.013ms
[pe-async] round=113 R=115 dirty=       62 runs=       23 filter=  6.981ms semisort=  0.020ms
[pe-async] round=114 R=116 dirty=       28 runs=       17 filter=  6.986ms semisort=  0.019ms
[pe-async] round=115 R=117 dirty=       44 runs=       11 filter=  7.040ms semisort=  0.017ms
[pe-async] round=116 R=118 dirty=       22 runs=       11 filter=  7.016ms semisort=  0.013ms
[pe-async] round=117 R=119 dirty=       62 runs=       23 filter=  7.047ms semisort=  0.021ms
[pe-async] round=118 R=120 dirty=       28 runs=       17 filter=  6.934ms semisort=  0.020ms
[pe-async] round=119 R=121 dirty=       44 runs=       11 filter=  7.026ms semisort=  0.016ms
[pe-async] round=120 R=122 dirty=       22 runs=       11 filter=  7.234ms semisort=  0.012ms
[pe-async] round=121 R=123 dirty=       62 runs=       23 filter=  7.315ms semisort=  0.021ms
[pe-async] round=122 R=124 dirty=       28 runs=       17 filter=  7.210ms semisort=  0.014ms
[pe-async] round=123 R=125 dirty=       44 runs=       11 filter=  7.058ms semisort=  0.018ms
[pe-async] round=124 R=126 dirty=       22 runs=       11 filter=  6.907ms semisort=  0.013ms
[pe-async] round=125 R=127 dirty=       62 runs=       23 filter=  6.872ms semisort=  0.020ms
[pe-async] round=126 R=128 dirty=       28 runs=       17 filter=  6.978ms semisort=  0.014ms
[pe-async] round=127 R=129 dirty=       44 runs=       11 filter=  7.057ms semisort=  0.018ms
[pe-async] round=128 R=130 dirty=       22 runs=       11 filter=  7.212ms semisort=  0.013ms
[pe-async] round=129 R=131 dirty=       62 runs=       23 filter=  7.138ms semisort=  0.020ms
[pe-async] round=130 R=132 dirty=       28 runs=       17 filter=  7.054ms semisort=  0.012ms
[pe-async] round=131 R=133 dirty=       44 runs=       11 filter=  7.036ms semisort=  0.018ms
[pe-async] round=132 R=134 dirty=       22 runs=       11 filter=  6.992ms semisort=  0.013ms
[pe-async] round=133 R=135 dirty=       62 runs=       23 filter=  7.026ms semisort=  0.022ms
[pe-async] round=134 R=136 dirty=       28 runs=       17 filter=  6.871ms semisort=  0.013ms
[pe-async] round=135 R=137 dirty=       44 runs=       11 filter=  7.040ms semisort=  0.020ms
[pe-async] round=136 R=138 dirty=       22 runs=       11 filter=  7.116ms semisort=  0.013ms
[pe-async] round=137 R=139 dirty=       62 runs=       23 filter=  7.103ms semisort=  0.026ms
[pe-async] round=138 R=140 dirty=       28 runs=       17 filter=  7.123ms semisort=  0.015ms
[pe-async] round=139 R=141 dirty=       44 runs=       11 filter=  7.033ms semisort=  0.019ms
[pe-async] round=140 R=142 dirty=       22 runs=       11 filter=  6.999ms semisort=  0.014ms
[pe-async] round=141 R=143 dirty=       62 runs=       23 filter=  6.874ms semisort=  0.020ms
[pe-async] round=142 R=144 dirty=       28 runs=       17 filter=  7.146ms semisort=  0.014ms
[pe-async] round=143 R=145 dirty=       44 runs=       11 filter=  7.117ms semisort=  0.018ms
[pe-async] round=144 R=146 dirty=       22 runs=       11 filter=  7.190ms semisort=  0.012ms
[pe-async] round=145 R=147 dirty=       62 runs=       23 filter=  7.325ms semisort=  0.021ms
[pe-async] round=146 R=148 dirty=       28 runs=       17 filter=  6.988ms semisort=  0.013ms
[pe-async] round=147 R=149 dirty=       44 runs=       11 filter=  7.115ms semisort=  0.017ms
[pe-async] round=148 R=150 dirty=       22 runs=       11 filter=  7.040ms semisort=  0.014ms
[pe-async] round=149 R=151 dirty=       62 runs=       23 filter=  7.239ms semisort=  0.020ms
[pe-async] round=150 R=152 dirty=       28 runs=       17 filter=  7.163ms semisort=  0.014ms
[pe-async] round=151 R=153 dirty=       44 runs=       11 filter=  7.059ms semisort=  0.019ms
[pe-async] round=152 R=154 dirty=       22 runs=       11 filter=  7.165ms semisort=  0.017ms
[pe-async] round=153 R=155 dirty=       62 runs=       23 filter=  6.996ms semisort=  0.024ms
[pe-async] round=154 R=156 dirty=       28 runs=       17 filter=  7.023ms semisort=  0.023ms
[pe-async] round=155 R=157 dirty=       44 runs=       11 filter=  7.129ms semisort=  0.019ms
[pe-async] round=156 R=158 dirty=       22 runs=       11 filter=  7.031ms semisort=  0.014ms
[pe-async] round=157 R=159 dirty=       62 runs=       23 filter=  6.963ms semisort=  0.020ms
[pe-async] round=158 R=160 dirty=       28 runs=       17 filter=  7.038ms semisort=  0.015ms
[pe-async] round=159 R=161 dirty=       44 runs=       11 filter=  6.974ms semisort=  0.015ms
[pe-async] round=160 R=162 dirty=       22 runs=       11 filter=  7.081ms semisort=  0.013ms
[pe-async] round=161 R=163 dirty=       62 runs=       23 filter=  6.861ms semisort=  0.021ms
[pe-async] round=162 R=164 dirty=       28 runs=       17 filter=  6.893ms semisort=  0.014ms
[pe-async] round=163 R=165 dirty=       44 runs=       11 filter=  7.066ms semisort=  0.019ms
[pe-async] round=164 R=166 dirty=       22 runs=       11 filter=  7.054ms semisort=  0.013ms
[pe-async] round=165 R=167 dirty=       62 runs=       23 filter=  7.044ms semisort=  0.021ms
[pe-async] round=166 R=168 dirty=       28 runs=       17 filter=  7.074ms semisort=  0.013ms
[pe-async] round=167 R=169 dirty=       44 runs=       11 filter=  7.237ms semisort=  0.017ms
[pe-async] round=168 R=170 dirty=       22 runs=       11 filter=  7.079ms semisort=  0.014ms
[pe-async] round=169 R=171 dirty=       62 runs=       23 filter=  7.009ms semisort=  0.020ms
[pe-async] round=170 R=172 dirty=       28 runs=       17 filter=  7.092ms semisort=  0.014ms
[pe-async] round=171 R=173 dirty=       44 runs=       11 filter=  7.119ms semisort=  0.018ms
[pe-async] round=172 R=174 dirty=       22 runs=       11 filter=  7.027ms semisort=  0.013ms
[pe-async] round=173 R=175 dirty=       62 runs=       23 filter=  7.038ms semisort=  0.021ms
[pe-async] round=174 R=176 dirty=       28 runs=       17 filter=  6.990ms semisort=  0.013ms
[pe-async] round=175 R=177 dirty=       44 runs=       11 filter=  6.986ms semisort=  0.019ms
[pe-async] round=176 R=178 dirty=       22 runs=       11 filter=  6.993ms semisort=  0.013ms
[pe-async] round=177 R=179 dirty=       62 runs=       23 filter=  7.110ms semisort=  0.024ms
[pe-async] round=178 R=180 dirty=       28 runs=       17 filter=  6.963ms semisort=  0.013ms
[pe-async] round=179 R=181 dirty=       44 runs=       11 filter=  7.119ms semisort=  0.020ms
[pe-async] round=180 R=182 dirty=       22 runs=       11 filter=  7.016ms semisort=  0.014ms
[pe-async] round=181 R=183 dirty=       62 runs=       23 filter=  6.992ms semisort=  0.026ms
[pe-async] round=182 R=184 dirty=       28 runs=       17 filter=  6.991ms semisort=  0.014ms
[pe-async] round=183 R=185 dirty=       44 runs=       11 filter=  6.967ms semisort=  0.014ms
[pe-async] round=184 R=186 dirty=       22 runs=       11 filter=  6.980ms semisort=  0.013ms
[pe-async] round=185 R=187 dirty=       62 runs=       23 filter=  7.045ms semisort=  0.019ms
[pe-async] round=186 R=188 dirty=       28 runs=       17 filter=  7.062ms semisort=  0.013ms
[pe-async] round=187 R=189 dirty=       44 runs=       11 filter=  7.052ms semisort=  0.021ms
[pe-async] round=188 R=190 dirty=       22 runs=       11 filter=  6.868ms semisort=  0.013ms
[pe-async] round=189 R=191 dirty=       62 runs=       23 filter=  7.018ms semisort=  0.021ms
[pe-async] round=190 R=192 dirty=       28 runs=       17 filter=  6.956ms semisort=  0.022ms
[pe-async] round=191 R=193 dirty=       44 runs=       11 filter=  6.835ms semisort=  0.017ms
[pe-async] round=192 R=194 dirty=       22 runs=       11 filter=  6.950ms semisort=  0.014ms
[pe-async] round=193 R=195 dirty=       62 runs=       23 filter=  6.929ms semisort=  0.020ms
[pe-async] round=194 R=196 dirty=       28 runs=       17 filter=  7.148ms semisort=  0.023ms
[pe-async] round=195 R=197 dirty=       44 runs=       11 filter=  7.061ms semisort=  0.017ms
[pe-async] round=196 R=198 dirty=       22 runs=       11 filter=  7.131ms semisort=  0.014ms
[pe-async] round=197 R=199 dirty=       62 runs=       23 filter=  6.755ms semisort=  0.019ms
[pe-async] round=198 R=200 dirty=       28 runs=       17 filter=  7.093ms semisort=  0.014ms
[pe-async] round=199 R=201 dirty=       44 runs=       11 filter=  7.065ms semisort=  0.020ms
[pe-async] round=200 R=202 dirty=       22 runs=       11 filter=  6.797ms semisort=  0.013ms
[pe-async] round=201 R=203 dirty=       62 runs=       23 filter=  6.932ms semisort=  0.020ms
[pe-async] round=202 R=204 dirty=       28 runs=       17 filter=  6.893ms semisort=  0.014ms
[pe-async] round=203 R=205 dirty=       44 runs=       11 filter=  7.055ms semisort=  0.019ms
[pe-async] round=204 R=206 dirty=       22 runs=       11 filter=  6.894ms semisort=  0.014ms
[pe-async] round=205 R=207 dirty=       62 runs=       23 filter=  6.777ms semisort=  0.020ms
[pe-async] round=206 R=208 dirty=       28 runs=       17 filter=  6.843ms semisort=  0.014ms
[pe-async] round=207 R=209 dirty=       44 runs=       11 filter=  6.993ms semisort=  0.020ms
[pe-async] round=208 R=210 dirty=       22 runs=       11 filter=  6.975ms semisort=  0.013ms
[pe-async] round=209 R=211 dirty=       70 runs=       31 filter=  7.103ms semisort=  0.023ms
[pe-async] round=210 R=212 dirty=       28 runs=       21 filter=  6.993ms semisort=  0.013ms
[pe-async] round=211 R=213 dirty=       28 runs=        7 filter=  7.095ms semisort=  0.020ms
[pe-async] round=212 R=214 dirty=       14 runs=        7 filter=  7.079ms semisort=  0.012ms
[pe-async] round=213 R=215 dirty=       46 runs=       19 filter=  6.874ms semisort=  0.018ms
[pe-async] round=214 R=216 dirty=       20 runs=       13 filter=  6.957ms semisort=  0.012ms
[pe-async] round=215 R=217 dirty=       28 runs=        7 filter=  7.151ms semisort=  0.022ms
[pe-async] round=216 R=218 dirty=       14 runs=        7 filter=  7.119ms semisort=  0.011ms
[pe-async] round=217 R=219 dirty=       46 runs=       19 filter=  7.045ms semisort=  0.021ms
[pe-async] round=218 R=220 dirty=       20 runs=       13 filter=  6.978ms semisort=  0.011ms
[pe-async] round=219 R=221 dirty=       28 runs=        7 filter=  7.157ms semisort=  0.013ms
[pe-async] round=220 R=222 dirty=       14 runs=        7 filter=  7.153ms semisort=  0.012ms
[pe-async] round=221 R=223 dirty=       46 runs=       19 filter=  7.029ms semisort=  0.016ms
[pe-async] round=222 R=224 dirty=       20 runs=       13 filter=  7.059ms semisort=  0.013ms
[pe-async] round=223 R=225 dirty=       28 runs=        7 filter=  7.103ms semisort=  0.013ms
[pe-async] round=224 R=226 dirty=       14 runs=        7 filter=  7.035ms semisort=  0.011ms
[pe-async] round=225 R=227 dirty=       46 runs=       19 filter=  7.040ms semisort=  0.019ms
[pe-async] round=226 R=228 dirty=       20 runs=       13 filter=  6.919ms semisort=  0.011ms
[pe-async] round=227 R=229 dirty=       28 runs=        7 filter=  6.951ms semisort=  0.021ms
[pe-async] round=228 R=230 dirty=       14 runs=        7 filter=  6.956ms semisort=  0.011ms
[pe-async] round=229 R=231 dirty=       46 runs=       19 filter=  6.994ms semisort=  0.019ms
[pe-async] round=230 R=232 dirty=       20 runs=       13 filter=  6.956ms semisort=  0.011ms
[pe-async] round=231 R=233 dirty=       28 runs=        7 filter=  6.921ms semisort=  0.020ms
[pe-async] round=232 R=234 dirty=       14 runs=        7 filter=  7.009ms semisort=  0.010ms
[pe-async] round=233 R=235 dirty=       46 runs=       19 filter=  6.926ms semisort=  0.015ms
[pe-async] round=234 R=236 dirty=       20 runs=       13 filter=  6.882ms semisort=  0.012ms
[pe-async] round=235 R=237 dirty=       28 runs=        7 filter=  6.967ms semisort=  0.019ms
[pe-async] round=236 R=238 dirty=       14 runs=        7 filter=  6.837ms semisort=  0.011ms
[pe-async] round=237 R=239 dirty=       46 runs=       19 filter=  6.929ms semisort=  0.021ms
[pe-async] round=238 R=240 dirty=       20 runs=       13 filter=  6.984ms semisort=  0.011ms
[pe-async] round=239 R=241 dirty=       28 runs=        7 filter=  7.174ms semisort=  0.018ms
[pe-async] round=240 R=242 dirty=       14 runs=        7 filter=  6.983ms semisort=  0.011ms
[pe-async] round=241 R=243 dirty=       46 runs=       19 filter=  6.954ms semisort=  0.020ms
[pe-async] round=242 R=244 dirty=       20 runs=       13 filter=  7.066ms semisort=  0.011ms
[pe-async] round=243 R=245 dirty=       28 runs=        7 filter=  7.069ms semisort=  0.020ms
[pe-async] round=244 R=246 dirty=       14 runs=        7 filter=  7.060ms semisort=  0.011ms
[pe-async] round=245 R=247 dirty=       46 runs=       19 filter=  6.924ms semisort=  0.021ms
[pe-async] round=246 R=248 dirty=       20 runs=       13 filter=  7.005ms semisort=  0.011ms
[pe-async] round=247 R=249 dirty=       28 runs=        7 filter=  7.071ms semisort=  0.012ms
[pe-async] round=248 R=250 dirty=       14 runs=        7 filter=  7.000ms semisort=  0.011ms
[pe-async] round=249 R=251 dirty=       46 runs=       19 filter=  7.284ms semisort=  0.018ms
[pe-async] round=250 R=252 dirty=       20 runs=       13 filter=  7.000ms semisort=  0.012ms
[pe-async] round=251 R=253 dirty=       28 runs=        7 filter=  7.115ms semisort=  0.012ms
[pe-async] round=252 R=254 dirty=       14 runs=        7 filter=  7.008ms semisort=  0.011ms
[pe-async] round=253 R=255 dirty=       46 runs=       19 filter=  7.037ms semisort=  0.018ms
[pe-async] round=254 R=256 dirty=       20 runs=       13 filter=  7.012ms semisort=  0.011ms
[pe-async] round=255 R=257 dirty=       28 runs=        7 filter=  7.100ms semisort=  0.012ms
[pe-async] round=256 R=258 dirty=       14 runs=        7 filter=  6.796ms semisort=  0.011ms
[pe-async] round=257 R=259 dirty=       46 runs=       19 filter=  6.973ms semisort=  0.023ms
[pe-async] round=258 R=260 dirty=       20 runs=       13 filter=  7.096ms semisort=  0.012ms
[pe-async] round=259 R=261 dirty=       28 runs=        7 filter=  7.055ms semisort=  0.013ms
[pe-async] round=260 R=262 dirty=       14 runs=        7 filter=  6.978ms semisort=  0.012ms
[pe-async] round=261 R=263 dirty=       46 runs=       19 filter=  6.998ms semisort=  0.020ms
[pe-async] round=262 R=264 dirty=       20 runs=       13 filter=  6.835ms semisort=  0.012ms
[pe-async] round=263 R=265 dirty=       28 runs=        7 filter=  6.994ms semisort=  0.012ms
[pe-async] round=264 R=266 dirty=       14 runs=        7 filter=  7.082ms semisort=  0.011ms
[pe-async] round=265 R=267 dirty=       46 runs=       19 filter=  6.979ms semisort=  0.022ms
[pe-async] round=266 R=268 dirty=       20 runs=       13 filter=  6.775ms semisort=  0.011ms
[pe-async] round=267 R=269 dirty=       28 runs=        7 filter=  6.945ms semisort=  0.021ms
[pe-async] round=268 R=270 dirty=       14 runs=        7 filter=  6.937ms semisort=  0.014ms
[pe-async] round=269 R=271 dirty=       46 runs=       19 filter=  7.116ms semisort=  0.025ms
[pe-async] round=270 R=272 dirty=       20 runs=       13 filter=  6.939ms semisort=  0.012ms
[pe-async] round=271 R=273 dirty=       28 runs=        7 filter=  6.792ms semisort=  0.018ms
[pe-async] round=272 R=274 dirty=       14 runs=        7 filter=  6.838ms semisort=  0.011ms
[pe-async] round=273 R=275 dirty=       46 runs=       19 filter=  7.073ms semisort=  0.025ms
[pe-async] round=274 R=276 dirty=       20 runs=       13 filter=  6.984ms semisort=  0.011ms
[pe-async] round=275 R=277 dirty=       28 runs=        7 filter=  7.148ms semisort=  0.012ms
[pe-async] round=276 R=278 dirty=       14 runs=        7 filter=  6.815ms semisort=  0.010ms
[pe-async] round=277 R=279 dirty=       46 runs=       19 filter=  7.029ms semisort=  0.021ms
[pe-async] round=278 R=280 dirty=       20 runs=       13 filter=  6.951ms semisort=  0.011ms
[pe-async] round=279 R=281 dirty=       28 runs=        7 filter=  7.145ms semisort=  0.011ms
[pe-async] round=280 R=282 dirty=       14 runs=        7 filter=  7.191ms semisort=  0.011ms
[pe-async] round=281 R=283 dirty=       46 runs=       19 filter=  7.030ms semisort=  0.019ms
[pe-async] round=282 R=284 dirty=       20 runs=       13 filter=  6.963ms semisort=  0.011ms
[pe-async] round=283 R=285 dirty=       28 runs=        7 filter=  7.187ms semisort=  0.013ms
[pe-async] round=284 R=286 dirty=       14 runs=        7 filter=  6.986ms semisort=  0.011ms
[pe-async] round=285 R=287 dirty=       46 runs=       19 filter=  6.893ms semisort=  0.022ms
[pe-async] round=286 R=288 dirty=       20 runs=       13 filter=  6.861ms semisort=  0.011ms
[pe-async] round=287 R=289 dirty=       28 runs=        7 filter=  6.936ms semisort=  0.012ms
[pe-async] round=288 R=290 dirty=       14 runs=        7 filter=  7.010ms semisort=  0.010ms
[pe-async] round=289 R=291 dirty=       46 runs=       19 filter=  6.941ms semisort=  0.024ms
[pe-async] round=290 R=292 dirty=       20 runs=       13 filter=  6.842ms semisort=  0.011ms
[pe-async] round=291 R=293 dirty=       28 runs=        7 filter=  6.929ms semisort=  0.012ms
[pe-async] round=292 R=294 dirty=       14 runs=        7 filter=  7.116ms semisort=  0.011ms
[pe-async] round=293 R=295 dirty=       46 runs=       19 filter=  6.997ms semisort=  0.017ms
[pe-async] round=294 R=296 dirty=       20 runs=       13 filter=  6.890ms semisort=  0.012ms
[pe-async] round=295 R=297 dirty=       28 runs=        7 filter=  7.033ms semisort=  0.019ms
[pe-async] round=296 R=298 dirty=       14 runs=        7 filter=  6.794ms semisort=  0.012ms
[pe-async] round=297 R=299 dirty=       46 runs=       19 filter=  6.892ms semisort=  0.020ms
[pe-async] round=298 R=300 dirty=       20 runs=       13 filter=  7.059ms semisort=  0.012ms
[pe-async] round=299 R=301 dirty=       28 runs=        7 filter=  7.031ms semisort=  0.023ms
[pe-async] round=300 R=302 dirty=       14 runs=        7 filter=  7.024ms semisort=  0.010ms
[pe-async] round=301 R=303 dirty=       46 runs=       19 filter=  7.001ms semisort=  0.022ms
[pe-async] round=302 R=304 dirty=       20 runs=       13 filter=  6.882ms semisort=  0.019ms
[pe-async] round=303 R=305 dirty=       28 runs=        7 filter=  6.935ms semisort=  0.012ms
[pe-async] round=304 R=306 dirty=       14 runs=        7 filter=  6.909ms semisort=  0.010ms
[pe-async] round=305 R=307 dirty=       46 runs=       19 filter=  7.218ms semisort=  0.020ms
[pe-async] round=306 R=308 dirty=       20 runs=       13 filter=  6.930ms semisort=  0.011ms
[pe-async] round=307 R=309 dirty=       28 runs=        7 filter=  6.970ms semisort=  0.022ms
[pe-async] round=308 R=310 dirty=       14 runs=        7 filter=  7.060ms semisort=  0.011ms
[pe-async] round=309 R=311 dirty=       46 runs=       19 filter=  6.923ms semisort=  0.018ms
[pe-async] round=310 R=312 dirty=       20 runs=       13 filter=  6.983ms semisort=  0.011ms
[pe-async] round=311 R=313 dirty=       28 runs=        7 filter=  6.982ms semisort=  0.012ms
[pe-async] round=312 R=314 dirty=       14 runs=        7 filter=  7.065ms semisort=  0.011ms
[pe-async] round=313 R=315 dirty=       46 runs=       19 filter=  6.830ms semisort=  0.023ms
[pe-async] round=314 R=316 dirty=       20 runs=       13 filter=  7.202ms semisort=  0.011ms
[pe-async] round=315 R=317 dirty=       28 runs=        7 filter=  7.029ms semisort=  0.019ms
[pe-async] round=316 R=318 dirty=       14 runs=        7 filter=  7.037ms semisort=  0.010ms
[pe-async] round=317 R=319 dirty=       46 runs=       19 filter=  6.907ms semisort=  0.022ms
[pe-async] round=318 R=320 dirty=       20 runs=       17 filter=  6.881ms semisort=  0.011ms
[pe-async] round=319 R=321 dirty=       12 runs=        3 filter=  6.976ms semisort=  0.009ms
[pe-async] round=320 R=322 dirty=        6 runs=        3 filter=  7.085ms semisort=  0.009ms
[pe-async] round=321 R=323 dirty=       30 runs=       15 filter=  6.963ms semisort=  0.012ms
[pe-async] round=322 R=324 dirty=       12 runs=        9 filter=  6.877ms semisort=  0.010ms
[pe-async] round=323 R=325 dirty=       12 runs=        3 filter=  7.111ms semisort=  0.010ms
[pe-async] round=324 R=326 dirty=        6 runs=        3 filter=  7.010ms semisort=  0.009ms
[pe-async] round=325 R=327 dirty=       30 runs=       15 filter=  7.039ms semisort=  0.012ms
[pe-async] round=326 R=328 dirty=       12 runs=        9 filter=  6.911ms semisort=  0.010ms
[pe-async] round=327 R=329 dirty=       12 runs=        3 filter=  7.016ms semisort=  0.009ms
[pe-async] round=328 R=330 dirty=        6 runs=        3 filter=  7.058ms semisort=  0.008ms
[pe-async] round=329 R=331 dirty=       30 runs=       15 filter=  6.860ms semisort=  0.016ms
[pe-async] round=330 R=332 dirty=       12 runs=        9 filter=  7.027ms semisort=  0.009ms
[pe-async] round=331 R=333 dirty=       12 runs=        3 filter=  6.985ms semisort=  0.009ms
[pe-async] round=332 R=334 dirty=        6 runs=        3 filter=  6.902ms semisort=  0.008ms
[pe-async] round=333 R=335 dirty=       30 runs=       15 filter=  7.015ms semisort=  0.012ms
[pe-async] round=334 R=336 dirty=       12 runs=        9 filter=  7.079ms semisort=  0.010ms
[pe-async] round=335 R=337 dirty=       12 runs=        3 filter=  6.921ms semisort=  0.010ms
[pe-async] round=336 R=338 dirty=        6 runs=        3 filter=  7.013ms semisort=  0.009ms
[pe-async] round=337 R=339 dirty=       30 runs=       15 filter=  6.845ms semisort=  0.012ms
[pe-async] round=338 R=340 dirty=       12 runs=        9 filter=  7.017ms semisort=  0.010ms
[pe-async] round=339 R=341 dirty=       12 runs=        3 filter=  6.919ms semisort=  0.010ms
[pe-async] round=340 R=342 dirty=        6 runs=        3 filter=  6.883ms semisort=  0.008ms
[pe-async] round=341 R=343 dirty=       30 runs=       15 filter=  7.115ms semisort=  0.012ms
[pe-async] round=342 R=344 dirty=       12 runs=        9 filter=  7.184ms semisort=  0.010ms
[pe-async] round=343 R=345 dirty=       12 runs=        3 filter=  6.924ms semisort=  0.009ms
[pe-async] round=344 R=346 dirty=        6 runs=        3 filter=  6.984ms semisort=  0.009ms
[pe-async] round=345 R=347 dirty=       30 runs=       15 filter=  6.769ms semisort=  0.010ms
[pe-async] round=346 R=348 dirty=       12 runs=        9 filter=  7.010ms semisort=  0.010ms
[pe-async] round=347 R=349 dirty=       12 runs=        3 filter=  6.979ms semisort=  0.010ms
[pe-async] round=348 R=350 dirty=        6 runs=        3 filter=  7.180ms semisort=  0.009ms
[pe-async] round=349 R=351 dirty=       30 runs=       15 filter=  6.993ms semisort=  0.011ms
[pe-async] round=350 R=352 dirty=       12 runs=        9 filter=  6.895ms semisort=  0.010ms
[pe-async] round=351 R=353 dirty=       12 runs=        3 filter=  7.226ms semisort=  0.010ms
[pe-async] round=352 R=354 dirty=        6 runs=        3 filter=  6.840ms semisort=  0.008ms
[pe-async] round=353 R=355 dirty=       30 runs=       15 filter=  7.052ms semisort=  0.012ms
[pe-async] round=354 R=356 dirty=       12 runs=        9 filter=  6.921ms semisort=  0.010ms
[pe-async] round=355 R=357 dirty=       12 runs=        3 filter=  6.944ms semisort=  0.009ms
[pe-async] round=356 R=358 dirty=        6 runs=        3 filter=  7.014ms semisort=  0.008ms
[pe-async] round=357 R=359 dirty=       30 runs=       15 filter=  7.084ms semisort=  0.011ms
[pe-async] round=358 R=360 dirty=       12 runs=        9 filter=  6.881ms semisort=  0.010ms
[pe-async] round=359 R=361 dirty=       12 runs=        3 filter=  7.149ms semisort=  0.009ms
[pe-async] round=360 R=362 dirty=        6 runs=        3 filter=  6.824ms semisort=  0.009ms
[pe-async] round=361 R=363 dirty=       30 runs=       15 filter=  6.844ms semisort=  0.017ms
[pe-async] round=362 R=364 dirty=       12 runs=        9 filter=  6.938ms semisort=  0.010ms
[pe-async] round=363 R=365 dirty=       12 runs=        3 filter=  7.065ms semisort=  0.010ms
[pe-async] round=364 R=366 dirty=        6 runs=        3 filter=  6.954ms semisort=  0.009ms
[pe-async] round=365 R=367 dirty=       30 runs=       15 filter=  7.072ms semisort=  0.012ms
[pe-async] round=366 R=368 dirty=       12 runs=        9 filter=  7.073ms semisort=  0.010ms
[pe-async] round=367 R=369 dirty=       12 runs=        3 filter=  6.950ms semisort=  0.009ms
[pe-async] round=368 R=370 dirty=        6 runs=        3 filter=  6.986ms semisort=  0.009ms
[pe-async] round=369 R=371 dirty=       30 runs=       15 filter=  6.987ms semisort=  0.011ms
[pe-async] round=370 R=372 dirty=       12 runs=        9 filter=  6.932ms semisort=  0.009ms
[pe-async] round=371 R=373 dirty=       12 runs=        3 filter=  7.041ms semisort=  0.010ms
[pe-async] round=372 R=374 dirty=        6 runs=        3 filter=  6.929ms semisort=  0.008ms
[pe-async] round=373 R=375 dirty=       30 runs=       15 filter=  7.191ms semisort=  0.011ms
[pe-async] round=374 R=376 dirty=       12 runs=        9 filter=  7.077ms semisort=  0.011ms
[pe-async] round=375 R=377 dirty=       12 runs=        3 filter=  7.149ms semisort=  0.010ms
[pe-async] round=376 R=378 dirty=        6 runs=        3 filter=  6.832ms semisort=  0.008ms
[pe-async] round=377 R=379 dirty=       30 runs=       15 filter=  6.869ms semisort=  0.011ms
[pe-async] round=378 R=380 dirty=       12 runs=        9 filter=  7.042ms semisort=  0.015ms
[pe-async] round=379 R=381 dirty=       12 runs=        3 filter=  6.986ms semisort=  0.008ms
[pe-async] round=380 R=382 dirty=        6 runs=        3 filter=  6.971ms semisort=  0.009ms
[pe-async] round=381 R=383 dirty=       30 runs=       15 filter=  7.043ms semisort=  0.011ms
[pe-async] round=382 R=384 dirty=       12 runs=        9 filter=  6.905ms semisort=  0.009ms
[pe-async] round=383 R=385 dirty=       12 runs=        3 filter=  7.033ms semisort=  0.009ms
[pe-async] round=384 R=386 dirty=        6 runs=        3 filter=  6.992ms semisort=  0.010ms
[pe-async] round=385 R=387 dirty=       30 runs=       15 filter=  7.127ms semisort=  0.011ms
[pe-async] round=386 R=388 dirty=       12 runs=        9 filter=  6.797ms semisort=  0.009ms
[pe-async] round=387 R=389 dirty=       12 runs=        3 filter=  6.807ms semisort=  0.010ms
[pe-async] round=388 R=390 dirty=        6 runs=        3 filter=  6.988ms semisort=  0.008ms
[pe-async] round=389 R=391 dirty=       30 runs=       15 filter=  6.971ms semisort=  0.011ms
[pe-async] round=390 R=392 dirty=       12 runs=        9 filter=  6.989ms semisort=  0.009ms
[pe-async] round=391 R=393 dirty=       12 runs=        3 filter=  7.043ms semisort=  0.010ms
[pe-async] round=392 R=394 dirty=        6 runs=        3 filter=  6.943ms semisort=  0.009ms
[pe-async] round=393 R=395 dirty=       30 runs=       15 filter=  7.061ms semisort=  0.011ms
[pe-async] round=394 R=396 dirty=       12 runs=        9 filter=  6.980ms semisort=  0.009ms
[pe-async] round=395 R=397 dirty=       12 runs=        3 filter=  6.994ms semisort=  0.009ms
[pe-async] round=396 R=398 dirty=        6 runs=        3 filter=  7.121ms semisort=  0.008ms
[pe-async] round=397 R=399 dirty=       30 runs=       15 filter=  6.894ms semisort=  0.012ms
[pe-async] round=398 R=400 dirty=       12 runs=        9 filter=  7.002ms semisort=  0.010ms
[pe-async] round=399 R=401 dirty=       12 runs=        3 filter=  6.965ms semisort=  0.009ms
[pe-async] round=400 R=402 dirty=        6 runs=        3 filter=  6.706ms semisort=  0.008ms
[pe-async] round=401 R=403 dirty=       30 runs=       15 filter=  7.098ms semisort=  0.011ms
[pe-async] round=402 R=404 dirty=       12 runs=        9 filter=  7.000ms semisort=  0.009ms
[pe-async] round=403 R=405 dirty=       12 runs=        3 filter=  6.960ms semisort=  0.010ms
[pe-async] round=404 R=406 dirty=        6 runs=        3 filter=  7.014ms semisort=  0.009ms
[pe-async] round=405 R=407 dirty=       30 runs=       15 filter=  7.014ms semisort=  0.011ms
[pe-async] round=406 R=408 dirty=       12 runs=        9 filter=  6.930ms semisort=  0.010ms
[pe-async] round=407 R=409 dirty=       12 runs=        3 filter=  6.823ms semisort=  0.009ms
[pe-async] round=408 R=410 dirty=        6 runs=        3 filter=  6.909ms semisort=  0.010ms
[pe-async] round=409 R=411 dirty=       30 runs=       15 filter=  6.980ms semisort=  0.019ms
[pe-async] round=410 R=412 dirty=       12 runs=        9 filter=  7.014ms semisort=  0.009ms
[pe-async] round=411 R=413 dirty=       12 runs=        3 filter=  7.247ms semisort=  0.009ms
[pe-async] round=412 R=414 dirty=        6 runs=        3 filter=  7.186ms semisort=  0.009ms
[pe-async] round=413 R=415 dirty=       30 runs=       15 filter=  6.782ms semisort=  0.010ms
[pe-async] round=414 R=416 dirty=       12 runs=        9 filter=  6.959ms semisort=  0.015ms
[pe-async] round=415 R=417 dirty=       12 runs=        3 filter=  7.105ms semisort=  0.009ms
[pe-async] round=416 R=418 dirty=        6 runs=        3 filter=  6.888ms semisort=  0.008ms
[pe-async] round=417 R=419 dirty=       30 runs=       15 filter=  6.984ms semisort=  0.012ms
[pe-async] round=418 R=420 dirty=       12 runs=        9 filter=  6.976ms semisort=  0.009ms
[pe-async] round=419 R=421 dirty=       12 runs=        3 filter=  7.149ms semisort=  0.009ms
[pe-async] round=420 R=422 dirty=        6 runs=        3 filter=  6.833ms semisort=  0.009ms
[pe-async] round=421 R=423 dirty=       30 runs=       15 filter=  6.959ms semisort=  0.011ms
[pe-async] round=422 R=424 dirty=       12 runs=        9 filter=  6.999ms semisort=  0.009ms
[pe-async] round=423 R=425 dirty=       12 runs=        3 filter=  6.986ms semisort=  0.009ms
[pe-async] round=424 R=426 dirty=        6 runs=        3 filter=  6.992ms semisort=  0.010ms
[pe-async] round=425 R=427 dirty=       30 runs=       15 filter=  7.136ms semisort=  0.011ms
[pe-async] round=426 R=428 dirty=       12 runs=        9 filter=  6.909ms semisort=  0.010ms
[pe-async] round=427 R=429 dirty=       12 runs=        3 filter=  7.027ms semisort=  0.016ms
[pe-async] round=428 R=430 dirty=        6 runs=        3 filter=  7.039ms semisort=  0.008ms
[pe-async] round=429 R=431 dirty=       31 runs=       21 filter=  6.803ms semisort=  0.015ms
[pe-async] round=430 R=432 dirty=        6 runs=        4 filter=  6.964ms semisort=  0.009ms
[pe-async] round=431 R=433 dirty=        0 filter=  7.087ms (clean break)
[pe-async] round=  0 R=2 dirty=  5950187 runs=  3886042 filter=  7.645ms semisort= 39.812ms
[pe-async] round=  1 R=3 dirty=   263635 runs=   150760 filter= 10.080ms semisort=  2.659ms
[pe-async] round=  2 R=4 dirty=    86522 runs=    58570 filter=  9.214ms semisort=  3.416ms
[pe-async] round=  3 R=5 dirty=    36944 runs=    18788 filter=  8.890ms semisort=  1.385ms
[pe-async] round=  4 R=6 dirty=    15663 runs=     8740 filter=  8.412ms semisort=  0.617ms
[pe-async] round=  5 R=7 dirty=    13473 runs=     5947 filter=  8.345ms semisort=  0.573ms
[pe-async] round=  6 R=8 dirty=    13658 runs=     7108 filter=  8.080ms semisort=  0.520ms
[pe-async] round=  7 R=9 dirty=    13105 runs=     6254 filter=  7.966ms semisort=  0.505ms
[pe-async] round=  8 R=10 dirty=    14858 runs=     7591 filter=  7.979ms semisort=  0.525ms
[pe-async] round=  9 R=11 dirty=     5451 runs=     2881 filter=  7.818ms semisort=  0.297ms
[pe-async] round= 10 R=12 dirty=     9075 runs=     3410 filter=  7.748ms semisort=  0.400ms
[pe-async] round= 11 R=13 dirty=     4967 runs=     2078 filter=  7.726ms semisort=  0.282ms
[pe-async] round= 12 R=14 dirty=     4266 runs=     2352 filter=  7.680ms semisort=  0.309ms
[pe-async] round= 13 R=15 dirty=     1778 runs=     1264 filter=  7.559ms semisort=  0.103ms
[pe-async] round= 14 R=16 dirty=      268 runs=      116 filter=  7.597ms semisort=  0.054ms
[pe-async] round= 15 R=17 dirty=      116 runs=       38 filter=  7.397ms semisort=  0.034ms
[pe-async] round= 16 R=18 dirty=      182 runs=       91 filter=  7.518ms semisort=  0.045ms
[pe-async] round= 17 R=19 dirty=      122 runs=       51 filter=  7.368ms semisort=  0.036ms
[pe-async] round= 18 R=20 dirty=       80 runs=       31 filter=  7.373ms semisort=  0.025ms
[pe-async] round= 19 R=21 dirty=       76 runs=       25 filter=  7.468ms semisort=  0.042ms
[pe-async] round= 20 R=22 dirty=      138 runs=       75 filter=  7.501ms semisort=  0.032ms
[pe-async] round= 21 R=23 dirty=      102 runs=       43 filter=  7.390ms semisort=  0.037ms
[pe-async] round= 22 R=24 dirty=       76 runs=       29 filter=  7.251ms semisort=  0.028ms
[pe-async] round= 23 R=25 dirty=       68 runs=       23 filter=  7.388ms semisort=  0.022ms
[pe-async] round= 24 R=26 dirty=      134 runs=       71 filter=  7.339ms semisort=  0.035ms
[pe-async] round= 25 R=27 dirty=      102 runs=       43 filter=  7.531ms semisort=  0.029ms
[pe-async] round= 26 R=28 dirty=       76 runs=       29 filter=  7.245ms semisort=  0.023ms
[pe-async] round= 27 R=29 dirty=       68 runs=       23 filter=  7.221ms semisort=  0.026ms
[pe-async] round= 28 R=30 dirty=      134 runs=       71 filter=  7.375ms semisort=  0.030ms
[pe-async] round= 29 R=31 dirty=      102 runs=       43 filter=  7.421ms semisort=  0.037ms
[pe-async] round= 30 R=32 dirty=       76 runs=       29 filter=  7.273ms semisort=  0.027ms
[pe-async] round= 31 R=33 dirty=       68 runs=       23 filter=  7.355ms semisort=  0.025ms
[pe-async] round= 32 R=34 dirty=      134 runs=       71 filter=  7.354ms semisort=  0.037ms
[pe-async] round= 33 R=35 dirty=      102 runs=       43 filter=  7.182ms semisort=  0.033ms
[pe-async] round= 34 R=36 dirty=       76 runs=       29 filter=  7.459ms semisort=  0.025ms
[pe-async] round= 35 R=37 dirty=       68 runs=       23 filter=  7.355ms semisort=  0.021ms
[pe-async] round= 36 R=38 dirty=      134 runs=       71 filter=  7.392ms semisort=  0.033ms
[pe-async] round= 37 R=39 dirty=      102 runs=       43 filter=  7.379ms semisort=  0.029ms
[pe-async] round= 38 R=40 dirty=       76 runs=       29 filter=  7.249ms semisort=  0.026ms
[pe-async] round= 39 R=41 dirty=       68 runs=       23 filter=  7.238ms semisort=  0.026ms
[pe-async] round= 40 R=42 dirty=      134 runs=       71 filter=  7.182ms semisort=  0.034ms
[pe-async] round= 41 R=43 dirty=      102 runs=       43 filter=  7.236ms semisort=  0.033ms
[pe-async] round= 42 R=44 dirty=       76 runs=       29 filter=  7.196ms semisort=  0.030ms
[pe-async] round= 43 R=45 dirty=       68 runs=       23 filter=  7.349ms semisort=  0.025ms
[pe-async] round= 44 R=46 dirty=      134 runs=       71 filter=  7.319ms semisort=  0.028ms
[pe-async] round= 45 R=47 dirty=      102 runs=       43 filter=  7.124ms semisort=  0.032ms
[pe-async] round= 46 R=48 dirty=       76 runs=       29 filter=  7.083ms semisort=  0.024ms
[pe-async] round= 47 R=49 dirty=       68 runs=       23 filter=  7.185ms semisort=  0.024ms
[pe-async] round= 48 R=50 dirty=       22 runs=       11 filter=  7.154ms semisort=  0.014ms
[pe-async] round= 49 R=51 dirty=       62 runs=       23 filter=  7.319ms semisort=  0.019ms
[pe-async] round= 50 R=52 dirty=       28 runs=       17 filter=  7.164ms semisort=  0.021ms
[pe-async] round= 51 R=53 dirty=       44 runs=       11 filter=  7.303ms semisort=  0.020ms
[pe-async] round= 52 R=54 dirty=       22 runs=       11 filter=  7.235ms semisort=  0.013ms
[pe-async] round= 53 R=55 dirty=       62 runs=       23 filter=  7.349ms semisort=  0.020ms
[pe-async] round= 54 R=56 dirty=       28 runs=       17 filter=  7.199ms semisort=  0.015ms
[pe-async] round= 55 R=57 dirty=       44 runs=       11 filter=  7.357ms semisort=  0.018ms
[pe-async] round= 56 R=58 dirty=       22 runs=       11 filter=  7.280ms semisort=  0.013ms
[pe-async] round= 57 R=59 dirty=       62 runs=       23 filter=  7.192ms semisort=  0.021ms
[pe-async] round= 58 R=60 dirty=       28 runs=       17 filter=  7.149ms semisort=  0.014ms
[pe-async] round= 59 R=61 dirty=       44 runs=       11 filter=  7.230ms semisort=  0.019ms
[pe-async] round= 60 R=62 dirty=       22 runs=       11 filter=  7.327ms semisort=  0.013ms
[pe-async] round= 61 R=63 dirty=       62 runs=       23 filter=  7.206ms semisort=  0.020ms
[pe-async] round= 62 R=64 dirty=       28 runs=       17 filter=  7.129ms semisort=  0.013ms
[pe-async] round= 63 R=65 dirty=       44 runs=       11 filter=  7.080ms semisort=  0.018ms
[pe-async] round= 64 R=66 dirty=       22 runs=       11 filter=  7.251ms semisort=  0.013ms
[pe-async] round= 65 R=67 dirty=       62 runs=       23 filter=  7.324ms semisort=  0.020ms
[pe-async] round= 66 R=68 dirty=       28 runs=       17 filter=  7.100ms semisort=  0.014ms
[pe-async] round= 67 R=69 dirty=       44 runs=       11 filter=  7.123ms semisort=  0.018ms
[pe-async] round= 68 R=70 dirty=       22 runs=       11 filter=  7.287ms semisort=  0.013ms
[pe-async] round= 69 R=71 dirty=       62 runs=       23 filter=  7.154ms semisort=  0.020ms
[pe-async] round= 70 R=72 dirty=       28 runs=       17 filter=  7.332ms semisort=  0.014ms
[pe-async] round= 71 R=73 dirty=       44 runs=       11 filter=  7.301ms semisort=  0.018ms
[pe-async] round= 72 R=74 dirty=       22 runs=       11 filter=  7.038ms semisort=  0.013ms
[pe-async] round= 73 R=75 dirty=       62 runs=       23 filter=  7.026ms semisort=  0.023ms
[pe-async] round= 74 R=76 dirty=       28 runs=       17 filter=  7.123ms semisort=  0.015ms
[pe-async] round= 75 R=77 dirty=       44 runs=       11 filter=  6.994ms semisort=  0.018ms
[pe-async] round= 76 R=78 dirty=       22 runs=       11 filter=  7.271ms semisort=  0.014ms
[pe-async] round= 77 R=79 dirty=       62 runs=       23 filter=  7.103ms semisort=  0.021ms
[pe-async] round= 78 R=80 dirty=       28 runs=       17 filter=  6.981ms semisort=  0.014ms
[pe-async] round= 79 R=81 dirty=       44 runs=       11 filter=  6.989ms semisort=  0.019ms
[pe-async] round= 80 R=82 dirty=       22 runs=       11 filter=  7.063ms semisort=  0.013ms
[pe-async] round= 81 R=83 dirty=       62 runs=       23 filter=  6.984ms semisort=  0.025ms
[pe-async] round= 82 R=84 dirty=       28 runs=       17 filter=  7.079ms semisort=  0.013ms
[pe-async] round= 83 R=85 dirty=       44 runs=       11 filter=  7.072ms semisort=  0.018ms
[pe-async] round= 84 R=86 dirty=       22 runs=       11 filter=  7.096ms semisort=  0.014ms
[pe-async] round= 85 R=87 dirty=       62 runs=       23 filter=  7.234ms semisort=  0.020ms
[pe-async] round= 86 R=88 dirty=       28 runs=       17 filter=  7.087ms semisort=  0.014ms
[pe-async] round= 87 R=89 dirty=       44 runs=       11 filter=  7.264ms semisort=  0.018ms
[pe-async] round= 88 R=90 dirty=       22 runs=       11 filter=  7.050ms semisort=  0.014ms
[pe-async] round= 89 R=91 dirty=       62 runs=       23 filter=  7.117ms semisort=  0.020ms
[pe-async] round= 90 R=92 dirty=       28 runs=       17 filter=  7.067ms semisort=  0.014ms
[pe-async] round= 91 R=93 dirty=       44 runs=       11 filter=  7.183ms semisort=  0.018ms
[pe-async] round= 92 R=94 dirty=       22 runs=       11 filter=  7.149ms semisort=  0.014ms
[pe-async] round= 93 R=95 dirty=       62 runs=       23 filter=  7.154ms semisort=  0.021ms
[pe-async] round= 94 R=96 dirty=       28 runs=       17 filter=  7.078ms semisort=  0.014ms
[pe-async] round= 95 R=97 dirty=       44 runs=       11 filter=  6.977ms semisort=  0.020ms
[pe-async] round= 96 R=98 dirty=       22 runs=       11 filter=  7.052ms semisort=  0.014ms
[pe-async] round= 97 R=99 dirty=       62 runs=       23 filter=  7.043ms semisort=  0.018ms
[pe-async] round= 98 R=100 dirty=       28 runs=       17 filter=  7.045ms semisort=  0.014ms
[pe-async] round= 99 R=101 dirty=       44 runs=       11 filter=  7.130ms semisort=  0.019ms
[pe-async] round=100 R=102 dirty=       22 runs=       11 filter=  6.956ms semisort=  0.014ms
[pe-async] round=101 R=103 dirty=       62 runs=       23 filter=  7.083ms semisort=  0.020ms
[pe-async] round=102 R=104 dirty=       28 runs=       17 filter=  7.120ms semisort=  0.013ms
[pe-async] round=103 R=105 dirty=       44 runs=       11 filter=  6.890ms semisort=  0.017ms
[pe-async] round=104 R=106 dirty=       22 runs=       11 filter=  7.018ms semisort=  0.014ms
[pe-async] round=105 R=107 dirty=       62 runs=       23 filter=  7.111ms semisort=  0.022ms
[pe-async] round=106 R=108 dirty=       28 runs=       17 filter=  7.164ms semisort=  0.015ms
[pe-async] round=107 R=109 dirty=       44 runs=       11 filter=  7.033ms semisort=  0.022ms
[pe-async] round=108 R=110 dirty=       22 runs=       11 filter=  6.958ms semisort=  0.013ms
[pe-async] round=109 R=111 dirty=       62 runs=       23 filter=  7.055ms semisort=  0.021ms
[pe-async] round=110 R=112 dirty=       28 runs=       17 filter=  6.985ms semisort=  0.014ms
[pe-async] round=111 R=113 dirty=       44 runs=       11 filter=  6.914ms semisort=  0.020ms
[pe-async] round=112 R=114 dirty=       22 runs=       11 filter=  7.056ms semisort=  0.014ms
[pe-async] round=113 R=115 dirty=       62 runs=       23 filter=  6.995ms semisort=  0.021ms
[pe-async] round=114 R=116 dirty=       28 runs=       17 filter=  6.980ms semisort=  0.014ms
[pe-async] round=115 R=117 dirty=       44 runs=       11 filter=  7.107ms semisort=  0.020ms
[pe-async] round=116 R=118 dirty=       22 runs=       11 filter=  7.068ms semisort=  0.018ms
[pe-async] round=117 R=119 dirty=       62 runs=       23 filter=  7.160ms semisort=  0.021ms
[pe-async] round=118 R=120 dirty=       28 runs=       17 filter=  7.105ms semisort=  0.014ms
[pe-async] round=119 R=121 dirty=       44 runs=       11 filter=  7.025ms semisort=  0.018ms
[pe-async] round=120 R=122 dirty=       22 runs=       11 filter=  7.158ms semisort=  0.013ms
[pe-async] round=121 R=123 dirty=       62 runs=       23 filter=  7.094ms semisort=  0.021ms
[pe-async] round=122 R=124 dirty=       28 runs=       17 filter=  7.006ms semisort=  0.013ms
[pe-async] round=123 R=125 dirty=       44 runs=       11 filter=  7.072ms semisort=  0.020ms
[pe-async] round=124 R=126 dirty=       22 runs=       11 filter=  6.973ms semisort=  0.013ms
[pe-async] round=125 R=127 dirty=       62 runs=       23 filter=  6.983ms semisort=  0.021ms
[pe-async] round=126 R=128 dirty=       28 runs=       17 filter=  7.049ms semisort=  0.013ms
[pe-async] round=127 R=129 dirty=       44 runs=       11 filter=  7.067ms semisort=  0.017ms
[pe-async] round=128 R=130 dirty=       22 runs=       11 filter=  7.127ms semisort=  0.013ms
[pe-async] round=129 R=131 dirty=       62 runs=       23 filter=  6.996ms semisort=  0.020ms
[pe-async] round=130 R=132 dirty=       28 runs=       17 filter=  7.147ms semisort=  0.014ms
[pe-async] round=131 R=133 dirty=       44 runs=       11 filter=  6.964ms semisort=  0.023ms
[pe-async] round=132 R=134 dirty=       22 runs=       11 filter=  6.945ms semisort=  0.013ms
[pe-async] round=133 R=135 dirty=       62 runs=       23 filter=  7.070ms semisort=  0.021ms
[pe-async] round=134 R=136 dirty=       28 runs=       17 filter=  6.983ms semisort=  0.013ms
[pe-async] round=135 R=137 dirty=       44 runs=       11 filter=  6.882ms semisort=  0.018ms
[pe-async] round=136 R=138 dirty=       22 runs=       11 filter=  7.198ms semisort=  0.013ms
[pe-async] round=137 R=139 dirty=       62 runs=       23 filter=  7.131ms semisort=  0.019ms
[pe-async] round=138 R=140 dirty=       28 runs=       17 filter=  7.099ms semisort=  0.013ms
[pe-async] round=139 R=141 dirty=       44 runs=       11 filter=  7.029ms semisort=  0.020ms
[pe-async] round=140 R=142 dirty=       22 runs=       11 filter=  7.204ms semisort=  0.013ms
[pe-async] round=141 R=143 dirty=       62 runs=       23 filter=  6.996ms semisort=  0.020ms
[pe-async] round=142 R=144 dirty=       28 runs=       17 filter=  6.947ms semisort=  0.014ms
[pe-async] round=143 R=145 dirty=       44 runs=       11 filter=  7.085ms semisort=  0.019ms
[pe-async] round=144 R=146 dirty=       22 runs=       11 filter=  7.214ms semisort=  0.013ms
[pe-async] round=145 R=147 dirty=       62 runs=       23 filter=  7.201ms semisort=  0.020ms
[pe-async] round=146 R=148 dirty=       28 runs=       17 filter=  7.169ms semisort=  0.013ms
[pe-async] round=147 R=149 dirty=       44 runs=       11 filter=  7.019ms semisort=  0.015ms
[pe-async] round=148 R=150 dirty=       22 runs=       11 filter=  6.844ms semisort=  0.013ms
[pe-async] round=149 R=151 dirty=       62 runs=       23 filter=  7.075ms semisort=  0.020ms
[pe-async] round=150 R=152 dirty=       28 runs=       17 filter=  7.016ms semisort=  0.014ms
[pe-async] round=151 R=153 dirty=       44 runs=       11 filter=  6.983ms semisort=  0.019ms
[pe-async] round=152 R=154 dirty=       22 runs=       11 filter=  6.985ms semisort=  0.012ms
[pe-async] round=153 R=155 dirty=       62 runs=       23 filter=  6.972ms semisort=  0.017ms
[pe-async] round=154 R=156 dirty=       28 runs=       17 filter=  7.054ms semisort=  0.012ms
[pe-async] round=155 R=157 dirty=       44 runs=       11 filter=  6.897ms semisort=  0.019ms
[pe-async] round=156 R=158 dirty=       22 runs=       11 filter=  6.990ms semisort=  0.013ms
[pe-async] round=157 R=159 dirty=       62 runs=       23 filter=  7.055ms semisort=  0.020ms
[pe-async] round=158 R=160 dirty=       28 runs=       17 filter=  6.904ms semisort=  0.013ms
[pe-async] round=159 R=161 dirty=       44 runs=       11 filter=  6.977ms semisort=  0.019ms
[pe-async] round=160 R=162 dirty=       22 runs=       11 filter=  6.911ms semisort=  0.013ms
[pe-async] round=161 R=163 dirty=       62 runs=       23 filter=  7.052ms semisort=  0.020ms
[pe-async] round=162 R=164 dirty=       28 runs=       17 filter=  6.920ms semisort=  0.014ms
[pe-async] round=163 R=165 dirty=       44 runs=       11 filter=  6.978ms semisort=  0.020ms
[pe-async] round=164 R=166 dirty=       22 runs=       11 filter=  7.357ms semisort=  0.014ms
[pe-async] round=165 R=167 dirty=       62 runs=       23 filter=  7.233ms semisort=  0.020ms
[pe-async] round=166 R=168 dirty=       28 runs=       17 filter=  7.106ms semisort=  0.014ms
[pe-async] round=167 R=169 dirty=       44 runs=       11 filter=  7.100ms semisort=  0.019ms
[pe-async] round=168 R=170 dirty=       22 runs=       11 filter=  7.115ms semisort=  0.020ms
[pe-async] round=169 R=171 dirty=       62 runs=       23 filter=  6.974ms semisort=  0.018ms
[pe-async] round=170 R=172 dirty=       28 runs=       17 filter=  7.014ms semisort=  0.013ms
[pe-async] round=171 R=173 dirty=       44 runs=       11 filter=  6.978ms semisort=  0.020ms
[pe-async] round=172 R=174 dirty=       22 runs=       11 filter=  7.016ms semisort=  0.013ms
[pe-async] round=173 R=175 dirty=       62 runs=       23 filter=  6.941ms semisort=  0.017ms
[pe-async] round=174 R=176 dirty=       28 runs=       17 filter=  7.030ms semisort=  0.014ms
[pe-async] round=175 R=177 dirty=       44 runs=       11 filter=  7.182ms semisort=  0.020ms
[pe-async] round=176 R=178 dirty=       22 runs=       11 filter=  7.117ms semisort=  0.013ms
[pe-async] round=177 R=179 dirty=       62 runs=       23 filter=  7.185ms semisort=  0.024ms
[pe-async] round=178 R=180 dirty=       28 runs=       17 filter=  7.084ms semisort=  0.015ms
[pe-async] round=179 R=181 dirty=       44 runs=       11 filter=  7.225ms semisort=  0.019ms
[pe-async] round=180 R=182 dirty=       22 runs=       11 filter=  7.023ms semisort=  0.014ms
[pe-async] round=181 R=183 dirty=       62 runs=       23 filter=  7.045ms semisort=  0.020ms
[pe-async] round=182 R=184 dirty=       28 runs=       17 filter=  7.043ms semisort=  0.013ms
[pe-async] round=183 R=185 dirty=       44 runs=       11 filter=  6.998ms semisort=  0.018ms
[pe-async] round=184 R=186 dirty=       22 runs=       11 filter=  6.891ms semisort=  0.012ms
[pe-async] round=185 R=187 dirty=       62 runs=       23 filter=  7.071ms semisort=  0.020ms
[pe-async] round=186 R=188 dirty=       28 runs=       17 filter=  6.944ms semisort=  0.014ms
[pe-async] round=187 R=189 dirty=       44 runs=       11 filter=  7.108ms semisort=  0.022ms
[pe-async] round=188 R=190 dirty=       22 runs=       11 filter=  7.103ms semisort=  0.013ms
[pe-async] round=189 R=191 dirty=       62 runs=       23 filter=  7.050ms semisort=  0.021ms
[pe-async] round=190 R=192 dirty=       28 runs=       17 filter=  6.975ms semisort=  0.014ms
[pe-async] round=191 R=193 dirty=       44 runs=       11 filter=  7.139ms semisort=  0.022ms
[pe-async] round=192 R=194 dirty=       22 runs=       11 filter=  6.979ms semisort=  0.013ms
[pe-async] round=193 R=195 dirty=       62 runs=       23 filter=  7.186ms semisort=  0.020ms
[pe-async] round=194 R=196 dirty=       28 runs=       17 filter=  7.109ms semisort=  0.014ms
[pe-async] round=195 R=197 dirty=       44 runs=       11 filter=  6.988ms semisort=  0.020ms
[pe-async] round=196 R=198 dirty=       22 runs=       11 filter=  7.206ms semisort=  0.013ms
[pe-async] round=197 R=199 dirty=       62 runs=       23 filter=  6.971ms semisort=  0.022ms
[pe-async] round=198 R=200 dirty=       28 runs=       17 filter=  7.227ms semisort=  0.020ms
[pe-async] round=199 R=201 dirty=       44 runs=       11 filter=  7.074ms semisort=  0.018ms
[pe-async] round=200 R=202 dirty=       22 runs=       11 filter=  6.989ms semisort=  0.020ms
[pe-async] round=201 R=203 dirty=       62 runs=       23 filter=  6.853ms semisort=  0.021ms
[pe-async] round=202 R=204 dirty=       28 runs=       17 filter=  7.092ms semisort=  0.014ms
[pe-async] round=203 R=205 dirty=       44 runs=       11 filter=  6.976ms semisort=  0.015ms
[pe-async] round=204 R=206 dirty=       22 runs=       11 filter=  7.153ms semisort=  0.014ms
[pe-async] round=205 R=207 dirty=       62 runs=       23 filter=  7.105ms semisort=  0.021ms
[pe-async] round=206 R=208 dirty=       28 runs=       17 filter=  7.059ms semisort=  0.015ms
[pe-async] round=207 R=209 dirty=       44 runs=       11 filter=  6.841ms semisort=  0.019ms
[pe-async] round=208 R=210 dirty=       22 runs=       11 filter=  7.192ms semisort=  0.013ms
[pe-async] round=209 R=211 dirty=       70 runs=       31 filter=  6.979ms semisort=  0.021ms
[pe-async] round=210 R=212 dirty=       28 runs=       21 filter=  7.149ms semisort=  0.012ms
[pe-async] round=211 R=213 dirty=       28 runs=        7 filter=  7.021ms semisort=  0.012ms
[pe-async] round=212 R=214 dirty=       14 runs=        7 filter=  7.213ms semisort=  0.012ms
[pe-async] round=213 R=215 dirty=       46 runs=       19 filter=  6.991ms semisort=  0.020ms
[pe-async] round=214 R=216 dirty=       20 runs=       13 filter=  7.322ms semisort=  0.012ms
[pe-async] round=215 R=217 dirty=       28 runs=        7 filter=  7.009ms semisort=  0.011ms
[pe-async] round=216 R=218 dirty=       14 runs=        7 filter=  6.819ms semisort=  0.011ms
[pe-async] round=217 R=219 dirty=       46 runs=       19 filter=  7.034ms semisort=  0.020ms
[pe-async] round=218 R=220 dirty=       20 runs=       13 filter=  7.134ms semisort=  0.013ms
[pe-async] round=219 R=221 dirty=       28 runs=        7 filter=  7.169ms semisort=  0.012ms
[pe-async] round=220 R=222 dirty=       14 runs=        7 filter=  6.930ms semisort=  0.011ms
[pe-async] round=221 R=223 dirty=       46 runs=       19 filter=  6.992ms semisort=  0.020ms
[pe-async] round=222 R=224 dirty=       20 runs=       13 filter=  6.866ms semisort=  0.020ms
[pe-async] round=223 R=225 dirty=       28 runs=        7 filter=  7.008ms semisort=  0.013ms
[pe-async] round=224 R=226 dirty=       14 runs=        7 filter=  6.950ms semisort=  0.011ms
[pe-async] round=225 R=227 dirty=       46 runs=       19 filter=  7.095ms semisort=  0.017ms
[pe-async] round=226 R=228 dirty=       20 runs=       13 filter=  6.965ms semisort=  0.012ms
[pe-async] round=227 R=229 dirty=       28 runs=        7 filter=  6.984ms semisort=  0.012ms
[pe-async] round=228 R=230 dirty=       14 runs=        7 filter=  6.991ms semisort=  0.012ms
[pe-async] round=229 R=231 dirty=       46 runs=       19 filter=  6.983ms semisort=  0.018ms
[pe-async] round=230 R=232 dirty=       20 runs=       13 filter=  6.964ms semisort=  0.013ms
[pe-async] round=231 R=233 dirty=       28 runs=        7 filter=  7.064ms semisort=  0.012ms
[pe-async] round=232 R=234 dirty=       14 runs=        7 filter=  7.001ms semisort=  0.011ms
[pe-async] round=233 R=235 dirty=       46 runs=       19 filter=  6.885ms semisort=  0.017ms
[pe-async] round=234 R=236 dirty=       20 runs=       13 filter=  6.998ms semisort=  0.012ms
[pe-async] round=235 R=237 dirty=       28 runs=        7 filter=  7.048ms semisort=  0.012ms
[pe-async] round=236 R=238 dirty=       14 runs=        7 filter=  6.909ms semisort=  0.011ms
[pe-async] round=237 R=239 dirty=       46 runs=       19 filter=  6.846ms semisort=  0.020ms
[pe-async] round=238 R=240 dirty=       20 runs=       13 filter=  7.006ms semisort=  0.012ms
[pe-async] round=239 R=241 dirty=       28 runs=        7 filter=  6.921ms semisort=  0.012ms
[pe-async] round=240 R=242 dirty=       14 runs=        7 filter=  6.989ms semisort=  0.011ms
[pe-async] round=241 R=243 dirty=       46 runs=       19 filter=  6.905ms semisort=  0.019ms
[pe-async] round=242 R=244 dirty=       20 runs=       13 filter=  6.976ms semisort=  0.013ms
[pe-async] round=243 R=245 dirty=       28 runs=        7 filter=  6.762ms semisort=  0.013ms
[pe-async] round=244 R=246 dirty=       14 runs=        7 filter=  7.006ms semisort=  0.012ms
[pe-async] round=245 R=247 dirty=       46 runs=       19 filter=  7.151ms semisort=  0.020ms
[pe-async] round=246 R=248 dirty=       20 runs=       13 filter=  6.953ms semisort=  0.012ms
[pe-async] round=247 R=249 dirty=       28 runs=        7 filter=  7.002ms semisort=  0.013ms
[pe-async] round=248 R=250 dirty=       14 runs=        7 filter=  6.897ms semisort=  0.012ms
[pe-async] round=249 R=251 dirty=       46 runs=       19 filter=  7.172ms semisort=  0.018ms
[pe-async] round=250 R=252 dirty=       20 runs=       13 filter=  6.947ms semisort=  0.013ms
[pe-async] round=251 R=253 dirty=       28 runs=        7 filter=  6.963ms semisort=  0.013ms
[pe-async] round=252 R=254 dirty=       14 runs=        7 filter=  7.110ms semisort=  0.016ms
[pe-async] round=253 R=255 dirty=       46 runs=       19 filter=  7.000ms semisort=  0.018ms
[pe-async] round=254 R=256 dirty=       20 runs=       13 filter=  7.031ms semisort=  0.018ms
[pe-async] round=255 R=257 dirty=       28 runs=        7 filter=  7.031ms semisort=  0.012ms
[pe-async] round=256 R=258 dirty=       14 runs=        7 filter=  7.368ms semisort=  0.011ms
[pe-async] round=257 R=259 dirty=       46 runs=       19 filter=  6.945ms semisort=  0.017ms
[pe-async] round=258 R=260 dirty=       20 runs=       13 filter=  7.042ms semisort=  0.012ms
[pe-async] round=259 R=261 dirty=       28 runs=        7 filter=  6.830ms semisort=  0.012ms
[pe-async] round=260 R=262 dirty=       14 runs=        7 filter=  6.976ms semisort=  0.012ms
[pe-async] round=261 R=263 dirty=       46 runs=       19 filter=  6.977ms semisort=  0.020ms
[pe-async] round=262 R=264 dirty=       20 runs=       13 filter=  7.208ms semisort=  0.012ms
[pe-async] round=263 R=265 dirty=       28 runs=        7 filter=  7.016ms semisort=  0.012ms
[pe-async] round=264 R=266 dirty=       14 runs=        7 filter=  7.038ms semisort=  0.012ms
[pe-async] round=265 R=267 dirty=       46 runs=       19 filter=  6.917ms semisort=  0.019ms
[pe-async] round=266 R=268 dirty=       20 runs=       13 filter=  7.215ms semisort=  0.012ms
[pe-async] round=267 R=269 dirty=       28 runs=        7 filter=  7.091ms semisort=  0.011ms
[pe-async] round=268 R=270 dirty=       14 runs=        7 filter=  7.075ms semisort=  0.011ms
[pe-async] round=269 R=271 dirty=       46 runs=       19 filter=  6.870ms semisort=  0.020ms
[pe-async] round=270 R=272 dirty=       20 runs=       13 filter=  7.088ms semisort=  0.012ms
[pe-async] round=271 R=273 dirty=       28 runs=        7 filter=  7.046ms semisort=  0.012ms
[pe-async] round=272 R=274 dirty=       14 runs=        7 filter=  7.148ms semisort=  0.011ms
[pe-async] round=273 R=275 dirty=       46 runs=       19 filter=  7.029ms semisort=  0.019ms
[pe-async] round=274 R=276 dirty=       20 runs=       13 filter=  7.126ms semisort=  0.011ms
[pe-async] round=275 R=277 dirty=       28 runs=        7 filter=  6.956ms semisort=  0.012ms
[pe-async] round=276 R=278 dirty=       14 runs=        7 filter=  6.940ms semisort=  0.011ms
[pe-async] round=277 R=279 dirty=       46 runs=       19 filter=  7.178ms semisort=  0.015ms
[pe-async] round=278 R=280 dirty=       20 runs=       13 filter=  6.923ms semisort=  0.012ms
[pe-async] round=279 R=281 dirty=       28 runs=        7 filter=  7.084ms semisort=  0.012ms
[pe-async] round=280 R=282 dirty=       14 runs=        7 filter=  7.033ms semisort=  0.011ms
[pe-async] round=281 R=283 dirty=       46 runs=       19 filter=  7.053ms semisort=  0.018ms
[pe-async] round=282 R=284 dirty=       20 runs=       13 filter=  7.045ms semisort=  0.013ms
[pe-async] round=283 R=285 dirty=       28 runs=        7 filter=  7.088ms semisort=  0.013ms
[pe-async] round=284 R=286 dirty=       14 runs=        7 filter=  7.086ms semisort=  0.012ms
[pe-async] round=285 R=287 dirty=       46 runs=       19 filter=  7.051ms semisort=  0.019ms
[pe-async] round=286 R=288 dirty=       20 runs=       13 filter=  6.920ms semisort=  0.011ms
[pe-async] round=287 R=289 dirty=       28 runs=        7 filter=  6.875ms semisort=  0.012ms
[pe-async] round=288 R=290 dirty=       14 runs=        7 filter=  6.924ms semisort=  0.018ms
[pe-async] round=289 R=291 dirty=       46 runs=       19 filter=  7.097ms semisort=  0.020ms
[pe-async] round=290 R=292 dirty=       20 runs=       13 filter=  7.020ms semisort=  0.012ms
[pe-async] round=291 R=293 dirty=       28 runs=        7 filter=  7.134ms semisort=  0.012ms
[pe-async] round=292 R=294 dirty=       14 runs=        7 filter=  6.991ms semisort=  0.011ms
[pe-async] round=293 R=295 dirty=       46 runs=       19 filter=  6.992ms semisort=  0.019ms
[pe-async] round=294 R=296 dirty=       20 runs=       13 filter=  6.984ms semisort=  0.013ms
[pe-async] round=295 R=297 dirty=       28 runs=        7 filter=  7.058ms semisort=  0.022ms
[pe-async] round=296 R=298 dirty=       14 runs=        7 filter=  6.907ms semisort=  0.011ms
[pe-async] round=297 R=299 dirty=       46 runs=       19 filter=  6.970ms semisort=  0.019ms
[pe-async] round=298 R=300 dirty=       20 runs=       13 filter=  6.998ms semisort=  0.012ms
[pe-async] round=299 R=301 dirty=       28 runs=        7 filter=  7.156ms semisort=  0.013ms
[pe-async] round=300 R=302 dirty=       14 runs=        7 filter=  7.031ms semisort=  0.011ms
[pe-async] round=301 R=303 dirty=       46 runs=       19 filter=  7.011ms semisort=  0.019ms
[pe-async] round=302 R=304 dirty=       20 runs=       13 filter=  7.074ms semisort=  0.012ms
[pe-async] round=303 R=305 dirty=       28 runs=        7 filter=  7.064ms semisort=  0.011ms
[pe-async] round=304 R=306 dirty=       14 runs=        7 filter=  7.209ms semisort=  0.011ms
[pe-async] round=305 R=307 dirty=       46 runs=       19 filter=  7.108ms semisort=  0.020ms
[pe-async] round=306 R=308 dirty=       20 runs=       13 filter=  7.087ms semisort=  0.012ms
[pe-async] round=307 R=309 dirty=       28 runs=        7 filter=  6.871ms semisort=  0.012ms
[pe-async] round=308 R=310 dirty=       14 runs=        7 filter=  6.920ms semisort=  0.011ms
[pe-async] round=309 R=311 dirty=       46 runs=       19 filter=  7.082ms semisort=  0.018ms
[pe-async] round=310 R=312 dirty=       20 runs=       13 filter=  7.049ms semisort=  0.012ms
[pe-async] round=311 R=313 dirty=       28 runs=        7 filter=  6.907ms semisort=  0.012ms
[pe-async] round=312 R=314 dirty=       14 runs=        7 filter=  6.962ms semisort=  0.011ms
[pe-async] round=313 R=315 dirty=       46 runs=       19 filter=  6.974ms semisort=  0.018ms
[pe-async] round=314 R=316 dirty=       20 runs=       13 filter=  7.082ms semisort=  0.014ms
[pe-async] round=315 R=317 dirty=       28 runs=        7 filter=  6.964ms semisort=  0.012ms
[pe-async] round=316 R=318 dirty=       14 runs=        7 filter=  7.071ms semisort=  0.018ms
[pe-async] round=317 R=319 dirty=       46 runs=       19 filter=  7.069ms semisort=  0.018ms
[pe-async] round=318 R=320 dirty=       20 runs=       17 filter=  7.016ms semisort=  0.010ms
[pe-async] round=319 R=321 dirty=       12 runs=        3 filter=  6.935ms semisort=  0.009ms
[pe-async] round=320 R=322 dirty=        6 runs=        3 filter=  6.753ms semisort=  0.008ms
[pe-async] round=321 R=323 dirty=       30 runs=       15 filter=  6.982ms semisort=  0.011ms
[pe-async] round=322 R=324 dirty=       12 runs=        9 filter=  6.997ms semisort=  0.010ms
[pe-async] round=323 R=325 dirty=       12 runs=        3 filter=  6.985ms semisort=  0.009ms
[pe-async] round=324 R=326 dirty=        6 runs=        3 filter=  6.988ms semisort=  0.008ms
[pe-async] round=325 R=327 dirty=       30 runs=       15 filter=  6.984ms semisort=  0.012ms
[pe-async] round=326 R=328 dirty=       12 runs=        9 filter=  7.039ms semisort=  0.009ms
[pe-async] round=327 R=329 dirty=       12 runs=        3 filter=  7.019ms semisort=  0.009ms
[pe-async] round=328 R=330 dirty=        6 runs=        3 filter=  6.865ms semisort=  0.008ms
[pe-async] round=329 R=331 dirty=       30 runs=       15 filter=  6.803ms semisort=  0.011ms
[pe-async] round=330 R=332 dirty=       12 runs=        9 filter=  7.082ms semisort=  0.010ms
[pe-async] round=331 R=333 dirty=       12 runs=        3 filter=  7.033ms semisort=  0.009ms
[pe-async] round=332 R=334 dirty=        6 runs=        3 filter=  6.972ms semisort=  0.009ms
[pe-async] round=333 R=335 dirty=       30 runs=       15 filter=  6.997ms semisort=  0.010ms
[pe-async] round=334 R=336 dirty=       12 runs=        9 filter=  7.003ms semisort=  0.009ms
[pe-async] round=335 R=337 dirty=       12 runs=        3 filter=  7.039ms semisort=  0.009ms
[pe-async] round=336 R=338 dirty=        6 runs=        3 filter=  6.976ms semisort=  0.010ms
[pe-async] round=337 R=339 dirty=       30 runs=       15 filter=  6.881ms semisort=  0.012ms
[pe-async] round=338 R=340 dirty=       12 runs=        9 filter=  6.938ms semisort=  0.010ms
[pe-async] round=339 R=341 dirty=       12 runs=        3 filter=  6.924ms semisort=  0.009ms
[pe-async] round=340 R=342 dirty=        6 runs=        3 filter=  7.134ms semisort=  0.008ms
[pe-async] round=341 R=343 dirty=       30 runs=       15 filter=  6.932ms semisort=  0.011ms
[pe-async] round=342 R=344 dirty=       12 runs=        9 filter=  7.059ms semisort=  0.011ms
[pe-async] round=343 R=345 dirty=       12 runs=        3 filter=  6.907ms semisort=  0.008ms
[pe-async] round=344 R=346 dirty=        6 runs=        3 filter=  7.123ms semisort=  0.008ms
[pe-async] round=345 R=347 dirty=       30 runs=       15 filter=  7.056ms semisort=  0.011ms
[pe-async] round=346 R=348 dirty=       12 runs=        9 filter=  6.900ms semisort=  0.010ms
[pe-async] round=347 R=349 dirty=       12 runs=        3 filter=  6.988ms semisort=  0.010ms
[pe-async] round=348 R=350 dirty=        6 runs=        3 filter=  6.997ms semisort=  0.008ms
[pe-async] round=349 R=351 dirty=       30 runs=       15 filter=  6.986ms semisort=  0.011ms
[pe-async] round=350 R=352 dirty=       12 runs=        9 filter=  6.968ms semisort=  0.010ms
[pe-async] round=351 R=353 dirty=       12 runs=        3 filter=  7.003ms semisort=  0.010ms
[pe-async] round=352 R=354 dirty=        6 runs=        3 filter=  6.983ms semisort=  0.008ms
[pe-async] round=353 R=355 dirty=       30 runs=       15 filter=  6.983ms semisort=  0.012ms
[pe-async] round=354 R=356 dirty=       12 runs=        9 filter=  7.026ms semisort=  0.010ms
[pe-async] round=355 R=357 dirty=       12 runs=        3 filter=  6.847ms semisort=  0.008ms
[pe-async] round=356 R=358 dirty=        6 runs=        3 filter=  6.876ms semisort=  0.009ms
[pe-async] round=357 R=359 dirty=       30 runs=       15 filter=  7.043ms semisort=  0.012ms
[pe-async] round=358 R=360 dirty=       12 runs=        9 filter=  7.127ms semisort=  0.010ms
[pe-async] round=359 R=361 dirty=       12 runs=        3 filter=  7.051ms semisort=  0.009ms
[pe-async] round=360 R=362 dirty=        6 runs=        3 filter=  7.043ms semisort=  0.008ms
[pe-async] round=361 R=363 dirty=       30 runs=       15 filter=  7.145ms semisort=  0.012ms
[pe-async] round=362 R=364 dirty=       12 runs=        9 filter=  7.009ms semisort=  0.010ms
[pe-async] round=363 R=365 dirty=       12 runs=        3 filter=  7.082ms semisort=  0.009ms
[pe-async] round=364 R=366 dirty=        6 runs=        3 filter=  7.050ms semisort=  0.008ms
[pe-async] round=365 R=367 dirty=       30 runs=       15 filter=  7.269ms semisort=  0.011ms
[pe-async] round=366 R=368 dirty=       12 runs=        9 filter=  7.031ms semisort=  0.010ms
[pe-async] round=367 R=369 dirty=       12 runs=        3 filter=  7.169ms semisort=  0.009ms
[pe-async] round=368 R=370 dirty=        6 runs=        3 filter=  6.979ms semisort=  0.008ms
[pe-async] round=369 R=371 dirty=       30 runs=       15 filter=  6.982ms semisort=  0.011ms
[pe-async] round=370 R=372 dirty=       12 runs=        9 filter=  7.080ms semisort=  0.009ms
[pe-async] round=371 R=373 dirty=       12 runs=        3 filter=  6.988ms semisort=  0.009ms
[pe-async] round=372 R=374 dirty=        6 runs=        3 filter=  6.893ms semisort=  0.008ms
[pe-async] round=373 R=375 dirty=       30 runs=       15 filter=  6.938ms semisort=  0.011ms
[pe-async] round=374 R=376 dirty=       12 runs=        9 filter=  7.051ms semisort=  0.009ms
[pe-async] round=375 R=377 dirty=       12 runs=        3 filter=  7.107ms semisort=  0.010ms
[pe-async] round=376 R=378 dirty=        6 runs=        3 filter=  6.851ms semisort=  0.008ms
[pe-async] round=377 R=379 dirty=       30 runs=       15 filter=  6.879ms semisort=  0.012ms
[pe-async] round=378 R=380 dirty=       12 runs=        9 filter=  7.103ms semisort=  0.010ms
[pe-async] round=379 R=381 dirty=       12 runs=        3 filter=  7.111ms semisort=  0.010ms
[pe-async] round=380 R=382 dirty=        6 runs=        3 filter=  6.973ms semisort=  0.008ms
[pe-async] round=381 R=383 dirty=       30 runs=       15 filter=  6.959ms semisort=  0.012ms
[pe-async] round=382 R=384 dirty=       12 runs=        9 filter=  6.898ms semisort=  0.015ms
[pe-async] round=383 R=385 dirty=       12 runs=        3 filter=  6.945ms semisort=  0.010ms
[pe-async] round=384 R=386 dirty=        6 runs=        3 filter=  7.028ms semisort=  0.009ms
[pe-async] round=385 R=387 dirty=       30 runs=       15 filter=  6.943ms semisort=  0.012ms
[pe-async] round=386 R=388 dirty=       12 runs=        9 filter=  6.938ms semisort=  0.009ms
[pe-async] round=387 R=389 dirty=       12 runs=        3 filter=  6.980ms semisort=  0.009ms
[pe-async] round=388 R=390 dirty=        6 runs=        3 filter=  7.079ms semisort=  0.008ms
[pe-async] round=389 R=391 dirty=       30 runs=       15 filter=  6.936ms semisort=  0.013ms
[pe-async] round=390 R=392 dirty=       12 runs=        9 filter=  6.926ms semisort=  0.010ms
[pe-async] round=391 R=393 dirty=       12 runs=        3 filter=  7.316ms semisort=  0.009ms
[pe-async] round=392 R=394 dirty=        6 runs=        3 filter=  7.057ms semisort=  0.008ms
[pe-async] round=393 R=395 dirty=       30 runs=       15 filter=  6.990ms semisort=  0.011ms
[pe-async] round=394 R=396 dirty=       12 runs=        9 filter=  7.047ms semisort=  0.009ms
[pe-async] round=395 R=397 dirty=       12 runs=        3 filter=  7.103ms semisort=  0.015ms
[pe-async] round=396 R=398 dirty=        6 runs=        3 filter=  7.160ms semisort=  0.008ms
[pe-async] round=397 R=399 dirty=       30 runs=       15 filter=  7.032ms semisort=  0.013ms
[pe-async] round=398 R=400 dirty=       12 runs=        9 filter=  7.071ms semisort=  0.009ms
[pe-async] round=399 R=401 dirty=       12 runs=        3 filter=  7.054ms semisort=  0.009ms
[pe-async] round=400 R=402 dirty=        6 runs=        3 filter=  6.890ms semisort=  0.009ms
[pe-async] round=401 R=403 dirty=       30 runs=       15 filter=  7.014ms semisort=  0.011ms
[pe-async] round=402 R=404 dirty=       12 runs=        9 filter=  6.986ms semisort=  0.009ms
[pe-async] round=403 R=405 dirty=       12 runs=        3 filter=  7.178ms semisort=  0.010ms
[pe-async] round=404 R=406 dirty=        6 runs=        3 filter=  7.063ms semisort=  0.009ms
[pe-async] round=405 R=407 dirty=       30 runs=       15 filter=  6.919ms semisort=  0.012ms
[pe-async] round=406 R=408 dirty=       12 runs=        9 filter=  6.960ms semisort=  0.010ms
[pe-async] round=407 R=409 dirty=       12 runs=        3 filter=  6.996ms semisort=  0.009ms
[pe-async] round=408 R=410 dirty=        6 runs=        3 filter=  6.927ms semisort=  0.009ms
[pe-async] round=409 R=411 dirty=       30 runs=       15 filter=  6.773ms semisort=  0.010ms
[pe-async] round=410 R=412 dirty=       12 runs=        9 filter=  7.047ms semisort=  0.010ms
[pe-async] round=411 R=413 dirty=       12 runs=        3 filter=  6.941ms semisort=  0.010ms
[pe-async] round=412 R=414 dirty=        6 runs=        3 filter=  6.979ms semisort=  0.007ms
[pe-async] round=413 R=415 dirty=       30 runs=       15 filter=  6.903ms semisort=  0.011ms
[pe-async] round=414 R=416 dirty=       12 runs=        9 filter=  6.938ms semisort=  0.010ms
[pe-async] round=415 R=417 dirty=       12 runs=        3 filter=  6.835ms semisort=  0.009ms
[pe-async] round=416 R=418 dirty=        6 runs=        3 filter=  7.126ms semisort=  0.009ms
[pe-async] round=417 R=419 dirty=       30 runs=       15 filter=  7.347ms semisort=  0.011ms
[pe-async] round=418 R=420 dirty=       12 runs=        9 filter=  7.023ms semisort=  0.009ms
[pe-async] round=419 R=421 dirty=       12 runs=        3 filter=  6.799ms semisort=  0.008ms
[pe-async] round=420 R=422 dirty=        6 runs=        3 filter=  7.002ms semisort=  0.008ms
[pe-async] round=421 R=423 dirty=       30 runs=       15 filter=  7.111ms semisort=  0.011ms
[pe-async] round=422 R=424 dirty=       12 runs=        9 filter=  6.886ms semisort=  0.010ms
[pe-async] round=423 R=425 dirty=       12 runs=        3 filter=  7.020ms semisort=  0.009ms
[pe-async] round=424 R=426 dirty=        6 runs=        3 filter=  7.045ms semisort=  0.009ms
[pe-async] round=425 R=427 dirty=       30 runs=       15 filter=  6.972ms semisort=  0.013ms
[pe-async] round=426 R=428 dirty=       12 runs=        9 filter=  7.174ms semisort=  0.011ms
[pe-async] round=427 R=429 dirty=       12 runs=        3 filter=  7.107ms semisort=  0.009ms
[pe-async] round=428 R=430 dirty=        6 runs=        3 filter=  6.921ms semisort=  0.008ms
[pe-async] round=429 R=431 dirty=       31 runs=       21 filter=  7.004ms semisort=  0.010ms
[pe-async] round=430 R=432 dirty=        6 runs=        4 filter=  6.769ms semisort=  0.008ms
[pe-async] round=431 R=433 dirty=        0 filter=  6.893ms (clean break)
