[gates_bench] ./miter-cc-benchmarks/hwmcc12_with_not/6s104-xits-opt.gates ...
  literals=3893762  NOT=1312166  gates=5454645  total_classes=10660573  read=0.076s parse=0.088s build=0.231s
[pe] round=  0 work= 10460911 frontier=  5950187 next=    47386 consolidate= 71.495ms frontier= 11.121ms semisort= 28.710ms (keyed=15.228ms group_by=  0.621ms per_group= 5.574ms)
[pe] round=  1 work=    47386 frontier=   274132 next=    22307 consolidate=  1.259ms frontier=  0.420ms semisort=  2.696ms (keyed= 0.892ms group_by=  0.109ms per_group= 1.166ms)
[pe] round=  2 work=    22307 frontier=    94168 next=    11347 consolidate=  0.730ms frontier=  0.252ms semisort=  3.484ms (keyed= 0.148ms group_by=  2.757ms per_group= 0.245ms)
[pe] round=  3 work=    11347 frontier=    38990 next=     6320 consolidate=  0.515ms frontier=  0.196ms semisort=  1.223ms (keyed= 0.027ms group_by=  0.762ms per_group= 0.177ms)
[pe] round=  4 work=     6320 frontier=    18118 next=     3668 consolidate=  0.881ms frontier=  0.224ms semisort=  0.812ms (keyed= 0.027ms group_by=  0.439ms per_group= 0.138ms)
[pe] round=  5 work=     3668 frontier=    14200 next=     2998 consolidate=  0.608ms frontier=  0.157ms semisort=  0.691ms (keyed= 0.022ms group_by=  0.345ms per_group= 0.137ms)
[pe] round=  6 work=     2998 frontier=    14168 next=     2333 consolidate=  0.487ms frontier=  0.114ms semisort=  0.647ms (keyed= 0.031ms group_by=  0.293ms per_group= 0.155ms)
[pe] round=  7 work=     2333 frontier=    13358 next=     1381 consolidate=  0.453ms frontier=  0.097ms semisort=  0.627ms (keyed= 0.027ms group_by=  0.293ms per_group= 0.156ms)
[pe] round=  8 work=     1381 frontier=    14960 next=      914 consolidate=  0.294ms frontier=  0.088ms semisort=  0.614ms (keyed= 0.022ms group_by=  0.288ms per_group= 0.147ms)
[pe] round=  9 work=      914 frontier=     5537 next=      691 consolidate=  0.237ms frontier=  0.063ms semisort=  1.049ms (keyed= 0.017ms group_by=  0.802ms per_group= 0.120ms)
[pe] round= 10 work=      691 frontier=     9111 next=      460 consolidate=  0.224ms frontier=  0.044ms semisort=  1.079ms (keyed= 0.025ms group_by=  0.826ms per_group= 0.120ms)
[pe] round= 11 work=      460 frontier=     4999 next=      531 consolidate=  0.144ms frontier=  0.046ms semisort=  0.780ms (keyed= 0.022ms group_by=  0.551ms per_group= 0.094ms)
[pe] round= 12 work=      531 frontier=     4274 next=      372 consolidate=  0.156ms frontier=  0.064ms semisort=  0.698ms (keyed= 0.017ms group_by=  0.488ms per_group= 0.086ms)
[pe] round= 13 work=      372 frontier=     1790 next=      116 consolidate=  0.124ms frontier=  0.039ms semisort=  0.342ms (keyed= 0.008ms group_by=  0.221ms per_group= 0.046ms)
[pe] round= 14 work=      116 frontier=      268 next=       36 consolidate=  0.060ms frontier=  0.011ms semisort=  0.100ms (keyed= 0.002ms group_by=  0.034ms per_group= 0.029ms)
[pe] round= 15 work=       36 frontier=      116 next=       38 consolidate=  0.040ms frontier=  0.005ms semisort=  0.056ms (keyed= 0.001ms group_by=  0.009ms per_group= 0.023ms)
[pe] round= 16 work=       38 frontier=      182 next=       35 consolidate=  0.025ms frontier=  0.005ms semisort=  0.060ms (keyed= 0.001ms group_by=  0.018ms per_group= 0.019ms)
[pe] round= 17 work=       35 frontier=      122 next=       37 consolidate=  0.033ms frontier=  0.005ms semisort=  0.045ms (keyed= 0.001ms group_by=  0.010ms per_group= 0.022ms)
[pe] round= 18 work=       37 frontier=       80 next=       25 consolidate=  0.031ms frontier=  0.005ms semisort=  0.043ms (keyed= 0.001ms group_by=  0.008ms per_group= 0.018ms)
[pe] round= 19 work=       25 frontier=       76 next=       25 consolidate=  0.031ms frontier=  0.004ms semisort=  0.029ms (keyed= 0.000ms group_by=  0.005ms per_group= 0.014ms)
[pe] round= 20 work=       25 frontier=      138 next=       23 consolidate=  0.040ms frontier=  0.004ms semisort=  0.060ms (keyed= 0.001ms group_by=  0.015ms per_group= 0.022ms)
[pe] round= 21 work=       23 frontier=      102 next=       31 consolidate=  0.027ms frontier=  0.003ms semisort=  0.040ms (keyed= 0.001ms group_by=  0.007ms per_group= 0.020ms)
[pe] round= 22 work=       31 frontier=       76 next=       23 consolidate=  0.026ms frontier=  0.003ms semisort=  0.027ms (keyed= 0.000ms group_by=  0.005ms per_group= 0.013ms)
[pe] round= 23 work=       23 frontier=       68 next=       23 consolidate=  0.025ms frontier=  0.003ms semisort=  0.025ms (keyed= 0.000ms group_by=  0.005ms per_group= 0.014ms)
[pe] round= 24 work=       23 frontier=      134 next=       23 consolidate=  0.022ms frontier=  0.003ms semisort=  0.043ms (keyed= 0.001ms group_by=  0.007ms per_group= 0.019ms)
[pe] round= 25 work=       23 frontier=      102 next=       31 consolidate=  0.026ms frontier=  0.003ms semisort=  0.037ms (keyed= 0.000ms group_by=  0.006ms per_group= 0.019ms)
[pe] round= 26 work=       31 frontier=       76 next=       23 consolidate=  0.033ms frontier=  0.004ms semisort=  0.051ms (keyed= 0.000ms group_by=  0.005ms per_group= 0.038ms)
[pe] round= 27 work=       23 frontier=       68 next=       23 consolidate=  0.029ms frontier=  0.004ms semisort=  0.029ms (keyed= 0.000ms group_by=  0.004ms per_group= 0.017ms)
[pe] round= 28 work=       23 frontier=      134 next=       23 consolidate=  0.026ms frontier=  0.003ms semisort=  0.050ms (keyed= 0.001ms group_by=  0.011ms per_group= 0.017ms)
[pe] round= 29 work=       23 frontier=      102 next=       31 consolidate=  0.024ms frontier=  0.003ms semisort=  0.037ms (keyed= 0.000ms group_by=  0.006ms per_group= 0.019ms)
[pe] round= 30 work=       31 frontier=       76 next=       23 consolidate=  0.029ms frontier=  0.004ms semisort=  0.021ms (keyed= 0.000ms group_by=  0.005ms per_group= 0.010ms)
[pe] round= 31 work=       23 frontier=       68 next=       23 consolidate=  0.034ms frontier=  0.003ms semisort=  0.021ms (keyed= 0.001ms group_by=  0.003ms per_group= 0.012ms)
[pe] round= 32 work=       23 frontier=      134 next=       23 consolidate=  0.020ms frontier=  0.003ms semisort=  0.039ms (keyed= 0.001ms group_by=  0.007ms per_group= 0.017ms)
[pe] round= 33 work=       23 frontier=      102 next=       31 consolidate=  0.026ms frontier=  0.003ms semisort=  0.038ms (keyed= 0.000ms group_by=  0.006ms per_group= 0.021ms)
[pe] round= 34 work=       31 frontier=       76 next=       23 consolidate=  0.033ms frontier=  0.004ms semisort=  0.029ms (keyed= 0.000ms group_by=  0.005ms per_group= 0.016ms)
[pe] round= 35 work=       23 frontier=       68 next=       23 consolidate=  0.042ms frontier=  0.003ms semisort=  0.027ms (keyed= 0.000ms group_by=  0.004ms per_group= 0.015ms)
[pe] round= 36 work=       23 frontier=      134 next=       23 consolidate=  0.028ms frontier=  0.003ms semisort=  0.076ms (keyed= 0.001ms group_by=  0.009ms per_group= 0.042ms)
[pe] round= 37 work=       23 frontier=      102 next=       31 consolidate=  0.023ms frontier=  0.003ms semisort=  0.051ms (keyed= 0.001ms group_by=  0.009ms per_group= 0.024ms)
[pe] round= 38 work=       31 frontier=       76 next=       23 consolidate=  0.027ms frontier=  0.003ms semisort=  0.044ms (keyed= 0.001ms group_by=  0.014ms per_group= 0.019ms)
[pe] round= 39 work=       23 frontier=       68 next=       23 consolidate=  0.026ms frontier=  0.004ms semisort=  0.031ms (keyed= 0.001ms group_by=  0.005ms per_group= 0.012ms)
[pe] round= 40 work=       23 frontier=      134 next=       23 consolidate=  0.028ms frontier=  0.003ms semisort=  0.060ms (keyed= 0.001ms group_by=  0.011ms per_group= 0.017ms)
[pe] round= 41 work=       23 frontier=      102 next=       31 consolidate=  0.021ms frontier=  0.003ms semisort=  0.067ms (keyed= 0.001ms group_by=  0.009ms per_group= 0.039ms)
[pe] round= 42 work=       31 frontier=       76 next=       23 consolidate=  0.023ms frontier=  0.004ms semisort=  0.030ms (keyed= 0.001ms group_by=  0.007ms per_group= 0.012ms)
[pe] round= 43 work=       23 frontier=       68 next=       23 consolidate=  0.018ms frontier=  0.003ms semisort=  0.027ms (keyed= 0.000ms group_by=  0.003ms per_group= 0.017ms)
[pe] round= 44 work=       23 frontier=      134 next=       23 consolidate=  0.021ms frontier=  0.004ms semisort=  0.046ms (keyed= 0.001ms group_by=  0.009ms per_group= 0.019ms)
[pe] round= 45 work=       23 frontier=      102 next=       31 consolidate=  0.036ms frontier=  0.004ms semisort=  0.037ms (keyed= 0.001ms group_by=  0.007ms per_group= 0.017ms)
[pe] round= 46 work=       31 frontier=       76 next=       23 consolidate=  0.030ms frontier=  0.004ms semisort=  0.031ms (keyed= 0.001ms group_by=  0.006ms per_group= 0.015ms)
[pe] round= 47 work=       23 frontier=       68 next=       23 consolidate=  0.027ms frontier=  0.003ms semisort=  0.022ms (keyed= 0.000ms group_by=  0.004ms per_group= 0.012ms)
[pe] round= 48 work=       23 frontier=       22 next=       11 consolidate=  0.024ms frontier=  0.003ms semisort=  0.010ms (keyed= 0.000ms group_by=  0.001ms per_group= 0.005ms)
[pe] round= 49 work=       11 frontier=       62 next=       11 consolidate=  0.029ms frontier=  0.003ms semisort=  0.025ms (keyed= 0.000ms group_by=  0.003ms per_group= 0.014ms)
[pe] round= 50 work=       11 frontier=       28 next=       11 consolidate=  0.025ms frontier=  0.002ms semisort=  0.012ms (keyed= 0.000ms group_by=  0.002ms per_group= 0.005ms)
[pe] round= 51 work=       11 frontier=       44 next=       11 consolidate=  0.020ms frontier=  0.002ms semisort=  0.013ms (keyed= 0.000ms group_by=  0.003ms per_group= 0.005ms)
[pe] round= 52 work=       11 frontier=       22 next=       11 consolidate=  0.016ms frontier=  0.002ms semisort=  0.019ms (keyed= 0.000ms group_by=  0.009ms per_group= 0.006ms)
[pe] round= 53 work=       11 frontier=       62 next=       11 consolidate=  0.023ms frontier=  0.002ms semisort=  0.029ms (keyed= 0.000ms group_by=  0.004ms per_group= 0.016ms)
[pe] round= 54 work=       11 frontier=       28 next=       11 consolidate=  0.023ms frontier=  0.002ms semisort=  0.011ms (keyed= 0.000ms group_by=  0.002ms per_group= 0.005ms)
[pe] round= 55 work=       11 frontier=       44 next=       11 consolidate=  0.016ms frontier=  0.002ms semisort=  0.013ms (keyed= 0.000ms group_by=  0.002ms per_group= 0.005ms)
[pe] round= 56 work=       11 frontier=       22 next=       11 consolidate=  0.015ms frontier=  0.002ms semisort=  0.009ms (keyed= 0.000ms group_by=  0.001ms per_group= 0.005ms)
[pe] round= 57 work=       11 frontier=       62 next=       11 consolidate=  0.018ms frontier=  0.002ms semisort=  0.027ms (keyed= 0.000ms group_by=  0.003ms per_group= 0.015ms)
[pe] round= 58 work=       11 frontier=       28 next=       11 consolidate=  0.021ms frontier=  0.002ms semisort=  0.014ms (keyed= 0.000ms group_by=  0.002ms per_group= 0.007ms)
[pe] round= 59 work=       11 frontier=       44 next=       11 consolidate=  0.019ms frontier=  0.002ms semisort=  0.013ms (keyed= 0.000ms group_by=  0.003ms per_group= 0.005ms)
[pe] round= 60 work=       11 frontier=       22 next=       11 consolidate=  0.014ms frontier=  0.002ms semisort=  0.010ms (keyed= 0.000ms group_by=  0.002ms per_group= 0.005ms)
[pe] round= 61 work=       11 frontier=       62 next=       11 consolidate=  0.014ms frontier=  0.002ms semisort=  0.025ms (keyed= 0.000ms group_by=  0.003ms per_group= 0.014ms)
[pe] round= 62 work=       11 frontier=       28 next=       11 consolidate=  0.013ms frontier=  0.002ms semisort=  0.009ms (keyed= 0.000ms group_by=  0.001ms per_group= 0.004ms)
[pe] round= 63 work=       11 frontier=       44 next=       11 consolidate=  0.024ms frontier=  0.002ms semisort=  0.013ms (keyed= 0.000ms group_by=  0.003ms per_group= 0.006ms)
[pe] round= 64 work=       11 frontier=       22 next=       11 consolidate=  0.017ms frontier=  0.002ms semisort=  0.010ms (keyed= 0.000ms group_by=  0.001ms per_group= 0.005ms)
[pe] round= 65 work=       11 frontier=       62 next=       11 consolidate=  0.026ms frontier=  0.002ms semisort=  0.020ms (keyed= 0.000ms group_by=  0.003ms per_group= 0.009ms)
[pe] round= 66 work=       11 frontier=       28 next=       11 consolidate=  0.019ms frontier=  0.002ms semisort=  0.011ms (keyed= 0.000ms group_by=  0.002ms per_group= 0.005ms)
[pe] round= 67 work=       11 frontier=       44 next=       11 consolidate=  0.027ms frontier=  0.002ms semisort=  0.013ms (keyed= 0.000ms group_by=  0.003ms per_group= 0.005ms)
[pe] round= 68 work=       11 frontier=       22 next=       11 consolidate=  0.014ms frontier=  0.002ms semisort=  0.007ms (keyed= 0.000ms group_by=  0.001ms per_group= 0.004ms)
[pe] round= 69 work=       11 frontier=       62 next=       11 consolidate=  0.017ms frontier=  0.002ms semisort=  0.013ms (keyed= 0.000ms group_by=  0.002ms per_group= 0.005ms)
[pe] round= 70 work=       11 frontier=       28 next=       11 consolidate=  0.015ms frontier=  0.002ms semisort=  0.011ms (keyed= 0.000ms group_by=  0.002ms per_group= 0.005ms)
[pe] round= 71 work=       11 frontier=       44 next=       11 consolidate=  0.030ms frontier=  0.002ms semisort=  0.012ms (keyed= 0.000ms group_by=  0.002ms per_group= 0.005ms)
[pe] round= 72 work=       11 frontier=       22 next=       11 consolidate=  0.015ms frontier=  0.002ms semisort=  0.009ms (keyed= 0.000ms group_by=  0.001ms per_group= 0.005ms)
[pe] round= 73 work=       11 frontier=       62 next=       11 consolidate=  0.018ms frontier=  0.002ms semisort=  0.040ms (keyed= 0.000ms group_by=  0.003ms per_group= 0.011ms)
[pe] round= 74 work=       11 frontier=       28 next=       11 consolidate=  0.018ms frontier=  0.002ms semisort=  0.011ms (keyed= 0.000ms group_by=  0.002ms per_group= 0.005ms)
[pe] round= 75 work=       11 frontier=       44 next=       11 consolidate=  0.013ms frontier=  0.002ms semisort=  0.010ms (keyed= 0.000ms group_by=  0.002ms per_group= 0.004ms)
[pe] round= 76 work=       11 frontier=       22 next=       11 consolidate=  0.017ms frontier=  0.002ms semisort=  0.010ms (keyed= 0.000ms group_by=  0.001ms per_group= 0.006ms)
[pe] round= 77 work=       11 frontier=       62 next=       11 consolidate=  0.016ms frontier=  0.003ms semisort=  0.031ms (keyed= 0.000ms group_by=  0.003ms per_group= 0.020ms)
[pe] round= 78 work=       11 frontier=       28 next=       11 consolidate=  0.013ms frontier=  0.002ms semisort=  0.011ms (keyed= 0.000ms group_by=  0.002ms per_group= 0.005ms)
[pe] round= 79 work=       11 frontier=       44 next=       11 consolidate=  0.028ms frontier=  0.002ms semisort=  0.013ms (keyed= 0.000ms group_by=  0.002ms per_group= 0.005ms)
[pe] round= 80 work=       11 frontier=       22 next=       11 consolidate=  0.023ms frontier=  0.002ms semisort=  0.010ms (keyed= 0.000ms group_by=  0.001ms per_group= 0.005ms)
[pe] round= 81 work=       11 frontier=       62 next=       11 consolidate=  0.019ms frontier=  0.002ms semisort=  0.022ms (keyed= 0.000ms group_by=  0.003ms per_group= 0.011ms)
[pe] round= 82 work=       11 frontier=       28 next=       11 consolidate=  0.023ms frontier=  0.002ms semisort=  0.019ms (keyed= 0.000ms group_by=  0.002ms per_group= 0.012ms)
[pe] round= 83 work=       11 frontier=       44 next=       11 consolidate=  0.022ms frontier=  0.002ms semisort=  0.009ms (keyed= 0.000ms group_by=  0.002ms per_group= 0.004ms)
[pe] round= 84 work=       11 frontier=       22 next=       11 consolidate=  0.011ms frontier=  0.002ms semisort=  0.007ms (keyed= 0.000ms group_by=  0.001ms per_group= 0.004ms)
[pe] round= 85 work=       11 frontier=       62 next=       11 consolidate=  0.019ms frontier=  0.002ms semisort=  0.017ms (keyed= 0.000ms group_by=  0.003ms per_group= 0.007ms)
[pe] round= 86 work=       11 frontier=       28 next=       11 consolidate=  0.012ms frontier=  0.002ms semisort=  0.012ms (keyed= 0.000ms group_by=  0.002ms per_group= 0.005ms)
[pe] round= 87 work=       11 frontier=       44 next=       11 consolidate=  0.017ms frontier=  0.002ms semisort=  0.012ms (keyed= 0.000ms group_by=  0.002ms per_group= 0.005ms)
[pe] round= 88 work=       11 frontier=       22 next=       11 consolidate=  0.012ms frontier=  0.002ms semisort=  0.018ms (keyed= 0.000ms group_by=  0.002ms per_group= 0.011ms)
[pe] round= 89 work=       11 frontier=       62 next=       11 consolidate=  0.019ms frontier=  0.002ms semisort=  0.017ms (keyed= 0.000ms group_by=  0.002ms per_group= 0.008ms)
[pe] round= 90 work=       11 frontier=       28 next=       11 consolidate=  0.026ms frontier=  0.002ms semisort=  0.008ms (keyed= 0.000ms group_by=  0.001ms per_group= 0.004ms)
[pe] round= 91 work=       11 frontier=       44 next=       11 consolidate=  0.017ms frontier=  0.002ms semisort=  0.012ms (keyed= 0.000ms group_by=  0.002ms per_group= 0.005ms)
[pe] round= 92 work=       11 frontier=       22 next=       11 consolidate=  0.015ms frontier=  0.002ms semisort=  0.010ms (keyed= 0.000ms group_by=  0.001ms per_group= 0.005ms)
[pe] round= 93 work=       11 frontier=       62 next=       11 consolidate=  0.026ms frontier=  0.002ms semisort=  0.023ms (keyed= 0.000ms group_by=  0.003ms per_group= 0.012ms)
[pe] round= 94 work=       11 frontier=       28 next=       11 consolidate=  0.013ms frontier=  0.002ms semisort=  0.013ms (keyed= 0.000ms group_by=  0.002ms per_group= 0.006ms)
[pe] round= 95 work=       11 frontier=       44 next=       11 consolidate=  0.028ms frontier=  0.002ms semisort=  0.011ms (keyed= 0.000ms group_by=  0.002ms per_group= 0.004ms)
[pe] round= 96 work=       11 frontier=       22 next=       11 consolidate=  0.018ms frontier=  0.002ms semisort=  0.007ms (keyed= 0.000ms group_by=  0.001ms per_group= 0.004ms)
[pe] round= 97 work=       11 frontier=       62 next=       11 consolidate=  0.016ms frontier=  0.002ms semisort=  0.024ms (keyed= 0.000ms group_by=  0.003ms per_group= 0.012ms)
[pe] round= 98 work=       11 frontier=       28 next=       11 consolidate=  0.020ms frontier=  0.002ms semisort=  0.020ms (keyed= 0.000ms group_by=  0.002ms per_group= 0.013ms)
[pe] round= 99 work=       11 frontier=       44 next=       11 consolidate=  0.018ms frontier=  0.002ms semisort=  0.012ms (keyed= 0.000ms group_by=  0.002ms per_group= 0.005ms)
[pe] round=100 work=       11 frontier=       22 next=       11 consolidate=  0.015ms frontier=  0.002ms semisort=  0.016ms (keyed= 0.000ms group_by=  0.001ms per_group= 0.005ms)
[pe] round=101 work=       11 frontier=       62 next=       11 consolidate=  0.030ms frontier=  0.002ms semisort=  0.017ms (keyed= 0.000ms group_by=  0.003ms per_group= 0.007ms)
[pe] round=102 work=       11 frontier=       28 next=       11 consolidate=  0.015ms frontier=  0.002ms semisort=  0.011ms (keyed= 0.000ms group_by=  0.002ms per_group= 0.005ms)
[pe] round=103 work=       11 frontier=       44 next=       11 consolidate=  0.013ms frontier=  0.002ms semisort=  0.012ms (keyed= 0.000ms group_by=  0.002ms per_group= 0.005ms)
[pe] round=104 work=       11 frontier=       22 next=       11 consolidate=  0.018ms frontier=  0.002ms semisort=  0.009ms (keyed= 0.000ms group_by=  0.001ms per_group= 0.005ms)
[pe] round=105 work=       11 frontier=       62 next=       11 consolidate=  0.019ms frontier=  0.002ms semisort=  0.026ms (keyed= 0.000ms group_by=  0.003ms per_group= 0.014ms)
[pe] round=106 work=       11 frontier=       28 next=       11 consolidate=  0.017ms frontier=  0.002ms semisort=  0.012ms (keyed= 0.000ms group_by=  0.002ms per_group= 0.005ms)
[pe] round=107 work=       11 frontier=       44 next=       11 consolidate=  0.029ms frontier=  0.002ms semisort=  0.013ms (keyed= 0.000ms group_by=  0.003ms per_group= 0.005ms)
[pe] round=108 work=       11 frontier=       22 next=       11 consolidate=  0.020ms frontier=  0.002ms semisort=  0.010ms (keyed= 0.000ms group_by=  0.001ms per_group= 0.005ms)
[pe] round=109 work=       11 frontier=       62 next=       11 consolidate=  0.019ms frontier=  0.002ms semisort=  0.024ms (keyed= 0.000ms group_by=  0.003ms per_group= 0.013ms)
[pe] round=110 work=       11 frontier=       28 next=       11 consolidate=  0.021ms frontier=  0.002ms semisort=  0.011ms (keyed= 0.000ms group_by=  0.002ms per_group= 0.005ms)
[pe] round=111 work=       11 frontier=       44 next=       11 consolidate=  0.016ms frontier=  0.002ms semisort=  0.013ms (keyed= 0.000ms group_by=  0.003ms per_group= 0.005ms)
[pe] round=112 work=       11 frontier=       22 next=       11 consolidate=  0.028ms frontier=  0.002ms semisort=  0.010ms (keyed= 0.000ms group_by=  0.001ms per_group= 0.005ms)
[pe] round=113 work=       11 frontier=       62 next=       11 consolidate=  0.023ms frontier=  0.002ms semisort=  0.017ms (keyed= 0.000ms group_by=  0.003ms per_group= 0.007ms)
[pe] round=114 work=       11 frontier=       28 next=       11 consolidate=  0.014ms frontier=  0.003ms semisort=  0.008ms (keyed= 0.000ms group_by=  0.001ms per_group= 0.003ms)
[pe] round=115 work=       11 frontier=       44 next=       11 consolidate=  0.011ms frontier=  0.002ms semisort=  0.009ms (keyed= 0.000ms group_by=  0.001ms per_group= 0.004ms)
[pe] round=116 work=       11 frontier=       22 next=       11 consolidate=  0.015ms frontier=  0.002ms semisort=  0.028ms (keyed= 0.000ms group_by=  0.001ms per_group= 0.022ms)
[pe] round=117 work=       11 frontier=       62 next=       11 consolidate=  0.019ms frontier=  0.002ms semisort=  0.017ms (keyed= 0.000ms group_by=  0.003ms per_group= 0.006ms)
[pe] round=118 work=       11 frontier=       28 next=       11 consolidate=  0.018ms frontier=  0.002ms semisort=  0.018ms (keyed= 0.000ms group_by=  0.002ms per_group= 0.011ms)
[pe] round=119 work=       11 frontier=       44 next=       11 consolidate=  0.020ms frontier=  0.002ms semisort=  0.012ms (keyed= 0.000ms group_by=  0.002ms per_group= 0.005ms)
[pe] round=120 work=       11 frontier=       22 next=       11 consolidate=  0.013ms frontier=  0.002ms semisort=  0.009ms (keyed= 0.000ms group_by=  0.001ms per_group= 0.005ms)
[pe] round=121 work=       11 frontier=       62 next=       11 consolidate=  0.015ms frontier=  0.002ms semisort=  0.013ms (keyed= 0.000ms group_by=  0.002ms per_group= 0.005ms)
[pe] round=122 work=       11 frontier=       28 next=       11 consolidate=  0.011ms frontier=  0.002ms semisort=  0.008ms (keyed= 0.000ms group_by=  0.001ms per_group= 0.004ms)
[pe] round=123 work=       11 frontier=       44 next=       11 consolidate=  0.018ms frontier=  0.002ms semisort=  0.012ms (keyed= 0.000ms group_by=  0.002ms per_group= 0.005ms)
[pe] round=124 work=       11 frontier=       22 next=       11 consolidate=  0.025ms frontier=  0.002ms semisort=  0.010ms (keyed= 0.000ms group_by=  0.001ms per_group= 0.005ms)
[pe] round=125 work=       11 frontier=       62 next=       11 consolidate=  0.015ms frontier=  0.002ms semisort=  0.022ms (keyed= 0.000ms group_by=  0.003ms per_group= 0.011ms)
[pe] round=126 work=       11 frontier=       28 next=       11 consolidate=  0.014ms frontier=  0.002ms semisort=  0.011ms (keyed= 0.000ms group_by=  0.001ms per_group= 0.005ms)
[pe] round=127 work=       11 frontier=       44 next=       11 consolidate=  0.015ms frontier=  0.002ms semisort=  0.013ms (keyed= 0.000ms group_by=  0.002ms per_group= 0.005ms)
[pe] round=128 work=       11 frontier=       22 next=       11 consolidate=  0.014ms frontier=  0.002ms semisort=  0.007ms (keyed= 0.000ms group_by=  0.001ms per_group= 0.004ms)
[pe] round=129 work=       11 frontier=       62 next=       11 consolidate=  0.014ms frontier=  0.002ms semisort=  0.013ms (keyed= 0.000ms group_by=  0.002ms per_group= 0.005ms)
[pe] round=130 work=       11 frontier=       28 next=       11 consolidate=  0.031ms frontier=  0.002ms semisort=  0.016ms (keyed= 0.000ms group_by=  0.002ms per_group= 0.009ms)
[pe] round=131 work=       11 frontier=       44 next=       11 consolidate=  0.023ms frontier=  0.002ms semisort=  0.012ms (keyed= 0.000ms group_by=  0.002ms per_group= 0.005ms)
[pe] round=132 work=       11 frontier=       22 next=       11 consolidate=  0.017ms frontier=  0.002ms semisort=  0.010ms (keyed= 0.000ms group_by=  0.001ms per_group= 0.005ms)
[pe] round=133 work=       11 frontier=       62 next=       11 consolidate=  0.024ms frontier=  0.002ms semisort=  0.017ms (keyed= 0.000ms group_by=  0.003ms per_group= 0.006ms)
[pe] round=134 work=       11 frontier=       28 next=       11 consolidate=  0.029ms frontier=  0.002ms semisort=  0.009ms (keyed= 0.000ms group_by=  0.002ms per_group= 0.003ms)
[pe] round=135 work=       11 frontier=       44 next=       11 consolidate=  0.016ms frontier=  0.002ms semisort=  0.009ms (keyed= 0.000ms group_by=  0.001ms per_group= 0.004ms)
[pe] round=136 work=       11 frontier=       22 next=       11 consolidate=  0.018ms frontier=  0.002ms semisort=  0.010ms (keyed= 0.000ms group_by=  0.002ms per_group= 0.005ms)
[pe] round=137 work=       11 frontier=       62 next=       11 consolidate=  0.014ms frontier=  0.002ms semisort=  0.018ms (keyed= 0.000ms group_by=  0.003ms per_group= 0.007ms)
[pe] round=138 work=       11 frontier=       28 next=       11 consolidate=  0.030ms frontier=  0.002ms semisort=  0.020ms (keyed= 0.000ms group_by=  0.002ms per_group= 0.005ms)
[pe] round=139 work=       11 frontier=       44 next=       11 consolidate=  0.019ms frontier=  0.002ms semisort=  0.012ms (keyed= 0.000ms group_by=  0.002ms per_group= 0.005ms)
[pe] round=140 work=       11 frontier=       22 next=       11 consolidate=  0.025ms frontier=  0.002ms semisort=  0.010ms (keyed= 0.000ms group_by=  0.001ms per_group= 0.005ms)
[pe] round=141 work=       11 frontier=       62 next=       11 consolidate=  0.012ms frontier=  0.002ms semisort=  0.031ms (keyed= 0.000ms group_by=  0.003ms per_group= 0.020ms)
[pe] round=142 work=       11 frontier=       28 next=       11 consolidate=  0.022ms frontier=  0.002ms semisort=  0.015ms (keyed= 0.000ms group_by=  0.002ms per_group= 0.009ms)
[pe] round=143 work=       11 frontier=       44 next=       11 consolidate=  0.027ms frontier=  0.002ms semisort=  0.013ms (keyed= 0.000ms group_by=  0.003ms per_group= 0.006ms)
[pe] round=144 work=       11 frontier=       22 next=       11 consolidate=  0.013ms frontier=  0.002ms semisort=  0.009ms (keyed= 0.000ms group_by=  0.001ms per_group= 0.005ms)
[pe] round=145 work=       11 frontier=       62 next=       11 consolidate=  0.019ms frontier=  0.002ms semisort=  0.013ms (keyed= 0.000ms group_by=  0.002ms per_group= 0.005ms)
[pe] round=146 work=       11 frontier=       28 next=       11 consolidate=  0.011ms frontier=  0.002ms semisort=  0.008ms (keyed= 0.000ms group_by=  0.001ms per_group= 0.003ms)
[pe] round=147 work=       11 frontier=       44 next=       11 consolidate=  0.019ms frontier=  0.002ms semisort=  0.012ms (keyed= 0.000ms group_by=  0.002ms per_group= 0.005ms)
[pe] round=148 work=       11 frontier=       22 next=       11 consolidate=  0.015ms frontier=  0.002ms semisort=  0.010ms (keyed= 0.000ms group_by=  0.001ms per_group= 0.005ms)
[pe] round=149 work=       11 frontier=       62 next=       11 consolidate=  0.012ms frontier=  0.002ms semisort=  0.023ms (keyed= 0.000ms group_by=  0.003ms per_group= 0.012ms)
[pe] round=150 work=       11 frontier=       28 next=       11 consolidate=  0.014ms frontier=  0.002ms semisort=  0.016ms (keyed= 0.000ms group_by=  0.001ms per_group= 0.009ms)
[pe] round=151 work=       11 frontier=       44 next=       11 consolidate=  0.018ms frontier=  0.002ms semisort=  0.012ms (keyed= 0.000ms group_by=  0.002ms per_group= 0.005ms)
[pe] round=152 work=       11 frontier=       22 next=       11 consolidate=  0.018ms frontier=  0.002ms semisort=  0.010ms (keyed= 0.000ms group_by=  0.001ms per_group= 0.005ms)
[pe] round=153 work=       11 frontier=       62 next=       11 consolidate=  0.018ms frontier=  0.002ms semisort=  0.018ms (keyed= 0.000ms group_by=  0.003ms per_group= 0.007ms)
[pe] round=154 work=       11 frontier=       28 next=       11 consolidate=  0.011ms frontier=  0.002ms semisort=  0.011ms (keyed= 0.000ms group_by=  0.002ms per_group= 0.005ms)
[pe] round=155 work=       11 frontier=       44 next=       11 consolidate=  0.018ms frontier=  0.002ms semisort=  0.008ms (keyed= 0.000ms group_by=  0.001ms per_group= 0.004ms)
[pe] round=156 work=       11 frontier=       22 next=       11 consolidate=  0.021ms frontier=  0.002ms semisort=  0.007ms (keyed= 0.000ms group_by=  0.001ms per_group= 0.004ms)
[pe] round=157 work=       11 frontier=       62 next=       11 consolidate=  0.019ms frontier=  0.003ms semisort=  0.017ms (keyed= 0.000ms group_by=  0.003ms per_group= 0.007ms)
[pe] round=158 work=       11 frontier=       28 next=       11 consolidate=  0.015ms frontier=  0.002ms semisort=  0.018ms (keyed= 0.000ms group_by=  0.002ms per_group= 0.011ms)
[pe] round=159 work=       11 frontier=       44 next=       11 consolidate=  0.024ms frontier=  0.002ms semisort=  0.013ms (keyed= 0.000ms group_by=  0.002ms per_group= 0.006ms)
[pe] round=160 work=       11 frontier=       22 next=       11 consolidate=  0.014ms frontier=  0.003ms semisort=  0.009ms (keyed= 0.000ms group_by=  0.001ms per_group= 0.005ms)
[pe] round=161 work=       11 frontier=       62 next=       11 consolidate=  0.020ms frontier=  0.002ms semisort=  0.023ms (keyed= 0.000ms group_by=  0.003ms per_group= 0.011ms)
[pe] round=162 work=       11 frontier=       28 next=       11 consolidate=  0.018ms frontier=  0.002ms semisort=  0.011ms (keyed= 0.000ms group_by=  0.002ms per_group= 0.005ms)
[pe] round=163 work=       11 frontier=       44 next=       11 consolidate=  0.030ms frontier=  0.002ms semisort=  0.012ms (keyed= 0.000ms group_by=  0.002ms per_group= 0.005ms)
[pe] round=164 work=       11 frontier=       22 next=       11 consolidate=  0.025ms frontier=  0.002ms semisort=  0.007ms (keyed= 0.000ms group_by=  0.001ms per_group= 0.004ms)
[pe] round=165 work=       11 frontier=       62 next=       11 consolidate=  0.021ms frontier=  0.002ms semisort=  0.012ms (keyed= 0.000ms group_by=  0.002ms per_group= 0.005ms)
[pe] round=166 work=       11 frontier=       28 next=       11 consolidate=  0.011ms frontier=  0.002ms semisort=  0.011ms (keyed= 0.000ms group_by=  0.002ms per_group= 0.005ms)
[pe] round=167 work=       11 frontier=       44 next=       11 consolidate=  0.014ms frontier=  0.002ms semisort=  0.012ms (keyed= 0.000ms group_by=  0.002ms per_group= 0.005ms)
[pe] round=168 work=       11 frontier=       22 next=       11 consolidate=  0.012ms frontier=  0.002ms semisort=  0.009ms (keyed= 0.000ms group_by=  0.001ms per_group= 0.005ms)
[pe] round=169 work=       11 frontier=       62 next=       11 consolidate=  0.016ms frontier=  0.002ms semisort=  0.022ms (keyed= 0.000ms group_by=  0.003ms per_group= 0.010ms)
[pe] round=170 work=       11 frontier=       28 next=       11 consolidate=  0.021ms frontier=  0.002ms semisort=  0.014ms (keyed= 0.000ms group_by=  0.002ms per_group= 0.008ms)
[pe] round=171 work=       11 frontier=       44 next=       11 consolidate=  0.025ms frontier=  0.002ms semisort=  0.013ms (keyed= 0.000ms group_by=  0.002ms per_group= 0.005ms)
[pe] round=172 work=       11 frontier=       22 next=       11 consolidate=  0.019ms frontier=  0.002ms semisort=  0.009ms (keyed= 0.000ms group_by=  0.001ms per_group= 0.005ms)
[pe] round=173 work=       11 frontier=       62 next=       11 consolidate=  0.019ms frontier=  0.002ms semisort=  0.020ms (keyed= 0.000ms group_by=  0.004ms per_group= 0.008ms)
[pe] round=174 work=       11 frontier=       28 next=       11 consolidate=  0.017ms frontier=  0.002ms semisort=  0.016ms (keyed= 0.000ms group_by=  0.002ms per_group= 0.009ms)
[pe] round=175 work=       11 frontier=       44 next=       11 consolidate=  0.023ms frontier=  0.002ms semisort=  0.013ms (keyed= 0.000ms group_by=  0.002ms per_group= 0.005ms)
[pe] round=176 work=       11 frontier=       22 next=       11 consolidate=  0.014ms frontier=  0.002ms semisort=  0.010ms (keyed= 0.000ms group_by=  0.001ms per_group= 0.005ms)
[pe] round=177 work=       11 frontier=       62 next=       11 consolidate=  0.019ms frontier=  0.002ms semisort=  0.030ms (keyed= 0.000ms group_by=  0.003ms per_group= 0.017ms)
[pe] round=178 work=       11 frontier=       28 next=       11 consolidate=  0.013ms frontier=  0.002ms semisort=  0.008ms (keyed= 0.000ms group_by=  0.001ms per_group= 0.003ms)
[pe] round=179 work=       11 frontier=       44 next=       11 consolidate=  0.013ms frontier=  0.002ms semisort=  0.009ms (keyed= 0.000ms group_by=  0.002ms per_group= 0.003ms)
[pe] round=180 work=       11 frontier=       22 next=       11 consolidate=  0.015ms frontier=  0.002ms semisort=  0.022ms (keyed= 0.000ms group_by=  0.001ms per_group= 0.016ms)
[pe] round=181 work=       11 frontier=       62 next=       11 consolidate=  0.022ms frontier=  0.003ms semisort=  0.033ms (keyed= 0.000ms group_by=  0.003ms per_group= 0.021ms)
[pe] round=182 work=       11 frontier=       28 next=       11 consolidate=  0.018ms frontier=  0.002ms semisort=  0.014ms (keyed= 0.000ms group_by=  0.002ms per_group= 0.008ms)
[pe] round=183 work=       11 frontier=       44 next=       11 consolidate=  0.014ms frontier=  0.002ms semisort=  0.013ms (keyed= 0.000ms group_by=  0.003ms per_group= 0.005ms)
[pe] round=184 work=       11 frontier=       22 next=       11 consolidate=  0.032ms frontier=  0.002ms semisort=  0.010ms (keyed= 0.000ms group_by=  0.001ms per_group= 0.005ms)
[pe] round=185 work=       11 frontier=       62 next=       11 consolidate=  0.022ms frontier=  0.002ms semisort=  0.026ms (keyed= 0.000ms group_by=  0.003ms per_group= 0.014ms)
[pe] round=186 work=       11 frontier=       28 next=       11 consolidate=  0.021ms frontier=  0.002ms semisort=  0.011ms (keyed= 0.000ms group_by=  0.002ms per_group= 0.005ms)
[pe] round=187 work=       11 frontier=       44 next=       11 consolidate=  0.017ms frontier=  0.002ms semisort=  0.012ms (keyed= 0.000ms group_by=  0.002ms per_group= 0.005ms)
[pe] round=188 work=       11 frontier=       22 next=       11 consolidate=  0.021ms frontier=  0.002ms semisort=  0.010ms (keyed= 0.000ms group_by=  0.001ms per_group= 0.005ms)
[pe] round=189 work=       11 frontier=       62 next=       11 consolidate=  0.017ms frontier=  0.002ms semisort=  0.019ms (keyed= 0.000ms group_by=  0.003ms per_group= 0.008ms)
[pe] round=190 work=       11 frontier=       28 next=       11 consolidate=  0.015ms frontier=  0.002ms semisort=  0.018ms (keyed= 0.000ms group_by=  0.002ms per_group= 0.011ms)
[pe] round=191 work=       11 frontier=       44 next=       11 consolidate=  0.027ms frontier=  0.002ms semisort=  0.021ms (keyed= 0.000ms group_by=  0.002ms per_group= 0.012ms)
[pe] round=192 work=       11 frontier=       22 next=       11 consolidate=  0.022ms frontier=  0.002ms semisort=  0.009ms (keyed= 0.000ms group_by=  0.001ms per_group= 0.005ms)
[pe] round=193 work=       11 frontier=       62 next=       11 consolidate=  0.025ms frontier=  0.002ms semisort=  0.019ms (keyed= 0.000ms group_by=  0.004ms per_group= 0.007ms)
[pe] round=194 work=       11 frontier=       28 next=       11 consolidate=  0.015ms frontier=  0.002ms semisort=  0.014ms (keyed= 0.000ms group_by=  0.002ms per_group= 0.008ms)
[pe] round=195 work=       11 frontier=       44 next=       11 consolidate=  0.023ms frontier=  0.002ms semisort=  0.012ms (keyed= 0.000ms group_by=  0.002ms per_group= 0.005ms)
[pe] round=196 work=       11 frontier=       22 next=       11 consolidate=  0.014ms frontier=  0.002ms semisort=  0.014ms (keyed= 0.003ms group_by=  0.001ms per_group= 0.005ms)
[pe] round=197 work=       11 frontier=       62 next=       11 consolidate=  0.015ms frontier=  0.002ms semisort=  0.018ms (keyed= 0.000ms group_by=  0.002ms per_group= 0.009ms)
[pe] round=198 work=       11 frontier=       28 next=       11 consolidate=  0.019ms frontier=  0.002ms semisort=  0.011ms (keyed= 0.000ms group_by=  0.002ms per_group= 0.005ms)
[pe] round=199 work=       11 frontier=       44 next=       11 consolidate=  0.029ms frontier=  0.002ms semisort=  0.012ms (keyed= 0.000ms group_by=  0.002ms per_group= 0.005ms)
[pe] round=200 work=       11 frontier=       22 next=       11 consolidate=  0.015ms frontier=  0.001ms semisort=  0.009ms (keyed= 0.000ms group_by=  0.001ms per_group= 0.005ms)
[pe] round=201 work=       11 frontier=       62 next=       11 consolidate=  0.017ms frontier=  0.002ms semisort=  0.018ms (keyed= 0.000ms group_by=  0.004ms per_group= 0.007ms)
[pe] round=202 work=       11 frontier=       28 next=       11 consolidate=  0.017ms frontier=  0.002ms semisort=  0.021ms (keyed= 0.000ms group_by=  0.008ms per_group= 0.008ms)
[pe] round=203 work=       11 frontier=       44 next=       11 consolidate=  0.023ms frontier=  0.002ms semisort=  0.012ms (keyed= 0.000ms group_by=  0.002ms per_group= 0.005ms)
[pe] round=204 work=       11 frontier=       22 next=       11 consolidate=  0.012ms frontier=  0.003ms semisort=  0.010ms (keyed= 0.000ms group_by=  0.001ms per_group= 0.005ms)
[pe] round=205 work=       11 frontier=       62 next=       11 consolidate=  0.016ms frontier=  0.002ms semisort=  0.017ms (keyed= 0.000ms group_by=  0.003ms per_group= 0.007ms)
[pe] round=206 work=       11 frontier=       28 next=       11 consolidate=  0.013ms frontier=  0.002ms semisort=  0.014ms (keyed= 0.000ms group_by=  0.002ms per_group= 0.008ms)
[pe] round=207 work=       11 frontier=       44 next=       11 consolidate=  0.023ms frontier=  0.002ms semisort=  0.012ms (keyed= 0.000ms group_by=  0.002ms per_group= 0.005ms)
[pe] round=208 work=       11 frontier=       22 next=       11 consolidate=  0.018ms frontier=  0.003ms semisort=  0.010ms (keyed= 0.000ms group_by=  0.001ms per_group= 0.005ms)
[pe] round=209 work=       11 frontier=       70 next=       11 consolidate=  0.020ms frontier=  0.002ms semisort=  0.038ms (keyed= 0.001ms group_by=  0.005ms per_group= 0.019ms)
[pe] round=210 work=       11 frontier=       28 next=        7 consolidate=  0.021ms frontier=  0.002ms semisort=  0.008ms (keyed= 0.000ms group_by=  0.002ms per_group= 0.003ms)
[pe] round=211 work=        7 frontier=       28 next=        7 consolidate=  0.013ms frontier=  0.001ms semisort=  0.008ms (keyed= 0.000ms group_by=  0.001ms per_group= 0.003ms)
[pe] round=212 work=        7 frontier=       14 next=        7 consolidate=  0.026ms frontier=  0.002ms semisort=  0.007ms (keyed= 0.000ms group_by=  0.001ms per_group= 0.004ms)
[pe] round=213 work=        7 frontier=       46 next=        7 consolidate=  0.014ms frontier=  0.002ms semisort=  0.017ms (keyed= 0.000ms group_by=  0.003ms per_group= 0.008ms)
[pe] round=214 work=        7 frontier=       20 next=        7 consolidate=  0.023ms frontier=  0.002ms semisort=  0.009ms (keyed= 0.000ms group_by=  0.002ms per_group= 0.004ms)
[pe] round=215 work=        7 frontier=       28 next=        7 consolidate=  0.016ms frontier=  0.002ms semisort=  0.009ms (keyed= 0.000ms group_by=  0.001ms per_group= 0.004ms)
[pe] round=216 work=        7 frontier=       14 next=        7 consolidate=  0.017ms frontier=  0.002ms semisort=  0.007ms (keyed= 0.000ms group_by=  0.001ms per_group= 0.003ms)
[pe] round=217 work=        7 frontier=       46 next=        7 consolidate=  0.015ms frontier=  0.002ms semisort=  0.014ms (keyed= 0.000ms group_by=  0.003ms per_group= 0.005ms)
[pe] round=218 work=        7 frontier=       20 next=        7 consolidate=  0.019ms frontier=  0.002ms semisort=  0.008ms (keyed= 0.000ms group_by=  0.001ms per_group= 0.004ms)
[pe] round=219 work=        7 frontier=       28 next=        7 consolidate=  0.011ms frontier=  0.001ms semisort=  0.008ms (keyed= 0.000ms group_by=  0.001ms per_group= 0.003ms)
[pe] round=220 work=        7 frontier=       14 next=        7 consolidate=  0.013ms frontier=  0.002ms semisort=  0.007ms (keyed= 0.000ms group_by=  0.001ms per_group= 0.003ms)
[pe] round=221 work=        7 frontier=       46 next=        7 consolidate=  0.018ms frontier=  0.002ms semisort=  0.013ms (keyed= 0.000ms group_by=  0.003ms per_group= 0.004ms)
[pe] round=222 work=        7 frontier=       20 next=        7 consolidate=  0.018ms frontier=  0.002ms semisort=  0.008ms (keyed= 0.000ms group_by=  0.001ms per_group= 0.004ms)
[pe] round=223 work=        7 frontier=       28 next=        7 consolidate=  0.020ms frontier=  0.001ms semisort=  0.006ms (keyed= 0.000ms group_by=  0.001ms per_group= 0.003ms)
[pe] round=224 work=        7 frontier=       14 next=        7 consolidate=  0.012ms frontier=  0.001ms semisort=  0.005ms (keyed= 0.000ms group_by=  0.001ms per_group= 0.002ms)
[pe] round=225 work=        7 frontier=       46 next=        7 consolidate=  0.024ms frontier=  0.002ms semisort=  0.014ms (keyed= 0.000ms group_by=  0.002ms per_group= 0.005ms)
[pe] round=226 work=        7 frontier=       20 next=        7 consolidate=  0.022ms frontier=  0.002ms semisort=  0.009ms (keyed= 0.000ms group_by=  0.001ms per_group= 0.004ms)
[pe] round=227 work=        7 frontier=       28 next=        7 consolidate=  0.008ms frontier=  0.001ms semisort=  0.008ms (keyed= 0.000ms group_by=  0.001ms per_group= 0.003ms)
[pe] round=228 work=        7 frontier=       14 next=        7 consolidate=  0.020ms frontier=  0.002ms semisort=  0.007ms (keyed= 0.000ms group_by=  0.001ms per_group= 0.003ms)
[pe] round=229 work=        7 frontier=       46 next=        7 consolidate=  0.015ms frontier=  0.001ms semisort=  0.016ms (keyed= 0.000ms group_by=  0.002ms per_group= 0.007ms)
[pe] round=230 work=        7 frontier=       20 next=        7 consolidate=  0.010ms frontier=  0.001ms semisort=  0.008ms (keyed= 0.000ms group_by=  0.002ms per_group= 0.003ms)
[pe] round=231 work=        7 frontier=       28 next=        7 consolidate=  0.012ms frontier=  0.002ms semisort=  0.009ms (keyed= 0.000ms group_by=  0.001ms per_group= 0.003ms)
[pe] round=232 work=        7 frontier=       14 next=        7 consolidate=  0.019ms frontier=  0.002ms semisort=  0.007ms (keyed= 0.000ms group_by=  0.001ms per_group= 0.004ms)
[pe] round=233 work=        7 frontier=       46 next=        7 consolidate=  0.021ms frontier=  0.001ms semisort=  0.011ms (keyed= 0.000ms group_by=  0.002ms per_group= 0.004ms)
[pe] round=234 work=        7 frontier=       20 next=        7 consolidate=  0.023ms frontier=  0.002ms semisort=  0.008ms (keyed= 0.000ms group_by=  0.001ms per_group= 0.004ms)
[pe] round=235 work=        7 frontier=       28 next=        7 consolidate=  0.012ms frontier=  0.002ms semisort=  0.009ms (keyed= 0.000ms group_by=  0.001ms per_group= 0.004ms)
[pe] round=236 work=        7 frontier=       14 next=        7 consolidate=  0.011ms frontier=  0.002ms semisort=  0.007ms (keyed= 0.000ms group_by=  0.001ms per_group= 0.004ms)
[pe] round=237 work=        7 frontier=       46 next=        7 consolidate=  0.010ms frontier=  0.002ms semisort=  0.013ms (keyed= 0.000ms group_by=  0.002ms per_group= 0.005ms)
[pe] round=238 work=        7 frontier=       20 next=        7 consolidate=  0.015ms frontier=  0.002ms semisort=  0.009ms (keyed= 0.000ms group_by=  0.002ms per_group= 0.004ms)
[pe] round=239 work=        7 frontier=       28 next=        7 consolidate=  0.010ms frontier=  0.001ms semisort=  0.008ms (keyed= 0.000ms group_by=  0.001ms per_group= 0.003ms)
[pe] round=240 work=        7 frontier=       14 next=        7 consolidate=  0.017ms frontier=  0.002ms semisort=  0.007ms (keyed= 0.000ms group_by=  0.001ms per_group= 0.003ms)
[pe] round=241 work=        7 frontier=       46 next=        7 consolidate=  0.011ms frontier=  0.001ms semisort=  0.017ms (keyed= 0.000ms group_by=  0.002ms per_group= 0.010ms)
[pe] round=242 work=        7 frontier=       20 next=        7 consolidate=  0.018ms frontier=  0.002ms semisort=  0.007ms (keyed= 0.000ms group_by=  0.002ms per_group= 0.003ms)
[pe] round=243 work=        7 frontier=       28 next=        7 consolidate=  0.009ms frontier=  0.001ms semisort=  0.008ms (keyed= 0.000ms group_by=  0.001ms per_group= 0.003ms)
[pe] round=244 work=        7 frontier=       14 next=        7 consolidate=  0.009ms frontier=  0.001ms semisort=  0.007ms (keyed= 0.000ms group_by=  0.001ms per_group= 0.003ms)
[pe] round=245 work=        7 frontier=       46 next=        7 consolidate=  0.016ms frontier=  0.001ms semisort=  0.014ms (keyed= 0.000ms group_by=  0.003ms per_group= 0.005ms)
[pe] round=246 work=        7 frontier=       20 next=        7 consolidate=  0.010ms frontier=  0.001ms semisort=  0.009ms (keyed= 0.000ms group_by=  0.002ms per_group= 0.004ms)
[pe] round=247 work=        7 frontier=       28 next=        7 consolidate=  0.012ms frontier=  0.002ms semisort=  0.008ms (keyed= 0.000ms group_by=  0.001ms per_group= 0.003ms)
[pe] round=248 work=        7 frontier=       14 next=        7 consolidate=  0.011ms frontier=  0.001ms semisort=  0.007ms (keyed= 0.000ms group_by=  0.001ms per_group= 0.003ms)
[pe] round=249 work=        7 frontier=       46 next=        7 consolidate=  0.025ms frontier=  0.002ms semisort=  0.013ms (keyed= 0.000ms group_by=  0.002ms per_group= 0.005ms)
[pe] round=250 work=        7 frontier=       20 next=        7 consolidate=  0.016ms frontier=  0.002ms semisort=  0.009ms (keyed= 0.000ms group_by=  0.001ms per_group= 0.004ms)
[pe] round=251 work=        7 frontier=       28 next=        7 consolidate=  0.016ms frontier=  0.002ms semisort=  0.006ms (keyed= 0.000ms group_by=  0.001ms per_group= 0.002ms)
[pe] round=252 work=        7 frontier=       14 next=        7 consolidate=  0.010ms frontier=  0.001ms semisort=  0.005ms (keyed= 0.000ms group_by=  0.001ms per_group= 0.002ms)
[pe] round=253 work=        7 frontier=       46 next=        7 consolidate=  0.014ms frontier=  0.002ms semisort=  0.010ms (keyed= 0.000ms group_by=  0.002ms per_group= 0.003ms)
[pe] round=254 work=        7 frontier=       20 next=        7 consolidate=  0.011ms frontier=  0.002ms semisort=  0.009ms (keyed= 0.000ms group_by=  0.001ms per_group= 0.004ms)
[pe] round=255 work=        7 frontier=       28 next=        7 consolidate=  0.012ms frontier=  0.002ms semisort=  0.008ms (keyed= 0.000ms group_by=  0.001ms per_group= 0.003ms)
[pe] round=256 work=        7 frontier=       14 next=        7 consolidate=  0.009ms frontier=  0.001ms semisort=  0.006ms (keyed= 0.000ms group_by=  0.001ms per_group= 0.003ms)
[pe] round=257 work=        7 frontier=       46 next=        7 consolidate=  0.019ms frontier=  0.002ms semisort=  0.014ms (keyed= 0.000ms group_by=  0.002ms per_group= 0.005ms)
[pe] round=258 work=        7 frontier=       20 next=        7 consolidate=  0.019ms frontier=  0.001ms semisort=  0.008ms (keyed= 0.000ms group_by=  0.001ms per_group= 0.004ms)
[pe] round=259 work=        7 frontier=       28 next=        7 consolidate=  0.010ms frontier=  0.001ms semisort=  0.008ms (keyed= 0.000ms group_by=  0.001ms per_group= 0.003ms)
[pe] round=260 work=        7 frontier=       14 next=        7 consolidate=  0.019ms frontier=  0.002ms semisort=  0.007ms (keyed= 0.000ms group_by=  0.001ms per_group= 0.004ms)
[pe] round=261 work=        7 frontier=       46 next=        7 consolidate=  0.016ms frontier=  0.002ms semisort=  0.013ms (keyed= 0.000ms group_by=  0.002ms per_group= 0.005ms)
[pe] round=262 work=        7 frontier=       20 next=        7 consolidate=  0.015ms frontier=  0.002ms semisort=  0.008ms (keyed= 0.000ms group_by=  0.001ms per_group= 0.004ms)
[pe] round=263 work=        7 frontier=       28 next=        7 consolidate=  0.010ms frontier=  0.001ms semisort=  0.006ms (keyed= 0.000ms group_by=  0.001ms per_group= 0.003ms)
[pe] round=264 work=        7 frontier=       14 next=        7 consolidate=  0.019ms frontier=  0.001ms semisort=  0.005ms (keyed= 0.000ms group_by=  0.001ms per_group= 0.002ms)
[pe] round=265 work=        7 frontier=       46 next=        7 consolidate=  0.010ms frontier=  0.001ms semisort=  0.012ms (keyed= 0.000ms group_by=  0.003ms per_group= 0.004ms)
[pe] round=266 work=        7 frontier=       20 next=        7 consolidate=  0.017ms frontier=  0.002ms semisort=  0.009ms (keyed= 0.000ms group_by=  0.001ms per_group= 0.004ms)
[pe] round=267 work=        7 frontier=       28 next=        7 consolidate=  0.010ms frontier=  0.001ms semisort=  0.008ms (keyed= 0.000ms group_by=  0.001ms per_group= 0.004ms)
[pe] round=268 work=        7 frontier=       14 next=        7 consolidate=  0.011ms frontier=  0.002ms semisort=  0.007ms (keyed= 0.000ms group_by=  0.001ms per_group= 0.004ms)
[pe] round=269 work=        7 frontier=       46 next=        7 consolidate=  0.017ms frontier=  0.001ms semisort=  0.013ms (keyed= 0.000ms group_by=  0.002ms per_group= 0.005ms)
[pe] round=270 work=        7 frontier=       20 next=        7 consolidate=  0.027ms frontier=  0.001ms semisort=  0.009ms (keyed= 0.000ms group_by=  0.001ms per_group= 0.004ms)
[pe] round=271 work=        7 frontier=       28 next=        7 consolidate=  0.026ms frontier=  0.001ms semisort=  0.008ms (keyed= 0.000ms group_by=  0.001ms per_group= 0.003ms)
[pe] round=272 work=        7 frontier=       14 next=        7 consolidate=  0.013ms frontier=  0.001ms semisort=  0.007ms (keyed= 0.000ms group_by=  0.001ms per_group= 0.003ms)
[pe] round=273 work=        7 frontier=       46 next=        7 consolidate=  0.012ms frontier=  0.002ms semisort=  0.013ms (keyed= 0.000ms group_by=  0.002ms per_group= 0.005ms)
[pe] round=274 work=        7 frontier=       20 next=        7 consolidate=  0.017ms frontier=  0.002ms semisort=  0.009ms (keyed= 0.000ms group_by=  0.001ms per_group= 0.004ms)
[pe] round=275 work=        7 frontier=       28 next=        7 consolidate=  0.018ms frontier=  0.002ms semisort=  0.008ms (keyed= 0.000ms group_by=  0.001ms per_group= 0.003ms)
[pe] round=276 work=        7 frontier=       14 next=        7 consolidate=  0.013ms frontier=  0.001ms semisort=  0.007ms (keyed= 0.000ms group_by=  0.001ms per_group= 0.003ms)
[pe] round=277 work=        7 frontier=       46 next=        7 consolidate=  0.010ms frontier=  0.001ms semisort=  0.013ms (keyed= 0.000ms group_by=  0.002ms per_group= 0.005ms)
[pe] round=278 work=        7 frontier=       20 next=        7 consolidate=  0.022ms frontier=  0.002ms semisort=  0.009ms (keyed= 0.000ms group_by=  0.001ms per_group= 0.004ms)
[pe] round=279 work=        7 frontier=       28 next=        7 consolidate=  0.014ms frontier=  0.002ms semisort=  0.008ms (keyed= 0.000ms group_by=  0.001ms per_group= 0.003ms)
[pe] round=280 work=        7 frontier=       14 next=        7 consolidate=  0.011ms frontier=  0.001ms semisort=  0.005ms (keyed= 0.000ms group_by=  0.001ms per_group= 0.002ms)
[pe] round=281 work=        7 frontier=       46 next=        7 consolidate=  0.008ms frontier=  0.001ms semisort=  0.010ms (keyed= 0.000ms group_by=  0.001ms per_group= 0.004ms)
[pe] round=282 work=        7 frontier=       20 next=        7 consolidate=  0.011ms frontier=  0.002ms semisort=  0.006ms (keyed= 0.000ms group_by=  0.001ms per_group= 0.003ms)
[pe] round=283 work=        7 frontier=       28 next=        7 consolidate=  0.010ms frontier=  0.001ms semisort=  0.006ms (keyed= 0.000ms group_by=  0.001ms per_group= 0.002ms)
[pe] round=284 work=        7 frontier=       14 next=        7 consolidate=  0.016ms frontier=  0.001ms semisort=  0.008ms (keyed= 0.000ms group_by=  0.001ms per_group= 0.004ms)
[pe] round=285 work=        7 frontier=       46 next=        7 consolidate=  0.016ms frontier=  0.002ms semisort=  0.013ms (keyed= 0.000ms group_by=  0.002ms per_group= 0.004ms)
[pe] round=286 work=        7 frontier=       20 next=        7 consolidate=  0.015ms frontier=  0.002ms semisort=  0.008ms (keyed= 0.000ms group_by=  0.001ms per_group= 0.004ms)
[pe] round=287 work=        7 frontier=       28 next=        7 consolidate=  0.016ms frontier=  0.002ms semisort=  0.008ms (keyed= 0.000ms group_by=  0.001ms per_group= 0.003ms)
[pe] round=288 work=        7 frontier=       14 next=        7 consolidate=  0.010ms frontier=  0.001ms semisort=  0.013ms (keyed= 0.000ms group_by=  0.001ms per_group= 0.008ms)
[pe] round=289 work=        7 frontier=       46 next=        7 consolidate=  0.021ms frontier=  0.002ms semisort=  0.031ms (keyed= 0.000ms group_by=  0.002ms per_group= 0.023ms)
[pe] round=290 work=        7 frontier=       20 next=        7 consolidate=  0.013ms frontier=  0.002ms semisort=  0.009ms (keyed= 0.000ms group_by=  0.002ms per_group= 0.004ms)
[pe] round=291 work=        7 frontier=       28 next=        7 consolidate=  0.022ms frontier=  0.002ms semisort=  0.008ms (keyed= 0.000ms group_by=  0.002ms per_group= 0.004ms)
[pe] round=292 work=        7 frontier=       14 next=        7 consolidate=  0.024ms frontier=  0.002ms semisort=  0.007ms (keyed= 0.000ms group_by=  0.001ms per_group= 0.003ms)
[pe] round=293 work=        7 frontier=       46 next=        7 consolidate=  0.009ms frontier=  0.001ms semisort=  0.010ms (keyed= 0.000ms group_by=  0.001ms per_group= 0.004ms)
[pe] round=294 work=        7 frontier=       20 next=        7 consolidate=  0.011ms frontier=  0.002ms semisort=  0.008ms (keyed= 0.000ms group_by=  0.001ms per_group= 0.004ms)
[pe] round=295 work=        7 frontier=       28 next=        7 consolidate=  0.017ms frontier=  0.002ms semisort=  0.009ms (keyed= 0.000ms group_by=  0.001ms per_group= 0.003ms)
[pe] round=296 work=        7 frontier=       14 next=        7 consolidate=  0.009ms frontier=  0.001ms semisort=  0.014ms (keyed= 0.000ms group_by=  0.001ms per_group= 0.010ms)
[pe] round=297 work=        7 frontier=       46 next=        7 consolidate=  0.018ms frontier=  0.002ms semisort=  0.013ms (keyed= 0.000ms group_by=  0.002ms per_group= 0.004ms)
[pe] round=298 work=        7 frontier=       20 next=        7 consolidate=  0.012ms frontier=  0.002ms semisort=  0.009ms (keyed= 0.000ms group_by=  0.001ms per_group= 0.004ms)
[pe] round=299 work=        7 frontier=       28 next=        7 consolidate=  0.009ms frontier=  0.001ms semisort=  0.009ms (keyed= 0.000ms group_by=  0.001ms per_group= 0.004ms)
[pe] round=300 work=        7 frontier=       14 next=        7 consolidate=  0.015ms frontier=  0.002ms semisort=  0.007ms (keyed= 0.000ms group_by=  0.001ms per_group= 0.004ms)
[pe] round=301 work=        7 frontier=       46 next=        7 consolidate=  0.018ms frontier=  0.002ms semisort=  0.013ms (keyed= 0.000ms group_by=  0.003ms per_group= 0.004ms)
[pe] round=302 work=        7 frontier=       20 next=        7 consolidate=  0.021ms frontier=  0.002ms semisort=  0.009ms (keyed= 0.000ms group_by=  0.001ms per_group= 0.004ms)
[pe] round=303 work=        7 frontier=       28 next=        7 consolidate=  0.014ms frontier=  0.002ms semisort=  0.008ms (keyed= 0.000ms group_by=  0.001ms per_group= 0.003ms)
[pe] round=304 work=        7 frontier=       14 next=        7 consolidate=  0.014ms frontier=  0.001ms semisort=  0.007ms (keyed= 0.000ms group_by=  0.001ms per_group= 0.003ms)
[pe] round=305 work=        7 frontier=       46 next=        7 consolidate=  0.014ms frontier=  0.002ms semisort=  0.024ms (keyed= 0.000ms group_by=  0.002ms per_group= 0.014ms)
[pe] round=306 work=        7 frontier=       20 next=        7 consolidate=  0.016ms frontier=  0.002ms semisort=  0.009ms (keyed= 0.000ms group_by=  0.002ms per_group= 0.004ms)
[pe] round=307 work=        7 frontier=       28 next=        7 consolidate=  0.012ms frontier=  0.001ms semisort=  0.008ms (keyed= 0.000ms group_by=  0.001ms per_group= 0.003ms)
[pe] round=308 work=        7 frontier=       14 next=        7 consolidate=  0.020ms frontier=  0.002ms semisort=  0.007ms (keyed= 0.000ms group_by=  0.001ms per_group= 0.004ms)
[pe] round=309 work=        7 frontier=       46 next=        7 consolidate=  0.016ms frontier=  0.002ms semisort=  0.013ms (keyed= 0.000ms group_by=  0.002ms per_group= 0.004ms)
[pe] round=310 work=        7 frontier=       20 next=        7 consolidate=  0.010ms frontier=  0.002ms semisort=  0.008ms (keyed= 0.000ms group_by=  0.001ms per_group= 0.004ms)
[pe] round=311 work=        7 frontier=       28 next=        7 consolidate=  0.012ms frontier=  0.002ms semisort=  0.009ms (keyed= 0.000ms group_by=  0.002ms per_group= 0.003ms)
[pe] round=312 work=        7 frontier=       14 next=        7 consolidate=  0.010ms frontier=  0.001ms semisort=  0.007ms (keyed= 0.000ms group_by=  0.001ms per_group= 0.003ms)
[pe] round=313 work=        7 frontier=       46 next=        7 consolidate=  0.014ms frontier=  0.002ms semisort=  0.013ms (keyed= 0.000ms group_by=  0.002ms per_group= 0.005ms)
[pe] round=314 work=        7 frontier=       20 next=        7 consolidate=  0.015ms frontier=  0.002ms semisort=  0.009ms (keyed= 0.000ms group_by=  0.001ms per_group= 0.004ms)
[pe] round=315 work=        7 frontier=       28 next=        7 consolidate=  0.009ms frontier=  0.002ms semisort=  0.008ms (keyed= 0.000ms group_by=  0.001ms per_group= 0.003ms)
[pe] round=316 work=        7 frontier=       14 next=        7 consolidate=  0.019ms frontier=  0.002ms semisort=  0.007ms (keyed= 0.000ms group_by=  0.001ms per_group= 0.004ms)
[pe] round=317 work=        7 frontier=       46 next=        7 consolidate=  0.014ms frontier=  0.001ms semisort=  0.015ms (keyed= 0.000ms group_by=  0.002ms per_group= 0.007ms)
[pe] round=318 work=        7 frontier=       20 next=        3 consolidate=  0.015ms frontier=  0.002ms semisort=  0.008ms (keyed= 0.000ms group_by=  0.002ms per_group= 0.003ms)
[pe] round=319 work=        3 frontier=       12 next=        3 consolidate=  0.007ms frontier=  0.001ms semisort=  0.005ms (keyed= 0.000ms group_by=  0.001ms per_group= 0.002ms)
[pe] round=320 work=        3 frontier=        6 next=        3 consolidate=  0.004ms frontier=  0.001ms semisort=  0.004ms (keyed= 0.000ms group_by=  0.001ms per_group= 0.002ms)
[pe] round=321 work=        3 frontier=       30 next=        3 consolidate=  0.008ms frontier=  0.001ms semisort=  0.010ms (keyed= 0.000ms group_by=  0.002ms per_group= 0.003ms)
[pe] round=322 work=        3 frontier=       12 next=        3 consolidate=  0.006ms frontier=  0.001ms semisort=  0.005ms (keyed= 0.000ms group_by=  0.001ms per_group= 0.002ms)
[pe] round=323 work=        3 frontier=       12 next=        3 consolidate=  0.006ms frontier=  0.001ms semisort=  0.004ms (keyed= 0.000ms group_by=  0.001ms per_group= 0.001ms)
[pe] round=324 work=        3 frontier=        6 next=        3 consolidate=  0.003ms frontier=  0.000ms semisort=  0.003ms (keyed= 0.000ms group_by=  0.000ms per_group= 0.002ms)
[pe] round=325 work=        3 frontier=       30 next=        3 consolidate=  0.006ms frontier=  0.001ms semisort=  0.006ms (keyed= 0.000ms group_by=  0.001ms per_group= 0.002ms)
[pe] round=326 work=        3 frontier=       12 next=        3 consolidate=  0.003ms frontier=  0.000ms semisort=  0.004ms (keyed= 0.000ms group_by=  0.000ms per_group= 0.001ms)
[pe] round=327 work=        3 frontier=       12 next=        3 consolidate=  0.006ms frontier=  0.001ms semisort=  0.003ms (keyed= 0.000ms group_by=  0.001ms per_group= 0.001ms)
[pe] round=328 work=        3 frontier=        6 next=        3 consolidate=  0.003ms frontier=  0.000ms semisort=  0.003ms (keyed= 0.000ms group_by=  0.000ms per_group= 0.001ms)
[pe] round=329 work=        3 frontier=       30 next=        3 consolidate=  0.006ms frontier=  0.001ms semisort=  0.008ms (keyed= 0.000ms group_by=  0.001ms per_group= 0.003ms)
[pe] round=330 work=        3 frontier=       12 next=        3 consolidate=  0.004ms frontier=  0.001ms semisort=  0.005ms (keyed= 0.000ms group_by=  0.001ms per_group= 0.002ms)
[pe] round=331 work=        3 frontier=       12 next=        3 consolidate=  0.004ms frontier=  0.001ms semisort=  0.004ms (keyed= 0.000ms group_by=  0.001ms per_group= 0.002ms)
[pe] round=332 work=        3 frontier=        6 next=        3 consolidate=  0.005ms frontier=  0.001ms semisort=  0.004ms (keyed= 0.000ms group_by=  0.001ms per_group= 0.002ms)
[pe] round=333 work=        3 frontier=       30 next=        3 consolidate=  0.006ms frontier=  0.001ms semisort=  0.009ms (keyed= 0.000ms group_by=  0.001ms per_group= 0.002ms)
[pe] round=334 work=        3 frontier=       12 next=        3 consolidate=  0.008ms frontier=  0.001ms semisort=  0.005ms (keyed= 0.000ms group_by=  0.001ms per_group= 0.002ms)
[pe] round=335 work=        3 frontier=       12 next=        3 consolidate=  0.009ms frontier=  0.001ms semisort=  0.004ms (keyed= 0.000ms group_by=  0.001ms per_group= 0.002ms)
[pe] round=336 work=        3 frontier=        6 next=        3 consolidate=  0.011ms frontier=  0.001ms semisort=  0.004ms (keyed= 0.000ms group_by=  0.001ms per_group= 0.002ms)
[pe] round=337 work=        3 frontier=       30 next=        3 consolidate=  0.008ms frontier=  0.001ms semisort=  0.009ms (keyed= 0.000ms group_by=  0.001ms per_group= 0.002ms)
[pe] round=338 work=        3 frontier=       12 next=        3 consolidate=  0.006ms frontier=  0.001ms semisort=  0.005ms (keyed= 0.000ms group_by=  0.001ms per_group= 0.002ms)
[pe] round=339 work=        3 frontier=       12 next=        3 consolidate=  0.011ms frontier=  0.001ms semisort=  0.004ms (keyed= 0.000ms group_by=  0.001ms per_group= 0.002ms)
[pe] round=340 work=        3 frontier=        6 next=        3 consolidate=  0.009ms frontier=  0.001ms semisort=  0.004ms (keyed= 0.000ms group_by=  0.000ms per_group= 0.002ms)
[pe] round=341 work=        3 frontier=       30 next=        3 consolidate=  0.007ms frontier=  0.001ms semisort=  0.008ms (keyed= 0.000ms group_by=  0.001ms per_group= 0.003ms)
[pe] round=342 work=        3 frontier=       12 next=        3 consolidate=  0.008ms frontier=  0.001ms semisort=  0.005ms (keyed= 0.000ms group_by=  0.001ms per_group= 0.002ms)
[pe] round=343 work=        3 frontier=       12 next=        3 consolidate=  0.007ms frontier=  0.001ms semisort=  0.004ms (keyed= 0.000ms group_by=  0.001ms per_group= 0.002ms)
[pe] round=344 work=        3 frontier=        6 next=        3 consolidate=  0.004ms frontier=  0.001ms semisort=  0.004ms (keyed= 0.000ms group_by=  0.000ms per_group= 0.002ms)
[pe] round=345 work=        3 frontier=       30 next=        3 consolidate=  0.011ms frontier=  0.001ms semisort=  0.008ms (keyed= 0.000ms group_by=  0.001ms per_group= 0.002ms)
[pe] round=346 work=        3 frontier=       12 next=        3 consolidate=  0.004ms frontier=  0.000ms semisort=  0.004ms (keyed= 0.000ms group_by=  0.001ms per_group= 0.002ms)
[pe] round=347 work=        3 frontier=       12 next=        3 consolidate=  0.003ms frontier=  0.000ms semisort=  0.003ms (keyed= 0.000ms group_by=  0.000ms per_group= 0.001ms)
[pe] round=348 work=        3 frontier=        6 next=        3 consolidate=  0.006ms frontier=  0.001ms semisort=  0.003ms (keyed= 0.000ms group_by=  0.000ms per_group= 0.001ms)
[pe] round=349 work=        3 frontier=       30 next=        3 consolidate=  0.007ms frontier=  0.001ms semisort=  0.011ms (keyed= 0.000ms group_by=  0.001ms per_group= 0.005ms)
[pe] round=350 work=        3 frontier=       12 next=        3 consolidate=  0.007ms frontier=  0.001ms semisort=  0.004ms (keyed= 0.000ms group_by=  0.001ms per_group= 0.002ms)
[pe] round=351 work=        3 frontier=       12 next=        3 consolidate=  0.006ms frontier=  0.001ms semisort=  0.004ms (keyed= 0.000ms group_by=  0.001ms per_group= 0.002ms)
[pe] round=352 work=        3 frontier=        6 next=        3 consolidate=  0.006ms frontier=  0.001ms semisort=  0.011ms (keyed= 0.000ms group_by=  0.000ms per_group= 0.008ms)
[pe] round=353 work=        3 frontier=       30 next=        3 consolidate=  0.009ms frontier=  0.001ms semisort=  0.009ms (keyed= 0.000ms group_by=  0.002ms per_group= 0.003ms)
[pe] round=354 work=        3 frontier=       12 next=        3 consolidate=  0.007ms frontier=  0.001ms semisort=  0.005ms (keyed= 0.000ms group_by=  0.001ms per_group= 0.002ms)
[pe] round=355 work=        3 frontier=       12 next=        3 consolidate=  0.006ms frontier=  0.001ms semisort=  0.004ms (keyed= 0.000ms group_by=  0.001ms per_group= 0.002ms)
[pe] round=356 work=        3 frontier=        6 next=        3 consolidate=  0.008ms frontier=  0.001ms semisort=  0.004ms (keyed= 0.000ms group_by=  0.000ms per_group= 0.002ms)
[pe] round=357 work=        3 frontier=       30 next=        3 consolidate=  0.009ms frontier=  0.001ms semisort=  0.008ms (keyed= 0.000ms group_by=  0.001ms per_group= 0.002ms)
[pe] round=358 work=        3 frontier=       12 next=        3 consolidate=  0.005ms frontier=  0.001ms semisort=  0.007ms (keyed= 0.002ms group_by=  0.001ms per_group= 0.002ms)
[pe] round=359 work=        3 frontier=       12 next=        3 consolidate=  0.007ms frontier=  0.001ms semisort=  0.004ms (keyed= 0.000ms group_by=  0.001ms per_group= 0.002ms)
[pe] round=360 work=        3 frontier=        6 next=        3 consolidate=  0.004ms frontier=  0.001ms semisort=  0.004ms (keyed= 0.000ms group_by=  0.000ms per_group= 0.002ms)
[pe] round=361 work=        3 frontier=       30 next=        3 consolidate=  0.012ms frontier=  0.001ms semisort=  0.008ms (keyed= 0.000ms group_by=  0.001ms per_group= 0.003ms)
[pe] round=362 work=        3 frontier=       12 next=        3 consolidate=  0.008ms frontier=  0.001ms semisort=  0.005ms (keyed= 0.000ms group_by=  0.001ms per_group= 0.002ms)
[pe] round=363 work=        3 frontier=       12 next=        3 consolidate=  0.003ms frontier=  0.000ms semisort=  0.003ms (keyed= 0.000ms group_by=  0.000ms per_group= 0.001ms)
[pe] round=364 work=        3 frontier=        6 next=        3 consolidate=  0.003ms frontier=  0.000ms semisort=  0.003ms (keyed= 0.000ms group_by=  0.000ms per_group= 0.001ms)
[pe] round=365 work=        3 frontier=       30 next=        3 consolidate=  0.004ms frontier=  0.000ms semisort=  0.006ms (keyed= 0.000ms group_by=  0.001ms per_group= 0.002ms)
[pe] round=366 work=        3 frontier=       12 next=        3 consolidate=  0.003ms frontier=  0.000ms semisort=  0.004ms (keyed= 0.000ms group_by=  0.001ms per_group= 0.001ms)
[pe] round=367 work=        3 frontier=       12 next=        3 consolidate=  0.003ms frontier=  0.000ms semisort=  0.003ms (keyed= 0.000ms group_by=  0.000ms per_group= 0.001ms)
[pe] round=368 work=        3 frontier=        6 next=        3 consolidate=  0.003ms frontier=  0.000ms semisort=  0.003ms (keyed= 0.000ms group_by=  0.000ms per_group= 0.001ms)
[pe] round=369 work=        3 frontier=       30 next=        3 consolidate=  0.005ms frontier=  0.001ms semisort=  0.006ms (keyed= 0.000ms group_by=  0.001ms per_group= 0.002ms)
[pe] round=370 work=        3 frontier=       12 next=        3 consolidate=  0.008ms frontier=  0.001ms semisort=  0.005ms (keyed= 0.000ms group_by=  0.001ms per_group= 0.002ms)
[pe] round=371 work=        3 frontier=       12 next=        3 consolidate=  0.006ms frontier=  0.001ms semisort=  0.004ms (keyed= 0.000ms group_by=  0.001ms per_group= 0.002ms)
[pe] round=372 work=        3 frontier=        6 next=        3 consolidate=  0.006ms frontier=  0.001ms semisort=  0.004ms (keyed= 0.000ms group_by=  0.000ms per_group= 0.002ms)
[pe] round=373 work=        3 frontier=       30 next=        3 consolidate=  0.006ms frontier=  0.002ms semisort=  0.009ms (keyed= 0.000ms group_by=  0.001ms per_group= 0.003ms)
[pe] round=374 work=        3 frontier=       12 next=        3 consolidate=  0.005ms frontier=  0.001ms semisort=  0.005ms (keyed= 0.000ms group_by=  0.001ms per_group= 0.002ms)
[pe] round=375 work=        3 frontier=       12 next=        3 consolidate=  0.007ms frontier=  0.001ms semisort=  0.004ms (keyed= 0.000ms group_by=  0.001ms per_group= 0.002ms)
[pe] round=376 work=        3 frontier=        6 next=        3 consolidate=  0.004ms frontier=  0.001ms semisort=  0.004ms (keyed= 0.000ms group_by=  0.000ms per_group= 0.002ms)
[pe] round=377 work=        3 frontier=       30 next=        3 consolidate=  0.004ms frontier=  0.001ms semisort=  0.009ms (keyed= 0.000ms group_by=  0.002ms per_group= 0.003ms)
[pe] round=378 work=        3 frontier=       12 next=        3 consolidate=  0.009ms frontier=  0.001ms semisort=  0.005ms (keyed= 0.000ms group_by=  0.001ms per_group= 0.002ms)
[pe] round=379 work=        3 frontier=       12 next=        3 consolidate=  0.011ms frontier=  0.001ms semisort=  0.004ms (keyed= 0.000ms group_by=  0.001ms per_group= 0.002ms)
[pe] round=380 work=        3 frontier=        6 next=        3 consolidate=  0.007ms frontier=  0.001ms semisort=  0.004ms (keyed= 0.000ms group_by=  0.000ms per_group= 0.002ms)
[pe] round=381 work=        3 frontier=       30 next=        3 consolidate=  0.009ms frontier=  0.001ms semisort=  0.011ms (keyed= 0.000ms group_by=  0.001ms per_group= 0.005ms)
[pe] round=382 work=        3 frontier=       12 next=        3 consolidate=  0.006ms frontier=  0.001ms semisort=  0.004ms (keyed= 0.000ms group_by=  0.001ms per_group= 0.002ms)
[pe] round=383 work=        3 frontier=       12 next=        3 consolidate=  0.005ms frontier=  0.001ms semisort=  0.003ms (keyed= 0.000ms group_by=  0.001ms per_group= 0.002ms)
[pe] round=384 work=        3 frontier=        6 next=        3 consolidate=  0.003ms frontier=  0.000ms semisort=  0.003ms (keyed= 0.000ms group_by=  0.000ms per_group= 0.001ms)
[pe] round=385 work=        3 frontier=       30 next=        3 consolidate=  0.004ms frontier=  0.000ms semisort=  0.007ms (keyed= 0.000ms group_by=  0.001ms per_group= 0.002ms)
[pe] round=386 work=        3 frontier=       12 next=        3 consolidate=  0.005ms frontier=  0.001ms semisort=  0.004ms (keyed= 0.000ms group_by=  0.001ms per_group= 0.001ms)
[pe] round=387 work=        3 frontier=       12 next=        3 consolidate=  0.003ms frontier=  0.000ms semisort=  0.005ms (keyed= 0.000ms group_by=  0.001ms per_group= 0.002ms)
[pe] round=388 work=        3 frontier=        6 next=        3 consolidate=  0.008ms frontier=  0.001ms semisort=  0.004ms (keyed= 0.000ms group_by=  0.000ms per_group= 0.002ms)
[pe] round=389 work=        3 frontier=       30 next=        3 consolidate=  0.008ms frontier=  0.001ms semisort=  0.008ms (keyed= 0.000ms group_by=  0.001ms per_group= 0.002ms)
[pe] round=390 work=        3 frontier=       12 next=        3 consolidate=  0.005ms frontier=  0.001ms semisort=  0.005ms (keyed= 0.000ms group_by=  0.001ms per_group= 0.002ms)
[pe] round=391 work=        3 frontier=       12 next=        3 consolidate=  0.008ms frontier=  0.001ms semisort=  0.004ms (keyed= 0.000ms group_by=  0.001ms per_group= 0.002ms)
[pe] round=392 work=        3 frontier=        6 next=        3 consolidate=  0.004ms frontier=  0.001ms semisort=  0.004ms (keyed= 0.000ms group_by=  0.001ms per_group= 0.002ms)
[pe] round=393 work=        3 frontier=       30 next=        3 consolidate=  0.007ms frontier=  0.001ms semisort=  0.012ms (keyed= 0.000ms group_by=  0.002ms per_group= 0.005ms)
[pe] round=394 work=        3 frontier=       12 next=        3 consolidate=  0.012ms frontier=  0.001ms semisort=  0.006ms (keyed= 0.000ms group_by=  0.001ms per_group= 0.002ms)
[pe] round=395 work=        3 frontier=       12 next=        3 consolidate=  0.009ms frontier=  0.001ms semisort=  0.005ms (keyed= 0.000ms group_by=  0.001ms per_group= 0.002ms)
[pe] round=396 work=        3 frontier=        6 next=        3 consolidate=  0.008ms frontier=  0.001ms semisort=  0.004ms (keyed= 0.000ms group_by=  0.001ms per_group= 0.002ms)
[pe] round=397 work=        3 frontier=       30 next=        3 consolidate=  0.008ms frontier=  0.001ms semisort=  0.008ms (keyed= 0.000ms group_by=  0.001ms per_group= 0.002ms)
[pe] round=398 work=        3 frontier=       12 next=        3 consolidate=  0.009ms frontier=  0.001ms semisort=  0.005ms (keyed= 0.000ms group_by=  0.001ms per_group= 0.002ms)
[pe] round=399 work=        3 frontier=       12 next=        3 consolidate=  0.006ms frontier=  0.001ms semisort=  0.004ms (keyed= 0.000ms group_by=  0.001ms per_group= 0.002ms)
[pe] round=400 work=        3 frontier=        6 next=        3 consolidate=  0.004ms frontier=  0.001ms semisort=  0.004ms (keyed= 0.000ms group_by=  0.000ms per_group= 0.002ms)
[pe] round=401 work=        3 frontier=       30 next=        3 consolidate=  0.009ms frontier=  0.001ms semisort=  0.028ms (keyed= 0.000ms group_by=  0.002ms per_group= 0.022ms)
[pe] round=402 work=        3 frontier=       12 next=        3 consolidate=  0.017ms frontier=  0.001ms semisort=  0.005ms (keyed= 0.000ms group_by=  0.001ms per_group= 0.002ms)
[pe] round=403 work=        3 frontier=       12 next=        3 consolidate=  0.006ms frontier=  0.001ms semisort=  0.004ms (keyed= 0.000ms group_by=  0.001ms per_group= 0.002ms)
[pe] round=404 work=        3 frontier=        6 next=        3 consolidate=  0.006ms frontier=  0.001ms semisort=  0.004ms (keyed= 0.000ms group_by=  0.000ms per_group= 0.002ms)
[pe] round=405 work=        3 frontier=       30 next=        3 consolidate=  0.006ms frontier=  0.001ms semisort=  0.008ms (keyed= 0.000ms group_by=  0.002ms per_group= 0.002ms)
[pe] round=406 work=        3 frontier=       12 next=        3 consolidate=  0.011ms frontier=  0.001ms semisort=  0.005ms (keyed= 0.000ms group_by=  0.001ms per_group= 0.002ms)
[pe] round=407 work=        3 frontier=       12 next=        3 consolidate=  0.006ms frontier=  0.001ms semisort=  0.005ms (keyed= 0.000ms group_by=  0.001ms per_group= 0.002ms)
[pe] round=408 work=        3 frontier=        6 next=        3 consolidate=  0.004ms frontier=  0.001ms semisort=  0.004ms (keyed= 0.000ms group_by=  0.000ms per_group= 0.002ms)
[pe] round=409 work=        3 frontier=       30 next=        3 consolidate=  0.005ms frontier=  0.001ms semisort=  0.014ms (keyed= 0.000ms group_by=  0.001ms per_group= 0.007ms)
[pe] round=410 work=        3 frontier=       12 next=        3 consolidate=  0.011ms frontier=  0.001ms semisort=  0.005ms (keyed= 0.000ms group_by=  0.001ms per_group= 0.002ms)
[pe] round=411 work=        3 frontier=       12 next=        3 consolidate=  0.003ms frontier=  0.000ms semisort=  0.003ms (keyed= 0.000ms group_by=  0.000ms per_group= 0.001ms)
[pe] round=412 work=        3 frontier=        6 next=        3 consolidate=  0.004ms frontier=  0.000ms semisort=  0.003ms (keyed= 0.000ms group_by=  0.000ms per_group= 0.001ms)
[pe] round=413 work=        3 frontier=       30 next=        3 consolidate=  0.004ms frontier=  0.000ms semisort=  0.006ms (keyed= 0.000ms group_by=  0.001ms per_group= 0.002ms)
[pe] round=414 work=        3 frontier=       12 next=        3 consolidate=  0.003ms frontier=  0.000ms semisort=  0.004ms (keyed= 0.000ms group_by=  0.000ms per_group= 0.001ms)
[pe] round=415 work=        3 frontier=       12 next=        3 consolidate=  0.004ms frontier=  0.000ms semisort=  0.003ms (keyed= 0.000ms group_by=  0.000ms per_group= 0.001ms)
[pe] round=416 work=        3 frontier=        6 next=        3 consolidate=  0.003ms frontier=  0.000ms semisort=  0.003ms (keyed= 0.000ms group_by=  0.000ms per_group= 0.001ms)
[pe] round=417 work=        3 frontier=       30 next=        3 consolidate=  0.003ms frontier=  0.000ms semisort=  0.006ms (keyed= 0.000ms group_by=  0.001ms per_group= 0.002ms)
[pe] round=418 work=        3 frontier=       12 next=        3 consolidate=  0.004ms frontier=  0.001ms semisort=  0.005ms (keyed= 0.000ms group_by=  0.001ms per_group= 0.002ms)
[pe] round=419 work=        3 frontier=       12 next=        3 consolidate=  0.004ms frontier=  0.001ms semisort=  0.004ms (keyed= 0.000ms group_by=  0.001ms per_group= 0.002ms)
[pe] round=420 work=        3 frontier=        6 next=        3 consolidate=  0.008ms frontier=  0.001ms semisort=  0.004ms (keyed= 0.000ms group_by=  0.000ms per_group= 0.002ms)
[pe] round=421 work=        3 frontier=       30 next=        3 consolidate=  0.005ms frontier=  0.001ms semisort=  0.012ms (keyed= 0.000ms group_by=  0.001ms per_group= 0.006ms)
[pe] round=422 work=        3 frontier=       12 next=        3 consolidate=  0.007ms frontier=  0.001ms semisort=  0.005ms (keyed= 0.000ms group_by=  0.001ms per_group= 0.002ms)
[pe] round=423 work=        3 frontier=       12 next=        3 consolidate=  0.006ms frontier=  0.001ms semisort=  0.004ms (keyed= 0.000ms group_by=  0.001ms per_group= 0.002ms)
[pe] round=424 work=        3 frontier=        6 next=        3 consolidate=  0.004ms frontier=  0.001ms semisort=  0.004ms (keyed= 0.000ms group_by=  0.000ms per_group= 0.002ms)
[pe] round=425 work=        3 frontier=       30 next=        3 consolidate=  0.004ms frontier=  0.001ms semisort=  0.009ms (keyed= 0.000ms group_by=  0.001ms per_group= 0.003ms)
[pe] round=426 work=        3 frontier=       12 next=        3 consolidate=  0.007ms frontier=  0.001ms semisort=  0.005ms (keyed= 0.000ms group_by=  0.001ms per_group= 0.002ms)
[pe] round=427 work=        3 frontier=       12 next=        3 consolidate=  0.006ms frontier=  0.001ms semisort=  0.006ms (keyed= 0.000ms group_by=  0.001ms per_group= 0.002ms)
[pe] round=428 work=        3 frontier=        6 next=        3 consolidate=  0.004ms frontier=  0.001ms semisort=  0.004ms (keyed= 0.000ms group_by=  0.000ms per_group= 0.002ms)
[pe] round=429 work=        3 frontier=       31 next=        3 consolidate=  0.006ms frontier=  0.001ms semisort=  0.019ms (keyed= 0.001ms group_by=  0.003ms per_group= 0.003ms)
[pe] round=430 work=        3 frontier=        6 next=        2 consolidate=  0.010ms frontier=  0.001ms semisort=  0.003ms (keyed= 0.000ms group_by=  0.000ms per_group= 0.001ms)
[pe] round=431 work=        2 (tail-skip: all parents empty)
[pe] round=  0 work= 10460911 frontier=  5950187 next=    47386 consolidate= 37.355ms frontier= 10.333ms semisort= 20.859ms (keyed= 8.646ms group_by=  0.423ms per_group= 4.673ms)
[pe] round=  1 work=    47386 frontier=   274132 next=    22307 consolidate=  1.305ms frontier=  0.355ms semisort=  1.668ms (keyed= 0.499ms group_by=  0.090ms per_group= 0.537ms)
[pe] round=  2 work=    22307 frontier=    94168 next=    11347 consolidate=  0.733ms frontier=  0.242ms semisort=  2.722ms (keyed= 0.063ms group_by=  2.085ms per_group= 0.238ms)
[pe] round=  3 work=    11347 frontier=    38990 next=     6320 consolidate=  0.540ms frontier=  0.197ms semisort=  1.088ms (keyed= 0.022ms group_by=  0.623ms per_group= 0.223ms)
[pe] round=  4 work=     6320 frontier=    18118 next=     3668 consolidate=  1.169ms frontier=  0.244ms semisort=  0.830ms (keyed= 0.026ms group_by=  0.412ms per_group= 0.163ms)
[pe] round=  5 work=     3668 frontier=    14200 next=     2998 consolidate=  0.615ms frontier=  0.156ms semisort=  0.677ms (keyed= 0.025ms group_by=  0.301ms per_group= 0.157ms)
[pe] round=  6 work=     2998 frontier=    14168 next=     2333 consolidate=  0.491ms frontier=  0.104ms semisort=  0.611ms (keyed= 0.023ms group_by=  0.281ms per_group= 0.143ms)
[pe] round=  7 work=     2333 frontier=    13358 next=     1381 consolidate=  0.427ms frontier=  0.123ms semisort=  0.644ms (keyed= 0.025ms group_by=  0.347ms per_group= 0.129ms)
[pe] round=  8 work=     1381 frontier=    14960 next=      914 consolidate=  0.318ms frontier=  0.069ms semisort=  0.630ms (keyed= 0.025ms group_by=  0.343ms per_group= 0.130ms)
[pe] round=  9 work=      914 frontier=     5537 next=      691 consolidate=  0.233ms frontier=  0.046ms semisort=  0.927ms (keyed= 0.019ms group_by=  0.709ms per_group= 0.097ms)
[pe] round= 10 work=      691 frontier=     9111 next=      460 consolidate=  0.207ms frontier=  0.051ms semisort=  1.084ms (keyed= 0.022ms group_by=  0.800ms per_group= 0.148ms)
[pe] round= 11 work=      460 frontier=     4999 next=      531 consolidate=  0.142ms frontier=  0.044ms semisort=  0.743ms (keyed= 0.022ms group_by=  0.527ms per_group= 0.091ms)
[pe] round= 12 work=      531 frontier=     4274 next=      372 consolidate=  0.158ms frontier=  0.049ms semisort=  0.683ms (keyed= 0.016ms group_by=  0.484ms per_group= 0.083ms)
[pe] round= 13 work=      372 frontier=     1790 next=      116 consolidate=  0.122ms frontier=  0.039ms semisort=  0.358ms (keyed= 0.010ms group_by=  0.213ms per_group= 0.049ms)
[pe] round= 14 work=      116 frontier=      268 next=       36 consolidate=  0.065ms frontier=  0.010ms semisort=  0.102ms (keyed= 0.002ms group_by=  0.036ms per_group= 0.024ms)
[pe] round= 15 work=       36 frontier=      116 next=       38 consolidate=  0.033ms frontier=  0.005ms semisort=  0.056ms (keyed= 0.001ms group_by=  0.014ms per_group= 0.018ms)
[pe] round= 16 work=       38 frontier=      182 next=       35 consolidate=  0.033ms frontier=  0.005ms semisort=  0.082ms (keyed= 0.001ms group_by=  0.028ms per_group= 0.023ms)
[pe] round= 17 work=       35 frontier=      122 next=       37 consolidate=  0.029ms frontier=  0.005ms semisort=  0.049ms (keyed= 0.001ms group_by=  0.010ms per_group= 0.024ms)
[pe] round= 18 work=       37 frontier=       80 next=       25 consolidate=  0.029ms frontier=  0.005ms semisort=  0.038ms (keyed= 0.000ms group_by=  0.007ms per_group= 0.020ms)
[pe] round= 19 work=       25 frontier=       76 next=       25 consolidate=  0.038ms frontier=  0.004ms semisort=  0.032ms (keyed= 0.000ms group_by=  0.006ms per_group= 0.016ms)
[pe] round= 20 work=       25 frontier=      138 next=       23 consolidate=  0.028ms frontier=  0.004ms semisort=  0.064ms (keyed= 0.001ms group_by=  0.014ms per_group= 0.030ms)
[pe] round= 21 work=       23 frontier=      102 next=       31 consolidate=  0.022ms frontier=  0.004ms semisort=  0.044ms (keyed= 0.001ms group_by=  0.008ms per_group= 0.023ms)
[pe] round= 22 work=       31 frontier=       76 next=       23 consolidate=  0.030ms frontier=  0.004ms semisort=  0.033ms (keyed= 0.000ms group_by=  0.006ms per_group= 0.017ms)
[pe] round= 23 work=       23 frontier=       68 next=       23 consolidate=  0.031ms frontier=  0.004ms semisort=  0.040ms (keyed= 0.001ms group_by=  0.006ms per_group= 0.017ms)
[pe] round= 24 work=       23 frontier=      134 next=       23 consolidate=  0.022ms frontier=  0.004ms semisort=  0.056ms (keyed= 0.001ms group_by=  0.010ms per_group= 0.024ms)
[pe] round= 25 work=       23 frontier=      102 next=       31 consolidate=  0.032ms frontier=  0.003ms semisort=  0.041ms (keyed= 0.001ms group_by=  0.007ms per_group= 0.021ms)
[pe] round= 26 work=       31 frontier=       76 next=       23 consolidate=  0.033ms frontier=  0.003ms semisort=  0.022ms (keyed= 0.000ms group_by=  0.004ms per_group= 0.011ms)
[pe] round= 27 work=       23 frontier=       68 next=       23 consolidate=  0.024ms frontier=  0.003ms semisort=  0.032ms (keyed= 0.001ms group_by=  0.007ms per_group= 0.011ms)
[pe] round= 28 work=       23 frontier=      134 next=       23 consolidate=  0.036ms frontier=  0.003ms semisort=  0.065ms (keyed= 0.001ms group_by=  0.012ms per_group= 0.031ms)
[pe] round= 29 work=       23 frontier=      102 next=       31 consolidate=  0.029ms frontier=  0.003ms semisort=  0.046ms (keyed= 0.001ms group_by=  0.009ms per_group= 0.022ms)
[pe] round= 30 work=       31 frontier=       76 next=       23 consolidate=  0.035ms frontier=  0.003ms semisort=  0.018ms (keyed= 0.000ms group_by=  0.004ms per_group= 0.008ms)
[pe] round= 31 work=       23 frontier=       68 next=       23 consolidate=  0.023ms frontier=  0.003ms semisort=  0.034ms (keyed= 0.001ms group_by=  0.006ms per_group= 0.017ms)
[pe] round= 32 work=       23 frontier=      134 next=       23 consolidate=  0.032ms frontier=  0.004ms semisort=  0.057ms (keyed= 0.001ms group_by=  0.012ms per_group= 0.023ms)
[pe] round= 33 work=       23 frontier=      102 next=       31 consolidate=  0.031ms frontier=  0.004ms semisort=  0.041ms (keyed= 0.001ms group_by=  0.007ms per_group= 0.020ms)
[pe] round= 34 work=       31 frontier=       76 next=       23 consolidate=  0.038ms frontier=  0.004ms semisort=  0.019ms (keyed= 0.000ms group_by=  0.005ms per_group= 0.008ms)
[pe] round= 35 work=       23 frontier=       68 next=       23 consolidate=  0.020ms frontier=  0.003ms semisort=  0.021ms (keyed= 0.000ms group_by=  0.003ms per_group= 0.011ms)
[pe] round= 36 work=       23 frontier=      134 next=       23 consolidate=  0.026ms frontier=  0.004ms semisort=  0.083ms (keyed= 0.001ms group_by=  0.012ms per_group= 0.035ms)
[pe] round= 37 work=       23 frontier=      102 next=       31 consolidate=  0.036ms frontier=  0.003ms semisort=  0.054ms (keyed= 0.001ms group_by=  0.009ms per_group= 0.023ms)
[pe] round= 38 work=       31 frontier=       76 next=       23 consolidate=  0.024ms frontier=  0.003ms semisort=  0.036ms (keyed= 0.000ms group_by=  0.006ms per_group= 0.020ms)
[pe] round= 39 work=       23 frontier=       68 next=       23 consolidate=  0.036ms frontier=  0.003ms semisort=  0.029ms (keyed= 0.000ms group_by=  0.004ms per_group= 0.016ms)
[pe] round= 40 work=       23 frontier=      134 next=       23 consolidate=  0.021ms frontier=  0.003ms semisort=  0.041ms (keyed= 0.001ms group_by=  0.008ms per_group= 0.017ms)
[pe] round= 41 work=       23 frontier=      102 next=       31 consolidate=  0.033ms frontier=  0.003ms semisort=  0.053ms (keyed= 0.001ms group_by=  0.009ms per_group= 0.025ms)
[pe] round= 42 work=       31 frontier=       76 next=       23 consolidate=  0.035ms frontier=  0.004ms semisort=  0.033ms (keyed= 0.001ms group_by=  0.006ms per_group= 0.012ms)
[pe] round= 43 work=       23 frontier=       68 next=       23 consolidate=  0.023ms frontier=  0.003ms semisort=  0.020ms (keyed= 0.000ms group_by=  0.002ms per_group= 0.010ms)
[pe] round= 44 work=       23 frontier=      134 next=       23 consolidate=  0.026ms frontier=  0.004ms semisort=  0.052ms (keyed= 0.001ms group_by=  0.008ms per_group= 0.027ms)
[pe] round= 45 work=       23 frontier=      102 next=       31 consolidate=  0.034ms frontier=  0.004ms semisort=  0.051ms (keyed= 0.001ms group_by=  0.009ms per_group= 0.025ms)
[pe] round= 46 work=       31 frontier=       76 next=       23 consolidate=  0.025ms frontier=  0.003ms semisort=  0.024ms (keyed= 0.000ms group_by=  0.005ms per_group= 0.011ms)
[pe] round= 47 work=       23 frontier=       68 next=       23 consolidate=  0.022ms frontier=  0.004ms semisort=  0.032ms (keyed= 0.001ms group_by=  0.006ms per_group= 0.013ms)
[pe] round= 48 work=       23 frontier=       22 next=       11 consolidate=  0.026ms frontier=  0.003ms semisort=  0.009ms (keyed= 0.001ms group_by=  0.001ms per_group= 0.004ms)
[pe] round= 49 work=       11 frontier=       62 next=       11 consolidate=  0.015ms frontier=  0.003ms semisort=  0.021ms (keyed= 0.000ms group_by=  0.002ms per_group= 0.013ms)
[pe] round= 50 work=       11 frontier=       28 next=       11 consolidate=  0.028ms frontier=  0.003ms semisort=  0.015ms (keyed= 0.000ms group_by=  0.002ms per_group= 0.008ms)
[pe] round= 51 work=       11 frontier=       44 next=       11 consolidate=  0.018ms frontier=  0.002ms semisort=  0.013ms (keyed= 0.000ms group_by=  0.003ms per_group= 0.006ms)
[pe] round= 52 work=       11 frontier=       22 next=       11 consolidate=  0.031ms frontier=  0.002ms semisort=  0.010ms (keyed= 0.000ms group_by=  0.001ms per_group= 0.005ms)
[pe] round= 53 work=       11 frontier=       62 next=       11 consolidate=  0.030ms frontier=  0.002ms semisort=  0.018ms (keyed= 0.000ms group_by=  0.003ms per_group= 0.007ms)
[pe] round= 54 work=       11 frontier=       28 next=       11 consolidate=  0.015ms frontier=  0.002ms semisort=  0.027ms (keyed= 0.000ms group_by=  0.002ms per_group= 0.021ms)
[pe] round= 55 work=       11 frontier=       44 next=       11 consolidate=  0.018ms frontier=  0.002ms semisort=  0.009ms (keyed= 0.000ms group_by=  0.001ms per_group= 0.004ms)
[pe] round= 56 work=       11 frontier=       22 next=       11 consolidate=  0.025ms frontier=  0.003ms semisort=  0.010ms (keyed= 0.000ms group_by=  0.001ms per_group= 0.005ms)
[pe] round= 57 work=       11 frontier=       62 next=       11 consolidate=  0.024ms frontier=  0.002ms semisort=  0.017ms (keyed= 0.000ms group_by=  0.003ms per_group= 0.007ms)
[pe] round= 58 work=       11 frontier=       28 next=       11 consolidate=  0.018ms frontier=  0.002ms semisort=  0.012ms (keyed= 0.000ms group_by=  0.002ms per_group= 0.006ms)
[pe] round= 59 work=       11 frontier=       44 next=       11 consolidate=  0.021ms frontier=  0.002ms semisort=  0.013ms (keyed= 0.000ms group_by=  0.002ms per_group= 0.005ms)
[pe] round= 60 work=       11 frontier=       22 next=       11 consolidate=  0.026ms frontier=  0.002ms semisort=  0.010ms (keyed= 0.000ms group_by=  0.002ms per_group= 0.005ms)
[pe] round= 61 work=       11 frontier=       62 next=       11 consolidate=  0.020ms frontier=  0.003ms semisort=  0.031ms (keyed= 0.000ms group_by=  0.004ms per_group= 0.019ms)
[pe] round= 62 work=       11 frontier=       28 next=       11 consolidate=  0.017ms frontier=  0.002ms semisort=  0.012ms (keyed= 0.000ms group_by=  0.002ms per_group= 0.006ms)
[pe] round= 63 work=       11 frontier=       44 next=       11 consolidate=  0.015ms frontier=  0.002ms semisort=  0.014ms (keyed= 0.000ms group_by=  0.003ms per_group= 0.005ms)
[pe] round= 64 work=       11 frontier=       22 next=       11 consolidate=  0.018ms frontier=  0.002ms semisort=  0.017ms (keyed= 0.000ms group_by=  0.001ms per_group= 0.011ms)
[pe] round= 65 work=       11 frontier=       62 next=       11 consolidate=  0.020ms frontier=  0.002ms semisort=  0.013ms (keyed= 0.000ms group_by=  0.002ms per_group= 0.005ms)
[pe] round= 66 work=       11 frontier=       28 next=       11 consolidate=  0.016ms frontier=  0.002ms semisort=  0.011ms (keyed= 0.000ms group_by=  0.002ms per_group= 0.005ms)
[pe] round= 67 work=       11 frontier=       44 next=       11 consolidate=  0.013ms frontier=  0.002ms semisort=  0.016ms (keyed= 0.000ms group_by=  0.002ms per_group= 0.008ms)
[pe] round= 68 work=       11 frontier=       22 next=       11 consolidate=  0.020ms frontier=  0.002ms semisort=  0.010ms (keyed= 0.000ms group_by=  0.001ms per_group= 0.005ms)
[pe] round= 69 work=       11 frontier=       62 next=       11 consolidate=  0.017ms frontier=  0.002ms semisort=  0.027ms (keyed= 0.000ms group_by=  0.003ms per_group= 0.015ms)
[pe] round= 70 work=       11 frontier=       28 next=       11 consolidate=  0.015ms frontier=  0.002ms semisort=  0.012ms (keyed= 0.000ms group_by=  0.002ms per_group= 0.006ms)
[pe] round= 71 work=       11 frontier=       44 next=       11 consolidate=  0.023ms frontier=  0.002ms semisort=  0.012ms (keyed= 0.000ms group_by=  0.002ms per_group= 0.005ms)
[pe] round= 72 work=       11 frontier=       22 next=       11 consolidate=  0.017ms frontier=  0.002ms semisort=  0.009ms (keyed= 0.000ms group_by=  0.001ms per_group= 0.005ms)
[pe] round= 73 work=       11 frontier=       62 next=       11 consolidate=  0.023ms frontier=  0.002ms semisort=  0.039ms (keyed= 0.000ms group_by=  0.003ms per_group= 0.019ms)
[pe] round= 74 work=       11 frontier=       28 next=       11 consolidate=  0.013ms frontier=  0.002ms semisort=  0.011ms (keyed= 0.000ms group_by=  0.002ms per_group= 0.005ms)
[pe] round= 75 work=       11 frontier=       44 next=       11 consolidate=  0.021ms frontier=  0.002ms semisort=  0.013ms (keyed= 0.000ms group_by=  0.003ms per_group= 0.005ms)
[pe] round= 76 work=       11 frontier=       22 next=       11 consolidate=  0.019ms frontier=  0.001ms semisort=  0.008ms (keyed= 0.000ms group_by=  0.001ms per_group= 0.004ms)
[pe] round= 77 work=       11 frontier=       62 next=       11 consolidate=  0.012ms frontier=  0.002ms semisort=  0.028ms (keyed= 0.000ms group_by=  0.002ms per_group= 0.019ms)
[pe] round= 78 work=       11 frontier=       28 next=       11 consolidate=  0.020ms frontier=  0.002ms semisort=  0.016ms (keyed= 0.000ms group_by=  0.002ms per_group= 0.009ms)
[pe] round= 79 work=       11 frontier=       44 next=       11 consolidate=  0.021ms frontier=  0.002ms semisort=  0.013ms (keyed= 0.000ms group_by=  0.003ms per_group= 0.005ms)
[pe] round= 80 work=       11 frontier=       22 next=       11 consolidate=  0.013ms frontier=  0.002ms semisort=  0.010ms (keyed= 0.000ms group_by=  0.002ms per_group= 0.005ms)
[pe] round= 81 work=       11 frontier=       62 next=       11 consolidate=  0.016ms frontier=  0.002ms semisort=  0.027ms (keyed= 0.000ms group_by=  0.003ms per_group= 0.016ms)
[pe] round= 82 work=       11 frontier=       28 next=       11 consolidate=  0.014ms frontier=  0.002ms semisort=  0.018ms (keyed= 0.000ms group_by=  0.002ms per_group= 0.011ms)
[pe] round= 83 work=       11 frontier=       44 next=       11 consolidate=  0.019ms frontier=  0.002ms semisort=  0.013ms (keyed= 0.000ms group_by=  0.003ms per_group= 0.005ms)
[pe] round= 84 work=       11 frontier=       22 next=       11 consolidate=  0.014ms frontier=  0.002ms semisort=  0.007ms (keyed= 0.000ms group_by=  0.001ms per_group= 0.004ms)
[pe] round= 85 work=       11 frontier=       62 next=       11 consolidate=  0.020ms frontier=  0.002ms semisort=  0.019ms (keyed= 0.000ms group_by=  0.002ms per_group= 0.011ms)
[pe] round= 86 work=       11 frontier=       28 next=       11 consolidate=  0.020ms frontier=  0.002ms semisort=  0.011ms (keyed= 0.000ms group_by=  0.002ms per_group= 0.005ms)
[pe] round= 87 work=       11 frontier=       44 next=       11 consolidate=  0.024ms frontier=  0.002ms semisort=  0.012ms (keyed= 0.000ms group_by=  0.002ms per_group= 0.005ms)
[pe] round= 88 work=       11 frontier=       22 next=       11 consolidate=  0.019ms frontier=  0.002ms semisort=  0.010ms (keyed= 0.000ms group_by=  0.001ms per_group= 0.005ms)
[pe] round= 89 work=       11 frontier=       62 next=       11 consolidate=  0.017ms frontier=  0.002ms semisort=  0.017ms (keyed= 0.000ms group_by=  0.003ms per_group= 0.007ms)
[pe] round= 90 work=       11 frontier=       28 next=       11 consolidate=  0.028ms frontier=  0.003ms semisort=  0.011ms (keyed= 0.000ms group_by=  0.002ms per_group= 0.005ms)
[pe] round= 91 work=       11 frontier=       44 next=       11 consolidate=  0.026ms frontier=  0.002ms semisort=  0.012ms (keyed= 0.000ms group_by=  0.002ms per_group= 0.005ms)
[pe] round= 92 work=       11 frontier=       22 next=       11 consolidate=  0.018ms frontier=  0.002ms semisort=  0.010ms (keyed= 0.000ms group_by=  0.001ms per_group= 0.005ms)
[pe] round= 93 work=       11 frontier=       62 next=       11 consolidate=  0.020ms frontier=  0.002ms semisort=  0.019ms (keyed= 0.000ms group_by=  0.003ms per_group= 0.008ms)
[pe] round= 94 work=       11 frontier=       28 next=       11 consolidate=  0.022ms frontier=  0.002ms semisort=  0.029ms (keyed= 0.000ms group_by=  0.001ms per_group= 0.022ms)
[pe] round= 95 work=       11 frontier=       44 next=       11 consolidate=  0.019ms frontier=  0.002ms semisort=  0.012ms (keyed= 0.000ms group_by=  0.002ms per_group= 0.005ms)
[pe] round= 96 work=       11 frontier=       22 next=       11 consolidate=  0.017ms frontier=  0.002ms semisort=  0.020ms (keyed= 0.000ms group_by=  0.001ms per_group= 0.015ms)
[pe] round= 97 work=       11 frontier=       62 next=       11 consolidate=  0.029ms frontier=  0.003ms semisort=  0.027ms (keyed= 0.000ms group_by=  0.003ms per_group= 0.015ms)
[pe] round= 98 work=       11 frontier=       28 next=       11 consolidate=  0.024ms frontier=  0.002ms semisort=  0.008ms (keyed= 0.000ms group_by=  0.001ms per_group= 0.004ms)
[pe] round= 99 work=       11 frontier=       44 next=       11 consolidate=  0.017ms frontier=  0.002ms semisort=  0.009ms (keyed= 0.000ms group_by=  0.002ms per_group= 0.003ms)
[pe] round=100 work=       11 frontier=       22 next=       11 consolidate=  0.016ms frontier=  0.002ms semisort=  0.010ms (keyed= 0.000ms group_by=  0.002ms per_group= 0.005ms)
[pe] round=101 work=       11 frontier=       62 next=       11 consolidate=  0.022ms frontier=  0.002ms semisort=  0.032ms (keyed= 0.000ms group_by=  0.003ms per_group= 0.021ms)
[pe] round=102 work=       11 frontier=       28 next=       11 consolidate=  0.018ms frontier=  0.002ms semisort=  0.015ms (keyed= 0.000ms group_by=  0.002ms per_group= 0.008ms)
[pe] round=103 work=       11 frontier=       44 next=       11 consolidate=  0.023ms frontier=  0.002ms semisort=  0.013ms (keyed= 0.000ms group_by=  0.003ms per_group= 0.005ms)
[pe] round=104 work=       11 frontier=       22 next=       11 consolidate=  0.013ms frontier=  0.002ms semisort=  0.010ms (keyed= 0.000ms group_by=  0.001ms per_group= 0.005ms)
[pe] round=105 work=       11 frontier=       62 next=       11 consolidate=  0.018ms frontier=  0.002ms semisort=  0.018ms (keyed= 0.000ms group_by=  0.003ms per_group= 0.007ms)
[pe] round=106 work=       11 frontier=       28 next=       11 consolidate=  0.023ms frontier=  0.002ms semisort=  0.015ms (keyed= 0.000ms group_by=  0.002ms per_group= 0.008ms)
[pe] round=107 work=       11 frontier=       44 next=       11 consolidate=  0.024ms frontier=  0.002ms semisort=  0.009ms (keyed= 0.000ms group_by=  0.001ms per_group= 0.004ms)
[pe] round=108 work=       11 frontier=       22 next=       11 consolidate=  0.013ms frontier=  0.002ms semisort=  0.010ms (keyed= 0.000ms group_by=  0.002ms per_group= 0.005ms)
[pe] round=109 work=       11 frontier=       62 next=       11 consolidate=  0.018ms frontier=  0.002ms semisort=  0.042ms (keyed= 0.000ms group_by=  0.003ms per_group= 0.031ms)
[pe] round=110 work=       11 frontier=       28 next=       11 consolidate=  0.046ms frontier=  0.002ms semisort=  0.014ms (keyed= 0.000ms group_by=  0.002ms per_group= 0.007ms)
[pe] round=111 work=       11 frontier=       44 next=       11 consolidate=  0.023ms frontier=  0.002ms semisort=  0.012ms (keyed= 0.000ms group_by=  0.003ms per_group= 0.005ms)
[pe] round=112 work=       11 frontier=       22 next=       11 consolidate=  0.022ms frontier=  0.002ms semisort=  0.010ms (keyed= 0.000ms group_by=  0.001ms per_group= 0.005ms)
[pe] round=113 work=       11 frontier=       62 next=       11 consolidate=  0.023ms frontier=  0.002ms semisort=  0.018ms (keyed= 0.000ms group_by=  0.003ms per_group= 0.007ms)
[pe] round=114 work=       11 frontier=       28 next=       11 consolidate=  0.024ms frontier=  0.002ms semisort=  0.008ms (keyed= 0.000ms group_by=  0.001ms per_group= 0.004ms)
[pe] round=115 work=       11 frontier=       44 next=       11 consolidate=  0.013ms frontier=  0.002ms semisort=  0.011ms (keyed= 0.000ms group_by=  0.002ms per_group= 0.005ms)
[pe] round=116 work=       11 frontier=       22 next=       11 consolidate=  0.016ms frontier=  0.002ms semisort=  0.010ms (keyed= 0.000ms group_by=  0.001ms per_group= 0.005ms)
[pe] round=117 work=       11 frontier=       62 next=       11 consolidate=  0.020ms frontier=  0.002ms semisort=  0.034ms (keyed= 0.001ms group_by=  0.005ms per_group= 0.016ms)
[pe] round=118 work=       11 frontier=       28 next=       11 consolidate=  0.028ms frontier=  0.002ms semisort=  0.022ms (keyed= 0.000ms group_by=  0.002ms per_group= 0.014ms)
[pe] round=119 work=       11 frontier=       44 next=       11 consolidate=  0.029ms frontier=  0.002ms semisort=  0.013ms (keyed= 0.000ms group_by=  0.002ms per_group= 0.005ms)
[pe] round=120 work=       11 frontier=       22 next=       11 consolidate=  0.021ms frontier=  0.002ms semisort=  0.010ms (keyed= 0.000ms group_by=  0.001ms per_group= 0.005ms)
[pe] round=121 work=       11 frontier=       62 next=       11 consolidate=  0.016ms frontier=  0.002ms semisort=  0.019ms (keyed= 0.000ms group_by=  0.003ms per_group= 0.007ms)
[pe] round=122 work=       11 frontier=       28 next=       11 consolidate=  0.014ms frontier=  0.002ms semisort=  0.014ms (keyed= 0.000ms group_by=  0.002ms per_group= 0.007ms)
[pe] round=123 work=       11 frontier=       44 next=       11 consolidate=  0.023ms frontier=  0.002ms semisort=  0.012ms (keyed= 0.000ms group_by=  0.002ms per_group= 0.005ms)
[pe] round=124 work=       11 frontier=       22 next=       11 consolidate=  0.017ms frontier=  0.002ms semisort=  0.010ms (keyed= 0.000ms group_by=  0.001ms per_group= 0.005ms)
[pe] round=125 work=       11 frontier=       62 next=       11 consolidate=  0.017ms frontier=  0.002ms semisort=  0.027ms (keyed= 0.000ms group_by=  0.003ms per_group= 0.016ms)
[pe] round=126 work=       11 frontier=       28 next=       11 consolidate=  0.026ms frontier=  0.002ms semisort=  0.016ms (keyed= 0.000ms group_by=  0.002ms per_group= 0.009ms)
[pe] round=127 work=       11 frontier=       44 next=       11 consolidate=  0.015ms frontier=  0.002ms semisort=  0.013ms (keyed= 0.000ms group_by=  0.002ms per_group= 0.005ms)
[pe] round=128 work=       11 frontier=       22 next=       11 consolidate=  0.016ms frontier=  0.002ms semisort=  0.010ms (keyed= 0.000ms group_by=  0.002ms per_group= 0.005ms)
[pe] round=129 work=       11 frontier=       62 next=       11 consolidate=  0.024ms frontier=  0.002ms semisort=  0.019ms (keyed= 0.000ms group_by=  0.003ms per_group= 0.007ms)
[pe] round=130 work=       11 frontier=       28 next=       11 consolidate=  0.015ms frontier=  0.002ms semisort=  0.012ms (keyed= 0.000ms group_by=  0.002ms per_group= 0.005ms)
[pe] round=131 work=       11 frontier=       44 next=       11 consolidate=  0.012ms frontier=  0.002ms semisort=  0.009ms (keyed= 0.000ms group_by=  0.002ms per_group= 0.004ms)
[pe] round=132 work=       11 frontier=       22 next=       11 consolidate=  0.021ms frontier=  0.002ms semisort=  0.009ms (keyed= 0.000ms group_by=  0.001ms per_group= 0.005ms)
[pe] round=133 work=       11 frontier=       62 next=       11 consolidate=  0.024ms frontier=  0.002ms semisort=  0.018ms (keyed= 0.000ms group_by=  0.003ms per_group= 0.007ms)
[pe] round=134 work=       11 frontier=       28 next=       11 consolidate=  0.021ms frontier=  0.002ms semisort=  0.011ms (keyed= 0.000ms group_by=  0.002ms per_group= 0.005ms)
[pe] round=135 work=       11 frontier=       44 next=       11 consolidate=  0.015ms frontier=  0.002ms semisort=  0.012ms (keyed= 0.000ms group_by=  0.002ms per_group= 0.005ms)
[pe] round=136 work=       11 frontier=       22 next=       11 consolidate=  0.017ms frontier=  0.002ms semisort=  0.011ms (keyed= 0.000ms group_by=  0.001ms per_group= 0.005ms)
[pe] round=137 work=       11 frontier=       62 next=       11 consolidate=  0.016ms frontier=  0.002ms semisort=  0.034ms (keyed= 0.000ms group_by=  0.003ms per_group= 0.022ms)
[pe] round=138 work=       11 frontier=       28 next=       11 consolidate=  0.018ms frontier=  0.002ms semisort=  0.012ms (keyed= 0.000ms group_by=  0.002ms per_group= 0.007ms)
[pe] round=139 work=       11 frontier=       44 next=       11 consolidate=  0.021ms frontier=  0.002ms semisort=  0.013ms (keyed= 0.000ms group_by=  0.002ms per_group= 0.005ms)
[pe] round=140 work=       11 frontier=       22 next=       11 consolidate=  0.012ms frontier=  0.002ms semisort=  0.010ms (keyed= 0.000ms group_by=  0.001ms per_group= 0.005ms)
[pe] round=141 work=       11 frontier=       62 next=       11 consolidate=  0.015ms frontier=  0.002ms semisort=  0.024ms (keyed= 0.000ms group_by=  0.003ms per_group= 0.013ms)
[pe] round=142 work=       11 frontier=       28 next=       11 consolidate=  0.015ms frontier=  0.002ms semisort=  0.018ms (keyed= 0.000ms group_by=  0.002ms per_group= 0.011ms)
[pe] round=143 work=       11 frontier=       44 next=       11 consolidate=  0.018ms frontier=  0.002ms semisort=  0.013ms (keyed= 0.000ms group_by=  0.003ms per_group= 0.005ms)
[pe] round=144 work=       11 frontier=       22 next=       11 consolidate=  0.026ms frontier=  0.002ms semisort=  0.010ms (keyed= 0.000ms group_by=  0.001ms per_group= 0.005ms)
[pe] round=145 work=       11 frontier=       62 next=       11 consolidate=  0.019ms frontier=  0.003ms semisort=  0.018ms (keyed= 0.000ms group_by=  0.003ms per_group= 0.007ms)
[pe] round=146 work=       11 frontier=       28 next=       11 consolidate=  0.019ms frontier=  0.002ms semisort=  0.010ms (keyed= 0.000ms group_by=  0.002ms per_group= 0.004ms)
[pe] round=147 work=       11 frontier=       44 next=       11 consolidate=  0.012ms frontier=  0.001ms semisort=  0.008ms (keyed= 0.000ms group_by=  0.001ms per_group= 0.004ms)
[pe] round=148 work=       11 frontier=       22 next=       11 consolidate=  0.014ms frontier=  0.002ms semisort=  0.008ms (keyed= 0.000ms group_by=  0.001ms per_group= 0.004ms)
[pe] round=149 work=       11 frontier=       62 next=       11 consolidate=  0.021ms frontier=  0.002ms semisort=  0.025ms (keyed= 0.000ms group_by=  0.004ms per_group= 0.013ms)
[pe] round=150 work=       11 frontier=       28 next=       11 consolidate=  0.017ms frontier=  0.002ms semisort=  0.016ms (keyed= 0.000ms group_by=  0.002ms per_group= 0.009ms)
[pe] round=151 work=       11 frontier=       44 next=       11 consolidate=  0.016ms frontier=  0.002ms semisort=  0.013ms (keyed= 0.000ms group_by=  0.002ms per_group= 0.005ms)
[pe] round=152 work=       11 frontier=       22 next=       11 consolidate=  0.024ms frontier=  0.002ms semisort=  0.010ms (keyed= 0.000ms group_by=  0.002ms per_group= 0.005ms)
[pe] round=153 work=       11 frontier=       62 next=       11 consolidate=  0.018ms frontier=  0.002ms semisort=  0.018ms (keyed= 0.000ms group_by=  0.003ms per_group= 0.008ms)
[pe] round=154 work=       11 frontier=       28 next=       11 consolidate=  0.016ms frontier=  0.002ms semisort=  0.016ms (keyed= 0.000ms group_by=  0.002ms per_group= 0.008ms)
[pe] round=155 work=       11 frontier=       44 next=       11 consolidate=  0.022ms frontier=  0.002ms semisort=  0.009ms (keyed= 0.000ms group_by=  0.001ms per_group= 0.004ms)
[pe] round=156 work=       11 frontier=       22 next=       11 consolidate=  0.012ms frontier=  0.002ms semisort=  0.028ms (keyed= 0.000ms group_by=  0.001ms per_group= 0.023ms)
[pe] round=157 work=       11 frontier=       62 next=       11 consolidate=  0.017ms frontier=  0.002ms semisort=  0.018ms (keyed= 0.000ms group_by=  0.003ms per_group= 0.007ms)
[pe] round=158 work=       11 frontier=       28 next=       11 consolidate=  0.022ms frontier=  0.002ms semisort=  0.012ms (keyed= 0.000ms group_by=  0.002ms per_group= 0.006ms)
[pe] round=159 work=       11 frontier=       44 next=       11 consolidate=  0.015ms frontier=  0.002ms semisort=  0.012ms (keyed= 0.000ms group_by=  0.002ms per_group= 0.005ms)
[pe] round=160 work=       11 frontier=       22 next=       11 consolidate=  0.014ms frontier=  0.002ms semisort=  0.010ms (keyed= 0.000ms group_by=  0.001ms per_group= 0.005ms)
[pe] round=161 work=       11 frontier=       62 next=       11 consolidate=  0.024ms frontier=  0.002ms semisort=  0.018ms (keyed= 0.000ms group_by=  0.003ms per_group= 0.007ms)
[pe] round=162 work=       11 frontier=       28 next=       11 consolidate=  0.021ms frontier=  0.002ms semisort=  0.011ms (keyed= 0.000ms group_by=  0.002ms per_group= 0.005ms)
[pe] round=163 work=       11 frontier=       44 next=       11 consolidate=  0.026ms frontier=  0.002ms semisort=  0.030ms (keyed= 0.001ms group_by=  0.004ms per_group= 0.006ms)
[pe] round=164 work=       11 frontier=       22 next=       11 consolidate=  0.016ms frontier=  0.002ms semisort=  0.010ms (keyed= 0.000ms group_by=  0.001ms per_group= 0.005ms)
[pe] round=165 work=       11 frontier=       62 next=       11 consolidate=  0.023ms frontier=  0.002ms semisort=  0.022ms (keyed= 0.000ms group_by=  0.003ms per_group= 0.011ms)
[pe] round=166 work=       11 frontier=       28 next=       11 consolidate=  0.015ms frontier=  0.002ms semisort=  0.012ms (keyed= 0.000ms group_by=  0.002ms per_group= 0.006ms)
[pe] round=167 work=       11 frontier=       44 next=       11 consolidate=  0.015ms frontier=  0.002ms semisort=  0.012ms (keyed= 0.000ms group_by=  0.003ms per_group= 0.005ms)
[pe] round=168 work=       11 frontier=       22 next=       11 consolidate=  0.014ms frontier=  0.002ms semisort=  0.010ms (keyed= 0.000ms group_by=  0.001ms per_group= 0.005ms)
[pe] round=169 work=       11 frontier=       62 next=       11 consolidate=  0.019ms frontier=  0.002ms semisort=  0.028ms (keyed= 0.000ms group_by=  0.002ms per_group= 0.020ms)
[pe] round=170 work=       11 frontier=       28 next=       11 consolidate=  0.013ms frontier=  0.002ms semisort=  0.015ms (keyed= 0.000ms group_by=  0.002ms per_group= 0.008ms)
[pe] round=171 work=       11 frontier=       44 next=       11 consolidate=  0.021ms frontier=  0.002ms semisort=  0.013ms (keyed= 0.000ms group_by=  0.003ms per_group= 0.006ms)
[pe] round=172 work=       11 frontier=       22 next=       11 consolidate=  0.015ms frontier=  0.002ms semisort=  0.010ms (keyed= 0.000ms group_by=  0.002ms per_group= 0.005ms)
[pe] round=173 work=       11 frontier=       62 next=       11 consolidate=  0.018ms frontier=  0.002ms semisort=  0.018ms (keyed= 0.000ms group_by=  0.003ms per_group= 0.007ms)
[pe] round=174 work=       11 frontier=       28 next=       11 consolidate=  0.011ms frontier=  0.002ms semisort=  0.012ms (keyed= 0.000ms group_by=  0.002ms per_group= 0.006ms)
[pe] round=175 work=       11 frontier=       44 next=       11 consolidate=  0.023ms frontier=  0.002ms semisort=  0.012ms (keyed= 0.000ms group_by=  0.002ms per_group= 0.005ms)
[pe] round=176 work=       11 frontier=       22 next=       11 consolidate=  0.021ms frontier=  0.002ms semisort=  0.010ms (keyed= 0.000ms group_by=  0.001ms per_group= 0.005ms)
[pe] round=177 work=       11 frontier=       62 next=       11 consolidate=  0.025ms frontier=  0.002ms semisort=  0.035ms (keyed= 0.000ms group_by=  0.003ms per_group= 0.022ms)
[pe] round=178 work=       11 frontier=       28 next=       11 consolidate=  0.019ms frontier=  0.002ms semisort=  0.010ms (keyed= 0.000ms group_by=  0.001ms per_group= 0.005ms)
[pe] round=179 work=       11 frontier=       44 next=       11 consolidate=  0.030ms frontier=  0.002ms semisort=  0.020ms (keyed= 0.000ms group_by=  0.002ms per_group= 0.013ms)
[pe] round=180 work=       11 frontier=       22 next=       11 consolidate=  0.024ms frontier=  0.002ms semisort=  0.010ms (keyed= 0.000ms group_by=  0.001ms per_group= 0.005ms)
[pe] round=181 work=       11 frontier=       62 next=       11 consolidate=  0.012ms frontier=  0.002ms semisort=  0.018ms (keyed= 0.000ms group_by=  0.003ms per_group= 0.007ms)
[pe] round=182 work=       11 frontier=       28 next=       11 consolidate=  0.012ms frontier=  0.002ms semisort=  0.016ms (keyed= 0.000ms group_by=  0.002ms per_group= 0.008ms)
[pe] round=183 work=       11 frontier=       44 next=       11 consolidate=  0.015ms frontier=  0.002ms semisort=  0.012ms (keyed= 0.000ms group_by=  0.002ms per_group= 0.005ms)
[pe] round=184 work=       11 frontier=       22 next=       11 consolidate=  0.019ms frontier=  0.002ms semisort=  0.026ms (keyed= 0.000ms group_by=  0.001ms per_group= 0.018ms)
[pe] round=185 work=       11 frontier=       62 next=       11 consolidate=  0.017ms frontier=  0.002ms semisort=  0.033ms (keyed= 0.000ms group_by=  0.003ms per_group= 0.021ms)
[pe] round=186 work=       11 frontier=       28 next=       11 consolidate=  0.023ms frontier=  0.002ms semisort=  0.011ms (keyed= 0.000ms group_by=  0.002ms per_group= 0.005ms)
[pe] round=187 work=       11 frontier=       44 next=       11 consolidate=  0.020ms frontier=  0.002ms semisort=  0.013ms (keyed= 0.000ms group_by=  0.003ms per_group= 0.005ms)
[pe] round=188 work=       11 frontier=       22 next=       11 consolidate=  0.021ms frontier=  0.002ms semisort=  0.010ms (keyed= 0.000ms group_by=  0.001ms per_group= 0.005ms)
[pe] round=189 work=       11 frontier=       62 next=       11 consolidate=  0.012ms frontier=  0.002ms semisort=  0.013ms (keyed= 0.000ms group_by=  0.002ms per_group= 0.005ms)
[pe] round=190 work=       11 frontier=       28 next=       11 consolidate=  0.011ms frontier=  0.002ms semisort=  0.010ms (keyed= 0.000ms group_by=  0.001ms per_group= 0.005ms)
[pe] round=191 work=       11 frontier=       44 next=       11 consolidate=  0.013ms frontier=  0.002ms semisort=  0.013ms (keyed= 0.000ms group_by=  0.002ms per_group= 0.006ms)
[pe] round=192 work=       11 frontier=       22 next=       11 consolidate=  0.018ms frontier=  0.002ms semisort=  0.009ms (keyed= 0.000ms group_by=  0.001ms per_group= 0.005ms)
[pe] round=193 work=       11 frontier=       62 next=       11 consolidate=  0.030ms frontier=  0.002ms semisort=  0.026ms (keyed= 0.000ms group_by=  0.003ms per_group= 0.014ms)
[pe] round=194 work=       11 frontier=       28 next=       11 consolidate=  0.019ms frontier=  0.003ms semisort=  0.012ms (keyed= 0.000ms group_by=  0.002ms per_group= 0.005ms)
[pe] round=195 work=       11 frontier=       44 next=       11 consolidate=  0.020ms frontier=  0.002ms semisort=  0.012ms (keyed= 0.000ms group_by=  0.003ms per_group= 0.005ms)
[pe] round=196 work=       11 frontier=       22 next=       11 consolidate=  0.015ms frontier=  0.002ms semisort=  0.010ms (keyed= 0.000ms group_by=  0.001ms per_group= 0.006ms)
[pe] round=197 work=       11 frontier=       62 next=       11 consolidate=  0.025ms frontier=  0.002ms semisort=  0.021ms (keyed= 0.000ms group_by=  0.003ms per_group= 0.009ms)
[pe] round=198 work=       11 frontier=       28 next=       11 consolidate=  0.031ms frontier=  0.002ms semisort=  0.013ms (keyed= 0.000ms group_by=  0.002ms per_group= 0.007ms)
[pe] round=199 work=       11 frontier=       44 next=       11 consolidate=  0.028ms frontier=  0.002ms semisort=  0.013ms (keyed= 0.000ms group_by=  0.003ms per_group= 0.005ms)
[pe] round=200 work=       11 frontier=       22 next=       11 consolidate=  0.020ms frontier=  0.002ms semisort=  0.010ms (keyed= 0.000ms group_by=  0.001ms per_group= 0.005ms)
[pe] round=201 work=       11 frontier=       62 next=       11 consolidate=  0.022ms frontier=  0.002ms semisort=  0.013ms (keyed= 0.000ms group_by=  0.002ms per_group= 0.005ms)
[pe] round=202 work=       11 frontier=       28 next=       11 consolidate=  0.014ms frontier=  0.002ms semisort=  0.011ms (keyed= 0.000ms group_by=  0.002ms per_group= 0.005ms)
[pe] round=203 work=       11 frontier=       44 next=       11 consolidate=  0.036ms frontier=  0.002ms semisort=  0.012ms (keyed= 0.000ms group_by=  0.002ms per_group= 0.005ms)
[pe] round=204 work=       11 frontier=       22 next=       11 consolidate=  0.022ms frontier=  0.002ms semisort=  0.010ms (keyed= 0.000ms group_by=  0.001ms per_group= 0.005ms)
[pe] round=205 work=       11 frontier=       62 next=       11 consolidate=  0.021ms frontier=  0.002ms semisort=  0.018ms (keyed= 0.000ms group_by=  0.003ms per_group= 0.007ms)
[pe] round=206 work=       11 frontier=       28 next=       11 consolidate=  0.017ms frontier=  0.002ms semisort=  0.012ms (keyed= 0.000ms group_by=  0.002ms per_group= 0.006ms)
[pe] round=207 work=       11 frontier=       44 next=       11 consolidate=  0.026ms frontier=  0.002ms semisort=  0.013ms (keyed= 0.000ms group_by=  0.002ms per_group= 0.005ms)
[pe] round=208 work=       11 frontier=       22 next=       11 consolidate=  0.009ms frontier=  0.002ms semisort=  0.007ms (keyed= 0.000ms group_by=  0.001ms per_group= 0.004ms)
[pe] round=209 work=       11 frontier=       70 next=       11 consolidate=  0.034ms frontier=  0.002ms semisort=  0.029ms (keyed= 0.001ms group_by=  0.005ms per_group= 0.015ms)
[pe] round=210 work=       11 frontier=       28 next=        7 consolidate=  0.016ms frontier=  0.002ms semisort=  0.011ms (keyed= 0.000ms group_by=  0.002ms per_group= 0.004ms)
[pe] round=211 work=        7 frontier=       28 next=        7 consolidate=  0.015ms frontier=  0.002ms semisort=  0.009ms (keyed= 0.000ms group_by=  0.001ms per_group= 0.004ms)
[pe] round=212 work=        7 frontier=       14 next=        7 consolidate=  0.020ms frontier=  0.002ms semisort=  0.007ms (keyed= 0.000ms group_by=  0.001ms per_group= 0.004ms)
[pe] round=213 work=        7 frontier=       46 next=        7 consolidate=  0.016ms frontier=  0.002ms semisort=  0.020ms (keyed= 0.000ms group_by=  0.002ms per_group= 0.011ms)
[pe] round=214 work=        7 frontier=       20 next=        7 consolidate=  0.011ms frontier=  0.001ms semisort=  0.009ms (keyed= 0.000ms group_by=  0.002ms per_group= 0.004ms)
[pe] round=215 work=        7 frontier=       28 next=        7 consolidate=  0.027ms frontier=  0.001ms semisort=  0.009ms (keyed= 0.000ms group_by=  0.002ms per_group= 0.003ms)
[pe] round=216 work=        7 frontier=       14 next=        7 consolidate=  0.019ms frontier=  0.002ms semisort=  0.007ms (keyed= 0.000ms group_by=  0.001ms per_group= 0.003ms)
[pe] round=217 work=        7 frontier=       46 next=        7 consolidate=  0.016ms frontier=  0.001ms semisort=  0.013ms (keyed= 0.000ms group_by=  0.002ms per_group= 0.005ms)
[pe] round=218 work=        7 frontier=       20 next=        7 consolidate=  0.012ms frontier=  0.002ms semisort=  0.009ms (keyed= 0.000ms group_by=  0.001ms per_group= 0.004ms)
[pe] round=219 work=        7 frontier=       28 next=        7 consolidate=  0.020ms frontier=  0.002ms semisort=  0.008ms (keyed= 0.000ms group_by=  0.001ms per_group= 0.003ms)
[pe] round=220 work=        7 frontier=       14 next=        7 consolidate=  0.024ms frontier=  0.002ms semisort=  0.007ms (keyed= 0.000ms group_by=  0.001ms per_group= 0.004ms)
[pe] round=221 work=        7 frontier=       46 next=        7 consolidate=  0.010ms frontier=  0.001ms semisort=  0.016ms (keyed= 0.000ms group_by=  0.002ms per_group= 0.008ms)
[pe] round=222 work=        7 frontier=       20 next=        7 consolidate=  0.016ms frontier=  0.002ms semisort=  0.007ms (keyed= 0.000ms group_by=  0.001ms per_group= 0.003ms)
[pe] round=223 work=        7 frontier=       28 next=        7 consolidate=  0.016ms frontier=  0.002ms semisort=  0.009ms (keyed= 0.000ms group_by=  0.001ms per_group= 0.004ms)
[pe] round=224 work=        7 frontier=       14 next=        7 consolidate=  0.011ms frontier=  0.001ms semisort=  0.007ms (keyed= 0.000ms group_by=  0.001ms per_group= 0.003ms)
[pe] round=225 work=        7 frontier=       46 next=        7 consolidate=  0.019ms frontier=  0.002ms semisort=  0.032ms (keyed= 0.000ms group_by=  0.002ms per_group= 0.022ms)
[pe] round=226 work=        7 frontier=       20 next=        7 consolidate=  0.021ms frontier=  0.002ms semisort=  0.009ms (keyed= 0.000ms group_by=  0.002ms per_group= 0.004ms)
[pe] round=227 work=        7 frontier=       28 next=        7 consolidate=  0.019ms frontier=  0.002ms semisort=  0.010ms (keyed= 0.000ms group_by=  0.002ms per_group= 0.004ms)
[pe] round=228 work=        7 frontier=       14 next=        7 consolidate=  0.018ms frontier=  0.002ms semisort=  0.007ms (keyed= 0.000ms group_by=  0.001ms per_group= 0.003ms)
[pe] round=229 work=        7 frontier=       46 next=        7 consolidate=  0.016ms frontier=  0.001ms semisort=  0.013ms (keyed= 0.000ms group_by=  0.002ms per_group= 0.006ms)
[pe] round=230 work=        7 frontier=       20 next=        7 consolidate=  0.016ms frontier=  0.002ms semisort=  0.008ms (keyed= 0.000ms group_by=  0.001ms per_group= 0.004ms)
[pe] round=231 work=        7 frontier=       28 next=        7 consolidate=  0.010ms frontier=  0.002ms semisort=  0.009ms (keyed= 0.000ms group_by=  0.002ms per_group= 0.003ms)
[pe] round=232 work=        7 frontier=       14 next=        7 consolidate=  0.008ms frontier=  0.001ms semisort=  0.007ms (keyed= 0.000ms group_by=  0.001ms per_group= 0.003ms)
[pe] round=233 work=        7 frontier=       46 next=        7 consolidate=  0.021ms frontier=  0.002ms semisort=  0.018ms (keyed= 0.000ms group_by=  0.002ms per_group= 0.008ms)
[pe] round=234 work=        7 frontier=       20 next=        7 consolidate=  0.022ms frontier=  0.002ms semisort=  0.009ms (keyed= 0.000ms group_by=  0.002ms per_group= 0.004ms)
[pe] round=235 work=        7 frontier=       28 next=        7 consolidate=  0.018ms frontier=  0.002ms semisort=  0.009ms (keyed= 0.000ms group_by=  0.001ms per_group= 0.004ms)
[pe] round=236 work=        7 frontier=       14 next=        7 consolidate=  0.013ms frontier=  0.002ms semisort=  0.008ms (keyed= 0.000ms group_by=  0.001ms per_group= 0.004ms)
[pe] round=237 work=        7 frontier=       46 next=        7 consolidate=  0.014ms frontier=  0.002ms semisort=  0.016ms (keyed= 0.000ms group_by=  0.002ms per_group= 0.007ms)
[pe] round=238 work=        7 frontier=       20 next=        7 consolidate=  0.019ms frontier=  0.002ms semisort=  0.009ms (keyed= 0.000ms group_by=  0.002ms per_group= 0.004ms)
[pe] round=239 work=        7 frontier=       28 next=        7 consolidate=  0.013ms frontier=  0.002ms semisort=  0.006ms (keyed= 0.000ms group_by=  0.001ms per_group= 0.002ms)
[pe] round=240 work=        7 frontier=       14 next=        7 consolidate=  0.009ms frontier=  0.001ms semisort=  0.005ms (keyed= 0.000ms group_by=  0.001ms per_group= 0.002ms)
[pe] round=241 work=        7 frontier=       46 next=        7 consolidate=  0.021ms frontier=  0.002ms semisort=  0.015ms (keyed= 0.000ms group_by=  0.002ms per_group= 0.006ms)
[pe] round=242 work=        7 frontier=       20 next=        7 consolidate=  0.013ms frontier=  0.002ms semisort=  0.009ms (keyed= 0.000ms group_by=  0.001ms per_group= 0.004ms)
[pe] round=243 work=        7 frontier=       28 next=        7 consolidate=  0.013ms frontier=  0.001ms semisort=  0.009ms (keyed= 0.000ms group_by=  0.001ms per_group= 0.004ms)
[pe] round=244 work=        7 frontier=       14 next=        7 consolidate=  0.018ms frontier=  0.002ms semisort=  0.007ms (keyed= 0.000ms group_by=  0.001ms per_group= 0.003ms)
[pe] round=245 work=        7 frontier=       46 next=        7 consolidate=  0.017ms frontier=  0.002ms semisort=  0.030ms (keyed= 0.000ms group_by=  0.003ms per_group= 0.020ms)
[pe] round=246 work=        7 frontier=       20 next=        7 consolidate=  0.015ms frontier=  0.002ms semisort=  0.009ms (keyed= 0.000ms group_by=  0.002ms per_group= 0.004ms)
[pe] round=247 work=        7 frontier=       28 next=        7 consolidate=  0.021ms frontier=  0.002ms semisort=  0.009ms (keyed= 0.000ms group_by=  0.002ms per_group= 0.003ms)
[pe] round=248 work=        7 frontier=       14 next=        7 consolidate=  0.010ms frontier=  0.001ms semisort=  0.006ms (keyed= 0.000ms group_by=  0.001ms per_group= 0.003ms)
[pe] round=249 work=        7 frontier=       46 next=        7 consolidate=  0.020ms frontier=  0.002ms semisort=  0.013ms (keyed= 0.000ms group_by=  0.002ms per_group= 0.004ms)
[pe] round=250 work=        7 frontier=       20 next=        7 consolidate=  0.013ms frontier=  0.002ms semisort=  0.009ms (keyed= 0.000ms group_by=  0.001ms per_group= 0.004ms)
[pe] round=251 work=        7 frontier=       28 next=        7 consolidate=  0.017ms frontier=  0.002ms semisort=  0.008ms (keyed= 0.000ms group_by=  0.001ms per_group= 0.003ms)
[pe] round=252 work=        7 frontier=       14 next=        7 consolidate=  0.014ms frontier=  0.002ms semisort=  0.007ms (keyed= 0.000ms group_by=  0.001ms per_group= 0.004ms)
[pe] round=253 work=        7 frontier=       46 next=        7 consolidate=  0.019ms frontier=  0.002ms semisort=  0.013ms (keyed= 0.000ms group_by=  0.003ms per_group= 0.005ms)
[pe] round=254 work=        7 frontier=       20 next=        7 consolidate=  0.012ms frontier=  0.002ms semisort=  0.007ms (keyed= 0.000ms group_by=  0.001ms per_group= 0.003ms)
[pe] round=255 work=        7 frontier=       28 next=        7 consolidate=  0.011ms frontier=  0.001ms semisort=  0.006ms (keyed= 0.000ms group_by=  0.001ms per_group= 0.003ms)
[pe] round=256 work=        7 frontier=       14 next=        7 consolidate=  0.008ms frontier=  0.001ms semisort=  0.005ms (keyed= 0.000ms group_by=  0.001ms per_group= 0.002ms)
[pe] round=257 work=        7 frontier=       46 next=        7 consolidate=  0.018ms frontier=  0.002ms semisort=  0.014ms (keyed= 0.000ms group_by=  0.002ms per_group= 0.005ms)
[pe] round=258 work=        7 frontier=       20 next=        7 consolidate=  0.018ms frontier=  0.002ms semisort=  0.008ms (keyed= 0.000ms group_by=  0.001ms per_group= 0.004ms)
[pe] round=259 work=        7 frontier=       28 next=        7 consolidate=  0.011ms frontier=  0.001ms semisort=  0.008ms (keyed= 0.000ms group_by=  0.001ms per_group= 0.003ms)
[pe] round=260 work=        7 frontier=       14 next=        7 consolidate=  0.023ms frontier=  0.002ms semisort=  0.007ms (keyed= 0.000ms group_by=  0.001ms per_group= 0.004ms)
[pe] round=261 work=        7 frontier=       46 next=        7 consolidate=  0.020ms frontier=  0.002ms semisort=  0.013ms (keyed= 0.000ms group_by=  0.002ms per_group= 0.005ms)
[pe] round=262 work=        7 frontier=       20 next=        7 consolidate=  0.023ms frontier=  0.002ms semisort=  0.009ms (keyed= 0.000ms group_by=  0.001ms per_group= 0.004ms)
[pe] round=263 work=        7 frontier=       28 next=        7 consolidate=  0.013ms frontier=  0.001ms semisort=  0.006ms (keyed= 0.000ms group_by=  0.001ms per_group= 0.002ms)
[pe] round=264 work=        7 frontier=       14 next=        7 consolidate=  0.010ms frontier=  0.001ms semisort=  0.005ms (keyed= 0.000ms group_by=  0.001ms per_group= 0.002ms)
[pe] round=265 work=        7 frontier=       46 next=        7 consolidate=  0.024ms frontier=  0.002ms semisort=  0.014ms (keyed= 0.000ms group_by=  0.003ms per_group= 0.005ms)
[pe] round=266 work=        7 frontier=       20 next=        7 consolidate=  0.018ms frontier=  0.002ms semisort=  0.009ms (keyed= 0.000ms group_by=  0.001ms per_group= 0.004ms)
[pe] round=267 work=        7 frontier=       28 next=        7 consolidate=  0.016ms frontier=  0.002ms semisort=  0.009ms (keyed= 0.000ms group_by=  0.001ms per_group= 0.004ms)
[pe] round=268 work=        7 frontier=       14 next=        7 consolidate=  0.018ms frontier=  0.002ms semisort=  0.008ms (keyed= 0.000ms group_by=  0.001ms per_group= 0.003ms)
[pe] round=269 work=        7 frontier=       46 next=        7 consolidate=  0.024ms frontier=  0.002ms semisort=  0.014ms (keyed= 0.000ms group_by=  0.003ms per_group= 0.005ms)
[pe] round=270 work=        7 frontier=       20 next=        7 consolidate=  0.016ms frontier=  0.002ms semisort=  0.009ms (keyed= 0.000ms group_by=  0.002ms per_group= 0.004ms)
[pe] round=271 work=        7 frontier=       28 next=        7 consolidate=  0.010ms frontier=  0.001ms semisort=  0.006ms (keyed= 0.000ms group_by=  0.001ms per_group= 0.003ms)
[pe] round=272 work=        7 frontier=       14 next=        7 consolidate=  0.009ms frontier=  0.001ms semisort=  0.007ms (keyed= 0.000ms group_by=  0.001ms per_group= 0.004ms)
[pe] round=273 work=        7 frontier=       46 next=        7 consolidate=  0.019ms frontier=  0.002ms semisort=  0.022ms (keyed= 0.000ms group_by=  0.002ms per_group= 0.012ms)
[pe] round=274 work=        7 frontier=       20 next=        7 consolidate=  0.017ms frontier=  0.002ms semisort=  0.009ms (keyed= 0.000ms group_by=  0.002ms per_group= 0.004ms)
[pe] round=275 work=        7 frontier=       28 next=        7 consolidate=  0.019ms frontier=  0.002ms semisort=  0.009ms (keyed= 0.000ms group_by=  0.002ms per_group= 0.004ms)
[pe] round=276 work=        7 frontier=       14 next=        7 consolidate=  0.016ms frontier=  0.002ms semisort=  0.007ms (keyed= 0.000ms group_by=  0.001ms per_group= 0.003ms)
[pe] round=277 work=        7 frontier=       46 next=        7 consolidate=  0.012ms frontier=  0.001ms semisort=  0.012ms (keyed= 0.000ms group_by=  0.002ms per_group= 0.005ms)
[pe] round=278 work=        7 frontier=       20 next=        7 consolidate=  0.009ms frontier=  0.001ms semisort=  0.007ms (keyed= 0.000ms group_by=  0.001ms per_group= 0.003ms)
[pe] round=279 work=        7 frontier=       28 next=        7 consolidate=  0.019ms frontier=  0.002ms semisort=  0.006ms (keyed= 0.000ms group_by=  0.001ms per_group= 0.002ms)
[pe] round=280 work=        7 frontier=       14 next=        7 consolidate=  0.013ms frontier=  0.002ms semisort=  0.007ms (keyed= 0.000ms group_by=  0.001ms per_group= 0.003ms)
[pe] round=281 work=        7 frontier=       46 next=        7 consolidate=  0.014ms frontier=  0.001ms semisort=  0.014ms (keyed= 0.000ms group_by=  0.002ms per_group= 0.005ms)
[pe] round=282 work=        7 frontier=       20 next=        7 consolidate=  0.018ms frontier=  0.002ms semisort=  0.008ms (keyed= 0.000ms group_by=  0.001ms per_group= 0.004ms)
[pe] round=283 work=        7 frontier=       28 next=        7 consolidate=  0.017ms frontier=  0.002ms semisort=  0.008ms (keyed= 0.000ms group_by=  0.002ms per_group= 0.003ms)
[pe] round=284 work=        7 frontier=       14 next=        7 consolidate=  0.017ms frontier=  0.002ms semisort=  0.008ms (keyed= 0.000ms group_by=  0.001ms per_group= 0.004ms)
[pe] round=285 work=        7 frontier=       46 next=        7 consolidate=  0.012ms frontier=  0.002ms semisort=  0.014ms (keyed= 0.000ms group_by=  0.003ms per_group= 0.005ms)
[pe] round=286 work=        7 frontier=       20 next=        7 consolidate=  0.018ms frontier=  0.001ms semisort=  0.007ms (keyed= 0.000ms group_by=  0.001ms per_group= 0.003ms)
[pe] round=287 work=        7 frontier=       28 next=        7 consolidate=  0.009ms frontier=  0.001ms semisort=  0.006ms (keyed= 0.000ms group_by=  0.001ms per_group= 0.002ms)
[pe] round=288 work=        7 frontier=       14 next=        7 consolidate=  0.009ms frontier=  0.001ms semisort=  0.012ms (keyed= 0.000ms group_by=  0.001ms per_group= 0.008ms)
[pe] round=289 work=        7 frontier=       46 next=        7 consolidate=  0.018ms frontier=  0.002ms semisort=  0.014ms (keyed= 0.000ms group_by=  0.002ms per_group= 0.005ms)
[pe] round=290 work=        7 frontier=       20 next=        7 consolidate=  0.017ms frontier=  0.002ms semisort=  0.008ms (keyed= 0.000ms group_by=  0.001ms per_group= 0.004ms)
[pe] round=291 work=        7 frontier=       28 next=        7 consolidate=  0.021ms frontier=  0.002ms semisort=  0.008ms (keyed= 0.000ms group_by=  0.001ms per_group= 0.003ms)
[pe] round=292 work=        7 frontier=       14 next=        7 consolidate=  0.015ms frontier=  0.002ms semisort=  0.007ms (keyed= 0.000ms group_by=  0.001ms per_group= 0.004ms)
[pe] round=293 work=        7 frontier=       46 next=        7 consolidate=  0.022ms frontier=  0.002ms semisort=  0.012ms (keyed= 0.000ms group_by=  0.002ms per_group= 0.004ms)
[pe] round=294 work=        7 frontier=       20 next=        7 consolidate=  0.015ms frontier=  0.002ms semisort=  0.006ms (keyed= 0.000ms group_by=  0.001ms per_group= 0.003ms)
[pe] round=295 work=        7 frontier=       28 next=        7 consolidate=  0.009ms frontier=  0.001ms semisort=  0.006ms (keyed= 0.000ms group_by=  0.001ms per_group= 0.002ms)
[pe] round=296 work=        7 frontier=       14 next=        7 consolidate=  0.010ms frontier=  0.001ms semisort=  0.012ms (keyed= 0.000ms group_by=  0.001ms per_group= 0.009ms)
[pe] round=297 work=        7 frontier=       46 next=        7 consolidate=  0.015ms frontier=  0.002ms semisort=  0.014ms (keyed= 0.000ms group_by=  0.003ms per_group= 0.005ms)
[pe] round=298 work=        7 frontier=       20 next=        7 consolidate=  0.018ms frontier=  0.001ms semisort=  0.028ms (keyed= 0.000ms group_by=  0.001ms per_group= 0.023ms)
[pe] round=299 work=        7 frontier=       28 next=        7 consolidate=  0.016ms frontier=  0.001ms semisort=  0.009ms (keyed= 0.000ms group_by=  0.001ms per_group= 0.004ms)
[pe] round=300 work=        7 frontier=       14 next=        7 consolidate=  0.015ms frontier=  0.002ms semisort=  0.007ms (keyed= 0.000ms group_by=  0.001ms per_group= 0.003ms)
[pe] round=301 work=        7 frontier=       46 next=        7 consolidate=  0.015ms frontier=  0.002ms semisort=  0.013ms (keyed= 0.000ms group_by=  0.002ms per_group= 0.005ms)
[pe] round=302 work=        7 frontier=       20 next=        7 consolidate=  0.020ms frontier=  0.002ms semisort=  0.008ms (keyed= 0.000ms group_by=  0.001ms per_group= 0.004ms)
[pe] round=303 work=        7 frontier=       28 next=        7 consolidate=  0.014ms frontier=  0.002ms semisort=  0.008ms (keyed= 0.000ms group_by=  0.001ms per_group= 0.003ms)
[pe] round=304 work=        7 frontier=       14 next=        7 consolidate=  0.010ms frontier=  0.001ms semisort=  0.005ms (keyed= 0.000ms group_by=  0.001ms per_group= 0.003ms)
[pe] round=305 work=        7 frontier=       46 next=        7 consolidate=  0.016ms frontier=  0.001ms semisort=  0.010ms (keyed= 0.000ms group_by=  0.002ms per_group= 0.003ms)
[pe] round=306 work=        7 frontier=       20 next=        7 consolidate=  0.009ms frontier=  0.001ms semisort=  0.009ms (keyed= 0.000ms group_by=  0.001ms per_group= 0.004ms)
[pe] round=307 work=        7 frontier=       28 next=        7 consolidate=  0.016ms frontier=  0.002ms semisort=  0.009ms (keyed= 0.000ms group_by=  0.002ms per_group= 0.004ms)
[pe] round=308 work=        7 frontier=       14 next=        7 consolidate=  0.018ms frontier=  0.002ms semisort=  0.007ms (keyed= 0.000ms group_by=  0.001ms per_group= 0.003ms)
[pe] round=309 work=        7 frontier=       46 next=        7 consolidate=  0.011ms frontier=  0.002ms semisort=  0.016ms (keyed= 0.000ms group_by=  0.002ms per_group= 0.007ms)
[pe] round=310 work=        7 frontier=       20 next=        7 consolidate=  0.015ms frontier=  0.001ms semisort=  0.009ms (keyed= 0.000ms group_by=  0.002ms per_group= 0.004ms)
[pe] round=311 work=        7 frontier=       28 next=        7 consolidate=  0.010ms frontier=  0.001ms semisort=  0.009ms (keyed= 0.000ms group_by=  0.002ms per_group= 0.003ms)
[pe] round=312 work=        7 frontier=       14 next=        7 consolidate=  0.009ms frontier=  0.002ms semisort=  0.006ms (keyed= 0.000ms group_by=  0.001ms per_group= 0.003ms)
[pe] round=313 work=        7 frontier=       46 next=        7 consolidate=  0.018ms frontier=  0.002ms semisort=  0.013ms (keyed= 0.000ms group_by=  0.002ms per_group= 0.005ms)
[pe] round=314 work=        7 frontier=       20 next=        7 consolidate=  0.009ms frontier=  0.001ms semisort=  0.009ms (keyed= 0.000ms group_by=  0.001ms per_group= 0.004ms)
[pe] round=315 work=        7 frontier=       28 next=        7 consolidate=  0.011ms frontier=  0.001ms semisort=  0.008ms (keyed= 0.000ms group_by=  0.001ms per_group= 0.003ms)
[pe] round=316 work=        7 frontier=       14 next=        7 consolidate=  0.010ms frontier=  0.001ms semisort=  0.006ms (keyed= 0.000ms group_by=  0.001ms per_group= 0.003ms)
[pe] round=317 work=        7 frontier=       46 next=        7 consolidate=  0.012ms frontier=  0.001ms semisort=  0.010ms (keyed= 0.000ms group_by=  0.002ms per_group= 0.003ms)
[pe] round=318 work=        7 frontier=       20 next=        3 consolidate=  0.011ms frontier=  0.002ms semisort=  0.008ms (keyed= 0.000ms group_by=  0.001ms per_group= 0.003ms)
[pe] round=319 work=        3 frontier=       12 next=        3 consolidate=  0.009ms frontier=  0.001ms semisort=  0.005ms (keyed= 0.000ms group_by=  0.001ms per_group= 0.002ms)
[pe] round=320 work=        3 frontier=        6 next=        3 consolidate=  0.004ms frontier=  0.001ms semisort=  0.004ms (keyed= 0.000ms group_by=  0.001ms per_group= 0.002ms)
[pe] round=321 work=        3 frontier=       30 next=        3 consolidate=  0.006ms frontier=  0.001ms semisort=  0.010ms (keyed= 0.000ms group_by=  0.002ms per_group= 0.003ms)
[pe] round=322 work=        3 frontier=       12 next=        3 consolidate=  0.008ms frontier=  0.001ms semisort=  0.005ms (keyed= 0.000ms group_by=  0.001ms per_group= 0.002ms)
[pe] round=323 work=        3 frontier=       12 next=        3 consolidate=  0.008ms frontier=  0.001ms semisort=  0.005ms (keyed= 0.000ms group_by=  0.001ms per_group= 0.002ms)
[pe] round=324 work=        3 frontier=        6 next=        3 consolidate=  0.010ms frontier=  0.001ms semisort=  0.004ms (keyed= 0.000ms group_by=  0.001ms per_group= 0.002ms)
[pe] round=325 work=        3 frontier=       30 next=        3 consolidate=  0.010ms frontier=  0.001ms semisort=  0.007ms (keyed= 0.000ms group_by=  0.001ms per_group= 0.002ms)
[pe] round=326 work=        3 frontier=       12 next=        3 consolidate=  0.004ms frontier=  0.000ms semisort=  0.004ms (keyed= 0.000ms group_by=  0.001ms per_group= 0.001ms)
[pe] round=327 work=        3 frontier=       12 next=        3 consolidate=  0.004ms frontier=  0.000ms semisort=  0.003ms (keyed= 0.000ms group_by=  0.000ms per_group= 0.001ms)
[pe] round=328 work=        3 frontier=        6 next=        3 consolidate=  0.003ms frontier=  0.000ms semisort=  0.003ms (keyed= 0.000ms group_by=  0.000ms per_group= 0.001ms)
[pe] round=329 work=        3 frontier=       30 next=        3 consolidate=  0.009ms frontier=  0.001ms semisort=  0.009ms (keyed= 0.000ms group_by=  0.002ms per_group= 0.003ms)
[pe] round=330 work=        3 frontier=       12 next=        3 consolidate=  0.006ms frontier=  0.001ms semisort=  0.017ms (keyed= 0.000ms group_by=  0.001ms per_group= 0.013ms)
[pe] round=331 work=        3 frontier=       12 next=        3 consolidate=  0.004ms frontier=  0.001ms semisort=  0.004ms (keyed= 0.000ms group_by=  0.001ms per_group= 0.002ms)
[pe] round=332 work=        3 frontier=        6 next=        3 consolidate=  0.009ms frontier=  0.001ms semisort=  0.004ms (keyed= 0.000ms group_by=  0.001ms per_group= 0.002ms)
[pe] round=333 work=        3 frontier=       30 next=        3 consolidate=  0.005ms frontier=  0.001ms semisort=  0.008ms (keyed= 0.000ms group_by=  0.001ms per_group= 0.002ms)
[pe] round=334 work=        3 frontier=       12 next=        3 consolidate=  0.007ms frontier=  0.001ms semisort=  0.005ms (keyed= 0.000ms group_by=  0.001ms per_group= 0.002ms)
[pe] round=335 work=        3 frontier=       12 next=        3 consolidate=  0.006ms frontier=  0.001ms semisort=  0.005ms (keyed= 0.000ms group_by=  0.001ms per_group= 0.002ms)
[pe] round=336 work=        3 frontier=        6 next=        3 consolidate=  0.006ms frontier=  0.001ms semisort=  0.004ms (keyed= 0.000ms group_by=  0.001ms per_group= 0.002ms)
[pe] round=337 work=        3 frontier=       30 next=        3 consolidate=  0.006ms frontier=  0.001ms semisort=  0.008ms (keyed= 0.000ms group_by=  0.002ms per_group= 0.002ms)
[pe] round=338 work=        3 frontier=       12 next=        3 consolidate=  0.006ms frontier=  0.001ms semisort=  0.004ms (keyed= 0.000ms group_by=  0.001ms per_group= 0.002ms)
[pe] round=339 work=        3 frontier=       12 next=        3 consolidate=  0.003ms frontier=  0.000ms semisort=  0.003ms (keyed= 0.000ms group_by=  0.000ms per_group= 0.001ms)
[pe] round=340 work=        3 frontier=        6 next=        3 consolidate=  0.007ms frontier=  0.001ms semisort=  0.003ms (keyed= 0.000ms group_by=  0.000ms per_group= 0.001ms)
[pe] round=341 work=        3 frontier=       30 next=        3 consolidate=  0.012ms frontier=  0.001ms semisort=  0.008ms (keyed= 0.000ms group_by=  0.001ms per_group= 0.003ms)
[pe] round=342 work=        3 frontier=       12 next=        3 consolidate=  0.008ms frontier=  0.001ms semisort=  0.005ms (keyed= 0.000ms group_by=  0.001ms per_group= 0.002ms)
[pe] round=343 work=        3 frontier=       12 next=        3 consolidate=  0.008ms frontier=  0.001ms semisort=  0.004ms (keyed= 0.000ms group_by=  0.001ms per_group= 0.002ms)
[pe] round=344 work=        3 frontier=        6 next=        3 consolidate=  0.004ms frontier=  0.001ms semisort=  0.004ms (keyed= 0.000ms group_by=  0.001ms per_group= 0.002ms)
[pe] round=345 work=        3 frontier=       30 next=        3 consolidate=  0.010ms frontier=  0.001ms semisort=  0.008ms (keyed= 0.000ms group_by=  0.002ms per_group= 0.003ms)
[pe] round=346 work=        3 frontier=       12 next=        3 consolidate=  0.010ms frontier=  0.001ms semisort=  0.005ms (keyed= 0.000ms group_by=  0.001ms per_group= 0.002ms)
[pe] round=347 work=        3 frontier=       12 next=        3 consolidate=  0.006ms frontier=  0.001ms semisort=  0.004ms (keyed= 0.000ms group_by=  0.001ms per_group= 0.002ms)
[pe] round=348 work=        3 frontier=        6 next=        3 consolidate=  0.006ms frontier=  0.001ms semisort=  0.004ms (keyed= 0.000ms group_by=  0.000ms per_group= 0.002ms)
[pe] round=349 work=        3 frontier=       30 next=        3 consolidate=  0.007ms frontier=  0.001ms semisort=  0.013ms (keyed= 0.000ms group_by=  0.001ms per_group= 0.007ms)
[pe] round=350 work=        3 frontier=       12 next=        3 consolidate=  0.013ms frontier=  0.001ms semisort=  0.005ms (keyed= 0.000ms group_by=  0.001ms per_group= 0.002ms)
[pe] round=351 work=        3 frontier=       12 next=        3 consolidate=  0.004ms frontier=  0.001ms semisort=  0.005ms (keyed= 0.000ms group_by=  0.001ms per_group= 0.002ms)
[pe] round=352 work=        3 frontier=        6 next=        3 consolidate=  0.004ms frontier=  0.001ms semisort=  0.004ms (keyed= 0.000ms group_by=  0.001ms per_group= 0.002ms)
[pe] round=353 work=        3 frontier=       30 next=        3 consolidate=  0.007ms frontier=  0.001ms semisort=  0.010ms (keyed= 0.000ms group_by=  0.002ms per_group= 0.003ms)
[pe] round=354 work=        3 frontier=       12 next=        3 consolidate=  0.007ms frontier=  0.001ms semisort=  0.005ms (keyed= 0.000ms group_by=  0.001ms per_group= 0.002ms)
[pe] round=355 work=        3 frontier=       12 next=        3 consolidate=  0.007ms frontier=  0.001ms semisort=  0.004ms (keyed= 0.000ms group_by=  0.001ms per_group= 0.002ms)
[pe] round=356 work=        3 frontier=        6 next=        3 consolidate=  0.006ms frontier=  0.001ms semisort=  0.004ms (keyed= 0.000ms group_by=  0.000ms per_group= 0.002ms)
[pe] round=357 work=        3 frontier=       30 next=        3 consolidate=  0.011ms frontier=  0.001ms semisort=  0.009ms (keyed= 0.000ms group_by=  0.001ms per_group= 0.002ms)
[pe] round=358 work=        3 frontier=       12 next=        3 consolidate=  0.011ms frontier=  0.001ms semisort=  0.005ms (keyed= 0.000ms group_by=  0.001ms per_group= 0.002ms)
[pe] round=359 work=        3 frontier=       12 next=        3 consolidate=  0.004ms frontier=  0.000ms semisort=  0.004ms (keyed= 0.000ms group_by=  0.001ms per_group= 0.001ms)
[pe] round=360 work=        3 frontier=        6 next=        3 consolidate=  0.003ms frontier=  0.000ms semisort=  0.003ms (keyed= 0.000ms group_by=  0.000ms per_group= 0.001ms)
[pe] round=361 work=        3 frontier=       30 next=        3 consolidate=  0.005ms frontier=  0.001ms semisort=  0.006ms (keyed= 0.000ms group_by=  0.001ms per_group= 0.002ms)
[pe] round=362 work=        3 frontier=       12 next=        3 consolidate=  0.004ms frontier=  0.000ms semisort=  0.005ms (keyed= 0.000ms group_by=  0.001ms per_group= 0.002ms)
[pe] round=363 work=        3 frontier=       12 next=        3 consolidate=  0.007ms frontier=  0.001ms semisort=  0.005ms (keyed= 0.000ms group_by=  0.001ms per_group= 0.002ms)
[pe] round=364 work=        3 frontier=        6 next=        3 consolidate=  0.009ms frontier=  0.001ms semisort=  0.004ms (keyed= 0.000ms group_by=  0.001ms per_group= 0.002ms)
[pe] round=365 work=        3 frontier=       30 next=        3 consolidate=  0.010ms frontier=  0.001ms semisort=  0.008ms (keyed= 0.000ms group_by=  0.001ms per_group= 0.002ms)
[pe] round=366 work=        3 frontier=       12 next=        3 consolidate=  0.012ms frontier=  0.001ms semisort=  0.005ms (keyed= 0.000ms group_by=  0.001ms per_group= 0.002ms)
[pe] round=367 work=        3 frontier=       12 next=        3 consolidate=  0.009ms frontier=  0.001ms semisort=  0.005ms (keyed= 0.000ms group_by=  0.001ms per_group= 0.002ms)
[pe] round=368 work=        3 frontier=        6 next=        3 consolidate=  0.004ms frontier=  0.001ms semisort=  0.004ms (keyed= 0.000ms group_by=  0.000ms per_group= 0.002ms)
[pe] round=369 work=        3 frontier=       30 next=        3 consolidate=  0.005ms frontier=  0.001ms semisort=  0.010ms (keyed= 0.000ms group_by=  0.001ms per_group= 0.003ms)
[pe] round=370 work=        3 frontier=       12 next=        3 consolidate=  0.011ms frontier=  0.001ms semisort=  0.005ms (keyed= 0.000ms group_by=  0.001ms per_group= 0.002ms)
[pe] round=371 work=        3 frontier=       12 next=        3 consolidate=  0.004ms frontier=  0.001ms semisort=  0.004ms (keyed= 0.000ms group_by=  0.001ms per_group= 0.002ms)
[pe] round=372 work=        3 frontier=        6 next=        3 consolidate=  0.017ms frontier=  0.001ms semisort=  0.004ms (keyed= 0.000ms group_by=  0.001ms per_group= 0.002ms)
[pe] round=373 work=        3 frontier=       30 next=        3 consolidate=  0.011ms frontier=  0.001ms semisort=  0.009ms (keyed= 0.000ms group_by=  0.002ms per_group= 0.002ms)
[pe] round=374 work=        3 frontier=       12 next=        3 consolidate=  0.009ms frontier=  0.001ms semisort=  0.005ms (keyed= 0.000ms group_by=  0.001ms per_group= 0.002ms)
[pe] round=375 work=        3 frontier=       12 next=        3 consolidate=  0.004ms frontier=  0.000ms semisort=  0.003ms (keyed= 0.000ms group_by=  0.000ms per_group= 0.001ms)
[pe] round=376 work=        3 frontier=        6 next=        3 consolidate=  0.003ms frontier=  0.000ms semisort=  0.003ms (keyed= 0.000ms group_by=  0.000ms per_group= 0.001ms)
[pe] round=377 work=        3 frontier=       30 next=        3 consolidate=  0.004ms frontier=  0.000ms semisort=  0.006ms (keyed= 0.000ms group_by=  0.001ms per_group= 0.002ms)
[pe] round=378 work=        3 frontier=       12 next=        3 consolidate=  0.004ms frontier=  0.000ms semisort=  0.004ms (keyed= 0.000ms group_by=  0.001ms per_group= 0.001ms)
[pe] round=379 work=        3 frontier=       12 next=        3 consolidate=  0.005ms frontier=  0.001ms semisort=  0.004ms (keyed= 0.000ms group_by=  0.001ms per_group= 0.002ms)
[pe] round=380 work=        3 frontier=        6 next=        3 consolidate=  0.006ms frontier=  0.001ms semisort=  0.004ms (keyed= 0.000ms group_by=  0.000ms per_group= 0.002ms)
[pe] round=381 work=        3 frontier=       30 next=        3 consolidate=  0.009ms frontier=  0.001ms semisort=  0.008ms (keyed= 0.000ms group_by=  0.001ms per_group= 0.002ms)
[pe] round=382 work=        3 frontier=       12 next=        3 consolidate=  0.004ms frontier=  0.001ms semisort=  0.005ms (keyed= 0.000ms group_by=  0.001ms per_group= 0.002ms)
[pe] round=383 work=        3 frontier=       12 next=        3 consolidate=  0.006ms frontier=  0.001ms semisort=  0.004ms (keyed= 0.000ms group_by=  0.001ms per_group= 0.002ms)
[pe] round=384 work=        3 frontier=        6 next=        3 consolidate=  0.004ms frontier=  0.001ms semisort=  0.004ms (keyed= 0.000ms group_by=  0.000ms per_group= 0.002ms)
[pe] round=385 work=        3 frontier=       30 next=        3 consolidate=  0.006ms frontier=  0.001ms semisort=  0.008ms (keyed= 0.000ms group_by=  0.001ms per_group= 0.002ms)
[pe] round=386 work=        3 frontier=       12 next=        3 consolidate=  0.010ms frontier=  0.001ms semisort=  0.005ms (keyed= 0.000ms group_by=  0.001ms per_group= 0.002ms)
[pe] round=387 work=        3 frontier=       12 next=        3 consolidate=  0.006ms frontier=  0.001ms semisort=  0.005ms (keyed= 0.000ms group_by=  0.001ms per_group= 0.002ms)
[pe] round=388 work=        3 frontier=        6 next=        3 consolidate=  0.009ms frontier=  0.001ms semisort=  0.004ms (keyed= 0.000ms group_by=  0.000ms per_group= 0.002ms)
[pe] round=389 work=        3 frontier=       30 next=        3 consolidate=  0.007ms frontier=  0.001ms semisort=  0.008ms (keyed= 0.000ms group_by=  0.002ms per_group= 0.002ms)
[pe] round=390 work=        3 frontier=       12 next=        3 consolidate=  0.008ms frontier=  0.001ms semisort=  0.005ms (keyed= 0.000ms group_by=  0.001ms per_group= 0.002ms)
[pe] round=391 work=        3 frontier=       12 next=        3 consolidate=  0.006ms frontier=  0.001ms semisort=  0.005ms (keyed= 0.000ms group_by=  0.001ms per_group= 0.002ms)
[pe] round=392 work=        3 frontier=        6 next=        3 consolidate=  0.004ms frontier=  0.001ms semisort=  0.004ms (keyed= 0.000ms group_by=  0.001ms per_group= 0.002ms)
[pe] round=393 work=        3 frontier=       30 next=        3 consolidate=  0.006ms frontier=  0.001ms semisort=  0.009ms (keyed= 0.000ms group_by=  0.002ms per_group= 0.002ms)
[pe] round=394 work=        3 frontier=       12 next=        3 consolidate=  0.004ms frontier=  0.000ms semisort=  0.004ms (keyed= 0.000ms group_by=  0.001ms per_group= 0.001ms)
[pe] round=395 work=        3 frontier=       12 next=        3 consolidate=  0.003ms frontier=  0.000ms semisort=  0.003ms (keyed= 0.000ms group_by=  0.000ms per_group= 0.001ms)
[pe] round=396 work=        3 frontier=        6 next=        3 consolidate=  0.004ms frontier=  0.000ms semisort=  0.003ms (keyed= 0.000ms group_by=  0.000ms per_group= 0.001ms)
[pe] round=397 work=        3 frontier=       30 next=        3 consolidate=  0.006ms frontier=  0.001ms semisort=  0.006ms (keyed= 0.000ms group_by=  0.001ms per_group= 0.002ms)
[pe] round=398 work=        3 frontier=       12 next=        3 consolidate=  0.004ms frontier=  0.001ms semisort=  0.006ms (keyed= 0.000ms group_by=  0.001ms per_group= 0.002ms)
[pe] round=399 work=        3 frontier=       12 next=        3 consolidate=  0.004ms frontier=  0.001ms semisort=  0.004ms (keyed= 0.000ms group_by=  0.001ms per_group= 0.002ms)
[pe] round=400 work=        3 frontier=        6 next=        3 consolidate=  0.004ms frontier=  0.001ms semisort=  0.004ms (keyed= 0.000ms group_by=  0.000ms per_group= 0.002ms)
[pe] round=401 work=        3 frontier=       30 next=        3 consolidate=  0.006ms frontier=  0.001ms semisort=  0.008ms (keyed= 0.000ms group_by=  0.001ms per_group= 0.002ms)
[pe] round=402 work=        3 frontier=       12 next=        3 consolidate=  0.007ms frontier=  0.001ms semisort=  0.005ms (keyed= 0.000ms group_by=  0.001ms per_group= 0.002ms)
[pe] round=403 work=        3 frontier=       12 next=        3 consolidate=  0.006ms frontier=  0.001ms semisort=  0.005ms (keyed= 0.000ms group_by=  0.001ms per_group= 0.002ms)
[pe] round=404 work=        3 frontier=        6 next=        3 consolidate=  0.009ms frontier=  0.001ms semisort=  0.004ms (keyed= 0.000ms group_by=  0.000ms per_group= 0.002ms)
[pe] round=405 work=        3 frontier=       30 next=        3 consolidate=  0.011ms frontier=  0.001ms semisort=  0.008ms (keyed= 0.000ms group_by=  0.001ms per_group= 0.002ms)
[pe] round=406 work=        3 frontier=       12 next=        3 consolidate=  0.004ms frontier=  0.001ms semisort=  0.005ms (keyed= 0.000ms group_by=  0.001ms per_group= 0.002ms)
[pe] round=407 work=        3 frontier=       12 next=        3 consolidate=  0.009ms frontier=  0.001ms semisort=  0.004ms (keyed= 0.000ms group_by=  0.001ms per_group= 0.002ms)
[pe] round=408 work=        3 frontier=        6 next=        3 consolidate=  0.004ms frontier=  0.001ms semisort=  0.004ms (keyed= 0.000ms group_by=  0.000ms per_group= 0.002ms)
[pe] round=409 work=        3 frontier=       30 next=        3 consolidate=  0.007ms frontier=  0.001ms semisort=  0.014ms (keyed= 0.000ms group_by=  0.001ms per_group= 0.009ms)
[pe] round=410 work=        3 frontier=       12 next=        3 consolidate=  0.007ms frontier=  0.001ms semisort=  0.005ms (keyed= 0.000ms group_by=  0.001ms per_group= 0.002ms)
[pe] round=411 work=        3 frontier=       12 next=        3 consolidate=  0.004ms frontier=  0.001ms semisort=  0.004ms (keyed= 0.000ms group_by=  0.001ms per_group= 0.002ms)
[pe] round=412 work=        3 frontier=        6 next=        3 consolidate=  0.007ms frontier=  0.001ms semisort=  0.003ms (keyed= 0.000ms group_by=  0.000ms per_group= 0.001ms)
[pe] round=413 work=        3 frontier=       30 next=        3 consolidate=  0.012ms frontier=  0.001ms semisort=  0.006ms (keyed= 0.000ms group_by=  0.001ms per_group= 0.002ms)
[pe] round=414 work=        3 frontier=       12 next=        3 consolidate=  0.004ms frontier=  0.000ms semisort=  0.004ms (keyed= 0.000ms group_by=  0.001ms per_group= 0.002ms)
[pe] round=415 work=        3 frontier=       12 next=        3 consolidate=  0.005ms frontier=  0.001ms semisort=  0.004ms (keyed= 0.000ms group_by=  0.001ms per_group= 0.002ms)
[pe] round=416 work=        3 frontier=        6 next=        3 consolidate=  0.004ms frontier=  0.001ms semisort=  0.004ms (keyed= 0.000ms group_by=  0.000ms per_group= 0.002ms)
[pe] round=417 work=        3 frontier=       30 next=        3 consolidate=  0.006ms frontier=  0.001ms semisort=  0.008ms (keyed= 0.000ms group_by=  0.001ms per_group= 0.002ms)
[pe] round=418 work=        3 frontier=       12 next=        3 consolidate=  0.005ms frontier=  0.001ms semisort=  0.005ms (keyed= 0.000ms group_by=  0.001ms per_group= 0.002ms)
[pe] round=419 work=        3 frontier=       12 next=        3 consolidate=  0.016ms frontier=  0.001ms semisort=  0.004ms (keyed= 0.000ms group_by=  0.001ms per_group= 0.002ms)
[pe] round=420 work=        3 frontier=        6 next=        3 consolidate=  0.008ms frontier=  0.001ms semisort=  0.003ms (keyed= 0.000ms group_by=  0.000ms per_group= 0.002ms)
[pe] round=421 work=        3 frontier=       30 next=        3 consolidate=  0.004ms frontier=  0.001ms semisort=  0.008ms (keyed= 0.000ms group_by=  0.001ms per_group= 0.002ms)
[pe] round=422 work=        3 frontier=       12 next=        3 consolidate=  0.010ms frontier=  0.001ms semisort=  0.005ms (keyed= 0.000ms group_by=  0.001ms per_group= 0.002ms)
[pe] round=423 work=        3 frontier=       12 next=        3 consolidate=  0.005ms frontier=  0.001ms semisort=  0.004ms (keyed= 0.000ms group_by=  0.001ms per_group= 0.002ms)
[pe] round=424 work=        3 frontier=        6 next=        3 consolidate=  0.004ms frontier=  0.001ms semisort=  0.003ms (keyed= 0.000ms group_by=  0.000ms per_group= 0.002ms)
[pe] round=425 work=        3 frontier=       30 next=        3 consolidate=  0.006ms frontier=  0.001ms semisort=  0.009ms (keyed= 0.000ms group_by=  0.001ms per_group= 0.003ms)
[pe] round=426 work=        3 frontier=       12 next=        3 consolidate=  0.009ms frontier=  0.001ms semisort=  0.005ms (keyed= 0.000ms group_by=  0.001ms per_group= 0.002ms)
[pe] round=427 work=        3 frontier=       12 next=        3 consolidate=  0.006ms frontier=  0.001ms semisort=  0.006ms (keyed= 0.000ms group_by=  0.001ms per_group= 0.002ms)
[pe] round=428 work=        3 frontier=        6 next=        3 consolidate=  0.008ms frontier=  0.001ms semisort=  0.004ms (keyed= 0.000ms group_by=  0.000ms per_group= 0.002ms)
[pe] round=429 work=        3 frontier=       31 next=        3 consolidate=  0.006ms frontier=  0.001ms semisort=  0.010ms (keyed= 0.000ms group_by=  0.002ms per_group= 0.003ms)
[pe] round=430 work=        3 frontier=        6 next=        2 consolidate=  0.007ms frontier=  0.001ms semisort=  0.004ms (keyed= 0.000ms group_by=  0.000ms per_group= 0.001ms)
[pe] round=431 work=        2 (tail-skip: all parents empty)
[pe] round=  0 work= 10460911 frontier=  5950187 next=    47386 consolidate= 38.971ms frontier= 10.662ms semisort= 27.383ms (keyed=14.713ms group_by=  0.424ms per_group= 5.083ms)
[pe] round=  1 work=    47386 frontier=   274132 next=    22307 consolidate=  1.320ms frontier=  0.416ms semisort=  1.803ms (keyed= 0.534ms group_by=  0.101ms per_group= 0.606ms)
[pe] round=  2 work=    22307 frontier=    94168 next=    11347 consolidate=  0.769ms frontier=  0.241ms semisort=  2.589ms (keyed= 0.061ms group_by=  1.972ms per_group= 0.240ms)
[pe] round=  3 work=    11347 frontier=    38990 next=     6320 consolidate=  0.514ms frontier=  0.273ms semisort=  1.330ms (keyed= 0.033ms group_by=  0.871ms per_group= 0.202ms)
[pe] round=  4 work=     6320 frontier=    18118 next=     3668 consolidate=  1.111ms frontier=  0.205ms semisort=  0.795ms (keyed= 0.024ms group_by=  0.420ms per_group= 0.129ms)
[pe] round=  5 work=     3668 frontier=    14200 next=     2998 consolidate=  0.593ms frontier=  0.152ms semisort=  0.698ms (keyed= 0.025ms group_by=  0.354ms per_group= 0.135ms)
[pe] round=  6 work=     2998 frontier=    14168 next=     2333 consolidate=  0.525ms frontier=  0.121ms semisort=  0.651ms (keyed= 0.016ms group_by=  0.316ms per_group= 0.154ms)
[pe] round=  7 work=     2333 frontier=    13358 next=     1381 consolidate=  0.430ms frontier=  0.118ms semisort=  0.551ms (keyed= 0.030ms group_by=  0.264ms per_group= 0.114ms)
[pe] round=  8 work=     1381 frontier=    14960 next=      914 consolidate=  0.335ms frontier=  0.081ms semisort=  0.621ms (keyed= 0.023ms group_by=  0.294ms per_group= 0.157ms)
[pe] round=  9 work=      914 frontier=     5537 next=      691 consolidate=  0.259ms frontier=  0.063ms semisort=  1.046ms (keyed= 0.015ms group_by=  0.777ms per_group= 0.142ms)
[pe] round= 10 work=      691 frontier=     9111 next=      460 consolidate=  0.203ms frontier=  0.059ms semisort=  1.191ms (keyed= 0.030ms group_by=  0.920ms per_group= 0.106ms)
[pe] round= 11 work=      460 frontier=     4999 next=      531 consolidate=  0.158ms frontier=  0.044ms semisort=  0.764ms (keyed= 0.019ms group_by=  0.539ms per_group= 0.106ms)
[pe] round= 12 work=      531 frontier=     4274 next=      372 consolidate=  0.167ms frontier=  0.055ms semisort=  0.665ms (keyed= 0.023ms group_by=  0.485ms per_group= 0.065ms)
[pe] round= 13 work=      372 frontier=     1790 next=      116 consolidate=  0.137ms frontier=  0.035ms semisort=  0.417ms (keyed= 0.010ms group_by=  0.270ms per_group= 0.060ms)
[pe] round= 14 work=      116 frontier=      268 next=       36 consolidate=  0.058ms frontier=  0.010ms semisort=  0.097ms (keyed= 0.002ms group_by=  0.038ms per_group= 0.025ms)
[pe] round= 15 work=       36 frontier=      116 next=       38 consolidate=  0.033ms frontier=  0.004ms semisort=  0.039ms (keyed= 0.001ms group_by=  0.006ms per_group= 0.019ms)
[pe] round= 16 work=       38 frontier=      182 next=       35 consolidate=  0.028ms frontier=  0.005ms semisort=  0.096ms (keyed= 0.001ms group_by=  0.019ms per_group= 0.049ms)
[pe] round= 17 work=       35 frontier=      122 next=       37 consolidate=  0.037ms frontier=  0.005ms semisort=  0.058ms (keyed= 0.001ms group_by=  0.013ms per_group= 0.022ms)
[pe] round= 18 work=       37 frontier=       80 next=       25 consolidate=  0.035ms frontier=  0.004ms semisort=  0.032ms (keyed= 0.001ms group_by=  0.008ms per_group= 0.013ms)
[pe] round= 19 work=       25 frontier=       76 next=       25 consolidate=  0.021ms frontier=  0.003ms semisort=  0.025ms (keyed= 0.000ms group_by=  0.003ms per_group= 0.014ms)
[pe] round= 20 work=       25 frontier=      138 next=       23 consolidate=  0.039ms frontier=  0.004ms semisort=  0.062ms (keyed= 0.001ms group_by=  0.014ms per_group= 0.026ms)
[pe] round= 21 work=       23 frontier=      102 next=       31 consolidate=  0.022ms frontier=  0.003ms semisort=  0.047ms (keyed= 0.001ms group_by=  0.010ms per_group= 0.016ms)
[pe] round= 22 work=       31 frontier=       76 next=       23 consolidate=  0.037ms frontier=  0.003ms semisort=  0.030ms (keyed= 0.000ms group_by=  0.004ms per_group= 0.018ms)
[pe] round= 23 work=       23 frontier=       68 next=       23 consolidate=  0.028ms frontier=  0.004ms semisort=  0.028ms (keyed= 0.000ms group_by=  0.004ms per_group= 0.015ms)
[pe] round= 24 work=       23 frontier=      134 next=       23 consolidate=  0.027ms frontier=  0.004ms semisort=  0.046ms (keyed= 0.001ms group_by=  0.009ms per_group= 0.021ms)
[pe] round= 25 work=       23 frontier=      102 next=       31 consolidate=  0.024ms frontier=  0.003ms semisort=  0.040ms (keyed= 0.000ms group_by=  0.006ms per_group= 0.023ms)
[pe] round= 26 work=       31 frontier=       76 next=       23 consolidate=  0.028ms frontier=  0.004ms semisort=  0.029ms (keyed= 0.000ms group_by=  0.005ms per_group= 0.016ms)
[pe] round= 27 work=       23 frontier=       68 next=       23 consolidate=  0.028ms frontier=  0.004ms semisort=  0.031ms (keyed= 0.000ms group_by=  0.004ms per_group= 0.020ms)
[pe] round= 28 work=       23 frontier=      134 next=       23 consolidate=  0.030ms frontier=  0.003ms semisort=  0.046ms (keyed= 0.001ms group_by=  0.009ms per_group= 0.018ms)
[pe] round= 29 work=       23 frontier=      102 next=       31 consolidate=  0.028ms frontier=  0.003ms semisort=  0.041ms (keyed= 0.001ms group_by=  0.007ms per_group= 0.022ms)
[pe] round= 30 work=       31 frontier=       76 next=       23 consolidate=  0.035ms frontier=  0.003ms semisort=  0.016ms (keyed= 0.000ms group_by=  0.004ms per_group= 0.007ms)
[pe] round= 31 work=       23 frontier=       68 next=       23 consolidate=  0.018ms frontier=  0.003ms semisort=  0.019ms (keyed= 0.000ms group_by=  0.003ms per_group= 0.010ms)
[pe] round= 32 work=       23 frontier=      134 next=       23 consolidate=  0.024ms frontier=  0.004ms semisort=  0.052ms (keyed= 0.001ms group_by=  0.008ms per_group= 0.018ms)
[pe] round= 33 work=       23 frontier=      102 next=       31 consolidate=  0.031ms frontier=  0.004ms semisort=  0.036ms (keyed= 0.001ms group_by=  0.006ms per_group= 0.018ms)
[pe] round= 34 work=       31 frontier=       76 next=       23 consolidate=  0.026ms frontier=  0.022ms semisort=  0.028ms (keyed= 0.000ms group_by=  0.005ms per_group= 0.014ms)
[pe] round= 35 work=       23 frontier=       68 next=       23 consolidate=  0.027ms frontier=  0.004ms semisort=  0.028ms (keyed= 0.000ms group_by=  0.004ms per_group= 0.016ms)
[pe] round= 36 work=       23 frontier=      134 next=       23 consolidate=  0.028ms frontier=  0.003ms semisort=  0.059ms (keyed= 0.001ms group_by=  0.013ms per_group= 0.023ms)
[pe] round= 37 work=       23 frontier=      102 next=       31 consolidate=  0.039ms frontier=  0.003ms semisort=  0.038ms (keyed= 0.000ms group_by=  0.006ms per_group= 0.019ms)
[pe] round= 38 work=       31 frontier=       76 next=       23 consolidate=  0.035ms frontier=  0.004ms semisort=  0.032ms (keyed= 0.000ms group_by=  0.006ms per_group= 0.017ms)
[pe] round= 39 work=       23 frontier=       68 next=       23 consolidate=  0.026ms frontier=  0.004ms semisort=  0.026ms (keyed= 0.001ms group_by=  0.005ms per_group= 0.013ms)
[pe] round= 40 work=       23 frontier=      134 next=       23 consolidate=  0.037ms frontier=  0.004ms semisort=  0.055ms (keyed= 0.001ms group_by=  0.010ms per_group= 0.022ms)
[pe] round= 41 work=       23 frontier=      102 next=       31 consolidate=  0.028ms frontier=  0.004ms semisort=  0.035ms (keyed= 0.001ms group_by=  0.006ms per_group= 0.016ms)
[pe] round= 42 work=       31 frontier=       76 next=       23 consolidate=  0.033ms frontier=  0.004ms semisort=  0.034ms (keyed= 0.001ms group_by=  0.007ms per_group= 0.013ms)
[pe] round= 43 work=       23 frontier=       68 next=       23 consolidate=  0.030ms frontier=  0.003ms semisort=  0.038ms (keyed= 0.001ms group_by=  0.006ms per_group= 0.016ms)
[pe] round= 44 work=       23 frontier=      134 next=       23 consolidate=  0.022ms frontier=  0.003ms semisort=  0.035ms (keyed= 0.001ms group_by=  0.006ms per_group= 0.014ms)
[pe] round= 45 work=       23 frontier=      102 next=       31 consolidate=  0.023ms frontier=  0.004ms semisort=  0.032ms (keyed= 0.001ms group_by=  0.006ms per_group= 0.013ms)
[pe] round= 46 work=       31 frontier=       76 next=       23 consolidate=  0.025ms frontier=  0.003ms semisort=  0.036ms (keyed= 0.001ms group_by=  0.007ms per_group= 0.013ms)
[pe] round= 47 work=       23 frontier=       68 next=       23 consolidate=  0.024ms frontier=  0.003ms semisort=  0.030ms (keyed= 0.000ms group_by=  0.005ms per_group= 0.017ms)
[pe] round= 48 work=       23 frontier=       22 next=       11 consolidate=  0.026ms frontier=  0.003ms semisort=  0.010ms (keyed= 0.000ms group_by=  0.001ms per_group= 0.005ms)
[pe] round= 49 work=       11 frontier=       62 next=       11 consolidate=  0.019ms frontier=  0.002ms semisort=  0.027ms (keyed= 0.000ms group_by=  0.003ms per_group= 0.014ms)
[pe] round= 50 work=       11 frontier=       28 next=       11 consolidate=  0.020ms frontier=  0.002ms semisort=  0.017ms (keyed= 0.000ms group_by=  0.002ms per_group= 0.010ms)
[pe] round= 51 work=       11 frontier=       44 next=       11 consolidate=  0.021ms frontier=  0.002ms semisort=  0.014ms (keyed= 0.000ms group_by=  0.003ms per_group= 0.006ms)
[pe] round= 52 work=       11 frontier=       22 next=       11 consolidate=  0.017ms frontier=  0.002ms semisort=  0.008ms (keyed= 0.000ms group_by=  0.001ms per_group= 0.005ms)
[pe] round= 53 work=       11 frontier=       62 next=       11 consolidate=  0.017ms frontier=  0.002ms semisort=  0.014ms (keyed= 0.000ms group_by=  0.002ms per_group= 0.006ms)
[pe] round= 54 work=       11 frontier=       28 next=       11 consolidate=  0.017ms frontier=  0.002ms semisort=  0.011ms (keyed= 0.000ms group_by=  0.002ms per_group= 0.005ms)
[pe] round= 55 work=       11 frontier=       44 next=       11 consolidate=  0.026ms frontier=  0.002ms semisort=  0.012ms (keyed= 0.000ms group_by=  0.002ms per_group= 0.005ms)
[pe] round= 56 work=       11 frontier=       22 next=       11 consolidate=  0.021ms frontier=  0.002ms semisort=  0.009ms (keyed= 0.000ms group_by=  0.001ms per_group= 0.005ms)
[pe] round= 57 work=       11 frontier=       62 next=       11 consolidate=  0.026ms frontier=  0.002ms semisort=  0.024ms (keyed= 0.000ms group_by=  0.003ms per_group= 0.012ms)
[pe] round= 58 work=       11 frontier=       28 next=       11 consolidate=  0.022ms frontier=  0.003ms semisort=  0.011ms (keyed= 0.000ms group_by=  0.002ms per_group= 0.006ms)
[pe] round= 59 work=       11 frontier=       44 next=       11 consolidate=  0.016ms frontier=  0.002ms semisort=  0.009ms (keyed= 0.000ms group_by=  0.002ms per_group= 0.004ms)
[pe] round= 60 work=       11 frontier=       22 next=       11 consolidate=  0.017ms frontier=  0.002ms semisort=  0.009ms (keyed= 0.000ms group_by=  0.001ms per_group= 0.005ms)
[pe] round= 61 work=       11 frontier=       62 next=       11 consolidate=  0.024ms frontier=  0.002ms semisort=  0.017ms (keyed= 0.000ms group_by=  0.004ms per_group= 0.007ms)
[pe] round= 62 work=       11 frontier=       28 next=       11 consolidate=  0.023ms frontier=  0.002ms semisort=  0.011ms (keyed= 0.000ms group_by=  0.002ms per_group= 0.006ms)
[pe] round= 63 work=       11 frontier=       44 next=       11 consolidate=  0.021ms frontier=  0.002ms semisort=  0.012ms (keyed= 0.000ms group_by=  0.002ms per_group= 0.005ms)
[pe] round= 64 work=       11 frontier=       22 next=       11 consolidate=  0.033ms frontier=  0.002ms semisort=  0.009ms (keyed= 0.000ms group_by=  0.001ms per_group= 0.005ms)
[pe] round= 65 work=       11 frontier=       62 next=       11 consolidate=  0.024ms frontier=  0.002ms semisort=  0.039ms (keyed= 0.000ms group_by=  0.003ms per_group= 0.012ms)
[pe] round= 66 work=       11 frontier=       28 next=       11 consolidate=  0.017ms frontier=  0.002ms semisort=  0.015ms (keyed= 0.000ms group_by=  0.002ms per_group= 0.009ms)
[pe] round= 67 work=       11 frontier=       44 next=       11 consolidate=  0.020ms frontier=  0.002ms semisort=  0.013ms (keyed= 0.000ms group_by=  0.003ms per_group= 0.005ms)
[pe] round= 68 work=       11 frontier=       22 next=       11 consolidate=  0.020ms frontier=  0.002ms semisort=  0.010ms (keyed= 0.000ms group_by=  0.001ms per_group= 0.005ms)
[pe] round= 69 work=       11 frontier=       62 next=       11 consolidate=  0.025ms frontier=  0.003ms semisort=  0.022ms (keyed= 0.000ms group_by=  0.003ms per_group= 0.009ms)
[pe] round= 70 work=       11 frontier=       28 next=       11 consolidate=  0.014ms frontier=  0.002ms semisort=  0.011ms (keyed= 0.000ms group_by=  0.002ms per_group= 0.005ms)
[pe] round= 71 work=       11 frontier=       44 next=       11 consolidate=  0.015ms frontier=  0.002ms semisort=  0.009ms (keyed= 0.000ms group_by=  0.002ms per_group= 0.004ms)
[pe] round= 72 work=       11 frontier=       22 next=       11 consolidate=  0.016ms frontier=  0.002ms semisort=  0.007ms (keyed= 0.000ms group_by=  0.001ms per_group= 0.004ms)
[pe] round= 73 work=       11 frontier=       62 next=       11 consolidate=  0.017ms frontier=  0.003ms semisort=  0.029ms (keyed= 0.000ms group_by=  0.003ms per_group= 0.017ms)
[pe] round= 74 work=       11 frontier=       28 next=       11 consolidate=  0.023ms frontier=  0.003ms semisort=  0.015ms (keyed= 0.000ms group_by=  0.002ms per_group= 0.008ms)
[pe] round= 75 work=       11 frontier=       44 next=       11 consolidate=  0.023ms frontier=  0.002ms semisort=  0.013ms (keyed= 0.000ms group_by=  0.003ms per_group= 0.005ms)
[pe] round= 76 work=       11 frontier=       22 next=       11 consolidate=  0.036ms frontier=  0.002ms semisort=  0.010ms (keyed= 0.000ms group_by=  0.001ms per_group= 0.005ms)
[pe] round= 77 work=       11 frontier=       62 next=       11 consolidate=  0.015ms frontier=  0.002ms semisort=  0.017ms (keyed= 0.000ms group_by=  0.003ms per_group= 0.007ms)
[pe] round= 78 work=       11 frontier=       28 next=       11 consolidate=  0.020ms frontier=  0.002ms semisort=  0.011ms (keyed= 0.000ms group_by=  0.002ms per_group= 0.005ms)
[pe] round= 79 work=       11 frontier=       44 next=       11 consolidate=  0.024ms frontier=  0.002ms semisort=  0.012ms (keyed= 0.000ms group_by=  0.002ms per_group= 0.005ms)
[pe] round= 80 work=       11 frontier=       22 next=       11 consolidate=  0.020ms frontier=  0.002ms semisort=  0.010ms (keyed= 0.000ms group_by=  0.002ms per_group= 0.005ms)
[pe] round= 81 work=       11 frontier=       62 next=       11 consolidate=  0.023ms frontier=  0.002ms semisort=  0.016ms (keyed= 0.000ms group_by=  0.002ms per_group= 0.007ms)
[pe] round= 82 work=       11 frontier=       28 next=       11 consolidate=  0.020ms frontier=  0.002ms semisort=  0.019ms (keyed= 0.000ms group_by=  0.002ms per_group= 0.012ms)
[pe] round= 83 work=       11 frontier=       44 next=       11 consolidate=  0.023ms frontier=  0.002ms semisort=  0.014ms (keyed= 0.000ms group_by=  0.003ms per_group= 0.006ms)
[pe] round= 84 work=       11 frontier=       22 next=       11 consolidate=  0.023ms frontier=  0.002ms semisort=  0.010ms (keyed= 0.000ms group_by=  0.001ms per_group= 0.005ms)
[pe] round= 85 work=       11 frontier=       62 next=       11 consolidate=  0.019ms frontier=  0.002ms semisort=  0.017ms (keyed= 0.000ms group_by=  0.003ms per_group= 0.007ms)
[pe] round= 86 work=       11 frontier=       28 next=       11 consolidate=  0.022ms frontier=  0.002ms semisort=  0.012ms (keyed= 0.000ms group_by=  0.002ms per_group= 0.005ms)
[pe] round= 87 work=       11 frontier=       44 next=       11 consolidate=  0.022ms frontier=  0.002ms semisort=  0.012ms (keyed= 0.000ms group_by=  0.002ms per_group= 0.005ms)
[pe] round= 88 work=       11 frontier=       22 next=       11 consolidate=  0.024ms frontier=  0.002ms semisort=  0.010ms (keyed= 0.000ms group_by=  0.001ms per_group= 0.005ms)
[pe] round= 89 work=       11 frontier=       62 next=       11 consolidate=  0.018ms frontier=  0.002ms semisort=  0.022ms (keyed= 0.000ms group_by=  0.003ms per_group= 0.010ms)
[pe] round= 90 work=       11 frontier=       28 next=       11 consolidate=  0.017ms frontier=  0.003ms semisort=  0.013ms (keyed= 0.000ms group_by=  0.002ms per_group= 0.005ms)
[pe] round= 91 work=       11 frontier=       44 next=       11 consolidate=  0.025ms frontier=  0.002ms semisort=  0.012ms (keyed= 0.000ms group_by=  0.002ms per_group= 0.005ms)
[pe] round= 92 work=       11 frontier=       22 next=       11 consolidate=  0.035ms frontier=  0.002ms semisort=  0.007ms (keyed= 0.000ms group_by=  0.001ms per_group= 0.004ms)
[pe] round= 93 work=       11 frontier=       62 next=       11 consolidate=  0.018ms frontier=  0.002ms semisort=  0.022ms (keyed= 0.000ms group_by=  0.003ms per_group= 0.010ms)
[pe] round= 94 work=       11 frontier=       28 next=       11 consolidate=  0.026ms frontier=  0.002ms semisort=  0.012ms (keyed= 0.000ms group_by=  0.002ms per_group= 0.006ms)
[pe] round= 95 work=       11 frontier=       44 next=       11 consolidate=  0.025ms frontier=  0.002ms semisort=  0.012ms (keyed= 0.000ms group_by=  0.003ms per_group= 0.005ms)
[pe] round= 96 work=       11 frontier=       22 next=       11 consolidate=  0.017ms frontier=  0.002ms semisort=  0.010ms (keyed= 0.000ms group_by=  0.001ms per_group= 0.005ms)
[pe] round= 97 work=       11 frontier=       62 next=       11 consolidate=  0.019ms frontier=  0.002ms semisort=  0.031ms (keyed= 0.000ms group_by=  0.003ms per_group= 0.020ms)
[pe] round= 98 work=       11 frontier=       28 next=       11 consolidate=  0.011ms frontier=  0.002ms semisort=  0.013ms (keyed= 0.000ms group_by=  0.001ms per_group= 0.008ms)
[pe] round= 99 work=       11 frontier=       44 next=       11 consolidate=  0.015ms frontier=  0.002ms semisort=  0.009ms (keyed= 0.000ms group_by=  0.001ms per_group= 0.004ms)
[pe] round=100 work=       11 frontier=       22 next=       11 consolidate=  0.019ms frontier=  0.002ms semisort=  0.010ms (keyed= 0.000ms group_by=  0.001ms per_group= 0.005ms)
[pe] round=101 work=       11 frontier=       62 next=       11 consolidate=  0.025ms frontier=  0.002ms semisort=  0.017ms (keyed= 0.000ms group_by=  0.003ms per_group= 0.007ms)
[pe] round=102 work=       11 frontier=       28 next=       11 consolidate=  0.018ms frontier=  0.002ms semisort=  0.016ms (keyed= 0.000ms group_by=  0.002ms per_group= 0.010ms)
[pe] round=103 work=       11 frontier=       44 next=       11 consolidate=  0.015ms frontier=  0.002ms semisort=  0.012ms (keyed= 0.000ms group_by=  0.002ms per_group= 0.005ms)
[pe] round=104 work=       11 frontier=       22 next=       11 consolidate=  0.019ms frontier=  0.002ms semisort=  0.010ms (keyed= 0.000ms group_by=  0.001ms per_group= 0.005ms)
[pe] round=105 work=       11 frontier=       62 next=       11 consolidate=  0.019ms frontier=  0.002ms semisort=  0.014ms (keyed= 0.000ms group_by=  0.002ms per_group= 0.006ms)
[pe] round=106 work=       11 frontier=       28 next=       11 consolidate=  0.018ms frontier=  0.002ms semisort=  0.011ms (keyed= 0.000ms group_by=  0.002ms per_group= 0.006ms)
[pe] round=107 work=       11 frontier=       44 next=       11 consolidate=  0.024ms frontier=  0.002ms semisort=  0.012ms (keyed= 0.000ms group_by=  0.002ms per_group= 0.005ms)
[pe] round=108 work=       11 frontier=       22 next=       11 consolidate=  0.020ms frontier=  0.002ms semisort=  0.010ms (keyed= 0.000ms group_by=  0.001ms per_group= 0.005ms)
[pe] round=109 work=       11 frontier=       62 next=       11 consolidate=  0.018ms frontier=  0.002ms semisort=  0.018ms (keyed= 0.000ms group_by=  0.003ms per_group= 0.007ms)
[pe] round=110 work=       11 frontier=       28 next=       11 consolidate=  0.032ms frontier=  0.002ms semisort=  0.017ms (keyed= 0.000ms group_by=  0.002ms per_group= 0.010ms)
[pe] round=111 work=       11 frontier=       44 next=       11 consolidate=  0.025ms frontier=  0.002ms semisort=  0.009ms (keyed= 0.000ms group_by=  0.001ms per_group= 0.004ms)
[pe] round=112 work=       11 frontier=       22 next=       11 consolidate=  0.016ms frontier=  0.002ms semisort=  0.010ms (keyed= 0.000ms group_by=  0.001ms per_group= 0.005ms)
[pe] round=113 work=       11 frontier=       62 next=       11 consolidate=  0.016ms frontier=  0.002ms semisort=  0.017ms (keyed= 0.000ms group_by=  0.003ms per_group= 0.007ms)
[pe] round=114 work=       11 frontier=       28 next=       11 consolidate=  0.022ms frontier=  0.002ms semisort=  0.013ms (keyed= 0.000ms group_by=  0.002ms per_group= 0.007ms)
[pe] round=115 work=       11 frontier=       44 next=       11 consolidate=  0.018ms frontier=  0.002ms semisort=  0.012ms (keyed= 0.000ms group_by=  0.002ms per_group= 0.005ms)
[pe] round=116 work=       11 frontier=       22 next=       11 consolidate=  0.024ms frontier=  0.002ms semisort=  0.010ms (keyed= 0.000ms group_by=  0.001ms per_group= 0.005ms)
[pe] round=117 work=       11 frontier=       62 next=       11 consolidate=  0.022ms frontier=  0.002ms semisort=  0.012ms (keyed= 0.000ms group_by=  0.002ms per_group= 0.005ms)
[pe] round=118 work=       11 frontier=       28 next=       11 consolidate=  0.025ms frontier=  0.002ms semisort=  0.008ms (keyed= 0.000ms group_by=  0.001ms per_group= 0.004ms)
[pe] round=119 work=       11 frontier=       44 next=       11 consolidate=  0.022ms frontier=  0.002ms semisort=  0.012ms (keyed= 0.000ms group_by=  0.002ms per_group= 0.005ms)
[pe] round=120 work=       11 frontier=       22 next=       11 consolidate=  0.020ms frontier=  0.002ms semisort=  0.010ms (keyed= 0.000ms group_by=  0.001ms per_group= 0.005ms)
[pe] round=121 work=       11 frontier=       62 next=       11 consolidate=  0.017ms frontier=  0.002ms semisort=  0.024ms (keyed= 0.000ms group_by=  0.003ms per_group= 0.013ms)
[pe] round=122 work=       11 frontier=       28 next=       11 consolidate=  0.019ms frontier=  0.002ms semisort=  0.011ms (keyed= 0.000ms group_by=  0.002ms per_group= 0.005ms)
[pe] round=123 work=       11 frontier=       44 next=       11 consolidate=  0.018ms frontier=  0.002ms semisort=  0.012ms (keyed= 0.000ms group_by=  0.003ms per_group= 0.005ms)
[pe] round=124 work=       11 frontier=       22 next=       11 consolidate=  0.020ms frontier=  0.002ms semisort=  0.010ms (keyed= 0.000ms group_by=  0.001ms per_group= 0.005ms)
[pe] round=125 work=       11 frontier=       62 next=       11 consolidate=  0.029ms frontier=  0.002ms semisort=  0.027ms (keyed= 0.000ms group_by=  0.003ms per_group= 0.016ms)
[pe] round=126 work=       11 frontier=       28 next=       11 consolidate=  0.019ms frontier=  0.002ms semisort=  0.011ms (keyed= 0.000ms group_by=  0.002ms per_group= 0.006ms)
[pe] round=127 work=       11 frontier=       44 next=       11 consolidate=  0.016ms frontier=  0.002ms semisort=  0.013ms (keyed= 0.000ms group_by=  0.003ms per_group= 0.005ms)
[pe] round=128 work=       11 frontier=       22 next=       11 consolidate=  0.022ms frontier=  0.002ms semisort=  0.010ms (keyed= 0.000ms group_by=  0.001ms per_group= 0.005ms)
[pe] round=129 work=       11 frontier=       62 next=       11 consolidate=  0.017ms frontier=  0.002ms semisort=  0.013ms (keyed= 0.000ms group_by=  0.002ms per_group= 0.005ms)
[pe] round=130 work=       11 frontier=       28 next=       11 consolidate=  0.024ms frontier=  0.002ms semisort=  0.011ms (keyed= 0.000ms group_by=  0.002ms per_group= 0.005ms)
[pe] round=131 work=       11 frontier=       44 next=       11 consolidate=  0.028ms frontier=  0.002ms semisort=  0.012ms (keyed= 0.000ms group_by=  0.002ms per_group= 0.005ms)
[pe] round=132 work=       11 frontier=       22 next=       11 consolidate=  0.029ms frontier=  0.002ms semisort=  0.015ms (keyed= 0.000ms group_by=  0.001ms per_group= 0.009ms)
[pe] round=133 work=       11 frontier=       62 next=       11 consolidate=  0.023ms frontier=  0.002ms semisort=  0.017ms (keyed= 0.000ms group_by=  0.003ms per_group= 0.007ms)
[pe] round=134 work=       11 frontier=       28 next=       11 consolidate=  0.014ms frontier=  0.002ms semisort=  0.015ms (keyed= 0.000ms group_by=  0.002ms per_group= 0.008ms)
[pe] round=135 work=       11 frontier=       44 next=       11 consolidate=  0.018ms frontier=  0.002ms semisort=  0.012ms (keyed= 0.000ms group_by=  0.002ms per_group= 0.005ms)
[pe] round=136 work=       11 frontier=       22 next=       11 consolidate=  0.021ms frontier=  0.002ms semisort=  0.019ms (keyed= 0.000ms group_by=  0.001ms per_group= 0.013ms)
[pe] round=137 work=       11 frontier=       62 next=       11 consolidate=  0.024ms frontier=  0.002ms semisort=  0.027ms (keyed= 0.000ms group_by=  0.003ms per_group= 0.015ms)
[pe] round=138 work=       11 frontier=       28 next=       11 consolidate=  0.020ms frontier=  0.002ms semisort=  0.015ms (keyed= 0.000ms group_by=  0.002ms per_group= 0.008ms)
[pe] round=139 work=       11 frontier=       44 next=       11 consolidate=  0.016ms frontier=  0.002ms semisort=  0.009ms (keyed= 0.000ms group_by=  0.001ms per_group= 0.004ms)
[pe] round=140 work=       11 frontier=       22 next=       11 consolidate=  0.026ms frontier=  0.003ms semisort=  0.010ms (keyed= 0.000ms group_by=  0.001ms per_group= 0.005ms)
[pe] round=141 work=       11 frontier=       62 next=       11 consolidate=  0.014ms frontier=  0.002ms semisort=  0.020ms (keyed= 0.000ms group_by=  0.003ms per_group= 0.008ms)
[pe] round=142 work=       11 frontier=       28 next=       11 consolidate=  0.015ms frontier=  0.002ms semisort=  0.019ms (keyed= 0.000ms group_by=  0.002ms per_group= 0.012ms)
[pe] round=143 work=       11 frontier=       44 next=       11 consolidate=  0.020ms frontier=  0.002ms semisort=  0.027ms (keyed= 0.000ms group_by=  0.003ms per_group= 0.018ms)
[pe] round=144 work=       11 frontier=       22 next=       11 consolidate=  0.017ms frontier=  0.002ms semisort=  0.010ms (keyed= 0.000ms group_by=  0.002ms per_group= 0.005ms)
[pe] round=145 work=       11 frontier=       62 next=       11 consolidate=  0.017ms frontier=  0.002ms semisort=  0.018ms (keyed= 0.000ms group_by=  0.003ms per_group= 0.007ms)
[pe] round=146 work=       11 frontier=       28 next=       11 consolidate=  0.017ms frontier=  0.003ms semisort=  0.017ms (keyed= 0.000ms group_by=  0.002ms per_group= 0.010ms)
[pe] round=147 work=       11 frontier=       44 next=       11 consolidate=  0.036ms frontier=  0.002ms semisort=  0.022ms (keyed= 0.000ms group_by=  0.002ms per_group= 0.015ms)
[pe] round=148 work=       11 frontier=       22 next=       11 consolidate=  0.018ms frontier=  0.002ms semisort=  0.009ms (keyed= 0.000ms group_by=  0.001ms per_group= 0.004ms)
[pe] round=149 work=       11 frontier=       62 next=       11 consolidate=  0.013ms frontier=  0.002ms semisort=  0.013ms (keyed= 0.000ms group_by=  0.002ms per_group= 0.005ms)
[pe] round=150 work=       11 frontier=       28 next=       11 consolidate=  0.011ms frontier=  0.002ms semisort=  0.013ms (keyed= 0.000ms group_by=  0.001ms per_group= 0.007ms)
[pe] round=151 work=       11 frontier=       44 next=       11 consolidate=  0.022ms frontier=  0.002ms semisort=  0.012ms (keyed= 0.000ms group_by=  0.002ms per_group= 0.005ms)
[pe] round=152 work=       11 frontier=       22 next=       11 consolidate=  0.017ms frontier=  0.002ms semisort=  0.009ms (keyed= 0.000ms group_by=  0.001ms per_group= 0.005ms)
[pe] round=153 work=       11 frontier=       62 next=       11 consolidate=  0.016ms frontier=  0.002ms semisort=  0.018ms (keyed= 0.000ms group_by=  0.003ms per_group= 0.007ms)
[pe] round=154 work=       11 frontier=       28 next=       11 consolidate=  0.019ms frontier=  0.002ms semisort=  0.011ms (keyed= 0.000ms group_by=  0.002ms per_group= 0.005ms)
[pe] round=155 work=       11 frontier=       44 next=       11 consolidate=  0.021ms frontier=  0.002ms semisort=  0.012ms (keyed= 0.000ms group_by=  0.002ms per_group= 0.005ms)
[pe] round=156 work=       11 frontier=       22 next=       11 consolidate=  0.024ms frontier=  0.002ms semisort=  0.010ms (keyed= 0.000ms group_by=  0.001ms per_group= 0.005ms)
[pe] round=157 work=       11 frontier=       62 next=       11 consolidate=  0.032ms frontier=  0.002ms semisort=  0.017ms (keyed= 0.000ms group_by=  0.003ms per_group= 0.007ms)
[pe] round=158 work=       11 frontier=       28 next=       11 consolidate=  0.025ms frontier=  0.002ms semisort=  0.016ms (keyed= 0.000ms group_by=  0.002ms per_group= 0.009ms)
[pe] round=159 work=       11 frontier=       44 next=       11 consolidate=  0.021ms frontier=  0.002ms semisort=  0.009ms (keyed= 0.000ms group_by=  0.001ms per_group= 0.004ms)
[pe] round=160 work=       11 frontier=       22 next=       11 consolidate=  0.011ms frontier=  0.002ms semisort=  0.007ms (keyed= 0.000ms group_by=  0.001ms per_group= 0.003ms)
[pe] round=161 work=       11 frontier=       62 next=       11 consolidate=  0.019ms frontier=  0.002ms semisort=  0.029ms (keyed= 0.000ms group_by=  0.003ms per_group= 0.017ms)
[pe] round=162 work=       11 frontier=       28 next=       11 consolidate=  0.021ms frontier=  0.002ms semisort=  0.014ms (keyed= 0.000ms group_by=  0.002ms per_group= 0.007ms)
[pe] round=163 work=       11 frontier=       44 next=       11 consolidate=  0.020ms frontier=  0.002ms semisort=  0.013ms (keyed= 0.000ms group_by=  0.003ms per_group= 0.005ms)
[pe] round=164 work=       11 frontier=       22 next=       11 consolidate=  0.020ms frontier=  0.002ms semisort=  0.010ms (keyed= 0.000ms group_by=  0.001ms per_group= 0.005ms)
[pe] round=165 work=       11 frontier=       62 next=       11 consolidate=  0.024ms frontier=  0.003ms semisort=  0.024ms (keyed= 0.000ms group_by=  0.003ms per_group= 0.011ms)
[pe] round=166 work=       11 frontier=       28 next=       11 consolidate=  0.013ms frontier=  0.002ms semisort=  0.008ms (keyed= 0.000ms group_by=  0.001ms per_group= 0.003ms)
[pe] round=167 work=       11 frontier=       44 next=       11 consolidate=  0.019ms frontier=  0.002ms semisort=  0.011ms (keyed= 0.000ms group_by=  0.002ms per_group= 0.005ms)
[pe] round=168 work=       11 frontier=       22 next=       11 consolidate=  0.022ms frontier=  0.002ms semisort=  0.009ms (keyed= 0.000ms group_by=  0.001ms per_group= 0.005ms)
[pe] round=169 work=       11 frontier=       62 next=       11 consolidate=  0.030ms frontier=  0.002ms semisort=  0.028ms (keyed= 0.000ms group_by=  0.003ms per_group= 0.017ms)
[pe] round=170 work=       11 frontier=       28 next=       11 consolidate=  0.021ms frontier=  0.002ms semisort=  0.011ms (keyed= 0.000ms group_by=  0.002ms per_group= 0.005ms)
[pe] round=171 work=       11 frontier=       44 next=       11 consolidate=  0.019ms frontier=  0.002ms semisort=  0.013ms (keyed= 0.000ms group_by=  0.003ms per_group= 0.005ms)
[pe] round=172 work=       11 frontier=       22 next=       11 consolidate=  0.017ms frontier=  0.003ms semisort=  0.009ms (keyed= 0.000ms group_by=  0.001ms per_group= 0.004ms)
[pe] round=173 work=       11 frontier=       62 next=       11 consolidate=  0.013ms frontier=  0.002ms semisort=  0.013ms (keyed= 0.000ms group_by=  0.002ms per_group= 0.005ms)
[pe] round=174 work=       11 frontier=       28 next=       11 consolidate=  0.015ms frontier=  0.002ms semisort=  0.014ms (keyed= 0.000ms group_by=  0.002ms per_group= 0.007ms)
[pe] round=175 work=       11 frontier=       44 next=       11 consolidate=  0.018ms frontier=  0.002ms semisort=  0.012ms (keyed= 0.000ms group_by=  0.002ms per_group= 0.005ms)
[pe] round=176 work=       11 frontier=       22 next=       11 consolidate=  0.020ms frontier=  0.002ms semisort=  0.009ms (keyed= 0.000ms group_by=  0.001ms per_group= 0.005ms)
[pe] round=177 work=       11 frontier=       62 next=       11 consolidate=  0.014ms frontier=  0.002ms semisort=  0.026ms (keyed= 0.000ms group_by=  0.004ms per_group= 0.013ms)
[pe] round=178 work=       11 frontier=       28 next=       11 consolidate=  0.020ms frontier=  0.002ms semisort=  0.016ms (keyed= 0.000ms group_by=  0.002ms per_group= 0.009ms)
[pe] round=179 work=       11 frontier=       44 next=       11 consolidate=  0.019ms frontier=  0.002ms semisort=  0.010ms (keyed= 0.000ms group_by=  0.002ms per_group= 0.004ms)
[pe] round=180 work=       11 frontier=       22 next=       11 consolidate=  0.029ms frontier=  0.002ms semisort=  0.007ms (keyed= 0.000ms group_by=  0.001ms per_group= 0.003ms)
[pe] round=181 work=       11 frontier=       62 next=       11 consolidate=  0.031ms frontier=  0.002ms semisort=  0.017ms (keyed= 0.000ms group_by=  0.003ms per_group= 0.007ms)
[pe] round=182 work=       11 frontier=       28 next=       11 consolidate=  0.019ms frontier=  0.002ms semisort=  0.012ms (keyed= 0.000ms group_by=  0.002ms per_group= 0.006ms)
[pe] round=183 work=       11 frontier=       44 next=       11 consolidate=  0.019ms frontier=  0.002ms semisort=  0.012ms (keyed= 0.000ms group_by=  0.002ms per_group= 0.005ms)
[pe] round=184 work=       11 frontier=       22 next=       11 consolidate=  0.021ms frontier=  0.002ms semisort=  0.009ms (keyed= 0.000ms group_by=  0.001ms per_group= 0.005ms)
[pe] round=185 work=       11 frontier=       62 next=       11 consolidate=  0.015ms frontier=  0.003ms semisort=  0.050ms (keyed= 0.001ms group_by=  0.007ms per_group= 0.013ms)
[pe] round=186 work=       11 frontier=       28 next=       11 consolidate=  0.022ms frontier=  0.002ms semisort=  0.023ms (keyed= 0.000ms group_by=  0.002ms per_group= 0.017ms)
[pe] round=187 work=       11 frontier=       44 next=       11 consolidate=  0.019ms frontier=  0.002ms semisort=  0.013ms (keyed= 0.000ms group_by=  0.003ms per_group= 0.005ms)
[pe] round=188 work=       11 frontier=       22 next=       11 consolidate=  0.019ms frontier=  0.002ms semisort=  0.010ms (keyed= 0.000ms group_by=  0.001ms per_group= 0.005ms)
[pe] round=189 work=       11 frontier=       62 next=       11 consolidate=  0.026ms frontier=  0.002ms semisort=  0.028ms (keyed= 0.000ms group_by=  0.003ms per_group= 0.018ms)
[pe] round=190 work=       11 frontier=       28 next=       11 consolidate=  0.011ms frontier=  0.002ms semisort=  0.013ms (keyed= 0.000ms group_by=  0.001ms per_group= 0.008ms)
[pe] round=191 work=       11 frontier=       44 next=       11 consolidate=  0.014ms frontier=  0.002ms semisort=  0.009ms (keyed= 0.000ms group_by=  0.001ms per_group= 0.004ms)
[pe] round=192 work=       11 frontier=       22 next=       11 consolidate=  0.019ms frontier=  0.002ms semisort=  0.010ms (keyed= 0.000ms group_by=  0.001ms per_group= 0.005ms)
[pe] round=193 work=       11 frontier=       62 next=       11 consolidate=  0.020ms frontier=  0.002ms semisort=  0.039ms (keyed= 0.000ms group_by=  0.003ms per_group= 0.027ms)
[pe] round=194 work=       11 frontier=       28 next=       11 consolidate=  0.019ms frontier=  0.003ms semisort=  0.016ms (keyed= 0.000ms group_by=  0.002ms per_group= 0.009ms)
[pe] round=195 work=       11 frontier=       44 next=       11 consolidate=  0.022ms frontier=  0.002ms semisort=  0.013ms (keyed= 0.000ms group_by=  0.003ms per_group= 0.005ms)
[pe] round=196 work=       11 frontier=       22 next=       11 consolidate=  0.025ms frontier=  0.002ms semisort=  0.010ms (keyed= 0.000ms group_by=  0.001ms per_group= 0.005ms)
[pe] round=197 work=       11 frontier=       62 next=       11 consolidate=  0.012ms frontier=  0.002ms semisort=  0.013ms (keyed= 0.000ms group_by=  0.002ms per_group= 0.005ms)
[pe] round=198 work=       11 frontier=       28 next=       11 consolidate=  0.013ms frontier=  0.002ms semisort=  0.008ms (keyed= 0.000ms group_by=  0.002ms per_group= 0.003ms)
[pe] round=199 work=       11 frontier=       44 next=       11 consolidate=  0.025ms frontier=  0.002ms semisort=  0.012ms (keyed= 0.000ms group_by=  0.002ms per_group= 0.005ms)
[pe] round=200 work=       11 frontier=       22 next=       11 consolidate=  0.012ms frontier=  0.002ms semisort=  0.009ms (keyed= 0.000ms group_by=  0.001ms per_group= 0.005ms)
[pe] round=201 work=       11 frontier=       62 next=       11 consolidate=  0.021ms frontier=  0.002ms semisort=  0.018ms (keyed= 0.000ms group_by=  0.003ms per_group= 0.008ms)
[pe] round=202 work=       11 frontier=       28 next=       11 consolidate=  0.032ms frontier=  0.002ms semisort=  0.015ms (keyed= 0.000ms group_by=  0.002ms per_group= 0.008ms)
[pe] round=203 work=       11 frontier=       44 next=       11 consolidate=  0.022ms frontier=  0.002ms semisort=  0.012ms (keyed= 0.000ms group_by=  0.002ms per_group= 0.005ms)
[pe] round=204 work=       11 frontier=       22 next=       11 consolidate=  0.029ms frontier=  0.002ms semisort=  0.007ms (keyed= 0.000ms group_by=  0.001ms per_group= 0.004ms)
[pe] round=205 work=       11 frontier=       62 next=       11 consolidate=  0.014ms frontier=  0.002ms semisort=  0.017ms (keyed= 0.000ms group_by=  0.003ms per_group= 0.006ms)
[pe] round=206 work=       11 frontier=       28 next=       11 consolidate=  0.021ms frontier=  0.002ms semisort=  0.015ms (keyed= 0.000ms group_by=  0.002ms per_group= 0.009ms)
[pe] round=207 work=       11 frontier=       44 next=       11 consolidate=  0.019ms frontier=  0.002ms semisort=  0.012ms (keyed= 0.000ms group_by=  0.002ms per_group= 0.005ms)
[pe] round=208 work=       11 frontier=       22 next=       11 consolidate=  0.029ms frontier=  0.003ms semisort=  0.026ms (keyed= 0.000ms group_by=  0.001ms per_group= 0.019ms)
[pe] round=209 work=       11 frontier=       70 next=       11 consolidate=  0.020ms frontier=  0.002ms semisort=  0.033ms (keyed= 0.001ms group_by=  0.005ms per_group= 0.013ms)
[pe] round=210 work=       11 frontier=       28 next=        7 consolidate=  0.027ms frontier=  0.002ms semisort=  0.010ms (keyed= 0.000ms group_by=  0.002ms per_group= 0.004ms)
[pe] round=211 work=        7 frontier=       28 next=        7 consolidate=  0.020ms frontier=  0.002ms semisort=  0.007ms (keyed= 0.000ms group_by=  0.001ms per_group= 0.003ms)
[pe] round=212 work=        7 frontier=       14 next=        7 consolidate=  0.019ms frontier=  0.002ms semisort=  0.008ms (keyed= 0.000ms group_by=  0.001ms per_group= 0.004ms)
[pe] round=213 work=        7 frontier=       46 next=        7 consolidate=  0.013ms frontier=  0.002ms semisort=  0.018ms (keyed= 0.000ms group_by=  0.002ms per_group= 0.009ms)
[pe] round=214 work=        7 frontier=       20 next=        7 consolidate=  0.016ms frontier=  0.002ms semisort=  0.009ms (keyed= 0.000ms group_by=  0.002ms per_group= 0.004ms)
[pe] round=215 work=        7 frontier=       28 next=        7 consolidate=  0.018ms frontier=  0.002ms semisort=  0.008ms (keyed= 0.000ms group_by=  0.001ms per_group= 0.003ms)
[pe] round=216 work=        7 frontier=       14 next=        7 consolidate=  0.011ms frontier=  0.001ms semisort=  0.007ms (keyed= 0.000ms group_by=  0.001ms per_group= 0.004ms)
[pe] round=217 work=        7 frontier=       46 next=        7 consolidate=  0.017ms frontier=  0.002ms semisort=  0.013ms (keyed= 0.000ms group_by=  0.003ms per_group= 0.004ms)
[pe] round=218 work=        7 frontier=       20 next=        7 consolidate=  0.017ms frontier=  0.002ms semisort=  0.009ms (keyed= 0.000ms group_by=  0.001ms per_group= 0.004ms)
[pe] round=219 work=        7 frontier=       28 next=        7 consolidate=  0.015ms frontier=  0.002ms semisort=  0.008ms (keyed= 0.000ms group_by=  0.002ms per_group= 0.003ms)
[pe] round=220 work=        7 frontier=       14 next=        7 consolidate=  0.015ms frontier=  0.002ms semisort=  0.007ms (keyed= 0.000ms group_by=  0.001ms per_group= 0.003ms)
[pe] round=221 work=        7 frontier=       46 next=        7 consolidate=  0.013ms frontier=  0.002ms semisort=  0.018ms (keyed= 0.000ms group_by=  0.003ms per_group= 0.009ms)
[pe] round=222 work=        7 frontier=       20 next=        7 consolidate=  0.010ms frontier=  0.001ms semisort=  0.009ms (keyed= 0.000ms group_by=  0.002ms per_group= 0.004ms)
[pe] round=223 work=        7 frontier=       28 next=        7 consolidate=  0.014ms frontier=  0.002ms semisort=  0.009ms (keyed= 0.000ms group_by=  0.002ms per_group= 0.003ms)
[pe] round=224 work=        7 frontier=       14 next=        7 consolidate=  0.010ms frontier=  0.001ms semisort=  0.007ms (keyed= 0.000ms group_by=  0.001ms per_group= 0.004ms)
[pe] round=225 work=        7 frontier=       46 next=        7 consolidate=  0.009ms frontier=  0.001ms semisort=  0.011ms (keyed= 0.000ms group_by=  0.002ms per_group= 0.004ms)
[pe] round=226 work=        7 frontier=       20 next=        7 consolidate=  0.009ms frontier=  0.001ms semisort=  0.006ms (keyed= 0.000ms group_by=  0.001ms per_group= 0.003ms)
[pe] round=227 work=        7 frontier=       28 next=        7 consolidate=  0.009ms frontier=  0.001ms semisort=  0.008ms (keyed= 0.000ms group_by=  0.001ms per_group= 0.003ms)
[pe] round=228 work=        7 frontier=       14 next=        7 consolidate=  0.020ms frontier=  0.002ms semisort=  0.016ms (keyed= 0.000ms group_by=  0.001ms per_group= 0.012ms)
[pe] round=229 work=        7 frontier=       46 next=        7 consolidate=  0.016ms frontier=  0.002ms semisort=  0.025ms (keyed= 0.000ms group_by=  0.002ms per_group= 0.015ms)
[pe] round=230 work=        7 frontier=       20 next=        7 consolidate=  0.026ms frontier=  0.002ms semisort=  0.009ms (keyed= 0.000ms group_by=  0.002ms per_group= 0.004ms)
[pe] round=231 work=        7 frontier=       28 next=        7 consolidate=  0.017ms frontier=  0.002ms semisort=  0.009ms (keyed= 0.000ms group_by=  0.002ms per_group= 0.003ms)
[pe] round=232 work=        7 frontier=       14 next=        7 consolidate=  0.011ms frontier=  0.002ms semisort=  0.007ms (keyed= 0.000ms group_by=  0.001ms per_group= 0.004ms)
[pe] round=233 work=        7 frontier=       46 next=        7 consolidate=  0.017ms frontier=  0.002ms semisort=  0.017ms (keyed= 0.000ms group_by=  0.003ms per_group= 0.007ms)
[pe] round=234 work=        7 frontier=       20 next=        7 consolidate=  0.015ms frontier=  0.001ms semisort=  0.009ms (keyed= 0.000ms group_by=  0.001ms per_group= 0.004ms)
[pe] round=235 work=        7 frontier=       28 next=        7 consolidate=  0.018ms frontier=  0.002ms semisort=  0.020ms (keyed= 0.000ms group_by=  0.002ms per_group= 0.003ms)
[pe] round=236 work=        7 frontier=       14 next=        7 consolidate=  0.018ms frontier=  0.002ms semisort=  0.007ms (keyed= 0.000ms group_by=  0.001ms per_group= 0.004ms)
[pe] round=237 work=        7 frontier=       46 next=        7 consolidate=  0.019ms frontier=  0.002ms semisort=  0.013ms (keyed= 0.000ms group_by=  0.003ms per_group= 0.004ms)
[pe] round=238 work=        7 frontier=       20 next=        7 consolidate=  0.017ms frontier=  0.002ms semisort=  0.009ms (keyed= 0.000ms group_by=  0.001ms per_group= 0.004ms)
[pe] round=239 work=        7 frontier=       28 next=        7 consolidate=  0.016ms frontier=  0.002ms semisort=  0.008ms (keyed= 0.000ms group_by=  0.001ms per_group= 0.003ms)
[pe] round=240 work=        7 frontier=       14 next=        7 consolidate=  0.019ms frontier=  0.002ms semisort=  0.007ms (keyed= 0.000ms group_by=  0.001ms per_group= 0.003ms)
[pe] round=241 work=        7 frontier=       46 next=        7 consolidate=  0.010ms frontier=  0.001ms semisort=  0.020ms (keyed= 0.000ms group_by=  0.003ms per_group= 0.011ms)
[pe] round=242 work=        7 frontier=       20 next=        7 consolidate=  0.015ms frontier=  0.002ms semisort=  0.009ms (keyed= 0.000ms group_by=  0.002ms per_group= 0.004ms)
[pe] round=243 work=        7 frontier=       28 next=        7 consolidate=  0.011ms frontier=  0.001ms semisort=  0.008ms (keyed= 0.000ms group_by=  0.001ms per_group= 0.004ms)
[pe] round=244 work=        7 frontier=       14 next=        7 consolidate=  0.023ms frontier=  0.001ms semisort=  0.008ms (keyed= 0.000ms group_by=  0.001ms per_group= 0.004ms)
[pe] round=245 work=        7 frontier=       46 next=        7 consolidate=  0.020ms frontier=  0.002ms semisort=  0.025ms (keyed= 0.000ms group_by=  0.003ms per_group= 0.015ms)
[pe] round=246 work=        7 frontier=       20 next=        7 consolidate=  0.017ms frontier=  0.002ms semisort=  0.009ms (keyed= 0.000ms group_by=  0.002ms per_group= 0.004ms)
[pe] round=247 work=        7 frontier=       28 next=        7 consolidate=  0.012ms frontier=  0.001ms semisort=  0.009ms (keyed= 0.000ms group_by=  0.002ms per_group= 0.003ms)
[pe] round=248 work=        7 frontier=       14 next=        7 consolidate=  0.009ms frontier=  0.001ms semisort=  0.005ms (keyed= 0.000ms group_by=  0.001ms per_group= 0.002ms)
[pe] round=249 work=        7 frontier=       46 next=        7 consolidate=  0.014ms frontier=  0.001ms semisort=  0.010ms (keyed= 0.000ms group_by=  0.002ms per_group= 0.003ms)
[pe] round=250 work=        7 frontier=       20 next=        7 consolidate=  0.011ms frontier=  0.001ms semisort=  0.009ms (keyed= 0.000ms group_by=  0.001ms per_group= 0.004ms)
[pe] round=251 work=        7 frontier=       28 next=        7 consolidate=  0.018ms frontier=  0.002ms semisort=  0.009ms (keyed= 0.000ms group_by=  0.002ms per_group= 0.004ms)
[pe] round=252 work=        7 frontier=       14 next=        7 consolidate=  0.023ms frontier=  0.002ms semisort=  0.011ms (keyed= 0.000ms group_by=  0.001ms per_group= 0.007ms)
[pe] round=253 work=        7 frontier=       46 next=        7 consolidate=  0.026ms frontier=  0.002ms semisort=  0.013ms (keyed= 0.000ms group_by=  0.003ms per_group= 0.004ms)
[pe] round=254 work=        7 frontier=       20 next=        7 consolidate=  0.020ms frontier=  0.002ms semisort=  0.009ms (keyed= 0.000ms group_by=  0.001ms per_group= 0.004ms)
[pe] round=255 work=        7 frontier=       28 next=        7 consolidate=  0.020ms frontier=  0.002ms semisort=  0.007ms (keyed= 0.000ms group_by=  0.001ms per_group= 0.003ms)
[pe] round=256 work=        7 frontier=       14 next=        7 consolidate=  0.009ms frontier=  0.001ms semisort=  0.005ms (keyed= 0.000ms group_by=  0.001ms per_group= 0.003ms)
[pe] round=257 work=        7 frontier=       46 next=        7 consolidate=  0.010ms frontier=  0.001ms semisort=  0.010ms (keyed= 0.000ms group_by=  0.002ms per_group= 0.004ms)
[pe] round=258 work=        7 frontier=       20 next=        7 consolidate=  0.015ms frontier=  0.002ms semisort=  0.009ms (keyed= 0.000ms group_by=  0.001ms per_group= 0.004ms)
[pe] round=259 work=        7 frontier=       28 next=        7 consolidate=  0.022ms frontier=  0.002ms semisort=  0.008ms (keyed= 0.000ms group_by=  0.001ms per_group= 0.003ms)
[pe] round=260 work=        7 frontier=       14 next=        7 consolidate=  0.016ms frontier=  0.002ms semisort=  0.007ms (keyed= 0.000ms group_by=  0.001ms per_group= 0.004ms)
[pe] round=261 work=        7 frontier=       46 next=        7 consolidate=  0.024ms frontier=  0.002ms semisort=  0.013ms (keyed= 0.000ms group_by=  0.003ms per_group= 0.004ms)
[pe] round=262 work=        7 frontier=       20 next=        7 consolidate=  0.018ms frontier=  0.002ms semisort=  0.008ms (keyed= 0.000ms group_by=  0.001ms per_group= 0.004ms)
[pe] round=263 work=        7 frontier=       28 next=        7 consolidate=  0.017ms frontier=  0.002ms semisort=  0.008ms (keyed= 0.000ms group_by=  0.001ms per_group= 0.003ms)
[pe] round=264 work=        7 frontier=       14 next=        7 consolidate=  0.011ms frontier=  0.001ms semisort=  0.005ms (keyed= 0.000ms group_by=  0.001ms per_group= 0.002ms)
[pe] round=265 work=        7 frontier=       46 next=        7 consolidate=  0.010ms frontier=  0.001ms semisort=  0.010ms (keyed= 0.000ms group_by=  0.002ms per_group= 0.003ms)
[pe] round=266 work=        7 frontier=       20 next=        7 consolidate=  0.010ms frontier=  0.001ms semisort=  0.008ms (keyed= 0.000ms group_by=  0.001ms per_group= 0.004ms)
[pe] round=267 work=        7 frontier=       28 next=        7 consolidate=  0.015ms frontier=  0.002ms semisort=  0.008ms (keyed= 0.000ms group_by=  0.001ms per_group= 0.004ms)
[pe] round=268 work=        7 frontier=       14 next=        7 consolidate=  0.015ms frontier=  0.002ms semisort=  0.008ms (keyed= 0.000ms group_by=  0.001ms per_group= 0.004ms)
[pe] round=269 work=        7 frontier=       46 next=        7 consolidate=  0.018ms frontier=  0.002ms semisort=  0.014ms (keyed= 0.000ms group_by=  0.003ms per_group= 0.006ms)
[pe] round=270 work=        7 frontier=       20 next=        7 consolidate=  0.014ms frontier=  0.001ms semisort=  0.009ms (keyed= 0.000ms group_by=  0.001ms per_group= 0.004ms)
[pe] round=271 work=        7 frontier=       28 next=        7 consolidate=  0.016ms frontier=  0.002ms semisort=  0.008ms (keyed= 0.000ms group_by=  0.001ms per_group= 0.003ms)
[pe] round=272 work=        7 frontier=       14 next=        7 consolidate=  0.017ms frontier=  0.002ms semisort=  0.007ms (keyed= 0.000ms group_by=  0.001ms per_group= 0.003ms)
[pe] round=273 work=        7 frontier=       46 next=        7 consolidate=  0.017ms frontier=  0.001ms semisort=  0.016ms (keyed= 0.000ms group_by=  0.003ms per_group= 0.007ms)
[pe] round=274 work=        7 frontier=       20 next=        7 consolidate=  0.011ms frontier=  0.002ms semisort=  0.008ms (keyed= 0.000ms group_by=  0.001ms per_group= 0.004ms)
[pe] round=275 work=        7 frontier=       28 next=        7 consolidate=  0.015ms frontier=  0.002ms semisort=  0.008ms (keyed= 0.000ms group_by=  0.001ms per_group= 0.004ms)
[pe] round=276 work=        7 frontier=       14 next=        7 consolidate=  0.014ms frontier=  0.002ms semisort=  0.008ms (keyed= 0.000ms group_by=  0.001ms per_group= 0.004ms)
[pe] round=277 work=        7 frontier=       46 next=        7 consolidate=  0.013ms frontier=  0.001ms semisort=  0.013ms (keyed= 0.000ms group_by=  0.002ms per_group= 0.005ms)
[pe] round=278 work=        7 frontier=       20 next=        7 consolidate=  0.020ms frontier=  0.002ms semisort=  0.008ms (keyed= 0.000ms group_by=  0.001ms per_group= 0.004ms)
[pe] round=279 work=        7 frontier=       28 next=        7 consolidate=  0.013ms frontier=  0.002ms semisort=  0.009ms (keyed= 0.000ms group_by=  0.001ms per_group= 0.003ms)
[pe] round=280 work=        7 frontier=       14 next=        7 consolidate=  0.019ms frontier=  0.002ms semisort=  0.007ms (keyed= 0.000ms group_by=  0.001ms per_group= 0.003ms)
[pe] round=281 work=        7 frontier=       46 next=        7 consolidate=  0.016ms frontier=  0.002ms semisort=  0.014ms (keyed= 0.000ms group_by=  0.002ms per_group= 0.005ms)
[pe] round=282 work=        7 frontier=       20 next=        7 consolidate=  0.016ms frontier=  0.002ms semisort=  0.009ms (keyed= 0.000ms group_by=  0.001ms per_group= 0.004ms)
[pe] round=283 work=        7 frontier=       28 next=        7 consolidate=  0.016ms frontier=  0.002ms semisort=  0.006ms (keyed= 0.000ms group_by=  0.001ms per_group= 0.002ms)
[pe] round=284 work=        7 frontier=       14 next=        7 consolidate=  0.016ms frontier=  0.002ms semisort=  0.005ms (keyed= 0.000ms group_by=  0.001ms per_group= 0.003ms)
[pe] round=285 work=        7 frontier=       46 next=        7 consolidate=  0.011ms frontier=  0.001ms semisort=  0.018ms (keyed= 0.000ms group_by=  0.003ms per_group= 0.008ms)
[pe] round=286 work=        7 frontier=       20 next=        7 consolidate=  0.010ms frontier=  0.001ms semisort=  0.008ms (keyed= 0.000ms group_by=  0.001ms per_group= 0.004ms)
[pe] round=287 work=        7 frontier=       28 next=        7 consolidate=  0.015ms frontier=  0.002ms semisort=  0.008ms (keyed= 0.000ms group_by=  0.001ms per_group= 0.003ms)
[pe] round=288 work=        7 frontier=       14 next=        7 consolidate=  0.029ms frontier=  0.002ms semisort=  0.007ms (keyed= 0.000ms group_by=  0.001ms per_group= 0.004ms)
[pe] round=289 work=        7 frontier=       46 next=        7 consolidate=  0.017ms frontier=  0.002ms semisort=  0.014ms (keyed= 0.000ms group_by=  0.003ms per_group= 0.005ms)
[pe] round=290 work=        7 frontier=       20 next=        7 consolidate=  0.020ms frontier=  0.002ms semisort=  0.008ms (keyed= 0.000ms group_by=  0.001ms per_group= 0.004ms)
[pe] round=291 work=        7 frontier=       28 next=        7 consolidate=  0.010ms frontier=  0.001ms semisort=  0.006ms (keyed= 0.000ms group_by=  0.001ms per_group= 0.002ms)
[pe] round=292 work=        7 frontier=       14 next=        7 consolidate=  0.009ms frontier=  0.001ms semisort=  0.005ms (keyed= 0.000ms group_by=  0.001ms per_group= 0.003ms)
[pe] round=293 work=        7 frontier=       46 next=        7 consolidate=  0.012ms frontier=  0.001ms semisort=  0.013ms (keyed= 0.000ms group_by=  0.002ms per_group= 0.004ms)
[pe] round=294 work=        7 frontier=       20 next=        7 consolidate=  0.011ms frontier=  0.002ms semisort=  0.008ms (keyed= 0.000ms group_by=  0.001ms per_group= 0.004ms)
[pe] round=295 work=        7 frontier=       28 next=        7 consolidate=  0.016ms frontier=  0.002ms semisort=  0.008ms (keyed= 0.000ms group_by=  0.001ms per_group= 0.003ms)
[pe] round=296 work=        7 frontier=       14 next=        7 consolidate=  0.010ms frontier=  0.001ms semisort=  0.007ms (keyed= 0.000ms group_by=  0.001ms per_group= 0.004ms)
[pe] round=297 work=        7 frontier=       46 next=        7 consolidate=  0.013ms frontier=  0.002ms semisort=  0.014ms (keyed= 0.000ms group_by=  0.003ms per_group= 0.004ms)
[pe] round=298 work=        7 frontier=       20 next=        7 consolidate=  0.015ms frontier=  0.002ms semisort=  0.009ms (keyed= 0.000ms group_by=  0.001ms per_group= 0.004ms)
[pe] round=299 work=        7 frontier=       28 next=        7 consolidate=  0.025ms frontier=  0.002ms semisort=  0.006ms (keyed= 0.000ms group_by=  0.001ms per_group= 0.002ms)
[pe] round=300 work=        7 frontier=       14 next=        7 consolidate=  0.009ms frontier=  0.001ms semisort=  0.005ms (keyed= 0.000ms group_by=  0.001ms per_group= 0.003ms)
[pe] round=301 work=        7 frontier=       46 next=        7 consolidate=  0.021ms frontier=  0.002ms semisort=  0.013ms (keyed= 0.000ms group_by=  0.002ms per_group= 0.005ms)
[pe] round=302 work=        7 frontier=       20 next=        7 consolidate=  0.021ms frontier=  0.002ms semisort=  0.008ms (keyed= 0.000ms group_by=  0.001ms per_group= 0.004ms)
[pe] round=303 work=        7 frontier=       28 next=        7 consolidate=  0.015ms frontier=  0.002ms semisort=  0.008ms (keyed= 0.000ms group_by=  0.001ms per_group= 0.003ms)
[pe] round=304 work=        7 frontier=       14 next=        7 consolidate=  0.012ms frontier=  0.001ms semisort=  0.007ms (keyed= 0.000ms group_by=  0.001ms per_group= 0.003ms)
[pe] round=305 work=        7 frontier=       46 next=        7 consolidate=  0.016ms frontier=  0.002ms semisort=  0.032ms (keyed= 0.000ms group_by=  0.002ms per_group= 0.021ms)
[pe] round=306 work=        7 frontier=       20 next=        7 consolidate=  0.010ms frontier=  0.001ms semisort=  0.009ms (keyed= 0.000ms group_by=  0.002ms per_group= 0.004ms)
[pe] round=307 work=        7 frontier=       28 next=        7 consolidate=  0.012ms frontier=  0.002ms semisort=  0.009ms (keyed= 0.000ms group_by=  0.002ms per_group= 0.004ms)
[pe] round=308 work=        7 frontier=       14 next=        7 consolidate=  0.014ms frontier=  0.001ms semisort=  0.011ms (keyed= 0.000ms group_by=  0.001ms per_group= 0.007ms)
[pe] round=309 work=        7 frontier=       46 next=        7 consolidate=  0.016ms frontier=  0.002ms semisort=  0.022ms (keyed= 0.000ms group_by=  0.002ms per_group= 0.013ms)
[pe] round=310 work=        7 frontier=       20 next=        7 consolidate=  0.011ms frontier=  0.001ms semisort=  0.009ms (keyed= 0.000ms group_by=  0.002ms per_group= 0.004ms)
[pe] round=311 work=        7 frontier=       28 next=        7 consolidate=  0.017ms frontier=  0.002ms semisort=  0.009ms (keyed= 0.000ms group_by=  0.002ms per_group= 0.003ms)
[pe] round=312 work=        7 frontier=       14 next=        7 consolidate=  0.010ms frontier=  0.002ms semisort=  0.007ms (keyed= 0.000ms group_by=  0.001ms per_group= 0.003ms)
[pe] round=313 work=        7 frontier=       46 next=        7 consolidate=  0.020ms frontier=  0.001ms semisort=  0.014ms (keyed= 0.000ms group_by=  0.003ms per_group= 0.004ms)
[pe] round=314 work=        7 frontier=       20 next=        7 consolidate=  0.021ms frontier=  0.011ms semisort=  0.009ms (keyed= 0.000ms group_by=  0.001ms per_group= 0.004ms)
[pe] round=315 work=        7 frontier=       28 next=        7 consolidate=  0.016ms frontier=  0.002ms semisort=  0.008ms (keyed= 0.000ms group_by=  0.001ms per_group= 0.003ms)
[pe] round=316 work=        7 frontier=       14 next=        7 consolidate=  0.026ms frontier=  0.001ms semisort=  0.008ms (keyed= 0.000ms group_by=  0.001ms per_group= 0.003ms)
[pe] round=317 work=        7 frontier=       46 next=        7 consolidate=  0.017ms frontier=  0.002ms semisort=  0.013ms (keyed= 0.000ms group_by=  0.003ms per_group= 0.004ms)
[pe] round=318 work=        7 frontier=       20 next=        3 consolidate=  0.022ms frontier=  0.002ms semisort=  0.008ms (keyed= 0.000ms group_by=  0.001ms per_group= 0.003ms)
[pe] round=319 work=        3 frontier=       12 next=        3 consolidate=  0.010ms frontier=  0.001ms semisort=  0.005ms (keyed= 0.000ms group_by=  0.001ms per_group= 0.002ms)
[pe] round=320 work=        3 frontier=        6 next=        3 consolidate=  0.008ms frontier=  0.001ms semisort=  0.004ms (keyed= 0.000ms group_by=  0.001ms per_group= 0.002ms)
[pe] round=321 work=        3 frontier=       30 next=        3 consolidate=  0.006ms frontier=  0.001ms semisort=  0.009ms (keyed= 0.000ms group_by=  0.002ms per_group= 0.003ms)
[pe] round=322 work=        3 frontier=       12 next=        3 consolidate=  0.006ms frontier=  0.001ms semisort=  0.006ms (keyed= 0.000ms group_by=  0.001ms per_group= 0.002ms)
[pe] round=323 work=        3 frontier=       12 next=        3 consolidate=  0.006ms frontier=  0.001ms semisort=  0.003ms (keyed= 0.000ms group_by=  0.001ms per_group= 0.001ms)
[pe] round=324 work=        3 frontier=        6 next=        3 consolidate=  0.004ms frontier=  0.000ms semisort=  0.003ms (keyed= 0.000ms group_by=  0.000ms per_group= 0.002ms)
[pe] round=325 work=        3 frontier=       30 next=        3 consolidate=  0.009ms frontier=  0.001ms semisort=  0.006ms (keyed= 0.000ms group_by=  0.001ms per_group= 0.002ms)
[pe] round=326 work=        3 frontier=       12 next=        3 consolidate=  0.008ms frontier=  0.001ms semisort=  0.005ms (keyed= 0.000ms group_by=  0.001ms per_group= 0.002ms)
[pe] round=327 work=        3 frontier=       12 next=        3 consolidate=  0.011ms frontier=  0.001ms semisort=  0.004ms (keyed= 0.000ms group_by=  0.001ms per_group= 0.002ms)
[pe] round=328 work=        3 frontier=        6 next=        3 consolidate=  0.004ms frontier=  0.001ms semisort=  0.004ms (keyed= 0.000ms group_by=  0.000ms per_group= 0.002ms)
[pe] round=329 work=        3 frontier=       30 next=        3 consolidate=  0.011ms frontier=  0.001ms semisort=  0.009ms (keyed= 0.000ms group_by=  0.002ms per_group= 0.002ms)
[pe] round=330 work=        3 frontier=       12 next=        3 consolidate=  0.006ms frontier=  0.001ms semisort=  0.006ms (keyed= 0.000ms group_by=  0.001ms per_group= 0.002ms)
[pe] round=331 work=        3 frontier=       12 next=        3 consolidate=  0.009ms frontier=  0.001ms semisort=  0.004ms (keyed= 0.000ms group_by=  0.001ms per_group= 0.002ms)
[pe] round=332 work=        3 frontier=        6 next=        3 consolidate=  0.008ms frontier=  0.001ms semisort=  0.004ms (keyed= 0.000ms group_by=  0.000ms per_group= 0.002ms)
[pe] round=333 work=        3 frontier=       30 next=        3 consolidate=  0.005ms frontier=  0.001ms semisort=  0.007ms (keyed= 0.000ms group_by=  0.001ms per_group= 0.002ms)
[pe] round=334 work=        3 frontier=       12 next=        3 consolidate=  0.004ms frontier=  0.000ms semisort=  0.004ms (keyed= 0.000ms group_by=  0.000ms per_group= 0.002ms)
[pe] round=335 work=        3 frontier=       12 next=        3 consolidate=  0.004ms frontier=  0.000ms semisort=  0.003ms (keyed= 0.000ms group_by=  0.000ms per_group= 0.001ms)
[pe] round=336 work=        3 frontier=        6 next=        3 consolidate=  0.004ms frontier=  0.001ms semisort=  0.003ms (keyed= 0.000ms group_by=  0.000ms per_group= 0.001ms)
[pe] round=337 work=        3 frontier=       30 next=        3 consolidate=  0.006ms frontier=  0.001ms semisort=  0.009ms (keyed= 0.000ms group_by=  0.001ms per_group= 0.003ms)
[pe] round=338 work=        3 frontier=       12 next=        3 consolidate=  0.007ms frontier=  0.001ms semisort=  0.006ms (keyed= 0.000ms group_by=  0.001ms per_group= 0.002ms)
[pe] round=339 work=        3 frontier=       12 next=        3 consolidate=  0.007ms frontier=  0.001ms semisort=  0.005ms (keyed= 0.000ms group_by=  0.001ms per_group= 0.002ms)
[pe] round=340 work=        3 frontier=        6 next=        3 consolidate=  0.009ms frontier=  0.001ms semisort=  0.004ms (keyed= 0.000ms group_by=  0.001ms per_group= 0.002ms)
[pe] round=341 work=        3 frontier=       30 next=        3 consolidate=  0.007ms frontier=  0.002ms semisort=  0.008ms (keyed= 0.000ms group_by=  0.001ms per_group= 0.002ms)
[pe] round=342 work=        3 frontier=       12 next=        3 consolidate=  0.005ms frontier=  0.001ms semisort=  0.005ms (keyed= 0.000ms group_by=  0.001ms per_group= 0.002ms)
[pe] round=343 work=        3 frontier=       12 next=        3 consolidate=  0.008ms frontier=  0.001ms semisort=  0.004ms (keyed= 0.000ms group_by=  0.001ms per_group= 0.002ms)
[pe] round=344 work=        3 frontier=        6 next=        3 consolidate=  0.006ms frontier=  0.001ms semisort=  0.004ms (keyed= 0.000ms group_by=  0.001ms per_group= 0.002ms)
[pe] round=345 work=        3 frontier=       30 next=        3 consolidate=  0.004ms frontier=  0.000ms semisort=  0.006ms (keyed= 0.000ms group_by=  0.001ms per_group= 0.002ms)
[pe] round=346 work=        3 frontier=       12 next=        3 consolidate=  0.007ms frontier=  0.001ms semisort=  0.004ms (keyed= 0.000ms group_by=  0.001ms per_group= 0.002ms)
[pe] round=347 work=        3 frontier=       12 next=        3 consolidate=  0.003ms frontier=  0.000ms semisort=  0.003ms (keyed= 0.000ms group_by=  0.000ms per_group= 0.001ms)
[pe] round=348 work=        3 frontier=        6 next=        3 consolidate=  0.008ms frontier=  0.001ms semisort=  0.004ms (keyed= 0.000ms group_by=  0.000ms per_group= 0.002ms)
[pe] round=349 work=        3 frontier=       30 next=        3 consolidate=  0.006ms frontier=  0.001ms semisort=  0.008ms (keyed= 0.000ms group_by=  0.002ms per_group= 0.002ms)
[pe] round=350 work=        3 frontier=       12 next=        3 consolidate=  0.007ms frontier=  0.001ms semisort=  0.006ms (keyed= 0.000ms group_by=  0.001ms per_group= 0.002ms)
[pe] round=351 work=        3 frontier=       12 next=        3 consolidate=  0.006ms frontier=  0.001ms semisort=  0.004ms (keyed= 0.000ms group_by=  0.001ms per_group= 0.002ms)
[pe] round=352 work=        3 frontier=        6 next=        3 consolidate=  0.005ms frontier=  0.001ms semisort=  0.004ms (keyed= 0.000ms group_by=  0.001ms per_group= 0.002ms)
[pe] round=353 work=        3 frontier=       30 next=        3 consolidate=  0.006ms frontier=  0.001ms semisort=  0.018ms (keyed= 0.000ms group_by=  0.011ms per_group= 0.002ms)
[pe] round=354 work=        3 frontier=       12 next=        3 consolidate=  0.006ms frontier=  0.001ms semisort=  0.006ms (keyed= 0.000ms group_by=  0.001ms per_group= 0.002ms)
[pe] round=355 work=        3 frontier=       12 next=        3 consolidate=  0.006ms frontier=  0.001ms semisort=  0.004ms (keyed= 0.000ms group_by=  0.001ms per_group= 0.002ms)
[pe] round=356 work=        3 frontier=        6 next=        3 consolidate=  0.006ms frontier=  0.001ms semisort=  0.003ms (keyed= 0.000ms group_by=  0.000ms per_group= 0.002ms)
[pe] round=357 work=        3 frontier=       30 next=        3 consolidate=  0.009ms frontier=  0.001ms semisort=  0.006ms (keyed= 0.000ms group_by=  0.001ms per_group= 0.002ms)
[pe] round=358 work=        3 frontier=       12 next=        3 consolidate=  0.003ms frontier=  0.000ms semisort=  0.004ms (keyed= 0.000ms group_by=  0.001ms per_group= 0.001ms)
[pe] round=359 work=        3 frontier=       12 next=        3 consolidate=  0.004ms frontier=  0.001ms semisort=  0.004ms (keyed= 0.000ms group_by=  0.001ms per_group= 0.002ms)
[pe] round=360 work=        3 frontier=        6 next=        3 consolidate=  0.012ms frontier=  0.001ms semisort=  0.004ms (keyed= 0.000ms group_by=  0.000ms per_group= 0.002ms)
[pe] round=361 work=        3 frontier=       30 next=        3 consolidate=  0.009ms frontier=  0.001ms semisort=  0.008ms (keyed= 0.000ms group_by=  0.001ms per_group= 0.002ms)
[pe] round=362 work=        3 frontier=       12 next=        3 consolidate=  0.006ms frontier=  0.001ms semisort=  0.005ms (keyed= 0.000ms group_by=  0.001ms per_group= 0.002ms)
[pe] round=363 work=        3 frontier=       12 next=        3 consolidate=  0.006ms frontier=  0.001ms semisort=  0.005ms (keyed= 0.000ms group_by=  0.001ms per_group= 0.002ms)
[pe] round=364 work=        3 frontier=        6 next=        3 consolidate=  0.007ms frontier=  0.001ms semisort=  0.004ms (keyed= 0.000ms group_by=  0.000ms per_group= 0.002ms)
[pe] round=365 work=        3 frontier=       30 next=        3 consolidate=  0.006ms frontier=  0.001ms semisort=  0.008ms (keyed= 0.000ms group_by=  0.001ms per_group= 0.002ms)
[pe] round=366 work=        3 frontier=       12 next=        3 consolidate=  0.004ms frontier=  0.001ms semisort=  0.006ms (keyed= 0.000ms group_by=  0.001ms per_group= 0.002ms)
[pe] round=367 work=        3 frontier=       12 next=        3 consolidate=  0.004ms frontier=  0.001ms semisort=  0.004ms (keyed= 0.000ms group_by=  0.001ms per_group= 0.001ms)
[pe] round=368 work=        3 frontier=        6 next=        3 consolidate=  0.013ms frontier=  0.001ms semisort=  0.004ms (keyed= 0.000ms group_by=  0.000ms per_group= 0.002ms)
[pe] round=369 work=        3 frontier=       30 next=        3 consolidate=  0.008ms frontier=  0.001ms semisort=  0.009ms (keyed= 0.000ms group_by=  0.001ms per_group= 0.003ms)
[pe] round=370 work=        3 frontier=       12 next=        3 consolidate=  0.006ms frontier=  0.001ms semisort=  0.005ms (keyed= 0.000ms group_by=  0.001ms per_group= 0.002ms)
[pe] round=371 work=        3 frontier=       12 next=        3 consolidate=  0.007ms frontier=  0.001ms semisort=  0.005ms (keyed= 0.000ms group_by=  0.001ms per_group= 0.002ms)
[pe] round=372 work=        3 frontier=        6 next=        3 consolidate=  0.003ms frontier=  0.000ms semisort=  0.003ms (keyed= 0.000ms group_by=  0.000ms per_group= 0.001ms)
[pe] round=373 work=        3 frontier=       30 next=        3 consolidate=  0.006ms frontier=  0.001ms semisort=  0.006ms (keyed= 0.000ms group_by=  0.001ms per_group= 0.002ms)
[pe] round=374 work=        3 frontier=       12 next=        3 consolidate=  0.003ms frontier=  0.000ms semisort=  0.004ms (keyed= 0.000ms group_by=  0.001ms per_group= 0.002ms)
[pe] round=375 work=        3 frontier=       12 next=        3 consolidate=  0.006ms frontier=  0.001ms semisort=  0.004ms (keyed= 0.000ms group_by=  0.001ms per_group= 0.002ms)
[pe] round=376 work=        3 frontier=        6 next=        3 consolidate=  0.006ms frontier=  0.002ms semisort=  0.004ms (keyed= 0.000ms group_by=  0.001ms per_group= 0.002ms)
[pe] round=377 work=        3 frontier=       30 next=        3 consolidate=  0.006ms frontier=  0.001ms semisort=  0.008ms (keyed= 0.000ms group_by=  0.002ms per_group= 0.002ms)
[pe] round=378 work=        3 frontier=       12 next=        3 consolidate=  0.007ms frontier=  0.001ms semisort=  0.006ms (keyed= 0.000ms group_by=  0.001ms per_group= 0.002ms)
[pe] round=379 work=        3 frontier=       12 next=        3 consolidate=  0.004ms frontier=  0.001ms semisort=  0.004ms (keyed= 0.000ms group_by=  0.001ms per_group= 0.002ms)
[pe] round=380 work=        3 frontier=        6 next=        3 consolidate=  0.006ms frontier=  0.001ms semisort=  0.004ms (keyed= 0.000ms group_by=  0.000ms per_group= 0.002ms)
[pe] round=381 work=        3 frontier=       30 next=        3 consolidate=  0.012ms frontier=  0.001ms semisort=  0.008ms (keyed= 0.000ms group_by=  0.001ms per_group= 0.002ms)
[pe] round=382 work=        3 frontier=       12 next=        3 consolidate=  0.006ms frontier=  0.001ms semisort=  0.005ms (keyed= 0.000ms group_by=  0.001ms per_group= 0.002ms)
[pe] round=383 work=        3 frontier=       12 next=        3 consolidate=  0.004ms frontier=  0.000ms semisort=  0.003ms (keyed= 0.000ms group_by=  0.000ms per_group= 0.001ms)
[pe] round=384 work=        3 frontier=        6 next=        3 consolidate=  0.006ms frontier=  0.001ms semisort=  0.003ms (keyed= 0.000ms group_by=  0.000ms per_group= 0.001ms)
[pe] round=385 work=        3 frontier=       30 next=        3 consolidate=  0.008ms frontier=  0.001ms semisort=  0.007ms (keyed= 0.000ms group_by=  0.001ms per_group= 0.002ms)
[pe] round=386 work=        3 frontier=       12 next=        3 consolidate=  0.007ms frontier=  0.001ms semisort=  0.006ms (keyed= 0.000ms group_by=  0.001ms per_group= 0.003ms)
[pe] round=387 work=        3 frontier=       12 next=        3 consolidate=  0.007ms frontier=  0.001ms semisort=  0.004ms (keyed= 0.000ms group_by=  0.001ms per_group= 0.002ms)
[pe] round=388 work=        3 frontier=        6 next=        3 consolidate=  0.004ms frontier=  0.001ms semisort=  0.004ms (keyed= 0.000ms group_by=  0.000ms per_group= 0.002ms)
[pe] round=389 work=        3 frontier=       30 next=        3 consolidate=  0.007ms frontier=  0.001ms semisort=  0.008ms (keyed= 0.000ms group_by=  0.002ms per_group= 0.002ms)
[pe] round=390 work=        3 frontier=       12 next=        3 consolidate=  0.004ms frontier=  0.001ms semisort=  0.005ms (keyed= 0.000ms group_by=  0.001ms per_group= 0.002ms)
[pe] round=391 work=        3 frontier=       12 next=        3 consolidate=  0.006ms frontier=  0.001ms semisort=  0.004ms (keyed= 0.000ms group_by=  0.001ms per_group= 0.002ms)
[pe] round=392 work=        3 frontier=        6 next=        3 consolidate=  0.007ms frontier=  0.002ms semisort=  0.004ms (keyed= 0.000ms group_by=  0.000ms per_group= 0.002ms)
[pe] round=393 work=        3 frontier=       30 next=        3 consolidate=  0.008ms frontier=  0.001ms semisort=  0.008ms (keyed= 0.000ms group_by=  0.002ms per_group= 0.002ms)
[pe] round=394 work=        3 frontier=       12 next=        3 consolidate=  0.004ms frontier=  0.000ms semisort=  0.004ms (keyed= 0.000ms group_by=  0.001ms per_group= 0.002ms)
[pe] round=395 work=        3 frontier=       12 next=        3 consolidate=  0.003ms frontier=  0.000ms semisort=  0.003ms (keyed= 0.000ms group_by=  0.000ms per_group= 0.001ms)
[pe] round=396 work=        3 frontier=        6 next=        3 consolidate=  0.003ms frontier=  0.000ms semisort=  0.003ms (keyed= 0.000ms group_by=  0.000ms per_group= 0.001ms)
[pe] round=397 work=        3 frontier=       30 next=        3 consolidate=  0.009ms frontier=  0.001ms semisort=  0.028ms (keyed= 0.000ms group_by=  0.012ms per_group= 0.012ms)
[pe] round=398 work=        3 frontier=       12 next=        3 consolidate=  0.014ms frontier=  0.001ms semisort=  0.006ms (keyed= 0.000ms group_by=  0.001ms per_group= 0.002ms)
[pe] round=399 work=        3 frontier=       12 next=        3 consolidate=  0.006ms frontier=  0.001ms semisort=  0.004ms (keyed= 0.000ms group_by=  0.001ms per_group= 0.001ms)
[pe] round=400 work=        3 frontier=        6 next=        3 consolidate=  0.006ms frontier=  0.001ms semisort=  0.004ms (keyed= 0.000ms group_by=  0.000ms per_group= 0.002ms)
[pe] round=401 work=        3 frontier=       30 next=        3 consolidate=  0.009ms frontier=  0.001ms semisort=  0.019ms (keyed= 0.000ms group_by=  0.001ms per_group= 0.013ms)
[pe] round=402 work=        3 frontier=       12 next=        3 consolidate=  0.008ms frontier=  0.001ms semisort=  0.005ms (keyed= 0.000ms group_by=  0.001ms per_group= 0.002ms)
[pe] round=403 work=        3 frontier=       12 next=        3 consolidate=  0.004ms frontier=  0.001ms semisort=  0.004ms (keyed= 0.000ms group_by=  0.001ms per_group= 0.002ms)
[pe] round=404 work=        3 frontier=        6 next=        3 consolidate=  0.005ms frontier=  0.001ms semisort=  0.004ms (keyed= 0.000ms group_by=  0.000ms per_group= 0.002ms)
[pe] round=405 work=        3 frontier=       30 next=        3 consolidate=  0.005ms frontier=  0.000ms semisort=  0.006ms (keyed= 0.000ms group_by=  0.001ms per_group= 0.002ms)
[pe] round=406 work=        3 frontier=       12 next=        3 consolidate=  0.003ms frontier=  0.000ms semisort=  0.004ms (keyed= 0.000ms group_by=  0.001ms per_group= 0.002ms)
[pe] round=407 work=        3 frontier=       12 next=        3 consolidate=  0.003ms frontier=  0.000ms semisort=  0.003ms (keyed= 0.000ms group_by=  0.000ms per_group= 0.001ms)
[pe] round=408 work=        3 frontier=        6 next=        3 consolidate=  0.003ms frontier=  0.000ms semisort=  0.003ms (keyed= 0.000ms group_by=  0.000ms per_group= 0.001ms)
[pe] round=409 work=        3 frontier=       30 next=        3 consolidate=  0.008ms frontier=  0.001ms semisort=  0.018ms (keyed= 0.000ms group_by=  0.001ms per_group= 0.011ms)
[pe] round=410 work=        3 frontier=       12 next=        3 consolidate=  0.006ms frontier=  0.001ms semisort=  0.006ms (keyed= 0.000ms group_by=  0.001ms per_group= 0.002ms)
[pe] round=411 work=        3 frontier=       12 next=        3 consolidate=  0.007ms frontier=  0.001ms semisort=  0.004ms (keyed= 0.000ms group_by=  0.001ms per_group= 0.002ms)
[pe] round=412 work=        3 frontier=        6 next=        3 consolidate=  0.006ms frontier=  0.001ms semisort=  0.004ms (keyed= 0.000ms group_by=  0.000ms per_group= 0.002ms)
[pe] round=413 work=        3 frontier=       30 next=        3 consolidate=  0.006ms frontier=  0.001ms semisort=  0.008ms (keyed= 0.000ms group_by=  0.002ms per_group= 0.002ms)
[pe] round=414 work=        3 frontier=       12 next=        3 consolidate=  0.009ms frontier=  0.001ms semisort=  0.005ms (keyed= 0.000ms group_by=  0.001ms per_group= 0.002ms)
[pe] round=415 work=        3 frontier=       12 next=        3 consolidate=  0.006ms frontier=  0.001ms semisort=  0.004ms (keyed= 0.000ms group_by=  0.001ms per_group= 0.002ms)
[pe] round=416 work=        3 frontier=        6 next=        3 consolidate=  0.004ms frontier=  0.000ms semisort=  0.003ms (keyed= 0.000ms group_by=  0.000ms per_group= 0.002ms)
[pe] round=417 work=        3 frontier=       30 next=        3 consolidate=  0.006ms frontier=  0.001ms semisort=  0.006ms (keyed= 0.000ms group_by=  0.001ms per_group= 0.002ms)
[pe] round=418 work=        3 frontier=       12 next=        3 consolidate=  0.005ms frontier=  0.001ms semisort=  0.004ms (keyed= 0.000ms group_by=  0.001ms per_group= 0.002ms)
[pe] round=419 work=        3 frontier=       12 next=        3 consolidate=  0.003ms frontier=  0.000ms semisort=  0.003ms (keyed= 0.000ms group_by=  0.000ms per_group= 0.001ms)
[pe] round=420 work=        3 frontier=        6 next=        3 consolidate=  0.007ms frontier=  0.001ms semisort=  0.004ms (keyed= 0.000ms group_by=  0.000ms per_group= 0.002ms)
[pe] round=421 work=        3 frontier=       30 next=        3 consolidate=  0.005ms frontier=  0.001ms semisort=  0.008ms (keyed= 0.000ms group_by=  0.001ms per_group= 0.002ms)
[pe] round=422 work=        3 frontier=       12 next=        3 consolidate=  0.009ms frontier=  0.001ms semisort=  0.005ms (keyed= 0.000ms group_by=  0.001ms per_group= 0.002ms)
[pe] round=423 work=        3 frontier=       12 next=        3 consolidate=  0.004ms frontier=  0.001ms semisort=  0.004ms (keyed= 0.000ms group_by=  0.001ms per_group= 0.002ms)
[pe] round=424 work=        3 frontier=        6 next=        3 consolidate=  0.009ms frontier=  0.001ms semisort=  0.004ms (keyed= 0.000ms group_by=  0.000ms per_group= 0.002ms)
[pe] round=425 work=        3 frontier=       30 next=        3 consolidate=  0.009ms frontier=  0.001ms semisort=  0.009ms (keyed= 0.000ms group_by=  0.001ms per_group= 0.003ms)
[pe] round=426 work=        3 frontier=       12 next=        3 consolidate=  0.006ms frontier=  0.001ms semisort=  0.006ms (keyed= 0.000ms group_by=  0.001ms per_group= 0.002ms)
[pe] round=427 work=        3 frontier=       12 next=        3 consolidate=  0.009ms frontier=  0.001ms semisort=  0.005ms (keyed= 0.000ms group_by=  0.001ms per_group= 0.002ms)
[pe] round=428 work=        3 frontier=        6 next=        3 consolidate=  0.006ms frontier=  0.001ms semisort=  0.004ms (keyed= 0.000ms group_by=  0.001ms per_group= 0.001ms)
[pe] round=429 work=        3 frontier=       31 next=        3 consolidate=  0.007ms frontier=  0.001ms semisort=  0.008ms (keyed= 0.000ms group_by=  0.002ms per_group= 0.002ms)
[pe] round=430 work=        3 frontier=        6 next=        2 consolidate=  0.003ms frontier=  0.000ms semisort=  0.003ms (keyed= 0.000ms group_by=  0.000ms per_group= 0.001ms)
[pe] round=431 work=        2 (tail-skip: all parents empty)
[pe] round=  0 work= 10460911 frontier=  5950187 next=    47386 consolidate= 39.798ms frontier=  9.318ms semisort= 20.136ms (keyed= 7.491ms group_by=  0.422ms per_group= 5.088ms)
[pe] round=  1 work=    47386 frontier=   274132 next=    22307 consolidate=  1.321ms frontier=  0.379ms semisort=  1.687ms (keyed= 0.434ms group_by=  0.123ms per_group= 0.612ms)
[pe] round=  2 work=    22307 frontier=    94168 next=    11347 consolidate=  0.742ms frontier=  0.241ms semisort=  2.765ms (keyed= 0.063ms group_by=  2.108ms per_group= 0.285ms)
[pe] round=  3 work=    11347 frontier=    38990 next=     6320 consolidate=  0.513ms frontier=  0.208ms semisort=  1.362ms (keyed= 0.033ms group_by=  0.926ms per_group= 0.174ms)
[pe] round=  4 work=     6320 frontier=    18118 next=     3668 consolidate=  1.278ms frontier=  0.213ms semisort=  0.789ms (keyed= 0.038ms group_by=  0.385ms per_group= 0.144ms)
[pe] round=  5 work=     3668 frontier=    14200 next=     2998 consolidate=  0.630ms frontier=  0.154ms semisort=  0.676ms (keyed= 0.026ms group_by=  0.289ms per_group= 0.176ms)
[pe] round=  6 work=     2998 frontier=    14168 next=     2333 consolidate=  0.599ms frontier=  0.105ms semisort=  0.620ms (keyed= 0.016ms group_by=  0.293ms per_group= 0.146ms)
[pe] round=  7 work=     2333 frontier=    13358 next=     1381 consolidate=  0.502ms frontier=  0.105ms semisort=  0.589ms (keyed= 0.028ms group_by=  0.297ms per_group= 0.124ms)
[pe] round=  8 work=     1381 frontier=    14960 next=      914 consolidate=  0.349ms frontier=  0.073ms semisort=  0.687ms (keyed= 0.038ms group_by=  0.312ms per_group= 0.156ms)
[pe] round=  9 work=      914 frontier=     5537 next=      691 consolidate=  0.244ms frontier=  0.073ms semisort=  1.185ms (keyed= 0.017ms group_by=  0.968ms per_group= 0.100ms)
[pe] round= 10 work=      691 frontier=     9111 next=      460 consolidate=  0.257ms frontier=  0.064ms semisort=  1.197ms (keyed= 0.030ms group_by=  0.929ms per_group= 0.111ms)
[pe] round= 11 work=      460 frontier=     4999 next=      531 consolidate=  0.170ms frontier=  0.042ms semisort=  0.936ms (keyed= 0.020ms group_by=  0.708ms per_group= 0.098ms)
[pe] round= 12 work=      531 frontier=     4274 next=      372 consolidate=  0.185ms frontier=  0.059ms semisort=  1.011ms (keyed= 0.015ms group_by=  0.787ms per_group= 0.124ms)
[pe] round= 13 work=      372 frontier=     1790 next=      116 consolidate=  0.143ms frontier=  0.038ms semisort=  0.432ms (keyed= 0.007ms group_by=  0.285ms per_group= 0.059ms)
[pe] round= 14 work=      116 frontier=      268 next=       36 consolidate=  0.056ms frontier=  0.010ms semisort=  0.095ms (keyed= 0.002ms group_by=  0.034ms per_group= 0.027ms)
[pe] round= 15 work=       36 frontier=      116 next=       38 consolidate=  0.031ms frontier=  0.004ms semisort=  0.033ms (keyed= 0.001ms group_by=  0.006ms per_group= 0.015ms)
[pe] round= 16 work=       38 frontier=      182 next=       35 consolidate=  0.029ms frontier=  0.005ms semisort=  0.068ms (keyed= 0.001ms group_by=  0.018ms per_group= 0.027ms)
[pe] round= 17 work=       35 frontier=      122 next=       37 consolidate=  0.036ms frontier=  0.005ms semisort=  0.054ms (keyed= 0.001ms group_by=  0.013ms per_group= 0.024ms)
[pe] round= 18 work=       37 frontier=       80 next=       25 consolidate=  0.034ms frontier=  0.005ms semisort=  0.043ms (keyed= 0.001ms group_by=  0.008ms per_group= 0.022ms)
[pe] round= 19 work=       25 frontier=       76 next=       25 consolidate=  0.028ms frontier=  0.004ms semisort=  0.037ms (keyed= 0.001ms group_by=  0.007ms per_group= 0.018ms)
[pe] round= 20 work=       25 frontier=      138 next=       23 consolidate=  0.030ms frontier=  0.003ms semisort=  0.054ms (keyed= 0.001ms group_by=  0.009ms per_group= 0.026ms)
[pe] round= 21 work=       23 frontier=      102 next=       31 consolidate=  0.030ms frontier=  0.004ms semisort=  0.041ms (keyed= 0.001ms group_by=  0.007ms per_group= 0.020ms)
[pe] round= 22 work=       31 frontier=       76 next=       23 consolidate=  0.028ms frontier=  0.004ms semisort=  0.030ms (keyed= 0.000ms group_by=  0.006ms per_group= 0.015ms)
[pe] round= 23 work=       23 frontier=       68 next=       23 consolidate=  0.026ms frontier=  0.004ms semisort=  0.031ms (keyed= 0.001ms group_by=  0.005ms per_group= 0.018ms)
[pe] round= 24 work=       23 frontier=      134 next=       23 consolidate=  0.025ms frontier=  0.003ms semisort=  0.051ms (keyed= 0.001ms group_by=  0.011ms per_group= 0.021ms)
[pe] round= 25 work=       23 frontier=      102 next=       31 consolidate=  0.028ms frontier=  0.003ms semisort=  0.053ms (keyed= 0.001ms group_by=  0.010ms per_group= 0.020ms)
[pe] round= 26 work=       31 frontier=       76 next=       23 consolidate=  0.036ms frontier=  0.004ms semisort=  0.034ms (keyed= 0.001ms group_by=  0.006ms per_group= 0.019ms)
[pe] round= 27 work=       23 frontier=       68 next=       23 consolidate=  0.031ms frontier=  0.003ms semisort=  0.036ms (keyed= 0.001ms group_by=  0.006ms per_group= 0.018ms)
[pe] round= 28 work=       23 frontier=      134 next=       23 consolidate=  0.027ms frontier=  0.004ms semisort=  0.061ms (keyed= 0.001ms group_by=  0.010ms per_group= 0.024ms)
[pe] round= 29 work=       23 frontier=      102 next=       31 consolidate=  0.025ms frontier=  0.004ms semisort=  0.045ms (keyed= 0.001ms group_by=  0.009ms per_group= 0.018ms)
[pe] round= 30 work=       31 frontier=       76 next=       23 consolidate=  0.033ms frontier=  0.004ms semisort=  0.031ms (keyed= 0.001ms group_by=  0.007ms per_group= 0.012ms)
[pe] round= 31 work=       23 frontier=       68 next=       23 consolidate=  0.033ms frontier=  0.003ms semisort=  0.047ms (keyed= 0.001ms group_by=  0.006ms per_group= 0.029ms)
[pe] round= 32 work=       23 frontier=      134 next=       23 consolidate=  0.027ms frontier=  0.004ms semisort=  0.037ms (keyed= 0.001ms group_by=  0.009ms per_group= 0.014ms)
[pe] round= 33 work=       23 frontier=      102 next=       31 consolidate=  0.030ms frontier=  0.003ms semisort=  0.051ms (keyed= 0.001ms group_by=  0.010ms per_group= 0.020ms)
[pe] round= 34 work=       31 frontier=       76 next=       23 consolidate=  0.042ms frontier=  0.004ms semisort=  0.039ms (keyed= 0.001ms group_by=  0.008ms per_group= 0.014ms)
[pe] round= 35 work=       23 frontier=       68 next=       23 consolidate=  0.025ms frontier=  0.004ms semisort=  0.025ms (keyed= 0.000ms group_by=  0.004ms per_group= 0.012ms)
[pe] round= 36 work=       23 frontier=      134 next=       23 consolidate=  0.028ms frontier=  0.003ms semisort=  0.053ms (keyed= 0.001ms group_by=  0.009ms per_group= 0.025ms)
[pe] round= 37 work=       23 frontier=      102 next=       31 consolidate=  0.026ms frontier=  0.003ms semisort=  0.048ms (keyed= 0.001ms group_by=  0.009ms per_group= 0.019ms)
[pe] round= 38 work=       31 frontier=       76 next=       23 consolidate=  0.031ms frontier=  0.004ms semisort=  0.027ms (keyed= 0.001ms group_by=  0.007ms per_group= 0.010ms)
[pe] round= 39 work=       23 frontier=       68 next=       23 consolidate=  0.029ms frontier=  0.003ms semisort=  0.036ms (keyed= 0.000ms group_by=  0.005ms per_group= 0.017ms)
[pe] round= 40 work=       23 frontier=      134 next=       23 consolidate=  0.030ms frontier=  0.004ms semisort=  0.046ms (keyed= 0.001ms group_by=  0.010ms per_group= 0.017ms)
[pe] round= 41 work=       23 frontier=      102 next=       31 consolidate=  0.026ms frontier=  0.004ms semisort=  0.051ms (keyed= 0.001ms group_by=  0.006ms per_group= 0.031ms)
[pe] round= 42 work=       31 frontier=       76 next=       23 consolidate=  0.036ms frontier=  0.004ms semisort=  0.031ms (keyed= 0.001ms group_by=  0.007ms per_group= 0.012ms)
[pe] round= 43 work=       23 frontier=       68 next=       23 consolidate=  0.019ms frontier=  0.003ms semisort=  0.044ms (keyed= 0.001ms group_by=  0.005ms per_group= 0.022ms)
[pe] round= 44 work=       23 frontier=      134 next=       23 consolidate=  0.031ms frontier=  0.004ms semisort=  0.065ms (keyed= 0.001ms group_by=  0.008ms per_group= 0.040ms)
[pe] round= 45 work=       23 frontier=      102 next=       31 consolidate=  0.029ms frontier=  0.003ms semisort=  0.029ms (keyed= 0.000ms group_by=  0.005ms per_group= 0.014ms)
[pe] round= 46 work=       31 frontier=       76 next=       23 consolidate=  0.037ms frontier=  0.004ms semisort=  0.039ms (keyed= 0.001ms group_by=  0.007ms per_group= 0.019ms)
[pe] round= 47 work=       23 frontier=       68 next=       23 consolidate=  0.022ms frontier=  0.004ms semisort=  0.028ms (keyed= 0.000ms group_by=  0.006ms per_group= 0.014ms)
[pe] round= 48 work=       23 frontier=       22 next=       11 consolidate=  0.022ms frontier=  0.003ms semisort=  0.011ms (keyed= 0.001ms group_by=  0.001ms per_group= 0.005ms)
[pe] round= 49 work=       11 frontier=       62 next=       11 consolidate=  0.016ms frontier=  0.003ms semisort=  0.039ms (keyed= 0.000ms group_by=  0.003ms per_group= 0.027ms)
[pe] round= 50 work=       11 frontier=       28 next=       11 consolidate=  0.019ms frontier=  0.002ms semisort=  0.014ms (keyed= 0.000ms group_by=  0.002ms per_group= 0.007ms)
[pe] round= 51 work=       11 frontier=       44 next=       11 consolidate=  0.019ms frontier=  0.002ms semisort=  0.013ms (keyed= 0.000ms group_by=  0.003ms per_group= 0.006ms)
[pe] round= 52 work=       11 frontier=       22 next=       11 consolidate=  0.017ms frontier=  0.002ms semisort=  0.010ms (keyed= 0.000ms group_by=  0.001ms per_group= 0.005ms)
[pe] round= 53 work=       11 frontier=       62 next=       11 consolidate=  0.015ms frontier=  0.002ms semisort=  0.022ms (keyed= 0.000ms group_by=  0.002ms per_group= 0.013ms)
[pe] round= 54 work=       11 frontier=       28 next=       11 consolidate=  0.022ms frontier=  0.002ms semisort=  0.012ms (keyed= 0.000ms group_by=  0.002ms per_group= 0.006ms)
[pe] round= 55 work=       11 frontier=       44 next=       11 consolidate=  0.018ms frontier=  0.002ms semisort=  0.013ms (keyed= 0.000ms group_by=  0.003ms per_group= 0.005ms)
[pe] round= 56 work=       11 frontier=       22 next=       11 consolidate=  0.012ms frontier=  0.002ms semisort=  0.009ms (keyed= 0.000ms group_by=  0.001ms per_group= 0.005ms)
[pe] round= 57 work=       11 frontier=       62 next=       11 consolidate=  0.031ms frontier=  0.002ms semisort=  0.029ms (keyed= 0.000ms group_by=  0.003ms per_group= 0.017ms)
[pe] round= 58 work=       11 frontier=       28 next=       11 consolidate=  0.026ms frontier=  0.002ms semisort=  0.009ms (keyed= 0.000ms group_by=  0.001ms per_group= 0.004ms)
[pe] round= 59 work=       11 frontier=       44 next=       11 consolidate=  0.012ms frontier=  0.002ms semisort=  0.009ms (keyed= 0.000ms group_by=  0.002ms per_group= 0.004ms)
[pe] round= 60 work=       11 frontier=       22 next=       11 consolidate=  0.013ms frontier=  0.002ms semisort=  0.010ms (keyed= 0.000ms group_by=  0.002ms per_group= 0.005ms)
[pe] round= 61 work=       11 frontier=       62 next=       11 consolidate=  0.018ms frontier=  0.002ms semisort=  0.018ms (keyed= 0.000ms group_by=  0.003ms per_group= 0.006ms)
[pe] round= 62 work=       11 frontier=       28 next=       11 consolidate=  0.024ms frontier=  0.002ms semisort=  0.014ms (keyed= 0.000ms group_by=  0.002ms per_group= 0.007ms)
[pe] round= 63 work=       11 frontier=       44 next=       11 consolidate=  0.028ms frontier=  0.002ms semisort=  0.013ms (keyed= 0.000ms group_by=  0.002ms per_group= 0.005ms)
[pe] round= 64 work=       11 frontier=       22 next=       11 consolidate=  0.030ms frontier=  0.002ms semisort=  0.015ms (keyed= 0.000ms group_by=  0.002ms per_group= 0.009ms)
[pe] round= 65 work=       11 frontier=       62 next=       11 consolidate=  0.024ms frontier=  0.002ms semisort=  0.017ms (keyed= 0.000ms group_by=  0.003ms per_group= 0.007ms)
[pe] round= 66 work=       11 frontier=       28 next=       11 consolidate=  0.018ms frontier=  0.002ms semisort=  0.015ms (keyed= 0.000ms group_by=  0.002ms per_group= 0.009ms)
[pe] round= 67 work=       11 frontier=       44 next=       11 consolidate=  0.018ms frontier=  0.002ms semisort=  0.012ms (keyed= 0.000ms group_by=  0.002ms per_group= 0.005ms)
[pe] round= 68 work=       11 frontier=       22 next=       11 consolidate=  0.025ms frontier=  0.002ms semisort=  0.010ms (keyed= 0.000ms group_by=  0.001ms per_group= 0.005ms)
[pe] round= 69 work=       11 frontier=       62 next=       11 consolidate=  0.023ms frontier=  0.002ms semisort=  0.017ms (keyed= 0.000ms group_by=  0.003ms per_group= 0.006ms)
[pe] round= 70 work=       11 frontier=       28 next=       11 consolidate=  0.011ms frontier=  0.002ms semisort=  0.017ms (keyed= 0.000ms group_by=  0.002ms per_group= 0.010ms)
[pe] round= 71 work=       11 frontier=       44 next=       11 consolidate=  0.019ms frontier=  0.002ms semisort=  0.012ms (keyed= 0.000ms group_by=  0.002ms per_group= 0.005ms)
[pe] round= 72 work=       11 frontier=       22 next=       11 consolidate=  0.021ms frontier=  0.003ms semisort=  0.018ms (keyed= 0.000ms group_by=  0.001ms per_group= 0.012ms)
[pe] round= 73 work=       11 frontier=       62 next=       11 consolidate=  0.016ms frontier=  0.002ms semisort=  0.013ms (keyed= 0.000ms group_by=  0.002ms per_group= 0.005ms)
[pe] round= 74 work=       11 frontier=       28 next=       11 consolidate=  0.035ms frontier=  0.002ms semisort=  0.012ms (keyed= 0.000ms group_by=  0.002ms per_group= 0.005ms)
[pe] round= 75 work=       11 frontier=       44 next=       11 consolidate=  0.029ms frontier=  0.002ms semisort=  0.012ms (keyed= 0.000ms group_by=  0.002ms per_group= 0.005ms)
[pe] round= 76 work=       11 frontier=       22 next=       11 consolidate=  0.014ms frontier=  0.002ms semisort=  0.010ms (keyed= 0.000ms group_by=  0.001ms per_group= 0.005ms)
[pe] round= 77 work=       11 frontier=       62 next=       11 consolidate=  0.029ms frontier=  0.002ms semisort=  0.017ms (keyed= 0.000ms group_by=  0.003ms per_group= 0.007ms)
[pe] round= 78 work=       11 frontier=       28 next=       11 consolidate=  0.012ms frontier=  0.002ms semisort=  0.016ms (keyed= 0.000ms group_by=  0.002ms per_group= 0.009ms)
[pe] round= 79 work=       11 frontier=       44 next=       11 consolidate=  0.022ms frontier=  0.002ms semisort=  0.013ms (keyed= 0.000ms group_by=  0.002ms per_group= 0.005ms)
[pe] round= 80 work=       11 frontier=       22 next=       11 consolidate=  0.016ms frontier=  0.002ms semisort=  0.010ms (keyed= 0.000ms group_by=  0.002ms per_group= 0.005ms)
[pe] round= 81 work=       11 frontier=       62 next=       11 consolidate=  0.033ms frontier=  0.002ms semisort=  0.031ms (keyed= 0.000ms group_by=  0.003ms per_group= 0.020ms)
[pe] round= 82 work=       11 frontier=       28 next=       11 consolidate=  0.020ms frontier=  0.002ms semisort=  0.016ms (keyed= 0.000ms group_by=  0.002ms per_group= 0.009ms)
[pe] round= 83 work=       11 frontier=       44 next=       11 consolidate=  0.021ms frontier=  0.002ms semisort=  0.012ms (keyed= 0.000ms group_by=  0.002ms per_group= 0.005ms)
[pe] round= 84 work=       11 frontier=       22 next=       11 consolidate=  0.021ms frontier=  0.002ms semisort=  0.010ms (keyed= 0.000ms group_by=  0.002ms per_group= 0.005ms)
[pe] round= 85 work=       11 frontier=       62 next=       11 consolidate=  0.017ms frontier=  0.002ms semisort=  0.017ms (keyed= 0.000ms group_by=  0.003ms per_group= 0.006ms)
[pe] round= 86 work=       11 frontier=       28 next=       11 consolidate=  0.014ms frontier=  0.002ms semisort=  0.011ms (keyed= 0.000ms group_by=  0.002ms per_group= 0.005ms)
[pe] round= 87 work=       11 frontier=       44 next=       11 consolidate=  0.019ms frontier=  0.002ms semisort=  0.012ms (keyed= 0.000ms group_by=  0.002ms per_group= 0.005ms)
[pe] round= 88 work=       11 frontier=       22 next=       11 consolidate=  0.014ms frontier=  0.001ms semisort=  0.007ms (keyed= 0.000ms group_by=  0.001ms per_group= 0.004ms)
[pe] round= 89 work=       11 frontier=       62 next=       11 consolidate=  0.015ms frontier=  0.002ms semisort=  0.013ms (keyed= 0.000ms group_by=  0.002ms per_group= 0.005ms)
[pe] round= 90 work=       11 frontier=       28 next=       11 consolidate=  0.019ms frontier=  0.002ms semisort=  0.011ms (keyed= 0.000ms group_by=  0.002ms per_group= 0.005ms)
[pe] round= 91 work=       11 frontier=       44 next=       11 consolidate=  0.017ms frontier=  0.002ms semisort=  0.012ms (keyed= 0.000ms group_by=  0.002ms per_group= 0.005ms)
[pe] round= 92 work=       11 frontier=       22 next=       11 consolidate=  0.025ms frontier=  0.002ms semisort=  0.010ms (keyed= 0.000ms group_by=  0.002ms per_group= 0.005ms)
[pe] round= 93 work=       11 frontier=       62 next=       11 consolidate=  0.019ms frontier=  0.003ms semisort=  0.017ms (keyed= 0.000ms group_by=  0.003ms per_group= 0.006ms)
[pe] round= 94 work=       11 frontier=       28 next=       11 consolidate=  0.016ms frontier=  0.002ms semisort=  0.012ms (keyed= 0.000ms group_by=  0.002ms per_group= 0.005ms)
[pe] round= 95 work=       11 frontier=       44 next=       11 consolidate=  0.033ms frontier=  0.002ms semisort=  0.012ms (keyed= 0.000ms group_by=  0.002ms per_group= 0.005ms)
[pe] round= 96 work=       11 frontier=       22 next=       11 consolidate=  0.024ms frontier=  0.002ms semisort=  0.010ms (keyed= 0.000ms group_by=  0.002ms per_group= 0.005ms)
[pe] round= 97 work=       11 frontier=       62 next=       11 consolidate=  0.019ms frontier=  0.002ms semisort=  0.025ms (keyed= 0.000ms group_by=  0.003ms per_group= 0.014ms)
[pe] round= 98 work=       11 frontier=       28 next=       11 consolidate=  0.034ms frontier=  0.002ms semisort=  0.012ms (keyed= 0.000ms group_by=  0.002ms per_group= 0.006ms)
[pe] round= 99 work=       11 frontier=       44 next=       11 consolidate=  0.017ms frontier=  0.003ms semisort=  0.013ms (keyed= 0.000ms group_by=  0.003ms per_group= 0.005ms)
[pe] round=100 work=       11 frontier=       22 next=       11 consolidate=  0.031ms frontier=  0.002ms semisort=  0.010ms (keyed= 0.000ms group_by=  0.001ms per_group= 0.005ms)
[pe] round=101 work=       11 frontier=       62 next=       11 consolidate=  0.020ms frontier=  0.002ms semisort=  0.018ms (keyed= 0.000ms group_by=  0.003ms per_group= 0.007ms)
[pe] round=102 work=       11 frontier=       28 next=       11 consolidate=  0.016ms frontier=  0.002ms semisort=  0.015ms (keyed= 0.000ms group_by=  0.002ms per_group= 0.009ms)
[pe] round=103 work=       11 frontier=       44 next=       11 consolidate=  0.017ms frontier=  0.002ms semisort=  0.013ms (keyed= 0.000ms group_by=  0.002ms per_group= 0.005ms)
[pe] round=104 work=       11 frontier=       22 next=       11 consolidate=  0.018ms frontier=  0.002ms semisort=  0.009ms (keyed= 0.000ms group_by=  0.001ms per_group= 0.005ms)
[pe] round=105 work=       11 frontier=       62 next=       11 consolidate=  0.019ms frontier=  0.002ms semisort=  0.017ms (keyed= 0.000ms group_by=  0.003ms per_group= 0.007ms)
[pe] round=106 work=       11 frontier=       28 next=       11 consolidate=  0.019ms frontier=  0.002ms semisort=  0.017ms (keyed= 0.000ms group_by=  0.002ms per_group= 0.011ms)
[pe] round=107 work=       11 frontier=       44 next=       11 consolidate=  0.016ms frontier=  0.002ms semisort=  0.012ms (keyed= 0.000ms group_by=  0.002ms per_group= 0.005ms)
[pe] round=108 work=       11 frontier=       22 next=       11 consolidate=  0.011ms frontier=  0.002ms semisort=  0.008ms (keyed= 0.000ms group_by=  0.001ms per_group= 0.004ms)
[pe] round=109 work=       11 frontier=       62 next=       11 consolidate=  0.017ms frontier=  0.002ms semisort=  0.014ms (keyed= 0.000ms group_by=  0.002ms per_group= 0.005ms)
[pe] round=110 work=       11 frontier=       28 next=       11 consolidate=  0.024ms frontier=  0.002ms semisort=  0.013ms (keyed= 0.000ms group_by=  0.002ms per_group= 0.006ms)
[pe] round=111 work=       11 frontier=       44 next=       11 consolidate=  0.020ms frontier=  0.002ms semisort=  0.013ms (keyed= 0.000ms group_by=  0.002ms per_group= 0.005ms)
[pe] round=112 work=       11 frontier=       22 next=       11 consolidate=  0.024ms frontier=  0.002ms semisort=  0.010ms (keyed= 0.000ms group_by=  0.001ms per_group= 0.005ms)
[pe] round=113 work=       11 frontier=       62 next=       11 consolidate=  0.027ms frontier=  0.002ms semisort=  0.017ms (keyed= 0.000ms group_by=  0.003ms per_group= 0.007ms)
[pe] round=114 work=       11 frontier=       28 next=       11 consolidate=  0.017ms frontier=  0.002ms semisort=  0.009ms (keyed= 0.000ms group_by=  0.002ms per_group= 0.004ms)
[pe] round=115 work=       11 frontier=       44 next=       11 consolidate=  0.021ms frontier=  0.002ms semisort=  0.009ms (keyed= 0.000ms group_by=  0.001ms per_group= 0.003ms)
[pe] round=116 work=       11 frontier=       22 next=       11 consolidate=  0.013ms frontier=  0.002ms semisort=  0.024ms (keyed= 0.000ms group_by=  0.001ms per_group= 0.018ms)
[pe] round=117 work=       11 frontier=       62 next=       11 consolidate=  0.031ms frontier=  0.002ms semisort=  0.017ms (keyed= 0.000ms group_by=  0.003ms per_group= 0.007ms)
[pe] round=118 work=       11 frontier=       28 next=       11 consolidate=  0.015ms frontier=  0.002ms semisort=  0.011ms (keyed= 0.000ms group_by=  0.002ms per_group= 0.005ms)
[pe] round=119 work=       11 frontier=       44 next=       11 consolidate=  0.019ms frontier=  0.002ms semisort=  0.012ms (keyed= 0.000ms group_by=  0.002ms per_group= 0.005ms)
[pe] round=120 work=       11 frontier=       22 next=       11 consolidate=  0.018ms frontier=  0.002ms semisort=  0.009ms (keyed= 0.000ms group_by=  0.001ms per_group= 0.005ms)
[pe] round=121 work=       11 frontier=       62 next=       11 consolidate=  0.012ms frontier=  0.002ms semisort=  0.017ms (keyed= 0.000ms group_by=  0.003ms per_group= 0.007ms)
[pe] round=122 work=       11 frontier=       28 next=       11 consolidate=  0.017ms frontier=  0.003ms semisort=  0.014ms (keyed= 0.000ms group_by=  0.002ms per_group= 0.007ms)
[pe] round=123 work=       11 frontier=       44 next=       11 consolidate=  0.029ms frontier=  0.002ms semisort=  0.012ms (keyed= 0.000ms group_by=  0.002ms per_group= 0.005ms)
[pe] round=124 work=       11 frontier=       22 next=       11 consolidate=  0.022ms frontier=  0.002ms semisort=  0.010ms (keyed= 0.000ms group_by=  0.001ms per_group= 0.005ms)
[pe] round=125 work=       11 frontier=       62 next=       11 consolidate=  0.025ms frontier=  0.002ms semisort=  0.028ms (keyed= 0.000ms group_by=  0.003ms per_group= 0.016ms)
[pe] round=126 work=       11 frontier=       28 next=       11 consolidate=  0.028ms frontier=  0.002ms semisort=  0.016ms (keyed= 0.000ms group_by=  0.002ms per_group= 0.009ms)
[pe] round=127 work=       11 frontier=       44 next=       11 consolidate=  0.015ms frontier=  0.002ms semisort=  0.010ms (keyed= 0.000ms group_by=  0.002ms per_group= 0.004ms)
[pe] round=128 work=       11 frontier=       22 next=       11 consolidate=  0.017ms frontier=  0.002ms semisort=  0.007ms (keyed= 0.000ms group_by=  0.001ms per_group= 0.004ms)
[pe] round=129 work=       11 frontier=       62 next=       11 consolidate=  0.020ms frontier=  0.002ms semisort=  0.018ms (keyed= 0.000ms group_by=  0.003ms per_group= 0.007ms)
[pe] round=130 work=       11 frontier=       28 next=       11 consolidate=  0.017ms frontier=  0.002ms semisort=  0.011ms (keyed= 0.000ms group_by=  0.002ms per_group= 0.005ms)
[pe] round=131 work=       11 frontier=       44 next=       11 consolidate=  0.021ms frontier=  0.002ms semisort=  0.012ms (keyed= 0.000ms group_by=  0.002ms per_group= 0.005ms)
[pe] round=132 work=       11 frontier=       22 next=       11 consolidate=  0.025ms frontier=  0.002ms semisort=  0.010ms (keyed= 0.000ms group_by=  0.001ms per_group= 0.005ms)
[pe] round=133 work=       11 frontier=       62 next=       11 consolidate=  0.019ms frontier=  0.002ms semisort=  0.017ms (keyed= 0.000ms group_by=  0.003ms per_group= 0.006ms)
[pe] round=134 work=       11 frontier=       28 next=       11 consolidate=  0.022ms frontier=  0.002ms semisort=  0.008ms (keyed= 0.000ms group_by=  0.001ms per_group= 0.004ms)
[pe] round=135 work=       11 frontier=       44 next=       11 consolidate=  0.019ms frontier=  0.002ms semisort=  0.011ms (keyed= 0.000ms group_by=  0.002ms per_group= 0.005ms)
[pe] round=136 work=       11 frontier=       22 next=       11 consolidate=  0.019ms frontier=  0.002ms semisort=  0.010ms (keyed= 0.000ms group_by=  0.002ms per_group= 0.005ms)
[pe] round=137 work=       11 frontier=       62 next=       11 consolidate=  0.016ms frontier=  0.002ms semisort=  0.036ms (keyed= 0.000ms group_by=  0.003ms per_group= 0.024ms)
[pe] round=138 work=       11 frontier=       28 next=       11 consolidate=  0.029ms frontier=  0.002ms semisort=  0.018ms (keyed= 0.000ms group_by=  0.002ms per_group= 0.011ms)
[pe] round=139 work=       11 frontier=       44 next=       11 consolidate=  0.021ms frontier=  0.002ms semisort=  0.012ms (keyed= 0.000ms group_by=  0.002ms per_group= 0.005ms)
[pe] round=140 work=       11 frontier=       22 next=       11 consolidate=  0.017ms frontier=  0.002ms semisort=  0.009ms (keyed= 0.000ms group_by=  0.001ms per_group= 0.005ms)
[pe] round=141 work=       11 frontier=       62 next=       11 consolidate=  0.018ms frontier=  0.002ms semisort=  0.012ms (keyed= 0.000ms group_by=  0.002ms per_group= 0.005ms)
[pe] round=142 work=       11 frontier=       28 next=       11 consolidate=  0.011ms frontier=  0.002ms semisort=  0.011ms (keyed= 0.000ms group_by=  0.002ms per_group= 0.006ms)
[pe] round=143 work=       11 frontier=       44 next=       11 consolidate=  0.016ms frontier=  0.002ms semisort=  0.012ms (keyed= 0.000ms group_by=  0.002ms per_group= 0.005ms)
[pe] round=144 work=       11 frontier=       22 next=       11 consolidate=  0.018ms frontier=  0.002ms semisort=  0.010ms (keyed= 0.000ms group_by=  0.001ms per_group= 0.005ms)
[pe] round=145 work=       11 frontier=       62 next=       11 consolidate=  0.019ms frontier=  0.002ms semisort=  0.034ms (keyed= 0.000ms group_by=  0.003ms per_group= 0.022ms)
[pe] round=146 work=       11 frontier=       28 next=       11 consolidate=  0.022ms frontier=  0.002ms semisort=  0.011ms (keyed= 0.000ms group_by=  0.002ms per_group= 0.005ms)
[pe] round=147 work=       11 frontier=       44 next=       11 consolidate=  0.015ms frontier=  0.002ms semisort=  0.013ms (keyed= 0.000ms group_by=  0.003ms per_group= 0.005ms)
[pe] round=148 work=       11 frontier=       22 next=       11 consolidate=  0.015ms frontier=  0.001ms semisort=  0.023ms (keyed= 0.000ms group_by=  0.001ms per_group= 0.017ms)
[pe] round=149 work=       11 frontier=       62 next=       11 consolidate=  0.022ms frontier=  0.002ms semisort=  0.018ms (keyed= 0.000ms group_by=  0.003ms per_group= 0.007ms)
[pe] round=150 work=       11 frontier=       28 next=       11 consolidate=  0.018ms frontier=  0.002ms semisort=  0.018ms (keyed= 0.000ms group_by=  0.002ms per_group= 0.012ms)
[pe] round=151 work=       11 frontier=       44 next=       11 consolidate=  0.020ms frontier=  0.002ms semisort=  0.012ms (keyed= 0.000ms group_by=  0.002ms per_group= 0.005ms)
[pe] round=152 work=       11 frontier=       22 next=       11 consolidate=  0.018ms frontier=  0.002ms semisort=  0.009ms (keyed= 0.000ms group_by=  0.001ms per_group= 0.005ms)
[pe] round=153 work=       11 frontier=       62 next=       11 consolidate=  0.014ms frontier=  0.002ms semisort=  0.022ms (keyed= 0.000ms group_by=  0.002ms per_group= 0.013ms)
[pe] round=154 work=       11 frontier=       28 next=       11 consolidate=  0.017ms frontier=  0.002ms semisort=  0.011ms (keyed= 0.000ms group_by=  0.002ms per_group= 0.005ms)
[pe] round=155 work=       11 frontier=       44 next=       11 consolidate=  0.016ms frontier=  0.002ms semisort=  0.024ms (keyed= 0.000ms group_by=  0.002ms per_group= 0.016ms)
[pe] round=156 work=       11 frontier=       22 next=       11 consolidate=  0.025ms frontier=  0.002ms semisort=  0.010ms (keyed= 0.000ms group_by=  0.001ms per_group= 0.005ms)
[pe] round=157 work=       11 frontier=       62 next=       11 consolidate=  0.015ms frontier=  0.003ms semisort=  0.025ms (keyed= 0.000ms group_by=  0.003ms per_group= 0.014ms)
[pe] round=158 work=       11 frontier=       28 next=       11 consolidate=  0.033ms frontier=  0.002ms semisort=  0.011ms (keyed= 0.000ms group_by=  0.002ms per_group= 0.005ms)
[pe] round=159 work=       11 frontier=       44 next=       11 consolidate=  0.018ms frontier=  0.002ms semisort=  0.013ms (keyed= 0.000ms group_by=  0.002ms per_group= 0.005ms)
[pe] round=160 work=       11 frontier=       22 next=       11 consolidate=  0.020ms frontier=  0.002ms semisort=  0.009ms (keyed= 0.000ms group_by=  0.001ms per_group= 0.005ms)
[pe] round=161 work=       11 frontier=       62 next=       11 consolidate=  0.035ms frontier=  0.002ms semisort=  0.018ms (keyed= 0.000ms group_by=  0.003ms per_group= 0.007ms)
[pe] round=162 work=       11 frontier=       28 next=       11 consolidate=  0.018ms frontier=  0.002ms semisort=  0.008ms (keyed= 0.000ms group_by=  0.001ms per_group= 0.004ms)
[pe] round=163 work=       11 frontier=       44 next=       11 consolidate=  0.014ms frontier=  0.002ms semisort=  0.009ms (keyed= 0.000ms group_by=  0.001ms per_group= 0.004ms)
[pe] round=164 work=       11 frontier=       22 next=       11 consolidate=  0.018ms frontier=  0.002ms semisort=  0.010ms (keyed= 0.000ms group_by=  0.001ms per_group= 0.005ms)
[pe] round=165 work=       11 frontier=       62 next=       11 consolidate=  0.020ms frontier=  0.002ms semisort=  0.028ms (keyed= 0.000ms group_by=  0.003ms per_group= 0.017ms)
[pe] round=166 work=       11 frontier=       28 next=       11 consolidate=  0.020ms frontier=  0.002ms semisort=  0.016ms (keyed= 0.000ms group_by=  0.002ms per_group= 0.010ms)
[pe] round=167 work=       11 frontier=       44 next=       11 consolidate=  0.024ms frontier=  0.002ms semisort=  0.013ms (keyed= 0.000ms group_by=  0.002ms per_group= 0.005ms)
[pe] round=168 work=       11 frontier=       22 next=       11 consolidate=  0.017ms frontier=  0.002ms semisort=  0.009ms (keyed= 0.000ms group_by=  0.001ms per_group= 0.005ms)
[pe] round=169 work=       11 frontier=       62 next=       11 consolidate=  0.019ms frontier=  0.002ms semisort=  0.031ms (keyed= 0.000ms group_by=  0.003ms per_group= 0.020ms)
[pe] round=170 work=       11 frontier=       28 next=       11 consolidate=  0.021ms frontier=  0.002ms semisort=  0.011ms (keyed= 0.000ms group_by=  0.002ms per_group= 0.005ms)
[pe] round=171 work=       11 frontier=       44 next=       11 consolidate=  0.023ms frontier=  0.002ms semisort=  0.012ms (keyed= 0.000ms group_by=  0.003ms per_group= 0.006ms)
[pe] round=172 work=       11 frontier=       22 next=       11 consolidate=  0.022ms frontier=  0.002ms semisort=  0.009ms (keyed= 0.000ms group_by=  0.001ms per_group= 0.005ms)
[pe] round=173 work=       11 frontier=       62 next=       11 consolidate=  0.019ms frontier=  0.002ms semisort=  0.027ms (keyed= 0.000ms group_by=  0.003ms per_group= 0.017ms)
[pe] round=174 work=       11 frontier=       28 next=       11 consolidate=  0.016ms frontier=  0.002ms semisort=  0.014ms (keyed= 0.000ms group_by=  0.001ms per_group= 0.009ms)
[pe] round=175 work=       11 frontier=       44 next=       11 consolidate=  0.025ms frontier=  0.002ms semisort=  0.012ms (keyed= 0.000ms group_by=  0.002ms per_group= 0.005ms)
[pe] round=176 work=       11 frontier=       22 next=       11 consolidate=  0.028ms frontier=  0.002ms semisort=  0.010ms (keyed= 0.000ms group_by=  0.001ms per_group= 0.005ms)
[pe] round=177 work=       11 frontier=       62 next=       11 consolidate=  0.021ms frontier=  0.002ms semisort=  0.027ms (keyed= 0.000ms group_by=  0.004ms per_group= 0.014ms)
[pe] round=178 work=       11 frontier=       28 next=       11 consolidate=  0.029ms frontier=  0.002ms semisort=  0.011ms (keyed= 0.000ms group_by=  0.002ms per_group= 0.005ms)
[pe] round=179 work=       11 frontier=       44 next=       11 consolidate=  0.025ms frontier=  0.002ms semisort=  0.013ms (keyed= 0.000ms group_by=  0.003ms per_group= 0.005ms)
[pe] round=180 work=       11 frontier=       22 next=       11 consolidate=  0.021ms frontier=  0.002ms semisort=  0.022ms (keyed= 0.000ms group_by=  0.001ms per_group= 0.015ms)
[pe] round=181 work=       11 frontier=       62 next=       11 consolidate=  0.017ms frontier=  0.002ms semisort=  0.017ms (keyed= 0.000ms group_by=  0.003ms per_group= 0.007ms)
[pe] round=182 work=       11 frontier=       28 next=       11 consolidate=  0.022ms frontier=  0.002ms semisort=  0.022ms (keyed= 0.000ms group_by=  0.002ms per_group= 0.015ms)
[pe] round=183 work=       11 frontier=       44 next=       11 consolidate=  0.019ms frontier=  0.002ms semisort=  0.012ms (keyed= 0.000ms group_by=  0.002ms per_group= 0.005ms)
[pe] round=184 work=       11 frontier=       22 next=       11 consolidate=  0.018ms frontier=  0.002ms semisort=  0.016ms (keyed= 0.000ms group_by=  0.007ms per_group= 0.005ms)
[pe] round=185 work=       11 frontier=       62 next=       11 consolidate=  0.020ms frontier=  0.003ms semisort=  0.032ms (keyed= 0.000ms group_by=  0.003ms per_group= 0.022ms)
[pe] round=186 work=       11 frontier=       28 next=       11 consolidate=  0.022ms frontier=  0.002ms semisort=  0.008ms (keyed= 0.000ms group_by=  0.001ms per_group= 0.004ms)
[pe] round=187 work=       11 frontier=       44 next=       11 consolidate=  0.029ms frontier=  0.002ms semisort=  0.013ms (keyed= 0.000ms group_by=  0.003ms per_group= 0.005ms)
[pe] round=188 work=       11 frontier=       22 next=       11 consolidate=  0.016ms frontier=  0.002ms semisort=  0.010ms (keyed= 0.000ms group_by=  0.001ms per_group= 0.005ms)
[pe] round=189 work=       11 frontier=       62 next=       11 consolidate=  0.022ms frontier=  0.002ms semisort=  0.026ms (keyed= 0.000ms group_by=  0.003ms per_group= 0.015ms)
[pe] round=190 work=       11 frontier=       28 next=       11 consolidate=  0.015ms frontier=  0.002ms semisort=  0.011ms (keyed= 0.000ms group_by=  0.002ms per_group= 0.005ms)
[pe] round=191 work=       11 frontier=       44 next=       11 consolidate=  0.016ms frontier=  0.002ms semisort=  0.013ms (keyed= 0.000ms group_by=  0.003ms per_group= 0.005ms)
[pe] round=192 work=       11 frontier=       22 next=       11 consolidate=  0.021ms frontier=  0.002ms semisort=  0.010ms (keyed= 0.000ms group_by=  0.001ms per_group= 0.005ms)
[pe] round=193 work=       11 frontier=       62 next=       11 consolidate=  0.015ms frontier=  0.002ms semisort=  0.032ms (keyed= 0.000ms group_by=  0.003ms per_group= 0.018ms)
[pe] round=194 work=       11 frontier=       28 next=       11 consolidate=  0.025ms frontier=  0.002ms semisort=  0.011ms (keyed= 0.000ms group_by=  0.002ms per_group= 0.005ms)
[pe] round=195 work=       11 frontier=       44 next=       11 consolidate=  0.020ms frontier=  0.002ms semisort=  0.012ms (keyed= 0.000ms group_by=  0.003ms per_group= 0.005ms)
[pe] round=196 work=       11 frontier=       22 next=       11 consolidate=  0.022ms frontier=  0.002ms semisort=  0.010ms (keyed= 0.000ms group_by=  0.001ms per_group= 0.005ms)
[pe] round=197 work=       11 frontier=       62 next=       11 consolidate=  0.028ms frontier=  0.002ms semisort=  0.028ms (keyed= 0.000ms group_by=  0.005ms per_group= 0.008ms)
[pe] round=198 work=       11 frontier=       28 next=       11 consolidate=  0.016ms frontier=  0.002ms semisort=  0.012ms (keyed= 0.000ms group_by=  0.002ms per_group= 0.005ms)
[pe] round=199 work=       11 frontier=       44 next=       11 consolidate=  0.019ms frontier=  0.002ms semisort=  0.012ms (keyed= 0.000ms group_by=  0.002ms per_group= 0.005ms)
[pe] round=200 work=       11 frontier=       22 next=       11 consolidate=  0.029ms frontier=  0.002ms semisort=  0.009ms (keyed= 0.000ms group_by=  0.001ms per_group= 0.005ms)
[pe] round=201 work=       11 frontier=       62 next=       11 consolidate=  0.020ms frontier=  0.002ms semisort=  0.017ms (keyed= 0.000ms group_by=  0.003ms per_group= 0.007ms)
[pe] round=202 work=       11 frontier=       28 next=       11 consolidate=  0.017ms frontier=  0.002ms semisort=  0.018ms (keyed= 0.000ms group_by=  0.002ms per_group= 0.011ms)
[pe] round=203 work=       11 frontier=       44 next=       11 consolidate=  0.023ms frontier=  0.002ms semisort=  0.012ms (keyed= 0.000ms group_by=  0.002ms per_group= 0.005ms)
[pe] round=204 work=       11 frontier=       22 next=       11 consolidate=  0.012ms frontier=  0.002ms semisort=  0.009ms (keyed= 0.000ms group_by=  0.001ms per_group= 0.005ms)
[pe] round=205 work=       11 frontier=       62 next=       11 consolidate=  0.021ms frontier=  0.002ms semisort=  0.017ms (keyed= 0.000ms group_by=  0.003ms per_group= 0.007ms)
[pe] round=206 work=       11 frontier=       28 next=       11 consolidate=  0.016ms frontier=  0.002ms semisort=  0.012ms (keyed= 0.000ms group_by=  0.002ms per_group= 0.006ms)
[pe] round=207 work=       11 frontier=       44 next=       11 consolidate=  0.018ms frontier=  0.002ms semisort=  0.008ms (keyed= 0.000ms group_by=  0.001ms per_group= 0.004ms)
[pe] round=208 work=       11 frontier=       22 next=       11 consolidate=  0.011ms frontier=  0.002ms semisort=  0.007ms (keyed= 0.000ms group_by=  0.001ms per_group= 0.003ms)
[pe] round=209 work=       11 frontier=       70 next=       11 consolidate=  0.019ms frontier=  0.002ms semisort=  0.036ms (keyed= 0.001ms group_by=  0.005ms per_group= 0.020ms)
[pe] round=210 work=       11 frontier=       28 next=        7 consolidate=  0.023ms frontier=  0.002ms semisort=  0.011ms (keyed= 0.000ms group_by=  0.002ms per_group= 0.004ms)
[pe] round=211 work=        7 frontier=       28 next=        7 consolidate=  0.025ms frontier=  0.002ms semisort=  0.008ms (keyed= 0.000ms group_by=  0.002ms per_group= 0.003ms)
[pe] round=212 work=        7 frontier=       14 next=        7 consolidate=  0.015ms frontier=  0.001ms semisort=  0.007ms (keyed= 0.000ms group_by=  0.001ms per_group= 0.004ms)
[pe] round=213 work=        7 frontier=       46 next=        7 consolidate=  0.013ms frontier=  0.002ms semisort=  0.017ms (keyed= 0.000ms group_by=  0.002ms per_group= 0.007ms)
[pe] round=214 work=        7 frontier=       20 next=        7 consolidate=  0.018ms frontier=  0.002ms semisort=  0.009ms (keyed= 0.000ms group_by=  0.002ms per_group= 0.004ms)
[pe] round=215 work=        7 frontier=       28 next=        7 consolidate=  0.016ms frontier=  0.002ms semisort=  0.008ms (keyed= 0.000ms group_by=  0.002ms per_group= 0.003ms)
[pe] round=216 work=        7 frontier=       14 next=        7 consolidate=  0.020ms frontier=  0.002ms semisort=  0.007ms (keyed= 0.000ms group_by=  0.001ms per_group= 0.003ms)
[pe] round=217 work=        7 frontier=       46 next=        7 consolidate=  0.016ms frontier=  0.002ms semisort=  0.014ms (keyed= 0.000ms group_by=  0.003ms per_group= 0.005ms)
[pe] round=218 work=        7 frontier=       20 next=        7 consolidate=  0.011ms frontier=  0.002ms semisort=  0.009ms (keyed= 0.000ms group_by=  0.002ms per_group= 0.004ms)
[pe] round=219 work=        7 frontier=       28 next=        7 consolidate=  0.014ms frontier=  0.002ms semisort=  0.008ms (keyed= 0.000ms group_by=  0.001ms per_group= 0.004ms)
[pe] round=220 work=        7 frontier=       14 next=        7 consolidate=  0.016ms frontier=  0.002ms semisort=  0.005ms (keyed= 0.000ms group_by=  0.001ms per_group= 0.003ms)
[pe] round=221 work=        7 frontier=       46 next=        7 consolidate=  0.017ms frontier=  0.001ms semisort=  0.010ms (keyed= 0.000ms group_by=  0.002ms per_group= 0.003ms)
[pe] round=222 work=        7 frontier=       20 next=        7 consolidate=  0.009ms frontier=  0.001ms semisort=  0.008ms (keyed= 0.000ms group_by=  0.001ms per_group= 0.004ms)
[pe] round=223 work=        7 frontier=       28 next=        7 consolidate=  0.010ms frontier=  0.002ms semisort=  0.008ms (keyed= 0.000ms group_by=  0.001ms per_group= 0.004ms)
[pe] round=224 work=        7 frontier=       14 next=        7 consolidate=  0.010ms frontier=  0.001ms semisort=  0.007ms (keyed= 0.000ms group_by=  0.001ms per_group= 0.003ms)
[pe] round=225 work=        7 frontier=       46 next=        7 consolidate=  0.019ms frontier=  0.002ms semisort=  0.014ms (keyed= 0.000ms group_by=  0.002ms per_group= 0.005ms)
[pe] round=226 work=        7 frontier=       20 next=        7 consolidate=  0.024ms frontier=  0.002ms semisort=  0.008ms (keyed= 0.000ms group_by=  0.001ms per_group= 0.003ms)
[pe] round=227 work=        7 frontier=       28 next=        7 consolidate=  0.015ms frontier=  0.001ms semisort=  0.008ms (keyed= 0.000ms group_by=  0.001ms per_group= 0.003ms)
[pe] round=228 work=        7 frontier=       14 next=        7 consolidate=  0.014ms frontier=  0.002ms semisort=  0.007ms (keyed= 0.000ms group_by=  0.001ms per_group= 0.003ms)
[pe] round=229 work=        7 frontier=       46 next=        7 consolidate=  0.015ms frontier=  0.002ms semisort=  0.017ms (keyed= 0.000ms group_by=  0.002ms per_group= 0.008ms)
[pe] round=230 work=        7 frontier=       20 next=        7 consolidate=  0.014ms frontier=  0.002ms semisort=  0.024ms (keyed= 0.000ms group_by=  0.002ms per_group= 0.018ms)
[pe] round=231 work=        7 frontier=       28 next=        7 consolidate=  0.017ms frontier=  0.002ms semisort=  0.006ms (keyed= 0.000ms group_by=  0.001ms per_group= 0.003ms)
[pe] round=232 work=        7 frontier=       14 next=        7 consolidate=  0.013ms frontier=  0.001ms semisort=  0.005ms (keyed= 0.000ms group_by=  0.001ms per_group= 0.002ms)
[pe] round=233 work=        7 frontier=       46 next=        7 consolidate=  0.012ms frontier=  0.001ms semisort=  0.010ms (keyed= 0.000ms group_by=  0.002ms per_group= 0.004ms)
[pe] round=234 work=        7 frontier=       20 next=        7 consolidate=  0.016ms frontier=  0.002ms semisort=  0.009ms (keyed= 0.000ms group_by=  0.002ms per_group= 0.004ms)
[pe] round=235 work=        7 frontier=       28 next=        7 consolidate=  0.014ms frontier=  0.002ms semisort=  0.008ms (keyed= 0.000ms group_by=  0.001ms per_group= 0.004ms)
[pe] round=236 work=        7 frontier=       14 next=        7 consolidate=  0.020ms frontier=  0.002ms semisort=  0.007ms (keyed= 0.000ms group_by=  0.001ms per_group= 0.003ms)
[pe] round=237 work=        7 frontier=       46 next=        7 consolidate=  0.016ms frontier=  0.001ms semisort=  0.024ms (keyed= 0.001ms group_by=  0.003ms per_group= 0.011ms)
[pe] round=238 work=        7 frontier=       20 next=        7 consolidate=  0.020ms frontier=  0.002ms semisort=  0.009ms (keyed= 0.000ms group_by=  0.002ms per_group= 0.004ms)
[pe] round=239 work=        7 frontier=       28 next=        7 consolidate=  0.017ms frontier=  0.002ms semisort=  0.009ms (keyed= 0.000ms group_by=  0.001ms per_group= 0.004ms)
[pe] round=240 work=        7 frontier=       14 next=        7 consolidate=  0.017ms frontier=  0.002ms semisort=  0.007ms (keyed= 0.000ms group_by=  0.001ms per_group= 0.003ms)
[pe] round=241 work=        7 frontier=       46 next=        7 consolidate=  0.015ms frontier=  0.002ms semisort=  0.014ms (keyed= 0.000ms group_by=  0.003ms per_group= 0.005ms)
[pe] round=242 work=        7 frontier=       20 next=        7 consolidate=  0.022ms frontier=  0.002ms semisort=  0.009ms (keyed= 0.000ms group_by=  0.001ms per_group= 0.004ms)
[pe] round=243 work=        7 frontier=       28 next=        7 consolidate=  0.018ms frontier=  0.002ms semisort=  0.008ms (keyed= 0.000ms group_by=  0.001ms per_group= 0.003ms)
[pe] round=244 work=        7 frontier=       14 next=        7 consolidate=  0.014ms frontier=  0.002ms semisort=  0.007ms (keyed= 0.000ms group_by=  0.001ms per_group= 0.003ms)
[pe] round=245 work=        7 frontier=       46 next=        7 consolidate=  0.019ms frontier=  0.001ms semisort=  0.014ms (keyed= 0.000ms group_by=  0.003ms per_group= 0.005ms)
[pe] round=246 work=        7 frontier=       20 next=        7 consolidate=  0.015ms frontier=  0.002ms semisort=  0.009ms (keyed= 0.000ms group_by=  0.001ms per_group= 0.004ms)
[pe] round=247 work=        7 frontier=       28 next=        7 consolidate=  0.015ms frontier=  0.002ms semisort=  0.008ms (keyed= 0.000ms group_by=  0.001ms per_group= 0.003ms)
[pe] round=248 work=        7 frontier=       14 next=        7 consolidate=  0.009ms frontier=  0.001ms semisort=  0.007ms (keyed= 0.000ms group_by=  0.001ms per_group= 0.003ms)
[pe] round=249 work=        7 frontier=       46 next=        7 consolidate=  0.013ms frontier=  0.002ms semisort=  0.026ms (keyed= 0.000ms group_by=  0.002ms per_group= 0.016ms)
[pe] round=250 work=        7 frontier=       20 next=        7 consolidate=  0.018ms frontier=  0.002ms semisort=  0.009ms (keyed= 0.000ms group_by=  0.002ms per_group= 0.004ms)
[pe] round=251 work=        7 frontier=       28 next=        7 consolidate=  0.008ms frontier=  0.001ms semisort=  0.008ms (keyed= 0.000ms group_by=  0.002ms per_group= 0.003ms)
[pe] round=252 work=        7 frontier=       14 next=        7 consolidate=  0.019ms frontier=  0.002ms semisort=  0.007ms (keyed= 0.000ms group_by=  0.001ms per_group= 0.004ms)
[pe] round=253 work=        7 frontier=       46 next=        7 consolidate=  0.020ms frontier=  0.002ms semisort=  0.013ms (keyed= 0.000ms group_by=  0.002ms per_group= 0.005ms)
[pe] round=254 work=        7 frontier=       20 next=        7 consolidate=  0.013ms frontier=  0.002ms semisort=  0.008ms (keyed= 0.000ms group_by=  0.001ms per_group= 0.003ms)
[pe] round=255 work=        7 frontier=       28 next=        7 consolidate=  0.023ms frontier=  0.002ms semisort=  0.008ms (keyed= 0.000ms group_by=  0.001ms per_group= 0.003ms)
[pe] round=256 work=        7 frontier=       14 next=        7 consolidate=  0.011ms frontier=  0.001ms semisort=  0.006ms (keyed= 0.000ms group_by=  0.001ms per_group= 0.003ms)
[pe] round=257 work=        7 frontier=       46 next=        7 consolidate=  0.021ms frontier=  0.002ms semisort=  0.030ms (keyed= 0.001ms group_by=  0.004ms per_group= 0.006ms)
[pe] round=258 work=        7 frontier=       20 next=        7 consolidate=  0.014ms frontier=  0.002ms semisort=  0.008ms (keyed= 0.000ms group_by=  0.001ms per_group= 0.004ms)
[pe] round=259 work=        7 frontier=       28 next=        7 consolidate=  0.022ms frontier=  0.002ms semisort=  0.008ms (keyed= 0.000ms group_by=  0.001ms per_group= 0.003ms)
[pe] round=260 work=        7 frontier=       14 next=        7 consolidate=  0.020ms frontier=  0.002ms semisort=  0.007ms (keyed= 0.000ms group_by=  0.001ms per_group= 0.003ms)
[pe] round=261 work=        7 frontier=       46 next=        7 consolidate=  0.016ms frontier=  0.002ms semisort=  0.043ms (keyed= 0.000ms group_by=  0.002ms per_group= 0.016ms)
[pe] round=262 work=        7 frontier=       20 next=        7 consolidate=  0.012ms frontier=  0.001ms semisort=  0.009ms (keyed= 0.000ms group_by=  0.002ms per_group= 0.004ms)
[pe] round=263 work=        7 frontier=       28 next=        7 consolidate=  0.013ms frontier=  0.002ms semisort=  0.009ms (keyed= 0.000ms group_by=  0.001ms per_group= 0.004ms)
[pe] round=264 work=        7 frontier=       14 next=        7 consolidate=  0.011ms frontier=  0.001ms semisort=  0.012ms (keyed= 0.000ms group_by=  0.001ms per_group= 0.007ms)
[pe] round=265 work=        7 frontier=       46 next=        7 consolidate=  0.018ms frontier=  0.002ms semisort=  0.025ms (keyed= 0.000ms group_by=  0.003ms per_group= 0.015ms)
[pe] round=266 work=        7 frontier=       20 next=        7 consolidate=  0.019ms frontier=  0.002ms semisort=  0.009ms (keyed= 0.000ms group_by=  0.002ms per_group= 0.003ms)
[pe] round=267 work=        7 frontier=       28 next=        7 consolidate=  0.023ms frontier=  0.002ms semisort=  0.008ms (keyed= 0.000ms group_by=  0.001ms per_group= 0.004ms)
[pe] round=268 work=        7 frontier=       14 next=        7 consolidate=  0.017ms frontier=  0.002ms semisort=  0.007ms (keyed= 0.000ms group_by=  0.001ms per_group= 0.003ms)
[pe] round=269 work=        7 frontier=       46 next=        7 consolidate=  0.016ms frontier=  0.002ms semisort=  0.013ms (keyed= 0.000ms group_by=  0.003ms per_group= 0.005ms)
[pe] round=270 work=        7 frontier=       20 next=        7 consolidate=  0.009ms frontier=  0.001ms semisort=  0.008ms (keyed= 0.000ms group_by=  0.001ms per_group= 0.004ms)
[pe] round=271 work=        7 frontier=       28 next=        7 consolidate=  0.017ms frontier=  0.002ms semisort=  0.008ms (keyed= 0.000ms group_by=  0.001ms per_group= 0.003ms)
[pe] round=272 work=        7 frontier=       14 next=        7 consolidate=  0.008ms frontier=  0.001ms semisort=  0.005ms (keyed= 0.000ms group_by=  0.001ms per_group= 0.002ms)
[pe] round=273 work=        7 frontier=       46 next=        7 consolidate=  0.014ms frontier=  0.002ms semisort=  0.011ms (keyed= 0.000ms group_by=  0.002ms per_group= 0.004ms)
[pe] round=274 work=        7 frontier=       20 next=        7 consolidate=  0.009ms frontier=  0.001ms semisort=  0.006ms (keyed= 0.000ms group_by=  0.001ms per_group= 0.002ms)
[pe] round=275 work=        7 frontier=       28 next=        7 consolidate=  0.009ms frontier=  0.001ms semisort=  0.008ms (keyed= 0.000ms group_by=  0.001ms per_group= 0.003ms)
[pe] round=276 work=        7 frontier=       14 next=        7 consolidate=  0.017ms frontier=  0.002ms semisort=  0.007ms (keyed= 0.000ms group_by=  0.001ms per_group= 0.003ms)
[pe] round=277 work=        7 frontier=       46 next=        7 consolidate=  0.012ms frontier=  0.002ms semisort=  0.014ms (keyed= 0.000ms group_by=  0.004ms per_group= 0.005ms)
[pe] round=278 work=        7 frontier=       20 next=        7 consolidate=  0.018ms frontier=  0.002ms semisort=  0.009ms (keyed= 0.000ms group_by=  0.001ms per_group= 0.004ms)
[pe] round=279 work=        7 frontier=       28 next=        7 consolidate=  0.019ms frontier=  0.002ms semisort=  0.007ms (keyed= 0.000ms group_by=  0.001ms per_group= 0.003ms)
[pe] round=280 work=        7 frontier=       14 next=        7 consolidate=  0.013ms frontier=  0.002ms semisort=  0.007ms (keyed= 0.000ms group_by=  0.001ms per_group= 0.003ms)
[pe] round=281 work=        7 frontier=       46 next=        7 consolidate=  0.031ms frontier=  0.002ms semisort=  0.014ms (keyed= 0.000ms group_by=  0.003ms per_group= 0.005ms)
[pe] round=282 work=        7 frontier=       20 next=        7 consolidate=  0.017ms frontier=  0.002ms semisort=  0.007ms (keyed= 0.000ms group_by=  0.001ms per_group= 0.003ms)
[pe] round=283 work=        7 frontier=       28 next=        7 consolidate=  0.024ms frontier=  0.002ms semisort=  0.008ms (keyed= 0.000ms group_by=  0.001ms per_group= 0.003ms)
[pe] round=284 work=        7 frontier=       14 next=        7 consolidate=  0.013ms frontier=  0.002ms semisort=  0.007ms (keyed= 0.000ms group_by=  0.001ms per_group= 0.003ms)
[pe] round=285 work=        7 frontier=       46 next=        7 consolidate=  0.017ms frontier=  0.001ms semisort=  0.013ms (keyed= 0.000ms group_by=  0.002ms per_group= 0.005ms)
[pe] round=286 work=        7 frontier=       20 next=        7 consolidate=  0.012ms frontier=  0.001ms semisort=  0.008ms (keyed= 0.000ms group_by=  0.001ms per_group= 0.004ms)
[pe] round=287 work=        7 frontier=       28 next=        7 consolidate=  0.015ms frontier=  0.002ms semisort=  0.007ms (keyed= 0.000ms group_by=  0.001ms per_group= 0.003ms)
[pe] round=288 work=        7 frontier=       14 next=        7 consolidate=  0.009ms frontier=  0.001ms semisort=  0.011ms (keyed= 0.000ms group_by=  0.001ms per_group= 0.007ms)
[pe] round=289 work=        7 frontier=       46 next=        7 consolidate=  0.018ms frontier=  0.002ms semisort=  0.013ms (keyed= 0.000ms group_by=  0.002ms per_group= 0.005ms)
[pe] round=290 work=        7 frontier=       20 next=        7 consolidate=  0.014ms frontier=  0.002ms semisort=  0.007ms (keyed= 0.000ms group_by=  0.001ms per_group= 0.003ms)
[pe] round=291 work=        7 frontier=       28 next=        7 consolidate=  0.017ms frontier=  0.002ms semisort=  0.007ms (keyed= 0.000ms group_by=  0.001ms per_group= 0.003ms)
[pe] round=292 work=        7 frontier=       14 next=        7 consolidate=  0.015ms frontier=  0.002ms semisort=  0.007ms (keyed= 0.000ms group_by=  0.001ms per_group= 0.003ms)
[pe] round=293 work=        7 frontier=       46 next=        7 consolidate=  0.010ms frontier=  0.001ms semisort=  0.012ms (keyed= 0.000ms group_by=  0.002ms per_group= 0.004ms)
[pe] round=294 work=        7 frontier=       20 next=        7 consolidate=  0.016ms frontier=  0.002ms semisort=  0.008ms (keyed= 0.000ms group_by=  0.001ms per_group= 0.004ms)
[pe] round=295 work=        7 frontier=       28 next=        7 consolidate=  0.017ms frontier=  0.001ms semisort=  0.006ms (keyed= 0.000ms group_by=  0.001ms per_group= 0.003ms)
[pe] round=296 work=        7 frontier=       14 next=        7 consolidate=  0.009ms frontier=  0.002ms semisort=  0.005ms (keyed= 0.000ms group_by=  0.001ms per_group= 0.002ms)
[pe] round=297 work=        7 frontier=       46 next=        7 consolidate=  0.012ms frontier=  0.001ms semisort=  0.009ms (keyed= 0.000ms group_by=  0.002ms per_group= 0.003ms)
[pe] round=298 work=        7 frontier=       20 next=        7 consolidate=  0.010ms frontier=  0.001ms semisort=  0.019ms (keyed= 0.000ms group_by=  0.001ms per_group= 0.014ms)
[pe] round=299 work=        7 frontier=       28 next=        7 consolidate=  0.010ms frontier=  0.003ms semisort=  0.042ms (keyed= 0.000ms group_by=  0.003ms per_group= 0.010ms)
[pe] round=300 work=        7 frontier=       14 next=        7 consolidate=  0.014ms frontier=  0.001ms semisort=  0.007ms (keyed= 0.000ms group_by=  0.001ms per_group= 0.003ms)
[pe] round=301 work=        7 frontier=       46 next=        7 consolidate=  0.023ms frontier=  0.002ms semisort=  0.036ms (keyed= 0.000ms group_by=  0.003ms per_group= 0.026ms)
[pe] round=302 work=        7 frontier=       20 next=        7 consolidate=  0.018ms frontier=  0.002ms semisort=  0.009ms (keyed= 0.000ms group_by=  0.002ms per_group= 0.004ms)
[pe] round=303 work=        7 frontier=       28 next=        7 consolidate=  0.019ms frontier=  0.002ms semisort=  0.008ms (keyed= 0.000ms group_by=  0.002ms per_group= 0.004ms)
[pe] round=304 work=        7 frontier=       14 next=        7 consolidate=  0.023ms frontier=  0.002ms semisort=  0.007ms (keyed= 0.000ms group_by=  0.001ms per_group= 0.003ms)
[pe] round=305 work=        7 frontier=       46 next=        7 consolidate=  0.021ms frontier=  0.002ms semisort=  0.022ms (keyed= 0.000ms group_by=  0.002ms per_group= 0.013ms)
[pe] round=306 work=        7 frontier=       20 next=        7 consolidate=  0.015ms frontier=  0.002ms semisort=  0.009ms (keyed= 0.000ms group_by=  0.002ms per_group= 0.003ms)
[pe] round=307 work=        7 frontier=       28 next=        7 consolidate=  0.009ms frontier=  0.001ms semisort=  0.008ms (keyed= 0.000ms group_by=  0.001ms per_group= 0.003ms)
[pe] round=308 work=        7 frontier=       14 next=        7 consolidate=  0.015ms frontier=  0.002ms semisort=  0.012ms (keyed= 0.000ms group_by=  0.001ms per_group= 0.007ms)
[pe] round=309 work=        7 frontier=       46 next=        7 consolidate=  0.012ms frontier=  0.001ms semisort=  0.021ms (keyed= 0.000ms group_by=  0.002ms per_group= 0.012ms)
[pe] round=310 work=        7 frontier=       20 next=        7 consolidate=  0.022ms frontier=  0.002ms semisort=  0.008ms (keyed= 0.000ms group_by=  0.002ms per_group= 0.004ms)
[pe] round=311 work=        7 frontier=       28 next=        7 consolidate=  0.019ms frontier=  0.002ms semisort=  0.006ms (keyed= 0.000ms group_by=  0.001ms per_group= 0.003ms)
[pe] round=312 work=        7 frontier=       14 next=        7 consolidate=  0.009ms frontier=  0.001ms semisort=  0.005ms (keyed= 0.000ms group_by=  0.001ms per_group= 0.002ms)
[pe] round=313 work=        7 frontier=       46 next=        7 consolidate=  0.015ms frontier=  0.002ms semisort=  0.021ms (keyed= 0.000ms group_by=  0.003ms per_group= 0.011ms)
[pe] round=314 work=        7 frontier=       20 next=        7 consolidate=  0.015ms frontier=  0.001ms semisort=  0.008ms (keyed= 0.000ms group_by=  0.002ms per_group= 0.004ms)
[pe] round=315 work=        7 frontier=       28 next=        7 consolidate=  0.009ms frontier=  0.001ms semisort=  0.008ms (keyed= 0.000ms group_by=  0.001ms per_group= 0.003ms)
[pe] round=316 work=        7 frontier=       14 next=        7 consolidate=  0.016ms frontier=  0.002ms semisort=  0.017ms (keyed= 0.000ms group_by=  0.001ms per_group= 0.013ms)
[pe] round=317 work=        7 frontier=       46 next=        7 consolidate=  0.010ms frontier=  0.001ms semisort=  0.027ms (keyed= 0.000ms group_by=  0.002ms per_group= 0.018ms)
[pe] round=318 work=        7 frontier=       20 next=        3 consolidate=  0.010ms frontier=  0.001ms semisort=  0.008ms (keyed= 0.000ms group_by=  0.002ms per_group= 0.003ms)
[pe] round=319 work=        3 frontier=       12 next=        3 consolidate=  0.011ms frontier=  0.001ms semisort=  0.005ms (keyed= 0.000ms group_by=  0.001ms per_group= 0.002ms)
[pe] round=320 work=        3 frontier=        6 next=        3 consolidate=  0.006ms frontier=  0.001ms semisort=  0.004ms (keyed= 0.000ms group_by=  0.001ms per_group= 0.002ms)
[pe] round=321 work=        3 frontier=       30 next=        3 consolidate=  0.007ms frontier=  0.001ms semisort=  0.010ms (keyed= 0.000ms group_by=  0.001ms per_group= 0.003ms)
[pe] round=322 work=        3 frontier=       12 next=        3 consolidate=  0.007ms frontier=  0.001ms semisort=  0.006ms (keyed= 0.000ms group_by=  0.001ms per_group= 0.002ms)
[pe] round=323 work=        3 frontier=       12 next=        3 consolidate=  0.006ms frontier=  0.001ms semisort=  0.004ms (keyed= 0.000ms group_by=  0.001ms per_group= 0.001ms)
[pe] round=324 work=        3 frontier=        6 next=        3 consolidate=  0.003ms frontier=  0.000ms semisort=  0.003ms (keyed= 0.000ms group_by=  0.000ms per_group= 0.001ms)
[pe] round=325 work=        3 frontier=       30 next=        3 consolidate=  0.004ms frontier=  0.000ms semisort=  0.007ms (keyed= 0.000ms group_by=  0.001ms per_group= 0.002ms)
[pe] round=326 work=        3 frontier=       12 next=        3 consolidate=  0.004ms frontier=  0.000ms semisort=  0.003ms (keyed= 0.000ms group_by=  0.001ms per_group= 0.001ms)
[pe] round=327 work=        3 frontier=       12 next=        3 consolidate=  0.004ms frontier=  0.000ms semisort=  0.003ms (keyed= 0.000ms group_by=  0.000ms per_group= 0.001ms)
[pe] round=328 work=        3 frontier=        6 next=        3 consolidate=  0.003ms frontier=  0.000ms semisort=  0.003ms (keyed= 0.000ms group_by=  0.000ms per_group= 0.001ms)
[pe] round=329 work=        3 frontier=       30 next=        3 consolidate=  0.004ms frontier=  0.000ms semisort=  0.009ms (keyed= 0.000ms group_by=  0.001ms per_group= 0.003ms)
[pe] round=330 work=        3 frontier=       12 next=        3 consolidate=  0.007ms frontier=  0.001ms semisort=  0.006ms (keyed= 0.000ms group_by=  0.001ms per_group= 0.002ms)
[pe] round=331 work=        3 frontier=       12 next=        3 consolidate=  0.011ms frontier=  0.001ms semisort=  0.004ms (keyed= 0.000ms group_by=  0.001ms per_group= 0.002ms)
[pe] round=332 work=        3 frontier=        6 next=        3 consolidate=  0.014ms frontier=  0.001ms semisort=  0.004ms (keyed= 0.000ms group_by=  0.001ms per_group= 0.002ms)
[pe] round=333 work=        3 frontier=       30 next=        3 consolidate=  0.010ms frontier=  0.001ms semisort=  0.009ms (keyed= 0.000ms group_by=  0.001ms per_group= 0.002ms)
[pe] round=334 work=        3 frontier=       12 next=        3 consolidate=  0.006ms frontier=  0.001ms semisort=  0.005ms (keyed= 0.000ms group_by=  0.001ms per_group= 0.002ms)
[pe] round=335 work=        3 frontier=       12 next=        3 consolidate=  0.006ms frontier=  0.001ms semisort=  0.004ms (keyed= 0.000ms group_by=  0.001ms per_group= 0.002ms)
[pe] round=336 work=        3 frontier=        6 next=        3 consolidate=  0.007ms frontier=  0.001ms semisort=  0.004ms (keyed= 0.000ms group_by=  0.000ms per_group= 0.002ms)
[pe] round=337 work=        3 frontier=       30 next=        3 consolidate=  0.008ms frontier=  0.001ms semisort=  0.016ms (keyed= 0.000ms group_by=  0.002ms per_group= 0.010ms)
[pe] round=338 work=        3 frontier=       12 next=        3 consolidate=  0.006ms frontier=  0.001ms semisort=  0.005ms (keyed= 0.000ms group_by=  0.001ms per_group= 0.002ms)
[pe] round=339 work=        3 frontier=       12 next=        3 consolidate=  0.010ms frontier=  0.001ms semisort=  0.005ms (keyed= 0.000ms group_by=  0.001ms per_group= 0.002ms)
[pe] round=340 work=        3 frontier=        6 next=        3 consolidate=  0.006ms frontier=  0.001ms semisort=  0.004ms (keyed= 0.000ms group_by=  0.001ms per_group= 0.002ms)
[pe] round=341 work=        3 frontier=       30 next=        3 consolidate=  0.004ms frontier=  0.000ms semisort=  0.007ms (keyed= 0.000ms group_by=  0.001ms per_group= 0.002ms)
[pe] round=342 work=        3 frontier=       12 next=        3 consolidate=  0.004ms frontier=  0.000ms semisort=  0.004ms (keyed= 0.000ms group_by=  0.000ms per_group= 0.002ms)
[pe] round=343 work=        3 frontier=       12 next=        3 consolidate=  0.003ms frontier=  0.000ms semisort=  0.003ms (keyed= 0.000ms group_by=  0.000ms per_group= 0.001ms)
[pe] round=344 work=        3 frontier=        6 next=        3 consolidate=  0.003ms frontier=  0.000ms semisort=  0.002ms (keyed= 0.000ms group_by=  0.000ms per_group= 0.001ms)
[pe] round=345 work=        3 frontier=       30 next=        3 consolidate=  0.008ms frontier=  0.001ms semisort=  0.007ms (keyed= 0.000ms group_by=  0.001ms per_group= 0.002ms)
[pe] round=346 work=        3 frontier=       12 next=        3 consolidate=  0.007ms frontier=  0.001ms semisort=  0.006ms (keyed= 0.000ms group_by=  0.001ms per_group= 0.002ms)
[pe] round=347 work=        3 frontier=       12 next=        3 consolidate=  0.006ms frontier=  0.001ms semisort=  0.004ms (keyed= 0.000ms group_by=  0.001ms per_group= 0.002ms)
[pe] round=348 work=        3 frontier=        6 next=        3 consolidate=  0.007ms frontier=  0.001ms semisort=  0.004ms (keyed= 0.000ms group_by=  0.001ms per_group= 0.002ms)
[pe] round=349 work=        3 frontier=       30 next=        3 consolidate=  0.008ms frontier=  0.001ms semisort=  0.009ms (keyed= 0.000ms group_by=  0.002ms per_group= 0.002ms)
[pe] round=350 work=        3 frontier=       12 next=        3 consolidate=  0.010ms frontier=  0.001ms semisort=  0.006ms (keyed= 0.000ms group_by=  0.001ms per_group= 0.002ms)
[pe] round=351 work=        3 frontier=       12 next=        3 consolidate=  0.012ms frontier=  0.001ms semisort=  0.005ms (keyed= 0.000ms group_by=  0.001ms per_group= 0.002ms)
[pe] round=352 work=        3 frontier=        6 next=        3 consolidate=  0.008ms frontier=  0.001ms semisort=  0.003ms (keyed= 0.000ms group_by=  0.000ms per_group= 0.002ms)
[pe] round=353 work=        3 frontier=       30 next=        3 consolidate=  0.011ms frontier=  0.001ms semisort=  0.008ms (keyed= 0.000ms group_by=  0.001ms per_group= 0.003ms)
[pe] round=354 work=        3 frontier=       12 next=        3 consolidate=  0.010ms frontier=  0.001ms semisort=  0.005ms (keyed= 0.000ms group_by=  0.001ms per_group= 0.002ms)
[pe] round=355 work=        3 frontier=       12 next=        3 consolidate=  0.004ms frontier=  0.001ms semisort=  0.004ms (keyed= 0.000ms group_by=  0.001ms per_group= 0.002ms)
[pe] round=356 work=        3 frontier=        6 next=        3 consolidate=  0.009ms frontier=  0.001ms semisort=  0.004ms (keyed= 0.000ms group_by=  0.000ms per_group= 0.002ms)
[pe] round=357 work=        3 frontier=       30 next=        3 consolidate=  0.004ms frontier=  0.001ms semisort=  0.009ms (keyed= 0.000ms group_by=  0.001ms per_group= 0.002ms)
[pe] round=358 work=        3 frontier=       12 next=        3 consolidate=  0.004ms frontier=  0.001ms semisort=  0.005ms (keyed= 0.000ms group_by=  0.001ms per_group= 0.002ms)
[pe] round=359 work=        3 frontier=       12 next=        3 consolidate=  0.006ms frontier=  0.001ms semisort=  0.004ms (keyed= 0.000ms group_by=  0.001ms per_group= 0.002ms)
[pe] round=360 work=        3 frontier=        6 next=        3 consolidate=  0.007ms frontier=  0.001ms semisort=  0.003ms (keyed= 0.000ms group_by=  0.000ms per_group= 0.002ms)
[pe] round=361 work=        3 frontier=       30 next=        3 consolidate=  0.009ms frontier=  0.001ms semisort=  0.008ms (keyed= 0.000ms group_by=  0.002ms per_group= 0.002ms)
[pe] round=362 work=        3 frontier=       12 next=        3 consolidate=  0.008ms frontier=  0.001ms semisort=  0.005ms (keyed= 0.000ms group_by=  0.001ms per_group= 0.002ms)
[pe] round=363 work=        3 frontier=       12 next=        3 consolidate=  0.006ms frontier=  0.001ms semisort=  0.005ms (keyed= 0.000ms group_by=  0.001ms per_group= 0.002ms)
[pe] round=364 work=        3 frontier=        6 next=        3 consolidate=  0.007ms frontier=  0.001ms semisort=  0.004ms (keyed= 0.000ms group_by=  0.001ms per_group= 0.002ms)
[pe] round=365 work=        3 frontier=       30 next=        3 consolidate=  0.007ms frontier=  0.001ms semisort=  0.008ms (keyed= 0.000ms group_by=  0.001ms per_group= 0.002ms)
[pe] round=366 work=        3 frontier=       12 next=        3 consolidate=  0.006ms frontier=  0.001ms semisort=  0.005ms (keyed= 0.000ms group_by=  0.001ms per_group= 0.002ms)
[pe] round=367 work=        3 frontier=       12 next=        3 consolidate=  0.007ms frontier=  0.001ms semisort=  0.004ms (keyed= 0.000ms group_by=  0.001ms per_group= 0.002ms)
[pe] round=368 work=        3 frontier=        6 next=        3 consolidate=  0.003ms frontier=  0.000ms semisort=  0.003ms (keyed= 0.000ms group_by=  0.000ms per_group= 0.001ms)
[pe] round=369 work=        3 frontier=       30 next=        3 consolidate=  0.004ms frontier=  0.000ms semisort=  0.006ms (keyed= 0.000ms group_by=  0.001ms per_group= 0.002ms)
[pe] round=370 work=        3 frontier=       12 next=        3 consolidate=  0.011ms frontier=  0.001ms semisort=  0.004ms (keyed= 0.000ms group_by=  0.000ms per_group= 0.002ms)
[pe] round=371 work=        3 frontier=       12 next=        3 consolidate=  0.003ms frontier=  0.000ms semisort=  0.003ms (keyed= 0.000ms group_by=  0.000ms per_group= 0.001ms)
[pe] round=372 work=        3 frontier=        6 next=        3 consolidate=  0.011ms frontier=  0.001ms semisort=  0.003ms (keyed= 0.000ms group_by=  0.000ms per_group= 0.001ms)
[pe] round=373 work=        3 frontier=       30 next=        3 consolidate=  0.007ms frontier=  0.001ms semisort=  0.008ms (keyed= 0.000ms group_by=  0.002ms per_group= 0.002ms)
[pe] round=374 work=        3 frontier=       12 next=        3 consolidate=  0.004ms frontier=  0.001ms semisort=  0.005ms (keyed= 0.000ms group_by=  0.001ms per_group= 0.002ms)
[pe] round=375 work=        3 frontier=       12 next=        3 consolidate=  0.004ms frontier=  0.001ms semisort=  0.004ms (keyed= 0.000ms group_by=  0.001ms per_group= 0.002ms)
[pe] round=376 work=        3 frontier=        6 next=        3 consolidate=  0.004ms frontier=  0.001ms semisort=  0.003ms (keyed= 0.000ms group_by=  0.000ms per_group= 0.002ms)
[pe] round=377 work=        3 frontier=       30 next=        3 consolidate=  0.008ms frontier=  0.001ms semisort=  0.008ms (keyed= 0.000ms group_by=  0.002ms per_group= 0.002ms)
[pe] round=378 work=        3 frontier=       12 next=        3 consolidate=  0.009ms frontier=  0.001ms semisort=  0.005ms (keyed= 0.000ms group_by=  0.001ms per_group= 0.002ms)
[pe] round=379 work=        3 frontier=       12 next=        3 consolidate=  0.011ms frontier=  0.001ms semisort=  0.004ms (keyed= 0.000ms group_by=  0.001ms per_group= 0.002ms)
[pe] round=380 work=        3 frontier=        6 next=        3 consolidate=  0.006ms frontier=  0.001ms semisort=  0.004ms (keyed= 0.000ms group_by=  0.000ms per_group= 0.002ms)
[pe] round=381 work=        3 frontier=       30 next=        3 consolidate=  0.011ms frontier=  0.001ms semisort=  0.008ms (keyed= 0.000ms group_by=  0.002ms per_group= 0.002ms)
[pe] round=382 work=        3 frontier=       12 next=        3 consolidate=  0.004ms frontier=  0.001ms semisort=  0.005ms (keyed= 0.000ms group_by=  0.001ms per_group= 0.002ms)
[pe] round=383 work=        3 frontier=       12 next=        3 consolidate=  0.009ms frontier=  0.001ms semisort=  0.005ms (keyed= 0.000ms group_by=  0.001ms per_group= 0.002ms)
[pe] round=384 work=        3 frontier=        6 next=        3 consolidate=  0.004ms frontier=  0.001ms semisort=  0.003ms (keyed= 0.000ms group_by=  0.000ms per_group= 0.002ms)
[pe] round=385 work=        3 frontier=       30 next=        3 consolidate=  0.008ms frontier=  0.001ms semisort=  0.008ms (keyed= 0.000ms group_by=  0.001ms per_group= 0.002ms)
[pe] round=386 work=        3 frontier=       12 next=        3 consolidate=  0.009ms frontier=  0.001ms semisort=  0.005ms (keyed= 0.000ms group_by=  0.001ms per_group= 0.002ms)
[pe] round=387 work=        3 frontier=       12 next=        3 consolidate=  0.004ms frontier=  0.001ms semisort=  0.004ms (keyed= 0.000ms group_by=  0.001ms per_group= 0.002ms)
[pe] round=388 work=        3 frontier=        6 next=        3 consolidate=  0.006ms frontier=  0.001ms semisort=  0.004ms (keyed= 0.000ms group_by=  0.000ms per_group= 0.002ms)
[pe] round=389 work=        3 frontier=       30 next=        3 consolidate=  0.007ms frontier=  0.002ms semisort=  0.008ms (keyed= 0.000ms group_by=  0.001ms per_group= 0.002ms)
[pe] round=390 work=        3 frontier=       12 next=        3 consolidate=  0.008ms frontier=  0.001ms semisort=  0.004ms (keyed= 0.000ms group_by=  0.001ms per_group= 0.002ms)
[pe] round=391 work=        3 frontier=       12 next=        3 consolidate=  0.012ms frontier=  0.001ms semisort=  0.003ms (keyed= 0.000ms group_by=  0.001ms per_group= 0.001ms)
[pe] round=392 work=        3 frontier=        6 next=        3 consolidate=  0.003ms frontier=  0.000ms semisort=  0.003ms (keyed= 0.000ms group_by=  0.001ms per_group= 0.001ms)
[pe] round=393 work=        3 frontier=       30 next=        3 consolidate=  0.018ms frontier=  0.001ms semisort=  0.013ms (keyed= 0.000ms group_by=  0.001ms per_group= 0.006ms)
[pe] round=394 work=        3 frontier=       12 next=        3 consolidate=  0.009ms frontier=  0.001ms semisort=  0.005ms (keyed= 0.000ms group_by=  0.001ms per_group= 0.002ms)
[pe] round=395 work=        3 frontier=       12 next=        3 consolidate=  0.004ms frontier=  0.001ms semisort=  0.004ms (keyed= 0.000ms group_by=  0.001ms per_group= 0.002ms)
[pe] round=396 work=        3 frontier=        6 next=        3 consolidate=  0.007ms frontier=  0.002ms semisort=  0.004ms (keyed= 0.000ms group_by=  0.000ms per_group= 0.002ms)
[pe] round=397 work=        3 frontier=       30 next=        3 consolidate=  0.009ms frontier=  0.001ms semisort=  0.008ms (keyed= 0.000ms group_by=  0.002ms per_group= 0.002ms)
[pe] round=398 work=        3 frontier=       12 next=        3 consolidate=  0.004ms frontier=  0.001ms semisort=  0.005ms (keyed= 0.000ms group_by=  0.001ms per_group= 0.002ms)
[pe] round=399 work=        3 frontier=       12 next=        3 consolidate=  0.007ms frontier=  0.001ms semisort=  0.004ms (keyed= 0.000ms group_by=  0.001ms per_group= 0.002ms)
[pe] round=400 work=        3 frontier=        6 next=        3 consolidate=  0.004ms frontier=  0.001ms semisort=  0.004ms (keyed= 0.000ms group_by=  0.000ms per_group= 0.002ms)
[pe] round=401 work=        3 frontier=       30 next=        3 consolidate=  0.009ms frontier=  0.001ms semisort=  0.008ms (keyed= 0.000ms group_by=  0.002ms per_group= 0.002ms)
[pe] round=402 work=        3 frontier=       12 next=        3 consolidate=  0.005ms frontier=  0.001ms semisort=  0.005ms (keyed= 0.000ms group_by=  0.001ms per_group= 0.002ms)
[pe] round=403 work=        3 frontier=       12 next=        3 consolidate=  0.004ms frontier=  0.001ms semisort=  0.004ms (keyed= 0.000ms group_by=  0.001ms per_group= 0.002ms)
[pe] round=404 work=        3 frontier=        6 next=        3 consolidate=  0.011ms frontier=  0.001ms semisort=  0.004ms (keyed= 0.000ms group_by=  0.000ms per_group= 0.002ms)
[pe] round=405 work=        3 frontier=       30 next=        3 consolidate=  0.012ms frontier=  0.001ms semisort=  0.008ms (keyed= 0.000ms group_by=  0.001ms per_group= 0.003ms)
[pe] round=406 work=        3 frontier=       12 next=        3 consolidate=  0.008ms frontier=  0.001ms semisort=  0.005ms (keyed= 0.000ms group_by=  0.001ms per_group= 0.002ms)
[pe] round=407 work=        3 frontier=       12 next=        3 consolidate=  0.007ms frontier=  0.001ms semisort=  0.004ms (keyed= 0.000ms group_by=  0.001ms per_group= 0.001ms)
[pe] round=408 work=        3 frontier=        6 next=        3 consolidate=  0.004ms frontier=  0.001ms semisort=  0.004ms (keyed= 0.000ms group_by=  0.000ms per_group= 0.002ms)
[pe] round=409 work=        3 frontier=       30 next=        3 consolidate=  0.006ms frontier=  0.001ms semisort=  0.008ms (keyed= 0.000ms group_by=  0.002ms per_group= 0.003ms)
[pe] round=410 work=        3 frontier=       12 next=        3 consolidate=  0.007ms frontier=  0.001ms semisort=  0.005ms (keyed= 0.000ms group_by=  0.001ms per_group= 0.002ms)
[pe] round=411 work=        3 frontier=       12 next=        3 consolidate=  0.004ms frontier=  0.001ms semisort=  0.004ms (keyed= 0.000ms group_by=  0.001ms per_group= 0.002ms)
[pe] round=412 work=        3 frontier=        6 next=        3 consolidate=  0.009ms frontier=  0.001ms semisort=  0.004ms (keyed= 0.000ms group_by=  0.001ms per_group= 0.002ms)
[pe] round=413 work=        3 frontier=       30 next=        3 consolidate=  0.005ms frontier=  0.001ms semisort=  0.008ms (keyed= 0.000ms group_by=  0.002ms per_group= 0.002ms)
[pe] round=414 work=        3 frontier=       12 next=        3 consolidate=  0.004ms frontier=  0.001ms semisort=  0.005ms (keyed= 0.000ms group_by=  0.001ms per_group= 0.002ms)
[pe] round=415 work=        3 frontier=       12 next=        3 consolidate=  0.007ms frontier=  0.001ms semisort=  0.005ms (keyed= 0.000ms group_by=  0.001ms per_group= 0.002ms)
[pe] round=416 work=        3 frontier=        6 next=        3 consolidate=  0.003ms frontier=  0.000ms semisort=  0.003ms (keyed= 0.000ms group_by=  0.000ms per_group= 0.001ms)
[pe] round=417 work=        3 frontier=       30 next=        3 consolidate=  0.007ms frontier=  0.001ms semisort=  0.006ms (keyed= 0.000ms group_by=  0.001ms per_group= 0.002ms)
[pe] round=418 work=        3 frontier=       12 next=        3 consolidate=  0.006ms frontier=  0.001ms semisort=  0.004ms (keyed= 0.000ms group_by=  0.001ms per_group= 0.002ms)
[pe] round=419 work=        3 frontier=       12 next=        3 consolidate=  0.007ms frontier=  0.001ms semisort=  0.003ms (keyed= 0.000ms group_by=  0.001ms per_group= 0.001ms)
[pe] round=420 work=        3 frontier=        6 next=        3 consolidate=  0.006ms frontier=  0.001ms semisort=  0.003ms (keyed= 0.000ms group_by=  0.000ms per_group= 0.001ms)
[pe] round=421 work=        3 frontier=       30 next=        3 consolidate=  0.007ms frontier=  0.001ms semisort=  0.008ms (keyed= 0.000ms group_by=  0.001ms per_group= 0.002ms)
[pe] round=422 work=        3 frontier=       12 next=        3 consolidate=  0.007ms frontier=  0.001ms semisort=  0.005ms (keyed= 0.000ms group_by=  0.001ms per_group= 0.002ms)
[pe] round=423 work=        3 frontier=       12 next=        3 consolidate=  0.004ms frontier=  0.001ms semisort=  0.004ms (keyed= 0.000ms group_by=  0.001ms per_group= 0.002ms)
[pe] round=424 work=        3 frontier=        6 next=        3 consolidate=  0.004ms frontier=  0.001ms semisort=  0.003ms (keyed= 0.000ms group_by=  0.000ms per_group= 0.002ms)
[pe] round=425 work=        3 frontier=       30 next=        3 consolidate=  0.007ms frontier=  0.001ms semisort=  0.009ms (keyed= 0.000ms group_by=  0.002ms per_group= 0.003ms)
[pe] round=426 work=        3 frontier=       12 next=        3 consolidate=  0.006ms frontier=  0.002ms semisort=  0.006ms (keyed= 0.000ms group_by=  0.001ms per_group= 0.003ms)
[pe] round=427 work=        3 frontier=       12 next=        3 consolidate=  0.007ms frontier=  0.001ms semisort=  0.006ms (keyed= 0.000ms group_by=  0.001ms per_group= 0.002ms)
[pe] round=428 work=        3 frontier=        6 next=        3 consolidate=  0.007ms frontier=  0.001ms semisort=  0.004ms (keyed= 0.000ms group_by=  0.000ms per_group= 0.002ms)
[pe] round=429 work=        3 frontier=       31 next=        3 consolidate=  0.007ms frontier=  0.001ms semisort=  0.010ms (keyed= 0.000ms group_by=  0.002ms per_group= 0.003ms)
[pe] round=430 work=        3 frontier=        6 next=        2 consolidate=  0.004ms frontier=  0.001ms semisort=  0.003ms (keyed= 0.000ms group_by=  0.000ms per_group= 0.001ms)
[pe] round=431 work=        2 (tail-skip: all parents empty)
[pe] round=  0 work= 10460911 frontier=  5950187 next=    47386 consolidate= 40.686ms frontier=  9.914ms semisort= 26.035ms (keyed=13.756ms group_by=  0.420ms per_group= 4.748ms)
[pe] round=  1 work=    47386 frontier=   274132 next=    22307 consolidate=  1.344ms frontier=  0.405ms semisort=  1.953ms (keyed= 0.489ms group_by=  0.084ms per_group= 0.846ms)
[pe] round=  2 work=    22307 frontier=    94168 next=    11347 consolidate=  0.788ms frontier=  0.224ms semisort=  2.723ms (keyed= 0.061ms group_by=  2.067ms per_group= 0.264ms)
[pe] round=  3 work=    11347 frontier=    38990 next=     6320 consolidate=  0.519ms frontier=  0.214ms semisort=  1.323ms (keyed= 0.027ms group_by=  0.847ms per_group= 0.233ms)
[pe] round=  4 work=     6320 frontier=    18118 next=     3668 consolidate=  1.287ms frontier=  0.221ms semisort=  0.821ms (keyed= 0.028ms group_by=  0.395ms per_group= 0.172ms)
[pe] round=  5 work=     3668 frontier=    14200 next=     2998 consolidate=  0.680ms frontier=  0.167ms semisort=  0.687ms (keyed= 0.027ms group_by=  0.304ms per_group= 0.171ms)
[pe] round=  6 work=     2998 frontier=    14168 next=     2333 consolidate=  0.560ms frontier=  0.115ms semisort=  0.746ms (keyed= 0.030ms group_by=  0.378ms per_group= 0.157ms)
[pe] round=  7 work=     2333 frontier=    13358 next=     1381 consolidate=  0.528ms frontier=  0.122ms semisort=  0.568ms (keyed= 0.025ms group_by=  0.281ms per_group= 0.122ms)
[pe] round=  8 work=     1381 frontier=    14960 next=      914 consolidate=  0.363ms frontier=  0.071ms semisort=  0.644ms (keyed= 0.025ms group_by=  0.316ms per_group= 0.162ms)
[pe] round=  9 work=      914 frontier=     5537 next=      691 consolidate=  0.250ms frontier=  0.049ms semisort=  0.952ms (keyed= 0.017ms group_by=  0.700ms per_group= 0.107ms)
[pe] round= 10 work=      691 frontier=     9111 next=      460 consolidate=  0.237ms frontier=  0.060ms semisort=  1.387ms (keyed= 0.031ms group_by=  1.136ms per_group= 0.112ms)
[pe] round= 11 work=      460 frontier=     4999 next=      531 consolidate=  0.158ms frontier=  0.036ms semisort=  0.886ms (keyed= 0.015ms group_by=  0.678ms per_group= 0.086ms)
[pe] round= 12 work=      531 frontier=     4274 next=      372 consolidate=  0.197ms frontier=  0.050ms semisort=  0.874ms (keyed= 0.012ms group_by=  0.693ms per_group= 0.064ms)
[pe] round= 13 work=      372 frontier=     1790 next=      116 consolidate=  0.142ms frontier=  0.039ms semisort=  0.458ms (keyed= 0.008ms group_by=  0.315ms per_group= 0.057ms)
[pe] round= 14 work=      116 frontier=      268 next=       36 consolidate=  0.061ms frontier=  0.008ms semisort=  0.087ms (keyed= 0.002ms group_by=  0.035ms per_group= 0.023ms)
[pe] round= 15 work=       36 frontier=      116 next=       38 consolidate=  0.039ms frontier=  0.005ms semisort=  0.058ms (keyed= 0.001ms group_by=  0.011ms per_group= 0.021ms)
[pe] round= 16 work=       38 frontier=      182 next=       35 consolidate=  0.031ms frontier=  0.005ms semisort=  0.088ms (keyed= 0.001ms group_by=  0.016ms per_group= 0.032ms)
[pe] round= 17 work=       35 frontier=      122 next=       37 consolidate=  0.029ms frontier=  0.006ms semisort=  0.083ms (keyed= 0.029ms group_by=  0.010ms per_group= 0.028ms)
[pe] round= 18 work=       37 frontier=       80 next=       25 consolidate=  0.032ms frontier=  0.005ms semisort=  0.036ms (keyed= 0.000ms group_by=  0.007ms per_group= 0.019ms)
[pe] round= 19 work=       25 frontier=       76 next=       25 consolidate=  0.033ms frontier=  0.003ms semisort=  0.023ms (keyed= 0.000ms group_by=  0.003ms per_group= 0.013ms)
[pe] round= 20 work=       25 frontier=      138 next=       23 consolidate=  0.045ms frontier=  0.004ms semisort=  0.072ms (keyed= 0.001ms group_by=  0.013ms per_group= 0.041ms)
[pe] round= 21 work=       23 frontier=      102 next=       31 consolidate=  0.034ms frontier=  0.003ms semisort=  0.033ms (keyed= 0.000ms group_by=  0.006ms per_group= 0.014ms)
[pe] round= 22 work=       31 frontier=       76 next=       23 consolidate=  0.030ms frontier=  0.003ms semisort=  0.036ms (keyed= 0.000ms group_by=  0.006ms per_group= 0.020ms)
[pe] round= 23 work=       23 frontier=       68 next=       23 consolidate=  0.027ms frontier=  0.004ms semisort=  0.023ms (keyed= 0.001ms group_by=  0.005ms per_group= 0.010ms)
[pe] round= 24 work=       23 frontier=      134 next=       23 consolidate=  0.028ms frontier=  0.003ms semisort=  0.050ms (keyed= 0.001ms group_by=  0.010ms per_group= 0.023ms)
[pe] round= 25 work=       23 frontier=      102 next=       31 consolidate=  0.028ms frontier=  0.004ms semisort=  0.045ms (keyed= 0.000ms group_by=  0.007ms per_group= 0.025ms)
[pe] round= 26 work=       31 frontier=       76 next=       23 consolidate=  0.028ms frontier=  0.004ms semisort=  0.034ms (keyed= 0.000ms group_by=  0.005ms per_group= 0.020ms)
[pe] round= 27 work=       23 frontier=       68 next=       23 consolidate=  0.029ms frontier=  0.003ms semisort=  0.025ms (keyed= 0.000ms group_by=  0.005ms per_group= 0.012ms)
[pe] round= 28 work=       23 frontier=      134 next=       23 consolidate=  0.031ms frontier=  0.004ms semisort=  0.073ms (keyed= 0.001ms group_by=  0.013ms per_group= 0.038ms)
[pe] round= 29 work=       23 frontier=      102 next=       31 consolidate=  0.026ms frontier=  0.003ms semisort=  0.059ms (keyed= 0.001ms group_by=  0.010ms per_group= 0.032ms)
[pe] round= 30 work=       31 frontier=       76 next=       23 consolidate=  0.030ms frontier=  0.004ms semisort=  0.027ms (keyed= 0.001ms group_by=  0.007ms per_group= 0.010ms)
[pe] round= 31 work=       23 frontier=       68 next=       23 consolidate=  0.024ms frontier=  0.003ms semisort=  0.031ms (keyed= 0.000ms group_by=  0.003ms per_group= 0.020ms)
[pe] round= 32 work=       23 frontier=      134 next=       23 consolidate=  0.030ms frontier=  0.004ms semisort=  0.054ms (keyed= 0.001ms group_by=  0.008ms per_group= 0.027ms)
[pe] round= 33 work=       23 frontier=      102 next=       31 consolidate=  0.035ms frontier=  0.004ms semisort=  0.043ms (keyed= 0.001ms group_by=  0.009ms per_group= 0.018ms)
[pe] round= 34 work=       31 frontier=       76 next=       23 consolidate=  0.023ms frontier=  0.003ms semisort=  0.029ms (keyed= 0.001ms group_by=  0.007ms per_group= 0.013ms)
[pe] round= 35 work=       23 frontier=       68 next=       23 consolidate=  0.032ms frontier=  0.003ms semisort=  0.024ms (keyed= 0.000ms group_by=  0.004ms per_group= 0.013ms)
[pe] round= 36 work=       23 frontier=      134 next=       23 consolidate=  0.029ms frontier=  0.003ms semisort=  0.068ms (keyed= 0.001ms group_by=  0.010ms per_group= 0.037ms)
[pe] round= 37 work=       23 frontier=      102 next=       31 consolidate=  0.037ms frontier=  0.003ms semisort=  0.066ms (keyed= 0.001ms group_by=  0.008ms per_group= 0.036ms)
[pe] round= 38 work=       31 frontier=       76 next=       23 consolidate=  0.028ms frontier=  0.004ms semisort=  0.029ms (keyed= 0.001ms group_by=  0.007ms per_group= 0.011ms)
[pe] round= 39 work=       23 frontier=       68 next=       23 consolidate=  0.027ms frontier=  0.003ms semisort=  0.035ms (keyed= 0.000ms group_by=  0.005ms per_group= 0.021ms)
[pe] round= 40 work=       23 frontier=      134 next=       23 consolidate=  0.025ms frontier=  0.003ms semisort=  0.065ms (keyed= 0.001ms group_by=  0.011ms per_group= 0.019ms)
[pe] round= 41 work=       23 frontier=      102 next=       31 consolidate=  0.033ms frontier=  0.004ms semisort=  0.047ms (keyed= 0.001ms group_by=  0.009ms per_group= 0.017ms)
[pe] round= 42 work=       31 frontier=       76 next=       23 consolidate=  0.030ms frontier=  0.004ms semisort=  0.040ms (keyed= 0.001ms group_by=  0.006ms per_group= 0.016ms)
[pe] round= 43 work=       23 frontier=       68 next=       23 consolidate=  0.026ms frontier=  0.003ms semisort=  0.033ms (keyed= 0.000ms group_by=  0.005ms per_group= 0.018ms)
[pe] round= 44 work=       23 frontier=      134 next=       23 consolidate=  0.036ms frontier=  0.004ms semisort=  0.063ms (keyed= 0.001ms group_by=  0.011ms per_group= 0.027ms)
[pe] round= 45 work=       23 frontier=      102 next=       31 consolidate=  0.033ms frontier=  0.003ms semisort=  0.057ms (keyed= 0.001ms group_by=  0.009ms per_group= 0.021ms)
[pe] round= 46 work=       31 frontier=       76 next=       23 consolidate=  0.031ms frontier=  0.004ms semisort=  0.037ms (keyed= 0.000ms group_by=  0.005ms per_group= 0.021ms)
[pe] round= 47 work=       23 frontier=       68 next=       23 consolidate=  0.022ms frontier=  0.004ms semisort=  0.027ms (keyed= 0.000ms group_by=  0.005ms per_group= 0.014ms)
[pe] round= 48 work=       23 frontier=       22 next=       11 consolidate=  0.019ms frontier=  0.003ms semisort=  0.011ms (keyed= 0.000ms group_by=  0.002ms per_group= 0.005ms)
[pe] round= 49 work=       11 frontier=       62 next=       11 consolidate=  0.034ms frontier=  0.003ms semisort=  0.027ms (keyed= 0.000ms group_by=  0.003ms per_group= 0.016ms)
[pe] round= 50 work=       11 frontier=       28 next=       11 consolidate=  0.016ms frontier=  0.002ms semisort=  0.009ms (keyed= 0.000ms group_by=  0.002ms per_group= 0.004ms)
[pe] round= 51 work=       11 frontier=       44 next=       11 consolidate=  0.015ms frontier=  0.002ms semisort=  0.010ms (keyed= 0.000ms group_by=  0.002ms per_group= 0.004ms)
[pe] round= 52 work=       11 frontier=       22 next=       11 consolidate=  0.012ms frontier=  0.002ms semisort=  0.009ms (keyed= 0.000ms group_by=  0.001ms per_group= 0.005ms)
[pe] round= 53 work=       11 frontier=       62 next=       11 consolidate=  0.013ms frontier=  0.002ms semisort=  0.027ms (keyed= 0.000ms group_by=  0.012ms per_group= 0.006ms)
[pe] round= 54 work=       11 frontier=       28 next=       11 consolidate=  0.016ms frontier=  0.002ms semisort=  0.011ms (keyed= 0.000ms group_by=  0.002ms per_group= 0.005ms)
[pe] round= 55 work=       11 frontier=       44 next=       11 consolidate=  0.029ms frontier=  0.002ms semisort=  0.012ms (keyed= 0.000ms group_by=  0.002ms per_group= 0.005ms)
[pe] round= 56 work=       11 frontier=       22 next=       11 consolidate=  0.021ms frontier=  0.002ms semisort=  0.009ms (keyed= 0.000ms group_by=  0.001ms per_group= 0.004ms)
[pe] round= 57 work=       11 frontier=       62 next=       11 consolidate=  0.020ms frontier=  0.002ms semisort=  0.017ms (keyed= 0.000ms group_by=  0.003ms per_group= 0.007ms)
[pe] round= 58 work=       11 frontier=       28 next=       11 consolidate=  0.037ms frontier=  0.002ms semisort=  0.016ms (keyed= 0.000ms group_by=  0.002ms per_group= 0.008ms)
[pe] round= 59 work=       11 frontier=       44 next=       11 consolidate=  0.022ms frontier=  0.002ms semisort=  0.012ms (keyed= 0.000ms group_by=  0.002ms per_group= 0.005ms)
[pe] round= 60 work=       11 frontier=       22 next=       11 consolidate=  0.011ms frontier=  0.002ms semisort=  0.007ms (keyed= 0.000ms group_by=  0.001ms per_group= 0.003ms)
[pe] round= 61 work=       11 frontier=       62 next=       11 consolidate=  0.025ms frontier=  0.002ms semisort=  0.016ms (keyed= 0.000ms group_by=  0.003ms per_group= 0.006ms)
[pe] round= 62 work=       11 frontier=       28 next=       11 consolidate=  0.018ms frontier=  0.002ms semisort=  0.020ms (keyed= 0.000ms group_by=  0.002ms per_group= 0.013ms)
[pe] round= 63 work=       11 frontier=       44 next=       11 consolidate=  0.014ms frontier=  0.002ms semisort=  0.013ms (keyed= 0.000ms group_by=  0.002ms per_group= 0.006ms)
[pe] round= 64 work=       11 frontier=       22 next=       11 consolidate=  0.014ms frontier=  0.002ms semisort=  0.010ms (keyed= 0.000ms group_by=  0.002ms per_group= 0.005ms)
[pe] round= 65 work=       11 frontier=       62 next=       11 consolidate=  0.019ms frontier=  0.002ms semisort=  0.017ms (keyed= 0.000ms group_by=  0.003ms per_group= 0.007ms)
[pe] round= 66 work=       11 frontier=       28 next=       11 consolidate=  0.018ms frontier=  0.002ms semisort=  0.018ms (keyed= 0.000ms group_by=  0.002ms per_group= 0.011ms)
[pe] round= 67 work=       11 frontier=       44 next=       11 consolidate=  0.029ms frontier=  0.002ms semisort=  0.012ms (keyed= 0.000ms group_by=  0.002ms per_group= 0.005ms)
[pe] round= 68 work=       11 frontier=       22 next=       11 consolidate=  0.027ms frontier=  0.002ms semisort=  0.010ms (keyed= 0.000ms group_by=  0.001ms per_group= 0.005ms)
[pe] round= 69 work=       11 frontier=       62 next=       11 consolidate=  0.037ms frontier=  0.002ms semisort=  0.017ms (keyed= 0.000ms group_by=  0.003ms per_group= 0.006ms)
[pe] round= 70 work=       11 frontier=       28 next=       11 consolidate=  0.015ms frontier=  0.002ms semisort=  0.011ms (keyed= 0.000ms group_by=  0.002ms per_group= 0.005ms)
[pe] round= 71 work=       11 frontier=       44 next=       11 consolidate=  0.022ms frontier=  0.002ms semisort=  0.012ms (keyed= 0.000ms group_by=  0.002ms per_group= 0.005ms)
[pe] round= 72 work=       11 frontier=       22 next=       11 consolidate=  0.020ms frontier=  0.002ms semisort=  0.009ms (keyed= 0.000ms group_by=  0.001ms per_group= 0.005ms)
[pe] round= 73 work=       11 frontier=       62 next=       11 consolidate=  0.014ms frontier=  0.002ms semisort=  0.017ms (keyed= 0.000ms group_by=  0.003ms per_group= 0.007ms)
[pe] round= 74 work=       11 frontier=       28 next=       11 consolidate=  0.024ms frontier=  0.002ms semisort=  0.011ms (keyed= 0.000ms group_by=  0.002ms per_group= 0.005ms)
[pe] round= 75 work=       11 frontier=       44 next=       11 consolidate=  0.023ms frontier=  0.002ms semisort=  0.012ms (keyed= 0.000ms group_by=  0.002ms per_group= 0.005ms)
[pe] round= 76 work=       11 frontier=       22 next=       11 consolidate=  0.012ms frontier=  0.002ms semisort=  0.007ms (keyed= 0.000ms group_by=  0.001ms per_group= 0.004ms)
[pe] round= 77 work=       11 frontier=       62 next=       11 consolidate=  0.012ms frontier=  0.002ms semisort=  0.023ms (keyed= 0.000ms group_by=  0.002ms per_group= 0.013ms)
[pe] round= 78 work=       11 frontier=       28 next=       11 consolidate=  0.020ms frontier=  0.002ms semisort=  0.011ms (keyed= 0.000ms group_by=  0.002ms per_group= 0.005ms)
[pe] round= 79 work=       11 frontier=       44 next=       11 consolidate=  0.020ms frontier=  0.002ms semisort=  0.013ms (keyed= 0.000ms group_by=  0.002ms per_group= 0.005ms)
[pe] round= 80 work=       11 frontier=       22 next=       11 consolidate=  0.036ms frontier=  0.002ms semisort=  0.009ms (keyed= 0.000ms group_by=  0.001ms per_group= 0.004ms)
[pe] round= 81 work=       11 frontier=       62 next=       11 consolidate=  0.022ms frontier=  0.002ms semisort=  0.025ms (keyed= 0.000ms group_by=  0.003ms per_group= 0.014ms)
[pe] round= 82 work=       11 frontier=       28 next=       11 consolidate=  0.023ms frontier=  0.002ms semisort=  0.022ms (keyed= 0.000ms group_by=  0.002ms per_group= 0.015ms)
[pe] round= 83 work=       11 frontier=       44 next=       11 consolidate=  0.022ms frontier=  0.002ms semisort=  0.012ms (keyed= 0.000ms group_by=  0.003ms per_group= 0.005ms)
[pe] round= 84 work=       11 frontier=       22 next=       11 consolidate=  0.015ms frontier=  0.002ms semisort=  0.010ms (keyed= 0.000ms group_by=  0.001ms per_group= 0.005ms)
[pe] round= 85 work=       11 frontier=       62 next=       11 consolidate=  0.015ms frontier=  0.002ms semisort=  0.020ms (keyed= 0.000ms group_by=  0.003ms per_group= 0.007ms)
[pe] round= 86 work=       11 frontier=       28 next=       11 consolidate=  0.030ms frontier=  0.002ms semisort=  0.011ms (keyed= 0.000ms group_by=  0.002ms per_group= 0.005ms)
[pe] round= 87 work=       11 frontier=       44 next=       11 consolidate=  0.027ms frontier=  0.002ms semisort=  0.012ms (keyed= 0.000ms group_by=  0.002ms per_group= 0.005ms)
[pe] round= 88 work=       11 frontier=       22 next=       11 consolidate=  0.020ms frontier=  0.002ms semisort=  0.025ms (keyed= 0.000ms group_by=  0.001ms per_group= 0.019ms)
[pe] round= 89 work=       11 frontier=       62 next=       11 consolidate=  0.023ms frontier=  0.002ms semisort=  0.017ms (keyed= 0.000ms group_by=  0.003ms per_group= 0.007ms)
[pe] round= 90 work=       11 frontier=       28 next=       11 consolidate=  0.035ms frontier=  0.002ms semisort=  0.011ms (keyed= 0.000ms group_by=  0.002ms per_group= 0.006ms)
[pe] round= 91 work=       11 frontier=       44 next=       11 consolidate=  0.015ms frontier=  0.002ms semisort=  0.008ms (keyed= 0.000ms group_by=  0.001ms per_group= 0.004ms)
[pe] round= 92 work=       11 frontier=       22 next=       11 consolidate=  0.011ms frontier=  0.002ms semisort=  0.007ms (keyed= 0.000ms group_by=  0.001ms per_group= 0.003ms)
[pe] round= 93 work=       11 frontier=       62 next=       11 consolidate=  0.021ms frontier=  0.002ms semisort=  0.026ms (keyed= 0.000ms group_by=  0.003ms per_group= 0.009ms)
[pe] round= 94 work=       11 frontier=       28 next=       11 consolidate=  0.014ms frontier=  0.002ms semisort=  0.011ms (keyed= 0.000ms group_by=  0.002ms per_group= 0.005ms)
[pe] round= 95 work=       11 frontier=       44 next=       11 consolidate=  0.024ms frontier=  0.002ms semisort=  0.013ms (keyed= 0.000ms group_by=  0.003ms per_group= 0.005ms)
[pe] round= 96 work=       11 frontier=       22 next=       11 consolidate=  0.020ms frontier=  0.002ms semisort=  0.009ms (keyed= 0.000ms group_by=  0.001ms per_group= 0.005ms)
[pe] round= 97 work=       11 frontier=       62 next=       11 consolidate=  0.020ms frontier=  0.002ms semisort=  0.033ms (keyed= 0.000ms group_by=  0.003ms per_group= 0.021ms)
[pe] round= 98 work=       11 frontier=       28 next=       11 consolidate=  0.019ms frontier=  0.002ms semisort=  0.008ms (keyed= 0.000ms group_by=  0.001ms per_group= 0.004ms)
[pe] round= 99 work=       11 frontier=       44 next=       11 consolidate=  0.016ms frontier=  0.002ms semisort=  0.011ms (keyed= 0.000ms group_by=  0.002ms per_group= 0.005ms)
[pe] round=100 work=       11 frontier=       22 next=       11 consolidate=  0.026ms frontier=  0.002ms semisort=  0.010ms (keyed= 0.000ms group_by=  0.001ms per_group= 0.005ms)
[pe] round=101 work=       11 frontier=       62 next=       11 consolidate=  0.020ms frontier=  0.002ms semisort=  0.026ms (keyed= 0.000ms group_by=  0.003ms per_group= 0.014ms)
[pe] round=102 work=       11 frontier=       28 next=       11 consolidate=  0.019ms frontier=  0.002ms semisort=  0.018ms (keyed= 0.000ms group_by=  0.002ms per_group= 0.011ms)
[pe] round=103 work=       11 frontier=       44 next=       11 consolidate=  0.030ms frontier=  0.002ms semisort=  0.012ms (keyed= 0.000ms group_by=  0.002ms per_group= 0.005ms)
[pe] round=104 work=       11 frontier=       22 next=       11 consolidate=  0.018ms frontier=  0.002ms semisort=  0.010ms (keyed= 0.000ms group_by=  0.001ms per_group= 0.005ms)
[pe] round=105 work=       11 frontier=       62 next=       11 consolidate=  0.021ms frontier=  0.002ms semisort=  0.030ms (keyed= 0.000ms group_by=  0.003ms per_group= 0.018ms)
[pe] round=106 work=       11 frontier=       28 next=       11 consolidate=  0.024ms frontier=  0.002ms semisort=  0.013ms (keyed= 0.000ms group_by=  0.002ms per_group= 0.006ms)
[pe] round=107 work=       11 frontier=       44 next=       11 consolidate=  0.021ms frontier=  0.002ms semisort=  0.013ms (keyed= 0.000ms group_by=  0.002ms per_group= 0.005ms)
[pe] round=108 work=       11 frontier=       22 next=       11 consolidate=  0.016ms frontier=  0.002ms semisort=  0.010ms (keyed= 0.000ms group_by=  0.002ms per_group= 0.005ms)
[pe] round=109 work=       11 frontier=       62 next=       11 consolidate=  0.017ms frontier=  0.002ms semisort=  0.017ms (keyed= 0.000ms group_by=  0.003ms per_group= 0.007ms)
[pe] round=110 work=       11 frontier=       28 next=       11 consolidate=  0.012ms frontier=  0.002ms semisort=  0.009ms (keyed= 0.000ms group_by=  0.002ms per_group= 0.004ms)
[pe] round=111 work=       11 frontier=       44 next=       11 consolidate=  0.018ms frontier=  0.002ms semisort=  0.009ms (keyed= 0.000ms group_by=  0.001ms per_group= 0.004ms)
[pe] round=112 work=       11 frontier=       22 next=       11 consolidate=  0.012ms frontier=  0.002ms semisort=  0.010ms (keyed= 0.000ms group_by=  0.001ms per_group= 0.005ms)
[pe] round=113 work=       11 frontier=       62 next=       11 consolidate=  0.022ms frontier=  0.003ms semisort=  0.018ms (keyed= 0.000ms group_by=  0.003ms per_group= 0.007ms)
[pe] round=114 work=       11 frontier=       28 next=       11 consolidate=  0.018ms frontier=  0.002ms semisort=  0.016ms (keyed= 0.000ms group_by=  0.002ms per_group= 0.009ms)
[pe] round=115 work=       11 frontier=       44 next=       11 consolidate=  0.016ms frontier=  0.002ms semisort=  0.012ms (keyed= 0.000ms group_by=  0.002ms per_group= 0.005ms)
[pe] round=116 work=       11 frontier=       22 next=       11 consolidate=  0.013ms frontier=  0.002ms semisort=  0.010ms (keyed= 0.000ms group_by=  0.001ms per_group= 0.005ms)
[pe] round=117 work=       11 frontier=       62 next=       11 consolidate=  0.013ms frontier=  0.002ms semisort=  0.014ms (keyed= 0.000ms group_by=  0.002ms per_group= 0.006ms)
[pe] round=118 work=       11 frontier=       28 next=       11 consolidate=  0.012ms frontier=  0.002ms semisort=  0.009ms (keyed= 0.000ms group_by=  0.001ms per_group= 0.004ms)
[pe] round=119 work=       11 frontier=       44 next=       11 consolidate=  0.025ms frontier=  0.002ms semisort=  0.012ms (keyed= 0.000ms group_by=  0.002ms per_group= 0.005ms)
[pe] round=120 work=       11 frontier=       22 next=       11 consolidate=  0.021ms frontier=  0.002ms semisort=  0.009ms (keyed= 0.000ms group_by=  0.001ms per_group= 0.005ms)
[pe] round=121 work=       11 frontier=       62 next=       11 consolidate=  0.019ms frontier=  0.002ms semisort=  0.017ms (keyed= 0.000ms group_by=  0.003ms per_group= 0.007ms)
[pe] round=122 work=       11 frontier=       28 next=       11 consolidate=  0.019ms frontier=  0.002ms semisort=  0.020ms (keyed= 0.000ms group_by=  0.002ms per_group= 0.013ms)
[pe] round=123 work=       11 frontier=       44 next=       11 consolidate=  0.018ms frontier=  0.003ms semisort=  0.012ms (keyed= 0.000ms group_by=  0.002ms per_group= 0.005ms)
[pe] round=124 work=       11 frontier=       22 next=       11 consolidate=  0.026ms frontier=  0.002ms semisort=  0.009ms (keyed= 0.000ms group_by=  0.001ms per_group= 0.005ms)
[pe] round=125 work=       11 frontier=       62 next=       11 consolidate=  0.022ms frontier=  0.002ms semisort=  0.027ms (keyed= 0.000ms group_by=  0.003ms per_group= 0.015ms)
[pe] round=126 work=       11 frontier=       28 next=       11 consolidate=  0.014ms frontier=  0.002ms semisort=  0.008ms (keyed= 0.000ms group_by=  0.001ms per_group= 0.004ms)
[pe] round=127 work=       11 frontier=       44 next=       11 consolidate=  0.022ms frontier=  0.002ms semisort=  0.013ms (keyed= 0.000ms group_by=  0.003ms per_group= 0.005ms)
[pe] round=128 work=       11 frontier=       22 next=       11 consolidate=  0.021ms frontier=  0.002ms semisort=  0.009ms (keyed= 0.000ms group_by=  0.001ms per_group= 0.005ms)
[pe] round=129 work=       11 frontier=       62 next=       11 consolidate=  0.023ms frontier=  0.002ms semisort=  0.035ms (keyed= 0.000ms group_by=  0.003ms per_group= 0.023ms)
[pe] round=130 work=       11 frontier=       28 next=       11 consolidate=  0.031ms frontier=  0.002ms semisort=  0.012ms (keyed= 0.000ms group_by=  0.002ms per_group= 0.005ms)
[pe] round=131 work=       11 frontier=       44 next=       11 consolidate=  0.017ms frontier=  0.002ms semisort=  0.013ms (keyed= 0.000ms group_by=  0.003ms per_group= 0.005ms)
[pe] round=132 work=       11 frontier=       22 next=       11 consolidate=  0.021ms frontier=  0.002ms semisort=  0.007ms (keyed= 0.000ms group_by=  0.001ms per_group= 0.004ms)
[pe] round=133 work=       11 frontier=       62 next=       11 consolidate=  0.015ms frontier=  0.002ms semisort=  0.013ms (keyed= 0.000ms group_by=  0.002ms per_group= 0.005ms)
[pe] round=134 work=       11 frontier=       28 next=       11 consolidate=  0.016ms frontier=  0.002ms semisort=  0.018ms (keyed= 0.000ms group_by=  0.002ms per_group= 0.011ms)
[pe] round=135 work=       11 frontier=       44 next=       11 consolidate=  0.018ms frontier=  0.002ms semisort=  0.012ms (keyed= 0.000ms group_by=  0.002ms per_group= 0.005ms)
[pe] round=136 work=       11 frontier=       22 next=       11 consolidate=  0.031ms frontier=  0.003ms semisort=  0.009ms (keyed= 0.000ms group_by=  0.001ms per_group= 0.005ms)
[pe] round=137 work=       11 frontier=       62 next=       11 consolidate=  0.019ms frontier=  0.002ms semisort=  0.027ms (keyed= 0.000ms group_by=  0.003ms per_group= 0.015ms)
[pe] round=138 work=       11 frontier=       28 next=       11 consolidate=  0.018ms frontier=  0.003ms semisort=  0.011ms (keyed= 0.000ms group_by=  0.002ms per_group= 0.005ms)
[pe] round=139 work=       11 frontier=       44 next=       11 consolidate=  0.019ms frontier=  0.002ms semisort=  0.010ms (keyed= 0.000ms group_by=  0.002ms per_group= 0.004ms)
[pe] round=140 work=       11 frontier=       22 next=       11 consolidate=  0.015ms frontier=  0.002ms semisort=  0.007ms (keyed= 0.000ms group_by=  0.001ms per_group= 0.003ms)
[pe] round=141 work=       11 frontier=       62 next=       11 consolidate=  0.023ms frontier=  0.002ms semisort=  0.017ms (keyed= 0.000ms group_by=  0.003ms per_group= 0.007ms)
[pe] round=142 work=       11 frontier=       28 next=       11 consolidate=  0.030ms frontier=  0.002ms semisort=  0.012ms (keyed= 0.001ms group_by=  0.002ms per_group= 0.006ms)
[pe] round=143 work=       11 frontier=       44 next=       11 consolidate=  0.023ms frontier=  0.002ms semisort=  0.013ms (keyed= 0.000ms group_by=  0.002ms per_group= 0.005ms)
[pe] round=144 work=       11 frontier=       22 next=       11 consolidate=  0.016ms frontier=  0.002ms semisort=  0.009ms (keyed= 0.000ms group_by=  0.001ms per_group= 0.004ms)
[pe] round=145 work=       11 frontier=       62 next=       11 consolidate=  0.025ms frontier=  0.002ms semisort=  0.028ms (keyed= 0.000ms group_by=  0.003ms per_group= 0.016ms)
[pe] round=146 work=       11 frontier=       28 next=       11 consolidate=  0.013ms frontier=  0.002ms semisort=  0.013ms (keyed= 0.000ms group_by=  0.002ms per_group= 0.006ms)
[pe] round=147 work=       11 frontier=       44 next=       11 consolidate=  0.024ms frontier=  0.002ms semisort=  0.013ms (keyed= 0.000ms group_by=  0.003ms per_group= 0.005ms)
[pe] round=148 work=       11 frontier=       22 next=       11 consolidate=  0.011ms frontier=  0.002ms semisort=  0.010ms (keyed= 0.000ms group_by=  0.001ms per_group= 0.005ms)
[pe] round=149 work=       11 frontier=       62 next=       11 consolidate=  0.021ms frontier=  0.002ms semisort=  0.016ms (keyed= 0.000ms group_by=  0.003ms per_group= 0.006ms)
[pe] round=150 work=       11 frontier=       28 next=       11 consolidate=  0.012ms frontier=  0.002ms semisort=  0.011ms (keyed= 0.000ms group_by=  0.002ms per_group= 0.005ms)
[pe] round=151 work=       11 frontier=       44 next=       11 consolidate=  0.017ms frontier=  0.002ms semisort=  0.009ms (keyed= 0.000ms group_by=  0.001ms per_group= 0.004ms)
[pe] round=152 work=       11 frontier=       22 next=       11 consolidate=  0.015ms frontier=  0.001ms semisort=  0.006ms (keyed= 0.000ms group_by=  0.001ms per_group= 0.003ms)
[pe] round=153 work=       11 frontier=       62 next=       11 consolidate=  0.025ms frontier=  0.003ms semisort=  0.019ms (keyed= 0.000ms group_by=  0.003ms per_group= 0.007ms)
[pe] round=154 work=       11 frontier=       28 next=       11 consolidate=  0.025ms frontier=  0.002ms semisort=  0.011ms (keyed= 0.000ms group_by=  0.002ms per_group= 0.005ms)
[pe] round=155 work=       11 frontier=       44 next=       11 consolidate=  0.024ms frontier=  0.002ms semisort=  0.017ms (keyed= 0.000ms group_by=  0.002ms per_group= 0.009ms)
[pe] round=156 work=       11 frontier=       22 next=       11 consolidate=  0.022ms frontier=  0.002ms semisort=  0.009ms (keyed= 0.000ms group_by=  0.001ms per_group= 0.004ms)
[pe] round=157 work=       11 frontier=       62 next=       11 consolidate=  0.023ms frontier=  0.002ms semisort=  0.027ms (keyed= 0.000ms group_by=  0.004ms per_group= 0.007ms)
[pe] round=158 work=       11 frontier=       28 next=       11 consolidate=  0.019ms frontier=  0.002ms semisort=  0.016ms (keyed= 0.000ms group_by=  0.002ms per_group= 0.010ms)
[pe] round=159 work=       11 frontier=       44 next=       11 consolidate=  0.030ms frontier=  0.002ms semisort=  0.013ms (keyed= 0.000ms group_by=  0.002ms per_group= 0.005ms)
[pe] round=160 work=       11 frontier=       22 next=       11 consolidate=  0.017ms frontier=  0.003ms semisort=  0.010ms (keyed= 0.000ms group_by=  0.001ms per_group= 0.004ms)
[pe] round=161 work=       11 frontier=       62 next=       11 consolidate=  0.013ms frontier=  0.002ms semisort=  0.030ms (keyed= 0.000ms group_by=  0.003ms per_group= 0.018ms)
[pe] round=162 work=       11 frontier=       28 next=       11 consolidate=  0.025ms frontier=  0.002ms semisort=  0.015ms (keyed= 0.000ms group_by=  0.002ms per_group= 0.008ms)
[pe] round=163 work=       11 frontier=       44 next=       11 consolidate=  0.017ms frontier=  0.002ms semisort=  0.013ms (keyed= 0.000ms group_by=  0.003ms per_group= 0.005ms)
[pe] round=164 work=       11 frontier=       22 next=       11 consolidate=  0.022ms frontier=  0.002ms semisort=  0.009ms (keyed= 0.000ms group_by=  0.001ms per_group= 0.005ms)
[pe] round=165 work=       11 frontier=       62 next=       11 consolidate=  0.018ms frontier=  0.002ms semisort=  0.024ms (keyed= 0.000ms group_by=  0.002ms per_group= 0.016ms)
[pe] round=166 work=       11 frontier=       28 next=       11 consolidate=  0.013ms frontier=  0.002ms semisort=  0.010ms (keyed= 0.000ms group_by=  0.002ms per_group= 0.005ms)
[pe] round=167 work=       11 frontier=       44 next=       11 consolidate=  0.019ms frontier=  0.002ms semisort=  0.013ms (keyed= 0.000ms group_by=  0.003ms per_group= 0.005ms)
[pe] round=168 work=       11 frontier=       22 next=       11 consolidate=  0.019ms frontier=  0.002ms semisort=  0.009ms (keyed= 0.000ms group_by=  0.001ms per_group= 0.005ms)
[pe] round=169 work=       11 frontier=       62 next=       11 consolidate=  0.028ms frontier=  0.002ms semisort=  0.018ms (keyed= 0.000ms group_by=  0.003ms per_group= 0.007ms)
[pe] round=170 work=       11 frontier=       28 next=       11 consolidate=  0.028ms frontier=  0.002ms semisort=  0.015ms (keyed= 0.000ms group_by=  0.002ms per_group= 0.009ms)
[pe] round=171 work=       11 frontier=       44 next=       11 consolidate=  0.016ms frontier=  0.001ms semisort=  0.011ms (keyed= 0.000ms group_by=  0.002ms per_group= 0.005ms)
[pe] round=172 work=       11 frontier=       22 next=       11 consolidate=  0.013ms frontier=  0.002ms semisort=  0.009ms (keyed= 0.000ms group_by=  0.001ms per_group= 0.004ms)
[pe] round=173 work=       11 frontier=       62 next=       11 consolidate=  0.025ms frontier=  0.002ms semisort=  0.025ms (keyed= 0.000ms group_by=  0.003ms per_group= 0.013ms)
[pe] round=174 work=       11 frontier=       28 next=       11 consolidate=  0.018ms frontier=  0.002ms semisort=  0.013ms (keyed= 0.000ms group_by=  0.002ms per_group= 0.007ms)
[pe] round=175 work=       11 frontier=       44 next=       11 consolidate=  0.022ms frontier=  0.002ms semisort=  0.012ms (keyed= 0.000ms group_by=  0.003ms per_group= 0.005ms)
[pe] round=176 work=       11 frontier=       22 next=       11 consolidate=  0.014ms frontier=  0.002ms semisort=  0.007ms (keyed= 0.000ms group_by=  0.001ms per_group= 0.003ms)
[pe] round=177 work=       11 frontier=       62 next=       11 consolidate=  0.016ms frontier=  0.002ms semisort=  0.013ms (keyed= 0.000ms group_by=  0.002ms per_group= 0.005ms)
[pe] round=178 work=       11 frontier=       28 next=       11 consolidate=  0.026ms frontier=  0.002ms semisort=  0.015ms (keyed= 0.000ms group_by=  0.002ms per_group= 0.007ms)
[pe] round=179 work=       11 frontier=       44 next=       11 consolidate=  0.013ms frontier=  0.002ms semisort=  0.021ms (keyed= 0.000ms group_by=  0.002ms per_group= 0.013ms)
[pe] round=180 work=       11 frontier=       22 next=       11 consolidate=  0.024ms frontier=  0.002ms semisort=  0.010ms (keyed= 0.000ms group_by=  0.001ms per_group= 0.005ms)
[pe] round=181 work=       11 frontier=       62 next=       11 consolidate=  0.018ms frontier=  0.002ms semisort=  0.018ms (keyed= 0.000ms group_by=  0.003ms per_group= 0.007ms)
[pe] round=182 work=       11 frontier=       28 next=       11 consolidate=  0.016ms frontier=  0.002ms semisort=  0.015ms (keyed= 0.000ms group_by=  0.002ms per_group= 0.008ms)
[pe] round=183 work=       11 frontier=       44 next=       11 consolidate=  0.025ms frontier=  0.002ms semisort=  0.012ms (keyed= 0.000ms group_by=  0.002ms per_group= 0.005ms)
[pe] round=184 work=       11 frontier=       22 next=       11 consolidate=  0.033ms frontier=  0.002ms semisort=  0.015ms (keyed= 0.000ms group_by=  0.007ms per_group= 0.005ms)
[pe] round=185 work=       11 frontier=       62 next=       11 consolidate=  0.030ms frontier=  0.002ms semisort=  0.032ms (keyed= 0.000ms group_by=  0.003ms per_group= 0.020ms)
[pe] round=186 work=       11 frontier=       28 next=       11 consolidate=  0.015ms frontier=  0.002ms semisort=  0.008ms (keyed= 0.000ms group_by=  0.001ms per_group= 0.004ms)
[pe] round=187 work=       11 frontier=       44 next=       11 consolidate=  0.022ms frontier=  0.002ms semisort=  0.013ms (keyed= 0.000ms group_by=  0.003ms per_group= 0.005ms)
[pe] round=188 work=       11 frontier=       22 next=       11 consolidate=  0.021ms frontier=  0.002ms semisort=  0.010ms (keyed= 0.000ms group_by=  0.001ms per_group= 0.004ms)
[pe] round=189 work=       11 frontier=       62 next=       11 consolidate=  0.013ms frontier=  0.002ms semisort=  0.018ms (keyed= 0.000ms group_by=  0.003ms per_group= 0.008ms)
[pe] round=190 work=       11 frontier=       28 next=       11 consolidate=  0.017ms frontier=  0.002ms semisort=  0.011ms (keyed= 0.000ms group_by=  0.002ms per_group= 0.005ms)
[pe] round=191 work=       11 frontier=       44 next=       11 consolidate=  0.021ms frontier=  0.002ms semisort=  0.013ms (keyed= 0.000ms group_by=  0.002ms per_group= 0.005ms)
[pe] round=192 work=       11 frontier=       22 next=       11 consolidate=  0.016ms frontier=  0.002ms semisort=  0.007ms (keyed= 0.000ms group_by=  0.001ms per_group= 0.003ms)
[pe] round=193 work=       11 frontier=       62 next=       11 consolidate=  0.013ms frontier=  0.002ms semisort=  0.013ms (keyed= 0.000ms group_by=  0.002ms per_group= 0.005ms)
[pe] round=194 work=       11 frontier=       28 next=       11 consolidate=  0.023ms frontier=  0.002ms semisort=  0.015ms (keyed= 0.000ms group_by=  0.002ms per_group= 0.008ms)
[pe] round=195 work=       11 frontier=       44 next=       11 consolidate=  0.021ms frontier=  0.002ms semisort=  0.012ms (keyed= 0.000ms group_by=  0.002ms per_group= 0.005ms)
[pe] round=196 work=       11 frontier=       22 next=       11 consolidate=  0.021ms frontier=  0.002ms semisort=  0.009ms (keyed= 0.000ms group_by=  0.001ms per_group= 0.005ms)
[pe] round=197 work=       11 frontier=       62 next=       11 consolidate=  0.017ms frontier=  0.002ms semisort=  0.024ms (keyed= 0.000ms group_by=  0.003ms per_group= 0.012ms)
[pe] round=198 work=       11 frontier=       28 next=       11 consolidate=  0.020ms frontier=  0.002ms semisort=  0.011ms (keyed= 0.000ms group_by=  0.002ms per_group= 0.005ms)
[pe] round=199 work=       11 frontier=       44 next=       11 consolidate=  0.026ms frontier=  0.002ms semisort=  0.013ms (keyed= 0.000ms group_by=  0.003ms per_group= 0.005ms)
[pe] round=200 work=       11 frontier=       22 next=       11 consolidate=  0.013ms frontier=  0.002ms semisort=  0.027ms (keyed= 0.000ms group_by=  0.002ms per_group= 0.006ms)
[pe] round=201 work=       11 frontier=       62 next=       11 consolidate=  0.020ms frontier=  0.002ms semisort=  0.023ms (keyed= 0.000ms group_by=  0.004ms per_group= 0.011ms)
[pe] round=202 work=       11 frontier=       28 next=       11 consolidate=  0.017ms frontier=  0.002ms semisort=  0.011ms (keyed= 0.000ms group_by=  0.002ms per_group= 0.006ms)
[pe] round=203 work=       11 frontier=       44 next=       11 consolidate=  0.012ms frontier=  0.002ms semisort=  0.013ms (keyed= 0.000ms group_by=  0.003ms per_group= 0.005ms)
[pe] round=204 work=       11 frontier=       22 next=       11 consolidate=  0.020ms frontier=  0.002ms semisort=  0.009ms (keyed= 0.000ms group_by=  0.001ms per_group= 0.005ms)
[pe] round=205 work=       11 frontier=       62 next=       11 consolidate=  0.019ms frontier=  0.002ms semisort=  0.031ms (keyed= 0.000ms group_by=  0.003ms per_group= 0.019ms)
[pe] round=206 work=       11 frontier=       28 next=       11 consolidate=  0.011ms frontier=  0.001ms semisort=  0.009ms (keyed= 0.000ms group_by=  0.001ms per_group= 0.005ms)
[pe] round=207 work=       11 frontier=       44 next=       11 consolidate=  0.027ms frontier=  0.002ms semisort=  0.012ms (keyed= 0.000ms group_by=  0.003ms per_group= 0.005ms)
[pe] round=208 work=       11 frontier=       22 next=       11 consolidate=  0.034ms frontier=  0.002ms semisort=  0.010ms (keyed= 0.000ms group_by=  0.001ms per_group= 0.005ms)
[pe] round=209 work=       11 frontier=       70 next=       11 consolidate=  0.015ms frontier=  0.002ms semisort=  0.062ms (keyed= 0.001ms group_by=  0.006ms per_group= 0.034ms)
[pe] round=210 work=       11 frontier=       28 next=        7 consolidate=  0.026ms frontier=  0.002ms semisort=  0.012ms (keyed= 0.001ms group_by=  0.002ms per_group= 0.004ms)
[pe] round=211 work=        7 frontier=       28 next=        7 consolidate=  0.019ms frontier=  0.002ms semisort=  0.009ms (keyed= 0.000ms group_by=  0.002ms per_group= 0.004ms)
[pe] round=212 work=        7 frontier=       14 next=        7 consolidate=  0.021ms frontier=  0.002ms semisort=  0.007ms (keyed= 0.000ms group_by=  0.001ms per_group= 0.003ms)
[pe] round=213 work=        7 frontier=       46 next=        7 consolidate=  0.009ms frontier=  0.001ms semisort=  0.013ms (keyed= 0.000ms group_by=  0.002ms per_group= 0.004ms)
[pe] round=214 work=        7 frontier=       20 next=        7 consolidate=  0.010ms frontier=  0.001ms semisort=  0.006ms (keyed= 0.000ms group_by=  0.001ms per_group= 0.003ms)
[pe] round=215 work=        7 frontier=       28 next=        7 consolidate=  0.009ms frontier=  0.002ms semisort=  0.006ms (keyed= 0.000ms group_by=  0.001ms per_group= 0.002ms)
[pe] round=216 work=        7 frontier=       14 next=        7 consolidate=  0.008ms frontier=  0.001ms semisort=  0.004ms (keyed= 0.000ms group_by=  0.001ms per_group= 0.002ms)
[pe] round=217 work=        7 frontier=       46 next=        7 consolidate=  0.014ms frontier=  0.002ms semisort=  0.016ms (keyed= 0.000ms group_by=  0.002ms per_group= 0.007ms)
[pe] round=218 work=        7 frontier=       20 next=        7 consolidate=  0.016ms frontier=  0.002ms semisort=  0.009ms (keyed= 0.000ms group_by=  0.002ms per_group= 0.004ms)
[pe] round=219 work=        7 frontier=       28 next=        7 consolidate=  0.020ms frontier=  0.002ms semisort=  0.009ms (keyed= 0.000ms group_by=  0.001ms per_group= 0.004ms)
[pe] round=220 work=        7 frontier=       14 next=        7 consolidate=  0.014ms frontier=  0.002ms semisort=  0.007ms (keyed= 0.000ms group_by=  0.001ms per_group= 0.003ms)
[pe] round=221 work=        7 frontier=       46 next=        7 consolidate=  0.021ms frontier=  0.002ms semisort=  0.023ms (keyed= 0.000ms group_by=  0.010ms per_group= 0.005ms)
[pe] round=222 work=        7 frontier=       20 next=        7 consolidate=  0.016ms frontier=  0.001ms semisort=  0.006ms (keyed= 0.000ms group_by=  0.001ms per_group= 0.003ms)
[pe] round=223 work=        7 frontier=       28 next=        7 consolidate=  0.010ms frontier=  0.001ms semisort=  0.006ms (keyed= 0.000ms group_by=  0.001ms per_group= 0.003ms)
[pe] round=224 work=        7 frontier=       14 next=        7 consolidate=  0.009ms frontier=  0.001ms semisort=  0.005ms (keyed= 0.000ms group_by=  0.001ms per_group= 0.002ms)
[pe] round=225 work=        7 frontier=       46 next=        7 consolidate=  0.015ms frontier=  0.002ms semisort=  0.030ms (keyed= 0.000ms group_by=  0.002ms per_group= 0.019ms)
[pe] round=226 work=        7 frontier=       20 next=        7 consolidate=  0.013ms frontier=  0.002ms semisort=  0.008ms (keyed= 0.000ms group_by=  0.001ms per_group= 0.003ms)
[pe] round=227 work=        7 frontier=       28 next=        7 consolidate=  0.013ms frontier=  0.001ms semisort=  0.008ms (keyed= 0.000ms group_by=  0.002ms per_group= 0.003ms)
[pe] round=228 work=        7 frontier=       14 next=        7 consolidate=  0.016ms frontier=  0.002ms semisort=  0.007ms (keyed= 0.000ms group_by=  0.001ms per_group= 0.004ms)
[pe] round=229 work=        7 frontier=       46 next=        7 consolidate=  0.030ms frontier=  0.002ms semisort=  0.018ms (keyed= 0.000ms group_by=  0.002ms per_group= 0.009ms)
[pe] round=230 work=        7 frontier=       20 next=        7 consolidate=  0.014ms frontier=  0.001ms semisort=  0.007ms (keyed= 0.000ms group_by=  0.001ms per_group= 0.003ms)
[pe] round=231 work=        7 frontier=       28 next=        7 consolidate=  0.009ms frontier=  0.001ms semisort=  0.006ms (keyed= 0.000ms group_by=  0.001ms per_group= 0.002ms)
[pe] round=232 work=        7 frontier=       14 next=        7 consolidate=  0.008ms frontier=  0.001ms semisort=  0.004ms (keyed= 0.000ms group_by=  0.001ms per_group= 0.002ms)
[pe] round=233 work=        7 frontier=       46 next=        7 consolidate=  0.010ms frontier=  0.001ms semisort=  0.016ms (keyed= 0.000ms group_by=  0.002ms per_group= 0.007ms)
[pe] round=234 work=        7 frontier=       20 next=        7 consolidate=  0.013ms frontier=  0.002ms semisort=  0.009ms (keyed= 0.000ms group_by=  0.002ms per_group= 0.004ms)
[pe] round=235 work=        7 frontier=       28 next=        7 consolidate=  0.010ms frontier=  0.001ms semisort=  0.008ms (keyed= 0.000ms group_by=  0.002ms per_group= 0.004ms)
[pe] round=236 work=        7 frontier=       14 next=        7 consolidate=  0.014ms frontier=  0.002ms semisort=  0.007ms (keyed= 0.000ms group_by=  0.001ms per_group= 0.003ms)
[pe] round=237 work=        7 frontier=       46 next=        7 consolidate=  0.020ms frontier=  0.002ms semisort=  0.016ms (keyed= 0.000ms group_by=  0.002ms per_group= 0.006ms)
[pe] round=238 work=        7 frontier=       20 next=        7 consolidate=  0.019ms frontier=  0.001ms semisort=  0.007ms (keyed= 0.000ms group_by=  0.001ms per_group= 0.003ms)
[pe] round=239 work=        7 frontier=       28 next=        7 consolidate=  0.012ms frontier=  0.001ms semisort=  0.006ms (keyed= 0.000ms group_by=  0.001ms per_group= 0.003ms)
[pe] round=240 work=        7 frontier=       14 next=        7 consolidate=  0.010ms frontier=  0.001ms semisort=  0.007ms (keyed= 0.000ms group_by=  0.001ms per_group= 0.003ms)
[pe] round=241 work=        7 frontier=       46 next=        7 consolidate=  0.014ms frontier=  0.002ms semisort=  0.023ms (keyed= 0.000ms group_by=  0.003ms per_group= 0.013ms)
[pe] round=242 work=        7 frontier=       20 next=        7 consolidate=  0.021ms frontier=  0.002ms semisort=  0.009ms (keyed= 0.000ms group_by=  0.002ms per_group= 0.004ms)
[pe] round=243 work=        7 frontier=       28 next=        7 consolidate=  0.016ms frontier=  0.002ms semisort=  0.009ms (keyed= 0.000ms group_by=  0.002ms per_group= 0.003ms)
[pe] round=244 work=        7 frontier=       14 next=        7 consolidate=  0.016ms frontier=  0.002ms semisort=  0.007ms (keyed= 0.000ms group_by=  0.001ms per_group= 0.003ms)
[pe] round=245 work=        7 frontier=       46 next=        7 consolidate=  0.017ms frontier=  0.002ms semisort=  0.014ms (keyed= 0.000ms group_by=  0.003ms per_group= 0.005ms)
[pe] round=246 work=        7 frontier=       20 next=        7 consolidate=  0.017ms frontier=  0.002ms semisort=  0.006ms (keyed= 0.000ms group_by=  0.001ms per_group= 0.003ms)
[pe] round=247 work=        7 frontier=       28 next=        7 consolidate=  0.011ms frontier=  0.001ms semisort=  0.006ms (keyed= 0.000ms group_by=  0.001ms per_group= 0.002ms)
[pe] round=248 work=        7 frontier=       14 next=        7 consolidate=  0.010ms frontier=  0.002ms semisort=  0.006ms (keyed= 0.000ms group_by=  0.001ms per_group= 0.003ms)
[pe] round=249 work=        7 frontier=       46 next=        7 consolidate=  0.021ms frontier=  0.002ms semisort=  0.016ms (keyed= 0.000ms group_by=  0.002ms per_group= 0.006ms)
[pe] round=250 work=        7 frontier=       20 next=        7 consolidate=  0.028ms frontier=  0.002ms semisort=  0.009ms (keyed= 0.000ms group_by=  0.002ms per_group= 0.004ms)
[pe] round=251 work=        7 frontier=       28 next=        7 consolidate=  0.014ms frontier=  0.002ms semisort=  0.010ms (keyed= 0.000ms group_by=  0.002ms per_group= 0.004ms)
[pe] round=252 work=        7 frontier=       14 next=        7 consolidate=  0.014ms frontier=  0.002ms semisort=  0.007ms (keyed= 0.000ms group_by=  0.001ms per_group= 0.004ms)
[pe] round=253 work=        7 frontier=       46 next=        7 consolidate=  0.014ms frontier=  0.002ms semisort=  0.011ms (keyed= 0.000ms group_by=  0.002ms per_group= 0.003ms)
[pe] round=254 work=        7 frontier=       20 next=        7 consolidate=  0.009ms frontier=  0.001ms semisort=  0.006ms (keyed= 0.000ms group_by=  0.001ms per_group= 0.002ms)
[pe] round=255 work=        7 frontier=       28 next=        7 consolidate=  0.012ms frontier=  0.001ms semisort=  0.006ms (keyed= 0.000ms group_by=  0.001ms per_group= 0.003ms)
[pe] round=256 work=        7 frontier=       14 next=        7 consolidate=  0.009ms frontier=  0.002ms semisort=  0.006ms (keyed= 0.000ms group_by=  0.001ms per_group= 0.003ms)
[pe] round=257 work=        7 frontier=       46 next=        7 consolidate=  0.015ms frontier=  0.002ms semisort=  0.014ms (keyed= 0.000ms group_by=  0.002ms per_group= 0.005ms)
[pe] round=258 work=        7 frontier=       20 next=        7 consolidate=  0.018ms frontier=  0.002ms semisort=  0.008ms (keyed= 0.000ms group_by=  0.001ms per_group= 0.004ms)
[pe] round=259 work=        7 frontier=       28 next=        7 consolidate=  0.013ms frontier=  0.002ms semisort=  0.008ms (keyed= 0.000ms group_by=  0.001ms per_group= 0.003ms)
[pe] round=260 work=        7 frontier=       14 next=        7 consolidate=  0.017ms frontier=  0.002ms semisort=  0.007ms (keyed= 0.000ms group_by=  0.001ms per_group= 0.003ms)
[pe] round=261 work=        7 frontier=       46 next=        7 consolidate=  0.015ms frontier=  0.002ms semisort=  0.013ms (keyed= 0.000ms group_by=  0.002ms per_group= 0.004ms)
[pe] round=262 work=        7 frontier=       20 next=        7 consolidate=  0.010ms frontier=  0.001ms semisort=  0.008ms (keyed= 0.000ms group_by=  0.001ms per_group= 0.004ms)
[pe] round=263 work=        7 frontier=       28 next=        7 consolidate=  0.013ms frontier=  0.001ms semisort=  0.008ms (keyed= 0.000ms group_by=  0.001ms per_group= 0.003ms)
[pe] round=264 work=        7 frontier=       14 next=        7 consolidate=  0.014ms frontier=  0.001ms semisort=  0.007ms (keyed= 0.000ms group_by=  0.001ms per_group= 0.003ms)
[pe] round=265 work=        7 frontier=       46 next=        7 consolidate=  0.019ms frontier=  0.002ms semisort=  0.022ms (keyed= 0.000ms group_by=  0.003ms per_group= 0.011ms)
[pe] round=266 work=        7 frontier=       20 next=        7 consolidate=  0.012ms frontier=  0.001ms semisort=  0.009ms (keyed= 0.000ms group_by=  0.002ms per_group= 0.004ms)
[pe] round=267 work=        7 frontier=       28 next=        7 consolidate=  0.010ms frontier=  0.001ms semisort=  0.008ms (keyed= 0.000ms group_by=  0.002ms per_group= 0.004ms)
[pe] round=268 work=        7 frontier=       14 next=        7 consolidate=  0.016ms frontier=  0.002ms semisort=  0.007ms (keyed= 0.000ms group_by=  0.001ms per_group= 0.003ms)
[pe] round=269 work=        7 frontier=       46 next=        7 consolidate=  0.016ms frontier=  0.002ms semisort=  0.014ms (keyed= 0.000ms group_by=  0.003ms per_group= 0.005ms)
[pe] round=270 work=        7 frontier=       20 next=        7 consolidate=  0.010ms frontier=  0.001ms semisort=  0.009ms (keyed= 0.000ms group_by=  0.002ms per_group= 0.004ms)
[pe] round=271 work=        7 frontier=       28 next=        7 consolidate=  0.015ms frontier=  0.002ms semisort=  0.009ms (keyed= 0.000ms group_by=  0.001ms per_group= 0.004ms)
[pe] round=272 work=        7 frontier=       14 next=        7 consolidate=  0.023ms frontier=  0.002ms semisort=  0.007ms (keyed= 0.000ms group_by=  0.001ms per_group= 0.003ms)
[pe] round=273 work=        7 frontier=       46 next=        7 consolidate=  0.017ms frontier=  0.002ms semisort=  0.013ms (keyed= 0.000ms group_by=  0.002ms per_group= 0.005ms)
[pe] round=274 work=        7 frontier=       20 next=        7 consolidate=  0.008ms frontier=  0.001ms semisort=  0.006ms (keyed= 0.000ms group_by=  0.001ms per_group= 0.003ms)
[pe] round=275 work=        7 frontier=       28 next=        7 consolidate=  0.010ms frontier=  0.001ms semisort=  0.006ms (keyed= 0.000ms group_by=  0.001ms per_group= 0.002ms)
[pe] round=276 work=        7 frontier=       14 next=        7 consolidate=  0.018ms frontier=  0.001ms semisort=  0.006ms (keyed= 0.000ms group_by=  0.001ms per_group= 0.003ms)
[pe] round=277 work=        7 frontier=       46 next=        7 consolidate=  0.028ms frontier=  0.002ms semisort=  0.024ms (keyed= 0.000ms group_by=  0.002ms per_group= 0.015ms)
[pe] round=278 work=        7 frontier=       20 next=        7 consolidate=  0.020ms frontier=  0.002ms semisort=  0.009ms (keyed= 0.000ms group_by=  0.002ms per_group= 0.004ms)
[pe] round=279 work=        7 frontier=       28 next=        7 consolidate=  0.013ms frontier=  0.001ms semisort=  0.009ms (keyed= 0.000ms group_by=  0.002ms per_group= 0.003ms)
[pe] round=280 work=        7 frontier=       14 next=        7 consolidate=  0.010ms frontier=  0.001ms semisort=  0.006ms (keyed= 0.000ms group_by=  0.001ms per_group= 0.003ms)
[pe] round=281 work=        7 frontier=       46 next=        7 consolidate=  0.019ms frontier=  0.002ms semisort=  0.015ms (keyed= 0.000ms group_by=  0.002ms per_group= 0.006ms)
[pe] round=282 work=        7 frontier=       20 next=        7 consolidate=  0.014ms frontier=  0.002ms semisort=  0.008ms (keyed= 0.000ms group_by=  0.001ms per_group= 0.004ms)
[pe] round=283 work=        7 frontier=       28 next=        7 consolidate=  0.015ms frontier=  0.002ms semisort=  0.008ms (keyed= 0.000ms group_by=  0.001ms per_group= 0.003ms)
[pe] round=284 work=        7 frontier=       14 next=        7 consolidate=  0.016ms frontier=  0.002ms semisort=  0.007ms (keyed= 0.000ms group_by=  0.001ms per_group= 0.003ms)
[pe] round=285 work=        7 frontier=       46 next=        7 consolidate=  0.014ms frontier=  0.002ms semisort=  0.021ms (keyed= 0.000ms group_by=  0.002ms per_group= 0.011ms)
[pe] round=286 work=        7 frontier=       20 next=        7 consolidate=  0.014ms frontier=  0.002ms semisort=  0.009ms (keyed= 0.000ms group_by=  0.002ms per_group= 0.004ms)
[pe] round=287 work=        7 frontier=       28 next=        7 consolidate=  0.013ms frontier=  0.002ms semisort=  0.008ms (keyed= 0.000ms group_by=  0.001ms per_group= 0.004ms)
[pe] round=288 work=        7 frontier=       14 next=        7 consolidate=  0.011ms frontier=  0.001ms semisort=  0.006ms (keyed= 0.000ms group_by=  0.001ms per_group= 0.003ms)
[pe] round=289 work=        7 frontier=       46 next=        7 consolidate=  0.013ms frontier=  0.002ms semisort=  0.018ms (keyed= 0.000ms group_by=  0.002ms per_group= 0.009ms)
[pe] round=290 work=        7 frontier=       20 next=        7 consolidate=  0.022ms frontier=  0.002ms semisort=  0.009ms (keyed= 0.000ms group_by=  0.002ms per_group= 0.004ms)
[pe] round=291 work=        7 frontier=       28 next=        7 consolidate=  0.015ms frontier=  0.002ms semisort=  0.009ms (keyed= 0.000ms group_by=  0.002ms per_group= 0.003ms)
[pe] round=292 work=        7 frontier=       14 next=        7 consolidate=  0.014ms frontier=  0.002ms semisort=  0.005ms (keyed= 0.000ms group_by=  0.001ms per_group= 0.003ms)
[pe] round=293 work=        7 frontier=       46 next=        7 consolidate=  0.010ms frontier=  0.002ms semisort=  0.010ms (keyed= 0.000ms group_by=  0.002ms per_group= 0.003ms)
[pe] round=294 work=        7 frontier=       20 next=        7 consolidate=  0.022ms frontier=  0.002ms semisort=  0.008ms (keyed= 0.000ms group_by=  0.001ms per_group= 0.004ms)
[pe] round=295 work=        7 frontier=       28 next=        7 consolidate=  0.016ms frontier=  0.002ms semisort=  0.009ms (keyed= 0.000ms group_by=  0.002ms per_group= 0.003ms)
[pe] round=296 work=        7 frontier=       14 next=        7 consolidate=  0.014ms frontier=  0.002ms semisort=  0.007ms (keyed= 0.000ms group_by=  0.001ms per_group= 0.003ms)
[pe] round=297 work=        7 frontier=       46 next=        7 consolidate=  0.020ms frontier=  0.002ms semisort=  0.014ms (keyed= 0.000ms group_by=  0.002ms per_group= 0.005ms)
[pe] round=298 work=        7 frontier=       20 next=        7 consolidate=  0.015ms frontier=  0.003ms semisort=  0.009ms (keyed= 0.000ms group_by=  0.001ms per_group= 0.004ms)
[pe] round=299 work=        7 frontier=       28 next=        7 consolidate=  0.008ms frontier=  0.001ms semisort=  0.009ms (keyed= 0.000ms group_by=  0.001ms per_group= 0.004ms)
[pe] round=300 work=        7 frontier=       14 next=        7 consolidate=  0.016ms frontier=  0.002ms semisort=  0.007ms (keyed= 0.000ms group_by=  0.001ms per_group= 0.003ms)
[pe] round=301 work=        7 frontier=       46 next=        7 consolidate=  0.024ms frontier=  0.002ms semisort=  0.024ms (keyed= 0.000ms group_by=  0.003ms per_group= 0.014ms)
[pe] round=302 work=        7 frontier=       20 next=        7 consolidate=  0.013ms frontier=  0.001ms semisort=  0.009ms (keyed= 0.000ms group_by=  0.002ms per_group= 0.004ms)
[pe] round=303 work=        7 frontier=       28 next=        7 consolidate=  0.020ms frontier=  0.002ms semisort=  0.006ms (keyed= 0.000ms group_by=  0.001ms per_group= 0.003ms)
[pe] round=304 work=        7 frontier=       14 next=        7 consolidate=  0.009ms frontier=  0.001ms semisort=  0.005ms (keyed= 0.000ms group_by=  0.001ms per_group= 0.002ms)
[pe] round=305 work=        7 frontier=       46 next=        7 consolidate=  0.026ms frontier=  0.002ms semisort=  0.024ms (keyed= 0.000ms group_by=  0.003ms per_group= 0.014ms)
[pe] round=306 work=        7 frontier=       20 next=        7 consolidate=  0.011ms frontier=  0.002ms semisort=  0.009ms (keyed= 0.000ms group_by=  0.002ms per_group= 0.004ms)
[pe] round=307 work=        7 frontier=       28 next=        7 consolidate=  0.016ms frontier=  0.002ms semisort=  0.008ms (keyed= 0.000ms group_by=  0.001ms per_group= 0.003ms)
[pe] round=308 work=        7 frontier=       14 next=        7 consolidate=  0.015ms frontier=  0.002ms semisort=  0.007ms (keyed= 0.000ms group_by=  0.001ms per_group= 0.004ms)
[pe] round=309 work=        7 frontier=       46 next=        7 consolidate=  0.017ms frontier=  0.002ms semisort=  0.013ms (keyed= 0.000ms group_by=  0.003ms per_group= 0.005ms)
[pe] round=310 work=        7 frontier=       20 next=        7 consolidate=  0.024ms frontier=  0.002ms semisort=  0.007ms (keyed= 0.000ms group_by=  0.001ms per_group= 0.003ms)
[pe] round=311 work=        7 frontier=       28 next=        7 consolidate=  0.017ms frontier=  0.002ms semisort=  0.006ms (keyed= 0.000ms group_by=  0.001ms per_group= 0.003ms)
[pe] round=312 work=        7 frontier=       14 next=        7 consolidate=  0.010ms frontier=  0.001ms semisort=  0.007ms (keyed= 0.000ms group_by=  0.001ms per_group= 0.003ms)
[pe] round=313 work=        7 frontier=       46 next=        7 consolidate=  0.018ms frontier=  0.001ms semisort=  0.014ms (keyed= 0.000ms group_by=  0.003ms per_group= 0.005ms)
[pe] round=314 work=        7 frontier=       20 next=        7 consolidate=  0.019ms frontier=  0.002ms semisort=  0.013ms (keyed= 0.000ms group_by=  0.002ms per_group= 0.007ms)
[pe] round=315 work=        7 frontier=       28 next=        7 consolidate=  0.018ms frontier=  0.002ms semisort=  0.008ms (keyed= 0.000ms group_by=  0.001ms per_group= 0.003ms)
[pe] round=316 work=        7 frontier=       14 next=        7 consolidate=  0.014ms frontier=  0.002ms semisort=  0.010ms (keyed= 0.000ms group_by=  0.001ms per_group= 0.006ms)
[pe] round=317 work=        7 frontier=       46 next=        7 consolidate=  0.014ms frontier=  0.002ms semisort=  0.016ms (keyed= 0.000ms group_by=  0.002ms per_group= 0.007ms)
[pe] round=318 work=        7 frontier=       20 next=        3 consolidate=  0.013ms frontier=  0.001ms semisort=  0.008ms (keyed= 0.000ms group_by=  0.002ms per_group= 0.003ms)
[pe] round=319 work=        3 frontier=       12 next=        3 consolidate=  0.008ms frontier=  0.001ms semisort=  0.005ms (keyed= 0.000ms group_by=  0.001ms per_group= 0.002ms)
[pe] round=320 work=        3 frontier=        6 next=        3 consolidate=  0.008ms frontier=  0.001ms semisort=  0.004ms (keyed= 0.000ms group_by=  0.000ms per_group= 0.002ms)
[pe] round=321 work=        3 frontier=       30 next=        3 consolidate=  0.007ms frontier=  0.001ms semisort=  0.009ms (keyed= 0.000ms group_by=  0.001ms per_group= 0.003ms)
[pe] round=322 work=        3 frontier=       12 next=        3 consolidate=  0.007ms frontier=  0.001ms semisort=  0.005ms (keyed= 0.000ms group_by=  0.001ms per_group= 0.001ms)
[pe] round=323 work=        3 frontier=       12 next=        3 consolidate=  0.003ms frontier=  0.000ms semisort=  0.003ms (keyed= 0.000ms group_by=  0.000ms per_group= 0.001ms)
[pe] round=324 work=        3 frontier=        6 next=        3 consolidate=  0.006ms frontier=  0.001ms semisort=  0.003ms (keyed= 0.000ms group_by=  0.000ms per_group= 0.001ms)
[pe] round=325 work=        3 frontier=       30 next=        3 consolidate=  0.006ms frontier=  0.001ms semisort=  0.009ms (keyed= 0.000ms group_by=  0.001ms per_group= 0.003ms)
[pe] round=326 work=        3 frontier=       12 next=        3 consolidate=  0.004ms frontier=  0.001ms semisort=  0.005ms (keyed= 0.000ms group_by=  0.001ms per_group= 0.002ms)
[pe] round=327 work=        3 frontier=       12 next=        3 consolidate=  0.010ms frontier=  0.001ms semisort=  0.004ms (keyed= 0.000ms group_by=  0.001ms per_group= 0.002ms)
[pe] round=328 work=        3 frontier=        6 next=        3 consolidate=  0.004ms frontier=  0.001ms semisort=  0.004ms (keyed= 0.000ms group_by=  0.000ms per_group= 0.002ms)
[pe] round=329 work=        3 frontier=       30 next=        3 consolidate=  0.007ms frontier=  0.001ms semisort=  0.009ms (keyed= 0.000ms group_by=  0.002ms per_group= 0.003ms)
[pe] round=330 work=        3 frontier=       12 next=        3 consolidate=  0.008ms frontier=  0.001ms semisort=  0.005ms (keyed= 0.000ms group_by=  0.001ms per_group= 0.002ms)
[pe] round=331 work=        3 frontier=       12 next=        3 consolidate=  0.007ms frontier=  0.001ms semisort=  0.004ms (keyed= 0.000ms group_by=  0.001ms per_group= 0.002ms)
[pe] round=332 work=        3 frontier=        6 next=        3 consolidate=  0.005ms frontier=  0.001ms semisort=  0.004ms (keyed= 0.000ms group_by=  0.001ms per_group= 0.002ms)
[pe] round=333 work=        3 frontier=       30 next=        3 consolidate=  0.004ms frontier=  0.000ms semisort=  0.007ms (keyed= 0.000ms group_by=  0.001ms per_group= 0.002ms)
[pe] round=334 work=        3 frontier=       12 next=        3 consolidate=  0.003ms frontier=  0.000ms semisort=  0.004ms (keyed= 0.000ms group_by=  0.001ms per_group= 0.002ms)
[pe] round=335 work=        3 frontier=       12 next=        3 consolidate=  0.006ms frontier=  0.001ms semisort=  0.003ms (keyed= 0.000ms group_by=  0.001ms per_group= 0.001ms)
[pe] round=336 work=        3 frontier=        6 next=        3 consolidate=  0.003ms frontier=  0.000ms semisort=  0.003ms (keyed= 0.000ms group_by=  0.000ms per_group= 0.001ms)
[pe] round=337 work=        3 frontier=       30 next=        3 consolidate=  0.006ms frontier=  0.001ms semisort=  0.009ms (keyed= 0.000ms group_by=  0.002ms per_group= 0.002ms)
[pe] round=338 work=        3 frontier=       12 next=        3 consolidate=  0.014ms frontier=  0.001ms semisort=  0.006ms (keyed= 0.000ms group_by=  0.001ms per_group= 0.002ms)
[pe] round=339 work=        3 frontier=       12 next=        3 consolidate=  0.009ms frontier=  0.001ms semisort=  0.004ms (keyed= 0.000ms group_by=  0.001ms per_group= 0.002ms)
[pe] round=340 work=        3 frontier=        6 next=        3 consolidate=  0.006ms frontier=  0.001ms semisort=  0.004ms (keyed= 0.000ms group_by=  0.000ms per_group= 0.002ms)
[pe] round=341 work=        3 frontier=       30 next=        3 consolidate=  0.009ms frontier=  0.001ms semisort=  0.009ms (keyed= 0.000ms group_by=  0.001ms per_group= 0.002ms)
[pe] round=342 work=        3 frontier=       12 next=        3 consolidate=  0.006ms frontier=  0.001ms semisort=  0.005ms (keyed= 0.000ms group_by=  0.001ms per_group= 0.002ms)
[pe] round=343 work=        3 frontier=       12 next=        3 consolidate=  0.006ms frontier=  0.001ms semisort=  0.004ms (keyed= 0.000ms group_by=  0.001ms per_group= 0.002ms)
[pe] round=344 work=        3 frontier=        6 next=        3 consolidate=  0.003ms frontier=  0.000ms semisort=  0.003ms (keyed= 0.000ms group_by=  0.000ms per_group= 0.001ms)
[pe] round=345 work=        3 frontier=       30 next=        3 consolidate=  0.007ms frontier=  0.001ms semisort=  0.006ms (keyed= 0.000ms group_by=  0.001ms per_group= 0.002ms)
[pe] round=346 work=        3 frontier=       12 next=        3 consolidate=  0.005ms frontier=  0.001ms semisort=  0.004ms (keyed= 0.000ms group_by=  0.001ms per_group= 0.001ms)
[pe] round=347 work=        3 frontier=       12 next=        3 consolidate=  0.003ms frontier=  0.000ms semisort=  0.003ms (keyed= 0.000ms group_by=  0.000ms per_group= 0.001ms)
[pe] round=348 work=        3 frontier=        6 next=        3 consolidate=  0.005ms frontier=  0.001ms semisort=  0.005ms (keyed= 0.000ms group_by=  0.000ms per_group= 0.002ms)
[pe] round=349 work=        3 frontier=       30 next=        3 consolidate=  0.006ms frontier=  0.002ms semisort=  0.008ms (keyed= 0.000ms group_by=  0.001ms per_group= 0.002ms)
[pe] round=350 work=        3 frontier=       12 next=        3 consolidate=  0.009ms frontier=  0.001ms semisort=  0.005ms (keyed= 0.000ms group_by=  0.001ms per_group= 0.002ms)
[pe] round=351 work=        3 frontier=       12 next=        3 consolidate=  0.006ms frontier=  0.001ms semisort=  0.005ms (keyed= 0.000ms group_by=  0.001ms per_group= 0.002ms)
[pe] round=352 work=        3 frontier=        6 next=        3 consolidate=  0.005ms frontier=  0.001ms semisort=  0.003ms (keyed= 0.000ms group_by=  0.000ms per_group= 0.002ms)
[pe] round=353 work=        3 frontier=       30 next=        3 consolidate=  0.009ms frontier=  0.001ms semisort=  0.009ms (keyed= 0.000ms group_by=  0.002ms per_group= 0.002ms)
[pe] round=354 work=        3 frontier=       12 next=        3 consolidate=  0.008ms frontier=  0.001ms semisort=  0.005ms (keyed= 0.000ms group_by=  0.001ms per_group= 0.002ms)
[pe] round=355 work=        3 frontier=       12 next=        3 consolidate=  0.004ms frontier=  0.000ms semisort=  0.003ms (keyed= 0.000ms group_by=  0.000ms per_group= 0.001ms)
[pe] round=356 work=        3 frontier=        6 next=        3 consolidate=  0.006ms frontier=  0.001ms semisort=  0.003ms (keyed= 0.000ms group_by=  0.000ms per_group= 0.001ms)
[pe] round=357 work=        3 frontier=       30 next=        3 consolidate=  0.004ms frontier=  0.000ms semisort=  0.006ms (keyed= 0.000ms group_by=  0.001ms per_group= 0.002ms)
[pe] round=358 work=        3 frontier=       12 next=        3 consolidate=  0.003ms frontier=  0.000ms semisort=  0.004ms (keyed= 0.000ms group_by=  0.001ms per_group= 0.001ms)
[pe] round=359 work=        3 frontier=       12 next=        3 consolidate=  0.004ms frontier=  0.001ms semisort=  0.004ms (keyed= 0.000ms group_by=  0.001ms per_group= 0.002ms)
[pe] round=360 work=        3 frontier=        6 next=        3 consolidate=  0.012ms frontier=  0.001ms semisort=  0.004ms (keyed= 0.000ms group_by=  0.000ms per_group= 0.002ms)
[pe] round=361 work=        3 frontier=       30 next=        3 consolidate=  0.007ms frontier=  0.002ms semisort=  0.009ms (keyed= 0.000ms group_by=  0.001ms per_group= 0.003ms)
[pe] round=362 work=        3 frontier=       12 next=        3 consolidate=  0.007ms frontier=  0.002ms semisort=  0.005ms (keyed= 0.000ms group_by=  0.001ms per_group= 0.002ms)
[pe] round=363 work=        3 frontier=       12 next=        3 consolidate=  0.007ms frontier=  0.001ms semisort=  0.005ms (keyed= 0.000ms group_by=  0.001ms per_group= 0.002ms)
[pe] round=364 work=        3 frontier=        6 next=        3 consolidate=  0.006ms frontier=  0.001ms semisort=  0.004ms (keyed= 0.000ms group_by=  0.000ms per_group= 0.002ms)
[pe] round=365 work=        3 frontier=       30 next=        3 consolidate=  0.007ms frontier=  0.002ms semisort=  0.008ms (keyed= 0.000ms group_by=  0.001ms per_group= 0.002ms)
[pe] round=366 work=        3 frontier=       12 next=        3 consolidate=  0.006ms frontier=  0.001ms semisort=  0.006ms (keyed= 0.000ms group_by=  0.001ms per_group= 0.002ms)
[pe] round=367 work=        3 frontier=       12 next=        3 consolidate=  0.004ms frontier=  0.000ms semisort=  0.003ms (keyed= 0.000ms group_by=  0.000ms per_group= 0.001ms)
[pe] round=368 work=        3 frontier=        6 next=        3 consolidate=  0.003ms frontier=  0.000ms semisort=  0.003ms (keyed= 0.000ms group_by=  0.000ms per_group= 0.001ms)
[pe] round=369 work=        3 frontier=       30 next=        3 consolidate=  0.007ms frontier=  0.001ms semisort=  0.007ms (keyed= 0.000ms group_by=  0.001ms per_group= 0.002ms)
[pe] round=370 work=        3 frontier=       12 next=        3 consolidate=  0.003ms frontier=  0.000ms semisort=  0.004ms (keyed= 0.000ms group_by=  0.000ms per_group= 0.002ms)
[pe] round=371 work=        3 frontier=       12 next=        3 consolidate=  0.007ms frontier=  0.001ms semisort=  0.004ms (keyed= 0.000ms group_by=  0.001ms per_group= 0.002ms)
[pe] round=372 work=        3 frontier=        6 next=        3 consolidate=  0.005ms frontier=  0.001ms semisort=  0.004ms (keyed= 0.000ms group_by=  0.000ms per_group= 0.002ms)
[pe] round=373 work=        3 frontier=       30 next=        3 consolidate=  0.007ms frontier=  0.001ms semisort=  0.008ms (keyed= 0.000ms group_by=  0.001ms per_group= 0.002ms)
[pe] round=374 work=        3 frontier=       12 next=        3 consolidate=  0.007ms frontier=  0.001ms semisort=  0.005ms (keyed= 0.000ms group_by=  0.001ms per_group= 0.002ms)
[pe] round=375 work=        3 frontier=       12 next=        3 consolidate=  0.004ms frontier=  0.001ms semisort=  0.004ms (keyed= 0.000ms group_by=  0.001ms per_group= 0.002ms)
[pe] round=376 work=        3 frontier=        6 next=        3 consolidate=  0.004ms frontier=  0.001ms semisort=  0.018ms (keyed= 0.000ms group_by=  0.000ms per_group= 0.015ms)
[pe] round=377 work=        3 frontier=       30 next=        3 consolidate=  0.006ms frontier=  0.001ms semisort=  0.009ms (keyed= 0.000ms group_by=  0.002ms per_group= 0.003ms)
[pe] round=378 work=        3 frontier=       12 next=        3 consolidate=  0.009ms frontier=  0.001ms semisort=  0.004ms (keyed= 0.000ms group_by=  0.001ms per_group= 0.002ms)
[pe] round=379 work=        3 frontier=       12 next=        3 consolidate=  0.003ms frontier=  0.000ms semisort=  0.003ms (keyed= 0.000ms group_by=  0.000ms per_group= 0.001ms)
[pe] round=380 work=        3 frontier=        6 next=        3 consolidate=  0.006ms frontier=  0.001ms semisort=  0.003ms (keyed= 0.000ms group_by=  0.000ms per_group= 0.001ms)
[pe] round=381 work=        3 frontier=       30 next=        3 consolidate=  0.009ms frontier=  0.001ms semisort=  0.008ms (keyed= 0.000ms group_by=  0.002ms per_group= 0.002ms)
[pe] round=382 work=        3 frontier=       12 next=        3 consolidate=  0.007ms frontier=  0.002ms semisort=  0.005ms (keyed= 0.000ms group_by=  0.001ms per_group= 0.002ms)
[pe] round=383 work=        3 frontier=       12 next=        3 consolidate=  0.005ms frontier=  0.001ms semisort=  0.004ms (keyed= 0.000ms group_by=  0.001ms per_group= 0.002ms)
[pe] round=384 work=        3 frontier=        6 next=        3 consolidate=  0.004ms frontier=  0.001ms semisort=  0.003ms (keyed= 0.000ms group_by=  0.000ms per_group= 0.002ms)
[pe] round=385 work=        3 frontier=       30 next=        3 consolidate=  0.007ms frontier=  0.001ms semisort=  0.008ms (keyed= 0.000ms group_by=  0.001ms per_group= 0.002ms)
[pe] round=386 work=        3 frontier=       12 next=        3 consolidate=  0.007ms frontier=  0.001ms semisort=  0.005ms (keyed= 0.000ms group_by=  0.001ms per_group= 0.002ms)
[pe] round=387 work=        3 frontier=       12 next=        3 consolidate=  0.006ms frontier=  0.001ms semisort=  0.005ms (keyed= 0.000ms group_by=  0.001ms per_group= 0.002ms)
[pe] round=388 work=        3 frontier=        6 next=        3 consolidate=  0.007ms frontier=  0.001ms semisort=  0.003ms (keyed= 0.000ms group_by=  0.000ms per_group= 0.002ms)
[pe] round=389 work=        3 frontier=       30 next=        3 consolidate=  0.006ms frontier=  0.001ms semisort=  0.006ms (keyed= 0.000ms group_by=  0.001ms per_group= 0.002ms)
[pe] round=390 work=        3 frontier=       12 next=        3 consolidate=  0.004ms frontier=  0.000ms semisort=  0.004ms (keyed= 0.000ms group_by=  0.001ms per_group= 0.001ms)
[pe] round=391 work=        3 frontier=       12 next=        3 consolidate=  0.009ms frontier=  0.001ms semisort=  0.003ms (keyed= 0.000ms group_by=  0.001ms per_group= 0.001ms)
[pe] round=392 work=        3 frontier=        6 next=        3 consolidate=  0.003ms frontier=  0.000ms semisort=  0.003ms (keyed= 0.000ms group_by=  0.001ms per_group= 0.001ms)
[pe] round=393 work=        3 frontier=       30 next=        3 consolidate=  0.008ms frontier=  0.001ms semisort=  0.008ms (keyed= 0.000ms group_by=  0.001ms per_group= 0.002ms)
[pe] round=394 work=        3 frontier=       12 next=        3 consolidate=  0.006ms frontier=  0.001ms semisort=  0.005ms (keyed= 0.000ms group_by=  0.001ms per_group= 0.002ms)
[pe] round=395 work=        3 frontier=       12 next=        3 consolidate=  0.004ms frontier=  0.001ms semisort=  0.004ms (keyed= 0.000ms group_by=  0.001ms per_group= 0.002ms)
[pe] round=396 work=        3 frontier=        6 next=        3 consolidate=  0.008ms frontier=  0.001ms semisort=  0.004ms (keyed= 0.000ms group_by=  0.001ms per_group= 0.002ms)
[pe] round=397 work=        3 frontier=       30 next=        3 consolidate=  0.006ms frontier=  0.001ms semisort=  0.008ms (keyed= 0.000ms group_by=  0.001ms per_group= 0.002ms)
[pe] round=398 work=        3 frontier=       12 next=        3 consolidate=  0.006ms frontier=  0.001ms semisort=  0.005ms (keyed= 0.000ms group_by=  0.001ms per_group= 0.002ms)
[pe] round=399 work=        3 frontier=       12 next=        3 consolidate=  0.006ms frontier=  0.001ms semisort=  0.005ms (keyed= 0.000ms group_by=  0.001ms per_group= 0.002ms)
[pe] round=400 work=        3 frontier=        6 next=        3 consolidate=  0.004ms frontier=  0.000ms semisort=  0.003ms (keyed= 0.000ms group_by=  0.001ms per_group= 0.001ms)
[pe] round=401 work=        3 frontier=       30 next=        3 consolidate=  0.009ms frontier=  0.001ms semisort=  0.006ms (keyed= 0.000ms group_by=  0.001ms per_group= 0.002ms)
[pe] round=402 work=        3 frontier=       12 next=        3 consolidate=  0.004ms frontier=  0.000ms semisort=  0.004ms (keyed= 0.000ms group_by=  0.001ms per_group= 0.001ms)
[pe] round=403 work=        3 frontier=       12 next=        3 consolidate=  0.003ms frontier=  0.000ms semisort=  0.003ms (keyed= 0.000ms group_by=  0.000ms per_group= 0.001ms)
[pe] round=404 work=        3 frontier=        6 next=        3 consolidate=  0.006ms frontier=  0.001ms semisort=  0.003ms (keyed= 0.000ms group_by=  0.000ms per_group= 0.001ms)
[pe] round=405 work=        3 frontier=       30 next=        3 consolidate=  0.004ms frontier=  0.000ms semisort=  0.006ms (keyed= 0.000ms group_by=  0.001ms per_group= 0.002ms)
[pe] round=406 work=        3 frontier=       12 next=        3 consolidate=  0.009ms frontier=  0.001ms semisort=  0.005ms (keyed= 0.000ms group_by=  0.001ms per_group= 0.002ms)
[pe] round=407 work=        3 frontier=       12 next=        3 consolidate=  0.010ms frontier=  0.001ms semisort=  0.004ms (keyed= 0.000ms group_by=  0.001ms per_group= 0.002ms)
[pe] round=408 work=        3 frontier=        6 next=        3 consolidate=  0.014ms frontier=  0.001ms semisort=  0.004ms (keyed= 0.000ms group_by=  0.000ms per_group= 0.002ms)
[pe] round=409 work=        3 frontier=       30 next=        3 consolidate=  0.007ms frontier=  0.001ms semisort=  0.008ms (keyed= 0.000ms group_by=  0.001ms per_group= 0.002ms)
[pe] round=410 work=        3 frontier=       12 next=        3 consolidate=  0.009ms frontier=  0.001ms semisort=  0.005ms (keyed= 0.000ms group_by=  0.001ms per_group= 0.002ms)
[pe] round=411 work=        3 frontier=       12 next=        3 consolidate=  0.004ms frontier=  0.001ms semisort=  0.004ms (keyed= 0.000ms group_by=  0.001ms per_group= 0.002ms)
[pe] round=412 work=        3 frontier=        6 next=        3 consolidate=  0.007ms frontier=  0.001ms semisort=  0.004ms (keyed= 0.000ms group_by=  0.000ms per_group= 0.002ms)
[pe] round=413 work=        3 frontier=       30 next=        3 consolidate=  0.009ms frontier=  0.001ms semisort=  0.008ms (keyed= 0.000ms group_by=  0.001ms per_group= 0.002ms)
[pe] round=414 work=        3 frontier=       12 next=        3 consolidate=  0.004ms frontier=  0.001ms semisort=  0.005ms (keyed= 0.000ms group_by=  0.001ms per_group= 0.002ms)
[pe] round=415 work=        3 frontier=       12 next=        3 consolidate=  0.012ms frontier=  0.001ms semisort=  0.005ms (keyed= 0.000ms group_by=  0.001ms per_group= 0.002ms)
[pe] round=416 work=        3 frontier=        6 next=        3 consolidate=  0.004ms frontier=  0.001ms semisort=  0.003ms (keyed= 0.000ms group_by=  0.000ms per_group= 0.002ms)
[pe] round=417 work=        3 frontier=       30 next=        3 consolidate=  0.009ms frontier=  0.001ms semisort=  0.008ms (keyed= 0.000ms group_by=  0.002ms per_group= 0.002ms)
[pe] round=418 work=        3 frontier=       12 next=        3 consolidate=  0.007ms frontier=  0.001ms semisort=  0.005ms (keyed= 0.000ms group_by=  0.001ms per_group= 0.002ms)
[pe] round=419 work=        3 frontier=       12 next=        3 consolidate=  0.008ms frontier=  0.001ms semisort=  0.003ms (keyed= 0.000ms group_by=  0.000ms per_group= 0.001ms)
[pe] round=420 work=        3 frontier=        6 next=        3 consolidate=  0.008ms frontier=  0.001ms semisort=  0.003ms (keyed= 0.000ms group_by=  0.000ms per_group= 0.001ms)
[pe] round=421 work=        3 frontier=       30 next=        3 consolidate=  0.010ms frontier=  0.001ms semisort=  0.006ms (keyed= 0.000ms group_by=  0.001ms per_group= 0.002ms)
[pe] round=422 work=        3 frontier=       12 next=        3 consolidate=  0.005ms frontier=  0.001ms semisort=  0.004ms (keyed= 0.000ms group_by=  0.001ms per_group= 0.001ms)
[pe] round=423 work=        3 frontier=       12 next=        3 consolidate=  0.007ms frontier=  0.001ms semisort=  0.004ms (keyed= 0.000ms group_by=  0.001ms per_group= 0.002ms)
[pe] round=424 work=        3 frontier=        6 next=        3 consolidate=  0.004ms frontier=  0.001ms semisort=  0.004ms (keyed= 0.000ms group_by=  0.000ms per_group= 0.002ms)
[pe] round=425 work=        3 frontier=       30 next=        3 consolidate=  0.005ms frontier=  0.001ms semisort=  0.009ms (keyed= 0.000ms group_by=  0.002ms per_group= 0.002ms)
[pe] round=426 work=        3 frontier=       12 next=        3 consolidate=  0.006ms frontier=  0.001ms semisort=  0.006ms (keyed= 0.000ms group_by=  0.001ms per_group= 0.002ms)
[pe] round=427 work=        3 frontier=       12 next=        3 consolidate=  0.007ms frontier=  0.001ms semisort=  0.006ms (keyed= 0.000ms group_by=  0.001ms per_group= 0.002ms)
[pe] round=428 work=        3 frontier=        6 next=        3 consolidate=  0.011ms frontier=  0.001ms semisort=  0.005ms (keyed= 0.000ms group_by=  0.000ms per_group= 0.002ms)
[pe] round=429 work=        3 frontier=       31 next=        3 consolidate=  0.006ms frontier=  0.001ms semisort=  0.021ms (keyed= 0.000ms group_by=  0.002ms per_group= 0.014ms)
[pe] round=430 work=        3 frontier=        6 next=        2 consolidate=  0.004ms frontier=  0.001ms semisort=  0.004ms (keyed= 0.000ms group_by=  0.000ms per_group= 0.002ms)
[pe] round=431 work=        2 (tail-skip: all parents empty)
[pe] round=  0 work= 10460911 frontier=  5950187 next=    47386 consolidate= 40.431ms frontier= 10.067ms semisort= 20.480ms (keyed= 8.216ms group_by=  0.414ms per_group= 4.762ms)
[pe] round=  1 work=    47386 frontier=   274132 next=    22307 consolidate=  1.325ms frontier=  0.392ms semisort=  1.727ms (keyed= 0.484ms group_by=  0.085ms per_group= 0.613ms)
[pe] round=  2 work=    22307 frontier=    94168 next=    11347 consolidate=  0.817ms frontier=  0.243ms semisort=  2.815ms (keyed= 0.061ms group_by=  2.158ms per_group= 0.252ms)
[pe] round=  3 work=    11347 frontier=    38990 next=     6320 consolidate=  0.540ms frontier=  0.182ms semisort=  1.151ms (keyed= 0.029ms group_by=  0.738ms per_group= 0.161ms)
[pe] round=  4 work=     6320 frontier=    18118 next=     3668 consolidate=  1.173ms frontier=  0.218ms semisort=  0.759ms (keyed= 0.020ms group_by=  0.337ms per_group= 0.160ms)
[pe] round=  5 work=     3668 frontier=    14200 next=     2998 consolidate=  0.635ms frontier=  0.149ms semisort=  0.690ms (keyed= 0.028ms group_by=  0.319ms per_group= 0.141ms)
[pe] round=  6 work=     2998 frontier=    14168 next=     2333 consolidate=  0.582ms frontier=  0.117ms semisort=  0.673ms (keyed= 0.030ms group_by=  0.307ms per_group= 0.162ms)
[pe] round=  7 work=     2333 frontier=    13358 next=     1381 consolidate=  0.511ms frontier=  0.099ms semisort=  0.549ms (keyed= 0.025ms group_by=  0.267ms per_group= 0.119ms)
[pe] round=  8 work=     1381 frontier=    14960 next=      914 consolidate=  0.352ms frontier=  0.078ms semisort=  0.586ms (keyed= 0.026ms group_by=  0.294ms per_group= 0.132ms)
[pe] round=  9 work=      914 frontier=     5537 next=      691 consolidate=  0.248ms frontier=  0.063ms semisort=  0.929ms (keyed= 0.026ms group_by=  0.694ms per_group= 0.100ms)
[pe] round= 10 work=      691 frontier=     9111 next=      460 consolidate=  0.238ms frontier=  0.061ms semisort=  1.131ms (keyed= 0.022ms group_by=  0.887ms per_group= 0.091ms)
[pe] round= 11 work=      460 frontier=     4999 next=      531 consolidate=  0.168ms frontier=  0.043ms semisort=  0.956ms (keyed= 0.053ms group_by=  0.676ms per_group= 0.100ms)
[pe] round= 12 work=      531 frontier=     4274 next=      372 consolidate=  0.173ms frontier=  0.053ms semisort=  0.891ms (keyed= 0.011ms group_by=  0.674ms per_group= 0.078ms)
[pe] round= 13 work=      372 frontier=     1790 next=      116 consolidate=  0.134ms frontier=  0.044ms semisort=  0.410ms (keyed= 0.008ms group_by=  0.280ms per_group= 0.056ms)
[pe] round= 14 work=      116 frontier=      268 next=       36 consolidate=  0.075ms frontier=  0.011ms semisort=  0.095ms (keyed= 0.002ms group_by=  0.039ms per_group= 0.029ms)
[pe] round= 15 work=       36 frontier=      116 next=       38 consolidate=  0.054ms frontier=  0.005ms semisort=  0.060ms (keyed= 0.001ms group_by=  0.010ms per_group= 0.027ms)
[pe] round= 16 work=       38 frontier=      182 next=       35 consolidate=  0.042ms frontier=  0.005ms semisort=  0.078ms (keyed= 0.001ms group_by=  0.018ms per_group= 0.023ms)
[pe] round= 17 work=       35 frontier=      122 next=       37 consolidate=  0.043ms frontier=  0.005ms semisort=  0.050ms (keyed= 0.001ms group_by=  0.012ms per_group= 0.018ms)
[pe] round= 18 work=       37 frontier=       80 next=       25 consolidate=  0.030ms frontier=  0.005ms semisort=  0.038ms (keyed= 0.001ms group_by=  0.006ms per_group= 0.021ms)
[pe] round= 19 work=       25 frontier=       76 next=       25 consolidate=  0.021ms frontier=  0.004ms semisort=  0.025ms (keyed= 0.000ms group_by=  0.005ms per_group= 0.011ms)
[pe] round= 20 work=       25 frontier=      138 next=       23 consolidate=  0.042ms frontier=  0.004ms semisort=  0.062ms (keyed= 0.001ms group_by=  0.013ms per_group= 0.031ms)
[pe] round= 21 work=       23 frontier=      102 next=       31 consolidate=  0.030ms frontier=  0.004ms semisort=  0.056ms (keyed= 0.001ms group_by=  0.010ms per_group= 0.023ms)
[pe] round= 22 work=       31 frontier=       76 next=       23 consolidate=  0.049ms frontier=  0.004ms semisort=  0.030ms (keyed= 0.000ms group_by=  0.006ms per_group= 0.015ms)
[pe] round= 23 work=       23 frontier=       68 next=       23 consolidate=  0.023ms frontier=  0.004ms semisort=  0.031ms (keyed= 0.000ms group_by=  0.005ms per_group= 0.014ms)
[pe] round= 24 work=       23 frontier=      134 next=       23 consolidate=  0.023ms frontier=  0.004ms semisort=  0.067ms (keyed= 0.001ms group_by=  0.012ms per_group= 0.033ms)
[pe] round= 25 work=       23 frontier=      102 next=       31 consolidate=  0.024ms frontier=  0.003ms semisort=  0.045ms (keyed= 0.000ms group_by=  0.006ms per_group= 0.026ms)
[pe] round= 26 work=       31 frontier=       76 next=       23 consolidate=  0.030ms frontier=  0.004ms semisort=  0.031ms (keyed= 0.000ms group_by=  0.006ms per_group= 0.015ms)
[pe] round= 27 work=       23 frontier=       68 next=       23 consolidate=  0.028ms frontier=  0.003ms semisort=  0.023ms (keyed= 0.000ms group_by=  0.005ms per_group= 0.010ms)
[pe] round= 28 work=       23 frontier=      134 next=       23 consolidate=  0.025ms frontier=  0.003ms semisort=  0.052ms (keyed= 0.001ms group_by=  0.012ms per_group= 0.021ms)
[pe] round= 29 work=       23 frontier=      102 next=       31 consolidate=  0.039ms frontier=  0.004ms semisort=  0.034ms (keyed= 0.001ms group_by=  0.007ms per_group= 0.015ms)
[pe] round= 30 work=       31 frontier=       76 next=       23 consolidate=  0.036ms frontier=  0.004ms semisort=  0.032ms (keyed= 0.000ms group_by=  0.005ms per_group= 0.017ms)
[pe] round= 31 work=       23 frontier=       68 next=       23 consolidate=  0.028ms frontier=  0.003ms semisort=  0.027ms (keyed= 0.001ms group_by=  0.006ms per_group= 0.011ms)
[pe] round= 32 work=       23 frontier=      134 next=       23 consolidate=  0.028ms frontier=  0.004ms semisort=  0.045ms (keyed= 0.001ms group_by=  0.009ms per_group= 0.020ms)
[pe] round= 33 work=       23 frontier=      102 next=       31 consolidate=  0.033ms frontier=  0.003ms semisort=  0.042ms (keyed= 0.001ms group_by=  0.006ms per_group= 0.022ms)
[pe] round= 34 work=       31 frontier=       76 next=       23 consolidate=  0.032ms frontier=  0.003ms semisort=  0.034ms (keyed= 0.001ms group_by=  0.007ms per_group= 0.014ms)
[pe] round= 35 work=       23 frontier=       68 next=       23 consolidate=  0.024ms frontier=  0.003ms semisort=  0.027ms (keyed= 0.000ms group_by=  0.003ms per_group= 0.017ms)
[pe] round= 36 work=       23 frontier=      134 next=       23 consolidate=  0.027ms frontier=  0.003ms semisort=  0.044ms (keyed= 0.001ms group_by=  0.010ms per_group= 0.016ms)
[pe] round= 37 work=       23 frontier=      102 next=       31 consolidate=  0.022ms frontier=  0.003ms semisort=  0.052ms (keyed= 0.001ms group_by=  0.008ms per_group= 0.026ms)
[pe] round= 38 work=       31 frontier=       76 next=       23 consolidate=  0.033ms frontier=  0.003ms semisort=  0.035ms (keyed= 0.001ms group_by=  0.006ms per_group= 0.015ms)
[pe] round= 39 work=       23 frontier=       68 next=       23 consolidate=  0.024ms frontier=  0.003ms semisort=  0.030ms (keyed= 0.000ms group_by=  0.004ms per_group= 0.017ms)
[pe] round= 40 work=       23 frontier=      134 next=       23 consolidate=  0.027ms frontier=  0.003ms semisort=  0.048ms (keyed= 0.001ms group_by=  0.009ms per_group= 0.022ms)
[pe] round= 41 work=       23 frontier=      102 next=       31 consolidate=  0.032ms frontier=  0.003ms semisort=  0.040ms (keyed= 0.001ms group_by=  0.006ms per_group= 0.021ms)
[pe] round= 42 work=       31 frontier=       76 next=       23 consolidate=  0.023ms frontier=  0.004ms semisort=  0.028ms (keyed= 0.001ms group_by=  0.006ms per_group= 0.012ms)
[pe] round= 43 work=       23 frontier=       68 next=       23 consolidate=  0.026ms frontier=  0.004ms semisort=  0.032ms (keyed= 0.001ms group_by=  0.005ms per_group= 0.016ms)
[pe] round= 44 work=       23 frontier=      134 next=       23 consolidate=  0.022ms frontier=  0.003ms semisort=  0.050ms (keyed= 0.001ms group_by=  0.008ms per_group= 0.019ms)
[pe] round= 45 work=       23 frontier=      102 next=       31 consolidate=  0.021ms frontier=  0.004ms semisort=  0.038ms (keyed= 0.001ms group_by=  0.006ms per_group= 0.020ms)
[pe] round= 46 work=       31 frontier=       76 next=       23 consolidate=  0.037ms frontier=  0.004ms semisort=  0.048ms (keyed= 0.000ms group_by=  0.006ms per_group= 0.033ms)
[pe] round= 47 work=       23 frontier=       68 next=       23 consolidate=  0.033ms frontier=  0.004ms semisort=  0.025ms (keyed= 0.000ms group_by=  0.005ms per_group= 0.013ms)
[pe] round= 48 work=       23 frontier=       22 next=       11 consolidate=  0.020ms frontier=  0.002ms semisort=  0.008ms (keyed= 0.000ms group_by=  0.001ms per_group= 0.004ms)
[pe] round= 49 work=       11 frontier=       62 next=       11 consolidate=  0.020ms frontier=  0.003ms semisort=  0.026ms (keyed= 0.000ms group_by=  0.003ms per_group= 0.014ms)
[pe] round= 50 work=       11 frontier=       28 next=       11 consolidate=  0.017ms frontier=  0.003ms semisort=  0.014ms (keyed= 0.000ms group_by=  0.002ms per_group= 0.007ms)
[pe] round= 51 work=       11 frontier=       44 next=       11 consolidate=  0.024ms frontier=  0.002ms semisort=  0.014ms (keyed= 0.000ms group_by=  0.003ms per_group= 0.006ms)
[pe] round= 52 work=       11 frontier=       22 next=       11 consolidate=  0.024ms frontier=  0.003ms semisort=  0.010ms (keyed= 0.000ms group_by=  0.002ms per_group= 0.005ms)
[pe] round= 53 work=       11 frontier=       62 next=       11 consolidate=  0.016ms frontier=  0.002ms semisort=  0.018ms (keyed= 0.000ms group_by=  0.003ms per_group= 0.007ms)
[pe] round= 54 work=       11 frontier=       28 next=       11 consolidate=  0.011ms frontier=  0.002ms semisort=  0.009ms (keyed= 0.000ms group_by=  0.001ms per_group= 0.004ms)
[pe] round= 55 work=       11 frontier=       44 next=       11 consolidate=  0.019ms frontier=  0.002ms semisort=  0.011ms (keyed= 0.000ms group_by=  0.001ms per_group= 0.005ms)
[pe] round= 56 work=       11 frontier=       22 next=       11 consolidate=  0.024ms frontier=  0.002ms semisort=  0.010ms (keyed= 0.000ms group_by=  0.001ms per_group= 0.005ms)
[pe] round= 57 work=       11 frontier=       62 next=       11 consolidate=  0.023ms frontier=  0.002ms semisort=  0.027ms (keyed= 0.000ms group_by=  0.003ms per_group= 0.015ms)
[pe] round= 58 work=       11 frontier=       28 next=       11 consolidate=  0.016ms frontier=  0.002ms semisort=  0.012ms (keyed= 0.000ms group_by=  0.002ms per_group= 0.006ms)
[pe] round= 59 work=       11 frontier=       44 next=       11 consolidate=  0.027ms frontier=  0.002ms semisort=  0.013ms (keyed= 0.000ms group_by=  0.002ms per_group= 0.005ms)
[pe] round= 60 work=       11 frontier=       22 next=       11 consolidate=  0.018ms frontier=  0.002ms semisort=  0.007ms (keyed= 0.000ms group_by=  0.001ms per_group= 0.004ms)
[pe] round= 61 work=       11 frontier=       62 next=       11 consolidate=  0.016ms frontier=  0.002ms semisort=  0.015ms (keyed= 0.000ms group_by=  0.002ms per_group= 0.006ms)
[pe] round= 62 work=       11 frontier=       28 next=       11 consolidate=  0.015ms frontier=  0.001ms semisort=  0.015ms (keyed= 0.000ms group_by=  0.002ms per_group= 0.008ms)
[pe] round= 63 work=       11 frontier=       44 next=       11 consolidate=  0.035ms frontier=  0.002ms semisort=  0.013ms (keyed= 0.000ms group_by=  0.002ms per_group= 0.005ms)
[pe] round= 64 work=       11 frontier=       22 next=       11 consolidate=  0.013ms frontier=  0.002ms semisort=  0.011ms (keyed= 0.000ms group_by=  0.001ms per_group= 0.005ms)
[pe] round= 65 work=       11 frontier=       62 next=       11 consolidate=  0.021ms frontier=  0.002ms semisort=  0.021ms (keyed= 0.000ms group_by=  0.003ms per_group= 0.010ms)
[pe] round= 66 work=       11 frontier=       28 next=       11 consolidate=  0.028ms frontier=  0.002ms semisort=  0.019ms (keyed= 0.000ms group_by=  0.002ms per_group= 0.012ms)
[pe] round= 67 work=       11 frontier=       44 next=       11 consolidate=  0.019ms frontier=  0.002ms semisort=  0.008ms (keyed= 0.000ms group_by=  0.001ms per_group= 0.004ms)
[pe] round= 68 work=       11 frontier=       22 next=       11 consolidate=  0.022ms frontier=  0.002ms semisort=  0.009ms (keyed= 0.000ms group_by=  0.001ms per_group= 0.005ms)
[pe] round= 69 work=       11 frontier=       62 next=       11 consolidate=  0.017ms frontier=  0.002ms semisort=  0.017ms (keyed= 0.000ms group_by=  0.003ms per_group= 0.006ms)
[pe] round= 70 work=       11 frontier=       28 next=       11 consolidate=  0.014ms frontier=  0.002ms semisort=  0.011ms (keyed= 0.000ms group_by=  0.002ms per_group= 0.005ms)
[pe] round= 71 work=       11 frontier=       44 next=       11 consolidate=  0.018ms frontier=  0.002ms semisort=  0.012ms (keyed= 0.000ms group_by=  0.002ms per_group= 0.005ms)
[pe] round= 72 work=       11 frontier=       22 next=       11 consolidate=  0.027ms frontier=  0.002ms semisort=  0.010ms (keyed= 0.000ms group_by=  0.001ms per_group= 0.005ms)
[pe] round= 73 work=       11 frontier=       62 next=       11 consolidate=  0.034ms frontier=  0.002ms semisort=  0.017ms (keyed= 0.000ms group_by=  0.003ms per_group= 0.007ms)
[pe] round= 74 work=       11 frontier=       28 next=       11 consolidate=  0.020ms frontier=  0.002ms semisort=  0.011ms (keyed= 0.000ms group_by=  0.002ms per_group= 0.005ms)
[pe] round= 75 work=       11 frontier=       44 next=       11 consolidate=  0.014ms frontier=  0.002ms semisort=  0.012ms (keyed= 0.000ms group_by=  0.002ms per_group= 0.005ms)
[pe] round= 76 work=       11 frontier=       22 next=       11 consolidate=  0.019ms frontier=  0.002ms semisort=  0.021ms (keyed= 0.000ms group_by=  0.001ms per_group= 0.015ms)
[pe] round= 77 work=       11 frontier=       62 next=       11 consolidate=  0.015ms frontier=  0.002ms semisort=  0.017ms (keyed= 0.000ms group_by=  0.003ms per_group= 0.007ms)
[pe] round= 78 work=       11 frontier=       28 next=       11 consolidate=  0.020ms frontier=  0.002ms semisort=  0.012ms (keyed= 0.000ms group_by=  0.002ms per_group= 0.005ms)
[pe] round= 79 work=       11 frontier=       44 next=       11 consolidate=  0.017ms frontier=  0.002ms semisort=  0.012ms (keyed= 0.000ms group_by=  0.002ms per_group= 0.005ms)
[pe] round= 80 work=       11 frontier=       22 next=       11 consolidate=  0.021ms frontier=  0.002ms semisort=  0.010ms (keyed= 0.000ms group_by=  0.002ms per_group= 0.005ms)
[pe] round= 81 work=       11 frontier=       62 next=       11 consolidate=  0.016ms frontier=  0.002ms semisort=  0.021ms (keyed= 0.000ms group_by=  0.002ms per_group= 0.012ms)
[pe] round= 82 work=       11 frontier=       28 next=       11 consolidate=  0.017ms frontier=  0.002ms semisort=  0.013ms (keyed= 0.000ms group_by=  0.002ms per_group= 0.007ms)
[pe] round= 83 work=       11 frontier=       44 next=       11 consolidate=  0.017ms frontier=  0.002ms semisort=  0.013ms (keyed= 0.000ms group_by=  0.003ms per_group= 0.005ms)
[pe] round= 84 work=       11 frontier=       22 next=       11 consolidate=  0.026ms frontier=  0.002ms semisort=  0.010ms (keyed= 0.000ms group_by=  0.001ms per_group= 0.005ms)
[pe] round= 85 work=       11 frontier=       62 next=       11 consolidate=  0.020ms frontier=  0.002ms semisort=  0.016ms (keyed= 0.000ms group_by=  0.003ms per_group= 0.006ms)
[pe] round= 86 work=       11 frontier=       28 next=       11 consolidate=  0.015ms frontier=  0.002ms semisort=  0.011ms (keyed= 0.000ms group_by=  0.002ms per_group= 0.005ms)
[pe] round= 87 work=       11 frontier=       44 next=       11 consolidate=  0.020ms frontier=  0.002ms semisort=  0.023ms (keyed= 0.000ms group_by=  0.002ms per_group= 0.016ms)
[pe] round= 88 work=       11 frontier=       22 next=       11 consolidate=  0.023ms frontier=  0.002ms semisort=  0.007ms (keyed= 0.000ms group_by=  0.001ms per_group= 0.004ms)
[pe] round= 89 work=       11 frontier=       62 next=       11 consolidate=  0.016ms frontier=  0.002ms semisort=  0.013ms (keyed= 0.000ms group_by=  0.002ms per_group= 0.005ms)
[pe] round= 90 work=       11 frontier=       28 next=       11 consolidate=  0.017ms frontier=  0.002ms semisort=  0.011ms (keyed= 0.000ms group_by=  0.002ms per_group= 0.005ms)
[pe] round= 91 work=       11 frontier=       44 next=       11 consolidate=  0.021ms frontier=  0.002ms semisort=  0.012ms (keyed= 0.000ms group_by=  0.002ms per_group= 0.005ms)
[pe] round= 92 work=       11 frontier=       22 next=       11 consolidate=  0.027ms frontier=  0.002ms semisort=  0.010ms (keyed= 0.000ms group_by=  0.001ms per_group= 0.005ms)
[pe] round= 93 work=       11 frontier=       62 next=       11 consolidate=  0.019ms frontier=  0.002ms semisort=  0.024ms (keyed= 0.000ms group_by=  0.003ms per_group= 0.013ms)
[pe] round= 94 work=       11 frontier=       28 next=       11 consolidate=  0.024ms frontier=  0.002ms semisort=  0.017ms (keyed= 0.000ms group_by=  0.002ms per_group= 0.010ms)
[pe] round= 95 work=       11 frontier=       44 next=       11 consolidate=  0.028ms frontier=  0.002ms semisort=  0.013ms (keyed= 0.000ms group_by=  0.003ms per_group= 0.005ms)
[pe] round= 96 work=       11 frontier=       22 next=       11 consolidate=  0.021ms frontier=  0.002ms semisort=  0.010ms (keyed= 0.000ms group_by=  0.002ms per_group= 0.005ms)
[pe] round= 97 work=       11 frontier=       62 next=       11 consolidate=  0.023ms frontier=  0.002ms semisort=  0.017ms (keyed= 0.000ms group_by=  0.003ms per_group= 0.006ms)
[pe] round= 98 work=       11 frontier=       28 next=       11 consolidate=  0.024ms frontier=  0.002ms semisort=  0.016ms (keyed= 0.000ms group_by=  0.002ms per_group= 0.009ms)
[pe] round= 99 work=       11 frontier=       44 next=       11 consolidate=  0.019ms frontier=  0.002ms semisort=  0.012ms (keyed= 0.000ms group_by=  0.002ms per_group= 0.005ms)
[pe] round=100 work=       11 frontier=       22 next=       11 consolidate=  0.020ms frontier=  0.002ms semisort=  0.010ms (keyed= 0.000ms group_by=  0.001ms per_group= 0.005ms)
[pe] round=101 work=       11 frontier=       62 next=       11 consolidate=  0.020ms frontier=  0.002ms semisort=  0.031ms (keyed= 0.001ms group_by=  0.005ms per_group= 0.012ms)
[pe] round=102 work=       11 frontier=       28 next=       11 consolidate=  0.032ms frontier=  0.002ms semisort=  0.009ms (keyed= 0.000ms group_by=  0.001ms per_group= 0.004ms)
[pe] round=103 work=       11 frontier=       44 next=       11 consolidate=  0.034ms frontier=  0.002ms semisort=  0.012ms (keyed= 0.000ms group_by=  0.002ms per_group= 0.005ms)
[pe] round=104 work=       11 frontier=       22 next=       11 consolidate=  0.020ms frontier=  0.002ms semisort=  0.013ms (keyed= 0.000ms group_by=  0.001ms per_group= 0.005ms)
[pe] round=105 work=       11 frontier=       62 next=       11 consolidate=  0.023ms frontier=  0.002ms semisort=  0.022ms (keyed= 0.000ms group_by=  0.003ms per_group= 0.010ms)
[pe] round=106 work=       11 frontier=       28 next=       11 consolidate=  0.017ms frontier=  0.002ms semisort=  0.011ms (keyed= 0.000ms group_by=  0.001ms per_group= 0.005ms)
[pe] round=107 work=       11 frontier=       44 next=       11 consolidate=  0.029ms frontier=  0.002ms semisort=  0.012ms (keyed= 0.000ms group_by=  0.002ms per_group= 0.005ms)
[pe] round=108 work=       11 frontier=       22 next=       11 consolidate=  0.025ms frontier=  0.002ms semisort=  0.010ms (keyed= 0.000ms group_by=  0.001ms per_group= 0.005ms)
[pe] round=109 work=       11 frontier=       62 next=       11 consolidate=  0.018ms frontier=  0.002ms semisort=  0.026ms (keyed= 0.000ms group_by=  0.003ms per_group= 0.014ms)
[pe] round=110 work=       11 frontier=       28 next=       11 consolidate=  0.021ms frontier=  0.002ms semisort=  0.012ms (keyed= 0.000ms group_by=  0.002ms per_group= 0.006ms)
[pe] round=111 work=       11 frontier=       44 next=       11 consolidate=  0.027ms frontier=  0.002ms semisort=  0.013ms (keyed= 0.000ms group_by=  0.003ms per_group= 0.005ms)
[pe] round=112 work=       11 frontier=       22 next=       11 consolidate=  0.017ms frontier=  0.003ms semisort=  0.010ms (keyed= 0.000ms group_by=  0.001ms per_group= 0.005ms)
[pe] round=113 work=       11 frontier=       62 next=       11 consolidate=  0.021ms frontier=  0.002ms semisort=  0.017ms (keyed= 0.000ms group_by=  0.003ms per_group= 0.007ms)
[pe] round=114 work=       11 frontier=       28 next=       11 consolidate=  0.013ms frontier=  0.002ms semisort=  0.008ms (keyed= 0.000ms group_by=  0.001ms per_group= 0.004ms)
[pe] round=115 work=       11 frontier=       44 next=       11 consolidate=  0.011ms frontier=  0.002ms semisort=  0.009ms (keyed= 0.000ms group_by=  0.001ms per_group= 0.004ms)
[pe] round=116 work=       11 frontier=       22 next=       11 consolidate=  0.020ms frontier=  0.002ms semisort=  0.010ms (keyed= 0.000ms group_by=  0.001ms per_group= 0.005ms)
[pe] round=117 work=       11 frontier=       62 next=       11 consolidate=  0.015ms frontier=  0.002ms semisort=  0.026ms (keyed= 0.000ms group_by=  0.003ms per_group= 0.015ms)
[pe] round=118 work=       11 frontier=       28 next=       11 consolidate=  0.022ms frontier=  0.003ms semisort=  0.021ms (keyed= 0.000ms group_by=  0.002ms per_group= 0.014ms)
[pe] round=119 work=       11 frontier=       44 next=       11 consolidate=  0.026ms frontier=  0.002ms semisort=  0.012ms (keyed= 0.000ms group_by=  0.002ms per_group= 0.005ms)
[pe] round=120 work=       11 frontier=       22 next=       11 consolidate=  0.024ms frontier=  0.002ms semisort=  0.010ms (keyed= 0.000ms group_by=  0.001ms per_group= 0.005ms)
[pe] round=121 work=       11 frontier=       62 next=       11 consolidate=  0.016ms frontier=  0.002ms semisort=  0.018ms (keyed= 0.000ms group_by=  0.003ms per_group= 0.007ms)
[pe] round=122 work=       11 frontier=       28 next=       11 consolidate=  0.020ms frontier=  0.003ms semisort=  0.015ms (keyed= 0.000ms group_by=  0.002ms per_group= 0.008ms)
[pe] round=123 work=       11 frontier=       44 next=       11 consolidate=  0.017ms frontier=  0.002ms semisort=  0.012ms (keyed= 0.000ms group_by=  0.002ms per_group= 0.005ms)
[pe] round=124 work=       11 frontier=       22 next=       11 consolidate=  0.024ms frontier=  0.002ms semisort=  0.010ms (keyed= 0.000ms group_by=  0.001ms per_group= 0.005ms)
[pe] round=125 work=       11 frontier=       62 next=       11 consolidate=  0.021ms frontier=  0.002ms semisort=  0.023ms (keyed= 0.000ms group_by=  0.003ms per_group= 0.012ms)
[pe] round=126 work=       11 frontier=       28 next=       11 consolidate=  0.027ms frontier=  0.002ms semisort=  0.012ms (keyed= 0.000ms group_by=  0.002ms per_group= 0.005ms)
[pe] round=127 work=       11 frontier=       44 next=       11 consolidate=  0.022ms frontier=  0.002ms semisort=  0.012ms (keyed= 0.000ms group_by=  0.002ms per_group= 0.005ms)
[pe] round=128 work=       11 frontier=       22 next=       11 consolidate=  0.023ms frontier=  0.002ms semisort=  0.009ms (keyed= 0.000ms group_by=  0.001ms per_group= 0.005ms)
[pe] round=129 work=       11 frontier=       62 next=       11 consolidate=  0.029ms frontier=  0.002ms semisort=  0.017ms (keyed= 0.000ms group_by=  0.003ms per_group= 0.007ms)
[pe] round=130 work=       11 frontier=       28 next=       11 consolidate=  0.018ms frontier=  0.002ms semisort=  0.023ms (keyed= 0.000ms group_by=  0.002ms per_group= 0.016ms)
[pe] round=131 work=       11 frontier=       44 next=       11 consolidate=  0.021ms frontier=  0.002ms semisort=  0.009ms (keyed= 0.000ms group_by=  0.001ms per_group= 0.004ms)
[pe] round=132 work=       11 frontier=       22 next=       11 consolidate=  0.025ms frontier=  0.002ms semisort=  0.011ms (keyed= 0.000ms group_by=  0.002ms per_group= 0.005ms)
[pe] round=133 work=       11 frontier=       62 next=       11 consolidate=  0.029ms frontier=  0.002ms semisort=  0.017ms (keyed= 0.000ms group_by=  0.003ms per_group= 0.006ms)
[pe] round=134 work=       11 frontier=       28 next=       11 consolidate=  0.017ms frontier=  0.002ms semisort=  0.011ms (keyed= 0.000ms group_by=  0.002ms per_group= 0.005ms)
[pe] round=135 work=       11 frontier=       44 next=       11 consolidate=  0.016ms frontier=  0.002ms semisort=  0.012ms (keyed= 0.000ms group_by=  0.002ms per_group= 0.005ms)
[pe] round=136 work=       11 frontier=       22 next=       11 consolidate=  0.013ms frontier=  0.002ms semisort=  0.010ms (keyed= 0.000ms group_by=  0.001ms per_group= 0.005ms)
[pe] round=137 work=       11 frontier=       62 next=       11 consolidate=  0.019ms frontier=  0.002ms semisort=  0.013ms (keyed= 0.000ms group_by=  0.002ms per_group= 0.005ms)
[pe] round=138 work=       11 frontier=       28 next=       11 consolidate=  0.019ms frontier=  0.002ms semisort=  0.008ms (keyed= 0.000ms group_by=  0.001ms per_group= 0.004ms)
[pe] round=139 work=       11 frontier=       44 next=       11 consolidate=  0.016ms frontier=  0.002ms semisort=  0.012ms (keyed= 0.000ms group_by=  0.002ms per_group= 0.005ms)
[pe] round=140 work=       11 frontier=       22 next=       11 consolidate=  0.029ms frontier=  0.002ms semisort=  0.010ms (keyed= 0.000ms group_by=  0.001ms per_group= 0.005ms)
[pe] round=141 work=       11 frontier=       62 next=       11 consolidate=  0.018ms frontier=  0.002ms semisort=  0.023ms (keyed= 0.000ms group_by=  0.003ms per_group= 0.012ms)
[pe] round=142 work=       11 frontier=       28 next=       11 consolidate=  0.028ms frontier=  0.002ms semisort=  0.012ms (keyed= 0.000ms group_by=  0.002ms per_group= 0.006ms)
[pe] round=143 work=       11 frontier=       44 next=       11 consolidate=  0.034ms frontier=  0.002ms semisort=  0.013ms (keyed= 0.000ms group_by=  0.003ms per_group= 0.005ms)
[pe] round=144 work=       11 frontier=       22 next=       11 consolidate=  0.011ms frontier=  0.002ms semisort=  0.008ms (keyed= 0.000ms group_by=  0.001ms per_group= 0.004ms)
[pe] round=145 work=       11 frontier=       62 next=       11 consolidate=  0.027ms frontier=  0.002ms semisort=  0.017ms (keyed= 0.000ms group_by=  0.003ms per_group= 0.007ms)
[pe] round=146 work=       11 frontier=       28 next=       11 consolidate=  0.015ms frontier=  0.003ms semisort=  0.038ms (keyed= 0.001ms group_by=  0.003ms per_group= 0.014ms)
[pe] round=147 work=       11 frontier=       44 next=       11 consolidate=  0.029ms frontier=  0.002ms semisort=  0.018ms (keyed= 0.000ms group_by=  0.002ms per_group= 0.010ms)
[pe] round=148 work=       11 frontier=       22 next=       11 consolidate=  0.019ms frontier=  0.002ms semisort=  0.010ms (keyed= 0.000ms group_by=  0.001ms per_group= 0.005ms)
[pe] round=149 work=       11 frontier=       62 next=       11 consolidate=  0.022ms frontier=  0.002ms semisort=  0.018ms (keyed= 0.000ms group_by=  0.003ms per_group= 0.007ms)
[pe] round=150 work=       11 frontier=       28 next=       11 consolidate=  0.028ms frontier=  0.003ms semisort=  0.011ms (keyed= 0.000ms group_by=  0.002ms per_group= 0.005ms)
[pe] round=151 work=       11 frontier=       44 next=       11 consolidate=  0.033ms frontier=  0.002ms semisort=  0.012ms (keyed= 0.000ms group_by=  0.002ms per_group= 0.005ms)
[pe] round=152 work=       11 frontier=       22 next=       11 consolidate=  0.015ms frontier=  0.002ms semisort=  0.023ms (keyed= 0.000ms group_by=  0.002ms per_group= 0.017ms)
[pe] round=153 work=       11 frontier=       62 next=       11 consolidate=  0.020ms frontier=  0.002ms semisort=  0.018ms (keyed= 0.000ms group_by=  0.003ms per_group= 0.007ms)
[pe] round=154 work=       11 frontier=       28 next=       11 consolidate=  0.018ms frontier=  0.002ms semisort=  0.018ms (keyed= 0.000ms group_by=  0.001ms per_group= 0.011ms)
[pe] round=155 work=       11 frontier=       44 next=       11 consolidate=  0.024ms frontier=  0.002ms semisort=  0.011ms (keyed= 0.000ms group_by=  0.002ms per_group= 0.004ms)
[pe] round=156 work=       11 frontier=       22 next=       11 consolidate=  0.018ms frontier=  0.002ms semisort=  0.007ms (keyed= 0.000ms group_by=  0.001ms per_group= 0.003ms)
[pe] round=157 work=       11 frontier=       62 next=       11 consolidate=  0.023ms frontier=  0.002ms semisort=  0.018ms (keyed= 0.000ms group_by=  0.003ms per_group= 0.007ms)
[pe] round=158 work=       11 frontier=       28 next=       11 consolidate=  0.024ms frontier=  0.002ms semisort=  0.012ms (keyed= 0.000ms group_by=  0.002ms per_group= 0.005ms)
[pe] round=159 work=       11 frontier=       44 next=       11 consolidate=  0.021ms frontier=  0.002ms semisort=  0.013ms (keyed= 0.000ms group_by=  0.002ms per_group= 0.005ms)
[pe] round=160 work=       11 frontier=       22 next=       11 consolidate=  0.018ms frontier=  0.002ms semisort=  0.009ms (keyed= 0.000ms group_by=  0.001ms per_group= 0.005ms)
[pe] round=161 work=       11 frontier=       62 next=       11 consolidate=  0.029ms frontier=  0.002ms semisort=  0.017ms (keyed= 0.000ms group_by=  0.003ms per_group= 0.007ms)
[pe] round=162 work=       11 frontier=       28 next=       11 consolidate=  0.016ms frontier=  0.002ms semisort=  0.012ms (keyed= 0.000ms group_by=  0.002ms per_group= 0.005ms)
[pe] round=163 work=       11 frontier=       44 next=       11 consolidate=  0.025ms frontier=  0.002ms semisort=  0.012ms (keyed= 0.000ms group_by=  0.002ms per_group= 0.005ms)
[pe] round=164 work=       11 frontier=       22 next=       11 consolidate=  0.022ms frontier=  0.002ms semisort=  0.010ms (keyed= 0.000ms group_by=  0.001ms per_group= 0.005ms)
[pe] round=165 work=       11 frontier=       62 next=       11 consolidate=  0.020ms frontier=  0.002ms semisort=  0.016ms (keyed= 0.000ms group_by=  0.003ms per_group= 0.007ms)
[pe] round=166 work=       11 frontier=       28 next=       11 consolidate=  0.030ms frontier=  0.002ms semisort=  0.014ms (keyed= 0.000ms group_by=  0.002ms per_group= 0.007ms)
[pe] round=167 work=       11 frontier=       44 next=       11 consolidate=  0.014ms frontier=  0.002ms semisort=  0.011ms (keyed= 0.000ms group_by=  0.002ms per_group= 0.005ms)
[pe] round=168 work=       11 frontier=       22 next=       11 consolidate=  0.026ms frontier=  0.002ms semisort=  0.009ms (keyed= 0.000ms group_by=  0.001ms per_group= 0.005ms)
[pe] round=169 work=       11 frontier=       62 next=       11 consolidate=  0.016ms frontier=  0.002ms semisort=  0.028ms (keyed= 0.000ms group_by=  0.003ms per_group= 0.016ms)
[pe] round=170 work=       11 frontier=       28 next=       11 consolidate=  0.015ms frontier=  0.002ms semisort=  0.018ms (keyed= 0.000ms group_by=  0.002ms per_group= 0.012ms)
[pe] round=171 work=       11 frontier=       44 next=       11 consolidate=  0.018ms frontier=  0.002ms semisort=  0.013ms (keyed= 0.000ms group_by=  0.003ms per_group= 0.006ms)
[pe] round=172 work=       11 frontier=       22 next=       11 consolidate=  0.014ms frontier=  0.002ms semisort=  0.010ms (keyed= 0.000ms group_by=  0.001ms per_group= 0.005ms)
[pe] round=173 work=       11 frontier=       62 next=       11 consolidate=  0.017ms frontier=  0.002ms semisort=  0.018ms (keyed= 0.000ms group_by=  0.003ms per_group= 0.007ms)
[pe] round=174 work=       11 frontier=       28 next=       11 consolidate=  0.015ms frontier=  0.002ms semisort=  0.014ms (keyed= 0.000ms group_by=  0.002ms per_group= 0.007ms)
[pe] round=175 work=       11 frontier=       44 next=       11 consolidate=  0.020ms frontier=  0.002ms semisort=  0.012ms (keyed= 0.000ms group_by=  0.002ms per_group= 0.005ms)
[pe] round=176 work=       11 frontier=       22 next=       11 consolidate=  0.021ms frontier=  0.002ms semisort=  0.010ms (keyed= 0.000ms group_by=  0.001ms per_group= 0.005ms)
[pe] round=177 work=       11 frontier=       62 next=       11 consolidate=  0.023ms frontier=  0.002ms semisort=  0.021ms (keyed= 0.000ms group_by=  0.003ms per_group= 0.008ms)
[pe] round=178 work=       11 frontier=       28 next=       11 consolidate=  0.012ms frontier=  0.002ms semisort=  0.008ms (keyed= 0.000ms group_by=  0.001ms per_group= 0.003ms)
[pe] round=179 work=       11 frontier=       44 next=       11 consolidate=  0.011ms frontier=  0.002ms semisort=  0.009ms (keyed= 0.000ms group_by=  0.002ms per_group= 0.004ms)
[pe] round=180 work=       11 frontier=       22 next=       11 consolidate=  0.019ms frontier=  0.002ms semisort=  0.010ms (keyed= 0.000ms group_by=  0.001ms per_group= 0.005ms)
[pe] round=181 work=       11 frontier=       62 next=       11 consolidate=  0.016ms frontier=  0.002ms semisort=  0.018ms (keyed= 0.000ms group_by=  0.003ms per_group= 0.007ms)
[pe] round=182 work=       11 frontier=       28 next=       11 consolidate=  0.026ms frontier=  0.003ms semisort=  0.022ms (keyed= 0.000ms group_by=  0.002ms per_group= 0.015ms)
[pe] round=183 work=       11 frontier=       44 next=       11 consolidate=  0.020ms frontier=  0.002ms semisort=  0.012ms (keyed= 0.000ms group_by=  0.002ms per_group= 0.005ms)
[pe] round=184 work=       11 frontier=       22 next=       11 consolidate=  0.026ms frontier=  0.002ms semisort=  0.010ms (keyed= 0.000ms group_by=  0.002ms per_group= 0.005ms)
[pe] round=185 work=       11 frontier=       62 next=       11 consolidate=  0.019ms frontier=  0.002ms semisort=  0.019ms (keyed= 0.000ms group_by=  0.002ms per_group= 0.011ms)
[pe] round=186 work=       11 frontier=       28 next=       11 consolidate=  0.014ms frontier=  0.002ms semisort=  0.011ms (keyed= 0.000ms group_by=  0.002ms per_group= 0.005ms)
[pe] round=187 work=       11 frontier=       44 next=       11 consolidate=  0.017ms frontier=  0.002ms semisort=  0.012ms (keyed= 0.000ms group_by=  0.003ms per_group= 0.005ms)
[pe] round=188 work=       11 frontier=       22 next=       11 consolidate=  0.020ms frontier=  0.002ms semisort=  0.010ms (keyed= 0.000ms group_by=  0.001ms per_group= 0.005ms)
[pe] round=189 work=       11 frontier=       62 next=       11 consolidate=  0.021ms frontier=  0.002ms semisort=  0.058ms (keyed= 0.001ms group_by=  0.006ms per_group= 0.016ms)
[pe] round=190 work=       11 frontier=       28 next=       11 consolidate=  0.016ms frontier=  0.002ms semisort=  0.020ms (keyed= 0.000ms group_by=  0.002ms per_group= 0.012ms)
[pe] round=191 work=       11 frontier=       44 next=       11 consolidate=  0.020ms frontier=  0.002ms semisort=  0.013ms (keyed= 0.000ms group_by=  0.003ms per_group= 0.005ms)
[pe] round=192 work=       11 frontier=       22 next=       11 consolidate=  0.021ms frontier=  0.002ms semisort=  0.009ms (keyed= 0.000ms group_by=  0.001ms per_group= 0.005ms)
[pe] round=193 work=       11 frontier=       62 next=       11 consolidate=  0.013ms frontier=  0.002ms semisort=  0.013ms (keyed= 0.000ms group_by=  0.002ms per_group= 0.005ms)
[pe] round=194 work=       11 frontier=       28 next=       11 consolidate=  0.022ms frontier=  0.003ms semisort=  0.012ms (keyed= 0.000ms group_by=  0.002ms per_group= 0.006ms)
[pe] round=195 work=       11 frontier=       44 next=       11 consolidate=  0.014ms frontier=  0.002ms semisort=  0.012ms (keyed= 0.000ms group_by=  0.002ms per_group= 0.005ms)
[pe] round=196 work=       11 frontier=       22 next=       11 consolidate=  0.026ms frontier=  0.002ms semisort=  0.022ms (keyed= 0.000ms group_by=  0.001ms per_group= 0.016ms)
[pe] round=197 work=       11 frontier=       62 next=       11 consolidate=  0.019ms frontier=  0.002ms semisort=  0.028ms (keyed= 0.000ms group_by=  0.003ms per_group= 0.017ms)
[pe] round=198 work=       11 frontier=       28 next=       11 consolidate=  0.025ms frontier=  0.002ms semisort=  0.011ms (keyed= 0.000ms group_by=  0.002ms per_group= 0.005ms)
[pe] round=199 work=       11 frontier=       44 next=       11 consolidate=  0.021ms frontier=  0.002ms semisort=  0.013ms (keyed= 0.000ms group_by=  0.003ms per_group= 0.005ms)
[pe] round=200 work=       11 frontier=       22 next=       11 consolidate=  0.014ms frontier=  0.002ms semisort=  0.007ms (keyed= 0.000ms group_by=  0.001ms per_group= 0.003ms)
[pe] round=201 work=       11 frontier=       62 next=       11 consolidate=  0.014ms frontier=  0.002ms semisort=  0.014ms (keyed= 0.000ms group_by=  0.002ms per_group= 0.005ms)
[pe] round=202 work=       11 frontier=       28 next=       11 consolidate=  0.018ms frontier=  0.002ms semisort=  0.016ms (keyed= 0.000ms group_by=  0.002ms per_group= 0.008ms)
[pe] round=203 work=       11 frontier=       44 next=       11 consolidate=  0.013ms frontier=  0.002ms semisort=  0.013ms (keyed= 0.000ms group_by=  0.002ms per_group= 0.005ms)
[pe] round=204 work=       11 frontier=       22 next=       11 consolidate=  0.016ms frontier=  0.002ms semisort=  0.010ms (keyed= 0.000ms group_by=  0.001ms per_group= 0.005ms)
[pe] round=205 work=       11 frontier=       62 next=       11 consolidate=  0.020ms frontier=  0.003ms semisort=  0.018ms (keyed= 0.000ms group_by=  0.003ms per_group= 0.007ms)
[pe] round=206 work=       11 frontier=       28 next=       11 consolidate=  0.016ms frontier=  0.002ms semisort=  0.011ms (keyed= 0.000ms group_by=  0.002ms per_group= 0.006ms)
[pe] round=207 work=       11 frontier=       44 next=       11 consolidate=  0.025ms frontier=  0.002ms semisort=  0.008ms (keyed= 0.000ms group_by=  0.001ms per_group= 0.004ms)
[pe] round=208 work=       11 frontier=       22 next=       11 consolidate=  0.021ms frontier=  0.002ms semisort=  0.018ms (keyed= 0.000ms group_by=  0.001ms per_group= 0.012ms)
[pe] round=209 work=       11 frontier=       70 next=       11 consolidate=  0.031ms frontier=  0.002ms semisort=  0.027ms (keyed= 0.001ms group_by=  0.005ms per_group= 0.009ms)
[pe] round=210 work=       11 frontier=       28 next=        7 consolidate=  0.014ms frontier=  0.002ms semisort=  0.024ms (keyed= 0.000ms group_by=  0.002ms per_group= 0.017ms)
[pe] round=211 work=        7 frontier=       28 next=        7 consolidate=  0.013ms frontier=  0.002ms semisort=  0.009ms (keyed= 0.000ms group_by=  0.002ms per_group= 0.004ms)
[pe] round=212 work=        7 frontier=       14 next=        7 consolidate=  0.015ms frontier=  0.002ms semisort=  0.007ms (keyed= 0.000ms group_by=  0.001ms per_group= 0.003ms)
[pe] round=213 work=        7 frontier=       46 next=        7 consolidate=  0.012ms frontier=  0.002ms semisort=  0.010ms (keyed= 0.000ms group_by=  0.002ms per_group= 0.004ms)
[pe] round=214 work=        7 frontier=       20 next=        7 consolidate=  0.009ms frontier=  0.001ms semisort=  0.007ms (keyed= 0.000ms group_by=  0.001ms per_group= 0.003ms)
[pe] round=215 work=        7 frontier=       28 next=        7 consolidate=  0.015ms frontier=  0.002ms semisort=  0.007ms (keyed= 0.000ms group_by=  0.001ms per_group= 0.003ms)
[pe] round=216 work=        7 frontier=       14 next=        7 consolidate=  0.014ms frontier=  0.002ms semisort=  0.007ms (keyed= 0.000ms group_by=  0.001ms per_group= 0.004ms)
[pe] round=217 work=        7 frontier=       46 next=        7 consolidate=  0.023ms frontier=  0.002ms semisort=  0.014ms (keyed= 0.000ms group_by=  0.002ms per_group= 0.005ms)
[pe] round=218 work=        7 frontier=       20 next=        7 consolidate=  0.009ms frontier=  0.001ms semisort=  0.008ms (keyed= 0.000ms group_by=  0.001ms per_group= 0.004ms)
[pe] round=219 work=        7 frontier=       28 next=        7 consolidate=  0.014ms frontier=  0.002ms semisort=  0.009ms (keyed= 0.000ms group_by=  0.001ms per_group= 0.004ms)
[pe] round=220 work=        7 frontier=       14 next=        7 consolidate=  0.016ms frontier=  0.002ms semisort=  0.007ms (keyed= 0.000ms group_by=  0.001ms per_group= 0.004ms)
[pe] round=221 work=        7 frontier=       46 next=        7 consolidate=  0.010ms frontier=  0.001ms semisort=  0.019ms (keyed= 0.000ms group_by=  0.003ms per_group= 0.009ms)
[pe] round=222 work=        7 frontier=       20 next=        7 consolidate=  0.015ms frontier=  0.002ms semisort=  0.009ms (keyed= 0.000ms group_by=  0.002ms per_group= 0.004ms)
[pe] round=223 work=        7 frontier=       28 next=        7 consolidate=  0.028ms frontier=  0.002ms semisort=  0.009ms (keyed= 0.000ms group_by=  0.002ms per_group= 0.003ms)
[pe] round=224 work=        7 frontier=       14 next=        7 consolidate=  0.011ms frontier=  0.001ms semisort=  0.007ms (keyed= 0.000ms group_by=  0.001ms per_group= 0.004ms)
[pe] round=225 work=        7 frontier=       46 next=        7 consolidate=  0.022ms frontier=  0.002ms semisort=  0.017ms (keyed= 0.000ms group_by=  0.002ms per_group= 0.009ms)
[pe] round=226 work=        7 frontier=       20 next=        7 consolidate=  0.015ms frontier=  0.001ms semisort=  0.006ms (keyed= 0.000ms group_by=  0.001ms per_group= 0.003ms)
[pe] round=227 work=        7 frontier=       28 next=        7 consolidate=  0.017ms frontier=  0.001ms semisort=  0.009ms (keyed= 0.000ms group_by=  0.002ms per_group= 0.003ms)
[pe] round=228 work=        7 frontier=       14 next=        7 consolidate=  0.017ms frontier=  0.002ms semisort=  0.007ms (keyed= 0.000ms group_by=  0.001ms per_group= 0.004ms)
[pe] round=229 work=        7 frontier=       46 next=        7 consolidate=  0.012ms frontier=  0.002ms semisort=  0.029ms (keyed= 0.000ms group_by=  0.002ms per_group= 0.020ms)
[pe] round=230 work=        7 frontier=       20 next=        7 consolidate=  0.018ms frontier=  0.002ms semisort=  0.009ms (keyed= 0.000ms group_by=  0.002ms per_group= 0.004ms)
[pe] round=231 work=        7 frontier=       28 next=        7 consolidate=  0.013ms frontier=  0.002ms semisort=  0.009ms (keyed= 0.000ms group_by=  0.002ms per_group= 0.003ms)
[pe] round=232 work=        7 frontier=       14 next=        7 consolidate=  0.014ms frontier=  0.002ms semisort=  0.007ms (keyed= 0.000ms group_by=  0.001ms per_group= 0.004ms)
[pe] round=233 work=        7 frontier=       46 next=        7 consolidate=  0.017ms frontier=  0.002ms semisort=  0.011ms (keyed= 0.000ms group_by=  0.002ms per_group= 0.004ms)
[pe] round=234 work=        7 frontier=       20 next=        7 consolidate=  0.018ms frontier=  0.002ms semisort=  0.007ms (keyed= 0.000ms group_by=  0.001ms per_group= 0.003ms)
[pe] round=235 work=        7 frontier=       28 next=        7 consolidate=  0.013ms frontier=  0.001ms semisort=  0.009ms (keyed= 0.000ms group_by=  0.001ms per_group= 0.004ms)
[pe] round=236 work=        7 frontier=       14 next=        7 consolidate=  0.019ms frontier=  0.002ms semisort=  0.010ms (keyed= 0.000ms group_by=  0.001ms per_group= 0.006ms)
[pe] round=237 work=        7 frontier=       46 next=        7 consolidate=  0.027ms frontier=  0.002ms semisort=  0.021ms (keyed= 0.000ms group_by=  0.002ms per_group= 0.011ms)
[pe] round=238 work=        7 frontier=       20 next=        7 consolidate=  0.020ms frontier=  0.002ms semisort=  0.010ms (keyed= 0.000ms group_by=  0.002ms per_group= 0.004ms)
[pe] round=239 work=        7 frontier=       28 next=        7 consolidate=  0.012ms frontier=  0.002ms semisort=  0.009ms (keyed= 0.000ms group_by=  0.001ms per_group= 0.003ms)
[pe] round=240 work=        7 frontier=       14 next=        7 consolidate=  0.010ms frontier=  0.001ms semisort=  0.005ms (keyed= 0.000ms group_by=  0.001ms per_group= 0.003ms)
[pe] round=241 work=        7 frontier=       46 next=        7 consolidate=  0.011ms frontier=  0.001ms semisort=  0.013ms (keyed= 0.000ms group_by=  0.002ms per_group= 0.006ms)
[pe] round=242 work=        7 frontier=       20 next=        7 consolidate=  0.014ms frontier=  0.002ms semisort=  0.009ms (keyed= 0.000ms group_by=  0.002ms per_group= 0.004ms)
[pe] round=243 work=        7 frontier=       28 next=        7 consolidate=  0.013ms frontier=  0.001ms semisort=  0.009ms (keyed= 0.000ms group_by=  0.001ms per_group= 0.004ms)
[pe] round=244 work=        7 frontier=       14 next=        7 consolidate=  0.030ms frontier=  0.002ms semisort=  0.007ms (keyed= 0.000ms group_by=  0.001ms per_group= 0.004ms)
[pe] round=245 work=        7 frontier=       46 next=        7 consolidate=  0.011ms frontier=  0.002ms semisort=  0.022ms (keyed= 0.000ms group_by=  0.003ms per_group= 0.013ms)
[pe] round=246 work=        7 frontier=       20 next=        7 consolidate=  0.011ms frontier=  0.001ms semisort=  0.009ms (keyed= 0.000ms group_by=  0.002ms per_group= 0.004ms)
[pe] round=247 work=        7 frontier=       28 next=        7 consolidate=  0.014ms frontier=  0.002ms semisort=  0.009ms (keyed= 0.000ms group_by=  0.002ms per_group= 0.003ms)
[pe] round=248 work=        7 frontier=       14 next=        7 consolidate=  0.021ms frontier=  0.002ms semisort=  0.007ms (keyed= 0.000ms group_by=  0.001ms per_group= 0.004ms)
[pe] round=249 work=        7 frontier=       46 next=        7 consolidate=  0.015ms frontier=  0.002ms semisort=  0.013ms (keyed= 0.000ms group_by=  0.002ms per_group= 0.005ms)
[pe] round=250 work=        7 frontier=       20 next=        7 consolidate=  0.021ms frontier=  0.002ms semisort=  0.008ms (keyed= 0.000ms group_by=  0.001ms per_group= 0.004ms)
[pe] round=251 work=        7 frontier=       28 next=        7 consolidate=  0.014ms frontier=  0.002ms semisort=  0.009ms (keyed= 0.000ms group_by=  0.001ms per_group= 0.004ms)
[pe] round=252 work=        7 frontier=       14 next=        7 consolidate=  0.022ms frontier=  0.002ms semisort=  0.007ms (keyed= 0.000ms group_by=  0.001ms per_group= 0.004ms)
[pe] round=253 work=        7 frontier=       46 next=        7 consolidate=  0.011ms frontier=  0.001ms semisort=  0.010ms (keyed= 0.000ms group_by=  0.002ms per_group= 0.003ms)
[pe] round=254 work=        7 frontier=       20 next=        7 consolidate=  0.010ms frontier=  0.001ms semisort=  0.006ms (keyed= 0.000ms group_by=  0.001ms per_group= 0.003ms)
[pe] round=255 work=        7 frontier=       28 next=        7 consolidate=  0.012ms frontier=  0.001ms semisort=  0.009ms (keyed= 0.000ms group_by=  0.001ms per_group= 0.004ms)
[pe] round=256 work=        7 frontier=       14 next=        7 consolidate=  0.014ms frontier=  0.002ms semisort=  0.007ms (keyed= 0.000ms group_by=  0.001ms per_group= 0.004ms)
[pe] round=257 work=        7 frontier=       46 next=        7 consolidate=  0.013ms frontier=  0.002ms semisort=  0.014ms (keyed= 0.000ms group_by=  0.002ms per_group= 0.005ms)
[pe] round=258 work=        7 frontier=       20 next=        7 consolidate=  0.011ms frontier=  0.002ms semisort=  0.009ms (keyed= 0.000ms group_by=  0.001ms per_group= 0.004ms)
[pe] round=259 work=        7 frontier=       28 next=        7 consolidate=  0.020ms frontier=  0.002ms semisort=  0.008ms (keyed= 0.000ms group_by=  0.001ms per_group= 0.003ms)
[pe] round=260 work=        7 frontier=       14 next=        7 consolidate=  0.017ms frontier=  0.001ms semisort=  0.007ms (keyed= 0.000ms group_by=  0.001ms per_group= 0.004ms)
[pe] round=261 work=        7 frontier=       46 next=        7 consolidate=  0.016ms frontier=  0.002ms semisort=  0.025ms (keyed= 0.000ms group_by=  0.015ms per_group= 0.004ms)
[pe] round=262 work=        7 frontier=       20 next=        7 consolidate=  0.010ms frontier=  0.001ms semisort=  0.008ms (keyed= 0.000ms group_by=  0.001ms per_group= 0.004ms)
[pe] round=263 work=        7 frontier=       28 next=        7 consolidate=  0.015ms frontier=  0.002ms semisort=  0.008ms (keyed= 0.000ms group_by=  0.002ms per_group= 0.003ms)
[pe] round=264 work=        7 frontier=       14 next=        7 consolidate=  0.009ms frontier=  0.001ms semisort=  0.007ms (keyed= 0.000ms group_by=  0.001ms per_group= 0.004ms)
[pe] round=265 work=        7 frontier=       46 next=        7 consolidate=  0.015ms frontier=  0.002ms semisort=  0.033ms (keyed= 0.000ms group_by=  0.003ms per_group= 0.024ms)
[pe] round=266 work=        7 frontier=       20 next=        7 consolidate=  0.024ms frontier=  0.002ms semisort=  0.009ms (keyed= 0.000ms group_by=  0.002ms per_group= 0.004ms)
[pe] round=267 work=        7 frontier=       28 next=        7 consolidate=  0.009ms frontier=  0.001ms semisort=  0.006ms (keyed= 0.000ms group_by=  0.001ms per_group= 0.003ms)
[pe] round=268 work=        7 frontier=       14 next=        7 consolidate=  0.015ms frontier=  0.002ms semisort=  0.005ms (keyed= 0.000ms group_by=  0.001ms per_group= 0.003ms)
[pe] round=269 work=        7 frontier=       46 next=        7 consolidate=  0.020ms frontier=  0.002ms semisort=  0.034ms (keyed= 0.000ms group_by=  0.003ms per_group= 0.024ms)
[pe] round=270 work=        7 frontier=       20 next=        7 consolidate=  0.018ms frontier=  0.002ms semisort=  0.009ms (keyed= 0.000ms group_by=  0.002ms per_group= 0.004ms)
[pe] round=271 work=        7 frontier=       28 next=        7 consolidate=  0.021ms frontier=  0.001ms semisort=  0.009ms (keyed= 0.000ms group_by=  0.002ms per_group= 0.003ms)
[pe] round=272 work=        7 frontier=       14 next=        7 consolidate=  0.010ms frontier=  0.001ms semisort=  0.007ms (keyed= 0.000ms group_by=  0.001ms per_group= 0.003ms)
[pe] round=273 work=        7 frontier=       46 next=        7 consolidate=  0.014ms frontier=  0.002ms semisort=  0.015ms (keyed= 0.000ms group_by=  0.003ms per_group= 0.006ms)
[pe] round=274 work=        7 frontier=       20 next=        7 consolidate=  0.018ms frontier=  0.002ms semisort=  0.009ms (keyed= 0.000ms group_by=  0.002ms per_group= 0.004ms)
[pe] round=275 work=        7 frontier=       28 next=        7 consolidate=  0.024ms frontier=  0.002ms semisort=  0.008ms (keyed= 0.000ms group_by=  0.002ms per_group= 0.004ms)
[pe] round=276 work=        7 frontier=       14 next=        7 consolidate=  0.020ms frontier=  0.002ms semisort=  0.007ms (keyed= 0.000ms group_by=  0.001ms per_group= 0.004ms)
[pe] round=277 work=        7 frontier=       46 next=        7 consolidate=  0.013ms frontier=  0.001ms semisort=  0.010ms (keyed= 0.000ms group_by=  0.002ms per_group= 0.003ms)
[pe] round=278 work=        7 frontier=       20 next=        7 consolidate=  0.010ms frontier=  0.001ms semisort=  0.006ms (keyed= 0.000ms group_by=  0.001ms per_group= 0.003ms)
[pe] round=279 work=        7 frontier=       28 next=        7 consolidate=  0.025ms frontier=  0.002ms semisort=  0.008ms (keyed= 0.000ms group_by=  0.001ms per_group= 0.003ms)
[pe] round=280 work=        7 frontier=       14 next=        7 consolidate=  0.010ms frontier=  0.002ms semisort=  0.007ms (keyed= 0.000ms group_by=  0.001ms per_group= 0.004ms)
[pe] round=281 work=        7 frontier=       46 next=        7 consolidate=  0.023ms frontier=  0.002ms semisort=  0.014ms (keyed= 0.000ms group_by=  0.002ms per_group= 0.005ms)
[pe] round=282 work=        7 frontier=       20 next=        7 consolidate=  0.019ms frontier=  0.002ms semisort=  0.009ms (keyed= 0.000ms group_by=  0.001ms per_group= 0.004ms)
[pe] round=283 work=        7 frontier=       28 next=        7 consolidate=  0.012ms frontier=  0.002ms semisort=  0.009ms (keyed= 0.000ms group_by=  0.002ms per_group= 0.004ms)
[pe] round=284 work=        7 frontier=       14 next=        7 consolidate=  0.018ms frontier=  0.002ms semisort=  0.008ms (keyed= 0.000ms group_by=  0.001ms per_group= 0.004ms)
[pe] round=285 work=        7 frontier=       46 next=        7 consolidate=  0.013ms frontier=  0.002ms semisort=  0.014ms (keyed= 0.000ms group_by=  0.003ms per_group= 0.005ms)
[pe] round=286 work=        7 frontier=       20 next=        7 consolidate=  0.009ms frontier=  0.001ms semisort=  0.018ms (keyed= 0.000ms group_by=  0.001ms per_group= 0.003ms)
[pe] round=287 work=        7 frontier=       28 next=        7 consolidate=  0.017ms frontier=  0.001ms semisort=  0.008ms (keyed= 0.000ms group_by=  0.001ms per_group= 0.003ms)
[pe] round=288 work=        7 frontier=       14 next=        7 consolidate=  0.013ms frontier=  0.002ms semisort=  0.015ms (keyed= 0.000ms group_by=  0.001ms per_group= 0.011ms)
[pe] round=289 work=        7 frontier=       46 next=        7 consolidate=  0.012ms frontier=  0.002ms semisort=  0.014ms (keyed= 0.000ms group_by=  0.002ms per_group= 0.005ms)
[pe] round=290 work=        7 frontier=       20 next=        7 consolidate=  0.010ms frontier=  0.002ms semisort=  0.008ms (keyed= 0.000ms group_by=  0.001ms per_group= 0.004ms)
[pe] round=291 work=        7 frontier=       28 next=        7 consolidate=  0.014ms frontier=  0.002ms semisort=  0.009ms (keyed= 0.000ms group_by=  0.002ms per_group= 0.003ms)
[pe] round=292 work=        7 frontier=       14 next=        7 consolidate=  0.019ms frontier=  0.002ms semisort=  0.008ms (keyed= 0.000ms group_by=  0.001ms per_group= 0.004ms)
[pe] round=293 work=        7 frontier=       46 next=        7 consolidate=  0.018ms frontier=  0.002ms semisort=  0.013ms (keyed= 0.000ms group_by=  0.002ms per_group= 0.004ms)
[pe] round=294 work=        7 frontier=       20 next=        7 consolidate=  0.012ms frontier=  0.002ms semisort=  0.009ms (keyed= 0.000ms group_by=  0.002ms per_group= 0.004ms)
[pe] round=295 work=        7 frontier=       28 next=        7 consolidate=  0.024ms frontier=  0.002ms semisort=  0.008ms (keyed= 0.000ms group_by=  0.001ms per_group= 0.003ms)
[pe] round=296 work=        7 frontier=       14 next=        7 consolidate=  0.016ms frontier=  0.002ms semisort=  0.006ms (keyed= 0.000ms group_by=  0.001ms per_group= 0.003ms)
[pe] round=297 work=        7 frontier=       46 next=        7 consolidate=  0.012ms frontier=  0.002ms semisort=  0.010ms (keyed= 0.000ms group_by=  0.002ms per_group= 0.004ms)
[pe] round=298 work=        7 frontier=       20 next=        7 consolidate=  0.023ms frontier=  0.002ms semisort=  0.007ms (keyed= 0.000ms group_by=  0.001ms per_group= 0.003ms)
[pe] round=299 work=        7 frontier=       28 next=        7 consolidate=  0.014ms frontier=  0.002ms semisort=  0.006ms (keyed= 0.000ms group_by=  0.001ms per_group= 0.003ms)
[pe] round=300 work=        7 frontier=       14 next=        7 consolidate=  0.017ms frontier=  0.001ms semisort=  0.006ms (keyed= 0.000ms group_by=  0.001ms per_group= 0.003ms)
[pe] round=301 work=        7 frontier=       46 next=        7 consolidate=  0.014ms frontier=  0.002ms semisort=  0.010ms (keyed= 0.000ms group_by=  0.002ms per_group= 0.004ms)
[pe] round=302 work=        7 frontier=       20 next=        7 consolidate=  0.021ms frontier=  0.002ms semisort=  0.006ms (keyed= 0.000ms group_by=  0.001ms per_group= 0.003ms)
[pe] round=303 work=        7 frontier=       28 next=        7 consolidate=  0.017ms frontier=  0.002ms semisort=  0.006ms (keyed= 0.000ms group_by=  0.001ms per_group= 0.002ms)
[pe] round=304 work=        7 frontier=       14 next=        7 consolidate=  0.012ms frontier=  0.001ms semisort=  0.006ms (keyed= 0.000ms group_by=  0.001ms per_group= 0.003ms)
[pe] round=305 work=        7 frontier=       46 next=        7 consolidate=  0.020ms frontier=  0.002ms semisort=  0.017ms (keyed= 0.000ms group_by=  0.003ms per_group= 0.007ms)
[pe] round=306 work=        7 frontier=       20 next=        7 consolidate=  0.011ms frontier=  0.001ms semisort=  0.009ms (keyed= 0.000ms group_by=  0.002ms per_group= 0.004ms)
[pe] round=307 work=        7 frontier=       28 next=        7 consolidate=  0.017ms frontier=  0.002ms semisort=  0.009ms (keyed= 0.000ms group_by=  0.002ms per_group= 0.004ms)
[pe] round=308 work=        7 frontier=       14 next=        7 consolidate=  0.021ms frontier=  0.002ms semisort=  0.014ms (keyed= 0.000ms group_by=  0.001ms per_group= 0.010ms)
[pe] round=309 work=        7 frontier=       46 next=        7 consolidate=  0.025ms frontier=  0.002ms semisort=  0.017ms (keyed= 0.000ms group_by=  0.002ms per_group= 0.008ms)
[pe] round=310 work=        7 frontier=       20 next=        7 consolidate=  0.013ms frontier=  0.001ms semisort=  0.009ms (keyed= 0.000ms group_by=  0.002ms per_group= 0.004ms)
[pe] round=311 work=        7 frontier=       28 next=        7 consolidate=  0.010ms frontier=  0.001ms semisort=  0.008ms (keyed= 0.000ms group_by=  0.001ms per_group= 0.003ms)
[pe] round=312 work=        7 frontier=       14 next=        7 consolidate=  0.009ms frontier=  0.001ms semisort=  0.007ms (keyed= 0.000ms group_by=  0.001ms per_group= 0.004ms)
[pe] round=313 work=        7 frontier=       46 next=        7 consolidate=  0.018ms frontier=  0.001ms semisort=  0.014ms (keyed= 0.000ms group_by=  0.002ms per_group= 0.005ms)
[pe] round=314 work=        7 frontier=       20 next=        7 consolidate=  0.010ms frontier=  0.001ms semisort=  0.008ms (keyed= 0.000ms group_by=  0.001ms per_group= 0.004ms)
[pe] round=315 work=        7 frontier=       28 next=        7 consolidate=  0.013ms frontier=  0.002ms semisort=  0.009ms (keyed= 0.000ms group_by=  0.001ms per_group= 0.003ms)
[pe] round=316 work=        7 frontier=       14 next=        7 consolidate=  0.021ms frontier=  0.002ms semisort=  0.008ms (keyed= 0.000ms group_by=  0.001ms per_group= 0.004ms)
[pe] round=317 work=        7 frontier=       46 next=        7 consolidate=  0.027ms frontier=  0.002ms semisort=  0.014ms (keyed= 0.000ms group_by=  0.003ms per_group= 0.005ms)
[pe] round=318 work=        7 frontier=       20 next=        3 consolidate=  0.013ms frontier=  0.002ms semisort=  0.007ms (keyed= 0.000ms group_by=  0.001ms per_group= 0.002ms)
[pe] round=319 work=        3 frontier=       12 next=        3 consolidate=  0.010ms frontier=  0.001ms semisort=  0.005ms (keyed= 0.000ms group_by=  0.001ms per_group= 0.002ms)
[pe] round=320 work=        3 frontier=        6 next=        3 consolidate=  0.005ms frontier=  0.001ms semisort=  0.004ms (keyed= 0.000ms group_by=  0.001ms per_group= 0.002ms)
[pe] round=321 work=        3 frontier=       30 next=        3 consolidate=  0.008ms frontier=  0.001ms semisort=  0.009ms (keyed= 0.000ms group_by=  0.002ms per_group= 0.003ms)
[pe] round=322 work=        3 frontier=       12 next=        3 consolidate=  0.008ms frontier=  0.001ms semisort=  0.005ms (keyed= 0.000ms group_by=  0.001ms per_group= 0.002ms)
[pe] round=323 work=        3 frontier=       12 next=        3 consolidate=  0.007ms frontier=  0.001ms semisort=  0.004ms (keyed= 0.000ms group_by=  0.001ms per_group= 0.002ms)
[pe] round=324 work=        3 frontier=        6 next=        3 consolidate=  0.011ms frontier=  0.001ms semisort=  0.004ms (keyed= 0.000ms group_by=  0.000ms per_group= 0.002ms)
[pe] round=325 work=        3 frontier=       30 next=        3 consolidate=  0.007ms frontier=  0.001ms semisort=  0.008ms (keyed= 0.000ms group_by=  0.001ms per_group= 0.002ms)
[pe] round=326 work=        3 frontier=       12 next=        3 consolidate=  0.007ms frontier=  0.001ms semisort=  0.005ms (keyed= 0.000ms group_by=  0.001ms per_group= 0.002ms)
[pe] round=327 work=        3 frontier=       12 next=        3 consolidate=  0.008ms frontier=  0.001ms semisort=  0.005ms (keyed= 0.000ms group_by=  0.001ms per_group= 0.002ms)
[pe] round=328 work=        3 frontier=        6 next=        3 consolidate=  0.009ms frontier=  0.001ms semisort=  0.004ms (keyed= 0.000ms group_by=  0.001ms per_group= 0.002ms)
[pe] round=329 work=        3 frontier=       30 next=        3 consolidate=  0.005ms frontier=  0.001ms semisort=  0.009ms (keyed= 0.000ms group_by=  0.002ms per_group= 0.002ms)
[pe] round=330 work=        3 frontier=       12 next=        3 consolidate=  0.006ms frontier=  0.001ms semisort=  0.005ms (keyed= 0.000ms group_by=  0.001ms per_group= 0.002ms)
[pe] round=331 work=        3 frontier=       12 next=        3 consolidate=  0.005ms frontier=  0.001ms semisort=  0.004ms (keyed= 0.000ms group_by=  0.001ms per_group= 0.002ms)
[pe] round=332 work=        3 frontier=        6 next=        3 consolidate=  0.008ms frontier=  0.001ms semisort=  0.003ms (keyed= 0.000ms group_by=  0.000ms per_group= 0.002ms)
[pe] round=333 work=        3 frontier=       30 next=        3 consolidate=  0.009ms frontier=  0.001ms semisort=  0.006ms (keyed= 0.000ms group_by=  0.001ms per_group= 0.002ms)
[pe] round=334 work=        3 frontier=       12 next=        3 consolidate=  0.004ms frontier=  0.000ms semisort=  0.004ms (keyed= 0.000ms group_by=  0.001ms per_group= 0.001ms)
[pe] round=335 work=        3 frontier=       12 next=        3 consolidate=  0.004ms frontier=  0.000ms semisort=  0.003ms (keyed= 0.000ms group_by=  0.000ms per_group= 0.001ms)
[pe] round=336 work=        3 frontier=        6 next=        3 consolidate=  0.003ms frontier=  0.000ms semisort=  0.003ms (keyed= 0.000ms group_by=  0.000ms per_group= 0.001ms)
[pe] round=337 work=        3 frontier=       30 next=        3 consolidate=  0.004ms frontier=  0.000ms semisort=  0.006ms (keyed= 0.000ms group_by=  0.001ms per_group= 0.002ms)
[pe] round=338 work=        3 frontier=       12 next=        3 consolidate=  0.007ms frontier=  0.001ms semisort=  0.005ms (keyed= 0.000ms group_by=  0.001ms per_group= 0.002ms)
[pe] round=339 work=        3 frontier=       12 next=        3 consolidate=  0.007ms frontier=  0.001ms semisort=  0.004ms (keyed= 0.000ms group_by=  0.001ms per_group= 0.002ms)
[pe] round=340 work=        3 frontier=        6 next=        3 consolidate=  0.006ms frontier=  0.001ms semisort=  0.004ms (keyed= 0.000ms group_by=  0.001ms per_group= 0.002ms)
[pe] round=341 work=        3 frontier=       30 next=        3 consolidate=  0.008ms frontier=  0.001ms semisort=  0.008ms (keyed= 0.000ms group_by=  0.001ms per_group= 0.002ms)
[pe] round=342 work=        3 frontier=       12 next=        3 consolidate=  0.008ms frontier=  0.001ms semisort=  0.006ms (keyed= 0.000ms group_by=  0.001ms per_group= 0.002ms)
[pe] round=343 work=        3 frontier=       12 next=        3 consolidate=  0.004ms frontier=  0.001ms semisort=  0.004ms (keyed= 0.000ms group_by=  0.001ms per_group= 0.002ms)
[pe] round=344 work=        3 frontier=        6 next=        3 consolidate=  0.004ms frontier=  0.001ms semisort=  0.004ms (keyed= 0.000ms group_by=  0.000ms per_group= 0.002ms)
[pe] round=345 work=        3 frontier=       30 next=        3 consolidate=  0.006ms frontier=  0.001ms semisort=  0.009ms (keyed= 0.000ms group_by=  0.001ms per_group= 0.003ms)
[pe] round=346 work=        3 frontier=       12 next=        3 consolidate=  0.011ms frontier=  0.001ms semisort=  0.005ms (keyed= 0.000ms group_by=  0.001ms per_group= 0.002ms)
[pe] round=347 work=        3 frontier=       12 next=        3 consolidate=  0.008ms frontier=  0.001ms semisort=  0.004ms (keyed= 0.000ms group_by=  0.001ms per_group= 0.002ms)
[pe] round=348 work=        3 frontier=        6 next=        3 consolidate=  0.011ms frontier=  0.001ms semisort=  0.004ms (keyed= 0.000ms group_by=  0.000ms per_group= 0.002ms)
[pe] round=349 work=        3 frontier=       30 next=        3 consolidate=  0.009ms frontier=  0.001ms semisort=  0.012ms (keyed= 0.000ms group_by=  0.002ms per_group= 0.005ms)
[pe] round=350 work=        3 frontier=       12 next=        3 consolidate=  0.006ms frontier=  0.001ms semisort=  0.005ms (keyed= 0.000ms group_by=  0.001ms per_group= 0.002ms)
[pe] round=351 work=        3 frontier=       12 next=        3 consolidate=  0.007ms frontier=  0.001ms semisort=  0.003ms (keyed= 0.000ms group_by=  0.001ms per_group= 0.001ms)
[pe] round=352 work=        3 frontier=        6 next=        3 consolidate=  0.003ms frontier=  0.000ms semisort=  0.003ms (keyed= 0.000ms group_by=  0.000ms per_group= 0.001ms)
[pe] round=353 work=        3 frontier=       30 next=        3 consolidate=  0.009ms frontier=  0.001ms semisort=  0.007ms (keyed= 0.000ms group_by=  0.001ms per_group= 0.002ms)
[pe] round=354 work=        3 frontier=       12 next=        3 consolidate=  0.009ms frontier=  0.001ms semisort=  0.004ms (keyed= 0.000ms group_by=  0.001ms per_group= 0.001ms)
[pe] round=355 work=        3 frontier=       12 next=        3 consolidate=  0.005ms frontier=  0.001ms semisort=  0.004ms (keyed= 0.000ms group_by=  0.001ms per_group= 0.002ms)
[pe] round=356 work=        3 frontier=        6 next=        3 consolidate=  0.010ms frontier=  0.001ms semisort=  0.004ms (keyed= 0.000ms group_by=  0.000ms per_group= 0.002ms)
[pe] round=357 work=        3 frontier=       30 next=        3 consolidate=  0.006ms frontier=  0.001ms semisort=  0.008ms (keyed= 0.000ms group_by=  0.001ms per_group= 0.002ms)
[pe] round=358 work=        3 frontier=       12 next=        3 consolidate=  0.010ms frontier=  0.001ms semisort=  0.005ms (keyed= 0.000ms group_by=  0.001ms per_group= 0.002ms)
[pe] round=359 work=        3 frontier=       12 next=        3 consolidate=  0.005ms frontier=  0.001ms semisort=  0.004ms (keyed= 0.000ms group_by=  0.001ms per_group= 0.002ms)
[pe] round=360 work=        3 frontier=        6 next=        3 consolidate=  0.007ms frontier=  0.001ms semisort=  0.004ms (keyed= 0.000ms group_by=  0.000ms per_group= 0.002ms)
[pe] round=361 work=        3 frontier=       30 next=        3 consolidate=  0.010ms frontier=  0.001ms semisort=  0.008ms (keyed= 0.000ms group_by=  0.001ms per_group= 0.002ms)
[pe] round=362 work=        3 frontier=       12 next=        3 consolidate=  0.009ms frontier=  0.001ms semisort=  0.005ms (keyed= 0.000ms group_by=  0.001ms per_group= 0.002ms)
[pe] round=363 work=        3 frontier=       12 next=        3 consolidate=  0.006ms frontier=  0.001ms semisort=  0.005ms (keyed= 0.000ms group_by=  0.001ms per_group= 0.002ms)
[pe] round=364 work=        3 frontier=        6 next=        3 consolidate=  0.006ms frontier=  0.001ms semisort=  0.004ms (keyed= 0.000ms group_by=  0.001ms per_group= 0.002ms)
[pe] round=365 work=        3 frontier=       30 next=        3 consolidate=  0.006ms frontier=  0.001ms semisort=  0.008ms (keyed= 0.000ms group_by=  0.001ms per_group= 0.002ms)
[pe] round=366 work=        3 frontier=       12 next=        3 consolidate=  0.011ms frontier=  0.001ms semisort=  0.006ms (keyed= 0.000ms group_by=  0.001ms per_group= 0.002ms)
[pe] round=367 work=        3 frontier=       12 next=        3 consolidate=  0.008ms frontier=  0.001ms semisort=  0.004ms (keyed= 0.000ms group_by=  0.001ms per_group= 0.002ms)
[pe] round=368 work=        3 frontier=        6 next=        3 consolidate=  0.003ms frontier=  0.000ms semisort=  0.003ms (keyed= 0.000ms group_by=  0.000ms per_group= 0.001ms)
[pe] round=369 work=        3 frontier=       30 next=        3 consolidate=  0.005ms frontier=  0.001ms semisort=  0.006ms (keyed= 0.000ms group_by=  0.001ms per_group= 0.002ms)
[pe] round=370 work=        3 frontier=       12 next=        3 consolidate=  0.006ms frontier=  0.001ms semisort=  0.004ms (keyed= 0.000ms group_by=  0.001ms per_group= 0.001ms)
[pe] round=371 work=        3 frontier=       12 next=        3 consolidate=  0.003ms frontier=  0.000ms semisort=  0.003ms (keyed= 0.000ms group_by=  0.000ms per_group= 0.001ms)
[pe] round=372 work=        3 frontier=        6 next=        3 consolidate=  0.006ms frontier=  0.001ms semisort=  0.003ms (keyed= 0.000ms group_by=  0.000ms per_group= 0.001ms)
[pe] round=373 work=        3 frontier=       30 next=        3 consolidate=  0.005ms frontier=  0.001ms semisort=  0.006ms (keyed= 0.000ms group_by=  0.001ms per_group= 0.002ms)
[pe] round=374 work=        3 frontier=       12 next=        3 consolidate=  0.009ms frontier=  0.001ms semisort=  0.006ms (keyed= 0.000ms group_by=  0.001ms per_group= 0.002ms)
[pe] round=375 work=        3 frontier=       12 next=        3 consolidate=  0.007ms frontier=  0.001ms semisort=  0.004ms (keyed= 0.000ms group_by=  0.001ms per_group= 0.002ms)
[pe] round=376 work=        3 frontier=        6 next=        3 consolidate=  0.004ms frontier=  0.001ms semisort=  0.004ms (keyed= 0.000ms group_by=  0.000ms per_group= 0.002ms)
[pe] round=377 work=        3 frontier=       30 next=        3 consolidate=  0.009ms frontier=  0.001ms semisort=  0.009ms (keyed= 0.000ms group_by=  0.002ms per_group= 0.003ms)
[pe] round=378 work=        3 frontier=       12 next=        3 consolidate=  0.005ms frontier=  0.001ms semisort=  0.005ms (keyed= 0.000ms group_by=  0.001ms per_group= 0.002ms)
[pe] round=379 work=        3 frontier=       12 next=        3 consolidate=  0.008ms frontier=  0.001ms semisort=  0.004ms (keyed= 0.000ms group_by=  0.001ms per_group= 0.002ms)
[pe] round=380 work=        3 frontier=        6 next=        3 consolidate=  0.014ms frontier=  0.001ms semisort=  0.004ms (keyed= 0.000ms group_by=  0.000ms per_group= 0.002ms)
[pe] round=381 work=        3 frontier=       30 next=        3 consolidate=  0.009ms frontier=  0.001ms semisort=  0.008ms (keyed= 0.000ms group_by=  0.001ms per_group= 0.002ms)
[pe] round=382 work=        3 frontier=       12 next=        3 consolidate=  0.012ms frontier=  0.001ms semisort=  0.006ms (keyed= 0.000ms group_by=  0.001ms per_group= 0.002ms)
[pe] round=383 work=        3 frontier=       12 next=        3 consolidate=  0.006ms frontier=  0.001ms semisort=  0.004ms (keyed= 0.000ms group_by=  0.001ms per_group= 0.002ms)
[pe] round=384 work=        3 frontier=        6 next=        3 consolidate=  0.004ms frontier=  0.001ms semisort=  0.004ms (keyed= 0.000ms group_by=  0.000ms per_group= 0.002ms)
[pe] round=385 work=        3 frontier=       30 next=        3 consolidate=  0.007ms frontier=  0.001ms semisort=  0.008ms (keyed= 0.000ms group_by=  0.002ms per_group= 0.002ms)
[pe] round=386 work=        3 frontier=       12 next=        3 consolidate=  0.004ms frontier=  0.000ms semisort=  0.004ms (keyed= 0.000ms group_by=  0.001ms per_group= 0.001ms)
[pe] round=387 work=        3 frontier=       12 next=        3 consolidate=  0.003ms frontier=  0.000ms semisort=  0.003ms (keyed= 0.000ms group_by=  0.001ms per_group= 0.001ms)
[pe] round=388 work=        3 frontier=        6 next=        3 consolidate=  0.003ms frontier=  0.000ms semisort=  0.003ms (keyed= 0.000ms group_by=  0.000ms per_group= 0.001ms)
[pe] round=389 work=        3 frontier=       30 next=        3 consolidate=  0.004ms frontier=  0.003ms semisort=  0.006ms (keyed= 0.000ms group_by=  0.001ms per_group= 0.002ms)
[pe] round=390 work=        3 frontier=       12 next=        3 consolidate=  0.003ms frontier=  0.000ms semisort=  0.004ms (keyed= 0.000ms group_by=  0.001ms per_group= 0.001ms)
[pe] round=391 work=        3 frontier=       12 next=        3 consolidate=  0.004ms frontier=  0.000ms semisort=  0.003ms (keyed= 0.000ms group_by=  0.000ms per_group= 0.001ms)
[pe] round=392 work=        3 frontier=        6 next=        3 consolidate=  0.003ms frontier=  0.000ms semisort=  0.003ms (keyed= 0.000ms group_by=  0.000ms per_group= 0.002ms)
[pe] round=393 work=        3 frontier=       30 next=        3 consolidate=  0.008ms frontier=  0.001ms semisort=  0.015ms (keyed= 0.000ms group_by=  0.002ms per_group= 0.008ms)
[pe] round=394 work=        3 frontier=       12 next=        3 consolidate=  0.008ms frontier=  0.001ms semisort=  0.006ms (keyed= 0.000ms group_by=  0.001ms per_group= 0.002ms)
[pe] round=395 work=        3 frontier=       12 next=        3 consolidate=  0.005ms frontier=  0.001ms semisort=  0.005ms (keyed= 0.000ms group_by=  0.001ms per_group= 0.002ms)
[pe] round=396 work=        3 frontier=        6 next=        3 consolidate=  0.004ms frontier=  0.001ms semisort=  0.004ms (keyed= 0.000ms group_by=  0.000ms per_group= 0.002ms)
[pe] round=397 work=        3 frontier=       30 next=        3 consolidate=  0.006ms frontier=  0.001ms semisort=  0.008ms (keyed= 0.000ms group_by=  0.001ms per_group= 0.002ms)
[pe] round=398 work=        3 frontier=       12 next=        3 consolidate=  0.007ms frontier=  0.001ms semisort=  0.006ms (keyed= 0.000ms group_by=  0.001ms per_group= 0.002ms)
[pe] round=399 work=        3 frontier=       12 next=        3 consolidate=  0.006ms frontier=  0.002ms semisort=  0.005ms (keyed= 0.000ms group_by=  0.001ms per_group= 0.002ms)
[pe] round=400 work=        3 frontier=        6 next=        3 consolidate=  0.004ms frontier=  0.001ms semisort=  0.004ms (keyed= 0.000ms group_by=  0.000ms per_group= 0.002ms)
[pe] round=401 work=        3 frontier=       30 next=        3 consolidate=  0.007ms frontier=  0.001ms semisort=  0.008ms (keyed= 0.000ms group_by=  0.001ms per_group= 0.002ms)
[pe] round=402 work=        3 frontier=       12 next=        3 consolidate=  0.008ms frontier=  0.001ms semisort=  0.006ms (keyed= 0.000ms group_by=  0.001ms per_group= 0.002ms)
[pe] round=403 work=        3 frontier=       12 next=        3 consolidate=  0.008ms frontier=  0.001ms semisort=  0.004ms (keyed= 0.000ms group_by=  0.001ms per_group= 0.002ms)
[pe] round=404 work=        3 frontier=        6 next=        3 consolidate=  0.011ms frontier=  0.001ms semisort=  0.004ms (keyed= 0.000ms group_by=  0.000ms per_group= 0.002ms)
[pe] round=405 work=        3 frontier=       30 next=        3 consolidate=  0.010ms frontier=  0.001ms semisort=  0.008ms (keyed= 0.000ms group_by=  0.002ms per_group= 0.003ms)
[pe] round=406 work=        3 frontier=       12 next=        3 consolidate=  0.006ms frontier=  0.002ms semisort=  0.006ms (keyed= 0.000ms group_by=  0.001ms per_group= 0.002ms)
[pe] round=407 work=        3 frontier=       12 next=        3 consolidate=  0.007ms frontier=  0.001ms semisort=  0.004ms (keyed= 0.000ms group_by=  0.001ms per_group= 0.002ms)
[pe] round=408 work=        3 frontier=        6 next=        3 consolidate=  0.004ms frontier=  0.001ms semisort=  0.004ms (keyed= 0.000ms group_by=  0.000ms per_group= 0.002ms)
[pe] round=409 work=        3 frontier=       30 next=        3 consolidate=  0.005ms frontier=  0.001ms semisort=  0.013ms (keyed= 0.000ms group_by=  0.002ms per_group= 0.007ms)
[pe] round=410 work=        3 frontier=       12 next=        3 consolidate=  0.006ms frontier=  0.001ms semisort=  0.006ms (keyed= 0.000ms group_by=  0.001ms per_group= 0.002ms)
[pe] round=411 work=        3 frontier=       12 next=        3 consolidate=  0.006ms frontier=  0.001ms semisort=  0.004ms (keyed= 0.000ms group_by=  0.001ms per_group= 0.002ms)
[pe] round=412 work=        3 frontier=        6 next=        3 consolidate=  0.006ms frontier=  0.001ms semisort=  0.004ms (keyed= 0.000ms group_by=  0.000ms per_group= 0.002ms)
[pe] round=413 work=        3 frontier=       30 next=        3 consolidate=  0.012ms frontier=  0.001ms semisort=  0.008ms (keyed= 0.000ms group_by=  0.002ms per_group= 0.002ms)
[pe] round=414 work=        3 frontier=       12 next=        3 consolidate=  0.006ms frontier=  0.001ms semisort=  0.005ms (keyed= 0.000ms group_by=  0.001ms per_group= 0.002ms)
[pe] round=415 work=        3 frontier=       12 next=        3 consolidate=  0.012ms frontier=  0.001ms semisort=  0.004ms (keyed= 0.000ms group_by=  0.001ms per_group= 0.002ms)
[pe] round=416 work=        3 frontier=        6 next=        3 consolidate=  0.004ms frontier=  0.000ms semisort=  0.003ms (keyed= 0.000ms group_by=  0.000ms per_group= 0.001ms)
[pe] round=417 work=        3 frontier=       30 next=        3 consolidate=  0.007ms frontier=  0.001ms semisort=  0.006ms (keyed= 0.000ms group_by=  0.001ms per_group= 0.002ms)
[pe] round=418 work=        3 frontier=       12 next=        3 consolidate=  0.007ms frontier=  0.001ms semisort=  0.005ms (keyed= 0.000ms group_by=  0.001ms per_group= 0.002ms)
[pe] round=419 work=        3 frontier=       12 next=        3 consolidate=  0.003ms frontier=  0.000ms semisort=  0.003ms (keyed= 0.000ms group_by=  0.000ms per_group= 0.001ms)
[pe] round=420 work=        3 frontier=        6 next=        3 consolidate=  0.008ms frontier=  0.001ms semisort=  0.003ms (keyed= 0.000ms group_by=  0.000ms per_group= 0.001ms)
[pe] round=421 work=        3 frontier=       30 next=        3 consolidate=  0.004ms frontier=  0.000ms semisort=  0.006ms (keyed= 0.000ms group_by=  0.001ms per_group= 0.002ms)
[pe] round=422 work=        3 frontier=       12 next=        3 consolidate=  0.006ms frontier=  0.001ms semisort=  0.005ms (keyed= 0.000ms group_by=  0.001ms per_group= 0.002ms)
[pe] round=423 work=        3 frontier=       12 next=        3 consolidate=  0.006ms frontier=  0.001ms semisort=  0.005ms (keyed= 0.000ms group_by=  0.001ms per_group= 0.002ms)
[pe] round=424 work=        3 frontier=        6 next=        3 consolidate=  0.004ms frontier=  0.001ms semisort=  0.004ms (keyed= 0.000ms group_by=  0.000ms per_group= 0.002ms)
[pe] round=425 work=        3 frontier=       30 next=        3 consolidate=  0.007ms frontier=  0.001ms semisort=  0.008ms (keyed= 0.000ms group_by=  0.001ms per_group= 0.003ms)
[pe] round=426 work=        3 frontier=       12 next=        3 consolidate=  0.010ms frontier=  0.001ms semisort=  0.006ms (keyed= 0.000ms group_by=  0.001ms per_group= 0.002ms)
[pe] round=427 work=        3 frontier=       12 next=        3 consolidate=  0.007ms frontier=  0.001ms semisort=  0.006ms (keyed= 0.000ms group_by=  0.001ms per_group= 0.002ms)
[pe] round=428 work=        3 frontier=        6 next=        3 consolidate=  0.006ms frontier=  0.001ms semisort=  0.004ms (keyed= 0.000ms group_by=  0.000ms per_group= 0.002ms)
[pe] round=429 work=        3 frontier=       31 next=        3 consolidate=  0.008ms frontier=  0.001ms semisort=  0.010ms (keyed= 0.000ms group_by=  0.002ms per_group= 0.003ms)
[pe] round=430 work=        3 frontier=        6 next=        2 consolidate=  0.010ms frontier=  0.001ms semisort=  0.004ms (keyed= 0.000ms group_by=  0.000ms per_group= 0.002ms)
[pe] round=431 work=        2 (tail-skip: all parents empty)
[pe-async] round=  0 R=2 dirty=  5950187 runs=  3886042 filter=  1.970ms semisort= 11.401ms
[pe-async] round=  1 R=3 dirty=   263635 runs=   150760 filter=  2.089ms semisort=  0.922ms
[pe-async] round=  2 R=4 dirty=    86522 runs=    58570 filter=  1.783ms semisort=  3.361ms
[pe-async] round=  3 R=5 dirty=    36944 runs=    18788 filter=  1.623ms semisort=  1.274ms
[pe-async] round=  4 R=6 dirty=    15663 runs=     8740 filter=  1.523ms semisort=  0.654ms
[pe-async] round=  5 R=7 dirty=    13473 runs=     5947 filter=  1.526ms semisort=  0.576ms
[pe-async] round=  6 R=8 dirty=    13658 runs=     7108 filter=  1.487ms semisort=  0.538ms
[pe-async] round=  7 R=9 dirty=    13105 runs=     6254 filter=  1.488ms semisort=  0.537ms
[pe-async] round=  8 R=10 dirty=    14858 runs=     7591 filter=  1.461ms semisort=  0.672ms
[pe-async] round=  9 R=11 dirty=     5451 runs=     2881 filter=  1.448ms semisort=  0.280ms
[pe-async] round= 10 R=12 dirty=     9075 runs=     3410 filter=  1.402ms semisort=  0.423ms
[pe-async] round= 11 R=13 dirty=     4967 runs=     2078 filter=  1.412ms semisort=  0.284ms
[pe-async] round= 12 R=14 dirty=     4266 runs=     2352 filter=  1.448ms semisort=  0.265ms
[pe-async] round= 13 R=15 dirty=     1778 runs=     1264 filter=  1.428ms semisort=  0.141ms
[pe-async] round= 14 R=16 dirty=      268 runs=      116 filter=  1.414ms semisort=  0.059ms
[pe-async] round= 15 R=17 dirty=      116 runs=       38 filter=  1.424ms semisort=  0.069ms
[pe-async] round= 16 R=18 dirty=      182 runs=       91 filter=  1.471ms semisort=  0.050ms
[pe-async] round= 17 R=19 dirty=      122 runs=       51 filter=  1.411ms semisort=  0.071ms
[pe-async] round= 18 R=20 dirty=       80 runs=       31 filter=  1.405ms semisort=  0.048ms
[pe-async] round= 19 R=21 dirty=       76 runs=       25 filter=  1.447ms semisort=  0.044ms
[pe-async] round= 20 R=22 dirty=      138 runs=       75 filter=  1.472ms semisort=  0.045ms
[pe-async] round= 21 R=23 dirty=      102 runs=       43 filter=  1.420ms semisort=  0.046ms
[pe-async] round= 22 R=24 dirty=       76 runs=       29 filter=  1.423ms semisort=  0.045ms
[pe-async] round= 23 R=25 dirty=       68 runs=       23 filter=  1.422ms semisort=  0.036ms
[pe-async] round= 24 R=26 dirty=      134 runs=       71 filter=  1.412ms semisort=  0.061ms
[pe-async] round= 25 R=27 dirty=      102 runs=       43 filter=  1.395ms semisort=  0.051ms
[pe-async] round= 26 R=28 dirty=       76 runs=       29 filter=  1.423ms semisort=  0.032ms
[pe-async] round= 27 R=29 dirty=       68 runs=       23 filter=  1.392ms semisort=  0.042ms
[pe-async] round= 28 R=30 dirty=      134 runs=       71 filter=  1.429ms semisort=  0.056ms
[pe-async] round= 29 R=31 dirty=      102 runs=       43 filter=  1.394ms semisort=  0.055ms
[pe-async] round= 30 R=32 dirty=       76 runs=       29 filter=  1.426ms semisort=  0.068ms
[pe-async] round= 31 R=33 dirty=       68 runs=       23 filter=  1.414ms semisort=  0.038ms
[pe-async] round= 32 R=34 dirty=      134 runs=       71 filter=  1.425ms semisort=  0.061ms
[pe-async] round= 33 R=35 dirty=      102 runs=       43 filter=  1.413ms semisort=  0.049ms
[pe-async] round= 34 R=36 dirty=       76 runs=       29 filter=  1.418ms semisort=  0.057ms
[pe-async] round= 35 R=37 dirty=       68 runs=       23 filter=  1.411ms semisort=  0.043ms
[pe-async] round= 36 R=38 dirty=      134 runs=       71 filter=  1.434ms semisort=  0.057ms
[pe-async] round= 37 R=39 dirty=      102 runs=       43 filter=  1.441ms semisort=  0.052ms
[pe-async] round= 38 R=40 dirty=       76 runs=       29 filter=  1.435ms semisort=  0.048ms
[pe-async] round= 39 R=41 dirty=       68 runs=       23 filter=  1.453ms semisort=  0.039ms
[pe-async] round= 40 R=42 dirty=      134 runs=       71 filter=  1.526ms semisort=  0.050ms
[pe-async] round= 41 R=43 dirty=      102 runs=       43 filter=  1.402ms semisort=  0.064ms
[pe-async] round= 42 R=44 dirty=       76 runs=       29 filter=  1.424ms semisort=  0.045ms
[pe-async] round= 43 R=45 dirty=       68 runs=       23 filter=  1.442ms semisort=  0.041ms
[pe-async] round= 44 R=46 dirty=      134 runs=       71 filter=  1.444ms semisort=  0.051ms
[pe-async] round= 45 R=47 dirty=      102 runs=       43 filter=  1.450ms semisort=  0.065ms
[pe-async] round= 46 R=48 dirty=       76 runs=       29 filter=  1.404ms semisort=  0.053ms
[pe-async] round= 47 R=49 dirty=       68 runs=       23 filter=  1.448ms semisort=  0.047ms
[pe-async] round= 48 R=50 dirty=       22 runs=       11 filter=  1.416ms semisort=  0.017ms
[pe-async] round= 49 R=51 dirty=       62 runs=       23 filter=  1.421ms semisort=  0.035ms
[pe-async] round= 50 R=52 dirty=       28 runs=       17 filter=  1.449ms semisort=  0.017ms
[pe-async] round= 51 R=53 dirty=       44 runs=       11 filter=  1.439ms semisort=  0.041ms
[pe-async] round= 52 R=54 dirty=       22 runs=       11 filter=  1.457ms semisort=  0.017ms
[pe-async] round= 53 R=55 dirty=       62 runs=       23 filter=  1.405ms semisort=  0.032ms
[pe-async] round= 54 R=56 dirty=       28 runs=       17 filter=  1.459ms semisort=  0.018ms
[pe-async] round= 55 R=57 dirty=       44 runs=       11 filter=  1.422ms semisort=  0.051ms
[pe-async] round= 56 R=58 dirty=       22 runs=       11 filter=  1.450ms semisort=  0.027ms
[pe-async] round= 57 R=59 dirty=       62 runs=       23 filter=  1.413ms semisort=  0.034ms
[pe-async] round= 58 R=60 dirty=       28 runs=       17 filter=  1.427ms semisort=  0.045ms
[pe-async] round= 59 R=61 dirty=       44 runs=       11 filter=  1.447ms semisort=  0.025ms
[pe-async] round= 60 R=62 dirty=       22 runs=       11 filter=  1.410ms semisort=  0.016ms
[pe-async] round= 61 R=63 dirty=       62 runs=       23 filter=  1.439ms semisort=  0.035ms
[pe-async] round= 62 R=64 dirty=       28 runs=       17 filter=  1.460ms semisort=  0.017ms
[pe-async] round= 63 R=65 dirty=       44 runs=       11 filter=  1.430ms semisort=  0.051ms
[pe-async] round= 64 R=66 dirty=       22 runs=       11 filter=  1.415ms semisort=  0.018ms
[pe-async] round= 65 R=67 dirty=       62 runs=       23 filter=  1.423ms semisort=  0.036ms
[pe-async] round= 66 R=68 dirty=       28 runs=       17 filter=  1.423ms semisort=  0.022ms
[pe-async] round= 67 R=69 dirty=       44 runs=       11 filter=  1.438ms semisort=  0.035ms
[pe-async] round= 68 R=70 dirty=       22 runs=       11 filter=  1.434ms semisort=  0.028ms
[pe-async] round= 69 R=71 dirty=       62 runs=       23 filter=  1.388ms semisort=  0.049ms
[pe-async] round= 70 R=72 dirty=       28 runs=       17 filter=  1.394ms semisort=  0.034ms
[pe-async] round= 71 R=73 dirty=       44 runs=       11 filter=  1.411ms semisort=  0.032ms
[pe-async] round= 72 R=74 dirty=       22 runs=       11 filter=  1.453ms semisort=  0.016ms
[pe-async] round= 73 R=75 dirty=       62 runs=       23 filter=  1.456ms semisort=  0.035ms
[pe-async] round= 74 R=76 dirty=       28 runs=       17 filter=  1.444ms semisort=  0.026ms
[pe-async] round= 75 R=77 dirty=       44 runs=       11 filter=  1.410ms semisort=  0.031ms
[pe-async] round= 76 R=78 dirty=       22 runs=       11 filter=  1.448ms semisort=  0.017ms
[pe-async] round= 77 R=79 dirty=       62 runs=       23 filter=  1.445ms semisort=  0.037ms
[pe-async] round= 78 R=80 dirty=       28 runs=       17 filter=  1.450ms semisort=  0.017ms
[pe-async] round= 79 R=81 dirty=       44 runs=       11 filter=  1.414ms semisort=  0.030ms
[pe-async] round= 80 R=82 dirty=       22 runs=       11 filter=  1.446ms semisort=  0.017ms
[pe-async] round= 81 R=83 dirty=       62 runs=       23 filter=  1.405ms semisort=  0.029ms
[pe-async] round= 82 R=84 dirty=       28 runs=       17 filter=  1.407ms semisort=  0.017ms
[pe-async] round= 83 R=85 dirty=       44 runs=       11 filter=  1.452ms semisort=  0.039ms
[pe-async] round= 84 R=86 dirty=       22 runs=       11 filter=  1.419ms semisort=  0.016ms
[pe-async] round= 85 R=87 dirty=       62 runs=       23 filter=  1.402ms semisort=  0.036ms
[pe-async] round= 86 R=88 dirty=       28 runs=       17 filter=  1.403ms semisort=  0.018ms
[pe-async] round= 87 R=89 dirty=       44 runs=       11 filter=  1.411ms semisort=  0.031ms
[pe-async] round= 88 R=90 dirty=       22 runs=       11 filter=  1.439ms semisort=  0.032ms
[pe-async] round= 89 R=91 dirty=       62 runs=       23 filter=  1.455ms semisort=  0.041ms
[pe-async] round= 90 R=92 dirty=       28 runs=       17 filter=  1.428ms semisort=  0.028ms
[pe-async] round= 91 R=93 dirty=       44 runs=       11 filter=  1.446ms semisort=  0.033ms
[pe-async] round= 92 R=94 dirty=       22 runs=       11 filter=  1.458ms semisort=  0.017ms
[pe-async] round= 93 R=95 dirty=       62 runs=       23 filter=  1.510ms semisort=  0.024ms
[pe-async] round= 94 R=96 dirty=       28 runs=       17 filter=  1.414ms semisort=  0.034ms
[pe-async] round= 95 R=97 dirty=       44 runs=       11 filter=  1.434ms semisort=  0.035ms
[pe-async] round= 96 R=98 dirty=       22 runs=       11 filter=  1.454ms semisort=  0.023ms
[pe-async] round= 97 R=99 dirty=       62 runs=       23 filter=  1.483ms semisort=  0.029ms
[pe-async] round= 98 R=100 dirty=       28 runs=       17 filter=  1.445ms semisort=  0.019ms
[pe-async] round= 99 R=101 dirty=       44 runs=       11 filter=  1.448ms semisort=  0.032ms
[pe-async] round=100 R=102 dirty=       22 runs=       11 filter=  1.412ms semisort=  0.040ms
[pe-async] round=101 R=103 dirty=       62 runs=       23 filter=  1.389ms semisort=  0.026ms
[pe-async] round=102 R=104 dirty=       28 runs=       17 filter=  1.425ms semisort=  0.021ms
[pe-async] round=103 R=105 dirty=       44 runs=       11 filter=  1.467ms semisort=  0.038ms
[pe-async] round=104 R=106 dirty=       22 runs=       11 filter=  1.452ms semisort=  0.016ms
[pe-async] round=105 R=107 dirty=       62 runs=       23 filter=  1.404ms semisort=  0.063ms
[pe-async] round=106 R=108 dirty=       28 runs=       17 filter=  1.426ms semisort=  0.018ms
[pe-async] round=107 R=109 dirty=       44 runs=       11 filter=  1.443ms semisort=  0.052ms
[pe-async] round=108 R=110 dirty=       22 runs=       11 filter=  1.423ms semisort=  0.023ms
[pe-async] round=109 R=111 dirty=       62 runs=       23 filter=  1.430ms semisort=  0.036ms
[pe-async] round=110 R=112 dirty=       28 runs=       17 filter=  1.459ms semisort=  0.039ms
[pe-async] round=111 R=113 dirty=       44 runs=       11 filter=  1.399ms semisort=  0.028ms
[pe-async] round=112 R=114 dirty=       22 runs=       11 filter=  1.446ms semisort=  0.016ms
[pe-async] round=113 R=115 dirty=       62 runs=       23 filter=  1.441ms semisort=  0.028ms
[pe-async] round=114 R=116 dirty=       28 runs=       17 filter=  1.421ms semisort=  0.024ms
[pe-async] round=115 R=117 dirty=       44 runs=       11 filter=  1.397ms semisort=  0.025ms
[pe-async] round=116 R=118 dirty=       22 runs=       11 filter=  1.407ms semisort=  0.017ms
[pe-async] round=117 R=119 dirty=       62 runs=       23 filter=  1.432ms semisort=  0.049ms
[pe-async] round=118 R=120 dirty=       28 runs=       17 filter=  1.400ms semisort=  0.017ms
[pe-async] round=119 R=121 dirty=       44 runs=       11 filter=  1.438ms semisort=  0.036ms
[pe-async] round=120 R=122 dirty=       22 runs=       11 filter=  1.429ms semisort=  0.016ms
[pe-async] round=121 R=123 dirty=       62 runs=       23 filter=  1.446ms semisort=  0.049ms
[pe-async] round=122 R=124 dirty=       28 runs=       17 filter=  1.444ms semisort=  0.039ms
[pe-async] round=123 R=125 dirty=       44 runs=       11 filter=  1.396ms semisort=  0.035ms
[pe-async] round=124 R=126 dirty=       22 runs=       11 filter=  1.440ms semisort=  0.017ms
[pe-async] round=125 R=127 dirty=       62 runs=       23 filter=  1.373ms semisort=  0.036ms
[pe-async] round=126 R=128 dirty=       28 runs=       17 filter=  1.398ms semisort=  0.027ms
[pe-async] round=127 R=129 dirty=       44 runs=       11 filter=  1.481ms semisort=  0.038ms
[pe-async] round=128 R=130 dirty=       22 runs=       11 filter=  1.459ms semisort=  0.017ms
[pe-async] round=129 R=131 dirty=       62 runs=       23 filter=  1.437ms semisort=  0.046ms
[pe-async] round=130 R=132 dirty=       28 runs=       17 filter=  1.396ms semisort=  0.018ms
[pe-async] round=131 R=133 dirty=       44 runs=       11 filter=  1.415ms semisort=  0.038ms
[pe-async] round=132 R=134 dirty=       22 runs=       11 filter=  1.447ms semisort=  0.016ms
[pe-async] round=133 R=135 dirty=       62 runs=       23 filter=  1.411ms semisort=  0.037ms
[pe-async] round=134 R=136 dirty=       28 runs=       17 filter=  1.442ms semisort=  0.017ms
[pe-async] round=135 R=137 dirty=       44 runs=       11 filter=  1.399ms semisort=  0.045ms
[pe-async] round=136 R=138 dirty=       22 runs=       11 filter=  1.493ms semisort=  0.016ms
[pe-async] round=137 R=139 dirty=       62 runs=       23 filter=  1.418ms semisort=  0.036ms
[pe-async] round=138 R=140 dirty=       28 runs=       17 filter=  1.461ms semisort=  0.036ms
[pe-async] round=139 R=141 dirty=       44 runs=       11 filter=  1.403ms semisort=  0.036ms
[pe-async] round=140 R=142 dirty=       22 runs=       11 filter=  1.422ms semisort=  0.016ms
[pe-async] round=141 R=143 dirty=       62 runs=       23 filter=  1.454ms semisort=  0.046ms
[pe-async] round=142 R=144 dirty=       28 runs=       17 filter=  1.410ms semisort=  0.043ms
[pe-async] round=143 R=145 dirty=       44 runs=       11 filter=  1.379ms semisort=  0.038ms
[pe-async] round=144 R=146 dirty=       22 runs=       11 filter=  1.434ms semisort=  0.016ms
[pe-async] round=145 R=147 dirty=       62 runs=       23 filter=  1.459ms semisort=  0.062ms
[pe-async] round=146 R=148 dirty=       28 runs=       17 filter=  1.403ms semisort=  0.017ms
[pe-async] round=147 R=149 dirty=       44 runs=       11 filter=  1.395ms semisort=  0.029ms
[pe-async] round=148 R=150 dirty=       22 runs=       11 filter=  1.461ms semisort=  0.017ms
[pe-async] round=149 R=151 dirty=       62 runs=       23 filter=  1.432ms semisort=  0.026ms
[pe-async] round=150 R=152 dirty=       28 runs=       17 filter=  1.426ms semisort=  0.037ms
[pe-async] round=151 R=153 dirty=       44 runs=       11 filter=  1.406ms semisort=  0.044ms
[pe-async] round=152 R=154 dirty=       22 runs=       11 filter=  1.461ms semisort=  0.016ms
[pe-async] round=153 R=155 dirty=       62 runs=       23 filter=  1.458ms semisort=  0.035ms
[pe-async] round=154 R=156 dirty=       28 runs=       17 filter=  1.461ms semisort=  0.025ms
[pe-async] round=155 R=157 dirty=       44 runs=       11 filter=  1.421ms semisort=  0.037ms
[pe-async] round=156 R=158 dirty=       22 runs=       11 filter=  1.440ms semisort=  0.016ms
[pe-async] round=157 R=159 dirty=       62 runs=       23 filter=  1.408ms semisort=  0.034ms
[pe-async] round=158 R=160 dirty=       28 runs=       17 filter=  1.445ms semisort=  0.018ms
[pe-async] round=159 R=161 dirty=       44 runs=       11 filter=  1.447ms semisort=  0.039ms
[pe-async] round=160 R=162 dirty=       22 runs=       11 filter=  1.444ms semisort=  0.016ms
[pe-async] round=161 R=163 dirty=       62 runs=       23 filter=  1.422ms semisort=  0.052ms
[pe-async] round=162 R=164 dirty=       28 runs=       17 filter=  1.470ms semisort=  0.018ms
[pe-async] round=163 R=165 dirty=       44 runs=       11 filter=  1.389ms semisort=  0.028ms
[pe-async] round=164 R=166 dirty=       22 runs=       11 filter=  1.461ms semisort=  0.023ms
[pe-async] round=165 R=167 dirty=       62 runs=       23 filter=  1.499ms semisort=  0.040ms
[pe-async] round=166 R=168 dirty=       28 runs=       17 filter=  1.443ms semisort=  0.023ms
[pe-async] round=167 R=169 dirty=       44 runs=       11 filter=  1.421ms semisort=  0.037ms
[pe-async] round=168 R=170 dirty=       22 runs=       11 filter=  1.438ms semisort=  0.016ms
[pe-async] round=169 R=171 dirty=       62 runs=       23 filter=  1.459ms semisort=  0.035ms
[pe-async] round=170 R=172 dirty=       28 runs=       17 filter=  1.410ms semisort=  0.017ms
[pe-async] round=171 R=173 dirty=       44 runs=       11 filter=  1.466ms semisort=  0.049ms
[pe-async] round=172 R=174 dirty=       22 runs=       11 filter=  1.445ms semisort=  0.016ms
[pe-async] round=173 R=175 dirty=       62 runs=       23 filter=  1.456ms semisort=  0.058ms
[pe-async] round=174 R=176 dirty=       28 runs=       17 filter=  1.450ms semisort=  0.037ms
[pe-async] round=175 R=177 dirty=       44 runs=       11 filter=  1.421ms semisort=  0.025ms
[pe-async] round=176 R=178 dirty=       22 runs=       11 filter=  1.410ms semisort=  0.016ms
[pe-async] round=177 R=179 dirty=       62 runs=       23 filter=  1.438ms semisort=  0.044ms
[pe-async] round=178 R=180 dirty=       28 runs=       17 filter=  1.470ms semisort=  0.025ms
[pe-async] round=179 R=181 dirty=       44 runs=       11 filter=  1.474ms semisort=  0.035ms
[pe-async] round=180 R=182 dirty=       22 runs=       11 filter=  1.410ms semisort=  0.017ms
[pe-async] round=181 R=183 dirty=       62 runs=       23 filter=  1.402ms semisort=  0.034ms
[pe-async] round=182 R=184 dirty=       28 runs=       17 filter=  1.451ms semisort=  0.039ms
[pe-async] round=183 R=185 dirty=       44 runs=       11 filter=  1.453ms semisort=  0.034ms
[pe-async] round=184 R=186 dirty=       22 runs=       11 filter=  1.412ms semisort=  0.016ms
[pe-async] round=185 R=187 dirty=       62 runs=       23 filter=  1.422ms semisort=  0.042ms
[pe-async] round=186 R=188 dirty=       28 runs=       17 filter=  1.431ms semisort=  0.016ms
[pe-async] round=187 R=189 dirty=       44 runs=       11 filter=  1.445ms semisort=  0.056ms
[pe-async] round=188 R=190 dirty=       22 runs=       11 filter=  1.413ms semisort=  0.045ms
[pe-async] round=189 R=191 dirty=       62 runs=       23 filter=  1.407ms semisort=  0.026ms
[pe-async] round=190 R=192 dirty=       28 runs=       17 filter=  1.419ms semisort=  0.030ms
[pe-async] round=191 R=193 dirty=       44 runs=       11 filter=  1.404ms semisort=  0.033ms
[pe-async] round=192 R=194 dirty=       22 runs=       11 filter=  1.410ms semisort=  0.020ms
[pe-async] round=193 R=195 dirty=       62 runs=       23 filter=  1.420ms semisort=  0.031ms
[pe-async] round=194 R=196 dirty=       28 runs=       17 filter=  1.451ms semisort=  0.036ms
[pe-async] round=195 R=197 dirty=       44 runs=       11 filter=  1.419ms semisort=  0.028ms
[pe-async] round=196 R=198 dirty=       22 runs=       11 filter=  1.452ms semisort=  0.016ms
[pe-async] round=197 R=199 dirty=       62 runs=       23 filter=  1.422ms semisort=  0.032ms
[pe-async] round=198 R=200 dirty=       28 runs=       17 filter=  1.440ms semisort=  0.042ms
[pe-async] round=199 R=201 dirty=       44 runs=       11 filter=  1.455ms semisort=  0.042ms
[pe-async] round=200 R=202 dirty=       22 runs=       11 filter=  1.411ms semisort=  0.016ms
[pe-async] round=201 R=203 dirty=       62 runs=       23 filter=  1.424ms semisort=  0.033ms
[pe-async] round=202 R=204 dirty=       28 runs=       17 filter=  1.449ms semisort=  0.020ms
[pe-async] round=203 R=205 dirty=       44 runs=       11 filter=  1.441ms semisort=  0.037ms
[pe-async] round=204 R=206 dirty=       22 runs=       11 filter=  1.393ms semisort=  0.016ms
[pe-async] round=205 R=207 dirty=       62 runs=       23 filter=  1.406ms semisort=  0.025ms
[pe-async] round=206 R=208 dirty=       28 runs=       17 filter=  1.435ms semisort=  0.027ms
[pe-async] round=207 R=209 dirty=       44 runs=       11 filter=  1.470ms semisort=  0.033ms
[pe-async] round=208 R=210 dirty=       22 runs=       11 filter=  1.438ms semisort=  0.017ms
[pe-async] round=209 R=211 dirty=       70 runs=       31 filter=  1.464ms semisort=  0.045ms
[pe-async] round=210 R=212 dirty=       28 runs=       21 filter=  1.504ms semisort=  0.016ms
[pe-async] round=211 R=213 dirty=       28 runs=        7 filter=  1.438ms semisort=  0.015ms
[pe-async] round=212 R=214 dirty=       14 runs=        7 filter=  1.415ms semisort=  0.013ms
[pe-async] round=213 R=215 dirty=       46 runs=       19 filter=  1.431ms semisort=  0.032ms
[pe-async] round=214 R=216 dirty=       20 runs=       13 filter=  1.418ms semisort=  0.028ms
[pe-async] round=215 R=217 dirty=       28 runs=        7 filter=  1.463ms semisort=  0.015ms
[pe-async] round=216 R=218 dirty=       14 runs=        7 filter=  1.434ms semisort=  0.013ms
[pe-async] round=217 R=219 dirty=       46 runs=       19 filter=  1.448ms semisort=  0.032ms
[pe-async] round=218 R=220 dirty=       20 runs=       13 filter=  1.486ms semisort=  0.016ms
[pe-async] round=219 R=221 dirty=       28 runs=        7 filter=  1.427ms semisort=  0.015ms
[pe-async] round=220 R=222 dirty=       14 runs=        7 filter=  1.445ms semisort=  0.013ms
[pe-async] round=221 R=223 dirty=       46 runs=       19 filter=  1.456ms semisort=  0.036ms
[pe-async] round=222 R=224 dirty=       20 runs=       13 filter=  1.397ms semisort=  0.019ms
[pe-async] round=223 R=225 dirty=       28 runs=        7 filter=  1.428ms semisort=  0.017ms
[pe-async] round=224 R=226 dirty=       14 runs=        7 filter=  1.458ms semisort=  0.013ms
[pe-async] round=225 R=227 dirty=       46 runs=       19 filter=  1.417ms semisort=  0.032ms
[pe-async] round=226 R=228 dirty=       20 runs=       13 filter=  1.452ms semisort=  0.015ms
[pe-async] round=227 R=229 dirty=       28 runs=        7 filter=  1.428ms semisort=  0.029ms
[pe-async] round=228 R=230 dirty=       14 runs=        7 filter=  1.456ms semisort=  0.014ms
[pe-async] round=229 R=231 dirty=       46 runs=       19 filter=  1.413ms semisort=  0.035ms
[pe-async] round=230 R=232 dirty=       20 runs=       13 filter=  1.462ms semisort=  0.018ms
[pe-async] round=231 R=233 dirty=       28 runs=        7 filter=  1.423ms semisort=  0.031ms
[pe-async] round=232 R=234 dirty=       14 runs=        7 filter=  1.428ms semisort=  0.013ms
[pe-async] round=233 R=235 dirty=       46 runs=       19 filter=  1.455ms semisort=  0.036ms
[pe-async] round=234 R=236 dirty=       20 runs=       13 filter=  1.416ms semisort=  0.031ms
[pe-async] round=235 R=237 dirty=       28 runs=        7 filter=  1.427ms semisort=  0.030ms
[pe-async] round=236 R=238 dirty=       14 runs=        7 filter=  1.450ms semisort=  0.013ms
[pe-async] round=237 R=239 dirty=       46 runs=       19 filter=  1.404ms semisort=  0.027ms
[pe-async] round=238 R=240 dirty=       20 runs=       13 filter=  1.444ms semisort=  0.024ms
[pe-async] round=239 R=241 dirty=       28 runs=        7 filter=  1.426ms semisort=  0.015ms
[pe-async] round=240 R=242 dirty=       14 runs=        7 filter=  1.475ms semisort=  0.013ms
[pe-async] round=241 R=243 dirty=       46 runs=       19 filter=  1.434ms semisort=  0.024ms
[pe-async] round=242 R=244 dirty=       20 runs=       13 filter=  1.434ms semisort=  0.015ms
[pe-async] round=243 R=245 dirty=       28 runs=        7 filter=  1.423ms semisort=  0.025ms
[pe-async] round=244 R=246 dirty=       14 runs=        7 filter=  1.394ms semisort=  0.021ms
[pe-async] round=245 R=247 dirty=       46 runs=       19 filter=  1.431ms semisort=  0.047ms
[pe-async] round=246 R=248 dirty=       20 runs=       13 filter=  1.422ms semisort=  0.014ms
[pe-async] round=247 R=249 dirty=       28 runs=        7 filter=  1.456ms semisort=  0.014ms
[pe-async] round=248 R=250 dirty=       14 runs=        7 filter=  1.420ms semisort=  0.014ms
[pe-async] round=249 R=251 dirty=       46 runs=       19 filter=  1.438ms semisort=  0.024ms
[pe-async] round=250 R=252 dirty=       20 runs=       13 filter=  1.472ms semisort=  0.014ms
[pe-async] round=251 R=253 dirty=       28 runs=        7 filter=  1.455ms semisort=  0.015ms
[pe-async] round=252 R=254 dirty=       14 runs=        7 filter=  1.451ms semisort=  0.013ms
[pe-async] round=253 R=255 dirty=       46 runs=       19 filter=  1.421ms semisort=  0.025ms
[pe-async] round=254 R=256 dirty=       20 runs=       13 filter=  1.456ms semisort=  0.015ms
[pe-async] round=255 R=257 dirty=       28 runs=        7 filter=  1.467ms semisort=  0.033ms
[pe-async] round=256 R=258 dirty=       14 runs=        7 filter=  1.422ms semisort=  0.013ms
[pe-async] round=257 R=259 dirty=       46 runs=       19 filter=  1.471ms semisort=  0.027ms
[pe-async] round=258 R=260 dirty=       20 runs=       13 filter=  1.385ms semisort=  0.014ms
[pe-async] round=259 R=261 dirty=       28 runs=        7 filter=  1.412ms semisort=  0.024ms
[pe-async] round=260 R=262 dirty=       14 runs=        7 filter=  1.473ms semisort=  0.014ms
[pe-async] round=261 R=263 dirty=       46 runs=       19 filter=  1.355ms semisort=  0.030ms
[pe-async] round=262 R=264 dirty=       20 runs=       13 filter=  1.490ms semisort=  0.015ms
[pe-async] round=263 R=265 dirty=       28 runs=        7 filter=  1.424ms semisort=  0.025ms
[pe-async] round=264 R=266 dirty=       14 runs=        7 filter=  1.446ms semisort=  0.021ms
[pe-async] round=265 R=267 dirty=       46 runs=       19 filter=  1.467ms semisort=  0.050ms
[pe-async] round=266 R=268 dirty=       20 runs=       13 filter=  1.469ms semisort=  0.015ms
[pe-async] round=267 R=269 dirty=       28 runs=        7 filter=  1.451ms semisort=  0.028ms
[pe-async] round=268 R=270 dirty=       14 runs=        7 filter=  1.453ms semisort=  0.014ms
[pe-async] round=269 R=271 dirty=       46 runs=       19 filter=  1.409ms semisort=  0.046ms
[pe-async] round=270 R=272 dirty=       20 runs=       13 filter=  1.486ms semisort=  0.015ms
[pe-async] round=271 R=273 dirty=       28 runs=        7 filter=  1.422ms semisort=  0.020ms
[pe-async] round=272 R=274 dirty=       14 runs=        7 filter=  1.436ms semisort=  0.014ms
[pe-async] round=273 R=275 dirty=       46 runs=       19 filter=  1.475ms semisort=  0.033ms
[pe-async] round=274 R=276 dirty=       20 runs=       13 filter=  1.479ms semisort=  0.016ms
[pe-async] round=275 R=277 dirty=       28 runs=        7 filter=  1.439ms semisort=  0.023ms
[pe-async] round=276 R=278 dirty=       14 runs=        7 filter=  1.435ms semisort=  0.013ms
[pe-async] round=277 R=279 dirty=       46 runs=       19 filter=  1.407ms semisort=  0.037ms
[pe-async] round=278 R=280 dirty=       20 runs=       13 filter=  1.460ms semisort=  0.015ms
[pe-async] round=279 R=281 dirty=       28 runs=        7 filter=  1.433ms semisort=  0.028ms
[pe-async] round=280 R=282 dirty=       14 runs=        7 filter=  1.469ms semisort=  0.014ms
[pe-async] round=281 R=283 dirty=       46 runs=       19 filter=  1.410ms semisort=  0.027ms
[pe-async] round=282 R=284 dirty=       20 runs=       13 filter=  1.462ms semisort=  0.015ms
[pe-async] round=283 R=285 dirty=       28 runs=        7 filter=  1.378ms semisort=  0.036ms
[pe-async] round=284 R=286 dirty=       14 runs=        7 filter=  1.428ms semisort=  0.013ms
[pe-async] round=285 R=287 dirty=       46 runs=       19 filter=  1.444ms semisort=  0.025ms
[pe-async] round=286 R=288 dirty=       20 runs=       13 filter=  1.432ms semisort=  0.022ms
[pe-async] round=287 R=289 dirty=       28 runs=        7 filter=  1.402ms semisort=  0.014ms
[pe-async] round=288 R=290 dirty=       14 runs=        7 filter=  1.442ms semisort=  0.013ms
[pe-async] round=289 R=291 dirty=       46 runs=       19 filter=  1.446ms semisort=  0.031ms
[pe-async] round=290 R=292 dirty=       20 runs=       13 filter=  1.433ms semisort=  0.015ms
[pe-async] round=291 R=293 dirty=       28 runs=        7 filter=  1.425ms semisort=  0.014ms
[pe-async] round=292 R=294 dirty=       14 runs=        7 filter=  1.407ms semisort=  0.013ms
[pe-async] round=293 R=295 dirty=       46 runs=       19 filter=  1.409ms semisort=  0.045ms
[pe-async] round=294 R=296 dirty=       20 runs=       13 filter=  1.435ms semisort=  0.015ms
[pe-async] round=295 R=297 dirty=       28 runs=        7 filter=  1.430ms semisort=  0.039ms
[pe-async] round=296 R=298 dirty=       14 runs=        7 filter=  1.459ms semisort=  0.014ms
[pe-async] round=297 R=299 dirty=       46 runs=       19 filter=  1.422ms semisort=  0.033ms
[pe-async] round=298 R=300 dirty=       20 runs=       13 filter=  1.483ms semisort=  0.015ms
[pe-async] round=299 R=301 dirty=       28 runs=        7 filter=  1.417ms semisort=  0.028ms
[pe-async] round=300 R=302 dirty=       14 runs=        7 filter=  1.447ms semisort=  0.014ms
[pe-async] round=301 R=303 dirty=       46 runs=       19 filter=  1.402ms semisort=  0.045ms
[pe-async] round=302 R=304 dirty=       20 runs=       13 filter=  1.446ms semisort=  0.015ms
[pe-async] round=303 R=305 dirty=       28 runs=        7 filter=  1.419ms semisort=  0.025ms
[pe-async] round=304 R=306 dirty=       14 runs=        7 filter=  1.477ms semisort=  0.013ms
[pe-async] round=305 R=307 dirty=       46 runs=       19 filter=  1.399ms semisort=  0.031ms
[pe-async] round=306 R=308 dirty=       20 runs=       13 filter=  1.488ms semisort=  0.014ms
[pe-async] round=307 R=309 dirty=       28 runs=        7 filter=  1.473ms semisort=  0.026ms
[pe-async] round=308 R=310 dirty=       14 runs=        7 filter=  1.427ms semisort=  0.013ms
[pe-async] round=309 R=311 dirty=       46 runs=       19 filter=  1.452ms semisort=  0.039ms
[pe-async] round=310 R=312 dirty=       20 runs=       13 filter=  1.454ms semisort=  0.015ms
[pe-async] round=311 R=313 dirty=       28 runs=        7 filter=  1.432ms semisort=  0.015ms
[pe-async] round=312 R=314 dirty=       14 runs=        7 filter=  1.429ms semisort=  0.014ms
[pe-async] round=313 R=315 dirty=       46 runs=       19 filter=  1.429ms semisort=  0.037ms
[pe-async] round=314 R=316 dirty=       20 runs=       13 filter=  1.402ms semisort=  0.015ms
[pe-async] round=315 R=317 dirty=       28 runs=        7 filter=  1.427ms semisort=  0.016ms
[pe-async] round=316 R=318 dirty=       14 runs=        7 filter=  1.449ms semisort=  0.013ms
[pe-async] round=317 R=319 dirty=       46 runs=       19 filter=  1.424ms semisort=  0.036ms
[pe-async] round=318 R=320 dirty=       20 runs=       17 filter=  1.431ms semisort=  0.016ms
[pe-async] round=319 R=321 dirty=       12 runs=        3 filter=  1.455ms semisort=  0.012ms
[pe-async] round=320 R=322 dirty=        6 runs=        3 filter=  1.434ms semisort=  0.011ms
[pe-async] round=321 R=323 dirty=       30 runs=       15 filter=  1.435ms semisort=  0.014ms
[pe-async] round=322 R=324 dirty=       12 runs=        9 filter=  1.414ms semisort=  0.011ms
[pe-async] round=323 R=325 dirty=       12 runs=        3 filter=  1.416ms semisort=  0.012ms
[pe-async] round=324 R=326 dirty=        6 runs=        3 filter=  1.474ms semisort=  0.010ms
[pe-async] round=325 R=327 dirty=       30 runs=       15 filter=  1.426ms semisort=  0.015ms
[pe-async] round=326 R=328 dirty=       12 runs=        9 filter=  1.464ms semisort=  0.012ms
[pe-async] round=327 R=329 dirty=       12 runs=        3 filter=  1.419ms semisort=  0.010ms
[pe-async] round=328 R=330 dirty=        6 runs=        3 filter=  1.501ms semisort=  0.010ms
[pe-async] round=329 R=331 dirty=       30 runs=       15 filter=  1.395ms semisort=  0.015ms
[pe-async] round=330 R=332 dirty=       12 runs=        9 filter=  1.411ms semisort=  0.011ms
[pe-async] round=331 R=333 dirty=       12 runs=        3 filter=  1.435ms semisort=  0.010ms
[pe-async] round=332 R=334 dirty=        6 runs=        3 filter=  1.440ms semisort=  0.010ms
[pe-async] round=333 R=335 dirty=       30 runs=       15 filter=  1.416ms semisort=  0.015ms
[pe-async] round=334 R=336 dirty=       12 runs=        9 filter=  1.467ms semisort=  0.011ms
[pe-async] round=335 R=337 dirty=       12 runs=        3 filter=  1.427ms semisort=  0.011ms
[pe-async] round=336 R=338 dirty=        6 runs=        3 filter=  1.780ms semisort=  0.011ms
[pe-async] round=337 R=339 dirty=       30 runs=       15 filter=  1.397ms semisort=  0.014ms
[pe-async] round=338 R=340 dirty=       12 runs=        9 filter=  1.406ms semisort=  0.011ms
[pe-async] round=339 R=341 dirty=       12 runs=        3 filter=  1.419ms semisort=  0.021ms
[pe-async] round=340 R=342 dirty=        6 runs=        3 filter=  1.427ms semisort=  0.009ms
[pe-async] round=341 R=343 dirty=       30 runs=       15 filter=  1.376ms semisort=  0.038ms
[pe-async] round=342 R=344 dirty=       12 runs=        9 filter=  1.481ms semisort=  0.011ms
[pe-async] round=343 R=345 dirty=       12 runs=        3 filter=  1.454ms semisort=  0.011ms
[pe-async] round=344 R=346 dirty=        6 runs=        3 filter=  1.448ms semisort=  0.009ms
[pe-async] round=345 R=347 dirty=       30 runs=       15 filter=  1.458ms semisort=  0.016ms
[pe-async] round=346 R=348 dirty=       12 runs=        9 filter=  1.436ms semisort=  0.013ms
[pe-async] round=347 R=349 dirty=       12 runs=        3 filter=  1.447ms semisort=  0.012ms
[pe-async] round=348 R=350 dirty=        6 runs=        3 filter=  1.510ms semisort=  0.012ms
[pe-async] round=349 R=351 dirty=       30 runs=       15 filter=  1.399ms semisort=  0.016ms
[pe-async] round=350 R=352 dirty=       12 runs=        9 filter=  1.409ms semisort=  0.014ms
[pe-async] round=351 R=353 dirty=       12 runs=        3 filter=  1.449ms semisort=  0.011ms
[pe-async] round=352 R=354 dirty=        6 runs=        3 filter=  1.467ms semisort=  0.009ms
[pe-async] round=353 R=355 dirty=       30 runs=       15 filter=  1.439ms semisort=  0.014ms
[pe-async] round=354 R=356 dirty=       12 runs=        9 filter=  1.415ms semisort=  0.011ms
[pe-async] round=355 R=357 dirty=       12 runs=        3 filter=  1.447ms semisort=  0.010ms
[pe-async] round=356 R=358 dirty=        6 runs=        3 filter=  1.384ms semisort=  0.010ms
[pe-async] round=357 R=359 dirty=       30 runs=       15 filter=  1.420ms semisort=  0.015ms
[pe-async] round=358 R=360 dirty=       12 runs=        9 filter=  1.415ms semisort=  0.018ms
[pe-async] round=359 R=361 dirty=       12 runs=        3 filter=  1.462ms semisort=  0.010ms
[pe-async] round=360 R=362 dirty=        6 runs=        3 filter=  1.419ms semisort=  0.011ms
[pe-async] round=361 R=363 dirty=       30 runs=       15 filter=  1.449ms semisort=  0.018ms
[pe-async] round=362 R=364 dirty=       12 runs=        9 filter=  1.436ms semisort=  0.012ms
[pe-async] round=363 R=365 dirty=       12 runs=        3 filter=  1.444ms semisort=  0.011ms
[pe-async] round=364 R=366 dirty=        6 runs=        3 filter=  1.427ms semisort=  0.010ms
[pe-async] round=365 R=367 dirty=       30 runs=       15 filter=  1.436ms semisort=  0.021ms
[pe-async] round=366 R=368 dirty=       12 runs=        9 filter=  1.474ms semisort=  0.012ms
[pe-async] round=367 R=369 dirty=       12 runs=        3 filter=  1.449ms semisort=  0.011ms
[pe-async] round=368 R=370 dirty=        6 runs=        3 filter=  1.407ms semisort=  0.010ms
[pe-async] round=369 R=371 dirty=       30 runs=       15 filter=  1.411ms semisort=  0.014ms
[pe-async] round=370 R=372 dirty=       12 runs=        9 filter=  1.483ms semisort=  0.011ms
[pe-async] round=371 R=373 dirty=       12 runs=        3 filter=  1.398ms semisort=  0.011ms
[pe-async] round=372 R=374 dirty=        6 runs=        3 filter=  1.380ms semisort=  0.011ms
[pe-async] round=373 R=375 dirty=       30 runs=       15 filter=  1.399ms semisort=  0.014ms
[pe-async] round=374 R=376 dirty=       12 runs=        9 filter=  1.493ms semisort=  0.012ms
[pe-async] round=375 R=377 dirty=       12 runs=        3 filter=  1.382ms semisort=  0.012ms
[pe-async] round=376 R=378 dirty=        6 runs=        3 filter=  1.401ms semisort=  0.010ms
[pe-async] round=377 R=379 dirty=       30 runs=       15 filter=  1.461ms semisort=  0.014ms
[pe-async] round=378 R=380 dirty=       12 runs=        9 filter=  1.452ms semisort=  0.011ms
[pe-async] round=379 R=381 dirty=       12 runs=        3 filter=  1.453ms semisort=  0.010ms
[pe-async] round=380 R=382 dirty=        6 runs=        3 filter=  1.471ms semisort=  0.010ms
[pe-async] round=381 R=383 dirty=       30 runs=       15 filter=  1.451ms semisort=  0.015ms
[pe-async] round=382 R=384 dirty=       12 runs=        9 filter=  1.405ms semisort=  0.011ms
[pe-async] round=383 R=385 dirty=       12 runs=        3 filter=  1.466ms semisort=  0.011ms
[pe-async] round=384 R=386 dirty=        6 runs=        3 filter=  1.497ms semisort=  0.010ms
[pe-async] round=385 R=387 dirty=       30 runs=       15 filter=  1.398ms semisort=  0.022ms
[pe-async] round=386 R=388 dirty=       12 runs=        9 filter=  1.443ms semisort=  0.012ms
[pe-async] round=387 R=389 dirty=       12 runs=        3 filter=  1.425ms semisort=  0.011ms
[pe-async] round=388 R=390 dirty=        6 runs=        3 filter=  1.478ms semisort=  0.010ms
[pe-async] round=389 R=391 dirty=       30 runs=       15 filter=  1.452ms semisort=  0.015ms
[pe-async] round=390 R=392 dirty=       12 runs=        9 filter=  1.443ms semisort=  0.012ms
[pe-async] round=391 R=393 dirty=       12 runs=        3 filter=  1.429ms semisort=  0.011ms
[pe-async] round=392 R=394 dirty=        6 runs=        3 filter=  1.426ms semisort=  0.010ms
[pe-async] round=393 R=395 dirty=       30 runs=       15 filter=  1.409ms semisort=  0.015ms
[pe-async] round=394 R=396 dirty=       12 runs=        9 filter=  1.430ms semisort=  0.012ms
[pe-async] round=395 R=397 dirty=       12 runs=        3 filter=  1.415ms semisort=  0.011ms
[pe-async] round=396 R=398 dirty=        6 runs=        3 filter=  1.424ms semisort=  0.010ms
[pe-async] round=397 R=399 dirty=       30 runs=       15 filter=  1.482ms semisort=  0.014ms
[pe-async] round=398 R=400 dirty=       12 runs=        9 filter=  1.409ms semisort=  0.012ms
[pe-async] round=399 R=401 dirty=       12 runs=        3 filter=  1.399ms semisort=  0.011ms
[pe-async] round=400 R=402 dirty=        6 runs=        3 filter=  1.456ms semisort=  0.011ms
[pe-async] round=401 R=403 dirty=       30 runs=       15 filter=  1.450ms semisort=  0.022ms
[pe-async] round=402 R=404 dirty=       12 runs=        9 filter=  1.426ms semisort=  0.027ms
[pe-async] round=403 R=405 dirty=       12 runs=        3 filter=  1.402ms semisort=  0.011ms
[pe-async] round=404 R=406 dirty=        6 runs=        3 filter=  1.474ms semisort=  0.010ms
[pe-async] round=405 R=407 dirty=       30 runs=       15 filter=  1.420ms semisort=  0.014ms
[pe-async] round=406 R=408 dirty=       12 runs=        9 filter=  1.463ms semisort=  0.011ms
[pe-async] round=407 R=409 dirty=       12 runs=        3 filter=  1.406ms semisort=  0.011ms
[pe-async] round=408 R=410 dirty=        6 runs=        3 filter=  1.458ms semisort=  0.011ms
[pe-async] round=409 R=411 dirty=       30 runs=       15 filter=  1.485ms semisort=  0.015ms
[pe-async] round=410 R=412 dirty=       12 runs=        9 filter=  1.424ms semisort=  0.012ms
[pe-async] round=411 R=413 dirty=       12 runs=        3 filter=  1.450ms semisort=  0.011ms
[pe-async] round=412 R=414 dirty=        6 runs=        3 filter=  1.415ms semisort=  0.010ms
[pe-async] round=413 R=415 dirty=       30 runs=       15 filter=  1.461ms semisort=  0.021ms
[pe-async] round=414 R=416 dirty=       12 runs=        9 filter=  1.451ms semisort=  0.011ms
[pe-async] round=415 R=417 dirty=       12 runs=        3 filter=  1.411ms semisort=  0.010ms
[pe-async] round=416 R=418 dirty=        6 runs=        3 filter=  1.444ms semisort=  0.010ms
[pe-async] round=417 R=419 dirty=       30 runs=       15 filter=  1.419ms semisort=  0.014ms
[pe-async] round=418 R=420 dirty=       12 runs=        9 filter=  1.418ms semisort=  0.011ms
[pe-async] round=419 R=421 dirty=       12 runs=        3 filter=  1.384ms semisort=  0.010ms
[pe-async] round=420 R=422 dirty=        6 runs=        3 filter=  1.456ms semisort=  0.011ms
[pe-async] round=421 R=423 dirty=       30 runs=       15 filter=  1.462ms semisort=  0.014ms
[pe-async] round=422 R=424 dirty=       12 runs=        9 filter=  1.452ms semisort=  0.012ms
[pe-async] round=423 R=425 dirty=       12 runs=        3 filter=  1.457ms semisort=  0.010ms
[pe-async] round=424 R=426 dirty=        6 runs=        3 filter=  1.433ms semisort=  0.010ms
[pe-async] round=425 R=427 dirty=       30 runs=       15 filter=  1.439ms semisort=  0.039ms
[pe-async] round=426 R=428 dirty=       12 runs=        9 filter=  1.432ms semisort=  0.017ms
[pe-async] round=427 R=429 dirty=       12 runs=        3 filter=  1.470ms semisort=  0.010ms
[pe-async] round=428 R=430 dirty=        6 runs=        3 filter=  1.406ms semisort=  0.010ms
[pe-async] round=429 R=431 dirty=       31 runs=       21 filter=  1.449ms semisort=  0.013ms
[pe-async] round=430 R=432 dirty=        6 runs=        4 filter=  1.474ms semisort=  0.010ms
[pe-async] round=431 R=433 dirty=        0 filter=  1.435ms (clean break)
[pe-async] round=  0 R=2 dirty=  5950187 runs=  3886042 filter=  1.747ms semisort= 11.748ms
[pe-async] round=  1 R=3 dirty=   263635 runs=   150760 filter=  2.113ms semisort=  0.944ms
[pe-async] round=  2 R=4 dirty=    86522 runs=    58570 filter=  1.786ms semisort=  3.356ms
[pe-async] round=  3 R=5 dirty=    36944 runs=    18788 filter=  1.667ms semisort=  1.270ms
[pe-async] round=  4 R=6 dirty=    15663 runs=     8740 filter=  1.551ms semisort=  0.613ms
[pe-async] round=  5 R=7 dirty=    13473 runs=     5947 filter=  1.513ms semisort=  0.546ms
[pe-async] round=  6 R=8 dirty=    13658 runs=     7108 filter=  1.498ms semisort=  0.543ms
[pe-async] round=  7 R=9 dirty=    13105 runs=     6254 filter=  1.484ms semisort=  0.523ms
[pe-async] round=  8 R=10 dirty=    14858 runs=     7591 filter=  1.481ms semisort=  0.584ms
[pe-async] round=  9 R=11 dirty=     5451 runs=     2881 filter=  1.484ms semisort=  0.292ms
[pe-async] round= 10 R=12 dirty=     9075 runs=     3410 filter=  1.467ms semisort=  0.391ms
[pe-async] round= 11 R=13 dirty=     4967 runs=     2078 filter=  1.425ms semisort=  0.283ms
[pe-async] round= 12 R=14 dirty=     4266 runs=     2352 filter=  1.448ms semisort=  0.256ms
[pe-async] round= 13 R=15 dirty=     1778 runs=     1264 filter=  1.429ms semisort=  0.123ms
[pe-async] round= 14 R=16 dirty=      268 runs=      116 filter=  1.442ms semisort=  0.075ms
[pe-async] round= 15 R=17 dirty=      116 runs=       38 filter=  1.447ms semisort=  0.059ms
[pe-async] round= 16 R=18 dirty=      182 runs=       91 filter=  1.474ms semisort=  0.062ms
[pe-async] round= 17 R=19 dirty=      122 runs=       51 filter=  1.422ms semisort=  0.048ms
[pe-async] round= 18 R=20 dirty=       80 runs=       31 filter=  1.436ms semisort=  0.044ms
[pe-async] round= 19 R=21 dirty=       76 runs=       25 filter=  1.393ms semisort=  0.053ms
[pe-async] round= 20 R=22 dirty=      138 runs=       75 filter=  1.451ms semisort=  0.055ms
[pe-async] round= 21 R=23 dirty=      102 runs=       43 filter=  1.402ms semisort=  0.049ms
[pe-async] round= 22 R=24 dirty=       76 runs=       29 filter=  1.428ms semisort=  0.040ms
[pe-async] round= 23 R=25 dirty=       68 runs=       23 filter=  1.382ms semisort=  0.038ms
[pe-async] round= 24 R=26 dirty=      134 runs=       71 filter=  1.470ms semisort=  0.061ms
[pe-async] round= 25 R=27 dirty=      102 runs=       43 filter=  1.421ms semisort=  0.046ms
[pe-async] round= 26 R=28 dirty=       76 runs=       29 filter=  1.463ms semisort=  0.041ms
[pe-async] round= 27 R=29 dirty=       68 runs=       23 filter=  1.393ms semisort=  0.054ms
[pe-async] round= 28 R=30 dirty=      134 runs=       71 filter=  1.411ms semisort=  0.067ms
[pe-async] round= 29 R=31 dirty=      102 runs=       43 filter=  1.410ms semisort=  0.051ms
[pe-async] round= 30 R=32 dirty=       76 runs=       29 filter=  1.439ms semisort=  0.034ms
[pe-async] round= 31 R=33 dirty=       68 runs=       23 filter=  1.439ms semisort=  0.046ms
[pe-async] round= 32 R=34 dirty=      134 runs=       71 filter=  1.462ms semisort=  0.067ms
[pe-async] round= 33 R=35 dirty=      102 runs=       43 filter=  1.421ms semisort=  0.049ms
[pe-async] round= 34 R=36 dirty=       76 runs=       29 filter=  1.447ms semisort=  0.059ms
[pe-async] round= 35 R=37 dirty=       68 runs=       23 filter=  1.448ms semisort=  0.054ms
[pe-async] round= 36 R=38 dirty=      134 runs=       71 filter=  1.405ms semisort=  0.057ms
[pe-async] round= 37 R=39 dirty=      102 runs=       43 filter=  1.433ms semisort=  0.059ms
[pe-async] round= 38 R=40 dirty=       76 runs=       29 filter=  1.401ms semisort=  0.046ms
[pe-async] round= 39 R=41 dirty=       68 runs=       23 filter=  1.422ms semisort=  0.050ms
[pe-async] round= 40 R=42 dirty=      134 runs=       71 filter=  1.449ms semisort=  0.061ms
[pe-async] round= 41 R=43 dirty=      102 runs=       43 filter=  1.414ms semisort=  0.061ms
[pe-async] round= 42 R=44 dirty=       76 runs=       29 filter=  1.410ms semisort=  0.045ms
[pe-async] round= 43 R=45 dirty=       68 runs=       23 filter=  1.411ms semisort=  0.041ms
[pe-async] round= 44 R=46 dirty=      134 runs=       71 filter=  1.427ms semisort=  0.047ms
[pe-async] round= 45 R=47 dirty=      102 runs=       43 filter=  1.407ms semisort=  0.056ms
[pe-async] round= 46 R=48 dirty=       76 runs=       29 filter=  1.429ms semisort=  0.035ms
[pe-async] round= 47 R=49 dirty=       68 runs=       23 filter=  1.476ms semisort=  0.047ms
[pe-async] round= 48 R=50 dirty=       22 runs=       11 filter=  1.452ms semisort=  0.017ms
[pe-async] round= 49 R=51 dirty=       62 runs=       23 filter=  1.440ms semisort=  0.030ms
[pe-async] round= 50 R=52 dirty=       28 runs=       17 filter=  1.430ms semisort=  0.018ms
[pe-async] round= 51 R=53 dirty=       44 runs=       11 filter=  1.470ms semisort=  0.029ms
[pe-async] round= 52 R=54 dirty=       22 runs=       11 filter=  1.421ms semisort=  0.016ms
[pe-async] round= 53 R=55 dirty=       62 runs=       23 filter=  1.425ms semisort=  0.058ms
[pe-async] round= 54 R=56 dirty=       28 runs=       17 filter=  1.438ms semisort=  0.024ms
[pe-async] round= 55 R=57 dirty=       44 runs=       11 filter=  1.409ms semisort=  0.035ms
[pe-async] round= 56 R=58 dirty=       22 runs=       11 filter=  1.379ms semisort=  0.016ms
[pe-async] round= 57 R=59 dirty=       62 runs=       23 filter=  1.420ms semisort=  0.040ms
[pe-async] round= 58 R=60 dirty=       28 runs=       17 filter=  1.405ms semisort=  0.018ms
[pe-async] round= 59 R=61 dirty=       44 runs=       11 filter=  1.447ms semisort=  0.044ms
[pe-async] round= 60 R=62 dirty=       22 runs=       11 filter=  1.455ms semisort=  0.017ms
[pe-async] round= 61 R=63 dirty=       62 runs=       23 filter=  1.402ms semisort=  0.058ms
[pe-async] round= 62 R=64 dirty=       28 runs=       17 filter=  1.397ms semisort=  0.020ms
[pe-async] round= 63 R=65 dirty=       44 runs=       11 filter=  1.451ms semisort=  0.038ms
[pe-async] round= 64 R=66 dirty=       22 runs=       11 filter=  1.402ms semisort=  0.029ms
[pe-async] round= 65 R=67 dirty=       62 runs=       23 filter=  1.465ms semisort=  0.037ms
[pe-async] round= 66 R=68 dirty=       28 runs=       17 filter=  1.448ms semisort=  0.026ms
[pe-async] round= 67 R=69 dirty=       44 runs=       11 filter=  1.423ms semisort=  0.039ms
[pe-async] round= 68 R=70 dirty=       22 runs=       11 filter=  1.419ms semisort=  0.016ms
[pe-async] round= 69 R=71 dirty=       62 runs=       23 filter=  1.435ms semisort=  0.056ms
[pe-async] round= 70 R=72 dirty=       28 runs=       17 filter=  1.445ms semisort=  0.019ms
[pe-async] round= 71 R=73 dirty=       44 runs=       11 filter=  1.450ms semisort=  0.044ms
[pe-async] round= 72 R=74 dirty=       22 runs=       11 filter=  1.474ms semisort=  0.016ms
[pe-async] round= 73 R=75 dirty=       62 runs=       23 filter=  1.441ms semisort=  0.035ms
[pe-async] round= 74 R=76 dirty=       28 runs=       17 filter=  1.460ms semisort=  0.029ms
[pe-async] round= 75 R=77 dirty=       44 runs=       11 filter=  1.440ms semisort=  0.025ms
[pe-async] round= 76 R=78 dirty=       22 runs=       11 filter=  1.406ms semisort=  0.017ms
[pe-async] round= 77 R=79 dirty=       62 runs=       23 filter=  1.448ms semisort=  0.034ms
[pe-async] round= 78 R=80 dirty=       28 runs=       17 filter=  1.404ms semisort=  0.019ms
[pe-async] round= 79 R=81 dirty=       44 runs=       11 filter=  1.393ms semisort=  0.038ms
[pe-async] round= 80 R=82 dirty=       22 runs=       11 filter=  1.426ms semisort=  0.044ms
[pe-async] round= 81 R=83 dirty=       62 runs=       23 filter=  1.436ms semisort=  0.042ms
[pe-async] round= 82 R=84 dirty=       28 runs=       17 filter=  1.417ms semisort=  0.018ms
[pe-async] round= 83 R=85 dirty=       44 runs=       11 filter=  1.425ms semisort=  0.036ms
[pe-async] round= 84 R=86 dirty=       22 runs=       11 filter=  1.469ms semisort=  0.018ms
[pe-async] round= 85 R=87 dirty=       62 runs=       23 filter=  1.432ms semisort=  0.029ms
[pe-async] round= 86 R=88 dirty=       28 runs=       17 filter=  1.446ms semisort=  0.034ms
[pe-async] round= 87 R=89 dirty=       44 runs=       11 filter=  1.450ms semisort=  0.042ms
[pe-async] round= 88 R=90 dirty=       22 runs=       11 filter=  1.427ms semisort=  0.018ms
[pe-async] round= 89 R=91 dirty=       62 runs=       23 filter=  1.407ms semisort=  0.041ms
[pe-async] round= 90 R=92 dirty=       28 runs=       17 filter=  1.398ms semisort=  0.018ms
[pe-async] round= 91 R=93 dirty=       44 runs=       11 filter=  1.405ms semisort=  0.043ms
[pe-async] round= 92 R=94 dirty=       22 runs=       11 filter=  1.446ms semisort=  0.023ms
[pe-async] round= 93 R=95 dirty=       62 runs=       23 filter=  1.412ms semisort=  0.045ms
[pe-async] round= 94 R=96 dirty=       28 runs=       17 filter=  1.459ms semisort=  0.039ms
[pe-async] round= 95 R=97 dirty=       44 runs=       11 filter=  1.413ms semisort=  0.036ms
[pe-async] round= 96 R=98 dirty=       22 runs=       11 filter=  1.418ms semisort=  0.031ms
[pe-async] round= 97 R=99 dirty=       62 runs=       23 filter=  1.402ms semisort=  0.056ms
[pe-async] round= 98 R=100 dirty=       28 runs=       17 filter=  1.451ms semisort=  0.019ms
[pe-async] round= 99 R=101 dirty=       44 runs=       11 filter=  1.479ms semisort=  0.024ms
[pe-async] round=100 R=102 dirty=       22 runs=       11 filter=  1.463ms semisort=  0.039ms
[pe-async] round=101 R=103 dirty=       62 runs=       23 filter=  1.478ms semisort=  0.030ms
[pe-async] round=102 R=104 dirty=       28 runs=       17 filter=  1.453ms semisort=  0.033ms
[pe-async] round=103 R=105 dirty=       44 runs=       11 filter=  1.405ms semisort=  0.035ms
[pe-async] round=104 R=106 dirty=       22 runs=       11 filter=  1.416ms semisort=  0.017ms
[pe-async] round=105 R=107 dirty=       62 runs=       23 filter=  1.426ms semisort=  0.038ms
[pe-async] round=106 R=108 dirty=       28 runs=       17 filter=  1.436ms semisort=  0.019ms
[pe-async] round=107 R=109 dirty=       44 runs=       11 filter=  1.477ms semisort=  0.034ms
[pe-async] round=108 R=110 dirty=       22 runs=       11 filter=  1.441ms semisort=  0.030ms
[pe-async] round=109 R=111 dirty=       62 runs=       23 filter=  1.405ms semisort=  0.042ms
[pe-async] round=110 R=112 dirty=       28 runs=       17 filter=  1.439ms semisort=  0.041ms
[pe-async] round=111 R=113 dirty=       44 runs=       11 filter=  1.446ms semisort=  0.021ms
[pe-async] round=112 R=114 dirty=       22 runs=       11 filter=  1.421ms semisort=  0.031ms
[pe-async] round=113 R=115 dirty=       62 runs=       23 filter=  1.460ms semisort=  0.046ms
[pe-async] round=114 R=116 dirty=       28 runs=       17 filter=  1.397ms semisort=  0.022ms
[pe-async] round=115 R=117 dirty=       44 runs=       11 filter=  1.440ms semisort=  0.031ms
[pe-async] round=116 R=118 dirty=       22 runs=       11 filter=  1.417ms semisort=  0.043ms
[pe-async] round=117 R=119 dirty=       62 runs=       23 filter=  1.493ms semisort=  0.039ms
[pe-async] round=118 R=120 dirty=       28 runs=       17 filter=  1.410ms semisort=  0.036ms
[pe-async] round=119 R=121 dirty=       44 runs=       11 filter=  1.440ms semisort=  0.035ms
[pe-async] round=120 R=122 dirty=       22 runs=       11 filter=  1.458ms semisort=  0.036ms
[pe-async] round=121 R=123 dirty=       62 runs=       23 filter=  1.411ms semisort=  0.034ms
[pe-async] round=122 R=124 dirty=       28 runs=       17 filter=  1.422ms semisort=  0.018ms
[pe-async] round=123 R=125 dirty=       44 runs=       11 filter=  1.435ms semisort=  0.043ms
[pe-async] round=124 R=126 dirty=       22 runs=       11 filter=  1.417ms semisort=  0.017ms
[pe-async] round=125 R=127 dirty=       62 runs=       23 filter=  1.431ms semisort=  0.038ms
[pe-async] round=126 R=128 dirty=       28 runs=       17 filter=  1.443ms semisort=  0.033ms
[pe-async] round=127 R=129 dirty=       44 runs=       11 filter=  1.420ms semisort=  0.030ms
[pe-async] round=128 R=130 dirty=       22 runs=       11 filter=  1.461ms semisort=  0.017ms
[pe-async] round=129 R=131 dirty=       62 runs=       23 filter=  1.440ms semisort=  0.029ms
[pe-async] round=130 R=132 dirty=       28 runs=       17 filter=  1.451ms semisort=  0.056ms
[pe-async] round=131 R=133 dirty=       44 runs=       11 filter=  1.406ms semisort=  0.039ms
[pe-async] round=132 R=134 dirty=       22 runs=       11 filter=  1.413ms semisort=  0.016ms
[pe-async] round=133 R=135 dirty=       62 runs=       23 filter=  1.443ms semisort=  0.027ms
[pe-async] round=134 R=136 dirty=       28 runs=       17 filter=  1.461ms semisort=  0.018ms
[pe-async] round=135 R=137 dirty=       44 runs=       11 filter=  1.420ms semisort=  0.027ms
[pe-async] round=136 R=138 dirty=       22 runs=       11 filter=  1.394ms semisort=  0.017ms
[pe-async] round=137 R=139 dirty=       62 runs=       23 filter=  1.435ms semisort=  0.038ms
[pe-async] round=138 R=140 dirty=       28 runs=       17 filter=  1.449ms semisort=  0.042ms
[pe-async] round=139 R=141 dirty=       44 runs=       11 filter=  1.424ms semisort=  0.035ms
[pe-async] round=140 R=142 dirty=       22 runs=       11 filter=  1.455ms semisort=  0.017ms
[pe-async] round=141 R=143 dirty=       62 runs=       23 filter=  1.430ms semisort=  0.038ms
[pe-async] round=142 R=144 dirty=       28 runs=       17 filter=  1.386ms semisort=  0.018ms
[pe-async] round=143 R=145 dirty=       44 runs=       11 filter=  1.479ms semisort=  0.031ms
[pe-async] round=144 R=146 dirty=       22 runs=       11 filter=  1.420ms semisort=  0.032ms
[pe-async] round=145 R=147 dirty=       62 runs=       23 filter=  1.422ms semisort=  0.045ms
[pe-async] round=146 R=148 dirty=       28 runs=       17 filter=  1.414ms semisort=  0.022ms
[pe-async] round=147 R=149 dirty=       44 runs=       11 filter=  1.429ms semisort=  0.036ms
[pe-async] round=148 R=150 dirty=       22 runs=       11 filter=  1.441ms semisort=  0.017ms
[pe-async] round=149 R=151 dirty=       62 runs=       23 filter=  1.442ms semisort=  0.035ms
[pe-async] round=150 R=152 dirty=       28 runs=       17 filter=  1.430ms semisort=  0.018ms
[pe-async] round=151 R=153 dirty=       44 runs=       11 filter=  1.405ms semisort=  0.037ms
[pe-async] round=152 R=154 dirty=       22 runs=       11 filter=  1.433ms semisort=  0.017ms
[pe-async] round=153 R=155 dirty=       62 runs=       23 filter=  1.458ms semisort=  0.034ms
[pe-async] round=154 R=156 dirty=       28 runs=       17 filter=  1.422ms semisort=  0.033ms
[pe-async] round=155 R=157 dirty=       44 runs=       11 filter=  1.438ms semisort=  0.031ms
[pe-async] round=156 R=158 dirty=       22 runs=       11 filter=  1.418ms semisort=  0.022ms
[pe-async] round=157 R=159 dirty=       62 runs=       23 filter=  1.421ms semisort=  0.041ms
[pe-async] round=158 R=160 dirty=       28 runs=       17 filter=  1.449ms semisort=  0.018ms
[pe-async] round=159 R=161 dirty=       44 runs=       11 filter=  1.457ms semisort=  0.055ms
[pe-async] round=160 R=162 dirty=       22 runs=       11 filter=  1.398ms semisort=  0.019ms
[pe-async] round=161 R=163 dirty=       62 runs=       23 filter=  1.395ms semisort=  0.045ms
[pe-async] round=162 R=164 dirty=       28 runs=       17 filter=  1.425ms semisort=  0.017ms
[pe-async] round=163 R=165 dirty=       44 runs=       11 filter=  1.430ms semisort=  0.043ms
[pe-async] round=164 R=166 dirty=       22 runs=       11 filter=  1.429ms semisort=  0.028ms
[pe-async] round=165 R=167 dirty=       62 runs=       23 filter=  1.441ms semisort=  0.060ms
[pe-async] round=166 R=168 dirty=       28 runs=       17 filter=  1.414ms semisort=  0.036ms
[pe-async] round=167 R=169 dirty=       44 runs=       11 filter=  1.415ms semisort=  0.030ms
[pe-async] round=168 R=170 dirty=       22 runs=       11 filter=  1.476ms semisort=  0.020ms
[pe-async] round=169 R=171 dirty=       62 runs=       23 filter=  1.443ms semisort=  0.035ms
[pe-async] round=170 R=172 dirty=       28 runs=       17 filter=  1.424ms semisort=  0.048ms
[pe-async] round=171 R=173 dirty=       44 runs=       11 filter=  1.445ms semisort=  0.025ms
[pe-async] round=172 R=174 dirty=       22 runs=       11 filter=  1.425ms semisort=  0.016ms
[pe-async] round=173 R=175 dirty=       62 runs=       23 filter=  1.410ms semisort=  0.048ms
[pe-async] round=174 R=176 dirty=       28 runs=       17 filter=  1.398ms semisort=  0.039ms
[pe-async] round=175 R=177 dirty=       44 runs=       11 filter=  1.397ms semisort=  0.038ms
[pe-async] round=176 R=178 dirty=       22 runs=       11 filter=  1.421ms semisort=  0.016ms
[pe-async] round=177 R=179 dirty=       62 runs=       23 filter=  1.417ms semisort=  0.029ms
[pe-async] round=178 R=180 dirty=       28 runs=       17 filter=  1.450ms semisort=  0.041ms
[pe-async] round=179 R=181 dirty=       44 runs=       11 filter=  1.407ms semisort=  0.044ms
[pe-async] round=180 R=182 dirty=       22 runs=       11 filter=  1.430ms semisort=  0.022ms
[pe-async] round=181 R=183 dirty=       62 runs=       23 filter=  1.457ms semisort=  0.041ms
[pe-async] round=182 R=184 dirty=       28 runs=       17 filter=  1.432ms semisort=  0.042ms
[pe-async] round=183 R=185 dirty=       44 runs=       11 filter=  1.423ms semisort=  0.044ms
[pe-async] round=184 R=186 dirty=       22 runs=       11 filter=  1.417ms semisort=  0.017ms
[pe-async] round=185 R=187 dirty=       62 runs=       23 filter=  1.437ms semisort=  0.032ms
[pe-async] round=186 R=188 dirty=       28 runs=       17 filter=  1.423ms semisort=  0.018ms
[pe-async] round=187 R=189 dirty=       44 runs=       11 filter=  1.431ms semisort=  0.030ms
[pe-async] round=188 R=190 dirty=       22 runs=       11 filter=  1.470ms semisort=  0.017ms
[pe-async] round=189 R=191 dirty=       62 runs=       23 filter=  1.445ms semisort=  0.034ms
[pe-async] round=190 R=192 dirty=       28 runs=       17 filter=  1.399ms semisort=  0.025ms
[pe-async] round=191 R=193 dirty=       44 runs=       11 filter=  1.461ms semisort=  0.029ms
[pe-async] round=192 R=194 dirty=       22 runs=       11 filter=  1.450ms semisort=  0.017ms
[pe-async] round=193 R=195 dirty=       62 runs=       23 filter=  1.434ms semisort=  0.049ms
[pe-async] round=194 R=196 dirty=       28 runs=       17 filter=  1.441ms semisort=  0.018ms
[pe-async] round=195 R=197 dirty=       44 runs=       11 filter=  1.499ms semisort=  0.040ms
[pe-async] round=196 R=198 dirty=       22 runs=       11 filter=  1.412ms semisort=  0.016ms
[pe-async] round=197 R=199 dirty=       62 runs=       23 filter=  1.473ms semisort=  0.045ms
[pe-async] round=198 R=200 dirty=       28 runs=       17 filter=  1.418ms semisort=  0.018ms
[pe-async] round=199 R=201 dirty=       44 runs=       11 filter=  1.447ms semisort=  0.042ms
[pe-async] round=200 R=202 dirty=       22 runs=       11 filter=  1.416ms semisort=  0.044ms
[pe-async] round=201 R=203 dirty=       62 runs=       23 filter=  1.454ms semisort=  0.041ms
[pe-async] round=202 R=204 dirty=       28 runs=       17 filter=  1.428ms semisort=  0.025ms
[pe-async] round=203 R=205 dirty=       44 runs=       11 filter=  1.445ms semisort=  0.028ms
[pe-async] round=204 R=206 dirty=       22 runs=       11 filter=  1.412ms semisort=  0.017ms
[pe-async] round=205 R=207 dirty=       62 runs=       23 filter=  1.436ms semisort=  0.030ms
[pe-async] round=206 R=208 dirty=       28 runs=       17 filter=  1.441ms semisort=  0.051ms
[pe-async] round=207 R=209 dirty=       44 runs=       11 filter=  1.425ms semisort=  0.038ms
[pe-async] round=208 R=210 dirty=       22 runs=       11 filter=  1.493ms semisort=  0.017ms
[pe-async] round=209 R=211 dirty=       70 runs=       31 filter=  1.425ms semisort=  0.037ms
[pe-async] round=210 R=212 dirty=       28 runs=       21 filter=  1.465ms semisort=  0.030ms
[pe-async] round=211 R=213 dirty=       28 runs=        7 filter=  1.432ms semisort=  0.015ms
[pe-async] round=212 R=214 dirty=       14 runs=        7 filter=  1.412ms semisort=  0.015ms
[pe-async] round=213 R=215 dirty=       46 runs=       19 filter=  1.437ms semisort=  0.035ms
[pe-async] round=214 R=216 dirty=       20 runs=       13 filter=  1.404ms semisort=  0.042ms
[pe-async] round=215 R=217 dirty=       28 runs=        7 filter=  1.438ms semisort=  0.015ms
[pe-async] round=216 R=218 dirty=       14 runs=        7 filter=  1.394ms semisort=  0.015ms
[pe-async] round=217 R=219 dirty=       46 runs=       19 filter=  1.478ms semisort=  0.034ms
[pe-async] round=218 R=220 dirty=       20 runs=       13 filter=  1.420ms semisort=  0.022ms
[pe-async] round=219 R=221 dirty=       28 runs=        7 filter=  1.469ms semisort=  0.015ms
[pe-async] round=220 R=222 dirty=       14 runs=        7 filter=  1.455ms semisort=  0.014ms
[pe-async] round=221 R=223 dirty=       46 runs=       19 filter=  1.467ms semisort=  0.049ms
[pe-async] round=222 R=224 dirty=       20 runs=       13 filter=  1.400ms semisort=  0.022ms
[pe-async] round=223 R=225 dirty=       28 runs=        7 filter=  1.472ms semisort=  0.015ms
[pe-async] round=224 R=226 dirty=       14 runs=        7 filter=  1.486ms semisort=  0.014ms
[pe-async] round=225 R=227 dirty=       46 runs=       19 filter=  1.453ms semisort=  0.026ms
[pe-async] round=226 R=228 dirty=       20 runs=       13 filter=  1.470ms semisort=  0.016ms
[pe-async] round=227 R=229 dirty=       28 runs=        7 filter=  1.409ms semisort=  0.015ms
[pe-async] round=228 R=230 dirty=       14 runs=        7 filter=  1.431ms semisort=  0.014ms
[pe-async] round=229 R=231 dirty=       46 runs=       19 filter=  1.452ms semisort=  0.028ms
[pe-async] round=230 R=232 dirty=       20 runs=       13 filter=  1.429ms semisort=  0.020ms
[pe-async] round=231 R=233 dirty=       28 runs=        7 filter=  1.414ms semisort=  0.015ms
[pe-async] round=232 R=234 dirty=       14 runs=        7 filter=  1.429ms semisort=  0.014ms
[pe-async] round=233 R=235 dirty=       46 runs=       19 filter=  1.456ms semisort=  0.024ms
[pe-async] round=234 R=236 dirty=       20 runs=       13 filter=  1.420ms semisort=  0.017ms
[pe-async] round=235 R=237 dirty=       28 runs=        7 filter=  1.436ms semisort=  0.016ms
[pe-async] round=236 R=238 dirty=       14 runs=        7 filter=  1.435ms semisort=  0.014ms
[pe-async] round=237 R=239 dirty=       46 runs=       19 filter=  1.406ms semisort=  0.029ms
[pe-async] round=238 R=240 dirty=       20 runs=       13 filter=  1.451ms semisort=  0.026ms
[pe-async] round=239 R=241 dirty=       28 runs=        7 filter=  1.413ms semisort=  0.025ms
[pe-async] round=240 R=242 dirty=       14 runs=        7 filter=  1.453ms semisort=  0.014ms
[pe-async] round=241 R=243 dirty=       46 runs=       19 filter=  1.469ms semisort=  0.021ms
[pe-async] round=242 R=244 dirty=       20 runs=       13 filter=  1.464ms semisort=  0.018ms
[pe-async] round=243 R=245 dirty=       28 runs=        7 filter=  1.454ms semisort=  0.015ms
[pe-async] round=244 R=246 dirty=       14 runs=        7 filter=  1.435ms semisort=  0.029ms
[pe-async] round=245 R=247 dirty=       46 runs=       19 filter=  1.438ms semisort=  0.036ms
[pe-async] round=246 R=248 dirty=       20 runs=       13 filter=  1.398ms semisort=  0.029ms
[pe-async] round=247 R=249 dirty=       28 runs=        7 filter=  1.425ms semisort=  0.018ms
[pe-async] round=248 R=250 dirty=       14 runs=        7 filter=  1.418ms semisort=  0.013ms
[pe-async] round=249 R=251 dirty=       46 runs=       19 filter=  1.472ms semisort=  0.037ms
[pe-async] round=250 R=252 dirty=       20 runs=       13 filter=  1.441ms semisort=  0.016ms
[pe-async] round=251 R=253 dirty=       28 runs=        7 filter=  1.412ms semisort=  0.024ms
[pe-async] round=252 R=254 dirty=       14 runs=        7 filter=  1.447ms semisort=  0.014ms
[pe-async] round=253 R=255 dirty=       46 runs=       19 filter=  1.418ms semisort=  0.028ms
[pe-async] round=254 R=256 dirty=       20 runs=       13 filter=  1.428ms semisort=  0.026ms
[pe-async] round=255 R=257 dirty=       28 runs=        7 filter=  1.461ms semisort=  0.016ms
[pe-async] round=256 R=258 dirty=       14 runs=        7 filter=  1.462ms semisort=  0.014ms
[pe-async] round=257 R=259 dirty=       46 runs=       19 filter=  1.404ms semisort=  0.030ms
[pe-async] round=258 R=260 dirty=       20 runs=       13 filter=  1.453ms semisort=  0.015ms
[pe-async] round=259 R=261 dirty=       28 runs=        7 filter=  1.446ms semisort=  0.015ms
[pe-async] round=260 R=262 dirty=       14 runs=        7 filter=  1.429ms semisort=  0.014ms
[pe-async] round=261 R=263 dirty=       46 runs=       19 filter=  1.444ms semisort=  0.042ms
[pe-async] round=262 R=264 dirty=       20 runs=       13 filter=  1.397ms semisort=  0.016ms
[pe-async] round=263 R=265 dirty=       28 runs=        7 filter=  1.478ms semisort=  0.015ms
[pe-async] round=264 R=266 dirty=       14 runs=        7 filter=  1.450ms semisort=  0.014ms
[pe-async] round=265 R=267 dirty=       46 runs=       19 filter=  1.485ms semisort=  0.037ms
[pe-async] round=266 R=268 dirty=       20 runs=       13 filter=  1.455ms semisort=  0.016ms
[pe-async] round=267 R=269 dirty=       28 runs=        7 filter=  1.465ms semisort=  0.018ms
[pe-async] round=268 R=270 dirty=       14 runs=        7 filter=  1.427ms semisort=  0.014ms
[pe-async] round=269 R=271 dirty=       46 runs=       19 filter=  1.427ms semisort=  0.042ms
[pe-async] round=270 R=272 dirty=       20 runs=       13 filter=  1.438ms semisort=  0.017ms
[pe-async] round=271 R=273 dirty=       28 runs=        7 filter=  1.413ms semisort=  0.015ms
[pe-async] round=272 R=274 dirty=       14 runs=        7 filter=  1.402ms semisort=  0.017ms
[pe-async] round=273 R=275 dirty=       46 runs=       19 filter=  1.438ms semisort=  0.037ms
[pe-async] round=274 R=276 dirty=       20 runs=       13 filter=  1.416ms semisort=  0.016ms
[pe-async] round=275 R=277 dirty=       28 runs=        7 filter=  1.432ms semisort=  0.015ms
[pe-async] round=276 R=278 dirty=       14 runs=        7 filter=  1.440ms semisort=  0.013ms
[pe-async] round=277 R=279 dirty=       46 runs=       19 filter=  1.429ms semisort=  0.030ms
[pe-async] round=278 R=280 dirty=       20 runs=       13 filter=  1.397ms semisort=  0.016ms
[pe-async] round=279 R=281 dirty=       28 runs=        7 filter=  1.460ms semisort=  0.015ms
[pe-async] round=280 R=282 dirty=       14 runs=        7 filter=  1.435ms semisort=  0.014ms
[pe-async] round=281 R=283 dirty=       46 runs=       19 filter=  1.455ms semisort=  0.027ms
[pe-async] round=282 R=284 dirty=       20 runs=       13 filter=  1.443ms semisort=  0.018ms
[pe-async] round=283 R=285 dirty=       28 runs=        7 filter=  1.438ms semisort=  0.015ms
[pe-async] round=284 R=286 dirty=       14 runs=        7 filter=  1.452ms semisort=  0.014ms
[pe-async] round=285 R=287 dirty=       46 runs=       19 filter=  1.439ms semisort=  0.038ms
[pe-async] round=286 R=288 dirty=       20 runs=       13 filter=  1.429ms semisort=  0.015ms
[pe-async] round=287 R=289 dirty=       28 runs=        7 filter=  1.426ms semisort=  0.028ms
[pe-async] round=288 R=290 dirty=       14 runs=        7 filter=  1.489ms semisort=  0.014ms
[pe-async] round=289 R=291 dirty=       46 runs=       19 filter=  1.384ms semisort=  0.025ms
[pe-async] round=290 R=292 dirty=       20 runs=       13 filter=  1.464ms semisort=  0.015ms
[pe-async] round=291 R=293 dirty=       28 runs=        7 filter=  1.450ms semisort=  0.015ms
[pe-async] round=292 R=294 dirty=       14 runs=        7 filter=  1.449ms semisort=  0.014ms
[pe-async] round=293 R=295 dirty=       46 runs=       19 filter=  1.441ms semisort=  0.026ms
[pe-async] round=294 R=296 dirty=       20 runs=       13 filter=  1.448ms semisort=  0.030ms
[pe-async] round=295 R=297 dirty=       28 runs=        7 filter=  1.429ms semisort=  0.015ms
[pe-async] round=296 R=298 dirty=       14 runs=        7 filter=  1.417ms semisort=  0.014ms
[pe-async] round=297 R=299 dirty=       46 runs=       19 filter=  1.431ms semisort=  0.031ms
[pe-async] round=298 R=300 dirty=       20 runs=       13 filter=  1.469ms semisort=  0.016ms
[pe-async] round=299 R=301 dirty=       28 runs=        7 filter=  1.408ms semisort=  0.015ms
[pe-async] round=300 R=302 dirty=       14 runs=        7 filter=  1.421ms semisort=  0.014ms
[pe-async] round=301 R=303 dirty=       46 runs=       19 filter=  1.444ms semisort=  0.028ms
[pe-async] round=302 R=304 dirty=       20 runs=       13 filter=  1.456ms semisort=  0.016ms
[pe-async] round=303 R=305 dirty=       28 runs=        7 filter=  1.414ms semisort=  0.027ms
[pe-async] round=304 R=306 dirty=       14 runs=        7 filter=  1.399ms semisort=  0.014ms
[pe-async] round=305 R=307 dirty=       46 runs=       19 filter=  1.442ms semisort=  0.025ms
[pe-async] round=306 R=308 dirty=       20 runs=       13 filter=  1.474ms semisort=  0.020ms
[pe-async] round=307 R=309 dirty=       28 runs=        7 filter=  1.417ms semisort=  0.015ms
[pe-async] round=308 R=310 dirty=       14 runs=        7 filter=  1.430ms semisort=  0.014ms
[pe-async] round=309 R=311 dirty=       46 runs=       19 filter=  1.447ms semisort=  0.037ms
[pe-async] round=310 R=312 dirty=       20 runs=       13 filter=  1.441ms semisort=  0.033ms
[pe-async] round=311 R=313 dirty=       28 runs=        7 filter=  1.444ms semisort=  0.014ms
[pe-async] round=312 R=314 dirty=       14 runs=        7 filter=  1.444ms semisort=  0.015ms
[pe-async] round=313 R=315 dirty=       46 runs=       19 filter=  1.485ms semisort=  0.032ms
[pe-async] round=314 R=316 dirty=       20 runs=       13 filter=  1.437ms semisort=  0.021ms
[pe-async] round=315 R=317 dirty=       28 runs=        7 filter=  1.459ms semisort=  0.015ms
[pe-async] round=316 R=318 dirty=       14 runs=        7 filter=  1.438ms semisort=  0.014ms
[pe-async] round=317 R=319 dirty=       46 runs=       19 filter=  1.463ms semisort=  0.038ms
[pe-async] round=318 R=320 dirty=       20 runs=       17 filter=  1.431ms semisort=  0.017ms
[pe-async] round=319 R=321 dirty=       12 runs=        3 filter=  1.452ms semisort=  0.011ms
[pe-async] round=320 R=322 dirty=        6 runs=        3 filter=  1.432ms semisort=  0.009ms
[pe-async] round=321 R=323 dirty=       30 runs=       15 filter=  1.405ms semisort=  0.013ms
[pe-async] round=322 R=324 dirty=       12 runs=        9 filter=  1.373ms semisort=  0.012ms
[pe-async] round=323 R=325 dirty=       12 runs=        3 filter=  1.386ms semisort=  0.011ms
[pe-async] round=324 R=326 dirty=        6 runs=        3 filter=  1.416ms semisort=  0.011ms
[pe-async] round=325 R=327 dirty=       30 runs=       15 filter=  1.422ms semisort=  0.015ms
[pe-async] round=326 R=328 dirty=       12 runs=        9 filter=  1.493ms semisort=  0.012ms
[pe-async] round=327 R=329 dirty=       12 runs=        3 filter=  1.412ms semisort=  0.010ms
[pe-async] round=328 R=330 dirty=        6 runs=        3 filter=  1.469ms semisort=  0.010ms
[pe-async] round=329 R=331 dirty=       30 runs=       15 filter=  1.452ms semisort=  0.021ms
[pe-async] round=330 R=332 dirty=       12 runs=        9 filter=  1.451ms semisort=  0.012ms
[pe-async] round=331 R=333 dirty=       12 runs=        3 filter=  1.459ms semisort=  0.011ms
[pe-async] round=332 R=334 dirty=        6 runs=        3 filter=  1.421ms semisort=  0.010ms
[pe-async] round=333 R=335 dirty=       30 runs=       15 filter=  1.446ms semisort=  0.015ms
[pe-async] round=334 R=336 dirty=       12 runs=        9 filter=  1.404ms semisort=  0.012ms
[pe-async] round=335 R=337 dirty=       12 runs=        3 filter=  1.419ms semisort=  0.010ms
[pe-async] round=336 R=338 dirty=        6 runs=        3 filter=  1.425ms semisort=  0.021ms
[pe-async] round=337 R=339 dirty=       30 runs=       15 filter=  1.404ms semisort=  0.015ms
[pe-async] round=338 R=340 dirty=       12 runs=        9 filter=  1.423ms semisort=  0.012ms
[pe-async] round=339 R=341 dirty=       12 runs=        3 filter=  1.449ms semisort=  0.011ms
[pe-async] round=340 R=342 dirty=        6 runs=        3 filter=  1.393ms semisort=  0.010ms
[pe-async] round=341 R=343 dirty=       30 runs=       15 filter=  1.423ms semisort=  0.015ms
[pe-async] round=342 R=344 dirty=       12 runs=        9 filter=  1.459ms semisort=  0.012ms
[pe-async] round=343 R=345 dirty=       12 runs=        3 filter=  1.422ms semisort=  0.011ms
[pe-async] round=344 R=346 dirty=        6 runs=        3 filter=  1.468ms semisort=  0.011ms
[pe-async] round=345 R=347 dirty=       30 runs=       15 filter=  1.415ms semisort=  0.015ms
[pe-async] round=346 R=348 dirty=       12 runs=        9 filter=  1.469ms semisort=  0.012ms
[pe-async] round=347 R=349 dirty=       12 runs=        3 filter=  1.436ms semisort=  0.011ms
[pe-async] round=348 R=350 dirty=        6 runs=        3 filter=  1.393ms semisort=  0.010ms
[pe-async] round=349 R=351 dirty=       30 runs=       15 filter=  1.433ms semisort=  0.015ms
[pe-async] round=350 R=352 dirty=       12 runs=        9 filter=  1.413ms semisort=  0.012ms
[pe-async] round=351 R=353 dirty=       12 runs=        3 filter=  1.422ms semisort=  0.012ms
[pe-async] round=352 R=354 dirty=        6 runs=        3 filter=  1.395ms semisort=  0.011ms
[pe-async] round=353 R=355 dirty=       30 runs=       15 filter=  1.429ms semisort=  0.016ms
[pe-async] round=354 R=356 dirty=       12 runs=        9 filter=  1.421ms semisort=  0.012ms
[pe-async] round=355 R=357 dirty=       12 runs=        3 filter=  1.411ms semisort=  0.010ms
[pe-async] round=356 R=358 dirty=        6 runs=        3 filter=  1.403ms semisort=  0.011ms
[pe-async] round=357 R=359 dirty=       30 runs=       15 filter=  1.434ms semisort=  0.022ms
[pe-async] round=358 R=360 dirty=       12 runs=        9 filter=  1.449ms semisort=  0.012ms
[pe-async] round=359 R=361 dirty=       12 runs=        3 filter=  1.471ms semisort=  0.011ms
[pe-async] round=360 R=362 dirty=        6 runs=        3 filter=  1.446ms semisort=  0.010ms
[pe-async] round=361 R=363 dirty=       30 runs=       15 filter=  1.453ms semisort=  0.022ms
[pe-async] round=362 R=364 dirty=       12 runs=        9 filter=  1.457ms semisort=  0.018ms
[pe-async] round=363 R=365 dirty=       12 runs=        3 filter=  1.471ms semisort=  0.013ms
[pe-async] round=364 R=366 dirty=        6 runs=        3 filter=  1.452ms semisort=  0.011ms
[pe-async] round=365 R=367 dirty=       30 runs=       15 filter=  1.413ms semisort=  0.016ms
[pe-async] round=366 R=368 dirty=       12 runs=        9 filter=  1.472ms semisort=  0.012ms
[pe-async] round=367 R=369 dirty=       12 runs=        3 filter=  1.472ms semisort=  0.016ms
[pe-async] round=368 R=370 dirty=        6 runs=        3 filter=  1.426ms semisort=  0.010ms
[pe-async] round=369 R=371 dirty=       30 runs=       15 filter=  1.439ms semisort=  0.015ms
[pe-async] round=370 R=372 dirty=       12 runs=        9 filter=  1.407ms semisort=  0.012ms
[pe-async] round=371 R=373 dirty=       12 runs=        3 filter=  1.463ms semisort=  0.010ms
[pe-async] round=372 R=374 dirty=        6 runs=        3 filter=  1.441ms semisort=  0.010ms
[pe-async] round=373 R=375 dirty=       30 runs=       15 filter=  1.402ms semisort=  0.029ms
[pe-async] round=374 R=376 dirty=       12 runs=        9 filter=  1.423ms semisort=  0.012ms
[pe-async] round=375 R=377 dirty=       12 runs=        3 filter=  1.429ms semisort=  0.019ms
[pe-async] round=376 R=378 dirty=        6 runs=        3 filter=  1.426ms semisort=  0.010ms
[pe-async] round=377 R=379 dirty=       30 runs=       15 filter=  1.450ms semisort=  0.014ms
[pe-async] round=378 R=380 dirty=       12 runs=        9 filter=  1.427ms semisort=  0.012ms
[pe-async] round=379 R=381 dirty=       12 runs=        3 filter=  1.433ms semisort=  0.011ms
[pe-async] round=380 R=382 dirty=        6 runs=        3 filter=  1.469ms semisort=  0.010ms
[pe-async] round=381 R=383 dirty=       30 runs=       15 filter=  1.457ms semisort=  0.014ms
[pe-async] round=382 R=384 dirty=       12 runs=        9 filter=  1.478ms semisort=  0.012ms
[pe-async] round=383 R=385 dirty=       12 runs=        3 filter=  1.466ms semisort=  0.011ms
[pe-async] round=384 R=386 dirty=        6 runs=        3 filter=  1.429ms semisort=  0.011ms
[pe-async] round=385 R=387 dirty=       30 runs=       15 filter=  1.442ms semisort=  0.015ms
[pe-async] round=386 R=388 dirty=       12 runs=        9 filter=  1.456ms semisort=  0.012ms
[pe-async] round=387 R=389 dirty=       12 runs=        3 filter=  1.412ms semisort=  0.010ms
[pe-async] round=388 R=390 dirty=        6 runs=        3 filter=  1.404ms semisort=  0.010ms
[pe-async] round=389 R=391 dirty=       30 runs=       15 filter=  1.443ms semisort=  0.021ms
[pe-async] round=390 R=392 dirty=       12 runs=        9 filter=  1.436ms semisort=  0.011ms
[pe-async] round=391 R=393 dirty=       12 runs=        3 filter=  1.424ms semisort=  0.011ms
[pe-async] round=392 R=394 dirty=        6 runs=        3 filter=  1.431ms semisort=  0.011ms
[pe-async] round=393 R=395 dirty=       30 runs=       15 filter=  1.448ms semisort=  0.014ms
[pe-async] round=394 R=396 dirty=       12 runs=        9 filter=  1.429ms semisort=  0.012ms
[pe-async] round=395 R=397 dirty=       12 runs=        3 filter=  1.428ms semisort=  0.011ms
[pe-async] round=396 R=398 dirty=        6 runs=        3 filter=  1.440ms semisort=  0.010ms
[pe-async] round=397 R=399 dirty=       30 runs=       15 filter=  1.454ms semisort=  0.015ms
[pe-async] round=398 R=400 dirty=       12 runs=        9 filter=  1.427ms semisort=  0.011ms
[pe-async] round=399 R=401 dirty=       12 runs=        3 filter=  1.487ms semisort=  0.011ms
[pe-async] round=400 R=402 dirty=        6 runs=        3 filter=  1.497ms semisort=  0.011ms
[pe-async] round=401 R=403 dirty=       30 runs=       15 filter=  1.417ms semisort=  0.014ms
[pe-async] round=402 R=404 dirty=       12 runs=        9 filter=  1.428ms semisort=  0.012ms
[pe-async] round=403 R=405 dirty=       12 runs=        3 filter=  1.388ms semisort=  0.011ms
[pe-async] round=404 R=406 dirty=        6 runs=        3 filter=  1.499ms semisort=  0.010ms
[pe-async] round=405 R=407 dirty=       30 runs=       15 filter=  1.426ms semisort=  0.015ms
[pe-async] round=406 R=408 dirty=       12 runs=        9 filter=  1.454ms semisort=  0.017ms
[pe-async] round=407 R=409 dirty=       12 runs=        3 filter=  1.476ms semisort=  0.010ms
[pe-async] round=408 R=410 dirty=        6 runs=        3 filter=  1.417ms semisort=  0.011ms
[pe-async] round=409 R=411 dirty=       30 runs=       15 filter=  1.449ms semisort=  0.014ms
[pe-async] round=410 R=412 dirty=       12 runs=        9 filter=  1.438ms semisort=  0.011ms
[pe-async] round=411 R=413 dirty=       12 runs=        3 filter=  1.420ms semisort=  0.011ms
[pe-async] round=412 R=414 dirty=        6 runs=        3 filter=  1.424ms semisort=  0.010ms
[pe-async] round=413 R=415 dirty=       30 runs=       15 filter=  1.494ms semisort=  0.014ms
[pe-async] round=414 R=416 dirty=       12 runs=        9 filter=  1.424ms semisort=  0.012ms
[pe-async] round=415 R=417 dirty=       12 runs=        3 filter=  1.482ms semisort=  0.010ms
[pe-async] round=416 R=418 dirty=        6 runs=        3 filter=  1.467ms semisort=  0.010ms
[pe-async] round=417 R=419 dirty=       30 runs=       15 filter=  1.742ms semisort=  0.020ms
[pe-async] round=418 R=420 dirty=       12 runs=        9 filter=  1.640ms semisort=  0.012ms
[pe-async] round=419 R=421 dirty=       12 runs=        3 filter=  1.392ms semisort=  0.012ms
[pe-async] round=420 R=422 dirty=        6 runs=        3 filter=  1.864ms semisort=  0.010ms
[pe-async] round=421 R=423 dirty=       30 runs=       15 filter=  1.910ms semisort=  0.015ms
[pe-async] round=422 R=424 dirty=       12 runs=        9 filter=  1.402ms semisort=  0.012ms
[pe-async] round=423 R=425 dirty=       12 runs=        3 filter=  1.375ms semisort=  0.010ms
[pe-async] round=424 R=426 dirty=        6 runs=        3 filter=  1.805ms semisort=  0.011ms
[pe-async] round=425 R=427 dirty=       30 runs=       15 filter=  1.362ms semisort=  0.015ms
[pe-async] round=426 R=428 dirty=       12 runs=        9 filter=  1.382ms semisort=  0.011ms
[pe-async] round=427 R=429 dirty=       12 runs=        3 filter=  1.759ms semisort=  0.010ms
[pe-async] round=428 R=430 dirty=        6 runs=        3 filter=  1.361ms semisort=  0.026ms
[pe-async] round=429 R=431 dirty=       31 runs=       21 filter=  1.431ms semisort=  0.012ms
[pe-async] round=430 R=432 dirty=        6 runs=        4 filter=  1.689ms semisort=  0.010ms
[pe-async] round=431 R=433 dirty=        0 filter=  1.406ms (clean break)
[pe-async] round=  0 R=2 dirty=  5950187 runs=  3886042 filter=  1.759ms semisort= 12.124ms
[pe-async] round=  1 R=3 dirty=   263635 runs=   150760 filter=  2.655ms semisort=  1.046ms
[pe-async] round=  2 R=4 dirty=    86522 runs=    58570 filter=  1.759ms semisort=  3.386ms
[pe-async] round=  3 R=5 dirty=    36944 runs=    18788 filter=  1.598ms semisort=  1.329ms
[pe-async] round=  4 R=6 dirty=    15663 runs=     8740 filter=  1.537ms semisort=  0.637ms
[pe-async] round=  5 R=7 dirty=    13473 runs=     5947 filter=  1.504ms semisort=  0.556ms
[pe-async] round=  6 R=8 dirty=    13658 runs=     7108 filter=  1.481ms semisort=  0.560ms
[pe-async] round=  7 R=9 dirty=    13105 runs=     6254 filter=  1.696ms semisort=  0.533ms
[pe-async] round=  8 R=10 dirty=    14858 runs=     7591 filter=  1.496ms semisort=  0.640ms
[pe-async] round=  9 R=11 dirty=     5451 runs=     2881 filter=  1.429ms semisort=  0.305ms
[pe-async] round= 10 R=12 dirty=     9075 runs=     3410 filter=  1.438ms semisort=  0.396ms
[pe-async] round= 11 R=13 dirty=     4967 runs=     2078 filter=  1.421ms semisort=  0.302ms
[pe-async] round= 12 R=14 dirty=     4266 runs=     2352 filter=  1.659ms semisort=  0.274ms
[pe-async] round= 13 R=15 dirty=     1778 runs=     1264 filter=  1.419ms semisort=  0.145ms
[pe-async] round= 14 R=16 dirty=      268 runs=      116 filter=  1.411ms semisort=  0.068ms
[pe-async] round= 15 R=17 dirty=      116 runs=       38 filter=  1.442ms semisort=  0.069ms
[pe-async] round= 16 R=18 dirty=      182 runs=       91 filter=  1.408ms semisort=  0.092ms
[pe-async] round= 17 R=19 dirty=      122 runs=       51 filter=  1.852ms semisort=  0.031ms
[pe-async] round= 18 R=20 dirty=       80 runs=       31 filter=  1.433ms semisort=  0.049ms
[pe-async] round= 19 R=21 dirty=       76 runs=       25 filter=  1.618ms semisort=  0.043ms
[pe-async] round= 20 R=22 dirty=      138 runs=       75 filter=  1.395ms semisort=  0.056ms
[pe-async] round= 21 R=23 dirty=      102 runs=       43 filter=  1.620ms semisort=  0.030ms
[pe-async] round= 22 R=24 dirty=       76 runs=       29 filter=  1.454ms semisort=  0.031ms
[pe-async] round= 23 R=25 dirty=       68 runs=       23 filter=  1.775ms semisort=  0.036ms
[pe-async] round= 24 R=26 dirty=      134 runs=       71 filter=  1.374ms semisort=  0.087ms
[pe-async] round= 25 R=27 dirty=      102 runs=       43 filter=  1.387ms semisort=  0.064ms
[pe-async] round= 26 R=28 dirty=       76 runs=       29 filter=  1.744ms semisort=  0.056ms
[pe-async] round= 27 R=29 dirty=       68 runs=       23 filter=  1.403ms semisort=  0.038ms
[pe-async] round= 28 R=30 dirty=      134 runs=       71 filter=  1.390ms semisort=  0.059ms
[pe-async] round= 29 R=31 dirty=      102 runs=       43 filter=  1.678ms semisort=  0.058ms
[pe-async] round= 30 R=32 dirty=       76 runs=       29 filter=  1.380ms semisort=  0.041ms
[pe-async] round= 31 R=33 dirty=       68 runs=       23 filter=  1.429ms semisort=  0.043ms
[pe-async] round= 32 R=34 dirty=      134 runs=       71 filter=  1.369ms semisort=  0.047ms
[pe-async] round= 33 R=35 dirty=      102 runs=       43 filter=  1.448ms semisort=  0.042ms
[pe-async] round= 34 R=36 dirty=       76 runs=       29 filter=  1.730ms semisort=  0.032ms
[pe-async] round= 35 R=37 dirty=       68 runs=       23 filter=  1.373ms semisort=  0.053ms
[pe-async] round= 36 R=38 dirty=      134 runs=       71 filter=  1.406ms semisort=  0.052ms
[pe-async] round= 37 R=39 dirty=      102 runs=       43 filter=  1.717ms semisort=  0.053ms
[pe-async] round= 38 R=40 dirty=       76 runs=       29 filter=  1.410ms semisort=  0.043ms
[pe-async] round= 39 R=41 dirty=       68 runs=       23 filter=  1.407ms semisort=  0.042ms
[pe-async] round= 40 R=42 dirty=      134 runs=       71 filter=  1.693ms semisort=  0.044ms
[pe-async] round= 41 R=43 dirty=      102 runs=       43 filter=  1.375ms semisort=  0.052ms
[pe-async] round= 42 R=44 dirty=       76 runs=       29 filter=  1.423ms semisort=  0.044ms
[pe-async] round= 43 R=45 dirty=       68 runs=       23 filter=  1.686ms semisort=  0.047ms
[pe-async] round= 44 R=46 dirty=      134 runs=       71 filter=  1.352ms semisort=  0.046ms
[pe-async] round= 45 R=47 dirty=      102 runs=       43 filter=  1.407ms semisort=  0.063ms
[pe-async] round= 46 R=48 dirty=       76 runs=       29 filter=  1.416ms semisort=  0.041ms
[pe-async] round= 47 R=49 dirty=       68 runs=       23 filter=  1.427ms semisort=  0.032ms
[pe-async] round= 48 R=50 dirty=       22 runs=       11 filter=  1.388ms semisort=  0.016ms
[pe-async] round= 49 R=51 dirty=       62 runs=       23 filter=  1.437ms semisort=  0.044ms
[pe-async] round= 50 R=52 dirty=       28 runs=       17 filter=  1.436ms semisort=  0.017ms
[pe-async] round= 51 R=53 dirty=       44 runs=       11 filter=  1.421ms semisort=  0.027ms
[pe-async] round= 52 R=54 dirty=       22 runs=       11 filter=  1.453ms semisort=  0.016ms
[pe-async] round= 53 R=55 dirty=       62 runs=       23 filter=  1.428ms semisort=  0.040ms
[pe-async] round= 54 R=56 dirty=       28 runs=       17 filter=  1.432ms semisort=  0.018ms
[pe-async] round= 55 R=57 dirty=       44 runs=       11 filter=  1.419ms semisort=  0.035ms
[pe-async] round= 56 R=58 dirty=       22 runs=       11 filter=  1.417ms semisort=  0.017ms
[pe-async] round= 57 R=59 dirty=       62 runs=       23 filter=  1.449ms semisort=  0.060ms
[pe-async] round= 58 R=60 dirty=       28 runs=       17 filter=  1.423ms semisort=  0.025ms
[pe-async] round= 59 R=61 dirty=       44 runs=       11 filter=  1.419ms semisort=  0.045ms
[pe-async] round= 60 R=62 dirty=       22 runs=       11 filter=  1.425ms semisort=  0.017ms
[pe-async] round= 61 R=63 dirty=       62 runs=       23 filter=  1.424ms semisort=  0.062ms
[pe-async] round= 62 R=64 dirty=       28 runs=       17 filter=  1.396ms semisort=  0.045ms
[pe-async] round= 63 R=65 dirty=       44 runs=       11 filter=  1.408ms semisort=  0.030ms
[pe-async] round= 64 R=66 dirty=       22 runs=       11 filter=  1.449ms semisort=  0.017ms
[pe-async] round= 65 R=67 dirty=       62 runs=       23 filter=  1.439ms semisort=  0.032ms
[pe-async] round= 66 R=68 dirty=       28 runs=       17 filter=  1.466ms semisort=  0.023ms
[pe-async] round= 67 R=69 dirty=       44 runs=       11 filter=  1.446ms semisort=  0.031ms
[pe-async] round= 68 R=70 dirty=       22 runs=       11 filter=  1.402ms semisort=  0.026ms
[pe-async] round= 69 R=71 dirty=       62 runs=       23 filter=  1.421ms semisort=  0.034ms
[pe-async] round= 70 R=72 dirty=       28 runs=       17 filter=  1.404ms semisort=  0.043ms
[pe-async] round= 71 R=73 dirty=       44 runs=       11 filter=  1.429ms semisort=  0.039ms
[pe-async] round= 72 R=74 dirty=       22 runs=       11 filter=  1.429ms semisort=  0.017ms
[pe-async] round= 73 R=75 dirty=       62 runs=       23 filter=  1.448ms semisort=  0.044ms
[pe-async] round= 74 R=76 dirty=       28 runs=       17 filter=  1.399ms semisort=  0.053ms
[pe-async] round= 75 R=77 dirty=       44 runs=       11 filter=  1.673ms semisort=  0.019ms
[pe-async] round= 76 R=78 dirty=       22 runs=       11 filter=  1.410ms semisort=  0.027ms
[pe-async] round= 77 R=79 dirty=       62 runs=       23 filter=  1.395ms semisort=  0.049ms
[pe-async] round= 78 R=80 dirty=       28 runs=       17 filter=  1.744ms semisort=  0.020ms
[pe-async] round= 79 R=81 dirty=       44 runs=       11 filter=  1.370ms semisort=  0.056ms
[pe-async] round= 80 R=82 dirty=       22 runs=       11 filter=  1.447ms semisort=  0.037ms
[pe-async] round= 81 R=83 dirty=       62 runs=       23 filter=  1.404ms semisort=  0.029ms
[pe-async] round= 82 R=84 dirty=       28 runs=       17 filter=  1.448ms semisort=  0.027ms
[pe-async] round= 83 R=85 dirty=       44 runs=       11 filter=  1.911ms semisort=  0.041ms
[pe-async] round= 84 R=86 dirty=       22 runs=       11 filter=  1.393ms semisort=  0.027ms
[pe-async] round= 85 R=87 dirty=       62 runs=       23 filter=  1.423ms semisort=  0.067ms
[pe-async] round= 86 R=88 dirty=       28 runs=       17 filter=  1.680ms semisort=  0.042ms
[pe-async] round= 87 R=89 dirty=       44 runs=       11 filter=  1.358ms semisort=  0.046ms
[pe-async] round= 88 R=90 dirty=       22 runs=       11 filter=  1.434ms semisort=  0.017ms
[pe-async] round= 89 R=91 dirty=       62 runs=       23 filter=  1.993ms semisort=  0.049ms
[pe-async] round= 90 R=92 dirty=       28 runs=       17 filter=  1.365ms semisort=  0.018ms
[pe-async] round= 91 R=93 dirty=       44 runs=       11 filter=  1.366ms semisort=  0.032ms
[pe-async] round= 92 R=94 dirty=       22 runs=       11 filter=  1.416ms semisort=  0.017ms
[pe-async] round= 93 R=95 dirty=       62 runs=       23 filter=  2.014ms semisort=  0.052ms
[pe-async] round= 94 R=96 dirty=       28 runs=       17 filter=  1.395ms semisort=  0.018ms
[pe-async] round= 95 R=97 dirty=       44 runs=       11 filter=  1.421ms semisort=  0.042ms
[pe-async] round= 96 R=98 dirty=       22 runs=       11 filter=  1.435ms semisort=  0.025ms
[pe-async] round= 97 R=99 dirty=       62 runs=       23 filter=  1.409ms semisort=  0.043ms
[pe-async] round= 98 R=100 dirty=       28 runs=       17 filter=  1.480ms semisort=  0.018ms
[pe-async] round= 99 R=101 dirty=       44 runs=       11 filter=  1.679ms semisort=  0.059ms
[pe-async] round=100 R=102 dirty=       22 runs=       11 filter=  1.397ms semisort=  0.025ms
[pe-async] round=101 R=103 dirty=       62 runs=       23 filter=  1.390ms semisort=  0.031ms
[pe-async] round=102 R=104 dirty=       28 runs=       17 filter=  1.713ms semisort=  0.018ms
[pe-async] round=103 R=105 dirty=       44 runs=       11 filter=  1.344ms semisort=  0.032ms
[pe-async] round=104 R=106 dirty=       22 runs=       11 filter=  1.386ms semisort=  0.028ms
[pe-async] round=105 R=107 dirty=       62 runs=       23 filter=  1.437ms semisort=  0.043ms
[pe-async] round=106 R=108 dirty=       28 runs=       17 filter=  1.411ms semisort=  0.025ms
[pe-async] round=107 R=109 dirty=       44 runs=       11 filter=  1.747ms semisort=  0.046ms
[pe-async] round=108 R=110 dirty=       22 runs=       11 filter=  1.373ms semisort=  0.027ms
[pe-async] round=109 R=111 dirty=       62 runs=       23 filter=  1.416ms semisort=  0.036ms
[pe-async] round=110 R=112 dirty=       28 runs=       17 filter=  1.955ms semisort=  0.030ms
[pe-async] round=111 R=113 dirty=       44 runs=       11 filter=  1.384ms semisort=  0.029ms
[pe-async] round=112 R=114 dirty=       22 runs=       11 filter=  1.401ms semisort=  0.027ms
[pe-async] round=113 R=115 dirty=       62 runs=       23 filter=  1.669ms semisort=  0.037ms
[pe-async] round=114 R=116 dirty=       28 runs=       17 filter=  1.413ms semisort=  0.029ms
[pe-async] round=115 R=117 dirty=       44 runs=       11 filter=  1.411ms semisort=  0.030ms
[pe-async] round=116 R=118 dirty=       22 runs=       11 filter=  1.680ms semisort=  0.046ms
[pe-async] round=117 R=119 dirty=       62 runs=       23 filter=  1.418ms semisort=  0.034ms
[pe-async] round=118 R=120 dirty=       28 runs=       17 filter=  1.672ms semisort=  0.034ms
[pe-async] round=119 R=121 dirty=       44 runs=       11 filter=  1.430ms semisort=  0.039ms
[pe-async] round=120 R=122 dirty=       22 runs=       11 filter=  1.422ms semisort=  0.017ms
[pe-async] round=121 R=123 dirty=       62 runs=       23 filter=  1.695ms semisort=  0.035ms
[pe-async] round=122 R=124 dirty=       28 runs=       17 filter=  1.440ms semisort=  0.041ms
[pe-async] round=123 R=125 dirty=       44 runs=       11 filter=  1.401ms semisort=  0.027ms
[pe-async] round=124 R=126 dirty=       22 runs=       11 filter=  1.423ms semisort=  0.016ms
[pe-async] round=125 R=127 dirty=       62 runs=       23 filter=  1.474ms semisort=  0.029ms
[pe-async] round=126 R=128 dirty=       28 runs=       17 filter=  1.413ms semisort=  0.042ms
[pe-async] round=127 R=129 dirty=       44 runs=       11 filter=  1.423ms semisort=  0.041ms
[pe-async] round=128 R=130 dirty=       22 runs=       11 filter=  1.439ms semisort=  0.017ms
[pe-async] round=129 R=131 dirty=       62 runs=       23 filter=  1.453ms semisort=  0.025ms
[pe-async] round=130 R=132 dirty=       28 runs=       17 filter=  1.421ms semisort=  0.018ms
[pe-async] round=131 R=133 dirty=       44 runs=       11 filter=  1.435ms semisort=  0.035ms
[pe-async] round=132 R=134 dirty=       22 runs=       11 filter=  1.427ms semisort=  0.017ms
[pe-async] round=133 R=135 dirty=       62 runs=       23 filter=  1.459ms semisort=  0.031ms
[pe-async] round=134 R=136 dirty=       28 runs=       17 filter=  1.440ms semisort=  0.050ms
[pe-async] round=135 R=137 dirty=       44 runs=       11 filter=  1.436ms semisort=  0.040ms
[pe-async] round=136 R=138 dirty=       22 runs=       11 filter=  1.429ms semisort=  0.037ms
[pe-async] round=137 R=139 dirty=       62 runs=       23 filter=  1.867ms semisort=  0.020ms
[pe-async] round=138 R=140 dirty=       28 runs=       17 filter=  1.954ms semisort=  0.034ms
[pe-async] round=139 R=141 dirty=       44 runs=       11 filter=  1.341ms semisort=  0.030ms
[pe-async] round=140 R=142 dirty=       22 runs=       11 filter=  1.343ms semisort=  0.016ms
[pe-async] round=141 R=143 dirty=       62 runs=       23 filter=  1.849ms semisort=  0.021ms
[pe-async] round=142 R=144 dirty=       28 runs=       17 filter=  1.874ms semisort=  0.027ms
[pe-async] round=143 R=145 dirty=       44 runs=       11 filter=  1.359ms semisort=  0.053ms
[pe-async] round=144 R=146 dirty=       22 runs=       11 filter=  1.654ms semisort=  0.020ms
[pe-async] round=145 R=147 dirty=       62 runs=       23 filter=  1.389ms semisort=  0.056ms
[pe-async] round=146 R=148 dirty=       28 runs=       17 filter=  1.420ms semisort=  0.018ms
[pe-async] round=147 R=149 dirty=       44 runs=       11 filter=  1.891ms semisort=  0.016ms
[pe-async] round=148 R=150 dirty=       22 runs=       11 filter=  1.898ms semisort=  0.041ms
[pe-async] round=149 R=151 dirty=       62 runs=       23 filter=  1.370ms semisort=  0.026ms
[pe-async] round=150 R=152 dirty=       28 runs=       17 filter=  1.868ms semisort=  0.015ms
[pe-async] round=151 R=153 dirty=       44 runs=       11 filter=  2.108ms semisort=  0.017ms
[pe-async] round=152 R=154 dirty=       22 runs=       11 filter=  1.964ms semisort=  0.017ms
[pe-async] round=153 R=155 dirty=       62 runs=       23 filter=  1.373ms semisort=  0.060ms
[pe-async] round=154 R=156 dirty=       28 runs=       17 filter=  1.693ms semisort=  0.033ms
[pe-async] round=155 R=157 dirty=       44 runs=       11 filter=  1.382ms semisort=  0.038ms
[pe-async] round=156 R=158 dirty=       22 runs=       11 filter=  1.426ms semisort=  0.028ms
[pe-async] round=157 R=159 dirty=       62 runs=       23 filter=  1.434ms semisort=  0.030ms
[pe-async] round=158 R=160 dirty=       28 runs=       17 filter=  1.390ms semisort=  0.018ms
[pe-async] round=159 R=161 dirty=       44 runs=       11 filter=  1.725ms semisort=  0.044ms
[pe-async] round=160 R=162 dirty=       22 runs=       11 filter=  1.378ms semisort=  0.017ms
[pe-async] round=161 R=163 dirty=       62 runs=       23 filter=  1.396ms semisort=  0.048ms
[pe-async] round=162 R=164 dirty=       28 runs=       17 filter=  1.675ms semisort=  0.033ms
[pe-async] round=163 R=165 dirty=       44 runs=       11 filter=  1.347ms semisort=  0.028ms
[pe-async] round=164 R=166 dirty=       22 runs=       11 filter=  1.368ms semisort=  0.042ms
[pe-async] round=165 R=167 dirty=       62 runs=       23 filter=  1.738ms semisort=  0.054ms
[pe-async] round=166 R=168 dirty=       28 runs=       17 filter=  1.405ms semisort=  0.017ms
[pe-async] round=167 R=169 dirty=       44 runs=       11 filter=  1.405ms semisort=  0.035ms
[pe-async] round=168 R=170 dirty=       22 runs=       11 filter=  1.402ms semisort=  0.016ms
[pe-async] round=169 R=171 dirty=       62 runs=       23 filter=  1.411ms semisort=  0.039ms
[pe-async] round=170 R=172 dirty=       28 runs=       17 filter=  1.463ms semisort=  0.018ms
[pe-async] round=171 R=173 dirty=       44 runs=       11 filter=  1.408ms semisort=  0.035ms
[pe-async] round=172 R=174 dirty=       22 runs=       11 filter=  1.710ms semisort=  0.017ms
[pe-async] round=173 R=175 dirty=       62 runs=       23 filter=  1.358ms semisort=  0.032ms
[pe-async] round=174 R=176 dirty=       28 runs=       17 filter=  1.428ms semisort=  0.021ms
[pe-async] round=175 R=177 dirty=       44 runs=       11 filter=  1.744ms semisort=  0.047ms
[pe-async] round=176 R=178 dirty=       22 runs=       11 filter=  1.352ms semisort=  0.017ms
[pe-async] round=177 R=179 dirty=       62 runs=       23 filter=  1.418ms semisort=  0.037ms
[pe-async] round=178 R=180 dirty=       28 runs=       17 filter=  1.640ms semisort=  0.038ms
[pe-async] round=179 R=181 dirty=       44 runs=       11 filter=  1.391ms semisort=  0.027ms
[pe-async] round=180 R=182 dirty=       22 runs=       11 filter=  1.391ms semisort=  0.042ms
[pe-async] round=181 R=183 dirty=       62 runs=       23 filter=  1.943ms semisort=  0.027ms
[pe-async] round=182 R=184 dirty=       28 runs=       17 filter=  1.381ms semisort=  0.017ms
[pe-async] round=183 R=185 dirty=       44 runs=       11 filter=  1.451ms semisort=  0.047ms
[pe-async] round=184 R=186 dirty=       22 runs=       11 filter=  1.381ms semisort=  0.017ms
[pe-async] round=185 R=187 dirty=       62 runs=       23 filter=  1.445ms semisort=  0.025ms
[pe-async] round=186 R=188 dirty=       28 runs=       17 filter=  1.728ms semisort=  0.027ms
[pe-async] round=187 R=189 dirty=       44 runs=       11 filter=  1.385ms semisort=  0.038ms
[pe-async] round=188 R=190 dirty=       22 runs=       11 filter=  1.902ms semisort=  0.039ms
[pe-async] round=189 R=191 dirty=       62 runs=       23 filter=  1.348ms semisort=  0.037ms
[pe-async] round=190 R=192 dirty=       28 runs=       17 filter=  1.432ms semisort=  0.022ms
[pe-async] round=191 R=193 dirty=       44 runs=       11 filter=  1.427ms semisort=  0.023ms
[pe-async] round=192 R=194 dirty=       22 runs=       11 filter=  1.406ms semisort=  0.017ms
[pe-async] round=193 R=195 dirty=       62 runs=       23 filter=  1.638ms semisort=  0.038ms
[pe-async] round=194 R=196 dirty=       28 runs=       17 filter=  1.423ms semisort=  0.019ms
[pe-async] round=195 R=197 dirty=       44 runs=       11 filter=  1.422ms semisort=  0.037ms
[pe-async] round=196 R=198 dirty=       22 runs=       11 filter=  1.722ms semisort=  0.024ms
[pe-async] round=197 R=199 dirty=       62 runs=       23 filter=  1.396ms semisort=  0.061ms
[pe-async] round=198 R=200 dirty=       28 runs=       17 filter=  1.409ms semisort=  0.037ms
[pe-async] round=199 R=201 dirty=       44 runs=       11 filter=  1.788ms semisort=  0.055ms
[pe-async] round=200 R=202 dirty=       22 runs=       11 filter=  1.399ms semisort=  0.033ms
[pe-async] round=201 R=203 dirty=       62 runs=       23 filter=  1.857ms semisort=  0.018ms
[pe-async] round=202 R=204 dirty=       28 runs=       17 filter=  2.251ms semisort=  0.016ms
[pe-async] round=203 R=205 dirty=       44 runs=       11 filter=  1.882ms semisort=  0.031ms
[pe-async] round=204 R=206 dirty=       22 runs=       11 filter=  1.809ms semisort=  0.014ms
[pe-async] round=205 R=207 dirty=       62 runs=       23 filter=  2.096ms semisort=  0.021ms
[pe-async] round=206 R=208 dirty=       28 runs=       17 filter=  1.896ms semisort=  0.018ms
[pe-async] round=207 R=209 dirty=       44 runs=       11 filter=  1.374ms semisort=  0.032ms
[pe-async] round=208 R=210 dirty=       22 runs=       11 filter=  1.422ms semisort=  0.032ms
[pe-async] round=209 R=211 dirty=       70 runs=       31 filter=  1.880ms semisort=  0.024ms
[pe-async] round=210 R=212 dirty=       28 runs=       21 filter=  1.885ms semisort=  0.017ms
[pe-async] round=211 R=213 dirty=       28 runs=        7 filter=  1.354ms semisort=  0.025ms
[pe-async] round=212 R=214 dirty=       14 runs=        7 filter=  1.708ms semisort=  0.014ms
[pe-async] round=213 R=215 dirty=       46 runs=       19 filter=  1.373ms semisort=  0.034ms
[pe-async] round=214 R=216 dirty=       20 runs=       13 filter=  1.434ms semisort=  0.029ms
[pe-async] round=215 R=217 dirty=       28 runs=        7 filter=  1.757ms semisort=  0.015ms
[pe-async] round=216 R=218 dirty=       14 runs=        7 filter=  1.383ms semisort=  0.014ms
[pe-async] round=217 R=219 dirty=       46 runs=       19 filter=  1.424ms semisort=  0.024ms
[pe-async] round=218 R=220 dirty=       20 runs=       13 filter=  1.748ms semisort=  0.022ms
[pe-async] round=219 R=221 dirty=       28 runs=        7 filter=  1.355ms semisort=  0.020ms
[pe-async] round=220 R=222 dirty=       14 runs=        7 filter=  1.890ms semisort=  0.011ms
[pe-async] round=221 R=223 dirty=       46 runs=       19 filter=  1.906ms semisort=  0.048ms
[pe-async] round=222 R=224 dirty=       20 runs=       13 filter=  1.371ms semisort=  0.028ms
[pe-async] round=223 R=225 dirty=       28 runs=        7 filter=  1.846ms semisort=  0.013ms
[pe-async] round=224 R=226 dirty=       14 runs=        7 filter=  1.899ms semisort=  0.013ms
[pe-async] round=225 R=227 dirty=       46 runs=       19 filter=  1.396ms semisort=  0.030ms
[pe-async] round=226 R=228 dirty=       20 runs=       13 filter=  1.492ms semisort=  0.016ms
[pe-async] round=227 R=229 dirty=       28 runs=        7 filter=  1.901ms semisort=  0.013ms
[pe-async] round=228 R=230 dirty=       14 runs=        7 filter=  2.003ms semisort=  0.013ms
[pe-async] round=229 R=231 dirty=       46 runs=       19 filter=  1.613ms semisort=  0.035ms
[pe-async] round=230 R=232 dirty=       20 runs=       13 filter=  1.356ms semisort=  0.042ms
[pe-async] round=231 R=233 dirty=       28 runs=        7 filter=  1.918ms semisort=  0.014ms
[pe-async] round=232 R=234 dirty=       14 runs=        7 filter=  1.374ms semisort=  0.014ms
[pe-async] round=233 R=235 dirty=       46 runs=       19 filter=  1.425ms semisort=  0.028ms
[pe-async] round=234 R=236 dirty=       20 runs=       13 filter=  1.749ms semisort=  0.018ms
[pe-async] round=235 R=237 dirty=       28 runs=        7 filter=  1.398ms semisort=  0.015ms
[pe-async] round=236 R=238 dirty=       14 runs=        7 filter=  1.396ms semisort=  0.014ms
[pe-async] round=237 R=239 dirty=       46 runs=       19 filter=  1.890ms semisort=  0.019ms
[pe-async] round=238 R=240 dirty=       20 runs=       13 filter=  1.895ms semisort=  0.018ms
[pe-async] round=239 R=241 dirty=       28 runs=        7 filter=  1.349ms semisort=  0.016ms
[pe-async] round=240 R=242 dirty=       14 runs=        7 filter=  1.806ms semisort=  0.011ms
[pe-async] round=241 R=243 dirty=       46 runs=       19 filter=  1.882ms semisort=  0.037ms
[pe-async] round=242 R=244 dirty=       20 runs=       13 filter=  1.332ms semisort=  0.024ms
[pe-async] round=243 R=245 dirty=       28 runs=        7 filter=  1.388ms semisort=  0.015ms
[pe-async] round=244 R=246 dirty=       14 runs=        7 filter=  1.753ms semisort=  0.013ms
[pe-async] round=245 R=247 dirty=       46 runs=       19 filter=  1.389ms semisort=  0.024ms
[pe-async] round=246 R=248 dirty=       20 runs=       13 filter=  1.874ms semisort=  0.018ms
[pe-async] round=247 R=249 dirty=       28 runs=        7 filter=  1.872ms semisort=  0.015ms
[pe-async] round=248 R=250 dirty=       14 runs=        7 filter=  1.352ms semisort=  0.015ms
[pe-async] round=249 R=251 dirty=       46 runs=       19 filter=  1.833ms semisort=  0.022ms
[pe-async] round=250 R=252 dirty=       20 runs=       13 filter=  1.389ms semisort=  0.016ms
[pe-async] round=251 R=253 dirty=       28 runs=        7 filter=  1.415ms semisort=  0.023ms
[pe-async] round=252 R=254 dirty=       14 runs=        7 filter=  1.753ms semisort=  0.013ms
[pe-async] round=253 R=255 dirty=       46 runs=       19 filter=  1.402ms semisort=  0.039ms
[pe-async] round=254 R=256 dirty=       20 runs=       13 filter=  1.396ms semisort=  0.021ms
[pe-async] round=255 R=257 dirty=       28 runs=        7 filter=  1.748ms semisort=  0.016ms
[pe-async] round=256 R=258 dirty=       14 runs=        7 filter=  1.380ms semisort=  0.014ms
[pe-async] round=257 R=259 dirty=       46 runs=       19 filter=  1.901ms semisort=  0.018ms
[pe-async] round=258 R=260 dirty=       20 runs=       13 filter=  1.921ms semisort=  0.018ms
[pe-async] round=259 R=261 dirty=       28 runs=        7 filter=  1.362ms semisort=  0.029ms
[pe-async] round=260 R=262 dirty=       14 runs=        7 filter=  1.704ms semisort=  0.014ms
[pe-async] round=261 R=263 dirty=       46 runs=       19 filter=  1.359ms semisort=  0.045ms
[pe-async] round=262 R=264 dirty=       20 runs=       13 filter=  1.608ms semisort=  0.021ms
[pe-async] round=263 R=265 dirty=       28 runs=        7 filter=  1.382ms semisort=  0.015ms
[pe-async] round=264 R=266 dirty=       14 runs=        7 filter=  1.694ms semisort=  0.013ms
[pe-async] round=265 R=267 dirty=       46 runs=       19 filter=  1.362ms semisort=  0.024ms
[pe-async] round=266 R=268 dirty=       20 runs=       13 filter=  1.357ms semisort=  0.016ms
[pe-async] round=267 R=269 dirty=       28 runs=        7 filter=  2.036ms semisort=  0.021ms
[pe-async] round=268 R=270 dirty=       14 runs=        7 filter=  1.396ms semisort=  0.014ms
[pe-async] round=269 R=271 dirty=       46 runs=       19 filter=  1.434ms semisort=  0.022ms
[pe-async] round=270 R=272 dirty=       20 runs=       13 filter=  1.430ms semisort=  0.020ms
[pe-async] round=271 R=273 dirty=       28 runs=        7 filter=  1.413ms semisort=  0.015ms
[pe-async] round=272 R=274 dirty=       14 runs=        7 filter=  1.770ms semisort=  0.014ms
[pe-async] round=273 R=275 dirty=       46 runs=       19 filter=  1.366ms semisort=  0.045ms
[pe-async] round=274 R=276 dirty=       20 runs=       13 filter=  1.432ms semisort=  0.017ms
[pe-async] round=275 R=277 dirty=       28 runs=        7 filter=  1.726ms semisort=  0.026ms
[pe-async] round=276 R=278 dirty=       14 runs=        7 filter=  1.376ms semisort=  0.014ms
[pe-async] round=277 R=279 dirty=       46 runs=       19 filter=  1.665ms semisort=  0.040ms
[pe-async] round=278 R=280 dirty=       20 runs=       13 filter=  1.380ms semisort=  0.016ms
[pe-async] round=279 R=281 dirty=       28 runs=        7 filter=  1.386ms semisort=  0.023ms
[pe-async] round=280 R=282 dirty=       14 runs=        7 filter=  1.781ms semisort=  0.014ms
[pe-async] round=281 R=283 dirty=       46 runs=       19 filter=  1.409ms semisort=  0.028ms
[pe-async] round=282 R=284 dirty=       20 runs=       13 filter=  1.883ms semisort=  0.015ms
[pe-async] round=283 R=285 dirty=       28 runs=        7 filter=  1.369ms semisort=  0.030ms
[pe-async] round=284 R=286 dirty=       14 runs=        7 filter=  1.419ms semisort=  0.014ms
[pe-async] round=285 R=287 dirty=       46 runs=       19 filter=  1.737ms semisort=  0.033ms
[pe-async] round=286 R=288 dirty=       20 runs=       13 filter=  1.370ms semisort=  0.016ms
[pe-async] round=287 R=289 dirty=       28 runs=        7 filter=  1.395ms semisort=  0.021ms
[pe-async] round=288 R=290 dirty=       14 runs=        7 filter=  1.880ms semisort=  0.012ms
[pe-async] round=289 R=291 dirty=       46 runs=       19 filter=  1.913ms semisort=  0.031ms
[pe-async] round=290 R=292 dirty=       20 runs=       13 filter=  1.379ms semisort=  0.016ms
[pe-async] round=291 R=293 dirty=       28 runs=        7 filter=  1.358ms semisort=  0.040ms
[pe-async] round=292 R=294 dirty=       14 runs=        7 filter=  1.394ms semisort=  0.013ms
[pe-async] round=293 R=295 dirty=       46 runs=       19 filter=  1.472ms semisort=  0.037ms
[pe-async] round=294 R=296 dirty=       20 runs=       13 filter=  1.445ms semisort=  0.015ms
[pe-async] round=295 R=297 dirty=       28 runs=        7 filter=  1.457ms semisort=  0.022ms
[pe-async] round=296 R=298 dirty=       14 runs=        7 filter=  1.425ms semisort=  0.013ms
[pe-async] round=297 R=299 dirty=       46 runs=       19 filter=  1.375ms semisort=  0.042ms
[pe-async] round=298 R=300 dirty=       20 runs=       13 filter=  1.451ms semisort=  0.015ms
[pe-async] round=299 R=301 dirty=       28 runs=        7 filter=  1.426ms semisort=  0.022ms
[pe-async] round=300 R=302 dirty=       14 runs=        7 filter=  1.931ms semisort=  0.014ms
[pe-async] round=301 R=303 dirty=       46 runs=       19 filter=  1.358ms semisort=  0.035ms
[pe-async] round=302 R=304 dirty=       20 runs=       13 filter=  1.386ms semisort=  0.025ms
[pe-async] round=303 R=305 dirty=       28 runs=        7 filter=  1.736ms semisort=  0.028ms
[pe-async] round=304 R=306 dirty=       14 runs=        7 filter=  1.362ms semisort=  0.024ms
[pe-async] round=305 R=307 dirty=       46 runs=       19 filter=  1.390ms semisort=  0.043ms
[pe-async] round=306 R=308 dirty=       20 runs=       13 filter=  1.633ms semisort=  0.015ms
[pe-async] round=307 R=309 dirty=       28 runs=        7 filter=  1.362ms semisort=  0.024ms
[pe-async] round=308 R=310 dirty=       14 runs=        7 filter=  1.642ms semisort=  0.012ms
[pe-async] round=309 R=311 dirty=       46 runs=       19 filter=  1.388ms semisort=  0.026ms
[pe-async] round=310 R=312 dirty=       20 runs=       13 filter=  1.416ms semisort=  0.015ms
[pe-async] round=311 R=313 dirty=       28 runs=        7 filter=  1.664ms semisort=  0.025ms
[pe-async] round=312 R=314 dirty=       14 runs=        7 filter=  1.408ms semisort=  0.013ms
[pe-async] round=313 R=315 dirty=       46 runs=       19 filter=  1.424ms semisort=  0.037ms
[pe-async] round=314 R=316 dirty=       20 runs=       13 filter=  1.714ms semisort=  0.015ms
[pe-async] round=315 R=317 dirty=       28 runs=        7 filter=  1.415ms semisort=  0.016ms
[pe-async] round=316 R=318 dirty=       14 runs=        7 filter=  1.385ms semisort=  0.014ms
[pe-async] round=317 R=319 dirty=       46 runs=       19 filter=  1.660ms semisort=  0.050ms
[pe-async] round=318 R=320 dirty=       20 runs=       17 filter=  1.354ms semisort=  0.014ms
[pe-async] round=319 R=321 dirty=       12 runs=        3 filter=  1.864ms semisort=  0.008ms
[pe-async] round=320 R=322 dirty=        6 runs=        3 filter=  1.890ms semisort=  0.012ms
[pe-async] round=321 R=323 dirty=       30 runs=       15 filter=  1.373ms semisort=  0.015ms
[pe-async] round=322 R=324 dirty=       12 runs=        9 filter=  1.757ms semisort=  0.013ms
[pe-async] round=323 R=325 dirty=       12 runs=        3 filter=  1.382ms semisort=  0.012ms
[pe-async] round=324 R=326 dirty=        6 runs=        3 filter=  1.444ms semisort=  0.010ms
[pe-async] round=325 R=327 dirty=       30 runs=       15 filter=  1.640ms semisort=  0.014ms
[pe-async] round=326 R=328 dirty=       12 runs=        9 filter=  1.361ms semisort=  0.012ms
[pe-async] round=327 R=329 dirty=       12 runs=        3 filter=  1.406ms semisort=  0.010ms
[pe-async] round=328 R=330 dirty=        6 runs=        3 filter=  1.842ms semisort=  0.009ms
[pe-async] round=329 R=331 dirty=       30 runs=       15 filter=  2.124ms semisort=  0.012ms
[pe-async] round=330 R=332 dirty=       12 runs=        9 filter=  1.641ms semisort=  0.012ms
[pe-async] round=331 R=333 dirty=       12 runs=        3 filter=  1.706ms semisort=  0.011ms
[pe-async] round=332 R=334 dirty=        6 runs=        3 filter=  1.381ms semisort=  0.010ms
[pe-async] round=333 R=335 dirty=       30 runs=       15 filter=  1.369ms semisort=  0.015ms
[pe-async] round=334 R=336 dirty=       12 runs=        9 filter=  1.856ms semisort=  0.010ms
[pe-async] round=335 R=337 dirty=       12 runs=        3 filter=  1.921ms semisort=  0.011ms
[pe-async] round=336 R=338 dirty=        6 runs=        3 filter=  1.377ms semisort=  0.011ms
[pe-async] round=337 R=339 dirty=       30 runs=       15 filter=  1.418ms semisort=  0.025ms
[pe-async] round=338 R=340 dirty=       12 runs=        9 filter=  1.841ms semisort=  0.010ms
[pe-async] round=339 R=341 dirty=       12 runs=        3 filter=  1.872ms semisort=  0.011ms
[pe-async] round=340 R=342 dirty=        6 runs=        3 filter=  1.361ms semisort=  0.011ms
[pe-async] round=341 R=343 dirty=       30 runs=       15 filter=  1.376ms semisort=  0.013ms
[pe-async] round=342 R=344 dirty=       12 runs=        9 filter=  1.951ms semisort=  0.019ms
[pe-async] round=343 R=345 dirty=       12 runs=        3 filter=  1.409ms semisort=  0.011ms
[pe-async] round=344 R=346 dirty=        6 runs=        3 filter=  1.446ms semisort=  0.010ms
[pe-async] round=345 R=347 dirty=       30 runs=       15 filter=  1.751ms semisort=  0.014ms
[pe-async] round=346 R=348 dirty=       12 runs=        9 filter=  1.364ms semisort=  0.012ms
[pe-async] round=347 R=349 dirty=       12 runs=        3 filter=  1.419ms semisort=  0.011ms
[pe-async] round=348 R=350 dirty=        6 runs=        3 filter=  1.745ms semisort=  0.010ms
[pe-async] round=349 R=351 dirty=       30 runs=       15 filter=  1.364ms semisort=  0.015ms
[pe-async] round=350 R=352 dirty=       12 runs=        9 filter=  1.368ms semisort=  0.013ms
[pe-async] round=351 R=353 dirty=       12 runs=        3 filter=  1.663ms semisort=  0.012ms
[pe-async] round=352 R=354 dirty=        6 runs=        3 filter=  1.426ms semisort=  0.010ms
[pe-async] round=353 R=355 dirty=       30 runs=       15 filter=  1.429ms semisort=  0.015ms
[pe-async] round=354 R=356 dirty=       12 runs=        9 filter=  1.854ms semisort=  0.010ms
[pe-async] round=355 R=357 dirty=       12 runs=        3 filter=  1.909ms semisort=  0.014ms
[pe-async] round=356 R=358 dirty=        6 runs=        3 filter=  1.371ms semisort=  0.010ms
[pe-async] round=357 R=359 dirty=       30 runs=       15 filter=  1.413ms semisort=  0.014ms
[pe-async] round=358 R=360 dirty=       12 runs=        9 filter=  1.865ms semisort=  0.010ms
[pe-async] round=359 R=361 dirty=       12 runs=        3 filter=  1.925ms semisort=  0.011ms
[pe-async] round=360 R=362 dirty=        6 runs=        3 filter=  1.371ms semisort=  0.011ms
[pe-async] round=361 R=363 dirty=       30 runs=       15 filter=  1.387ms semisort=  0.015ms
[pe-async] round=362 R=364 dirty=       12 runs=        9 filter=  1.744ms semisort=  0.012ms
[pe-async] round=363 R=365 dirty=       12 runs=        3 filter=  1.371ms semisort=  0.011ms
[pe-async] round=364 R=366 dirty=        6 runs=        3 filter=  1.357ms semisort=  0.010ms
[pe-async] round=365 R=367 dirty=       30 runs=       15 filter=  1.459ms semisort=  0.014ms
[pe-async] round=366 R=368 dirty=       12 runs=        9 filter=  1.447ms semisort=  0.011ms
[pe-async] round=367 R=369 dirty=       12 runs=        3 filter=  2.120ms semisort=  0.009ms
[pe-async] round=368 R=370 dirty=        6 runs=        3 filter=  2.000ms semisort=  0.010ms
[pe-async] round=369 R=371 dirty=       30 runs=       15 filter=  1.386ms semisort=  0.014ms
[pe-async] round=370 R=372 dirty=       12 runs=        9 filter=  1.405ms semisort=  0.013ms
[pe-async] round=371 R=373 dirty=       12 runs=        3 filter=  1.458ms semisort=  0.011ms
[pe-async] round=372 R=374 dirty=        6 runs=        3 filter=  1.752ms semisort=  0.010ms
[pe-async] round=373 R=375 dirty=       30 runs=       15 filter=  1.374ms semisort=  0.015ms
[pe-async] round=374 R=376 dirty=       12 runs=        9 filter=  1.883ms semisort=  0.012ms
[pe-async] round=375 R=377 dirty=       12 runs=        3 filter=  1.383ms semisort=  0.011ms
[pe-async] round=376 R=378 dirty=        6 runs=        3 filter=  1.425ms semisort=  0.011ms
[pe-async] round=377 R=379 dirty=       30 runs=       15 filter=  1.670ms semisort=  0.015ms
[pe-async] round=378 R=380 dirty=       12 runs=        9 filter=  1.408ms semisort=  0.013ms
[pe-async] round=379 R=381 dirty=       12 runs=        3 filter=  1.410ms semisort=  0.011ms
[pe-async] round=380 R=382 dirty=        6 runs=        3 filter=  1.876ms semisort=  0.008ms
[pe-async] round=381 R=383 dirty=       30 runs=       15 filter=  2.000ms semisort=  0.015ms
[pe-async] round=382 R=384 dirty=       12 runs=        9 filter=  1.352ms semisort=  0.012ms
[pe-async] round=383 R=385 dirty=       12 runs=        3 filter=  1.626ms semisort=  0.009ms
[pe-async] round=384 R=386 dirty=        6 runs=        3 filter=  1.918ms semisort=  0.012ms
[pe-async] round=385 R=387 dirty=       30 runs=       15 filter=  1.343ms semisort=  0.025ms
[pe-async] round=386 R=388 dirty=       12 runs=        9 filter=  1.371ms semisort=  0.032ms
[pe-async] round=387 R=389 dirty=       12 runs=        3 filter=  1.416ms semisort=  0.011ms
[pe-async] round=388 R=390 dirty=        6 runs=        3 filter=  1.439ms semisort=  0.010ms
[pe-async] round=389 R=391 dirty=       30 runs=       15 filter=  1.432ms semisort=  0.021ms
[pe-async] round=390 R=392 dirty=       12 runs=        9 filter=  1.433ms semisort=  0.012ms
[pe-async] round=391 R=393 dirty=       12 runs=        3 filter=  1.405ms semisort=  0.011ms
[pe-async] round=392 R=394 dirty=        6 runs=        3 filter=  1.413ms semisort=  0.015ms
[pe-async] round=393 R=395 dirty=       30 runs=       15 filter=  1.673ms semisort=  0.014ms
[pe-async] round=394 R=396 dirty=       12 runs=        9 filter=  1.354ms semisort=  0.034ms
[pe-async] round=395 R=397 dirty=       12 runs=        3 filter=  1.437ms semisort=  0.011ms
[pe-async] round=396 R=398 dirty=        6 runs=        3 filter=  1.765ms semisort=  0.011ms
[pe-async] round=397 R=399 dirty=       30 runs=       15 filter=  1.343ms semisort=  0.018ms
[pe-async] round=398 R=400 dirty=       12 runs=        9 filter=  1.828ms semisort=  0.011ms
[pe-async] round=399 R=401 dirty=       12 runs=        3 filter=  1.897ms semisort=  0.011ms
[pe-async] round=400 R=402 dirty=        6 runs=        3 filter=  1.373ms semisort=  0.012ms
[pe-async] round=401 R=403 dirty=       30 runs=       15 filter=  1.438ms semisort=  0.029ms
[pe-async] round=402 R=404 dirty=       12 runs=        9 filter=  1.719ms semisort=  0.011ms
[pe-async] round=403 R=405 dirty=       12 runs=        3 filter=  1.343ms semisort=  0.011ms
[pe-async] round=404 R=406 dirty=        6 runs=        3 filter=  1.667ms semisort=  0.010ms
[pe-async] round=405 R=407 dirty=       30 runs=       15 filter=  1.688ms semisort=  0.014ms
[pe-async] round=406 R=408 dirty=       12 runs=        9 filter=  1.383ms semisort=  0.012ms
[pe-async] round=407 R=409 dirty=       12 runs=        3 filter=  1.664ms semisort=  0.011ms
[pe-async] round=408 R=410 dirty=        6 runs=        3 filter=  1.375ms semisort=  0.011ms
[pe-async] round=409 R=411 dirty=       30 runs=       15 filter=  1.645ms semisort=  0.011ms
[pe-async] round=410 R=412 dirty=       12 runs=        9 filter=  1.890ms semisort=  0.011ms
[pe-async] round=411 R=413 dirty=       12 runs=        3 filter=  1.371ms semisort=  0.011ms
[pe-async] round=412 R=414 dirty=        6 runs=        3 filter=  1.462ms semisort=  0.010ms
[pe-async] round=413 R=415 dirty=       30 runs=       15 filter=  1.423ms semisort=  0.015ms
[pe-async] round=414 R=416 dirty=       12 runs=        9 filter=  1.449ms semisort=  0.011ms
[pe-async] round=415 R=417 dirty=       12 runs=        3 filter=  1.439ms semisort=  0.011ms
[pe-async] round=416 R=418 dirty=        6 runs=        3 filter=  1.646ms semisort=  0.008ms
[pe-async] round=417 R=419 dirty=       30 runs=       15 filter=  1.911ms semisort=  0.015ms
[pe-async] round=418 R=420 dirty=       12 runs=        9 filter=  1.351ms semisort=  0.012ms
[pe-async] round=419 R=421 dirty=       12 runs=        3 filter=  1.605ms semisort=  0.009ms
[pe-async] round=420 R=422 dirty=        6 runs=        3 filter=  1.402ms semisort=  0.015ms
[pe-async] round=421 R=423 dirty=       30 runs=       15 filter=  1.503ms semisort=  0.015ms
[pe-async] round=422 R=424 dirty=       12 runs=        9 filter=  1.687ms semisort=  0.019ms
[pe-async] round=423 R=425 dirty=       12 runs=        3 filter=  1.343ms semisort=  0.011ms
[pe-async] round=424 R=426 dirty=        6 runs=        3 filter=  1.412ms semisort=  0.012ms
[pe-async] round=425 R=427 dirty=       30 runs=       15 filter=  1.686ms semisort=  0.013ms
[pe-async] round=426 R=428 dirty=       12 runs=        9 filter=  1.388ms semisort=  0.039ms
[pe-async] round=427 R=429 dirty=       12 runs=        3 filter=  1.398ms semisort=  0.010ms
[pe-async] round=428 R=430 dirty=        6 runs=        3 filter=  1.774ms semisort=  0.010ms
[pe-async] round=429 R=431 dirty=       31 runs=       21 filter=  1.366ms semisort=  0.021ms
[pe-async] round=430 R=432 dirty=        6 runs=        4 filter=  1.755ms semisort=  0.009ms
[pe-async] round=431 R=433 dirty=        0 filter=  1.348ms (clean break)
[pe-async] round=  0 R=2 dirty=  5950187 runs=  3886042 filter=  1.811ms semisort= 12.072ms
[pe-async] round=  1 R=3 dirty=   263635 runs=   150760 filter=  2.116ms semisort=  0.970ms
[pe-async] round=  2 R=4 dirty=    86522 runs=    58570 filter=  1.795ms semisort=  3.337ms
[pe-async] round=  3 R=5 dirty=    36944 runs=    18788 filter=  1.637ms semisort=  1.311ms
[pe-async] round=  4 R=6 dirty=    15663 runs=     8740 filter=  1.538ms semisort=  0.624ms
[pe-async] round=  5 R=7 dirty=    13473 runs=     5947 filter=  1.544ms semisort=  0.558ms
[pe-async] round=  6 R=8 dirty=    13658 runs=     7108 filter=  1.486ms semisort=  0.528ms
[pe-async] round=  7 R=9 dirty=    13105 runs=     6254 filter=  1.522ms semisort=  0.516ms
[pe-async] round=  8 R=10 dirty=    14858 runs=     7591 filter=  1.485ms semisort=  0.598ms
[pe-async] round=  9 R=11 dirty=     5451 runs=     2881 filter=  1.487ms semisort=  0.275ms
[pe-async] round= 10 R=12 dirty=     9075 runs=     3410 filter=  1.637ms semisort=  0.393ms
[pe-async] round= 11 R=13 dirty=     4967 runs=     2078 filter=  1.422ms semisort=  0.274ms
[pe-async] round= 12 R=14 dirty=     4266 runs=     2352 filter=  1.416ms semisort=  0.286ms
[pe-async] round= 13 R=15 dirty=     1778 runs=     1264 filter=  1.402ms semisort=  0.141ms
[pe-async] round= 14 R=16 dirty=      268 runs=      116 filter=  1.408ms semisort=  0.063ms
[pe-async] round= 15 R=17 dirty=      116 runs=       38 filter=  1.441ms semisort=  0.056ms
[pe-async] round= 16 R=18 dirty=      182 runs=       91 filter=  1.674ms semisort=  0.061ms
[pe-async] round= 17 R=19 dirty=      122 runs=       51 filter=  1.428ms semisort=  0.047ms
[pe-async] round= 18 R=20 dirty=       80 runs=       31 filter=  1.398ms semisort=  0.056ms
[pe-async] round= 19 R=21 dirty=       76 runs=       25 filter=  1.681ms semisort=  0.057ms
[pe-async] round= 20 R=22 dirty=      138 runs=       75 filter=  1.405ms semisort=  0.052ms
[pe-async] round= 21 R=23 dirty=      102 runs=       43 filter=  1.671ms semisort=  0.049ms
[pe-async] round= 22 R=24 dirty=       76 runs=       29 filter=  1.433ms semisort=  0.044ms
[pe-async] round= 23 R=25 dirty=       68 runs=       23 filter=  1.421ms semisort=  0.047ms
[pe-async] round= 24 R=26 dirty=      134 runs=       71 filter=  1.782ms semisort=  0.041ms
[pe-async] round= 25 R=27 dirty=      102 runs=       43 filter=  1.372ms semisort=  0.072ms
[pe-async] round= 26 R=28 dirty=       76 runs=       29 filter=  1.442ms semisort=  0.037ms
[pe-async] round= 27 R=29 dirty=       68 runs=       23 filter=  1.691ms semisort=  0.047ms
[pe-async] round= 28 R=30 dirty=      134 runs=       71 filter=  1.394ms semisort=  0.073ms
[pe-async] round= 29 R=31 dirty=      102 runs=       43 filter=  1.847ms semisort=  0.027ms
[pe-async] round= 30 R=32 dirty=       76 runs=       29 filter=  1.411ms semisort=  0.047ms
[pe-async] round= 31 R=33 dirty=       68 runs=       23 filter=  1.412ms semisort=  0.039ms
[pe-async] round= 32 R=34 dirty=      134 runs=       71 filter=  1.669ms semisort=  0.051ms
[pe-async] round= 33 R=35 dirty=      102 runs=       43 filter=  1.430ms semisort=  0.044ms
[pe-async] round= 34 R=36 dirty=       76 runs=       29 filter=  1.776ms semisort=  0.040ms
[pe-async] round= 35 R=37 dirty=       68 runs=       23 filter=  1.430ms semisort=  0.059ms
[pe-async] round= 36 R=38 dirty=      134 runs=       71 filter=  1.410ms semisort=  0.053ms
[pe-async] round= 37 R=39 dirty=      102 runs=       43 filter=  1.675ms semisort=  0.056ms
[pe-async] round= 38 R=40 dirty=       76 runs=       29 filter=  1.435ms semisort=  0.056ms
[pe-async] round= 39 R=41 dirty=       68 runs=       23 filter=  1.413ms semisort=  0.061ms
[pe-async] round= 40 R=42 dirty=      134 runs=       71 filter=  1.883ms semisort=  0.027ms
[pe-async] round= 41 R=43 dirty=      102 runs=       43 filter=  1.907ms semisort=  0.041ms
[pe-async] round= 42 R=44 dirty=       76 runs=       29 filter=  1.393ms semisort=  0.038ms
[pe-async] round= 43 R=45 dirty=       68 runs=       23 filter=  1.429ms semisort=  0.045ms
[pe-async] round= 44 R=46 dirty=      134 runs=       71 filter=  2.087ms semisort=  0.025ms
[pe-async] round= 45 R=47 dirty=      102 runs=       43 filter=  2.105ms semisort=  0.026ms
[pe-async] round= 46 R=48 dirty=       76 runs=       29 filter=  1.897ms semisort=  0.054ms
[pe-async] round= 47 R=49 dirty=       68 runs=       23 filter=  1.392ms semisort=  0.055ms
[pe-async] round= 48 R=50 dirty=       22 runs=       11 filter=  1.852ms semisort=  0.014ms
[pe-async] round= 49 R=51 dirty=       62 runs=       23 filter=  1.673ms semisort=  0.037ms
[pe-async] round= 50 R=52 dirty=       28 runs=       17 filter=  1.407ms semisort=  0.029ms
[pe-async] round= 51 R=53 dirty=       44 runs=       11 filter=  1.737ms semisort=  0.039ms
[pe-async] round= 52 R=54 dirty=       22 runs=       11 filter=  1.398ms semisort=  0.017ms
[pe-async] round= 53 R=55 dirty=       62 runs=       23 filter=  1.412ms semisort=  0.048ms
[pe-async] round= 54 R=56 dirty=       28 runs=       17 filter=  1.485ms semisort=  0.039ms
[pe-async] round= 55 R=57 dirty=       44 runs=       11 filter=  1.422ms semisort=  0.026ms
[pe-async] round= 56 R=58 dirty=       22 runs=       11 filter=  1.415ms semisort=  0.023ms
[pe-async] round= 57 R=59 dirty=       62 runs=       23 filter=  1.662ms semisort=  0.023ms
[pe-async] round= 58 R=60 dirty=       28 runs=       17 filter=  1.416ms semisort=  0.021ms
[pe-async] round= 59 R=61 dirty=       44 runs=       11 filter=  1.368ms semisort=  0.040ms
[pe-async] round= 60 R=62 dirty=       22 runs=       11 filter=  1.709ms semisort=  0.025ms
[pe-async] round= 61 R=63 dirty=       62 runs=       23 filter=  1.379ms semisort=  0.030ms
[pe-async] round= 62 R=64 dirty=       28 runs=       17 filter=  1.454ms semisort=  0.026ms
[pe-async] round= 63 R=65 dirty=       44 runs=       11 filter=  1.432ms semisort=  0.029ms
[pe-async] round= 64 R=66 dirty=       22 runs=       11 filter=  1.632ms semisort=  0.038ms
[pe-async] round= 65 R=67 dirty=       62 runs=       23 filter=  1.371ms semisort=  0.046ms
[pe-async] round= 66 R=68 dirty=       28 runs=       17 filter=  1.466ms semisort=  0.026ms
[pe-async] round= 67 R=69 dirty=       44 runs=       11 filter=  1.442ms semisort=  0.032ms
[pe-async] round= 68 R=70 dirty=       22 runs=       11 filter=  1.682ms semisort=  0.028ms
[pe-async] round= 69 R=71 dirty=       62 runs=       23 filter=  1.393ms semisort=  0.040ms
[pe-async] round= 70 R=72 dirty=       28 runs=       17 filter=  1.432ms semisort=  0.023ms
[pe-async] round= 71 R=73 dirty=       44 runs=       11 filter=  1.905ms semisort=  0.018ms
[pe-async] round= 72 R=74 dirty=       22 runs=       11 filter=  2.144ms semisort=  0.014ms
[pe-async] round= 73 R=75 dirty=       62 runs=       23 filter=  1.922ms semisort=  0.036ms
[pe-async] round= 74 R=76 dirty=       28 runs=       17 filter=  1.392ms semisort=  0.023ms
[pe-async] round= 75 R=77 dirty=       44 runs=       11 filter=  1.845ms semisort=  0.018ms
[pe-async] round= 76 R=78 dirty=       22 runs=       11 filter=  1.900ms semisort=  0.030ms
[pe-async] round= 77 R=79 dirty=       62 runs=       23 filter=  1.389ms semisort=  0.047ms
[pe-async] round= 78 R=80 dirty=       28 runs=       17 filter=  1.435ms semisort=  0.022ms
[pe-async] round= 79 R=81 dirty=       44 runs=       11 filter=  1.836ms semisort=  0.016ms
[pe-async] round= 80 R=82 dirty=       22 runs=       11 filter=  1.913ms semisort=  0.029ms
[pe-async] round= 81 R=83 dirty=       62 runs=       23 filter=  1.387ms semisort=  0.060ms
[pe-async] round= 82 R=84 dirty=       28 runs=       17 filter=  1.725ms semisort=  0.044ms
[pe-async] round= 83 R=85 dirty=       44 runs=       11 filter=  1.387ms semisort=  0.047ms
[pe-async] round= 84 R=86 dirty=       22 runs=       11 filter=  1.443ms semisort=  0.037ms
[pe-async] round= 85 R=87 dirty=       62 runs=       23 filter=  1.768ms semisort=  0.035ms
[pe-async] round= 86 R=88 dirty=       28 runs=       17 filter=  1.382ms semisort=  0.041ms
[pe-async] round= 87 R=89 dirty=       44 runs=       11 filter=  1.426ms semisort=  0.058ms
[pe-async] round= 88 R=90 dirty=       22 runs=       11 filter=  1.791ms semisort=  0.031ms
[pe-async] round= 89 R=91 dirty=       62 runs=       23 filter=  1.449ms semisort=  0.059ms
[pe-async] round= 90 R=92 dirty=       28 runs=       17 filter=  1.429ms semisort=  0.026ms
[pe-async] round= 91 R=93 dirty=       44 runs=       11 filter=  1.887ms semisort=  0.016ms
[pe-async] round= 92 R=94 dirty=       22 runs=       11 filter=  2.118ms semisort=  0.014ms
[pe-async] round= 93 R=95 dirty=       62 runs=       23 filter=  1.431ms semisort=  0.041ms
[pe-async] round= 94 R=96 dirty=       28 runs=       17 filter=  1.383ms semisort=  0.034ms
[pe-async] round= 95 R=97 dirty=       44 runs=       11 filter=  1.728ms semisort=  0.045ms
[pe-async] round= 96 R=98 dirty=       22 runs=       11 filter=  1.392ms semisort=  0.016ms
[pe-async] round= 97 R=99 dirty=       62 runs=       23 filter=  1.488ms semisort=  0.069ms
[pe-async] round= 98 R=100 dirty=       28 runs=       17 filter=  1.797ms semisort=  0.029ms
[pe-async] round= 99 R=101 dirty=       44 runs=       11 filter=  1.384ms semisort=  0.034ms
[pe-async] round=100 R=102 dirty=       22 runs=       11 filter=  1.933ms semisort=  0.027ms
[pe-async] round=101 R=103 dirty=       62 runs=       23 filter=  1.400ms semisort=  0.030ms
[pe-async] round=102 R=104 dirty=       28 runs=       17 filter=  1.404ms semisort=  0.036ms
[pe-async] round=103 R=105 dirty=       44 runs=       11 filter=  1.737ms semisort=  0.036ms
[pe-async] round=104 R=106 dirty=       22 runs=       11 filter=  1.423ms semisort=  0.039ms
[pe-async] round=105 R=107 dirty=       62 runs=       23 filter=  1.419ms semisort=  0.030ms
[pe-async] round=106 R=108 dirty=       28 runs=       17 filter=  1.898ms semisort=  0.015ms
[pe-async] round=107 R=109 dirty=       44 runs=       11 filter=  1.942ms semisort=  0.059ms
[pe-async] round=108 R=110 dirty=       22 runs=       11 filter=  1.414ms semisort=  0.029ms
[pe-async] round=109 R=111 dirty=       62 runs=       23 filter=  1.865ms semisort=  0.019ms
[pe-async] round=110 R=112 dirty=       28 runs=       17 filter=  1.962ms semisort=  0.030ms
[pe-async] round=111 R=113 dirty=       44 runs=       11 filter=  1.396ms semisort=  0.031ms
[pe-async] round=112 R=114 dirty=       22 runs=       11 filter=  1.405ms semisort=  0.034ms
[pe-async] round=113 R=115 dirty=       62 runs=       23 filter=  1.713ms semisort=  0.045ms
[pe-async] round=114 R=116 dirty=       28 runs=       17 filter=  1.385ms semisort=  0.030ms
[pe-async] round=115 R=117 dirty=       44 runs=       11 filter=  1.467ms semisort=  0.045ms
[pe-async] round=116 R=118 dirty=       22 runs=       11 filter=  1.712ms semisort=  0.029ms
[pe-async] round=117 R=119 dirty=       62 runs=       23 filter=  1.382ms semisort=  0.034ms
[pe-async] round=118 R=120 dirty=       28 runs=       17 filter=  1.408ms semisort=  0.038ms
[pe-async] round=119 R=121 dirty=       44 runs=       11 filter=  1.883ms semisort=  0.015ms
[pe-async] round=120 R=122 dirty=       22 runs=       11 filter=  2.120ms semisort=  0.013ms
[pe-async] round=121 R=123 dirty=       62 runs=       23 filter=  1.726ms semisort=  0.040ms
[pe-async] round=122 R=124 dirty=       28 runs=       17 filter=  1.387ms semisort=  0.035ms
[pe-async] round=123 R=125 dirty=       44 runs=       11 filter=  1.428ms semisort=  0.031ms
[pe-async] round=124 R=126 dirty=       22 runs=       11 filter=  1.428ms semisort=  0.017ms
[pe-async] round=125 R=127 dirty=       62 runs=       23 filter=  1.453ms semisort=  0.037ms
[pe-async] round=126 R=128 dirty=       28 runs=       17 filter=  1.400ms semisort=  0.029ms
[pe-async] round=127 R=129 dirty=       44 runs=       11 filter=  1.410ms semisort=  0.039ms
[pe-async] round=128 R=130 dirty=       22 runs=       11 filter=  1.438ms semisort=  0.029ms
[pe-async] round=129 R=131 dirty=       62 runs=       23 filter=  1.490ms semisort=  0.025ms
[pe-async] round=130 R=132 dirty=       28 runs=       17 filter=  1.432ms semisort=  0.034ms
[pe-async] round=131 R=133 dirty=       44 runs=       11 filter=  1.439ms semisort=  0.041ms
[pe-async] round=132 R=134 dirty=       22 runs=       11 filter=  1.432ms semisort=  0.038ms
[pe-async] round=133 R=135 dirty=       62 runs=       23 filter=  1.450ms semisort=  0.032ms
[pe-async] round=134 R=136 dirty=       28 runs=       17 filter=  1.442ms semisort=  0.043ms
[pe-async] round=135 R=137 dirty=       44 runs=       11 filter=  1.467ms semisort=  0.029ms
[pe-async] round=136 R=138 dirty=       22 runs=       11 filter=  1.426ms semisort=  0.029ms
[pe-async] round=137 R=139 dirty=       62 runs=       23 filter=  1.457ms semisort=  0.034ms
[pe-async] round=138 R=140 dirty=       28 runs=       17 filter=  1.439ms semisort=  0.018ms
[pe-async] round=139 R=141 dirty=       44 runs=       11 filter=  1.426ms semisort=  0.035ms
[pe-async] round=140 R=142 dirty=       22 runs=       11 filter=  1.406ms semisort=  0.028ms
[pe-async] round=141 R=143 dirty=       62 runs=       23 filter=  1.403ms semisort=  0.042ms
[pe-async] round=142 R=144 dirty=       28 runs=       17 filter=  1.478ms semisort=  0.036ms
[pe-async] round=143 R=145 dirty=       44 runs=       11 filter=  1.448ms semisort=  0.030ms
[pe-async] round=144 R=146 dirty=       22 runs=       11 filter=  1.421ms semisort=  0.016ms
[pe-async] round=145 R=147 dirty=       62 runs=       23 filter=  1.433ms semisort=  0.033ms
[pe-async] round=146 R=148 dirty=       28 runs=       17 filter=  1.440ms semisort=  0.023ms
[pe-async] round=147 R=149 dirty=       44 runs=       11 filter=  1.452ms semisort=  0.030ms
[pe-async] round=148 R=150 dirty=       22 runs=       11 filter=  1.426ms semisort=  0.017ms
[pe-async] round=149 R=151 dirty=       62 runs=       23 filter=  1.440ms semisort=  0.042ms
[pe-async] round=150 R=152 dirty=       28 runs=       17 filter=  1.410ms semisort=  0.039ms
[pe-async] round=151 R=153 dirty=       44 runs=       11 filter=  1.414ms semisort=  0.027ms
[pe-async] round=152 R=154 dirty=       22 runs=       11 filter=  1.436ms semisort=  0.016ms
[pe-async] round=153 R=155 dirty=       62 runs=       23 filter=  1.453ms semisort=  0.054ms
[pe-async] round=154 R=156 dirty=       28 runs=       17 filter=  1.401ms semisort=  0.018ms
[pe-async] round=155 R=157 dirty=       44 runs=       11 filter=  1.436ms semisort=  0.034ms
[pe-async] round=156 R=158 dirty=       22 runs=       11 filter=  1.418ms semisort=  0.016ms
[pe-async] round=157 R=159 dirty=       62 runs=       23 filter=  1.425ms semisort=  0.026ms
[pe-async] round=158 R=160 dirty=       28 runs=       17 filter=  1.410ms semisort=  0.017ms
[pe-async] round=159 R=161 dirty=       44 runs=       11 filter=  1.451ms semisort=  0.032ms
[pe-async] round=160 R=162 dirty=       22 runs=       11 filter=  1.466ms semisort=  0.028ms
[pe-async] round=161 R=163 dirty=       62 runs=       23 filter=  1.451ms semisort=  0.044ms
[pe-async] round=162 R=164 dirty=       28 runs=       17 filter=  1.430ms semisort=  0.041ms
[pe-async] round=163 R=165 dirty=       44 runs=       11 filter=  1.514ms semisort=  0.057ms
[pe-async] round=164 R=166 dirty=       22 runs=       11 filter=  1.413ms semisort=  0.029ms
[pe-async] round=165 R=167 dirty=       62 runs=       23 filter=  1.467ms semisort=  0.033ms
[pe-async] round=166 R=168 dirty=       28 runs=       17 filter=  1.452ms semisort=  0.031ms
[pe-async] round=167 R=169 dirty=       44 runs=       11 filter=  1.419ms semisort=  0.048ms
[pe-async] round=168 R=170 dirty=       22 runs=       11 filter=  1.392ms semisort=  0.016ms
[pe-async] round=169 R=171 dirty=       62 runs=       23 filter=  1.426ms semisort=  0.040ms
[pe-async] round=170 R=172 dirty=       28 runs=       17 filter=  1.390ms semisort=  0.052ms
[pe-async] round=171 R=173 dirty=       44 runs=       11 filter=  1.430ms semisort=  0.034ms
[pe-async] round=172 R=174 dirty=       22 runs=       11 filter=  1.486ms semisort=  0.017ms
[pe-async] round=173 R=175 dirty=       62 runs=       23 filter=  1.423ms semisort=  0.035ms
[pe-async] round=174 R=176 dirty=       28 runs=       17 filter=  1.425ms semisort=  0.031ms
[pe-async] round=175 R=177 dirty=       44 runs=       11 filter=  1.418ms semisort=  0.033ms
[pe-async] round=176 R=178 dirty=       22 runs=       11 filter=  1.445ms semisort=  0.016ms
[pe-async] round=177 R=179 dirty=       62 runs=       23 filter=  1.473ms semisort=  0.033ms
[pe-async] round=178 R=180 dirty=       28 runs=       17 filter=  1.395ms semisort=  0.017ms
[pe-async] round=179 R=181 dirty=       44 runs=       11 filter=  1.460ms semisort=  0.031ms
[pe-async] round=180 R=182 dirty=       22 runs=       11 filter=  1.441ms semisort=  0.016ms
[pe-async] round=181 R=183 dirty=       62 runs=       23 filter=  1.444ms semisort=  0.058ms
[pe-async] round=182 R=184 dirty=       28 runs=       17 filter=  1.436ms semisort=  0.017ms
[pe-async] round=183 R=185 dirty=       44 runs=       11 filter=  1.463ms semisort=  0.039ms
[pe-async] round=184 R=186 dirty=       22 runs=       11 filter=  1.421ms semisort=  0.025ms
[pe-async] round=185 R=187 dirty=       62 runs=       23 filter=  1.459ms semisort=  0.056ms
[pe-async] round=186 R=188 dirty=       28 runs=       17 filter=  1.404ms semisort=  0.030ms
[pe-async] round=187 R=189 dirty=       44 runs=       11 filter=  1.422ms semisort=  0.051ms
[pe-async] round=188 R=190 dirty=       22 runs=       11 filter=  1.453ms semisort=  0.016ms
[pe-async] round=189 R=191 dirty=       62 runs=       23 filter=  1.638ms semisort=  0.041ms
[pe-async] round=190 R=192 dirty=       28 runs=       17 filter=  1.471ms semisort=  0.034ms
[pe-async] round=191 R=193 dirty=       44 runs=       11 filter=  1.424ms semisort=  0.036ms
[pe-async] round=192 R=194 dirty=       22 runs=       11 filter=  1.379ms semisort=  0.016ms
[pe-async] round=193 R=195 dirty=       62 runs=       23 filter=  1.431ms semisort=  0.029ms
[pe-async] round=194 R=196 dirty=       28 runs=       17 filter=  1.439ms semisort=  0.041ms
[pe-async] round=195 R=197 dirty=       44 runs=       11 filter=  1.457ms semisort=  0.045ms
[pe-async] round=196 R=198 dirty=       22 runs=       11 filter=  1.391ms semisort=  0.025ms
[pe-async] round=197 R=199 dirty=       62 runs=       23 filter=  1.421ms semisort=  0.039ms
[pe-async] round=198 R=200 dirty=       28 runs=       17 filter=  1.450ms semisort=  0.027ms
[pe-async] round=199 R=201 dirty=       44 runs=       11 filter=  1.395ms semisort=  0.044ms
[pe-async] round=200 R=202 dirty=       22 runs=       11 filter=  1.417ms semisort=  0.017ms
[pe-async] round=201 R=203 dirty=       62 runs=       23 filter=  1.412ms semisort=  0.032ms
[pe-async] round=202 R=204 dirty=       28 runs=       17 filter=  1.483ms semisort=  0.020ms
[pe-async] round=203 R=205 dirty=       44 runs=       11 filter=  1.481ms semisort=  0.047ms
[pe-async] round=204 R=206 dirty=       22 runs=       11 filter=  1.440ms semisort=  0.022ms
[pe-async] round=205 R=207 dirty=       62 runs=       23 filter=  1.454ms semisort=  0.027ms
[pe-async] round=206 R=208 dirty=       28 runs=       17 filter=  1.405ms semisort=  0.019ms
[pe-async] round=207 R=209 dirty=       44 runs=       11 filter=  1.454ms semisort=  0.041ms
[pe-async] round=208 R=210 dirty=       22 runs=       11 filter=  1.408ms semisort=  0.028ms
[pe-async] round=209 R=211 dirty=       70 runs=       31 filter=  1.454ms semisort=  0.040ms
[pe-async] round=210 R=212 dirty=       28 runs=       21 filter=  1.464ms semisort=  0.035ms
[pe-async] round=211 R=213 dirty=       28 runs=        7 filter=  1.421ms semisort=  0.047ms
[pe-async] round=212 R=214 dirty=       14 runs=        7 filter=  1.449ms semisort=  0.014ms
[pe-async] round=213 R=215 dirty=       46 runs=       19 filter=  1.458ms semisort=  0.029ms
[pe-async] round=214 R=216 dirty=       20 runs=       13 filter=  1.476ms semisort=  0.016ms
[pe-async] round=215 R=217 dirty=       28 runs=        7 filter=  1.455ms semisort=  0.035ms
[pe-async] round=216 R=218 dirty=       14 runs=        7 filter=  1.466ms semisort=  0.015ms
[pe-async] round=217 R=219 dirty=       46 runs=       19 filter=  1.445ms semisort=  0.038ms
[pe-async] round=218 R=220 dirty=       20 runs=       13 filter=  1.431ms semisort=  0.020ms
[pe-async] round=219 R=221 dirty=       28 runs=        7 filter=  1.471ms semisort=  0.021ms
[pe-async] round=220 R=222 dirty=       14 runs=        7 filter=  1.443ms semisort=  0.015ms
[pe-async] round=221 R=223 dirty=       46 runs=       19 filter=  1.480ms semisort=  0.038ms
[pe-async] round=222 R=224 dirty=       20 runs=       13 filter=  1.431ms semisort=  0.016ms
[pe-async] round=223 R=225 dirty=       28 runs=        7 filter=  1.467ms semisort=  0.015ms
[pe-async] round=224 R=226 dirty=       14 runs=        7 filter=  1.453ms semisort=  0.014ms
[pe-async] round=225 R=227 dirty=       46 runs=       19 filter=  1.437ms semisort=  0.025ms
[pe-async] round=226 R=228 dirty=       20 runs=       13 filter=  1.410ms semisort=  0.038ms
[pe-async] round=227 R=229 dirty=       28 runs=        7 filter=  1.410ms semisort=  0.023ms
[pe-async] round=228 R=230 dirty=       14 runs=        7 filter=  1.469ms semisort=  0.014ms
[pe-async] round=229 R=231 dirty=       46 runs=       19 filter=  1.460ms semisort=  0.034ms
[pe-async] round=230 R=232 dirty=       20 runs=       13 filter=  1.383ms semisort=  0.016ms
[pe-async] round=231 R=233 dirty=       28 runs=        7 filter=  1.522ms semisort=  0.016ms
[pe-async] round=232 R=234 dirty=       14 runs=        7 filter=  1.469ms semisort=  0.014ms
[pe-async] round=233 R=235 dirty=       46 runs=       19 filter=  1.428ms semisort=  0.025ms
[pe-async] round=234 R=236 dirty=       20 runs=       13 filter=  1.435ms semisort=  0.018ms
[pe-async] round=235 R=237 dirty=       28 runs=        7 filter=  1.402ms semisort=  0.016ms
[pe-async] round=236 R=238 dirty=       14 runs=        7 filter=  1.436ms semisort=  0.014ms
[pe-async] round=237 R=239 dirty=       46 runs=       19 filter=  1.402ms semisort=  0.026ms
[pe-async] round=238 R=240 dirty=       20 runs=       13 filter=  1.495ms semisort=  0.024ms
[pe-async] round=239 R=241 dirty=       28 runs=        7 filter=  1.410ms semisort=  0.015ms
[pe-async] round=240 R=242 dirty=       14 runs=        7 filter=  1.429ms semisort=  0.019ms
[pe-async] round=241 R=243 dirty=       46 runs=       19 filter=  1.415ms semisort=  0.066ms
[pe-async] round=242 R=244 dirty=       20 runs=       13 filter=  1.430ms semisort=  0.023ms
[pe-async] round=243 R=245 dirty=       28 runs=        7 filter=  1.431ms semisort=  0.052ms
[pe-async] round=244 R=246 dirty=       14 runs=        7 filter=  1.454ms semisort=  0.014ms
[pe-async] round=245 R=247 dirty=       46 runs=       19 filter=  1.450ms semisort=  0.037ms
[pe-async] round=246 R=248 dirty=       20 runs=       13 filter=  1.455ms semisort=  0.015ms
[pe-async] round=247 R=249 dirty=       28 runs=        7 filter=  1.440ms semisort=  0.015ms
[pe-async] round=248 R=250 dirty=       14 runs=        7 filter=  1.437ms semisort=  0.014ms
[pe-async] round=249 R=251 dirty=       46 runs=       19 filter=  1.436ms semisort=  0.042ms
[pe-async] round=250 R=252 dirty=       20 runs=       13 filter=  1.380ms semisort=  0.015ms
[pe-async] round=251 R=253 dirty=       28 runs=        7 filter=  1.470ms semisort=  0.015ms
[pe-async] round=252 R=254 dirty=       14 runs=        7 filter=  1.460ms semisort=  0.014ms
[pe-async] round=253 R=255 dirty=       46 runs=       19 filter=  1.394ms semisort=  0.032ms
[pe-async] round=254 R=256 dirty=       20 runs=       13 filter=  1.478ms semisort=  0.017ms
[pe-async] round=255 R=257 dirty=       28 runs=        7 filter=  1.434ms semisort=  0.019ms
[pe-async] round=256 R=258 dirty=       14 runs=        7 filter=  1.414ms semisort=  0.014ms
[pe-async] round=257 R=259 dirty=       46 runs=       19 filter=  1.448ms semisort=  0.064ms
[pe-async] round=258 R=260 dirty=       20 runs=       13 filter=  1.402ms semisort=  0.032ms
[pe-async] round=259 R=261 dirty=       28 runs=        7 filter=  1.397ms semisort=  0.015ms
[pe-async] round=260 R=262 dirty=       14 runs=        7 filter=  1.444ms semisort=  0.014ms
[pe-async] round=261 R=263 dirty=       46 runs=       19 filter=  1.451ms semisort=  0.030ms
[pe-async] round=262 R=264 dirty=       20 runs=       13 filter=  1.429ms semisort=  0.031ms
[pe-async] round=263 R=265 dirty=       28 runs=        7 filter=  1.466ms semisort=  0.031ms
[pe-async] round=264 R=266 dirty=       14 runs=        7 filter=  1.457ms semisort=  0.014ms
[pe-async] round=265 R=267 dirty=       46 runs=       19 filter=  1.441ms semisort=  0.054ms
[pe-async] round=266 R=268 dirty=       20 runs=       13 filter=  1.413ms semisort=  0.032ms
[pe-async] round=267 R=269 dirty=       28 runs=        7 filter=  1.464ms semisort=  0.036ms
[pe-async] round=268 R=270 dirty=       14 runs=        7 filter=  1.420ms semisort=  0.015ms
[pe-async] round=269 R=271 dirty=       46 runs=       19 filter=  1.429ms semisort=  0.045ms
[pe-async] round=270 R=272 dirty=       20 runs=       13 filter=  1.426ms semisort=  0.018ms
[pe-async] round=271 R=273 dirty=       28 runs=        7 filter=  1.416ms semisort=  0.024ms
[pe-async] round=272 R=274 dirty=       14 runs=        7 filter=  1.436ms semisort=  0.014ms
[pe-async] round=273 R=275 dirty=       46 runs=       19 filter=  1.431ms semisort=  0.040ms
[pe-async] round=274 R=276 dirty=       20 runs=       13 filter=  1.453ms semisort=  0.035ms
[pe-async] round=275 R=277 dirty=       28 runs=        7 filter=  1.432ms semisort=  0.028ms
[pe-async] round=276 R=278 dirty=       14 runs=        7 filter=  1.409ms semisort=  0.013ms
[pe-async] round=277 R=279 dirty=       46 runs=       19 filter=  1.393ms semisort=  0.046ms
[pe-async] round=278 R=280 dirty=       20 runs=       13 filter=  1.450ms semisort=  0.016ms
[pe-async] round=279 R=281 dirty=       28 runs=        7 filter=  1.388ms semisort=  0.017ms
[pe-async] round=280 R=282 dirty=       14 runs=        7 filter=  1.474ms semisort=  0.014ms
[pe-async] round=281 R=283 dirty=       46 runs=       19 filter=  1.470ms semisort=  0.058ms
[pe-async] round=282 R=284 dirty=       20 runs=       13 filter=  1.486ms semisort=  0.022ms
[pe-async] round=283 R=285 dirty=       28 runs=        7 filter=  1.451ms semisort=  0.016ms
[pe-async] round=284 R=286 dirty=       14 runs=        7 filter=  1.469ms semisort=  0.014ms
[pe-async] round=285 R=287 dirty=       46 runs=       19 filter=  1.414ms semisort=  0.036ms
[pe-async] round=286 R=288 dirty=       20 runs=       13 filter=  1.398ms semisort=  0.018ms
[pe-async] round=287 R=289 dirty=       28 runs=        7 filter=  1.495ms semisort=  0.016ms
[pe-async] round=288 R=290 dirty=       14 runs=        7 filter=  1.440ms semisort=  0.028ms
[pe-async] round=289 R=291 dirty=       46 runs=       19 filter=  1.426ms semisort=  0.035ms
[pe-async] round=290 R=292 dirty=       20 runs=       13 filter=  1.454ms semisort=  0.015ms
[pe-async] round=291 R=293 dirty=       28 runs=        7 filter=  1.469ms semisort=  0.016ms
[pe-async] round=292 R=294 dirty=       14 runs=        7 filter=  1.427ms semisort=  0.014ms
[pe-async] round=293 R=295 dirty=       46 runs=       19 filter=  1.447ms semisort=  0.041ms
[pe-async] round=294 R=296 dirty=       20 runs=       13 filter=  1.456ms semisort=  0.024ms
[pe-async] round=295 R=297 dirty=       28 runs=        7 filter=  1.411ms semisort=  0.024ms
[pe-async] round=296 R=298 dirty=       14 runs=        7 filter=  1.459ms semisort=  0.013ms
[pe-async] round=297 R=299 dirty=       46 runs=       19 filter=  1.459ms semisort=  0.034ms
[pe-async] round=298 R=300 dirty=       20 runs=       13 filter=  1.471ms semisort=  0.016ms
[pe-async] round=299 R=301 dirty=       28 runs=        7 filter=  1.464ms semisort=  0.015ms
[pe-async] round=300 R=302 dirty=       14 runs=        7 filter=  1.416ms semisort=  0.013ms
[pe-async] round=301 R=303 dirty=       46 runs=       19 filter=  1.441ms semisort=  0.036ms
[pe-async] round=302 R=304 dirty=       20 runs=       13 filter=  1.377ms semisort=  0.015ms
[pe-async] round=303 R=305 dirty=       28 runs=        7 filter=  1.480ms semisort=  0.016ms
[pe-async] round=304 R=306 dirty=       14 runs=        7 filter=  1.455ms semisort=  0.014ms
[pe-async] round=305 R=307 dirty=       46 runs=       19 filter=  1.406ms semisort=  0.027ms
[pe-async] round=306 R=308 dirty=       20 runs=       13 filter=  1.477ms semisort=  0.015ms
[pe-async] round=307 R=309 dirty=       28 runs=        7 filter=  1.408ms semisort=  0.016ms
[pe-async] round=308 R=310 dirty=       14 runs=        7 filter=  1.380ms semisort=  0.014ms
[pe-async] round=309 R=311 dirty=       46 runs=       19 filter=  1.405ms semisort=  0.028ms
[pe-async] round=310 R=312 dirty=       20 runs=       13 filter=  1.453ms semisort=  0.021ms
[pe-async] round=311 R=313 dirty=       28 runs=        7 filter=  1.438ms semisort=  0.016ms
[pe-async] round=312 R=314 dirty=       14 runs=        7 filter=  1.491ms semisort=  0.014ms
[pe-async] round=313 R=315 dirty=       46 runs=       19 filter=  1.456ms semisort=  0.055ms
[pe-async] round=314 R=316 dirty=       20 runs=       13 filter=  1.483ms semisort=  0.020ms
[pe-async] round=315 R=317 dirty=       28 runs=        7 filter=  1.382ms semisort=  0.016ms
[pe-async] round=316 R=318 dirty=       14 runs=        7 filter=  1.404ms semisort=  0.014ms
[pe-async] round=317 R=319 dirty=       46 runs=       19 filter=  1.407ms semisort=  0.041ms
[pe-async] round=318 R=320 dirty=       20 runs=       17 filter=  1.401ms semisort=  0.021ms
[pe-async] round=319 R=321 dirty=       12 runs=        3 filter=  1.470ms semisort=  0.011ms
[pe-async] round=320 R=322 dirty=        6 runs=        3 filter=  1.432ms semisort=  0.011ms
[pe-async] round=321 R=323 dirty=       30 runs=       15 filter=  1.421ms semisort=  0.014ms
[pe-async] round=322 R=324 dirty=       12 runs=        9 filter=  1.385ms semisort=  0.012ms
[pe-async] round=323 R=325 dirty=       12 runs=        3 filter=  1.476ms semisort=  0.011ms
[pe-async] round=324 R=326 dirty=        6 runs=        3 filter=  1.450ms semisort=  0.010ms
[pe-async] round=325 R=327 dirty=       30 runs=       15 filter=  1.443ms semisort=  0.015ms
[pe-async] round=326 R=328 dirty=       12 runs=        9 filter=  1.471ms semisort=  0.012ms
[pe-async] round=327 R=329 dirty=       12 runs=        3 filter=  1.470ms semisort=  0.010ms
[pe-async] round=328 R=330 dirty=        6 runs=        3 filter=  1.440ms semisort=  0.010ms
[pe-async] round=329 R=331 dirty=       30 runs=       15 filter=  1.437ms semisort=  0.014ms
[pe-async] round=330 R=332 dirty=       12 runs=        9 filter=  1.451ms semisort=  0.011ms
[pe-async] round=331 R=333 dirty=       12 runs=        3 filter=  1.476ms semisort=  0.010ms
[pe-async] round=332 R=334 dirty=        6 runs=        3 filter=  1.418ms semisort=  0.010ms
[pe-async] round=333 R=335 dirty=       30 runs=       15 filter=  1.444ms semisort=  0.016ms
[pe-async] round=334 R=336 dirty=       12 runs=        9 filter=  1.445ms semisort=  0.011ms
[pe-async] round=335 R=337 dirty=       12 runs=        3 filter=  1.488ms semisort=  0.011ms
[pe-async] round=336 R=338 dirty=        6 runs=        3 filter=  1.449ms semisort=  0.011ms
[pe-async] round=337 R=339 dirty=       30 runs=       15 filter=  1.434ms semisort=  0.014ms
[pe-async] round=338 R=340 dirty=       12 runs=        9 filter=  1.425ms semisort=  0.012ms
[pe-async] round=339 R=341 dirty=       12 runs=        3 filter=  1.452ms semisort=  0.016ms
[pe-async] round=340 R=342 dirty=        6 runs=        3 filter=  1.403ms semisort=  0.014ms
[pe-async] round=341 R=343 dirty=       30 runs=       15 filter=  1.419ms semisort=  0.014ms
[pe-async] round=342 R=344 dirty=       12 runs=        9 filter=  1.442ms semisort=  0.012ms
[pe-async] round=343 R=345 dirty=       12 runs=        3 filter=  1.453ms semisort=  0.011ms
[pe-async] round=344 R=346 dirty=        6 runs=        3 filter=  1.449ms semisort=  0.010ms
[pe-async] round=345 R=347 dirty=       30 runs=       15 filter=  1.451ms semisort=  0.014ms
[pe-async] round=346 R=348 dirty=       12 runs=        9 filter=  1.431ms semisort=  0.013ms
[pe-async] round=347 R=349 dirty=       12 runs=        3 filter=  1.452ms semisort=  0.012ms
[pe-async] round=348 R=350 dirty=        6 runs=        3 filter=  1.480ms semisort=  0.010ms
[pe-async] round=349 R=351 dirty=       30 runs=       15 filter=  1.407ms semisort=  0.015ms
[pe-async] round=350 R=352 dirty=       12 runs=        9 filter=  1.439ms semisort=  0.012ms
[pe-async] round=351 R=353 dirty=       12 runs=        3 filter=  1.397ms semisort=  0.011ms
[pe-async] round=352 R=354 dirty=        6 runs=        3 filter=  1.441ms semisort=  0.010ms
[pe-async] round=353 R=355 dirty=       30 runs=       15 filter=  1.444ms semisort=  0.015ms
[pe-async] round=354 R=356 dirty=       12 runs=        9 filter=  1.431ms semisort=  0.012ms
[pe-async] round=355 R=357 dirty=       12 runs=        3 filter=  1.465ms semisort=  0.012ms
[pe-async] round=356 R=358 dirty=        6 runs=        3 filter=  1.430ms semisort=  0.011ms
[pe-async] round=357 R=359 dirty=       30 runs=       15 filter=  1.436ms semisort=  0.015ms
[pe-async] round=358 R=360 dirty=       12 runs=        9 filter=  1.474ms semisort=  0.012ms
[pe-async] round=359 R=361 dirty=       12 runs=        3 filter=  1.462ms semisort=  0.011ms
[pe-async] round=360 R=362 dirty=        6 runs=        3 filter=  1.474ms semisort=  0.010ms
[pe-async] round=361 R=363 dirty=       30 runs=       15 filter=  1.403ms semisort=  0.022ms
[pe-async] round=362 R=364 dirty=       12 runs=        9 filter=  1.415ms semisort=  0.011ms
[pe-async] round=363 R=365 dirty=       12 runs=        3 filter=  1.402ms semisort=  0.010ms
[pe-async] round=364 R=366 dirty=        6 runs=        3 filter=  1.412ms semisort=  0.010ms
[pe-async] round=365 R=367 dirty=       30 runs=       15 filter=  1.453ms semisort=  0.026ms
[pe-async] round=366 R=368 dirty=       12 runs=        9 filter=  1.379ms semisort=  0.012ms
[pe-async] round=367 R=369 dirty=       12 runs=        3 filter=  1.424ms semisort=  0.011ms
[pe-async] round=368 R=370 dirty=        6 runs=        3 filter=  1.458ms semisort=  0.010ms
[pe-async] round=369 R=371 dirty=       30 runs=       15 filter=  1.434ms semisort=  0.015ms
[pe-async] round=370 R=372 dirty=       12 runs=        9 filter=  1.444ms semisort=  0.012ms
[pe-async] round=371 R=373 dirty=       12 runs=        3 filter=  1.475ms semisort=  0.011ms
[pe-async] round=372 R=374 dirty=        6 runs=        3 filter=  1.414ms semisort=  0.009ms
[pe-async] round=373 R=375 dirty=       30 runs=       15 filter=  1.453ms semisort=  0.027ms
[pe-async] round=374 R=376 dirty=       12 runs=        9 filter=  1.421ms semisort=  0.012ms
[pe-async] round=375 R=377 dirty=       12 runs=        3 filter=  1.451ms semisort=  0.011ms
[pe-async] round=376 R=378 dirty=        6 runs=        3 filter=  1.427ms semisort=  0.009ms
[pe-async] round=377 R=379 dirty=       30 runs=       15 filter=  1.444ms semisort=  0.014ms
[pe-async] round=378 R=380 dirty=       12 runs=        9 filter=  1.417ms semisort=  0.011ms
[pe-async] round=379 R=381 dirty=       12 runs=        3 filter=  1.456ms semisort=  0.010ms
[pe-async] round=380 R=382 dirty=        6 runs=        3 filter=  1.405ms semisort=  0.010ms
[pe-async] round=381 R=383 dirty=       30 runs=       15 filter=  1.487ms semisort=  0.015ms
[pe-async] round=382 R=384 dirty=       12 runs=        9 filter=  1.435ms semisort=  0.018ms
[pe-async] round=383 R=385 dirty=       12 runs=        3 filter=  1.461ms semisort=  0.011ms
[pe-async] round=384 R=386 dirty=        6 runs=        3 filter=  1.434ms semisort=  0.011ms
[pe-async] round=385 R=387 dirty=       30 runs=       15 filter=  1.424ms semisort=  0.015ms
[pe-async] round=386 R=388 dirty=       12 runs=        9 filter=  1.426ms semisort=  0.012ms
[pe-async] round=387 R=389 dirty=       12 runs=        3 filter=  1.448ms semisort=  0.010ms
[pe-async] round=388 R=390 dirty=        6 runs=        3 filter=  1.430ms semisort=  0.010ms
[pe-async] round=389 R=391 dirty=       30 runs=       15 filter=  1.414ms semisort=  0.015ms
[pe-async] round=390 R=392 dirty=       12 runs=        9 filter=  1.401ms semisort=  0.012ms
[pe-async] round=391 R=393 dirty=       12 runs=        3 filter=  1.419ms semisort=  0.011ms
[pe-async] round=392 R=394 dirty=        6 runs=        3 filter=  1.438ms semisort=  0.011ms
[pe-async] round=393 R=395 dirty=       30 runs=       15 filter=  1.401ms semisort=  0.015ms
[pe-async] round=394 R=396 dirty=       12 runs=        9 filter=  1.464ms semisort=  0.012ms
[pe-async] round=395 R=397 dirty=       12 runs=        3 filter=  1.441ms semisort=  0.010ms
[pe-async] round=396 R=398 dirty=        6 runs=        3 filter=  1.427ms semisort=  0.010ms
[pe-async] round=397 R=399 dirty=       30 runs=       15 filter=  1.424ms semisort=  0.014ms
[pe-async] round=398 R=400 dirty=       12 runs=        9 filter=  1.454ms semisort=  0.012ms
[pe-async] round=399 R=401 dirty=       12 runs=        3 filter=  1.423ms semisort=  0.011ms
[pe-async] round=400 R=402 dirty=        6 runs=        3 filter=  1.433ms semisort=  0.011ms
[pe-async] round=401 R=403 dirty=       30 runs=       15 filter=  1.422ms semisort=  0.015ms
[pe-async] round=402 R=404 dirty=       12 runs=        9 filter=  1.417ms semisort=  0.012ms
[pe-async] round=403 R=405 dirty=       12 runs=        3 filter=  1.411ms semisort=  0.012ms
[pe-async] round=404 R=406 dirty=        6 runs=        3 filter=  1.462ms semisort=  0.012ms
[pe-async] round=405 R=407 dirty=       30 runs=       15 filter=  1.466ms semisort=  0.014ms
[pe-async] round=406 R=408 dirty=       12 runs=        9 filter=  1.399ms semisort=  0.013ms
[pe-async] round=407 R=409 dirty=       12 runs=        3 filter=  1.431ms semisort=  0.011ms
[pe-async] round=408 R=410 dirty=        6 runs=        3 filter=  1.396ms semisort=  0.011ms
[pe-async] round=409 R=411 dirty=       30 runs=       15 filter=  1.428ms semisort=  0.015ms
[pe-async] round=410 R=412 dirty=       12 runs=        9 filter=  1.465ms semisort=  0.011ms
[pe-async] round=411 R=413 dirty=       12 runs=        3 filter=  1.428ms semisort=  0.011ms
[pe-async] round=412 R=414 dirty=        6 runs=        3 filter=  1.417ms semisort=  0.010ms
[pe-async] round=413 R=415 dirty=       30 runs=       15 filter=  1.410ms semisort=  0.014ms
[pe-async] round=414 R=416 dirty=       12 runs=        9 filter=  1.494ms semisort=  0.012ms
[pe-async] round=415 R=417 dirty=       12 runs=        3 filter=  1.443ms semisort=  0.010ms
[pe-async] round=416 R=418 dirty=        6 runs=        3 filter=  1.462ms semisort=  0.010ms
[pe-async] round=417 R=419 dirty=       30 runs=       15 filter=  1.390ms semisort=  0.014ms
[pe-async] round=418 R=420 dirty=       12 runs=        9 filter=  1.465ms semisort=  0.012ms
[pe-async] round=419 R=421 dirty=       12 runs=        3 filter=  1.458ms semisort=  0.011ms
[pe-async] round=420 R=422 dirty=        6 runs=        3 filter=  1.471ms semisort=  0.011ms
[pe-async] round=421 R=423 dirty=       30 runs=       15 filter=  1.385ms semisort=  0.015ms
[pe-async] round=422 R=424 dirty=       12 runs=        9 filter=  1.399ms semisort=  0.012ms
[pe-async] round=423 R=425 dirty=       12 runs=        3 filter=  1.473ms semisort=  0.011ms
[pe-async] round=424 R=426 dirty=        6 runs=        3 filter=  1.459ms semisort=  0.011ms
[pe-async] round=425 R=427 dirty=       30 runs=       15 filter=  1.454ms semisort=  0.020ms
[pe-async] round=426 R=428 dirty=       12 runs=        9 filter=  1.438ms semisort=  0.011ms
[pe-async] round=427 R=429 dirty=       12 runs=        3 filter=  1.398ms semisort=  0.034ms
[pe-async] round=428 R=430 dirty=        6 runs=        3 filter=  1.418ms semisort=  0.009ms
[pe-async] round=429 R=431 dirty=       31 runs=       21 filter=  1.401ms semisort=  0.041ms
[pe-async] round=430 R=432 dirty=        6 runs=        4 filter=  1.454ms semisort=  0.010ms
[pe-async] round=431 R=433 dirty=        0 filter=  1.459ms (clean break)
[pe-async] round=  0 R=2 dirty=  5950187 runs=  3886042 filter=  1.730ms semisort= 11.148ms
[pe-async] round=  1 R=3 dirty=   263635 runs=   150760 filter=  2.081ms semisort=  1.052ms
[pe-async] round=  2 R=4 dirty=    86522 runs=    58570 filter=  1.786ms semisort=  3.290ms
[pe-async] round=  3 R=5 dirty=    36944 runs=    18788 filter=  1.659ms semisort=  1.248ms
[pe-async] round=  4 R=6 dirty=    15663 runs=     8740 filter=  1.577ms semisort=  0.617ms
[pe-async] round=  5 R=7 dirty=    13473 runs=     5947 filter=  1.543ms semisort=  0.538ms
[pe-async] round=  6 R=8 dirty=    13658 runs=     7108 filter=  1.503ms semisort=  0.539ms
[pe-async] round=  7 R=9 dirty=    13105 runs=     6254 filter=  1.497ms semisort=  0.537ms
[pe-async] round=  8 R=10 dirty=    14858 runs=     7591 filter=  1.486ms semisort=  0.573ms
[pe-async] round=  9 R=11 dirty=     5451 runs=     2881 filter=  1.470ms semisort=  0.281ms
[pe-async] round= 10 R=12 dirty=     9075 runs=     3410 filter=  1.450ms semisort=  0.464ms
[pe-async] round= 11 R=13 dirty=     4967 runs=     2078 filter=  1.440ms semisort=  0.289ms
[pe-async] round= 12 R=14 dirty=     4266 runs=     2352 filter=  1.418ms semisort=  0.281ms
[pe-async] round= 13 R=15 dirty=     1778 runs=     1264 filter=  1.453ms semisort=  0.142ms
[pe-async] round= 14 R=16 dirty=      268 runs=      116 filter=  1.426ms semisort=  0.071ms
[pe-async] round= 15 R=17 dirty=      116 runs=       38 filter=  1.419ms semisort=  0.050ms
[pe-async] round= 16 R=18 dirty=      182 runs=       91 filter=  1.407ms semisort=  0.062ms
[pe-async] round= 17 R=19 dirty=      122 runs=       51 filter=  1.431ms semisort=  0.058ms
[pe-async] round= 18 R=20 dirty=       80 runs=       31 filter=  1.441ms semisort=  0.045ms
[pe-async] round= 19 R=21 dirty=       76 runs=       25 filter=  1.446ms semisort=  0.060ms
[pe-async] round= 20 R=22 dirty=      138 runs=       75 filter=  1.461ms semisort=  0.050ms
[pe-async] round= 21 R=23 dirty=      102 runs=       43 filter=  1.440ms semisort=  0.045ms
[pe-async] round= 22 R=24 dirty=       76 runs=       29 filter=  1.403ms semisort=  0.042ms
[pe-async] round= 23 R=25 dirty=       68 runs=       23 filter=  1.428ms semisort=  0.037ms
[pe-async] round= 24 R=26 dirty=      134 runs=       71 filter=  1.409ms semisort=  0.049ms
[pe-async] round= 25 R=27 dirty=      102 runs=       43 filter=  1.429ms semisort=  0.051ms
[pe-async] round= 26 R=28 dirty=       76 runs=       29 filter=  1.405ms semisort=  0.041ms
[pe-async] round= 27 R=29 dirty=       68 runs=       23 filter=  1.424ms semisort=  0.043ms
[pe-async] round= 28 R=30 dirty=      134 runs=       71 filter=  1.463ms semisort=  0.047ms
[pe-async] round= 29 R=31 dirty=      102 runs=       43 filter=  1.427ms semisort=  0.060ms
[pe-async] round= 30 R=32 dirty=       76 runs=       29 filter=  1.389ms semisort=  0.048ms
[pe-async] round= 31 R=33 dirty=       68 runs=       23 filter=  1.423ms semisort=  0.051ms
[pe-async] round= 32 R=34 dirty=      134 runs=       71 filter=  1.407ms semisort=  0.049ms
[pe-async] round= 33 R=35 dirty=      102 runs=       43 filter=  1.593ms semisort=  0.065ms
[pe-async] round= 34 R=36 dirty=       76 runs=       29 filter=  1.382ms semisort=  0.053ms
[pe-async] round= 35 R=37 dirty=       68 runs=       23 filter=  1.454ms semisort=  0.044ms
[pe-async] round= 36 R=38 dirty=      134 runs=       71 filter=  1.402ms semisort=  0.058ms
[pe-async] round= 37 R=39 dirty=      102 runs=       43 filter=  1.416ms semisort=  0.057ms
[pe-async] round= 38 R=40 dirty=       76 runs=       29 filter=  1.435ms semisort=  0.047ms
[pe-async] round= 39 R=41 dirty=       68 runs=       23 filter=  1.425ms semisort=  0.043ms
[pe-async] round= 40 R=42 dirty=      134 runs=       71 filter=  1.448ms semisort=  0.054ms
[pe-async] round= 41 R=43 dirty=      102 runs=       43 filter=  1.430ms semisort=  0.059ms
[pe-async] round= 42 R=44 dirty=       76 runs=       29 filter=  1.425ms semisort=  0.048ms
[pe-async] round= 43 R=45 dirty=       68 runs=       23 filter=  1.444ms semisort=  0.056ms
[pe-async] round= 44 R=46 dirty=      134 runs=       71 filter=  1.447ms semisort=  0.044ms
[pe-async] round= 45 R=47 dirty=      102 runs=       43 filter=  1.463ms semisort=  0.072ms
[pe-async] round= 46 R=48 dirty=       76 runs=       29 filter=  1.436ms semisort=  0.052ms
[pe-async] round= 47 R=49 dirty=       68 runs=       23 filter=  1.403ms semisort=  0.034ms
[pe-async] round= 48 R=50 dirty=       22 runs=       11 filter=  1.411ms semisort=  0.016ms
[pe-async] round= 49 R=51 dirty=       62 runs=       23 filter=  1.402ms semisort=  0.039ms
[pe-async] round= 50 R=52 dirty=       28 runs=       17 filter=  1.423ms semisort=  0.021ms
[pe-async] round= 51 R=53 dirty=       44 runs=       11 filter=  1.459ms semisort=  0.037ms
[pe-async] round= 52 R=54 dirty=       22 runs=       11 filter=  1.416ms semisort=  0.027ms
[pe-async] round= 53 R=55 dirty=       62 runs=       23 filter=  1.415ms semisort=  0.046ms
[pe-async] round= 54 R=56 dirty=       28 runs=       17 filter=  1.431ms semisort=  0.035ms
[pe-async] round= 55 R=57 dirty=       44 runs=       11 filter=  1.424ms semisort=  0.039ms
[pe-async] round= 56 R=58 dirty=       22 runs=       11 filter=  1.443ms semisort=  0.016ms
[pe-async] round= 57 R=59 dirty=       62 runs=       23 filter=  1.424ms semisort=  0.029ms
[pe-async] round= 58 R=60 dirty=       28 runs=       17 filter=  1.418ms semisort=  0.046ms
[pe-async] round= 59 R=61 dirty=       44 runs=       11 filter=  1.390ms semisort=  0.029ms
[pe-async] round= 60 R=62 dirty=       22 runs=       11 filter=  1.440ms semisort=  0.017ms
[pe-async] round= 61 R=63 dirty=       62 runs=       23 filter=  1.463ms semisort=  0.044ms
[pe-async] round= 62 R=64 dirty=       28 runs=       17 filter=  1.427ms semisort=  0.029ms
[pe-async] round= 63 R=65 dirty=       44 runs=       11 filter=  1.440ms semisort=  0.033ms
[pe-async] round= 64 R=66 dirty=       22 runs=       11 filter=  1.444ms semisort=  0.016ms
[pe-async] round= 65 R=67 dirty=       62 runs=       23 filter=  1.407ms semisort=  0.039ms
[pe-async] round= 66 R=68 dirty=       28 runs=       17 filter=  1.437ms semisort=  0.025ms
[pe-async] round= 67 R=69 dirty=       44 runs=       11 filter=  1.437ms semisort=  0.039ms
[pe-async] round= 68 R=70 dirty=       22 runs=       11 filter=  1.416ms semisort=  0.054ms
[pe-async] round= 69 R=71 dirty=       62 runs=       23 filter=  1.422ms semisort=  0.035ms
[pe-async] round= 70 R=72 dirty=       28 runs=       17 filter=  1.451ms semisort=  0.035ms
[pe-async] round= 71 R=73 dirty=       44 runs=       11 filter=  1.404ms semisort=  0.031ms
[pe-async] round= 72 R=74 dirty=       22 runs=       11 filter=  1.407ms semisort=  0.039ms
[pe-async] round= 73 R=75 dirty=       62 runs=       23 filter=  1.402ms semisort=  0.042ms
[pe-async] round= 74 R=76 dirty=       28 runs=       17 filter=  1.498ms semisort=  0.029ms
[pe-async] round= 75 R=77 dirty=       44 runs=       11 filter=  1.377ms semisort=  0.042ms
[pe-async] round= 76 R=78 dirty=       22 runs=       11 filter=  1.392ms semisort=  0.033ms
[pe-async] round= 77 R=79 dirty=       62 runs=       23 filter=  1.436ms semisort=  0.034ms
[pe-async] round= 78 R=80 dirty=       28 runs=       17 filter=  1.421ms semisort=  0.029ms
[pe-async] round= 79 R=81 dirty=       44 runs=       11 filter=  1.482ms semisort=  0.032ms
[pe-async] round= 80 R=82 dirty=       22 runs=       11 filter=  1.425ms semisort=  0.029ms
[pe-async] round= 81 R=83 dirty=       62 runs=       23 filter=  1.451ms semisort=  0.037ms
[pe-async] round= 82 R=84 dirty=       28 runs=       17 filter=  1.444ms semisort=  0.058ms
[pe-async] round= 83 R=85 dirty=       44 runs=       11 filter=  1.426ms semisort=  0.073ms
[pe-async] round= 84 R=86 dirty=       22 runs=       11 filter=  1.434ms semisort=  0.016ms
[pe-async] round= 85 R=87 dirty=       62 runs=       23 filter=  1.400ms semisort=  0.061ms
[pe-async] round= 86 R=88 dirty=       28 runs=       17 filter=  1.404ms semisort=  0.018ms
[pe-async] round= 87 R=89 dirty=       44 runs=       11 filter=  1.425ms semisort=  0.056ms
[pe-async] round= 88 R=90 dirty=       22 runs=       11 filter=  1.452ms semisort=  0.042ms
[pe-async] round= 89 R=91 dirty=       62 runs=       23 filter=  1.427ms semisort=  0.048ms
[pe-async] round= 90 R=92 dirty=       28 runs=       17 filter=  1.425ms semisort=  0.032ms
[pe-async] round= 91 R=93 dirty=       44 runs=       11 filter=  1.450ms semisort=  0.034ms
[pe-async] round= 92 R=94 dirty=       22 runs=       11 filter=  1.427ms semisort=  0.016ms
[pe-async] round= 93 R=95 dirty=       62 runs=       23 filter=  1.447ms semisort=  0.031ms
[pe-async] round= 94 R=96 dirty=       28 runs=       17 filter=  1.426ms semisort=  0.045ms
[pe-async] round= 95 R=97 dirty=       44 runs=       11 filter=  1.382ms semisort=  0.064ms
[pe-async] round= 96 R=98 dirty=       22 runs=       11 filter=  1.424ms semisort=  0.024ms
[pe-async] round= 97 R=99 dirty=       62 runs=       23 filter=  1.464ms semisort=  0.048ms
[pe-async] round= 98 R=100 dirty=       28 runs=       17 filter=  1.422ms semisort=  0.038ms
[pe-async] round= 99 R=101 dirty=       44 runs=       11 filter=  1.415ms semisort=  0.031ms
[pe-async] round=100 R=102 dirty=       22 runs=       11 filter=  1.429ms semisort=  0.017ms
[pe-async] round=101 R=103 dirty=       62 runs=       23 filter=  1.493ms semisort=  0.029ms
[pe-async] round=102 R=104 dirty=       28 runs=       17 filter=  1.440ms semisort=  0.018ms
[pe-async] round=103 R=105 dirty=       44 runs=       11 filter=  1.399ms semisort=  0.048ms
[pe-async] round=104 R=106 dirty=       22 runs=       11 filter=  1.446ms semisort=  0.031ms
[pe-async] round=105 R=107 dirty=       62 runs=       23 filter=  1.448ms semisort=  0.031ms
[pe-async] round=106 R=108 dirty=       28 runs=       17 filter=  1.402ms semisort=  0.032ms
[pe-async] round=107 R=109 dirty=       44 runs=       11 filter=  1.426ms semisort=  0.046ms
[pe-async] round=108 R=110 dirty=       22 runs=       11 filter=  1.452ms semisort=  0.023ms
[pe-async] round=109 R=111 dirty=       62 runs=       23 filter=  1.401ms semisort=  0.046ms
[pe-async] round=110 R=112 dirty=       28 runs=       17 filter=  1.382ms semisort=  0.025ms
[pe-async] round=111 R=113 dirty=       44 runs=       11 filter=  1.445ms semisort=  0.057ms
[pe-async] round=112 R=114 dirty=       22 runs=       11 filter=  1.450ms semisort=  0.029ms
[pe-async] round=113 R=115 dirty=       62 runs=       23 filter=  1.456ms semisort=  0.043ms
[pe-async] round=114 R=116 dirty=       28 runs=       17 filter=  1.402ms semisort=  0.021ms
[pe-async] round=115 R=117 dirty=       44 runs=       11 filter=  1.432ms semisort=  0.031ms
[pe-async] round=116 R=118 dirty=       22 runs=       11 filter=  1.441ms semisort=  0.041ms
[pe-async] round=117 R=119 dirty=       62 runs=       23 filter=  1.438ms semisort=  0.043ms
[pe-async] round=118 R=120 dirty=       28 runs=       17 filter=  1.429ms semisort=  0.029ms
[pe-async] round=119 R=121 dirty=       44 runs=       11 filter=  1.458ms semisort=  0.044ms
[pe-async] round=120 R=122 dirty=       22 runs=       11 filter=  1.393ms semisort=  0.024ms
[pe-async] round=121 R=123 dirty=       62 runs=       23 filter=  1.414ms semisort=  0.038ms
[pe-async] round=122 R=124 dirty=       28 runs=       17 filter=  1.423ms semisort=  0.027ms
[pe-async] round=123 R=125 dirty=       44 runs=       11 filter=  1.438ms semisort=  0.030ms
[pe-async] round=124 R=126 dirty=       22 runs=       11 filter=  1.455ms semisort=  0.033ms
[pe-async] round=125 R=127 dirty=       62 runs=       23 filter=  1.427ms semisort=  0.035ms
[pe-async] round=126 R=128 dirty=       28 runs=       17 filter=  1.439ms semisort=  0.044ms
[pe-async] round=127 R=129 dirty=       44 runs=       11 filter=  1.394ms semisort=  0.032ms
[pe-async] round=128 R=130 dirty=       22 runs=       11 filter=  1.449ms semisort=  0.024ms
[pe-async] round=129 R=131 dirty=       62 runs=       23 filter=  1.463ms semisort=  0.030ms
[pe-async] round=130 R=132 dirty=       28 runs=       17 filter=  1.406ms semisort=  0.024ms
[pe-async] round=131 R=133 dirty=       44 runs=       11 filter=  1.460ms semisort=  0.027ms
[pe-async] round=132 R=134 dirty=       22 runs=       11 filter=  1.460ms semisort=  0.033ms
[pe-async] round=133 R=135 dirty=       62 runs=       23 filter=  1.383ms semisort=  0.030ms
[pe-async] round=134 R=136 dirty=       28 runs=       17 filter=  1.437ms semisort=  0.039ms
[pe-async] round=135 R=137 dirty=       44 runs=       11 filter=  1.480ms semisort=  0.028ms
[pe-async] round=136 R=138 dirty=       22 runs=       11 filter=  1.407ms semisort=  0.022ms
[pe-async] round=137 R=139 dirty=       62 runs=       23 filter=  1.441ms semisort=  0.032ms
[pe-async] round=138 R=140 dirty=       28 runs=       17 filter=  1.445ms semisort=  0.030ms
[pe-async] round=139 R=141 dirty=       44 runs=       11 filter=  1.462ms semisort=  0.042ms
[pe-async] round=140 R=142 dirty=       22 runs=       11 filter=  1.445ms semisort=  0.027ms
[pe-async] round=141 R=143 dirty=       62 runs=       23 filter=  1.407ms semisort=  0.030ms
[pe-async] round=142 R=144 dirty=       28 runs=       17 filter=  1.467ms semisort=  0.026ms
[pe-async] round=143 R=145 dirty=       44 runs=       11 filter=  1.428ms semisort=  0.037ms
[pe-async] round=144 R=146 dirty=       22 runs=       11 filter=  1.447ms semisort=  0.058ms
[pe-async] round=145 R=147 dirty=       62 runs=       23 filter=  1.409ms semisort=  0.035ms
[pe-async] round=146 R=148 dirty=       28 runs=       17 filter=  1.460ms semisort=  0.035ms
[pe-async] round=147 R=149 dirty=       44 runs=       11 filter=  1.430ms semisort=  0.028ms
[pe-async] round=148 R=150 dirty=       22 runs=       11 filter=  1.420ms semisort=  0.018ms
[pe-async] round=149 R=151 dirty=       62 runs=       23 filter=  1.437ms semisort=  0.039ms
[pe-async] round=150 R=152 dirty=       28 runs=       17 filter=  1.427ms semisort=  0.018ms
[pe-async] round=151 R=153 dirty=       44 runs=       11 filter=  1.453ms semisort=  0.034ms
[pe-async] round=152 R=154 dirty=       22 runs=       11 filter=  1.445ms semisort=  0.026ms
[pe-async] round=153 R=155 dirty=       62 runs=       23 filter=  1.441ms semisort=  0.048ms
[pe-async] round=154 R=156 dirty=       28 runs=       17 filter=  1.412ms semisort=  0.038ms
[pe-async] round=155 R=157 dirty=       44 runs=       11 filter=  1.397ms semisort=  0.039ms
[pe-async] round=156 R=158 dirty=       22 runs=       11 filter=  1.420ms semisort=  0.016ms
[pe-async] round=157 R=159 dirty=       62 runs=       23 filter=  1.453ms semisort=  0.060ms
[pe-async] round=158 R=160 dirty=       28 runs=       17 filter=  1.392ms semisort=  0.055ms
[pe-async] round=159 R=161 dirty=       44 runs=       11 filter=  1.469ms semisort=  0.040ms
[pe-async] round=160 R=162 dirty=       22 runs=       11 filter=  1.443ms semisort=  0.016ms
[pe-async] round=161 R=163 dirty=       62 runs=       23 filter=  1.447ms semisort=  0.042ms
[pe-async] round=162 R=164 dirty=       28 runs=       17 filter=  1.414ms semisort=  0.030ms
[pe-async] round=163 R=165 dirty=       44 runs=       11 filter=  1.414ms semisort=  0.054ms
[pe-async] round=164 R=166 dirty=       22 runs=       11 filter=  1.442ms semisort=  0.036ms
[pe-async] round=165 R=167 dirty=       62 runs=       23 filter=  1.446ms semisort=  0.052ms
[pe-async] round=166 R=168 dirty=       28 runs=       17 filter=  1.433ms semisort=  0.024ms
[pe-async] round=167 R=169 dirty=       44 runs=       11 filter=  1.448ms semisort=  0.033ms
[pe-async] round=168 R=170 dirty=       22 runs=       11 filter=  1.396ms semisort=  0.016ms
[pe-async] round=169 R=171 dirty=       62 runs=       23 filter=  1.435ms semisort=  0.051ms
[pe-async] round=170 R=172 dirty=       28 runs=       17 filter=  1.471ms semisort=  0.022ms
[pe-async] round=171 R=173 dirty=       44 runs=       11 filter=  1.432ms semisort=  0.032ms
[pe-async] round=172 R=174 dirty=       22 runs=       11 filter=  1.444ms semisort=  0.027ms
[pe-async] round=173 R=175 dirty=       62 runs=       23 filter=  1.433ms semisort=  0.036ms
[pe-async] round=174 R=176 dirty=       28 runs=       17 filter=  1.412ms semisort=  0.034ms
[pe-async] round=175 R=177 dirty=       44 runs=       11 filter=  1.458ms semisort=  0.046ms
[pe-async] round=176 R=178 dirty=       22 runs=       11 filter=  1.417ms semisort=  0.038ms
[pe-async] round=177 R=179 dirty=       62 runs=       23 filter=  1.420ms semisort=  0.039ms
[pe-async] round=178 R=180 dirty=       28 runs=       17 filter=  1.412ms semisort=  0.029ms
[pe-async] round=179 R=181 dirty=       44 runs=       11 filter=  1.434ms semisort=  0.044ms
[pe-async] round=180 R=182 dirty=       22 runs=       11 filter=  1.404ms semisort=  0.016ms
[pe-async] round=181 R=183 dirty=       62 runs=       23 filter=  1.447ms semisort=  0.031ms
[pe-async] round=182 R=184 dirty=       28 runs=       17 filter=  1.414ms semisort=  0.025ms
[pe-async] round=183 R=185 dirty=       44 runs=       11 filter=  1.459ms semisort=  0.033ms
[pe-async] round=184 R=186 dirty=       22 runs=       11 filter=  1.417ms semisort=  0.017ms
[pe-async] round=185 R=187 dirty=       62 runs=       23 filter=  1.429ms semisort=  0.049ms
[pe-async] round=186 R=188 dirty=       28 runs=       17 filter=  1.440ms semisort=  0.030ms
[pe-async] round=187 R=189 dirty=       44 runs=       11 filter=  1.416ms semisort=  0.046ms
[pe-async] round=188 R=190 dirty=       22 runs=       11 filter=  1.447ms semisort=  0.031ms
[pe-async] round=189 R=191 dirty=       62 runs=       23 filter=  1.435ms semisort=  0.036ms
[pe-async] round=190 R=192 dirty=       28 runs=       17 filter=  1.432ms semisort=  0.037ms
[pe-async] round=191 R=193 dirty=       44 runs=       11 filter=  1.455ms semisort=  0.040ms
[pe-async] round=192 R=194 dirty=       22 runs=       11 filter=  1.398ms semisort=  0.024ms
[pe-async] round=193 R=195 dirty=       62 runs=       23 filter=  1.404ms semisort=  0.034ms
[pe-async] round=194 R=196 dirty=       28 runs=       17 filter=  1.433ms semisort=  0.025ms
[pe-async] round=195 R=197 dirty=       44 runs=       11 filter=  1.441ms semisort=  0.038ms
[pe-async] round=196 R=198 dirty=       22 runs=       11 filter=  1.421ms semisort=  0.027ms
[pe-async] round=197 R=199 dirty=       62 runs=       23 filter=  1.426ms semisort=  0.034ms
[pe-async] round=198 R=200 dirty=       28 runs=       17 filter=  1.408ms semisort=  0.036ms
[pe-async] round=199 R=201 dirty=       44 runs=       11 filter=  1.465ms semisort=  0.030ms
[pe-async] round=200 R=202 dirty=       22 runs=       11 filter=  1.435ms semisort=  0.037ms
[pe-async] round=201 R=203 dirty=       62 runs=       23 filter=  1.464ms semisort=  0.032ms
[pe-async] round=202 R=204 dirty=       28 runs=       17 filter=  1.434ms semisort=  0.044ms
[pe-async] round=203 R=205 dirty=       44 runs=       11 filter=  1.400ms semisort=  0.028ms
[pe-async] round=204 R=206 dirty=       22 runs=       11 filter=  1.441ms semisort=  0.031ms
[pe-async] round=205 R=207 dirty=       62 runs=       23 filter=  1.430ms semisort=  0.036ms
[pe-async] round=206 R=208 dirty=       28 runs=       17 filter=  1.428ms semisort=  0.025ms
[pe-async] round=207 R=209 dirty=       44 runs=       11 filter=  1.411ms semisort=  0.036ms
[pe-async] round=208 R=210 dirty=       22 runs=       11 filter=  1.448ms semisort=  0.032ms
[pe-async] round=209 R=211 dirty=       70 runs=       31 filter=  1.362ms semisort=  0.038ms
[pe-async] round=210 R=212 dirty=       28 runs=       21 filter=  1.493ms semisort=  0.017ms
[pe-async] round=211 R=213 dirty=       28 runs=        7 filter=  1.421ms semisort=  0.015ms
[pe-async] round=212 R=214 dirty=       14 runs=        7 filter=  1.450ms semisort=  0.014ms
[pe-async] round=213 R=215 dirty=       46 runs=       19 filter=  1.441ms semisort=  0.026ms
[pe-async] round=214 R=216 dirty=       20 runs=       13 filter=  1.429ms semisort=  0.021ms
[pe-async] round=215 R=217 dirty=       28 runs=        7 filter=  1.447ms semisort=  0.021ms
[pe-async] round=216 R=218 dirty=       14 runs=        7 filter=  1.469ms semisort=  0.013ms
[pe-async] round=217 R=219 dirty=       46 runs=       19 filter=  1.400ms semisort=  0.027ms
[pe-async] round=218 R=220 dirty=       20 runs=       13 filter=  1.466ms semisort=  0.022ms
[pe-async] round=219 R=221 dirty=       28 runs=        7 filter=  1.433ms semisort=  0.033ms
[pe-async] round=220 R=222 dirty=       14 runs=        7 filter=  1.423ms semisort=  0.015ms
[pe-async] round=221 R=223 dirty=       46 runs=       19 filter=  1.462ms semisort=  0.037ms
[pe-async] round=222 R=224 dirty=       20 runs=       13 filter=  1.409ms semisort=  0.027ms
[pe-async] round=223 R=225 dirty=       28 runs=        7 filter=  1.443ms semisort=  0.034ms
[pe-async] round=224 R=226 dirty=       14 runs=        7 filter=  1.451ms semisort=  0.014ms
[pe-async] round=225 R=227 dirty=       46 runs=       19 filter=  1.487ms semisort=  0.028ms
[pe-async] round=226 R=228 dirty=       20 runs=       13 filter=  1.417ms semisort=  0.015ms
[pe-async] round=227 R=229 dirty=       28 runs=        7 filter=  1.408ms semisort=  0.024ms
[pe-async] round=228 R=230 dirty=       14 runs=        7 filter=  1.452ms semisort=  0.014ms
[pe-async] round=229 R=231 dirty=       46 runs=       19 filter=  1.432ms semisort=  0.033ms
[pe-async] round=230 R=232 dirty=       20 runs=       13 filter=  1.426ms semisort=  0.017ms
[pe-async] round=231 R=233 dirty=       28 runs=        7 filter=  1.473ms semisort=  0.015ms
[pe-async] round=232 R=234 dirty=       14 runs=        7 filter=  1.446ms semisort=  0.014ms
[pe-async] round=233 R=235 dirty=       46 runs=       19 filter=  1.434ms semisort=  0.039ms
[pe-async] round=234 R=236 dirty=       20 runs=       13 filter=  1.428ms semisort=  0.027ms
[pe-async] round=235 R=237 dirty=       28 runs=        7 filter=  1.460ms semisort=  0.016ms
[pe-async] round=236 R=238 dirty=       14 runs=        7 filter=  1.424ms semisort=  0.014ms
[pe-async] round=237 R=239 dirty=       46 runs=       19 filter=  1.425ms semisort=  0.033ms
[pe-async] round=238 R=240 dirty=       20 runs=       13 filter=  1.442ms semisort=  0.020ms
[pe-async] round=239 R=241 dirty=       28 runs=        7 filter=  1.436ms semisort=  0.015ms
[pe-async] round=240 R=242 dirty=       14 runs=        7 filter=  1.422ms semisort=  0.014ms
[pe-async] round=241 R=243 dirty=       46 runs=       19 filter=  1.429ms semisort=  0.040ms
[pe-async] round=242 R=244 dirty=       20 runs=       13 filter=  1.404ms semisort=  0.043ms
[pe-async] round=243 R=245 dirty=       28 runs=        7 filter=  1.473ms semisort=  0.049ms
[pe-async] round=244 R=246 dirty=       14 runs=        7 filter=  1.438ms semisort=  0.017ms
[pe-async] round=245 R=247 dirty=       46 runs=       19 filter=  1.392ms semisort=  0.042ms
[pe-async] round=246 R=248 dirty=       20 runs=       13 filter=  1.422ms semisort=  0.018ms
[pe-async] round=247 R=249 dirty=       28 runs=        7 filter=  1.462ms semisort=  0.023ms
[pe-async] round=248 R=250 dirty=       14 runs=        7 filter=  1.388ms semisort=  0.013ms
[pe-async] round=249 R=251 dirty=       46 runs=       19 filter=  1.453ms semisort=  0.031ms
[pe-async] round=250 R=252 dirty=       20 runs=       13 filter=  1.428ms semisort=  0.014ms
[pe-async] round=251 R=253 dirty=       28 runs=        7 filter=  1.428ms semisort=  0.019ms
[pe-async] round=252 R=254 dirty=       14 runs=        7 filter=  1.399ms semisort=  0.013ms
[pe-async] round=253 R=255 dirty=       46 runs=       19 filter=  1.443ms semisort=  0.029ms
[pe-async] round=254 R=256 dirty=       20 runs=       13 filter=  1.452ms semisort=  0.018ms
[pe-async] round=255 R=257 dirty=       28 runs=        7 filter=  1.458ms semisort=  0.016ms
[pe-async] round=256 R=258 dirty=       14 runs=        7 filter=  1.451ms semisort=  0.014ms
[pe-async] round=257 R=259 dirty=       46 runs=       19 filter=  1.452ms semisort=  0.033ms
[pe-async] round=258 R=260 dirty=       20 runs=       13 filter=  1.513ms semisort=  0.016ms
[pe-async] round=259 R=261 dirty=       28 runs=        7 filter=  1.437ms semisort=  0.022ms
[pe-async] round=260 R=262 dirty=       14 runs=        7 filter=  1.432ms semisort=  0.014ms
[pe-async] round=261 R=263 dirty=       46 runs=       19 filter=  1.409ms semisort=  0.028ms
[pe-async] round=262 R=264 dirty=       20 runs=       13 filter=  1.445ms semisort=  0.021ms
[pe-async] round=263 R=265 dirty=       28 runs=        7 filter=  1.420ms semisort=  0.015ms
[pe-async] round=264 R=266 dirty=       14 runs=        7 filter=  1.457ms semisort=  0.014ms
[pe-async] round=265 R=267 dirty=       46 runs=       19 filter=  1.368ms semisort=  0.040ms
[pe-async] round=266 R=268 dirty=       20 runs=       13 filter=  1.462ms semisort=  0.015ms
[pe-async] round=267 R=269 dirty=       28 runs=        7 filter=  1.445ms semisort=  0.015ms
[pe-async] round=268 R=270 dirty=       14 runs=        7 filter=  1.452ms semisort=  0.014ms
[pe-async] round=269 R=271 dirty=       46 runs=       19 filter=  1.425ms semisort=  0.033ms
[pe-async] round=270 R=272 dirty=       20 runs=       13 filter=  1.425ms semisort=  0.016ms
[pe-async] round=271 R=273 dirty=       28 runs=        7 filter=  1.412ms semisort=  0.015ms
[pe-async] round=272 R=274 dirty=       14 runs=        7 filter=  1.438ms semisort=  0.014ms
[pe-async] round=273 R=275 dirty=       46 runs=       19 filter=  1.437ms semisort=  0.065ms
[pe-async] round=274 R=276 dirty=       20 runs=       13 filter=  1.414ms semisort=  0.018ms
[pe-async] round=275 R=277 dirty=       28 runs=        7 filter=  1.415ms semisort=  0.015ms
[pe-async] round=276 R=278 dirty=       14 runs=        7 filter=  1.467ms semisort=  0.014ms
[pe-async] round=277 R=279 dirty=       46 runs=       19 filter=  1.446ms semisort=  0.027ms
[pe-async] round=278 R=280 dirty=       20 runs=       13 filter=  1.419ms semisort=  0.016ms
[pe-async] round=279 R=281 dirty=       28 runs=        7 filter=  1.434ms semisort=  0.015ms
[pe-async] round=280 R=282 dirty=       14 runs=        7 filter=  1.388ms semisort=  0.014ms
[pe-async] round=281 R=283 dirty=       46 runs=       19 filter=  1.418ms semisort=  0.042ms
[pe-async] round=282 R=284 dirty=       20 runs=       13 filter=  1.406ms semisort=  0.019ms
[pe-async] round=283 R=285 dirty=       28 runs=        7 filter=  1.413ms semisort=  0.015ms
[pe-async] round=284 R=286 dirty=       14 runs=        7 filter=  1.453ms semisort=  0.013ms
[pe-async] round=285 R=287 dirty=       46 runs=       19 filter=  1.415ms semisort=  0.036ms
[pe-async] round=286 R=288 dirty=       20 runs=       13 filter=  1.437ms semisort=  0.017ms
[pe-async] round=287 R=289 dirty=       28 runs=        7 filter=  1.481ms semisort=  0.015ms
[pe-async] round=288 R=290 dirty=       14 runs=        7 filter=  1.413ms semisort=  0.014ms
[pe-async] round=289 R=291 dirty=       46 runs=       19 filter=  1.496ms semisort=  0.045ms
[pe-async] round=290 R=292 dirty=       20 runs=       13 filter=  1.408ms semisort=  0.015ms
[pe-async] round=291 R=293 dirty=       28 runs=        7 filter=  1.476ms semisort=  0.015ms
[pe-async] round=292 R=294 dirty=       14 runs=        7 filter=  1.411ms semisort=  0.013ms
[pe-async] round=293 R=295 dirty=       46 runs=       19 filter=  1.466ms semisort=  0.036ms
[pe-async] round=294 R=296 dirty=       20 runs=       13 filter=  1.428ms semisort=  0.032ms
[pe-async] round=295 R=297 dirty=       28 runs=        7 filter=  1.435ms semisort=  0.015ms
[pe-async] round=296 R=298 dirty=       14 runs=        7 filter=  1.459ms semisort=  0.015ms
[pe-async] round=297 R=299 dirty=       46 runs=       19 filter=  1.429ms semisort=  0.039ms
[pe-async] round=298 R=300 dirty=       20 runs=       13 filter=  1.436ms semisort=  0.017ms
[pe-async] round=299 R=301 dirty=       28 runs=        7 filter=  1.442ms semisort=  0.015ms
[pe-async] round=300 R=302 dirty=       14 runs=        7 filter=  1.455ms semisort=  0.014ms
[pe-async] round=301 R=303 dirty=       46 runs=       19 filter=  1.443ms semisort=  0.034ms
[pe-async] round=302 R=304 dirty=       20 runs=       13 filter=  1.457ms semisort=  0.016ms
[pe-async] round=303 R=305 dirty=       28 runs=        7 filter=  1.403ms semisort=  0.014ms
[pe-async] round=304 R=306 dirty=       14 runs=        7 filter=  1.430ms semisort=  0.014ms
[pe-async] round=305 R=307 dirty=       46 runs=       19 filter=  1.416ms semisort=  0.028ms
[pe-async] round=306 R=308 dirty=       20 runs=       13 filter=  1.444ms semisort=  0.015ms
[pe-async] round=307 R=309 dirty=       28 runs=        7 filter=  1.472ms semisort=  0.015ms
[pe-async] round=308 R=310 dirty=       14 runs=        7 filter=  1.414ms semisort=  0.014ms
[pe-async] round=309 R=311 dirty=       46 runs=       19 filter=  1.448ms semisort=  0.030ms
[pe-async] round=310 R=312 dirty=       20 runs=       13 filter=  1.446ms semisort=  0.015ms
[pe-async] round=311 R=313 dirty=       28 runs=        7 filter=  1.415ms semisort=  0.016ms
[pe-async] round=312 R=314 dirty=       14 runs=        7 filter=  1.451ms semisort=  0.013ms
[pe-async] round=313 R=315 dirty=       46 runs=       19 filter=  1.421ms semisort=  0.046ms
[pe-async] round=314 R=316 dirty=       20 runs=       13 filter=  1.384ms semisort=  0.021ms
[pe-async] round=315 R=317 dirty=       28 runs=        7 filter=  1.412ms semisort=  0.015ms
[pe-async] round=316 R=318 dirty=       14 runs=        7 filter=  1.447ms semisort=  0.013ms
[pe-async] round=317 R=319 dirty=       46 runs=       19 filter=  1.421ms semisort=  0.026ms
[pe-async] round=318 R=320 dirty=       20 runs=       17 filter=  1.412ms semisort=  0.015ms
[pe-async] round=319 R=321 dirty=       12 runs=        3 filter=  1.454ms semisort=  0.011ms
[pe-async] round=320 R=322 dirty=        6 runs=        3 filter=  1.426ms semisort=  0.010ms
[pe-async] round=321 R=323 dirty=       30 runs=       15 filter=  1.458ms semisort=  0.015ms
[pe-async] round=322 R=324 dirty=       12 runs=        9 filter=  1.427ms semisort=  0.012ms
[pe-async] round=323 R=325 dirty=       12 runs=        3 filter=  1.456ms semisort=  0.011ms
[pe-async] round=324 R=326 dirty=        6 runs=        3 filter=  1.456ms semisort=  0.010ms
[pe-async] round=325 R=327 dirty=       30 runs=       15 filter=  1.437ms semisort=  0.014ms
[pe-async] round=326 R=328 dirty=       12 runs=        9 filter=  1.426ms semisort=  0.012ms
[pe-async] round=327 R=329 dirty=       12 runs=        3 filter=  1.447ms semisort=  0.011ms
[pe-async] round=328 R=330 dirty=        6 runs=        3 filter=  1.413ms semisort=  0.011ms
[pe-async] round=329 R=331 dirty=       30 runs=       15 filter=  1.426ms semisort=  0.015ms
[pe-async] round=330 R=332 dirty=       12 runs=        9 filter=  1.402ms semisort=  0.012ms
[pe-async] round=331 R=333 dirty=       12 runs=        3 filter=  1.470ms semisort=  0.011ms
[pe-async] round=332 R=334 dirty=        6 runs=        3 filter=  1.403ms semisort=  0.010ms
[pe-async] round=333 R=335 dirty=       30 runs=       15 filter=  1.424ms semisort=  0.018ms
[pe-async] round=334 R=336 dirty=       12 runs=        9 filter=  1.444ms semisort=  0.012ms
[pe-async] round=335 R=337 dirty=       12 runs=        3 filter=  1.461ms semisort=  0.011ms
[pe-async] round=336 R=338 dirty=        6 runs=        3 filter=  1.421ms semisort=  0.011ms
[pe-async] round=337 R=339 dirty=       30 runs=       15 filter=  1.421ms semisort=  0.025ms
[pe-async] round=338 R=340 dirty=       12 runs=        9 filter=  1.466ms semisort=  0.011ms
[pe-async] round=339 R=341 dirty=       12 runs=        3 filter=  1.429ms semisort=  0.011ms
[pe-async] round=340 R=342 dirty=        6 runs=        3 filter=  1.411ms semisort=  0.010ms
[pe-async] round=341 R=343 dirty=       30 runs=       15 filter=  1.449ms semisort=  0.019ms
[pe-async] round=342 R=344 dirty=       12 runs=        9 filter=  1.476ms semisort=  0.016ms
[pe-async] round=343 R=345 dirty=       12 runs=        3 filter=  1.437ms semisort=  0.010ms
[pe-async] round=344 R=346 dirty=        6 runs=        3 filter=  1.420ms semisort=  0.010ms
[pe-async] round=345 R=347 dirty=       30 runs=       15 filter=  1.435ms semisort=  0.015ms
[pe-async] round=346 R=348 dirty=       12 runs=        9 filter=  1.395ms semisort=  0.012ms
[pe-async] round=347 R=349 dirty=       12 runs=        3 filter=  1.458ms semisort=  0.011ms
[pe-async] round=348 R=350 dirty=        6 runs=        3 filter=  1.458ms semisort=  0.010ms
[pe-async] round=349 R=351 dirty=       30 runs=       15 filter=  1.448ms semisort=  0.014ms
[pe-async] round=350 R=352 dirty=       12 runs=        9 filter=  1.448ms semisort=  0.011ms
[pe-async] round=351 R=353 dirty=       12 runs=        3 filter=  1.431ms semisort=  0.012ms
[pe-async] round=352 R=354 dirty=        6 runs=        3 filter=  1.448ms semisort=  0.010ms
[pe-async] round=353 R=355 dirty=       30 runs=       15 filter=  1.369ms semisort=  0.015ms
[pe-async] round=354 R=356 dirty=       12 runs=        9 filter=  1.415ms semisort=  0.013ms
[pe-async] round=355 R=357 dirty=       12 runs=        3 filter=  1.465ms semisort=  0.011ms
[pe-async] round=356 R=358 dirty=        6 runs=        3 filter=  1.375ms semisort=  0.011ms
[pe-async] round=357 R=359 dirty=       30 runs=       15 filter=  1.446ms semisort=  0.016ms
[pe-async] round=358 R=360 dirty=       12 runs=        9 filter=  1.419ms semisort=  0.011ms
[pe-async] round=359 R=361 dirty=       12 runs=        3 filter=  1.452ms semisort=  0.010ms
[pe-async] round=360 R=362 dirty=        6 runs=        3 filter=  1.464ms semisort=  0.009ms
[pe-async] round=361 R=363 dirty=       30 runs=       15 filter=  1.400ms semisort=  0.024ms
[pe-async] round=362 R=364 dirty=       12 runs=        9 filter=  1.417ms semisort=  0.011ms
[pe-async] round=363 R=365 dirty=       12 runs=        3 filter=  1.458ms semisort=  0.011ms
[pe-async] round=364 R=366 dirty=        6 runs=        3 filter=  1.446ms semisort=  0.010ms
[pe-async] round=365 R=367 dirty=       30 runs=       15 filter=  1.483ms semisort=  0.018ms
[pe-async] round=366 R=368 dirty=       12 runs=        9 filter=  1.433ms semisort=  0.017ms
[pe-async] round=367 R=369 dirty=       12 runs=        3 filter=  1.413ms semisort=  0.011ms
[pe-async] round=368 R=370 dirty=        6 runs=        3 filter=  1.436ms semisort=  0.010ms
[pe-async] round=369 R=371 dirty=       30 runs=       15 filter=  1.474ms semisort=  0.015ms
[pe-async] round=370 R=372 dirty=       12 runs=        9 filter=  1.423ms semisort=  0.012ms
[pe-async] round=371 R=373 dirty=       12 runs=        3 filter=  1.435ms semisort=  0.010ms
[pe-async] round=372 R=374 dirty=        6 runs=        3 filter=  1.432ms semisort=  0.009ms
[pe-async] round=373 R=375 dirty=       30 runs=       15 filter=  1.454ms semisort=  0.015ms
[pe-async] round=374 R=376 dirty=       12 runs=        9 filter=  1.413ms semisort=  0.013ms
[pe-async] round=375 R=377 dirty=       12 runs=        3 filter=  1.425ms semisort=  0.011ms
[pe-async] round=376 R=378 dirty=        6 runs=        3 filter=  1.428ms semisort=  0.010ms
[pe-async] round=377 R=379 dirty=       30 runs=       15 filter=  1.442ms semisort=  0.017ms
[pe-async] round=378 R=380 dirty=       12 runs=        9 filter=  1.452ms semisort=  0.012ms
[pe-async] round=379 R=381 dirty=       12 runs=        3 filter=  1.415ms semisort=  0.011ms
[pe-async] round=380 R=382 dirty=        6 runs=        3 filter=  1.459ms semisort=  0.009ms
[pe-async] round=381 R=383 dirty=       30 runs=       15 filter=  1.423ms semisort=  0.014ms
[pe-async] round=382 R=384 dirty=       12 runs=        9 filter=  1.429ms semisort=  0.012ms
[pe-async] round=383 R=385 dirty=       12 runs=        3 filter=  1.489ms semisort=  0.011ms
[pe-async] round=384 R=386 dirty=        6 runs=        3 filter=  1.437ms semisort=  0.011ms
[pe-async] round=385 R=387 dirty=       30 runs=       15 filter=  1.416ms semisort=  0.014ms
[pe-async] round=386 R=388 dirty=       12 runs=        9 filter=  1.460ms semisort=  0.012ms
[pe-async] round=387 R=389 dirty=       12 runs=        3 filter=  1.445ms semisort=  0.010ms
[pe-async] round=388 R=390 dirty=        6 runs=        3 filter=  1.439ms semisort=  0.010ms
[pe-async] round=389 R=391 dirty=       30 runs=       15 filter=  1.407ms semisort=  0.014ms
[pe-async] round=390 R=392 dirty=       12 runs=        9 filter=  1.420ms semisort=  0.012ms
[pe-async] round=391 R=393 dirty=       12 runs=        3 filter=  1.476ms semisort=  0.011ms
[pe-async] round=392 R=394 dirty=        6 runs=        3 filter=  1.416ms semisort=  0.010ms
[pe-async] round=393 R=395 dirty=       30 runs=       15 filter=  1.406ms semisort=  0.015ms
[pe-async] round=394 R=396 dirty=       12 runs=        9 filter=  1.439ms semisort=  0.020ms
[pe-async] round=395 R=397 dirty=       12 runs=        3 filter=  1.390ms semisort=  0.011ms
[pe-async] round=396 R=398 dirty=        6 runs=        3 filter=  1.429ms semisort=  0.010ms
[pe-async] round=397 R=399 dirty=       30 runs=       15 filter=  1.570ms semisort=  0.015ms
[pe-async] round=398 R=400 dirty=       12 runs=        9 filter=  1.431ms semisort=  0.013ms
[pe-async] round=399 R=401 dirty=       12 runs=        3 filter=  1.409ms semisort=  0.011ms
[pe-async] round=400 R=402 dirty=        6 runs=        3 filter=  1.422ms semisort=  0.011ms
[pe-async] round=401 R=403 dirty=       30 runs=       15 filter=  1.423ms semisort=  0.014ms
[pe-async] round=402 R=404 dirty=       12 runs=        9 filter=  1.399ms semisort=  0.012ms
[pe-async] round=403 R=405 dirty=       12 runs=        3 filter=  1.457ms semisort=  0.011ms
[pe-async] round=404 R=406 dirty=        6 runs=        3 filter=  1.417ms semisort=  0.018ms
[pe-async] round=405 R=407 dirty=       30 runs=       15 filter=  1.392ms semisort=  0.015ms
[pe-async] round=406 R=408 dirty=       12 runs=        9 filter=  1.456ms semisort=  0.012ms
[pe-async] round=407 R=409 dirty=       12 runs=        3 filter=  1.458ms semisort=  0.011ms
[pe-async] round=408 R=410 dirty=        6 runs=        3 filter=  1.417ms semisort=  0.012ms
[pe-async] round=409 R=411 dirty=       30 runs=       15 filter=  1.407ms semisort=  0.015ms
[pe-async] round=410 R=412 dirty=       12 runs=        9 filter=  1.451ms semisort=  0.011ms
[pe-async] round=411 R=413 dirty=       12 runs=        3 filter=  1.447ms semisort=  0.011ms
[pe-async] round=412 R=414 dirty=        6 runs=        3 filter=  1.434ms semisort=  0.010ms
[pe-async] round=413 R=415 dirty=       30 runs=       15 filter=  1.414ms semisort=  0.015ms
[pe-async] round=414 R=416 dirty=       12 runs=        9 filter=  1.453ms semisort=  0.022ms
[pe-async] round=415 R=417 dirty=       12 runs=        3 filter=  1.468ms semisort=  0.010ms
[pe-async] round=416 R=418 dirty=        6 runs=        3 filter=  1.382ms semisort=  0.010ms
[pe-async] round=417 R=419 dirty=       30 runs=       15 filter=  1.447ms semisort=  0.015ms
[pe-async] round=418 R=420 dirty=       12 runs=        9 filter=  1.439ms semisort=  0.012ms
[pe-async] round=419 R=421 dirty=       12 runs=        3 filter=  1.433ms semisort=  0.010ms
[pe-async] round=420 R=422 dirty=        6 runs=        3 filter=  1.439ms semisort=  0.011ms
[pe-async] round=421 R=423 dirty=       30 runs=       15 filter=  1.440ms semisort=  0.015ms
[pe-async] round=422 R=424 dirty=       12 runs=        9 filter=  1.454ms semisort=  0.012ms
[pe-async] round=423 R=425 dirty=       12 runs=        3 filter=  1.417ms semisort=  0.011ms
[pe-async] round=424 R=426 dirty=        6 runs=        3 filter=  1.432ms semisort=  0.011ms
[pe-async] round=425 R=427 dirty=       30 runs=       15 filter=  1.449ms semisort=  0.014ms
[pe-async] round=426 R=428 dirty=       12 runs=        9 filter=  1.472ms semisort=  0.011ms
[pe-async] round=427 R=429 dirty=       12 runs=        3 filter=  1.454ms semisort=  0.011ms
[pe-async] round=428 R=430 dirty=        6 runs=        3 filter=  1.482ms semisort=  0.010ms
[pe-async] round=429 R=431 dirty=       31 runs=       21 filter=  1.491ms semisort=  0.021ms
[pe-async] round=430 R=432 dirty=        6 runs=        4 filter=  1.454ms semisort=  0.009ms
[pe-async] round=431 R=433 dirty=        0 filter=  1.443ms (clean break)
[pe-async] round=  0 R=2 dirty=  5950187 runs=  3886042 filter=  1.734ms semisort= 10.795ms
[pe-async] round=  1 R=3 dirty=   263635 runs=   150760 filter=  2.052ms semisort=  0.991ms
[pe-async] round=  2 R=4 dirty=    86522 runs=    58570 filter=  1.740ms semisort=  3.378ms
[pe-async] round=  3 R=5 dirty=    36944 runs=    18788 filter=  1.644ms semisort=  1.258ms
[pe-async] round=  4 R=6 dirty=    15663 runs=     8740 filter=  1.526ms semisort=  0.595ms
[pe-async] round=  5 R=7 dirty=    13473 runs=     5947 filter=  1.519ms semisort=  0.553ms
[pe-async] round=  6 R=8 dirty=    13658 runs=     7108 filter=  1.513ms semisort=  0.569ms
[pe-async] round=  7 R=9 dirty=    13105 runs=     6254 filter=  1.468ms semisort=  0.539ms
[pe-async] round=  8 R=10 dirty=    14856 runs=     7592 filter=  1.448ms semisort=  0.599ms
[pe-async] round=  9 R=11 dirty=     5459 runs=     2882 filter=  1.428ms semisort=  0.288ms
[pe-async] round= 10 R=12 dirty=     9090 runs=     3416 filter=  1.405ms semisort=  0.410ms
[pe-async] round= 11 R=13 dirty=     4971 runs=     2079 filter=  1.484ms semisort=  0.278ms
[pe-async] round= 12 R=14 dirty=     4266 runs=     2352 filter=  1.434ms semisort=  0.283ms
[pe-async] round= 13 R=15 dirty=     1778 runs=     1264 filter=  1.448ms semisort=  0.140ms
[pe-async] round= 14 R=16 dirty=      268 runs=      116 filter=  1.436ms semisort=  0.073ms
[pe-async] round= 15 R=17 dirty=      116 runs=       38 filter=  1.387ms semisort=  0.059ms
[pe-async] round= 16 R=18 dirty=      182 runs=       91 filter=  1.432ms semisort=  0.068ms
[pe-async] round= 17 R=19 dirty=      122 runs=       51 filter=  1.448ms semisort=  0.054ms
[pe-async] round= 18 R=20 dirty=       80 runs=       31 filter=  1.430ms semisort=  0.046ms
[pe-async] round= 19 R=21 dirty=       76 runs=       25 filter=  1.432ms semisort=  0.057ms
[pe-async] round= 20 R=22 dirty=      138 runs=       75 filter=  1.416ms semisort=  0.064ms
[pe-async] round= 21 R=23 dirty=      102 runs=       43 filter=  1.400ms semisort=  0.051ms
[pe-async] round= 22 R=24 dirty=       76 runs=       29 filter=  1.423ms semisort=  0.036ms
[pe-async] round= 23 R=25 dirty=       68 runs=       23 filter=  1.434ms semisort=  0.037ms
[pe-async] round= 24 R=26 dirty=      134 runs=       71 filter=  1.409ms semisort=  0.041ms
[pe-async] round= 25 R=27 dirty=      102 runs=       43 filter=  1.408ms semisort=  0.054ms
[pe-async] round= 26 R=28 dirty=       76 runs=       29 filter=  1.412ms semisort=  0.037ms
[pe-async] round= 27 R=29 dirty=       68 runs=       23 filter=  1.450ms semisort=  0.046ms
[pe-async] round= 28 R=30 dirty=      134 runs=       71 filter=  1.396ms semisort=  0.071ms
[pe-async] round= 29 R=31 dirty=      102 runs=       43 filter=  1.438ms semisort=  0.055ms
[pe-async] round= 30 R=32 dirty=       76 runs=       29 filter=  1.413ms semisort=  0.053ms
[pe-async] round= 31 R=33 dirty=       68 runs=       23 filter=  1.382ms semisort=  0.036ms
[pe-async] round= 32 R=34 dirty=      134 runs=       71 filter=  1.396ms semisort=  0.054ms
[pe-async] round= 33 R=35 dirty=      102 runs=       43 filter=  1.407ms semisort=  0.060ms
[pe-async] round= 34 R=36 dirty=       76 runs=       29 filter=  1.440ms semisort=  0.046ms
[pe-async] round= 35 R=37 dirty=       68 runs=       23 filter=  1.397ms semisort=  0.038ms
[pe-async] round= 36 R=38 dirty=      134 runs=       71 filter=  1.432ms semisort=  0.058ms
[pe-async] round= 37 R=39 dirty=      102 runs=       43 filter=  1.416ms semisort=  0.052ms
[pe-async] round= 38 R=40 dirty=       76 runs=       29 filter=  1.402ms semisort=  0.048ms
[pe-async] round= 39 R=41 dirty=       68 runs=       23 filter=  1.443ms semisort=  0.043ms
[pe-async] round= 40 R=42 dirty=      134 runs=       71 filter=  1.421ms semisort=  0.054ms
[pe-async] round= 41 R=43 dirty=      102 runs=       43 filter=  1.443ms semisort=  0.049ms
[pe-async] round= 42 R=44 dirty=       76 runs=       29 filter=  1.407ms semisort=  0.035ms
[pe-async] round= 43 R=45 dirty=       68 runs=       23 filter=  1.414ms semisort=  0.049ms
[pe-async] round= 44 R=46 dirty=      134 runs=       71 filter=  1.423ms semisort=  0.056ms
[pe-async] round= 45 R=47 dirty=      102 runs=       43 filter=  1.427ms semisort=  0.058ms
[pe-async] round= 46 R=48 dirty=       76 runs=       29 filter=  1.377ms semisort=  0.047ms
[pe-async] round= 47 R=49 dirty=       68 runs=       23 filter=  1.436ms semisort=  0.049ms
[pe-async] round= 48 R=50 dirty=       22 runs=       11 filter=  1.415ms semisort=  0.016ms
[pe-async] round= 49 R=51 dirty=       62 runs=       23 filter=  1.424ms semisort=  0.032ms
[pe-async] round= 50 R=52 dirty=       28 runs=       17 filter=  1.425ms semisort=  0.018ms
[pe-async] round= 51 R=53 dirty=       44 runs=       11 filter=  1.436ms semisort=  0.039ms
[pe-async] round= 52 R=54 dirty=       22 runs=       11 filter=  1.408ms semisort=  0.017ms
[pe-async] round= 53 R=55 dirty=       62 runs=       23 filter=  1.438ms semisort=  0.032ms
[pe-async] round= 54 R=56 dirty=       28 runs=       17 filter=  1.391ms semisort=  0.036ms
[pe-async] round= 55 R=57 dirty=       44 runs=       11 filter=  1.440ms semisort=  0.035ms
[pe-async] round= 56 R=58 dirty=       22 runs=       11 filter=  1.490ms semisort=  0.037ms
[pe-async] round= 57 R=59 dirty=       62 runs=       23 filter=  1.456ms semisort=  0.034ms
[pe-async] round= 58 R=60 dirty=       28 runs=       17 filter=  1.374ms semisort=  0.018ms
[pe-async] round= 59 R=61 dirty=       44 runs=       11 filter=  1.434ms semisort=  0.027ms
[pe-async] round= 60 R=62 dirty=       22 runs=       11 filter=  1.434ms semisort=  0.017ms
[pe-async] round= 61 R=63 dirty=       62 runs=       23 filter=  1.432ms semisort=  0.034ms
[pe-async] round= 62 R=64 dirty=       28 runs=       17 filter=  1.421ms semisort=  0.018ms
[pe-async] round= 63 R=65 dirty=       44 runs=       11 filter=  1.471ms semisort=  0.048ms
[pe-async] round= 64 R=66 dirty=       22 runs=       11 filter=  1.415ms semisort=  0.017ms
[pe-async] round= 65 R=67 dirty=       62 runs=       23 filter=  1.415ms semisort=  0.051ms
[pe-async] round= 66 R=68 dirty=       28 runs=       17 filter=  1.556ms semisort=  0.029ms
[pe-async] round= 67 R=69 dirty=       44 runs=       11 filter=  1.423ms semisort=  0.035ms
[pe-async] round= 68 R=70 dirty=       22 runs=       11 filter=  1.415ms semisort=  0.016ms
[pe-async] round= 69 R=71 dirty=       62 runs=       23 filter=  1.423ms semisort=  0.044ms
[pe-async] round= 70 R=72 dirty=       28 runs=       17 filter=  1.418ms semisort=  0.030ms
[pe-async] round= 71 R=73 dirty=       44 runs=       11 filter=  1.465ms semisort=  0.041ms
[pe-async] round= 72 R=74 dirty=       22 runs=       11 filter=  1.419ms semisort=  0.016ms
[pe-async] round= 73 R=75 dirty=       62 runs=       23 filter=  1.453ms semisort=  0.043ms
[pe-async] round= 74 R=76 dirty=       28 runs=       17 filter=  1.408ms semisort=  0.032ms
[pe-async] round= 75 R=77 dirty=       44 runs=       11 filter=  1.411ms semisort=  0.025ms
[pe-async] round= 76 R=78 dirty=       22 runs=       11 filter=  1.390ms semisort=  0.017ms
[pe-async] round= 77 R=79 dirty=       62 runs=       23 filter=  1.471ms semisort=  0.062ms
[pe-async] round= 78 R=80 dirty=       28 runs=       17 filter=  1.394ms semisort=  0.020ms
[pe-async] round= 79 R=81 dirty=       44 runs=       11 filter=  1.399ms semisort=  0.045ms
[pe-async] round= 80 R=82 dirty=       22 runs=       11 filter=  1.466ms semisort=  0.017ms
[pe-async] round= 81 R=83 dirty=       62 runs=       23 filter=  1.456ms semisort=  0.026ms
[pe-async] round= 82 R=84 dirty=       28 runs=       17 filter=  1.402ms semisort=  0.017ms
[pe-async] round= 83 R=85 dirty=       44 runs=       11 filter=  1.382ms semisort=  0.029ms
[pe-async] round= 84 R=86 dirty=       22 runs=       11 filter=  1.447ms semisort=  0.017ms
[pe-async] round= 85 R=87 dirty=       62 runs=       23 filter=  1.485ms semisort=  0.048ms
[pe-async] round= 86 R=88 dirty=       28 runs=       17 filter=  1.419ms semisort=  0.018ms
[pe-async] round= 87 R=89 dirty=       44 runs=       11 filter=  1.418ms semisort=  0.028ms
[pe-async] round= 88 R=90 dirty=       22 runs=       11 filter=  1.428ms semisort=  0.017ms
[pe-async] round= 89 R=91 dirty=       62 runs=       23 filter=  1.435ms semisort=  0.041ms
[pe-async] round= 90 R=92 dirty=       28 runs=       17 filter=  1.404ms semisort=  0.018ms
[pe-async] round= 91 R=93 dirty=       44 runs=       11 filter=  1.445ms semisort=  0.059ms
[pe-async] round= 92 R=94 dirty=       22 runs=       11 filter=  1.450ms semisort=  0.016ms
[pe-async] round= 93 R=95 dirty=       62 runs=       23 filter=  1.550ms semisort=  0.051ms
[pe-async] round= 94 R=96 dirty=       28 runs=       17 filter=  1.418ms semisort=  0.020ms
[pe-async] round= 95 R=97 dirty=       44 runs=       11 filter=  1.436ms semisort=  0.061ms
[pe-async] round= 96 R=98 dirty=       22 runs=       11 filter=  1.407ms semisort=  0.022ms
[pe-async] round= 97 R=99 dirty=       62 runs=       23 filter=  1.412ms semisort=  0.049ms
[pe-async] round= 98 R=100 dirty=       28 runs=       17 filter=  1.401ms semisort=  0.019ms
[pe-async] round= 99 R=101 dirty=       44 runs=       11 filter=  1.419ms semisort=  0.053ms
[pe-async] round=100 R=102 dirty=       22 runs=       11 filter=  1.387ms semisort=  0.016ms
[pe-async] round=101 R=103 dirty=       62 runs=       23 filter=  1.462ms semisort=  0.040ms
[pe-async] round=102 R=104 dirty=       28 runs=       17 filter=  1.431ms semisort=  0.017ms
[pe-async] round=103 R=105 dirty=       44 runs=       11 filter=  1.450ms semisort=  0.043ms
[pe-async] round=104 R=106 dirty=       22 runs=       11 filter=  1.420ms semisort=  0.026ms
[pe-async] round=105 R=107 dirty=       62 runs=       23 filter=  1.453ms semisort=  0.037ms
[pe-async] round=106 R=108 dirty=       28 runs=       17 filter=  1.426ms semisort=  0.018ms
[pe-async] round=107 R=109 dirty=       44 runs=       11 filter=  1.480ms semisort=  0.035ms
[pe-async] round=108 R=110 dirty=       22 runs=       11 filter=  1.438ms semisort=  0.017ms
[pe-async] round=109 R=111 dirty=       62 runs=       23 filter=  1.446ms semisort=  0.054ms
[pe-async] round=110 R=112 dirty=       28 runs=       17 filter=  1.429ms semisort=  0.017ms
[pe-async] round=111 R=113 dirty=       44 runs=       11 filter=  1.427ms semisort=  0.038ms
[pe-async] round=112 R=114 dirty=       22 runs=       11 filter=  1.418ms semisort=  0.018ms
[pe-async] round=113 R=115 dirty=       62 runs=       23 filter=  1.413ms semisort=  0.039ms
[pe-async] round=114 R=116 dirty=       28 runs=       17 filter=  1.445ms semisort=  0.028ms
[pe-async] round=115 R=117 dirty=       44 runs=       11 filter=  1.424ms semisort=  0.025ms
[pe-async] round=116 R=118 dirty=       22 runs=       11 filter=  1.412ms semisort=  0.017ms
[pe-async] round=117 R=119 dirty=       62 runs=       23 filter=  1.514ms semisort=  0.028ms
[pe-async] round=118 R=120 dirty=       28 runs=       17 filter=  1.408ms semisort=  0.037ms
[pe-async] round=119 R=121 dirty=       44 runs=       11 filter=  1.453ms semisort=  0.043ms
[pe-async] round=120 R=122 dirty=       22 runs=       11 filter=  1.420ms semisort=  0.038ms
[pe-async] round=121 R=123 dirty=       62 runs=       23 filter=  1.465ms semisort=  0.030ms
[pe-async] round=122 R=124 dirty=       28 runs=       17 filter=  1.448ms semisort=  0.044ms
[pe-async] round=123 R=125 dirty=       44 runs=       11 filter=  1.470ms semisort=  0.064ms
[pe-async] round=124 R=126 dirty=       22 runs=       11 filter=  1.444ms semisort=  0.017ms
[pe-async] round=125 R=127 dirty=       62 runs=       23 filter=  1.402ms semisort=  0.032ms
[pe-async] round=126 R=128 dirty=       28 runs=       17 filter=  1.431ms semisort=  0.025ms
[pe-async] round=127 R=129 dirty=       44 runs=       11 filter=  1.427ms semisort=  0.055ms
[pe-async] round=128 R=130 dirty=       22 runs=       11 filter=  1.428ms semisort=  0.031ms
[pe-async] round=129 R=131 dirty=       62 runs=       23 filter=  1.373ms semisort=  0.035ms
[pe-async] round=130 R=132 dirty=       28 runs=       17 filter=  1.409ms semisort=  0.022ms
[pe-async] round=131 R=133 dirty=       44 runs=       11 filter=  1.451ms semisort=  0.043ms
[pe-async] round=132 R=134 dirty=       22 runs=       11 filter=  1.411ms semisort=  0.016ms
[pe-async] round=133 R=135 dirty=       62 runs=       23 filter=  1.403ms semisort=  0.041ms
[pe-async] round=134 R=136 dirty=       28 runs=       17 filter=  1.433ms semisort=  0.019ms
[pe-async] round=135 R=137 dirty=       44 runs=       11 filter=  1.402ms semisort=  0.030ms
[pe-async] round=136 R=138 dirty=       22 runs=       11 filter=  1.462ms semisort=  0.016ms
[pe-async] round=137 R=139 dirty=       62 runs=       23 filter=  1.447ms semisort=  0.037ms
[pe-async] round=138 R=140 dirty=       28 runs=       17 filter=  1.427ms semisort=  0.030ms
[pe-async] round=139 R=141 dirty=       44 runs=       11 filter=  1.446ms semisort=  0.046ms
[pe-async] round=140 R=142 dirty=       22 runs=       11 filter=  1.413ms semisort=  0.017ms
[pe-async] round=141 R=143 dirty=       62 runs=       23 filter=  1.472ms semisort=  0.048ms
[pe-async] round=142 R=144 dirty=       28 runs=       17 filter=  1.425ms semisort=  0.021ms
[pe-async] round=143 R=145 dirty=       44 runs=       11 filter=  1.420ms semisort=  0.038ms
[pe-async] round=144 R=146 dirty=       22 runs=       11 filter=  1.416ms semisort=  0.017ms
[pe-async] round=145 R=147 dirty=       62 runs=       23 filter=  1.439ms semisort=  0.030ms
[pe-async] round=146 R=148 dirty=       28 runs=       17 filter=  1.425ms semisort=  0.017ms
[pe-async] round=147 R=149 dirty=       44 runs=       11 filter=  1.455ms semisort=  0.041ms
[pe-async] round=148 R=150 dirty=       22 runs=       11 filter=  1.421ms semisort=  0.017ms
[pe-async] round=149 R=151 dirty=       62 runs=       23 filter=  1.415ms semisort=  0.031ms
[pe-async] round=150 R=152 dirty=       28 runs=       17 filter=  1.423ms semisort=  0.024ms
[pe-async] round=151 R=153 dirty=       44 runs=       11 filter=  1.445ms semisort=  0.030ms
[pe-async] round=152 R=154 dirty=       22 runs=       11 filter=  1.448ms semisort=  0.023ms
[pe-async] round=153 R=155 dirty=       62 runs=       23 filter=  1.442ms semisort=  0.046ms
[pe-async] round=154 R=156 dirty=       28 runs=       17 filter=  1.459ms semisort=  0.017ms
[pe-async] round=155 R=157 dirty=       44 runs=       11 filter=  1.425ms semisort=  0.034ms
[pe-async] round=156 R=158 dirty=       22 runs=       11 filter=  1.419ms semisort=  0.017ms
[pe-async] round=157 R=159 dirty=       62 runs=       23 filter=  1.434ms semisort=  0.032ms
[pe-async] round=158 R=160 dirty=       28 runs=       17 filter=  1.426ms semisort=  0.017ms
[pe-async] round=159 R=161 dirty=       44 runs=       11 filter=  1.430ms semisort=  0.047ms
[pe-async] round=160 R=162 dirty=       22 runs=       11 filter=  1.420ms semisort=  0.016ms
[pe-async] round=161 R=163 dirty=       62 runs=       23 filter=  1.452ms semisort=  0.039ms
[pe-async] round=162 R=164 dirty=       28 runs=       17 filter=  1.426ms semisort=  0.018ms
[pe-async] round=163 R=165 dirty=       44 runs=       11 filter=  1.417ms semisort=  0.027ms
[pe-async] round=164 R=166 dirty=       22 runs=       11 filter=  1.424ms semisort=  0.019ms
[pe-async] round=165 R=167 dirty=       62 runs=       23 filter=  1.434ms semisort=  0.030ms
[pe-async] round=166 R=168 dirty=       28 runs=       17 filter=  1.422ms semisort=  0.017ms
[pe-async] round=167 R=169 dirty=       44 runs=       11 filter=  1.408ms semisort=  0.032ms
[pe-async] round=168 R=170 dirty=       22 runs=       11 filter=  1.437ms semisort=  0.017ms
[pe-async] round=169 R=171 dirty=       62 runs=       23 filter=  1.482ms semisort=  0.029ms
[pe-async] round=170 R=172 dirty=       28 runs=       17 filter=  1.461ms semisort=  0.025ms
[pe-async] round=171 R=173 dirty=       44 runs=       11 filter=  1.435ms semisort=  0.034ms
[pe-async] round=172 R=174 dirty=       22 runs=       11 filter=  1.436ms semisort=  0.016ms
[pe-async] round=173 R=175 dirty=       62 runs=       23 filter=  1.446ms semisort=  0.043ms
[pe-async] round=174 R=176 dirty=       28 runs=       17 filter=  1.397ms semisort=  0.024ms
[pe-async] round=175 R=177 dirty=       44 runs=       11 filter=  1.421ms semisort=  0.037ms
[pe-async] round=176 R=178 dirty=       22 runs=       11 filter=  1.445ms semisort=  0.015ms
[pe-async] round=177 R=179 dirty=       62 runs=       23 filter=  1.444ms semisort=  0.041ms
[pe-async] round=178 R=180 dirty=       28 runs=       17 filter=  1.479ms semisort=  0.017ms
[pe-async] round=179 R=181 dirty=       44 runs=       11 filter=  1.446ms semisort=  0.052ms
[pe-async] round=180 R=182 dirty=       22 runs=       11 filter=  1.395ms semisort=  0.016ms
[pe-async] round=181 R=183 dirty=       62 runs=       23 filter=  1.429ms semisort=  0.030ms
[pe-async] round=182 R=184 dirty=       28 runs=       17 filter=  1.468ms semisort=  0.022ms
[pe-async] round=183 R=185 dirty=       44 runs=       11 filter=  1.420ms semisort=  0.033ms
[pe-async] round=184 R=186 dirty=       22 runs=       11 filter=  1.446ms semisort=  0.016ms
[pe-async] round=185 R=187 dirty=       62 runs=       23 filter=  1.408ms semisort=  0.040ms
[pe-async] round=186 R=188 dirty=       28 runs=       17 filter=  1.432ms semisort=  0.031ms
[pe-async] round=187 R=189 dirty=       44 runs=       11 filter=  1.411ms semisort=  0.029ms
[pe-async] round=188 R=190 dirty=       22 runs=       11 filter=  1.442ms semisort=  0.045ms
[pe-async] round=189 R=191 dirty=       62 runs=       23 filter=  1.473ms semisort=  0.032ms
[pe-async] round=190 R=192 dirty=       28 runs=       17 filter=  1.449ms semisort=  0.022ms
[pe-async] round=191 R=193 dirty=       44 runs=       11 filter=  1.405ms semisort=  0.030ms
[pe-async] round=192 R=194 dirty=       22 runs=       11 filter=  1.432ms semisort=  0.016ms
[pe-async] round=193 R=195 dirty=       62 runs=       23 filter=  1.412ms semisort=  0.032ms
[pe-async] round=194 R=196 dirty=       28 runs=       17 filter=  1.468ms semisort=  0.022ms
[pe-async] round=195 R=197 dirty=       44 runs=       11 filter=  1.393ms semisort=  0.029ms
[pe-async] round=196 R=198 dirty=       22 runs=       11 filter=  1.419ms semisort=  0.016ms
[pe-async] round=197 R=199 dirty=       62 runs=       23 filter=  1.482ms semisort=  0.039ms
[pe-async] round=198 R=200 dirty=       28 runs=       17 filter=  1.428ms semisort=  0.018ms
[pe-async] round=199 R=201 dirty=       44 runs=       11 filter=  1.462ms semisort=  0.030ms
[pe-async] round=200 R=202 dirty=       22 runs=       11 filter=  1.447ms semisort=  0.017ms
[pe-async] round=201 R=203 dirty=       62 runs=       23 filter=  1.467ms semisort=  0.034ms
[pe-async] round=202 R=204 dirty=       28 runs=       17 filter=  1.394ms semisort=  0.040ms
[pe-async] round=203 R=205 dirty=       44 runs=       11 filter=  1.441ms semisort=  0.029ms
[pe-async] round=204 R=206 dirty=       22 runs=       11 filter=  1.434ms semisort=  0.018ms
[pe-async] round=205 R=207 dirty=       62 runs=       23 filter=  1.420ms semisort=  0.026ms
[pe-async] round=206 R=208 dirty=       28 runs=       17 filter=  1.435ms semisort=  0.018ms
[pe-async] round=207 R=209 dirty=       44 runs=       11 filter=  1.425ms semisort=  0.052ms
[pe-async] round=208 R=210 dirty=       22 runs=       11 filter=  1.423ms semisort=  0.016ms
[pe-async] round=209 R=211 dirty=       70 runs=       31 filter=  1.416ms semisort=  0.051ms
[pe-async] round=210 R=212 dirty=       28 runs=       21 filter=  1.429ms semisort=  0.017ms
[pe-async] round=211 R=213 dirty=       28 runs=        7 filter=  1.427ms semisort=  0.015ms
[pe-async] round=212 R=214 dirty=       14 runs=        7 filter=  1.405ms semisort=  0.014ms
[pe-async] round=213 R=215 dirty=       46 runs=       19 filter=  1.445ms semisort=  0.033ms
[pe-async] round=214 R=216 dirty=       20 runs=       13 filter=  1.442ms semisort=  0.035ms
[pe-async] round=215 R=217 dirty=       28 runs=        7 filter=  1.428ms semisort=  0.015ms
[pe-async] round=216 R=218 dirty=       14 runs=        7 filter=  1.433ms semisort=  0.014ms
[pe-async] round=217 R=219 dirty=       46 runs=       19 filter=  1.434ms semisort=  0.029ms
[pe-async] round=218 R=220 dirty=       20 runs=       13 filter=  1.387ms semisort=  0.015ms
[pe-async] round=219 R=221 dirty=       28 runs=        7 filter=  1.416ms semisort=  0.015ms
[pe-async] round=220 R=222 dirty=       14 runs=        7 filter=  1.477ms semisort=  0.014ms
[pe-async] round=221 R=223 dirty=       46 runs=       19 filter=  1.448ms semisort=  0.040ms
[pe-async] round=222 R=224 dirty=       20 runs=       13 filter=  1.440ms semisort=  0.016ms
[pe-async] round=223 R=225 dirty=       28 runs=        7 filter=  1.439ms semisort=  0.015ms
[pe-async] round=224 R=226 dirty=       14 runs=        7 filter=  1.407ms semisort=  0.014ms
[pe-async] round=225 R=227 dirty=       46 runs=       19 filter=  1.454ms semisort=  0.030ms
[pe-async] round=226 R=228 dirty=       20 runs=       13 filter=  1.375ms semisort=  0.039ms
[pe-async] round=227 R=229 dirty=       28 runs=        7 filter=  1.442ms semisort=  0.021ms
[pe-async] round=228 R=230 dirty=       14 runs=        7 filter=  1.429ms semisort=  0.014ms
[pe-async] round=229 R=231 dirty=       46 runs=       19 filter=  1.411ms semisort=  0.032ms
[pe-async] round=230 R=232 dirty=       20 runs=       13 filter=  1.420ms semisort=  0.015ms
[pe-async] round=231 R=233 dirty=       28 runs=        7 filter=  1.417ms semisort=  0.015ms
[pe-async] round=232 R=234 dirty=       14 runs=        7 filter=  1.385ms semisort=  0.014ms
[pe-async] round=233 R=235 dirty=       46 runs=       19 filter=  1.414ms semisort=  0.028ms
[pe-async] round=234 R=236 dirty=       20 runs=       13 filter=  1.457ms semisort=  0.016ms
[pe-async] round=235 R=237 dirty=       28 runs=        7 filter=  1.437ms semisort=  0.014ms
[pe-async] round=236 R=238 dirty=       14 runs=        7 filter=  1.435ms semisort=  0.014ms
[pe-async] round=237 R=239 dirty=       46 runs=       19 filter=  1.447ms semisort=  0.032ms
[pe-async] round=238 R=240 dirty=       20 runs=       13 filter=  1.430ms semisort=  0.017ms
[pe-async] round=239 R=241 dirty=       28 runs=        7 filter=  1.476ms semisort=  0.015ms
[pe-async] round=240 R=242 dirty=       14 runs=        7 filter=  1.394ms semisort=  0.014ms
[pe-async] round=241 R=243 dirty=       46 runs=       19 filter=  1.439ms semisort=  0.026ms
[pe-async] round=242 R=244 dirty=       20 runs=       13 filter=  1.431ms semisort=  0.015ms
[pe-async] round=243 R=245 dirty=       28 runs=        7 filter=  1.418ms semisort=  0.015ms
[pe-async] round=244 R=246 dirty=       14 runs=        7 filter=  1.436ms semisort=  0.014ms
[pe-async] round=245 R=247 dirty=       46 runs=       19 filter=  1.491ms semisort=  0.032ms
[pe-async] round=246 R=248 dirty=       20 runs=       13 filter=  1.398ms semisort=  0.022ms
[pe-async] round=247 R=249 dirty=       28 runs=        7 filter=  1.447ms semisort=  0.015ms
[pe-async] round=248 R=250 dirty=       14 runs=        7 filter=  1.426ms semisort=  0.022ms
[pe-async] round=249 R=251 dirty=       46 runs=       19 filter=  1.418ms semisort=  0.031ms
[pe-async] round=250 R=252 dirty=       20 runs=       13 filter=  1.459ms semisort=  0.015ms
[pe-async] round=251 R=253 dirty=       28 runs=        7 filter=  1.479ms semisort=  0.015ms
[pe-async] round=252 R=254 dirty=       14 runs=        7 filter=  1.392ms semisort=  0.014ms
[pe-async] round=253 R=255 dirty=       46 runs=       19 filter=  1.434ms semisort=  0.022ms
[pe-async] round=254 R=256 dirty=       20 runs=       13 filter=  1.396ms semisort=  0.015ms
[pe-async] round=255 R=257 dirty=       28 runs=        7 filter=  1.469ms semisort=  0.024ms
[pe-async] round=256 R=258 dirty=       14 runs=        7 filter=  1.458ms semisort=  0.014ms
[pe-async] round=257 R=259 dirty=       46 runs=       19 filter=  1.432ms semisort=  0.035ms
[pe-async] round=258 R=260 dirty=       20 runs=       13 filter=  1.432ms semisort=  0.016ms
[pe-async] round=259 R=261 dirty=       28 runs=        7 filter=  1.456ms semisort=  0.032ms
[pe-async] round=260 R=262 dirty=       14 runs=        7 filter=  1.406ms semisort=  0.014ms
[pe-async] round=261 R=263 dirty=       46 runs=       19 filter=  1.440ms semisort=  0.038ms
[pe-async] round=262 R=264 dirty=       20 runs=       13 filter=  1.440ms semisort=  0.023ms
[pe-async] round=263 R=265 dirty=       28 runs=        7 filter=  1.450ms semisort=  0.015ms
[pe-async] round=264 R=266 dirty=       14 runs=        7 filter=  1.462ms semisort=  0.013ms
[pe-async] round=265 R=267 dirty=       46 runs=       19 filter=  1.471ms semisort=  0.036ms
[pe-async] round=266 R=268 dirty=       20 runs=       13 filter=  1.401ms semisort=  0.015ms
[pe-async] round=267 R=269 dirty=       28 runs=        7 filter=  1.420ms semisort=  0.015ms
[pe-async] round=268 R=270 dirty=       14 runs=        7 filter=  1.433ms semisort=  0.013ms
[pe-async] round=269 R=271 dirty=       46 runs=       19 filter=  1.419ms semisort=  0.043ms
[pe-async] round=270 R=272 dirty=       20 runs=       13 filter=  1.415ms semisort=  0.023ms
[pe-async] round=271 R=273 dirty=       28 runs=        7 filter=  1.442ms semisort=  0.015ms
[pe-async] round=272 R=274 dirty=       14 runs=        7 filter=  1.461ms semisort=  0.013ms
[pe-async] round=273 R=275 dirty=       46 runs=       19 filter=  1.461ms semisort=  0.027ms
[pe-async] round=274 R=276 dirty=       20 runs=       13 filter=  1.420ms semisort=  0.015ms
[pe-async] round=275 R=277 dirty=       28 runs=        7 filter=  1.405ms semisort=  0.025ms
[pe-async] round=276 R=278 dirty=       14 runs=        7 filter=  1.441ms semisort=  0.013ms
[pe-async] round=277 R=279 dirty=       46 runs=       19 filter=  1.435ms semisort=  0.026ms
[pe-async] round=278 R=280 dirty=       20 runs=       13 filter=  1.458ms semisort=  0.043ms
[pe-async] round=279 R=281 dirty=       28 runs=        7 filter=  1.414ms semisort=  0.029ms
[pe-async] round=280 R=282 dirty=       14 runs=        7 filter=  1.407ms semisort=  0.013ms
[pe-async] round=281 R=283 dirty=       46 runs=       19 filter=  1.476ms semisort=  0.036ms
[pe-async] round=282 R=284 dirty=       20 runs=       13 filter=  1.448ms semisort=  0.027ms
[pe-async] round=283 R=285 dirty=       28 runs=        7 filter=  1.438ms semisort=  0.026ms
[pe-async] round=284 R=286 dirty=       14 runs=        7 filter=  1.411ms semisort=  0.013ms
[pe-async] round=285 R=287 dirty=       46 runs=       19 filter=  1.406ms semisort=  0.036ms
[pe-async] round=286 R=288 dirty=       20 runs=       13 filter=  1.430ms semisort=  0.015ms
[pe-async] round=287 R=289 dirty=       28 runs=        7 filter=  1.434ms semisort=  0.014ms
[pe-async] round=288 R=290 dirty=       14 runs=        7 filter=  1.435ms semisort=  0.014ms
[pe-async] round=289 R=291 dirty=       46 runs=       19 filter=  1.429ms semisort=  0.029ms
[pe-async] round=290 R=292 dirty=       20 runs=       13 filter=  1.479ms semisort=  0.015ms
[pe-async] round=291 R=293 dirty=       28 runs=        7 filter=  1.397ms semisort=  0.015ms
[pe-async] round=292 R=294 dirty=       14 runs=        7 filter=  1.430ms semisort=  0.014ms
[pe-async] round=293 R=295 dirty=       46 runs=       19 filter=  1.423ms semisort=  0.042ms
[pe-async] round=294 R=296 dirty=       20 runs=       13 filter=  1.430ms semisort=  0.014ms
[pe-async] round=295 R=297 dirty=       28 runs=        7 filter=  1.433ms semisort=  0.015ms
[pe-async] round=296 R=298 dirty=       14 runs=        7 filter=  1.451ms semisort=  0.014ms
[pe-async] round=297 R=299 dirty=       46 runs=       19 filter=  1.420ms semisort=  0.026ms
[pe-async] round=298 R=300 dirty=       20 runs=       13 filter=  1.434ms semisort=  0.018ms
[pe-async] round=299 R=301 dirty=       28 runs=        7 filter=  1.478ms semisort=  0.015ms
[pe-async] round=300 R=302 dirty=       14 runs=        7 filter=  1.450ms semisort=  0.013ms
[pe-async] round=301 R=303 dirty=       46 runs=       19 filter=  1.421ms semisort=  0.039ms
[pe-async] round=302 R=304 dirty=       20 runs=       13 filter=  1.450ms semisort=  0.015ms
[pe-async] round=303 R=305 dirty=       28 runs=        7 filter=  1.448ms semisort=  0.024ms
[pe-async] round=304 R=306 dirty=       14 runs=        7 filter=  1.421ms semisort=  0.014ms
[pe-async] round=305 R=307 dirty=       46 runs=       19 filter=  1.479ms semisort=  0.028ms
[pe-async] round=306 R=308 dirty=       20 runs=       13 filter=  1.428ms semisort=  0.016ms
[pe-async] round=307 R=309 dirty=       28 runs=        7 filter=  1.411ms semisort=  0.015ms
[pe-async] round=308 R=310 dirty=       14 runs=        7 filter=  1.455ms semisort=  0.013ms
[pe-async] round=309 R=311 dirty=       46 runs=       19 filter=  1.519ms semisort=  0.026ms
[pe-async] round=310 R=312 dirty=       20 runs=       13 filter=  1.434ms semisort=  0.015ms
[pe-async] round=311 R=313 dirty=       28 runs=        7 filter=  1.379ms semisort=  0.015ms
[pe-async] round=312 R=314 dirty=       14 runs=        7 filter=  1.491ms semisort=  0.014ms
[pe-async] round=313 R=315 dirty=       46 runs=       19 filter=  1.471ms semisort=  0.044ms
[pe-async] round=314 R=316 dirty=       20 runs=       13 filter=  1.435ms semisort=  0.015ms
[pe-async] round=315 R=317 dirty=       28 runs=        7 filter=  1.414ms semisort=  0.031ms
[pe-async] round=316 R=318 dirty=       14 runs=        7 filter=  1.414ms semisort=  0.013ms
[pe-async] round=317 R=319 dirty=       46 runs=       19 filter=  1.421ms semisort=  0.069ms
[pe-async] round=318 R=320 dirty=       20 runs=       17 filter=  1.423ms semisort=  0.014ms
[pe-async] round=319 R=321 dirty=       12 runs=        3 filter=  1.439ms semisort=  0.012ms
[pe-async] round=320 R=322 dirty=        6 runs=        3 filter=  1.429ms semisort=  0.010ms
[pe-async] round=321 R=323 dirty=       30 runs=       15 filter=  1.449ms semisort=  0.015ms
[pe-async] round=322 R=324 dirty=       12 runs=        9 filter=  1.463ms semisort=  0.011ms
[pe-async] round=323 R=325 dirty=       12 runs=        3 filter=  1.423ms semisort=  0.011ms
[pe-async] round=324 R=326 dirty=        6 runs=        3 filter=  1.410ms semisort=  0.010ms
[pe-async] round=325 R=327 dirty=       30 runs=       15 filter=  1.370ms semisort=  0.015ms
[pe-async] round=326 R=328 dirty=       12 runs=        9 filter=  1.404ms semisort=  0.018ms
[pe-async] round=327 R=329 dirty=       12 runs=        3 filter=  1.421ms semisort=  0.011ms
[pe-async] round=328 R=330 dirty=        6 runs=        3 filter=  1.418ms semisort=  0.009ms
[pe-async] round=329 R=331 dirty=       30 runs=       15 filter=  1.441ms semisort=  0.020ms
[pe-async] round=330 R=332 dirty=       12 runs=        9 filter=  1.411ms semisort=  0.012ms
[pe-async] round=331 R=333 dirty=       12 runs=        3 filter=  1.447ms semisort=  0.010ms
[pe-async] round=332 R=334 dirty=        6 runs=        3 filter=  1.460ms semisort=  0.009ms
[pe-async] round=333 R=335 dirty=       30 runs=       15 filter=  1.407ms semisort=  0.014ms
[pe-async] round=334 R=336 dirty=       12 runs=        9 filter=  1.482ms semisort=  0.018ms
[pe-async] round=335 R=337 dirty=       12 runs=        3 filter=  1.488ms semisort=  0.011ms
[pe-async] round=336 R=338 dirty=        6 runs=        3 filter=  1.425ms semisort=  0.011ms
[pe-async] round=337 R=339 dirty=       30 runs=       15 filter=  1.442ms semisort=  0.014ms
[pe-async] round=338 R=340 dirty=       12 runs=        9 filter=  1.413ms semisort=  0.011ms
[pe-async] round=339 R=341 dirty=       12 runs=        3 filter=  1.415ms semisort=  0.011ms
[pe-async] round=340 R=342 dirty=        6 runs=        3 filter=  1.404ms semisort=  0.010ms
[pe-async] round=341 R=343 dirty=       30 runs=       15 filter=  1.441ms semisort=  0.018ms
[pe-async] round=342 R=344 dirty=       12 runs=        9 filter=  1.435ms semisort=  0.012ms
[pe-async] round=343 R=345 dirty=       12 runs=        3 filter=  1.472ms semisort=  0.011ms
[pe-async] round=344 R=346 dirty=        6 runs=        3 filter=  1.438ms semisort=  0.010ms
[pe-async] round=345 R=347 dirty=       30 runs=       15 filter=  1.443ms semisort=  0.016ms
[pe-async] round=346 R=348 dirty=       12 runs=        9 filter=  1.465ms semisort=  0.022ms
[pe-async] round=347 R=349 dirty=       12 runs=        3 filter=  1.447ms semisort=  0.011ms
[pe-async] round=348 R=350 dirty=        6 runs=        3 filter=  1.455ms semisort=  0.010ms
[pe-async] round=349 R=351 dirty=       30 runs=       15 filter=  1.483ms semisort=  0.015ms
[pe-async] round=350 R=352 dirty=       12 runs=        9 filter=  1.442ms semisort=  0.012ms
[pe-async] round=351 R=353 dirty=       12 runs=        3 filter=  1.426ms semisort=  0.012ms
[pe-async] round=352 R=354 dirty=        6 runs=        3 filter=  1.491ms semisort=  0.011ms
[pe-async] round=353 R=355 dirty=       30 runs=       15 filter=  1.439ms semisort=  0.015ms
[pe-async] round=354 R=356 dirty=       12 runs=        9 filter=  1.430ms semisort=  0.011ms
[pe-async] round=355 R=357 dirty=       12 runs=        3 filter=  1.418ms semisort=  0.011ms
[pe-async] round=356 R=358 dirty=        6 runs=        3 filter=  1.397ms semisort=  0.010ms
[pe-async] round=357 R=359 dirty=       30 runs=       15 filter=  1.419ms semisort=  0.015ms
[pe-async] round=358 R=360 dirty=       12 runs=        9 filter=  1.401ms semisort=  0.013ms
[pe-async] round=359 R=361 dirty=       12 runs=        3 filter=  1.427ms semisort=  0.011ms
[pe-async] round=360 R=362 dirty=        6 runs=        3 filter=  1.433ms semisort=  0.010ms
[pe-async] round=361 R=363 dirty=       30 runs=       15 filter=  1.492ms semisort=  0.018ms
[pe-async] round=362 R=364 dirty=       12 runs=        9 filter=  1.411ms semisort=  0.012ms
[pe-async] round=363 R=365 dirty=       12 runs=        3 filter=  1.465ms semisort=  0.011ms
[pe-async] round=364 R=366 dirty=        6 runs=        3 filter=  1.472ms semisort=  0.010ms
[pe-async] round=365 R=367 dirty=       30 runs=       15 filter=  1.397ms semisort=  0.021ms
[pe-async] round=366 R=368 dirty=       12 runs=        9 filter=  1.456ms semisort=  0.024ms
[pe-async] round=367 R=369 dirty=       12 runs=        3 filter=  1.423ms semisort=  0.012ms
[pe-async] round=368 R=370 dirty=        6 runs=        3 filter=  1.442ms semisort=  0.010ms
[pe-async] round=369 R=371 dirty=       30 runs=       15 filter=  1.452ms semisort=  0.015ms
[pe-async] round=370 R=372 dirty=       12 runs=        9 filter=  1.433ms semisort=  0.012ms
[pe-async] round=371 R=373 dirty=       12 runs=        3 filter=  1.454ms semisort=  0.011ms
[pe-async] round=372 R=374 dirty=        6 runs=        3 filter=  1.431ms semisort=  0.010ms
[pe-async] round=373 R=375 dirty=       30 runs=       15 filter=  1.420ms semisort=  0.014ms
[pe-async] round=374 R=376 dirty=       12 runs=        9 filter=  1.431ms semisort=  0.012ms
[pe-async] round=375 R=377 dirty=       12 runs=        3 filter=  1.434ms semisort=  0.011ms
[pe-async] round=376 R=378 dirty=        6 runs=        3 filter=  1.452ms semisort=  0.011ms
[pe-async] round=377 R=379 dirty=       30 runs=       15 filter=  1.448ms semisort=  0.014ms
[pe-async] round=378 R=380 dirty=       12 runs=        9 filter=  1.438ms semisort=  0.011ms
[pe-async] round=379 R=381 dirty=       12 runs=        3 filter=  1.477ms semisort=  0.011ms
[pe-async] round=380 R=382 dirty=        6 runs=        3 filter=  1.449ms semisort=  0.010ms
[pe-async] round=381 R=383 dirty=       30 runs=       15 filter=  1.460ms semisort=  0.015ms
[pe-async] round=382 R=384 dirty=       12 runs=        9 filter=  1.407ms semisort=  0.013ms
[pe-async] round=383 R=385 dirty=       12 runs=        3 filter=  1.444ms semisort=  0.011ms
[pe-async] round=384 R=386 dirty=        6 runs=        3 filter=  1.422ms semisort=  0.012ms
[pe-async] round=385 R=387 dirty=       30 runs=       15 filter=  1.405ms semisort=  0.019ms
[pe-async] round=386 R=388 dirty=       12 runs=        9 filter=  1.448ms semisort=  0.012ms
[pe-async] round=387 R=389 dirty=       12 runs=        3 filter=  1.436ms semisort=  0.011ms
[pe-async] round=388 R=390 dirty=        6 runs=        3 filter=  1.451ms semisort=  0.011ms
[pe-async] round=389 R=391 dirty=       30 runs=       15 filter=  1.397ms semisort=  0.015ms
[pe-async] round=390 R=392 dirty=       12 runs=        9 filter=  1.441ms semisort=  0.012ms
[pe-async] round=391 R=393 dirty=       12 runs=        3 filter=  1.440ms semisort=  0.012ms
[pe-async] round=392 R=394 dirty=        6 runs=        3 filter=  1.444ms semisort=  0.010ms
[pe-async] round=393 R=395 dirty=       30 runs=       15 filter=  1.417ms semisort=  0.063ms
[pe-async] round=394 R=396 dirty=       12 runs=        9 filter=  1.416ms semisort=  0.011ms
[pe-async] round=395 R=397 dirty=       12 runs=        3 filter=  1.422ms semisort=  0.011ms
[pe-async] round=396 R=398 dirty=        6 runs=        3 filter=  1.436ms semisort=  0.010ms
[pe-async] round=397 R=399 dirty=       30 runs=       15 filter=  1.428ms semisort=  0.014ms
[pe-async] round=398 R=400 dirty=       12 runs=        9 filter=  1.455ms semisort=  0.012ms
[pe-async] round=399 R=401 dirty=       12 runs=        3 filter=  1.438ms semisort=  0.011ms
[pe-async] round=400 R=402 dirty=        6 runs=        3 filter=  1.461ms semisort=  0.011ms
[pe-async] round=401 R=403 dirty=       30 runs=       15 filter=  1.457ms semisort=  0.014ms
[pe-async] round=402 R=404 dirty=       12 runs=        9 filter=  1.479ms semisort=  0.012ms
[pe-async] round=403 R=405 dirty=       12 runs=        3 filter=  1.437ms semisort=  0.012ms
[pe-async] round=404 R=406 dirty=        6 runs=        3 filter=  1.472ms semisort=  0.010ms
[pe-async] round=405 R=407 dirty=       30 runs=       15 filter=  1.449ms semisort=  0.015ms
[pe-async] round=406 R=408 dirty=       12 runs=        9 filter=  1.433ms semisort=  0.012ms
[pe-async] round=407 R=409 dirty=       12 runs=        3 filter=  1.424ms semisort=  0.011ms
[pe-async] round=408 R=410 dirty=        6 runs=        3 filter=  1.471ms semisort=  0.010ms
[pe-async] round=409 R=411 dirty=       30 runs=       15 filter=  1.405ms semisort=  0.014ms
[pe-async] round=410 R=412 dirty=       12 runs=        9 filter=  1.422ms semisort=  0.012ms
[pe-async] round=411 R=413 dirty=       12 runs=        3 filter=  1.431ms semisort=  0.011ms
[pe-async] round=412 R=414 dirty=        6 runs=        3 filter=  1.457ms semisort=  0.015ms
[pe-async] round=413 R=415 dirty=       30 runs=       15 filter=  1.480ms semisort=  0.014ms
[pe-async] round=414 R=416 dirty=       12 runs=        9 filter=  1.441ms semisort=  0.013ms
[pe-async] round=415 R=417 dirty=       12 runs=        3 filter=  1.402ms semisort=  0.019ms
[pe-async] round=416 R=418 dirty=        6 runs=        3 filter=  1.465ms semisort=  0.010ms
[pe-async] round=417 R=419 dirty=       30 runs=       15 filter=  1.432ms semisort=  0.014ms
[pe-async] round=418 R=420 dirty=       12 runs=        9 filter=  1.417ms semisort=  0.012ms
[pe-async] round=419 R=421 dirty=       12 runs=        3 filter=  1.434ms semisort=  0.010ms
[pe-async] round=420 R=422 dirty=        6 runs=        3 filter=  1.424ms semisort=  0.011ms
[pe-async] round=421 R=423 dirty=       30 runs=       15 filter=  1.454ms semisort=  0.015ms
[pe-async] round=422 R=424 dirty=       12 runs=        9 filter=  1.433ms semisort=  0.012ms
[pe-async] round=423 R=425 dirty=       12 runs=        3 filter=  1.443ms semisort=  0.011ms
[pe-async] round=424 R=426 dirty=        6 runs=        3 filter=  1.431ms semisort=  0.010ms
[pe-async] round=425 R=427 dirty=       30 runs=       15 filter=  1.422ms semisort=  0.021ms
[pe-async] round=426 R=428 dirty=       12 runs=        9 filter=  1.424ms semisort=  0.011ms
[pe-async] round=427 R=429 dirty=       12 runs=        3 filter=  1.423ms semisort=  0.031ms
[pe-async] round=428 R=430 dirty=        6 runs=        3 filter=  1.440ms semisort=  0.009ms
[pe-async] round=429 R=431 dirty=       31 runs=       21 filter=  1.433ms semisort=  0.022ms
[pe-async] round=430 R=432 dirty=        6 runs=        4 filter=  1.750ms semisort=  0.010ms
[pe-async] round=431 R=433 dirty=        0 filter=  1.406ms (clean break)
